3.9959,-2.2769,7.2760,0.0536,-0.0970,0.3012,-1.3503,-5.7628,6.2608,-0.0950,-0.2126,0.2655
3.9863,-2.2314,7.3071,0.0368,-0.1006,0.3007,-1.3503,-5.8131,6.2680,-0.0998,-0.2154,0.2590
4.0199,-2.2003,7.2784,0.0454,-0.1034,0.2967,-1.3767,-5.8155,6.2584,-0.0963,-0.2246,0.2611
3.9792,-2.2769,7.2927,0.0468,-0.1212,0.3003,-1.4629,-5.7988,6.3183,-0.0877,-0.2322,0.2641
4.1515,-2.1332,7.2472,0.0825,-0.1721,0.3019,-1.3838,-5.6240,6.5050,-0.0589,-0.2916,0.2799
4.2737,-1.8842,7.0342,0.0644,-0.1619,0.2944,-1.2522,-5.2936,6.5912,-0.0771,-0.2733,0.2689
4.6352,-1.8531,6.9671,0.0509,-0.1576,0.2661,-1.0343,-5.1260,6.8426,-0.0734,-0.2591,0.2402
4.8411,-1.8268,6.9935,-0.0008,-0.0877,0.1705,-0.9290,-5.0326,6.9121,-0.0955,-0.1262,0.1576
4.4341,-1.7573,7.2113,-0.0521,0.0637,0.0769,-1.3527,-5.2816,6.7253,-0.1096,0.0617,0.0612
4.0582,-1.8316,7.3382,-0.0730,-0.0296,0.0169,-1.5490,-5.4037,6.5673,-0.0085,-0.0465,0.0040
4.1659,-2.0183,7.0390,-0.0779,-0.0958,-0.0354,-1.3024,-5.4540,6.3351,0.0398,-0.0537,-0.0318
4.4293,-2.0925,7.0413,-0.0867,-0.0695,-0.0865,-1.1325,-5.3941,6.5457,0.0320,0.0140,-0.0839
4.5466,-2.0327,7.0844,-0.1171,-0.0005,-0.1455,-1.1181,-5.3870,6.6559,-0.0089,0.0847,-0.1175
4.4005,-2.1189,7.1826,-0.1458,0.0068,-0.2073,-1.1540,-5.4660,6.6080,-0.0143,0.1279,-0.1676
4.4125,-2.0279,7.0342,-0.1603,0.0392,-0.2344,-1.1803,-5.3678,6.6056,-0.0117,0.1619,-0.1962
4.3096,-2.0662,7.2592,-0.1745,0.0809,-0.2705,-1.1564,-5.4731,6.5864,-0.0067,0.2236,-0.2346
4.5394,-2.0327,7.2472,-0.2261,0.0645,-0.3068,-1.2474,-5.5450,6.6894,0.0039,0.2228,-0.2718
4.2545,-2.0375,7.1491,-0.1681,0.1083,-0.3292,-1.3192,-5.5737,6.3303,0.0350,0.2278,-0.2649
4.1444,-2.1691,7.2449,-0.2148,0.0726,-0.3214,-1.2354,-5.6000,6.3949,0.0280,0.2407,-0.2791
4.1228,-2.2266,7.2832,-0.1817,0.0745,-0.3203,-1.2713,-5.7197,6.2776,0.0426,0.2209,-0.2603
4.0055,-2.2003,7.2880,-0.1792,0.0500,-0.3070,-1.3982,-5.8059,6.3039,0.0470,0.2089,-0.2553
3.8618,-2.0925,7.2042,-0.1739,0.0322,-0.2855,-1.3958,-5.6982,6.1579,0.0542,0.1410,-0.2413
3.9863,-2.1213,7.1060,-0.1911,0.0211,-0.2655,-1.4174,-5.6886,6.2584,0.0412,0.1464,-0.2298
3.9409,-2.0877,7.2568,-0.1848,0.0452,-0.2413,-1.4748,-5.6168,6.1627,0.0047,0.1380,-0.2125
4.0055,-2.1907,7.1132,-0.2038,0.0906,-0.2264,-1.3264,-5.7054,6.2177,-0.0509,0.1829,-0.2078
3.8978,-2.1907,7.1970,-0.2110,0.1354,-0.2353,-1.4317,-5.7533,6.1818,-0.0755,0.2258,-0.2126
3.8834,-2.1763,7.3813,-0.2098,0.1168,-0.2454,-1.4269,-5.7916,6.2584,-0.0608,0.2044,-0.2308
4.0223,-2.1715,7.2161,-0.2145,0.0851,-0.2630,-1.3431,-5.6192,6.2177,-0.0392,0.1768,-0.2422
4.1563,-2.1572,7.1874,-0.2313,0.1081,-0.2769,-1.3384,-5.6288,6.3782,-0.0468,0.2276,-0.2689
4.1707,-2.1835,7.3119,-0.2369,0.0853,-0.3002,-1.3623,-5.6551,6.4045,-0.0313,0.1989,-0.2723
4.0630,-2.2314,7.2760,-0.2292,0.0778,-0.3218,-1.2641,-5.7676,6.4165,-0.0051,0.2260,-0.2831
3.9672,-2.2553,7.2113,-0.2044,0.0457,-0.3373,-1.3431,-5.7988,6.3039,0.0380,0.1940,-0.2799
3.9409,-2.2865,7.2113,-0.1907,0.0321,-0.3332,-1.3695,-5.7581,6.2082,0.0616,0.1952,-0.2739
4.0270,-2.3080,7.2472,-0.1744,0.0320,-0.3252,-1.4317,-5.7700,6.4117,0.0625,0.1815,-0.2670
3.9073,-2.1284,7.3047,-0.1804,0.0480,-0.3262,-1.4509,-5.7868,6.2393,0.0453,0.2016,-0.2669
3.9361,-2.1763,7.2856,-0.1867,0.0364,-0.3076,-1.5251,-5.7676,6.2010,0.0364,0.1624,-0.2557
3.9456,-2.1787,7.1946,-0.1693,0.0320,-0.2964,-1.5012,-5.6455,6.2465,0.0288,0.1668,-0.2361
4.0079,-2.0423,7.1467,-0.1821,0.0659,-0.2791,-1.4246,-5.6096,6.1794,-0.0175,0.1893,-0.2286
3.9433,-2.1644,7.2209,-0.2117,0.1074,-0.2771,-1.4509,-5.7581,6.2297,-0.0597,0.2134,-0.2320
3.8188,-2.2697,7.3382,-0.2168,0.1057,-0.2886,-1.5179,-5.8299,6.2441,-0.0509,0.2162,-0.2442
3.7541,-2.2697,7.4412,-0.2028,0.0691,-0.2731,-1.5203,-5.9185,6.1890,-0.0153,0.1796,-0.2511
3.9313,-2.2841,7.2496,-0.1985,0.0234,-0.2650,-1.4150,-5.8059,6.4141,0.0005,0.1343,-0.2469
4.0917,-2.2170,7.2329,-0.2092,0.0902,-0.2723,-1.3551,-5.7006,6.3638,-0.0364,0.2152,-0.2530
4.0797,-2.2386,7.3215,-0.2125,0.0846,-0.2775,-1.4078,-5.7844,6.2800,-0.0476,0.1899,-0.2471
3.8762,-2.3559,7.3023,-0.1984,0.1130,-0.2790,-1.3288,-5.9041,6.2968,-0.0561,0.2301,-0.2288
3.8499,-2.4373,7.3574,-0.1844,0.0838,-0.2643,-1.4724,-5.9927,6.3111,-0.0236,0.1998,-0.2188
3.7230,-2.3798,7.4364,-0.1543,0.0410,-0.2622,-1.6161,-6.0813,6.0262,0.0112,0.1668,-0.2158
3.3040,-2.2553,7.0366,-0.2022,0.1111,-0.2673,-1.6400,-6.0310,5.5617,-0.0807,0.1907,-0.2285
2.9999,-2.5402,7.9128,-0.2714,0.2907,-0.2154,-2.1237,-6.5769,5.6455,-0.1548,0.3698,-0.2537
3.5075,-2.6719,7.4531,-0.1423,-0.1247,-0.1792,-1.5730,-6.3446,6.2896,0.0532,-0.1767,-0.1142
4.4005,-2.3056,7.0509,0.0506,-0.1335,-0.1855,-1.1133,-5.5761,6.3351,0.1159,0.0430,-0.0893
4.1611,-2.0614,6.8857,-0.1444,0.1444,-0.1609,-1.2498,-5.6168,6.0765,-0.1673,0.1986,-0.0803
3.3184,-2.0877,7.5896,-0.0890,0.2482,-0.1665,-2.1117,-6.1124,6.1172,-0.1627,0.3341,-0.1021
3.3710,-2.1524,7.3502,-0.0706,-0.1268,-0.0666,-1.6041,-6.0382,5.8754,0.0464,-0.1592,-0.0101
4.1396,-2.4086,7.1251,-0.0594,-0.1531,-0.0009,-1.0702,-5.8897,6.1028,0.0322,-0.1035,-0.0221
3.4333,-2.2649,7.1970,-0.1676,0.2834,-0.0196,-1.6424,-6.0813,5.6982,-0.2129,0.2972,-0.0502
2.6121,-2.2769,7.5968,-0.1623,0.1697,0.0408,-2.2625,-6.4117,5.6886,-0.1605,0.1062,-0.0197
3.3327,-2.4732,7.7548,-0.0697,-0.2020,0.1002,-1.7262,-6.2058,5.9783,0.0340,-0.2903,0.0380
4.1037,-2.4684,7.1371,-0.0738,-0.0683,0.0797,-1.2115,-5.9233,6.0573,-0.0834,-0.1162,0.0476
3.8499,-2.3655,7.2640,-0.0910,0.1456,0.0626,-1.4054,-5.9185,6.1028,-0.2006,0.1330,0.0512
3.4596,-2.5067,7.4555,-0.1096,0.0649,0.0793,-1.6855,-6.1723,5.9161,-0.1733,-0.0254,0.0691
3.6966,-2.6360,7.2784,-0.0825,0.0141,0.0907,-1.4126,-6.2249,5.8658,-0.1407,-0.0129,0.0743
3.4860,-2.5402,7.4124,-0.0245,0.0282,0.0987,-1.5730,-6.2776,5.8562,-0.1124,0.0236,0.0975
3.4620,-2.3607,7.4627,-0.0161,-0.0127,0.1367,-1.7669,-6.2249,5.8897,-0.0986,-0.0577,0.1351
3.5027,-2.2482,7.5226,0.0289,-0.0846,0.1940,-1.7310,-6.1124,5.9400,-0.0638,-0.1657,0.1745
3.8954,-2.2841,7.1826,0.0663,-0.0923,0.2292,-1.4413,-5.8179,6.0669,-0.0833,-0.1917,0.2334
3.6943,-2.3511,7.2832,0.0224,0.0069,0.2144,-1.5036,-6.0262,6.0094,-0.1390,-0.0429,0.1904
3.6583,-2.5379,7.5058,0.0456,-0.0778,0.2184,-1.4605,-6.1938,6.1076,-0.0566,-0.2069,0.2153
3.5721,-2.3870,7.2425,0.0749,-0.1506,0.2177,-1.3838,-6.0071,5.9496,0.0084,-0.2062,0.2148
3.7781,-2.3008,7.2089,0.0306,-0.1184,0.1958,-1.5371,-5.9065,5.9927,-0.0289,-0.1865,0.2076
3.6488,-2.3487,7.5681,-0.0007,-0.0845,0.1929,-1.6544,-6.0980,6.0549,-0.0428,-0.1280,0.1731
3.1508,-2.1428,7.1419,0.0518,-0.0436,0.2120,-1.8100,-6.0094,5.6647,-0.0390,-0.1872,0.2138
3.4836,-2.2338,7.4603,0.0346,-0.1199,0.2002,-1.8316,-5.9400,5.9735,-0.0425,-0.1255,0.1873
3.8020,-2.2362,7.2089,0.0242,-0.1218,0.2722,-1.5850,-5.9400,6.0358,-0.0958,-0.2679,0.2733
3.5721,-2.2745,7.6279,0.1042,-0.0414,0.3022,-1.6352,-6.0214,6.1339,-0.1047,-0.1308,0.2386
3.6655,-2.3248,7.3454,0.0346,-0.1323,0.2866,-1.6281,-6.0430,6.0238,-0.1042,-0.2661,0.2442
3.5626,-2.3703,7.1108,0.0525,-0.0958,0.2872,-1.4772,-5.9735,5.9041,-0.0953,-0.1960,0.2599
3.8092,-2.5402,7.4172,0.0927,-0.1669,0.2894,-1.4605,-6.1339,6.2991,-0.0205,-0.2281,0.2445
3.9672,-2.2960,7.3765,0.1238,-0.2257,0.2883,-1.5131,-5.9328,6.3422,0.0099,-0.3078,0.2670
4.0342,-2.1237,7.1275,0.1103,-0.1136,0.2607,-1.5993,-5.8634,5.9831,-0.0749,-0.2054,0.2715
3.6919,-2.3176,7.5489,0.0769,-0.0823,0.3007,-1.4150,-5.9927,6.2560,-0.0783,-0.1823,0.2570
3.9409,-2.3320,7.1658,0.0470,-0.1484,0.3160,-1.2905,-5.8682,6.1028,-0.0646,-0.3076,0.2809
3.7996,-2.2889,7.3550,0.1067,-0.1154,0.3180,-1.6185,-5.9687,6.2632,-0.0641,-0.2034,0.2938
3.9624,-2.2218,7.3406,0.1115,-0.1900,0.3377,-1.4030,-5.7796,6.2776,-0.0288,-0.3196,0.3043
3.8858,-2.0734,7.0605,0.1042,-0.1569,0.3275,-1.3982,-5.6790,6.0190,-0.0621,-0.2613,0.3091
3.7589,-2.1644,7.3502,0.0564,-0.0741,0.3321,-1.5778,-5.8514,6.2848,-0.1127,-0.1721,0.2898
3.9265,-2.3080,7.5489,0.0901,-0.1823,0.3367,-1.7334,-6.1411,6.3590,-0.0357,-0.3112,0.3798
4.4173,-2.3894,7.6112,0.0258,-0.1973,0.2927,-1.4365,-5.6743,6.4308,-0.1178,-0.2854,0.3974
5.2481,-1.8459,7.7548,-0.5554,-0.0934,0.1306,-1.1540,-5.0757,6.4835,-0.6526,-0.2862,-0.0221
5.0733,-1.4748,8.8992,-0.6061,0.2623,-0.3030,-1.8292,-5.8921,9.2105,-0.9142,-0.0564,0.0341
3.1196,-0.8595,9.9407,-0.1206,0.9970,-0.4622,-5.3630,-7.3119,7.8338,-0.5005,1.2749,0.1214
2.9353,-0.7087,9.1099,0.6757,0.6218,-0.0975,-3.9145,-5.8179,8.0996,0.2537,0.3416,0.5552
2.9018,-0.5387,7.2688,0.5550,-0.0954,-0.0834,-2.9497,-4.7645,5.1020,0.2904,-0.1128,0.7132
2.3511,-0.5004,5.9951,0.2930,1.1494,-0.1152,-2.7581,-4.2808,4.2282,-0.3792,1.0255,0.4318
1.8603,-0.4669,5.2002,-0.0576,1.7948,-0.0690,-2.0494,-3.7302,3.5602,-0.8957,1.3611,0.2967
1.2282,-1.0606,5.7150,-0.3950,1.6310,-0.2054,-2.0710,-4.2713,3.5147,-0.9650,1.1611,-0.1587
1.2737,-1.1971,5.3486,-0.7739,1.5299,-0.5244,-1.7549,-3.9409,2.4157,-0.9301,1.2518,-0.6941
-0.7398,0.2801,5.4516,-1.3727,1.3359,-0.2794,-6.5984,-5.6527,0.2179,-1.5668,1.4481,-0.7933
-2.8467,0.5602,7.1084,-1.8185,1.4085,0.6448,-8.6957,-6.9815,-0.2993,-2.6265,0.5797,0.5969
-1.3336,-1.7166,9.1411,-1.7938,0.5525,1.7094,-5.2074,-7.7812,2.5881,-2.9143,-1.5324,1.1973
3.7996,-4.4556,7.5058,-1.6052,-1.0690,1.5503,-0.0694,-6.8833,7.0030,-1.8461,-2.7911,0.8459
3.6871,-4.7046,5.5138,-1.4216,-1.5639,0.5360,1.1684,-6.7660,4.7262,-0.7629,-2.1814,0.2034
4.3503,-5.6790,4.1731,-1.4178,-0.8497,0.5946,-0.8021,-7.0653,2.8012,-1.2776,-0.8623,0.4210
1.9321,-6.8522,2.5522,-1.9618,0.5574,0.0361,1.7885,-7.4101,0.4142,-1.7164,0.7125,-0.5837
5.8945,-11.4275,9.9240,-3.0361,-1.5599,0.4475,5.0230,-16.0507,0.8356,0.9774,-0.4630,1.7716
-1.1540,-9.4715,3.8092,1.8206,-1.6895,0.2096,0.3567,-10.5225,-0.7087,-0.1111,-3.6047,-1.1607
3.0646,-6.8738,3.6919,-0.1348,1.6896,-0.2069,3.1460,-7.8290,3.6631,-0.8132,-2.0430,-0.2938
1.6640,-8.7676,10.0628,-0.4806,0.0773,0.4330,-2.6001,-11.3318,2.3439,-0.0961,4.3656,-0.3656
0.2993,-6.2513,6.5027,1.0877,0.9749,-1.1623,-4.6017,-9.1171,0.8452,0.6143,-0.1912,-0.4074
1.2234,-5.3630,5.7054,-0.2785,-1.7308,-0.3006,-1.6975,-7.7093,0.6919,0.5705,-3.1249,0.3957
1.4916,-5.1811,5.8083,-0.0580,0.1672,-0.6907,-2.9736,-8.1044,1.0127,-0.4875,1.9025,0.5344
0.0814,-5.0518,6.7684,-0.3120,0.6139,-0.2206,-3.8403,-7.9559,1.7047,-1.0240,0.5337,0.7829
0.8859,-5.4061,6.8618,-0.5197,-0.4409,0.2160,-3.0718,-8.0924,1.6520,-0.6094,-1.1095,0.5040
0.2514,-5.9544,7.0749,-0.2912,-0.1828,0.3770,-3.4572,-8.8346,-0.0551,-0.6555,0.0715,0.2153
0.1628,-5.9328,7.8099,-0.1901,-0.1986,0.2557,-3.0670,-8.8992,0.0958,-0.7233,-0.3836,-0.1023
2.0638,-7.0198,4.9608,-0.1873,-1.1233,0.5890,-2.2577,-8.5090,1.2186,0.1783,-1.9506,0.0727
3.1101,-6.7301,4.7405,-0.1414,-0.7592,0.2787,-1.1588,-8.6622,2.1787,-0.0604,-0.9875,-0.0148
3.2513,-6.6798,4.2713,-0.2118,0.1018,0.2779,-1.4988,-9.1961,2.4086,-0.3451,0.4230,0.0183
2.0111,-6.1842,5.4755,-0.1604,0.3230,-0.1110,-4.7166,-8.9519,0.2346,-0.3605,0.1768,0.5411
1.3623,-5.8682,6.3279,-0.3433,0.1839,-0.0981,-2.8299,-8.2672,1.6927,-0.5746,-0.4269,0.5344
1.2641,-6.0645,6.1196,-0.3766,0.1869,-0.1095,-4.1492,-9.1028,0.2945,-0.7923,0.6217,0.6959
1.4222,-6.2249,5.8466,-0.3022,0.1186,0.1100,-2.7533,-8.7101,1.2641,-0.7206,-0.1315,0.1215
1.4413,-6.4500,5.9352,-0.2206,-0.0570,0.2755,-2.9209,-8.6359,0.5531,-0.6864,0.1085,0.0810
1.1588,-6.6248,5.9280,-0.1619,0.0317,0.2473,-3.0909,-8.7293,0.0120,-0.3022,0.3551,-0.1721
2.0542,-6.7086,5.1547,-0.2260,-0.0847,0.2577,-3.0478,-8.6646,0.9505,-0.2940,-0.0678,0.0136
-0.0335,-6.6128,7.3454,-0.0489,0.9486,-0.2986,-4.5729,-8.9423,-0.7661,-0.2900,1.2926,-0.0929
1.0199,-6.4883,5.4612,-0.4066,-0.8478,-0.0426,-4.5586,-9.3015,-0.3831,0.0474,-0.9013,0.0809
1.7406,-6.6439,5.3463,-0.0456,-0.1116,-0.3700,-4.5705,-9.3565,-1.5897,-0.2878,-0.7298,0.5658
1.1492,-6.9671,5.9592,-0.2759,0.3431,-0.5758,-1.9225,-8.9064,3.6009,-1.3027,0.3764,0.9482
1.2761,-6.6894,5.9592,-0.0703,-0.0256,-0.4061,-3.0287,-8.4276,0.1437,-0.1403,-0.3339,0.0095
1.5634,-6.5960,5.6096,-0.1780,0.0133,-0.2073,-3.1101,-8.4851,-0.4525,-0.2149,-0.1613,-0.4061
1.3910,-6.3925,5.7054,-0.1819,0.0171,-0.0342,-3.7852,-8.7556,-0.8380,0.0203,0.1951,-0.1316
1.5275,-6.5769,5.9089,-0.2797,0.0472,0.0021,-4.0965,-8.5928,-0.8260,-0.1628,-0.1472,-0.0586
1.4126,-6.5912,5.6958,-0.3039,-0.2443,0.0389,-4.5729,-9.2392,-1.0008,-0.1768,-0.0280,-0.0470
1.6783,-6.8857,5.4995,-0.1966,-0.3952,-0.0123,-3.9624,-9.1099,-0.6584,-0.0675,-0.6578,0.0620
1.8962,-6.9815,5.1164,-0.1643,-0.2835,-0.3571,-4.4963,-9.4691,-0.9577,-0.1454,-0.3541,0.1266
2.2170,-6.6966,5.7221,-0.2025,-0.1396,-0.9018,-4.5107,-8.8873,-1.4916,-0.3465,-0.4940,0.3833
1.5802,-6.6272,5.7557,0.1130,0.2305,-0.7256,-3.1292,-8.1882,0.2203,-0.3623,-0.3966,0.2968
1.4940,-6.3470,5.6982,-0.0586,-0.3688,-0.1112,-3.5147,-8.6766,0.4046,-0.1819,-0.4610,-0.1725
2.3798,-6.2584,5.1499,-0.1871,-0.3361,0.3901,-3.6727,-8.6311,0.1460,-0.2133,-0.4663,-0.1382
2.2745,-6.4141,5.5258,-0.2886,0.0124,0.3921,-4.2473,-8.8897,-0.1508,-0.3507,0.3531,-0.0855
2.6312,-6.5721,5.7820,-0.3579,-0.4766,0.4054,-4.2784,-8.9447,-0.3065,-0.1982,-0.3279,0.0185
2.4110,-6.8402,5.7437,-0.2166,-0.1246,0.2878,-4.0582,-9.0908,-0.2370,-0.2557,-0.4170,0.0734
2.6624,-6.9312,5.6000,-0.0388,-0.3179,0.2369,-3.9552,-9.1506,-0.1317,-0.0669,-0.0910,0.0754
2.8898,-6.9049,5.2289,0.0003,-0.2044,0.1131,-3.4644,-9.0166,0.3424,-0.0825,-0.6174,0.1111
2.6049,-7.1347,5.8131,0.0568,0.0945,-0.0306,-3.6248,-9.0621,0.0263,0.0195,0.2208,0.0598
2.4708,-6.8977,5.5737,0.0871,-0.0389,-0.1553,-3.7948,-8.8753,0.0646,0.1085,0.1705,-0.0059
2.9161,-6.8761,5.4396,-0.2368,-0.0388,-0.2882,-3.5314,-8.8633,0.1604,-0.0508,-0.2932,0.0007
3.2082,-6.9384,4.8530,-0.1176,0.2867,-0.6335,-3.3064,-8.6479,0.4166,0.0317,1.1485,-0.1396
2.3224,-6.9935,5.7509,-0.8549,-0.1688,-0.8410,-4.3072,-9.1195,-0.7781,-0.1364,0.7450,-0.2887
1.9800,-6.9528,5.7557,-0.7123,-0.8091,-0.8659,-4.1827,-9.0453,-0.6656,0.1572,-0.1990,-0.3822
3.5602,-6.8570,4.5107,-0.3516,-0.3508,-0.8911,-3.5051,-8.9974,-0.2107,0.3067,-0.1479,-0.4171
3.0574,-6.4284,4.8794,-0.1781,-0.2419,-0.7957,-3.8690,-8.9328,-0.1077,0.2394,0.6883,-0.3163
3.7852,-6.3183,5.2218,-0.1727,-0.3529,-0.5765,-4.3383,-9.2296,-1.3599,0.3223,-0.3837,-0.1334
3.3232,-6.2920,4.8602,0.1591,-0.0153,-0.3808,-3.4884,-8.8083,0.0838,0.2141,-0.5139,0.0753
3.2058,-6.6391,4.5226,-0.1017,0.2702,-0.6219,-3.6296,-8.9280,-0.7853,0.1407,0.3175,0.1138
3.7326,-6.6224,4.5921,-0.2659,-0.0524,-0.4565,-3.8092,-9.0429,-0.0311,-0.0915,-0.0442,0.0907
4.2138,-6.9791,4.7214,-0.1868,-0.2033,-0.4124,-3.5314,-8.7556,-0.0455,0.0753,-0.0825,-0.0516
4.1396,-6.4715,4.5274,-0.1819,-0.0785,-0.5882,-3.1627,-9.0597,0.7230,0.0413,0.1050,0.0097
4.3862,-6.6152,5.0206,-0.0807,-0.1487,-0.5640,-3.5219,-9.0142,0.3136,0.1014,-0.0084,-0.0393
4.3024,-6.4189,5.2744,0.1585,0.0926,-0.5140,-3.4836,-8.8681,0.0072,0.1736,0.2040,-0.1415
5.0278,-5.8347,4.6855,0.1019,-0.2952,-0.5404,-2.7054,-8.4874,0.4357,0.5848,-0.3111,-0.2126
4.3622,-5.8802,4.7764,0.0484,0.1736,-0.6853,-4.2808,-9.7468,-0.5602,0.3080,0.2312,-0.1608
4.8722,-5.7365,5.1404,0.1472,-0.1074,-0.7661,-3.7206,-9.0285,1.1660,0.4341,0.0530,0.0745
5.3343,-5.6647,4.8291,0.1756,-0.1206,-0.7933,-4.7046,-9.6486,0.8978,0.1391,-0.5383,1.0096
4.0965,-5.2409,4.0031,0.2288,0.2061,-0.0409,-2.6552,-7.9296,-1.1660,0.0537,-0.5068,0.3798
4.7597,-5.5857,5.2265,-0.2793,-0.0807,0.6166,-3.0335,-8.2097,0.5555,-0.2053,0.4286,-0.0789
4.7094,-5.9783,4.3958,-0.3613,-0.1355,0.7831,-2.9712,-8.3390,0.5435,-0.2202,0.0065,-0.4842
4.4077,-6.1531,4.7022,-0.5925,-0.2098,0.7909,-2.8299,-8.4611,0.5195,-0.0488,0.0472,-1.0391
4.9392,-6.4404,5.6814,-0.8287,0.0116,0.5387,-3.5434,-8.8681,0.0982,-0.0473,0.6618,-0.4029
4.4772,-6.2680,5.0230,-0.5848,0.1584,0.5420,-3.4740,-9.2249,0.5028,-0.1740,-0.0129,-0.1675
4.2737,-6.2800,5.0206,-0.3353,-0.0847,0.6119,-3.1220,-9.0429,0.4693,-0.0501,0.0298,-0.1408
4.7980,-6.7373,4.3167,-0.1931,0.1248,0.5662,-3.0622,-8.9567,0.3304,-0.1175,0.1617,-0.0401
3.8020,-6.7995,4.7501,-0.1613,0.4310,0.4163,-3.4381,-9.0621,0.1437,-0.2738,0.4391,-0.0208
3.9002,-6.9599,4.9368,-0.2241,0.0825,0.3830,-3.4836,-9.0285,0.1772,-0.2146,0.2714,-0.0392
4.1683,-7.0198,4.6160,-0.2158,-0.1543,0.3283,-3.0382,-9.0932,0.4286,-0.1439,-0.3094,-0.1419
4.2904,-6.9887,4.4652,-0.1175,0.1010,0.0159,-2.8898,-9.4020,0.1484,-0.0597,0.0741,-0.0584
3.7062,-6.7109,4.8698,0.1216,0.2360,0.0516,-3.2537,-9.1770,0.2155,0.0862,0.3993,0.0089
3.6607,-6.4835,4.5346,0.1731,-0.1753,0.3910,-2.8611,-8.7293,0.7973,0.1644,-0.4902,-0.0211
4.2282,-6.4835,4.2760,-0.0612,-0.1003,0.4053,-2.6647,-8.8897,1.0582,0.0280,-0.0665,-0.1124
4.1731,-6.7253,4.9512,-0.2354,0.2831,0.0374,-3.0622,-9.0980,0.9792,-0.0294,0.6351,-0.1304
3.8762,-6.8738,4.8914,-0.3400,0.2599,-0.1077,-3.2872,-9.1889,0.6943,-0.0093,0.2172,-0.1098
3.9911,-6.9552,4.9416,-0.4138,0.2160,-0.1216,-3.0311,-9.3733,0.7542,-0.0478,0.3258,-0.1030
3.8882,-7.1036,4.3742,-0.2783,0.4453,-0.1009,-2.8539,-9.3206,0.4429,-0.0863,0.4962,-0.0513
3.3232,-7.5058,4.5418,-0.3824,0.6630,-0.1564,-3.1580,-9.3733,-0.2753,-0.2102,0.7254,-0.0854
3.1436,-7.4196,4.7525,-0.2900,0.3809,-0.1069,-3.1532,-9.2392,-0.4717,-0.0296,0.6831,-0.1315
3.1196,-7.4029,4.4173,-0.1792,0.0147,-0.0663,-3.0742,-9.2320,-0.5674,0.1466,-0.1154,-0.1167
3.1268,-7.2927,4.2473,-0.0761,0.1049,-0.0674,-2.8276,-9.1051,-0.2729,0.1911,0.2122,-0.1135
3.1915,-7.0964,4.3335,-0.0665,0.1183,-0.0693,-2.9712,-9.0980,-0.2035,0.1635,0.1974,-0.0600
3.0909,-7.3071,4.2473,-0.1128,0.1716,0.0309,-2.9712,-9.1004,-0.1437,0.0699,0.2517,-0.0498
2.8635,-7.3239,4.5322,-0.1661,0.2013,0.0605,-3.2585,-9.1267,-0.3184,-0.0056,0.3639,-0.0460
2.7725,-7.7524,4.4388,-0.1753,0.2483,0.0765,-3.1819,-9.3182,-0.4741,-0.0562,0.2725,-0.0305
2.7509,-7.5968,4.5083,-0.2356,0.2398,0.0336,-3.2489,-9.2823,-0.4142,-0.0909,0.3900,-0.0196
2.9090,-7.6734,4.5633,-0.1825,0.2589,-0.0917,-3.2106,-9.2153,-0.3496,-0.0441,0.2555,0.0059
2.7605,-7.5346,4.4628,-0.0699,0.2693,-0.3119,-3.0598,-9.2584,-0.2514,0.0929,0.2329,0.0159
3.0167,-7.3334,4.6232,-0.0036,0.1525,-0.1031,-3.1915,-9.2416,-0.1030,0.1496,0.2168,0.0329
3.0119,-7.2377,4.5681,-0.0516,0.0817,-0.0610,-3.2226,-9.1626,0.1508,0.1167,0.1416,0.0149
3.3974,-7.2425,4.3455,-0.0426,0.1167,-0.0449,-2.9928,-9.2536,0.2227,0.1088,0.0949,0.0328
3.0837,-7.1994,4.5226,-0.1254,0.3708,-0.1110,-3.0119,-9.1626,0.2346,-0.0218,0.4275,0.0430
2.9640,-7.2568,4.7357,-0.1597,0.2713,-0.1407,-3.2106,-9.1004,0.2298,0.0258,0.3616,0.0109
2.9712,-7.3095,4.5490,-0.2158,0.3323,-0.3087,-3.1484,-9.0525,-0.0096,0.0012,0.1629,-0.0083
2.9185,-7.2305,4.7190,-0.2477,0.3452,-0.3211,-3.1460,-9.1554,0.0479,0.0099,0.3321,-0.0316
2.8395,-7.3741,4.5921,-0.2192,0.2754,-0.2013,-3.2370,-9.1650,-0.1700,0.0211,0.2419,-0.0053
2.7126,-7.2903,4.5298,-0.1825,0.3000,-0.1781,-3.2681,-9.1243,-0.2203,0.0195,0.3199,0.0104
2.6576,-7.3885,4.6184,-0.1715,0.2848,-0.1362,-3.3543,-9.0525,-0.2251,-0.0044,0.3561,0.0075
2.5977,-7.4939,4.6352,-0.1783,0.2336,-0.1198,-3.3950,-9.1842,-0.2921,-0.0013,0.3441,-0.0141
2.4493,-7.5298,4.5945,-0.2165,0.2737,-0.1295,-3.4860,-9.1746,-0.5842,-0.0492,0.3487,0.0043
2.5307,-7.5920,4.4843,-0.1835,0.3066,-0.1857,-3.3208,-9.1650,-0.5171,-0.0485,0.3568,-0.0060
2.4565,-7.6112,4.4317,-0.1657,0.2835,-0.0959,-3.3974,-9.2727,-0.5076,-0.0560,0.3323,0.0117
2.4253,-7.6543,4.6663,-0.1191,0.2621,-0.0701,-3.4955,-9.1578,-0.6967,-0.0241,0.3359,0.0220
2.2577,-7.6279,4.4628,-0.1283,0.2286,-0.0644,-3.5291,-9.1913,-0.6895,-0.0342,0.2521,0.0297
2.2889,-7.5776,4.5681,-0.1203,0.2621,-0.0862,-3.6488,-9.1195,-0.7278,-0.0397,0.3449,0.0151
2.1644,-7.5729,4.4867,-0.1494,0.1607,-0.0821,-3.6344,-9.0381,-0.8116,-0.0364,0.1891,0.0083
2.1428,-7.6351,4.5538,-0.1430,0.1524,-0.0393,-3.5554,-9.0716,-0.8212,-0.0370,0.2350,0.0027
1.9728,-7.5657,4.3383,-0.1330,0.1767,-0.0147,-3.6488,-9.0142,-1.0151,-0.0636,0.2164,0.0049
1.8340,-7.6614,4.4532,-0.1665,0.1176,0.0408,-3.7852,-9.0597,-1.2210,-0.1187,0.1956,0.0189
1.7310,-7.8075,4.3383,-0.1841,0.0642,0.0838,-3.6990,-9.0501,-1.3168,-0.1912,0.0839,0.0023
1.8723,-7.8937,4.5825,-0.1495,-0.0120,0.0879,-3.7086,-9.1674,-1.2498,-0.1548,0.0959,-0.0131
1.8794,-7.7548,4.2473,-0.0590,-0.0268,0.0934,-3.6607,-9.1913,-1.1756,-0.1248,-0.0129,-0.0092
1.8531,-7.8506,4.2904,-0.0652,0.0304,0.0621,-3.5602,-9.1961,-1.2378,-0.1054,0.0260,0.0119
1.8866,-7.8626,4.3096,-0.0855,0.0253,0.0528,-3.6296,-9.2608,-1.2354,-0.1168,0.0593,0.0092
1.8172,-7.8195,4.5801,-0.1143,-0.0012,0.0119,-3.6559,-9.1698,-1.3001,-0.1051,-0.0622,-0.0027
1.6807,-7.8410,4.4700,-0.0404,-0.0741,0.0108,-3.8451,-9.0956,-1.3934,-0.0466,-0.0509,-0.0149
1.7597,-7.8554,4.5250,-0.0584,-0.1603,0.0565,-3.7589,-9.0812,-1.4461,-0.0753,-0.1621,-0.0001
1.7741,-7.8195,4.3694,-0.0370,-0.1451,0.0641,-3.7804,-9.1554,-1.3240,-0.0987,-0.1539,-0.0077
1.8052,-7.8219,4.3551,-0.0449,-0.2415,0.1013,-3.6224,-9.0668,-1.3599,-0.0989,-0.2495,-0.0144
1.8603,-7.8362,4.4101,-0.0226,-0.2665,0.0930,-3.6368,-9.1578,-1.1923,-0.0866,-0.2216,-0.0286
2.0710,-7.8243,4.3503,-0.0031,-0.3083,0.0814,-3.5721,-9.2656,-1.1085,-0.0662,-0.2991,-0.0242
2.0231,-7.7620,4.4125,-0.0084,-0.2617,0.0822,-3.5171,-9.2584,-0.9433,-0.0869,-0.2603,-0.0173
2.1763,-7.6950,4.5011,0.0289,-0.2919,0.1286,-3.5027,-9.2153,-0.8691,-0.0529,-0.2928,-0.0113
2.2003,-7.6782,4.3215,0.0276,-0.3018,0.1651,-3.4405,-9.1722,-0.9313,-0.0602,-0.3321,0.0103
2.2098,-7.6638,4.3934,0.0217,-0.2081,0.1504,-3.4165,-9.1243,-0.8428,-0.1023,-0.2346,0.0187
2.1404,-7.6327,4.4556,0.0258,-0.2435,0.1359,-3.5267,-9.1339,-0.8404,-0.0927,-0.3110,0.0165
2.1189,-7.6638,4.5729,0.0226,-0.2450,0.1412,-3.4931,-9.1794,-0.8164,-0.1059,-0.2874,0.0069
2.0518,-7.6854,4.4245,0.0342,-0.2715,0.1432,-3.5602,-9.1219,-0.8882,-0.1051,-0.3031,-0.0017
2.0806,-7.6686,4.6376,0.0374,-0.3448,0.2054,-3.5051,-9.1889,-0.7494,-0.0741,-0.3789,0.0023
2.0686,-7.7069,4.5897,0.0505,-0.3505,0.2631,-3.3806,-9.1387,-0.8236,-0.0877,-0.3722,0.0087
2.2505,-7.6758,4.4891,0.0959,-0.3388,0.2304,-3.5147,-9.1746,-0.8140,-0.0544,-0.3158,0.0067
2.3224,-7.6231,4.3670,0.0973,-0.4169,0.1813,-3.3974,-9.0980,-0.7566,-0.0234,-0.4772,0.0021
2.4157,-7.5393,4.5322,0.0703,-0.3714,0.1400,-3.4022,-9.1722,-0.5650,-0.0585,-0.3822,0.0012
2.4708,-7.5226,4.4317,0.0486,-0.3556,0.1144,-3.3447,-9.1937,-0.6009,-0.0817,-0.3958,-0.0233
2.4445,-7.5753,4.5250,0.0446,-0.3691,0.1198,-3.3639,-9.2847,-0.5171,-0.0745,-0.4010,-0.0181
2.5474,-7.5729,4.4724,0.0600,-0.4129,0.1276,-3.3399,-9.2847,-0.5148,-0.0574,-0.4751,-0.0124
2.6743,-7.3287,4.6136,0.1103,-0.3896,0.1366,-3.1795,-9.0597,-0.2442,-0.0047,-0.4489,-0.0120
2.5762,-7.3167,4.5849,0.1154,-0.3884,0.1191,-3.2226,-9.0644,-0.2945,-0.0055,-0.4570,-0.0124
2.6193,-7.2377,4.5873,0.0805,-0.4445,0.1701,-3.1987,-9.1459,-0.1580,-0.0401,-0.4768,-0.0201
2.6528,-7.3933,4.6591,0.0529,-0.4174,0.2053,-3.1149,-9.1913,0.0407,-0.0569,-0.5089,-0.0044
2.7725,-7.3478,4.7118,0.0464,-0.3894,0.1873,-3.1053,-9.1004,0.0599,-0.0702,-0.4193,-0.0120
2.8826,-7.2616,4.4867,0.0493,-0.4080,0.2002,-3.1340,-9.1530,0.0263,-0.0799,-0.4431,-0.0068
2.7509,-7.2496,4.5610,0.0409,-0.3681,0.2024,-3.0909,-9.1937,-0.0694,-0.1108,-0.4551,-0.0055
2.8228,-7.3622,4.6711,0.0354,-0.4074,0.2594,-3.1771,-9.1746,0.0096,-0.1142,-0.4016,0.0039
2.9712,-7.3550,4.5562,0.0185,-0.4566,0.2978,-3.0095,-9.2225,0.2610,-0.1187,-0.4838,0.0183
3.1915,-7.3167,4.6376,0.0374,-0.4377,0.2430,-2.9449,-9.2177,0.4836,-0.0907,-0.4457,0.0242
3.5985,-7.1563,4.6855,0.0273,-0.4655,0.1887,-2.8108,-9.2320,1.0008,-0.0654,-0.4668,0.0208
3.9959,-7.0437,4.8267,0.0549,-0.4461,0.1252,-2.5881,-9.1770,1.5060,-0.0161,-0.4711,0.0063
4.2114,-6.7900,4.6663,0.0526,-0.3102,0.0612,-2.5139,-9.1506,1.8962,0.0044,-0.2987,-0.0128
4.1803,-6.7014,4.7022,0.0258,-0.1705,0.0440,-2.6121,-9.0812,1.7549,-0.0013,-0.1476,-0.0180
3.9600,-6.6870,4.8076,-0.0156,-0.0686,0.1014,-2.6911,-9.0285,1.5060,-0.0232,-0.0516,0.0047
3.6081,-6.7325,4.6950,-0.0368,0.0041,0.0998,-2.9664,-9.0573,1.2905,-0.0390,0.0373,0.0281
3.5147,-6.9073,4.7908,-0.0971,0.0052,0.1561,-2.7773,-9.0692,1.0798,-0.0497,0.0613,0.0207
3.0502,-6.9863,4.8914,-0.0953,-0.0107,0.2216,-2.7557,-8.9759,1.0870,-0.0141,0.0220,0.0029
3.3878,-6.9767,4.7238,-0.2257,-0.0957,0.2950,-2.8922,-8.9663,1.0127,-0.0378,0.0781,-0.0476
3.4524,-7.1563,4.5993,-0.2058,0.0007,0.0709,-2.9066,-9.0214,0.8835,0.0127,0.1475,-0.0774
3.3974,-7.2257,4.6376,-0.1998,0.0111,-0.0317,-2.8012,-9.0908,0.8475,0.0408,0.0855,-0.0883
3.3806,-7.1491,4.5586,-0.1764,0.1041,-0.0521,-2.7126,-9.0597,1.0654,0.0522,0.1864,-0.0819
3.1915,-7.1587,4.3981,-0.1070,0.1973,-0.1063,-2.8084,-9.0836,0.7542,0.0735,0.2731,-0.0691
3.0382,-7.1946,4.4412,-0.1525,0.2220,-0.1019,-2.8539,-9.0214,0.7829,0.0225,0.2795,-0.0637
3.0071,-7.4053,4.5945,-0.1502,0.2389,-0.1585,-2.9042,-9.1961,0.6105,0.0410,0.3063,-0.0845
2.9664,-7.3670,4.6950,-0.1608,0.2534,-0.1847,-2.9544,-9.2536,0.5148,0.0222,0.2763,-0.0699
2.9473,-7.4364,4.5490,-0.1368,0.2557,-0.1835,-2.8515,-9.2632,0.4501,0.0232,0.3112,-0.0490
2.9066,-7.2832,4.5825,-0.0801,0.3248,-0.2148,-2.7940,-9.1746,0.3567,0.0469,0.3178,-0.0211
2.4493,-7.3981,4.3694,-0.0199,0.3920,-0.1691,-2.8347,-9.1530,0.2873,0.0474,0.2859,0.0076
2.6001,-7.5130,4.2904,-0.1559,0.3178,-0.0081,-3.0023,-8.9615,0.2514,-0.0781,0.3303,0.0338
2.3894,-7.5944,4.7357,-0.1709,0.4872,-0.0790,-3.2298,-9.0932,-0.0670,-0.1119,0.5985,-0.0015
2.3774,-7.5369,4.6256,-0.2441,0.1836,-0.0554,-3.1484,-9.1866,0.0311,-0.0842,0.2153,-0.0120
2.6121,-7.5992,4.5226,-0.2064,0.3056,-0.1280,-2.9592,-9.2751,0.2993,-0.0687,0.3513,-0.0196
2.5929,-7.5250,4.6136,-0.1431,0.2706,-0.1511,-3.1196,-9.2967,0.2227,0.0001,0.4346,-0.0045
2.7605,-7.4939,4.5681,-0.0517,0.2762,-0.1837,-3.1412,-9.2464,0.2610,0.0666,0.2658,0.0181
2.5690,-7.4723,4.6400,-0.0137,0.3106,-0.2834,-3.0718,-9.1267,0.2346,0.1163,0.4145,0.0248
2.7126,-7.3646,4.7046,-0.0183,0.2840,-0.3447,-3.1005,-9.1099,0.2777,0.1050,0.2344,0.0280
2.6480,-7.4771,4.7094,0.0224,0.3187,-0.2166,-3.0335,-9.2153,0.5842,0.0955,0.3844,0.0325
2.5953,-7.2137,4.7621,0.0276,0.3493,-0.1276,-3.0239,-9.2488,0.4908,0.0629,0.3820,0.0466
2.6408,-7.2640,4.6783,-0.0246,0.4167,-0.2158,-3.0191,-9.0549,0.3926,0.0646,0.4473,0.0312
2.3990,-7.2401,4.6160,-0.0286,0.3641,-0.2286,-3.1795,-9.0142,0.1939,0.1122,0.4883,0.0140
2.3870,-7.1611,4.7214,-0.0902,0.3423,-0.1845,-3.2729,-8.9040,0.1341,0.0542,0.3687,0.0205
2.3152,-7.2640,4.6088,-0.0589,0.4161,-0.1701,-3.3040,-9.0453,0.1006,0.0298,0.5283,0.0270
2.2098,-7.3957,5.1140,-0.0801,0.4558,-0.1982,-3.3710,-9.0285,0.0120,0.0377,0.5626,0.0111
1.9321,-7.3526,4.5753,-0.0562,0.3717,-0.1478,-3.4141,-9.0740,-0.0790,0.0775,0.4215,-0.0035
1.9680,-7.4005,5.2864,-0.1294,0.3296,-0.0786,-3.5075,-9.0644,-0.1844,0.0218,0.4329,-0.0169
1.8986,-7.3143,4.7094,-0.1443,0.3393,-0.1446,-3.5530,-9.0573,-0.1796,0.0047,0.4453,-0.0107
1.9728,-7.4316,5.0661,-0.1510,0.3540,-0.0894,-3.5745,-9.1506,-0.2849,-0.0253,0.4174,-0.0043
1.9082,-7.4412,4.8028,-0.1150,0.3612,-0.0396,-3.4644,-9.0549,-0.2011,-0.0160,0.3984,0.0067
1.8148,-7.3526,5.0613,-0.1163,0.3473,-0.0518,-3.5291,-9.1051,-0.2825,0.0053,0.4495,-0.0089
1.6209,-7.3334,4.8602,-0.1400,0.3098,-0.0621,-3.5578,-9.0812,-0.3328,-0.0040,0.3848,-0.0120
1.7861,-7.4101,4.7908,-0.1625,0.2916,-0.0649,-3.4812,-9.0261,-0.2394,-0.0196,0.3544,-0.0108
1.5682,-7.3885,4.9344,-0.1571,0.3821,-0.0774,-3.5626,-9.0597,-0.4956,-0.0449,0.4595,-0.0185
1.3024,-7.3694,4.9560,-0.1451,0.3412,-0.0885,-3.7038,-9.0214,-0.7781,-0.0365,0.4391,-0.0079
1.1349,-7.4172,4.7405,-0.1336,0.3288,-0.0853,-3.7206,-9.0597,-0.8116,-0.0381,0.3247,-0.0036
1.2210,-7.5657,4.7980,-0.1576,0.2818,-0.0793,-3.5386,-9.0884,-0.9050,-0.0662,0.3194,-0.0385
1.0534,-7.5633,4.9464,-0.1512,0.2888,-0.0450,-3.8259,-9.1075,-0.9912,-0.0897,0.3480,-0.0149
0.5866,-7.6543,4.7070,-0.0962,0.3327,0.0011,-4.0294,-8.9974,-1.4844,-0.0974,0.3206,0.0225
0.0718,-7.6375,4.9177,-0.1146,0.2858,0.1019,-4.2593,-8.8969,-2.0327,-0.1511,0.3002,0.0368
0.0838,-7.7692,4.6807,-0.1512,0.0143,0.1364,-4.0725,-8.9830,-2.1500,-0.1612,-0.0112,0.0304
0.1532,-7.8530,4.9895,-0.1136,-0.0321,0.1653,-4.1252,-9.1339,-2.0446,-0.1767,0.0172,0.0049
0.1939,-7.9104,4.7788,-0.1015,-0.0709,0.1703,-4.0558,-9.1961,-1.8842,-0.1765,-0.1118,-0.0310
0.6177,-7.7835,4.7669,0.0079,-0.2677,0.1092,-3.7757,-9.1554,-1.3934,-0.0822,-0.3910,-0.0429
0.8691,-7.6830,4.7884,-0.0101,-0.2332,0.0501,-3.6416,-9.1842,-1.2977,-0.0958,-0.2301,-0.0305
0.9337,-7.6136,4.9249,0.0429,-0.3484,0.0480,-3.6631,-9.2488,-1.1037,-0.0292,-0.3957,-0.0119
1.2498,-7.3239,4.9321,0.0542,-0.3360,0.1712,-3.5913,-9.0692,-0.6919,-0.0726,-0.3453,0.0470
1.4461,-7.3741,4.9249,0.0606,-0.4110,0.1632,-3.5698,-9.0573,-0.4166,-0.0438,-0.5002,0.0417
1.6999,-7.2401,4.9608,0.0556,-0.4254,0.1639,-3.4357,-9.0453,-0.1987,-0.0465,-0.4366,0.0365
1.7454,-7.2640,4.9991,0.0314,-0.3327,0.1504,-3.4309,-9.0884,-0.0599,-0.0751,-0.3615,0.0257
1.8723,-7.1491,5.0518,0.0217,-0.2947,0.1266,-3.4500,-9.0644,-0.0455,-0.0717,-0.3401,0.0234
1.7885,-7.1323,4.9919,0.0254,-0.2353,0.1168,-3.5602,-8.9376,-0.0599,-0.0825,-0.2799,0.0232
1.5850,-7.0485,5.0302,-0.0112,-0.1972,0.1422,-3.5721,-8.9136,-0.1149,-0.1184,-0.2677,0.0325
1.6328,-7.1587,5.0230,-0.0148,-0.1958,0.1408,-3.5817,-9.0094,-0.2777,-0.1304,-0.2627,0.0384
1.5658,-7.2042,5.1834,-0.0092,-0.1951,0.1367,-3.6081,-9.0644,-0.3089,-0.1207,-0.2663,0.0382
1.4653,-7.2089,5.0637,-0.0131,-0.1668,0.1228,-3.6009,-9.0285,-0.3615,-0.1424,-0.2523,0.0285
1.4844,-7.2281,5.1834,-0.0177,-0.1756,0.0986,-3.5961,-8.9830,-0.4238,-0.1279,-0.2222,0.0145
1.5275,-7.1994,5.0326,-0.0189,-0.2667,0.0883,-3.5626,-9.0333,-0.2873,-0.1005,-0.3591,0.0105
1.6927,-7.2329,5.0925,-0.0041,-0.2765,0.1069,-3.4979,-9.0597,-0.3376,-0.0926,-0.3328,0.0060
1.5371,-7.1778,5.1020,0.0128,-0.2651,0.1263,-3.5338,-9.0166,-0.3136,-0.1011,-0.3048,0.0075
1.6113,-7.2089,5.0494,-0.0169,-0.3032,0.1500,-3.5003,-9.0597,-0.2897,-0.1087,-0.3551,0.0072
1.7214,-7.2185,5.1212,-0.0164,-0.3094,0.1531,-3.4884,-9.0597,-0.1269,-0.1122,-0.3293,0.0085
1.8220,-7.1994,5.0589,0.0025,-0.3399,0.1533,-3.4692,-9.1985,-0.0335,-0.0886,-0.3794,0.0039
1.9632,-7.2927,5.0925,0.0161,-0.2891,0.1430,-3.3734,-9.1267,0.0551,-0.0794,-0.3579,0.0140
1.8459,-7.1419,4.9584,0.0188,-0.2789,0.1315,-3.4117,-9.0812,0.0263,-0.0778,-0.3247,0.0087
1.8507,-7.0390,4.8985,0.0016,-0.2996,0.1557,-3.4477,-8.9663,-0.0838,-0.0939,-0.3748,0.0105
1.8052,-7.0605,4.9799,-0.0045,-0.2747,0.1816,-3.4261,-9.0764,-0.1245,-0.1224,-0.3271,0.0155
1.8172,-7.1347,5.0996,-0.0103,-0.2815,0.1927,-3.4213,-8.9878,-0.1413,-0.1315,-0.3496,0.0183
1.8483,-7.1587,5.1930,0.0068,-0.3260,0.1903,-3.4500,-9.0549,-0.1532,-0.1078,-0.3676,0.0151
1.8651,-7.1251,5.1188,-0.0036,-0.3448,0.1768,-3.3782,-9.0644,-0.0359,-0.1019,-0.4062,0.0096
1.8747,-7.1323,5.1308,0.0242,-0.3612,0.1503,-3.3495,-9.1051,-0.0670,-0.0673,-0.3981,0.0035
1.9752,-7.0797,5.1404,0.0128,-0.4002,0.1589,-3.3399,-9.0716,0.0958,-0.0726,-0.4563,0.0097
1.9920,-7.0988,5.1188,0.0274,-0.3710,0.1691,-3.3471,-9.1435,0.1700,-0.0795,-0.4182,0.0100
2.0973,-7.0892,5.0206,0.0218,-0.3932,0.1812,-3.2465,-9.0860,0.1939,-0.0879,-0.4241,0.0207
2.2146,-7.0246,5.0661,0.0136,-0.3834,0.1905,-3.1843,-9.0860,0.2586,-0.0923,-0.4562,0.0284
2.4421,-7.0437,5.0446,0.0325,-0.3319,0.1751,-3.0694,-9.0549,0.5363,-0.1206,-0.4218,0.0641
2.5594,-7.0246,5.3175,0.0060,-0.2377,0.1123,-3.1388,-9.1123,0.7805,-0.1244,-0.2514,0.0152
2.9401,-6.9097,5.4516,-0.0055,-0.4098,0.0786,-3.0287,-9.0956,1.0989,-0.0534,-0.4369,0.0083
3.1771,-6.6774,5.2218,0.0193,-0.3828,0.0420,-2.9137,-9.0190,1.4700,0.0000,-0.3845,-0.0208
3.4046,-6.4715,5.3726,0.0108,-0.2709,0.0228,-2.8587,-8.9783,1.6424,0.0108,-0.2395,-0.0290
3.3519,-6.4811,5.2577,0.0064,-0.2116,0.0081,-2.9473,-8.9639,1.6065,0.0316,-0.2109,-0.0113
3.2537,-6.4667,5.3439,-0.0069,-0.0930,0.0124,-2.9257,-8.9304,1.6831,0.0120,-0.1278,0.0020
3.0239,-6.5553,5.3750,-0.0464,-0.0250,0.0089,-2.9928,-8.8825,1.4269,-0.0163,0.0288,-0.0173
2.9209,-6.7540,5.4037,-0.0770,-0.0056,-0.0017,-3.0095,-8.9423,1.2019,-0.0222,-0.0212,-0.0116
2.8922,-6.7181,5.2936,-0.0894,0.0107,-0.0404,-3.0071,-9.0094,1.2067,-0.0092,0.0769,-0.0216
2.8659,-6.8474,5.2912,-0.0618,0.0638,-0.0819,-3.0239,-9.0070,1.0487,0.0064,0.0913,-0.0298
2.8060,-6.7924,5.2098,-0.1013,0.0426,-0.1155,-2.8036,-8.9064,1.1109,0.0452,0.1074,-0.0602
2.7246,-6.7588,5.1092,-0.0862,0.0847,-0.1891,-3.0694,-9.0381,0.9337,0.0835,0.1915,-0.0911
2.8946,-6.7971,5.4899,-0.0866,0.1100,-0.1695,-3.1292,-9.1530,1.1061,0.0821,0.1692,-0.0671
2.7390,-6.7876,5.4013,-0.0690,0.1291,-0.1985,-3.1771,-9.1051,0.9720,0.0990,0.1936,-0.0514
2.8252,-6.7732,5.2625,-0.0962,0.1300,-0.2049,-3.0287,-9.0573,1.0606,0.0822,0.1496,-0.0524
2.8108,-6.7469,5.2146,-0.0875,0.1716,-0.2185,-2.9760,-8.9184,0.8763,0.0951,0.2546,-0.0581
2.7150,-6.7277,5.1356,-0.0878,0.1813,-0.2397,-2.9928,-8.9543,0.8308,0.1058,0.2300,-0.0685
2.5977,-6.7397,5.1571,-0.1023,0.1840,-0.2082,-3.0718,-8.8777,0.7949,0.0738,0.2741,-0.0618
2.5690,-6.6822,5.2146,-0.1172,0.2166,-0.1752,-3.1436,-8.9567,0.6416,0.0207,0.3018,-0.0525
2.4995,-6.8666,5.3032,-0.1466,0.2324,-0.1371,-3.1627,-9.0453,0.7614,-0.0095,0.3016,-0.0484
2.4134,-6.8690,5.2696,-0.1491,0.2246,-0.1195,-3.1675,-9.0764,0.6321,-0.0157,0.2835,-0.0366
2.3990,-6.8714,5.2720,-0.1250,0.2292,-0.0997,-3.1603,-9.1506,0.5650,-0.0072,0.2759,-0.0260
2.3990,-6.9312,5.2170,-0.1073,0.2033,-0.0494,-3.0550,-9.0022,0.5602,0.0033,0.2799,-0.0212
2.3750,-6.9192,5.2098,-0.1286,0.2098,0.0881,-3.1556,-9.0094,0.5243,-0.0352,0.3351,-0.0215
2.3894,-6.9192,5.3439,-0.1529,0.2074,-0.0212,-3.2226,-9.0908,0.5507,-0.0274,0.3780,-0.0304
2.3200,-6.8139,5.2648,-0.1467,0.2304,-0.1184,-3.1891,-9.0022,0.6273,-0.0257,0.2710,-0.0116
2.3224,-6.8546,5.2194,-0.1328,0.2550,-0.1579,-3.1603,-9.0237,0.5435,-0.0117,0.3463,-0.0124
2.3080,-6.8474,5.3056,-0.1111,0.2571,-0.1712,-3.2872,-9.0285,0.5914,0.0121,0.2926,-0.0140
2.2290,-6.8259,5.2816,-0.1009,0.2308,-0.1955,-3.1340,-8.9567,0.5459,0.0540,0.2670,-0.0236
2.2625,-6.8809,5.2361,-0.0735,0.2109,-0.1815,-3.3040,-9.0405,0.6632,0.0644,0.2754,-0.0345
2.3511,-6.8905,5.4468,-0.0735,0.2034,-0.1912,-3.3160,-9.0094,0.5674,0.0765,0.2475,-0.0336
2.2218,-6.7181,5.4947,-0.0825,0.2513,-0.2044,-3.2034,-8.9591,0.6560,0.0674,0.3027,-0.0208
2.0423,-6.7732,5.3319,-0.0905,0.2787,-0.1843,-3.3567,-8.8969,0.4717,0.0452,0.3319,-0.0241
2.1931,-6.8546,5.3822,-0.1140,0.2573,-0.1736,-3.3950,-8.9998,0.3543,0.0242,0.3415,-0.0273
2.0399,-6.9384,5.3750,-0.0934,0.2678,-0.1545,-3.3782,-8.9974,0.4980,0.0246,0.3372,-0.0406
1.9944,-6.8474,5.2505,-0.1151,0.2844,-0.1568,-3.3686,-9.0309,0.3543,0.0125,0.3315,-0.0336
1.9225,-6.8929,5.3271,-0.1163,0.2695,-0.1549,-3.4596,-9.0477,0.3711,0.0180,0.3536,-0.0368
2.0135,-6.8187,5.2960,-0.1270,0.2525,-0.1657,-3.3830,-8.9687,0.2825,0.0230,0.3140,-0.0289
1.8723,-6.8809,5.2170,-0.1174,0.2690,-0.1623,-3.4572,-9.0381,0.2801,0.0063,0.3387,-0.0364
1.8603,-6.9097,5.4684,-0.1347,0.2898,-0.1560,-3.3782,-9.0309,0.2274,-0.0140,0.3701,-0.0353
1.7669,-6.9695,5.3295,-0.1416,0.2839,-0.1673,-3.4069,-9.0405,0.2179,-0.0155,0.3381,-0.0324
1.6137,-6.8402,5.3223,-0.1166,0.2679,-0.1607,-3.4309,-8.9495,0.1197,0.0004,0.3405,-0.0313
1.6544,-6.8043,5.4947,-0.1340,0.2523,-0.1248,-3.4477,-9.0142,0.1604,-0.0209,0.2940,-0.0237
1.6233,-6.8354,5.3654,-0.1386,0.2923,-0.1208,-3.4261,-8.9328,0.0024,-0.0434,0.3453,-0.0215
1.5850,-6.9312,5.5043,-0.1442,0.2785,-0.1442,-3.5721,-9.0214,-0.0527,-0.0382,0.3471,-0.0308
1.5131,-6.9456,5.3319,-0.1248,0.2419,-0.1360,-3.5338,-8.9376,-0.0383,-0.0100,0.2782,-0.0269
1.4748,-6.9983,5.2984,-0.1246,0.2373,-0.1264,-3.6512,-8.9998,-0.1173,-0.0171,0.2900,-0.0300
1.4006,-6.9647,5.4348,-0.1274,0.2521,-0.1508,-3.4189,-9.0525,-0.1173,-0.0246,0.2972,-0.0324
1.5251,-6.9983,5.3558,-0.1451,0.2086,-0.1248,-3.5267,-9.0932,-0.2107,-0.0445,0.2731,-0.0456
0.9601,-6.9025,5.1236,-0.1319,0.3323,-0.0917,-3.8475,-8.9112,-0.8164,-0.1058,0.3620,-0.0059
0.2634,-7.0892,5.2289,-0.1812,0.4246,-0.0345,-4.1539,-8.8921,-1.3695,-0.2238,0.4457,0.0188
0.1341,-7.3478,5.0949,-0.2225,0.1290,0.0898,-4.0486,-9.0716,-1.5969,-0.2301,0.0456,0.0394
0.2825,-7.5585,5.3032,-0.1703,0.0147,0.1140,-3.9169,-9.1147,-1.5921,-0.2370,0.0322,0.0064
0.4884,-7.6112,5.3223,-0.1732,-0.0510,0.1037,-3.8403,-9.1243,-1.2139,-0.1957,-0.0476,-0.0217
0.7805,-7.4388,5.2601,-0.0498,-0.2253,0.0381,-3.7972,-9.2943,-0.8667,-0.0438,-0.2190,-0.0461
1.1444,-7.3813,5.1523,-0.0393,-0.3376,0.0338,-3.6488,-9.2512,-0.5435,0.0021,-0.3625,-0.0187
1.2953,-7.1491,5.1787,0.0250,-0.2461,0.0112,-3.5123,-9.1482,-0.3807,0.0199,-0.2261,0.0029
1.0846,-6.9336,5.3127,0.0300,-0.2441,0.0919,-3.6512,-9.0094,-0.4429,-0.0164,-0.2787,0.0241
1.3958,-6.9504,5.1691,0.0183,-0.3040,0.1386,-3.4884,-9.0261,-0.2945,-0.0410,-0.3443,0.0306
1.5371,-6.9288,5.1954,-0.0137,-0.2490,0.1625,-3.5099,-9.0573,-0.0694,-0.0986,-0.2741,0.0285
1.5658,-6.9480,5.3463,-0.0314,-0.2136,0.1788,-3.5314,-9.0836,0.0599,-0.1342,-0.2475,0.0282
2.3966,-7.0222,5.2840,0.0642,-0.3273,0.2746,-3.5027,-9.2344,0.1891,-0.1327,-0.2874,-0.0140
1.5443,-6.8881,5.3271,0.0057,-0.1863,0.1524,-3.4644,-9.0309,0.1341,-0.0775,-0.2579,0.0294
1.5850,-6.9599,5.3582,-0.0004,-0.2008,0.1187,-3.5434,-9.0668,0.0958,-0.0630,-0.2266,0.0333
1.3934,-6.8785,5.3223,-0.0052,-0.1785,0.1338,-3.5530,-9.0094,-0.1676,-0.0846,-0.2241,0.0245
1.3791,-6.9025,5.3702,-0.0221,-0.1796,0.1410,-3.6129,-9.0046,-0.1460,-0.0915,-0.2240,0.0293
1.4485,-6.9025,5.3295,-0.0088,-0.2458,0.1408,-3.5554,-8.9854,-0.0215,-0.0686,-0.3146,0.0320
1.4126,-6.9480,5.4324,0.0024,-0.2150,0.1275,-3.5817,-9.0261,-0.0982,-0.0695,-0.2276,0.0253
1.5251,-6.9073,5.5067,-0.0037,-0.2229,0.1338,-3.5698,-9.0237,-0.1030,-0.0765,-0.2502,0.0278
1.6161,-6.9049,5.4540,-0.0123,-0.2582,0.1296,-3.4548,-9.0501,0.0886,-0.0693,-0.2988,0.0153
1.6472,-6.9312,5.3510,-0.0115,-0.2543,0.1143,-3.4548,-9.1028,0.2394,-0.0648,-0.2669,0.0109
1.6448,-6.7876,5.4253,0.0121,-0.2364,0.1124,-3.4572,-9.0597,0.1748,-0.0480,-0.2705,0.0088
1.8579,-6.8354,5.4037,-0.0009,-0.2755,0.1339,-3.4357,-8.9950,0.2729,-0.0596,-0.2975,0.0159
1.7813,-6.8139,5.3678,0.0001,-0.2060,0.1391,-3.4285,-9.0453,0.3136,-0.0806,-0.2634,0.0179
1.8124,-6.8091,5.3822,-0.0131,-0.2218,0.1467,-3.3136,-9.0644,0.2586,-0.0897,-0.2510,0.0136
1.7813,-6.7995,5.4803,-0.0069,-0.2085,0.1468,-3.4500,-9.0644,0.3112,-0.0886,-0.2349,0.0117
1.7861,-6.8426,5.3870,0.0008,-0.1992,0.1580,-3.3686,-8.9902,0.3448,-0.0847,-0.2442,0.0176
1.7406,-6.8235,5.4300,-0.0076,-0.1941,0.1532,-3.4237,-8.9304,0.2729,-0.0854,-0.2406,0.0215
1.6975,-6.8307,5.5426,-0.0217,-0.2026,0.1494,-3.4285,-8.9423,0.2466,-0.0937,-0.2594,0.0196
1.6328,-6.7732,5.4755,-0.0149,-0.2094,0.1440,-3.4668,-8.9256,0.2921,-0.0878,-0.2565,0.0152
1.6927,-6.8139,5.4588,-0.0152,-0.2336,0.1398,-3.3950,-8.9567,0.2179,-0.0787,-0.2678,0.0177
1.7837,-6.8546,5.5593,-0.0076,-0.2494,0.1496,-3.4357,-9.0357,0.3089,-0.0813,-0.2674,0.0155
1.7885,-6.7900,5.5282,-0.0398,-0.2352,0.1450,-3.3591,-9.0094,0.3711,-0.1073,-0.2872,0.0221
1.7430,-6.8331,5.4468,-0.0302,-0.2174,0.1424,-3.3184,-8.9974,0.3663,-0.1034,-0.2390,0.0207
1.8004,-6.7421,5.3941,-0.0377,-0.2490,0.1541,-3.4117,-9.0285,0.4669,-0.0950,-0.3028,0.0257
1.8507,-6.8738,5.3630,-0.0248,-0.2507,0.1636,-3.2657,-8.9663,0.4166,-0.0991,-0.2832,0.0284
1.8771,-6.8354,5.3630,-0.0180,-0.2507,0.1736,-3.2346,-8.9783,0.4357,-0.0917,-0.2964,0.0224
1.8651,-6.7947,5.4540,-0.0308,-0.2579,0.1591,-3.2992,-9.0477,0.4693,-0.0922,-0.3168,0.0172
1.9130,-6.8043,5.4468,-0.0157,-0.2679,0.1460,-3.1532,-8.8466,0.7590,-0.0714,-0.3276,0.0298
1.9848,-6.7516,5.5115,-0.0220,-0.2986,0.1439,-3.2872,-9.0070,0.5507,-0.0766,-0.3329,0.0145
1.9848,-6.7157,5.5138,-0.0246,-0.2818,0.1410,-3.2465,-9.0501,0.6009,-0.0838,-0.3391,0.0217
2.0662,-6.7780,5.4540,-0.0246,-0.2591,0.1647,-3.2513,-9.0405,0.7494,-0.0955,-0.2830,0.0286
2.3104,-6.6894,5.4516,-0.0144,-0.2738,0.1359,-3.1292,-8.9495,1.0175,-0.0584,-0.3115,0.0482
2.5809,-6.5864,5.5162,-0.0203,-0.3264,0.1082,-2.9401,-8.9232,1.1636,-0.0346,-0.3047,0.0312
2.7845,-6.4524,5.5929,-0.0141,-0.2763,0.0857,-2.9185,-8.9783,1.4485,-0.0353,-0.2683,0.0120
3.0167,-6.5003,5.5929,-0.0493,-0.1809,0.0590,-2.8730,-8.9663,1.8268,-0.0533,-0.1400,0.0019
3.0047,-6.4332,5.5593,-0.0413,-0.0817,0.0168,-2.8252,-8.9280,1.7741,-0.0260,-0.0787,0.0069
2.9161,-6.4260,5.5426,-0.0360,-0.0195,-0.0053,-2.8706,-8.8466,1.5897,-0.0140,-0.0221,0.0133
2.7031,-6.3758,5.5545,-0.0476,0.0433,-0.0103,-2.9760,-8.8083,1.3982,-0.0173,0.0470,0.0092
2.5546,-6.3877,5.6383,-0.0695,0.0617,-0.0221,-3.0382,-8.7939,1.2665,-0.0095,0.0340,0.0129
2.4828,-6.4667,5.5162,-0.0837,0.0697,-0.0398,-3.1077,-8.8107,1.1827,-0.0208,0.0605,-0.0069
2.4038,-6.6248,5.4827,-0.0966,0.0779,-0.0767,-3.0885,-8.9830,1.1468,-0.0232,0.1175,-0.0312
2.2793,-6.6200,5.5809,-0.0902,0.0795,-0.1170,-3.2226,-9.0118,0.9912,0.0139,0.1310,-0.0333
2.3607,-6.5745,5.5330,-0.0881,0.0681,-0.1200,-3.1675,-9.0214,0.9936,0.0213,0.1150,-0.0284
2.3750,-6.5960,5.5761,-0.1115,0.1019,-0.1256,-3.1053,-9.0261,1.0223,0.0155,0.1668,-0.0310
2.4205,-6.7516,5.5306,-0.1124,0.1266,-0.1094,-3.1029,-9.0764,1.1899,0.0065,0.1611,-0.0564
2.1045,-6.7325,5.4923,-0.1258,0.2144,-0.0901,-3.2561,-9.1051,0.7374,-0.0304,0.2773,-0.0605
1.8100,-6.8881,5.5665,-0.1127,0.2161,-0.0437,-3.3351,-9.0788,0.4238,-0.0477,0.2513,-0.0225
1.8052,-6.7421,5.4085,-0.1098,0.1455,-0.0578,-3.2226,-8.9232,0.3759,-0.0449,0.1358,-0.0075
1.8723,-6.5817,5.4612,-0.0842,0.0877,-0.0839,-3.1723,-8.8155,0.6009,0.0063,0.1124,-0.0207
1.9680,-6.5457,5.4181,-0.0883,0.0589,-0.1009,-3.2130,-8.8346,0.7087,0.0127,0.1027,-0.0360
2.0853,-6.5984,5.5593,-0.0809,0.0386,-0.0758,-3.2633,-8.9232,0.6752,-0.0011,0.1238,-0.0421
2.0231,-6.6080,5.3247,-0.0949,0.1295,-0.0524,-3.2537,-8.8514,0.5626,-0.0584,0.1575,-0.0233
1.8124,-6.5721,5.3893,-0.1783,0.1793,0.0080,-3.2130,-8.8753,0.4860,-0.1768,0.2224,-0.0195
2.0135,-6.7995,5.5019,-0.1815,0.1482,0.0321,-3.2106,-9.0740,0.6943,-0.1917,0.1379,-0.0060
2.0494,-6.9983,5.2505,-0.1259,0.1960,0.0163,-2.9353,-9.1602,0.6057,-0.1462,0.1765,-0.0135
2.0518,-7.0701,5.4253,-0.0961,0.1795,-0.0497,-2.9377,-9.1530,0.7638,-0.0486,0.1737,-0.0241
2.2410,-7.0054,5.5330,-0.0081,0.1306,-0.1679,-3.0718,-9.1554,0.9146,0.0899,0.1572,-0.0486
2.3894,-6.7708,5.5881,0.0230,0.1665,-0.2422,-3.1699,-8.9830,1.0558,0.1390,0.2168,-0.0361
1.7286,-6.2560,6.2393,0.0027,0.2710,-0.2521,-3.4381,-8.7005,1.1133,0.1255,0.3019,0.0294
2.2146,-6.1986,5.6623,0.0055,0.1043,-0.2519,-3.3351,-8.6814,1.2402,0.1545,0.1749,-0.0059
2.3583,-6.3279,5.3893,-0.1119,0.0917,-0.2305,-2.9305,-8.7508,1.3144,0.0935,0.1514,-0.0171
2.4086,-6.4955,5.3917,-0.1150,0.3064,-0.2205,-2.9449,-8.8657,1.0558,0.0172,0.4706,-0.0441
2.1308,-6.7133,5.5569,-0.1327,0.3485,-0.2266,-3.1747,-9.0788,0.7805,0.0029,0.4145,-0.0461
1.9920,-6.6990,5.6072,-0.1553,0.3332,-0.2378,-3.1795,-9.1363,0.7733,-0.0071,0.3804,-0.0201
1.7406,-6.6032,5.6910,-0.1705,0.4836,-0.2364,-3.2729,-8.9783,0.6464,-0.0614,0.5013,-0.0065
1.7430,-6.6128,5.9017,-0.1438,0.4132,-0.2427,-3.3639,-8.9304,0.5674,0.0060,0.5085,-0.0167
1.8028,-6.6248,5.4755,-0.1749,0.3287,-0.2045,-3.2801,-8.9304,0.5650,0.0385,0.3371,-0.0332
1.6783,-6.6798,5.2864,-0.1266,0.4002,-0.2376,-3.3734,-9.0190,0.5435,0.0298,0.5716,-0.0476
1.5850,-6.8259,5.5426,-0.1132,0.3190,-0.2663,-3.5075,-9.1650,0.3807,0.0957,0.4740,-0.0520
1.8603,-6.7301,5.6790,-0.0998,0.2709,-0.3175,-3.2705,-8.9998,0.6273,0.1298,0.3441,-0.0225
1.8244,-6.7493,5.4731,-0.1423,0.3014,-0.3395,-3.2394,-9.0525,0.6847,0.0805,0.4210,-0.0574
1.5874,-6.8450,5.5474,-0.1847,0.4387,-0.2870,-3.5410,-9.2009,0.3136,-0.0017,0.5741,-0.0510
1.3096,-6.8738,5.5043,-0.1679,0.4631,-0.3247,-3.6248,-9.1147,0.0431,-0.0117,0.5750,-0.0429
1.0367,-6.7732,5.4755,-0.2201,0.4166,-0.3321,-3.3112,-8.9136,-0.0670,-0.0394,0.4674,-0.0641
0.9912,-6.7995,5.4851,-0.2218,0.3393,-0.2622,-3.6344,-8.9735,-0.3400,-0.0317,0.5772,-0.1019
1.0750,-6.9025,5.6072,-0.2024,0.3580,-0.2489,-3.7876,-9.0597,-0.1580,0.0167,0.5869,-0.1021
1.1827,-6.9216,5.4636,-0.2032,0.2591,-0.2513,-3.6512,-9.0740,-0.5818,0.1480,0.3957,-0.1187
1.2139,-6.8929,5.5162,-0.1474,0.2850,-0.2443,-3.5602,-9.3206,-0.1652,0.1828,0.4201,-0.2130
1.2258,-6.8618,5.5976,-0.1415,0.1448,-0.2376,-3.2944,-8.7221,-0.1221,0.3838,0.3269,-0.2217
1.4772,-6.9384,5.2648,-0.1380,0.0221,-0.2152,-3.1436,-9.1123,0.4741,0.3010,0.1300,-0.2406
1.2330,-6.8809,5.4875,-0.1359,0.2328,-0.2144,-3.0358,-9.2416,0.3424,0.3769,0.3251,-0.2388
0.7398,-6.9935,5.0159,-0.1796,0.3758,-0.2262,-3.4453,-8.9495,-0.6345,0.1434,0.3890,-0.1676
0.3448,-7.0629,5.1068,-0.1671,0.3559,-0.1075,-4.2497,-9.3182,-2.1931,0.0512,0.6027,-0.2229
0.1293,-7.2018,5.1523,-0.1438,0.3985,-0.0670,-3.4788,-8.9854,-0.9194,-0.0625,0.4859,-0.1030
-0.1437,-7.2592,5.3391,-0.2120,0.2642,-0.0053,-3.8571,-8.9998,-1.6400,-0.2318,0.2304,-0.0289
-0.0239,-7.4364,5.2625,-0.2490,0.1478,-0.0240,-3.4285,-8.9783,-0.9601,-0.2438,0.1609,-0.0568
0.0479,-7.4101,5.4516,-0.2550,0.1019,-0.1011,-3.7469,-9.3326,-1.0678,-0.1947,0.2280,-0.1260
0.0934,-7.4436,5.5402,-0.1885,-0.0770,-0.2000,-3.7517,-9.4164,-0.9529,0.0039,0.0296,-0.1374
0.4070,-7.3263,5.4205,-0.0851,-0.2750,-0.1817,-3.5027,-9.3111,-0.8978,0.1151,-0.3148,-0.0977
0.8547,-7.2616,5.3654,-0.0798,-0.3168,-0.1170,-2.0614,-8.8394,0.2083,0.3864,-0.3893,-0.3369
0.8954,-7.2832,5.5545,-0.0276,-0.3343,-0.0807,-2.0758,-8.7484,0.2203,0.3861,-0.0286,-0.4081
0.9337,-7.1706,5.2194,-0.0328,-0.3829,-0.0353,-3.6129,-9.6893,-0.6488,0.3365,-0.2759,-0.4599
1.0271,-7.1850,5.4492,-0.0671,-0.3130,-0.1092,-3.4692,-9.2440,-0.8260,0.2250,-0.0606,-0.3148
1.4150,-7.1036,5.2265,-0.0584,-0.3623,-0.0420,-2.9640,-9.3302,0.0096,0.2454,-0.3044,-0.2324
1.5538,-7.0988,5.2672,0.0032,-0.3853,-0.0410,-2.6432,-9.2656,0.4812,0.1980,-0.3858,-0.1855
1.7262,-6.9599,5.3582,-0.0288,-0.3772,-0.0767,-2.0710,-9.1889,1.4676,0.2194,-0.3112,-0.1716
1.8986,-6.9049,5.4516,0.0035,-0.4707,-0.0269,-1.8148,-9.3446,1.6065,0.3587,-0.4299,-0.1732
2.2984,-6.7947,5.2170,0.0012,-0.3889,-0.0040,-2.4684,-9.3709,1.2641,0.1291,-0.2714,-0.1573
2.1572,-6.7995,5.4588,0.0100,-0.3592,-0.0048,-1.8435,-9.0764,1.7957,0.1958,-0.2819,-0.1776
2.6217,-6.7924,5.2696,-0.0175,-0.3809,0.0167,-1.5778,-8.8490,2.0423,0.3359,-0.1652,-0.2010
2.9592,-6.9504,4.9680,-0.0410,-0.2443,-0.0610,-2.3631,-9.4092,1.5347,0.2056,-0.1075,-0.1364
2.4924,-6.7828,5.4157,0.0602,0.1291,-0.2256,-2.4708,-9.1435,0.6225,0.2774,0.1308,-0.2374
2.1117,-6.8091,5.4109,-0.0317,-0.0476,-0.2847,-3.6272,-9.3063,-0.2346,0.2429,0.2529,-0.2237
2.3559,-6.8761,5.5809,-0.0469,-0.4061,-0.2040,-2.1428,-9.0333,1.6185,0.3820,-0.4165,-0.2461
2.6264,-6.6583,5.2002,-0.0244,-0.3928,0.0056,-1.8459,-8.9854,1.4509,0.1799,-0.1424,-0.0990
3.1268,-6.5864,5.2146,0.0474,-0.4870,0.1386,-1.3024,-8.6455,1.9776,0.2699,-0.2300,-0.1564
3.1316,-6.5457,5.3247,0.0765,-0.3802,0.1609,-2.0207,-9.1339,2.0566,0.1472,-0.2050,-0.1061
2.8946,-6.4404,5.1954,0.1057,-0.2789,0.2693,-1.7119,-8.9064,2.4684,0.1034,-0.2370,-0.0213
2.8850,-6.4620,5.2433,0.0765,-0.3214,0.4640,-1.4916,-8.9567,2.4086,-0.0104,-0.3344,0.0846
3.3591,-6.6631,5.1715,0.1239,-0.3018,0.4263,-1.1253,-8.8226,2.6264,0.0061,-0.2789,0.0691
3.0502,-6.6224,5.4731,0.1140,-0.2459,0.3599,-1.4892,-8.9495,2.6815,0.0286,-0.3052,0.0803
2.8850,-6.5697,5.3726,0.1396,-0.3683,0.4975,-1.0367,-8.7700,2.7629,0.0918,-0.3564,0.0798
2.6528,-6.5960,5.5857,0.0586,-0.3341,0.7568,-1.0726,-8.7245,2.7581,0.0298,-0.2807,0.0073
3.1316,-6.6487,5.0542,0.0919,-0.3725,0.6428,-1.3072,-8.8178,2.4517,0.0895,-0.1280,-0.0222
2.6480,-6.6559,5.4396,0.0004,-0.4040,0.3499,-1.0798,-8.7580,2.7677,0.1152,-0.3762,-0.0229
2.7126,-6.6056,5.3343,-0.0112,-0.4266,0.2960,-1.0463,-8.7580,2.9018,0.0717,-0.2542,-0.0322
2.6025,-6.5864,5.4803,0.0549,-0.3355,0.3425,-1.1325,-8.7412,2.7198,0.0612,-0.3712,0.0516
2.8515,-6.6655,5.6024,0.1030,-0.4279,0.4687,-1.0199,-8.7173,2.8778,0.0424,-0.4347,0.1406
2.8730,-6.6631,5.5138,0.1821,-0.2883,0.4595,-0.7590,-8.7364,3.1173,0.0148,-0.3909,0.1864
2.9688,-6.6032,5.4971,0.2362,-0.1969,0.3852,-0.7997,-8.5258,3.1388,-0.0119,-0.2554,0.2252
2.9425,-6.7660,5.7054,0.2782,-0.0382,0.1108,-1.0008,-8.8657,3.3639,0.1291,-0.3300,0.3483
3.0430,-7.1371,5.9424,0.3640,0.0624,-0.0249,-1.1803,-9.1842,3.6081,0.2478,-0.4475,0.4699
2.0207,-7.0964,6.3111,0.3487,0.1647,-0.1315,-0.7949,-9.2320,3.6655,0.4399,-0.7301,0.6398
2.3367,-6.4811,6.4572,0.5769,-0.2437,0.1411,-1.1588,-8.7963,3.9480,0.6081,-0.7493,0.5877
3.1963,-6.3518,5.6144,0.3697,-0.2409,-0.0304,-0.7278,-8.0828,4.0893,0.7041,-1.0881,0.4151
3.1795,-6.7038,6.8618,0.3597,-0.3254,-0.5101,-0.6105,-9.4499,5.3008,0.9477,-0.3782,-0.3112
3.6823,-5.7221,6.0382,1.1042,-0.8099,-0.3388,-0.2179,-7.8290,4.2497,1.5910,-0.7001,-0.4337
3.9169,-4.8794,5.8179,0.6867,0.1863,-0.5857,0.1030,-6.9408,5.3175,0.7429,0.3421,-0.2922
4.4149,-4.8387,5.9041,0.8288,0.5284,-0.5633,0.6704,-6.4835,5.3774,0.5754,0.6851,-0.1600
4.6280,-5.0781,6.5864,0.5953,0.7566,-0.7047,0.9002,-6.7157,5.7317,0.2826,0.7911,-0.4431
3.6703,-4.4245,6.7062,0.4811,0.6761,-0.8424,0.1413,-6.9528,5.8945,0.3088,1.1644,-0.8659
4.0294,-4.1970,6.7493,0.4425,0.6041,-0.8035,-0.7326,-7.2401,6.3159,0.4446,1.1839,-0.4810
4.8459,-5.8466,9.9719,0.1861,-0.1308,-0.9613,1.3455,-8.4922,9.4810,1.0000,0.0179,-1.0039
6.0765,-5.7485,9.4116,1.0788,-1.0964,-1.4955,1.2043,-7.8506,10.1849,2.6534,0.2293,-1.2449
5.8921,-4.1300,5.3917,1.2088,-0.6679,-2.6013,1.8148,-4.9392,5.2553,2.7115,0.7374,-1.2163
3.3375,-1.9345,3.6009,0.1797,0.1380,-2.8394,0.5219,-3.8786,2.7653,1.3344,1.3831,-1.6964
2.4804,-1.3024,3.9456,-0.8857,0.1464,-1.9909,-0.4357,-3.5650,2.3607,0.2226,0.8773,-1.7689
2.2793,-1.0295,5.1475,-1.6713,0.2080,-1.5780,-1.7262,-4.3981,3.5314,-0.4844,0.3657,-1.9288
1.5323,-0.5770,5.6886,-1.3988,0.7071,-1.1762,-2.7461,-4.8818,3.6176,-0.8302,0.8912,-1.4999
1.5155,-0.9194,6.2584,-1.2933,0.5345,-0.6991,-2.6935,-5.2792,3.7541,-0.8780,0.1557,-1.1270
1.4246,-1.4964,5.6240,-0.8986,0.5620,-0.2260,-2.1620,-5.7078,3.7804,-1.0710,-0.0954,-0.6771
0.9720,-1.7095,6.2776,-0.6146,1.4801,0.2715,-2.1284,-7.7405,4.2856,-1.6455,0.5797,-0.5359
-1.6735,-4.0989,13.1226,0.0091,3.0988,0.9792,-2.8276,-11.8728,8.2001,-2.0582,2.4136,-1.0295
0.1077,-4.9871,14.9159,0.9431,1.4545,0.6796,-5.2146,-12.3062,8.7891,-0.2915,2.9669,-0.5848
-0.7111,-2.6288,10.0317,1.1826,-1.0989,0.0806,-5.1308,-9.3972,3.5482,1.5200,-1.0180,0.6582
0.8140,-2.1141,7.7333,1.1143,-2.1730,0.3399,-1.6113,-6.8714,4.8698,1.9132,-1.9353,1.1233
2.6959,-2.3104,6.1938,1.3185,-2.4654,0.5421,-0.0239,-5.0829,5.2960,2.0731,-0.9911,0.8266
5.3127,-1.7286,5.5186,0.6985,-2.1269,0.6456,1.0750,-4.2353,6.5912,1.6237,-1.8580,0.7805
6.7469,-1.9345,6.2273,0.6107,-1.1234,0.3172,1.6616,-3.6392,8.0373,0.9994,-0.1641,0.3180
6.4117,-1.4222,5.4923,0.3555,-0.5344,-0.1220,0.7901,-3.1603,6.8067,0.5809,-0.1030,0.1446
5.3486,-0.8116,4.5083,0.0598,0.1119,-0.1951,0.8308,-2.4924,5.9759,-0.0028,0.1471,0.0416
5.2409,-0.8954,5.7197,-0.4447,0.3611,-0.2236,0.0910,-3.4189,6.5912,-0.4882,0.4403,-0.2611
3.9959,-1.7502,7.7213,-0.4578,0.3748,-0.3477,-0.7805,-5.4779,7.0892,-0.3836,0.3184,-0.2689
3.9025,-1.8340,7.7045,-0.3303,0.1764,-0.3293,-0.7183,-5.4803,6.9432,-0.1796,0.2529,-0.2850
4.0079,-1.8028,7.6375,-0.2431,0.0183,-0.3131,-0.7350,-5.4708,7.0126,-0.0340,0.1647,-0.2904
4.2641,-1.6568,7.4651,-0.1751,-0.0272,-0.3220,-0.6728,-5.2265,6.9983,0.0529,0.1565,-0.2839
4.4341,-1.5371,7.1251,-0.1765,-0.0257,-0.3178,-0.5674,-4.8961,6.7612,0.0436,0.1463,-0.2872
4.3431,-1.4533,6.9599,-0.2249,0.0918,-0.3352,-0.5626,-4.8219,6.7086,-0.0558,0.2296,-0.3144
4.2593,-1.5634,7.0126,-0.3178,0.1804,-0.3493,-0.5794,-4.9752,6.6774,-0.1512,0.2729,-0.3421
4.0845,-1.7502,7.2496,-0.3239,0.1669,-0.3629,-0.6680,-5.2385,6.8259,-0.1410,0.2617,-0.3480
3.9911,-1.8627,7.4029,-0.3076,0.1262,-0.3802,-0.6273,-5.3965,6.7062,-0.0989,0.2437,-0.3552
3.9911,-1.8507,7.5800,-0.2606,0.0537,-0.3896,-0.6823,-5.4971,6.9432,-0.0168,0.2262,-0.3565
4.1084,-1.7286,7.3574,-0.1977,-0.0338,-0.4066,-0.6464,-5.3079,6.8761,0.0770,0.1692,-0.3493
4.1108,-1.7406,7.0749,-0.2218,-0.0176,-0.4014,-0.5531,-5.1667,6.6463,0.0417,0.1771,-0.3605
4.2665,-1.8364,7.2544,-0.2543,0.0496,-0.4092,-0.5195,-5.2074,6.7445,-0.0100,0.2328,-0.3663
4.1348,-1.9561,7.1970,-0.2546,0.1079,-0.4117,-0.5004,-5.3391,6.7493,-0.0409,0.2583,-0.3587
3.9002,-1.8268,7.1563,-0.2372,0.1628,-0.4024,-0.6297,-5.4133,6.4428,-0.0777,0.3000,-0.3262
3.8164,-1.9058,7.1012,-0.2613,0.1164,-0.3745,-0.6608,-5.4348,6.5027,-0.0782,0.2384,-0.3200
3.9241,-1.9489,7.4531,-0.2830,0.0669,-0.3620,-0.6249,-5.6144,6.6655,-0.0613,0.2154,-0.3516
4.0534,-1.9321,7.5058,-0.2130,0.0120,-0.3449,-0.7398,-5.5761,6.8043,0.0061,0.1760,-0.2988
4.0917,-1.8340,7.2616,-0.2045,0.0442,-0.3387,-0.6153,-5.4253,6.5960,-0.0141,0.1969,-0.2984
4.0797,-1.9106,7.0605,-0.2451,0.0687,-0.3360,-0.5435,-5.3486,6.4787,-0.0392,0.2062,-0.2978
3.7661,-2.0806,6.7349,-0.2940,0.1120,-0.3179,-0.3591,-5.3439,6.0813,-0.1086,0.1752,-0.3337
3.8882,-1.9896,7.1611,-0.3965,0.2252,-0.3082,-0.4669,-5.6958,6.2225,-0.2666,0.2681,-0.3528
3.4524,-2.2841,7.1682,-0.4002,0.4001,-0.2844,-0.7614,-6.0071,6.0525,-0.3873,0.3533,-0.3034
3.1580,-2.4253,7.6495,-0.3676,0.4226,-0.2193,-0.8691,-6.4021,6.0047,-0.4132,0.3709,-0.2486
3.0694,-2.6336,7.8745,-0.2924,0.2036,-0.1422,-1.0080,-6.6535,6.2297,-0.2617,0.1364,-0.1234
3.1460,-2.6719,8.1882,-0.1468,0.0204,-0.0697,-0.9385,-6.8905,6.3662,-0.0885,0.0625,-0.0472
3.3399,-2.6145,7.6255,0.0284,-0.1398,0.0027,-0.8547,-6.4620,6.1363,0.0734,-0.1174,0.0885
3.4931,-2.3679,7.3167,0.0566,-0.1296,0.0521,-0.6416,-5.9999,6.0621,0.0598,-0.0797,0.1067
3.4405,-2.1955,7.4962,0.0811,-0.0803,0.1187,-0.8739,-6.0190,6.1531,0.0253,-0.0642,0.1370
3.6416,-2.0423,7.4124,0.0557,-0.1077,0.1917,-0.9649,-5.8347,6.1986,-0.0216,-0.1591,0.1893
3.5099,-1.9968,7.4795,0.0055,0.0353,0.2201,-0.9553,-5.8442,6.1292,-0.1459,-0.0925,0.2173
3.4285,-2.2673,7.3550,-0.0019,-0.0143,0.2790,-0.8212,-5.8945,6.0932,-0.1447,-0.1752,0.2924
3.6033,-2.3918,7.3646,0.0302,-0.1006,0.3096,-0.5746,-6.0118,6.2130,-0.1250,-0.2089,0.3218
3.5841,-2.3894,7.4675,0.0869,-0.0417,0.3283,-0.6105,-6.0813,6.2752,-0.1182,-0.1484,0.3391
3.6057,-2.2745,7.6638,0.1420,-0.0731,0.3591,-0.8045,-6.0023,6.4236,-0.0566,-0.2162,0.3741
3.5961,-2.0973,7.5465,0.2270,-0.1370,0.3499,-0.9026,-5.8107,6.3638,0.0440,-0.2100,0.3620
3.8451,-1.7885,7.5274,0.2130,-0.2282,0.3736,-0.8835,-5.5234,6.5888,0.0735,-0.2967,0.3507
4.0199,-1.6664,7.2305,0.1499,-0.1620,0.3059,-0.7230,-5.1954,6.5841,0.0262,-0.2329,0.2991
3.8882,-1.6735,6.8331,0.0191,-0.0280,0.2483,-0.7398,-5.1954,6.2968,-0.1079,-0.1388,0.2394
3.7397,-1.9154,7.3789,-0.0317,0.0173,0.2395,-0.8236,-5.5474,6.5122,-0.1408,-0.0711,0.2008
3.7134,-1.9872,7.6375,0.0032,-0.0517,0.2118,-0.9122,-5.7245,6.5697,-0.0729,-0.1338,0.1887
3.6799,-1.9130,7.5058,0.0486,-0.0602,0.2173,-1.0080,-5.7126,6.4284,-0.0510,-0.1192,0.2066
3.5721,-1.9178,7.4986,0.0199,-0.0790,0.2489,-0.8739,-5.7054,6.2968,-0.0761,-0.1681,0.2321
3.6536,-1.9704,7.3310,0.0211,-0.0850,0.2822,-0.8332,-5.7724,6.2800,-0.0819,-0.1897,0.2462
3.7062,-2.0662,7.4172,0.0493,-0.0897,0.3088,-0.7781,-5.7916,6.4260,-0.0805,-0.1977,0.2651
3.7517,-1.9585,7.4939,0.0758,-0.0875,0.3230,-0.8523,-5.6671,6.6056,-0.0594,-0.1992,0.2935
3.8523,-1.9130,7.5058,0.0931,-0.1290,0.3259,-0.8212,-5.6192,6.5098,-0.0324,-0.2368,0.3103
3.8499,-1.8483,7.2688,0.1120,-0.1475,0.3352,-0.8930,-5.5569,6.4931,-0.0123,-0.2535,0.3317
3.8642,-1.8268,7.3430,0.1264,-0.1506,0.3451,-0.7853,-5.4947,6.6200,-0.0089,-0.2458,0.3409
3.9049,-1.8292,7.2688,0.1138,-0.1406,0.3464,-0.8188,-5.3463,6.4476,-0.0262,-0.2542,0.3376
3.9241,-1.6855,7.3765,0.0610,-0.0819,0.3316,-0.8045,-5.2792,6.5362,-0.0793,-0.2025,0.3035
3.9241,-1.7190,7.4268,0.0350,-0.0862,0.3031,-0.8787,-5.3774,6.6032,-0.0726,-0.2033,0.2647
3.9911,-1.7454,7.4077,0.0456,-0.1271,0.2916,-0.8284,-5.4133,6.6319,-0.0372,-0.2213,0.2573
4.1228,-1.7957,7.3598,0.0338,-0.1327,0.2771,-0.6919,-5.3750,6.8522,-0.0298,-0.2110,0.2338
4.1396,-1.6975,7.2209,0.0542,-0.0923,0.2402,-0.7254,-5.2888,6.6463,-0.0393,-0.1565,0.2137
3.9720,-1.6807,7.1706,0.0156,-0.0501,0.2316,-0.7757,-5.2768,6.5338,-0.0799,-0.1394,0.2085
3.8738,-1.7813,7.3598,-0.0105,-0.0461,0.2386,-0.8882,-5.4995,6.5864,-0.1053,-0.1496,0.2169
3.8164,-1.9393,7.4771,0.0241,-0.0771,0.2477,-0.9505,-5.6527,6.5769,-0.0648,-0.1728,0.2442
3.8642,-1.9513,7.4555,0.0655,-0.1328,0.2613,-0.8308,-5.6862,6.5936,-0.0161,-0.1990,0.2425
4.0055,-1.7837,7.4460,0.0949,-0.1656,0.2699,-0.9050,-5.4013,6.5098,0.0167,-0.2342,0.2679
4.1156,-1.6592,7.2425,0.0699,-0.1792,0.2678,-0.7111,-5.1882,6.6631,0.0077,-0.2399,0.2402
4.5035,-1.5203,7.2736,0.0453,-0.1226,0.1941,-0.6967,-4.9775,7.0988,-0.0012,-0.1589,0.1657
4.6017,-1.3599,7.2089,0.0426,-0.1094,0.1560,-0.7853,-4.7501,7.1108,0.0043,-0.1219,0.1360
4.6136,-1.2330,7.0413,0.0164,-0.0754,0.1164,-0.6823,-4.5681,7.0126,-0.0187,-0.0998,0.1058
4.5945,-1.3001,6.8283,-0.0701,0.0103,0.0695,-0.5962,-4.4867,6.9312,-0.1054,-0.0330,0.0438
4.4867,-1.3575,6.8354,-0.1518,0.1514,0.0160,-0.6536,-4.6519,6.8331,-0.2065,0.0758,-0.0406
4.0869,-1.4557,7.0988,-0.2615,0.2623,-0.0562,-0.8236,-5.0518,6.5577,-0.2916,0.1781,-0.1335
3.9409,-1.7286,7.7093,-0.2920,0.1683,-0.0774,-0.9146,-5.5306,6.8833,-0.2403,0.1090,-0.1689
4.0486,-1.9297,7.5202,-0.2453,0.0613,-0.1087,-0.6536,-5.5498,6.8211,-0.1350,0.0552,-0.1739
4.2018,-2.0183,7.1922,-0.2467,0.0637,-0.1498,-0.4118,-5.4300,6.7995,-0.1215,0.0926,-0.2054
4.0438,-2.0662,7.3502,-0.2138,0.1604,-0.2206,-0.5459,-5.5162,6.7253,-0.1159,0.2288,-0.2558
3.9935,-1.8914,7.6064,-0.1515,0.0593,-0.2269,-0.8092,-5.5474,6.6032,-0.0084,0.1531,-0.2455
3.8427,-1.6831,7.3957,-0.1005,0.0136,-0.2280,-1.0271,-5.5162,6.4715,0.0378,0.1735,-0.2434
3.7924,-1.3551,7.5322,-0.1045,-0.0023,-0.2112,-1.1708,-5.2840,6.4643,0.0409,0.0922,-0.2482
4.2377,-1.1540,5.5378,-0.1904,0.0426,-0.1837,-0.9002,-4.6663,5.5785,-0.1398,0.0272,-0.1200
4.3287,-1.7909,7.6064,-0.3652,0.1330,-0.1903,-0.5363,-5.4324,7.1563,-0.2567,0.3393,-0.3832
3.3040,-1.8794,7.5250,-0.3235,0.3591,-0.2611,-1.3695,-6.1579,6.3327,-0.3347,0.2747,-0.1936
3.9552,-2.4732,8.2744,-0.2397,-0.0393,-0.1952,-0.5339,-5.9137,7.2425,0.0252,0.0851,-0.1763
4.1994,-2.3535,6.7349,-0.0786,-0.2984,-0.2819,0.0646,-5.3582,6.3686,0.2292,-0.1896,-0.1960
4.6855,-2.1165,7.1898,-0.1681,-0.0071,-0.2866,-0.1556,-5.3630,7.0222,0.0187,0.2713,-0.2851
4.1204,-1.8771,7.0222,-0.1324,0.2665,-0.4221,-0.6081,-5.3295,6.4452,-0.0638,0.3260,-0.3150
3.1795,-1.9632,7.4196,-0.3086,0.2755,-0.3958,-1.0654,-5.8083,5.8490,-0.1932,0.4339,-0.3553
3.0861,-2.0470,7.9918,-0.2531,0.1328,-0.3079,-1.2713,-6.2560,6.3494,-0.0640,0.2209,-0.2811
3.4907,-2.0806,7.2903,-0.1891,-0.1307,-0.2695,-0.7350,-5.8347,6.1914,0.0711,-0.0132,-0.2086
4.1252,-2.1524,6.9192,-0.2188,0.0394,-0.2690,-0.1915,-5.3247,6.3997,-0.0374,0.1599,-0.2727
4.0223,-2.0949,7.5369,-0.2312,0.1088,-0.3012,-0.7757,-5.7389,6.7277,-0.0759,0.2447,-0.3072
3.8140,-1.8938,7.3885,-0.1984,0.1327,-0.3331,-0.7757,-5.5641,6.3470,-0.0614,0.2294,-0.2799
3.7373,-2.0973,7.3358,-0.2493,0.1212,-0.3583,-0.6800,-5.6958,6.3758,-0.0636,0.2594,-0.3226
3.6536,-2.2218,7.3813,-0.2256,0.0465,-0.3708,-0.6560,-5.8442,6.4332,-0.0020,0.1978,-0.3182
3.7876,-2.2673,7.4484,-0.2109,0.0193,-0.3757,-0.6225,-5.9209,6.5218,0.0309,0.2169,-0.3365
3.8499,-2.2577,7.4555,-0.1863,-0.0204,-0.3761,-0.6728,-5.7868,6.6798,0.0730,0.1811,-0.3148
3.8834,-2.0830,7.3119,-0.1635,-0.0017,-0.3785,-0.6895,-5.5737,6.4524,0.0713,0.2160,-0.3110
3.9025,-1.9872,7.0677,-0.1911,0.0533,-0.3750,-0.5531,-5.4731,6.2824,0.0140,0.2285,-0.3016
3.7972,-2.0303,7.0629,-0.2350,0.1579,-0.3669,-0.6345,-5.5737,6.2632,-0.0902,0.2999,-0.3023
3.5410,-2.1691,7.3813,-0.2565,0.2130,-0.3536,-0.8021,-5.9041,6.2920,-0.1363,0.3086,-0.3039
3.4333,-2.2841,7.6638,-0.2218,0.1190,-0.3279,-0.8547,-6.1890,6.3566,-0.0626,0.2314,-0.2678
3.5386,-2.3320,7.5705,-0.1645,0.0218,-0.3106,-0.7638,-6.0885,6.3590,0.0195,0.1616,-0.2418
3.6296,-2.3032,7.3789,-0.1459,0.0193,-0.2998,-0.6967,-5.8921,6.1746,0.0207,0.1713,-0.2358
3.6272,-2.1811,7.2042,-0.1723,0.0613,-0.2856,-0.7230,-5.7197,6.2417,-0.0216,0.1915,-0.2465
3.6392,-2.1644,7.3741,-0.1832,0.0614,-0.2753,-0.7566,-5.8203,6.2393,-0.0302,0.1771,-0.2388
3.7278,-2.1524,7.4843,-0.1852,0.0558,-0.2718,-0.7230,-5.8442,6.5290,-0.0309,0.1772,-0.2270
3.7637,-2.3703,7.1467,-0.2056,0.0469,-0.2962,-0.4286,-5.8442,6.2225,-0.0336,0.1607,-0.2410
3.4572,-2.3750,7.2042,-0.2286,0.1768,-0.3031,-0.6033,-5.9520,5.7916,-0.1271,0.2887,-0.2731
3.1795,-2.4732,7.5585,-0.2891,0.2414,-0.2630,-0.8667,-6.3782,5.9448,-0.2037,0.2860,-0.2631
2.7725,-2.6097,7.8841,-0.2194,0.1839,-0.2096,-1.1133,-6.7780,5.8299,-0.1479,0.2078,-0.1945
2.7198,-2.7078,7.6471,-0.1740,0.0075,-0.0721,-1.0894,-6.8714,5.7293,-0.0881,-0.0128,-0.0473
2.9928,-2.9640,7.6231,-0.1075,-0.0172,0.0108,-0.5962,-6.7732,5.8442,-0.0886,-0.0128,0.0136
2.8611,-2.7797,7.5322,-0.0218,0.0344,0.1059,-0.8452,-6.7684,5.6934,-0.0930,-0.0297,0.1132
3.0263,-2.7749,7.5322,0.0290,-0.0686,0.1937,-0.6656,-6.5793,5.7844,-0.0512,-0.1415,0.1829
3.2513,-2.5450,7.6926,0.1077,-0.1343,0.2328,-0.8475,-6.4476,6.0932,0.0195,-0.1724,0.2370
3.3710,-2.3152,7.5082,0.1376,-0.1761,0.2681,-0.7925,-6.0382,6.2177,0.0418,-0.2289,0.2770
3.6512,-2.1356,7.4148,0.1227,-0.1677,0.2874,-0.7781,-5.7916,6.2345,0.0192,-0.2128,0.2813
3.7158,-2.0423,7.3119,0.0822,-0.1196,0.2902,-0.7614,-5.7126,6.2991,-0.0342,-0.2112,0.2892
3.6320,-2.1141,7.3023,0.0683,-0.0669,0.2871,-0.7183,-5.7365,6.2848,-0.0854,-0.1727,0.2848
3.5626,-2.1668,7.4531,0.0638,-0.0413,0.3099,-0.8835,-5.8490,6.1962,-0.1085,-0.1765,0.3007
3.5314,-2.1428,7.5920,0.0786,-0.0581,0.3238,-0.8428,-5.9807,6.3566,-0.0929,-0.1909,0.3096
3.5650,-2.0303,7.3406,0.1050,-0.1122,0.3296,-0.8308,-5.8347,6.3710,-0.0494,-0.2261,0.3174
3.6847,-1.9896,7.2784,0.0865,-0.1112,0.3200,-0.7207,-5.6407,6.3303,-0.0569,-0.2122,0.2971
3.7517,-1.9417,7.1898,0.0434,-0.0464,0.3002,-0.8308,-5.6024,6.2968,-0.1120,-0.1757,0.2743
3.6248,-2.0303,7.2856,-0.0212,0.0224,0.2709,-0.6823,-5.8083,6.2249,-0.1721,-0.1223,0.2236
3.3878,-2.1620,7.3933,-0.0478,0.0200,0.2675,-0.9242,-6.0071,6.2034,-0.1809,-0.1278,0.2144
3.3303,-2.2098,7.6878,-0.0121,-0.0021,0.2673,-0.8547,-6.1579,6.2704,-0.1314,-0.1314,0.2196
3.2968,-2.2936,7.5513,0.0260,-0.0843,0.2771,-0.8571,-6.1220,6.1004,-0.0685,-0.2044,0.2427
3.3615,-2.2817,7.5298,0.0541,-0.1210,0.2879,-0.8332,-6.1220,6.1435,-0.0432,-0.2064,0.2562
3.4285,-2.2290,7.4412,0.0653,-0.1088,0.3138,-0.8428,-5.9280,6.1507,-0.0530,-0.2220,0.2755
3.5171,-2.1572,7.4101,0.0480,-0.1041,0.3271,-0.7901,-5.9161,6.1651,-0.0745,-0.2332,0.2879
3.5410,-2.1189,7.4005,0.0524,-0.1013,0.3384,-0.8068,-5.9496,6.2513,-0.0817,-0.2350,0.2956
3.5386,-2.1428,7.4340,0.0686,-0.0903,0.3549,-0.8380,-5.9951,6.1890,-0.0778,-0.2246,0.3135
3.4213,-2.1069,7.3310,0.0739,-0.1276,0.3725,-0.8164,-5.8610,6.2369,-0.0650,-0.2735,0.3307
3.6224,-2.1404,7.3550,0.0797,-0.1311,0.3768,-0.7518,-5.8179,6.3734,-0.0636,-0.2643,0.3340
3.7110,-2.1117,7.4292,0.0809,-0.1188,0.3669,-0.7709,-5.8035,6.4452,-0.0653,-0.2501,0.3262
3.6607,-1.9920,7.4675,0.0797,-0.1152,0.3613,-0.8882,-5.8059,6.3470,-0.0644,-0.2514,0.3289
3.6248,-2.0925,7.4771,0.0698,-0.1318,0.3553,-0.7925,-5.7868,6.3446,-0.0502,-0.2611,0.3187
3.6129,-2.0255,7.3406,0.0742,-0.1415,0.3492,-0.7566,-5.7581,6.4045,-0.0384,-0.2534,0.3167
3.6990,-2.0303,7.4172,0.0707,-0.1282,0.3345,-0.7733,-5.7006,6.4236,-0.0418,-0.2325,0.3002
3.6559,-1.9944,7.4508,0.0618,-0.1288,0.3216,-0.8164,-5.7389,6.3997,-0.0402,-0.2388,0.2923
3.5937,-1.9800,7.3957,0.0577,-0.1252,0.3192,-0.9026,-5.7772,6.2920,-0.0468,-0.2280,0.2890
3.6224,-1.9704,7.3837,0.0644,-0.1492,0.3154,-0.8499,-5.7724,6.2800,-0.0270,-0.2505,0.2838
3.5769,-2.0375,7.3071,0.0526,-0.1635,0.3284,-0.7374,-5.7197,6.2896,-0.0285,-0.2655,0.2856
3.7134,-2.0135,7.4508,0.0493,-0.2128,0.3303,-0.7183,-5.6623,6.5697,0.0081,-0.3012,0.2731
3.8499,-1.8579,7.5513,0.0861,-0.2651,0.3118,-0.8068,-5.6264,6.6583,0.0675,-0.3168,0.2618
4.1515,-1.7933,7.4747,0.1018,-0.2884,0.2959,-0.7254,-5.3798,6.7924,0.1037,-0.3215,0.2497
4.4077,-1.5945,7.3646,0.1212,-0.2855,0.2551,-0.6728,-5.1116,6.9240,0.1255,-0.2943,0.2390
4.6998,-1.4389,7.1180,0.1087,-0.2718,0.2060,-0.4597,-4.7238,7.1323,0.1234,-0.2554,0.1897
4.9416,-1.2330,6.9504,0.0747,-0.1486,0.1323,-0.4501,-4.4365,7.1778,0.0370,-0.1250,0.1311
4.7525,-1.2234,6.6200,-0.0096,0.0278,0.0160,-0.4860,-4.3000,7.0126,-0.1178,0.0544,0.0328
4.4365,-1.1612,6.6990,-0.1860,0.2662,-0.1023,-0.7446,-4.5466,6.5769,-0.2718,0.2370,-0.0861
3.8954,-1.5945,7.4005,-0.2916,0.2722,-0.1549,-0.9720,-5.3893,6.7349,-0.2840,0.2332,-0.1561
3.7876,-1.9609,7.7692,-0.2503,0.1518,-0.1851,-0.7853,-5.7317,6.8067,-0.1455,0.1632,-0.1832
3.7517,-2.0710,7.7261,-0.1813,-0.0047,-0.2188,-0.7470,-5.7533,6.7397,0.0169,0.0989,-0.2037
3.8666,-2.0662,7.4771,-0.1370,-0.0957,-0.2423,-0.6967,-5.5785,6.6655,0.1142,0.0655,-0.2345
4.1061,-1.8028,7.4077,-0.1162,-0.1443,-0.2726,-0.7326,-5.3654,6.7109,0.1519,0.0705,-0.2573
4.2904,-1.7334,7.2616,-0.1180,-0.1022,-0.3024,-0.5914,-5.1356,6.7253,0.1256,0.1085,-0.2646
4.1994,-1.6113,7.0270,-0.1836,0.0204,-0.3395,-0.6584,-5.1260,6.6056,0.0204,0.2062,-0.2994
4.0199,-1.7813,7.0820,-0.2585,0.1224,-0.3457,-0.6321,-5.2505,6.4308,-0.0766,0.2550,-0.3156
3.7996,-1.9201,7.1970,-0.2797,0.1340,-0.3375,-0.7566,-5.5522,6.4500,-0.1063,0.2398,-0.3103
3.6919,-2.1117,7.4340,-0.2631,0.1156,-0.3106,-0.7326,-5.7988,6.4859,-0.0949,0.2152,-0.2819
3.8403,-2.2601,7.4939,-0.2314,0.0861,-0.2895,-0.6680,-5.9280,6.5529,-0.0689,0.1985,-0.2542
3.8642,-2.2697,7.5250,-0.1721,0.0456,-0.2906,-0.5435,-5.8035,6.6032,0.0000,0.1761,-0.2392
3.9361,-2.0255,7.2472,-0.1458,0.0197,-0.2903,-0.6321,-5.5545,6.5242,0.0241,0.1656,-0.2505
3.9983,-1.9201,7.1874,-0.1776,0.0434,-0.3051,-0.6919,-5.4612,6.5529,-0.0060,0.1793,-0.2707
4.0630,-1.9728,7.3119,-0.2056,0.0640,-0.3103,-0.6536,-5.4372,6.6295,-0.0341,0.1864,-0.2633
3.9863,-2.0255,7.3167,-0.2000,0.0942,-0.3190,-0.6632,-5.5665,6.5027,-0.0444,0.2269,-0.2699
3.9193,-1.9632,7.3310,-0.2017,0.0939,-0.3230,-0.6991,-5.6024,6.4332,-0.0438,0.2204,-0.2731
3.8618,-1.9585,7.3861,-0.2114,0.0929,-0.3311,-0.6345,-5.5713,6.4380,-0.0373,0.2281,-0.2887
3.7996,-1.9896,7.3119,-0.2142,0.0797,-0.3503,-0.7183,-5.6312,6.4428,-0.0215,0.2214,-0.3067
3.8690,-1.9680,7.4460,-0.2218,0.0494,-0.3644,-0.7183,-5.6336,6.5170,0.0004,0.2137,-0.3300
3.8331,-1.9609,7.2568,-0.2208,0.0326,-0.3774,-0.7398,-5.6168,6.4141,0.0167,0.2141,-0.3433
3.9648,-1.9417,7.2903,-0.2321,0.0465,-0.3858,-0.6847,-5.5593,6.6008,0.0035,0.2301,-0.3496
3.8331,-1.9872,7.2209,-0.2380,0.0871,-0.3913,-0.6871,-5.6264,6.3877,-0.0252,0.2510,-0.3459
3.8666,-2.0375,7.2664,-0.2498,0.1210,-0.3780,-0.6512,-5.6886,6.3351,-0.0605,0.2621,-0.3352
3.7278,-2.1787,7.4220,-0.2433,0.1294,-0.3631,-0.7063,-5.8562,6.3279,-0.0654,0.2674,-0.3172
3.6296,-2.1500,7.4292,-0.2204,0.1051,-0.3404,-0.7638,-5.8897,6.3231,-0.0506,0.2325,-0.2911
3.6871,-2.1213,7.3310,-0.2098,0.0935,-0.3232,-0.7039,-5.8371,6.3470,-0.0480,0.2134,-0.2709
3.6943,-2.2338,7.3454,-0.2076,0.1087,-0.3078,-0.6608,-5.8107,6.3279,-0.0629,0.2249,-0.2674
3.6847,-2.1979,7.3717,-0.2002,0.1010,-0.3086,-0.6512,-5.8323,6.3853,-0.0541,0.2138,-0.2645
3.6823,-2.1883,7.3502,-0.1909,0.0833,-0.3003,-0.6728,-5.8586,6.3422,-0.0400,0.2004,-0.2555
3.7038,-2.1691,7.5226,-0.1897,0.0813,-0.2939,-0.6919,-5.8682,6.3063,-0.0402,0.2034,-0.2537
3.6871,-2.1715,7.4220,-0.1884,0.0915,-0.2866,-0.7805,-5.8897,6.3063,-0.0494,0.2065,-0.2392
3.6200,-2.2194,7.2664,-0.1900,0.1025,-0.2787,-0.6991,-5.7892,6.3039,-0.0592,0.2064,-0.2306
3.6033,-2.3846,7.2018,-0.2110,0.0770,-0.2832,-0.4549,-5.8826,6.1339,-0.0629,0.1868,-0.2398
3.3998,-2.4038,7.2520,-0.2411,0.1796,-0.2741,-0.6440,-6.1004,5.9065,-0.1502,0.2574,-0.2451
2.9113,-2.5786,7.6447,-0.2495,0.2413,-0.2214,-1.0319,-6.6942,5.8155,-0.2029,0.2996,-0.2088
2.7414,-2.6408,7.9655,-0.1422,0.0918,-0.1252,-1.1827,-6.8833,5.7437,-0.0813,0.1085,-0.0921
2.9401,-2.7725,7.6686,-0.0673,-0.1218,-0.0029,-0.8475,-6.7109,5.8371,0.0264,-0.1108,0.0370
3.2561,-2.5953,7.5082,0.0191,-0.1027,0.0449,-0.7087,-6.4643,6.0047,0.0207,-0.0541,0.0612
3.2992,-2.4373,7.3717,0.0334,-0.0360,0.1100,-0.7159,-6.1818,5.8969,-0.0260,-0.0781,0.1338
3.3710,-2.2314,7.4340,0.0408,-0.0674,0.1487,-0.8428,-6.0669,6.1268,-0.0260,-0.0925,0.1470
3.4357,-2.1308,7.4675,0.0554,-0.1142,0.1913,-0.9697,-5.9783,6.2776,-0.0157,-0.1701,0.2002
3.7014,-2.0949,7.3358,0.0412,-0.1167,0.2029,-0.7278,-5.8251,6.3973,-0.0260,-0.1613,0.2036
3.7661,-2.0997,7.2999,0.0262,-0.0593,0.2122,-0.6776,-5.7006,6.3063,-0.0745,-0.1395,0.2213
3.6152,-2.1141,7.3646,0.0164,-0.0016,0.2113,-0.6919,-5.7604,6.2776,-0.1110,-0.1011,0.2077
3.5410,-2.0973,7.4388,0.0145,-0.0187,0.2156,-0.9098,-5.9185,6.3183,-0.1066,-0.1104,0.2008
3.5171,-2.1189,7.5968,0.0388,-0.0533,0.2317,-0.9409,-5.9161,6.4189,-0.0653,-0.1470,0.2194
3.6033,-1.9465,7.4484,0.0544,-0.0857,0.2394,-0.9385,-5.8107,6.3063,-0.0406,-0.1785,0.2292
3.7350,-1.9034,7.2472,0.0293,-0.0735,0.2312,-0.8356,-5.5474,6.3327,-0.0697,-0.1615,0.2118
3.7589,-1.9609,7.2520,-0.0141,-0.0011,0.2109,-0.8667,-5.5952,6.3446,-0.1338,-0.1002,0.1776
3.4979,-2.0518,7.3837,-0.0514,0.0452,0.1951,-0.8499,-5.7988,6.2393,-0.1691,-0.0807,0.1705
3.4381,-2.1548,7.4819,-0.0577,0.0145,0.2006,-0.8428,-5.9783,6.2489,-0.1462,-0.1009,0.1627
3.4548,-2.1763,7.7309,-0.0119,-0.0438,0.2016,-0.9936,-6.1411,6.3662,-0.0854,-0.1244,0.1656
3.4285,-2.2362,7.5681,0.0290,-0.0733,0.2089,-0.9002,-6.0454,6.3566,-0.0429,-0.1549,0.1947
3.4860,-2.1237,7.3454,0.0282,-0.0834,0.2192,-0.8499,-5.8802,6.1435,-0.0452,-0.1591,0.2009
3.4620,-2.0135,7.4364,0.0199,-0.0791,0.2465,-0.8763,-5.8778,6.2728,-0.0730,-0.1775,0.2258
3.5937,-1.9896,7.3071,0.0280,-0.0785,0.2589,-0.8236,-5.8107,6.2082,-0.0705,-0.1787,0.2348
3.5674,-2.1452,7.5250,0.0298,-0.0686,0.2611,-0.8068,-5.8993,6.2297,-0.0762,-0.1720,0.2346
3.5745,-2.0973,7.3885,0.0282,-0.0838,0.2638,-0.8332,-5.9065,6.2991,-0.0687,-0.1827,0.2344
3.5506,-2.0470,7.4508,0.0330,-0.0762,0.2658,-0.8763,-5.9448,6.2465,-0.0718,-0.1817,0.2372
3.6081,-2.0662,7.4436,0.0228,-0.0753,0.2706,-0.7733,-5.7964,6.3255,-0.0833,-0.1904,0.2349
3.5650,-2.0877,7.4412,0.0195,-0.0606,0.2745,-0.8739,-5.8754,6.2800,-0.0905,-0.1692,0.2372
3.5506,-2.0638,7.5776,0.0270,-0.0715,0.2799,-0.8595,-5.8610,6.2704,-0.0803,-0.1924,0.2482
3.5482,-2.0638,7.4316,0.0229,-0.0871,0.2827,-0.8475,-5.8490,6.2704,-0.0770,-0.1990,0.2410
3.5985,-2.0853,7.4555,0.0306,-0.0997,0.2830,-0.7853,-5.8419,6.4212,-0.0593,-0.2108,0.2461
3.6751,-2.0853,7.4053,0.0437,-0.1059,0.2709,-0.8236,-5.7844,6.3638,-0.0437,-0.1990,0.2413
3.6631,-1.9992,7.4053,0.0398,-0.1025,0.2689,-0.8332,-5.7628,6.3590,-0.0488,-0.1972,0.2471
3.5674,-2.0159,7.4364,0.0400,-0.0897,0.2622,-0.7757,-5.7652,6.3901,-0.0465,-0.1816,0.2374
3.5698,-1.9920,7.3717,0.0354,-0.1042,0.2633,-0.8571,-5.7557,6.3279,-0.0506,-0.1968,0.2402
3.5482,-2.0734,7.4148,0.0341,-0.1029,0.2578,-0.8691,-5.8107,6.3853,-0.0486,-0.1895,0.2381
3.5841,-2.0135,7.3598,0.0288,-0.1162,0.2685,-0.8787,-5.7964,6.2728,-0.0414,-0.2137,0.2361
3.6583,-2.0470,7.4699,0.0228,-0.1300,0.2733,-0.8380,-5.7317,6.3446,-0.0422,-0.2254,0.2340
3.6703,-2.0542,7.3909,0.0262,-0.1351,0.2619,-0.8164,-5.7581,6.3398,-0.0360,-0.2249,0.2281
3.7230,-2.0111,7.4005,0.0240,-0.1488,0.2625,-0.8188,-5.7413,6.4500,-0.0250,-0.2294,0.2220
3.8331,-1.9656,7.4244,0.0434,-0.1569,0.2558,-0.7566,-5.6934,6.5601,-0.0028,-0.2277,0.2168
3.9265,-1.8890,7.4819,0.0505,-0.1713,0.2487,-0.7685,-5.5522,6.6870,0.0171,-0.2385,0.2168
4.1252,-1.7933,7.3023,0.0550,-0.1572,0.2360,-0.7183,-5.3079,6.6367,0.0008,-0.2148,0.2020
4.4029,-1.6544,7.2640,0.0334,-0.1120,0.2132,-0.6608,-5.1308,6.8761,-0.0292,-0.1705,0.1797
4.5298,-1.5802,7.1946,0.0326,-0.0766,0.1491,-0.6728,-5.0278,7.0964,-0.0241,-0.1046,0.1408
4.5466,-1.4198,7.0868,0.0029,-0.0104,0.0609,-0.6153,-4.8052,6.9528,-0.0549,-0.0149,0.0693
4.2880,-1.3312,6.8618,-0.0941,0.1200,-0.0344,-0.6991,-4.7573,6.6990,-0.1458,0.1163,-0.0329
3.9480,-1.4365,7.2568,-0.1739,0.1271,-0.1087,-1.0319,-5.1523,6.5649,-0.1420,0.1552,-0.1187
3.7278,-1.7549,7.4220,-0.2370,0.0484,-0.1170,-0.8978,-5.5952,6.6319,-0.1275,0.0416,-0.1239
3.8451,-2.0997,7.6758,-0.2014,0.0735,-0.1671,-0.7350,-5.7724,6.7277,-0.0771,0.1444,-0.1708
3.8259,-2.1715,7.5178,-0.1540,-0.0308,-0.1841,-0.7446,-5.7772,6.6224,0.0225,0.0625,-0.1627
3.8930,-2.0255,7.3334,-0.1103,-0.0337,-0.2100,-0.6536,-5.5737,6.5505,0.0473,0.1112,-0.1909
3.9624,-1.9106,7.3047,-0.1272,-0.0124,-0.2385,-0.7518,-5.4588,6.6583,0.0392,0.1332,-0.2044
3.9433,-1.8387,7.3071,-0.1424,0.0115,-0.2573,-0.8164,-5.3989,6.5793,0.0232,0.1565,-0.2177
3.8499,-1.7933,7.2496,-0.1697,0.0324,-0.2763,-0.7518,-5.3989,6.4572,-0.0049,0.1580,-0.2269
3.8571,-1.9800,7.1706,-0.1909,0.0484,-0.2657,-0.7566,-5.5330,6.4667,-0.0348,0.1727,-0.2274
3.9002,-2.0470,7.3191,-0.1745,0.0741,-0.2699,-0.6584,-5.6695,6.5481,-0.0289,0.1901,-0.2206
3.6655,-2.0494,7.2233,-0.1644,0.0674,-0.2699,-0.7374,-5.7748,6.2752,-0.0192,0.1887,-0.2286
3.8475,-1.9656,7.4268,-0.1640,0.0277,-0.2754,-0.7805,-5.7197,6.5266,0.0111,0.1788,-0.2377
3.7852,-1.9441,7.2736,-0.1588,0.0053,-0.2890,-0.7446,-5.6407,6.4452,0.0312,0.1583,-0.2453
3.8164,-1.8938,7.2616,-0.1688,0.0121,-0.2956,-0.7829,-5.5426,6.3566,0.0175,0.1645,-0.2558
3.8642,-1.9441,7.1970,-0.1944,0.0493,-0.2936,-0.7230,-5.5545,6.4404,-0.0230,0.1785,-0.2539
3.8427,-1.9752,7.2736,-0.2126,0.0902,-0.2874,-0.7614,-5.7413,6.3662,-0.0640,0.2030,-0.2482
3.7589,-2.0446,7.4843,-0.2017,0.0990,-0.2828,-0.7278,-5.7557,6.4548,-0.0593,0.2009,-0.2455
3.7469,-2.0016,7.4747,-0.1776,0.0532,-0.2795,-0.7853,-5.7245,6.4715,-0.0209,0.1709,-0.2305
3.8954,-1.9178,7.4244,-0.1772,0.0330,-0.2828,-0.7254,-5.6575,6.4524,-0.0043,0.1643,-0.2402
3.8547,-1.9872,7.2425,-0.1986,0.0576,-0.2988,-0.6919,-5.6479,6.4500,-0.0236,0.1887,-0.2598
3.8164,-2.0399,7.2856,-0.2132,0.0613,-0.3159,-0.7446,-5.5976,6.4835,-0.0246,0.1982,-0.2806
3.7757,-2.0853,7.3550,-0.2104,0.0494,-0.3258,-0.7278,-5.6934,6.4428,-0.0113,0.1937,-0.2944
3.7469,-1.9944,7.3430,-0.2125,0.0473,-0.3321,-0.7566,-5.7102,6.3973,-0.0077,0.1897,-0.2971
3.7924,-1.9968,7.3909,-0.2197,0.0614,-0.3400,-0.7614,-5.6479,6.4476,-0.0195,0.2060,-0.3026
3.7517,-2.0638,7.3023,-0.2246,0.0694,-0.3407,-0.7278,-5.6695,6.4141,-0.0252,0.2153,-0.3067
3.7613,-2.0734,7.2329,-0.2241,0.0638,-0.3481,-0.6680,-5.7581,6.4596,-0.0278,0.2030,-0.3020
3.7517,-2.1021,7.2927,-0.2538,0.1212,-0.4249,-0.6369,-5.6623,6.4308,-0.0298,0.2113,-0.2930
3.9193,-2.0590,7.4077,-0.2330,0.0997,-0.3985,-0.7901,-5.8826,6.4548,-0.0510,0.2530,-0.3062
3.4524,-2.1859,7.5776,-0.1885,0.0794,-0.2995,-0.5626,-5.8155,6.2273,-0.0409,0.1807,-0.2854
3.4931,-2.0877,7.5202,-0.2060,0.0613,-0.2948,-0.7159,-5.8323,6.2752,-0.0309,0.1859,-0.2522
3.6607,-2.1644,7.4867,-0.1765,0.0492,-0.2757,-0.7638,-5.8466,6.2680,-0.0187,0.1845,-0.2505
3.6990,-2.1093,7.4053,-0.1933,0.0632,-0.2975,-0.6991,-5.7126,6.3327,-0.0266,0.1947,-0.2511
3.7302,-2.1332,7.4101,-0.1977,0.0974,-0.3010,-0.6871,-5.8419,6.3877,-0.0554,0.2300,-0.2557
3.5721,-2.1500,7.4124,-0.1970,0.1143,-0.2878,-0.7039,-5.8778,6.3111,-0.0620,0.2204,-0.2471
3.5458,-2.1548,7.4124,-0.1864,0.0839,-0.2758,-0.7853,-5.9616,6.1627,-0.0490,0.1958,-0.2433
3.4668,-2.1979,7.4388,-0.1869,0.0663,-0.2787,-0.7685,-5.8849,6.2249,-0.0313,0.1636,-0.2286
3.5865,-2.1572,7.4029,-0.1761,0.0602,-0.2599,-0.8428,-6.0047,6.2560,-0.0280,0.1765,-0.2192
3.6009,-2.3391,7.2544,-0.1885,0.0309,-0.2619,-0.4741,-5.8826,6.1986,-0.0216,0.1384,-0.2145
3.5099,-2.3080,7.0940,-0.2042,0.1057,-0.2521,-0.7087,-6.0238,5.9376,-0.0873,0.2185,-0.2360
3.1005,-2.5043,7.6231,-0.2697,0.1997,-0.2423,-0.8571,-6.4452,5.8586,-0.1815,0.2399,-0.2197
2.6145,-2.5474,7.9871,-0.1897,0.1935,-0.1615,-1.3455,-6.9935,5.7628,-0.1555,0.2201,-0.1278
2.7725,-2.7988,7.6878,-0.1030,-0.0895,-0.0185,-0.9744,-6.8498,5.7988,-0.0141,-0.1228,0.0320
3.1244,-2.7461,7.5968,0.0127,-0.0777,0.0670,-0.7925,-6.6367,5.9137,-0.0128,-0.0297,0.0758
3.1532,-2.5283,7.3334,0.0204,-0.0360,0.1340,-0.6967,-6.3422,5.7245,-0.0589,-0.1327,0.1685
3.2777,-2.4373,7.5034,0.0472,-0.0390,0.2000,-0.7638,-6.2106,6.0478,-0.0677,-0.1120,0.1895
3.4213,-2.2601,7.5441,0.0723,-0.0837,0.2149,-0.8930,-6.1339,6.1627,-0.0340,-0.1633,0.2210
3.5554,-2.1500,7.6160,0.0783,-0.0858,0.2325,-0.8332,-5.9496,6.3087,-0.0382,-0.1561,0.2411
3.5219,-2.0686,7.2329,0.0659,-0.0974,0.2393,-0.7398,-5.7724,6.3039,-0.0434,-0.1940,0.2435
3.6823,-2.0758,7.3574,0.0418,-0.0638,0.2554,-0.7422,-5.8035,6.2728,-0.0781,-0.1510,0.2368
3.6440,-2.0925,7.4244,0.0418,-0.0187,0.2489,-0.8045,-5.7988,6.3063,-0.1039,-0.1484,0.2413
3.4860,-2.0614,7.5130,0.0246,-0.0187,0.2509,-0.9050,-5.8802,6.2776,-0.1103,-0.1375,0.2334
3.4979,-2.0231,7.5753,0.0241,-0.0510,0.2518,-0.8787,-5.8419,6.3039,-0.0910,-0.1624,0.2346
3.6320,-1.9968,7.2760,0.0189,-0.0385,0.2380,-0.8595,-5.7964,6.2513,-0.0981,-0.1470,0.2190
3.5530,-2.0638,7.3430,-0.0288,0.0089,0.1957,-0.7470,-5.8155,6.1148,-0.1414,-0.1061,0.1709
3.3351,-2.1955,7.4986,-0.0556,0.0258,0.1917,-0.9481,-6.1100,6.1268,-0.1448,-0.0986,0.1767
3.2322,-2.2386,7.6543,-0.0120,-0.0250,0.2423,-0.9840,-6.1627,6.0980,-0.1156,-0.1247,0.1845
3.2801,-2.2146,7.4627,0.0088,-0.0646,0.2510,-0.9074,-6.1866,6.1387,-0.0723,-0.1727,0.2074
3.2944,-2.1979,7.4196,0.0329,-0.0801,0.2483,-0.8835,-6.0262,6.0956,-0.0602,-0.1849,0.2230
3.4141,-2.1548,7.5202,0.0388,-0.0754,0.2686,-0.8715,-5.9855,6.0980,-0.0727,-0.1836,0.2369
3.3591,-2.1237,7.4412,0.0374,-0.1031,0.2980,-0.8835,-5.9328,6.1244,-0.0713,-0.2100,0.2474
3.5123,-2.1356,7.5274,0.0348,-0.0954,0.3008,-0.8691,-5.9783,6.2800,-0.0797,-0.1994,0.2537
3.5123,-2.0542,7.4603,0.0405,-0.0846,0.2966,-0.8619,-5.9209,6.2680,-0.0685,-0.2110,0.2655
3.5051,-2.1572,7.4077,0.0429,-0.0854,0.3035,-0.8739,-5.9400,6.1842,-0.0755,-0.1936,0.2695
3.4812,-2.1356,7.6088,0.0601,-0.1083,0.3071,-0.7949,-5.9879,6.2896,-0.0585,-0.2160,0.2734
3.5386,-1.9752,7.3837,0.0687,-0.1054,0.3091,-0.8284,-5.8754,6.2345,-0.0552,-0.2065,0.2759
3.4979,-2.0542,7.3023,0.0386,-0.0771,0.3090,-0.8954,-5.8490,6.1172,-0.0866,-0.2064,0.2747
3.4907,-2.1428,7.3382,0.0172,-0.0707,0.3112,-0.8835,-5.9831,6.1459,-0.0987,-0.2062,0.2647
3.5003,-2.1380,7.4747,0.0332,-0.0923,0.3094,-0.7949,-6.0071,6.2513,-0.0785,-0.2226,0.2645
3.5386,-2.1093,7.5705,0.0468,-0.1138,0.3066,-0.8188,-5.9496,6.2968,-0.0577,-0.2213,0.2679
3.5171,-2.0351,7.4364,0.0542,-0.1202,0.3071,-0.8356,-5.8754,6.3422,-0.0448,-0.2125,0.2623
3.5698,-1.9776,7.4220,0.0493,-0.1102,0.2983,-0.8906,-5.8634,6.2560,-0.0421,-0.2212,0.2687
3.5506,-2.0925,7.5178,0.0366,-0.1175,0.3052,-0.8499,-5.8658,6.3087,-0.0568,-0.2205,0.2637
3.5434,-2.0542,7.5513,0.0418,-0.1318,0.3124,-0.8739,-5.8634,6.2776,-0.0458,-0.2450,0.2734
3.4596,-1.9872,7.3646,0.0433,-0.1663,0.3094,-0.8523,-5.8035,6.2656,-0.0262,-0.2705,0.2683
3.6368,-2.1069,7.4484,0.0465,-0.1962,0.3155,-0.8068,-5.8131,6.4117,-0.0097,-0.2774,0.2651
3.7924,-1.9824,7.4747,0.0437,-0.1815,0.3034,-0.6895,-5.7269,6.5027,-0.0116,-0.2575,0.2491
3.7876,-1.9561,7.3550,0.0497,-0.1693,0.2809,-0.7661,-5.6767,6.5242,0.0015,-0.2505,0.2445
3.8786,-1.9010,7.3478,0.0509,-0.1843,0.2805,-0.7566,-5.5330,6.5697,0.0076,-0.2553,0.2435
4.0007,-1.7837,7.2377,0.0624,-0.1747,0.2705,-0.6680,-5.4851,6.7086,0.0075,-0.2479,0.2361
4.2569,-1.6855,7.3813,0.0601,-0.1224,0.2465,-0.6416,-5.2577,6.9815,-0.0143,-0.1860,0.2093
4.5107,-1.4246,7.3789,0.0837,-0.1320,0.1936,-0.7614,-4.9752,7.0605,0.0318,-0.1615,0.1771
4.7262,-1.2594,6.9743,0.0770,-0.1524,0.1336,-0.5435,-4.5250,6.9935,0.0457,-0.1512,0.1306
4.6519,-1.1995,6.4524,-0.0914,0.0686,0.0188,-0.4334,-4.3096,6.6463,-0.1607,0.0417,0.0049
4.1348,-1.4006,7.0581,-0.2803,0.3834,-0.1003,-0.7997,-5.1068,6.6463,-0.4002,0.3435,-0.1407
3.5937,-1.9249,7.8554,-0.2733,0.2795,-0.1467,-1.0271,-5.9376,6.7373,-0.2622,0.2312,-0.1508
3.3327,-2.1883,7.8937,-0.1680,0.0346,-0.1556,-0.9170,-6.0813,6.4979,-0.0437,0.0970,-0.1496
3.8283,-2.2841,7.4077,-0.1156,-0.0795,-0.1647,-0.6656,-5.9328,6.4763,0.0666,0.0593,-0.1648
3.8690,-2.0255,7.4939,-0.0926,-0.0548,-0.2334,-0.7374,-5.6360,6.4979,0.1022,0.1336,-0.2368
3.8762,-1.7597,7.2856,-0.1083,-0.0821,-0.2593,-0.8619,-5.4660,6.5194,0.1120,0.1019,-0.2285
3.9600,-1.6927,7.2161,-0.1475,-0.0226,-0.2864,-0.7494,-5.4277,6.3949,0.0461,0.1512,-0.2457
4.0175,-1.7933,7.2784,-0.1974,0.0723,-0.2952,-0.7709,-5.5498,6.4643,-0.0380,0.2089,-0.2513
3.7302,-1.9896,7.3382,-0.2138,0.1158,-0.3127,-0.7997,-5.7269,6.2656,-0.0572,0.2241,-0.2467
3.5937,-2.1380,7.4651,-0.1978,0.0735,-0.2801,-0.8116,-5.8945,6.2920,-0.0424,0.1897,-0.2270
3.6751,-2.1189,7.5705,-0.1478,0.0045,-0.2715,-0.7590,-5.8969,6.2824,0.0208,0.1536,-0.2146
3.7900,-2.0830,7.3765,-0.1392,-0.0083,-0.2646,-0.7709,-5.7700,6.5314,0.0298,0.1296,-0.2114
3.7781,-1.9776,7.2975,-0.1727,0.0312,-0.2661,-0.6943,-5.6503,6.3782,-0.0069,0.1659,-0.2304
3.8188,-1.9968,7.4843,-0.1837,0.0482,-0.2649,-0.7518,-5.7533,6.3973,-0.0221,0.1591,-0.2282
3.7469,-2.0973,7.4508,-0.1631,0.0316,-0.2719,-0.7661,-5.7413,6.4117,-0.0047,0.1592,-0.2318
3.8092,-1.9273,7.4196,-0.1585,0.0240,-0.2639,-0.7590,-5.6168,6.5242,0.0035,0.1512,-0.2246
3.7014,-1.9225,7.3382,-0.1628,0.0332,-0.2713,-0.7733,-5.6264,6.5098,-0.0095,0.1723,-0.2300
3.9265,-1.9369,7.4077,-0.1781,0.0428,-0.2866,-0.7757,-5.5952,6.5577,-0.0163,0.1808,-0.2352
3.7685,-1.9992,7.3550,-0.1887,0.0505,-0.2992,-0.7494,-5.6072,6.4069,-0.0143,0.1921,-0.2497
3.8140,-1.9489,7.4340,-0.1937,0.0461,-0.3144,-0.7422,-5.6695,6.3997,-0.0032,0.1901,-0.2669
3.7757,-1.9776,7.3239,-0.1964,0.0217,-0.3243,-0.7949,-5.6168,6.3829,0.0135,0.1785,-0.2902
3.9097,-1.9417,7.3406,-0.2069,0.0264,-0.3557,-0.7757,-5.5067,6.5673,0.0192,0.1911,-0.3114
3.8571,-1.9417,7.3406,-0.2254,0.0486,-0.3709,-0.7853,-5.5881,6.4476,-0.0004,0.2246,-0.3316
3.8618,-1.9609,7.2975,-0.2244,0.0733,-0.3696,-0.7374,-5.6336,6.3973,-0.0148,0.2376,-0.3271
3.7924,-1.9944,7.3741,-0.2309,0.0797,-0.3717,-0.7063,-5.7652,6.4332,-0.0268,0.2493,-0.3243
3.7541,-2.0255,7.4053,-0.2238,0.0895,-0.3655,-0.7661,-5.7748,6.3638,-0.0298,0.2470,-0.3136
3.6703,-2.1069,7.3310,-0.2165,0.0911,-0.3556,-0.7015,-5.7868,6.3494,-0.0305,0.2431,-0.3114
3.6488,-2.0542,7.5298,-0.2220,0.0773,-0.3609,-0.7350,-5.8012,6.3207,-0.0236,0.2288,-0.3190
3.7158,-2.1524,7.3622,-0.2290,0.0596,-0.3552,-0.7087,-5.7844,6.3351,-0.0213,0.2084,-0.3074
3.7781,-2.1380,7.3933,-0.2192,0.0925,-0.3477,-0.6871,-5.8514,6.3686,-0.0402,0.2406,-0.3048
3.6631,-2.1668,7.3670,-0.2137,0.1085,-0.3383,-0.6728,-5.8562,6.3231,-0.0484,0.2410,-0.2944
3.5578,-2.1763,7.4148,-0.2089,0.1112,-0.3376,-0.7901,-5.8658,6.2584,-0.0453,0.2481,-0.2884
3.5769,-2.1213,7.5178,-0.1990,0.0922,-0.3259,-0.7997,-5.9233,6.2632,-0.0332,0.2232,-0.2803
3.5841,-2.0758,7.5824,-0.1719,0.0380,-0.3090,-0.8284,-5.9304,6.4117,0.0077,0.1928,-0.2615
3.7709,-2.0159,7.2544,-0.1709,0.0272,-0.3100,-0.7398,-5.6312,6.2944,0.0061,0.1680,-0.2579
3.6368,-2.0135,7.1874,-0.2309,0.1227,-0.3259,-0.6800,-5.7341,6.1675,-0.0747,0.2565,-0.2826
3.5051,-2.3918,7.2832,-0.2562,0.1090,-0.3268,-0.5770,-5.9999,6.0908,-0.0771,0.2173,-0.2810
3.4716,-2.4588,7.2808,-0.2384,0.1150,-0.3210,-0.6823,-6.2273,6.0549,-0.0926,0.2570,-0.2960
3.0454,-2.5714,7.6519,-0.2575,0.1948,-0.2882,-0.9433,-6.6942,5.8634,-0.1496,0.2984,-0.2677
2.5738,-2.6001,7.8219,-0.1888,0.1466,-0.2033,-1.2043,-6.8690,5.5785,-0.1082,0.1817,-0.1647
2.6264,-2.8635,7.6926,-0.1334,-0.0336,-0.0468,-0.9912,-6.9121,5.6168,-0.0388,-0.0508,-0.0095
3.0119,-2.9161,7.7357,-0.0328,-0.0663,0.0216,-0.6608,-6.8115,5.8466,-0.0145,-0.0268,0.0476
3.0119,-2.6456,7.4986,0.0516,-0.0566,0.1300,-0.8499,-6.6032,5.7317,-0.0195,-0.1007,0.1569
3.2465,-2.4804,7.5633,0.0806,-0.1335,0.2034,-0.8236,-6.3207,6.1004,0.0079,-0.1651,0.2113
3.4860,-2.3176,7.5010,0.1049,-0.1483,0.2345,-0.7925,-6.0382,6.1627,0.0111,-0.1939,0.2462
3.6583,-2.2218,7.3023,0.0875,-0.1100,0.2571,-0.7470,-5.9209,6.0837,-0.0293,-0.1796,0.2677
3.6416,-2.1763,7.2161,0.0610,-0.0769,0.2751,-0.7446,-5.8251,6.0430,-0.0807,-0.1743,0.2686
3.6320,-2.1691,7.4484,0.0437,-0.0626,0.2898,-0.7374,-5.9520,6.3710,-0.0986,-0.1791,0.2750
3.5099,-2.1811,7.5369,0.0754,-0.0444,0.2995,-0.8499,-6.0621,6.2465,-0.0906,-0.1643,0.2907
3.5123,-2.0925,7.5633,0.0926,-0.0837,0.3192,-0.8930,-5.9424,6.3375,-0.0577,-0.2142,0.3143
3.5626,-1.9872,7.4962,0.0990,-0.1184,0.3339,-0.8835,-5.8682,6.2201,-0.0449,-0.2362,0.3138
3.6703,-1.8675,7.2951,0.0982,-0.1103,0.3332,-0.8380,-5.6599,6.3662,-0.0500,-0.2273,0.3098
3.8188,-1.8986,7.3263,0.0663,-0.0817,0.3179,-0.8045,-5.6216,6.3949,-0.0775,-0.2058,0.2890
3.7182,-1.8579,7.3382,0.0358,-0.0449,0.2916,-0.8164,-5.5713,6.4141,-0.1100,-0.1700,0.2634
3.6775,-1.9537,7.4436,0.0104,-0.0312,0.2769,-0.8787,-5.6814,6.3853,-0.1166,-0.1615,0.2386
3.6775,-2.0423,7.3909,-0.0004,-0.0326,0.2469,-0.9673,-5.7174,6.3494,-0.1002,-0.1423,0.2137
3.6272,-1.9513,7.4627,0.0131,-0.0502,0.2290,-0.9481,-5.7772,6.3422,-0.0758,-0.1366,0.2016
3.5123,-1.9585,7.4053,0.0039,-0.0556,0.2113,-0.9433,-5.7796,6.2130,-0.0779,-0.1378,0.1885
3.4740,-1.9896,7.4436,-0.0084,-0.0270,0.2089,-0.9337,-5.8203,6.1794,-0.1002,-0.1104,0.1793
3.5003,-2.0806,7.5848,-0.0111,-0.0502,0.2162,-0.9002,-5.9855,6.2106,-0.0869,-0.1462,0.1885
3.4931,-2.0590,7.5010,0.0075,-0.0685,0.2308,-1.0175,-5.9544,6.2465,-0.0715,-0.1472,0.1928
3.4668,-2.0662,7.4795,0.0093,-0.0951,0.2422,-0.9361,-5.9089,6.1651,-0.0585,-0.1974,0.2073
3.5003,-2.1021,7.4053,0.0196,-0.1002,0.2547,-0.8523,-5.8778,6.2800,-0.0612,-0.1827,0.2200
3.7086,-2.0590,7.5010,0.0238,-0.1134,0.2627,-0.7446,-5.8634,6.3734,-0.0576,-0.2084,0.2250
3.7134,-2.1069,7.4627,0.0266,-0.0925,0.2627,-0.8428,-5.7868,6.3949,-0.0628,-0.1803,0.2278
3.6966,-2.0087,7.4651,0.0389,-0.1045,0.2650,-0.8260,-5.7437,6.4572,-0.0518,-0.2038,0.2388
3.7613,-1.9800,7.3023,0.0373,-0.0955,0.2621,-0.7853,-5.6455,6.3638,-0.0577,-0.1821,0.2365
3.7541,-1.9561,7.3957,0.0249,-0.0817,0.2518,-0.8523,-5.7078,6.4500,-0.0693,-0.1761,0.2264
3.7804,-1.9249,7.4292,0.0301,-0.0630,0.2418,-0.8260,-5.7581,6.3997,-0.0698,-0.1536,0.2304
3.6344,-2.0111,7.4388,0.0324,-0.0701,0.2421,-0.8380,-5.8083,6.3686,-0.0662,-0.1635,0.2261
3.7350,-1.9656,7.3478,0.0127,-0.0735,0.2373,-0.7350,-5.7485,6.2608,-0.0727,-0.1684,0.2176
3.5841,-1.9585,7.4627,0.0069,-0.0566,0.2265,-0.8332,-5.7652,6.2656,-0.0779,-0.1434,0.1989
3.5817,-1.9968,7.5010,-0.0003,-0.0576,0.2121,-0.8715,-5.8778,6.3782,-0.0718,-0.1398,0.1837
3.5745,-1.9776,7.4651,0.0085,-0.0883,0.2108,-0.9649,-5.7964,6.2920,-0.0441,-0.1627,0.1829
3.6057,-1.9225,7.4316,-0.0008,-0.1172,0.2134,-0.8667,-5.7700,6.3087,-0.0385,-0.1852,0.1757
3.7781,-1.9632,7.3502,-0.0084,-0.1029,0.2136,-0.7925,-5.7461,6.4332,-0.0421,-0.1707,0.1709
3.7948,-1.9752,7.3646,0.0049,-0.0953,0.1916,-0.8092,-5.6024,6.4596,-0.0376,-0.1533,0.1689
3.7182,-1.9010,7.4412,0.0015,-0.0994,0.1843,-0.8739,-5.7341,6.3566,-0.0366,-0.1502,0.1596
3.7278,-1.9249,7.2856,0.0001,-0.1155,0.1833,-0.8188,-5.5761,6.4596,-0.0266,-0.1667,0.1580
3.8331,-1.9968,7.4196,-0.0167,-0.1182,0.1851,-0.7805,-5.6743,6.4620,-0.0309,-0.1639,0.1569
3.9456,-2.0351,7.4555,-0.0097,-0.0963,0.1713,-0.7302,-5.6455,6.5338,-0.0329,-0.1406,0.1502
3.8690,-1.8316,7.3861,0.0071,-0.0925,0.1587,-0.7949,-5.5761,6.4548,-0.0192,-0.1380,0.1458
3.9169,-1.8316,7.2329,0.0033,-0.0933,0.1468,-0.7494,-5.5234,6.4596,-0.0216,-0.1232,0.1324
4.0965,-1.8675,7.3239,-0.0096,-0.0753,0.1363,-0.7542,-5.4372,6.5936,-0.0330,-0.1086,0.1206
4.0462,-1.8340,7.3478,-0.0099,-0.0469,0.1136,-0.8188,-5.4372,6.6990,-0.0458,-0.0839,0.0999
4.1084,-1.6807,7.3382,-0.0222,-0.0332,0.0766,-0.7925,-5.3032,6.7205,-0.0465,-0.0588,0.0803
4.1084,-1.6137,7.2305,-0.0485,-0.0378,0.0428,-0.7901,-5.2529,6.7253,-0.0478,-0.0478,0.0446
4.3144,-1.6951,7.4005,-0.0659,-0.0045,-0.0027,-0.6991,-5.1906,6.7756,-0.0432,0.0192,-0.0015
4.0965,-1.6352,7.1563,-0.0931,0.0135,-0.0861,-0.7709,-5.2146,6.4069,-0.0449,0.0653,-0.0617
3.9959,-1.8364,7.3287,-0.1451,0.0618,-0.1103,-0.5578,-5.5545,6.7660,-0.0983,0.1054,-0.1163
4.6400,-2.4636,8.4060,0.1605,0.0993,-0.2988,-0.3280,-6.1794,8.0637,0.0919,0.3063,-0.1523
3.7804,-2.1955,8.3414,0.6823,0.0226,-0.4664,-0.7350,-6.6511,7.7165,0.3628,0.4724,-0.0843
4.8626,-2.0734,8.0996,0.7642,0.1913,-0.5582,-0.7757,-5.9041,7.4555,0.3866,0.5632,0.2930
4.9680,-1.4341,8.1259,0.7464,0.5508,-0.6066,0.3926,-5.4851,8.2528,0.3407,0.8873,0.0145
5.2984,-1.5969,7.8099,0.8683,0.4283,-0.6615,-0.3232,-5.4061,8.3486,0.2694,1.1394,-0.0719
5.1834,-1.2737,7.5226,0.7609,1.1495,-1.2772,-0.1796,-4.7333,7.7141,0.1419,1.6198,-0.2030
4.3790,-0.5626,7.2880,0.5183,1.6197,-1.3904,-0.7949,-4.7645,6.7014,-0.3698,2.3081,-0.6323
3.7948,-0.7302,9.3948,0.1972,0.9467,-1.3590,-1.9992,-5.5929,7.8673,-0.0770,1.8756,-0.4112
3.9313,-0.1484,9.0166,0.5368,-0.2474,-1.2820,-2.1979,-5.2696,8.0302,0.8956,0.7951,-0.3746
3.8379,0.0838,7.3071,0.5383,-0.3945,-1.3448,-1.5826,-4.5059,6.9552,0.8523,0.9667,-0.3633
2.4636,0.8547,7.3885,0.4171,0.7444,-1.5700,-2.9544,-4.8028,5.4971,0.3718,1.8405,-0.7039
1.0367,1.3862,7.6662,0.3652,0.9518,-1.3555,-4.6567,-5.4779,4.8147,0.0649,1.8005,-0.4792
0.8882,1.3623,8.7628,0.3521,0.4194,-1.0748,-4.5131,-5.8466,6.0334,0.2721,1.0448,-0.2682
1.9872,1.4150,8.0565,0.6873,0.3080,-0.9290,-4.3287,-5.1882,5.5498,0.3978,1.2005,0.0276
1.6592,1.3144,7.7500,0.7930,0.2992,-1.0455,-4.0917,-5.0757,6.0932,0.5883,1.2104,0.1643
0.8475,2.0183,6.8570,0.9495,0.5104,-1.0948,-4.6974,-4.4700,4.3191,0.6514,1.7429,0.1691
0.3184,1.8675,6.3590,0.8791,0.0702,-0.9326,-3.9816,-3.3926,3.2130,0.8380,0.7993,0.0735
-0.0886,2.2338,4.9081,0.5614,-0.1759,-0.9645,-4.2425,-3.1173,2.3320,0.6932,0.8009,-0.2839
-0.5195,2.0782,4.4508,0.3190,0.3351,-1.0353,-4.2353,-3.4285,1.7765,0.2970,1.0312,-0.3305
-2.7270,2.6217,4.6064,0.2541,1.0493,-0.9625,-5.0925,-3.6176,0.0934,-0.0254,1.4310,-0.6896
-2.4541,2.7773,4.0582,0.1178,0.4509,-0.4828,-6.0238,-3.6129,-0.3184,-0.1286,0.6889,-0.4763
-0.4764,2.2266,5.2768,-0.7509,-0.0679,-0.3716,-5.3917,-4.8435,2.5857,-0.4371,-0.2971,-0.2292
-0.9960,1.6257,8.8705,-0.6939,-0.0830,-0.0982,-4.8435,-5.9903,4.8842,-0.2467,-0.1319,-0.3601
-0.0192,2.7342,8.8083,-0.1815,0.0954,-0.0678,-6.4117,-5.5043,4.8243,-0.1187,0.1248,-0.2218
0.3112,4.0366,10.9511,-0.4663,-0.6980,-0.2430,-8.0349,-6.5793,7.4364,-0.0790,-0.2723,-0.5253
-0.3065,4.2186,16.0196,-0.4915,-0.4097,-0.2839,-11.6981,-9.6319,9.5505,0.3391,0.5914,0.1919
-0.4549,3.0598,9.3757,0.8346,0.6001,-0.1114,-7.4843,-6.5386,5.6814,0.3345,-0.1747,0.3946
-0.4262,2.3224,6.0501,0.7156,-0.1675,0.0875,-4.0725,-3.2585,2.2673,0.3956,0.1887,0.6139
0.4118,2.1117,4.1851,0.3609,-0.3297,0.0184,-3.3710,-2.4924,2.8108,0.3048,-0.3591,0.2786
1.0918,2.8683,6.4476,-0.1720,-0.4411,-0.0128,-4.3886,-3.1795,4.8315,0.0589,0.0608,-0.3345
1.3815,3.5410,8.4755,-0.2541,-0.1543,-0.1591,-6.4212,-4.4460,6.4021,0.0029,0.0063,-0.4453
0.7590,3.4381,8.6287,-0.1541,0.0641,-0.3127,-6.3590,-4.6878,5.6647,0.0518,0.2855,-0.3908
0.0000,2.9353,7.6495,-0.1407,0.0903,-0.2479,-5.3534,-4.5107,4.4891,0.0825,0.1300,-0.4554
-0.1197,2.9042,6.9983,-0.1529,-0.0933,-0.0723,-4.8291,-4.0749,3.6344,0.0617,0.0867,-0.7127
0.4214,2.7509,6.6918,-0.5003,-0.2098,0.1138,-4.7860,-4.3096,4.5155,-0.1274,-0.1074,-1.0773
1.3384,2.5187,8.4276,-0.5341,-0.0786,-0.1086,-7.2353,-6.7636,6.4452,-0.1657,0.6278,-0.7608
0.1221,2.5905,8.8418,-0.0208,0.2064,-0.3309,-5.3151,-5.5306,4.9895,-0.0031,-0.0222,-0.1372
0.0215,2.7533,7.7045,-0.1420,-0.0390,-0.2273,-5.6000,-5.3582,4.2234,-0.0112,0.2852,-0.1851
0.1317,2.6911,7.7692,-0.0833,-0.0377,-0.1279,-5.5234,-5.2002,4.5250,0.0445,0.0390,-0.1172
0.2897,2.7749,7.6279,-0.1324,-0.1839,-0.0942,-5.3917,-4.9967,4.6807,0.0637,0.0332,-0.1727
0.5148,2.7126,7.7907,-0.1090,-0.0677,-0.1175,-5.5186,-5.1763,4.8459,0.0385,0.0356,-0.1484
0.4836,2.6025,7.8482,-0.1164,-0.0895,-0.0801,-5.3630,-5.2194,4.7190,0.0292,0.0821,-0.1580
0.5507,2.5953,7.7883,-0.0729,-0.0285,-0.1480,-5.3223,-5.1523,4.6017,0.0293,0.1018,-0.1351
0.3783,2.6169,7.7261,-0.1110,-0.0777,-0.1303,-5.3678,-5.1954,4.6064,0.0348,0.0701,-0.1236
0.4597,2.6169,7.8434,-0.0693,-0.0468,-0.1283,-5.3534,-5.2648,4.5777,0.0277,0.0766,-0.0957
0.3041,2.4780,7.8051,-0.1017,-0.0208,-0.0701,-5.2146,-5.4636,4.4197,-0.0164,0.0747,-0.1216
0.1413,2.4517,7.7596,-0.1103,0.0148,0.0144,-5.3846,-5.5498,4.4053,-0.0556,0.0957,-0.1431
0.2634,2.4995,7.7500,-0.0910,0.0093,0.0524,-5.5234,-5.4277,4.3551,-0.0460,0.0153,-0.0642
0.3352,2.5283,7.8290,-0.0568,-0.0699,0.0349,-5.2409,-5.2601,4.4772,-0.0155,-0.0369,0.0285
0.4836,2.5857,7.6830,-0.0979,-0.0248,0.0521,-5.1811,-5.2409,4.4987,-0.0618,-0.0553,-0.0019
0.4190,2.5809,7.6112,-0.0982,0.0016,0.0793,-5.2433,-5.2361,4.6304,-0.0758,-0.1015,-0.0075
0.4070,2.6121,7.7285,-0.1027,0.0015,0.0973,-5.3056,-5.1882,4.6136,-0.0822,-0.1280,-0.0220
0.5171,2.6671,7.9248,-0.1108,-0.0305,0.1211,-5.3199,-5.2840,4.6926,-0.0703,-0.0895,0.0436
0.5219,2.6121,7.6854,-0.1148,-0.0241,0.1103,-5.2648,-5.1787,4.7645,-0.0867,-0.1071,0.0486
0.6369,2.5235,7.6854,-0.1474,-0.0215,0.1204,-5.1212,-5.1547,4.6950,-0.1223,-0.1073,0.0296
0.6656,2.4301,7.8266,-0.1334,0.0137,0.1170,-5.2792,-5.2984,4.8937,-0.1483,-0.0405,0.0498
0.5722,2.4804,7.8626,-0.0933,0.0374,0.1065,-5.1212,-5.2912,4.7166,-0.1422,-0.0673,0.0650
0.4381,2.3942,7.9464,-0.0903,0.0537,0.1299,-5.1858,-5.4468,4.6902,-0.1504,-0.0726,0.0859
0.4142,2.4708,7.9033,-0.0548,0.0697,0.1588,-5.2816,-5.3965,4.5538,-0.1518,-0.0921,0.1155
0.3903,2.5786,7.8554,-0.0722,0.0513,0.1763,-5.3103,-5.3439,4.5681,-0.1589,-0.1311,0.1115
0.5028,2.4684,7.8266,-0.0802,0.0302,0.1892,-5.1978,-5.2648,4.7046,-0.1548,-0.1355,0.1259
0.5171,2.5067,7.8697,-0.0304,0.0528,0.1784,-5.1930,-5.2888,4.7477,-0.1450,-0.0949,0.1404
0.4405,2.5570,7.7859,-0.0717,0.0309,0.1813,-5.2313,-5.2194,4.5705,-0.1559,-0.1183,0.1206
0.5291,2.4565,7.8985,-0.0606,0.0464,0.1807,-5.2433,-5.3199,4.8530,-0.1523,-0.1291,0.1260
0.5004,2.5187,7.6638,-0.0473,0.0699,0.1965,-5.2409,-5.1715,4.5729,-0.1673,-0.0993,0.1474
0.5315,2.5618,7.7620,-0.0674,0.0538,0.2002,-5.2960,-5.2241,4.6926,-0.1703,-0.1274,0.1383
0.3759,2.5474,7.8865,-0.0537,0.0570,0.2169,-5.2864,-5.2840,4.6519,-0.1603,-0.1459,0.1466
0.4884,2.5570,7.7883,-0.0770,0.0076,0.2372,-5.2218,-5.2672,4.7166,-0.1511,-0.1779,0.1537
0.5746,2.5379,7.8266,-0.0721,0.0199,0.2374,-5.2625,-5.1930,4.7094,-0.1629,-0.1681,0.1593
0.5962,2.5690,7.7548,-0.0733,0.0649,0.2372,-5.1188,-5.1834,4.7908,-0.1917,-0.1463,0.1589
0.5507,2.5331,7.8985,-0.0895,0.0569,0.2282,-5.2553,-5.3223,4.7621,-0.1915,-0.1471,0.1518
0.4980,2.5786,7.8243,-0.0719,0.0608,0.2467,-5.2361,-5.2768,4.7214,-0.1833,-0.1692,0.1636
0.5148,2.5809,7.9104,-0.0749,0.0250,0.2642,-5.1834,-5.2648,4.7262,-0.1796,-0.1688,0.1771
0.5770,2.5331,7.7692,-0.0691,0.0501,0.2645,-5.1451,-5.1834,4.5394,-0.1957,-0.1545,0.1753
0.5626,2.4756,7.7285,-0.0847,0.0472,0.2669,-5.1715,-5.2481,4.8123,-0.2092,-0.1727,0.1715
0.6201,2.5235,7.8458,-0.0823,0.0854,0.2627,-5.1044,-5.2505,4.8195,-0.2140,-0.1969,0.1735
0.5243,2.4660,7.7524,-0.0810,0.0926,0.2786,-5.1427,-5.2529,4.7357,-0.2482,-0.1423,0.1841
0.6201,2.5642,7.8650,-0.0869,0.1163,0.2767,-5.0973,-5.2553,4.7932,-0.2585,-0.1286,0.1764
0.4788,2.5546,7.8410,-0.0621,0.1071,0.2742,-5.3151,-5.4157,4.7692,-0.2238,-0.1628,0.1945
0.4094,2.5115,7.6614,-0.0691,0.0809,0.2810,-5.1164,-5.2050,4.7333,-0.2186,-0.1781,0.1925
0.5507,2.4900,7.9009,-0.0950,0.0457,0.2910,-5.2122,-5.3606,4.8195,-0.2254,-0.1985,0.1763
0.6297,2.5786,7.8673,-0.0457,0.0689,0.2926,-5.1691,-5.2864,5.0422,-0.2004,-0.2268,0.2028
0.4812,2.5450,7.6375,-0.0546,0.1247,0.2807,-5.0542,-5.1763,4.6567,-0.2245,-0.1863,0.1998
0.4118,2.5881,7.8051,-0.0658,0.1018,0.2851,-5.1643,-5.2289,4.6448,-0.2210,-0.1977,0.1924
0.4405,2.5881,7.7883,-0.0661,0.0430,0.3074,-5.2816,-5.3486,4.7429,-0.1921,-0.2587,0.2106
0.5818,2.6336,7.8865,-0.0449,0.0229,0.3144,-5.1906,-5.2241,5.0446,-0.1709,-0.2403,0.2294
0.7398,2.6049,7.7333,-0.0537,0.0448,0.2908,-5.0829,-5.0709,4.9225,-0.1888,-0.1907,0.2089
0.7135,2.5881,7.8075,-0.0273,0.0869,0.2481,-5.0996,-5.1404,5.0302,-0.1768,-0.1728,0.1973
0.5459,2.6312,7.7788,-0.0472,0.0838,0.2377,-5.0877,-5.1044,4.7980,-0.1784,-0.1852,0.1777
0.5459,2.5953,7.8650,-0.0598,0.0558,0.2370,-5.1499,-5.2170,5.0087,-0.1693,-0.1961,0.1719
0.6608,2.6073,7.6447,-0.0632,0.0408,0.2297,-4.9225,-5.0230,4.8411,-0.1537,-0.1960,0.1479
0.7470,2.7390,7.8937,-0.1151,0.0136,0.1949,-5.0805,-5.0182,5.1092,-0.1632,-0.1927,0.0898
1.0080,2.8228,7.5992,-0.0705,0.0160,0.1619,-4.9680,-4.7860,5.2936,-0.1168,-0.1695,0.0926
1.0606,2.9449,7.3837,-0.0854,0.0632,0.0853,-4.9656,-4.4891,5.0566,-0.1424,-0.0060,0.0436
0.9146,2.8850,7.6231,-0.1600,0.0689,0.0060,-5.0589,-4.7142,5.1739,-0.1597,0.0288,-0.0425
0.6177,2.7438,8.0038,-0.1171,0.0512,-0.0703,-5.2840,-5.1858,5.1044,-0.0902,0.0809,-0.0582
0.4381,2.6552,7.7620,-0.0823,0.0313,-0.0886,-5.1140,-5.1451,4.7692,-0.0553,0.1206,-0.0538
0.3687,2.5618,7.9440,-0.1041,-0.0270,-0.0997,-5.1499,-5.3846,4.9153,-0.0127,0.0763,-0.0709
0.4549,2.5259,7.8937,-0.0803,-0.0253,-0.1066,-5.0159,-5.3463,4.9009,-0.0009,0.0785,-0.0610
0.3974,2.5570,7.8266,-0.0466,-0.0233,-0.1110,-5.1978,-5.2720,4.8147,0.0250,0.0453,-0.0562
0.5315,2.6097,7.7045,-0.0565,-0.0484,-0.1231,-5.0949,-5.1475,4.8483,0.0377,0.0488,-0.0695
0.5028,2.7007,7.8171,-0.0481,-0.0745,-0.1326,-5.2050,-5.1451,4.7573,0.0715,0.0390,-0.0781
0.6177,2.6671,7.7572,-0.0729,-0.1243,-0.1379,-5.1116,-5.1332,4.9584,0.0935,0.0258,-0.0991
0.6704,2.5929,7.7069,-0.0777,-0.1192,-0.1737,-5.0087,-5.0589,5.0135,0.0963,0.0581,-0.1212
0.7853,2.5666,7.7093,-0.0705,-0.1131,-0.2004,-5.0637,-5.1140,4.9775,0.0945,0.1002,-0.1340
0.6033,2.5809,7.6998,-0.0600,-0.0825,-0.2201,-4.9728,-5.1858,4.9009,0.0801,0.1664,-0.1440
0.6273,2.5426,7.7141,-0.0898,-0.0910,-0.2298,-5.0925,-5.2553,5.0709,0.0807,0.1913,-0.1553
0.5195,2.6049,7.7596,-0.0758,-0.0843,-0.2398,-5.0733,-5.1906,4.9057,0.0943,0.1575,-0.1599
0.5363,2.5929,7.8745,-0.0865,-0.1094,-0.2471,-5.0925,-5.0949,4.9177,0.1134,0.1082,-0.1765
0.6847,2.5666,7.8051,-0.1073,-0.0998,-0.2669,-5.0302,-5.1404,5.0063,0.1003,0.1336,-0.1978
0.7446,2.5738,7.7261,-0.0841,-0.0913,-0.2840,-5.0206,-5.1116,5.0709,0.1147,0.1424,-0.2009
0.7350,2.6480,7.7812,-0.0867,-0.1058,-0.3078,-5.0661,-5.0996,5.0589,0.1342,0.1629,-0.2121
0.7135,2.6217,7.6614,-0.0906,-0.1164,-0.3258,-5.0422,-5.0589,4.9752,0.1442,0.1688,-0.2277
0.6321,2.6217,7.7189,-0.0917,-0.1195,-0.3469,-5.0422,-5.0757,5.0159,0.1474,0.1848,-0.2449
0.5507,2.5115,7.8195,-0.0910,-0.1199,-0.3637,-5.0829,-5.1978,4.9632,0.1597,0.2044,-0.2509
0.5363,2.6097,7.8458,-0.0869,-0.1380,-0.3615,-5.1116,-5.2074,4.8937,0.1749,0.1955,-0.2543
0.6728,2.5786,7.7907,-0.0883,-0.1351,-0.3774,-5.0206,-5.1930,4.9488,0.1749,0.1949,-0.2621
0.6033,2.5235,7.7093,-0.0947,-0.1431,-0.3753,-5.0206,-5.1882,4.8530,0.1779,0.2074,-0.2641
0.6823,2.5115,7.7859,-0.0803,-0.1583,-0.3665,-5.0422,-5.1811,4.9416,0.1905,0.1907,-0.2438
0.7350,2.6791,7.7021,-0.0865,-0.1216,-0.3912,-5.0829,-5.1404,4.9033,0.1721,0.2378,-0.2731
0.6057,2.6624,7.9080,-0.1175,-0.1430,-0.4013,-5.2409,-5.2265,5.0159,0.1824,0.2153,-0.2896
0.6105,2.5570,7.7835,-0.1023,-0.1516,-0.4145,-5.0494,-5.2481,4.8770,0.1996,0.1876,-0.2930
0.6991,2.4349,7.7213,-0.0882,-0.1367,-0.4243,-4.9752,-5.2170,4.8866,0.2034,0.2455,-0.2938
0.5387,2.5115,7.8314,-0.1035,-0.1612,-0.4161,-5.0135,-5.2505,4.9177,0.2048,0.2121,-0.2959
0.6871,2.5019,7.8650,-0.0899,-0.1676,-0.4167,-5.0111,-5.2194,5.0494,0.2213,0.1733,-0.2954
0.7207,2.4541,7.8003,-0.0925,-0.1415,-0.4154,-4.9392,-5.1882,5.0063,0.2021,0.2101,-0.2844
0.6584,2.3439,7.7955,-0.1029,-0.1283,-0.4097,-4.9584,-5.1978,4.8147,0.1743,0.2509,-0.2858
0.5674,2.5283,7.8171,-0.1031,-0.1098,-0.3974,-4.9584,-5.2457,4.8171,0.1649,0.2208,-0.2809
0.5890,2.3774,7.9607,-0.0957,-0.1410,-0.3724,-5.0063,-5.2433,4.8291,0.1781,0.1939,-0.2655
0.4669,2.2889,8.0110,-0.0763,-0.1871,-0.3198,-5.0063,-5.6096,4.9057,0.1821,0.2266,-0.2198
0.4118,2.0590,8.5281,-0.0803,-0.1495,-0.2701,-5.3606,-6.4428,5.1260,0.1118,0.2689,-0.1837
0.1317,1.9992,7.8434,0.1502,-0.0889,-0.1720,-4.6926,-5.4971,4.1779,0.2637,-0.1540,-0.0224
0.4190,2.2936,7.0198,-0.0983,-0.0919,-0.1599,-4.8411,-5.1212,4.3958,0.0562,0.1548,-0.0946
0.5219,2.6480,7.9464,0.0081,-0.0538,-0.0473,-5.2625,-5.2720,4.6160,0.0648,-0.0119,-0.0025
0.6081,2.5307,7.5633,-0.1126,-0.1140,-0.0037,-4.9273,-5.0973,4.7740,-0.0180,-0.0913,-0.0222
0.5890,2.6001,7.9009,-0.0958,0.0465,0.0826,-5.1116,-5.2146,4.9752,-0.0941,-0.1494,0.0350
0.7087,2.4373,7.8027,-0.1348,0.0312,0.1504,-4.8602,-5.2696,5.0015,-0.1647,-0.0510,0.0767
0.7829,2.3798,7.9871,-0.1427,0.0025,0.1829,-4.8339,-5.3127,5.1236,-0.1823,-0.1034,0.0953
0.7877,2.2793,8.2863,-0.0935,0.0895,0.1761,-4.9273,-5.6240,5.1164,-0.1693,-0.1721,0.1262
0.4357,2.3966,7.9535,-0.0577,0.0020,0.2261,-5.0494,-5.4995,4.8722,-0.1061,-0.2855,0.1659
0.6704,2.5211,7.8338,-0.0232,-0.0009,0.2903,-5.0949,-5.1619,5.0422,-0.1276,-0.2914,0.2186
0.8212,2.6624,7.6830,-0.0324,0.0304,0.3246,-4.9344,-4.9440,5.0254,-0.1739,-0.2467,0.2458
0.9720,2.6671,7.7165,-0.0460,0.0529,0.3062,-4.7980,-4.8866,5.2122,-0.1988,-0.2234,0.2249
1.0822,2.4828,7.7141,-0.0691,0.0620,0.2682,-4.6783,-4.9608,5.2648,-0.1937,-0.1737,0.1915
0.9553,2.4756,7.5130,-0.0903,0.0761,0.2474,-4.7118,-4.9536,5.0829,-0.2193,-0.1434,0.1629
0.8475,2.4660,7.8673,-0.1179,0.1283,0.2124,-4.7692,-5.1380,5.2026,-0.2427,-0.1074,0.1288
0.7350,2.4565,7.9080,-0.1066,0.1019,0.2040,-4.9081,-5.3103,5.1020,-0.2338,-0.0843,0.1328
0.6081,2.3822,7.9200,-0.0803,0.1120,0.2257,-4.8985,-5.3893,4.9560,-0.2294,-0.0874,0.1607
0.5890,2.4804,7.7812,-0.0785,0.0898,0.2569,-4.9488,-5.2265,4.8602,-0.2194,-0.1139,0.1811
0.6345,2.4086,7.8769,-0.0954,0.0512,0.2825,-4.8985,-5.2218,4.9584,-0.2029,-0.1691,0.1807
0.8787,2.4038,7.7764,-0.0977,0.0284,0.2923,-4.8674,-5.1930,5.0805,-0.1978,-0.1943,0.1825
0.8116,2.3942,7.8530,-0.0774,0.0374,0.2846,-4.7669,-5.1811,5.0996,-0.2061,-0.1696,0.1880
0.8739,2.4349,7.7476,-0.0853,0.0452,0.3036,-4.8076,-5.1571,5.1020,-0.2174,-0.1788,0.1993
0.8547,2.4421,7.9583,-0.0675,0.0679,0.2943,-4.8770,-5.2170,5.1691,-0.2100,-0.1760,0.2102
0.8595,2.3870,7.8051,-0.0677,0.0718,0.3014,-4.8626,-5.2074,5.0853,-0.2222,-0.1735,0.2141
0.7230,2.4253,7.8554,-0.0689,0.0762,0.3091,-4.8004,-5.1667,5.0398,-0.2221,-0.1760,0.2128
0.7949,2.4181,7.8745,-0.0638,0.0667,0.3067,-4.9368,-5.2194,5.0757,-0.2104,-0.1671,0.2229
0.9098,2.3942,7.9152,-0.0308,0.0573,0.3047,-4.8674,-5.2241,5.1882,-0.1881,-0.1805,0.2362
0.9385,2.3679,7.8482,-0.0453,0.0568,0.3071,-4.7836,-5.1164,5.2601,-0.2088,-0.1827,0.2369
0.8475,2.4588,7.7668,-0.0236,0.1176,0.2920,-4.8770,-5.1164,5.0326,-0.2158,-0.1616,0.2273
0.7685,2.4541,7.7285,-0.0556,0.0849,0.2884,-4.8483,-5.1068,5.0518,-0.2046,-0.1779,0.2226
0.7566,2.4588,7.7883,-0.0472,0.0474,0.2928,-4.9273,-5.1906,5.2026,-0.1895,-0.2009,0.2169
0.9409,2.4972,7.8769,-0.0380,0.0101,0.3056,-4.7669,-5.0733,5.3127,-0.1648,-0.1988,0.2181
1.0295,2.5235,7.7835,-0.0408,0.0669,0.2622,-4.7860,-5.0398,5.2553,-0.1803,-0.1466,0.2018
0.9002,2.5570,7.7309,-0.0542,0.0734,0.2446,-4.7621,-5.0374,5.1475,-0.1877,-0.1276,0.1901
0.7829,2.4804,7.7309,-0.0528,0.0581,0.2380,-4.8770,-5.0446,4.9895,-0.1749,-0.1315,0.1805
0.8045,2.5474,7.6614,-0.0633,0.0286,0.2373,-4.8722,-5.1236,5.0829,-0.1636,-0.1422,0.1728
0.9601,2.5211,7.8769,-0.0675,0.0309,0.2301,-4.8147,-5.0637,5.2744,-0.1681,-0.1470,0.1636
0.9409,2.5307,7.7955,-0.0625,0.0613,0.2106,-4.8147,-4.9871,5.2696,-0.1741,-0.1330,0.1522
0.8954,2.5570,7.8554,-0.0747,0.0654,0.2000,-4.8578,-5.0613,5.2050,-0.1741,-0.1106,0.1396
0.9313,2.5786,7.7764,-0.0644,0.0426,0.1907,-4.8339,-5.0374,5.2601,-0.1474,-0.1323,0.1318
0.9744,2.5067,7.8578,-0.0749,0.0171,0.1756,-4.7645,-4.9656,5.2601,-0.1338,-0.1300,0.1183
1.0654,2.5929,7.8075,-0.0670,0.0265,0.1467,-4.8890,-4.9297,5.2936,-0.1279,-0.1035,0.1066
1.0534,2.6217,7.6854,-0.0653,0.0294,0.1136,-4.8219,-4.7597,5.2792,-0.1142,-0.0578,0.0849
1.0127,2.6288,7.7165,-0.0843,0.0256,0.0666,-4.8770,-4.7788,5.3870,-0.0945,-0.0329,0.0473
1.0654,2.7078,7.7620,-0.0846,0.0035,0.0167,-4.8483,-4.8459,5.2672,-0.0725,-0.0072,0.0115
1.0367,2.6384,7.8123,-0.0838,-0.0169,-0.0238,-4.8722,-4.8937,5.3295,-0.0426,0.0097,-0.0192
0.9744,2.5690,7.7213,-0.0702,-0.0208,-0.0545,-4.8554,-4.9081,5.1356,-0.0305,0.0600,-0.0313
0.9313,2.4780,7.7141,-0.1087,-0.0183,-0.0878,-4.7740,-5.1858,5.2026,-0.0429,0.1234,-0.0689
0.7685,2.4110,8.1475,-0.0917,0.0052,-0.0941,-4.8842,-5.2744,5.1236,-0.0264,0.1238,-0.0620
0.7207,2.5043,7.7979,-0.0677,-0.0504,-0.0850,-4.8770,-5.1882,4.9440,0.0159,0.0312,-0.0594
0.8787,2.5259,7.7165,-0.0983,-0.0681,-0.0865,-4.9704,-5.0374,5.0637,0.0141,0.0702,-0.0829
0.9529,2.5115,7.9080,-0.1158,-0.0946,-0.0891,-4.8914,-5.1571,5.3151,0.0207,0.0297,-0.0846
0.9266,2.4924,7.9511,-0.0480,-0.0557,-0.1078,-4.8315,-5.1068,5.2337,0.0476,0.0410,-0.0691
1.0846,2.4708,7.8314,-0.0782,-0.1062,-0.1226,-4.8937,-5.0589,5.1763,0.0616,0.0529,-0.0881
1.0511,2.4995,7.8051,-0.0705,-0.0572,-0.1515,-4.7980,-4.9225,5.2194,0.0616,0.0783,-0.1120
1.0104,2.5929,7.7428,-0.0917,-0.0558,-0.1705,-4.8507,-5.0278,5.0350,0.0354,0.0974,-0.1238
0.9266,2.5043,7.8386,-0.0806,-0.0695,-0.1863,-4.8554,-5.0182,5.2122,0.0513,0.1069,-0.1278
0.9242,2.4828,7.7405,-0.0685,-0.0666,-0.1903,-4.8554,-5.0637,5.1451,0.0703,0.1035,-0.1260
0.9553,2.5043,7.8075,-0.0923,-0.0857,-0.2004,-4.8219,-5.0398,5.0757,0.0730,0.1045,-0.1416
1.0175,2.5139,7.8027,-0.0957,-0.0883,-0.2140,-4.8219,-5.1595,5.1164,0.0733,0.1268,-0.1537
0.9960,2.4565,7.7333,-0.0950,-0.0778,-0.2258,-4.8147,-5.0374,5.1930,0.0777,0.1340,-0.1607
0.9960,2.4205,7.8506,-0.0910,-0.0826,-0.2380,-4.8315,-5.0757,5.2385,0.0814,0.1186,-0.1644
1.0056,2.4804,7.9272,-0.0951,-0.0749,-0.2534,-4.8578,-5.1308,5.1571,0.0817,0.1537,-0.1723
0.8739,2.4014,7.8793,-0.0954,-0.0786,-0.2567,-4.8985,-5.1020,5.0254,0.0894,0.1520,-0.1748
0.9026,2.4684,7.6614,-0.0981,-0.0791,-0.2626,-4.8243,-5.0039,5.1140,0.0963,0.1661,-0.1895
0.9529,2.5235,7.8506,-0.1031,-0.1041,-0.2725,-4.9416,-5.0877,5.1715,0.1039,0.1717,-0.1887
0.9266,2.5283,7.7716,-0.1059,-0.0834,-0.2875,-4.9081,-5.0111,5.2050,0.0965,0.2028,-0.1997
0.9553,2.4876,7.8027,-0.1288,-0.0907,-0.2983,-4.8171,-5.0757,5.1068,0.0933,0.2256,-0.2165
0.9002,2.5043,7.7955,-0.1152,-0.1037,-0.2975,-4.9081,-5.1691,5.0063,0.1074,0.2002,-0.2122
1.0367,2.3415,7.8769,-0.1342,-0.1195,-0.2860,-4.8100,-5.1236,5.1092,0.1108,0.1788,-0.2008
0.9960,2.4277,7.8027,-0.0841,-0.0873,-0.2902,-4.8387,-5.1523,5.1691,0.1210,0.1522,-0.1970
0.7614,2.4876,7.8626,-0.0921,-0.1696,-0.2912,-4.9847,-5.1188,5.0661,0.1986,0.0817,-0.2174
0.6560,2.4924,8.0206,-0.1143,-0.3038,-0.2739,-5.0613,-5.3103,4.9656,0.3124,-0.0199,-0.2483
0.4741,2.5450,8.2049,-0.1506,-0.5618,-0.2134,-5.3271,-5.4013,4.7908,0.5175,-0.2417,-0.2637
0.8188,2.6049,7.8219,-0.1859,-0.8407,-0.1007,-5.0949,-5.0015,4.9177,0.6352,-0.4049,-0.2308
1.3408,2.4588,7.9104,-0.2280,-0.9876,-0.0528,-4.7740,-4.8626,5.4444,0.7217,-0.5673,-0.2446
1.7526,2.3415,7.7452,-0.2052,-1.0521,-0.0806,-4.3455,-4.7070,5.6790,0.7358,-0.6230,-0.2475
2.1141,2.3104,7.6279,-0.2054,-1.0015,-0.0706,-4.2593,-4.4460,5.8514,0.7177,-0.6175,-0.2276
1.8627,2.1404,7.8530,-0.3080,-0.8944,0.2583,-4.1946,-4.2521,5.9065,0.6554,-0.7115,-0.0941
2.2098,1.9465,7.3430,-0.4526,-1.0357,0.2778,-3.9025,-3.9217,6.1459,0.6186,-0.7767,-0.0585
3.3662,1.9130,7.2784,-0.5215,-1.0929,0.1472,-4.1755,-4.4484,7.2880,0.5816,-0.7918,0.1783
3.6033,1.8292,7.3981,-0.3814,-0.9312,0.1140,-3.8068,-4.1204,6.4332,0.4527,-0.6660,0.6470
3.7469,1.7885,6.8307,-0.4338,-0.8259,0.1226,-3.0167,-3.2657,6.2944,0.2449,-0.7994,0.5730
4.0701,1.7166,6.2728,-0.5906,-0.6909,0.1085,-3.2130,-3.2465,6.5266,-0.0161,-0.5634,0.8167
4.4724,1.2115,7.0892,-0.7282,-0.4950,0.1454,-1.8076,-2.8778,7.2305,-0.2148,-0.8196,0.5514
4.6783,1.1372,7.0509,-0.6763,-0.2578,0.0918,-2.4972,-3.7828,6.3566,-0.5830,-0.3087,0.3242
3.8738,0.2945,7.5202,-0.7962,0.5864,0.4353,-2.9305,-4.5633,6.1387,-1.3399,-0.1685,0.4018
2.7270,0.2586,7.1611,-1.0896,1.3941,0.3537,-2.5546,-5.0230,4.3814,-2.0769,0.0713,0.2763
0.9337,-0.0838,9.5912,-1.3716,1.7000,1.0007,-4.4269,-7.3502,6.2872,-2.6052,0.3543,-0.1915
2.0159,-0.9457,8.4539,-0.5860,1.2634,1.4838,-5.6048,-8.3294,6.1459,-2.1412,-0.2959,1.2442
2.5426,-1.3216,6.3782,-0.6728,1.8465,1.2674,-3.9217,-7.0892,4.5969,-2.4320,-0.0362,2.1138
-0.7542,-1.5538,5.9520,-1.5808,2.4039,0.5918,-4.3239,-7.0150,2.5618,-3.2916,0.7518,2.4992
-0.7877,-2.4205,10.2352,-1.7750,1.0162,1.3051,-3.2274,-7.5489,3.9193,-3.0463,-0.4672,1.9608
0.3184,-2.1811,9.5457,-0.4406,0.5247,1.7492,-4.6471,-7.7452,3.9696,-1.9732,-0.3400,1.9024
0.3974,-2.1141,6.8738,-0.2943,-0.2093,1.9750,-2.5690,-5.2361,2.3679,-1.5064,-1.9974,1.5856
2.4301,-2.3870,5.4660,-0.5223,-0.5774,2.1277,-0.7877,-3.6823,3.3136,-1.5320,-2.0123,1.1551
3.6488,-2.3894,3.2394,-1.1461,-0.4687,1.2375,1.8268,-2.7031,4.0534,-1.4317,-1.5190,0.0847
4.4293,-3.1316,9.6917,-2.3882,-1.1879,0.4110,0.9074,-5.9831,7.1898,-1.3502,-1.1345,-1.6586
2.0614,-2.0087,9.2249,1.0753,-0.7750,-0.2646,-10.6303,-15.5839,15.9238,0.5492,1.5187,-2.7823
1.2019,-1.0343,8.9687,1.8528,1.0405,-0.4639,-5.6719,-6.3973,0.9098,1.1166,0.5271,0.5672
-0.1604,-0.2274,5.5330,-0.3737,-0.4662,0.2216,-3.6248,-4.5538,0.8906,-0.2879,-0.6370,-0.0727
1.6520,-1.7262,6.8666,-0.5413,-0.3655,0.2064,-2.4684,-5.4660,3.9959,-0.2407,-0.3182,-0.4122
1.6209,-2.8108,7.7883,-0.3714,-0.2934,-0.0348,-3.5913,-7.7764,4.4628,-0.0400,-0.1877,-0.4359
1.4988,-3.6176,9.6367,-0.0229,-0.2645,-0.0097,-3.5410,-9.2344,5.4396,0.1764,0.3151,-0.4178
1.2115,-3.2585,8.3438,0.2763,-0.3420,-0.0683,-3.5602,-8.3486,3.8930,0.5700,-0.0809,-0.1733
1.8986,-2.6336,6.8354,0.0179,-0.4888,-0.0757,-2.6217,-6.9671,3.2992,0.3070,-0.3898,-0.1683
2.0806,-2.1835,7.3215,0.0159,-0.1351,-0.0687,-2.7246,-6.8211,4.2258,0.0711,-0.0392,-0.2390
1.9201,-2.1931,7.7788,-0.0104,-0.0931,0.0213,-3.0526,-7.1060,4.3646,0.0225,0.0176,-0.2433
1.8076,-2.2793,8.0732,-0.0839,-0.0238,0.0843,-3.3351,-7.3861,4.3670,-0.0589,0.0055,-0.1296
1.8100,-2.3056,7.4747,-0.1348,-0.0234,0.0853,-3.5889,-7.3550,3.8690,-0.0943,-0.0484,0.1372
1.7430,-2.4277,8.0325,-0.2182,-0.0618,0.0939,-2.9592,-7.3454,4.3311,-0.1909,-0.2435,0.4057
1.8747,-2.5426,7.9416,-0.1027,-0.0875,0.1104,-3.1939,-7.5058,4.5562,-0.0889,-0.0970,0.3056
1.7885,-2.5738,8.0158,-0.0413,-0.1027,0.1707,-2.5977,-7.1180,4.0318,-0.0554,-0.1853,0.1976
1.9513,-2.5067,7.6830,-0.0321,-0.1220,0.1768,-3.2370,-7.5633,4.3431,-0.0898,-0.0918,0.0934
1.9201,-2.5307,7.9823,0.0762,-0.1047,0.1883,-3.1747,-7.4172,4.3359,-0.0196,-0.1721,0.1795
1.8435,-2.4804,8.1570,0.1474,-0.2627,0.2473,-4.0701,-7.9344,4.7429,0.1462,-0.1135,0.6820
1.7645,-2.4708,8.2049,0.3496,-0.3908,0.3194,-3.5410,-7.3454,4.3000,0.3036,-0.4132,1.0523
2.0518,-2.2266,7.5753,0.3559,-0.4274,0.3082,-2.2769,-6.0717,4.2329,0.2888,-0.5540,0.5295
2.3439,-2.1141,7.3933,0.1684,-0.3096,0.2698,-2.8754,-6.2082,4.3742,0.0834,-0.2312,0.1869
2.4565,-1.9704,7.5010,0.0589,-0.1687,0.2779,-2.7581,-6.2345,4.6400,-0.0581,-0.3148,-0.0225
2.3990,-1.9561,7.5705,-0.0208,-0.0236,0.3111,-2.6288,-6.2680,4.6687,-0.2036,-0.0774,-0.2935
2.3343,-2.0303,7.7524,-0.0795,0.0321,0.3046,-3.1125,-6.7588,4.6807,-0.2501,-0.0769,-0.5080
2.2170,-2.0877,7.8865,-0.0714,-0.0115,0.2475,-3.9672,-7.4699,4.9943,-0.1800,-0.0372,-0.1242
2.2146,-2.1428,7.9272,0.0061,-0.1002,0.2753,-3.0574,-6.9815,4.6424,-0.0794,-0.3481,0.1132
2.3679,-2.1691,7.8362,0.0077,-0.1652,0.3042,-2.9425,-6.8738,4.6687,-0.0851,-0.2395,0.1236
2.4086,-2.0853,7.8219,0.0274,-0.1283,0.2918,-3.0335,-6.9408,4.7884,-0.0934,-0.2635,0.1612
2.4062,-2.0207,7.8578,0.0278,-0.1115,0.2915,-2.8299,-6.6966,4.9009,-0.0955,-0.2372,0.1331
2.2936,-2.0255,7.8266,0.0087,-0.1112,0.3092,-2.9113,-6.7612,4.7621,-0.0987,-0.2161,0.0877
2.4110,-2.0255,7.6878,-0.0095,-0.1202,0.2781,-2.8850,-6.8235,4.8914,-0.0899,-0.2162,0.0513
2.4038,-2.0327,7.8027,-0.0037,-0.1046,0.2474,-2.9425,-6.8522,4.8937,-0.0839,-0.2114,0.0743
2.3942,-2.0016,7.8506,0.0181,-0.1140,0.2539,-2.9568,-6.8378,4.9512,-0.0822,-0.1981,0.1324
2.4205,-2.0806,7.9080,0.0374,-0.1336,0.2805,-2.8730,-6.8714,4.9297,-0.0548,-0.2316,0.1516
2.5450,-1.9201,7.7381,0.0585,-0.1474,0.2991,-3.0119,-6.8283,4.8842,-0.0494,-0.1929,0.1943
2.5474,-1.9034,7.7381,0.0374,-0.1415,0.2467,-2.6671,-6.5793,4.9225,-0.0207,-0.2860,0.2386
2.4253,-1.9369,7.6064,-0.0015,-0.1589,0.2433,-2.8012,-6.6511,4.7836,-0.0733,-0.1939,0.1316
2.7007,-1.9680,7.8650,0.0004,-0.1099,0.2081,-2.7533,-6.7086,5.0661,-0.0612,-0.1889,0.1320
2.6695,-1.9489,7.8195,0.0080,-0.1150,0.1951,-2.7318,-6.6104,5.0350,-0.0464,-0.1787,0.0797
2.5857,-1.8986,7.6854,-0.0013,-0.1312,0.2048,-2.7845,-6.6056,5.0039,-0.0406,-0.1836,0.0981
2.5714,-1.8459,7.8697,-0.0076,-0.1348,0.2253,-2.8611,-6.7062,4.9919,-0.0488,-0.1683,0.0799
2.8204,-1.8699,7.8027,0.0047,-0.1524,0.2098,-2.6336,-6.6295,5.1523,-0.0220,-0.2233,0.1687
2.9161,-1.9082,7.6184,0.0021,-0.1300,0.1416,-2.6145,-6.5577,5.2960,-0.0208,-0.1592,0.1067
2.8754,-1.9106,7.7644,0.0093,-0.0994,0.1188,-2.6456,-6.5098,5.1906,-0.0232,-0.1308,0.0875
3.0406,-1.8292,7.6950,0.0373,-0.0866,0.1311,-2.4972,-6.4212,5.4300,-0.0155,-0.1175,0.0913
3.0813,-1.7502,8.0445,0.0971,-0.0176,0.1307,-2.7677,-6.4069,5.7174,0.0063,-0.0105,0.1432
3.2250,-1.4246,7.6950,0.1502,-0.0485,0.0657,-2.6839,-6.0741,5.4420,0.0854,-0.0266,0.0573
2.9449,-1.2617,7.3334,-0.0028,0.0055,0.0120,-2.7605,-5.9496,5.0661,-0.0100,0.0097,0.0125
2.8730,-1.4868,7.5226,-0.1168,0.0995,-0.0510,-2.5450,-6.0501,5.2696,-0.1074,0.1331,-0.1018
2.7270,-1.6257,8.0637,-0.1479,0.0310,-0.1099,-3.0047,-6.6439,5.4660,-0.0353,0.1474,-0.1316
2.6408,-1.7358,8.0685,-0.0958,-0.1182,-0.1657,-2.7629,-6.6032,5.4708,0.1172,-0.0121,-0.1236
2.9521,-1.6831,7.8578,-0.0858,-0.1432,-0.2104,-2.6695,-6.4117,5.4229,0.1725,0.0469,-0.1725
3.0502,-1.5993,7.6614,-0.0874,-0.1103,-0.2562,-2.5331,-6.1770,5.3774,0.1763,0.0962,-0.2474
3.2082,-1.5969,7.5298,-0.1340,-0.0771,-0.3267,-2.5426,-6.1962,5.5043,0.1644,0.1695,-0.3176
3.0311,-1.5993,7.6064,-0.1466,-0.0099,-0.3752,-2.7366,-6.4236,5.3223,0.1306,0.2565,-0.3336
2.8946,-1.6185,7.6088,-0.1700,0.0252,-0.3691,-2.6743,-6.4117,5.2744,0.0907,0.2278,-0.2759
2.8874,-1.6951,7.7093,-0.1645,0.0358,-0.3335,-2.6264,-6.4715,5.1763,0.0552,0.2281,-0.2611
2.8611,-1.7406,7.6088,-0.1563,0.0600,-0.3031,-2.6264,-6.5146,5.2218,0.0246,0.2225,-0.2350
2.8060,-1.7933,7.7955,-0.1470,0.0530,-0.2887,-2.6480,-6.4883,5.3295,0.0284,0.2114,-0.2294
2.9305,-1.6352,7.6854,-0.1495,0.0400,-0.2823,-2.5905,-6.3997,5.3295,0.0409,0.1960,-0.2220
2.9832,-1.6999,7.7476,-0.1527,0.0015,-0.3095,-2.5953,-6.3973,5.6072,0.0770,0.1863,-0.2341
3.1101,-1.6592,7.6614,-0.1467,0.0641,-0.3429,-2.5522,-6.3877,5.4037,0.0683,0.2682,-0.2451
2.9090,-1.6161,7.6495,-0.1655,0.0961,-0.3556,-2.7031,-6.3997,5.2792,0.0452,0.2984,-0.2677
2.7701,-1.7406,7.7093,-0.1760,0.0689,-0.3754,-2.7126,-6.4284,5.2122,0.0638,0.2745,-0.2753
2.8132,-1.6712,7.7979,-0.1868,0.0225,-0.3868,-2.6336,-6.4069,5.2122,0.0865,0.2474,-0.2982
2.9281,-1.6376,7.7285,-0.2018,0.0398,-0.4187,-2.6600,-6.5194,5.2936,0.0737,0.2767,-0.3328
2.8132,-1.7669,7.8171,-0.2289,0.0544,-0.4201,-2.5953,-6.5481,5.2553,0.0665,0.2759,-0.3303
2.8036,-1.7669,7.7740,-0.2280,0.0445,-0.4187,-2.5714,-6.6032,5.2601,0.0683,0.2678,-0.3304
2.8156,-1.8316,7.7955,-0.2138,0.0568,-0.4096,-2.6863,-6.6439,5.2553,0.0633,0.2813,-0.3303
2.8898,-1.7693,7.7141,-0.2050,0.0594,-0.4139,-2.5522,-6.4596,5.1619,0.0674,0.2629,-0.3172
2.9209,-1.8555,7.6567,-0.2105,0.0797,-0.4056,-2.4900,-6.6152,5.2050,0.0425,0.2947,-0.3027
2.9449,-1.8052,7.7405,-0.1819,0.1078,-0.3986,-2.5450,-6.6726,5.2385,0.0348,0.3107,-0.2927
2.6983,-1.8340,7.7883,-0.1964,0.1219,-0.3853,-2.6480,-6.6463,5.1380,0.0203,0.3163,-0.2908
2.6528,-1.9273,7.7835,-0.1679,0.0590,-0.3549,-2.5379,-6.7325,5.2122,0.0497,0.2601,-0.2607
2.7318,-1.7645,7.6567,-0.1544,0.0578,-0.3396,-2.6863,-6.7181,5.0278,0.0514,0.2539,-0.2425
2.6671,-1.8794,7.7165,-0.1625,0.0693,-0.3320,-2.5618,-6.6894,5.1667,0.0436,0.2463,-0.2434
2.5833,-1.9321,7.5346,-0.1968,0.0698,-0.3264,-2.4948,-6.7612,4.8171,0.0285,0.2193,-0.2334
2.5594,-2.1691,7.8913,-0.1928,0.0597,-0.2966,-2.6719,-7.0174,4.9105,0.0085,0.2662,-0.3032
2.0830,-2.1596,7.8889,-0.1764,0.1144,-0.2773,-2.8252,-7.2520,4.5969,0.0069,0.2714,-0.2731
1.8699,-2.0327,8.0373,-0.0979,0.0164,-0.2050,-3.0718,-7.2736,4.5873,0.0597,0.1596,-0.1522
2.2553,-1.9058,7.9655,-0.0541,-0.2118,-0.1119,-2.8276,-7.0461,4.6783,0.1359,-0.0993,-0.0926
2.5019,-1.9537,7.6902,-0.0418,-0.1278,0.0019,-2.8563,-7.0653,4.6495,0.0068,-0.0878,0.0348
2.4277,-2.0734,7.4651,-0.0710,0.0901,0.1021,-2.4469,-6.8019,4.5083,-0.1953,-0.0358,0.0901
2.3415,-2.1356,7.4986,-0.0793,0.0825,0.2022,-2.5546,-6.9623,4.6256,-0.2491,-0.0657,0.1394
2.4517,-2.2122,7.9895,-0.0272,-0.0452,0.2767,-2.7078,-7.1658,5.0661,-0.2316,-0.1344,0.1512
2.6456,-2.0016,8.1762,0.0340,-0.0633,0.3130,-2.8371,-7.1299,5.1547,-0.1527,-0.2088,0.2146
2.9856,-1.9345,7.6567,0.0610,-0.1354,0.2896,-2.2769,-6.6104,5.2457,-0.0610,-0.3032,0.2285
2.8539,-1.8196,7.7500,0.0454,-0.1218,0.2711,-2.4948,-6.5697,5.3654,-0.0699,-0.2028,0.2194
2.9090,-1.8076,7.6734,0.0462,-0.0825,0.2553,-2.6240,-6.5481,5.2481,-0.0815,-0.2021,0.2118
2.8491,-1.6951,7.8434,0.0276,-0.0751,0.2590,-2.6935,-6.5864,5.2577,-0.1001,-0.1787,0.2166
2.7557,-1.6903,7.6902,0.0107,-0.0831,0.2719,-2.6456,-6.4931,5.1068,-0.1200,-0.2302,0.2236
2.8515,-1.6688,7.5489,-0.0084,-0.0318,0.2721,-2.5211,-6.5266,5.2050,-0.1568,-0.1596,0.2114
2.6217,-1.8148,7.7021,-0.0350,0.0149,0.2625,-2.5187,-6.5864,4.9895,-0.1911,-0.1423,0.1817
2.5953,-1.8986,7.9057,-0.0420,-0.0136,0.2397,-2.6863,-6.8187,5.1140,-0.1611,-0.1358,0.1496
2.5402,-1.8699,7.8937,-0.0117,-0.0645,0.2314,-2.7845,-6.8570,5.1020,-0.1126,-0.1824,0.1553
2.6767,-1.8148,7.7237,-0.0123,-0.0813,0.2246,-2.6025,-6.6966,5.0422,-0.1124,-0.1843,0.1551
2.6695,-1.8076,7.7381,-0.0176,-0.0572,0.2282,-2.6456,-6.7133,5.1188,-0.1234,-0.1764,0.1502
2.7007,-1.7645,7.7524,0.0039,-0.0910,0.2553,-2.6193,-6.6631,5.1332,-0.1005,-0.2130,0.1837
2.7701,-1.7334,7.7405,0.0120,-0.0899,0.2709,-2.6624,-6.5003,5.2026,-0.1134,-0.2090,0.1909
2.8036,-1.7526,7.8865,-0.0055,-0.0589,0.2551,-2.6504,-6.6176,5.3271,-0.1279,-0.1871,0.1903
2.7964,-1.7669,7.8961,-0.0051,-0.0826,0.2701,-2.4852,-6.6439,5.2265,-0.1178,-0.1986,0.1888
2.8898,-1.8579,7.7812,-0.0036,-0.0815,0.2611,-2.5570,-6.6391,5.2265,-0.1159,-0.1911,0.1799
2.7557,-1.7813,7.8434,-0.0261,-0.0456,0.2329,-2.6576,-6.7732,5.1308,-0.1091,-0.1559,0.1605
2.8156,-1.8076,7.8506,-0.0093,-0.1191,0.2316,-2.5786,-6.6966,5.2577,-0.0634,-0.2336,0.1821
2.8946,-1.8747,7.7333,0.0304,-0.1504,0.2312,-2.4493,-6.5721,5.3319,-0.0276,-0.2334,0.1972
2.8012,-1.7717,7.5537,0.0143,-0.0759,0.2501,-2.5379,-6.5386,5.1763,-0.0909,-0.1620,0.1951
2.6863,-1.7190,7.6710,-0.0008,-0.0843,0.2146,-2.6169,-6.6559,5.0063,-0.0750,-0.1739,0.1599
2.6049,-1.5778,7.9679,0.0152,-0.0857,0.2419,-2.8252,-6.7469,5.1571,-0.0834,-0.1760,0.1705
2.8036,-1.6017,7.7261,0.0161,-0.1227,0.2618,-2.6240,-6.4404,5.2720,-0.0811,-0.2598,0.2012
2.9880,-1.7238,7.6495,-0.0109,-0.0973,0.2583,-2.5163,-6.4356,5.2984,-0.1204,-0.2028,0.1733
3.0454,-1.8148,7.7117,-0.0047,-0.0718,0.2433,-2.4469,-6.5074,5.4875,-0.1243,-0.1993,0.1708
3.1867,-1.7430,7.6950,0.0175,-0.0905,0.2182,-2.3942,-6.4500,5.4731,-0.0861,-0.1765,0.1600
3.0263,-1.5969,7.7189,-0.0043,-0.0779,0.1986,-2.4804,-6.4236,5.4444,-0.0895,-0.1640,0.1388
2.9951,-1.6185,7.6926,-0.0101,-0.0909,0.2005,-2.6097,-6.4596,5.2648,-0.0794,-0.1875,0.1539
3.0071,-1.7262,7.7045,-0.0230,-0.0973,0.2192,-2.4828,-6.5003,5.3463,-0.1009,-0.1916,0.1529
3.0502,-1.7885,7.8075,-0.0173,-0.0578,0.2160,-2.4636,-6.4859,5.4181,-0.1061,-0.1729,0.1629
3.0933,-1.7549,7.8243,-0.0009,-0.0759,0.1965,-2.5331,-6.4787,5.4636,-0.0749,-0.1491,0.1563
3.1173,-1.5610,7.5322,0.0036,-0.0965,0.1888,-2.4205,-6.2656,5.3510,-0.0584,-0.1824,0.1548
3.2657,-1.6424,7.5489,-0.0246,-0.0705,0.1600,-2.3128,-6.1794,5.6551,-0.0854,-0.1386,0.1247
3.3088,-1.6376,7.7189,-0.0240,-0.0314,0.1195,-2.4565,-6.3327,5.7413,-0.0923,-0.0741,0.0997
3.3567,-1.5586,7.6160,-0.0125,-0.0384,0.0850,-2.3727,-6.2632,5.5641,-0.0568,-0.0646,0.0810
3.2657,-1.4868,7.4388,-0.0602,0.0125,0.0337,-2.3607,-6.0358,5.5761,-0.0794,-0.0148,0.0324
3.1556,-1.5060,7.7381,-0.1077,0.0658,-0.0031,-2.5762,-6.2944,5.4444,-0.1148,0.0604,-0.0171
2.9616,-1.5203,7.7189,-0.1244,0.0505,-0.0242,-2.7054,-6.4763,5.3103,-0.0938,0.0433,-0.0321
2.9401,-1.7166,7.7309,-0.1335,-0.0188,-0.0257,-2.4876,-6.4596,5.3223,-0.0597,-0.0143,-0.0433
3.0215,-1.7813,7.6495,-0.1033,-0.0045,-0.0521,-2.4469,-6.5434,5.3032,-0.0408,0.0309,-0.0522
2.9257,-1.7980,7.8314,-0.0983,-0.0033,-0.0649,-2.4565,-6.5721,5.3510,-0.0280,0.0437,-0.0620
2.9880,-1.7645,7.6974,-0.0918,-0.0310,-0.0785,-2.5690,-6.5673,5.2505,-0.0011,0.0168,-0.0461
2.9544,-1.6735,7.6495,-0.0961,-0.0067,-0.0771,-2.4684,-6.4931,5.2313,-0.0226,0.0441,-0.0601
2.8850,-1.7933,7.7764,-0.0806,-0.0144,-0.0646,-2.5570,-6.6272,5.2672,-0.0192,0.0270,-0.0424
2.9257,-1.8316,7.6591,-0.0794,-0.0108,-0.0517,-2.4397,-6.5242,5.2218,-0.0237,0.0226,-0.0314
2.9329,-1.7885,7.7859,-0.0815,-0.0133,-0.0444,-2.5546,-6.5984,5.2553,-0.0280,0.0250,-0.0257
2.9712,-1.8364,7.7213,-0.0679,-0.0508,-0.0352,-2.4708,-6.5649,5.3103,-0.0009,-0.0079,-0.0119
3.0478,-1.8052,7.7596,-0.0699,-0.0256,-0.0489,-2.4014,-6.5984,5.3343,-0.0132,0.0069,-0.0140
2.9497,-1.7765,7.7333,-0.0617,-0.0234,-0.0464,-2.4732,-6.5721,5.2050,-0.0049,0.0091,-0.0085
3.0478,-1.7573,7.7189,-0.0486,-0.0345,-0.0528,-2.5211,-6.5936,5.3439,-0.0013,0.0228,-0.0077
2.9904,-1.7142,7.6638,-0.0652,-0.0033,-0.0532,-2.4588,-6.4428,5.2912,-0.0221,0.0284,-0.0108
2.8635,-1.6903,7.7740,-0.0687,-0.0047,-0.0522,-2.5331,-6.5003,5.3199,-0.0245,-0.0009,0.0075
2.9832,-1.7238,7.7692,-0.0624,-0.0360,-0.0121,-2.5426,-6.4811,5.2984,-0.0286,-0.0067,0.0129
3.0167,-1.6975,7.6950,-0.0497,-0.0313,-0.0044,-2.5259,-6.4667,5.3151,-0.0209,-0.0041,0.0093
3.0382,-1.6783,7.6495,-0.0610,-0.0242,-0.0203,-2.4373,-6.4332,5.3510,-0.0265,-0.0007,0.0029
3.0358,-1.6113,7.6998,-0.0695,-0.0257,-0.0192,-2.5331,-6.4500,5.3056,-0.0318,0.0039,0.0007
3.0239,-1.6496,7.6447,-0.0719,-0.0222,-0.0153,-2.4541,-6.4524,5.3726,-0.0341,-0.0031,-0.0089
3.0311,-1.6376,7.6279,-0.0774,-0.0123,-0.0179,-2.5091,-6.3901,5.3032,-0.0412,0.0052,-0.0040
2.9904,-1.5874,7.6782,-0.0743,-0.0179,-0.0079,-2.4684,-6.4691,5.3103,-0.0425,0.0052,-0.0089
3.0670,-1.6831,7.6423,-0.0793,-0.0244,-0.0068,-2.5331,-6.5194,5.3079,-0.0438,-0.0044,-0.0025
3.0550,-1.6903,7.6902,-0.0805,-0.0128,-0.0145,-2.5450,-6.4811,5.4229,-0.0414,-0.0079,-0.0067
2.9928,-1.6759,7.6758,-0.0775,-0.0119,-0.0176,-2.4636,-6.4667,5.4205,-0.0408,0.0049,-0.0029
2.9808,-1.6759,7.6998,-0.0694,-0.0063,-0.0167,-2.5570,-6.5410,5.4468,-0.0438,0.0153,-0.0084
3.0335,-1.6927,7.5920,-0.0686,-0.0228,-0.0129,-2.4852,-6.4236,5.2960,-0.0325,-0.0107,0.0032
3.0335,-1.6783,7.7788,-0.0713,-0.0103,-0.0119,-2.5666,-6.5194,5.3798,-0.0441,0.0119,-0.0051
2.9951,-1.6735,7.6638,-0.0718,-0.0296,-0.0065,-2.5043,-6.4308,5.3271,-0.0358,-0.0148,-0.0028
3.0742,-1.6735,7.6279,-0.0722,-0.0124,-0.0148,-2.5379,-6.4811,5.3391,-0.0404,0.0100,-0.0115
3.0382,-1.7334,7.7285,-0.0722,-0.0290,-0.0175,-2.4349,-6.4500,5.3870,-0.0302,-0.0089,-0.0020
3.0861,-1.7071,7.7740,-0.0702,-0.0324,-0.0155,-2.5522,-6.4667,5.3750,-0.0328,-0.0108,0.0013
3.0837,-1.6759,7.6614,-0.0726,-0.0224,-0.0105,-2.5283,-6.3758,5.3295,-0.0368,-0.0073,-0.0019
3.0095,-1.6161,7.7692,-0.0783,-0.0117,-0.0104,-2.5426,-6.4500,5.4731,-0.0441,0.0100,-0.0068
3.0335,-1.6640,7.6614,-0.0675,-0.0261,-0.0101,-2.4493,-6.3877,5.3774,-0.0338,-0.0152,0.0037
3.0646,-1.7478,7.6902,-0.0725,-0.0153,-0.0169,-2.4708,-6.4284,5.3846,-0.0377,0.0023,0.0021
3.0646,-1.6448,7.6734,-0.0681,-0.0175,-0.0183,-2.4995,-6.4500,5.4157,-0.0348,0.0033,0.0007
3.0789,-1.6855,7.7213,-0.0729,-0.0195,-0.0103,-2.5187,-6.4500,5.4827,-0.0390,-0.0020,-0.0041
3.0215,-1.6975,7.7165,-0.0762,-0.0069,-0.0148,-2.5019,-6.4069,5.4157,-0.0441,0.0083,-0.0087
3.0526,-1.6400,7.6375,-0.0725,-0.0256,-0.0119,-2.5043,-6.4356,5.2481,-0.0329,-0.0111,-0.0025
3.0933,-1.6328,7.7620,-0.0654,-0.0270,-0.0147,-2.5139,-6.4572,5.4684,-0.0302,-0.0044,-0.0017
3.1101,-1.6640,7.6734,-0.0745,-0.0205,-0.0104,-2.4397,-6.3782,5.3127,-0.0436,-0.0009,-0.0064
2.9808,-1.7286,7.6495,-0.0881,-0.0041,-0.0161,-2.5450,-6.4260,5.4324,-0.0497,0.0073,-0.0112
3.0885,-1.6903,7.5250,-0.0755,-0.0184,-0.0123,-2.4205,-6.3686,5.2744,-0.0428,-0.0025,-0.0073
3.1077,-1.6496,7.7381,-0.0913,-0.0023,-0.0237,-2.4397,-6.3901,5.3989,-0.0581,0.0157,-0.0200
3.0789,-1.7023,7.6614,-0.1041,0.0320,-0.0618,-2.4780,-6.4189,5.3558,-0.0562,0.0113,-0.0132
3.1053,-1.5538,7.7500,-0.1015,0.0092,-0.0757,-2.5043,-6.4548,5.5019,-0.0574,0.0348,-0.0316
3.0789,-1.5969,7.7716,-0.0831,-0.0096,-0.0176,-2.4708,-6.4620,5.4348,-0.0497,0.0111,-0.0248
3.0119,-1.6903,7.5369,-0.0665,-0.0039,-0.0131,-2.4828,-6.4739,5.3247,-0.0309,0.0076,-0.0091
3.0478,-1.5586,7.7285,-0.0691,-0.0369,0.0085,-2.4972,-6.3686,5.3989,-0.0332,-0.0144,0.0021
2.9928,-1.6352,7.6567,-0.0821,-0.0123,0.0075,-2.4636,-6.4260,5.3343,-0.0549,-0.0037,-0.0049
3.0885,-1.6783,7.7788,-0.0797,-0.0211,0.0045,-2.5690,-6.4667,5.4181,-0.0378,-0.0127,0.0089
2.9999,-1.7286,7.6279,-0.0650,-0.0329,0.0012,-2.5187,-6.4476,5.4253,-0.0294,-0.0073,0.0059
3.0335,-1.6640,7.6686,-0.0622,-0.0382,0.0015,-2.5043,-6.4069,5.3199,-0.0318,-0.0133,-0.0032
3.0502,-1.6113,7.6543,-0.0741,-0.0364,-0.0007,-2.4972,-6.3446,5.4157,-0.0300,-0.0241,-0.0008
3.1005,-1.6352,7.5681,-0.0751,-0.0252,-0.0112,-2.4565,-6.3973,5.3917,-0.0366,-0.0103,0.0024
3.0574,-1.6137,7.6902,-0.0734,-0.0185,-0.0039,-2.5618,-6.3925,5.4420,-0.0478,-0.0039,0.0011
3.0598,-1.6472,7.6710,-0.0717,-0.0196,-0.0024,-2.4205,-6.3973,5.3606,-0.0469,-0.0100,0.0051
3.0909,-1.7214,7.6591,-0.0669,-0.0238,0.0041,-2.3894,-6.4284,5.4492,-0.0397,-0.0049,0.0019
3.1843,-1.6783,7.6471,-0.0817,-0.0096,-0.0148,-2.3655,-6.3973,5.4660,-0.0424,0.0017,-0.0083
3.1244,-1.6999,7.6519,-0.0786,-0.0153,-0.0191,-2.5163,-6.4548,5.5091,-0.0401,0.0117,-0.0119
3.1149,-1.6903,7.6495,-0.0713,-0.0099,-0.0269,-2.5307,-6.4404,5.4612,-0.0354,0.0149,-0.0112
3.0239,-1.5945,7.6088,-0.0691,-0.0207,-0.0273,-2.5379,-6.4189,5.3463,-0.0322,0.0039,-0.0056
3.1268,-1.5514,7.6160,-0.0753,-0.0140,-0.0152,-2.4612,-6.3925,5.3917,-0.0460,0.0009,-0.0041
3.1771,-1.6424,7.6303,-0.0910,0.0137,-0.0037,-2.4684,-6.3207,5.4372,-0.0715,0.0183,-0.0112
3.0526,-1.5610,7.6471,-0.0927,0.0365,-0.0172,-2.5067,-6.4021,5.4803,-0.0814,0.0462,-0.0217
3.2058,-1.6759,7.6662,-0.0907,-0.0001,-0.0226,-2.4612,-6.4189,5.5952,-0.0610,0.0156,-0.0187
3.1340,-1.6735,7.6710,-0.1006,0.0169,-0.0352,-2.4421,-6.3351,5.4731,-0.0703,0.0336,-0.0402
3.1196,-1.6927,7.7812,-0.1095,0.0328,-0.0481,-2.4349,-6.4763,5.3917,-0.0665,0.0493,-0.0360
2.9281,-1.7478,7.8003,-0.0877,0.0109,-0.0517,-2.6408,-6.6391,5.2529,-0.0381,0.0497,-0.0406
2.9113,-1.7358,7.6950,-0.0533,-0.0642,-0.0406,-2.5762,-6.4715,5.2481,0.0211,-0.0381,-0.0101
3.0765,-1.5299,7.5274,-0.0662,-0.0364,-0.0421,-2.5594,-6.3614,5.4013,-0.0087,0.0201,-0.0213
3.1196,-1.5730,7.7452,-0.0907,-0.0328,-0.0410,-2.3679,-6.2704,5.4899,-0.0285,-0.0051,-0.0334
3.0885,-1.7095,7.6064,-0.1029,-0.0011,-0.0498,-2.4588,-6.4189,5.3558,-0.0418,0.0329,-0.0397
3.1651,-1.7861,7.7237,-0.0909,-0.0288,-0.0492,-2.4828,-6.4739,5.4708,-0.0156,0.0097,-0.0396
3.0526,-1.6616,7.6399,-0.0741,-0.0222,-0.0564,-2.4541,-6.4715,5.4253,-0.0105,0.0264,-0.0405
3.1436,-1.6137,7.7261,-0.0758,-0.0562,-0.0537,-2.4876,-6.3997,5.4492,0.0044,-0.0092,-0.0314
3.0478,-1.7262,7.5465,-0.0813,-0.0177,-0.0534,-2.5235,-6.4165,5.3510,-0.0201,0.0357,-0.0345
3.0239,-1.7645,7.6950,-0.0613,-0.0512,-0.0472,-2.4349,-6.5050,5.3271,0.0064,-0.0073,-0.0177
3.0191,-1.6951,7.8099,-0.0465,-0.0663,-0.0248,-2.4876,-6.5146,5.3103,0.0104,-0.0204,0.0052
3.0287,-1.5610,7.6351,-0.0389,-0.0612,0.0065,-2.5331,-6.3925,5.2960,0.0051,-0.0536,0.0249
3.0885,-1.5490,7.6231,-0.0398,-0.0532,0.0356,-2.5307,-6.3422,5.4157,-0.0168,-0.0400,0.0394
3.1675,-1.5323,7.6495,-0.0614,-0.0450,0.0416,-2.4948,-6.2968,5.4420,-0.0410,-0.0434,0.0377
3.1771,-1.6807,7.6399,-0.0722,-0.0405,0.0486,-2.4014,-6.2968,5.4564,-0.0600,-0.0564,0.0340
3.2298,-1.7238,7.6375,-0.0687,-0.0197,0.0372,-2.3511,-6.3303,5.5809,-0.0605,-0.0398,0.0317
3.2705,-1.7454,7.6782,-0.0697,-0.0211,0.0104,-2.3774,-6.4284,5.5162,-0.0549,-0.0020,0.0043
3.2250,-1.6855,7.6303,-0.0557,-0.0304,-0.0025,-2.2817,-6.3686,5.5067,-0.0354,-0.0280,0.0113
3.3088,-1.6065,7.6806,-0.0628,-0.0176,-0.0124,-2.4277,-6.3446,5.6838,-0.0424,0.0108,-0.0053
3.2322,-1.5730,7.5920,-0.0649,-0.0145,-0.0101,-2.4038,-6.2656,5.6192,-0.0384,-0.0057,0.0068
3.3136,-1.6017,7.5705,-0.0763,0.0057,-0.0139,-2.3679,-6.2608,5.6767,-0.0552,0.0290,-0.0061
3.1915,-1.5826,7.6567,-0.0782,0.0294,-0.0370,-2.5091,-6.3829,5.4277,-0.0530,0.0505,-0.0191
3.1077,-1.6065,7.7285,-0.0830,-0.0085,-0.0365,-2.4660,-6.3566,5.5210,-0.0374,0.0203,-0.0221
3.1149,-1.5993,7.6638,-0.0743,0.0024,-0.0485,-2.5163,-6.3303,5.5306,-0.0349,0.0324,-0.0230
3.0598,-1.5083,7.6638,-0.0823,-0.0020,-0.0409,-2.4732,-6.3590,5.3822,-0.0457,0.0301,-0.0316
