-0.2514,-0.7374,8.1187,-0.1029,-0.0250,-0.0168,-6.2513,-3.9169,4.6471,-0.0452,0.0073,-0.0063
-0.2298,-0.8188,8.1427,-0.1021,-0.0622,0.0091,-6.2177,-3.8523,4.4987,-0.0432,-0.0815,0.0180
-0.4022,-0.8236,8.2049,-0.0949,-0.0281,-0.0336,-6.3662,-3.9145,4.6184,-0.0292,-0.0349,-0.0129
-0.1772,-0.8475,8.1283,-0.0891,-0.0036,-0.0476,-6.3686,-3.9792,4.7046,-0.0374,0.0502,-0.0059
-0.2825,-0.7566,8.2121,-0.0798,-0.0753,-0.0135,-6.0621,-3.9193,4.6902,-0.0667,-0.1260,0.0151
-0.1460,-0.8140,8.1475,-0.0810,0.0029,-0.0597,-6.3398,-3.9145,4.5753,-0.0200,0.0989,0.0025
0.3352,-0.8475,8.0397,-0.0794,-0.1319,-0.1019,-6.3398,-4.0366,4.7453,-0.0540,-0.0933,-0.0145
0.4429,-0.5818,8.0445,0.0638,-0.0425,-0.4453,-6.3734,-4.0127,4.6926,-0.0262,-0.0835,-0.0612
-0.5555,-0.6440,8.1451,0.0691,-0.0529,-0.3597,-6.2010,-3.9433,4.6591,-0.0061,-0.1130,-0.0481
-0.2418,-0.7829,8.1235,-0.1119,-0.0793,0.1096,-6.1651,-3.9744,4.8076,-0.0366,-0.0707,-0.0374
-0.2131,-0.9505,8.0541,-0.1620,-0.1418,0.4624,-6.0382,-4.2114,4.7285,0.0165,-0.1007,-0.0438
-0.1293,-0.6177,8.1762,-0.1491,-0.1166,0.1827,-6.1172,-4.0917,4.6878,-0.0440,0.0008,-0.0738
-0.1437,-0.7853,8.1977,-0.0612,0.0056,0.0225,-6.0597,-4.1276,4.8171,-0.0129,-0.0128,-0.0370
0.1101,-0.8116,8.1666,-0.0843,0.0189,0.1086,-6.0501,-4.1970,5.1164,-0.0469,-0.0385,-0.0517
-0.3998,-0.6895,8.0325,-0.1136,0.0695,0.1841,-6.1531,-4.0342,4.6471,-0.0349,0.1647,-0.0067
-0.4669,-0.5698,7.9416,-0.0610,0.1224,0.1716,-6.0956,-4.0701,4.9297,-0.0644,0.2437,0.0250
-0.2466,-0.7709,8.1307,-0.0293,0.1390,0.5458,-6.1555,-4.0366,4.6112,-0.0268,-0.0659,-0.0474
-0.4214,-0.7470,8.1570,-0.0420,0.0360,0.0059,-6.1268,-4.0007,4.8100,-0.0312,-0.1216,-0.0529
0.0646,-0.8811,8.1570,-0.0683,-0.0693,0.0806,-5.9831,-4.0486,4.8435,-0.0320,-0.1693,-0.0811
-0.2610,-0.7733,8.0756,-0.0850,-0.0412,0.0209,-6.2513,-4.1922,5.1092,-0.0653,-0.0609,-0.0481
0.0694,-0.7230,8.0685,-0.0839,-0.0675,0.0372,-5.9161,-3.9385,4.8100,-0.0309,0.0075,-0.0224
-0.1125,-0.8691,8.2528,-0.0858,-0.0381,0.0040,-5.9999,-3.9935,4.8387,-0.0346,-0.0120,-0.0264
-0.2849,-0.8499,8.1499,-0.0757,-0.0197,0.0116,-5.9256,-4.0797,4.8722,-0.0348,0.0059,-0.0167
-0.1867,-0.8475,8.1882,-0.0711,-0.0344,0.0192,-6.0118,-4.2282,5.1188,-0.0418,-0.0370,-0.0252
-0.1556,-0.8188,8.1810,-0.0714,-0.0131,0.0157,-5.8179,-4.1899,5.0039,-0.0432,-0.0177,-0.0009
-0.1101,-0.7781,8.1475,-0.0730,0.0049,0.0093,-5.9879,-4.0486,4.9297,-0.0424,0.0496,0.0161
-0.2346,-0.8667,8.1355,-0.0918,-0.0364,-0.0104,-5.9568,-4.1108,4.9129,-0.0418,0.0143,-0.0137
-0.1293,-0.8308,8.2313,-0.0786,0.0033,-0.0057,-5.9113,-4.0677,4.9416,-0.0468,0.0485,-0.0113
-0.2155,-0.7566,8.1762,-0.0805,-0.0192,-0.0041,-5.9664,-4.0773,4.8890,-0.0485,-0.0234,-0.0141
-0.1772,-0.7685,8.1044,-0.0817,-0.0049,0.0020,-5.9041,-4.0869,4.8937,-0.0562,0.0093,-0.0012
-0.1389,-0.7685,8.2313,-0.0846,-0.0266,-0.0108,-5.9089,-4.1492,4.9704,-0.0389,-0.0092,-0.0068
-0.2274,-0.8045,8.1977,-0.0835,0.0069,-0.0053,-5.9017,-4.0725,4.9823,-0.0433,0.0465,-0.0044
-0.2298,-0.8595,8.1499,-0.0863,-0.0298,0.0001,-5.9233,-4.1563,4.9105,-0.0478,-0.0189,-0.0076
-0.3184,-0.7685,8.0876,-0.0675,-0.0215,-0.0149,-5.8778,-4.0989,4.8674,-0.0288,-0.0313,-0.0020
-0.2682,-0.7398,8.1068,-0.0839,0.0187,-0.0073,-5.9903,-4.1300,4.9608,-0.0428,0.0534,-0.0049
-0.0790,-0.8811,8.1834,-0.0871,-0.0380,0.0080,-5.9807,-4.1204,4.9057,-0.0460,-0.0155,-0.0037
-0.1820,-0.8619,8.1044,-0.0851,-0.0273,-0.0063,-5.9328,-4.1013,4.9129,-0.0444,-0.0165,-0.0109
-0.1820,-0.8475,8.1139,-0.0778,-0.0119,-0.0109,-5.9209,-4.0606,4.8914,-0.0422,0.0127,-0.0044
-0.1580,-0.8739,8.0709,-0.0747,-0.0007,-0.0089,-5.8203,-4.0390,4.9201,-0.0425,0.0310,0.0266
-0.1173,-0.9194,8.1211,-0.0805,0.0016,-0.0137,-5.9376,-4.0821,4.9153,-0.0432,0.0163,0.0220
-0.1748,-0.7997,8.1714,-0.0731,-0.0382,-0.0089,-5.9041,-4.0175,4.9297,-0.0368,-0.0314,0.0009
-0.1867,-0.8260,8.1235,-0.0835,-0.0209,0.0007,-5.9448,-4.0223,4.9033,-0.0532,-0.0171,-0.0060
-0.1604,-0.8188,8.0876,-0.0737,0.0262,-0.0176,-5.9568,-4.1180,4.9823,-0.0466,0.0476,-0.0137
-0.1053,-0.8811,8.1906,-0.0709,-0.0136,-0.0083,-6.0358,-4.1611,4.8339,-0.0401,0.0236,0.0085
-0.1317,-0.8787,8.1499,-0.0809,-0.0072,-0.0105,-5.9640,-4.1084,4.8028,-0.0584,-0.0148,0.0044
-0.1460,-0.8260,8.0661,-0.0982,0.0509,-0.0261,-5.9759,-4.1276,4.9536,-0.0500,-0.0061,-0.0051
-0.1460,-0.8595,8.1092,-0.0815,-0.0296,-0.0067,-6.0047,-4.1276,4.9105,-0.0422,-0.0108,-0.0116
-0.0359,-0.9002,8.1786,-0.0779,-0.0176,-0.0088,-5.9424,-4.0510,4.9584,-0.0453,0.0004,-0.0027
-0.2155,-0.8954,8.1547,-0.0810,-0.0294,0.0009,-5.9568,-4.0893,4.8602,-0.0378,-0.0349,-0.0139
-0.1365,-0.9050,8.1570,-0.0821,-0.0181,-0.0053,-5.9041,-4.0965,4.9967,-0.0494,0.0089,-0.0083
-0.3472,-0.7781,8.1738,-0.0777,-0.0544,0.0274,-5.9472,-4.1683,4.9057,-0.0257,-0.0502,-0.0246
-0.3519,-0.9792,8.1666,-0.0398,0.0797,-0.0195,-5.9903,-4.1396,4.8961,-0.0161,0.0805,-0.0345
-0.5100,-1.0127,8.2097,-0.0448,0.0662,-0.0477,-6.0142,-4.3024,4.8794,0.0035,0.0020,-0.0628
0.3184,-0.8140,8.1139,-0.0512,-0.1692,0.0388,-6.1603,-4.2066,4.9584,-0.0416,-0.1599,-0.0557
-0.2418,-0.9074,8.1714,-0.0847,-0.0302,0.0597,-6.1746,-4.1156,5.3032,-0.0747,0.0169,-0.1065
-0.4190,-0.8547,8.0325,-0.0909,-0.0043,-0.0237,-5.6886,-4.2282,5.0757,-0.0682,0.0690,-0.0441
-0.0168,-0.8954,8.3510,-0.0958,-0.0606,0.1699,-5.8227,-3.9121,4.9775,-0.0558,0.0648,-0.0140
0.0287,-0.7805,7.8458,-0.0907,-0.1220,-0.0361,-5.8754,-4.0414,5.1404,-0.0434,-0.0803,-0.0207
-0.0934,-1.0894,8.0589,-0.1455,0.0461,-0.0905,-5.8873,-4.3407,4.9440,0.0393,0.1102,-0.0044
0.1245,-1.2953,8.2097,-0.1920,-0.2168,-0.0474,-6.0118,-4.4819,5.2864,0.0117,-0.0418,-0.0029
0.5578,-1.1803,7.9033,-0.0612,0.1887,0.0172,-5.1332,-4.2114,5.1356,-0.1259,-0.0252,0.0192
-0.0144,-1.1684,8.1355,-0.0560,0.0216,-0.0345,-6.0789,-4.3958,4.8483,-0.0497,0.0798,-0.0466
0.1939,-0.8404,8.0517,-0.0738,-0.0935,-0.0313,-5.6886,-4.0414,4.9081,0.0068,0.0175,-0.0538
-0.6464,-0.4262,7.8434,-0.0703,0.0453,-0.0368,-6.2034,-3.4740,5.2002,-0.0336,0.0326,-0.0484
-0.2322,-0.5267,7.8314,-0.1296,-0.0679,0.0123,-5.7365,-3.7757,4.9009,-0.0901,-0.0400,-0.0037
-0.1221,-0.9385,8.1954,-0.0576,0.1917,-0.0270,-5.9256,-4.2617,4.8866,-0.0412,0.0654,0.0109
0.0215,-0.9553,8.0780,-0.0875,-0.0677,0.0381,-5.9041,-4.1731,4.8411,-0.0646,-0.0428,0.0101
-0.1820,-0.8523,8.0685,-0.0871,0.0269,0.0131,-5.8849,-4.0366,4.9847,-0.0754,0.0722,0.0060
-0.2658,-0.9529,8.2049,-0.0966,-0.0292,-0.0172,-5.9640,-4.1899,4.9225,-0.0585,-0.0338,0.0167
-0.0192,-1.1133,8.2241,-0.0878,-0.0176,0.0228,-6.0693,-4.3742,4.8650,-0.0552,0.0397,0.0019
-0.1987,-0.8930,8.1547,-0.0537,-0.0040,0.0572,-5.9280,-4.2258,4.8459,-0.0436,-0.0330,-0.0033
-0.1460,-1.0846,8.1523,-0.0649,0.0782,0.0089,-6.1052,-4.3359,5.1643,-0.1055,0.0161,-0.0521
-0.2801,-0.9553,8.1355,-0.0306,0.0148,0.0649,-6.2225,-4.3383,5.2936,-0.0636,0.0008,-0.0147
-0.0886,-0.9720,8.1475,-0.0731,0.0353,-0.0013,-5.7628,-4.1348,4.8171,-0.0325,0.0133,0.0135
-0.1652,-0.9242,8.0852,-0.0702,-0.0111,-0.0001,-5.9065,-4.2066,5.0063,-0.0438,-0.0409,0.0045
-0.4980,-1.0271,8.1834,-0.0814,0.0753,0.0173,-5.9735,-4.2713,4.7860,-0.0574,0.0497,0.0128
-0.2155,-0.8571,8.1283,-0.0749,0.0112,-0.0043,-5.9328,-4.1587,4.8674,-0.0470,-0.0191,0.0037
-0.1628,-1.0080,8.1331,-0.0750,-0.0121,0.0035,-5.9113,-4.1276,4.8866,-0.0488,-0.0236,-0.0028
-0.1628,-0.9050,7.9895,-0.0802,-0.0057,0.0203,-5.9233,-4.1779,4.8028,-0.0529,0.0204,0.0065
-0.1820,-0.9984,8.2193,-0.0967,-0.0318,0.0023,-6.0956,-4.2521,4.9177,-0.0417,0.0095,0.0004
-0.2298,-0.9457,8.2025,-0.0783,-0.0212,-0.0084,-5.9927,-4.2928,4.9991,-0.0426,0.0284,-0.0027
-0.2777,-0.9146,8.1163,-0.0815,-0.0317,-0.0148,-5.9520,-4.1779,4.7405,-0.0445,-0.0461,0.0001
-0.2011,-0.8882,8.0014,-0.0729,-0.0280,-0.0085,-5.9017,-4.1875,4.8602,-0.0429,-0.0095,-0.0045
-0.2179,-0.9194,8.2480,-0.0793,0.0035,-0.0059,-5.9328,-4.1635,4.9512,-0.0529,0.0281,-0.0044
-0.1628,-0.9601,8.0134,-0.0737,-0.0496,-0.0027,-5.8012,-4.1515,4.7501,-0.0542,-0.0879,0.0003
-0.1724,-0.8164,8.2696,-0.0576,-0.0083,-0.0105,-6.1148,-4.1539,4.8890,-0.0537,0.0281,-0.0047
-0.2610,-0.9385,8.0804,-0.0476,0.0143,-0.0245,-5.9640,-4.2210,4.8291,-0.0115,0.0674,-0.0016
-0.1700,-0.8475,8.0517,-0.0703,-0.0017,-0.0036,-5.8873,-4.1707,4.8746,-0.0524,-0.0035,0.0055
-0.1748,-0.9673,8.2480,-0.0654,-0.0414,-0.0167,-5.9209,-4.2138,4.8914,-0.0248,-0.0039,-0.0127
-0.2466,-0.9050,8.0589,-0.0757,-0.0324,-0.0155,-5.8969,-4.0989,4.8554,-0.0290,-0.0458,-0.0072
-0.1053,-1.0032,8.0302,-0.0833,-0.0204,-0.0282,-5.9256,-4.2258,4.9105,-0.0440,-0.0262,-0.0043
-0.2346,-0.9050,8.1403,-0.0653,-0.0107,-0.0274,-5.9616,-4.2401,4.9081,-0.0257,0.0109,-0.0148
-0.0934,-0.8619,8.0948,-0.0649,-0.0330,-0.0015,-5.8778,-4.1132,4.9225,-0.0534,0.0013,0.0061
-0.1700,-0.9744,8.1427,-0.0693,-0.0121,-0.0173,-5.9280,-4.2282,4.8554,-0.0342,0.0378,-0.0049
-0.1077,-0.8787,8.1379,-0.0722,-0.0137,-0.0140,-5.9304,-4.2449,4.8794,-0.0412,0.0261,-0.0103
-0.2011,-0.9266,8.1355,-0.0766,0.0273,-0.0149,-5.9113,-4.1875,4.8554,-0.0597,0.0091,-0.0005
-0.2155,-1.0127,8.1858,-0.0706,-0.0081,-0.0179,-5.8897,-4.2018,4.9153,-0.0446,-0.0272,-0.0003
-0.2107,-0.8811,8.2001,-0.0790,-0.0139,-0.0199,-5.9328,-4.2042,4.8147,-0.0372,-0.0218,-0.0007
-0.1676,-0.9888,8.1044,-0.0750,0.0033,-0.0169,-5.9185,-4.2162,4.8267,-0.0402,0.0658,-0.0059
-0.0982,-0.8787,8.2049,-0.0745,-0.0163,-0.0039,-5.8945,-4.2234,4.9344,-0.0492,0.0184,-0.0009
-0.1963,-0.9050,8.1259,-0.0678,-0.0224,-0.0096,-5.9711,-4.2449,4.7716,-0.0442,-0.0306,-0.0007
-0.0694,-0.8643,8.2887,-0.0746,-0.0164,-0.0092,-5.8993,-4.0797,4.8937,-0.0464,0.0180,-0.0029
-0.2035,-0.9313,8.2744,-0.0774,0.0016,-0.0093,-5.9544,-4.1563,4.8674,-0.0438,0.0632,-0.0059
-0.3256,-0.9577,8.0373,-0.0753,0.0155,-0.0173,-5.9903,-4.1803,4.7070,-0.0350,-0.0044,-0.0063
-0.0527,-0.9098,8.1786,-0.0683,-0.0025,-0.0171,-5.9855,-4.1635,4.9033,-0.0385,0.0047,-0.0016
-0.0431,-0.9242,8.2145,-0.0753,-0.0221,-0.0073,-5.9328,-4.2066,4.8626,-0.0478,-0.0115,-0.0023
-0.2011,-0.8811,8.1116,-0.0667,-0.0324,-0.0079,-5.9951,-4.1468,4.7764,-0.0445,-0.0177,-0.0076
-0.1580,-0.9768,8.2073,-0.0761,-0.0068,-0.0147,-5.9256,-4.1946,4.8028,-0.0448,0.0029,-0.0047
-0.2562,-0.9337,8.0565,-0.0997,0.0023,-0.0240,-5.8921,-4.2282,4.8554,-0.0469,0.0236,-0.0043
-0.2251,-0.9385,7.5537,-0.1883,-0.1200,0.0252,-5.9568,-4.2162,4.8363,-0.0641,0.0189,-0.0036
-0.2849,-0.9768,8.1044,-0.0815,-0.0416,-0.0076,-5.9328,-4.1611,4.8961,-0.0452,-0.0570,-0.0056
-0.1389,-0.9744,8.1451,-0.0831,0.0011,-0.0061,-5.8873,-4.2066,4.8794,-0.0445,0.0568,-0.0039
-0.0814,-1.0271,8.1786,-0.0798,-0.0163,-0.0059,-5.8538,-4.1492,4.7429,-0.0432,0.0007,-0.0024
-0.1867,-0.9409,8.1594,-0.0799,-0.0237,0.0027,-5.9065,-4.1779,4.8674,-0.0497,-0.0372,-0.0015
-0.0838,-1.0965,8.1594,-0.0859,-0.0232,0.0028,-5.9664,-4.2497,4.9177,-0.0500,0.0213,-0.0005
-0.1341,-1.0415,8.0373,-0.0742,-0.0317,-0.0015,-5.8610,-4.2401,4.8363,-0.0441,0.0059,0.0005
-0.0263,-0.9720,8.1714,-0.0766,-0.0300,-0.0096,-5.9448,-4.1372,4.8842,-0.0390,-0.0112,-0.0001
-0.0455,-0.9984,8.0709,-0.0802,-0.0253,-0.0024,-5.9544,-4.1803,4.8770,-0.0516,0.0077,-0.0004
-0.1101,-1.0918,8.1044,-0.0793,-0.0325,-0.0020,-5.9424,-4.1875,4.9105,-0.0436,-0.0037,-0.0001
-0.0383,-0.9673,8.1810,-0.0699,-0.0153,-0.0200,-6.0094,-4.2162,4.9297,-0.0453,0.0141,-0.0025
-0.1125,-0.9912,8.1092,-0.0750,-0.0043,-0.0140,-5.9711,-4.1276,4.8746,-0.0424,0.0252,0.0001
-0.1413,-0.9720,8.1666,-0.0695,-0.0250,-0.0116,-5.9903,-4.2042,4.8123,-0.0465,-0.0221,-0.0021
-0.0239,-0.9553,8.0469,-0.0745,-0.0111,-0.0127,-5.9568,-4.1132,4.8674,-0.0450,0.0005,0.0004
-0.0335,-1.0056,8.1594,-0.0714,-0.0288,-0.0160,-5.9616,-4.1827,4.8794,-0.0425,0.0033,-0.0033
-0.1293,-0.9912,8.1714,-0.0726,-0.0312,-0.0103,-6.0238,-4.2282,4.7764,-0.0388,0.0156,-0.0039
-0.0144,-0.9697,8.1451,-0.0698,-0.0312,-0.0136,-5.9783,-4.1396,4.8171,-0.0450,-0.0044,-0.0029
-0.0455,-1.0008,8.0613,-0.0773,-0.0234,-0.0041,-5.8873,-4.2114,4.8483,-0.0466,-0.0135,-0.0007
-0.1269,-1.0223,8.1044,-0.0629,-0.0097,-0.0177,-6.0142,-4.2306,4.8578,-0.0465,0.0149,-0.0055
-0.2298,-0.9242,8.1403,-0.0739,-0.0183,-0.0133,-5.9256,-4.1922,4.8028,-0.0410,-0.0091,-0.0028
-0.2059,-0.9720,8.1403,-0.0813,-0.0035,-0.0145,-5.9616,-4.1563,4.9488,-0.0406,0.0305,-0.0061
-0.1556,-0.9864,8.2217,-0.0710,0.0007,-0.0148,-6.0382,-4.1779,4.9273,-0.0434,0.0249,-0.0081
-0.1197,-1.0511,8.1475,-0.0742,0.0064,-0.0252,-5.9783,-4.1611,4.7812,-0.0406,0.0268,-0.0021
-0.2729,-0.9505,8.0613,-0.0717,0.0009,-0.0163,-5.9161,-4.1611,4.8004,-0.0464,0.0065,-0.0029
-0.0479,-1.0032,8.1882,-0.0715,0.0056,-0.0216,-5.9975,-4.1468,4.9105,-0.0488,-0.0101,0.0025
-0.1915,-0.9673,8.1499,-0.0757,-0.0001,-0.0133,-6.0262,-4.1372,4.8578,-0.0472,0.0036,-0.0040
-0.1820,-0.9553,8.0876,-0.0806,-0.0152,-0.0109,-5.9568,-4.1420,4.8363,-0.0434,-0.0141,-0.0009
-0.1748,-1.0175,8.0948,-0.0751,-0.0258,-0.0088,-5.9472,-4.2138,4.8602,-0.0453,0.0023,-0.0061
-0.2777,-1.0463,8.1690,-0.0817,-0.0205,-0.0041,-5.9664,-4.2425,4.7884,-0.0409,0.0069,-0.0060
-0.0215,-1.0104,8.1906,-0.0775,-0.0332,-0.0012,-5.9280,-4.1683,4.8435,-0.0468,0.0141,-0.0039
-0.1772,-1.1037,8.1379,-0.0749,-0.0196,-0.0073,-5.9903,-4.1420,4.8052,-0.0438,-0.0013,-0.0013
-0.0838,-1.0032,8.1642,-0.0707,-0.0067,-0.0254,-5.9209,-4.1396,4.8171,-0.0464,-0.0027,0.0000
0.0335,-1.0487,8.1139,-0.0735,-0.0330,-0.0140,-5.9807,-4.1899,4.9752,-0.0453,-0.0060,-0.0017
-0.0790,-1.0415,8.1930,-0.0761,-0.0393,-0.0024,-5.9903,-4.1659,4.8626,-0.0448,-0.0016,-0.0033
0.0335,-1.0367,8.1810,-0.0751,-0.0384,-0.0080,-5.9640,-4.2114,4.8578,-0.0460,0.0045,-0.0081
-0.1652,-1.0127,8.1906,-0.0739,-0.0324,-0.0083,-6.0525,-4.2401,4.8746,-0.0430,0.0151,-0.0041
-0.2394,-1.0151,8.1068,-0.0826,-0.0099,-0.0125,-5.9448,-4.1827,4.7932,-0.0418,0.0056,-0.0028
-0.2131,-1.0511,8.0996,-0.0759,-0.0147,-0.0109,-5.9640,-4.1994,4.8507,-0.0421,-0.0163,-0.0017
-0.1700,-0.9697,8.0206,-0.0787,-0.0039,-0.0185,-5.9759,-4.1970,4.8842,-0.0405,0.0081,-0.0015
-0.0215,-1.0798,8.1834,-0.0803,-0.0354,-0.0083,-5.9352,-4.1994,4.9153,-0.0466,0.0165,-0.0060
-0.2274,-0.9768,8.1690,-0.0685,-0.0346,-0.0077,-5.9256,-4.1803,4.8698,-0.0450,-0.0036,-0.0040
-0.2179,-0.9936,8.1235,-0.0702,-0.0112,-0.0135,-5.9328,-4.2401,4.8291,-0.0436,-0.0051,-0.0049
-0.1317,-1.0750,8.0541,-0.0794,-0.0185,-0.0025,-5.9352,-4.1994,4.7908,-0.0421,0.0165,-0.0049
-0.1676,-0.9409,8.0996,-0.0854,-0.0113,-0.0124,-5.9113,-4.1539,4.8842,-0.0446,-0.0096,-0.0056
-0.1700,-1.0008,8.0852,-0.0746,-0.0092,-0.0131,-5.9520,-4.1899,4.8411,-0.0398,0.0097,-0.0024
-0.1077,-0.9864,8.0182,-0.0658,-0.0059,-0.0160,-5.9616,-4.2234,4.9416,-0.0448,0.0228,-0.0047
-0.0120,-1.0534,8.1379,-0.0753,-0.0341,-0.0120,-5.9233,-4.1228,4.8554,-0.0474,-0.0069,-0.0016
-0.1772,-0.8739,8.1139,-0.0798,-0.0229,-0.0144,-6.0071,-4.2377,4.8459,-0.0432,-0.0112,-0.0040
-0.2274,-0.9194,8.1116,-0.0731,-0.0007,-0.0120,-5.9137,-4.1683,4.8674,-0.0442,0.0147,-0.0008
-0.1508,-0.9768,8.1451,-0.0667,-0.0076,-0.0112,-5.9999,-4.1659,4.9057,-0.0456,0.0004,-0.0060
-0.1915,-0.9768,8.1451,-0.0701,-0.0039,-0.0137,-6.0310,-4.1994,4.8052,-0.0405,0.0097,-0.0048
-0.1796,-0.9481,8.0804,-0.0803,-0.0104,-0.0136,-5.9759,-4.1683,4.8914,-0.0394,-0.0060,-0.0067
-0.2083,-0.9864,8.0852,-0.0825,-0.0144,-0.0103,-5.9568,-4.2018,4.9057,-0.0453,-0.0163,-0.0024
-0.1149,-0.9601,8.1451,-0.0739,-0.0204,-0.0180,-6.0190,-4.2234,4.8650,-0.0433,-0.0045,-0.0037
-0.1413,-1.0175,8.1355,-0.0723,-0.0069,-0.0129,-5.9448,-4.1827,4.8028,-0.0465,0.0229,-0.0061
-0.1844,-1.0798,8.1499,-0.0754,-0.0071,-0.0084,-5.9855,-4.1994,4.8602,-0.0481,0.0093,-0.0059
-0.2298,-0.9744,8.0278,-0.0697,-0.0040,-0.0188,-6.0214,-4.1468,4.8459,-0.0462,0.0076,-0.0025
-0.2179,-1.0032,8.0804,-0.0734,-0.0125,-0.0145,-5.9879,-4.1180,4.8459,-0.0438,0.0175,-0.0061
-0.1867,-1.0080,8.1211,-0.0773,0.0124,-0.0183,-5.9376,-4.1851,4.8171,-0.0498,0.0063,-0.0044
-0.2107,-0.9816,8.1307,-0.0817,-0.0112,-0.0115,-5.9999,-4.1348,4.9967,-0.0368,-0.0099,-0.0035
-0.0910,-0.9697,8.1163,-0.0687,-0.0217,-0.0071,-5.8873,-4.1563,4.8866,-0.0498,-0.0104,-0.0051
-0.2203,-0.9697,8.0852,-0.0666,-0.0103,-0.0156,-5.9161,-4.2258,4.7405,-0.0436,-0.0016,-0.0051
-0.1460,-1.0798,8.0397,-0.0841,-0.0240,-0.0040,-5.9711,-4.1946,4.9009,-0.0406,0.0109,-0.0052
-0.0551,-1.0463,8.1523,-0.0795,-0.0341,-0.0036,-5.9328,-4.1803,4.7525,-0.0430,0.0025,-0.0011
-0.0934,-0.9768,8.1906,-0.0811,-0.0268,-0.0101,-5.9304,-4.1946,4.8339,-0.0409,-0.0043,-0.0021
-0.1987,-0.9649,8.1594,-0.0743,0.0005,-0.0131,-5.9496,-4.2377,4.8219,-0.0414,0.0135,-0.0032
-0.1125,-1.0511,8.0804,-0.0750,-0.0133,-0.0044,-5.9568,-4.1515,4.7405,-0.0424,-0.0053,-0.0035
-0.0766,-1.0151,8.1068,-0.0817,-0.0139,-0.0161,-5.9759,-4.2234,4.8363,-0.0382,-0.0015,-0.0031
-0.1915,-1.0104,8.1355,-0.0774,-0.0061,-0.0167,-6.0023,-4.1994,4.8794,-0.0413,0.0103,-0.0092
-0.1772,-0.9313,8.1092,-0.0757,-0.0027,-0.0119,-5.9592,-4.2114,4.7142,-0.0430,0.0024,-0.0037
-0.1532,-1.0295,8.1930,-0.0707,-0.0195,-0.0133,-5.9376,-4.2282,4.8818,-0.0457,0.0008,-0.0027
-0.2801,-0.9313,8.1044,-0.0742,-0.0004,-0.0117,-5.9640,-4.1899,4.8650,-0.0405,0.0044,-0.0053
-0.1604,-0.9744,8.2145,-0.0739,0.0013,-0.0241,-5.9185,-4.2617,4.9464,-0.0350,0.0128,-0.0056
-0.1508,-1.0008,8.1810,-0.0681,0.0159,-0.0213,-5.9759,-4.2497,4.8578,-0.0422,0.0099,-0.0055
-0.1341,-0.9601,8.0421,-0.0758,-0.0157,-0.0152,-5.8993,-4.1803,4.8315,-0.0446,-0.0093,-0.0031
-0.0622,-1.0750,8.0756,-0.0842,-0.0244,-0.0049,-5.9568,-4.2042,4.9153,-0.0436,0.0011,-0.0016
-0.1413,-1.0271,8.1762,-0.0774,-0.0053,-0.0096,-5.8634,-4.1563,4.8842,-0.0430,0.0077,-0.0028
-0.0886,-1.0511,8.1403,-0.0815,-0.0220,-0.0047,-5.9209,-4.2329,4.9440,-0.0416,-0.0044,-0.0051
-0.1915,-0.9984,8.1954,-0.0810,-0.0059,-0.0093,-5.9759,-4.1922,4.8626,-0.0466,0.0161,-0.0056
-0.0383,-1.1061,8.0493,-0.0843,-0.0312,-0.0051,-5.9185,-4.2138,5.0302,-0.0461,-0.0083,-0.0023
-0.0670,-1.0271,8.2049,-0.0723,-0.0163,-0.0103,-5.9280,-4.1420,4.8866,-0.0462,0.0049,-0.0027
-0.1221,-1.0534,8.1044,-0.0735,-0.0057,-0.0167,-5.9376,-4.1779,4.8602,-0.0472,0.0052,0.0001
-0.1293,-1.0199,8.1547,-0.0665,-0.0072,-0.0116,-5.9280,-4.2210,4.8100,-0.0442,-0.0069,-0.0056
-0.1101,-0.9625,8.1858,-0.0759,-0.0141,-0.0080,-5.9592,-4.1707,4.8219,-0.0394,-0.0005,-0.0063
-0.0814,-1.0271,8.1451,-0.0715,-0.0199,-0.0180,-5.9400,-4.1946,4.8698,-0.0421,0.0040,0.0011
-0.0168,-1.0295,8.1331,-0.0758,-0.0215,-0.0123,-5.9927,-4.1803,4.9273,-0.0425,0.0167,-0.0012
-0.0718,-0.9601,8.0541,-0.0754,-0.0238,-0.0065,-6.0142,-4.2138,4.8243,-0.0432,-0.0084,-0.0023
-0.1006,-1.0032,8.0948,-0.0721,-0.0108,-0.0203,-5.9304,-4.1420,4.8674,-0.0482,-0.0209,-0.0007
-0.0886,-1.0654,8.1834,-0.0640,-0.0183,-0.0129,-5.9280,-4.1587,4.8411,-0.0493,-0.0077,-0.0079
-0.2179,-1.0175,8.1906,-0.0758,-0.0204,-0.0103,-5.9520,-4.1803,4.8171,-0.0420,0.0087,-0.0055
-0.1484,-0.9960,8.1211,-0.0715,-0.0141,-0.0148,-5.9711,-4.2234,4.8530,-0.0400,0.0244,-0.0044
-0.1796,-1.0463,8.0278,-0.0785,-0.0248,-0.0077,-5.9041,-4.2449,4.8411,-0.0446,0.0044,-0.0039
-0.1437,-0.9864,7.9895,-0.0689,-0.0041,-0.0220,-5.9568,-4.1300,4.7932,-0.0448,-0.0073,-0.0007
-0.2682,-1.0199,8.1307,-0.0727,-0.0024,-0.0164,-5.9640,-4.2114,4.8842,-0.0438,0.0171,0.0015
-0.2011,-1.0175,8.1451,-0.0783,-0.0041,-0.0096,-5.9472,-4.1539,4.8770,-0.0458,0.0041,-0.0021
-0.1724,-1.0127,8.1642,-0.0795,-0.0079,-0.0073,-6.0118,-4.1946,4.9081,-0.0426,0.0262,-0.0039
-0.1532,-1.0439,8.1211,-0.0782,0.0044,-0.0144,-5.9807,-4.2497,4.8052,-0.0468,0.0021,-0.0008
0.0048,-1.0582,8.1020,-0.0743,-0.0151,-0.0125,-5.9640,-4.1707,4.8004,-0.0434,-0.0004,-0.0037
-0.1604,-1.0439,8.2121,-0.0653,0.0025,-0.0184,-5.9640,-4.1635,4.8698,-0.0489,0.0055,-0.0040
-0.1484,-0.9840,8.0804,-0.0749,-0.0229,-0.0119,-5.9544,-4.1827,4.8195,-0.0449,-0.0101,-0.0043
-0.2394,-1.0415,8.1666,-0.0834,-0.0080,-0.0096,-5.8897,-4.1659,4.7788,-0.0393,0.0048,-0.0020
-0.1006,-1.0056,8.1475,-0.0723,-0.0103,-0.0099,-5.9831,-4.1156,4.9009,-0.0437,0.0209,-0.0047
-0.1413,-0.9912,8.1451,-0.0758,0.0045,-0.0137,-6.0047,-4.2186,4.8746,-0.0409,0.0256,-0.0067
-0.1700,-1.0247,8.1355,-0.0739,-0.0201,-0.0088,-5.9759,-4.2186,4.7980,-0.0486,-0.0226,-0.0012
0.0192,-1.0463,8.1116,-0.0802,-0.0518,-0.0117,-5.9256,-4.1324,4.8985,-0.0412,-0.0187,-0.0029
-0.1365,-1.0439,8.1355,-0.0742,-0.0093,-0.0105,-5.9161,-4.2186,4.9081,-0.0426,0.0322,-0.0051
-0.1987,-0.9577,8.0397,-0.0739,-0.0121,-0.0139,-5.9879,-4.2473,4.9871,-0.0421,-0.0019,-0.0081
-0.2035,-0.9984,8.1714,-0.0723,-0.0044,-0.0113,-6.0118,-4.1683,4.7788,-0.0398,0.0346,-0.0083
-0.0934,-0.9601,8.1594,-0.0723,-0.0080,-0.0197,-5.9640,-4.1707,4.7788,-0.0480,-0.0274,-0.0071
-0.1293,-0.9936,8.2025,-0.0785,-0.0172,-0.0151,-5.9065,-4.2832,4.8267,-0.0420,-0.0065,-0.0021
-0.1987,-1.0295,8.1618,-0.0707,-0.0063,-0.0183,-5.9927,-4.2210,4.9368,-0.0406,0.0320,-0.0031
-0.1508,-1.0247,8.1044,-0.0739,-0.0067,-0.0137,-5.9711,-4.1922,4.8123,-0.0460,-0.0001,-0.0056
-0.1748,-1.0032,8.2672,-0.0674,-0.0031,-0.0203,-5.9783,-4.2665,4.7956,-0.0424,0.0172,-0.0031
-0.1173,-0.9529,8.0996,-0.0734,-0.0016,-0.0141,-5.9448,-4.2186,4.8650,-0.0429,0.0144,-0.0061
-0.1556,-1.0008,8.1786,-0.0726,-0.0116,-0.0140,-5.9735,-4.2042,4.9129,-0.0453,0.0119,-0.0063
-0.1245,-0.9960,8.1163,-0.0834,-0.0241,-0.0031,-5.8993,-4.1803,4.8052,-0.0505,-0.0080,-0.0005
-0.1891,-1.0367,8.1379,-0.0731,-0.0139,-0.0160,-5.9951,-4.2090,4.8674,-0.0453,0.0045,-0.0017
-0.1101,-1.0104,8.1068,-0.0686,-0.0072,-0.0121,-6.0310,-4.1946,4.8746,-0.0412,0.0242,-0.0064
-0.1053,-1.0080,8.1714,-0.0738,-0.0103,-0.0048,-5.9233,-4.1396,4.8554,-0.0449,-0.0051,-0.0067
-0.1413,-1.0534,8.1283,-0.0795,-0.0160,-0.0100,-5.9664,-4.2018,4.7860,-0.0477,-0.0100,-0.0017
-0.1604,-0.9266,8.0661,-0.0775,-0.0031,-0.0119,-5.9304,-4.1324,4.8794,-0.0454,0.0172,-0.0040
-0.1915,-0.9768,8.1786,-0.0747,-0.0079,-0.0160,-6.0047,-4.1731,4.8363,-0.0449,-0.0035,-0.0005
-0.1341,-0.9912,8.0900,-0.0705,-0.0032,-0.0183,-5.9280,-4.2210,4.8291,-0.0402,0.0097,-0.0047
-0.1221,-1.0175,8.1594,-0.0811,-0.0258,-0.0037,-5.9089,-4.1659,4.7980,-0.0388,-0.0169,-0.0024
-0.1532,-0.9673,8.0541,-0.0721,-0.0209,-0.0140,-5.9400,-4.2066,4.8530,-0.0417,-0.0096,-0.0029
-0.1580,-0.9936,8.0924,-0.0781,-0.0181,-0.0131,-5.9568,-4.1084,4.7190,-0.0412,-0.0052,-0.0061
-0.1963,-1.0534,8.1762,-0.0741,-0.0140,-0.0165,-6.0118,-4.1803,4.8195,-0.0396,0.0103,-0.0077
-0.0622,-0.9697,8.1834,-0.0746,-0.0204,-0.0139,-5.9472,-4.1515,4.8578,-0.0405,0.0125,-0.0051
-0.2035,-1.0439,8.1451,-0.0729,-0.0056,-0.0152,-5.9592,-4.1420,4.8698,-0.0394,-0.0012,-0.0039
-0.1317,-1.0511,8.1355,-0.0786,-0.0108,-0.0043,-5.8921,-4.1659,4.8171,-0.0422,0.0025,-0.0052
-0.0311,-1.1396,8.2049,-0.0874,-0.0218,-0.0043,-5.8586,-4.2210,4.8459,-0.0644,-0.0093,-0.0039
-0.0862,-1.0582,8.1666,-0.0693,-0.0381,-0.0055,-5.8897,-4.1635,4.8937,-0.0394,-0.0069,-0.0049
-0.1413,-0.9625,8.1307,-0.0711,-0.0101,-0.0109,-5.9759,-4.1276,4.8291,-0.0404,0.0163,-0.0061
-0.1676,-1.0032,8.1235,-0.0747,-0.0057,-0.0139,-6.0238,-4.2162,4.7956,-0.0378,0.0203,-0.0057
-0.1389,-0.9553,8.0661,-0.0755,-0.0113,-0.0104,-5.9759,-4.2258,4.9177,-0.0386,0.0084,-0.0045
-0.1676,-1.0032,8.2289,-0.0767,-0.0144,-0.0049,-6.0214,-4.2497,4.8722,-0.0418,0.0017,-0.0092
-0.0694,-1.0247,8.0804,-0.0750,-0.0113,-0.0036,-5.9951,-4.1659,4.8602,-0.0392,0.0079,-0.0076
-0.1077,-1.0343,8.1283,-0.0791,-0.0008,-0.0032,-5.9664,-4.1635,4.8818,-0.0476,0.0233,-0.0080
-0.0766,-0.9912,8.0685,-0.0715,-0.0364,-0.0093,-5.9783,-4.1683,4.9344,-0.0408,-0.0246,-0.0091
-0.1077,-1.0127,8.0972,-0.0739,-0.0244,-0.0141,-5.9520,-4.2234,4.8004,-0.0306,0.0068,-0.0089
-0.1341,-1.0582,8.1379,-0.0733,-0.0189,-0.0167,-5.8706,-4.1994,4.8315,-0.0332,0.0317,-0.0135
-0.0814,-1.0463,8.1642,-0.0705,-0.0165,-0.0119,-5.8634,-4.2737,4.8435,-0.0397,-0.0088,-0.0008
-0.1413,-0.9864,8.1331,-0.0646,-0.0119,-0.0181,-5.9352,-4.1539,4.9512,-0.0422,-0.0370,-0.0020
-0.0838,-1.0032,8.0924,-0.0653,-0.0265,-0.0176,-5.8634,-4.2545,4.8147,-0.0412,-0.0063,-0.0045
-0.1101,-0.9553,8.1092,-0.0718,-0.0163,-0.0128,-5.9256,-4.1755,4.9392,-0.0413,0.0088,-0.0099
-0.1030,-0.9792,8.0876,-0.0705,-0.0125,-0.0161,-5.9472,-4.1659,4.9105,-0.0365,0.0457,-0.0109
-0.0814,-0.9720,8.1690,-0.0679,0.0252,-0.0191,-5.9065,-4.1348,4.9033,-0.0434,0.0562,-0.0067
-0.1006,-1.0726,7.9966,-0.0713,-0.0035,-0.0165,-5.8849,-4.1851,4.9512,-0.0485,-0.0218,-0.0011
-0.2011,-1.0056,8.1547,-0.0721,0.0180,-0.0224,-5.9807,-4.2090,4.8530,-0.0518,-0.0076,-0.0016
-0.1676,-0.9936,8.1475,-0.0707,0.0139,-0.0165,-5.9328,-4.2497,4.8507,-0.0429,0.0262,-0.0021
-0.0862,-0.9720,8.1068,-0.0699,-0.0007,-0.0191,-5.8993,-4.1755,4.8578,-0.0414,0.0020,-0.0045
-0.1006,-0.9912,8.1259,-0.0794,0.0021,-0.0060,-5.9065,-4.2114,4.8985,-0.0494,0.0044,0.0007
-0.5650,-1.3144,8.7747,-0.1045,0.0654,-0.0133,-6.2752,-4.6208,5.3654,-0.0580,0.1299,-0.0232
0.0359,-0.7829,8.1642,-0.0822,-0.0043,-0.0215,-5.9927,-4.0749,4.7860,-0.0238,0.0301,0.0139
-0.3041,-0.9242,7.5729,-0.0918,-0.0690,-0.0068,-5.1332,-3.7445,4.4077,-0.0362,-0.2666,0.0072
-0.2298,-0.9601,8.2863,-0.0645,-0.0184,-0.0195,-6.1076,-4.2593,5.1834,-0.0316,0.1027,-0.0073
-0.0838,-0.9313,8.1259,-0.0802,-0.0296,-0.0177,-5.8107,-4.1228,4.8578,-0.0417,-0.0671,0.0031
-0.2298,-1.0415,8.1475,-0.0814,-0.0208,-0.0121,-6.0047,-4.1970,4.8578,-0.0496,0.0049,-0.0016
-0.2203,-0.9361,8.1762,-0.0618,-0.0060,-0.0164,-5.9879,-4.2377,4.9273,-0.0257,0.0797,-0.0055
-0.1437,-0.9744,8.1858,-0.0655,-0.0035,-0.0172,-5.9400,-4.1659,4.9823,-0.0258,0.0458,-0.0115
-0.1101,-1.0511,8.2265,-0.0562,0.0285,-0.0298,-6.0094,-4.2497,4.8698,-0.0302,0.0863,-0.0013
-0.0910,-0.9266,8.0062,-0.0687,-0.0625,-0.0156,-5.9256,-4.1539,4.8339,-0.0520,-0.1206,0.0056
-0.1867,-1.0199,8.3342,-0.0653,-0.0418,-0.0262,-5.9520,-4.1803,4.8387,-0.0317,-0.0545,0.0009
-0.0335,-0.9792,8.3175,-0.0745,-0.0469,-0.0212,-5.9640,-4.3048,4.9632,-0.0080,0.0817,-0.0083
-0.1915,-1.0008,8.0565,-0.0803,0.0193,-0.0249,-5.9592,-4.1683,4.9201,-0.0256,0.0334,-0.0044
-0.0622,-0.9864,8.1211,-0.0797,-0.0874,-0.0220,-5.9711,-4.1827,4.9081,0.0008,-0.0679,-0.0159
-0.1580,-1.0175,8.0900,-0.1051,-0.0354,-0.0321,-5.9400,-4.1659,4.9464,-0.0225,-0.0107,0.0024
-0.0359,-1.0391,8.1570,-0.0850,-0.0945,-0.0414,-6.0717,-3.9576,4.8004,-0.0205,-0.0237,-0.0080
-0.1317,-1.0487,8.0421,-0.1102,-0.0773,-0.0589,-5.8131,-4.1276,4.8339,0.0061,-0.0207,-0.0353
0.4334,-1.0702,8.0278,-0.0951,-0.2678,0.0199,-5.8442,-3.9935,4.6184,0.0484,-0.2651,-0.0785
0.3065,-1.0487,7.9080,-0.1190,0.0809,-0.0787,-5.7269,-4.0007,4.7022,-0.1069,0.1250,0.0019
0.2466,-1.3527,7.9583,-0.1332,-0.0429,-0.1431,-5.8778,-4.1468,4.9752,-0.0870,-0.0051,-0.0115
0.2777,-1.5706,7.2353,-0.1049,0.1118,-0.1307,-5.9328,-4.4197,4.2353,0.0008,0.4145,-0.1711
-0.1987,-1.6400,7.9679,-0.0745,0.0149,-0.1992,-6.2369,-4.6184,4.4245,-0.0373,-0.1018,-0.1463
-0.4621,-1.7645,8.1068,-0.1266,0.2140,-0.1636,-6.6295,-4.9321,3.9504,-0.0829,0.3637,-0.0822
0.0575,-1.4006,8.1331,-0.0815,-0.0778,-0.0093,-6.5122,-4.5825,4.6280,-0.0981,0.0124,0.0337
0.2777,-1.2258,8.1547,-0.1250,-0.0176,0.1039,-5.6743,-4.1276,5.2505,-0.1982,-0.0484,0.0786
0.2227,-1.0965,8.1283,-0.0421,0.0506,0.0640,-5.5330,-4.0127,5.1643,-0.0867,0.1198,0.0662
-0.5315,-1.0511,8.2145,-0.0739,0.1336,-0.0553,-5.9687,-4.2713,4.6663,-0.0873,0.1511,0.0084
-0.3256,-0.7422,8.3222,-0.0711,-0.0288,0.0180,-6.1220,-4.1827,4.2114,-0.0392,0.0115,-0.0125
0.1341,-1.0175,8.2815,-0.0670,0.0552,-0.0553,-6.4212,-4.3934,4.7022,-0.0264,0.1755,-0.0250
0.1125,-0.8092,7.9224,-0.0624,-0.0132,-0.0401,-5.7102,-3.7996,4.8459,-0.0388,-0.1155,-0.0486
0.4549,-0.6273,8.3127,-0.0574,0.0317,-0.0369,-6.0980,-3.9097,5.5091,-0.1252,0.0986,0.0313
-0.2179,-1.2546,8.3462,-0.1119,0.1661,-0.0949,-5.8826,-4.3718,4.8650,-0.1354,0.2253,0.0493
-0.5028,-1.4820,8.0158,-0.0759,0.0075,-0.1933,-6.2010,-4.5705,4.3144,-0.0060,0.0056,-0.0659
0.1149,-1.4700,8.0732,-0.0394,-0.0199,-0.3112,-5.8155,-4.5059,4.4724,0.1703,0.1476,-0.1580
0.0096,-1.5083,8.1307,0.0302,0.0845,-0.5911,-5.5426,-4.5011,4.4963,0.2437,0.1867,-0.2758
-0.4956,-1.2282,7.9679,-0.0855,-0.0125,-0.7513,-6.3662,-4.4772,4.3144,0.3428,0.2920,-0.4165
0.2418,-1.5060,8.5449,-0.1510,-0.2080,-0.6592,-6.4835,-4.4556,4.8147,0.3828,0.2455,-0.3852
-0.3400,-1.0965,7.8985,-0.1152,-0.1103,-0.6783,-6.4404,-4.3503,4.3024,0.3292,0.1557,-0.3854
0.2921,-1.1349,8.0565,-0.1250,-0.0522,-0.7109,-6.1746,-4.5801,5.0470,0.3293,0.2840,-0.3596
-0.1341,-1.1396,8.2073,-0.0389,0.0743,-0.6466,-6.3135,-4.0773,4.5562,0.2928,0.2751,-0.3464
0.0527,-1.1875,8.1403,-0.0905,0.0300,-0.5665,-6.5314,-4.2042,4.4269,0.2763,0.2402,-0.3230
-0.1030,-1.1899,8.0110,-0.0747,0.0717,-0.4379,-6.6391,-4.4317,4.3527,0.1943,0.2944,-0.1707
0.0694,-0.9768,8.2648,-0.0942,-0.0087,-0.3738,-6.5960,-4.5298,4.4963,0.1119,0.2518,-0.1962
-0.3376,-1.5658,8.0852,-0.1171,-0.0302,-0.3559,-6.2680,-4.2665,4.2737,0.2038,0.0392,-0.1779
0.4046,-1.5874,8.0613,-0.0887,-0.0195,-0.3262,-6.1531,-4.3598,4.3167,0.1720,0.1869,-0.1948
-0.0527,-1.2833,8.5186,-0.1025,-0.0031,-0.3058,-6.3422,-4.1324,4.5921,0.1482,0.1472,-0.1451
-0.3543,-1.2402,8.1331,-0.0850,0.0021,-0.2264,-6.3949,-4.1683,4.5681,0.1332,0.1402,-0.1524
-0.3065,-1.2091,8.0589,-0.0721,0.0144,-0.2221,-6.7732,-4.1611,4.2090,0.1186,0.1098,-0.1248
0.8715,-1.2737,8.0924,-0.1315,-0.1007,-0.2278,-6.2249,-4.4460,4.7477,0.0532,-0.0569,-0.1239
0.0503,-1.4006,8.0493,-0.0837,-0.0472,-0.2210,-6.1986,-4.5538,4.4365,0.0949,0.0080,-0.1303
0.3519,-1.3096,8.2001,-0.1058,-0.0195,-0.1705,-6.0071,-4.0510,4.7190,0.0364,0.0222,-0.1136
-0.0934,-0.9984,8.1451,-0.0961,-0.0621,-0.0782,-6.3710,-3.7757,4.4819,0.0025,-0.0874,-0.0346
0.3400,-1.4269,8.1547,-0.0584,-0.0265,-0.0281,-6.1339,-4.4221,4.5610,-0.0244,0.0187,-0.0016
-0.3304,-1.5083,8.2768,0.0109,0.0715,0.0424,-6.2632,-4.3527,4.5633,-0.0446,0.0474,0.0104
-0.2897,-1.2091,8.0182,-0.0332,0.1243,0.0898,-6.4883,-4.1611,4.3503,-0.1964,-0.0993,0.1972
-0.2083,-1.3096,8.0182,-0.0345,0.0621,0.1620,-6.0932,-4.1611,4.1324,-0.1348,0.0123,0.1118
0.3974,-1.1947,8.1211,-0.0618,-0.0546,0.2080,-5.8227,-4.0941,4.5825,-0.2284,-0.1835,0.1454
0.0000,-1.0487,8.0780,-0.1152,0.0221,0.1685,-6.0813,-4.0486,4.5179,-0.2645,-0.0493,0.1198
-0.0215,-0.9960,8.0014,-0.1091,-0.0292,0.1455,-6.3446,-4.0701,4.7166,-0.2241,-0.1384,0.1378
-0.1580,-1.2929,7.9033,-0.1502,-0.0129,0.1069,-6.0741,-4.2784,4.9009,-0.2198,-0.1259,0.0845
-0.4693,-1.2689,8.3438,-0.1119,0.0073,0.1299,-6.6846,-4.3670,4.3263,-0.2502,0.0546,0.1323
0.4645,-1.5012,7.9727,-0.0754,-0.1155,0.1408,-6.1603,-4.3479,4.8123,-0.1817,-0.1692,0.0967
-0.1293,-1.4030,7.9440,-0.0155,0.0310,0.1127,-6.0717,-4.2018,4.4221,-0.0783,-0.1272,0.1316
-0.1293,-1.2498,8.4420,0.0725,0.0426,0.0362,-5.9424,-4.0342,4.3670,0.0454,-0.0270,0.1013
-0.0790,-1.4150,8.4036,-0.1216,0.0741,0.0641,-6.1292,-4.0175,4.2641,-0.1372,0.0709,0.0767
-0.1460,-1.3527,7.7428,-0.0172,-0.0715,0.1191,-6.2704,-4.1803,4.0486,-0.1724,-0.1891,0.0655
0.0335,-1.6305,8.2384,-0.0369,-0.0489,0.1448,-6.7062,-4.6950,5.0901,-0.1296,-0.1242,0.1545
0.2322,-1.4269,8.0852,0.0012,-0.0566,0.1607,-5.7724,-4.3024,4.3718,-0.2110,-0.1864,0.1523
0.0455,-1.2067,8.1187,-0.0449,0.0216,0.1776,-6.3063,-4.1659,4.5729,-0.1656,-0.0032,0.1573
0.0048,-1.1277,7.9751,-0.0589,-0.0024,0.2069,-6.0645,-4.0606,4.4388,-0.1623,0.0570,0.1355
0.3424,-1.5012,7.9152,-0.1593,-0.0926,0.2450,-6.4667,-4.4365,4.9991,-0.3203,-0.0207,0.0249
-0.0335,-1.5419,7.8027,-0.0636,-0.0520,0.1545,-5.5426,-4.0534,4.1156,-0.2146,-0.2653,0.0777
-0.0311,-1.1636,7.8889,-0.1264,-0.0829,0.2278,-6.1914,-4.2377,4.4700,-0.2543,-0.1988,0.1194
-0.0455,-1.1468,8.2001,-0.1074,0.0484,0.2077,-6.6080,-4.3120,4.4029,-0.2213,0.1583,0.0506
-0.4693,-1.1396,8.3606,-0.0454,-0.0553,0.2028,-6.1866,-4.3431,4.4436,-0.1179,-0.0321,0.0230
-0.1460,-1.2210,8.0158,-0.0372,-0.0514,0.2154,-6.4284,-4.2449,4.3191,-0.1857,-0.2281,0.1270
-0.2538,-1.1875,8.2839,-0.0284,-0.0384,0.2733,-6.6008,-4.2641,4.3359,-0.1923,-0.1294,0.2177
-0.5698,-1.0846,8.1810,0.0957,-0.0849,0.3465,-6.3542,-4.1204,4.0199,-0.1561,-0.2677,0.1941
-0.3232,-0.9649,8.3797,-0.0584,-0.0773,0.2956,-6.4548,-4.0749,4.5610,-0.1745,-0.0841,0.2146
-0.0120,-0.9625,7.8410,-0.2121,-0.0573,0.2368,-6.2560,-4.3359,5.2936,-0.3254,-0.1351,0.0525
-0.1293,-1.1372,8.2025,-0.1708,0.0418,0.1843,-6.1244,-4.1731,4.7429,-0.2109,-0.1088,0.0883
-0.8092,-1.0870,8.3629,-0.1099,0.0851,0.2286,-6.5529,-4.0582,4.4867,-0.2037,0.0762,0.1227
-0.5291,-1.2139,8.3414,-0.1486,0.0241,0.2369,-6.8235,-4.2880,4.3311,-0.2789,-0.0113,0.1100
-0.4764,-1.5179,8.5521,-0.1094,-0.0779,0.3303,-6.4141,-4.5131,4.5250,-0.2817,-0.2200,0.1539
-0.0982,-1.2115,8.0182,0.0761,-0.1639,0.3188,-5.9185,-4.1994,4.2952,-0.1049,-0.3210,0.2137
-0.0718,-1.0774,8.1834,-0.0205,-0.0225,0.2216,-5.8035,-4.3215,5.0709,-0.1660,-0.1584,0.1086
0.2298,-1.2091,7.5920,-0.0117,-0.0454,0.1592,-5.5019,-4.3862,5.0422,-0.1248,-0.2701,0.1102
-0.1580,-1.2186,8.2432,-0.3559,0.3527,0.1804,-6.4021,-4.6974,5.0925,-0.3930,0.6548,0.0544
-0.0168,-1.4150,8.6048,0.2578,-0.1665,0.1446,-5.7868,-4.6519,4.8866,0.1416,-0.5180,0.0717
0.6704,-1.3719,7.2065,0.1002,-0.0845,0.1212,-4.6495,-4.5035,4.4484,-0.0149,-0.3158,0.0402
0.4836,-1.8842,7.9128,-0.2365,0.0750,0.1608,-6.9671,-6.2297,5.5569,0.0025,0.6412,0.0685
-0.1413,-1.1444,7.6806,0.0365,-0.1328,0.1697,-5.0925,-4.2282,4.5969,0.0709,-0.4582,-0.1352
-0.3950,-0.7638,7.9775,-0.0642,-0.1780,0.0826,-6.6726,-3.8858,4.8483,0.0290,-0.4163,-0.0184
-0.5650,-0.9050,8.3462,-0.0946,-0.1560,0.1388,-6.1675,-4.2449,4.5322,-0.0021,0.0013,0.0244
-0.4262,-0.9050,8.1379,-0.0397,-0.0642,0.0589,-5.3917,-3.9385,4.9081,-0.0049,-0.0597,-0.0364
0.0575,-1.1636,8.1547,-0.1087,-0.0799,0.0874,-6.0501,-4.1348,4.8507,-0.0560,-0.0422,-0.0297
-0.1867,-1.0894,8.0685,-0.1627,-0.0180,0.0402,-5.9735,-4.2689,4.7501,-0.0441,0.0145,0.0063
0.0814,-1.0534,8.0541,-0.0886,0.0276,-0.0385,-5.8035,-4.1420,4.9033,-0.0725,0.0850,0.0246
-0.1844,-1.0080,8.1499,-0.0715,-0.0422,-0.0584,-5.9400,-4.2545,4.7501,-0.0244,-0.0802,-0.0349
-0.1413,-0.9505,8.0637,-0.0584,0.0109,-0.1211,-6.0358,-4.2306,4.9273,-0.0020,0.0683,-0.0167
-0.1053,-0.9194,8.0182,-0.0813,0.0310,-0.0803,-5.9304,-4.1683,4.7908,-0.0232,0.0217,0.0584
-0.2059,-1.0247,8.0924,-0.0183,0.0557,-0.1027,-6.1004,-4.2258,4.9560,-0.0382,0.0749,-0.0097
-0.1748,-0.9002,7.9703,-0.0749,0.0020,-0.0965,-5.8873,-4.1132,4.8842,-0.0456,0.0601,0.0297
-0.0287,-1.2282,8.2911,-0.1316,0.0207,-0.0842,-6.0334,-4.2832,5.0542,-0.1607,-0.0276,0.0867
-0.2011,-1.1372,7.3334,-0.0829,-0.0508,-0.1164,-5.6168,-4.0390,4.3646,-0.1306,-0.1010,0.0636
-0.1796,-1.0965,8.5760,-0.2072,0.3817,-0.1985,-5.4444,-4.2114,5.2864,-0.1516,0.4121,0.0286
0.8212,-1.0918,10.4052,-0.4491,-0.2066,-0.1023,-7.1994,-5.2289,6.8546,-0.0628,0.3772,0.0033
0.7470,-0.8619,6.5625,-0.2276,-0.4987,-0.4270,-5.0709,-3.8188,4.8842,-0.1507,-1.3888,-0.1525
-0.5004,-1.8028,9.4236,-0.4796,1.0341,-0.5512,-6.5888,-4.6663,5.1619,0.2348,2.4299,-0.2693
-0.3759,-1.8268,8.0661,0.0767,-0.3075,-0.5241,-6.3542,-4.4149,4.3766,0.3106,-0.5870,-0.2794
0.1173,-1.8531,7.8434,-0.1908,0.1907,-0.5055,-6.1220,-4.4341,4.8578,0.1266,0.2805,-0.2936
-0.8763,-1.5802,8.2456,-0.2405,0.5249,-0.5757,-6.8211,-4.2784,4.1156,0.1739,0.9922,-0.3285
-0.9122,-1.8866,7.6519,-0.1687,0.1077,-0.5159,-7.1084,-4.3981,4.0869,0.1776,0.1303,-0.2783
-1.3168,-1.6041,7.4484,-0.0001,0.0991,-0.4097,-6.7708,-4.0462,3.2681,0.2463,0.2233,-0.2134
-0.6057,-1.7071,7.5633,-0.1628,-0.0069,-0.2101,-6.6343,-4.2066,3.8810,-0.0594,-0.1713,-0.1006
-0.6847,-1.7526,7.6279,0.0456,0.1737,-0.2411,-6.4452,-4.1635,3.8858,0.2012,0.2570,-0.0667
-0.8021,-1.6592,7.1611,-0.0663,0.0994,-0.2270,-6.1028,-4.0366,3.3615,0.0931,0.2718,-0.1422
-0.9361,-1.3216,7.6231,-0.0573,0.0139,-0.1372,-6.5625,-3.7637,3.7517,0.0105,-0.0691,-0.0729
-1.4796,-1.0534,7.8961,-0.0843,0.1769,-0.0858,-7.2377,-3.7541,3.9887,0.0013,0.2686,0.0075
-0.9242,-0.8116,7.6327,0.0801,-0.0228,0.0053,-6.3255,-3.2753,3.9744,0.0703,-0.1621,0.1007
-1.0678,-0.5698,7.3239,0.0441,0.0228,-0.0950,-6.6200,-3.0957,4.2449,0.0911,0.0573,0.0000
-1.2546,-0.6823,8.4276,0.0536,-0.0081,-0.2114,-7.3047,-3.3926,4.4245,0.2017,0.2342,-0.0862
-1.2186,-0.7326,8.0876,0.2102,-0.0524,-0.2454,-7.0413,-3.3567,4.4053,0.3044,-0.1849,-0.0378
-1.4700,-0.6345,7.0557,0.0429,0.2601,-0.2627,-6.7804,-3.0550,3.5219,0.2132,0.2098,-0.0109
-1.8004,-0.5387,8.9974,-0.1128,0.5770,-0.0797,-7.9200,-3.1675,4.4819,-0.0004,0.7378,0.1355
-1.2474,-0.6680,8.6862,0.1743,0.1939,-0.1414,-7.1060,-3.3471,4.6639,0.2427,-0.0827,0.1258
-0.9864,-0.5770,8.2983,0.4708,-0.0364,-0.3563,-6.8091,-3.2705,4.7501,0.5832,-0.0930,0.0127
-0.8859,-0.4310,6.8474,0.4004,0.0638,-0.4150,-6.3327,-3.0382,4.7956,0.6670,0.0719,0.0883
-1.5419,-0.1867,8.1187,0.0404,0.5605,-0.5704,-6.8642,-2.6169,4.0055,0.4355,0.9623,-0.2189
-1.4820,-0.7159,8.2696,0.0641,0.1836,-0.6062,-7.0988,-3.1388,4.3263,0.3651,0.0301,-0.2843
-2.1668,-0.7949,8.2145,0.0289,0.0995,-0.5415,-7.7979,-3.2681,3.6416,0.3861,0.3826,-0.2605
-2.1931,-0.6512,8.2624,0.1396,-0.0489,-0.4289,-7.6902,-3.0957,3.5721,0.4081,0.1500,-0.2237
-1.6640,-0.6273,7.4723,0.3139,-0.1724,-0.3369,-6.7612,-3.0454,3.8714,0.4335,-0.2783,-0.1440
-1.4796,-0.6512,7.4005,-0.0079,-0.0923,-0.2598,-6.9384,-3.2058,3.8714,0.1755,0.0412,-0.2054
-1.3838,-0.7805,7.7955,-0.0601,-0.0835,-0.3063,-6.5553,-3.1675,3.9145,0.1294,-0.0593,-0.2839
-1.5586,-0.8356,8.1642,-0.0713,-0.0232,-0.2202,-6.9121,-3.2825,3.9480,0.1178,-0.0314,-0.1599
-1.4030,-0.6847,8.3845,0.0304,-0.3790,-0.1350,-7.0581,-3.3375,4.4293,0.0638,-0.6223,-0.1196
-1.5179,-0.6345,7.6016,-0.1911,0.2446,-0.2145,-6.5793,-3.2537,4.7836,0.0396,0.7730,-0.1496
-1.0487,-0.4908,8.0685,-0.1186,0.2844,-0.1951,-6.6822,-3.1556,4.3766,-0.1227,-0.0262,-0.1516
-1.3647,-0.5531,7.9535,-0.1984,-0.0582,-0.1256,-6.9935,-3.2513,4.4963,-0.0350,-0.0790,-0.0745
-1.2594,-0.5411,8.0493,-0.1190,-0.0556,-0.2053,-6.7876,-3.2154,4.3000,0.0163,0.2840,-0.2050
-1.0798,-0.6776,7.9392,-0.1224,0.1296,-0.1936,-6.6295,-3.3064,4.3311,-0.0385,0.0941,-0.1552
-1.3240,-0.7661,8.2337,-0.1114,0.1476,-0.1462,-6.9480,-3.2417,4.1037,-0.0172,0.1124,-0.0843
-1.5586,-0.6752,8.1977,-0.1668,-0.0212,-0.1155,-7.4316,-3.4740,4.2449,-0.0658,0.1881,-0.1391
-1.3264,-0.8882,7.9727,-0.1278,0.0946,-0.1047,-6.6631,-3.4093,4.1827,-0.0253,0.1015,-0.0624
-1.5299,-0.9409,7.7093,-0.1081,0.0260,-0.0873,-6.9192,-3.2968,4.0223,-0.0420,-0.0849,-0.0578
-1.8148,-0.9385,8.0158,-0.2012,0.0851,-0.0693,-7.3933,-3.5003,3.9313,-0.0797,0.2478,-0.0637
-1.7214,-0.7709,8.0373,-0.0666,0.0019,-0.0550,-7.0461,-3.2513,3.9624,0.0027,0.0336,-0.0321
-1.6520,-0.6847,7.6471,-0.0761,0.0481,-0.0528,-6.9599,-3.1125,3.7972,-0.0434,0.0893,-0.0537
-1.6424,-0.7901,8.0756,-0.1078,0.0759,-0.0797,-7.0461,-3.2274,4.3239,-0.0505,0.0594,-0.0564
-1.5012,-0.8499,7.9416,-0.0673,-0.0437,-0.0861,-7.0844,-3.2992,4.1922,-0.0246,-0.0147,-0.0461
-1.8675,-0.8763,7.6303,-0.0669,0.0358,-0.0683,-7.2257,-3.2561,3.8523,-0.0234,0.0436,-0.0370
-1.9992,-0.9888,8.0134,-0.0481,0.0309,-0.0486,-7.2233,-3.3686,3.8499,0.0137,0.1303,0.0036
-1.5897,-1.0295,7.7524,-0.1223,-0.0105,-0.0350,-7.0246,-3.4069,3.7182,-0.0918,0.0041,-0.0532
-1.8124,-1.1205,7.9942,-0.1206,0.0025,-0.0165,-7.3287,-3.6847,4.0199,-0.0726,-0.0466,-0.0264
-1.4796,-1.0056,7.9009,0.0532,-0.0759,0.0774,-7.1275,-3.4716,3.8523,-0.0188,-0.3044,0.1263
-1.4437,-0.9625,7.8841,-0.1623,-0.0188,0.0426,-7.1204,-3.5027,3.6583,-0.1460,0.1968,0.0067
-1.2474,-1.0295,7.8793,-0.0024,-0.0661,-0.0357,-6.6272,-3.6200,4.0055,0.0184,-0.0815,-0.0252
-1.4629,-1.0223,7.9176,-0.0310,0.0294,-0.0164,-7.2449,-3.5434,3.9720,-0.0073,0.0144,0.0281
-1.6496,-1.2043,8.2408,-0.0993,0.0137,-0.0080,-7.2185,-3.6799,4.0294,-0.0249,0.0675,-0.0120
-1.1875,-1.1253,8.0158,-0.0585,-0.0428,0.0121,-6.8977,-3.5171,3.9600,-0.0590,-0.1557,0.0514
-1.4700,-1.0702,7.8721,-0.0328,-0.0265,0.0049,-7.0605,-3.4644,4.2114,-0.0024,-0.1083,0.0890
-1.3312,-1.2378,7.9990,-0.1138,0.0598,-0.0345,-6.9360,-3.6368,4.1108,-0.0433,0.1033,0.0155
-1.6975,-1.2306,8.3725,-0.1226,0.0693,-0.1184,-7.5058,-3.8882,4.2018,0.0282,0.3232,-0.0922
-1.4844,-1.0846,7.6902,-0.0606,-0.0353,-0.0717,-6.8977,-3.4453,4.0199,0.0310,-0.0600,-0.0152
-1.5299,-0.9050,7.7883,-0.1392,0.1568,-0.0037,-7.1706,-3.3591,4.1827,-0.1394,-0.0554,0.0905
-2.0662,-0.7302,7.8027,-0.0942,0.0985,0.0280,-7.6064,-3.1795,3.7469,-0.0917,-0.0344,0.0993
-1.9944,-1.0319,7.6758,-0.1478,0.2006,-0.0241,-7.3239,-3.3255,3.7038,-0.0306,0.4275,0.0524
-2.4660,-0.9433,7.5322,-0.0895,0.1418,-0.0081,-7.5226,-3.1747,3.3375,-0.0456,0.0654,0.0875
-2.5426,-0.9577,8.0828,-0.1308,0.2979,0.0341,-8.1116,-3.1987,3.5889,-0.0979,0.3744,0.0933
-2.5762,-1.0894,7.7644,-0.0586,0.2057,0.0450,-7.7812,-3.2250,3.4237,-0.0508,0.1151,0.1362
-2.5091,-1.1229,7.3358,-0.0967,0.1299,0.1071,-7.5920,-3.1556,3.0909,-0.1776,-0.0468,0.1636
-3.1532,-0.8260,7.6447,-0.1420,0.1204,0.1865,-8.2025,-2.8659,2.8180,-0.2000,0.2397,0.1556
-2.7869,-0.9912,7.6279,-0.1569,0.1013,0.2186,-7.5944,-2.9257,3.0813,-0.2334,-0.0510,0.1719
-2.5857,-0.7590,7.1826,-0.1164,-0.0460,0.2932,-7.5776,-2.8539,3.2130,-0.3292,-0.3808,0.2169
-2.7749,-0.7590,7.7189,-0.1463,0.0329,0.2859,-7.9200,-2.8730,3.3686,-0.3333,-0.0497,0.1739
-2.6360,-0.4860,7.6830,-0.1308,-0.0135,0.2036,-7.6160,-2.5402,3.4453,-0.2098,0.0850,0.1106
-2.3703,-0.7063,7.3430,-0.2794,0.0733,0.1276,-7.0797,-2.6384,3.4213,-0.3194,0.0036,0.0197
-2.7677,-0.6752,7.3981,-0.1917,-0.0302,0.0536,-7.6614,-2.8611,3.2777,-0.1717,0.1423,-0.0336
-2.8515,-0.9098,7.6686,-0.1924,0.0048,0.0702,-7.9511,-2.8970,3.0957,-0.1740,0.1881,-0.0426
-2.7078,-1.0894,7.3215,-0.1400,-0.0798,0.0710,-7.5968,-3.1603,3.0263,-0.1458,-0.1657,0.0092
-3.0071,-0.8667,7.4986,-0.1009,-0.1988,0.1122,-7.9847,-2.8276,3.1987,-0.1547,-0.2298,0.0013
-2.8132,-1.0008,7.7141,0.3838,-0.7550,0.0699,-7.8027,-2.8826,2.8515,0.2904,-0.7120,-0.0644
-2.4253,-0.7230,7.1778,-0.4498,-0.0132,0.1665,-7.2544,-2.8706,3.2010,-0.4419,0.0632,-0.0059
-2.7653,-0.7111,8.7795,-0.1958,-0.0554,0.1507,-8.2624,-3.0071,3.6272,-0.3155,-0.3355,0.0083
-2.3774,-0.8667,7.7333,-0.2983,-0.0617,0.1531,-7.4531,-3.0598,3.6488,-0.2976,0.0137,-0.0103
-2.1141,-0.7829,7.9440,-0.1816,-0.0762,0.0781,-7.3646,-3.1101,4.0175,-0.1835,-0.0787,-0.0132
-1.9225,-1.0199,8.1690,-0.2462,-0.0193,-0.0048,-7.2688,-3.1867,3.8930,-0.1673,0.0741,-0.1038
-2.1189,-0.9984,8.1475,-0.1131,-0.0821,-0.0577,-7.6399,-3.3758,3.8642,-0.0524,-0.0404,-0.0915
-2.1907,-0.8835,8.1068,-0.0557,-0.0838,-0.1086,-7.6567,-3.2801,3.8858,0.0358,-0.1134,-0.0795
-2.0518,-0.9170,8.1451,-0.0019,-0.0265,-0.1512,-7.6902,-3.2250,4.3072,0.0957,-0.0915,-0.0135
-2.2769,-0.7015,8.3079,0.0941,0.0460,-0.2458,-7.6591,-2.9688,3.9456,0.2625,0.1138,-0.0652
-2.2458,-0.6632,8.2504,0.0534,0.2276,-0.3909,-7.6088,-3.0622,4.0773,0.3669,0.4283,-0.1111
-2.4828,-0.6680,8.0086,0.0887,0.1939,-0.4844,-7.6495,-2.9425,3.6775,0.3762,0.2703,-0.2026
-2.5355,-0.7039,7.7572,0.0810,0.2697,-0.5381,-7.6830,-2.9664,3.5482,0.3898,0.3520,-0.2080
-2.6456,-0.8452,7.8099,0.0564,0.2008,-0.5887,-8.1570,-3.1699,3.6775,0.3904,0.3545,-0.2258
-2.8898,-0.9936,7.8266,0.1463,0.3536,-0.6295,-7.9727,-3.1603,3.1268,0.5216,0.5484,-0.2136
-2.8635,-1.2713,7.8673,0.2108,0.4101,-0.5420,-8.0373,-3.4333,3.5482,0.5052,0.3865,-0.0613
-3.0239,-1.1444,7.6638,0.1888,0.4198,-0.5785,-7.9679,-3.1340,2.9473,0.5456,0.5213,-0.0973
-3.6464,-0.9577,7.1156,0.0926,0.5047,-0.5877,-8.0756,-2.6552,2.0758,0.4565,0.7646,-0.1537
-3.8188,-1.1013,7.0342,0.0310,0.4213,-0.4731,-8.0278,-2.6552,1.7765,0.3408,0.4766,-0.1323
-3.8427,-1.2881,7.1778,0.0706,0.1399,-0.3929,-8.5258,-2.9616,2.2625,0.3150,0.1015,-0.0891
-3.8307,-0.8978,6.7588,0.1054,0.0485,-0.3519,-8.1116,-2.5450,1.7789,0.3162,0.3252,-0.1276
-3.6464,-1.1181,6.5050,0.0200,0.0075,-0.3525,-7.7452,-2.6049,1.5131,0.2479,0.2621,-0.2302
-3.5721,-1.2234,7.2736,-0.0604,0.0482,-0.2918,-8.3606,-3.1627,2.3774,0.1119,0.2353,-0.2056
-3.6320,-1.3024,7.4029,-0.0827,-0.0362,-0.2285,-8.4180,-3.2441,2.7509,0.0589,0.1368,-0.1724
-4.1659,-1.1013,6.8331,-0.1077,0.0045,-0.1887,-8.3773,-2.6863,1.4365,0.0220,0.2230,-0.1952
-2.9329,-1.5060,7.5920,-0.0469,-0.2109,-0.0823,-7.6830,-3.4644,3.2178,-0.0055,-0.3230,-0.1212
-2.6312,-1.5993,7.1084,-0.1087,-0.1896,-0.1735,-7.7740,-3.6536,2.9856,0.0071,-0.1005,-0.1888
-2.6887,-1.8579,7.4939,-0.1807,-0.1025,-0.1741,-7.4675,-3.6799,2.6288,-0.0133,-0.0757,-0.2249
-3.2130,-2.0063,7.6519,-0.1563,-0.0079,-0.1226,-8.2313,-3.9073,2.5355,-0.0782,0.0789,-0.1439
-3.2729,-2.0830,7.6399,-0.1744,-0.0083,-0.1037,-8.3438,-4.0510,2.3703,-0.0542,0.1462,-0.1452
-3.4309,-1.9369,7.5202,-0.0183,0.0861,0.0029,-8.1642,-3.6799,2.1069,-0.0004,-0.0029,0.0372
-3.6799,-1.7071,7.6926,-0.0480,-0.1628,0.1195,-8.6215,-3.7014,1.9441,-0.1244,-0.0691,0.0867
-2.8611,-1.5419,7.1922,0.0528,-0.2467,0.0640,-7.4053,-3.3399,2.7198,-0.0446,-0.3890,0.0159
-2.2889,-1.3503,7.5585,-0.0173,-0.2213,0.0484,-7.2951,-3.5027,3.4405,-0.0789,-0.4014,-0.0112
-2.6815,-1.4485,7.8841,-0.0144,-0.1162,-0.0211,-8.0397,-3.8092,3.5889,0.0350,0.0420,0.0129
-3.2561,-1.4533,7.9607,0.0353,-0.0139,-0.0461,-8.5665,-3.7565,2.8012,0.0787,0.2851,0.0185
-2.5546,-1.6688,7.4843,0.1741,0.0234,0.0051,-7.2185,-3.4668,2.5618,0.0986,-0.3136,0.1144
-2.9329,-1.7334,7.8362,0.0586,-0.0570,0.0376,-8.2432,-3.8116,2.7509,0.0040,-0.0376,0.0961
-2.3703,-1.5538,7.3933,0.0632,0.0016,-0.0480,-7.0773,-3.4907,2.8443,0.0833,-0.0081,0.0256
-2.7054,-1.7142,6.9001,-0.0211,0.0453,0.0693,-7.5346,-3.5698,2.4014,-0.0576,-0.2305,0.1299
-3.1532,-1.4700,7.6184,-0.0618,0.1065,0.1077,-8.1690,-3.4836,2.3343,-0.0731,0.3868,0.1150
-2.9497,-1.5299,7.3598,-0.0396,-0.0695,0.1236,-7.5226,-3.6057,2.5642,-0.0999,-0.2272,0.0508
-2.1500,-1.5467,7.0797,-0.1010,-0.1380,0.1096,-7.2018,-3.6176,3.0837,-0.1531,-0.2595,0.0364
-2.3224,-1.6592,7.4699,-0.1923,-0.1579,0.1411,-7.4412,-3.7230,3.1508,-0.2478,-0.2025,0.0249
-2.7677,-1.3671,8.0613,-0.1411,-0.0891,0.1340,-8.0469,-3.6392,3.2082,-0.1784,0.1764,0.0337
-2.2482,-1.5634,7.7237,-0.1793,0.0115,0.0905,-7.4029,-3.7685,3.2681,-0.2238,-0.0985,0.0053
-2.3727,-1.8316,7.8266,-0.0762,0.0065,0.1720,-7.5920,-4.0414,3.4524,-0.1872,-0.4002,0.1496
-2.8228,-1.4653,7.3191,-0.1486,0.0172,0.1607,-7.9104,-3.5051,2.5043,-0.1941,0.0369,0.1179
-2.2721,-1.2785,7.9918,-0.1243,-0.0236,0.1852,-7.5034,-3.3088,3.4812,-0.1657,0.0549,0.1090
-2.3320,-1.1181,7.0557,-0.0569,-0.3260,0.2501,-7.2042,-3.3208,3.2130,-0.2093,-0.6610,0.1446
-2.7964,-0.9673,7.9104,-0.0588,0.0815,0.1695,-7.8362,-3.2250,3.4141,-0.1007,0.3373,0.1098
-2.6432,-1.0894,7.5034,-0.0863,0.0152,0.1163,-7.5776,-3.1220,3.1699,-0.1952,-0.2308,0.0517
-2.5642,-1.2953,7.4843,-0.1236,-0.0658,0.1905,-7.6950,-3.4333,3.0478,-0.2787,-0.4133,0.0970
-2.8443,-1.0415,7.8434,-0.1148,-0.1531,0.2887,-8.2408,-3.3782,3.3351,-0.3187,-0.3864,0.1641
-3.0526,-0.8092,8.0589,-0.0801,0.0409,0.3015,-8.2839,-3.0167,3.2513,-0.1860,0.2165,0.2140
-2.6815,-1.0606,7.2353,-0.1218,-0.0707,0.3345,-7.3789,-3.1603,3.2657,-0.3258,-0.4844,0.2515
-2.6480,-1.2546,7.6830,-0.0486,-0.0125,0.3668,-7.8578,-3.3686,3.1556,-0.3260,-0.4391,0.3064
-3.4213,-0.6369,7.4819,-0.0805,-0.0353,0.4056,-8.3342,-2.8563,3.0167,-0.2591,0.2032,0.2473
-2.9521,-0.9242,7.1658,-0.1977,0.0368,0.4763,-7.6471,-3.1220,2.9784,-0.4708,-0.4114,0.3347
-3.2872,-0.4046,7.9799,-0.1138,0.0344,0.5765,-8.5665,-2.6767,3.2441,-0.4477,-0.0171,0.3768
-2.5091,-0.6129,7.3263,-0.1708,-0.0524,0.5634,-7.3550,-2.9233,3.7254,-0.4991,-0.2745,0.3789
-2.8443,-0.0359,7.2784,-0.1204,-0.2165,0.4233,-7.6974,-2.2362,3.3016,-0.3888,-0.4281,0.2221
-2.2960,-0.2131,7.4915,-0.4149,0.0400,0.3198,-7.1754,-2.2649,3.8930,-0.4806,0.1480,0.0987
-2.7294,-0.0096,7.7428,-0.3866,-0.0601,0.2467,-7.9320,-2.2889,3.7996,-0.4790,-0.2418,0.0240
-2.6791,-0.7039,8.2145,-0.3559,0.1603,0.1124,-8.1283,-2.9329,3.8020,-0.2749,0.3673,-0.0029
-3.0550,-0.8643,7.6160,-0.1752,0.0266,0.1869,-8.0397,-2.9305,3.0239,-0.2310,-0.1596,0.1418
-3.3974,-0.4262,7.8913,-0.1470,0.0947,0.1744,-8.2241,-2.3918,2.9688,-0.2077,0.2226,0.1218
-2.8323,-0.3089,7.0916,-0.0462,-0.1584,0.1880,-7.4484,-2.2362,3.2202,-0.1956,-0.4242,0.1127
-3.0861,-0.3184,7.0533,-0.2249,-0.0977,0.1476,-7.9511,-2.5307,3.0287,-0.2094,-0.0157,0.0526
-2.7294,-0.6057,7.3167,-0.1880,-0.1005,0.0659,-7.2592,-2.5594,3.0694,-0.1821,-0.0734,-0.0654
-3.0909,-0.8236,7.7620,-0.1334,-0.0302,0.0199,-8.1259,-2.9592,3.0622,-0.1168,-0.0156,-0.0512
-2.9999,-0.7135,7.3598,-0.1495,-0.0993,0.0329,-7.7883,-2.7461,2.9305,-0.1443,-0.0787,-0.0598
-3.0311,-0.8715,8.1331,-0.1973,-0.0318,-0.0217,-8.3486,-3.2034,3.7134,-0.1487,0.1065,-0.0855
-3.0071,-0.8452,7.9966,-0.1058,-0.0783,-0.0325,-8.0565,-2.9257,3.3016,-0.0662,-0.1283,-0.0652
-3.0358,-0.6201,7.6710,-0.0601,0.0312,-0.0787,-7.9751,-2.6264,3.2920,-0.0109,0.0524,-0.0448
-3.0335,-0.6321,7.7572,-0.0605,0.0821,-0.0967,-7.9607,-2.7054,3.3160,0.0270,0.1391,-0.0393
-2.9185,-0.7326,7.5633,-0.0211,0.0622,-0.1990,-7.8003,-2.8132,3.2370,0.1206,0.1124,-0.0970
-3.0981,-0.4357,7.6710,0.2192,0.0863,-0.2471,-7.8721,-2.3966,3.1268,0.3308,0.0845,-0.0248
-3.4524,-0.6081,8.0493,0.0572,0.0971,-0.2433,-8.8777,-2.9185,3.4022,0.2245,0.3186,-0.0163
-2.9042,-0.5219,7.7045,0.2602,-0.0332,-0.2859,-7.8027,-2.6384,3.4141,0.3528,-0.1543,-0.0297
-2.9042,-0.3256,7.4460,0.2610,0.0494,-0.3191,-7.8937,-2.5043,3.2705,0.4145,0.1515,-0.0537
-2.7294,-0.2825,7.4364,0.1188,-0.0205,-0.4770,-7.4843,-2.3463,3.2370,0.3817,0.2469,-0.2719
-2.7773,-0.3998,7.5346,0.1092,0.0052,-0.5412,-7.5513,-2.4995,3.3136,0.4371,0.0799,-0.3301
-3.3208,-0.7183,7.6854,0.0899,0.0648,-0.3894,-8.4467,-2.8970,3.4453,0.3239,0.0376,-0.1199
-2.7414,-0.7661,7.8721,0.1869,-0.1408,-0.3335,-8.1570,-3.1603,3.4620,0.3396,-0.0774,-0.1518
-3.0358,-0.5938,7.0605,0.0849,-0.0453,-0.4154,-7.7189,-2.7270,2.6959,0.3734,0.3158,-0.2923
-1.9225,-0.9529,7.0102,-0.1892,0.0644,-0.3958,-6.1268,-2.8874,3.4117,0.1049,0.0753,-0.3174
-2.9928,-1.1708,8.0565,-0.2458,-0.0678,-0.3271,-8.3246,-3.4524,3.0957,0.0718,0.0845,-0.3131
-3.0598,-1.0223,6.4452,-0.1923,-0.4245,-0.3184,-7.6231,-2.9544,2.1045,0.0485,-0.1194,-0.4679
-2.9329,-1.1372,7.3502,-0.3373,-0.2651,-0.1568,-7.5346,-3.1747,2.5402,-0.1073,-0.0100,-0.3242
-2.5067,-1.2139,7.7548,-0.4390,0.0135,-0.1062,-7.8171,-3.5530,3.2106,-0.2229,0.0941,-0.1968
-2.3248,-1.6257,8.3151,-0.2302,-0.0008,-0.0955,-8.0685,-4.1851,3.7086,-0.0588,0.1545,-0.1224
-2.4349,-1.8220,8.4683,-0.1049,-0.0975,-0.1081,-7.9535,-4.3024,3.6655,0.0043,0.0949,-0.1410
-2.0925,-1.8962,7.6854,-0.0452,-0.1199,-0.0598,-7.1132,-4.2042,3.0598,-0.0152,-0.2641,-0.0574
-2.0710,-1.8818,8.0038,-0.0437,-0.0975,-0.0088,-7.5322,-4.3694,3.3279,0.0542,-0.0705,0.0225
-2.0494,-1.8387,7.8171,-0.0524,-0.1222,0.0061,-7.3933,-4.0893,3.1173,-0.0249,-0.2306,0.0039
-2.2027,-1.7645,7.6160,-0.0779,-0.1476,0.0167,-7.5920,-4.2832,3.2585,-0.0325,0.0253,-0.0149
-1.6520,-1.7933,7.3454,-0.0389,-0.1535,-0.0297,-6.5864,-3.9337,3.0837,0.0143,-0.1555,-0.0286
-1.8723,-1.7071,7.3478,-0.0047,-0.0524,-0.0125,-6.8594,-3.9840,3.2657,-0.0211,-0.1797,0.0016
-2.2170,-1.8004,8.0613,-0.1483,-0.0552,-0.0398,-7.9320,-4.3120,3.2417,-0.0349,0.1856,-0.0517
-1.7166,-1.7789,7.3861,0.0049,-0.1255,0.0328,-6.6655,-4.0055,3.0454,-0.0238,-0.3627,0.0193
-1.8483,-1.9345,7.9416,-0.0164,0.0180,0.0474,-7.1922,-4.3574,3.5147,-0.0406,-0.1391,0.0751
-1.7478,-2.0662,8.0134,-0.0669,-0.0374,-0.0285,-7.4531,-4.5825,3.4237,-0.0004,0.1184,0.0039
-1.6568,-2.0446,7.5896,-0.0408,-0.0147,-0.0151,-6.7852,-4.2784,2.9904,-0.0055,-0.0871,0.0109
-1.9920,-2.0063,7.7812,-0.0019,0.0264,0.0763,-7.2233,-4.4580,3.2250,-0.0518,-0.1135,0.1210
-1.9130,-2.0375,8.0804,0.0413,0.0778,0.1175,-7.3358,-4.4412,3.4046,-0.0446,-0.0438,0.1563
-1.3240,-2.1835,7.1012,0.0172,0.0717,0.0614,-6.3303,-4.2665,3.1412,-0.0437,-0.0750,0.1164
-1.9321,-1.9345,7.0868,-0.1108,-0.0035,0.1467,-6.9001,-4.0989,2.6552,-0.2042,-0.2924,0.1419
-2.1668,-1.3479,7.4891,-0.1007,0.0321,0.2198,-7.1132,-3.6033,3.2417,-0.1723,0.1839,0.1524
-1.7693,-1.2091,8.4252,-0.1855,0.1180,0.1691,-7.5250,-3.8882,4.0965,-0.2422,0.2038,0.1018
-1.4317,-1.4748,8.1690,-0.0203,0.0596,0.0893,-6.9743,-3.9648,3.8858,-0.1260,-0.3392,0.1354
-2.0470,-1.5586,7.9655,-0.0059,0.0300,0.0624,-7.8626,-4.1731,3.4093,-0.0350,0.0608,0.1279
-2.1739,-1.4174,7.6112,0.0421,0.0148,0.0691,-7.2832,-3.7182,3.1627,-0.0053,0.0288,0.1039
-2.8036,-1.1301,7.9416,0.1122,0.1519,0.1367,-7.5800,-3.1388,2.5714,0.0306,-0.1244,0.1859
-2.2865,-1.1037,7.6567,0.0458,-0.4357,0.3162,-7.6351,-3.4357,3.4357,-0.1980,-0.8945,0.2483
-2.1572,-1.0678,7.9871,0.1455,-0.1539,0.2182,-7.6064,-3.7158,3.8307,-0.0237,-0.0393,0.1731
-2.4110,-0.7614,7.0605,0.1673,-0.1917,0.3623,-7.0102,-3.0023,3.3184,-0.1944,-0.7590,0.3144
-2.5594,-0.3496,7.9128,-0.0679,0.2859,0.3039,-7.3957,-2.4110,3.3495,-0.1876,0.4179,0.2541
-2.5618,-0.1844,7.3885,-0.3026,-0.1018,0.3900,-7.4268,-2.6049,3.6152,-0.5368,-0.6808,0.2265
-3.1292,-0.1556,8.0014,-0.3465,0.0485,0.3074,-8.6503,-2.6863,3.5075,-0.4105,0.3615,0.1062
-2.3631,-0.6919,8.2408,-0.2411,-0.0145,0.4233,-7.8745,-3.2322,4.2689,-0.4069,0.0308,0.2659
-2.9616,-0.1437,7.9535,-0.0453,-0.0282,0.4108,-8.2648,-2.7054,3.7230,-0.2693,-0.1892,0.3104
-2.0590,-0.4357,7.9368,-0.0084,-0.1372,0.4166,-7.1730,-3.0478,4.2138,-0.2661,-0.3409,0.2872
-2.3248,0.1173,8.1403,0.1621,-0.1855,0.3112,-7.6662,-2.3798,4.0701,-0.0600,-0.1075,0.2551
-1.6065,0.1939,7.1204,-0.0184,-0.1383,0.2096,-6.3015,-2.1620,4.0486,-0.2232,-0.3938,0.1286
-1.8364,0.1724,8.0110,-0.1829,0.1030,-0.0029,-7.1228,-2.4014,4.4772,-0.1095,0.2682,-0.0478
-1.7454,-0.2466,7.7165,-0.2643,0.0177,-0.0782,-6.7732,-2.6456,4.0965,-0.1579,0.1151,-0.1224
-2.5283,-0.2418,7.9224,-0.2238,-0.0060,-0.1164,-7.8314,-2.7581,3.9025,-0.1017,0.0177,-0.1372
-2.9090,-0.0718,7.8578,-0.1128,0.0240,-0.1657,-7.8937,-2.4948,3.7373,0.0305,0.2217,-0.1324
-2.6887,-0.0934,7.8530,-0.0841,0.1059,-0.2252,-7.8266,-2.3703,3.7397,0.0873,0.3459,-0.1502
-2.8898,-0.2394,7.8650,-0.0508,0.1332,-0.3030,-8.0206,-2.5307,3.7685,0.1516,0.2542,-0.1486
-2.7342,-0.2083,8.0182,-0.0422,0.1522,-0.3561,-7.8243,-2.6288,3.9433,0.1600,0.2558,-0.1723
-2.7078,-0.2873,7.7069,0.0424,0.1717,-0.5005,-7.6423,-2.5594,3.4692,0.3515,0.2805,-0.2438
-2.3870,-0.2131,7.8386,-0.0509,0.1556,-0.5774,-7.7285,-2.6049,4.5083,0.3929,0.3284,-0.2406
-2.7198,-0.3759,8.0972,0.0237,0.3297,-0.7369,-7.7764,-2.8060,3.6990,0.5171,0.6819,-0.3722
-2.9066,-0.7590,7.6207,0.1323,0.3208,-0.8003,-7.6758,-2.9090,3.3471,0.5925,0.4290,-0.3592
-3.0047,-0.8068,6.7469,0.1958,0.3343,-0.7930,-7.5992,-2.6935,2.3894,0.6463,0.4976,-0.2986
-3.4022,-0.9170,6.2560,-0.0686,0.3849,-0.7008,-7.4867,-2.6025,1.5371,0.4056,0.8382,-0.3433
-3.3399,-1.3192,7.2616,-0.1057,0.3127,-0.6019,-7.7859,-3.2178,2.4612,0.2805,0.4189,-0.3087
-3.8068,-1.4126,8.4132,0.1119,-0.0191,-0.5148,-9.3182,-3.7254,3.1364,0.4537,0.1127,-0.2297
-3.2465,-1.2306,7.3909,0.2184,-0.1055,-0.5469,-7.7357,-3.3375,2.4469,0.5141,0.0245,-0.2611
-3.2130,-1.5131,7.4699,0.0450,0.1824,-0.4666,-8.2456,-3.5698,2.7390,0.2810,0.0983,-0.1757
-3.4357,-1.5083,7.7381,-0.0156,0.1607,-0.4599,-8.2815,-3.5243,2.2745,0.2550,0.4614,-0.2575
-3.2417,-1.6879,7.4172,-0.0152,0.1340,-0.3913,-8.0924,-3.6583,2.3727,0.1981,0.1242,-0.1629
-3.9121,-1.6089,6.9216,-0.1876,0.2049,-0.3545,-8.4946,-3.4429,1.5251,0.1183,0.5235,-0.2064
-3.7924,-2.0853,6.3853,-0.2140,0.2569,-0.2641,-7.9703,-3.6631,1.0056,-0.0353,0.3050,-0.1845
-3.9337,-2.4684,6.7062,-0.4403,0.2427,0.0883,-8.1283,-3.9648,1.3599,-0.4109,0.1311,0.0240
-4.2114,-2.3152,7.5130,-0.3441,-0.1228,0.2156,-8.8107,-4.1084,1.2210,-0.3585,0.2060,0.0059
-3.5889,-2.6528,7.3717,-0.1844,-0.2687,0.2726,-7.9751,-4.2665,1.7334,-0.3986,-0.6607,0.0605
-3.4429,-2.2458,7.1778,-0.2276,-0.4186,0.3651,-8.2791,-4.0965,1.7645,-0.3750,-0.3246,0.0894
-3.3926,-2.3846,7.3191,-0.2489,-0.2060,0.3082,-8.1163,-4.2138,1.7478,-0.3240,-0.0922,0.0218
-2.8084,-2.4421,7.3550,-0.1760,-0.2972,0.4776,-7.7141,-4.4460,2.8635,-0.4823,-0.7958,0.2341
-2.9688,-2.4014,7.7381,-0.2486,-0.2651,0.4499,-8.2600,-4.5753,2.4517,-0.4109,0.0734,0.1412
-2.6097,-2.4397,6.9839,-0.0485,-0.2177,0.4539,-7.1658,-4.2904,2.0782,-0.3275,-0.6540,0.2389
-2.5857,-2.4995,8.0780,-0.1764,-0.2268,0.5021,-8.2504,-4.8267,3.2872,-0.4391,-0.3809,0.2681
-2.9257,-2.3032,7.5705,-0.1415,-0.2566,0.4538,-7.9535,-4.3120,2.2625,-0.3712,-0.2008,0.2346
-3.2633,-2.0135,7.6543,-0.1508,-0.1454,0.5632,-8.3222,-4.0247,2.2482,-0.4000,-0.1587,0.3399
-2.5642,-1.6927,7.0318,-0.0354,-0.2707,0.6233,-7.0437,-3.5865,2.5115,-0.4077,-0.5938,0.3814
-2.6504,-1.7645,7.4436,-0.1989,-0.2778,0.6338,-7.8338,-4.0510,3.1603,-0.5381,-0.4077,0.3745
-1.8100,-1.5131,7.1635,-0.1545,-0.2010,0.5192,-6.6894,-3.7852,3.4572,-0.4449,-0.3908,0.2562
-2.0853,-1.3312,7.6184,-0.2276,-0.0810,0.4306,-7.0509,-3.6296,3.2657,-0.4305,-0.2136,0.1977
-1.7238,-1.4796,7.6016,-0.2301,-0.0947,0.3509,-7.1036,-3.9097,3.5793,-0.4147,-0.0806,0.1264
-2.2362,-1.1779,7.5537,-0.0893,-0.0278,0.2795,-7.3287,-3.4285,3.3686,-0.2498,-0.0449,0.1617
-1.8938,-1.4533,7.4555,-0.2224,0.0124,0.1307,-7.0461,-3.7781,3.5745,-0.2589,0.1299,0.0092
-1.9130,-1.4198,7.7189,-0.1071,-0.0846,0.1218,-6.9839,-3.7469,3.6440,-0.1609,-0.3329,0.0751
-2.3391,-1.1325,7.9895,0.0131,-0.0674,0.1049,-7.4053,-3.4836,3.7541,0.0009,-0.0301,0.0942
-2.0111,-1.2905,8.6048,0.0101,0.0338,0.0564,-7.7979,-3.8690,4.1324,-0.0208,0.0540,0.1343
-1.6017,-1.4605,7.8075,0.0927,-0.1400,-0.0444,-7.1994,-3.9361,3.7661,0.0662,-0.3444,0.0609
-1.9752,-1.2665,7.3430,0.0488,0.0140,-0.1601,-7.0629,-3.5243,3.1101,0.1162,-0.1697,-0.0252
-2.5857,-0.8906,7.2568,0.1019,0.0725,-0.1615,-7.4579,-3.1651,3.2489,0.1836,0.1952,0.0080
-3.0430,-0.6153,7.6974,-0.0129,0.1763,-0.2567,-8.0565,-2.8132,2.9951,0.2330,0.6791,-0.1174
-2.7892,-0.7111,7.2880,-0.1154,0.0067,-0.3148,-7.3191,-2.8539,3.0263,0.0572,-0.1314,-0.2385
-2.8706,-1.0175,7.5537,-0.2380,-0.0573,-0.2601,-7.9631,-3.2513,3.1316,-0.0513,-0.0261,-0.2523
-3.3136,-0.5650,8.4755,-0.0520,-0.0309,-0.2911,-8.4851,-2.9449,3.4907,0.1671,0.4964,-0.2597
-3.0789,-0.2466,7.8386,0.1082,-0.1647,-0.3182,-8.0110,-2.5187,3.8475,0.2415,-0.3965,-0.1832
-2.4517,0.1006,9.9982,0.3789,-0.3720,-0.5464,-8.4467,-2.7845,5.7197,0.6111,-0.2813,-0.4128
-2.6791,0.1652,6.9336,0.5753,-0.5261,-0.8188,-7.5657,-2.2434,3.4453,0.9038,-0.6955,-0.5060
-2.6576,-0.0982,8.3941,0.1529,0.4465,-0.8119,-7.9464,-2.7031,4.1827,0.5966,0.9525,-0.3292
-3.7062,-0.1796,7.6543,0.3726,0.4178,-0.9414,-8.4013,-2.4277,3.1340,0.8905,0.6387,-0.3244
-3.9145,-0.6752,7.8219,0.2300,0.4870,-0.8779,-8.3199,-2.6719,2.5019,0.7198,0.7075,-0.3757
-3.8116,-0.8643,6.5697,0.3060,0.1170,-0.7787,-8.3534,-2.7581,1.8172,0.6753,0.0905,-0.2615
-4.3958,-1.0391,5.6743,-0.0601,0.3460,-0.6515,-8.1690,-2.6983,0.6847,0.4294,1.0333,-0.3224
-4.2665,-1.3767,7.4939,-0.3234,0.1510,-0.3852,-8.5521,-3.2465,1.4054,0.0278,0.6739,-0.3100
-3.6990,-1.2977,7.1635,-0.0967,-0.2715,-0.2393,-8.1451,-3.2370,2.1380,0.1058,-0.2189,-0.2593
-2.8683,-1.3431,6.8594,-0.2823,-0.0918,-0.1021,-7.0844,-3.4117,2.4900,-0.2062,-0.2085,-0.2234
-3.1699,-1.9704,8.1451,-0.1931,0.1332,0.0726,-8.5234,-4.3527,3.4069,-0.1768,-0.0737,0.0930
-3.9337,-1.7142,7.1587,-0.1256,-0.2551,0.1011,-8.6263,-3.8810,1.9920,-0.0745,-0.0324,-0.0505
-3.1843,-1.8890,8.0110,-0.0373,0.0107,0.3272,-7.8506,-3.9433,2.3128,-0.2140,-0.0777,0.3052
-3.3615,-1.9201,6.7588,0.1476,-0.3565,0.3324,-7.9152,-3.9696,1.9201,-0.1455,-0.7859,0.1949
-3.1460,-2.1356,6.9025,-0.1943,-0.2334,0.5252,-7.4172,-4.0701,1.6592,-0.4347,-0.2342,0.2707
-3.1364,-2.2242,6.8881,-0.2890,-0.2065,0.6323,-7.7333,-4.2976,2.0470,-0.5680,-0.3254,0.3254
-2.6695,-2.3128,7.7812,-0.4000,-0.2578,0.7473,-7.3909,-4.3455,2.0830,-0.7993,-0.2960,0.2573
-2.0255,-2.2745,7.1874,-0.3264,-0.3734,0.8395,-6.8259,-4.6184,2.2769,-0.7675,-0.5073,0.3428
-1.0343,-2.3511,7.7333,-0.2473,-0.3264,0.8707,-6.2369,-4.7070,3.5889,-0.8143,-0.7091,0.3794
-1.5969,-2.1069,8.1738,-0.4014,-0.1081,0.8178,-7.1060,-4.7645,3.9121,-0.7794,0.1913,0.2817
-0.5435,-1.7861,7.6998,-0.3050,-0.4010,0.8046,-5.8921,-4.4197,4.3934,-0.8733,-1.0028,0.3106
-1.0008,-1.4629,8.2265,-0.4611,-0.2202,0.6310,-6.9671,-4.4700,4.6495,-0.7477,-0.1408,0.1867
-0.7254,-1.4940,8.4180,-0.3325,-0.1371,0.4656,-6.7133,-4.6040,4.9273,-0.5123,-0.0207,0.1447
-1.1181,-1.8364,8.7125,-0.1363,-0.0508,0.3744,-7.1443,-4.8483,4.7405,-0.3417,-0.1998,0.2534
-1.0056,-1.8316,7.9224,0.0389,-0.1175,0.3027,-6.7086,-4.5921,4.0989,-0.1899,-0.3412,0.2749
-1.5778,-1.2019,8.1187,0.1893,-0.0745,0.3191,-6.7445,-3.9313,4.1611,-0.0304,-0.3729,0.3305
-1.1827,-1.1827,8.1618,0.1219,-0.1081,0.2084,-6.6990,-4.0582,4.6687,-0.0286,-0.3909,0.2475
-0.9385,-1.2450,7.8865,0.1992,-0.0505,0.1847,-6.3183,-3.9911,4.4796,0.0037,-0.5337,0.3332
-1.4030,-0.4860,7.4891,0.2689,-0.0076,0.0985,-6.5912,-3.2585,4.4149,0.2070,0.0497,0.2513
-1.3671,-0.4334,7.5776,0.0811,0.3071,-0.0534,-6.4069,-2.9066,3.9409,0.1026,0.5636,0.0518
-1.2857,-0.8116,7.7644,0.0348,0.1187,-0.0365,-6.0932,-3.2130,4.0366,-0.0197,-0.4510,0.1035
-2.1691,-0.3424,8.1523,0.0468,0.2145,-0.1376,-7.3717,-2.8754,3.7781,0.1964,0.7524,-0.0183
-2.1404,-0.6680,7.3454,-0.0993,-0.0244,-0.1302,-7.2089,-3.1388,3.5051,-0.0693,-0.0622,-0.0557
-2.4301,-0.3567,8.2337,-0.0434,0.0711,-0.1159,-7.7907,-3.0239,4.3503,0.0679,0.0758,-0.0157
-2.0518,-0.5052,7.9128,-0.0089,0.0524,-0.1733,-7.1635,-3.0382,4.2186,0.0877,0.0999,-0.0769
-2.0518,-0.4693,7.5872,0.0645,-0.0749,-0.2092,-7.3478,-3.2298,4.3311,0.1721,-0.3167,-0.0525
-2.9185,0.2274,8.4539,0.4225,0.0373,-0.2947,-8.1235,-2.2625,3.4812,0.6246,0.4576,-0.0245
-2.5307,0.0838,6.9432,0.2721,-0.2698,-0.2153,-7.4508,-2.3152,3.6823,0.0658,-0.6859,-0.1046
-2.4972,0.1724,7.6279,0.0306,0.3515,-0.2723,-7.3095,-2.3128,3.7445,0.2201,0.5685,-0.0857
-2.6073,0.0239,7.3670,0.0156,-0.0353,-0.1813,-7.3598,-2.3320,3.4046,0.0588,-0.2274,-0.0882
-2.8228,-0.1221,7.9751,-0.0921,0.1841,-0.2695,-7.8506,-2.6600,4.0031,0.2068,0.2906,-0.0274
-2.4924,-0.0503,7.9368,0.0192,-0.1083,-0.0979,-7.6255,-2.5594,4.0223,0.0502,-0.1454,-0.0544
-2.6097,-0.2059,7.9080,-0.0846,-0.1250,-0.0290,-7.4962,-2.5738,3.5434,-0.0163,-0.0588,-0.0723
-2.6240,0.2035,7.2664,-0.1174,-0.3576,0.0091,-7.5106,-2.3008,3.8307,-0.1418,-0.4505,-0.1045
-2.3990,-0.1269,8.3606,-0.2821,-0.1220,0.0067,-7.6638,-2.6815,4.1037,-0.2286,0.0436,-0.1549
-1.9154,-0.1748,7.9775,-0.1444,-0.1789,0.0246,-6.9671,-2.7222,4.2593,-0.0921,-0.1672,-0.0610
-2.4110,0.2801,8.1379,-0.0509,-0.2392,-0.0224,-7.7213,-2.5019,4.4053,0.0155,-0.1250,-0.0919
-2.1668,0.1724,7.5106,-0.1104,-0.0737,-0.0717,-7.1611,-2.4205,4.1108,0.0008,-0.0630,-0.0626
-2.1428,-0.0144,8.4515,-0.0637,-0.0151,-0.0733,-7.5848,-2.7653,4.6040,-0.0035,-0.1751,-0.0482
-2.0566,0.4764,7.9128,0.0361,-0.0518,-0.1115,-7.2999,-2.3343,4.4772,0.1287,0.0109,-0.0047
-2.1907,0.6321,7.6662,0.1997,-0.0226,-0.1667,-7.1299,-2.0351,4.3503,0.3023,-0.0004,-0.0089
-1.7597,0.4573,7.9248,0.0296,-0.0141,-0.3246,-6.8235,-2.1931,4.6136,0.2313,0.2823,-0.1752
-1.7166,0.2658,7.8027,0.1022,-0.0806,-0.4477,-7.1563,-2.5857,4.5538,0.3850,-0.1050,-0.2344
-2.0542,0.3017,8.1403,0.1303,0.0171,-0.5732,-7.0222,-2.4469,4.4676,0.4586,0.4561,-0.3718
-2.2027,0.1173,7.7524,-0.0625,0.0902,-0.5748,-7.4053,-2.5402,4.1061,0.2645,0.0564,-0.3593
-2.6169,-0.1484,7.6662,-0.0566,0.1864,-0.5750,-7.6423,-2.8132,3.7038,0.3798,0.6375,-0.3295
-2.8491,-0.2035,8.8490,-0.0942,0.3521,-0.4594,-8.3151,-3.0215,4.3862,0.2197,0.5065,-0.1956
-2.7078,-0.1724,7.9128,0.0476,0.1615,-0.4201,-7.9847,-2.8132,3.5099,0.2487,0.1515,-0.1633
-2.4541,-0.0383,7.4939,0.0497,0.1945,-0.3700,-7.2927,-2.4876,3.6152,0.2641,0.1978,-0.1103
-2.9928,0.0670,7.8793,-0.0629,0.2690,-0.3447,-8.1235,-2.6312,3.7206,0.1940,0.5806,-0.1250
-3.2226,-0.0168,7.6710,-0.0337,0.1871,-0.3092,-7.9272,-2.3727,3.0765,0.1935,0.3115,-0.1222
-3.3184,-0.3591,7.3310,-0.1537,0.2942,-0.1965,-8.2887,-2.6240,3.2058,-0.0530,0.1596,0.0009
-3.5410,-0.1293,7.7788,-0.1944,0.1184,-0.0633,-8.3534,-2.3200,2.8874,-0.1338,0.1011,-0.0009
-3.2370,0.0431,7.8338,-0.0957,0.0585,-0.1065,-8.1547,-2.3511,3.2417,0.0690,0.4037,-0.0416
-2.7964,-0.1125,7.4891,0.0117,0.0428,-0.1275,-7.3957,-2.3774,3.5913,0.0978,-0.0261,-0.0490
-2.7509,-0.5602,7.9200,-0.0689,0.1190,-0.0613,-7.6998,-3.1388,4.1180,-0.0112,-0.1467,0.0717
-3.0478,-0.3711,7.7907,-0.0588,0.2100,-0.1631,-7.8865,-2.8276,3.2082,0.0717,0.5886,-0.0413
-3.1723,-0.3496,6.9001,-0.0518,0.0586,-0.1360,-7.6231,-2.3750,2.6456,0.0825,0.2369,-0.0703
-2.9568,-0.4094,7.2209,-0.1374,-0.1007,-0.1066,-7.7596,-2.6121,3.2537,-0.0332,-0.2338,-0.1138
-3.2034,-0.6656,7.7548,-0.3592,0.0445,-0.0557,-8.2720,-2.9185,2.7773,-0.2515,0.2649,-0.1295
-3.3423,-0.7925,7.4723,-0.1696,-0.1382,-0.0124,-8.1259,-3.0023,2.8419,-0.1195,-0.0570,-0.0959
-2.8970,-0.9361,7.4867,-0.1232,-0.2362,0.1127,-7.6974,-3.2968,3.4788,-0.1539,-0.3351,-0.0027
-3.2226,-0.8667,7.1802,-0.0938,-0.1142,0.1522,-7.7620,-3.1436,2.6695,-0.1764,-0.0783,0.0556
-2.9066,-1.0199,7.3526,-0.1438,-0.0937,0.1175,-7.4867,-3.2034,2.8874,-0.2113,-0.1479,-0.0246
-2.5187,-1.4868,7.8003,-0.2022,-0.1039,0.2810,-7.0964,-3.5913,2.9377,-0.3750,-0.3792,0.1103
-3.1651,-1.3455,7.6519,-0.1139,-0.2983,0.3764,-8.2720,-3.7757,2.9233,-0.2992,-0.2557,0.1736
-2.4924,-1.5371,7.3574,-0.1322,-0.2397,0.4078,-7.5393,-3.8307,2.8754,-0.3973,-0.4704,0.1837
-2.5642,-1.4078,7.6231,-0.1192,-0.2001,0.4233,-7.5250,-3.8068,3.0358,-0.3219,-0.2437,0.1668
-2.3846,-1.0870,7.1323,-0.1108,-0.2422,0.5466,-7.0054,-3.3351,2.9880,-0.3862,-0.3672,0.3074
-2.6360,-0.9218,7.9009,-0.0691,-0.4550,0.5055,-7.5657,-3.3567,2.8826,-0.3371,-0.3774,0.1260
-2.3798,-0.8188,6.3590,-0.1724,-0.3124,0.6235,-6.4739,-3.0311,2.9616,-0.5268,-0.7654,0.2946
-2.2649,-0.5124,8.0445,-0.4375,-0.1172,0.6921,-7.7381,-3.4117,4.1827,-0.7069,0.1202,0.2872
-1.3216,-0.4046,8.1738,-0.2437,-0.4025,0.6254,-6.7421,-3.4069,4.9728,-0.5441,-0.7481,0.2821
-1.0654,-0.2322,8.7939,-0.0903,-0.2749,0.5921,-6.8714,-3.4117,5.2768,-0.4322,-0.5296,0.3030
-0.7614,-0.3448,8.5186,-0.0420,-0.1424,0.4483,-6.4739,-3.5362,5.4755,-0.2956,-0.2936,0.3118
-0.8452,-0.7254,8.5377,0.1764,-0.2380,0.3631,-6.6679,-3.8403,5.1427,-0.0798,-0.6355,0.3324
-1.4150,-0.4118,8.1834,0.2117,-0.0213,0.2677,-7.0198,-3.4572,4.5107,0.0165,0.0140,0.3062
-0.6345,-0.2131,8.3318,0.3380,-0.2068,0.3116,-5.8826,-3.1316,5.0877,0.0337,-0.6702,0.3319
-0.9864,0.6488,7.9368,0.2661,-0.3071,0.2402,-6.6272,-2.6145,5.1404,0.1082,-0.3628,0.2320
-0.1652,0.7829,8.3845,0.1735,-0.0693,0.1719,-5.5522,-2.4421,5.9065,0.0518,-0.2578,0.2455
-0.2107,1.1492,7.6184,0.3451,-0.2372,0.0460,-5.5138,-2.0973,5.9640,0.1965,-0.6367,0.1629
-0.9266,1.6688,7.8051,0.0368,0.1667,-0.1408,-6.1459,-1.4557,5.7365,0.2010,0.6205,-0.0088
-1.0463,1.5179,7.4627,-0.0322,0.2874,-0.2380,-5.9137,-1.4844,5.2984,0.0930,0.1933,-0.0689
-2.1883,1.6735,7.9176,-0.0869,0.2305,-0.1953,-7.5346,-1.3695,4.9368,0.0813,0.2966,-0.0148
-2.9137,1.6424,7.7165,-0.1132,0.3159,-0.1375,-8.2145,-1.2785,4.4388,0.0199,0.5951,0.0096
-3.0837,1.2641,8.1068,-0.0910,0.3676,-0.0673,-7.8889,-1.3575,4.3455,-0.0262,0.4046,0.0790
-3.2298,1.2617,8.4491,0.0578,0.2285,0.0949,-8.4252,-1.5874,4.5490,0.0629,0.0060,0.2757
-2.8012,1.3671,7.7476,0.2803,-0.0394,0.1308,-7.8290,-1.2498,4.3527,0.1170,-0.2670,0.2793
-2.3942,1.5443,7.5681,0.0986,0.0456,0.0971,-7.1754,-1.1061,4.4652,0.0460,0.0172,0.1958
-2.0710,1.5850,7.8195,0.0530,-0.0111,0.0847,-7.1108,-1.0870,4.6878,-0.0245,-0.1075,0.1411
-1.8435,1.6544,7.6255,0.0925,0.0875,0.0374,-6.7301,-1.1732,5.1236,0.0661,0.0215,0.1494
-1.9513,1.7262,7.8003,0.0564,0.0537,-0.0196,-7.2209,-1.2689,5.1691,0.0554,0.0671,0.1267
-1.8076,1.5538,7.4531,0.1112,0.0300,-0.0613,-6.6367,-1.2019,4.6998,0.1515,-0.0228,0.0721
-2.2505,1.4796,7.1419,-0.0592,0.0144,0.0196,-6.9073,-1.1564,4.2784,-0.0015,0.0215,0.0564
-2.2505,1.2809,7.2784,-0.0005,0.1508,-0.0461,-6.9097,-1.3288,4.7788,0.0649,0.0923,0.0632
-2.6983,1.4293,7.2449,-0.0481,0.0857,-0.0292,-7.4771,-1.2043,4.1539,-0.0101,0.0787,0.0277
-2.4804,1.4748,7.3382,-0.0546,-0.0155,0.0031,-7.5824,-1.2378,4.4317,-0.0080,0.0526,0.0358
-2.3391,1.7310,7.7165,0.0386,-0.0020,-0.0011,-7.0150,-0.9361,4.5418,0.0266,-0.0340,0.0233
-2.2817,1.7980,7.5681,-0.0099,-0.0613,0.0157,-6.9863,-0.9074,4.4532,-0.0195,-0.1172,0.0169
-1.9992,1.6855,7.6327,-0.2270,0.0723,-0.0425,-6.9983,-1.1253,5.2792,-0.1295,0.1490,-0.0589
-2.1739,1.7454,7.5465,-0.1075,-0.1071,-0.0314,-6.9576,-0.9816,4.7812,-0.0565,-0.1621,-0.0612
-2.3056,1.7669,7.6064,-0.1331,-0.0139,-0.0373,-7.5776,-1.0295,4.9488,-0.0588,0.1761,-0.0518
-2.1500,1.6137,8.0158,-0.1725,-0.0188,-0.0353,-7.1132,-1.0678,4.7285,-0.0882,0.0778,-0.0666
-2.2075,1.4605,7.4962,-0.0473,-0.0398,-0.0244,-7.2712,-1.3336,4.9177,-0.0168,-0.1009,0.0069
-1.9656,1.6712,8.1523,-0.0222,-0.0072,0.0077,-7.4603,-1.2785,5.2816,0.0109,0.0652,0.0422
-2.4277,1.7717,8.0421,0.0171,0.0464,0.0103,-7.4005,-1.0439,5.0111,0.0802,-0.0029,0.0927
-2.4181,1.7837,7.7333,0.0703,0.0221,0.0305,-7.3358,-0.8140,4.4365,0.0577,-0.1171,0.1134
-2.4565,1.8028,7.8386,0.0276,0.0677,0.0052,-7.4986,-0.7063,4.4077,0.0574,0.2078,0.0430
-2.4397,1.7142,7.6782,-0.1062,0.0727,-0.0135,-7.4292,-0.8859,4.6208,-0.0673,0.1484,0.0099
-2.2625,1.6712,7.2903,-0.1496,0.0001,-0.0040,-7.3334,-0.9385,4.4891,-0.1615,-0.0781,-0.0028
-2.3966,1.7214,7.4508,-0.1935,-0.0051,0.0322,-7.1012,-0.8092,4.5155,-0.1569,0.0542,-0.0470
-2.2577,1.7358,7.4699,-0.2329,0.1160,0.0037,-6.8857,-0.8116,4.6495,-0.1267,0.1970,-0.0083
-2.6767,1.6496,8.1211,-0.2284,0.0381,0.0461,-8.1547,-1.1947,4.8554,-0.2097,0.1143,0.0037
-2.4229,1.7406,8.0541,-0.0586,0.1148,0.0262,-7.4172,-0.9888,4.8746,-0.0553,0.2034,0.0490
-2.1668,1.9154,7.3071,-0.0566,0.0614,0.0298,-6.7397,-0.5650,4.7980,-0.0803,-0.0771,0.0542
-2.2075,1.9537,7.4627,-0.1264,0.0625,-0.0979,-7.0629,-0.6488,4.4580,-0.0325,0.2722,-0.0921
-2.1332,1.8507,7.1922,-0.1104,0.0369,-0.1625,-6.7828,-0.7566,4.6495,-0.0097,0.1228,-0.1328
-2.4229,1.6879,7.7261,-0.1671,0.0372,-0.1748,-7.5896,-0.9194,4.6615,-0.0083,0.1699,-0.1355
-2.6600,1.6712,7.6040,-0.1700,0.0305,-0.2467,-7.7213,-0.9481,4.6448,0.0266,0.2473,-0.1941
-2.9808,1.5179,7.4124,-0.0092,0.0389,-0.2089,-7.5824,-0.9744,4.3311,0.1166,0.0192,-0.1102
-2.7366,1.5107,8.0469,0.0552,0.1613,-0.1939,-7.5585,-1.1181,4.6926,0.1848,0.2268,-0.0217
-2.6145,1.9992,7.6782,0.1234,-0.0203,-0.2694,-7.5753,-0.5698,4.6902,0.2309,0.0687,-0.1172
-2.5953,1.9609,6.7564,-0.1176,0.1985,-0.4599,-7.1491,-0.5243,4.2904,0.1745,0.3962,-0.2844
-3.0263,1.6640,7.6950,-0.0450,0.3780,-0.5335,-7.6064,-0.8092,4.4077,0.2948,0.5812,-0.2755
-3.1627,1.4006,6.8019,0.1114,-0.0406,-0.5982,-7.4939,-0.8236,3.6583,0.4607,0.1419,-0.3657
-3.5075,1.3791,7.4460,-0.0446,0.0452,-0.6179,-8.1379,-1.1420,4.1396,0.3292,0.4045,-0.4262
-3.0933,0.9170,7.6950,-0.0001,0.0432,-0.6122,-7.8530,-1.4269,3.8618,0.3801,0.0885,-0.3832
-3.8092,0.9553,7.3502,0.1380,-0.0498,-0.6034,-8.5808,-1.3815,3.4189,0.4943,0.2217,-0.3649
-4.0869,0.8164,7.0198,0.0925,-0.0608,-0.5089,-8.4731,-1.1756,2.5546,0.4182,0.2130,-0.3124
-4.3407,0.7230,7.2544,0.1003,-0.0685,-0.4109,-8.8107,-1.3288,2.7318,0.3108,-0.0049,-0.2599
-4.3263,0.8715,7.1204,0.0814,-0.2194,-0.2434,-8.4779,-1.1588,2.8036,0.1828,-0.2753,-0.1740
-3.7733,1.1708,7.0773,0.0874,-0.1693,-0.2008,-8.1594,-1.0127,3.1747,0.1982,0.0401,-0.1403
-3.6583,1.1660,7.2089,0.0201,-0.1896,-0.1990,-8.0900,-1.1444,3.4046,0.1239,-0.1875,-0.1744
-3.2585,0.9792,7.2760,-0.1649,-0.1789,-0.1777,-7.9464,-1.2570,3.3471,-0.0396,-0.1212,-0.2246
-3.4117,0.6847,7.2042,-0.2606,-0.1841,-0.1724,-7.9535,-1.5634,3.2944,-0.0634,-0.1091,-0.2799
-3.2896,0.5602,7.1419,-0.2446,-0.2021,-0.0521,-7.8841,-1.7214,3.3830,-0.1572,-0.1073,-0.2088
-3.2441,0.4070,7.4555,-0.2443,-0.1302,-0.0472,-7.9511,-1.9249,3.2729,-0.1756,0.0108,-0.1871
-3.3112,-0.1125,7.0246,-0.3537,-0.1462,0.0915,-8.0780,-2.3248,2.8659,-0.3672,-0.1951,-0.1118
-3.2920,-0.3711,7.7692,-0.3262,-0.0891,0.2751,-8.2672,-2.8491,3.2657,-0.4275,-0.0055,0.0588
-2.6839,-0.5483,8.3199,-0.2595,-0.2274,0.4950,-8.1690,-3.3758,4.0294,-0.4918,-0.2398,0.2302
-2.2362,-0.3950,7.9487,-0.1352,-0.1828,0.4896,-7.3765,-2.9904,3.7589,-0.4453,-0.4086,0.2348
-1.8340,0.0096,7.5058,-0.2453,-0.0254,0.4293,-6.4715,-2.5187,4.1779,-0.4791,-0.2908,0.2082
-2.0279,0.2849,7.7405,-0.3122,-0.0761,0.4441,-7.0533,-2.3798,4.2784,-0.5205,-0.1581,0.1767
-1.9034,0.3615,8.0014,-0.3094,-0.1458,0.4193,-7.1275,-2.4948,4.8985,-0.4794,-0.1856,0.1668
-2.0590,0.4022,7.9152,-0.2346,-0.1034,0.4110,-7.4364,-2.4277,4.5586,-0.4403,-0.1989,0.1961
-1.6376,0.4022,8.2768,-0.1450,-0.0436,0.3246,-7.3406,-2.6336,5.1068,-0.2978,0.0065,0.1797
-1.6352,0.1053,7.7644,-0.1315,-0.0157,0.3556,-6.6607,-2.5043,4.3120,-0.3163,-0.2919,0.2352
-1.7741,0.0168,7.8721,-0.1823,-0.0715,0.3210,-6.9863,-2.8299,4.4436,-0.3567,-0.1584,0.1908
-1.4748,0.3041,7.6136,-0.1797,-0.0534,0.2553,-6.2249,-2.4062,4.4915,-0.2896,-0.0067,0.0738
-0.6297,0.4573,8.6095,-0.1295,-0.2280,0.1753,-6.2082,-2.7940,5.6551,-0.2206,-0.1018,0.0055
-1.0822,1.2019,7.2209,0.3152,-0.3961,0.0432,-6.1076,-1.7166,4.9991,0.1819,-0.6916,0.0213
-1.0104,0.8404,8.2217,-0.2110,0.1532,0.0404,-6.5625,-2.3391,5.7078,-0.2128,0.2012,0.0496
-1.7023,0.9553,7.9703,0.0855,0.0044,-0.1604,-6.8761,-2.0159,4.9656,0.1292,-0.1697,-0.0157
-1.8603,0.8332,7.3765,0.0023,0.0073,-0.0902,-6.7588,-2.0159,4.6495,0.0993,0.0269,0.0393
-2.2697,1.5467,7.7644,0.0899,-0.1033,-0.1697,-7.0749,-1.2450,4.3934,0.1836,0.2538,-0.1512
-1.4461,1.3336,6.8474,-0.1970,-0.1510,-0.2514,-6.2034,-1.3144,4.7357,-0.1002,-0.3988,-0.2352
-2.3415,1.5969,8.2145,-0.3297,-0.0887,-0.3040,-7.4484,-1.3455,5.0661,-0.0758,0.3119,-0.3640
-2.5259,1.5083,9.2033,-0.2101,0.0301,-0.4357,-8.2672,-1.8603,5.4540,0.1106,0.7274,-0.3861
-1.9752,1.2378,8.8370,0.3251,-0.5673,-0.4374,-7.6998,-1.9585,5.7557,0.3973,-0.8239,-0.3250
-1.9944,1.2905,8.2025,0.3413,-0.2794,-0.5834,-7.0868,-1.7119,5.1523,0.5304,0.0561,-0.3730
-1.9010,1.2689,8.2289,0.2204,0.0417,-0.5713,-7.4986,-1.8938,5.0613,0.4093,0.2193,-0.2734
-3.2944,1.0295,8.2241,0.0890,0.3015,-0.6663,-8.3941,-1.9656,4.7525,0.4727,0.5946,-0.2726
-3.1627,0.7015,8.2361,0.2314,0.2333,-0.5685,-7.9823,-2.0327,4.0342,0.5532,0.2454,-0.1641
-3.7589,0.6105,7.8506,0.1933,0.4242,-0.3950,-8.4851,-1.9489,3.2825,0.4016,0.4270,0.0381
-3.4357,0.6297,7.0150,0.0012,0.3343,-0.2086,-7.8147,-1.8028,3.3662,0.1434,0.2910,0.0949
-2.7031,0.6991,6.8546,-0.1312,0.3070,-0.1179,-6.7684,-1.5993,3.1220,-0.0330,0.2529,0.0556
-2.9161,0.5171,7.1323,-0.2603,0.3479,-0.0741,-7.4795,-1.8699,3.6081,-0.1420,0.4277,0.0240
-3.6200,0.3711,7.2736,-0.3051,0.4350,-0.0473,-8.0780,-2.0734,3.3519,-0.1697,0.5438,0.0536
-3.5362,0.3112,7.8745,-0.2154,0.1825,0.1316,-7.9703,-2.1668,3.0694,-0.2747,0.1116,0.1164
-3.4884,0.3041,7.7285,-0.1628,-0.0482,0.1565,-8.3438,-2.2458,3.3160,-0.1627,0.0561,0.0504
-2.9257,0.1269,7.0964,-0.1683,-0.2274,0.2685,-7.2951,-2.2984,3.3208,-0.3084,-0.5132,0.0893
-3.1412,0.1437,7.1730,-0.2809,-0.0273,0.2543,-7.7333,-2.3224,3.3734,-0.2896,0.0572,0.1215
-3.0789,-0.1077,7.6351,-0.2626,0.0380,0.3428,-7.6591,-2.4780,3.2561,-0.3549,-0.0982,0.1780
-3.1603,-0.1676,7.4244,-0.1094,-0.3515,0.4286,-7.7859,-2.5402,2.9473,-0.3195,-0.4510,0.1780
-2.7797,-0.0551,7.4029,-0.1815,-0.2558,0.5536,-7.2472,-2.6073,3.1196,-0.4298,-0.3416,0.2995
-2.2960,-0.2251,7.4819,-0.2745,-0.2908,0.6572,-7.2018,-3.0382,4.1946,-0.5866,-0.4896,0.2733
-1.4748,-0.1245,8.2576,-0.2461,-0.4714,0.6993,-6.7181,-3.1484,5.0254,-0.4445,-0.4314,0.2911
-1.4724,0.3112,7.5585,-0.2090,-0.2216,0.5431,-6.7516,-2.8778,5.0829,-0.4518,-0.2114,0.2922
-1.0175,0.1700,8.2576,-0.2451,-0.1831,0.5083,-6.5721,-2.9018,5.1811,-0.5275,-0.3521,0.1780
-1.0319,0.6129,8.2911,-0.0476,-0.2904,0.4736,-6.4811,-2.6839,5.6407,-0.3455,-0.4371,0.2086
-1.2115,0.6608,8.0972,-0.1083,-0.0918,0.3697,-6.8857,-2.5355,5.2122,-0.3119,-0.1034,0.2046
-0.9385,0.5195,8.2720,-0.0314,-0.1371,0.3315,-6.2153,-2.6073,5.3846,-0.2333,-0.4057,0.2000
-1.1181,0.5770,8.0565,0.0164,-0.1669,0.2670,-6.6655,-2.7557,5.4660,-0.1267,-0.2362,0.2116
-0.3184,0.0886,7.8147,-0.1215,0.0313,0.1865,-5.4995,-3.0502,5.4851,-0.2133,-0.0814,0.1456
-0.9290,0.4357,7.9703,0.0199,0.0105,0.1627,-6.3542,-2.6887,4.7764,-0.0556,-0.0786,0.1708
-1.2689,0.9864,7.9823,-0.0938,-0.1003,0.1286,-6.4907,-2.1596,4.8459,-0.1524,0.0594,0.0084
-0.2705,1.1013,7.7476,0.0184,-0.2605,0.1251,-5.2098,-1.9776,5.6407,-0.1360,-0.6680,0.0404
-0.5770,1.4006,8.0661,-0.0842,-0.1687,0.0027,-6.2034,-1.9225,6.2872,-0.0537,0.0229,-0.0632
-0.7949,1.5347,7.5753,-0.1905,0.0352,-0.1751,-5.7485,-1.6137,5.2960,-0.0702,0.3323,-0.2145
-0.9385,1.2474,8.0828,-0.2574,0.0136,-0.2076,-6.4141,-1.9585,5.9400,-0.1322,0.0334,-0.2034
-1.0702,1.4413,8.1475,-0.0606,-0.0746,-0.2875,-6.3063,-1.9154,5.8658,0.1116,0.0418,-0.2630
-0.6033,1.2761,7.9033,-0.0883,0.0681,-0.3878,-5.8802,-1.8866,5.5905,0.1525,0.2423,-0.2836
-0.9409,1.2594,7.3622,-0.0807,-0.2886,-0.5794,-5.9616,-1.8028,4.7812,0.2190,-0.1479,-0.5942
-1.5874,1.0558,8.5305,-0.1340,0.1180,-0.5614,-6.9073,-2.1404,5.6264,0.2753,0.5985,-0.4517
-2.2218,1.0965,8.9711,0.0165,-0.0217,-0.5245,-8.1882,-2.4588,5.5258,0.2958,0.1735,-0.3507
-1.8316,1.1277,8.4922,-0.0073,0.0401,-0.5197,-7.4292,-2.1213,5.2601,0.2931,0.1384,-0.3018
-1.8866,1.0319,8.2361,0.0238,0.1069,-0.6079,-7.1778,-2.1189,5.0230,0.3571,0.2048,-0.3507
-2.2003,0.7781,8.1116,0.0493,0.1219,-0.6519,-7.4891,-2.1907,4.5370,0.4116,0.3238,-0.3493
-2.7390,0.7159,7.9392,0.1452,0.2176,-0.6129,-7.8147,-2.1596,4.4341,0.5249,0.4197,-0.2421
-2.7797,0.6608,8.0038,0.0771,0.1214,-0.4691,-7.8985,-2.2410,4.2641,0.3323,0.3080,-0.1865
-2.3703,0.6249,7.5992,0.1302,0.1347,-0.4329,-7.3861,-2.2146,4.1444,0.3440,0.1460,-0.1026
-2.6121,0.8164,7.6423,0.0520,0.1781,-0.3557,-7.6710,-2.1739,4.5035,0.2693,0.3106,-0.0973
-2.4565,0.6488,7.9966,0.0641,0.1476,-0.2821,-7.6734,-2.2960,4.5490,0.2172,0.3833,-0.0751
-2.4756,0.7661,7.5106,0.0778,0.1948,-0.2741,-7.0701,-1.9369,4.0199,0.2651,0.3603,-0.0500
-2.6480,0.6273,7.3263,-0.0081,0.2558,-0.2225,-7.3334,-2.0303,3.8211,0.0834,0.1884,-0.0265
-2.9688,0.5866,7.9368,-0.1027,0.2473,-0.0829,-8.1379,-2.3343,4.1946,0.0004,0.3593,0.0991
-3.0502,0.4381,7.8602,-0.0486,0.2437,-0.0624,-8.1547,-2.1452,3.4405,0.0384,0.4939,0.0749
-2.8491,0.2442,7.3861,0.0281,0.2429,0.0570,-7.4986,-2.2529,3.6296,-0.0464,-0.0771,0.1976
-3.5530,0.1269,6.7157,-0.1713,0.3905,0.1747,-7.6471,-1.9944,2.2098,-0.2745,0.3180,0.2517
-3.4189,-0.0120,7.4268,-0.3537,0.1835,0.3437,-7.9990,-2.4181,3.2848,-0.4674,0.1937,0.2565
-3.4309,-0.1413,7.6998,-0.3206,0.0119,0.5313,-8.0206,-2.5402,3.0526,-0.5645,-0.0997,0.3116
-3.2633,0.0120,7.7740,-0.2138,-0.0746,0.5946,-7.8147,-2.5043,3.2513,-0.4822,-0.1147,0.3523
-2.8228,0.0072,7.4101,-0.2485,-0.0027,0.6242,-7.3526,-2.5307,3.6823,-0.5971,-0.3415,0.3916
-2.5067,0.2418,7.2999,-0.2582,-0.2009,0.6825,-7.3837,-2.5163,3.7972,-0.5958,-0.4748,0.3821
-2.1691,0.1341,7.0844,-0.4533,-0.1111,0.6102,-6.9216,-2.4612,3.9097,-0.6773,-0.0249,0.2519
-2.1931,0.2538,7.3765,-0.3953,-0.1587,0.6239,-6.6343,-2.3104,3.9887,-0.6861,-0.3982,0.2701
-1.8914,0.4262,7.4627,-0.3805,-0.1744,0.5245,-6.8450,-2.3008,4.4532,-0.6195,-0.1659,0.1764
-1.6065,0.3328,7.6519,-0.4743,-0.1541,0.3837,-6.7181,-2.5235,4.3862,-0.5669,-0.0609,0.0414
-1.7262,0.4908,7.9080,-0.3617,-0.2693,0.4178,-6.7995,-2.5043,4.6687,-0.5220,-0.4783,0.0901
-1.1588,0.2274,8.2600,-0.3539,-0.2429,0.2185,-6.8498,-3.0718,5.5617,-0.3635,-0.0985,-0.0699
-1.2833,-0.1365,8.0349,-0.3119,-0.1980,0.1051,-6.5146,-3.0933,4.9153,-0.3208,-0.2148,-0.0918
-2.0494,0.0359,8.5665,-0.2935,-0.0454,0.0829,-7.4747,-3.1699,5.0589,-0.2625,0.1520,-0.0858
-1.3192,-0.3831,8.2696,-0.1945,-0.1616,0.0729,-6.8211,-3.3615,4.8291,-0.2146,-0.3227,-0.0494
-1.3001,0.3017,8.3246,0.0574,-0.2044,0.1143,-6.8546,-2.8276,5.2577,-0.0286,-0.5260,0.1236
-1.1827,0.2610,8.0589,0.0017,0.0879,-0.0613,-6.7229,-2.9066,5.4229,0.0522,0.3740,0.0076
-1.1444,0.0359,7.5058,0.1391,0.2173,-0.2318,-6.3398,-3.0215,5.3870,0.2041,-0.0366,0.0029
-2.2003,0.8068,7.1706,0.1777,-0.0978,-0.2388,-6.9145,-1.9752,4.0366,0.2950,-0.1088,-0.0604
-1.9321,0.8404,7.5872,-0.0556,0.0634,-0.2277,-6.6056,-1.9417,4.8435,0.1667,0.2942,-0.1212
-2.1021,1.3312,7.4962,-0.0368,-0.2124,-0.2649,-6.9695,-1.5514,4.6352,0.0849,-0.2264,-0.2719
-1.6065,1.5251,7.7692,0.1198,-0.3080,-0.3575,-6.5721,-1.4748,5.5138,0.3281,0.0164,-0.3397
-1.2713,1.6831,6.9336,0.3483,-0.5397,-0.4864,-5.6383,-1.1827,5.0757,0.6823,-0.5772,-0.3488
-1.7190,1.8818,7.2784,0.0116,-0.2473,-0.6888,-6.8738,-1.2713,5.3726,0.4265,0.1784,-0.5700
-2.8108,1.1660,8.5186,-0.2370,0.2272,-0.8430,-8.4013,-2.0351,5.1404,0.3665,0.8918,-0.5498
-3.4093,0.3663,8.6359,-0.0336,0.4607,-0.8215,-8.5880,-2.4876,4.2521,0.4774,0.7663,-0.4147
-3.5530,-0.0144,8.4084,0.5729,-0.0091,-0.6187,-9.0692,-2.8563,4.2162,0.8926,0.0060,-0.1390
-3.4884,0.3256,7.1371,0.3548,0.0645,-0.4596,-8.1139,-2.1476,3.4836,0.5486,0.0184,-0.0711
-3.4668,0.7518,7.7668,0.1679,0.1520,-0.3973,-8.2193,-1.9680,3.5698,0.3687,0.1911,-0.0564
-2.8395,0.8715,7.5824,0.1378,0.0604,-0.2814,-7.5705,-1.9034,3.9241,0.2629,0.0818,-0.0553
-2.2649,0.7254,7.0940,-0.0469,-0.0389,-0.2868,-6.9216,-1.8507,3.7326,0.0919,-0.0905,-0.1785
-2.3870,0.4190,7.7524,-0.2867,0.1452,-0.3054,-7.3287,-2.3104,4.0007,-0.0525,0.2834,-0.2647
-2.5905,0.2777,8.4132,-0.1042,0.1182,-0.1873,-7.5800,-2.4684,4.1827,0.0140,0.2334,-0.1191
-2.7629,0.3304,7.6854,-0.0831,-0.0548,-0.1552,-7.9128,-2.4325,3.8714,0.0368,0.0068,-0.1041
-2.6839,0.0335,7.3861,-0.1755,0.1518,-0.0806,-7.3717,-2.5929,3.7302,-0.1086,0.1009,-0.0381
-3.1987,-0.1317,8.1618,-0.1118,-0.0453,0.0513,-8.3797,-3.0430,4.0654,-0.0947,0.0610,0.0414
-2.7078,-0.4621,7.3813,-0.1010,0.2097,0.1557,-7.3861,-2.8467,2.8754,-0.1681,0.0674,0.1955
-3.4309,-0.6871,6.9552,-0.2431,0.4112,0.3805,-7.6782,-2.9497,2.4086,-0.3781,0.2296,0.3635
-2.7509,-0.7087,7.7045,-0.1212,-0.1651,0.6182,-7.5872,-3.2178,3.4333,-0.4670,-0.5011,0.3941
-3.2633,-0.2538,7.2592,-0.2939,-0.1411,0.7598,-8.2791,-3.0071,3.2178,-0.6270,-0.0261,0.4575
-2.4277,-0.0383,7.6231,-0.1447,-0.1624,0.7813,-7.0222,-2.6336,4.0462,-0.5408,-0.4541,0.4632
-2.0183,0.5914,7.3670,-0.1767,-0.2228,0.8808,-6.4308,-2.1979,4.4053,-0.6921,-0.7557,0.4596
-1.8771,0.7542,7.7955,-0.3945,-0.0420,0.7362,-7.0294,-2.0925,4.4867,-0.7238,-0.0970,0.3365
-1.6089,0.6177,7.4172,-0.3222,-0.1701,0.6363,-6.2321,-2.1476,4.6400,-0.6075,-0.3897,0.2839
-1.3336,0.6321,8.5808,-0.2458,-0.2795,0.6884,-6.9073,-2.6887,5.9065,-0.6081,-0.6083,0.3603
-1.0678,0.7709,7.7740,-0.0687,-0.3479,0.5634,-6.3398,-2.4852,5.6383,-0.4096,-0.4863,0.3211
-0.7805,0.9266,7.9248,-0.1817,-0.1411,0.3812,-5.9999,-2.4110,5.4181,-0.3307,-0.0320,0.1888
-0.4693,0.7590,8.3510,-0.0329,-0.2045,0.2670,-6.0406,-2.6504,5.8921,-0.2080,-0.4163,0.1675
-0.8475,0.8619,7.8913,0.0309,-0.1776,0.1985,-6.2584,-2.4972,5.4995,-0.0795,-0.2403,0.1146
-1.2833,1.1827,8.1738,-0.0573,-0.0241,0.0667,-6.6104,-2.0375,5.3367,-0.0260,0.2344,0.0493
-0.4741,1.2594,7.6686,0.1038,-0.2454,0.0282,-5.4013,-2.0279,6.0980,-0.0071,-0.4992,0.0049
-0.4310,1.2186,7.9033,-0.1127,0.0031,-0.1099,-5.8778,-2.1644,5.9185,-0.0137,0.0798,-0.0641
-0.9290,1.2689,7.6854,-0.1431,0.0521,-0.2369,-5.8514,-1.8076,5.2170,0.0413,0.2390,-0.2068
-1.3575,1.2761,7.9320,-0.1767,0.1604,-0.2443,-6.2584,-1.8411,5.4684,0.0084,0.1868,-0.1475
-1.7669,1.6640,8.5018,-0.0565,0.0703,-0.2715,-6.9623,-1.4413,5.2433,0.1287,0.2754,-0.1547
-2.0231,1.1349,8.0493,-0.2073,0.1585,-0.3373,-7.0677,-1.9201,4.9775,0.0735,0.5252,-0.2333
-2.6336,0.8859,8.1834,-0.0476,0.0890,-0.2932,-7.8362,-2.1428,4.6567,0.1114,0.0437,-0.1621
-2.8108,0.9625,8.2600,-0.0398,0.1395,-0.1869,-7.8290,-1.9297,4.4388,0.1502,0.2794,-0.0581
-2.1093,1.3024,7.9583,0.0838,-0.0979,-0.1537,-6.7995,-1.5921,4.6735,0.1495,0.0376,-0.1246
-1.1444,2.0231,7.3406,0.3051,-0.3740,-0.3074,-5.4229,-0.9290,5.4923,0.3934,-0.4143,-0.2766
-1.1756,2.2122,7.2592,0.0093,-0.1290,-0.4763,-5.9807,-0.9050,5.6719,0.2729,-0.0028,-0.3483
-1.1420,1.7358,8.8107,-0.0494,-0.0917,-0.7238,-6.5074,-1.5371,5.7174,0.4181,0.4728,-0.5926
-1.5706,1.2210,6.7038,0.0843,-0.5433,-0.8408,-6.8690,-1.6879,4.4029,0.4469,-0.4302,-0.7272
-2.3272,0.8643,8.5186,-0.0725,0.0484,-0.8320,-7.7548,-2.4229,4.6926,0.5289,1.0335,-0.6174
-2.1500,0.6584,8.3055,-0.0718,0.0560,-0.8083,-7.6255,-2.6863,5.1116,0.3531,0.0341,-0.5560
-2.3703,0.5938,9.1004,-0.0052,0.2325,-0.6570,-8.2768,-2.6671,4.8530,0.3667,0.2754,-0.3283
-2.9209,0.3855,8.4013,0.1515,-0.0289,-0.4882,-8.4803,-2.8299,4.7070,0.3924,-0.0312,-0.1857
-2.3439,0.6081,7.6686,0.1785,0.2474,-0.3246,-7.5872,-2.4157,4.1204,0.3861,0.4076,0.0418
-2.4229,0.8021,7.4795,0.1130,0.2982,-0.1879,-6.9839,-2.0087,4.4101,0.2282,0.3829,0.0819
-2.2960,0.8691,7.4124,0.1116,0.3399,-0.0905,-7.0533,-1.9537,4.2569,0.1315,0.1512,0.1980
-2.6480,1.1396,7.7405,-0.0504,0.4381,-0.1709,-7.2472,-1.6113,3.9385,0.1112,0.5782,0.0584
-2.4852,1.0151,7.5537,-0.0925,0.2021,-0.1584,-7.2736,-1.7454,4.4556,0.0969,0.1551,0.0372
-3.3016,0.7973,7.3813,-0.1962,0.3840,-0.1805,-8.1714,-1.8842,3.4333,0.0004,0.6093,-0.0103
-3.9792,0.2179,7.6614,-0.2041,0.5385,-0.1355,-8.4587,-2.1500,2.8850,-0.0715,0.4946,0.0422
-4.2832,-0.0048,7.3095,-0.2050,0.2049,0.1635,-8.7077,-2.3367,2.6145,-0.2705,0.0398,0.1931
-3.9768,0.2873,7.7021,-0.2385,0.0298,0.3388,-9.0501,-2.4205,3.0311,-0.3259,0.3379,0.2511
-3.1603,0.3687,7.1228,-0.1448,-0.0001,0.4105,-7.6591,-2.0518,3.2226,-0.3933,-0.1228,0.2701
-2.9281,0.5315,7.3646,-0.3280,0.0290,0.4776,-7.5034,-2.0327,3.4788,-0.5674,-0.1565,0.2557
-2.0973,0.4046,7.1563,-0.2575,-0.1142,0.3986,-6.6559,-2.0662,3.9983,-0.4179,-0.1817,0.1668
-1.8244,0.3974,7.2089,-0.3324,-0.1900,0.4495,-6.5888,-2.3918,4.1420,-0.5694,-0.2988,0.2105
-2.3200,0.4908,7.1706,-0.2020,-0.0741,0.3424,-6.8043,-2.1500,3.9121,-0.3393,-0.0578,0.1196
-2.1189,0.2777,7.3406,-0.2641,-0.1677,0.3916,-6.6846,-2.3104,4.0534,-0.4426,-0.3513,0.1454
-2.5235,0.4717,7.6351,-0.3516,-0.2418,0.3784,-7.6495,-2.4014,3.9624,-0.4688,-0.1251,0.0735
-2.0590,0.3639,7.7572,-0.3328,-0.2430,0.4177,-6.9432,-2.4756,4.3622,-0.4826,-0.3143,0.1202
-2.1859,0.3998,7.8099,-0.2982,-0.2360,0.4466,-7.3310,-2.4588,4.5777,-0.5148,-0.3746,0.1623
-1.7645,0.0934,8.1642,-0.3717,-0.1398,0.3653,-6.9887,-2.7821,4.6160,-0.4974,-0.1468,0.0810
-1.6352,0.2227,8.4252,-0.1944,-0.1135,0.4447,-7.1323,-2.9257,5.1595,-0.4270,-0.3677,0.2557
-1.7478,0.4549,8.1116,-0.2208,-0.0659,0.3668,-7.1898,-2.8036,4.9967,-0.3726,-0.0444,0.2122
-1.3862,0.2322,7.8386,-0.1990,0.0393,0.2733,-6.3135,-2.6600,4.8937,-0.3228,-0.0854,0.1391
-1.4844,0.2059,8.0038,-0.1310,-0.0624,0.3099,-6.7684,-2.8323,5.0135,-0.2719,-0.2328,0.1986
-1.7190,0.4429,7.7357,-0.1156,-0.0958,0.2094,-6.7971,-2.4397,4.5250,-0.2096,0.0498,0.0745
-1.1037,0.2107,8.0421,-0.0592,-0.0857,0.2340,-5.9568,-2.7701,4.8243,-0.1813,-0.2232,0.1536
-1.3048,0.9026,8.2744,0.1350,-0.3208,0.1442,-6.7349,-2.3870,5.5498,0.0143,-0.3580,0.0422
-1.3264,1.1109,7.5226,0.0346,-0.0569,0.0734,-6.4141,-2.0135,5.0853,-0.0278,-0.0513,0.0663
-1.2186,1.3360,8.3055,0.0161,-0.0874,0.0620,-6.7660,-1.9058,5.8059,-0.0141,-0.1992,0.1075
-1.7549,1.6496,8.2241,0.0200,0.1179,-0.1637,-6.9240,-1.4629,5.3079,0.1419,0.3685,-0.1094
-1.3791,1.4844,7.5537,-0.0131,-0.0505,-0.2058,-6.4021,-1.6185,5.4061,0.0794,-0.3500,-0.0885
-1.0942,1.7526,8.9974,0.1607,-0.1150,-0.3601,-6.3518,-1.7166,6.6487,0.3872,0.2401,-0.2321
-0.6464,1.6831,7.4986,0.4294,-0.3448,-0.5982,-5.2385,-1.4006,5.8897,0.6287,-0.7751,-0.3738
-1.6209,1.9441,7.0318,0.0462,-0.0324,-0.7261,-6.4883,-1.1253,4.9416,0.5111,0.6262,-0.4819
-2.6121,1.6209,8.4348,0.0143,0.2501,-0.7814,-7.4220,-1.3431,4.9368,0.4676,0.5285,-0.5051
-3.1532,1.4676,7.6016,0.0089,0.1279,-0.6889,-8.1547,-1.4030,4.2521,0.3281,0.0617,-0.3966
-2.9113,1.2761,8.1594,0.0129,0.2385,-0.6852,-7.7309,-1.5083,4.1899,0.4389,0.7060,-0.3777
-2.6408,1.1875,7.3598,0.3628,-0.1252,-0.7338,-7.2425,-1.4988,4.4604,0.7099,-0.1239,-0.4120
-2.7222,1.1708,7.7045,0.1275,0.0215,-0.7076,-7.7668,-1.7549,4.6495,0.5377,0.2942,-0.3889
-2.9880,1.1444,7.6902,0.2070,-0.1147,-0.7510,-7.9464,-1.6424,3.9887,0.6322,0.0746,-0.4612
-2.9544,1.0774,8.2815,0.2372,0.0152,-0.6479,-8.2672,-1.9201,4.6783,0.6005,0.3066,-0.3091
-3.3974,1.1061,7.9440,0.1580,0.1102,-0.6347,-8.3653,-1.6927,4.0414,0.4984,0.3499,-0.2982
-3.5745,1.0606,6.8785,0.1396,0.2282,-0.5432,-8.0421,-1.5107,3.2202,0.4331,0.2769,-0.1943
-3.5721,0.8835,7.0916,-0.1331,0.3433,-0.4630,-8.2241,-1.5993,3.5674,0.1951,0.6659,-0.1957
-3.7565,0.7422,7.3095,-0.1399,0.4711,-0.3993,-8.0397,-1.6544,3.3543,0.1359,0.5929,-0.1311
-3.9265,0.5938,6.8139,-0.0725,0.1985,-0.2741,-8.3486,-1.6807,2.7653,0.1331,0.3250,-0.0915
-3.6392,0.0120,7.1180,-0.2533,0.2447,-0.1167,-8.0110,-2.1261,2.9616,-0.1035,0.3660,-0.0549
-4.3431,-0.1652,7.8865,-0.3190,0.1915,0.0063,-9.2177,-2.6456,2.4828,-0.2850,0.3392,-0.0152
-3.9863,-0.4166,7.7740,-0.1792,-0.0111,0.2096,-8.7388,-2.6097,2.4995,-0.2595,-0.0565,0.0934
-3.6559,-0.3567,7.6231,-0.2018,-0.1917,0.4486,-8.5904,-2.8228,3.0646,-0.3909,-0.3609,0.2586
-3.6775,-0.1413,7.7452,-0.3018,-0.0392,0.5207,-8.6957,-2.7557,2.6791,-0.5236,0.0145,0.2674
-2.7246,-0.2897,7.8506,-0.2256,-0.3051,0.7473,-7.6447,-3.0239,4.1444,-0.6555,-0.7950,0.3861
-2.5331,0.0168,7.8219,-0.3104,-0.1222,0.7456,-7.5226,-2.8874,3.7086,-0.7165,-0.0975,0.4050
-1.7526,-0.0383,7.6327,-0.1447,-0.0084,0.7272,-6.3111,-2.5881,4.1252,-0.5788,-0.5261,0.4603
-1.7789,0.2753,7.4819,-0.2802,-0.0913,0.8355,-6.6439,-2.5163,4.4005,-0.7474,-0.5688,0.5104
-1.8411,0.4764,7.5848,-0.4403,-0.0289,0.7576,-6.6942,-2.3463,4.5633,-0.7842,-0.3098,0.4088
-1.6951,0.4932,7.8171,-0.3878,-0.1410,0.6720,-6.7493,-2.3918,4.4724,-0.6731,-0.1684,0.2959
-1.8723,0.7015,7.6662,-0.3187,-0.1098,0.6679,-6.6224,-2.1811,4.5610,-0.6977,-0.3407,0.3164
-1.1803,0.5052,7.4603,-0.3087,-0.1568,0.4898,-6.1699,-2.4756,4.9392,-0.5660,-0.3127,0.1877
-1.3455,0.6033,8.0804,-0.3094,-0.0895,0.4695,-6.6463,-2.5019,5.2457,-0.5183,-0.2342,0.2210
-1.3336,0.6656,8.3127,-0.1556,-0.1635,0.3577,-6.7708,-2.4373,5.1595,-0.3417,-0.1547,0.1346
-1.4724,0.7111,7.3622,-0.1988,-0.2559,0.3527,-6.3446,-2.4062,4.8171,-0.3832,-0.4135,0.1415
-1.6759,0.5866,8.2815,-0.1998,0.0064,0.3268,-6.9935,-2.5115,5.2648,-0.3701,-0.1700,0.2009
-1.7837,0.4764,8.2001,-0.1532,0.0238,0.2627,-7.1251,-2.8371,5.2960,-0.2805,0.0561,0.1751
-1.6640,1.3886,8.3989,0.1470,-0.3505,0.3070,-7.0725,-1.9896,5.4923,-0.0983,-0.5039,0.2177
-0.7254,1.2498,8.3893,-0.0425,-0.0372,0.0019,-6.1866,-2.0973,6.1627,0.0081,0.1760,0.0064
-1.2067,1.6113,8.4587,0.2626,-0.2224,-0.0735,-6.6798,-1.7957,6.1818,0.2473,-0.4471,0.0218
-1.3072,2.0758,7.2472,0.2434,-0.2286,-0.3218,-6.3782,-1.2498,5.2409,0.3828,0.0200,-0.1789
-0.9122,1.6281,7.1012,0.0865,0.0268,-0.4397,-5.2960,-1.2953,5.1858,0.3548,0.1859,-0.2629
-1.3096,1.7334,7.5154,0.1415,-0.3309,-0.5113,-6.4260,-1.5179,5.2122,0.3830,-0.1330,-0.4175
-1.9680,1.8723,7.3813,-0.2565,-0.0055,-0.5645,-7.0294,-1.2067,4.8626,0.1811,0.5241,-0.4824
-2.0710,1.7813,7.9847,-0.1371,-0.0546,-0.6175,-6.8857,-1.3120,5.5162,0.3098,0.2009,-0.4750
-2.3152,1.5850,7.5274,-0.1787,0.0204,-0.6062,-7.2113,-1.2617,5.0613,0.2321,0.1631,-0.4539
-2.2817,1.4174,7.2784,-0.1162,0.0658,-0.6831,-7.0749,-1.3360,4.2760,0.3367,0.3609,-0.4846
-2.5546,1.3647,8.8466,-0.1418,0.1432,-0.7063,-7.6638,-1.7262,5.3726,0.2932,0.5313,-0.5096
-2.3607,1.0606,7.6902,0.1207,-0.1504,-0.7218,-7.6160,-1.8507,4.3263,0.4477,-0.0193,-0.4974
-2.6193,0.9194,8.6814,0.0496,0.1703,-0.6888,-7.6854,-2.0470,4.5179,0.5717,0.8068,-0.3676
-2.5139,1.1420,8.2935,0.2815,-0.0246,-0.7432,-7.4819,-1.9752,5.1954,0.6446,0.1166,-0.4026
-2.6145,0.9649,7.5681,0.0711,0.1495,-0.7440,-7.4843,-1.8818,4.3072,0.4692,0.2369,-0.4009
-2.8132,0.4812,7.8913,0.1255,0.0850,-0.7109,-8.0182,-2.2793,3.9983,0.5303,0.3409,-0.3519
-3.2585,0.6608,7.5226,0.0863,0.2314,-0.5417,-8.0158,-2.1045,3.5291,0.4161,0.6105,-0.2174
-3.0837,0.9050,7.5920,0.1284,0.1609,-0.4197,-7.7021,-1.8220,3.8307,0.3778,0.2771,-0.1470
-2.8970,0.5219,7.1922,0.0581,0.1234,-0.3444,-7.3765,-2.0686,3.3591,0.2362,0.1166,-0.1643
-3.2825,0.3567,7.4340,-0.1584,0.1331,-0.1701,-8.2672,-2.2960,3.5721,0.0069,0.2189,-0.0653
-3.3710,0.3376,7.7309,-0.1508,0.1348,0.0099,-8.3079,-2.3296,3.5051,-0.1243,0.2411,0.0697
-3.5721,0.2370,7.7859,-0.1836,0.2479,0.0634,-8.2648,-2.2960,3.2417,-0.1506,0.3420,0.0810
-3.4477,0.1987,6.9001,-0.3247,0.1160,0.2466,-8.0948,-2.3966,2.9544,-0.4519,-0.2360,0.1725
-3.0526,-0.0766,7.3861,-0.3937,-0.0222,0.3364,-7.8482,-2.5977,3.5027,-0.4612,0.0789,0.0883
-3.0646,-0.1556,7.5968,-0.2602,0.0797,0.5043,-7.6471,-2.7126,3.5721,-0.5012,-0.1672,0.3238
-3.2705,-0.0718,8.3414,-0.3331,0.1031,0.6618,-8.0685,-2.7150,3.1053,-0.6502,0.0192,0.3757
-2.8371,-0.1293,7.9080,-0.2381,-0.0469,0.7284,-7.6327,-2.8706,3.4309,-0.5644,-0.2386,0.4631
-1.5203,-0.2682,8.0445,-0.3553,-0.2161,0.7457,-6.8211,-3.3974,4.9871,-0.7169,-0.6010,0.4165
-1.9872,-0.0168,7.6734,-0.2201,-0.0798,0.7286,-7.1275,-3.0167,4.3886,-0.5462,-0.3281,0.4870
-2.1452,0.1676,7.9368,-0.2884,-0.0959,0.7171,-7.4316,-2.8515,4.5250,-0.6265,-0.1147,0.4327
-1.8890,0.5219,7.7524,-0.0957,-0.0761,0.6977,-6.5122,-2.3439,4.3096,-0.5140,-0.4008,0.4495
-1.8244,0.5411,7.6495,0.0060,0.0189,0.6919,-6.6415,-2.3056,4.7046,-0.3993,-0.4317,0.5380
-1.3719,0.8595,7.3430,-0.1111,-0.0390,0.5853,-5.9209,-1.9896,4.3622,-0.4374,-0.3539,0.3821
-1.4676,0.4046,8.0182,-0.4287,0.1206,0.3664,-6.8953,-2.7749,5.0039,-0.5203,0.2848,0.1491
-1.6400,0.5004,7.5800,-0.1438,-0.1900,0.4271,-6.3782,-2.2362,4.4269,-0.3909,-0.4934,0.1880
-1.4102,0.8284,7.4029,-0.1577,-0.2677,0.4275,-6.4524,-2.2553,4.9895,-0.3585,-0.3312,0.1891
-1.3431,0.9577,7.7141,-0.2503,-0.0553,0.3055,-6.1938,-2.1069,5.0805,-0.3619,0.0139,0.0973
-1.4078,1.1372,8.0541,-0.1283,-0.0821,0.2302,-6.5864,-2.1189,5.6072,-0.2543,-0.1644,0.0750
-0.9601,0.9457,7.7405,-0.1607,-0.1732,0.1495,-5.9975,-2.0758,5.2194,-0.2314,-0.2920,0.0237
-1.0151,0.9266,7.5465,-0.2296,-0.1825,0.0629,-6.0525,-2.2362,5.3008,-0.2534,-0.3030,-0.0686
-1.2570,1.3216,9.2584,-0.1035,-0.1576,-0.0525,-6.5122,-1.9896,6.3279,0.0025,0.2349,-0.2101
-1.2809,1.3144,7.8482,0.4586,-1.0292,-0.0967,-6.5290,-1.8818,5.1451,0.4038,-1.5780,-0.2162
-0.9840,1.5395,7.7189,0.0428,-0.1304,-0.1565,-6.0430,-1.8076,5.5067,0.1408,0.3115,-0.1491
-0.8236,1.2091,7.9272,-0.0813,0.0362,-0.1936,-5.7413,-2.0087,5.5162,0.0203,-0.1162,-0.1065
-0.9553,1.8986,7.7165,-0.0356,-0.0249,-0.2325,-6.3542,-1.5395,6.0645,0.1827,0.2955,-0.1282
-0.9720,1.5036,7.8123,-0.1446,0.0529,-0.3668,-6.0645,-1.8483,5.8275,0.1576,0.5002,-0.2706
-1.5706,1.8340,7.8243,0.0428,0.0517,-0.3772,-6.5386,-1.3791,5.6503,0.2300,0.0097,-0.2210
-1.1229,1.6592,7.6375,0.0365,0.0160,-0.4624,-6.4452,-1.7526,6.3398,0.3773,0.3030,-0.2050
-1.7502,1.7047,7.8626,0.1191,-0.0501,-0.5891,-6.8833,-1.3862,5.0613,0.4022,0.1427,-0.3809
-1.9465,1.7286,7.9942,0.1423,-0.0250,-0.6487,-6.9528,-1.4461,5.2696,0.5389,0.4293,-0.4036
-2.1069,1.6999,8.2672,0.0222,0.0442,-0.6837,-7.0413,-1.3623,5.1404,0.3641,0.2292,-0.4796
-2.1500,1.1372,7.2640,-0.1592,-0.0726,-0.7797,-7.2377,-1.8818,4.5490,0.2928,0.0112,-0.5890
-2.4349,0.9744,8.1235,-0.1054,0.0786,-0.7376,-7.7309,-2.1284,4.5274,0.4596,0.6895,-0.5165
-2.5690,0.8356,8.2025,0.1600,-0.1383,-0.6811,-7.5920,-2.3320,4.8052,0.5419,0.0781,-0.4674
-2.4181,0.8739,7.7931,0.2125,-0.2237,-0.5291,-7.4795,-2.1093,4.3910,0.4088,-0.4659,-0.3244
-2.0351,0.9984,7.5178,-0.1108,0.2817,-0.5576,-7.7405,-2.2889,4.8818,0.2751,0.5313,-0.1915
-2.0470,0.9697,8.3749,0.1295,0.1371,-0.4259,-7.1754,-2.0830,5.1427,0.3968,0.0890,-0.0939
-2.9616,0.8835,7.7189,-0.0532,0.3672,-0.3880,-7.9248,-2.1189,4.1420,0.2094,0.6576,-0.0781
-3.2106,0.9409,8.1092,-0.0165,0.6065,-0.3042,-7.9871,-1.8244,3.8858,0.1919,0.7670,0.0546
-2.9353,0.6680,7.2472,0.0675,0.1823,-0.1829,-7.6710,-1.9465,3.6272,0.1486,-0.0702,0.0537
-3.3375,0.5866,6.6655,-0.1164,0.3203,-0.0298,-7.7213,-1.6927,2.7964,-0.0634,0.2154,0.1182
-4.7405,0.6249,7.0557,-0.2888,0.2717,0.1077,-9.4188,-1.9034,2.3272,-0.2510,0.6807,0.1150
-3.4500,0.2801,7.5322,-0.2245,0.3068,0.3833,-7.4603,-2.0782,3.0239,-0.4157,0.0129,0.3223
-3.1005,0.3328,6.7971,-0.2028,-0.3032,0.4341,-7.4148,-2.0303,2.9521,-0.4277,-0.6396,0.1452
-2.6456,0.3496,7.7955,-0.5263,-0.2354,0.5175,-7.4555,-2.5474,3.9648,-0.7031,-0.1803,0.1088
-2.8108,0.1149,7.9727,-0.4419,-0.0934,0.5661,-7.7213,-2.8802,3.3351,-0.6315,0.0193,0.2034
-2.0901,-0.0934,7.7596,-0.1807,-0.1388,0.6174,-7.0677,-3.0311,4.0175,-0.5183,-0.4201,0.3144
-0.8475,0.1796,7.5298,-0.2180,-0.3107,0.6734,-5.9017,-2.9856,5.1020,-0.5276,-0.7329,0.3396
-1.4557,0.9050,7.7548,-0.3228,-0.1455,0.5813,-6.6894,-2.0303,4.1420,-0.5231,0.0645,0.2793
-1.2953,1.2306,7.0940,-0.3788,-0.2733,0.5049,-5.7365,-1.6640,4.5753,-0.5036,-0.1504,0.1175
-1.3623,1.5203,7.7213,-0.2414,-0.2491,0.4751,-6.6104,-1.7885,5.2098,-0.4642,-0.3271,0.1387
-0.9744,1.5730,8.2983,-0.1458,-0.2346,0.3059,-6.4811,-1.9082,6.0908,-0.2622,-0.1761,0.0757
-0.8404,1.5730,7.6207,-0.0257,-0.0954,0.2515,-5.9735,-1.6520,5.5737,-0.1757,-0.2057,0.1127
-0.8882,1.4629,7.6136,0.1383,-0.0582,0.2577,-6.2800,-1.7262,5.0901,-0.0652,-0.0626,0.2089
-1.2019,1.3216,7.0892,-0.1780,0.1100,0.1132,-6.5050,-1.6352,4.2377,-0.2326,0.2320,0.2402
-1.9034,0.8619,7.5178,-0.3576,0.5677,0.0325,-7.2808,-2.2194,4.3551,-0.2809,0.9000,0.0490
-2.3679,0.6776,8.5042,-0.3445,0.2253,0.1049,-7.8578,-2.5762,4.1970,-0.3126,0.3063,0.0638
-2.6408,0.2514,7.6303,-0.3472,0.6239,0.1857,-7.8530,-2.9664,4.0510,-0.3681,0.5793,0.2598
-2.5881,0.2586,8.3390,-0.1672,0.0478,0.0834,-8.3917,-2.9113,3.9935,-0.2209,0.0674,0.0538
-2.7749,0.3089,6.3015,0.0408,0.0949,0.3140,-7.2281,-2.1955,2.7174,-0.1965,-0.2928,0.3163
-2.2434,0.6895,7.2472,-0.1841,1.5172,0.1231,-7.1922,-3.0191,5.6144,-0.2470,2.6065,0.3661
-2.7102,0.6704,8.2241,-0.3026,0.2844,0.0292,-9.5960,-2.6791,3.3399,-0.5693,-1.2524,0.1140
-4.1994,0.3089,8.0589,0.0750,0.2579,0.0687,-8.6167,-2.4277,2.9018,0.1784,1.4913,0.2611
-3.2154,-0.1700,7.0246,0.0646,0.3966,0.1679,-7.7740,-2.2601,2.6312,-0.3805,-0.5905,0.3015
-3.7397,0.1125,7.4699,-0.2964,0.2274,0.1163,-7.9511,-2.0446,2.0423,-0.2789,0.6290,0.0049
-4.1731,0.2298,7.8410,-0.2670,0.1236,0.1218,-9.3111,-2.8539,3.1220,-0.2061,0.3199,0.0458
-4.0917,0.2682,7.3095,-0.2172,-0.0440,0.1432,-8.5808,-2.2865,1.6735,-0.2369,0.0254,0.0304
-3.3471,-0.0886,7.6231,-0.1793,-0.1700,0.1440,-7.5776,-2.6049,3.1364,-0.3281,-0.3661,-0.0925
-3.2920,0.0718,7.1898,-0.2381,-0.0970,0.1883,-7.9607,-2.6288,2.7653,-0.2987,-0.1915,-0.0019
-3.6176,-0.0599,8.4156,-0.2024,-0.1503,0.0484,-8.6072,-2.8683,3.1173,-0.1675,0.2555,-0.1320
-2.8898,-0.0646,6.5745,-0.2498,-0.4744,0.0274,-7.1467,-2.5546,2.5139,-0.2030,-0.7402,-0.2671
-2.6169,-0.1748,7.0270,-0.5420,-0.0378,-0.2070,-7.3765,-2.7892,2.8946,-0.2928,0.2896,-0.4611
-2.8204,-0.2179,8.0924,-0.6266,0.0137,-0.1480,-8.4635,-3.3423,3.5674,-0.4790,0.3444,-0.3737
-2.4948,0.3855,8.3222,-0.2411,-0.2919,-0.0890,-9.0309,-3.3088,2.6480,-0.2578,-0.0270,-0.2373
-3.5219,-0.6728,7.9751,-0.3884,0.0079,-0.2202,-8.3797,-3.5889,2.7892,-0.1051,0.4041,-0.2439
-3.3064,-0.9170,7.4771,0.0420,-0.2797,0.0839,-8.0445,-3.4716,1.8100,-0.0029,-0.6463,-0.0352
-3.0023,-0.9505,7.0366,0.0830,-0.5267,0.2924,-7.4531,-3.3734,1.9273,-0.1747,-0.5947,-0.0250
-3.3088,-0.9984,7.3119,-0.1251,-0.5101,0.2376,-9.1459,-3.7565,2.1093,-0.2934,-0.1344,-0.1912
-2.5355,-0.6536,8.2289,0.1847,-0.0983,0.2182,-8.2361,-3.9528,3.3423,0.0253,-0.1399,0.1985
-2.5522,-0.3783,7.1275,0.1332,-0.2895,0.3435,-7.1108,-3.1891,2.3487,-0.1302,-0.7124,0.0871
-2.1213,-0.2466,8.2528,-0.1062,-0.1352,0.2381,-7.4388,-3.3112,3.1125,-0.1577,-0.1907,0.0156
-1.7549,-0.3831,7.5058,-0.1635,-0.2249,0.2229,-7.6088,-3.5626,3.3351,-0.1332,-0.1937,0.0557
-2.9185,-0.6297,8.3629,-0.0774,-0.0374,0.1057,-8.1762,-3.7613,3.5075,0.0494,-0.0083,0.0412
-2.4852,-0.4262,8.0349,0.0297,-0.2274,0.2392,-7.9248,-3.7110,3.9169,-0.1442,-0.4295,0.0805
-1.8914,-0.2251,7.4148,0.0967,-0.0986,0.1123,-6.6702,-3.1819,3.4524,0.0140,-0.1263,0.0641
-1.8818,-0.1556,7.8769,-0.0204,0.0654,-0.0029,-6.9767,-3.2322,3.5386,-0.0544,-0.0233,0.0189
-2.1691,-0.3160,8.2456,-0.1254,0.0414,-0.0489,-7.6064,-3.5027,3.7038,-0.0821,0.1049,-0.0356
-2.0399,-0.1532,7.9511,-0.0633,-0.0666,-0.0377,-7.2999,-3.3854,3.7134,-0.0197,-0.1130,-0.0196
-2.3703,-0.1149,7.7285,0.0167,0.0234,-0.0292,-7.5202,-3.3471,3.2848,0.0135,0.0839,-0.0109
-2.2051,0.1221,7.5417,-0.0561,-0.0160,-0.0145,-7.3310,-3.2561,3.5171,-0.0412,0.0421,0.0242
-2.0016,-0.1173,8.0038,-0.0955,0.0181,-0.0280,-7.5106,-3.4931,3.7182,-0.0799,0.1180,-0.0191
-2.1859,-0.0575,7.9727,-0.0649,-0.0521,-0.0123,-7.6830,-3.4764,3.6033,-0.0566,0.0320,-0.0285
-1.9178,-0.0694,8.0613,-0.1095,-0.0418,-0.0537,-7.0270,-3.3064,3.7302,-0.0572,-0.1055,-0.0596
-1.5874,-0.3496,8.1499,-0.1419,-0.0842,-0.0238,-7.1874,-3.5769,3.8834,-0.1374,-0.0043,-0.0488
-2.0470,-0.1604,7.8506,-0.0578,-0.0529,0.0245,-7.1611,-3.5793,3.6488,-0.0286,-0.0718,-0.0019
-1.9058,-0.0934,7.5441,-0.1011,-0.0025,0.0362,-7.1204,-3.4381,3.6895,-0.1023,-0.0557,-0.0177
-1.9393,-0.1077,7.7237,-0.0817,-0.0588,-0.0246,-7.1563,-3.3232,3.5650,-0.0691,-0.0222,-0.0296
-1.8962,-0.1341,7.8650,-0.1399,0.0277,-0.0184,-7.2425,-3.4477,3.5314,-0.0975,0.1087,-0.0365
-2.1045,-0.1484,7.8458,-0.0785,-0.0344,-0.0207,-7.6351,-3.6536,3.6152,-0.0985,-0.0013,-0.0127
-1.9848,-0.0503,7.8650,-0.0818,-0.0432,-0.0079,-7.3406,-3.5171,3.8427,-0.0590,-0.0817,0.0025
-1.8292,-0.1413,7.9128,-0.1307,-0.0149,-0.0237,-7.1802,-3.5075,3.7996,-0.0861,-0.0317,-0.0477
-2.1476,-0.1556,8.1092,-0.0245,-0.0277,0.0025,-7.5800,-3.5482,3.7086,-0.0273,-0.0101,0.0156
-1.9944,-0.0838,8.0134,0.0099,-0.0258,0.0191,-7.8410,-3.4812,3.1173,0.0306,-0.0476,0.0905
-2.0542,-0.0072,7.7476,-0.0580,-0.0117,0.0177,-7.3287,-3.4309,3.6320,-0.0446,-0.0514,0.0068
-1.8794,-0.0694,8.0445,-0.0129,-0.0761,0.0096,-7.4603,-3.5937,3.7589,-0.0365,-0.1246,0.0434
-1.8962,-0.0599,7.9368,-0.0264,-0.0250,-0.0161,-7.2544,-3.5003,4.0486,0.0450,-0.0408,0.1620
-1.9776,-0.0239,7.7812,-0.0588,0.0111,0.0298,-7.1778,-3.3686,3.6679,0.0092,-0.0330,0.0733
-1.9920,-0.0527,7.9751,-0.0285,0.0232,0.0084,-7.5776,-3.4907,3.9241,-0.0300,-0.0193,0.0099
-2.4205,0.0551,7.8386,-0.1391,0.1340,-0.0436,-7.0246,-3.1627,3.7110,-0.0342,0.1495,-0.0629
-1.7382,0.0120,8.2648,-0.0735,-0.1500,0.0068,-7.4819,-3.4237,4.0247,-0.1119,-0.1391,-0.0961
-1.9632,-0.0311,7.9009,0.0167,-0.1150,-0.0175,-8.0134,-3.8618,4.6017,0.0397,0.1359,0.0606
-2.0638,0.1077,7.8386,0.1363,-0.1434,0.0518,-7.3191,-3.2106,3.6631,0.1014,-0.1815,0.1010
-1.4892,0.4190,7.3119,-0.0292,-0.1284,0.0927,-6.8761,-2.9928,4.0821,-0.0657,-0.2129,0.0747
-1.8962,0.0575,8.2839,-0.2260,0.0161,-0.0402,-7.6303,-3.4644,4.0845,-0.1595,0.1773,-0.1134
-1.7023,0.0120,7.9104,-0.1346,-0.0629,0.0004,-7.1467,-3.4333,4.0031,-0.0905,-0.0232,-0.0456
-1.9273,0.2011,7.9296,0.0020,0.0025,0.0056,-7.3670,-3.3615,3.9073,-0.0156,0.0356,0.0025
-1.7789,0.2346,7.8338,-0.0248,-0.0440,0.0160,-7.1635,-3.2920,4.0462,-0.0278,-0.0477,0.0164
-1.8579,0.1101,8.0086,-0.0258,-0.0357,-0.0031,-7.3741,-3.4453,4.0917,-0.0133,-0.0718,0.0445
-1.9010,0.1101,7.8889,-0.0089,-0.0819,0.0169,-7.0701,-3.3591,4.1300,0.0216,-0.1069,0.0345
-1.8531,0.2610,7.8554,-0.0225,-0.0529,0.0017,-7.2856,-3.3279,4.1444,0.0330,-0.0053,0.0052
-1.7861,0.3328,7.6734,-0.0290,-0.2153,-0.0328,-6.9360,-3.0957,3.9409,0.0600,-0.2734,-0.0248
-1.6161,0.3687,8.5736,-0.1224,-0.1142,0.0622,-6.6583,-3.1244,4.4915,-0.0855,-0.1239,-0.0105
-1.4030,0.1484,7.3981,-0.1616,0.0020,-0.0266,-7.1563,-3.4548,4.4604,-0.1264,0.1120,-0.0389
-1.6831,0.0287,8.4779,-0.1242,0.0504,-0.0542,-6.5793,-3.2058,4.2377,-0.0985,-0.0055,-0.0950
-1.8507,0.3472,7.5633,0.0261,-0.0604,-0.0472,-7.9464,-3.5267,4.1396,-0.0257,0.1294,-0.0207
-1.6352,0.2083,7.8626,-0.0424,-0.0694,-0.0124,-6.9552,-3.3112,4.1851,-0.0007,-0.0895,-0.0370
-1.4293,0.3519,7.4364,-0.0310,-0.0730,0.0115,-6.5625,-3.1125,3.8618,-0.0246,-0.1984,-0.0085
-1.5371,0.3639,7.9200,-0.1259,0.0028,0.0007,-7.0677,-3.2298,4.1420,-0.0778,0.0867,-0.0424
-1.3934,0.2801,7.8314,-0.0957,-0.0073,0.0148,-6.7516,-3.3351,4.2593,-0.0946,0.0356,-0.0432
-1.6209,0.2801,7.7859,-0.0476,0.0100,0.0248,-6.7109,-3.2250,3.9361,-0.0340,-0.0308,0.0197
-1.6520,0.1915,8.0206,-0.0183,0.0204,0.0177,-7.1156,-3.4117,4.2449,-0.0325,0.0280,-0.0029
-1.5323,0.3376,7.9104,-0.0638,0.0068,0.0257,-6.7373,-3.3016,4.3144,-0.0658,-0.0528,0.0171
-1.5826,0.2035,8.0972,-0.0829,-0.0065,-0.0199,-7.0342,-3.4979,4.4053,-0.0654,0.0120,-0.0297
-1.4365,0.3903,7.7716,-0.0935,-0.0585,-0.0033,-6.9528,-3.3447,4.1779,-0.0783,-0.0005,-0.0147
-1.5251,0.3017,7.9918,-0.0644,-0.0103,-0.0107,-6.8354,-3.3040,4.1492,-0.0654,0.0366,-0.0091
-1.5897,0.2969,7.7524,-0.0566,-0.0153,-0.0116,-6.8378,-3.4046,4.1875,-0.0485,-0.0016,-0.0226
-1.6400,0.3472,7.9176,-0.0593,0.0165,-0.0153,-7.0198,-3.3830,4.1061,-0.0592,0.0413,-0.0207
-1.4844,0.3017,7.9775,-0.0589,-0.0168,-0.0228,-6.9671,-3.3495,4.1324,-0.0494,-0.0177,-0.0144
-1.4724,0.2993,7.9703,-0.0477,-0.0199,0.0187,-6.9983,-3.3782,4.1372,-0.0653,-0.0256,0.0021
-1.4940,0.3519,7.8721,-0.0616,0.0172,-0.0063,-6.8546,-3.2968,4.0438,-0.0665,0.0409,0.0143
-1.5730,0.3496,7.9368,-0.0654,-0.0306,-0.0083,-7.0773,-3.3974,4.1994,-0.0630,-0.0007,0.0207
-1.5586,0.3950,8.1762,-0.0292,-0.0232,-0.0237,-6.8905,-3.3399,4.1563,-0.1412,-0.0568,0.0167
-1.5275,0.2682,8.0996,-0.1050,0.0229,-0.0075,-7.0629,-3.4309,4.3407,-0.0468,0.0332,-0.0113
-1.5203,0.2801,7.9176,-0.0825,-0.0361,-0.0176,-6.8905,-3.3279,4.1922,-0.0706,-0.0634,-0.0111
-1.4988,0.2921,7.9775,-0.0625,-0.0183,-0.0017,-6.8307,-3.3591,4.2545,-0.0582,-0.0045,-0.0137
-1.2953,0.3807,8.1642,-0.0630,-0.0430,-0.0208,-6.9743,-3.4644,4.5681,-0.0262,-0.0180,0.0425
-1.4389,0.3519,8.1139,-0.0609,-0.0301,-0.0123,-6.9719,-3.4117,4.4317,-0.0177,-0.0097,0.0205
-1.5227,0.3519,8.1427,-0.0718,-0.0268,-0.0262,-7.0150,-3.3926,4.6232,-0.0320,0.0318,0.0101
-1.5778,0.3448,8.0780,-0.0691,0.0156,-0.0230,-7.0509,-3.3160,4.1922,-0.0337,0.0608,0.0260
-1.6735,0.3926,8.0852,-0.0681,-0.0036,-0.0112,-7.1156,-3.3902,4.3191,-0.0425,-0.0153,0.0189
-1.5323,0.3807,7.9296,-0.0854,-0.0276,-0.0144,-7.0198,-3.4285,4.3024,-0.0605,-0.0197,0.0036
-1.7023,0.4046,8.0589,-0.0610,0.0072,-0.0257,-7.0773,-3.3686,4.3574,-0.0349,0.0790,0.0081
-1.6376,0.3926,8.0062,-0.0649,-0.0201,-0.0085,-6.8977,-3.3495,4.2521,-0.0425,-0.0376,0.0207
-1.5802,0.3232,8.0278,-0.0569,-0.0232,-0.0160,-6.9360,-3.3255,4.2665,-0.0310,0.0305,0.0051
-1.5371,0.3711,7.8219,-0.0609,-0.0220,-0.0023,-6.6822,-3.1987,4.2306,-0.0096,-0.0398,0.0462
-1.7262,0.3639,7.9152,-0.0572,0.0049,-0.0039,-6.9887,-3.2801,4.1013,-0.0264,0.0293,0.0013
-1.5730,0.3519,7.8458,-0.0798,-0.0033,-0.0053,-6.9576,-3.3160,4.1300,-0.0679,0.0057,0.0040
-1.6137,0.3687,7.9368,-0.0721,-0.0112,-0.0059,-6.9216,-3.2034,4.0055,-0.0625,-0.0115,-0.0013
-1.5419,0.3879,7.8937,-0.0866,0.0071,-0.0083,-6.9791,-3.3255,4.2042,-0.0685,0.0293,-0.0008
-1.6424,0.4070,8.0278,-0.0697,-0.0095,-0.0240,-7.0701,-3.3255,4.4269,-0.0264,0.0172,0.0136
-1.6951,0.4238,8.1139,-0.0588,-0.0096,-0.0120,-6.9504,-3.2346,4.1683,-0.0119,-0.0444,0.0246
-1.6113,0.4022,7.8626,-0.0710,-0.0139,-0.0099,-6.8738,-3.2058,4.0630,-0.0370,-0.0172,-0.0257
-1.6975,0.4573,7.9248,-0.0669,0.0015,-0.0081,-6.9623,-3.2154,4.0223,-0.0382,0.0272,0.0113
-1.5874,0.3280,8.0038,-0.0654,-0.0140,-0.0152,-6.9743,-3.3136,4.3981,-0.0532,0.0316,-0.0139
-1.5850,0.3424,8.0876,-0.0693,-0.0707,-0.0420,-6.9815,-3.3423,4.4412,-0.0047,-0.0312,-0.0301
-1.4605,0.4860,7.9942,0.0032,-0.1188,0.0053,-6.8785,-3.2657,4.2689,0.0007,-0.1811,-0.0067
-1.2522,0.5650,7.6806,-0.1443,-0.0013,-0.0364,-6.6559,-3.1220,4.2760,-0.0739,0.0216,-0.0362
-1.4844,0.3256,8.1163,-0.0893,-0.0035,-0.0144,-7.1587,-3.5147,4.3144,-0.0561,0.0398,0.0083
-1.4222,0.3998,7.9440,-0.1007,-0.0075,-0.0025,-6.7852,-3.2250,4.4029,-0.0650,0.0325,-0.0027
-1.3910,0.3687,7.8961,-0.0879,-0.0288,-0.0043,-6.7852,-3.1723,4.4077,-0.0721,-0.0493,-0.0136
-1.5586,0.3831,7.9320,-0.0855,0.0159,-0.0200,-6.9576,-3.3543,4.4053,-0.0238,0.1152,0.0254
-1.4246,0.4070,8.0158,-0.1005,0.0410,-0.0168,-6.8570,-3.2848,4.2497,-0.0636,0.0711,-0.0091
-1.4293,0.2921,7.9966,-0.0648,-0.0344,-0.0117,-6.8378,-3.3016,4.3886,-0.0372,-0.0482,-0.0100
-1.6328,0.4046,8.1044,-0.0763,-0.0464,-0.0039,-7.1060,-3.2848,4.2665,-0.0368,-0.0366,0.0025
-1.4006,0.3591,7.8817,-0.0701,-0.0458,-0.0096,-6.8259,-3.3686,4.3072,-0.0328,-0.0390,-0.0113
-1.4892,0.3807,8.0972,-0.0879,0.0015,-0.0204,-6.8594,-3.2226,4.2976,-0.0460,-0.0228,-0.0095
-1.4078,0.3400,7.9727,-0.0779,-0.0350,-0.0179,-6.7133,-3.3208,4.3910,-0.0428,-0.0448,-0.0032
-1.3599,0.3256,8.0421,-0.0548,-0.0481,-0.0261,-6.9599,-3.3686,4.4556,-0.0092,-0.0013,-0.0021
-1.5131,0.3735,7.9775,-0.1005,0.0449,-0.0241,-6.9528,-3.2561,4.2713,-0.0458,0.1803,0.0209
-1.5802,0.3543,7.9535,-0.0977,0.0037,-0.0075,-6.9695,-3.4213,4.3742,-0.0477,0.0209,0.0007
-1.5562,0.3328,7.9464,-0.0899,0.0053,-0.0157,-7.0342,-3.2825,4.3120,-0.0434,-0.0039,0.0055
-1.6472,0.3615,7.9080,-0.0705,0.0052,-0.0020,-7.1994,-3.4069,4.3886,-0.0217,-0.0043,0.0440
-1.5945,0.3041,8.0565,-0.0192,-0.0328,0.0246,-7.0342,-3.3016,4.3215,-0.0248,0.0027,0.0127
-1.5060,0.3448,7.9727,-0.0385,0.0025,0.0055,-6.9240,-3.3495,4.3048,-0.0156,0.0544,0.0276
-1.6376,0.3926,7.8793,-0.0882,-0.0609,-0.0151,-7.0054,-3.2609,4.2856,-0.0426,-0.0039,-0.0268
-1.6281,0.3950,8.0852,-0.0905,0.0430,-0.0306,-7.1587,-3.3878,4.3958,-0.0402,0.1455,-0.0195
-1.2426,0.3974,8.0780,-0.0199,-0.0837,-0.0104,-6.5050,-3.1268,4.4819,-0.0193,-0.2609,0.0099
-1.5036,0.4381,7.8554,-0.0632,-0.0366,0.0024,-7.0725,-3.2441,4.4556,-0.0509,0.0605,0.0051
-1.4054,0.4190,7.9751,-0.0983,-0.0097,-0.0304,-6.8402,-3.3088,4.5346,-0.0298,0.1030,-0.0284
-1.3719,0.3831,7.8793,-0.0597,-0.0621,-0.0117,-6.8259,-3.2801,4.3790,-0.0374,-0.1559,0.0039
-1.2857,0.2873,7.9631,-0.0947,-0.0380,-0.0278,-6.9264,-3.4022,4.5633,-0.0380,-0.0278,-0.0092
-1.3144,0.4262,7.8697,-0.0806,-0.0470,-0.0121,-6.8618,-3.3064,4.4293,-0.0590,-0.0003,-0.0296
-1.4772,0.4860,7.9559,-0.0438,-0.0398,-0.0056,-7.0006,-3.3423,4.4748,-0.0370,-0.0187,-0.0044
-1.5562,0.3519,8.0613,-0.0723,-0.0246,-0.0180,-7.0078,-3.2968,4.4508,-0.0007,0.0957,0.0096
-1.5012,0.4956,7.8985,-0.0774,0.0087,-0.0334,-6.9168,-3.2346,4.3981,-0.0489,-0.0200,-0.0157
-1.5658,0.3807,8.1762,-0.1118,0.0147,-0.0187,-6.9312,-3.2777,4.4029,-0.0898,-0.0440,-0.0079
-1.3886,0.4884,7.9057,-0.0486,-0.0421,0.0064,-6.6774,-3.1484,4.4843,-0.0314,-0.1447,0.0203
-1.5969,0.4788,8.1187,-0.1010,0.0104,-0.0221,-6.9528,-3.2202,4.2641,-0.0420,0.1637,-0.0181
-1.3671,0.4429,8.0565,-0.0878,-0.0051,-0.0136,-6.8498,-3.3734,4.4580,-0.0753,-0.0270,-0.0055
-1.4317,0.4525,7.8650,-0.0747,-0.0537,-0.0003,-6.6511,-3.2250,4.4628,-0.0632,-0.2447,0.0048
-1.3671,0.4357,7.8243,-0.0855,-0.0245,-0.0091,-6.6822,-3.2848,4.4317,-0.0541,-0.0574,-0.0084
-1.7478,0.4238,7.9871,-0.0425,-0.0124,-0.0053,-6.8785,-3.2202,4.2760,-0.0159,0.1102,-0.0109
-1.5275,0.4238,8.1355,-0.0899,0.0302,-0.0077,-6.8307,-3.1987,4.4843,-0.0211,0.1701,0.0035
-1.5036,0.4286,8.0302,-0.0814,-0.0229,0.0003,-6.7756,-3.2513,4.3790,-0.0513,-0.1430,0.0120
-1.3886,0.4429,7.8602,-0.0870,-0.0016,0.0068,-6.6846,-3.2034,4.4101,-0.0779,-0.0201,0.0015
-1.5275,0.5171,7.8745,-0.0675,-0.0506,-0.0032,-6.9911,-3.1675,4.4245,-0.0418,-0.1228,0.0207
-1.6400,0.4022,7.9775,-0.0819,0.0175,-0.0087,-6.9671,-3.3112,4.3191,-0.0161,0.1939,-0.0107
-1.4581,0.4070,7.9751,-0.0589,0.0125,-0.0083,-6.7397,-3.2681,4.4125,-0.0528,0.0557,-0.0011
-1.6400,0.4214,7.8889,-0.0726,0.0009,-0.0314,-7.1060,-3.3710,4.4700,-0.0604,-0.0312,0.0297
-1.5490,0.4525,7.9104,-0.0542,-0.0328,0.0092,-6.8402,-3.1651,4.2641,-0.0332,-0.0312,0.0137
-1.6568,0.4022,8.0421,-0.0743,0.0342,-0.0193,-6.9839,-3.2633,4.3431,-0.0269,0.1420,0.0137
-1.6520,0.4022,8.0924,-0.0730,-0.0173,-0.0245,-6.9121,-3.3351,4.4317,-0.0513,-0.0402,-0.0079
-1.4389,0.4190,7.8290,-0.1236,0.0348,-0.0288,-6.8139,-3.2202,4.3287,-0.0807,-0.0204,-0.0149
-1.7262,0.3783,7.9224,-0.0873,-0.0298,0.0028,-6.9456,-3.1508,4.3096,-0.0502,-0.0861,0.0036
-1.6999,0.4310,8.0278,-0.1096,0.0501,-0.0301,-7.0366,-3.2681,4.3838,-0.0715,0.0981,-0.0280
-1.4653,0.3184,7.8243,-0.0594,-0.0706,-0.0036,-6.7708,-3.2513,4.4149,-0.0446,-0.1081,-0.0045
-1.6712,0.3424,7.8338,-0.0389,-0.0229,-0.0057,-6.9264,-3.2370,4.3359,-0.0205,0.0316,0.0035
-1.5586,0.4501,7.9416,-0.0565,-0.0181,-0.0012,-6.8690,-3.2346,4.2114,-0.0340,0.0390,-0.0061
