3.0287,-2.0087,7.5657,-0.1468,0.0187,-0.2770,-2.1835,-5.9975,5.8586,0.0357,0.1539,-0.2350
3.2250,-1.9920,7.3861,-0.2053,0.0771,-0.2964,-1.9609,-5.9041,5.7916,-0.0234,0.2080,-0.2364
3.0742,-2.1380,7.5992,-0.2625,0.1873,-0.3468,-1.9920,-6.1459,5.8586,-0.0811,0.3504,-0.3011
3.0047,-2.2649,7.7213,-0.2397,0.1387,-0.3928,-1.9872,-6.3758,5.7652,-0.0360,0.2707,-0.3092
2.8611,-2.3272,7.7859,-0.1976,0.0867,-0.4013,-2.1117,-6.4404,5.7485,0.0413,0.3099,-0.3050
2.8635,-2.2769,7.7069,-0.1426,0.0109,-0.3928,-2.1093,-6.4835,5.7557,0.1063,0.1871,-0.2731
3.0047,-2.1452,7.5082,-0.1091,-0.0268,-0.3380,-2.0087,-6.2513,5.6910,0.1114,0.1616,-0.2352
2.8276,-2.1332,7.4986,-0.1037,0.0569,-0.3208,-2.1284,-6.2896,5.5545,0.0705,0.2332,-0.2233
2.7318,-2.1165,7.7237,-0.1438,0.0369,-0.2854,-2.2817,-6.2632,5.6024,0.0526,0.1651,-0.2081
2.8108,-2.0806,7.7069,-0.1511,0.0093,-0.2642,-2.1859,-6.2608,5.6407,0.0500,0.1235,-0.2069
3.0023,-2.0758,7.5729,-0.1474,-0.0044,-0.2746,-2.0614,-6.1124,5.7581,0.0501,0.1211,-0.2170
2.9951,-2.1644,7.6064,-0.1901,0.0353,-0.3151,-2.0231,-6.2608,5.7916,0.0277,0.1928,-0.2501
3.1029,-2.2218,7.4795,-0.1757,0.0069,-0.3533,-1.8627,-6.1052,5.7221,0.0486,0.1600,-0.2546
3.0095,-2.1356,7.5058,-0.1797,0.0560,-0.3733,-1.9465,-6.2153,5.7652,0.0320,0.2438,-0.2802
3.1029,-2.2075,7.5920,-0.1861,0.0556,-0.3762,-2.0231,-6.2800,5.7054,0.0388,0.2280,-0.2839
3.0574,-2.2673,7.6136,-0.1940,0.0261,-0.3718,-2.0111,-6.2489,5.7365,0.0426,0.2232,-0.2886
2.8946,-2.1931,7.5298,-0.1935,0.1059,-0.3611,-1.9848,-6.2896,5.4731,0.0057,0.2631,-0.2787
2.9113,-2.1859,7.6088,-0.1881,0.0774,-0.3409,-2.1955,-6.4212,5.6503,0.0155,0.2599,-0.2662
2.7797,-2.2027,7.6591,-0.1861,0.0550,-0.3114,-2.2458,-6.4931,5.5593,0.0143,0.2025,-0.2475
2.9521,-2.3774,7.4771,-0.1777,0.0135,-0.2603,-2.0039,-6.4236,5.5785,0.0189,0.1220,-0.2105
2.9113,-2.3750,7.6926,-0.1839,0.0757,-0.2445,-2.0877,-6.5936,5.5162,-0.0273,0.2134,-0.2125
2.3679,-2.3774,7.6567,-0.1784,0.1669,-0.2409,-2.3798,-6.8091,5.0949,-0.0718,0.2229,-0.1667
2.0423,-2.5067,7.7309,-0.1239,0.0690,-0.1713,-2.3846,-6.7924,5.0709,-0.0314,0.1147,-0.1077
2.5714,-2.6815,7.7452,-0.0842,-0.1523,-0.1058,-2.0758,-6.9145,5.3510,0.0476,-0.0947,-0.0364
2.7102,-2.7725,7.7620,-0.0109,-0.0786,-0.0552,-2.1165,-6.9145,5.3774,0.0023,-0.0059,-0.0012
2.4804,-2.5163,7.7333,-0.0012,0.0466,0.0161,-2.4277,-6.8211,5.0996,-0.0524,0.0159,0.0798
2.4684,-2.3367,7.6088,-0.0008,-0.0773,0.1010,-2.3176,-6.5553,5.2122,-0.0645,-0.1210,0.1211
2.7390,-2.2673,7.6638,0.0425,-0.1120,0.1608,-2.1979,-6.4787,5.4899,-0.0393,-0.1595,0.1625
3.0670,-2.3080,7.8147,0.0096,-0.1411,0.1777,-2.0518,-6.3877,5.8826,-0.0677,-0.1872,0.1683
3.2010,-2.1859,7.6423,0.0237,-0.0618,0.1565,-1.8986,-6.2656,5.7964,-0.0629,-0.1455,0.1833
2.9113,-2.1045,7.4029,0.0152,-0.0658,0.1636,-2.0016,-6.2393,5.5809,-0.0649,-0.1118,0.1637
2.9664,-2.0830,7.4986,0.0473,-0.0782,0.2280,-2.0806,-6.2537,5.7197,-0.0890,-0.1739,0.2186
2.8491,-2.1237,7.5226,0.0378,-0.0392,0.2487,-2.2027,-6.3805,5.6360,-0.1151,-0.1330,0.2250
2.7677,-2.0494,7.6567,0.0093,-0.0140,0.2811,-2.1739,-6.3901,5.6096,-0.1528,-0.1588,0.2522
2.8228,-2.1308,7.6231,-0.0083,-0.0472,0.3179,-2.2027,-6.3159,5.4875,-0.1771,-0.2088,0.2627
2.9856,-2.2553,7.6567,0.0036,-0.0281,0.3415,-2.0853,-6.3662,5.7748,-0.1965,-0.1931,0.2846
3.0406,-2.2649,7.6351,0.0073,-0.0133,0.3194,-2.0494,-6.3446,5.7197,-0.1919,-0.1741,0.2834
2.8730,-2.4229,7.7692,0.0224,-0.0225,0.3020,-2.0279,-6.5625,5.7150,-0.1596,-0.1637,0.2606
2.8754,-2.4277,7.7812,0.0480,-0.1188,0.2876,-2.0423,-6.5266,5.6719,-0.0738,-0.2388,0.2610
2.8850,-2.2841,7.5154,0.0810,-0.1376,0.2895,-1.9680,-6.3087,5.5737,-0.0349,-0.2427,0.2787
2.8730,-2.1787,7.6806,0.0699,-0.1415,0.2681,-2.2984,-6.3398,5.5737,-0.0305,-0.1997,0.2336
2.8874,-2.0039,7.7141,0.1006,-0.1815,0.2847,-2.3367,-6.1483,5.6767,-0.0013,-0.2855,0.2731
3.0694,-1.8723,7.5154,0.1006,-0.1848,0.3003,-2.1931,-6.0765,5.7772,-0.0240,-0.2854,0.2899
3.0909,-1.8579,7.6016,0.0713,-0.1344,0.3178,-2.2146,-5.9592,5.6599,-0.0863,-0.2543,0.2910
3.1627,-1.8962,7.7093,0.0470,-0.0769,0.3383,-2.1500,-6.0478,5.6479,-0.1368,-0.2513,0.3111
3.0765,-1.9201,7.5705,0.0416,-0.0943,0.3417,-2.1428,-6.0358,5.7868,-0.1343,-0.2479,0.3024
3.0981,-1.9872,7.5537,0.0394,-0.1081,0.3489,-2.1045,-6.1531,5.7868,-0.1299,-0.2566,0.2926
3.0789,-2.1332,7.4675,0.0119,-0.0827,0.3456,-1.9417,-6.1579,5.7389,-0.1533,-0.2214,0.2658
3.0598,-2.1883,7.7141,0.0312,-0.0914,0.3427,-2.1308,-6.3470,5.8873,-0.1200,-0.2422,0.2825
3.1220,-2.1021,7.5106,0.0356,-0.1271,0.3371,-2.0518,-6.1699,5.8131,-0.1132,-0.2475,0.2573
3.0789,-1.9704,7.5417,0.0360,-0.1039,0.3364,-2.0925,-6.0980,5.7485,-0.1163,-0.2485,0.2629
3.2489,-2.0039,7.5226,0.0119,-0.1035,0.3365,-2.0255,-5.9879,5.8538,-0.1390,-0.2426,0.2619
3.2465,-2.0159,7.6495,0.0197,-0.0646,0.3284,-2.1332,-6.0334,5.8945,-0.1557,-0.2113,0.2549
3.1771,-1.9632,7.6160,0.0266,-0.0731,0.3308,-2.0470,-6.1004,5.7916,-0.1494,-0.2269,0.2698
3.1436,-2.0686,7.5657,0.0045,-0.0878,0.3367,-1.9752,-6.1196,5.7245,-0.1629,-0.2559,0.2669
3.1532,-2.0399,7.5489,0.0188,-0.1100,0.3376,-1.9944,-6.1555,5.9256,-0.1391,-0.2426,0.2510
2.9568,-1.9968,7.5369,0.0478,-0.1308,0.3275,-2.1428,-6.1124,5.7772,-0.0838,-0.2567,0.2546
3.2633,-1.9465,7.5920,0.0301,-0.1575,0.3443,-1.9010,-5.9520,5.9352,-0.0993,-0.2988,0.2698
3.4357,-1.9896,7.4915,0.0408,-0.1195,0.3136,-1.8124,-6.0214,6.1675,-0.0891,-0.2537,0.2727
3.2394,-1.9872,7.4292,0.0262,-0.0853,0.2939,-1.8914,-5.9424,5.9735,-0.0994,-0.2072,0.2372
3.2753,-1.8052,7.6112,0.0168,-0.0705,0.2810,-1.9992,-5.8802,6.0142,-0.0839,-0.1888,0.2169
3.4093,-1.7238,7.6160,-0.0157,-0.1065,0.2526,-2.0542,-5.8179,6.1746,-0.1002,-0.2134,0.1789
3.4429,-1.8387,7.4819,-0.0417,-0.1047,0.2060,-1.9585,-5.8012,5.9496,-0.0870,-0.2049,0.1553
3.5458,-1.9201,7.4508,-0.0713,-0.0885,0.1675,-1.8387,-5.8107,6.1866,-0.0986,-0.1695,0.1130
3.6631,-1.8866,7.5250,-0.0378,-0.1252,0.1334,-1.6544,-5.7557,6.3590,-0.0544,-0.1673,0.0786
3.9600,-1.7861,7.3717,-0.0364,-0.1252,0.0650,-1.4796,-5.4540,6.6295,-0.0161,-0.1451,0.0448
4.2377,-1.5993,7.3454,-0.0715,-0.0272,-0.0204,-1.5251,-5.2505,6.5721,-0.0318,0.0048,-0.0344
4.0510,-1.4389,7.3382,-0.1083,0.0682,-0.1255,-1.7645,-5.3558,6.3638,-0.0392,0.1560,-0.1219
3.4309,-1.6735,7.4771,-0.2126,0.1645,-0.1833,-1.8411,-5.6910,6.0932,-0.1108,0.2477,-0.1789
3.2441,-1.9489,7.4867,-0.1952,0.1055,-0.2176,-2.0806,-5.9664,5.8945,-0.0360,0.1812,-0.1773
3.1723,-2.0638,7.5178,-0.1789,0.0296,-0.2233,-1.9154,-6.0885,5.9017,0.0061,0.1315,-0.2006
3.1005,-2.1165,7.5346,-0.1820,0.0541,-0.2352,-1.9345,-6.0837,5.8275,0.0027,0.1535,-0.2165
3.2561,-2.0470,7.6638,-0.1609,-0.0324,-0.2346,-1.9896,-6.1172,6.0430,0.0481,0.0975,-0.2048
3.3375,-1.9393,7.5058,-0.1612,-0.0081,-0.2555,-1.8459,-5.9280,5.9233,0.0292,0.1191,-0.2238
3.3926,-2.0351,7.3789,-0.1978,0.0558,-0.2787,-1.8076,-5.9424,5.8826,-0.0011,0.1907,-0.2368
3.3662,-2.1308,7.6830,-0.1943,0.0758,-0.2966,-1.9010,-6.0741,5.9951,-0.0019,0.2186,-0.2463
3.2992,-2.2003,7.5968,-0.1753,0.0384,-0.3079,-1.8507,-6.0789,5.8562,0.0329,0.1823,-0.2466
3.3686,-2.0662,7.5058,-0.1739,0.0418,-0.3090,-1.8196,-6.0501,5.9783,0.0370,0.1986,-0.2515
3.4165,-1.9130,7.5178,-0.1840,0.0542,-0.3289,-1.7765,-5.9879,6.0166,0.0284,0.2176,-0.2659
3.4357,-2.0662,7.4747,-0.1940,0.0545,-0.3421,-1.8387,-5.9735,6.0454,0.0215,0.2194,-0.2778
3.4907,-2.0853,7.4340,-0.2080,0.0762,-0.3635,-1.7765,-5.9927,6.0645,0.0197,0.2419,-0.2919
3.4093,-2.0997,7.4388,-0.2130,0.0910,-0.3769,-1.7502,-5.9807,6.0406,0.0264,0.2574,-0.3096
3.3950,-2.1308,7.5202,-0.2133,0.0833,-0.3912,-1.8124,-6.0765,6.0741,0.0362,0.2633,-0.3144
3.2968,-2.1859,7.4915,-0.2066,0.0994,-0.3980,-1.9154,-6.0908,5.8754,0.0341,0.2876,-0.3130
3.3136,-2.1644,7.5609,-0.2174,0.1063,-0.4086,-1.9106,-6.1339,5.8610,0.0292,0.2983,-0.3287
3.2992,-2.1308,7.5346,-0.2192,0.0897,-0.4102,-1.9417,-6.0885,5.7940,0.0394,0.2665,-0.3232
3.4117,-2.1787,7.5178,-0.2305,0.0874,-0.4046,-1.7789,-6.1387,6.0621,0.0211,0.2757,-0.3256
3.2226,-2.2170,7.4531,-0.2256,0.1347,-0.4375,-1.9992,-6.1938,5.7772,0.0168,0.3267,-0.3456
3.0694,-2.2098,7.6207,-0.2225,0.1302,-0.4317,-2.0087,-6.2010,5.7126,0.0241,0.3050,-0.3351
3.0933,-2.2051,7.6040,-0.2173,0.0933,-0.4078,-1.9656,-6.2082,5.7868,0.0294,0.2786,-0.3218
3.1723,-2.2146,7.4555,-0.2113,0.1116,-0.4185,-2.0255,-6.4189,5.9999,0.0524,0.3516,-0.3401
3.0598,-2.1859,7.5082,-0.2198,0.1190,-0.4062,-1.9034,-6.2249,5.8466,0.0321,0.2934,-0.3246
3.1436,-2.1428,7.5178,-0.2168,0.1103,-0.3957,-1.9585,-6.2273,5.7772,0.0260,0.2859,-0.3247
3.1196,-2.0734,7.5609,-0.2149,0.0827,-0.3853,-1.9896,-6.2297,5.7628,0.0269,0.2557,-0.3123
3.1556,-2.1476,7.6279,-0.2178,0.0870,-0.3720,-2.0207,-6.2608,5.7796,0.0136,0.2669,-0.3010
3.1268,-2.2793,7.6016,-0.2172,0.1280,-0.3737,-1.9848,-6.2106,5.7485,-0.0092,0.2958,-0.3059
3.0263,-2.3056,7.5322,-0.2385,0.1358,-0.3800,-1.9800,-6.3351,5.6599,-0.0179,0.2970,-0.3192
2.9449,-2.5809,7.4675,-0.2565,0.1174,-0.3792,-1.7310,-6.4165,5.4779,-0.0001,0.2701,-0.3288
2.9185,-2.6647,7.6806,-0.2206,0.0861,-0.4100,-1.9896,-6.5960,5.5737,0.0353,0.3319,-0.3491
2.2003,-2.3870,7.4795,-0.3102,0.3363,-0.4030,-2.2242,-6.6487,5.0661,-0.0831,0.4592,-0.3616
2.1835,-2.5283,7.8243,-0.2542,0.1252,-0.3549,-2.9808,-6.9911,4.8626,0.0207,0.4053,-0.2986
2.6600,-2.6480,8.0158,-0.0296,-0.2120,-0.2238,-2.1739,-6.9264,5.5929,0.2018,-0.1049,-0.1576
3.3710,-2.5738,7.3071,0.0392,-0.3315,-0.1981,-1.6640,-6.4596,5.4181,0.1619,-0.2261,-0.0521
3.0981,-2.4732,7.2712,-0.0349,0.1014,-0.1458,-1.6376,-6.2465,5.4468,-0.0628,0.1765,-0.1274
2.0901,-2.4229,7.2281,-0.1648,0.2669,-0.0522,-2.4900,-6.7062,4.8267,-0.2325,0.1812,0.0003
1.9106,-2.6073,8.7245,-0.0337,0.0489,0.0921,-3.1244,-7.4627,5.4875,-0.1154,0.1335,0.0490
2.4301,-2.3439,8.1092,0.1128,-0.3476,0.1892,-2.6097,-6.8570,5.3510,0.1038,-0.5207,0.2370
2.8108,-2.2984,7.0342,0.0107,-0.1491,0.2810,-1.7957,-6.2513,5.0206,-0.1203,-0.2975,0.2795
3.0167,-2.6240,7.3502,-0.0666,-0.0341,0.3219,-1.5610,-6.5122,5.6168,-0.2722,-0.1218,0.2102
3.0167,-2.7797,7.6902,-0.0474,0.0037,0.3011,-1.8004,-6.7493,5.6144,-0.2495,-0.1736,0.2585
2.7533,-2.6791,7.4579,0.0087,0.1156,0.2803,-2.0207,-6.7086,5.4708,-0.2297,-0.0294,0.2598
2.6121,-2.6145,7.9392,0.0666,-0.0975,0.2713,-2.2745,-6.7373,5.5091,-0.0742,-0.1649,0.2262
2.7964,-2.2984,7.7596,0.1346,-0.2743,0.2962,-2.2122,-6.4787,5.5833,0.0538,-0.3794,0.2811
2.9999,-2.1141,7.5633,0.1252,-0.2278,0.3178,-2.2194,-6.2848,5.7509,0.0109,-0.2999,0.2834
2.9616,-1.9178,7.6231,0.1194,-0.1207,0.3683,-2.2769,-6.1723,5.5378,-0.0520,-0.2854,0.3363
3.1292,-2.0973,7.5106,0.0755,-0.1557,0.3922,-1.9872,-6.0478,5.7628,-0.0895,-0.3415,0.3810
3.5554,-2.1596,7.1036,0.1112,-0.1816,0.3756,-1.6328,-5.8610,5.9448,-0.0893,-0.3339,0.3954
3.1484,-2.1596,7.8602,0.0278,0.0183,0.3457,-2.0063,-6.3303,5.7509,-0.1723,-0.0265,0.1951
3.0909,-1.9968,7.9440,0.1216,-0.1964,0.3162,-2.1548,-6.0837,5.9831,0.0205,-0.3272,0.3006
3.3232,-1.9273,7.0605,0.0549,-0.1843,0.2831,-1.7166,-5.8012,5.7533,-0.0814,-0.2848,0.2706
3.0478,-2.1261,7.3406,-0.0306,0.1480,0.2566,-1.9106,-6.1675,5.5210,-0.2630,0.0200,0.1980
2.6193,-2.3535,7.9895,-0.0203,-0.0226,0.2952,-2.4014,-6.5769,5.4133,-0.1737,-0.1420,0.2066
2.6887,-2.2984,7.7428,0.0304,-0.1260,0.3335,-2.2505,-6.5434,5.5210,-0.1099,-0.3063,0.2731
2.9784,-2.3032,7.5633,0.0408,-0.1226,0.3457,-1.9632,-6.2680,5.5665,-0.1147,-0.2506,0.2675
3.0574,-2.1715,7.5513,0.0545,-0.1292,0.3637,-2.0039,-6.2800,5.6910,-0.1081,-0.2777,0.2932
3.1699,-2.1332,7.5992,0.0525,-0.0971,0.3728,-1.9609,-6.2058,5.7461,-0.1287,-0.2490,0.2870
3.2298,-2.1596,7.6878,0.0597,-0.1298,0.3617,-1.9776,-6.0908,5.9089,-0.1124,-0.2860,0.2942
3.2801,-2.0853,7.5800,0.0517,-0.1311,0.3552,-1.9321,-6.1172,5.8586,-0.1158,-0.2798,0.2900
3.2274,-2.1237,7.5106,0.0408,-0.1100,0.3445,-1.9082,-6.1196,5.7748,-0.1163,-0.2562,0.2828
3.2082,-2.0782,7.6064,0.0453,-0.1188,0.3480,-1.9537,-6.1603,5.8155,-0.1081,-0.2514,0.2770
3.2465,-2.1308,7.7476,0.0408,-0.1236,0.3448,-2.0255,-6.1914,6.0813,-0.0975,-0.2499,0.2774
3.1436,-2.0135,7.4148,0.0408,-0.1192,0.3380,-1.9609,-6.0478,5.8395,-0.1118,-0.2631,0.2783
3.2465,-1.9992,7.4891,0.0048,-0.1061,0.3413,-1.9058,-6.0238,5.8562,-0.1326,-0.2507,0.2577
3.2417,-2.1500,7.5705,0.0140,-0.1046,0.3296,-1.9106,-6.2201,5.8969,-0.1250,-0.2390,0.2629
3.1508,-2.0638,7.5705,0.0092,-0.0966,0.3283,-1.9848,-6.1651,5.8155,-0.1404,-0.2477,0.2557
3.1939,-2.1452,7.5274,0.0131,-0.1010,0.3228,-1.9369,-6.0549,5.8945,-0.1348,-0.2470,0.2559
3.3495,-2.0973,7.4867,0.0203,-0.1292,0.3104,-1.8220,-6.0358,6.0023,-0.1049,-0.2534,0.2458
3.4141,-2.1141,7.5633,0.0229,-0.1102,0.2858,-1.8986,-6.0980,5.9831,-0.0853,-0.2156,0.2209
3.3926,-2.0183,7.5537,0.0215,-0.1512,0.2691,-1.9249,-5.9807,6.0286,-0.0548,-0.2482,0.2141
3.5745,-1.8842,7.4460,0.0172,-0.1502,0.2681,-1.8387,-5.9855,6.0885,-0.0697,-0.2165,0.2034
3.6129,-1.9034,7.4316,0.0053,-0.1194,0.2485,-1.8459,-5.8466,5.9759,-0.0822,-0.2053,0.1948
4.0031,-1.8364,7.3334,0.0453,-0.0687,0.1888,-1.6281,-5.5905,6.4667,-0.0902,-0.1383,0.1773
3.9887,-1.8028,7.1970,0.0036,-0.0095,0.1440,-1.5514,-5.4253,6.4260,-0.1400,-0.0794,0.1342
3.2801,-1.9345,7.6878,-0.1567,0.0739,-0.1146,-1.8675,-5.8730,6.0837,-0.0689,0.1248,-0.1276
3.3686,-2.0231,7.4579,-0.1651,0.0322,-0.2446,-1.7262,-5.9855,6.0118,0.0384,0.1764,-0.2288
3.3830,-1.9944,7.4843,-0.1900,0.0155,-0.2787,-1.9417,-5.9735,5.9903,0.0598,0.1636,-0.2534
3.3543,-1.9393,7.4579,-0.1783,-0.0187,-0.3050,-2.0207,-5.9496,5.9328,0.0997,0.1366,-0.2785
3.3830,-1.9992,7.5106,-0.2093,-0.0131,-0.3285,-1.9082,-5.9735,5.8682,0.0857,0.1691,-0.2918
3.4979,-2.0638,7.3741,-0.1715,0.0143,-0.3110,-1.8100,-5.9664,5.9687,0.0903,0.1388,-0.2590
3.4740,-2.0375,7.3717,-0.1836,0.0822,-0.3202,-1.8100,-5.9209,5.8754,0.0217,0.2535,-0.2767
3.4405,-1.9800,7.4124,-0.1896,0.1232,-0.3115,-1.8794,-5.8778,5.9927,-0.0192,0.2570,-0.2399
3.3495,-2.0423,7.6088,-0.2144,0.1435,-0.3469,-1.9225,-6.0525,5.9687,-0.0305,0.3052,-0.2805
3.3375,-2.2146,7.6495,-0.2112,0.0658,-0.3728,-1.8771,-6.1531,5.9352,0.0284,0.2229,-0.3032
3.4381,-2.2458,7.5298,-0.1933,0.0083,-0.3934,-1.6927,-6.0597,5.9424,0.0798,0.2178,-0.3240
3.5195,-2.2075,7.5776,-0.2090,0.0510,-0.4153,-1.6927,-6.1339,6.0813,0.0815,0.2531,-0.3347
3.4907,-2.1668,7.4699,-0.2064,0.0801,-0.4354,-1.7047,-6.0597,6.0573,0.0814,0.2918,-0.3491
3.4644,-2.1548,7.5010,-0.2092,0.0922,-0.4475,-1.7717,-6.0765,5.8802,0.0795,0.3002,-0.3477
3.3806,-2.1428,7.4005,-0.2350,0.1533,-0.4616,-1.7957,-6.0573,5.9233,0.0394,0.3483,-0.3580
3.1436,-2.1668,7.5633,-0.2474,0.1536,-0.4602,-1.9585,-6.1411,5.7437,0.0269,0.3488,-0.3648
3.2633,-2.2410,7.5920,-0.2301,0.1038,-0.4575,-1.8483,-6.1603,5.8682,0.0473,0.3108,-0.3592
3.3447,-2.2170,7.4292,-0.2132,0.1135,-0.4654,-1.8220,-6.1220,5.9328,0.0510,0.3263,-0.3548
3.2441,-2.2003,7.4412,-0.2197,0.1368,-0.4588,-1.9345,-6.0430,5.7868,0.0233,0.3583,-0.3537
3.1005,-2.1476,7.4795,-0.2502,0.1997,-0.4855,-1.9609,-6.1435,5.6264,-0.0196,0.4105,-0.3812
3.1149,-2.2027,7.5633,-0.2802,0.1900,-0.4724,-1.9609,-6.1627,5.7796,-0.0304,0.3620,-0.3808
3.0909,-2.3296,7.4412,-0.2806,0.1777,-0.4812,-1.8962,-6.2680,5.7293,-0.0165,0.3713,-0.3873
2.9999,-2.4349,7.7141,-0.2793,0.1491,-0.4648,-1.9369,-6.4428,5.5689,0.0109,0.3553,-0.3841
3.0071,-2.3679,7.4555,-0.2411,0.1128,-0.4357,-1.9632,-6.3183,5.5976,0.0245,0.3162,-0.3595
2.8922,-2.4445,7.5154,-0.2333,0.1599,-0.4202,-2.0327,-6.3662,5.5330,-0.0017,0.3365,-0.3336
2.7485,-2.4541,7.5944,-0.2395,0.1621,-0.3772,-2.1524,-6.4811,5.4396,-0.0384,0.3160,-0.3047
2.7078,-2.6935,7.4172,-0.2389,0.1476,-0.3281,-1.9034,-6.6176,5.1978,-0.0566,0.2625,-0.2864
2.4493,-2.7078,7.6614,-0.2368,0.2633,-0.3138,-2.2051,-6.7947,4.9033,-0.1207,0.4024,-0.2599
1.6209,-2.7078,7.7740,-0.2742,0.3072,-0.2677,-2.8635,-7.2640,4.4676,-0.1935,0.4290,-0.2274
1.2378,-2.8515,8.0804,-0.1921,0.2150,-0.1430,-3.0143,-7.5010,4.3958,-0.1450,0.2137,-0.1256
1.8938,-3.1268,7.7979,-0.1045,-0.1303,0.0004,-2.3750,-7.4388,4.6687,-0.0161,-0.1355,-0.0067
2.2936,-3.1388,7.8530,-0.0272,-0.1099,0.0987,-2.1572,-7.3239,5.0949,-0.0533,-0.1370,0.0757
2.6001,-2.8922,7.5274,0.0141,0.0009,0.1488,-2.1069,-6.9623,5.1834,-0.0990,-0.0825,0.1474
2.5929,-2.6456,7.6231,0.0417,-0.1383,0.2024,-2.1572,-6.7038,5.3463,-0.0562,-0.2084,0.2010
2.8515,-2.5498,7.6710,0.0849,-0.1704,0.2447,-1.9441,-6.5218,5.5162,-0.0274,-0.2551,0.2426
3.0047,-2.4205,7.5681,0.1071,-0.1825,0.2657,-1.8675,-6.5074,5.6144,-0.0329,-0.2493,0.2703
3.0454,-2.4014,7.6686,0.1367,-0.1849,0.2814,-1.8818,-6.4093,5.7078,-0.0217,-0.2859,0.2984
2.9257,-2.3655,7.5561,0.1226,-0.1354,0.3002,-1.9944,-6.3877,5.4396,-0.0533,-0.2262,0.3004
2.8276,-2.3272,7.6184,0.1216,-0.1527,0.3375,-2.1668,-6.4548,5.5761,-0.0352,-0.2930,0.3239
2.9113,-2.2913,7.5872,0.1122,-0.2049,0.3664,-2.0423,-6.3805,5.5402,-0.0137,-0.3323,0.3230
2.8874,-2.2098,7.4747,0.0927,-0.1676,0.3549,-2.1093,-6.3422,5.6072,-0.0281,-0.2958,0.3123
2.9473,-2.1931,7.6614,0.0594,-0.1459,0.3445,-2.2075,-6.3015,5.6719,-0.0526,-0.2475,0.2930
2.8323,-2.1739,7.5346,0.0533,-0.1503,0.3335,-2.1476,-6.3207,5.4708,-0.0546,-0.2749,0.2745
2.8802,-2.2003,7.5896,0.0409,-0.1687,0.3456,-2.0303,-6.2872,5.6024,-0.0509,-0.2741,0.2646
3.1220,-2.2362,7.8003,0.0789,-0.1853,0.3407,-2.1883,-6.3398,5.9113,-0.0326,-0.2936,0.2713
3.2226,-2.0782,7.6112,0.0837,-0.1929,0.3373,-2.0590,-6.0358,5.8538,-0.0549,-0.3279,0.2972
3.2130,-1.9609,7.2640,0.0604,-0.1180,0.3485,-1.9680,-5.9664,5.7964,-0.1340,-0.2626,0.2931
3.2346,-2.0734,7.4029,0.0412,-0.0858,0.3573,-1.9034,-6.0501,5.8227,-0.1647,-0.2280,0.2994
3.1077,-2.2075,7.6614,0.0428,-0.0826,0.3659,-1.9992,-6.1699,5.9256,-0.1616,-0.2349,0.3000
3.1053,-2.2697,7.6399,0.0580,-0.1086,0.3809,-2.0830,-6.2393,5.8251,-0.1343,-0.2874,0.3070
3.0837,-2.2242,7.5250,0.0557,-0.1544,0.3944,-1.9848,-6.2130,5.7581,-0.1131,-0.3271,0.3158
3.1603,-2.2625,7.4436,0.0649,-0.1596,0.4040,-1.8627,-6.2201,5.8179,-0.1031,-0.3218,0.3246
3.2777,-2.1476,7.5944,0.0520,-0.1303,0.3897,-1.8818,-6.1148,5.8275,-0.1159,-0.2746,0.3044
3.3399,-2.1237,7.5465,0.0469,-0.1272,0.3744,-1.9249,-6.0932,5.9711,-0.1242,-0.3031,0.3082
3.3782,-2.0662,7.5130,0.0360,-0.1202,0.3500,-1.9201,-6.0262,5.9113,-0.1206,-0.2662,0.2926
3.4093,-2.1141,7.5896,0.0207,-0.1200,0.3317,-1.8938,-6.0118,6.0693,-0.1183,-0.2478,0.2611
3.3686,-2.0662,7.6016,0.0469,-0.1168,0.3006,-1.9656,-6.0310,5.8969,-0.0847,-0.2495,0.2550
3.2513,-1.9848,7.5346,0.0292,-0.1636,0.3051,-1.9896,-5.9137,5.8299,-0.0685,-0.2872,0.2370
3.3112,-1.9034,7.4196,0.0153,-0.1924,0.2852,-1.8938,-5.8514,5.9831,-0.0616,-0.3043,0.2284
3.5171,-2.0997,7.3813,-0.0124,-0.1248,0.2907,-1.8244,-5.9711,6.1842,-0.1136,-0.2249,0.2153
3.7709,-2.1404,7.6303,0.0127,-0.0412,0.2507,-1.6328,-5.9807,6.3398,-0.0998,-0.1528,0.2250
3.4093,-2.0135,7.4723,0.0268,-0.0092,0.2112,-1.9249,-5.9089,5.9448,-0.0997,-0.0890,0.1925
3.2777,-1.8435,7.3909,0.0089,-0.0737,0.2057,-2.0111,-5.8873,5.7724,-0.0847,-0.1643,0.1736
3.4644,-1.8914,7.4939,-0.0115,-0.1087,0.2026,-1.9178,-5.8634,6.1220,-0.0849,-0.1841,0.1640
3.6296,-1.9369,7.4843,-0.0184,-0.0726,0.1729,-1.8507,-5.8131,6.2345,-0.0985,-0.1438,0.1407
3.6919,-1.8531,7.4316,-0.0354,-0.0789,0.1224,-1.6640,-5.7221,6.3255,-0.0775,-0.1439,0.1108
3.9480,-1.8914,7.3861,-0.0448,-0.0830,0.0637,-1.5060,-5.5402,6.5314,-0.0322,-0.0890,0.0441
4.0917,-1.8028,7.3143,-0.0679,-0.0457,-0.0377,-1.4581,-5.4660,6.6032,0.0025,-0.0053,-0.0285
3.7757,-1.7813,7.4316,-0.1116,0.0361,-0.1215,-1.7813,-5.6671,6.3327,-0.0199,0.1242,-0.0969
3.3806,-1.9537,7.5753,-0.1392,0.0726,-0.1576,-1.9656,-5.8610,5.9616,-0.0269,0.1561,-0.1310
3.2010,-2.1141,7.5513,-0.1549,0.0285,-0.1727,-1.9489,-6.0190,5.8299,-0.0073,0.1126,-0.1494
3.2537,-2.1668,7.6591,-0.1491,-0.0153,-0.1757,-1.9872,-6.1220,5.8323,0.0183,0.0790,-0.1454
3.2346,-2.0159,7.4939,-0.1136,-0.0557,-0.1813,-1.9417,-6.0406,5.7796,0.0581,0.0482,-0.1545
3.5482,-2.1500,7.5920,-0.1402,-0.0626,-0.1836,-1.7765,-5.8754,5.9041,0.0566,0.0280,-0.1484
3.4716,-2.0518,7.4196,-0.1486,-0.0083,-0.1808,-1.8148,-5.8586,6.0956,0.0096,0.0911,-0.1560
3.5817,-2.0830,7.4460,-0.1568,0.0374,-0.1982,-1.7980,-5.9209,5.9999,-0.0171,0.1412,-0.1645
3.4046,-2.0518,7.5178,-0.1644,0.0589,-0.1936,-1.8627,-5.9472,5.9640,-0.0345,0.1545,-0.1687
3.3255,-2.1261,7.5657,-0.1583,0.0534,-0.2010,-1.9632,-6.0717,5.9831,-0.0199,0.1479,-0.1705
3.3782,-2.0590,7.4292,-0.1643,0.0257,-0.2066,-1.8890,-6.0334,5.9903,-0.0032,0.1135,-0.1693
3.5195,-2.1117,7.4915,-0.1456,0.0081,-0.2053,-1.8052,-5.9879,6.0932,0.0143,0.1082,-0.1672
3.5123,-2.1572,7.5896,-0.1496,0.0133,-0.2134,-1.8100,-6.0358,6.0789,0.0111,0.1290,-0.1757
3.4764,-2.1572,7.5585,-0.1455,0.0272,-0.2268,-1.7526,-6.0118,6.2058,0.0123,0.1347,-0.1779
3.4860,-2.1356,7.3909,-0.1478,0.0193,-0.2318,-1.7071,-6.0214,5.9687,0.0185,0.1343,-0.1821
3.4884,-2.1452,7.4316,-0.1565,0.0348,-0.2437,-1.7885,-6.0214,6.0932,0.0175,0.1612,-0.1955
3.4117,-2.1308,7.5346,-0.1553,0.0502,-0.2546,-1.7813,-6.0717,5.9376,0.0144,0.1685,-0.1961
3.4764,-2.1572,7.4412,-0.1605,0.0418,-0.2610,-1.7669,-5.9233,5.9304,0.0131,0.1597,-0.2001
3.4189,-2.0830,7.4699,-0.1587,0.0721,-0.2759,-1.8818,-6.0166,5.9233,0.0081,0.2052,-0.2081
3.3782,-2.1596,7.4699,-0.1631,0.0663,-0.2754,-1.8411,-6.0262,5.9711,0.0075,0.1953,-0.2121
3.3926,-2.1189,7.3741,-0.1688,0.0689,-0.2831,-1.8699,-5.9783,5.9544,0.0057,0.1984,-0.2210
3.4261,-2.1931,7.5226,-0.1772,0.0722,-0.2987,-1.8675,-6.1028,6.0118,0.0029,0.2124,-0.2294
3.3998,-2.1715,7.6950,-0.1636,0.0484,-0.3116,-1.7933,-6.0908,5.9927,0.0282,0.1960,-0.2305
3.3806,-2.1907,7.4675,-0.1426,0.0257,-0.3187,-1.8028,-6.0717,5.8730,0.0508,0.1824,-0.2318
3.2753,-2.0925,7.3095,-0.1310,0.0596,-0.2939,-1.9369,-6.0142,5.7413,0.0292,0.2046,-0.2034
3.1771,-2.0853,7.7835,-0.1684,0.0899,-0.2709,-2.0638,-6.1172,5.9879,-0.0035,0.2222,-0.2165
3.4644,-2.1596,7.6375,-0.1467,-0.0099,-0.2659,-1.8387,-6.0621,5.9975,0.0277,0.0711,-0.1836
3.4788,-2.2242,7.1946,-0.1536,0.1013,-0.2847,-1.5730,-6.0047,5.8873,-0.0278,0.2557,-0.1989
3.4405,-2.2003,7.6495,-0.1823,0.1078,-0.2954,-1.9106,-6.2010,5.9975,-0.0273,0.2590,-0.2161
3.1196,-2.1668,7.5968,-0.0989,0.0473,-0.3262,-1.9393,-6.1028,5.8275,0.0640,0.2017,-0.2098
3.1292,-1.9561,7.5106,-0.1294,0.0288,-0.3028,-1.9848,-5.9520,5.9041,0.0701,0.1809,-0.2181
3.3351,-2.0255,7.5489,-0.1306,-0.0096,-0.2931,-2.0566,-5.9185,5.9640,0.0773,0.1300,-0.2113
3.4740,-1.9225,7.3287,-0.1696,0.0051,-0.2781,-1.8172,-5.7652,5.9496,0.0237,0.1581,-0.2300
3.5171,-1.9872,7.4747,-0.2217,0.1262,-0.2892,-1.8507,-5.8993,6.0406,-0.0538,0.2547,-0.2599
3.3447,-2.0973,7.6279,-0.2244,0.1280,-0.3114,-1.9896,-6.0669,5.9137,-0.0464,0.2489,-0.2694
3.4405,-2.1237,7.3191,-0.2064,0.0829,-0.3194,-1.7813,-6.0262,5.8347,-0.0121,0.2026,-0.2737
3.4285,-2.1165,7.5417,-0.2038,0.0929,-0.3287,-1.8028,-6.0262,5.9975,-0.0087,0.2774,-0.2852
3.5865,-2.1213,7.4460,-0.1811,0.0842,-0.3136,-1.8052,-6.0047,6.1052,0.0147,0.2181,-0.2679
3.4620,-2.0375,7.4029,-0.2117,0.1134,-0.3269,-1.7693,-5.8945,5.9400,-0.0244,0.2750,-0.2908
3.2441,-2.1165,7.5322,-0.2617,0.1667,-0.3271,-1.9752,-6.0789,5.7581,-0.0699,0.3166,-0.3008
3.1603,-2.2984,7.5705,-0.2450,0.1219,-0.3059,-1.9297,-6.2608,5.8131,-0.0320,0.2455,-0.2789
3.1244,-2.3703,7.6375,-0.2010,0.0653,-0.2846,-1.9393,-6.3279,5.7700,0.0047,0.1996,-0.2479
3.1460,-2.3703,7.3957,-0.2216,0.0823,-0.2655,-1.8435,-6.2369,5.6000,-0.0200,0.1961,-0.2505
3.0742,-2.4804,7.6591,-0.2569,0.1295,-0.2662,-1.9800,-6.5290,5.5761,-0.0632,0.2601,-0.2401
2.5833,-2.4972,7.6088,-0.2513,0.2282,-0.2733,-2.2769,-6.6655,5.2744,-0.1015,0.3176,-0.2238
2.1428,-2.5642,7.8099,-0.2213,0.1721,-0.2160,-2.4517,-6.8331,5.0637,-0.0894,0.2578,-0.1921
2.2625,-2.6743,7.7428,-0.1486,-0.0045,-0.1198,-2.3990,-6.8809,5.0996,-0.0246,0.0361,-0.1077
2.6743,-2.7102,7.7740,-0.0925,-0.0859,-0.0298,-2.2314,-6.9288,5.2840,-0.0453,-0.0621,-0.0077
2.6217,-2.7246,7.4579,-0.0675,0.0863,0.0212,-2.1093,-6.7684,5.1427,-0.1500,0.0486,0.0397
2.3583,-2.6624,7.6902,-0.0454,0.0743,0.1043,-2.3774,-6.9456,5.1619,-0.1725,0.0248,0.0769
2.6097,-2.6552,7.7764,0.0152,-0.1015,0.1785,-2.1668,-6.8235,5.4372,-0.0726,-0.2154,0.1660
2.9425,-2.6025,7.7045,0.0557,-0.1003,0.2197,-1.9513,-6.6200,5.4564,-0.0809,-0.1903,0.2081
3.1316,-2.5522,7.5178,0.0829,-0.0895,0.2437,-1.8866,-6.4452,5.6072,-0.0759,-0.2073,0.2485
3.1915,-2.4181,7.4843,0.0954,-0.0613,0.2683,-1.9178,-6.3734,5.6982,-0.1017,-0.1507,0.2786
2.9904,-2.3104,7.6567,0.0907,-0.0562,0.3047,-2.0566,-6.4404,5.7174,-0.1176,-0.1865,0.2950
2.9497,-2.2410,7.6806,0.1045,-0.1007,0.3317,-2.0949,-6.2752,5.6503,-0.0802,-0.2425,0.3119
2.9999,-2.1572,7.6231,0.1126,-0.2080,0.3477,-2.1141,-6.1316,5.7748,-0.0288,-0.3376,0.3110
3.2872,-1.9872,7.2425,0.1127,-0.2090,0.3461,-1.8268,-5.8634,5.8514,-0.0304,-0.3271,0.3058
3.4237,-1.8747,7.4579,0.0520,-0.0989,0.3124,-1.9800,-5.9185,5.9304,-0.1027,-0.1803,0.2626
3.0718,-1.8771,7.5585,0.0123,-0.0028,0.2863,-2.2027,-5.9735,5.6886,-0.1458,-0.1274,0.2308
2.9568,-1.9752,7.5417,-0.0481,-0.0589,0.2745,-2.1596,-6.1172,5.6479,-0.1422,-0.1847,0.1984
3.1268,-2.2027,7.5537,-0.0234,-0.1002,0.2479,-2.0494,-6.2177,5.7772,-0.0943,-0.1962,0.1839
3.0119,-2.2577,7.4915,-0.0200,-0.0673,0.2205,-2.0183,-6.2345,5.6527,-0.0951,-0.1394,0.1584
3.0167,-2.2625,7.5705,-0.0433,-0.0594,0.2274,-2.0279,-6.3327,5.5929,-0.1172,-0.1472,0.1567
2.9473,-2.2122,7.6543,-0.0333,-0.0464,0.2462,-2.1189,-6.3805,5.5976,-0.1367,-0.1544,0.1799
2.9640,-2.2625,7.3789,-0.0176,-0.0536,0.2754,-2.0734,-6.2776,5.5043,-0.1514,-0.2029,0.2124
3.1460,-2.3942,7.5537,-0.0290,-0.0685,0.2982,-1.9800,-6.3327,5.6743,-0.1677,-0.1917,0.2294
3.1196,-2.4565,7.7141,0.0270,-0.0655,0.3423,-1.9273,-6.5218,5.8371,-0.1607,-0.1617,0.2546
3.1915,-2.2936,7.6806,0.0369,-0.1198,0.3412,-1.9058,-6.3327,5.6862,-0.1244,-0.2598,0.2899
3.0885,-2.2745,7.5274,0.0418,-0.0582,0.3399,-1.9752,-6.2417,5.8754,-0.1355,-0.1982,0.2863
3.0909,-2.2242,7.5465,0.0474,-0.1132,0.3349,-1.9992,-6.3087,5.7341,-0.1073,-0.2852,0.2723
3.1603,-2.2721,7.6662,0.0430,-0.1463,0.3403,-1.9944,-6.2584,5.7844,-0.0975,-0.2710,0.2675
3.1915,-2.2984,7.4795,0.0349,-0.1112,0.3340,-1.9106,-6.2321,5.7988,-0.1107,-0.2494,0.2645
3.0837,-2.2410,7.4915,0.0352,-0.1476,0.3184,-2.0111,-6.2273,5.8658,-0.0746,-0.2646,0.2574
3.1723,-2.1644,7.4603,0.0338,-0.2086,0.3087,-1.9130,-6.1363,5.9424,-0.0448,-0.3095,0.2445
3.2944,-2.1332,7.4508,0.0324,-0.1637,0.3046,-1.8627,-6.1746,5.7772,-0.0755,-0.2706,0.2523
3.2513,-2.2051,7.3167,-0.0024,-0.0901,0.3070,-1.8531,-6.1459,5.9400,-0.1426,-0.2253,0.2626
3.2417,-2.2553,7.6854,-0.0204,0.0023,0.2765,-1.9273,-6.1770,5.8634,-0.1853,-0.1342,0.2350
3.3303,-2.0399,7.4148,0.0524,-0.0894,0.3096,-1.9010,-6.0286,5.9209,-0.1128,-0.2663,0.2894
3.4836,-1.9872,7.1395,0.0458,-0.0218,0.3019,-1.6089,-5.6719,5.8466,-0.1384,-0.1459,0.2531
3.3830,-1.9082,7.5872,0.0165,-0.0092,0.2657,-2.0231,-5.9185,6.0908,-0.1351,-0.1011,0.2022
3.2896,-1.9465,7.8123,-0.0127,-0.0561,0.2221,-2.1189,-6.0956,5.9999,-0.1051,-0.1510,0.1628
3.1029,-2.1356,7.6998,-0.0168,-0.1123,0.2121,-2.0973,-6.1627,5.8634,-0.0578,-0.1837,0.1420
3.2298,-2.0638,7.5369,-0.0085,-0.1514,0.1823,-1.9225,-5.9592,5.8538,-0.0167,-0.1956,0.1258
3.4189,-2.0638,7.4555,-0.0265,-0.1804,0.1520,-1.9465,-5.8035,5.9951,-0.0080,-0.2270,0.1005
3.8164,-1.9393,7.4340,-0.0825,-0.1966,0.1027,-1.6999,-5.6767,6.3925,-0.0164,-0.2113,0.0545
4.0701,-1.9465,7.3047,-0.1018,-0.1323,0.0593,-1.4605,-5.5905,6.5841,-0.0470,-0.1573,0.0196
4.2641,-1.9800,7.3310,-0.1302,-0.0570,-0.0121,-1.3503,-5.5498,6.6272,-0.0582,-0.0554,-0.0289
4.2377,-2.0327,7.1491,-0.1458,0.0735,-0.1035,-1.2737,-5.5617,6.4572,-0.0754,0.1380,-0.0629
3.7278,-2.1668,7.4364,-0.1379,0.2832,-0.1645,-1.5730,-5.9568,6.4117,-0.1102,0.4060,-0.1167
3.5434,-2.1356,7.6974,-0.0826,0.1925,-0.2206,-1.7717,-5.9089,5.9592,0.0081,0.2801,-0.1278
3.1508,-2.0806,7.3406,-0.1006,0.1672,-0.2561,-2.0423,-5.9017,5.5258,-0.0143,0.3148,-0.1657
2.8371,-2.1404,7.4029,-0.2094,0.2419,-0.2590,-2.1787,-6.0573,5.4636,-0.0833,0.3441,-0.2033
2.7725,-2.0494,7.6088,-0.1976,0.1091,-0.2354,-2.2314,-6.1435,5.6527,-0.0258,0.2109,-0.2077
3.2370,-2.1308,7.8051,-0.2066,-0.0013,-0.2518,-1.9848,-6.1148,6.0047,0.0205,0.0955,-0.2133
3.4620,-2.2817,7.4867,-0.1872,0.0209,-0.2836,-2.2314,-6.1411,5.4300,0.0372,0.2525,-0.2730
3.4860,-2.0662,7.4891,-0.2002,0.1111,-0.3556,-1.8172,-5.8131,6.1627,0.0452,0.1861,-0.2606
3.4812,-1.9585,7.4196,-0.2122,0.0083,-0.4093,-1.8818,-5.7916,6.3398,0.0843,0.2294,-0.3265
3.5841,-2.0111,7.3981,-0.2161,0.0390,-0.4481,-1.8555,-5.8586,6.0932,0.0811,0.2398,-0.3667
3.4524,-2.1452,7.4747,-0.2234,0.0762,-0.4792,-1.9010,-6.0142,6.1603,0.0879,0.3164,-0.4114
3.2896,-2.1261,7.4843,-0.2281,0.0153,-0.5052,-1.9106,-6.0262,5.8754,0.1362,0.2370,-0.4318
3.3471,-2.1883,7.2880,-0.2813,-0.0147,-0.5173,-1.7717,-6.0358,5.8634,0.1358,0.2427,-0.4787
3.4907,-2.2745,7.4124,-0.2807,0.0476,-0.5377,-1.7526,-6.1842,5.9328,0.1247,0.2967,-0.4904
3.3255,-2.4924,7.4172,-0.2891,0.1415,-0.5469,-1.7957,-6.3710,5.6934,0.0528,0.3862,-0.4511
3.0478,-2.6073,7.5034,-0.2542,0.2382,-0.5327,-1.9010,-6.4955,5.5905,0.0045,0.4799,-0.4049
2.6576,-2.5331,7.5178,-0.2427,0.1732,-0.5069,-2.0566,-6.5218,5.4253,0.0350,0.3834,-0.3872
2.8730,-2.5522,7.5872,-0.2264,0.0380,-0.4756,-1.9800,-6.5386,5.5833,0.0834,0.2439,-0.3750
3.0550,-2.5307,7.4340,-0.2178,0.0789,-0.4499,-1.7789,-6.3710,5.6719,0.0648,0.2910,-0.3564
3.1125,-2.5067,7.5226,-0.2273,0.1343,-0.4415,-1.8771,-6.3805,5.7796,0.0276,0.3493,-0.3351
3.0598,-2.3487,7.5920,-0.2065,0.1319,-0.4335,-1.9632,-6.3494,5.7054,0.0360,0.3347,-0.3295
3.0526,-2.3727,7.6543,-0.1964,0.0823,-0.4233,-1.9800,-6.2896,5.7030,0.0592,0.2637,-0.3238
3.1268,-2.2960,7.5848,-0.2110,0.0661,-0.4089,-1.9896,-6.2704,5.7341,0.0457,0.2566,-0.3174
3.0694,-2.3990,7.5800,-0.1891,0.0901,-0.3989,-1.8962,-6.2225,5.8107,0.0380,0.2589,-0.3079
3.0167,-2.5331,7.2137,-0.2366,0.0919,-0.3663,-1.7358,-6.3255,5.4277,0.0140,0.2455,-0.3120
2.9113,-2.6336,7.6136,-0.2238,0.1228,-0.3628,-2.0111,-6.5960,5.3678,0.0245,0.3110,-0.2891
2.4732,-2.6193,7.5633,-0.2429,0.1689,-0.3493,-2.3296,-6.7229,5.1595,-0.0218,0.3356,-0.2910
1.9632,-2.6193,7.9918,-0.2128,0.1697,-0.2915,-2.6647,-6.9408,4.9392,-0.0380,0.2994,-0.2920
2.1548,-2.7940,7.7979,-0.1720,-0.0661,-0.1891,-2.6001,-7.0749,5.0326,0.0573,0.0020,-0.1704
2.6552,-3.1077,7.6878,-0.0915,-0.1692,-0.0649,-2.0494,-7.0581,5.2289,0.0454,-0.1428,-0.0638
2.6743,-3.0311,7.3502,-0.0513,0.0064,0.0055,-1.8459,-6.8354,5.0182,-0.0698,0.0234,0.0394
2.4660,-2.8228,7.8171,0.0127,0.0273,0.0827,-2.3607,-6.9001,5.2050,-0.0787,0.0208,0.1096
2.4900,-2.5163,7.7883,0.0769,-0.1764,0.1769,-2.3439,-6.6583,5.5115,0.0080,-0.2701,0.1775
3.0430,-2.4038,7.5369,0.0871,-0.2622,0.2249,-2.0542,-6.4476,5.5761,0.0096,-0.3313,0.2242
3.3734,-2.4397,7.4508,0.0935,-0.0012,0.2709,-1.7621,-6.2537,5.8179,-0.1496,-0.1211,0.2875
3.0574,-2.3439,7.3406,0.0277,-0.0069,0.2878,-1.8507,-6.2177,5.6024,-0.1929,-0.1355,0.2535
3.0670,-2.4421,7.7428,0.0590,-0.0450,0.2842,-1.9896,-6.4643,5.9376,-0.1358,-0.1707,0.2559
3.2202,-2.3511,7.5489,0.1053,-0.1575,0.2982,-1.9154,-6.3111,5.9376,-0.0608,-0.2823,0.2968
3.3519,-2.2242,7.4986,0.0933,-0.1247,0.2858,-1.7957,-6.1100,5.9041,-0.0786,-0.2257,0.2671
3.3710,-2.1668,7.3933,0.0562,-0.0938,0.2699,-1.9225,-6.1028,5.8227,-0.0963,-0.1844,0.2455
3.3710,-2.0925,7.5226,0.0642,-0.0882,0.2671,-1.9273,-6.0908,5.9400,-0.0801,-0.2000,0.2619
3.2801,-2.0470,7.4053,0.0386,-0.0620,0.2483,-1.9704,-6.0118,5.7868,-0.0967,-0.1502,0.2228
3.0119,-2.0782,7.5920,0.0004,-0.0197,0.2374,-2.1691,-6.1627,5.6814,-0.1258,-0.1019,0.1887
2.9161,-2.2242,7.6016,-0.0230,-0.0612,0.2450,-2.1572,-6.2201,5.6048,-0.1251,-0.1627,0.1832
3.0023,-2.2936,7.5537,-0.0119,-0.0729,0.2481,-2.0111,-6.3231,5.6360,-0.1234,-0.1939,0.1972
2.9473,-2.3391,7.6184,-0.0201,-0.0389,0.2482,-2.0877,-6.3446,5.5378,-0.1471,-0.1515,0.1825
3.1891,-2.3296,7.4172,0.0314,-0.1065,0.2911,-1.8435,-6.2393,5.7772,-0.1067,-0.2228,0.2447
3.1795,-2.3056,7.5537,0.0260,-0.0662,0.2998,-1.8938,-6.1794,5.8203,-0.1299,-0.1881,0.2455
3.1460,-2.2553,7.5082,0.0316,-0.1216,0.3228,-1.9441,-6.2249,5.7174,-0.1074,-0.2655,0.2610
3.2968,-2.2051,7.5058,0.0382,-0.0913,0.3365,-1.8100,-6.2249,5.8969,-0.1183,-0.2244,0.2679
3.2609,-2.2410,7.4819,0.0393,-0.0886,0.3421,-1.8435,-6.1746,5.8179,-0.1146,-0.2340,0.2754
3.2801,-2.1955,7.4867,0.0337,-0.0689,0.3356,-1.9441,-6.1292,5.8155,-0.1350,-0.2072,0.2647
3.2872,-2.1428,7.5705,-0.0009,-0.0834,0.3238,-1.9513,-6.0885,5.8299,-0.1583,-0.2280,0.2467
3.3255,-2.1907,7.4819,-0.0089,-0.0839,0.3222,-1.8938,-6.2010,5.7772,-0.1560,-0.2320,0.2483
3.1508,-2.3248,7.3382,0.0040,-0.1059,0.3196,-1.8531,-6.2225,5.8203,-0.1404,-0.2356,0.2505
3.2489,-2.3535,7.4819,0.0248,-0.0741,0.3088,-1.8483,-6.2584,5.8227,-0.1315,-0.1985,0.2415
3.2537,-2.2410,7.6064,0.0238,-0.1095,0.3088,-1.8794,-6.2537,5.9113,-0.1001,-0.2270,0.2435
3.1867,-2.2841,7.5609,0.0508,-0.0973,0.3072,-1.9465,-6.1603,5.7389,-0.0971,-0.2264,0.2541
3.1723,-2.2410,7.3981,-0.0088,-0.0698,0.3008,-1.9178,-6.1794,5.7078,-0.1418,-0.1993,0.2309
3.1675,-2.2984,7.3598,0.0124,-0.1127,0.3023,-1.8220,-6.1651,5.7150,-0.0941,-0.2413,0.2337
3.2801,-2.3152,7.6399,0.0124,-0.1214,0.2801,-1.9058,-6.2584,5.8706,-0.0743,-0.1980,0.2145
3.3998,-2.2314,7.5872,-0.0322,-0.1152,0.2574,-1.8531,-6.0454,5.8993,-0.0775,-0.2126,0.2126
3.3136,-2.1548,7.6591,-0.0284,-0.0849,0.2344,-1.9393,-6.1268,5.9017,-0.0939,-0.1885,0.2113
3.2202,-2.1093,7.5465,-0.0104,-0.1216,0.2533,-1.9345,-6.0454,5.9137,-0.0806,-0.2208,0.2104
3.6105,-2.0159,7.4699,0.0557,-0.2280,0.2566,-1.7669,-5.7341,6.1411,-0.0269,-0.3259,0.2109
3.9744,-1.9417,7.0342,0.0167,-0.1748,0.2457,-1.4030,-5.4899,6.2513,-0.0943,-0.2623,0.1839
4.0654,-2.0662,7.4962,-0.0350,0.0522,0.1828,-1.5538,-5.6934,6.5769,-0.1689,-0.0019,0.1167
4.1396,-2.0303,7.6351,-0.0029,-0.0477,0.1035,-1.4988,-5.7652,6.7708,-0.0549,-0.0990,0.0703
4.1994,-1.9680,7.3143,0.0326,-0.0450,-0.0108,-1.3910,-5.4372,6.4931,0.0394,-0.0028,-0.0005
3.7086,-1.7478,7.0006,-0.1777,0.1288,-0.1376,-1.5203,-5.4492,6.0286,-0.0919,0.2125,-0.1318
3.4453,-2.0542,7.8219,-0.1932,0.1400,-0.2225,-1.9609,-5.9472,6.1531,-0.0406,0.2481,-0.1915
3.2657,-2.2170,7.4843,-0.1859,0.0107,-0.2645,-1.7933,-6.0501,5.9640,0.0516,0.1131,-0.2213
3.1843,-2.3559,7.3023,-0.1585,-0.0027,-0.3003,-1.7238,-6.1052,5.9256,0.0990,0.1780,-0.2827
3.3950,-2.1931,7.4364,-0.1811,0.0023,-0.3367,-1.7526,-6.0525,5.8634,0.1160,0.1969,-0.3171
3.3423,-2.3008,7.7452,-0.2024,-0.0176,-0.3223,-1.8579,-6.1794,5.9664,0.1131,0.1847,-0.3339
3.1603,-2.0877,7.3598,-0.1744,0.0578,-0.3400,-2.3056,-5.9616,5.7030,0.0520,0.2838,-0.4012
3.4716,-1.9561,7.2065,-0.2481,0.0211,-0.3659,-1.9561,-5.7030,5.9256,0.0167,0.1034,-0.2815
3.6248,-2.1907,7.1467,-0.2439,0.1444,-0.3420,-1.6137,-5.8107,5.8969,-0.0901,0.2774,-0.2685
3.3758,-2.4229,7.5729,-0.2192,0.2116,-0.3372,-1.7166,-6.1866,6.0094,-0.0946,0.3573,-0.2726
3.2585,-2.4277,7.7405,-0.1888,0.1042,-0.3324,-1.8507,-6.3015,6.0382,-0.0019,0.2475,-0.2751
3.4500,-2.3774,7.4555,-0.1792,-0.0127,-0.3599,-1.6305,-6.0789,6.0118,0.1063,0.1628,-0.3194
3.5554,-2.3200,7.3478,-0.2021,0.0092,-0.3894,-1.6712,-5.9544,6.0789,0.1054,0.2146,-0.3463
3.5219,-2.2146,7.4340,-0.2234,0.0753,-0.4207,-1.6759,-5.9400,6.0645,0.0855,0.2717,-0.3710
3.5458,-2.2458,7.4460,-0.2666,0.0761,-0.4433,-1.6903,-6.0094,6.0286,0.0553,0.2838,-0.3934
3.5123,-2.3559,7.4939,-0.2637,0.1386,-0.4566,-1.6592,-6.1339,5.9735,0.0191,0.3399,-0.3944
3.2920,-2.5283,7.4340,-0.2754,0.1753,-0.4804,-1.6783,-6.3255,5.8227,-0.0100,0.3741,-0.3812
3.2154,-2.5355,7.5034,-0.2566,0.1628,-0.4831,-1.7478,-6.3782,5.7389,0.0043,0.3680,-0.3760
3.1867,-2.4972,7.4555,-0.2557,0.1604,-0.4774,-1.7214,-6.3734,5.7581,0.0048,0.3669,-0.3757
3.1220,-2.5690,7.4460,-0.2565,0.1651,-0.4800,-1.8483,-6.4428,5.7389,0.0097,0.3552,-0.3696
3.1220,-2.5618,7.4244,-0.2485,0.1150,-0.4517,-1.8387,-6.3686,5.7461,0.0217,0.3182,-0.3581
3.2657,-2.5091,7.5010,-0.2277,0.0891,-0.4343,-1.7933,-6.4093,5.8131,0.0444,0.2995,-0.3447
3.3160,-2.4995,7.3358,-0.1913,0.1033,-0.4239,-1.7166,-6.2776,5.8323,0.0506,0.3076,-0.3199
3.1651,-2.3822,7.3741,-0.1872,0.1156,-0.4078,-1.8627,-6.2800,5.7054,0.0418,0.3166,-0.3056
3.1963,-2.3152,7.5154,-0.1669,0.0794,-0.3865,-1.9345,-6.1818,5.7724,0.0622,0.2547,-0.2839
3.1101,-2.2410,7.4029,-0.1687,0.0637,-0.3673,-1.9920,-6.1172,5.5976,0.0537,0.2381,-0.2955
3.2034,-2.3008,7.4124,-0.2197,0.0921,-0.3553,-1.9034,-6.1723,5.7628,0.0012,0.2605,-0.2935
3.1077,-2.7533,7.4771,-0.2398,0.0490,-0.3568,-1.8603,-6.6535,5.6168,0.0225,0.2254,-0.2990
3.0813,-2.8706,7.4029,-0.2070,0.1062,-0.3337,-1.5969,-6.6032,5.4037,0.0084,0.2348,-0.2797
2.7964,-2.8515,7.4412,-0.2209,0.1784,-0.3269,-1.7573,-6.6176,5.3032,-0.0404,0.3240,-0.2666
2.2505,-2.6528,7.8506,-0.2036,0.2068,-0.2926,-2.5474,-6.9025,5.2074,-0.0542,0.3536,-0.2489
2.2027,-2.6480,7.6998,-0.1302,0.0060,-0.2090,-2.4660,-6.7995,5.1930,0.0420,0.0476,-0.1692
2.6432,-2.8347,7.5274,-0.1132,-0.1017,-0.1211,-2.0135,-6.8809,5.2577,0.0250,-0.0139,-0.1030
2.8323,-2.9090,7.4484,-0.0710,-0.0071,-0.0565,-1.9010,-6.8881,5.2433,-0.0606,0.0159,-0.0107
2.5426,-2.8132,7.6279,-0.0326,0.0473,0.0229,-2.1021,-6.9480,5.1523,-0.1062,0.0546,0.0620
2.3248,-2.6049,7.7955,0.0228,-0.0432,0.1200,-2.3463,-6.8785,5.2194,-0.0767,-0.1340,0.1334
2.7438,-2.5426,7.7812,0.0582,-0.2229,0.2284,-2.1476,-6.6702,5.3486,-0.0159,-0.3127,0.1977
3.2250,-2.6264,7.2832,0.0797,-0.2190,0.2815,-1.6712,-6.3829,5.5593,-0.0425,-0.3491,0.2579
3.4620,-2.6312,7.3981,0.0745,-0.1140,0.2825,-1.5299,-6.3303,5.7652,-0.1065,-0.1768,0.2518
3.3734,-2.6456,7.5441,0.0509,-0.0922,0.2737,-1.6113,-6.2824,5.9999,-0.1254,-0.2078,0.2645
3.2417,-2.4301,7.6447,0.0754,-0.0755,0.2157,-1.7238,-6.2800,5.8203,-0.0666,-0.1302,0.2208
3.2872,-2.2817,7.4867,0.0885,-0.1591,0.2085,-1.7597,-6.2106,5.9256,0.0016,-0.2341,0.2238
3.4620,-2.1620,7.3813,0.0878,-0.1720,0.2222,-1.7119,-5.9927,5.9927,0.0055,-0.2114,0.2140
3.6129,-2.0279,7.3071,0.0620,-0.1018,0.2318,-1.7909,-5.8251,5.9735,-0.0565,-0.1861,0.2298
3.4213,-1.9704,7.3263,0.0103,0.0111,0.2146,-1.8842,-5.8395,5.8873,-0.1376,-0.0794,0.1909
3.0646,-2.0686,7.5561,-0.0678,0.0566,0.2229,-2.0901,-6.0669,5.7389,-0.1908,-0.0244,0.1503
3.0502,-2.2841,7.5776,-0.0839,0.0458,0.2130,-1.9680,-6.3183,5.6982,-0.1831,-0.1019,0.1543
2.9928,-2.4229,7.5920,-0.0806,0.0244,0.2004,-2.0159,-6.4931,5.7174,-0.1707,-0.0689,0.1355
2.9521,-2.5355,7.6902,-0.0482,0.0037,0.1720,-1.9752,-6.5194,5.5641,-0.1362,-0.0897,0.1268
2.9137,-2.6647,7.5154,-0.0157,-0.0835,0.1769,-1.8771,-6.5984,5.4731,-0.0802,-0.1693,0.1520
2.9640,-2.4086,7.4699,0.0473,-0.0556,0.2534,-2.0423,-6.3901,5.5976,-0.1038,-0.1278,0.2246
3.1675,-2.3918,7.5609,0.0111,-0.0970,0.2998,-1.9441,-6.3949,5.7006,-0.1267,-0.2185,0.2530
3.0718,-2.3750,7.5417,0.0321,-0.0747,0.3055,-1.9297,-6.2728,5.6527,-0.1246,-0.2113,0.2573
3.2082,-2.3535,7.4819,0.0332,-0.0811,0.3087,-1.8340,-6.3255,5.7581,-0.1199,-0.2168,0.2677
3.2034,-2.3990,7.6351,0.0536,-0.0993,0.2966,-1.9609,-6.2704,5.8849,-0.1031,-0.2049,0.2594
3.0742,-2.5019,7.4436,0.0597,-0.1648,0.2910,-1.8364,-6.4500,5.7916,-0.0453,-0.2689,0.2655
3.0837,-2.3894,7.2903,0.0671,-0.1022,0.3124,-1.7526,-6.1794,5.5426,-0.0746,-0.2032,0.2586
3.1436,-2.2386,7.6207,0.0225,-0.1017,0.3166,-2.1093,-6.2465,5.8035,-0.1034,-0.2114,0.2451
3.2250,-2.2529,7.4555,-0.0023,-0.0775,0.3091,-1.8914,-6.1316,5.6862,-0.1452,-0.2402,0.2403
3.2226,-2.3320,7.4939,-0.0189,-0.0687,0.3046,-1.7980,-6.2728,5.7365,-0.1460,-0.2042,0.2274
3.2130,-2.3798,7.4029,0.0119,-0.0814,0.3000,-1.7813,-6.2896,5.7868,-0.1260,-0.2097,0.2334
3.2705,-2.2218,7.5082,0.0392,-0.1170,0.3104,-1.9441,-6.2321,5.9089,-0.1180,-0.2274,0.2498
3.3255,-2.2601,7.3741,0.0329,-0.0857,0.3067,-1.7813,-6.0956,5.8730,-0.1406,-0.2178,0.2646
3.1484,-2.3152,7.6806,0.0252,-0.0730,0.2910,-1.9273,-6.2130,5.9328,-0.1284,-0.1843,0.2491
3.0358,-2.3942,7.6136,0.0260,-0.1807,0.2866,-1.9776,-6.4404,5.7293,-0.0422,-0.2932,0.2457
3.2441,-2.4469,7.6423,0.0557,-0.2278,0.2996,-2.0135,-6.4236,5.6647,-0.0095,-0.3563,0.2879
3.1987,-2.2936,7.2544,0.0466,-0.1533,0.3649,-1.7430,-6.1938,5.6144,-0.0891,-0.3000,0.3035
3.3567,-2.2673,7.3861,0.0338,-0.1424,0.3615,-1.7166,-6.0837,5.7557,-0.1005,-0.2831,0.2717
3.6081,-2.1859,7.4771,0.0384,-0.1407,0.3503,-1.6448,-5.9735,6.1770,-0.0942,-0.2723,0.2790
3.6009,-2.2194,7.3478,0.0180,-0.0601,0.3087,-1.6927,-5.9544,6.0214,-0.1330,-0.1585,0.2509
3.3926,-2.1572,7.6088,0.0328,-0.0137,0.2574,-1.8627,-6.0406,5.9544,-0.1323,-0.1103,0.2242
3.3950,-2.1069,7.3406,0.0184,-0.0913,0.2381,-1.8603,-5.9113,5.9568,-0.0911,-0.1768,0.1957
3.5219,-2.0063,7.3861,0.0175,-0.1208,0.2140,-1.7693,-5.8083,5.9807,-0.0781,-0.1916,0.1808
3.8714,-2.0470,7.4627,-0.0044,-0.0905,0.1791,-1.5874,-5.8012,6.2968,-0.0783,-0.1620,0.1436
4.0366,-2.0518,7.3646,-0.0191,-0.1092,0.1167,-1.4605,-5.6431,6.5027,-0.0494,-0.1677,0.1126
4.1108,-1.9896,7.1419,-0.0393,-0.0526,0.0332,-1.2833,-5.4899,6.4572,-0.0274,-0.0378,0.0365
3.8116,-1.8052,7.3310,-0.0882,0.0329,-0.0584,-1.6664,-5.4947,6.4260,-0.0191,0.0921,-0.0670
3.5674,-1.9752,7.4053,-0.1398,0.0193,-0.1298,-1.7406,-5.7772,6.2584,0.0015,0.0801,-0.1108
3.5458,-2.1332,7.4891,-0.1685,0.0432,-0.2137,-1.7310,-5.9280,6.0789,0.0103,0.1656,-0.1849
3.4907,-2.1117,7.3574,-0.1743,0.0277,-0.2289,-1.7190,-5.9209,5.8969,0.0245,0.1271,-0.1977
3.3279,-2.1452,7.3191,-0.1756,0.0798,-0.2513,-1.7286,-5.9592,5.8107,0.0215,0.2110,-0.2242
3.4405,-2.1668,7.4771,-0.1908,0.0520,-0.2623,-1.8627,-5.9472,5.9352,0.0237,0.1935,-0.2380
3.3351,-2.0590,7.5154,-0.1924,0.0779,-0.2779,-1.8938,-5.9185,6.0071,-0.0012,0.2154,-0.2394
3.3064,-2.1404,7.4723,-0.2086,0.0913,-0.2930,-1.8914,-5.9855,5.8347,-0.0117,0.2192,-0.2491
3.2801,-2.1883,7.3957,-0.2014,0.0497,-0.3127,-1.7406,-6.0621,5.9616,0.0292,0.1919,-0.2650
3.4884,-2.2577,7.3957,-0.2056,-0.0201,-0.3287,-1.7095,-6.0047,6.0741,0.0705,0.1484,-0.2986
3.6536,-2.2936,7.5298,-0.2008,-0.0099,-0.3620,-1.6257,-6.0621,6.2704,0.0829,0.1695,-0.3099
3.6775,-2.3607,7.4579,-0.1936,0.0027,-0.3877,-1.4988,-6.0190,6.2393,0.0870,0.1860,-0.3087
3.7326,-2.3703,7.2975,-0.1880,0.0506,-0.4121,-1.5323,-5.9424,6.0023,0.0777,0.2501,-0.3204
3.6559,-2.3224,7.4651,-0.1896,0.0501,-0.4128,-1.6759,-6.0118,6.0717,0.0746,0.2662,-0.3265
3.5865,-2.2553,7.4843,-0.1993,0.0604,-0.4205,-1.7789,-5.9568,6.1172,0.0650,0.2515,-0.3242
3.5099,-2.3343,7.4843,-0.2030,0.0910,-0.4672,-1.6688,-6.0885,6.0358,0.0743,0.3048,-0.3525
3.4548,-2.2649,7.3334,-0.2340,0.1274,-0.4616,-1.6305,-5.9400,5.8921,0.0442,0.3219,-0.3673
3.3782,-2.2745,7.4101,-0.2653,0.1488,-0.4547,-1.7813,-5.9999,5.9831,0.0144,0.3492,-0.3854
3.5267,-2.2146,7.4555,-0.2690,0.1478,-0.4686,-1.7262,-5.9424,5.9472,0.0093,0.3444,-0.3921
3.4644,-2.1380,7.4077,-0.2782,0.1490,-0.4939,-1.7909,-5.9783,5.9017,-0.0007,0.3695,-0.3925
3.3136,-2.4517,7.4891,-0.2667,0.1540,-0.4972,-1.7861,-6.2369,5.8610,0.0039,0.3544,-0.3916
3.1963,-2.4588,7.6399,-0.2475,0.1490,-0.4968,-1.9106,-6.2776,5.7964,0.0261,0.3519,-0.3884
3.1915,-2.4086,7.4555,-0.2153,0.0719,-0.4627,-1.8675,-6.3231,5.7916,0.0715,0.2739,-0.3672
3.2992,-2.4684,7.4699,-0.2029,0.0460,-0.4318,-1.7406,-6.2872,5.7772,0.0725,0.2605,-0.3505
3.3351,-2.4900,7.4723,-0.2116,0.1159,-0.4270,-1.8076,-6.2656,5.7174,0.0404,0.3172,-0.3397
3.0430,-2.4421,7.4508,-0.2176,0.1083,-0.4173,-1.8411,-6.3159,5.6767,0.0309,0.2864,-0.3463
3.1556,-2.5402,7.5034,-0.2197,0.0502,-0.4084,-1.8172,-6.4141,5.7269,0.0600,0.2325,-0.3457
3.2705,-2.7773,7.1419,-0.2589,0.0528,-0.3918,-1.5323,-6.4787,5.6862,0.0260,0.2595,-0.3320
2.7964,-2.7797,7.6016,-0.2491,0.2523,-0.4037,-1.9201,-6.7277,5.3750,-0.0641,0.4642,-0.3695
2.1524,-2.6336,7.9679,-0.2542,0.2037,-0.3537,-2.4612,-6.9312,5.1260,-0.0464,0.3311,-0.3039
2.1380,-2.6863,7.7309,-0.1560,0.0298,-0.2529,-2.4708,-6.9192,5.1044,0.0380,0.0887,-0.2024
2.7198,-2.9185,7.6830,-0.1192,-0.1439,-0.1112,-2.0997,-6.9719,5.1906,0.0306,-0.0855,-0.0815
2.7126,-2.9042,7.4819,-0.0437,0.0246,-0.0037,-1.9800,-6.9959,5.1451,-0.1021,0.0143,0.0432
2.4924,-2.7845,7.4124,0.0216,0.0386,0.1144,-2.0662,-6.8450,5.0398,-0.1290,-0.0412,0.1344
2.5426,-2.6815,7.7716,0.0398,-0.0986,0.2477,-2.1907,-6.8594,5.1978,-0.1095,-0.2069,0.2193
2.9521,-2.7078,7.5178,0.1086,-0.1737,0.3435,-1.8675,-6.6367,5.6216,-0.0730,-0.3258,0.3200
3.1675,-2.6671,7.4939,0.0914,-0.1356,0.3556,-1.6783,-6.5074,5.8275,-0.1090,-0.2411,0.3071
3.3806,-2.6097,7.4460,0.0997,-0.1675,0.3681,-1.6496,-6.3207,5.9975,-0.0687,-0.3319,0.3301
3.3710,-2.3727,7.3574,0.1051,-0.1182,0.3698,-1.7621,-6.0861,5.7940,-0.0998,-0.2226,0.3247
3.5578,-2.1308,7.5346,0.0721,-0.0967,0.3914,-1.8172,-6.0478,5.9927,-0.1422,-0.2433,0.3363
3.5482,-2.1524,7.6638,0.0954,-0.0834,0.3844,-1.8435,-6.0980,6.0741,-0.1560,-0.2312,0.3500
3.4453,-2.2841,7.4460,0.0921,-0.1182,0.3635,-1.6783,-6.1244,5.8897,-0.1348,-0.2884,0.3473
3.4716,-2.2913,7.3646,0.1182,-0.0958,0.3656,-1.5945,-6.1435,5.8993,-0.1411,-0.2361,0.3600
3.3447,-2.2338,7.2832,0.0628,0.0052,0.3401,-1.6113,-6.1100,5.8323,-0.1949,-0.1561,0.3195
2.9951,-2.2649,7.7596,0.0608,0.0045,0.3367,-2.1165,-6.3686,5.6886,-0.1609,-0.1232,0.2838
2.9042,-2.2817,7.5944,0.0574,-0.1577,0.3381,-2.1213,-6.2656,5.6647,-0.0606,-0.3060,0.2802
3.1029,-2.2625,7.4603,0.0390,-0.1613,0.3371,-1.9154,-6.1411,5.5952,-0.0877,-0.3052,0.2830
3.1388,-2.4205,7.3957,0.0207,-0.0492,0.3444,-1.9010,-6.2991,5.5761,-0.1547,-0.1937,0.2741
3.0598,-2.3463,7.6351,0.0322,-0.0569,0.3617,-1.9800,-6.3446,5.6814,-0.1548,-0.2232,0.2823
3.1508,-2.2793,7.4723,0.0280,-0.1031,0.3736,-1.9154,-6.2106,5.7030,-0.1499,-0.2828,0.2880
3.3208,-2.2936,7.4651,0.0207,-0.1094,0.3782,-1.8172,-6.2273,5.7341,-0.1593,-0.2525,0.2856
3.4309,-2.3463,7.6710,0.0310,-0.0918,0.3720,-1.7669,-6.2800,5.9496,-0.1625,-0.2643,0.3002
3.2561,-2.3439,7.3933,0.0442,-0.0914,0.3825,-1.7813,-6.2824,5.7772,-0.1564,-0.2699,0.3092
3.3758,-2.4876,7.5202,0.0670,-0.1460,0.3997,-1.7645,-6.3422,5.9999,-0.1087,-0.2964,0.3320
3.3710,-2.3439,7.5130,0.1176,-0.1246,0.4120,-1.7190,-6.2393,5.8203,-0.0823,-0.2844,0.3517
3.3064,-2.2170,7.3071,0.1033,-0.1078,0.4122,-1.8651,-6.1148,5.7557,-0.1078,-0.2686,0.3544
3.2801,-2.1572,7.4077,0.0707,-0.1403,0.4267,-1.8364,-6.1890,5.7581,-0.1279,-0.3180,0.3572
3.4046,-2.4062,7.5178,0.0697,-0.1472,0.4223,-1.7717,-6.2177,5.9496,-0.1223,-0.3060,0.3579
3.3255,-2.4014,7.6447,0.0923,-0.1531,0.4042,-1.7190,-6.2153,5.8682,-0.0939,-0.3126,0.3481
3.3639,-2.3607,7.4316,0.0927,-0.1892,0.3920,-1.7526,-6.1770,5.8682,-0.0701,-0.3388,0.3441
3.3662,-2.2482,7.3646,0.0819,-0.1868,0.3804,-1.6975,-6.0717,5.8730,-0.0608,-0.3247,0.3192
3.5267,-2.1500,7.3933,0.0721,-0.1720,0.3740,-1.7549,-5.9735,6.0023,-0.0594,-0.3024,0.3036
3.5769,-2.1069,7.4579,0.0699,-0.1589,0.3525,-1.8962,-5.9999,5.9640,-0.0799,-0.2864,0.2959
3.5075,-2.0925,7.4148,0.0644,-0.1467,0.3632,-1.8100,-5.8442,5.9568,-0.1122,-0.2988,0.3071
3.5721,-2.0470,7.4579,0.0462,-0.1541,0.3697,-1.6735,-5.8012,5.9831,-0.1339,-0.3026,0.3078
3.8475,-1.9824,7.4220,0.0600,-0.1263,0.3667,-1.5945,-5.7604,6.2872,-0.1392,-0.2892,0.3132
4.1396,-1.9369,7.4292,0.0592,-0.1308,0.3091,-1.3551,-5.5258,6.5864,-0.1005,-0.2473,0.2575
4.3431,-1.7789,7.2089,0.0488,-0.1771,0.2368,-1.2833,-5.3127,6.7397,-0.0356,-0.2653,0.1993
4.4556,-1.6640,6.9887,-0.0036,-0.1204,0.1263,-1.1732,-4.9799,6.6631,-0.0346,-0.1399,0.0833
4.3718,-1.5227,6.9384,-0.1074,0.0240,-0.0067,-1.3048,-4.9704,6.6822,-0.0847,0.0384,-0.0405
3.8475,-1.6185,7.5920,-0.2114,0.1671,-0.1147,-1.9225,-5.5115,6.4907,-0.1116,0.2418,-0.1491
3.8140,-1.9728,7.4747,-0.1933,-0.0004,-0.1951,-1.6951,-5.7317,6.4620,0.0111,0.0221,-0.1652
3.8906,-2.1045,7.3047,-0.1791,-0.0253,-0.2725,-1.4772,-5.7365,6.2130,0.0822,0.1845,-0.2441
3.9361,-2.2482,7.2209,-0.2129,0.0969,-0.3208,-1.3384,-5.8131,6.1196,0.0257,0.2228,-0.2758
3.5051,-2.1524,7.3789,-0.2004,0.1311,-0.3667,-1.7262,-6.0478,6.3470,0.0442,0.3648,-0.3154
3.6033,-2.1404,7.6136,-0.1623,0.1021,-0.3881,-1.7047,-5.9017,6.0262,0.0694,0.2589,-0.2850
3.5626,-2.0925,7.0964,-0.1937,0.1424,-0.3778,-1.6664,-5.7461,5.7964,-0.0004,0.3038,-0.2663
3.0239,-2.1021,7.5250,-0.2140,0.2298,-0.3838,-1.9824,-6.0645,5.5545,-0.0364,0.4215,-0.3175
3.2920,-2.1835,7.7405,-0.1936,-0.0949,-0.3521,-1.8244,-5.9616,6.0837,0.1412,0.0493,-0.3235
4.0031,-2.1835,7.3789,-0.2316,-0.1775,-0.3820,-1.3838,-5.8323,6.4500,0.1745,0.0502,-0.3746
4.1635,-2.1261,7.3191,-0.2438,0.0217,-0.4610,-1.4509,-5.7030,6.4835,0.1051,0.2297,-0.3882
3.9385,-2.1524,7.1658,-0.2687,0.0737,-0.4834,-1.3599,-5.7126,6.3446,0.0508,0.3142,-0.4113
3.8427,-2.2146,7.2449,-0.2629,0.1215,-0.5195,-1.4006,-5.8227,6.1746,0.0481,0.3724,-0.4403
3.6464,-2.2865,7.3622,-0.2646,0.0891,-0.5084,-1.4892,-5.9209,6.1699,0.0667,0.3176,-0.4214
3.5314,-2.2194,7.2975,-0.2578,0.1470,-0.5183,-1.5993,-5.9855,6.0334,0.0592,0.3830,-0.4398
3.5817,-2.3248,7.4268,-0.2586,0.0926,-0.5075,-1.6927,-6.1627,6.0813,0.0851,0.3295,-0.4289
3.5626,-2.3224,7.4196,-0.2134,0.0758,-0.4994,-1.6209,-6.1244,6.0813,0.0982,0.3039,-0.3952
3.5506,-2.3320,7.2999,-0.2116,0.1597,-0.4784,-1.6089,-6.0525,5.8203,0.0290,0.3667,-0.3691
3.2825,-2.2793,7.2784,-0.2630,0.1911,-0.4664,-1.7358,-6.0837,5.7820,-0.0185,0.3802,-0.3780
3.2920,-2.3894,7.5800,-0.2526,0.0978,-0.4461,-1.8052,-6.2728,5.9855,0.0294,0.2879,-0.3828
3.6033,-2.4062,7.4316,-0.2220,0.0534,-0.4498,-1.6161,-6.0932,5.9999,0.0572,0.2415,-0.3624
3.4692,-2.3104,7.2640,-0.2409,0.1455,-0.4626,-1.5802,-6.0478,5.8562,0.0071,0.3392,-0.3681
3.2633,-2.4493,7.4148,-0.2597,0.1747,-0.4590,-1.7358,-6.1746,5.8227,0.0020,0.3564,-0.3758
3.2058,-2.4301,7.5753,-0.2481,0.0923,-0.4297,-1.8004,-6.3805,5.7868,0.0509,0.2866,-0.3660
3.2537,-2.3774,7.4675,-0.1700,0.0039,-0.3968,-1.7669,-6.2273,5.9496,0.0999,0.1789,-0.3142
3.4357,-2.2913,7.3502,-0.1980,0.0786,-0.3721,-1.6616,-6.0837,5.7293,0.0159,0.2657,-0.2942
3.1795,-2.3152,7.4340,-0.2133,0.1512,-0.3489,-1.9201,-6.2082,5.7485,-0.0330,0.2955,-0.2731
3.0526,-2.4972,7.5226,-0.2022,0.0686,-0.3155,-1.8531,-6.4021,5.6575,-0.0109,0.2016,-0.2513
3.1196,-2.6767,7.4579,-0.1955,0.0582,-0.2769,-1.6448,-6.3805,5.6360,-0.0095,0.1567,-0.2281
2.8970,-2.7629,7.5034,-0.1747,0.1166,-0.2445,-1.9537,-6.7325,5.3702,-0.0749,0.2607,-0.1988
2.3104,-2.6695,7.9895,-0.1816,0.2242,-0.1888,-2.5929,-7.0677,5.0661,-0.1476,0.3064,-0.1359
1.7741,-2.6935,7.5417,-0.1439,0.1111,-0.0404,-2.6504,-7.1850,4.4987,-0.1692,0.0233,0.0049
2.1165,-3.0454,7.5154,-0.0755,-0.0669,0.1374,-2.0351,-7.2449,4.8961,-0.1568,-0.1547,0.1174
2.7222,-3.2082,7.8243,0.0532,-0.1648,0.2948,-1.9656,-7.3119,5.4899,-0.1239,-0.2328,0.2459
3.0239,-2.9329,7.5537,0.1479,-0.1583,0.3404,-1.6664,-6.7612,5.3367,-0.0841,-0.3186,0.3391
3.4261,-2.6839,7.4771,0.1123,-0.1773,0.3814,-1.4940,-6.3470,5.9185,-0.0921,-0.2992,0.3317
3.5147,-2.3607,7.3502,0.1672,-0.1676,0.3898,-1.4844,-6.0908,6.1292,-0.0533,-0.3126,0.3504
3.7206,-2.1452,7.2951,0.1328,-0.1791,0.4720,-1.5467,-5.9496,6.0166,-0.0773,-0.2818,0.3419
3.9025,-2.0734,7.6782,0.0492,-0.0926,0.4229,-1.7071,-6.0094,6.3207,-0.1663,-0.2462,0.3268
3.6224,-2.1165,7.4675,0.0625,-0.0099,0.3944,-1.7310,-6.0382,6.2249,-0.2005,-0.2229,0.3230
3.4931,-2.2218,7.0437,0.0385,-0.0710,0.3653,-1.3479,-5.7820,5.6024,-0.1735,-0.2751,0.3399
3.2561,-2.4708,7.4962,0.0418,0.0092,0.3548,-1.8747,-6.3518,5.8730,-0.1889,-0.0987,0.3172
2.9736,-2.4995,7.8290,0.1172,-0.0678,0.3476,-2.0877,-6.5146,5.9855,-0.0963,-0.2446,0.3480
2.9928,-2.3511,7.5585,0.1446,-0.2405,0.3552,-1.9704,-6.3063,5.7030,0.0008,-0.3464,0.3585
3.0047,-2.1811,7.2640,0.1287,-0.1559,0.3401,-1.7717,-6.0525,5.4947,-0.0250,-0.2767,0.3431
2.9712,-2.1787,7.2760,0.0823,-0.1499,0.3463,-2.0399,-6.1794,5.4444,-0.0655,-0.2465,0.3023
2.9688,-2.1931,7.7812,0.0821,-0.1864,0.3672,-2.1907,-6.3542,5.7269,-0.0550,-0.3111,0.3103
3.1963,-2.1835,7.5513,0.0885,-0.2553,0.3801,-1.9561,-6.0454,5.8107,-0.0370,-0.4028,0.3155
3.6847,-2.1644,7.2880,0.0545,-0.2376,0.3597,-1.5036,-5.7988,6.0238,-0.0572,-0.3627,0.2678
3.8355,-2.1835,7.2185,0.0458,-0.1943,0.3480,-1.4916,-5.7964,6.2393,-0.0787,-0.3140,0.2683
3.9169,-2.0949,7.2281,0.0663,-0.1342,0.3291,-1.5227,-5.8730,6.3135,-0.0977,-0.2531,0.2629
3.8331,-2.0901,7.2760,0.0364,-0.0719,0.3194,-1.5610,-5.8395,6.1292,-0.1360,-0.2054,0.2565
3.6895,-2.0255,7.4795,0.0436,-0.1014,0.3279,-1.7214,-5.9975,6.0956,-0.1112,-0.2178,0.2651
3.8068,-2.1189,7.3239,0.0706,-0.1681,0.3513,-1.4820,-5.8802,6.2225,-0.0862,-0.3352,0.3031
3.8164,-2.1284,7.3837,0.0430,-0.0846,0.3376,-1.5323,-5.9041,6.2297,-0.1270,-0.1903,0.2647
3.6966,-2.1787,7.3813,0.0388,-0.0922,0.3377,-1.5730,-5.9472,6.1100,-0.1108,-0.2635,0.2866
3.6775,-2.2697,7.4555,0.0111,-0.0822,0.3413,-1.6065,-6.0501,6.0908,-0.1382,-0.2050,0.2638
3.6966,-2.1907,7.4244,0.0215,-0.0458,0.3324,-1.5682,-6.0094,6.0669,-0.1404,-0.2110,0.2613
3.6583,-2.2649,7.2927,0.0234,-0.0638,0.3134,-1.5874,-5.9376,6.0717,-0.1192,-0.1915,0.2589
3.6248,-2.1835,7.3622,0.0377,-0.0541,0.3016,-1.6233,-5.9376,6.1028,-0.1159,-0.1764,0.2621
3.5650,-2.2434,7.5920,0.0546,-0.1013,0.2805,-1.7454,-6.0166,6.1938,-0.0706,-0.1791,0.2601
3.7254,-2.1117,7.4795,0.0989,-0.1945,0.2627,-1.5993,-5.8849,6.1675,0.0064,-0.2883,0.2813
4.0294,-1.9585,7.5705,0.1396,-0.1893,0.2570,-1.6592,-5.7293,6.5529,0.0216,-0.2397,0.2787
4.3790,-1.7885,7.4939,0.1683,-0.2221,0.1739,-1.4605,-5.2792,6.7995,0.1123,-0.2378,0.2330
4.3455,-1.4341,6.9025,0.1136,-0.2366,0.1259,-1.4461,-4.8578,6.4883,0.1147,-0.2236,0.1639
4.5657,-1.3886,6.6870,-0.0136,-0.1334,0.0538,-1.0295,-4.7333,6.6248,0.0244,-0.1122,0.0433
4.5250,-1.4653,7.0605,-0.1336,-0.0037,-0.0636,-1.2905,-4.8554,7.0198,-0.0412,0.0606,-0.1005
4.3503,-1.5562,7.3310,-0.2108,0.0953,-0.1736,-1.3767,-5.2050,6.8163,-0.0715,0.1651,-0.1756
4.4580,-1.8004,7.2903,-0.2522,0.1095,-0.2647,-1.3048,-5.3415,6.7109,-0.0758,0.2241,-0.2461
4.1707,-1.9728,7.1706,-0.2786,0.2276,-0.3491,-1.2785,-5.6120,6.4428,-0.1001,0.3853,-0.3031
3.7302,-2.0925,7.3861,-0.2606,0.1867,-0.3760,-1.6137,-5.8299,6.2321,-0.0400,0.3272,-0.3168
3.7062,-2.1069,7.2975,-0.2360,0.0542,-0.3601,-1.6879,-5.8730,6.1866,0.0317,0.2226,-0.3172
3.7757,-2.0638,7.4292,-0.2245,0.0449,-0.3547,-1.6424,-5.8562,6.1363,0.0417,0.2074,-0.3186
3.6488,-2.0039,7.2688,-0.2120,0.0778,-0.3284,-1.6017,-5.7557,6.1770,0.0252,0.2214,-0.2936
3.6823,-2.0973,7.2856,-0.2188,0.0913,-0.3118,-1.6592,-5.8466,6.1914,0.0087,0.2330,-0.2894
3.5075,-2.0973,7.3310,-0.2169,0.0830,-0.3186,-1.7214,-5.9328,6.0358,0.0133,0.2322,-0.2994
3.5554,-2.1763,7.4124,-0.2326,0.0754,-0.3204,-1.6807,-5.9089,6.0286,0.0213,0.2072,-0.2939
3.5506,-2.2170,7.4340,-0.2317,0.0733,-0.3388,-1.6903,-5.8897,6.1627,0.0173,0.2181,-0.3079
3.7158,-2.1955,7.2568,-0.2200,0.0520,-0.3449,-1.5921,-5.7868,6.0861,0.0161,0.2005,-0.3027
3.6536,-2.1261,7.1874,-0.2281,0.0989,-0.3753,-1.5036,-5.8059,6.1675,-0.0068,0.2603,-0.3273
3.7206,-2.1859,7.5034,-0.2689,0.0799,-0.3949,-1.5754,-5.9256,6.1100,-0.0095,0.2427,-0.3509
3.6105,-2.2314,7.3478,-0.2533,0.0663,-0.4037,-1.5443,-5.9065,6.2560,0.0204,0.2290,-0.3563
3.7038,-2.2625,7.3143,-0.2590,0.0474,-0.4076,-1.4269,-5.9041,6.1866,0.0349,0.2217,-0.3564
3.7158,-2.2338,7.3550,-0.2662,0.0917,-0.4049,-1.5419,-6.0286,6.1818,0.0181,0.2818,-0.3628
3.7637,-2.3487,7.5154,-0.2373,0.0973,-0.3954,-1.6137,-6.0980,6.1435,0.0277,0.2685,-0.3404
3.5745,-2.2721,7.2281,-0.2232,0.0922,-0.3864,-1.6520,-6.0190,5.9209,0.0203,0.2603,-0.3219
3.6129,-2.3176,7.3119,-0.2346,0.1400,-0.3748,-1.5874,-5.9831,5.9448,-0.0224,0.2882,-0.3088
3.5267,-2.3870,7.4675,-0.2153,0.1319,-0.3749,-1.6568,-6.1124,6.0310,-0.0081,0.2815,-0.2935
3.4931,-2.3535,7.4436,-0.1940,0.0831,-0.3664,-1.7238,-6.1507,5.9520,0.0156,0.2439,-0.2859
3.5410,-2.3870,7.3310,-0.2081,0.1222,-0.3605,-1.5778,-6.0908,5.9161,-0.0109,0.2574,-0.2759
3.4189,-2.3104,7.4316,-0.1944,0.1136,-0.3604,-1.6616,-6.0310,6.0693,-0.0013,0.2765,-0.2774
3.5482,-2.3679,7.4508,-0.1789,0.0544,-0.3403,-1.6688,-6.1076,6.0382,0.0381,0.2005,-0.2637
3.6009,-2.2601,7.3909,-0.1900,0.0861,-0.3433,-1.6305,-5.9951,6.0094,0.0152,0.2427,-0.2662
3.4333,-2.1931,7.5417,-0.1784,0.0891,-0.3377,-1.7909,-6.0094,6.0023,0.0188,0.2281,-0.2654
3.6512,-2.1859,7.3263,-0.1747,0.0175,-0.3219,-1.5467,-5.8419,6.1363,0.0417,0.1673,-0.2634
3.7541,-2.1835,7.1204,-0.2164,0.0946,-0.3484,-1.5897,-5.9304,5.9831,-0.0233,0.2543,-0.2868
3.3615,-2.3104,7.3263,-0.2622,0.1897,-0.3580,-1.6927,-6.0478,5.8035,-0.0797,0.3329,-0.3184
3.1915,-2.4636,7.5609,-0.2462,0.1259,-0.3489,-1.8603,-6.3398,5.7509,-0.0237,0.2654,-0.2899
3.1891,-2.5115,7.6423,-0.2076,0.0297,-0.3224,-1.7430,-6.3638,5.8658,0.0405,0.1816,-0.2898
3.4046,-2.4708,7.4579,-0.2001,0.0352,-0.3144,-1.7047,-6.2584,5.6910,0.0289,0.1672,-0.2669
3.3160,-2.5498,7.4124,-0.2328,0.0841,-0.2786,-1.6352,-6.4093,5.6599,-0.0381,0.2281,-0.2389
2.7725,-2.6073,7.6543,-0.2010,0.1792,-0.2298,-2.1380,-6.6248,5.4181,-0.0883,0.2770,-0.2049
2.4325,-2.6121,7.7165,-0.1491,0.0683,-0.1355,-2.3080,-6.7708,5.2074,-0.0509,0.0946,-0.1063
2.7318,-2.7126,7.4364,-0.1179,-0.0649,-0.0514,-1.9848,-6.7301,5.2433,-0.0254,-0.0641,-0.0485
2.9904,-2.9521,7.6112,-0.0597,-0.0648,0.0253,-1.8962,-6.9121,5.4971,-0.0492,-0.0456,0.0354
2.8850,-2.7533,7.6854,0.0342,-0.0338,0.0965,-1.9010,-6.7109,5.6431,-0.0373,-0.0891,0.1238
3.2753,-2.4828,7.4531,0.0449,-0.0829,0.2305,-1.6975,-6.3422,5.7126,-0.0975,-0.1560,0.2114
3.4979,-2.5762,7.5393,0.0626,-0.0659,0.2598,-1.6712,-6.3207,5.8323,-0.1054,-0.1720,0.2498
3.4357,-2.4948,7.5130,0.0777,-0.0937,0.2896,-1.6089,-6.2513,5.9137,-0.0987,-0.2018,0.2686
3.5674,-2.4541,7.4939,0.0838,-0.0870,0.2992,-1.6664,-6.2082,5.9137,-0.1047,-0.2100,0.2930
3.4860,-2.2242,7.4579,0.1103,-0.0877,0.3138,-1.6544,-6.1435,6.0573,-0.1041,-0.2040,0.3123
3.6033,-2.2960,7.3765,0.1240,-0.1119,0.3331,-1.6616,-5.9927,6.0932,-0.0954,-0.2471,0.3215
3.7110,-2.1763,7.3119,0.1051,-0.0813,0.3369,-1.5036,-5.9592,6.1100,-0.1227,-0.2212,0.3242
3.5721,-2.0806,7.2832,0.0778,-0.0004,0.3136,-1.6328,-5.9520,6.0908,-0.1480,-0.1258,0.2908
3.2537,-2.1284,7.4029,0.0380,0.0147,0.2924,-1.9034,-5.9161,5.7533,-0.1475,-0.1204,0.2545
3.1699,-2.0830,7.5609,0.0244,-0.1148,0.2726,-2.0255,-6.0573,5.8514,-0.0722,-0.2246,0.2376
3.2561,-2.1284,7.5130,0.0489,-0.1676,0.2690,-1.9225,-6.1292,5.7269,-0.0377,-0.2579,0.2356
3.3615,-2.2146,7.4723,0.0485,-0.0902,0.2630,-1.7957,-6.1268,5.7700,-0.0630,-0.1845,0.2443
3.3136,-2.1668,7.4101,0.0382,-0.0538,0.2653,-1.8603,-6.0717,5.7868,-0.0982,-0.1672,0.2373
3.1699,-2.1165,7.4986,0.0183,-0.0750,0.2778,-1.9154,-6.1387,5.6767,-0.1190,-0.1844,0.2246
3.2968,-2.2936,7.3646,0.0095,-0.0866,0.2996,-1.7526,-6.1842,5.7221,-0.1380,-0.2170,0.2437
3.3710,-2.4253,7.5010,0.0019,-0.0473,0.3186,-1.6903,-6.3087,5.9352,-0.1636,-0.2066,0.3012
3.3495,-2.4565,7.5848,0.0414,-0.0576,0.3284,-1.6831,-6.2465,5.9185,-0.1319,-0.2281,0.3176
3.5554,-2.2841,7.4316,0.0433,-0.1438,0.3439,-1.5538,-6.0190,5.9568,-0.1160,-0.2855,0.2922
3.6512,-2.1883,7.3478,0.0352,-0.0850,0.3503,-1.5395,-5.9807,6.0286,-0.1536,-0.2082,0.2742
3.6679,-2.2745,7.2975,0.0187,-0.0585,0.3501,-1.5969,-5.9711,6.0645,-0.1639,-0.2258,0.2626
3.5458,-2.2122,7.5250,0.0211,-0.0857,0.3612,-1.8196,-6.2321,6.0501,-0.1479,-0.2258,0.2759
3.5362,-2.1691,7.3143,0.0739,-0.1127,0.3671,-1.6855,-6.0142,6.0071,-0.1034,-0.2927,0.3011
3.5386,-2.2434,7.3861,0.0412,-0.1132,0.3776,-1.6592,-5.9664,5.9664,-0.1226,-0.2530,0.2992
3.4836,-2.2218,7.4364,0.0392,-0.0762,0.3722,-1.6927,-6.0525,6.0286,-0.1336,-0.2415,0.2964
3.4453,-2.3008,7.4101,0.0346,-0.1139,0.3575,-1.7621,-6.1411,5.8323,-0.1042,-0.2701,0.2899
3.4764,-2.2649,7.3957,0.0388,-0.1196,0.3623,-1.6352,-6.1172,6.0166,-0.1073,-0.2555,0.2854
3.5626,-2.2793,7.4101,0.0629,-0.1318,0.3425,-1.6496,-6.0262,6.0789,-0.0734,-0.2773,0.2910
3.6009,-2.1596,7.2592,0.0778,-0.1251,0.3179,-1.6089,-5.8562,6.0980,-0.0801,-0.2427,0.2927
3.5985,-1.9680,7.4508,0.0545,-0.0524,0.2960,-1.7885,-5.8897,6.0382,-0.1323,-0.1592,0.2622
3.3878,-2.0542,7.4220,0.0238,-0.0758,0.3030,-1.7502,-5.9328,5.8419,-0.1464,-0.2356,0.2663
3.3016,-2.1452,7.4723,0.0147,-0.0650,0.3144,-1.8052,-5.9855,5.7533,-0.1484,-0.1907,0.2423
3.4572,-2.2625,7.3191,0.0212,-0.1724,0.3198,-1.6783,-6.0023,5.9376,-0.0843,-0.3356,0.2395
3.9600,-2.2194,7.4508,0.0075,-0.1611,0.3047,-1.5275,-5.9831,6.4955,-0.0786,-0.2555,0.2268
4.3862,-2.1284,7.4555,0.0473,-0.1388,0.2260,-1.2737,-5.5426,6.6966,-0.0151,-0.2253,0.1857
4.5107,-1.7861,7.0653,0.0264,-0.1572,0.1354,-1.2043,-5.1834,6.6679,0.0065,-0.1804,0.1230
4.4939,-1.6376,6.7421,-0.0356,-0.0156,0.0436,-1.1971,-5.0542,6.6415,-0.0821,-0.0124,0.0460
4.2976,-1.6712,7.2401,-0.1118,0.1127,-0.0437,-1.4700,-5.2888,6.6463,-0.1167,0.1533,-0.0376
3.8571,-1.8364,7.4196,-0.1548,0.0878,-0.1123,-1.6520,-5.6527,6.4763,-0.0838,0.1451,-0.0993
3.8523,-2.1189,7.5800,-0.1442,0.0360,-0.1725,-1.5730,-5.8227,6.4500,-0.0076,0.1063,-0.1486
3.7757,-2.1213,7.4029,-0.1330,-0.0055,-0.2325,-1.5658,-5.7868,6.1962,0.0573,0.1212,-0.1913
3.6727,-2.1117,7.3478,-0.1535,0.0013,-0.2663,-1.5299,-5.7844,6.1244,0.0694,0.1306,-0.2222
3.7709,-2.0255,7.3670,-0.1753,-0.0011,-0.3018,-1.6879,-5.7628,6.0597,0.0921,0.1697,-0.2627
3.8834,-2.0566,7.3167,-0.1863,-0.0301,-0.3034,-1.5203,-5.7245,6.2345,0.0878,0.1147,-0.2606
3.7996,-2.1739,7.4196,-0.2022,0.0386,-0.3106,-1.5419,-5.8275,6.1579,0.0480,0.2065,-0.2775
3.7493,-2.1644,7.2353,-0.2134,0.0778,-0.3122,-1.5251,-5.8921,6.1842,0.0196,0.2225,-0.2777
3.6512,-2.2410,7.3837,-0.2074,0.0831,-0.3401,-1.6352,-5.9233,6.0573,0.0105,0.2513,-0.2778
3.5793,-2.1763,7.4196,-0.2046,0.0947,-0.3401,-1.7023,-5.9855,6.0454,0.0048,0.2352,-0.2710
3.5291,-2.2410,7.4651,-0.1977,0.0791,-0.3496,-1.6113,-5.9735,6.0597,0.0188,0.2229,-0.2822
3.6536,-2.1955,7.3598,-0.1964,0.0274,-0.3421,-1.5036,-5.8730,6.1507,0.0364,0.1739,-0.2774
3.7828,-2.2410,7.3406,-0.1939,0.0590,-0.3513,-1.4916,-5.8442,6.1818,0.0264,0.2220,-0.2862
3.7733,-2.1213,7.3191,-0.2052,0.0893,-0.3599,-1.5562,-5.8323,6.1938,0.0187,0.2481,-0.2916
3.8188,-2.2122,7.4388,-0.2144,0.0707,-0.3688,-1.6352,-5.8897,6.1938,0.0254,0.2353,-0.3108
3.6583,-2.1907,7.3765,-0.2190,0.0711,-0.3793,-1.5754,-5.8730,6.0813,0.0394,0.2368,-0.3243
3.7110,-2.1620,7.2880,-0.2284,0.0743,-0.3866,-1.5826,-5.8227,6.1387,0.0368,0.2450,-0.3299
3.7302,-2.1787,7.3334,-0.2297,0.0907,-0.4020,-1.5347,-5.9089,6.1794,0.0361,0.2715,-0.3451
3.7613,-2.3128,7.4148,-0.2317,0.0951,-0.4037,-1.5131,-6.0238,6.1603,0.0196,0.2671,-0.3344
3.5865,-2.2960,7.3837,-0.2345,0.1294,-0.4163,-1.5443,-5.9879,6.0286,0.0033,0.3178,-0.3376
3.4620,-2.3272,7.4388,-0.2118,0.1074,-0.4045,-1.7071,-6.1124,5.9759,0.0250,0.2787,-0.3239
3.5003,-2.3894,7.4364,-0.2190,0.0903,-0.4088,-1.5778,-6.1004,5.9735,0.0385,0.2753,-0.3288
3.4836,-2.3152,7.4220,-0.2162,0.0779,-0.3965,-1.7693,-6.0118,5.9472,0.0345,0.2517,-0.3214
3.4931,-2.3104,7.3358,-0.2177,0.0751,-0.3800,-1.7214,-6.0861,5.9592,0.0290,0.2566,-0.3199
3.5434,-2.2817,7.3215,-0.2154,0.0945,-0.3882,-1.6472,-6.1363,6.0549,0.0213,0.2715,-0.3128
3.4500,-2.2553,7.4627,-0.2117,0.0998,-0.3902,-1.6496,-5.9951,5.9879,0.0156,0.2750,-0.3147
3.4740,-2.3391,7.3287,-0.2132,0.0874,-0.3736,-1.6735,-6.0358,5.9017,0.0140,0.2431,-0.3050
3.5314,-2.3104,7.3095,-0.2136,0.0855,-0.3615,-1.6975,-6.0023,5.8945,0.0119,0.2565,-0.2882
3.4668,-2.3224,7.5106,-0.2140,0.0895,-0.3593,-1.7166,-6.1363,5.9376,0.0133,0.2630,-0.2944
3.4093,-2.3296,7.4196,-0.2024,0.0778,-0.3459,-1.6735,-6.0837,5.8442,0.0091,0.2177,-0.2823
3.4524,-2.2913,7.4484,-0.2124,0.0831,-0.3349,-1.6281,-6.1914,5.8586,-0.0160,0.2190,-0.2769
3.3064,-2.6049,7.1395,-0.2495,0.0905,-0.3062,-1.6113,-6.3327,5.7628,-0.0450,0.2198,-0.2657
2.9760,-2.6743,7.5154,-0.2101,0.1907,-0.2903,-1.8938,-6.5529,5.3965,-0.0644,0.3269,-0.2662
2.4517,-2.5690,7.9200,-0.2050,0.1246,-0.2364,-2.5474,-6.8977,5.3343,-0.0565,0.2486,-0.2053
2.5857,-2.6240,7.6112,-0.0991,-0.0570,-0.1344,-2.1213,-6.6535,5.3127,0.0341,-0.0534,-0.1176
3.2058,-2.8108,7.4723,-0.1183,-0.1299,-0.0388,-1.7286,-6.6702,5.4588,-0.0284,-0.0699,-0.0289
2.9904,-2.7294,7.5441,-0.0242,0.0819,0.0298,-1.8771,-6.7229,5.5809,-0.1138,0.0622,0.0710
2.8060,-2.5929,7.5609,0.0000,-0.0167,0.1188,-2.0518,-6.5505,5.3989,-0.0914,-0.0697,0.1254
3.1292,-2.4972,7.5034,0.0338,-0.1412,0.1957,-1.8866,-6.4667,5.7509,-0.0464,-0.2232,0.1769
3.4069,-2.4565,7.6112,0.0706,-0.1212,0.2446,-1.6712,-6.3087,5.8347,-0.0568,-0.2066,0.2276
3.5554,-2.4780,7.4292,0.0682,-0.0815,0.2473,-1.5921,-6.1292,5.8658,-0.0934,-0.1807,0.2382
3.5338,-2.3535,7.4484,0.0494,-0.0522,0.2619,-1.7071,-6.1866,5.8466,-0.1271,-0.1351,0.2422
3.4644,-2.4014,7.4340,0.0866,-0.0633,0.2762,-1.7621,-6.2010,5.9999,-0.1022,-0.1932,0.2731
3.5267,-2.2601,7.4124,0.0721,-0.0891,0.2855,-1.7166,-6.0837,5.9568,-0.0999,-0.1933,0.2714
3.5841,-2.3104,7.2927,0.0837,-0.0970,0.2891,-1.6089,-6.0166,5.9783,-0.0973,-0.2062,0.2834
3.6200,-2.2841,7.3550,0.0610,-0.0314,0.2928,-1.7406,-6.1818,5.9640,-0.1587,-0.1283,0.2766
3.3710,-2.2075,7.4939,0.0449,0.0290,0.2884,-1.7358,-5.9879,5.8395,-0.1831,-0.1059,0.2611
3.2370,-2.1668,7.4101,0.0153,-0.0101,0.2749,-1.8316,-6.0956,5.6862,-0.1458,-0.1372,0.2398
3.3232,-2.2410,7.5346,0.0328,-0.0799,0.2651,-1.9106,-6.1723,5.9113,-0.0930,-0.1816,0.2245
3.2010,-2.1548,7.5202,0.0369,-0.0790,0.2618,-1.9369,-6.1316,5.7724,-0.1014,-0.1844,0.2257
3.1723,-2.1668,7.4603,0.0157,-0.0577,0.2781,-1.9201,-6.0980,5.7006,-0.1270,-0.1772,0.2304
3.2370,-2.3439,7.4986,0.0180,-0.0723,0.3023,-1.8675,-6.2034,5.7868,-0.1292,-0.2048,0.2447
3.3303,-2.2314,7.5489,0.0528,-0.0895,0.3204,-1.8052,-6.1699,5.8466,-0.1085,-0.2253,0.2674
3.3854,-2.1859,7.4819,0.0452,-0.0917,0.3230,-1.7166,-6.1435,5.7461,-0.1266,-0.2252,0.2726
3.3662,-2.2697,7.4292,0.0420,-0.0763,0.3421,-1.7909,-6.1531,5.7844,-0.1435,-0.2110,0.2823
3.3782,-2.2865,7.4675,0.0269,-0.0887,0.3641,-1.7765,-6.1555,5.8059,-0.1490,-0.2409,0.2934
3.3806,-2.3320,7.4986,0.0340,-0.0778,0.3612,-1.6783,-6.2345,5.9065,-0.1458,-0.2312,0.2918
3.4117,-2.3032,7.3741,0.0462,-0.0982,0.3581,-1.7813,-6.2106,5.9903,-0.1191,-0.2458,0.2870
3.4572,-2.3415,7.5226,0.0445,-0.1126,0.3496,-1.6903,-6.1579,5.9927,-0.1120,-0.2507,0.2847
3.4692,-2.3104,7.4531,0.0560,-0.0790,0.3449,-1.6975,-6.1363,6.0166,-0.1130,-0.2136,0.2904
3.4333,-2.2721,7.4460,0.0566,-0.1135,0.3353,-1.7909,-6.1100,5.8299,-0.0855,-0.2348,0.2914
3.4069,-2.2649,7.3717,0.0472,-0.1384,0.3591,-1.7597,-6.0573,5.8155,-0.0871,-0.2868,0.2983
3.4117,-2.2338,7.4460,0.0665,-0.1338,0.3599,-1.7789,-6.0525,5.7557,-0.0823,-0.2923,0.3090
3.4548,-2.2218,7.3885,0.0460,-0.1196,0.3684,-1.7382,-6.0047,5.8610,-0.1116,-0.2697,0.3082
3.4884,-2.2338,7.5082,0.0558,-0.0954,0.3676,-1.7885,-6.1076,6.0023,-0.1118,-0.2443,0.3099
3.5793,-2.2122,7.4531,0.0694,-0.1395,0.3571,-1.6688,-5.9640,6.0214,-0.0822,-0.2797,0.3048
3.5506,-2.0734,7.3430,0.0641,-0.1256,0.3276,-1.7502,-5.8969,5.9568,-0.0866,-0.2411,0.2742
3.5841,-1.9968,7.4005,0.0460,-0.1248,0.3208,-1.7238,-5.8466,6.0908,-0.0929,-0.2450,0.2663
3.5602,-2.0925,7.5106,0.0300,-0.1302,0.3116,-1.8531,-5.8921,6.0310,-0.0990,-0.2486,0.2474
3.4309,-2.2242,7.4340,0.0200,-0.1348,0.3014,-1.6783,-5.9041,6.0214,-0.1025,-0.2649,0.2405
3.5985,-2.2075,7.2568,0.0171,-0.1572,0.3079,-1.5610,-5.8826,6.0837,-0.0878,-0.2818,0.2442
3.8451,-2.1596,7.2951,0.0167,-0.1544,0.2827,-1.4533,-5.8897,6.3135,-0.0685,-0.2519,0.2218
4.1372,-2.1189,7.3909,0.0281,-0.1415,0.2397,-1.4557,-5.7126,6.5577,-0.0544,-0.2401,0.2100
4.3718,-1.8579,7.1036,0.0136,-0.1615,0.1823,-1.2139,-5.3582,6.7062,-0.0328,-0.2214,0.1599
4.5633,-1.8196,6.9145,-0.0281,-0.0863,0.1104,-1.1157,-5.1284,6.6367,-0.0663,-0.1166,0.1042
4.5107,-1.7669,7.1299,-0.0962,0.0650,0.0053,-1.2043,-5.2361,6.7253,-0.1152,0.0933,0.0041
3.9049,-1.8268,7.3358,-0.1367,0.1376,-0.0822,-1.5682,-5.5426,6.5242,-0.0982,0.1763,-0.0783
3.7685,-2.0877,7.5082,-0.1426,0.0452,-0.1460,-1.6448,-5.7413,6.4117,-0.0048,0.1131,-0.1154
4.0007,-2.2290,7.5058,-0.1403,0.0546,-0.2153,-1.4246,-5.8059,6.4811,0.0324,0.1928,-0.1508
3.9648,-2.0901,7.4101,-0.0905,0.1287,-0.2438,-1.3527,-5.7221,6.4596,0.0743,0.2645,-0.1996
3.5386,-1.8340,7.2951,-0.1203,0.0596,-0.3292,-1.8364,-5.5976,5.8778,0.0935,0.2382,-0.2381
3.4141,-1.8675,7.3717,-0.1996,0.0931,-0.3357,-1.9321,-5.7892,5.8610,0.0357,0.2647,-0.2805
3.3662,-1.9417,7.4316,-0.2221,0.0653,-0.3040,-1.9441,-5.7461,5.9113,0.0350,0.1755,-0.2859
3.7086,-2.0566,7.3310,-0.2258,0.0121,-0.3003,-1.7071,-5.7485,6.1962,0.0378,0.1503,-0.2888
3.6943,-2.0159,7.3167,-0.2439,0.0877,-0.3455,-1.6640,-5.6958,6.0861,-0.0049,0.2529,-0.3296
3.7038,-2.0399,7.4699,-0.2922,0.0413,-0.3349,-2.1356,-5.7533,5.9496,0.0083,0.3376,-0.3600
3.6416,-2.1691,7.5298,-0.2297,0.0071,-0.4084,-1.5969,-5.8849,6.4763,0.0982,0.1519,-0.3664
3.9552,-2.2194,7.3047,-0.2637,-0.0225,-0.4182,-1.3336,-5.8107,6.3470,0.0548,0.2028,-0.3760
3.8571,-2.3248,7.3430,-0.2439,0.1589,-0.4359,-1.4413,-5.9616,6.1555,-0.0076,0.3163,-0.3528
3.4692,-2.4253,7.4388,-0.2449,0.1553,-0.4141,-1.5874,-6.1675,5.9448,-0.0081,0.3159,-0.3317
3.4333,-2.4181,7.4627,-0.1998,0.0632,-0.3829,-1.6448,-6.1986,5.8634,0.0540,0.2313,-0.3182
3.5506,-2.3535,7.4005,-0.2041,0.0565,-0.3850,-1.6113,-6.0501,5.9783,0.0540,0.2326,-0.3293
3.6679,-2.2338,7.3741,-0.2301,0.0653,-0.4024,-1.5131,-5.9352,6.1651,0.0397,0.2352,-0.3455
3.7373,-2.2721,7.3598,-0.2330,0.0961,-0.4221,-1.5490,-5.9185,6.1890,0.0313,0.2878,-0.3564
3.7972,-2.3080,7.4220,-0.2405,0.1266,-0.4541,-1.5778,-5.9424,6.1603,0.0165,0.3222,-0.3495
3.5219,-2.3104,7.3861,-0.2320,0.1452,-0.4663,-1.6592,-6.0741,6.0765,0.0151,0.3572,-0.3589
3.3998,-2.3128,7.3622,-0.2246,0.0862,-0.4615,-1.6975,-6.0573,5.9161,0.0562,0.2781,-0.3620
3.4165,-2.3583,7.3957,-0.2136,0.0402,-0.4403,-1.6376,-6.0813,5.9233,0.0777,0.2445,-0.3512
3.4979,-2.3798,7.3909,-0.2145,0.0746,-0.4370,-1.6688,-6.1339,5.8778,0.0628,0.2771,-0.3505
3.4357,-2.3104,7.4699,-0.2088,0.0886,-0.4250,-1.7789,-6.0573,5.9017,0.0542,0.2771,-0.3335
3.3830,-2.2098,7.3119,-0.2100,0.0718,-0.4030,-1.7502,-5.9831,5.9400,0.0425,0.2442,-0.3265
3.4884,-2.2721,7.3358,-0.2225,0.0893,-0.3893,-1.6999,-6.0717,5.9376,0.0217,0.2709,-0.3190
3.4189,-2.3415,7.4292,-0.2213,0.1102,-0.3954,-1.6544,-6.0908,5.9903,0.0020,0.2844,-0.3140
3.4069,-2.3415,7.4124,-0.2210,0.1119,-0.3864,-1.7645,-6.0861,5.8778,-0.0036,0.2757,-0.3138
3.2944,-2.3343,7.4316,-0.2294,0.0901,-0.3668,-1.7933,-6.1699,5.8371,-0.0064,0.2442,-0.3059
3.3926,-2.3966,7.5202,-0.2221,0.0851,-0.3445,-1.7573,-6.2201,5.9831,-0.0196,0.2378,-0.3019
3.2944,-2.4636,7.3670,-0.2125,0.1062,-0.3236,-1.7526,-6.2560,5.8371,-0.0238,0.2194,-0.2718
3.2729,-2.6456,7.4077,-0.2411,0.0977,-0.2862,-1.6448,-6.4452,5.6671,-0.0564,0.2266,-0.2561
2.8491,-2.6576,7.6040,-0.2189,0.1962,-0.2669,-2.0423,-6.5960,5.4612,-0.0977,0.3216,-0.2439
2.3248,-2.5786,7.8745,-0.1852,0.1512,-0.1876,-2.5139,-7.0820,5.1787,-0.1045,0.2308,-0.1515
2.3487,-2.7773,7.6734,-0.0785,-0.0372,-0.0787,-2.2601,-7.0222,5.1571,-0.0092,-0.0274,-0.0612
2.8946,-2.9736,7.4220,-0.0649,-0.1603,0.0261,-1.7310,-6.8761,5.3295,-0.0224,-0.1695,0.0406
3.0047,-2.8204,7.3933,0.0196,0.0095,0.1124,-1.9321,-6.7852,5.3774,-0.0907,-0.0203,0.1259
2.9712,-2.6576,7.5537,0.0486,-0.0561,0.1976,-1.9058,-6.6032,5.6431,-0.0922,-0.1592,0.1958
3.1436,-2.4804,7.5058,0.0869,-0.1339,0.2545,-1.9154,-6.4021,5.6647,-0.0596,-0.2294,0.2411
3.5769,-2.4469,7.5010,0.1013,-0.1498,0.2903,-1.6592,-6.2489,5.9831,-0.0722,-0.2439,0.2715
3.8092,-2.4038,7.2832,0.0733,-0.1151,0.2927,-1.4437,-6.0430,5.9903,-0.1022,-0.2238,0.2807
3.6081,-2.3894,7.4124,0.0750,-0.0334,0.2996,-1.6951,-6.1052,6.0071,-0.1480,-0.1404,0.2801
3.5698,-2.2386,7.4508,0.0681,-0.0380,0.2896,-1.6592,-6.0549,6.0406,-0.1268,-0.1903,0.2749
3.5195,-2.3008,7.4843,0.0509,-0.0505,0.3066,-1.6927,-6.0669,5.9352,-0.1171,-0.1837,0.2906
3.4548,-2.2338,7.3933,0.0644,-0.0638,0.2963,-1.7765,-6.0956,5.9640,-0.0958,-0.1965,0.2755
3.2705,-2.1811,7.3885,0.0521,-0.0458,0.2879,-1.8723,-6.0837,5.7054,-0.1186,-0.1443,0.2486
3.1292,-2.1524,7.3909,0.0450,-0.0438,0.2900,-1.9201,-6.1244,5.5737,-0.1164,-0.1628,0.2426
3.1101,-2.2170,7.4436,0.0232,-0.0759,0.3062,-1.9752,-6.2537,5.7485,-0.1236,-0.1969,0.2602
3.2130,-2.2505,7.5058,0.0373,-0.0552,0.3079,-1.9800,-6.2369,5.8419,-0.1286,-0.1851,0.2553
3.1723,-2.2290,7.4101,0.0306,-0.0901,0.3198,-1.9393,-6.1723,5.7964,-0.1234,-0.2380,0.2769
3.2657,-2.2577,7.4316,0.0254,-0.0790,0.3305,-1.8244,-6.1507,5.8083,-0.1410,-0.2198,0.2754
3.3112,-2.2889,7.4292,0.0258,-0.0562,0.3351,-1.7980,-6.1483,5.8059,-0.1552,-0.1964,0.2690
3.2489,-2.3535,7.4436,0.0258,-0.0825,0.3401,-1.8172,-6.1986,5.9017,-0.1474,-0.2222,0.2763
3.3232,-2.2769,7.5154,0.0404,-0.0978,0.3529,-1.7597,-6.2273,5.9041,-0.1334,-0.2637,0.2928
3.3639,-2.3391,7.4268,0.0445,-0.1083,0.3655,-1.7717,-6.1842,5.8945,-0.1242,-0.2525,0.2986
3.4524,-2.2194,7.4244,0.0508,-0.1283,0.3728,-1.7573,-6.1339,5.9616,-0.1119,-0.2832,0.3018
3.6129,-2.3080,7.3789,0.0534,-0.1264,0.3764,-1.6472,-6.1292,5.9400,-0.1102,-0.2778,0.2951
3.5171,-2.2721,7.4292,0.0464,-0.1227,0.3611,-1.7406,-6.0478,5.9472,-0.1074,-0.2714,0.2918
3.4189,-2.2218,7.4939,0.0308,-0.1439,0.3625,-1.7549,-6.0478,5.9496,-0.1021,-0.2946,0.2822
3.5195,-2.3607,7.3119,0.0191,-0.1507,0.3493,-1.6041,-6.0837,6.1028,-0.0929,-0.3178,0.2979
3.5578,-2.3655,7.4508,0.0384,-0.1360,0.3445,-1.6448,-6.1124,6.0693,-0.0931,-0.2630,0.2823
3.5626,-2.2553,7.4101,0.0562,-0.1386,0.3335,-1.6735,-6.0932,5.9999,-0.0657,-0.2666,0.2746
3.6775,-2.2721,7.4579,0.0552,-0.1504,0.3188,-1.6640,-5.9472,6.1723,-0.0675,-0.2585,0.2685
3.7062,-2.1356,7.5130,0.0376,-0.0725,0.2910,-1.6664,-5.9041,6.1148,-0.1043,-0.1903,0.2606
3.4788,-2.0494,7.2329,0.0565,-0.1300,0.3043,-1.6640,-5.9280,5.9472,-0.0750,-0.2642,0.2803
3.4740,-2.1308,7.3526,0.0400,-0.0883,0.3167,-1.7526,-5.9400,5.8682,-0.1098,-0.1982,0.2595
3.3543,-2.0662,7.3694,0.0139,-0.1595,0.3192,-1.8890,-5.9568,5.8706,-0.0934,-0.2978,0.2541
3.5410,-2.1524,7.4268,-0.0016,-0.1955,0.3345,-1.6544,-5.9472,6.0980,-0.0861,-0.3194,0.2390
4.0701,-2.3224,7.3694,0.0270,-0.1688,0.3088,-1.3862,-5.8347,6.3375,-0.0678,-0.3162,0.2475
4.1875,-2.0303,7.2951,0.0597,-0.1450,0.2555,-1.3695,-5.6383,6.6104,-0.0588,-0.2089,0.2178
4.4676,-1.8387,7.1922,0.0538,-0.1120,0.1953,-1.2689,-5.2577,6.7564,-0.0472,-0.1711,0.1821
4.6208,-1.7382,7.0102,0.0003,-0.0689,0.1220,-1.0534,-5.0542,6.7828,-0.0870,-0.0997,0.1234
4.3790,-1.6855,7.0701,-0.0887,0.1431,0.0225,-1.3384,-5.1595,6.6319,-0.1652,0.1468,0.0145
3.8738,-1.7645,7.4962,-0.1573,0.1571,-0.0759,-1.7190,-5.5498,6.6056,-0.1279,0.2009,-0.0789
3.7302,-2.0423,7.4795,-0.1494,0.0302,-0.1427,-1.6233,-5.7413,6.4069,-0.0060,0.0632,-0.1238
3.7302,-2.1093,7.2233,-0.1708,0.0297,-0.2117,-1.5874,-5.8442,6.3015,0.0157,0.1537,-0.1972
3.6823,-2.2098,7.4053,-0.1768,0.0520,-0.2641,-1.5874,-5.9017,6.2297,0.0466,0.1744,-0.2289
3.5674,-2.0590,7.3981,-0.1615,0.0151,-0.3006,-1.6233,-5.8658,5.9592,0.1091,0.1645,-0.2630
3.5721,-2.0351,7.4172,-0.1611,-0.0028,-0.3163,-1.7358,-5.7293,6.0956,0.1086,0.1312,-0.2554
3.8523,-2.0279,7.2496,-0.2126,0.0436,-0.3124,-1.5179,-5.6790,6.1770,0.0417,0.2105,-0.2842
3.6631,-2.0351,7.2640,-0.2358,0.1178,-0.3301,-1.6352,-5.7868,6.0142,-0.0072,0.2517,-0.2964
3.5051,-2.2290,7.4412,-0.2533,0.1065,-0.3344,-1.7741,-5.9879,6.0310,-0.0260,0.2449,-0.2948
3.4979,-2.3942,7.3622,-0.2342,0.0934,-0.3275,-1.6544,-6.1028,6.0286,-0.0165,0.2216,-0.2954
3.7517,-2.4660,7.6447,-0.2298,0.0240,-0.3387,-1.5634,-6.1651,6.0549,0.0326,0.1856,-0.2758
3.6583,-2.3511,7.4364,-0.1997,0.0205,-0.3480,-1.5060,-6.0885,6.0621,0.0520,0.1957,-0.2755
3.8092,-2.3415,7.3430,-0.1815,0.0476,-0.3421,-1.5467,-5.9783,6.1866,0.0458,0.1775,-0.2625
3.6200,-2.2505,7.4579,-0.1800,0.0632,-0.3389,-1.6089,-5.9185,6.0478,0.0374,0.2236,-0.2689
3.6464,-2.2362,7.2880,-0.1807,0.0193,-0.3296,-1.5467,-5.8897,6.1028,0.0537,0.1640,-0.2701
3.7254,-2.2601,7.3143,-0.1736,0.0410,-0.3341,-1.5323,-5.8873,6.1363,0.0501,0.2093,-0.2682
3.6799,-2.2505,7.3646,-0.1797,0.0863,-0.3512,-1.5443,-5.8897,6.1028,0.0365,0.2485,-0.2734
3.5506,-2.2601,7.4340,-0.1916,0.0638,-0.3591,-1.6161,-5.9759,5.9975,0.0384,0.2269,-0.2908
3.5458,-2.2458,7.3981,-0.2088,0.0585,-0.3669,-1.5754,-5.9544,6.0166,0.0300,0.2170,-0.3023
3.6320,-2.3128,7.3382,-0.2096,0.0794,-0.3709,-1.5730,-5.9903,6.0669,0.0205,0.2506,-0.2988
3.5769,-2.3104,7.4699,-0.1994,0.1027,-0.3753,-1.6592,-6.0382,6.0478,0.0176,0.2683,-0.2984
3.4812,-2.2338,7.4172,-0.1970,0.0841,-0.3677,-1.6951,-5.9999,5.9592,0.0232,0.2454,-0.2872
3.4692,-2.3176,7.4340,-0.1964,0.0741,-0.3484,-1.7214,-6.0023,5.9927,0.0205,0.2329,-0.2813
3.4907,-2.2146,7.4220,-0.1980,0.0566,-0.3337,-1.6903,-6.0765,5.9783,0.0173,0.2048,-0.2729
3.5243,-2.2673,7.4484,-0.1974,0.0777,-0.3263,-1.6688,-6.0382,5.9879,0.0055,0.2212,-0.2613
3.5027,-2.3296,7.4220,-0.2041,0.0833,-0.3199,-1.6592,-6.0190,6.0047,-0.0029,0.2192,-0.2601
3.5817,-2.3487,7.4148,-0.1879,0.0766,-0.3168,-1.6281,-6.1244,5.9831,0.0059,0.2104,-0.2523
3.5003,-2.3798,7.3981,-0.1970,0.0801,-0.3108,-1.6592,-6.0980,6.0525,-0.0008,0.2157,-0.2525
3.4453,-2.3631,7.3598,-0.1872,0.0791,-0.3130,-1.6592,-6.0525,5.9400,-0.0043,0.2110,-0.2538
3.3806,-2.3032,7.3694,-0.1936,0.0681,-0.3022,-1.7142,-6.0837,5.9280,-0.0027,0.2037,-0.2501
3.4381,-2.4014,7.4699,-0.1843,0.0512,-0.2851,-1.6496,-6.1052,6.0047,0.0064,0.1800,-0.2381
3.4644,-2.3798,7.3310,-0.1629,0.0702,-0.2777,-1.7190,-6.1124,5.9233,0.0020,0.2002,-0.2288
3.4405,-2.3415,7.4124,-0.1784,0.0538,-0.2594,-1.7214,-6.0980,5.9544,-0.0079,0.1693,-0.2144
3.4524,-2.4301,7.4436,-0.1736,0.0612,-0.2471,-1.7286,-6.1100,5.9927,-0.0225,0.1728,-0.2037
3.3375,-2.4110,7.4460,-0.1660,0.0723,-0.2330,-1.6975,-6.1723,5.8849,-0.0282,0.1655,-0.1829
3.2681,-2.5738,7.3741,-0.1871,0.0738,-0.2090,-1.6568,-6.3590,5.5833,-0.0636,0.1716,-0.1797
2.8132,-2.5307,7.5298,-0.1470,0.1668,-0.1789,-2.0662,-6.6176,5.5474,-0.1053,0.2561,-0.1529
2.5259,-2.5905,7.7716,-0.1466,0.0781,-0.1055,-2.2553,-6.8354,5.3056,-0.0771,0.1218,-0.0873
2.8754,-2.7390,7.5178,-0.0574,-0.0866,-0.0332,-1.8866,-6.6679,5.2888,-0.0107,-0.1050,-0.0016
3.0406,-2.7366,7.4867,-0.0386,-0.0381,0.0485,-1.7669,-6.6487,5.5785,-0.0606,-0.0244,0.0634
3.2633,-2.5379,7.5633,0.0049,-0.0442,0.1049,-1.8627,-6.4380,5.7940,-0.0654,-0.1039,0.1342
3.2082,-2.4086,7.4508,0.0412,-0.0500,0.1663,-1.8531,-6.3375,5.6695,-0.0891,-0.1104,0.1800
3.3854,-2.4134,7.5585,0.0417,-0.0573,0.2173,-1.7933,-6.2752,5.7533,-0.1077,-0.1490,0.2054
3.5099,-2.3679,7.1946,0.0794,-0.0604,0.2495,-1.5730,-6.1339,5.8514,-0.1124,-0.1856,0.2441
3.4500,-2.4086,7.2903,0.0609,0.0282,0.2654,-1.7190,-6.2082,5.9975,-0.1781,-0.0354,0.2238
3.3591,-2.2913,7.6758,0.0345,0.0727,0.2763,-1.8723,-6.2465,5.9927,-0.2068,-0.0558,0.2413
3.1077,-2.2721,7.6184,0.0568,0.0121,0.2502,-1.9106,-6.2991,5.9017,-0.1471,-0.1322,0.2065
3.3303,-2.2410,7.4101,0.0456,-0.0890,0.2555,-1.7765,-5.9879,5.8658,-0.1002,-0.2193,0.2309
3.5219,-2.3272,7.4292,0.0139,-0.0452,0.2438,-1.7047,-6.1220,5.9903,-0.1282,-0.1234,0.2078
3.3423,-2.2793,7.5393,0.0445,-0.0222,0.2336,-1.8292,-6.1675,5.8227,-0.1085,-0.1210,0.2048
3.1963,-2.2482,7.4460,0.0226,-0.0763,0.2467,-1.8435,-6.1435,5.8059,-0.0910,-0.1624,0.2140
3.1484,-2.2577,7.5848,0.0250,-0.0569,0.2713,-2.0207,-6.2489,5.7269,-0.1033,-0.1676,0.2229
3.0287,-2.2458,7.5322,0.0273,-0.0795,0.2956,-2.0662,-6.3446,5.7700,-0.1100,-0.2136,0.2491
3.0502,-2.2266,7.4627,0.0386,-0.0934,0.3280,-1.8579,-6.2321,5.5976,-0.1115,-0.2138,0.2638
3.2082,-2.3463,7.5944,0.0542,-0.0769,0.3312,-1.8387,-6.2513,5.6767,-0.1207,-0.2108,0.2737
3.1987,-2.2170,7.5561,0.0393,-0.0725,0.3432,-1.8531,-6.2130,5.8514,-0.1348,-0.2118,0.2701
3.3016,-2.3008,7.5202,0.0376,-0.1027,0.3397,-1.8220,-6.2082,5.8179,-0.1166,-0.2535,0.2702
3.2896,-2.2410,7.4436,0.0493,-0.1244,0.3353,-1.8555,-6.1746,5.9448,-0.0957,-0.2469,0.2633
3.2729,-2.2649,7.4220,0.0518,-0.1188,0.3420,-1.8076,-6.2010,5.8921,-0.0978,-0.2582,0.2682
3.3303,-2.2793,7.4460,0.0456,-0.1378,0.3436,-1.7933,-6.1316,5.9376,-0.0902,-0.2650,0.2670
3.4692,-2.3343,7.4747,0.0601,-0.1525,0.3465,-1.7310,-6.1459,5.8826,-0.0759,-0.2781,0.2758
3.4524,-2.2553,7.3310,0.0601,-0.1090,0.3503,-1.7502,-6.0430,5.8299,-0.1057,-0.2426,0.2854
3.3830,-2.2194,7.4316,0.0285,-0.1006,0.3551,-1.7573,-6.0956,5.8921,-0.1279,-0.2538,0.2851
3.3279,-2.2913,7.4962,0.0456,-0.1127,0.3587,-1.7789,-6.1363,5.9711,-0.1147,-0.2594,0.2871
3.3902,-2.2338,7.3885,0.0640,-0.1627,0.3615,-1.7166,-6.1244,5.8897,-0.0903,-0.3020,0.2995
3.4884,-2.2625,7.4101,0.0609,-0.1351,0.3484,-1.6496,-6.1028,5.9424,-0.1026,-0.2549,0.2910
3.5051,-2.1668,7.3837,0.0624,-0.1247,0.3405,-1.7071,-6.0262,5.9711,-0.0934,-0.2631,0.2847
3.4812,-2.1284,7.4196,0.0566,-0.1422,0.3360,-1.7095,-5.9376,5.9879,-0.0834,-0.2651,0.2785
3.5458,-2.1284,7.5513,0.0433,-0.1396,0.3292,-1.7047,-5.9999,6.0789,-0.0825,-0.2635,0.2685
3.5075,-2.2027,7.3813,0.0556,-0.1664,0.3055,-1.7119,-5.9352,6.1316,-0.0663,-0.2667,0.2434
3.6296,-2.1691,7.3885,0.0317,-0.1768,0.2991,-1.6209,-5.8945,6.0310,-0.0645,-0.2758,0.2410
3.5506,-2.0973,7.4005,0.0155,-0.1756,0.2963,-1.7597,-5.8562,5.8730,-0.0578,-0.2856,0.2312
3.5602,-2.0470,7.3239,0.0368,-0.1931,0.3220,-1.6305,-5.8754,6.0382,-0.0461,-0.3259,0.2364
4.0007,-2.1141,7.2544,0.0169,-0.1851,0.3103,-1.3599,-5.7628,6.3087,-0.0558,-0.2934,0.2322
4.3694,-2.0925,7.3287,0.0478,-0.1527,0.2526,-1.2833,-5.6144,6.6966,-0.0549,-0.2013,0.2113
4.6232,-1.8866,7.2185,0.0628,-0.1127,0.1639,-1.1803,-5.2720,6.9049,-0.0333,-0.1596,0.1715
4.5969,-1.7502,6.8474,0.0040,-0.0165,0.0743,-0.9840,-4.9656,6.5817,-0.0681,-0.0440,0.0923
4.3670,-1.6807,7.0677,-0.0942,0.1270,-0.0137,-1.2546,-5.1068,6.6056,-0.1399,0.1669,-0.0159
3.8307,-1.8627,7.4795,-0.1512,0.1799,-0.1021,-1.7406,-5.7197,6.6511,-0.1557,0.2336,-0.1126
3.5889,-2.1189,7.6950,-0.1514,0.0670,-0.1760,-1.5921,-5.7724,6.2704,-0.0258,0.1219,-0.1671
3.7086,-2.1811,7.1874,-0.1697,0.0036,-0.2322,-1.4629,-5.8107,6.1244,0.0498,0.1207,-0.1943
3.6679,-2.1524,7.3837,-0.1803,0.0250,-0.2847,-1.5610,-5.8610,6.1603,0.0678,0.1875,-0.2613
3.7493,-2.1189,7.4364,-0.1663,-0.0153,-0.3052,-1.6185,-5.8419,6.2321,0.1176,0.1218,-0.2711
3.9193,-2.0542,7.4843,-0.1768,-0.0438,-0.3476,-1.5467,-5.7197,6.1818,0.1342,0.1504,-0.2938
3.8906,-2.1093,7.3071,-0.1773,-0.0207,-0.3143,-1.9609,-5.7485,5.9256,0.1134,0.2956,-0.3214
3.8235,-2.0494,7.3789,-0.1849,0.0554,-0.3380,-1.6688,-5.6790,6.2297,0.0560,0.2467,-0.2971
3.6488,-2.0327,7.2305,-0.2128,0.0841,-0.3431,-1.6065,-5.7533,5.9376,0.0004,0.2380,-0.2867
3.5386,-2.1428,7.3550,-0.2353,0.0906,-0.3238,-1.6855,-5.9568,6.0047,-0.0273,0.2040,-0.2682
3.5626,-2.3463,7.4412,-0.2126,0.0718,-0.3070,-1.6185,-6.0717,6.0717,-0.0044,0.1919,-0.2666
3.6799,-2.4134,7.4747,-0.1875,0.0151,-0.3072,-1.4293,-6.1244,6.1196,0.0305,0.1573,-0.2607
3.6559,-2.3320,7.3239,-0.1705,0.0438,-0.3206,-1.4317,-5.9256,6.1507,0.0269,0.1996,-0.2517
3.7110,-2.2338,7.3622,-0.1740,0.0536,-0.3240,-1.5131,-5.9616,6.2584,0.0269,0.2014,-0.2514
3.6583,-2.1763,7.3909,-0.1724,0.0597,-0.3332,-1.5131,-5.8131,6.1363,0.0286,0.2057,-0.2589
3.6631,-2.1907,7.3334,-0.1769,0.0477,-0.3256,-1.5419,-5.8227,6.1842,0.0334,0.1984,-0.2646
3.7852,-2.2266,7.3598,-0.1757,0.0329,-0.3304,-1.5155,-5.9304,6.2513,0.0425,0.1939,-0.2681
3.8690,-2.1284,7.3861,-0.1857,0.0779,-0.3529,-1.5083,-5.7892,6.1938,0.0250,0.2402,-0.2794
3.7757,-2.1476,7.4484,-0.1900,0.0967,-0.3701,-1.5323,-5.8802,6.1699,0.0226,0.2623,-0.2819
3.6751,-2.1093,7.2664,-0.1923,0.1049,-0.3766,-1.5012,-5.8490,6.0908,0.0349,0.2698,-0.2923
3.6200,-2.1691,7.4292,-0.2050,0.1021,-0.3918,-1.5874,-5.8945,6.1842,0.0458,0.2912,-0.3158
3.5674,-2.1093,7.4986,-0.1863,0.0612,-0.3989,-1.7334,-5.8442,6.0741,0.0738,0.2354,-0.3260
3.5195,-2.0183,7.3071,-0.2172,0.0376,-0.3773,-1.7286,-5.7916,5.9711,0.0457,0.2046,-0.3317
3.5841,-2.0973,7.3717,-0.2369,0.0650,-0.3680,-1.6735,-5.8826,6.1651,0.0139,0.2357,-0.3295
3.5961,-2.2194,7.4077,-0.2266,0.0799,-0.3601,-1.6712,-6.0214,6.0478,-0.0008,0.2369,-0.3036
3.5578,-2.2984,7.3646,-0.2356,0.1115,-0.3551,-1.6065,-6.0071,6.1028,-0.0270,0.2566,-0.2990
3.4548,-2.2841,7.4484,-0.2471,0.1074,-0.3461,-1.6951,-6.1316,6.1076,-0.0413,0.2434,-0.2979
3.4907,-2.3439,7.2880,-0.2184,0.1007,-0.3417,-1.5083,-6.0382,6.0310,-0.0228,0.2254,-0.2856
3.4812,-2.3176,7.3526,-0.2192,0.0931,-0.3380,-1.5802,-6.1220,5.9903,-0.0209,0.2326,-0.2830
3.5003,-2.2745,7.4723,-0.1986,0.0791,-0.3251,-1.5538,-6.1148,5.9783,-0.0015,0.2170,-0.2705
3.5674,-2.2913,7.4268,-0.1903,0.0564,-0.3180,-1.5562,-6.0717,5.9999,0.0153,0.2013,-0.2631
3.4596,-2.2218,7.3717,-0.1799,0.0658,-0.3087,-1.6281,-5.9759,5.9209,0.0116,0.1920,-0.2529
3.4285,-2.3080,7.3670,-0.1873,0.0597,-0.2882,-1.7071,-6.0621,6.0214,-0.0063,0.1897,-0.2345
3.3375,-2.2266,7.6184,-0.1636,0.0802,-0.2593,-1.9417,-6.2776,5.9568,-0.0265,0.2028,-0.2085
3.4357,-2.4277,7.3957,-0.1494,0.0097,-0.1869,-1.5467,-6.1938,5.8395,-0.0301,0.0524,-0.1444
3.2058,-2.4708,7.1563,-0.1901,0.1681,-0.1820,-1.8196,-6.2991,5.3630,-0.1444,0.2609,-0.1781
2.3798,-2.5187,7.5681,-0.2358,0.2706,-0.1312,-2.2960,-6.7109,5.2361,-0.2395,0.2547,-0.1240
2.6049,-2.7605,7.8650,-0.1659,0.0490,-0.0394,-2.1787,-6.8905,5.5474,-0.1288,0.0203,-0.0236
2.9856,-2.8467,7.6207,-0.0293,-0.1132,0.0313,-1.7885,-6.8115,5.5426,-0.0151,-0.1256,0.0554
3.1364,-2.7246,7.4795,0.0229,-0.0710,0.0937,-1.7526,-6.6319,5.5354,-0.0466,-0.0747,0.1106
2.9999,-2.4732,7.3646,0.0292,-0.0500,0.1482,-1.7310,-6.3782,5.6647,-0.0697,-0.1069,0.1510
3.1364,-2.3224,7.5369,0.0350,-0.0934,0.1974,-1.9106,-6.2968,5.7724,-0.0529,-0.1508,0.1896
3.6943,-2.2266,7.4867,0.0633,-0.1775,0.2294,-1.7358,-6.0525,6.0047,-0.0165,-0.2483,0.2248
3.7733,-2.2122,7.2520,0.0580,-0.1163,0.2242,-1.4940,-5.9089,6.0310,-0.0612,-0.1913,0.2162
3.6607,-2.2410,7.3670,0.0366,-0.0508,0.2297,-1.6113,-6.0118,6.1818,-0.1143,-0.1250,0.2166
3.5745,-2.3152,7.4220,0.0361,-0.0040,0.2210,-1.5874,-6.1172,6.0430,-0.1395,-0.0935,0.2160
3.3926,-2.2960,7.4196,0.0457,-0.0069,0.2128,-1.6879,-6.0837,5.8969,-0.1186,-0.0867,0.2017
3.2801,-2.2601,7.4555,0.0314,-0.0489,0.2145,-1.6568,-6.1603,5.7389,-0.0806,-0.1503,0.2098
3.3423,-2.2458,7.3861,0.0123,-0.0637,0.2240,-1.8675,-6.1938,5.8035,-0.0947,-0.1388,0.2036
3.2657,-2.3200,7.5322,0.0326,-0.0604,0.2368,-1.8771,-6.2082,5.7868,-0.0898,-0.1623,0.2153
3.2394,-2.2625,7.4220,0.0238,-0.0847,0.2606,-1.7717,-6.1387,5.7916,-0.0909,-0.1982,0.2288
3.3088,-2.2889,7.4795,0.0402,-0.0657,0.2860,-1.8292,-6.1699,5.8778,-0.1144,-0.1785,0.2502
3.3782,-2.1620,7.4388,0.0482,-0.0662,0.2983,-1.8268,-6.0549,5.9448,-0.1183,-0.1888,0.2641
3.4405,-2.1380,7.4412,0.0380,-0.0738,0.3058,-1.7142,-5.9448,5.8826,-0.1218,-0.1982,0.2623
3.4453,-2.1380,7.3023,0.0254,-0.0514,0.3128,-1.7358,-6.0190,5.8419,-0.1379,-0.1816,0.2567
3.4046,-2.1620,7.5034,0.0201,-0.0674,0.3156,-1.8004,-6.0597,5.9975,-0.1347,-0.1936,0.2567
3.4907,-2.2601,7.5274,0.0318,-0.0859,0.3076,-1.8220,-6.1579,5.9807,-0.1127,-0.2129,0.2517
3.4764,-2.1500,7.3502,0.0438,-0.1057,0.3138,-1.8004,-6.1004,5.9664,-0.1088,-0.2366,0.2675
3.4812,-2.2003,7.2257,0.0222,-0.0769,0.3230,-1.6568,-6.0501,5.9496,-0.1419,-0.2118,0.2655
3.3998,-2.2673,7.5322,0.0325,-0.0614,0.3251,-1.6640,-6.2082,5.9927,-0.1243,-0.2036,0.2737
3.3495,-2.4157,7.5465,0.0501,-0.1396,0.3460,-1.6735,-6.2058,6.0118,-0.0815,-0.2831,0.2954
3.5195,-2.3272,7.3502,0.0685,-0.1296,0.3335,-1.5490,-6.0382,6.1435,-0.0630,-0.2622,0.2914
3.4548,-2.2027,7.3047,0.0628,-0.1234,0.3292,-1.7047,-5.9544,6.0071,-0.0743,-0.2334,0.2817
3.4716,-2.0949,7.4508,0.0560,-0.1392,0.3170,-1.7119,-6.0454,6.0956,-0.0787,-0.2526,0.2782
3.5314,-2.2098,7.4412,0.0529,-0.1198,0.3236,-1.7358,-6.0525,5.9759,-0.0890,-0.2407,0.2815
3.5482,-2.2170,7.4196,0.0598,-0.1175,0.3158,-1.6448,-5.9592,6.0908,-0.0811,-0.2366,0.2834
3.5075,-2.1189,7.3885,0.0474,-0.1160,0.3111,-1.7885,-5.9113,6.0645,-0.0869,-0.2249,0.2673
3.5171,-1.9800,7.3454,0.0404,-0.1318,0.3083,-1.7502,-5.8347,6.0214,-0.0879,-0.2611,0.2593
3.4692,-2.0710,7.4699,0.0244,-0.1525,0.3022,-1.7310,-5.8658,6.0047,-0.0898,-0.2710,0.2458
3.6727,-2.1380,7.2185,0.0139,-0.1536,0.3204,-1.5874,-5.8562,6.1028,-0.1017,-0.2802,0.2562
3.7589,-2.2218,7.4891,0.0301,-0.0901,0.3048,-1.5299,-5.9879,6.3159,-0.1088,-0.2025,0.2486
3.7469,-2.1524,7.4795,0.0228,-0.1164,0.2763,-1.5419,-5.8466,6.1914,-0.0781,-0.2154,0.2224
3.7972,-1.9848,7.4005,0.0199,-0.1459,0.2691,-1.6975,-5.7581,6.1723,-0.0666,-0.2394,0.2221
3.9744,-2.0135,7.2688,0.0246,-0.1348,0.2673,-1.4676,-5.6455,6.3638,-0.0862,-0.2539,0.2368
4.2138,-1.9489,7.2999,0.0318,-0.1037,0.2523,-1.4413,-5.5282,6.5338,-0.1051,-0.1915,0.2172
4.3670,-1.9369,7.2903,0.0117,-0.0962,0.2050,-1.1492,-5.3582,6.6032,-0.0970,-0.1780,0.1811
4.4843,-1.8172,7.0198,-0.0095,-0.0675,0.1354,-1.1037,-5.2313,6.7588,-0.0827,-0.1175,0.1188
4.4341,-1.7166,7.0294,-0.0763,0.0564,0.0211,-1.1732,-5.1427,6.7253,-0.1049,0.0628,0.0036
4.0989,-1.7142,7.3454,-0.1392,0.1127,-0.0889,-1.6448,-5.3989,6.5434,-0.0838,0.1613,-0.0982
3.8906,-1.9297,7.3885,-0.1601,0.0369,-0.1495,-1.6209,-5.5905,6.3327,-0.0175,0.0911,-0.1343
3.9241,-2.1261,7.3382,-0.1745,0.0486,-0.2188,-1.4700,-5.7604,6.3877,0.0117,0.1640,-0.1857
3.8810,-2.1261,7.2544,-0.1977,0.0845,-0.2555,-1.4269,-5.8682,6.2177,-0.0033,0.2180,-0.2110
3.7565,-2.1668,7.6160,-0.1450,0.1442,-0.2458,-1.5538,-5.8107,6.3829,0.0230,0.2887,-0.2309
3.6129,-1.8411,7.3358,-0.1741,0.0977,-0.3104,-1.6951,-5.5713,6.1172,0.0393,0.2145,-0.2451
3.6224,-1.8723,7.3047,-0.2369,0.1212,-0.3301,-1.7933,-5.6695,6.0047,-0.0226,0.2690,-0.2828
3.3399,-2.1644,7.3382,-0.2208,0.0757,-0.3210,-1.7478,-5.9424,5.8131,-0.0033,0.2182,-0.2810
3.4668,-2.3248,7.5705,-0.2245,0.0313,-0.3215,-1.7909,-6.1387,5.9376,0.0228,0.2021,-0.2822
3.5602,-2.3966,7.5130,-0.1924,0.0385,-0.3198,-1.6281,-6.1100,6.0861,0.0377,0.1699,-0.2679
3.5506,-2.3703,7.4747,-0.1777,-0.0011,-0.3269,-1.6328,-6.0190,6.0645,0.0733,0.1564,-0.2785
3.6631,-2.2601,7.4603,-0.1957,-0.0401,-0.3407,-1.5993,-5.9544,6.1292,0.1018,0.1391,-0.2814
3.7924,-2.2218,7.3071,-0.1920,-0.0035,-0.3553,-1.5969,-5.7461,6.1459,0.0990,0.1512,-0.2733
3.7350,-2.1380,7.3813,-0.2153,-0.0100,-0.3519,-1.5706,-5.8466,6.0717,0.0687,0.1599,-0.2735
3.9385,-2.1500,7.2281,-0.2140,0.0245,-0.3487,-1.4413,-5.7293,6.1794,0.0111,0.1648,-0.2683
3.7373,-2.1835,7.5130,-0.2177,0.1170,-0.3495,-1.7190,-5.9664,6.2201,-0.0200,0.2864,-0.2923
3.6823,-2.2003,7.4795,-0.2064,0.0466,-0.3520,-1.5562,-5.8634,6.1459,0.0365,0.1747,-0.2916
3.7733,-2.2266,7.2520,-0.1961,0.0208,-0.3559,-1.4964,-5.8682,6.2010,0.0537,0.1989,-0.2987
3.8331,-2.1859,7.2305,-0.1961,0.0542,-0.3624,-1.5323,-5.8873,6.2249,0.0410,0.2229,-0.2967
3.6200,-2.2936,7.4029,-0.2060,0.0687,-0.3565,-1.5610,-5.9759,6.1531,0.0348,0.2437,-0.3058
3.6488,-2.1931,7.2520,-0.2092,0.0590,-0.3569,-1.5179,-5.9664,5.9975,0.0261,0.2094,-0.2971
3.5602,-2.2290,7.2042,-0.2192,0.0991,-0.3536,-1.5610,-5.8921,5.9448,-0.0064,0.2521,-0.2916
3.5698,-2.2913,7.3717,-0.2297,0.1270,-0.3472,-1.6831,-6.0310,6.0047,-0.0305,0.2795,-0.2878
3.4620,-2.2745,7.4986,-0.2173,0.0909,-0.3375,-1.6592,-6.1028,5.9568,-0.0131,0.2185,-0.2822
3.5314,-2.3080,7.3694,-0.2142,0.0814,-0.3287,-1.5921,-6.0597,6.0118,-0.0133,0.2260,-0.2755
3.5338,-2.3128,7.3143,-0.2194,0.1127,-0.3295,-1.5850,-6.0094,6.0597,-0.0272,0.2451,-0.2721
3.5674,-2.3320,7.4005,-0.2289,0.1166,-0.3211,-1.5730,-6.0430,5.9687,-0.0397,0.2489,-0.2703
3.4740,-2.3990,7.4436,-0.2144,0.1050,-0.3172,-1.6281,-6.1028,6.0573,-0.0169,0.2382,-0.2709
3.5674,-2.4205,7.4292,-0.2113,0.0765,-0.3110,-1.5658,-6.0837,6.1172,-0.0035,0.2128,-0.2637
3.5913,-2.3296,7.4723,-0.1972,0.0823,-0.3123,-1.6640,-6.0717,6.0478,0.0060,0.2289,-0.2654
3.4931,-2.2960,7.3574,-0.1924,0.0678,-0.3044,-1.6616,-6.0454,5.9759,0.0073,0.2048,-0.2490
3.4979,-2.3367,7.3789,-0.1986,0.0566,-0.2910,-1.6951,-6.1172,6.0190,0.0020,0.1953,-0.2366
3.4069,-2.3056,7.3765,-0.1659,0.0687,-0.2739,-1.6472,-6.1794,6.0071,0.0017,0.1787,-0.2178
3.4333,-2.4110,7.4460,-0.1695,0.0655,-0.2565,-1.7095,-6.2034,5.9640,-0.0137,0.1812,-0.2089
3.3519,-2.3559,7.5058,-0.1683,0.0616,-0.2429,-1.6712,-6.1603,5.9472,-0.0128,0.1567,-0.2050
3.3184,-2.4277,7.3861,-0.1591,0.0538,-0.2369,-1.6352,-6.1675,5.8634,-0.0104,0.1463,-0.1889
3.3208,-2.5977,7.3430,-0.1893,0.0469,-0.2145,-1.6879,-6.3877,5.7533,-0.0382,0.1563,-0.1847
2.8611,-2.6073,7.6160,-0.1669,0.1434,-0.1952,-2.0877,-6.5649,5.6479,-0.0745,0.2654,-0.1819
2.5379,-2.5570,7.8913,-0.1399,0.0536,-0.1251,-2.2410,-6.7924,5.2457,-0.0401,0.1054,-0.1057
2.7892,-2.5881,7.5441,-0.0661,-0.0947,-0.0337,-1.9130,-6.6224,5.3486,-0.0028,-0.1215,-0.0217
3.2441,-2.7797,7.5106,-0.0200,-0.1010,0.0436,-1.6855,-6.6295,5.5881,-0.0240,-0.1002,0.0699
3.2226,-2.6312,7.4675,0.0349,-0.0155,0.0975,-1.7837,-6.4572,5.7245,-0.0525,-0.0486,0.1372
3.2872,-2.4612,7.3789,0.0580,-0.0739,0.1683,-1.6855,-6.1962,5.8059,-0.0612,-0.1483,0.1865
3.3998,-2.2601,7.4603,0.0622,-0.1013,0.2150,-1.6831,-6.1603,5.9256,-0.0705,-0.1388,0.1997
3.6799,-2.3439,7.4795,0.0509,-0.0302,0.2101,-1.5490,-6.0142,5.9855,-0.1003,-0.1035,0.2304
3.5362,-2.1668,7.4148,0.0525,-0.0264,0.2188,-1.6807,-6.0549,5.9759,-0.0975,-0.1118,0.2353
3.6105,-2.2170,7.5274,0.0508,-0.0766,0.2165,-1.7502,-6.0382,6.0813,-0.0759,-0.1559,0.2172
3.5554,-2.0901,7.3550,0.0570,-0.0694,0.2268,-1.6233,-5.8993,6.0980,-0.0746,-0.1687,0.2252
3.6296,-2.1596,7.2688,0.0217,-0.0168,0.2094,-1.7023,-5.9089,6.0214,-0.1203,-0.0919,0.1931
3.2801,-2.1021,7.4579,0.0047,0.0228,0.2028,-1.8411,-6.0190,5.8347,-0.1262,-0.0739,0.1909
3.2154,-2.1548,7.4484,-0.0045,-0.0390,0.2117,-1.8555,-6.0741,5.8179,-0.1107,-0.1263,0.1835
3.2777,-2.2386,7.5178,0.0048,-0.0394,0.2206,-1.8771,-6.1363,5.8395,-0.1059,-0.1343,0.1919
3.2920,-2.2194,7.4364,0.0025,-0.0337,0.2246,-1.8747,-6.1004,5.8083,-0.1150,-0.1451,0.1871
3.2872,-2.1955,7.5537,0.0087,-0.0410,0.2414,-1.9154,-6.1363,5.7604,-0.1224,-0.1496,0.2029
3.3639,-2.2553,7.4484,-0.0051,-0.0695,0.2583,-1.7813,-6.1339,5.9113,-0.1259,-0.1837,0.2145
3.4429,-2.2362,7.4124,0.0121,-0.0492,0.2723,-1.7502,-6.0861,5.8275,-0.1304,-0.1623,0.2212
3.4069,-2.2027,7.4292,0.0133,-0.0625,0.2842,-1.8387,-6.1076,5.9592,-0.1274,-0.1855,0.2274
3.3351,-2.2865,7.4555,0.0040,-0.0811,0.2821,-1.7765,-6.1196,6.0789,-0.1218,-0.1993,0.2237
3.3878,-2.2122,7.4172,0.0071,-0.0925,0.2827,-1.7549,-6.1483,5.9328,-0.1122,-0.2096,0.2216
3.4405,-2.2865,7.5322,0.0244,-0.0926,0.2916,-1.8172,-6.1387,5.8323,-0.0991,-0.2165,0.2406
3.4333,-2.2458,7.2927,0.0254,-0.1019,0.3014,-1.7142,-6.1100,5.8371,-0.1070,-0.2358,0.2546
3.4189,-2.3008,7.4723,0.0410,-0.0930,0.3188,-1.7190,-6.1292,5.9256,-0.1110,-0.2153,0.2703
3.4213,-2.2194,7.4675,0.0528,-0.1077,0.3296,-1.7214,-6.0238,5.9592,-0.1122,-0.2465,0.2771
3.5554,-2.2721,7.3909,0.0417,-0.0899,0.3281,-1.6783,-6.0430,5.9520,-0.1244,-0.2280,0.2798
3.4979,-2.2649,7.4939,0.0436,-0.0845,0.3272,-1.6903,-6.0717,6.0597,-0.1171,-0.2142,0.2813
3.4548,-2.2505,7.5106,0.0476,-0.1071,0.3238,-1.7190,-6.0573,5.9448,-0.0995,-0.2349,0.2691
3.5865,-2.1548,7.3095,0.0414,-0.1216,0.3196,-1.6209,-5.9161,6.1028,-0.0875,-0.2481,0.2670
3.6799,-2.1907,7.4005,0.0388,-0.1083,0.2922,-1.5730,-5.9209,6.3183,-0.0758,-0.2069,0.2471
3.5602,-2.0973,7.4795,0.0513,-0.0787,0.2555,-1.6328,-5.8969,6.0382,-0.0558,-0.1480,0.2256
3.5650,-2.0423,7.4244,0.0256,-0.1175,0.2518,-1.7765,-5.8251,5.9831,-0.0509,-0.2012,0.2089
3.4692,-2.1069,7.4340,0.0025,-0.1023,0.2587,-1.7717,-5.9065,5.9783,-0.0882,-0.2016,0.2089
3.5027,-2.2505,7.4220,-0.0036,-0.0698,0.2667,-1.8220,-6.0837,5.9544,-0.1172,-0.1811,0.2120
3.3303,-2.2218,7.4939,-0.0043,-0.0966,0.2880,-1.7957,-6.0765,5.9113,-0.1162,-0.2252,0.2221
3.3471,-2.1500,7.3670,0.0076,-0.1479,0.2950,-1.7358,-6.0501,5.9017,-0.0965,-0.2685,0.2185
3.6775,-2.3415,7.3741,0.0059,-0.1720,0.3031,-1.5275,-6.0645,6.1507,-0.0966,-0.2895,0.2337
3.8858,-2.3008,7.5705,0.0498,-0.1096,0.2767,-1.4126,-6.0166,6.3422,-0.0923,-0.2105,0.2333
3.9576,-2.1620,7.2640,0.0620,-0.1208,0.2573,-1.4317,-5.7796,6.3925,-0.0710,-0.2176,0.2546
4.2282,-1.9992,7.2544,0.0605,-0.1061,0.2398,-1.2474,-5.5402,6.6295,-0.0665,-0.1635,0.2328
4.6040,-1.8507,7.3789,0.0878,-0.1030,0.1787,-1.3599,-5.2577,6.9145,-0.0364,-0.1199,0.2024
4.3862,-1.6065,6.9647,0.0139,0.0053,0.0859,-1.3168,-5.0829,6.6391,-0.1061,-0.0393,0.1268
3.9456,-1.7310,7.1754,-0.0859,0.2100,0.0088,-1.6400,-5.2768,6.5697,-0.1776,0.2206,0.0093
3.7972,-1.9034,7.5968,-0.1390,0.0424,-0.0782,-1.6496,-5.5665,6.4739,-0.0400,0.0786,-0.0830
3.6631,-1.9465,7.3358,-0.1215,-0.0344,-0.1577,-1.5826,-5.6743,6.1794,0.0542,0.0433,-0.1455
3.9169,-2.0423,7.1515,-0.1740,0.0096,-0.2449,-1.5083,-5.6719,6.2656,0.0554,0.1430,-0.2185
3.7206,-2.0063,7.3717,-0.1868,0.0125,-0.2892,-1.6137,-5.6814,6.1962,0.0690,0.1664,-0.2438
3.6368,-2.0016,7.4005,-0.1744,-0.0246,-0.2968,-1.6759,-5.6671,6.2034,0.0994,0.1283,-0.2710
3.7852,-1.9968,7.3143,-0.1928,-0.0384,-0.3180,-1.6328,-5.7030,6.1962,0.0869,0.1219,-0.2743
3.6990,-1.9824,7.1946,-0.2101,0.0183,-0.3164,-1.6352,-5.7126,6.1435,0.0374,0.1973,-0.2866
3.6248,-2.0853,7.3191,-0.2238,0.0440,-0.3043,-1.6664,-5.8562,6.1531,0.0083,0.1935,-0.2883
3.6943,-2.1500,7.4627,-0.2209,0.0741,-0.3007,-1.6783,-5.8873,6.1555,-0.0173,0.1936,-0.2574
3.5267,-2.1955,7.2856,-0.1986,0.0974,-0.3048,-1.6257,-5.9807,6.0262,-0.0116,0.2222,-0.2579
3.5171,-2.2458,7.4005,-0.1978,0.0152,-0.2860,-1.4892,-5.9568,6.0334,0.0274,0.1504,-0.2501
3.8044,-2.1787,7.3406,-0.1836,0.0256,-0.2959,-1.5275,-5.8155,6.2177,0.0320,0.1696,-0.2562
3.9002,-2.1835,7.4867,-0.1799,0.0369,-0.3112,-1.5083,-5.8754,6.3925,0.0313,0.1847,-0.2547
3.8020,-2.2003,7.2520,-0.1852,0.0616,-0.3220,-1.5107,-5.8251,6.2106,0.0218,0.2029,-0.2606
3.6919,-2.1644,7.4268,-0.2028,0.0538,-0.3287,-1.5012,-5.7844,6.2393,0.0262,0.1990,-0.2801
3.8044,-2.2386,7.3119,-0.2125,0.0473,-0.3320,-1.4653,-5.8299,6.2991,0.0254,0.1927,-0.2863
3.7110,-2.1261,7.3215,-0.2134,0.0819,-0.3584,-1.5562,-5.7820,6.1723,0.0184,0.2349,-0.3038
3.6990,-2.1979,7.3598,-0.2453,0.0538,-0.3705,-1.5060,-5.8347,5.9951,0.0203,0.2098,-0.3333
3.7230,-2.3128,7.2832,-0.2562,0.0965,-0.3709,-1.5036,-5.9352,6.1435,-0.0048,0.2483,-0.3288
3.5937,-2.3343,7.3933,-0.2475,0.1593,-0.3800,-1.6328,-5.9927,6.2058,-0.0201,0.3323,-0.3283
3.6272,-2.2098,7.5154,-0.2277,0.1087,-0.4034,-1.7573,-5.9855,6.0861,0.0153,0.2749,-0.3293
3.6559,-2.2697,7.3933,-0.2286,0.0830,-0.4162,-1.4748,-5.8921,6.0861,0.0212,0.2593,-0.3319
3.5554,-2.2410,7.3526,-0.2296,0.1218,-0.4319,-1.6233,-6.0597,6.0238,0.0120,0.3110,-0.3328
3.3639,-2.2913,7.4771,-0.1976,0.0432,-0.4000,-1.7310,-6.0334,5.9592,0.0588,0.2162,-0.3146
3.5267,-2.2601,7.3981,-0.1889,0.0322,-0.3754,-1.6544,-6.0214,6.0932,0.0703,0.2096,-0.3123
3.6727,-2.2625,7.4124,-0.1907,0.0544,-0.3673,-1.5395,-5.8059,6.0118,0.0464,0.2120,-0.2995
3.6512,-2.1644,7.3239,-0.2085,0.0879,-0.3611,-1.5874,-5.8275,6.0621,0.0115,0.2499,-0.2995
3.6488,-2.2242,7.3334,-0.2372,0.0990,-0.3685,-1.5754,-5.9735,6.0573,-0.0164,0.2506,-0.3067
3.5506,-2.3272,7.4603,-0.2395,0.1038,-0.3830,-1.6209,-6.0358,5.9807,-0.0127,0.2641,-0.3180
3.4668,-2.4565,7.4508,-0.2340,0.1025,-0.3897,-1.5897,-6.0980,5.9352,-0.0043,0.2599,-0.3199
3.4860,-2.3894,7.4268,-0.2237,0.0814,-0.3748,-1.6568,-6.1244,5.8610,0.0100,0.2462,-0.3131
3.4884,-2.3535,7.4244,-0.2118,0.0805,-0.3499,-1.6233,-6.1076,5.8610,0.0081,0.2217,-0.2986
3.4189,-2.3870,7.3310,-0.2193,0.0798,-0.3319,-1.6424,-6.1746,5.8993,-0.0047,0.2229,-0.2778
3.3758,-2.6336,7.2664,-0.2445,0.0834,-0.3026,-1.4557,-6.2728,5.6934,-0.0302,0.1966,-0.2778
3.1196,-2.6480,7.5298,-0.2294,0.1708,-0.2900,-1.7693,-6.5098,5.6024,-0.0568,0.3040,-0.2621
2.5402,-2.6145,7.6662,-0.2206,0.1524,-0.2591,-2.2386,-6.7660,5.3965,-0.0568,0.2495,-0.2240
2.4349,-2.6480,7.6734,-0.1299,0.0199,-0.1745,-2.2769,-6.8594,5.1882,0.0047,0.0870,-0.1579
2.9329,-2.8180,7.6136,-0.1118,-0.1251,-0.0550,-1.8268,-6.7852,5.4827,0.0025,-0.1140,-0.0440
3.1364,-2.8850,7.4723,-0.0187,-0.0293,0.0273,-1.7286,-6.7445,5.4923,-0.0565,-0.0380,0.0715
2.9880,-2.5809,7.4747,0.0228,-0.0092,0.1067,-1.8268,-6.5410,5.4253,-0.0671,-0.0585,0.1419
3.1747,-2.5211,7.6399,0.0695,-0.1537,0.1896,-1.7861,-6.4021,5.8347,-0.0125,-0.2162,0.1936
3.5841,-2.3727,7.4747,0.0937,-0.1724,0.2278,-1.6448,-6.1076,6.1052,-0.0153,-0.2344,0.2345
3.8092,-2.2745,7.3885,0.0918,-0.1315,0.2325,-1.4365,-5.9927,6.0980,-0.0468,-0.1961,0.2421
3.7757,-2.2577,7.2664,0.0713,-0.0561,0.2361,-1.5107,-5.9927,6.0956,-0.0966,-0.1438,0.2558
3.6871,-2.2649,7.4340,0.0682,-0.0304,0.2439,-1.5610,-5.9807,6.0071,-0.1123,-0.1184,0.2510
3.5314,-2.2075,7.4029,0.0653,-0.0341,0.2491,-1.6688,-6.0118,6.0166,-0.0994,-0.1464,0.2667
3.6943,-2.1835,7.6351,0.0318,-0.0593,0.2629,-1.7502,-6.0837,6.1579,-0.1100,-0.1395,0.2594
3.5721,-2.1859,7.2640,0.0726,-0.0270,0.2425,-1.6664,-6.0406,6.1244,-0.1196,-0.1375,0.2453
3.5195,-2.2218,7.2616,0.0334,-0.0016,0.2313,-1.6400,-5.8897,5.9520,-0.1379,-0.0909,0.2086
3.3112,-2.1811,7.5489,0.0188,0.0161,0.2200,-1.7909,-6.0478,5.8371,-0.1495,-0.0701,0.1904
3.2609,-2.1644,7.5824,0.0193,-0.0265,0.2293,-1.9249,-6.1004,5.9233,-0.1151,-0.1258,0.2082
3.2585,-2.1668,7.4891,0.0159,-0.0601,0.2345,-1.9680,-6.0478,5.8514,-0.1045,-0.1520,0.2048
3.3423,-2.1931,7.3526,0.0161,-0.0360,0.2483,-1.8986,-6.0525,5.8155,-0.1210,-0.1472,0.2140
3.3567,-2.1883,7.4867,0.0045,-0.0348,0.2627,-1.8771,-6.0717,5.9065,-0.1438,-0.1549,0.2173
3.3088,-2.1931,7.3885,0.0041,-0.0514,0.2713,-1.7526,-6.1435,5.8873,-0.1418,-0.1771,0.2268
3.3758,-2.2482,7.5178,0.0135,-0.0494,0.2805,-1.7526,-6.2345,5.9568,-0.1286,-0.1649,0.2334
3.3567,-2.2194,7.4388,0.0270,-0.0653,0.2821,-1.7142,-6.1124,5.8562,-0.1198,-0.1913,0.2393
3.3854,-2.2458,7.3334,0.0241,-0.0771,0.2867,-1.7095,-6.1220,5.8035,-0.1196,-0.1932,0.2434
3.4285,-2.2577,7.3813,0.0340,-0.0801,0.3008,-1.7478,-6.1100,5.8682,-0.1073,-0.2020,0.2505
3.4405,-2.2194,7.5298,0.0497,-0.0987,0.3082,-1.8196,-6.1699,5.9975,-0.0926,-0.2088,0.2575
3.4237,-2.2601,7.5537,0.0596,-0.1102,0.3135,-1.7717,-6.0430,5.9089,-0.0863,-0.2439,0.2742
3.4333,-2.1883,7.2927,0.0541,-0.1061,0.3231,-1.7454,-6.0262,5.8969,-0.0973,-0.2270,0.2705
3.4931,-2.2553,7.4220,0.0472,-0.1279,0.3211,-1.7262,-6.0286,5.8826,-0.0905,-0.2525,0.2738
3.5554,-2.1739,7.4579,0.0512,-0.1081,0.3192,-1.7454,-6.0573,5.9640,-0.0933,-0.2216,0.2714
3.4788,-2.1213,7.4651,0.0565,-0.1098,0.3199,-1.7023,-5.9209,5.9065,-0.0954,-0.2362,0.2717
3.5147,-2.2122,7.4867,0.0388,-0.1167,0.3206,-1.7119,-5.9400,6.0406,-0.0945,-0.2318,0.2639
3.6057,-2.1404,7.4244,0.0436,-0.1192,0.3212,-1.6161,-5.9185,6.1100,-0.0882,-0.2461,0.2754
3.6583,-2.1644,7.5202,0.0397,-0.0961,0.3032,-1.6879,-5.9496,6.1220,-0.0935,-0.2030,0.2530
3.5817,-2.0806,7.4196,0.0336,-0.1049,0.2944,-1.6281,-5.9328,6.0837,-0.0821,-0.2229,0.2510
3.6488,-2.1093,7.3861,0.0262,-0.1178,0.2822,-1.6089,-5.8730,6.0861,-0.0773,-0.2230,0.2361
3.6152,-2.1572,7.4148,0.0196,-0.1092,0.2674,-1.7310,-5.8873,6.1699,-0.0777,-0.2046,0.2212
3.6512,-2.1021,7.4579,0.0217,-0.1066,0.2749,-1.6400,-5.9352,6.1555,-0.0815,-0.2097,0.2266
3.5650,-2.1476,7.3789,0.0136,-0.0801,0.2625,-1.7047,-5.8945,6.0430,-0.1009,-0.1832,0.2205
3.5626,-2.1141,7.4053,0.0117,-0.0974,0.2645,-1.7549,-5.8897,5.9807,-0.0946,-0.2077,0.2166
3.4500,-2.0446,7.3933,0.0067,-0.1370,0.2710,-1.6879,-5.8586,6.0190,-0.0901,-0.2434,0.2146
3.5913,-2.1476,7.4364,0.0113,-0.1342,0.2765,-1.6209,-5.9328,6.1890,-0.0953,-0.2390,0.2109
3.8259,-2.2625,7.3909,0.0192,-0.1074,0.2625,-1.4174,-5.9544,6.2225,-0.0999,-0.2088,0.2156
3.9313,-2.1117,7.4077,0.0334,-0.0959,0.2403,-1.5036,-5.7317,6.4667,-0.0890,-0.1978,0.2184
4.0917,-1.9537,7.3430,0.0269,-0.1144,0.2134,-1.3958,-5.5234,6.5218,-0.0785,-0.1929,0.1957
4.3191,-1.8699,7.1443,0.0144,-0.1027,0.1677,-1.2570,-5.3223,6.6679,-0.0742,-0.1649,0.1592
4.3862,-1.8196,7.0725,-0.0321,-0.0097,0.0999,-1.2450,-5.3056,6.6367,-0.1130,-0.0341,0.0874
4.0797,-1.7669,7.2832,-0.0953,0.0967,-0.0009,-1.4509,-5.4157,6.5529,-0.1192,0.1021,-0.0080
3.8068,-1.9178,7.4101,-0.1319,0.0348,-0.0622,-1.6305,-5.6503,6.4308,-0.0453,0.0626,-0.0686
3.9241,-1.9656,7.2616,-0.1442,0.0035,-0.1232,-1.4605,-5.6455,6.4045,-0.0091,0.0501,-0.1178
3.8595,-2.1165,7.2353,-0.1580,0.0494,-0.1816,-1.5155,-5.7269,6.2369,0.0056,0.1561,-0.1659
3.6751,-2.0542,7.2161,-0.1619,0.0171,-0.2041,-1.6305,-5.7676,6.1148,0.0278,0.1156,-0.1847
3.6152,-1.9968,7.2257,-0.1394,-0.0139,-0.2225,-1.6209,-5.7844,6.2201,0.0394,0.1424,-0.2181
3.7110,-2.0303,7.2592,-0.1612,0.0101,-0.2313,-1.5969,-5.7748,6.1962,0.0164,0.1314,-0.2192
3.7086,-2.1356,7.2425,-0.1843,0.0552,-0.2348,-1.4916,-5.8538,6.2321,-0.0175,0.1769,-0.2156
3.6607,-2.2170,7.3239,-0.1871,0.1100,-0.2450,-1.6281,-5.8969,5.9640,-0.0422,0.2162,-0.2138
3.5985,-2.2290,7.3694,-0.1905,0.1031,-0.2535,-1.6783,-5.9711,6.0358,-0.0398,0.2121,-0.2044
3.4884,-2.2553,7.4340,-0.1897,0.0841,-0.2498,-1.7023,-5.9855,6.0238,-0.0268,0.1912,-0.2088
3.5482,-2.3200,7.4436,-0.1705,0.0228,-0.2475,-1.6400,-5.9759,6.0358,0.0171,0.1255,-0.2086
3.6536,-2.2793,7.3909,-0.1772,0.0036,-0.2453,-1.5826,-6.0310,6.1435,0.0225,0.1338,-0.2154
3.7637,-2.2434,7.3358,-0.1593,0.0324,-0.2577,-1.5323,-5.9735,6.2177,0.0262,0.1532,-0.2094
3.7852,-2.2649,7.3717,-0.1508,0.0205,-0.2701,-1.5610,-5.8969,6.1363,0.0381,0.1532,-0.2105
3.7086,-2.1907,7.4172,-0.1563,0.0225,-0.2802,-1.5371,-5.8490,6.1531,0.0377,0.1597,-0.2241
3.7230,-2.2194,7.3287,-0.1683,0.0314,-0.2871,-1.5945,-5.8610,6.1411,0.0280,0.1729,-0.2301
3.7326,-2.1763,7.3526,-0.1681,0.0345,-0.2958,-1.6496,-5.8754,6.0837,0.0324,0.1728,-0.2378
3.6919,-2.2003,7.4124,-0.1687,0.0320,-0.3044,-1.5634,-5.8993,6.0980,0.0368,0.1713,-0.2445
3.7302,-2.2601,7.2975,-0.1752,0.0272,-0.3132,-1.5179,-5.9616,6.1603,0.0528,0.1833,-0.2550
3.7254,-2.2170,7.4196,-0.1725,0.0506,-0.3254,-1.5754,-5.8658,6.0908,0.0406,0.2026,-0.2601
3.7062,-2.1500,7.2784,-0.1879,0.0694,-0.3324,-1.6113,-5.7700,6.0693,0.0165,0.2245,-0.2673
3.6512,-2.1811,7.4579,-0.1939,0.0753,-0.3317,-1.6448,-5.8778,6.0813,0.0155,0.2244,-0.2726
3.6512,-2.1763,7.4196,-0.2020,0.0578,-0.3349,-1.5778,-5.9568,6.1363,0.0173,0.2029,-0.2735
3.6512,-2.2338,7.4029,-0.2050,0.0861,-0.3352,-1.5778,-5.8778,6.1627,0.0027,0.2374,-0.2753
3.6847,-2.1787,7.3694,-0.2102,0.0985,-0.3457,-1.5897,-5.8993,6.0956,-0.0036,0.2459,-0.2838
3.6344,-2.2242,7.3861,-0.2225,0.0853,-0.3512,-1.5874,-5.9233,5.9544,-0.0004,0.2344,-0.2956
3.6392,-2.2865,7.2999,-0.2214,0.0830,-0.3524,-1.5754,-5.9472,6.0262,0.0020,0.2306,-0.3050
3.5578,-2.2146,7.3717,-0.2233,0.0711,-0.3525,-1.5945,-5.9975,6.0645,0.0084,0.2302,-0.3076
3.6152,-2.2865,7.3981,-0.2264,0.0751,-0.3473,-1.6257,-6.0118,6.0908,0.0049,0.2248,-0.2999
3.6320,-2.3152,7.3215,-0.2194,0.0855,-0.3473,-1.6328,-6.0238,6.0669,0.0049,0.2293,-0.2979
3.5267,-2.3559,7.3813,-0.2172,0.0842,-0.3405,-1.6376,-6.0406,5.9855,-0.0039,0.2266,-0.2891
3.5530,-2.3703,7.4316,-0.2160,0.0918,-0.3328,-1.5969,-6.1076,5.9089,-0.0088,0.2403,-0.2747
3.4907,-2.3607,7.3957,-0.2040,0.0835,-0.3198,-1.7214,-6.1962,5.9448,-0.0017,0.2262,-0.2698
3.5147,-2.3942,7.5082,-0.1900,0.0725,-0.3106,-1.6664,-6.0501,5.9735,0.0055,0.2022,-0.2555
3.5434,-2.2769,7.3694,-0.1873,0.0614,-0.3048,-1.7478,-6.0813,5.9400,0.0027,0.1974,-0.2521
3.5410,-2.3176,7.3334,-0.1841,0.0626,-0.2972,-1.6065,-6.0932,5.9711,-0.0013,0.1907,-0.2417
3.5051,-2.2793,7.3622,-0.1865,0.0721,-0.2882,-1.6664,-6.1196,5.9783,-0.0047,0.1977,-0.2411
3.4620,-2.3798,7.4603,-0.1853,0.0549,-0.2835,-1.6592,-6.0765,5.9999,0.0068,0.1751,-0.2332
3.3830,-2.5618,7.1180,-0.2184,0.0496,-0.2682,-1.4916,-6.2417,5.9664,-0.0140,0.1888,-0.2377
3.0813,-2.5618,7.5705,-0.2026,0.1596,-0.2709,-1.8340,-6.4667,5.6575,-0.0496,0.3044,-0.2721
2.6288,-2.5450,7.8386,-0.1844,0.0922,-0.2372,-2.2218,-6.6343,5.4013,0.0004,0.1676,-0.1848
2.6049,-2.5211,7.6136,-0.1327,-0.0489,-0.1371,-2.2482,-6.7349,5.2122,0.0342,0.0028,-0.1126
3.1939,-2.7294,7.3454,-0.0594,-0.1426,-0.0068,-1.6903,-6.6224,5.5450,0.0096,-0.1494,0.0075
3.1316,-2.6959,7.3454,-0.0476,0.0169,0.0408,-1.6520,-6.6080,5.5330,-0.1061,0.0477,0.0584
2.9832,-2.5474,7.4771,0.0156,0.0044,0.1063,-1.9489,-6.5505,5.5426,-0.0858,-0.0500,0.1326
3.1412,-2.4972,7.7045,0.0526,-0.1371,0.1696,-1.8292,-6.3782,5.9783,-0.0238,-0.1941,0.1724
3.5506,-2.2721,7.3526,0.0779,-0.1985,0.1958,-1.5945,-6.1387,6.1052,0.0119,-0.2633,0.2033
3.8307,-2.3224,7.2568,0.0629,-0.1535,0.1908,-1.3958,-5.8897,6.2130,-0.0542,-0.1575,0.2042
3.7757,-2.2362,7.2616,0.0548,-0.0338,0.1796,-1.4509,-5.8730,6.1794,-0.0915,-0.1014,0.2056
3.6272,-2.2051,7.5537,0.0426,-0.0522,0.1993,-1.6831,-6.0478,5.9568,-0.0890,-0.1088,0.2044
3.7278,-2.2697,7.4675,0.0663,-0.0715,0.2129,-1.5323,-6.0142,6.1866,-0.0791,-0.1592,0.2258
3.8044,-2.2984,7.3334,0.0573,-0.0504,0.2182,-1.5371,-5.9376,6.0693,-0.0958,-0.1250,0.2257
3.7445,-2.2769,7.2832,0.0380,0.0232,0.2020,-1.5562,-5.8993,5.9592,-0.1234,-0.0770,0.2212
3.5602,-2.1596,7.4292,-0.0141,0.0354,0.1988,-1.8172,-6.0047,5.8873,-0.1418,-0.0298,0.1835
3.3399,-2.1213,7.5417,-0.0147,0.0095,0.1871,-1.9130,-6.0837,5.9137,-0.1106,-0.0913,0.1745
3.3974,-2.1476,7.5920,-0.0095,-0.0485,0.1875,-1.9154,-6.0789,5.8395,-0.0965,-0.1271,0.1668
3.4165,-2.1548,7.3717,-0.0085,-0.0361,0.1836,-1.8699,-5.9855,5.9113,-0.1088,-0.1236,0.1648
3.2561,-2.1955,7.4603,-0.0151,-0.0068,0.1973,-1.8004,-6.0142,5.6767,-0.1282,-0.1013,0.1631
3.4405,-2.2625,7.5202,-0.0232,-0.0457,0.2185,-1.8052,-6.0885,5.9280,-0.1292,-0.1447,0.1756
3.4165,-2.2386,7.5346,-0.0104,-0.0188,0.2214,-1.7549,-6.1172,5.8849,-0.1331,-0.1122,0.1839
3.4261,-2.2889,7.5489,-0.0035,-0.0225,0.2328,-1.7262,-6.1244,5.9711,-0.1264,-0.1264,0.1940
3.4237,-2.2817,7.5346,0.0037,-0.0450,0.2467,-1.7669,-6.1818,5.9711,-0.1252,-0.1391,0.1980
3.3854,-2.1931,7.5202,0.0101,-0.0305,0.2531,-1.7526,-6.1172,5.9472,-0.1271,-0.1487,0.2121
3.3950,-2.2721,7.6088,0.0011,-0.0530,0.2617,-1.8292,-6.1866,5.8251,-0.1298,-0.1632,0.2149
3.3998,-2.3990,7.5609,0.0203,-0.0655,0.2699,-1.7286,-6.2130,5.9520,-0.1124,-0.1835,0.2357
3.3591,-2.3727,7.5417,0.0429,-0.0758,0.2782,-1.7262,-6.2944,5.9640,-0.0938,-0.1753,0.2475
3.3471,-2.2649,7.4316,0.0572,-0.0875,0.2839,-1.7813,-6.1172,5.9233,-0.0911,-0.2048,0.2537
3.3351,-2.2075,7.3789,0.0570,-0.1088,0.2952,-1.7573,-6.0861,5.8442,-0.0807,-0.2304,0.2630
3.4572,-2.2098,7.3885,0.0590,-0.1202,0.3091,-1.7190,-6.1052,5.9328,-0.0838,-0.2292,0.2666
3.4285,-2.1189,7.5178,0.0706,-0.0849,0.3038,-1.8028,-5.9472,5.8586,-0.0939,-0.2017,0.2673
3.3854,-2.0853,7.4460,0.0382,-0.1063,0.3055,-1.7669,-6.0071,5.9640,-0.1055,-0.2349,0.2598
3.4548,-2.2075,7.4915,0.0509,-0.1083,0.3007,-1.7406,-5.9855,5.9975,-0.0913,-0.2256,0.2625
3.4907,-2.1668,7.4436,0.0533,-0.0983,0.2988,-1.7526,-6.0094,5.9113,-0.0875,-0.2093,0.2554
3.4093,-2.1428,7.3813,0.0440,-0.1162,0.3014,-1.7502,-6.0047,6.0238,-0.0869,-0.2390,0.2618
3.4453,-2.1141,7.4196,0.0413,-0.1088,0.3020,-1.7478,-6.0478,5.9759,-0.0873,-0.2182,0.2531
3.4500,-2.1165,7.4699,0.0398,-0.1260,0.3094,-1.7238,-6.0358,6.0214,-0.0885,-0.2423,0.2566
3.5219,-2.1668,7.3957,0.0346,-0.1178,0.3067,-1.6831,-5.9927,6.0430,-0.0949,-0.2320,0.2583
3.5243,-2.1859,7.5202,0.0412,-0.1182,0.2967,-1.6352,-6.0071,6.1004,-0.0885,-0.2270,0.2535
3.5889,-2.1739,7.3622,0.0477,-0.1460,0.2943,-1.6328,-5.9065,6.1196,-0.0714,-0.2406,0.2481
3.6631,-2.1356,7.3813,0.0356,-0.1267,0.2879,-1.5562,-5.9400,6.0765,-0.0797,-0.2337,0.2446
3.6607,-2.1428,7.3550,0.0326,-0.1286,0.2797,-1.6951,-5.9807,6.0908,-0.0778,-0.2306,0.2397
3.6655,-2.1213,7.4531,0.0286,-0.1380,0.2742,-1.6424,-5.9089,6.0142,-0.0734,-0.2294,0.2300
3.5482,-2.1620,7.4771,0.0286,-0.1464,0.2836,-1.7119,-5.9735,6.0956,-0.0729,-0.2506,0.2370
3.7062,-2.0423,7.4460,0.0449,-0.1657,0.2819,-1.5610,-5.8107,6.2704,-0.0553,-0.2762,0.2458
3.9720,-2.0662,7.2664,0.0358,-0.1633,0.2659,-1.4365,-5.6240,6.3207,-0.0683,-0.2594,0.2277
4.1827,-1.8220,7.2305,0.0326,-0.1458,0.2282,-1.3503,-5.4277,6.6152,-0.0657,-0.2411,0.2033
4.3934,-1.7454,7.1730,-0.0088,-0.1371,0.1787,-1.2761,-5.2026,6.7971,-0.0641,-0.1956,0.1479
4.6926,-1.6999,7.0294,-0.0328,-0.0469,0.0919,-1.0822,-5.1164,6.9623,-0.0743,-0.0751,0.0798
4.6376,-1.6831,7.0868,-0.0858,0.0751,-0.0273,-1.1971,-5.1092,6.9001,-0.0834,0.1091,-0.0211
4.2784,-1.6017,7.3287,-0.1471,0.1214,-0.1182,-1.6113,-5.2984,6.6798,-0.0755,0.1921,-0.1139
4.0079,-1.8531,7.2736,-0.1817,0.1378,-0.1761,-1.5969,-5.5019,6.3159,-0.0653,0.1772,-0.1551
3.6775,-2.0303,7.4029,-0.2068,0.1363,-0.2248,-1.5754,-5.7820,6.1603,-0.0636,0.2317,-0.2025
3.5650,-2.2865,7.4723,-0.2093,0.1074,-0.2414,-1.7047,-6.0190,6.1100,-0.0377,0.1936,-0.2150
3.4572,-2.1763,7.5058,-0.1919,0.0458,-0.2699,-1.7214,-5.9711,6.0789,0.0269,0.1804,-0.2471
3.5769,-2.0686,7.4005,-0.1932,-0.0679,-0.2763,-1.6568,-5.8035,5.9400,0.1078,0.0552,-0.2533
3.8882,-2.1596,7.3358,-0.2357,-0.0560,-0.2766,-1.4964,-5.7604,6.0525,0.0711,0.0949,-0.2529
3.9409,-2.1021,7.3287,-0.1977,0.0613,-0.2846,-1.5179,-5.8012,6.2130,0.0357,0.1909,-0.2471
3.7182,-2.1021,7.3454,-0.2029,0.0521,-0.2915,-1.6089,-5.8419,6.1124,0.0218,0.2076,-0.2523
3.6081,-2.1644,7.4651,-0.2017,0.0709,-0.2983,-1.6161,-5.8873,6.0741,0.0147,0.2118,-0.2598
3.6751,-2.2793,7.3263,-0.2016,0.0497,-0.2964,-1.6113,-5.9209,6.0813,0.0100,0.1829,-0.2525
3.6416,-2.2769,7.3837,-0.1933,0.0702,-0.2907,-1.5227,-5.9185,5.9999,-0.0037,0.1958,-0.2454
3.7110,-2.3487,7.4579,-0.1896,0.0430,-0.2968,-1.4629,-5.9735,6.1842,0.0100,0.1753,-0.2433
3.8618,-2.3679,7.3909,-0.1752,0.0265,-0.3091,-1.4246,-5.9256,6.1435,0.0294,0.1693,-0.2494
3.8211,-2.3607,7.3406,-0.1767,0.0426,-0.3202,-1.4461,-5.9496,6.2393,0.0308,0.1984,-0.2553
3.7637,-2.2410,7.3789,-0.1728,0.0530,-0.3265,-1.5395,-5.9520,6.2656,0.0345,0.1993,-0.2514
3.7182,-2.2098,7.4627,-0.1635,0.0484,-0.3224,-1.7071,-5.9400,6.3183,0.0374,0.2029,-0.2695
3.6416,-2.2458,7.3167,-0.2084,0.1092,-0.3400,-1.5562,-5.9113,6.1459,-0.0067,0.2423,-0.2671
3.6966,-2.2482,7.4579,-0.1860,0.0901,-0.3544,-1.5826,-5.8802,6.1100,0.0191,0.2679,-0.2819
3.6440,-2.0782,7.3215,-0.2158,0.0874,-0.3556,-1.5897,-5.8131,6.0813,0.0075,0.2293,-0.2895
3.5793,-2.2170,7.3310,-0.2256,0.0969,-0.3660,-1.6185,-5.9400,6.0932,-0.0015,0.2601,-0.3043
3.5626,-2.2817,7.3861,-0.2172,0.0930,-0.3616,-1.5945,-5.9640,6.0262,0.0104,0.2320,-0.2974
3.5745,-2.2410,7.3885,-0.2004,0.0826,-0.3516,-1.6927,-5.9999,6.0861,0.0213,0.2457,-0.2920
3.5698,-2.1428,7.3789,-0.2057,0.0658,-0.3391,-1.6712,-5.9161,6.1292,0.0221,0.2178,-0.2891
3.6176,-2.2410,7.2856,-0.2188,0.0869,-0.3361,-1.6161,-5.9089,6.0214,-0.0080,0.2333,-0.2838
3.6176,-2.3032,7.3143,-0.2260,0.1168,-0.3437,-1.5706,-5.9999,6.1028,-0.0266,0.2695,-0.2851
3.4261,-2.3008,7.4723,-0.2176,0.1010,-0.3467,-1.7406,-6.1555,5.9951,-0.0089,0.2509,-0.2850
3.4788,-2.3870,7.4196,-0.2009,0.0625,-0.3327,-1.5969,-6.1244,5.9185,0.0149,0.2112,-0.2743
3.5386,-2.2793,7.4699,-0.2037,0.0703,-0.3247,-1.6017,-6.0478,5.9831,0.0148,0.2288,-0.2782
3.5003,-2.3248,7.4627,-0.1847,0.0633,-0.3199,-1.7382,-6.0645,5.9352,0.0168,0.2069,-0.2610
3.5410,-2.3008,7.4436,-0.1801,0.0372,-0.2922,-1.7071,-6.1100,6.0023,0.0167,0.1740,-0.2431
3.5410,-2.3463,7.5034,-0.1928,0.0811,-0.2862,-1.6592,-6.0478,5.9233,-0.0168,0.1992,-0.2350
3.3734,-2.3439,7.4555,-0.1803,0.0601,-0.2757,-1.6831,-6.1818,5.8562,-0.0040,0.1767,-0.2264
3.4931,-2.4493,7.4220,-0.1825,0.0342,-0.2545,-1.7023,-6.1579,5.9400,0.0080,0.1371,-0.2004
3.5267,-2.5618,7.0557,-0.1735,0.0501,-0.2328,-1.4509,-6.2249,5.7293,-0.0172,0.1426,-0.1939
3.0837,-2.5283,7.5393,-0.1955,0.1536,-0.2162,-1.8842,-6.4811,5.7221,-0.0730,0.2759,-0.2085
2.6169,-2.5067,7.8697,-0.1773,0.1196,-0.1695,-2.3343,-6.7588,5.4229,-0.0628,0.1807,-0.1422
2.6815,-2.5402,7.6088,-0.0750,-0.0787,-0.0767,-2.0710,-6.5338,5.3846,0.0207,-0.0577,-0.0687
3.2489,-2.7605,7.4508,-0.0730,-0.1248,0.0141,-1.7071,-6.6798,5.5402,-0.0216,-0.0978,0.0298
3.1963,-2.6552,7.4723,0.0225,0.0012,0.0722,-1.7142,-6.5601,5.6767,-0.0613,-0.0418,0.1102
3.1508,-2.4325,7.5154,0.0151,-0.0592,0.1358,-1.8507,-6.3303,5.6862,-0.0675,-0.0974,0.1420
3.4093,-2.3439,7.5465,0.0617,-0.1058,0.2113,-1.7334,-6.2441,5.8826,-0.0548,-0.1855,0.2020
3.5913,-2.2362,7.3239,0.0655,-0.1022,0.2149,-1.5874,-6.0406,6.0358,-0.0589,-0.1715,0.2068
3.7828,-2.2434,7.3334,0.0300,-0.0584,0.2237,-1.4533,-5.9424,6.0430,-0.1094,-0.1740,0.2248
3.7852,-2.2458,7.3167,0.0165,-0.0085,0.2237,-1.5131,-6.0214,5.9783,-0.1452,-0.0715,0.2053
3.5674,-2.1596,7.3981,0.0342,-0.0043,0.2253,-1.6927,-6.0382,6.0094,-0.1228,-0.1158,0.2149
3.6009,-2.2242,7.3334,0.0352,-0.0268,0.2100,-1.6257,-6.0717,6.0789,-0.1098,-0.1166,0.1961
3.6129,-2.2170,7.4029,0.0232,-0.0390,0.2009,-1.7047,-6.0717,5.9640,-0.0982,-0.1041,0.1888
3.5027,-2.2577,7.2137,0.0333,-0.0313,0.1969,-1.6352,-6.0741,5.9065,-0.1039,-0.1116,0.1881
3.1340,-2.2242,7.3837,0.0044,0.0056,0.2017,-1.8627,-6.1531,5.7341,-0.1243,-0.0193,0.1503
3.1340,-2.1691,7.4077,0.0164,-0.0317,0.2228,-1.8531,-6.0908,5.7389,-0.1054,-0.1255,0.1857
3.3208,-2.1596,7.5944,0.0049,-0.0442,0.2346,-1.9321,-6.1579,5.8634,-0.1214,-0.1135,0.1920
3.1795,-2.2266,7.4795,0.0125,-0.0390,0.2410,-1.8842,-6.0956,5.7676,-0.1254,-0.1628,0.2104
3.3208,-2.3008,7.4531,-0.0004,-0.0460,0.2554,-1.7549,-6.1938,5.6814,-0.1256,-0.1549,0.2125
3.4117,-2.3104,7.5010,0.0298,-0.0791,0.2774,-1.6927,-6.2034,5.9233,-0.1037,-0.1945,0.2411
3.4812,-2.2362,7.4077,0.0380,-0.0795,0.2863,-1.6999,-6.0597,5.8299,-0.1011,-0.1896,0.2381
3.4907,-2.1763,7.4867,0.0277,-0.0576,0.2838,-1.7669,-6.0094,5.9185,-0.1256,-0.1687,0.2392
3.4069,-2.1093,7.3478,0.0300,-0.0817,0.2911,-1.7597,-5.9759,5.8562,-0.1124,-0.2196,0.2430
3.4740,-2.2793,7.4819,0.0226,-0.1051,0.3032,-1.7454,-6.1651,6.0430,-0.1013,-0.2232,0.2507
3.5961,-2.2817,7.3502,0.0396,-0.0817,0.2972,-1.4868,-6.1244,5.9161,-0.0981,-0.2058,0.2621
3.4453,-2.2577,7.4915,0.0460,-0.0344,0.2867,-1.7166,-6.1603,6.0932,-0.0977,-0.1098,0.2487
3.3734,-2.1189,7.5753,0.0520,-0.1139,0.2848,-1.9010,-6.0645,5.8179,-0.0605,-0.2369,0.2461
3.4620,-2.2410,7.3502,0.0305,-0.1303,0.2935,-1.6592,-5.9879,5.8538,-0.0826,-0.2426,0.2515
3.4907,-2.2027,7.2520,0.0273,-0.0766,0.3016,-1.6137,-5.9376,5.9831,-0.1151,-0.1945,0.2505
3.4285,-2.1620,7.5729,0.0469,-0.0629,0.3028,-1.8411,-6.0549,6.0885,-0.1134,-0.1760,0.2562
3.5027,-2.0710,7.5226,0.0354,-0.1243,0.3030,-1.7526,-5.9735,6.0525,-0.0885,-0.2559,0.2485
3.5769,-2.1763,7.3861,0.0434,-0.1252,0.2924,-1.5993,-5.9616,6.0549,-0.0822,-0.2393,0.2475
3.5841,-2.1787,7.3622,0.0393,-0.1009,0.2850,-1.5658,-5.9520,6.1316,-0.0785,-0.2064,0.2430
3.6129,-2.1332,7.4436,0.0409,-0.1092,0.2703,-1.7454,-5.9687,6.1555,-0.0757,-0.2037,0.2305
3.5314,-2.0830,7.3598,0.0322,-0.1150,0.2643,-1.6664,-5.9544,6.0071,-0.0751,-0.2158,0.2272
3.5698,-2.0542,7.2688,0.0132,-0.1152,0.2634,-1.7095,-5.8586,5.9496,-0.0886,-0.2162,0.2153
3.6081,-2.2338,7.4364,0.0196,-0.1045,0.2661,-1.6305,-6.0310,6.0621,-0.0966,-0.2058,0.2240
3.6248,-2.1763,7.3765,0.0156,-0.0481,0.2539,-1.5921,-5.9975,6.1579,-0.1162,-0.1522,0.2133
3.4907,-2.1404,7.5322,0.0120,-0.0894,0.2352,-1.7286,-5.9879,6.0238,-0.0851,-0.1843,0.2052
3.4955,-2.0949,7.3861,0.0043,-0.1498,0.2419,-1.7023,-5.8682,6.0071,-0.0620,-0.2481,0.2004
3.7014,-2.1955,7.3909,0.0008,-0.1412,0.2483,-1.6161,-5.8873,6.2058,-0.0723,-0.2310,0.1957
3.7397,-2.1261,7.3095,0.0077,-0.1062,0.2405,-1.5706,-5.8514,6.1675,-0.0847,-0.1917,0.1997
3.8810,-2.0494,7.3694,0.0181,-0.1106,0.2349,-1.5921,-5.7796,6.2537,-0.0825,-0.2018,0.2102
4.0582,-1.9345,7.3191,-0.0095,-0.1140,0.2185,-1.4940,-5.5905,6.4739,-0.0990,-0.1915,0.1849
4.2497,-1.9513,7.2520,0.0109,-0.0726,0.1784,-1.3431,-5.4444,6.6535,-0.0881,-0.1636,0.1599
3.9863,-1.7765,7.5250,-0.0987,0.1147,-0.0871,-1.5562,-5.5330,6.5769,-0.0823,0.1597,-0.0698
3.8666,-2.1021,7.3622,-0.1536,0.0173,-0.1932,-1.5012,-5.7293,6.2273,0.0304,0.1246,-0.1828
3.6392,-2.1141,7.4364,-0.1605,0.0296,-0.2519,-1.6903,-5.7796,6.0693,0.0454,0.1620,-0.2185
3.5626,-1.9441,7.2760,-0.1821,0.0137,-0.2601,-1.7573,-5.8419,6.0525,0.0609,0.1252,-0.2322
3.6559,-2.0303,7.2760,-0.1927,-0.0464,-0.2493,-1.5323,-5.8490,6.1914,0.0783,0.0979,-0.2473
3.9983,-2.2386,7.4795,-0.2134,-0.0286,-0.2742,-1.5706,-5.6790,6.1723,0.0578,0.1136,-0.2450
3.8475,-2.1452,7.2592,-0.2084,0.0497,-0.2840,-1.5012,-5.7844,6.2321,0.0124,0.1788,-0.2427
3.5937,-2.2003,7.3071,-0.1916,0.0919,-0.2890,-1.5921,-5.8610,6.0549,-0.0120,0.2221,-0.2421
3.6990,-2.1572,7.3478,-0.1827,0.0738,-0.2822,-1.6448,-5.9903,5.9113,-0.0137,0.1843,-0.2141
3.6440,-2.2362,7.4723,-0.1716,0.1119,-0.2687,-1.5778,-5.9209,6.0669,-0.0240,0.2189,-0.2180
3.5793,-2.2697,7.5034,-0.1725,0.0381,-0.2630,-1.5921,-6.0047,6.0956,-0.0001,0.1403,-0.2192
3.6583,-2.2529,7.3789,-0.1661,0.0020,-0.2635,-1.4964,-5.9328,6.2249,0.0341,0.1222,-0.2244
3.7589,-2.2793,7.3622,-0.1687,0.0033,-0.2827,-1.5203,-5.9352,6.1292,0.0449,0.1460,-0.2317
3.7134,-2.3056,7.4292,-0.1520,0.0083,-0.2867,-1.5060,-5.9879,6.1387,0.0598,0.1552,-0.2285
3.8283,-2.1213,7.3813,-0.1500,0.0037,-0.3000,-1.5658,-5.8107,6.2441,0.0600,0.1555,-0.2309
3.7852,-2.1524,7.2736,-0.1667,0.0377,-0.3102,-1.5131,-5.8347,6.2130,0.0405,0.1805,-0.2405
3.7302,-2.1668,7.2472,-0.1779,0.0514,-0.3079,-1.5778,-5.8227,6.1244,0.0236,0.1947,-0.2486
3.6751,-2.1907,7.4651,-0.1863,0.0562,-0.3142,-1.6017,-5.9161,6.0885,0.0242,0.2136,-0.2534
3.6392,-2.1739,7.4005,-0.1784,0.0285,-0.3128,-1.5275,-5.8634,6.1555,0.0382,0.1729,-0.2566
3.6512,-2.1021,7.4029,-0.1980,0.0901,-0.3160,-1.6065,-5.9209,6.0861,-0.0125,0.2282,-0.2555
3.6009,-2.1739,7.3598,-0.2005,0.0709,-0.3038,-1.6927,-5.9496,6.1411,-0.0069,0.2009,-0.2541
3.6129,-2.2458,7.3646,-0.2044,0.0562,-0.2995,-1.5443,-5.9065,6.0789,-0.0045,0.1877,-0.2542
3.6296,-2.2051,7.4053,-0.2008,0.0655,-0.2964,-1.5419,-5.9855,6.1603,-0.0067,0.1949,-0.2522
3.6703,-2.2721,7.3909,-0.1909,0.0669,-0.2858,-1.5874,-5.9472,6.1268,-0.0061,0.1887,-0.2407
3.5913,-2.2338,7.4412,-0.1932,0.0743,-0.2860,-1.6089,-6.0094,6.1004,-0.0059,0.2001,-0.2427
3.6703,-2.2338,7.3550,-0.1923,0.0580,-0.2786,-1.6113,-5.9711,6.0645,-0.0003,0.1784,-0.2322
3.6033,-2.2362,7.3646,-0.1925,0.0652,-0.2747,-1.5778,-6.0214,6.0549,-0.0048,0.1903,-0.2304
3.5291,-2.3224,7.4747,-0.1835,0.0738,-0.2709,-1.6017,-5.9616,6.0214,-0.0109,0.1935,-0.2256
3.5458,-2.2960,7.3430,-0.1772,0.0638,-0.2617,-1.7166,-5.9352,6.0382,-0.0153,0.1811,-0.2094
3.6081,-2.3248,7.4795,-0.1974,0.0903,-0.2605,-1.6305,-6.0597,5.9783,-0.0286,0.2101,-0.2197
3.4907,-2.3104,7.4220,-0.1843,0.0683,-0.2503,-1.7166,-6.1172,5.9951,-0.0164,0.1655,-0.2041
3.6033,-2.2936,7.4460,-0.1541,0.0402,-0.2397,-1.6688,-6.0190,5.9472,0.0028,0.1496,-0.1813
3.5650,-2.2410,7.4005,-0.1512,0.0444,-0.2374,-1.6496,-6.0118,5.9783,-0.0044,0.1596,-0.1849
3.4572,-2.2410,7.4244,-0.1462,0.0378,-0.2256,-1.6185,-6.0142,6.0238,-0.0055,0.1407,-0.1761
3.3950,-2.2769,7.3047,-0.1242,0.0496,-0.2125,-1.7310,-6.0430,5.9855,-0.0056,0.1471,-0.1671
3.3902,-2.2266,7.4867,-0.1355,0.0270,-0.2066,-1.7693,-6.1435,6.0501,-0.0008,0.1315,-0.1667
3.3878,-2.2122,7.3047,-0.1263,0.0013,-0.1903,-1.6951,-6.0430,5.9017,0.0068,0.0694,-0.1447
3.4620,-2.3104,7.3598,-0.1442,0.0246,-0.1781,-1.6544,-6.0741,5.8706,-0.0297,0.1139,-0.1398
3.4979,-2.2841,7.4029,-0.1340,0.0441,-0.1627,-1.6568,-6.0813,5.9496,-0.0318,0.1073,-0.1282
3.4860,-2.4541,7.3143,-0.1600,0.0256,-0.1466,-1.5514,-6.2034,5.8802,-0.0545,0.0921,-0.1287
3.0574,-2.4804,7.5824,-0.1296,0.1163,-0.1248,-1.9369,-6.4141,5.5881,-0.0803,0.1805,-0.1143
2.7438,-2.4445,7.6231,-0.1376,0.0183,-0.0678,-2.1811,-6.5218,5.5162,-0.0534,0.0461,-0.0572
3.1723,-2.5139,7.4891,-0.0389,-0.1104,-0.0076,-1.8555,-6.3638,5.7126,0.0064,-0.1108,0.0184
3.4500,-2.4541,7.5106,-0.0067,-0.0517,0.0492,-1.6328,-6.3614,5.8802,-0.0392,-0.0334,0.0673
3.4117,-2.3056,7.3741,0.0000,-0.0616,0.0879,-1.7119,-6.2058,5.9496,-0.0652,-0.0722,0.1062
3.4740,-2.1907,7.2975,0.0045,-0.0454,0.1351,-1.6472,-6.0573,5.9520,-0.0814,-0.0987,0.1336
3.6751,-2.2673,7.4603,0.0048,-0.0640,0.1523,-1.6041,-6.0501,6.1172,-0.0746,-0.1163,0.1488
3.5219,-2.3439,7.4939,-0.0104,-0.0187,0.1491,-1.6975,-6.0406,5.9783,-0.1115,-0.0895,0.1587
3.5602,-2.2098,7.4555,0.0120,0.0300,0.1411,-1.6233,-6.0142,6.0262,-0.1330,-0.0218,0.1366
3.4788,-2.3200,7.4029,-0.0073,0.0185,0.1500,-1.7286,-6.1004,6.0071,-0.1312,-0.0550,0.1512
3.2489,-2.2936,7.3287,-0.0221,0.0009,0.1599,-1.7669,-6.1579,5.7940,-0.1122,-0.0466,0.1446
3.2944,-2.2769,7.5250,-0.0055,-0.0326,0.1709,-1.8914,-6.1914,5.8155,-0.0922,-0.0909,0.1516
3.3447,-2.2793,7.4579,0.0111,-0.0422,0.1904,-1.7957,-6.0885,5.9233,-0.0903,-0.1184,0.1747
3.3854,-2.1811,7.4244,-0.0015,-0.0330,0.2088,-1.8579,-6.2058,5.8993,-0.1142,-0.1144,0.1805
3.3710,-2.2098,7.4412,0.0117,-0.0228,0.2161,-1.8220,-6.0597,5.8419,-0.1187,-0.1266,0.1969
3.3351,-2.1811,7.4795,0.0068,-0.0280,0.2358,-1.9201,-6.1316,5.8562,-0.1287,-0.1191,0.2014
3.3423,-2.2553,7.4340,-0.0004,-0.0489,0.2451,-1.8148,-6.1531,5.9209,-0.1263,-0.1663,0.2097
3.3567,-2.3152,7.4388,0.0081,-0.0578,0.2515,-1.8028,-6.1890,5.9161,-0.1188,-0.1442,0.2084
3.3447,-2.2913,7.4579,0.0276,-0.0592,0.2566,-1.8364,-6.1842,5.8826,-0.1074,-0.1653,0.2222
3.3064,-2.2434,7.3574,0.0232,-0.0805,0.2743,-1.8244,-6.1627,5.7437,-0.1058,-0.1947,0.2292
3.3974,-2.2817,7.5322,0.0187,-0.0737,0.2838,-1.8148,-6.1507,5.8251,-0.1131,-0.1857,0.2441
3.3902,-2.2673,7.4723,0.0344,-0.0759,0.2871,-1.8148,-6.1387,5.9113,-0.1107,-0.1832,0.2474
3.4285,-2.2601,7.4388,0.0404,-0.0999,0.3047,-1.7358,-6.1675,5.9089,-0.1027,-0.2122,0.2555
3.4860,-2.3008,7.4531,0.0486,-0.0939,0.3092,-1.7334,-6.1339,6.0573,-0.1035,-0.2132,0.2643
3.4500,-2.2051,7.4819,0.0450,-0.0901,0.3088,-1.7406,-6.0094,5.9209,-0.1059,-0.2238,0.2593
3.4596,-2.1859,7.1970,0.0321,-0.1188,0.3142,-1.6328,-6.0071,6.0501,-0.1002,-0.2499,0.2702
3.5362,-2.2003,7.4986,0.0437,-0.1025,0.3132,-1.7526,-5.9807,6.0190,-0.0933,-0.2157,0.2643
3.5243,-2.1045,7.4364,0.0508,-0.1146,0.3138,-1.7765,-6.0262,6.0645,-0.0886,-0.2297,0.2653
3.5027,-2.1332,7.4172,0.0417,-0.1215,0.3118,-1.6640,-5.9496,5.9328,-0.0915,-0.2537,0.2609
3.5554,-2.1548,7.3909,0.0293,-0.1162,0.3118,-1.7023,-5.9376,5.9951,-0.0914,-0.2392,0.2511
3.5793,-2.1644,7.4484,0.0518,-0.1140,0.2927,-1.6879,-5.9544,5.9831,-0.0783,-0.2068,0.2474
3.6057,-2.1763,7.5130,0.0360,-0.1218,0.2860,-1.7023,-5.9568,6.0813,-0.0797,-0.2198,0.2414
3.5650,-2.1476,7.3454,0.0258,-0.1140,0.2846,-1.6592,-5.8466,5.9831,-0.0846,-0.2273,0.2350
3.6990,-2.1979,7.3526,0.0152,-0.1163,0.2843,-1.6688,-5.9472,6.0501,-0.0877,-0.2192,0.2305
3.6272,-2.2649,7.3981,0.0172,-0.1042,0.2734,-1.6185,-5.9951,6.1699,-0.0829,-0.2054,0.2274
3.6440,-2.1691,7.5154,0.0222,-0.1082,0.2599,-1.6544,-5.9304,6.0645,-0.0738,-0.2085,0.2202
3.5889,-2.1189,7.3933,0.0151,-0.1316,0.2561,-1.7142,-5.8562,6.0190,-0.0694,-0.2274,0.2094
3.6416,-2.1548,7.3239,0.0076,-0.1423,0.2633,-1.6616,-5.9472,6.0932,-0.0778,-0.2442,0.2126
3.7206,-2.2194,7.3885,0.0172,-0.1235,0.2662,-1.5467,-5.9448,6.1411,-0.0825,-0.2282,0.2188
3.8858,-2.1500,7.3717,0.0376,-0.1260,0.2463,-1.5179,-5.7581,6.3782,-0.0723,-0.2126,0.2117
4.0941,-1.9920,7.3885,0.0394,-0.1278,0.2209,-1.4413,-5.5881,6.4787,-0.0650,-0.2086,0.2057
4.2832,-1.9034,7.1994,0.0250,-0.1154,0.1821,-1.2881,-5.3630,6.5122,-0.0749,-0.1880,0.1689
4.3694,-1.7885,7.0150,-0.0208,-0.0425,0.1150,-1.2594,-5.2385,6.4979,-0.0986,-0.0790,0.1211
4.2545,-1.8268,7.2472,-0.0709,0.0659,0.0394,-1.3671,-5.3654,6.5912,-0.1238,0.0636,0.0334
3.9097,-1.8459,7.4292,-0.1150,0.0481,-0.0546,-1.6376,-5.5330,6.5529,-0.0496,0.0923,-0.0614
3.9792,-1.9968,7.3837,-0.1260,-0.0671,-0.1061,-1.6137,-5.6360,6.3662,0.0207,-0.0161,-0.0998
3.8978,-2.0518,7.2880,-0.1563,0.0252,-0.1591,-1.4437,-5.7030,6.2560,-0.0015,0.1204,-0.1535
3.8092,-2.1452,7.2089,-0.1837,0.0289,-0.2030,-1.5562,-5.7245,6.1842,0.0083,0.1143,-0.1847
3.7062,-2.0901,7.3406,-0.1625,-0.0177,-0.2221,-1.7119,-5.8562,6.1411,0.0433,0.1296,-0.2060
3.7637,-2.0446,7.2065,-0.1639,-0.0016,-0.2368,-1.5969,-5.7221,6.3111,0.0376,0.1143,-0.2250
3.8547,-2.0614,7.2640,-0.1759,0.0501,-0.2501,-1.5562,-5.7557,6.2345,0.0032,0.1833,-0.2234
3.6631,-2.1691,7.2640,-0.1960,0.0999,-0.2607,-1.6041,-5.8562,6.1124,-0.0310,0.2114,-0.2194
3.6272,-2.2410,7.4364,-0.1932,0.0886,-0.2557,-1.6496,-5.9209,6.0358,-0.0344,0.2048,-0.2117
3.4692,-2.2410,7.3981,-0.1853,0.0838,-0.2498,-1.6352,-6.0813,5.9855,-0.0289,0.1885,-0.2050
3.5195,-2.2889,7.3622,-0.1772,0.0573,-0.2450,-1.5730,-6.0741,5.9831,-0.0044,0.1685,-0.2062
3.6440,-2.3320,7.3694,-0.1555,0.0063,-0.2443,-1.4844,-5.9951,6.1555,0.0338,0.1240,-0.2065
3.7685,-2.1979,7.3334,-0.1569,0.0322,-0.2546,-1.5443,-5.8682,6.1196,0.0173,0.1616,-0.2025
3.6919,-2.2122,7.2975,-0.1656,0.0540,-0.2585,-1.5275,-5.8778,6.1411,0.0044,0.1696,-0.2130
3.7613,-2.2936,7.4268,-0.1596,0.0360,-0.2467,-1.5802,-5.9137,6.3135,0.0073,0.1548,-0.2050
3.7924,-2.2410,7.4292,-0.1525,0.0544,-0.2693,-1.5275,-5.9352,6.2130,0.0159,0.2005,-0.2148
3.7110,-2.1524,7.3287,-0.1595,0.0273,-0.2723,-1.5107,-5.7940,6.1651,0.0293,0.1459,-0.2144
3.7565,-2.2075,7.3358,-0.1669,0.0521,-0.2791,-1.5490,-5.8371,6.1746,0.0256,0.1877,-0.2294
3.6320,-2.1811,7.3933,-0.1753,0.0649,-0.2910,-1.5490,-5.8993,6.0789,0.0224,0.1943,-0.2346
3.6679,-2.2146,7.4508,-0.1728,0.0465,-0.2963,-1.5682,-5.9137,6.1531,0.0302,0.1868,-0.2378
3.5865,-2.2577,7.4723,-0.1729,0.0586,-0.3047,-1.6448,-5.8634,6.0478,0.0258,0.1996,-0.2477
3.6272,-2.2170,7.3933,-0.1864,0.0628,-0.3050,-1.6352,-5.8897,6.0382,0.0136,0.2086,-0.2487
3.6224,-2.1715,7.3885,-0.1936,0.0710,-0.3102,-1.6807,-5.9137,6.1292,0.0040,0.2080,-0.2517
3.5745,-2.2673,7.3861,-0.1928,0.0719,-0.3090,-1.6424,-5.8682,6.0956,-0.0007,0.1998,-0.2505
3.5602,-2.2362,7.4603,-0.1936,0.0810,-0.3088,-1.5993,-5.9017,6.0214,-0.0056,0.2153,-0.2517
3.5985,-2.2673,7.3646,-0.1937,0.0731,-0.3059,-1.6807,-5.9424,6.1411,-0.0021,0.2034,-0.2562
3.6129,-2.3152,7.3526,-0.2005,0.0757,-0.3104,-1.6041,-5.9161,6.0693,-0.0049,0.2193,-0.2629
3.5698,-2.2410,7.4029,-0.1969,0.0745,-0.3028,-1.6328,-5.9616,6.0932,0.0041,0.2029,-0.2554
3.6272,-2.2673,7.3478,-0.1933,0.0691,-0.3066,-1.6017,-5.9831,6.0908,0.0033,0.2048,-0.2542
3.6392,-2.2745,7.4077,-0.1945,0.0702,-0.3008,-1.6951,-6.0094,6.0861,-0.0008,0.2054,-0.2546
3.5841,-2.2625,7.4747,-0.1921,0.0640,-0.2939,-1.6568,-6.0142,6.0597,-0.0040,0.1919,-0.2415
3.5698,-2.3176,7.3119,-0.1843,0.0734,-0.2839,-1.6783,-6.0310,6.0430,-0.0084,0.2032,-0.2330
3.5458,-2.2841,7.4005,-0.1836,0.0790,-0.2842,-1.6783,-6.0956,6.0741,-0.0091,0.2070,-0.2302
3.4812,-2.3367,7.4244,-0.1793,0.0719,-0.2778,-1.6975,-6.0358,5.9280,-0.0080,0.1951,-0.2216
3.4548,-2.3487,7.4172,-0.1660,0.0574,-0.2715,-1.6975,-6.0645,5.9280,0.0047,0.1772,-0.2109
3.5171,-2.2936,7.3694,-0.1688,0.0490,-0.2613,-1.7190,-6.0454,6.0214,-0.0017,0.1736,-0.2132
3.5147,-2.2889,7.3406,-0.1719,0.0562,-0.2523,-1.7047,-6.0693,5.9711,-0.0108,0.1725,-0.2065
3.5123,-2.3056,7.3310,-0.1711,0.0546,-0.2419,-1.7023,-6.0956,5.9233,-0.0131,0.1552,-0.2033
3.4668,-2.3559,7.4460,-0.1721,0.0514,-0.2385,-1.6999,-6.0214,5.8921,-0.0143,0.1549,-0.1944
3.4093,-2.3200,7.4699,-0.1725,0.0601,-0.2361,-1.7286,-6.1459,5.9352,-0.0180,0.1593,-0.1947
3.3639,-2.3008,7.5298,-0.1585,0.0406,-0.2176,-1.7310,-6.1507,5.9137,-0.0128,0.1347,-0.1805
3.4572,-2.3822,7.1994,-0.1709,0.0444,-0.2036,-1.6209,-6.1292,5.8778,-0.0297,0.1202,-0.1767
3.2417,-2.5091,7.2999,-0.1819,0.0983,-0.1911,-1.6472,-6.3710,5.6671,-0.0719,0.1835,-0.1565
2.8730,-2.5091,7.5513,-0.1600,0.1402,-0.1649,-2.2386,-6.6319,5.4277,-0.0906,0.2477,-0.1544
2.7174,-2.4780,7.8602,-0.1248,0.0019,-0.0775,-2.1644,-6.6176,5.5378,-0.0241,-0.0203,-0.0629
3.0718,-2.7629,7.5465,-0.0865,-0.1022,-0.0091,-1.7047,-6.5505,5.5306,-0.0276,-0.1066,0.0073
3.2250,-2.7078,7.4723,-0.0216,-0.0211,0.0385,-1.7645,-6.5888,5.7437,-0.0638,-0.0075,0.0554
3.1460,-2.4972,7.5561,0.0055,-0.0191,0.0982,-1.8172,-6.3183,5.6982,-0.0715,-0.0695,0.1081
3.2992,-2.2817,7.4364,0.0211,-0.1085,0.1423,-1.8028,-6.1723,5.9065,-0.0445,-0.1451,0.1312
3.6703,-2.2673,7.4867,0.0222,-0.1047,0.1680,-1.6544,-6.0573,6.1004,-0.0544,-0.1438,0.1541
3.7445,-2.3343,7.3550,0.0292,-0.0456,0.1537,-1.5203,-5.9855,6.1076,-0.0803,-0.1026,0.1609
3.6344,-2.2769,7.4939,0.0060,-0.0333,0.1515,-1.6281,-6.0501,6.0166,-0.0991,-0.0857,0.1506
3.5434,-2.2146,7.4220,0.0229,-0.0236,0.1596,-1.7573,-6.0382,6.0573,-0.1026,-0.1017,0.1596
3.5003,-2.3008,7.4579,-0.0036,-0.0264,0.1568,-1.6496,-6.1124,6.0430,-0.1112,-0.0738,0.1472
3.4620,-2.3032,7.4316,-0.0117,-0.0048,0.1605,-1.6855,-6.0885,5.9783,-0.0989,-0.0773,0.1450
3.3758,-2.2841,7.3694,-0.0023,-0.0100,0.1426,-1.8292,-6.1962,6.0142,-0.0867,-0.0650,0.1367
3.2178,-2.2529,7.4603,-0.0075,-0.0230,0.1484,-1.9010,-6.0717,5.6886,-0.0915,-0.0845,0.1322
3.1723,-2.2553,7.4579,-0.0294,-0.0466,0.1655,-1.8771,-6.1411,5.7820,-0.1023,-0.1066,0.1386
3.3399,-2.3655,7.5154,0.0013,-0.0241,0.1781,-1.8100,-6.1651,5.9017,-0.0989,-0.1006,0.1591
3.2825,-2.2553,7.4843,0.0108,-0.0313,0.1883,-1.8962,-6.1818,5.8059,-0.0977,-0.1062,0.1677
3.2561,-2.2290,7.4220,0.0048,-0.0490,0.1988,-1.8004,-6.0956,5.7676,-0.1049,-0.1446,0.1815
3.4333,-2.2027,7.3885,0.0019,-0.0357,0.2136,-1.7789,-6.0908,5.8299,-0.1156,-0.1191,0.1861
3.3303,-2.2242,7.4555,0.0008,-0.0280,0.2154,-1.7980,-6.2034,5.8945,-0.1135,-0.1151,0.1879
3.3591,-2.2625,7.5346,0.0073,-0.0552,0.2256,-1.8124,-6.1196,5.9065,-0.0998,-0.1583,0.1936
3.2825,-2.3320,7.4891,0.0080,-0.0501,0.2341,-1.7741,-6.1004,5.8897,-0.1059,-0.1482,0.2044
3.3950,-2.3224,7.5034,0.0123,-0.0546,0.2421,-1.8292,-6.1866,5.8323,-0.1043,-0.1470,0.2041
3.3184,-2.3080,7.5226,0.0217,-0.0669,0.2515,-1.7813,-6.1531,5.8802,-0.1029,-0.1663,0.2129
3.4069,-2.2362,7.4962,0.0328,-0.0794,0.2543,-1.8340,-6.1866,5.8682,-0.1026,-0.1739,0.2160
3.3926,-2.3200,7.3717,0.0304,-0.0807,0.2641,-1.7645,-6.0645,5.9233,-0.0977,-0.1907,0.2304
3.4093,-2.2960,7.4819,0.0356,-0.0747,0.2677,-1.7478,-6.1986,5.8466,-0.1050,-0.1793,0.2261
3.3088,-2.2146,7.4603,0.0378,-0.1073,0.2814,-1.8076,-6.0262,5.8514,-0.0871,-0.2260,0.2336
3.4860,-2.2027,7.3861,0.0253,-0.1120,0.2817,-1.7071,-5.9807,6.0286,-0.0930,-0.2137,0.2332
3.5027,-2.2290,7.4962,0.0352,-0.0903,0.2794,-1.8172,-6.0406,6.0597,-0.0929,-0.1929,0.2356
3.4237,-2.1955,7.4172,0.0357,-0.1094,0.2795,-1.7095,-6.0382,6.0932,-0.0821,-0.2238,0.2309
3.5793,-2.2098,7.3526,0.0290,-0.1154,0.2799,-1.6113,-5.9855,5.9687,-0.0783,-0.2281,0.2337
3.5219,-2.1452,7.5322,0.0298,-0.0801,0.2757,-1.6879,-6.0214,6.0286,-0.0983,-0.1775,0.2309
3.4022,-2.1332,7.4220,0.0173,-0.0786,0.2709,-1.7885,-5.9544,5.8634,-0.1112,-0.1961,0.2242
3.4453,-2.2266,7.4699,0.0017,-0.0939,0.2782,-1.7717,-5.9807,5.9017,-0.1143,-0.2033,0.2184
3.4979,-2.2936,7.4029,0.0213,-0.1082,0.2705,-1.7119,-6.0430,6.0214,-0.0862,-0.2129,0.2217
3.4405,-2.1308,7.3598,0.0140,-0.0997,0.2469,-1.6975,-5.9616,6.0334,-0.0926,-0.1931,0.1988
3.5674,-2.1308,7.4412,-0.0007,-0.0977,0.2356,-1.6640,-5.9783,6.0047,-0.0829,-0.1841,0.1912
3.5219,-2.2027,7.4699,-0.0065,-0.1035,0.2340,-1.5874,-5.9735,6.1435,-0.0795,-0.1990,0.1927
3.6559,-2.1668,7.4101,0.0028,-0.1202,0.2284,-1.6328,-5.9831,6.1866,-0.0589,-0.2132,0.1829
3.6416,-2.1237,7.4124,0.0013,-0.1180,0.2161,-1.6400,-5.8897,6.1052,-0.0585,-0.1952,0.1811
3.7397,-2.1572,7.3957,0.0008,-0.1122,0.2068,-1.6807,-5.8969,6.0214,-0.0663,-0.1817,0.1720
3.6775,-2.0806,7.3670,-0.0072,-0.1071,0.2012,-1.6448,-5.9161,6.0286,-0.0650,-0.1847,0.1681
3.7421,-2.1284,7.2832,-0.0029,-0.1195,0.2013,-1.5850,-5.8730,6.1842,-0.0637,-0.2010,0.1643
3.9145,-2.1596,7.3358,-0.0005,-0.1175,0.1903,-1.5347,-5.8179,6.2010,-0.0687,-0.1855,0.1607
3.9552,-2.1261,7.3358,-0.0003,-0.0933,0.1659,-1.4030,-5.6503,6.3518,-0.0679,-0.1581,0.1492
4.2114,-2.0638,7.2880,-0.0036,-0.0734,0.1303,-1.3886,-5.5641,6.4308,-0.0707,-0.1180,0.1247
4.1851,-1.9992,7.2688,-0.0264,-0.0224,0.0706,-1.3120,-5.4564,6.4955,-0.0702,-0.0381,0.0815
4.1635,-1.9130,7.2329,-0.0710,0.0465,0.0024,-1.4102,-5.4133,6.4596,-0.0866,0.0625,0.0172
3.8523,-1.9106,7.2377,-0.1275,0.0665,-0.0536,-1.5754,-5.6168,6.2249,-0.0818,0.0971,-0.0517
3.7541,-2.1261,7.4124,-0.1399,0.0484,-0.0979,-1.6185,-5.8347,6.2776,-0.0577,0.0981,-0.0838
3.6751,-2.2314,7.4939,-0.1311,0.0397,-0.1296,-1.6400,-5.8754,6.1579,-0.0203,0.1059,-0.1194
3.5961,-2.2027,7.3789,-0.1364,0.0059,-0.1567,-1.6352,-5.8778,6.1316,0.0152,0.0737,-0.1375
3.6919,-2.1955,7.3358,-0.1431,0.0083,-0.1639,-1.5514,-5.7892,6.0501,0.0155,0.0919,-0.1492
3.7613,-2.1620,7.3933,-0.1486,0.0021,-0.1952,-1.6017,-5.8562,6.2225,0.0183,0.1155,-0.1635
3.8355,-2.1835,7.3717,-0.1552,0.0216,-0.1951,-1.5514,-5.8179,6.2034,0.0004,0.1218,-0.1679
3.6368,-2.1979,7.3191,-0.1632,0.0695,-0.2037,-1.5706,-5.8059,6.1268,-0.0253,0.1673,-0.1684
3.5841,-2.2362,7.3933,-0.1687,0.0803,-0.2096,-1.6305,-5.9999,5.9759,-0.0306,0.1663,-0.1736
3.4884,-2.2458,7.4723,-0.1595,0.0466,-0.1996,-1.7334,-6.0166,6.0166,-0.0160,0.1458,-0.1727
3.5554,-2.2553,7.4124,-0.1525,0.0289,-0.2052,-1.6089,-5.9975,6.1076,-0.0052,0.1187,-0.1689
3.6320,-2.2458,7.4196,-0.1488,0.0289,-0.2036,-1.6065,-5.9424,6.0908,0.0009,0.1275,-0.1745
3.7493,-2.2625,7.4268,-0.1438,0.0159,-0.2076,-1.5634,-5.9376,6.1244,0.0143,0.1167,-0.1688
3.6536,-2.3367,7.3550,-0.1434,0.0324,-0.2190,-1.5514,-5.9448,6.0861,0.0099,0.1491,-0.1732
3.6655,-2.2482,7.2903,-0.1423,0.0273,-0.2216,-1.5754,-5.8826,6.0717,0.0168,0.1407,-0.1780
3.6464,-2.2577,7.4196,-0.1519,0.0353,-0.2370,-1.6017,-5.9496,6.0908,0.0152,0.1495,-0.1860
3.6751,-2.3056,7.3957,-0.1520,0.0281,-0.2441,-1.6209,-5.9807,6.1268,0.0233,0.1423,-0.1939
3.6823,-2.2936,7.3550,-0.1294,0.0203,-0.2477,-1.6592,-5.9041,6.1770,0.0418,0.1488,-0.1955
3.7254,-2.1835,7.3765,-0.1503,0.0195,-0.2546,-1.5562,-5.8730,6.1268,0.0308,0.1480,-0.2014
3.7014,-2.2146,7.3382,-0.1679,0.0589,-0.2717,-1.5993,-5.8873,6.1339,0.0055,0.1859,-0.2194
3.6607,-2.2601,7.4077,-0.1677,0.0640,-0.2797,-1.6257,-5.9113,6.1292,0.0081,0.1875,-0.2233
3.6081,-2.2577,7.3478,-0.1648,0.0454,-0.2817,-1.6065,-5.9304,6.0334,0.0191,0.1704,-0.2285
3.5865,-2.2673,7.3813,-0.1737,0.0530,-0.2904,-1.5467,-5.8969,6.0454,0.0139,0.1915,-0.2349
3.6200,-2.2505,7.4675,-0.1767,0.0650,-0.2912,-1.6640,-5.9544,6.1148,0.0149,0.2044,-0.2332
3.6320,-2.1931,7.3382,-0.1757,0.0480,-0.2840,-1.6209,-5.8826,6.1076,0.0172,0.1764,-0.2361
3.6536,-2.1715,7.4053,-0.1872,0.0706,-0.2868,-1.5730,-5.8706,6.0454,-0.0032,0.1957,-0.2336
3.6488,-2.2051,7.3334,-0.1903,0.0914,-0.2938,-1.6185,-5.9352,6.0765,-0.0133,0.2234,-0.2377
3.6368,-2.2146,7.4603,-0.1927,0.0709,-0.2936,-1.6640,-5.9376,5.9424,-0.0075,0.1928,-0.2435
3.5674,-2.2673,7.4412,-0.1904,0.0715,-0.2918,-1.6879,-5.9544,5.9879,-0.0056,0.1972,-0.2435
3.5554,-2.2865,7.3909,-0.1948,0.0759,-0.2916,-1.6616,-6.0190,6.1076,-0.0060,0.2052,-0.2429
3.5267,-2.2290,7.3765,-0.1984,0.0835,-0.2864,-1.6975,-6.0549,5.9664,-0.0209,0.2070,-0.2410
3.5027,-2.2769,7.4819,-0.2013,0.0887,-0.2846,-1.6783,-6.0358,6.0430,-0.0250,0.2060,-0.2442
3.5267,-2.3583,7.4172,-0.1986,0.0757,-0.2847,-1.6879,-6.1172,6.0741,-0.0177,0.1958,-0.2370
3.4979,-2.2960,7.4388,-0.1860,0.0830,-0.2886,-1.6927,-6.1244,5.9783,-0.0092,0.2089,-0.2332
3.4931,-2.3487,7.4077,-0.1801,0.0655,-0.2839,-1.7526,-6.0765,5.7988,-0.0112,0.1941,-0.2325
3.4788,-2.3008,7.4029,-0.1820,0.0695,-0.2679,-1.6520,-6.1100,5.9400,-0.0132,0.1913,-0.2226
3.4093,-2.3990,7.4244,-0.1739,0.0641,-0.2610,-1.7023,-6.1316,5.9424,-0.0040,0.1780,-0.2136
3.3998,-2.3607,7.4029,-0.1668,0.0606,-0.2535,-1.7454,-6.1363,5.9711,-0.0007,0.1720,-0.2053
3.4285,-2.2817,7.5034,-0.1613,0.0388,-0.2340,-1.7885,-6.0645,5.8299,-0.0075,0.1422,-0.1907
3.3998,-2.3655,7.4843,-0.1508,0.0541,-0.2253,-1.7119,-6.1148,5.8945,-0.0100,0.1561,-0.1773
3.3615,-2.3703,7.4603,-0.1556,0.0317,-0.2154,-1.7190,-6.0549,5.8802,-0.0129,0.1247,-0.1709
3.3615,-2.3798,7.3287,-0.1470,0.0373,-0.1996,-1.7430,-6.1675,5.9065,-0.0137,0.1326,-0.1591
3.4117,-2.4660,7.3358,-0.1701,0.0437,-0.1899,-1.6352,-6.1339,5.7892,-0.0329,0.1218,-0.1659
3.1675,-2.5187,7.5106,-0.1824,0.1135,-0.1753,-1.8387,-6.3782,5.8179,-0.0512,0.2036,-0.1600
2.8204,-2.5067,7.6184,-0.1593,0.0667,-0.1440,-2.1380,-6.5625,5.6072,-0.0288,0.1363,-0.1303
2.8443,-2.5355,7.7357,-0.0945,-0.0345,-0.0955,-2.0590,-6.4811,5.5641,0.0104,-0.0035,-0.0778
3.1077,-2.5977,7.4771,-0.0823,-0.0822,-0.0200,-1.7861,-6.5266,5.6383,-0.0225,-0.0662,-0.0073
3.1196,-2.6504,7.5489,-0.0298,0.0131,0.0325,-1.9656,-6.5410,5.5857,-0.0899,0.0049,0.0723
2.9951,-2.4301,7.4651,0.0063,-0.0270,0.1156,-1.8938,-6.3494,5.5426,-0.0863,-0.1005,0.1267
3.2346,-2.4588,7.5154,0.0131,-0.0628,0.1993,-1.8627,-6.3901,5.8849,-0.1182,-0.1556,0.1871
3.2465,-2.4157,7.3765,0.0500,-0.0422,0.2478,-1.7813,-6.3231,5.7628,-0.1343,-0.1629,0.2294
3.5003,-2.4995,7.3478,0.0425,-0.0502,0.2534,-1.5897,-6.3231,5.7581,-0.1440,-0.1757,0.2395
3.5554,-2.4900,7.2784,0.0290,-0.0193,0.2495,-1.4964,-6.1818,5.9472,-0.1387,-0.1198,0.2325
3.5458,-2.4229,7.6136,0.0538,-0.0532,0.2197,-1.6352,-6.2082,6.1124,-0.0937,-0.1186,0.2229
3.5267,-2.2027,7.5465,0.0600,-0.0954,0.1940,-1.7621,-6.0262,6.0813,-0.0466,-0.1593,0.2057
3.6200,-2.1428,7.2832,0.0436,-0.0991,0.1887,-1.6233,-5.9017,5.8921,-0.0517,-0.1615,0.1809
3.4764,-2.2314,7.4124,0.0284,-0.0425,0.1931,-1.7837,-6.0358,5.9233,-0.0727,-0.1067,0.1784
3.3064,-2.1835,7.5465,0.0350,-0.0666,0.2054,-1.9489,-6.0956,5.9233,-0.0597,-0.1351,0.1809
3.3016,-2.1859,7.4579,0.0228,-0.0869,0.2232,-1.8627,-6.0885,5.7724,-0.0707,-0.1715,0.1940
3.1436,-2.2553,7.3837,0.0001,-0.0009,0.2152,-1.9154,-6.2417,5.6695,-0.1234,-0.0863,0.1855
3.1484,-2.2098,7.4891,0.0115,-0.0394,0.2321,-1.8962,-6.2632,5.5378,-0.1055,-0.1744,0.2112
3.3088,-2.3439,7.3382,-0.0001,-0.0596,0.2477,-1.7957,-6.1938,5.7844,-0.1154,-0.1677,0.2086
3.3088,-2.3583,7.5729,0.0192,-0.0686,0.2613,-1.8675,-6.2034,5.8849,-0.1127,-0.1727,0.2188
3.3160,-2.3439,7.3957,0.0317,-0.0723,0.2738,-1.7861,-6.1962,5.7700,-0.1046,-0.1815,0.2321
3.4429,-2.2865,7.4723,0.0421,-0.0975,0.2931,-1.6999,-6.0765,5.9759,-0.1011,-0.2146,0.2438
3.3854,-2.2386,7.4891,0.0470,-0.0898,0.3031,-1.7765,-6.0980,6.0669,-0.0947,-0.2084,0.2477
3.3854,-2.2146,7.4460,0.0358,-0.0979,0.3118,-1.7549,-6.1052,5.9472,-0.1007,-0.2321,0.2553
3.4620,-2.2434,7.5681,0.0380,-0.0966,0.3136,-1.7119,-6.1890,5.9855,-0.1094,-0.2208,0.2574
3.3615,-2.2769,7.4675,0.0533,-0.0929,0.3139,-1.8100,-6.0908,5.8395,-0.1151,-0.2306,0.2771
3.3423,-2.3176,7.4460,0.0245,-0.1023,0.3243,-1.7334,-6.1531,5.8419,-0.1320,-0.2457,0.2825
3.3543,-2.4445,7.5441,0.0516,-0.1194,0.3280,-1.6664,-6.2393,5.9137,-0.1033,-0.2423,0.2850
3.3998,-2.2194,7.4005,0.0798,-0.1323,0.3387,-1.7909,-6.1172,5.9113,-0.0845,-0.2581,0.2871
3.4572,-2.2482,7.4460,0.0735,-0.1386,0.3503,-1.7190,-6.0358,5.9161,-0.0946,-0.2746,0.2984
3.4836,-2.1883,7.3167,0.0513,-0.1120,0.3604,-1.7142,-6.0238,5.8897,-0.1152,-0.2567,0.3020
3.4524,-2.2122,7.3837,0.0448,-0.1069,0.3667,-1.7071,-6.0549,5.9400,-0.1299,-0.2593,0.2924
3.4907,-2.1739,7.3143,0.0036,-0.0967,0.3440,-1.6472,-5.9711,5.9616,-0.1494,-0.2369,0.2679
3.5985,-2.3176,7.4867,0.0228,-0.1086,0.3384,-1.5514,-6.1028,6.1316,-0.1096,-0.2570,0.2709
3.7541,-2.2625,7.4843,0.0274,-0.1160,0.3088,-1.5514,-6.0023,6.2034,-0.0710,-0.2114,0.2417
3.5913,-2.1165,7.4723,0.0358,-0.1053,0.2747,-1.7765,-5.9280,5.9592,-0.0640,-0.2041,0.2300
3.5219,-2.1261,7.3454,0.0059,-0.1103,0.2803,-1.7549,-5.9855,5.9711,-0.0818,-0.2208,0.2317
3.4333,-2.1308,7.4675,0.0128,-0.1116,0.2946,-1.7669,-5.9424,5.9113,-0.0865,-0.2266,0.2316
3.5698,-2.1476,7.4005,0.0157,-0.1915,0.3192,-1.6831,-5.9687,5.9687,-0.0714,-0.3208,0.2453
3.9648,-2.1165,7.3933,0.0468,-0.2118,0.3172,-1.4796,-5.7485,6.4452,-0.0613,-0.3365,0.2487
4.4365,-1.9321,7.1802,0.0480,-0.1993,0.3098,-1.1133,-5.3870,6.7229,-0.0650,-0.3198,0.2433
4.8530,-1.7645,6.8378,-0.0437,-0.1114,0.2650,-0.8428,-4.9488,6.9839,-0.1336,-0.1720,0.1857
4.6376,-1.6305,6.7924,-0.1050,0.1899,0.1128,-1.0367,-4.8650,6.6248,-0.2320,0.1580,0.0432
4.3766,-1.7478,7.3598,-0.1813,0.2256,-0.0224,-1.5419,-5.2888,6.8570,-0.2050,0.2478,-0.0456
3.9552,-1.8196,7.7548,-0.1843,0.1740,-0.1772,-1.7909,-5.6024,6.6702,-0.0902,0.1937,-0.1549
3.7182,-2.0518,7.4196,-0.1916,0.0963,-0.2807,-1.5993,-5.7868,6.3087,0.0048,0.1564,-0.2531
3.5195,-2.2865,7.2377,-0.2209,0.0067,-0.3524,-1.3719,-5.9496,6.1196,0.0890,0.1951,-0.3148
3.7134,-2.3080,7.1515,-0.1925,-0.0617,-0.3808,-1.3910,-5.9304,6.1986,0.1633,0.1212,-0.3415
3.7637,-2.2003,7.3334,-0.1912,-0.0344,-0.4190,-1.6496,-5.8849,6.1004,0.1687,0.1937,-0.3529
3.6559,-2.1356,7.4747,-0.2153,0.0370,-0.4253,-1.6783,-5.8347,6.0693,0.1176,0.2388,-0.3653
3.5769,-2.2290,7.4148,-0.2478,0.0667,-0.4446,-1.6879,-5.9520,6.0238,0.0834,0.2879,-0.3837
3.4524,-2.4421,7.5154,-0.2435,0.0477,-0.4223,-1.6712,-6.0238,5.9520,0.0602,0.2370,-0.3675
3.3926,-2.4732,7.2496,-0.2205,0.0994,-0.4112,-1.6113,-6.1387,5.7748,0.0179,0.2991,-0.3296
3.5003,-2.4612,7.2401,-0.2089,0.0742,-0.3778,-1.5443,-6.1172,5.8682,0.0020,0.2334,-0.2826
3.4620,-2.5307,7.4867,-0.2072,0.0977,-0.3860,-1.5514,-6.2489,5.9113,-0.0120,0.2878,-0.2947
3.3184,-2.3152,7.4316,-0.1735,0.0971,-0.3395,-1.6065,-6.1100,6.0358,0.0282,0.2177,-0.2715
3.5458,-2.2075,7.4412,-0.2765,0.0594,-0.3084,-1.7286,-6.0023,5.9927,-0.0093,0.2160,-0.2932
3.7086,-2.4373,7.5705,-0.2467,0.1307,-0.2999,-1.5706,-6.1627,6.0717,-0.0312,0.1820,-0.2759
3.7062,-2.7869,7.4651,-0.1776,0.0657,-0.3110,-1.3408,-6.2058,6.0454,0.0149,0.1831,-0.2521
3.7685,-2.5091,7.2137,-0.1058,0.0021,-0.2834,-1.4461,-6.0190,6.0932,0.0621,0.1623,-0.1861
3.7397,-2.3296,7.4148,-0.0632,0.0681,-0.2863,-1.5754,-6.0262,6.0262,0.0236,0.2470,-0.1533
3.6512,-2.4110,7.5417,-0.0898,0.1151,-0.2825,-1.7406,-6.2177,6.0501,-0.0250,0.2475,-0.1548
3.1364,-2.3631,7.5010,-0.0649,0.0671,-0.2827,-1.8196,-6.3494,5.8586,0.0336,0.1972,-0.1883
3.3639,-2.4756,7.6231,-0.0901,-0.0846,-0.2602,-1.8316,-6.3829,5.7844,0.0906,0.0763,-0.1792
3.5554,-2.3846,7.2305,-0.0922,-0.0541,-0.2601,-1.4820,-5.9711,5.9472,0.0926,0.0697,-0.1660
3.5769,-2.2458,7.2496,-0.1306,0.0196,-0.2807,-1.5443,-5.9089,5.8921,0.0550,0.1643,-0.1860
3.4860,-2.2218,7.3765,-0.1065,0.0490,-0.2745,-1.7789,-5.9735,5.9664,0.0512,0.1836,-0.1788
3.4500,-2.0949,7.4172,-0.1156,-0.0003,-0.2570,-1.8603,-5.9328,5.9592,0.0410,0.1335,-0.1612
3.5075,-2.1261,7.5178,-0.1324,0.0249,-0.2362,-1.8435,-6.0047,6.0908,0.0117,0.1479,-0.1679
3.4500,-2.1620,7.4053,-0.1239,0.0035,-0.2061,-1.8196,-6.0262,5.8849,0.0145,0.0943,-0.1488
3.4644,-2.0925,7.4723,-0.1128,0.0304,-0.1731,-1.8986,-5.9927,5.9735,0.0127,0.1022,-0.1204
3.6440,-2.0470,7.4029,-0.1448,-0.0218,-0.1298,-1.6975,-5.8395,5.9304,-0.0043,0.0349,-0.1094
3.7206,-2.0877,7.3215,-0.1432,-0.0016,-0.1045,-1.5874,-5.8012,6.1459,-0.0336,0.0522,-0.1098
3.7397,-2.2817,7.4101,-0.1839,0.0524,-0.1296,-1.5514,-5.9304,6.1890,-0.0625,0.1104,-0.1404
3.5650,-2.2314,7.0677,-0.1567,0.0729,-0.1330,-1.5586,-5.9352,6.1268,-0.0480,0.1066,-0.1267
3.3878,-2.2218,7.4316,-0.1384,0.0930,-0.1528,-1.7957,-6.0885,5.9520,-0.0440,0.1804,-0.1392
3.3615,-2.2865,7.4579,-0.1266,0.0221,-0.1476,-1.7621,-6.1220,5.9640,-0.0073,0.1034,-0.1283
3.5506,-2.2841,7.2832,-0.1451,0.0160,-0.1340,-1.6544,-6.0430,5.9687,-0.0220,0.0965,-0.1167
3.4165,-2.2218,7.4843,-0.1364,0.0502,-0.1384,-1.8387,-6.1100,6.0382,-0.0277,0.1258,-0.1122
3.3160,-2.2601,7.5417,-0.1206,0.0087,-0.1236,-1.9058,-6.1339,5.8227,-0.0218,0.0474,-0.0957
3.3375,-2.3056,7.3430,-0.1244,0.0131,-0.1151,-1.7573,-6.1220,5.9233,-0.0325,0.0674,-0.0951
3.4453,-2.3559,7.4555,-0.1029,-0.0012,-0.0975,-1.7023,-6.0956,5.9280,-0.0226,0.0478,-0.0713
3.5674,-2.2003,7.3813,-0.0909,0.0085,-0.0871,-1.7119,-5.9927,6.0454,-0.0350,0.0701,-0.0610
3.6895,-2.2027,7.3382,-0.1061,0.0205,-0.0897,-1.6305,-5.8873,6.1076,-0.0518,0.0597,-0.0582
3.6129,-2.1979,7.3741,-0.1143,0.0368,-0.1065,-1.6448,-5.9975,6.1124,-0.0565,0.0899,-0.0731
3.5314,-2.3248,7.5609,-0.1007,0.0124,-0.1124,-1.7669,-6.0142,6.0741,-0.0209,0.0746,-0.0786
3.6440,-2.2721,7.4196,-0.0853,-0.0270,-0.1049,-1.7717,-5.9352,6.0645,0.0071,0.0378,-0.0773
3.6655,-2.1308,7.3861,-0.0967,-0.0215,-0.0971,-1.6640,-5.8682,6.0478,-0.0145,0.0397,-0.0714
3.5961,-2.1620,7.3526,-0.1026,0.0173,-0.0930,-1.6831,-5.9256,6.0597,-0.0374,0.0618,-0.0561
3.5602,-2.1835,7.4460,-0.0951,-0.0056,-0.0710,-1.6831,-5.9041,6.0310,-0.0313,0.0244,-0.0462
3.5434,-2.2505,7.3334,-0.0854,0.0045,-0.0620,-1.6807,-6.0454,5.9999,-0.0364,0.0444,-0.0348
3.5314,-2.2721,7.3933,-0.0652,-0.0187,-0.0469,-1.7454,-6.0430,6.0813,-0.0139,0.0097,-0.0176
3.4812,-2.1189,7.4651,-0.0608,-0.0325,-0.0452,-1.7262,-6.0047,6.0071,-0.0059,0.0119,-0.0115
3.4213,-2.0853,7.4124,-0.0746,-0.0180,-0.0364,-1.8507,-5.8993,5.9376,-0.0326,0.0048,-0.0127
3.4884,-2.2266,7.4124,-0.0901,-0.0237,-0.0278,-1.7669,-5.9592,6.0837,-0.0438,0.0020,-0.0141
3.5410,-2.1596,7.3909,-0.0843,0.0079,-0.0248,-1.7597,-5.9927,5.9783,-0.0558,0.0184,-0.0123
3.6009,-2.1237,7.3837,-0.0901,0.0045,-0.0272,-1.7262,-5.8826,6.0501,-0.0612,0.0276,-0.0221
3.6296,-2.2290,7.3526,-0.0974,0.0052,-0.0420,-1.6496,-5.8706,6.0980,-0.0606,0.0309,-0.0380
3.5841,-2.1117,7.3334,-0.1207,0.0282,-0.0337,-1.5538,-5.8562,6.1052,-0.0742,0.0476,-0.0574
3.4740,-2.1428,7.3957,-0.0943,0.0277,-0.0422,-1.7909,-5.9640,6.0238,-0.0524,0.0612,-0.0512
3.6176,-2.2386,7.3119,-0.1155,-0.0103,-0.0369,-1.6975,-5.9855,6.0214,-0.0521,0.0019,-0.0384
3.5267,-2.2505,7.3717,-0.1230,0.0509,-0.0456,-1.7047,-6.0478,6.0382,-0.0817,0.0889,-0.0461
3.5147,-2.3487,7.4555,-0.1057,0.0088,-0.0553,-1.7334,-6.1220,6.1100,-0.0498,0.0322,-0.0405
3.4548,-2.2793,7.5034,-0.0971,-0.0193,-0.0460,-1.8052,-6.1124,6.0454,-0.0213,0.0063,-0.0456
3.6512,-2.3918,7.3430,-0.1017,-0.0416,-0.0584,-1.5826,-6.0573,5.9855,-0.0104,-0.0413,-0.0248
3.3567,-2.3774,7.4148,-0.0644,-0.0196,-0.0426,-1.8004,-6.2034,5.8514,0.0015,0.0314,-0.0204
3.2896,-2.2889,7.5369,-0.0188,-0.1010,-0.0233,-1.8579,-6.1100,5.8371,0.0420,-0.0761,0.0128
3.3184,-2.2051,7.4316,0.0032,-0.1046,-0.0093,-1.9728,-6.0286,5.7964,0.0444,-0.0436,0.0192
3.3495,-2.0375,7.2999,-0.0148,-0.1017,0.0278,-1.8292,-5.8442,5.8083,0.0196,-0.0983,0.0492
3.6416,-2.2122,7.4436,-0.0329,-0.0902,0.0437,-1.6257,-5.8873,6.1124,-0.0148,-0.0769,0.0606
3.8164,-2.2098,7.4915,-0.0426,-0.0334,0.0236,-1.5610,-5.8969,6.2130,-0.0429,-0.0378,0.0445
3.6607,-2.1069,7.3550,-0.0324,-0.0418,0.0056,-1.4724,-5.8610,6.2776,-0.0133,-0.0368,0.0173
4.2282,-2.1596,7.3526,-0.0480,-0.0861,-0.0268,-1.2306,-5.6168,6.3782,-0.0055,-0.0914,0.0076
4.1300,-2.0303,7.2736,-0.0675,-0.0141,-0.0372,-1.4581,-5.6144,6.4332,-0.0450,0.0328,-0.0137
3.7900,-2.0087,7.2209,-0.0613,0.0199,-0.0230,-1.5850,-5.7221,6.3877,-0.0496,0.0057,0.0028
3.6966,-2.1213,7.3813,-0.0629,-0.0104,-0.0136,-1.6879,-5.9209,6.1986,-0.0370,0.0229,-0.0024
3.5626,-2.2122,7.3382,-0.0596,-0.0301,-0.0005,-1.6735,-5.9664,6.0382,-0.0236,-0.0302,0.0160
3.6919,-2.0997,7.4340,-0.0560,-0.0421,0.0149,-1.6664,-5.8323,6.0908,-0.0256,-0.0205,0.0234
3.6607,-1.9944,7.3765,-0.0822,0.0230,0.0029,-1.7166,-5.7988,6.1507,-0.0642,0.0270,0.0035
3.6559,-2.0638,7.5657,-0.1135,0.0372,0.0015,-1.8651,-5.7964,6.1316,-0.0969,0.0238,-0.0112
3.8331,-2.0279,7.3741,-0.1159,-0.0136,-0.0164,-1.5874,-5.8658,6.2249,-0.0755,-0.0152,-0.0199
3.7804,-2.2098,7.3047,-0.1208,0.0405,-0.0374,-1.4892,-5.8083,6.2034,-0.0921,0.0610,-0.0312
3.5937,-2.1356,7.5202,-0.1018,0.0755,-0.0699,-1.7430,-5.9855,6.1387,-0.0797,0.1148,-0.0601
3.4500,-2.0925,7.3933,-0.0929,-0.0246,-0.0509,-1.7573,-5.9496,5.9711,-0.0430,-0.0229,-0.0282
3.4596,-2.1596,7.3861,-0.0923,0.0201,-0.0192,-1.7310,-5.9687,5.8634,-0.0667,0.0428,-0.0185
3.4788,-2.0782,7.5369,-0.0785,-0.0148,0.0111,-1.9417,-6.0573,5.9472,-0.0452,-0.0175,0.0107
3.3112,-2.1117,7.3694,-0.0618,-0.0131,0.0322,-1.8818,-6.0262,5.8634,-0.0349,-0.0297,0.0306
3.4955,-2.0877,7.2544,-0.0586,-0.0510,0.0440,-1.7214,-5.9304,5.8466,-0.0346,-0.0556,0.0489
3.5985,-2.1308,7.3287,-0.0994,-0.0373,0.0456,-1.6688,-5.9161,6.0238,-0.0699,-0.0276,0.0394
3.4405,-2.0183,7.1970,-0.1090,0.0437,0.0400,-1.8962,-5.8299,5.9113,-0.0962,0.0132,0.0474
3.5243,-2.2290,7.2856,-0.1564,0.0226,0.0203,-1.8818,-6.1938,6.3901,-0.0858,0.0297,0.0409
3.6392,-2.2434,7.4412,-0.0723,0.0047,0.0029,-1.7621,-6.0310,6.2704,-0.0655,0.0021,0.0185
3.7852,-2.1835,7.4508,-0.0695,-0.0332,0.0071,-1.5347,-5.9352,6.1842,-0.0406,-0.0165,0.0266
3.6727,-2.0518,7.3598,-0.0466,-0.0254,0.0053,-1.7382,-5.8059,6.2130,-0.0282,0.0085,0.0205
3.7972,-2.0111,7.3358,-0.0566,-0.0298,0.0112,-1.5874,-5.6527,6.1627,-0.0353,-0.0316,0.0236
3.8882,-2.0255,7.3837,-0.0789,-0.0084,0.0068,-1.6400,-5.6862,6.2560,-0.0661,0.0096,0.0167
3.6895,-2.1141,7.3287,-0.0761,0.0120,0.0112,-1.6568,-5.7868,6.1699,-0.0746,-0.0087,0.0175
3.6009,-2.2338,7.3143,-0.0829,0.0097,0.0068,-1.7310,-5.9161,6.1531,-0.0681,0.0177,0.0011
3.5219,-2.2505,7.5226,-0.0809,0.0097,-0.0084,-1.7909,-5.9903,6.1172,-0.0521,0.0212,-0.0029
3.5314,-2.3032,7.5753,-0.0886,-0.0103,-0.0195,-1.7549,-6.0501,6.0190,-0.0420,0.0021,-0.0156
3.5027,-2.3439,7.3861,-0.0851,-0.0132,-0.0320,-1.6927,-6.1076,5.9711,-0.0314,0.0073,-0.0128
3.4117,-2.2936,7.3861,-0.0624,-0.0233,-0.0265,-1.7334,-6.0406,5.9735,-0.0060,0.0397,-0.0044
3.5913,-2.2266,7.3095,-0.0409,-0.0698,0.0001,-1.7909,-5.8849,6.1483,-0.0005,-0.0564,0.0149
3.7014,-2.1069,7.3646,-0.0573,-0.0209,-0.0093,-1.6472,-5.7916,6.1028,-0.0417,0.0112,0.0055
3.6200,-2.0758,7.3789,-0.0814,0.0179,-0.0167,-1.6352,-5.8012,6.1699,-0.0646,0.0278,-0.0041
3.7062,-2.2122,7.5106,-0.0858,-0.0037,-0.0274,-1.7142,-5.9376,6.1196,-0.0532,0.0163,-0.0159
3.7278,-2.1787,7.3765,-0.0845,-0.0073,-0.0305,-1.6448,-5.9089,6.1052,-0.0500,0.0137,-0.0132
3.5626,-2.1428,7.3837,-0.0826,0.0097,-0.0389,-1.7478,-5.8586,6.0645,-0.0640,0.0286,-0.0188
3.6152,-2.2745,7.3454,-0.1039,0.0207,-0.0250,-1.7214,-6.0310,6.0597,-0.0809,0.0253,-0.0112
3.5314,-2.3080,7.4939,-0.0893,0.0136,-0.0205,-1.7717,-5.9855,6.0238,-0.0613,0.0266,-0.0016
3.5051,-2.1620,7.3813,-0.0842,-0.0068,-0.0139,-1.8986,-5.9687,6.0047,-0.0518,-0.0077,-0.0055
3.4668,-2.1572,7.3310,-0.0917,0.0043,-0.0076,-1.8675,-5.9759,5.9376,-0.0553,0.0212,-0.0077
3.5147,-2.1811,7.4891,-0.0814,-0.0248,-0.0028,-1.7837,-5.9664,6.0549,-0.0437,-0.0131,-0.0011
3.6416,-2.1955,7.3502,-0.0831,-0.0032,-0.0107,-1.6472,-5.8658,6.1268,-0.0608,0.0100,-0.0045
