-0.2394,-1.1301,8.1906,-0.0565,-0.0753,-0.0308,-6.2441,-6.1411,2.7509,0.0016,-0.0806,0.0087
-0.5076,-0.9290,8.1259,-0.0653,-0.0592,-0.0270,-6.1794,-6.1028,2.7246,-0.0176,0.0155,-0.0021
-0.5100,-0.9002,8.1954,-0.0810,-0.0021,0.0016,-6.2800,-6.0717,2.7270,-0.0510,0.0188,-0.0045
-0.4573,-0.9218,8.1690,-0.0707,0.0237,-0.0091,-6.3638,-6.0932,2.7078,-0.0554,0.0396,-0.0139
-0.3831,-0.9912,8.1738,-0.0899,-0.0746,-0.0051,-6.2201,-6.1866,2.6863,-0.0413,-0.0316,-0.0085
-0.3519,-0.8930,8.2001,-0.0719,0.0107,-0.0215,-6.2560,-6.1746,2.7653,-0.0494,0.0230,-0.0028
-0.3352,-0.9433,8.1882,-0.0791,-0.0099,-0.0029,-6.3087,-6.2010,2.6815,-0.0437,0.0394,-0.0164
-0.5315,-0.9170,8.1427,-0.0867,-0.0370,0.0191,-6.2848,-6.1172,2.7031,-0.0357,-0.0087,-0.0129
-0.5938,-0.9361,8.0613,-0.0505,0.0441,-0.0193,-6.3087,-6.0190,2.6647,-0.0458,0.0290,-0.0001
-0.3184,-0.8811,8.1882,-0.0951,-0.0179,0.0036,-6.3207,-6.0573,2.6240,-0.0545,-0.0172,-0.0037
-0.3807,-0.9888,8.1187,-0.0866,0.0109,0.0019,-6.2489,-6.2034,2.7318,-0.0783,0.0520,-0.0136
-0.6009,-0.9864,8.1139,-0.0713,0.0242,-0.0003,-6.2848,-6.1651,2.6528,-0.0512,0.0865,-0.0402
-0.5004,-0.9649,8.1594,-0.0927,-0.0870,0.0360,-6.2584,-6.0765,2.6049,-0.0434,-0.0397,-0.0246
-0.3879,-0.9146,8.1618,-0.0754,0.0673,-0.0161,-6.2656,-6.1076,2.7078,-0.0846,0.0817,0.0005
-0.3041,-0.9601,8.2337,-0.0710,0.0378,-0.0183,-6.2896,-6.1723,2.6983,-0.0549,0.0810,-0.0067
-0.4501,-0.9481,8.0828,-0.0893,-0.0865,-0.0167,-6.3015,-6.2393,2.5881,-0.0398,-0.0682,-0.0045
-0.4070,-0.9864,8.1235,-0.0731,-0.0149,-0.0079,-6.2513,-6.1244,2.7126,-0.0397,0.0320,-0.0168
-0.4693,-0.9242,8.1331,-0.0877,-0.0418,0.0008,-6.3015,-6.1459,2.6336,-0.0514,0.0093,-0.0052
-0.4501,-0.9697,8.1403,-0.0782,-0.0143,0.0321,-6.2752,-6.1555,2.6217,-0.0505,0.0257,-0.0101
-0.1580,-1.0678,8.1594,-0.0946,-0.0356,0.0216,-6.2896,-6.0956,2.6240,-0.0636,-0.0183,0.0179
-0.3759,-0.9146,8.2887,-0.0581,0.0107,0.0041,-6.2752,-6.1100,2.6719,-0.0358,0.0750,-0.0115
-0.5674,-0.8595,8.3222,-0.0866,-0.0774,-0.0140,-6.3805,-6.2441,2.6360,-0.0390,-0.0318,0.0108
-0.3591,-0.9888,8.1834,-0.0630,-0.0028,-0.0621,-6.2417,-6.0501,2.4995,-0.0270,0.0031,0.0152
-0.4190,-0.9984,8.1116,-0.0721,-0.0131,-0.0301,-6.3351,-6.2584,2.7198,-0.0342,0.0217,0.0354
-0.3256,-1.1301,8.2073,-0.0922,-0.0388,0.0237,-6.1627,-6.3087,2.5355,-0.0490,0.0055,0.0009
-0.4501,-1.0056,8.0637,-0.0649,0.0141,0.0520,-6.2273,-6.1411,2.6528,-0.0346,0.0189,0.0099
-0.4477,-1.0008,8.2169,-0.0809,-0.0222,-0.0096,-6.2082,-6.0837,2.5307,-0.0440,-0.0573,0.0324
-0.3926,-1.0463,8.1714,-0.0473,0.0983,0.0028,-6.3231,-6.0741,2.5857,-0.0939,0.0558,0.0462
-0.5171,-1.0942,8.1834,-0.0540,0.1659,-0.0345,-6.3327,-6.1746,2.5642,-0.0938,0.1891,0.0322
-0.5052,-0.8428,8.2528,-0.0634,0.0242,-0.0230,-6.7301,-6.0980,2.4660,-0.0402,0.0822,0.0007
-0.4573,-0.9385,8.1403,-0.0445,-0.0630,-0.0597,-6.3901,-6.0813,2.5714,0.0113,-0.0055,-0.0116
-0.1125,-0.9218,8.0182,-0.0979,-0.1629,0.0092,-6.1411,-6.0310,2.6863,-0.0875,-0.2029,0.0773
-0.4980,-0.7638,8.2265,-0.0472,0.3826,-0.0092,-6.5601,-6.1244,2.4900,-0.2006,0.4351,0.0061
-0.8882,-1.0630,8.1259,-0.0747,0.1767,-0.0175,-6.6272,-6.2417,2.2865,-0.0957,0.1713,0.0097
-0.4238,-0.9720,8.1547,-0.1026,-0.1355,-0.0031,-6.3686,-6.1675,2.5355,-0.0625,-0.2221,0.0782
-0.2753,-1.1349,8.1906,-0.0699,0.0922,0.0008,-6.1699,-6.1914,2.5211,-0.1579,0.0934,0.1251
-0.5794,-1.0463,8.1355,-0.0485,0.3336,0.0405,-6.4859,-6.1651,2.4636,-0.2328,0.2998,0.0811
-1.0415,-0.8859,8.0541,-0.0604,0.3671,0.0221,-6.7062,-6.0621,2.2218,-0.2041,0.3448,0.0230
-0.9577,-0.9864,8.1977,-0.0986,0.0661,0.0312,-6.7325,-6.2417,2.3008,-0.1164,0.0580,0.0144
-1.1684,-0.8906,8.0876,-0.0472,-0.1059,-0.0759,-6.5984,-6.1866,2.2003,-0.0260,0.0145,-0.0310
-0.5052,-1.0080,8.1355,-0.0369,-0.0999,0.0216,-6.6415,-6.2848,2.4014,-0.0233,-0.0440,-0.0553
-0.6177,-1.1492,8.0732,-0.0516,0.1376,-0.2767,-6.3255,-6.1794,2.2075,-0.0621,0.1336,-0.0124
-0.5339,-1.1660,8.4396,0.0136,-0.2209,-0.1561,-7.8338,-7.2257,2.5929,-0.0193,0.1896,0.3226
-0.8260,-1.1779,8.6119,0.1294,0.0565,-0.2397,-6.0861,-6.0813,2.5594,0.1013,-0.3785,0.3159
-0.3304,-1.0032,8.4204,0.3688,-0.0084,-0.3080,-6.6655,-6.2680,3.0023,0.2631,0.3952,0.4884
-0.8308,-0.7973,8.4324,0.4663,0.0878,-0.3765,-7.1108,-6.1579,2.5594,0.3128,0.1014,0.2475
-0.9768,-0.5938,8.2384,0.6307,0.4034,-0.3080,-6.3207,-5.3008,2.2410,0.3773,0.4529,0.3387
-0.4405,-0.3974,8.2265,0.3002,0.0356,-0.4250,-7.1563,-5.6671,2.8850,0.3174,0.2361,0.0971
-0.4166,-0.1365,7.6088,0.3808,0.2053,-0.4590,-6.1268,-5.1906,2.2266,0.3371,0.2810,0.2423
-0.1030,-0.1030,8.9711,0.2742,0.3758,-0.6071,-7.9727,-6.4572,4.5681,0.2265,0.7506,0.1896
0.2155,0.3208,9.3805,0.3750,0.9098,-0.7594,-6.8235,-5.4277,3.6919,0.2029,0.9763,0.1747
-0.3567,0.6967,11.2815,0.3619,0.7791,-0.8463,-9.3805,-6.7301,5.6719,0.3648,1.5800,0.1962
0.1006,1.0558,11.2120,0.7212,0.6568,-0.9485,-9.1291,-6.0190,4.8937,0.6749,0.7775,0.2683
0.0622,1.4485,11.1306,0.7594,0.5397,-1.0617,-8.8992,-5.8251,5.5905,0.8616,1.0281,0.3244
0.1532,1.6113,10.2304,1.1370,0.4951,-1.1591,-8.1834,-5.1404,5.1811,1.2288,0.8564,0.4327
0.3041,1.8148,8.8969,1.1962,0.3324,-1.4005,-7.0126,-4.2042,4.8818,1.5559,0.8460,0.1981
0.5267,1.7454,7.5106,1.2305,-0.0699,-1.5949,-6.4596,-3.5506,4.0318,1.8546,0.8863,0.0120
-0.3208,1.6903,7.1874,1.2119,-0.2353,-1.8698,-5.6599,-3.2561,3.4405,2.1725,0.6416,-0.1525
0.1891,1.4868,6.6607,1.3010,-0.7659,-2.0544,-5.1906,-3.0167,3.1484,2.4742,0.4138,-0.3688
0.1867,1.5754,4.3167,1.2586,-1.1804,-2.3469,-4.2162,-2.4732,3.5578,2.7524,-0.1147,-0.7069
-0.8332,1.8124,4.4963,0.7004,-0.4912,-2.8558,-4.5586,-2.3942,1.5921,2.6077,1.5099,-1.1803
-2.0446,1.9441,6.7540,0.4503,-0.7059,-2.5314,-6.7900,-3.2896,0.5076,2.2284,1.4705,-1.4719
-1.3360,1.5179,6.4141,0.1342,-1.6350,-2.1033,-5.7197,-3.1819,0.9170,2.0892,-0.6139,-1.5949
-0.5483,0.6177,7.1491,-0.6062,-2.5293,-2.1542,-4.9991,-4.5921,3.4692,2.0733,-0.7342,-2.1553
0.2753,-0.4094,8.6335,-0.3964,-2.5401,-2.5401,-6.5625,-6.7516,5.1930,2.4997,-0.4799,-2.4115
-0.5004,0.7302,8.3989,-0.4527,-1.4076,-2.5439,-5.7245,-5.2840,2.6576,2.0551,0.4678,-2.2539
-0.0982,0.9768,8.3606,-0.2193,-2.1738,-2.1830,-6.8809,-5.7581,4.2784,2.3950,-0.3886,-2.1184
1.9178,0.5578,8.4851,-0.6490,-3.3630,-2.1567,-3.2609,-4.4891,4.9847,2.5004,-1.8002,-2.4560
3.4357,0.0599,6.8283,-2.1975,-4.2884,-1.6573,-3.6559,-7.1395,7.3622,1.9160,-2.3515,-3.2233
4.2329,-0.8332,11.3701,-2.5330,-1.9574,-1.9422,-7.6471,-9.6438,7.2329,1.1746,0.6739,-2.8617
3.4644,-1.1349,10.0580,-0.6559,0.3701,-1.8201,-4.9967,-6.8833,3.5745,0.5252,1.4486,-1.8411
3.9433,-0.8930,6.7253,-1.8094,-0.3880,-1.9321,-2.2865,-5.3941,6.0980,0.0488,-1.0749,-2.0323
0.3831,-0.3136,6.6679,-1.8796,0.2511,-1.6562,-5.3032,-5.7724,3.7158,0.1266,2.1851,-2.1869
2.6767,-0.7709,3.8714,-1.4733,0.4678,-1.0400,-2.6001,-4.2138,0.1030,-0.3353,1.0668,-1.5821
1.9632,-1.5490,7.1275,-2.9517,-1.0381,-0.6891,-2.1380,-6.6295,3.8786,-1.3114,-1.5661,-2.4431
3.0933,-3.1556,4.9225,-1.4795,-1.0770,-0.1708,-3.1292,-8.0924,4.5466,-0.6135,0.2761,-1.5528
6.0430,-3.8211,11.3030,-2.4427,-0.1709,-0.2221,-2.0279,-10.1251,8.1810,-1.1980,-0.6742,-2.0415
3.2944,-4.5610,9.3111,-0.3292,0.2406,0.1828,-2.7174,-9.0836,5.0709,-0.0434,0.9983,-1.4297
7.1922,-3.7278,3.2705,-1.3837,-0.1680,0.2747,-1.2570,-8.4156,4.1228,-1.3074,-1.2043,-0.4009
5.1571,-4.9752,11.7843,-2.7563,0.5760,-0.1764,0.3065,-9.1075,7.0868,-1.5873,0.4588,-1.2485
3.0358,-3.2250,7.5968,-0.6157,0.3187,-0.1984,-3.6129,-8.1594,4.3024,-0.4231,2.2512,-1.2626
1.9944,-2.6863,1.4437,-0.4189,-0.8292,0.4133,-1.1779,-5.1882,0.5578,-0.2446,-3.0429,-0.0790
2.7461,-3.3327,1.8340,-1.4177,0.1176,0.2146,1.7095,-5.0350,1.6783,-1.2391,-1.1454,-0.4056
2.2314,-4.3359,4.3263,-1.6105,1.3173,0.0222,-0.4980,-6.6679,1.6400,-1.4329,2.7090,-0.8458
1.7645,-4.6639,3.2609,-1.5418,1.0344,0.1002,-0.4190,-6.3973,-0.4046,-1.4318,0.7185,-0.8198
1.1109,-5.2170,1.9848,-2.0943,0.3757,0.1518,0.7638,-6.2896,-0.9242,-1.6710,-0.9226,-0.8367
2.1787,-6.8714,1.1564,-2.6562,0.5409,-0.2803,1.1157,-7.3765,-1.9776,-2.1631,0.7468,-0.7421
0.2251,-8.8897,2.8132,-3.4171,0.8144,-0.7296,2.2242,-10.1586,-1.2953,-2.6552,0.3344,-1.3407
2.0997,-10.0485,6.1052,-3.2386,0.2850,0.1889,0.9337,-11.8609,-1.9920,-2.4436,0.8186,-2.1539
2.5522,-10.2328,3.4357,-2.2308,-0.8741,0.3243,3.1987,-11.4156,-1.0965,-1.4001,-1.1675,-2.0194
3.2753,-9.7659,1.7597,-2.3164,-2.3771,0.5684,4.1252,-10.1849,-2.8659,-1.1940,-3.3261,-2.2799
3.3974,-9.9695,0.7781,-2.7419,-3.5098,0.9791,5.0159,-10.8242,-1.9106,-1.4595,-3.4808,-2.2936
4.6352,-10.7452,0.1915,-2.7977,-3.1309,1.3042,5.7006,-11.4778,-1.7741,-1.8832,-3.2751,-2.0735
4.9943,-11.3461,-0.5483,-2.5668,-2.2475,1.5115,6.6966,-11.6574,-1.3503,-2.1272,-3.1259,-1.9416
5.7820,-10.9104,-0.3065,-2.0695,-1.4585,1.9179,6.0310,-11.3605,-0.0144,-1.7756,-1.7016,-1.6117
7.7548,-10.8002,-1.0127,-1.0194,-0.6343,1.0321,6.3925,-10.4698,1.7406,-0.7675,-1.0376,-0.6847
5.4755,-10.0796,-0.6895,-0.2591,0.0276,-0.2370,6.8498,-9.2991,0.1987,0.0994,-0.0514,-0.6041
4.5131,-10.5632,-1.5945,-0.0719,0.1119,-0.3635,6.6128,-9.0309,-1.9585,0.4728,0.4760,-0.5566
3.3112,-10.3262,-1.2594,-0.3397,0.3865,-0.6153,6.0597,-8.8442,-3.8666,0.2882,0.8755,-0.8591
3.4309,-10.1275,-1.0870,-0.3011,0.1595,-0.4600,5.1978,-8.8083,-3.0909,0.1676,0.5457,-0.6865
2.8659,-9.5433,-0.9577,-0.3396,-0.0033,-0.6231,5.3822,-8.2839,-3.0574,0.1835,0.1737,-0.7354
2.4014,-8.8155,-0.6153,-0.2823,-0.1227,-0.5051,4.5179,-7.8673,-2.8443,0.2305,0.3238,-0.7621
2.0710,-8.2504,-1.2306,-0.3592,0.0313,-0.3941,4.1803,-7.3598,-3.3926,0.0108,0.2813,-0.6831
2.1308,-8.1618,-0.8835,-0.6468,0.0207,-0.1557,3.9337,-7.4316,-3.2130,-0.3718,-0.0012,-0.5601
1.9632,-8.5736,-0.6273,-0.8092,0.2423,0.1887,4.0199,-8.2049,-3.1891,-0.7260,0.1512,-0.3784
3.2034,-9.3398,-0.4357,-0.6917,0.2093,0.5802,4.6304,-8.6455,-2.5307,-0.9004,-0.2212,0.0410
3.8882,-9.3781,0.3472,-0.4562,0.0909,0.5540,5.5258,-8.6383,-0.9744,-0.7344,-0.3733,0.1573
4.9057,-10.4986,-0.2562,-0.0573,-0.2140,0.5657,6.9863,-9.5888,-0.4573,-0.2826,-0.6975,0.3493
5.8658,-13.0388,-2.1668,0.3256,-0.4142,0.3962,9.6175,-10.3022,-1.7406,0.1924,-1.1006,0.5279
6.1387,-11.4156,-3.2346,0.5067,-0.5852,0.1203,9.4715,-8.4491,-3.3950,0.7320,-0.0841,0.4407
4.9871,-9.9814,-3.2202,0.9054,0.7530,-0.2769,8.4180,-6.9073,-2.7605,0.3489,0.8488,0.2338
5.4013,-9.1674,-4.4915,0.0389,0.9273,-0.2128,8.3773,-6.3638,-2.4732,-0.1920,0.6598,0.3905
4.5322,-8.5832,-3.8666,-0.1563,2.4437,-0.6363,7.8290,-5.9280,-3.0382,-0.6139,2.6881,0.2466
3.3591,-8.2265,-2.8706,-0.2326,3.1423,-0.6764,6.6463,-5.9185,-3.3255,-0.9495,3.4512,0.0794
3.1795,-8.2576,-2.5833,-0.4968,2.3437,-0.4273,6.2106,-6.0286,-3.6631,-1.0218,2.3545,0.0686
4.1396,-8.9687,-2.5283,-0.6847,1.3901,-0.1057,7.0677,-6.7469,-3.1364,-1.1193,0.8346,0.2615
5.5857,-9.9790,-2.7629,-0.7549,1.2168,-0.0392,8.6718,-7.3646,-2.0758,-1.1626,0.6977,0.3797
6.0047,-10.0796,-2.9161,-0.6724,2.0384,-0.3135,8.9639,-7.5106,-1.4078,-1.2304,1.8812,0.2963
5.6862,-9.8689,-2.5522,-0.5303,2.8027,-0.6186,8.2241,-7.8769,-1.2186,-1.1362,2.8498,0.3365
4.7214,-10.2113,-2.0446,-0.2121,3.0194,-0.6937,7.6710,-8.2528,-1.9968,-0.8543,3.0249,0.5450
4.5370,-10.6973,-2.4038,0.0250,2.8086,-0.6302,8.3701,-8.2001,-3.1460,-0.6640,2.6526,0.6163
4.7118,-11.1163,-2.4804,-0.0665,2.1755,-0.5441,8.5473,-8.3270,-3.3327,-0.6197,2.0705,0.5181
5.0901,-11.0540,-2.2194,-0.0233,1.8658,-0.5857,8.5281,-8.5521,-2.5187,-0.4764,1.8851,0.4185
5.0159,-10.9463,-2.1380,0.1721,1.7154,-0.6604,8.3151,-8.5688,-2.2649,-0.1652,1.8237,0.3980
4.5633,-10.2999,-2.2146,0.3992,1.5168,-0.7540,7.9679,-7.7883,-2.7198,0.1226,1.7744,0.3429
4.1803,-9.2177,-2.6240,0.4311,1.3226,-0.7577,7.3646,-6.8809,-2.9401,0.1868,1.5767,0.2554
3.8882,-8.7125,-2.8491,0.2687,1.2460,-0.6955,7.0270,-6.3255,-3.1149,0.0709,1.4850,0.1889
3.2274,-7.5896,-3.2848,-0.2595,1.6266,-0.5915,6.0023,-5.4588,-3.6224,-0.6319,1.7852,0.1231
2.2218,-7.6974,-1.7813,-0.9410,2.0177,-0.4201,4.8698,-6.2680,-3.7517,-1.2533,2.1465,0.0282
1.8914,-8.1642,-0.5602,-1.0337,2.1125,-0.0918,4.2952,-7.2449,-3.1987,-1.5531,1.9950,-0.0620
2.1931,-9.1147,-0.6943,-1.1133,1.2391,0.2405,5.2241,-7.8865,-3.0933,-1.3945,0.5934,-0.0538
2.8994,-9.5170,-0.1820,-1.0491,0.5069,0.3745,5.6982,-8.2121,-2.3607,-1.1554,-0.0013,-0.3022
3.0430,-9.2033,-0.1987,-0.9092,-0.5431,0.2936,5.5905,-7.8721,-2.1620,-0.6025,-0.8386,-0.5681
3.6248,-9.5624,-1.0965,-0.9300,-1.0180,0.3238,6.1675,-8.0876,-2.0614,-0.4135,-1.2825,-0.5986
2.6743,-9.3565,-0.7230,-0.8596,-0.7882,0.2445,5.2289,-8.2552,-2.8443,-0.4286,-0.6017,-0.6696
2.7725,-9.4834,-1.3838,-0.7332,-0.7260,0.5308,5.4468,-8.1858,-2.9951,-0.5069,-1.0852,-0.3585
3.1077,-10.2400,-2.1596,-0.9312,-0.7582,0.6154,6.9432,-8.0158,-3.7637,-0.7234,-1.3789,-0.3668
3.0861,-10.4675,-1.5897,-1.2065,-0.4474,0.6603,6.3542,-8.6957,-3.5027,-1.0616,-0.5590,-0.4483
3.3710,-9.9359,0.4597,-0.9679,-0.7316,0.5089,5.2026,-9.2536,-1.1779,-0.7274,-0.8202,-0.5461
3.6990,-9.4643,-0.1724,-0.3668,-1.0127,0.3541,5.1236,-8.9040,-0.4525,-0.1082,-1.1004,-0.2001
3.4788,-9.3134,-0.3065,0.0290,-0.7196,0.1651,5.4157,-8.4132,-1.2234,0.2364,-0.7289,-0.1038
3.3399,-9.6199,-1.1085,0.3131,-0.3635,0.0666,5.6407,-8.3917,-2.1476,0.3965,-0.2272,0.1356
3.6703,-10.2639,-1.6855,0.2880,-0.2305,-0.0799,6.7564,-8.3103,-2.9568,0.3752,-0.2794,0.1447
3.2322,-10.2855,-1.3408,0.1881,-0.0914,-0.1808,6.3111,-8.5138,-3.0047,0.2799,0.2190,-0.0073
3.2178,-10.1706,-1.3120,0.1904,0.0297,-0.3186,6.0837,-8.5329,-2.7677,0.3183,0.1613,0.0216
2.6025,-9.8306,-1.2043,0.2550,0.1651,-0.2987,5.3486,-8.5329,-3.0837,0.3011,0.4112,0.0570
2.4229,-10.0772,-1.4365,0.2527,0.2872,-0.2276,5.7461,-8.5569,-3.5314,0.2388,0.3926,0.1837
2.4205,-10.1778,-1.3503,0.1724,0.3015,-0.1637,5.8251,-8.4420,-3.8786,0.1318,0.3730,0.0986
2.7126,-9.6438,-0.7542,0.1187,-0.1067,-0.1067,5.4061,-8.2648,-2.7940,0.1367,0.0446,0.0496
3.1963,-8.9184,-0.8380,0.2414,-0.3620,-0.1708,5.3056,-7.5968,-1.9273,0.3592,-0.3000,0.0361
2.7677,-7.9631,-1.3264,0.3407,-0.1140,-0.3116,4.9368,-6.8067,-2.1069,0.4036,0.1696,0.0420
2.5355,-7.9224,-1.7526,0.1410,0.4791,-0.3171,4.9249,-6.5434,-3.1651,0.1212,0.6251,0.0536
2.0853,-8.0924,-1.9058,0.0296,0.8246,-0.0588,4.4149,-6.8761,-3.6176,-0.2794,0.9029,0.2435
2.5115,-8.7029,-1.8675,-0.2550,0.8366,0.1188,5.6982,-7.0174,-3.6440,-0.5906,0.5365,0.3507
2.6743,-9.3398,-0.6512,-0.4215,0.8327,0.1131,5.6431,-8.0852,-2.1404,-0.6892,0.7192,0.0088
3.0718,-9.7229,-0.4453,-0.2494,0.5922,0.1090,5.4660,-8.2863,-2.7246,-0.3143,0.5962,-0.0425
3.1125,-10.0963,-0.9050,-0.4703,-0.2809,0.0336,6.3590,-8.1642,-3.0861,-0.2920,-0.5546,-0.2622
3.5721,-10.3501,-1.0846,-0.6744,-0.4911,0.0246,6.2944,-8.8705,-2.3559,-0.3631,-0.5256,-0.3243
3.4189,-10.9966,-0.9385,-0.5894,0.0743,-0.0592,6.6607,-9.4451,-2.7845,-0.4097,0.0933,-0.2850
3.6727,-10.7835,-0.9840,-0.4251,0.0849,-0.0508,6.3901,-9.1842,-2.5618,-0.3324,0.0548,-0.1981
3.7086,-10.8409,-1.0391,-0.3881,-0.0053,-0.0282,6.7588,-9.1818,-2.4086,-0.2996,-0.0970,-0.1573
4.2138,-10.9391,-1.4078,-0.2551,-0.0248,-0.0899,7.1060,-9.2081,-2.2721,-0.1608,0.0241,-0.0882
3.9528,-10.4938,-1.0606,-0.0829,0.2818,-0.2654,6.6966,-8.8250,-2.0949,-0.0224,0.4570,-0.1127
3.8834,-10.0030,-1.0175,0.0818,0.1575,-0.3425,6.2944,-8.4803,-1.7573,0.1957,0.3512,-0.0606
3.7996,-9.7731,-1.2522,0.2276,0.0729,-0.5080,6.3973,-8.1858,-2.0399,0.4209,0.3220,-0.0521
3.2010,-9.3326,-1.3288,0.3519,0.2663,-0.5287,5.4229,-8.0972,-2.5714,0.4365,0.7258,0.0538
3.0119,-9.3015,-1.4988,0.4768,0.4862,-0.4118,5.7604,-7.8147,-2.7270,0.3877,0.6135,0.3010
3.4261,-9.4164,-1.7382,0.5049,0.5738,-0.3953,6.3590,-7.5417,-2.8826,0.3689,0.7623,0.3152
3.5147,-9.4595,-1.9225,0.4628,0.4481,-0.4347,6.7157,-7.2784,-2.7940,0.3974,0.6543,0.2177
3.7637,-9.3805,-1.9297,0.3052,0.2936,-0.5427,6.7804,-7.4077,-2.8180,0.3623,0.5590,0.0750
3.9983,-9.4499,-2.0758,0.2763,0.3171,-0.5107,6.6607,-7.6184,-2.5139,0.3143,0.5907,0.1158
3.9648,-9.7252,-2.3846,0.2777,0.6414,-0.4503,7.1706,-7.6662,-2.9233,0.1883,0.7184,0.2050
3.7182,-9.5936,-2.4924,0.1278,0.9862,-0.3475,7.0222,-7.3741,-3.5482,-0.1399,1.1623,0.2298
3.9528,-9.6103,-2.2386,-0.1601,0.9217,-0.2020,6.9360,-7.4124,-3.0263,-0.3873,0.8579,0.1796
3.7972,-9.6079,-1.2929,-0.3130,0.7492,-0.2515,6.6966,-7.7764,-2.5211,-0.3738,0.7959,-0.0739
3.6009,-9.4403,-0.8930,-0.2193,0.3532,-0.2250,5.8275,-8.0062,-2.1668,-0.1591,0.4971,-0.1082
3.3471,-9.0764,-0.8428,-0.1116,-0.0301,-0.1675,5.7461,-7.7381,-2.1476,0.0310,-0.0592,-0.1238
3.1173,-8.6503,-1.2019,-0.0189,-0.1697,-0.0373,5.4109,-7.3837,-2.5618,0.0922,-0.0645,-0.0783
3.1627,-8.5258,-1.8747,-0.0657,-0.2586,0.1282,5.8083,-6.7995,-2.9808,-0.0310,-0.3928,-0.0330
3.2657,-8.4851,-1.9896,-0.2991,-0.2330,0.2462,6.0549,-6.7277,-3.0957,-0.2755,-0.3227,-0.0983
3.4357,-8.7197,-1.8938,-0.4639,-0.1651,0.3444,6.0693,-6.9743,-2.8371,-0.4558,-0.3762,-0.1071
3.2513,-8.8801,-1.6712,-0.5660,-0.2354,0.4155,6.0717,-7.2377,-2.8778,-0.5380,-0.4578,-0.1820
3.4069,-9.3230,-1.5467,-0.6059,-0.4513,0.5128,6.2058,-7.7788,-2.7988,-0.5293,-0.7224,-0.1721
3.5147,-9.7564,-1.3288,-0.5852,-0.6091,0.5765,6.4380,-8.0661,-2.7653,-0.4623,-0.9137,-0.1936
3.5961,-10.0700,-1.3096,-0.5076,-0.8647,0.6239,6.5290,-8.3534,-2.6145,-0.3363,-1.1078,-0.1927
3.9409,-10.4196,-1.5419,-0.3717,-1.1327,0.6097,7.0461,-8.4683,-2.5450,-0.1339,-1.4266,-0.1775
3.7996,-10.2927,-1.6520,-0.2417,-1.1752,0.5718,7.1228,-8.3199,-2.4517,0.0209,-1.2881,-0.2125
3.6943,-10.2041,-1.6448,-0.2092,-1.2542,0.7798,7.0677,-8.1427,-2.4134,0.1633,-1.3038,-0.2707
4.1276,-10.4411,-1.6137,-0.1312,-1.3095,0.4751,6.9576,-8.6550,-2.5786,0.3060,-1.2867,-0.2073
3.8475,-11.5975,-1.7478,0.0236,-1.4450,0.4720,7.3670,-9.2632,-3.3662,0.5061,-1.4727,-0.1324
3.6583,-10.8433,-0.6369,0.2999,-1.5993,0.0505,6.8067,-8.7747,-2.3487,0.8592,-1.2945,-0.3074
3.4237,-10.0173,-1.0056,0.7124,-2.4613,0.1415,6.1076,-8.4970,-1.8866,1.4166,-2.1449,-0.1943
3.9959,-10.1275,-2.7892,0.8435,-2.7916,-0.0304,7.7979,-7.3430,-2.8539,1.7159,-2.7598,-0.1288
3.5314,-9.8210,-3.1532,0.6371,-1.7684,-0.1564,7.1036,-7.4579,-3.4788,1.1932,-1.1699,-0.2834
3.2465,-9.6199,-2.3798,0.4437,-0.7982,-0.1787,6.1579,-7.7261,-3.2298,0.7861,-0.2506,-0.1035
2.6025,-9.3230,-1.1636,0.5701,-0.5857,-0.1119,5.2960,-7.9464,-2.8443,0.7703,-0.2910,0.0288
2.7701,-9.1506,-1.5347,0.7324,-1.2007,0.0630,5.5905,-7.5393,-2.8395,1.0007,-1.0285,0.2200
2.5929,-8.9854,-1.2689,0.7005,-1.1680,-0.0248,5.5737,-7.4029,-2.9592,1.0103,-0.9272,0.0620
2.7629,-8.8849,-1.4748,0.7286,-1.2442,-0.0626,5.4372,-7.2496,-2.7270,1.0897,-0.8724,0.0588
2.5067,-9.0333,-1.7382,0.5729,-1.2784,-0.0661,5.6767,-7.4412,-3.5027,0.9320,-1.0952,0.0453
4.4628,-10.3142,-2.1476,0.1254,-1.2546,0.0757,6.8809,-8.5186,-2.6049,0.2830,-1.2839,0.3878
5.0398,-11.5736,-0.8045,-0.1398,0.0254,-0.3944,8.1523,-10.4435,-0.0479,-0.0398,-0.2718,0.1263
4.1635,-11.0181,0.5842,0.7237,2.1897,-0.6091,4.9273,-10.7595,-1.3312,0.2553,3.2515,0.3043
2.3224,-10.1299,0.4214,1.3119,2.2002,-0.4165,4.4724,-9.5241,-2.7174,0.3535,2.7503,0.9904
2.7964,-9.1147,-0.1221,0.4545,0.3275,-0.2310,4.7453,-8.3222,-2.5905,0.1164,0.4642,0.5634
3.3471,-9.3182,0.6871,0.1820,0.4639,-0.1053,4.7788,-9.3015,-0.4908,-0.2357,0.1707,0.4628
2.9401,-8.9232,2.3559,0.7240,1.6108,-0.1657,2.8443,-10.0413,0.4070,0.1816,1.9368,0.6261
2.2673,-8.6598,2.3367,1.3326,1.7428,-0.0262,2.7054,-9.1602,-1.5754,0.4130,2.0432,1.2287
1.9561,-8.5904,2.0207,1.1419,0.6815,-0.0123,3.6990,-8.6191,-0.9290,0.5609,0.1046,0.9431
2.5163,-8.5090,2.8299,1.0573,-0.1276,-0.0815,3.7421,-8.9591,0.2227,0.8881,0.1841,0.5171
2.2242,-8.2145,2.7150,1.4095,0.1146,-0.3159,2.7677,-8.8945,-0.1269,1.3928,0.7224,0.2911
2.3487,-7.9344,1.5897,1.1531,-0.1423,-0.2481,2.7533,-8.1570,-2.2913,0.9489,0.1159,0.5786
1.8914,-7.6950,2.5163,0.3878,0.1723,-0.1729,2.7102,-8.6479,-0.1700,0.1903,-0.0218,0.3215
1.7310,-7.7979,3.7086,0.1997,1.0856,-0.0530,1.9680,-9.1842,0.0072,-0.2924,1.0898,0.3452
1.9417,-8.1475,4.0558,0.0879,0.4121,-0.0286,2.1117,-9.5170,0.6321,-0.1075,0.2998,0.3020
1.7549,-8.0517,4.3167,0.1704,0.0982,-0.1696,1.8531,-9.5720,0.2921,0.1515,0.3075,0.0983
1.6233,-7.6447,4.1396,0.2348,-0.0280,-0.1280,1.3024,-9.3853,0.2969,0.2197,0.1306,0.1143
1.8124,-7.5298,3.8595,0.2117,-0.1853,-0.1216,1.8579,-9.0405,0.4980,0.2595,-0.1584,0.1211
1.7621,-7.3598,3.8188,0.3279,-0.0830,-0.0961,1.3982,-9.0118,0.2370,0.3368,0.1849,0.1411
1.8316,-7.5322,3.4836,0.1424,-0.1431,-0.1067,2.1644,-8.7269,0.0694,0.2110,-0.1535,0.0361
1.7214,-7.5489,3.5626,0.0290,-0.2848,-0.0486,1.9273,-8.7700,-0.1915,0.1727,-0.1168,-0.0618
1.9297,-7.5585,3.4548,-0.0420,-0.3581,0.0290,1.9225,-9.0094,0.3041,0.1118,-0.3785,-0.0308
2.2649,-7.5346,3.2082,-0.0849,-0.2789,0.0465,2.5738,-8.5473,0.0407,0.0348,-0.2866,-0.0790
2.1428,-7.4867,2.6121,-0.2208,-0.3095,0.0714,2.6504,-8.4036,-0.1676,-0.0357,-0.3060,-0.1673
2.1356,-7.8554,2.4517,-0.4832,-0.4187,0.1483,2.9137,-8.4276,-0.9194,-0.2786,-0.4731,-0.2438
2.2913,-7.9152,2.6504,-0.8326,-0.3040,0.2542,2.7653,-8.8298,-0.2179,-0.6690,-0.5465,-0.2832
2.1835,-7.8051,2.8347,-0.6813,-0.0397,0.2599,2.7821,-8.6311,0.0814,-0.5626,-0.1824,-0.3018
1.9944,-7.6303,2.1811,-0.4537,-0.4443,0.2173,3.1029,-7.8793,-0.5890,-0.1091,-0.5485,-0.4189
1.5874,-7.4843,1.3431,-0.4314,-1.3247,0.1808,3.4812,-7.2592,-1.5179,0.3460,-1.3995,-0.6871
1.3958,-7.7500,0.9074,-0.4522,-2.3367,0.1551,3.8547,-6.9695,-2.1907,0.8132,-2.0792,-1.0447
1.5778,-8.5186,-0.6656,-0.5532,-3.5773,0.3376,5.1092,-7.1874,-3.3591,1.0585,-3.5164,-1.1920
2.2745,-9.2775,-1.9249,-0.9419,-4.3543,0.6799,6.3710,-7.3574,-3.9887,0.7857,-4.3657,-1.2854
2.9185,-10.0126,-3.1364,-1.2642,-3.8128,1.1223,7.2760,-7.8266,-4.5059,0.0273,-4.1218,-1.1584
3.6703,-10.8577,-3.2322,-1.3921,-2.8031,1.4068,8.1139,-8.3079,-4.6424,-0.5609,-3.1554,-0.9470
3.4860,-11.4012,-2.3176,-1.4967,-2.4157,1.5402,8.2097,-8.8322,-4.4245,-0.8431,-2.9475,-0.9727
3.9313,-11.9375,-1.9800,-1.4422,-3.5236,1.8261,9.0597,-9.5505,-3.2681,-0.5597,-4.2979,-0.8759
5.6838,-12.4091,-1.8962,-0.9846,-4.3657,1.9223,10.1347,-9.3158,-2.0183,0.0670,-4.3657,-0.7292
6.7038,-12.1649,-2.9377,-0.4319,-4.3657,1.4891,11.7460,-8.4994,-0.9457,0.7466,-4.3657,-0.8111
7.1874,-11.4970,-3.7469,-0.3435,-4.3657,0.6951,11.7507,-7.7213,-0.5171,1.0583,-4.3657,-1.2369
6.9312,-10.3214,-3.4692,-0.3128,-2.8914,-0.2753,9.9168,-7.5298,-0.5267,1.1203,-1.9029,-1.5982
5.6575,-9.5600,-2.7198,-0.1387,-1.7201,-0.7859,7.8123,-7.6638,-1.0080,1.1201,-0.6097,-1.3820
4.4748,-9.7636,-2.0806,0.1230,-1.0000,-0.9140,6.9121,-8.2504,-2.0399,1.1630,-0.1813,-0.9430
3.7086,-10.0963,-2.3248,0.6676,-0.5593,-0.7990,6.8283,-8.1738,-3.3184,1.3354,0.2220,-0.5009
3.3351,-9.9551,-3.1891,0.8242,-0.7081,-0.4442,7.0701,-7.3789,-4.6495,1.2300,-0.3002,-0.1851
3.4381,-9.4834,-3.5961,0.5416,-0.7691,-0.1451,7.2425,-6.5386,-4.9416,0.8068,-0.5044,-0.0341
4.1300,-9.2991,-3.2992,-0.0260,-0.7328,-0.0881,8.1523,-6.0861,-4.0079,0.2613,-0.6422,-0.1851
4.6040,-9.2967,-2.3727,-0.5027,-0.7280,-0.2321,7.7405,-6.8402,-2.2625,0.0087,-0.4431,-0.5620
4.5059,-9.3948,-1.1540,-0.5071,-0.6564,-0.4971,7.0725,-7.6686,-1.1947,0.1043,-0.2494,-0.7345
4.2377,-9.2033,-0.0694,-0.0458,-0.4720,-0.6652,5.7030,-8.7101,0.1963,0.5979,0.0633,-0.7677
3.7828,-9.1147,0.1317,0.7366,-0.2352,-0.7225,4.7956,-8.5617,-0.9960,1.2248,0.7023,-0.1847
3.6727,-9.2440,-1.2091,1.1920,-0.4828,-0.5641,6.1483,-7.7931,-2.1237,1.4456,-0.2614,0.2507
4.3120,-10.1442,-2.2984,1.1902,-0.6034,-0.6183,7.8290,-7.7309,-2.7653,1.5099,-0.2743,0.3425
4.2329,-11.0445,-2.9568,1.1255,-0.3873,-0.7481,8.8657,-7.8386,-3.9576,1.4706,0.2653,0.1219
4.1061,-11.2216,-3.5554,0.8843,-0.4806,-0.8084,8.8418,-7.7907,-4.4652,1.3046,0.0930,-0.0709
3.5027,-10.9559,-3.2322,0.5219,-0.5151,-0.8202,8.2935,-7.5896,-4.8387,1.0487,0.1932,-0.3605
3.0071,-10.2783,-3.1029,0.2754,-0.5252,-0.6471,6.9863,-7.4771,-4.7262,0.7526,0.1110,-0.4077
2.6001,-9.5888,-2.6743,-0.0368,-0.4844,-0.3930,6.3135,-7.1682,-4.6017,0.3624,-0.2200,-0.3508
2.4038,-8.9064,-1.7430,-0.2388,-0.4482,-0.1102,5.4923,-7.1251,-3.8092,0.0452,-0.1636,-0.3427
2.5594,-8.2768,-1.1732,-0.1905,-0.5862,0.1199,4.9752,-6.9192,-2.5881,0.0224,-0.5261,-0.2028
2.5738,-7.7859,-0.9577,-0.0484,-0.8491,0.2559,4.8315,-6.6750,-2.0686,0.1692,-0.9026,-0.1230
2.8084,-7.6758,-1.0798,0.1151,-1.0459,0.3425,4.8483,-6.5481,-2.1763,0.3356,-1.0541,0.0048
2.6360,-8.1834,-1.5538,0.1719,-0.9665,0.5237,5.2337,-6.7995,-2.9018,0.2709,-1.1393,0.1628
3.0909,-9.1267,-1.8986,0.1384,-0.8839,0.7558,6.2010,-7.3574,-3.3878,0.0915,-1.2053,0.3737
3.6583,-10.2903,-1.8555,0.2029,-0.9542,0.9304,7.2329,-8.1666,-3.0526,0.1030,-1.4085,0.4465
4.5610,-12.6246,-2.9616,0.3726,-1.5772,1.1291,9.3781,-9.3015,-3.9121,0.2984,-2.2596,0.6893
5.6383,-12.3972,-4.2737,0.4259,-1.8059,0.9475,10.9918,-7.6734,-4.7716,0.5654,-2.2370,0.4105
4.9177,-9.8545,-3.8068,0.1960,-1.0969,0.4934,9.3757,-5.9209,-3.7972,0.1923,-0.8136,-0.2114
4.4365,-8.5401,-2.7366,-0.8458,-1.0288,0.2236,7.5417,-5.8442,-2.2434,-0.3279,-0.9783,-0.6627
4.0725,-8.4946,-0.8499,-1.1233,-0.7957,-0.1827,6.3853,-6.9647,-1.3862,-0.4434,-0.4774,-1.0385
3.1005,-8.4611,0.2011,-0.6225,-0.7032,-0.1496,4.2617,-8.4874,-0.7135,-0.0837,-0.1992,-0.8207
3.0478,-9.6654,-0.7207,0.1098,-0.9661,0.2288,4.7621,-9.2680,-1.7717,0.4616,-1.2040,0.0987
3.3471,-10.3693,-1.8747,0.8304,-0.4654,0.5259,6.5170,-8.5928,-3.7541,0.6074,-0.6892,0.7012
4.0294,-10.1394,-3.1675,0.8804,-0.2890,0.6698,7.8434,-7.1299,-4.1180,0.4550,-0.5141,0.8744
4.3263,-9.4786,-3.1603,0.2678,-0.4592,0.4660,8.7436,-5.8538,-3.7278,0.0626,-0.7460,0.4020
4.6783,-9.1075,-2.6695,-0.4073,-0.4351,0.1502,8.1858,-6.3375,-2.3750,-0.3289,-0.4138,-0.2112
4.6471,-9.2009,-0.8475,-0.3640,-0.0687,-0.2491,7.0964,-8.2815,0.8475,-0.0715,0.2092,-0.5981
3.9289,-9.0309,0.5387,0.3609,0.8104,-0.3629,4.6567,-8.4300,-1.4246,0.4711,1.5910,-0.2514
3.8044,-9.0285,-0.5100,0.4211,0.2042,-0.2823,5.7964,-7.8650,-1.7047,0.3083,0.1324,0.2112
4.5681,-9.8019,-0.9505,0.2862,-0.0480,-0.0667,6.8091,-8.1547,-1.3503,0.2172,-0.4041,0.5233
5.2385,-10.9271,-2.3104,0.4214,0.6002,-0.3928,9.0142,-8.1930,-2.3128,0.2442,0.6759,0.5256
5.0111,-11.5855,-2.4325,0.2486,1.0694,-0.6696,9.1626,-8.5449,-2.7078,0.1049,1.3089,0.2813
4.6687,-11.6310,-2.0949,0.2509,1.1996,-0.9511,8.5210,-8.7101,-2.8371,0.2078,1.6661,0.1462
3.7709,-10.5680,-1.5993,0.3950,1.1630,-1.1762,7.2496,-8.3606,-2.5881,0.4030,1.7355,-0.0216
3.0789,-9.6271,-1.4916,0.6143,1.0191,-1.1712,6.0501,-7.9128,-2.6719,0.6527,1.6563,0.0374
2.7509,-8.9064,-2.4014,0.8058,1.1407,-1.0499,5.9831,-6.9504,-3.6488,0.6518,1.5873,0.2590
2.7509,-8.5688,-3.1388,0.7337,1.4653,-0.8677,6.4715,-6.0645,-4.1276,0.4030,1.7949,0.3497
2.4541,-8.6670,-3.3375,0.4299,1.5941,-0.7962,6.7924,-5.7916,-4.8291,0.0951,1.8614,0.2001
2.1404,-8.4467,-3.7996,-0.0913,1.1630,-0.5489,6.5074,-5.4133,-5.7413,-0.3830,1.3159,0.0009
2.5259,-8.8729,-3.7254,-0.9783,1.1600,-0.3079,6.8857,-5.9424,-5.2816,-1.1780,0.9100,-0.1475
2.4948,-9.5529,-2.1644,-1.5804,1.6705,-0.2321,6.0789,-7.3670,-4.1779,-1.7749,1.5829,-0.3937
2.4588,-10.0987,-0.3280,-1.3796,1.2825,-0.0119,5.1667,-9.0573,-2.7294,-1.5933,0.9563,-0.2874
2.9664,-10.2328,-0.4884,-1.0111,1.2255,-0.0993,5.6503,-8.9950,-2.1979,-1.2097,0.8807,-0.0636
1.9130,-10.5010,0.4884,-0.6682,1.3015,-0.1719,4.6280,-9.8713,-2.3463,-0.8568,1.3881,-0.1548
2.0446,-10.8984,0.2801,0.1186,0.6602,-0.0815,4.6424,-9.9671,-2.6145,0.0218,0.9085,0.2373
0.6991,-9.3996,-0.8667,0.1807,-1.0730,0.1087,3.8068,-8.4420,-4.2545,0.5488,-0.8950,-0.1499
1.1516,-9.4260,-1.3072,0.3822,-1.1523,0.7175,4.5322,-8.0469,-4.6136,0.3687,-1.5254,0.3673
1.9249,-9.7133,-1.6568,0.3564,-1.3179,1.0042,5.7006,-7.8745,-4.1180,0.3000,-1.7040,0.4602
2.6528,-10.0509,-1.8172,0.3657,-1.6216,1.0765,6.5122,-7.7931,-3.7781,0.3786,-1.9244,0.4459
3.3758,-10.3621,-2.1332,0.3151,-1.8937,1.0108,7.4316,-7.7835,-3.4381,0.4719,-2.3465,0.3250
3.8188,-10.4651,-2.1141,0.2775,-1.9741,0.7918,7.7021,-7.8554,-2.8539,0.5857,-2.0106,0.1175
3.7182,-10.3908,-1.6568,0.3768,-1.8186,0.4675,7.2688,-8.1666,-2.3439,0.8375,-1.6823,-0.0991
3.1412,-10.0963,-1.6712,0.6500,-1.9193,0.3063,6.3997,-8.0589,-3.1005,1.1973,-1.6294,-0.0589
2.8563,-10.0006,-2.0830,0.7309,-2.0652,0.2550,6.6439,-7.5417,-3.6847,1.2969,-1.8550,-0.0843
2.8036,-9.4643,-1.8387,0.6723,-2.1105,0.2923,5.9352,-7.3478,-3.4405,1.2761,-1.7836,-0.1067
2.8084,-9.3637,-2.2673,0.7024,-2.2924,0.2968,6.3566,-7.0485,-3.5338,1.3618,-2.0937,-0.1275
2.7270,-9.0166,-2.4972,0.6880,-2.2673,0.2992,6.2656,-6.7086,-3.6799,1.3211,-1.9618,-0.1739
3.0406,-9.0214,-2.7294,0.5873,-2.2960,0.3700,6.6272,-6.6080,-3.6081,1.2300,-2.0991,-0.1651
3.3184,-9.4858,-2.9161,0.4254,-2.2672,0.4135,7.2544,-6.8498,-3.7421,1.0794,-2.1401,-0.2006
3.8188,-9.8330,-3.0885,0.3036,-2.2653,0.3484,7.7764,-6.7660,-3.5219,0.9979,-2.0542,-0.2922
3.4381,-9.3134,-2.7198,0.0854,-2.0452,0.2361,7.1611,-6.5841,-3.4716,0.8066,-1.7395,-0.5620
3.6129,-9.1123,-2.1715,-0.0612,-2.0897,0.1625,6.6487,-6.8881,-2.5809,0.7741,-1.8053,-0.5620
2.9305,-9.0333,-1.7142,0.0933,-2.0205,0.1813,5.8873,-7.4795,-2.7916,0.8941,-1.6874,-0.5991
3.3519,-9.6367,-2.4229,0.2069,-2.2623,0.3508,6.8187,-7.2185,-3.6224,1.0000,-2.1480,-0.3520
3.4716,-9.6750,-3.1220,0.1494,-2.3731,0.4151,7.7357,-6.6391,-4.1492,0.8828,-2.3153,-0.5208
3.7948,-9.6845,-3.4237,-0.1303,-2.4038,0.5061,7.9655,-6.7205,-4.0270,0.6416,-2.2178,-0.5660
4.0654,-9.8258,-3.4907,-0.4862,-2.2453,0.4914,8.4396,-6.6152,-3.9241,0.2904,-2.3618,-0.7169
4.2760,-9.8354,-2.9353,-0.7823,-1.9874,0.5637,7.8554,-7.1730,-3.1532,-0.0826,-1.8967,-0.7314
4.7525,-9.9934,-2.7198,-0.8023,-1.6595,0.5241,8.1594,-7.4915,-2.4876,-0.2397,-1.8052,-0.6347
5.0805,-9.9982,-1.9920,-0.7857,-1.2757,0.3984,8.0134,-7.7764,-1.8220,-0.2966,-1.3195,-0.5987
5.2529,-9.7420,-1.5227,-0.5285,-1.0519,0.2192,7.7069,-7.7548,-1.0343,-0.0882,-0.9253,-0.5323
5.2170,-9.4954,-1.3336,-0.2844,-1.0232,-0.0961,7.7261,-7.5106,-0.6800,0.2737,-0.8455,-0.5641
5.1260,-9.4260,-1.4317,-0.0049,-1.0549,-0.4132,7.5250,-7.5058,-0.8236,0.7016,-0.5654,-0.6086
4.5945,-9.4044,-1.7190,0.2034,-0.8563,-0.6566,7.1515,-7.4292,-1.8411,0.9022,-0.2855,-0.6022
4.1659,-9.4403,-2.1979,0.3337,-0.6269,-0.6821,6.9408,-7.5585,-2.2553,0.9102,-0.0727,-0.4241
4.2162,-9.8114,-2.6121,0.4151,-0.3651,-0.6595,7.5346,-7.5154,-2.9664,0.8552,0.0938,-0.2603
4.1707,-10.0916,-2.7031,0.3471,-0.1544,-0.7127,7.8314,-7.4148,-3.4740,0.7432,0.3661,-0.2657
3.8499,-10.2304,-2.4756,0.2529,-0.1067,-0.7091,7.3430,-7.8530,-3.3423,0.6146,0.3848,-0.2807
3.8571,-10.5872,-2.3679,0.2514,-0.0707,-0.6748,7.5609,-8.1594,-3.4477,0.5970,0.3467,-0.1852
3.8164,-10.4555,-2.0925,0.3996,0.0167,-0.6332,7.1682,-8.1331,-3.2274,0.6358,0.4854,-0.0890
3.8834,-10.0437,-1.7837,0.4706,-0.1087,-0.6494,7.1419,-7.7524,-2.5786,0.7461,0.3195,-0.0822
3.6583,-9.7444,-1.5730,0.5801,-0.2671,-0.7794,6.7469,-7.7333,-2.4708,0.9958,0.3407,-0.1717
3.3351,-9.4332,-1.8890,0.7629,-0.3667,-0.7917,6.3829,-7.5968,-2.9521,1.1470,0.2230,-0.1099
3.3184,-9.4906,-2.4708,0.8206,-0.2998,-0.6534,6.6343,-7.3574,-3.6105,1.0756,0.1623,0.0556
3.1891,-9.6438,-2.7773,0.7286,0.0218,-0.5223,6.8857,-7.1635,-4.1468,0.8446,0.4445,0.1110
3.0191,-9.5505,-2.6743,0.6021,0.0007,-0.3607,6.7780,-7.0749,-4.0845,0.6654,0.2615,0.1709
3.1580,-9.6271,-2.5402,0.4052,-0.2707,-0.2915,6.5841,-7.2281,-3.7517,0.5903,0.0064,0.1522
2.8323,-9.5146,-1.8364,0.3393,-0.4755,-0.2097,6.6535,-7.2209,-3.9049,0.6374,-0.1805,0.0963
2.8539,-9.5217,-2.2984,0.3369,-0.6576,-0.0918,6.0525,-7.5920,-3.6129,0.5906,-0.4994,0.0947
2.6576,-9.6582,-2.0087,0.2050,-0.6512,0.0641,5.9999,-7.6710,-3.8523,0.4182,-0.4767,0.1434
2.6600,-9.3637,-1.8699,0.2168,-0.5393,0.2133,5.8682,-7.4340,-3.7110,0.2586,-0.5425,0.0879
2.5762,-8.9591,-1.6712,0.1980,-0.7000,0.3623,5.6551,-7.2784,-3.4285,0.2354,-0.7797,0.0738
2.6169,-8.9807,-1.9776,0.2132,-1.0328,0.5473,5.7102,-7.1754,-3.4860,0.2826,-1.1960,0.1536
2.7150,-9.0022,-2.4612,0.1688,-1.0315,0.7103,6.2800,-6.9025,-4.1108,0.1372,-1.3110,0.1799
3.0382,-9.0525,-2.7892,-0.0260,-1.0096,0.9192,6.6176,-6.6702,-3.9121,-0.1110,-1.3767,0.2176
3.4453,-9.1889,-2.9928,-0.1688,-1.0660,1.0713,7.1204,-6.6607,-3.6919,-0.2715,-1.5541,0.2029
3.9193,-9.5505,-2.9377,-0.3039,-1.1852,1.1554,7.7548,-6.8450,-3.5937,-0.3636,-1.7094,0.1672
4.4891,-9.9000,-3.1268,-0.3966,-1.2449,1.1979,8.2744,-7.0150,-3.3351,-0.4265,-1.7792,0.1077
4.9847,-10.1299,-3.1939,-0.4888,-1.2835,1.1170,8.8801,-7.0725,-2.8850,-0.4402,-1.8113,0.0207
5.2912,-10.3789,-3.1220,-0.6026,-1.2195,0.9048,9.2105,-7.1730,-2.5738,-0.4365,-1.6026,-0.1661
5.2385,-10.1945,-2.8539,-0.7282,-1.0331,0.6181,8.7843,-7.2496,-2.5474,-0.4494,-1.1963,-0.3978
4.4939,-10.1059,-2.3631,-0.9084,-0.8115,0.4249,7.9080,-7.6950,-2.7366,-0.5733,-0.9394,-0.5581
4.3431,-10.1442,-1.8196,-1.0018,-0.6876,0.3961,7.2592,-8.1499,-2.3535,-0.7035,-0.8543,-0.4952
3.9816,-10.4028,-0.4549,-1.0745,-0.3930,0.1031,7.0557,-8.8298,-1.8507,-0.6306,-0.4014,-0.6791
3.7733,-10.3621,0.1245,-0.5744,-0.8439,0.2388,5.5234,-9.5457,-1.2139,-0.1396,-0.6546,-0.5441
3.7373,-10.2711,-1.2761,-0.2177,-1.1768,0.2844,6.6631,-8.6335,-2.4900,0.0975,-1.5711,-0.1708
4.3167,-9.9742,-2.0590,-0.2543,-0.5633,0.3938,6.6415,-8.3797,-2.5690,-0.2511,-0.5981,0.1504
4.6567,-9.8569,-1.9872,-0.2406,1.0068,0.3088,7.1419,-8.1499,-2.0231,-0.7817,0.6979,0.4795
4.5107,-9.9958,-1.1564,-0.1422,1.7612,0.1581,6.8761,-8.5617,-1.3551,-0.8775,1.4958,0.6308
4.5993,-10.1370,-0.5531,0.2156,1.6335,-0.0773,6.9647,-8.5497,-0.6345,-0.4030,1.4981,0.7549
4.6663,-10.2568,-0.7757,0.7382,1.2722,-0.2967,7.2880,-8.5593,-1.0415,0.2360,1.2007,0.7877
4.8842,-10.3190,-2.1021,1.1349,0.9959,-0.5462,8.0852,-7.9751,-1.9656,0.7237,1.2339,0.8312
4.8818,-10.0892,-3.2034,1.2902,1.2897,-0.8488,8.6910,-7.2425,-2.7461,0.8836,1.6181,0.7997
4.2306,-10.0006,-3.5841,1.0968,1.7805,-1.1137,8.6646,-6.9336,-3.6105,0.7068,2.3041,0.5910
3.9959,-9.9144,-3.5793,0.9370,2.0315,-1.2618,8.2025,-6.8570,-4.0534,0.5744,2.5578,0.5257
3.2322,-9.6367,-3.2513,0.7802,2.0828,-1.2959,7.5561,-6.7493,-4.3263,0.3946,2.5718,0.4006
3.4405,-9.6271,-3.1125,0.4422,1.9558,-1.2304,7.3454,-7.0485,-3.9672,0.1042,2.3353,0.4061
2.9664,-10.1155,-2.6169,0.2843,2.2404,-1.1197,6.9288,-7.7883,-4.2545,-0.1183,2.6171,0.3571
3.0981,-10.6063,-2.6073,0.3671,2.2171,-0.8597,7.1778,-8.1379,-4.1108,-0.1857,2.3968,0.5957
3.2298,-10.6063,-2.7461,0.3012,2.1543,-0.7943,7.5753,-7.8865,-4.1348,-0.2891,2.1718,0.5496
3.3136,-10.3693,-2.4445,0.1960,2.1733,-0.7782,7.0844,-7.8578,-3.5985,-0.3483,2.3842,0.5081
2.6312,-10.0221,-1.8100,0.1043,2.1939,-0.8803,6.4667,-7.9895,-3.8762,-0.3380,2.3751,0.3075
2.1620,-9.6965,-1.0702,0.2509,1.8874,-0.7356,5.4085,-7.9607,-3.6655,-0.1500,2.3182,0.3139
1.9537,-9.5170,-1.8052,0.3196,1.3355,-0.7268,5.8179,-7.4340,-4.0486,0.0794,1.2990,0.2050
1.3862,-9.0118,-1.2905,0.1139,0.7521,-0.5452,4.6950,-7.3406,-4.4412,0.0887,1.1487,-0.0324
1.5610,-8.7125,-1.7166,0.0891,0.2943,-0.3623,5.0494,-6.8019,-4.3383,0.1103,0.4740,-0.0710
1.3288,-8.1714,-2.2098,-0.1982,-0.0938,-0.1792,4.9464,-6.3207,-4.5083,-0.0705,-0.1843,-0.2682
1.4653,-8.1786,-2.4517,-0.5662,-0.1572,0.0196,4.9823,-6.1651,-4.6783,-0.3905,-0.0895,-0.3492
1.0942,-8.2600,-1.9058,-1.0509,0.0318,0.1713,4.6591,-6.5960,-4.7429,-0.8913,-0.1740,-0.5732
1.4198,-8.7556,-1.3815,-1.3355,-0.2637,0.4939,4.6519,-7.4508,-4.2545,-1.1273,-0.6090,-0.5115
2.0758,-9.5696,-1.4485,-1.4521,-0.4784,0.7322,5.6000,-8.0469,-3.9337,-1.2833,-1.1069,-0.4891
3.3639,-10.9295,-1.4916,-1.5192,-0.6101,0.8844,6.9001,-8.9759,-3.0813,-1.3600,-1.2175,-0.4319
3.2250,-11.1139,-0.8930,-1.5364,-0.5148,0.6877,6.8426,-9.2680,-3.0933,-1.3145,-0.9419,-0.6269
3.5841,-11.1378,-0.4693,-1.5034,-0.4355,0.5784,6.2872,-9.8809,-2.2913,-1.1967,-0.7838,-0.5949
2.8994,-11.3509,0.4334,-1.0023,-0.4434,0.3808,5.6862,-10.4387,-1.9824,-0.6556,-0.5421,-0.6246
2.8323,-11.0923,0.7015,-0.1268,-1.1479,0.3476,5.1571,-10.2256,-1.8124,0.3476,-1.0222,-0.3308
2.7797,-10.4890,-0.8380,0.3929,-2.2199,0.3868,6.2920,-8.5473,-2.9353,1.0387,-2.3884,-0.2886
3.2465,-9.7181,-2.2458,0.4847,-2.4730,0.3589,6.8139,-7.3167,-3.3447,1.2263,-2.2728,-0.3459
3.2226,-9.2392,-3.1029,0.3729,-2.2853,0.3349,7.1850,-6.5027,-3.8116,1.0243,-2.0548,-0.4426
3.4620,-9.3565,-3.7062,-0.1212,-2.0956,0.3856,7.6375,-6.4308,-4.4317,0.5693,-2.0952,-0.5169
3.7110,-9.6869,-3.7685,-0.5285,-1.6322,0.5470,7.6854,-6.6846,-4.4245,-0.0518,-1.6086,-0.4806
3.8068,-9.3565,-3.1651,-0.9940,-0.9367,0.4658,7.6327,-6.8761,-3.5123,-0.6600,-1.1540,-0.5798
3.6943,-9.7181,-1.5083,-1.1318,-0.5460,0.5729,6.3446,-8.1044,-2.4349,-0.8920,-0.6336,-0.4900
3.9696,-9.9910,-1.4150,-0.8583,-0.6189,0.5267,6.9695,-8.2791,-2.1021,-0.6753,-1.0328,-0.3277
4.4700,-9.9719,-1.1947,-0.8017,-0.6690,0.4174,7.0581,-8.3127,-1.7310,-0.5897,-0.7995,-0.3222
4.8794,-10.2280,-0.9673,-0.5261,-0.3954,0.1824,7.1874,-8.6191,-0.9529,-0.3488,-0.4554,-0.2413
5.1236,-10.4244,-1.1085,-0.2503,-0.1363,-0.2020,7.6710,-8.6766,-0.9026,0.0008,-0.0681,-0.2228
4.4532,-10.2663,-0.7015,0.1214,0.1463,-0.5658,6.7349,-8.8083,-1.1085,0.4060,0.6791,-0.2380
3.9504,-10.2089,-0.9792,0.5654,0.2341,-0.7693,6.5170,-8.6455,-1.8244,0.8092,0.6131,-0.0204
3.5506,-10.1347,-1.4988,0.9198,0.2228,-0.8087,6.6439,-8.2337,-2.6600,1.0966,0.7787,0.1230
3.3208,-9.7588,-2.2529,1.0689,0.2352,-0.8663,6.9360,-7.5322,-3.5291,1.2187,0.7741,0.1479
3.0813,-9.1961,-3.1220,0.9493,0.1720,-0.7358,6.7277,-6.6726,-4.5179,0.9739,0.6773,0.2065
4.2665,-9.1267,-3.1412,0.3427,0.2316,-0.5129,7.5513,-6.6559,-3.3734,0.2574,0.3685,0.3297
5.1763,-9.6774,-2.3990,0.1881,1.0043,-0.5738,8.1499,-7.4771,-1.8076,-0.0552,1.1930,0.3572
5.2553,-9.9647,-2.1189,0.4594,1.5788,-0.7055,8.1954,-7.7692,-1.4988,0.1070,1.8836,0.3948
5.3630,-10.0796,-1.9537,0.6246,1.3001,-0.8200,8.4635,-7.6854,-1.7334,0.3810,1.5440,0.4475
5.4731,-10.0030,-2.3200,0.7081,1.2015,-1.0142,8.7388,-7.2880,-1.8675,0.5728,1.6253,0.3219
5.1715,-9.8737,-2.8802,0.7003,1.3015,-1.2387,8.6239,-7.1132,-2.4038,0.6643,1.8850,0.1561
4.6400,-9.9647,-3.0813,0.5983,1.4072,-1.2959,8.3869,-7.2425,-3.2250,0.5800,1.9774,0.1073
4.4700,-10.2400,-3.2370,0.4606,1.5088,-1.2019,8.3079,-7.4867,-3.7158,0.3929,2.0043,0.1174
4.3048,-9.9000,-2.5738,0.1250,0.9587,-0.8895,7.8721,-7.1946,-3.4165,0.1463,1.2970,-0.0913
4.2042,-8.1499,-2.5738,-0.5255,0.6512,-0.7404,6.7660,-6.0525,-2.5402,-0.3399,0.9963,-0.4656
3.9169,-8.1786,-2.8252,-0.7737,1.2726,-0.6127,6.4141,-6.1723,-2.9712,-0.7962,1.3909,-0.3556
3.3279,-8.5808,-2.0806,-1.1507,1.8453,-0.6199,6.3063,-6.7780,-2.9544,-1.2481,1.8535,-0.3988
2.3511,-8.8681,-0.4310,-1.3320,1.9792,-0.4902,4.8387,-7.8243,-3.3710,-1.4301,2.1733,-0.5267
2.1691,-9.0429,0.1149,-1.1543,1.2079,-0.0325,4.0223,-8.6383,-2.9233,-1.3482,1.0666,-0.2899
2.7390,-9.8617,0.2801,-0.9366,0.5152,0.2970,5.4636,-9.2273,-1.4102,-1.1377,-0.2606,-0.0765
3.0670,-9.5912,1.4916,-0.4166,0.6242,0.3303,4.2473,-9.5289,-0.8499,-0.5008,0.7264,-0.0969
2.6432,-9.2225,1.6999,0.3954,-0.0238,0.4796,3.9672,-8.9304,-1.3575,0.2246,0.1613,0.2084
3.0287,-9.0621,0.0168,0.6221,-1.5745,0.6320,5.2888,-7.8865,-1.8004,0.8030,-2.2588,0.3677
3.2777,-9.0597,-0.7446,0.5111,-2.1806,0.6289,6.2417,-7.4077,-2.5714,0.9306,-2.3437,0.1508
3.1388,-9.8641,-1.4126,0.5008,-1.9204,0.7540,6.1363,-8.4084,-3.0526,0.8476,-1.8453,0.1515
3.2825,-11.1713,-2.5786,0.6895,-2.1088,1.1964,7.3406,-8.7221,-4.4293,0.8172,-2.5928,0.5773
3.7158,-10.0987,-2.9305,0.7240,-2.2748,1.4193,7.9200,-6.9719,-4.6711,0.6434,-2.6398,0.6848
4.0175,-9.1722,-2.8180,0.2333,-2.0619,1.4833,7.9128,-6.3159,-3.1053,0.1885,-2.5315,0.4628
4.6687,-9.3901,-2.4349,-0.0096,-2.1051,1.0973,8.4898,-6.6343,-1.8938,0.2679,-2.4345,0.1074
4.2689,-9.9072,-2.0542,0.0558,-2.1342,0.8692,7.4555,-7.5920,-2.0925,0.5329,-2.0989,-0.1664
3.5482,-10.2615,-1.5155,0.1772,-2.1372,0.6303,7.1467,-8.0876,-2.8539,0.7424,-2.1133,-0.1789
3.7661,-9.9335,-2.0470,0.5383,-2.3153,0.7113,6.5338,-7.8578,-2.6528,1.0155,-2.2953,0.0176
3.6009,-9.8138,-1.8124,0.5376,-2.3683,0.4533,7.5513,-7.1563,-2.7390,1.2113,-2.2499,-0.1892
3.4500,-9.4403,-1.6592,0.5728,-2.5393,0.3932,6.2417,-7.5202,-2.8970,1.3231,-2.1188,-0.2757
4.1037,-10.4483,-1.1109,0.5109,-2.9593,0.0739,7.8219,-7.7955,-2.1141,1.6026,-2.8031,-0.4968
3.2370,-10.1538,-1.3120,0.6807,-3.1692,-0.0811,6.1866,-8.3582,-2.4780,1.9099,-2.3100,-0.8063
2.7174,-9.7947,-2.1045,0.8621,-3.0603,-0.0454,6.1651,-7.8243,-3.6440,1.9558,-2.5568,-0.5357
2.6217,-9.2991,-2.3918,0.8564,-2.6717,0.2374,5.6599,-7.5729,-3.9528,1.6165,-2.2151,-0.2562
3.2944,-9.4116,-3.1484,0.7442,-2.1641,0.5097,6.9025,-6.9599,-4.1061,1.1584,-2.0827,0.1001
3.4764,-9.1459,-2.8635,0.3894,-1.5847,0.5874,6.8761,-6.6942,-3.7685,0.6404,-1.5847,0.0637
3.5650,-9.0333,-2.3367,0.2084,-1.3836,0.6099,6.7828,-6.8307,-2.8084,0.4378,-1.3788,0.0632
3.3399,-9.1602,-1.6999,0.1102,-1.4261,0.5279,6.4955,-7.1347,-2.8826,0.4303,-1.5011,-0.0887
3.4453,-9.3589,-1.8555,0.1514,-1.5671,0.5533,6.6032,-7.2544,-2.8850,0.5177,-1.5687,-0.0422
3.3351,-9.5600,-2.3607,0.0354,-1.5896,0.5200,6.8809,-7.1443,-3.4668,0.4026,-1.6044,-0.2014
3.3423,-9.6367,-2.2051,-0.0754,-1.4413,0.5462,6.7612,-7.4172,-3.2944,0.2832,-1.4144,-0.1805
3.5865,-9.5313,-2.1979,-0.2357,-1.4333,0.4806,6.9791,-7.2089,-3.0909,0.1749,-1.5463,-0.2947
3.4668,-9.3111,-1.6065,-0.3059,-1.2917,0.4021,6.4212,-7.3981,-2.4804,0.1147,-1.2013,-0.3532
3.4860,-9.5241,-1.4150,-0.3734,-1.2309,0.2531,6.4356,-7.6447,-2.4421,0.1172,-1.2489,-0.4305
3.2729,-10.1370,-1.1899,-0.2547,-0.9593,0.0406,6.3686,-8.4108,-2.7533,0.2077,-0.8772,-0.4218
3.1843,-9.9383,-0.7159,-0.1556,-0.9024,0.0080,5.8083,-8.4946,-2.4972,0.2958,-0.6379,-0.3753
2.9544,-9.7229,-0.7853,-0.0226,-0.9875,-0.1033,5.8419,-8.2241,-2.4421,0.4691,-0.8323,-0.3961
2.8252,-9.3781,-0.6033,0.0277,-1.0636,-0.2021,5.3319,-8.0325,-2.4110,0.5902,-0.6730,-0.4546
2.8898,-9.3805,-1.0104,0.0304,-1.0249,-0.3196,5.6479,-7.8841,-2.5522,0.6358,-0.6951,-0.4714
2.6767,-9.6917,-0.7063,0.0152,-0.8748,-0.3788,5.2936,-8.5976,-2.5618,0.5957,-0.4273,-0.4974
2.8299,-10.2927,-0.9553,0.2399,-0.7389,-0.3528,5.5785,-8.9423,-2.8156,0.6955,-0.4263,-0.2297
2.8611,-10.3238,-1.0678,0.4002,-0.5429,-0.3992,5.9544,-8.6694,-3.2106,0.7634,-0.1924,-0.1777
2.5474,-9.7085,-1.5419,0.4955,-0.5191,-0.3317,5.6695,-8.0613,-3.3686,0.8015,-0.1352,-0.0926
2.5474,-9.7061,-2.0423,0.3607,-0.5740,-0.2910,6.2321,-7.4795,-3.9911,0.6648,-0.3551,-0.1371
2.5546,-9.3877,-1.0654,-0.1364,-0.2725,-0.1533,5.2601,-8.0780,-2.8276,0.0915,-0.0714,-0.2169
3.0119,-9.8713,-1.6568,0.0592,-0.0967,-0.0642,6.5194,-7.8195,-3.2489,0.1407,0.0039,-0.0466
3.2777,-9.8186,-1.7597,-0.0168,-0.3509,-0.1260,6.6631,-7.6160,-3.1771,0.1827,-0.2499,-0.1463
3.4141,-9.8138,-1.9393,-0.0913,-0.3722,-0.1697,6.6702,-7.7333,-3.0239,0.1623,-0.2374,-0.2193
3.2657,-9.6127,-1.9992,-0.0854,-0.1021,-0.1795,6.4212,-7.5178,-3.3088,0.0633,0.0946,-0.1749
3.2202,-9.4691,-2.2865,-0.1737,0.1208,-0.1259,6.4620,-7.4077,-3.2705,-0.1286,0.1283,-0.0822
3.2896,-9.7588,-1.9106,-0.2702,0.3118,-0.1146,6.5793,-7.6926,-3.2394,-0.2591,0.3583,-0.0811
3.3662,-9.9144,-1.8890,-0.2539,0.3384,-0.1211,6.6343,-7.7883,-3.0335,-0.2662,0.3120,-0.0476
3.5434,-9.9862,-1.4293,-0.2693,0.3210,-0.1735,6.6846,-8.0661,-2.7366,-0.2292,0.3716,-0.0889
3.7589,-10.0676,-1.4150,-0.0453,0.2114,-0.1847,6.6918,-8.2480,-2.4995,-0.0175,0.2578,0.0185
3.9720,-9.9647,-1.8627,0.1194,0.1454,-0.3058,7.2472,-7.5848,-2.4565,0.1879,0.2293,-0.0035
3.3686,-9.3565,-0.9625,0.1311,0.2088,-0.5741,6.1292,-7.6112,-2.2936,0.4113,0.7218,-0.2731
3.0478,-8.8466,-1.1157,0.4966,-0.3246,-0.4429,5.2409,-7.4268,-2.3679,0.7811,0.1378,-0.0497
3.0957,-8.9878,-2.2146,0.4586,-0.7794,-0.4275,6.6679,-6.6511,-3.5267,0.8563,-0.7306,-0.1659
3.2370,-9.2033,-2.5235,0.2353,-0.5212,-0.3396,6.4500,-7.1898,-3.5745,0.5500,-0.0333,-0.1480
3.8906,-9.7851,-2.8635,0.2244,-0.1851,-0.1871,7.1946,-7.4867,-3.4620,0.3215,-0.1025,0.0565
4.1635,-9.8521,-2.8323,0.1845,0.1394,-0.1372,7.7452,-7.3981,-3.1843,0.1368,0.1904,0.1653
4.1946,-9.9096,-2.6240,0.1399,0.3669,-0.1676,7.6303,-7.3047,-3.0813,0.0568,0.4954,0.1470
4.0366,-9.8665,-2.1380,0.0847,0.3612,-0.3239,7.6519,-7.3598,-2.7869,0.1244,0.4918,-0.0045
3.6799,-9.5600,-1.7095,0.2209,0.0096,-0.3593,6.5745,-7.5441,-2.6671,0.4009,0.3632,-0.0572
3.3878,-9.4858,-2.1428,0.3728,-0.3564,-0.3696,6.8115,-7.0916,-3.3040,0.6242,-0.1692,-0.0791
3.1173,-9.1315,-2.7174,0.3744,-0.3232,-0.2964,6.6272,-6.7373,-3.8331,0.5845,0.0124,-0.0765
3.1580,-9.0812,-3.0789,0.2689,-0.2888,-0.1588,6.6798,-6.5697,-4.0677,0.4271,-0.1518,-0.0336
3.0023,-9.2847,-3.0622,0.0193,-0.2770,-0.0372,6.8905,-6.6463,-4.4772,0.1561,-0.1504,-0.1002
3.1675,-9.4930,-3.0167,-0.2266,-0.4594,0.1633,6.9288,-6.8187,-4.3838,-0.0753,-0.5215,-0.1162
4.2186,-9.7205,-2.7509,-0.6314,-0.6988,0.2773,7.6375,-7.0054,-3.5889,-0.4647,-0.8442,-0.1832
4.6017,-9.9144,-1.2330,-0.8965,-0.4983,0.1865,7.4915,-8.0469,-1.5323,-0.6996,-0.5593,-0.3074
4.7309,-9.8833,-0.5052,-0.4820,-0.0306,0.0177,6.6295,-8.7053,-0.6321,-0.3206,0.0220,-0.3239
3.5338,-9.2847,-0.3112,-0.0644,-0.1611,0.0533,5.3534,-8.3917,-1.8938,0.1128,-0.0390,-0.1400
3.3160,-8.8801,-1.0822,0.1600,-0.5890,0.2955,5.7293,-7.5944,-2.6576,0.2265,-0.7604,0.1367
3.7373,-8.9878,-1.9800,0.1037,-0.6053,0.4529,6.7947,-6.9671,-2.8946,0.0790,-0.8608,0.1613
3.9337,-9.1171,-2.1452,-0.0707,-0.4876,0.4437,7.0581,-6.8666,-2.9784,-0.0887,-0.5709,0.0778
4.0223,-9.3254,-2.1787,-0.2758,-0.4882,0.5175,7.0461,-7.1371,-2.9066,-0.2737,-0.7890,0.0324
3.8786,-9.5193,-1.6137,-0.4030,-0.3473,0.4879,6.7397,-7.6447,-2.5929,-0.3972,-0.6074,0.0039
4.4269,-9.8713,-1.4317,-0.1200,-0.4470,0.3252,7.3071,-7.8003,-1.9201,-0.0482,-0.5862,0.0417
4.2832,-9.9790,-1.7166,0.0258,-0.4896,0.1406,7.3454,-7.7644,-2.2984,0.1697,-0.4682,-0.0322
3.9959,-10.0892,-1.9417,0.1143,-0.4844,0.0791,7.0509,-8.0685,-2.6959,0.2585,-0.4146,0.0124
3.9289,-10.1682,-2.0351,0.2164,-0.3946,0.0248,7.2856,-7.8458,-2.9161,0.3244,-0.3132,0.0532
3.9648,-9.8043,-2.2338,0.2254,-0.3882,-0.0648,7.3095,-7.4579,-2.9497,0.3702,-0.2406,0.0043
3.5841,-9.4858,-1.9920,0.1478,-0.3665,-0.1611,6.6942,-7.2592,-2.9233,0.3516,-0.1508,-0.1058
3.1963,-9.2344,-1.6855,0.1130,-0.2635,-0.2018,6.0597,-7.5298,-2.8850,0.3272,-0.0368,-0.0885
2.7198,-9.1506,-1.2857,0.1856,-0.2253,-0.1375,5.4971,-7.7141,-3.1029,0.3513,0.0009,-0.0516
2.9760,-9.4786,-1.6233,0.2605,-0.4971,0.0377,6.0693,-7.7620,-3.0861,0.3648,-0.5137,0.1286
3.6009,-9.8761,-2.0997,0.2587,-0.4262,0.0646,7.0174,-7.7572,-2.9592,0.3042,-0.4462,0.1612
3.7996,-10.0509,-2.3248,0.2569,-0.0525,-0.0218,7.2353,-7.6447,-3.2465,0.2317,0.0847,0.1520
3.6344,-9.7205,-2.4253,0.1611,0.0714,-0.0628,7.0246,-7.2880,-3.3854,0.1030,0.1047,0.1375
3.4189,-9.5888,-2.1332,-0.0005,0.2177,-0.1411,6.7373,-7.4029,-3.1580,-0.0207,0.3393,0.0544
3.0358,-9.5026,-1.5610,0.0081,0.3909,-0.1941,5.9735,-7.7548,-2.8754,-0.0314,0.5124,0.0733
2.9473,-9.5672,-1.3408,0.0823,0.3096,-0.1888,5.9017,-7.9057,-2.8994,0.0410,0.3603,0.1232
2.8204,-9.7037,-1.2306,0.2233,0.2697,-0.1835,5.8275,-8.0732,-3.0430,0.1715,0.3894,0.1796
2.7653,-9.7276,-1.5227,0.3167,0.2125,-0.1889,6.0382,-7.8003,-3.4022,0.2731,0.2962,0.1925
2.5833,-9.5984,-1.5874,0.2912,0.0642,-0.1711,5.8538,-7.7428,-3.5027,0.2794,0.2194,0.1378
2.6504,-9.1722,-1.9800,0.1244,0.1851,-0.1418,5.7916,-7.1874,-3.6655,0.0911,0.2948,0.0858
2.4541,-9.2608,-1.4437,-0.0714,0.2109,-0.0922,5.4612,-7.5417,-3.2681,-0.0939,0.2952,0.0132
2.4660,-9.5960,-1.4198,-0.0445,0.1049,-0.0605,5.5833,-7.7835,-3.2992,-0.0294,0.0803,0.0536
2.3750,-9.6606,-1.6807,-0.0199,0.0536,-0.0171,5.7174,-7.8554,-3.7445,-0.0442,0.0662,0.0486
2.4229,-9.8809,-1.3695,-0.1344,0.1486,0.0087,5.7557,-8.0110,-3.6248,-0.1533,0.1392,0.0394
2.7701,-10.1011,-1.5730,-0.1703,0.0741,0.0509,6.0262,-8.1882,-3.4237,-0.1596,-0.0224,0.0460
2.7174,-10.0341,-1.5945,-0.1475,0.0883,0.0136,6.1172,-8.1642,-3.5147,-0.1284,0.1087,-0.0200
2.3607,-9.8330,-1.8172,-0.1892,0.1017,-0.0690,6.1579,-7.8123,-3.9049,-0.1652,0.1038,-0.1251
2.2529,-9.6917,-1.4317,-0.3472,0.0951,-0.0938,5.5857,-7.9392,-3.4692,-0.2721,0.1749,-0.1837
2.0686,-9.5600,-0.9409,-0.4425,0.2181,-0.0606,5.0087,-8.2432,-3.5243,-0.3757,0.2116,-0.1767
2.0614,-9.5984,-0.5938,-0.4707,0.1781,0.0894,4.8243,-8.4132,-3.2322,-0.4269,0.0767,-0.0947
2.6743,-9.2033,-1.4653,-0.2305,0.0981,0.1769,5.8802,-7.3454,-3.2561,-0.3395,-0.0677,0.0458
2.6576,-8.8226,-2.0782,-0.6142,0.4732,0.2066,5.8682,-6.9025,-3.5434,-0.7913,0.1951,-0.0434
2.3631,-9.5577,-0.7446,-0.8637,0.6587,0.2392,5.0494,-8.2049,-3.0646,-1.0095,0.4294,-0.1408
3.7709,-10.1538,-1.8962,-0.6983,0.6506,0.3461,6.9743,-8.0924,-2.9281,-1.0067,0.2939,0.1006
3.8666,-10.5010,-1.4916,-0.4365,1.4743,-0.0842,6.6750,-8.6526,-2.2673,-0.8784,1.3041,0.2597
3.4524,-9.6462,-1.5706,-0.1336,1.6489,-0.1303,6.2991,-7.8482,-2.6384,-0.7088,1.4889,0.4185
3.4596,-9.4116,-2.0614,-0.0059,1.5428,-0.1315,6.7062,-7.3502,-2.8778,-0.5517,1.3412,0.4955
3.2944,-9.5050,-2.5953,0.0629,1.4717,-0.1752,7.0988,-6.9408,-3.5698,-0.4517,1.3338,0.4139
3.2705,-9.5792,-2.7964,-0.0540,1.2052,-0.1075,7.2736,-6.7756,-4.1563,-0.4772,1.0583,0.3022
3.5913,-9.8402,-3.4141,-0.3098,0.9125,-0.0278,7.6830,-6.7876,-4.3048,-0.6419,0.6789,0.2089
3.5769,-9.8809,-3.3136,-0.6166,1.0008,0.0203,7.6926,-6.9073,-4.1276,-0.9634,0.8176,0.0655
3.6895,-9.5792,-2.4995,-0.8127,1.2381,0.0528,6.9599,-7.2042,-3.3232,-1.2113,0.9882,0.0731
3.9720,-10.1538,-1.4820,-0.5101,1.3611,-0.0422,7.1347,-8.2648,-2.2577,-0.8871,1.1479,0.2104
4.0366,-10.8601,-1.5251,-0.3052,1.1796,-0.1652,7.0342,-8.8178,-2.6719,-0.5897,1.0721,0.2765
3.6919,-10.7476,-1.0726,-0.1108,0.9264,-0.2754,7.1084,-8.6239,-2.5762,-0.3107,0.9102,0.2274
3.6488,-10.1538,-1.2833,0.1358,0.7819,-0.4350,6.6655,-8.2744,-2.2960,0.0338,0.9258,0.1292
2.9018,-9.7205,-1.5060,0.3103,0.7887,-0.4834,5.9664,-8.0828,-3.0143,0.1627,1.0405,0.1541
2.9137,-9.7875,-1.8627,0.3605,0.8537,-0.4590,6.1004,-7.8314,-3.4596,0.1800,0.9637,0.3146
2.4349,-9.5313,-1.6089,0.3142,0.9354,-0.4163,5.6048,-7.9104,-3.7421,0.0288,1.1459,0.3008
2.9209,-9.7659,-1.4868,0.3916,0.7851,-0.2442,5.8251,-8.3606,-2.8012,0.0354,0.7645,0.6017
3.2178,-9.7636,-1.9489,0.7725,1.1566,-0.2385,6.6607,-7.8027,-2.9568,0.2156,1.1125,0.7818
3.0694,-9.4786,-2.5642,0.8112,1.2958,-0.2186,6.8953,-6.8666,-4.0007,0.2238,1.3740,0.7405
3.0382,-9.1650,-2.6169,0.5201,0.9297,-0.2465,6.9863,-6.3686,-4.0845,0.1565,0.8930,0.5189
2.5546,-8.4874,-2.2482,0.2563,0.4255,-0.1982,6.2273,-6.2513,-4.2425,0.0734,0.5812,0.1155
3.1891,-8.2863,-1.9920,-0.0874,-0.1907,-0.3344,5.7581,-6.0573,-3.3208,0.0169,-0.1065,-0.0726
1.6688,-7.8123,-1.4796,-0.3832,-0.0889,-0.2214,5.1332,-6.3925,-3.4979,-0.2138,-0.0302,-0.3656
1.9824,-8.3606,-1.1109,-0.5765,-0.3360,0.3024,4.1300,-7.6686,-3.6559,-0.5260,-0.3920,-0.1683
2.8204,-9.3039,-1.4341,-0.4787,-0.2639,0.8491,5.5689,-7.9511,-3.3088,-0.7087,-0.9634,0.2606
3.5314,-10.0892,-1.5897,-0.5011,-0.1391,0.9751,6.8738,-8.1020,-3.0694,-0.7991,-0.6383,0.2979
4.1922,-10.4124,-1.7765,-0.4615,-0.2461,0.9018,7.4651,-8.1427,-2.6528,-0.6937,-0.7417,0.2166
4.2569,-10.4627,-1.8387,-0.4731,-0.3817,0.6571,7.8697,-7.9176,-2.5594,-0.5288,-0.7853,0.0116
4.1228,-10.2496,-1.8244,-0.5187,-0.4231,0.4060,7.3382,-7.9128,-2.5833,-0.4092,-0.5020,-0.1849
3.6081,-9.9407,-1.6328,-0.4774,-0.2735,0.2641,6.6295,-7.9823,-2.6600,-0.3710,-0.3869,-0.2148
3.3184,-9.6798,-1.0798,-0.4235,-0.2409,0.1837,6.0980,-8.0852,-2.5043,-0.2794,-0.2806,-0.1868
3.1603,-9.5481,-0.9553,-0.1743,-0.3160,0.1816,5.6383,-8.2241,-2.3774,-0.0654,-0.3180,-0.0862
3.1388,-9.5577,-1.1660,-0.0091,-0.4497,0.1751,6.0789,-7.8458,-2.5833,0.1045,-0.5235,0.0068
3.1723,-9.5840,-1.3982,0.0346,-0.4501,0.0742,6.3039,-7.7381,-2.9377,0.1978,-0.3688,-0.0774
3.2992,-9.8282,-1.8435,0.0649,-0.5508,0.0418,6.4500,-7.7740,-2.8778,0.2565,-0.5287,-0.0310
2.7773,-9.8306,-2.3559,-0.0057,-0.2944,0.0169,6.4332,-7.5729,-3.9887,0.0636,-0.1703,-0.1074
3.3255,-10.4603,-3.1316,-0.4648,0.2322,-0.0262,7.4101,-7.8650,-4.4963,-0.4323,0.0725,-0.0709
1.9585,-9.6391,0.0694,-0.1673,-0.1581,-0.0489,4.7070,-8.7293,-2.5091,-0.0155,-0.2819,-0.1074
1.8555,-9.6654,-0.1652,0.1843,-0.4149,-0.0173,4.5490,-8.6167,-3.0622,0.3605,-0.2116,-0.0333
2.0949,-9.4906,-1.4174,0.2438,-0.6728,0.1046,5.3319,-7.9272,-3.8092,0.3981,-0.7809,0.0690
2.4972,-9.7516,-1.4174,0.1061,-0.6808,0.1400,5.8419,-7.9176,-3.4069,0.2571,-0.6133,0.0080
2.9018,-9.8569,-1.3695,0.0983,-0.5197,0.0532,6.0478,-8.0182,-3.0047,0.2737,-0.4353,-0.0476
2.8706,-9.8737,-1.4389,0.0915,-0.4984,0.0107,6.0023,-8.0948,-3.2274,0.2766,-0.4052,-0.0489
2.9305,-9.9120,-1.5179,0.0839,-0.3476,-0.0730,6.1579,-8.0469,-3.1963,0.2433,-0.2313,-0.0502
2.5714,-9.7372,-1.1827,0.0921,-0.2262,-0.0826,5.5881,-8.2025,-3.1101,0.2196,-0.0609,-0.0437
2.6959,-9.7636,-1.1875,0.1263,-0.2822,-0.0727,5.8466,-8.0996,-3.1675,0.2517,-0.2129,0.0119
2.4995,-9.7276,-1.2546,0.1531,-0.2174,-0.1087,5.7078,-8.0756,-3.3064,0.2856,-0.0440,-0.0193
2.4804,-9.7229,-1.4581,0.2230,-0.3239,-0.0374,5.7054,-8.0302,-3.4644,0.3308,-0.2566,0.0517
2.8563,-9.6869,-1.7047,0.1880,-0.4004,-0.0585,6.3087,-7.7093,-3.3926,0.3293,-0.3115,-0.0007
2.6528,-9.5505,-1.8387,0.1549,-0.3533,-0.0777,5.9735,-7.6255,-3.4333,0.2983,-0.1573,-0.0489
2.7031,-9.6678,-1.9489,0.0336,-0.3333,-0.1120,6.2106,-7.5657,-3.7326,0.2130,-0.2553,-0.0922
2.4110,-9.6175,-1.6305,-0.0827,-0.1895,-0.1142,5.6671,-7.8051,-3.5745,0.0798,0.0188,-0.1635
2.3511,-9.6893,-1.4269,-0.1079,-0.1583,-0.0746,5.7245,-8.0014,-3.3854,0.0405,-0.1462,-0.0885
2.3032,-9.7372,-1.1612,-0.0405,-0.2766,-0.0151,5.4947,-8.1020,-3.2872,0.0986,-0.2530,-0.0516
2.3535,-9.7995,-1.1971,0.0386,-0.2687,-0.0093,5.4660,-8.1714,-3.4381,0.1533,-0.1805,-0.0132
2.3559,-9.8641,-1.2929,-0.0115,-0.2256,-0.0097,5.7365,-8.1020,-3.4812,0.0897,-0.2160,-0.0392
2.4397,-10.0054,-1.1588,0.0237,-0.2663,0.0117,5.5498,-8.4851,-3.1580,0.1470,-0.1599,-0.0109
2.3320,-9.7276,-1.4317,0.0533,-0.2907,0.0233,5.5905,-8.0038,-3.6440,0.1416,-0.1515,-0.0040
2.3727,-9.5984,-1.4269,-0.0480,-0.1990,0.1045,5.6838,-7.8243,-3.4381,-0.0064,-0.1865,0.0111
2.4373,-9.6271,-1.3647,-0.0782,-0.2447,0.1112,5.6838,-7.9009,-3.3686,-0.0111,-0.2912,-0.0233
2.5450,-9.5696,-1.5131,-0.0986,-0.2757,0.1410,5.7628,-7.8147,-3.3016,-0.0456,-0.3087,-0.0103
2.7509,-9.5768,-1.4820,-0.1612,-0.2302,0.1304,5.9759,-7.8123,-3.1651,-0.0929,-0.2726,-0.0413
2.7054,-9.6271,-1.3671,-0.1512,-0.1576,0.1158,5.7676,-7.9057,-3.1340,-0.1035,-0.1579,-0.0520
2.9113,-9.7755,-1.3934,-0.1625,-0.2129,0.0945,6.1076,-8.0493,-3.0526,-0.0771,-0.2874,-0.0345
2.8323,-9.7659,-1.1732,-0.1351,-0.1462,0.0482,5.7988,-8.0900,-3.1651,-0.0641,-0.0893,-0.0729
2.9018,-9.8569,-1.2641,-0.1276,-0.1379,0.0442,6.0286,-8.1642,-3.0742,-0.0596,-0.1813,-0.0205
2.7725,-9.8450,-1.1085,-0.1019,-0.0637,-0.0191,5.8586,-8.1882,-2.9951,-0.0264,0.0213,-0.0729
2.7677,-9.7899,-1.1636,-0.0602,-0.1300,-0.0464,5.7700,-8.1930,-2.9401,0.0370,-0.0943,-0.0389
2.6983,-9.7755,-1.1779,-0.0401,-0.0662,-0.0845,5.7700,-8.1714,-3.1819,0.0485,0.0055,-0.0468
2.5594,-9.7971,-1.2043,0.0201,-0.0179,-0.0691,5.6360,-8.0565,-3.1675,0.0630,0.0691,0.0121
2.7438,-9.8258,-1.3934,-0.0044,-0.0249,-0.0859,5.9161,-8.0278,-3.2896,0.0566,-0.0081,-0.0003
2.5618,-9.8067,-1.3455,0.0079,0.0139,-0.1162,5.7652,-8.0685,-3.2154,0.0742,0.1596,-0.0266
2.5833,-9.8019,-1.4629,0.0024,-0.0039,-0.1018,5.8730,-8.0134,-3.4668,0.0524,0.0015,0.0128
2.4493,-9.7659,-1.3599,-0.0282,0.0637,-0.1022,5.6958,-8.0445,-3.4333,0.0148,0.1976,-0.0211
2.4972,-9.8689,-1.4724,-0.0140,0.0177,-0.0833,5.7221,-8.0349,-3.3615,0.0229,0.0238,0.0137
2.4181,-9.7564,-1.3264,-0.0234,0.0402,-0.0834,5.5905,-8.0876,-3.4309,0.0097,0.1411,-0.0027
2.5714,-9.7492,-1.4533,-0.0879,0.0286,-0.0344,5.8419,-7.8889,-3.4405,-0.0601,0.0489,-0.0080
2.3535,-9.6702,-1.3024,-0.1062,0.0436,0.0125,5.4085,-8.1116,-3.4548,-0.1077,0.0143,0.0264
2.4565,-9.8043,-1.1899,-0.0793,0.0445,0.0322,5.5905,-8.1977,-3.2609,-0.0831,0.0253,0.0329
2.5857,-9.7755,-1.3575,-0.0125,-0.0771,0.0458,5.7916,-8.0302,-3.3136,0.0009,-0.1055,0.0476
2.6887,-9.7588,-1.6472,-0.0637,-0.1030,0.0237,6.1914,-7.7548,-3.5171,-0.0269,-0.1262,-0.0071
2.8299,-9.7588,-1.4868,-0.1286,0.0103,-0.0128,6.0382,-7.9511,-3.1819,-0.0817,-0.0454,-0.0163
2.5881,-9.6726,-1.2067,-0.0943,-0.0317,-0.0341,5.6048,-8.0876,-3.1484,-0.0302,0.0801,-0.0614
2.6839,-9.6534,-1.4748,-0.0557,-0.1234,-0.0085,5.8083,-7.8602,-3.3806,0.0061,-0.1657,-0.0123
2.6743,-9.6822,-1.5730,-0.1069,-0.0176,-0.0172,6.0286,-7.8697,-3.3710,-0.0663,0.0386,-0.0380
2.7605,-9.8138,-1.4629,-0.1486,0.0345,-0.0177,5.9304,-7.9775,-3.2896,-0.1098,0.0304,-0.0372
2.6145,-9.7851,-1.1827,-0.1480,0.0021,-0.0304,5.8921,-8.0517,-3.1508,-0.0918,0.0364,-0.0597
2.6193,-9.8043,-1.3575,-0.1070,-0.0401,-0.0306,5.7581,-8.0780,-3.1771,-0.0530,-0.0238,-0.0362
2.5259,-9.6750,-1.2474,-0.0938,0.0051,-0.0544,5.5138,-8.1379,-3.1723,-0.0385,0.0786,-0.0434
2.6240,-9.7372,-1.3695,-0.0196,-0.0187,-0.0296,5.8490,-7.9871,-3.3591,0.0105,0.0171,0.0155
2.6959,-9.7875,-1.5514,-0.0494,-0.0460,-0.0254,6.0071,-7.9607,-3.3567,-0.0028,-0.0356,-0.0029
2.5762,-9.7205,-1.4557,-0.0561,-0.0176,-0.0313,5.7628,-7.9631,-3.3878,-0.0136,0.0489,-0.0197
2.6767,-9.7205,-1.5634,-0.0706,-0.0530,0.0001,5.9687,-7.8123,-3.4309,-0.0376,-0.0893,0.0072
2.7725,-9.7516,-1.5634,-0.0815,-0.0749,-0.0053,6.0454,-7.9320,-3.1675,-0.0301,-0.0743,-0.0120
2.7414,-9.7348,-1.4868,-0.1005,-0.0148,-0.0436,5.8466,-7.9679,-3.3184,-0.0465,0.0542,-0.0569
2.4995,-9.6702,-1.3120,-0.0939,0.0009,-0.0133,5.6192,-8.0589,-3.3543,-0.0562,0.0116,-0.0064
2.6456,-9.7348,-1.4772,-0.0826,-0.0017,0.0155,5.8730,-7.9655,-3.4740,-0.0662,-0.0132,0.0167
2.7246,-9.7612,-1.4676,-0.1001,-0.0095,0.0149,5.9592,-7.9344,-3.2729,-0.0718,-0.0121,-0.0025
2.7581,-9.8306,-1.4557,-0.0970,-0.0552,0.0031,6.0430,-8.0014,-3.3327,-0.0501,-0.0609,-0.0196
2.7270,-9.8474,-1.4078,-0.1210,-0.0434,-0.0035,5.9280,-8.0134,-3.3423,-0.0866,-0.0113,-0.0372
2.7581,-9.7755,-1.2881,-0.1132,0.0035,0.0037,5.8371,-8.0134,-3.0478,-0.0759,0.0108,-0.0032
2.6719,-9.7372,-1.2402,-0.0821,0.0177,-0.0281,5.8610,-8.0325,-3.0909,-0.0433,0.0392,-0.0191
2.5929,-9.7229,-1.1085,-0.0504,-0.0282,-0.0292,5.5665,-8.0493,-3.1627,-0.0047,0.0059,0.0008
2.6049,-9.7109,-1.4653,-0.0177,-0.0191,0.0044,5.8203,-7.9296,-3.3639,-0.0085,-0.0346,0.0417
2.7126,-9.6702,-1.4365,-0.0570,-0.0048,0.0051,5.9161,-7.8913,-3.4141,-0.0441,0.0237,0.0179
2.8299,-9.7923,-1.5395,-0.0642,-0.0240,-0.0101,6.0334,-7.9248,-3.1556,-0.0320,-0.0317,0.0069
2.7198,-9.6893,-1.4365,-0.0649,0.0000,-0.0264,5.8945,-7.8937,-3.2633,-0.0428,0.0460,-0.0071
2.7126,-9.7181,-1.5107,-0.0633,0.0165,-0.0053,5.8562,-7.8913,-3.2944,-0.0472,0.0156,0.0250
2.7892,-9.7995,-1.3982,-0.0782,0.0569,-0.0249,5.9376,-7.9296,-3.2346,-0.0649,0.0735,0.0015
2.7366,-9.7133,-1.4126,-0.0629,0.0096,-0.0409,5.9400,-7.9416,-3.1867,-0.0191,0.0306,-0.0009
2.8180,-9.7971,-1.4485,-0.0508,0.0064,-0.0513,5.9352,-7.9966,-3.2585,-0.0080,0.0324,-0.0068
2.6935,-9.9623,-1.5155,-0.0545,0.0075,-0.0370,6.0525,-8.0613,-3.4620,-0.0187,0.0490,0.0035
2.7749,-9.9431,-1.4341,-0.0850,0.0273,-0.0598,6.0358,-8.0421,-3.3184,-0.0460,0.0641,-0.0286
2.6504,-9.8569,-1.2570,-0.0707,0.0293,-0.0914,5.7844,-8.1594,-3.2513,0.0068,0.1172,-0.0358
2.3032,-9.8090,-1.0750,-0.0181,-0.0016,-0.0849,5.3630,-8.2361,-3.4141,0.0320,0.0701,-0.0104
2.3032,-9.8833,-1.2115,0.0653,0.0285,0.0215,5.5354,-8.2001,-3.6631,0.0269,0.0340,0.1073
2.4157,-9.9958,-1.4174,0.0778,-0.0617,0.0585,5.8155,-8.1834,-3.5937,0.0576,-0.0954,0.1324
2.4636,-10.0341,-1.3647,0.0810,-0.0778,0.0719,5.8419,-8.2480,-3.6009,0.0481,-0.0730,0.1291
2.5498,-9.9503,-1.4653,0.1254,-0.0757,0.0907,5.9256,-8.0421,-3.5745,0.0758,-0.1077,0.1537
2.6288,-9.7947,-1.8411,0.1166,-0.1112,0.0870,6.0837,-7.8458,-3.6081,0.0718,-0.1274,0.1595
2.4708,-9.7396,-1.8794,0.0320,-0.0262,0.0727,6.0190,-7.7045,-3.8211,-0.0075,-0.0201,0.1045
2.1907,-9.6031,-1.5945,-0.0325,0.0105,0.1124,5.5043,-7.8961,-3.9073,-0.0755,-0.0083,0.1009
2.2482,-9.6893,-1.5706,-0.0216,-0.1172,0.1994,5.7221,-7.8602,-3.6344,-0.0779,-0.2522,0.1304
2.4157,-9.7037,-1.7310,-0.0675,-0.1821,0.2345,5.8586,-7.7405,-3.7637,-0.1102,-0.2679,0.0994
2.5522,-9.9024,-1.7310,-0.1350,-0.1283,0.2205,6.0358,-7.8003,-3.6392,-0.1599,-0.2546,0.0667
2.5355,-10.1706,-1.1899,-0.1897,-0.2112,0.2128,5.8347,-8.4491,-3.5386,-0.1522,-0.2597,0.0073
2.2649,-9.7157,-1.4437,0.0007,-0.3427,0.1235,5.4612,-8.0900,-3.5195,0.0721,-0.3087,0.0001
2.1332,-9.7947,-1.4030,-0.0590,-0.2506,0.1831,5.4468,-8.0206,-3.8235,-0.0360,-0.3107,0.0494
2.1859,-9.6774,-1.4006,-0.0943,-0.1973,0.1848,5.5929,-7.9320,-3.5626,-0.0853,-0.2645,0.0288
2.4086,-9.8114,-1.3048,-0.1514,-0.2593,0.1879,5.6024,-8.1858,-3.4500,-0.1041,-0.3595,0.0200
2.3439,-9.7779,-0.9433,-0.1094,-0.2125,0.1312,5.3175,-8.3151,-3.2346,-0.0540,-0.1756,-0.0333
2.2410,-9.8378,-1.0487,-0.0588,-0.3202,0.1390,5.3941,-8.3294,-3.3088,0.0242,-0.3656,0.0044
2.1739,-9.8186,-1.0247,-0.0494,-0.3234,0.1123,5.2792,-8.2624,-3.3519,0.0417,-0.3063,-0.0212
2.0662,-9.6702,-1.2977,-0.0055,-0.2786,0.1604,5.2433,-8.0828,-3.5530,0.0187,-0.3062,0.0474
2.2170,-9.5289,-1.4988,-0.1563,-0.1512,0.1338,5.5330,-7.7069,-3.6607,-0.1359,-0.2318,-0.0188
1.9632,-9.3972,-1.2067,-0.2666,-0.0152,0.1685,5.0422,-7.9703,-3.4979,-0.2797,-0.0412,-0.0191
2.1308,-9.6223,-1.0487,-0.3695,0.0460,0.1444,5.3510,-8.1331,-3.3830,-0.3665,-0.1536,-0.0509
1.8555,-9.7276,-0.6393,-0.3740,0.1139,0.1392,4.7118,-8.6191,-3.2705,-0.3918,0.1158,-0.0618
1.9178,-9.9192,-0.5555,-0.2860,0.0558,0.1720,4.8842,-8.6886,-3.1101,-0.3307,-0.1492,0.0310
2.1045,-9.8497,-0.4980,-0.1632,0.0682,0.1537,5.0996,-8.6670,-2.8874,-0.2228,0.0203,0.0685
2.5259,-10.0221,-0.8164,-0.0889,-0.0167,0.0541,5.5976,-8.4635,-3.0215,-0.0938,-0.1202,0.0497
2.4397,-9.9551,-0.8715,-0.0671,0.1154,-0.0677,5.4420,-8.5234,-2.9568,-0.0565,0.1927,0.0113
2.3104,-9.9144,-0.8428,0.0077,0.3067,-0.1533,5.2960,-8.4060,-3.1196,-0.0250,0.3507,0.0729
2.2529,-9.7540,-0.9290,0.0945,0.3785,-0.1783,5.2648,-8.2576,-3.1532,0.0191,0.4370,0.1360
2.2314,-9.7731,-0.9313,0.1026,0.2805,-0.2607,5.5019,-8.1738,-3.3447,0.1094,0.4245,0.0448
1.7693,-9.4547,-1.3551,0.0926,0.3032,-0.2766,5.0518,-7.9559,-4.0055,0.0762,0.4375,0.0264
2.3152,-9.5098,-1.3503,-0.0052,0.2876,-0.1705,5.2265,-8.1906,-3.2489,-0.0967,0.2774,0.1747
2.6552,-9.6247,-0.7661,0.0604,0.6043,-0.2678,5.6336,-8.1690,-2.6935,-0.0424,0.7683,0.1140
2.4110,-9.4212,-0.7087,0.1444,0.4638,-0.3308,5.2936,-8.0780,-2.9329,0.1090,0.6336,0.0597
2.8635,-9.8282,-1.2641,0.0585,0.1472,-0.3210,6.0334,-8.0732,-3.1795,0.1102,0.1580,0.0477
2.8874,-9.8306,-1.2594,0.0064,0.4558,-0.4029,5.9448,-8.1977,-3.1244,0.0128,0.7548,-0.0440
2.6791,-9.6319,-1.1253,-0.0067,0.6592,-0.3857,5.4588,-8.2384,-2.9185,-0.0658,0.7845,0.0434
2.7701,-9.6103,-0.9625,0.0192,0.6137,-0.3349,5.7197,-7.9392,-2.9497,-0.0815,0.6943,0.0778
3.2489,-9.8521,-1.2139,0.0085,0.5143,-0.3275,6.3470,-8.0732,-2.8252,-0.0274,0.5758,0.0461
3.3519,-10.0173,-1.5347,0.0015,0.4485,-0.4747,6.7516,-7.9224,-3.0047,0.0679,0.6257,-0.0809
3.1603,-9.4930,-1.4629,-0.0203,0.4634,-0.4918,5.9975,-7.8482,-3.0789,0.0317,0.7654,-0.1160
3.1580,-9.5457,-1.6137,-0.0717,0.5303,-0.4656,6.2824,-7.6279,-3.0670,-0.0298,0.6472,-0.0614
2.9353,-9.3350,-1.4006,-0.1142,0.7081,-0.4643,5.8778,-7.5800,-3.0670,-0.1335,0.9653,-0.1078
3.3184,-9.5505,-1.4198,-0.1909,0.5329,-0.4065,6.2728,-7.7764,-2.7821,-0.1677,0.5484,-0.0574
3.2394,-9.7157,-1.2713,-0.2089,0.6630,-0.4971,6.3542,-7.9607,-2.8012,-0.1623,0.9340,-0.2034
2.8826,-9.7348,-0.9744,-0.2314,0.6322,-0.4916,5.7197,-8.3917,-3.1101,-0.1416,0.8021,-0.1677
2.5833,-10.0485,-0.6823,-0.2002,0.5055,-0.4205,5.4444,-8.6383,-3.1819,-0.1227,0.6371,-0.1560
2.5738,-10.0509,-0.7542,-0.1067,0.3661,-0.3238,5.4995,-8.6933,-2.9736,-0.0509,0.5057,-0.0745
2.4110,-10.0724,-0.7087,-0.0534,0.2991,-0.2813,5.5617,-8.5712,-3.3184,-0.0088,0.3680,-0.0646
2.3343,-10.1442,-1.3527,-0.0529,0.2229,-0.1446,5.6934,-8.3821,-3.8403,-0.0557,0.2466,0.0213
2.4205,-10.1011,-1.0678,-0.1855,0.2586,-0.0985,5.6551,-8.4036,-3.5769,-0.2058,0.2761,-0.0521
2.2577,-10.0245,-0.8954,-0.1552,0.1808,0.0005,5.3247,-8.5976,-3.4453,-0.1847,0.1832,0.0297
2.2745,-10.0892,-1.0151,-0.1332,0.1022,0.0747,5.4731,-8.5904,-3.5219,-0.1796,-0.0204,0.0714
2.0662,-9.8689,-0.9122,-0.0644,0.0537,0.1668,5.1092,-8.4539,-3.4931,-0.1568,0.0488,0.1100
2.1356,-9.7588,-1.3838,-0.0496,-0.0564,0.2657,5.5952,-8.0038,-3.6248,-0.1541,-0.3162,0.1783
2.0016,-9.8354,-1.2809,-0.1278,-0.1011,0.3014,5.4588,-8.1139,-3.8595,-0.2026,-0.1600,0.0885
2.1356,-9.9982,-1.4629,-0.1555,-0.2622,0.4100,5.6024,-8.1738,-3.9361,-0.2296,-0.5528,0.1484
2.1524,-10.2208,-1.5371,-0.2141,-0.3179,0.4768,5.8969,-8.3438,-4.0630,-0.2758,-0.5275,0.0949
2.4397,-10.3046,-1.5682,-0.2368,-0.4493,0.5506,6.0693,-8.3701,-3.8451,-0.2827,-0.7280,0.0914
2.6911,-10.4866,-1.3958,-0.3211,-0.5797,0.5064,6.3686,-8.4515,-3.5219,-0.2625,-0.8362,-0.0308
2.4157,-9.9695,-0.9481,-0.2864,-0.6502,0.4631,5.4300,-8.3773,-3.2441,-0.1876,-0.6891,-0.0847
2.1859,-9.7300,-0.9649,-0.2485,-0.6398,0.4886,5.2361,-8.2983,-3.3016,-0.1712,-0.9048,-0.0125
2.1261,-9.6271,-0.9744,-0.2062,-0.5121,0.5296,5.2002,-8.1499,-3.3088,-0.2030,-0.6622,0.0353
2.2505,-9.5553,-1.1301,-0.2174,-0.6101,0.5656,5.3822,-8.0541,-3.3184,-0.1865,-0.9073,0.0286
2.3679,-9.3206,-1.0343,-0.3012,-0.8058,0.5129,5.4899,-7.6064,-3.1627,-0.1789,-0.9517,-0.1187
2.2913,-9.0333,-0.9194,-0.3844,-0.8033,0.4791,5.1188,-7.6854,-3.0071,-0.2164,-0.9603,-0.1741
2.4541,-9.1770,-0.6895,-0.4546,-0.7444,0.4987,4.9105,-7.9775,-2.8084,-0.3047,-0.9214,-0.1561
2.9688,-9.1602,-0.0311,-0.3998,-0.7033,0.4630,5.0805,-8.1642,-1.7765,-0.2507,-0.8609,-0.1308
3.7254,-9.1722,-0.4501,-0.1769,-0.8084,0.3051,6.0334,-7.8578,-1.1827,0.0155,-0.9419,-0.0975
4.2138,-9.2153,-0.9864,-0.1671,-0.5868,-0.0169,6.6032,-7.6471,-1.3192,0.0985,-0.5164,-0.2149
3.5650,-9.1363,-0.5842,-0.1368,0.0037,-0.2975,5.6383,-8.0062,-1.6879,0.0898,0.3676,-0.2906
2.9975,-9.0405,-0.8092,-0.0264,0.2170,-0.3162,5.2433,-7.9464,-2.1907,0.0715,0.3463,-0.1146
3.3279,-9.2967,-1.2953,0.0241,0.3480,-0.3128,6.0406,-7.6207,-2.4134,0.0306,0.4219,0.0173
3.3639,-9.1051,-1.2186,-0.0775,0.5204,-0.4465,6.0310,-7.3765,-2.4588,-0.0333,0.7727,-0.1607
3.1843,-9.2177,-1.1899,-0.2204,0.4177,-0.5384,5.8873,-7.7045,-2.4708,-0.0718,0.6234,-0.2232
2.7773,-9.5170,-0.9888,-0.2395,0.7433,-0.5758,5.4875,-8.3151,-2.9281,-0.1765,0.9959,-0.1740
2.7222,-10.2137,-1.1899,-0.1283,1.0231,-0.4010,5.4731,-8.8873,-3.3064,-0.2947,1.0912,0.1091
3.0167,-11.0660,-1.2091,-0.0890,1.1687,-0.3754,6.9049,-9.0836,-3.4357,-0.3287,1.0487,0.1808
3.0071,-12.1075,-1.2785,-0.0853,1.0336,-0.4017,7.1611,-9.9934,-3.9600,-0.2053,1.1215,0.1111
3.0670,-12.6150,-1.6855,-0.0734,0.6694,-0.4640,7.5369,-9.9311,-4.6783,-0.0650,0.7468,-0.0084
2.2817,-11.3509,-0.3208,-0.1340,0.5829,-0.6269,5.8586,-9.8761,-3.2441,-0.0061,1.0076,-0.2451
1.4246,-10.5608,0.9816,0.0128,0.3215,-0.8011,3.9672,-9.9982,-2.8012,0.4373,0.9984,-0.3276
0.6177,-9.6965,2.2314,0.4519,-0.3668,-0.4991,2.3080,-10.0126,-3.0167,0.8139,0.2026,-0.2683
1.9154,-9.7300,-0.0192,0.9984,-1.3574,0.0629,3.7924,-9.5696,-2.4708,1.2369,-1.5354,0.5560
2.8754,-9.4954,-1.8818,1.4304,-0.8620,0.3433,6.3422,-7.2185,-3.6631,1.1604,-1.1065,0.7645
4.8315,-8.6455,-5.0494,0.9677,0.1511,0.2936,8.5808,-4.8100,-3.4788,0.4245,-0.0277,0.8565
4.0845,-8.6000,-3.0909,-0.2038,1.1343,-0.5757,8.2384,-5.3534,-3.0502,-0.3443,1.4057,0.0782
3.0215,-8.4013,-1.4413,-0.3677,1.1110,-0.6726,5.4971,-6.8666,-2.9281,-0.3525,1.8028,-0.3032
2.6767,-8.3845,-1.2617,-0.3966,0.2797,-0.2645,4.8387,-7.1850,-2.8706,-0.3914,0.0260,-0.1062
2.9856,-10.2472,-2.0087,-0.3740,1.5525,-0.0926,6.4165,-7.9224,-3.6559,-0.7899,1.2902,0.2293
3.1364,-10.8577,-1.3264,-0.4382,0.5168,0.0069,7.0174,-8.5329,-3.8978,-0.5159,0.3533,-0.0694
3.1484,-10.9726,-1.2043,-0.4807,-0.0997,0.0490,6.8426,-8.8466,-3.5674,-0.3186,-0.1708,-0.2585
3.3208,-10.0868,-1.0080,-0.4507,-0.6776,0.0626,6.4620,-8.1475,-2.9999,-0.1499,-0.6294,-0.4097
4.2904,-9.1530,-0.2849,-0.5577,-0.9996,0.0104,5.8921,-7.9152,-0.9242,-0.2065,-0.8736,-0.4309
4.8530,-9.0118,-0.0096,-0.4181,-0.8463,-0.3240,6.7684,-8.2025,0.5315,0.0545,-0.7642,-0.4273
4.2210,-8.5665,-0.1197,0.1228,0.0544,-0.3826,5.0685,-8.2720,-0.6105,0.3038,0.5713,-0.2202
4.4987,-8.2815,-1.4796,0.4728,0.3333,-0.2843,6.0956,-7.0461,-1.6568,0.3196,0.3484,0.2682
4.7716,-8.0996,-2.6671,0.2378,0.4998,-0.2501,7.7979,-5.5186,-2.3511,0.1182,0.4530,0.1577
4.4748,-8.4108,-2.9808,-0.4810,0.6030,-0.4389,7.7476,-5.6623,-3.1173,-0.3900,0.9521,-0.3409
3.6607,-8.2600,-2.1691,-1.0396,1.1457,-0.6295,5.8658,-6.5721,-2.6935,-0.9753,1.3932,-0.4640
2.2314,-8.5521,-0.9170,-1.1635,1.9188,-0.3535,3.8786,-8.3127,-2.9377,-1.4529,2.0769,-0.0638
2.1404,-10.4411,-0.2083,-1.0376,2.5702,0.0402,4.7812,-9.7683,-3.3208,-1.7762,2.0015,0.3766
2.2721,-12.0740,0.3735,-0.7274,2.3884,0.3100,5.7221,-11.1570,-3.1819,-1.6224,1.7905,0.5826
3.8666,-12.9742,0.8404,-0.1937,1.2131,0.3123,7.3095,-11.2384,-2.1931,-0.7639,0.7360,0.5317
4.6902,-12.0404,0.1772,0.3164,-0.0947,-0.0141,8.0900,-9.7037,-1.5969,0.3641,-0.2781,0.0935
3.7206,-9.6391,-0.8906,0.6793,-1.2165,-0.4774,6.8857,-7.1515,-1.7909,1.2335,-0.5225,-0.5072
2.2410,-7.4651,-2.1979,0.1358,-1.4798,-0.6324,4.5514,-6.3422,-3.8882,0.8022,-0.9571,-0.7428
2.6576,-8.1044,-0.8236,-0.4241,-0.1872,0.0081,3.7493,-8.0541,-2.4660,-0.3667,-0.0153,-0.0773
4.1180,-8.8969,-0.6776,-0.0103,0.8605,0.4943,5.7581,-8.1116,-1.6448,-0.6799,0.3552,0.5974
5.6288,-9.4379,-0.7566,0.1637,0.3400,0.4588,8.1355,-7.4531,-0.0814,-0.3328,-0.1888,0.5797
6.2201,-9.9240,-1.3623,-0.1624,-0.1264,-0.2036,9.5026,-7.0964,-0.5555,0.0935,-0.0557,-0.1392
4.5107,-9.2129,-1.4868,-0.3788,0.3497,-0.7052,6.3446,-7.9416,-2.0111,-0.0067,0.9991,-0.4514
2.7557,-8.8585,-0.0718,-0.4499,1.0199,-0.6611,4.2976,-8.4372,-2.3056,-0.2618,1.4621,-0.0019
2.6432,-8.4467,0.4214,0.0953,1.1556,-0.1362,3.7062,-8.3917,-1.5897,-0.3643,1.1572,0.3989
3.6440,-10.5680,-1.1253,0.2755,1.0878,0.0293,7.1228,-9.0309,-2.2817,-0.0618,0.3317,0.8095
3.5961,-10.9200,-1.9944,0.4014,0.6129,-0.0959,8.0397,-7.6375,-4.4748,0.3136,0.7553,0.1905
2.7007,-9.9288,-2.3966,-0.2234,-0.0659,-0.2991,7.3358,-6.8546,-4.9632,0.0023,0.1159,-0.4306
2.7294,-8.8250,-0.8356,-1.0866,-1.0401,-0.1471,5.1451,-7.5513,-3.2274,-0.4511,-0.8831,-0.9106
3.1508,-8.6694,0.8787,-0.8416,-1.0301,0.1475,3.8834,-9.0357,-0.9050,-0.4178,-0.8495,-0.5648
4.7932,-9.6007,-0.1844,-0.1760,-1.2508,0.4918,6.0813,-9.1171,0.1341,-0.0045,-1.7307,0.0794
5.8395,-9.3350,-0.8068,0.2691,-0.5308,0.2297,7.5753,-7.8721,-0.3926,0.2887,-0.5953,0.2210
5.7461,-8.1786,-0.5555,0.5217,0.1857,-0.1744,6.9743,-6.6272,0.4286,0.4553,0.6087,0.0096
4.5203,-8.2361,-1.6999,0.3726,-0.2052,-0.4383,7.0078,-6.5625,-1.4269,0.7112,-0.0718,-0.2286
4.2545,-8.1379,-1.7119,0.1948,-0.5335,-0.3404,5.8251,-6.6176,-2.4636,0.5021,-0.0224,-0.1788
4.2353,-7.6399,-2.0877,0.0067,0.1335,-0.1865,6.3255,-5.9448,-1.9992,-0.0544,0.0855,-0.0104
4.0247,-7.9583,-2.0111,-0.5175,0.7998,-0.2425,6.5386,-6.4739,-2.2075,-0.5706,0.8278,-0.0734
3.6344,-11.2863,-1.9752,-0.8668,1.3764,-0.0296,7.1778,-9.3134,-3.7637,-1.0054,1.0449,-0.0385
3.8283,-11.4778,-0.4405,-0.9731,0.9254,-0.0440,6.9360,-9.4571,-4.0654,-1.0746,0.9216,-0.3461
3.5506,-9.9431,1.6281,-0.8418,-0.3099,0.2578,4.6998,-9.9000,-0.4310,-0.7053,-0.0827,-0.3034
4.1994,-10.2089,0.3448,-0.1953,-1.1282,0.1936,6.6176,-9.3230,-0.0982,0.1438,-1.7268,-0.2378
3.7876,-9.7875,-0.7853,0.0838,-0.7674,0.1884,6.0358,-8.4180,-2.9568,0.3368,-0.4787,-0.3103
4.3790,-9.4715,-1.8076,-0.1383,-0.9916,0.5716,6.6104,-7.9176,-2.6839,-0.1307,-1.0841,0.0039
6.0142,-10.0413,-0.4405,-0.4282,-1.0900,0.4684,8.2169,-8.8418,0.4190,-0.1947,-1.6859,-0.0241
6.1603,-10.1107,1.0343,0.1749,-0.0709,-0.0894,6.7540,-9.4954,1.1899,0.3977,0.5592,-0.0891
4.7357,-9.0501,0.2490,0.8296,-0.3269,-0.1819,5.8203,-8.2289,-0.0982,0.8771,-0.1872,0.2230
4.8195,-8.2863,-1.5107,0.8300,-0.4437,-0.1673,6.7780,-6.4332,-1.5347,0.8792,-0.4155,0.3785
4.1659,-7.2353,-2.3703,0.4639,0.5513,-0.3940,6.2776,-5.4420,-2.2913,0.2713,0.9196,0.1864
3.5937,-7.2472,-1.3024,-0.1522,1.2436,-0.3722,5.2912,-6.2417,-1.6209,-0.5061,1.4220,0.1116
3.2681,-7.3622,0.5555,-0.1604,1.4646,-0.2767,3.8547,-7.5417,-0.3496,-0.4644,1.4962,0.2787
3.0574,-9.7468,-0.7494,0.5040,1.5340,0.0977,6.1316,-8.9447,-2.3727,-0.2462,0.7127,1.0798
2.5809,-13.5584,-2.1931,0.4246,1.4201,0.6463,8.9376,-10.5417,-6.1363,-0.2924,0.5990,1.0557
3.8523,-13.9007,-2.5642,0.0028,-0.0887,0.9875,8.6550,-9.4379,-7.8865,-0.3575,-0.1615,0.5601
4.3048,-11.0253,-0.7733,-0.5941,-1.7316,0.9050,7.7764,-8.3797,-2.6863,-0.6336,-2.3209,0.2026
5.1260,-9.0309,0.8332,-0.5517,-2.4264,0.3457,7.8578,-7.6064,1.8100,0.0566,-2.6602,-0.6871
4.7142,-6.9001,0.4357,-0.2012,-1.8391,-0.0040,3.3208,-7.8362,2.0830,0.5678,-0.7088,-0.7003
3.8211,-7.3430,1.5227,0.0093,-0.5442,-0.3119,3.7781,-7.8650,0.3855,0.5618,-0.3808,-0.1380
3.2441,-7.6447,1.6448,0.3785,-0.2415,0.0949,2.9329,-8.9136,0.1772,0.1825,-0.2491,0.1132
4.2377,-8.4180,-0.4357,0.8764,0.2097,0.3517,4.9632,-7.9655,-1.0080,0.3620,0.0370,0.9284
4.2258,-8.1930,-1.2713,0.7265,0.9872,0.3219,6.1699,-6.8642,-1.9201,-0.0934,0.5161,1.0335
4.1372,-8.6407,-0.9481,0.2032,1.3528,0.2770,6.1962,-7.1012,-1.6999,-0.5281,1.1802,0.8751
3.5362,-9.5960,-0.3998,-0.1212,1.6085,0.0240,5.9640,-8.5042,-1.9800,-0.7568,1.2015,0.6350
3.2058,-13.1322,-3.2322,0.3881,1.2155,0.5219,8.9399,-9.4068,-6.2225,-0.2253,0.4616,0.9346
0.2753,-6.7109,3.2872,-0.7659,-1.1080,0.5109,-0.9864,-9.7755,0.7518,-0.4502,-1.2033,-0.3885
1.5706,-8.3965,2.0686,0.5738,-0.8033,1.0280,1.6951,-9.7923,-0.4549,0.1063,-1.9092,0.8428
4.0534,-10.1849,-1.3384,0.9177,-0.1408,1.0148,6.5362,-8.8849,-2.4253,0.4005,-1.1054,1.2778
4.5346,-10.3932,-1.7454,0.7469,-0.1074,0.3836,8.7652,-7.1228,-2.0710,0.4239,0.0330,0.5423
4.9584,-9.6271,-2.5259,0.1828,-0.0981,-0.4097,8.8969,-6.1076,-2.6624,0.4012,0.1155,-0.2836
2.3487,-9.0381,-1.6161,-0.7878,0.1278,-1.0146,5.5306,-7.2209,-3.2633,-0.1575,0.9834,-1.1102
0.5195,-9.2488,-0.0718,-1.3338,0.8485,-1.0758,2.9281,-9.3781,-4.0342,-0.6105,1.5196,-1.1281
-0.0958,-10.8481,1.1181,-0.9411,1.0597,-0.3046,1.7166,-11.5640,-4.0318,-1.0198,1.0011,-0.2635
0.3639,-12.1051,-0.1125,-0.3360,1.5637,0.1648,3.4596,-11.8489,-4.3838,-0.9571,0.8070,0.6388
-0.2586,-11.2168,0.3160,0.4844,2.3630,0.4926,3.3160,-10.3956,-4.9488,-0.8059,2.2222,1.0112
0.0479,-9.6127,-0.6823,0.3352,1.3599,0.6143,4.1779,-7.8793,-5.0087,-0.5284,0.6559,0.7875
-0.0024,-8.7293,0.5435,-0.4042,-0.0642,0.1876,3.9002,-7.1251,-4.0223,-0.3972,-0.3812,-0.2244
-1.2905,-7.5417,2.6432,-0.8180,-1.5098,0.1844,0.4262,-8.4779,-3.6655,-0.1845,-0.8001,-0.9470
1.3384,-8.0732,0.4214,-0.3436,-2.2724,0.6428,2.0255,-8.6287,-0.9744,0.1480,-3.0619,0.1366
2.1907,-9.0932,-0.2203,0.1781,-1.4995,0.6261,4.3981,-8.5066,-1.7885,0.4038,-2.5181,0.3325
3.2465,-9.7468,-1.6640,0.2912,0.1303,0.4499,5.9304,-7.8889,-3.0526,0.0362,0.4880,0.4120
3.1436,-9.9623,-1.6352,-0.3920,0.8657,-0.1470,7.0102,-7.4316,-3.1005,-0.5381,0.5458,-0.1525
1.4748,-9.7109,0.4022,-1.0316,0.3345,-0.6576,4.1875,-8.8274,-2.6815,-0.5561,0.9068,-0.9016
0.0718,-10.1011,0.7829,-0.8295,0.6278,-0.7156,2.1691,-10.2520,-3.4860,-0.4924,1.1303,-0.7185
-0.4741,-12.1697,0.4357,-0.7414,1.0645,-0.5093,2.9018,-12.1745,-4.7932,-0.7089,0.7823,-0.1438
-1.2905,-13.4602,0.8332,-0.4947,1.7556,-0.4314,2.9928,-12.8952,-5.8658,-0.7288,1.9417,0.0711
-2.2194,-12.3277,2.4948,0.0669,2.0202,0.0120,0.8308,-12.9622,-5.4492,-0.6658,2.3238,0.3218
-1.5490,-10.7691,2.2458,1.0996,0.6423,0.6412,0.2251,-11.7412,-3.8379,0.1480,0.4587,1.3470
-0.9744,-10.1275,0.9385,1.6699,-0.5212,0.9073,3.1077,-9.6582,-4.3958,0.9766,-1.6052,1.6530
0.3472,-9.6199,-0.7422,1.6190,-1.0932,0.8583,4.2928,-7.7692,-5.0206,1.1928,-1.0701,1.2689
0.6273,-8.4898,-0.6345,0.9766,-1.3744,0.6214,4.3096,-6.8905,-4.0342,0.7821,-1.4072,0.5628
2.0662,-8.1570,0.0455,0.8347,-1.3322,0.1920,3.8427,-7.7045,-1.6352,1.0232,-1.0336,0.2414
1.7885,-8.8490,-1.9297,0.2763,-0.6039,-0.1130,5.3750,-6.5864,-4.3694,0.4735,-0.3781,-0.0785
1.1181,-8.9136,-0.9194,-0.7294,-0.1204,-0.1247,3.7445,-8.1570,-3.8427,-0.5072,0.0566,-0.4727
0.7997,-10.0126,-0.1269,-0.9734,0.4126,-0.1200,3.4788,-9.3541,-3.8307,-0.8585,0.4034,-0.2702
-0.4884,-9.7683,1.1516,-0.9389,1.2361,-0.1628,2.2003,-9.6678,-3.8235,-1.1008,1.2638,-0.3956
-1.3671,-10.1754,1.1779,-0.8155,1.1566,0.0184,0.9481,-10.9128,-4.1156,-0.9887,1.1441,-0.0633
-1.8387,-10.9032,2.3727,-0.3320,0.8456,0.4217,1.3503,-11.2240,-4.8602,-0.6691,0.4439,0.2703
-0.2514,-10.5991,1.6616,0.1242,-0.3824,0.6002,2.9928,-10.1131,-3.9696,-0.0798,-0.8475,0.3801
1.7789,-10.4148,1.1636,-0.0021,-1.9321,0.4578,4.6328,-9.4882,-1.9609,0.3888,-2.3136,0.0068
1.8387,-9.8330,1.1947,0.0117,-1.5936,-0.0930,4.4508,-9.3733,-1.8340,0.7167,-1.2524,-0.5196
1.3886,-9.5936,1.1037,0.2212,-1.2866,0.0245,2.5546,-10.0173,-2.5067,0.6450,-0.6422,-0.3412
3.5554,-10.3477,1.0654,0.0309,-1.4119,0.1043,5.5019,-9.6414,-1.3695,0.3701,-1.8802,0.0753
3.7110,-8.6431,1.9489,0.0933,-0.5255,0.1992,3.7445,-9.1459,0.0982,-0.0141,-0.0771,0.0216
4.0989,-8.5904,1.9010,-0.0817,0.7573,-0.0778,4.2186,-9.1267,1.2354,-0.1932,0.6221,0.2614
3.2705,-8.6814,3.3567,0.0717,1.0861,-0.4112,3.4644,-9.7276,0.9481,-0.0663,1.3853,-0.0989
2.5067,-8.9304,3.8068,0.5477,0.7749,-0.5297,2.0806,-10.7476,2.0470,0.6266,1.4240,0.1282
1.8148,-9.6869,3.2346,0.8122,1.3426,-1.0251,3.2130,-10.0604,-1.6065,0.9026,1.5791,0.1430
-1.1277,-9.8665,2.6001,0.6042,1.3057,-0.8302,1.3695,-10.7978,-4.6902,0.4788,2.0813,-0.1480
-0.2394,-11.1378,1.7071,0.0649,0.4365,-0.0067,1.8675,-11.6837,-4.6807,-0.1937,0.1649,0.6089
1.2258,-11.5065,2.4541,0.0665,0.6306,0.1303,4.2880,-11.3557,-2.2075,-0.3833,-0.1753,0.5995
0.9050,-10.9726,2.4660,0.2120,0.7007,-0.0055,3.0933,-11.1426,-2.3607,-0.0149,1.2129,0.2471
-0.2203,-9.3254,3.1867,0.1713,0.2198,0.0416,0.9960,-10.6686,-2.2769,-0.1290,0.3015,0.2439
0.4429,-9.4236,2.9904,0.5622,0.0408,0.5600,0.8691,-11.1785,-1.4341,0.0329,-0.4493,1.0944
1.6305,-10.3717,1.4724,0.9567,0.4317,0.7163,4.4221,-9.9886,-2.5067,0.1600,-0.3187,1.3135
2.8898,-9.7540,1.1564,0.8825,-0.0510,0.7212,4.9584,-8.8897,-1.7262,0.2013,-0.2647,1.0908
3.8882,-9.2488,-0.2059,0.6546,-0.4687,0.3026,6.5673,-7.6207,-0.7207,0.3579,-0.9165,0.6935
3.1891,-8.4803,0.1987,0.1085,0.1491,-0.3415,5.2289,-7.4077,-1.2833,0.2097,0.6054,-0.1539
-0.0311,-7.5226,1.5586,-0.2465,0.8946,-0.5393,1.3527,-8.2361,-3.2561,-0.1564,1.8379,-0.5510
-0.4669,-7.4220,1.7310,-0.1651,0.4149,0.0689,-0.4597,-8.7795,-2.6767,-0.5225,0.4186,0.2226
-0.2131,-7.9727,1.8818,-0.6639,0.5255,0.1427,1.8100,-8.3606,-2.9185,-0.8932,-0.5333,0.2518
0.4573,-9.3637,2.6049,-0.8163,0.8548,0.0321,0.3855,-11.2982,-1.2809,-0.9850,1.1906,0.6544
0.3112,-11.2623,3.9863,-0.4830,0.6837,-0.1288,3.0742,-11.6646,-2.3846,-0.5638,0.2160,0.4583
0.4693,-10.9918,4.6136,0.0151,-0.2719,-0.2577,1.9489,-12.0141,-0.6201,0.1980,-0.0978,-0.1744
-0.8499,-9.9288,4.8411,0.3429,-0.6241,-0.5712,0.1556,-11.4730,-1.4509,0.9217,0.0979,-0.6352
-2.1165,-8.7197,3.6895,1.3676,-0.8078,-0.4534,-3.2753,-11.9327,-2.9305,1.5680,-0.1099,0.4600
0.7661,-9.2919,-0.4262,1.6651,-1.2524,0.6113,2.3104,-9.5816,-4.7333,1.0355,-2.5735,1.5553
2.3511,-9.6127,-0.3065,1.0852,-0.5324,0.6530,6.5721,-7.2281,-3.4189,0.5890,-1.1807,1.1519
2.0566,-7.7931,-0.0575,0.6800,-0.1360,0.0265,4.8291,-5.9759,-1.6951,0.5817,0.7282,-0.0887
-0.0120,-6.6248,1.8531,-0.2563,-0.5701,-0.2414,0.9529,-7.0605,-2.9066,0.0358,-0.1548,-0.9336
-0.6967,-7.2568,3.2202,-0.9848,-1.1145,-0.0151,-0.5435,-9.7300,-0.5052,-0.3934,-0.7151,-0.8648
-0.5842,-7.4627,5.7317,-0.2533,0.9578,0.4979,-2.1500,-11.0445,0.6943,-0.4972,1.1119,-0.2693
0.9984,-7.8434,4.4628,0.3060,1.9506,0.2750,0.4597,-9.5600,-0.5746,-0.5268,1.2380,0.2938
0.7542,-7.7500,5.3534,-0.3164,0.1755,0.2726,0.0742,-9.6151,-0.6464,-0.4638,-0.0072,0.1271
0.7757,-8.4348,3.9959,-0.6596,-0.5844,0.2133,1.4964,-10.1682,-0.4669,-0.4846,-0.9218,0.0923
0.3400,-9.3182,4.4341,-0.4306,0.3722,0.1921,0.7063,-11.6167,0.1437,-0.5076,0.3363,-0.0104
-0.9840,-10.0533,5.4061,0.0016,1.6001,-0.1491,0.0287,-12.2799,-0.9864,-0.3251,1.9053,0.0172
-2.4636,-9.5050,5.7221,0.5730,1.1646,-0.1861,-1.9776,-12.0835,-2.3128,0.2273,1.6232,0.2486
-2.9401,-8.1427,5.2672,0.7397,0.1178,-0.2621,-1.6688,-10.6063,-2.5259,0.6378,0.0155,0.2992
-2.6073,-7.3263,5.3486,0.8728,-0.7023,0.0942,-2.5642,-10.4770,-2.2027,0.8290,-0.4094,0.5244
2.1644,-7.1323,4.1228,0.8242,-1.6093,0.5379,1.0798,-8.5521,1.2282,0.6366,-1.8198,0.9709
1.6376,-7.4891,5.4564,0.7044,1.0252,-0.6198,0.5459,-9.5888,0.8954,0.5649,2.2552,-0.0659
0.3639,-6.5314,3.0574,-0.1988,-0.0015,-0.6638,0.6153,-7.8650,-1.2091,0.1531,-0.0953,-0.2260
-1.0080,-6.0358,4.8387,-0.1322,1.3584,-0.5465,-2.1069,-9.0190,-0.4980,-0.3517,1.9698,-0.2447
-0.8356,-6.4165,4.4293,0.1065,0.8500,-0.4169,-0.8021,-8.8178,-0.4573,-0.0723,0.5060,0.2385
0.0335,-7.4364,3.5243,0.1146,0.6308,-0.3387,0.6393,-8.9519,-1.1277,0.0333,0.6075,0.2052
-0.7039,-8.3175,3.8523,0.1170,0.3026,-0.4493,0.8571,-9.6319,-2.0542,0.2546,0.6543,-0.1047
-0.3328,-8.5641,3.0813,0.2411,-0.0889,-0.1911,0.6943,-9.7229,-2.1476,0.3436,-0.0632,0.1065
-0.4094,-8.4803,2.1620,0.0400,-0.2571,-0.2493,1.8603,-8.8873,-2.8012,0.2497,-0.3164,-0.0714
-0.8475,-7.6710,2.7749,-0.3461,-0.1972,-0.1160,0.4525,-8.8777,-2.5977,-0.1915,0.1450,-0.4021
-0.5914,-7.1587,3.3782,-0.5113,-0.0173,0.0775,0.1269,-8.7867,-1.8244,-0.3868,-0.1781,-0.2446
-0.1508,-6.8378,3.7134,-0.4928,0.0180,0.2851,0.1197,-8.4683,-1.3288,-0.4483,-0.1354,-0.2884
-0.2203,-7.0749,4.3766,-1.0561,-1.1447,0.3696,0.5794,-8.9519,-1.1636,-0.5828,-1.3410,-0.8090
1.7645,-7.8219,4.8123,-1.4186,-1.5739,0.7272,0.8356,-10.2999,0.7925,-0.8965,-1.8606,-0.5093
3.1580,-9.3470,5.1858,-1.3929,-0.9836,0.4076,3.3567,-10.8912,2.9688,-0.7474,-1.5685,-0.5872
2.1931,-9.0237,5.3941,-0.9899,-0.0911,0.0310,1.2402,-11.2695,1.1995,-0.5911,0.4590,-0.8938
2.0686,-9.2344,5.1978,-1.0761,-0.1051,-0.0207,1.4389,-11.3725,1.3455,-0.7366,-0.3076,-0.6606
1.8483,-9.2991,5.1188,-0.7911,0.5151,-0.3272,1.3455,-11.5233,1.2833,-0.4878,0.4543,-0.4804
0.4645,-9.5193,5.2457,-0.4519,0.8772,-0.5007,0.7015,-11.9231,-0.1365,-0.3601,1.3268,-0.4862
-0.3089,-9.4164,6.2225,-0.3613,0.4339,-0.2073,-0.8188,-12.2511,-0.5794,-0.3269,0.4545,-0.2056
1.0702,-9.2967,5.2313,0.2061,0.2826,-0.1272,0.7039,-11.6143,1.1636,0.0181,0.1336,0.3002
0.9385,-9.1985,4.6040,0.3160,0.4501,-0.3621,1.5562,-10.8936,-0.3424,0.2427,0.5788,0.1456
1.1540,-9.0573,4.0390,0.3793,0.4321,-0.3695,1.5299,-10.5129,-0.3543,0.2852,0.6771,0.2582
1.5826,-8.9328,3.1125,0.4890,0.4656,-0.4101,2.5331,-9.5720,-0.6273,0.3909,0.4803,0.2930
1.9441,-7.7883,2.5307,0.4493,0.2029,-0.7175,2.3056,-8.4874,-0.1484,0.5665,0.6809,0.0469
2.0446,-7.7620,2.4397,0.1767,0.3671,-0.8669,2.6025,-8.3989,-0.3208,0.3088,0.7490,-0.1058
1.0080,-7.7620,3.4117,0.1444,0.9601,-1.0668,1.6257,-9.1459,-0.1508,0.3313,1.6742,-0.2910
1.2522,-7.8290,3.4117,0.3367,0.7352,-1.0936,1.3838,-8.9016,-0.4932,0.5097,1.2109,-0.1796
1.3838,-7.8338,3.1268,0.2565,0.0863,-1.1341,2.1763,-8.6239,-0.4214,0.7330,0.4414,-0.3172
1.3192,-7.8650,2.6671,0.2823,-0.1095,-1.2640,2.2865,-8.7005,-0.6273,0.8816,0.6896,-0.5367
1.5467,-7.7405,2.0710,0.2597,0.0465,-1.2453,2.3200,-8.4611,-0.8308,0.8660,0.7619,-0.5604
0.8978,-7.6854,1.7478,0.1676,0.0827,-1.2428,2.6480,-7.9344,-1.8316,0.7714,0.7961,-0.6450
1.2186,-7.5346,1.1851,-0.3709,0.0490,-1.0712,2.6240,-7.7835,-2.1787,0.2330,0.6230,-0.8640
0.9960,-8.1618,2.0662,-0.8865,0.4807,-1.2621,2.7557,-8.5736,-1.9800,-0.0498,0.9785,-1.1764
0.1317,-7.8506,3.1771,-0.8984,0.2072,-0.8396,0.3783,-9.4403,-1.9178,-0.2465,0.9459,-1.1668
1.6161,-8.1690,2.8012,-0.8029,-0.6785,-0.5028,2.5163,-8.9447,-0.6249,-0.0300,-0.8840,-0.7617
1.9585,-8.8274,2.4948,-0.9341,-0.6447,-0.6518,3.7110,-9.2464,-1.0271,-0.0045,-0.3846,-1.2760
1.8747,-8.7987,2.4924,-0.9112,-0.8064,-0.5144,2.5570,-9.6367,-1.0989,-0.0218,-0.0632,-1.1842
1.6161,-8.8969,2.2434,-0.9479,-0.8723,-0.2860,2.9449,-9.6391,-1.3623,-0.1811,-1.0453,-0.9971
2.4086,-9.3398,2.1859,-1.0893,-0.8625,-0.0321,3.6823,-9.7540,-1.0654,-0.4014,-0.6913,-0.9269
2.6743,-9.7707,2.3391,-1.1958,-0.8580,0.1022,3.8092,-10.2592,-1.0151,-0.5425,-0.9158,-0.8455
3.1603,-10.1825,1.9201,-1.1628,-0.7020,0.4133,4.3263,-10.5225,-1.0511,-0.7718,-1.0047,-0.5764
3.4836,-10.6015,1.4988,-1.1103,-0.3797,0.5800,5.3319,-10.3956,-1.2067,-0.9093,-0.8068,-0.3861
4.0175,-10.7787,1.6065,-1.1578,-0.4381,0.5729,5.8371,-10.3765,-0.7901,-0.9582,-0.8339,-0.4978
4.0654,-10.4722,2.4038,-1.0813,-0.8962,0.4842,5.4324,-10.2903,-0.0766,-0.6163,-1.0644,-0.6576
4.0247,-9.8641,2.0255,-0.6091,-1.7180,0.4439,5.2146,-9.6486,0.1772,0.0634,-1.8437,-0.6672
4.2713,-9.3805,0.5507,-0.2647,-2.3386,0.4097,6.0262,-8.6239,-0.4094,0.5321,-2.4088,-0.6312
4.2377,-8.8322,-0.1030,-0.1633,-2.3646,0.3720,6.1316,-7.8482,-0.9697,0.6591,-2.1622,-0.7232
4.3694,-8.5688,-0.7853,-0.1633,-2.3541,0.4477,6.3183,-7.3670,-1.1372,0.6344,-2.2567,-0.7012
4.5849,-8.8466,-1.6999,-0.1856,-2.4483,0.4806,7.1539,-7.0390,-1.6927,0.6379,-2.4850,-0.6720
4.4676,-9.2344,-2.3679,-0.4073,-2.2220,0.4650,7.6495,-6.9767,-2.4684,0.4096,-2.2451,-0.7855
4.5250,-9.9958,-2.7916,-0.5829,-2.0431,0.5388,7.8530,-7.3957,-3.1771,0.1102,-2.1225,-0.7572
4.4484,-10.2137,-3.5578,-0.9174,-1.7945,0.7185,8.1499,-7.5154,-3.6559,-0.4121,-2.1635,-0.6351
4.9680,-10.4914,-2.5642,-1.2203,-1.0537,0.7556,8.1738,-8.1642,-2.8706,-0.8934,-1.3568,-0.5279
4.9177,-10.5465,-1.5586,-1.0592,-0.5084,0.5841,7.7548,-8.6072,-1.5275,-0.8648,-0.6885,-0.5096
4.8530,-10.4100,-0.9337,-0.7225,-0.8030,0.3932,7.4962,-8.6335,-1.0463,-0.3529,-0.9792,-0.4580
4.5969,-10.1682,-0.8332,-0.3384,-1.1026,0.1327,7.1778,-8.4348,-1.3431,0.1796,-0.9778,-0.5144
4.5945,-9.7492,-2.0279,-0.1628,-0.1552,-0.0432,7.0988,-8.1594,-1.7885,-0.0997,-0.1148,0.0401
5.1068,-10.5153,-0.5028,0.4960,0.0726,-0.1889,7.2688,-9.0740,-0.8188,0.3989,0.0481,0.4203
5.8802,-10.6805,-0.6393,0.7040,0.1456,-0.3761,7.6471,-9.4523,-0.1796,0.5616,0.5135,0.5541
5.7485,-10.5584,-0.5674,1.0858,1.0481,-0.5554,7.3813,-9.5361,-0.4597,0.7057,1.4112,0.8355
5.8634,-10.7811,-0.7518,1.2593,1.6990,-0.6277,7.9176,-9.5265,-0.5818,0.5307,1.8273,1.1639
5.8419,-11.2001,-0.2562,1.3292,2.1609,-0.7360,8.0637,-10.1131,-0.4956,0.5355,2.4228,1.3193
6.4189,-11.8465,-0.3232,1.7022,2.2553,-0.9030,8.8562,-10.4435,0.0431,0.8667,2.3891,1.4910
6.3303,-11.8082,-0.6919,1.9129,2.2222,-1.2728,9.5840,-10.0102,-0.7709,1.2095,2.6152,1.3354
5.8634,-11.1282,-1.5323,1.8494,2.2930,-1.4450,9.1339,-9.4427,-1.5921,1.2501,2.9691,1.2381
6.2345,-11.5209,-0.1437,1.4502,2.6159,-1.6100,9.1459,-9.7755,-1.0463,0.9601,3.2536,0.8807
5.7796,-11.1546,0.5435,1.3134,2.0642,-1.9271,7.8937,-10.4220,0.0000,1.1135,3.0137,0.6210
4.7573,-9.9240,1.4150,1.4386,2.1204,-1.8175,5.8299,-10.0748,-0.1700,1.1963,3.0763,0.6879
4.4772,-9.4308,1.1229,1.6001,2.5917,-1.7857,6.2824,-9.1147,-0.4429,1.1458,3.1632,0.7116
4.8052,-8.8969,0.9577,1.1999,2.0881,-1.8199,6.2058,-8.2887,-0.5770,0.9767,2.8060,0.4132
3.7637,-8.0397,0.9936,0.7931,2.1092,-1.9060,4.7405,-8.1834,-0.2370,0.7394,3.1119,0.2022
2.8778,-7.2137,2.2673,0.6655,2.9358,-1.8968,3.2657,-7.9152,-0.7781,0.3749,3.8196,0.0811
2.0901,-6.4691,3.7062,0.6021,2.5786,-1.6655,1.3527,-8.2887,0.7566,0.2369,3.6312,0.0490
1.9992,-6.0669,3.1675,0.7288,1.8804,-1.2890,1.3431,-7.6447,0.2586,0.3132,2.1980,0.4736
2.8587,-5.9304,4.5633,0.3992,1.7437,-1.2476,1.6855,-7.9224,1.8627,0.1242,1.9390,0.1900
1.5969,-5.3582,4.2617,0.7429,2.1238,-1.2867,0.2227,-7.7476,1.5874,0.4939,3.1561,0.2507
1.7023,-5.1188,4.7573,0.5103,1.6537,-1.3296,0.4334,-7.4029,1.7047,0.2471,2.0448,-0.0085
0.5195,-4.4388,5.4995,0.4682,1.3344,-1.2355,-1.5060,-7.4508,1.0008,0.5504,2.1541,0.0029
0.6345,-3.9768,4.6735,0.4026,0.9445,-0.8864,-1.3384,-7.1658,1.0558,0.1067,1.3443,0.0426
0.5028,-4.1587,5.9664,0.0604,1.3342,-0.8038,-1.5203,-7.5848,1.7190,-0.0655,1.6906,0.0292
0.6464,-4.1468,6.0885,0.1364,0.9711,-0.6877,-1.9465,-7.7979,1.8914,-0.0352,1.3912,-0.0943
0.3639,-4.0199,6.7133,0.0257,0.6544,-0.6258,-2.3727,-8.0230,2.1787,0.0694,0.7557,-0.0129
0.3232,-4.0055,6.2632,0.1577,0.5537,-0.4659,-2.1548,-7.7428,1.4485,0.1140,0.7623,-0.0100
0.0862,-4.0270,6.4691,-0.1184,0.3560,-0.3416,-2.4972,-8.0756,1.8076,-0.0504,0.4978,-0.1087
0.0575,-3.7900,7.2616,0.0969,0.3992,-0.2622,-3.1340,-8.2001,2.1739,0.0622,0.7858,-0.0121
0.3017,-3.8068,6.8474,0.0747,-0.0169,-0.2004,-2.4708,-7.9080,2.4349,0.1471,-0.1094,0.0310
0.6584,-3.6823,7.2401,-0.0080,-0.0787,-0.2320,-2.4828,-7.7620,2.6935,0.1415,0.2145,-0.1504
0.8715,-3.4884,6.6224,-0.0346,-0.1953,-0.1480,-2.5738,-7.7955,2.6552,0.0794,0.0257,-0.0865
1.2857,-3.7062,7.7620,-0.2948,0.2749,-0.2470,-2.3750,-8.2097,3.8762,-0.1998,0.2320,-0.1288
1.5490,-3.7733,7.7237,-0.1553,0.4614,-0.2563,-2.5307,-8.3965,3.7373,-0.0460,0.6570,-0.0637
0.8978,-3.7469,7.4148,-0.3183,0.6734,-0.3953,-2.6217,-8.2241,3.3088,-0.1311,0.9132,-0.3015
0.7302,-3.9217,8.4204,-0.0998,0.6346,-0.4462,-3.1963,-8.3558,3.5123,0.0103,0.9490,-0.1372
0.2179,-3.7924,7.7524,0.0926,0.4615,-0.4570,-3.1556,-8.3653,2.9880,0.2028,0.9061,-0.2012
0.4357,-3.6296,7.5681,0.0452,-0.1195,-0.4596,-3.2010,-8.2456,2.8635,0.2811,-0.0898,-0.1219
0.4884,-3.5123,7.4101,0.0597,0.1358,-0.4571,-2.7461,-8.1044,2.6504,0.2487,0.3929,-0.1512
0.8452,-3.3998,7.8362,-0.0064,0.0397,-0.4102,-2.9999,-8.3270,3.7230,0.1552,0.3046,-0.2114
0.9266,-3.4213,7.9080,0.0713,-0.3092,-0.3218,-3.0909,-8.2815,3.8283,0.3549,-0.0819,-0.1215
1.8100,-3.4046,8.3462,-0.0188,-0.3323,-0.5199,-2.2960,-8.1499,4.6088,0.3857,-0.2137,-0.1699
1.6328,-3.2489,8.2696,0.1038,-0.3323,-0.4980,-2.9999,-8.2456,4.0773,0.4141,0.2113,-0.1815
2.1045,-3.3375,8.1379,0.1027,-0.0289,-0.5397,-2.4900,-8.0014,4.9344,0.3713,0.0787,-0.0854
1.6879,-3.1603,6.8618,0.0925,0.2180,-0.6089,-2.0638,-7.3119,2.9928,0.3668,0.5407,-0.0658
1.4126,-3.1963,7.4939,-0.0901,0.1375,-0.5674,-2.3200,-7.5848,3.7541,0.1252,0.5077,-0.1907
1.7717,-3.3040,7.4843,-0.1316,0.0787,-0.5056,-2.3631,-7.6686,3.9528,0.1757,0.3778,-0.1336
0.9577,-2.5833,7.4268,-0.0121,0.0350,-0.4134,-3.2441,-6.9695,2.3200,0.1537,0.5530,-0.1955
2.4134,-2.7414,7.1754,-0.0663,-0.0406,-0.3076,-2.0087,-7.2018,5.5330,-0.0117,-0.2553,-0.0093
2.0135,-3.2872,7.8147,-0.2253,0.0927,-0.5906,-1.9728,-7.4555,3.9792,0.4028,0.3441,-0.4073
0.8787,-2.6121,8.5138,0.0408,-0.5227,-0.4871,-4.3862,-7.8650,3.2106,0.3256,0.5456,-0.3404
1.7478,-3.2250,7.0844,0.0845,-0.3765,-0.2082,-2.4708,-7.5417,4.3622,0.2506,-0.5231,0.2967
1.0032,-3.1173,8.0661,-0.1434,0.0670,-0.4306,-2.3032,-7.3670,3.0263,0.1498,0.4779,-0.2627
1.6592,-2.6552,7.6279,-0.2842,-0.2890,-0.1701,-3.3543,-7.6734,3.8618,-0.1039,0.2535,-0.1331
2.5379,-2.6863,7.2927,-0.0862,0.0691,0.0857,-2.4732,-7.3143,5.0254,-0.0501,-0.2912,0.1966
2.4181,-2.6887,6.9623,0.1352,-0.1893,-0.1840,-1.6089,-6.3758,3.7493,0.2533,0.0642,0.0593
1.8675,-2.3798,6.1244,-0.0933,-0.3718,-0.0336,-2.0063,-6.2728,2.8874,0.0035,-0.2029,-0.1066
1.3408,-2.5786,6.9647,-0.2507,-0.0683,0.1961,-2.5594,-7.2903,2.9449,-0.3327,-0.1230,-0.3014
1.0750,-3.2058,8.4803,-0.1318,0.0565,0.4999,-3.6943,-8.5617,4.1108,-0.4847,0.0414,-0.3397
1.3599,-3.7541,9.5577,0.0308,-0.3353,0.4310,-2.9449,-8.1283,3.5745,-0.0570,-0.4289,-0.1147
1.0319,-3.8403,6.3279,-0.7056,2.0885,0.5120,-3.2729,-7.2856,1.8100,-0.9915,1.4627,-0.1507
-0.1173,-2.7342,5.2170,-0.2848,-0.7180,0.4614,-2.3535,-6.8187,2.9999,-0.1472,-1.7449,-0.1801
2.2410,-3.2441,6.5936,-0.9910,-0.9300,0.8039,-1.6472,-6.9288,2.6169,-0.5168,-1.5543,0.0707
1.5826,-3.5410,6.1100,-0.2066,0.0396,0.5319,-1.1540,-7.1347,2.8563,-0.4603,0.4784,-0.3913
1.2594,-3.7134,5.1739,-0.6694,-1.0112,0.6387,-1.2450,-7.2592,1.8411,-0.2418,-1.6879,-0.1941
1.8172,-4.3096,5.6934,-0.7478,-1.1343,0.7513,-0.3735,-7.5010,2.2098,-0.4724,-1.3616,-0.2959
1.5850,-4.3694,5.9161,-0.6022,-0.9321,0.8131,-0.7853,-7.7476,2.4684,-0.3040,-1.1788,-0.3182
1.9680,-4.6400,5.1715,-0.6550,-1.4032,0.9928,0.0120,-7.4340,1.8028,-0.3357,-1.9955,-0.2240
1.9130,-4.8842,5.1236,-0.8236,-1.5925,1.0443,0.3615,-7.6327,1.9872,-0.3277,-2.0626,-0.3818
2.6911,-5.5306,4.5897,-1.0163,-1.9927,1.2442,1.4102,-7.7189,1.0008,-0.5772,-2.4829,-0.4121
2.5139,-5.6886,3.8810,-1.5817,-2.1353,1.5704,1.4198,-8.1044,0.5459,-1.1387,-3.2223,-0.4856
3.5745,-7.0844,3.8068,-1.8969,-1.8552,1.9408,3.5291,-9.2105,1.5610,-1.8306,-2.8380,-0.4125
4.0749,-7.7261,5.9879,-1.6040,-1.8760,1.7379,2.2649,-10.6183,5.3103,-1.0200,-2.4964,-0.8575
3.9025,-7.8913,4.4843,-0.4948,-2.0579,1.5371,2.7126,-9.3206,0.6943,-0.2002,-2.4038,-0.3250
4.0294,-7.7788,2.9808,-0.9234,-3.2940,1.7525,4.4101,-8.5641,1.3719,-0.2783,-4.3657,-0.3573
4.9225,-8.2744,1.6089,-0.9130,-3.2556,1.7424,5.9424,-8.4084,1.1564,-0.3036,-3.8321,-0.4194
5.9687,-8.5042,1.3168,-1.1967,-2.8257,1.6325,6.4476,-8.5018,1.1732,-0.6230,-3.3994,-0.6311
5.2265,-8.6383,1.4892,-1.0444,-2.1738,1.4945,5.8921,-8.7340,1.3791,-0.5013,-2.6881,-0.6686
5.9927,-9.8833,-0.5076,-1.0809,-2.5523,1.5741,8.0134,-8.5976,-0.8499,-0.6111,-3.3183,-0.4767
6.1507,-10.2280,0.3639,-1.7788,-3.1203,1.4893,8.3701,-9.1650,0.4932,-0.8665,-3.9774,-0.9651
6.2465,-10.3549,-0.2490,-1.2461,-2.2743,1.1266,8.5018,-9.0644,-0.1676,-0.5423,-2.3450,-1.0673
5.6144,-10.3525,-0.8404,-1.1395,-2.3335,0.8692,8.0325,-8.8897,-0.4980,-0.2062,-2.5719,-1.2327
5.5258,-10.6829,-0.3256,-1.0509,-3.0013,0.6129,8.4683,-8.6957,-0.9625,0.3491,-2.9520,-1.5323
4.8650,-11.0445,-0.7901,-0.7192,-4.2148,0.3561,8.6981,-8.8107,-1.6640,1.1355,-3.7867,-1.9921
4.3551,-11.4443,-2.0303,-0.5271,-4.3657,0.3652,8.7652,-8.9112,-2.6193,1.7500,-4.3657,-2.0620
5.0350,-11.4946,-3.8882,-0.3070,-4.3657,0.6082,9.3278,-8.4132,-3.4069,1.7689,-4.3657,-1.7640
5.9568,-11.3078,-5.3103,-0.0405,-4.3657,0.7140,10.1083,-7.9272,-3.2944,1.4433,-4.3657,-1.1185
6.6056,-10.3214,-5.3151,-0.0230,-2.4601,0.4029,10.0628,-7.1491,-2.8060,0.5971,-2.1488,-0.7293
6.2130,-10.1083,-4.2401,-0.2954,-0.3239,-0.0386,9.3494,-7.3622,-1.8603,0.0572,-0.1220,-0.4630
4.6040,-10.1299,-1.8627,-0.1332,0.5435,-0.3552,7.2472,-8.2289,-2.0590,0.0512,1.1870,-0.3317
4.1683,-10.1897,-1.7430,0.2378,0.3052,-0.5510,7.0366,-8.3222,-2.4876,0.5109,0.5921,-0.1994
3.2777,-9.8689,-0.6081,0.5385,-0.4074,-0.3901,5.6886,-8.3965,-2.7078,0.9419,0.0109,-0.0951
3.5698,-9.5984,-1.8052,0.9498,-0.9058,-0.4594,6.7516,-7.5298,-2.9281,1.3636,-0.6059,0.0019
3.1268,-9.2775,-2.0159,0.8167,-1.2421,-0.5099,6.3758,-7.2089,-3.2441,1.4137,-0.6761,-0.2839
3.6464,-9.6319,-2.9616,0.6857,-1.2168,-0.6113,7.0844,-7.1251,-3.6296,1.3352,-0.6703,-0.2546
2.7701,-9.5074,-2.1811,0.4387,-0.7767,-0.7344,6.2058,-7.5896,-3.7182,1.0239,-0.1215,-0.4578
2.7509,-9.6869,-1.8172,0.5698,-0.5818,-0.5213,5.5186,-8.1666,-3.5003,0.9690,-0.0065,-0.1037
2.9066,-9.8186,-2.2745,0.6057,-0.3860,-0.4056,6.3135,-7.8506,-3.9528,0.7993,-0.2665,0.0897
2.9090,-9.8785,-2.1548,0.5501,0.0023,-0.3096,6.1244,-7.8841,-3.8475,0.6051,0.3900,0.2038
2.5690,-9.7779,-2.0997,0.4982,0.3264,-0.3635,5.9975,-7.8386,-3.9600,0.4867,0.4746,0.1633
2.0375,-9.4260,-1.5419,0.5626,0.1769,-0.2260,5.1667,-8.0110,-3.8259,0.5344,0.4891,0.2431
2.3415,-9.5792,-1.7526,0.7593,-0.2466,-0.0823,5.6527,-7.6351,-4.0127,0.7352,-0.1808,0.3890
2.4708,-9.4116,-2.1404,0.6675,-0.5196,-0.0883,6.1579,-7.2951,-4.0055,0.7635,-0.4330,0.2029
2.3846,-9.6319,-2.2865,0.5513,-0.6819,-0.0449,6.0238,-7.3263,-4.3191,0.7230,-0.4006,0.1002
2.1213,-9.3948,-2.3152,0.2927,-0.6406,-0.0137,5.7940,-7.2688,-4.5586,0.4864,-0.5181,-0.0394
2.1069,-9.6031,-0.6345,0.1382,-0.8254,-0.0441,5.5138,-7.7955,-3.4955,0.5613,-0.5532,-0.2529
2.1524,-9.5912,-1.3096,0.4114,-1.7808,-0.0240,5.4564,-7.7309,-3.4620,1.0500,-1.4550,-0.4125
2.1644,-9.3589,-2.2075,0.3340,-2.2555,0.1743,5.6240,-7.5130,-4.1444,1.0283,-2.0432,-0.3014
2.6552,-9.3972,-2.9185,0.2694,-1.7380,0.3877,6.1124,-7.1850,-4.6759,0.6249,-1.6646,-0.1114
2.9018,-9.0549,-3.0694,-0.0292,-0.9160,0.6153,6.3566,-6.8714,-4.3287,-0.0159,-1.0592,0.0649
3.4357,-9.1746,-2.5450,-0.2908,-0.5677,0.7630,6.6798,-7.0581,-3.5291,-0.3956,-0.8873,0.1832
3.7158,-9.2680,-1.9776,-0.3994,-0.4934,0.7101,6.9025,-7.1611,-2.7198,-0.4732,-0.8499,0.0897
3.9145,-9.4499,-1.5395,-0.4365,-0.5983,0.5999,6.7373,-7.3765,-2.4517,-0.3697,-0.8266,-0.0453
3.8188,-9.4667,-1.3958,-0.3801,-0.8452,0.4662,6.7397,-7.5800,-2.4038,-0.1824,-1.0127,-0.1752
3.9840,-9.6247,-1.5371,-0.3269,-0.8912,0.3240,6.8522,-7.8027,-2.3439,-0.0436,-0.9657,-0.2229
3.8810,-9.9862,-1.6688,-0.3155,-0.7689,0.2069,6.6367,-8.0613,-2.6408,-0.0341,-0.7337,-0.2578
3.7781,-10.1466,-1.5778,-0.2562,-0.4584,0.1350,6.6248,-8.3677,-2.6767,-0.0608,-0.4346,-0.1522
3.5219,-10.2783,-1.2163,-0.1660,-0.2305,0.0659,6.3398,-8.6095,-2.7342,-0.0381,-0.1905,-0.1018
3.3160,-10.1801,-1.1277,-0.0203,-0.1912,0.0125,6.1124,-8.4539,-2.6959,0.0931,-0.1155,-0.0377
2.8635,-9.7300,-0.8428,0.0983,-0.2398,-0.0394,5.5881,-8.2552,-2.8012,0.2370,-0.1163,-0.0727
2.8108,-9.5409,-1.1301,0.1641,-0.5072,-0.0532,5.7581,-7.8506,-3.0311,0.3798,-0.4269,-0.0869
2.5833,-9.4834,-1.6089,0.0890,-0.6480,0.0045,5.6934,-7.6998,-3.5817,0.3110,-0.5303,-0.1334
2.8108,-9.3470,-2.0877,-0.1685,-0.4183,-0.0144,5.9903,-7.4771,-3.6416,0.0047,-0.3637,-0.1580
2.7294,-9.8450,-0.5459,-0.1018,0.0441,0.1608,5.2457,-8.6143,-2.6264,-0.1523,-0.0906,0.1223
3.1268,-9.8330,-1.3240,0.0831,0.1232,-0.1548,6.0454,-8.0685,-2.9760,0.1074,0.2328,0.0292
3.3184,-9.6989,-2.1380,0.1859,0.2972,-0.2467,6.7445,-7.3861,-3.4357,0.1392,0.3208,0.1180
3.1675,-9.5577,-2.1237,0.0997,0.3186,-0.3472,6.6319,-7.2951,-3.3734,0.1268,0.5692,-0.0261
3.3543,-9.4763,-2.2505,0.0593,0.2803,-0.3653,6.6056,-7.3334,-3.4812,0.1204,0.4243,-0.0328
3.4692,-9.6869,-2.2817,0.0322,0.2758,-0.4042,6.7660,-7.4292,-3.3686,0.1180,0.4686,-0.0600
3.4093,-9.7396,-2.1021,0.0765,0.3579,-0.4201,6.5410,-7.6184,-3.4189,0.1448,0.5995,-0.0408
3.3471,-9.9335,-2.3152,0.1460,0.3439,-0.4297,6.9121,-7.5729,-3.4141,0.2110,0.5095,-0.0013
3.2010,-9.8976,-2.2170,0.1466,0.2887,-0.4926,6.7086,-7.5441,-3.7206,0.2603,0.6134,-0.1086
3.0909,-9.6438,-2.4876,0.1323,0.1736,-0.4744,6.4955,-7.3047,-3.8906,0.2635,0.3846,-0.0905
2.9353,-9.4786,-2.4995,0.0819,0.2759,-0.3930,6.2824,-7.3765,-3.8834,0.1511,0.5171,-0.0613
2.7174,-9.4571,-2.6839,0.0761,0.3994,-0.2276,6.2824,-7.2185,-4.3096,0.0345,0.4892,0.0356
3.0071,-9.6965,-3.0406,-0.0918,0.3214,-0.1242,6.9671,-6.8738,-4.5514,-0.1045,0.2782,0.0432
2.8012,-9.3709,-2.5067,-0.3355,0.1728,-0.0532,6.4620,-6.9384,-4.3455,-0.3227,0.2242,-0.1883
3.1651,-9.2273,-1.8771,-0.4179,-0.0909,0.0687,6.0621,-7.5274,-2.9401,-0.3396,-0.1323,-0.1426
3.5338,-9.8617,-1.6999,-0.3601,-0.1364,0.1904,6.7684,-7.7476,-2.8180,-0.3052,-0.2615,-0.0601
3.4141,-9.4212,-2.3128,0.1856,-0.6370,0.0472,6.7828,-7.0581,-3.3782,0.3796,-0.5801,-0.0560
3.2968,-9.0884,-2.4828,0.1030,-0.7262,0.0774,6.6487,-6.7971,-3.6847,0.3163,-0.5978,-0.1107
3.2825,-9.0333,-2.6552,0.0013,-0.6504,0.1785,6.4548,-6.8474,-3.6009,0.1632,-0.6432,-0.0620
3.4093,-9.2680,-2.5618,-0.0999,-0.5449,0.2960,6.7229,-6.8929,-3.5698,-0.0057,-0.6123,-0.0184
3.5386,-9.3206,-2.4780,-0.1924,-0.5376,0.3529,6.8857,-7.0222,-3.4500,-0.1018,-0.6583,-0.0505
3.8571,-9.4571,-2.4205,-0.2663,-0.6610,0.3428,7.1371,-7.0557,-3.1747,-0.1132,-0.7895,-0.1147
3.8714,-9.4739,-2.1644,-0.3191,-0.6873,0.3090,6.9360,-7.3646,-2.9066,-0.1214,-0.7281,-0.1885
4.0606,-10.0844,-2.0351,-0.1952,-0.5528,0.3164,7.1706,-7.8985,-2.8299,-0.0686,-0.6311,-0.0589
4.2306,-10.0365,-2.2386,-0.0986,-0.5117,0.2539,7.5298,-7.6112,-2.8228,-0.0008,-0.5865,-0.0326
4.3191,-9.7803,-2.2936,-0.1420,-0.4698,0.1543,7.5034,-7.4029,-2.6767,-0.0044,-0.4708,-0.0918
4.0797,-9.6271,-1.9465,-0.1364,-0.3028,0.0341,7.0102,-7.5729,-2.5546,0.0216,-0.2186,-0.1228
3.7014,-9.5648,-1.7573,-0.0554,-0.2253,-0.0048,6.4620,-7.6136,-2.6432,0.0632,-0.1540,-0.0649
3.6799,-9.5600,-1.6664,0.0167,-0.2141,-0.0075,6.4883,-7.8003,-2.5786,0.1252,-0.1567,0.0057
3.5961,-9.5481,-1.4868,0.1541,-0.1833,-0.0494,6.4404,-7.8243,-2.6121,0.2349,-0.0831,0.0408
3.8714,-9.9240,-1.6879,0.2639,-0.2926,-0.0869,6.9049,-7.8243,-2.7294,0.3756,-0.2212,0.0926
3.8451,-10.0078,-1.9297,0.3323,-0.2205,-0.1880,7.0270,-7.7812,-2.9808,0.4497,-0.0135,0.0489
3.5961,-9.7971,-2.1356,0.3860,-0.1788,-0.1955,6.7277,-7.6638,-3.0622,0.4790,0.0123,0.1091
3.6272,-9.7324,-2.3631,0.4090,-0.1322,-0.2142,6.9791,-7.5058,-3.2346,0.4842,0.0317,0.1208
3.4692,-9.4763,-2.4421,0.3966,-0.0609,-0.2429,6.7684,-7.1012,-3.3686,0.4602,0.1781,0.0823
3.2944,-9.3134,-2.5786,0.2710,-0.0513,-0.2566,6.7062,-6.9073,-3.6081,0.3576,0.1062,0.0368
2.9185,-9.3254,-2.2027,0.1104,0.0616,-0.2336,6.1938,-7.3957,-3.7661,0.1881,0.2910,-0.0221
2.7390,-9.5984,-2.0039,0.0674,0.0767,-0.1023,6.0023,-7.6638,-3.8283,0.0851,0.1142,0.0678
2.6839,-9.7636,-2.1117,0.0689,-0.0053,0.1041,6.0573,-7.7428,-3.9145,-0.0032,-0.0546,0.1617
3.0718,-9.7851,-2.6217,-0.0233,-0.0648,0.2033,6.8259,-7.2856,-4.0438,-0.1270,-0.2110,0.1487
3.3160,-9.6391,-2.6288,-0.2843,0.0068,0.1857,6.9312,-7.2736,-3.6320,-0.3412,-0.0987,0.0209
3.2920,-9.7636,-1.7980,-0.4353,0.0823,0.0953,6.4715,-7.7620,-3.1005,-0.4080,0.0481,-0.0931
2.9832,-9.9934,-1.1181,-0.3833,0.1276,0.0569,5.7796,-8.4515,-2.6887,-0.3371,0.1090,-0.0574
2.8299,-10.1969,-0.5171,-0.1715,0.0497,0.0614,5.6000,-8.8921,-2.7270,-0.1456,-0.0047,0.0390
2.6360,-9.7348,-2.0734,0.1977,0.0753,0.0380,5.9687,-7.6279,-3.8451,0.0937,0.1018,0.1984
2.6169,-9.6510,-1.0822,0.0612,-0.0417,0.0254,5.6838,-8.1283,-3.0526,0.0707,0.0215,0.0934
2.6360,-9.6965,-0.9529,0.1951,-0.2250,0.0216,5.4564,-8.2887,-3.0502,0.2413,-0.2062,0.1432
2.5091,-9.7947,-0.8643,0.2573,-0.2575,0.0445,5.4588,-8.4300,-3.1675,0.2822,-0.2068,0.1737
2.7318,-10.0987,-0.9697,0.3383,-0.2994,0.0136,5.6695,-8.6622,-2.9449,0.3710,-0.2020,0.2088
3.0430,-10.0604,-0.2945,0.5822,-0.2714,-0.0678,5.5162,-9.1746,-1.3527,0.5433,-0.1155,0.2378
2.1835,-9.5457,-0.2274,1.0441,0.1160,-0.0059,4.3886,-8.6646,-3.2441,0.8633,0.5311,0.4734
2.1763,-9.2488,-1.3216,0.9765,0.0542,0.0445,5.3008,-7.5178,-3.6823,0.6173,-0.0305,0.6663
0.6464,-9.0692,-0.3783,-0.2971,0.8849,0.2928,3.8068,-7.9655,-4.6424,-0.8287,0.5193,0.3079
1.8124,-10.3262,0.4190,-0.5765,0.0036,0.9097,4.4125,-9.6438,-3.1675,-0.9599,-0.4502,0.3012
3.7685,-10.8242,-1.4102,-0.4046,0.4515,0.6121,7.3047,-8.4851,-2.6504,-0.7865,-0.2378,0.4005
1.6185,-8.8538,-0.2705,0.2842,-0.3990,-0.3519,3.8355,-8.1714,-2.8132,0.5196,-0.2162,-0.0254
1.4365,-9.3565,-0.6800,-0.2938,-0.0073,-0.3625,4.3742,-8.2959,-3.5937,-0.0356,0.2144,-0.3721
1.1708,-9.4379,-0.0096,-0.2882,-0.0791,-0.2875,3.7134,-8.8442,-3.2609,0.0108,0.1648,-0.3285
1.1827,-9.8474,-0.0646,-0.2181,-0.2365,-0.1715,4.0103,-9.0309,-3.4500,0.0352,-0.2130,-0.2653
1.3264,-9.8402,0.0383,-0.2068,-0.3460,-0.0218,3.9720,-9.1530,-3.4860,-0.0149,-0.2306,-0.2128
1.9249,-10.1347,-0.2849,-0.1051,-0.4334,0.0979,4.7429,-9.0285,-3.2178,0.0581,-0.5205,-0.0675
1.9824,-10.3837,-0.7063,-0.1881,-0.4668,0.0561,5.3917,-8.8945,-3.5219,0.0185,-0.4984,-0.2121
2.1548,-9.7205,0.0814,-0.2398,-0.5079,0.0861,4.4556,-8.8849,-2.3894,-0.0148,-0.5793,-0.1667
2.0039,-9.8354,-0.2753,0.1661,-0.6913,-0.0240,4.7573,-8.7652,-2.8850,0.4759,-0.6294,-0.1131
1.7334,-9.5624,-0.6440,0.1267,-0.7911,-0.0685,4.7070,-8.2696,-3.5578,0.4383,-0.5484,-0.2579
1.7669,-9.2177,-0.8739,-0.0001,-0.8080,-0.0272,4.5705,-7.9296,-3.4141,0.3447,-0.6742,-0.2535
1.6688,-9.0381,-0.7973,-0.1208,-0.7068,-0.0245,4.4628,-7.8482,-3.3303,0.2268,-0.5726,-0.3385
1.7047,-9.2344,-0.7638,-0.2045,-0.8346,0.0787,4.4796,-8.1163,-3.5985,0.1657,-0.7534,-0.3351
1.9537,-9.7396,-1.1085,-0.3207,-0.9100,0.1583,5.2505,-8.2025,-3.7996,0.0576,-0.9812,-0.3677
1.9489,-9.7612,-1.1061,-0.4227,-0.8928,0.2438,5.0613,-8.2552,-3.7254,-0.0722,-0.8319,-0.4186
2.1715,-9.7779,-1.1229,-0.5368,-0.9766,0.3403,5.3319,-8.2863,-3.5650,-0.1735,-1.1441,-0.4056
2.1572,-9.9311,-0.8715,-0.6499,-1.0079,0.3445,5.3247,-8.4851,-3.3375,-0.2573,-1.0206,-0.5189
2.4445,-10.2328,-0.6608,-0.6793,-1.0701,0.3834,5.3079,-8.9830,-3.0311,-0.2506,-1.1958,-0.4846
2.6839,-10.3142,-0.5507,-0.5865,-1.1646,0.4032,5.6360,-9.0405,-2.7414,-0.1948,-1.2560,-0.4513
3.1053,-10.2807,-0.7518,-0.5141,-1.1750,0.3745,5.9448,-8.9280,-2.5139,-0.1263,-1.2645,-0.3885
3.6129,-10.3789,-0.6201,-0.4076,-1.0276,0.2563,6.2130,-8.8873,-1.9776,-0.0542,-1.0335,-0.3649
3.7110,-10.0509,-0.6704,-0.2300,-0.8617,0.1126,6.1770,-8.7293,-1.7502,0.1140,-0.7810,-0.3357
3.8331,-10.1634,-1.0463,-0.0974,-0.7356,-0.0538,6.4069,-8.5641,-1.8771,0.2559,-0.6134,-0.2699
3.4692,-10.0413,-0.8859,-0.0386,-0.3671,-0.2650,6.0573,-8.4898,-2.3870,0.2915,-0.0746,-0.3148
2.7629,-9.8354,-0.6680,0.0685,-0.1636,-0.3854,5.3558,-8.6215,-2.6576,0.4066,0.1387,-0.2791
2.2817,-9.4571,-0.5890,0.1992,-0.2864,-0.2906,4.6448,-8.4659,-3.0885,0.4323,-0.0277,-0.1456
2.6432,-9.9120,-1.2402,0.2834,-0.3571,-0.1500,5.6958,-8.3318,-3.3279,0.4654,-0.2972,0.0100
2.8204,-9.6798,-1.6688,0.3431,-0.3183,-0.1001,6.0549,-7.6423,-3.4453,0.4470,-0.1551,-0.0421
3.1867,-9.5529,-2.2386,0.1519,-0.5461,-0.0970,6.7301,-7.2927,-3.4453,0.3824,-0.4674,-0.1404
3.4764,-9.5888,-2.4038,-0.0305,-0.6742,-0.2077,7.0437,-7.0940,-3.5075,0.3110,-0.4606,-0.3527
3.5291,-9.4619,-2.3439,-0.2674,-0.5144,-0.2397,6.7780,-7.2784,-3.2394,0.1049,-0.2683,-0.4325
3.2465,-9.3158,-2.2003,-0.3691,-0.0771,-0.2064,6.5098,-7.2975,-3.2010,-0.1442,0.0496,-0.3882
3.5267,-9.3446,-2.3463,-0.4028,0.3399,-0.1476,6.2584,-7.4460,-3.1412,-0.3520,0.3946,-0.1872
3.4477,-9.4260,-1.5730,-0.4515,0.6347,-0.1982,6.2513,-7.6758,-2.6767,-0.4535,0.6165,-0.1360
3.3375,-9.6678,-1.0319,-0.2559,0.4876,-0.2739,6.2010,-8.0780,-2.3439,-0.2029,0.5778,-0.1187
3.6105,-10.1347,-1.5227,-0.0441,0.0417,-0.2828,6.7684,-8.2600,-2.6528,0.1195,0.0659,-0.0878
3.7757,-10.4100,-1.8316,0.1163,-0.1138,-0.3581,7.1778,-8.1547,-2.9808,0.3393,0.1491,-0.1452
3.9025,-10.4914,-2.4493,0.2743,-0.1398,-0.3413,7.5992,-7.9583,-3.4524,0.4525,0.0409,-0.0433
4.0414,-10.3430,-3.0718,0.1978,-0.0633,-0.4680,7.9942,-7.4603,-3.6655,0.3890,0.1331,-0.1159
3.4812,-9.7564,-2.9377,0.0833,0.3804,-0.5456,7.0270,-7.1682,-3.8666,0.2202,0.8352,-0.2016
1.5826,-8.0517,-1.7549,-0.0063,0.0425,-0.1025,4.2808,-6.7588,-4.1803,-0.0344,0.1829,-0.1057
3.2920,-9.3805,-2.8108,-0.2753,-0.2204,0.7268,7.1108,-6.7469,-3.9744,-0.5125,-0.7685,0.2241
4.3622,-9.6534,-3.0430,-0.5873,-0.5343,0.6727,8.3366,-6.5912,-3.5027,-0.6547,-0.9305,0.0160
4.8578,-9.9288,-3.0574,-0.8885,-0.3776,0.4159,8.5329,-6.9911,-2.5762,-0.8063,-0.6971,-0.2522
4.2018,-10.0006,-2.0853,-0.9855,0.2462,0.1163,7.2137,-7.9320,-2.5953,-0.8807,0.3611,-0.3838
4.0151,-10.3166,-1.2857,-0.8805,0.3412,0.0663,6.4476,-8.7867,-2.0806,-0.8003,0.2683,-0.1053
3.7182,-10.5345,0.2634,-0.4038,0.3537,0.0016,6.2632,-9.4116,-1.4533,-0.3778,0.3211,-0.1322
4.2904,-10.5441,-1.8842,0.6404,-1.0039,-0.3876,8.0182,-7.8434,-2.7940,1.1227,-0.7955,-0.2434
3.5506,-9.7683,-2.5977,0.4895,-0.8897,-0.5688,6.9336,-7.2880,-3.6990,1.0333,-0.1446,-0.4538
2.9880,-9.5193,-3.0358,0.2501,-0.4915,-0.4826,6.2991,-7.4364,-4.2138,0.6214,-0.1346,-0.2415
2.3727,-9.4834,-1.7980,0.0585,-0.0546,-0.2923,5.5402,-7.8530,-3.9935,0.2543,0.3018,-0.0766
3.9863,-9.9814,-2.1739,0.1807,-0.6291,0.0250,7.2856,-7.6471,-2.7701,0.3580,-0.4511,-0.0211
4.0677,-10.2951,-2.6193,0.0334,-0.5941,-0.2310,7.7764,-7.6591,-3.0406,0.3585,-0.5324,-0.2204
3.0813,-9.8138,-1.8172,0.0092,0.0300,-0.3504,5.9233,-8.0158,-3.2585,0.2154,0.5947,-0.2342
2.8730,-9.6175,-1.2378,0.0730,0.0857,-0.2757,5.3295,-8.2624,-2.7916,0.1708,0.1669,0.0088
2.7270,-10.1299,-2.0039,0.8926,-0.1228,-0.1571,6.4883,-7.8721,-4.0725,0.8296,-0.0088,0.3892
1.3647,-9.1818,-2.0183,0.6979,-0.6832,0.0501,5.1236,-7.3502,-4.7716,0.7890,-0.5140,0.2751
1.6328,-9.9910,-1.6496,0.5921,-1.0593,0.3772,5.4851,-8.0876,-4.6950,0.6875,-1.1177,0.3091
3.0718,-9.4020,-2.4469,-0.3552,-1.7104,1.0890,6.7732,-6.9623,-3.7230,-0.1503,-2.0474,-0.0609
3.8595,-10.2424,-1.9273,-0.4263,-1.9039,0.5970,7.3023,-7.9033,-2.8515,0.1663,-1.9410,-0.5009
3.7661,-9.7109,-1.9082,-0.3059,-1.9328,0.4213,6.9384,-7.7021,-2.4876,0.3477,-1.8566,-0.5626
3.5099,-9.5672,-1.8100,-0.2257,-1.8214,0.2946,6.6176,-7.5369,-2.7605,0.4604,-1.6374,-0.6217
3.1484,-9.3374,-2.3056,-0.2409,-1.7300,0.2919,6.4069,-7.0437,-3.5674,0.4041,-1.6180,-0.5970
2.9497,-9.1866,-2.3320,-0.4832,-1.6694,0.3621,6.4260,-7.0892,-3.7206,0.1492,-1.6166,-0.6334
3.1053,-9.3925,-2.1189,-0.6388,-1.5528,0.4150,6.4811,-7.3789,-3.3399,-0.0476,-1.6110,-0.6440
3.4836,-9.6774,-1.7454,-0.8160,-1.5564,0.3445,6.8235,-7.5848,-3.0023,-0.1378,-1.5587,-0.7890
3.5291,-9.4954,-1.0606,-0.8969,-1.6685,0.2316,6.2680,-7.9823,-2.3056,-0.1267,-1.5703,-0.8986
3.8331,-10.4196,-0.7326,-0.2862,-1.1507,-0.2133,6.3303,-9.1435,-1.9872,0.4218,-0.8900,-0.6828
3.9792,-10.5105,-1.5706,-0.0193,-0.6608,-0.3595,7.0581,-8.4851,-2.6528,0.4407,-0.3324,-0.4792
3.5602,-9.7157,-1.2426,-0.0334,-0.3062,-0.4622,6.0214,-8.0876,-2.5259,0.3635,0.1452,-0.4626
3.0885,-10.1778,-0.2155,0.0237,0.1506,-0.4978,5.5593,-9.1650,-2.2865,0.2734,0.5136,-0.2090
3.5314,-10.7045,-0.9577,0.3086,-0.0943,-0.4940,6.6535,-9.1530,-2.5043,0.5481,0.0632,-0.0620
4.1803,-10.9176,-1.8914,0.3990,-0.1720,-0.6241,7.5369,-8.6359,-2.8778,0.6638,0.1843,-0.0642
3.7804,-10.3813,-2.2170,0.4450,0.4001,-0.8014,7.1251,-8.1139,-3.0981,0.5998,0.9449,-0.0987
3.1891,-9.8450,-2.4062,0.5392,0.9064,-0.7033,6.8115,-7.7333,-3.6631,0.4028,1.1169,0.2629
4.3838,-10.7236,-3.7206,0.3483,1.4189,-0.6991,8.5665,-7.6878,-3.7350,0.0091,1.5652,0.4239
4.2784,-11.4539,-3.0119,0.2110,2.0384,-0.9695,8.6814,-8.4491,-3.7589,-0.0449,2.3102,0.3236
3.3279,-11.1881,-1.8316,0.5514,1.9706,-1.0092,7.0366,-8.8250,-3.7804,0.2567,2.5538,0.2422
3.2729,-11.0564,-2.0303,0.7625,0.7750,-0.9244,7.4124,-8.6239,-3.6679,0.7639,1.0176,0.3034
3.0694,-10.4435,-2.0111,0.9469,0.3208,-0.9923,6.9695,-7.8937,-3.8235,1.0984,0.9567,0.1310
2.6528,-9.3901,-2.7126,1.0316,0.3264,-0.9654,6.2537,-7.1060,-4.1348,1.1483,1.0369,0.1112
2.1165,-8.7604,-2.8204,0.7974,0.1998,-0.7791,5.8251,-6.5290,-4.5945,0.9867,0.6773,0.0743
1.3838,-8.0804,-2.6983,0.6971,0.2546,-0.5261,4.6567,-6.1339,-5.2146,0.7105,0.8438,0.0882
1.4413,-7.8410,-3.0909,0.4483,0.1783,-0.1535,4.7453,-5.7820,-5.0422,0.2922,0.1680,0.2878
1.2282,-7.9679,-2.6671,0.1019,0.0389,0.1561,5.1906,-5.8993,-5.2146,-0.0104,-0.0432,0.1591
1.7526,-8.9543,-2.8084,-0.2474,-0.4831,0.4542,5.8586,-6.6104,-5.3151,-0.2086,-0.7584,0.0640
2.2338,-9.4906,-2.5929,-0.6159,-0.9754,0.6868,6.3542,-7.0916,-4.8004,-0.4610,-1.4340,-0.1446
2.6624,-9.8306,-2.2482,-0.7485,-1.2267,0.8593,6.4835,-7.6830,-3.9911,-0.5185,-1.5124,-0.2308
3.0335,-10.0700,-2.1404,-0.7201,-1.3767,1.0078,6.7947,-7.9440,-3.7900,-0.4996,-1.8683,-0.1955
3.2633,-10.1562,-2.1045,-0.6668,-1.4918,1.1274,6.9791,-7.9344,-3.4931,-0.4832,-1.9344,-0.1592
3.6320,-10.0102,-2.3798,-0.6205,-1.6133,1.1891,7.3430,-7.7357,-3.3974,-0.4405,-2.1108,-0.1268
3.8499,-10.0556,-2.1668,-0.5915,-1.6301,1.1289,7.5274,-7.7285,-2.9688,-0.3357,-2.0865,-0.1600
4.5873,-10.9894,-1.3408,0.3026,-3.5615,0.7346,8.2145,-8.6838,-1.6807,1.2247,-3.3705,-0.5710
4.9153,-10.6518,-3.7302,0.5079,-3.7558,0.7293,8.5593,-7.8362,-3.0885,1.4389,-3.6924,-0.3256
5.2385,-10.6087,-4.1635,0.3174,-2.5756,0.6285,9.0908,-7.6040,-3.5913,0.8247,-2.4292,-0.0777
4.9871,-10.8481,-2.8323,0.2663,-0.7863,0.3792,8.4827,-8.2720,-2.8730,0.4147,-0.5596,-0.0634
4.2425,-10.7835,-2.0423,0.4832,-0.8366,0.2924,7.6447,-8.5617,-2.7031,0.6620,-0.6896,0.0306
4.0510,-11.2527,-2.1452,0.5534,-1.8133,0.3459,7.9320,-8.6335,-3.3830,1.0046,-1.8214,0.0492
3.6416,-10.4627,-2.7222,0.7385,-1.7493,0.2647,7.4244,-7.7213,-3.8834,1.1214,-1.4658,-0.0574
3.3112,-9.3948,-2.4924,0.5315,-1.7064,0.1851,6.7421,-7.0366,-3.5147,0.9983,-1.4318,-0.1543
3.1723,-8.7628,-2.0758,0.4567,-1.7313,0.1952,5.7293,-7.0150,-3.0430,0.9515,-1.4157,-0.0318
3.0167,-8.7029,-1.7861,0.3980,-1.4703,0.2185,5.6407,-7.1204,-2.9616,0.7766,-1.2858,0.0208
3.3519,-9.1578,-1.6807,0.3437,-1.2312,0.2463,6.0190,-7.4579,-2.4086,0.6142,-1.1170,0.0777
3.0550,-9.6295,-1.4461,0.3805,-0.9345,0.0838,6.1914,-7.7907,-2.7102,0.6667,-0.7488,-0.0254
2.5570,-9.5146,-1.4700,0.3383,-0.7989,-0.0261,5.4636,-7.8530,-3.2801,0.6023,-0.5457,-0.0753
2.5067,-9.3254,-1.3240,0.2497,-0.7380,-0.0360,5.3654,-7.7548,-3.1915,0.5076,-0.5829,-0.0557
2.5929,-9.2823,-1.2713,0.2142,-0.5640,-0.1163,5.4109,-7.7117,-2.9090,0.4631,-0.3547,-0.0950
2.7150,-9.6103,-1.1971,0.1380,-0.5008,-0.2947,5.6479,-8.0230,-2.8108,0.4572,-0.2439,-0.1885
2.6049,-9.8043,-1.1253,0.1264,-0.2080,-0.4572,5.3702,-8.3773,-2.9161,0.4202,0.1680,-0.1860
2.3822,-10.1131,-1.0822,0.2169,0.2224,-0.5313,5.2792,-8.6431,-3.3184,0.3953,0.5432,-0.0813
1.9848,-10.2831,-1.3743,0.2613,0.5208,-0.5942,5.3989,-8.6622,-3.7948,0.3383,0.7566,0.0073
1.8124,-10.6015,-0.4717,0.1805,0.6567,-0.7396,5.0159,-9.0453,-3.6033,0.3319,1.1142,-0.0993
1.0319,-10.7955,0.0048,0.3830,0.4739,-1.0607,4.6424,-9.6367,-3.6176,0.8330,1.0946,-0.3507
-0.2753,-10.0796,0.3280,0.7394,-0.6927,-0.7778,2.5714,-9.7779,-4.7214,1.3003,0.2074,-0.2306
0.3328,-10.1873,-0.5267,0.9313,-1.0826,-0.4422,3.7421,-9.0692,-4.7740,1.4052,-0.9253,0.1375
0.4357,-9.1842,-1.3336,0.8961,-0.9908,-0.1707,3.7685,-7.9416,-4.8961,1.1206,-0.5883,0.1065
0.8739,-8.8035,-1.3455,0.6150,-0.9839,-0.0244,4.1922,-7.3382,-4.3934,0.8776,-0.7349,0.0590
0.7470,-8.5210,-1.1995,0.3741,-1.1341,0.0238,4.0079,-7.1946,-4.1946,0.7216,-0.9426,-0.1347
0.7877,-8.4827,-1.6592,0.2783,-1.2633,0.3056,3.8355,-7.2305,-4.4317,0.5477,-1.1868,-0.0502
1.4581,-8.7819,-2.0375,0.0300,-1.2638,0.5057,5.0685,-6.9336,-4.8147,0.2525,-1.5664,-0.0350
1.6424,-8.8849,-1.9345,-0.2281,-1.2111,0.7546,5.2218,-7.1204,-4.4101,-0.0665,-1.3173,-0.1350
2.4134,-9.5481,-2.2984,-0.4838,-1.5579,0.8812,6.2632,-7.2616,-4.2449,-0.2006,-2.0173,-0.1428
2.6432,-9.7372,-1.7717,-0.7489,-1.6285,0.8997,6.4189,-7.6614,-3.7709,-0.4037,-1.9288,-0.4429
3.1029,-10.0509,-2.1069,-0.8092,-1.7712,0.9089,6.8235,-7.8913,-3.4788,-0.3504,-2.0659,-0.4747
3.0119,-9.8904,-2.2697,-0.9579,-1.6602,0.8039,6.8666,-7.6519,-3.8714,-0.4467,-1.9601,-0.7065
3.0742,-9.8785,-1.9465,-1.1816,-1.8145,0.8585,6.5362,-7.9607,-3.4381,-0.6106,-2.0406,-0.7715
3.5841,-10.2208,-1.3671,-1.3134,-1.8714,0.7625,6.9983,-8.3510,-2.5809,-0.6566,-2.1825,-0.8616
4.0151,-10.5872,-1.1779,-1.1334,-1.8469,0.6258,6.8498,-9.1435,-1.8627,-0.4674,-1.8711,-0.8656
4.2090,-11.1378,-0.8212,-0.9890,-1.6717,0.3431,7.3310,-9.3326,-1.9848,-0.2353,-1.7465,-0.9000
4.4077,-10.9798,-0.3711,-0.4403,-1.6193,-0.2595,6.7876,-9.4451,-1.1612,0.4235,-1.2355,-0.9382
3.5841,-9.7229,0.1101,-0.0679,-1.0604,-0.7400,5.3151,-9.2177,-0.8260,0.7829,-0.3228,-0.8785
3.1196,-9.7205,-0.2059,0.2979,-0.5983,-0.8135,4.8530,-9.1506,-1.7119,0.9681,-0.0258,-0.5023
2.8826,-10.0987,-0.5483,0.6255,-0.1897,-0.7745,5.3103,-9.2249,-2.5067,1.0424,0.3324,-0.1612
3.4213,-10.7284,-1.2426,0.8824,-0.1561,-0.7825,6.4739,-9.0070,-2.8323,1.2165,0.2963,0.0184
3.5338,-10.8769,-1.6807,0.9093,-0.2563,-0.9578,7.1778,-8.6479,-3.2968,1.3438,0.3628,-0.1114
3.2537,-10.8912,-1.8387,0.8713,-0.3324,-1.1110,6.8522,-8.7939,-3.5219,1.3959,0.4596,-0.2194
3.0694,-10.5967,-2.2194,0.9228,-0.1262,-1.1161,6.6032,-8.6455,-3.8714,1.3374,0.6063,-0.1482
2.9473,-10.6805,-2.4948,0.8911,0.1949,-1.0864,6.7133,-8.5305,-4.0917,1.2028,0.8712,-0.0298
2.8252,-10.5441,-2.2338,0.9421,0.3234,-0.9851,6.5457,-8.3989,-4.1707,1.1471,0.9386,0.0687
2.9161,-9.9264,-2.4828,0.9761,0.1252,-0.9290,6.6846,-7.5513,-3.9959,1.1668,0.6595,0.0735
2.8826,-9.5744,-2.6049,0.7024,0.0518,-1.0151,6.6032,-7.2999,-4.0055,1.0529,0.7298,-0.1224
1.8483,-9.0956,-1.8723,0.7152,0.1282,-0.9033,5.0159,-7.5561,-4.1444,0.9862,0.8785,-0.1334
1.9656,-9.4260,-2.2075,0.7186,-0.1663,-0.6025,5.4612,-7.5729,-4.5059,0.9413,0.0865,0.1159
2.0159,-9.6007,-2.3679,0.6797,-0.2602,-0.3741,5.8514,-7.5010,-4.9033,0.8302,0.0939,0.0815
2.0063,-9.2440,-2.7916,0.6303,-0.4225,-0.0441,5.8155,-7.0916,-4.9392,0.6896,-0.2749,0.1595
2.4780,-9.3206,-3.1771,0.3948,-0.7921,0.1847,6.6966,-6.5864,-4.9512,0.5035,-0.8767,0.1494
2.5666,-9.1147,-3.1388,0.1079,-0.8833,0.3339,6.5194,-6.4356,-4.7046,0.2469,-0.8170,-0.0189
2.6719,-8.8585,-2.9856,-0.1262,-0.9471,0.4899,6.4069,-6.2537,-4.3934,0.0233,-1.1385,-0.0685
2.6504,-8.7364,-3.0358,-0.3603,-1.0515,0.6702,6.3327,-6.4452,-4.3048,-0.2024,-1.2873,-0.1179
2.8946,-9.1411,-2.7031,-0.4744,-1.1032,0.8868,6.5721,-6.7947,-4.0797,-0.3591,-1.5099,-0.0679
3.3303,-9.6247,-2.9688,-0.5878,-1.3157,1.0664,7.2616,-7.0485,-4.0223,-0.4668,-1.8435,-0.0360
4.1300,-10.0389,-2.7629,-0.5769,-1.4057,1.0820,8.2145,-7.3622,-2.9161,-0.4521,-1.8883,-0.1334
4.9608,-10.4028,-1.9585,-0.5772,-1.6876,0.8965,8.2744,-7.6758,-2.2386,-0.1799,-1.9386,-0.3677
4.8339,-10.4411,-1.8842,-0.4951,-2.2264,0.5978,8.7053,-7.8362,-2.1093,0.2511,-2.2592,-0.6213
4.6926,-10.1418,-1.9441,-0.3011,-2.3297,0.5221,7.6160,-7.9559,-2.4301,0.4226,-2.1691,-0.5934
4.8052,-9.8019,-2.5379,-0.0505,-2.0434,0.6103,7.7021,-7.4795,-2.3703,0.3998,-2.0777,-0.2817
4.8722,-9.4403,-2.8371,-0.0105,-1.5591,0.5745,8.0110,-6.9240,-2.4948,0.2773,-1.6435,-0.1334
4.8291,-9.3565,-2.7940,-0.0799,-0.9349,0.5341,7.6758,-6.9432,-2.5043,0.0598,-0.9739,-0.0530
4.8674,-9.6462,-2.5714,-0.1236,-0.7869,0.4826,7.9368,-7.0892,-2.5067,-0.0136,-0.9876,0.0052
4.8554,-9.8186,-2.1308,-0.1246,-0.8047,0.3095,7.7740,-7.4364,-1.9776,0.0871,-0.7986,-0.0971
4.9440,-9.8928,-1.8890,0.0829,-0.9086,0.1438,7.8602,-7.5920,-1.8004,0.3897,-0.8603,-0.1151
4.7812,-9.8976,-2.0830,0.1524,-0.9387,-0.1432,7.8793,-7.5369,-2.0494,0.5998,-0.6917,-0.2690
4.1922,-9.7348,-1.7382,0.2836,-0.8503,-0.2831,6.8833,-7.8434,-2.4277,0.7501,-0.4267,-0.2876
4.0797,-10.3669,-2.3200,0.3515,-0.8755,-0.3224,7.4819,-7.9751,-3.1292,0.8147,-0.6139,-0.2140
3.7996,-10.2256,-2.1668,0.3383,-0.5838,-0.3557,6.9815,-7.9104,-3.3543,0.7202,-0.1091,-0.1980
3.6871,-10.0006,-2.5307,0.3543,-0.4815,-0.3675,7.1898,-7.6327,-3.3279,0.6426,-0.2734,-0.1183
3.6919,-9.8976,-2.1332,0.1567,-0.2967,-0.4830,6.7828,-7.7596,-3.1292,0.4722,0.1717,-0.2086
3.1603,-9.7659,-1.7310,0.1282,-0.0528,-0.5473,6.3015,-7.9152,-3.1771,0.3932,0.3277,-0.2074
3.0718,-9.8090,-1.6448,0.0183,0.0564,-0.5332,5.9807,-8.1954,-3.0694,0.2462,0.3179,-0.1511
2.7509,-9.9335,-0.9625,0.1360,0.4094,-0.4574,5.2840,-8.6383,-2.8060,0.2156,0.7747,-0.0096
2.8276,-9.9671,-0.9744,0.3956,0.4844,-0.4233,5.5162,-8.7101,-2.7533,0.3633,0.6189,0.2286
2.5786,-10.1610,-0.9481,0.6299,0.4631,-0.3969,5.6671,-8.6933,-3.0885,0.5528,0.7039,0.3319
2.7701,-10.2089,-1.6999,0.7767,0.2846,-0.4345,6.3758,-8.1068,-3.4955,0.7361,0.4667,0.3372
2.4134,-9.9862,-2.1141,0.6198,0.2052,-0.5012,6.2225,-7.8003,-4.2282,0.6590,0.5609,0.1532
2.2218,-9.9192,-2.1404,0.4442,0.2322,-0.4744,5.7341,-7.8243,-4.4963,0.4748,0.5391,0.1412
1.7885,-9.5002,-1.6472,0.1725,0.4976,-0.4254,4.9728,-7.9847,-4.2617,0.1270,0.7240,0.0970
1.3455,-9.5505,-0.9385,0.1585,0.7252,-0.2029,4.2737,-8.4539,-3.9409,-0.0637,0.9062,0.2984
1.3144,-9.7731,-1.0726,0.2374,0.7590,-0.0657,4.7214,-8.3749,-4.0869,-0.0721,0.5889,0.4230
1.2234,-9.6941,-0.9936,0.2160,0.6146,0.0496,4.7094,-8.2097,-4.4317,-0.0787,0.5875,0.3609
1.5347,-9.6031,-0.9912,0.1708,0.1404,0.1359,4.9321,-8.0804,-3.6559,-0.0045,0.0318,0.1893
1.7813,-8.8705,-2.5929,-0.6508,-0.2972,0.5738,5.7533,-6.5769,-5.2050,-0.7317,-0.7189,-0.0521
2.1213,-9.2105,-1.9656,-1.0788,-0.0906,0.7230,5.3079,-7.4555,-4.0582,-1.1710,-0.4583,-0.1194
2.1931,-9.6199,-1.0918,-1.3106,-0.1220,0.7237,5.6958,-8.0900,-3.5530,-1.3310,-0.6888,-0.2426
2.4062,-9.8952,-0.4812,-1.3059,-0.3592,0.7637,5.0709,-8.8250,-2.8443,-1.2497,-0.7502,-0.2994
2.8012,-10.1011,-0.4405,-1.0874,-0.5023,0.7285,5.5354,-8.9950,-2.4038,-1.0365,-1.0178,-0.2197
2.9664,-10.0892,-0.4573,-0.8418,-0.3726,0.6079,5.5210,-8.9926,-2.2410,-0.8118,-0.6638,-0.2092
3.3830,-10.3022,-0.6704,-0.4610,-0.3305,0.4313,6.0430,-9.0166,-2.1668,-0.5436,-0.6320,-0.0528
3.3160,-10.3621,-1.2665,-0.4254,-0.1375,0.3227,6.4620,-8.6191,-2.8539,-0.4350,-0.4114,-0.1067
3.4477,-10.0724,-1.0534,-0.5224,-0.1803,0.2066,6.1339,-8.4467,-2.4852,-0.4116,-0.2206,-0.1564
3.6440,-9.9862,-0.8523,-0.4270,-0.1176,0.0484,6.1339,-8.5138,-1.8986,-0.2707,-0.1458,-0.1624
3.3064,-9.8785,-0.7111,-0.2402,0.0681,-0.1532,5.8610,-8.4803,-2.0231,-0.0669,0.2346,-0.1871
2.7988,-9.3925,-0.6847,-0.0132,0.1615,-0.2741,5.2098,-8.2025,-2.5259,0.1038,0.2935,-0.1342
2.8012,-9.3661,-1.0487,0.1232,0.0857,-0.2463,5.1954,-8.1427,-2.6264,0.2034,0.2109,0.0204
2.6839,-9.5433,-1.2019,0.2427,0.1876,-0.2948,5.7964,-7.9392,-3.0454,0.2980,0.3693,0.0376
2.9544,-9.8641,-1.9154,0.1284,0.0261,-0.4319,6.4212,-7.7859,-3.4740,0.3146,0.2643,-0.1367
2.6791,-9.9838,-1.9944,0.0394,0.1619,-0.4315,6.0094,-8.0804,-3.7828,0.2086,0.4326,-0.1785
2.6049,-10.6111,-2.1715,-0.0742,0.2305,-0.3208,6.3853,-8.4707,-4.3910,0.0365,0.3126,-0.1011
2.6959,-10.7907,-1.9585,-0.1837,0.3146,-0.2529,6.4811,-8.5018,-4.3934,-0.1516,0.4586,-0.0978
3.0119,-10.0556,-1.1205,-0.2169,0.2777,-0.2765,5.9544,-8.5066,-2.7797,-0.1499,0.3762,-0.1041
3.1795,-10.0102,-0.8739,-0.0025,0.2703,-0.3872,5.9209,-8.7005,-2.0830,0.0966,0.4374,-0.0532
3.0909,-10.5800,-1.3192,0.2626,0.3793,-0.5017,6.3087,-8.8585,-3.0311,0.3569,0.6475,0.0392
3.1268,-10.8721,-1.9704,0.4323,0.4291,-0.5157,6.8450,-8.6862,-3.6248,0.4398,0.6670,0.1315
3.3615,-10.7739,-2.2505,0.4299,0.4439,-0.6189,7.2113,-8.2672,-3.7110,0.4711,0.7356,0.0902
2.8156,-10.1514,-2.0159,0.3881,0.4994,-0.7376,6.3662,-7.8889,-3.8547,0.4930,0.9887,-0.0657
2.2170,-9.4020,-2.0255,0.3269,0.4274,-0.6768,5.5091,-7.5944,-4.0462,0.4158,0.7882,-0.0420
2.3655,-9.1913,-2.0590,0.2486,0.4169,-0.4684,5.6312,-7.4771,-3.9744,0.2102,0.6487,0.1230
2.8898,-9.3757,-2.3391,0.2274,0.6363,-0.2839,6.2537,-7.3167,-3.8427,0.0352,0.7127,0.2813
3.7661,-9.5768,-2.2458,0.1632,0.7181,-0.2533,6.9815,-7.3717,-3.0167,-0.0762,0.7104,0.3256
4.0031,-9.4834,-1.6328,0.1688,0.6667,-0.4217,6.9815,-7.3478,-2.2386,0.0863,0.8294,0.1252
3.8906,-8.9735,-1.2282,0.3178,0.2515,-0.4996,6.2824,-7.2401,-2.0997,0.3937,0.5397,0.0298
3.8547,-8.8466,-1.6903,0.3845,-0.0600,-0.5918,6.6870,-6.9791,-2.0997,0.6181,0.2125,-0.0632
3.4189,-8.8585,-1.9225,0.4098,0.0747,-0.6390,6.1100,-7.0964,-2.9616,0.6679,0.5729,-0.1448
3.0981,-8.9902,-2.3559,0.3689,-0.0500,-0.4668,6.2393,-6.9360,-3.7134,0.5400,0.1721,-0.0646
3.0933,-9.1530,-2.3224,0.1035,-0.0528,-0.2794,6.3925,-7.0270,-4.0917,0.2385,0.1693,-0.0706
3.0933,-9.1602,-2.4421,-0.0497,0.0035,-0.0962,6.2608,-7.0174,-3.7517,0.0120,0.0624,-0.0667
3.1484,-9.1387,-1.9728,-0.1923,-0.1953,0.0173,6.3853,-7.1228,-3.3926,-0.0653,-0.2422,-0.1298
3.1388,-9.2201,-2.0614,-0.2386,-0.3865,0.0930,6.2968,-7.2065,-3.5027,-0.0525,-0.3532,-0.2060
3.0311,-9.0788,-2.1763,-0.3207,-0.5741,0.2000,6.1770,-7.0246,-3.5314,-0.1143,-0.6607,-0.2346
2.9353,-9.1291,-2.2290,-0.4053,-0.5786,0.3062,6.2321,-7.0725,-3.6176,-0.2121,-0.6619,-0.2441
2.8659,-9.2320,-2.2793,-0.4354,-0.6185,0.4626,6.1387,-7.1658,-3.8547,-0.3008,-0.8497,-0.1836
2.9760,-9.3757,-2.5043,-0.5191,-0.7282,0.6350,6.5218,-7.1682,-3.8571,-0.4129,-1.0311,-0.1523
3.2657,-9.6582,-2.5331,-0.5840,-0.8244,0.7437,6.9336,-7.2401,-3.8571,-0.4823,-1.1844,-0.1467
3.5745,-9.8713,-2.7892,-0.6384,-0.9132,0.8240,7.2927,-7.3550,-3.7613,-0.5325,-1.3002,-0.1512
3.7781,-10.0748,-2.6552,-0.6840,-0.9788,0.8198,7.6064,-7.5585,-3.5171,-0.5365,-1.3564,-0.2049
4.1084,-10.0437,-2.7007,-0.6348,-1.0631,0.8066,7.6902,-7.5609,-3.2202,-0.4647,-1.4099,-0.2085
4.3694,-10.1921,-2.6145,-0.6210,-1.1171,0.7264,7.9990,-7.5393,-2.9832,-0.3655,-1.4236,-0.2610
4.3024,-9.9790,-2.4684,-0.5257,-1.1608,0.5716,7.7405,-7.4723,-2.7509,-0.2141,-1.2901,-0.3616
4.4412,-9.8354,-2.1715,-0.4381,-1.1712,0.4513,7.6016,-7.4029,-2.5426,-0.0524,-1.2816,-0.3473
4.4269,-9.7755,-2.2984,-0.2975,-1.1992,0.3389,7.5753,-7.4316,-2.6504,0.0991,-1.2359,-0.3579
4.2329,-9.6989,-2.3415,-0.1966,-1.0836,0.2773,7.3502,-7.4388,-2.6935,0.1573,-1.0271,-0.2970
4.3718,-9.8114,-2.4157,-0.0987,-0.9409,0.2230,7.6088,-7.3837,-2.7294,0.2044,-0.9671,-0.2054
4.4317,-9.8450,-2.7318,-0.1043,-0.8255,0.1364,7.7452,-7.2353,-3.0311,0.1947,-0.7488,-0.2232
4.2593,-9.6798,-2.7461,-0.0969,-0.6233,0.0667,7.4915,-7.2281,-2.8491,0.1471,-0.5335,-0.1960
4.0414,-9.7396,-1.9848,-0.1264,-0.4478,-0.0586,7.1898,-7.4148,-2.6384,0.1637,-0.2856,-0.2563
3.7685,-9.7181,-1.4605,0.0357,-0.6257,-0.1192,6.5841,-7.9009,-2.4469,0.3841,-0.4062,-0.2226
3.8283,-9.6822,-1.6592,0.2443,-0.8637,-0.1406,6.7804,-7.8171,-2.3942,0.6051,-0.6953,-0.1380
4.2377,-9.8114,-2.5235,0.3757,-0.6340,-0.1800,7.3239,-7.6040,-2.8084,0.6348,-0.3848,-0.0040
4.1515,-10.4651,-3.0047,0.3557,-0.1278,-0.2113,7.8051,-7.7405,-3.5147,0.4546,0.0481,0.0743
4.1803,-10.4698,-2.8587,0.2731,0.0967,-0.3119,7.9416,-7.6040,-3.5530,0.3227,0.3507,0.0618
3.9983,-9.8043,-2.4325,0.2144,0.2567,-0.4274,7.1299,-7.4819,-2.7294,0.2867,0.5213,0.0013
3.5051,-9.5744,-2.1883,0.2250,0.3356,-0.5343,6.7876,-7.5226,-3.2082,0.3361,0.6298,-0.0241
2.9090,-9.6127,-2.0590,0.2264,0.4831,-0.5085,6.0980,-7.6710,-3.6919,0.2485,0.7794,0.0298
2.8228,-9.5289,-2.0135,0.2591,0.4986,-0.3623,6.0071,-7.6591,-3.7254,0.1679,0.6356,0.1868
3.0885,-9.7157,-2.0830,0.2462,0.5477,-0.2674,6.4787,-7.5944,-3.6536,0.0950,0.6416,0.2667
3.3064,-9.9096,-2.2266,0.2487,0.6261,-0.2114,6.7253,-7.7500,-3.4644,0.0412,0.6643,0.3224
4.5897,-10.2663,-1.7885,0.2992,1.1750,-0.3976,7.5681,-8.2289,-1.9393,-0.0763,1.2179,0.5045
3.7757,-9.8330,-1.3479,0.4922,1.6013,-0.6009,6.5817,-8.1642,-2.2673,0.1386,1.8433,0.4511
3.0191,-9.4834,-1.1181,0.6567,1.2668,-0.6218,6.0142,-7.8027,-3.1196,0.3781,1.5027,0.4282
2.6025,-9.1482,-1.3910,0.6247,0.6714,-0.5745,5.6719,-7.3334,-3.5410,0.5263,0.8812,0.2742
2.3320,-8.9471,-1.5921,0.4908,0.2292,-0.4858,5.4708,-7.1395,-3.8092,0.5249,0.5183,0.1135
2.0135,-8.7771,-1.7669,0.3023,0.0781,-0.3926,5.2601,-7.0653,-3.9720,0.3816,0.2927,0.0261
1.9249,-8.7029,-1.8747,0.1744,0.1272,-0.2021,4.8794,-7.1539,-4.1827,0.1884,0.2763,0.0581
1.8747,-8.7963,-1.9034,0.0374,0.1130,0.0089,5.1068,-6.9959,-4.3144,-0.0256,0.0604,0.1059
1.9106,-9.0022,-2.0590,-0.1587,0.0897,0.1589,5.2864,-7.1587,-4.3598,-0.2301,-0.0356,0.0679
2.0662,-9.3685,-1.8028,-0.3304,-0.0634,0.2866,5.4636,-7.4867,-4.1899,-0.3798,-0.2385,0.0147
2.3008,-9.6223,-1.7789,-0.4519,-0.1936,0.4139,5.7054,-7.6998,-3.9193,-0.4979,-0.4586,0.0045
2.4804,-9.7157,-1.6233,-0.5219,-0.1719,0.4718,5.7820,-7.8721,-3.6248,-0.5784,-0.4146,-0.0265
2.4134,-9.6151,-1.6640,-0.5321,-0.1411,0.5285,5.7293,-7.8721,-3.6176,-0.6079,-0.4599,-0.0155
2.4780,-9.6367,-1.4581,-0.5778,-0.2623,0.5757,5.8035,-7.8386,-3.7350,-0.6091,-0.6057,-0.0469
2.3750,-9.6510,-1.5850,-0.5957,-0.3976,0.6422,5.6575,-7.8769,-3.6847,-0.6105,-0.7316,-0.0753
2.6288,-9.8737,-1.9465,-0.6460,-0.5441,0.7172,6.1411,-7.8769,-3.8068,-0.6419,-0.9650,-0.0671
2.7677,-10.0269,-1.7549,-0.7111,-0.5196,0.7128,6.2608,-8.0637,-3.6990,-0.6964,-0.8528,-0.1287
2.9257,-10.1921,-1.6065,-0.6937,-0.5572,0.7224,6.2417,-8.3821,-3.3232,-0.6743,-0.9358,-0.0851
3.2370,-10.3765,-1.4198,-0.6226,-0.5299,0.6448,6.4787,-8.4252,-3.0574,-0.5894,-0.8696,-0.0907
3.1173,-10.2065,-1.1468,-0.4466,-0.5208,0.5364,6.2177,-8.5425,-2.8108,-0.3886,-0.7189,-0.0827
3.2010,-10.0556,-1.3216,-0.2622,-0.5712,0.4169,6.3494,-8.2791,-2.7701,-0.1773,-0.7501,-0.0385
3.2178,-10.0509,-1.3575,-0.1479,-0.4660,0.2622,6.2106,-8.2025,-2.8563,-0.0338,-0.4807,-0.0632
3.2058,-9.9551,-1.4748,-0.0374,-0.4503,0.1359,6.2106,-8.1858,-2.8970,0.1077,-0.4831,-0.0314
3.0287,-10.1251,-1.0965,0.0088,-0.4361,-0.0534,6.0861,-8.4874,-2.7198,0.2610,-0.2690,-0.1414
2.6576,-10.3142,-0.5890,0.1640,-0.6049,-0.2418,5.5545,-8.8921,-2.7007,0.5514,-0.3215,-0.1887
2.0734,-10.6925,0.0048,0.3295,-0.8029,-0.4361,5.2337,-9.5074,-3.0430,0.8751,-0.3667,-0.3239
1.6089,-10.4531,-0.2849,0.8833,-1.2737,-0.2930,4.0654,-9.7348,-3.3782,1.3415,-0.7256,-0.0322
2.2984,-10.3310,-2.3415,1.0184,-1.2392,-0.1356,6.0166,-8.3486,-4.3072,1.2729,-1.2569,0.3218
2.3870,-10.0509,-2.7773,0.7020,-0.1238,-0.2138,6.3135,-7.7213,-4.6256,0.6491,0.3144,0.2719
2.0135,-10.0030,-2.4708,0.4483,0.6434,-0.2077,5.7628,-7.8697,-4.5681,0.2077,0.8488,0.3304
1.7334,-9.9144,-1.6783,0.2357,0.6030,-0.1773,5.4612,-8.0804,-4.3934,0.0448,0.5705,0.3008
1.4293,-9.7372,-0.9409,0.2706,0.3356,-0.1467,4.6902,-8.1403,-3.9025,0.1641,0.5914,0.1997
1.4006,-9.1722,-1.0463,0.3304,-0.0135,-0.1180,4.5969,-7.6040,-3.9169,0.3276,0.0005,0.1531
1.2641,-8.7388,-1.6113,0.2947,-0.3258,-0.0501,4.5418,-7.0126,-4.1563,0.3680,-0.2316,0.0608
1.4006,-8.6694,-2.1308,0.1164,-0.3607,0.0329,4.8291,-6.9432,-4.4484,0.1993,-0.3264,0.0064
1.5371,-9.0932,-2.0159,-0.1605,-0.2654,0.1031,5.1523,-7.0988,-4.5466,-0.0640,-0.2835,-0.0966
1.7980,-9.2177,-1.6999,-0.3369,-0.4093,0.1617,5.2385,-7.4172,-4.0055,-0.1748,-0.4660,-0.1807
2.2194,-9.5217,-1.5227,-0.4167,-0.4959,0.1042,5.5713,-7.6950,-3.6823,-0.1684,-0.5513,-0.2827
2.3200,-9.5840,-1.6161,-0.3569,-0.5638,0.1120,5.5617,-7.8099,-3.5075,-0.0939,-0.6348,-0.2838
2.2865,-9.4164,-1.5131,-0.3856,-0.5167,0.0673,5.4923,-7.5872,-3.4596,-0.1112,-0.4206,-0.3750
2.3679,-9.2847,-1.6807,-0.4550,-0.5509,0.0398,5.5976,-7.4555,-3.5721,-0.1234,-0.5624,-0.4190
2.3846,-9.4308,-1.7957,-0.6130,-0.5356,-0.0284,5.7485,-7.5489,-3.7924,-0.2200,-0.4703,-0.5586
2.0710,-9.6055,-1.3982,-0.6909,-0.5296,0.0019,5.2361,-8.1738,-3.6631,-0.2908,-0.4670,-0.5696
3.3471,-10.3693,-1.1612,-0.3977,-0.6539,-0.0117,6.3159,-8.7149,-2.4660,-0.0482,-0.6387,-0.3576
3.0047,-10.4339,-1.5586,0.1495,-0.2836,-0.4306,6.3111,-8.5066,-3.3543,0.4960,-0.0155,-0.2617
2.8683,-10.0485,-1.8148,0.2006,-0.3178,-0.4820,6.2130,-7.9416,-3.5123,0.5305,0.0589,-0.2739
2.7485,-9.7636,-1.9178,0.1944,-0.2526,-0.5015,5.9879,-7.7548,-3.5985,0.5207,0.0997,-0.2525
2.5235,-9.5744,-2.0039,0.2157,-0.1651,-0.4746,5.9256,-7.7141,-3.8116,0.4887,0.1752,-0.2056
2.5139,-9.5864,-2.1213,0.2294,-0.1412,-0.3704,5.8538,-7.6160,-3.9217,0.4275,0.1335,-0.1170
2.7222,-9.6367,-2.2386,0.1927,-0.1828,-0.2983,6.3518,-7.3789,-3.8618,0.3753,-0.0048,-0.0754
2.8587,-9.7612,-2.4253,0.1410,-0.1559,-0.3156,6.5601,-7.4436,-3.8762,0.3411,0.0998,-0.1423
3.0502,-9.7923,-2.3846,0.0994,-0.1982,-0.3056,6.5457,-7.3454,-3.9217,0.3155,0.0015,-0.1442
3.1053,-9.5672,-2.3559,0.0717,-0.1788,-0.2920,6.5194,-7.2784,-3.6990,0.2801,0.0494,-0.1572
3.0742,-9.4978,-2.3990,0.0561,-0.1359,-0.2702,6.5003,-7.2496,-3.6847,0.2382,0.0673,-0.1452
3.1125,-9.4499,-2.4062,0.0402,-0.0966,-0.2328,6.4811,-7.1395,-3.6057,0.2120,0.0426,-0.1090
3.3351,-9.2416,-2.7390,0.0489,-0.1446,-0.1945,6.7397,-6.9145,-3.6464,0.1943,-0.0136,-0.1065
3.3160,-9.3230,-2.9233,0.0288,-0.1099,-0.1899,6.9145,-6.8259,-3.8044,0.1511,0.0366,-0.1299
3.3232,-9.5529,-2.9137,-0.0638,-0.0965,-0.1929,7.0653,-6.9623,-3.9433,0.0845,0.0369,-0.1541
3.4405,-9.8306,-2.7318,-0.1504,-0.1014,-0.1434,7.0294,-7.1251,-4.0318,0.0140,-0.0021,-0.1773
3.4740,-9.7875,-2.6576,-0.2268,-0.2081,-0.1142,7.1060,-7.2185,-3.6703,-0.0153,-0.1384,-0.2242
3.4548,-9.6127,-2.5259,-0.1800,-0.3014,-0.0881,6.9288,-7.2712,-3.4524,0.0496,-0.2000,-0.2297
3.6344,-9.5984,-2.4828,-0.1384,-0.4612,-0.0869,7.1108,-7.1012,-3.3591,0.1419,-0.3705,-0.2473
3.7445,-9.4834,-2.6097,-0.1330,-0.5183,-0.1092,7.1204,-7.0006,-3.3782,0.1855,-0.3536,-0.2859
3.5698,-9.1530,-2.5474,-0.1087,-0.5152,-0.1176,6.7852,-6.8283,-3.2394,0.1943,-0.3604,-0.2886
3.3878,-9.1099,-2.7461,-0.0628,-0.5464,-0.1037,6.8857,-6.7588,-3.3782,0.2221,-0.3917,-0.2743
3.3782,-9.2799,-2.4995,-0.1095,-0.4586,-0.0734,6.7540,-6.8115,-3.5530,0.1668,-0.3409,-0.2406
3.5314,-9.3470,-2.7773,-0.1506,-0.5103,0.0285,6.8714,-6.9145,-3.7589,0.0862,-0.4855,-0.1808
3.7182,-9.5600,-2.8012,-0.1533,-0.4904,0.0750,7.2233,-6.9240,-3.5458,0.0433,-0.4731,-0.1675
3.8259,-9.7037,-2.9018,-0.1944,-0.5067,0.0954,7.4555,-7.0677,-3.5458,0.0213,-0.5000,-0.1605
4.0223,-9.7205,-2.9305,-0.1980,-0.4415,0.0698,7.5729,-7.0773,-3.3950,0.0003,-0.4066,-0.1871
3.9935,-9.6869,-2.7605,-0.2294,-0.4009,0.0060,7.5561,-7.1419,-3.1675,-0.0112,-0.3268,-0.2252
3.6703,-9.7109,-2.1548,-0.0557,-0.2983,-0.0731,6.8331,-7.4915,-3.1412,0.1522,-0.2084,-0.1330
3.5578,-9.5816,-2.4325,0.0809,-0.3555,-0.0240,6.9073,-7.2568,-3.4022,0.2293,-0.2763,-0.0570
3.5195,-9.5002,-2.8898,0.0758,-0.3792,0.0015,7.1802,-6.9216,-3.5889,0.2104,-0.3120,-0.0405
3.5985,-9.3661,-2.8826,0.0392,-0.3222,0.0289,7.1180,-6.8019,-3.5147,0.1559,-0.2595,-0.0445
3.6966,-9.4379,-2.8228,-0.0004,-0.3591,0.0464,7.1371,-6.9336,-3.5267,0.1258,-0.3091,-0.0482
3.7302,-9.4092,-2.7845,0.0072,-0.3619,0.0537,7.1754,-6.9264,-3.5626,0.1206,-0.3151,-0.0274
3.7709,-9.3326,-2.9592,-0.0001,-0.3244,0.0675,7.2257,-6.7469,-3.4141,0.0903,-0.3010,-0.0131
3.9385,-9.3398,-2.8563,-0.0350,-0.2237,0.0390,7.3358,-6.7612,-3.2394,0.0473,-0.2021,-0.0232
3.8618,-9.2775,-2.8802,-0.0340,-0.2125,0.0345,7.2808,-6.7205,-3.3279,0.0456,-0.1857,-0.0204
3.9025,-9.2727,-3.0454,-0.0584,-0.1829,0.0372,7.3478,-6.7277,-3.2872,0.0119,-0.1673,-0.0152
3.9528,-9.3757,-2.7892,-0.0618,-0.1090,0.0040,7.3358,-6.7852,-3.1412,0.0020,-0.0671,-0.0234
4.0007,-9.4332,-2.7773,-0.0418,-0.1120,-0.0256,7.3622,-6.8594,-3.1723,0.0397,-0.0839,-0.0213
3.9313,-9.4284,-2.7390,-0.0342,-0.0802,-0.0701,7.2664,-7.0174,-3.1747,0.0406,-0.0019,-0.0410
3.8355,-9.5505,-2.5977,-0.0060,-0.0406,-0.0919,7.1467,-7.1539,-3.1747,0.0689,0.0312,-0.0159
3.7709,-9.4810,-2.5690,0.0616,-0.0556,-0.1009,7.0964,-7.0246,-3.2441,0.1339,0.0281,0.0096
3.7589,-9.5002,-2.8204,0.0825,-0.0903,-0.0989,7.1204,-6.9935,-3.4692,0.1551,-0.0047,0.0139
3.6559,-9.4643,-2.8515,0.0560,-0.0278,-0.1050,7.1658,-6.7971,-3.5913,0.1104,0.0641,0.0088
3.6679,-9.5098,-2.7557,0.0398,0.0085,-0.0951,7.0749,-7.0988,-3.3734,0.0855,0.0783,0.0329
3.6392,-9.5984,-2.5546,0.0885,-0.0344,-0.1037,7.0581,-7.1682,-3.3112,0.1402,0.0566,0.0289
3.6248,-9.6055,-2.5809,0.1268,-0.1003,-0.1298,7.1060,-7.1539,-3.3854,0.2126,0.0171,0.0184
3.6105,-9.5672,-2.6552,0.1490,-0.1270,-0.1599,7.1228,-7.1156,-3.4955,0.2579,0.0001,-0.0033
3.5123,-9.6654,-2.6935,0.1536,-0.1184,-0.1649,7.0222,-7.1874,-3.6009,0.2562,0.0246,0.0124
3.5099,-9.5481,-2.7342,0.1848,-0.0754,-0.1479,6.9576,-7.1443,-3.6248,0.2477,0.0558,0.0425
3.4165,-9.4140,-2.8108,0.1641,-0.0699,-0.1287,7.0725,-6.7852,-3.6607,0.2216,0.0381,0.0418
3.4668,-9.2201,-3.0047,0.0941,-0.0726,-0.1207,6.9384,-6.6990,-3.8044,0.1557,0.0357,0.0060
3.2753,-9.1602,-2.7629,0.0293,-0.0258,-0.0866,6.6128,-6.8450,-3.7421,0.0810,0.0598,0.0036
3.1340,-9.1315,-2.6839,0.0049,-0.0244,-0.0064,6.5721,-6.7636,-3.7541,0.0183,-0.0092,0.0480
3.2370,-9.0836,-2.8156,-0.0280,-0.0394,0.0710,6.7109,-6.7301,-3.7230,-0.0528,-0.0894,0.0786
3.5099,-9.3254,-2.8060,-0.0921,-0.0288,0.1090,6.9647,-6.8043,-3.6368,-0.1118,-0.0823,0.0673
3.6488,-9.4667,-2.6935,-0.1183,-0.0372,0.1191,7.0988,-6.9456,-3.4261,-0.1346,-0.0989,0.0384
3.8307,-9.6295,-2.6552,-0.1344,-0.1003,0.1240,7.3047,-7.0126,-3.3758,-0.1327,-0.1757,0.0368
3.8882,-9.5385,-2.6911,-0.1298,-0.0365,0.0608,7.3215,-7.0006,-3.1556,-0.1164,-0.0441,-0.0036
3.7757,-9.4882,-2.5929,-0.1148,0.0139,0.0027,7.1443,-7.0773,-3.2106,-0.0770,0.0069,-0.0068
3.6895,-9.5337,-2.4038,-0.1046,0.0091,-0.0374,7.0102,-7.1754,-3.2034,-0.0568,0.0504,-0.0426
3.5027,-9.4044,-2.2075,-0.0667,-0.0157,-0.0358,6.6367,-7.1658,-3.2944,-0.0193,0.0241,-0.0119
3.6344,-9.3494,-2.5235,-0.0578,-0.0380,-0.0372,6.9168,-6.9935,-3.2561,-0.0065,-0.0252,-0.0072
3.3902,-9.2344,-2.4972,-0.0410,0.0254,-0.0428,6.6032,-6.9168,-3.3136,-0.0115,0.0942,-0.0127
3.3112,-9.3230,-2.4972,-0.0762,-0.0089,-0.0151,6.7708,-6.9528,-3.4165,-0.0461,-0.0266,0.0101
3.4237,-9.3972,-2.4349,-0.0783,0.0228,0.0025,6.7684,-7.1706,-3.3806,-0.0600,0.0484,0.0087
3.4860,-9.4715,-2.4900,-0.0594,-0.0441,0.0385,6.8426,-7.0797,-3.4285,-0.0538,-0.0738,0.0430
3.7517,-9.5241,-2.6097,-0.0709,-0.0298,0.0325,7.1946,-6.9959,-3.3830,-0.0582,-0.0365,0.0294
3.6176,-9.3518,-2.5690,-0.0961,0.0404,0.0116,6.9264,-6.9911,-3.3016,-0.0957,0.0606,0.0059
3.6248,-9.4164,-2.6240,-0.1190,0.0650,0.0269,6.9695,-7.0006,-3.3208,-0.1292,0.0280,0.0357
3.5267,-9.4284,-2.3846,-0.1162,0.1043,0.0386,6.8474,-7.0868,-3.3591,-0.1474,0.1025,0.0322
3.6655,-9.4212,-2.6193,-0.1126,0.0224,0.0942,7.0509,-7.0413,-3.3926,-0.1450,-0.0755,0.0673
3.8451,-9.5505,-2.7198,-0.1737,0.0398,0.0678,7.4172,-6.9336,-3.3112,-0.1879,0.0043,0.0096
3.7278,-9.4858,-2.5283,-0.1981,0.0930,0.0268,6.9887,-7.1539,-3.2106,-0.2033,0.0887,-0.0135
3.7709,-9.6391,-2.3200,-0.1812,0.0907,0.0196,6.9623,-7.3143,-3.0694,-0.1785,0.0530,0.0076
3.7972,-9.6438,-2.0446,-0.1110,0.0745,-0.0297,6.9408,-7.4436,-2.8587,-0.0915,0.1148,-0.0107
3.5985,-9.5936,-2.0662,-0.0290,0.0119,-0.0769,6.8618,-7.4747,-2.8874,0.0316,0.0460,-0.0064
3.6320,-9.6869,-2.1117,0.0726,-0.0225,-0.1172,6.8833,-7.4747,-3.1340,0.1484,0.0710,0.0169
3.4836,-9.7252,-2.4157,0.1071,-0.0173,-0.1478,6.9097,-7.3478,-3.3543,0.1745,0.0727,0.0153
3.3710,-9.6510,-2.4732,0.1344,-0.0151,-0.1418,6.8642,-7.2281,-3.5147,0.1927,0.0863,0.0316
3.3040,-9.6223,-2.6145,0.1156,-0.0679,-0.1112,6.8618,-7.0820,-3.8954,0.1655,0.0365,0.0216
3.1005,-9.2799,-2.7797,0.0361,-0.0715,-0.0630,6.7062,-6.8498,-3.9959,0.0803,0.0097,0.0001
3.0765,-9.3111,-2.7414,-0.0562,-0.0462,0.0218,6.6487,-6.8283,-3.9361,-0.0362,-0.0612,0.0183
3.2848,-9.3134,-2.7557,-0.1687,-0.0217,0.0831,6.8402,-6.9264,-3.7110,-0.1759,-0.0729,0.0057
3.4620,-9.4739,-2.4828,-0.2377,0.0237,0.1034,6.7540,-7.1754,-3.4788,-0.2453,-0.0309,-0.0063
3.3806,-9.3781,-2.0518,-0.2288,0.0207,0.0898,6.4572,-7.3143,-3.1029,-0.2250,-0.0264,-0.0233
3.4069,-9.3254,-2.0183,-0.1647,-0.0157,0.1023,6.5673,-7.2880,-3.0454,-0.1688,-0.0870,0.0240
3.4907,-9.3111,-2.2793,-0.1367,0.0570,0.1094,6.6080,-7.1036,-3.2322,-0.1911,-0.0148,0.0589
3.4979,-9.2464,-2.4732,-0.1600,0.1402,0.1316,6.7181,-7.0773,-3.3040,-0.2421,0.0421,0.0742
3.6248,-9.5241,-2.4565,-0.1997,0.0807,0.1279,7.0916,-7.1419,-3.3519,-0.2483,-0.0336,0.0516
3.6727,-9.5289,-2.4828,-0.2070,0.0750,0.0847,7.0892,-7.0509,-3.1987,-0.2336,0.0211,0.0003
3.6847,-9.4403,-2.4301,-0.2365,0.0939,0.0400,6.9695,-7.0485,-3.1077,-0.2389,0.0504,-0.0276
3.5386,-9.3278,-2.1500,-0.2333,0.1498,0.0039,6.7540,-7.1323,-3.0646,-0.2333,0.1480,-0.0417
3.4500,-9.2751,-2.1021,-0.2066,0.1551,0.0041,6.4859,-7.2137,-3.1029,-0.2082,0.1170,-0.0165
3.3232,-9.3972,-1.9178,-0.1484,0.0842,0.0107,6.3853,-7.3263,-3.0047,-0.1387,0.0679,-0.0201
3.4907,-9.5098,-2.2601,-0.0926,-0.0817,0.0454,6.7876,-7.2472,-3.1795,-0.0726,-0.1390,0.0316
3.7733,-9.6510,-2.5738,-0.0983,-0.0192,0.0437,7.1204,-7.2832,-3.3902,-0.1073,-0.0238,0.0288
3.8211,-9.6534,-2.5857,-0.1243,0.1527,0.0218,7.1491,-7.1898,-3.2394,-0.1667,0.1339,0.0322
3.8211,-9.6462,-2.4421,-0.1511,0.1900,-0.0161,7.1611,-7.1898,-3.1005,-0.1787,0.1549,0.0270
3.7589,-9.8186,-2.3367,-0.0918,0.1729,-0.0601,7.0844,-7.4627,-3.1125,-0.0978,0.2084,0.0144
3.7110,-9.6774,-2.4588,-0.0153,0.1051,-0.0806,6.9815,-7.4292,-3.1963,-0.0209,0.1358,0.0402
3.6392,-9.5026,-2.5905,0.0116,0.1444,-0.0934,6.9384,-7.0294,-3.2537,-0.0063,0.2026,0.0521
3.5650,-9.3781,-2.6647,0.0121,0.2236,-0.1103,6.9552,-6.9671,-3.3974,-0.0128,0.2541,0.0612
3.4500,-9.3972,-2.6935,-0.0129,0.1828,-0.1091,6.8666,-6.9049,-3.6607,-0.0196,0.2313,0.0270
3.3806,-9.4044,-2.5402,-0.0362,0.0564,-0.0918,6.8929,-6.9288,-3.4979,-0.0025,0.0986,-0.0013
3.6081,-9.3278,-2.7557,-0.0228,0.0181,-0.0859,6.9623,-6.8522,-3.5123,0.0143,0.0642,-0.0001
3.4979,-9.3518,-2.6647,-0.0626,0.0446,-0.0859,6.8235,-6.9767,-3.3974,-0.0072,0.1126,-0.0336
3.4836,-9.4475,-2.5402,-0.0429,0.0119,-0.0865,6.9456,-7.0437,-3.3926,0.0099,0.0428,-0.0167
3.4500,-9.3613,-2.5833,-0.0442,0.0060,-0.0825,6.8594,-7.0485,-3.5362,0.0121,0.0707,-0.0332
3.5243,-9.6055,-2.8754,-0.0338,-0.0502,-0.0217,7.0749,-7.0773,-3.6847,0.0101,-0.0476,0.0119
3.6152,-9.6486,-2.8802,-0.0799,-0.0454,-0.0056,7.3502,-6.9121,-3.7541,-0.0525,-0.0352,-0.0195
3.6296,-9.4595,-2.8802,-0.1728,0.0016,-0.0145,7.1874,-6.7852,-3.5961,-0.1319,0.0282,-0.0653
3.5434,-9.4116,-2.7054,-0.2394,0.0742,-0.0266,6.9719,-6.8785,-3.5243,-0.2009,0.0735,-0.0822
3.3447,-9.3996,-2.3032,-0.2591,0.1255,-0.0115,6.5793,-7.2209,-3.3854,-0.2270,0.1438,-0.0774
3.4141,-9.4739,-2.2098,-0.2082,0.0682,0.0318,6.6104,-7.2592,-3.2417,-0.2032,0.0045,-0.0127
3.4453,-9.2751,-2.3870,-0.1700,0.0897,0.0257,6.6487,-7.1012,-3.1651,-0.1764,0.0707,-0.0051
3.4500,-9.4116,-2.3750,-0.1514,0.0983,0.0336,6.6439,-7.1754,-3.3782,-0.1692,0.0544,0.0211
3.6129,-9.5289,-2.5139,-0.1464,0.0790,0.0561,6.9671,-7.1754,-3.4022,-0.1653,0.0270,0.0368
3.7110,-9.6247,-2.3703,-0.1120,0.0493,0.0432,7.0294,-7.2592,-3.3208,-0.1164,0.0282,0.0241
3.6990,-9.6295,-2.5642,-0.0753,-0.0120,0.0217,7.1587,-7.1754,-3.3136,-0.0610,-0.0348,0.0226
3.8116,-9.5696,-2.5163,-0.0629,-0.0426,-0.0168,7.1682,-7.0605,-3.3423,-0.0189,-0.0105,-0.0147
3.6368,-9.4475,-2.5666,-0.0582,-0.0372,-0.0222,7.0126,-7.0126,-3.4261,-0.0139,-0.0043,-0.0193
3.6966,-9.5002,-2.7940,-0.1011,-0.0234,0.0113,7.1826,-6.9360,-3.6296,-0.0769,-0.0429,0.0088
3.6679,-9.3757,-2.6121,-0.1483,0.0521,0.0072,6.9408,-6.8929,-3.3208,-0.1415,0.0777,-0.0321
3.6703,-9.2751,-2.6193,-0.1831,0.0365,-0.0104,6.9384,-6.8546,-3.1268,-0.1533,0.0293,-0.0470
3.5650,-9.2895,-2.3607,-0.1923,0.1206,-0.0302,6.7038,-7.0485,-3.1603,-0.1684,0.1356,-0.0329
3.4572,-9.4475,-2.3703,-0.1529,0.1764,0.0089,6.6511,-7.3143,-3.2920,-0.1843,0.1392,0.0374
3.6871,-9.5074,-2.3990,-0.1005,0.1769,0.0513,6.9264,-7.1874,-3.2130,-0.1720,0.1045,0.1049
3.7086,-9.5696,-2.4493,-0.0542,0.1575,0.0160,7.0892,-7.1874,-3.2777,-0.0990,0.1523,0.0609
3.7685,-9.5744,-2.8467,-0.0348,0.0410,0.0003,7.4077,-6.7540,-3.6512,-0.0490,-0.0004,0.0484
3.7637,-9.3637,-3.1316,-0.1316,0.0600,0.0060,7.3215,-6.7804,-3.6344,-0.1446,0.0689,0.0047
3.8618,-9.3398,-2.7366,-0.1879,0.2140,-0.0266,7.2880,-6.9097,-3.2992,-0.2016,0.1998,-0.0218
3.7302,-9.3230,-2.4972,-0.1628,0.1183,-0.0384,6.9671,-6.9025,-3.0742,-0.1327,0.1150,-0.0394
3.8235,-9.3494,-2.6671,-0.1843,-0.0292,-0.0714,7.2664,-6.8307,-3.2034,-0.1046,-0.0181,-0.0843
3.7062,-9.3254,-2.3367,-0.1703,0.1122,-0.1219,6.6774,-7.1587,-3.1029,-0.0939,0.2475,-0.1138
3.5219,-9.3541,-2.2817,-0.0983,0.0400,-0.0698,6.6607,-7.1132,-3.0837,-0.0446,0.0274,-0.0172
3.6200,-9.4116,-2.3798,-0.0538,0.0249,-0.0790,6.8570,-7.0940,-3.2010,-0.0089,0.0958,-0.0294
3.5410,-9.3134,-2.6839,-0.0260,0.0522,-0.0646,6.9528,-6.9935,-3.4955,-0.0057,0.0778,0.0003
3.6990,-9.4308,-2.7294,-0.0934,0.0614,-0.0628,7.1180,-6.9456,-3.4979,-0.0628,0.0843,-0.0168
3.5458,-9.2991,-2.7461,-0.0818,0.0714,-0.0426,6.9312,-6.9216,-3.3615,-0.0715,0.1132,0.0005
3.9025,-9.3925,-2.8563,-0.1146,0.0601,-0.0296,7.2975,-6.9360,-3.1388,-0.1214,0.0169,0.0398
4.1108,-9.4499,-2.5426,-0.0941,0.2257,-0.0882,7.2616,-6.9935,-3.0167,-0.1294,0.3227,0.0230
4.1731,-9.4236,-2.3056,-0.0986,0.2730,-0.1311,7.1874,-7.2185,-2.6145,-0.1172,0.2746,0.0590
4.4891,-9.6510,-2.3176,-0.0060,0.3226,-0.1366,7.3670,-7.3478,-2.6240,-0.0961,0.3780,0.1507
4.5705,-9.6271,-2.1356,0.0436,0.4736,-0.2262,7.5776,-7.3502,-2.3798,-0.0442,0.5500,0.1589
4.4772,-9.6438,-2.3727,0.1404,0.5629,-0.2795,7.5489,-7.3167,-2.5163,0.0320,0.6667,0.1689
4.9201,-9.4379,-2.4062,0.1423,0.5092,-0.3078,7.4268,-7.3574,-2.3750,-0.0127,0.6488,0.1944
4.8507,-9.4906,-1.7023,0.1065,0.8479,-0.3559,7.5154,-7.4795,-2.0135,-0.0811,0.9669,0.2511
4.4772,-9.2081,-1.4246,0.2222,0.9741,-0.3917,6.8043,-7.5322,-1.9178,0.0246,1.1068,0.2334
4.2066,-9.1985,-1.4485,0.2757,0.5120,-0.3214,6.9647,-7.2640,-2.2505,0.1951,0.5796,0.2212
4.5945,-9.2105,-1.7885,0.1940,0.1511,-0.3075,7.4460,-7.0940,-2.1308,0.1506,0.2635,0.1053
5.6623,-9.5553,-1.1037,0.3536,0.1817,-0.3256,7.7548,-8.2480,-0.0599,0.3785,0.4923,0.0305
5.5665,-9.5577,-0.6345,0.7927,0.9266,-0.2280,7.1778,-7.8243,-2.0087,0.5753,1.2172,0.3436
6.5960,-9.6223,-1.7310,0.3585,0.6443,-0.2352,8.6167,-7.4436,-0.6752,-0.0751,0.3905,0.5311
7.3023,-9.5864,-1.2043,-0.1502,0.9266,-0.3655,9.0597,-7.5896,0.0359,-0.4417,0.9808,0.5800
7.1802,-9.3015,-0.5315,-0.1356,2.3122,-0.7100,8.3701,-7.9583,0.4884,-0.7867,2.5299,0.5235
6.0454,-8.8681,0.4717,-0.0285,2.7169,-0.8154,7.2425,-8.3055,1.5395,-0.6996,2.6296,0.5119
5.6383,-8.2313,0.3687,0.2574,2.5899,-0.7513,6.4739,-7.4939,0.3400,-0.4114,2.8232,0.6249
5.6312,-7.8099,0.5818,0.1920,2.2220,-0.8275,6.2201,-6.9743,0.2969,-0.3468,2.2653,0.4668
5.4037,-7.5561,0.7638,0.1908,1.8494,-0.9846,5.8658,-7.0318,0.5698,-0.1256,2.2791,0.2108
4.7836,-7.4292,0.9313,0.2601,1.6963,-0.9435,5.4731,-7.0294,0.1173,-0.0370,2.0916,0.0985
4.5633,-7.3167,1.5826,0.1744,1.3885,-0.9379,3.8786,-8.1594,1.5107,0.1184,1.9428,0.2397
4.2210,-6.9911,2.0423,0.4968,1.3672,-0.7580,4.4245,-7.3167,0.3926,0.3275,1.7986,0.7045
4.6663,-6.6702,1.5347,0.4017,1.3678,-0.5745,4.4987,-7.0222,1.0463,0.0075,1.4581,0.4149
4.3503,-6.7373,2.3463,0.1816,1.1914,-0.6195,4.2018,-7.3574,1.5730,0.0473,1.5940,0.2935
3.9983,-6.4667,2.5881,0.3155,1.1832,-0.5893,3.2992,-7.2808,1.0439,0.2085,1.4755,0.2566
4.0869,-6.4811,1.9345,0.3834,0.5854,-0.4100,3.8259,-6.9240,0.8739,0.2246,0.6771,0.2058
4.4341,-6.6176,1.9106,-0.0610,0.0895,-0.2898,4.3239,-6.8738,0.8356,0.0544,0.3432,0.0148
4.9847,-7.0797,2.3750,-0.3130,0.1033,-0.2587,4.0845,-7.9176,1.8651,-0.1088,0.3856,0.0065
4.8052,-7.2880,2.9185,-0.3877,0.4048,-0.1881,4.2593,-8.1020,1.3072,-0.3698,0.4732,-0.1330
5.2385,-7.4579,3.1627,-0.4934,0.3838,-0.1099,4.0438,-8.6311,2.5379,-0.4696,0.3693,-0.2088
5.2457,-7.8650,3.4572,-0.4331,0.3111,-0.1311,4.1300,-8.8466,2.5570,-0.3375,0.3455,-0.1480
5.0949,-7.5776,3.8164,-0.3720,0.2747,-0.1657,3.5698,-8.9854,2.7701,-0.2954,0.3303,-0.2213
4.9967,-7.4268,2.9856,-0.1793,0.1247,-0.1569,4.0486,-8.3510,2.0279,-0.1034,0.1259,-0.1026
4.8387,-7.2760,2.2314,-0.3159,0.1924,-0.1347,4.0007,-7.9200,1.5610,-0.2622,0.2563,-0.1677
4.7046,-7.0581,2.5379,-0.4766,0.3877,-0.0971,3.8810,-7.8458,1.5586,-0.4358,0.4394,-0.1476
4.5610,-7.1946,2.7390,-0.5268,0.4990,-0.0448,3.5602,-8.2384,2.0590,-0.5003,0.4142,-0.0659
4.4532,-7.4819,3.1819,-0.5648,0.4766,0.0356,3.4381,-8.5880,1.7382,-0.5770,0.4477,-0.0739
4.5705,-7.7740,3.2441,-0.6041,0.3455,0.1693,3.4788,-8.8514,1.7765,-0.6764,0.1684,-0.0301
4.7597,-7.8769,3.7397,-0.6626,0.2531,0.1680,3.5267,-9.2680,2.5115,-0.6787,0.1352,-0.0683
4.8602,-8.0685,4.4317,-0.4314,0.2248,0.1805,2.7940,-9.8976,3.1220,-0.4864,0.1749,0.0081
4.8052,-8.2432,3.8547,-0.2365,0.2658,0.1394,3.5195,-9.4092,2.3631,-0.3581,0.0604,0.1343
4.1300,-8.0924,3.8403,-0.1812,0.5132,0.1304,2.9377,-9.5457,1.8459,-0.3916,0.4542,0.1705
4.2784,-7.9559,3.8882,-0.0284,0.4014,0.1463,2.7007,-9.5481,2.2625,-0.2026,0.2838,0.4080
3.6703,-7.7069,3.9073,0.1559,0.3244,0.1503,2.5570,-9.2201,1.8268,-0.1110,0.2801,0.3928
3.6703,-7.8506,3.4453,0.1450,0.3953,0.2157,2.6121,-9.2512,1.4988,-0.1647,0.2333,0.5521
3.6152,-7.8266,3.7134,0.0867,0.5716,0.1986,2.5905,-9.1291,1.4293,-0.2455,0.4620,0.4361
3.2681,-7.5633,4.0989,0.2188,0.4506,0.1545,2.0614,-9.2967,1.6903,-0.1094,0.3615,0.4141
3.1651,-7.6614,3.6009,0.3669,0.2783,0.2575,2.0518,-9.2536,1.2905,0.0285,0.0544,0.7045
3.6823,-7.9009,2.9521,0.3258,0.3238,0.2980,3.3327,-8.7029,0.9074,-0.0981,0.0778,0.5416
3.8595,-7.9751,3.1508,0.0970,0.3387,0.2212,3.0837,-9.1195,1.6233,-0.2213,0.2687,0.3993
3.5745,-7.8171,3.8786,0.0616,0.4215,0.0939,2.2601,-9.4643,1.5347,-0.1631,0.4411,0.3247
3.2441,-7.9751,4.1132,0.0981,0.4928,0.1078,2.0111,-9.8186,1.9321,-0.2292,0.3448,0.3114
2.9090,-8.4228,5.6024,0.3553,0.4871,0.1071,1.1684,-11.0421,3.0742,0.1404,0.5115,0.2669
2.6647,-8.2839,5.3247,0.8108,0.4630,0.2144,0.4956,-10.3070,0.5004,0.3044,0.6865,0.6082
2.9760,-8.2408,5.0278,0.3865,-0.0946,0.3772,1.5012,-10.4722,2.0111,0.0637,-0.6182,0.9802
3.6966,-8.4204,5.6814,0.3142,-0.1275,0.3419,2.1476,-10.4890,2.9353,0.1498,-0.1272,0.7927
2.9521,-7.7309,5.3606,0.6125,0.4195,0.1943,0.7685,-9.9431,1.8507,0.1246,0.5861,0.5865
2.2889,-7.2784,5.0518,0.4331,0.5316,0.3080,0.4621,-9.5002,1.7933,-0.0698,0.1759,0.7612
2.3272,-7.1251,4.9943,0.2377,0.4038,0.2701,0.7925,-9.1554,1.6568,-0.1143,0.3216,0.5725
2.2984,-6.9839,5.5593,0.3126,0.6455,0.1599,-0.2322,-9.6726,2.2290,-0.1673,0.5878,0.5437
2.3870,-6.9097,5.4947,0.2597,0.4170,0.1920,0.2298,-9.4739,2.1979,-0.0721,0.2052,0.6259
2.0063,-6.9336,5.4085,0.3483,0.5701,0.1616,-0.1484,-9.3613,1.7765,-0.1022,0.5808,0.5092
1.7310,-6.7971,5.6048,0.2943,0.6484,0.0925,-0.4980,-9.5648,2.2625,-0.0771,0.5160,0.5682
1.2091,-6.5960,5.7796,0.4108,0.7957,0.1291,-1.0247,-9.3541,1.3910,-0.0750,0.7297,0.6298
1.2402,-7.1922,5.5881,0.3175,0.3953,0.0873,-1.4413,-10.0628,1.9321,0.0324,0.4017,0.7939
-0.0934,-6.5362,6.4332,0.5728,0.2798,0.1204,-2.8491,-9.9431,0.7709,0.2705,0.5027,1.1551
-0.3089,-5.6096,5.7437,1.2466,0.2767,0.4310,-2.8132,-8.8370,0.7973,0.4361,0.1928,1.4847
0.2825,-5.1499,4.6902,1.2181,0.1528,0.5614,-1.7980,-7.7572,0.6847,0.3541,-0.4439,1.6722
0.7470,-4.9009,4.8554,0.8318,-0.1807,0.6059,-0.2993,-6.6631,0.8236,0.2054,-0.3331,1.1942
1.2857,-5.3008,5.2313,0.4766,0.1071,0.4948,-1.2186,-7.6758,1.7861,-0.0819,0.0015,0.7298
1.1756,-5.4348,4.9632,0.1347,0.1737,0.6620,-1.6712,-7.9727,1.2402,-0.3756,-0.0192,0.6823
1.8220,-5.1811,6.0238,-0.1783,0.4325,0.4962,-1.3647,-7.5920,2.8036,-0.6478,0.2729,0.4033
1.3455,-4.9201,6.6319,-0.1711,0.8565,0.1845,-2.9449,-8.2384,3.5530,-0.5403,0.8424,0.2137
0.1556,-4.2952,6.5027,-0.0914,0.8435,0.0573,-3.4931,-7.4962,1.7693,-0.3629,0.8617,0.1990
-0.2538,-4.0223,6.7253,-0.0874,1.0102,0.1073,-4.0749,-7.4316,1.7047,-0.4567,0.9076,0.0679
-0.6105,-4.0438,6.2632,-0.0628,0.5971,-0.0382,-3.7062,-7.1898,1.4724,-0.2481,0.6063,0.1423
-0.3328,-4.2329,5.8538,-0.1547,0.2515,-0.0613,-3.6176,-7.3741,1.4413,-0.1279,0.1307,0.0811
-0.9146,-4.0486,6.1196,0.0264,0.5624,-0.0938,-4.2497,-7.6088,1.1277,-0.1175,0.7538,0.3926
-0.0096,-4.7477,7.4172,0.4283,0.8078,-0.3051,-3.1173,-7.9942,3.0957,0.1811,0.7437,0.1747
-0.5291,-4.4819,8.2073,1.0405,0.4251,-0.9252,-5.1547,-8.9878,2.0016,1.1109,1.0219,0.0925
-2.3296,-4.5993,8.0900,1.7945,-0.9044,-0.1480,-5.7700,-8.4276,-0.9361,1.7421,-0.0729,0.5633
-1.8411,-4.5825,3.7709,1.6514,-2.1526,0.1522,-2.8299,-7.1658,0.1532,1.5829,-3.5900,0.7127
0.4501,-4.1132,4.6663,0.7185,-1.0784,-0.1107,-2.0087,-6.6726,0.2131,0.8406,-0.9590,0.5736
-0.4310,-4.2593,6.8618,0.5737,0.1855,0.1017,-4.0773,-8.5688,1.7980,0.2463,1.5299,0.5068
0.4286,-4.7980,7.1323,0.8106,-0.0558,0.1380,-4.3503,-8.8394,3.2753,0.4620,-0.4783,0.7297
0.4908,-4.0534,6.7684,0.4345,0.5144,-0.1410,-3.1723,-7.4292,2.2027,0.0989,0.0885,0.7552
-0.0766,-4.3215,7.3933,0.3182,1.1006,-0.2890,-3.3040,-8.1044,2.5235,-0.0282,1.9509,0.3453
1.1396,-4.8339,7.7812,0.0963,1.0140,-0.3052,-4.1611,-8.8705,3.2753,-0.2717,0.8796,0.5692
0.7039,-4.7956,7.9942,-0.1346,1.5645,-0.6627,-2.4636,-8.3965,3.1843,-0.2878,1.4149,0.0546
-0.0096,-5.7150,9.4786,-0.0913,1.5431,-1.0436,-5.0039,-10.1370,2.5402,-0.0634,2.7757,-0.0634
-1.2378,-4.7238,8.8897,0.2547,1.2796,-1.0407,-5.4061,-8.8346,1.5155,0.3383,1.1381,0.2326
-2.0518,-4.6735,7.8650,0.6704,0.7602,-0.8977,-5.8754,-9.1626,1.2905,0.5906,1.1996,0.0663
-1.9441,-4.0558,7.1204,0.4025,-0.0244,-0.7194,-4.4149,-7.8314,-0.5459,0.6694,0.2129,-0.1307
-0.4980,-3.9576,9.6917,0.5169,0.3364,-0.7100,-5.8562,-8.6766,3.9193,0.7962,0.6089,0.3974
0.5794,-4.9488,12.1123,1.0567,0.6993,-1.3694,-4.6352,-7.5848,1.3312,0.6687,1.1698,-0.1523
-1.0487,-2.4253,7.8075,1.0062,0.5025,-0.9446,-5.4492,-7.0581,1.3431,0.7625,0.1549,0.0857
-1.3360,-2.7318,7.3765,1.0884,-0.0069,-0.0634,-1.1229,-4.9895,0.0958,0.5660,-0.8067,-0.6038
-0.4501,0.6464,9.1459,0.6403,-0.6940,1.4198,-8.4324,-6.6080,2.3607,1.5831,1.4698,0.6634
-0.7590,-1.9154,7.7357,0.8827,0.0081,-0.6392,-4.5825,-4.0199,-0.7063,-0.0241,-1.0392,-1.1850
-1.5467,-2.1428,8.5018,-0.6578,-1.1762,0.1100,-5.0135,-7.0725,2.9736,0.5753,-0.6511,-0.1568
0.1197,-0.7638,8.0661,0.3828,-0.4986,-0.3234,-6.8857,-6.1507,2.2266,0.7770,1.5680,-0.4822
0.2083,-2.1476,8.4252,0.3132,-0.9046,-0.0425,-5.8873,-6.4907,2.8515,0.5013,-1.4998,-0.1423
0.6632,-1.7957,7.9847,-0.2133,-0.4783,0.1013,-4.7621,-6.2345,3.3758,0.0663,-0.1418,-0.0324
0.0862,-2.0423,8.1235,0.1462,0.2842,-0.3311,-5.8347,-6.8953,1.8268,0.3575,2.0562,-0.1232
0.5578,-1.6496,7.9128,0.0232,-0.5950,-0.5757,-6.0142,-6.2632,2.8228,0.4438,-0.4783,0.0212
0.7087,-1.2139,7.6998,-0.1725,-0.5993,-0.9653,-5.1499,-5.9400,3.6296,0.5897,-0.4992,0.0918
0.5267,-1.6927,8.1547,-0.0376,-0.2020,-1.0762,-5.8466,-6.5864,3.3327,0.2531,0.7204,0.0321
0.5674,-1.8172,8.9399,-0.1743,-0.0039,-1.3380,-5.4229,-6.3997,3.8283,0.5780,0.0999,-0.3079
-1.8268,-0.4046,8.9256,0.5297,0.6659,-1.1453,-8.6694,-6.9264,-0.4549,0.4390,1.9300,-0.5582
-1.3336,-1.6999,8.2887,0.3854,0.6491,-0.4517,-6.4931,-7.1826,2.2745,0.0777,0.7695,-0.3331
-0.0862,-1.6281,8.0517,0.1275,-0.1876,-0.1875,-5.6575,-6.5481,3.1675,0.4469,-0.7096,-0.2253
2.1668,-0.9601,8.3199,0.1514,-0.8156,-0.3152,-5.4612,-6.0262,4.2066,0.5688,-0.3015,-0.3199
0.8116,-0.6057,6.9001,0.1803,-0.4956,-0.2354,-5.4516,-5.5929,3.0813,0.2575,-0.6431,-0.0421
1.7597,-0.6656,6.0023,-0.2790,0.2767,-0.2498,-4.7812,-5.5761,3.9959,-0.2711,-0.1095,0.2916
0.4741,-1.4629,7.5992,-0.8419,1.4218,-0.4235,-5.4300,-5.9616,3.0981,-0.7485,1.7810,0.3483
-1.3934,-1.5562,9.3446,-0.6712,1.4966,-0.4401,-7.1611,-6.5888,2.2003,-0.6997,2.1108,0.2882
1.3862,-2.7892,7.2185,-0.9527,0.6166,-0.4596,-5.6096,-6.4667,2.7653,-0.7561,-0.2733,0.4381
-0.5219,-2.1284,7.6016,-0.6073,1.7405,-1.2187,-6.0908,-6.7014,2.5618,-0.9054,1.2789,-0.2872
-3.8403,-1.0822,8.7484,-0.3012,2.9789,-1.3363,-8.8921,-6.9815,-0.5100,-0.6584,4.3656,-1.1566
-4.0247,-1.2378,6.8354,-0.5742,0.2880,-0.5005,-8.0637,-5.8514,0.0383,0.1569,0.4822,-0.7246
0.0838,-1.9944,7.4843,-0.2144,-0.9539,-0.1065,-6.5074,-5.6096,0.7614,0.2120,-2.5936,0.1259
-1.4078,-2.8802,7.7668,0.9633,0.5260,-0.5645,-5.1451,-6.5769,1.6879,0.4249,0.8827,0.4956
-2.4756,-1.6448,8.3366,1.4589,0.3151,-0.0645,-6.7852,-6.8522,0.7207,0.6186,1.3599,0.7695
-3.2417,-1.9441,7.6567,0.6680,-1.1150,0.5561,-7.8626,-8.9854,-0.3184,1.2137,-0.7092,0.2719
-2.5043,-0.5794,8.4683,0.5081,-2.6588,-0.6139,-7.8673,-6.2321,1.5371,1.5028,-3.1777,-0.6141
-0.1221,-1.0870,6.9168,-0.1755,-0.2987,0.3320,-5.6743,-4.6711,0.3687,0.0839,-0.6073,-0.2296
-0.1077,-1.0367,8.3653,-0.0658,0.1332,-0.2116,-6.7636,-5.9496,2.3607,-0.1424,1.4933,0.0277
-1.2857,-1.2641,7.9080,-0.3832,0.4446,0.0975,-6.4811,-6.4476,1.9704,-0.2867,-0.6458,0.1083
-1.1013,-1.6520,8.2600,0.0781,0.3313,0.0434,-6.1052,-6.5505,2.4995,-0.1115,0.6043,-0.0205
-1.3575,-1.3767,7.8865,-0.0650,0.1294,0.0061,-7.0078,-6.3111,1.8938,0.0159,0.1474,-0.0978
-1.4150,-1.4102,8.0900,0.0280,0.0039,-0.0225,-6.6822,-6.3518,1.6472,0.0726,-0.1356,-0.0935
-1.3288,-1.4509,8.1786,-0.0337,-0.2478,-0.0450,-6.6295,-6.3973,1.9393,0.1478,-0.0958,-0.1268
-1.0750,-1.4293,8.2073,0.0476,-0.1785,-0.1018,-6.5721,-6.5194,1.8723,0.1908,-0.1872,-0.1637
-1.1516,-1.3288,7.9966,0.0265,-0.1470,-0.1291,-6.5146,-6.3518,1.8579,0.2388,-0.0124,-0.1580
-0.6608,-0.8930,7.3981,-0.1232,-0.2380,-0.1859,-6.7636,-6.1363,2.0087,0.1066,-0.0205,0.0084
-1.1013,-0.9290,8.3725,-0.1813,-0.0671,-0.0197,-6.5027,-6.3279,2.4062,-0.0176,0.0469,0.0153
-0.9984,-1.2258,7.9416,-0.0426,0.1573,-0.0129,-6.5553,-6.2608,2.0327,-0.0805,0.0540,-0.0352
-1.2570,-1.3695,8.3701,-0.0851,-0.0813,0.0385,-6.4165,-6.5290,2.2003,0.0340,-0.0107,-0.0674
-0.8930,-1.3479,8.1618,-0.0008,-0.2045,0.0513,-6.3135,-6.3829,2.2410,0.1005,-0.2272,-0.1031
-0.8188,-1.2594,8.0493,0.0444,-0.0777,0.0580,-6.3398,-6.4284,2.2362,0.0834,-0.0496,-0.1146
-0.9481,-1.4102,8.1187,0.0097,-0.0205,0.0009,-6.2584,-6.5050,2.2290,0.1070,-0.0105,-0.1506
-0.8236,-1.2570,7.9679,0.0060,-0.2082,0.0326,-6.0861,-6.4883,2.3631,0.1669,-0.1380,-0.1017
-0.4788,-1.1492,8.0182,-0.0674,-0.1723,-0.0221,-6.0908,-6.2800,2.5953,0.1030,-0.1200,-0.0669
-0.7542,-1.0965,7.9344,-0.0346,0.0578,-0.0376,-6.2991,-6.3375,2.4588,0.0220,0.1296,-0.0574
-0.9170,-0.9122,8.2720,-0.0569,-0.0590,0.0053,-6.3877,-6.3063,2.3918,0.0352,0.0135,-0.0505
-0.9170,-0.7446,8.1379,-0.0045,0.0155,0.0747,-6.3494,-6.0597,2.3822,0.0064,-0.0552,-0.0570
-0.7973,-0.6752,7.9057,-0.0675,0.0522,0.0886,-6.4093,-5.9424,2.5379,-0.0480,0.0516,-0.0277
-0.7709,-0.8212,7.9440,-0.2036,-0.0522,0.0813,-6.3446,-6.2393,2.4110,-0.1066,0.0031,-0.0013
-0.7494,-1.0942,8.0373,-0.2172,0.1279,0.1194,-6.0885,-6.3566,2.4876,-0.1627,0.1218,0.0281
-1.1277,-1.2139,8.2887,-0.1913,0.1310,0.1021,-6.2632,-6.5098,2.3200,-0.1320,0.1520,0.0089
-0.9984,-1.3575,8.3342,-0.1427,-0.0494,0.1363,-6.1986,-6.5386,2.3559,-0.0713,-0.0849,0.0056
-0.7398,-1.4748,8.1738,-0.1009,-0.0759,0.1176,-6.0980,-6.4667,2.3272,-0.0301,-0.0871,0.0023
-0.9218,-1.4078,8.1977,-0.0658,0.0065,0.0161,-6.1004,-6.4835,2.2553,-0.0197,0.0212,-0.0139
-0.9290,-1.3264,8.1642,-0.0566,-0.0767,0.0216,-6.1387,-6.4859,2.4948,0.0187,-0.0798,0.0143
-0.8595,-1.1851,8.1523,-0.0236,-0.0460,-0.0245,-6.1292,-6.3446,2.4181,-0.0032,-0.0634,0.0011
-0.7422,-1.0846,8.1570,0.0013,-0.0097,-0.0682,-6.1507,-6.2920,2.4349,-0.0232,0.0292,-0.0064
-0.8452,-1.1492,8.1020,-0.0277,-0.0204,-0.0678,-6.2560,-6.3566,2.3894,-0.0392,-0.0212,-0.0039
