3.0861,-1.5371,7.6758,-0.1883,0.0340,-0.2737,-2.5450,-6.3159,5.3463,0.0083,0.1799,-0.2252
3.1388,-1.6137,7.6184,-0.1966,0.0474,-0.2762,-2.4325,-6.3135,5.4468,-0.0001,0.1837,-0.2316
3.1412,-1.6735,7.7596,-0.1933,0.0472,-0.2892,-2.4349,-6.3351,5.5091,0.0049,0.1933,-0.2409
3.1268,-1.5802,7.7500,-0.1947,0.0554,-0.3068,-2.4804,-6.3901,5.4636,0.0128,0.2152,-0.2549
3.1580,-1.6065,7.6519,-0.1952,0.0465,-0.3191,-2.4134,-6.4907,5.4803,0.0292,0.2008,-0.2469
3.0598,-1.6496,7.6112,-0.1937,0.0406,-0.3172,-2.4277,-6.4212,5.3965,0.0310,0.2080,-0.2471
3.0885,-1.6664,7.5202,-0.1932,0.0573,-0.3084,-2.4612,-6.4189,5.3127,0.0176,0.2202,-0.2473
3.0478,-1.7023,7.6926,-0.2109,0.0809,-0.3123,-2.4732,-6.4835,5.4324,-0.0048,0.2447,-0.2627
2.9592,-1.6951,7.7381,-0.2037,0.0891,-0.3184,-2.4541,-6.5146,5.3798,-0.0029,0.2409,-0.2574
2.9329,-1.7789,7.6734,-0.2048,0.0810,-0.3345,-2.4349,-6.5673,5.3510,0.0052,0.2491,-0.2677
2.9521,-1.8028,7.6950,-0.2064,0.0602,-0.3355,-2.3990,-6.5721,5.4229,0.0203,0.2238,-0.2686
3.0239,-1.8076,7.6926,-0.1988,0.0608,-0.3407,-2.4588,-6.5888,5.3175,0.0277,0.2482,-0.2813
3.0143,-1.7813,7.5776,-0.2038,0.0645,-0.3436,-2.4900,-6.5290,5.3463,0.0121,0.2519,-0.2798
2.8347,-1.7095,7.7955,-0.1955,0.0998,-0.3508,-2.5163,-6.6200,5.2194,0.0125,0.2859,-0.2807
2.8563,-1.8866,7.8003,-0.1805,0.0317,-0.2864,-2.5235,-6.6008,5.2864,0.0262,0.1887,-0.2352
2.8371,-1.7957,7.6662,-0.1627,0.0482,-0.2986,-2.4684,-6.5817,5.1427,0.0238,0.2356,-0.2384
2.8611,-1.7502,7.7333,-0.1672,0.0254,-0.2710,-2.4756,-6.6487,5.2241,0.0290,0.1713,-0.1847
2.8635,-2.1213,7.6543,-0.1817,0.0433,-0.2561,-2.2601,-6.6846,5.0877,0.0040,0.2108,-0.2180
2.3511,-2.2194,7.9104,-0.1833,0.1010,-0.2192,-2.5977,-6.9887,4.7022,-0.0024,0.1928,-0.1647
1.7813,-1.9800,7.9775,-0.1448,0.1018,-0.1812,-3.0406,-7.2401,4.4796,-0.0229,0.2246,-0.1502
2.2913,-1.9680,8.1930,-0.0634,-0.1607,-0.1110,-2.7629,-6.9791,5.0733,0.1090,-0.1331,-0.0215
3.1412,-1.6879,6.9504,-0.0659,-0.2160,-0.0654,-1.9106,-6.2489,4.8842,0.0274,-0.1775,0.0298
2.7102,-1.8555,7.9176,-0.0376,0.2266,0.0430,-2.8515,-7.0725,5.1763,-0.1812,0.2793,0.0324
2.7533,-2.0542,7.9990,-0.0644,-0.0965,0.0506,-2.3918,-6.9384,5.3079,-0.0313,-0.1940,0.0573
2.8156,-1.8962,7.5537,0.0310,-0.1100,0.0913,-2.3415,-6.6655,5.0589,-0.0033,-0.1114,0.1131
2.7222,-1.9034,7.5010,-0.0489,0.0053,0.1573,-2.3846,-6.7804,5.0566,-0.1444,-0.1131,0.1340
2.6312,-1.9632,8.0373,-0.0204,-0.0056,0.2020,-2.7007,-6.9935,5.1212,-0.1378,-0.0969,0.1607
2.6887,-1.9656,7.7620,-0.0081,-0.0648,0.2674,-2.4253,-6.8139,4.9895,-0.1359,-0.2266,0.2104
2.9999,-1.8771,7.6351,0.0441,-0.0941,0.2998,-2.3367,-6.6343,5.3582,-0.1190,-0.2497,0.2630
3.1627,-1.8794,7.5178,0.0242,-0.0282,0.2891,-2.0925,-6.3686,5.4660,-0.1649,-0.1859,0.2322
3.1987,-1.7813,7.5800,0.0365,0.0043,0.2622,-2.3631,-6.4643,5.3295,-0.1747,-0.1344,0.2244
3.0047,-1.6352,7.7740,0.0185,0.0187,0.2390,-2.4660,-6.4260,5.3463,-0.1628,-0.1134,0.1940
2.8156,-1.6568,7.8123,0.0201,-0.0160,0.2336,-2.7533,-6.4739,5.2218,-0.1280,-0.1599,0.2006
2.7940,-1.6688,7.7117,-0.0009,-0.0466,0.2446,-2.5426,-6.6032,5.1954,-0.1235,-0.1845,0.2080
2.6432,-1.7502,7.8266,0.0109,-0.0436,0.2537,-2.5833,-6.6176,5.0470,-0.1166,-0.1883,0.2084
2.6624,-1.6807,7.7931,0.0189,-0.0898,0.2691,-2.6671,-6.6056,5.0566,-0.0990,-0.1970,0.2133
2.8132,-1.6448,7.6519,0.0071,-0.0797,0.2619,-2.5498,-6.4667,5.1236,-0.1063,-0.2204,0.2078
2.7605,-1.6400,7.7021,-0.0169,-0.0533,0.2590,-2.5738,-6.4596,5.0925,-0.1427,-0.1764,0.1724
2.8252,-1.7573,7.6519,-0.0288,-0.0485,0.2613,-2.4373,-6.5888,5.2601,-0.1540,-0.2102,0.1813
2.8180,-1.8459,7.7955,-0.0067,-0.0273,0.2627,-2.5570,-6.7038,5.2313,-0.1560,-0.1555,0.1864
2.7892,-1.6975,7.7931,0.0048,-0.0566,0.2767,-2.5139,-6.6128,5.1404,-0.1362,-0.2080,0.1961
2.9353,-1.7238,7.8290,0.0157,-0.1002,0.2867,-2.5163,-6.5505,5.2840,-0.1078,-0.2222,0.2069
3.0143,-1.6137,7.6351,0.0193,-0.0879,0.2922,-2.4876,-6.5457,5.3558,-0.1196,-0.2188,0.2114
3.0263,-1.7597,7.5729,0.0123,-0.0754,0.2956,-2.3679,-6.5074,5.3391,-0.1284,-0.2230,0.2237
2.9688,-1.7430,7.8123,0.0084,-0.0731,0.3030,-2.4804,-6.5912,5.3965,-0.1340,-0.2144,0.2265
3.0406,-1.6807,7.7357,0.0254,-0.0641,0.3070,-2.4876,-6.5577,5.4157,-0.1263,-0.2068,0.2281
2.9497,-1.7526,7.7596,0.0234,-0.0861,0.2982,-2.4277,-6.5290,5.3151,-0.1183,-0.2342,0.2273
2.9353,-1.7238,7.7237,0.0009,-0.0799,0.2943,-2.4301,-6.5027,5.3630,-0.1204,-0.2249,0.2097
3.0670,-1.7454,7.4364,-0.0059,-0.1061,0.2750,-2.3152,-6.4715,5.3702,-0.1050,-0.2364,0.1960
3.0765,-1.7142,7.7141,-0.0168,-0.0366,0.2553,-2.4445,-6.4715,5.3678,-0.1376,-0.1370,0.1476
2.7174,-1.8244,7.8003,-0.0434,0.0270,0.2395,-2.5498,-6.7277,5.1978,-0.1656,-0.1051,0.1424
2.7102,-1.6233,7.6950,0.0068,-0.0572,0.2570,-2.6671,-6.5362,5.1427,-0.1046,-0.2150,0.1932
3.0071,-1.4916,7.7812,0.0151,-0.0917,0.2834,-2.5953,-6.3494,5.4492,-0.1176,-0.1896,0.1903
3.1603,-1.4317,7.7165,-0.0292,-0.0180,0.2641,-2.4924,-6.2680,5.5210,-0.1647,-0.1647,0.1680
2.9018,-1.5921,7.7883,-0.0641,0.0111,0.2537,-2.5307,-6.4715,5.3822,-0.1885,-0.1435,0.1553
2.7940,-1.5993,7.7764,-0.0404,-0.0257,0.2418,-2.6288,-6.5529,5.2912,-0.1460,-0.1772,0.1533
2.9377,-1.6712,7.7548,-0.0229,-0.0894,0.2523,-2.4445,-6.5314,5.2936,-0.1146,-0.2248,0.1671
2.9616,-1.7573,7.5465,-0.0536,-0.0285,0.2487,-2.3559,-6.4811,5.2672,-0.1697,-0.1600,0.1512
2.8850,-1.8076,7.6710,-0.0606,-0.0378,0.2597,-2.4134,-6.6152,5.3127,-0.1661,-0.1903,0.1537
2.8922,-1.9680,7.6710,-0.0637,-0.0340,0.2515,-2.2769,-6.6870,5.2457,-0.1711,-0.1761,0.1487
2.9161,-1.9585,7.7285,-0.0586,-0.0264,0.2422,-2.4038,-6.7924,5.2696,-0.1549,-0.1636,0.1435
2.8539,-1.9441,7.7835,-0.0312,-0.0785,0.2328,-2.4062,-6.6607,5.2457,-0.1074,-0.1970,0.1619
3.0382,-1.8962,7.8027,-0.0024,-0.0973,0.1981,-2.3703,-6.6343,5.4923,-0.0526,-0.1860,0.1716
3.1388,-1.7765,7.5513,0.0153,-0.0633,0.1689,-2.3583,-6.4428,5.3989,-0.0497,-0.1355,0.1553
3.1627,-1.6951,7.6064,0.0163,-0.0687,0.1319,-2.3942,-6.3614,5.6048,-0.0460,-0.1088,0.1336
3.1987,-1.5443,7.7285,0.0031,-0.0553,0.0811,-2.4636,-6.3231,5.6072,-0.0253,-0.0620,0.0885
3.3088,-1.5083,7.5968,-0.0265,-0.0512,0.0240,-2.3942,-6.0023,5.6479,-0.0127,-0.0500,0.0458
3.1412,-1.5227,7.6854,-0.1006,0.0021,-0.0695,-2.4565,-6.1387,5.6455,-0.0372,0.0373,-0.0334
3.1436,-1.5634,7.7740,-0.1216,0.0040,-0.0939,-2.5307,-6.3375,5.5761,-0.0282,0.0549,-0.0628
2.9568,-1.7214,7.7213,-0.1106,0.0164,-0.1398,-2.4397,-6.3805,5.4588,-0.0135,0.1135,-0.0979
2.8802,-1.7837,7.8003,-0.0817,-0.0350,-0.1491,-2.5307,-6.6032,5.3271,0.0405,0.0733,-0.0826
3.1005,-1.7214,7.7740,-0.0602,-0.0726,-0.1223,-2.3152,-6.4356,5.4324,0.0693,0.0482,-0.0825
3.1436,-1.5826,7.5633,-0.0747,-0.0628,-0.1300,-2.3798,-6.3398,5.3247,0.0364,0.0397,-0.0855
3.1867,-1.6544,7.5729,-0.1430,0.0340,-0.1358,-2.3391,-6.3351,5.4324,-0.0409,0.1151,-0.1208
3.1292,-1.8004,7.6998,-0.1528,0.0609,-0.1452,-2.4110,-6.5601,5.3870,-0.0461,0.1303,-0.1144
3.1149,-1.8100,7.5776,-0.1499,0.0659,-0.1773,-2.2841,-6.4667,5.4324,-0.0444,0.1488,-0.1330
2.9113,-1.8220,7.6567,-0.1502,0.0801,-0.2318,-2.3032,-6.5721,5.4588,-0.0362,0.1486,-0.1467
3.0981,-1.9417,7.9847,-0.1765,0.0687,-0.2442,-2.4181,-6.5745,5.3917,-0.0199,0.1789,-0.1355
2.5115,-1.8627,8.3869,-0.0802,0.0833,-0.2531,-2.7797,-6.6583,5.1212,0.0557,0.2037,-0.0983
2.7318,-1.4940,7.3837,-0.0983,0.0777,-0.2591,-2.6264,-6.3949,4.9871,0.0590,0.1244,-0.1070
2.5426,-1.4676,7.3047,-0.0969,0.0171,-0.2129,-2.6624,-6.3566,5.1595,-0.0224,0.1400,-0.1474
2.7797,-1.7957,7.9368,-0.1793,0.0348,-0.1735,-2.5809,-6.7301,5.3415,-0.0472,0.1251,-0.1541
2.9233,-1.9992,7.8985,-0.1612,0.0229,-0.2018,-2.2410,-6.6990,5.4013,-0.0057,0.1011,-0.1482
3.0191,-1.9609,7.5753,-0.1268,0.0196,-0.2365,-2.2386,-6.5577,5.3702,0.0191,0.1516,-0.1699
3.0143,-1.7837,7.5154,-0.1366,0.0385,-0.3208,-2.3343,-6.3111,5.4947,0.0500,0.1619,-0.2066
2.9401,-1.6257,7.9823,-0.1367,0.0209,-0.2766,-2.6264,-6.4212,5.4923,0.0398,0.1753,-0.1779
2.8515,-1.6065,7.7165,-0.1291,0.0401,-0.2836,-2.5211,-6.4596,5.3510,0.0424,0.1553,-0.1727
2.8012,-1.5730,7.6567,-0.1415,0.0357,-0.2547,-2.6408,-6.4476,5.1978,0.0096,0.1877,-0.1780
2.6360,-1.7454,7.9511,-0.1764,0.0125,-0.2482,-2.4995,-6.4979,5.0996,0.0258,0.1176,-0.1512
2.9018,-1.8172,7.7093,-0.1647,0.0023,-0.2478,-2.4110,-6.6056,5.3367,0.0199,0.1540,-0.1740
2.8587,-1.8962,7.9607,-0.1661,0.0452,-0.2765,-2.3655,-6.6272,5.4468,0.0205,0.1820,-0.1933
2.9090,-1.7669,7.7189,-0.1312,0.0285,-0.2915,-2.3535,-6.5841,5.3463,0.0433,0.1857,-0.1883
2.9257,-1.7071,7.5441,-0.1447,0.0506,-0.2798,-2.3966,-6.4691,5.1643,0.0183,0.2004,-0.2096
2.8443,-1.6496,7.6662,-0.1599,0.0588,-0.2971,-2.4205,-6.5122,5.3630,0.0168,0.1948,-0.2152
2.7988,-1.7957,7.8434,-0.1560,0.0429,-0.2842,-2.5019,-6.6702,5.3439,0.0269,0.1956,-0.1969
2.8204,-1.8124,7.7644,-0.1434,0.0180,-0.2698,-2.4181,-6.5984,5.2601,0.0393,0.1689,-0.1797
2.9257,-1.7980,7.7620,-0.1398,-0.0023,-0.2559,-2.3918,-6.5625,5.2337,0.0440,0.1545,-0.1723
2.7988,-1.7645,7.7812,-0.1651,0.0718,-0.2956,-2.4301,-6.6128,5.2074,0.0184,0.2285,-0.2236
2.8323,-1.7645,7.7428,-0.1664,0.0248,-0.2942,-2.4541,-6.5098,5.3032,0.0440,0.1697,-0.2101
2.8563,-1.7741,7.6782,-0.1573,0.0344,-0.3082,-2.4732,-6.5362,5.2026,0.0377,0.2101,-0.2306
2.8228,-1.7071,7.7189,-0.1763,0.0321,-0.3019,-2.4086,-6.5936,5.3846,0.0325,0.1879,-0.2274
2.7701,-1.8076,7.7764,-0.1620,0.0524,-0.3067,-2.4636,-6.6942,5.2840,0.0320,0.2281,-0.2229
2.7629,-1.7861,7.7812,-0.1560,0.0127,-0.2805,-2.4852,-6.6559,5.2194,0.0474,0.1600,-0.1923
2.8060,-1.8340,7.6399,-0.1495,0.0101,-0.2639,-2.3942,-6.5338,5.1978,0.0422,0.1651,-0.1833
2.9640,-1.8076,7.6926,-0.1557,0.0365,-0.2555,-2.3703,-6.5721,5.2505,0.0105,0.1740,-0.1867
2.8419,-1.9154,7.7285,-0.1673,0.0727,-0.2609,-2.3727,-6.6559,5.3103,-0.0108,0.2086,-0.1951
2.8060,-1.8890,7.8961,-0.1544,0.0518,-0.2579,-2.4277,-6.7469,5.2026,0.0135,0.1881,-0.1891
2.7629,-1.9848,7.6160,-0.1343,0.0381,-0.2514,-2.3224,-6.6774,5.1116,0.0242,0.1681,-0.1765
2.7581,-1.8483,7.6902,-0.1371,0.0404,-0.2290,-2.4756,-6.7157,5.0829,0.0104,0.1705,-0.1687
2.7414,-1.8507,7.7979,-0.1350,0.0428,-0.2209,-2.4756,-6.7301,5.2696,0.0095,0.1679,-0.1581
2.7725,-1.7765,7.7692,-0.1178,0.0207,-0.1998,-2.5043,-6.6702,5.1188,0.0123,0.1368,-0.1362
2.7246,-1.8627,7.6662,-0.1324,0.0328,-0.1864,-2.4277,-6.7038,5.1739,-0.0104,0.1363,-0.1370
2.7581,-1.8531,7.7524,-0.1411,0.0545,-0.1856,-2.4421,-6.7469,5.2385,-0.0285,0.1480,-0.1423
2.6863,-2.0423,7.6734,-0.1450,0.0453,-0.1763,-2.3080,-6.7924,5.0853,-0.0179,0.1294,-0.1307
2.4780,-2.0662,7.6710,-0.1071,0.0175,-0.1474,-2.5115,-6.9576,4.9728,-0.0015,0.1187,-0.1183
2.2960,-1.9680,7.8769,-0.1098,0.0340,-0.1019,-2.6983,-7.0222,4.8219,-0.0368,0.1027,-0.0894
2.4253,-1.9034,7.8985,-0.0540,-0.0448,-0.0574,-2.6408,-6.9312,4.9536,0.0173,-0.0278,0.0016
2.7126,-1.8364,7.7213,-0.0542,-0.1085,0.0011,-2.3439,-6.7828,5.1140,-0.0036,-0.0624,0.0132
2.8012,-1.9201,7.7069,-0.0306,0.0350,0.0369,-2.4349,-6.7445,5.1068,-0.0745,0.0302,0.0436
2.7198,-1.8411,7.9033,-0.0485,0.0095,0.0735,-2.5474,-6.7995,5.2074,-0.0850,-0.0386,0.0687
2.7031,-1.8531,7.7764,-0.0172,-0.0292,0.0981,-2.5043,-6.8019,4.9775,-0.0677,-0.0927,0.0974
2.8060,-1.8364,7.7141,0.0008,-0.0476,0.1175,-2.5139,-6.6056,5.2505,-0.0514,-0.0927,0.1322
2.7916,-1.8340,7.6806,0.0009,-0.0652,0.1372,-2.4014,-6.5505,5.2194,-0.0640,-0.1086,0.1186
2.7797,-1.7502,7.8075,0.0064,-0.0306,0.1304,-2.4852,-6.6631,5.2601,-0.0794,-0.0809,0.1380
2.6671,-1.7526,7.7716,-0.0119,-0.0237,0.1304,-2.4612,-6.6750,4.9991,-0.0819,-0.0939,0.1282
2.7605,-1.7693,7.7117,-0.0204,-0.0494,0.1659,-2.3607,-6.6176,5.1595,-0.0950,-0.1563,0.1436
2.7629,-1.7166,7.7405,-0.0372,0.0029,0.1375,-2.4038,-6.6894,5.2577,-0.1114,-0.0753,0.1106
2.7031,-1.8100,7.7668,-0.0384,-0.0422,0.1591,-2.4421,-6.6056,5.1236,-0.0946,-0.1531,0.1427
2.7054,-1.8603,7.7812,-0.0537,0.0132,0.1596,-2.4157,-6.6487,5.1547,-0.1472,-0.0614,0.1046
2.6647,-1.8771,7.9176,-0.0237,-0.0428,0.1492,-2.6240,-6.8187,5.1595,-0.0855,-0.1264,0.1228
2.6528,-1.7669,7.7309,-0.0107,-0.0630,0.1727,-2.4948,-6.6056,5.0135,-0.0950,-0.1307,0.1348
2.8539,-1.8986,7.6926,-0.0120,-0.0540,0.1760,-2.3559,-6.6319,5.2577,-0.0878,-0.1448,0.1360
2.8347,-1.8244,7.7572,-0.0040,-0.0504,0.1899,-2.4684,-6.7062,5.0996,-0.0967,-0.1440,0.1600
2.7964,-1.8866,7.6902,-0.0256,-0.0180,0.2006,-2.4445,-6.7038,5.1380,-0.1266,-0.1179,0.1531
2.6169,-1.9130,7.8865,-0.0188,-0.0234,0.1944,-2.4924,-6.7516,5.0518,-0.1126,-0.1220,0.1498
2.7198,-1.8100,7.8578,0.0053,-0.0440,0.2105,-2.5977,-6.7253,5.2289,-0.1102,-0.1529,0.1573
2.7557,-1.7166,7.7620,0.0061,-0.0562,0.2002,-2.5450,-6.5481,5.1787,-0.0923,-0.1585,0.1592
2.7078,-1.5203,7.8123,0.0112,-0.0622,0.2064,-2.7390,-6.5649,5.3223,-0.0951,-0.1573,0.1487
3.2944,-1.4246,7.4579,0.0532,-0.1969,0.1793,-2.7461,-5.9999,5.6312,0.0119,-0.2698,0.2852
2.0423,-1.4533,7.8458,-0.2349,0.4182,0.2499,-2.3343,-6.8522,4.6878,-0.5319,0.1748,-0.1659
2.1213,-1.8675,8.4874,0.0224,0.0296,0.2585,-2.6552,-6.9623,5.1451,-0.0702,-0.1394,0.3214
2.4325,-1.8699,8.3941,0.0847,-0.3349,0.2730,-2.9736,-7.1611,5.6647,0.0870,-0.4433,0.2717
2.7007,-1.5969,6.9264,0.1148,-0.2230,0.2844,-2.2553,-6.0980,4.5705,-0.0096,-0.3031,0.2936
3.1460,-1.9058,7.2927,-0.0532,-0.0129,0.2729,-1.7813,-6.2465,5.1667,-0.1881,-0.2190,0.2044
2.6336,-1.8220,8.1954,-0.0173,0.0203,0.2365,-2.9880,-7.2137,5.3606,-0.1839,0.0326,0.1308
2.4804,-1.7741,7.8195,-0.0200,-0.0454,0.2930,-2.4349,-6.5912,4.8267,-0.1486,-0.3018,0.2124
2.8419,-1.8531,7.8290,-0.0184,-0.1244,0.2743,-2.4445,-6.6343,5.3127,-0.1104,-0.2076,0.1628
2.8898,-1.6735,7.6686,-0.0065,-0.0422,0.2678,-2.4684,-6.4763,5.3199,-0.1414,-0.1951,0.1728
2.7318,-1.6137,7.7069,-0.0381,0.0009,0.2789,-2.6240,-6.5266,5.1260,-0.1884,-0.1743,0.1719
2.8156,-1.7885,7.8817,-0.0256,-0.1059,0.2838,-2.5283,-6.7253,5.2816,-0.1303,-0.2537,0.1871
2.9377,-1.7549,7.6591,0.0117,-0.1013,0.2886,-2.3248,-6.5864,5.2816,-0.1075,-0.2393,0.2084
2.9712,-1.7957,7.8290,0.0088,-0.0655,0.2826,-2.3655,-6.5625,5.5665,-0.1202,-0.1925,0.2061
2.8156,-1.6376,7.7883,0.0132,-0.0713,0.2735,-2.5953,-6.5649,5.2170,-0.1098,-0.2138,0.2109
2.7629,-1.6472,7.7117,-0.0047,-0.0845,0.2713,-2.4612,-6.5050,5.2457,-0.1114,-0.2252,0.2069
2.7677,-1.7406,7.7835,-0.0133,-0.0895,0.2727,-2.4780,-6.5769,5.2170,-0.1184,-0.2229,0.1899
2.8730,-1.7765,7.7788,-0.0075,-0.0895,0.2666,-2.4157,-6.6176,5.3103,-0.1198,-0.2153,0.1893
2.8898,-1.7957,7.8721,-0.0089,-0.0698,0.2659,-2.4780,-6.6774,5.3798,-0.1210,-0.1915,0.1839
2.8539,-1.5945,7.7045,-0.0153,-0.0741,0.2573,-2.4995,-6.4667,5.2146,-0.1077,-0.2160,0.1788
2.9090,-1.6520,7.6543,-0.0321,-0.0779,0.2570,-2.4660,-6.4524,5.2170,-0.1162,-0.2172,0.1733
2.9425,-1.6999,7.5178,-0.0380,-0.1039,0.2543,-2.3750,-6.4811,5.4540,-0.1240,-0.2289,0.1583
3.2274,-1.6640,7.7309,-0.0161,-0.0782,0.2218,-2.3008,-6.3135,5.6743,-0.1063,-0.1871,0.1561
3.3662,-1.4772,7.7596,-0.0040,-0.0430,0.1896,-2.3056,-6.2393,5.8107,-0.0974,-0.1371,0.1499
3.6081,-1.3479,7.5250,-0.0132,-0.0358,0.1231,-2.2075,-5.9951,5.8131,-0.0802,-0.1003,0.1070
3.3998,-1.4772,7.4962,-0.0973,0.0650,0.0517,-2.3631,-6.1076,5.7245,-0.1371,0.0252,0.0346
3.0526,-1.4940,7.7117,-0.1043,0.0566,0.0159,-2.6432,-6.3183,5.4660,-0.1174,0.0532,-0.0092
2.9473,-1.6065,7.7476,-0.1128,-0.0021,-0.0520,-2.4660,-6.2632,5.2936,-0.0453,0.0316,-0.0506
2.8683,-1.6735,7.7261,-0.1364,0.0005,-0.0925,-2.5067,-6.5529,5.3247,-0.0378,0.0791,-0.0803
2.8970,-1.7885,7.7476,-0.1232,0.0123,-0.1367,-2.4110,-6.6463,5.2984,-0.0011,0.0902,-0.1082
2.8826,-1.8292,7.7213,-0.1082,-0.0245,-0.1785,-2.3559,-6.5960,5.3343,0.0414,0.0822,-0.1284
2.9880,-1.7119,7.5561,-0.1069,0.0035,-0.1989,-2.3343,-6.4524,5.2385,0.0305,0.1234,-0.1404
2.9712,-1.6855,7.5130,-0.1176,0.0157,-0.2072,-2.3415,-6.4404,5.4253,0.0212,0.1428,-0.1539
3.0095,-1.6472,7.6734,-0.1371,0.0410,-0.2332,-2.4517,-6.5146,5.4971,0.0091,0.1901,-0.1773
2.8683,-1.6472,7.6207,-0.1314,0.0424,-0.2402,-2.3990,-6.4787,5.4013,0.0244,0.1667,-0.1593
2.8754,-1.7166,7.6758,-0.1480,0.0464,-0.2406,-2.3966,-6.4907,5.2361,0.0087,0.1863,-0.1784
2.8299,-1.7645,7.8075,-0.1354,0.0454,-0.2403,-2.4157,-6.6798,5.3606,0.0167,0.1727,-0.1641
2.8730,-1.7406,7.8051,-0.1243,0.0217,-0.2368,-2.5067,-6.6583,5.1691,0.0302,0.1677,-0.1627
2.8539,-1.7573,7.6950,-0.1248,0.0048,-0.2273,-2.4565,-6.6080,5.2098,0.0353,0.1447,-0.1597
2.9521,-1.7502,7.6399,-0.1315,0.0258,-0.2337,-2.3439,-6.5673,5.3510,0.0207,0.1583,-0.1595
2.8946,-1.7454,7.7620,-0.1403,0.0510,-0.2415,-2.4517,-6.5194,5.2840,0.0093,0.1799,-0.1756
2.8515,-1.8148,7.7333,-0.1367,0.0412,-0.2549,-2.4110,-6.5960,5.3439,0.0266,0.1760,-0.1705
2.8730,-1.7430,7.6519,-0.1311,0.0394,-0.2638,-2.3942,-6.5529,5.2720,0.0389,0.1829,-0.1773
2.8898,-1.7166,7.6567,-0.1442,0.0337,-0.2649,-2.4612,-6.5338,5.3319,0.0284,0.1841,-0.1932
2.8730,-1.6951,7.7812,-0.1496,0.0276,-0.2761,-2.3990,-6.4739,5.3199,0.0390,0.1817,-0.1917
2.9233,-1.6783,7.7931,-0.1543,0.0384,-0.2823,-2.4421,-6.4643,5.3151,0.0293,0.2057,-0.2032
2.8611,-1.7190,7.7500,-0.1609,0.0418,-0.3059,-2.4660,-6.5218,5.3008,0.0424,0.2045,-0.2153
2.9137,-1.7669,7.7045,-0.1613,0.0380,-0.3204,-2.4469,-6.5721,5.2960,0.0526,0.2216,-0.2270
2.8132,-1.7262,7.5776,-0.1667,0.0298,-0.3341,-2.4900,-6.5003,5.2840,0.0553,0.2061,-0.2362
2.8084,-1.7645,7.7788,-0.1809,0.0393,-0.3353,-2.4780,-6.5553,5.3079,0.0448,0.2305,-0.2515
2.8683,-1.8268,7.6758,-0.1779,0.0348,-0.3347,-2.4565,-6.5553,5.4109,0.0477,0.2129,-0.2433
2.8754,-1.7621,7.6136,-0.1784,0.0480,-0.3424,-2.3703,-6.5194,5.2553,0.0446,0.2342,-0.2502
2.8060,-1.7980,7.7261,-0.1727,0.0520,-0.3387,-2.4756,-6.6511,5.3415,0.0410,0.2409,-0.2491
2.9305,-1.7980,7.7692,-0.1719,0.0294,-0.3449,-2.3559,-6.5912,5.3295,0.0568,0.2210,-0.2529
2.9305,-1.7573,7.7333,-0.1700,0.0522,-0.3421,-2.4349,-6.5146,5.1954,0.0468,0.2332,-0.2434
2.7964,-1.7597,7.7237,-0.1723,0.0494,-0.3339,-2.4301,-6.5505,5.1308,0.0468,0.2310,-0.2442
2.7725,-1.8100,7.7381,-0.1820,0.0432,-0.3347,-2.5355,-6.6224,5.2529,0.0385,0.2330,-0.2523
2.8204,-1.8771,7.7644,-0.1841,0.0626,-0.3301,-2.4086,-6.6583,5.2936,0.0256,0.2309,-0.2442
2.7246,-1.8794,7.7333,-0.1775,0.0706,-0.3332,-2.4349,-6.6942,5.1356,0.0281,0.2439,-0.2427
2.8419,-1.8603,7.7644,-0.1716,0.0518,-0.3207,-2.4445,-6.6726,5.0996,0.0345,0.2186,-0.2286
2.7725,-1.9393,7.7309,-0.1595,0.0349,-0.3024,-2.4948,-6.7229,5.1763,0.0401,0.2060,-0.2168
2.9137,-1.9417,7.7524,-0.1515,0.0361,-0.2975,-2.3942,-6.6463,5.1260,0.0321,0.2065,-0.2113
2.7342,-1.8914,7.7644,-0.1520,0.0626,-0.2848,-2.4110,-6.7301,5.1930,0.0175,0.2270,-0.2086
2.7102,-1.9537,7.7117,-0.1451,0.0493,-0.2741,-2.4397,-6.7828,5.1643,0.0215,0.1900,-0.1912
2.7653,-1.9082,7.7309,-0.1470,0.0389,-0.2586,-2.4517,-6.7373,5.2098,0.0241,0.1913,-0.1860
2.7916,-1.9369,7.7189,-0.1390,0.0400,-0.2523,-2.4229,-6.6176,5.1691,0.0197,0.1721,-0.1731
2.6480,-1.9776,7.6495,-0.1636,0.0588,-0.2411,-2.2338,-6.6966,4.9728,-0.0024,0.1844,-0.1729
2.4541,-2.1213,7.8099,-0.1557,0.0602,-0.2210,-2.6240,-7.0605,4.8578,-0.0180,0.2040,-0.1929
2.1452,-2.1261,8.0517,-0.1356,0.0576,-0.1765,-2.6863,-7.1682,4.7549,-0.0200,0.1612,-0.1423
2.1955,-1.9920,7.9296,-0.0621,-0.0265,-0.1228,-2.7031,-7.0390,4.6567,0.0384,0.0414,-0.0477
2.4469,-1.9632,7.5082,-0.0683,-0.1335,-0.0485,-2.4110,-6.8738,4.8818,0.0230,-0.0795,-0.0181
2.6743,-2.1380,7.6136,-0.0695,0.0290,0.0027,-2.2984,-6.9360,4.8578,-0.0850,0.0413,0.0057
2.4948,-2.1165,7.8937,-0.0512,0.0701,0.0589,-2.5666,-7.0342,4.9680,-0.1073,0.0127,0.0640
2.4612,-1.9321,7.8171,0.0092,-0.0637,0.1138,-2.5690,-6.8331,4.9919,-0.0428,-0.1384,0.1219
2.7869,-1.8459,7.8075,-0.0129,-0.0819,0.1527,-2.5546,-6.6942,5.1308,-0.0690,-0.1419,0.1344
2.9544,-1.8938,7.7333,0.0004,-0.0508,0.1535,-2.4086,-6.6343,5.3654,-0.0730,-0.1272,0.1508
2.7438,-1.8435,7.6782,-0.0053,-0.0185,0.1803,-2.4660,-6.6295,5.0494,-0.1108,-0.1100,0.1503
2.7031,-1.8818,7.6614,-0.0293,-0.0200,0.2036,-2.4277,-6.6128,5.1523,-0.1416,-0.1492,0.1595
2.7461,-1.9082,7.8745,-0.0179,-0.0101,0.2048,-2.4900,-6.8235,5.2960,-0.1462,-0.1061,0.1492
2.8180,-1.8292,7.7644,0.0077,-0.0187,0.2106,-2.4205,-6.6774,5.2505,-0.1272,-0.1541,0.1828
2.7629,-1.7334,7.7931,-0.0008,-0.0119,0.2026,-2.3822,-6.6295,5.2984,-0.1366,-0.1140,0.1609
2.7270,-1.9201,7.6782,-0.0352,-0.0129,0.1867,-2.3391,-6.6224,5.2361,-0.1379,-0.1343,0.1335
2.6336,-1.8555,7.7237,-0.0556,0.0149,0.1827,-2.6121,-6.7756,5.0566,-0.1560,-0.0830,0.1352
2.5163,-1.8603,7.8482,-0.0401,-0.0256,0.1916,-2.6264,-6.8761,4.8746,-0.1312,-0.1276,0.1334
2.6193,-1.8771,7.8578,0.0027,-0.0715,0.1915,-2.5762,-6.8259,5.1116,-0.0845,-0.1434,0.1460
2.6049,-1.7621,7.7644,0.0067,-0.0641,0.2038,-2.6264,-6.6415,5.1906,-0.0854,-0.1583,0.1609
2.6624,-1.6855,7.6734,-0.0095,-0.0665,0.2197,-2.5426,-6.6152,4.9943,-0.1018,-0.1843,0.1691
2.6576,-1.7406,7.7428,-0.0195,-0.0504,0.2282,-2.4541,-6.6846,5.1523,-0.1315,-0.1655,0.1664
2.6193,-1.7837,7.8482,-0.0027,-0.0461,0.2360,-2.5259,-6.8043,5.2194,-0.1159,-0.1655,0.1799
2.6600,-1.7741,7.7572,0.0209,-0.0785,0.2446,-2.5690,-6.7014,5.1020,-0.0909,-0.1992,0.1980
2.7126,-1.6951,7.6423,0.0079,-0.0750,0.2638,-2.5091,-6.4811,5.0566,-0.1130,-0.2068,0.1936
2.6983,-1.6951,7.8147,-0.0168,-0.0570,0.2589,-2.4684,-6.6248,5.3056,-0.1268,-0.1955,0.1828
2.7318,-1.7741,7.8219,-0.0224,-0.0466,0.2525,-2.5594,-6.7325,5.2505,-0.1355,-0.1837,0.1801
2.6145,-1.7741,7.7835,-0.0032,-0.0612,0.2565,-2.5522,-6.7086,5.1595,-0.1170,-0.1952,0.1920
2.6432,-1.7262,7.7452,-0.0143,-0.0714,0.2586,-2.4134,-6.5601,5.1499,-0.1234,-0.1932,0.1757
2.7485,-1.8675,7.6998,-0.0165,-0.0738,0.2627,-2.4301,-6.6367,5.2002,-0.1178,-0.2134,0.1837
2.8132,-1.7741,7.8147,-0.0107,-0.0601,0.2574,-2.4852,-6.6679,5.3295,-0.1194,-0.1835,0.1807
2.7629,-1.7669,7.8243,-0.0001,-0.0683,0.2519,-2.5426,-6.7684,5.3127,-0.1118,-0.1941,0.1888
2.7366,-1.8196,7.6016,0.0044,-0.0640,0.2533,-2.4397,-6.6104,5.1260,-0.1152,-0.1901,0.1951
2.7270,-1.8723,7.7093,-0.0019,-0.0620,0.2553,-2.4062,-6.6463,5.1427,-0.1195,-0.1855,0.1917
2.7007,-1.7933,7.7740,0.0015,-0.0658,0.2559,-2.5091,-6.6750,5.1332,-0.1114,-0.1909,0.1920
2.7222,-1.7813,7.7285,0.0096,-0.0830,0.2607,-2.5043,-6.7086,5.2194,-0.1059,-0.2134,0.2016
2.7126,-1.7549,7.7500,0.0060,-0.0785,0.2657,-2.5043,-6.5912,5.1188,-0.1061,-0.1944,0.1996
2.7414,-1.7597,7.6327,0.0035,-0.0941,0.2617,-2.4828,-6.6248,5.1523,-0.1069,-0.2240,0.2073
2.4062,-1.6999,7.7955,-0.0024,-0.0544,0.2940,-2.8898,-6.7756,4.9584,-0.1351,-0.1684,0.1994
2.8754,-1.7406,7.6016,0.0021,-0.1234,0.2535,-2.4445,-6.4907,4.9967,-0.0970,-0.2397,0.1548
2.7653,-1.6807,7.7859,-0.0097,-0.0234,0.2693,-2.5259,-6.5050,5.2529,-0.1370,-0.1877,0.1835
2.7677,-1.6975,7.8338,0.0027,-0.1236,0.2685,-2.4948,-6.5817,5.3103,-0.0746,-0.2999,0.2113
2.8587,-1.7119,7.5872,-0.0061,-0.1118,0.2625,-2.3966,-6.5314,5.2313,-0.1123,-0.2116,0.1812
2.9904,-1.7861,7.5537,-0.0015,-0.0629,0.2613,-2.2697,-6.5003,5.3391,-0.1263,-0.1973,0.1976
3.0933,-1.8148,7.4508,-0.0151,-0.0306,0.2502,-2.1787,-6.4572,5.4516,-0.1627,-0.1419,0.1851
3.1867,-1.6688,8.1690,0.0161,0.0817,0.2029,-2.5259,-6.5960,5.9185,-0.1527,-0.0099,0.1692
2.8994,-1.4748,7.6160,0.0357,0.0131,0.1861,-2.6193,-6.3422,5.2002,-0.1053,-0.1302,0.2022
2.8659,-1.4844,7.6279,-0.0153,0.0472,0.1652,-2.4995,-6.2656,5.2672,-0.1565,-0.0273,0.1430
2.8802,-1.4868,7.7357,-0.0088,-0.0104,0.1439,-2.5809,-6.3255,5.2864,-0.0942,-0.1134,0.1399
3.0813,-1.4724,7.6686,-0.0293,-0.0584,0.1062,-2.3870,-6.1770,5.6862,-0.0679,-0.0817,0.0699
3.1149,-1.5131,7.7907,-0.0652,-0.0033,0.0368,-2.5522,-6.3111,5.7078,-0.0745,-0.0216,0.0164
2.9999,-1.4653,7.9080,-0.0907,-0.0141,-0.0448,-2.4349,-6.2082,5.6192,-0.0208,0.0234,-0.0434
3.0287,-1.4796,7.8123,-0.0975,-0.0703,-0.1198,-2.5809,-6.4260,5.6192,0.0412,0.0361,-0.0987
3.0598,-1.4940,7.6926,-0.1106,-0.0322,-0.1813,-2.4493,-6.3111,5.5258,0.0508,0.0998,-0.1323
2.9688,-1.5634,7.7357,-0.1136,-0.0164,-0.2128,-2.4636,-6.4117,5.4899,0.0569,0.1255,-0.1552
2.8826,-1.4940,7.6854,-0.1127,-0.0152,-0.2117,-2.5546,-6.3087,5.2529,0.0544,0.1236,-0.1474
2.8323,-1.5036,7.6926,-0.1414,0.0277,-0.2148,-2.5498,-6.4069,5.2457,0.0077,0.1613,-0.1615
2.8443,-1.6472,7.7117,-0.1438,0.0381,-0.2148,-2.4014,-6.4787,5.2720,0.0136,0.1406,-0.1456
2.7940,-1.6999,7.8099,-0.1396,0.0260,-0.2399,-2.5067,-6.5338,5.2122,0.0338,0.1785,-0.1784
2.8467,-1.6328,7.7716,-0.1379,-0.0296,-0.2567,-2.5163,-6.4356,5.2601,0.0646,0.1236,-0.1879
2.9425,-1.5347,7.8003,-0.1444,-0.0149,-0.2794,-2.4541,-6.4811,5.3654,0.0618,0.1679,-0.2053
2.9521,-1.5921,7.6974,-0.1556,-0.0064,-0.2915,-2.4134,-6.4260,5.4827,0.0661,0.1563,-0.2194
2.9185,-1.6544,7.5753,-0.1700,0.0314,-0.3043,-2.4636,-6.3638,5.2529,0.0361,0.2084,-0.2270
2.9137,-1.6927,7.6830,-0.1761,0.0584,-0.3104,-2.4708,-6.5050,5.2648,0.0270,0.2177,-0.2309
2.8826,-1.7095,7.8602,-0.1689,0.0474,-0.3146,-2.4995,-6.5122,5.4516,0.0349,0.2250,-0.2390
2.9568,-1.7071,7.7548,-0.1748,0.0440,-0.3164,-2.4349,-6.4165,5.3223,0.0349,0.2097,-0.2340
3.0382,-1.6664,7.6638,-0.1827,0.0410,-0.3255,-2.3487,-6.4308,5.3510,0.0337,0.2205,-0.2407
3.2250,-1.7957,7.7117,-0.1873,-0.0004,-0.3527,-1.9992,-6.3327,5.6623,0.0747,0.1649,-0.2196
3.0191,-1.6496,7.6519,-0.1767,0.0915,-0.3668,-2.6336,-6.4883,5.4612,0.0144,0.3296,-0.2566
2.8347,-1.6735,7.8578,-0.1892,0.0782,-0.3604,-2.5953,-6.5984,5.3750,0.0289,0.2815,-0.2734
2.8778,-1.7669,7.6878,-0.1970,0.0502,-0.3886,-2.3152,-6.4045,5.2337,0.0513,0.2602,-0.2814
2.7964,-1.7478,7.7021,-0.2032,0.0894,-0.4033,-2.4948,-6.5457,5.2218,0.0412,0.2970,-0.2984
2.7845,-1.7669,7.7859,-0.2073,0.0598,-0.4157,-2.4684,-6.6463,5.3056,0.0590,0.2814,-0.3127
2.8156,-1.7166,7.7835,-0.2070,0.0345,-0.4166,-2.4134,-6.5841,5.2960,0.0802,0.2593,-0.3158
2.8850,-1.7190,7.6662,-0.2076,0.0476,-0.4222,-2.2960,-6.5290,5.2337,0.0733,0.2826,-0.3168
2.7653,-1.7382,7.7381,-0.2228,0.0698,-0.4239,-2.4229,-6.6056,5.1787,0.0589,0.2922,-0.3300
2.8084,-1.8435,7.6998,-0.2200,0.0557,-0.4249,-2.4110,-6.6535,5.2194,0.0616,0.2821,-0.3288
2.7533,-1.7789,7.7093,-0.2157,0.0533,-0.4249,-2.4062,-6.7301,5.3008,0.0608,0.2848,-0.3214
2.8084,-1.8723,7.7165,-0.2128,0.0833,-0.4207,-2.4900,-6.6870,5.1715,0.0489,0.2994,-0.3158
2.7677,-1.8603,7.6998,-0.2209,0.0942,-0.4141,-2.3511,-6.6176,5.0973,0.0286,0.3018,-0.3192
2.7246,-1.8794,7.7381,-0.2209,0.0881,-0.3961,-2.4636,-6.7540,5.2122,0.0258,0.2822,-0.3019
2.8299,-1.8842,7.7428,-0.1973,0.0617,-0.3916,-2.3679,-6.7397,5.1404,0.0441,0.2698,-0.2942
2.8276,-1.9130,7.7405,-0.1821,0.0662,-0.3888,-2.3679,-6.7588,5.2122,0.0494,0.2770,-0.2847
2.7150,-1.9441,7.6567,-0.1901,0.0679,-0.3834,-2.4038,-6.7493,5.1595,0.0445,0.2729,-0.2753
2.6336,-2.2242,7.5202,-0.2489,0.0927,-0.3635,-2.0327,-6.8115,4.8219,0.0055,0.2498,-0.2920
2.4157,-2.3631,7.6998,-0.2421,0.1159,-0.3477,-2.4684,-7.2472,4.8411,-0.0135,0.2971,-0.2836
1.9968,-2.4062,8.1331,-0.1683,0.1438,-0.3172,-2.7749,-7.5369,4.6663,-0.0101,0.3251,-0.2647
2.4229,-2.0327,7.7668,-0.0785,-0.2064,-0.1310,-2.5187,-7.0725,4.9584,0.1140,-0.0630,-0.0853
2.6145,-2.0686,7.4053,-0.0737,-0.1039,-0.0265,-2.4469,-6.9767,4.8770,-0.0199,-0.0269,0.0031
2.5139,-2.1859,7.7788,-0.0879,0.1398,0.0117,-2.2625,-6.9959,4.8890,-0.1438,0.0994,-0.0204
2.1739,-2.0949,8.0014,-0.0124,0.0081,0.0930,-2.7438,-7.2856,4.7956,-0.0658,-0.0794,0.1184
2.4421,-2.0303,8.0685,0.0490,-0.1266,0.1427,-2.6504,-7.0390,5.0063,-0.0016,-0.1657,0.1640
2.6480,-1.8675,7.7357,0.0757,-0.1336,0.1935,-2.4948,-6.7876,4.9512,-0.0101,-0.2116,0.2168
2.7461,-1.9393,7.6255,0.0464,-0.1112,0.2262,-2.3343,-6.7086,5.1739,-0.0701,-0.1978,0.2289
2.7174,-1.9249,7.6471,0.0505,-0.0697,0.2590,-2.2841,-6.7445,5.0135,-0.1073,-0.2056,0.2526
2.7557,-2.0039,7.6926,0.0510,-0.0452,0.2862,-2.2410,-6.8354,5.0685,-0.1416,-0.1911,0.2645
2.6743,-1.9178,7.8027,0.0755,-0.0282,0.2895,-2.4612,-6.7828,5.1404,-0.1271,-0.1877,0.2710
2.8084,-1.8124,7.9296,0.0721,-0.1135,0.2924,-2.4565,-6.6343,5.2241,-0.0857,-0.2482,0.2549
3.0670,-1.7023,7.7907,0.0738,-0.1463,0.2823,-2.4014,-6.5027,5.6336,-0.0557,-0.2613,0.2527
3.2058,-1.4892,7.5920,0.0621,-0.1059,0.2483,-2.4445,-6.2034,5.5426,-0.0620,-0.2004,0.2166
2.9329,-1.4605,7.4460,-0.0145,-0.0127,0.2318,-2.4588,-6.2920,5.1547,-0.1439,-0.1384,0.1835
2.5714,-1.6903,7.7548,-0.0573,0.0277,0.2442,-2.6073,-6.6631,5.1499,-0.1864,-0.1067,0.1679
2.5546,-1.8627,7.8769,-0.0168,-0.0521,0.2486,-2.5498,-6.7684,4.9943,-0.1295,-0.1847,0.1855
2.5905,-1.8148,7.8482,0.0005,-0.0629,0.2538,-2.5235,-6.7253,5.1404,-0.1164,-0.1788,0.1885
2.7557,-1.7597,7.7213,-0.0076,-0.0588,0.2610,-2.4469,-6.5841,5.0326,-0.1262,-0.1982,0.1923
2.6935,-1.7119,7.7572,0.0036,-0.0518,0.2729,-2.5211,-6.7181,5.0613,-0.1410,-0.1791,0.1993
2.6983,-1.7166,7.7668,-0.0011,-0.0489,0.2947,-2.4421,-6.5457,5.1691,-0.1507,-0.2150,0.2105
2.8611,-1.8220,7.6902,-0.0079,-0.0699,0.3038,-2.4445,-6.5984,5.2409,-0.1427,-0.2350,0.2216
2.8587,-1.7286,7.6758,0.0163,-0.0711,0.3047,-2.3607,-6.5817,5.3678,-0.1355,-0.2180,0.2273
2.8395,-1.6568,7.8386,0.0201,-0.0600,0.3046,-2.6001,-6.5170,5.3367,-0.1328,-0.2168,0.2301
2.8395,-1.6759,7.6878,0.0141,-0.0821,0.3056,-2.4325,-6.4404,5.2720,-0.1291,-0.2361,0.2312
2.9257,-1.7478,7.7117,0.0136,-0.0778,0.2992,-2.3990,-6.5362,5.2960,-0.1294,-0.2153,0.2200
2.9042,-1.7142,7.7476,0.0112,-0.0572,0.2999,-2.4517,-6.6295,5.3989,-0.1371,-0.2138,0.2241
2.7485,-1.6855,7.8434,0.0163,-0.0580,0.2915,-2.6240,-6.6894,5.3558,-0.1319,-0.2036,0.2242
2.7629,-1.7214,7.5848,-0.0057,-0.0689,0.3032,-2.3942,-6.4811,5.2026,-0.1487,-0.2310,0.2184
2.8204,-1.7645,7.5250,-0.0013,-0.0746,0.3043,-2.4684,-6.6655,5.2385,-0.1400,-0.2276,0.2197
2.8132,-1.7502,7.7692,0.0069,-0.0576,0.2922,-2.4900,-6.5888,5.3367,-0.1350,-0.2060,0.2130
2.7964,-1.6568,7.8410,0.0116,-0.0585,0.2943,-2.5283,-6.6200,5.2481,-0.1295,-0.2073,0.2182
2.8036,-1.5945,7.6423,0.0048,-0.0882,0.3058,-2.5187,-6.5122,5.2074,-0.1283,-0.2425,0.2234
2.8276,-1.7142,7.6806,0.0121,-0.0706,0.2987,-2.4660,-6.5122,5.2984,-0.1323,-0.2180,0.2228
2.7701,-1.6903,7.8123,0.0100,-0.0851,0.3027,-2.4780,-6.6008,5.2074,-0.1266,-0.2226,0.2256
2.7605,-1.6783,7.8578,0.0171,-0.0958,0.3010,-2.5235,-6.5194,5.2433,-0.1095,-0.2407,0.2249
2.8012,-1.6807,7.7428,0.0184,-0.1175,0.2974,-2.5881,-6.5003,5.3103,-0.0926,-0.2550,0.2188
2.9161,-1.6352,7.6662,0.0025,-0.1514,0.2995,-2.3894,-6.4667,5.2936,-0.0897,-0.2871,0.2053
3.1029,-1.7286,7.6974,-0.0149,-0.1428,0.2939,-2.2889,-6.4667,5.4708,-0.0997,-0.2725,0.2010
3.0861,-1.7789,7.7644,-0.0007,-0.0942,0.2662,-2.3822,-6.5314,5.4468,-0.1054,-0.2050,0.1895
3.0861,-1.7119,7.6543,0.0097,-0.0849,0.2539,-2.3822,-6.4835,5.4660,-0.0897,-0.2006,0.1920
3.1029,-1.5754,7.6303,0.0037,-0.1119,0.2434,-2.4205,-6.3758,5.4540,-0.0814,-0.2201,0.1835
3.3806,-1.4748,7.5896,0.0076,-0.1116,0.2258,-2.2386,-6.1220,5.6910,-0.0839,-0.2177,0.1772
3.5721,-1.4509,7.5920,0.0107,-0.0537,0.1909,-2.2769,-6.0693,5.9424,-0.0922,-0.1400,0.1563
3.6512,-1.3838,7.4460,-0.0063,0.0004,0.1191,-2.2075,-5.9017,5.9376,-0.0881,-0.0810,0.1164
3.6631,-1.2785,7.5705,-0.0662,0.0857,0.0477,-2.1644,-5.7868,5.9041,-0.1288,0.0470,0.0262
3.2130,-1.3168,7.7524,-0.1092,0.1416,-0.0240,-2.5450,-6.1268,5.6599,-0.1350,0.1375,-0.0394
3.1029,-1.4581,7.9344,-0.1400,0.0686,-0.0950,-2.5786,-6.2944,5.6886,-0.0657,0.1176,-0.0899
2.6743,-1.7837,7.8434,-0.1504,0.0366,-0.2085,-2.4708,-6.5577,5.2864,0.0031,0.1519,-0.1647
2.8970,-1.6807,7.7979,-0.1324,-0.0353,-0.2212,-2.3846,-6.4691,5.2864,0.0542,0.1226,-0.1700
3.0550,-1.5634,7.6878,-0.1302,-0.0059,-0.2447,-2.2984,-6.2177,5.5043,0.0581,0.1549,-0.2022
3.1292,-1.4796,7.5968,-0.1575,0.0160,-0.2629,-2.5091,-6.2608,5.5091,0.0385,0.1780,-0.2112
3.0765,-1.5299,7.7548,-0.1836,0.0586,-0.2775,-2.4780,-6.3470,5.4779,0.0084,0.2121,-0.2302
2.9233,-1.6233,7.7452,-0.1848,0.0398,-0.2918,-2.4517,-6.4883,5.4037,0.0224,0.1939,-0.2261
3.0287,-1.7502,7.7955,-0.1605,0.0248,-0.2927,-2.4014,-6.5721,5.3798,0.0406,0.2026,-0.2220
2.9233,-1.7166,7.6423,-0.1561,0.0338,-0.2967,-2.4397,-6.5769,5.3175,0.0385,0.1972,-0.2158
2.8060,-1.8100,7.7093,-0.1472,0.0224,-0.2848,-2.4636,-6.6319,5.2289,0.0480,0.1917,-0.1969
2.7749,-1.7861,7.7141,-0.1395,0.0119,-0.2846,-2.3511,-6.5577,5.3295,0.0589,0.1729,-0.1932
2.9544,-1.7190,7.6806,-0.1506,0.0011,-0.2813,-2.3487,-6.5050,5.4324,0.0482,0.1725,-0.2042
3.0335,-1.7047,7.7644,-0.1535,0.0345,-0.2863,-2.3032,-6.5122,5.4157,0.0296,0.1908,-0.2078
2.9616,-1.7478,7.7692,-0.1655,0.0585,-0.2972,-2.3679,-6.4165,5.3343,0.0221,0.2134,-0.2141
2.9544,-1.6759,7.7405,-0.1615,0.0537,-0.3175,-2.4014,-6.4356,5.3965,0.0360,0.2230,-0.2317
2.5331,-1.6807,7.9224,-0.1947,0.1065,-0.2859,-2.7485,-6.7469,5.1380,-0.0169,0.2693,-0.2362
2.9137,-1.6855,7.5872,-0.1860,-0.0408,-0.3503,-2.1332,-6.3734,5.1164,0.0922,0.1187,-0.2813
2.7054,-1.7430,7.7141,-0.1767,0.1577,-0.3328,-2.3415,-6.4428,5.3008,-0.0005,0.3016,-0.2530
2.7318,-1.8124,7.8626,-0.1943,0.0352,-0.3135,-2.5522,-6.6535,5.4157,0.0429,0.1648,-0.2233
2.8635,-1.7765,7.7213,-0.1732,0.0212,-0.3300,-2.3463,-6.5864,5.3486,0.0388,0.2578,-0.2635
2.8299,-1.7454,7.6543,-0.1712,0.0612,-0.3412,-2.3296,-6.5122,5.2409,0.0393,0.2372,-0.2566
2.7892,-1.8076,7.8458,-0.1908,0.0441,-0.3321,-2.4038,-6.6272,5.2648,0.0380,0.2281,-0.2534
2.8659,-1.7957,7.7476,-0.1724,0.0333,-0.3352,-2.4612,-6.6343,5.3630,0.0508,0.2022,-0.2421
2.8323,-1.7813,7.5489,-0.1744,0.0381,-0.3317,-2.3176,-6.5697,5.2529,0.0424,0.2277,-0.2473
2.9329,-1.8052,7.6926,-0.1719,0.0663,-0.3246,-2.3870,-6.6295,5.2625,0.0246,0.2388,-0.2372
2.7892,-1.8794,7.7907,-0.1603,0.0640,-0.3135,-2.4804,-6.6679,5.2984,0.0274,0.2365,-0.2212
2.8036,-1.9178,7.6830,-0.1631,0.0644,-0.3050,-2.3774,-6.6272,5.2002,0.0184,0.2197,-0.2172
2.7940,-1.7597,7.8027,-0.1589,0.0461,-0.3022,-2.3367,-6.5864,5.2648,0.0334,0.2106,-0.2046
2.8659,-1.8220,7.6255,-0.1781,0.0641,-0.2959,-2.3296,-6.6511,5.1523,0.0097,0.2245,-0.2293
2.6336,-1.8866,7.8673,-0.1649,0.0546,-0.2797,-2.5163,-6.7660,5.2218,0.0168,0.2080,-0.2096
2.6983,-1.8699,7.7476,-0.1383,0.0242,-0.2658,-2.4325,-6.6918,5.1404,0.0309,0.1769,-0.1841
2.7390,-1.8771,7.7764,-0.1392,0.0301,-0.2366,-2.4804,-6.6822,5.0589,0.0100,0.1711,-0.1701
2.7940,-1.8747,7.7931,-0.1352,0.0357,-0.2226,-2.4014,-6.7636,5.1787,0.0032,0.1555,-0.1556
2.6935,-1.8531,7.7524,-0.1328,0.0413,-0.2029,-2.4708,-6.7445,5.0973,-0.0017,0.1466,-0.1415
2.6695,-1.8747,7.7476,-0.1243,0.0332,-0.1855,-2.4181,-6.6894,5.1356,-0.0035,0.1231,-0.1260
2.7007,-1.9345,7.6567,-0.1287,0.0238,-0.1724,-2.4086,-6.7373,5.0925,-0.0104,0.1180,-0.1154
2.5259,-1.9872,7.7955,-0.1488,0.0580,-0.1471,-2.3343,-6.8642,4.9129,-0.0481,0.1360,-0.1352
2.2721,-2.1500,7.8673,-0.1286,0.0532,-0.1031,-2.6264,-7.0773,4.7621,-0.0540,0.0963,-0.0898
2.2482,-2.0183,8.1187,-0.0679,-0.0366,-0.0592,-2.7892,-7.1874,4.9512,0.0008,0.0260,-0.0260
2.5355,-1.9106,7.7764,-0.0091,-0.1033,-0.0208,-2.4612,-6.8283,4.8842,0.0161,-0.0789,0.0149
2.5522,-1.8316,7.8243,-0.0127,-0.0281,0.0767,-2.7102,-6.8905,4.9392,-0.0739,-0.0628,0.0993
2.6456,-1.9273,7.5872,-0.0533,0.0116,0.1464,-2.2434,-6.7397,4.7716,-0.1535,-0.1171,0.1351
2.6743,-2.0446,7.6543,-0.0401,0.0088,0.1781,-2.2458,-6.8570,4.9416,-0.1696,-0.0758,0.1148
2.5546,-2.1117,7.9464,-0.0304,-0.0077,0.1948,-2.4157,-7.0222,5.1044,-0.1407,-0.1214,0.1380
2.7270,-1.9824,7.7309,0.0265,-0.0528,0.2100,-2.3990,-6.7732,5.0542,-0.0923,-0.1792,0.1745
2.7533,-1.7310,7.7931,0.0258,-0.0670,0.2098,-2.4181,-6.5936,5.2505,-0.0811,-0.1652,0.1731
2.7916,-1.6735,7.6231,0.0052,-0.0713,0.2258,-2.5019,-6.5553,5.1691,-0.0958,-0.1937,0.1859
2.6552,-1.8100,7.7788,-0.0189,-0.0260,0.2392,-2.5474,-6.7086,5.1595,-0.1426,-0.1344,0.1820
2.5450,-1.8914,7.8219,-0.0360,-0.0369,0.2591,-2.4828,-6.7780,4.9009,-0.1525,-0.1880,0.1872
2.6480,-1.8794,7.7788,-0.0181,-0.1022,0.2718,-2.4421,-6.7828,5.1380,-0.1171,-0.2108,0.1909
2.7318,-1.8986,7.6614,0.0016,-0.0649,0.2711,-2.4110,-6.7086,5.0398,-0.1282,-0.2189,0.2024
2.6073,-1.8244,7.7309,-0.0325,-0.0216,0.2598,-2.4181,-6.6870,4.9847,-0.1632,-0.1491,0.1639
2.5474,-1.9178,7.8171,-0.0113,-0.0513,0.2683,-2.5355,-6.8091,5.1691,-0.1418,-0.2140,0.1948
2.7102,-1.8962,7.7405,0.0000,-0.0770,0.2798,-2.4972,-6.7636,5.1380,-0.1220,-0.2180,0.2029
2.7198,-1.8196,7.7165,0.0047,-0.0542,0.2920,-2.4588,-6.7109,5.0613,-0.1446,-0.2097,0.2185
2.7653,-1.8938,7.7309,0.0117,-0.0425,0.3102,-2.3559,-6.6750,5.1691,-0.1543,-0.2201,0.2341
2.6145,-1.7837,7.8458,0.0292,-0.0667,0.3367,-2.4780,-6.7564,5.2026,-0.1439,-0.2341,0.2533
2.7461,-1.8196,7.8003,0.0394,-0.1030,0.3433,-2.4804,-6.6990,5.1930,-0.1172,-0.2666,0.2607
2.8419,-1.7741,7.6207,0.0083,-0.0959,0.3343,-2.3727,-6.6080,5.2146,-0.1448,-0.2591,0.2419
2.7581,-1.8435,7.8338,0.0205,-0.0713,0.3359,-2.3870,-6.6942,5.2385,-0.1402,-0.2332,0.2470
2.8563,-1.8004,7.6662,0.0133,-0.0989,0.3208,-2.3391,-6.5817,5.2744,-0.1259,-0.2555,0.2388
2.8515,-1.8435,7.7548,0.0208,-0.0850,0.3146,-2.3798,-6.6631,5.2481,-0.1258,-0.2373,0.2401
2.7031,-1.7933,7.6710,0.0187,-0.1014,0.3395,-2.4349,-6.6631,5.2385,-0.1299,-0.2631,0.2545
2.7988,-1.7549,7.7812,0.0441,-0.1347,0.3449,-2.4469,-6.6463,5.2385,-0.0941,-0.3024,0.2687
2.8946,-1.7741,7.6231,0.0502,-0.1166,0.3297,-2.2769,-6.5553,5.2601,-0.1065,-0.2619,0.2575
2.8730,-1.7047,7.7165,0.0147,-0.0686,0.3321,-2.4110,-6.4739,5.2457,-0.1454,-0.2399,0.2435
2.8754,-1.7214,7.7428,0.0157,-0.0753,0.3223,-2.3798,-6.6176,5.1691,-0.1455,-0.2298,0.2254
2.8036,-1.7286,7.8578,0.0097,-0.0829,0.3238,-2.4588,-6.6272,5.2960,-0.1394,-0.2533,0.2340
2.9233,-1.7933,7.7596,0.0015,-0.0998,0.3204,-2.3559,-6.5721,5.3654,-0.1388,-0.2666,0.2265
3.0071,-1.8172,7.7907,0.0041,-0.0890,0.3023,-2.3655,-6.5912,5.5258,-0.1199,-0.2386,0.2138
3.1747,-1.6472,7.6375,0.0418,-0.1511,0.2948,-2.3703,-6.3566,5.5952,-0.0601,-0.2980,0.2521
3.6392,-1.4605,7.5058,0.0356,-0.1470,0.2590,-2.1548,-6.0094,6.0047,-0.0477,-0.2316,0.2004
3.6392,-1.4030,7.4579,-0.0088,-0.0489,0.1801,-2.1572,-5.9352,5.9472,-0.0967,-0.1438,0.1580
3.4381,-1.4030,7.6399,-0.0373,0.0633,0.1070,-2.2242,-6.0573,5.7676,-0.1256,0.0191,0.0930
3.1508,-1.4126,7.6375,-0.0436,0.0689,0.0436,-2.5905,-6.1675,5.5737,-0.0899,0.0441,0.0505
2.8659,-1.3886,7.7213,-0.0718,0.0250,-0.0164,-2.6121,-6.1986,5.4444,-0.0497,0.0472,0.0009
2.9329,-1.4653,7.5369,-0.1055,-0.0225,-0.0614,-2.5809,-6.3087,5.3271,-0.0270,0.0317,-0.0550
2.9832,-1.5730,7.4077,-0.1311,-0.0173,-0.1248,-2.2936,-6.1794,5.2864,-0.0179,0.0727,-0.1324
3.1771,-1.5275,8.0062,-0.1411,0.0208,-0.1961,-2.5283,-6.5386,5.8371,0.0092,0.1551,-0.1756
3.1149,-1.4724,7.7979,-0.0967,-0.0160,-0.2542,-2.4541,-6.2608,5.5162,0.0855,0.1302,-0.1696
3.0909,-1.5083,7.4891,-0.1741,0.0338,-0.2912,-2.3415,-6.2441,5.2313,0.0280,0.2186,-0.2336
2.9832,-1.7382,7.7117,-0.2113,0.0783,-0.3148,-2.3439,-6.5362,5.3678,0.0033,0.2425,-0.2574
2.8970,-1.8938,7.7788,-0.1871,0.0378,-0.3485,-2.3918,-6.6894,5.4564,0.0584,0.2442,-0.2842
2.9209,-1.8890,7.7835,-0.1576,-0.0265,-0.3551,-2.2889,-6.6248,5.3247,0.1120,0.1823,-0.2573
3.0143,-1.7669,7.6519,-0.1667,-0.0089,-0.3504,-2.2266,-6.5122,5.4444,0.0870,0.2148,-0.2675
3.0239,-1.8483,7.6495,-0.1544,0.0310,-0.3459,-2.3176,-6.5841,5.3534,0.0681,0.2289,-0.2483
2.9353,-1.7837,7.8171,-0.1448,0.0402,-0.3320,-2.3559,-6.6559,5.3726,0.0646,0.2453,-0.2302
2.8970,-1.7669,7.6806,-0.1272,0.0144,-0.3104,-2.5283,-6.6367,5.2792,0.0814,0.1960,-0.1986
2.9616,-1.6831,7.7165,-0.1025,0.0101,-0.2971,-2.3918,-6.5338,5.3486,0.0741,0.1904,-0.1771
2.9568,-1.6951,7.6638,-0.1231,0.0230,-0.3024,-2.4612,-6.4907,5.2768,0.0682,0.1919,-0.1681
2.9305,-1.7597,7.5872,-0.1444,0.0442,-0.2920,-2.4205,-6.4691,5.3510,0.0318,0.2082,-0.1853
2.9377,-1.7166,7.6830,-0.1419,0.0534,-0.2952,-2.3894,-6.5457,5.3965,0.0334,0.2148,-0.1953
2.9281,-1.7382,7.7045,-0.1502,0.0280,-0.3020,-2.4062,-6.4596,5.2960,0.0464,0.1909,-0.2089
2.9113,-1.6568,7.6806,-0.1661,0.0446,-0.3140,-2.3990,-6.4691,5.3486,0.0293,0.2101,-0.2262
2.9137,-1.6879,7.7045,-0.1721,0.0482,-0.3096,-2.3750,-6.5122,5.4396,0.0294,0.2097,-0.2261
3.1963,-1.7645,7.8721,-0.1759,0.0115,-0.2924,-2.3056,-6.4715,5.7197,0.0397,0.1837,-0.1832
2.9233,-1.6065,7.4508,-0.1716,0.0428,-0.3151,-2.6408,-6.5338,5.0685,0.0072,0.2811,-0.2546
2.9113,-1.6352,7.8482,-0.1716,0.0769,-0.3143,-2.4732,-6.5481,5.2002,0.0229,0.2654,-0.2523
2.9473,-1.6999,7.7572,-0.1745,-0.0051,-0.3154,-2.3703,-6.4404,5.3798,0.0699,0.1348,-0.2162
2.9209,-1.8076,7.5657,-0.1839,0.0418,-0.3083,-2.4541,-6.5194,5.2960,0.0272,0.2257,-0.2410
2.9185,-1.7957,7.7045,-0.1795,0.0657,-0.3170,-2.3511,-6.5122,5.3151,0.0230,0.2296,-0.2430
2.9018,-1.8100,7.7572,-0.1731,0.0460,-0.3146,-2.4014,-6.6391,5.1715,0.0341,0.2180,-0.2368
2.8898,-1.7837,7.7165,-0.1725,0.0454,-0.3142,-2.3415,-6.5266,5.1571,0.0350,0.2208,-0.2330
2.9185,-1.7765,7.6519,-0.1747,0.0594,-0.2995,-2.3320,-6.6319,5.3175,0.0167,0.2149,-0.2266
2.8730,-1.9010,7.7261,-0.1719,0.0628,-0.2923,-2.4062,-6.6726,5.2840,0.0084,0.2176,-0.2201
2.7390,-1.8794,7.7692,-0.1545,0.0480,-0.2827,-2.4349,-6.6702,5.2792,0.0185,0.2012,-0.1997
2.8276,-1.8028,7.7309,-0.1462,0.0466,-0.2661,-2.4038,-6.6415,5.2936,0.0176,0.1974,-0.1956
2.8491,-1.8699,7.7237,-0.1454,0.0361,-0.2618,-2.3727,-6.6463,5.1906,0.0225,0.1721,-0.1836
2.8611,-1.8555,7.6160,-0.1543,0.0450,-0.2591,-2.3128,-6.5984,5.2505,0.0140,0.1851,-0.1832
2.7988,-1.8603,7.8171,-0.1331,0.0474,-0.2470,-2.5283,-6.7205,5.2098,0.0185,0.1815,-0.1683
2.7318,-1.7669,7.7452,-0.1330,0.0318,-0.2324,-2.3846,-6.6415,5.1236,0.0121,0.1688,-0.1668
2.7342,-1.8076,7.6710,-0.1443,0.0348,-0.2148,-2.5091,-6.6702,5.1882,0.0008,0.1448,-0.1519
2.6647,-1.7861,7.7668,-0.1340,0.0397,-0.1978,-2.4565,-6.6990,5.2122,-0.0085,0.1547,-0.1442
2.7246,-1.8100,7.8482,-0.1331,0.0310,-0.1832,-2.4708,-6.7397,5.0877,-0.0073,0.1212,-0.1322
2.6049,-1.8675,7.6902,-0.1423,0.0301,-0.1552,-2.4229,-6.7708,4.9512,-0.0274,0.1037,-0.1103
2.4421,-2.1668,7.7189,-0.1502,0.0309,-0.1186,-2.3296,-6.9480,4.8195,-0.0610,0.0950,-0.1159
2.4110,-2.2218,7.7979,-0.1228,0.0510,-0.0701,-2.4421,-7.1204,4.7285,-0.0757,0.0901,-0.0687
2.4325,-2.0159,8.0613,-0.0370,-0.0314,-0.0205,-2.6647,-7.1611,5.0230,-0.0095,-0.0124,0.0123
2.5833,-1.7741,7.6974,-0.0180,-0.0974,0.0305,-2.4588,-6.6272,4.8985,-0.0095,-0.1115,0.0545
2.8443,-1.8172,7.7093,-0.0329,-0.0326,0.0922,-2.3583,-6.7133,5.1858,-0.0806,-0.0594,0.0802
2.7892,-1.7430,7.6926,-0.0215,0.0284,0.1399,-2.4157,-6.5649,5.0589,-0.1327,-0.0658,0.1234
2.6863,-1.8076,7.7955,-0.0233,0.0092,0.1681,-2.5450,-6.6679,5.2194,-0.1326,-0.0817,0.1274
2.7150,-1.8699,7.9200,-0.0428,-0.0312,0.1651,-2.4134,-6.7181,5.2002,-0.1095,-0.1226,0.1144
2.7629,-1.8004,7.7907,-0.0177,-0.0334,0.1651,-2.4565,-6.7014,5.2457,-0.0919,-0.1306,0.1398
2.7318,-1.7526,7.7069,-0.0205,-0.0169,0.1664,-2.4876,-6.6080,5.0901,-0.1142,-0.0931,0.1234
2.6576,-1.7837,7.6806,-0.0406,-0.0300,0.1725,-2.4948,-6.6319,5.1332,-0.1184,-0.1380,0.1291
2.7701,-1.9082,7.6638,-0.0434,-0.0241,0.1767,-2.3870,-6.6104,5.0925,-0.1314,-0.1148,0.1196
2.6217,-1.9249,7.7476,-0.0433,-0.0173,0.1940,-2.5762,-6.7852,5.1547,-0.1363,-0.1302,0.1330
2.4684,-1.9632,7.8027,-0.0402,-0.0405,0.2001,-2.4421,-6.7900,4.8961,-0.1298,-0.1424,0.1383
2.6671,-1.9010,7.7213,-0.0272,-0.0561,0.2108,-2.3966,-6.7947,5.0589,-0.1088,-0.1679,0.1507
2.7461,-1.8196,7.7859,-0.0076,-0.0498,0.2198,-2.5235,-6.7086,5.2002,-0.1155,-0.1508,0.1573
2.6911,-1.8435,7.7931,-0.0048,-0.0457,0.2304,-2.5666,-6.6846,5.1140,-0.1120,-0.1809,0.1809
2.6264,-1.7957,7.6519,-0.0123,-0.0662,0.2442,-2.4493,-6.6894,5.0661,-0.1240,-0.1780,0.1760
2.7461,-1.8627,7.7835,0.0011,-0.0722,0.2511,-2.5642,-6.7588,5.2050,-0.1083,-0.2110,0.1992
2.6839,-1.8268,7.7093,0.0168,-0.0741,0.2606,-2.4900,-6.6798,5.2146,-0.1069,-0.1997,0.2089
2.7773,-1.8100,7.7668,0.0199,-0.0799,0.2685,-2.5019,-6.6870,5.1499,-0.1063,-0.2034,0.2104
2.7916,-1.8028,7.7500,0.0045,-0.0819,0.2719,-2.4110,-6.6200,5.1427,-0.1150,-0.2141,0.1990
2.8204,-1.8172,7.8147,0.0099,-0.0738,0.2751,-2.4469,-6.7109,5.2361,-0.1078,-0.2114,0.2140
2.7294,-1.8076,7.7452,0.0218,-0.0873,0.2880,-2.4157,-6.6295,5.1571,-0.1114,-0.2257,0.2202
2.8347,-1.7861,7.6806,0.0137,-0.0837,0.2931,-2.3822,-6.6128,5.1930,-0.1244,-0.2100,0.2161
2.8228,-1.7645,7.6854,0.0257,-0.0655,0.2822,-2.4828,-6.6176,5.2888,-0.1202,-0.2068,0.2208
2.7031,-1.7119,7.7644,0.0153,-0.0634,0.2852,-2.6121,-6.6918,5.2792,-0.1272,-0.2017,0.2176
2.6240,-1.7502,7.6519,0.0044,-0.0718,0.3067,-2.3583,-6.4859,5.0589,-0.1380,-0.2437,0.2362
2.8539,-1.8842,7.9583,0.0176,-0.0717,0.2880,-2.4349,-6.6104,5.3247,-0.1254,-0.2152,0.2164
2.8060,-1.7454,7.7045,0.0212,-0.0831,0.2907,-2.4565,-6.5218,5.2385,-0.1102,-0.2328,0.2368
2.8539,-1.8411,7.6734,0.0057,-0.0901,0.2907,-2.3750,-6.6104,5.2744,-0.1174,-0.2253,0.2170
2.9113,-1.8004,7.5992,0.0152,-0.0969,0.2832,-2.3511,-6.6152,5.3079,-0.0993,-0.2376,0.2278
2.9712,-1.7238,7.7572,0.0305,-0.0861,0.2884,-2.4565,-6.6032,5.3678,-0.1035,-0.1997,0.2228
2.8635,-1.6735,7.7093,0.0187,-0.0679,0.2663,-2.5211,-6.5481,5.3439,-0.0978,-0.2120,0.2218
2.7390,-1.7047,7.7333,0.0100,-0.0818,0.2738,-2.5546,-6.5410,5.2361,-0.1078,-0.2108,0.2197
2.7438,-1.6496,7.6998,0.0184,-0.0994,0.2863,-2.5331,-6.5577,5.3056,-0.1038,-0.2232,0.2173
2.8946,-1.6640,7.6854,0.0242,-0.1126,0.2946,-2.4517,-6.5003,5.2505,-0.0991,-0.2403,0.2189
2.8347,-1.6041,7.6806,0.0064,-0.1110,0.2870,-2.5283,-6.4643,5.2792,-0.1061,-0.2373,0.2060
2.9568,-1.6089,7.6447,-0.0021,-0.1246,0.2844,-2.3367,-6.3494,5.3846,-0.1050,-0.2679,0.2030
3.2681,-1.6281,7.8123,-0.0088,-0.1202,0.2594,-2.2865,-6.3422,5.6838,-0.0975,-0.2233,0.1772
3.4620,-1.5299,7.6686,0.0171,-0.1146,0.2205,-2.2314,-6.1651,5.9400,-0.0613,-0.2110,0.1731
3.6536,-1.3384,7.5537,0.0217,-0.0674,0.1603,-2.2482,-5.9616,6.0238,-0.0546,-0.1154,0.1303
3.8164,-1.1827,7.5202,-0.0149,-0.0211,0.0782,-2.2338,-5.7269,6.0765,-0.0642,-0.0578,0.0843
3.4788,-1.2186,7.3502,-0.0933,0.1077,-0.0087,-2.2769,-5.7724,5.7317,-0.1266,0.1026,-0.0016
3.0909,-1.4246,7.7045,-0.1645,0.1483,-0.0821,-2.4972,-6.1651,5.5258,-0.1422,0.1691,-0.0890
2.9042,-1.6568,7.8817,-0.1663,0.0318,-0.1304,-2.5402,-6.6272,5.4468,-0.0505,0.0843,-0.1014
2.9305,-1.8220,7.8410,-0.1439,0.0000,-0.1888,-2.3224,-6.5960,5.3606,0.0141,0.1227,-0.1580
3.0789,-1.7358,7.6854,-0.1392,-0.0143,-0.2304,-2.3176,-6.4691,5.3965,0.0501,0.1111,-0.1712
3.0454,-1.6831,7.6519,-0.1442,0.0169,-0.2703,-2.3727,-6.3758,5.5258,0.0600,0.1937,-0.2068
3.1196,-1.5131,7.5034,-0.1603,-0.0264,-0.2798,-2.3296,-6.3039,5.3295,0.0633,0.1458,-0.2150
2.9951,-1.6592,7.6495,-0.1871,0.0863,-0.3106,-2.4181,-6.3638,5.3893,0.0108,0.2354,-0.2340
2.8802,-1.6807,7.7381,-0.1727,0.0548,-0.3210,-2.4708,-6.5841,5.4205,0.0289,0.2381,-0.2389
2.9161,-1.7047,7.8003,-0.1515,0.0436,-0.3251,-2.4086,-6.6176,5.2936,0.0570,0.2045,-0.2193
3.0358,-1.7885,7.7141,-0.1399,0.0011,-0.3187,-2.3032,-6.4620,5.3558,0.0773,0.1881,-0.2104
3.0143,-1.6520,7.5776,-0.1394,0.0397,-0.3224,-2.2936,-6.4931,5.2720,0.0552,0.2286,-0.2208
2.8898,-1.7549,7.7500,-0.1462,0.0518,-0.3222,-2.5235,-6.5817,5.4612,0.0514,0.2470,-0.2310
2.9616,-1.7382,7.8099,-0.1585,-0.0045,-0.3383,-2.3631,-6.4404,5.3989,0.0777,0.1856,-0.2336
3.0047,-1.7262,7.5034,-0.1577,0.0436,-0.3504,-2.2027,-6.4787,5.4013,0.0590,0.2374,-0.2415
2.9808,-1.7693,7.7668,-0.1787,0.0562,-0.3563,-2.4469,-6.5721,5.5234,0.0434,0.2602,-0.2605
2.9808,-1.6520,7.6830,-0.1647,0.0372,-0.3788,-2.4110,-6.4284,5.3271,0.0711,0.2473,-0.2699
2.9999,-1.6089,7.6926,-0.1667,0.0675,-0.3720,-2.4636,-6.4117,5.3343,0.0532,0.2679,-0.2670
3.0718,-1.6305,7.7357,-0.1916,0.0200,-0.3760,-2.3703,-6.4404,5.4827,0.0677,0.2250,-0.2778
3.0239,-1.7358,7.6088,-0.2009,0.0758,-0.3781,-2.3104,-6.4260,5.4037,0.0308,0.2783,-0.2856
2.9257,-1.8196,7.6926,-0.2062,0.1043,-0.3809,-2.3487,-6.5841,5.2792,0.0205,0.2894,-0.2825
2.8060,-1.8028,7.8626,-0.1969,0.0594,-0.3892,-2.4660,-6.7205,5.2864,0.0538,0.2757,-0.2886
2.9305,-1.7909,7.7548,-0.1953,0.0213,-0.4006,-2.3343,-6.4883,5.2744,0.0778,0.2298,-0.2932
2.8228,-1.8579,7.7333,-0.1985,0.0795,-0.3906,-2.3822,-6.6176,5.2577,0.0465,0.2988,-0.2930
2.8683,-1.8340,7.7620,-0.1848,0.0512,-0.3882,-2.3942,-6.6224,5.2337,0.0622,0.2419,-0.2758
2.8108,-1.7813,7.6471,-0.1815,0.0775,-0.3659,-2.3942,-6.6391,5.1164,0.0340,0.2759,-0.2662
2.7821,-1.8340,7.8099,-0.1771,0.0771,-0.3379,-2.3655,-6.5960,5.1715,0.0224,0.2459,-0.2380
2.7773,-1.8962,7.6782,-0.1700,0.0545,-0.3200,-2.3679,-6.7277,5.1930,0.0277,0.2280,-0.2317
2.8371,-1.7980,7.6998,-0.1572,0.0723,-0.3040,-2.3487,-6.6343,5.2505,0.0097,0.2328,-0.2205
2.8180,-1.8603,7.7524,-0.1611,0.0927,-0.3032,-2.5067,-6.7109,5.2170,0.0033,0.2542,-0.2244
2.6695,-1.8124,7.8051,-0.1483,0.0384,-0.2883,-2.4517,-6.7038,5.0542,0.0382,0.1807,-0.1990
2.8060,-1.8435,7.6758,-0.1424,0.0230,-0.2665,-2.4373,-6.6415,5.1212,0.0317,0.1751,-0.1936
2.7964,-1.8675,7.5872,-0.1543,0.0472,-0.2507,-2.4253,-6.7181,5.0685,0.0071,0.1817,-0.1709
2.6743,-2.1572,7.7812,-0.1889,0.0482,-0.2340,-2.2362,-6.9097,5.0470,-0.0228,0.2073,-0.2261
2.2051,-2.1069,7.7596,-0.1600,0.1159,-0.2157,-2.6121,-7.1371,4.6376,-0.0422,0.2046,-0.1580
1.9297,-2.0470,8.2001,-0.0818,0.0136,-0.1422,-3.0406,-7.3239,4.6735,0.0205,0.1065,-0.0762
2.4325,-1.9656,7.6734,-0.0412,-0.1803,-0.0678,-2.4110,-6.8115,4.7333,0.0821,-0.1480,-0.0108
2.7198,-2.0806,7.6184,-0.0879,-0.0458,0.0116,-2.2936,-6.8043,5.0135,-0.0633,-0.0119,0.0176
2.6336,-2.0231,7.6782,-0.0378,0.0741,0.0710,-2.4612,-6.9168,4.9967,-0.1155,0.0072,0.0779
2.3894,-1.9154,7.8434,0.0065,-0.0310,0.1282,-2.5474,-6.8690,5.0230,-0.0717,-0.0945,0.1143
2.7725,-1.8771,7.7237,0.0203,-0.1123,0.1739,-2.4541,-6.7397,5.1619,-0.0529,-0.1900,0.1597
2.9832,-1.7980,7.7907,0.0149,-0.0496,0.1795,-2.3918,-6.5362,5.4660,-0.0903,-0.1194,0.1543
2.9497,-1.7190,7.5393,-0.0013,-0.0461,0.1768,-2.2960,-6.4500,5.2816,-0.1065,-0.1527,0.1645
2.8850,-1.8004,7.7740,-0.0129,-0.0120,0.1727,-2.4852,-6.6056,5.4300,-0.1271,-0.0763,0.1352
2.8611,-1.8196,7.7357,-0.0052,-0.0230,0.1731,-2.4397,-6.6128,5.2505,-0.1078,-0.1294,0.1444
2.7605,-1.7214,7.8075,-0.0092,-0.0226,0.1864,-2.5402,-6.5577,5.2002,-0.1143,-0.1171,0.1547
2.7246,-1.8340,7.7381,-0.0338,-0.0048,0.2054,-2.4660,-6.6726,5.1356,-0.1467,-0.1088,0.1525
2.6815,-1.8603,7.7476,-0.0346,-0.0157,0.2008,-2.5211,-6.7349,5.0877,-0.1355,-0.1320,0.1406
2.6959,-1.7573,7.8099,-0.0209,-0.0256,0.1970,-2.5570,-6.7732,5.1595,-0.1259,-0.1286,0.1478
2.6384,-1.7454,7.7093,-0.0131,-0.0244,0.2040,-2.5259,-6.6702,5.0925,-0.1268,-0.1367,0.1552
2.6264,-1.7095,7.6950,-0.0088,-0.0337,0.2217,-2.5259,-6.6631,5.0853,-0.1252,-0.1592,0.1679
2.6791,-1.7406,7.7285,-0.0108,-0.0464,0.2403,-2.4995,-6.6128,5.1571,-0.1270,-0.1764,0.1840
2.6384,-1.7334,7.7764,-0.0008,-0.0441,0.2590,-2.5809,-6.7469,5.1044,-0.1334,-0.1796,0.1929
2.5498,-1.7454,7.8003,0.0019,-0.0432,0.2790,-2.5809,-6.6894,5.0566,-0.1418,-0.1777,0.2036
2.7988,-1.6999,7.6567,0.0021,-0.0588,0.2677,-2.4325,-6.5577,5.2648,-0.1372,-0.1929,0.2018
2.6863,-1.7549,7.7117,-0.0254,-0.0256,0.2734,-2.5043,-6.6367,5.0422,-0.1597,-0.1800,0.1855
2.7294,-1.8268,7.8769,-0.0155,-0.1057,0.2839,-2.4517,-6.7014,5.2553,-0.1142,-0.2495,0.2042
2.8156,-1.8459,7.6351,-0.0023,-0.0807,0.2779,-2.3367,-6.5769,5.2481,-0.1199,-0.2108,0.2021
2.7940,-1.7813,7.8434,0.0124,-0.0686,0.2774,-2.5019,-6.6822,5.3654,-0.1180,-0.1856,0.2096
2.7581,-1.7549,7.7189,0.0067,-0.0947,0.2856,-2.4876,-6.5481,5.1619,-0.1116,-0.2337,0.2138
2.8252,-1.7957,7.5944,0.0009,-0.0658,0.2862,-2.3846,-6.6966,5.2098,-0.1304,-0.2029,0.2033
2.8108,-1.8435,7.9487,0.0013,-0.1059,0.2765,-2.4325,-6.7229,5.3247,-0.0937,-0.2326,0.2018
2.8323,-1.6376,7.8027,0.0384,-0.1215,0.2697,-2.5402,-6.5912,5.3917,-0.0629,-0.2358,0.2150
2.8132,-1.5538,7.4292,0.0183,-0.0819,0.2770,-2.4301,-6.3135,5.0757,-0.1139,-0.2188,0.2101
2.6743,-1.6640,7.7644,-0.0365,-0.0514,0.2887,-2.5283,-6.6080,5.2577,-0.1680,-0.1864,0.1821
2.7054,-1.8196,7.9104,-0.0068,-0.0846,0.2879,-2.5522,-6.7277,5.1739,-0.1242,-0.2398,0.2013
2.7845,-1.7526,7.7237,0.0172,-0.1418,0.2958,-2.4445,-6.5912,5.2768,-0.0794,-0.2777,0.2106
2.9521,-1.6879,7.6088,0.0131,-0.1543,0.2938,-2.2434,-6.4811,5.4492,-0.0791,-0.2858,0.2098
3.1388,-1.7047,7.6950,-0.0056,-0.1059,0.2847,-2.3607,-6.4189,5.4492,-0.1123,-0.2234,0.1839
3.0670,-1.6376,7.7572,-0.0031,-0.1019,0.2621,-2.3176,-6.5314,5.4468,-0.0995,-0.2292,0.1813
3.1101,-1.6807,7.5753,0.0036,-0.1092,0.2638,-2.2266,-6.3518,5.3510,-0.0963,-0.2337,0.1916
3.1125,-1.6233,7.6088,-0.0292,-0.0763,0.2597,-2.2218,-6.3327,5.5450,-0.1351,-0.1972,0.1659
3.2106,-1.6496,7.7452,-0.0207,-0.0581,0.2349,-2.2673,-6.3446,5.6431,-0.1194,-0.1692,0.1611
3.3208,-1.4533,7.4939,-0.0185,-0.0288,0.1271,-2.2218,-6.0262,5.7102,-0.0826,-0.0907,0.1067
3.3830,-1.4054,7.5657,-0.0710,0.0374,0.0616,-2.2434,-6.0262,5.6862,-0.1132,-0.0057,0.0400
3.0358,-1.4341,7.7859,-0.1332,0.1186,-0.0017,-2.4900,-6.2728,5.5258,-0.1467,0.1030,-0.0280
2.9018,-1.6640,7.8889,-0.1306,0.0260,-0.0425,-2.5187,-6.4907,5.5569,-0.0695,0.0417,-0.0502
2.8683,-1.8148,7.7596,-0.1220,-0.0039,-0.0910,-2.2434,-6.5505,5.3367,-0.0334,0.0606,-0.0721
2.9664,-1.8890,7.8362,-0.1178,0.0187,-0.1462,-2.2673,-6.6176,5.4540,-0.0160,0.1227,-0.1220
2.9066,-1.7621,7.7764,-0.0885,-0.0085,-0.1841,-2.3583,-6.5386,5.3486,0.0437,0.1057,-0.1208
2.9568,-1.6975,7.6686,-0.0930,-0.0151,-0.2024,-2.3367,-6.3542,5.3893,0.0514,0.1255,-0.1426
3.1364,-1.6041,7.5920,-0.1164,-0.0049,-0.2093,-2.3080,-6.3590,5.4348,0.0356,0.1279,-0.1458
3.0861,-1.6616,7.6782,-0.1262,0.0306,-0.2200,-2.3296,-6.3805,5.3822,0.0209,0.1583,-0.1537
3.0191,-1.6616,7.7476,-0.1291,0.0257,-0.2242,-2.3990,-6.4979,5.4013,0.0221,0.1580,-0.1508
2.8946,-1.7741,7.7620,-0.1104,-0.0036,-0.2253,-2.4110,-6.4835,5.4133,0.0504,0.1420,-0.1460
2.9664,-1.6735,7.6950,-0.1011,-0.0159,-0.2224,-2.3918,-6.4643,5.3846,0.0652,0.1318,-0.1407
3.0263,-1.6735,7.6878,-0.1278,0.0007,-0.2349,-2.4181,-6.3782,5.3798,0.0438,0.1515,-0.1592
2.9784,-1.7478,7.6806,-0.1303,0.0139,-0.2495,-2.2936,-6.4859,5.3750,0.0417,0.1588,-0.1709
2.9951,-1.7909,7.7189,-0.1388,0.0169,-0.2678,-2.3200,-6.4907,5.3391,0.0429,0.1665,-0.1817
3.0813,-1.7765,7.7141,-0.1279,0.0116,-0.2674,-2.3846,-6.5505,5.4396,0.0493,0.1761,-0.1835
3.0119,-1.7095,7.6136,-0.1383,0.0240,-0.2714,-2.3774,-6.4883,5.3391,0.0370,0.1767,-0.1897
3.0526,-1.6209,7.6016,-0.1483,0.0316,-0.2697,-2.3391,-6.3686,5.3750,0.0302,0.1793,-0.1891
3.0598,-1.6472,7.7333,-0.1663,0.0566,-0.2836,-2.3176,-6.4763,5.4348,0.0140,0.2209,-0.2188
2.9760,-1.7310,7.7261,-0.1609,0.0516,-0.2958,-2.3966,-6.4979,5.4420,0.0292,0.2042,-0.2152
2.9473,-1.7957,7.7524,-0.1619,0.0502,-0.3022,-2.3846,-6.5146,5.3223,0.0298,0.2186,-0.2249
2.9664,-1.7478,7.6998,-0.1703,0.0484,-0.3110,-2.3631,-6.5050,5.2457,0.0368,0.2112,-0.2254
2.9616,-1.7119,7.6926,-0.1632,0.0385,-0.3243,-2.3846,-6.5505,5.4995,0.0468,0.2260,-0.2378
2.9018,-1.7358,7.6830,-0.1632,0.0446,-0.3252,-2.3631,-6.4979,5.2792,0.0486,0.2193,-0.2316
2.9377,-1.7645,7.6662,-0.1708,0.0566,-0.3315,-2.3535,-6.4787,5.3822,0.0396,0.2384,-0.2458
2.9544,-1.6807,7.7069,-0.1755,0.0405,-0.3333,-2.4181,-6.5290,5.3606,0.0437,0.2256,-0.2495
2.9521,-1.7071,7.6710,-0.1739,0.0457,-0.3315,-2.3439,-6.5003,5.4061,0.0436,0.2326,-0.2491
2.9808,-1.7502,7.7333,-0.1767,0.0524,-0.3344,-2.3607,-6.4691,5.3486,0.0356,0.2349,-0.2513
2.9808,-1.7190,7.6614,-0.1937,0.0819,-0.3531,-2.3822,-6.5074,5.3965,0.0216,0.2670,-0.2710
2.9090,-1.7909,7.7859,-0.1864,0.0710,-0.3565,-2.4373,-6.5912,5.3223,0.0345,0.2522,-0.2677
2.9784,-1.8124,7.7285,-0.1863,0.0556,-0.3541,-2.3631,-6.5841,5.4061,0.0388,0.2433,-0.2618
2.9880,-1.7980,7.7045,-0.1840,0.0713,-0.3531,-2.3966,-6.6200,5.2936,0.0282,0.2590,-0.2603
2.7869,-1.9082,7.6854,-0.1913,0.0834,-0.3460,-2.3607,-6.6224,5.1882,0.0197,0.2587,-0.2563
2.7701,-1.9872,7.7620,-0.1881,0.0616,-0.3307,-2.3990,-6.7564,5.1811,0.0224,0.2324,-0.2474
2.7318,-2.0159,7.8650,-0.1721,0.0548,-0.3256,-2.3463,-6.7804,5.2002,0.0330,0.2314,-0.2364
2.7031,-1.9656,7.7859,-0.1480,0.0381,-0.3083,-2.4588,-6.7756,5.1763,0.0480,0.2122,-0.2102
2.9425,-1.9632,7.8266,-0.1010,-0.0264,-0.2846,-2.3966,-6.6415,5.4181,0.0835,0.1410,-0.1492
2.9928,-1.7573,7.4699,-0.1338,0.0147,-0.2872,-2.2936,-6.4643,5.1763,0.0234,0.2101,-0.1776
2.9137,-1.7095,7.6519,-0.1227,0.0887,-0.2753,-2.3870,-6.4859,5.1523,0.0029,0.2618,-0.1896
2.8683,-1.9225,7.7955,-0.1680,0.0618,-0.2116,-2.2266,-6.7014,5.2170,-0.0143,0.1559,-0.1455
2.3727,-2.0973,8.0110,-0.1488,0.0819,-0.2278,-2.8419,-7.1611,4.9153,-0.0153,0.2549,-0.1837
1.9848,-2.0997,7.8554,-0.1540,0.0678,-0.1849,-2.5426,-7.1826,4.5466,-0.0230,0.1276,-0.1371
2.6743,-2.0375,7.6974,-0.0747,0.1026,0.0621,-2.2984,-6.7588,4.9871,-0.1450,0.0501,0.0425
2.6240,-1.9369,7.8434,-0.0063,-0.0509,0.0935,-2.4852,-6.7684,5.0422,-0.0445,-0.1043,0.0943
2.9760,-1.7023,7.7524,-0.0012,-0.0974,0.0945,-2.4995,-6.5362,5.4444,-0.0229,-0.1139,0.0926
3.1412,-1.5514,7.6207,-0.0119,-0.0726,0.0843,-2.4181,-6.2513,5.5402,-0.0268,-0.1045,0.0897
3.1220,-1.4820,7.4292,-0.0658,-0.0229,0.0701,-2.2553,-6.2153,5.3726,-0.0763,-0.0589,0.0649
2.9329,-1.6616,7.7668,-0.0735,0.0204,0.0675,-2.5211,-6.5697,5.3630,-0.1075,-0.0129,0.0460
2.6935,-1.6688,7.9248,-0.0477,0.0083,0.0891,-2.6600,-6.7708,5.1523,-0.0985,-0.0453,0.0733
2.7102,-1.8028,7.8338,-0.0449,0.0147,0.1252,-2.5857,-6.8259,4.9991,-0.1410,-0.0833,0.1152
2.5833,-1.8890,7.4531,-0.0742,0.1180,0.1936,-2.3176,-6.6942,4.7908,-0.2581,-0.0762,0.1580
2.4253,-1.9872,7.5585,-0.0718,0.1198,0.2346,-2.4660,-7.0270,4.8363,-0.2902,-0.0438,0.1211
2.5043,-2.0638,7.8961,-0.0401,-0.0109,0.2406,-2.3559,-6.8738,5.2625,-0.1648,-0.1784,0.1508
2.6312,-1.9201,7.8123,-0.0201,-0.0281,0.2294,-2.4110,-6.9695,5.1811,-0.1717,-0.1267,0.1320
2.7581,-1.9345,7.9799,-0.0059,0.0039,0.2277,-2.4062,-6.8331,5.3127,-0.1342,-0.1581,0.1781
2.7629,-1.7549,7.6710,0.0053,-0.0746,0.2089,-2.5235,-6.5242,5.1858,-0.0829,-0.1689,0.1615
2.7869,-1.6759,7.7261,-0.0129,-0.0705,0.2061,-2.6408,-6.5888,5.2720,-0.0951,-0.1492,0.1430
2.8180,-1.5921,7.7620,-0.0137,-0.0566,0.2002,-2.5714,-6.6343,5.3199,-0.0810,-0.1559,0.1560
2.6695,-1.7286,7.6950,-0.0262,-0.0536,0.2009,-2.5067,-6.6056,5.0542,-0.0937,-0.1573,0.1655
2.6001,-1.7023,7.6662,-0.0430,-0.0393,0.2076,-2.4397,-6.6439,5.0925,-0.1224,-0.1490,0.1462
2.5642,-1.7741,7.8482,-0.0288,-0.0552,0.2220,-2.5307,-6.7995,5.1260,-0.1155,-0.1599,0.1495
2.6552,-1.7693,7.6974,-0.0196,-0.0661,0.2380,-2.4493,-6.7014,5.0278,-0.1150,-0.1948,0.1744
2.6121,-1.8603,7.7213,-0.0322,-0.0465,0.2590,-2.5019,-6.7325,5.1260,-0.1486,-0.1824,0.1735
2.6647,-1.8268,7.6902,-0.0115,-0.0489,0.2742,-2.3894,-6.7349,5.0661,-0.1451,-0.2070,0.1947
2.7198,-1.7645,7.7764,-0.0195,-0.0501,0.2908,-2.4541,-6.6750,5.1404,-0.1565,-0.1990,0.1933
2.7126,-1.8268,7.7381,-0.0037,-0.0584,0.2932,-2.5546,-6.6822,5.2601,-0.1388,-0.2189,0.2150
2.6887,-1.7861,7.7620,-0.0047,-0.0686,0.3006,-2.4205,-6.6631,5.1380,-0.1384,-0.2252,0.2117
2.7749,-1.8220,7.8195,-0.0061,-0.0833,0.3034,-2.3679,-6.7253,5.2744,-0.1364,-0.2378,0.2105
2.7892,-1.8603,7.8195,0.0176,-0.0729,0.2960,-2.3966,-6.6774,5.1691,-0.1218,-0.2152,0.2126
2.7222,-1.8435,7.6950,0.0093,-0.0987,0.2982,-2.4636,-6.7086,5.2218,-0.1170,-0.2434,0.2170
2.7892,-1.7885,7.7405,0.0093,-0.0989,0.3019,-2.3727,-6.6702,5.2409,-0.1152,-0.2349,0.2192
2.8491,-1.8603,7.7500,0.0127,-0.0947,0.3022,-2.2936,-6.6798,5.2289,-0.1152,-0.2382,0.2180
2.7725,-1.8675,7.8530,0.0164,-0.0857,0.2918,-2.4708,-6.7421,5.2313,-0.1122,-0.2121,0.2209
2.7629,-1.8076,7.7644,0.0205,-0.1075,0.2975,-2.5115,-6.7062,5.2170,-0.0994,-0.2570,0.2318
2.8084,-1.7717,7.6279,0.0115,-0.1172,0.3060,-2.2889,-6.5936,5.2457,-0.1025,-0.2489,0.2276
2.8922,-1.8220,7.7644,0.0153,-0.0922,0.2900,-2.3008,-6.5721,5.3415,-0.1067,-0.2210,0.2157
2.8156,-1.7837,7.7548,0.0187,-0.0919,0.2863,-2.3966,-6.6224,5.2481,-0.1031,-0.2265,0.2156
2.8084,-1.7549,7.7907,0.0236,-0.1046,0.2939,-2.3774,-6.6008,5.3463,-0.0963,-0.2350,0.2213
2.8395,-1.6951,7.6854,0.0092,-0.0859,0.2872,-2.3822,-6.5194,5.3103,-0.1159,-0.2233,0.2166
2.8132,-1.6735,7.6998,-0.0029,-0.0705,0.2891,-2.4373,-6.5960,5.1571,-0.1292,-0.2072,0.2106
2.8132,-1.7789,7.6471,-0.0097,-0.0815,0.2980,-2.3296,-6.5888,5.1475,-0.1310,-0.2461,0.2076
2.8611,-1.8124,7.7045,-0.0008,-0.0935,0.2999,-2.4517,-6.7109,5.3008,-0.1232,-0.2386,0.2229
2.9544,-1.7957,7.7357,0.0061,-0.0998,0.2991,-2.3224,-6.6032,5.3893,-0.1150,-0.2434,0.2160
3.0095,-1.6879,7.6854,0.0076,-0.0921,0.2850,-2.3439,-6.4691,5.4516,-0.1135,-0.2357,0.2048
3.2346,-1.6257,7.6710,0.0041,-0.0931,0.2609,-2.2482,-6.2297,5.6360,-0.0967,-0.2369,0.1980
3.4405,-1.5299,7.6471,0.0095,-0.0889,0.2253,-2.3080,-6.1818,5.8610,-0.0854,-0.2025,0.1792
3.6129,-1.4174,7.4460,-0.0187,-0.0476,0.1712,-2.1021,-6.0094,5.8347,-0.0998,-0.1251,0.1350
3.5147,-1.4102,7.5010,-0.0697,0.0653,0.0894,-2.2553,-6.0645,5.9304,-0.1400,0.0144,0.0536
3.1364,-1.3479,7.9104,-0.0673,0.0453,0.0377,-2.6145,-6.2225,5.7389,-0.0965,0.0217,0.0220
3.2753,-1.2785,7.7093,-0.0600,-0.0238,-0.0140,-2.4062,-5.9807,5.7269,-0.0224,-0.0061,-0.0124
3.2753,-1.3743,7.2616,-0.1721,0.0157,-0.0819,-2.2003,-5.9592,5.3439,-0.0817,0.0637,-0.0975
2.9209,-1.9201,7.7931,-0.2598,0.2009,-0.1688,-2.3822,-6.6774,5.3343,-0.1804,0.2710,-0.2141
2.6097,-1.9561,8.1355,-0.1592,0.0943,-0.2212,-2.5522,-6.9288,5.4923,-0.0121,0.1713,-0.1776
2.8539,-1.7861,7.6399,-0.0991,-0.0835,-0.2638,-2.1859,-6.4165,5.4181,0.1238,0.0801,-0.1843
3.1125,-1.6137,7.6088,-0.1463,-0.0151,-0.3163,-2.2913,-6.3590,5.5330,0.0818,0.2196,-0.2602
3.0071,-1.6472,7.6519,-0.1933,0.0774,-0.3497,-2.2889,-6.3877,5.3870,0.0342,0.2607,-0.2671
2.9401,-1.8483,7.6806,-0.2061,0.0827,-0.3689,-2.3056,-6.5888,5.3343,0.0334,0.3054,-0.2968
2.8922,-1.9776,7.7045,-0.2106,0.0556,-0.3805,-2.2434,-6.7469,5.2074,0.0486,0.2514,-0.2934
2.8252,-2.0087,7.6950,-0.1936,0.1069,-0.3712,-2.2170,-6.7708,5.0613,0.0373,0.2935,-0.2661
2.6145,-2.0375,7.7069,-0.1589,0.0709,-0.3372,-2.3631,-6.8091,5.1451,0.0369,0.2602,-0.2461
2.6647,-1.8866,7.7500,-0.1316,0.0369,-0.3000,-2.5379,-6.8474,5.1523,0.0524,0.2056,-0.1976
2.7677,-1.8866,7.7764,-0.1170,0.0073,-0.2710,-2.4373,-6.6966,5.1523,0.0553,0.1636,-0.1623
2.7869,-1.8675,7.6854,-0.1243,0.0474,-0.2463,-2.3846,-6.6008,5.1763,0.0172,0.1872,-0.1523
2.9137,-1.8172,7.7644,-0.1316,0.0420,-0.2527,-2.3080,-6.6487,5.3223,0.0199,0.1865,-0.1644
2.8491,-1.8771,7.7093,-0.1172,0.0258,-0.2581,-2.3607,-6.6176,5.2601,0.0462,0.1813,-0.1608
2.8347,-1.8100,7.6974,-0.1364,0.0586,-0.2801,-2.3200,-6.5362,5.1978,0.0290,0.2137,-0.1795
2.8252,-1.8555,7.8650,-0.1427,0.0434,-0.2922,-2.4780,-6.6343,5.2816,0.0394,0.2136,-0.1921
2.8587,-1.8196,7.6758,-0.1426,0.0159,-0.3078,-2.3750,-6.5649,5.1595,0.0596,0.1981,-0.2085
2.8204,-1.8555,7.6040,-0.1527,0.0321,-0.3263,-2.3918,-6.5577,5.2194,0.0596,0.2273,-0.2254
2.7869,-1.7693,7.7357,-0.1545,0.0410,-0.3316,-2.5163,-6.5841,5.1571,0.0561,0.2324,-0.2298
2.7461,-1.7933,7.7237,-0.1589,0.0294,-0.3383,-2.4684,-6.6056,5.2481,0.0666,0.2140,-0.2350
2.8874,-1.7861,7.7237,-0.1780,0.0309,-0.3381,-2.3990,-6.6463,5.2529,0.0542,0.2284,-0.2525
2.7677,-1.8651,7.8386,-0.1688,0.0354,-0.3440,-2.4062,-6.6511,5.3175,0.0560,0.2298,-0.2506
2.8683,-1.7957,7.7644,-0.1660,0.0266,-0.3420,-2.3870,-6.6559,5.3008,0.0638,0.2201,-0.2441
2.8084,-1.8172,7.6758,-0.1771,0.0401,-0.3437,-2.3607,-6.6224,5.2409,0.0505,0.2357,-0.2485
2.7892,-1.8651,7.7907,-0.1719,0.0504,-0.3349,-2.3679,-6.6439,5.1834,0.0406,0.2278,-0.2372
2.8108,-1.8986,7.7189,-0.1711,0.0520,-0.3242,-2.3822,-6.7421,5.2481,0.0370,0.2329,-0.2362
2.6935,-1.9561,7.8219,-0.1672,0.0469,-0.3112,-2.3200,-6.7421,5.1092,0.0346,0.2092,-0.2234
2.7964,-1.9249,7.6662,-0.1495,0.0520,-0.2817,-2.3679,-6.7421,5.1834,0.0212,0.2016,-0.1982
2.7102,-1.8651,7.7812,-0.1479,0.0480,-0.2621,-2.3966,-6.7373,5.1667,0.0173,0.1851,-0.1845
2.7629,-1.8435,7.7476,-0.1456,0.0376,-0.2554,-2.4229,-6.7277,5.0589,0.0165,0.1715,-0.1777
2.7605,-1.8699,7.8362,-0.1420,0.0486,-0.2421,-2.4157,-6.7469,5.1356,0.0085,0.1813,-0.1708
2.6576,-1.8579,7.7764,-0.1402,0.0406,-0.2308,-2.5331,-6.7924,5.0182,0.0076,0.1592,-0.1547
2.6288,-1.9968,7.6447,-0.1523,0.0260,-0.2080,-2.2936,-6.7924,4.9344,-0.0052,0.1340,-0.1455
2.4253,-2.1691,7.7381,-0.1547,0.0589,-0.1775,-2.4708,-7.0988,4.7860,-0.0453,0.1816,-0.1643
2.1380,-2.1021,7.8602,-0.1208,0.0634,-0.1380,-2.6767,-7.1826,4.7046,-0.0353,0.1251,-0.1071
2.1931,-2.0806,7.9200,-0.0425,-0.0580,-0.0787,-2.6647,-7.1156,4.7669,0.0398,0.0368,-0.0225
2.6264,-1.9537,7.5226,-0.0433,-0.1490,0.0079,-2.3583,-6.7995,4.9368,0.0085,-0.1196,0.0253
2.6504,-2.0135,7.6782,-0.0372,0.0655,0.0633,-2.3750,-6.9456,4.9464,-0.1122,0.0392,0.0638
2.5929,-1.9609,7.7716,-0.0157,-0.0147,0.1130,-2.4804,-6.7995,5.0159,-0.0741,-0.0975,0.1154
2.7031,-1.8507,7.6734,-0.0023,-0.0596,0.1688,-2.3559,-6.6798,5.0589,-0.0891,-0.1316,0.1320
3.0095,-1.8411,7.7357,-0.0358,-0.0056,0.1653,-2.3320,-6.6367,5.3726,-0.1331,-0.0966,0.1170
2.9113,-1.8603,7.8530,-0.0470,0.0330,0.1454,-2.4253,-6.5553,5.3223,-0.1470,-0.0743,0.1090
2.7150,-1.9130,7.7859,-0.0486,0.0043,0.1352,-2.4277,-6.8378,5.2792,-0.1216,-0.0931,0.0970
2.7821,-2.0207,7.8075,-0.0092,-0.0657,0.1435,-2.3032,-6.8522,5.2002,-0.0698,-0.1383,0.1364
2.7078,-1.9441,7.6303,0.0076,-0.0302,0.1620,-2.3679,-6.7684,5.1595,-0.0837,-0.1021,0.1503
2.6288,-1.8459,7.7596,0.0061,-0.0330,0.1951,-2.4110,-6.6750,5.0470,-0.0951,-0.1178,0.1713
2.6456,-1.8316,7.8219,0.0044,-0.0612,0.2146,-2.5259,-6.7086,5.1260,-0.0937,-0.1563,0.1789
2.6600,-1.7573,7.8075,-0.0069,-0.0156,0.2186,-2.5546,-6.6343,5.0254,-0.1254,-0.1354,0.1817
2.5067,-1.7334,7.8362,-0.0096,-0.0386,0.2085,-2.6791,-6.7708,5.0350,-0.1047,-0.1544,0.1820
2.5450,-1.7789,7.7261,-0.0080,-0.0794,0.2072,-2.5809,-6.7469,4.9871,-0.0890,-0.1796,0.1640
2.6504,-1.8292,7.8219,-0.0135,-0.0742,0.2138,-2.5139,-6.6511,5.1092,-0.0995,-0.1737,0.1567
2.6504,-1.8651,7.7907,-0.0168,-0.0536,0.2221,-2.5235,-6.7301,5.1068,-0.1195,-0.1611,0.1495
2.6384,-1.8938,7.7500,-0.0108,-0.0711,0.2329,-2.4636,-6.7469,5.1068,-0.1075,-0.1915,0.1680
2.7222,-1.8866,7.7500,-0.0027,-0.0922,0.2390,-2.4157,-6.7325,5.2481,-0.0975,-0.2005,0.1763
2.8252,-1.8459,7.7548,0.0071,-0.0907,0.2519,-2.3200,-6.6415,5.2098,-0.0974,-0.2132,0.1901
2.8539,-1.8890,7.6878,0.0023,-0.0719,0.2502,-2.3415,-6.6655,5.1212,-0.1062,-0.1941,0.1917
2.8491,-1.7741,7.7452,0.0218,-0.0986,0.2663,-2.4397,-6.6702,5.1882,-0.0942,-0.2142,0.2088
2.8683,-1.7597,7.7405,0.0436,-0.0979,0.2817,-2.4301,-6.6319,5.3079,-0.0859,-0.2245,0.2364
2.9066,-1.7190,7.7021,0.0039,-0.0580,0.2867,-2.3583,-6.5793,5.3295,-0.1295,-0.2121,0.2286
2.8371,-1.7717,7.7835,0.0147,-0.0558,0.2870,-2.5043,-6.5793,5.2002,-0.1259,-0.2192,0.2330
2.7653,-1.8603,7.8386,0.0175,-0.0946,0.2991,-2.4493,-6.6487,5.1451,-0.1195,-0.2499,0.2450
2.7557,-1.8962,7.7093,0.0216,-0.0762,0.2868,-2.4349,-6.7325,5.2146,-0.1235,-0.2136,0.2320
2.7031,-1.8364,7.7357,0.0264,-0.0730,0.2854,-2.4062,-6.6870,5.1164,-0.1095,-0.2049,0.2200
2.7892,-1.7430,7.7788,0.0017,-0.0833,0.2900,-2.3990,-6.5960,5.2529,-0.1235,-0.2300,0.2125
2.8012,-1.7717,7.6303,0.0131,-0.0761,0.2858,-2.4636,-6.6295,5.1763,-0.1263,-0.2196,0.2121
2.8491,-1.8507,7.6638,0.0057,-0.0709,0.2880,-2.3343,-6.5912,5.2553,-0.1262,-0.2146,0.2098
2.9066,-1.7717,7.7812,0.0236,-0.1083,0.2817,-2.4349,-6.6056,5.2936,-0.0911,-0.2352,0.2234
2.9449,-1.6400,7.6974,0.0284,-0.0917,0.2793,-2.3679,-6.4835,5.3630,-0.0962,-0.2177,0.2236
3.0119,-1.6400,7.7237,0.0225,-0.0783,0.2750,-2.5402,-6.4835,5.4061,-0.1050,-0.2040,0.2222
2.9090,-1.6305,7.7021,0.0141,-0.0861,0.2774,-2.4948,-6.4739,5.3702,-0.1005,-0.2116,0.2174
2.8659,-1.6257,7.7740,0.0053,-0.0822,0.2746,-2.4110,-6.5434,5.2194,-0.1033,-0.2281,0.2170
2.7797,-1.7095,7.7668,0.0197,-0.1041,0.2750,-2.5522,-6.6367,5.2098,-0.0890,-0.2242,0.2156
2.8611,-1.6807,7.6543,0.0116,-0.1215,0.2826,-2.3703,-6.4404,5.2170,-0.0913,-0.2575,0.2101
3.0742,-1.7214,7.4627,0.0143,-0.1152,0.2914,-2.2505,-6.2944,5.3917,-0.1031,-0.2522,0.2234
3.1340,-1.7526,7.5968,-0.0262,-0.0260,0.2747,-2.1979,-6.3686,5.5713,-0.1640,-0.1467,0.1595
3.0670,-1.6735,8.0852,-0.0128,-0.0348,0.2426,-2.5594,-6.5338,5.5785,-0.1254,-0.1512,0.1631
3.1364,-1.5706,7.7812,0.0132,-0.0886,0.2186,-2.5881,-6.4093,5.5617,-0.0679,-0.2008,0.1828
3.2705,-1.4653,7.3813,-0.0084,-0.0741,0.1873,-2.1979,-6.0047,5.4779,-0.0889,-0.1651,0.1448
3.4165,-1.3503,7.5657,-0.0378,-0.0124,0.1471,-2.3056,-6.0286,5.8514,-0.1195,-0.0826,0.1086
3.5171,-1.4341,7.7500,-0.0461,-0.0031,0.0982,-2.3487,-6.0980,5.9879,-0.1022,-0.0573,0.0778
3.3758,-1.5203,7.6327,-0.0889,0.0450,0.0333,-2.1763,-6.0142,5.7174,-0.1050,0.0125,0.0153
3.1843,-1.4940,7.6399,-0.1339,0.0729,-0.0458,-2.3583,-6.1770,5.6958,-0.0895,0.0753,-0.0524
2.9497,-1.6520,7.7788,-0.1391,0.0361,-0.1198,-2.5211,-6.4548,5.4971,-0.0492,0.1219,-0.1111
2.9449,-1.6951,7.8458,-0.1438,0.0215,-0.1772,-2.3918,-6.4859,5.5498,-0.0059,0.1099,-0.1451
3.0239,-1.6257,7.6878,-0.1130,-0.0119,-0.2032,-2.3918,-6.5003,5.3893,0.0474,0.1235,-0.1592
3.0358,-1.5802,7.5944,-0.1330,0.0108,-0.2320,-2.3032,-6.3422,5.2696,0.0412,0.1316,-0.1691
2.9544,-1.6400,7.6591,-0.1667,0.0462,-0.2429,-2.3918,-6.4428,5.3032,-0.0077,0.2040,-0.2032
2.8778,-1.7166,7.7189,-0.1615,0.0552,-0.2510,-2.3296,-6.5649,5.3917,0.0001,0.2126,-0.2106
2.9401,-1.7957,7.7907,-0.1520,0.0269,-0.2858,-2.3008,-6.6152,5.3558,0.0378,0.1813,-0.2124
2.9281,-1.7382,7.7117,-0.1459,0.0317,-0.2888,-2.4660,-6.5457,5.3463,0.0470,0.1958,-0.2062
2.9329,-1.6568,7.7452,-0.1351,0.0143,-0.2911,-2.4852,-6.5146,5.3127,0.0536,0.1724,-0.1956
2.9018,-1.7166,7.6447,-0.1560,0.0485,-0.2912,-2.3343,-6.4524,5.2505,0.0281,0.2142,-0.2150
2.9688,-1.7669,7.7500,-0.1660,0.0169,-0.2892,-2.3439,-6.5314,5.4229,0.0414,0.1788,-0.2006
3.1077,-1.7933,7.7045,-0.1467,0.0185,-0.3036,-2.2960,-6.4979,5.4277,0.0560,0.1859,-0.2106
3.0622,-1.7502,7.6662,-0.1507,0.0438,-0.3171,-2.3320,-6.4236,5.4708,0.0476,0.2209,-0.2168
3.1388,-1.6759,7.5968,-0.1608,0.0454,-0.3359,-2.3343,-6.4715,5.5952,0.0514,0.2210,-0.2293
2.9592,-1.7214,7.7452,-0.1681,0.0626,-0.3451,-2.4804,-6.5074,5.4229,0.0386,0.2638,-0.2507
2.9185,-1.7071,7.7045,-0.1772,0.0584,-0.3663,-2.4014,-6.4907,5.4061,0.0558,0.2515,-0.2599
2.8611,-1.8028,7.7093,-0.1904,0.0500,-0.3736,-2.3894,-6.5457,5.3295,0.0618,0.2486,-0.2629
2.8730,-1.8914,7.6998,-0.1816,0.0644,-0.3918,-2.3080,-6.6463,5.2960,0.0606,0.2742,-0.2751
2.8802,-1.8100,7.7692,-0.1777,0.0385,-0.4009,-2.3798,-6.6463,5.2265,0.0782,0.2651,-0.2815
2.9353,-1.7573,7.7548,-0.1793,0.0386,-0.4054,-2.3439,-6.5074,5.3056,0.0801,0.2730,-0.2876
2.8874,-1.7837,7.8075,-0.1852,0.0520,-0.4058,-2.4038,-6.5362,5.3032,0.0773,0.2690,-0.2814
2.9113,-1.7071,7.6950,-0.1768,0.0665,-0.4072,-2.3774,-6.5912,5.2720,0.0665,0.2912,-0.2943
2.8419,-1.6855,7.7548,-0.1957,0.0516,-0.4088,-2.4684,-6.5386,5.2002,0.0726,0.2618,-0.2983
2.8108,-1.7047,7.7692,-0.1880,0.0532,-0.3990,-2.4014,-6.5960,5.3175,0.0734,0.2618,-0.2876
2.8994,-1.7454,7.8003,-0.1921,0.0626,-0.3984,-2.4110,-6.6248,5.2984,0.0593,0.2738,-0.2888
2.8132,-1.7334,7.7548,-0.1923,0.0699,-0.3866,-2.3559,-6.6152,5.1739,0.0472,0.2747,-0.2795
2.7677,-1.9201,7.6184,-0.1791,0.0504,-0.3683,-2.4014,-6.6846,5.1547,0.0572,0.2510,-0.2639
2.5881,-1.8771,7.7476,-0.1808,0.0749,-0.3429,-2.5331,-6.8953,5.1667,0.0309,0.2629,-0.2614
2.8132,-1.9249,7.7476,-0.1537,0.0021,-0.3315,-2.4469,-6.7780,5.1523,0.0652,0.2140,-0.2447
2.8994,-1.8531,7.6614,-0.1655,0.0357,-0.3220,-2.2865,-6.6415,5.2170,0.0396,0.2276,-0.2415
2.8539,-1.8914,7.7596,-0.1817,0.0530,-0.3280,-2.2865,-6.6607,5.2218,0.0368,0.2116,-0.2269
3.0215,-1.9800,7.3861,-0.2152,0.0553,-0.3287,-2.1213,-6.6319,5.3439,0.0209,0.1627,-0.2220
2.4756,-2.1979,7.7428,-0.2286,0.1659,-0.2992,-2.3439,-7.0342,4.8961,-0.0500,0.3039,-0.2621
2.2338,-2.0159,7.8937,-0.1655,0.0425,-0.2495,-2.8276,-7.1730,4.6615,0.0083,0.1733,-0.2057
2.2889,-1.8699,7.8865,-0.1186,0.0049,-0.1732,-2.8323,-6.9935,4.9033,0.0001,0.1411,-0.1411
2.5402,-1.7957,7.7117,-0.0735,-0.0368,-0.1422,-2.5115,-6.6822,5.0637,0.0277,0.0520,-0.0743
2.8826,-2.0518,7.6303,-0.1059,-0.0853,-0.1100,-2.1739,-6.7445,5.1164,0.0039,0.0051,-0.0694
2.8826,-2.1644,7.7955,-0.0618,0.0504,-0.0715,-2.2793,-6.9216,5.2002,-0.0546,0.0969,-0.0269
2.7054,-2.1213,7.7213,-0.0092,0.0103,-0.0276,-2.3679,-6.9456,5.0733,-0.0344,-0.0017,0.0398
2.7078,-1.8435,7.7955,-0.0132,-0.0821,0.0163,-2.4972,-6.8331,5.1523,0.0064,-0.0232,0.0502
2.8802,-1.6831,7.8745,0.0353,-0.1370,0.0289,-2.5067,-6.5481,5.3941,0.0755,-0.1260,0.0973
2.8898,-1.5443,7.4484,-0.0031,-0.0655,0.0874,-2.2338,-6.1483,5.2146,-0.0205,-0.1427,0.1783
3.0837,-1.9154,7.5226,-0.1175,-0.1416,0.0376,-2.5283,-6.8067,5.2601,-0.0338,-0.0489,0.0501
2.8778,-1.9561,7.9847,0.0113,0.0819,0.0813,-2.4565,-6.8259,5.4923,-0.0965,0.0969,0.0662
2.7366,-1.7119,7.5657,-0.0318,-0.0795,0.0857,-2.3391,-6.3518,4.9799,-0.0297,-0.1821,0.1244
2.7892,-1.9680,7.5250,-0.0950,0.0140,0.0921,-2.3798,-6.6798,5.1523,-0.1362,-0.0237,0.0711
2.8898,-1.7166,8.0086,0.0147,-0.0300,0.0508,-2.6743,-6.7445,5.5115,-0.0226,-0.0187,0.0290
2.7342,-1.3838,7.8123,0.0280,-0.1276,0.0943,-2.8084,-6.4260,5.2074,0.0056,-0.1506,0.1235
3.1101,-1.6328,7.5274,-0.0789,-0.0164,0.1163,-2.1907,-6.2728,5.3630,-0.1263,-0.0707,0.0746
3.0861,-1.7430,7.7189,-0.0564,-0.0137,0.0919,-2.3008,-6.5314,5.3870,-0.0949,-0.0697,0.0773
2.9640,-1.8818,7.8410,-0.0610,0.0107,0.1019,-2.4612,-6.6391,5.4444,-0.1099,-0.0272,0.0694
2.8491,-1.7597,7.8673,-0.0282,-0.0584,0.0845,-2.4684,-6.6990,5.2361,-0.0365,-0.1212,0.1070
2.7988,-1.7597,7.6830,0.0109,-0.0690,0.1033,-2.4397,-6.6224,5.2768,-0.0289,-0.1010,0.1199
3.0215,-1.7526,7.7333,-0.0057,-0.0746,0.1311,-2.4157,-6.5242,5.4372,-0.0553,-0.1062,0.1248
2.5474,-1.4509,7.9320,0.0392,0.0269,0.1427,-2.8156,-6.5194,4.7214,-0.0901,-0.0562,0.1182
2.9209,-1.7214,7.9200,-0.1404,-0.0273,0.1553,-1.7885,-6.2153,5.4708,-0.1110,-0.2807,0.0834
2.9090,-1.8459,7.4723,-0.0520,-0.0470,0.1467,-2.2793,-6.5864,5.2648,-0.0695,-0.2089,0.1815
2.6169,-1.7645,8.1044,0.0817,0.0763,0.1949,-2.9568,-6.9025,5.3870,-0.1180,0.0725,0.1523
2.8084,-1.7933,7.3143,-0.0637,-0.1812,0.2084,-1.9752,-6.2010,4.8052,-0.0705,-0.3933,0.1957
2.8802,-1.8842,7.6782,-0.0171,0.0440,0.2230,-2.3463,-6.6702,5.4588,-0.1827,0.0330,0.1595
2.8371,-1.6065,8.0086,0.0485,-0.0881,0.1851,-2.7126,-6.5649,5.5833,-0.0397,-0.1849,0.1512
2.7821,-1.4437,7.7548,0.0084,-0.0638,0.1865,-2.5809,-6.4380,5.1308,-0.0834,-0.1403,0.1739
2.7078,-1.8124,7.8266,-0.0245,-0.0377,0.2053,-2.5522,-6.7780,5.2840,-0.1134,-0.1573,0.1681
2.8371,-1.8340,7.7476,0.0161,-0.1222,0.2369,-2.2601,-6.5266,5.1619,-0.0806,-0.2277,0.1869
3.0742,-1.6448,7.5729,0.0133,-0.0456,0.2465,-2.3367,-6.3949,5.3750,-0.1227,-0.1636,0.1855
2.9664,-1.5299,7.7692,0.0020,-0.0265,0.2326,-2.5714,-6.4667,5.3870,-0.1298,-0.1416,0.1736
2.9066,-1.5754,7.8219,0.0149,-0.0673,0.2413,-2.5019,-6.4691,5.3630,-0.1050,-0.1857,0.1896
2.9880,-1.5778,7.6064,-0.0021,-0.0889,0.2585,-2.4373,-6.4284,5.2218,-0.1075,-0.2210,0.2030
2.9449,-1.6424,7.6303,-0.0051,-0.0385,0.2663,-2.3391,-6.4284,5.3510,-0.1408,-0.1785,0.2030
2.9018,-1.6640,7.8075,0.0028,-0.0548,0.2678,-2.5067,-6.5481,5.4061,-0.1294,-0.1859,0.1958
2.9090,-1.6424,7.6950,0.0007,-0.0819,0.2734,-2.4253,-6.4715,5.4013,-0.1174,-0.2312,0.2130
2.9521,-1.6735,7.6950,-0.0036,-0.0562,0.2765,-2.3320,-6.4955,5.4492,-0.1394,-0.1904,0.2037
2.8659,-1.6568,7.7476,-0.0112,-0.0461,0.2691,-2.4086,-6.5266,5.3702,-0.1416,-0.1895,0.1927
2.9449,-1.6831,7.7596,-0.0044,-0.0617,0.2691,-2.3870,-6.4739,5.4636,-0.1239,-0.1981,0.1970
2.9832,-1.7310,7.7716,-0.0079,-0.0650,0.2654,-2.3559,-6.5218,5.2648,-0.1238,-0.1984,0.1891
2.9616,-1.6688,7.6950,-0.0085,-0.0633,0.2587,-2.3535,-6.5553,5.3654,-0.1187,-0.1949,0.1940
3.0215,-1.6400,7.6734,0.0221,-0.0806,0.2582,-2.4205,-6.4739,5.4109,-0.0946,-0.1947,0.2080
2.9832,-1.5467,7.6806,0.0277,-0.0825,0.2527,-2.7270,-6.6104,5.6264,-0.0753,-0.1571,0.2733
2.9401,-1.5323,7.8051,0.0430,-0.1050,0.2583,-2.3463,-6.2537,5.3199,-0.0561,-0.2294,0.2755
2.9521,-1.5993,7.7285,0.0144,-0.0747,0.2455,-2.4684,-6.4165,5.4181,-0.0941,-0.2126,0.1741
3.0143,-1.6089,7.7069,-0.0023,-0.1103,0.2435,-2.4038,-6.4069,5.4468,-0.0991,-0.2270,0.1567
3.2010,-1.6783,7.7069,-0.0011,-0.0998,0.2321,-2.3367,-6.3638,5.5713,-0.0855,-0.2134,0.1583
3.3375,-1.5897,7.6567,0.0095,-0.0933,0.2056,-2.3152,-6.2632,5.5330,-0.0706,-0.1720,0.1431
3.3399,-1.4916,7.6327,-0.0016,-0.0678,0.1755,-2.3750,-6.1603,5.6455,-0.0737,-0.1462,0.1312
3.2441,-1.4533,7.5753,-0.0248,-0.0438,0.1573,-2.4493,-6.1794,5.6240,-0.0857,-0.1081,0.1120
3.2777,-1.4246,7.6375,-0.0322,-0.0378,0.1452,-2.3343,-6.1411,5.6264,-0.0983,-0.1045,0.1055
3.4213,-1.3240,7.6351,-0.0428,-0.0024,0.1119,-2.4014,-6.1124,5.7365,-0.1033,-0.0641,0.0861
3.4548,-1.2857,7.6207,-0.0496,0.0137,0.0722,-2.3655,-6.0334,5.8778,-0.0950,-0.0325,0.0552
3.4213,-1.2905,7.5729,-0.0585,0.0276,0.0177,-2.3631,-5.9089,5.8562,-0.0811,0.0108,0.0212
3.4357,-1.2713,7.6734,-0.1037,0.0629,-0.0345,-2.3798,-5.9592,5.6958,-0.0965,0.0838,-0.0468
3.1723,-1.4222,7.7261,-0.1428,0.0710,-0.0925,-2.4588,-6.2225,5.5929,-0.0873,0.1051,-0.0950
2.9784,-1.5969,7.7835,-0.1600,0.0783,-0.1247,-2.5307,-6.3925,5.5186,-0.0727,0.1308,-0.1180
3.0071,-1.6616,7.6926,-0.1436,-0.0107,-0.1597,-2.5115,-6.4260,5.5282,-0.0051,0.0721,-0.1322
2.9904,-1.6376,7.6495,-0.1319,0.0372,-0.1831,-2.4349,-6.3518,5.4324,-0.0055,0.1474,-0.1524
2.9928,-1.4892,7.6662,-0.1540,0.0189,-0.1996,-2.4445,-6.3470,5.4803,0.0096,0.1294,-0.1667
3.1029,-1.5490,7.6184,-0.1612,0.0151,-0.2196,-2.4493,-6.2896,5.4468,0.0117,0.1432,-0.1835
3.0981,-1.5443,7.6926,-0.1752,0.0489,-0.2405,-2.4038,-6.2680,5.4612,-0.0045,0.1671,-0.1992
3.0837,-1.6137,7.6303,-0.1660,0.0524,-0.2614,-2.4014,-6.4045,5.4253,0.0053,0.1828,-0.2048
3.0813,-1.6281,7.6471,-0.1483,0.0312,-0.2729,-2.4469,-6.4524,5.5833,0.0345,0.1827,-0.2050
3.0885,-1.5514,7.6998,-0.1456,0.0244,-0.2852,-2.3296,-6.3470,5.5665,0.0445,0.1839,-0.2056
3.0119,-1.5921,7.6064,-0.1561,0.0382,-0.2968,-2.3439,-6.3111,5.4109,0.0316,0.2120,-0.2206
3.0406,-1.5538,7.5681,-0.1623,0.0333,-0.3024,-2.3750,-6.4021,5.5354,0.0352,0.2009,-0.2280
3.1484,-1.5682,7.8099,-0.1612,0.0300,-0.3183,-2.4014,-6.2991,5.4660,0.0534,0.2073,-0.2340
3.0909,-1.5514,7.5896,-0.1796,0.0438,-0.3420,-2.3894,-6.3207,5.4827,0.0464,0.2384,-0.2525
3.0718,-1.5730,7.6351,-0.1997,0.0613,-0.3653,-2.3798,-6.3925,5.4612,0.0386,0.2570,-0.2759
3.0335,-1.7214,7.6614,-0.1973,0.0553,-0.3809,-2.3918,-6.4476,5.4277,0.0512,0.2615,-0.2855
3.0287,-1.5969,7.6543,-0.1853,0.0484,-0.4029,-2.4325,-6.4739,5.3941,0.0723,0.2654,-0.2944
2.9951,-1.6975,7.6423,-0.2033,0.0572,-0.4082,-2.3487,-6.4979,5.3702,0.0622,0.2795,-0.3056
2.9808,-1.7023,7.7716,-0.1976,0.0525,-0.4105,-2.4349,-6.5027,5.4229,0.0685,0.2751,-0.2990
2.9784,-1.6999,7.7117,-0.1887,0.0545,-0.4065,-2.3248,-6.5074,5.3678,0.0665,0.2842,-0.2936
2.9880,-1.7238,7.7045,-0.1857,0.0634,-0.4086,-2.3870,-6.5410,5.3343,0.0649,0.2878,-0.2928
2.9640,-1.7382,7.7309,-0.1873,0.0614,-0.4098,-2.3870,-6.5386,5.2768,0.0686,0.2868,-0.2946
2.7725,-1.6807,7.6734,-0.1880,0.0504,-0.4032,-2.3774,-6.5266,5.2289,0.0698,0.2671,-0.2926
2.9257,-1.7717,7.7931,-0.1936,0.0540,-0.3926,-2.4612,-6.6152,5.3127,0.0544,0.2713,-0.2890
2.9401,-1.7741,7.8147,-0.1832,0.0512,-0.3921,-2.3463,-6.6032,5.2840,0.0593,0.2607,-0.2739
2.8946,-1.7813,7.6854,-0.1835,0.0609,-0.3762,-2.3703,-6.6224,5.2050,0.0466,0.2601,-0.2741
2.8395,-1.7813,7.7213,-0.1776,0.0600,-0.3525,-2.3942,-6.6032,5.1547,0.0417,0.2478,-0.2587
2.7438,-1.7071,7.6950,-0.1775,0.0745,-0.3381,-2.4636,-6.6559,5.1571,0.0289,0.2519,-0.2609
2.8850,-1.7765,7.7285,-0.1616,0.0199,-0.3275,-2.3320,-6.6415,5.3223,0.0637,0.1868,-0.2201
2.7773,-1.8340,7.6878,-0.1569,0.0602,-0.2968,-2.4469,-6.6535,5.2648,0.0204,0.2316,-0.2134
2.7581,-1.7813,7.6495,-0.1565,0.0446,-0.2749,-2.4924,-6.6655,5.1547,0.0124,0.1968,-0.2017
2.7318,-1.8435,7.7428,-0.1667,0.0477,-0.2513,-2.3822,-6.6894,5.0973,-0.0059,0.1887,-0.1859
2.2122,-2.1644,7.8745,-0.1680,0.1007,-0.1988,-2.6288,-7.2065,4.6208,-0.0478,0.1977,-0.1583
2.1141,-2.0135,8.1068,-0.0725,-0.0149,-0.1146,-2.9066,-7.2401,4.7692,0.0240,0.0514,-0.0522
2.5809,-1.9848,7.8266,-0.0361,-0.1721,-0.0225,-2.3727,-6.7062,4.9680,0.0524,-0.1264,0.0080
2.7629,-1.9178,7.5800,-0.0360,-0.0242,0.0215,-2.3703,-6.8498,4.9584,-0.0592,-0.0004,0.0312
2.6432,-1.8842,7.7596,-0.0205,0.0313,0.0834,-2.5187,-6.8091,5.0446,-0.0846,-0.0246,0.0911
2.6600,-1.7358,7.7644,0.0155,-0.0806,0.1427,-2.6240,-6.6415,5.0518,-0.0414,-0.1460,0.1411
2.9928,-1.7214,7.6998,0.0120,-0.0813,0.1807,-2.4038,-6.5194,5.3989,-0.0691,-0.1528,0.1627
3.0574,-1.6759,7.7261,0.0021,-0.0504,0.1719,-2.3583,-6.4883,5.4492,-0.0879,-0.1151,0.1394
3.0143,-1.7717,7.7117,-0.0051,-0.0393,0.1701,-2.3391,-6.5003,5.3989,-0.0991,-0.1388,0.1522
2.8611,-1.6879,7.6567,0.0013,-0.0117,0.1704,-2.4876,-6.4859,5.3103,-0.1049,-0.0942,0.1463
2.8706,-1.6807,7.7835,-0.0175,-0.0372,0.1791,-2.5139,-6.5194,5.3127,-0.1103,-0.1312,0.1386
2.8970,-1.7119,7.7931,-0.0124,-0.0269,0.1787,-2.4397,-6.5434,5.2385,-0.1140,-0.1172,0.1545
2.8132,-1.7382,7.7237,-0.0274,-0.0203,0.1889,-2.4229,-6.5457,5.1858,-0.1242,-0.1236,0.1484
2.7581,-1.7645,7.8219,-0.0217,-0.0173,0.1877,-2.5163,-6.7086,5.2744,-0.1135,-0.1134,0.1444
2.8156,-1.7310,7.8865,0.0012,-0.0584,0.2009,-2.4972,-6.6080,5.1930,-0.0882,-0.1683,0.1649
2.7533,-1.7190,7.7309,-0.0047,-0.0632,0.2078,-2.4900,-6.5697,5.2194,-0.1025,-0.1591,0.1708
2.8347,-1.6688,7.7069,0.0052,-0.0521,0.2158,-2.4541,-6.6056,5.2577,-0.1050,-0.1591,0.1661
2.7916,-1.6496,7.7261,0.0119,-0.0592,0.2328,-2.5163,-6.5529,5.1691,-0.1027,-0.1761,0.1869
2.8299,-1.6712,7.7572,0.0069,-0.0621,0.2407,-2.4469,-6.5146,5.2601,-0.1150,-0.1872,0.1978
2.9018,-1.6903,7.6543,-0.0040,-0.0556,0.2527,-2.4086,-6.5434,5.3582,-0.1258,-0.1831,0.1881
2.9401,-1.6807,7.7620,0.0121,-0.0592,0.2581,-2.4612,-6.5098,5.4085,-0.1183,-0.1893,0.2022
2.8443,-1.6759,7.7596,0.0171,-0.0630,0.2646,-2.4181,-6.5266,5.4109,-0.1150,-0.1919,0.2073
2.9113,-1.6257,7.6734,0.0143,-0.0650,0.2683,-2.4541,-6.4739,5.3199,-0.1171,-0.1928,0.2097
2.9353,-1.6999,7.6782,0.0079,-0.0813,0.2753,-2.4373,-6.4907,5.3079,-0.1195,-0.2214,0.2132
3.0119,-1.6831,7.6806,0.0125,-0.0626,0.2852,-2.4756,-6.5170,5.3079,-0.1246,-0.2026,0.2210
2.9209,-1.6424,7.8147,0.0164,-0.0576,0.2859,-2.4972,-6.5841,5.3606,-0.1298,-0.1951,0.2270
2.8659,-1.6544,7.7189,0.0141,-0.0750,0.2916,-2.4134,-6.5027,5.2888,-0.1247,-0.2236,0.2257
2.8826,-1.7190,7.7452,0.0181,-0.0774,0.2928,-2.3703,-6.6032,5.4277,-0.1248,-0.2257,0.2285
2.9401,-1.6688,7.7261,0.0229,-0.0710,0.2928,-2.4062,-6.5386,5.2984,-0.1186,-0.2136,0.2328
2.9425,-1.6233,7.6854,0.0137,-0.0797,0.2832,-2.4828,-6.4643,5.4253,-0.1107,-0.2144,0.2292
2.9305,-1.7406,7.8051,0.0132,-0.1018,0.2767,-2.4157,-6.5050,5.4947,-0.0929,-0.2241,0.2184
2.9640,-1.6735,7.7357,0.0195,-0.1348,0.2975,-2.2865,-6.4093,5.3582,-0.0835,-0.2691,0.2277
2.9544,-1.6041,7.4795,0.0209,-0.0245,0.2749,-2.3248,-6.2991,5.1547,-0.1330,-0.1540,0.1962
2.7581,-1.6352,7.8985,-0.0068,-0.0556,0.2825,-2.7126,-6.6487,5.4157,-0.1314,-0.1865,0.2028
2.7964,-1.5945,7.8793,0.0448,-0.1296,0.2747,-2.7270,-6.5745,5.3870,-0.0601,-0.2447,0.2278
3.1556,-1.4485,7.6926,0.0588,-0.1864,0.3018,-2.3966,-6.2225,5.3846,-0.0465,-0.3126,0.2566
2.9856,-1.6137,7.7117,0.0176,-0.1178,0.2769,-2.4229,-6.3973,5.2409,-0.0875,-0.2506,0.2248
3.1963,-1.5562,7.7500,0.0449,-0.0698,0.2562,-2.4828,-6.4332,5.6096,-0.0953,-0.1648,0.2109
3.1580,-1.3120,7.7620,0.0434,-0.1075,0.2627,-2.4397,-6.1603,5.6767,-0.0719,-0.2385,0.2265
3.4357,-1.4102,7.5010,0.0175,-0.1378,0.2558,-2.2434,-6.0645,5.7940,-0.0822,-0.2483,0.2164
3.6176,-1.3312,7.4962,-0.0060,-0.0013,0.2010,-2.1165,-5.9137,5.8466,-0.1412,-0.1054,0.1613
3.6943,-1.3934,7.5968,-0.0108,0.0053,0.1553,-2.1979,-5.9903,6.0310,-0.1085,-0.0923,0.1446
3.7110,-1.3336,7.5154,-0.0011,0.0160,0.0978,-2.1572,-5.8658,5.9592,-0.0970,-0.0320,0.1077
3.6679,-1.3001,7.5705,-0.0368,0.0971,0.0226,-2.2817,-5.8897,5.9376,-0.1067,0.0947,0.0324
3.1651,-1.2043,7.7668,-0.0810,0.1315,-0.0365,-2.7078,-6.1866,5.5498,-0.1139,0.1399,-0.0083
2.8874,-1.4533,7.8673,-0.1139,0.0653,-0.0504,-2.6193,-6.3470,5.4253,-0.0810,0.0678,-0.0152
2.7653,-1.6927,7.5944,-0.1031,0.0329,-0.0652,-2.4134,-6.3542,5.1858,-0.0522,0.0594,-0.0433
2.8587,-1.6065,7.7069,-0.1142,0.0286,-0.0778,-2.4588,-6.3303,5.3223,-0.0522,0.0761,-0.0870
2.8826,-1.3575,7.5657,-0.1250,0.0208,-0.0935,-2.6671,-6.2345,5.3846,-0.0354,0.0630,-0.1042
3.0454,-1.3001,7.5968,-0.1680,-0.0121,-0.1151,-2.5450,-6.1244,5.4851,-0.0380,0.0373,-0.1510
3.1651,-1.3384,7.6375,-0.1756,-0.0071,-0.1483,-2.4948,-6.2417,5.6838,-0.0297,0.0738,-0.1552
3.2298,-1.7334,7.6519,-0.1877,0.0428,-0.1864,-2.1931,-6.2417,5.5665,-0.0449,0.1382,-0.1721
2.9951,-1.7597,7.7405,-0.1687,0.0947,-0.2252,-2.3822,-6.7109,5.4229,-0.0342,0.2102,-0.1780
2.9113,-1.8028,7.8985,-0.1041,0.0017,-0.2252,-2.5402,-6.5888,5.3822,0.0541,0.1384,-0.1537
2.9904,-1.4700,7.7740,-0.0809,-0.0482,-0.2121,-2.4181,-6.4811,5.4396,0.0914,0.0998,-0.1326
3.1244,-1.4653,7.6255,-0.0998,-0.0422,-0.1997,-2.3679,-6.1579,5.5186,0.0625,0.0829,-0.1247
3.1388,-1.4389,7.6279,-0.1238,-0.0112,-0.1875,-2.4900,-6.3159,5.5378,0.0238,0.1175,-0.1331
3.1867,-1.5467,7.6614,-0.1512,0.0095,-0.1800,-2.3535,-6.3470,5.5426,0.0000,0.1098,-0.1403
3.0861,-1.6975,7.7907,-0.1524,0.0352,-0.1985,-2.4229,-6.4548,5.5210,-0.0109,0.1537,-0.1512
3.0119,-1.6424,7.8099,-0.1238,0.0144,-0.2130,-2.4612,-6.4811,5.4947,0.0265,0.1352,-0.1450
3.0287,-1.5227,7.5896,-0.1326,0.0004,-0.2233,-2.3487,-6.2776,5.4157,0.0273,0.1182,-0.1500
3.0622,-1.5395,7.5705,-0.1651,0.0040,-0.2212,-2.4014,-6.2920,5.4396,0.0063,0.1252,-0.1705
3.1891,-1.5562,7.7979,-0.1561,0.0071,-0.2274,-2.3942,-6.3853,5.5952,0.0177,0.1536,-0.1840
3.1795,-1.5514,7.6567,-0.1479,0.0215,-0.2413,-2.4660,-6.3303,5.5115,0.0286,0.1532,-0.1699
2.9928,-1.5945,7.6351,-0.1423,0.0464,-0.2470,-2.4541,-6.3949,5.3702,0.0189,0.1903,-0.1781
2.9473,-1.6209,7.6184,-0.1342,0.0266,-0.2372,-2.4110,-6.4069,5.3582,0.0244,0.1494,-0.1612
2.9928,-1.6424,7.6830,-0.1399,0.0121,-0.2370,-2.3918,-6.4212,5.3463,0.0246,0.1575,-0.1645
3.0598,-1.6544,7.7285,-0.1344,0.0240,-0.2494,-2.3894,-6.3949,5.3941,0.0352,0.1652,-0.1745
3.0095,-1.6424,7.7213,-0.1343,-0.0007,-0.2607,-2.3798,-6.4093,5.4923,0.0597,0.1545,-0.1832
2.9568,-1.6113,7.6758,-0.1274,-0.0065,-0.2695,-2.4684,-6.4476,5.5115,0.0689,0.1506,-0.1797
3.0622,-1.5730,7.6662,-0.1350,-0.0032,-0.2630,-2.4110,-6.2752,5.5043,0.0557,0.1603,-0.1860
3.1484,-1.4892,7.6782,-0.1531,0.0141,-0.2769,-2.3679,-6.3422,5.5210,0.0446,0.1863,-0.2061
3.0718,-1.5371,7.6255,-0.1595,0.0213,-0.2817,-2.3703,-6.3590,5.5330,0.0376,0.1796,-0.2008
3.0646,-1.5802,7.7572,-0.1631,0.0341,-0.2886,-2.4205,-6.3590,5.4971,0.0342,0.1944,-0.2116
3.0646,-1.5299,7.7261,-0.1624,0.0097,-0.2927,-2.4014,-6.3805,5.3965,0.0553,0.1719,-0.2025
3.0167,-1.6305,7.7213,-0.1591,0.0047,-0.2809,-2.4708,-6.4452,5.4061,0.0462,0.1619,-0.2020
3.0622,-1.5299,7.6160,-0.1537,0.0015,-0.2553,-2.3463,-6.2991,5.4324,0.0340,0.1396,-0.1815
3.0742,-1.6017,7.5848,-0.1784,0.0497,-0.2397,-2.3272,-6.3518,5.3965,-0.0177,0.1825,-0.1903
2.9209,-1.7047,7.8027,-0.1760,0.0966,-0.2318,-2.4924,-6.5122,5.2744,-0.0366,0.2037,-0.1932
2.8730,-1.7262,7.8003,-0.1631,0.0421,-0.2178,-2.4612,-6.5888,5.3367,-0.0057,0.1387,-0.1675
2.9257,-1.7885,7.6567,-0.1462,0.0087,-0.1960,-2.3296,-6.5027,5.3846,0.0005,0.1194,-0.1573
3.0406,-1.6903,7.7596,-0.1274,0.0316,-0.1903,-2.4301,-6.5122,5.4708,-0.0007,0.1556,-0.1491
3.0454,-1.5993,7.6040,-0.1236,0.0196,-0.1891,-2.3846,-6.4212,5.3726,0.0075,0.1256,-0.1362
2.9856,-1.6113,7.6878,-0.1342,0.0237,-0.1865,-2.3798,-6.4715,5.4348,-0.0032,0.1268,-0.1342
2.9592,-1.6855,7.8554,-0.1231,0.0220,-0.1751,-2.5402,-6.5146,5.3822,0.0021,0.1232,-0.1279
2.9233,-1.5993,7.6950,-0.1034,-0.0040,-0.1639,-2.4469,-6.3901,5.3989,0.0205,0.0899,-0.1082
3.0023,-1.6472,7.5968,-0.1098,-0.0048,-0.1524,-2.4134,-6.4404,5.3558,0.0112,0.0931,-0.1034
2.9640,-1.6281,7.7381,-0.1256,0.0172,-0.1446,-2.4469,-6.3949,5.2361,-0.0137,0.0962,-0.1029
2.9497,-1.6400,7.7907,-0.1077,0.0044,-0.1268,-2.4756,-6.5745,5.4492,-0.0045,0.0798,-0.0841
2.9113,-1.6927,7.7692,-0.0997,-0.0051,-0.1243,-2.3798,-6.5314,5.3127,0.0004,0.0751,-0.0799
2.8012,-1.6903,7.8219,-0.0911,0.0027,-0.0985,-2.6312,-6.6343,5.2816,-0.0230,0.0602,-0.0605
2.7797,-1.7142,7.7141,-0.1017,0.0027,-0.0429,-2.4828,-6.5457,5.0422,-0.0621,0.0053,-0.0088
2.8252,-1.7669,7.6184,-0.0878,0.0160,-0.0035,-2.2865,-6.6152,5.2098,-0.0863,-0.0159,0.0226
2.9521,-1.9345,7.8171,-0.0642,0.0501,0.0384,-2.5211,-6.7086,5.3319,-0.1251,0.0176,0.0292
2.8108,-1.8364,7.7189,-0.0302,0.0215,0.0691,-2.4157,-6.6655,5.1595,-0.0913,-0.0510,0.0739
2.8371,-1.6640,7.7644,-0.0256,-0.0265,0.0867,-2.5043,-6.5290,5.3917,-0.0715,-0.0642,0.0825
3.0071,-1.6041,7.6806,-0.0156,-0.0517,0.0971,-2.3655,-6.4141,5.3726,-0.0517,-0.0989,0.0923
2.9760,-1.5299,7.6926,-0.0369,-0.0533,0.0847,-2.4708,-6.4236,5.2744,-0.0606,-0.0918,0.0762
2.9042,-1.6113,7.7620,-0.0557,-0.0069,0.1043,-2.4780,-6.5745,5.3247,-0.1050,-0.0693,0.0810
2.7701,-1.6999,7.6926,-0.0442,0.0043,0.1247,-2.4852,-6.6248,5.1858,-0.1131,-0.0903,0.1038
2.7629,-1.6831,7.7189,-0.0313,-0.0258,0.1588,-2.5163,-6.6272,5.2098,-0.1162,-0.1059,0.1182
2.8587,-1.6879,7.6926,-0.0248,-0.0361,0.1861,-2.4804,-6.5338,5.1044,-0.1162,-0.1395,0.1407
2.9521,-1.7573,7.8099,-0.0269,-0.0241,0.1989,-2.3966,-6.5050,5.4755,-0.1274,-0.1244,0.1483
2.9042,-1.6975,7.7021,0.0133,-0.0268,0.2061,-2.4756,-6.5984,5.2792,-0.1069,-0.1300,0.1677
2.8323,-1.6257,7.6471,-0.0024,-0.0448,0.2253,-2.4349,-6.4452,5.3199,-0.1164,-0.1664,0.1824
2.9951,-1.6999,7.6662,0.0003,-0.0560,0.2392,-2.4253,-6.4835,5.3678,-0.1151,-0.1684,0.1840
3.0071,-1.6592,7.7572,0.0128,-0.0612,0.2437,-2.4972,-6.5003,5.3271,-0.1057,-0.1808,0.2030
2.9209,-1.6376,7.7285,0.0077,-0.0525,0.2473,-2.5331,-6.4548,5.3558,-0.1166,-0.1740,0.2006
2.8156,-1.5395,7.8290,0.0167,-0.0617,0.2533,-2.5474,-6.5457,5.2960,-0.1154,-0.1612,0.1911
2.9999,-1.5490,7.5537,0.0193,-0.0935,0.2606,-2.3439,-6.3949,5.3032,-0.0903,-0.2264,0.2186
3.0167,-1.6017,7.7261,0.0004,-0.0825,0.2734,-2.4684,-6.4835,5.4181,-0.1254,-0.1901,0.2089
2.9113,-1.5634,7.8243,0.0208,-0.0469,0.2621,-2.4134,-6.3829,5.2960,-0.1154,-0.1712,0.2012
3.0885,-1.5778,7.6543,0.0012,-0.0675,0.2573,-2.4445,-6.4428,5.3893,-0.1138,-0.1973,0.2042
3.0287,-1.4868,7.7764,0.0137,-0.0446,0.2614,-2.5043,-6.4548,5.3056,-0.1202,-0.1647,0.2028
2.9712,-1.5179,7.6495,0.0108,-0.0582,0.2641,-2.4876,-6.4308,5.2816,-0.1191,-0.2014,0.2042
3.0454,-1.5658,7.7716,0.0053,-0.0729,0.2767,-2.4229,-6.3997,5.4253,-0.1254,-0.1956,0.2036
3.0861,-1.5419,7.8027,0.0113,-0.0504,0.2513,-2.4301,-6.4428,5.4444,-0.1196,-0.1784,0.1998
3.1460,-1.5850,7.6303,-0.0021,-0.0556,0.2469,-2.2841,-6.4212,5.5689,-0.1102,-0.1892,0.1972
3.0239,-1.5083,7.6519,0.0043,-0.0262,0.2356,-2.4157,-6.3542,5.4995,-0.1232,-0.1519,0.1757
3.0670,-1.4892,7.8219,-0.0009,-0.0628,0.2264,-2.4948,-6.3183,5.4133,-0.1081,-0.1780,0.1821
3.1101,-1.5443,7.6998,-0.0089,-0.0674,0.2302,-2.4421,-6.3566,5.6072,-0.1050,-0.1667,0.1791
2.9904,-1.5371,7.7788,0.0152,-0.0426,0.2244,-2.4134,-6.2848,5.4013,-0.1049,-0.1595,0.1849
3.0335,-1.4605,7.6974,-0.0157,-0.0630,0.2333,-2.3822,-6.3542,5.3726,-0.1196,-0.1605,0.1644
3.0526,-1.4676,7.8195,0.0044,-0.0493,0.2205,-2.5666,-6.3949,5.5019,-0.1053,-0.1573,0.1632
2.7773,-1.3695,7.8410,-0.0127,-0.0562,0.2104,-2.6408,-6.3590,5.3127,-0.0769,-0.1287,0.1343
3.2202,-1.3958,7.6064,-0.0306,-0.1589,0.1969,-2.3272,-6.1316,5.6072,-0.0324,-0.2855,0.1573
3.4884,-1.4557,7.5561,-0.0204,-0.0706,0.1653,-2.1548,-6.0645,5.9616,-0.0849,-0.1144,0.1118
3.4644,-1.4222,7.7045,-0.0320,-0.0193,0.1131,-2.3535,-6.1411,5.7461,-0.0781,-0.0854,0.0953
3.1675,-1.3647,7.5944,-0.0478,-0.0047,0.0851,-2.4157,-6.1220,5.4588,-0.0795,-0.0246,0.0678
3.0957,-1.4222,7.5322,-0.0699,-0.0005,0.0757,-2.4469,-6.2441,5.3941,-0.0970,-0.0522,0.0460
3.2010,-1.5275,7.7907,-0.0814,-0.0101,0.0476,-2.4469,-6.3063,5.6192,-0.0886,-0.0225,0.0304
3.2585,-1.4653,7.7093,-0.0584,-0.0111,0.0246,-2.3679,-6.2249,5.7557,-0.0593,-0.0284,0.0197
3.3591,-1.3838,7.5705,-0.0694,0.0063,-0.0127,-2.3679,-6.0861,5.7245,-0.0525,0.0221,-0.0092
3.3998,-1.4054,7.5633,-0.1055,0.0131,-0.0569,-2.3463,-6.1459,5.7652,-0.0582,0.0370,-0.0545
3.1843,-1.4724,7.7405,-0.1195,0.0584,-0.0967,-2.3846,-6.2824,5.7030,-0.0577,0.1136,-0.0851
3.0861,-1.5083,7.7668,-0.1001,0.0320,-0.1182,-2.4756,-6.3542,5.5210,-0.0205,0.0994,-0.0775
3.0885,-1.4868,7.7740,-0.0866,-0.0226,-0.1360,-2.4732,-6.2417,5.5665,0.0132,0.0682,-0.0870
3.1316,-1.3934,7.6830,-0.1073,0.0131,-0.1488,-2.5259,-6.1842,5.6000,0.0007,0.1078,-0.1014
3.0885,-1.4413,7.5776,-0.1303,0.0071,-0.1621,-2.4636,-6.2249,5.5402,-0.0005,0.1100,-0.1239
3.1101,-1.5467,7.6950,-0.1310,0.0264,-0.1933,-2.3583,-6.2920,5.5569,0.0056,0.1319,-0.1420
3.0287,-1.4868,7.7069,-0.1348,0.0333,-0.2158,-2.4684,-6.3159,5.5426,0.0169,0.1624,-0.1644
3.0789,-1.4150,7.7237,-0.1398,-0.0045,-0.2278,-2.4995,-6.2560,5.4875,0.0388,0.1194,-0.1672
3.1340,-1.4030,7.7620,-0.1443,-0.0099,-0.2413,-2.4541,-6.2537,5.5569,0.0401,0.1404,-0.1845
3.2250,-1.4605,7.5968,-0.1663,0.0294,-0.2547,-2.3894,-6.2130,5.4875,0.0108,0.1629,-0.1916
3.1029,-1.5371,7.6543,-0.1756,0.0707,-0.2573,-2.4445,-6.3638,5.5115,-0.0087,0.2125,-0.2105
3.0382,-1.5371,7.7883,-0.1804,0.0390,-0.2707,-2.3918,-6.3710,5.5091,0.0127,0.1747,-0.2080
3.1101,-1.6712,7.8027,-0.1641,0.0212,-0.2813,-2.3798,-6.4284,5.4827,0.0393,0.1777,-0.2118
3.1029,-1.5874,7.6423,-0.1609,0.0187,-0.3015,-2.3104,-6.3159,5.5378,0.0461,0.1807,-0.2189
3.0239,-1.6041,7.6112,-0.1809,0.0332,-0.3036,-2.3774,-6.3398,5.4684,0.0286,0.2061,-0.2330
3.0646,-1.5634,7.6974,-0.1860,0.0316,-0.3076,-2.4397,-6.3015,5.4013,0.0348,0.1960,-0.2405
3.1173,-1.5347,7.5968,-0.1912,0.0296,-0.3262,-2.3200,-6.3446,5.4277,0.0446,0.2048,-0.2499
3.0789,-1.6783,7.7500,-0.1893,0.0389,-0.3413,-2.4229,-6.4476,5.5522,0.0466,0.2281,-0.2645
3.0358,-1.6161,7.7524,-0.1709,0.0195,-0.3388,-2.3727,-6.4189,5.4779,0.0689,0.2064,-0.2422
3.1508,-1.5155,7.5920,-0.1705,0.0253,-0.3363,-2.4062,-6.3398,5.4731,0.0600,0.2228,-0.2459
3.1436,-1.5682,7.6399,-0.1843,0.0370,-0.3337,-2.3727,-6.3111,5.5330,0.0468,0.2144,-0.2501
3.0742,-1.6305,7.6567,-0.1909,0.0622,-0.3344,-2.3703,-6.4907,5.4300,0.0286,0.2457,-0.2534
2.9928,-1.6855,7.7548,-0.1905,0.0605,-0.3284,-2.3966,-6.4835,5.3510,0.0258,0.2382,-0.2499
2.9951,-1.7166,7.7381,-0.1776,0.0448,-0.3252,-2.4349,-6.4955,5.3295,0.0364,0.2176,-0.2380
2.9281,-1.6975,7.6806,-0.1692,0.0388,-0.3110,-2.3966,-6.4117,5.3558,0.0354,0.2086,-0.2322
2.9808,-1.6352,7.7572,-0.1860,0.0529,-0.3135,-2.4708,-6.5314,5.3917,0.0160,0.2224,-0.2373
2.9640,-1.6975,7.7141,-0.1717,0.0414,-0.3028,-2.4157,-6.6008,5.3391,0.0273,0.2050,-0.2254
2.9353,-1.7597,7.7548,-0.1685,0.0292,-0.2884,-2.4157,-6.5314,5.3247,0.0308,0.1931,-0.2225
2.9880,-1.7813,7.7692,-0.1597,0.0316,-0.2819,-2.4181,-6.5242,5.3774,0.0286,0.1824,-0.2017
2.8611,-1.6807,7.7452,-0.1470,0.0308,-0.2671,-2.4852,-6.4021,5.2577,0.0326,0.1881,-0.2029
2.8611,-1.7262,7.6782,-0.1539,0.0842,-0.2746,-2.2434,-6.4596,5.1332,0.0201,0.2134,-0.1970
2.7964,-1.7382,7.7524,-0.1603,0.0180,-0.2382,-2.5474,-6.6702,5.4013,0.0340,0.1154,-0.1535
2.8730,-1.7214,7.7955,-0.1183,0.0101,-0.2116,-2.4948,-6.6559,5.2074,0.0156,0.1186,-0.1436
2.8060,-1.6735,7.7788,-0.1334,0.0268,-0.1940,-2.4565,-6.5769,5.2218,-0.0013,0.1484,-0.1434
2.9568,-1.7406,7.6710,-0.1362,-0.0092,-0.1693,-2.3320,-6.5888,5.2553,0.0048,0.0945,-0.1119
2.7821,-1.9680,7.6710,-0.1391,0.0386,-0.1487,-2.2841,-6.7780,5.1619,-0.0305,0.1422,-0.1408
2.5259,-1.9369,7.9128,-0.1328,0.0274,-0.1222,-2.5546,-6.9312,4.9225,-0.0226,0.0982,-0.0977
2.4780,-1.8986,8.0110,-0.0576,-0.0426,-0.0698,-2.7533,-6.9192,5.1188,0.0148,0.0245,-0.0253
2.8730,-1.7023,7.6998,-0.0084,-0.1288,-0.0241,-2.4756,-6.5218,5.2385,0.0481,-0.0963,0.0193
2.9904,-1.6472,7.6854,-0.0280,-0.0470,0.0349,-2.3774,-6.5649,5.3056,-0.0357,-0.0301,0.0564
2.9832,-1.6664,7.5753,-0.0446,0.0184,0.0645,-2.3320,-6.3566,5.2792,-0.0871,-0.0368,0.0691
2.8970,-1.6616,7.7572,-0.0340,-0.0389,0.1075,-2.5307,-6.6008,5.4253,-0.0731,-0.0754,0.1038
3.1101,-1.7430,7.7428,-0.0249,-0.0324,0.0989,-2.2314,-6.4476,5.5354,-0.0681,-0.0711,0.0937
3.0119,-1.6161,7.8266,-0.0087,-0.0460,0.0877,-2.5450,-6.5386,5.3295,-0.0393,-0.0794,0.0983
2.9568,-1.6137,7.6830,-0.0216,-0.0464,0.0963,-2.3774,-6.4428,5.3678,-0.0598,-0.0841,0.0977
3.1436,-1.6783,7.4388,-0.0183,-0.0349,0.0966,-2.3870,-6.4284,5.4684,-0.0642,-0.0779,0.1035
3.0957,-1.5802,7.7261,-0.0179,0.0145,0.0979,-2.4205,-6.3686,5.3726,-0.0887,-0.0171,0.0929
2.8754,-1.4461,7.5920,-0.0330,-0.0092,0.1126,-2.5762,-6.3949,5.1858,-0.0942,-0.0877,0.0951
2.9185,-1.6376,7.8027,-0.0468,-0.0191,0.1251,-2.4684,-6.5625,5.4133,-0.1078,-0.0738,0.1070
2.9042,-1.6903,7.7045,-0.0277,0.0112,0.1331,-2.4062,-6.5793,5.3079,-0.1246,-0.0685,0.1222
2.7797,-1.6400,7.7428,-0.0155,-0.0013,0.1436,-2.5235,-6.4835,5.1595,-0.1168,-0.0711,0.1175
2.8252,-1.5897,7.5130,-0.0302,-0.0257,0.1685,-2.4852,-6.4476,5.1523,-0.1226,-0.1363,0.1379
2.9592,-1.6328,7.7596,-0.0161,-0.0406,0.1768,-2.4565,-6.5529,5.5569,-0.1095,-0.1156,0.1370
2.9664,-1.6328,7.7835,-0.0011,-0.0240,0.1732,-2.4948,-6.5194,5.5162,-0.1007,-0.1095,0.1368
2.8970,-1.5538,7.7021,-0.0112,-0.0378,0.1595,-2.4852,-6.3686,5.4731,-0.0863,-0.1274,0.1322
2.9784,-1.5107,7.7189,-0.0197,-0.0657,0.1683,-2.5283,-6.3638,5.4157,-0.0821,-0.1378,0.1286
3.1101,-1.5443,7.7309,-0.0155,-0.0552,0.1673,-2.4756,-6.3686,5.4779,-0.0833,-0.1324,0.1368
3.0047,-1.5730,7.6878,-0.0177,-0.0330,0.1727,-2.5331,-6.3638,5.4277,-0.0965,-0.1011,0.1299
2.8970,-1.5371,7.5968,-0.0177,-0.0477,0.1793,-2.4493,-6.3877,5.3846,-0.0911,-0.1287,0.1374
2.9592,-1.6041,7.6974,-0.0290,-0.0516,0.1801,-2.4684,-6.4452,5.3989,-0.1029,-0.1291,0.1295
2.9808,-1.5754,7.7548,-0.0289,-0.0412,0.1907,-2.5402,-6.4141,5.3870,-0.1155,-0.1483,0.1439
2.9305,-1.5658,7.6710,-0.0346,-0.0246,0.1824,-2.3463,-6.3470,5.4205,-0.1234,-0.1248,0.1292
3.0119,-1.6113,7.8195,-0.0213,-0.0366,0.1865,-2.4157,-6.4308,5.5162,-0.1030,-0.1399,0.1452
3.0622,-1.5706,7.6495,-0.0097,-0.0528,0.1800,-2.5762,-6.4141,5.4875,-0.0929,-0.1260,0.1418
3.0071,-1.5682,7.6423,-0.0225,-0.0441,0.1771,-2.4469,-6.3398,5.3582,-0.1021,-0.1282,0.1340
3.0263,-1.5969,7.8219,-0.0370,-0.0294,0.1688,-2.4612,-6.3877,5.3870,-0.1106,-0.1070,0.1171
2.9544,-1.5802,7.8075,-0.0195,-0.0438,0.1597,-2.5115,-6.4452,5.4731,-0.0877,-0.1326,0.1330
2.9401,-1.5036,7.7165,-0.0160,-0.0482,0.1629,-2.5115,-6.3422,5.3367,-0.0893,-0.0925,0.1114
3.1173,-1.6041,7.6327,-0.0211,-0.0489,0.1419,-2.3391,-6.1986,5.4803,-0.0735,-0.1166,0.1124
3.1340,-1.5012,7.6662,-0.0468,-0.0492,0.1440,-2.4588,-6.3997,5.5043,-0.0887,-0.1120,0.1075
2.9592,-1.4772,7.6734,-0.0361,-0.0113,0.1239,-2.4876,-6.4021,5.3989,-0.0859,-0.0859,0.0930
3.0191,-1.5610,7.8338,-0.0494,-0.0642,0.1231,-2.4780,-6.4620,5.4731,-0.0786,-0.1152,0.0909
3.1627,-1.4605,7.7907,-0.0257,-0.0433,0.1146,-2.4181,-6.3039,5.4899,-0.0687,-0.0742,0.0930
3.0574,-1.5227,7.6638,-0.0410,-0.0221,0.1055,-2.4517,-6.3063,5.3893,-0.0835,-0.0878,0.0819
3.0095,-1.5012,7.6638,-0.0592,-0.0321,0.1023,-2.4876,-6.3590,5.4660,-0.0873,-0.0831,0.0774
3.0023,-1.5538,7.7524,-0.0464,-0.0326,0.1017,-2.4373,-6.4308,5.5378,-0.0793,-0.0766,0.0763
3.0526,-1.6065,7.7261,-0.0369,-0.0378,0.0999,-2.4349,-6.3542,5.4660,-0.0693,-0.0790,0.0825
3.0765,-1.5490,7.7572,-0.0401,-0.0261,0.0889,-2.4588,-6.3614,5.5234,-0.0673,-0.0650,0.0753
3.1101,-1.5730,7.7309,-0.0485,-0.0338,0.0790,-2.4421,-6.4189,5.4540,-0.0699,-0.0597,0.0604
3.1556,-1.4892,7.6399,-0.0522,-0.0222,0.0628,-2.4421,-6.3901,5.5426,-0.0685,-0.0461,0.0530
2.9760,-1.5227,7.6998,-0.0449,-0.0248,0.0602,-2.4756,-6.2632,5.4468,-0.0585,-0.0406,0.0542
3.0215,-1.5203,7.8554,-0.0569,-0.0306,0.0525,-2.4062,-6.3279,5.3893,-0.0597,-0.0557,0.0408
3.0622,-1.5179,7.6567,-0.0560,-0.0318,0.0465,-2.4995,-6.3710,5.5474,-0.0564,-0.0433,0.0385
3.1532,-1.5826,7.6519,-0.0600,-0.0330,0.0416,-2.4780,-6.3686,5.5234,-0.0549,-0.0438,0.0376
3.1436,-1.5443,7.7620,-0.0501,-0.0112,0.0325,-2.4565,-6.3901,5.5785,-0.0537,-0.0176,0.0340
3.0478,-1.4916,7.6255,-0.0622,-0.0193,0.0325,-2.4732,-6.2632,5.3917,-0.0573,-0.0301,0.0296
2.9688,-1.4844,7.7069,-0.0738,-0.0141,0.0246,-2.4157,-6.2991,5.3893,-0.0642,-0.0322,0.0195
2.9808,-1.6065,7.8123,-0.0711,-0.0238,0.0265,-2.5019,-6.4141,5.5186,-0.0534,-0.0357,0.0234
3.0861,-1.5802,7.6782,-0.0707,-0.0326,0.0284,-2.4181,-6.3949,5.4971,-0.0497,-0.0332,0.0188
3.1436,-1.5874,7.6950,-0.0642,-0.0207,0.0140,-2.3655,-6.3782,5.5450,-0.0518,-0.0097,0.0121
3.0406,-1.5538,7.7644,-0.0585,0.0052,0.0065,-2.4325,-6.3255,5.4396,-0.0537,0.0132,0.0072
3.0694,-1.6161,7.6447,-0.0762,-0.0309,0.0067,-2.4852,-6.4093,5.4612,-0.0492,-0.0131,-0.0032
3.0909,-1.5060,7.7644,-0.0682,-0.0224,0.0000,-2.4229,-6.3470,5.5498,-0.0438,-0.0072,0.0047
3.1268,-1.6233,7.8266,-0.0590,-0.0136,-0.0025,-2.4660,-6.4117,5.4660,-0.0360,0.0049,0.0144
2.9640,-1.4988,7.6950,-0.0633,-0.0101,-0.0017,-2.4756,-6.3087,5.3343,-0.0398,0.0059,0.0043
3.0358,-1.5610,7.6112,-0.0789,-0.0308,-0.0041,-2.4325,-6.3805,5.2768,-0.0418,-0.0228,0.0063
3.1101,-1.6352,7.6591,-0.0697,-0.0189,-0.0023,-2.4565,-6.4476,5.5593,-0.0438,-0.0020,0.0016
3.0622,-1.5562,7.7644,-0.0649,-0.0053,-0.0135,-2.4948,-6.4428,5.5641,-0.0381,0.0083,0.0039
2.9975,-1.5443,7.6136,-0.0653,-0.0205,-0.0129,-2.5091,-6.3494,5.3726,-0.0292,0.0017,0.0024
2.9473,-1.5897,7.6591,-0.0742,-0.0237,-0.0072,-2.4876,-6.3231,5.3151,-0.0449,-0.0043,-0.0072
3.0335,-1.5921,7.6902,-0.0839,-0.0238,-0.0057,-2.4900,-6.4284,5.4277,-0.0457,-0.0105,-0.0008
3.0023,-1.5107,7.7309,-0.0714,-0.0234,-0.0040,-2.4397,-6.4045,5.4037,-0.0374,-0.0088,-0.0001
3.0981,-1.4796,7.6495,-0.0711,-0.0281,-0.0144,-2.4445,-6.3231,5.4660,-0.0353,-0.0103,-0.0064
3.1125,-1.5514,7.7596,-0.0799,-0.0080,-0.0157,-2.3894,-6.2848,5.5641,-0.0524,0.0225,-0.0133
3.0311,-1.4988,7.7524,-0.0767,0.0035,-0.0175,-2.4756,-6.3805,5.4061,-0.0530,0.0127,-0.0064
2.9928,-1.5850,7.7524,-0.0863,-0.0155,-0.0165,-2.4229,-6.3877,5.4253,-0.0502,-0.0081,-0.0049
3.0478,-1.5083,7.6950,-0.0798,-0.0055,-0.0111,-2.4469,-6.4045,5.4875,-0.0501,0.0077,-0.0027
3.0239,-1.5538,7.6255,-0.0729,-0.0108,-0.0112,-2.5043,-6.4189,5.4995,-0.0453,0.0087,-0.0064
3.0550,-1.4940,7.7500,-0.0790,-0.0103,-0.0145,-2.4852,-6.3398,5.5282,-0.0454,0.0056,-0.0117
3.0478,-1.5730,7.7428,-0.0843,-0.0105,-0.0135,-2.4038,-6.3758,5.4540,-0.0502,0.0029,-0.0092
3.0358,-1.6113,7.7285,-0.0883,0.0033,-0.0213,-2.4038,-6.4404,5.4300,-0.0558,0.0064,-0.0077
3.0335,-1.5395,7.6902,-0.0781,-0.0077,-0.0147,-2.5091,-6.4476,5.3319,-0.0516,0.0088,-0.0057
3.0550,-1.5610,7.7117,-0.0746,-0.0191,-0.0113,-2.4445,-6.4284,5.3367,-0.0473,0.0044,-0.0091
3.0215,-1.5874,7.6998,-0.0838,-0.0080,-0.0139,-2.4325,-6.4236,5.3486,-0.0520,0.0016,-0.0125
3.0406,-1.4748,7.6902,-0.0778,-0.0048,-0.0124,-2.4972,-6.4931,5.4037,-0.0478,0.0077,-0.0017
2.9975,-1.5778,7.6327,-0.0725,-0.0195,-0.0111,-2.4349,-6.4141,5.3917,-0.0404,-0.0117,0.0004
3.0454,-1.5012,7.7572,-0.0742,-0.0124,-0.0133,-2.4373,-6.3901,5.4731,-0.0429,0.0024,-0.0108
3.1005,-1.5251,7.7141,-0.0767,-0.0205,-0.0152,-2.4157,-6.2872,5.4348,-0.0433,-0.0093,-0.0049
2.9999,-1.5969,7.7381,-0.0877,-0.0011,-0.0137,-2.4588,-6.4093,5.3917,-0.0516,0.0085,-0.0109
2.9975,-1.5993,7.6519,-0.0790,-0.0081,-0.0171,-2.3822,-6.3566,5.3798,-0.0428,-0.0024,-0.0028
3.0167,-1.6185,7.6710,-0.0763,-0.0129,-0.0119,-2.4780,-6.4236,5.4229,-0.0432,0.0108,-0.0072
2.9880,-1.5131,7.6495,-0.0709,-0.0234,-0.0112,-2.4565,-6.3446,5.5138,-0.0364,-0.0115,-0.0063
3.0742,-1.5586,7.6351,-0.0825,-0.0069,-0.0160,-2.3655,-6.3207,5.4899,-0.0498,0.0025,-0.0089
2.9904,-1.5778,7.7213,-0.0841,-0.0005,-0.0144,-2.4780,-6.4500,5.3798,-0.0520,0.0129,-0.0085
2.9999,-1.5730,7.6782,-0.0855,-0.0161,-0.0151,-2.5115,-6.3758,5.4133,-0.0434,-0.0036,-0.0073
3.0933,-1.5562,7.6495,-0.0790,-0.0185,-0.0140,-2.4181,-6.4667,5.3941,-0.0465,0.0005,-0.0056
3.0191,-1.5419,7.7740,-0.0741,-0.0021,-0.0148,-2.4062,-6.4260,5.4684,-0.0446,0.0140,-0.0069
2.9904,-1.5467,7.5848,-0.0731,-0.0129,-0.0169,-2.4780,-6.3566,5.3965,-0.0420,0.0029,-0.0024
3.0430,-1.5467,7.7093,-0.0750,-0.0209,-0.0133,-2.4110,-6.4165,5.4348,-0.0401,-0.0077,0.0031
3.0981,-1.5395,7.7213,-0.0742,-0.0144,-0.0176,-2.4780,-6.4045,5.3893,-0.0406,0.0035,-0.0011
3.0502,-1.6089,7.6854,-0.0753,-0.0081,-0.0141,-2.4732,-6.4835,5.4899,-0.0420,0.0132,-0.0040
3.0071,-1.6017,7.6375,-0.0686,-0.0253,-0.0103,-2.4804,-6.4117,5.3056,-0.0344,-0.0021,0.0037
3.0263,-1.5467,7.6303,-0.0703,-0.0274,-0.0020,-2.4565,-6.3710,5.4372,-0.0362,-0.0073,0.0020
3.0622,-1.5514,7.6710,-0.0638,-0.0213,-0.0141,-2.4565,-6.3901,5.5019,-0.0329,0.0015,0.0043
3.0215,-1.5610,7.7644,-0.0669,-0.0264,-0.0088,-2.4612,-6.4069,5.5234,-0.0332,0.0013,-0.0043
3.0789,-1.5203,7.6758,-0.0711,-0.0242,-0.0141,-2.3990,-6.3997,5.4420,-0.0342,-0.0084,0.0044
3.0765,-1.5323,7.6495,-0.0675,-0.0196,-0.0171,-2.4660,-6.3758,5.5115,-0.0341,0.0033,0.0019
3.0167,-1.5443,7.7596,-0.0677,-0.0224,-0.0099,-2.4469,-6.3542,5.4851,-0.0345,-0.0011,0.0011
3.0885,-1.5275,7.7021,-0.0723,-0.0155,-0.0148,-2.4660,-6.3734,5.4899,-0.0338,-0.0025,0.0008
3.0550,-1.5658,7.7093,-0.0699,-0.0233,-0.0129,-2.4708,-6.3782,5.4827,-0.0404,-0.0047,-0.0009
3.0622,-1.5323,7.5800,-0.0689,-0.0203,-0.0067,-2.4110,-6.3087,5.4133,-0.0356,-0.0067,0.0044
3.0335,-1.5083,7.7596,-0.0695,-0.0095,-0.0124,-2.4924,-6.4117,5.4396,-0.0410,0.0216,-0.0065
3.0646,-1.4844,7.7835,-0.0666,-0.0316,-0.0139,-2.4565,-6.3207,5.4995,-0.0293,-0.0091,0.0016
3.0981,-1.5610,7.6830,-0.0767,-0.0120,-0.0180,-2.3990,-6.3039,5.4205,-0.0440,0.0007,-0.0060
3.0502,-1.5347,7.6567,-0.0799,-0.0075,-0.0092,-2.5235,-6.3111,5.5186,-0.0482,0.0031,-0.0032
3.0765,-1.5658,7.6351,-0.0745,-0.0216,-0.0152,-2.4038,-6.3686,5.5162,-0.0401,-0.0040,-0.0003
3.1388,-1.5538,7.7381,-0.0746,-0.0071,-0.0128,-2.4325,-6.3135,5.4588,-0.0465,0.0152,-0.0131
3.0598,-1.5227,7.6950,-0.0746,-0.0051,-0.0111,-2.4948,-6.4165,5.4612,-0.0492,0.0092,-0.0012
3.1077,-1.5299,7.6974,-0.0739,-0.0211,-0.0064,-2.4253,-6.3662,5.4803,-0.0444,-0.0093,-0.0024
3.0885,-1.5395,7.6351,-0.0698,-0.0188,-0.0165,-2.4756,-6.3398,5.4947,-0.0377,-0.0035,0.0023
3.0765,-1.5634,7.7644,-0.0773,-0.0059,-0.0080,-2.4541,-6.4069,5.4348,-0.0506,0.0189,-0.0100
3.1005,-1.6041,7.7237,-0.0771,-0.0221,-0.0123,-2.4636,-6.3829,5.4851,-0.0413,-0.0112,-0.0047
3.0813,-1.4916,7.6662,-0.0711,-0.0111,-0.0128,-2.4517,-6.3758,5.4612,-0.0413,0.0091,-0.0009
3.0406,-1.4629,7.7668,-0.0726,-0.0127,-0.0145,-2.4301,-6.3279,5.4324,-0.0434,-0.0015,-0.0033
3.0813,-1.5227,7.7381,-0.0711,-0.0240,-0.0096,-2.4421,-6.3901,5.5162,-0.0378,-0.0056,-0.0028
3.0957,-1.4868,7.7381,-0.0757,-0.0173,-0.0135,-2.3774,-6.3829,5.4660,-0.0390,0.0063,-0.0036
3.0813,-1.4772,7.6830,-0.0755,-0.0096,-0.0104,-2.5163,-6.3829,5.5617,-0.0440,0.0047,-0.0023
3.0335,-1.5036,7.6998,-0.0737,-0.0189,-0.0087,-2.4205,-6.3279,5.4444,-0.0352,-0.0096,0.0015
3.1532,-1.5275,7.6734,-0.0727,-0.0201,-0.0151,-2.3894,-6.3470,5.4899,-0.0392,0.0003,-0.0027
3.1580,-1.5514,7.7237,-0.0713,-0.0131,-0.0195,-2.4086,-6.3231,5.4779,-0.0413,0.0091,-0.0077
3.0263,-1.5586,7.7428,-0.0706,-0.0205,-0.0168,-2.4062,-6.3853,5.4899,-0.0348,-0.0008,0.0013
3.1101,-1.5155,7.6447,-0.0686,-0.0244,-0.0168,-2.4373,-6.3398,5.4468,-0.0346,-0.0001,-0.0015
3.1388,-1.4700,7.5968,-0.0695,-0.0191,-0.0159,-2.4517,-6.2872,5.4396,-0.0381,-0.0033,-0.0015
3.1005,-1.5419,7.6782,-0.0759,-0.0120,-0.0133,-2.4014,-6.3518,5.4324,-0.0429,0.0063,-0.0077
3.0382,-1.4892,7.7452,-0.0805,-0.0211,-0.0136,-2.5067,-6.4117,5.5162,-0.0414,-0.0117,-0.0035
3.0885,-1.4940,7.7524,-0.0620,-0.0240,-0.0155,-2.4684,-6.3398,5.5258,-0.0266,-0.0035,0.0049
3.1005,-1.4629,7.6543,-0.0671,-0.0354,-0.0176,-2.4421,-6.3566,5.5138,-0.0233,-0.0105,-0.0028
3.1556,-1.5802,7.6614,-0.0727,-0.0318,-0.0193,-2.4541,-6.3494,5.4971,-0.0301,-0.0108,-0.0068
3.1316,-1.4916,7.6734,-0.0907,-0.0286,-0.0099,-2.3894,-6.2560,5.4827,-0.0553,-0.0069,-0.0200
3.3351,-1.4676,7.7428,-0.1029,-0.0124,-0.0081,-2.4062,-6.3063,5.6719,-0.0524,-0.0083,-0.0179
3.2609,-1.4030,7.5824,-0.1063,0.0277,-0.0201,-2.3870,-6.2201,5.5378,-0.0873,0.0285,-0.0292
3.1029,-1.4796,7.6902,-0.1202,0.0422,-0.0262,-2.4900,-6.3207,5.4253,-0.0901,0.0514,-0.0440
3.0406,-1.6759,7.7261,-0.0797,-0.0067,-0.0048,-2.4253,-6.5242,5.4085,-0.0537,0.0111,-0.0023
2.9377,-1.5969,7.6878,-0.0584,-0.0228,-0.0029,-2.4684,-6.3997,5.3702,-0.0334,-0.0191,0.0092
3.0646,-1.5275,7.6279,-0.0773,-0.0173,-0.0048,-2.3822,-6.3614,5.4468,-0.0366,-0.0313,0.0177
3.0239,-1.6257,7.7524,-0.0815,-0.0199,-0.0016,-2.4373,-6.4093,5.5545,-0.0421,-0.0067,0.0031
3.1149,-1.5897,7.6471,-0.0722,-0.0093,-0.0085,-2.3535,-6.3853,5.4085,-0.0396,-0.0111,0.0005
3.0742,-1.5993,7.6734,-0.0806,-0.0073,-0.0159,-2.4157,-6.3973,5.4827,-0.0384,-0.0127,-0.0013
3.0358,-1.5490,7.6710,-0.0725,-0.0107,-0.0136,-2.5019,-6.3327,5.4324,-0.0465,-0.0089,-0.0113
3.0526,-1.5371,7.7835,-0.0717,-0.0254,0.0055,-2.4852,-6.3446,5.4875,-0.0476,-0.0187,0.0049
3.0742,-1.5706,7.5992,-0.0673,-0.0372,0.0107,-2.4110,-6.3351,5.5330,-0.0430,-0.0193,0.0088
3.1412,-1.5371,7.6998,-0.0624,-0.0140,0.0169,-2.3870,-6.3207,5.5282,-0.0474,-0.0079,0.0215
3.0765,-1.5251,7.6423,-0.0723,-0.0244,0.0141,-2.4612,-6.3039,5.4899,-0.0540,-0.0036,0.0083
3.2441,-1.6041,7.6806,-0.0749,-0.0159,0.0064,-2.3774,-6.2896,5.5378,-0.0522,-0.0184,0.0084
3.2202,-1.6065,7.6351,-0.0809,0.0033,-0.0129,-2.4086,-6.3566,5.5450,-0.0614,0.0164,-0.0092
3.0765,-1.5778,7.7692,-0.0715,-0.0065,-0.0264,-2.4541,-6.3351,5.5474,-0.0382,0.0153,-0.0099
3.1436,-1.4916,7.6662,-0.0658,-0.0084,-0.0329,-2.4181,-6.3207,5.5593,-0.0302,0.0212,-0.0117
3.2154,-1.4844,7.6447,-0.0846,-0.0137,-0.0353,-2.4157,-6.2656,5.6072,-0.0429,0.0133,-0.0195
3.0789,-1.5802,7.5465,-0.1218,0.0564,-0.0348,-2.2745,-6.2656,5.4564,-0.1007,0.0582,-0.0502
2.8922,-1.6281,7.8362,-0.1235,0.0548,-0.0345,-2.6097,-6.5984,5.3917,-0.0911,0.0505,-0.0437
2.8778,-1.5969,7.7476,-0.1001,0.0039,-0.0192,-2.4660,-6.3758,5.3295,-0.0659,-0.0033,-0.0224
2.9951,-1.5155,7.5753,-0.1118,0.0234,-0.0107,-2.4588,-6.3566,5.3798,-0.0850,0.0222,-0.0324
3.0047,-1.5275,7.7093,-0.1022,0.0108,-0.0060,-2.5043,-6.4212,5.2648,-0.0725,0.0123,-0.0193
2.9161,-1.5443,7.7716,-0.1038,0.0781,-0.0072,-2.4157,-6.4667,5.1882,-0.1102,0.0454,-0.0240
2.8036,-1.5036,7.6950,-0.1038,0.0349,0.0369,-2.5331,-6.4620,5.2122,-0.1073,0.0073,-0.0012
2.9090,-1.5993,7.7668,-0.1160,0.0129,0.0508,-2.4421,-6.3829,5.3534,-0.1144,-0.0197,-0.0157
2.9904,-1.5060,7.7381,-0.1274,0.0211,0.0466,-2.5043,-6.4260,5.3127,-0.1163,-0.0262,0.0000
2.9832,-1.5969,7.6423,-0.1211,-0.0117,0.0404,-2.4325,-6.4955,5.4085,-0.1007,-0.0143,-0.0091
3.0622,-1.8220,7.8362,-0.0973,-0.0159,0.0111,-2.4421,-6.5649,5.5091,-0.0667,-0.0111,-0.0071
2.9951,-1.7837,7.6902,-0.0614,-0.0316,-0.0069,-2.3152,-6.5601,5.4085,-0.0217,-0.0153,0.0059
3.0095,-1.7645,7.9248,-0.0306,-0.0413,-0.0127,-2.3870,-6.6295,5.4947,-0.0012,-0.0103,0.0244
2.9066,-1.8340,7.6974,-0.0305,-0.0637,-0.0064,-2.3750,-6.5266,5.3439,0.0112,-0.0336,0.0314
2.9425,-1.7430,7.7261,-0.0268,-0.0701,0.0036,-2.4110,-6.5314,5.3510,0.0104,-0.0354,0.0376
2.9999,-1.6735,7.5585,-0.0232,-0.0453,-0.0025,-2.3296,-6.4332,5.4300,0.0025,-0.0156,0.0301
3.0622,-1.6233,7.7381,-0.0436,-0.0417,-0.0065,-2.4229,-6.4596,5.4995,-0.0152,-0.0200,0.0221
3.1173,-1.5921,7.7165,-0.0476,-0.0216,-0.0233,-2.4110,-6.4189,5.5569,-0.0191,0.0083,0.0075
3.0047,-1.5874,7.7333,-0.0264,-0.0436,-0.0358,-2.4493,-6.3183,5.3870,0.0143,-0.0234,0.0220
3.2082,-1.4964,7.5729,-0.0505,-0.0809,-0.0286,-2.3918,-6.3039,5.5138,0.0093,-0.0061,-0.0088
3.1723,-1.4365,7.7955,-0.0454,-0.0152,-0.0338,-2.4804,-6.3039,5.3989,-0.0099,0.0101,0.0017
3.1268,-1.4581,7.6614,-0.0648,-0.0282,-0.0229,-2.4588,-6.2920,5.4061,-0.0277,-0.0108,0.0025
3.0981,-1.4533,7.5393,-0.0581,-0.0325,-0.0093,-2.4157,-6.3255,5.4899,-0.0268,-0.0268,0.0157
3.0861,-1.4820,7.6998,-0.0842,-0.0140,-0.0085,-2.4445,-6.3662,5.5689,-0.0512,0.0124,-0.0055
3.0981,-1.5850,7.8985,-0.0703,-0.0461,-0.0236,-2.4588,-6.5290,5.5258,-0.0109,-0.0161,0.0015
3.1220,-1.5323,7.7452,-0.0163,-0.1034,-0.0364,-2.3942,-6.3375,5.5091,0.0592,-0.0392,0.0314
3.1316,-1.5227,7.6734,0.0257,-0.1278,-0.0300,-2.3966,-6.3303,5.5857,0.0886,-0.0506,0.0568
3.2250,-1.4126,7.5226,0.0047,-0.0863,-0.0207,-2.4086,-6.0956,5.5402,0.0453,-0.0261,0.0501
3.2058,-1.3048,7.6567,-0.0655,-0.0659,-0.0245,-2.4469,-6.0765,5.5498,-0.0111,-0.0187,0.0036
3.3208,-1.4269,7.4819,-0.0898,-0.0497,-0.0334,-2.3056,-6.0908,5.7628,-0.0250,-0.0265,-0.0023
3.4812,-1.5921,7.7381,-0.1156,-0.0013,-0.0717,-2.2673,-6.3135,5.7628,-0.0482,0.0659,-0.0641
3.0670,-1.6041,7.8003,-0.0565,-0.0373,-0.0918,-2.4565,-6.4763,5.5234,0.0237,0.0147,-0.0325
3.1723,-1.4964,7.4603,-0.0297,-0.0747,-0.0597,-2.2913,-6.1411,5.3965,0.0325,-0.0189,-0.0100
3.1508,-1.2665,7.5537,-0.0718,-0.0117,-0.0257,-2.5235,-6.1483,5.4803,-0.0381,0.0304,-0.0133
3.1340,-1.3336,7.5489,-0.1063,-0.0120,0.0266,-2.4732,-6.2728,5.6407,-0.0818,-0.0225,-0.0064
3.2106,-1.4533,7.6710,-0.0967,0.0129,0.0043,-2.3918,-6.2153,5.5474,-0.0762,-0.0049,0.0009
3.2394,-1.6161,7.8027,-0.1155,-0.0248,0.0076,-2.3535,-6.3518,5.6192,-0.0683,-0.0273,-0.0093
3.3710,-1.6424,7.6088,-0.0909,0.0131,-0.0229,-2.2027,-6.2584,5.6790,-0.0617,0.0233,-0.0293
3.4309,-1.5562,7.6064,-0.0798,-0.0168,-0.0378,-2.2338,-6.2225,5.6623,-0.0338,0.0136,-0.0252
3.2322,-1.4413,7.6806,-0.0641,0.0032,-0.0456,-2.3296,-6.2058,5.6743,-0.0294,0.0288,-0.0169
3.1771,-1.4365,7.7883,-0.0586,0.0021,-0.0370,-2.4493,-6.2441,5.5474,-0.0321,0.0325,-0.0112
3.1364,-1.4676,7.6710,-0.0573,-0.0310,-0.0137,-2.4517,-6.3231,5.5593,-0.0238,-0.0155,0.0148
3.1771,-1.4892,7.6303,-0.0578,-0.0216,-0.0035,-2.4134,-6.2225,5.5665,-0.0333,0.0052,0.0245
3.2848,-1.4772,7.7189,-0.0701,-0.0242,-0.0019,-2.3918,-6.1866,5.6048,-0.0394,-0.0064,0.0197
3.2968,-1.4796,7.6758,-0.0645,-0.0353,-0.0147,-2.4612,-6.2704,5.5665,-0.0326,-0.0064,0.0089
3.2609,-1.5036,7.6734,-0.0785,-0.0108,-0.0354,-2.3774,-6.2082,5.6551,-0.0381,0.0132,-0.0143
3.1723,-1.5251,7.7117,-0.0742,0.0027,-0.0458,-2.4517,-6.3111,5.5402,-0.0365,0.0345,-0.0277
3.2130,-1.4102,7.7261,-0.0691,-0.0169,-0.0373,-2.4301,-6.2297,5.5306,-0.0309,0.0092,-0.0201
3.2465,-1.3838,7.6974,-0.0735,-0.0117,-0.0281,-2.4636,-6.2106,5.6144,-0.0400,0.0163,-0.0148
3.1723,-1.4533,7.6519,-0.0755,-0.0076,-0.0184,-2.4421,-6.1938,5.5929,-0.0452,0.0140,-0.0135
3.1939,-1.4653,7.6710,-0.0742,-0.0286,-0.0135,-2.4541,-6.1938,5.6192,-0.0322,-0.0159,-0.0020
3.3399,-1.4916,7.6519,-0.0715,-0.0123,-0.0185,-2.3679,-6.2225,5.6743,-0.0388,0.0071,-0.0020
3.2729,-1.4222,7.6854,-0.0790,-0.0163,-0.0121,-2.4110,-6.1723,5.6144,-0.0405,0.0005,-0.0040
3.2489,-1.4293,7.5058,-0.0781,-0.0207,-0.0123,-2.2793,-6.0669,5.5737,-0.0420,0.0011,-0.0149
3.3902,-1.2977,7.5010,-0.0917,0.0060,-0.0226,-2.3008,-5.9759,5.6024,-0.0652,0.0201,-0.0241
3.3040,-1.3048,7.5920,-0.1327,0.0616,-0.0274,-2.4301,-6.1723,5.7030,-0.1058,0.0926,-0.0606
3.1125,-1.4198,7.6782,-0.1160,0.0444,-0.0593,-2.5402,-6.3087,5.5115,-0.0738,0.0653,-0.0624
3.1723,-1.5538,7.7907,-0.1162,-0.0260,-0.0621,-2.4588,-6.3734,5.6814,-0.0288,0.0087,-0.0621
3.1987,-1.4246,7.6423,-0.0959,-0.0024,-0.0480,-2.3727,-6.1627,5.4660,-0.0385,0.0249,-0.0453
3.1101,-1.4246,7.6040,-0.0978,0.0168,-0.0394,-2.4157,-6.2369,5.4660,-0.0505,0.0373,-0.0381
3.1244,-1.6017,7.7740,-0.1046,-0.0025,-0.0091,-2.4995,-6.3829,5.5138,-0.0612,0.0172,-0.0252
3.1173,-1.6113,7.5920,-0.0795,-0.0249,-0.0192,-2.3343,-6.4093,5.4324,-0.0333,-0.0083,-0.0145
3.1268,-1.5874,7.6543,-0.0827,-0.0095,-0.0157,-2.3535,-6.4404,5.6120,-0.0441,0.0011,-0.0168
3.1891,-1.6257,7.7045,-0.0765,-0.0233,-0.0199,-2.4038,-6.3686,5.6288,-0.0332,-0.0121,-0.0067
3.0837,-1.6664,7.7165,-0.0709,-0.0232,-0.0024,-2.3128,-6.3398,5.4564,-0.0358,-0.0052,-0.0019
3.1843,-1.5419,7.7141,-0.0530,-0.0542,-0.0009,-2.3750,-6.3734,5.5833,-0.0145,-0.0301,0.0117
3.2801,-1.4293,7.6638,-0.0444,-0.0532,0.0123,-2.3774,-6.2321,5.5881,-0.0176,-0.0357,0.0250
3.3830,-1.4317,7.5968,-0.0561,-0.0241,0.0080,-2.3320,-6.1746,5.7078,-0.0409,-0.0059,0.0109
3.3734,-1.4629,7.6255,-0.0698,-0.0137,-0.0088,-2.3056,-6.1052,5.6695,-0.0400,-0.0021,0.0032
3.2896,-1.4533,7.6088,-0.0762,-0.0052,-0.0269,-2.3367,-6.2273,5.6048,-0.0412,0.0144,-0.0075
3.3854,-1.5131,7.6136,-0.0648,-0.0217,-0.0277,-2.2745,-6.2058,5.5976,-0.0265,0.0128,-0.0128
3.2705,-1.3767,7.6112,-0.0528,-0.0005,-0.0333,-2.3870,-6.2321,5.5809,-0.0277,0.0405,-0.0052
3.3016,-1.3743,7.6112,-0.0646,-0.0254,-0.0338,-2.3655,-6.1746,5.6407,-0.0270,-0.0032,-0.0035
3.1771,-1.4557,7.6112,-0.0834,0.0192,-0.0322,-2.3535,-6.1507,5.5905,-0.0596,0.0489,-0.0176
