-1.0271,-0.0934,8.0086,-0.0661,-0.0277,-0.0173,-6.4212,-3.7397,4.7022,-0.0474,-0.0031,-0.0155
-1.0989,-0.1963,8.1116,-0.0861,-0.0075,0.0004,-6.5050,-3.8259,4.6376,-0.0663,0.0462,-0.0085
-1.0367,-0.1532,8.1068,-0.0866,-0.0260,0.0027,-6.3590,-3.7709,4.7118,-0.0521,-0.0385,0.0029
-1.0463,-0.1341,8.1116,-0.0819,-0.0021,-0.0024,-6.4835,-3.8259,4.7692,-0.0485,0.0112,0.0048
-1.2043,-0.1437,8.0493,-0.0713,-0.0035,-0.0249,-6.4955,-3.7972,4.7214,-0.0244,0.0092,0.0167
-1.0894,-0.1077,8.1523,-0.0636,-0.0113,-0.0176,-6.4620,-3.8523,4.8602,-0.0394,-0.0021,-0.0009
-1.1229,-0.1365,8.0732,-0.0679,-0.0176,-0.0084,-6.3494,-3.7230,4.5370,-0.0413,-0.0013,0.0169
-0.8978,-0.1197,8.0469,-0.0915,-0.0280,-0.0083,-6.3949,-3.7541,4.7190,-0.0628,-0.0059,-0.0211
-1.2139,-0.1484,8.0828,-0.0791,-0.0121,-0.0328,-6.6439,-3.8978,4.8147,-0.0365,0.0199,-0.0069
-1.1181,-0.1077,8.0206,-0.0957,-0.0029,-0.0032,-6.4667,-3.7230,4.5466,-0.0486,0.0116,0.0060
-1.1516,-0.1030,8.0756,-0.0683,-0.0079,-0.0120,-6.4643,-3.7948,4.6807,-0.0422,0.0139,0.0005
-1.0726,-0.1676,7.9966,-0.0863,-0.0079,-0.0181,-6.5170,-3.8403,4.8195,-0.0481,0.0120,-0.0061
-1.0247,-0.1772,8.0709,-0.0699,-0.0372,-0.0141,-6.4141,-3.7900,4.5322,-0.0314,-0.0397,-0.0013
-1.0630,-0.1317,8.0637,-0.0726,-0.0045,-0.0164,-6.4667,-3.7757,4.7118,-0.0446,0.0085,0.0104
-1.0678,-0.1460,8.0493,-0.0670,-0.0148,-0.0207,-6.3255,-3.7517,4.6136,-0.0386,-0.0167,0.0016
-1.1157,-0.1676,7.9966,-0.0842,-0.0205,0.0037,-6.4236,-3.8259,4.6208,-0.0553,-0.0080,0.0057
-1.0511,-0.1460,8.1092,-0.0807,0.0045,-0.0003,-6.4284,-3.7589,4.6735,-0.0572,0.0250,0.0023
-1.1061,-0.1676,8.0014,-0.0738,-0.0232,-0.0104,-6.3542,-3.7541,4.6687,-0.0449,-0.0211,0.0203
-1.0319,-0.1197,8.0828,-0.0793,-0.0160,-0.0128,-6.3638,-3.7661,4.6998,-0.0508,-0.0021,-0.0075
-1.1325,-0.1293,8.1666,-0.0818,-0.0072,-0.0032,-6.4787,-3.7637,4.7285,-0.0517,0.0064,-0.0003
-1.1301,-0.1053,8.2049,-0.0766,-0.0097,-0.0183,-6.3829,-3.7948,4.6926,-0.0526,-0.0144,-0.0123
-1.0343,-0.1532,8.0876,-0.0891,0.0028,-0.0111,-6.3925,-3.7110,4.7405,-0.0608,0.0108,-0.0040
-1.1420,-0.1365,8.0421,-0.0899,0.0207,-0.0197,-6.3351,-3.7445,4.5993,-0.0464,0.0278,-0.0077
-1.1827,-0.1652,8.1906,-0.0862,0.0474,-0.0461,-6.5434,-3.7709,4.7309,-0.0204,0.0470,-0.0013
-1.0367,-0.2993,8.0709,-0.1707,0.1100,-0.1031,-6.3877,-3.8475,4.6759,-0.0474,0.2212,-0.0663
-1.2258,-0.3256,7.9918,-0.1066,-0.1226,-0.1384,-6.2656,-3.7469,4.7142,0.0188,-0.2555,-0.0689
-1.1444,-0.3519,8.4180,-0.1041,-0.1931,-0.1547,-6.5841,-3.7254,4.3622,0.0140,0.1644,-0.0208
-0.8188,-0.1413,7.6567,-0.2212,-0.1500,-0.0938,-6.5194,-3.8331,4.8961,-0.1446,-0.0237,0.0045
-1.1516,-0.6201,8.1259,-0.2807,-0.0119,-0.2394,-6.0861,-3.8283,4.4412,-0.0978,0.0051,-0.1525
-1.3431,-0.6680,8.3270,-0.2306,0.0324,-0.2790,-7.0246,-4.0893,4.3790,-0.0521,0.1845,-0.2376
-1.3743,-0.9026,8.2169,-0.2362,-0.0826,-0.3134,-6.6535,-3.9241,4.1851,-0.0063,0.2044,-0.2293
-1.2426,-0.8835,8.7388,-0.5133,0.1825,-0.2617,-6.9049,-4.1420,4.5346,-0.3291,0.5305,-0.2521
-1.5107,-1.0032,8.0158,-0.4967,0.0979,-0.2689,-6.9097,-3.9840,3.6320,-0.2285,0.3186,-0.3684
-1.9824,-0.9481,8.3366,-0.4594,0.1664,-0.2509,-7.4220,-4.0270,3.8451,-0.1885,0.3416,-0.3167
-1.4174,-1.1109,8.0972,-0.3697,0.1712,-0.3043,-6.8187,-4.1563,3.7565,-0.1966,0.2278,-0.2410
-1.8292,-1.2737,8.7939,-0.1849,0.2438,-0.2858,-7.3837,-4.5179,4.4365,0.0490,0.3814,-0.1727
-2.3942,-1.4006,8.1020,-0.0717,0.0328,-0.1611,-7.2856,-4.3646,3.4429,0.1985,0.0220,-0.0725
-1.4413,-1.5490,6.8546,-0.1844,0.2521,-0.0794,-6.6415,-4.1444,2.3822,-0.0180,-0.0749,0.0903
-1.2426,-1.6448,7.4220,0.0281,0.0348,-0.0667,-6.2537,-4.2856,3.2394,0.1450,-0.0260,0.0765
-1.0726,-1.4030,7.1850,0.0787,-0.0096,-0.0374,-6.2130,-4.2665,3.3016,0.1451,-0.1451,0.1957
-1.1803,-1.5993,8.3510,-0.0521,0.1763,-0.1732,-6.2130,-4.6902,4.0486,0.2286,0.3585,-0.0698
-1.2067,-1.5874,7.6758,0.4257,-0.1065,-0.0277,-6.4739,-4.9009,4.3766,0.3524,-0.9398,0.2730
-1.1564,-1.2689,8.8346,0.1688,0.1557,0.0605,-6.9863,-4.5059,4.3144,0.1544,0.5857,0.2273
-1.0032,-1.2785,8.2265,0.1864,-0.1732,0.0378,-5.9592,-4.3574,4.3215,0.1596,-0.5931,0.0923
-0.9864,-0.7614,7.9224,0.4808,0.3652,-0.2180,-6.6750,-4.3120,4.4652,0.5065,0.2978,-0.0195
-1.4700,-0.5818,6.7612,0.0294,0.0492,-0.0895,-5.6527,-3.3662,3.1603,0.0366,-0.1731,0.0148
-1.5490,-1.0798,8.0325,-0.4667,-0.1498,0.0100,-5.2672,-3.7373,3.1125,-0.1869,0.2148,-0.3549
-1.0487,-1.5706,8.9519,0.0446,-1.7706,0.1785,-10.9942,-7.0581,6.7612,-0.1541,-1.3122,-0.2388
-1.1325,0.2251,6.4380,0.1114,0.2699,0.1972,-5.0326,-2.7533,3.5554,0.1616,1.4105,0.1163
-0.8739,-0.4022,8.0948,-0.4566,0.3158,0.0530,-4.8291,-3.4884,4.7214,-0.4290,-0.2318,0.1571
-1.7430,-0.9984,8.2696,-0.0790,0.1860,0.0111,-7.7859,-4.5131,4.3311,-0.0572,0.2930,0.0835
-1.0056,-0.5100,8.0110,0.0060,-0.4449,0.0031,-6.2082,-3.8331,4.5705,-0.0121,-0.5244,0.0211
-1.1971,-0.4070,7.6519,-0.1267,0.0630,0.0302,-6.0837,-3.7182,4.3910,-0.1255,0.0890,-0.0177
-1.1995,-0.7350,8.1331,-0.1462,0.0613,-0.0017,-6.4787,-4.0749,4.4221,-0.0905,0.1134,-0.0473
-1.2186,-0.7278,8.0637,-0.1022,-0.1628,0.0093,-6.4260,-3.9552,4.3431,-0.0525,-0.1545,-0.0093
-1.0534,-0.6991,7.9942,-0.1539,-0.0636,-0.0067,-6.4308,-4.0247,4.5394,-0.0745,0.0878,-0.0289
-1.1372,-0.6871,7.9799,-0.1119,-0.0727,0.0160,-6.4380,-4.0199,4.5274,-0.0851,-0.0899,-0.0076
-1.3695,-0.6823,8.0589,-0.1152,-0.0160,0.0088,-6.3997,-3.9385,4.2282,-0.0845,0.0029,-0.0241
-1.1588,-0.8308,8.1786,-0.1216,-0.0032,0.0614,-6.6224,-4.2760,4.6926,-0.0885,0.0690,0.0217
-1.0463,-0.7159,7.9918,-0.1103,-0.1051,0.0914,-6.5601,-4.1348,4.4460,-0.1174,-0.1127,-0.0101
-0.9984,-0.7566,7.9679,-0.0841,-0.0155,0.0661,-6.4260,-4.0654,4.2258,-0.0710,-0.0073,0.0187
-1.2761,-0.7829,7.9033,-0.0914,-0.0245,0.0079,-6.5577,-4.1372,4.3790,-0.0632,0.0480,-0.0200
-0.8763,-0.6847,8.0852,-0.0729,-0.0127,-0.0056,-6.0478,-4.0749,4.4460,-0.0759,-0.0340,-0.0145
-1.2570,-0.8140,7.9559,-0.0769,-0.0265,0.0039,-6.6822,-4.1539,4.2545,-0.0140,0.0278,0.0180
-1.1013,-0.7997,8.0924,-0.0665,0.0252,0.0183,-6.3398,-4.0869,4.3598,-0.0203,0.1424,0.0093
-1.2522,-0.8452,8.0996,-0.0745,0.0141,0.0015,-6.4236,-4.2353,4.3000,-0.0536,-0.0513,0.0052
-1.2210,-0.7183,8.0206,-0.0737,-0.0374,0.0115,-6.3782,-4.0294,4.1970,-0.0488,-0.0216,0.0119
-1.1181,-0.7853,8.0062,-0.0589,0.0085,0.0023,-6.3351,-4.0199,4.1827,-0.0480,0.0637,-0.0019
-1.1636,-0.8882,7.9272,-0.0843,-0.0159,0.0212,-6.3518,-4.2306,4.4724,-0.0893,-0.0309,-0.0108
-0.8643,-0.7326,8.0086,-0.0778,-0.0969,0.0161,-6.2680,-4.1420,4.5705,-0.0570,-0.1308,0.0056
-1.1372,-0.8667,8.0876,-0.0809,-0.0019,-0.0140,-6.5386,-4.2258,4.5633,-0.0236,0.0769,0.0238
-1.1947,-0.8284,8.0278,-0.0826,0.0266,-0.0048,-6.4332,-4.1420,4.4053,-0.0360,0.0679,0.0093
-1.1181,-0.7111,8.0541,-0.0710,0.0040,0.0059,-6.4811,-4.2138,4.6017,-0.0350,-0.0468,0.0432
-1.0439,-0.7350,8.0637,-0.0516,0.0504,-0.0191,-6.4236,-4.0917,4.2569,-0.0167,0.0970,0.0097
-1.1540,-0.7398,8.0732,-0.0842,0.0128,-0.0129,-6.4691,-4.0294,4.2258,-0.0602,0.0349,-0.0225
-1.0846,-0.8308,8.1499,-0.0754,-0.0945,0.0060,-6.5912,-4.2449,4.3934,-0.0616,-0.1039,0.0052
-1.0846,-0.7566,7.9080,-0.0742,0.0336,-0.0104,-6.5338,-4.1061,4.5107,-0.0558,0.1142,-0.0116
-1.0822,-0.7781,8.0014,-0.0723,0.0217,-0.0020,-6.3422,-4.0965,4.3646,-0.0689,-0.0083,-0.0057
-1.2785,-0.7709,7.9104,-0.0472,-0.0039,-0.0534,-6.5290,-4.1228,4.3790,-0.0229,-0.0321,0.0028
-1.0870,-0.8068,8.0972,-0.0685,-0.0136,-0.0137,-6.4524,-4.1156,4.3886,-0.0382,-0.0084,-0.0013
-1.3001,-0.7183,8.0804,-0.0737,-0.0109,-0.0253,-6.3566,-4.0677,4.2928,-0.0294,-0.0077,-0.0055
-1.1516,-0.7661,8.0732,-0.0673,0.0023,-0.0302,-6.6319,-4.2449,4.5705,-0.0470,0.0366,-0.0008
-1.1923,-0.7661,8.0661,-0.0701,-0.0057,-0.0141,-6.4021,-4.0869,4.4245,-0.0613,-0.0016,-0.0100
-0.9840,-0.8380,8.1714,-0.0874,-0.0252,-0.0021,-6.4715,-4.1611,4.6639,-0.0763,-0.0081,0.0089
-1.2282,-0.7661,7.9104,-0.0827,-0.0265,-0.0004,-6.3973,-4.0893,4.3479,-0.0713,-0.0039,-0.0096
-1.1301,-0.7733,7.9080,-0.0714,0.0017,-0.0157,-6.3853,-4.0486,4.3191,-0.0673,0.0001,-0.0156
-1.1923,-0.7446,8.0349,-0.0670,-0.0139,-0.0176,-6.4452,-4.1061,4.1994,-0.0416,-0.0172,0.0056
-1.1636,-0.7350,8.0254,-0.0741,-0.0173,-0.0071,-6.4596,-4.0773,4.2904,-0.0516,0.0048,-0.0033
-1.1301,-0.7566,7.9344,-0.0771,-0.0167,-0.0064,-6.3231,-4.1108,4.3742,-0.0510,0.0033,-0.0008
-1.1756,-0.7422,7.9703,-0.0723,0.0012,-0.0240,-6.5242,-4.1492,4.3790,-0.0418,-0.0105,0.0051
-1.2139,-0.6991,8.1283,-0.0770,-0.0238,-0.0061,-6.4955,-4.0223,4.3886,-0.0402,-0.0342,0.0041
-1.1779,-0.7494,8.0325,-0.0705,-0.0011,-0.0199,-6.3279,-4.0749,4.1779,-0.0454,0.0061,0.0021
-1.1492,-0.8068,7.9296,-0.0811,-0.0077,-0.0084,-6.4212,-4.0630,4.2737,-0.0640,0.0116,-0.0091
-1.2905,-0.7949,8.0134,-0.0719,-0.0128,-0.0128,-6.3997,-4.1468,4.2545,-0.0597,-0.0195,-0.0067
-1.2282,-0.6919,8.0206,-0.0730,-0.0089,-0.0132,-6.3853,-4.0438,4.2641,-0.0430,0.0019,0.0084
-1.2474,-0.7614,8.0852,-0.0682,-0.0103,-0.0192,-6.4212,-4.0007,4.2928,-0.0426,-0.0080,0.0031
-1.2139,-0.6943,8.0445,-0.0709,-0.0073,-0.0159,-6.5410,-4.0630,4.2904,-0.0474,0.0184,-0.0037
-1.2330,-0.7661,8.0373,-0.0739,-0.0152,-0.0069,-6.5146,-4.1156,4.3694,-0.0485,0.0076,0.0001
-1.1923,-0.7901,7.9918,-0.0761,-0.0249,-0.0053,-6.4021,-4.0677,4.2713,-0.0245,-0.0199,0.0189
-1.1947,-0.7566,7.9918,-0.0713,-0.0137,-0.0073,-6.5050,-4.1156,4.3694,-0.0260,0.0061,0.0091
-1.2833,-0.7230,8.0278,-0.0823,0.0015,-0.0121,-6.5074,-4.1372,4.3718,-0.0430,0.0290,0.0023
-1.1396,-0.7470,8.0086,-0.0771,-0.0132,-0.0163,-6.4356,-4.1851,4.5418,-0.0541,-0.0314,-0.0139
-0.9984,-0.8092,8.1642,-0.0770,-0.0124,-0.0084,-6.4165,-4.0294,4.5322,-0.0592,0.0028,-0.0128
-1.1732,-0.7254,7.9775,-0.0830,-0.0269,-0.0052,-6.4236,-4.1013,4.3144,-0.0557,-0.0204,-0.0041
-1.2570,-0.7230,7.9966,-0.0822,-0.0100,-0.0031,-6.5481,-4.0438,4.3191,-0.0606,0.0029,-0.0104
-1.1516,-0.7853,8.1307,-0.0753,-0.0127,-0.0117,-6.3997,-4.0749,4.2425,-0.0518,-0.0119,-0.0057
-1.2546,-0.7542,8.0230,-0.0699,-0.0157,-0.0097,-6.3686,-4.0797,4.2186,-0.0453,-0.0101,-0.0009
-1.2689,-0.6847,7.9511,-0.0765,-0.0113,-0.0184,-6.3829,-4.0510,4.3024,-0.0542,-0.0033,-0.0080
-1.1636,-0.7350,8.0373,-0.0822,-0.0179,0.0035,-6.4428,-4.1348,4.2808,-0.0608,0.0119,-0.0057
-1.1229,-0.7781,8.0517,-0.0626,-0.0037,-0.0111,-6.5218,-4.1539,4.2689,-0.0320,0.0187,0.0061
-1.2163,-0.7590,8.0876,-0.0803,-0.0111,-0.0128,-6.3925,-4.0294,4.3790,-0.0549,-0.0200,0.0032
-1.1181,-0.8140,8.2001,-0.0865,-0.0091,-0.0063,-6.4356,-4.1300,4.3527,-0.0558,-0.0004,0.0047
-1.2570,-0.7973,8.0948,-0.0779,0.0029,-0.0128,-6.5314,-4.1061,4.3862,-0.0274,-0.0004,-0.0019
-1.2186,-0.7111,8.0158,-0.0699,-0.0212,-0.0116,-6.5841,-4.0941,4.5370,-0.0426,0.0096,-0.0052
-1.1061,-0.7590,7.9823,-0.0815,-0.0121,-0.0080,-6.3925,-4.1061,4.4460,-0.0382,0.0164,0.0000
-1.1923,-0.8188,8.0086,-0.0632,-0.0422,-0.0023,-6.5146,-4.0031,4.3958,-0.0286,-0.0145,-0.0215
-1.1492,-0.7853,7.9823,-0.0694,-0.0310,-0.0019,-6.3853,-4.1037,4.2784,-0.0518,-0.0024,-0.0008
-1.1588,-0.7470,8.0302,-0.0802,-0.0032,-0.0007,-6.5170,-4.0917,4.4101,-0.0484,0.0184,0.0040
-1.0918,-0.7614,8.0732,-0.0697,-0.0230,-0.0121,-6.4643,-4.0294,4.3574,-0.0432,-0.0076,-0.0060
-0.9840,-0.7997,8.0493,-0.0819,0.0128,-0.0103,-6.4189,-4.1372,4.3670,-0.0667,0.0350,-0.0111
-1.1013,-0.7877,7.9583,-0.0758,-0.0849,-0.0005,-6.5290,-4.1276,4.4412,-0.0532,-0.0929,0.0036
-1.0032,-0.7278,8.0158,-0.0723,-0.0004,-0.0100,-6.2752,-4.0989,4.5011,-0.0394,0.0425,-0.0073
-1.2354,-0.7757,8.0876,-0.0758,-0.0143,-0.0053,-6.4835,-4.1252,4.3574,-0.0573,-0.0592,-0.0119
-1.1492,-0.7614,7.9296,-0.0782,-0.0196,-0.0132,-6.4643,-4.0749,4.3239,-0.0580,-0.0119,-0.0012
-1.0918,-0.8356,8.0086,-0.0775,-0.0237,0.0040,-6.5003,-4.1348,4.4221,-0.0602,0.0069,-0.0044
-1.1875,-0.7302,8.0182,-0.0799,-0.0209,-0.0069,-6.4715,-4.1635,4.3479,-0.0642,0.0068,-0.0056
-1.0798,-0.8763,8.0709,-0.0809,-0.0229,-0.0129,-6.3734,-4.1013,4.2521,-0.0655,-0.0203,0.0036
-1.1923,-0.7829,8.1139,-0.0794,-0.0035,-0.0084,-6.4667,-4.1396,4.6064,-0.0540,0.0023,-0.0095
-1.0606,-0.7805,8.0780,-0.0735,-0.0079,-0.0079,-6.4236,-4.0749,4.5466,-0.0496,-0.0081,-0.0008
-1.1061,-0.7829,7.9942,-0.0739,-0.0260,-0.0009,-6.3063,-4.0893,4.2497,-0.0582,-0.0101,-0.0051
-1.2522,-0.7374,7.9871,-0.0707,0.0037,-0.0105,-6.5386,-4.1420,4.4556,-0.0376,0.0145,0.0000
-1.1803,-0.8068,8.1499,-0.0822,-0.0069,-0.0113,-6.4859,-4.2018,4.4125,-0.0494,0.0249,-0.0172
-1.1947,-0.6776,7.9775,-0.0761,0.0039,-0.0156,-6.4189,-4.1372,4.3718,-0.0425,0.0204,-0.0067
-1.2498,-0.8140,8.0517,-0.0823,0.0000,-0.0032,-6.4332,-4.1779,4.4436,-0.0441,-0.0044,-0.0007
-1.1779,-0.8068,8.0254,-0.0730,-0.0201,-0.0096,-6.5050,-4.1348,4.3287,-0.0554,-0.0101,0.0001
-1.1492,-0.8164,8.0948,-0.0803,-0.0097,-0.0081,-6.3949,-4.0917,4.3862,-0.0534,0.0100,-0.0051
-1.0894,-0.8021,7.9296,-0.0879,-0.0104,-0.0045,-6.4236,-4.1348,4.3981,-0.0436,-0.0060,0.0119
-1.1468,-0.8140,7.9727,-0.0711,-0.0051,-0.0117,-6.4476,-4.1180,4.2928,-0.0257,0.0057,-0.0007
-1.2163,-0.7590,7.9583,-0.0718,-0.0151,-0.0184,-6.4548,-4.1108,4.2497,-0.0413,0.0037,-0.0084
-1.1157,-0.7997,8.0158,-0.0777,-0.0044,-0.0049,-6.5146,-4.0965,4.3718,-0.0392,0.0258,0.0004
-1.2522,-0.6728,8.0421,-0.0803,-0.0212,-0.0039,-6.3997,-4.1707,4.3503,-0.0486,-0.0077,-0.0041
-1.1349,-0.7805,8.0302,-0.0846,-0.0181,-0.0064,-6.3877,-4.0941,4.3790,-0.0504,-0.0073,-0.0044
-1.1612,-0.8068,8.0373,-0.0725,-0.0101,-0.0153,-6.4907,-4.1659,4.4508,-0.0524,0.0064,-0.0045
-1.1779,-0.8236,7.9918,-0.0753,-0.0015,-0.0175,-6.4883,-4.2018,4.4532,-0.0521,-0.0031,0.0015
-1.1588,-0.7709,8.0014,-0.0754,-0.0125,-0.0153,-6.5098,-4.1515,4.4053,-0.0458,-0.0063,-0.0059
-1.1732,-0.8068,8.0110,-0.0769,-0.0045,-0.0135,-6.3901,-4.0749,4.3479,-0.0496,-0.0009,-0.0093
-1.0654,-0.8140,8.0349,-0.0753,-0.0105,-0.0127,-6.2991,-4.1061,4.3072,-0.0509,-0.0213,-0.0096
-1.2354,-0.7781,8.0445,-0.0761,-0.0080,-0.0075,-6.3853,-4.1372,4.3670,-0.0390,0.0037,-0.0024
-1.1875,-0.8260,8.0445,-0.0799,-0.0132,-0.0113,-6.3853,-4.0103,4.2784,-0.0346,-0.0152,0.0083
-1.1516,-0.7207,8.0158,-0.0797,-0.0204,-0.0105,-6.3949,-4.0941,4.3479,-0.0524,-0.0061,-0.0012
-1.1803,-0.7590,8.0972,-0.0747,-0.0067,-0.0113,-6.5027,-4.1779,4.3527,-0.0388,-0.0009,-0.0037
-1.1995,-0.8499,7.9847,-0.0707,-0.0123,-0.0177,-6.5050,-4.1252,4.4365,-0.0288,0.0077,0.0040
-1.1708,-0.7039,8.0996,-0.0771,-0.0096,-0.0164,-6.4763,-4.1539,4.4269,-0.0394,-0.0020,-0.0117
-1.2689,-0.7901,8.0349,-0.0709,-0.0057,-0.0037,-6.4835,-4.1037,4.3311,-0.0365,0.0264,-0.0081
-1.2498,-0.7901,8.0709,-0.0783,-0.0101,-0.0129,-6.4691,-4.1731,4.3359,-0.0414,0.0025,0.0011
-1.1516,-0.7422,8.0062,-0.0795,-0.0304,-0.0081,-6.4787,-4.1204,4.3646,-0.0497,-0.0013,-0.0005
-1.1444,-0.7494,7.9823,-0.0673,-0.0037,-0.0161,-6.4620,-4.1108,4.3694,-0.0325,0.0376,0.0061
-1.2522,-0.7661,8.0278,-0.0754,-0.0117,-0.0099,-6.4763,-4.1755,4.4245,-0.0536,-0.0071,-0.0065
-1.1372,-0.7709,7.9655,-0.0722,-0.0120,-0.0145,-6.4500,-4.0989,4.3479,-0.0373,-0.0111,0.0073
-1.1588,-0.8284,8.0685,-0.0758,-0.0083,-0.0073,-6.3566,-4.0462,4.2593,-0.0562,0.0105,-0.0091
-1.1947,-0.8188,8.0541,-0.0727,-0.0127,-0.0055,-6.3853,-4.0845,4.2593,-0.0592,-0.0177,-0.0037
-1.1253,-0.7422,8.0254,-0.0765,0.0048,-0.0108,-6.5003,-4.1037,4.4724,-0.0580,0.0211,-0.0068
-1.1444,-0.8021,8.0397,-0.0774,-0.0217,-0.0179,-6.4548,-4.1037,4.4125,-0.0414,-0.0240,-0.0007
-1.0726,-0.7901,8.0517,-0.0773,-0.0225,-0.0149,-6.4308,-4.1539,4.5729,-0.0462,-0.0153,0.0009
-1.1229,-0.7733,8.0230,-0.0807,-0.0189,-0.0052,-6.5027,-4.1061,4.4460,-0.0404,-0.0064,-0.0048
-1.2905,-0.8116,8.0325,-0.0749,-0.0001,-0.0135,-6.4811,-4.1276,4.3766,-0.0336,0.0176,0.0031
-1.2378,-0.7733,8.0445,-0.0747,-0.0196,-0.0169,-6.3853,-4.1300,4.3670,-0.0377,-0.0205,-0.0065
-1.0463,-0.7901,8.0493,-0.0809,-0.0143,-0.0123,-6.3829,-4.0893,4.4532,-0.0434,0.0165,-0.0092
-1.2330,-0.8236,8.0397,-0.0751,-0.0108,-0.0113,-6.5290,-4.0917,4.3239,-0.0429,-0.0048,-0.0040
-1.2617,-0.7949,7.9655,-0.0747,-0.0124,-0.0065,-6.4643,-4.0965,4.3503,-0.0426,0.0121,-0.0069
-1.1612,-0.7661,7.9775,-0.0718,-0.0358,-0.0116,-6.4189,-4.0534,4.5083,-0.0393,-0.0087,-0.0032
-1.1061,-0.7949,8.0661,-0.0798,-0.0073,-0.0052,-6.3973,-4.0342,4.4724,-0.0369,0.0314,0.0021
-1.2091,-0.7997,8.0086,-0.0730,-0.0244,-0.0075,-6.5146,-4.0749,4.3239,-0.0372,-0.0023,-0.0079
-1.2067,-0.7877,8.0948,-0.0758,-0.0057,-0.0128,-6.3662,-4.0797,4.4101,-0.0374,0.0035,-0.0031
-1.0774,-0.7518,8.0038,-0.0739,-0.0123,-0.0132,-6.4021,-4.0749,4.3479,-0.0449,0.0075,0.0059
-1.0846,-0.7781,7.9799,-0.0678,-0.0185,-0.0121,-6.4500,-4.0175,4.2521,-0.0328,-0.0229,0.0033
-1.3144,-0.7566,7.9966,-0.0721,0.0012,-0.0117,-6.4045,-4.0654,4.2952,-0.0389,0.0096,-0.0092
-1.2139,-0.7446,8.0756,-0.0705,-0.0123,-0.0164,-6.3782,-4.1228,4.3431,-0.0306,-0.0324,0.0021
-1.1468,-0.7326,7.9918,-0.0746,-0.0155,-0.0073,-6.4835,-4.0941,4.3120,-0.0465,0.0040,0.0032
-1.1660,-0.7590,8.0972,-0.0646,-0.0105,-0.0097,-6.5218,-4.1037,4.2593,-0.0252,0.0213,0.0116
-1.2139,-0.8308,8.0996,-0.0770,-0.0165,-0.0081,-6.4955,-4.1659,4.3072,-0.0469,0.0087,-0.0055
-1.1061,-0.7374,8.0852,-0.0781,-0.0151,-0.0175,-6.4212,-4.1276,4.3958,-0.0450,-0.0037,-0.0041
-1.1779,-0.7183,8.0661,-0.0763,-0.0049,-0.0136,-6.3398,-4.1276,4.3407,-0.0366,-0.0112,0.0013
-1.1372,-0.7925,7.9655,-0.0687,-0.0281,-0.0143,-6.4955,-4.0917,4.2737,-0.0306,-0.0053,0.0017
-1.1995,-0.6967,8.0302,-0.0799,-0.0015,-0.0151,-6.5122,-4.1899,4.4700,-0.0294,0.0109,0.0071
-1.0798,-0.7326,7.9775,-0.0667,-0.0089,-0.0131,-6.5912,-4.0821,4.4556,-0.0187,0.0084,-0.0004
-1.2067,-0.7470,7.9990,-0.0813,-0.0168,-0.0107,-6.4500,-4.1372,4.4317,-0.0429,-0.0063,-0.0079
-1.1803,-0.7997,8.0637,-0.0801,-0.0132,-0.0080,-6.4117,-4.1204,4.4580,-0.0458,0.0085,0.0101
-1.1229,-0.8260,8.0421,-0.0803,-0.0100,-0.0085,-6.4572,-4.1156,4.4053,-0.0421,0.0041,-0.0024
-1.1516,-0.7901,8.1235,-0.0763,-0.0167,-0.0104,-6.4643,-4.0941,4.3096,-0.0432,-0.0020,-0.0159
-1.1923,-0.7566,8.0756,-0.0753,-0.0159,-0.0108,-6.4141,-4.0941,4.3120,-0.0469,0.0001,0.0016
-1.1588,-0.7685,8.0948,-0.0839,-0.0119,-0.0049,-6.4763,-4.1204,4.4269,-0.0649,0.0064,-0.0025
-1.2043,-0.7997,8.0302,-0.0763,-0.0148,-0.0057,-6.3710,-4.0749,4.4460,-0.0314,-0.0101,-0.0005
-1.2402,-0.7661,7.9966,-0.0687,-0.0222,-0.0047,-6.5074,-4.0582,4.2329,-0.0465,-0.0193,-0.0047
-1.1181,-0.7087,8.0206,-0.0707,-0.0031,-0.0184,-6.3805,-4.1013,4.3311,-0.0281,-0.0088,0.0075
-1.1396,-0.8356,8.0924,-0.0738,0.0033,-0.0113,-6.5673,-4.1396,4.4029,-0.0493,0.0049,-0.0119
-1.2115,-0.8260,8.0110,-0.0717,-0.0234,-0.0097,-6.5314,-4.1396,4.3383,-0.0465,-0.0105,-0.0025
-1.1923,-0.7949,7.9655,-0.0699,-0.0060,-0.0156,-6.4811,-4.1013,4.3910,-0.0401,0.0061,-0.0043
-1.0487,-0.7350,8.0158,-0.0743,-0.0052,-0.0079,-6.3398,-4.0725,4.4077,-0.0470,-0.0035,-0.0021
-1.1540,-0.8164,7.9847,-0.0731,-0.0092,-0.0076,-6.5553,-4.1707,4.3239,-0.0397,0.0064,-0.0047
-1.3240,-0.8068,7.9487,-0.0734,0.0004,-0.0097,-6.5888,-4.1444,4.3958,-0.0333,0.0232,0.0087
-1.1588,-0.7733,8.0493,-0.0799,-0.0205,-0.0124,-6.4141,-4.1084,4.4987,-0.0421,-0.0163,0.0132
-1.2019,-0.7661,8.0325,-0.0743,-0.0037,-0.0119,-6.4284,-4.1372,4.3598,-0.0252,0.0152,0.0127
-1.1947,-0.8428,8.0589,-0.0702,-0.0145,-0.0061,-6.5050,-4.0797,4.2689,-0.0469,-0.0015,-0.0108
-1.1396,-0.7614,8.0278,-0.0786,-0.0364,-0.0033,-6.4093,-4.1468,4.4724,-0.0572,-0.0286,0.0080
-1.1372,-0.7925,7.9703,-0.0799,0.0012,-0.0095,-6.4428,-4.1084,4.4843,-0.0448,0.0137,-0.0057
-1.1803,-0.8021,7.9799,-0.0681,-0.0017,-0.0171,-6.5218,-4.1851,4.2569,-0.0288,0.0063,-0.0008
-1.1971,-0.8260,8.0709,-0.0798,-0.0372,-0.0055,-6.4141,-4.0749,4.2976,-0.0317,-0.0352,0.0028
-1.0846,-0.6919,8.0828,-0.0765,-0.0191,-0.0116,-6.3542,-4.1372,4.4293,-0.0477,0.0048,-0.0052
-1.2210,-0.7278,8.0373,-0.0657,0.0151,-0.0180,-6.3877,-4.1013,4.2425,-0.0433,0.0008,-0.0073
-1.2163,-0.8308,8.0182,-0.0755,-0.0209,-0.0037,-6.3542,-4.1132,4.3048,-0.0418,-0.0171,-0.0031
-1.1420,-0.7111,8.0972,-0.0786,-0.0250,-0.0079,-6.4189,-4.1779,4.4819,-0.0445,0.0025,-0.0037
-1.1660,-0.7829,8.1259,-0.0727,-0.0065,-0.0108,-6.5218,-4.0654,4.3622,-0.0476,0.0320,-0.0117
-1.2905,-0.8356,7.9751,-0.0755,-0.0112,-0.0111,-6.4955,-4.0941,4.3239,-0.0500,0.0063,-0.0016
-1.0151,-0.7614,8.0565,-0.0727,-0.0320,-0.0113,-6.4715,-4.1276,4.5801,-0.0493,-0.0048,-0.0035
-1.2210,-0.8308,8.0397,-0.0751,-0.0120,-0.0108,-6.4165,-4.1228,4.4221,-0.0441,0.0007,-0.0057
-1.1851,-0.7470,8.0828,-0.0699,-0.0127,-0.0140,-6.5386,-4.1324,4.3263,-0.0374,0.0083,0.0105
-1.0774,-0.8499,8.0685,-0.0814,-0.0234,-0.0107,-6.2944,-4.1132,4.4724,-0.0578,-0.0173,-0.0089
-1.1037,-0.7518,8.0062,-0.0714,-0.0052,-0.0127,-6.4883,-4.1037,4.3958,-0.0344,-0.0008,-0.0020
-1.1588,-0.7925,8.0900,-0.0809,-0.0220,-0.0095,-6.4715,-4.1013,4.3670,-0.0532,-0.0059,-0.0040
-1.1372,-0.7494,8.0086,-0.0803,-0.0193,-0.0075,-6.3638,-4.1396,4.3646,-0.0445,-0.0053,0.0015
-1.1205,-0.7805,8.0780,-0.0743,-0.0007,-0.0069,-6.4476,-4.0773,4.4221,-0.0446,0.0012,-0.0012
-1.1540,-0.7733,8.0373,-0.0754,-0.0159,-0.0056,-6.5577,-4.0390,4.3239,-0.0614,0.0001,-0.0077
-1.1923,-0.8308,8.0062,-0.0735,-0.0191,-0.0156,-6.3734,-4.1611,4.4508,-0.0312,-0.0192,-0.0013
-1.1420,-0.8236,8.0541,-0.0698,-0.0023,-0.0080,-6.6032,-4.0965,4.3958,-0.0422,0.0258,-0.0028
-1.2570,-0.7733,8.0134,-0.0735,-0.0141,-0.0111,-6.4596,-4.1348,4.2737,-0.0508,-0.0004,-0.0077
-1.1061,-0.7901,8.0780,-0.0783,-0.0189,-0.0021,-6.4332,-4.1611,4.4365,-0.0574,0.0079,-0.0104
-1.1779,-0.8045,7.9583,-0.0707,-0.0019,-0.0121,-6.5553,-4.1611,4.4843,-0.0324,0.0129,-0.0087
-1.2378,-0.7781,8.0325,-0.0734,-0.0127,-0.0108,-6.5050,-4.1204,4.3551,-0.0466,-0.0039,-0.0131
-1.1181,-0.7949,7.9918,-0.0822,-0.0173,-0.0013,-6.3758,-4.1252,4.3886,-0.0512,-0.0036,-0.0029
-1.2067,-0.8116,8.0373,-0.0769,-0.0108,-0.0076,-6.4093,-4.1396,4.3239,-0.0426,0.0119,0.0012
-1.1564,-0.7925,7.9655,-0.0706,-0.0318,-0.0043,-6.5481,-4.1228,4.4915,-0.0505,0.0009,-0.0103
-1.0846,-0.7709,8.0541,-0.0719,-0.0188,-0.0160,-6.4452,-4.1204,4.4508,-0.0410,-0.0189,-0.0033
-1.0463,-0.8116,8.0780,-0.0779,-0.0197,-0.0052,-6.4739,-4.1228,4.4412,-0.0377,0.0013,0.0064
-1.1995,-0.7590,8.0397,-0.0662,-0.0131,-0.0151,-6.4236,-4.0414,4.3000,-0.0416,0.0256,-0.0064
-1.1253,-0.8404,7.9918,-0.0743,-0.0097,-0.0121,-6.3375,-4.0797,4.3694,-0.0454,-0.0155,0.0076
-1.1708,-0.7949,7.9727,-0.0725,-0.0084,-0.0105,-6.4308,-4.1276,4.4221,-0.0421,-0.0167,0.0027
-1.2067,-0.8045,8.0349,-0.0735,-0.0211,-0.0171,-6.5098,-4.1132,4.4077,-0.0417,0.0246,-0.0092
-1.2115,-0.7757,8.0421,-0.0781,-0.0132,-0.0121,-6.3829,-4.0941,4.4556,-0.0473,0.0080,-0.0047
-1.1037,-0.7805,8.0613,-0.0746,-0.0171,-0.0051,-6.3303,-4.0869,4.2521,-0.0389,-0.0201,0.0032
-1.1708,-0.7949,8.0349,-0.0743,-0.0077,-0.0101,-6.4165,-4.0654,4.4197,-0.0396,-0.0077,0.0031
-1.2019,-0.8068,8.0493,-0.0785,-0.0164,-0.0096,-6.4093,-4.1228,4.3431,-0.0434,-0.0128,-0.0088
-1.1301,-0.7470,7.9703,-0.0775,-0.0193,-0.0073,-6.4979,-4.0941,4.4484,-0.0444,0.0041,0.0035
-1.1708,-0.8188,8.0709,-0.0806,-0.0124,-0.0099,-6.4715,-4.1635,4.4245,-0.0518,0.0196,-0.0104
-1.1516,-0.7853,8.1307,-0.0802,-0.0193,-0.0039,-6.4021,-4.1659,4.4915,-0.0364,-0.0025,0.0028
-1.2378,-0.7638,8.1068,-0.0739,-0.0167,-0.0135,-6.4811,-4.2306,4.5418,-0.0385,-0.0176,-0.0041
-1.1396,-0.8404,7.9057,-0.0869,-0.0216,-0.0084,-6.4452,-4.1444,4.5203,-0.0369,-0.0027,0.0091
-1.1229,-0.8380,7.9511,-0.0813,-0.0207,-0.0055,-6.4260,-4.1252,4.3167,-0.0432,-0.0093,-0.0051
-1.2091,-0.8021,8.0062,-0.0691,-0.0167,-0.0175,-6.5122,-4.0606,4.4221,-0.0396,0.0103,-0.0011
-1.0726,-0.7566,8.0038,-0.0781,-0.0232,-0.0104,-6.3638,-4.0462,4.4077,-0.0473,-0.0047,-0.0005
-1.2043,-0.8428,8.0828,-0.0738,-0.0071,-0.0100,-6.4763,-4.1492,4.3814,-0.0425,0.0075,-0.0017
-1.1540,-0.8236,8.0254,-0.0761,-0.0183,-0.0083,-6.4452,-4.0821,4.4101,-0.0460,0.0003,-0.0035
-1.1253,-0.7757,8.0804,-0.0766,-0.0211,-0.0039,-6.3805,-4.0414,4.4772,-0.0377,-0.0017,-0.0009
-1.1827,-0.8212,8.0661,-0.0791,-0.0116,-0.0063,-6.3949,-4.0989,4.4149,-0.0485,-0.0012,-0.0151
-1.1971,-0.7781,8.1259,-0.0723,-0.0052,-0.0132,-6.4715,-4.1252,4.3431,-0.0433,0.0081,-0.0020
-1.0319,-0.8428,8.1379,-0.0797,-0.0195,-0.0095,-6.4141,-4.1922,4.4460,-0.0472,0.0181,0.0019
-1.1277,-0.7949,8.0900,-0.0774,-0.0100,-0.0115,-6.4500,-4.0749,4.4245,-0.0530,-0.0088,-0.0115
-1.1301,-0.8116,8.0637,-0.0782,-0.0096,-0.0140,-6.4763,-4.1324,4.4891,-0.0462,0.0071,0.0004
-1.0870,-0.8045,7.9942,-0.0802,-0.0103,-0.0017,-6.4165,-4.1635,4.4484,-0.0496,0.0172,-0.0027
-1.0942,-0.7542,8.0661,-0.0725,-0.0141,0.0007,-6.4811,-4.1611,4.5490,-0.0329,0.0124,-0.0033
-1.2067,-0.7781,7.9655,-0.0717,-0.0095,-0.0131,-6.4452,-4.1180,4.3958,-0.0362,0.0061,-0.0056
-1.1588,-0.7853,7.9679,-0.0763,-0.0135,-0.0168,-6.4045,-4.1348,4.4436,-0.0382,-0.0064,-0.0048
-1.1588,-0.8212,7.9895,-0.0737,-0.0112,-0.0088,-6.3590,-4.1300,4.3886,-0.0469,-0.0051,-0.0109
-1.2091,-0.8045,8.0900,-0.0723,-0.0128,-0.0117,-6.4979,-4.1492,4.3766,-0.0437,0.0113,0.0003
-1.1660,-0.7494,8.0230,-0.0751,-0.0177,-0.0124,-6.3829,-4.1252,4.4005,-0.0386,-0.0087,0.0073
-1.1157,-0.7422,8.0565,-0.0793,-0.0077,-0.0092,-6.3327,-4.1013,4.3167,-0.0457,0.0079,-0.0128
-1.2522,-0.7901,8.0014,-0.0685,0.0003,-0.0127,-6.6200,-4.0773,4.4556,-0.0492,0.0193,-0.0025
-1.1444,-0.7566,8.1187,-0.0805,-0.0212,-0.0080,-6.4524,-4.1539,4.3862,-0.0602,0.0029,-0.0088
-1.1085,-0.9002,7.9703,-0.0771,-0.0218,-0.0115,-6.4308,-4.1324,4.3551,-0.0526,-0.0187,-0.0091
-1.1875,-0.8308,8.0828,-0.0737,-0.0023,-0.0124,-6.5027,-4.0821,4.2928,-0.0528,0.0292,-0.0112
-1.2163,-0.7566,8.1044,-0.0767,-0.0226,-0.0068,-6.3686,-4.1037,4.3551,-0.0536,-0.0156,-0.0072
-1.1827,-0.7590,7.9751,-0.0778,-0.0140,-0.0116,-6.4715,-4.1539,4.3958,-0.0430,0.0100,-0.0001
-1.1037,-0.7949,8.0278,-0.0757,-0.0111,-0.0031,-6.3470,-4.1324,4.4436,-0.0368,-0.0063,-0.0031
-1.2067,-0.7638,8.1044,-0.0771,-0.0248,-0.0139,-6.4691,-4.1444,4.3455,-0.0473,-0.0169,0.0033
-1.2163,-0.8068,8.0828,-0.0769,0.0007,-0.0099,-6.4739,-4.1372,4.3886,-0.0236,0.0297,-0.0012
-1.1875,-0.8021,7.9799,-0.0731,-0.0135,-0.0112,-6.4811,-4.1228,4.4628,-0.0374,-0.0049,-0.0057
-1.2234,-0.8571,7.9631,-0.0738,-0.0187,-0.0133,-6.4212,-4.1204,4.3766,-0.0545,-0.0200,0.0005
-1.0894,-0.7805,8.1139,-0.0783,-0.0193,-0.0053,-6.4476,-4.1492,4.3934,-0.0544,0.0057,-0.0039
-1.1372,-0.8092,8.0014,-0.0734,-0.0091,-0.0085,-6.3758,-4.1084,4.3383,-0.0461,0.0053,-0.0029
-1.2330,-0.7709,8.0230,-0.0747,-0.0133,-0.0128,-6.4284,-4.1420,4.3551,-0.0437,-0.0108,-0.0008
-1.1827,-0.8356,8.0014,-0.0761,-0.0189,-0.0091,-6.4308,-4.0606,4.3024,-0.0544,0.0049,-0.0128
-1.1085,-0.7949,8.1331,-0.0726,-0.0065,-0.0119,-6.3973,-4.1156,4.3263,-0.0409,0.0061,-0.0068
-1.1732,-0.8116,8.0613,-0.0723,-0.0176,-0.0109,-6.5050,-4.1348,4.3503,-0.0434,-0.0081,-0.0052
-1.0989,-0.7757,7.9392,-0.0775,-0.0127,-0.0061,-6.3063,-4.1204,4.3335,-0.0600,0.0123,-0.0067
-1.1037,-0.7685,8.0709,-0.0827,-0.0196,-0.0053,-6.4165,-4.1324,4.4293,-0.0446,-0.0129,-0.0033
-1.2186,-0.8284,8.0230,-0.0723,0.0040,-0.0120,-6.4524,-4.1659,4.2737,-0.0282,0.0373,0.0027
-1.0870,-0.8667,8.0541,-0.0738,-0.0244,-0.0089,-6.4739,-4.1803,4.4915,-0.0573,0.0183,-0.0103
-1.1540,-0.7781,8.1594,-0.0751,-0.0097,-0.0045,-6.5098,-4.0989,4.5394,-0.0464,0.0004,-0.0004
-1.1396,-0.7661,8.1139,-0.0714,0.0029,-0.0164,-6.5003,-4.0917,4.3646,-0.0353,0.0167,-0.0065
-1.1588,-0.7853,8.0325,-0.0798,-0.0281,-0.0063,-6.4380,-4.1228,4.4077,-0.0466,-0.0234,-0.0004
-1.1061,-0.7925,8.0206,-0.0766,-0.0081,-0.0172,-6.3782,-4.1348,4.3790,-0.0372,-0.0152,0.0012
-1.1756,-0.8475,8.0996,-0.0738,-0.0029,-0.0149,-6.6367,-4.1683,4.3958,-0.0553,0.0293,-0.0061
-1.1827,-0.8499,8.0924,-0.0731,-0.0229,-0.0124,-6.5170,-4.1851,4.5418,-0.0438,0.0083,-0.0003
-1.0391,-0.7446,7.9487,-0.0782,-0.0025,-0.0060,-6.4811,-4.1851,4.4412,-0.0546,0.0400,-0.0132
-1.1995,-0.7709,8.0325,-0.0703,-0.0123,-0.0113,-6.4811,-4.1492,4.4724,-0.0428,0.0164,-0.0072
-1.1636,-0.7685,8.0206,-0.0750,-0.0115,-0.0113,-6.5146,-4.1492,4.3215,-0.0429,0.0229,0.0023
-1.1468,-0.7254,8.1355,-0.0746,-0.0246,-0.0088,-6.4931,-4.1946,4.5418,-0.0464,-0.0025,0.0061
-1.0894,-0.8188,8.0062,-0.0751,-0.0187,-0.0076,-6.4883,-4.1420,4.4436,-0.0502,0.0216,-0.0025
-1.2402,-0.8116,8.0397,-0.0746,-0.0069,-0.0087,-6.4715,-4.1683,4.3191,-0.0394,0.0148,-0.0029
-1.1133,-0.8236,8.0110,-0.0755,-0.0232,-0.0140,-6.3422,-4.1276,4.3574,-0.0492,-0.0226,-0.0061
-1.1564,-0.7853,8.0804,-0.0742,-0.0133,-0.0143,-6.4500,-4.1515,4.4772,-0.0442,0.0091,-0.0043
-1.0463,-0.8236,8.1403,-0.0783,-0.0043,-0.0057,-6.3997,-4.1563,4.3886,-0.0410,0.0187,-0.0037
-1.1779,-0.8499,7.9799,-0.0758,-0.0185,-0.0112,-6.4835,-4.1683,4.2928,-0.0493,-0.0084,-0.0020
-1.0726,-0.7757,8.0972,-0.0770,-0.0119,-0.0111,-6.4212,-4.1420,4.5322,-0.0438,0.0073,0.0012
-1.0965,-0.8021,7.9152,-0.0762,-0.0165,-0.0075,-6.3925,-4.1420,4.5107,-0.0413,-0.0069,0.0001
-1.2019,-0.7901,8.0086,-0.0717,-0.0097,-0.0076,-6.4308,-4.1037,4.2521,-0.0358,-0.0025,-0.0033
-1.0391,-0.8188,7.9535,-0.0782,-0.0230,-0.0075,-6.5050,-4.1803,4.5418,-0.0484,0.0072,-0.0001
-1.1732,-0.7590,7.9871,-0.0741,-0.0084,-0.0121,-6.4620,-4.1348,4.4388,-0.0493,0.0196,-0.0119
-1.2665,-0.8356,8.0589,-0.0738,-0.0056,-0.0067,-6.5218,-4.1587,4.2689,-0.0528,0.0189,-0.0077
-1.1277,-0.8068,8.0852,-0.0785,-0.0226,-0.0085,-6.4548,-4.1659,4.3742,-0.0444,-0.0211,-0.0017
-1.0175,-0.8092,8.0589,-0.0751,-0.0133,-0.0095,-6.4667,-4.1515,4.4388,-0.0318,0.0007,0.0088
-1.1109,-0.8260,8.0589,-0.0743,0.0057,-0.0093,-6.3566,-4.1396,4.4269,-0.0341,0.0097,-0.0056
-1.1875,-0.8691,8.0924,-0.0814,-0.0187,-0.0113,-6.3829,-4.1037,4.2545,-0.0534,-0.0242,-0.0061
-1.0846,-0.8260,7.9942,-0.0765,-0.0238,-0.0100,-6.4284,-4.1084,4.4173,-0.0450,0.0059,-0.0117
-1.1660,-0.8356,7.9799,-0.0750,-0.0121,-0.0088,-6.3446,-4.1683,4.4484,-0.0429,-0.0155,-0.0048
-1.1971,-0.8452,8.0325,-0.0753,-0.0047,-0.0087,-6.4596,-4.1228,4.4819,-0.0458,0.0067,-0.0055
-1.2378,-0.8571,7.9990,-0.0761,-0.0004,-0.0168,-6.4835,-4.1779,4.3718,-0.0404,0.0177,-0.0029
-1.1396,-0.8260,8.0254,-0.0787,0.0001,-0.0128,-6.3351,-4.1539,4.3479,-0.0505,0.0124,-0.0120
-1.1851,-0.8763,8.0948,-0.0747,-0.0159,-0.0071,-6.4189,-4.0965,4.2306,-0.0357,-0.0028,0.0056
-1.1301,-0.7997,8.0373,-0.0793,-0.0157,-0.0024,-6.4380,-4.1276,4.2234,-0.0354,-0.0049,0.0160
-1.0965,-0.8835,8.0373,-0.0793,-0.0064,-0.0052,-6.4189,-4.2186,4.3958,-0.0504,0.0060,-0.0039
-1.1325,-0.8068,8.0134,-0.0713,-0.0113,-0.0144,-6.5362,-4.1994,4.4796,-0.0513,0.0177,-0.0033
-1.1085,-0.8380,8.0110,-0.0787,-0.0151,-0.0087,-6.5003,-4.1899,4.4748,-0.0480,-0.0068,-0.0005
-1.1444,-0.8164,7.9847,-0.0751,-0.0107,-0.0133,-6.4643,-4.2473,4.4293,-0.0528,0.0011,-0.0071
-1.1779,-0.8236,8.0110,-0.0767,-0.0015,-0.0116,-6.4452,-4.1539,4.2832,-0.0492,0.0012,-0.0060
-1.1157,-0.7829,8.1499,-0.0783,-0.0195,-0.0081,-6.3997,-4.1324,4.3527,-0.0253,-0.0133,0.0171
-1.1181,-0.8164,8.0373,-0.0770,-0.0111,-0.0063,-6.4715,-4.2306,4.5298,-0.0386,0.0184,0.0033
-1.1947,-0.8523,8.0948,-0.0769,-0.0123,-0.0095,-6.4524,-4.2090,4.4077,-0.0466,-0.0132,-0.0037
-1.1181,-0.8356,8.0397,-0.0789,-0.0132,-0.0136,-6.3542,-4.1468,4.3958,-0.0461,-0.0005,-0.0073
-1.1253,-0.8332,8.0613,-0.0729,-0.0203,-0.0127,-6.3446,-4.0869,4.3263,-0.0461,-0.0222,-0.0033
-1.0463,-0.8475,7.9464,-0.0775,-0.0185,-0.0079,-6.4667,-4.2042,4.4293,-0.0509,0.0008,-0.0040
-1.1325,-0.7997,8.0278,-0.0726,0.0069,-0.0127,-6.4212,-4.1061,4.3910,-0.0548,0.0405,-0.0157
-1.1037,-0.8595,8.0206,-0.0822,-0.0149,-0.0112,-6.3782,-4.1731,4.5274,-0.0346,0.0012,0.0008
-1.1803,-0.8380,7.9679,-0.0762,-0.0075,-0.0136,-6.4093,-4.2042,4.4724,-0.0370,-0.0065,0.0013
-1.2570,-0.8188,7.9799,-0.0699,0.0035,-0.0003,-6.3829,-4.1515,4.3335,-0.0437,0.0132,-0.0056
-1.1372,-0.8045,7.9847,-0.0755,-0.0141,-0.0164,-6.5769,-4.1803,4.4484,-0.0513,0.0274,-0.0072
-1.0798,-0.9026,8.0709,-0.0775,-0.0176,-0.0099,-6.2704,-4.1276,4.3981,-0.0581,-0.0031,-0.0213
-1.1636,-0.7829,8.0206,-0.0717,-0.0131,-0.0048,-6.4715,-4.2377,4.3215,-0.0456,0.0008,-0.0047
-1.1588,-0.8212,8.1187,-0.0738,0.0073,-0.0169,-6.4476,-4.1539,4.3455,-0.0369,0.0357,0.0049
-1.0487,-0.8452,8.0278,-0.0759,-0.0215,-0.0151,-6.3111,-4.1563,4.2976,-0.0490,-0.0191,-0.0103
-1.1540,-0.8739,8.0493,-0.0766,-0.0155,-0.0040,-6.3734,-4.1683,4.3790,-0.0516,0.0036,-0.0097
-1.1851,-0.8308,8.0254,-0.0686,-0.0179,-0.0113,-6.4596,-4.1132,4.3838,-0.0429,0.0113,-0.0107
-1.1349,-0.8643,8.0972,-0.0757,-0.0040,-0.0153,-6.4715,-4.2306,4.3120,-0.0578,0.0357,-0.0081
-1.0678,-0.8188,8.0086,-0.0753,-0.0121,-0.0132,-6.3614,-4.1204,4.3766,-0.0525,-0.0211,-0.0019
-1.1660,-0.7925,8.0397,-0.0730,-0.0085,-0.0116,-6.4452,-4.1851,4.3191,-0.0421,-0.0168,0.0012
-1.1516,-0.8404,7.9871,-0.0743,-0.0188,-0.0132,-6.4236,-4.1683,4.4604,-0.0378,-0.0111,0.0049
-1.0606,-0.8428,8.0709,-0.0793,-0.0176,-0.0091,-6.4284,-4.1444,4.3191,-0.0494,0.0119,-0.0069
-1.1947,-0.8523,8.1738,-0.0671,-0.0104,0.0025,-6.4787,-4.2114,4.2760,-0.0292,-0.0012,-0.0108
-1.1636,-0.8092,7.9942,-0.0675,-0.0245,-0.0167,-6.4739,-4.1994,4.3934,-0.0345,-0.0016,-0.0049
-1.0870,-0.8499,8.0445,-0.0773,-0.0133,-0.0100,-6.3925,-4.1755,4.4724,-0.0436,0.0069,-0.0037
-1.0630,-0.8380,7.9655,-0.0758,-0.0053,-0.0108,-6.4260,-4.2018,4.5203,-0.0421,-0.0091,-0.0025
-1.2450,-0.8835,7.9847,-0.0729,-0.0067,-0.0095,-6.4332,-4.2138,4.2928,-0.0368,0.0028,-0.0055
-1.1636,-0.8452,8.0804,-0.0729,-0.0124,-0.0171,-6.4620,-4.1779,4.4101,-0.0341,-0.0027,0.0012
-1.1325,-0.7374,8.0062,-0.0795,-0.0053,-0.0112,-6.3470,-4.1731,4.3958,-0.0409,0.0039,0.0017
-1.1588,-0.8739,8.0589,-0.0757,-0.0036,-0.0084,-6.3973,-4.1156,4.4293,-0.0384,-0.0057,-0.0060
-1.1205,-0.8356,8.0541,-0.0685,-0.0237,-0.0184,-6.4380,-4.1683,4.4173,-0.0458,0.0060,-0.0071
-1.1253,-0.8045,8.1307,-0.0745,-0.0084,-0.0135,-6.4835,-4.2329,4.4724,-0.0370,0.0225,0.0013
-1.1588,-0.8475,8.0445,-0.0801,-0.0200,-0.0051,-6.4548,-4.1611,4.4604,-0.0456,-0.0051,-0.0060
-1.1708,-0.8284,7.9607,-0.0731,-0.0067,-0.0168,-6.4883,-4.1683,4.3431,-0.0341,0.0141,-0.0064
-1.0774,-0.8643,8.1020,-0.0743,-0.0216,-0.0104,-6.4236,-4.2090,4.3670,-0.0448,-0.0041,-0.0015
-1.0870,-0.7709,8.0780,-0.0794,-0.0131,-0.0125,-6.3686,-4.1013,4.4796,-0.0389,0.0035,-0.0031
-1.1349,-0.8595,7.9320,-0.0735,-0.0045,-0.0120,-6.4380,-4.0965,4.1946,-0.0358,-0.0021,-0.0080
-1.0678,-0.8308,8.0469,-0.0749,-0.0172,-0.0155,-6.4093,-4.1348,4.3144,-0.0449,-0.0191,0.0005
-1.0965,-0.8547,8.0709,-0.0794,-0.0203,-0.0144,-6.3805,-4.1851,4.3215,-0.0424,-0.0177,0.0060
-1.1660,-0.8667,8.0948,-0.0721,-0.0004,-0.0112,-6.4165,-4.1037,4.4891,-0.0362,0.0087,-0.0028
-1.0678,-0.8092,8.0445,-0.0755,-0.0222,-0.0096,-6.4883,-4.1563,4.3862,-0.0353,-0.0165,-0.0009
-1.0319,-0.9026,7.9799,-0.0753,-0.0205,-0.0124,-6.4979,-4.2306,4.4484,-0.0482,0.0136,-0.0064
-1.1540,-0.8404,8.0373,-0.0785,-0.0241,-0.0096,-6.4835,-4.1851,4.4580,-0.0525,-0.0025,-0.0040
-1.1684,-0.8523,7.9942,-0.0719,-0.0023,-0.0124,-6.4380,-4.1204,4.3359,-0.0484,0.0289,-0.0103
-1.1708,-0.8188,8.0517,-0.0717,-0.0149,-0.0128,-6.5194,-4.1707,4.3814,-0.0466,0.0035,0.0059
-1.1492,-0.8140,8.0996,-0.0742,-0.0181,-0.0099,-6.3829,-4.2066,4.4317,-0.0417,0.0012,0.0033
-1.0271,-0.8045,8.1738,-0.0755,-0.0068,-0.0101,-6.3183,-4.1587,4.3886,-0.0473,0.0061,-0.0068
-1.2186,-0.8236,8.0110,-0.0683,-0.0121,-0.0104,-6.5338,-4.1180,4.2808,-0.0509,0.0072,-0.0061
-1.1157,-0.7470,8.0110,-0.0726,-0.0152,-0.0144,-6.4428,-4.2377,4.4484,-0.0488,0.0109,-0.0176
-1.1372,-0.8667,8.0110,-0.0717,-0.0129,-0.0105,-6.4117,-4.1396,4.3455,-0.0352,0.0103,-0.0016
-1.1636,-0.8236,7.9942,-0.0782,-0.0128,-0.0159,-6.4069,-4.1755,4.2306,-0.0473,-0.0064,-0.0016
-1.0582,-0.7973,7.9871,-0.0715,-0.0164,-0.0168,-6.4117,-4.1468,4.4388,-0.0422,-0.0127,-0.0029
-1.1516,-0.9098,8.1116,-0.0715,-0.0088,-0.0108,-6.4404,-4.1084,4.4173,-0.0397,0.0027,-0.0021
-1.1301,-0.8787,7.8937,-0.0770,-0.0019,-0.0128,-6.3662,-4.0677,4.4365,-0.0454,0.0121,-0.0104
-1.1684,-0.7973,8.0756,-0.0747,-0.0268,-0.0105,-6.3686,-4.1180,4.3670,-0.0528,-0.0242,-0.0083
-1.1708,-0.7997,8.1044,-0.0707,-0.0037,-0.0103,-6.4955,-4.1659,4.3814,-0.0446,0.0344,-0.0027
-1.1827,-0.8260,8.0852,-0.0751,-0.0244,-0.0137,-6.5984,-4.2114,4.4628,-0.0614,-0.0161,-0.0061
-1.1468,-0.8284,7.9799,-0.0754,-0.0116,-0.0081,-6.4189,-4.1084,4.3407,-0.0525,0.0274,-0.0023
-1.1660,-0.8452,8.0445,-0.0674,-0.0073,-0.0084,-6.4476,-4.1515,4.3574,-0.0489,0.0093,-0.0144
-1.0726,-0.7949,8.0421,-0.0747,-0.0041,-0.0104,-6.5003,-4.1755,4.5394,-0.0484,0.0246,-0.0037
-1.1205,-0.8595,8.1594,-0.0771,-0.0115,-0.0119,-6.4236,-4.1683,4.4125,-0.0332,-0.0059,0.0107
-1.0846,-0.7446,7.9607,-0.0803,-0.0133,-0.0123,-6.4141,-4.1587,4.3910,-0.0458,0.0045,-0.0009
-1.1636,-0.8763,8.0445,-0.0742,-0.0212,-0.0115,-6.4667,-4.1563,4.4341,-0.0396,-0.0059,0.0008
-1.1061,-0.9170,8.0110,-0.0743,-0.0224,-0.0128,-6.4452,-4.1803,4.4269,-0.0489,0.0045,-0.0035
-1.1564,-0.7949,7.8913,-0.0742,-0.0024,-0.0120,-6.4260,-4.1827,4.2952,-0.0418,0.0031,0.0025
-1.1372,-0.8116,8.1020,-0.0741,-0.0108,-0.0120,-6.5003,-4.1922,4.2952,-0.0354,-0.0031,0.0029
-1.1420,-0.8332,8.0613,-0.0761,-0.0236,-0.0125,-6.4596,-4.1803,4.3359,-0.0536,-0.0029,-0.0084
-1.0846,-0.8619,7.9871,-0.0763,-0.0164,-0.0101,-6.3925,-4.1970,4.4604,-0.0490,0.0064,-0.0047
-1.2043,-0.9098,8.0038,-0.0705,0.0001,-0.0133,-6.4212,-4.1779,4.3287,-0.0393,0.0175,-0.0045
-1.1444,-0.8428,7.9823,-0.0745,-0.0268,-0.0141,-6.5194,-4.1731,4.2569,-0.0481,-0.0356,0.0031
-1.1971,-0.8978,8.0661,-0.0835,-0.0069,-0.0073,-6.4236,-4.2521,4.3527,-0.0417,0.0282,-0.0140
-1.1492,-0.8404,7.9464,-0.0726,-0.0221,-0.0059,-6.3853,-4.1420,4.3838,-0.0392,-0.0241,0.0001
-1.1420,-0.8212,8.0637,-0.0718,-0.0080,-0.0113,-6.4787,-4.2042,4.3790,-0.0452,0.0241,-0.0155
-1.1492,-0.8260,8.0565,-0.0733,-0.0073,-0.0143,-6.3542,-4.2138,4.4700,-0.0482,0.0173,-0.0121
-1.1779,-0.8691,8.0349,-0.0733,-0.0160,-0.0073,-6.5074,-4.2353,4.3694,-0.0492,0.0071,-0.0113
-1.0965,-0.8045,8.0493,-0.0735,-0.0081,-0.0127,-6.3758,-4.1563,4.3479,-0.0358,0.0108,-0.0077
-1.0726,-0.8260,8.0302,-0.0809,-0.0215,-0.0147,-6.4117,-4.1779,4.2784,-0.0470,-0.0273,0.0012
-1.1612,-0.8212,8.0254,-0.0795,-0.0128,-0.0095,-6.4572,-4.1731,4.2928,-0.0588,0.0076,-0.0144
-1.1923,-0.7925,7.9655,-0.0693,-0.0265,-0.0087,-6.5505,-4.1994,4.3144,-0.0484,-0.0009,-0.0077
-1.1564,-0.8212,8.0565,-0.0755,0.0167,-0.0164,-6.4069,-4.1420,4.4101,-0.0314,0.0430,-0.0027
-1.1013,-0.8739,8.0469,-0.0767,-0.0176,-0.0123,-6.5074,-4.1061,4.3838,-0.0573,0.0015,-0.0085
-1.1756,-0.8188,8.0541,-0.0733,-0.0013,-0.0107,-6.4835,-4.1707,4.2904,-0.0525,0.0195,-0.0095
-1.1253,-0.8212,8.0110,-0.0751,-0.0183,-0.0105,-6.4165,-4.1875,4.4149,-0.0398,-0.0068,-0.0047
-1.1468,-0.8236,8.1427,-0.0747,-0.0144,-0.0119,-6.4404,-4.1922,4.3910,-0.0404,0.0005,0.0029
-1.1037,-0.7853,8.0613,-0.0758,-0.0067,-0.0099,-6.4165,-4.2234,4.4149,-0.0381,0.0075,0.0135
-1.1181,-0.8954,8.0756,-0.0701,-0.0196,-0.0112,-6.3518,-4.1348,4.3120,-0.0265,-0.0151,0.0021
-1.0487,-0.8499,8.0206,-0.0750,-0.0140,-0.0093,-6.4907,-4.1779,4.3287,-0.0520,0.0049,-0.0045
-1.0750,-0.8475,8.0756,-0.0789,-0.0226,-0.0085,-6.3829,-4.1563,4.2928,-0.0514,-0.0167,-0.0041
-1.1277,-0.8523,7.9799,-0.0753,-0.0027,-0.0113,-6.3805,-4.1755,4.2569,-0.0400,-0.0109,0.0001
-1.0151,-0.8715,8.0948,-0.0691,-0.0260,-0.0091,-6.4907,-4.2306,4.3646,-0.0409,-0.0161,-0.0023
-1.0582,-0.8236,7.9727,-0.0801,-0.0073,-0.0136,-6.4907,-4.1755,4.3814,-0.0348,0.0039,0.0000
-1.0199,-0.8787,7.9727,-0.0771,-0.0165,-0.0121,-6.3207,-4.1563,4.4724,-0.0377,-0.0115,-0.0040
-1.1444,-0.8499,8.0685,-0.0706,-0.0011,-0.0123,-6.5218,-4.2521,4.4388,-0.0482,0.0041,-0.0189
-1.1372,-0.7973,8.0469,-0.0714,-0.0197,-0.0127,-6.4260,-4.2306,4.4365,-0.0489,0.0169,0.0052
-1.1085,-0.8691,8.0302,-0.0801,-0.0029,-0.0085,-6.3638,-4.2162,4.5322,-0.0400,0.0137,0.0072
-1.1540,-0.8882,8.0709,-0.0801,-0.0184,-0.0079,-6.4332,-4.1994,4.4029,-0.0318,-0.0220,0.0021
-1.1540,-0.8021,8.0613,-0.0765,-0.0135,-0.0124,-6.5122,-4.1922,4.3527,-0.0489,-0.0081,-0.0045
-1.0846,-0.8188,8.0804,-0.0754,-0.0124,-0.0103,-6.3901,-4.2377,4.4796,-0.0492,0.0144,-0.0021
-1.2067,-0.8404,7.9464,-0.0695,-0.0045,-0.0101,-6.3853,-4.1875,4.3287,-0.0374,0.0156,-0.0060
-1.1037,-0.8643,8.0637,-0.0751,-0.0226,-0.0105,-6.3877,-4.1324,4.3670,-0.0444,-0.0326,0.0053
-1.1085,-0.9409,8.0613,-0.0783,-0.0003,-0.0117,-6.4117,-4.1803,4.3503,-0.0505,0.0191,0.0007
-1.1779,-0.8332,8.0493,-0.0727,-0.0205,-0.0093,-6.4715,-4.1252,4.3622,-0.0433,0.0029,-0.0117
-1.0319,-0.8619,8.0397,-0.0689,-0.0268,-0.0133,-6.4308,-4.1994,4.4149,-0.0369,-0.0120,-0.0007
-1.1253,-0.7925,8.0732,-0.0709,-0.0168,-0.0144,-6.3805,-4.1659,4.3694,-0.0366,-0.0027,-0.0079
-1.1420,-0.7853,8.0230,-0.0675,0.0089,-0.0111,-6.5027,-4.2210,4.3311,-0.0369,0.0735,-0.0100
-1.1396,-0.9266,8.0302,-0.0734,-0.0413,-0.0053,-6.3805,-4.1204,4.3311,-0.0450,-0.0564,0.0019
-1.0295,-0.7829,8.0445,-0.0746,-0.0119,-0.0064,-6.4596,-4.1875,4.4532,-0.0532,0.0172,-0.0055
-1.1229,-0.8332,8.0062,-0.0737,-0.0065,-0.0080,-6.3542,-4.1683,4.4269,-0.0396,0.0289,-0.0067
-1.2115,-0.8140,8.0780,-0.0702,-0.0024,-0.0079,-6.4572,-4.1946,4.3503,-0.0348,-0.0101,0.0045
-1.0654,-0.8691,7.9751,-0.0717,-0.0241,-0.0141,-6.3518,-4.1587,4.4293,-0.0505,-0.0157,-0.0085
-1.1636,-0.8571,8.0445,-0.0726,-0.0071,-0.0129,-6.4787,-4.1611,4.3407,-0.0432,0.0213,-0.0123
-1.0630,-0.7925,8.0158,-0.0766,-0.0127,-0.0124,-6.3853,-4.1731,4.3479,-0.0457,-0.0031,0.0031
-1.1372,-0.8882,8.0014,-0.0798,-0.0128,-0.0093,-6.3734,-4.1276,4.3239,-0.0397,-0.0072,0.0053
-1.1181,-0.8021,7.9990,-0.0715,-0.0061,-0.0113,-6.4045,-4.1539,4.3431,-0.0449,0.0052,-0.0003
-1.0965,-0.8619,8.0709,-0.0721,-0.0144,-0.0112,-6.4165,-4.1875,4.4796,-0.0466,0.0057,0.0020
-1.1013,-0.8475,7.9583,-0.0735,-0.0108,-0.0095,-6.4548,-4.1922,4.4053,-0.0368,-0.0033,-0.0096
-1.1444,-0.8164,8.1690,-0.0721,-0.0129,-0.0181,-6.4643,-4.1970,4.3096,-0.0382,0.0080,-0.0101
-1.1229,-0.8188,8.0373,-0.0693,-0.0104,-0.0177,-6.4404,-4.2569,4.4245,-0.0348,0.0045,0.0121
-1.1349,-0.7853,8.0086,-0.0815,-0.0051,-0.0087,-6.3710,-4.1731,4.4460,-0.0402,0.0160,0.0036
-1.1372,-0.8595,8.0732,-0.0770,-0.0137,-0.0072,-6.4500,-4.1994,4.3742,-0.0452,-0.0077,-0.0011
-1.1420,-0.8547,7.9559,-0.0718,-0.0144,-0.0091,-6.4356,-4.2186,4.3431,-0.0497,-0.0003,0.0037
-1.0582,-0.7733,8.0373,-0.0770,-0.0248,-0.0041,-6.4141,-4.1922,4.3144,-0.0504,-0.0104,-0.0037
-1.0894,-0.7757,8.0349,-0.0747,-0.0079,-0.0084,-6.3422,-4.1994,4.4005,-0.0472,0.0004,-0.0108
-1.1420,-0.8212,8.0972,-0.0693,-0.0257,-0.0095,-6.4524,-4.2162,4.2904,-0.0453,-0.0120,-0.0083
-1.1396,-0.8068,7.9655,-0.0751,-0.0199,-0.0096,-6.4452,-4.1539,4.5107,-0.0496,-0.0028,-0.0071
-1.0822,-0.7733,8.1570,-0.0683,0.0135,-0.0016,-6.3710,-4.1156,4.3551,-0.0528,0.0117,0.0088
-1.2330,-0.8763,8.0110,-0.0733,0.0027,-0.0116,-6.4404,-4.1563,4.3311,-0.0382,0.0300,-0.0035
-1.2163,-0.8260,8.0756,-0.0718,-0.0308,-0.0183,-6.3734,-4.0701,4.2952,-0.0406,-0.0433,-0.0133
-1.0750,-0.8835,8.0302,-0.0584,-0.0305,-0.0165,-6.4308,-4.1755,4.4293,-0.0261,0.0222,-0.0056
-1.0439,-0.6752,8.0038,-0.0722,-0.0454,-0.0266,-6.3303,-4.0725,4.5442,-0.0270,-0.0317,0.0093
-1.1708,-0.8978,8.0780,-0.0705,0.0127,-0.0229,-6.4931,-4.3359,4.4101,-0.0326,0.0557,-0.0195
-1.1875,-0.7973,7.9847,-0.0703,-0.0233,-0.0155,-6.3949,-4.2162,4.4221,-0.0362,-0.0140,-0.0067
-1.0965,-0.8045,8.0900,-0.0779,-0.0077,-0.0001,-6.4189,-4.1731,4.4604,-0.0622,-0.0004,-0.0027
-1.0989,-0.7781,7.9895,-0.0798,-0.0004,0.0029,-6.2848,-4.1635,4.3910,-0.0512,0.0265,-0.0064
-1.1636,-0.8547,8.0110,-0.0670,-0.0213,0.0012,-6.4787,-4.2401,4.4293,-0.0384,0.0080,0.0059
-1.1133,-0.7542,8.0397,-0.0705,-0.0369,-0.0116,-6.4069,-4.2162,4.4532,-0.0337,-0.0051,-0.0044
-1.1181,-0.8428,7.9942,-0.0761,-0.0103,-0.0071,-6.5290,-4.1803,4.4843,-0.0577,0.0213,-0.0039
-1.0032,-0.7997,8.0014,-0.0743,-0.0105,-0.0011,-6.3183,-4.1587,4.4245,-0.0502,-0.0073,-0.0020
-1.1372,-0.8356,8.0732,-0.0663,-0.0164,-0.0192,-6.4859,-4.1611,4.3814,-0.0292,0.0083,0.0017
-0.9888,-0.8068,8.1092,-0.0725,-0.0207,-0.0161,-6.3207,-4.1755,4.4796,-0.0408,-0.0036,-0.0011
-1.0702,-0.8212,8.0876,-0.0751,-0.0095,-0.0117,-6.3686,-4.1492,4.3886,-0.0293,0.0007,-0.0008
-1.1660,-0.8619,8.0876,-0.0657,-0.0101,-0.0136,-6.4835,-4.2162,4.5083,-0.0340,0.0388,-0.0055
-1.0774,-0.7207,8.0182,-0.0574,-0.0372,-0.0095,-6.2177,-4.1444,4.3981,-0.0422,-0.0298,-0.0103
-1.2067,-0.8954,8.0014,-0.0502,-0.0036,-0.0278,-6.4931,-4.1946,4.3622,0.0159,0.0484,-0.0113
-1.2929,-0.5459,7.8985,-0.0847,0.0297,0.0470,-6.1603,-3.9002,4.3838,-0.1116,-0.1216,0.0969
-1.2450,-0.7087,8.1882,-0.0357,0.0273,-0.1556,-6.5027,-3.7924,4.1779,0.0854,0.0484,0.1615
-0.6201,-0.9050,7.7069,-0.1418,0.0445,-0.2972,-5.9544,-4.1587,4.5945,-0.0617,0.1502,-0.0919
-0.8452,-0.1508,8.8011,0.3894,-0.1262,-0.1372,-7.2520,-4.0510,5.9783,0.1194,-0.3220,0.2014
-0.8499,-0.1628,8.9304,0.2626,-0.0041,-0.2217,-6.7876,-4.0247,5.7197,0.1731,-0.0093,0.0329
-1.3144,0.2729,8.3725,0.2547,0.1533,-0.2068,-6.8546,-3.3734,4.8626,0.3243,0.1204,0.0907
-1.2905,0.2227,7.6950,0.2619,0.1200,-0.2586,-6.3351,-3.0742,4.3120,0.3818,0.1268,0.0408
-1.2163,0.2155,7.1994,0.2224,-0.0408,-0.2787,-6.4596,-3.0957,4.5107,0.3500,-0.0893,-0.0504
-1.1564,0.1389,7.3861,0.1785,-0.0282,-0.3676,-6.1770,-3.0694,4.4245,0.3369,0.0416,-0.1588
-1.7334,0.1556,7.4867,0.0254,-0.0056,-0.3186,-6.4715,-2.9975,3.8595,0.1964,0.0927,-0.1998
-1.3791,0.1006,7.0940,-0.0128,-0.0979,-0.2393,-6.0765,-3.0598,3.8906,0.1607,0.0533,-0.1619
-0.6249,0.0072,7.4555,-0.1043,-0.2382,-0.2938,-6.4548,-3.6631,4.5442,-0.0376,0.0490,-0.3752
-1.5347,-0.1508,8.2432,-0.0955,-0.1067,-0.1629,-7.0437,-3.9025,4.8650,-0.0155,-0.0037,-0.1805
-1.2043,-0.0263,8.4132,-0.0478,-0.1234,-0.0546,-6.8738,-3.8858,4.8818,0.0544,-0.0199,-0.0883
-0.4717,0.0096,7.7859,-0.3403,0.1824,-0.1440,-5.4612,-3.5362,5.0566,-0.2409,0.1380,-0.1156
-1.3384,-0.1077,9.0525,0.1043,-0.0550,-0.0877,-6.9408,-3.9983,5.3630,0.2137,0.0584,-0.0468
-1.1325,-0.0910,7.7141,0.2743,-0.3695,-0.0726,-6.0262,-3.6440,4.5490,0.2597,-0.4425,0.0103
-0.8428,-0.1413,7.8961,-0.0382,0.0072,-0.1664,-6.0166,-3.6727,4.7692,0.0675,0.1232,-0.1243
-0.7542,-0.1532,7.4699,-0.0197,-0.0706,-0.1660,-5.8466,-3.5338,4.5418,0.0827,-0.0288,-0.1223
-0.9409,-0.1245,7.8434,-0.0778,-0.0942,-0.1760,-6.0597,-3.7302,4.7573,0.0488,0.0775,-0.1633
-0.6800,-0.1748,8.2648,-0.0838,0.0418,-0.1948,-6.2441,-3.8092,5.2194,0.0799,0.1869,-0.0930
-0.9385,-0.0263,7.9942,-0.1086,-0.0376,-0.1925,-5.9759,-3.6176,4.8028,-0.0197,0.0493,-0.1835
-1.1684,-0.0982,8.0685,-0.1647,-0.0348,-0.1863,-6.7109,-3.7924,4.8435,-0.0337,0.0931,-0.1780
-1.2617,-0.3304,8.8945,-0.1953,0.0560,-0.2104,-7.1754,-4.2904,5.0422,-0.0226,0.3818,-0.1811
-0.9697,-0.1460,7.9535,-0.0257,-0.0770,-0.1202,-6.0885,-3.6033,4.6591,0.0468,-0.2626,-0.0473
-0.6321,0.0096,7.5992,-0.1263,0.0650,-0.1843,-5.8538,-3.6057,4.8842,0.0169,0.1571,-0.1059
-1.0367,-0.1197,8.1906,-0.1463,0.0829,-0.1569,-6.5888,-3.8188,4.9464,-0.0041,0.2743,-0.0863
-1.2737,-0.0239,7.8123,-0.0466,0.0047,-0.1940,-6.6104,-3.5650,4.3958,0.0941,0.2188,-0.1283
-1.3838,-0.0551,8.0756,0.0003,-0.0445,-0.0843,-6.6224,-3.5913,4.5657,0.0357,-0.0434,-0.0470
-1.2833,-0.0455,8.3079,0.1311,-0.0448,-0.0169,-6.5577,-3.5698,4.5801,0.1003,-0.1943,0.0719
-1.3982,-0.0431,8.1044,-0.1108,0.0004,-0.0306,-6.6248,-3.6440,4.5849,-0.0470,0.1027,-0.0088
-0.7494,0.0287,7.9847,-0.0157,-0.0911,-0.0418,-5.9113,-3.5650,4.8363,-0.0268,-0.1799,-0.0045
-0.8260,-0.1269,8.1954,-0.0918,0.1713,-0.1264,-6.1172,-3.7876,5.1787,0.0308,0.3039,-0.0472
-1.1325,-0.2394,8.1523,-0.0336,0.1047,-0.1368,-6.3829,-3.8547,4.4724,0.0677,0.1050,-0.0357
-1.0654,-0.4645,7.7261,-0.1098,0.1086,-0.1482,-6.1603,-3.9193,4.4125,0.0107,0.1415,-0.0750
-1.4126,-0.6967,7.9487,-0.0779,0.1029,-0.1075,-6.6415,-4.0199,4.1420,0.0410,0.1608,-0.0131
-1.8004,-0.6297,8.4611,-0.1543,0.0337,0.0145,-7.3358,-4.2904,4.6017,-0.1210,0.2028,0.0401
-1.5826,-0.3831,7.9918,-0.1276,0.0031,0.1038,-6.8690,-3.9480,4.2952,-0.1863,-0.1636,0.1103
-1.2163,-0.4477,8.2384,-0.1030,0.1330,0.0819,-6.5434,-4.0103,4.8866,-0.1316,0.1118,0.1367
-1.2234,-0.1030,8.1092,-0.1544,0.1703,0.0486,-6.4787,-3.5410,4.6759,-0.1549,0.1327,0.0903
-1.3431,-0.0407,8.4587,-0.3054,0.2633,-0.0215,-6.7995,-3.5961,5.0063,-0.2261,0.2438,0.0426
-2.1907,-0.2035,8.5066,-0.2813,0.3317,-0.0011,-7.4460,-3.5698,4.0677,-0.2182,0.3015,0.0805
-1.7454,-0.4142,7.7476,-0.1840,0.0536,0.0727,-6.7229,-3.6152,4.0175,-0.2226,-0.2036,0.1347
-1.6831,-0.5842,7.7620,-0.0533,0.1131,0.1250,-6.5817,-3.6512,3.8666,-0.0895,0.0061,0.1860
-1.9058,-0.1006,7.4316,-0.1106,0.0141,0.1847,-6.6966,-3.2825,4.0486,-0.2088,-0.0989,0.1873
-1.6520,-0.0144,7.7883,-0.0302,0.0921,0.1576,-6.6008,-3.3543,4.4556,-0.1206,-0.0397,0.1761
-2.0686,0.2394,7.8578,0.0747,0.1579,0.1387,-6.9791,-2.9975,4.3383,-0.0404,0.1047,0.1897
-1.6855,0.1341,7.8171,-0.0177,0.1376,0.1231,-6.5601,-3.0909,4.5777,-0.1059,-0.0759,0.2069
-1.4653,0.1101,7.5944,0.0334,0.0580,0.0388,-6.1411,-3.0047,4.4580,-0.0092,-0.1311,0.1134
-1.9441,0.2155,7.2688,-0.1124,0.1623,-0.0778,-6.4955,-2.9425,4.0821,-0.0711,0.2419,-0.0045
-2.2577,0.0958,7.8195,-0.1805,0.1533,-0.1624,-6.9623,-3.0550,3.9002,-0.0203,0.3344,-0.1223
-2.1955,-0.1413,8.6526,-0.0441,0.0850,-0.1653,-7.1730,-3.4836,4.6400,0.0999,0.1432,-0.0773
-2.0590,-0.1460,7.6399,0.1641,-0.2449,-0.1188,-6.9623,-3.2944,4.0414,0.1715,-0.4501,-0.0284
-2.3798,-0.1652,7.7979,-0.1520,0.2218,-0.2029,-7.3454,-3.2944,3.9409,0.0265,0.4591,-0.0858
-2.3727,-0.2179,8.0302,-0.0172,0.1841,-0.2284,-7.1898,-3.2848,4.2473,0.1495,0.2473,-0.0640
-2.6073,0.1149,7.2903,0.0289,-0.0723,-0.1211,-7.5896,-3.0526,4.0414,0.0648,-0.0039,-0.0020
-2.3942,0.0455,8.0302,-0.0875,0.3826,-0.3295,-7.0054,-3.1125,4.4245,0.1069,0.6706,-0.1431
-2.4924,-0.3280,7.8314,0.0424,0.2538,-0.3980,-7.1563,-3.1029,3.7637,0.2691,0.0481,-0.0404
-2.5594,-0.0383,7.1587,-0.0711,-0.0025,-0.3776,-6.7708,-2.7533,3.4812,0.0719,-0.1667,-0.2136
-3.1699,0.1796,7.0150,0.0456,-0.0870,-0.3825,-7.6686,-2.7438,3.5602,0.2148,-0.1828,-0.2443
-2.6480,-0.2801,7.7931,-0.2916,0.0881,-0.4258,-7.7931,-3.6057,4.4891,0.1019,0.5490,-0.3028
-3.2010,-0.4405,7.1970,-0.1018,0.1454,-0.3631,-7.5010,-3.1244,2.6193,0.1271,0.2096,-0.2313
-3.2082,-0.9433,7.9080,-0.1592,0.1171,-0.2852,-8.0517,-3.8379,3.6009,0.0045,0.3958,-0.2220
-3.6033,-0.5914,7.2233,0.0027,-0.0514,-0.1615,-7.7907,-3.0981,2.5690,0.1111,-0.0939,-0.0883
-3.1747,-0.5770,7.9080,-0.0504,-0.0674,-0.0039,-7.5968,-3.2944,3.0885,-0.0180,-0.0687,-0.0372
-2.9928,-0.2586,7.6184,-0.0373,-0.2677,0.0328,-7.4939,-3.0598,3.5434,-0.0345,-0.3493,0.0007
-2.9425,0.0838,7.5489,0.1099,-0.3214,-0.0071,-7.6543,-2.9664,3.8211,0.0933,-0.2982,-0.0344
-2.5929,0.1173,7.4101,-0.1139,-0.1768,-0.0594,-7.4747,-3.0909,4.4460,-0.0145,-0.0234,-0.0946
-2.4756,0.2418,7.8506,0.0240,-0.3247,-0.1091,-7.2736,-2.9401,4.2952,0.0437,-0.2974,-0.1675
-2.2170,-0.0120,7.3933,-0.1083,-0.0669,-0.2522,-6.8426,-3.0646,3.8930,0.0289,0.0666,-0.2619
-2.5307,-0.3687,8.0637,0.0169,0.0320,-0.2615,-7.4508,-3.4931,4.2641,0.1929,0.1062,-0.1410
-2.9329,-0.4621,7.8697,-0.0180,0.0979,-0.2230,-7.7285,-3.5482,3.6919,0.1492,0.2970,-0.1279
-2.9640,-0.4669,7.8697,-0.0682,0.0762,-0.1949,-7.6399,-3.3902,3.2489,0.0417,0.1009,-0.0998
-2.7749,-0.6632,7.5585,-0.0811,0.0044,-0.0979,-7.4651,-3.5051,3.3782,-0.0104,-0.0883,-0.0493
-2.7749,-0.4669,7.8554,0.0302,-0.0017,-0.0528,-7.3215,-3.3662,3.4381,0.0461,0.0406,0.0011
-2.8012,-0.5602,7.6567,-0.1166,0.0637,-0.0594,-7.3358,-3.4572,3.5865,-0.0489,0.2196,-0.0478
-2.7557,-0.5148,7.3287,-0.1386,-0.0445,-0.0059,-7.2664,-3.3591,3.4213,-0.1452,-0.1772,-0.0373
-2.8730,-0.5219,7.3119,-0.1496,0.0372,-0.0095,-7.4124,-3.4572,3.3184,-0.0894,0.0693,-0.0120
-3.1244,-0.6704,7.4747,-0.2763,0.0649,0.0493,-7.8602,-3.5291,3.3782,-0.2406,0.1745,0.0108
-2.8635,-0.5004,7.2233,-0.1752,-0.0711,0.0921,-7.2544,-3.2370,3.2154,-0.1691,-0.1183,0.0412
-2.9616,-0.4597,7.2664,-0.2024,0.1139,0.0561,-7.3789,-3.1364,2.9209,-0.1745,0.1868,0.0073
-3.1939,-0.9194,7.0868,-0.3489,0.1533,0.0380,-7.4747,-3.4213,2.5762,-0.3199,0.1952,-0.0297
-3.6200,-1.0894,7.1132,-0.3781,0.0757,0.1719,-7.8290,-3.5769,2.0925,-0.4084,0.0995,0.0047
-3.1460,-1.2234,7.4915,-0.2326,-0.2120,0.2662,-7.7883,-3.9097,2.9305,-0.2903,-0.2852,0.0526
-3.1173,-1.0151,7.6327,-0.3287,-0.2177,0.3332,-7.6160,-3.7565,2.8060,-0.4770,-0.2142,0.0337
-2.6456,-0.9218,7.9918,-0.2581,-0.2172,0.3790,-7.3981,-3.8283,3.5626,-0.4161,-0.3090,0.1054
-2.5211,-0.7829,7.9320,-0.2782,-0.1524,0.3419,-7.3574,-3.8523,3.8475,-0.4672,-0.2204,0.0915
-2.7174,-0.4621,8.7771,0.0175,0.0341,0.3730,-7.1611,-3.6966,3.1556,-0.2830,-0.1588,0.0458
-2.5666,-0.8906,7.8147,-0.2178,-0.0663,0.3107,-7.2425,-3.9911,3.7781,-0.2966,-0.1152,0.1764
-2.4924,-0.7949,7.9871,-0.1250,0.0036,0.2372,-7.1946,-3.7852,3.7062,-0.2602,-0.1147,0.1224
-2.5714,-0.6704,8.0756,-0.1821,0.0353,0.2615,-7.4627,-3.8978,3.8355,-0.2847,0.0033,0.1467
-2.7246,-0.9744,7.3071,-0.2304,0.0795,0.2101,-7.0749,-3.6176,2.7438,-0.3170,0.0894,0.1078
-2.6312,-0.8499,7.9009,0.0604,-0.0994,0.2257,-7.3574,-3.8140,3.3782,-0.0950,-0.3725,0.1688
-2.6312,-0.5507,8.2696,-0.0125,0.0401,0.2385,-7.4795,-3.7948,3.9025,-0.1033,0.0245,0.2364
-2.7821,-0.5124,7.7189,0.0682,-0.1163,0.2228,-7.6614,-3.5338,3.4620,-0.0613,-0.3083,0.2102
-2.5355,-0.5962,7.8673,0.1083,0.0410,0.2169,-7.4029,-3.6248,3.7637,-0.0268,-0.1073,0.2531
-2.5426,-0.5674,7.5417,0.0537,0.0373,0.2048,-7.3215,-3.6751,3.6775,-0.0799,-0.0755,0.2598
-2.5762,-0.1748,7.6878,0.0187,0.0899,0.1376,-7.1754,-3.3255,3.7996,-0.0103,0.1291,0.1739
-2.3559,-0.3855,7.7045,0.0093,0.0017,0.1063,-7.0916,-3.4285,3.8690,-0.0679,-0.1478,0.1231
-2.1644,-0.4142,7.7524,0.0091,-0.0244,0.0601,-6.8953,-3.4309,4.0199,-0.0298,-0.1029,0.0769
-2.2170,-0.3879,7.5346,-0.0270,-0.0580,-0.0125,-6.7900,-3.3088,3.8786,-0.0257,-0.0514,-0.0143
-2.4517,-0.2921,7.7141,-0.1350,-0.0120,-0.0842,-7.2808,-3.3902,3.8595,-0.0410,0.1096,-0.0697
-2.4684,-0.2658,7.9272,0.1158,-0.1239,-0.0336,-7.2784,-3.5362,3.9624,0.1171,-0.2020,-0.0017
-2.3727,-0.3448,7.9871,0.0521,-0.0721,-0.0508,-7.1970,-3.5769,3.9361,0.1112,-0.0215,0.0254
-2.1380,-0.2035,7.6974,0.1555,-0.1092,-0.0433,-6.8546,-3.3615,3.9744,0.1487,-0.2124,0.0350
-2.2769,-0.1939,8.0924,-0.0081,0.0015,-0.0749,-7.1706,-3.5219,4.0151,0.0841,0.1483,-0.0063
-2.5139,-0.0072,8.0924,0.3043,-0.2010,-0.0474,-7.2640,-3.1580,4.0342,0.3002,-0.2738,0.0501
-1.9872,-0.0168,6.6152,0.2705,-0.1560,-0.1483,-6.1004,-2.7821,3.6368,0.3019,-0.3304,-0.0105
-2.8539,0.0982,7.8530,-0.0177,0.2991,-0.2613,-7.9104,-3.1340,4.2114,0.2234,0.7376,-0.0393
-3.1580,0.2849,7.9104,0.1282,0.0169,-0.1725,-7.8913,-2.8084,3.6990,0.2030,-0.0513,-0.0208
-2.6959,0.1844,7.5274,0.1081,-0.0064,-0.0729,-7.1922,-2.7916,3.6512,0.1336,-0.1147,0.0409
-2.9497,0.1365,7.9368,0.0961,-0.0075,-0.1003,-7.7931,-3.1795,3.9792,0.1969,0.1572,0.0171
-1.9249,0.0694,7.4555,0.2999,-0.1398,-0.0273,-6.5625,-2.9497,4.2186,0.2769,-0.3892,0.1463
-2.5642,0.4788,7.0294,0.1330,0.0057,-0.1671,-6.8259,-2.4636,3.4788,0.2164,0.2734,-0.0557
-2.1787,0.2514,7.4675,-0.0308,-0.0413,-0.2081,-6.7325,-2.8683,4.2713,0.0685,-0.1191,-0.1191
-2.6288,0.2442,7.7524,-0.1264,-0.0420,-0.2445,-7.6926,-3.0837,3.9193,0.0954,0.2967,-0.1917
-2.3774,0.0910,7.4627,-0.0230,-0.0264,-0.2054,-6.9791,-2.9975,4.1420,0.1027,-0.0560,-0.1187
-2.3272,0.2251,7.5753,-0.0931,-0.0558,-0.1825,-7.0054,-2.8395,3.8571,0.0032,0.0333,-0.1581
-2.6217,0.3591,7.2903,-0.1426,-0.0425,-0.1994,-7.1180,-2.6935,3.4836,-0.0212,0.1783,-0.2324
-2.4157,0.0838,7.5537,-0.1092,-0.0540,-0.1262,-6.8594,-2.9999,4.1994,-0.0434,-0.1092,-0.1202
-2.7366,0.0096,8.0062,-0.1627,-0.0641,-0.1853,-7.7069,-3.1939,4.0127,-0.0019,0.1860,-0.1736
-2.7438,-0.0120,7.2616,-0.0802,0.0208,-0.1563,-7.0797,-2.9928,3.6176,0.0256,0.0187,-0.1154
-2.8683,-0.0742,8.2361,-0.1780,0.0943,-0.1376,-7.8889,-3.3471,3.9217,-0.0464,0.2523,-0.1009
-2.5905,-0.1700,7.8482,-0.0943,-0.1323,-0.0821,-7.5441,-3.3926,4.2425,-0.0163,-0.1656,-0.0616
-2.6576,-0.1556,7.6734,-0.0482,0.0067,-0.0284,-7.4723,-3.4812,3.8786,-0.0358,0.1088,0.0025
-2.7102,-0.0742,7.9320,-0.0067,0.0309,-0.0449,-7.4316,-3.1556,3.6751,0.0474,0.0686,-0.0037
-2.6719,-0.2538,7.9368,-0.0534,-0.0282,0.0645,-7.5705,-3.3686,3.9289,-0.0706,-0.1825,0.1058
-2.6240,-0.0168,7.3885,0.0128,-0.0610,0.0774,-7.2137,-3.0382,3.7733,-0.0340,-0.0588,0.0883
-2.4972,-0.0670,7.7620,-0.1419,0.0289,0.0119,-7.0461,-3.1220,3.8092,-0.0380,0.1608,0.0145
-2.2075,-0.3567,7.5848,-0.0978,-0.0401,0.0473,-6.9264,-3.3423,3.9097,-0.1430,-0.2538,0.0517
-2.3966,-0.2634,7.7165,-0.1612,0.0173,0.0310,-7.2281,-3.4141,3.8690,-0.1569,0.1695,0.0125
-2.5977,-0.0335,7.2760,-0.1170,0.0119,0.0252,-7.1036,-3.0167,3.4405,-0.1062,0.0152,-0.0017
-2.2529,-0.3735,8.0110,-0.2368,0.0193,0.0882,-7.2736,-3.5913,4.0558,-0.2409,0.0322,0.0269
-2.1763,-0.3136,7.8171,0.1228,-0.0917,0.1912,-7.2616,-3.6727,4.4053,0.0678,-0.2559,0.2490
-2.8587,0.2634,6.6702,0.0449,-0.0450,0.2202,-7.0078,-2.5762,3.1580,-0.1082,-0.0957,0.1907
-2.8132,0.4908,7.7452,0.0601,-0.0053,0.2020,-7.6088,-2.8994,4.1132,-0.0702,0.0212,0.1663
-2.7222,0.5387,8.2528,0.0809,-0.0220,0.2753,-7.3981,-2.6719,4.1611,-0.1332,-0.2912,0.2198
-2.4038,0.4477,8.1642,0.0374,-0.0826,0.2550,-7.4843,-2.8778,4.6998,-0.1407,-0.3479,0.1569
-2.3056,0.7542,7.1802,0.0714,0.0344,0.1300,-7.0653,-2.5546,4.7094,0.0132,-0.1700,0.2430
-2.2458,0.9409,7.3789,-0.0073,0.1240,0.0862,-6.7995,-2.2290,4.2329,-0.0945,0.1653,0.1511
-2.1404,0.9840,7.8290,-0.0993,-0.0187,0.0822,-6.5673,-2.2218,4.7070,-0.1632,-0.1390,0.0791
-2.5714,1.3072,7.6447,-0.3262,0.0498,0.0554,-7.2257,-2.0997,4.2928,-0.2654,0.1340,-0.0181
-2.1859,1.1181,7.7213,-0.0192,-0.1486,-0.0274,-7.0485,-2.4086,4.8004,0.0314,-0.1139,-0.0365
-2.0446,0.8930,8.0110,-0.1232,0.0346,-0.1529,-6.8785,-2.5738,4.9943,0.0398,0.1394,-0.1400
-2.1931,0.7207,7.6974,-0.0400,-0.0994,-0.1001,-6.8857,-2.6384,4.4772,0.0035,-0.2392,-0.0897
-2.8060,0.8787,8.0924,-0.0476,0.0133,-0.0650,-7.8099,-2.7031,4.5490,0.0564,0.1251,0.0047
-2.2146,0.7278,7.8745,-0.0183,-0.0184,-0.1112,-7.1491,-2.6767,4.4819,0.0667,0.0962,-0.0778
-2.4349,0.8308,7.3454,-0.0621,-0.0645,-0.0829,-6.8402,-2.3703,4.2689,0.0413,-0.1920,-0.0119
-2.8730,0.9026,7.7428,-0.1360,-0.0200,-0.1671,-7.4939,-2.3080,3.9049,-0.0088,0.2110,-0.1499
-2.9712,0.9912,7.4340,-0.1727,-0.0116,-0.1151,-7.1395,-2.1021,3.9720,-0.0330,0.0440,-0.0855
-3.1053,1.0104,7.4723,-0.1512,-0.0013,-0.1158,-7.7045,-2.1955,4.1683,-0.0169,0.1037,-0.1010
-2.5402,0.9290,7.3670,-0.0715,-0.1132,-0.1100,-7.1635,-2.3152,4.5945,0.0687,-0.0814,-0.0634
-2.5235,1.0558,7.4771,-0.0733,-0.1479,-0.1597,-7.0940,-2.1261,4.2042,0.0063,-0.0945,-0.1600
-2.6576,0.8140,7.5465,-0.1009,-0.0348,-0.2138,-7.1826,-2.4110,4.2808,0.0506,0.1689,-0.2057
-3.0526,0.6129,7.1060,-0.0975,-0.0994,-0.1843,-7.6327,-2.4828,3.6224,0.0356,-0.0229,-0.1536
-3.6823,0.3735,7.3454,-0.1573,-0.0203,-0.0975,-8.4108,-2.6073,3.0981,-0.0687,0.1475,-0.1231
-3.7110,0.0527,7.6710,-0.1723,-0.0003,0.0326,-8.2361,-2.7438,3.2322,-0.1564,0.1256,-0.0437
-3.4716,0.1341,7.5441,-0.1599,-0.1184,0.1729,-7.9272,-2.8180,3.4979,-0.2094,-0.1176,0.0632
-3.0909,0.2658,7.4531,-0.2595,-0.1440,0.2342,-7.5681,-2.8252,3.6847,-0.3248,-0.1777,0.0453
-2.6240,0.2274,7.5298,-0.3026,-0.1247,0.2506,-7.2137,-2.9257,3.9935,-0.3671,-0.1464,0.0454
-2.6073,0.0646,7.4603,-0.4606,-0.2064,0.3018,-7.6567,-3.2944,4.1324,-0.5554,-0.1957,0.0328
-2.6169,0.0000,7.7907,-0.2510,-0.1279,0.3643,-7.2999,-3.2896,3.8642,-0.4618,-0.1206,0.0763
-2.2673,-0.1077,8.2217,-0.3168,-0.1234,0.4374,-7.5537,-3.6296,4.4891,-0.4892,-0.1021,0.1607
-2.1644,-0.1101,8.1139,-0.2252,-0.0773,0.4526,-7.1491,-3.5937,4.0749,-0.4517,-0.2577,0.2202
-1.3144,-0.2251,7.3526,-0.2000,-0.3083,0.4407,-5.9664,-3.4405,4.3144,-0.4282,-0.5253,0.1348
-1.4988,-0.2418,8.0732,-0.3240,-0.1480,0.4106,-6.2130,-3.7876,4.6950,-0.4539,-0.1631,0.1087
-1.6448,-0.3256,8.1163,-0.2892,-0.2238,0.4069,-6.9695,-3.9672,4.4317,-0.4345,-0.2020,0.1126
-1.4533,-0.4070,8.0014,-0.0444,-0.3345,0.5080,-6.5003,-3.9792,4.5729,-0.2414,-0.4699,0.2766
-0.8068,-0.4597,8.7221,-0.3127,-0.3746,0.4345,-5.8203,-3.9768,5.1068,-0.2593,-0.2721,0.3842
-0.5195,-0.2610,7.8362,-0.1836,-0.2599,0.3329,-5.3439,-3.5434,4.7405,-0.2340,-0.3948,0.0825
0.5722,-0.0048,9.3996,0.0043,-0.6479,0.2610,-7.6016,-4.8626,8.9423,-0.1727,-0.5276,0.0167
-0.9601,-0.2083,6.2680,0.0108,0.3565,0.0361,-4.8100,-3.1747,3.6895,0.0037,0.7024,-0.0211
-1.2881,-0.5411,9.5457,-1.0527,-0.3170,0.6286,-9.2129,-5.1571,6.8953,-0.9473,-0.1327,-0.5856
-1.5874,-0.8787,7.9248,-0.2438,0.0261,0.2758,-5.7078,-3.7445,3.9816,-0.1175,-0.0841,-0.2597
-0.9577,-0.6871,7.9200,-0.0739,0.0087,0.0513,-6.1004,-4.1492,4.4149,-0.0314,-0.2356,-0.1448
-1.0750,-0.6967,8.0493,-0.0797,0.0248,0.0268,-6.3470,-4.1659,4.3694,-0.0513,0.0557,-0.0468
-0.9385,-0.9337,8.1020,-0.0979,-0.0392,0.0309,-6.4955,-4.3934,4.8818,-0.1063,0.0266,-0.1371
-0.9385,-0.9002,8.1858,-0.1120,-0.0478,0.0570,-5.7126,-4.2090,4.5825,-0.1563,-0.1271,-0.2529
-1.0942,-0.7997,7.9320,-0.0814,0.0125,0.0059,-6.0358,-4.3167,4.5322,-0.0690,0.0268,-0.0412
-1.1444,-0.8045,7.9320,-0.0847,-0.0119,-0.0039,-6.2656,-4.3335,4.4867,-0.0421,0.0727,-0.0270
-1.1684,-0.8164,7.9942,-0.0822,0.0133,-0.0032,-6.1220,-4.4365,4.4724,-0.0282,0.1019,0.0095
-1.0104,-0.8475,7.9392,-0.2659,-0.2121,0.1188,-6.2034,-4.4987,4.5681,-0.0909,0.0811,0.1440
-1.3384,-0.9361,8.1475,-0.1371,-0.0569,0.0333,-6.2968,-4.3072,4.5586,-0.0244,0.0939,0.0464
-0.9768,-0.9697,7.8769,-0.1242,-0.0769,0.0211,-6.2608,-4.1994,4.4556,-0.0638,-0.0933,0.0107
-0.7638,-0.9481,8.2217,-0.0761,-0.1021,-0.0165,-6.2680,-4.3598,4.6400,-0.0103,-0.0969,0.0107
-0.9816,-0.9649,8.0517,-0.0657,0.0109,-0.0088,-6.3159,-4.2641,4.5418,-0.0252,0.0526,0.0111
-0.8763,-0.9337,8.0254,-0.0633,-0.0140,-0.0266,-6.1483,-4.2018,4.3239,-0.0281,-0.1099,0.0337
-0.8428,-0.9816,8.0278,-0.0432,-0.0200,-0.0175,-6.4643,-4.4508,5.0015,0.0662,-0.0446,0.0617
-0.8308,-0.9337,8.2049,-0.0260,-0.0148,-0.0357,-6.0549,-4.2162,4.7788,0.1580,-0.0393,0.2822
-1.0271,-0.9481,8.1475,0.0017,0.0474,-0.1078,-6.6319,-4.2042,4.5945,0.0242,0.0722,0.2073
-0.9122,-0.8428,8.1163,0.0974,-0.0585,-0.2530,-5.9520,-3.8188,4.4293,0.0242,-0.1636,0.0719
-0.6943,-0.6823,8.1451,0.0361,-0.0691,-0.2208,-6.1603,-3.7757,4.5538,0.0113,-0.0785,0.0294
-0.9840,-0.7518,7.9751,0.0693,0.0561,-0.2002,-6.2034,-3.8283,4.7405,0.0085,0.0946,-0.0017
-1.0247,-0.7829,8.3414,-0.0655,-0.0192,-0.1186,-6.2441,-3.8164,4.7764,-0.0518,-0.0422,0.0036
-0.9697,-0.7254,8.1618,-0.0229,0.0256,-0.0625,-6.5242,-3.9624,4.8147,-0.0305,0.0853,0.0506
-1.0846,-0.6608,7.9583,-0.0899,0.0282,-0.0124,-6.0310,-3.7421,4.7094,-0.0783,-0.0199,-0.0085
-0.9960,-0.6943,8.0924,-0.0508,-0.0015,0.0121,-6.3087,-3.8475,4.4556,-0.0420,-0.0378,-0.0076
-0.9816,-0.6680,8.1882,-0.0550,-0.0053,0.0625,-6.2201,-3.8427,4.5538,-0.0113,0.0581,0.0125
-0.7446,-0.6393,7.9248,-0.0422,-0.0306,0.0550,-6.3710,-3.7948,4.6040,-0.0674,-0.0695,-0.0055
-0.9960,-0.7183,7.9440,0.0727,0.0052,-0.0923,-6.4356,-3.6847,4.3742,0.0079,-0.0129,0.0428
-0.9242,-0.4573,8.0182,-0.0001,-0.0129,-0.0671,-6.2584,-3.7230,4.7884,0.0128,-0.0189,0.0293
-0.9960,-0.5555,7.8530,-0.0570,-0.0045,-0.0260,-6.3063,-3.6368,4.4101,-0.0465,-0.0005,-0.0173
-0.9242,-0.6536,8.2121,-0.0862,0.0004,-0.0140,-6.7157,-3.9816,5.0015,-0.0032,0.1307,0.0613
-0.8811,-0.5267,7.9200,-0.0514,-0.0353,-0.0087,-6.8211,-3.8858,4.9297,0.0925,0.0735,0.0965
-0.9409,-0.4764,7.8314,0.0071,-0.0079,-0.1316,-6.6367,-3.5674,4.4652,0.0533,0.1042,0.1142
-0.9337,-0.5555,8.3414,0.0881,-0.1208,-0.0873,-6.8809,-3.7996,4.8626,0.1765,0.0233,0.1171
-1.0534,-0.5962,9.4140,0.3998,-0.3886,-0.2606,-6.8283,-3.5051,4.6160,0.4979,-0.5435,0.2052
-0.5986,0.0024,7.8985,0.3289,-0.3748,-0.1208,-6.0908,-2.7677,4.5945,0.3585,-0.3909,0.3122
-0.5411,0.1317,8.4443,0.1984,-0.1102,-0.1573,-5.2265,-2.3607,4.9177,0.3405,-0.1034,0.2313
-0.2610,0.2346,7.8099,0.1110,-0.0838,-0.0350,-5.9951,-2.5546,5.1475,-0.0100,-0.1684,0.0393
-0.4190,0.3448,7.9631,0.0384,-0.0051,-0.0394,-6.2800,-2.6169,5.2529,0.0402,-0.0217,0.0175
-0.3687,0.1963,8.6838,0.1003,-0.0569,-0.0232,-6.3255,-2.6839,5.4205,0.0969,-0.0203,0.0973
-0.3208,0.3567,8.1139,0.1612,-0.1291,-0.0077,-5.8682,-2.6384,5.9807,0.1896,-0.1813,0.0803
-0.2011,0.5076,8.0493,0.1476,-0.0394,-0.0829,-5.9352,-2.3439,5.2888,0.1575,-0.0256,-0.0064
-0.4357,0.7135,7.8769,-0.0222,-0.0314,-0.0060,-4.8291,-1.1133,2.5307,0.0882,-0.2409,-0.2140
-0.1963,0.5363,8.5377,-0.0410,-0.0541,-0.0213,-5.4492,-2.5139,6.2225,-0.4241,-2.8807,0.6479
-0.1987,0.6991,8.2121,0.0132,0.0694,-0.0137,-5.4229,-2.5139,6.4739,-0.4021,-0.1454,0.0777
-0.2227,0.6009,8.1187,-0.0470,-0.0667,-0.0258,-6.1890,-2.4828,6.5625,-0.0663,-0.4271,-0.0485
-0.4525,0.7063,7.9511,-0.1112,-0.0845,-0.0240,-5.8514,-2.4804,6.0454,-0.4843,-0.0410,0.3648
-0.0168,0.5626,7.7500,-0.1976,-0.0939,-0.0163,-5.5665,-2.4110,5.2457,-0.3946,0.8047,0.5132
-0.7015,0.3304,8.6263,-0.3122,0.0657,-0.0420,-6.1651,-2.4995,5.6527,-0.1188,0.4008,0.9751
-0.4980,0.5171,7.8362,-0.0989,-0.0107,-0.0262,-5.9687,-2.2290,5.5833,-0.0141,0.0357,0.7225
-0.3543,0.3711,8.0828,-0.2435,0.0484,-0.0199,-6.1220,-1.7597,5.3774,0.0144,0.1123,0.4871
-0.4669,0.3663,8.1283,-0.2673,0.1296,-0.0478,-6.1699,-1.7095,5.3654,-0.0433,0.0204,0.2635
-0.4070,0.2538,7.7213,-0.2706,0.0810,-0.0839,-6.6343,-1.4940,5.5809,-0.1144,-0.1772,0.0682
-0.7087,0.0144,8.4874,-0.2999,0.1740,-0.0566,-6.5673,-1.6233,5.8706,-0.1356,-0.2755,0.0536
-0.5052,-0.0982,8.4013,-0.1591,0.0596,-0.0125,-6.5194,-1.2929,5.9256,-0.1661,-0.5220,0.0401
-0.4334,-0.0599,8.0445,-0.0381,-0.0354,0.0192,-5.9975,-1.7645,6.2872,-0.0961,-0.3300,-0.1507
-0.4836,0.0359,8.0876,-0.0678,0.0879,-0.0181,-5.5019,-1.6065,5.7964,-0.1912,-0.8661,-0.4255
-0.7278,-0.0886,8.4156,-0.1492,0.0745,-0.0398,-5.4420,-2.3439,6.7708,0.0446,-0.4550,-0.1475
-1.0678,0.1532,7.9320,0.1300,-0.1274,-0.0373,-5.7557,-1.6783,6.6152,0.1619,-0.3039,0.1316
-0.6225,-0.0694,7.7692,0.0541,-0.1648,-0.0437,-4.9464,-1.9393,6.0262,-0.0140,-0.1645,-0.0116
-0.7542,-0.0694,8.8442,-0.0707,0.0337,-0.0348,-6.0334,-2.0183,6.9576,-0.0376,0.3331,0.0933
-0.4573,0.0670,7.9320,-0.0033,-0.3046,0.0266,-5.0350,-1.7358,6.1866,-0.0729,0.0883,-0.1659
-0.5267,0.1604,7.8793,-0.1302,0.0005,-0.0596,-5.1404,-1.8364,6.3111,-0.1541,0.1653,-0.1436
-0.0670,0.1413,7.8697,-0.2529,0.0589,-0.0112,-5.3798,-2.0710,6.6319,-0.1579,-0.0191,-0.0524
-1.0606,-0.1772,8.5162,-0.2662,0.1869,-0.1046,-5.9568,-2.2505,7.0102,-0.0815,0.7757,-0.6087
-0.8667,-0.1269,7.9080,-0.1539,-0.0193,-0.0405,-5.5641,-2.4636,6.1220,0.0226,0.1711,-0.5420
-0.6991,-0.2346,8.1930,-0.1692,0.1164,-0.0658,-5.4636,-2.5594,5.9137,0.2431,-0.0496,-0.8968
-0.9074,-0.2394,8.0493,-0.0105,0.0069,-0.0125,-4.9775,-2.1452,5.5402,0.5792,0.8827,-1.0167
-0.7422,-0.1748,8.2384,-0.1621,0.0585,-0.0392,-6.2560,-2.8108,5.9592,0.0314,0.2766,0.0204
-0.9098,-0.2418,8.1523,-0.1111,-0.0349,-0.0131,-6.2704,-2.8108,5.4803,-0.0083,-0.0600,-0.0031
-0.6776,-0.2873,8.2744,0.0080,-0.0326,0.0012,-6.0621,-2.7054,5.1667,0.0201,-0.0286,-0.0340
-0.8116,-0.2634,8.2121,-0.0273,-0.0019,-0.0061,-5.7437,-2.5474,5.0781,0.0717,0.0229,0.0504
-0.6991,-0.1844,8.0804,-0.0320,-0.0710,0.0341,-5.9759,-2.6887,5.5713,-0.1549,-0.2078,0.0334
-0.4022,-0.2035,8.2480,-0.1049,0.0195,-0.0276,-5.9855,-2.7366,5.7317,-0.1208,0.1003,0.1226
-0.7542,-0.1963,8.1499,-0.0436,-0.0801,0.0250,-6.3494,-2.8252,5.4875,-0.1108,0.1262,0.0015
-0.9457,-0.1748,8.3007,-0.0508,0.0120,-0.0466,-6.2369,-2.7222,5.6814,-0.0208,0.1912,0.0701
-0.7039,-0.1053,7.8362,-0.0687,-0.0514,-0.0104,-5.8993,-2.7461,5.6192,-0.0598,-0.1692,0.0556
-0.6823,-0.1484,8.0349,-0.0726,0.0096,-0.0127,-6.1316,-2.7246,5.4157,-0.0488,0.0663,-0.0068
-0.7685,-0.2274,8.2073,-0.0562,-0.0060,-0.0128,-6.1004,-2.7366,5.2313,-0.0386,0.0421,0.0903
-0.8045,-0.1820,8.0900,-0.0625,-0.0024,-0.0213,-5.9376,-2.7031,5.5282,-0.0781,-0.0226,0.0073
-0.6153,-0.0790,8.0230,-0.0497,-0.0043,-0.0328,-6.1076,-2.7054,5.5210,-0.0568,-0.0113,0.0250
-0.9601,-0.1269,8.1044,0.0099,0.0195,-0.0521,-6.2153,-2.7174,5.5905,-0.0420,0.0586,0.0137
-0.6728,-0.2346,8.2600,-0.0213,0.0089,-0.0681,-6.0071,-2.6336,5.4612,-0.0433,-0.0205,0.0707
-0.8284,-0.0766,7.9799,-0.0011,0.0072,-0.0324,-6.2321,-2.6791,5.3893,-0.0436,0.0179,0.0560
-0.8404,-0.0934,8.4851,-0.0041,0.0047,-0.0165,-5.8203,-2.5690,5.4588,-0.0480,-0.0163,0.0179
-0.6512,-0.0096,8.0062,-0.0063,-0.0028,-0.0306,-6.0310,-2.6432,5.6910,-0.0337,-0.0548,0.0400
-0.7063,0.0622,7.9871,-0.0561,-0.0057,0.0111,-6.3303,-2.6959,5.6647,-0.0020,0.0397,0.0436
-0.7757,0.0958,8.0756,-0.0703,-0.0064,0.0207,-6.0358,-2.5331,5.4708,-0.0572,-0.0532,-0.0032
-0.9098,-0.0790,8.1523,-0.0870,0.0143,0.0332,-6.2944,-2.6552,5.4899,-0.0360,0.0416,0.0076
-0.6847,-0.0239,8.1307,-0.1528,-0.0257,0.0232,-6.0334,-2.6001,5.4396,-0.0777,0.0000,-0.0318
-0.9337,0.0479,8.0852,-0.1304,0.0408,-0.0124,-6.0334,-2.6001,5.4516,-0.0874,0.0116,-0.0783
-0.9529,-0.0383,7.9009,-0.2717,0.0132,0.0622,-6.0669,-2.7031,5.4636,-0.1055,0.0224,-0.1463
-0.9625,-0.0934,7.9655,-0.1367,0.0874,0.0087,-6.2728,-2.8443,5.3702,-0.0879,0.0588,-0.0762
-0.9912,-0.2083,8.1451,-0.1966,0.0111,0.0550,-5.9951,-2.7845,5.2194,-0.1370,-0.0207,-0.1502
-0.8763,-0.2729,8.0828,-0.1617,0.0052,0.0486,-6.1842,-3.0957,5.4588,-0.1187,0.0895,-0.2182
-0.8787,-0.3615,8.1570,-0.0901,-0.0361,0.0462,-6.1938,-2.9808,5.0996,-0.0518,-0.0297,-0.0460
-0.7829,-0.2945,8.1283,-0.1625,-0.0261,0.0525,-5.8083,-2.9329,5.1978,-0.1071,0.0152,-0.1841
-0.8188,-0.3448,7.9248,-0.1116,-0.0205,0.0630,-6.3111,-3.1891,5.1427,-0.0197,0.0538,-0.1144
-0.9577,-0.3136,7.9033,-0.1966,-0.0091,0.1070,-5.9616,-3.1651,5.1260,-0.1331,0.0019,-0.1955
-1.0582,-0.5435,8.2456,-0.1689,0.0767,0.0250,-6.4356,-3.5913,5.4708,-0.1933,0.1059,-0.2864
-0.9649,-0.4070,7.9344,-0.1611,-0.0344,0.0390,-5.8921,-3.4405,5.2816,-0.1203,-0.1154,-0.1380
-0.8380,-0.4884,8.0661,-0.1100,0.0278,0.0077,-6.0525,-3.5099,5.2026,-0.0885,0.1384,-0.1147
-0.8978,-0.5052,8.1020,-0.1314,-0.0148,0.0149,-5.8514,-3.5482,5.2529,-0.1170,0.0096,-0.0865
-1.0965,-0.5698,8.2073,-0.0702,0.0157,0.0071,-6.1818,-3.7302,5.2385,-0.0457,0.0790,-0.0462
-0.8236,-0.4956,8.0158,-0.0867,-0.0632,0.0148,-5.9137,-3.6655,5.2912,-0.0723,-0.0831,-0.0484
-0.9361,-0.4980,8.0014,-0.0775,0.0177,0.0013,-5.8993,-3.6847,5.1380,-0.0598,0.1111,-0.0508
-0.7183,-0.5914,8.1618,-0.0819,-0.0226,0.0059,-5.9951,-3.6966,5.4755,-0.0925,0.0241,-0.0779
-0.7781,-0.5483,8.2121,-0.0682,-0.0320,-0.0187,-5.7772,-3.6248,4.9871,-0.0705,-0.0305,-0.0256
-0.7566,-0.5387,8.1499,-0.0866,-0.0217,-0.0128,-5.8227,-3.7661,5.2960,-0.0882,-0.0044,-0.0562
-1.0127,-0.6129,8.0230,-0.0693,0.0119,-0.0149,-5.9065,-3.7134,5.2026,-0.0645,0.0254,-0.0172
-0.8140,-0.6081,8.2001,-0.0783,0.0025,-0.0120,-6.0382,-3.8355,5.5091,-0.0486,0.0385,-0.0171
-0.9912,-0.5171,7.9487,-0.0854,-0.0196,0.0008,-6.1076,-3.7637,5.1595,-0.0405,0.0037,-0.0036
-0.9505,-0.5746,8.0828,-0.0718,-0.0344,0.0033,-5.9903,-3.7110,5.1260,-0.0184,-0.0648,0.0225
-0.9768,-0.5052,8.0325,-0.0706,-0.0037,0.0047,-5.9783,-3.7685,5.1188,-0.0472,0.0312,-0.0217
-0.9720,-0.5435,8.1020,-0.0713,-0.0115,-0.0410,-5.9855,-3.8283,5.2505,-0.0540,-0.0330,-0.0516
-0.7614,-0.4788,8.0972,-0.0830,-0.0193,-0.0052,-5.9424,-3.8188,5.4300,-0.0649,0.0480,-0.0357
-0.9194,-0.5698,8.1379,-0.0593,-0.0188,-0.0236,-6.1507,-3.9265,5.6623,-0.0342,0.0185,0.0013
-0.6560,-0.5267,7.8985,-0.0909,-0.0425,0.0027,-5.7988,-3.7302,5.2074,-0.0718,-0.0117,-0.0085
-0.8571,-0.6297,8.0948,-0.0875,-0.0064,0.0025,-5.8395,-3.7110,5.1523,-0.0810,0.0342,-0.0216
-0.6847,-0.5674,8.2384,-0.0921,0.0025,-0.0264,-5.8131,-3.8642,5.4516,-0.0714,0.0541,-0.0377
-0.7494,-0.5243,8.0924,-0.0819,-0.0218,-0.0129,-5.8969,-3.8786,5.5234,-0.0410,-0.0056,-0.0027
-0.7590,-0.5650,8.1666,-0.0931,-0.0137,-0.0060,-5.7365,-3.7972,5.3726,-0.0794,0.0145,-0.0245
-0.6656,-0.6201,7.9272,-0.0981,-0.0384,0.0091,-5.7868,-3.7972,5.1763,-0.0775,-0.0012,-0.0213
-0.9266,-0.5986,8.0756,-0.0598,-0.0116,0.0089,-5.6743,-3.7230,5.0230,-0.0505,-0.0285,0.0035
-0.9098,-0.5339,8.1187,-0.0706,0.0020,-0.0088,-5.8395,-3.7757,4.9799,-0.0522,0.0211,-0.0129
-0.9218,-0.5363,8.0325,-0.0616,-0.0187,-0.0011,-6.0166,-3.8307,5.1140,-0.0444,-0.0112,-0.0125
-0.8523,-0.5578,8.1618,-0.0707,-0.0112,-0.0105,-5.9568,-3.8618,5.0398,-0.0099,0.0208,0.0068
-0.8954,-0.6105,8.1786,-0.0773,-0.0224,-0.0035,-5.8826,-3.8642,5.2289,-0.0161,-0.0029,0.0136
-1.0080,-0.5794,8.0086,-0.0694,-0.0107,0.0005,-5.9951,-3.8379,5.3534,-0.0326,0.0183,-0.0015
-0.8691,-0.5028,8.2265,-0.0705,-0.0147,-0.0157,-5.9807,-3.8307,5.2098,0.0065,-0.0024,0.0261
-0.9002,-0.5411,8.0924,-0.0833,-0.0084,-0.0077,-5.8083,-3.8092,5.1404,-0.0553,-0.0115,-0.0136
-0.8428,-0.5028,8.0996,-0.0701,-0.0257,0.0117,-5.9424,-3.8499,5.2026,-0.0256,0.0096,0.0023
-0.8499,-0.6249,8.0325,-0.0775,-0.0144,-0.0139,-5.8155,-3.8379,5.2122,-0.0397,-0.0001,-0.0021
-0.8404,-0.5794,8.1139,-0.0737,-0.0059,-0.0132,-5.8538,-3.8642,5.2840,-0.0244,-0.0011,0.0064
-0.8068,-0.6201,8.1810,-0.0761,-0.0180,-0.0252,-5.7916,-3.7828,5.3175,-0.0480,-0.0261,-0.0152
-0.7925,-0.5866,8.1355,-0.0774,-0.0133,-0.0252,-6.0094,-3.9121,5.4468,-0.0075,0.0265,0.0101
-0.8523,-0.5602,8.1403,-0.0794,-0.0240,-0.0145,-5.9017,-3.8020,5.3295,-0.0496,-0.0037,-0.0111
-0.9218,-0.5578,8.1259,-0.0683,-0.0125,-0.0067,-6.0262,-3.7924,5.2002,-0.0484,0.0153,-0.0088
-0.8547,-0.5267,8.0565,-0.0843,-0.0192,0.0036,-5.8730,-3.7996,4.9895,-0.0452,0.0060,0.0065
-0.9529,-0.5219,8.1283,-0.0694,-0.0128,0.0023,-5.8490,-3.8451,5.2505,-0.0597,-0.0192,-0.0016
-1.0127,-0.6273,8.0014,-0.0837,0.0053,-0.0518,-5.9951,-3.8307,5.3678,0.0169,0.0250,0.0233
-0.8715,-0.5746,8.1235,-0.0839,-0.0023,0.0035,-5.8778,-3.7517,5.1715,-0.0590,-0.0021,-0.0029
-1.0798,-0.5411,8.0373,-0.1184,-0.0169,0.0240,-5.9041,-3.8475,5.2194,-0.0420,0.0172,-0.0087
-0.9481,-0.5578,8.0445,-0.0558,-0.0249,-0.0167,-5.9903,-3.8427,5.2385,0.0330,0.0218,0.0264
-0.7949,-0.5818,8.1331,-0.0853,-0.0003,-0.0028,-5.8897,-3.7900,5.1140,-0.0626,0.0175,-0.0109
-0.8930,-0.5986,8.1044,-0.0742,-0.0103,-0.0304,-5.9975,-3.9337,5.4803,-0.0129,-0.0304,0.0085
-0.8835,-0.6273,8.0828,-0.0741,-0.0053,-0.0256,-5.8634,-3.8618,5.2385,-0.0410,0.0104,-0.0101
-0.8452,-0.5267,8.0756,-0.0783,-0.0167,0.0001,-6.0358,-3.8738,5.2696,-0.0417,0.0221,-0.0063
-0.7230,-0.5770,8.2696,-0.0849,-0.0270,-0.0207,-5.8826,-3.8882,5.4396,-0.0461,0.0222,-0.0169
-0.9218,-0.5052,8.0302,-0.0967,-0.0112,-0.0047,-5.8873,-3.8259,5.2529,-0.0468,0.0037,0.0037
-0.9290,-0.6153,8.1714,-0.0730,0.0015,-0.0048,-6.0142,-3.8427,5.1595,-0.0534,0.0262,-0.0147
-0.7781,-0.6081,8.0254,-0.0683,-0.0218,-0.0019,-5.8873,-3.7852,5.0398,-0.0574,0.0097,-0.0107
-0.7853,-0.6057,8.1163,-0.0765,-0.0292,-0.0199,-5.8945,-3.8858,5.4420,-0.0513,-0.0265,-0.0068
-0.8595,-0.6297,8.0541,-0.0825,0.0019,-0.0216,-5.8778,-3.8331,5.3726,-0.0192,0.0409,0.0025
-0.9649,-0.5124,8.0541,-0.0592,-0.0144,-0.0135,-5.9065,-3.8475,4.9416,-0.0083,0.0205,0.0121
-0.8380,-0.6345,8.0158,-0.0667,-0.0131,-0.0149,-5.9448,-3.8044,5.2696,-0.0452,0.0236,-0.0120
-0.9194,-0.5602,8.1690,-0.0757,-0.0107,-0.0087,-5.8490,-3.9025,5.1834,-0.0252,0.0256,0.0099
-0.8571,-0.5602,8.0948,-0.0629,-0.0115,-0.0159,-5.8012,-3.8355,5.1834,-0.0564,-0.0108,-0.0111
-0.8691,-0.5698,7.9679,-0.0791,0.0044,-0.0191,-5.9807,-3.8810,5.2361,-0.0396,0.0264,-0.0107
-0.9050,-0.5483,8.1355,-0.0600,-0.0111,-0.0127,-5.9855,-3.8810,5.3079,-0.0296,0.0181,-0.0041
-0.9026,-0.5387,8.1068,-0.0673,-0.0004,-0.0171,-5.9807,-3.8451,5.2888,-0.0312,0.0382,-0.0059
-0.9505,-0.5650,8.0876,-0.0810,-0.0129,0.0012,-5.8586,-3.8188,5.1667,-0.0378,0.0061,-0.0011
-0.8763,-0.5842,8.1116,-0.0749,-0.0209,-0.0077,-5.8371,-3.7493,5.1356,-0.0554,-0.0346,-0.0040
-0.7781,-0.6033,8.0373,-0.0810,-0.0221,-0.0067,-5.8155,-3.8020,5.2816,-0.0548,-0.0088,-0.0044
-0.8978,-0.5387,8.0182,-0.0761,-0.0056,-0.0205,-5.8371,-3.8259,5.2409,-0.0337,0.0222,-0.0101
-0.9409,-0.5986,8.0541,-0.0608,-0.0135,-0.0077,-5.8706,-3.7062,5.0159,-0.0382,0.0159,-0.0069
-0.8835,-0.5531,8.0900,-0.0826,-0.0075,-0.0069,-5.8562,-3.7972,5.1164,-0.0529,0.0203,-0.0045
-0.8643,-0.6201,8.0493,-0.0654,-0.0163,-0.0012,-5.8083,-3.7086,5.0182,-0.0477,-0.0201,0.0053
-0.8499,-0.6584,8.2361,-0.0797,-0.0023,-0.0261,-5.8059,-3.8403,5.0996,-0.0189,0.0179,0.0047
-0.9026,-0.6009,8.0445,-0.0686,-0.0289,-0.0004,-5.8395,-3.8164,5.1380,-0.0430,-0.0266,0.0000
-0.9481,-0.6345,8.1618,-0.0666,0.0068,-0.0313,-5.9879,-3.8116,5.2241,-0.0402,0.0188,-0.0117
-0.8116,-0.5818,8.0972,-0.0875,-0.0249,-0.0068,-5.8634,-3.8523,5.3343,-0.0350,0.0023,0.0001
-0.9266,-0.5794,8.0780,-0.0669,-0.0208,-0.0117,-5.9256,-3.8020,5.1882,-0.0466,-0.0027,-0.0115
-0.8140,-0.5578,8.1738,-0.0719,-0.0084,-0.0245,-5.7868,-3.8403,5.0996,-0.0440,0.0220,-0.0083
-0.8380,-0.5746,8.2073,-0.0494,-0.0218,-0.0177,-5.9472,-3.8307,5.2792,-0.0354,-0.0073,-0.0061
-0.8715,-0.5722,8.1475,-0.0368,-0.0069,-0.0437,-5.7916,-3.8355,5.2768,-0.0284,0.0041,-0.0100
-0.9194,-0.5219,8.0134,-0.0691,-0.0265,-0.0097,-5.7868,-3.7589,5.1978,-0.0409,-0.0264,0.0061
-0.8643,-0.5746,8.1211,-0.0819,-0.0009,-0.0128,-5.8562,-3.7613,5.1499,-0.0465,0.0373,-0.0059
-0.8212,-0.5722,8.0541,-0.0742,-0.0155,-0.0047,-5.9400,-3.8427,5.2241,-0.0509,0.0087,-0.0075
-0.9050,-0.6345,7.9392,-0.0697,0.0020,-0.0203,-5.9017,-3.8116,5.1882,-0.0442,0.0080,-0.0043
-0.7422,-0.5459,8.1499,-0.0898,-0.0221,0.0065,-5.8873,-3.7948,5.1930,-0.0461,0.0059,0.0088
-0.8428,-0.6369,8.0206,-0.0746,-0.0242,-0.0031,-5.8849,-3.8451,5.1882,-0.0585,-0.0341,-0.0095
-0.8691,-0.5267,8.1259,-0.0612,-0.0057,-0.0100,-5.9017,-3.8164,5.2696,-0.0155,0.0309,0.0117
-0.8212,-0.5435,8.0972,-0.0682,-0.0304,0.0051,-5.7365,-3.8020,5.1643,-0.0506,-0.0045,-0.0025
-0.9050,-0.5842,8.1163,-0.0697,-0.0083,-0.0109,-5.9280,-3.7469,5.1858,-0.0500,0.0039,-0.0121
-0.9242,-0.5411,8.0589,-0.0761,-0.0059,-0.0040,-5.9376,-3.8259,5.3199,-0.0113,0.0245,0.0155
-0.7901,-0.5698,8.2576,-0.0793,-0.0013,-0.0336,-5.8107,-3.8547,5.3822,-0.0370,0.0063,-0.0218
-0.8404,-0.4932,8.1044,-0.0677,-0.0197,-0.0230,-5.9807,-3.8523,5.4708,0.0116,0.0179,0.0131
-0.9218,-0.5962,8.2863,-0.0621,-0.0340,0.0009,-6.0765,-3.8355,5.2194,-0.0388,0.0036,-0.0072
-0.9146,-0.5626,8.0828,-0.0719,-0.0196,0.0008,-5.8754,-3.7685,5.1212,-0.0576,-0.0329,0.0091
-0.8475,-0.5315,8.1403,-0.0597,0.0112,-0.0179,-5.8131,-3.7996,5.1763,-0.0228,0.0272,0.0104
-0.8954,-0.5650,7.9583,-0.0823,0.0061,0.0048,-5.8035,-3.7565,4.9512,-0.0663,-0.0063,0.0040
-0.8906,-0.6033,8.0302,-0.0751,-0.0183,-0.0035,-5.7724,-3.7924,5.0733,-0.0502,-0.0115,0.0020
-0.9481,-0.5243,8.0182,-0.0721,-0.0111,0.0052,-5.8873,-3.7397,5.0949,-0.0626,0.0059,-0.0049
-0.9098,-0.6153,8.0182,-0.0731,-0.0195,-0.0027,-5.8083,-3.7900,5.0829,-0.0624,-0.0211,-0.0073
-0.7590,-0.5842,8.0948,-0.0893,-0.0159,-0.0119,-5.7628,-3.8547,5.2912,-0.0649,0.0175,-0.0120
-0.9337,-0.5531,8.0804,-0.0679,-0.0211,-0.0036,-5.9664,-3.7828,5.1404,-0.0312,0.0143,-0.0115
-0.8691,-0.5555,8.0014,-0.0569,-0.0300,-0.0149,-5.9041,-3.7828,5.0374,-0.0184,-0.0252,0.0179
-0.9170,-0.5195,8.0589,-0.0719,0.0147,-0.0087,-5.8083,-3.7493,4.9895,-0.0549,0.0245,0.0061
-0.7757,-0.5866,8.1259,-0.0746,-0.0125,-0.0148,-5.8323,-3.7733,5.1834,-0.0560,0.0013,-0.0101
-0.8691,-0.5890,8.1954,-0.0783,-0.0075,-0.0224,-5.8921,-3.8738,5.2888,-0.0236,0.0045,-0.0119
-0.9649,-0.5483,8.0972,-0.0689,-0.0215,-0.0068,-5.7916,-3.7350,5.0805,-0.0245,0.0171,-0.0063
-0.9577,-0.5842,8.2432,-0.0743,-0.0024,-0.0381,-5.9209,-3.9049,5.3463,-0.0080,0.0160,-0.0093
-0.8404,-0.5531,8.1187,-0.0813,-0.0141,0.0004,-5.8682,-3.7733,5.2194,-0.0518,0.0153,-0.0116
-0.9050,-0.5938,8.1187,-0.0749,-0.0288,-0.0077,-5.7509,-3.7637,5.1763,-0.0646,-0.0743,0.0073
-0.9625,-0.5722,7.9727,-0.0867,0.0192,-0.0254,-5.8419,-3.8690,5.2625,-0.0353,0.0204,-0.0027
-0.8787,-0.5866,8.0062,-0.0644,-0.0356,-0.0059,-5.8921,-3.7781,5.1308,-0.0362,-0.0121,0.0012
-0.8308,-0.4980,8.1259,-0.0733,0.0059,-0.0135,-5.9400,-3.7493,5.0206,-0.0492,0.0394,0.0012
-0.7183,-0.5722,8.0182,-0.0762,-0.0342,0.0023,-5.8323,-3.7302,5.1308,-0.0629,-0.0197,0.0037
-0.9050,-0.5746,8.1499,-0.0770,-0.0119,-0.0091,-5.8897,-3.8164,5.1523,-0.0332,-0.0041,0.0032
-0.7685,-0.5555,8.0565,-0.0807,-0.0123,-0.0073,-5.8658,-3.7804,5.2816,-0.0518,0.0021,-0.0024
-0.7614,-0.5794,8.0828,-0.0775,-0.0252,-0.0105,-5.8658,-3.7900,5.0446,-0.0338,0.0004,0.0016
-0.9170,-0.5578,8.2241,-0.0658,-0.0148,-0.0067,-5.9280,-3.8068,5.2912,-0.0365,0.0230,-0.0061
-0.8212,-0.5195,8.1331,-0.0857,-0.0187,-0.0032,-5.7964,-3.7733,5.3127,-0.0577,0.0085,-0.0081
-0.8930,-0.5794,8.1211,-0.0667,-0.0036,-0.0244,-5.7916,-3.8547,5.2409,-0.0460,-0.0429,-0.0164
-0.8619,-0.5028,7.9559,-0.0714,-0.0097,-0.0008,-5.9687,-3.8164,5.2696,-0.0532,0.0103,0.0023
-0.8978,-0.6393,8.1547,-0.0659,-0.0055,-0.0208,-5.8275,-3.8427,5.2648,-0.0177,0.0262,0.0092
-0.8308,-0.5698,8.0445,-0.0798,-0.0020,-0.0043,-5.8347,-3.7541,5.1236,-0.0490,0.0369,-0.0143
-0.8619,-0.5171,8.0182,-0.0714,-0.0125,-0.0152,-5.8035,-3.7733,5.1308,-0.0593,-0.0180,-0.0029
-0.7829,-0.6488,8.1738,-0.0811,-0.0117,-0.0076,-5.8083,-3.7302,5.1188,-0.0513,0.0092,-0.0031
-0.8715,-0.5363,8.0278,-0.0791,-0.0201,0.0047,-5.8682,-3.8403,5.3127,-0.0548,-0.0083,0.0009
-1.0319,-0.6249,8.0780,-0.0598,-0.0171,-0.0156,-5.9855,-3.8666,5.0925,-0.0302,0.0123,-0.0156
-0.8068,-0.6033,8.0709,-0.0849,0.0033,-0.0196,-5.8131,-3.8858,5.3941,-0.0305,0.0365,-0.0023
-0.9074,-0.5722,8.1331,-0.0682,-0.0133,-0.0156,-5.9304,-3.7972,5.0925,-0.0249,0.0129,0.0003
-0.7949,-0.5722,8.0469,-0.0702,-0.0181,-0.0104,-5.8490,-3.8738,5.2768,-0.0397,-0.0097,0.0025
-0.9098,-0.5914,8.1499,-0.0665,-0.0060,-0.0289,-5.8442,-3.8211,5.1930,-0.0340,-0.0143,-0.0021
-0.8188,-0.5722,8.1187,-0.0855,-0.0242,-0.0124,-5.8012,-3.7421,5.2433,-0.0414,0.0036,-0.0012
-0.8356,-0.5914,8.1331,-0.0657,-0.0121,-0.0236,-5.7389,-3.6990,5.1715,-0.0388,0.0000,-0.0084
-0.8571,-0.5531,8.0780,-0.0714,-0.0147,-0.0143,-5.8778,-3.7661,5.2170,-0.0461,-0.0056,-0.0004
-0.8595,-0.5555,8.1235,-0.0717,-0.0188,0.0003,-5.8610,-3.7757,5.1715,-0.0480,-0.0123,0.0009
-0.8236,-0.5555,8.1187,-0.0699,-0.0092,-0.0168,-5.7604,-3.7613,5.2433,-0.0512,0.0117,-0.0133
-0.8571,-0.5459,7.9679,-0.0794,-0.0209,-0.0040,-5.8826,-3.8355,5.2289,-0.0373,0.0152,0.0008
-0.8715,-0.5818,8.0685,-0.0652,-0.0234,-0.0145,-5.9233,-3.7924,5.2002,-0.0368,0.0000,-0.0003
-0.8116,-0.5435,8.0852,-0.0814,-0.0143,-0.0148,-5.8251,-3.7804,5.2337,-0.0332,0.0075,0.0023
-0.8715,-0.4980,7.9655,-0.0703,-0.0149,-0.0092,-5.9161,-3.7469,5.1499,-0.0458,-0.0069,0.0035
-0.8619,-0.5411,8.1738,-0.0705,-0.0183,-0.0135,-5.9592,-3.8092,5.2385,-0.0474,0.0254,-0.0119
-0.9026,-0.5411,8.1379,-0.0802,-0.0133,-0.0137,-5.8179,-3.8092,5.0996,-0.0481,-0.0028,-0.0028
-0.7566,-0.5291,8.2193,-0.0883,-0.0213,-0.0100,-5.8323,-3.8283,5.3343,-0.0478,0.0549,-0.0097
-0.7398,-0.6225,8.0565,-0.0690,-0.0225,-0.0265,-5.8802,-3.7948,5.3965,-0.0328,-0.0180,-0.0028
-0.8475,-0.5555,8.1762,-0.0873,-0.0063,-0.0040,-5.7628,-3.7589,5.1404,-0.0484,-0.0053,0.0037
-0.8356,-0.5531,8.1116,-0.0705,-0.0181,-0.0121,-5.9185,-3.8092,5.1882,-0.0477,-0.0183,-0.0008
-0.9098,-0.5770,8.0972,-0.0846,-0.0073,-0.0043,-5.8179,-3.7900,5.2840,-0.0436,0.0015,-0.0067
-0.7709,-0.5626,8.1259,-0.0779,-0.0124,-0.0084,-5.8442,-3.7709,5.1619,-0.0429,0.0389,-0.0043
-0.7422,-0.4621,8.0421,-0.0729,-0.0237,-0.0111,-5.8155,-3.8714,5.2433,-0.0388,-0.0056,-0.0043
-0.8116,-0.5674,8.1523,-0.0793,-0.0168,-0.0087,-5.7964,-3.7373,5.1092,-0.0489,-0.0253,0.0048
-0.8068,-0.6297,8.2361,-0.0746,0.0008,-0.0320,-5.8921,-3.8403,5.1667,-0.0512,0.0151,-0.0083
-0.8188,-0.5794,8.1906,-0.0726,-0.0181,-0.0165,-5.8538,-3.8978,5.2720,-0.0454,-0.0224,-0.0081
-0.7781,-0.5674,8.0996,-0.0815,-0.0071,-0.0128,-5.7892,-3.7828,5.1092,-0.0352,-0.0008,-0.0037
-0.8356,-0.5698,8.1331,-0.0655,-0.0133,-0.0121,-5.7964,-3.7613,5.0877,-0.0380,-0.0091,-0.0011
-0.7901,-0.5411,8.0182,-0.0750,-0.0084,-0.0007,-5.8490,-3.7709,5.1882,-0.0464,-0.0015,0.0071
-0.8691,-0.5267,8.1666,-0.0585,-0.0226,-0.0230,-5.8634,-3.8020,5.2816,-0.0388,-0.0326,-0.0156
-0.9194,-0.5818,8.0062,-0.0841,-0.0036,0.0031,-5.8179,-3.7589,5.0422,-0.0636,0.0121,-0.0095
-0.9744,-0.5698,8.0589,-0.0514,-0.0051,-0.0077,-5.8969,-3.7733,5.1380,-0.0183,0.0218,0.0043
-0.7829,-0.6345,8.1092,-0.0879,-0.0071,-0.0075,-5.7772,-3.8427,5.2577,-0.0477,0.0037,0.0021
-0.7254,-0.5770,8.1139,-0.0835,-0.0253,-0.0124,-5.8035,-3.7278,5.1523,-0.0549,0.0144,-0.0049
-0.9242,-0.5531,8.0373,-0.0484,-0.0071,-0.0270,-5.8299,-3.7134,5.3223,-0.0181,-0.0012,-0.0061
-0.9146,-0.5435,7.9871,-0.0723,-0.0024,-0.0088,-5.9616,-3.7972,5.2864,-0.0370,0.0024,-0.0049
-0.7494,-0.6081,8.1499,-0.0674,-0.0285,-0.0159,-5.8012,-3.8355,5.2792,-0.0580,-0.0372,-0.0136
-0.7997,-0.5435,8.1307,-0.0755,-0.0067,-0.0278,-5.8969,-3.7565,5.1308,-0.0226,0.0444,-0.0007
-0.8284,-0.5770,8.1020,-0.0698,-0.0226,-0.0061,-5.8107,-3.7565,5.3032,-0.0496,-0.0089,-0.0029
-0.7709,-0.5267,8.1690,-0.0786,-0.0349,-0.0140,-5.8897,-3.8355,5.1978,-0.0321,-0.0067,0.0011
-0.7997,-0.5626,8.1451,-0.0871,-0.0021,-0.0089,-5.8945,-3.7900,5.1691,-0.0386,0.0260,-0.0048
-0.8452,-0.5148,8.0254,-0.0718,-0.0250,-0.0004,-5.7365,-3.6655,5.1667,-0.0573,0.0024,-0.0108
-0.8595,-0.6369,8.2217,-0.0771,-0.0241,-0.0016,-5.8778,-3.7613,5.2361,-0.0416,-0.0332,0.0124
-0.8164,-0.5842,8.2145,-0.0901,0.0035,0.0265,-5.8826,-3.8475,5.2960,-0.0737,0.0298,0.0017
-0.8811,-0.6177,8.1163,-0.0645,-0.0318,-0.0234,-5.8203,-3.8427,5.2912,-0.0152,-0.0292,0.0079
-0.6967,-0.5578,7.9487,-0.0821,-0.0115,-0.0096,-5.6934,-3.7110,4.9895,-0.0282,-0.0087,-0.0061
-0.9050,-0.5004,8.1355,-0.0743,-0.0105,-0.0131,-5.8730,-3.7661,5.1954,-0.0574,-0.0151,-0.0009
-0.9816,-0.5171,7.9416,-0.0666,-0.0011,-0.0039,-5.9089,-3.7421,5.1092,-0.0322,-0.0131,0.0093
-0.8930,-0.6225,8.0014,-0.0703,-0.0160,-0.0163,-5.9807,-3.8547,5.2026,-0.0361,-0.0012,0.0063
-0.8643,-0.5195,8.0756,-0.0817,-0.0152,0.0019,-5.8658,-3.7373,5.1427,-0.0389,-0.0048,0.0013
-0.8140,-0.5842,8.0565,-0.0758,-0.0445,0.0016,-5.8251,-3.8068,5.1451,-0.0504,-0.0393,-0.0067
-0.8499,-0.6009,8.0637,-0.0742,-0.0068,0.0047,-5.7964,-3.7685,5.2409,-0.0448,0.0314,0.0005
-0.8571,-0.5602,8.1163,-0.0758,-0.0095,-0.0091,-5.8131,-3.7637,5.0901,-0.0544,-0.0232,-0.0061
-0.8906,-0.5938,8.1139,-0.0799,-0.0019,-0.0051,-6.0334,-3.8379,5.1643,-0.0493,0.0092,0.0011
-0.8715,-0.4166,8.0780,-0.0750,-0.0177,-0.0149,-5.9017,-3.7637,5.3175,-0.0406,0.0001,0.0007
-0.8619,-0.5746,8.2049,-0.0841,-0.0115,-0.0133,-5.9280,-3.9002,5.2768,-0.0417,0.0282,-0.0053
-0.9337,-0.5507,8.0158,-0.0758,-0.0189,-0.0036,-5.8131,-3.7709,5.1906,-0.0549,0.0304,-0.0153
-0.8452,-0.5938,8.0493,-0.1057,-0.0016,-0.0017,-5.8873,-3.8882,5.3127,-0.0730,0.0420,-0.0156
-0.8595,-0.6440,8.0541,-0.0601,-0.0324,-0.0052,-5.9185,-3.7852,5.1954,-0.0453,-0.0441,0.0008
-0.5650,-0.4645,8.1977,-0.1011,-0.0333,-0.0092,-5.8251,-3.7541,5.4324,-0.0466,0.0234,0.0003
-0.9697,-0.6345,8.1044,-0.0636,-0.0330,-0.0125,-5.9424,-3.9169,5.1715,-0.0254,0.0289,-0.0192
-0.9242,-0.5148,8.0086,-0.0600,0.0095,-0.0051,-5.6862,-3.7254,5.2170,-0.0340,0.0125,-0.0005
-0.8763,-0.5986,8.1451,-0.0630,0.0061,-0.0326,-5.8849,-3.8523,5.4899,-0.0345,0.0024,-0.0204
-0.8954,-0.5531,8.0685,-0.0735,-0.0529,-0.0001,-5.9759,-3.7613,4.9991,-0.0374,-0.0356,0.0008
-0.8356,-0.5052,7.9559,-0.0750,-0.0017,0.0000,-5.9137,-3.8044,5.0159,-0.0368,0.0737,-0.0033
-0.8859,-0.6321,8.1044,-0.0670,-0.0093,-0.0057,-5.8897,-3.7541,5.0470,-0.0596,-0.0211,-0.0025
-0.7398,-0.5602,8.0349,-0.0906,-0.0297,-0.0063,-5.8802,-3.7804,5.2936,-0.0654,-0.0334,-0.0041
-0.9433,-0.6057,7.9511,-0.0778,-0.0072,0.0048,-5.8586,-3.8164,5.2122,-0.0662,-0.0392,0.0037
-0.9649,-0.5770,8.0421,-0.0542,-0.0195,-0.0115,-5.9520,-3.7972,5.0805,-0.0332,-0.0143,-0.0019
-0.9337,-0.5890,7.9990,-0.0574,-0.0084,-0.0069,-6.0549,-3.8164,5.0302,-0.0352,-0.0047,0.0059
-0.9529,-0.6273,8.0397,-0.0885,-0.0044,0.0216,-5.8873,-3.7589,4.9728,-0.0617,-0.0469,0.0139
-0.6728,-0.6608,8.0876,-0.0851,-0.0452,-0.0036,-5.7413,-3.7972,5.2098,-0.0506,-0.0512,-0.0079
-0.8859,-0.6081,8.1331,-0.0877,0.0104,-0.0001,-5.8610,-3.7972,5.2265,-0.0516,0.0810,-0.0081
-1.0223,-0.5363,8.1954,-0.0637,-0.0192,-0.0104,-5.9041,-3.8235,5.1188,-0.0314,-0.0163,-0.0109
-0.8571,-0.6321,8.0469,-0.0746,-0.0203,-0.0075,-5.9113,-3.7804,5.1858,-0.0438,-0.0218,0.0011
-0.9673,-0.6273,8.0541,-0.0775,-0.0242,0.0028,-5.9280,-3.7828,5.2265,-0.0400,0.0117,-0.0019
-0.8763,-0.6105,8.1259,-0.0713,-0.0124,-0.0137,-5.8203,-3.8188,5.1715,-0.0414,0.0221,-0.0049
-0.8452,-0.5435,8.1044,-0.0778,-0.0187,-0.0017,-5.7844,-3.8020,5.1475,-0.0538,-0.0192,-0.0035
-0.7039,-0.5100,8.1570,-0.0777,-0.0188,-0.0176,-5.7964,-3.8331,5.1691,-0.0533,-0.0131,-0.0120
-0.9194,-0.5794,8.1139,-0.0670,-0.0169,-0.0093,-5.9400,-3.8547,5.1571,-0.0305,0.0051,-0.0008
-0.9122,-0.5171,8.0541,-0.0650,-0.0141,-0.0100,-5.9664,-3.7613,5.0494,-0.0310,0.0103,0.0023
-0.8475,-0.5698,8.0421,-0.0894,0.0077,-0.0047,-5.8442,-3.7900,5.0853,-0.0508,-0.0007,-0.0035
-0.8835,-0.5866,8.0876,-0.0666,-0.0189,-0.0196,-5.7940,-3.7062,5.0901,-0.0581,-0.0550,-0.0073
-0.8021,-0.5770,8.0876,-0.0865,-0.0281,0.0008,-5.9065,-3.7996,5.1691,-0.0518,-0.0049,-0.0029
-0.8978,-0.5818,8.1235,-0.0795,-0.0169,-0.0096,-5.8921,-3.8044,5.1284,-0.0456,-0.0031,-0.0055
-0.8236,-0.5363,7.9751,-0.0835,0.0281,-0.0238,-5.7485,-3.7613,5.2864,-0.0332,0.0426,0.0007
-0.9074,-0.6057,8.0493,-0.0598,-0.0364,-0.0151,-5.9520,-3.8906,5.2361,-0.0402,-0.0432,-0.0063
-0.9577,-0.5842,8.1092,-0.0777,0.0064,-0.0230,-5.9855,-3.8211,5.2313,-0.0386,0.0256,-0.0127
-0.8739,-0.5818,8.0062,-0.0665,-0.0044,-0.0112,-5.8395,-3.8044,5.2960,-0.0508,0.0065,-0.0032
-0.9553,-0.5483,8.1355,-0.0746,-0.0116,-0.0136,-5.9233,-3.8379,5.2577,-0.0322,-0.0207,0.0021
-0.9361,-0.5459,8.1379,-0.0574,-0.0084,-0.0249,-5.9304,-3.8283,5.2553,-0.0212,-0.0131,0.0084
-0.5555,-0.6776,8.1882,-0.0859,-0.0280,-0.0216,-5.7628,-3.7062,5.1188,-0.0529,0.0033,-0.0119
-0.8308,-0.5315,8.0685,-0.0882,0.0019,-0.0036,-5.8778,-3.7302,5.0996,-0.0410,0.0516,0.0023
-0.8811,-0.5722,8.1786,-0.0718,-0.0101,-0.0191,-5.7341,-3.6990,5.1523,-0.0429,-0.0123,0.0007
-0.9720,-0.5770,8.1475,-0.0730,-0.0159,-0.0084,-5.9424,-3.8547,5.0996,-0.0329,0.0141,-0.0080
-0.8715,-0.5698,8.0206,-0.0771,0.0049,-0.0092,-5.9640,-3.7733,5.1236,-0.0486,0.0410,-0.0048
-0.8954,-0.5842,8.1331,-0.0755,-0.0143,-0.0192,-5.8658,-3.8020,5.2457,-0.0372,-0.0053,-0.0055
-0.8595,-0.5411,8.0852,-0.0759,-0.0116,0.0013,-5.9209,-3.7900,5.1212,-0.0436,-0.0081,0.0007
-0.8715,-0.5411,8.1020,-0.0671,-0.0201,-0.0032,-5.8897,-3.7493,5.1499,-0.0354,-0.0132,0.0080
-0.7925,-0.5770,8.1163,-0.0853,0.0089,-0.0237,-5.8059,-3.7900,5.1427,-0.0408,0.0208,-0.0109
-0.8116,-0.5602,8.2337,-0.0717,-0.0257,-0.0143,-5.9520,-3.8786,5.2194,-0.0566,-0.0173,-0.0109
-0.8715,-0.6249,8.1738,-0.0805,0.0037,-0.0187,-5.9185,-3.8523,5.2361,-0.0438,0.0171,-0.0167
-0.7925,-0.5794,8.1834,-0.0721,-0.0091,-0.0364,-5.8012,-3.7709,5.3798,-0.0349,-0.0119,-0.0100
-0.8859,-0.6177,8.0373,-0.0650,-0.0240,-0.0157,-5.9903,-3.8762,5.2146,-0.0336,0.0159,-0.0047
-0.8116,-0.5914,8.0565,-0.0727,-0.0116,-0.0187,-5.8251,-3.7373,5.0805,-0.0492,0.0133,-0.0049
-0.8188,-0.5052,8.0373,-0.0556,-0.0420,-0.0013,-5.8562,-3.8211,5.0566,-0.0361,-0.0554,0.0148
-0.9290,-0.6273,8.1139,-0.0891,-0.0055,0.0029,-5.9209,-3.8523,5.1236,-0.0630,-0.0008,-0.0023
-0.8045,-0.5171,7.9918,-0.0810,-0.0205,0.0052,-5.8442,-3.8283,5.3127,-0.0572,0.0123,-0.0041
-0.7829,-0.5986,8.1594,-0.0741,-0.0222,-0.0228,-5.8419,-3.7948,5.2529,-0.0328,0.0201,-0.0207
-0.8619,-0.5722,8.1163,-0.0963,-0.0024,-0.0135,-5.9496,-3.8523,5.3199,-0.0397,0.0433,-0.0151
-0.8475,-0.6608,8.1690,-0.0822,-0.0232,-0.0060,-6.0645,-3.8882,5.2026,-0.0318,0.0143,0.0012
-0.9433,-0.6201,8.0158,-0.0681,0.0041,-0.0025,-5.9161,-3.8211,5.2098,-0.0316,0.0189,-0.0024
-0.7973,-0.5698,8.0756,-0.0861,-0.0147,0.0072,-5.8299,-3.7876,5.1906,-0.0654,-0.0203,-0.0005
-0.9409,-0.6895,7.9847,-0.0671,-0.0116,0.0015,-5.8059,-3.8044,4.9297,-0.0497,-0.0424,0.0041
-0.7087,-0.6201,8.1570,-0.0870,-0.0276,-0.0101,-5.8347,-3.8666,5.1858,-0.0693,0.0173,-0.0156
-0.6728,-0.6009,8.0924,-0.0835,-0.0340,-0.0128,-5.6671,-3.7589,5.1595,-0.0654,-0.0115,-0.0024
-0.7590,-0.6201,8.0182,-0.0682,-0.0265,-0.0104,-5.9496,-3.8547,5.4181,-0.0565,-0.0068,-0.0032
-0.7614,-0.6728,8.0158,-0.0785,-0.0184,-0.0184,-5.7341,-3.8451,5.2337,-0.0500,-0.0163,-0.0013
-0.8667,-0.6393,8.0804,-0.0809,-0.0117,-0.0083,-5.9352,-3.8235,5.1954,-0.0460,-0.0157,0.0009
-0.8021,-0.6249,8.1786,-0.0755,-0.0213,-0.0065,-5.8466,-3.8858,5.2146,-0.0532,-0.0550,0.0025
-0.9002,-0.5866,8.1786,-0.1075,-0.0077,0.0007,-5.8969,-3.8906,5.1451,-0.0610,0.0053,-0.0107
-0.8332,-0.6249,8.1235,-0.0803,-0.0061,-0.0212,-5.8586,-3.8523,5.1619,-0.0421,-0.0015,-0.0015
-0.9553,-0.6297,8.1020,-0.0733,-0.0196,-0.0003,-5.8514,-3.7709,5.1787,-0.0508,-0.0125,-0.0028
-0.9697,-0.6201,8.0972,-0.0767,0.0095,-0.0123,-5.9400,-3.8834,5.1954,-0.0397,0.0634,-0.0165
-0.8619,-0.5914,8.1642,-0.0745,-0.0107,-0.0039,-5.8802,-3.7326,5.0589,-0.0369,-0.0043,0.0049
-0.8092,-0.6776,8.0373,-0.0901,0.0087,-0.0043,-5.9065,-3.7661,5.1164,-0.0496,-0.0089,0.0089
-0.7111,-0.6536,8.0349,-0.0814,-0.0185,-0.0117,-5.7916,-3.8092,5.1834,-0.0573,-0.0079,-0.0109
-0.7757,-0.6512,8.0349,-0.0879,-0.0221,-0.0063,-5.9831,-3.8427,5.2601,-0.0556,0.0192,-0.0071
-0.9170,-0.5986,8.0900,-0.0747,-0.0139,-0.0096,-5.9496,-3.8283,5.1260,-0.0513,-0.0261,-0.0068
-0.9457,-0.6249,8.0661,-0.0769,0.0033,-0.0081,-5.9233,-3.7948,5.0733,-0.0474,0.0211,-0.0009
-0.9098,-0.6345,8.0397,-0.0674,-0.0024,-0.0250,-5.8442,-3.7565,5.0589,-0.0297,0.0039,-0.0036
-0.8308,-0.6369,8.0852,-0.0682,-0.0176,-0.0093,-5.8634,-3.7493,5.1068,-0.0372,-0.0072,-0.0088
-0.8236,-0.6871,8.0661,-0.0737,-0.0123,-0.0183,-5.7676,-3.8116,5.1308,-0.0413,-0.0268,0.0040
-0.8667,-0.5842,8.1307,-0.0751,-0.0175,-0.0207,-5.8586,-3.7996,5.1619,-0.0361,-0.0253,0.0000
-0.7063,-0.6536,7.9990,-0.0887,-0.0250,-0.0047,-5.8371,-3.8307,5.1236,-0.0513,0.0236,-0.0043
-0.8739,-0.5195,8.0110,-0.0577,-0.0337,-0.0084,-5.9520,-3.8164,5.1882,-0.0424,-0.0181,-0.0005
-0.8619,-0.5938,8.1523,-0.0753,-0.0033,-0.0081,-5.8155,-3.8355,5.2122,-0.0410,0.0222,-0.0016
-0.9290,-0.6369,8.1690,-0.0807,-0.0151,-0.0065,-5.8371,-3.8307,5.1212,-0.0568,0.0020,-0.0037
-0.8428,-0.7135,8.0996,-0.0727,-0.0129,-0.0060,-5.9161,-3.8547,5.2313,-0.0481,0.0036,-0.0048
-0.9194,-0.5938,7.9296,-0.0817,0.0028,-0.0061,-5.8251,-3.7613,5.1475,-0.0509,0.0281,-0.0092
-0.9649,-0.6776,8.0804,-0.0646,0.0020,-0.0105,-5.9831,-3.8762,5.1643,-0.0305,0.0250,-0.0015
-0.7733,-0.5459,8.0852,-0.0862,-0.0257,-0.0068,-5.8395,-3.8092,5.2026,-0.0501,-0.0127,0.0000
-0.9122,-0.6057,8.1403,-0.0626,-0.0127,-0.0152,-5.9999,-3.8523,5.1188,-0.0329,0.0028,-0.0052
-0.8523,-0.6991,8.1690,-0.0753,-0.0024,-0.0129,-5.9256,-3.8020,5.2050,-0.0416,0.0469,-0.0049
-0.9098,-0.6081,8.0804,-0.0697,-0.0203,-0.0049,-5.9209,-3.7373,5.0278,-0.0364,0.0028,-0.0055
-0.8619,-0.6033,8.0756,-0.0846,-0.0044,-0.0136,-5.7772,-3.8499,5.2289,-0.0472,-0.0024,0.0029
-0.8595,-0.5962,8.1666,-0.0722,-0.0199,-0.0195,-5.8442,-3.7972,5.1260,-0.0394,-0.0036,-0.0041
-0.8092,-0.6201,8.2193,-0.0626,-0.0111,-0.0313,-5.8275,-3.8882,5.3199,-0.0324,-0.0188,-0.0060
-0.9146,-0.6081,8.0134,-0.0809,-0.0007,0.0031,-5.8442,-3.8307,5.1523,-0.0597,0.0063,-0.0049
-0.8428,-0.5770,8.0110,-0.0866,-0.0115,-0.0156,-5.8155,-3.8283,5.0709,-0.0509,-0.0083,0.0001
-0.9457,-0.6057,8.0086,-0.0793,0.0020,-0.0060,-5.8682,-3.7302,5.2194,-0.0352,-0.0011,0.0000
-0.8978,-0.6249,8.1331,-0.0881,-0.0053,-0.0032,-5.9304,-3.8475,5.1380,-0.0402,0.0313,-0.0080
-0.8332,-0.5435,8.0709,-0.0743,-0.0127,-0.0167,-5.9089,-3.8882,5.3582,-0.0397,0.0063,-0.0017
-0.7661,-0.6752,8.1187,-0.0919,-0.0152,-0.0027,-5.9256,-3.8690,5.3103,-0.0496,0.0093,0.0016
-0.8212,-0.6656,8.1283,-0.0753,-0.0205,-0.0088,-5.9616,-3.8762,5.3127,-0.0409,0.0187,-0.0089
-0.8930,-0.6488,8.0062,-0.0858,-0.0312,0.0064,-5.8849,-3.8235,5.1404,-0.0512,-0.0167,-0.0069
-0.8619,-0.6704,8.0469,-0.0578,-0.0406,-0.0080,-5.9711,-3.8762,5.2553,-0.0356,-0.0273,-0.0025
-0.7135,-0.6560,8.1139,-0.0781,-0.0482,-0.0241,-5.8706,-3.8092,5.2074,-0.0373,-0.0345,-0.0107
-0.6225,-0.6249,7.9152,-0.0694,-0.0298,-0.0029,-5.7054,-3.7757,5.0733,-0.0368,0.0081,-0.0039
-0.8811,-0.6177,8.1499,-0.0618,-0.0288,0.0019,-5.9065,-3.8211,5.1571,-0.0598,-0.0155,-0.0052
-0.8260,-0.5650,8.1594,-0.0749,-0.0019,-0.0177,-5.8849,-3.8475,5.0877,-0.0273,0.0481,-0.0031
-0.8691,-0.6369,8.1355,-0.0715,-0.0015,-0.0236,-5.8514,-3.8164,5.1811,-0.0318,0.0322,-0.0056
-0.8332,-0.6919,8.0972,-0.0705,0.0103,-0.0244,-5.7461,-3.7972,5.1212,-0.0405,-0.0228,-0.0013
-0.7949,-0.6991,8.1211,-0.0801,-0.0017,-0.0045,-5.8897,-3.8571,5.2050,-0.0505,-0.0226,-0.0028
-0.8428,-0.7063,8.0517,-0.0689,-0.0192,-0.0204,-5.7796,-3.8283,5.1260,-0.0333,-0.0052,-0.0120
-0.8475,-0.6369,8.0206,-0.0697,-0.0148,-0.0024,-5.9113,-3.8666,5.1691,-0.0345,0.0055,-0.0017
-0.8428,-0.6105,8.0685,-0.0723,-0.0115,-0.0220,-5.8562,-3.7948,5.0829,-0.0393,-0.0151,0.0005
-0.7566,-0.6680,8.0302,-0.0921,-0.0021,0.0037,-5.8299,-3.8403,5.1523,-0.0592,0.0192,-0.0073
-0.9433,-0.6321,8.0685,-0.0753,0.0045,-0.0159,-5.7844,-3.8571,5.0159,-0.0569,-0.0490,0.0001
-0.8308,-0.6608,8.0445,-0.0863,-0.0068,-0.0024,-5.9256,-3.8618,5.3008,-0.0437,0.0414,0.0019
-0.8499,-0.5746,8.0852,-0.0733,-0.0200,-0.0057,-5.8754,-3.8307,5.2385,-0.0481,-0.0087,-0.0060
-0.8092,-0.6680,8.0397,-0.0867,-0.0208,-0.0152,-5.9376,-3.8475,5.1715,-0.0476,0.0104,-0.0061
-0.8954,-0.6800,8.0373,-0.0999,-0.0121,-0.0049,-5.8802,-3.8595,5.1284,-0.0493,0.0167,-0.0116
-0.8140,-0.6991,8.1499,-0.0895,-0.0097,0.0049,-5.9280,-3.8595,5.2385,-0.0449,0.0135,0.0056
-0.8356,-0.6800,8.0349,-0.1018,-0.0284,0.0104,-5.9616,-3.8595,5.1380,-0.0437,-0.0044,0.0113
-0.8140,-0.6800,7.9727,-0.1404,-0.0185,0.0376,-5.9089,-3.8714,5.1667,-0.0526,0.0163,0.0051
-0.8643,-0.7111,8.1786,-0.1039,-0.0012,0.0222,-5.8969,-3.8379,5.1571,-0.0385,0.0064,0.0041
-0.7470,-0.7063,8.1092,-0.0965,-0.0084,0.0193,-5.9328,-3.8666,5.2744,-0.0406,0.0187,0.0081
-0.7949,-0.6847,8.0182,-0.1168,-0.0213,0.0225,-5.8395,-3.8642,5.1116,-0.0445,-0.0017,0.0048
-0.8380,-0.7949,7.9966,-0.1508,-0.0155,0.0354,-5.8921,-3.8666,5.0757,-0.0541,0.0109,-0.0099
-0.7542,-0.7614,8.0685,-0.1442,-0.0445,0.0460,-5.9041,-3.9073,5.0709,-0.0709,-0.0220,-0.0200
-0.7446,-0.8236,8.1570,-0.1255,-0.0147,0.0313,-5.8538,-3.8116,5.1763,-0.0878,0.0020,-0.0354
-0.7518,-0.8236,8.1618,-0.1111,-0.0128,0.0149,-5.7676,-3.8810,5.0996,-0.1166,-0.0332,-0.0705
-0.8188,-0.9361,7.9966,-0.0979,-0.0212,0.0087,-5.7844,-3.9600,5.2577,-0.0898,-0.0381,-0.0633
-0.8236,-0.8978,8.1858,-0.0889,0.0000,-0.0011,-5.8586,-4.0630,5.1763,-0.0819,0.0031,-0.0576
-0.7949,-0.8308,8.0756,-0.0849,-0.0141,-0.0047,-5.7078,-3.9959,5.1260,-0.0480,0.0181,-0.0281
-0.7278,-0.8356,8.0780,-0.0917,-0.0248,0.0020,-5.8179,-3.9840,5.2529,-0.0560,-0.0092,-0.0077
-0.8404,-0.8619,8.0397,-0.0811,0.0041,-0.0096,-5.8107,-4.0414,5.1212,-0.0490,0.0465,-0.0096
-0.7877,-0.8811,8.0493,-0.0819,-0.0083,-0.0132,-5.7892,-4.0127,5.0973,-0.0518,0.0145,-0.0128
-0.7853,-0.8667,8.0086,-0.0786,-0.0172,-0.0085,-5.8347,-4.0869,5.1787,-0.0468,0.0088,-0.0083
-0.8475,-0.8284,8.1547,-0.0757,-0.0127,-0.0093,-5.8419,-3.9959,5.1834,-0.0396,0.0246,-0.0107
-0.7829,-0.8284,8.1020,-0.0735,-0.0167,-0.0099,-5.7940,-3.9672,5.1308,-0.0446,0.0125,-0.0072
-0.8164,-0.9313,8.1594,-0.0771,-0.0136,-0.0068,-5.8275,-4.0558,5.0422,-0.0464,-0.0052,-0.0001
-0.8116,-0.9074,8.0325,-0.0761,-0.0234,-0.0048,-5.8035,-4.0103,5.1475,-0.0433,-0.0025,-0.0068
-0.7925,-0.9337,8.0421,-0.0777,-0.0108,0.0021,-5.7245,-4.0079,5.0733,-0.0462,0.0035,-0.0004
-0.7973,-0.8499,8.0804,-0.0761,-0.0240,-0.0080,-5.7796,-4.0342,5.0446,-0.0441,-0.0217,-0.0019
-0.7063,-0.9026,7.9895,-0.0787,0.0040,-0.0085,-5.8395,-4.0773,5.1475,-0.0476,0.0189,-0.0017
-0.7949,-0.8643,8.0637,-0.0743,-0.0120,-0.0065,-5.7820,-4.0175,5.0733,-0.0440,-0.0009,-0.0033
-0.8236,-0.8595,8.1810,-0.0830,0.0101,-0.0025,-5.8610,-4.0079,5.0566,-0.0529,0.0041,-0.0003
-0.7590,-0.8811,8.0613,-0.0769,-0.0258,-0.0069,-5.8179,-4.0294,5.0925,-0.0445,-0.0129,-0.0013
-0.7638,-0.8667,8.1020,-0.0741,-0.0088,-0.0079,-5.7772,-4.0247,5.1260,-0.0470,-0.0117,-0.0013
-0.8356,-0.9146,8.0780,-0.0842,-0.0139,0.0028,-5.7940,-4.0606,5.1499,-0.0400,0.0059,0.0077
-0.8452,-0.8308,8.2097,-0.0729,-0.0080,-0.0035,-5.6862,-4.0031,5.0015,-0.0292,0.0218,0.0137
-0.8739,-0.9050,8.1403,-0.0727,0.0013,-0.0187,-5.8442,-4.0318,4.9895,-0.0388,0.0348,0.0044
-0.8188,-0.9218,8.1738,-0.0633,0.0031,-0.0137,-5.9017,-3.9887,5.1044,-0.0057,0.0221,0.0245
-0.7973,-0.8667,8.0972,-0.0758,0.0055,-0.0076,-5.9711,-4.0941,5.4636,0.0242,0.0386,0.0616
-0.7997,-0.9170,8.0972,-0.0636,-0.0428,-0.0060,-5.5258,-3.7996,4.5945,-0.0023,-0.0187,0.0362
-0.7949,-0.8763,8.1570,-0.0775,0.0003,-0.0052,-5.8730,-3.9840,5.3032,-0.0679,0.0602,-0.0212
-0.8116,-0.8882,8.0110,-0.0726,-0.0226,-0.0025,-5.9711,-3.9720,5.2218,-0.0649,0.0084,-0.0163
-0.8116,-0.9098,8.0924,-0.0821,-0.0147,-0.0059,-5.7437,-3.9480,5.0518,-0.0781,-0.0060,-0.0217
-0.8188,-0.6800,8.1714,-0.0661,-0.0091,-0.0273,-5.9185,-3.9768,5.1140,-0.0666,-0.0229,-0.0528
-0.8188,-0.8954,8.0014,-0.0703,0.0012,-0.0159,-5.7174,-3.9576,5.1858,-0.0297,0.0169,-0.0040
-0.8260,-0.9002,8.1307,-0.0695,-0.0007,-0.0103,-5.8514,-3.9385,5.1619,-0.0293,0.0207,0.0071
-0.8092,-0.8930,8.0924,-0.0697,0.0028,-0.0137,-5.7652,-3.9792,5.1595,-0.0282,0.0013,-0.0032
-0.8643,-0.8930,8.1307,-0.0671,-0.0147,-0.0096,-5.8466,-3.9863,5.1332,-0.0293,0.0075,-0.0020
-0.7925,-0.8882,8.1714,-0.0742,-0.0167,-0.0069,-5.8083,-3.9983,5.1404,-0.0294,-0.0036,-0.0047
-0.9002,-0.8691,8.1020,-0.0759,-0.0040,-0.0165,-5.8179,-3.9816,5.0326,-0.0545,0.0136,-0.0119
-0.8428,-0.8308,8.1283,-0.0765,-0.0103,-0.0129,-5.8083,-4.0175,5.0781,-0.0662,-0.0005,-0.0280
-0.7877,-0.8667,8.0206,-0.0785,-0.0152,-0.0124,-5.7293,-3.9672,5.0661,-0.0410,-0.0003,0.0001
-0.7949,-0.8643,8.1044,-0.0778,-0.0148,-0.0216,-5.7868,-3.9863,5.1547,-0.0493,-0.0055,-0.0115
-0.8188,-0.9122,8.0972,-0.0790,-0.0125,-0.0167,-5.8466,-4.1037,5.1499,-0.0478,0.0141,-0.0172
-0.7853,-0.8882,8.0517,-0.0746,-0.0188,-0.0112,-5.7413,-3.9456,4.9775,-0.0191,-0.0107,0.0127
-0.7973,-0.8452,8.0637,-0.0805,-0.0164,-0.0112,-5.8706,-4.0318,5.0709,-0.0413,-0.0089,-0.0039
-0.8021,-0.8954,8.0924,-0.0809,-0.0101,-0.0173,-5.7724,-4.0486,5.0446,-0.0553,0.0016,-0.0152
-0.7039,-0.9601,8.0589,-0.0747,-0.0092,-0.0117,-5.8371,-3.9887,5.2409,-0.0592,-0.0145,-0.0037
-0.7781,-0.8595,8.1092,-0.0689,-0.0176,-0.0091,-5.8730,-3.9935,5.1499,-0.0361,0.0003,0.0065
-0.7949,-0.8882,8.1259,-0.0705,-0.0001,-0.0148,-5.8299,-4.0606,5.2194,0.0133,0.0444,0.0348
-0.7781,-0.9673,8.1139,-0.0722,-0.0230,-0.0100,-5.7988,-4.0821,5.1116,-0.0285,-0.0273,0.0097
-0.9146,-0.8428,8.0972,-0.0799,-0.0053,-0.0148,-5.7988,-3.9887,5.1427,-0.0318,-0.0076,0.0063
-0.7757,-0.9337,7.9751,-0.0822,-0.0024,-0.0057,-5.7078,-3.9313,5.0326,-0.0561,0.0028,-0.0028
-0.8021,-0.9218,8.0661,-0.0767,-0.0103,-0.0135,-5.8514,-4.0270,5.3439,-0.0505,0.0101,-0.0036
-0.8571,-0.9577,8.1594,-0.0717,-0.0112,-0.0112,-5.8347,-3.9193,4.9297,-0.0123,0.0009,0.0185
-0.8236,-0.9385,8.0709,-0.0719,-0.0039,-0.0176,-5.7724,-3.9385,5.0111,-0.0346,0.0075,0.0037
-0.8164,-0.8571,8.1379,-0.0750,-0.0292,-0.0088,-5.8993,-3.9863,5.0374,-0.0377,-0.0164,-0.0055
-0.8308,-0.9290,8.2001,-0.0703,-0.0225,-0.0096,-5.7054,-3.9049,5.1691,-0.0120,0.0406,0.0037
-0.7757,-0.9074,7.9918,-0.0749,-0.0280,-0.0100,-5.8347,-3.9983,5.0230,-0.0385,-0.0477,0.0041
-0.7733,-0.9266,7.9871,-0.0694,-0.0316,-0.0101,-5.7509,-3.9265,4.9392,-0.0265,-0.0183,0.0104
-0.8116,-0.9050,8.1044,-0.0741,-0.0065,-0.0065,-5.8849,-3.9744,5.1260,-0.0340,0.0338,0.0088
-0.8236,-0.9266,8.0852,-0.0714,0.0041,-0.0123,-5.9448,-3.9887,5.2577,-0.0376,0.0445,-0.0072
-0.7661,-0.8906,8.0972,-0.0755,-0.0261,-0.0125,-5.6934,-3.9385,5.2984,-0.0361,-0.0341,-0.0004
-0.8523,-0.8859,7.9918,-0.0714,0.0040,-0.0171,-5.8538,-3.9887,5.1643,-0.0213,0.0218,-0.0117
-0.8954,-0.9170,8.0397,-0.0687,-0.0298,-0.0099,-5.8442,-4.0007,5.1092,-0.0346,-0.0057,-0.0068
-0.7159,-0.9242,8.1666,-0.0727,0.0193,-0.0139,-5.8754,-3.9911,5.2337,-0.0257,0.0842,-0.0047
-0.7805,-0.9242,8.0445,-0.0682,-0.0128,-0.0140,-5.7700,-3.9648,5.0781,-0.0246,0.0073,0.0120
-0.7709,-0.9098,8.1068,-0.0810,-0.0175,-0.0039,-5.6695,-3.8930,5.1044,-0.0541,-0.0153,-0.0048
-0.8404,-0.9050,8.1403,-0.0891,0.0357,-0.0084,-6.0573,-4.0007,5.3678,-0.0444,0.0103,0.0188
-0.7685,-0.9577,8.0709,-0.0630,-0.0466,-0.0053,-5.5809,-3.9816,5.3965,-0.0646,0.0112,-0.0241
-0.7997,-0.9313,8.0924,-0.0620,-0.0201,-0.0133,-5.8897,-4.0486,5.2601,-0.0270,-0.0140,-0.0025
-0.8619,-0.8906,8.0541,-0.0670,-0.0032,-0.0149,-5.9592,-4.0749,5.1930,-0.0309,0.0213,-0.0152
-0.7949,-0.8835,8.0445,-0.0751,-0.0203,-0.0153,-5.8802,-3.9863,5.1619,-0.0436,0.0004,-0.0027
-0.8475,-0.9457,7.9272,-0.0654,-0.0124,-0.0107,-5.8682,-4.0270,5.1571,-0.0421,0.0434,-0.0121
-0.8116,-0.8667,8.0924,-0.0757,-0.0168,-0.0125,-5.7581,-3.9433,5.0661,-0.0566,-0.0127,-0.0063
-0.8691,-0.9266,8.0756,-0.0721,-0.0208,-0.0091,-5.8347,-3.9863,4.9273,-0.0633,-0.0168,-0.0064
-0.7781,-0.8835,8.1307,-0.0774,-0.0129,-0.0045,-5.8347,-3.9744,5.1882,-0.0630,0.0161,-0.0108
-0.6847,-0.9122,8.1738,-0.0813,-0.0104,-0.0117,-5.8299,-3.9983,5.1595,-0.0570,-0.0108,-0.0035
-0.7781,-0.9433,8.0182,-0.0758,-0.0248,-0.0121,-5.7892,-4.0438,5.1284,-0.0360,-0.0103,0.0141
-0.8739,-0.9050,8.0134,-0.0562,-0.0065,-0.0262,-5.9568,-3.9816,5.0637,-0.0288,0.0161,0.0040
-0.8260,-0.8859,8.1044,-0.0754,-0.0036,-0.0103,-5.8371,-3.9552,5.0613,-0.0420,0.0328,-0.0088
-0.8116,-0.8978,8.0972,-0.0759,-0.0350,-0.0077,-5.8442,-3.9576,5.0182,-0.0670,-0.0288,-0.0226
-0.8068,-0.8787,8.1523,-0.0701,0.0011,-0.0180,-5.9065,-4.0606,5.1739,-0.0285,0.0092,0.0060
-0.8667,-0.9840,8.1211,-0.0726,-0.0080,-0.0124,-5.7485,-3.9528,5.0685,-0.0119,-0.0137,0.0141
-0.7542,-0.8787,8.0541,-0.0763,-0.0145,-0.0068,-5.8610,-3.9935,5.0135,-0.0397,0.0033,-0.0055
-0.7901,-0.9242,8.0924,-0.0746,-0.0111,-0.0071,-5.8395,-3.9911,5.2385,-0.0436,0.0129,0.0067
-0.9098,-0.8835,8.0517,-0.0813,-0.0156,-0.0137,-5.8802,-4.0007,5.2026,-0.0293,-0.0019,0.0036
-0.8045,-0.8356,8.0924,-0.0762,-0.0195,-0.0076,-5.7940,-3.9313,5.0159,-0.0446,-0.0171,-0.0077
-0.7925,-0.8380,8.0086,-0.0679,-0.0264,-0.0067,-5.8730,-3.9983,5.1236,-0.0422,-0.0155,-0.0064
-0.8308,-0.8763,8.0996,-0.0747,-0.0071,-0.0139,-5.8131,-3.9409,5.1332,-0.0428,-0.0011,0.0056
-0.8140,-0.8523,8.0661,-0.0757,-0.0119,-0.0152,-5.8251,-3.9672,5.2481,-0.0366,-0.0092,0.0011
-0.8380,-0.8906,8.1307,-0.0710,-0.0117,-0.0127,-5.8586,-4.0007,5.0206,-0.0217,0.0051,0.0040
-0.7949,-0.8715,8.1403,-0.0646,-0.0266,-0.0234,-5.8323,-3.9528,5.2337,-0.0072,-0.0044,0.0184
-0.7590,-0.8811,8.0158,-0.0769,-0.0203,-0.0084,-5.8586,-3.8690,5.0757,-0.0364,-0.0072,-0.0059
-0.7590,-0.9242,7.9942,-0.0710,-0.0324,-0.0121,-5.8490,-3.9289,5.1475,-0.0484,-0.0181,-0.0064
-0.7949,-0.8428,8.1211,-0.0697,0.0029,-0.0120,-5.7748,-3.9049,5.1906,-0.0474,0.0272,-0.0124
-0.7685,-0.9409,8.0780,-0.0730,-0.0025,-0.0085,-5.7700,-3.9456,5.1643,-0.0452,-0.0139,-0.0055
-0.8595,-0.8212,8.0302,-0.0702,-0.0016,-0.0025,-5.7916,-3.9025,5.0589,-0.0518,-0.0121,0.0015
-0.9050,-0.8835,8.0756,-0.0701,0.0139,-0.0085,-5.8251,-3.9911,5.1954,-0.0408,0.0218,-0.0205
-0.8404,-0.8811,8.0972,-0.0723,-0.0229,-0.0089,-5.7796,-3.8906,5.1858,-0.0332,-0.0180,0.0056
-0.8140,-0.9026,8.0972,-0.0722,0.0064,-0.0207,-5.9424,-3.9528,5.1811,-0.0193,0.0855,-0.0280
-0.8164,-0.8787,8.0373,-0.0741,-0.0133,-0.0093,-5.6838,-3.9648,5.1978,-0.0510,-0.0113,-0.0072
-0.8882,-0.8212,8.0230,-0.0738,-0.0144,-0.0180,-5.8873,-3.9648,5.2409,-0.0325,-0.0164,-0.0033
-0.7973,-0.8835,8.0373,-0.0747,-0.0140,0.0012,-5.7317,-3.9169,5.0901,-0.0450,0.0160,-0.0027
-0.7829,-0.8715,8.0637,-0.0677,-0.0316,-0.0157,-5.9089,-3.9480,5.1763,-0.0501,0.0135,0.0021
-0.8188,-0.8452,8.0541,-0.0729,0.0023,-0.0207,-5.8251,-3.9385,5.2625,-0.0266,0.0065,-0.0112
-0.8212,-0.8428,8.0780,-0.0683,-0.0136,-0.0147,-5.7724,-3.9648,4.9799,-0.0328,-0.0040,0.0084
-0.8763,-0.8787,8.1307,-0.0714,-0.0049,-0.0171,-5.8538,-3.9433,5.1044,-0.0358,-0.0039,-0.0052
-0.7518,-0.8739,8.0445,-0.0790,-0.0156,-0.0107,-5.8682,-3.9265,5.2337,-0.0474,0.0153,0.0037
-0.7997,-0.8164,8.2001,-0.0790,-0.0179,-0.0121,-5.7341,-3.9337,5.1906,-0.0460,-0.0252,-0.0037
-0.8404,-0.8811,8.0062,-0.0767,-0.0137,-0.0104,-5.7772,-3.8810,5.0589,-0.0341,0.0159,0.0007
-0.7709,-0.8284,8.1858,-0.0774,-0.0201,-0.0125,-5.7940,-3.9624,5.1763,-0.0568,-0.0221,-0.0156
-0.8523,-0.8835,8.1307,-0.0782,-0.0147,-0.0149,-5.9233,-3.9672,5.1260,-0.0394,0.0165,-0.0072
-0.8835,-0.8523,8.0182,-0.0693,-0.0036,-0.0109,-5.9664,-3.9337,5.1571,-0.0233,0.0382,0.0053
-0.8739,-0.8691,8.1211,-0.0821,-0.0083,-0.0105,-5.9711,-3.9768,5.2337,-0.0401,0.0220,-0.0120
-0.8356,-0.9337,8.1523,-0.0687,-0.0159,-0.0097,-5.9233,-3.9887,5.1188,-0.0390,0.0268,0.0036
-0.8212,-0.9194,7.9942,-0.0803,-0.0128,-0.0043,-5.8395,-3.9121,5.2122,-0.0203,0.0228,0.0012
-0.8212,-0.8547,8.1235,-0.0734,-0.0260,-0.0133,-5.8610,-3.9145,5.0853,-0.0478,-0.0180,0.0059
-0.8356,-0.8691,8.1475,-0.0733,0.0031,-0.0104,-5.8155,-3.8738,4.9943,-0.0412,0.0104,-0.0077
-0.8404,-0.8308,8.0924,-0.0745,-0.0185,-0.0065,-5.7868,-3.8930,5.0973,-0.0437,-0.0211,0.0075
-0.8356,-0.9170,8.0254,-0.0803,-0.0140,-0.0135,-5.8179,-3.9385,5.1404,-0.0480,-0.0068,-0.0059
-0.6536,-0.7805,8.0589,-0.0801,-0.0398,0.0313,-5.7988,-3.8642,5.2289,-0.0767,-0.0432,0.0288
-0.7518,-1.0319,8.1475,-0.0951,0.0072,0.0108,-5.8179,-4.2090,5.2768,-0.0624,0.0665,-0.0007
-0.7015,-0.8547,8.0541,-0.0830,-0.0151,0.0184,-5.6982,-4.0151,5.1882,-0.0898,-0.0687,0.0081
-0.8404,-0.8763,8.0948,-0.0793,-0.0049,-0.0298,-5.8562,-3.9576,5.0996,-0.0282,-0.0380,-0.0171
-0.8188,-0.9002,8.0900,-0.0710,-0.0083,-0.0288,-5.7892,-3.9863,5.1811,-0.0324,0.0101,-0.0140
-0.8404,-0.8763,8.1714,-0.0695,-0.0264,-0.0123,-5.8945,-3.9265,5.3295,-0.0333,-0.0305,0.0052
-0.8092,-0.9481,8.1211,-0.0851,0.0096,-0.0163,-5.8993,-3.9911,5.0781,-0.0433,0.0851,-0.0103
-0.7183,-0.8691,8.1666,-0.0699,0.0051,-0.0175,-5.8419,-4.0007,5.3103,-0.0481,0.0358,-0.0205
-0.7829,-0.8523,8.0493,-0.0766,-0.0222,-0.0177,-5.8371,-3.9720,5.1116,-0.0425,-0.0332,0.0011
-0.8643,-0.9840,8.0493,-0.0803,0.0085,-0.0003,-5.7676,-3.9193,5.0613,-0.0624,-0.0140,-0.0072
-0.6656,-0.9409,8.0828,-0.0754,-0.0504,-0.0144,-5.7533,-3.9145,5.1978,-0.0400,-0.0561,-0.0071
-0.7781,-0.9146,8.0828,-0.0709,0.0088,-0.0043,-5.7844,-3.9073,5.0925,-0.0598,0.0414,-0.0128
-0.8859,-0.8212,8.1092,-0.0650,-0.0404,-0.0177,-5.9041,-3.9480,5.2840,-0.0241,-0.0308,0.0113
-0.7781,-0.9290,8.0302,-0.0783,0.0040,-0.0165,-5.8466,-3.9193,5.1667,-0.0480,0.0268,-0.0092
-0.8260,-0.9361,8.0661,-0.0734,-0.0111,-0.0211,-5.8251,-3.9265,5.1212,-0.0441,0.0095,-0.0043
-0.7398,-0.8739,8.1427,-0.0746,0.0008,-0.0107,-5.8993,-3.9887,5.2696,-0.0349,0.0389,-0.0025
-0.7278,-0.8787,8.0828,-0.0757,-0.0326,-0.0051,-5.8107,-3.9241,5.1691,-0.0473,-0.0192,0.0081
-0.7973,-0.8428,7.9871,-0.0626,0.0117,-0.0128,-5.8634,-3.8451,5.1044,-0.0441,0.0132,-0.0019
-0.8116,-0.8499,8.1235,-0.0837,-0.0221,-0.0089,-5.9089,-3.9648,5.1427,-0.0578,0.0265,-0.0092
-0.7159,-0.8619,8.0086,-0.0783,0.0011,-0.0055,-5.8730,-4.0079,5.1763,-0.0578,0.0023,-0.0111
-0.7829,-0.8571,8.0493,-0.0833,-0.0276,-0.0111,-5.7604,-3.9289,5.1930,-0.0532,-0.0624,-0.0055
-0.7326,-0.8595,8.2001,-0.0762,-0.0320,-0.0124,-5.8347,-3.9241,5.1595,-0.0211,-0.0100,0.0119
-0.7638,-0.9313,8.0565,-0.0715,-0.0306,-0.0056,-5.8706,-3.9049,5.0996,-0.0433,0.0023,0.0037
-0.8380,-0.8811,8.0780,-0.0717,-0.0184,-0.0036,-5.7437,-3.9361,5.1116,-0.0456,-0.0023,0.0004
-0.7685,-0.9433,8.1977,-0.0737,-0.0168,-0.0032,-5.7796,-3.9241,5.1020,-0.0353,0.0207,0.0033
-0.7853,-0.8859,8.0230,-0.0737,-0.0109,-0.0020,-5.7940,-3.9049,5.1092,-0.0502,-0.0133,-0.0112
-0.8021,-0.9242,8.1044,-0.0781,-0.0144,-0.0087,-5.8299,-3.9361,5.1188,-0.0610,-0.0164,-0.0143
-0.7805,-0.9912,8.1523,-0.0773,-0.0104,-0.0117,-5.8897,-3.9552,5.1380,-0.0621,0.0179,-0.0131
-0.7781,-0.9146,8.0182,-0.0813,-0.0156,-0.0163,-5.7988,-4.0390,5.1787,-0.0552,-0.0121,-0.0132
-0.7614,-0.8595,8.1403,-0.0797,-0.0183,-0.0144,-5.7772,-3.9576,5.1380,-0.0609,0.0000,-0.0209
-0.8763,-0.9481,8.2001,-0.0775,-0.0099,-0.0201,-5.9376,-3.9768,5.2218,-0.0344,0.0099,-0.0060
-0.7590,-0.8452,8.0756,-0.0802,-0.0139,-0.0116,-5.7533,-3.9265,5.1930,-0.0313,0.0059,0.0031
-0.8499,-0.9266,8.1331,-0.0726,-0.0177,-0.0220,-5.8323,-3.9361,4.9847,-0.0165,0.0076,0.0005
-0.7590,-0.8547,8.1163,-0.0743,-0.0144,-0.0167,-5.7964,-4.0438,5.1356,-0.0472,0.0112,-0.0080
-0.8523,-0.9385,8.0924,-0.0759,-0.0100,-0.0148,-5.7988,-3.9648,5.1427,-0.0177,-0.0073,0.0057
-0.8428,-0.9313,8.0996,-0.0730,0.0015,-0.0342,-5.8107,-3.9385,5.1404,-0.0344,0.0181,-0.0119
-0.7494,-0.9505,8.0948,-0.0754,-0.0156,-0.0195,-5.7413,-3.8738,5.0829,-0.0456,-0.0068,0.0021
-0.7159,-0.9409,8.0828,-0.0801,-0.0207,-0.0121,-5.8131,-3.9121,5.1787,-0.0350,-0.0228,0.0109
-0.7877,-0.9218,7.9895,-0.0753,-0.0092,-0.0129,-5.7748,-3.8690,4.9991,-0.0494,0.0084,-0.0095
-0.8236,-0.8835,8.0206,-0.0734,-0.0076,-0.0127,-5.8826,-3.9648,5.2074,-0.0432,0.0061,-0.0041
-0.8739,-0.8643,8.0038,-0.0741,-0.0011,-0.0119,-5.8371,-3.9073,5.0901,-0.0509,0.0069,-0.0053
-0.6943,-0.9936,8.1403,-0.0749,-0.0013,-0.0151,-5.7844,-3.9456,5.3486,-0.0406,0.0234,-0.0143
-0.7829,-0.9050,8.0278,-0.0730,-0.0426,-0.0084,-5.8059,-3.9504,5.2098,-0.0602,-0.0464,-0.0125
-0.7590,-0.9098,8.1523,-0.0746,-0.0096,-0.0191,-5.6503,-3.8618,5.1475,-0.0316,0.0156,-0.0048
-0.7757,-0.8763,8.0661,-0.0679,-0.0028,-0.0095,-5.8155,-3.9097,5.2218,-0.0380,0.0342,-0.0004
-0.8188,-0.8715,8.2265,-0.0722,-0.0103,-0.0113,-5.8442,-4.0366,5.1308,-0.0480,0.0169,-0.0048
-0.7901,-0.9170,8.0302,-0.0715,0.0043,-0.0068,-5.7078,-3.9600,5.2553,-0.0570,0.0101,-0.0096
-0.8404,-0.8739,8.1547,-0.0742,-0.0157,-0.0019,-5.8634,-3.9241,5.0494,-0.0480,0.0004,0.0016
-0.8045,-0.9313,8.1786,-0.0783,-0.0149,-0.0120,-5.8107,-3.9552,5.1667,-0.0378,-0.0024,0.0023
-0.7374,-0.9026,8.1762,-0.0755,-0.0151,-0.0116,-5.7772,-3.9025,5.2361,-0.0570,0.0015,-0.0056
