-2.0997,4.3718,5.8514,-0.2503,0.2555,0.6716,-7.9559,-0.2873,1.7765,-0.7729,-0.0779,0.2882
-1.5131,4.2090,6.6487,-0.4061,0.1965,0.8164,-8.3103,-0.8068,2.7174,-0.9858,-0.1661,0.2072
-0.9002,4.0749,8.7724,-0.4550,0.2277,0.8448,-9.0956,-2.3248,3.6416,-0.9689,-0.1148,0.2122
-1.4748,3.9911,8.2672,-0.0414,0.0508,0.8300,-9.0980,-1.8842,2.7366,-0.6070,-0.4979,0.4275
-1.3886,4.2258,6.8977,-0.2302,-0.2459,0.9426,-8.5473,-1.4557,3.5602,-0.7561,-0.7971,0.4399
-1.1971,4.4293,7.3574,-0.3031,0.4526,0.9781,-8.6718,-1.3862,3.7876,-1.0734,-0.0624,0.4823
-1.3551,4.5562,7.9799,-0.3641,0.7754,1.0641,-9.1411,-1.4940,3.5745,-1.2855,0.1792,0.4863
-0.8523,4.6328,7.6495,-0.3051,0.5192,1.1153,-8.7963,-1.1636,3.7278,-1.1740,-0.2825,0.6175
-1.0870,4.9009,6.8211,-0.3303,0.7629,1.1493,-8.5138,-0.6273,3.5745,-1.3551,0.0226,0.6575
-1.0726,4.9105,6.8402,-0.4178,0.9682,1.2364,-8.2265,-0.3448,3.2202,-1.5103,0.1159,0.6402
-0.9720,5.0230,6.4907,-0.3956,0.7730,1.1886,-8.0972,0.0000,3.1316,-1.3847,-0.0053,0.6194
-0.8739,5.0494,6.0932,-0.5057,0.8187,1.1922,-7.9248,0.0239,3.4500,-1.4806,0.0187,0.6507
-0.9290,5.1451,5.9568,-0.5097,1.0249,1.1598,-7.7740,0.2274,3.3279,-1.5453,0.2221,0.6238
-0.7494,5.1619,6.2704,-0.5348,0.8958,1.1373,-7.9080,0.2059,3.3543,-1.4917,0.1697,0.5697
-0.8906,5.3630,5.9376,-0.4171,0.8493,1.1242,-7.9751,0.3735,3.2968,-1.3851,0.0999,0.6896
-1.0846,5.4875,6.2010,-0.4719,0.9487,1.1102,-8.1666,0.5650,2.8850,-1.4861,0.2545,0.6094
-0.9050,5.4348,6.5769,-0.4822,0.6801,1.1317,-8.4348,0.2059,3.1460,-1.3546,-0.0048,0.5584
-1.1779,5.5186,6.1052,-0.3872,0.4086,1.1189,-8.1020,0.7063,3.0718,-1.0976,-0.4050,0.5841
-0.8667,5.5210,6.1100,-0.4394,0.4289,1.0993,-8.1331,0.6201,3.4524,-1.2027,-0.0953,0.5109
-1.0127,5.8155,6.7038,-0.3918,0.5814,0.9790,-8.6024,0.5698,3.4692,-1.1426,-0.0618,0.5064
-1.1564,5.7748,6.6032,-0.4112,0.4652,0.9265,-8.6191,0.4932,3.6105,-1.1277,-0.1094,0.4341
-0.7087,5.4923,7.2784,-0.3826,0.5668,0.9762,-8.7604,0.1030,4.0366,-1.1278,0.0213,0.4954
-0.7207,5.6072,7.0390,-0.2133,0.5861,0.8513,-8.6431,0.2777,3.9337,-0.9557,0.0123,0.4960
-1.0199,5.6479,6.6056,-0.2012,0.4830,0.8455,-8.4611,0.4525,3.6440,-0.9058,-0.0482,0.5580
-0.8404,5.7748,6.1555,-0.0974,0.6458,0.8319,-8.1475,0.7374,3.5745,-0.9078,0.1013,0.6095
-0.4597,5.7557,5.9592,-0.0995,0.4919,0.7100,-7.6662,1.3072,3.6033,-0.7510,-0.0318,0.5458
-0.9385,5.8562,5.8083,-0.1689,0.5533,0.6707,-7.9679,1.1540,3.3998,-0.8156,0.1789,0.4580
-0.9553,5.7030,6.1483,-0.1376,0.5907,0.6083,-8.3342,0.7015,3.6224,-0.7366,0.1747,0.4878
-1.2665,5.7844,6.2680,-0.1061,0.6374,0.5528,-8.5593,1.0151,3.1196,-0.7145,0.3011,0.4736
-1.4916,5.9544,6.3614,-0.1773,0.5979,0.5588,-8.8155,1.0175,2.9568,-0.7338,0.1895,0.4034
-1.4246,6.1172,6.3231,-0.1621,0.5284,0.5212,-8.5042,1.2809,3.0598,-0.6845,0.1792,0.3537
-1.4892,6.1124,6.0166,-0.2122,0.4862,0.4417,-8.6095,1.3647,2.8683,-0.6416,0.1917,0.2555
-1.5514,6.0071,5.7174,-0.1705,0.4405,0.4001,-8.4084,1.3910,2.7749,-0.5492,0.1195,0.2617
-1.6568,5.8586,5.5402,-0.2449,0.3408,0.3076,-8.2025,1.4485,2.4852,-0.5153,0.1272,0.1544
-1.5299,5.6527,5.4516,-0.2325,0.3251,0.2388,-8.0182,1.1349,2.6001,-0.4060,0.1323,0.1355
-1.3862,5.5976,5.1140,-0.1869,0.3031,0.1633,-7.6782,1.5706,2.3942,-0.3243,0.1310,0.0810
-1.2977,5.6312,5.3271,-0.2301,0.1207,0.0529,-7.7955,1.4198,2.2649,-0.2766,0.1138,-0.0558
-1.7071,5.4396,5.1523,-0.2273,-0.0616,0.0057,-7.8650,1.1588,1.9752,-0.1232,-0.1435,-0.1142
-2.1668,5.1595,5.9472,-0.2725,-0.1723,0.0007,-8.2552,0.7829,1.3910,-0.1291,-0.0529,-0.2570
-1.9656,4.7836,6.2704,-0.3689,-0.6138,0.0226,-8.4898,-0.0072,2.0327,-0.0809,-0.5614,-0.3465
-2.1093,4.1372,6.9121,-0.5035,-0.4966,0.0441,-8.8274,-1.3048,2.9042,-0.2008,-0.3251,-0.3399
-2.5618,3.7565,8.1882,-0.3184,0.2573,0.0140,-9.6462,-2.2266,2.2290,-0.3315,0.4061,-0.2611
-2.9544,3.7278,7.7500,-0.1540,-0.0990,0.1134,-9.7133,-1.9513,1.6783,-0.1764,-0.2402,-0.0514
-2.7533,3.6751,7.2832,-0.2190,-0.1082,0.2503,-9.0980,-1.4988,1.7478,-0.2867,-0.3063,0.0786
-2.7869,3.6966,7.1108,-0.2535,0.2649,0.3387,-9.3829,-1.7909,1.8866,-0.5494,0.2121,0.0781
-2.5498,3.7302,7.5274,-0.2783,0.2603,0.4044,-9.2512,-1.5826,1.8579,-0.5696,-0.0638,0.1434
-2.4612,3.8451,7.1491,-0.2699,0.1994,0.4618,-9.2057,-1.6065,2.0518,-0.5985,-0.0541,0.1496
-2.6887,3.7828,6.4643,-0.3343,0.4201,0.4772,-8.8562,-1.2402,1.5538,-0.7313,0.0366,0.1629
-3.0957,4.1539,6.8666,-0.3545,0.4943,0.5685,-9.4427,-0.8835,0.7039,-0.8288,0.2200,0.2054
-2.8491,4.4197,5.7389,-0.4855,0.2862,0.6732,-8.6191,-0.1532,1.5634,-0.9570,-0.3297,0.1611
-1.8316,4.1013,7.2640,-0.7537,0.4231,0.7436,-8.8777,-1.4413,2.9904,-1.1592,0.2060,0.1432
-1.8723,4.4532,7.4412,-0.3047,0.8984,0.6427,-9.0692,-0.8571,2.3415,-0.9669,0.4287,0.3178
-2.3152,4.7453,6.0956,-0.3976,0.2450,0.6747,-8.7436,-0.1173,1.9297,-0.8211,-0.2947,0.2947
-2.1045,4.6160,6.2632,-0.4415,0.6538,0.6728,-8.5712,-0.2466,2.1500,-1.0176,0.2809,0.2809
-2.2577,4.4412,6.5984,-0.5068,0.6201,0.6338,-8.9088,-0.6057,2.2362,-1.0195,0.1933,0.2523
-2.1763,4.3670,7.2113,-0.4362,0.5192,0.5934,-9.2488,-1.0127,1.8794,-0.9200,0.0710,0.2753
-2.4660,4.2713,7.2161,-0.2805,0.4772,0.5237,-9.0860,-0.8906,1.9417,-0.7561,0.0677,0.3284
-2.6935,4.2521,6.1866,-0.3134,0.3713,0.5039,-8.7891,-0.3041,1.5897,-0.7280,-0.2082,0.3652
-2.4684,3.8882,7.1060,-0.3631,0.3635,0.5269,-8.8155,-0.9266,1.9752,-0.7754,0.1120,0.2785
-2.5283,4.1946,6.4835,-0.1548,0.4772,0.3996,-8.9136,-1.0223,1.9992,-0.5986,0.0713,0.4076
-2.2721,4.1444,6.5673,-0.1358,0.3375,0.4632,-8.5066,-0.3112,1.6975,-0.5568,0.0044,0.3512
-2.7509,4.4029,6.3734,-0.1096,0.3720,0.3833,-8.7819,-0.4190,1.4772,-0.5267,0.0236,0.3653
-3.2178,4.1444,6.1507,-0.2042,0.3528,0.4890,-8.6287,-0.4501,1.1181,-0.6442,-0.0703,0.3455
-3.1340,3.9983,6.6439,-0.1932,0.2425,0.5856,-9.0692,-1.1061,1.3958,-0.6732,-0.0536,0.3669
-2.9449,4.1180,6.5338,-0.0697,0.2817,0.6556,-8.7221,-0.3615,1.5562,-0.5840,-0.2526,0.4572
-3.2561,4.3838,6.0190,-0.1416,0.3026,0.6278,-9.0740,-0.0120,0.9050,-0.6567,-0.0746,0.3836
-2.8204,4.6208,6.0358,-0.3256,0.2149,0.5596,-8.9256,-0.0479,1.8914,-0.6668,-0.0993,0.1709
-2.7126,4.4053,6.8354,-0.2942,0.3511,0.5297,-9.0214,-0.4693,1.9345,-0.6872,0.1150,0.1921
-2.5426,4.2425,6.3303,-0.2136,0.1511,0.4974,-8.6359,-0.0168,1.8052,-0.4823,-0.2036,0.2388
-2.4349,4.2521,6.3087,-0.2706,0.1551,0.4331,-8.6215,-0.1341,1.8292,-0.5333,-0.0361,0.1452
-2.9688,4.2808,6.2393,-0.2244,0.2521,0.3473,-8.6766,-0.1125,1.5371,-0.4686,0.0111,0.0978
-2.9161,4.1659,6.2656,-0.2503,0.0211,0.2870,-8.7652,-0.3663,1.7190,-0.3814,-0.1311,0.0457
-3.0406,4.2760,6.5841,-0.1380,0.1448,0.2495,-9.1698,-0.5722,1.6735,-0.3091,0.0412,0.1022
-3.1915,4.8171,6.3877,-0.0368,0.1340,0.2089,-9.2033,0.2897,1.0391,-0.2509,-0.0053,0.1438
-2.9257,4.7309,6.3207,-0.2718,-0.2459,0.2890,-9.1889,-0.0622,1.9297,-0.3517,-0.2954,0.0898
-1.6592,4.3670,6.8091,-0.2654,0.0869,0.2125,-8.7269,-0.6967,3.2465,-0.4135,-0.0088,0.1414
-1.6951,4.4987,7.1084,-0.0378,0.2161,0.1102,-8.4755,-0.3065,2.7892,-0.1721,0.1645,0.1579
-1.9010,4.8171,5.9664,0.1982,-0.0418,0.0193,-7.9847,0.6608,2.0279,0.1487,-0.1941,0.1619
-2.0542,4.9895,5.3103,-0.0019,-0.2213,-0.0011,-7.8602,1.1899,1.7765,0.0737,-0.1275,-0.0053
-2.2817,4.9105,6.4141,-0.0961,-0.1110,-0.0360,-8.7173,0.1125,2.3224,-0.0328,0.0697,-0.1372
-1.8699,4.6519,7.3071,-0.0742,-0.2850,-0.0200,-8.9136,-0.4525,2.9305,0.0769,-0.2285,-0.0738
-1.4844,4.4293,7.4268,0.0069,-0.3076,-0.0766,-8.8274,-1.0199,3.5865,0.1410,-0.1179,-0.0606
-1.4461,4.3120,7.6040,0.1563,0.0509,-0.1086,-8.7676,-1.1636,3.5267,0.1274,0.1695,0.0785
-1.8771,4.4317,7.2137,0.2449,0.0671,-0.0926,-8.9352,-0.8188,2.5809,0.1864,0.2030,0.0827
-2.5019,4.5777,6.8618,0.2394,-0.0882,0.0705,-8.2025,-1.3575,2.1165,0.1514,-0.1833,0.0898
-1.9992,4.8052,7.1754,0.1982,-0.0847,0.1475,-8.8681,-0.1724,2.4660,0.0297,-0.0737,0.1760
-1.3982,4.4460,6.6200,0.0420,-0.3802,0.1663,-8.2552,-0.4094,3.1651,0.0648,-0.5470,0.1070
-1.1396,4.1444,7.1204,0.0203,-0.0083,0.0851,-8.2289,-1.2833,3.6224,-0.0886,0.0865,0.0938
-1.0415,4.0965,7.0413,0.1220,0.0803,0.0424,-8.2744,-0.8643,2.8994,0.0338,-0.0132,0.1411
-1.4605,4.1587,6.1004,0.0473,-0.1195,0.0284,-8.1379,-0.6321,2.6791,0.0478,-0.0946,0.0934
-1.5107,4.4365,6.2082,-0.0819,0.2054,0.0686,-7.9895,-0.3519,2.4876,-0.1815,0.1302,0.0588
-1.6161,4.6950,6.5027,-0.1112,0.0565,0.1988,-8.3510,-0.2418,2.2218,-0.2435,0.0185,0.0201
-1.5036,4.7812,6.2489,-0.1980,-0.1829,0.2666,-8.1523,-0.1676,2.7916,-0.2455,-0.3948,0.0610
-1.2881,4.8554,6.1411,-0.1733,0.0645,0.2815,-7.9344,-0.1077,3.1460,-0.3473,-0.0596,0.0954
-1.3336,5.2194,5.7988,-0.1422,0.0947,0.2962,-7.9416,0.6369,2.6217,-0.3379,-0.1083,0.0975
-1.7214,5.4109,5.8586,-0.2551,-0.0373,0.3568,-8.3701,0.5148,2.4995,-0.4186,-0.1807,0.0814
-1.3360,5.2505,6.5386,-0.2790,0.0175,0.3886,-8.4683,0.0096,3.1843,-0.4923,-0.1458,0.0750
-1.2067,5.0159,6.8402,-0.2771,0.0228,0.4231,-8.5569,-0.6225,3.7996,-0.5079,-0.1736,0.1504
-1.2091,4.9488,7.4364,-0.1657,0.2781,0.4263,-8.8514,-0.8021,3.7613,-0.5259,0.0036,0.2172
-1.3455,4.9584,7.4436,-0.0512,0.2146,0.4960,-8.8155,-0.5507,3.3327,-0.4418,-0.1037,0.3313
-1.6113,4.9991,6.5984,-0.0318,0.1499,0.5069,-8.4587,-0.0982,2.7294,-0.4354,-0.1823,0.3841
-1.5969,5.0135,6.4524,-0.1111,0.2743,0.5465,-8.4372,-0.1101,3.0909,-0.5830,-0.0159,0.3516
-1.7286,5.2648,6.2537,-0.0525,0.3484,0.5485,-8.3342,0.3639,2.8443,-0.5724,-0.1108,0.3628
-1.5706,5.3941,5.8658,-0.1575,0.0725,0.5693,-8.0709,0.7278,2.8036,-0.5808,-0.2741,0.3084
-1.3096,5.4588,6.1411,-0.2650,0.2689,0.5999,-8.1044,0.5124,3.2322,-0.7153,-0.0139,0.2021
-1.2450,5.4827,6.3590,-0.2678,0.2830,0.5812,-8.3821,0.3639,3.3495,-0.6931,-0.0076,0.2129
-1.4605,5.5378,6.3087,-0.2769,0.2918,0.5373,-8.5234,0.4956,3.1316,-0.6640,-0.1009,0.2200
-1.3623,5.6431,6.3207,-0.2971,0.2805,0.5837,-8.5473,0.5124,3.3255,-0.7099,-0.0281,0.2554
-1.2857,5.6767,6.2704,-0.2689,0.2979,0.5526,-8.5641,0.4717,3.4117,-0.6892,-0.0187,0.2190
-1.0439,5.7365,6.2560,-0.2701,0.2490,0.5339,-8.2744,0.9720,3.2609,-0.6206,-0.0553,0.2242
-1.4796,5.6862,5.7054,-0.3652,0.3572,0.4632,-8.2720,0.9744,2.9449,-0.7222,0.0765,0.1307
-1.6568,5.6312,6.1866,-0.4656,0.3804,0.4193,-8.5281,0.6153,2.8898,-0.7429,0.0890,0.0873
-1.4437,5.6144,6.3782,-0.3808,0.3419,0.3958,-8.5186,0.4932,3.5889,-0.6415,0.1041,0.1699
-1.5586,5.9137,6.4189,-0.3068,0.6017,0.2658,-8.8538,0.7805,3.0622,-0.6358,0.4158,0.1179
-1.6879,5.7988,6.8953,-0.4086,0.4902,0.2661,-9.2392,0.2035,3.5841,-0.6352,0.3050,0.1057
-1.4293,5.7868,7.3598,-0.1805,0.5221,0.2779,-9.2153,0.2873,3.1077,-0.4678,0.2677,0.2390
-1.7573,5.8227,6.4979,-0.1047,0.2069,0.2501,-8.7245,0.8643,2.7414,-0.3082,-0.0380,0.1772
-1.4030,5.4468,6.3398,-0.1515,0.1107,0.2439,-8.3558,0.4357,3.0239,-0.2871,0.0220,0.1452
-1.3479,5.0326,5.8682,-0.0711,0.1454,0.0903,-7.9057,0.3879,2.7318,-0.1801,-0.0121,0.0981
-1.3527,4.8530,6.1028,-0.0309,0.1050,-0.0236,-8.1068,0.0718,2.7892,-0.0574,0.1346,0.0650
-1.6328,4.9512,5.6096,0.0221,0.0675,-0.0709,-8.0134,0.4549,2.4373,0.0430,0.0285,0.0846
-1.7071,5.0087,6.2393,-0.0336,0.0008,-0.0825,-8.1594,0.1077,2.6217,0.0248,0.1617,-0.0051
-1.4964,4.6735,6.3207,-0.1256,-0.0520,-0.1350,-8.1451,-0.0694,2.7749,0.0165,0.0312,-0.1384
-1.3623,4.4149,7.3095,-0.2344,-0.0344,-0.1623,-8.8011,-1.0894,3.3806,-0.0402,0.1994,-0.1597
-1.2378,4.1779,7.8386,-0.0801,0.0750,-0.2598,-8.8394,-1.3360,3.2537,0.1050,0.1410,-0.1492
-1.7286,4.0318,7.2688,0.0613,-0.1986,-0.2282,-8.6766,-1.3958,2.8180,0.2995,-0.0761,-0.0742
-1.7095,4.0366,6.4476,0.1162,-0.0261,-0.3095,-8.0732,-0.7446,2.2697,0.2765,0.0679,-0.0754
-1.9752,4.1132,5.9376,-0.0073,-0.0833,-0.2722,-8.0086,-0.4381,1.9656,0.1847,0.0645,-0.1095
-1.8699,4.0318,6.4212,-0.0466,-0.0710,-0.2522,-8.2001,-0.6512,2.1093,0.1708,0.1043,-0.1228
-1.7909,4.2234,6.2273,0.0386,-0.2021,-0.3076,-8.1858,-0.4549,2.3631,0.2811,-0.0448,-0.1279
-1.8292,4.4508,6.7038,0.0385,-0.2081,-0.4068,-8.5114,-0.5052,2.4493,0.3914,0.0593,-0.1972
-2.2936,4.5921,6.6008,0.0885,-0.2574,-0.4699,-8.8298,-0.3591,1.9704,0.4600,0.0349,-0.2302
-2.4421,4.6759,6.8474,0.0975,-0.3304,-0.4720,-9.1602,-0.4956,1.9848,0.5100,0.0125,-0.2186
-2.3415,4.7453,6.8259,0.1612,-0.4374,-0.4698,-9.0764,-0.2993,2.4229,0.6081,-0.1408,-0.1945
-2.1907,4.8028,6.5505,0.1510,-0.3728,-0.5492,-8.7843,-0.0766,2.5905,0.6209,-0.0215,-0.2583
-2.2098,4.9225,6.4476,0.1927,-0.3126,-0.6476,-8.8538,0.1365,2.3511,0.7073,0.0678,-0.3048
-2.1644,5.0278,5.9759,0.1660,-0.4860,-0.7281,-8.6622,0.2873,2.2553,0.7959,-0.0388,-0.3683
-2.1021,4.9656,6.1938,0.1391,-0.4730,-0.8067,-8.3629,0.3160,2.2865,0.8088,0.0442,-0.4559
-2.0997,4.9584,6.2130,0.1264,-0.5395,-0.8744,-8.4084,0.2658,2.1476,0.8981,-0.0067,-0.4986
-1.9872,4.7692,6.0478,0.0697,-0.6451,-0.8946,-8.0924,0.3089,2.1763,0.8994,-0.0586,-0.5929
-1.8986,4.6495,6.2513,0.0490,-0.6588,-0.9321,-8.3151,-0.3232,2.5833,0.9205,0.0083,-0.6042
-1.7885,4.5394,6.3949,0.0648,-0.6062,-0.9679,-8.3127,-0.3855,2.6145,0.9471,0.0160,-0.6286
-1.5036,4.4796,6.6176,0.0216,-0.6707,-1.0174,-8.2265,-0.4956,2.9951,0.9870,-0.0584,-0.6626
-1.8938,4.3527,6.5625,0.1007,-0.5861,-1.0978,-8.4036,-0.7566,2.7318,1.0479,0.1178,-0.6615
-1.9632,4.4005,7.0150,0.1226,-0.6769,-1.1118,-8.7652,-0.7829,2.4900,1.0953,0.0753,-0.6895
-1.4796,4.2832,7.6734,0.2202,-0.8950,-1.1572,-8.8681,-1.2091,3.3351,1.2564,-0.1034,-0.6675
-1.6400,4.1468,7.9966,0.3992,-0.8250,-1.2621,-9.0261,-1.4533,3.4069,1.4272,0.0015,-0.6142
-2.1045,4.1779,7.3358,0.3985,-0.7725,-1.2846,-9.1411,-1.4198,3.0119,1.4320,0.0404,-0.5806
-2.5905,4.0797,7.0102,0.3535,-0.4916,-1.2569,-8.8681,-1.2378,2.4038,1.2622,0.2747,-0.5589
-2.8347,3.7541,6.5960,0.1705,-0.4879,-1.1072,-9.0668,-1.7549,1.8316,1.0115,0.2296,-0.5051
-2.3200,3.7158,6.8977,0.0925,-0.1939,-0.9621,-8.6790,-1.2857,1.6065,0.8143,0.4471,-0.4145
-1.9345,3.9169,7.3263,-0.0051,-0.4374,-0.9563,-8.7293,-1.3384,2.4636,0.7589,0.1809,-0.5416
-1.3767,4.3263,7.4029,0.0891,-0.6019,-0.9371,-8.4970,-1.0151,3.1484,0.9709,-0.1363,-0.5193
-1.1636,4.6160,6.0358,0.0306,-0.5139,-0.9413,-7.7405,0.2514,2.9975,0.8280,0.0837,-0.6552
-0.7805,4.6687,6.3375,-0.2241,-0.5548,-0.9727,-7.6926,-0.1724,3.1220,0.7759,0.0349,-0.7779
-0.9290,4.7621,6.1435,-0.0450,-0.5637,-1.0670,-7.5657,0.0192,3.0406,0.9329,0.1094,-0.7647
-0.9744,4.8674,5.5713,-0.1167,-0.7265,-1.0569,-7.3406,0.4381,2.5666,0.9567,-0.1525,-0.8151
-1.0965,4.7285,5.7150,-0.1063,-0.6835,-1.0599,-7.4795,0.0000,2.6839,0.9309,0.1344,-0.8647
-0.8691,4.7836,5.5378,-0.0224,-0.9072,-1.0409,-7.0725,0.3639,2.5762,1.0676,-0.3689,-0.8240
0.3448,4.8554,6.2656,-0.1103,-1.2557,-1.0640,-6.8881,0.0479,4.5657,1.1278,-0.3387,-0.8929
0.6943,4.9488,6.7469,-0.0554,-0.9565,-1.1538,-7.2329,-0.2897,4.9368,1.1307,-0.2249,-0.9357
0.9792,4.8123,7.4747,-0.1246,-1.0216,-1.2120,-7.2425,-0.6704,5.5785,1.1690,-0.1058,-0.9871
0.7973,4.2665,8.2361,0.0152,-1.0313,-1.3130,-7.8578,-1.7573,5.5091,1.3568,-0.1456,-0.9882
0.3926,4.1324,8.2432,0.2558,-1.1584,-1.3543,-7.9368,-1.8531,5.1068,1.5579,-0.2555,-0.8548
0.1030,3.9672,7.7500,0.2493,-1.0648,-1.3935,-7.9272,-1.7933,4.8435,1.5151,-0.1314,-0.8436
-0.2203,3.8427,8.1523,0.1735,-0.9034,-1.3163,-8.2528,-2.0662,4.4125,1.3536,-0.0221,-0.8054
-0.0766,3.6966,8.2504,0.2021,-0.8856,-1.2476,-8.2384,-2.3894,4.6112,1.3242,-0.0674,-0.7241
-0.5890,3.7278,7.9727,0.2751,-0.6663,-1.1891,-8.2313,-2.0710,3.9600,1.2546,0.0338,-0.6159
-0.6967,3.9863,7.3334,0.2439,-0.7077,-1.0649,-8.0302,-1.7262,3.8690,1.1619,-0.0674,-0.5296
-0.6752,4.0725,6.8594,0.2138,-0.5935,-0.9922,-7.8266,-1.5131,3.7421,1.0503,0.0175,-0.4692
-0.6297,4.1539,7.1826,0.2053,-0.3417,-0.8387,-7.9392,-1.4509,3.8642,0.8022,0.2398,-0.2810
0.0838,4.6232,7.4005,0.2731,-0.3206,-0.8002,-8.3725,-0.8811,4.0869,0.7145,0.1527,-0.1845
-0.2394,4.8028,6.8953,0.1768,-0.5614,-0.6435,-7.4627,-0.3663,4.3622,0.8099,-0.1875,-0.2731
0.5387,4.8171,7.2568,-0.0009,-0.4040,-0.6579,-7.6902,-0.4238,4.7908,0.6031,0.0818,-0.4557
0.4741,4.7118,7.7333,0.0216,-0.4876,-0.7028,-7.8745,-0.9266,4.8291,0.6987,-0.0464,-0.4477
0.1963,4.4939,7.2401,0.0679,-0.4752,-0.7570,-7.8003,-1.1372,4.8052,0.7653,-0.0133,-0.4245
0.1077,4.2784,6.9983,0.0249,-0.2935,-0.7990,-7.4579,-0.7063,4.1899,0.6836,0.1767,-0.4803
-0.1844,4.3144,7.0773,-0.0430,-0.3689,-0.8242,-7.7644,-1.1349,4.2737,0.6841,0.1292,-0.4987
-0.1101,4.4221,7.1108,0.0063,-0.2502,-0.8705,-7.5369,-0.5986,3.6559,0.6919,0.2297,-0.5453
-0.1532,4.6974,6.9911,-0.0926,-0.5029,-0.8106,-7.6878,-0.5698,3.9911,0.7093,0.0452,-0.6011
-0.1987,4.6448,7.0892,-0.1422,-0.3416,-0.8456,-7.9679,-0.9050,4.2186,0.6086,0.1981,-0.6279
-0.0048,4.5921,8.1882,-0.2265,-0.4022,-0.8219,-8.4348,-1.4437,4.7621,0.5513,0.1841,-0.6523
0.5650,3.9720,8.8609,-0.0798,-0.6105,-0.8993,-8.5377,-2.7605,6.0310,0.7686,-0.0314,-0.5461
0.0694,3.5841,9.0142,0.1937,-0.0866,-0.9927,-8.5353,-2.8563,4.8363,0.8880,0.4918,-0.3826
-0.8811,3.2920,7.7333,0.4868,-0.0437,-1.0463,-8.3246,-2.3296,3.2585,1.0906,0.4687,-0.2322
-1.7573,3.4189,5.8395,0.4767,-0.1340,-0.9641,-7.2520,-1.0726,1.7190,1.0697,0.1617,-0.1324
-2.1691,3.6655,4.6855,0.1700,-0.0073,-0.7701,-6.9815,-0.4022,1.2163,0.5638,0.4561,-0.2453
-1.2761,3.7709,5.6455,-0.0646,0.0586,-0.5922,-7.2903,-0.7829,1.7645,0.3164,0.3845,-0.2786
-1.1013,3.6200,5.9520,-0.1029,-0.1856,-0.5249,-7.1180,-0.9744,2.6815,0.3809,0.0905,-0.3331
-0.8356,3.6751,6.5314,-0.1083,-0.2084,-0.4864,-7.2664,-1.0343,2.8730,0.3572,0.1039,-0.4090
-0.7685,3.7493,6.2130,-0.1250,-0.2141,-0.5136,-7.7357,-1.0918,3.4237,0.3880,0.1592,-0.3632
-1.3719,3.8571,6.9767,-0.0985,0.0915,-0.7525,-8.2624,-1.0151,2.9880,0.4563,0.5680,-0.5011
-2.8108,4.7429,6.8163,-0.0029,0.0779,-0.8620,-9.3948,-0.1820,1.3982,0.6201,0.6062,-0.5994
-3.8020,5.4995,6.6391,-0.1986,-0.2302,-0.7655,-10.1754,0.0335,0.9385,0.4263,0.3026,-0.6368
-2.1452,4.9823,7.8434,-0.4914,-0.6912,-0.5713,-9.5744,-0.9816,3.2705,0.3202,-0.1721,-0.6566
-0.7135,4.1875,8.8514,-0.3620,-0.2563,-0.7089,-9.1961,-2.5929,5.4157,0.3453,0.2798,-0.6187
-0.9433,3.7900,8.5114,0.1599,0.0905,-0.8640,-8.7819,-2.3559,3.5482,0.7842,0.4792,-0.3788
-1.2809,3.6440,6.3183,0.4185,-0.2892,-0.9482,-7.4124,-0.6776,1.6975,1.1471,0.1074,-0.4182
-1.7837,3.5721,4.1061,0.1945,-0.9815,-1.0492,-6.5673,0.1580,1.1301,1.2156,-0.4413,-0.5738
-2.3990,3.5578,3.6775,-0.4451,-0.4221,-0.9459,-6.7349,0.0886,0.8308,0.4639,0.1077,-0.8913
-2.5833,3.4189,6.4165,-0.8242,0.1711,-0.8335,-8.2911,-1.6305,1.5993,-0.2145,1.1040,-1.1319
-2.1668,3.2322,8.5281,-0.7959,-0.2538,-0.6475,-9.5122,-3.3136,2.3655,0.0765,0.0995,-0.8659
-1.7502,3.0646,9.4499,-0.3693,-0.2718,-0.5991,-9.6103,-3.9097,3.0885,0.3227,0.2549,-0.6109
-1.8268,2.9137,9.2225,0.1522,-0.5405,-0.6431,-9.6917,-3.9576,3.2298,0.7698,-0.1881,-0.3625
-2.1452,2.9688,7.8889,0.3837,-0.5983,-0.5597,-8.9950,-2.9018,2.2410,0.9040,-0.4086,-0.0714
-2.5546,3.1292,6.8163,0.3344,-0.2028,-0.4406,-8.5521,-2.1907,1.9106,0.5295,0.1544,-0.0261
-2.1021,3.0335,7.6926,0.2562,-0.0432,-0.3230,-8.6862,-2.6049,2.1572,0.3922,0.1035,0.0477
-2.1380,3.1316,7.4172,0.3714,-0.2208,-0.2730,-8.6862,-2.4995,2.0686,0.5027,-0.0342,0.1733
-2.0279,3.1173,6.7995,0.3836,-0.0706,-0.2376,-8.1020,-1.7454,1.8244,0.4199,0.0053,0.1358
-2.1117,3.3782,6.6559,0.2277,-0.1448,-0.1688,-8.3629,-1.6065,1.6879,0.2799,0.0750,0.0978
-1.9537,3.3064,6.5553,0.1262,-0.1358,-0.1549,-8.0373,-1.6855,2.0901,0.2061,-0.0945,0.0442
-2.0590,3.4405,6.6008,0.0878,0.0092,-0.1657,-8.1858,-1.5155,1.6400,0.1396,0.1435,-0.0208
-2.6217,3.6057,6.2968,0.0135,-0.2044,-0.0690,-8.3462,-1.2665,1.3001,0.1422,-0.2065,-0.0199
-2.3224,3.6895,6.7732,-0.0533,-0.2662,-0.0039,-8.5066,-1.6975,1.7597,0.0333,-0.1250,-0.0325
-1.9537,3.5937,7.1994,-0.0157,-0.1816,0.0484,-8.7173,-2.2984,2.5690,-0.0012,-0.1487,0.0612
-1.3767,3.4117,7.8147,0.0316,-0.0521,0.1067,-8.6646,-2.4780,3.1101,-0.0436,-0.0457,0.1412
-1.5730,3.3974,8.0397,0.1733,0.0998,0.0834,-9.0237,-2.6384,2.8706,0.0241,0.0596,0.2649
-2.4541,3.9696,7.5346,0.3428,0.0039,0.1426,-9.1866,-1.3838,1.4581,0.1045,-0.1812,0.3159
-2.2218,3.9911,7.0150,-0.0145,-0.5549,0.3929,-8.7532,-1.4868,2.5786,-0.1204,-0.6643,0.2505
-0.7183,3.7326,8.4779,0.0321,-0.0378,0.4086,-8.7340,-2.6097,4.4269,-0.2693,-0.1119,0.3002
-0.4477,3.8331,8.2145,0.2848,0.1011,0.2649,-8.5138,-2.1284,4.2449,-0.0203,-0.0963,0.4139
-1.1301,4.1755,6.9983,0.2912,0.0983,0.2535,-8.2217,-1.2019,3.2825,-0.0069,-0.0927,0.4903
-0.9218,4.1922,6.9336,0.1295,0.3292,0.2928,-8.1331,-1.1899,3.1077,-0.2904,0.1887,0.4150
-0.8212,3.9337,7.1180,0.0592,0.2799,0.3401,-7.9464,-1.5251,3.5147,-0.3212,0.0032,0.4077
-0.5674,3.7781,7.1299,0.0679,0.3031,0.3600,-7.6207,-1.5419,3.4381,-0.3437,0.0726,0.3976
-0.6488,3.8259,6.9288,0.1021,0.2944,0.3243,-7.6231,-1.2067,2.9760,-0.2754,0.0434,0.4110
-0.9002,4.0510,6.3183,0.0658,0.1414,0.3369,-7.5082,-0.8212,2.6145,-0.2695,-0.0751,0.3379
-1.0870,4.2928,5.5857,-0.0556,0.1536,0.4054,-7.2712,-0.1652,2.6025,-0.3905,-0.1619,0.2701
-1.0367,4.5514,6.0861,-0.2758,0.2213,0.4105,-7.6112,-0.3232,2.8802,-0.5977,0.0312,0.1347
-0.9050,4.6471,6.8307,-0.1955,0.1264,0.4748,-8.1163,-0.8452,3.3662,-0.4888,-0.1647,0.2264
-0.5722,4.6352,6.6655,-0.1777,0.0866,0.4329,-7.9799,-0.7039,3.7445,-0.4871,-0.1523,0.2061
-0.5794,4.6663,7.3670,-0.1206,0.2906,0.4592,-8.3270,-1.0391,4.0055,-0.5391,0.0185,0.3228
-0.5315,4.9225,7.4268,0.0149,0.2506,0.4790,-8.3294,-0.8045,3.8140,-0.4397,-0.0617,0.3714
-0.5052,5.0996,6.8929,0.0179,0.1139,0.4938,-8.1954,-0.2897,3.6943,-0.3810,-0.1773,0.3858
-0.4238,5.0757,6.9264,-0.0795,0.3090,0.4623,-8.2025,-0.3783,3.8618,-0.4875,0.0525,0.3528
-0.3783,5.0685,7.0581,-0.0838,0.2148,0.4563,-8.1714,-0.5794,4.1970,-0.4775,-0.1267,0.3481
-0.2562,4.7956,7.1539,-0.1263,0.2879,0.4867,-8.0134,-0.8068,4.3431,-0.5636,0.0384,0.3400
-0.5866,4.5897,7.6519,-0.0661,0.5115,0.4331,-8.3438,-1.2043,3.6105,-0.5409,0.2152,0.3523
-1.1779,4.6567,6.1675,0.0180,0.2650,0.5409,-7.9033,-0.2274,2.8898,-0.4648,-0.2014,0.4481
-1.0367,4.7214,6.0406,-0.2826,0.2647,0.5853,-7.8075,-0.1508,3.1412,-0.7472,-0.0384,0.3184
-0.6369,4.6855,7.5010,-0.3152,0.6311,0.6495,-8.5880,-1.1612,3.5171,-0.9216,0.2813,0.3484
-0.5435,4.8961,7.2042,-0.1875,0.3124,0.7027,-8.1906,-0.5890,3.5698,-0.7478,-0.2276,0.4277
-0.1221,4.9416,6.6248,-0.2681,0.2084,0.7438,-7.7357,-0.5195,4.3790,-0.7516,-0.2686,0.4623
-0.2490,5.2744,6.3111,-0.1118,0.7153,0.6576,-7.3765,0.4238,3.6033,-0.8190,0.2450,0.4169
-0.6991,5.1595,5.4899,-0.3511,0.2606,0.6903,-7.4172,0.7446,3.1436,-0.8056,-0.2277,0.2733
-0.8356,5.0566,6.2058,-0.4786,0.5031,0.6488,-7.9224,-0.1748,3.6200,-0.9792,0.1593,0.1840
-1.4413,5.4324,7.2832,-0.3377,0.5781,0.7608,-8.8466,-0.4788,3.1220,-0.9152,0.1167,0.2623
-2.0638,5.8059,7.2137,0.0144,0.2350,1.1045,-9.0788,-0.1867,3.2298,-0.7614,-0.3252,0.4113
0.1676,5.6527,6.2584,-0.0759,-0.0430,1.1518,-8.3606,-0.1365,3.2657,-0.7691,-0.6583,0.6539
0.1987,5.7892,5.7174,0.0123,0.6239,0.7966,-7.4029,1.3551,3.9049,-0.7926,0.1174,0.4521
-0.0622,5.9520,6.2225,-0.2209,0.2643,0.8027,-8.0134,0.8571,4.3455,-0.7642,-0.0978,0.4814
-0.0287,5.7533,6.5194,-0.2277,0.5513,0.5431,-7.9128,0.1748,4.8937,-0.8280,0.1448,0.3882
0.1269,5.0206,6.7325,-0.2337,0.8103,0.4926,-7.8506,-0.7207,5.0254,-0.8029,0.4619,0.4116
-0.8978,4.9416,6.9983,0.0432,1.0925,0.2916,-8.1068,-0.1365,2.4995,-0.5765,0.6218,0.4092
-2.0446,5.7365,4.2545,0.0099,0.3693,0.4149,-7.9607,1.7166,0.8332,-0.4784,-0.0977,0.3655
-1.8699,5.7964,4.9560,-0.6760,0.0325,0.5734,-8.3414,0.5866,2.8228,-0.9462,-0.1148,0.1740
-1.0558,5.2792,7.6519,-0.5372,0.9357,0.5613,-8.8538,-0.8715,4.0558,-1.2145,0.6030,0.1368
-0.7039,5.9065,9.3134,0.4616,-0.2419,0.5612,-9.2727,-1.0080,3.8068,0.0450,-0.5325,0.5129
-0.0862,5.3415,4.2162,-0.0289,0.7533,0.5076,-6.3758,1.7214,3.4117,-0.8255,0.7618,0.3248
-1.3455,6.0382,6.8833,-0.1973,0.5637,0.4691,-9.1028,0.3136,3.1029,-0.6656,0.7124,0.2758
-1.1061,5.6312,6.4476,-0.0029,-0.1707,0.4033,-8.1977,0.4262,3.4165,-0.0858,-0.8708,0.3824
-0.7015,4.5298,6.5386,-0.3337,-0.0285,0.4333,-7.7381,-0.9433,3.9863,-0.5057,0.0384,0.1687
-0.9553,4.3862,7.1347,-0.0446,0.8467,0.3070,-8.0325,-0.8212,2.7438,-0.4962,0.3982,0.2577
-1.2761,4.1707,5.7317,-0.3465,-0.0516,0.3192,-7.6638,-0.4453,2.6432,-0.5039,-0.1384,0.0596
-1.3791,4.0773,7.1228,-0.3604,0.3419,0.3211,-8.2121,-1.4676,2.6025,-0.5802,0.2077,0.1021
-2.0231,3.8666,6.6487,-0.3581,0.5365,0.4302,-8.1786,-1.5730,1.8220,-0.7742,0.2611,0.0827
-1.5036,3.5410,7.1539,-0.4319,0.0514,0.5661,-8.2145,-2.0470,2.4014,-0.7025,-0.2938,0.1190
-1.6735,3.7469,7.0557,-0.3132,0.3982,0.6339,-8.3390,-2.1237,2.7461,-0.7859,0.0400,0.2605
-1.3455,3.8259,7.5585,-0.2122,0.1951,0.7063,-8.3079,-1.7693,2.9377,-0.7068,-0.3171,0.3268
-0.8212,3.8690,7.3478,-0.2467,-0.0337,0.7176,-8.1858,-1.6544,3.7278,-0.6688,-0.3808,0.3283
-1.3479,4.0917,7.4603,-0.1813,0.4255,0.6863,-8.5018,-1.8076,3.3064,-0.7665,-0.0097,0.3336
-1.5419,3.9002,7.3119,-0.2962,0.3144,0.7566,-8.5066,-1.8794,3.1388,-0.8116,-0.1692,0.3921
-1.5083,4.0845,7.3933,-0.1851,0.4274,0.7408,-8.5832,-1.7334,2.9329,-0.8094,-0.0564,0.4134
-1.5562,4.3000,6.6272,-0.2778,0.3801,0.8691,-8.1834,-1.0534,2.6624,-0.9212,-0.2098,0.4434
-1.1684,4.0103,7.0629,-0.4198,0.4683,0.9506,-8.1594,-1.6161,3.2154,-1.1438,-0.0625,0.3868
-0.7494,4.0582,7.4148,-0.3768,0.5033,0.9864,-8.0852,-1.6807,3.5195,-1.0930,-0.1907,0.5061
-0.5890,4.1132,6.7636,-0.3178,0.3412,1.0420,-7.7093,-1.1899,3.3471,-1.1062,-0.2783,0.4467
-0.4405,4.1635,6.9695,-0.4671,0.4394,1.0568,-7.6591,-1.1971,3.6416,-1.2025,-0.2236,0.4266
-0.4573,4.3551,6.8594,-0.4796,0.5348,0.9915,-7.8793,-1.0199,3.5602,-1.2101,-0.0857,0.3464
-0.8045,4.4436,7.0605,-0.5343,0.3010,1.0364,-8.3653,-1.3264,3.6607,-1.1918,-0.3251,0.3527
-0.5004,4.1276,7.6375,-0.5409,0.4510,1.0681,-8.1235,-1.6783,3.8930,-1.2418,-0.1769,0.3624
-0.6249,4.1994,7.4915,-0.3792,0.3615,0.9225,-8.0661,-1.4964,3.7589,-0.9717,-0.2955,0.3780
-1.0582,4.2234,6.7038,-0.3315,0.3034,0.9192,-7.9200,-1.1061,3.3567,-0.9490,-0.2781,0.4222
-1.0008,4.4029,7.0701,-0.4481,0.1380,0.8060,-8.1906,-1.0175,3.5003,-0.8949,-0.2939,0.2743
-0.9026,4.4676,7.5561,-0.2089,0.3397,0.6466,-8.5162,-1.2498,3.7948,-0.7005,-0.0753,0.3091
-1.1229,4.2832,7.1419,-0.1423,0.1801,0.5349,-8.3486,-1.3096,3.4836,-0.5059,-0.1771,0.2673
-0.5387,3.9983,7.2209,-0.0789,0.1206,0.4153,-8.0709,-1.6712,3.8020,-0.4338,-0.0890,0.2650
-0.7829,3.6751,6.5721,-0.0625,0.3236,0.2807,-7.6447,-1.6328,3.4429,-0.3922,0.1192,0.2690
-1.3024,3.3878,7.3574,-0.0907,0.4944,0.2429,-7.9152,-1.9752,2.5618,-0.3993,0.3272,0.2549
-2.3655,3.2322,6.5960,-0.0923,0.3858,0.3012,-8.1523,-2.1308,1.6448,-0.4335,0.0919,0.2787
-1.6664,3.2226,7.6136,-0.1675,0.3655,0.3647,-8.5090,-2.3798,2.4421,-0.5444,0.1998,0.2582
-1.7095,3.5841,7.6064,-0.0715,0.2077,0.4061,-8.5473,-2.1093,2.6600,-0.4116,-0.1825,0.3148
-1.6281,3.8978,7.6758,-0.0368,0.1115,0.4287,-8.6957,-1.8340,2.9784,-0.3817,-0.0549,0.3154
-1.0726,4.2737,7.4723,-0.0374,0.1727,0.3968,-8.6359,-1.1875,3.2944,-0.3656,-0.0641,0.2755
-0.8667,5.1092,7.7021,0.0096,0.0061,0.2671,-8.7173,-0.5555,3.7134,-0.2037,-0.1158,0.2077
-0.2658,5.0182,7.1706,-0.1088,-0.2607,0.2459,-8.1044,-0.5555,4.4293,-0.1621,-0.3782,0.1179
0.7470,4.4819,7.8195,-0.0762,-0.0951,0.1154,-7.6878,-1.4796,5.6383,-0.0349,-0.0457,0.0674
0.2610,4.4173,6.6200,0.2738,0.1885,-0.2431,-7.1060,-0.4764,4.3981,0.3112,0.1027,0.0384
-0.8284,4.6424,5.2601,0.0890,-0.1759,-0.2020,-7.4962,-0.1844,2.6863,0.2734,-0.0103,-0.0464
-0.2274,4.8171,5.9280,0.0542,-0.1009,-0.2333,-7.7883,-0.7685,3.1963,0.1312,0.2098,-0.1104
0.0694,4.6591,6.5529,-0.0632,-0.2818,-0.2373,-7.3454,-0.6464,4.3024,0.3226,-0.1695,-0.0457
0.2203,4.6088,6.8594,0.0180,-0.2193,-0.2959,-7.3789,-0.7997,4.4891,0.2844,0.0472,-0.1556
0.6057,4.8890,7.2089,-0.0184,-0.2230,-0.3341,-7.4531,-0.6440,4.6663,0.2799,0.0093,-0.2312
0.9433,5.0135,7.2377,-0.0629,-0.3698,-0.3769,-7.2880,-0.6057,5.2481,0.3369,-0.0425,-0.2571
1.0151,4.8411,7.6136,-0.0597,-0.2260,-0.3873,-7.5226,-1.1899,5.4779,0.3552,0.0585,-0.2341
1.0223,4.5657,7.4699,0.1494,-0.2381,-0.4990,-7.2832,-0.9074,5.0015,0.5760,0.0520,-0.2491
0.4501,4.6088,6.9168,0.1515,-0.5686,-0.5801,-7.3430,-0.7135,4.3838,0.7069,-0.1831,-0.2526
0.0287,4.5155,6.3446,0.0938,-0.3543,-0.5769,-7.3310,-0.8045,4.0007,0.5537,0.0417,-0.3014
-0.2538,4.4724,6.7469,-0.0628,-0.2156,-0.5128,-7.8147,-1.2857,4.0223,0.3511,0.1716,-0.2471
-0.2873,4.5418,7.6351,0.0488,-0.0886,-0.4482,-8.2456,-1.6400,4.1970,0.3407,0.1832,-0.1677
-0.2969,4.6184,7.2688,0.1561,-0.2429,-0.3780,-7.8889,-1.0894,3.8618,0.4506,-0.0416,-0.0917
0.1604,4.5346,6.8690,0.0801,-0.2782,-0.3131,-7.3670,-0.8068,4.1827,0.3702,-0.0528,-0.0625
-0.4764,4.5394,6.8570,0.0305,0.0080,-0.3320,-7.8626,-0.9242,3.2585,0.2439,0.2206,-0.1506
-0.7733,4.6615,6.6750,-0.0390,-0.3051,-0.1915,-7.9344,-0.8068,3.1987,0.2252,-0.1761,-0.1512
-0.4022,4.5777,6.9097,-0.0986,-0.3435,-0.1587,-7.7668,-0.9792,3.9863,0.1462,-0.2324,-0.1447
-0.1030,4.6376,7.1587,-0.0863,-0.0554,-0.0999,-7.8338,-1.0343,4.0797,0.0156,0.0857,-0.0867
0.2011,4.9321,7.4077,0.0188,-0.1723,-0.0797,-7.7596,-0.8428,4.4484,0.1733,-0.1436,0.0103
0.3759,5.0015,6.2537,0.0681,-0.3056,-0.1344,-7.1156,-0.0838,4.6759,0.2547,-0.2485,-0.0274
0.2203,4.5514,6.0382,-0.1996,-0.0188,-0.1907,-7.0868,-0.5028,4.4077,-0.0409,0.1219,-0.2176
-0.9098,4.4748,8.7149,-0.0013,0.2172,-0.1120,-8.9519,-1.7549,2.6336,0.0715,0.4978,-0.1395
-1.0104,5.2792,5.9424,0.3862,-0.6123,-0.1556,-7.4364,0.9984,2.8132,0.5784,-0.9281,0.0232
0.0814,5.2529,5.8754,-0.3178,-1.5829,0.0278,-7.2472,0.1317,5.0757,0.5427,-1.2969,-0.0917
0.9792,5.1619,7.2185,-0.2613,0.6992,-0.2746,-7.3598,-0.3903,5.9161,-0.3624,0.9224,-0.3333
1.5658,4.6831,8.4874,-0.5446,0.3088,-0.2798,-8.1762,-1.9632,6.6104,-0.2423,0.6070,-0.2415
1.0942,4.4819,8.6598,-0.0731,0.6764,-0.4936,-7.8626,-1.8244,5.4612,0.0504,0.6089,-0.1118
-0.0383,4.4341,7.6854,0.0846,0.2393,-0.4445,-7.8841,-1.1732,3.5243,0.1823,0.5077,-0.0605
-0.3591,4.4269,6.3518,0.1088,0.0556,-0.3162,-7.3933,-0.7566,3.2322,0.2815,0.0470,0.0430
-0.0718,4.2497,6.0717,-0.0457,0.0452,-0.3084,-7.0892,-0.5914,3.3040,0.1396,0.3456,-0.0911
-0.4932,4.4748,6.2728,-0.0001,0.1576,-0.2815,-7.4029,-0.5578,3.0023,0.1043,0.2642,-0.1278
-0.4405,4.5514,6.1699,-0.0934,-0.1965,-0.2401,-7.5369,-0.5387,3.1364,0.1813,-0.0068,-0.1535
-0.2993,4.6352,6.3518,-0.0901,-0.0862,-0.2681,-7.5441,-0.3400,3.4836,0.1347,0.1107,-0.1857
-0.0263,4.6304,6.6224,-0.2274,-0.2514,-0.2297,-7.4005,-0.4812,4.0917,0.1041,-0.1025,-0.2778
0.5124,4.3167,7.5441,-0.1561,-0.2702,-0.3605,-7.7452,-1.4437,4.9153,0.2698,0.0746,-0.3368
-0.3950,4.8411,6.3375,0.1613,-0.2698,-0.4979,-7.5489,-0.0072,3.4477,0.5721,-0.1284,-0.2210
-0.4525,4.6735,6.1603,-0.2978,-0.4948,-0.5649,-7.5178,-0.1317,3.7134,0.3106,0.0409,-0.5572
-0.3017,4.5538,7.2065,-0.2715,-0.1506,-0.6314,-8.2887,-1.4437,4.3311,0.2719,0.3186,-0.5224
-0.3376,4.5179,7.5010,-0.1198,-0.2754,-0.7017,-8.0493,-0.9170,4.0151,0.5576,0.1595,-0.4425
-1.0367,4.8937,6.5218,-0.1695,-0.3046,-0.6402,-8.1211,-0.4525,3.3351,0.5614,0.2070,-0.5933
-0.3855,4.3742,7.0581,-0.3576,-0.4358,-0.6602,-8.3079,-1.7430,4.3215,0.3865,0.2153,-0.6029
0.4286,3.8403,8.6048,-0.0580,-0.2522,-0.9178,-8.2839,-2.4493,5.0566,0.7169,0.3768,-0.3821
-0.2658,3.9624,7.1946,0.1636,-0.1324,-1.2233,-8.0206,-1.5778,4.1611,1.0096,0.4839,-0.2894
-1.4365,3.8523,6.9240,0.0754,0.1953,-1.3292,-8.3175,-1.6903,3.1101,0.7877,0.8403,-0.2746
-1.7382,3.7876,8.2720,0.1271,0.3372,-1.2151,-8.8250,-1.9896,2.2266,0.6718,0.9511,-0.2558
-2.0734,4.2952,7.1204,0.2602,-0.1406,-1.0425,-8.9998,-0.8978,1.8100,0.7959,0.1992,-0.1940
-2.1452,4.1851,6.5625,-0.0085,-0.3528,-0.7791,-8.5832,-0.8643,2.2769,0.6734,0.1439,-0.2686
-1.9632,3.8762,6.8426,-0.1941,0.1936,-0.6182,-8.6526,-1.7286,2.6504,0.2278,0.4843,-0.2322
-1.5586,3.1005,7.9679,-0.1002,0.1845,-0.4634,-8.6886,-2.9640,3.2226,0.2563,0.4731,-0.0766
-2.8276,3.4477,6.1914,0.3027,-0.1825,-0.3753,-8.0996,-0.8284,0.5243,0.5610,-0.1448,0.0763
-3.1699,3.6464,5.2888,-0.0111,-0.2749,-0.2389,-8.5401,-0.5962,0.5866,0.1944,-0.1106,-0.0436
-3.1244,3.3519,6.9719,-0.1796,0.1007,-0.2002,-8.8250,-1.5682,1.3551,-0.1828,0.4798,-0.1853
-2.8395,3.1388,7.7764,-0.1151,-0.1390,-0.0642,-9.3972,-2.5738,2.1548,0.1006,-0.1951,0.0648
-2.5211,3.4069,6.5338,0.0818,0.0755,-0.0398,-8.6167,-1.2570,1.7047,0.1151,0.1186,0.0854
-3.1508,4.0270,6.5003,-0.0280,0.1897,0.0734,-9.0237,-0.4956,0.8906,-0.1075,0.1536,0.0747
-2.7342,4.0223,6.8091,-0.1703,-0.0690,0.1396,-9.0190,-1.2139,2.1284,-0.2008,-0.0446,0.0478
-2.8084,4.5681,7.1635,0.0902,0.1126,0.0099,-9.3589,0.1077,0.9768,-0.0183,0.0100,0.0588
-1.5036,3.3064,9.1099,-0.2049,0.2517,0.0987,-9.0501,-2.5426,3.7757,-0.2533,0.2527,0.0286
-2.0279,3.1268,6.6822,-0.3024,0.3874,0.2682,-8.1307,-2.1668,2.4181,-0.5184,0.3044,0.1210
-2.3032,3.1915,6.8522,-0.0173,0.7605,0.2999,-8.1858,-1.0702,0.5315,-0.6254,0.4674,0.2483
-2.4972,2.6695,7.2209,-0.4630,-0.1592,0.5989,-8.6359,-2.5977,1.9704,-0.5462,-0.5508,0.2521
-3.0742,3.3423,6.6439,0.0554,0.8507,0.5251,-8.5808,-1.1277,0.5435,-0.6999,0.5951,0.2353
-2.8228,3.3950,6.2704,-0.4983,-0.3834,0.7009,-8.7628,-1.3072,1.4940,-0.6167,-0.8268,0.1645
-2.0494,3.5099,7.1299,-0.2109,0.4367,0.5489,-8.5401,-1.4485,2.2027,-0.7280,0.2334,0.1326
-2.6959,3.7637,5.9544,-0.2723,0.1023,0.6753,-8.2480,-0.7374,0.6440,-0.6556,-0.2902,0.2012
-2.3750,3.8427,6.0430,-0.2968,0.0207,0.6848,-8.0325,-0.6776,1.2163,-0.7035,-0.4162,0.1563
-2.1596,3.8164,6.5936,-0.4546,-0.0825,0.9128,-8.4156,-1.1085,1.6400,-0.9061,-0.2995,0.1752
-2.0279,3.8571,6.8785,-0.2329,-0.0041,0.9116,-8.4060,-0.9720,2.1596,-0.7783,-0.6126,0.2246
-1.6185,3.7326,6.5027,-0.3908,-0.2890,0.7785,-8.2073,-0.8715,2.6336,-0.6789,-0.5220,0.1208
-1.8555,4.1300,7.0054,-0.3691,0.0169,0.6350,-8.9016,-1.1301,2.7845,-0.7155,-0.3128,0.0622
-2.0973,4.3311,7.3382,-0.3284,0.0430,0.5726,-9.2225,-0.8021,2.1763,-0.5874,-0.0798,-0.0221
-1.6137,4.3598,7.9942,-0.5461,-0.4207,0.5435,-9.2967,-1.1468,3.2801,-0.5149,-0.5738,-0.1611
-0.0646,4.2497,8.4611,-0.3876,-0.5570,0.3168,-8.6886,-1.4557,5.4229,-0.0818,-0.4646,-0.1853
-0.9050,4.6208,6.9815,-0.0618,-0.2761,-0.1098,-8.5856,-0.0335,3.2561,0.2273,-0.1431,-0.2313
-1.0822,4.2425,6.8091,-0.5423,-0.4301,-0.0822,-8.1666,-0.9433,3.5338,-0.1182,-0.2709,-0.4635
-0.6369,2.9066,7.7213,-0.5985,0.0564,-0.1851,-8.1355,-2.8850,4.0797,-0.2349,0.2277,-0.4618
-1.7526,3.0191,8.2121,-0.0644,0.4533,-0.2368,-8.8514,-2.7198,2.2338,-0.0598,0.5007,-0.1807
-1.8818,3.4548,6.8187,0.0922,-0.3950,-0.0482,-8.3414,-1.4700,1.1947,0.2529,-0.3724,-0.0248
-1.5706,3.5386,5.7604,-0.0911,-0.3191,0.0446,-7.7788,-1.0415,1.8052,-0.0012,-0.2795,-0.0348
-1.1779,3.3950,7.1730,-0.2160,-0.0537,0.1635,-8.2576,-1.8220,2.5953,-0.2749,0.0310,-0.0167
-0.6560,3.8188,7.8362,-0.0509,-0.2274,0.1675,-8.3486,-1.8938,3.6344,-0.0589,-0.3692,0.0885
0.2274,4.0654,7.1802,0.0861,-0.3234,0.1073,-7.7788,-1.0894,4.0654,0.1143,-0.2813,0.1651
0.2346,4.6424,6.9240,0.0474,-0.0941,0.0096,-7.6184,-0.3783,4.1515,0.0320,-0.1034,0.0885
-0.0575,4.7190,7.2664,-0.0245,-0.1383,0.0035,-7.9679,-0.5363,4.1324,0.0159,-0.0830,-0.0071
0.2849,4.5825,7.7117,0.0020,-0.1760,0.0059,-8.2624,-1.1588,4.4772,0.0687,-0.0818,0.0281
0.2921,4.4388,7.3071,0.1311,-0.1063,-0.1323,-7.8027,-0.6967,4.2473,0.2169,-0.0877,0.0370
0.0742,4.4963,6.8690,0.0434,-0.2261,-0.1504,-7.6734,-0.6201,4.1563,0.2141,-0.0794,-0.0204
0.2274,4.5370,6.9336,0.1009,-0.0870,-0.2380,-7.6758,-0.5195,4.0007,0.2357,0.0799,-0.0686
0.0814,4.4867,6.6702,0.0285,-0.2056,-0.2886,-7.6399,-0.4836,3.9935,0.2843,-0.0171,-0.1338
0.1317,4.5179,6.9623,0.0857,-0.0458,-0.3415,-7.7620,-0.7614,4.1444,0.2797,0.1951,-0.0850
0.2107,4.4796,6.8738,0.1911,-0.0954,-0.4330,-7.6255,-0.6273,4.1683,0.4557,0.1061,-0.0224
0.0263,4.5681,6.1866,0.2570,-0.0890,-0.4980,-7.3502,-0.1149,3.8068,0.5153,0.1775,-0.0782
-0.3567,4.7788,6.3853,0.1629,0.0065,-0.5073,-7.8338,-0.2873,3.5793,0.4251,0.2625,-0.0690
-0.5052,4.9584,7.0461,0.2333,0.0199,-0.5024,-8.3797,-0.1987,3.4141,0.4545,0.3364,-0.0562
-0.5866,5.3295,6.9216,0.1727,-0.3384,-0.3689,-8.4276,0.0694,3.5051,0.4624,-0.1968,-0.0763
0.0982,5.0589,7.4460,-0.0228,-0.4269,-0.2678,-8.3462,-0.5315,4.3000,0.3293,-0.1303,-0.1715
-0.1149,4.6160,8.2672,0.0590,-0.2931,-0.3164,-8.7580,-1.4389,4.2401,0.3680,-0.0420,-0.1931
-0.3448,4.1707,7.8626,0.2330,-0.5765,-0.3673,-8.2337,-1.1899,3.7613,0.6694,-0.4021,-0.1304
-0.6919,4.1946,6.2704,0.1568,-0.4736,-0.3968,-7.5298,-0.4549,3.2154,0.5922,-0.2539,-0.1871
-1.1636,4.4891,5.7628,-0.0490,-0.2077,-0.4041,-7.7572,-0.0599,2.6193,0.3019,0.1443,-0.3316
-0.6488,4.6735,6.4620,-0.2618,-0.3328,-0.3525,-7.9535,-0.2682,3.2154,0.2266,-0.0778,-0.3837
-0.3496,4.8315,6.6870,-0.3167,-0.2253,-0.3806,-8.0062,-0.2729,3.7469,0.1448,0.0111,-0.4391
-0.1269,5.1284,7.0102,-0.3368,-0.1916,-0.3720,-8.0278,-0.1508,3.9696,0.1279,0.0232,-0.4497
0.2514,5.2912,7.0102,-0.3246,-0.3014,-0.3685,-7.9248,-0.0215,4.4101,0.1825,-0.0486,-0.4541
0.5291,5.0949,6.8235,-0.2671,-0.2216,-0.4627,-7.7237,0.0239,4.5394,0.2434,0.0731,-0.4794
0.6560,5.0781,7.1036,-0.2096,-0.2380,-0.5570,-7.7620,-0.0838,4.6328,0.3601,0.1274,-0.4433
0.5555,4.9656,6.7493,-0.1140,-0.2598,-0.6491,-7.5513,-0.1796,4.6256,0.4942,0.0911,-0.4551
0.4022,4.8985,6.5122,-0.0618,-0.1929,-0.7452,-7.3430,-0.2155,4.4221,0.5481,0.2625,-0.4293
0.0192,4.7262,6.8857,-0.0666,-0.0922,-0.7777,-7.7668,-0.4501,3.7421,0.5367,0.3881,-0.4614
-0.4525,4.9632,6.5505,-0.0129,-0.2846,-0.6929,-8.0421,-0.1460,3.0335,0.5959,0.0781,-0.3928
-0.6273,4.7812,6.2991,-0.2102,-0.5300,-0.5682,-7.6830,-0.0790,2.9784,0.4298,-0.1913,-0.4899
0.3041,4.0773,7.7572,-0.3873,-0.5576,-0.5299,-7.9775,-1.5586,4.5226,0.3250,-0.0410,-0.6267
0.4118,3.6943,8.3582,-0.0753,-0.3639,-0.6368,-8.1355,-2.3104,5.1140,0.5838,0.0536,-0.4177
0.2945,3.5961,7.9775,0.1194,-0.3210,-0.7941,-7.8290,-1.9872,4.3527,0.7508,0.1498,-0.3608
0.0048,3.6416,7.4340,0.2041,-0.2262,-0.8370,-7.8290,-1.7095,4.0031,0.8010,0.2454,-0.2868
-0.2203,3.4884,7.4412,0.1851,-0.2188,-0.8118,-7.8602,-2.1069,3.7685,0.7421,0.2971,-0.2467
-0.2849,3.6105,7.4771,0.2856,-0.1331,-0.7783,-7.7812,-1.4605,3.0311,0.7593,0.2601,-0.2185
-0.8547,3.7757,6.7852,0.1232,-0.4290,-0.6511,-7.8123,-1.1708,2.8276,0.6857,-0.0332,-0.2828
-0.1556,3.7876,7.3478,0.0084,-0.3504,-0.6093,-7.8578,-1.4078,3.8259,0.5436,0.0818,-0.3332
-0.2705,3.5482,6.9121,-0.0846,-0.2690,-0.6302,-7.5920,-1.4198,4.0366,0.4759,0.0826,-0.3901
-1.1181,3.2489,8.1666,-0.1968,0.1102,-0.5942,-8.7173,-2.8060,3.1340,0.2118,0.5810,-0.3982
-1.0894,3.2298,8.1355,0.0358,0.0749,-0.5045,-8.8011,-2.6815,3.1603,0.3379,0.2964,-0.1727
-0.5435,3.6464,7.5992,0.1130,-0.1480,-0.3861,-8.0373,-1.7502,3.4884,0.4181,0.0177,-0.0276
0.1077,3.7733,7.1012,0.0477,0.0095,-0.4391,-7.4364,-1.1277,3.8355,0.3340,0.2422,-0.1318
-0.1987,3.6224,6.6128,-0.0269,-0.2268,-0.6155,-7.3287,-1.1061,3.3160,0.5244,0.1120,-0.3429
-0.5794,3.6751,6.6367,-0.0669,-0.1279,-0.7040,-7.5609,-1.0271,3.0215,0.4912,0.3104,-0.4387
-0.7590,3.6392,7.3861,-0.1515,-0.3876,-0.7023,-7.9416,-1.6209,3.3160,0.5541,0.0735,-0.5079
-0.7661,3.4357,7.4939,-0.0055,-0.3411,-0.7661,-8.0924,-1.7980,2.9640,0.6745,0.1484,-0.5023
-1.4222,3.5841,6.8857,-0.0077,-0.5028,-0.7585,-8.3294,-1.5826,2.3296,0.7280,-0.0915,-0.5004
-1.8172,3.5650,7.0820,-0.0901,-0.4366,-0.6620,-8.4204,-1.6328,2.0111,0.5617,0.0236,-0.4786
-1.5490,3.5889,7.5776,-0.0967,-0.5292,-0.5829,-8.5904,-1.9632,2.7054,0.5621,-0.1200,-0.4698
-1.4030,3.6200,7.4077,-0.0408,-0.5347,-0.5488,-8.5042,-1.8028,2.7916,0.5726,-0.1789,-0.4146
-1.2330,3.6057,7.2712,-0.0761,-0.4481,-0.5267,-8.3677,-1.7190,3.0478,0.5027,-0.0673,-0.4076
-0.9170,3.6033,7.3430,-0.0983,-0.3559,-0.5749,-8.2863,-1.8004,3.1556,0.4786,0.0087,-0.3892
-0.9242,3.6081,7.3765,-0.0887,-0.3463,-0.5546,-8.1882,-1.6137,2.9449,0.4752,-0.0068,-0.3583
-0.8787,3.6416,7.3215,-0.1271,-0.3260,-0.5729,-8.3821,-1.9944,3.4189,0.4114,0.1146,-0.3982
-0.6895,3.4213,8.0493,0.0164,-0.1142,-0.7109,-8.3438,-2.1500,3.4788,0.5392,0.2490,-0.2639
-1.1612,3.4596,7.5226,0.0536,-0.1615,-0.6552,-8.3629,-1.9489,3.0526,0.5171,0.1919,-0.2237
-1.0702,3.3615,7.8195,0.0580,-0.0517,-0.6412,-8.5425,-2.3750,3.1987,0.4310,0.3601,-0.1219
-1.1037,3.0454,8.4276,0.1123,-0.0040,-0.4477,-8.3893,-2.5163,3.5051,0.3204,0.4584,0.1049
-0.6057,3.0191,8.1475,0.2459,0.0982,-0.5696,-8.3007,-2.4205,2.9999,0.3609,0.3973,0.0221
-1.3958,3.2034,7.5561,0.1338,0.1332,-0.4888,-8.4300,-2.2577,2.6647,0.3299,0.3283,0.0353
-1.8244,3.4955,7.8745,0.1707,0.2801,-0.3203,-8.9926,-2.1428,2.1644,0.1400,0.4275,0.1274
-1.4174,3.5650,7.2449,0.0292,-0.0882,-0.0677,-8.7676,-1.8747,2.6624,0.0349,-0.0650,0.1671
-0.8308,3.4237,7.8889,0.0096,0.2032,0.0076,-8.7580,-2.1165,3.1508,-0.1324,0.1895,0.1960
-1.1444,3.6176,7.7285,0.0843,0.2797,0.0472,-8.4563,-1.6472,2.8156,-0.1518,0.2037,0.2264
-1.3623,3.4836,7.2712,-0.0318,0.0999,0.1759,-8.3869,-1.6448,2.6624,-0.2162,-0.0312,0.2538
-1.0032,3.3208,7.5010,-0.0152,0.3599,0.1823,-8.2768,-1.8411,2.7845,-0.3568,0.2598,0.4254
-0.8643,3.3016,7.2042,0.0490,0.3460,0.2670,-7.7476,-1.3479,2.5498,-0.2982,0.0750,0.4227
-1.0894,3.4309,6.3782,-0.0378,0.3317,0.2798,-7.5896,-0.8452,2.1715,-0.4090,0.1256,0.3136
-1.5131,3.5362,6.2345,-0.2213,0.4555,0.3846,-7.8171,-1.0439,2.0231,-0.6616,0.1689,0.2519
-1.2665,3.4500,6.9935,-0.2490,0.4615,0.5285,-8.0302,-1.5610,2.2027,-0.7188,0.2204,0.2994
-1.0247,3.4500,6.8666,-0.1675,0.3296,0.5460,-7.8362,-1.3312,2.5690,-0.6269,-0.0802,0.2846
-1.2498,3.5219,6.5673,-0.2405,0.3557,0.6166,-7.8099,-1.0965,2.4397,-0.7152,-0.0213,0.2999
-1.0319,3.7110,6.6798,-0.2619,0.3733,0.6961,-8.0086,-1.1109,2.5498,-0.8595,0.0353,0.2832
-0.7877,3.6871,6.9839,-0.3207,0.3291,0.7346,-7.8961,-1.1708,2.7414,-0.8589,-0.1428,0.3251
-1.0463,3.8954,7.0366,-0.3115,0.3953,0.7911,-8.1451,-1.0726,2.8946,-0.9310,-0.0322,0.3228
-1.0630,4.4317,7.2760,-0.2691,0.3559,0.8454,-8.2959,-0.5387,2.8778,-0.8764,-0.1672,0.3750
-0.9697,4.6064,6.6439,-0.3608,0.1323,0.8981,-8.2672,-0.0982,3.0933,-0.9627,-0.3492,0.2825
-0.6416,4.7262,7.5226,-0.5668,0.1404,0.9727,-8.6407,-0.6249,3.8164,-1.1237,-0.3131,0.2077
-0.2227,4.6663,8.3534,-0.4303,0.1486,0.9236,-8.9783,-1.3216,4.4269,-0.9978,-0.2919,0.2328
-0.0982,4.3167,7.9080,-0.3170,0.0522,0.8296,-8.4970,-1.3360,4.8674,-0.7589,-0.4998,0.3240
-0.9744,4.2904,7.1012,-0.2244,0.4648,0.7396,-8.4970,-0.9888,3.3878,-0.8549,0.0717,0.3332
-1.2689,4.2473,7.1946,-0.2213,0.3677,0.8170,-8.5090,-0.9361,2.8467,-0.8388,-0.1544,0.4229
-1.1349,4.2760,6.7301,-0.1753,0.3545,0.8259,-8.2025,-0.6153,2.8204,-0.8624,-0.1027,0.4502
-0.8739,4.3862,6.5960,-0.2531,0.4221,0.8899,-8.0685,-0.5722,3.0406,-0.9725,-0.0831,0.4598
-0.6416,4.4748,6.9695,-0.2714,0.4273,0.8871,-8.1116,-0.5483,3.5051,-0.9762,-0.0803,0.4539
-0.4812,4.4700,7.0725,-0.2739,0.3527,0.9348,-8.0637,-0.5387,3.5099,-0.9815,-0.1913,0.4295
-0.1293,4.4221,7.3215,-0.2839,0.3064,0.9459,-8.0661,-0.9242,3.9840,-0.9674,-0.1683,0.4385
0.0622,4.4724,7.0390,-0.1507,0.3521,0.8567,-7.9392,-0.6584,4.0247,-0.8505,-0.1845,0.4814
-0.3615,4.5681,6.8833,-0.1544,0.3817,0.8408,-7.9320,-0.4238,3.5578,-0.8525,-0.0815,0.4710
-0.5602,4.6208,6.9480,-0.1027,0.4305,0.8026,-8.1020,-0.4094,3.6081,-0.8235,-0.0449,0.5097
-0.6919,4.7645,7.2975,-0.1491,0.4486,0.8418,-8.4491,-0.3448,3.1053,-0.8641,0.0099,0.5167
-0.9984,4.8722,6.7780,-0.1347,0.3226,0.8724,-8.2097,-0.1437,3.0382,-0.8593,-0.2805,0.5056
-0.9625,4.4676,6.6128,-0.2521,0.2523,0.9321,-8.0373,-0.5483,3.1627,-0.9122,-0.2529,0.4768
-1.3671,4.2569,7.2951,-0.1095,0.5057,0.9904,-8.7053,-1.1899,2.5881,-1.0028,0.0490,0.5411
-1.1037,4.6112,6.8019,0.0000,0.1783,1.0162,-8.2169,-0.2610,2.5905,-0.7727,-0.5813,0.6552
-0.9697,5.0446,5.9855,-0.0492,0.0989,1.0364,-7.9775,0.6129,2.8515,-0.8399,-0.3413,0.5777
-0.2514,5.1787,6.5362,-0.2621,0.1088,0.9739,-7.8913,0.5794,3.8762,-0.9236,-0.4130,0.4037
0.7949,4.6424,7.4244,-0.3023,-0.2018,0.8045,-7.6638,-0.3424,5.3702,-0.6773,-0.5177,0.2765
1.0319,4.1420,7.9847,-0.2012,0.1591,0.5546,-7.9176,-1.2354,5.4277,-0.5060,-0.0885,0.2220
0.1053,4.1539,7.7045,-0.0104,0.3889,0.2996,-8.0302,-1.0822,4.3646,-0.3507,0.1966,0.2423
-0.7183,3.9456,7.3023,-0.1042,0.2473,0.2931,-8.4707,-1.3408,3.4453,-0.3766,0.0902,0.1993
-0.6752,3.6631,7.5346,-0.2045,0.3265,0.3553,-8.1834,-1.6568,3.3327,-0.5275,0.1262,0.1927
-0.4932,3.1196,7.4891,-0.2586,0.2919,0.4299,-7.9440,-2.0542,3.4955,-0.5947,-0.0033,0.2160
-0.9122,2.6959,7.9775,-0.3395,0.5252,0.4983,-8.2289,-2.6647,2.8323,-0.8071,0.2855,0.1828
-1.3599,2.4086,8.1307,-0.3014,0.5039,0.6226,-8.4898,-3.2178,2.5211,-0.8364,0.0773,0.2783
-1.4844,2.3176,7.7261,-0.3135,0.5085,0.7963,-8.3366,-3.0622,2.4086,-1.0100,0.0083,0.3668
-1.2163,2.5929,7.4316,-0.3577,0.5774,0.9510,-8.0637,-2.5211,2.6695,-1.1150,-0.0681,0.4707
-0.9122,2.8539,7.2018,-0.4726,0.6123,0.9477,-7.8721,-1.9704,3.1029,-1.2369,0.0670,0.3508
-0.8859,3.2130,7.2281,-0.5377,0.6655,0.9269,-8.0469,-1.9034,3.3854,-1.2765,0.0444,0.3572
-1.2067,3.6368,7.8578,-0.4811,0.8366,0.8945,-8.6215,-1.5634,2.7773,-1.2805,0.3235,0.3167
-1.4509,3.5961,6.8498,-0.5951,0.4927,0.9678,-8.2384,-1.4054,2.6552,-1.2541,-0.2182,0.2980
-1.3551,3.3495,7.3789,-0.5351,0.7903,0.9609,-8.3079,-1.8196,2.4756,-1.3019,0.2964,0.3203
-1.9585,3.6966,6.5529,-0.3564,0.6522,0.9522,-8.2911,-1.1564,1.7119,-1.1239,-0.0877,0.4163
-1.8435,3.9624,6.4907,-0.3806,0.2498,0.9848,-8.0397,-0.6129,1.8459,-1.0447,-0.3126,0.3361
-1.4772,3.9265,6.6463,-0.4461,0.2030,1.0176,-8.2217,-1.1516,2.7007,-1.0872,-0.3283,0.3676
-1.0846,3.6703,7.5561,-0.2675,0.4157,0.9061,-8.5210,-1.7047,3.0933,-0.9606,-0.0344,0.3742
-1.4317,3.7517,7.5154,-0.1370,0.1148,0.7959,-8.5904,-1.3767,2.6049,-0.6494,-0.4030,0.4387
-1.6400,3.6583,6.5697,-0.1091,0.1015,0.7212,-8.1163,-1.0415,2.4612,-0.6423,-0.3200,0.3649
-1.1684,3.3854,7.5753,-0.1973,0.1022,0.6925,-8.5641,-1.9489,2.8539,-0.6616,-0.1555,0.3332
-1.1660,3.4046,7.9392,-0.0320,0.0922,0.5641,-8.5760,-1.8699,2.8276,-0.4518,-0.2627,0.3389
-0.9122,3.3734,7.4196,-0.0185,-0.1275,0.4790,-8.1882,-1.6328,3.1556,-0.3281,-0.3597,0.3114
-1.2067,3.3375,7.6950,0.0116,0.0356,0.4028,-8.3366,-1.9680,3.0191,-0.3127,-0.1282,0.2681
-1.3144,3.2801,7.4867,0.0364,-0.0180,0.4149,-8.3055,-1.8531,2.5642,-0.2368,-0.2385,0.2591
-1.1636,3.2346,7.3430,0.0238,-0.1399,0.3627,-8.2049,-1.9273,2.7845,-0.1986,-0.2994,0.2133
-0.8475,3.2489,7.1371,0.0229,-0.0807,0.3331,-7.8434,-1.6137,2.8084,-0.1992,-0.2625,0.2126
-0.7302,3.2274,6.8235,-0.0605,-0.0729,0.3255,-7.6614,-1.4988,2.9616,-0.2329,-0.2028,0.1621
-0.8499,3.2801,7.2712,-0.1115,0.0685,0.2429,-8.0134,-1.8435,2.7821,-0.2938,-0.0177,0.0747
-0.9242,3.1699,7.5753,-0.1192,-0.0325,0.2482,-8.1187,-1.9944,2.9113,-0.2250,-0.1628,0.0969
-0.9098,3.1029,7.1826,-0.1455,-0.0674,0.2685,-7.9248,-1.9944,3.1651,-0.2549,-0.2020,0.0661
-0.4788,3.0287,7.3430,-0.1973,0.0478,0.2064,-7.6495,-1.7813,2.9521,-0.2609,-0.0276,0.0075
-0.4597,2.9951,7.0988,-0.2022,-0.2389,0.1291,-7.5800,-1.9393,3.5075,-0.0890,-0.2766,-0.0298
-0.3519,3.2513,7.4077,-0.1132,-0.0424,0.0266,-7.8027,-1.7095,3.3279,-0.0637,-0.0149,-0.0713
-0.8068,3.3471,7.4101,-0.1727,-0.1761,-0.0526,-8.0756,-1.8914,3.1220,-0.0156,-0.1395,-0.1548
-0.5866,3.4093,8.1163,-0.0449,-0.2192,-0.0469,-8.4467,-2.0207,3.1675,0.1070,-0.0930,-0.0961
-0.7542,3.6703,7.2951,-0.0854,-0.3748,-0.0533,-8.1044,-1.4892,3.3447,0.1167,-0.3792,-0.1342
-0.1772,3.6224,7.4412,-0.1355,-0.2799,-0.0163,-7.6662,-1.6807,3.4285,0.0293,-0.1843,-0.1255
-0.1652,3.6248,7.1922,0.0144,-0.3272,-0.0767,-7.4244,-1.2426,3.3064,0.2506,-0.2775,-0.0874
-0.5004,4.0462,6.3877,0.1100,-0.4926,-0.1628,-7.3263,-0.5219,2.7366,0.4058,-0.3656,-0.1300
-0.4118,4.2904,5.5713,-0.1007,-0.5973,-0.0846,-7.2209,-0.0814,3.0765,0.2490,-0.4859,-0.1755
-0.0168,4.8483,6.7971,-0.2521,-0.3002,-0.0839,-7.7812,0.0622,3.5458,-0.0204,-0.0869,-0.3144
0.0622,5.0350,7.5968,-0.3993,-0.5225,0.0165,-8.4467,-0.5578,4.3814,-0.0510,-0.4018,-0.3596
0.7757,4.5418,8.4827,-0.4518,-0.5181,0.0510,-8.3510,-1.7382,5.6934,-0.1348,-0.3683,-0.3591
1.2641,4.1851,9.5361,-0.1815,-0.2479,0.0400,-8.7077,-2.7509,6.1316,-0.0011,-0.1675,-0.0871
0.5962,3.9145,8.5617,0.2312,-0.1427,-0.0588,-8.2624,-2.1332,4.8195,0.2603,-0.1732,0.1155
0.2753,3.9145,7.1682,0.2446,-0.2774,0.0466,-7.6303,-1.4054,4.1468,0.2346,-0.3567,0.2563
0.4836,3.8355,6.7684,0.1643,0.0137,0.1235,-7.1778,-1.1923,4.1492,-0.0325,-0.0055,0.2534
0.7853,3.8906,7.2137,0.0887,0.0296,0.1412,-7.2209,-1.3001,4.3646,-0.0829,-0.0510,0.2485
0.7446,3.7924,7.1874,0.0690,0.0773,0.1756,-7.3526,-1.7406,4.8435,-0.1379,0.0059,0.2874
0.9625,3.6105,7.5010,0.1631,0.2527,0.2022,-7.2903,-1.6688,4.7501,-0.1696,0.0942,0.3408
1.0104,3.8116,7.4412,0.1724,0.0859,0.2693,-7.2592,-1.5826,4.7956,-0.1350,-0.0445,0.3698
1.1971,3.8786,7.0701,0.1692,0.1524,0.2509,-6.8809,-1.0223,4.7525,-0.1422,-0.0783,0.3782
0.8643,4.0127,7.0126,0.0802,0.2177,0.2340,-7.1132,-0.9433,4.3167,-0.2443,0.1487,0.2825
0.9912,4.0342,7.1682,0.0071,0.1314,0.2506,-7.1587,-0.9385,4.3910,-0.2407,-0.0919,0.2591
0.5124,4.1156,7.0820,-0.0370,0.1695,0.2541,-7.4747,-1.2234,4.3574,-0.2863,0.0294,0.2710
0.4549,4.2976,7.2640,0.0116,0.2016,0.2730,-7.4651,-0.8404,4.1300,-0.2994,-0.0163,0.2527
0.3663,4.3718,6.9049,-0.0979,0.0718,0.3339,-7.4819,-0.6632,4.2282,-0.3436,-0.1025,0.2144
0.6081,4.4005,7.1874,-0.1022,0.2077,0.2976,-7.4891,-0.6919,4.4221,-0.3985,0.0369,0.1563
0.4884,4.3886,7.1563,-0.2062,0.0629,0.3529,-7.4939,-0.8715,4.4077,-0.4108,-0.1242,0.1128
0.9697,4.2449,7.3191,-0.1531,0.1591,0.3254,-7.4939,-1.0654,4.8578,-0.3918,-0.0308,0.1439
1.0582,4.2713,7.3263,-0.1219,0.1029,0.2213,-7.2999,-0.8859,4.9201,-0.2830,-0.0598,0.1124
0.9050,4.4269,6.9145,-0.1175,0.0803,0.1843,-7.0629,-0.6991,4.8052,-0.2410,-0.0409,0.0694
0.9888,4.3191,6.9911,-0.1248,0.1206,0.1359,-7.1012,-0.6560,4.5873,-0.2056,0.0590,0.0345
0.6488,4.2689,7.2257,-0.1716,0.0665,0.0537,-7.3287,-0.9816,4.5322,-0.1637,0.0330,-0.0284
0.4788,4.1348,7.0030,-0.1535,0.0593,0.0396,-7.4986,-1.1349,4.5107,-0.1488,0.0040,-0.0284
0.6488,4.1132,7.3215,-0.1633,0.0232,0.0593,-7.4124,-1.0175,4.2401,-0.1713,0.0089,-0.0237
0.5411,4.1037,7.3909,-0.1605,0.0212,0.0422,-7.6088,-1.2282,4.4819,-0.1571,-0.0069,-0.0040
0.5339,4.1515,7.2712,-0.1095,0.0600,0.0306,-7.5561,-1.1636,4.4436,-0.1392,0.0400,0.0136
0.6393,4.0725,7.5274,-0.1390,0.0710,0.0308,-7.6614,-1.3671,4.7262,-0.1595,0.0715,0.0232
0.5435,4.0486,7.6591,-0.0822,0.1211,0.0064,-7.6638,-1.3048,4.4796,-0.1226,0.1002,0.0300
0.3567,4.0055,7.4747,-0.0810,0.0753,0.0191,-7.7309,-1.2953,4.2737,-0.1001,0.0687,0.0464
0.4932,3.9863,7.4292,-0.0829,0.1748,-0.0477,-7.5729,-1.2641,4.3024,-0.1236,0.1315,0.0486
0.3017,4.1707,7.3430,-0.0632,0.1591,-0.0045,-7.6231,-1.1085,4.1515,-0.1267,0.1390,0.0621
0.1197,4.0438,6.9240,-0.1459,0.1831,-0.0093,-7.7476,-1.2378,4.0366,-0.1839,0.1703,0.0302
-0.1365,4.0462,7.6303,-0.1099,0.3337,0.0213,-8.0996,-1.5131,4.1324,-0.2497,0.3323,0.1119
0.3328,3.8451,7.4053,-0.0552,0.2052,0.0911,-8.1499,-1.2306,3.7110,-0.1877,0.1486,0.1198
-0.1963,4.2593,7.4172,-0.0695,0.1741,0.0653,-7.9727,-0.9361,3.5961,-0.1619,0.0914,0.1191
-0.2873,4.1875,6.6894,-0.1055,0.1815,0.0805,-7.8003,-0.8140,3.7948,-0.2101,0.1029,0.1640
-0.5243,4.1803,6.8857,-0.1851,0.4041,0.1147,-7.9248,-0.9912,3.7373,-0.3659,0.3377,0.1511
-0.3639,4.0462,7.4939,-0.1199,0.4151,0.0894,-7.9942,-1.0726,3.6224,-0.3126,0.3208,0.1396
-0.6033,4.0270,7.0342,-0.1246,0.3845,0.1464,-8.0373,-1.0391,3.4860,-0.3556,0.2519,0.2054
-0.8284,4.0486,6.9911,-0.1475,0.5942,0.1198,-8.3246,-1.1923,3.1747,-0.4511,0.4329,0.1868
-0.7614,4.2904,6.7038,-0.1965,0.5474,0.1665,-8.1044,-0.3591,3.0478,-0.4920,0.3419,0.1817
-0.7254,4.4149,7.0797,-0.3834,0.4511,0.2221,-8.2887,-0.4621,3.4644,-0.6202,0.3307,0.0685
-0.5770,4.2569,7.8961,-0.4104,0.5064,0.1835,-8.9591,-1.4892,3.7421,-0.6674,0.4742,0.0019
-0.1820,3.7996,8.6239,-0.3375,0.3766,0.1127,-8.7221,-1.8555,3.8092,-0.4254,0.2525,0.0681
-0.6153,3.6559,7.6519,-0.1376,0.2870,0.0164,-8.3558,-1.5562,3.4357,-0.2174,0.1476,0.0769
-0.8739,3.4285,7.0581,-0.1601,0.3252,-0.0509,-8.1044,-1.5060,3.0287,-0.2405,0.3303,0.0413
-0.9984,3.3662,7.5705,-0.1529,0.3746,-0.0731,-8.3079,-1.9154,3.0287,-0.2308,0.3681,0.1031
-0.5555,3.3782,7.4484,-0.0831,0.2783,-0.1755,-7.5585,-1.5036,2.4660,-0.0357,0.2278,0.1609
-0.9074,3.1891,7.3358,0.0041,0.2126,-0.1691,-7.9703,-1.8124,2.5426,-0.0175,0.2653,0.0753
-0.7278,2.9784,6.9336,-0.0316,0.1635,-0.2082,-7.9679,-1.8771,2.6791,-0.0410,0.2466,0.0506
-1.1732,2.9497,7.2903,-0.0465,0.1980,-0.0962,-8.1187,-2.0566,2.5235,-0.0366,0.2545,0.0871
-1.3120,3.0119,7.1180,0.0741,0.2190,-0.0966,-8.0278,-1.9585,2.3583,0.0197,0.1943,0.1563
-1.0127,2.9353,6.8211,0.0548,0.1223,-0.0745,-7.7117,-1.4102,2.0710,0.0200,0.1462,0.0950
-1.2905,3.1077,6.8690,-0.0027,0.1034,-0.0572,-8.0110,-1.5850,2.0614,-0.0092,0.1412,0.0557
-1.4892,3.1388,6.9863,0.0071,0.0642,-0.1207,-8.1259,-1.6089,2.0853,0.0388,0.1268,0.0007
-1.4413,3.0311,7.2903,-0.0208,-0.0705,-0.1422,-8.3222,-1.8627,2.2601,0.1035,0.0151,-0.0277
-1.5251,3.0789,7.0797,-0.0181,-0.0378,-0.2124,-8.1738,-1.4509,2.0830,0.1366,0.0254,-0.1208
-1.6640,3.0191,7.1611,-0.1623,-0.1961,-0.1831,-8.4036,-1.8459,2.3415,0.0933,-0.0039,-0.1657
-1.5993,2.9904,7.7357,-0.1664,0.0382,-0.2390,-8.7269,-2.1787,2.6887,0.0096,0.2200,-0.2264
-1.4317,2.8587,8.0804,-0.1487,-0.0296,-0.2647,-8.8514,-2.4876,2.8108,0.1066,0.1231,-0.1833
-2.0901,2.9257,7.9942,0.0035,0.0758,-0.2908,-9.1985,-2.6624,2.1835,0.1668,0.2579,-0.0902
-2.4277,3.1029,7.7859,0.1314,0.0573,-0.2817,-9.1530,-2.2865,1.7310,0.2529,0.1158,0.0296
-2.3870,3.0933,7.1060,0.1502,-0.0593,-0.1888,-8.6957,-1.5538,1.4868,0.2214,0.0140,0.0669
-2.1045,3.1771,6.9408,0.0818,0.0480,-0.1515,-8.4922,-1.4820,1.5706,0.1115,0.1697,0.0136
-2.2721,3.4884,6.8809,0.1242,0.1001,-0.1432,-8.7652,-1.4413,1.5036,0.1456,0.1717,0.0321
-2.4804,3.5889,6.5505,0.1223,0.0163,-0.0715,-8.5329,-1.0534,1.3982,0.1503,0.0229,0.0338
-1.7789,3.3423,6.8115,-0.0197,0.0789,-0.2801,-8.4060,-1.1947,1.7142,0.1271,0.2330,-0.0967
-2.1955,3.4979,7.0102,0.0478,-0.0097,-0.3091,-8.6838,-1.4964,1.8555,0.2485,0.0601,-0.0468
-2.3655,3.7661,6.7876,0.1691,-0.0378,-0.3801,-8.7795,-1.1947,1.6017,0.3764,0.1660,-0.0602
-2.4014,3.6583,6.6008,0.0995,-0.0999,-0.3992,-8.7005,-1.0008,1.5012,0.3746,0.1148,-0.1298
-2.3894,3.7373,7.3789,0.1062,-0.1319,-0.4190,-9.0429,-1.3958,1.7430,0.4032,0.1899,-0.1378
-2.0614,3.5195,7.1946,0.1669,-0.2968,-0.4632,-8.8873,-1.6161,2.1500,0.5392,-0.0613,-0.1255
-2.0375,3.4165,7.1970,0.1795,-0.2057,-0.5498,-8.8945,-1.6448,2.0399,0.5693,0.1709,-0.1544
-2.6025,3.5267,7.3287,0.3016,-0.1234,-0.5899,-9.1099,-1.6664,1.3288,0.6691,0.1695,-0.0875
-2.8156,3.5482,6.9049,0.2878,-0.3852,-0.5568,-9.0668,-1.2785,1.3360,0.7694,-0.0405,-0.0678
-2.9736,3.8834,6.5481,0.3431,-0.2509,-0.6442,-8.8274,-0.7661,1.0367,0.7790,0.0890,-0.1404
-2.9329,4.0606,6.5793,0.2310,-0.3483,-0.6110,-9.0118,-0.7350,1.4198,0.6996,0.0637,-0.2014
-2.5043,4.0390,7.0892,0.2149,-0.4124,-0.6606,-9.1506,-0.9697,1.5562,0.7626,0.0320,-0.2312
-2.2960,4.1922,7.0916,0.2322,-0.4664,-0.6744,-9.1530,-0.8667,1.8507,0.7965,-0.0329,-0.2112
-1.9680,4.1827,7.1132,0.1839,-0.5211,-0.6856,-8.9974,-0.8739,2.3750,0.7635,-0.0793,-0.2757
-1.5562,4.0103,7.4555,0.1081,-0.4431,-0.6855,-8.9591,-1.3599,2.7605,0.7356,0.0458,-0.2960
-1.5706,4.0917,7.4316,0.2577,-0.2690,-0.7855,-8.8059,-1.1612,2.6983,0.8291,0.1595,-0.2583
-1.5179,4.1659,6.7038,0.2280,-0.4938,-0.8299,-8.3534,-0.6081,2.4110,0.9094,-0.0262,-0.3186
-1.5874,4.0366,6.8211,0.1067,-0.3285,-0.8238,-8.5281,-1.0199,2.4014,0.7743,0.2403,-0.3802
-1.6209,4.0462,6.9647,0.1629,-0.4209,-0.8019,-8.3534,-0.8404,2.3176,0.8572,0.0309,-0.3339
-1.2617,4.0486,6.8833,0.1179,-0.5175,-0.8063,-8.2193,-0.9505,2.7533,0.8104,0.0322,-0.4076
-0.7183,3.7278,7.3071,0.0594,-0.3786,-0.8083,-8.2217,-1.3264,3.0502,0.7496,0.1857,-0.4093
-1.2594,3.8427,7.5441,0.1993,-0.3632,-0.8418,-8.4683,-1.4006,2.4588,0.8797,0.1494,-0.3583
-1.3216,3.9887,6.6128,0.2117,-0.5879,-0.7973,-8.2815,-0.8236,2.2386,0.9261,-0.1079,-0.3437
-1.5395,4.0318,6.4979,0.1419,-0.4891,-0.7743,-8.1834,-0.7614,2.1524,0.8118,0.0606,-0.3549
-1.5395,4.0677,6.4117,0.0889,-0.4572,-0.7550,-8.3869,-0.7997,2.2601,0.7694,0.0165,-0.4254
-1.5179,4.2928,6.6655,0.1294,-0.5971,-0.7791,-8.2337,-0.4501,2.1620,0.8680,-0.1030,-0.4602
-1.3838,4.3215,6.0693,0.0173,-0.6568,-0.7713,-7.9679,-0.2777,2.6480,0.8262,-0.1248,-0.4936
-1.3958,4.3622,7.0030,0.0049,-0.4120,-0.8002,-8.5545,-0.7685,2.6193,0.7352,0.1604,-0.5232
-1.3288,4.5322,7.0749,0.0220,-0.6570,-0.8156,-8.5976,-0.7230,2.7749,0.8552,-0.1861,-0.5191
-0.9385,4.4412,6.9049,0.0393,-0.6226,-0.8295,-8.5186,-0.7614,3.3806,0.8673,-0.0353,-0.4890
-1.0199,4.5155,7.1156,0.1156,-0.4222,-0.8969,-8.5401,-0.6704,3.0526,0.8977,0.1296,-0.4950
-0.8643,4.5083,7.0174,0.0509,-0.6412,-0.8916,-8.4348,-0.8068,3.2034,0.9765,-0.0526,-0.5173
-1.2115,4.4532,6.8618,0.1463,-0.4626,-0.9473,-8.3893,-0.6273,2.9353,0.9695,0.1123,-0.5049
-1.3288,4.4317,7.0701,0.0974,-0.6110,-0.9057,-8.6311,-0.7470,2.6983,0.9773,-0.0064,-0.5381
-1.2258,4.4580,6.6343,0.1215,-0.6825,-0.8879,-8.4683,-0.7805,2.6935,1.0127,-0.1244,-0.5031
-1.3312,4.5226,6.8690,0.2065,-0.6430,-0.9062,-8.3797,-0.5483,2.7270,1.0389,0.0027,-0.4663
-1.1995,4.6184,7.1060,0.2451,-0.6177,-0.9345,-8.4659,-0.7350,3.4405,1.2021,0.0160,-0.4854
-1.4078,4.8267,6.8738,0.4291,-0.4443,-0.9984,-8.6742,-0.2897,2.8276,1.1245,0.2256,-0.4999
-0.9505,5.1882,6.5649,0.1715,-0.6303,-0.9034,-8.5449,0.0862,3.3567,1.0147,-0.0173,-0.4166
-0.4908,5.2026,6.7253,0.0228,-0.3593,-0.9393,-8.4922,-0.1532,3.8618,0.8030,0.2410,-0.5211
-0.0431,5.0039,7.8841,-0.0841,-0.4238,-0.9166,-8.8155,-0.7302,4.3598,0.7705,0.2069,-0.5672
0.3783,4.7669,8.4036,0.0065,-0.4092,-0.9888,-8.6335,-1.1803,5.1068,0.8732,0.1984,-0.5516
0.1867,4.2760,8.7340,0.1267,-0.3523,-1.1030,-8.7388,-2.0039,4.6184,1.0369,0.3786,-0.4938
-0.4764,3.7876,7.6710,0.3841,-0.3023,-1.2181,-8.4635,-1.7549,3.2370,1.2449,0.3099,-0.3917
-1.5538,3.7373,6.8474,0.2843,-0.4237,-1.1346,-8.4515,-1.4293,1.8914,1.1198,0.2527,-0.3958
-1.4772,3.6224,6.8738,0.1708,-0.3643,-1.0339,-8.4420,-1.6807,2.1620,0.9474,0.2325,-0.3910
-1.3168,3.6200,6.8785,0.2056,-0.4247,-0.9165,-8.2049,-1.5203,2.2290,0.9429,0.1272,-0.3359
-1.4030,3.8547,6.6104,0.1547,-0.3499,-0.8340,-8.0828,-1.2761,2.1979,0.8206,0.2032,-0.3429
-1.3503,4.0223,6.5960,0.1239,-0.2827,-0.7842,-8.1547,-0.9002,2.1500,0.7360,0.1424,-0.3555
-1.2354,4.2425,6.4787,0.0406,-0.4307,-0.6892,-8.2552,-0.8859,2.3990,0.6646,0.0372,-0.3411
-1.1803,4.4293,6.6942,0.0309,-0.3367,-0.6227,-8.3342,-0.5626,2.4110,0.5632,0.0474,-0.3564
-0.9984,4.4628,6.8378,-0.0807,-0.4828,-0.5854,-8.4204,-0.7853,3.0143,0.5456,-0.0484,-0.4010
-0.7997,4.1946,7.6998,-0.0683,-0.3524,-0.6460,-8.7029,-1.4461,3.4836,0.5221,0.1118,-0.4262
-0.8787,3.9792,8.0685,0.0369,-0.3051,-0.6715,-8.9064,-1.7765,3.4333,0.6394,0.0925,-0.3332
-1.4916,3.8595,7.5848,0.1082,-0.2493,-0.7020,-8.8873,-1.7789,2.4804,0.6495,0.1887,-0.3170
-1.5826,3.8571,7.0820,0.1151,-0.2714,-0.6396,-8.6957,-1.4557,2.1644,0.6265,0.0919,-0.2519
-1.6209,3.8355,6.8546,0.0365,-0.2418,-0.5978,-8.4515,-1.4006,2.1476,0.5009,0.1310,-0.2940
-1.2186,3.6607,7.5441,0.0246,-0.2407,-0.5444,-8.6670,-1.8603,2.6504,0.4971,0.1430,-0.2340
-1.2570,3.7302,7.2664,0.2353,-0.2639,-0.5605,-8.2768,-1.4246,2.3822,0.6647,0.0160,-0.1280
-1.1827,3.8044,6.1723,0.1107,-0.3419,-0.6379,-7.9033,-0.8284,2.2649,0.6155,0.0302,-0.2729
-1.3168,3.7828,6.8905,0.0441,-0.1909,-0.6360,-8.3055,-1.3048,2.1883,0.5208,0.2646,-0.2801
-1.4844,3.6536,6.7277,0.1406,-0.3463,-0.6965,-8.1116,-1.3072,2.2051,0.7056,-0.0236,-0.2545
-1.5682,3.6081,6.2321,0.0356,-0.3411,-0.7005,-7.9057,-1.0630,1.9034,0.6067,0.0909,-0.3536
-1.9106,3.6081,6.7516,0.0004,-0.1773,-0.6631,-8.4946,-1.5347,1.8052,0.5296,0.2630,-0.3459
-1.8962,3.7541,6.7445,0.0937,-0.3532,-0.6759,-8.4515,-1.2330,1.8483,0.6748,-0.0386,-0.2843
-2.0997,4.0630,6.7732,0.0862,-0.3377,-0.6897,-8.7963,-1.1253,1.7142,0.6307,0.1279,-0.2650
-2.4804,4.1994,7.0390,0.1095,-0.2252,-0.6612,-9.1698,-1.2426,1.8124,0.5967,0.1083,-0.2575
-2.1500,4.1587,7.6998,0.1131,-0.3962,-0.6173,-9.2680,-1.3096,1.9417,0.6394,0.0141,-0.2470
-2.4181,4.2545,7.7644,0.2519,-0.3527,-0.6159,-9.5720,-1.3982,2.0111,0.7148,0.0241,-0.1428
-2.6839,4.3742,7.0030,0.2157,-0.2882,-0.6077,-9.3901,-0.9385,1.7334,0.6671,0.0633,-0.2022
-2.4972,4.4700,7.3765,0.1637,-0.3182,-0.5898,-9.6869,-1.1708,1.6735,0.6312,0.1206,-0.1691
-2.4277,4.3527,6.9480,0.1876,-0.2555,-0.6775,-9.2392,-1.0319,1.9656,0.6694,0.0512,-0.1849
-2.1668,4.3167,7.1419,0.1715,-0.2521,-0.7274,-9.0621,-0.9002,2.0446,0.6893,0.2088,-0.1897
-1.9178,4.2737,6.8690,0.2154,-0.2248,-0.7468,-8.8250,-0.7973,2.2434,0.7214,0.1835,-0.1684
-1.8268,4.1899,6.7564,0.1801,-0.1793,-0.8693,-8.7915,-0.8978,2.0566,0.7175,0.3194,-0.2634
-2.0494,4.0965,6.8522,0.1948,-0.1037,-0.9006,-8.9256,-1.2881,1.9010,0.7569,0.2514,-0.1824
-2.4972,3.9409,6.5218,0.2803,-0.1398,-0.7497,-8.3127,-0.6632,1.3862,0.8100,0.2505,-0.1255
-2.2865,4.0007,6.6439,0.0778,-0.3527,-0.6167,-8.7364,-0.9457,0.8978,0.6522,0.1809,-0.2233
-2.3750,3.9959,6.7325,0.0863,-0.2142,-0.4759,-8.7412,-1.2641,1.4748,0.5113,0.1139,-0.2037
-2.2314,3.7565,7.1898,-0.0245,-0.1633,-0.5161,-8.7532,-1.5945,1.7909,0.3854,0.1627,-0.1757
-2.0973,3.5985,6.9863,0.0140,-0.0699,-0.5553,-8.7867,-1.6688,1.7310,0.3639,0.1307,-0.2289
-2.4708,3.4716,6.9935,-0.0975,-0.0746,-0.4612,-8.9950,-1.8340,1.5036,0.2145,0.1302,-0.1051
-2.6863,3.4237,7.3861,-0.0542,0.1382,-0.3782,-9.1985,-1.9680,1.2163,0.0573,0.2036,-0.0863
-2.7246,3.4022,7.1515,-0.0803,-0.0176,-0.1663,-8.8921,-1.6951,0.9720,0.0594,-0.0246,0.0181
-2.7749,3.2753,7.0174,-0.1332,0.1142,-0.0540,-8.9854,-1.9632,1.3336,-0.1447,0.0690,0.0077
-2.7318,3.4046,6.9432,-0.0797,0.1490,0.1346,-8.6766,-1.3408,1.0965,-0.2113,0.0079,0.1306
-2.9928,3.5793,6.5601,-0.1780,0.1120,0.2113,-8.8394,-1.3862,1.2737,-0.3271,-0.0245,0.1062
-2.8036,3.6464,6.9264,-0.1951,0.2625,0.3010,-8.9423,-1.4437,1.1061,-0.4639,0.0626,0.1247
-2.8515,3.5338,6.7014,-0.2539,0.1150,0.3980,-9.0070,-1.3862,1.1732,-0.5029,-0.0767,0.1179
-2.4804,3.7062,7.0533,-0.2478,0.2519,0.4612,-9.0668,-1.5299,1.6951,-0.5868,0.0136,0.1955
-2.5786,3.8211,6.7732,-0.2186,0.2477,0.4835,-8.8322,-1.1085,1.5036,-0.5814,-0.1018,0.1684
-2.2960,3.7326,6.7349,-0.3540,0.2382,0.5433,-8.7508,-1.1253,1.6568,-0.7153,-0.0012,0.1123
-2.4684,3.7924,7.1563,-0.3348,0.3519,0.5917,-9.2009,-1.6712,1.7454,-0.7557,0.0398,0.1773
-2.6887,3.6919,6.9504,-0.2599,0.3031,0.5899,-8.9663,-1.3934,1.4940,-0.7052,-0.1042,0.2453
-2.4900,3.7326,6.6870,-0.3701,0.3829,0.6343,-8.8753,-1.3958,1.4653,-0.8463,0.0565,0.2241
-2.6719,3.7086,7.2209,-0.3198,0.4608,0.6857,-9.0621,-1.4892,1.3862,-0.8516,0.0278,0.2687
-2.7845,3.6703,7.0413,-0.3437,0.3794,0.7425,-9.0285,-1.4437,1.2761,-0.8875,-0.0417,0.3293
-2.6288,3.7828,7.1012,-0.3140,0.4606,0.8055,-8.9280,-1.1923,1.1061,-0.9265,-0.0153,0.3365
-2.7677,3.8499,6.4189,-0.3356,0.4423,0.8270,-8.6814,-0.9840,1.1995,-0.9963,-0.1070,0.3156
-2.6025,3.8283,6.7540,-0.3756,0.4774,0.8771,-8.8705,-1.1564,1.2546,-1.0413,0.0055,0.3203
-2.7031,3.9528,6.6008,-0.2998,0.4519,0.8423,-8.7652,-0.9553,1.1827,-0.9746,-0.1632,0.3303
-2.7007,3.9911,6.3997,-0.3866,0.3603,0.9078,-8.8059,-1.0175,1.1540,-1.0492,-0.1824,0.3275
-2.5881,4.0103,6.7469,-0.3629,0.4699,0.9248,-8.9016,-1.0080,1.2115,-1.0693,-0.0969,0.3752
-2.7366,4.0103,6.3949,-0.4241,0.3379,0.9048,-8.8777,-0.9505,1.3599,-1.0440,-0.2257,0.3400
-2.5953,3.9145,6.8426,-0.4016,0.3870,0.8993,-8.9064,-1.1037,1.5754,-1.0355,-0.1479,0.2976
-2.2721,4.0893,6.6248,-0.3695,0.2357,0.8856,-8.5329,-0.6009,1.5107,-0.9437,-0.3689,0.2910
-2.4588,4.1252,6.6631,-0.4132,0.2978,0.8587,-8.9543,-0.9505,1.7142,-0.9915,-0.1148,0.2896
-2.4301,4.2186,6.7564,-0.3002,0.3255,0.8039,-9.0261,-1.0080,1.6233,-0.8877,-0.1697,0.3071
-2.4636,4.3383,6.3087,-0.3040,0.1869,0.7500,-8.7484,-0.2825,1.4269,-0.7806,-0.3363,0.2919
-2.5331,4.3958,6.5817,-0.3738,0.2181,0.7232,-8.9759,-0.5674,1.6520,-0.8287,-0.1503,0.2042
-1.9417,4.3048,6.6607,-0.3003,0.1136,0.6642,-8.9974,-0.8428,2.3367,-0.7063,-0.2527,0.2458
-2.3080,4.4173,7.0006,-0.2898,0.1968,0.5748,-9.2249,-0.9266,2.0279,-0.6779,-0.1095,0.2060
-2.2769,4.5801,7.3047,-0.1523,0.1553,0.5285,-9.4643,-0.8930,2.0111,-0.4986,-0.1684,0.2373
-2.5594,4.8626,6.4404,-0.1720,-0.0250,0.4695,-9.0692,0.0168,1.7190,-0.4433,-0.3281,0.1756
-1.7645,4.3455,7.0509,-0.3824,-0.0349,0.5093,-9.0716,-1.1372,2.9018,-0.5957,-0.1921,0.1003
-1.0894,4.0630,7.8554,-0.1856,0.2489,0.3263,-8.6646,-1.4509,3.3974,-0.4174,0.0077,0.1296
-1.6544,4.0797,6.8666,0.0004,0.0699,0.2157,-8.5066,-0.9098,2.2242,-0.1655,-0.0918,0.2053
-2.0327,4.0773,6.3327,-0.0453,0.1920,0.2181,-8.2384,-0.5770,1.5945,-0.2817,0.0480,0.1636
-1.8459,4.1228,6.2632,-0.1434,0.0003,0.2743,-8.2672,-0.5171,1.7549,-0.3104,-0.1603,0.1310
-1.8244,4.1061,6.8354,-0.2008,-0.0220,0.4146,-8.3558,-1.0463,2.0686,-0.3501,-0.1006,0.0564
-1.8507,4.0151,6.7205,-0.1236,-0.0734,0.5173,-8.4539,-1.2186,2.3966,-0.2639,-0.2765,0.1005
-1.0415,4.0342,6.6439,-0.1685,-0.0975,0.4183,-8.0828,-0.9816,2.7677,-0.2774,-0.2481,0.0881
-0.9697,4.0199,6.8905,-0.1829,-0.0234,0.4013,-8.3653,-0.9242,2.6001,-0.3099,-0.1142,0.0416
-1.3048,4.1132,6.9001,-0.1713,0.0468,0.2615,-8.6311,-1.2546,2.6959,-0.3198,-0.1551,0.0398
-1.6688,4.1468,7.5034,-0.1656,0.0225,0.2980,-9.0118,-1.6712,2.7438,-0.3347,-0.0887,0.0925
-1.3384,4.0414,7.6303,-0.0252,0.0598,0.2813,-8.8538,-1.4150,2.6552,-0.2542,-0.1641,0.1932
-1.4844,4.1635,7.1180,-0.0504,-0.0105,0.3028,-8.8131,-1.3647,2.7270,-0.2707,-0.1875,0.2202
-1.2091,3.9983,7.3502,-0.0803,0.0774,0.3305,-8.6215,-1.4581,2.8946,-0.3536,-0.0951,0.2056
-1.0654,3.9935,7.3382,-0.0016,0.0644,0.2991,-8.4108,-1.3910,2.8994,-0.2443,-0.1422,0.2463
-1.3336,4.0390,6.7325,0.0151,0.1696,0.2802,-8.1930,-0.9242,2.4349,-0.2550,-0.0261,0.2743
-1.0630,4.5777,6.7516,-0.1809,0.1067,0.3022,-8.2624,-0.4070,2.6360,-0.3902,-0.0667,0.0987
-0.7566,4.5035,7.2113,-0.2377,0.0421,0.3427,-8.3989,-0.8332,3.3423,-0.4040,-0.1081,0.0953
-0.5435,4.3335,7.3765,-0.1629,0.0677,0.3138,-8.5641,-1.1492,3.6583,-0.3629,-0.0802,0.1063
-0.9409,4.4676,7.5226,-0.0469,0.0905,0.1820,-8.7676,-0.9505,2.9592,-0.2106,-0.0257,0.1331
-1.4916,4.5490,6.9384,-0.0617,0.0799,0.1927,-8.7724,-0.8691,2.7869,-0.2332,-0.0621,0.1953
-1.3144,4.4053,6.7852,-0.0350,0.1518,0.2144,-8.5808,-0.6919,2.7485,-0.2614,0.0021,0.2181
-1.4317,4.5993,6.7660,-0.0187,0.1296,0.2018,-8.7269,-0.7518,2.5522,-0.2542,0.0139,0.2217
-1.4246,4.6663,6.8283,-0.0019,0.2354,0.1935,-8.5569,-0.4573,2.6456,-0.2425,0.0568,0.2369
-1.2953,4.6950,6.2393,-0.0075,0.1342,0.1877,-8.3103,-0.0024,2.4229,-0.2197,-0.0152,0.1951
-1.5586,4.8842,6.4284,-0.1067,0.1320,0.1695,-8.5449,-0.1053,2.2386,-0.2778,0.0326,0.1274
-1.4844,4.8937,6.4093,-0.0854,0.0272,0.1744,-8.5305,-0.0862,2.4900,-0.2224,-0.1026,0.1270
-1.4533,4.8100,6.5960,-0.1712,-0.0061,0.1729,-8.4563,-0.3041,2.6552,-0.2501,-0.0646,0.0564
-1.3671,4.6735,7.0006,-0.1262,0.0179,0.1135,-8.6981,-0.4932,2.8299,-0.1840,-0.0272,0.0234
-1.2019,4.6567,7.1036,-0.0678,-0.0794,0.0983,-8.5976,-0.5267,2.7629,-0.0774,-0.1284,0.0601
-1.4892,4.5538,6.6295,-0.0901,0.0204,0.0529,-8.5952,-0.5315,2.5690,-0.1270,-0.0135,0.0276
-1.5993,4.5729,6.8833,-0.0457,0.0538,0.0665,-8.6503,-0.6009,2.4493,-0.1043,0.0145,0.0308
-1.3168,4.6328,6.3063,-0.0494,-0.1027,0.0941,-8.1714,-0.2298,2.6121,-0.0648,-0.1891,0.0797
-0.9649,4.8147,6.4069,-0.0709,0.0187,0.0801,-8.2624,-0.2227,2.9616,-0.1287,-0.0036,0.0598
-0.9984,5.0087,6.6870,-0.0597,-0.0562,0.0658,-8.1810,-0.0862,3.0311,-0.0701,-0.1126,0.0195
-0.9625,4.9584,6.3494,-0.0894,-0.1029,0.0641,-8.0756,0.0311,3.0335,-0.0572,-0.1207,-0.0047
-0.9337,4.8722,6.9073,-0.0805,-0.0401,0.0389,-8.4276,-0.3400,3.0742,-0.0741,-0.0021,-0.0136
-0.9337,4.7812,6.7540,-0.0405,-0.1756,0.0573,-8.3414,-0.3400,3.0885,-0.0021,-0.1935,0.0418
-0.8332,4.6471,6.8019,-0.0679,-0.0636,0.0369,-8.2863,-0.4764,3.0454,-0.0598,-0.0392,-0.0116
-0.7470,4.7716,6.9671,-0.0641,-0.1486,-0.0127,-8.2768,-0.3328,3.2226,0.0139,-0.1765,-0.0208
-0.8236,4.6711,6.7445,-0.1275,-0.1539,-0.0230,-8.2672,-0.4429,3.3950,-0.0418,-0.0899,-0.0657
-0.5507,4.5657,7.2616,-0.1436,-0.0497,-0.0710,-8.4060,-0.7087,3.4836,-0.0378,0.0195,-0.0967
-0.8212,4.5969,7.3191,-0.1035,-0.1231,-0.0636,-8.5210,-0.7973,3.3471,0.0345,-0.0893,-0.0797
-1.1420,4.5059,6.9097,-0.1251,-0.0184,-0.0477,-8.4659,-0.8164,2.8611,-0.0524,0.0266,-0.0991
-0.9170,4.4221,7.3406,-0.1415,-0.0917,-0.0380,-8.4803,-1.0295,3.0311,-0.0164,-0.0297,-0.0338
-0.9960,4.3622,6.8307,-0.0469,-0.0805,-0.0324,-8.3773,-0.8859,3.1412,0.0329,-0.0552,0.0434
-0.8906,4.5322,6.6798,-0.0065,0.0428,-0.0530,-8.3462,-0.6416,3.0191,0.0089,0.0791,0.0652
-1.6592,4.7621,6.4643,-0.0806,0.1230,-0.0240,-8.7436,-0.4405,2.4086,-0.0987,0.1340,0.0857
-1.2306,4.5155,7.4220,-0.1560,0.2060,0.0205,-8.8418,-0.8882,3.1316,-0.2547,0.2354,0.0831
-1.2067,4.4221,7.6231,-0.0797,0.1581,0.0229,-8.7652,-1.0774,3.2082,-0.1120,0.0280,0.1507
-1.3048,4.1899,7.4029,-0.1091,0.1895,0.0133,-8.7484,-0.9433,2.8084,-0.1860,0.2481,0.0742
-0.7805,4.1252,7.0916,-0.1491,0.0084,-0.1065,-8.6910,-0.8691,2.8994,-0.0072,0.0831,0.0119
-1.5227,4.2808,6.0310,-0.1581,0.0644,-0.0524,-8.2696,-0.4357,2.3822,-0.1708,0.1240,0.0540
-1.6688,4.7333,6.4620,-0.2698,0.3373,-0.0334,-8.5401,-0.5650,2.3415,-0.3375,0.3082,0.0306
-1.2210,4.4700,6.8785,-0.2276,0.3353,0.1266,-8.4036,-0.5483,2.6624,-0.3295,0.1723,0.1022
-1.2234,4.4197,6.9959,-0.1295,0.1904,0.1110,-8.4204,-0.4214,2.8347,-0.2495,0.0284,0.0811
-1.4485,4.4748,7.0892,-0.1251,0.1503,0.1479,-8.6933,-0.7278,2.9042,-0.2457,0.0873,0.1098
-1.4246,4.4317,7.0366,-0.0163,0.1462,0.1055,-8.6622,-0.6249,2.6073,-0.1346,0.0240,0.1352
-1.5778,4.4365,6.7780,-0.0160,0.0400,0.1018,-8.5138,-0.2490,2.4445,-0.1019,-0.0562,0.1559
-1.6903,4.6064,6.5362,-0.0669,0.0821,0.0866,-8.4396,-0.0407,2.3439,-0.1651,0.0473,0.0767
-1.5730,4.5298,6.7038,-0.1063,0.0662,0.0334,-8.5880,-0.2011,2.4517,-0.1107,0.0537,0.0365
-1.6712,4.5538,6.8402,-0.1135,-0.0545,-0.0061,-8.6646,-0.1437,2.4445,-0.0557,0.0124,-0.0238
-1.7190,4.5442,6.6990,-0.1398,-0.0621,0.0697,-8.5880,-0.2945,2.4181,-0.0969,0.0059,-0.0409
-1.5179,4.1875,6.8809,-0.2316,-0.0460,0.1450,-8.4587,-0.3998,2.8108,-0.1380,0.0072,-0.0412
-1.5251,4.4173,7.4244,-0.1212,0.0362,0.0520,-9.0860,-0.9266,2.8587,-0.1250,0.1091,-0.0179
-1.4317,4.5107,6.9935,-0.0646,0.0230,-0.0169,-8.7724,-0.5243,2.5355,-0.0393,-0.0040,0.0108
-1.6089,4.5059,6.9312,-0.0862,0.0080,0.0021,-8.7580,-0.5411,2.6432,-0.0557,0.0378,-0.0125
-1.5107,4.4843,6.7109,-0.0550,0.0686,-0.0204,-8.5473,-0.2610,2.3679,-0.0199,0.0737,-0.0304
-1.6185,4.3934,6.7756,-0.1009,-0.0382,-0.0711,-8.6191,-0.4549,2.2960,0.0120,0.0157,-0.0414
-1.9632,4.2976,6.6607,-0.0974,0.0468,-0.0257,-8.5880,-0.4836,2.0087,-0.0381,0.0839,-0.0368
-1.7957,4.2066,7.1874,-0.0361,-0.0278,0.0554,-8.8298,-0.9290,2.2122,0.0045,0.0610,0.0028
-1.8507,4.4005,6.4979,0.0648,-0.0017,-0.0666,-8.6742,-0.3974,1.9704,0.0989,-0.0605,0.0460
-1.6735,4.6184,6.2752,0.0679,-0.0730,-0.0414,-8.5521,0.0287,2.0542,0.0576,0.0289,0.0246
-1.2210,4.6974,6.5218,-0.0023,-0.1043,-0.0356,-8.4372,0.0838,2.4948,0.0390,-0.0313,0.0027
-1.1492,4.7764,6.8091,-0.0169,-0.0608,-0.1182,-8.6215,-0.1293,2.6480,0.0538,0.0766,-0.0564
-1.3192,4.6448,6.9168,-0.0398,-0.0517,-0.1408,-8.6431,-0.2873,2.8635,0.1003,0.0201,-0.0765
-0.8428,4.4221,7.0318,-0.0362,-0.0746,-0.1640,-8.6407,-0.6895,3.0023,0.1314,0.1007,-0.0689
-1.5395,4.4245,7.0246,0.0374,0.0354,-0.2005,-8.9423,-0.6584,2.2218,0.1486,0.2402,-0.0854
-1.6161,4.2784,7.0725,0.0277,-0.0701,-0.1924,-8.6503,-0.7350,2.1356,0.1370,0.0476,-0.0256
-1.7789,4.2282,6.6008,0.0048,-0.0085,-0.1757,-8.5617,-0.6823,2.1739,0.1144,0.0994,-0.0458
-1.9225,4.2306,7.1036,-0.0706,0.1380,-0.1791,-8.9950,-0.9697,2.0997,-0.0024,0.2850,-0.0666
-1.9130,4.4149,7.2353,-0.0681,0.0318,-0.0919,-9.0214,-0.7638,1.9992,0.0153,0.0112,-0.0406
-1.8818,4.2473,6.9384,-0.1515,0.0232,-0.0149,-8.9040,-0.8595,2.1117,-0.1199,0.0456,-0.0348
-1.7238,4.1228,7.3239,-0.0789,0.1310,-0.0015,-8.9854,-1.3503,2.2793,-0.0975,0.1260,-0.0017
-1.8220,4.3431,6.3375,0.0233,0.0244,0.0388,-8.4276,-0.3352,1.7813,-0.0278,-0.0918,0.0715
-1.7621,4.6448,6.1292,-0.0721,0.0654,0.0418,-8.4228,-0.0814,1.9225,-0.1250,0.0675,0.0438
-1.8244,4.7932,6.1794,-0.0743,0.1091,0.0073,-8.5856,-0.0120,2.0063,-0.1156,0.0723,0.0136
-1.7214,4.8770,6.3518,-0.0682,-0.0329,-0.0001,-8.5162,0.0838,1.9178,-0.0372,-0.0385,0.0252
-1.6520,4.9368,6.3375,-0.0302,-0.0128,-0.0666,-8.6981,0.1700,2.0662,0.0228,0.0156,-0.0260
-1.7310,5.0254,6.1459,-0.0305,-0.1693,-0.0891,-8.6622,0.4022,2.1356,0.1154,-0.1447,-0.0005
-1.7597,4.9656,6.6966,-0.0500,-0.0915,-0.1664,-8.8298,0.0814,2.1332,0.0835,0.0542,-0.0862
-1.5275,4.9057,6.8498,0.0104,-0.2585,-0.2617,-8.9423,-0.1724,2.4852,0.2598,-0.1267,-0.0803
-1.6975,4.5657,6.9791,0.0381,-0.3180,-0.2710,-8.7029,0.0192,2.5426,0.3216,-0.0144,-0.0950
-1.6688,4.8028,6.6200,0.0524,-0.1174,-0.3838,-8.8585,-0.1460,2.4205,0.3242,0.0915,-0.1751
-1.7669,4.9129,6.6559,0.0468,-0.2018,-0.3952,-8.8873,-0.1508,2.2984,0.3908,0.0254,-0.1543
-1.6927,4.7956,6.5074,0.0841,-0.1740,-0.4358,-8.7125,-0.0311,2.1955,0.4229,0.0774,-0.1656
-1.7526,4.7022,6.8881,0.0023,-0.1840,-0.4218,-8.8274,-0.3831,2.2673,0.3776,0.1104,-0.2122
-1.8435,4.8291,7.0102,0.0850,-0.1490,-0.4092,-8.9735,-0.5148,2.1524,0.4281,0.0472,-0.1507
-1.6903,4.5610,6.5266,0.1231,-0.2554,-0.4238,-8.4874,-0.2801,2.2146,0.4734,-0.0093,-0.1444
-1.5634,4.6328,6.6702,0.0683,-0.1900,-0.4146,-8.6024,-0.3328,2.3152,0.4028,0.0821,-0.1685
-1.4940,4.6998,6.7157,0.0641,-0.2621,-0.4269,-8.6455,-0.3711,2.4181,0.4254,0.0107,-0.2006
-1.0199,4.5681,6.8594,0.0600,-0.3544,-0.4429,-8.4922,-0.4046,2.7533,0.4778,-0.0460,-0.2168
-1.5155,4.6017,6.7325,0.0478,-0.2108,-0.4790,-8.6742,-0.4334,2.4253,0.4207,0.0723,-0.2399
-1.6496,4.6855,6.7971,0.0381,-0.2968,-0.4319,-8.8322,-0.4046,2.1284,0.4403,-0.0265,-0.2213
-1.5514,4.7094,6.6607,-0.0015,-0.3277,-0.3977,-8.7221,-0.4262,2.5211,0.3716,-0.0281,-0.2750
-1.6927,4.7070,7.0270,0.0436,-0.1531,-0.2990,-8.6503,-0.3591,2.2817,0.3160,0.0242,-0.3062
-0.9361,3.8738,7.0102,-0.0372,-0.3441,-0.1864,-8.5952,-1.1803,2.9329,0.1723,-0.1363,-0.4828
-1.4365,4.5274,7.0629,-0.1250,-0.0763,-0.3292,-9.1842,-1.3384,2.2865,0.0999,0.1965,-0.3175
-1.6376,4.6184,7.2808,-0.1079,-0.0076,-0.1933,-8.9926,-0.9002,2.3439,0.1208,0.0325,-0.0943
-1.3408,4.4700,7.0461,0.0059,-0.2289,-0.1992,-8.7149,-0.8691,2.7246,0.2236,-0.0967,-0.0817
-1.3934,4.4580,6.4500,0.0338,-0.1376,-0.1958,-8.3582,-0.5004,2.5163,0.1835,-0.0870,-0.0458
-1.2594,4.5849,6.1866,-0.0420,-0.0679,-0.1836,-8.2384,-0.2466,2.4708,0.1215,0.0453,-0.0577
-1.3001,4.5155,6.3758,-0.1158,-0.0737,-0.2324,-8.2432,-0.3903,2.3750,0.0994,0.1027,-0.1462
-1.2833,4.5801,6.4284,-0.1451,-0.0139,-0.1986,-8.3342,-0.3903,2.4134,0.0412,0.1038,-0.1559
-1.1636,4.5945,6.7062,-0.1579,-0.0505,-0.1756,-8.6503,-0.7135,2.6360,0.0314,0.0842,-0.1104
-1.2570,4.8076,7.1371,-0.0494,0.0168,-0.0793,-9.4212,-0.9553,2.8323,0.0398,0.0580,0.2397
-0.7973,4.6998,6.8235,0.0437,0.0192,-0.1232,-8.0637,0.1580,2.9832,0.0689,-0.1669,0.1939
-0.6680,4.8914,6.7301,-0.1102,-0.1755,-0.1238,-8.3199,0.1891,2.8802,0.0087,-0.0285,-0.0464
-0.7997,4.7956,6.9528,-0.1705,-0.0485,-0.1360,-8.2648,-0.3160,3.1819,-0.0064,0.0257,-0.1665
-1.2234,4.5610,7.3909,-0.1096,-0.1085,-0.1230,-8.9232,-0.7853,2.6863,0.0374,0.0537,-0.1222
-1.7047,4.0941,7.3574,-0.0661,-0.1324,-0.0338,-8.9711,-1.1708,2.5786,0.0128,-0.0596,-0.0677
-2.0446,3.9504,7.1898,-0.0205,-0.0711,-0.0192,-8.9878,-1.3815,1.9249,0.0364,-0.0634,0.0344
-2.3391,3.9409,6.7277,-0.0089,-0.0189,0.0164,-8.8514,-1.0511,1.6640,-0.0183,-0.0452,0.0489
-2.5522,4.0151,6.4715,-0.0926,0.0899,0.0897,-8.7652,-0.9720,1.6281,-0.1652,0.0584,0.0787
-2.2793,3.9552,6.9264,-0.1539,0.1430,0.1639,-8.8969,-1.0463,1.4820,-0.2914,0.0640,0.0750
-1.8938,3.9480,6.8498,-0.1813,0.0328,0.2161,-8.6790,-1.1109,2.1380,-0.2770,-0.1480,0.0954
-1.6688,3.9959,6.7780,-0.1404,0.1364,0.2124,-8.4348,-0.9673,2.1907,-0.2923,-0.0334,0.1070
-1.7526,4.0223,6.2441,-0.1298,0.1520,0.1779,-8.1977,-0.7518,2.0614,-0.2511,-0.0514,0.0706
-1.4964,4.1013,5.9951,-0.1708,0.0721,0.1947,-8.0756,-0.3663,2.0135,-0.3091,-0.1026,0.0493
-1.6664,4.1013,6.3207,-0.2292,0.0642,0.2052,-8.2289,-0.4142,1.8196,-0.3660,-0.0545,-0.0139
-1.8866,4.2377,6.6463,-0.2583,0.0401,0.2116,-8.5545,-0.7278,2.1620,-0.3591,-0.0746,-0.0334
-2.1356,4.1156,7.1204,-0.2406,0.0817,0.1888,-9.0381,-1.1349,2.1237,-0.3443,0.0079,-0.0276
-2.0710,4.0725,7.6926,-0.2072,0.0653,0.1792,-9.2680,-1.2977,2.3391,-0.2926,-0.0039,0.0131
-2.4612,4.1348,7.1108,-0.1665,0.0428,0.1951,-9.4044,-1.2641,2.1045,-0.2915,-0.0991,0.0500
-2.2913,4.0558,7.8841,-0.1476,0.1312,0.2142,-9.6822,-1.6592,2.2027,-0.3401,0.0802,0.0886
-2.2266,3.9600,7.6758,-0.1106,0.2041,0.2185,-9.3996,-1.5395,2.1380,-0.3365,0.1226,0.1611
-2.3990,3.9552,7.2018,-0.0131,0.2924,0.2170,-9.1147,-1.3072,1.8507,-0.2874,0.1011,0.2233
-2.3535,3.7757,6.8953,-0.0201,0.2286,0.2077,-8.8657,-0.9290,1.5538,-0.2911,0.1115,0.2206
-2.7509,4.1875,6.5122,-0.0238,0.2807,0.2266,-9.0788,-0.6728,1.0104,-0.2899,0.1467,0.2193
-2.5450,4.2258,5.8802,-0.0737,0.1318,0.2316,-8.5401,-0.0072,0.9984,-0.2910,-0.0735,0.1579
-2.4900,4.3862,5.8083,-0.2241,0.1940,0.2431,-8.5688,-0.1724,1.5083,-0.4291,0.0823,0.0787
-2.4325,4.5346,6.1842,-0.2316,0.3079,0.2132,-8.6933,-0.1532,1.5012,-0.4379,0.1760,0.0089
-2.3056,4.6711,6.2297,-0.3099,0.1162,0.2138,-8.6072,-0.0622,1.5945,-0.3837,-0.0622,-0.0328
-2.2290,4.7190,6.6343,-0.2738,0.1336,0.1551,-8.8969,-0.1484,1.7286,-0.3517,0.0910,-0.0585
-1.7406,4.6208,6.5074,-0.3186,-0.0569,0.1015,-8.8274,-0.2562,2.1356,-0.2627,-0.1291,-0.0839
-2.0255,4.5586,6.8666,-0.2357,0.0282,0.0442,-8.8633,-0.4956,2.1261,-0.2254,0.0241,-0.1051
-2.0590,4.3862,6.9911,-0.2398,-0.0069,0.0282,-8.8801,-0.9433,2.3391,-0.1568,0.0032,-0.0693
-2.1213,4.2401,6.8378,-0.0636,0.0023,-0.0176,-8.8394,-0.7518,1.9273,-0.0602,0.0258,-0.0436
-2.0135,4.1635,6.8259,-0.1761,-0.0401,-0.0532,-8.9615,-0.9912,1.9249,-0.0734,0.0362,-0.0662
-2.2649,4.0989,7.4292,-0.0582,0.0723,-0.0822,-9.2416,-1.2258,1.8411,-0.0369,0.1545,-0.0280
-2.2721,3.8786,6.9528,-0.1167,-0.1140,-0.0496,-9.0166,-1.3336,2.1380,-0.0067,-0.1499,-0.0240
-2.1045,3.7541,7.4771,-0.0560,0.1296,-0.0814,-9.0860,-1.7023,2.1045,-0.0424,0.2527,-0.0366
-2.4660,3.9073,6.5050,0.0136,0.0368,-0.0718,-8.7867,-0.9409,1.1875,0.0513,-0.0434,0.0236
-2.6145,3.9816,6.3638,-0.0858,0.0445,-0.0192,-8.6670,-0.8356,1.1133,-0.0652,0.1548,-0.0065
-2.4852,4.0103,5.9999,-0.1003,0.0274,-0.0037,-8.7676,-0.7422,1.1732,-0.0749,-0.0560,0.0196
-2.6025,4.1132,6.4715,-0.1316,0.0354,0.0358,-8.8585,-0.8045,1.3216,-0.1503,0.0576,-0.0204
-2.5809,4.1563,6.7588,-0.1067,-0.0393,0.0464,-8.9639,-1.0032,1.5658,-0.0767,-0.1058,0.0095
-2.3224,3.9935,6.9264,-0.1130,-0.0831,0.0485,-8.9232,-1.1372,1.9321,-0.1037,-0.0504,-0.0055
-2.1452,3.8451,7.2664,-0.0264,-0.0212,0.0500,-9.0525,-1.3240,2.0375,-0.0381,-0.0584,0.0489
-2.5235,3.9648,6.7062,0.0137,-0.0464,-0.0197,-8.9902,-1.1612,1.6879,0.0226,-0.0544,0.0750
-2.5546,3.7757,6.8857,-0.1162,-0.0340,0.0163,-9.0309,-1.2282,1.5419,-0.0998,0.0185,-0.0043
-2.4469,3.5123,7.3574,-0.1108,0.0356,0.0538,-9.0309,-1.8340,1.8244,-0.1235,-0.0051,0.0252
-2.4373,3.2489,7.1994,-0.0922,0.0642,0.0541,-9.0692,-2.0183,1.5586,-0.1414,0.0390,0.0609
-2.5450,3.3255,7.1994,-0.0774,0.0937,0.0713,-8.9543,-1.8555,1.2689,-0.1612,0.0513,0.0847
-2.8012,3.3758,6.8594,-0.1155,0.0911,0.1613,-8.9064,-1.6831,1.3503,-0.2381,-0.0091,0.0939
-2.7294,3.3040,6.8857,-0.1595,0.1860,0.2008,-8.8897,-1.8603,1.2019,-0.3336,0.0520,0.1143
-2.7174,3.4907,7.0413,-0.1287,0.1645,0.2486,-9.0285,-1.6257,1.2043,-0.3385,-0.0108,0.1326
-3.0430,3.9887,6.6535,-0.1532,0.1572,0.3300,-9.0357,-0.8619,0.7757,-0.4234,-0.0694,0.0985
-2.5786,3.8642,6.8402,-0.4104,0.0310,0.4638,-8.9830,-1.2258,1.6113,-0.6428,-0.1855,0.0316
-1.5706,3.7230,7.7883,-0.3099,0.1414,0.4760,-8.9352,-1.9465,3.0143,-0.5582,-0.0689,0.1444
-1.6041,3.8595,7.1682,-0.1007,0.2681,0.3615,-8.7221,-1.1971,2.4134,-0.4231,-0.0068,0.2028
-2.0734,4.1539,6.2201,-0.1825,0.1564,0.4146,-8.3869,-0.5459,1.7095,-0.5008,-0.1107,0.2001
-1.9489,4.0869,7.0485,-0.2653,0.2455,0.4762,-8.8777,-1.3934,2.0710,-0.6456,0.0918,0.1613
-1.6496,3.8164,7.4962,-0.2068,0.1683,0.5153,-8.9112,-1.6879,2.6360,-0.5369,-0.1947,0.2459
-1.6472,3.7757,7.6303,-0.0993,0.1811,0.4592,-8.8897,-1.7717,2.7916,-0.4776,-0.0592,0.2832
-1.8196,3.7900,7.1658,-0.0532,0.2758,0.5002,-8.6886,-1.4198,2.0997,-0.5021,-0.0613,0.3423
-1.7813,3.7134,6.9623,-0.1928,0.2457,0.5017,-8.5114,-1.3408,2.2194,-0.6138,-0.0168,0.2674
-1.7957,3.7613,7.1611,-0.1751,0.3122,0.5594,-8.7053,-1.5227,2.4181,-0.6328,-0.0734,0.3281
-1.4413,3.6583,7.3239,-0.2298,0.3046,0.5613,-8.5473,-1.3599,2.5762,-0.7113,0.0117,0.2855
-1.3455,3.7254,7.2018,-0.2411,0.4239,0.5256,-8.5904,-1.3503,2.6121,-0.7332,0.0879,0.3064
-1.3671,3.6727,7.7859,-0.1897,0.5140,0.5772,-8.8346,-1.7621,2.7342,-0.7528,0.2991,0.3651
-1.3216,4.0151,7.3574,-0.0282,0.5068,0.4840,-8.5281,-1.1372,2.5594,-0.5898,0.0913,0.4297
-1.4605,4.3503,6.8642,-0.0296,0.4009,0.5295,-8.5114,-0.8475,2.6480,-0.5776,0.0899,0.4734
-0.9050,4.6160,6.3590,0.0199,0.4221,0.4442,-7.8937,-0.0503,2.8347,-0.4922,0.1014,0.4294
-1.1133,4.8123,6.0238,-0.0786,0.2848,0.3794,-8.0230,0.1676,2.6288,-0.4515,0.0256,0.3146
-1.6472,4.8722,6.2584,-0.1636,0.4108,0.3829,-8.3821,-0.0934,2.2673,-0.5452,0.1596,0.2962
-2.1739,4.9297,6.5769,-0.1139,0.1789,0.3700,-8.9471,-0.1556,1.9249,-0.4513,-0.1924,0.2783
-1.9201,4.8267,6.6104,-0.1631,0.2647,0.4603,-8.9663,-0.2849,2.1979,-0.5404,0.0582,0.2952
-1.8555,4.9440,7.0318,-0.1065,0.3130,0.4531,-9.0453,0.0215,1.9656,-0.4998,-0.0044,0.2935
-1.7693,5.1906,6.3662,-0.1011,0.0401,0.4676,-8.7053,0.3591,2.2218,-0.4325,-0.2633,0.3232
-1.8794,5.0589,5.8347,-0.1751,0.2329,0.5312,-8.5473,0.2873,2.3463,-0.5578,0.0147,0.2425
-1.6089,5.1834,6.7469,-0.1379,0.1474,0.5000,-8.8873,0.2849,2.2960,-0.4329,-0.0340,0.2635
-1.5395,5.3056,5.8945,-0.1019,0.0301,0.4145,-8.4372,0.7614,2.1476,-0.3295,-0.2694,0.2491
-2.1261,5.1236,5.6551,-0.2040,0.1671,0.4195,-8.5186,0.6464,1.7023,-0.5107,-0.0107,0.1418
-2.0662,5.0925,6.2560,-0.2657,0.1687,0.4205,-8.8849,0.2370,1.8364,-0.5516,-0.0689,0.1330
-2.0087,4.9895,6.6367,-0.2742,0.1025,0.4672,-8.8657,-0.0527,2.0949,-0.5305,-0.1414,0.1633
-1.8555,5.3223,6.4548,-0.2214,0.0977,0.4955,-8.7843,0.3998,2.4181,-0.5085,-0.1639,0.1390
-1.3216,5.2313,6.1435,-0.2839,0.0394,0.4607,-8.6814,0.3543,2.7414,-0.5207,-0.1545,0.0971
-1.0391,5.3893,7.0725,-0.1719,0.1467,0.3848,-8.7843,0.0958,3.2657,-0.4289,0.0096,0.0950
-0.7230,5.2672,6.8666,-0.0662,-0.1059,0.3011,-8.4755,0.4717,3.3279,-0.1227,-0.3246,0.1568
-1.6233,5.4396,5.7126,-0.0746,0.0906,0.2362,-8.5952,0.7422,2.4181,-0.3087,0.0246,0.1448
-1.8627,5.3941,6.5457,-0.2222,0.4671,0.2864,-9.1363,0.1939,2.4205,-0.5670,0.3356,0.1328
-2.0446,5.2241,7.4484,-0.0671,0.2749,0.3260,-9.5529,-0.3687,2.3224,-0.3912,0.0746,0.2791
-2.2841,5.3056,6.4883,0.0229,0.2513,0.3439,-9.2129,0.0910,2.1165,-0.3676,-0.0556,0.3313
-2.2745,5.1667,5.7916,-0.1236,0.3762,0.4178,-8.8322,0.5770,2.1189,-0.5609,0.1234,0.2878
-2.3463,5.2385,6.4236,-0.1815,0.5049,0.4549,-9.1530,0.4310,1.5514,-0.6611,0.2169,0.2594
-1.8579,5.1475,6.7349,-0.2153,0.1773,0.4611,-9.0381,0.0359,2.2697,-0.5433,-0.1114,0.2374
-1.4940,4.8794,6.2680,-0.1549,0.2527,0.3531,-8.3821,0.3232,2.3727,-0.4526,0.0169,0.1585
-2.2362,4.5753,5.4300,-0.4780,0.3897,0.2106,-8.1810,0.2586,1.6999,-0.6532,0.2326,-0.0574
-3.1939,3.3854,6.7397,-0.6356,0.2176,0.5081,-9.0094,-1.6999,0.1245,-0.8693,-0.1688,-0.0410
-2.4684,3.2489,6.6224,-0.6330,0.0835,0.5568,-8.4874,-1.5107,1.6185,-0.8475,-0.2457,-0.0402
-1.4509,3.7565,8.3965,-0.3856,0.1729,0.4113,-9.2273,-1.8076,2.8491,-0.5907,-0.0566,0.0250
-2.3750,3.5482,6.7876,-0.2154,0.3100,0.1876,-8.7125,-1.2139,1.4700,-0.3833,0.2118,0.0314
-3.2058,3.5362,6.3183,-0.2269,0.1929,0.1899,-8.9280,-1.1684,0.5411,-0.3539,-0.0080,0.0636
-3.3375,3.5027,6.9288,-0.2324,0.2399,0.2281,-9.2464,-1.3910,0.5100,-0.4061,0.1675,0.0398
-3.4572,3.6943,6.8833,-0.2284,0.0023,0.2860,-9.4810,-1.4844,0.7278,-0.3464,-0.1605,0.0218
-3.0526,3.7757,6.9743,-0.2479,0.0541,0.3107,-8.9040,-0.9266,0.9002,-0.3380,-0.0787,0.0384
-2.8539,3.9792,6.8450,-0.2798,-0.0159,0.2911,-9.2536,-0.9553,1.5395,-0.3675,-0.1897,0.0468
-2.5977,3.8714,6.7828,-0.2862,0.0104,0.2336,-9.1051,-1.0032,1.6879,-0.3615,-0.0759,-0.0149
-2.4828,3.6200,7.4939,-0.2942,0.1779,0.2057,-9.3230,-1.7621,1.5562,-0.3824,0.1176,0.0326
-2.7533,3.6751,7.1132,-0.1299,0.1232,0.1522,-9.1099,-1.2953,1.3719,-0.2322,-0.0785,0.0993
-2.6097,3.7038,6.5434,-0.1319,0.0156,0.1631,-8.9280,-1.1444,1.1708,-0.2357,-0.0205,0.1520
-2.7916,3.7637,6.6008,-0.1743,0.2659,0.1647,-8.9807,-1.4150,0.9026,-0.3135,0.1504,0.1235
-2.9664,3.7445,6.3255,-0.2042,0.1327,0.1707,-8.9040,-1.0726,1.0702,-0.2591,-0.0481,0.1270
-3.7613,4.0031,6.8570,-0.2642,0.2409,0.0518,-8.6215,-0.5674,1.1612,-0.2840,-0.0835,0.1175
-2.7892,3.8786,6.5481,-0.3741,0.1394,0.2004,-9.6079,-0.6369,0.8260,-0.4257,0.0565,0.1785
-2.7533,3.5674,6.8690,-0.4988,-0.0420,0.1352,-8.9376,-1.4269,2.0973,-0.3223,-0.1932,-0.0011
-2.3200,3.5458,7.0557,-0.2237,0.3115,0.0181,-8.8394,-0.9433,1.6065,-0.2553,0.1186,-0.0528
-2.6839,3.6990,6.7876,-0.3693,0.0516,0.0572,-8.8969,-0.7590,1.4724,-0.2539,-0.0867,-0.0618
-2.5307,3.5195,7.1012,-0.3451,0.1247,0.0047,-9.1291,-1.4557,1.4174,-0.3164,0.1553,-0.1428
-2.7294,3.4572,7.7309,-0.2230,0.0687,0.0510,-9.4403,-1.5610,1.4389,-0.1496,-0.0384,0.0270
-2.8060,3.3495,7.4029,-0.1182,-0.0132,0.0408,-8.9519,-0.9984,1.2091,-0.0891,-0.1422,-0.0036
-2.9592,3.3974,6.9552,-0.1609,-0.0993,0.0965,-9.0692,-1.3408,1.4174,-0.1274,-0.0782,-0.0089
-2.9473,3.2561,7.1658,-0.0683,0.0540,0.0292,-9.1459,-1.2953,1.0606,-0.1118,0.0450,-0.0033
-2.8850,3.2920,6.9695,-0.0939,-0.0528,0.0478,-8.9328,-1.1372,1.3001,-0.0657,-0.1009,-0.0108
-2.7581,3.4357,6.7157,-0.0987,0.0441,0.0438,-8.8705,-1.0487,1.4700,-0.0973,0.1132,-0.0354
-2.7485,3.5985,6.6679,-0.1259,0.0151,-0.0140,-8.9112,-1.0104,1.5706,-0.0957,0.0213,-0.0513
-2.6193,3.3950,7.3478,-0.1053,0.0290,-0.0220,-9.2344,-1.3743,1.5562,-0.0390,0.1776,-0.0546
-2.7270,3.3471,7.1658,-0.0368,-0.0234,-0.0472,-9.0980,-1.3647,1.3767,0.0450,-0.0353,0.0133
-2.9042,3.3208,7.2209,-0.0546,0.0364,-0.0366,-9.0812,-1.4317,1.3240,-0.0460,0.1311,0.0032
-2.6552,3.4189,6.9911,-0.0097,-0.0143,-0.0502,-8.9807,-1.1205,1.5179,0.0183,-0.0216,-0.0064
-2.5283,3.4333,6.7995,-0.0316,-0.0250,-0.1043,-8.7532,-1.1061,1.5179,0.0104,0.0878,-0.0544
-2.9640,3.4141,7.0390,-0.0510,0.0726,-0.1378,-9.0094,-1.2929,1.1540,0.0091,0.1118,-0.0673
-3.8666,3.0119,6.2560,-0.2414,0.1532,-0.0927,-9.2392,-1.4700,0.3448,-0.1928,0.1561,-0.1186
-4.0103,2.8228,7.4101,-0.2754,0.3612,-0.0156,-9.9623,-2.5738,0.5387,-0.4706,0.4626,-0.1013
-3.4333,2.8874,8.1187,-0.1171,0.1611,0.1664,-9.8833,-2.3822,0.7566,-0.2422,-0.0201,0.1452
-3.1987,3.0047,7.1491,0.0152,0.0017,0.1498,-9.2560,-1.7047,1.0175,-0.1258,-0.1168,0.1780
-3.0598,3.4093,7.1587,0.0576,0.1244,0.1657,-8.9280,-1.3408,1.2594,-0.1472,0.0605,0.1892
-2.3727,3.2489,7.0222,0.0977,-0.0215,0.0634,-8.7269,-1.2282,1.4724,-0.0048,-0.0417,0.1110
-2.4612,3.5147,6.6056,0.1443,-0.1440,-0.0717,-8.4803,-0.7829,1.6520,0.2216,-0.1147,0.0729
-2.2170,3.9672,6.2321,0.2122,-0.1704,-0.2146,-8.3366,-0.1341,1.6472,0.3511,-0.0526,-0.0028
-2.0063,3.9840,5.5115,0.1399,-0.3084,-0.3892,-7.8458,0.4214,1.3336,0.4996,-0.1812,-0.1520
-3.0694,3.9552,5.5138,-0.1074,-0.1175,-0.4547,-8.4228,-0.1030,0.8811,0.2409,0.2529,-0.3328
-3.2944,3.6679,7.0198,-0.1247,-0.0620,-0.4611,-9.4164,-1.3072,0.7997,0.2462,0.2690,-0.3492
-3.4069,3.3639,7.2592,-0.0400,-0.3279,-0.4415,-9.5936,-1.6424,0.7566,0.4133,-0.1224,-0.2447
-3.6512,3.3591,7.1994,0.0561,-0.2158,-0.3945,-9.5864,-1.6305,0.6823,0.3629,0.0350,-0.1672
-3.6320,3.2777,7.2209,0.0886,-0.2443,-0.3224,-9.6343,-1.9010,0.7207,0.3400,-0.0590,-0.0767
-3.2848,3.1364,7.5369,0.1585,-0.2046,-0.2670,-9.5505,-1.8268,0.9218,0.3315,0.0258,-0.0067
-3.1891,3.3232,7.3598,0.2626,-0.2463,-0.2622,-9.3709,-1.6640,1.1301,0.4274,-0.1054,0.0584
-3.2226,3.3686,6.6487,0.2194,-0.1901,-0.2754,-9.0477,-1.2426,1.0271,0.3914,0.0145,0.0297
-2.9975,3.3232,6.8857,0.1391,-0.0999,-0.3313,-9.1674,-1.3264,1.0846,0.3340,0.0849,-0.0282
-3.0598,3.3782,6.7397,0.1294,-0.2550,-0.3327,-9.0621,-1.2809,1.1492,0.4008,-0.0674,-0.0835
-2.9784,3.3423,6.8331,0.0950,-0.1657,-0.3535,-9.0573,-1.3623,1.1899,0.3246,0.0718,-0.1242
-3.0765,3.3854,7.0437,0.1146,-0.1410,-0.3436,-9.1602,-1.3527,0.8906,0.3451,0.0850,-0.1074
-3.0191,3.6200,6.7780,0.0386,-0.2374,-0.3204,-8.9998,-0.9840,1.0391,0.3264,-0.0437,-0.1640
-2.4181,3.5602,6.9240,-0.0570,-0.2822,-0.2758,-8.8442,-1.3551,1.7166,0.2649,-0.0745,-0.1676
-2.2841,3.3519,6.7924,0.0661,-0.1561,-0.3814,-8.4659,-1.1636,1.5347,0.3706,0.0596,-0.1795
-2.9401,3.7948,6.1411,0.1027,-0.1603,-0.4161,-8.3677,-0.4381,1.1492,0.4386,0.0477,-0.1848
-2.9688,3.8211,6.3470,-0.0024,-0.2426,-0.3345,-8.9926,-0.9553,0.7949,0.3297,0.0667,-0.1904
-2.7246,3.9337,6.9240,0.1394,-0.3236,-0.2870,-9.1243,-1.0367,0.7925,0.4357,0.0021,-0.1803
-2.3008,3.9169,7.1012,0.1272,-0.3047,-0.4175,-9.0094,-1.0942,1.9680,0.4906,0.0041,-0.1695
-2.2314,4.0749,7.0102,0.1952,-0.4310,-0.4640,-8.9830,-0.8308,1.8890,0.6370,-0.1873,-0.1787
-2.1596,4.2162,6.5242,0.2166,-0.4910,-0.5273,-8.6407,-0.3950,1.9441,0.6785,-0.1411,-0.2121
-1.7957,4.0390,6.7157,0.2410,-0.4768,-0.6554,-8.6550,-0.7422,2.2697,0.7709,-0.0449,-0.2505
-1.8699,4.2569,6.4835,0.4736,-0.5191,-0.7861,-8.3342,-0.2777,1.8196,1.0599,-0.1210,-0.2221
-1.4557,4.5083,5.4803,0.3692,-0.7877,-0.8383,-7.8266,0.6728,1.9680,1.1556,-0.3305,-0.2429
-1.9585,4.6974,5.6000,0.2233,-0.5606,-0.9437,-7.9344,0.6297,1.7909,0.9642,0.0922,-0.5263
-1.5083,4.5753,6.6415,0.0923,-0.9193,-0.9502,-8.5569,-0.1772,2.4493,1.0469,-0.2706,-0.5959
-1.4533,4.5514,7.0629,0.2020,-0.8633,-0.9926,-8.6886,-0.6177,2.8132,1.1660,-0.1976,-0.5541
-1.4820,4.6400,7.0749,0.1884,-0.8539,-1.0495,-8.5736,-0.0742,2.9137,1.1799,-0.2076,-0.6298
-0.7422,4.5921,7.2281,0.0858,-0.9687,-1.0845,-8.6718,-0.6967,4.1827,1.1683,-0.1953,-0.6792
-0.4956,4.5849,8.0732,0.2427,-0.6575,-1.2269,-9.0788,-1.2546,4.3574,1.2804,0.1541,-0.5942
-0.6345,4.2784,7.6543,0.3784,-0.7237,-1.2933,-8.3246,-1.0056,3.6057,1.4873,-0.0179,-0.5494
-2.1572,4.5442,6.5434,0.3484,-0.8857,-1.2177,-8.6526,-0.3711,1.5802,1.4398,-0.1206,-0.5528
-2.0877,4.5394,6.4931,0.2502,-1.0633,-1.0391,-8.5712,-0.2897,1.9010,1.2481,-0.3777,-0.6339
-1.3503,4.3287,7.3981,0.0482,-1.0416,-0.8837,-8.8274,-1.1995,3.0933,1.0389,-0.3147,-0.6450
-0.6919,3.8978,8.7125,0.1891,-0.8716,-0.9429,-8.9376,-1.9321,4.1396,1.1478,-0.2126,-0.5277
-0.5650,4.0175,7.6638,0.3812,-1.0126,-0.9273,-8.4779,-1.4246,3.9863,1.3194,-0.4620,-0.3900
-0.9720,4.2689,6.5098,0.3352,-0.5624,-0.9366,-8.2265,-0.7805,3.3064,1.0464,0.0614,-0.3945
-0.9337,4.5586,6.8570,0.1728,-0.4113,-0.8839,-8.4228,-0.6225,3.1939,0.8763,0.1298,-0.4092
-0.6871,4.7860,7.1347,0.1583,-0.5546,-0.8290,-8.1499,-0.2945,3.3112,0.9008,-0.0437,-0.4166
-0.5794,4.8339,6.8714,0.0657,-0.4146,-0.8403,-8.1714,-0.2107,3.6607,0.7822,0.1051,-0.4535
-0.7829,4.9560,6.8402,0.0268,-0.3725,-0.7991,-8.3797,-0.5339,3.6847,0.7061,0.0935,-0.4646
-0.4741,4.7908,7.3167,0.0634,-0.3769,-0.7627,-8.2863,-0.4334,3.6224,0.7425,0.0961,-0.4105
-0.9050,4.7788,6.9719,0.1239,-0.3718,-0.8207,-8.4228,-0.4022,3.4884,0.7945,0.1015,-0.3758
-0.7230,4.8794,7.0581,0.1246,-0.4467,-0.7572,-8.3582,-0.2682,3.4046,0.7882,0.0466,-0.3733
-0.6608,4.9752,6.9791,0.2090,-0.4338,-0.7911,-8.3893,-0.2059,3.3950,0.8568,0.0560,-0.3170
-0.4884,5.0996,6.6080,0.2018,-0.5227,-0.8059,-8.3294,-0.1269,3.7733,0.8922,-0.0265,-0.2513
-0.3136,5.3271,7.3646,0.3104,-0.3972,-0.8280,-8.3701,0.0263,3.9480,0.9773,0.2069,-0.1729
0.2203,5.1284,7.9009,0.5287,-0.6624,-1.0030,-8.3246,-0.0383,4.5514,1.2966,-0.0493,-0.3435
0.2945,5.0063,6.2465,0.4020,-0.9425,-1.1154,-7.5298,0.3831,4.6040,1.4145,-0.4358,-0.3866
0.1508,4.7764,6.7516,0.1062,-0.2101,-1.0612,-7.6902,-0.2777,4.3191,0.8647,0.6147,-0.4823
-0.0718,4.2689,8.1714,0.1354,-0.2084,-1.0954,-8.5329,-1.3264,4.2497,0.8804,0.5804,-0.5435
-0.0527,3.7254,7.9033,0.1593,-0.6876,-1.0596,-8.1499,-1.9896,4.1204,1.1425,-0.2919,-0.4207
-0.2729,3.1963,7.2185,0.2209,-0.2617,-1.0750,-7.3981,-1.7382,3.4357,0.9662,0.4402,-0.4623
-0.7590,2.8778,6.9839,0.1761,-0.2541,-1.0752,-7.6686,-2.0949,2.8491,1.0076,0.3206,-0.4543
-1.7214,3.2178,5.9448,0.2170,-0.2038,-1.0551,-7.5944,-1.3982,1.9273,0.9224,0.3035,-0.3934
-2.0925,3.3543,6.4667,-0.0061,0.0553,-0.8455,-8.1523,-1.6640,1.6520,0.5025,0.6002,-0.3612
-1.8747,3.2729,7.3071,-0.0305,0.0440,-0.6147,-8.5090,-2.2290,2.0063,0.3757,0.3744,-0.2038
-1.6185,3.5482,7.7165,0.2022,-0.0512,-0.4576,-8.7484,-2.0782,2.1117,0.4858,0.1707,0.0629
-2.0877,4.0247,6.5841,0.2586,-0.0861,-0.3511,-8.4587,-0.7542,1.3336,0.3890,0.0488,0.1065
-2.0470,4.1276,6.0430,0.0628,-0.2541,-0.2000,-8.3318,-0.3974,1.7142,0.2224,-0.1741,0.0051
-1.5634,4.1970,6.4069,-0.0558,-0.1629,-0.1679,-8.1810,0.0000,2.3631,0.1296,-0.0997,-0.0969
-2.0830,5.8682,7.1635,0.1844,-0.1290,-0.3741,-9.7252,0.4717,2.5762,0.3505,0.0581,-0.2013
-2.1165,6.3231,6.1483,0.1315,-0.5690,-0.2670,-9.6079,1.0199,3.5889,0.6037,-0.6147,0.0302
-1.6735,6.2465,7.2736,0.3349,0.2254,-0.5738,-9.6127,1.1037,3.2777,0.4763,0.7135,-0.0670
-2.3750,5.8155,6.5242,0.2757,-0.2362,-0.6342,-9.7468,0.8571,2.3056,0.6860,0.1435,-0.1304
-2.3152,5.5905,6.5410,0.3599,-0.2118,-0.7332,-9.0692,0.7063,1.9154,0.8251,0.1440,-0.1107
-2.4995,5.6000,5.2648,0.3864,-0.1631,-0.8154,-8.7173,1.2929,1.4629,0.8497,0.3563,-0.1763
-2.4732,5.5569,4.9728,0.2741,-0.3535,-0.8807,-8.1020,1.6688,1.3743,0.9208,0.0854,-0.2994
-1.9465,5.0566,4.8459,0.0433,-0.4077,-0.9177,-7.8793,1.0247,1.6664,0.7938,0.1808,-0.4986
-2.1572,4.6448,5.6144,-0.0057,-0.2124,-1.0071,-8.1714,0.2729,1.6305,0.7893,0.3714,-0.5864
-2.0566,4.2952,6.1292,0.0109,-0.4679,-1.0516,-8.3270,-0.0072,1.5874,0.9153,0.1446,-0.6153
-2.7054,4.3910,6.0669,-0.0063,-0.4952,-1.0497,-8.7556,-0.4477,1.1708,0.8765,0.1561,-0.6459
-2.9113,4.4053,6.3135,-0.0047,-0.5153,-0.9478,-9.1099,-0.5076,0.9002,0.8234,0.0606,-0.6042
-3.3830,4.4053,6.1268,-0.0819,-0.5653,-0.7839,-9.1746,-0.4501,0.8116,0.7123,-0.1030,-0.5776
-3.3088,4.2713,6.7205,-0.1947,-0.4291,-0.6588,-9.5577,-1.1301,1.2737,0.4902,0.0163,-0.5372
-3.0861,4.1132,7.4172,-0.1266,-0.3804,-0.5375,-9.6079,-1.5610,1.7502,0.4303,-0.0228,-0.3992
-2.8659,3.8882,7.2784,-0.0739,-0.2210,-0.4217,-9.5457,-1.6257,1.6664,0.3184,0.0416,-0.2908
-2.6552,3.6009,7.4651,-0.0598,-0.1340,-0.3219,-9.2991,-1.8435,1.5203,0.2318,0.0538,-0.1962
-2.7988,3.5195,7.0390,0.0529,-0.1091,-0.2081,-9.0525,-1.5610,1.0247,0.2048,-0.0100,0.0084
-2.9185,3.3184,6.5841,-0.0417,0.0061,-0.0725,-8.8155,-1.6257,0.9266,0.0357,0.1184,0.0003
-3.0263,3.4381,6.1818,-0.0218,0.0305,0.0180,-8.6311,-1.1037,0.4238,-0.0815,-0.0274,0.0164
-2.8132,3.7014,6.4572,-0.2225,-0.0661,0.2170,-8.7676,-1.0511,0.3089,-0.2987,-0.0898,0.0476
-3.0167,3.6799,6.3398,-0.3164,0.0998,0.3377,-8.8681,-0.9720,0.6345,-0.5061,-0.0650,-0.0145
-2.7054,3.9073,7.1611,-0.4674,0.1677,0.5002,-9.2320,-1.4341,1.6233,-0.7337,-0.0954,0.0108
-2.6240,3.8331,7.3550,-0.4114,0.2090,0.5650,-9.3589,-1.5275,1.7933,-0.7381,-0.0613,0.1176
-2.6312,3.9385,7.0413,-0.3395,0.2943,0.5649,-9.1506,-1.3336,1.6233,-0.7297,-0.0597,0.1667
-2.7821,4.0127,6.7588,-0.2886,0.3184,0.6025,-9.0908,-1.2426,1.5706,-0.7234,-0.0536,0.2443
-2.7797,4.1539,6.5888,-0.2390,0.3440,0.6258,-8.8897,-0.7230,1.2402,-0.7517,-0.0574,0.2601
-2.7246,4.3120,6.3949,-0.3074,0.3246,0.6528,-8.9447,-0.4812,1.3527,-0.7638,-0.0372,0.2365
-2.5929,4.2353,6.6128,-0.3039,0.3473,0.6259,-9.0381,-0.7422,1.5275,-0.7822,-0.0156,0.2384
-2.6600,4.2976,6.6559,-0.2088,0.3585,0.5838,-9.1746,-1.0798,1.7454,-0.6985,-0.0268,0.2935
-2.5163,4.2497,6.8953,-0.0786,0.3492,0.5522,-8.9807,-0.6847,1.6209,-0.5732,-0.0177,0.4230
-2.9473,4.6687,6.6439,0.0044,0.3337,0.5684,-9.3206,-0.4166,1.1420,-0.5534,0.0172,0.4166
-3.0885,4.9392,6.0741,-0.0015,0.2021,0.6273,-9.4164,0.1149,0.8068,-0.5622,-0.1913,0.4258
-2.6169,4.7405,6.4667,-0.2419,0.1370,0.7265,-9.0692,-0.3256,1.8747,-0.7546,-0.1807,0.3537
-1.6903,4.4388,7.0605,-0.1058,0.2719,0.6198,-9.1650,-1.1133,2.7533,-0.6664,-0.0592,0.3877
-1.6520,4.7740,6.7564,0.0365,0.2565,0.5840,-8.6048,-0.1796,2.5091,-0.4523,-0.1404,0.4646
-1.9585,4.9943,6.1579,0.0329,0.2891,0.4980,-8.6095,0.2705,1.9776,-0.4986,0.0109,0.3938
-1.7526,5.0326,6.2297,-0.0706,0.1958,0.5376,-8.5353,0.2538,2.1715,-0.5099,-0.1087,0.3829
-1.8435,4.9488,6.6104,-0.1154,0.2010,0.5195,-8.7125,-0.0144,2.0590,-0.5524,-0.0314,0.2790
-1.7885,4.8435,6.5529,-0.1432,0.1495,0.4572,-8.7652,-0.1628,2.5259,-0.4867,-0.1396,0.2188
-1.8579,4.4891,6.2297,-0.2398,0.2461,0.3714,-8.6024,-0.3855,2.4301,-0.5337,0.0497,0.1484
-2.5019,4.4197,6.8618,-0.2794,0.5758,0.3469,-9.3015,-0.9385,1.9010,-0.6722,0.3359,0.1601
-2.6600,4.4867,6.8594,-0.2390,0.3152,0.4442,-9.2703,-0.9266,1.5754,-0.5993,-0.0205,0.2332
-2.0327,4.2593,6.8307,-0.2823,0.3484,0.5268,-8.8394,-1.0463,2.3104,-0.7167,0.0502,0.2481
-1.5107,4.3694,6.6295,-0.2030,0.5009,0.4956,-8.4970,-0.7494,2.5714,-0.6724,0.1420,0.2939
-1.2809,4.4053,6.2058,-0.1294,0.3920,0.4499,-7.9583,-0.1963,2.4062,-0.5534,0.0482,0.3112
-1.1660,4.4365,5.6814,-0.2188,0.4195,0.4298,-7.6734,0.0215,2.1213,-0.6338,0.1295,0.2422
-1.2139,4.7118,5.8778,-0.1916,0.3104,0.4314,-7.7644,0.2442,1.9776,-0.5436,0.0124,0.2483
-1.4748,4.8315,5.6216,-0.2661,0.1800,0.4323,-7.8889,0.4525,1.8986,-0.5684,-0.0469,0.1058
-1.1516,5.0182,6.0573,-0.3084,0.0707,0.4262,-8.0804,0.4693,2.4421,-0.5112,-0.1359,0.0630
-1.4341,5.3056,5.9951,-0.3537,-0.1014,0.3246,-8.2815,0.8068,2.3343,-0.3608,-0.4237,-0.0124
-1.4485,5.3271,6.3183,-0.3710,-0.1680,0.3416,-8.5090,0.4094,2.7054,-0.4173,-0.2117,-0.1411
-1.3527,5.2146,6.8714,-0.3102,-0.1736,0.2453,-8.8538,-0.0503,3.0358,-0.3239,-0.2633,-0.1548
-1.7549,5.2601,7.1347,-0.2874,-0.1625,0.2258,-9.4212,-0.4405,2.8156,-0.2627,-0.2326,-0.0859
-1.8196,5.3367,7.0892,-0.1438,-0.1388,0.2096,-9.3589,-0.2921,2.8946,-0.1676,-0.2521,0.0348
-1.6951,5.2194,7.1515,-0.1058,-0.1111,0.2073,-9.0956,-0.1628,2.8778,-0.1748,-0.1776,0.0690
-1.5682,5.1523,7.1515,-0.0281,-0.0774,0.1656,-9.2249,-0.4357,2.9688,-0.1102,-0.1346,0.1234
-1.5826,5.0518,6.5936,0.0983,0.0152,0.1238,-8.7819,-0.0862,2.5642,-0.0350,-0.0894,0.2126
-1.7478,4.8961,6.3734,-0.0001,0.0681,0.1832,-8.6790,-0.0263,2.2960,-0.1592,0.0369,0.1679
-1.8747,5.1332,6.6463,0.0902,0.1219,0.1667,-8.8442,-0.1796,2.1835,-0.1098,-0.0260,0.2486
-1.7214,5.2625,6.1220,0.0877,-0.0340,0.2276,-8.4731,0.5507,2.2194,-0.0885,-0.1705,0.2349
-1.4006,5.4468,5.8849,-0.0554,-0.0569,0.1741,-8.2145,0.7350,2.6624,-0.1803,-0.0989,0.1014
-0.6057,5.2505,6.4643,-0.1621,-0.0786,0.1884,-8.1092,0.3519,3.2729,-0.1847,-0.1462,0.0360
-0.3160,4.8818,6.1675,-0.1593,-0.0136,0.0875,-7.8195,0.2897,3.5123,-0.1387,-0.0580,-0.0381
-1.0702,4.9823,6.5003,-0.1015,0.0112,-0.0310,-8.3103,0.0096,2.7390,-0.0488,0.0513,-0.0746
-1.7262,4.9919,6.2944,-0.0420,-0.1416,0.0212,-8.5138,-0.0096,2.1620,0.0132,-0.1348,-0.0249
-1.5179,4.9201,6.2968,-0.0910,-0.2134,0.0520,-8.5377,-0.1293,2.5498,-0.0316,-0.1879,-0.0317
-1.4748,4.9488,7.0629,-0.0994,-0.1628,0.0711,-8.9064,-0.5052,2.8970,-0.0750,-0.1328,-0.0176
-1.1325,4.6448,7.4148,-0.1640,-0.1104,0.1355,-8.9830,-1.0151,3.4931,-0.1836,-0.1254,0.0160
-1.3168,4.4365,7.6758,-0.2016,0.1932,0.1286,-9.4236,-1.8890,3.9456,-0.3344,0.1627,0.1002
-1.4150,4.3096,8.5760,-0.0077,0.5620,0.1769,-9.4619,-1.9632,3.3782,-0.3540,0.4086,0.2685
-1.6328,4.4987,7.2209,0.2426,0.2046,0.2537,-8.9256,-0.8284,2.4253,-0.1290,-0.1079,0.4381
-1.7214,4.8243,5.8419,0.0442,0.3788,0.3377,-8.2815,0.2346,1.9944,-0.4258,0.1207,0.3812
-1.8268,5.2385,6.2872,-0.1733,0.5943,0.4020,-8.8178,0.1867,2.1117,-0.6983,0.4032,0.2880
-1.9034,5.5809,6.6319,-0.1082,0.3921,0.5123,-9.1387,0.2179,2.4948,-0.5914,-0.0260,0.3898
-1.4820,5.5186,6.3039,-0.0697,0.4515,0.5173,-8.7939,0.4405,2.8323,-0.6087,0.1029,0.4731
-0.9984,5.6192,6.7301,-0.0691,0.5409,0.4932,-8.5377,0.5770,3.2561,-0.6117,0.2032,0.4811
-0.7015,5.7030,6.1627,0.0103,0.4313,0.3974,-7.9799,1.0127,3.1101,-0.4383,0.0942,0.4112
-0.8595,5.6958,5.7485,-0.1057,0.4026,0.3377,-7.9727,1.1229,2.9042,-0.4898,0.2140,0.2322
-0.8835,5.7078,5.3798,-0.0645,0.2890,0.2185,-7.7021,1.5897,2.4421,-0.3083,0.0356,0.1280
-1.0654,5.7700,4.9895,-0.1500,-0.0693,0.1371,-8.0349,1.4078,2.5929,-0.1877,-0.0573,0.0438
-0.9792,5.9304,4.6807,-0.2308,0.0933,-0.0037,-7.6184,2.0925,2.6240,-0.2014,-0.0003,-0.0942
-1.2809,5.7868,5.9328,-0.5818,0.0562,-0.0369,-8.2983,0.9864,2.6408,-0.4077,0.2574,-0.4013
-1.0965,5.3870,6.9863,-0.4405,0.0751,-0.1063,-8.7867,0.0287,3.0454,-0.2066,0.0743,-0.3384
-1.4772,5.3893,6.2968,-0.3171,-0.0941,-0.0857,-8.5018,0.3735,2.6911,-0.0671,-0.0280,-0.2601
-1.2522,5.4516,5.4109,-0.3846,-0.0145,-0.2566,-8.0325,0.9218,2.7797,-0.0613,0.0193,-0.3898
-1.5586,5.4875,6.2177,-0.4571,0.0469,-0.3152,-8.6479,0.5267,2.5618,-0.0694,0.3176,-0.4622
-1.8747,5.4181,6.2321,-0.4032,-0.1247,-0.3062,-8.7364,0.5387,2.0973,0.0341,-0.0310,-0.4602
-1.5610,5.1763,6.7756,-0.4868,-0.3236,-0.2546,-9.0621,-0.3472,2.6288,-0.0338,-0.0233,-0.5009
-0.9457,4.6902,7.8219,-0.3757,-0.2525,-0.2009,-9.0668,-1.2450,3.4620,0.0088,-0.0790,-0.3593
-0.7685,4.4365,7.6974,-0.0974,-0.2569,-0.2471,-8.7532,-1.3695,3.6296,0.2298,-0.1120,-0.2074
-1.1708,4.3694,6.9839,0.0889,-0.1696,-0.3014,-8.2313,-0.7446,2.5379,0.3416,-0.0433,-0.1132
-1.5490,4.3551,6.2560,0.0722,-0.2879,-0.3305,-8.0780,-0.3639,2.4469,0.3898,-0.1071,-0.1178
-1.5467,4.2832,6.3686,-0.0510,-0.1663,-0.3028,-8.2408,-0.6776,2.4014,0.2140,0.0817,-0.1664
-1.3575,3.8786,7.3646,-0.0548,-0.1649,-0.2402,-8.6239,-1.4964,2.7605,0.1964,0.0123,-0.1715
-1.0774,3.6607,8.0469,0.0486,-0.4069,-0.3287,-8.9136,-2.2098,3.2585,0.3748,-0.1328,-0.1486
-2.0782,3.5267,7.7476,0.1290,-0.1456,-0.2330,-9.1387,-2.2649,2.4708,0.3139,-0.0063,-0.0040
-2.3056,3.3184,7.2257,0.1712,-0.1500,-0.1278,-8.7771,-1.9465,1.6807,0.2447,-0.0637,0.0336
-2.5929,3.1747,7.2257,0.0714,-0.1378,-0.0590,-8.7867,-2.0806,1.2857,0.1230,-0.1094,0.1002
-2.7533,3.3686,6.8043,0.1038,0.0596,0.0549,-8.7029,-1.7645,1.1875,-0.0207,0.0353,0.1411
-2.3846,3.6081,6.4212,0.0080,-0.0285,0.1843,-8.4443,-1.3719,1.4796,-0.1171,-0.1660,0.1797
-1.6352,3.7206,6.5194,-0.1140,0.0665,0.2312,-8.2145,-0.9768,1.9249,-0.2994,0.0007,0.1247
-1.7980,3.9935,6.6367,-0.1727,0.1527,0.2677,-8.5186,-1.0534,2.1261,-0.3782,-0.0232,0.0973
-1.4796,4.0606,7.0318,-0.2337,0.0995,0.3042,-8.4420,-1.0822,2.3607,-0.4283,-0.0430,0.0927
-1.6017,4.3287,6.8426,-0.2045,0.1765,0.3016,-8.5042,-0.7159,2.3487,-0.4183,-0.0456,0.0825
-1.7693,4.6232,6.4045,-0.2995,0.1394,0.3072,-8.6598,-0.3089,2.1596,-0.4774,-0.0185,0.0309
-2.0135,4.6591,7.0461,-0.3000,0.1619,0.2513,-8.9759,-0.6560,2.4325,-0.4165,0.0013,0.0053
-2.0806,4.6687,6.6559,-0.2605,0.0715,0.1973,-8.9112,-0.2610,2.1165,-0.3428,-0.0922,-0.0233
-2.3918,4.6950,6.7660,-0.3376,0.1099,0.1875,-9.1961,-0.6105,2.1165,-0.4203,0.0218,-0.0757
-2.0782,4.5442,7.5322,-0.2862,0.2204,0.1300,-9.4403,-1.0008,2.2913,-0.3750,0.1869,-0.0350
-2.6073,4.6017,7.1347,-0.1563,0.1831,0.1095,-9.6247,-1.1181,1.9273,-0.2438,0.0722,0.1110
-2.9281,4.6112,6.6583,-0.0648,0.2754,0.1359,-9.1243,-0.4453,1.4030,-0.2562,0.0942,0.1211
-2.6288,4.5777,6.5146,-0.1091,0.1691,0.1756,-9.0668,-0.3735,1.4485,-0.2617,0.0781,0.1119
-2.3224,4.5873,6.6822,-0.1344,0.2040,0.1150,-9.0549,-0.5938,2.0135,-0.2689,0.1271,0.1152
-2.3487,4.6040,6.9336,-0.0544,0.1989,0.0722,-8.9974,-0.6033,2.0446,-0.1871,0.1021,0.0994
-2.3727,4.4748,6.7133,-0.1025,0.2002,0.0338,-9.0716,-0.7398,1.9417,-0.1849,0.1828,0.0702
-2.2170,4.3814,6.9815,-0.0766,0.2442,-0.0161,-9.0980,-0.8212,1.7980,-0.1435,0.2196,0.0625
-2.5259,4.2880,6.4284,-0.0533,0.1218,-0.0185,-8.7795,-0.5890,1.5179,-0.0726,0.0360,0.0898
-2.6240,4.2018,6.1675,-0.1356,0.2461,-0.0140,-8.8011,-0.6560,1.4605,-0.2218,0.2703,0.0213
-2.5450,4.1563,6.7684,-0.1637,0.2619,-0.0253,-8.9854,-0.8523,1.7358,-0.2204,0.2491,0.0340
-2.7797,4.2880,6.7995,-0.1063,0.2314,0.0051,-9.1889,-0.9960,1.7334,-0.1808,0.1865,0.0729
-2.8395,4.3287,6.6319,-0.1131,0.2721,0.1972,-9.0980,-0.9361,1.7502,-0.2126,0.2082,0.1134
-2.5043,4.4460,6.7780,-0.0385,0.2346,0.1877,-9.2105,-0.5722,1.3144,-0.1905,0.2284,0.1063
-2.2889,4.4436,6.5170,-0.1677,0.0805,0.1290,-8.8059,-0.1556,1.2115,-0.3509,-0.0173,0.0209
-1.3623,3.6895,6.9887,-0.3734,0.0843,0.0737,-8.4898,-1.6640,3.0191,-0.3917,0.0686,-0.0677
-1.6712,3.8786,7.3167,0.0686,0.5553,-0.1195,-8.6646,-1.2498,1.8316,-0.1180,0.5063,0.2162
-3.1867,4.4987,5.2385,0.0801,0.2894,-0.1675,-8.3390,0.5459,0.1724,-0.0124,0.0384,0.1182
-3.2394,4.6567,5.7940,-0.2210,0.0301,0.0381,-8.6167,0.2011,0.6464,-0.2569,0.0665,-0.0426
-2.8730,4.4029,6.0789,-0.2860,0.1925,-0.0204,-9.0309,-0.6752,1.5802,-0.3092,0.0726,-0.0609
-3.0215,4.4269,7.2784,-0.2589,0.1785,0.0004,-9.7037,-1.0104,1.8148,-0.2224,0.1864,-0.0803
-3.0478,4.5298,6.8522,-0.0384,0.0320,-0.0119,-9.6391,-0.7853,1.3934,-0.0128,-0.0518,0.0461
-2.7581,4.3862,6.6391,0.0115,0.0738,-0.0333,-9.1459,-0.5148,1.4940,-0.0248,0.1611,0.0881
-2.8060,4.3838,6.7301,0.0536,0.1070,-0.0381,-9.2177,-0.8092,1.3240,0.0320,0.1186,0.1017
-2.6121,4.1396,6.3614,0.0854,0.0071,-0.0630,-8.9304,-0.6105,1.2594,0.0738,0.0417,0.1001
-3.0047,4.0893,6.2991,0.0689,0.0390,-0.0441,-9.1099,-0.7901,1.0175,0.0316,0.1119,0.0670
-3.1364,3.8020,6.2632,-0.0196,0.0187,-0.0177,-8.9256,-0.9601,0.8619,-0.0424,0.0433,0.0350
-3.0957,3.7900,6.6511,-0.0305,0.0667,0.0445,-8.9998,-1.2115,0.9218,-0.0967,0.0878,0.0762
-3.0694,3.7014,6.5242,-0.0658,0.0951,0.0690,-8.8633,-1.2641,1.0008,-0.1104,0.0269,0.0625
-2.8970,3.6607,6.5457,-0.1571,0.0851,0.1784,-8.9567,-1.2953,0.8811,-0.2677,0.0330,0.0682
-3.0430,3.7014,6.6822,-0.1391,0.1259,0.2081,-8.9998,-1.3743,0.7350,-0.2932,-0.0348,0.0787
-2.9951,3.6655,6.0908,-0.1775,0.0604,0.2922,-8.5521,-0.9529,0.4142,-0.3143,-0.1379,0.0935
-3.3208,3.8427,5.8347,-0.2923,0.0561,0.3730,-8.7173,-0.7829,0.4573,-0.4863,-0.1331,0.0470
-3.1388,4.0797,6.1244,-0.3168,0.0906,0.4311,-8.7293,-0.7350,0.7326,-0.5413,-0.1621,0.0084
-3.1005,4.0677,6.2824,-0.3809,-0.0196,0.4317,-8.8538,-0.8188,0.9313,-0.5119,-0.2113,0.0076
-2.9257,4.1611,6.7157,-0.3159,0.0033,0.4199,-9.1267,-0.8691,1.1708,-0.5043,-0.1984,0.0188
-2.9449,4.2258,6.4165,-0.3046,-0.0380,0.3826,-9.0980,-0.7805,1.3288,-0.4630,-0.2711,0.0256
-3.1484,4.3335,6.8331,-0.1290,0.0851,0.3187,-9.4786,-0.7159,1.0918,-0.3285,-0.1760,0.1282
-3.0813,4.5777,6.6750,-0.1892,-0.0088,0.2707,-9.4691,-0.7518,1.4174,-0.3400,-0.1223,0.1170
-2.7821,4.5083,7.0988,-0.1021,0.1288,0.2419,-9.5816,-0.6273,1.6472,-0.2915,0.0129,0.1264
-2.9760,4.7429,6.6726,-0.0183,0.0191,0.1540,-9.5265,-0.3496,1.3743,-0.1303,-0.0533,0.1555
-3.0646,4.7932,6.7277,-0.0789,-0.0052,0.1332,-9.3350,-0.3639,1.7238,-0.1549,-0.0937,0.1224
-2.2003,4.5442,7.0294,-0.0598,0.0454,0.0739,-9.1842,-0.9098,2.4828,-0.1339,0.0526,0.0922
-1.9321,4.3958,6.6966,0.1340,0.1487,-0.0428,-8.9352,-0.7638,2.2673,0.0252,0.1643,0.1571
-2.5833,4.5681,5.9759,0.1655,0.0761,-0.0674,-8.7269,-0.0072,1.0870,0.1071,0.0625,0.1651
-2.5379,4.6017,6.0238,0.0165,0.0305,-0.0181,-8.7795,-0.1604,1.3312,-0.0209,0.0674,0.1183
-2.4565,4.4652,6.2537,0.0525,0.0282,-0.0037,-8.8490,-0.3998,1.5945,0.0080,0.0430,0.0850
-2.2553,4.2353,6.6774,0.0009,-0.0682,-0.0029,-8.9926,-0.9553,1.9561,0.0128,0.0068,0.1038
-2.1668,4.1515,6.8187,0.0536,0.1343,-0.0354,-8.9304,-1.0032,2.0901,-0.0203,0.1604,0.0689
-2.2362,4.2162,7.0126,0.0893,0.0008,-0.0312,-8.8298,-0.8236,1.9561,0.0853,-0.0414,0.1144
-2.4469,4.4580,6.4835,0.0978,0.0253,-0.0248,-8.8633,-0.5650,1.5826,0.0518,0.0390,0.1122
-2.3032,4.4484,6.3853,0.0147,-0.0185,0.0320,-8.8083,-0.5100,1.6855,-0.0366,-0.0266,0.0769
-2.1763,4.4436,6.7277,-0.0045,0.0549,0.0161,-8.8897,-0.7685,1.9225,-0.0577,0.0723,0.0705
-2.1668,4.4293,6.8402,0.0144,-0.0113,0.0821,-9.0309,-0.7542,1.8627,-0.0410,-0.0409,0.1182
-2.1811,4.3862,6.3039,0.0386,0.0012,0.0597,-8.6910,-0.5770,1.9609,-0.0360,-0.0338,0.1090
-2.3463,4.5993,6.3590,0.0068,0.1041,0.0277,-8.7197,-0.4046,1.6017,-0.1079,0.0789,0.0899
-2.4732,4.5801,6.5122,0.0032,0.0257,0.0466,-8.9543,-0.4908,1.7789,-0.0388,-0.0147,0.1211
-2.3535,4.5370,6.1627,-0.0324,0.0269,0.0713,-8.6383,-0.1460,1.6472,-0.1114,-0.0230,0.0693
-2.3703,4.6735,6.4883,-0.0971,0.0781,0.0825,-8.9519,-0.3950,1.6448,-0.1547,0.0453,0.0508
-2.2601,4.6950,6.4667,-0.0404,-0.0101,0.0881,-8.9471,-0.4046,1.8028,-0.0761,-0.0978,0.0851
-2.3008,4.7932,6.1220,-0.0646,0.0205,0.0753,-8.6431,0.0527,1.6424,-0.1260,-0.0318,0.0486
-2.2817,4.7549,6.3542,-0.1243,0.0600,0.0886,-8.8394,-0.2155,1.7382,-0.1779,0.0606,0.0360
-2.1524,4.7597,6.1890,-0.0609,-0.0108,0.1039,-8.5425,-0.0359,1.8435,-0.1063,-0.0913,0.0711
-2.2170,4.8698,5.8371,-0.0831,0.0552,0.0954,-8.4755,0.3304,1.3408,-0.1593,0.0059,0.0356
-2.2697,5.1571,6.1220,-0.1577,0.0288,0.0937,-8.8562,0.3184,1.7310,-0.1877,-0.0461,0.0161
-2.1739,5.2194,6.2393,-0.2070,-0.0917,0.1653,-8.8777,0.2298,2.0087,-0.2273,-0.1568,-0.0212
-1.8603,5.1571,6.8905,-0.2222,-0.0248,0.1711,-9.0836,-0.1508,2.4756,-0.2517,-0.0853,-0.0242
-1.9297,5.0230,6.8402,-0.1219,-0.0693,0.1347,-9.0740,-0.3903,2.5115,-0.1140,-0.1430,0.0270
-2.1213,4.9321,6.2537,-0.0747,-0.0096,0.0837,-8.8107,-0.0383,1.9034,-0.1128,-0.0754,0.0306
-2.4541,4.9416,6.5673,-0.0937,0.0674,0.1352,-9.1219,-0.2490,1.5514,-0.1787,0.0292,0.0797
-2.5690,4.9536,6.1100,-0.0281,-0.0457,0.1364,-8.9711,-0.0024,1.7837,-0.0965,-0.1783,0.1375
-2.1380,4.9321,6.0094,-0.1210,0.0137,0.1933,-8.6550,0.0311,1.9441,-0.2236,-0.0707,0.0953
-2.0806,5.0781,6.5936,-0.0733,0.0861,0.1693,-8.9232,0.0958,1.8747,-0.2200,-0.0027,0.0667
-1.8148,5.0757,6.2153,-0.1175,-0.1262,0.1807,-8.5425,0.3424,2.3727,-0.1343,-0.2563,0.0773
-1.9082,5.1978,6.3303,-0.1584,0.0369,0.1350,-8.8274,0.0120,2.4157,-0.2510,0.0446,-0.0044
-1.8387,5.0230,6.8714,-0.1458,-0.0104,0.1263,-8.9783,-0.2921,2.3870,-0.1712,-0.1073,0.0199
-2.0877,4.8626,6.4883,-0.1088,-0.0337,0.1272,-8.7628,-0.1867,2.1284,-0.1375,-0.1035,0.0460
-2.3343,4.5657,6.8163,-0.2073,0.1364,0.1523,-9.1770,-0.7781,2.0375,-0.3098,0.0815,0.0246
-2.2601,4.6256,7.0749,-0.1408,0.0508,0.2318,-9.2727,-0.8691,2.1524,-0.2802,-0.0753,0.1200
-2.2649,4.4963,6.6702,-0.1663,0.1398,0.2666,-8.9711,-0.7805,2.1284,-0.3691,-0.0679,0.1183
-2.2649,4.3383,7.0270,-0.2306,0.2733,0.3232,-9.1650,-1.1061,2.2745,-0.5071,0.1168,0.1412
-2.3200,4.3551,6.8642,-0.1945,0.3176,0.4116,-8.9783,-0.9242,1.9154,-0.5650,-0.0177,0.2240
-2.1237,4.3024,6.9384,-0.2210,0.3764,0.4923,-8.9998,-0.9864,2.0351,-0.6726,0.1271,0.2701
-2.2673,4.4915,6.4500,-0.2142,0.4453,0.5660,-8.7532,-0.6033,1.7430,-0.7334,-0.0019,0.3126
-2.0039,4.6591,6.2273,-0.3664,0.4378,0.6574,-8.5377,-0.3591,1.9632,-0.9105,0.0620,0.2511
-1.8292,4.8028,6.5146,-0.3046,0.5024,0.7052,-8.6024,-0.2083,2.1763,-0.8776,0.0201,0.3234
-1.8627,5.1284,5.8730,-0.3452,0.4097,0.7119,-8.4491,0.4262,2.1380,-0.8908,-0.0456,0.2870
-1.4222,5.3439,6.0406,-0.4207,0.4764,0.7290,-8.4683,0.5626,2.4181,-0.9782,0.0300,0.2366
-1.3958,5.6096,6.2656,-0.3840,0.3432,0.6769,-8.5928,0.5794,2.6504,-0.8593,-0.0818,0.2257
-1.3934,5.5929,6.1603,-0.3932,0.2723,0.6411,-8.4707,0.6943,2.9042,-0.8003,-0.1346,0.1763
-2.1284,5.1308,6.5410,-0.2032,0.4151,0.5316,-9.1075,-0.1197,2.1620,-0.7005,0.1158,0.2858
-2.1620,5.0925,6.8666,-0.1394,0.3545,0.5879,-9.1866,-0.2682,2.1859,-0.6488,-0.0348,0.3864
-1.8627,5.2170,6.2441,-0.1124,0.3275,0.5820,-8.5712,0.5028,2.3487,-0.6025,-0.0866,0.3946
-1.7669,5.5234,5.9328,-0.2112,0.3768,0.5578,-8.6550,0.7207,2.2027,-0.7068,0.0879,0.2561
-1.3695,5.5091,6.4548,-0.2751,0.1988,0.4958,-8.5569,0.8212,2.5762,-0.5718,-0.1267,0.1837
-1.5586,5.4372,6.1770,-0.2947,0.0653,0.3918,-8.4396,0.8308,2.5618,-0.4868,-0.1613,0.0564
-1.4030,5.1643,6.3494,-0.3260,0.0986,0.2810,-8.5617,0.3041,2.7749,-0.4154,-0.0168,-0.0216
-1.4078,4.9153,6.0286,-0.2284,-0.0272,0.1318,-8.2959,0.3543,2.4421,-0.2157,-0.1250,-0.0610
-1.9297,4.9201,5.7868,-0.2314,0.0434,0.0402,-8.3175,0.2203,2.0039,-0.2074,0.0561,-0.0826
-2.0207,4.7621,6.0047,-0.2138,0.0620,-0.0007,-8.5736,-0.1460,1.7645,-0.1663,0.0781,-0.0899
-1.6496,4.7381,6.4835,-0.1889,-0.0921,-0.0120,-8.4659,-0.1772,2.4612,-0.0999,-0.0444,-0.1252
-1.5850,4.5298,7.2185,-0.0987,-0.0616,-0.1041,-8.8921,-0.8452,2.7438,0.0390,0.0040,-0.1104
-1.8962,4.3191,6.8594,-0.1358,-0.2093,-0.1027,-8.7795,-0.8452,2.3583,0.0759,-0.1110,-0.1411
-2.2075,4.2497,6.9121,-0.1061,-0.0244,-0.1581,-9.0022,-1.0558,2.0183,0.0478,0.0582,-0.1410
-2.4517,4.1372,6.9168,-0.1053,-0.1038,-0.1276,-8.9950,-1.0367,1.8435,0.0644,-0.0264,-0.1043
-2.4708,4.1563,6.8522,-0.1154,-0.0675,-0.1090,-9.1171,-1.1372,1.8890,0.0028,0.0252,-0.1029
-2.1165,4.1132,7.2784,-0.0874,0.0073,-0.0955,-9.0381,-1.2977,2.0782,0.0036,0.0794,-0.0585
-2.3511,4.1587,6.6607,-0.0245,0.0191,-0.0773,-8.7269,-0.9194,1.7119,0.0288,0.0155,0.0140
-2.2841,4.2353,6.4236,-0.0636,0.0637,-0.0512,-8.7508,-0.7973,1.5874,-0.0620,0.1294,-0.0189
-2.0375,4.2090,6.1794,-0.0977,-0.0097,-0.0386,-8.3821,-0.5387,1.6879,-0.0492,-0.0438,-0.0172
-2.3272,4.2497,6.6583,-0.0851,0.0489,-0.0302,-8.7197,-0.8715,1.6999,-0.0597,0.0456,-0.0076
-2.4325,4.3886,6.6056,-0.1374,0.0165,-0.0448,-8.9495,-0.7350,1.6616,-0.0938,0.0537,-0.0754
-2.7342,4.3694,7.0174,-0.1208,-0.0140,-0.0449,-9.3494,-1.0008,1.7023,-0.0424,0.0052,-0.0717
-2.7366,4.3287,6.6990,-0.1315,-0.0946,-0.0413,-9.2416,-0.6656,1.5131,-0.0230,-0.0929,-0.0745
-2.6839,4.2617,7.1587,-0.2273,-0.0304,-0.0541,-9.4260,-1.0367,1.7334,-0.1359,0.0601,-0.1423
-2.8371,4.1827,7.6327,-0.1889,0.0240,-0.0498,-9.7923,-1.5155,1.8316,-0.1057,0.0409,-0.1122
-3.0742,4.1563,7.3909,-0.1549,0.0349,-0.0169,-9.7444,-1.5155,1.6065,-0.1077,0.0337,-0.0496
-2.8778,3.7134,7.4268,-0.1507,0.1344,0.0361,-9.5002,-1.9178,1.8172,-0.1962,0.1314,0.0278
-2.8563,3.6655,7.1611,-0.0558,0.2575,0.0073,-9.3182,-1.8196,1.5826,-0.1612,0.2044,0.1091
-3.0718,4.1300,6.6631,-0.0408,0.3480,0.0731,-9.2608,-1.1396,1.0774,-0.2317,0.2384,0.1560
-2.6360,4.1156,6.3327,-0.1941,0.2558,0.1857,-8.8370,-0.7518,1.4605,-0.3255,0.0862,0.1412
-2.3535,4.1683,7.0198,-0.2779,0.3884,0.1909,-8.9711,-0.9625,1.9273,-0.4903,0.3228,0.0641
-2.8276,3.7565,7.0390,-0.3256,0.4531,0.1247,-9.1075,-1.3527,1.2833,-0.4678,0.2991,-0.0032
-3.5243,3.6320,6.2177,-0.4255,0.3761,0.2222,-9.0716,-1.3719,0.4932,-0.5570,0.1286,0.0171
-3.5554,3.3854,6.3901,-0.4499,0.4698,0.2674,-9.0597,-1.4509,0.2203,-0.6761,0.2923,-0.0137
-3.8906,3.5027,6.1316,-0.4786,0.3806,0.3499,-9.0884,-1.6975,0.1221,-0.7202,0.0510,0.0392
-3.3519,3.5386,6.3710,-0.3994,0.3681,0.4558,-9.0357,-1.3910,0.3687,-0.7530,0.1066,0.1051
-3.5698,3.9792,6.1148,-0.3762,0.3643,0.5610,-8.8466,-0.9888,0.7566,-0.7669,-0.0350,0.2065
-3.0454,3.9121,6.2848,-0.3736,0.3844,0.6237,-8.9304,-1.0870,1.4174,-0.8323,0.0328,0.2380
-2.4660,3.7781,6.9887,-0.2938,0.3965,0.6166,-9.0142,-1.4772,1.7358,-0.7841,0.0185,0.2561
-2.4708,3.7900,6.9983,-0.1651,0.3758,0.5802,-8.9423,-1.3838,1.6855,-0.6527,-0.0116,0.3247
-2.7031,3.8618,6.3518,-0.1326,0.3046,0.5637,-8.7819,-0.9553,1.1851,-0.6239,-0.0975,0.3287
-2.7031,3.8618,6.1723,-0.2001,0.2773,0.5875,-8.6766,-0.7278,1.1037,-0.6628,-0.0577,0.2859
-2.8898,3.9241,6.4931,-0.2599,0.2329,0.5530,-8.8490,-0.8332,1.0151,-0.6403,-0.0580,0.2204
-3.0909,3.8810,6.3829,-0.3104,0.2286,0.4992,-8.9807,-0.9026,0.8356,-0.6495,-0.0666,0.1483
-3.3184,3.9385,6.2513,-0.3881,0.2232,0.5272,-9.1147,-0.9337,0.6560,-0.6985,-0.1071,0.1061
-3.7565,4.0031,6.4548,-0.3800,0.2561,0.5476,-9.4523,-0.8643,0.3041,-0.7450,-0.0709,0.0927
-3.8642,4.1204,6.2776,-0.4478,0.1218,0.6226,-9.5074,-0.8835,0.4884,-0.7665,-0.2186,0.0850
-3.4740,4.2473,6.6224,-0.4290,0.1911,0.5922,-9.6582,-1.1349,1.2186,-0.7851,-0.1270,0.1227
-2.9473,4.1228,6.9743,-0.3246,0.2623,0.5686,-9.4882,-1.2737,1.6544,-0.6823,-0.0879,0.1969
-2.7916,4.0582,7.0102,-0.2116,0.2233,0.5415,-9.3398,-1.2522,1.6233,-0.5812,-0.0883,0.2525
-2.9066,4.2114,6.4380,-0.0501,0.2619,0.4594,-8.9735,-0.7087,0.9673,-0.4586,-0.0657,0.2880
-3.0957,4.2856,5.8347,-0.1223,0.1584,0.4326,-8.7053,-0.2969,0.6704,-0.4319,-0.1002,0.2594
-2.8060,4.2401,5.9831,-0.1723,0.1416,0.3461,-8.6287,-0.3496,1.0558,-0.4147,-0.0413,0.1292
-2.7797,4.1994,6.0861,-0.1498,0.0233,0.2606,-8.6048,-0.2969,1.1277,-0.2763,-0.1414,0.0915
-3.1747,4.1635,5.6982,-0.2286,0.0522,0.1480,-8.7556,-0.1963,0.5531,-0.2758,-0.0187,-0.0494
-3.5865,4.4149,6.0190,-0.2595,0.0195,0.1259,-9.1267,-0.2658,0.1556,-0.2538,-0.0634,-0.1132
-3.7852,4.4149,5.8562,-0.2583,-0.1795,0.1571,-9.3302,-0.3663,0.2490,-0.2053,-0.2360,-0.0741
-3.6272,4.5586,6.3135,-0.2433,-0.1280,0.1025,-9.5696,-0.5578,0.6895,-0.2012,-0.1308,-0.0879
-3.2082,4.4628,6.9049,-0.1721,-0.1651,0.0974,-9.6941,-0.9960,1.3551,-0.1086,-0.1736,-0.0225
-2.8276,4.3144,7.2688,0.0136,-0.0797,-0.0191,-9.6606,-1.3336,1.9369,0.0590,-0.0428,0.0380
-2.9018,4.3287,6.9145,0.2026,-0.0609,-0.1248,-9.5648,-0.8547,1.5155,0.2342,-0.0228,0.1332
-3.1987,4.5131,6.5003,0.2567,-0.1214,-0.1503,-9.2273,-0.4166,0.9649,0.3116,-0.0125,0.1564
-2.9497,4.4652,6.4883,0.2882,-0.1511,-0.2321,-9.1794,-0.4573,1.1444,0.3929,0.0277,0.1009
-2.8467,4.2090,6.2920,0.3040,-0.2116,-0.3204,-8.8921,-0.5028,1.2210,0.5004,0.0143,0.0598
-3.1795,4.2329,5.9759,0.3066,-0.1621,-0.4309,-8.9807,-0.1987,0.4525,0.5552,0.1053,-0.0096
-3.8116,4.8195,5.9161,0.2156,-0.2751,-0.4109,-9.5624,0.2466,0.0263,0.4946,-0.0015,-0.1005
-3.4429,4.9344,6.2968,-0.0039,-0.4954,-0.3106,-9.4451,-0.1006,0.9601,0.3680,-0.2149,-0.1968
-1.8124,4.3503,7.1874,0.0032,-0.4282,-0.3541,-9.0333,-1.2306,3.2441,0.4217,-0.1075,-0.1711
-1.5155,4.4293,7.1563,0.2819,-0.1470,-0.5488,-8.6574,-0.7302,2.7557,0.6419,0.1699,-0.1199
-1.9225,4.6232,5.8945,0.3203,-0.2984,-0.6332,-8.4348,-0.0694,1.9321,0.7694,0.0453,-0.0999
-1.9465,4.5586,6.2225,0.2815,-0.1972,-0.6434,-8.4587,-0.2825,1.6376,0.6808,0.2633,-0.1412
-2.3104,4.4628,5.9640,0.2852,-0.3691,-0.6093,-8.4851,-0.3519,1.5323,0.7329,-0.0453,-0.1447
-2.0303,4.2713,6.6319,0.2856,-0.4874,-0.6179,-8.6933,-0.7925,1.7765,0.7695,-0.0262,-0.1919
-2.3343,4.4388,6.2010,0.3235,-0.5777,-0.5478,-8.5617,-0.3519,1.4748,0.8435,-0.2725,-0.1420
-2.5235,4.7190,5.8802,0.2377,-0.6222,-0.5271,-8.6048,0.0215,1.4892,0.7405,-0.1929,-0.2433
-2.0638,4.8315,6.1148,0.1118,-0.6360,-0.5108,-8.6119,-0.0359,2.0997,0.6740,-0.2754,-0.2979
-1.8435,4.8626,6.1196,0.0020,-0.5337,-0.5642,-8.5234,-0.1365,2.9975,0.5325,-0.1375,-0.4194
-1.1157,4.8267,7.6184,-0.1399,-0.2130,-0.6223,-9.1506,-0.9290,3.5195,0.4064,0.2157,-0.4503
-1.2929,4.6304,8.4539,0.0405,-0.2694,-0.7938,-9.5672,-1.4820,3.3375,0.6788,0.2289,-0.4060
-1.9201,4.4963,7.2903,0.2330,-0.5662,-0.7861,-9.4451,-1.2402,2.8635,0.9542,-0.1675,-0.2647
-2.2170,4.4508,6.5505,0.2757,-0.2906,-0.7657,-8.7101,-0.6536,2.0710,0.8019,0.1769,-0.2349
-2.3655,4.3359,6.4260,0.1776,-0.3027,-0.6777,-8.6407,-0.6608,1.5275,0.6900,0.0907,-0.2529
-2.0494,4.2521,6.4715,0.1621,-0.3889,-0.6394,-8.5210,-0.8236,1.7262,0.6913,0.0370,-0.2029
-2.1093,4.3838,5.8634,0.1336,-0.3337,-0.5773,-8.1499,-0.2753,1.7286,0.6174,-0.0224,-0.2022
-2.0255,4.3167,6.5218,-0.0308,-0.3023,-0.5634,-8.5234,-0.9505,2.1117,0.4596,0.1464,-0.3356
-1.6472,4.2784,6.9192,0.0306,-0.3186,-0.5353,-8.7604,-1.1109,2.6695,0.5316,-0.0322,-0.2406
-1.8268,4.2569,6.8738,0.0340,-0.2948,-0.5140,-8.6742,-0.9481,2.2769,0.4804,0.0596,-0.2493
-1.8627,4.2545,7.0605,-0.0269,-0.2550,-0.4506,-8.8705,-1.0846,2.2362,0.3912,0.0256,-0.2529
-2.2889,4.2377,7.1850,0.0133,-0.2574,-0.3581,-9.1267,-1.4581,2.2266,0.3507,-0.0179,-0.1745
-2.2338,4.1108,7.0366,0.0679,-0.1632,-0.2815,-8.9998,-1.3288,2.0255,0.2995,-0.0322,-0.0913
-2.3535,4.0151,6.8761,0.0352,-0.1476,-0.1535,-8.9663,-1.2234,1.7669,0.1695,-0.0084,-0.0264
-2.3080,4.2401,6.7756,0.0786,-0.1037,-0.0943,-8.9447,-1.0678,1.6041,0.1266,-0.0773,0.0380
-2.8706,4.2952,6.0813,0.0139,0.0045,0.0043,-8.7843,-0.8164,1.4126,-0.0192,-0.0184,0.0653
-2.6288,4.1611,6.6415,-0.0739,0.1190,0.1120,-8.9064,-1.0439,1.6448,-0.1903,0.0630,0.1126
-2.0470,4.2713,6.8187,0.0027,-0.0506,0.1142,-8.6694,-0.6704,1.8340,-0.0648,-0.1533,0.0957
-2.1955,4.4029,6.1794,-0.1258,-0.1100,0.1587,-8.5569,-0.4381,1.8651,-0.1668,-0.1721,0.0478
-2.0638,4.6112,6.4476,-0.1139,0.1585,0.1192,-8.6526,-0.3496,2.1620,-0.2491,0.1527,0.0482
-1.7765,4.5945,7.0246,-0.2268,0.0257,0.1222,-8.8633,-0.4549,2.3463,-0.2077,-0.0345,-0.0346
-1.8100,4.6376,6.7852,-0.2686,-0.0004,0.1561,-9.0884,-1.1085,2.8491,-0.3150,-0.0629,0.0522
-1.3312,4.3718,7.5657,-0.1158,0.1753,0.0947,-8.8585,-1.2713,3.0885,-0.2891,0.0460,0.1228
-1.2905,4.3766,7.9272,0.0794,0.1143,0.1029,-8.8945,-1.1779,2.7725,-0.1176,0.0513,0.1857
-1.4916,4.4197,5.4660,0.1544,-0.0757,0.0309,-7.6782,0.3424,2.0830,0.0592,-0.3856,0.1655
-2.2697,4.4772,5.2648,-0.2254,0.0242,0.1824,-8.0206,-0.1437,1.5802,-0.3547,0.0446,-0.0185
-2.3391,4.4365,6.0837,-0.2350,0.2081,0.2777,-8.5665,-0.5626,1.4988,-0.4338,-0.0052,0.0416
-2.8994,4.7429,6.2153,-0.2109,0.0109,0.4305,-8.9615,-0.2203,0.9912,-0.4229,-0.2282,0.0785
-2.5857,4.8387,6.5434,-0.2916,-0.0721,0.6118,-9.1746,-0.4477,2.0662,-0.5093,-0.2814,0.1311
-1.1492,5.0398,6.9312,-0.0677,-0.0629,0.5784,-9.1387,-0.9146,2.8754,-0.4077,-0.2451,0.2426
-0.6584,4.9488,6.3877,0.1917,-0.2667,0.3312,-7.7333,0.4357,3.3710,-0.0597,-0.6350,0.3754
-1.5251,5.1906,6.1818,-0.0426,0.0882,0.2821,-8.3414,0.1820,2.6647,-0.4279,0.0318,0.1664
-1.3336,5.5665,6.1292,-0.0464,-0.1769,0.4618,-8.6119,0.4094,3.0335,-0.3070,-0.4064,0.1795
-1.2450,5.0973,5.4684,-0.1863,-0.0883,0.3729,-8.1307,0.5962,2.9784,-0.3615,-0.3183,0.0805
-2.2601,5.1427,7.1778,-0.2942,0.2838,0.3572,-9.4547,-0.8236,2.5115,-0.6195,0.1953,0.0694
-1.9704,5.0159,7.5968,-0.1304,0.1163,0.5087,-9.4739,-0.8260,2.6073,-0.4498,-0.2438,0.2715
-1.4293,5.1787,6.6415,-0.0320,0.0842,0.5596,-8.8418,-0.1293,3.0215,-0.4417,-0.1821,0.3601
-0.9529,5.7126,6.7062,-0.0354,0.3238,0.4788,-8.6479,0.2658,3.2537,-0.5116,0.0445,0.3584
-0.6967,5.7533,5.9185,-0.0537,0.1560,0.4077,-7.9918,1.0726,3.3040,-0.3655,-0.1435,0.2807
-0.9768,5.8323,5.5761,-0.2218,0.1841,0.3623,-8.0900,0.8116,2.4349,-0.5376,-0.0380,0.0898
-1.1875,5.3463,6.2824,-0.2066,0.1575,0.4090,-8.1618,0.2969,2.7485,-0.4108,-0.1404,0.1419
-1.5060,4.9728,6.2560,-0.1062,0.0195,0.3822,-8.4180,-0.1221,2.3152,-0.4017,-0.1415,0.1322
-1.5802,5.1667,6.1770,-0.0682,0.1725,0.2450,-8.5880,-0.0551,2.4588,-0.3833,-0.0392,0.1398
-1.2665,5.0566,6.5793,-0.1852,0.0658,0.3231,-8.6072,-0.2179,3.3064,-0.4259,-0.0585,0.1476
-1.3240,5.1404,7.3071,-0.1607,0.2591,0.2702,-8.9830,-0.9744,3.7326,-0.3777,0.1202,0.2381
-1.0726,5.0925,7.0437,-0.0093,0.2117,0.3082,-8.5281,-0.4094,3.3088,-0.1632,0.0133,0.2850
-1.0415,4.5490,6.6056,-0.0911,0.0393,0.3809,-8.2217,0.1484,2.5163,-0.1519,-0.0031,0.1537
-1.1899,4.9033,6.1531,-0.1320,0.1258,0.0859,-8.0445,0.2083,2.4445,-0.1998,0.0689,0.0184
-1.4533,4.8626,6.3207,-0.2458,0.0632,0.0442,-8.3342,-0.2155,2.4445,-0.2241,0.0514,-0.0702
-1.5419,4.7453,6.5434,-0.2285,0.1713,0.0013,-8.4013,-0.3448,2.5259,-0.2481,0.1175,-0.1025
-1.5036,4.6807,6.6607,-0.3010,0.0099,0.0366,-8.3989,-0.5578,2.6384,-0.2389,-0.0526,-0.1295
-1.4102,4.5825,6.9001,-0.2922,0.1118,0.0270,-8.6215,-1.1157,2.8539,-0.2739,0.1073,-0.0925
-1.3503,4.3838,6.8091,-0.2024,0.1244,0.0661,-8.5186,-0.9768,2.8228,-0.2237,0.0353,-0.0430
-1.2953,4.4005,6.5314,-0.1499,-0.0040,0.0831,-8.1594,-0.6871,2.5067,-0.1609,-0.0719,-0.0183
-1.6735,4.3622,6.3662,-0.1955,0.0903,0.0877,-8.2887,-0.5052,2.1356,-0.2441,0.0694,-0.0424
-1.1085,4.4724,6.6391,-0.2538,-0.0734,0.0993,-8.2672,-0.6560,2.6193,-0.2017,-0.0878,-0.0686
-1.4030,4.4484,6.4883,-0.2975,-0.0209,0.0707,-8.3701,-0.9816,2.9018,-0.2471,-0.0289,-0.0893
-1.4557,4.4125,7.6112,-0.2314,0.1466,0.0420,-8.9136,-1.3240,2.6456,-0.2486,0.1435,-0.1148
-1.7310,4.4987,7.2305,-0.1708,-0.1350,0.0741,-8.7724,-0.8906,2.6312,-0.0717,-0.2177,-0.0569
-1.5012,4.2689,6.8091,-0.2643,-0.0917,0.0144,-8.5688,-1.1756,2.9616,-0.1688,-0.0632,-0.1194
-1.5682,4.2425,7.3550,-0.1463,0.1400,-0.0201,-8.7604,-1.3647,2.5283,-0.1219,0.1243,-0.0610
-1.7358,4.2760,6.6152,-0.0433,-0.1788,-0.0618,-8.5186,-0.8523,2.2362,0.0799,-0.1761,-0.0253
-1.6281,4.3622,6.5936,-0.1268,-0.0131,-0.0706,-8.3965,-0.7446,2.1668,-0.0648,0.1252,-0.0941
-1.5275,4.1755,7.1754,-0.1978,-0.0725,-0.0366,-8.6311,-1.3815,2.5450,-0.0310,0.0076,-0.1463
-1.3360,3.9672,7.2784,-0.1215,-0.1034,-0.0782,-8.6622,-1.6735,2.7821,0.0309,0.0147,-0.1035
-1.5419,4.1420,7.2856,-0.0342,0.0659,-0.1340,-8.7125,-1.4581,2.5163,0.0552,0.1187,-0.0252
-1.7382,4.2425,6.8594,0.0001,-0.0670,-0.1376,-8.4970,-0.9361,2.1859,0.1231,-0.0509,-0.0242
-1.8100,4.2784,6.6008,-0.0941,-0.0773,-0.1120,-8.6598,-1.1133,2.2386,0.0101,0.0208,-0.0496
-1.5802,4.2737,7.3909,-0.0031,0.0226,-0.1259,-8.7676,-1.2809,2.4636,0.0564,0.1106,-0.0453
-1.5897,4.2593,6.9025,-0.0063,-0.1936,-0.1512,-8.6790,-1.1372,2.7749,0.1867,-0.1220,-0.0056
-1.7933,4.2760,6.8977,-0.0372,0.0717,-0.2026,-8.8011,-1.3072,2.5857,0.0334,0.2137,-0.0629
-1.7262,4.0654,7.8434,-0.0238,0.0123,-0.1456,-9.1291,-1.9130,2.8204,0.0718,0.0879,0.0044
-1.8124,4.0103,7.2496,0.0786,-0.0131,-0.1446,-8.7819,-1.5323,2.4397,0.1460,0.0418,0.0508
-2.0255,4.0654,6.9935,0.0418,0.1075,-0.1057,-8.7819,-1.3958,2.1596,0.0536,0.1468,0.0715
-1.7957,4.1252,6.6200,0.0041,0.0084,-0.0405,-8.3534,-1.1133,2.0973,0.0163,-0.0077,0.0453
-1.6879,4.3024,6.4069,-0.0176,0.0440,-0.0525,-8.1116,-0.5986,2.0710,-0.0132,0.0569,0.0418
-1.3838,4.4724,6.4907,-0.1374,0.0240,-0.0310,-8.3175,-0.5794,2.3679,-0.0863,0.0862,-0.0726
-0.9888,4.4772,6.8761,-0.1426,-0.1278,-0.0228,-8.2576,-0.6943,2.7581,0.0017,-0.1230,-0.0612
-0.9768,4.5370,6.6918,-0.1564,-0.1061,-0.0697,-8.1020,-0.7302,2.8683,-0.0298,-0.0412,-0.0933
-1.0032,4.5993,6.4548,-0.1652,-0.0249,-0.0973,-8.2169,-0.5842,2.9521,-0.0169,0.0404,-0.1099
-1.2474,4.4939,6.6224,-0.2326,-0.0685,-0.0593,-8.4060,-0.9002,3.0047,-0.0670,0.0171,-0.1411
-1.0247,4.4532,7.0797,-0.1547,0.0065,-0.0763,-8.4443,-0.9984,2.8946,-0.0506,0.0834,-0.0697
-1.2881,4.4005,6.7421,-0.1204,-0.0033,-0.0529,-8.3462,-0.9026,2.6480,-0.0516,0.0361,-0.0786
-1.5778,4.4580,6.8354,-0.0950,-0.0364,-0.0084,-8.5018,-0.9912,2.5786,-0.0442,-0.0325,-0.0277
-1.4293,4.4005,6.7732,-0.0934,-0.0734,0.0141,-8.3965,-0.9098,2.6288,-0.0625,-0.0766,-0.0364
-1.4174,4.3503,6.7852,-0.1394,-0.0192,0.0717,-8.5521,-1.1396,2.8084,-0.1471,-0.0160,-0.0171
-1.2474,4.2689,7.3933,-0.1100,0.0131,0.0608,-8.6455,-1.3910,2.9185,-0.1371,-0.0036,0.0171
-1.3479,4.2593,7.1108,-0.0715,-0.0400,0.1168,-8.5401,-1.2881,2.9018,-0.1171,-0.1055,0.0458
-1.2953,4.1132,6.9360,-0.1085,0.0089,0.2069,-8.2480,-1.0989,2.5762,-0.1668,-0.0201,-0.0196
-1.2186,4.1061,6.6535,-0.2264,-0.0638,0.2364,-8.2073,-1.0702,2.6552,-0.1860,-0.0871,-0.0906
-1.0247,4.0630,6.9168,-0.2406,0.0152,0.1957,-8.4515,-1.2689,2.7246,-0.2192,0.0453,0.0015
-1.5131,4.3120,6.9408,-0.1949,-0.0064,0.1328,-8.6024,-1.1971,2.3559,-0.1908,-0.1077,0.0159
-1.3647,4.2880,7.4101,-0.1947,-0.0600,0.1900,-8.5976,-1.3024,2.8347,-0.2429,-0.1107,0.0081
-1.0918,4.2737,7.8745,-0.0113,-0.2715,0.1973,-9.0142,-1.8794,3.4453,0.0159,-0.4558,0.1561
-1.2809,4.0917,6.7636,0.0453,-0.0922,0.1335,-8.3031,-1.2354,3.3088,-0.0823,-0.1936,0.1867
-1.4724,4.0270,6.9408,-0.2232,0.4859,0.2252,-8.4108,-1.3192,2.7318,-0.5566,0.3511,0.0993
-1.8124,3.6966,7.3622,-0.2411,0.5772,0.2606,-8.7628,-2.0016,2.4086,-0.5657,0.3392,0.1455
-1.6185,3.6081,7.1251,-0.2174,0.3547,0.2928,-8.2815,-1.6400,2.1859,-0.4795,0.0777,0.1852
-1.5634,3.7182,6.7708,-0.2234,0.3668,0.3211,-8.3534,-1.4676,1.9920,-0.5284,0.1685,0.1292
-1.3767,3.9313,6.6176,-0.2671,0.2421,0.3463,-8.1475,-1.2378,2.1548,-0.4876,-0.0429,0.1118
-1.3216,4.0701,6.3207,-0.2597,0.1608,0.3380,-7.9176,-0.7877,2.2625,-0.4759,-0.0859,0.0677
-1.0558,4.3718,6.7756,-0.3180,0.0878,0.3656,-8.1642,-0.9505,2.7246,-0.4950,-0.0790,0.0286
-0.6057,4.4053,7.2401,-0.3055,-0.0827,0.3014,-8.4276,-0.9960,3.1891,-0.3469,-0.1507,-0.0273
-1.4269,4.7118,6.6152,-0.2326,-0.1733,0.2546,-8.5665,-0.8452,2.8946,-0.2265,-0.3023,0.0215
-1.0199,4.3263,7.2209,-0.2974,-0.0025,0.2939,-8.6503,-1.1612,3.1580,-0.3413,-0.0241,0.0081
-1.4581,4.2808,7.1084,-0.1966,-0.0749,0.2197,-8.6526,-1.2522,2.6887,-0.2595,-0.1565,0.0671
-1.3479,4.1899,7.0940,-0.1475,0.1155,0.1705,-8.5784,-1.2402,3.0406,-0.2547,-0.0340,0.0942
-1.1947,4.1779,7.6519,-0.1334,0.1640,0.2145,-8.8322,-1.5682,3.0574,-0.2851,0.1275,0.1071
-1.1899,3.9935,7.2712,0.0329,0.0786,0.1456,-8.5473,-1.3623,2.9329,-0.0879,-0.1082,0.1470
-1.4078,4.1061,7.0102,-0.0236,0.0437,0.1127,-8.4013,-1.1779,2.6193,-0.1591,0.0454,0.1098
-1.0678,4.0654,7.1084,-0.0895,0.1247,0.1046,-8.3893,-1.3264,2.9449,-0.1796,0.0288,0.0739
-1.0247,3.9696,6.8953,-0.0245,0.0560,0.0662,-8.1906,-1.1827,2.7653,-0.0979,0.0049,0.0938
-1.2186,4.0558,6.8043,-0.0617,0.1009,0.0274,-8.2552,-1.0726,2.4493,-0.1334,0.0903,0.0237
-1.2833,4.2090,6.7540,-0.1037,-0.0117,0.0410,-8.2815,-0.9864,2.3750,-0.1074,-0.0418,0.0091
-1.1923,4.0821,6.6487,-0.1825,0.0011,0.0538,-8.3318,-1.0774,2.7318,-0.1812,0.0177,-0.0402
-1.3336,3.9792,7.8913,-0.1740,0.1370,0.0606,-8.8466,-2.0231,2.8276,-0.2242,0.1620,-0.0101
-1.1037,3.9265,7.3310,-0.0300,-0.0301,0.0822,-8.6550,-1.7166,2.8754,-0.0561,-0.1343,0.1058
-1.1971,3.9983,6.8857,-0.0294,0.0237,0.0885,-8.3965,-1.3862,2.5929,-0.1192,-0.0051,0.1112
-1.3001,4.1755,6.9647,-0.0033,0.0917,0.1126,-8.4300,-1.0965,2.4804,-0.1384,0.0095,0.1096
-1.1875,4.2569,6.7636,-0.0625,-0.0743,0.1216,-8.2337,-1.0199,2.7581,-0.0863,-0.1243,0.0990
-0.8787,4.1587,6.8857,-0.0761,0.0709,0.0462,-8.2600,-1.0151,3.0287,-0.1342,0.0685,0.0197
-0.7590,4.1396,7.3071,-0.0582,-0.0224,0.0197,-8.3175,-1.1492,3.0885,-0.0365,-0.0031,0.0248
-1.1875,4.2808,6.7804,-0.0422,0.0093,-0.0204,-8.3821,-0.9792,2.6145,-0.0534,0.0268,0.0136
-1.3384,4.3359,7.1108,-0.1094,0.0205,-0.0324,-8.5353,-1.0774,2.6384,-0.0673,0.0774,-0.0502
-0.7566,4.5610,7.0653,-0.0879,-0.1518,-0.0156,-8.3653,-0.7709,3.2585,0.0129,-0.1404,-0.0317
