3.9409,-9.4427,-1.7909,-0.1178,0.0336,-0.0262,5.3415,-8.5976,-2.0877,-0.0746,0.0569,-0.0075
3.8571,-9.3829,-1.6664,-0.0970,0.0192,-0.0244,5.2265,-8.5880,-2.1883,-0.0514,0.0486,-0.0013
3.8547,-9.3518,-1.8316,-0.0710,-0.0151,-0.0237,5.2505,-8.5521,-2.2601,-0.0290,-0.0332,-0.0013
3.7397,-9.3805,-1.7406,-0.0822,-0.0020,-0.0175,5.2912,-8.4515,-2.3463,-0.0521,0.0304,-0.0071
3.8714,-9.4355,-1.6783,-0.0705,-0.0064,-0.0344,5.2816,-8.5712,-2.2122,-0.0185,-0.0069,-0.0055
3.8235,-9.3733,-1.9585,-0.0490,-0.0394,-0.0260,5.2146,-8.4898,-2.3008,0.0028,-0.0288,0.0045
3.8882,-9.3685,-1.8531,-0.0667,-0.0076,-0.0282,5.3367,-8.4348,-2.4134,-0.0445,0.0192,-0.0131
3.8379,-9.3518,-1.6400,-0.0737,0.0088,-0.0108,5.1667,-8.5784,-2.2505,-0.0501,0.0384,-0.0151
3.8834,-9.4332,-1.6640,-0.0260,-0.0401,-0.0113,5.2122,-8.5736,-2.2218,0.0076,-0.0729,0.0215
3.8355,-9.3661,-1.9920,-0.0286,-0.0394,-0.0338,5.4588,-8.2911,-2.4086,0.0011,-0.0337,-0.0081
3.8283,-9.3613,-1.9297,-0.0827,-0.0452,-0.0304,5.3343,-8.4611,-2.3296,-0.0340,-0.0055,-0.0401
3.8355,-9.4068,-1.7957,-0.0765,-0.0481,-0.0268,5.3367,-8.5425,-2.3296,-0.0229,-0.0421,-0.0252
3.8331,-9.3709,-1.8531,-0.0967,-0.0216,-0.0218,5.4109,-8.4827,-2.3296,-0.0418,-0.0107,-0.0220
3.8786,-9.3805,-1.7957,-0.0939,-0.0133,-0.0325,5.2577,-8.4922,-2.1883,-0.0489,0.0211,-0.0345
3.8379,-9.3518,-1.8794,-0.0853,-0.0177,-0.0209,5.0805,-8.7484,-2.2410,-0.0358,0.0103,0.0081
3.8068,-9.3350,-1.8124,-0.0592,-0.0073,0.0051,5.2696,-8.4132,-2.4325,-0.0430,-0.0228,0.0071
3.7733,-9.3398,-1.9441,-0.1288,0.0035,0.0063,5.3103,-8.3773,-2.2865,-0.0997,0.0157,-0.0226
3.9049,-9.4068,-1.7166,-0.1175,0.0115,0.0205,5.2433,-8.5688,-2.2051,-0.0939,0.0171,0.0184
3.8666,-9.3685,-1.9010,-0.1116,-0.0244,0.0250,5.4468,-8.4611,-2.2529,-0.0966,-0.0354,-0.0131
4.0630,-9.4547,-1.7095,-0.1290,-0.0556,0.0071,5.3606,-8.5641,-2.0542,-0.0649,-0.0085,-0.0353
4.0965,-9.4427,-1.8316,-0.0842,0.0068,-0.0409,5.4253,-8.5712,-2.0925,-0.0342,0.0297,-0.0313
3.9097,-9.4332,-1.7430,-0.0705,0.0027,-0.0584,5.2648,-8.5593,-2.3296,-0.0152,0.0464,-0.0374
3.8571,-9.3206,-1.6305,-0.0598,-0.0053,-0.0606,5.1858,-8.5138,-2.1763,0.0015,0.0241,-0.0353
3.7278,-9.3565,-1.7885,-0.0025,-0.0136,-0.0745,5.1906,-8.4515,-2.4804,0.0520,0.0069,-0.0141
3.6990,-9.3063,-2.2170,-0.0472,-0.0160,-0.0622,5.2385,-8.4108,-2.6863,0.0067,0.0101,-0.0180
3.6320,-9.2608,-2.0973,-0.0850,-0.0049,-0.0477,5.2529,-8.1834,-2.8539,-0.0437,0.0416,-0.0538
3.5602,-9.3541,-1.9345,-0.1380,-0.1010,-0.0040,5.1188,-8.4324,-2.6312,-0.0835,-0.0830,-0.0574
3.7900,-9.3853,-1.7717,-0.1222,-0.1320,0.0060,5.2385,-8.5928,-2.2984,-0.0548,-0.1270,-0.0617
3.7302,-9.4116,-1.9513,-0.0843,-0.1267,-0.0089,5.2888,-8.6503,-2.4157,-0.0169,-0.1082,-0.0240
3.8642,-9.4092,-1.9944,-0.1210,-0.0838,0.0107,5.4564,-8.4563,-2.3798,-0.0855,-0.0858,-0.0225
3.9480,-9.4260,-1.7334,-0.1291,-0.0478,0.0245,5.2720,-8.5665,-2.2122,-0.0911,-0.0172,-0.0324
3.9480,-9.4188,-1.8675,-0.0889,-0.0754,0.0169,5.2960,-8.6383,-2.2242,-0.0564,-0.0798,-0.0269
4.0414,-9.4164,-1.8555,-0.0902,-0.0966,-0.0237,5.4061,-8.5018,-2.1620,-0.0377,-0.0774,-0.0456
3.9313,-9.3278,-1.8531,-0.1174,-0.0946,-0.0153,5.2960,-8.5641,-2.2625,-0.0486,-0.0681,-0.0461
3.9840,-9.4451,-1.8244,-0.0714,-0.0477,0.0085,5.3223,-8.6670,-2.1045,-0.0380,-0.0370,0.0115
4.1156,-9.4236,-1.9561,-0.0489,-0.0179,0.0119,5.4803,-8.4491,-2.2051,-0.0424,-0.0325,0.0281
4.1970,-9.3877,-2.0183,-0.0779,-0.0209,-0.0116,5.6216,-8.4635,-2.2170,-0.0385,-0.0067,-0.0125
4.0270,-9.3925,-1.8579,-0.0671,-0.0298,-0.0245,5.4109,-8.4851,-2.1069,-0.0236,-0.0151,-0.0169
3.9624,-9.3111,-1.8794,-0.0436,-0.0081,-0.0302,5.4085,-8.4467,-2.2146,-0.0029,0.0281,0.0117
3.9672,-9.3589,-1.9896,-0.0424,0.0183,-0.0438,5.5091,-8.4755,-2.2913,-0.0053,0.0304,0.0031
3.8714,-9.3613,-1.9273,-0.0562,0.0466,-0.0424,5.4061,-8.4156,-2.4948,-0.0389,0.0694,0.0016
3.7781,-9.2871,-2.0111,-0.0429,0.0314,-0.0370,5.3774,-8.4132,-2.4565,-0.0191,0.0578,-0.0017
3.8595,-9.3805,-2.0183,-0.0629,-0.0121,-0.0348,5.4324,-8.3653,-2.3631,-0.0137,-0.0117,-0.0067
3.8618,-9.3685,-2.0806,-0.0654,0.0085,-0.0596,5.4013,-8.4683,-2.4565,-0.0179,0.0549,-0.0172
3.8451,-9.3637,-2.0423,-0.0685,0.0037,-0.0316,5.3199,-8.3701,-2.5043,-0.0324,0.0124,-0.0035
3.7373,-9.3230,-2.0446,-0.0679,-0.0133,-0.0164,5.2744,-8.3869,-2.6312,-0.0516,0.0248,-0.0009
3.7517,-9.3541,-2.1045,-0.1053,0.0216,0.0043,5.5210,-8.3318,-2.6240,-0.0827,0.0249,-0.0024
3.8140,-9.4284,-1.9848,-0.1278,-0.0200,-0.0084,5.3008,-8.4683,-2.3966,-0.0886,0.0334,-0.0338
3.7924,-9.3877,-1.9609,-0.1007,-0.0310,0.0083,5.3415,-8.4324,-2.4876,-0.0678,-0.0345,-0.0065
3.9480,-9.4140,-1.8986,-0.1013,-0.0175,0.0140,5.4947,-8.4491,-2.3535,-0.0714,-0.0089,0.0001
3.9409,-9.3685,-2.0255,-0.1054,-0.0185,-0.0068,5.4540,-8.4180,-2.4110,-0.0681,-0.0205,-0.0125
3.8379,-9.3326,-1.9106,-0.1284,-0.0149,-0.0160,5.3750,-8.4539,-2.3080,-0.0734,0.0358,-0.0453
3.7996,-9.4044,-1.8938,-0.1214,-0.0230,0.0077,5.2457,-8.6000,-2.2505,-0.0819,-0.0061,-0.0157
3.9049,-9.5289,-1.7119,-0.0926,-0.0388,-0.0028,5.1380,-8.7795,-2.0327,-0.0682,0.0041,0.0148
4.1108,-9.6247,-1.5395,-0.0397,-0.0478,-0.0112,5.3702,-8.6670,-2.1237,-0.0129,-0.0216,0.0377
4.4652,-9.6917,-1.4293,-0.0226,-0.0831,-0.0770,5.5641,-9.1171,-1.2881,0.0818,-0.0441,0.0111
4.6855,-9.8785,-1.2857,0.1299,-0.0626,-0.1928,5.4971,-9.4619,-0.7829,0.2477,0.1107,0.0401
5.4803,-10.2615,-0.2682,0.2926,0.0865,-0.3118,5.5593,-9.5600,-1.3527,0.3328,0.2080,0.0783
7.1539,-10.7715,0.3926,0.4522,-0.0686,-0.5004,6.1770,-11.0540,1.9201,0.8984,0.2621,0.3059
8.7891,-11.4778,2.0303,0.7719,-0.3092,-1.0416,6.7900,-12.9047,5.0182,1.2517,0.3143,0.1412
9.6438,-11.9135,1.1947,1.2873,0.2177,-1.3165,7.6231,-13.1897,4.3574,1.9714,0.6996,0.6175
10.8864,-12.8186,1.1779,1.5697,1.4594,-1.9906,9.1746,-14.2766,5.9041,2.1990,2.3110,0.3737
10.7715,-13.2088,2.6025,1.9624,1.6377,-2.5349,8.5617,-15.2415,5.7964,2.9619,2.9035,0.4370
11.5113,-12.6917,1.3862,2.3619,1.2440,-2.6712,9.2680,-15.3660,6.5553,3.6443,2.0145,0.5856
11.3270,-12.2128,0.5842,2.5363,2.4465,-3.2746,11.5424,-13.1825,5.1811,3.6540,3.4745,0.2172
10.5560,-10.3430,0.6584,2.5418,3.2997,-3.8207,9.3853,-11.5999,4.1180,3.3409,4.2683,-0.0092
8.8346,-8.5641,0.5052,1.8895,3.6685,-3.6324,8.9519,-10.1897,4.1587,3.2518,4.3043,-0.2137
8.4898,-7.0557,1.9848,2.1161,4.0981,-3.8168,7.5753,-8.7987,4.0223,3.1504,4.3656,-0.4607
6.7732,-5.1116,1.8771,1.7853,3.6447,-3.2097,5.8227,-7.1826,3.0119,3.0173,4.3656,-0.2579
4.8147,-3.5123,1.0319,1.4075,3.7271,-2.6736,4.2952,-5.3295,1.7669,2.1766,4.3656,-0.8092
2.2170,-2.2458,3.5626,1.1607,4.3166,-1.7000,3.0861,-4.3287,1.3958,1.1655,4.3656,-1.2842
2.4014,-1.3120,4.6064,1.3351,3.6885,-0.7978,-0.2705,-4.4365,1.7741,0.7626,4.3656,-1.6109
2.2170,-1.0534,4.9584,1.7139,2.6374,0.3849,-0.3280,-4.3120,1.7478,0.5019,4.3656,-2.1240
1.2163,-0.7254,4.4819,2.0676,2.5062,-0.1518,-0.6632,-3.1364,-2.0590,-0.0336,4.3656,-1.8118
-0.2849,0.9505,4.2066,1.9446,2.1942,0.3500,-5.2218,-4.2880,-0.5219,-0.6238,4.3656,-2.0322
-0.5794,1.1037,4.4915,1.7793,1.9943,0.1208,-4.6471,-3.0287,-1.7645,-0.7653,3.1420,-1.2533
-1.1971,2.0327,3.9337,1.3626,1.1582,-0.0143,-6.6535,-4.6878,-1.0630,-0.3790,2.6783,-1.7387
-1.7166,2.4253,4.8267,1.0046,1.2798,-0.2406,-5.9807,-4.5442,-1.6568,-0.5857,1.6792,-0.5399
-1.7358,2.7964,5.5019,0.6827,0.8184,-0.6022,-5.8107,-4.8890,-1.7980,-0.2078,1.4774,-0.3004
-2.8276,3.5626,3.9337,0.4948,0.4980,-0.5112,-6.5529,-4.9273,-2.7366,-0.2679,0.7544,-0.1669
-2.7581,3.2346,4.6448,0.2165,0.8788,-0.5064,-6.6894,-5.5593,-1.8004,-0.7269,0.7582,0.4434
-2.7461,3.4740,6.3949,0.1911,0.3256,-0.4257,-6.6367,-6.4380,-1.0319,-0.2218,0.5087,0.3281
-2.9688,3.6751,5.6288,0.3135,0.2834,-0.5454,-7.0916,-5.5665,-1.9465,-0.1075,0.4824,0.4908
-3.3782,3.7326,5.3175,0.1519,0.3327,-0.4840,-7.0294,-5.3750,-1.7861,-0.2979,0.2435,0.1431
-3.1508,3.6081,5.3989,0.0217,0.2445,-0.5103,-7.2975,-5.1380,-1.7190,-0.2499,0.1188,0.4130
-3.5027,3.9097,5.7700,-0.1427,0.1624,-0.5055,-6.8642,-5.3415,-1.5634,-0.2435,-0.1168,0.3130
-3.2513,3.6344,5.8490,-0.0902,0.1392,-0.2214,-7.4077,-5.1667,-1.4365,-0.2141,0.0141,0.0890
-3.3878,3.9121,6.0142,-0.1836,-0.0682,-0.1675,-7.6399,-5.5785,-0.9290,-0.0781,-0.2601,0.1300
-3.4477,3.5937,6.4811,-0.0743,0.0906,-0.0408,-6.9671,-5.0111,-1.2713,-0.1523,-0.1380,-0.1299
-3.4931,3.6943,6.3063,-0.1486,-0.1054,0.0345,-7.4124,-5.6838,-0.6201,-0.0108,-0.2108,-0.3985
-3.1532,3.6152,6.7014,-0.1071,-0.0097,0.0302,-7.6950,-6.3303,-0.6225,-0.1123,-0.1252,-0.2356
-3.2801,3.5530,6.9552,-0.0306,-0.0702,0.1142,-6.9887,-5.8993,-0.6369,-0.0426,-0.0726,-0.4538
-2.8371,3.5530,6.6224,-0.0095,-0.2002,0.0717,-7.3406,-6.0789,-0.3783,0.1689,-0.1382,-0.5079
-3.3734,3.7852,6.2177,0.1038,-0.0933,-0.0549,-7.1778,-5.8371,-1.1157,0.1160,0.1462,-0.4183
-3.4309,3.7254,6.9983,0.0705,0.0460,-0.0020,-7.3646,-6.7469,-0.7326,0.0489,0.0679,-0.3708
-3.1603,3.6009,6.9312,0.1612,-0.1496,-0.0845,-7.2449,-6.5888,-0.8380,0.2551,0.0710,-0.2549
-3.0765,3.7541,7.1778,0.1859,-0.3048,-0.2830,-8.1690,-7.5034,-0.9122,0.3573,0.0433,0.4594
-2.8946,3.5291,6.6607,0.2332,-0.3280,-0.8142,-8.3917,-7.0222,-0.7781,0.3138,-0.0253,1.4662
-3.3279,3.4093,6.4596,0.3567,-0.2042,-1.0183,-8.2744,-6.3087,-0.9625,0.2771,0.0181,2.3566
-3.4022,3.4333,6.8522,0.2567,-0.3171,-0.9946,-8.8945,-5.8131,-0.6249,0.1510,-0.1908,2.6781
-3.2777,3.3495,6.1268,0.2441,-0.1743,-1.4823,-9.9551,-5.4468,0.5411,0.1294,-0.1506,2.9727
-4.0941,3.1029,6.4955,0.2709,0.0312,-1.8912,-9.2727,-3.3830,-0.5339,0.1376,-0.4702,3.8805
-4.5849,3.3399,7.5226,0.2245,0.0021,-1.5871,-9.3972,-3.5219,-0.2107,0.1107,-0.8163,3.9516
-4.1228,2.8347,5.8131,0.5914,-0.0754,-1.2424,-8.2528,-1.8028,0.1413,0.0612,-1.2188,3.1734
-4.8100,3.1149,6.0789,0.4415,-0.0032,-1.6787,-8.0589,-0.1915,0.9912,0.2721,-0.9373,2.7796
-5.0805,3.2777,6.2034,0.4178,0.1017,-0.9880,-8.1690,1.6520,-0.3998,0.0458,-0.8290,2.1149
-4.2689,3.4524,6.1890,0.2738,0.2505,-0.6556,-8.5545,1.7813,1.0367,-0.3062,0.1299,1.5852
-4.9991,3.3806,5.8419,0.3325,0.2018,-0.3251,-7.9080,2.4134,1.0654,-0.1492,0.1184,0.9984
-4.6256,3.4141,5.7820,0.2005,-0.1568,0.1144,-7.0581,3.0981,1.1756,-0.0209,-0.7127,0.0099
-3.9863,3.7014,5.2984,-0.2321,-0.4724,0.4608,-8.2241,2.1237,2.0782,-0.1921,-0.0906,-0.2955
-3.8403,3.7421,6.3231,-0.3024,-0.2225,0.2912,-8.6072,1.8866,2.2027,-0.1884,0.0584,-0.4870
-3.8140,3.7613,6.2752,-0.0237,0.1159,0.2010,-8.8729,1.7166,2.3750,0.1330,0.3031,-0.4425
-3.8020,3.8547,6.4189,-0.0822,-0.0107,0.0433,-8.9807,1.9178,1.3647,0.0652,0.2806,-0.4141
-3.7062,3.8475,6.7995,-0.1398,-0.1187,-0.0365,-9.3182,1.4605,1.9321,-0.0448,-0.1676,0.0258
-3.7086,3.7062,6.6607,-0.1026,0.0353,-0.0257,-9.2823,1.2067,2.1811,-0.0953,0.0762,0.0898
-3.4620,3.6344,6.9336,-0.0817,0.0910,-0.0657,-9.3709,1.0989,2.3966,-0.0350,0.1368,0.2415
-3.3998,3.7972,6.6607,0.1302,0.0705,-0.1583,-9.1315,1.5682,1.9704,0.0494,-0.0099,0.2310
-3.9768,3.8595,5.5450,0.0430,0.0119,-0.1324,-8.7724,1.7214,1.9489,0.0785,-0.0225,0.1924
-4.3622,3.8283,6.1890,-0.0569,0.2246,0.0132,-8.0230,2.1524,1.2378,-0.2222,0.8055,-1.6438
-5.3008,3.9696,5.4492,-0.1531,0.0839,1.3791,-7.7907,0.0694,1.6903,-0.2535,1.5812,-2.8503
-2.2745,4.5825,6.3351,-0.1383,-0.4583,3.4029,-9.8354,-1.3934,3.7685,-0.0148,1.4085,-3.1111
-2.1261,4.8123,6.8331,0.5844,0.2344,2.8364,-7.0844,1.1444,0.8284,0.2455,0.6178,-3.2086
-1.4317,5.0589,5.8155,0.1495,-0.0418,2.1822,-10.1155,0.1748,-3.1412,-0.0274,1.0296,-4.2850
-2.4517,5.6048,5.3774,-0.4261,-0.3159,1.3973,-10.3094,-2.7007,1.4054,0.3543,0.3503,-2.9139
-0.1413,5.3463,5.9807,-0.3110,0.5388,0.4511,-10.8625,-5.4468,0.9170,-0.2258,0.3388,-1.2369
-0.6680,5.1499,6.5410,-0.3160,0.0063,0.1755,-9.3757,-3.8810,-0.4118,0.0191,0.5077,-0.9927
-2.2386,5.6814,5.7604,-0.3620,-0.1613,-0.0998,-9.1602,-4.0318,-0.6943,0.1671,-0.4181,-0.4562
-2.2338,5.3606,5.6743,-0.3263,0.2132,0.0189,-8.9687,-4.0175,-0.6033,-0.3702,0.2069,-0.1227
-1.6328,5.0398,6.6535,-0.3263,0.1067,-0.0348,-8.4372,-4.3790,0.1006,-0.1503,-0.0196,-0.3701
-1.7741,5.2648,6.4835,-0.2180,-0.0414,-0.2871,-8.9543,-4.4652,-0.2753,0.0594,-0.1258,-0.1351
-2.3128,5.3199,5.9855,-0.2413,0.0489,-0.2088,-8.4228,-3.9217,-0.4190,-0.1609,0.0250,-0.1661
-1.9058,5.1044,6.2513,-0.2866,0.1001,-0.1399,-9.0621,-4.2904,-0.1269,-0.1853,0.0616,-0.2314
-2.2913,5.1811,6.3375,-0.2312,0.0478,-0.1897,-8.5066,-4.3838,0.0287,-0.0663,-0.0164,0.0568
-2.3966,5.0949,6.3303,-0.1311,0.0156,-0.2523,-8.3103,-3.7326,-0.5267,-0.0304,0.1551,-0.3159
-2.6240,5.2840,5.7437,-0.3174,-0.1034,-0.3874,-8.8274,-4.1731,-0.3879,0.0132,-0.1266,-0.2727
-2.4612,5.1164,6.3638,-0.1797,-0.0012,-0.3749,-8.6766,-4.1851,-0.4286,0.0084,0.1062,-0.1184
-2.3631,4.9991,6.2393,-0.1952,-0.1491,-0.2755,-8.6694,-4.3622,-0.3376,0.0851,-0.0813,-0.2272
-2.4205,4.9847,6.5314,-0.1572,-0.1641,-0.3560,-8.7532,-4.6855,-0.0455,0.1170,0.0750,-0.1184
-2.5905,4.7956,6.7253,-0.1059,-0.1472,-0.2405,-8.4060,-4.3431,-0.2777,0.1415,0.0849,-0.1523
-2.9544,4.8435,6.3231,-0.1719,-0.2013,-0.1619,-8.5281,-4.9201,-0.1987,0.1243,-0.0121,-0.2058
-2.7438,4.6328,6.4332,-0.1346,0.1175,-0.1111,-8.4084,-4.8147,-0.4741,-0.1552,0.1382,-0.0468
-2.7031,4.3144,6.9408,-0.1597,-0.0052,-0.1038,-8.1666,-5.0901,-0.2418,-0.0348,0.0127,-0.1504
-2.6815,4.0893,6.6391,-0.1338,-0.1294,-0.2562,-8.1211,-5.0757,-0.2873,0.1176,-0.0388,-0.1939
-3.0765,4.2258,6.3279,-0.0865,-0.0196,-0.1957,-8.1882,-5.3726,-0.5914,-0.0085,0.1547,-0.0646
-3.0071,3.9289,6.5936,-0.0634,0.0747,-0.1708,-7.9200,-5.0757,-0.8499,-0.0105,0.1511,-0.1298
-3.1771,4.0223,6.4476,-0.1066,-0.1107,-0.1390,-7.9823,-5.2026,-0.7590,0.0899,0.0272,-0.1442
-3.2753,3.9265,6.3566,-0.0994,-0.0667,-0.1372,-7.9464,-5.2960,-0.7781,0.0370,0.0562,-0.0823
-3.1819,3.8571,6.8331,-0.1124,-0.0276,-0.1422,-7.7620,-5.4779,-0.5602,0.0191,0.0171,-0.2245
-3.1292,3.8092,6.6056,-0.0614,-0.0946,-0.0998,-7.7500,-5.4540,-0.4932,0.0663,0.0298,-0.1700
-3.0670,3.7589,6.4883,-0.0561,-0.0522,-0.0874,-7.8147,-5.6503,-0.6081,-0.0043,0.0845,-0.1070
-3.0358,3.7350,6.5673,-0.0450,-0.0734,-0.0241,-7.6327,-5.2601,-0.7398,0.0430,0.0352,-0.1649
-3.0239,3.8475,6.4332,-0.0922,-0.0448,-0.0849,-7.7500,-5.5833,-0.7350,-0.0147,-0.0104,-0.1010
-2.9688,3.8427,6.7038,-0.0585,0.0033,-0.0184,-7.9272,-5.8466,-0.4764,-0.0497,0.0569,-0.1006
-2.9712,3.6775,6.8019,-0.0452,-0.0410,-0.0588,-7.8793,-5.6671,-0.6081,-0.0067,0.0342,-0.0244
-3.1196,3.7996,6.8714,-0.0128,-0.0586,-0.0793,-7.9942,-5.9280,-0.5124,0.0440,-0.0442,0.0605
-3.1244,3.8858,7.0078,0.0272,-0.0730,-0.0168,-7.8817,-5.8035,-0.5124,0.0212,-0.0120,0.1648
-3.0933,3.9552,6.9097,0.0851,-0.0164,0.0180,-8.0589,-5.8035,-0.5411,-0.0181,-0.0521,0.2455
-3.0765,3.9025,6.6104,0.0593,-0.0163,0.0125,-7.9751,-5.6383,-0.3998,-0.0386,-0.0889,0.2770
-3.1125,3.9049,6.7756,0.0321,0.0250,0.0305,-8.0709,-5.5641,-0.3903,-0.0433,-0.0901,0.3317
-3.0574,4.0414,6.3351,0.0572,0.0109,0.0967,-7.9847,-5.1619,-0.5483,-0.0590,-0.0390,0.1840
-2.9521,3.9504,6.3662,-0.0412,0.0063,0.0472,-7.9775,-5.1787,-0.3663,-0.0687,-0.1559,0.1564
-3.0119,4.0079,6.4931,-0.0337,0.0071,0.0322,-7.8673,-5.0182,-0.3496,-0.0250,-0.0969,0.0322
-2.9784,4.2162,6.3063,-0.0819,-0.0384,0.0246,-8.1020,-5.0589,-0.2897,-0.0350,-0.1256,-0.0510
-2.8419,4.2258,6.5529,-0.0991,-0.0132,0.0329,-8.0445,-5.1164,-0.3017,-0.0420,-0.0786,-0.0004
-3.0215,4.1587,6.4620,-0.0987,-0.0481,0.0645,-7.9583,-5.0374,-0.1844,-0.0424,-0.1140,-0.0304
-3.0167,4.2018,6.4811,-0.0913,-0.0705,0.0624,-8.1163,-5.1595,-0.2131,-0.0418,-0.0505,0.0272
-3.0358,4.2282,6.7038,-0.0346,-0.0605,-0.0072,-8.1379,-5.3439,-0.1221,0.0019,0.0109,0.0111
-2.8563,4.1659,6.5290,-0.0324,-0.0823,0.0120,-8.2696,-5.0829,-0.2777,0.0353,-0.0537,-0.0357
-2.9281,4.3191,6.5529,-0.0625,-0.0913,0.0288,-8.2432,-5.1164,-0.1245,0.0422,-0.1178,0.0767
-2.7892,4.2282,6.6248,-0.0385,-0.0457,0.0316,-7.9487,-4.9752,-0.0311,0.0123,-0.0782,0.0706
-2.7054,4.2162,6.4811,-0.1071,-0.0714,-0.0096,-8.0948,-4.9775,-0.0072,-0.0089,-0.0604,0.0211
-2.7461,4.2210,6.6391,-0.0909,-0.0572,-0.0320,-8.0613,-4.9608,-0.1676,0.0113,-0.0731,0.0155
-2.6839,4.1803,6.4979,-0.0910,-0.0805,0.0132,-8.1020,-4.9512,0.0263,0.0184,-0.1082,-0.0426
-2.6671,4.1922,6.5505,-0.0658,-0.0723,-0.0120,-7.9559,-4.9321,0.3376,0.0424,-0.0552,-0.0056
-2.6001,4.1659,6.5601,-0.0742,-0.1096,-0.0119,-7.8721,-4.7836,0.0766,0.0778,-0.0380,-0.0605
-2.6480,4.2258,6.5290,-0.1015,-0.0965,-0.0951,-8.1977,-5.1667,0.4477,0.0644,-0.0521,-0.0069
-2.6552,4.4221,6.6200,-0.0626,-0.0801,-0.1235,-8.1163,-5.0350,0.2155,0.0500,0.0481,-0.0790
-2.4541,4.2521,6.6679,-0.0806,-0.0815,-0.1026,-8.0780,-4.8985,0.2155,0.0759,-0.0360,-0.0826
-2.6097,4.3383,6.6702,-0.1227,-0.0781,-0.1368,-8.1690,-4.9656,0.2658,0.0341,-0.0003,-0.1182
-2.4588,4.2521,6.7373,-0.1122,-0.0537,-0.1030,-8.0541,-4.9799,0.4190,0.0296,0.0009,-0.0785
-2.5546,4.1946,6.7205,-0.0949,-0.0556,-0.1492,-8.0493,-5.1619,0.6153,0.0280,0.0596,-0.0417
-2.3415,4.1635,6.7301,-0.0854,-0.0386,-0.2610,-8.1044,-5.0087,0.4118,0.0321,0.0931,-0.0100
-2.6552,4.2258,6.5338,-0.1088,-0.0266,-0.2138,-7.9296,-4.8674,0.1437,0.0185,0.0317,0.0092
-2.7581,4.2210,6.8977,-0.0925,0.0156,-0.1947,-8.3725,-5.3463,0.1915,-0.0045,0.1414,0.0723
-2.7821,4.3048,6.5050,-0.0593,-0.0161,-0.1621,-8.3270,-4.7381,-0.2131,0.0400,0.0031,0.1431
-2.8419,4.3120,6.5673,-0.1387,-0.0065,-0.1492,-8.2552,-5.0494,-0.0407,-0.0616,0.0079,0.1879
-2.9090,4.2641,6.4763,-0.0827,0.0012,-0.1761,-8.2791,-4.7884,-0.0455,-0.0409,0.0041,0.1311
-2.8299,4.2425,6.4165,-0.1628,-0.0222,-0.1330,-8.1738,-4.5035,-0.2753,-0.0694,-0.0646,0.1327
-3.0813,4.1324,6.4787,-0.2354,0.0177,-0.1087,-8.2001,-4.9847,0.1389,-0.1732,-0.0649,0.0633
-2.6384,3.9744,6.8115,-0.1632,-0.0108,-0.0770,-8.1594,-4.8937,0.1293,-0.0955,-0.0317,0.1120
-2.6983,3.9504,6.6631,-0.1676,-0.0826,-0.0881,-7.9679,-4.6471,0.1389,-0.0051,-0.0939,-0.0116
-2.7940,3.9504,6.7325,-0.1529,-0.0915,-0.1140,-8.2217,-4.8937,0.0503,0.0248,-0.0237,0.0068
-2.9377,3.8403,6.4739,-0.1783,-0.1398,-0.1362,-7.9128,-4.4987,-0.2227,0.0213,-0.0975,0.0361
-2.9736,3.8259,6.5577,-0.1998,-0.0456,-0.1821,-8.1930,-4.8937,-0.1844,-0.0629,-0.0147,0.0827
-3.2274,3.8451,6.7660,-0.1655,-0.0522,-0.2459,-7.8578,-4.6471,0.2442,-0.0272,-0.0625,0.0526
-2.9329,3.6919,6.6870,-0.1510,-0.1155,-0.2793,-8.1044,-4.6112,0.3041,0.0522,-0.1116,0.1003
-2.8659,3.7828,6.7205,-0.1412,-0.1380,-0.2538,-8.2528,-4.8100,0.3112,0.0237,0.0240,0.1114
-3.0550,3.7948,6.8833,-0.0622,-0.0777,-0.2281,-7.9416,-4.4365,0.4884,0.0673,0.0417,0.0377
-2.7845,3.6368,6.9504,-0.0837,-0.1752,-0.1653,-8.2935,-4.8291,0.7302,0.0741,0.0065,0.0881
-2.8826,3.7900,7.0533,-0.0155,-0.0947,-0.2234,-8.0038,-4.4245,0.2753,0.0917,0.0674,0.0665
-2.6480,3.6655,6.9121,-0.1359,-0.1438,-0.1733,-8.4563,-4.7453,0.4405,-0.0115,-0.0541,0.0557
-2.5690,3.5985,6.9552,-0.1134,-0.1220,-0.1330,-8.5042,-4.7477,0.3304,-0.0449,-0.1479,0.2016
-2.7294,3.6224,7.1275,-0.1851,-0.0833,-0.0204,-8.2001,-4.6471,0.8475,-0.0895,-0.2419,0.1208
-2.5139,3.5889,7.1898,-0.1322,0.0305,-0.0763,-8.7652,-4.9632,0.6919,-0.2561,0.1520,0.3263
-2.5666,3.6296,7.1515,-0.2048,0.0636,0.0188,-8.5090,-4.4460,0.5483,-0.2737,-0.1605,0.1893
-2.6815,3.6727,7.0677,-0.2257,0.0209,-0.1276,-8.6407,-4.2808,0.3903,-0.2429,-0.0931,0.3651
-3.1915,3.6655,6.7756,-0.3317,0.0140,-0.1132,-8.2145,-3.9672,0.7135,-0.3503,-0.2501,0.1647
-2.6288,3.5506,7.1156,-0.2625,0.0388,-0.0985,-8.3414,-3.7397,0.5195,-0.2253,-0.1258,0.2785
-2.8443,3.4213,6.7325,-0.2823,-0.0217,-0.1645,-7.7788,-3.7565,0.9146,-0.1993,-0.0731,-0.0225
-2.3056,3.4333,6.9839,-0.1378,0.0147,-0.1672,-8.4156,-3.9097,0.9194,-0.0084,0.0232,-0.0866
-3.1627,3.7589,6.5457,-0.0566,-0.0226,-0.1789,-8.4324,-3.7302,0.3232,-0.0037,0.2092,-0.0803
-2.7461,3.4740,6.4596,-0.1780,0.0787,-0.0734,-8.3701,-3.7373,0.2490,-0.1327,-0.0120,-0.1342
-3.0263,3.5051,6.9983,-0.1315,0.0693,-0.0758,-8.7173,-4.3120,0.2251,-0.1620,0.3299,-0.1226
-2.8970,3.3208,7.0844,-0.0636,-0.1002,-0.0236,-8.4324,-4.3359,0.4764,0.0477,-0.1700,-0.0422
-2.9233,3.2944,6.8929,-0.0258,-0.0683,-0.0625,-8.1403,-4.1372,0.4573,0.0211,0.0971,-0.0711
-3.1125,3.3399,6.7445,-0.0493,-0.0552,-0.0060,-8.4084,-4.2665,0.2298,-0.0027,-0.0037,-0.0608
-3.1101,3.2082,7.0318,-0.0887,0.0236,0.0354,-8.4372,-4.4317,0.4046,-0.0598,0.0225,0.0063
-2.8347,3.1627,6.8977,-0.0365,-0.0077,0.0184,-8.3486,-4.2689,0.3280,-0.0280,0.1132,-0.0533
-2.9401,3.2441,6.9623,-0.0458,-0.0173,-0.0077,-8.4420,-4.3862,0.2658,-0.0044,-0.0107,-0.0029
-3.0047,3.3016,7.1539,-0.0338,0.0329,-0.0160,-8.6574,-4.4987,0.1939,-0.0288,0.1616,0.0183
-2.9185,3.4046,6.9719,0.0077,-0.0226,0.0384,-8.5712,-4.2713,0.2011,0.0514,-0.0518,0.0554
-2.6791,3.3112,6.8809,-0.0362,-0.0366,0.0504,-8.3055,-4.0366,0.2466,-0.0052,0.0666,-0.0031
-2.4517,3.2441,7.0054,-0.0663,-0.0779,-0.0895,-8.3366,-4.2425,0.3041,0.0781,0.0111,-0.0757
-2.6504,3.1077,6.7421,-0.1243,-0.2222,-0.1262,-8.0110,-3.8451,0.1556,0.1636,-0.1134,-0.1412
-2.8659,3.0119,6.8115,-0.2469,-0.1617,-0.1360,-8.1020,-4.4436,0.2394,0.0534,-0.0132,-0.2324
-2.8730,2.8970,7.0294,-0.3063,-0.0733,-0.1159,-8.1139,-4.6232,0.4764,-0.0234,0.0007,-0.2607
-3.0239,3.0885,7.2329,-0.3206,-0.0453,-0.1444,-8.4515,-4.9536,0.2107,-0.0582,0.0266,-0.2814
-2.9544,3.0933,7.1970,-0.2978,-0.0701,-0.0745,-8.2600,-4.5562,0.1125,-0.0612,-0.1100,-0.2074
-2.9329,3.0694,7.1994,-0.3040,-0.0771,-0.0866,-8.3965,-4.6855,0.3687,-0.0994,-0.0698,-0.2025
-2.9090,2.9688,7.4388,-0.2458,-0.0440,-0.0160,-8.3917,-5.1643,0.6752,-0.1098,-0.1127,-0.0546
-2.7701,2.7845,7.7093,-0.1664,0.0175,0.0157,-8.2911,-5.2170,0.7853,-0.1232,-0.0508,0.0153
-2.9233,2.7964,7.3334,-0.1416,0.0324,0.1635,-8.2337,-4.9799,0.2322,-0.1843,-0.0674,-0.0188
-3.1723,2.8587,6.8402,-0.0974,0.0614,0.1608,-8.1570,-4.6759,-0.0982,-0.1805,-0.0667,-0.0338
-3.2058,2.9640,6.3710,-0.2006,0.1010,0.1314,-7.8985,-4.0151,-0.7350,-0.2168,-0.1715,-0.1118
-3.2777,3.0789,5.9161,-0.3251,0.0084,0.2149,-7.7859,-3.8834,-0.5794,-0.2419,-0.2160,-0.1524
-3.0957,3.1747,5.8849,-0.3158,-0.1138,0.1889,-7.6854,-3.5147,-0.8619,-0.1191,-0.2914,-0.2675
-2.7246,3.4500,5.3606,-0.4186,-0.4157,0.2089,-7.7524,-3.0454,-0.6105,0.0338,-0.5967,-0.2526
-2.1596,4.2042,5.0661,-0.3533,-0.7144,0.1239,-7.7452,-1.8986,-0.3998,0.3296,-0.5697,-0.3936
-0.5842,4.6256,4.3215,-0.6138,-1.1723,-0.0340,-6.7852,-0.1844,1.2426,0.6606,-1.2217,-0.6033
1.1588,4.9105,5.0709,-0.7392,-1.3225,-0.4690,-6.6774,0.1460,3.2753,0.8418,-0.6747,-0.9509
1.7358,4.4341,6.3997,-0.8252,-1.9470,-0.9762,-6.9959,-1.4509,4.8363,1.5422,-0.7173,-1.2584
2.1284,3.3782,6.3805,-0.6460,-2.3403,-1.4845,-5.8107,-1.5826,4.1276,2.3611,-1.0866,-1.4913
1.1971,3.0885,6.3159,-0.9477,-2.5486,-1.6454,-5.7174,-2.9832,4.1946,2.2202,-0.8703,-1.7746
2.1213,2.3343,7.0485,-0.8548,-2.1729,-1.5548,-5.3008,-3.6536,4.7740,2.0338,-0.7020,-1.7075
2.7390,1.2115,7.0988,-0.9895,-2.2669,-1.5643,-4.2641,-3.8714,5.0159,1.9923,-0.7823,-1.8067
3.2633,0.9122,7.7405,-1.1097,-2.2216,-1.4201,-4.1324,-5.1691,6.7756,1.8508,-0.9398,-1.8584
4.6040,0.0934,7.8769,-1.0208,-1.9108,-1.4109,-2.9592,-5.2265,7.5034,1.6610,-0.5585,-1.9207
5.5091,-0.2370,8.5377,-0.8364,-1.6923,-1.6706,-2.6719,-5.1260,7.8338,1.7818,-0.2157,-1.9089
5.0302,0.0742,7.2377,-0.9142,-1.8770,-1.7845,-2.4062,-4.1635,6.8833,1.8694,-0.4033,-1.9672
5.0685,-0.0527,7.0533,-1.2810,-1.6617,-1.6209,-2.6240,-5.0542,7.3981,1.3552,-0.3246,-1.8678
5.5761,-0.7398,8.2648,-1.2101,-1.2646,-1.4771,-2.1931,-5.9352,7.7596,1.1411,-0.0933,-1.7714
5.5091,-1.2761,8.6479,-1.2360,-1.1556,-1.3303,-2.2314,-6.4476,7.7405,0.9850,-0.1519,-1.7403
5.4827,-1.9034,8.1858,-1.3018,-1.2217,-1.1491,-1.5155,-6.5888,7.9033,0.9642,-0.5204,-1.7026
4.9871,-2.3822,7.9033,-1.2921,-0.9402,-1.1568,-1.6352,-7.2664,6.6535,0.5862,-0.1351,-1.5030
4.2808,-2.2098,8.5449,-1.2176,-0.5160,-0.7313,-3.1580,-9.1506,7.3574,0.0665,0.0496,-1.1277
5.3989,-2.5618,8.8370,-0.8765,-0.5889,-0.6488,-2.3272,-7.8003,6.9623,0.3332,-0.2024,-0.8940
3.9289,-2.7270,9.3422,-0.5574,0.1696,0.2257,-2.5857,-8.7005,6.3135,-0.5817,-0.0572,-0.0770
3.9289,-2.8491,8.9830,-0.2309,0.1188,0.5037,-2.4756,-8.9854,6.0717,-0.5405,-0.3337,0.1789
4.1444,-3.4381,9.1961,-0.3126,0.2519,0.5864,-2.3511,-9.1482,6.1148,-0.9603,-0.1981,0.6941
3.7781,-3.7182,9.9383,0.0671,0.0522,0.8631,-2.6169,-9.9695,6.3542,-0.7206,-0.5922,0.9800
3.7637,-3.5698,9.5289,0.6155,0.1565,1.1389,-2.1955,-9.6175,6.4500,-0.6043,-0.4120,1.2664
4.5897,-3.7517,9.0070,0.8978,0.1375,1.3499,-1.6041,-9.0190,6.6032,-0.5657,-0.5221,1.5028
5.3079,-4.1683,8.1738,1.0524,0.1480,1.5302,-0.2490,-8.4228,7.0030,-0.5570,-0.8672,1.6349
5.3127,-4.3239,7.8913,1.3490,0.4402,1.5597,-0.3903,-8.2241,6.1124,-0.6157,-0.1319,1.7380
4.0917,-4.2042,6.8570,1.2646,0.4449,1.7544,-0.3543,-8.2001,5.2385,-0.8184,-0.6663,1.9689
4.1635,-4.4293,6.8307,1.3928,0.4333,1.9965,-0.0192,-8.0445,4.6615,-0.8200,-0.5870,2.0960
4.1922,-4.3263,6.0813,1.3315,0.1853,2.2392,0.4477,-7.4651,4.7764,-0.8148,-1.0656,2.2982
4.7094,-4.2473,5.5665,1.2990,0.2541,2.3706,1.0511,-6.4883,4.7046,-0.8930,-1.2085,2.4018
4.8339,-4.1492,5.9831,1.2239,0.2502,2.5218,1.2498,-6.4548,5.5952,-1.0617,-0.9963,2.3046
6.0885,-3.4740,5.3870,1.0732,0.0751,2.4556,1.0630,-5.4755,6.3614,-0.9999,-1.2081,2.0280
6.1411,-3.1795,5.3343,0.7959,0.1518,2.4004,0.8547,-5.2074,6.6918,-1.2128,-1.1926,1.8759
6.3758,-2.9161,5.8107,0.7137,0.1440,2.3334,0.6967,-4.9105,6.7780,-1.1195,-1.0908,1.7088
5.3654,-2.2529,5.4468,0.5385,0.1158,2.1176,-0.2251,-4.6735,6.0932,-1.1544,-1.1258,1.4985
5.0757,-2.0446,6.1914,0.4052,0.2757,2.0900,-0.9457,-5.2337,6.1124,-1.2365,-1.0143,1.4659
4.6376,-1.9513,6.9073,0.3814,0.1486,1.9875,-1.5706,-5.9256,6.1746,-1.1241,-1.0276,1.4104
4.6352,-2.0949,7.1706,0.4014,0.1844,1.8876,-1.5323,-6.0645,6.2465,-1.0636,-1.0660,1.4116
4.3479,-2.2290,7.0797,0.3754,0.1705,1.8351,-1.2857,-6.0406,6.0478,-1.0705,-1.0281,1.3185
4.1563,-2.4277,7.6351,0.3756,0.2009,1.8123,-1.8292,-6.7229,6.2106,-1.0790,-0.9180,1.2808
3.9265,-2.5522,7.7381,0.3567,0.2230,1.8309,-1.7573,-6.6535,5.9807,-1.0496,-0.8411,1.2400
3.7469,-2.4421,7.8745,0.3746,0.0522,1.7263,-2.0782,-6.7828,5.5162,-0.9108,-0.9594,1.1779
3.2801,-2.3607,7.7452,0.2779,0.0486,1.6701,-2.3607,-6.8498,5.5019,-0.9362,-0.9912,1.0757
3.1077,-2.2721,8.3725,0.2634,0.0165,1.6137,-2.7318,-7.3598,5.4995,-0.9090,-0.9021,1.0985
3.2394,-2.1308,8.6263,0.2962,-0.0417,1.5745,-2.8706,-7.3406,5.5976,-0.8432,-1.0111,1.1540
3.3830,-1.6592,7.7979,0.3631,-0.0024,1.6226,-2.5379,-6.6798,5.8610,-0.8701,-0.9783,1.2052
4.2832,-1.5203,7.5154,0.2543,0.3441,1.5553,-2.3415,-5.7485,6.5074,-1.0901,-0.7272,1.1277
4.6855,-1.4317,7.5058,0.1808,0.5461,1.4212,-2.2721,-5.7916,7.4364,-1.1983,-0.4517,0.9939
5.2505,-1.7406,8.8849,0.2947,0.9726,1.0741,-2.4804,-6.4356,7.9511,-1.2301,0.1688,0.9463
5.7030,-1.7645,9.5577,0.3956,1.0669,0.8352,-2.6863,-6.7756,8.7269,-1.0828,0.4351,0.9630
5.3965,-1.6783,10.3980,0.7734,0.9566,0.3104,-3.5003,-7.0342,8.5928,-0.4750,0.8777,0.8211
4.8794,-1.1420,10.0197,1.0714,0.6085,-0.3721,-4.0725,-6.6008,7.4651,0.2722,0.9072,0.7125
2.0039,0.2107,7.9080,1.2650,0.6331,-0.6948,-4.7956,-5.4995,4.7262,0.4064,1.1812,0.5450
0.7661,0.7230,7.6351,0.9341,0.9791,-0.6211,-5.5569,-5.7748,3.9337,-0.0781,1.3287,0.6087
0.3160,0.5148,8.3414,0.8937,1.3528,-0.7017,-5.9472,-5.9041,2.8204,-0.3092,1.6747,0.7011
-0.9625,0.9936,7.8841,0.8387,0.9474,-0.5798,-6.4667,-6.3734,2.3008,-0.1282,1.3394,0.6547
-1.5969,1.2210,6.7540,0.8583,1.3334,-0.5036,-6.0621,-5.2744,0.7470,-0.3400,1.1896,0.7262
-2.3846,1.2306,7.4484,0.5945,1.7175,-0.5015,-7.0773,-6.0478,0.2945,-0.7849,1.9456,0.6548
-2.7438,1.1516,7.3550,0.6455,1.3412,-0.4691,-6.9671,-5.7509,0.0455,-0.5016,1.2127,0.6450
-3.6392,1.5562,6.9121,0.8005,1.2212,-0.4535,-7.2161,-5.3367,-1.1851,-0.2671,1.3967,0.5512
-4.6663,2.2075,6.5888,0.6185,1.2935,-0.2427,-8.2911,-5.5761,-2.2936,-0.5630,1.4623,0.5878
-4.8459,2.2625,7.2305,0.6251,1.1674,-0.1211,-8.3582,-5.4013,-1.8387,-0.4872,0.9605,0.6107
-5.2409,2.6959,6.1100,0.6580,0.8885,0.0129,-8.3486,-4.8100,-2.5977,-0.3178,0.7448,0.5237
-4.9584,3.1101,5.7676,0.4858,0.8675,0.1464,-8.6215,-4.2186,-2.8874,-0.4712,0.7440,0.5380
0.6464,3.4596,7.1012,0.2615,-0.1621,-0.1771,-7.1108,-3.4620,3.9385,0.3503,-0.2398,0.3647
1.3360,3.2753,7.9487,0.3214,0.3436,-0.5099,-7.1060,-3.6966,4.9392,0.1246,0.8653,0.2356
-0.3855,3.8092,6.7660,0.4946,0.4579,-0.7420,-7.6998,-2.9353,1.9225,0.4219,0.7977,0.0958
-3.2417,4.0797,5.3391,0.4162,0.3844,-0.8620,-8.3462,-3.0646,-1.3408,0.4391,0.9061,0.0572
-5.4947,4.0941,4.0630,0.3571,0.4084,-0.8262,-8.3965,-2.6145,-3.6392,0.3339,0.9114,0.0049
-7.1826,4.4915,3.7996,0.2158,0.0663,-0.5291,-8.8681,-2.5690,-5.2768,0.4651,0.4434,-0.1681
-6.4763,4.2425,4.4867,-0.0823,-0.3010,-0.2725,-9.2967,-3.2753,-4.8985,0.2774,0.0905,-0.1747
-4.6280,3.9409,5.8083,-0.0941,-0.7653,-0.1264,-8.8083,-3.7445,-1.8340,0.5191,-0.5020,-0.1536
-2.1284,3.9887,7.5034,-0.0156,-0.9052,-0.0131,-8.7987,-4.2952,1.3838,0.5530,-0.4219,-0.0488
0.5722,3.6248,9.3350,0.1250,-0.7390,-0.1679,-8.5186,-4.7453,4.7429,0.6354,-0.2205,0.0312
0.6752,3.8595,9.0381,0.4378,-0.7971,-0.5219,-8.5066,-4.4029,4.8842,1.0647,-0.0580,0.0504
-0.8906,4.4245,6.8211,0.5518,-0.4626,-0.6999,-8.4946,-3.2322,2.2242,1.0373,0.1785,0.0176
-2.7677,4.3359,5.9975,0.3395,-0.1095,-0.6861,-8.7077,-3.1891,-0.2466,0.6793,0.6704,-0.1667
-4.9368,4.3215,5.4971,0.2174,-0.3168,-0.6892,-9.2751,-3.5171,-3.0502,0.7188,0.2246,-0.1986
-5.6455,4.2737,4.9297,-0.0537,-0.4271,-0.3544,-8.9136,-3.4500,-3.2609,0.4591,-0.1162,-0.2193
-4.2329,3.9145,5.8083,-0.1751,-0.5533,-0.0384,-8.5784,-3.7948,-1.8723,0.3343,-0.1845,-0.2778
-2.7557,4.2353,6.7804,-0.2100,-0.7556,0.2519,-8.4611,-3.6081,0.6560,0.4239,-0.5509,-0.2847
0.3711,4.0390,6.9121,-0.2407,-0.8831,0.2278,-7.9368,-3.1891,3.4237,0.4987,-0.4406,-0.2775
0.9840,4.1755,8.2384,-0.1124,-0.3555,-0.4093,-7.9655,-3.4333,4.5562,0.4542,0.1661,-0.3776
0.9266,4.1372,8.3773,0.0794,-0.4900,-0.8926,-8.1547,-3.6512,4.4173,0.8945,0.4060,-0.5297
-0.7805,3.7733,6.6726,0.2021,-0.3631,-1.3479,-7.4148,-2.6863,1.3743,1.1599,0.5538,-0.7739
-3.3567,4.4173,6.7971,-0.0600,-0.3619,-1.2657,-8.9567,-4.1300,-0.6823,0.9371,0.8958,-0.7269
-4.2689,3.5841,7.0749,-0.1010,-0.5854,-0.9946,-8.6119,-5.1739,-1.2905,0.9975,0.2437,-0.5652
-3.6631,2.8276,7.5393,-0.1514,-0.7099,-0.9289,-8.5856,-5.9137,-0.7566,0.9646,0.2056,-0.4891
-2.2936,1.9058,8.4467,-0.2783,-0.7631,-0.6519,-7.9440,-6.3255,1.0726,0.7782,-0.0775,-0.2372
2.2051,0.9098,9.2727,-0.2505,-0.5329,-0.2678,-5.8873,-6.0717,5.8706,0.2232,-0.0914,-0.1716
3.4165,0.6488,10.2615,0.0458,-0.0710,-0.6038,-5.8155,-6.4955,7.5872,0.3909,0.4515,-0.1144
2.0710,1.1612,9.3661,0.3391,0.2858,-0.8592,-6.3135,-6.0047,5.4229,0.5411,0.9992,-0.1394
-0.3184,1.7573,8.1427,0.4570,0.3251,-1.0826,-7.0246,-5.6862,2.4517,0.6327,1.1552,-0.1522
-2.2721,2.3439,7.2042,0.4505,0.2425,-1.1032,-7.6207,-4.8554,0.2777,0.7111,0.9851,0.0160
-3.6248,3.1149,5.9520,0.3513,0.2186,-0.9851,-7.8793,-4.1707,-1.3838,0.6582,0.9445,-0.0911
-4.0055,3.0526,5.8849,0.0605,-0.0679,-0.9358,-8.3869,-4.3527,-1.6592,0.5728,0.8006,-0.1426
-3.5003,3.2178,6.5290,-0.0140,-0.4513,-0.8700,-7.8913,-3.7565,-0.5818,0.8777,0.3619,-0.2020
-2.1811,2.9999,7.1275,0.0538,-0.9072,-0.9445,-7.8482,-3.5817,0.4190,1.3113,0.4040,-0.5532
-0.4788,3.3208,6.5817,-0.0334,-1.4001,-0.9421,-7.6638,-3.7972,2.6025,1.5789,-0.2000,-0.6133
0.9984,2.8778,7.7548,0.1179,-0.8689,-0.9936,-6.6990,-3.8092,5.0159,1.2560,0.3166,-0.6503
3.0861,2.0135,8.8011,0.0994,-0.8609,-1.3014,-6.2920,-4.7932,7.1060,1.4414,0.6683,-0.6422
2.9784,1.7358,8.5928,0.3884,-0.3890,-1.7243,-6.0717,-4.6448,6.0789,1.6563,1.0914,-0.7408
0.3567,1.8651,7.6231,0.4139,-0.2244,-1.7348,-6.3446,-5.0685,3.4117,1.6864,1.7901,-0.9208
-2.3296,2.0351,7.5010,0.4338,-0.2054,-1.7110,-6.9480,-5.6838,0.2753,1.7625,1.7103,-1.0050
-2.9401,2.4445,7.3215,0.2206,-0.4847,-1.4509,-7.9080,-5.9089,-1.6999,1.6486,1.3683,-0.8474
-2.7964,2.6983,7.3694,0.0750,-0.8828,-1.0909,-7.9631,-5.8107,-1.1516,1.5652,0.6860,-0.7493
-1.0534,2.2027,8.2911,-0.1264,-1.1314,-1.0079,-7.0533,-5.5091,1.8794,1.5507,0.0831,-0.5494
2.6408,1.3216,9.2201,0.0056,-1.0135,-0.7693,-6.2848,-5.7581,5.8059,1.3588,0.5093,-0.8752
3.7781,0.6943,9.4715,0.3464,-0.5686,-1.4060,-6.2273,-6.3039,7.3358,1.3527,1.1034,-0.9050
2.9161,0.6129,9.1913,0.4659,-0.5095,-1.7365,-5.8897,-6.5003,5.4540,1.6020,1.2488,-0.7821
-0.2298,1.1013,7.9631,0.6159,-0.6303,-1.9129,-5.6240,-6.0717,2.0925,1.7347,1.3416,-0.7938
-1.1803,1.4653,7.2353,0.4338,-0.6278,-1.6733,-6.3686,-6.6128,0.1700,1.4218,1.1586,-0.6310
-0.8452,1.2354,7.4795,0.3604,-0.6235,-1.4021,-6.0286,-6.3949,0.8092,1.2414,0.7847,-0.2481
-0.3160,1.1971,7.6495,0.3208,-0.7590,-1.1668,-5.9975,-6.5984,1.6879,1.2389,0.5862,-0.2714
0.1006,1.3240,7.5489,0.2316,-0.7943,-1.0741,-5.8778,-6.1746,1.8507,1.1157,0.4393,-0.2061
-0.0239,1.2929,7.7357,0.1164,-0.5734,-0.8366,-5.8179,-6.2537,2.2793,0.7737,0.2809,-0.0542
0.1413,1.3168,8.0804,0.1893,-0.3489,-0.6463,-6.2728,-6.5721,2.4828,0.5907,0.4576,-0.1178
-0.3950,2.4301,7.2568,0.2651,-0.5329,-0.6487,-6.5146,-5.4085,1.0127,0.8130,0.2406,-0.0861
-0.8595,3.4524,5.8131,0.1025,-0.4343,-0.3777,-7.1443,-4.3742,0.4860,0.4775,0.1127,-0.0785
-0.5794,3.8595,7.3263,0.0646,-0.0486,-0.1318,-8.0062,-5.2218,0.9912,0.0476,0.3531,0.1156
-0.2849,4.5035,8.5401,0.1134,-0.5696,0.1480,-9.1913,-5.5115,1.4437,0.2842,-0.0953,0.3608
0.9457,4.5801,8.4276,0.1063,-0.7452,0.5309,-8.7436,-4.5562,3.1627,0.3455,-1.0091,0.5104
1.6568,4.3527,8.4324,0.1290,-0.4658,0.3171,-8.4707,-3.9672,4.0486,0.1685,-0.2399,0.4243
1.1851,4.4053,8.0086,0.1310,-0.5469,-0.0803,-8.5114,-3.6727,3.0550,0.5047,-0.3585,0.1839
-0.3472,4.9799,6.5984,-0.1851,-0.2280,-0.3616,-8.5521,-3.0406,1.2905,0.2386,-0.0350,-0.2417
0.0096,5.1164,6.9360,-0.4246,-0.1087,-0.3269,-8.6287,-3.3710,1.6999,0.0649,0.0681,-0.4478
0.3807,4.9536,7.0605,-0.5308,0.0369,-0.3380,-8.4970,-3.4189,1.7095,-0.0757,0.0153,-0.5189
0.4812,4.7621,7.7476,-0.6249,-0.0293,-0.2855,-8.4060,-3.9361,1.9848,-0.0580,-0.1216,-0.5510
1.0630,4.6448,7.9296,-0.6506,-0.1180,-0.2522,-8.7819,-4.6208,2.6049,-0.1272,-0.2221,-0.4720
1.6472,3.9887,7.5585,-0.5393,-0.0558,-0.1592,-8.1068,-4.9105,4.2760,-0.2029,-0.3416,-0.2194
2.0710,3.8666,7.6950,-0.1251,0.3264,-0.1026,-7.3047,-3.9935,4.9344,-0.2153,0.2350,-0.0572
2.3439,4.0199,7.2520,0.0420,0.1034,-0.2938,-7.4939,-3.1723,3.7206,0.0634,0.2991,-0.0589
0.8116,4.9297,6.1699,0.1378,0.0011,-0.4481,-8.1307,-2.7054,1.8890,0.2172,0.3501,-0.1066
0.5746,5.0542,6.4548,-0.0675,0.1952,-0.2749,-8.2935,-3.0742,2.1452,-0.1190,0.2655,-0.0374
1.1301,4.4460,7.5441,0.0264,0.0821,-0.3178,-8.2145,-3.5961,2.9305,0.0609,0.3002,-0.0891
1.1157,4.2832,7.9583,0.0175,-0.2273,-0.3790,-8.1355,-4.0654,3.0981,0.3421,0.1392,-0.0767
0.9218,3.7254,7.8314,0.0586,0.0978,-0.3114,-7.8362,-4.7381,3.2202,0.1069,0.2942,0.0088
0.2298,3.9025,7.1898,0.1873,0.2181,-0.2699,-7.4747,-4.1132,1.9537,0.0588,0.4554,-0.0581
-0.3017,4.2258,5.7437,-0.0582,0.4301,-0.1451,-7.4651,-3.0622,0.4070,-0.3108,0.3391,-0.1278
-0.7374,3.5171,6.8115,-0.3210,0.3102,-0.2457,-7.3957,-4.4891,0.8691,-0.1551,0.2730,-0.2397
-1.1277,2.6049,6.5386,-0.2455,-0.2751,-0.3905,-6.7876,-4.9105,0.1125,0.3051,0.1218,-0.3644
-0.4238,2.0183,6.2824,-0.4922,-0.2034,-0.2522,-6.0190,-5.2840,1.6520,-0.0143,-0.2333,-0.3677
0.6656,1.1756,8.3917,-0.4128,0.4723,-0.2767,-5.8921,-6.6391,3.7086,-0.3605,0.4792,-0.3360
0.4022,1.6927,8.7173,-0.1187,0.1695,-0.4203,-7.3574,-6.9863,2.6288,0.0027,0.5533,-0.1276
-0.3424,2.4948,8.4324,-0.1756,-0.1041,-0.2960,-7.5298,-6.3063,1.5538,0.1014,0.0849,-0.1458
-0.8045,2.4014,8.8992,-0.1848,-0.0533,-0.1584,-7.5417,-6.7564,1.8507,0.0433,0.0348,-0.1424
-1.2498,2.0399,8.4563,-0.1789,-0.1250,-0.0855,-7.4316,-6.7133,1.4629,0.0472,-0.0642,-0.1688
-1.6496,2.2266,7.9966,-0.1920,0.1779,-0.0289,-7.3646,-6.4141,0.5555,-0.2154,0.1018,-0.1631
-2.0423,2.4852,7.7021,-0.2519,0.3399,0.1059,-7.4819,-6.3614,0.2083,-0.4290,0.0228,-0.0979
-1.4222,2.2410,7.8602,-0.2310,0.4640,0.1679,-7.2065,-6.2201,0.8332,-0.5772,0.0739,-0.0325
-0.9505,2.0423,7.8482,-0.2193,0.3722,0.1912,-6.9528,-6.2991,1.5155,-0.5141,-0.0049,-0.0101
-0.5578,1.8148,7.5250,-0.2162,0.4530,0.1116,-6.4955,-5.7724,1.6640,-0.5432,0.1296,-0.1023
-0.9337,1.9609,7.4747,-0.2746,0.5772,0.0065,-6.6750,-5.7868,1.5012,-0.6209,0.2843,-0.2177
-1.2713,2.3296,7.6902,-0.2858,0.6915,-0.1150,-7.2329,-5.8514,0.9194,-0.6274,0.4354,-0.2695
-2.2505,3.0023,7.4819,-0.2310,0.6570,-0.1667,-7.6638,-5.9256,-0.0048,-0.5476,0.3806,-0.2380
-2.9521,3.3543,6.9887,-0.1407,0.7242,-0.0430,-8.0637,-5.8826,-0.8380,-0.6520,0.4594,-0.0919
-3.4069,3.4764,6.8594,-0.0136,0.6680,0.0648,-8.1307,-5.6719,-1.7669,-0.6043,0.3496,0.0831
-4.2617,3.7828,5.8993,-0.0125,0.4139,0.2274,-7.7883,-4.8602,-2.9712,-0.5032,0.0608,0.0857
-4.6831,3.7014,5.7533,-0.0561,0.3191,0.3508,-7.8745,-5.1332,-3.4692,-0.4084,0.0306,-0.0099
-4.5394,3.5721,5.4133,-0.1082,-0.1773,0.4150,-7.6782,-5.1308,-3.1532,-0.1600,-0.4549,0.1553
-3.4500,2.9928,5.7916,-0.2393,-0.3210,0.4767,-7.0102,-5.0087,-1.9154,-0.1242,-0.6434,0.1126
-2.2721,2.6935,6.6607,-0.3226,-0.3308,0.4624,-7.1754,-5.6575,-0.0359,-0.1808,-0.5179,0.0513
-0.8356,2.2482,8.0685,-0.2382,-0.2782,0.3996,-7.0677,-6.3183,1.9417,-0.1656,-0.5565,0.0882
-0.4190,2.0901,8.8562,-0.0302,-0.0320,0.3083,-7.3694,-6.9360,2.6480,-0.2130,-0.0846,0.1410
-1.2139,2.4110,9.0357,0.2356,0.1716,0.1841,-7.7333,-6.9264,1.6328,-0.1053,0.0950,0.2988
-2.6815,2.9999,7.5106,0.3436,0.0694,0.1092,-7.6998,-5.8826,-0.5100,0.0500,0.1151,0.2950
-3.6272,3.3686,6.1770,0.1379,0.2002,0.2036,-8.0134,-5.8610,-2.8730,-0.2882,0.0612,0.4651
-3.6775,3.5506,7.6231,0.0669,0.2426,0.2767,-8.0828,-5.9807,-1.3623,-0.2590,0.1029,0.2228
-2.8084,3.1029,7.3981,-0.0774,-0.3500,0.3094,-8.3773,-6.2608,-1.1708,0.0425,-0.4934,0.0937
-2.5833,3.0598,8.2935,-0.1086,-0.1124,0.3965,-8.4851,-6.9192,-0.3424,-0.1980,-0.4064,0.1637
-1.8459,2.2218,8.4013,-0.2205,-0.2643,0.6427,-7.6423,-6.9408,0.6967,-0.3299,-0.7674,0.2082
-0.6416,1.5371,9.1219,-0.1021,-0.0592,0.5537,-6.9887,-7.5513,2.3894,-0.3364,-0.5131,0.3003
-0.6656,1.7621,8.3294,0.1552,0.1860,0.5148,-6.8354,-6.7181,2.1380,-0.3833,-0.3074,0.6472
-0.7877,2.3822,7.2185,0.2990,0.2069,0.4088,-6.5888,-4.9919,1.1301,-0.3123,-0.1576,0.5881
-0.7901,3.1819,6.3877,0.1692,0.3088,0.2005,-6.7157,-4.1683,-0.1867,-0.5201,-0.2449,0.5345
-0.8859,3.1915,6.4979,0.0140,0.3243,0.4333,-7.1347,-4.6112,1.2067,-0.6295,-0.2205,0.4085
-0.6584,3.7254,7.0533,0.2781,0.1270,0.5826,-7.6279,-4.4915,1.8675,-0.4263,-0.0923,0.5516
-0.3615,4.3120,7.2520,0.2854,-0.0183,0.4875,-7.9272,-3.6727,1.2091,-0.2122,-0.0898,0.3467
-0.2107,4.9249,7.2113,0.0773,-0.2872,0.5594,-8.5736,-3.5243,1.4317,-0.1382,-0.5277,0.3275
0.5004,4.4221,7.2353,-0.1327,-0.2694,0.5810,-8.0134,-3.7062,2.3990,-0.2459,-0.5893,0.2318
0.7638,3.8810,7.8578,-0.2128,-0.1342,0.4549,-8.0302,-4.1276,2.6193,-0.1864,-0.4501,0.0152
0.0263,3.9887,7.3382,-0.3315,-0.1318,0.3230,-8.1594,-4.4197,2.5091,-0.2152,-0.5184,0.0145
0.6871,3.2226,7.4723,-0.0406,0.5758,0.2621,-7.4244,-4.6998,2.5355,-0.5409,0.1962,0.0160
-0.4932,3.8020,6.3135,0.1203,0.5700,0.5458,-7.2377,-4.0701,0.9481,-0.7044,0.2185,0.2882
-0.2705,3.6847,7.2065,-0.0855,0.2290,0.6726,-7.5633,-4.4508,0.9433,-0.5899,-0.4257,0.3232
-0.6416,3.6895,7.0078,-0.1588,-0.0858,0.8528,-7.3406,-4.6160,0.9936,-0.5383,-0.7318,0.2883
-0.5674,3.1268,7.2113,-0.3226,0.2809,1.1610,-7.2568,-5.2002,1.3551,-1.0305,-0.7950,0.3509
-0.5890,2.5187,8.4396,-0.4628,0.4712,1.2638,-7.2880,-6.0238,1.7119,-1.2223,-0.7706,0.3051
-0.9313,2.9928,8.2648,-0.4798,0.3419,1.3580,-7.7381,-6.2393,1.5682,-1.2285,-1.0523,0.2818
-0.5459,3.0813,7.5130,-0.3760,0.8088,1.6577,-7.2640,-5.4899,1.6472,-1.7349,-0.8883,0.4915
0.1724,3.2513,7.3215,-0.4102,0.8599,1.9504,-7.1395,-4.8483,2.2434,-1.8920,-1.0219,0.5309
1.1923,3.4955,6.8307,-0.3345,0.7460,2.0303,-6.8738,-3.9600,2.9688,-1.8338,-1.1639,0.5860
1.7286,3.7206,6.4189,-0.3744,0.7894,2.0482,-6.6966,-3.4189,3.3447,-1.9285,-1.1624,0.6652
1.8794,3.7326,6.2584,-0.4545,0.9754,2.1469,-6.4476,-3.0239,3.2753,-2.0920,-1.2212,0.6190
1.8842,3.4477,6.9839,-0.5697,1.0421,2.1847,-6.8259,-3.7278,3.7637,-2.2127,-1.1114,0.5304
1.4748,4.5538,7.8266,-0.5508,1.0709,2.0840,-8.3151,-4.1300,2.5331,-2.0859,-0.9451,0.3798
-0.1796,5.1571,7.5609,-0.5428,0.0730,2.4054,-9.2273,-4.2641,0.6393,-1.5829,-1.7388,0.5433
1.9537,3.3064,8.2217,-1.2036,-0.2053,2.4800,-7.2544,-4.6352,4.1037,-1.4440,-3.1648,0.4101
0.8930,3.3567,9.9862,-0.7713,0.7472,2.1862,-8.6263,-6.6080,4.1755,-2.1975,-0.4222,0.2281
1.6089,1.7454,10.6446,-0.7982,0.0490,1.7649,-7.6088,-7.3047,5.1332,-1.0116,-2.4308,0.2641
0.0048,1.9154,8.5976,-0.4730,0.3805,1.3095,-7.0437,-6.6248,2.9113,-1.1975,-0.6109,0.1412
-1.2330,2.1021,7.9751,-0.5389,0.7713,1.3486,-7.1395,-6.7588,1.4629,-1.4813,-0.6755,0.2438
-1.1971,1.7142,8.8657,-0.4387,0.7500,1.3884,-7.0078,-7.3454,2.0638,-1.3712,-0.6999,0.1022
-0.9888,1.5227,8.2289,-0.4135,0.5040,1.3017,-6.7038,-7.1587,1.9561,-1.2231,-0.8780,0.1813
-0.0982,1.0606,8.2720,-0.2240,0.3801,1.2496,-5.9640,-7.1778,2.6049,-1.1219,-0.8488,0.4691
0.3543,1.1684,7.8338,-0.2198,0.5946,1.2120,-6.2058,-6.6080,2.1380,-1.3435,-0.5461,0.5119
0.4334,1.1708,8.2696,-0.1567,0.7306,1.1997,-6.0549,-6.3566,2.6767,-1.3311,-0.5797,0.5320
-0.2562,1.4246,8.1211,-0.0586,0.6382,1.1246,-6.1890,-6.8091,2.5355,-1.1902,-0.5478,0.6475
-0.8332,1.4246,7.4915,0.0516,0.6884,1.0872,-5.5569,-6.1866,1.2546,-1.2117,-0.5770,0.8080
-1.0223,1.7645,7.4053,0.0394,0.6524,1.1434,-6.4308,-5.9831,1.1708,-1.1727,-0.3873,0.6973
-0.9625,1.9680,6.9623,0.0358,0.5474,1.2115,-6.3279,-5.3774,0.9673,-1.0986,-0.5849,0.6324
-0.6273,2.0159,6.8450,-0.0064,0.4334,1.2215,-5.9975,-5.0829,1.5012,-1.0392,-0.6282,0.5842
-0.1796,1.8794,6.6966,-0.0047,0.2974,1.1843,-5.8035,-5.0159,1.5179,-0.9348,-0.6339,0.5722
-0.3759,1.7047,6.8354,-0.1099,0.3127,1.2217,-5.8012,-5.3032,1.7238,-1.0044,-0.7268,0.5628
-0.0311,2.1284,7.3478,-0.1062,0.1943,1.2047,-6.5481,-5.5569,1.8794,-0.8916,-0.7778,0.5313
-0.0599,2.2841,7.4555,-0.1184,0.2293,1.1568,-6.3758,-5.1811,1.8579,-0.8701,-0.8186,0.5694
-0.5459,2.7054,7.0366,-0.1037,0.1190,1.1022,-6.7924,-4.7884,1.3886,-0.7689,-0.7269,0.4311
-0.6943,3.0957,7.2353,-0.2057,0.1430,1.0746,-7.2760,-4.7238,1.4772,-0.7857,-0.7360,0.3467
-1.0726,3.9313,7.3574,-0.2138,0.0087,1.0123,-8.1523,-4.4077,0.8188,-0.6496,-0.6472,0.2765
-0.1891,3.9241,7.4316,-0.5168,-0.2332,1.0461,-7.7165,-4.2641,1.8818,-0.6063,-1.1923,0.1069
0.0287,3.6559,8.0278,-0.5617,0.0493,0.9561,-8.0972,-4.9057,2.4612,-0.7610,-0.7505,-0.0163
-0.1245,3.6296,8.9304,-0.6166,0.0004,0.9082,-8.6000,-5.8778,2.5235,-0.7212,-0.9206,-0.0017
-0.4118,3.6631,9.2368,-0.5327,0.0762,1.0071,-8.6239,-6.3111,2.7054,-0.8243,-0.8443,0.1358
-0.3112,3.3686,10.2855,-0.5332,0.2213,1.1101,-7.9703,-6.7421,2.7653,-0.9529,-1.0028,0.3119
-0.0215,3.2801,9.8378,-0.3119,0.1479,1.0760,-8.4228,-6.4452,2.8970,-0.8934,-0.9887,0.5470
-0.2227,3.3160,8.5449,-0.1045,0.1952,1.1439,-7.8985,-5.4588,2.4588,-0.8608,-0.7304,0.4799
0.3663,2.8539,7.8865,-0.1418,0.3259,1.1183,-7.1275,-5.1427,2.7390,-0.9449,-0.7560,0.4994
0.1915,2.8012,6.9168,-0.0193,0.4863,0.9758,-6.6822,-4.4556,2.4469,-0.9481,-0.4838,0.4747
0.2011,2.9401,6.4093,-0.0353,0.4759,0.9525,-6.8881,-3.8906,1.7262,-0.9317,-0.2991,0.4109
-0.0694,3.5721,6.2130,-0.0649,0.4943,0.8812,-6.9528,-3.6895,1.8794,-0.9535,-0.4008,0.3900
-0.1173,3.8116,6.8259,-0.0546,0.5415,0.9126,-7.6112,-4.2880,1.7909,-0.9751,-0.2754,0.4088
-0.4405,4.2617,7.3885,0.0592,0.3932,0.9194,-8.3989,-4.4987,1.7717,-0.8511,-0.3308,0.4707
-0.2945,4.7309,7.8434,0.1402,0.2966,0.9224,-8.8897,-4.5657,2.1476,-0.7743,-0.3842,0.5757
-0.0431,4.9177,8.3342,0.3212,0.3240,0.8374,-9.2009,-4.5514,2.6504,-0.6368,-0.2483,0.6491
0.1628,5.0182,8.1283,0.4546,0.3308,0.6924,-9.1746,-4.2066,2.7892,-0.5473,-0.1406,0.7675
0.1125,5.1164,7.9128,0.5063,0.2828,0.4946,-9.1171,-3.6152,2.6025,-0.3599,0.0075,0.7169
0.1197,5.4013,6.7684,0.4461,0.1430,0.2467,-8.7843,-2.5786,2.0997,-0.1499,0.0694,0.5048
-0.1125,5.6886,6.1148,0.2958,0.1680,0.0304,-8.7508,-1.9393,1.4437,-0.0565,0.2170,0.2122
0.0072,5.7724,5.7964,0.0446,0.0943,-0.1436,-8.6167,-1.6735,1.4676,-0.0201,0.2045,0.0083
0.1604,5.7437,5.9568,-0.1069,0.0405,-0.4219,-8.6862,-2.0207,1.6783,0.1252,0.2998,-0.1848
-0.2322,5.5569,5.9903,-0.1976,-0.0047,-0.6185,-8.4994,-2.3128,1.5179,0.2453,0.3508,-0.3607
-0.3591,5.2840,6.2656,-0.3062,-0.0039,-0.6446,-8.7604,-3.1532,1.1708,0.1964,0.4209,-0.4515
-0.6201,4.8530,7.3095,-0.2463,-0.0161,-0.7149,-8.7604,-4.0869,1.4605,0.3130,0.4826,-0.4351
-1.0918,4.7908,7.0581,-0.1046,-0.1256,-0.7369,-8.7197,-4.3551,1.1923,0.4247,0.5232,-0.4319
-0.9170,4.7094,7.0797,-0.0971,-0.1160,-0.6901,-8.1906,-4.1300,1.3958,0.4028,0.4249,-0.4502
-0.2131,4.5562,7.3574,0.0084,-0.1075,-0.7202,-8.1738,-3.9911,2.2721,0.4267,0.5606,-0.3283
0.6105,4.0773,7.4771,0.0441,-0.1748,-0.7297,-8.0804,-4.4819,2.8922,0.4549,0.5095,-0.2403
0.1149,4.0582,8.7724,0.3211,0.1112,-0.7755,-7.9823,-5.0949,3.4716,0.4596,0.8031,-0.1391
1.2115,3.5267,7.7117,0.4623,0.2021,-0.6460,-7.6974,-4.8698,2.7150,0.2710,0.9525,-0.0204
0.1101,3.6009,8.4228,0.2761,0.5629,-0.7430,-7.8697,-5.7964,3.0694,-0.0931,1.0804,-0.0273
-2.0997,3.1819,7.9895,0.4541,0.4125,-0.7446,-7.8386,-6.5841,0.6488,0.1283,0.9186,-0.1007
-3.0885,3.1340,7.3143,0.4620,0.7574,-0.6159,-7.6758,-6.5338,-1.0798,-0.1537,1.0889,0.0293
-3.6583,2.9161,6.7229,0.3962,0.5372,-0.4507,-7.3933,-5.9424,-2.0901,-0.1712,0.8251,0.2650
-4.1180,2.4541,5.8012,0.3754,0.2986,-0.2622,-7.2209,-6.2537,-2.4995,0.0199,0.4634,0.1388
-4.4843,2.6001,5.2912,0.3198,0.1396,-0.2185,-6.3710,-5.4588,-3.1675,0.0667,0.3824,0.1892
-4.1707,2.7414,5.1858,0.1003,-0.2021,-0.1655,-6.4620,-5.1523,-3.1723,0.2814,0.0666,0.0484
-3.6392,2.4588,5.0853,-0.1073,-0.4226,0.0512,-6.4572,-5.0829,-2.7007,0.2392,-0.1382,-0.0837
-1.7526,2.2027,6.2704,-0.3194,-0.2150,0.1011,-6.0190,-5.1260,-0.1389,-0.0424,-0.2378,-0.1777
-0.8739,2.0183,7.3382,-0.4843,-0.1046,-0.0422,-6.4452,-6.1268,1.8675,-0.0821,-0.0556,-0.3675
-0.6728,2.2386,8.3103,-0.4688,0.0374,-0.0858,-6.7995,-6.4093,1.8124,-0.0675,0.0500,-0.4133
-2.0542,2.1380,8.2791,-0.4357,0.2531,-0.3307,-7.2209,-7.1970,0.6584,-0.1863,0.2722,-0.4611
-3.8858,2.3391,8.0278,-0.3639,0.2823,-0.3242,-7.7093,-7.7596,-1.1468,-0.1491,0.1936,-0.3734
-5.1930,2.7701,7.0844,-0.1701,0.2730,-0.2718,-7.9128,-7.2233,-2.9951,-0.1755,0.2503,-0.2057
-5.7844,2.9544,6.1339,-0.2276,0.1559,-0.0626,-7.7045,-6.5027,-3.7685,-0.2362,-0.0228,-0.1033
-5.6144,3.2058,5.7341,-0.2082,0.1010,-0.1094,-7.7883,-6.1411,-3.5267,-0.1510,-0.0658,-0.1921
-5.0901,3.2370,5.4971,-0.3849,-0.2597,0.0232,-7.3023,-5.5138,-3.2657,-0.0356,-0.4413,-0.1997
-3.9025,2.7509,6.4141,-0.4562,-0.2020,0.1475,-7.1204,-6.2058,-1.2498,-0.1456,-0.2935,-0.2606
-2.3631,2.4325,7.1491,-0.3268,-0.3559,0.0325,-6.8139,-6.0789,0.5124,0.1021,-0.3134,-0.1745
-1.8124,2.4277,7.5657,-0.1494,-0.1939,-0.0877,-6.6415,-6.0501,1.0846,0.0890,-0.0484,-0.1384
-1.9656,2.5953,7.3478,0.0297,0.1074,-0.2220,-7.4388,-6.2321,0.3208,0.0188,0.3788,-0.1019
-3.1412,2.7414,6.5984,0.1102,-0.0193,-0.3856,-7.2185,-6.0501,-1.2713,0.2859,0.2960,-0.0777
-4.8028,3.2346,5.9664,0.2114,0.0108,-0.3890,-7.4029,-6.0118,-3.1077,0.3204,0.4032,0.0187
-5.6719,3.5506,5.5474,0.1705,-0.0985,-0.2220,-7.7788,-5.7652,-4.1324,0.2522,0.2565,0.0803
-5.7581,3.6224,5.5067,0.1872,-0.3575,-0.1227,-7.7189,-5.5952,-4.0294,0.3876,0.0743,0.1202
-4.8459,3.6224,5.1499,0.0999,-0.5953,-0.0841,-7.6519,-5.2361,-3.6392,0.4919,-0.1611,0.1059
-1.0439,2.4086,7.9823,-0.0155,-0.5881,-0.3369,-7.0988,-6.3422,1.9896,0.5352,0.0224,-0.0502
-1.3791,2.2314,9.0812,0.3114,-0.2586,-0.5816,-7.4220,-7.3694,1.6759,0.5693,0.5335,0.0510
-2.6767,2.5594,8.3749,0.4481,-0.2718,-0.6795,-7.7045,-7.2209,0.0862,0.7204,0.5307,0.1119
-4.1659,3.0933,7.4364,0.4068,-0.2876,-0.5728,-7.9128,-6.9767,-2.0279,0.5991,0.4758,0.1151
-4.3527,2.9185,7.4723,0.2314,-0.1905,-0.3383,-7.7979,-7.0940,-1.9992,0.3635,0.1947,0.1561
-4.1707,3.1819,7.1658,0.2054,-0.3440,-0.2098,-8.3869,-6.7852,-2.4828,0.3501,0.1990,0.1230
-3.5530,3.5817,6.8953,0.0857,-0.4827,0.0116,-8.0038,-5.8634,-1.6855,0.3312,-0.2450,0.1525
-2.0159,3.3543,6.9073,-0.1557,-0.4278,0.1628,-7.5920,-5.3917,0.3280,0.1061,-0.3633,0.0217
-0.2155,3.0933,8.2528,-0.1877,-0.2442,0.1235,-7.3694,-5.6551,2.6480,0.0205,-0.2344,-0.0131
1.0822,2.9784,8.4587,-0.1188,-0.3058,-0.0878,-7.2808,-5.3199,3.7589,0.2333,-0.0754,-0.0834
0.2945,3.5410,7.5346,-0.0100,-0.0906,-0.3204,-7.3550,-4.8866,2.6145,0.2029,0.2014,-0.1164
-0.8523,3.7086,7.1730,0.0124,0.1560,-0.3576,-7.6543,-5.3079,1.3001,0.0489,0.4143,-0.0841
-1.4653,3.7110,6.9576,0.0822,-0.0309,-0.2946,-7.5561,-5.0015,0.3567,0.1707,0.2698,-0.0378
-1.2881,3.9504,6.9336,0.1236,-0.1515,-0.2438,-7.6806,-5.0039,0.6057,0.2397,0.2029,0.0392
-0.9361,4.2401,6.4452,0.0493,-0.2850,-0.1593,-7.7596,-4.4484,0.6656,0.2344,0.0127,0.0278
-0.5555,3.9816,6.6583,-0.0600,-0.0640,-0.0333,-7.4962,-4.4125,1.1779,-0.0244,-0.0229,0.0096
-0.2322,3.5123,7.9990,-0.1050,-0.1015,-0.0682,-7.7668,-5.4181,2.0614,0.0709,0.0172,-0.0440
-0.9505,3.8403,7.2377,-0.0470,-0.1880,-0.1917,-7.6998,-4.8914,1.0942,0.1899,0.0532,-0.1090
-1.5467,4.1755,7.2305,-0.1375,0.0895,-0.1556,-8.1810,-5.2960,0.5770,-0.0689,0.1984,-0.1226
-2.2242,4.1755,7.2401,-0.1668,0.0686,-0.1452,-8.3438,-5.3558,-0.3591,-0.0492,0.0830,-0.1673
-1.0726,3.6009,7.4723,-0.1545,-0.1463,0.0671,-8.0302,-5.6671,1.6041,-0.0642,-0.1835,-0.0502
-0.1053,3.3423,7.5082,-0.1242,-0.0466,0.0192,-7.2257,-5.3415,2.0470,-0.0281,-0.0995,-0.0200
-0.3136,3.0837,7.3239,-0.0913,0.1783,0.0021,-7.0797,-5.3774,1.7909,-0.2194,0.0702,0.0156
-1.1061,2.9880,7.3933,-0.0438,0.1568,-0.0171,-7.0964,-5.5426,1.1444,-0.0981,0.0857,-0.0151
-1.8818,3.1987,6.5146,-0.1159,0.0040,0.0004,-7.3598,-5.4540,-0.3567,-0.0762,0.0055,-0.0734
-2.7869,3.4788,6.1651,-0.2345,0.1379,0.1864,-7.2951,-5.2648,-1.2977,-0.2994,-0.1747,-0.0779
-2.8060,3.2082,6.8785,-0.4170,0.2024,0.3471,-7.3310,-5.8466,-1.0343,-0.4808,-0.2746,-0.1496
-2.7246,3.2633,7.3406,-0.4606,0.0737,0.4723,-7.5274,-5.9831,-0.6991,-0.4369,-0.5153,-0.1222
-2.6839,3.4620,7.2425,-0.5197,0.0326,0.6323,-7.6184,-5.9256,-0.1915,-0.5347,-0.6526,-0.1600
-1.8124,3.2441,7.1946,-0.5510,0.0945,0.7413,-7.4340,-5.8706,0.6321,-0.6684,-0.6650,-0.1423
-1.3599,3.3423,7.9128,-0.5067,0.2364,0.7460,-7.5609,-6.1603,1.4485,-0.6921,-0.5654,-0.0564
-1.7047,3.7206,7.7428,-0.3234,0.0798,0.6710,-7.7955,-6.2369,0.7518,-0.4655,-0.4791,-0.0827
-2.3008,4.1492,7.3119,-0.3071,0.1681,0.8138,-8.2265,-5.8610,-0.3472,-0.6728,-0.6444,0.0815
-1.8651,3.2537,8.4635,-0.4175,0.3702,0.8888,-7.7285,-6.7900,1.1085,-0.8647,-0.6588,0.1415
-1.5562,2.8898,8.4348,-0.2898,0.1163,0.9747,-7.8410,-7.1180,0.5818,-0.7065,-0.6161,0.2173
-1.4629,2.8084,8.1930,-0.2545,0.1272,0.9871,-7.1658,-6.6846,0.9912,-0.6896,-0.9148,0.3142
-1.1827,2.6217,7.7524,-0.2872,0.3066,1.0842,-6.9839,-6.4955,1.2761,-0.9293,-0.7176,0.3445
-0.4812,2.1691,7.9080,-0.2294,0.3503,0.9900,-6.5266,-6.3446,1.9082,-0.8452,-0.7107,0.3436
-0.7254,2.3439,7.6399,-0.1932,0.2651,0.9000,-6.4117,-6.2010,1.5443,-0.7480,-0.5784,0.3040
-0.6345,2.1021,7.1515,-0.1507,0.2875,0.9205,-6.0789,-6.1052,1.4629,-0.7516,-0.6531,0.3702
-0.5674,2.0303,7.1802,-0.1346,0.3142,0.8889,-6.0047,-5.7940,1.3024,-0.7789,-0.5025,0.3533
-0.9529,2.1332,6.9480,-0.1556,0.3034,0.9210,-5.9711,-5.9041,1.0415,-0.7677,-0.6110,0.3469
-1.0439,2.2936,7.2257,-0.1264,0.2755,0.8835,-6.3949,-5.9807,0.9864,-0.7561,-0.4851,0.3352
-0.8140,2.4708,6.8307,-0.1331,0.1856,0.7742,-6.3877,-5.4277,1.1349,-0.6081,-0.5725,0.3130
-0.9625,3.0718,6.5242,-0.1391,0.1299,0.6675,-6.8259,-5.0613,1.0726,-0.5465,-0.4116,0.1951
-0.7590,3.5243,7.0773,-0.1997,0.2864,0.6539,-7.4460,-5.0709,1.2186,-0.6695,-0.3328,0.1383
-0.6321,3.9217,7.9655,-0.2274,0.1891,0.5009,-7.8338,-5.4085,1.7549,-0.4824,-0.3259,0.1018
-0.6584,4.2042,8.0972,-0.1511,-0.0425,0.3467,-8.3725,-5.5498,2.0518,-0.2206,-0.2975,0.0434
-1.1444,4.2784,8.3079,-0.1958,0.0906,0.2426,-8.6957,-5.9927,1.6448,-0.3369,-0.1278,-0.0552
-1.4700,4.1563,9.6774,-0.1162,0.2753,0.1259,-9.3278,-7.3191,2.0614,-0.3665,0.0823,0.0405
-1.8292,4.0701,9.3254,0.1986,0.1132,-0.1259,-9.0860,-6.9384,1.6807,-0.0059,0.2325,0.1703
-1.7669,4.0965,7.4603,0.3473,0.1230,-0.3885,-8.1547,-5.6120,1.1947,0.1128,0.5120,0.1268
-1.5634,3.8882,6.3805,0.3643,0.2650,-0.5546,-7.4891,-4.6855,0.4836,0.1013,0.7083,0.1402
-1.2641,3.6081,6.2441,0.3268,0.1466,-0.7581,-7.0342,-4.3024,0.1676,0.3360,0.8288,0.0095
-1.6568,3.7565,5.8227,0.2876,-0.3059,-1.0098,-7.0868,-3.9744,-0.5124,0.8110,0.7799,-0.2038
-2.4134,4.1013,5.1834,0.0915,-0.3796,-1.0503,-7.1778,-4.1420,-1.2546,0.8035,0.6356,-0.3328
-2.4517,3.9840,5.5713,-0.0584,-0.2021,-1.0116,-7.3047,-4.6160,-0.9457,0.5705,0.6928,-0.3889
-2.3990,3.6536,6.2968,-0.0838,-0.3416,-1.0864,-7.2568,-4.9871,-0.6033,0.7703,0.6342,-0.4846
-2.5977,3.4213,6.5098,-0.0966,-0.4799,-1.1666,-7.1874,-5.4851,-0.6632,0.8911,0.6311,-0.5525
-2.9808,3.3327,6.4739,-0.0707,-0.4517,-1.1839,-7.2377,-5.8873,-0.8356,0.8880,0.6548,-0.5057
-2.8587,3.1675,7.3406,-0.0152,-0.4278,-1.1582,-7.4891,-6.4715,-0.3998,0.8887,0.7353,-0.4803
-2.4972,2.8252,7.8290,0.1014,-0.6127,-1.3082,-7.3933,-6.7253,-0.0359,1.1642,0.7406,-0.4025
-2.8994,3.0191,7.2185,0.1989,-0.7521,-1.3828,-7.2784,-6.5577,-0.3017,1.2658,0.7496,-0.4076
-2.7174,2.9760,7.0318,0.2125,-0.6085,-1.3502,-7.2185,-6.2752,-0.2993,1.1682,0.8817,-0.4041
-2.2027,2.9521,7.1994,0.1617,-0.6622,-1.4374,-7.0773,-5.8442,-0.2035,1.2341,0.8175,-0.4699
-2.5019,3.3591,6.6367,0.1621,-0.6828,-1.4390,-7.8482,-5.8012,-0.5100,1.2958,0.9978,-0.4898
-2.9856,3.5554,6.8115,0.0853,-0.6940,-1.3608,-7.8362,-5.9592,-0.8356,1.2151,0.7713,-0.5228
-2.1428,2.9951,7.8075,0.0268,-0.7581,-1.2536,-7.2640,-6.9288,0.6776,1.1523,0.6150,-0.4297
-0.9194,2.6863,9.1506,0.1656,-0.8304,-1.3595,-7.5250,-7.3191,2.0351,1.3356,0.8480,-0.4001
-0.0694,2.4612,8.5353,0.1717,-0.9958,-1.4045,-6.9671,-6.7373,2.9113,1.4646,0.5709,-0.3924
0.5722,2.5426,8.3414,0.2972,-0.7128,-1.4413,-6.6511,-6.2824,3.3782,1.2586,0.9932,-0.3664
1.0295,2.5546,8.5760,0.2679,-0.4367,-1.4534,-6.6391,-6.1004,3.7709,1.0982,1.0335,-0.3144
1.5060,2.6743,8.5569,0.3639,-0.5372,-1.6505,-6.7564,-5.7772,4.2401,1.2865,1.2637,-0.3457
1.2163,2.8276,7.6710,0.4502,-0.5252,-1.8410,-6.5290,-5.2122,3.2250,1.4043,1.3037,-0.3844
0.6847,2.8323,7.4436,0.3908,-0.4642,-2.0656,-6.2153,-5.1811,2.4373,1.4162,1.5163,-0.4686
-1.4054,3.0119,6.5577,0.4490,-0.6841,-2.1645,-6.7086,-5.6024,0.3448,1.7211,1.5351,-0.5031
-2.3822,4.0654,5.7245,0.4519,-0.8062,-1.9921,-7.3765,-4.6136,-1.3647,1.7337,1.2894,-0.4746
-1.8794,4.5394,6.5793,0.2465,-0.8617,-1.8013,-8.1331,-4.8363,-0.4621,1.5699,1.1099,-0.4543
-1.3384,4.4724,7.4579,0.2421,-1.1359,-1.6378,-8.3199,-5.4253,0.5698,1.7042,0.8255,-0.4338
-0.2346,4.3886,7.7812,0.2160,-1.0796,-1.4945,-8.1834,-5.3439,2.0518,1.5135,0.7155,-0.3401
0.9026,4.1827,8.3582,0.2257,-0.7873,-1.3547,-8.0589,-5.4109,3.3040,1.2464,0.8795,-0.3548
1.8196,4.0654,8.9854,0.2759,-0.6197,-1.3804,-8.0637,-5.5522,4.6926,1.1431,0.8926,-0.2634
1.8004,3.8451,9.1363,0.3555,-0.3592,-1.4715,-7.8578,-5.8419,4.5586,1.0068,1.1467,-0.2431
1.3431,3.2370,9.3182,0.4607,-0.2296,-1.4422,-7.4412,-6.2465,4.1922,0.9454,1.1728,-0.1162
-0.6680,3.1580,6.0262,0.4245,-0.0826,-1.1839,-6.2369,-4.6232,0.7829,0.6939,1.0296,-0.1132
-1.8842,3.4955,7.1802,-0.0040,-0.0761,-0.8684,-7.3741,-5.9209,-0.0215,0.4358,0.6029,-0.2595
-1.5490,3.3830,7.4531,0.0590,-0.1368,-0.7496,-7.5106,-5.8634,0.1053,0.4217,0.5590,-0.2038
-1.6041,3.7158,7.2281,0.0630,-0.1007,-0.6805,-7.5896,-5.6719,0.3735,0.3581,0.4907,-0.1840
-1.6831,3.8858,7.0485,0.0650,-0.0757,-0.5544,-7.6806,-5.4660,0.3184,0.3087,0.4354,-0.1328
-1.6041,3.7733,7.0342,0.0533,-0.0933,-0.5069,-7.7045,-5.4300,0.4956,0.3059,0.4096,-0.1047
-1.7214,3.7828,6.6679,0.0502,-0.2344,-0.4999,-7.4244,-5.1164,0.0144,0.4231,0.2998,-0.1435
-1.7430,3.4836,6.5122,-0.0520,-0.2421,-0.4896,-7.0940,-5.1284,-0.0575,0.4034,0.2530,-0.2142
-1.8938,3.5314,6.7804,-0.1379,-0.2313,-0.4878,-7.3502,-5.4827,-0.1484,0.3745,0.2626,-0.2602
-2.2075,3.3662,7.0413,-0.1394,-0.3164,-0.5251,-7.3981,-5.9017,-0.2753,0.4538,0.1931,-0.2878
-2.4636,3.2920,7.2688,-0.1764,-0.3067,-0.4357,-7.5298,-6.4212,-0.4190,0.3649,0.1276,-0.2410
-2.3056,3.0502,7.6902,-0.1131,-0.2072,-0.3516,-7.3646,-6.6631,-0.0311,0.3046,0.1611,-0.1837
-2.2697,3.0287,7.2999,-0.0461,-0.2053,-0.3040,-7.2113,-6.2920,-0.1125,0.2727,0.1151,-0.1106
-1.9896,2.8850,7.2113,-0.0797,-0.2356,-0.2830,-7.0773,-6.1387,0.2682,0.2509,0.0923,-0.1095
-2.1332,2.8156,7.2640,-0.0986,-0.1919,-0.2786,-7.0605,-6.2872,0.0838,0.2264,0.0871,-0.1276
-2.4157,2.7414,7.2616,-0.1180,-0.0504,-0.1919,-6.9264,-6.5003,-0.2777,0.0935,0.1264,-0.1207
-2.2817,2.6456,7.2568,-0.1548,-0.0381,-0.1331,-7.0437,-6.3805,-0.2777,0.0390,0.0568,-0.1370
-2.1931,2.7438,7.0318,-0.1777,-0.0947,-0.1210,-7.0174,-6.2417,-0.3831,0.0390,-0.0200,-0.1394
-2.3176,2.7198,7.2425,-0.2265,-0.0277,-0.0999,-6.9168,-6.4524,-0.0982,-0.0039,-0.0077,-0.1636
-2.6695,2.9353,7.3167,-0.2406,-0.0981,-0.1150,-7.2951,-6.4955,-0.4908,0.0753,-0.0612,-0.1896
-2.8994,3.1173,7.3670,-0.2771,-0.1303,-0.1014,-7.5729,-6.6774,-0.6776,0.0461,-0.0653,-0.2345
-2.8347,2.9856,7.8841,-0.2882,-0.0268,-0.0476,-7.7213,-7.1323,-0.3543,-0.0677,-0.0472,-0.1925
-2.6264,2.7438,8.0637,-0.1867,-0.0175,-0.1100,-7.5681,-7.0820,-0.0407,-0.0151,0.0218,-0.1398
-2.6408,3.0119,7.5824,-0.1091,-0.0012,-0.1248,-7.4843,-6.7947,-0.3352,-0.0025,0.0755,-0.0797
-2.4756,2.8108,7.4843,-0.0093,0.0554,-0.1407,-7.2042,-6.6224,-0.2298,-0.0169,0.1748,0.0004
-2.4181,2.7318,7.5800,0.0726,0.0342,-0.1896,-7.1682,-6.6272,0.0503,0.0500,0.2441,0.0428
-2.4684,2.7940,7.1922,0.1491,-0.0228,-0.2870,-7.0102,-6.2752,-0.4477,0.1945,0.3064,0.0558
-2.9329,2.9975,6.8331,0.1426,-0.0169,-0.3232,-7.1563,-6.1555,-0.8715,0.1664,0.3086,0.0414
-3.1364,2.8515,7.3047,0.1240,0.0049,-0.3750,-7.2281,-6.9360,-0.9864,0.1559,0.4306,-0.0717
-3.1627,2.9137,7.3526,0.1575,-0.0802,-0.3716,-7.3885,-6.7493,-0.8691,0.2441,0.2836,0.0393
-3.0574,2.8347,7.5585,0.1863,-0.0165,-0.3621,-7.2425,-6.2273,-0.4860,0.2332,0.3880,0.0330
-3.0909,3.0813,7.4412,0.1958,-0.0863,-0.3601,-7.5346,-6.6583,-0.7685,0.2654,0.3535,-0.0286
-2.6815,2.9401,7.2042,0.0997,-0.1584,-0.2430,-7.6926,-6.9121,-0.4956,0.1929,0.2575,0.0132
-2.3224,2.8611,7.4148,0.1094,-0.0644,-0.1684,-7.2353,-6.5553,-0.2873,0.1174,0.1418,0.1155
-1.9704,2.8036,7.1204,0.0722,-0.1065,-0.1540,-6.9121,-6.1435,-0.0910,0.1327,0.0727,0.0954
-1.7693,2.8850,6.8594,0.0620,-0.0256,-0.1680,-6.7971,-5.9233,0.0383,0.0445,0.1955,0.0628
-2.2098,2.9353,6.8857,0.0456,0.0592,-0.1322,-7.0150,-6.0454,-0.3065,-0.0156,0.1751,0.0510
-2.4493,3.1029,6.8857,-0.0028,-0.0233,-0.1312,-7.2425,-6.0980,-0.6297,0.0164,0.0950,0.0384
-2.8299,3.1651,6.7947,-0.0420,0.0605,-0.0544,-7.1994,-6.0501,-0.7590,-0.0954,0.0465,0.0561
-2.6360,3.1915,7.0318,-0.0578,0.0452,0.0749,-7.3239,-5.9544,-0.7015,-0.1228,0.0035,0.0191
-2.4565,3.3782,7.1180,-0.0564,-0.0221,0.0500,-7.6614,-6.1316,-0.0670,-0.1021,-0.0294,0.0510
-2.2625,3.5410,7.1515,-0.0522,-0.0942,0.1126,-7.6160,-5.7461,-0.1915,0.0145,-0.1151,0.0866
-2.0901,3.4548,7.0150,-0.0140,-0.0289,0.1077,-7.3861,-5.6000,-0.2059,-0.0830,-0.0493,0.0683
-1.7933,3.3854,7.1635,-0.1033,-0.0390,0.0905,-7.4436,-5.9304,0.3256,-0.0717,-0.0965,0.0442
-1.7430,3.2705,7.1228,-0.0441,-0.0933,0.0143,-7.2425,-5.5091,0.1987,0.0410,-0.0711,0.0473
-1.8555,3.5291,7.0413,-0.0374,-0.1135,-0.0452,-7.4364,-5.4636,0.0575,0.0484,-0.0029,-0.0015
-2.0303,3.7014,6.8977,-0.0883,-0.1544,-0.0196,-7.6519,-5.5641,-0.0910,0.0847,-0.0485,-0.0481
-2.0207,3.8379,7.0126,-0.0536,-0.1002,-0.0124,-7.8266,-5.6455,0.0527,0.0632,-0.0124,-0.0357
-1.9393,3.7757,7.2329,-0.0390,-0.0205,-0.0525,-7.8099,-5.6838,0.0407,0.0051,0.0380,-0.0208
-2.1452,4.0677,7.2089,0.0027,-0.1230,-0.0617,-8.1451,-5.7652,0.0359,0.1248,0.0525,0.0208
-2.0399,4.0677,6.9815,-0.0135,-0.1274,-0.1069,-7.8865,-5.2864,-0.1293,0.1168,-0.0073,0.0436
-1.9154,4.0438,6.9576,-0.0365,-0.0937,-0.0997,-7.8817,-5.3486,0.2131,0.0698,0.0653,-0.0167
-1.5874,4.0294,6.8809,-0.0468,-0.0923,-0.1252,-7.7357,-5.0733,0.3112,0.0846,0.0707,-0.0641
-1.7262,4.0175,6.8450,-0.0851,-0.0738,-0.1395,-7.7620,-5.2218,0.1724,0.0666,0.0722,-0.0917
-1.6496,3.9935,7.2018,-0.1227,-0.0297,-0.1144,-7.9368,-5.4348,0.3879,-0.0027,0.0777,-0.0777
-1.5538,3.8930,7.3143,-0.1183,-0.0839,-0.0782,-7.7548,-5.5522,0.5866,0.0290,0.0089,-0.0777
-1.5874,3.7517,7.3263,-0.1022,-0.0349,-0.0542,-7.7524,-5.8442,0.5124,-0.0001,0.0485,-0.0721
-2.1524,3.8858,8.0230,-0.0914,0.0161,-0.0930,-8.5665,-6.7469,0.9146,-0.0155,0.1266,-0.1172
-1.7190,3.7326,7.4244,-0.0326,-0.0600,-0.0961,-8.1642,-6.2321,0.2370,0.0356,0.0578,0.0489
-1.9010,3.8092,7.1922,0.0104,0.0044,-0.0870,-7.7476,-5.6671,0.0670,0.0179,0.0835,0.0489
-2.0614,3.9959,7.0102,0.0021,-0.0073,-0.0907,-7.8937,-5.5665,-0.2298,0.0035,0.1045,0.0268
-2.1093,4.0797,6.8091,-0.0270,0.0261,-0.0878,-7.8937,-5.4109,-0.2083,-0.0538,0.0834,0.0131
-1.9225,3.9744,7.0030,-0.0230,0.0365,-0.0633,-7.7931,-5.4324,0.0407,-0.0400,0.0814,0.0758
-1.9680,3.9193,6.8378,-0.0148,-0.0257,-0.0985,-7.6447,-5.2768,-0.0551,0.0157,0.0911,0.0103
-1.9178,3.7996,6.9264,-0.0329,-0.0209,-0.0819,-7.5705,-5.4708,0.0168,0.0203,0.0560,0.0277
-1.9058,3.7421,7.0390,-0.0195,-0.0762,-0.0910,-7.6854,-5.6360,0.1173,0.0608,0.0841,0.0200
-2.0399,3.7110,6.8259,-0.0332,-0.0746,-0.1092,-7.5896,-5.5306,-0.1006,0.0477,0.0456,-0.0135
-2.1141,3.6536,7.1323,-0.0481,-0.0444,-0.0874,-7.7500,-5.8275,-0.0742,0.0017,0.0645,0.0109
-2.0207,3.5841,6.9121,-0.0125,-0.0853,-0.0578,-8.4563,-6.0382,-0.0383,-0.0308,0.1587,0.1577
-2.1452,3.7804,7.1922,-0.0045,-0.0164,-0.0478,-7.4555,-5.4492,-0.1101,0.0105,0.0015,0.0629
-2.0925,3.7733,6.9719,-0.0200,-0.0330,-0.0488,-7.7740,-5.7269,-0.1293,-0.0222,0.0501,0.0488
-1.9872,3.8164,7.0174,-0.0284,-0.0450,-0.0261,-7.7668,-5.5210,0.1053,0.0225,-0.0265,0.0474
-1.9201,3.8906,6.8594,-0.0548,-0.0942,-0.0334,-7.7189,-5.4851,0.1939,0.0232,-0.0177,0.0187
-1.9058,3.8738,6.9073,-0.0385,-0.0514,-0.0618,-7.6160,-5.3319,0.1197,0.0175,0.0329,-0.0141
-2.0183,3.8164,6.9767,-0.0377,-0.0926,-0.0965,-7.7524,-5.4755,0.0383,0.0787,0.0333,-0.0145
-2.0063,3.9289,6.9049,-0.0183,-0.1552,-0.1102,-7.8075,-5.4348,-0.1077,0.1516,0.0425,-0.0081
-2.1668,4.0941,6.6008,-0.0286,-0.1115,-0.0867,-7.7285,-5.2002,-0.4573,0.0898,0.0145,-0.0093
-1.9920,3.9025,7.0030,-0.0938,-0.0282,-0.0574,-7.7835,-5.4492,-0.0359,-0.0185,0.0181,-0.0328
-1.9010,3.9863,6.9360,-0.0456,-0.1332,-0.0640,-7.7859,-5.4348,-0.0431,0.0887,-0.0108,-0.0480
-1.8316,3.9217,7.0916,-0.0706,-0.0681,-0.0521,-7.7596,-5.6431,0.1030,0.0293,0.0120,-0.0270
-1.8675,3.9624,7.0437,-0.0328,-0.1692,-0.0709,-7.9511,-5.5091,0.3017,0.1243,-0.0159,-0.0016
-1.8651,3.9863,6.9360,-0.0228,-0.1390,-0.0801,-7.7812,-5.3822,0.1748,0.0914,0.0215,0.0007
-1.9058,3.9409,7.0581,0.0072,-0.1240,-0.0887,-7.8530,-5.4612,0.0694,0.1172,0.0422,0.0248
-1.7454,4.0055,6.7828,0.0093,-0.1835,-0.1107,-7.6926,-5.1499,0.0335,0.1680,0.0218,0.0169
-1.8603,4.0103,6.6415,-0.0377,-0.1857,-0.1552,-7.7045,-5.1906,-0.0359,0.2016,0.0372,-0.0428
-2.0423,4.1420,6.7301,-0.0485,-0.2461,-0.1346,-7.8673,-5.2481,-0.1365,0.1924,-0.0012,-0.0608
-1.8316,4.2377,6.7708,-0.0594,-0.1422,-0.1625,-8.0756,-5.1260,0.1772,0.1571,0.0782,-0.0649
-1.7645,4.4341,6.9719,-0.0377,-0.1804,-0.2178,-8.2337,-5.1140,0.1891,0.2050,0.1144,-0.0622
-2.1284,4.6998,6.9695,-0.0009,-0.1568,-0.2803,-8.6287,-5.4085,0.3472,0.1871,0.1791,-0.0521
-1.4006,4.6687,7.4531,0.0063,-0.1881,-0.2322,-8.3965,-4.9416,0.0814,0.2523,0.0975,-0.0341
-1.2881,4.8171,6.9719,-0.0113,-0.2627,-0.2089,-8.2337,-4.7836,0.6584,0.2554,0.0598,-0.0473
-0.9074,4.6352,7.0605,0.0096,-0.2553,-0.2582,-8.2265,-4.7788,1.1205,0.3046,0.1159,-0.0461
-0.9577,4.6280,6.9599,0.0550,-0.3148,-0.3392,-8.1523,-4.4796,0.7542,0.4078,0.1450,-0.0829
-1.3168,5.2026,5.4396,-0.0719,-0.1120,-0.2258,-8.2983,-3.9863,-0.7015,0.0795,0.1406,-0.1551
-0.8882,4.3167,6.2201,-0.1919,0.3344,-0.0777,-9.2536,-5.3774,0.0479,-0.3564,0.5284,-0.2918
-0.9864,4.4652,7.6926,-0.1031,-0.0242,-0.2867,-8.5234,-5.4157,0.9673,0.1663,0.1612,-0.1632
-1.0487,4.4221,6.9983,-0.0516,-0.1940,-0.4369,-8.0756,-4.7980,0.5171,0.3072,0.2698,-0.1841
-1.2115,4.6424,6.9336,-0.1042,-0.2126,-0.4820,-8.1427,-4.9464,0.6201,0.3344,0.2522,-0.2434
-1.0558,4.6232,6.9767,-0.0698,-0.2166,-0.5043,-8.1834,-5.0566,0.7901,0.3576,0.3059,-0.1992
-1.0175,4.4843,7.0940,-0.0128,-0.2126,-0.5441,-8.0206,-4.9033,0.8691,0.4022,0.3263,-0.1759
-0.9649,4.5466,7.1132,0.0426,-0.3099,-0.5853,-8.1642,-5.0039,0.9098,0.5153,0.3691,-0.1603
-1.7430,4.6735,6.3949,0.0336,-0.2258,-0.5215,-8.1618,-4.9177,0.0239,0.3733,0.3627,-0.1880
-1.5850,4.6328,7.1850,0.0059,0.1633,-0.3411,-8.3414,-5.6192,0.4501,-0.0217,0.4135,-0.0608
-1.3671,4.4077,7.8099,0.0839,0.0482,-0.3540,-8.3629,-5.6000,0.5148,0.1504,0.3360,0.0031
-1.6113,4.2114,7.3694,0.2098,-0.2575,-0.4559,-8.0637,-5.5210,0.3926,0.4389,0.3096,0.0510
-1.4892,4.0318,6.9025,0.1553,-0.2699,-0.4671,-7.7045,-5.2577,0.3400,0.4391,0.2978,0.0104
-1.3862,3.7445,6.8546,0.1343,-0.3246,-0.4948,-7.4268,-5.2768,0.4429,0.4920,0.2729,-0.0294
-1.0151,3.4620,6.6942,0.0954,-0.3307,-0.5343,-7.0246,-5.0925,0.9960,0.4940,0.2975,-0.0733
-0.7709,2.9161,6.3566,0.0276,-0.3395,-0.7823,-6.4907,-4.8554,1.1061,0.6285,0.4816,-0.2903
-1.5299,2.9928,6.1172,-0.0494,-0.2377,-0.8757,-6.5410,-5.1571,0.2035,0.5518,0.5902,-0.4062
-2.1524,2.7509,7.2042,-0.1510,-0.1398,-0.8620,-6.7588,-6.2944,-0.1389,0.5033,0.6588,-0.4401
-2.4253,2.5379,7.8386,-0.1559,-0.4381,-0.9044,-6.8426,-6.9983,-0.3950,0.7582,0.4125,-0.4652
-2.9449,2.6384,7.4268,-0.1455,-0.4735,-0.7749,-6.9719,-7.1730,-0.7015,0.6687,0.3072,-0.4237
-2.4062,2.7007,7.5393,-0.1366,-0.4286,-0.6069,-6.8785,-7.0581,-0.6369,0.5013,0.3170,-0.3445
-2.3703,2.9544,7.6064,-0.1359,-0.3801,-0.5923,-7.1850,-6.8857,0.0311,0.5231,0.1182,-0.2719
-2.2386,3.1364,7.2736,0.0179,-0.3607,-0.5903,-6.9576,-4.8219,0.4980,0.5959,0.3388,-0.1637
-2.4349,3.6990,6.9121,0.0344,-0.2645,-0.6249,-7.2233,-5.8179,-0.2322,0.4505,0.3471,-0.1865
-2.2314,3.6248,6.9959,-0.0111,-0.2354,-0.5869,-7.3526,-5.7820,0.0168,0.4077,0.3958,-0.1780
-1.5083,3.3375,7.1682,0.0332,-0.3680,-0.6635,-7.1515,-5.7221,0.2825,0.6165,0.3691,-0.1919
-1.6568,3.1125,6.6798,-0.0237,-0.4378,-0.7490,-6.7828,-5.6671,0.0575,0.6472,0.3752,-0.2685
-1.7142,2.8228,6.9552,-0.0584,-0.3777,-0.7417,-6.8738,-6.0238,0.1724,0.6183,0.4247,-0.2998
-1.9489,2.8060,7.1611,-0.0679,-0.4720,-0.7344,-6.8690,-6.3686,0.2610,0.7004,0.3700,-0.3136
-2.1213,2.8730,6.9863,-0.0846,-0.4422,-0.6274,-6.9408,-6.4667,-0.2442,0.6075,0.3067,-0.2815
-1.7693,2.3655,7.5872,-0.0881,-0.2952,-0.5686,-6.7947,-7.0126,0.1796,0.4672,0.3400,-0.2221
-1.7478,2.1045,7.7500,-0.0361,-0.3364,-0.5169,-6.6918,-7.2664,0.1772,0.4918,0.2761,-0.1660
-2.1596,2.1141,7.8985,0.0373,-0.3420,-0.4967,-6.7445,-7.3478,0.1987,0.4947,0.2581,-0.1106
-2.0901,2.2793,7.8171,0.0670,-0.2486,-0.5039,-6.9312,-7.4101,0.0838,0.3882,0.3179,-0.0505
-2.3703,2.3918,7.5010,0.0933,-0.0906,-0.3092,-6.7157,-7.0102,-0.1580,0.1879,0.2687,0.0079
-2.2913,2.2913,7.6567,0.0480,-0.0300,-0.2486,-6.6846,-7.2042,0.0144,0.0915,0.1994,0.0290
-2.4469,2.6504,7.9799,0.1771,-0.0265,-0.1885,-7.1108,-7.0773,-0.4525,0.1356,0.2413,0.0990
-2.9808,3.2010,7.5298,0.1104,-0.0119,0.0410,-7.4723,-7.1587,-0.8715,-0.0400,0.0144,0.2034
-3.1125,3.2633,7.9559,0.1744,-0.0677,0.2216,-7.7716,-7.2616,-1.0127,-0.0510,-0.0762,0.2719
-2.4397,2.9018,7.7452,0.1356,-0.3401,0.3936,-7.1778,-6.7947,-0.3376,0.1059,-0.4554,0.3643
-1.8172,2.9305,7.2185,-0.0089,-0.3363,0.5092,-6.8738,-6.2537,0.4717,-0.0657,-0.5340,0.3036
-0.6081,2.6552,7.4555,-0.0175,-0.0318,0.5474,-6.5338,-5.9999,1.5251,-0.2714,-0.4145,0.2599
0.0982,2.4708,7.7907,-0.0416,0.0119,0.4275,-6.4212,-6.0454,2.1021,-0.2418,-0.3293,0.1935
-0.4645,2.7773,7.0701,-0.0572,0.0715,0.3974,-6.5314,-5.7940,1.8483,-0.3347,-0.2445,0.0722
-0.9768,3.2872,7.1084,-0.0679,0.1777,0.5275,-6.9073,-5.1356,1.0487,-0.3297,-0.3168,-0.1059
-0.5602,3.7206,6.9001,-0.1956,0.1130,0.6010,-7.0485,-5.3989,1.8818,-0.4135,-0.4189,-0.1364
0.8045,3.1436,8.2815,-0.1708,0.1006,0.4934,-7.4939,-6.4332,3.0885,-0.3856,-0.3042,0.1573
0.8380,3.1651,8.2193,-0.0771,-0.1815,0.3369,-6.9456,-5.9496,2.7701,-0.0906,-0.3665,0.1396
0.1820,3.1340,7.8219,-0.0694,-0.0080,0.3944,-6.9025,-6.1148,2.2098,-0.2537,-0.3135,0.1579
-0.1437,2.8970,8.1451,-0.0272,0.0709,0.4301,-6.8211,-6.4117,2.2003,-0.2822,-0.2498,0.2473
-0.6153,3.1651,7.5992,-0.0465,0.0304,0.3973,-6.8714,-6.1675,1.6185,-0.3132,-0.2926,0.1895
-0.8140,3.1316,7.5226,-0.1143,0.3095,0.5339,-6.9623,-6.3063,1.2210,-0.6067,-0.2384,0.2158
-0.5578,3.0813,8.1690,-0.1075,0.2521,0.6259,-7.1180,-6.7133,1.6783,-0.6153,-0.3234,0.2619
-0.0527,3.0526,7.5681,-0.1059,0.2607,0.6308,-6.8690,-5.9113,1.7358,-0.6535,-0.3976,0.3665
-0.1053,3.3351,7.6519,-0.1054,0.3712,0.7025,-6.9743,-5.8035,1.8723,-0.7324,-0.3956,0.3182
-0.0239,3.4429,7.7117,-0.1436,0.4864,0.8022,-7.1275,-5.8323,2.2075,-0.8491,-0.4016,0.2939
0.1867,3.6919,7.8266,-0.0929,0.3663,0.7882,-7.4819,-5.7030,2.3296,-0.7710,-0.5109,0.3014
0.0886,3.9265,7.1778,-0.0509,0.4799,0.8406,-7.3885,-5.1595,1.7310,-0.8567,-0.4125,0.3523
-0.0503,4.0917,7.3334,-0.1436,0.5772,0.9082,-7.6447,-5.2337,1.6257,-0.9534,-0.4505,0.3260
-0.2969,4.1922,7.2257,-0.1510,0.5207,0.8972,-7.5346,-5.0757,1.4030,-0.9293,-0.5135,0.2790
-0.4262,4.0821,7.2544,-0.2403,0.5610,0.9058,-7.7141,-5.3008,1.3216,-0.9926,-0.5095,0.2310
-0.6201,4.1851,7.0102,-0.2537,0.5609,0.9078,-7.5657,-5.1667,1.2522,-0.9975,-0.5107,0.1863
-0.5483,4.1587,7.0940,-0.2980,0.5756,0.9229,-7.6375,-5.1356,1.2186,-1.0329,-0.5225,0.1728
-0.7183,4.3167,7.1826,-0.3281,0.6215,0.9328,-7.7979,-5.3415,1.2067,-1.0778,-0.5353,0.1888
-0.6081,4.3838,6.9528,-0.3283,0.6273,1.0080,-7.7955,-5.0278,1.0319,-1.1182,-0.6011,0.2298
-0.6225,4.5801,6.7157,-0.3517,0.7269,1.1211,-7.7835,-4.8770,1.0606,-1.2692,-0.6400,0.2361
-0.2586,4.2018,7.3502,-0.4137,0.7623,1.1427,-7.5585,-5.3056,1.6424,-1.3193,-0.6997,0.1891
-0.2801,3.9887,7.6950,-0.3495,0.7264,1.1387,-7.7117,-5.7533,1.8675,-1.2638,-0.6366,0.2273
-0.2658,3.8642,7.4531,-0.3272,0.8262,1.1558,-7.4005,-5.5545,1.8244,-1.3394,-0.6367,0.2999
-0.4238,4.0055,7.6758,-0.3517,0.8584,1.1975,-7.6782,-5.7437,1.5443,-1.4360,-0.6438,0.2695
0.1556,3.9624,8.2959,-0.3584,0.8917,1.2582,-7.9033,-6.1004,2.4397,-1.5055,-0.6478,0.3214
0.4046,3.9337,8.5952,-0.2943,0.8029,1.1948,-8.0637,-7.1826,2.9544,-1.5110,-0.6213,0.2686
0.2777,3.8571,7.7835,-0.2121,0.8003,1.1197,-7.8290,-5.7102,2.2649,-1.3551,-0.4755,0.3449
-0.5267,3.6799,7.7620,-0.2606,1.1018,0.9609,-7.1850,-5.0733,1.9992,-1.4614,-0.2446,0.3140
-2.8611,4.4748,5.9807,-0.4591,1.0476,0.7811,-7.7309,-4.7166,-1.8675,-1.3302,-0.2791,-0.0288
-3.5099,4.4652,5.3702,-0.5705,1.0167,0.9722,-7.2688,-4.4987,-2.8683,-1.4895,-0.4888,-0.0737
-3.7206,4.0031,5.2648,-0.8446,1.0160,1.1971,-7.3215,-5.0949,-2.7102,-1.6309,-0.8300,-0.0937
-3.7397,3.2441,6.4835,-0.9310,0.8553,1.2542,-6.3087,-5.5976,-2.1787,-1.4165,-1.0584,-0.0833
-3.3854,2.7150,6.0956,-0.8074,0.2550,1.1654,-6.4620,-5.8730,-1.8675,-0.9232,-1.0579,-0.1263
-3.3447,2.8539,5.5737,-0.9293,-0.1156,1.0211,-6.2560,-5.1906,-1.9249,-0.5769,-1.2582,-0.2944
-2.7102,2.7366,6.5146,-1.1242,-0.0207,1.0777,-6.5912,-6.1244,-1.3072,-0.8625,-1.2043,-0.4129
-1.8890,2.2338,7.7788,-1.0662,0.2222,0.8536,-9.1411,-8.6048,0.8140,-1.0814,-0.8820,0.4497
-1.7166,1.9249,8.1594,-0.9393,0.0596,0.9487,-6.9216,-7.7452,1.2139,-0.8877,-1.1883,-0.1347
-1.7119,1.9034,8.8107,-0.7580,0.3906,0.8735,-7.1299,-7.7045,1.4269,-0.9615,-0.7763,-0.1019
-1.7549,1.5179,8.9519,-0.5934,0.5404,0.7777,-6.7876,-7.9942,0.7973,-1.2309,-0.5351,0.3982
-1.9561,1.5131,8.2528,-0.4991,0.4179,0.6011,-6.2896,-7.1970,-0.1269,-1.0202,-0.8150,0.3882
-2.8539,1.4533,8.0828,-0.4413,0.1059,0.5105,-6.3207,-7.0198,-0.3950,-0.5425,-0.6587,0.2357
-3.1508,1.8651,7.4053,-0.1510,0.1106,0.4744,-6.7086,-6.8570,-1.1827,-0.4310,-0.4892,0.1342
-3.4500,1.8435,6.5577,-0.2988,0.0029,0.5389,-6.2872,-6.2656,-1.2115,-0.2427,-0.6379,-0.0600
-3.0502,1.9585,7.0485,-0.3990,-0.1568,0.6130,-6.4356,-6.5314,-0.2610,-0.2149,-0.6129,-0.0332
-2.6432,2.1284,7.2185,-0.3473,-0.0649,0.6775,-5.7102,-5.7892,-0.3615,-0.2237,-0.7280,-0.0092
-1.8866,1.7980,7.3861,-0.3415,0.1049,0.8752,-6.3853,-6.8953,0.3974,-0.6395,-0.4695,0.0657
-1.3408,1.5275,8.2408,-0.2362,0.2036,0.8176,-6.7804,-7.3502,1.6568,-0.5540,-0.3956,-0.0181
-1.8651,1.8890,8.4970,0.0237,-0.0935,0.5396,-6.5936,-7.2161,1.1995,-0.0821,-0.5233,0.1127
-1.4916,1.9441,7.2042,0.0735,-0.3856,0.3925,-6.5481,-6.6726,0.2729,0.0847,-0.6622,0.2324
-2.1955,2.3703,7.1922,0.1544,-0.1264,0.6034,-6.4141,-6.0837,0.5219,-0.0907,-0.4755,0.1823
-1.4198,2.3655,7.0150,0.1272,-0.0799,0.9915,-6.5769,-6.3183,1.3192,-0.1961,-0.4598,0.0501
-0.7494,2.6169,7.6662,0.1711,0.0993,0.8823,-6.5457,-5.8538,1.3599,-0.2562,-0.4054,0.3130
-0.4980,3.3184,8.3869,-0.0165,-0.2802,0.8228,-6.7109,-5.7509,1.7478,-0.1190,-0.4343,0.4005
-0.7518,2.8156,7.3430,-0.0212,-0.2182,0.5141,-6.7469,-5.5330,1.5754,-0.0557,-0.4704,0.2274
-0.8643,3.3016,7.6806,-0.1837,-0.1491,0.4489,-7.5729,-6.1651,1.3982,-0.1969,-0.2878,0.2554
-1.4389,3.5314,7.1922,-0.0165,0.1135,0.7044,-7.6591,-6.2776,1.3743,-0.3115,-0.0693,0.2037
-1.2354,4.0534,8.3797,0.0048,0.1107,0.6207,-7.4986,-5.9472,0.7877,-0.4485,-0.1073,0.4194
-1.6879,3.9480,7.9679,0.0446,0.1543,0.6813,-8.0493,-5.8969,0.7159,-0.4559,-0.0093,0.2350
-1.2881,3.8738,8.4348,-0.0833,0.0336,0.3356,-8.0206,-5.8754,0.8499,-0.2862,-0.0253,0.2553
-2.0016,4.2090,8.0014,0.1079,-0.3022,0.1375,-8.4491,-6.1100,0.3472,0.1343,-0.1664,0.2325
-1.8842,4.4796,7.5944,0.1046,-0.2683,0.4219,-7.9559,-5.4468,-0.1556,0.0449,-0.0510,0.3124
-1.6161,4.3742,7.0246,0.2427,-0.0536,0.3972,-8.2528,-5.4277,-0.0670,-0.0400,0.1315,0.3480
-1.4629,4.5873,6.3542,0.2974,-0.0201,0.1303,-7.9918,-4.7118,-0.5842,-0.0553,0.0662,0.3128
-1.8411,4.8028,5.9831,0.2931,0.1829,0.0919,-8.0828,-4.6878,-0.6393,-0.2380,0.0833,0.2848
-1.8411,5.0613,6.6487,0.3344,0.5780,-0.2013,-8.3390,-5.1643,-0.7398,-0.3376,0.0049,0.3455
-2.7892,5.1595,6.9671,0.5922,0.8624,-0.1895,-8.3558,-5.0446,-0.8595,-0.6187,-0.1592,0.3920
-2.7940,4.4388,6.5673,0.5003,1.0746,0.5461,-8.0996,-4.9105,-0.1724,-0.7861,0.0309,0.3880
-0.6728,4.1324,7.1970,0.2244,0.4960,0.4531,-8.1355,-4.9273,0.4908,-0.4405,0.0739,0.3949
-1.3671,5.1020,6.6248,0.4932,-0.1066,0.3591,-8.7173,-4.6926,-0.1724,0.1439,0.1304,0.4780
-1.9441,5.3678,5.4851,0.4455,-0.1717,0.0524,-8.6670,-4.1611,-0.6560,0.1549,0.0679,0.4639
-2.2553,5.6599,5.3079,0.3483,-0.0328,0.0047,-8.4659,-3.8283,-0.6057,-0.0305,0.1824,0.3904
-1.9321,5.6288,5.7102,0.2427,0.0525,-0.0302,-8.6862,-3.9480,-0.5794,-0.0064,0.3251,0.2237
-2.3750,5.7868,5.0949,0.1379,-0.1661,0.1071,-8.8825,-3.7685,-1.2977,0.2081,0.2586,0.0897
-2.2745,5.9903,4.7812,0.0774,-0.2392,-0.0735,-9.0190,-3.7182,-1.3431,0.1551,0.1050,0.1322
-1.8076,5.4827,6.0023,-0.4314,-0.1536,-0.0345,-9.9168,-2.3248,-0.3352,0.0628,0.0175,-0.1360
-2.0279,5.4995,6.2584,-0.3231,-0.1128,0.0305,-9.2344,-4.4891,0.0263,-0.0903,-0.0477,-0.2253
-1.7789,5.2888,6.5793,-0.3493,-0.0637,-0.0184,-8.3486,-4.3431,-0.4046,-0.0637,-0.1605,-0.1315
-2.1883,5.4444,6.5649,-0.3396,-0.0552,-0.0822,-8.8538,-4.6495,-0.8021,-0.0442,-0.0489,-0.2966
-2.2146,5.3678,6.7038,-0.3158,0.0504,-0.0203,-9.1171,-5.1332,-0.3926,-0.1499,-0.0456,-0.2004
-2.2601,5.2122,6.5841,-0.1749,0.0348,0.0119,-8.6694,-4.6184,-0.3519,-0.1062,-0.0514,-0.0719
-1.8316,5.4851,6.2920,-0.1102,0.0044,0.1294,-9.8282,-5.1380,-0.0503,-0.1506,0.1198,0.1447
-2.2601,5.0446,6.2321,-0.0965,0.2085,-0.0465,-8.2097,-4.4484,0.0144,-0.2891,-0.0129,0.0249
-2.2577,4.8746,6.9121,-0.1140,0.2499,-0.0468,-8.5042,-5.0589,-0.0575,-0.3840,0.1996,0.1541
-2.1045,5.1284,6.8522,-0.0314,0.1011,0.0947,-8.5521,-4.9033,-0.4429,-0.2943,-0.0667,0.2619
-1.8076,4.6543,6.5745,-0.1243,0.0955,0.1663,-8.4348,-4.8650,0.1341,-0.4274,-0.1613,0.4113
-1.9465,4.5657,6.9911,-0.0558,0.2959,0.0585,-8.5090,-5.0206,-0.0790,-0.4594,0.0999,0.2435
-2.1548,4.5035,6.6870,-0.1196,0.0955,0.1350,-8.4180,-5.3391,-0.2083,-0.3753,-0.2222,0.3211
-1.9561,4.2162,6.6918,-0.0858,0.1247,0.2405,-7.4555,-4.5035,-0.2107,-0.4299,-0.2577,0.4943
-1.7190,3.8235,6.8067,-0.2836,0.1009,0.3155,-7.4388,-4.5610,-0.0766,-0.5208,-0.2455,0.2388
-1.2091,3.4572,6.6511,-0.3616,0.0360,0.4375,-7.2975,-5.5162,0.1963,-0.5624,-0.5259,0.2150
-1.6616,3.3064,6.7708,-0.2755,0.2988,0.3869,-6.8426,-4.8698,0.8188,-0.6273,-0.2631,0.1525
-1.2809,3.0933,7.1539,-0.2787,0.3080,0.3845,-7.3933,-5.2601,0.7135,-0.5680,-0.1420,-0.0273
-1.5586,3.1460,6.6391,-0.2392,0.2382,0.3573,-7.3143,-5.1787,0.2729,-0.4618,-0.2862,-0.0344
-1.7885,3.2968,7.1180,-0.1947,0.2682,0.3495,-7.6423,-5.4947,0.0407,-0.4788,-0.0887,0.0554
-2.1021,3.5267,7.1323,-0.1436,0.1126,0.4482,-7.6447,-5.4133,0.2969,-0.3822,-0.3044,0.1362
-1.7837,3.6320,7.3071,-0.0380,-0.0242,0.4478,-7.8099,-5.1236,-0.0503,-0.2467,-0.1424,0.0025
-1.9178,4.1922,7.3143,-0.1215,-0.1970,0.2992,-8.4539,-4.7573,-0.5124,0.0136,-0.3937,0.0783
-2.3942,4.6448,6.8594,-0.3172,-0.3272,0.2916,-8.5138,-4.4556,-0.7805,0.0278,-0.5248,-0.0873
-2.2194,4.4939,6.6080,-0.5079,-0.1069,0.3750,-8.5162,-4.7309,-0.4477,-0.2761,-0.4950,-0.2140
-2.0494,3.9840,7.4771,-0.5881,0.1779,0.3968,-8.2648,-5.4851,0.3065,-0.5396,-0.4311,-0.1949
-1.8124,3.4548,7.6351,-0.4283,0.3172,0.4108,-8.0182,-5.9568,0.3783,-0.6123,-0.3128,-0.0553
-1.7334,3.2082,7.4340,-0.2928,0.3027,0.3801,-7.6567,-5.6958,0.1269,-0.5489,-0.2703,0.0204
-2.1572,3.4500,7.2544,-0.2633,0.0974,0.3413,-7.8697,-5.7533,-0.0958,-0.3820,-0.2974,0.0620
-2.4325,3.8379,6.8091,-0.2205,0.0622,0.3391,-8.0637,-5.2146,-0.8332,-0.3467,-0.2773,0.1119
-2.3583,4.0270,6.8522,-0.3603,0.0220,0.4557,-8.2097,-4.9321,-0.4597,-0.4000,-0.5104,-0.0056
-1.8364,3.8427,7.0102,-0.3648,0.0978,0.4298,-8.0110,-4.9536,0.0215,-0.4550,-0.3548,-0.0878
-1.6951,3.5745,7.0509,-0.4046,0.0769,0.3721,-7.8410,-5.1020,0.3280,-0.3869,-0.3910,-0.1525
-1.6472,3.4692,7.1180,-0.3513,0.1619,0.2868,-7.8410,-5.2912,0.2729,-0.4141,-0.1860,-0.1613
-1.6712,3.4644,7.3406,-0.3252,0.2246,0.2196,-7.8650,-5.5258,0.4357,-0.3820,-0.1374,-0.1328
-1.7334,3.5051,7.5058,-0.2122,0.2096,0.1102,-7.6854,-5.6431,0.2729,-0.2618,-0.1003,-0.2085
-2.3056,3.7948,7.3598,-0.0689,0.2105,0.0793,-8.2361,-5.7150,0.1221,-0.1978,0.1057,0.0041
-2.4660,3.9049,7.3095,0.0264,0.1460,0.0477,-8.1403,-5.0829,-0.2035,-0.0838,0.1019,0.0124
-2.7174,3.9217,6.8402,-0.0116,0.1603,0.0153,-7.6112,-5.2744,-0.6440,-0.2065,0.0695,-0.0015
-2.8347,3.9217,7.0797,0.0730,0.1669,0.0181,-8.4611,-6.0071,-0.6345,-0.1338,0.1719,-0.0790
-2.8204,3.6799,7.2688,0.2394,-0.0037,0.0009,-8.1163,-5.8419,-1.0223,0.0818,0.1395,0.1560
-2.1859,3.4548,6.7133,0.0470,-0.1801,0.1167,-7.8745,-5.4492,-0.8021,-0.0017,-0.0088,0.1288
-1.6664,3.2082,7.2975,0.0328,0.0005,0.1033,-7.5441,-5.7437,0.4286,-0.0838,-0.0155,0.1633
-1.3288,3.3279,7.6950,0.1540,-0.0285,0.0378,-7.8027,-5.8251,0.5124,-0.0200,0.1424,0.1919
-1.7214,3.8930,7.4891,0.1500,-0.1262,0.0426,-8.0972,-5.3702,-0.1293,0.0835,0.0366,0.1536
-1.5419,4.0701,7.2808,-0.0337,-0.2176,0.1279,-8.2025,-5.0949,0.1772,0.0290,-0.2417,0.1035
-1.3312,3.9025,7.3861,-0.0906,-0.1220,0.1358,-7.9895,-5.1763,0.9242,-0.0472,-0.1576,0.0187
-1.2977,3.6512,7.4388,-0.0941,0.0015,0.0755,-7.9535,-5.4324,0.7853,-0.0810,-0.0926,-0.0242
-0.9625,3.5650,7.0126,-0.0369,-0.0165,0.0199,-8.4994,-6.0621,0.2466,-0.0480,0.0605,-0.0028
-1.5514,3.8044,6.6128,0.0145,-0.0468,0.0497,-7.7812,-5.0111,-0.0311,-0.0211,-0.0789,0.1083
-1.3719,3.8164,6.7349,-0.0851,0.0155,0.1355,-7.7045,-4.9847,0.2059,-0.1748,-0.0837,0.0926
-0.9577,3.9121,6.9097,-0.0448,0.0221,0.1591,-7.7764,-4.7405,0.7278,-0.1792,-0.0935,0.1110
-0.5148,4.0199,6.8857,-0.0899,0.0059,0.1856,-7.9152,-4.6376,1.1109,-0.2014,-0.0941,0.0606
-0.3041,4.2282,6.9432,-0.0532,0.1593,0.1522,-7.9727,-4.4532,1.5347,-0.2758,-0.0179,0.0697
0.1341,4.2425,7.1036,-0.0269,0.1704,-0.0044,-8.0565,-4.1946,1.5443,-0.1865,0.1139,0.0628
-0.2466,4.5179,6.8618,-0.0422,0.0725,-0.0813,-8.1259,-4.2306,1.3551,-0.1011,0.1031,-0.0028
-0.1676,4.4460,6.9767,0.0104,0.1673,-0.0886,-8.1355,-4.2449,1.3910,-0.1199,0.2050,0.0236
-0.5890,4.4388,7.1539,-0.0044,0.0546,-0.0814,-8.5138,-4.8267,1.1756,-0.0533,0.1418,0.0449
-0.3998,4.4197,7.2377,0.0349,0.0422,-0.0258,-8.2217,-4.5633,0.9840,-0.0905,0.0642,0.0899
-0.5411,4.2425,7.5034,-0.0293,0.0354,0.0525,-8.1714,-4.9129,1.3431,-0.1182,-0.0183,0.0690
-0.8045,4.0917,7.5178,0.0131,0.1011,0.0890,-8.0086,-4.9177,1.3599,-0.0993,0.1025,0.0601
-0.8739,4.1132,7.1898,0.0332,0.2272,-0.0910,-8.1211,-5.0254,1.3599,-0.2261,0.1336,0.0413
-1.0367,4.1994,7.2760,0.1471,0.3877,-0.0870,-8.0709,-4.8961,0.5602,-0.2817,0.4179,0.0376
-1.3791,4.4125,7.4005,0.0838,0.2321,-0.1155,-8.1714,-4.7118,0.3160,-0.1892,0.2044,0.0749
-1.1444,4.5059,6.9049,0.1316,0.1888,-0.0290,-7.9368,-4.4221,0.7949,-0.0875,0.1186,0.0957
-0.0886,4.7166,5.8849,0.1455,0.1444,0.0195,-8.5329,-3.9433,0.8092,-0.1204,0.1793,0.1054
-0.5219,4.8219,5.3032,-0.1223,0.1250,-0.1154,-7.5872,-2.5474,-0.3208,-0.0574,0.0360,-0.0835
-1.5299,4.5370,5.4971,-0.4766,0.3319,-0.0254,-7.8075,-3.9145,-0.4788,-0.4173,0.0099,-0.3384
-2.6959,4.4005,6.8259,-0.4267,0.4491,0.0157,-7.6088,-4.1635,-0.4693,-0.4467,0.0260,-0.3124
-4.0677,4.8914,6.3494,-0.4702,0.1911,0.2117,-8.5593,-5.2577,-2.6360,-0.3792,-0.2606,-0.3300
-4.4748,5.0182,6.5314,-0.6246,0.3825,0.4874,-8.8753,-5.6719,-3.3447,-0.7869,-0.3516,-0.2707
-4.4556,4.7022,7.0964,-0.5838,0.3565,0.7619,-8.9759,-6.5050,-2.5211,-0.8232,-0.6379,-0.1041
-4.0534,4.5298,6.9240,-0.4331,0.1677,0.8547,-8.8490,-6.1531,-2.3152,-0.7133,-0.7032,0.0761
-2.8276,4.2545,6.9480,-0.3443,-0.0831,0.9931,-7.8650,-5.2577,-0.7638,-0.5545,-0.9803,0.2124
-0.8356,4.2138,6.9911,-0.3517,0.0901,1.0969,-7.4867,-4.4867,0.6800,-0.8899,-0.6980,0.2813
1.5850,4.3048,7.5274,-0.3047,0.2286,1.4079,-7.9416,-4.7094,2.7629,-1.1527,-0.6979,0.1310
1.2330,3.9648,8.6263,-0.2771,0.4238,0.8988,-8.2193,-4.8818,3.6248,-0.9761,-0.4659,0.1464
0.3184,4.2928,8.6526,-0.2238,0.4716,0.5654,-8.6910,-5.5306,2.6480,-0.7088,-0.2939,0.1342
-1.2115,4.2569,8.1355,-0.0859,0.4375,0.4139,-8.6814,-5.7197,0.7254,-0.5570,-0.1002,0.1495
-2.2290,4.0606,7.2161,-0.0673,0.3918,0.4074,-8.1307,-5.7078,-0.5483,-0.5768,-0.2265,0.2237
-2.7438,3.8858,6.1411,-0.1094,0.6807,0.6063,-7.6495,-5.2361,-1.4389,-0.9747,-0.1514,0.2158
-2.5786,3.5458,6.4284,-0.1998,0.7747,0.8179,-7.2951,-5.4277,-1.1947,-1.1401,-0.3311,0.2431
-1.8268,3.3375,5.8897,-0.3158,0.5516,0.8944,-6.9025,-4.8483,-0.3639,-1.0678,-0.4907,0.1623
-1.7861,3.2394,6.1699,-0.3432,0.6051,0.9567,-6.9360,-5.0757,-0.0910,-1.1133,-0.4373,0.0967
-1.4389,3.2010,6.7229,-0.3445,0.5020,0.8299,-7.0988,-5.1619,0.1173,-0.9174,-0.4792,0.0843
-1.8603,3.6919,6.9599,-0.3200,0.2771,0.6742,-7.8123,-5.1906,-0.2969,-0.6675,-0.4290,0.0390
-2.4325,4.3096,6.5194,-0.3377,0.1772,0.6694,-8.0804,-4.9991,-0.8499,-0.6086,-0.5269,0.0293
-2.3703,4.2713,6.8259,-0.4281,0.2161,0.6971,-8.2696,-5.2648,-0.6464,-0.6687,-0.5367,-0.0117
-2.2793,4.1731,7.2832,-0.4207,0.1442,0.6375,-8.3629,-5.6120,-0.3424,-0.5798,-0.5717,0.0128
-2.4804,4.1300,7.3574,-0.3135,0.1180,0.5753,-8.4132,-5.7916,-0.4238,-0.5450,-0.4730,0.0305
-2.4541,4.1396,7.4603,-0.2666,0.2489,0.5605,-8.5593,-5.8059,-0.3328,-0.6129,-0.3708,0.0417
-2.2721,4.0318,7.4268,-0.2090,0.3262,0.5155,-8.4300,-5.8514,-0.1460,-0.6170,-0.2787,0.0882
-2.4181,4.0677,7.1706,-0.1151,0.2673,0.4199,-8.1427,-5.4995,-0.3879,-0.4473,-0.1855,0.1203
-2.5043,4.1013,6.6391,-0.1220,0.2173,0.2978,-8.0900,-5.0278,-0.9242,-0.3616,-0.1304,0.0446
-2.6432,4.4987,6.5410,-0.1354,0.1007,0.1585,-8.3246,-4.8650,-1.0606,-0.2057,-0.1054,-0.0135
-2.7318,4.6855,6.3805,-0.1696,-0.0301,0.0891,-8.4348,-4.7190,-1.3288,-0.1085,-0.1045,-0.0500
-2.7892,4.7716,6.1794,-0.1771,0.0955,0.0937,-8.3438,-4.8123,-1.1971,-0.2353,-0.0582,-0.0802
-2.5211,4.5203,6.6631,-0.1556,0.1951,0.0409,-8.1882,-4.9392,-0.8380,-0.2406,0.0381,-0.0590
-2.5498,4.2617,6.7062,-0.1150,-0.0256,-0.1160,-8.1451,-5.2361,-0.8906,0.0091,0.0293,-0.0793
-2.6552,4.1013,6.3997,-0.0762,-0.0246,-0.1520,-7.7452,-5.0254,-0.9936,0.0572,0.0807,-0.0333
-2.5091,3.8235,6.2872,-0.0517,-0.0075,-0.2401,-7.5872,-4.9177,-0.9888,0.0959,0.2241,-0.0789
-2.8994,3.8571,6.3853,-0.0033,-0.1088,-0.3348,-7.7524,-5.4588,-1.4222,0.2249,0.2140,-0.0875
-3.3615,3.9217,6.1866,0.0394,-0.1322,-0.3303,-7.7907,-5.5617,-1.7478,0.2220,0.2213,-0.0661
-3.2298,3.6248,6.7133,0.0205,-0.0662,-0.2677,-7.6950,-5.8107,-1.5203,0.1440,0.2114,-0.0297
-2.9401,3.5219,6.8043,0.0663,-0.1827,-0.2904,-7.6998,-5.8035,-1.1875,0.2807,0.1715,-0.0286
-2.8970,3.3974,7.0677,0.1364,-0.2278,-0.3453,-7.2975,-5.5378,-0.6488,0.4723,0.1844,-0.0955
-3.1867,3.5650,6.8259,0.0825,-0.1362,-0.3746,-7.3478,-5.7796,-1.1205,0.2585,0.3545,-0.0205
-2.9999,3.3710,7.4579,0.0859,-0.0653,-0.3479,-7.7668,-6.3494,-0.8188,0.1933,0.4022,-0.0485
-2.6456,3.0454,7.3598,0.0819,-0.1797,-0.3320,-7.5154,-6.5434,-0.5315,0.2721,0.1664,0.0128
-2.8228,3.1101,7.4531,0.1609,-0.0778,-0.3273,-7.6136,-6.7205,-0.8547,0.2149,0.3954,0.0264
-3.1556,3.3734,7.4148,0.1382,-0.1014,-0.2074,-7.9176,-6.6128,-1.3767,0.1771,0.1793,0.1050
-3.0957,3.5123,7.3957,0.0614,-0.2244,-0.0230,-7.8051,-6.3782,-1.3120,0.1420,-0.0381,0.1512
-2.8754,3.3902,7.4723,0.0390,-0.2872,0.1054,-7.5992,-6.3566,-1.0558,0.1677,-0.2145,0.1632
-2.5355,3.2537,6.6631,-0.1021,-0.2858,0.2170,-7.3023,-5.7030,-0.6153,0.0494,-0.3532,0.0838
-2.2027,3.1029,6.9049,-0.2233,-0.0790,0.1896,-7.0964,-5.6575,-0.5794,-0.1019,-0.2194,-0.0861
-2.0566,3.0358,6.7947,-0.3841,-0.0533,0.2649,-7.2616,-5.9352,-0.3879,-0.2599,-0.3537,-0.1508
-1.8962,3.2034,7.6231,-0.3556,0.1635,0.3324,-7.5872,-6.2345,0.1796,-0.4337,-0.2092,-0.1394
-1.7573,3.4764,7.9080,-0.2631,0.1318,0.4057,-8.0182,-6.5529,0.4429,-0.4237,-0.3347,0.0119
-1.2115,3.6871,7.6782,-0.0982,0.2178,0.4559,-7.8602,-5.8778,0.8835,-0.4916,-0.2401,0.1691
-0.7254,3.8331,7.0437,-0.0064,0.1837,0.4703,-7.6303,-5.0901,0.9361,-0.4475,-0.2517,0.2701
-0.5028,3.7469,6.8498,-0.0121,0.2915,0.3584,-7.4795,-4.6136,0.9577,-0.4519,-0.0991,0.2088
-1.0127,4.2593,6.5194,-0.0207,0.1583,0.2593,-7.9368,-4.4341,0.2945,-0.2863,-0.1091,0.1320
-1.5945,4.7214,6.4979,-0.0557,0.0662,0.2761,-8.2552,-4.6256,-0.1293,-0.2494,-0.1640,0.1302
-1.5562,4.9632,6.7564,-0.0746,-0.0091,0.3969,-8.5162,-4.6543,-0.3950,-0.2558,-0.2746,0.1824
-1.1708,4.5753,7.0653,-0.1675,-0.0814,0.4948,-8.2313,-4.7597,0.5602,-0.2747,-0.4839,0.1715
-0.7973,4.2521,7.1850,-0.2090,0.0501,0.5097,-8.1211,-5.1499,1.1253,-0.4202,-0.3968,0.1061
-0.6488,4.1037,7.6327,-0.0998,0.2373,0.4211,-8.0613,-5.1595,1.4078,-0.4507,-0.2069,0.1218
-0.8092,4.3359,7.3454,-0.0485,0.1155,0.2643,-8.2863,-4.9584,0.9074,-0.2717,-0.1262,0.1030
-0.9912,4.6519,6.8642,-0.0189,0.1002,0.2372,-8.2456,-4.3503,0.2849,-0.2451,-0.1170,0.0970
-1.0894,5.1499,6.4859,-0.0280,0.1661,0.2978,-8.7077,-4.5179,0.3328,-0.3613,-0.1291,0.2033
-1.0056,4.9871,6.4260,0.0610,0.1587,0.2827,-8.3989,-3.9433,0.0766,-0.2779,-0.0694,0.2354
-1.2737,5.0661,5.8730,-0.0119,0.0361,0.2543,-8.1211,-3.6488,-0.2562,-0.2293,-0.1799,0.1637
-1.5179,5.0015,6.1651,-0.1328,0.1743,0.2533,-8.2456,-3.9744,-0.3663,-0.3356,-0.0909,0.0377
-1.5945,4.8578,6.2680,-0.2362,0.0606,0.2050,-8.2576,-4.1563,-0.3328,-0.2234,-0.2356,-0.0622
-1.9537,4.9440,6.4428,-0.3034,-0.0199,0.2044,-8.4563,-4.4652,-0.6393,-0.1973,-0.2473,-0.1259
-2.1045,4.8028,6.3446,-0.4026,0.1053,0.2470,-8.2863,-4.7094,-0.5435,-0.3427,-0.2967,-0.1985
-2.0614,4.7142,7.0701,-0.3810,0.2144,0.3079,-8.7484,-5.4851,-0.3591,-0.4639,-0.2170,-0.1030
-1.8435,4.4245,7.1275,-0.2858,0.1990,0.2904,-8.2815,-5.0925,-0.1149,-0.3926,-0.2301,-0.0524
-1.9585,4.6831,6.5912,-0.2357,0.0702,0.2770,-8.2768,-4.8028,-0.4405,-0.3084,-0.3020,-0.0222
-1.7957,4.7860,6.4572,-0.2022,0.1909,0.3317,-8.2911,-4.6232,-0.2227,-0.4386,-0.1576,0.0262
-1.5419,4.7764,6.7229,-0.1735,0.1825,0.2918,-8.3797,-4.5681,-0.0982,-0.3762,-0.1917,0.0211
-1.5467,4.7740,6.5553,-0.1392,0.1867,0.2719,-8.4132,-4.5346,-0.1460,-0.3493,-0.1107,0.0438
-1.8675,4.7285,6.5050,-0.1575,0.2126,0.2236,-8.4946,-4.7908,-0.4836,-0.3896,-0.1003,0.0067
-2.0710,4.7046,6.5386,-0.1144,0.3107,0.2749,-8.3103,-4.8746,-0.5267,-0.4824,-0.0649,0.0464
-2.0279,4.5633,6.8187,-0.1607,0.3485,0.2944,-8.5593,-5.2792,-0.3184,-0.5385,-0.0472,0.0441
-2.2027,4.6495,6.8953,-0.0878,0.3844,0.2629,-8.5066,-5.1739,-0.5315,-0.5341,-0.0149,0.0521
-2.1380,4.8650,6.9911,-0.0469,0.3464,0.2269,-8.6215,-4.9943,-0.4142,-0.4800,0.0111,0.0648
-2.5283,5.1715,6.8905,0.1112,0.1176,0.2762,-8.8035,-4.7573,-0.5195,-0.3258,-0.0193,0.2417
-1.9537,5.3367,7.3430,0.0209,0.3826,0.1599,-9.1674,-4.8387,-0.2921,-0.4246,0.2337,0.1207
-2.4421,5.5306,7.6926,0.0738,0.0193,0.0418,-9.6151,-5.3486,-0.6321,0.0309,-0.0278,0.1442
-1.8268,4.6855,6.1124,0.2647,-0.3785,0.1322,-9.6678,-6.1986,-1.3910,0.2292,0.2786,-0.5886
-2.5235,5.2241,5.5450,0.0248,-0.3649,0.0941,-8.9040,-4.3239,-1.1779,0.0986,-0.1663,0.0469
-1.6400,4.5801,5.7174,-0.2782,0.0879,0.2721,-7.6998,-4.1563,-0.0096,-0.3721,-0.2449,-0.0175
-1.1756,4.0199,6.2058,-0.3195,0.3184,0.2533,-7.4460,-4.6088,0.5363,-0.5165,-0.1311,-0.1713
-0.7685,3.6296,5.9568,-0.4706,0.2678,0.2073,-7.0174,-4.2234,0.4764,-0.4582,-0.2470,-0.2629
-1.7334,3.6344,6.4787,-0.5481,-0.0390,0.0095,-7.3741,-5.0398,0.3065,-0.1224,-0.4245,-0.2407
-1.8268,3.5626,7.1156,-0.4247,-0.0132,-0.0743,-7.4316,-5.8586,0.3591,-0.1005,-0.0797,-0.2587
-1.8483,3.3136,6.8235,-0.1736,-0.1611,-0.1892,-7.0653,-5.4157,0.0718,0.2258,-0.0111,-0.2130
-2.0518,3.4261,6.3327,-0.1078,-0.3561,-0.2204,-7.2999,-5.4085,-0.4764,0.3348,0.0215,-0.1402
-1.5490,3.3351,6.7804,-0.0653,-0.2245,-0.2521,-7.1898,-5.4133,0.2179,0.3075,0.1223,-0.0731
-1.4653,3.4141,7.2305,0.0534,-0.5265,-0.3641,-7.4843,-5.6048,0.3855,0.6382,0.0722,-0.0557
-1.3695,3.9217,6.9671,0.1364,-0.6831,-0.4443,-7.8147,-5.0518,0.0934,0.7974,0.1653,-0.0286
-1.4102,4.5873,6.8881,0.0077,-0.6366,-0.4972,-8.4013,-4.9201,0.1700,0.7465,0.1179,-0.1116
-0.8260,4.6160,7.2353,-0.0718,-0.6463,-0.7186,-8.4515,-4.7333,0.9002,0.8501,0.1921,-0.2986
-0.7829,4.4628,7.4460,-0.1440,-0.5125,-0.8126,-8.3103,-4.9392,1.2977,0.7521,0.3348,-0.3809
-0.5339,4.1396,7.8650,-0.1302,-0.3905,-0.9615,-8.2720,-5.4827,1.6448,0.7938,0.5237,-0.4219
-0.6297,3.8571,8.1211,-0.0654,-0.4715,-1.1818,-8.0278,-5.7293,1.3886,0.9465,0.6242,-0.4293
-0.8978,3.7541,7.7500,0.0222,-0.5716,-1.2863,-7.8841,-5.7868,1.2713,1.1053,0.7053,-0.4295
-0.7781,3.5267,7.5633,0.0683,-0.5961,-1.3430,-7.6638,-5.8347,1.2689,1.1303,0.7981,-0.4094
-0.8811,3.5626,7.6638,0.2341,-0.6018,-1.4105,-7.6399,-5.9113,1.1325,1.2466,0.8964,-0.3072
-0.6991,3.2825,7.1491,0.2268,-0.7413,-1.4465,-7.0294,-5.3870,1.2474,1.3368,0.8467,-0.3340
-1.0223,3.1532,7.3430,0.2527,-0.7619,-1.5680,-7.1060,-5.7676,0.9625,1.4325,0.9565,-0.3473
-1.1756,3.2202,7.5034,0.3308,-0.7713,-1.6220,-7.3382,-5.9041,0.9290,1.5082,1.0692,-0.3308
-0.9960,3.3136,7.2353,0.3206,-0.8489,-1.6703,-7.3287,-5.6958,0.7207,1.5663,1.0067,-0.3513
-0.9649,3.2944,7.2808,0.2999,-0.8751,-1.6818,-7.2305,-5.6192,0.8763,1.5747,0.9879,-0.3544
-0.9242,3.2944,7.2018,0.2477,-0.8462,-1.6442,-7.0820,-5.5330,0.8691,1.5124,0.9425,-0.3631
-0.7590,3.2226,6.9168,0.1378,-0.7618,-1.5236,-6.9240,-5.4564,1.3072,1.3606,0.7925,-0.3830
-0.2969,2.9616,7.5274,0.1447,-0.5564,-1.4406,-7.0342,-6.0693,2.0111,1.1089,0.9542,-0.4066
0.3448,2.3559,8.5162,0.2405,-0.5107,-1.4727,-6.8857,-6.6152,2.9090,1.1654,1.0231,-0.3556
0.4645,2.3104,8.9112,0.3537,-0.6472,-1.5940,-6.9552,-6.9025,2.8443,1.3917,1.0944,-0.2654
-0.0766,2.3080,8.3175,0.4101,-0.8087,-1.6086,-6.8091,-6.6272,2.1476,1.5380,1.0024,-0.2526
-0.3232,2.5570,7.6974,0.4102,-0.7605,-1.5288,-6.6798,-6.0430,1.5682,1.4182,0.9662,-0.2298
-0.5746,2.7509,7.4531,0.3535,-0.6670,-1.3947,-6.7588,-5.8826,1.3072,1.2806,0.9009,-0.2030
-0.9864,3.1508,6.8378,0.3336,-0.7585,-1.2085,-6.9983,-5.4133,0.4190,1.2592,0.7321,-0.1787
-1.0104,3.5123,6.6248,0.2328,-0.7007,-1.0256,-7.0030,-5.0637,0.4860,1.0700,0.5660,-0.1527
-0.6177,3.6847,6.6966,0.1467,-0.5829,-0.8596,-7.3287,-5.0206,0.8356,0.9124,0.4590,-0.1553
-0.4788,4.0175,7.0006,0.1332,-0.5581,-0.7277,-7.7333,-4.9416,0.7877,0.8067,0.3961,-0.1527
-0.5411,4.2569,7.1132,0.0823,-0.5573,-0.5942,-7.9464,-5.1547,1.0942,0.7048,0.2683,-0.1190
-0.6345,4.1228,7.5872,0.0803,-0.4485,-0.5995,-8.3007,-5.5833,0.9840,0.6360,0.3579,-0.1392
-1.4365,4.5777,8.2672,0.1616,-0.5806,-0.6070,-9.0261,-5.9783,0.5626,0.8087,0.2988,-0.0441
-1.6233,5.1236,7.6567,0.1131,-0.6784,-0.5441,-9.2129,-5.2146,0.3831,0.8110,0.1855,-0.0725
-1.2977,5.5881,7.3694,0.0628,-0.5359,-0.5387,-9.3446,-4.8219,0.6225,0.6587,0.2108,-0.1371
-1.2210,5.5641,7.2425,-0.0001,-0.2703,-0.4879,-9.2057,-4.8794,0.8068,0.3813,0.2858,-0.1322
-0.0311,4.9991,6.9456,0.0906,-0.1467,-0.5581,-9.7037,-5.9185,1.3384,0.2863,0.6197,-0.2876
-0.3903,4.9081,6.9240,0.1398,-0.0661,-0.6125,-8.4060,-4.8267,1.4940,0.4294,0.3704,-0.0782
-0.6177,4.8028,6.6966,0.2148,0.0024,-0.7202,-8.4084,-4.7764,0.9697,0.4249,0.5123,-0.1005
-0.6488,4.8459,6.3853,0.2970,-0.1556,-0.5910,-7.8219,-4.0941,0.7757,0.4491,0.5127,0.0971
-0.6201,4.7453,6.0501,0.2767,-0.0846,-0.5373,-7.6303,-3.9672,0.3208,0.2725,0.5700,0.0877
-0.5746,4.5298,6.4428,0.2445,0.0071,-0.4794,-7.8362,-4.4772,0.7470,0.2202,0.5035,0.1018
-0.8499,4.6400,6.5649,0.2952,-0.1427,-0.4823,-8.1116,-4.3981,0.2490,0.3135,0.5244,0.1314
-1.2163,4.9632,6.2944,0.1916,-0.2162,-0.5020,-8.2791,-4.3048,-0.1963,0.4154,0.3456,0.0654
-1.4485,5.2313,6.4452,0.1607,-0.2445,-0.4371,-8.5090,-4.4532,-0.1700,0.3858,0.3485,0.0624
-1.5538,5.4564,6.1172,0.0886,-0.1444,-0.3624,-8.1690,-3.6679,-0.7470,0.2638,0.2781,0.0246
-1.2785,5.3343,6.2728,-0.0099,-0.0802,-0.3070,-8.4108,-3.8618,-0.1245,0.1235,0.2553,-0.0875
-0.9912,5.3510,6.1866,-0.1247,-0.1584,-0.3107,-8.5712,-3.9313,0.0886,0.1899,0.1143,-0.1735
-1.0247,5.2672,6.0885,-0.1949,-0.1027,-0.2499,-8.1930,-3.8547,0.1676,0.1525,0.0542,-0.1958
-0.8595,5.2050,6.3039,-0.2722,-0.0937,-0.2321,-8.3222,-3.7828,0.1269,0.1356,0.0597,-0.3051
-0.7614,5.0757,6.0980,-0.4130,-0.2086,-0.2184,-8.2097,-3.8666,0.3041,0.1476,-0.1142,-0.3636
-0.6057,4.7860,6.3829,-0.5127,-0.0473,-0.1239,-7.9368,-4.1468,0.7063,-0.0517,-0.1046,-0.4247
-0.5315,4.5873,7.0797,-0.4980,0.0328,-0.0961,-8.1211,-4.8937,1.1492,-0.1298,-0.0697,-0.4016
-0.4453,4.2258,7.6088,-0.3993,0.0031,-0.1643,-7.9583,-5.1044,1.4078,-0.0168,0.0137,-0.3680
-0.3567,4.1755,7.6016,-0.4582,-0.1533,-0.2442,-8.1451,-5.3558,1.5897,0.1130,-0.0650,-0.4073
-0.9026,4.3383,7.8554,-0.3090,-0.0730,-0.3152,-8.5976,-6.0094,1.3240,0.1644,0.1559,-0.3277
-1.1612,4.5083,6.8905,-0.2266,0.0097,-0.1997,-8.0445,-4.9823,0.0239,-0.0505,0.0135,-0.2034
-1.5036,4.0965,6.5529,-0.3836,0.5510,-0.0266,-7.5872,-4.9344,-0.1796,-0.5601,0.1969,-0.2884
-1.2426,3.2441,7.6567,-0.5187,0.4040,-0.0815,-7.4962,-6.0334,0.4070,-0.3628,0.0079,-0.3248
-1.5802,2.9257,8.2408,-0.2856,-0.2066,-0.3094,-7.2640,-6.6128,0.6201,0.2765,0.0103,-0.3027
-1.8148,2.4325,7.8626,0.0861,-0.0462,-0.0983,-6.7469,-6.9168,0.5890,0.0634,0.1346,0.0652
-2.1404,2.2913,7.9104,0.1256,-0.0326,-0.1021,-6.9073,-7.2808,0.1820,0.0490,0.1498,0.1023
-2.5714,2.4780,7.5633,0.1268,0.0891,-0.0151,-6.9767,-7.0940,-0.4046,-0.0855,0.1447,0.1535
-2.8084,2.9760,7.5010,0.0706,0.1078,0.1260,-7.3717,-6.9288,-0.7709,-0.2058,-0.0087,0.1608
-2.7988,3.2489,7.5250,0.0242,0.2030,0.3019,-7.3789,-6.6487,-0.9744,-0.3829,-0.0497,0.1518
-2.8443,3.5434,8.1044,0.0127,0.2870,0.4105,-6.2177,-4.4748,0.1772,-0.0861,-0.4835,0.2197
-2.3750,3.3519,7.5705,0.0063,0.1912,0.4807,-7.2042,-6.3183,0.1844,-0.5498,-0.0127,0.1430
-1.8220,3.3423,7.2520,0.1148,0.2495,0.4934,-7.3526,-6.0597,0.2753,-0.5108,-0.2025,0.3485
-1.4030,3.2896,7.1730,0.0737,0.3003,0.5007,-7.1251,-5.8107,0.5507,-0.5718,-0.1046,0.3349
-1.6640,3.3758,7.1156,0.0847,0.3675,0.4509,-7.2449,-5.7676,0.0934,-0.5532,-0.1053,0.2888
-1.9178,3.6440,6.7038,0.0685,0.3107,0.3890,-7.3502,-5.5354,-0.2945,-0.4879,-0.1231,0.2530
-1.6352,3.8451,6.3207,-0.0204,0.3320,0.3922,-7.3813,-5.0087,-0.3519,-0.5152,-0.1374,0.1793
-1.9465,4.0438,6.2872,-0.1450,0.3411,0.3820,-7.5537,-4.9775,-0.5722,-0.5328,-0.2008,0.0675
-1.7262,4.3359,6.2944,-0.1873,0.2585,0.4120,-7.8051,-5.1284,-0.5411,-0.5069,-0.2499,0.0576
-1.9417,4.3479,6.1603,-0.2168,0.2102,0.4401,-7.7381,-4.7525,-0.5459,-0.4772,-0.2763,0.0606
-1.8459,4.4628,6.6822,-0.2987,0.0869,0.4309,-7.9440,-4.9344,-0.3591,-0.3644,-0.3777,-0.0155
-1.7669,4.5657,6.4308,-0.3391,-0.0344,0.4421,-8.0613,-4.9368,-0.3041,-0.2970,-0.4940,-0.0225
-1.4844,4.3862,6.7014,-0.3472,0.1631,0.4872,-7.9966,-5.1284,0.1556,-0.4855,-0.4157,0.0172
-1.3815,4.4005,7.1251,-0.2570,0.1075,0.4375,-8.1020,-5.2505,0.1939,-0.3700,-0.3608,0.0314
-1.6688,4.5993,6.6343,-0.2254,0.0264,0.4100,-8.0541,-4.9656,-0.3639,-0.3150,-0.3567,0.0230
-1.9369,4.5993,6.9384,-0.2078,0.1160,0.4077,-8.2576,-5.4133,-0.2346,-0.3547,-0.3520,0.0754
-1.7621,4.6160,7.0246,-0.1047,0.0293,0.4217,-8.2337,-5.1834,-0.0766,-0.2819,-0.3210,0.1708
-1.4413,4.7094,6.7732,-0.0898,-0.1086,0.3813,-8.3486,-4.8483,0.0359,-0.1988,-0.3416,0.1496
-0.8906,5.0135,6.8187,-0.0713,-0.0641,0.3293,-8.3773,-4.3359,0.5076,-0.1940,-0.2455,0.1407
-0.6153,5.0637,6.6870,-0.1432,-0.0959,0.2575,-8.4755,-4.2425,0.8859,-0.1223,-0.2926,0.0777
-0.5028,5.1356,6.7445,-0.0977,-0.0569,0.1448,-8.5210,-4.3215,0.9744,-0.0825,-0.1222,0.0496
-0.2897,4.9752,7.0294,-0.0841,-0.0476,0.0512,-8.4036,-4.5059,1.1588,-0.0438,-0.0549,0.0364
-0.2634,4.7094,7.1706,-0.0357,-0.1186,-0.0915,-8.2720,-4.4149,1.2785,0.1059,0.0497,0.0031
-0.5052,4.9464,6.9959,0.0358,-0.2230,-0.2212,-8.3797,-4.5250,0.8068,0.2645,0.0946,-0.0123
-0.9050,4.8459,6.6942,0.0133,-0.1803,-0.2238,-8.3677,-4.5610,0.5842,0.2056,0.1647,-0.0209
-0.7614,4.7022,7.0629,0.0264,-0.1468,-0.2433,-8.2600,-4.8842,0.9936,0.2189,0.1531,-0.0105
-0.8619,4.6615,6.8139,0.0542,-0.1395,-0.2771,-7.9799,-4.7309,0.6823,0.1945,0.1685,0.0047
-0.9792,4.4963,6.9887,0.0357,0.0049,-0.2256,-8.0541,-4.9129,0.6105,0.0402,0.2177,0.0005
-0.8428,4.3431,7.1515,0.0119,0.0065,-0.1653,-7.9847,-5.0757,0.8475,0.0370,0.2020,-0.0160
-0.8428,4.1731,6.9719,0.0466,0.0264,-0.1719,-7.8362,-5.0518,0.6560,0.0161,0.2338,-0.0047
-0.5435,4.1731,6.9336,-0.0133,0.0592,-0.1460,-7.7979,-4.8746,0.8978,-0.0294,0.1731,-0.0071
-0.5387,4.1348,7.1898,-0.0325,0.0473,-0.2455,-7.8961,-5.1739,1.2186,0.0641,0.2534,-0.0352
-0.6345,4.2473,7.0078,0.0470,-0.1717,-0.3116,-7.7093,-4.7860,0.7590,0.2918,0.1733,-0.0095
-1.2929,4.4388,6.5601,-0.0426,-0.1100,-0.3649,-7.9392,-4.8507,0.2370,0.1940,0.2511,-0.1315
-1.4772,4.4245,6.9480,-0.1266,-0.0342,-0.3138,-8.0038,-5.1619,0.0527,0.1432,0.1557,-0.1908
-1.0008,4.1515,7.2018,-0.1383,-0.2065,-0.2356,-7.8338,-5.3223,0.1293,0.2411,0.0669,-0.1535
-1.5682,4.2329,7.0437,-0.0653,-0.1484,-0.1815,-7.9176,-5.5186,-0.2634,0.0730,0.1099,-0.1082
-1.4437,4.1132,7.0988,-0.0529,-0.0568,-0.0574,-7.9990,-5.6407,0.1939,-0.0253,0.0833,-0.0300
-1.1349,4.0247,7.2832,-0.0498,0.0172,-0.0045,-7.9679,-5.7676,0.6416,-0.1346,0.0233,0.0456
-0.8523,3.7876,7.3670,-0.0095,0.1609,0.0783,-7.5513,-5.6575,0.9744,-0.2493,0.0241,0.1219
-0.7614,3.6440,7.7524,0.0340,0.2105,0.0809,-7.6758,-5.9400,1.2019,-0.2726,0.1259,0.1236
-1.0223,3.6919,7.6447,0.0837,0.1953,0.0617,-7.6303,-5.9352,1.0918,-0.2157,0.0938,0.1856
-0.9218,3.8307,7.4915,0.2097,0.1692,-0.0035,-7.6471,-5.4755,0.8667,-0.1184,0.1990,0.2302
-0.9577,4.0941,6.7780,0.1992,0.0310,-0.0870,-7.5920,-4.7453,0.5004,0.0349,0.1836,0.1875
-1.2115,4.5274,6.3087,0.1527,-0.0665,-0.1669,-7.8075,-4.3742,0.0599,0.1488,0.1811,0.1005
-1.3288,4.8770,6.1220,0.0809,-0.0317,-0.1962,-8.0828,-4.2353,-0.3615,0.0731,0.1986,0.0204
-1.4461,4.9871,6.1387,0.0179,-0.0444,-0.1857,-8.2097,-4.2018,-0.3496,0.1074,0.1156,0.0031
-1.7142,5.2601,6.2058,-0.0513,-0.1359,-0.1875,-8.5258,-4.0845,-0.7709,0.1916,0.0679,-0.0850
-2.0662,5.4923,5.9233,-0.1768,-0.1447,-0.0775,-8.7676,-4.4436,-1.0702,0.0738,-0.1013,-0.1259
-1.8507,5.3510,6.3662,-0.1784,0.0356,0.0197,-8.4946,-4.6807,-0.2658,-0.1319,-0.0270,-0.0269
-1.4365,5.0637,6.9432,-0.1011,-0.1635,-0.0645,-8.6119,-4.7405,0.1891,0.0974,-0.0717,-0.0071
-1.2210,4.9440,6.7540,-0.0751,-0.2092,-0.0939,-8.2265,-4.4891,0.3639,0.1561,-0.0226,-0.0305
-1.1516,4.9416,6.6032,-0.0847,-0.1511,-0.1394,-8.3821,-4.6280,0.1580,0.0993,0.0068,-0.0336
-1.1085,4.7716,6.8211,-0.0601,-0.0342,-0.1356,-8.2217,-4.7980,0.4022,0.0147,0.1380,-0.0215
-1.1684,4.5993,6.9743,-0.0782,0.0045,-0.1564,-8.0972,-4.9081,0.4046,0.0324,0.0949,-0.0630
-1.2450,4.4197,7.0246,-0.0690,-0.0552,-0.1897,-7.9224,-5.0637,0.4238,0.0906,0.1206,-0.0785
-1.4461,4.4029,7.0222,-0.0278,-0.0977,-0.1773,-8.0852,-5.2744,0.0407,0.1148,0.0785,-0.0402
-1.5467,4.2952,6.7301,-0.0336,-0.0209,-0.0753,-7.9631,-5.1547,-0.1077,-0.0217,0.0762,-0.0116
-1.5419,4.1803,6.7995,-0.0413,0.0829,0.0020,-7.6710,-5.2098,0.2274,-0.1263,0.0100,0.0317
-1.3336,3.9456,6.9097,-0.0266,0.0109,-0.0004,-7.5800,-5.0829,0.4070,-0.0394,0.0652,0.0458
-1.4126,4.3934,6.4955,-0.0005,-0.1721,-0.0516,-7.7692,-4.6926,0.0120,0.1031,-0.0250,0.0306
-1.4796,4.4772,6.3782,-0.0877,-0.0317,-0.0132,-7.8338,-4.6471,-0.2131,-0.0593,0.0362,-0.0332
-1.3743,4.5442,6.9695,-0.1483,-0.0348,-0.0057,-8.2576,-5.1571,0.4262,-0.0396,-0.0317,-0.0544
-1.3886,4.7333,6.9240,-0.0819,-0.1154,-0.0550,-8.2839,-5.0613,0.2586,0.0542,0.0043,-0.0320
-1.4533,4.6759,6.7516,-0.0726,-0.0560,-0.0416,-8.2839,-4.9895,0.1867,0.0073,0.0135,-0.0160
-1.4796,4.8578,7.0916,-0.0681,-0.0301,-0.0406,-8.5234,-5.1523,0.0910,-0.0195,0.0238,-0.0079
-1.4461,5.0877,7.1443,-0.0001,-0.0711,-0.0516,-8.6742,-5.0206,0.2682,0.0473,0.0449,0.0310
-1.2689,4.9728,7.0150,0.0473,-0.1192,-0.0600,-8.5617,-4.7836,0.4357,0.0847,0.0521,0.0986
-1.1109,4.9943,6.7493,0.0550,-0.1091,-0.1147,-8.4491,-4.5322,0.3400,0.0890,0.0970,0.0634
-0.9337,4.8914,6.6726,0.0514,-0.0253,-0.1416,-8.1666,-4.5777,0.5219,0.0413,0.1568,0.0382
-0.9337,4.7285,6.6032,0.0584,-0.0782,-0.2146,-7.9679,-4.4341,0.4741,0.1432,0.1732,0.0284
-1.2091,4.7262,6.4165,0.0336,-0.0874,-0.2272,-8.0517,-4.6064,0.0479,0.1322,0.1829,-0.0041
-1.3862,4.6807,6.4835,0.0149,-0.0911,-0.2185,-8.1235,-4.5801,-0.0694,0.1411,0.1600,-0.0278
-1.3408,4.6400,6.5218,-0.0172,-0.0867,-0.1913,-8.0445,-4.7501,-0.0263,0.1246,0.1427,-0.0234
-1.3647,4.5226,6.5362,-0.0337,-0.1219,-0.1893,-7.9895,-4.8195,-0.0407,0.1332,0.0462,-0.0218
-1.5012,4.6184,6.6319,-0.0312,-0.1236,-0.1559,-8.0972,-4.9392,-0.0527,0.1155,0.0811,-0.0217
-1.5490,4.7118,6.6679,-0.0337,-0.1171,-0.0949,-8.1403,-4.8698,-0.1077,0.0945,0.0117,-0.0053
-1.2378,4.6017,6.6774,-0.0622,-0.0983,-0.0703,-8.0349,-4.8890,0.1820,0.0604,0.0384,-0.0222
-1.2977,4.7669,6.7684,-0.0314,-0.1114,-0.0774,-8.2145,-4.8363,0.2035,0.0966,0.0204,0.0061
-1.1851,4.7740,6.5721,-0.0546,-0.1096,-0.0632,-8.2169,-4.7166,0.1460,0.0614,0.0187,-0.0127
-1.1779,4.6448,6.6798,-0.0412,-0.0941,-0.0649,-8.1618,-4.7692,0.1915,0.0666,0.0209,-0.0064
-1.3479,4.7405,6.9815,-0.0646,-0.0977,-0.0629,-8.3845,-5.0996,0.2993,0.0252,0.0546,-0.0201
-1.1899,4.6424,7.0054,-0.0111,-0.0254,-0.0705,-8.1283,-4.9225,0.3879,0.0249,0.0630,0.0049
-1.3695,4.7285,6.5146,-0.0628,-0.0722,-0.0721,-8.0541,-4.6663,-0.1484,0.0360,0.0136,-0.0426
-1.4102,4.7118,6.5697,-0.1428,0.0004,0.0320,-8.0541,-4.9153,-0.1101,-0.0878,-0.0520,-0.0442
-1.1971,4.5753,7.0150,-0.0659,-0.0092,-0.0009,-8.2289,-5.2026,0.3567,-0.0521,-0.0087,0.0172
-1.4078,4.6615,6.9097,-0.0665,-0.0693,-0.0084,-8.0541,-4.7501,0.1963,-0.0249,-0.0476,0.0258
-1.1133,4.4772,6.6415,-0.0665,-0.0432,0.0274,-8.1427,-4.8626,0.2538,-0.0945,-0.0318,0.0248
-1.1349,4.6495,6.8594,-0.0413,-0.0100,0.0723,-8.1211,-4.9871,0.3400,-0.0795,-0.0021,0.0434
-1.2210,4.7764,6.6008,-0.0382,-0.0557,0.0402,-8.2193,-4.7764,0.2035,-0.0436,-0.0390,0.0604
-1.2306,4.7645,6.6152,-0.0529,0.0233,0.0560,-8.1977,-4.7788,0.2538,-0.0918,-0.0163,0.0454
-1.0534,4.7525,6.6176,-0.0578,0.0033,0.0380,-8.1954,-4.6328,0.1867,-0.0935,-0.0230,0.0245
-1.1851,4.9560,6.5434,-0.0942,0.0147,0.0600,-8.2552,-4.6064,0.1508,-0.1156,-0.0516,0.0222
-1.1372,4.9225,6.7229,-0.0765,0.0338,0.0606,-8.3294,-4.5083,0.3424,-0.1204,-0.0312,0.0195
-1.1899,4.9416,6.7205,-0.1038,0.0434,0.0644,-8.4180,-4.7932,0.2610,-0.1479,-0.0334,0.0128
-1.0534,4.8914,6.8833,-0.0709,0.0590,0.0666,-8.4300,-4.7908,0.4429,-0.1556,-0.0272,0.0422
-0.9816,4.8985,6.9049,-0.0220,0.0622,0.0505,-8.3127,-4.7788,0.4836,-0.1203,0.0434,0.0596
-1.0558,4.9967,6.6391,0.0081,0.0316,-0.0088,-8.3462,-4.5346,0.4022,-0.0678,0.0418,0.0723
-1.0582,4.9823,6.4835,-0.0175,0.0573,-0.0248,-8.2720,-4.3407,0.1269,-0.0778,0.0834,0.0405
-1.1085,5.0925,6.3375,-0.0546,-0.0125,-0.0534,-8.2720,-4.2282,-0.0694,-0.0093,0.0205,-0.0049
-1.2570,5.0159,6.3351,-0.1003,-0.0156,-0.0457,-8.3366,-4.4604,-0.1963,-0.0394,0.0244,-0.0156
-1.2498,4.8722,6.4021,-0.1035,0.0011,-0.0437,-8.1738,-4.5203,-0.0383,-0.0297,0.0153,-0.0342
-1.4006,4.9512,6.6367,-0.1138,-0.0568,-0.0422,-8.2887,-4.7501,-0.1053,-0.0051,-0.0121,-0.0468
-1.4317,4.9273,6.6295,-0.0973,-0.0401,-0.0306,-8.3175,-4.6208,-0.0742,-0.0228,-0.0309,-0.0356
-1.2833,4.8961,6.6798,-0.0967,-0.0470,0.0041,-8.2121,-4.5657,0.0646,-0.0171,-0.0500,-0.0157
-1.1301,4.7860,6.5266,-0.1069,-0.0552,0.0033,-8.2145,-4.6735,0.2562,-0.0191,-0.0408,-0.0165
-1.1564,4.8483,6.7373,-0.0606,-0.0698,-0.0362,-8.1834,-4.4987,0.3687,0.0272,-0.0104,0.0057
-1.2737,4.9177,6.5625,-0.0982,-0.0962,-0.0326,-8.1092,-4.4221,0.3065,0.0301,-0.0318,-0.0095
-1.1133,4.8339,6.7038,-0.0649,-0.0540,-0.0425,-8.3007,-4.5394,0.2514,0.0111,0.0510,-0.0152
-1.1516,4.8914,6.5984,-0.1292,-0.0667,-0.0485,-8.2815,-4.6160,0.1820,0.0124,-0.0378,-0.0358
-1.0391,4.7764,6.7205,-0.1255,-0.0502,-0.0767,-8.2672,-4.8866,0.3232,-0.0149,0.0105,-0.0735
-1.0558,4.7166,6.8929,-0.0689,-0.0636,-0.0657,-8.2696,-4.7597,0.2705,0.0080,0.0131,-0.0196
-1.1205,4.7812,6.7086,-0.0317,-0.0445,-0.0325,-8.2001,-4.7309,0.4166,-0.0045,0.0297,0.0462
-1.0965,4.6998,6.6846,-0.0494,0.0212,-0.0498,-8.1403,-4.5849,0.3065,-0.0302,0.0891,-0.0059
-1.1037,4.8219,6.5793,-0.0620,-0.0693,-0.0674,-8.2815,-4.6160,0.0670,0.0288,0.0093,-0.0296
-1.1875,4.8794,6.6726,-0.0913,-0.0434,-0.0714,-8.2193,-4.6208,0.2035,-0.0310,0.0282,-0.0421
-1.1492,4.8315,6.6966,-0.1055,0.0084,-0.0517,-8.2768,-4.7333,0.4357,-0.0305,0.0240,-0.0550
-1.1588,4.8890,6.6655,-0.1065,-0.0469,-0.0665,-8.3342,-4.7381,0.2801,0.0112,0.0265,-0.0585
-1.2953,4.7692,6.8738,-0.1116,0.0109,-0.0464,-8.3079,-4.8985,0.1987,-0.0505,0.0220,-0.0474
-1.2785,4.7860,6.9791,-0.0730,-0.0041,-0.0169,-8.2193,-4.9943,0.0551,-0.0472,0.0044,-0.0187
-1.1420,4.7525,6.7445,-0.0778,-0.0181,0.0025,-8.1570,-4.7836,0.2035,-0.0757,-0.0073,-0.0137
-1.0151,4.6878,6.7277,-0.0569,0.0381,-0.0089,-8.2169,-4.7980,0.5291,-0.0871,0.0245,0.0028
-1.2809,4.7788,6.6583,-0.0798,0.0160,0.0021,-8.2169,-4.6519,0.2011,-0.0758,0.0091,-0.0218
-1.2594,4.7956,6.5697,-0.0476,0.0385,0.0063,-8.1642,-4.5921,0.0742,-0.0770,0.0274,-0.0051
-1.3743,4.9105,6.4500,-0.0742,0.0151,0.0115,-8.1930,-4.5753,-0.0215,-0.0604,0.0011,0.0049
-1.3024,4.8554,6.3758,-0.1018,0.0056,-0.0131,-8.0637,-4.4532,-0.0431,-0.0683,-0.0195,-0.0196
-1.2402,4.8698,6.6343,-0.1146,-0.0060,0.0044,-8.2408,-4.7764,0.2490,-0.0827,-0.0116,-0.0068
-1.1995,4.7740,6.8115,-0.0733,-0.0025,-0.0048,-8.2480,-4.7501,0.2346,-0.0502,-0.0081,0.0153
-1.3671,4.9129,6.8761,-0.0484,-0.0151,0.0207,-8.3414,-4.8722,0.1867,-0.0506,-0.0137,0.0525
-1.3240,4.8961,6.6798,-0.0254,-0.0153,0.0250,-8.3318,-4.7381,0.0551,-0.0498,0.0159,0.0332
-1.2163,4.9512,6.5817,-0.0278,-0.0187,0.0211,-8.3151,-4.5490,0.1389,-0.0429,-0.0101,0.0485
-1.1013,4.9488,6.5170,-0.0528,-0.0195,0.0157,-8.1882,-4.2976,0.1006,-0.0576,0.0020,0.0081
-1.1277,5.0015,6.4428,-0.0659,-0.0171,-0.0067,-8.2097,-4.4029,0.2107,-0.0412,0.0127,-0.0176
-1.2115,4.9129,6.4979,-0.1033,-0.0602,-0.0300,-8.2025,-4.3958,0.3089,0.0039,0.0061,-0.0560
-1.1756,4.9823,6.3398,-0.1335,-0.0346,-0.0045,-8.3007,-4.5250,0.0862,-0.0244,0.0004,-0.0862
-1.1803,4.7788,6.6918,-0.1184,-0.0144,-0.0342,-8.2265,-4.7357,0.2586,-0.0216,0.0269,-0.0617
-1.1588,4.6759,6.7109,-0.1003,-0.0709,-0.0650,-8.2887,-4.7788,0.1724,0.0212,0.0262,-0.0405
-1.3216,4.8554,6.6966,-0.0637,-0.0739,-0.0797,-8.1618,-4.7573,-0.0263,0.0272,0.0141,-0.0207
-1.3096,4.7166,6.7900,-0.1079,-0.0364,-0.0741,-8.2839,-4.9728,0.1580,-0.0321,0.0261,-0.0276
-1.2905,4.6639,6.8690,-0.0713,-0.0313,-0.0737,-8.3749,-5.0518,0.3807,-0.0127,0.0245,0.0005
-1.1923,4.8530,6.8881,-0.0292,-0.0325,-0.0384,-8.2624,-4.7980,0.1532,-0.0148,0.0262,0.0252
-1.1061,4.7716,6.6104,-0.0589,-0.0020,-0.0157,-8.2384,-4.6591,0.2131,-0.0569,0.0105,0.0215
-1.1372,4.7788,6.8953,-0.0402,0.0127,-0.0553,-8.2863,-4.8004,0.2227,-0.0289,0.0802,0.0160
-1.1564,4.9153,6.5625,-0.0229,-0.0600,-0.0465,-8.1163,-4.4532,0.0479,0.0128,0.0055,0.0344
-1.1157,4.7549,6.3590,-0.0955,-0.0346,-0.0160,-7.9727,-4.3646,0.1365,-0.0332,0.0149,-0.0356
-1.1947,4.7501,6.5721,-0.1155,-0.0207,-0.0449,-8.2097,-4.6639,0.1460,-0.0129,0.0163,-0.0726
-1.3192,4.7621,6.4212,-0.1266,-0.0674,-0.0715,-8.2504,-4.7381,0.1508,0.0155,-0.0087,-0.0733
-1.3216,4.7716,6.6702,-0.1074,-0.0493,-0.0497,-8.3199,-4.8698,0.0718,0.0024,0.0007,-0.0454
-1.2594,4.7884,6.9073,-0.0946,-0.0340,-0.0408,-8.2337,-5.0135,0.3328,-0.0241,-0.0021,-0.0230
-1.2019,4.6783,6.9935,-0.0544,-0.0342,-0.0338,-8.2337,-4.9728,0.5507,-0.0065,0.0137,0.0220
-1.2402,4.8411,6.6966,-0.0028,-0.0397,-0.0240,-8.2480,-4.8411,0.1939,0.0037,0.0410,0.0300
-1.2306,4.8746,6.6583,0.0052,-0.0100,-0.0236,-8.3462,-4.7740,0.1772,-0.0276,0.0408,0.0478
-1.2594,4.9632,6.8139,0.0277,-0.0288,-0.0393,-8.3725,-4.7405,0.1532,0.0079,0.0815,0.0763
-1.0798,4.9440,6.5098,0.0346,-0.0554,-0.0533,-8.2576,-4.4173,0.0886,0.0163,0.0493,0.0827
-1.1492,4.9416,6.5697,-0.0032,-0.0171,-0.0650,-8.3079,-4.6184,0.3280,-0.0187,0.0537,0.0482
-1.0942,4.8411,6.5314,0.0040,-0.0220,-0.0717,-8.2025,-4.5442,0.2298,0.0084,0.1062,0.0089
-1.1708,4.7836,6.6846,-0.0169,-0.0296,-0.0887,-8.1786,-4.6855,0.1676,0.0096,0.0560,0.0212
-1.4054,4.9009,6.6032,-0.0345,-0.0041,-0.0737,-8.3510,-4.8171,0.0048,-0.0095,0.0554,0.0117
-1.3120,4.8770,6.5673,-0.0261,0.0009,-0.0642,-8.3031,-4.7429,0.0383,-0.0302,0.0524,0.0088
-1.2330,4.7405,6.6846,-0.0480,-0.0288,-0.0112,-8.2121,-4.7932,0.1867,-0.0425,0.0133,0.0301
-1.1444,4.8315,6.6391,-0.0252,-0.0059,-0.0072,-8.3318,-4.8076,0.2035,-0.0505,0.0449,0.0313
-1.2809,5.0039,6.5074,-0.0336,0.0217,-0.0105,-8.3462,-4.5633,0.0455,-0.0548,0.0286,0.0135
-1.3336,4.9009,6.6032,-0.0753,0.0457,-0.0033,-8.2887,-4.5705,0.0838,-0.1021,0.0147,-0.0065
-1.2354,4.8459,6.5817,-0.1107,0.0624,0.0233,-8.2361,-4.7573,0.1389,-0.1278,0.0125,-0.0250
-1.2258,4.8291,6.6439,-0.0632,-0.0007,0.0037,-8.2863,-4.7836,0.1700,-0.0706,-0.0140,0.0064
-1.2186,5.0039,6.4021,-0.0537,0.0238,0.0103,-8.2169,-4.3958,-0.0838,-0.0813,-0.0072,0.0277
-1.3048,5.0326,6.2944,-0.0790,0.0079,0.0123,-8.2552,-4.4269,-0.0622,-0.0779,-0.0300,0.0145
-1.2641,4.8507,6.3470,-0.1026,-0.0246,0.0409,-8.2337,-4.4987,0.0096,-0.0738,-0.0498,-0.0008
-1.1133,4.9344,6.6415,-0.1057,-0.0394,0.0416,-8.2672,-4.5418,0.1724,-0.0502,-0.0582,-0.0116
-1.1708,4.9177,6.6750,-0.0926,-0.0318,0.0109,-8.3342,-4.5586,0.1077,-0.0405,-0.0163,-0.0076
-1.4317,5.0494,6.5960,-0.0901,-0.0598,0.0071,-8.4180,-4.6112,0.0622,-0.0266,-0.0584,-0.0123
-1.2522,5.0470,6.5362,-0.1039,-0.0232,0.0077,-8.4755,-4.6926,0.0599,-0.0630,-0.0221,-0.0204
-1.2091,4.9704,6.8187,-0.1002,-0.0256,0.0037,-8.4180,-4.6495,0.3089,-0.0477,-0.0536,-0.0085
-1.2833,5.0470,6.6439,-0.0949,-0.0027,0.0124,-8.4084,-4.7788,0.3041,-0.0693,-0.0149,-0.0149
-1.1851,4.9129,6.7277,-0.0429,0.0081,0.0168,-8.3582,-4.6256,0.2634,-0.0646,0.0286,0.0294
-1.1851,4.9871,6.7325,-0.0562,-0.0084,-0.0137,-8.3151,-4.6495,0.1891,-0.0360,0.0465,-0.0065
-1.1636,4.9919,6.3638,-0.0600,0.0191,-0.0356,-8.2911,-4.4939,0.0072,-0.0393,0.0083,-0.0055
-1.2689,4.9991,6.5936,-0.0582,-0.0069,-0.0332,-8.2983,-4.5394,0.0431,-0.0264,0.0196,0.0177
-1.2809,5.0613,6.5290,-0.0578,-0.0220,-0.0461,-8.2097,-4.3694,-0.0431,-0.0144,0.0482,-0.0164
-1.2402,4.8985,6.4260,-0.1115,-0.0262,-0.0354,-8.1954,-4.4796,-0.1460,-0.0361,-0.0258,-0.0394
-1.2761,4.9704,6.6008,-0.0861,-0.0120,-0.0083,-8.2959,-4.6902,0.0838,-0.0461,0.0096,-0.0133
-1.1372,4.8674,6.6942,-0.0763,-0.0500,-0.0402,-8.3797,-4.6783,0.1844,-0.0229,0.0281,-0.0101
-1.2929,4.9392,6.6319,-0.0566,-0.0076,-0.0220,-8.2911,-4.6232,0.0599,-0.0477,0.0252,0.0000
-1.0774,4.8866,6.7157,-0.0562,-0.0360,-0.0418,-8.3318,-4.6902,0.3472,-0.0177,0.0069,0.0325
-1.2474,5.1116,6.6343,-0.0205,-0.0432,-0.0494,-8.4443,-4.5370,0.0766,-0.0048,0.0433,0.0213
-1.2186,4.9488,6.5218,-0.0634,0.0277,0.0059,-8.2384,-4.6831,0.3376,-0.1031,0.0076,0.0489
-1.1085,4.7525,6.6990,-0.0081,0.0153,-0.0297,-8.2169,-4.6424,0.3304,-0.0237,0.0990,0.0334
-1.4796,4.9392,5.9735,-0.0698,-0.0842,-0.0534,-8.4611,-4.4293,-0.5746,-0.0770,0.0350,0.0179
-1.6592,5.0039,6.9097,-0.1537,0.1160,0.0401,-8.2361,-4.7573,-0.1437,-0.1655,-0.0638,-0.0462
-1.1492,4.6687,6.8977,-0.0806,-0.0385,0.0125,-8.3031,-4.8195,0.1293,-0.0445,-0.0422,-0.0222
-1.3120,5.0206,6.5745,-0.0763,0.0016,0.0392,-8.3079,-4.6184,0.0766,-0.0817,-0.0549,0.0012
-1.1372,4.9273,6.6583,-0.0845,0.0514,0.0751,-8.3821,-4.6471,0.1676,-0.1352,-0.0273,0.0081
-1.0942,4.7980,6.5649,-0.0557,0.0115,0.0598,-8.2025,-4.5849,0.3926,-0.0753,-0.0441,0.0453
-1.2019,4.9799,6.4763,-0.0388,-0.0032,0.0460,-8.2959,-4.3814,0.1221,-0.0618,-0.0049,0.0344
-1.1708,5.0111,6.4380,-0.0462,0.0161,0.0521,-8.2073,-4.3000,-0.0335,-0.0922,-0.0055,0.0289
-1.2210,5.0206,6.4739,-0.0667,-0.0008,0.0207,-8.3869,-4.5179,0.0072,-0.0675,0.0103,0.0140
-1.1995,5.0877,6.6535,-0.0654,-0.0420,0.0294,-8.4922,-4.5945,-0.0144,-0.0542,-0.0731,0.0292
-1.1756,5.0302,6.6415,-0.0481,-0.0119,0.0246,-8.3893,-4.4748,0.1484,-0.0464,-0.0075,0.0361
-1.1947,5.0661,6.4883,-0.0790,-0.0517,-0.0135,-8.4300,-4.3359,0.0000,-0.0176,-0.0262,-0.0119
-1.3503,4.9656,6.6607,-0.1043,-0.0377,-0.0292,-8.3055,-4.6807,0.0575,-0.0064,-0.0180,-0.0220
-1.1372,5.0422,6.0573,-0.0742,-0.1632,-0.0577,-8.1092,-4.0725,-0.2251,0.1110,-0.0304,-0.0257
-0.9625,4.9129,6.2153,-0.0959,-0.2166,-0.1195,-8.1547,-4.1037,0.0287,0.1884,-0.0013,-0.0621
-1.0223,4.9919,6.1172,-0.1455,-0.2606,-0.1355,-8.2648,-4.3072,0.1772,0.2040,-0.0493,-0.0830
-0.6201,4.8028,6.5194,-0.1535,-0.2268,-0.1731,-8.0709,-4.3622,0.5219,0.1839,0.0047,-0.1192
-0.8571,4.6926,6.4524,-0.1681,-0.2118,-0.1827,-7.9966,-4.4365,0.3950,0.1728,0.0001,-0.1613
-0.9050,4.6878,6.6535,-0.2065,-0.0709,-0.1404,-8.1882,-4.7980,0.6584,0.0424,0.0662,-0.1755
-0.7183,4.7740,6.9552,-0.1378,-0.0430,-0.0995,-8.2265,-4.8387,0.6512,0.0201,0.0052,-0.1041
-0.6249,4.7621,6.9647,-0.1652,-0.0835,-0.0361,-8.2624,-4.7980,0.6871,-0.0064,-0.0624,-0.0713
-0.7039,4.5586,6.9432,-0.1773,-0.0215,0.0573,-8.1475,-4.9704,0.9409,-0.1027,-0.1262,-0.0290
-0.6991,4.3551,7.3694,-0.1407,0.0330,0.0830,-8.1690,-5.3582,1.1732,-0.1122,-0.0522,-0.0083
-0.9960,4.5681,7.1563,-0.0598,-0.0576,0.0218,-8.2768,-5.1595,0.5052,-0.0140,-0.0437,0.0097
-1.3384,4.8674,6.9456,-0.0657,0.0047,0.0143,-8.3869,-4.9584,0.0479,-0.0955,-0.0097,0.0013
-1.3168,4.8890,6.8307,-0.0854,0.0508,0.1438,-8.4635,-5.0374,0.1724,-0.1887,-0.1114,0.0617
-1.1803,4.8746,6.9839,-0.0630,0.1384,0.2200,-8.4036,-5.0135,0.2658,-0.2882,-0.0861,0.0967
-0.9457,4.7166,6.7588,-0.0585,0.1386,0.2935,-8.1116,-4.7956,0.5363,-0.3192,-0.2042,0.1567
-0.8308,4.7262,6.8259,-0.0596,0.1551,0.3440,-8.1116,-4.8267,0.5698,-0.3738,-0.1629,0.1380
-0.7542,4.7309,6.7804,-0.0674,0.2105,0.3937,-8.1547,-4.8195,0.6991,-0.4269,-0.1932,0.1591
-0.5578,4.6424,6.6966,-0.1071,0.1932,0.4057,-7.9392,-4.4317,0.7494,-0.4157,-0.2505,0.1354
-0.6225,4.8291,6.5721,-0.1448,0.2471,0.3772,-8.1858,-4.4987,0.6273,-0.4772,-0.1921,0.0821
-0.8571,4.9201,6.7564,-0.1448,0.2462,0.3848,-8.3845,-4.5394,0.6225,-0.4394,-0.2036,0.0839
-1.0798,5.1427,6.5529,-0.1250,0.2097,0.3543,-8.3869,-4.4796,0.1796,-0.4254,-0.1765,0.0667
-1.0104,5.0685,6.5960,-0.1764,0.3074,0.3774,-8.4803,-4.5945,0.3759,-0.5303,-0.2049,0.0678
-0.8045,5.0302,6.9432,-0.1029,0.2661,0.3379,-8.4659,-4.6783,0.6369,-0.4515,-0.1416,0.0899
-0.8236,5.1499,6.4260,-0.0813,0.1756,0.3409,-8.3989,-4.2234,0.5124,-0.3838,-0.1888,0.1218
-1.3336,5.4372,7.1467,-0.0867,0.2348,0.2948,-7.8386,-3.7733,0.8475,-0.3623,-0.2883,0.1011
-0.4597,5.3271,6.2130,-0.0885,0.1504,0.2599,-8.4994,-3.9361,0.4214,-0.3171,-0.1027,0.0634
-0.4166,5.2361,6.5434,-0.1458,0.1655,0.2064,-8.3486,-3.9456,1.1301,-0.2954,-0.1130,0.0504
-0.2729,5.4229,6.3303,0.0081,-0.0699,0.0569,-8.4300,-3.5506,0.9266,0.0256,-0.0368,0.0549
-0.3304,5.9376,5.7102,0.0466,-0.2494,-0.0931,-8.6167,-3.0382,0.3184,0.2141,0.0232,0.0485
-0.5339,6.4739,5.3056,-0.0326,-0.2346,-0.0827,-8.8873,-2.7629,-0.2107,0.1895,-0.0272,0.0141
-0.3663,6.2896,5.3989,-0.2253,-0.0895,0.0172,-8.7819,-2.8276,0.0958,-0.0727,-0.1288,-0.0514
-0.2753,5.7293,6.0932,-0.2606,0.0926,0.0785,-8.5186,-3.4524,0.7302,-0.2549,-0.1144,-0.1092
-0.5195,5.2002,6.5793,-0.3496,0.2978,0.0648,-8.3629,-4.2521,0.9553,-0.4266,0.0305,-0.2202
-0.4860,4.5394,7.6375,-0.3297,0.3407,0.0242,-8.3510,-5.3008,1.3024,-0.3714,0.0330,-0.2058
-0.5291,4.3886,8.1618,-0.1572,0.0212,-0.1132,-8.4228,-5.5330,1.4724,0.0067,0.0747,-0.1255
-0.7446,5.1188,6.7421,0.0028,-0.2206,-0.1784,-8.5497,-4.4436,0.5507,0.1920,0.0309,-0.0536
-0.5531,5.5952,6.1076,-0.0562,0.0417,-0.0950,-8.5497,-3.6631,0.5555,-0.0602,0.1218,-0.0232
-0.2442,5.4875,6.2082,-0.1371,0.0505,-0.1499,-8.4132,-3.4668,0.7470,-0.0316,0.1094,-0.1214
-0.3424,5.5162,6.2273,-0.1704,-0.1037,-0.2176,-8.4252,-3.3399,0.7398,0.1320,0.0727,-0.1800
-0.3639,5.3702,6.0118,-0.2505,-0.1248,-0.2836,-8.3318,-3.6751,0.7087,0.1208,0.0687,-0.2401
-0.5171,5.0613,6.6655,-0.2526,-0.0281,-0.3305,-8.2696,-4.3144,0.8547,0.0882,0.1804,-0.2902
-1.0008,5.0757,6.8211,-0.1944,-0.0352,-0.3353,-8.4276,-4.5777,0.5100,0.1172,0.1759,-0.2657
-1.0199,5.2337,6.9025,-0.1613,-0.0125,-0.2874,-8.5856,-4.8602,0.5267,0.0690,0.1889,-0.1743
-1.0199,5.2457,7.1036,-0.0655,-0.0533,-0.2389,-8.7819,-4.9967,0.4286,0.0933,0.1780,-0.0893
-0.8930,5.1763,7.1658,0.0842,-0.0779,-0.2098,-8.7460,-4.9488,0.7111,0.1360,0.1953,0.0550
-1.0223,5.3103,6.9168,0.1705,-0.1403,-0.2116,-8.6526,-4.6160,0.1101,0.2012,0.1855,0.1208
-1.2354,4.8123,6.2130,0.1085,0.0069,-0.1077,-7.9487,-4.4843,-0.1772,-0.0025,0.1267,0.1282
-1.1803,3.8499,6.3327,-0.0087,0.1844,0.0528,-7.3598,-5.0996,0.3041,-0.2550,0.0301,0.1176
-0.9792,3.3974,7.3047,0.0524,0.1583,-0.0164,-7.4148,-5.6982,0.9697,-0.1787,0.1772,0.1058
-1.3216,3.5506,7.3215,0.1777,-0.0618,-0.2056,-7.3861,-5.6767,0.5243,0.1873,0.2022,0.1222
-1.8220,3.7254,6.9911,0.2105,-0.2801,-0.2578,-7.4124,-5.6910,-0.1341,0.3884,0.2080,0.1532
-1.9465,3.8954,6.6200,0.2154,-0.2471,-0.2638,-7.4891,-5.4372,-0.4980,0.3392,0.2078,0.1235
-1.6831,3.8523,6.6439,0.2049,-0.2626,-0.2707,-7.4986,-5.2744,-0.2322,0.3596,0.1896,0.1486
-1.5945,4.0366,6.5793,0.2122,-0.3924,-0.3215,-7.4436,-4.8842,-0.2849,0.4979,0.1888,0.1366
-1.6975,4.8459,6.0334,0.1692,-0.6614,-0.3627,-8.0230,-3.9959,-1.0582,0.7502,0.1063,0.0065
-1.8938,5.6599,5.5186,-0.1339,-0.7193,-0.2229,-8.6838,-3.9552,-0.9912,0.5642,-0.2040,-0.1134
-1.2450,5.3103,6.2345,-0.2563,-0.1195,0.0385,-8.4515,-4.4556,-0.0958,-0.0330,-0.1593,-0.0853
-0.9625,4.7740,6.9097,-0.2241,-0.0200,0.1086,-8.1762,-4.8387,0.4836,-0.1444,-0.2170,-0.0649
-0.9960,4.3527,6.7229,-0.2350,0.2189,0.1440,-7.7500,-5.0206,0.4908,-0.3604,-0.0614,-0.0950
-1.0223,3.9409,7.5800,-0.2200,0.1475,0.0569,-7.9990,-5.6862,0.8715,-0.1685,-0.0220,-0.0913
-1.1301,4.1994,7.6327,-0.0829,-0.3182,-0.1885,-8.0254,-5.4803,0.5794,0.3680,0.0001,-0.0634
-1.7406,4.6208,6.7588,-0.1362,-0.4912,-0.3099,-8.1020,-5.0589,-0.2179,0.4876,-0.0646,-0.1537
-1.8411,4.6280,6.8474,-0.1759,-0.2551,-0.2694,-8.2456,-5.3223,-0.1796,0.2491,0.0905,-0.1852
-1.6161,4.4460,7.4795,-0.1256,-0.2603,-0.3127,-8.4132,-5.6360,0.2969,0.3104,0.1140,-0.1659
-1.5826,4.5083,7.2449,-0.0470,-0.3180,-0.3480,-8.2001,-5.4995,0.3256,0.3861,0.1410,-0.1156
-1.3838,4.5514,7.1682,-0.0570,-0.2356,-0.3484,-8.2528,-5.3726,0.2610,0.3074,0.1557,-0.1188
-1.2426,4.4508,7.4220,-0.0550,-0.2705,-0.3164,-8.2600,-5.5450,0.6105,0.3309,0.1291,-0.1019
-1.0606,4.3048,7.3071,-0.0075,-0.3284,-0.3356,-8.0804,-5.4372,0.7805,0.3790,0.1223,-0.0629
-0.7518,4.1922,7.2329,-0.0019,-0.2642,-0.3152,-7.8482,-5.3917,0.9912,0.3027,0.1651,-0.0360
-0.6081,3.9169,7.2520,0.0069,-0.1411,-0.3207,-7.6064,-5.2960,1.2234,0.2208,0.2082,-0.0545
-0.4956,3.7134,7.3981,0.0465,-0.1006,-0.3652,-7.4795,-5.4396,1.1803,0.2188,0.3008,-0.0673
-0.7135,3.6416,7.3287,0.0644,-0.1516,-0.4301,-7.4747,-5.6024,1.0295,0.2963,0.2986,-0.0477
-1.2881,3.8259,7.3191,0.0632,-0.1263,-0.4041,-7.5489,-5.7652,0.3831,0.2503,0.3247,-0.0237
-1.6017,3.6895,7.3765,0.0364,-0.0329,-0.3168,-7.5130,-5.9999,0.0407,0.1328,0.2763,-0.0329
-1.7526,3.5985,7.3694,0.0386,-0.0373,-0.2519,-7.5705,-6.2058,0.1173,0.1227,0.2069,0.0068
-1.9225,3.7206,7.4651,0.0833,-0.1034,-0.1919,-7.6950,-6.2153,-0.0599,0.1462,0.1784,0.0705
-1.8723,3.8140,7.0054,0.0729,-0.0541,-0.1399,-7.5585,-5.7868,-0.2131,0.0648,0.1334,0.0532
-1.6257,3.8331,7.0820,0.0091,-0.0053,-0.0662,-7.5561,-5.6982,0.1197,-0.0314,0.0745,0.0634
-1.7789,3.9217,7.0892,0.0129,0.0663,-0.0453,-7.6806,-5.6719,-0.0335,-0.0633,0.1035,0.0663
-1.5083,3.9121,6.9719,-0.0005,0.0261,-0.0253,-7.5824,-5.5593,0.1604,-0.0381,0.0286,0.0497
-1.5538,3.8427,7.0222,-0.0200,-0.0494,-0.0269,-7.6974,-5.6096,0.1317,-0.0052,0.0313,0.0301
-1.4940,3.9744,6.9671,-0.0300,-0.0156,-0.0590,-7.6806,-5.3941,-0.0982,-0.0125,0.0679,-0.0053
-1.6855,4.2473,6.7732,-0.1037,-0.0452,-0.0348,-7.8434,-5.3008,-0.1748,-0.0160,-0.0325,-0.0432
-1.6520,4.7262,7.1467,-0.0496,-0.0153,-0.0474,-8.3582,-5.1667,-0.0359,0.0084,0.1023,-0.0258
-1.1540,4.9512,6.5841,-0.1411,-0.2639,-0.0552,-8.3414,-4.4005,0.1197,0.1629,-0.1820,-0.0565
-0.6800,5.3582,6.3949,-0.1244,-0.2068,-0.0949,-8.5377,-3.9097,0.5746,0.1207,0.0079,-0.0914
-0.2729,5.6192,5.8921,-0.1600,-0.2033,-0.1290,-8.3606,-3.3303,0.5363,0.1410,-0.1198,-0.1055
0.0263,5.3127,5.7437,-0.2168,-0.0774,-0.1715,-8.1954,-3.3303,0.9720,0.0317,0.1214,-0.1976
-0.1484,5.0996,6.5721,-0.2257,0.0221,-0.2497,-8.2887,-4.1492,1.0774,0.0354,0.1415,-0.2324
-0.5674,5.2672,7.1419,-0.0933,-0.1480,-0.3100,-8.7077,-4.6256,0.6728,0.2481,0.2014,-0.1672
-0.7925,5.8227,6.5410,-0.0846,-0.3938,-0.2009,-8.9759,-4.1875,0.1484,0.3256,-0.0545,-0.0774
-0.2969,5.7030,6.8474,-0.1207,-0.1244,-0.0089,-9.0214,-4.1683,0.7566,0.0374,-0.0348,-0.0204
0.0599,5.5952,7.1946,-0.0318,-0.2419,0.0301,-8.8226,-4.2401,1.4054,0.1567,-0.1514,0.0765
-0.1867,5.3415,6.6511,-0.0053,-0.2509,0.0001,-8.5281,-4.2593,1.2977,0.1303,-0.0823,0.0811
-0.4118,5.0230,6.8618,0.0598,0.0382,0.0356,-8.4036,-4.6376,1.0558,-0.0550,0.0306,0.1415
-0.5770,5.2696,6.5625,0.1809,-0.0690,0.0296,-8.5258,-4.2329,0.6608,0.0226,0.0819,0.1996
-0.2801,5.3630,6.0932,0.1183,-0.0408,0.0606,-8.2265,-3.5913,0.7135,-0.0237,0.0203,0.1824
-0.1844,5.1380,5.6790,0.0681,0.0675,0.1512,-7.8841,-3.4165,0.5650,-0.1685,-0.0678,0.1905
-0.0359,4.9129,6.0071,0.0296,0.0847,0.1455,-7.8123,-3.7206,1.1468,-0.1893,0.0049,0.1471
-0.0455,5.0206,5.9352,0.0690,0.0305,0.0405,-7.8003,-3.5003,0.8236,-0.0385,0.0350,0.1114
-0.4884,5.7293,5.1451,-0.0047,-0.0636,-0.0037,-8.2408,-2.5690,-0.4717,0.0814,-0.0073,0.0321
-1.3815,6.7924,5.1164,-0.1607,-0.4359,-0.0229,-9.1530,-2.5618,-1.0104,0.3174,-0.2322,-0.0995
-1.1636,7.2760,5.6623,-0.3134,-0.3577,0.1462,-9.9958,-3.2370,-0.3831,0.0466,-0.2912,-0.1073
-0.4477,6.8618,7.0054,-0.2947,-0.0372,0.3118,-10.0293,-3.9504,0.9457,-0.2105,-0.3279,-0.0087
0.3879,6.2560,7.2927,-0.1636,-0.1940,0.2049,-9.5002,-3.6679,1.9968,0.0218,-0.3055,0.0377
0.7901,6.2297,6.3566,-0.1399,-0.2284,0.0145,-9.1171,-2.6504,1.7334,0.1264,-0.1276,-0.0642
0.9170,5.9328,6.4284,-0.2603,-0.1092,-0.3873,-8.8131,-2.8539,1.9178,0.2518,0.1657,-0.3256
0.5243,5.9759,6.2872,-0.2659,-0.4041,-0.6117,-8.7484,-2.9497,1.2977,0.5684,0.1609,-0.4227
0.1341,5.7892,5.8251,-0.3000,-0.3178,-0.6664,-8.5736,-3.4357,0.8763,0.4636,0.2574,-0.4650
-0.0096,5.3056,6.1196,-0.2927,-0.0725,-0.5913,-8.2073,-3.7661,0.9122,0.2621,0.3014,-0.4049
0.1245,4.6950,6.2968,-0.2340,-0.1932,-0.6554,-7.6160,-4.0462,1.3216,0.4223,0.3343,-0.4002
-0.1006,4.5394,6.2130,-0.1617,-0.2924,-0.6516,-7.4986,-4.3167,0.8571,0.5004,0.3012,-0.3384
-0.1508,4.2497,6.7780,-0.1176,-0.3471,-0.5260,-7.5202,-4.8100,1.0582,0.4922,0.2442,-0.1865
-0.2801,4.2856,6.8881,-0.0843,-0.4048,-0.3873,-7.5776,-4.7669,0.8404,0.4700,0.1078,-0.1549
0.0024,4.0821,7.5465,-0.1572,-0.3942,-0.1581,-7.7740,-5.4971,1.6999,0.2942,-0.1138,-0.0629
0.4908,3.6320,7.9727,-0.0946,-0.2206,-0.1222,-7.5034,-5.4731,2.4612,0.1969,0.0318,-0.0653
0.5722,3.6751,8.0134,-0.1126,-0.2268,-0.1916,-7.6806,-5.5809,2.3415,0.2415,0.0334,-0.0929
0.0790,3.9720,8.2696,-0.0998,-0.1282,-0.1920,-8.0062,-5.8299,2.0925,0.1148,0.1128,-0.1019
0.1077,3.9911,8.0948,-0.1222,0.0072,-0.0737,-7.9344,-5.7916,1.9824,-0.0556,0.0099,-0.0629
0.0718,3.9025,8.4707,-0.0783,0.0807,-0.0400,-8.0637,-6.0382,2.0255,-0.1163,0.1018,-0.0386
-0.2251,4.3574,7.7812,0.0341,0.1067,0.0193,-8.2049,-5.4947,1.6352,-0.1504,0.0670,0.0835
-0.2251,4.6998,7.1228,0.0775,0.2483,0.0304,-8.1235,-4.7238,1.2713,-0.2633,0.1512,0.1210
-0.3615,5.0829,6.4284,0.0201,0.2964,0.0957,-8.1954,-4.0366,0.7207,-0.3645,0.1041,0.0703
-0.2155,5.1691,6.3662,-0.0540,0.4519,0.1444,-8.1259,-3.9193,0.9409,-0.5135,0.1074,0.0570
-0.1101,5.1427,6.4667,-0.0867,0.4085,0.0862,-8.1259,-3.8690,0.9337,-0.4461,0.1118,-0.0023
-0.3807,5.0637,6.1244,-0.1038,0.2705,0.0486,-8.0589,-3.6823,0.6608,-0.3047,0.0412,-0.0566
-0.5770,5.1380,5.9616,-0.2230,0.2689,0.0966,-8.1139,-3.9959,0.3615,-0.3848,0.0024,-0.1115
-0.6895,5.1092,6.2656,-0.2244,0.3388,0.1961,-8.1259,-4.1755,0.4405,-0.4723,-0.0637,-0.0803
-0.4453,4.8147,6.5936,-0.2770,0.3187,0.2457,-8.0709,-4.4149,0.6129,-0.5037,-0.0979,-0.0974
-0.5243,4.9105,6.5601,-0.2819,0.3536,0.2927,-8.1642,-4.4891,0.7039,-0.5440,-0.1342,-0.1075
-0.3017,4.9321,6.7684,-0.2697,0.3661,0.3062,-8.2768,-4.3910,1.0558,-0.5502,-0.1306,-0.0658
-0.2825,5.3941,6.5529,-0.2506,0.5200,0.3826,-8.5234,-4.1731,0.9098,-0.7364,-0.0679,-0.0546
0.3735,5.2553,6.7086,-0.2016,0.6420,0.4562,-8.5449,-4.2114,1.7310,-0.8556,-0.1184,0.0741
0.7398,4.8387,6.8714,-0.0183,0.5351,0.2645,-8.0876,-3.9792,1.8699,-0.5887,0.1057,0.1156
-0.3591,5.1068,5.9687,0.0374,0.3215,0.1430,-8.0565,-3.9337,0.5291,-0.3781,0.0429,0.1151
-0.8068,5.1451,5.9903,0.0769,0.2828,0.0653,-8.2289,-3.8930,0.0335,-0.2911,0.1536,0.1139
-1.1349,5.4516,6.1555,0.0024,0.1551,0.0473,-8.3486,-4.1348,-0.1796,-0.2221,0.0525,0.0594
-2.0231,6.2584,6.3422,0.0855,-0.1175,0.1420,-9.0261,-3.9337,-1.0534,-0.0767,0.0020,0.0835
-0.9864,5.1380,5.8227,-0.3238,-0.0580,0.4644,-9.2081,-4.6352,-0.4525,-0.1442,-0.7047,-0.2686
0.2586,4.2018,6.9528,-0.4754,0.3784,0.2787,-8.2456,-5.2768,1.7334,-0.5809,-0.0630,-0.2731
-0.1030,3.1867,8.2983,-0.3881,0.1675,-0.0044,-7.3095,-6.0478,2.0973,-0.1813,-0.1664,-0.2574
-0.9697,2.9042,7.5537,-0.2080,-0.0165,-0.2153,-6.9719,-6.5649,1.1325,-0.0020,0.1230,-0.2513
-1.9968,2.7533,7.4316,-0.1471,0.2762,-0.1948,-6.6846,-7.0222,-0.1556,-0.2254,0.1860,-0.1215
-2.5426,2.8922,8.1858,0.0356,0.2996,-0.0320,-7.3406,-7.5944,-0.2658,-0.2713,0.2526,0.0953
-2.5857,3.3639,7.7644,0.2964,0.0609,-0.0649,-7.5441,-6.8690,-0.7135,0.0012,0.2395,0.2581
-2.8754,3.8810,6.6415,0.2695,-0.0628,0.0309,-7.6184,-6.0501,-1.4988,0.0011,0.0853,0.3084
-2.9688,4.1252,6.8761,0.1427,0.1423,0.1736,-7.8769,-6.1483,-1.2737,-0.2785,0.0489,0.2597
-2.2865,3.4907,7.2113,0.1074,0.1605,0.2194,-7.5298,-6.4476,-0.4094,-0.2774,-0.0833,0.2702
-2.6169,3.5817,6.8019,0.1046,0.2002,0.2313,-7.3454,-6.2130,-0.7853,-0.4044,-0.0067,0.2629
-2.5642,3.6799,6.7397,0.0918,0.5185,0.3567,-7.3263,-6.0980,-0.9122,-0.6574,0.0454,0.2437
-2.2960,3.9935,6.2225,0.0845,0.5073,0.3412,-7.4412,-5.0039,-1.1444,-0.5949,0.0406,0.2142
-1.8411,4.4221,6.1794,-0.0314,0.1367,0.1563,-7.7045,-4.3311,-0.6800,-0.2309,-0.0269,0.0521
-2.1332,5.1811,5.8490,-0.1099,-0.0457,0.0137,-8.2839,-4.4149,-1.1468,-0.0721,-0.0493,-0.0478
-2.2649,4.8842,6.2321,-0.3062,0.2328,0.1091,-8.0637,-5.0542,-0.7709,-0.3596,-0.0814,-0.1063
-1.8723,3.7924,7.1802,-0.3144,0.2058,-0.0077,-7.5058,-5.7293,0.1987,-0.2069,-0.0532,-0.1863
-2.6025,3.8283,7.0413,-0.2819,-0.0616,-0.2356,-7.7812,-6.1938,-1.1732,0.0678,0.0923,-0.3268
-3.8642,4.3239,6.8163,-0.3677,0.1077,-0.0945,-8.0948,-6.6248,-2.1596,-0.1753,-0.0492,-0.3112
-3.3854,3.9361,7.6327,-0.3796,0.2360,0.1541,-8.0302,-6.9911,-1.1564,-0.3774,-0.1502,-0.1323
-2.7892,3.7517,7.8099,-0.1628,0.0871,0.2173,-7.9057,-6.9719,-0.7135,-0.2590,-0.1625,0.0273
-2.4684,3.8595,7.3861,0.0056,0.0917,0.2725,-7.7812,-6.4979,-0.5818,-0.2721,-0.1054,0.1800
-2.0446,3.5793,7.0797,0.0510,0.1011,0.2803,-7.1730,-5.9304,-0.3304,-0.2715,-0.1334,0.2353
-1.8459,3.6057,6.8187,0.0441,0.1925,0.2417,-7.2856,-5.6886,-0.2227,-0.3071,-0.0119,0.1997
-1.9944,3.5698,6.3758,-0.0321,0.1138,0.1869,-7.0581,-5.2625,-0.6967,-0.2356,-0.1154,0.0997
-2.3128,3.6871,6.5841,-0.1486,0.1330,0.1753,-7.3574,-5.8562,-0.6416,-0.3072,-0.0786,0.0192
-2.3583,3.5865,6.7469,-0.1795,0.2021,0.2152,-7.0485,-5.6767,-0.9098,-0.3258,-0.1498,-0.0212
-2.4565,3.5027,6.9001,-0.3203,0.2441,0.2891,-7.2664,-6.3662,-0.6776,-0.4848,-0.2666,-0.0642
-2.2745,3.1795,7.6710,-0.2260,0.3096,0.3078,-7.2520,-6.7852,-0.2634,-0.4696,-0.1336,0.0107
-2.7342,3.4237,7.1156,-0.1503,0.0813,0.2844,-7.2185,-6.4596,-0.9720,-0.2863,-0.2678,0.0333
-2.9090,3.7469,6.5481,-0.1735,0.2184,0.3773,-7.2975,-5.9855,-1.4150,-0.4506,-0.2065,0.0456
-2.3511,3.8690,6.7421,-0.2196,0.2138,0.3611,-7.4364,-5.7030,-0.7805,-0.3880,-0.2348,0.0281
-2.3559,4.1827,6.4117,-0.2318,-0.0718,0.2911,-7.6351,-5.2553,-1.0127,-0.1704,-0.3717,-0.0192
-2.4134,4.3551,6.3446,-0.2352,-0.0558,0.2401,-7.8314,-5.3486,-0.9577,-0.1424,-0.2434,-0.0538
-2.2194,4.2018,6.7540,-0.2746,-0.0653,0.2605,-7.8434,-5.7293,-0.5962,-0.1468,-0.2958,-0.0436
-1.8866,4.3479,7.0916,-0.1288,-0.1928,0.1716,-8.0780,-5.6910,-0.1101,0.0437,-0.2301,0.0405
-1.6400,4.4245,6.5194,-0.0482,-0.3535,0.0941,-7.8961,-5.1020,-0.0287,0.1989,-0.2657,0.0717
-1.4916,4.7453,6.2968,-0.0009,-0.2984,0.0204,-8.0278,-4.7214,-0.3136,0.2309,-0.0889,0.0826
-1.4796,5.1164,5.9233,-0.1092,-0.2906,0.0440,-8.2241,-4.3479,-0.1604,0.1478,-0.1740,0.0083
-1.0511,5.3295,6.3470,-0.0320,-0.2205,-0.0232,-8.5234,-4.2784,0.1772,0.1735,-0.0384,-0.0009
-1.1301,5.7916,6.3877,-0.0606,-0.2805,-0.0468,-8.7867,-4.1156,-0.1460,0.2066,-0.0501,-0.0104
-1.0080,5.9280,6.4021,-0.0986,-0.3733,-0.0084,-8.9184,-4.0725,0.0311,0.2173,-0.1883,-0.0005
-0.9385,5.7221,6.8761,-0.1640,-0.1704,0.1082,-8.9519,-4.7357,0.3950,0.0029,-0.1375,-0.0091
-0.6895,5.3343,7.3837,-0.1296,-0.1545,0.1214,-8.9208,-5.0254,0.9026,0.0400,-0.2037,0.0433
-0.5746,5.2960,7.2903,-0.1236,-0.2918,0.0509,-8.7580,-4.8339,0.8739,0.0914,-0.1948,-0.0184
-0.6608,5.3199,7.0653,-0.1495,0.0490,0.2044,-8.7532,-5.0374,0.7566,-0.2409,-0.1390,0.0333
-0.1748,4.7884,7.2257,-0.1857,0.3112,0.2389,-8.3318,-4.9129,1.3815,-0.4602,-0.0879,0.0055
-0.0335,4.4604,7.6184,-0.1881,0.1974,0.1183,-8.0445,-5.0111,1.5897,-0.2952,-0.0581,-0.0746
-0.6871,4.7956,6.9240,-0.1961,0.1561,0.0861,-8.2480,-4.9177,0.6345,-0.2679,-0.0581,-0.1314
-0.7661,4.7549,6.6511,-0.3299,0.3471,0.1985,-7.9918,-4.7190,0.5339,-0.5188,-0.1198,-0.1729
-0.6033,4.2234,6.8187,-0.4423,0.4848,0.1964,-7.6854,-4.9943,1.0056,-0.6307,-0.1415,-0.2675
-0.6728,3.7804,7.0461,-0.4018,0.5436,0.1050,-7.2832,-5.3630,0.9601,-0.6050,-0.0378,-0.2681
-1.3647,3.7924,6.8522,-0.3211,0.6201,0.0352,-7.3789,-5.6192,0.1820,-0.6157,0.1009,-0.2225
-1.7909,3.7182,6.6104,-0.1651,0.4189,-0.0211,-7.3598,-5.7940,-0.3376,-0.3946,0.1320,-0.1204
-2.1811,4.0749,6.2393,0.0112,0.2005,0.0518,-7.4029,-5.4971,-0.9768,-0.2237,0.0762,0.0661
-2.1308,4.6208,5.9161,0.1203,0.0594,0.0942,-7.7428,-4.9656,-1.2522,-0.1120,0.0449,0.1945
-1.9201,4.5514,5.5378,0.1118,-0.1067,0.1781,-7.5705,-4.7980,-0.9768,-0.0829,-0.1544,0.2774
-1.8555,4.7333,5.9927,0.3254,-0.0254,0.1708,-7.8697,-4.5562,-0.8212,-0.0167,0.0917,0.3998
-1.9776,5.5091,6.2560,0.2598,-0.3576,0.1454,-8.6526,-4.5250,-1.1468,0.2542,-0.0890,0.3860
-1.6975,5.8610,6.0190,0.1956,-0.5476,0.2100,-8.7317,-4.2473,-0.8691,0.3022,-0.3208,0.4105
-0.8021,5.5210,6.5027,0.1717,-0.4219,0.2132,-8.5736,-4.0869,0.4764,0.2501,-0.2204,0.3369
-0.5986,5.5809,6.1507,-0.0080,-0.4979,0.1198,-8.6311,-3.5626,0.5243,0.2896,-0.2910,0.1387
-0.2418,5.5641,6.5817,-0.1860,-0.2192,0.0301,-8.5760,-4.0701,1.0942,0.0630,-0.1228,-0.0454
-0.2227,5.1763,7.2329,-0.1716,-0.1045,-0.1023,-8.5856,-4.5514,1.2282,0.0918,-0.0244,-0.1187
-0.7278,5.2792,7.1706,-0.1641,-0.1284,-0.1363,-8.5665,-4.8267,0.6321,0.1043,0.0281,-0.1231
-0.7135,5.1451,7.0653,-0.1172,-0.1067,-0.1663,-8.4396,-4.7357,0.7614,0.1081,0.0298,-0.0881
-0.6488,5.1691,6.9743,-0.1107,-0.0899,-0.1466,-8.5808,-4.9297,0.9026,0.0542,0.0558,-0.0521
-0.4884,4.8028,7.1108,-0.0733,0.0413,-0.1479,-8.1092,-4.8219,0.8835,-0.0350,0.1327,-0.0466
-0.7302,4.5945,7.2233,-0.0203,0.0312,-0.1462,-8.2815,-5.3654,1.0032,-0.0173,0.1452,-0.0045
-0.7494,4.7501,7.2018,0.0846,0.0966,-0.1510,-8.2241,-5.2768,1.0295,-0.0518,0.2551,0.0667
-0.7494,4.9249,7.0653,0.1593,0.1119,-0.1672,-8.3103,-4.9009,0.5986,-0.0305,0.3039,0.1025
-0.9194,5.1404,6.5745,0.1831,0.1184,-0.1649,-8.3270,-4.5250,0.1293,-0.0679,0.2675,0.1382
-0.8499,5.1571,6.6008,0.1733,0.1595,-0.0934,-8.2720,-4.5681,0.3950,-0.1367,0.2809,0.1665
-0.9409,5.3271,5.8347,0.1323,0.1897,-0.1192,-8.1906,-3.8523,-0.3328,-0.1459,0.2886,0.1043
-1.2234,5.4229,5.8227,0.0449,0.2590,-0.0541,-8.3199,-4.0438,-0.3759,-0.2435,0.1998,0.0693
-1.3072,5.4708,6.2920,0.0212,0.2810,-0.0276,-8.5688,-4.5203,-0.3017,-0.2835,0.2208,0.0474
-1.4485,5.8371,6.7924,0.0329,0.1529,0.0031,-8.9184,-4.3479,-0.6967,-0.0817,0.0885,0.0769
-1.4437,5.8538,6.0956,-0.0753,-0.1559,0.0033,-8.9447,-4.0031,-0.4669,0.0646,-0.1522,0.0337
-1.4533,5.6599,6.0813,-0.0621,0.0264,0.0063,-8.8131,-4.6424,-0.0599,-0.1391,0.0332,0.0364
-1.4485,4.8147,6.4069,-0.0941,0.0101,-0.0246,-8.0325,-4.7309,-0.2394,-0.0711,-0.0370,-0.0077
-1.3312,4.4053,6.2537,-0.1030,0.1479,0.0229,-7.5992,-4.9033,-0.3400,-0.1977,0.0200,-0.0268
-1.5299,4.1946,6.4811,-0.1827,0.1035,0.0851,-7.4986,-5.1332,-0.3543,-0.1978,-0.1170,-0.0389
-1.6233,4.1061,6.7540,-0.2080,0.0224,0.0873,-7.6327,-5.3486,-0.3089,-0.1226,-0.0654,-0.0701
-2.1668,4.1707,6.1699,-0.2765,-0.1156,0.0755,-7.4196,-4.9704,-0.8547,-0.0088,-0.2942,-0.1420
-2.3439,4.0534,6.4093,-0.4744,0.0035,0.1192,-7.5561,-5.5545,-0.9242,-0.1881,-0.2277,-0.2591
-2.3152,3.9169,6.7181,-0.5237,-0.0448,0.1420,-7.4412,-5.6096,-1.0654,-0.0918,-0.3780,-0.3281
-2.7342,3.9959,6.3949,-0.6730,-0.2141,0.2060,-7.4939,-5.6982,-1.4365,-0.1001,-0.5534,-0.4162
-2.8323,4.0438,7.0892,-0.7270,0.0025,0.3164,-7.7357,-6.3422,-0.8691,-0.3092,-0.5091,-0.4379
-2.5498,3.8738,7.3191,-0.6768,0.0012,0.3709,-7.9703,-6.6990,-0.3232,-0.3223,-0.5576,-0.3356
-2.2170,3.8930,7.0198,-0.4924,-0.0409,0.3016,-7.6710,-5.7988,-0.4549,-0.1897,-0.4235,-0.2634
-2.2242,4.1420,6.6080,-0.5203,-0.0561,0.3267,-7.6734,-5.7557,-0.6919,-0.2726,-0.5012,-0.2074
-1.8196,3.9624,6.6367,-0.3848,0.1025,0.3224,-7.5154,-5.5019,-0.2274,-0.3211,-0.3204,-0.1414
-1.6376,4.0199,6.4093,-0.3126,-0.1543,0.2168,-7.4508,-5.1619,-0.2203,-0.0644,-0.3504,-0.1283
-1.4916,4.2952,6.0142,-0.2326,-0.2348,0.0879,-7.4579,-4.3814,-0.3472,0.1266,-0.2264,-0.1195
-1.4581,4.6208,5.6192,-0.3130,-0.4683,0.0001,-7.5585,-4.1635,-0.5267,0.2954,-0.3453,-0.1843
-1.2186,4.7549,6.1531,-0.4029,-0.4353,-0.0128,-7.7740,-4.4987,-0.1365,0.2613,-0.3126,-0.2755
-0.9816,4.6184,6.5577,-0.5005,-0.4736,0.0448,-7.8961,-4.8195,0.4190,0.2210,-0.4874,-0.3435
-1.1660,4.4053,7.4364,-0.5860,-0.1046,0.0767,-8.1331,-5.7676,0.7207,-0.1400,-0.2939,-0.4255
-1.0415,4.0247,8.4132,-0.6636,0.2549,0.0739,-8.2217,-6.5960,1.5945,-0.4102,-0.2126,-0.4483
-1.0894,3.5554,9.2512,-0.5661,0.2443,-0.0625,-8.2073,-7.3502,1.7741,-0.3184,-0.0413,-0.4066
-1.2522,3.1364,9.5170,-0.3400,0.2483,-0.2104,-7.9272,-7.9703,2.1572,-0.1970,0.1751,-0.2803
-0.3759,2.2960,8.9423,0.1382,0.0152,-0.5894,-6.7277,-7.1539,2.1021,0.2585,0.5878,-0.0580
-1.0343,2.5594,6.8498,0.3720,-0.3014,-0.9170,-6.2513,-5.8849,0.4597,0.7372,0.7878,-0.0408
-1.5874,2.8898,6.6008,0.2294,-0.3774,-0.8440,-6.5194,-5.9999,-0.0862,0.6932,0.5741,-0.0755
-1.5778,2.5881,7.2377,0.1948,-0.1853,-0.7983,-6.5457,-6.4452,0.2825,0.5107,0.7250,-0.0770
-2.0303,2.6695,7.6998,0.1900,-0.2958,-0.8316,-6.7181,-7.0222,0.1173,0.6359,0.5957,-0.1151
-2.3391,2.6600,7.7764,0.2156,-0.2114,-0.6765,-6.9312,-7.3789,-0.3232,0.4792,0.5825,-0.0234
-2.4205,2.8443,8.1642,0.2362,-0.0949,-0.5774,-7.2137,-7.5106,-0.2729,0.3516,0.5645,0.0222
-2.3511,2.8683,8.2768,0.2125,-0.1419,-0.4848,-7.3502,-7.5992,0.0575,0.3048,0.4197,0.0743
-1.9872,2.5690,7.9895,0.3307,-0.0426,-0.4045,-6.9025,-7.4077,0.4405,0.2333,0.4728,0.1731
-1.6688,2.7318,7.5537,0.3934,-0.0636,-0.4411,-6.7277,-6.6870,0.4046,0.3031,0.5281,0.2032
-1.6568,2.9473,6.7445,0.3427,-0.2305,-0.4838,-6.6032,-5.7868,-0.2322,0.4305,0.3870,0.1652
-1.7549,3.3567,6.6918,0.2260,-0.2755,-0.4446,-6.8402,-5.6814,-0.5411,0.4362,0.3487,0.0655
-1.9896,3.3998,6.3303,0.0370,-0.2594,-0.2879,-6.7804,-5.5617,-0.5076,0.3199,0.0847,0.0237
-1.4269,3.0598,6.9192,-0.0422,-0.2979,-0.2441,-6.6607,-5.8562,0.1556,0.3291,0.0763,-0.0445
-1.8244,3.4285,7.1491,-0.0237,-0.4676,-0.2254,-7.1563,-6.0717,-0.2610,0.4839,-0.0384,-0.0385
-1.5443,3.4309,6.6870,-0.1098,-0.5432,-0.1336,-7.0749,-5.8538,0.1556,0.4343,-0.1721,-0.0008
-0.8859,3.7134,6.9145,0.0462,-0.5019,-0.1887,-7.2664,-5.2984,0.9697,0.4840,0.0141,0.0353
-0.7494,4.0486,6.5242,0.0549,-0.4503,-0.2409,-7.4843,-5.0709,0.7494,0.4017,0.0687,0.0184
-0.8428,4.3670,7.4268,0.0959,-0.1661,-0.2446,-8.0421,-5.6288,0.8882,0.2575,0.2813,0.0344
-0.6800,4.8578,7.6160,0.0641,-0.4553,-0.0942,-8.4348,-5.3103,0.5914,0.3902,-0.1569,0.1142
-0.0838,4.7908,7.2065,-0.0834,-0.4153,0.1705,-8.1235,-4.8698,1.3503,0.1287,-0.3280,0.1054
0.5435,4.2737,7.6758,-0.1765,-0.0761,0.2789,-7.9464,-5.2601,2.3966,-0.1905,-0.2697,0.0444
0.4334,3.8092,8.4108,-0.1420,0.1282,0.1374,-7.9942,-5.7652,2.7246,-0.2173,-0.0524,0.0045
-0.4741,3.9696,8.0828,0.0362,0.0237,-0.0578,-7.9368,-5.8562,1.5850,-0.0088,0.0501,0.0550
-0.9720,4.2282,7.0940,0.0413,0.1283,-0.0508,-7.8410,-5.4851,0.5818,-0.1625,0.2016,0.0469
-1.0534,4.4532,6.8881,-0.0333,0.2835,0.1210,-7.8290,-5.3079,0.2777,-0.3613,0.0378,0.0542
-0.4477,4.2569,6.6894,-0.0938,0.2995,0.2906,-7.5968,-4.8100,0.8404,-0.5007,-0.1360,0.0919
-0.8571,4.9344,7.5800,0.0163,0.3360,0.1719,-8.5617,-5.3534,0.1844,-0.3841,0.1502,0.1490
-0.9050,5.1044,6.6152,0.0156,-0.1406,0.1569,-8.3510,-4.4532,0.3328,-0.0216,-0.2880,0.1552
-0.7638,5.1499,6.5410,0.0655,0.0947,0.0598,-8.3797,-4.3886,0.6536,-0.1512,0.1684,0.1231
-0.7111,4.9321,6.3446,0.0958,0.0484,-0.1081,-8.0828,-4.4029,0.7230,0.0145,0.0935,0.1291
-0.8284,4.7836,6.1483,0.2312,-0.1224,-0.2426,-7.7093,-4.2234,0.2705,0.2105,0.3002,0.1708
-0.5411,4.5274,5.4755,0.2361,-0.3031,-0.3088,-7.2281,-3.6105,0.0431,0.4068,0.2153,0.1351
-0.7135,4.4484,5.4803,0.0330,-0.4137,-0.2449,-7.3143,-4.0893,-0.0838,0.3741,0.0396,0.0421
-0.7135,4.2473,6.4787,-0.0628,-0.3132,-0.1107,-7.3741,-4.8507,0.6416,0.2426,-0.0276,-0.0025
-0.3950,4.1252,7.0916,-0.1206,-0.3424,-0.0370,-7.5058,-5.0566,1.0870,0.2366,-0.1511,-0.0422
-0.5866,4.1659,7.3622,-0.1843,-0.3150,-0.0265,-7.8482,-5.4444,0.8859,0.1852,-0.1707,-0.0990
-1.0606,4.2162,7.6830,-0.2838,-0.1015,0.1088,-8.1906,-6.0238,0.8068,-0.0678,-0.2607,-0.1138
-0.9457,4.3742,8.5018,-0.2531,0.0125,0.1819,-8.6526,-6.6894,1.2570,-0.1996,-0.1864,-0.0530
-0.9529,4.5322,8.4252,-0.0846,-0.0069,0.1616,-8.6455,-6.3063,1.3072,-0.1342,-0.1617,0.0514
-0.8667,4.7381,7.6998,0.0048,0.1524,0.2082,-8.5641,-5.7581,1.1588,-0.3146,-0.0348,0.1527
-0.3998,4.7405,7.3550,0.1001,0.3353,0.2200,-8.2720,-5.2601,1.3815,-0.4289,0.0687,0.2102
-0.1484,4.6352,6.9049,0.2050,0.2418,0.1522,-7.9296,-4.6256,1.2498,-0.2835,0.1065,0.2718
-0.3400,4.8961,6.0501,0.2282,0.1663,0.0743,-7.8386,-3.9552,0.5722,-0.1952,0.1503,0.2392
-0.3783,5.2457,5.4875,0.1599,0.1516,0.0815,-7.8626,-3.5195,0.3256,-0.2161,0.0907,0.2288
-0.4717,5.2409,5.6910,0.1067,0.2029,0.0217,-8.1020,-3.4477,0.3639,-0.2038,0.1961,0.1552
-0.6321,5.5162,5.7796,0.0618,-0.0855,-0.0657,-8.2313,-3.4596,0.1053,0.0617,0.0220,0.1046
-0.7063,5.4564,5.7174,-0.0185,-0.1647,-0.1351,-8.2289,-3.4141,0.0622,0.1464,0.1027,-0.0100
-0.9457,5.2984,6.2513,-0.1186,-0.1994,-0.2325,-8.3989,-4.4484,0.2921,0.1940,0.0428,-0.1114
-1.3647,5.0422,7.2784,-0.0917,-0.1191,-0.2759,-8.6167,-5.3175,0.2251,0.1952,0.1839,-0.1144
-1.4820,5.3391,7.1611,-0.0897,-0.3651,-0.2392,-8.9615,-5.1068,-0.0575,0.3676,-0.0337,-0.0986
-0.9888,5.4253,6.2608,-0.2445,-0.2617,-0.1636,-8.3151,-4.0366,0.0503,0.1652,-0.0655,-0.2419
-0.5818,5.1643,6.6942,-0.4090,0.0925,-0.1238,-8.3582,-4.5274,0.7254,-0.1675,-0.0060,-0.3391
-0.4405,4.8123,6.9863,-0.3328,0.1388,-0.0903,-8.1403,-4.9728,1.1803,-0.2052,0.0116,-0.2785
0.0192,4.5226,7.0102,-0.2398,0.2301,-0.1410,-7.8530,-4.9129,1.2905,-0.1817,0.1601,-0.2016
-0.2729,4.4101,6.7756,-0.1514,0.0145,-0.1515,-7.5250,-4.8004,0.7590,0.0021,0.0346,-0.1192
-0.6895,4.5729,6.8666,-0.0955,-0.0376,-0.0846,-7.9511,-5.0254,0.5770,-0.0004,0.0729,-0.0442
-0.8045,4.8219,6.5027,-0.0224,-0.0248,-0.0398,-8.0349,-4.4843,0.3735,0.0091,0.0196,0.0215
-1.0942,5.1451,6.2225,-0.1912,-0.0296,0.0365,-8.0972,-4.2329,-0.0096,-0.1081,-0.0937,-0.0678
-0.6369,5.0326,6.5841,-0.2793,0.1043,0.1110,-8.0804,-4.5633,0.5195,-0.2734,-0.1342,-0.1314
-0.4310,4.6495,7.1539,-0.3050,0.1216,0.0875,-8.1930,-4.9201,1.1229,-0.2318,-0.0938,-0.1860
-0.5938,4.9249,6.6415,-0.3012,0.0040,-0.0039,-8.1618,-4.4532,0.4405,-0.1142,-0.1399,-0.2260
-0.7398,4.9919,6.8115,-0.3673,0.1170,0.0644,-8.2049,-4.6974,0.7470,-0.2357,-0.1370,-0.2218
-0.6512,4.8530,6.6415,-0.3696,0.1467,0.0914,-8.0517,-4.5873,0.5555,-0.2475,-0.1355,-0.2265
-0.4764,4.7788,6.5697,-0.4002,0.0242,0.0895,-7.8793,-4.5035,0.6967,-0.1716,-0.2157,-0.2641
-0.5626,4.6495,6.4428,-0.4704,0.0277,0.1061,-7.7788,-4.5753,0.6776,-0.2364,-0.2851,-0.3054
-0.4094,4.2880,6.8522,-0.4890,0.2451,0.2125,-7.6231,-5.1882,1.1205,-0.4211,-0.2185,-0.2597
-0.6393,4.1707,7.1994,-0.4088,0.1760,0.2002,-7.7189,-5.3127,0.8619,-0.3356,-0.2340,-0.2176
-0.5722,4.3886,7.1970,-0.3936,0.0616,0.2073,-7.8673,-5.0709,0.9242,-0.2514,-0.2669,-0.1988
-0.8308,4.7118,6.8857,-0.3978,0.0929,0.2374,-8.0541,-5.0302,0.3974,-0.3106,-0.2840,-0.1879
-0.4070,4.2258,7.0701,-0.4856,0.2234,0.4419,-7.7117,-5.4229,1.3360,-0.5981,-0.4253,-0.1613
0.0527,3.5674,8.0062,-0.3467,0.4000,0.4293,-7.4172,-5.8658,2.1189,-0.6201,-0.2818,-0.0541
-0.3017,3.4907,8.0062,-0.2146,0.1488,0.2943,-7.3741,-5.9304,1.5299,-0.3206,-0.2245,-0.0172
-0.9050,3.4955,7.4101,-0.2723,0.2092,0.3433,-7.3526,-6.2944,1.1588,-0.4410,-0.2667,0.0104
-1.0487,3.0382,7.9200,-0.2389,0.3218,0.4065,-7.0749,-6.5793,0.9170,-0.4954,-0.2611,0.0252
-1.3168,2.7581,8.3438,-0.1719,0.0590,0.3960,-7.1395,-7.1898,1.0774,-0.2928,-0.3487,0.1252
-1.5467,2.8659,7.6184,-0.0452,-0.0959,0.3352,-6.8522,-6.4284,0.3615,-0.0997,-0.3019,0.1359
-1.9010,2.9305,7.1275,-0.1696,-0.1266,0.3409,-6.7421,-6.3805,0.0431,-0.1472,-0.4096,0.0456
-1.4509,2.5498,7.1084,-0.2101,0.1348,0.4315,-6.5074,-6.7924,0.6967,-0.3760,-0.3693,0.1282
-1.4174,2.3080,8.0900,-0.0365,0.0951,0.2419,-6.5146,-6.8714,0.4980,-0.1140,-0.0570,0.1404
-1.8076,2.5618,7.2161,-0.1387,-0.4350,0.1648,-6.3853,-6.0861,-0.5698,0.2017,-0.3968,0.0233
-2.2098,2.7629,7.6136,-0.2972,-0.2013,0.1427,-7.0485,-7.1706,-0.0599,-0.0398,-0.2094,-0.0949
-2.2553,3.0861,7.6758,-0.2162,-0.0400,0.1753,-7.1898,-6.8211,-0.1939,-0.1013,-0.2587,-0.0248
-1.9154,3.2226,7.4723,-0.1833,-0.1021,0.1343,-7.4939,-6.6152,0.2227,-0.0561,-0.1416,-0.0041
-2.1261,3.8164,7.4579,-0.1128,-0.1724,0.0191,-7.7716,-6.3087,-0.1077,0.0493,-0.1344,-0.0474
-1.7789,3.7972,7.1443,-0.0645,0.0128,0.0330,-7.6064,-6.0525,0.0431,-0.1074,-0.0301,0.0119
-1.8962,4.0414,7.4101,-0.0345,0.1764,-0.0128,-7.8817,-6.0932,-0.0431,-0.1936,0.1179,0.0051
-1.7430,3.9433,7.7500,-0.0378,0.0420,-0.1331,-8.0302,-6.3398,0.4549,-0.0249,0.1154,-0.0192
-1.6328,3.7972,7.4124,0.1198,-0.1819,-0.2749,-7.6519,-6.0932,0.5076,0.2457,0.2455,0.0957
-1.2282,3.4453,6.9887,0.1555,-0.3252,-0.4458,-7.0916,-5.5641,0.3065,0.4417,0.3255,-0.0045
-1.1492,3.3950,6.6918,0.1400,-0.3003,-0.5115,-6.8402,-5.3774,0.4070,0.4658,0.3341,-0.0389
-1.0487,3.1460,6.6607,0.0662,-0.1459,-0.4695,-6.6224,-5.6503,0.6225,0.2996,0.3766,-0.0554
-1.2067,2.8826,7.1539,0.1458,-0.1556,-0.5032,-6.6559,-6.2920,0.7278,0.3552,0.4330,-0.0260
-1.1253,2.5833,7.1994,0.1925,-0.1516,-0.4828,-6.4596,-6.2489,0.5842,0.3380,0.4622,0.0456
-1.4988,2.7461,7.4340,0.2272,-0.1544,-0.4820,-6.6990,-6.7756,0.3687,0.3463,0.4607,0.1017
-1.7741,2.7246,7.6112,0.2883,-0.1541,-0.4419,-6.7684,-6.7852,0.0646,0.3540,0.4438,0.1260
-2.0566,2.8778,7.3933,0.2976,-0.1716,-0.3808,-6.9360,-6.9480,-0.2682,0.2992,0.3387,0.1968
-2.2027,2.9856,7.7524,0.3435,0.0400,-0.2245,-7.1204,-7.1156,-0.0838,0.0486,0.4474,0.2489
-2.1141,3.0526,8.0828,0.3976,0.0581,-0.1430,-7.2472,-7.0222,-0.0599,0.0346,0.3296,0.3131
-2.1189,3.3399,7.9487,0.4210,0.0741,-0.0923,-7.5800,-7.1635,-0.0670,-0.0604,0.3701,0.3816
-1.7526,3.3758,7.8219,0.4441,0.1657,-0.0039,-7.5537,-6.7349,0.0742,-0.1539,0.3007,0.4398
-1.8268,3.6919,8.0613,0.3989,0.1691,0.0758,-7.7357,-6.6248,0.2969,-0.1847,0.2449,0.4205
-1.6496,3.8116,7.8602,0.3889,0.1112,0.1354,-7.7237,-6.2752,0.2969,-0.1787,0.1370,0.4297
-1.0750,4.0342,7.5657,0.3379,0.1788,0.1737,-7.7716,-5.6814,0.5842,-0.2386,0.1479,0.3870
-1.1708,4.5610,7.1754,0.2762,-0.0357,0.1406,-8.0685,-5.1858,0.3615,-0.0148,0.0253,0.3344
-1.0439,5.0829,6.4308,0.1366,-0.0899,0.1961,-8.1594,-4.3431,0.2322,-0.0823,-0.0963,0.2320
-0.2897,5.1020,6.0430,0.0157,0.1645,0.1323,-8.0445,-3.6200,0.7422,-0.2406,0.0143,0.1019
-0.3136,5.3822,5.6910,-0.0846,0.0759,0.0123,-8.0613,-3.3160,0.5555,-0.1338,0.0097,-0.0493
-0.2658,5.3654,5.5162,-0.1507,0.1512,-0.0671,-8.0589,-3.4213,0.7015,-0.1856,0.0966,-0.1319
0.1341,5.3319,5.6886,-0.1510,0.1599,-0.1039,-8.0014,-3.3854,0.9720,-0.1561,0.1475,-0.1439
0.4070,5.2289,5.9568,-0.1304,-0.0144,-0.2397,-7.8961,-3.2465,1.0846,0.0617,0.1871,-0.1915
0.3711,5.2672,6.1268,-0.1888,-0.1799,-0.3367,-7.9703,-3.3806,0.9744,0.2445,0.1103,-0.2407
0.3639,5.0589,6.5841,-0.2278,-0.3116,-0.3692,-8.2073,-4.2353,1.5347,0.3628,0.0935,-0.2425
0.6177,4.6448,7.0150,-0.1765,-0.4182,-0.4462,-7.8410,-4.3670,1.8555,0.4947,0.1346,-0.2214
0.5842,4.3335,7.1802,-0.1455,-0.4755,-0.5493,-7.7117,-4.6448,2.1261,0.5875,0.1916,-0.2438
0.2705,4.2713,6.9719,-0.0314,-0.3801,-0.6996,-7.6447,-4.6208,1.6089,0.6515,0.4138,-0.2675
-0.6800,4.6926,6.6559,-0.0857,-0.3285,-0.6636,-8.0325,-4.9608,0.5578,0.5279,0.3409,-0.2458
-0.8045,4.6232,7.3047,0.0412,-0.2569,-0.5261,-8.0541,-5.4540,0.7518,0.4165,0.3846,-0.1075
-0.5555,4.3766,7.3789,0.1124,-0.3930,-0.5193,-7.9152,-5.3103,1.0846,0.5626,0.3056,-0.0437
-0.6249,4.4819,6.7924,0.1318,-0.4458,-0.4586,-7.8626,-5.1308,0.6033,0.5538,0.2302,0.0065
-0.4908,4.3287,7.0844,0.0954,-0.3444,-0.3543,-7.7189,-5.1380,1.0487,0.4297,0.1803,0.0265
-0.3543,4.1946,6.9528,0.0713,-0.3441,-0.2903,-7.5417,-4.9297,0.9888,0.3721,0.1312,0.0189
-0.5076,4.1492,7.1060,-0.0191,-0.2322,-0.2629,-7.6782,-5.3175,0.8835,0.2582,0.1212,-0.0336
-0.6536,4.0175,7.1922,-0.0457,-0.2012,-0.1888,-7.6686,-5.4085,0.6776,0.1933,0.0819,-0.0510
-0.9218,4.0725,7.3263,-0.1306,-0.1395,-0.1106,-7.7261,-5.7461,0.7374,0.0534,-0.0093,-0.0715
-0.8116,3.9768,7.6231,-0.1515,0.0104,0.0240,-7.6830,-5.9855,1.0391,-0.1042,-0.0304,-0.0442
-0.6297,3.6296,7.8985,-0.0886,0.0246,0.0574,-7.5178,-6.1794,1.2019,-0.0991,-0.0769,0.0250
-0.7183,3.4812,7.2975,0.0029,-0.0277,0.0809,-7.2305,-5.7916,1.0439,-0.0556,-0.0540,0.1014
-0.7326,4.0989,6.8067,0.0268,0.0212,0.1669,-7.4771,-5.3032,0.5459,-0.1657,-0.0604,0.1506
-0.7278,4.6376,6.8091,0.0228,0.0536,0.2739,-7.9511,-4.9368,0.4764,-0.2145,-0.1382,0.1636
-0.5195,5.0326,6.8043,-0.0305,-0.0262,0.3770,-8.2720,-4.5633,0.5028,-0.2346,-0.2783,0.1832
-0.5100,5.1787,6.6128,-0.1402,0.1232,0.5007,-8.3294,-4.6136,0.5674,-0.4293,-0.3633,0.1735
-0.7398,4.9440,6.9168,-0.1643,0.2093,0.6081,-8.2337,-4.8818,0.6991,-0.5761,-0.4546,0.1428
-0.1341,4.6567,6.9336,-0.2076,0.4243,0.7015,-7.9583,-4.7716,1.2761,-0.7865,-0.3969,0.1620
0.2634,4.7549,6.9168,-0.2070,0.3617,0.6219,-7.9320,-4.3431,1.5682,-0.6380,-0.3873,0.1254
0.0455,5.2625,5.8754,-0.2133,0.2117,0.5351,-8.0685,-3.6272,0.6369,-0.5361,-0.4247,0.0774
-0.0982,5.4277,6.2201,-0.3416,0.4363,0.6928,-8.2313,-3.8954,0.9050,-0.8152,-0.4259,0.0478
0.2777,5.4827,6.5098,-0.2872,0.3031,0.6920,-8.3294,-3.8810,1.3503,-0.6546,-0.5261,0.0918
0.3974,5.5091,6.4404,-0.2609,0.1773,0.6027,-8.4731,-3.8044,1.4437,-0.5165,-0.4566,0.1023
0.3711,5.6383,6.0262,-0.2686,0.1835,0.5620,-8.3270,-3.4955,1.2282,-0.5096,-0.4719,0.0846
0.0742,5.7557,6.4260,-0.2593,0.2475,0.5529,-8.7293,-3.8140,1.0008,-0.5538,-0.3801,0.0470
0.2274,5.7054,6.7564,-0.2581,0.2270,0.5351,-8.7795,-4.0294,1.3288,-0.5408,-0.4096,0.0715
0.3903,4.9057,7.4675,-0.1836,0.1402,0.6001,-8.2935,-5.0470,1.8842,-0.4774,-0.4582,0.1847
0.7183,4.3598,6.9911,-0.0610,0.0492,0.5273,-7.6471,-4.5538,2.0877,-0.3559,-0.4197,0.2438
0.1437,4.6208,6.8259,-0.0718,0.1163,0.4505,-7.8745,-4.5107,1.4006,-0.3640,-0.2595,0.1915
-0.0192,4.5657,6.8474,-0.1484,0.0568,0.4827,-7.7883,-4.5203,1.2833,-0.3663,-0.4166,0.1246
0.3496,4.0199,7.3622,-0.2809,0.1933,0.4443,-7.7189,-5.2194,2.0159,-0.5108,-0.3086,0.0269
0.0455,3.7876,7.7357,-0.2345,0.2150,0.3473,-7.3957,-5.6336,1.8411,-0.4195,-0.2907,0.0088
-0.2801,3.6200,7.4124,-0.3004,0.1785,0.3568,-7.1658,-5.4133,1.3671,-0.4257,-0.2926,-0.0718
-0.2466,3.3423,6.9719,-0.4447,0.2884,0.3612,-6.8354,-5.2577,1.1372,-0.5209,-0.3445,-0.1892
-0.3136,3.2633,7.2927,-0.5448,0.2778,0.3832,-6.7636,-5.6503,1.3144,-0.5255,-0.4012,-0.2543
0.2873,2.7749,7.2951,-0.5842,0.0689,0.3251,-6.4452,-5.4779,1.9393,-0.3353,-0.4854,-0.3289
0.2801,2.5929,7.5226,-0.6618,-0.0149,0.2317,-6.3470,-5.9975,1.8938,-0.2415,-0.4521,-0.3860
-0.5195,2.6169,7.7285,-0.6138,0.0946,0.2413,-6.5721,-6.7205,1.5012,-0.3393,-0.3792,-0.3393
-1.6376,2.5259,8.6574,-0.3866,0.3476,0.5161,-7.0150,-7.7979,0.8284,-0.6399,-0.3850,-0.0437
-1.5203,2.6552,8.4300,-0.2790,0.2709,0.5425,-6.9791,-7.5322,0.8068,-0.5982,-0.3972,0.0366
-1.4748,2.6600,8.1499,-0.2098,0.3421,0.6139,-6.8929,-7.1563,0.7973,-0.6630,-0.3964,0.1386
-1.3408,2.7366,7.9727,-0.1583,0.4499,0.6859,-6.9264,-7.0461,0.7709,-0.7910,-0.3516,0.1873
-1.0630,2.7653,7.7524,-0.1038,0.5033,0.7683,-6.6870,-6.6535,1.1181,-0.8732,-0.3910,0.2554
-0.3208,2.6408,7.7357,-0.1272,0.5554,0.7761,-6.6391,-6.3375,1.7119,-0.9293,-0.3445,0.2651
0.1365,2.5738,7.6136,-0.0542,0.4615,0.6479,-6.5074,-5.9999,1.8914,-0.7466,-0.3120,0.2838
0.1245,2.7342,7.6160,-0.0445,0.2817,0.5608,-6.5457,-6.0358,2.2314,-0.6001,-0.2950,0.2888
0.1484,2.5474,7.6686,0.0513,0.3273,0.4330,-6.3686,-6.1483,1.9848,-0.5496,-0.1580,0.2709
-0.2131,2.6336,7.9727,0.1615,0.3320,0.3668,-6.6679,-6.5434,1.7717,-0.5224,-0.1186,0.3367
-0.7638,2.9999,7.5537,0.2598,0.3056,0.4149,-6.7852,-6.3829,1.0008,-0.4868,-0.0919,0.4189
-1.2067,3.3160,7.1299,0.2507,0.3067,0.5470,-6.9839,-6.0693,0.4980,-0.5352,-0.1833,0.4835
-1.0606,3.5745,7.2688,0.2184,0.3238,0.6815,-7.2856,-5.9927,0.7087,-0.6186,-0.2048,0.5303
-0.8787,3.7086,7.6758,0.2178,0.2866,0.7053,-7.4388,-5.9783,0.8404,-0.5922,-0.2260,0.5340
-0.7087,3.8547,7.3239,0.2176,0.2316,0.7389,-7.4292,-5.5186,0.7015,-0.5513,-0.3010,0.5417
-0.5243,3.8547,7.1635,0.0951,0.2615,0.7517,-7.4364,-5.4947,1.0056,-0.6305,-0.3822,0.4575
-0.1460,3.6679,7.1156,0.0420,0.3821,0.7655,-7.1730,-5.2648,1.5107,-0.7452,-0.4061,0.4261
0.2179,3.5889,7.3382,-0.0292,0.4271,0.7115,-7.1228,-5.3917,1.8052,-0.7855,-0.3301,0.3232
0.3041,3.5410,7.4819,-0.0144,0.2825,0.6178,-7.1036,-5.2361,2.0806,-0.5666,-0.3407,0.2943
0.1125,3.7469,7.0749,-0.0056,0.1763,0.4550,-7.2999,-5.0566,1.6041,-0.3816,-0.2176,0.2419
-0.7230,4.5993,7.0653,-0.0192,-0.0032,0.4451,-7.9080,-5.0182,0.4741,-0.2403,-0.3223,0.2357
-0.0215,4.3072,6.1028,-0.2000,0.1043,0.6355,-7.3287,-4.4987,1.4844,-0.5541,-0.5822,0.2086
0.7638,4.2401,7.3789,0.0003,0.4549,0.4108,-7.7835,-4.6711,2.2194,-0.5211,0.0659,0.1704
-0.8188,6.0358,6.1004,0.0330,-0.1303,0.2041,-9.0070,-3.7541,-0.5195,-0.0288,-0.2399,0.1635
-1.3862,6.4596,6.0932,-0.2394,0.0428,0.4202,-9.4020,-4.2042,-0.4980,-0.4430,-0.3472,0.0601
-0.9194,5.9496,7.9104,-0.1559,0.3691,0.4775,-9.7229,-5.5186,1.2546,-0.6095,-0.2030,0.1519
-0.7135,5.8251,8.2552,0.1669,0.2093,0.1943,-9.6223,-5.3151,1.3360,-0.2090,0.0558,0.2738
-1.1085,6.4380,6.4189,0.3075,-0.0356,-0.0189,-9.4739,-3.8235,-0.1197,0.0422,0.1240,0.2766
-0.9912,6.3375,5.6240,0.1597,0.0769,-0.0954,-8.9184,-3.2082,-0.2729,-0.0522,0.2008,0.1367
-0.6560,6.1435,6.0238,0.0733,0.0152,-0.2262,-8.7915,-3.4644,0.0335,0.1041,0.2277,0.0308
-1.1061,5.7030,5.7293,0.0614,-0.2966,-0.4199,-8.5760,-3.7972,-0.0455,0.4251,0.2114,-0.0682
-1.3982,5.8419,5.6767,0.1085,-0.3689,-0.3773,-8.5425,-4.0103,-0.5914,0.4092,0.1797,-0.0052
-1.5586,5.8131,5.7892,0.0949,-0.1174,-0.1568,-8.5138,-4.2737,-0.6081,0.1139,0.1840,0.0958
-1.2234,5.6671,6.0573,0.1625,-0.0008,-0.0939,-8.5593,-4.0294,-0.1963,0.0401,0.1929,0.1781
-1.2905,6.0813,5.2289,0.2124,-0.1403,-0.1619,-8.5904,-3.1651,-0.8404,0.1962,0.1813,0.1475
-1.6640,6.6559,4.3574,0.0805,-0.0613,-0.1974,-8.7628,-2.4684,-1.4389,0.1166,0.1833,0.0384
-1.6017,6.6511,4.3958,-0.0245,-0.0125,-0.2534,-8.7867,-2.3583,-1.4772,0.1011,0.1962,-0.0612
-1.6376,6.8283,4.5466,-0.0966,-0.1787,-0.3096,-8.9998,-2.4708,-1.3096,0.2531,0.1775,-0.1548
-0.6847,6.1746,6.0142,-0.3042,-0.1939,-0.3493,-9.0860,-3.8882,0.6297,0.2065,0.1210,-0.2872
-0.0742,5.6000,6.3015,-0.1298,-0.2485,-0.4254,-8.4013,-3.7709,0.9601,0.3455,0.1833,-0.2133
-0.3304,5.2577,6.2249,-0.1071,-0.1639,-0.4818,-8.2576,-4.2713,0.8978,0.2198,0.3043,-0.2122
-0.0479,4.5825,6.6655,-0.0048,0.1240,-0.4505,-7.7261,-4.7908,1.5634,0.0306,0.4045,-0.1046
-0.5411,4.6471,7.6088,0.1855,0.1038,-0.5485,-8.1355,-5.4827,0.9840,0.2450,0.6692,-0.0492
-1.4748,5.4013,7.3119,0.2124,-0.5937,-0.4707,-8.7556,-5.0877,-0.4334,0.7469,0.1733,0.0697
-0.7709,4.8650,6.1172,-0.0608,-0.6610,-0.2613,-7.8793,-4.5633,0.4334,0.4858,-0.1136,-0.0163
-0.3543,4.0223,7.6279,-0.0981,0.0156,-0.2806,-7.6519,-5.6599,1.6209,0.0232,0.2810,-0.1391
-0.6249,3.5051,7.8362,-0.1551,0.0709,-0.3106,-7.1635,-5.9089,1.3982,0.0773,0.1688,-0.2033
-0.7135,3.2202,6.8857,-0.1840,-0.0750,-0.2979,-6.8043,-5.6671,0.5171,0.1533,0.1597,-0.2489
-1.1253,3.4405,6.7253,-0.2950,-0.0025,-0.1928,-6.7900,-5.5354,-0.0239,0.0179,0.0354,-0.2551
-1.2617,3.3926,7.3574,-0.4004,-0.1988,-0.0100,-7.0868,-6.1363,0.3591,0.0958,-0.2427,-0.2382
-1.0774,3.5314,7.6136,-0.3375,-0.3908,0.0778,-7.3789,-6.2560,0.5339,0.2037,-0.3425,-0.1592
-1.0295,3.7900,7.6758,-0.3295,-0.3886,0.1252,-7.7572,-6.1555,0.5339,0.1308,-0.4295,-0.1362
-0.5938,4.2569,7.7428,-0.1463,-0.3008,0.0123,-7.9727,-5.5952,1.1301,0.0986,-0.3074,-0.0573
-0.9720,4.7597,6.8714,-0.1018,-0.2709,0.0016,-8.0756,-5.0805,1.9968,0.1039,-0.2931,-0.0834
0.0168,4.6711,7.5106,-0.2659,0.0208,-0.0882,-8.0062,-4.9536,2.2338,-0.0360,-0.0763,-0.1248
0.1867,4.0845,7.4962,-0.3020,-0.0394,-0.0813,-7.5944,-5.3223,2.3918,-0.0446,-0.0965,-0.1768
0.4453,3.5769,7.7524,-0.1597,0.0568,-0.1803,-7.3071,-5.6024,2.5642,-0.0101,0.1741,-0.1428
0.1604,3.5003,7.7955,-0.1118,-0.0835,-0.3455,-7.2281,-5.6360,2.1141,0.2467,0.2701,-0.1985
-0.3448,3.8092,7.2568,-0.1407,-0.1749,-0.3945,-7.3933,-5.3223,0.9960,0.3364,0.2613,-0.2499
-0.6512,3.9720,7.0820,-0.2029,-0.1885,-0.4143,-7.3981,-5.3702,0.9266,0.2830,0.1320,-0.2990
-0.4405,3.8786,7.3430,-0.2358,-0.1557,-0.4205,-7.4292,-5.5426,1.1803,0.2377,0.1392,-0.3072
-0.3831,3.6368,7.5010,-0.3139,-0.2097,-0.4293,-7.1970,-5.7652,1.5299,0.2200,0.0902,-0.3491
-0.6057,3.4716,8.0613,-0.1232,-0.0470,-0.4351,-7.5393,-6.4212,1.5036,0.2321,0.3206,-0.2406
-1.5012,4.4341,7.5322,-0.0284,-0.0133,-0.4600,-8.1594,-6.1244,0.4142,0.1636,0.4066,-0.1733
-1.1540,4.2689,7.5800,0.0234,0.0973,-0.4331,-8.0158,-6.0118,0.8284,0.0846,0.4445,-0.0898
-0.7087,3.9193,7.3837,0.1046,-0.0601,-0.5084,-7.5250,-5.6455,1.1923,0.2419,0.4281,-0.0707
-0.9146,3.7828,7.4484,0.1459,-0.0313,-0.5693,-7.5154,-6.1004,0.9266,0.2217,0.5794,-0.0274
-0.7781,3.2848,7.8027,0.2193,0.0188,-0.5457,-6.9839,-6.1723,1.0271,0.2526,0.5656,0.0376
-0.8021,3.1603,7.5058,0.2535,-0.1331,-0.5789,-6.9168,-6.1651,0.8667,0.3648,0.5510,0.0468
-1.0534,3.1053,7.1802,0.2771,-0.0590,-0.5490,-6.7947,-6.1890,0.6057,0.3020,0.5614,0.0798
-1.4293,2.9568,7.5322,0.2987,0.0051,-0.4652,-6.9073,-6.6295,0.4621,0.2198,0.5654,0.1294
-1.6544,2.8395,7.3119,0.3325,-0.0593,-0.4644,-6.6559,-6.5577,0.3208,0.2802,0.5352,0.1645
-1.9417,2.9592,6.9240,0.1980,-0.0799,-0.3932,-6.5769,-6.1675,-0.4381,0.2266,0.3762,0.0336
-1.8651,2.9090,7.2113,0.0240,0.0321,-0.2615,-6.7397,-6.6822,-0.1389,0.0109,0.2711,0.0113
-1.8435,2.8946,7.4795,-0.0187,0.0978,-0.1492,-6.7684,-6.7493,0.0359,-0.0541,0.1705,0.0265
-1.6951,3.0239,7.5130,-0.0076,-0.0396,-0.1264,-6.8977,-6.4620,-0.0790,0.0597,0.1267,-0.0128
-2.0470,3.6320,6.9025,-0.0799,-0.1118,-0.0569,-7.2616,-6.1986,-0.6057,0.0566,-0.0521,-0.0432
-1.8459,3.8762,7.1299,-0.1486,-0.1331,0.1220,-7.5250,-6.1196,-0.2155,-0.0207,-0.1944,-0.0017
-1.4916,3.8164,7.3287,-0.1728,-0.1462,0.2161,-7.6447,-6.1268,0.2059,-0.0638,-0.2733,0.0253
-1.2115,4.0342,7.0198,-0.1303,-0.0494,0.2827,-7.4651,-5.5186,0.4956,-0.1340,-0.2745,0.0498
-1.0774,4.1515,6.5410,-0.1438,0.0458,0.2848,-7.5393,-5.1164,0.5507,-0.2152,-0.2214,0.0284
-0.7901,4.1970,6.3997,-0.1370,0.0935,0.1933,-7.4771,-4.8171,0.7015,-0.1994,-0.1396,0.0007
-0.4717,4.4460,6.1699,-0.1240,-0.0115,0.0546,-7.4412,-4.3144,0.7757,-0.0771,-0.0626,-0.0398
-0.6321,4.6615,5.9328,-0.1487,-0.0281,-0.0372,-7.6495,-4.1611,0.5411,-0.0240,0.0220,-0.1203
-0.8260,5.0566,6.2106,-0.1623,-0.1075,-0.1034,-8.0613,-4.2904,-0.0072,0.0926,0.0111,-0.1500
-0.8523,5.3223,6.3375,-0.2224,-0.3832,-0.0614,-8.2983,-4.3838,0.0479,0.2618,-0.1891,-0.0933
-0.3136,4.7238,6.0861,-0.2854,-0.3475,-0.0589,-7.6998,-3.9480,0.7901,0.2293,-0.2104,-0.1788
-0.0407,4.6495,6.7157,-0.3381,-0.3010,-0.1128,-7.8506,-4.5633,1.4006,0.2272,-0.1687,-0.2337
-0.0359,4.8363,6.6511,-0.2558,-0.3589,-0.2062,-7.8434,-4.4029,1.0870,0.3250,-0.0518,-0.2405
-0.1365,4.7238,6.9695,-0.2856,-0.3239,-0.2517,-7.9200,-4.7046,1.2402,0.3030,-0.0492,-0.2407
-0.2682,4.6543,7.0797,-0.2474,-0.3347,-0.2518,-8.0086,-5.0302,1.0798,0.3291,-0.0111,-0.2240
-0.5531,4.9177,7.4986,-0.2204,-0.3347,-0.2186,-8.3677,-5.4300,0.8332,0.2859,-0.0526,-0.1831
-0.6680,4.9847,7.6231,-0.1244,-0.3082,-0.1294,-8.5712,-5.5952,1.0606,0.2705,-0.0508,-0.0681
-0.4956,5.0182,7.2927,-0.0204,-0.4000,-0.0750,-8.4874,-5.1739,1.2139,0.3395,-0.1091,0.0605
-0.3136,4.8507,6.8474,-0.0826,-0.2425,0.0000,-8.2361,-5.0829,1.1851,0.0464,-0.0855,0.0159
0.1580,4.3670,7.7620,0.0385,-0.1961,-0.1499,-8.0397,-5.2768,2.0566,0.1623,0.0946,0.0360
0.1317,4.3287,7.4771,0.1307,-0.0870,-0.2539,-8.0182,-5.4564,1.7262,0.1216,0.2707,0.0497
-0.3184,4.2593,7.7907,0.1748,0.0124,-0.2505,-7.9703,-5.6838,1.4030,0.1190,0.3147,0.1178
-0.5794,4.4508,7.4244,0.2132,-0.0711,-0.2145,-8.0325,-5.4516,0.9146,0.1483,0.2850,0.1577
-0.4884,4.5155,6.6367,0.0658,-0.0097,-0.1609,-7.6854,-4.8052,0.8380,0.0306,0.1697,0.0846
-0.7494,4.5298,6.5050,0.0160,0.0065,-0.1916,-7.7476,-4.6280,0.4214,0.0508,0.1998,-0.0113
-0.8763,4.7597,6.4620,-0.0253,-0.1226,-0.2086,-7.8482,-4.6424,0.1365,0.1467,0.1200,-0.0630
-1.0463,5.0637,6.2225,-0.0799,-0.1126,-0.1092,-8.0517,-4.4963,-0.0239,0.0566,0.0218,-0.0597
-0.5746,4.8937,6.3566,-0.1771,0.1073,0.0269,-8.0206,-4.6280,0.6680,-0.1875,-0.0376,-0.0674
-0.1867,4.6663,6.9887,-0.1435,0.0072,-0.0265,-7.9631,-4.7956,1.1732,-0.0496,-0.0266,-0.0594
-0.1724,4.7429,6.6463,-0.1074,-0.1034,-0.0687,-7.8219,-4.3862,0.9337,0.0422,0.0000,-0.0645
-0.3567,4.9775,6.5864,-0.1792,0.0116,-0.0727,-8.0134,-4.4915,0.6943,-0.0465,0.0135,-0.1168
-0.5555,4.9440,6.5936,-0.1643,-0.0284,-0.1023,-8.1139,-4.6400,0.7111,0.0200,0.0187,-0.1131
-0.7446,4.9847,6.5721,-0.1827,-0.0652,-0.1078,-8.1570,-4.7908,0.2921,0.0052,0.0035,-0.1176
-0.8930,4.9775,6.9097,-0.1932,-0.0180,-0.0221,-8.3270,-5.0829,0.4980,-0.0396,-0.0430,-0.0925
-0.5435,4.8507,6.8259,-0.1154,-0.1172,-0.0029,-8.0397,-4.6950,0.8428,0.0418,-0.0914,-0.0600
-0.2729,4.7956,6.3949,-0.1888,-0.0548,-0.0161,-7.9535,-4.4796,0.9744,-0.0492,-0.0590,-0.0942
-0.1939,4.7788,6.9935,-0.1780,-0.0025,-0.0481,-7.9631,-4.7070,1.2402,-0.0207,-0.0076,-0.1090
-0.3448,4.9728,6.6008,-0.1450,-0.1524,-0.0974,-8.0206,-4.3407,0.8021,0.1196,-0.0416,-0.1099
-0.4453,5.0374,6.3997,-0.2124,-0.1104,-0.1210,-8.1044,-4.1994,0.5148,0.0939,-0.0262,-0.1641
-0.4884,4.9057,6.8857,-0.2846,-0.1704,-0.1236,-8.0756,-4.7094,0.8571,0.1382,-0.0930,-0.1947
-0.3089,4.6950,6.6631,-0.2447,-0.3255,-0.1539,-7.7716,-4.5418,0.7374,0.2840,-0.1207,-0.1897
-0.2729,4.2784,6.6080,-0.3535,-0.2430,-0.1230,-7.4292,-4.8602,1.1085,0.1486,-0.1371,-0.2609
0.0359,3.8906,7.1922,-0.3757,-0.0252,-0.1252,-7.2856,-5.1643,1.6688,-0.0039,-0.0185,-0.3008
0.0766,3.6583,7.4292,-0.3567,-0.2316,-0.1984,-7.1108,-5.4277,1.7119,0.2142,-0.0809,-0.3095
-0.0239,3.5362,7.3670,-0.3385,-0.2783,-0.2090,-7.1587,-5.7293,1.3910,0.1944,-0.0769,-0.2862
-0.2969,3.4357,7.7835,-0.3407,-0.0488,-0.1175,-7.2688,-6.1292,1.7549,-0.0099,-0.0454,-0.2657
-0.2059,3.2848,8.0709,-0.2943,-0.0438,-0.0993,-7.1970,-6.2537,1.9944,0.0007,-0.0200,-0.2453
0.0407,3.0813,8.0014,-0.2313,-0.0969,-0.1383,-7.0222,-6.2920,2.0782,0.0632,-0.0127,-0.1755
0.0144,3.0071,7.7907,-0.2029,-0.0687,-0.1824,-6.9408,-6.1004,1.8076,0.0561,0.0381,-0.1851
-0.0503,3.1627,7.9296,-0.2081,-0.0035,-0.1346,-7.0342,-6.3255,2.0470,-0.0179,0.0301,-0.1749
-0.0407,2.8515,7.9511,-0.1927,0.0422,-0.0971,-6.7636,-6.2872,2.0016,-0.0598,0.0405,-0.1267
0.0622,2.6647,7.9966,-0.1677,0.0024,-0.1339,-6.7014,-6.4715,2.0423,-0.0131,0.0785,-0.1251
-0.3208,2.7414,7.9942,-0.1017,-0.0322,-0.1334,-6.7229,-6.5434,1.5610,0.0196,0.0629,-0.0835
-0.4884,2.7892,7.7572,-0.0625,0.0662,-0.0634,-6.7876,-6.5457,1.5443,-0.0773,0.0934,-0.0177
-0.3352,2.7294,7.9895,-0.0400,0.0215,-0.0549,-6.7157,-6.5673,1.6376,-0.0762,0.0759,0.0087
-0.4764,2.8299,8.0397,0.0183,0.0330,0.0076,-6.7493,-6.4260,1.3360,-0.0959,0.0775,0.0670
-0.3017,2.7270,7.8458,-0.0249,0.1188,0.0509,-6.7109,-6.5984,1.7597,-0.2177,0.0432,0.0871
-0.3376,2.7605,7.9679,0.0621,0.1135,0.0108,-6.7397,-6.4284,1.5419,-0.1537,0.1018,0.1051
-0.4836,2.9449,7.5250,0.0274,0.0474,0.0257,-6.6990,-6.0741,1.2905,-0.1348,0.0132,0.1090
-0.5195,2.8323,7.4986,0.0489,0.0722,0.0264,-6.5888,-6.2393,1.3647,-0.1159,0.0358,0.1227
-0.6608,2.9185,7.3574,0.0755,-0.0250,0.0494,-6.6511,-6.1986,1.1875,-0.0945,0.0269,0.1256
-0.5890,3.1125,7.2975,0.0730,0.1458,0.1466,-6.6798,-5.9616,1.3048,-0.2487,0.0441,0.1631
-0.1437,2.9688,7.6926,0.0125,0.1399,0.1171,-6.8091,-6.0573,1.7597,-0.2138,0.0200,0.1243
-0.4549,3.1556,7.4867,0.0237,0.0080,0.0501,-6.9097,-5.8538,1.4054,-0.0789,-0.0085,0.0811
-0.7230,3.4620,7.4555,-0.0693,0.0873,0.0529,-7.1587,-5.8299,0.9290,-0.1644,0.0119,-0.0127
-0.6249,3.3974,7.9918,-0.1549,0.1335,0.0274,-7.3933,-6.1555,1.2402,-0.1877,0.0292,-0.0723
-0.6847,3.5147,7.8745,-0.1471,0.0939,-0.0690,-7.3047,-6.2417,1.3024,-0.1320,0.0484,-0.1065
-0.6608,3.4237,7.7117,-0.1356,0.2145,-0.0802,-7.3358,-6.2656,1.2737,-0.2370,0.1334,-0.0793
-0.8547,3.3112,7.8626,-0.0522,0.2449,-0.1263,-7.2089,-6.4500,1.1564,-0.1912,0.2061,-0.0438
-0.6273,3.1436,8.0038,-0.0084,0.1240,-0.1286,-7.0629,-6.3614,1.2210,-0.0604,0.2081,0.0212
-0.7757,3.2992,7.2903,0.1284,-0.0644,-0.2487,-7.0629,-5.8610,0.7566,0.1672,0.2446,0.0701
-1.0534,3.6200,6.7325,0.0982,-0.1363,-0.2646,-6.9887,-5.4564,0.3663,0.1836,0.2222,0.0179
-1.1420,3.9121,6.5098,0.0430,-0.0024,-0.1825,-7.0509,-5.2912,0.1149,0.0284,0.2060,-0.0137
-1.0367,3.9289,6.8833,-0.0493,0.0965,-0.0929,-7.3550,-5.5354,0.4573,-0.1070,0.1188,0.0049
-0.9385,3.7469,7.1730,-0.0546,0.0189,-0.1136,-7.3454,-5.7844,0.7829,-0.0348,0.1051,-0.0337
-1.1396,3.6559,7.5226,-0.0290,0.0316,-0.0983,-7.5010,-6.2465,0.8691,-0.0450,0.1214,-0.0091
-1.1277,3.6583,7.5800,0.0040,0.0938,-0.0818,-7.3861,-6.2321,0.8284,-0.0974,0.1240,0.0288
-1.0295,3.6033,7.7812,0.0426,0.0779,-0.0799,-7.4795,-6.2369,0.9792,-0.0757,0.1549,0.0509
-0.8547,3.8618,7.5010,0.0846,0.0232,-0.1480,-7.4939,-5.8107,0.7829,0.0248,0.2098,0.0562
-1.1588,4.1156,7.1323,0.0288,0.0392,-0.1932,-7.4891,-5.5282,0.5507,0.0129,0.1916,0.0013
-1.1325,3.9696,7.1754,-0.0382,0.1302,-0.1629,-7.5082,-5.8299,0.5291,-0.1017,0.1925,-0.0388
-1.2019,3.8930,7.4986,0.0021,0.0927,-0.1741,-7.5369,-6.1411,0.7207,-0.0389,0.1935,-0.0129
-1.3096,3.7804,7.2018,0.0197,0.0012,-0.1993,-7.3358,-5.7820,0.1748,0.0314,0.1723,-0.0180
-1.7119,3.8283,7.1850,-0.0396,0.1238,-0.1379,-7.5034,-6.2249,0.1700,-0.1120,0.1637,-0.0164
-1.4820,3.5291,7.3478,-0.0213,0.1091,-0.1071,-7.3981,-6.1746,0.3950,-0.0783,0.1248,0.0112
-1.5586,3.5650,7.1275,0.0056,0.0653,-0.1111,-7.1635,-6.0334,0.3232,-0.0683,0.1247,0.0152
-1.6712,3.5458,6.9408,0.0004,0.0945,-0.0833,-7.1084,-5.9855,-0.0646,-0.1039,0.1451,-0.0004
-1.5131,3.5410,6.9599,-0.0416,0.0761,-0.0372,-7.0844,-5.9041,0.0575,-0.1130,0.0859,-0.0139
-1.5514,3.5554,6.7900,-0.0870,0.0344,-0.0152,-6.9863,-5.7174,0.1508,-0.0762,0.0272,-0.0197
-1.4868,3.5961,6.7086,-0.1231,0.0461,-0.0272,-7.1204,-5.6838,-0.1006,-0.1078,0.0246,-0.0578
-1.5993,3.6320,7.1275,-0.1604,0.0573,-0.0057,-7.2257,-5.9807,0.1293,-0.1231,-0.0277,-0.0734
-1.6281,3.6344,7.2018,-0.1777,0.0485,-0.0032,-7.2999,-6.1507,0.1053,-0.1136,-0.0052,-0.0910
-1.6879,3.6392,7.3981,-0.1635,0.0657,0.0161,-7.2808,-6.1603,-0.0144,-0.1255,-0.0300,-0.0778
-1.8244,3.5721,7.2640,-0.1715,0.0774,0.0556,-7.3765,-6.3901,-0.0335,-0.1615,-0.0584,-0.0661
-1.8866,3.6009,7.4077,-0.1146,0.0386,0.0683,-7.3526,-6.3949,0.0000,-0.1232,-0.0753,0.0063
-1.6400,3.5219,7.1251,-0.1254,0.0047,0.0914,-7.1371,-6.0430,0.0551,-0.1210,-0.0834,-0.0099
-1.6161,3.5961,7.1060,-0.1571,0.0317,0.1062,-7.2760,-6.1435,-0.0024,-0.1450,-0.1057,-0.0125
-1.6448,3.6990,7.1275,-0.1366,-0.0095,0.0887,-7.2975,-5.8466,0.0048,-0.1025,-0.1148,-0.0141
-1.4868,3.6919,6.7516,-0.1899,-0.0064,0.1043,-7.2856,-5.7485,-0.0263,-0.1484,-0.1310,-0.0606
-1.3336,3.6152,7.1228,-0.2372,0.0597,0.1459,-7.1946,-5.9831,0.4788,-0.1981,-0.1596,-0.0815
-1.2546,3.4046,7.3622,-0.2004,-0.0016,0.0886,-7.2209,-6.2297,0.5267,-0.1188,-0.1264,-0.0713
-1.2785,3.5314,7.1443,-0.1776,0.0003,0.0525,-7.1994,-5.9927,0.3998,-0.1111,-0.0969,-0.0673
-1.4892,3.6583,7.0916,-0.2070,0.0678,0.0741,-7.2592,-5.9664,0.2394,-0.1671,-0.0802,-0.0847
-1.4724,3.6224,7.3598,-0.1689,0.0735,0.0887,-7.4196,-6.1675,0.3639,-0.1623,-0.0863,-0.0717
-1.4653,3.6583,7.3406,-0.1338,-0.0107,0.0644,-7.3239,-6.1459,0.3735,-0.0958,-0.0930,-0.0556
-1.4772,3.6512,7.2113,-0.1596,0.0857,0.0963,-7.1658,-6.0741,0.3041,-0.1969,-0.1013,-0.0468
-1.1277,3.3902,7.3741,-0.1969,0.0622,0.0893,-7.0844,-6.0382,0.7207,-0.1522,-0.1031,-0.0518
-1.2282,3.3854,7.6112,-0.1863,-0.0590,-0.0095,-7.2520,-6.3207,0.6225,-0.0252,-0.0412,-0.0967
-1.6257,3.3710,7.5202,-0.1972,0.0059,0.0149,-7.1874,-6.5338,0.1628,-0.0942,-0.0741,-0.0822
-1.6568,3.2920,7.7812,-0.1503,0.0695,0.0584,-7.2616,-6.6415,0.2203,-0.1459,-0.0671,-0.0440
-1.6568,3.2992,7.6375,-0.1135,0.0478,0.0887,-7.3215,-6.7445,0.4812,-0.1502,-0.0317,0.0044
-1.5514,3.4285,7.5346,-0.0358,-0.0068,0.0530,-7.2377,-6.3015,0.4238,-0.0707,-0.0373,0.0430
-1.4748,3.5554,7.1539,-0.0544,0.0225,0.0549,-7.1419,-6.0142,0.3328,-0.0995,-0.0234,0.0344
-1.3048,3.4357,7.1395,-0.0930,0.0144,0.0276,-7.0773,-5.9209,0.4405,-0.0853,-0.0284,0.0048
-1.3886,3.4955,7.1371,-0.0839,-0.0278,0.0167,-7.0222,-5.9472,0.4118,-0.0538,-0.0156,-0.0043
-1.4389,3.4117,7.2113,-0.1085,-0.0049,0.0139,-7.1228,-6.2704,0.2969,-0.0801,-0.0129,-0.0177
-1.4700,3.3375,7.4101,-0.0866,-0.0276,0.0095,-7.0390,-6.3805,0.4214,-0.0500,-0.0308,-0.0080
