-3.4644,2.9640,7.0270,-0.0056,0.0226,-0.0368,-8.8346,-2.9377,1.2474,0.0104,0.0365,0.0498
-3.5698,3.1556,6.4667,-0.0290,0.0181,-0.0490,-8.7101,-2.5355,0.9912,0.0139,0.0404,0.0141
-3.4764,3.3064,6.3925,-0.0710,-0.0410,-0.0318,-8.5904,-2.3248,1.0151,-0.0196,-0.0320,-0.0249
-3.3806,3.1915,6.8738,-0.1576,-0.0264,-0.0401,-8.8226,-2.8994,1.4413,-0.0726,0.0035,-0.0937
-3.2346,3.0215,7.2616,-0.0945,-0.0272,-0.0833,-8.8155,-3.0239,1.5945,0.0021,0.0413,-0.0637
-3.5027,2.7797,7.0509,-0.0226,0.0031,-0.0853,-8.7317,-3.1867,1.1277,0.0264,0.0596,-0.0132
-3.5841,2.8730,6.6200,-0.0958,0.0200,-0.0368,-8.6263,-2.8874,0.9792,-0.0597,0.0485,-0.0477
-3.4907,2.9257,6.8857,-0.0570,-0.0437,0.0079,-8.7724,-2.9449,1.1612,-0.0302,-0.0176,0.0145
-3.6751,2.9975,6.6535,-0.0755,-0.0667,0.0116,-8.7197,-2.7629,0.9601,-0.0436,-0.0436,-0.0080
-3.4524,3.0406,6.5434,-0.1003,-0.0823,0.0116,-8.7364,-2.9497,1.3455,-0.0516,-0.0654,-0.0378
-3.2968,2.9090,7.1204,-0.0565,-0.0677,0.0348,-8.7628,-3.1077,1.2258,-0.0401,-0.0870,0.0196
-3.3088,2.8778,7.0677,-0.0185,-0.0468,0.0711,-8.8609,-3.0622,1.4533,-0.0458,-0.0686,0.0771
-3.2585,3.0957,6.8402,-0.0353,-0.0386,0.0560,-8.7125,-2.7797,1.4222,-0.0541,-0.0361,0.0653
-3.0622,3.2920,6.7181,-0.0401,-0.0681,0.0256,-8.6598,-2.6384,1.6544,-0.0233,-0.0501,0.0588
-3.1412,3.2729,6.8163,0.0053,-0.0079,-0.0200,-8.7460,-2.6791,1.5107,0.0140,-0.0076,0.0405
-3.0813,3.2513,6.7253,-0.0260,-0.0252,-0.0175,-8.5712,-2.6408,1.5993,-0.0069,-0.0079,-0.0012
-3.0454,3.3447,6.6224,-0.0521,-0.0420,-0.0735,-8.6407,-2.5139,1.6735,0.0220,0.0115,-0.0374
-3.0813,3.2465,7.0940,-0.0919,-0.0103,-0.1116,-8.8849,-2.9042,1.6257,0.0165,0.0629,-0.0556
-3.3615,3.2106,6.9121,-0.0241,0.0013,-0.1298,-8.7508,-2.8994,1.3791,0.0532,0.0733,-0.0289
-3.3184,3.0167,6.8426,-0.0502,-0.0060,-0.1067,-8.6574,-2.8228,1.1947,0.0384,0.0530,-0.0264
-3.5674,2.9401,7.1132,-0.0246,-0.0063,-0.0723,-8.7819,-3.1460,1.2043,0.0179,0.0392,-0.0053
-3.5985,2.9449,6.9504,-0.0120,0.0028,-0.0281,-8.8825,-3.0813,1.2689,-0.0052,0.0306,0.0408
-3.3998,3.0430,6.8594,0.0041,0.0061,0.0104,-8.7724,-2.8204,1.3096,-0.0180,0.0157,0.0806
-3.3327,3.2561,6.7756,0.0195,-0.0141,0.0352,-8.7556,-2.6791,1.3408,-0.0101,-0.0121,0.1087
-3.3447,3.3615,6.7253,0.0127,-0.0101,0.0341,-8.7005,-2.4541,1.2929,-0.0256,-0.0133,0.0931
-3.3303,3.4692,6.5984,-0.0083,0.0228,0.0244,-8.7269,-2.3200,1.3120,-0.0345,-0.0017,0.0658
-3.2537,3.5267,6.7924,-0.0422,-0.0104,0.0141,-8.7819,-2.3056,1.4341,-0.0444,0.0047,0.0382
-3.3327,3.5027,6.6439,-0.0430,0.0040,-0.0316,-8.7556,-2.3966,1.2857,-0.0260,0.0289,-0.0004
-3.2848,3.4524,6.6319,-0.0819,-0.0079,-0.0324,-8.7628,-2.4565,1.3240,-0.0414,0.0211,-0.0145
-3.3184,3.4357,6.7038,-0.0898,-0.0242,-0.0368,-8.8178,-2.5905,1.3910,-0.0396,0.0084,-0.0185
-3.3734,3.3303,6.7421,-0.0593,-0.0037,-0.0364,-8.7604,-2.5379,1.2354,-0.0188,0.0084,-0.0037
-3.3208,3.3758,6.7349,-0.0701,-0.0051,-0.0225,-8.8442,-2.5043,1.3910,-0.0405,0.0067,-0.0077
-3.3926,3.4022,6.6655,-0.0731,-0.0076,-0.0072,-8.8298,-2.5714,1.3336,-0.0518,-0.0011,0.0177
-3.3040,3.3806,6.6535,-0.0648,-0.0224,-0.0052,-8.7005,-2.3367,1.3408,-0.0322,-0.0225,0.0047
-3.3232,3.4189,6.7349,-0.0969,-0.0438,-0.0312,-8.7700,-2.4708,1.3838,-0.0477,-0.0201,-0.0368
-3.3950,3.4141,6.7708,-0.0566,0.0040,-0.0105,-8.9208,-2.5833,1.5179,-0.0285,-0.0071,0.0318
-3.3926,3.4979,6.6966,-0.0640,-0.0145,-0.0306,-8.7173,-2.3439,1.3743,-0.0289,0.0137,-0.0109
-3.2729,3.3854,6.7588,-0.0761,-0.0111,-0.0257,-8.8466,-2.4948,1.4341,-0.0454,0.0269,-0.0160
-3.3232,3.4237,6.7995,-0.0573,-0.0065,-0.0396,-8.8442,-2.4636,1.4174,-0.0197,0.0313,-0.0177
-3.3423,3.3112,6.7445,-0.0738,0.0064,-0.0457,-8.7269,-2.4349,1.2617,-0.0248,0.0377,-0.0153
-3.5051,3.3423,6.7349,-0.0971,-0.0003,-0.0242,-8.8921,-2.6288,1.3982,-0.0502,0.0189,-0.0197
-3.3136,3.3902,6.8666,-0.0569,-0.0155,-0.0429,-8.8107,-2.5187,1.3479,-0.0125,0.0172,-0.0129
-3.5027,3.4453,6.7157,-0.0637,-0.0093,-0.0408,-8.8777,-2.5019,1.1372,-0.0249,0.0437,-0.0253
-3.4381,3.2753,6.6918,-0.0847,-0.0229,-0.0144,-8.7652,-2.4948,1.2809,-0.0432,-0.0362,-0.0080
-3.3902,3.3902,6.7684,-0.0939,-0.0195,-0.0159,-8.7628,-2.5402,1.4772,-0.0286,-0.0073,-0.0124
-3.2753,3.3686,6.7828,-0.0514,-0.0071,-0.0288,-8.9399,-2.5857,1.4892,-0.0148,0.0095,0.0012
-3.3160,3.4716,6.5697,-0.0898,-0.0280,-0.0681,-8.7053,-2.3128,1.2306,-0.0121,0.0159,-0.0492
-3.4381,3.3950,6.6391,-0.1262,-0.0301,-0.0536,-8.7580,-2.4684,1.3838,-0.0454,0.0077,-0.0665
-3.3303,3.2441,6.8331,-0.1138,-0.0161,-0.0508,-8.7915,-2.6647,1.4940,-0.0437,0.0212,-0.0679
-3.2872,3.2872,6.8259,-0.1215,-0.0480,-0.0506,-8.7412,-2.5929,1.2857,-0.0430,0.0177,-0.0661
-3.3950,3.2394,6.7804,-0.0990,-0.0450,-0.0356,-8.7340,-2.6145,1.1013,-0.0352,-0.0104,-0.0560
-3.4141,3.1915,6.8618,-0.1551,-0.0310,-0.0184,-8.7867,-2.7509,1.3551,-0.0909,-0.0036,-0.0542
-3.2226,3.1867,6.9192,-0.1138,-0.0301,-0.0281,-8.7245,-2.7438,1.6305,-0.0442,-0.0112,-0.0418
-3.3902,3.2417,6.8881,-0.0815,0.0020,-0.0404,-8.7532,-2.7438,1.4222,-0.0309,0.0176,-0.0332
-3.3447,3.1603,6.6846,-0.0674,-0.0358,-0.0425,-8.6455,-2.6169,1.2234,-0.0197,0.0044,-0.0141
-3.4117,3.1460,6.7325,-0.1144,-0.0229,-0.0215,-8.8226,-2.7629,1.1085,-0.0530,0.0044,-0.0354
-3.4333,3.1747,6.8666,-0.1324,-0.0356,-0.0204,-8.8274,-2.7509,1.4413,-0.0572,-0.0115,-0.0482
-3.2346,3.1173,7.0461,-0.0779,-0.0068,-0.0505,-8.7771,-2.8252,1.3216,-0.0191,0.0119,-0.0364
-3.3902,3.0430,6.9073,-0.0763,-0.0045,-0.0203,-8.6886,-2.7988,1.3408,-0.0321,0.0380,-0.0131
-3.4596,3.0550,6.8426,-0.0706,0.0152,-0.0156,-8.7867,-2.8946,1.4198,-0.0488,0.0374,0.0036
-3.2106,3.0837,6.8833,-0.0823,-0.0105,-0.0063,-8.7269,-2.8060,1.4724,-0.0537,0.0258,0.0091
-3.4884,3.1699,6.9264,-0.0574,0.0087,-0.0093,-8.8394,-2.8683,1.4557,-0.0430,0.0245,0.0256
-3.4836,3.0957,6.8881,-0.0657,0.0236,-0.0109,-8.7987,-2.7725,1.3144,-0.0496,0.0389,0.0151
-3.3495,3.1125,6.8546,-0.0670,0.0041,0.0027,-8.7436,-2.7294,1.3647,-0.0561,-0.0025,0.0313
-3.4788,3.1556,6.7205,-0.0636,0.0001,0.0027,-8.7508,-2.6624,1.3408,-0.0454,-0.0161,0.0207
-3.3998,3.1412,6.8331,-0.0464,-0.0131,-0.0011,-8.8777,-2.7461,1.3455,-0.0309,-0.0036,0.0244
-3.5458,3.1987,6.6966,-0.0573,-0.0087,0.0000,-8.8059,-2.6217,1.2115,-0.0353,-0.0167,0.0242
-3.3830,3.1244,7.0246,-0.0541,-0.0003,0.0065,-8.8035,-2.8323,1.1875,-0.0469,-0.0092,0.0060
-3.4764,3.1340,6.8019,-0.0601,0.0316,-0.0211,-8.6694,-2.7342,1.3958,-0.0469,0.0225,0.0044
-3.8571,3.2322,6.8761,-0.0314,0.0677,-0.0137,-8.8011,-2.6312,1.3551,-0.0125,-0.0438,0.0822
-3.4716,3.1723,6.5074,-0.0707,-0.0152,0.0068,-8.6503,-2.5450,1.3072,-0.0717,0.0212,-0.0027
-3.3543,3.2034,6.8163,-0.0947,-0.0196,-0.0131,-8.8035,-2.7007,1.4485,-0.0486,-0.0019,0.0031
-3.5721,3.2322,6.4572,-0.0626,-0.0040,-0.0071,-8.7221,-2.6073,1.2043,-0.0458,-0.0088,0.0093
-3.3351,3.2848,6.7277,-0.0715,-0.0033,-0.0015,-8.7484,-2.5809,1.3479,-0.0541,-0.0116,0.0123
-3.4764,3.3064,6.7301,-0.0969,-0.0125,-0.0061,-8.8657,-2.6288,1.3408,-0.0398,-0.0028,-0.0137
-3.3208,3.1963,6.7708,-0.0769,-0.0281,-0.0152,-8.7556,-2.6001,1.3934,-0.0434,-0.0088,-0.0117
-3.3567,3.2058,6.8019,-0.0794,-0.0023,-0.0051,-8.8059,-2.6695,1.3910,-0.0524,0.0029,0.0025
-3.4644,3.1987,6.7445,-0.0845,0.0012,0.0005,-8.7843,-2.6647,1.2354,-0.0659,0.0136,-0.0039
-3.3998,3.1867,6.7373,-0.0727,-0.0043,-0.0009,-8.7269,-2.6240,1.3671,-0.0600,-0.0069,0.0027
-3.2920,3.1867,6.9073,-0.0678,-0.0079,-0.0040,-8.7747,-2.7270,1.4198,-0.0541,0.0133,-0.0025
-3.4644,3.2417,6.8091,-0.0592,-0.0168,-0.0095,-8.7867,-2.5929,1.3599,-0.0312,0.0101,0.0149
-3.4788,3.3543,6.4763,-0.0846,-0.0141,-0.0059,-8.6646,-2.5019,1.2570,-0.0437,-0.0016,-0.0165
-3.3447,3.2633,6.8953,-0.1167,-0.0184,-0.0049,-8.8202,-2.6288,1.3743,-0.0702,-0.0073,-0.0201
-3.2441,3.1675,6.8426,-0.0648,-0.0056,-0.0281,-8.8418,-2.8060,1.5347,-0.0286,-0.0004,-0.0071
-3.4117,3.1747,6.7253,-0.0755,-0.0073,-0.0087,-8.8059,-2.6576,1.3312,-0.0364,0.0285,-0.0011
-3.4884,3.2178,6.7253,-0.0501,-0.0059,-0.0117,-8.8131,-2.5929,1.1899,-0.0417,-0.0051,0.0120
-3.2657,3.2298,6.8785,-0.1033,-0.0047,0.0057,-8.7867,-2.6983,1.4940,-0.0805,0.0139,-0.0125
-3.2633,3.2681,6.9456,-0.0629,-0.0153,-0.0160,-8.7771,-2.6552,1.5778,-0.0358,0.0160,-0.0073
-3.3950,3.2777,6.6152,-0.0574,-0.0089,-0.0336,-8.7915,-2.5019,1.4030,-0.0230,0.0193,0.0019
-3.4477,3.2705,6.6511,-0.0869,-0.0045,-0.0242,-8.6311,-2.5738,1.2546,-0.0388,-0.0115,-0.0191
-3.4836,3.1795,6.6104,-0.1086,-0.0063,-0.0232,-8.7676,-2.7940,1.4485,-0.0613,0.0051,-0.0374
-3.3902,3.1963,6.7540,-0.0726,-0.0156,-0.0191,-8.8202,-2.6839,1.4222,-0.0221,-0.0112,-0.0069
-3.4309,3.1915,6.6367,-0.1013,-0.0215,-0.0083,-8.8202,-2.7366,1.4174,-0.0540,-0.0113,-0.0085
-3.3471,3.1843,6.8570,-0.0706,-0.0051,-0.0113,-8.8155,-2.7390,1.4413,-0.0504,0.0191,-0.0057
-3.3830,3.2178,6.6415,-0.0761,-0.0185,-0.0177,-8.6598,-2.5522,1.3934,-0.0417,0.0189,-0.0128
-3.4117,3.2417,6.7684,-0.0787,-0.0197,-0.0100,-8.7604,-2.6624,1.3360,-0.0572,-0.0075,-0.0152
-3.3567,3.2178,6.9432,-0.0834,-0.0092,-0.0011,-8.7484,-2.7414,1.4222,-0.0544,-0.0024,-0.0064
-3.3998,3.2346,6.7708,-0.0719,-0.0097,-0.0196,-8.6957,-2.6217,1.4269,-0.0370,0.0060,-0.0139
-3.4884,3.2202,6.7277,-0.0906,-0.0233,-0.0143,-8.8178,-2.6624,1.3647,-0.0394,-0.0060,-0.0068
-3.4046,3.1675,6.6152,-0.0761,-0.0353,0.0009,-8.6503,-2.6480,1.3982,-0.0545,-0.0196,-0.0085
-3.3902,3.1651,6.8714,-0.0837,-0.0282,0.0043,-8.8298,-2.7629,1.4150,-0.0542,-0.0262,-0.0228
-3.2968,3.1939,6.8977,-0.1014,-0.0185,-0.0310,-8.6814,-2.7485,1.4557,-0.0565,0.0137,-0.0373
-3.2968,3.1963,6.9049,-0.0838,-0.0368,-0.0225,-8.7963,-2.7533,1.5107,-0.0345,-0.0207,-0.0085
-3.2537,3.1388,6.7421,-0.0899,-0.0152,-0.0394,-8.6550,-2.6815,1.3719,-0.0372,0.0039,-0.0230
-3.3327,3.1819,6.6942,-0.0827,-0.0205,-0.0376,-8.7580,-2.7390,1.3886,-0.0361,0.0051,-0.0292
-3.4046,3.1675,6.8809,-0.0867,-0.0183,-0.0290,-8.7724,-2.7318,1.3408,-0.0326,0.0061,-0.0280
-3.3351,3.0406,6.8378,-0.1251,-0.0320,-0.0125,-8.6167,-2.7988,1.3336,-0.0649,-0.0097,-0.0328
-3.2992,3.0454,6.8163,-0.1120,-0.0278,-0.0116,-8.7029,-2.8994,1.5371,-0.0550,-0.0117,-0.0284
-3.3255,3.0789,7.0749,-0.0667,-0.0152,-0.0092,-8.8011,-2.9377,1.4964,-0.0397,-0.0156,-0.0008
-3.3495,3.1316,6.8402,-0.0999,-0.0041,-0.0161,-8.7412,-2.7605,1.3886,-0.0476,0.0187,-0.0083
-3.4884,3.0837,6.7325,-0.0695,-0.0147,-0.0233,-8.7245,-2.7677,1.2617,-0.0388,-0.0088,-0.0246
-3.3208,3.0454,6.8307,-0.0839,-0.0080,0.0232,-8.6239,-2.8730,1.5227,-0.0769,0.0179,-0.0025
-3.3064,3.1196,6.9791,-0.0695,-0.0099,-0.0168,-8.8011,-2.8778,1.4653,-0.0397,0.0191,0.0015
-3.3136,3.1436,6.7277,-0.0401,-0.0225,-0.0164,-8.6143,-2.6911,1.3360,-0.0193,-0.0067,0.0213
-3.3471,3.1292,6.8259,-0.0982,-0.0135,0.0069,-8.6479,-2.7629,1.3455,-0.0817,0.0151,-0.0059
-3.2154,3.1149,7.0102,-0.0711,0.0092,-0.0258,-8.7508,-2.8347,1.6161,-0.0494,0.0172,-0.0085
-3.3255,3.0694,6.8235,-0.0494,0.0121,-0.0353,-8.7077,-2.8347,1.5227,-0.0177,0.0221,0.0153
-3.4572,3.0574,6.7876,-0.0596,-0.0016,-0.0129,-8.7771,-2.8371,1.2115,-0.0494,0.0132,-0.0023
-3.3806,3.0287,6.8450,-0.0770,-0.0100,-0.0208,-8.7867,-2.9568,1.4509,-0.0358,0.0269,-0.0055
-3.5243,3.0358,6.8594,-0.0501,-0.0105,-0.0017,-8.8131,-2.8850,1.1756,-0.0298,-0.0019,0.0265
-3.3327,3.1101,6.7564,-0.0522,-0.0197,0.0153,-8.6957,-2.6863,1.2833,-0.0433,-0.0041,0.0192
-3.3854,3.1651,6.8618,-0.0670,-0.0489,0.0152,-8.6574,-2.5666,1.2306,-0.0376,-0.0412,0.0108
-3.2274,3.3327,6.5410,-0.1156,-0.0690,-0.0165,-8.6311,-2.5259,1.4317,-0.0436,-0.0429,-0.0480
-3.1603,3.2250,7.0198,-0.1271,-0.0361,-0.0514,-8.7388,-2.7869,1.6999,-0.0365,0.0069,-0.0794
-3.1268,3.0502,6.9935,-0.1148,-0.0153,-0.0437,-8.6814,-2.8874,1.6065,-0.0425,0.0241,-0.0324
-3.3088,2.9066,7.1275,-0.1104,0.0237,-0.0513,-8.6766,-3.0718,1.5083,-0.0505,0.0540,-0.0418
-3.5075,2.8802,6.8905,-0.0765,0.0112,-0.0313,-8.6790,-3.0047,1.1468,-0.0540,0.0357,-0.0175
-3.5698,2.9736,6.8809,-0.0797,0.0055,-0.0013,-8.7771,-2.8874,1.1157,-0.0581,0.0250,0.0043
-3.3686,3.0478,6.8402,-0.1148,-0.0096,0.0328,-8.7340,-2.7749,1.3072,-0.0995,0.0099,-0.0061
-3.2968,3.0454,6.7612,-0.1143,-0.0264,0.0204,-8.7197,-2.8156,1.5227,-0.0775,-0.0188,-0.0096
-3.2705,3.0263,6.8618,-0.0870,-0.0302,-0.0385,-8.7604,-2.9209,1.5490,-0.0144,-0.0199,-0.0282
-3.2561,3.0406,6.9097,-0.1055,-0.0207,0.0024,-8.7340,-2.9832,1.5083,-0.0727,0.0007,-0.0069
-3.1460,3.0095,7.1467,-0.0687,-0.0232,-0.0149,-8.6694,-3.0263,1.6616,-0.0388,0.0000,-0.0052
-3.3160,2.9784,6.8474,-0.0485,0.0041,-0.0241,-8.6646,-2.8611,1.3958,-0.0254,0.0209,0.0108
-3.8140,3.2753,6.3877,-0.0958,0.0069,0.0161,-8.7676,-2.6839,0.9553,-0.0955,-0.0349,0.0185
-3.3878,3.0550,6.8019,-0.0857,-0.0378,-0.0071,-8.7029,-2.7749,1.3719,-0.0486,-0.0430,-0.0245
-3.3303,3.0478,6.8594,-0.1547,-0.0193,-0.0135,-8.7795,-2.8922,1.4054,-0.0929,-0.0342,-0.0545
-3.2920,2.9568,6.8570,-0.1322,-0.0336,-0.0064,-8.5928,-2.8898,1.4150,-0.0709,-0.0442,-0.0401
-3.2202,2.9521,6.9983,-0.1291,-0.0320,-0.0297,-8.6119,-2.9473,1.5036,-0.0636,-0.0067,-0.0675
-3.3399,2.9090,7.0485,-0.1432,-0.0136,-0.0317,-8.7915,-3.1867,1.6185,-0.0725,0.0212,-0.0557
-3.1268,2.8323,7.1635,-0.0874,-0.0508,-0.0478,-8.5928,-3.1939,1.4413,-0.0196,0.0021,-0.0341
-3.1436,2.7390,7.3502,-0.0553,0.0053,-0.0505,-8.6694,-3.3040,1.5874,0.0035,0.0445,0.0035
-3.4237,2.8754,7.0318,-0.0053,0.0084,-0.0481,-8.6239,-3.1580,1.3096,0.0113,0.0278,0.0389
-3.3519,2.9257,6.9647,-0.0127,0.0135,-0.0272,-8.5138,-2.8802,1.2186,-0.0019,0.0306,0.0265
-3.4261,2.9760,6.7014,-0.0341,-0.0286,-0.0105,-8.6407,-2.7821,1.1205,-0.0113,0.0005,0.0237
-3.2585,2.9018,6.8283,-0.0650,-0.0377,-0.0215,-8.6095,-2.8635,1.2665,-0.0269,0.0029,-0.0156
-3.4022,2.9257,7.1371,-0.0497,-0.0181,-0.0269,-8.7700,-3.2202,1.5251,-0.0328,0.0164,-0.0029
-3.2394,2.8515,7.2688,0.0053,0.0238,0.0035,-8.8226,-3.3758,1.6233,-0.0156,0.0250,0.0799
-3.4309,2.9329,6.9312,0.0452,0.0412,0.0111,-8.7005,-3.0167,1.2713,-0.0085,0.0532,0.1062
-3.6224,3.0598,6.7660,0.0256,0.0498,0.0480,-8.8107,-2.9401,1.1875,-0.0464,0.0183,0.1362
-3.2322,3.1484,6.8019,0.0176,-0.0059,0.0683,-8.6407,-2.5953,1.5179,-0.0441,-0.0167,0.1203
-3.2944,3.2609,6.8331,0.0304,0.0139,0.0329,-8.7700,-2.6456,1.5227,-0.0167,0.0072,0.1172
-3.2609,3.3567,6.9408,0.0048,0.0482,-0.0079,-8.8083,-2.6193,1.6041,-0.0185,0.0524,0.0781
-3.3447,3.3615,6.6822,0.0041,-0.0005,-0.0117,-8.6574,-2.4157,1.4269,-0.0019,0.0254,0.0618
-3.4333,3.4117,6.5864,-0.0509,0.0401,0.0017,-8.7915,-2.4397,1.3384,-0.0585,0.0103,0.0546
-3.3543,3.2920,6.8929,-0.0590,0.0137,-0.0518,-8.9280,-2.5977,1.3455,-0.0253,0.0390,0.0220
-3.5051,3.3160,6.6966,-0.0722,0.0843,0.0087,-8.8921,-2.5881,1.2665,-0.0911,0.0532,0.0354
-3.4764,3.3136,6.5793,-0.1075,0.0548,0.0320,-8.7819,-2.4134,1.0391,-0.1278,0.0321,0.0305
-3.6464,3.3279,6.5697,-0.1435,0.0542,0.0265,-8.8729,-2.3607,0.8787,-0.1416,0.0285,-0.0112
-3.6751,3.2992,6.4428,-0.1523,-0.0084,0.0437,-8.8250,-2.3439,1.0104,-0.1491,-0.0204,-0.0402
-3.4381,3.2633,6.7062,-0.1724,-0.0103,0.0512,-8.7484,-2.5091,1.0175,-0.1344,-0.0550,-0.0308
-3.3998,3.1340,6.7445,-0.2098,-0.0147,0.0508,-8.7867,-2.7821,1.4485,-0.1680,-0.0541,-0.0476
-3.4405,3.1603,7.0246,-0.1351,-0.0237,0.0128,-8.9232,-2.8778,1.3479,-0.0970,-0.0184,-0.0332
-3.3998,3.1819,6.6966,-0.0862,-0.0155,-0.0096,-8.6981,-2.4708,1.2139,-0.0452,0.0143,-0.0280
-3.6512,3.1819,6.4859,-0.1458,-0.0445,-0.0023,-8.7125,-2.5187,1.0391,-0.0638,-0.0414,-0.0541
-3.3615,3.0478,6.8977,-0.1783,-0.0833,-0.0108,-8.8059,-2.8299,1.3575,-0.0946,-0.0309,-0.1081
-3.3423,3.0191,7.0054,-0.1260,-0.0490,-0.0188,-8.7317,-2.9544,1.4246,-0.0385,-0.0141,-0.0522
-3.4596,3.0311,6.7205,-0.0628,-0.0023,-0.0418,-8.7149,-2.7988,1.3048,0.0016,-0.0100,0.0043
-3.4524,2.9712,6.7564,-0.1045,0.0113,-0.0080,-8.7795,-2.7821,1.2330,-0.0683,0.0008,-0.0085
-3.5219,2.9784,6.6679,-0.1330,-0.0458,0.0153,-8.6981,-2.6719,1.1803,-0.0790,-0.0480,-0.0188
-3.4213,3.0263,6.7971,-0.1435,-0.0302,-0.0131,-8.6718,-2.7294,1.2570,-0.0869,-0.0060,-0.0593
-3.3591,2.9904,6.8259,-0.1083,-0.0320,-0.0288,-8.6766,-2.9305,1.4748,-0.0420,-0.0337,-0.0353
-3.4764,2.9473,6.9025,-0.1107,-0.0168,-0.0510,-8.7747,-2.9521,1.3695,-0.0199,-0.0129,-0.0381
-3.5865,2.9281,6.9695,-0.0978,-0.0177,-0.0364,-8.7891,-3.0287,1.1325,-0.0513,0.0169,-0.0517
-3.3615,2.8970,6.9863,-0.1005,-0.0362,-0.0361,-8.7053,-2.9712,1.3264,-0.0466,0.0087,-0.0436
-3.4477,2.8898,7.1970,-0.0758,-0.0334,0.0055,-8.8011,-3.1771,1.5275,-0.0538,-0.0140,-0.0107
-3.3734,2.9233,7.2592,-0.0526,-0.0180,-0.0360,-8.7340,-3.0933,1.4700,-0.0077,0.0324,0.0111
-3.3686,2.9185,6.8761,-0.0064,-0.0077,-0.0721,-8.7388,-2.9712,1.4485,0.0230,0.0349,0.0111
-3.3998,2.9473,7.0150,0.0029,0.0119,-0.0566,-8.7508,-2.9975,1.4006,0.0282,0.0348,0.0405
-3.4764,2.8395,6.8642,0.0131,0.0044,-0.0641,-8.7819,-3.0382,1.2737,0.0262,0.0677,0.0204
-3.4716,2.8850,6.6702,0.0116,-0.0009,-0.0357,-8.7340,-2.9090,1.1349,0.0145,0.0276,0.0498
-3.6392,2.8730,6.8426,0.0068,0.0031,-0.0153,-8.7987,-2.9688,1.1492,0.0128,0.0051,0.0640
-3.6440,3.0598,6.8546,-0.0148,-0.0140,0.0211,-8.8370,-2.9113,1.3072,-0.0280,0.0020,0.0576
-3.3639,3.1436,6.7684,0.0183,-0.0314,0.0117,-8.7221,-2.8084,1.3791,0.0059,-0.0011,0.0805
-3.4955,3.1101,6.9623,0.0368,0.0052,0.0089,-8.9112,-2.9688,1.4581,0.0060,-0.0052,0.1061
-3.3974,3.0502,6.7684,0.0252,-0.0169,0.0268,-8.8035,-2.7869,1.3910,-0.0056,0.0032,0.0885
-3.3878,3.1795,7.2784,0.1235,0.0215,0.0222,-8.9136,-2.9401,1.4269,0.0417,0.0264,0.1792
-3.4285,3.3112,6.7780,0.2054,-0.0620,0.0253,-8.8346,-2.4636,1.4030,0.1427,0.0522,0.2040
-3.4237,3.4907,6.6008,0.0871,0.1220,0.0580,-8.8155,-2.3272,1.3958,-0.0512,0.1512,0.1748
-2.8970,3.5291,7.2496,0.2486,-0.0970,-0.0510,-8.8394,-2.2170,1.7023,0.2439,0.0173,0.1973
-3.4548,3.8523,6.1220,0.3840,-0.1929,-0.1399,-8.6598,-1.7095,1.2234,0.3990,-0.0673,0.2214
-3.5937,4.0151,6.0861,0.2130,-0.0442,-0.0654,-8.9088,-1.6927,1.2953,0.1859,0.0123,0.1904
-3.3926,3.9552,6.6176,0.2911,-0.1214,-0.1358,-9.0668,-1.9441,1.6712,0.3222,-0.0167,0.1668
-3.4357,4.1468,5.9855,0.2053,-0.0428,-0.0722,-8.7724,-1.4748,1.2713,0.1721,0.0163,0.1577
-3.3399,4.2880,6.4548,0.1587,0.0212,-0.0449,-8.9807,-1.5730,1.5467,0.1200,0.0366,0.1671
-3.4788,4.5442,5.9280,0.2102,-0.0229,-0.1069,-8.9711,-1.0702,1.4293,0.2109,0.0694,0.1519
-3.5099,4.7022,6.0142,0.2025,-0.0505,-0.1006,-9.1291,-1.1660,1.3719,0.2021,0.0565,0.1367
-3.3806,4.6902,5.9831,0.2052,-0.1171,-0.1299,-9.0046,-0.9673,1.3048,0.2515,0.0234,0.1122
-3.6081,4.7884,5.9304,0.2546,-0.1115,-0.1520,-9.1985,-0.9673,1.3862,0.3163,-0.0196,0.1443
-3.5793,4.7980,5.7748,0.2534,-0.1495,-0.1383,-9.1554,-0.9816,1.3695,0.2932,-0.0148,0.1323
-3.1627,4.7597,6.4811,0.4612,-0.4094,-0.3051,-9.3111,-1.0630,2.0159,0.6941,-0.1571,0.1042
-3.3543,5.0350,5.6264,0.5513,-0.3862,-0.3254,-9.0549,-0.6464,1.5826,0.7200,-0.0663,0.1374
-3.4931,5.0949,6.1411,0.5161,-0.2923,-0.3684,-8.9088,-0.5722,1.6783,0.7204,-0.0477,0.0730
-3.1436,5.4492,5.5737,0.6534,-0.4110,-0.3745,-9.1363,-0.3065,1.7358,0.8735,-0.0370,0.1916
-3.2298,5.5905,5.3654,0.5864,-0.3504,-0.3525,-8.9064,0.0670,1.6233,0.7514,-0.0410,0.1864
-3.3351,5.8107,5.3893,0.5954,-0.2839,-0.3640,-9.1722,0.1030,1.7142,0.7184,0.0417,0.2104
-3.2058,5.9352,5.0350,0.6290,-0.2333,-0.3912,-8.9495,0.5100,1.6855,0.7574,0.1041,0.2160
-3.3327,6.1124,4.7166,0.5752,-0.2182,-0.3844,-8.9998,0.7230,1.5251,0.6776,0.1144,0.1915
-3.2489,6.2513,4.6519,0.5453,-0.1827,-0.4255,-8.9184,1.0199,1.4078,0.7061,0.1195,0.1601
-3.7804,6.5122,3.7589,0.3930,0.0033,-0.3004,-8.8753,1.4916,0.6321,0.3969,0.2413,0.1962
-3.6559,6.4236,4.1156,0.1083,0.1989,-0.1476,-9.1363,1.3288,1.0319,0.0484,0.3136,0.1527
-3.5913,6.3949,4.4173,0.2369,-0.0137,-0.2482,-9.1075,1.3575,0.8763,0.3463,0.1567,0.1414
-3.6224,6.4236,4.5322,0.3850,-0.1075,-0.3760,-8.9304,1.4341,1.1229,0.5478,0.1396,0.0624
-3.8930,6.4667,4.5035,0.5965,-0.3443,-0.5335,-9.2584,1.2881,0.9122,0.8966,0.0472,0.0797
-3.8283,6.3446,4.5107,0.7623,-0.4463,-0.6269,-9.2081,1.5419,0.8021,1.1337,0.0392,0.0842
-4.4963,6.7900,3.0023,0.7380,-0.4113,-0.5271,-8.9423,2.1069,-0.3232,0.9509,0.0875,0.1604
-4.4245,6.7445,3.2178,0.5083,-0.2457,-0.3736,-9.0429,2.2218,-0.0838,0.6670,0.0838,0.1255
-4.4748,6.9983,2.7773,0.3060,-0.0301,-0.2078,-8.9711,2.5211,-0.1652,0.3228,0.1740,0.1557
-4.3790,7.0820,2.6576,-0.0328,0.2238,0.0048,-8.8657,2.7270,-0.1221,-0.1855,0.2691,0.1512
-4.0654,7.0150,3.5674,0.0312,0.1147,-0.0448,-9.1051,2.4110,0.5938,-0.0059,0.1098,0.1506
-4.2784,7.0605,3.0430,0.1291,0.1057,-0.1394,-9.0285,2.5857,0.0455,0.1118,0.1705,0.1104
-4.0917,7.0390,3.5506,0.2202,0.0915,-0.2405,-9.1028,2.5402,0.4764,0.2719,0.2276,0.0718
-4.4867,7.1012,2.6432,0.2801,-0.0266,-0.2874,-8.9184,2.7605,-0.0766,0.3371,0.1692,0.1123
-4.3574,6.9456,2.8874,0.0986,0.2030,-0.2142,-8.8825,2.7031,-0.1269,0.1031,0.3039,0.0826
-4.8147,7.0629,2.4277,0.1576,0.1932,-0.2200,-9.0118,2.7174,-0.4381,0.1576,0.3256,0.1226
-4.9584,7.0509,2.0542,0.0969,0.2296,-0.1937,-8.9926,2.9497,-0.7422,0.0374,0.3014,0.1303
-4.7285,6.9815,2.7533,0.2168,0.2073,-0.2705,-9.0764,2.8587,-0.5219,0.2257,0.3447,0.1104
-5.2313,7.0030,2.0016,0.3766,-0.0183,-0.3994,-8.9471,3.2346,-1.3671,0.4835,0.3002,0.0761
-5.6240,7.0653,1.4102,0.2507,0.0020,-0.3078,-8.9184,3.3854,-1.8172,0.3352,0.2334,0.0893
-5.7652,7.0413,1.3312,0.1565,-0.0123,-0.2774,-8.9663,3.3399,-2.1308,0.2542,0.1748,0.0253
-5.8873,6.8738,1.3551,0.0326,0.0522,-0.1921,-8.9471,3.2489,-1.9656,0.0922,0.1807,-0.0193
-5.7557,6.7971,1.5802,-0.0381,0.1913,-0.1593,-8.8322,3.2226,-2.0446,0.0048,0.2000,0.0037
-5.7126,6.7636,1.7573,-0.0163,0.0524,-0.1426,-9.0477,3.0598,-1.8555,0.0349,0.1331,-0.0015
-5.8179,6.7684,1.5299,-0.0131,0.0481,-0.1124,-9.0429,3.1699,-1.9345,-0.0031,0.1487,0.0233
-5.8658,6.7732,1.5179,-0.0040,0.1555,-0.1194,-9.0285,3.1627,-2.0111,-0.0080,0.2020,0.0220
-5.8634,6.7804,1.5107,-0.0618,0.1374,-0.0662,-9.1075,3.1340,-2.1261,-0.0747,0.2053,0.0143
-5.9376,6.7612,1.2737,0.0276,0.0612,-0.1379,-8.9495,3.3279,-2.3272,0.0653,0.1320,0.0237
-6.1938,6.7469,1.2665,-0.0612,0.0790,-0.0679,-9.0956,3.1556,-2.5738,-0.0520,0.1352,0.0132
-6.0956,6.7445,1.1109,-0.0305,0.0361,-0.0628,-9.0166,3.2370,-2.4469,-0.0083,0.0561,0.0169
-6.3303,6.7373,0.8356,-0.0798,0.0424,-0.0308,-8.9735,3.3854,-2.7318,-0.0659,0.0381,-0.0079
-6.2896,6.7804,0.9457,-0.0805,0.0614,-0.0593,-8.9807,3.4788,-2.7318,-0.0161,0.0573,-0.0410
-6.4811,6.7612,0.5842,-0.1259,-0.0838,-0.0493,-8.9184,3.6440,-3.1364,0.0012,-0.0171,-0.1240
-6.4236,6.6607,0.7781,-0.0769,-0.4466,-0.1136,-8.9208,3.4477,-2.8299,0.2049,-0.3159,-0.2070
-6.3159,6.4691,1.2115,-0.2072,-0.4197,-0.0048,-8.9519,2.6839,-2.3703,-0.0007,-0.3607,-0.1951
-5.6671,6.3207,2.6121,-0.2836,-0.0321,0.1304,-9.4882,1.9345,-1.1827,-0.2397,-0.1134,-0.0592
-5.2768,6.6032,2.3679,-0.1427,-0.0566,0.0167,-9.2703,2.3942,-1.0104,-0.1011,-0.0434,-0.0396
-5.2768,6.8331,1.9297,-0.0027,-0.0769,-0.0632,-9.1004,2.7701,-0.8835,0.0302,-0.0217,0.0009
-5.3439,6.8187,2.1548,-0.0136,0.0871,-0.0544,-9.0501,2.8084,-1.0965,-0.0529,0.2018,0.0272
-5.3798,6.6655,1.8771,0.0241,0.1669,-0.1581,-8.9950,3.0478,-1.5203,0.0376,0.2537,0.0397
-6.2489,6.4141,1.3384,0.1431,0.0462,-0.2485,-9.1028,2.8922,-2.5977,0.2300,0.1500,0.0484
-6.7157,6.2991,1.1420,0.0691,0.0005,-0.1695,-9.0405,2.9951,-3.2274,0.1621,0.0532,0.0071
-6.8498,6.4524,0.4741,-0.0081,-0.0851,0.0019,-8.9998,3.3423,-3.5889,-0.0041,-0.0394,0.0381
-6.5457,6.5841,1.0056,-0.1617,-0.0604,0.1090,-9.1243,3.2944,-3.0071,-0.1248,-0.1304,-0.0269
-6.5529,6.8618,-0.0048,-0.4976,-0.2153,0.2201,-8.6694,4.0677,-3.2992,-0.3933,-0.3108,-0.2278
-5.2840,6.5314,2.2745,-0.5669,-0.4134,0.1228,-8.9926,2.5355,-1.0822,-0.2995,-0.3964,-0.3997
-4.9081,6.2560,3.9289,-0.2634,-0.3056,-0.0282,-9.6702,1.0894,0.2753,-0.0328,-0.1720,-0.2301
-4.7884,6.3327,3.5769,0.0357,-0.0438,-0.0931,-9.5193,1.3743,-0.1053,0.0851,0.0317,-0.0007
-5.4444,6.4548,2.7988,0.0155,0.2320,-0.0309,-9.3781,1.9800,-0.9816,-0.0886,0.2309,0.1244
-5.6144,6.4596,2.3104,0.0699,0.3007,-0.0420,-9.2033,2.4349,-1.2737,-0.0580,0.2821,0.1945
-6.2800,6.5266,1.2091,0.1264,0.2870,-0.0778,-8.9759,3.1077,-2.6145,0.0000,0.2995,0.1917
-6.8785,6.6511,0.4070,0.0159,0.2730,-0.0055,-8.9854,3.6057,-3.5530,-0.0851,0.1888,0.1508
-6.7780,6.5936,0.6273,-0.1088,0.0185,0.0560,-8.9687,3.6583,-3.5985,-0.0902,-0.0674,-0.0088
-6.8283,6.7995,0.3280,-0.1362,-0.2280,0.1299,-8.8514,3.7373,-3.5841,-0.0644,-0.3166,-0.0301
-5.8323,6.7971,1.0798,-0.3794,-0.3629,0.2058,-8.7364,3.5051,-2.4325,-0.2535,-0.4038,-0.1952
-4.7740,6.6367,2.9353,-0.3661,-0.4463,0.1058,-9.1171,2.2769,-0.0790,-0.1362,-0.3801,-0.2451
-4.6112,6.5362,3.2657,-0.1033,-0.1962,-0.1007,-9.2009,1.8507,0.0790,0.0440,-0.0362,-0.1271
-5.0494,6.4260,3.1484,-0.0489,0.3015,-0.1300,-9.2680,1.9417,-0.5291,-0.0758,0.2996,0.0302
-6.3446,6.5457,1.5610,0.0534,0.2683,-0.1420,-9.3111,2.6169,-2.2075,-0.0332,0.3034,0.1335
-6.9025,6.4859,0.8068,-0.0502,0.2411,-0.0683,-9.0309,3.4955,-3.4812,-0.0421,0.1760,0.0440
-7.1443,6.4189,0.3831,-0.1415,-0.0052,0.0254,-8.9663,3.5338,-3.8738,-0.0817,-0.0278,-0.0308
-6.9576,6.5697,0.7805,-0.2109,-0.2793,0.1279,-9.0190,3.4237,-3.5099,-0.0862,-0.3104,-0.1252
-6.2010,6.6607,0.8691,-0.3182,-0.5008,0.1723,-8.8418,3.4405,-2.6193,-0.1041,-0.5256,-0.2270
-4.7692,6.4524,2.8683,-0.6005,-0.5285,0.2153,-8.9759,2.2865,-0.1460,-0.3047,-0.5313,-0.3997
-4.0414,6.2968,4.2449,-0.3804,-0.2061,0.0687,-9.2201,1.0343,1.3144,-0.2388,-0.1569,-0.2527
-4.0701,6.1483,5.0853,-0.1792,0.1869,0.0060,-9.7085,0.5387,1.4246,-0.1673,0.1943,0.0369
-4.9943,6.1483,3.5362,0.2282,0.3262,-0.1889,-9.4092,1.4174,-0.1628,0.1575,0.3034,0.2240
-5.7820,6.2632,2.3176,0.2324,0.3861,-0.1508,-9.2177,2.2410,-1.8292,0.0737,0.3853,0.2899
-6.5577,6.3446,1.2258,0.1755,0.4391,-0.0953,-9.1411,2.9999,-2.9640,-0.0136,0.3880,0.2723
-6.9528,6.5434,0.5555,-0.0737,0.2437,0.0294,-8.8801,3.7757,-3.9576,-0.1909,0.1649,0.0975
-7.0461,6.7181,0.2658,-0.3537,0.0109,0.2666,-9.0501,3.8020,-3.9816,-0.4273,-0.1564,-0.0183
-5.9783,6.7445,1.3551,-0.4132,-0.2899,0.2802,-8.9160,3.5985,-2.3750,-0.2899,-0.4485,-0.1673
-4.9704,6.6032,2.5067,-0.5265,-0.7242,0.1661,-9.0309,2.3200,-0.4908,-0.2198,-0.6274,-0.4020
-3.8427,6.3375,4.8554,-0.3295,-0.2627,0.0385,-9.7372,0.4836,1.8483,-0.1116,-0.3343,-0.2117
-4.0606,6.1699,5.2696,-0.0175,0.2134,-0.0592,-9.6726,0.4405,1.6089,-0.0374,0.2591,0.0729
-4.5921,6.2153,3.8331,0.4041,0.2856,-0.2473,-9.2871,1.4700,0.1508,0.3008,0.3800,0.3067
-6.0238,6.9097,1.2378,0.3890,0.5153,-0.2537,-8.9088,3.6296,-2.3463,0.2398,0.5454,0.3475
-6.8977,7.0892,-0.9577,-0.1371,0.4028,-0.1716,-8.1594,5.3965,-4.7645,-0.1531,0.3200,-0.0215
-7.3287,6.7924,0.0287,-0.4582,-0.1760,-0.0222,-9.0214,3.9935,-4.0845,-0.1969,-0.1978,-0.3383
-6.6679,6.1076,1.9968,-0.2361,-0.6971,-0.0669,-9.1937,2.5833,-2.7414,0.2398,-0.5510,-0.4580
-5.0996,5.9400,3.1699,-0.6391,-0.7440,0.1696,-9.1626,0.8499,-0.0144,-0.2709,-0.6406,-0.5217
-3.6703,5.7197,5.9807,-0.7525,0.1576,0.3292,-9.8713,-0.5578,2.3128,-0.7598,-0.0689,-0.2694
-3.0430,5.7174,6.8067,0.1956,-0.0374,-0.0617,-9.9551,-0.5818,2.8084,0.2041,0.0386,0.1868
-4.1875,6.1531,4.1372,0.6158,0.2137,-0.3079,-9.1770,1.2282,0.6440,0.5225,0.3870,0.4065
-8.0349,7.9655,-2.8060,0.5510,0.8022,-0.0743,-9.1746,4.8195,-4.7860,-0.0385,0.5496,0.6635
-5.8035,7.3263,0.6129,-1.2873,1.2119,0.2781,-8.2193,6.5194,-4.0366,-1.4745,1.0640,-0.5391
-7.0318,5.3917,1.4246,-0.8298,-1.3366,-0.3416,-8.9735,1.2115,-3.0550,0.0737,-0.6098,-1.0830
-4.5226,3.4333,9.5624,-0.4978,-0.6125,0.1088,-11.3868,-4.9560,2.3894,-0.1504,-0.2794,-0.4024
-4.6950,4.5274,6.3686,0.3447,0.1296,0.2281,-10.1011,-2.1787,0.7781,-0.0358,-0.0850,0.5913
-5.0494,7.2257,1.7526,0.6434,0.6951,0.3679,-8.8107,4.0869,-1.2378,0.0184,0.0701,1.0585
-6.0478,9.1291,-3.7828,-0.1444,0.6447,0.1436,-7.1491,9.1171,-4.8291,-0.4754,0.4438,0.1404
-5.4085,7.9918,-0.1389,-0.5817,-0.2627,-0.2503,-7.9200,6.1196,-2.6025,-0.0717,-0.0481,-0.7917
-6.0310,5.8730,1.1803,-0.2791,-1.4814,-0.5097,-8.8250,1.8675,-2.4445,0.6947,-0.8504,-0.8976
-5.0278,2.8084,8.5784,-1.2003,-0.6470,0.2042,-11.6143,-6.0118,1.6759,-0.9613,-0.5104,-0.9202
-4.0055,3.0813,10.8673,0.0962,0.8604,0.5614,-11.6095,-5.5952,3.6152,-0.5059,0.3476,0.7719
-4.8387,8.9687,-2.3583,0.6169,1.0865,0.3672,-6.4883,9.0549,-3.2441,-0.0937,0.4358,1.0040
-5.2002,7.7357,-0.9122,-0.4570,-0.6508,-0.2268,-7.5369,5.6623,-2.2697,0.0085,-0.3660,-0.6927
-3.8020,4.5274,9.1267,-0.1608,0.3561,-0.1651,-11.1402,-3.4453,1.5993,-0.1415,0.9665,-0.2166
-6.2273,4.8794,5.1236,0.1258,0.1767,0.3074,-11.0229,-2.2242,0.0622,-0.3308,0.1801,0.6319
-5.8993,8.6263,-2.4134,0.3615,0.3948,0.3176,-7.4005,8.2073,-4.5442,-0.0270,-0.3632,0.7923
-4.8483,8.3701,-1.4413,-0.4511,-0.4064,-0.2702,-7.2209,7.3885,-2.9185,0.0246,-0.0997,-0.8588
-4.8650,4.0725,5.7461,-1.0849,-1.1795,-0.3301,-9.8785,-2.7318,0.5962,-0.2458,-0.3084,-1.3047
-4.6256,3.3686,10.9487,0.2741,0.0441,0.1462,-12.5504,-6.3494,3.0550,0.1422,-0.2138,0.5676
-5.3510,8.2959,-1.4844,0.5943,0.8909,0.4783,-7.6447,6.7062,-3.2154,-0.1884,0.0199,1.2835
-5.3870,8.9352,-2.7701,-0.2738,-0.2092,-0.1937,-7.0701,8.5545,-3.7134,0.1006,-0.3497,-0.4887
-4.7453,3.9385,6.8618,-1.0765,-0.6175,-0.3259,-10.1730,-3.1963,0.8547,-0.5389,0.3786,-1.3925
-5.5282,3.4764,9.3925,0.1919,0.0552,0.2525,-12.0524,-5.8466,1.9656,-0.0561,-0.0218,0.5621
-5.3582,7.6231,0.3472,0.6274,0.6977,0.4875,-8.4013,5.1547,-2.1907,-0.1348,0.0721,1.1343
-4.5825,9.0285,-1.5251,-0.3718,-0.0097,-0.1388,-7.1754,8.0756,-2.2314,-0.1123,0.2024,-0.5845
-4.6950,5.3558,3.5482,-0.6672,-0.8880,-0.4752,-8.9807,0.4190,-0.4836,0.1444,-0.0529,-1.1034
-5.5043,3.0047,10.2711,-0.5820,-0.5140,-0.0883,-12.4762,-6.9599,2.2889,-0.2425,0.0004,-0.4178
-4.8219,3.8642,7.6662,0.5824,0.6470,0.2545,-10.7069,-3.5745,1.0918,-0.0296,-0.0140,0.9499
-4.4125,8.8226,-1.4772,0.6332,0.7794,0.2978,-6.9264,8.1259,-2.5881,0.0422,0.0212,0.9630
-5.0111,8.4731,-1.0295,-0.4967,-0.4513,-0.3765,-7.5393,6.8761,-2.5809,0.0959,-0.2338,-0.7926
-5.3750,3.9744,5.7868,-0.9429,-0.7855,-0.4471,-10.1347,-2.7198,-0.3065,-0.1940,-0.0059,-1.1856
-5.3415,4.1468,7.8626,0.4173,0.5087,0.3284,-11.0899,-3.6105,0.8499,-0.1386,0.2475,0.7751
-4.6160,8.2169,-0.2777,0.6066,0.5857,0.3824,-7.6064,6.6655,-2.0231,0.0562,-0.0733,1.0372
-4.1420,8.6215,-2.1117,-0.4036,-0.2108,-0.3047,-6.0861,8.4491,-2.9928,-0.0641,-0.0112,-0.7269
-5.3391,3.6344,8.2768,-1.1992,-0.3357,-0.2954,-11.5688,-5.0996,1.5299,-0.7373,0.5770,-1.2153
-5.7437,3.3255,8.1906,0.6535,0.2073,0.1873,-10.8386,-4.2665,0.3663,0.3555,-0.4118,0.9669
-4.9680,8.3199,-1.2713,0.5745,0.8652,0.3836,-7.3670,7.2712,-3.1939,-0.1243,0.1863,0.9626
-4.1707,8.8825,-1.8986,-0.3695,-0.0424,-0.0867,-6.3949,8.8083,-2.8395,-0.1170,-0.0236,-0.4347
-5.1044,4.9225,4.6998,-0.9651,-0.6359,-0.4702,-9.9862,-1.3695,-0.0335,-0.1363,0.1182,-1.1421
-5.6048,3.0670,9.2943,-0.3722,-0.2406,-0.2896,-12.4091,-6.1292,0.9170,0.0072,0.0655,-0.3969
-6.3159,4.3215,5.6240,0.5441,0.1731,0.2912,-10.4866,-2.2434,-0.8619,0.0789,-0.0542,0.8470
-4.8195,8.2576,-0.7111,0.2986,0.3320,0.4049,-7.5513,6.9863,-2.5187,-0.0965,-0.4085,0.7682
-3.8690,8.5114,-0.7446,-0.2846,-0.2369,-0.1804,-6.9384,7.3933,-1.7526,0.0077,-0.0147,-0.5141
-4.8483,4.8171,5.9735,-0.8903,-0.4755,-0.3833,-10.7141,-2.2984,1.2594,-0.2807,0.2860,-1.0106
-5.9089,3.6631,7.5872,0.3018,-0.0914,-0.0308,-11.1522,-4.0342,0.1748,0.2990,-0.3255,0.4863
-5.7700,5.9616,2.5307,0.3444,0.6243,0.4572,-9.1315,1.3455,-1.7119,-0.3702,0.0493,0.9122
-4.6926,6.8690,2.5642,0.2467,0.6895,0.3389,-8.6383,3.4500,-1.0008,-0.3603,0.3139,0.6110
-4.7812,7.5154,2.3056,0.2637,0.4862,0.0678,-9.0860,3.8786,-0.5866,0.0080,0.4137,0.3740
-5.7964,6.9384,0.5315,-0.1981,-0.1391,-0.0725,-8.5497,3.9911,-2.7892,-0.1098,0.1591,-0.2329
-5.5210,5.9233,3.8906,-0.1976,-0.2577,-0.0386,-9.9072,0.8499,-0.8499,-0.0438,-0.0111,-0.1923
-5.3822,6.1794,3.2537,-0.0823,-0.0432,0.0417,-9.4715,1.4748,-0.7757,-0.0929,-0.0191,0.0662
-5.2361,6.7301,2.6145,0.1374,0.0620,-0.0462,-9.1674,2.6504,-1.0654,0.1206,-0.0601,0.1442
-5.1811,6.6200,2.3535,-0.0356,0.0598,-0.0897,-9.0956,2.7749,-1.2330,0.0193,0.1199,-0.0310
-5.7102,6.4212,2.2745,-0.1456,-0.1451,-0.0907,-9.1626,2.3008,-1.6640,-0.0180,-0.0039,-0.1146
-5.7557,6.2034,2.8874,-0.0943,-0.1251,-0.0521,-9.4044,1.7502,-1.3336,0.0176,-0.0809,-0.0384
-5.4061,6.3159,2.8467,-0.1306,0.0453,0.0649,-9.3853,1.9609,-1.3312,-0.1492,-0.0333,0.0125
-5.5665,6.4380,2.8491,-0.0867,-0.0044,0.0212,-9.4475,1.9106,-1.1349,-0.0731,-0.0421,0.0225
-5.1978,6.4260,2.8084,-0.1018,-0.0717,0.0215,-9.0573,2.1883,-1.1157,-0.0709,-0.0354,-0.0151
-5.0781,6.4955,2.6743,-0.0618,-0.0497,-0.0448,-9.1937,2.2841,-0.9026,-0.0061,-0.0294,-0.0312
-5.1284,6.3901,3.0191,-0.0903,0.0441,-0.0773,-9.3230,2.0375,-1.0726,-0.0300,0.0538,-0.0694
-5.3630,6.3207,2.9640,-0.1135,-0.0167,-0.0398,-9.4116,1.8340,-1.1396,-0.0337,0.0646,-0.0528
-5.4420,6.3015,2.9521,-0.0793,0.0040,0.0324,-9.3015,1.9752,-1.2737,-0.0751,-0.0051,0.0224
-5.4636,6.4476,2.6384,-0.0682,-0.0362,0.0222,-9.3757,2.1141,-1.1660,-0.0549,-0.0342,0.0406
-5.4923,6.4667,2.5977,-0.0516,-0.0207,-0.0123,-9.2368,2.3320,-1.5419,-0.0246,-0.0529,0.0232
-5.2672,6.4404,2.8204,-0.1138,-0.0105,-0.0143,-9.4236,2.1213,-0.8882,-0.0384,-0.0362,0.0087
-5.4277,6.4165,2.8826,-0.1223,-0.0454,-0.0125,-9.2823,2.0901,-1.1564,-0.0657,-0.0386,-0.0285
-5.1834,6.3901,3.0502,-0.1120,-0.0053,-0.0381,-9.2344,2.0662,-0.9409,0.0016,-0.0350,0.0025
-5.3247,6.2632,2.8060,-0.0737,-0.0302,-0.0065,-9.2464,2.0446,-1.2546,-0.0501,-0.0486,0.0083
-5.5282,6.2728,2.7892,-0.0500,-0.0044,-0.0237,-9.3111,1.9848,-1.1803,0.0089,-0.0376,0.0356
-5.3893,6.3494,2.8946,-0.0906,-0.0119,0.0099,-9.2488,2.1093,-1.0798,-0.0548,0.0096,-0.0072
-5.4109,6.4189,3.0263,-0.1324,0.0330,-0.0262,-9.4212,2.0901,-1.1564,-0.0723,0.0826,-0.0429
-5.4899,6.4332,2.6336,-0.0448,-0.0394,0.0032,-9.2895,2.0877,-1.2330,-0.0422,-0.0420,0.0185
-5.3893,6.3207,3.1412,-0.1232,-0.0321,0.0076,-9.4475,1.8579,-0.9242,-0.0741,0.0019,-0.0338
-5.4396,6.3135,3.0239,-0.0465,0.0260,-0.0012,-9.3781,1.8651,-1.1301,-0.0506,0.0277,0.0063
-5.4612,6.4332,2.6145,-0.0683,0.0148,-0.0254,-9.2632,2.1548,-1.2833,-0.0204,-0.0141,0.0509
-5.4612,6.3805,2.9305,-0.0750,-0.0369,-0.0029,-9.3111,2.0590,-1.0606,-0.0333,-0.0176,-0.0001
-5.3439,6.3662,2.8946,-0.1315,-0.0321,-0.0100,-9.3350,1.9968,-1.1923,-0.0669,0.0293,-0.0396
-5.5115,6.3183,2.9904,-0.0699,0.0069,-0.0100,-9.3925,1.9656,-1.3360,-0.0552,0.0278,0.0039
-5.4779,6.3805,2.9497,-0.0818,0.0365,0.0422,-9.3470,2.0423,-1.1971,-0.1073,0.0284,0.0109
-5.3606,6.4572,3.0358,-0.0827,0.0159,-0.0015,-9.3565,2.0111,-1.1229,-0.0818,0.0470,-0.0032
-5.3247,6.4643,2.8036,-0.1135,-0.0429,-0.0191,-9.3278,2.2051,-1.2139,-0.0793,-0.0072,-0.0425
-5.2720,6.3734,2.8108,-0.0556,-0.0354,-0.0498,-9.2967,2.1045,-0.8116,0.0009,-0.0409,-0.0133
-5.2337,6.2896,2.9521,-0.1259,0.0079,-0.0156,-9.3948,1.9106,-0.9984,-0.0815,-0.0069,-0.0163
-5.5809,6.2560,2.9760,-0.0261,-0.0112,-0.0374,-9.4834,1.7765,-1.2258,-0.0025,-0.0228,0.0093
-5.4588,6.3303,2.9257,-0.0629,-0.0203,0.0024,-9.2632,2.1380,-1.2785,-0.0368,-0.0237,-0.0048
-5.1834,6.2417,3.4093,0.1186,-0.2438,-0.1174,-9.5577,1.8555,-0.7398,0.2065,-0.0589,-0.0245
-5.6862,6.4596,1.9178,-0.0834,-0.0878,-0.0258,-8.9208,2.6288,-1.8771,-0.0422,-0.0009,-0.0349
-5.3822,6.2465,3.1101,-0.0670,-0.0683,-0.0566,-9.4882,1.7933,-1.0415,0.0248,-0.1120,-0.0041
-5.3367,6.2249,3.1196,-0.1259,-0.0111,0.0141,-9.4068,1.8172,-1.0104,-0.0882,0.0348,-0.0155
-5.4420,6.3662,2.9209,-0.0129,-0.0077,-0.0333,-9.4044,1.8340,-1.1444,-0.0008,0.0409,-0.0031
-5.3510,6.3853,2.9305,-0.1050,0.0045,0.0124,-9.3757,1.9609,-1.1684,-0.0682,-0.0382,0.0197
-5.2840,6.3590,3.1292,-0.0878,0.0624,0.0093,-9.3829,1.9800,-1.0175,-0.0959,0.0629,0.0064
-5.6790,6.3566,2.6504,-0.0974,0.0176,0.0003,-9.3541,1.9800,-1.3623,-0.0525,0.0237,0.0096
-5.4444,6.3470,2.8371,-0.0641,-0.0105,0.0077,-9.3302,2.1332,-1.3264,-0.0612,-0.0197,0.0073
-5.3008,6.2968,3.0454,-0.0835,-0.0384,-0.0107,-9.3709,2.0255,-0.9864,-0.0316,-0.0230,-0.0159
-5.3343,6.2584,3.0023,-0.0909,-0.0655,-0.0266,-9.3422,2.0518,-1.1971,-0.0205,-0.0159,-0.0381
-5.5450,6.3255,2.7988,-0.0855,-0.0306,-0.0208,-9.3206,1.9345,-1.2426,-0.0446,-0.0390,-0.0081
-5.4420,6.2944,2.8539,-0.0722,-0.0021,0.0024,-9.3685,1.9585,-1.1851,-0.0452,-0.0449,0.0167
-5.4731,6.3518,2.8563,-0.0910,-0.0258,0.0008,-9.4164,1.9680,-1.0726,-0.0528,-0.0356,0.0029
-5.2840,6.3566,3.2322,-0.0750,-0.0224,-0.0113,-9.4643,1.8651,-0.9625,-0.0537,0.0128,-0.0152
-5.4779,6.2991,3.1795,-0.0713,0.0191,-0.0569,-9.5217,1.8172,-1.1109,-0.0268,0.0827,-0.0285
-5.5785,6.3686,2.8994,-0.0661,-0.0031,0.0107,-9.2632,2.0087,-1.3551,-0.0612,0.0143,0.0035
-5.3726,6.3207,2.8850,-0.1211,-0.0706,0.0192,-9.2560,2.1332,-1.2474,-0.0727,-0.0650,-0.0273
-5.4324,6.3422,2.8874,-0.1158,0.0244,0.0245,-9.2608,2.1213,-1.3001,-0.1158,-0.0037,-0.0184
-5.7317,6.3662,2.4588,-0.2770,0.1628,0.1300,-9.2632,2.1596,-1.6592,-0.3573,0.0846,-0.0264
-5.7940,6.3925,2.2721,-0.3858,0.1829,0.1974,-9.1770,2.3152,-1.7837,-0.4767,0.0203,-0.0432
-6.2058,6.4093,1.5634,-0.7216,0.3716,0.4185,-9.0740,2.6839,-2.5570,-0.9510,0.0157,-0.0958
-5.7940,6.1794,1.9537,-1.1129,0.5927,0.6290,-8.9160,2.5091,-2.3631,-1.3967,0.0492,-0.2169
-5.7940,5.7916,2.6217,-1.4713,0.6580,0.7566,-9.2680,1.5299,-1.4772,-1.7576,0.0191,-0.3712
-5.6671,5.7054,2.7485,-1.5268,0.6779,0.7845,-9.1961,1.3384,-1.4054,-1.8115,0.0354,-0.3785
-4.9584,5.0829,3.4788,-1.9279,0.8312,0.7365,-8.7963,0.9337,-0.8954,-2.0824,0.1274,-0.6727
-5.0518,4.5250,3.8355,-1.8688,0.8160,0.6025,-8.8801,0.1556,-0.9098,-1.9925,0.1859,-0.7512
-4.9105,4.1228,5.3056,-1.8294,0.6339,0.4343,-9.1698,-0.8164,-0.7135,-1.7259,0.1624,-0.8519
-4.7956,3.7828,5.9065,-1.4004,0.1676,0.1883,-9.3230,-1.5227,-0.0718,-1.0738,-0.0573,-0.8041
-5.1188,3.6105,6.0430,-1.1482,-0.0004,0.0813,-9.6295,-2.0590,-0.4429,-0.7681,-0.0489,-0.7681
-4.9943,3.2705,6.0956,-0.8792,-0.1816,-0.0152,-9.5313,-2.3583,-0.4741,-0.5005,-0.1749,-0.6975
-5.1427,2.9808,6.0454,-0.9418,0.0682,0.0514,-9.4188,-2.5833,-0.5076,-0.6500,0.0458,-0.6574
-4.8267,2.6528,7.2425,-0.8707,-0.1151,-0.0069,-9.8354,-3.5267,0.3543,-0.5103,-0.0718,-0.6363
-4.9608,2.4948,6.9360,-0.4465,-0.1065,-0.1168,-9.4858,-3.3064,-0.2897,-0.1330,-0.0577,-0.4085
-4.8435,2.2721,6.9456,-0.2790,-0.1645,-0.1404,-9.4044,-3.5458,-0.2658,0.0017,-0.0801,-0.2622
-5.1260,2.4086,6.4572,-0.2419,-0.1312,-0.0476,-9.3805,-3.4069,-0.2682,-0.0691,-0.0855,-0.1613
-5.0901,2.3822,6.5098,-0.1195,-0.0454,-0.0669,-9.1698,-3.2274,-0.6464,-0.0061,-0.0035,-0.0967
-4.7812,2.3463,6.3039,-0.2169,-0.0281,-0.0497,-9.0812,-3.0885,-0.3567,-0.0879,0.0141,-0.1408
-5.1523,2.2745,6.2991,-0.1046,-0.0999,-0.0135,-9.2608,-3.3375,-0.6871,-0.0185,-0.0731,-0.0566
-5.0996,2.3439,6.2752,-0.0934,-0.0701,-0.0292,-9.1985,-3.2561,-0.6871,-0.0115,-0.0497,-0.0497
-5.0829,2.3439,6.1770,-0.1077,-0.0183,-0.0221,-9.0070,-3.1364,-0.7494,-0.0485,-0.0185,-0.0506
-4.9488,2.3343,6.5098,-0.1572,-0.0031,0.0176,-9.1147,-3.2178,-0.5602,-0.1104,0.0176,-0.0298
-4.9536,2.3559,6.4069,-0.0841,-0.0699,-0.0184,-9.0453,-3.1412,-0.6297,-0.0238,0.0115,-0.0457
-5.0398,2.3942,6.1148,-0.1242,-0.0667,0.0072,-8.8705,-2.8850,-0.6033,-0.0188,-0.0324,-0.0342
-5.0039,2.2649,6.2800,-0.1451,-0.0176,-0.0787,-9.0621,-3.2753,-0.4932,-0.0234,0.0329,-0.0721
-4.7908,2.2027,5.9568,-0.1563,-0.0548,-0.0384,-8.7460,-3.0287,-0.5171,-0.0584,0.0129,-0.1017
-4.8961,2.3224,6.3375,-0.0793,-0.0481,-0.0525,-8.9854,-3.1436,-0.4956,-0.0071,-0.0133,-0.0362
-4.9967,2.1715,6.2393,-0.1338,-0.0709,-0.0723,-8.9639,-3.3423,-0.5459,-0.0334,0.0179,-0.1190
-4.9871,1.9776,6.4141,-0.1462,-0.0742,-0.0783,-8.9735,-3.4620,-0.5531,-0.0257,-0.0076,-0.1252
-5.0278,1.9896,6.3686,-0.1081,-0.0540,-0.0584,-9.0118,-3.5961,-0.4812,-0.0280,-0.0378,-0.0617
-5.0589,1.7621,6.6559,-0.1018,-0.0524,0.0113,-9.1028,-3.8810,-0.5435,-0.0582,-0.0197,-0.0203
-4.8076,1.9609,6.4117,-0.0713,-0.0458,0.0518,-8.9304,-3.6009,-0.4693,-0.0818,-0.0441,0.0124
-4.6878,2.0901,6.3686,-0.0722,-0.0269,0.0679,-8.8705,-3.3351,-0.3615,-0.0750,-0.0510,0.0446
-4.5969,2.1165,6.5074,-0.0750,-0.0222,-0.0108,-8.8921,-3.3255,-0.1772,-0.0354,0.0120,-0.0320
-4.7980,2.1165,6.6870,-0.0381,0.0084,0.0113,-8.9759,-3.5027,-0.2179,-0.0233,0.0189,0.0446
-5.2433,1.7980,6.6272,0.0426,-0.0115,0.0220,-9.0980,-3.8858,-0.7278,0.0109,-0.0264,0.1132
-5.0015,1.9680,6.5386,0.0353,-0.0147,0.0649,-9.0788,-3.6919,-0.5387,-0.0268,-0.0071,0.1358
-4.7860,2.1021,6.3805,0.1053,-0.0711,0.1094,-8.8418,-3.2154,-0.5028,-0.0055,-0.0999,0.1747
-4.7908,2.1308,6.6439,0.0827,0.0015,0.1246,-9.1650,-3.5362,-0.5698,-0.0382,-0.0576,0.1888
-4.7429,2.4134,6.3470,0.1188,-0.1104,0.1571,-9.1075,-3.1891,-0.2705,-0.0031,-0.1081,0.2174
-4.5274,2.5043,6.2058,0.1334,-0.1655,0.2080,-8.9519,-2.8706,-0.1676,-0.0049,-0.1853,0.2703
-4.4580,3.0478,6.1962,0.1652,-0.0757,0.1756,-9.0070,-2.4565,0.1077,0.0350,-0.1604,0.2690
-4.2832,3.1556,6.1483,0.0965,-0.0032,0.1178,-8.9807,-2.2458,0.3041,-0.0306,-0.0629,0.1733
-4.3407,3.3160,6.2345,0.0626,-0.0520,0.0389,-9.1195,-2.1739,0.2442,0.0392,-0.0677,0.1138
-4.0797,3.2944,6.2465,0.0549,-0.0526,0.0128,-8.9759,-2.1596,0.2227,0.0362,-0.0305,0.0823
-4.3191,3.3639,6.1627,0.0159,-0.0726,-0.0071,-9.1195,-2.0973,0.3089,0.0532,-0.0360,0.0618
-4.3503,3.4165,6.2034,0.0568,-0.0590,-0.0735,-9.1243,-2.1093,0.3591,0.1037,-0.0021,0.0350
-4.4053,3.4069,6.0501,0.0577,-0.0290,-0.1292,-9.1578,-2.1093,0.2753,0.1235,0.0482,-0.0069
-4.2521,3.2298,6.0286,0.0069,-0.0889,-0.1448,-9.0836,-2.2003,0.2945,0.1280,0.0084,-0.0183
-4.4628,3.1580,6.3949,0.0482,-0.1625,-0.1912,-9.1363,-2.3679,0.2634,0.2617,-0.0569,-0.0461
-4.6376,3.2537,6.0262,0.0097,-0.1483,-0.1092,-9.1698,-2.2290,0.0575,0.1529,-0.0731,-0.0374
-4.3574,3.2322,6.3805,-0.0425,-0.0241,-0.0978,-9.2344,-2.3798,0.0455,0.0586,0.0504,-0.0338
-4.3479,3.2633,6.1124,0.0629,-0.1362,-0.1069,-9.2153,-2.4062,0.3184,0.1467,-0.0290,0.0205
-4.2737,3.4022,6.2513,-0.0017,-0.0941,-0.0640,-9.0764,-2.0255,0.2538,0.0893,-0.0191,0.0113
-4.1731,3.4213,6.2177,-0.0546,-0.0179,-0.0862,-9.1004,-2.0255,0.2801,0.0215,0.0554,-0.0349
-4.2186,3.4500,6.2177,-0.0636,-0.0380,-0.0919,-9.0142,-2.0207,0.4884,0.0017,0.0381,-0.0641
-4.2401,3.3375,6.3614,-0.0870,-0.0640,-0.1236,-9.1578,-2.2482,0.3089,0.0321,0.0332,-0.0831
-4.2880,3.2346,6.1986,-0.1196,-0.0405,-0.1175,-9.1435,-2.3607,0.2394,-0.0108,0.0576,-0.1195
-4.1922,3.1412,6.2680,-0.1026,-0.0332,-0.1073,-9.0309,-2.3870,0.3926,0.0057,0.0361,-0.1002
-4.4149,3.1915,6.2968,-0.0521,-0.0318,-0.1081,-9.0740,-2.4708,0.3519,0.0285,0.0221,-0.0773
-4.4269,3.1963,6.3758,-0.1264,0.0180,-0.1296,-9.1770,-2.5307,0.4046,0.0015,0.0705,-0.0765
-4.6040,2.9832,6.1292,-0.1240,-0.0125,-0.1168,-9.2680,-2.7581,0.3735,0.0160,0.0349,-0.0565
-4.6974,2.8515,6.3662,-0.0897,-0.0197,-0.0338,-9.2105,-2.8252,0.0311,-0.0440,0.0013,-0.0546
-4.3574,3.0191,6.5266,-0.0540,-0.0179,-0.0246,-9.0668,-2.6504,0.2322,-0.0040,0.0137,-0.0005
-4.3407,3.1244,6.3207,-0.0862,0.0081,0.0032,-8.9807,-2.4014,0.1772,-0.0683,0.0466,-0.0035
-4.2473,2.9975,6.4548,-0.0746,-0.0104,-0.0493,-8.9615,-2.4708,0.1125,-0.0132,0.0388,-0.0309
-4.3622,3.0239,6.3949,-0.0636,-0.0079,-0.0396,-9.2273,-2.6552,0.2322,-0.0286,0.0308,-0.0103
-4.4700,3.0358,6.3853,-0.0512,0.0041,-0.1057,-9.1459,-2.6480,0.3903,0.0637,0.0558,-0.0035
-4.3335,2.9832,6.4404,-0.0181,-0.0445,-0.0877,-9.0022,-2.4948,0.1508,0.0432,0.0193,-0.0145
-4.2928,2.9544,6.4308,-0.0215,-0.0308,-0.0790,-9.0142,-2.5211,0.1437,0.0549,0.0105,0.0013
-4.4341,3.0765,6.4739,-0.0213,0.0380,-0.1043,-9.1794,-2.6193,0.1030,0.0264,0.0794,-0.0116
-4.7166,2.9090,6.1435,-0.0153,-0.0093,-0.0602,-9.1961,-2.7007,-0.1460,-0.0105,0.0601,-0.0172
-4.7716,2.9185,5.8730,-0.0934,0.0080,-0.0304,-9.2392,-2.7054,-0.0694,-0.0552,0.0252,0.0168
-4.7405,2.9161,6.1387,-0.0373,-0.0366,0.0457,-9.1315,-2.6264,-0.1628,-0.0432,-0.1001,0.0790
-4.5442,3.1364,6.0454,-0.0861,-0.0678,0.0494,-9.0070,-2.3391,-0.0886,-0.0698,-0.0645,-0.0196
-4.2018,3.1723,6.3159,-0.1283,-0.0883,0.0370,-8.9950,-2.3774,0.1772,-0.0814,-0.0753,-0.0305
-4.2329,3.2322,6.4117,-0.1403,-0.0516,0.0261,-9.1746,-2.4995,0.5459,-0.0890,-0.0484,-0.0458
-4.1539,3.1675,6.7612,-0.0674,-0.0163,-0.0521,-9.1602,-2.6145,0.6440,0.0065,-0.0020,-0.0253
-4.4652,3.1556,6.3087,-0.0600,-0.0422,-0.0085,-8.9423,-2.3607,0.0742,0.0040,-0.0187,0.0215
-4.4843,3.0598,6.3063,-0.0911,0.0727,-0.0181,-9.2129,-2.5833,0.0934,-0.0807,0.0516,-0.0037
-4.3981,2.9784,6.1555,-0.1202,-0.0076,0.0123,-8.9543,-2.4852,0.1460,-0.1071,0.0117,-0.0284
-4.3622,2.9736,6.2010,-0.1021,0.0171,0.0336,-9.0214,-2.4948,0.1413,-0.0898,0.0045,0.0112
-4.5442,2.9449,6.5218,-0.1243,0.0308,0.0261,-9.1123,-2.6743,0.0096,-0.1178,0.0220,-0.0265
-4.3838,3.0119,5.9735,-0.1179,-0.0005,0.0294,-8.9567,-2.5043,-0.0670,-0.1390,-0.0005,-0.0337
-4.4173,3.0191,6.3590,-0.1476,0.0252,0.0987,-9.0477,-2.6647,0.1269,-0.1514,-0.0572,0.0116
-4.2665,3.0335,6.6487,-0.1695,0.0258,0.0843,-9.2560,-2.7390,0.1149,-0.1972,0.0253,-0.0031
-4.3814,3.0143,6.5050,-0.0711,-0.0001,0.0887,-9.1889,-2.6025,0.2682,-0.1270,-0.0147,0.0264
-4.2042,2.9880,5.9640,-0.0910,-0.0374,0.0141,-9.0333,-2.4852,0.4334,-0.0558,-0.0602,0.0132
-4.3766,3.1843,6.3303,-0.1022,-0.0433,0.0477,-9.0716,-2.4445,0.0766,-0.0655,-0.0333,-0.0007
-4.2449,3.1891,5.9951,-0.1014,-0.0886,0.0164,-8.8705,-2.1883,0.1867,-0.0377,-0.0770,-0.0469
-4.2689,3.0694,6.2896,-0.1404,-0.0854,-0.0278,-9.0142,-2.5067,0.3304,-0.0394,-0.0894,-0.0778
-4.0677,3.0382,6.4883,-0.1278,-0.0497,-0.0258,-8.9663,-2.6001,0.5578,-0.0446,-0.0541,-0.0657
-4.2473,2.8898,6.8163,-0.1067,-0.0224,-0.0508,-9.2895,-3.1987,0.4453,-0.0325,0.0132,-0.0314
-4.4053,2.7845,6.6846,-0.0536,0.0281,-0.0234,-9.2249,-3.0885,0.2705,-0.0262,0.0589,0.0249
-4.4005,2.6863,6.3901,-0.0564,0.0116,0.0258,-8.9663,-2.8850,0.1508,-0.0645,0.0225,0.0278
-4.3455,3.0023,6.3015,-0.0177,0.0053,0.0441,-8.9854,-2.6121,0.2274,-0.0382,-0.0405,0.0826
-4.2641,3.1867,6.1363,-0.0489,-0.0240,0.0269,-9.0214,-2.2889,0.2035,-0.0667,-0.0481,0.0326
-4.2090,3.3064,6.1220,-0.1107,-0.0159,0.0218,-9.0070,-2.3703,0.4070,-0.0846,-0.0195,0.0020
-4.1731,3.1077,6.4643,-0.1011,0.0129,-0.0524,-9.1554,-2.6432,0.4022,-0.0564,0.0265,-0.0458
-4.2760,2.8730,6.5960,-0.0642,0.0353,-0.0750,-8.9687,-2.9066,0.0575,-0.0187,0.0709,-0.0380
-4.4293,2.8276,6.6679,-0.0105,0.0112,-0.0357,-9.1243,-2.9209,0.1125,0.0020,0.0437,0.0208
-4.6136,3.1484,6.0071,-0.0887,0.0056,0.0222,-9.1459,-2.4397,0.0215,-0.0830,0.0222,-0.0008
-4.4724,3.1053,6.1483,-0.0931,0.0040,0.0197,-9.0190,-2.4421,0.0838,-0.0541,-0.0123,0.0115
-4.2617,2.9688,6.6367,-0.0977,-0.0148,-0.0366,-9.1482,-2.7916,0.6536,-0.0336,0.0081,-0.0185
-4.2114,2.8180,6.5721,-0.0790,0.0019,-0.0080,-8.9950,-2.8491,0.5722,-0.0472,0.0281,-0.0052
-4.5394,3.0287,6.5553,-0.0073,0.0298,-0.0624,-9.2775,-2.7366,0.0239,0.0093,0.0592,-0.0029
-4.5993,3.1149,6.0406,-0.0473,0.0562,0.0011,-9.0716,-2.4134,-0.1173,-0.0557,0.0456,0.0368
-4.2569,3.0718,6.3039,-0.0997,-0.0059,-0.0448,-9.0405,-2.4900,0.2466,-0.0393,0.0277,-0.0297
-4.2545,2.9353,6.4189,-0.1039,-0.0117,-0.0121,-8.9280,-2.6408,0.1604,-0.0633,0.0176,-0.0458
-4.2904,2.8683,6.7540,-0.0580,0.0056,-0.0585,-9.2201,-2.9568,0.4094,-0.0128,0.0609,-0.0412
-4.3790,3.0789,6.4452,0.0056,-0.0083,-0.0278,-9.1866,-2.6001,0.1844,0.0171,0.0329,0.0386
-4.3622,2.9832,6.2321,-0.0530,-0.0020,-0.0348,-9.0166,-2.4636,-0.0503,-0.0217,0.0414,0.0297
-4.5538,3.1268,6.1339,-0.0807,-0.0180,0.0027,-9.0716,-2.4253,-0.0024,-0.0558,0.0105,0.0005
-4.3120,3.0526,6.1387,-0.0821,-0.0265,-0.0089,-8.8777,-2.4157,0.0742,-0.0448,-0.0429,-0.0192
-4.1372,3.0957,6.4308,-0.1415,-0.0482,-0.0189,-9.1554,-2.5762,0.3496,-0.0785,-0.0100,-0.0657
-4.3766,3.1843,6.3422,-0.0905,-0.0418,-0.0229,-9.2344,-2.5283,0.2682,-0.0115,-0.0220,-0.0240
-4.4724,3.0454,6.2393,-0.1286,0.0332,-0.0246,-9.0525,-2.4636,0.2011,-0.0761,0.0811,-0.0697
-4.4939,2.8946,6.2273,-0.1100,-0.0003,-0.0578,-9.0190,-2.7677,-0.0096,-0.0348,0.0035,-0.0618
-4.4580,2.7270,6.2824,-0.1399,0.0031,-0.0707,-9.0692,-2.9281,0.1484,-0.0398,0.0188,-0.0721
-4.4843,2.8419,6.5673,-0.0833,-0.0356,-0.0282,-9.0142,-2.8683,0.0144,-0.0309,-0.0096,-0.0464
-4.5226,2.8276,6.3710,-0.0926,-0.0404,0.0156,-9.1219,-3.0119,-0.0311,-0.0737,-0.0076,-0.0234
-4.3622,2.8132,6.4979,-0.0962,-0.0192,0.0518,-9.0190,-2.8156,0.1532,-0.0745,-0.0398,0.0195
-4.3622,2.8156,6.5242,-0.0683,-0.0374,0.0390,-9.1147,-3.0191,0.3543,-0.0769,-0.0416,0.0333
-4.3742,2.9281,6.2776,-0.0529,-0.0278,0.0723,-9.1028,-2.7725,0.1317,-0.0757,-0.0622,0.0653
-4.2760,3.0239,6.3518,-0.0382,-0.0296,0.0208,-9.0142,-2.6025,0.1891,-0.0396,-0.0456,0.0526
-4.2784,3.0287,6.3398,-0.0711,0.0156,0.0374,-8.9064,-2.5809,0.4046,-0.0606,-0.0119,0.0358
-4.3287,3.0287,6.6439,-0.0083,0.0100,-0.0582,-9.0908,-2.6983,0.3783,0.0165,0.0181,0.0222
-4.3958,3.0885,6.0454,-0.0673,-0.0270,-0.0065,-8.8849,-2.4301,0.1389,-0.0161,0.0052,0.0099
-4.3431,3.0789,6.4189,-0.0584,-0.0360,-0.0377,-9.0573,-2.5762,0.3352,-0.0060,-0.0209,-0.0099
-4.3215,3.0119,6.4428,-0.0949,-0.0397,-0.0039,-9.1099,-2.6839,0.1221,-0.0650,0.0077,-0.0225
-4.2952,2.9449,6.4189,-0.0719,0.0093,-0.0201,-9.0621,-2.7749,0.2370,-0.0422,0.0052,-0.0157
-4.4724,3.0191,6.3614,-0.0927,-0.0005,-0.0087,-9.1315,-2.7725,0.3400,-0.0685,-0.0013,-0.0133
-4.3814,3.0574,6.2824,-0.0749,-0.0193,0.0089,-9.0285,-2.5666,0.1173,-0.0521,-0.0300,0.0124
-4.1611,2.9616,6.3039,-0.1392,-0.0413,-0.0195,-8.8514,-2.5187,0.1628,-0.0722,-0.0119,-0.0404
-4.3527,3.0622,6.2225,-0.1492,-0.0640,0.0112,-8.9759,-2.5091,0.2562,-0.0893,-0.0570,-0.0561
-4.3287,2.8802,6.4979,-0.1749,-0.0350,-0.0348,-9.1123,-2.8204,0.3519,-0.0879,-0.0123,-0.0915
-4.2928,2.7701,6.7588,-0.1327,-0.0249,-0.0109,-9.1578,-3.1149,0.1700,-0.0767,-0.0193,-0.0609
-4.3024,2.8060,6.4955,-0.1112,-0.0083,-0.0144,-8.9663,-2.8611,0.1987,-0.0714,-0.0189,-0.0336
-4.2282,2.8036,6.6870,-0.1152,-0.0135,0.0393,-9.0908,-2.9329,0.5148,-0.1135,-0.0365,-0.0132
-4.2521,2.7749,6.7876,-0.1440,0.0009,0.0270,-9.1866,-3.0311,0.2729,-0.1168,0.0064,-0.0233
-4.5035,2.7605,6.3877,-0.1029,0.0116,0.0402,-9.0405,-3.0574,0.4262,-0.1368,0.0011,-0.0867
-3.8906,2.7845,6.5841,-0.0791,-0.0468,0.0204,-8.8633,-2.8108,0.4764,-0.0602,-0.0617,-0.0013
-4.2449,2.8850,6.6702,-0.1166,0.0080,0.0488,-9.1722,-3.0646,0.5650,-0.1019,0.0001,0.0043
-4.0845,2.8012,6.4236,-0.0341,-0.0097,0.0057,-8.8609,-2.9137,0.4741,-0.0362,0.0222,0.0336
-4.0821,2.9616,6.5074,-0.0290,-0.0410,-0.0031,-8.9280,-2.7773,0.4142,-0.0092,-0.0242,0.0361
-4.2377,2.9185,6.5003,-0.0745,-0.0148,-0.0234,-9.0860,-2.9161,0.4094,-0.0318,0.0233,-0.0184
-4.2401,2.8922,6.3782,0.0131,-0.0226,-0.0482,-8.9711,-2.7940,0.2227,0.0398,-0.0207,0.0490
-4.1970,2.8802,6.5074,-0.0819,0.0008,-0.0157,-9.0477,-2.8443,0.3424,-0.0426,0.0183,-0.0072
-4.2186,2.9113,6.3518,-0.0410,-0.0504,-0.0252,-8.9376,-2.6624,0.2251,-0.0063,-0.0305,0.0020
-4.3694,2.8898,6.3997,-0.1348,-0.0397,-0.0276,-9.0166,-2.9305,0.2897,-0.0589,0.0064,-0.0530
-4.2784,2.8659,6.3853,-0.0841,-0.0100,-0.0121,-8.9759,-2.8395,0.4693,-0.0389,0.0151,-0.0183
-4.4149,2.7940,6.5769,-0.0853,0.0019,0.0163,-9.0884,-3.0430,0.0096,-0.0917,0.0047,-0.0025
-4.4101,2.7749,6.3805,-0.0985,-0.0103,0.0593,-8.8873,-2.8922,0.2562,-0.1074,-0.0285,0.0131
-4.2114,2.8395,6.5721,-0.0697,-0.0460,0.0821,-8.9567,-2.7964,0.3184,-0.0895,-0.0954,0.0488
-4.0677,2.9377,6.4452,-0.1330,-0.0015,0.0604,-8.9304,-2.6145,0.3855,-0.1410,-0.0301,0.0032
-3.9265,2.9928,6.5314,-0.1316,-0.0246,0.0640,-8.9423,-2.7366,0.5938,-0.1182,-0.0253,0.0053
-3.9049,2.9736,6.4069,-0.0983,-0.0577,0.0193,-8.8442,-2.7294,0.6153,-0.0496,-0.0488,-0.0008
-4.0558,2.9449,6.4596,-0.1065,-0.0071,-0.0145,-9.0190,-2.8778,0.4956,-0.0811,-0.0025,-0.0420
-3.9792,2.8395,6.6224,-0.1127,-0.0037,-0.0196,-8.9376,-2.8946,0.5650,-0.0637,0.0011,-0.0418
-4.1922,2.8371,6.7109,-0.0982,-0.0159,-0.0207,-9.0046,-3.0239,0.5052,-0.0425,0.0056,-0.0209
-4.0438,2.8180,6.6343,-0.0903,-0.0009,-0.0193,-8.8705,-2.9712,0.4741,-0.0453,0.0312,-0.0249
-4.1180,2.7797,6.6511,-0.0529,-0.0285,-0.0281,-8.8945,-3.0718,0.6201,-0.0063,-0.0017,0.0121
-4.1180,2.7342,6.6966,-0.0340,-0.0119,-0.0027,-8.9950,-2.9042,0.3591,-0.0193,-0.0001,0.0345
-4.1013,2.8587,6.6439,-0.0561,-0.0096,-0.0044,-9.0333,-3.0454,0.3184,-0.0521,0.0077,0.0073
-3.9959,2.8515,6.4356,-0.0754,-0.0108,-0.0077,-8.8322,-2.8156,0.5004,-0.0438,0.0027,-0.0029
-4.1420,2.9018,6.6846,-0.0516,-0.0236,-0.0035,-8.9759,-2.7940,0.4956,-0.0112,-0.0280,0.0369
-4.1396,2.9209,6.4811,-0.0465,0.0053,-0.0284,-8.9064,-2.9616,0.2658,-0.0241,0.0176,0.0013
-4.0965,2.8898,6.5505,-0.0709,-0.0253,0.0084,-8.8801,-2.8108,0.5004,-0.0394,-0.0160,0.0120
-4.1013,2.8084,6.8474,-0.0679,-0.0011,0.0232,-9.1459,-3.1580,0.3041,-0.0601,-0.0101,0.0354
-4.1755,2.8060,6.6990,-0.0317,-0.0176,0.0304,-8.9639,-3.0239,0.4549,-0.0496,-0.0068,0.0470
-4.1611,2.8036,6.6918,-0.0244,-0.0088,0.0790,-9.0190,-3.1101,0.5124,-0.0707,-0.0317,0.0865
-4.2114,2.9521,6.4691,0.0047,0.0095,0.0683,-8.9926,-2.7845,0.3304,-0.0444,-0.0458,0.1058
-4.1922,3.0191,6.4739,-0.0277,0.0234,0.1026,-8.9447,-2.7366,0.4262,-0.0837,-0.0309,0.1143
-4.1468,3.0981,6.4548,-0.0119,0.0112,0.1069,-8.9591,-2.6121,0.4405,-0.0937,-0.0389,0.1017
-3.9145,3.2801,6.3901,-0.0213,-0.0153,0.0927,-8.9064,-2.4612,0.5674,-0.0954,-0.0533,0.0775
-3.9959,3.2322,6.3662,-0.0810,0.0324,0.0765,-8.9639,-2.4708,0.5962,-0.1094,-0.0157,0.0648
-3.8140,3.3160,6.4189,-0.0781,-0.0241,0.0682,-8.9639,-2.4110,0.7063,-0.0919,-0.0389,0.0444
-3.9169,3.2920,6.6128,-0.0758,0.0095,0.0333,-9.0932,-2.6743,0.8236,-0.0931,-0.0012,0.0245
-4.0151,3.1891,6.4739,-0.0560,0.0181,0.0107,-8.9902,-2.5666,0.7230,-0.0421,0.0063,0.0305
-3.9816,3.2441,6.5314,-0.0448,0.0226,-0.0084,-9.1219,-2.6264,0.5555,-0.0332,0.0249,0.0309
-4.0247,3.2681,6.3255,-0.0356,0.0133,-0.0261,-8.9759,-2.4708,0.3759,-0.0165,0.0337,0.0317
-4.1755,3.2250,6.4236,-0.0502,-0.0185,0.0120,-9.0956,-2.5953,0.3304,-0.0526,-0.0201,0.0233
-4.2401,3.0885,6.4715,-0.0537,-0.0033,0.0037,-9.1219,-2.6552,0.3903,-0.0324,-0.0088,0.0242
-4.0725,3.1891,6.5864,-0.0432,-0.0197,0.0324,-9.1171,-2.6600,0.6057,-0.0437,-0.0153,0.0510
-3.9289,3.3112,6.5434,-0.0129,0.0025,0.0252,-9.1147,-2.5450,0.6345,-0.0404,0.0124,0.0538
-3.9193,3.4381,6.0382,-0.0075,-0.0238,0.0032,-8.8801,-2.1644,0.5315,-0.0184,-0.0160,0.0514
-3.9744,3.5554,6.0956,-0.0935,-0.0228,0.0023,-8.9040,-2.0423,0.4645,-0.0484,-0.0135,0.0016
-3.7445,3.5195,6.0597,-0.1306,-0.0649,-0.0554,-8.7867,-2.0542,0.6536,-0.0314,-0.0196,-0.0827
-3.8930,3.5650,6.3279,-0.1620,-0.0481,-0.1031,-9.0309,-2.3511,0.6512,-0.0159,0.0029,-0.1332
-3.9002,3.1029,6.7588,-0.1559,0.0059,-0.1386,-9.0716,-2.8036,0.7470,0.0033,0.0786,-0.1283
-4.1587,2.9353,6.6942,-0.1435,-0.0224,-0.1090,-9.1147,-3.0837,0.5890,-0.0180,0.0733,-0.0954
-4.5011,2.9616,6.6224,-0.0370,-0.0001,-0.0685,-9.2177,-2.9640,-0.0192,0.0103,0.0353,0.0032
-4.2234,2.9928,6.3303,-0.0823,-0.0294,0.0373,-8.9854,-2.6624,0.1125,-0.0841,-0.0196,0.0268
-4.1204,3.1915,6.4500,-0.0967,-0.0394,0.0480,-9.0070,-2.4828,0.3615,-0.0922,-0.0260,0.0060
-4.0079,3.1412,6.6846,-0.1079,-0.0337,0.0492,-9.0764,-2.7438,0.6560,-0.0950,-0.0356,-0.0021
-4.0079,3.1532,6.7636,-0.0602,-0.0233,0.0410,-9.0740,-2.7797,0.6704,-0.0747,-0.0167,0.0306
-4.0606,3.2777,6.2848,-0.0500,-0.0215,0.0544,-8.8849,-2.3990,0.4262,-0.0573,-0.0554,0.0556
-3.8738,3.3423,6.3853,-0.1135,-0.0558,0.0341,-9.0046,-2.4900,0.6464,-0.0801,-0.0586,-0.0037
-3.6248,3.2705,6.8426,-0.1082,-0.0336,-0.0300,-9.0812,-2.7102,0.9505,-0.0453,0.0041,-0.0316
-3.8642,3.2585,6.4811,-0.0120,-0.0204,-0.0890,-9.0166,-2.5331,0.6009,0.0686,0.0240,0.0039
-4.1611,3.1915,6.2920,-0.0686,-0.0654,-0.0566,-8.9423,-2.4373,0.1604,0.0187,-0.0175,-0.0442
-4.1252,3.0837,6.2441,-0.1191,-0.1026,-0.0276,-8.8777,-2.5259,0.2801,-0.0232,-0.0703,-0.0730
-4.0247,3.0287,6.5673,-0.1240,-0.1014,0.0068,-9.0166,-2.8994,0.7398,-0.0366,-0.0759,-0.0565
-3.8451,3.1005,6.7325,-0.0598,-0.0442,0.0361,-8.9376,-2.7557,0.7111,-0.0369,-0.0775,0.0290
-3.7062,3.1819,6.4739,-0.1053,-0.0502,0.0461,-8.9304,-2.6624,0.8164,-0.0810,-0.0421,-0.0091
-3.6392,3.2154,6.4763,-0.1159,-0.0318,-0.0005,-8.8490,-2.5666,0.9337,-0.0582,-0.0195,-0.0430
-3.8427,3.2178,6.5625,-0.0799,-0.0597,-0.0476,-9.0644,-2.6049,0.8475,-0.0173,-0.0280,-0.0560
-3.9409,3.1173,6.3997,-0.0903,-0.0450,-0.0530,-8.7532,-2.5043,0.4238,0.0037,-0.0059,-0.0727
-3.9385,3.2154,6.3351,-0.1719,-0.1295,-0.0356,-8.8107,-2.4229,0.5578,-0.0250,-0.0621,-0.1134
-3.8475,3.0646,6.3949,-0.2368,-0.0678,-0.0424,-8.8059,-2.6815,0.6105,-0.0873,-0.0361,-0.1792
-3.5674,2.9664,6.6487,-0.3126,-0.1065,-0.0448,-8.8609,-2.7940,0.7853,-0.1444,-0.0409,-0.2293
-3.6368,2.9161,6.9599,-0.3467,-0.0088,-0.0273,-8.8226,-3.0718,0.9673,-0.1804,0.0031,-0.2018
-3.5386,2.6360,7.0940,-0.2457,-0.0171,-0.0715,-8.8609,-3.3854,1.0175,-0.1067,0.0121,-0.1865
-3.7733,2.1237,7.2688,-0.2344,0.0670,-0.0659,-8.7005,-3.9385,1.1612,-0.1402,0.0851,-0.1523
-4.0534,2.3272,7.3215,-0.1057,0.0207,-0.0817,-9.1794,-3.9887,0.9409,-0.0119,0.0437,-0.0502
-4.1587,2.3918,6.8378,0.0866,-0.0530,-0.0540,-8.8945,-3.5362,0.4741,0.1251,-0.0131,0.0811
-3.7373,2.5929,6.6702,-0.0306,0.0304,-0.0153,-8.7293,-3.2801,0.6943,-0.0470,0.0838,0.0592
-3.5123,2.6552,6.8474,-0.0875,0.1426,0.0179,-8.7245,-3.1843,1.0630,-0.1708,0.1619,0.0645
-3.8211,2.6193,7.2616,0.1871,0.2009,-0.0542,-9.0214,-3.3830,0.6416,0.0729,0.2109,0.2092
-4.2162,2.6145,6.6559,0.1657,0.1567,-0.0424,-8.9376,-3.1891,0.1556,0.0484,0.1993,0.2217
-4.3838,2.6169,6.4596,-0.0365,0.1821,0.0450,-8.9064,-3.2992,0.1676,-0.1664,0.1655,0.1720
-4.4748,2.9592,6.2800,0.2074,0.1689,0.0994,-9.0094,-2.5570,-0.1772,-0.0151,0.0125,0.3162
-4.4700,2.9616,6.1531,0.0330,0.2677,0.1579,-8.9064,-2.5211,-0.1867,-0.2334,0.1551,0.2451
-4.0941,3.0981,6.2560,-0.1363,0.2571,0.1787,-8.8921,-2.3942,0.0168,-0.3220,0.1219,0.1199
-4.4652,3.3160,6.2513,-0.1326,0.0040,0.1487,-8.8777,-2.3056,0.2825,-0.1853,-0.0234,0.0891
-4.1396,3.4213,5.8323,-0.0317,0.0063,0.0322,-9.0668,-1.9728,-0.0263,-0.0458,-0.0758,0.0667
-4.0151,3.3471,5.9233,-0.1609,0.0452,0.0225,-8.7963,-2.1691,0.0144,-0.1508,0.0284,-0.0873
-4.3527,3.1603,6.4021,-0.1819,0.0256,-0.0576,-9.0285,-2.5786,0.0646,-0.0779,0.0084,-0.1186
-4.5011,2.9018,6.5984,-0.2052,-0.0606,-0.0193,-9.2512,-3.1149,0.0048,-0.1095,-0.0165,-0.1013
-4.5155,2.7533,6.8450,-0.1503,-0.0218,-0.0027,-9.3637,-3.3040,-0.0838,-0.0689,-0.0008,-0.0678
-4.5226,2.8419,6.7038,-0.0950,-0.0336,0.0737,-9.3111,-3.0933,-0.0527,-0.0891,0.0240,0.0252
-4.2713,3.1747,6.3159,-0.0846,-0.0183,0.0983,-9.0956,-2.7007,-0.0934,-0.1304,-0.0277,0.0562
-4.2760,3.0454,6.7086,-0.0706,0.0417,0.1007,-9.1315,-2.7821,0.0886,-0.1092,-0.0270,0.0795
-4.3431,3.1795,6.0478,-0.0063,-0.0446,0.0080,-8.9854,-2.5283,0.0335,0.0112,-0.0636,0.0777
-4.1204,3.1627,6.1507,-0.0858,-0.0240,0.0277,-8.9280,-2.3966,-0.0144,-0.0815,-0.0426,-0.0137
-4.0677,3.2082,6.0262,-0.0655,-0.0869,0.0388,-9.0884,-2.4588,0.1197,0.0137,-0.0917,0.0477
-4.2018,3.2561,6.3590,-0.1635,-0.0679,0.0199,-9.1123,-2.6312,0.3519,-0.0939,-0.0731,-0.0429
-4.2066,3.1005,6.3734,-0.1320,-0.0494,0.0344,-9.1171,-2.5929,0.2251,-0.0859,-0.0975,-0.0067
-4.3048,2.9784,6.6080,-0.1502,-0.0128,0.0453,-9.1004,-2.8659,0.1604,-0.1559,-0.0388,-0.0441
-4.0247,2.9185,6.6272,-0.0821,0.0055,0.0518,-8.9735,-2.7701,0.0599,-0.0822,-0.0655,0.0217
-4.3790,3.1125,6.1651,-0.1976,-0.0246,0.1236,-8.9663,-2.6887,0.1532,-0.2032,-0.0304,-0.0036
-4.0845,3.2872,6.1555,-0.1875,-0.1120,0.0721,-9.0980,-2.5259,0.3519,-0.1525,-0.0843,-0.0237
-4.1108,3.2322,6.3782,-0.1962,-0.0774,0.0504,-9.0668,-2.5379,0.4094,-0.1677,-0.0581,-0.0918
-4.1994,3.3160,6.5098,-0.1275,-0.1025,0.0191,-9.1770,-2.6504,0.5890,-0.0605,-0.0735,-0.0357
-3.7038,3.0335,6.2321,-0.0907,-0.1232,-0.1392,-8.6263,-2.3607,0.4621,0.0991,-0.0726,-0.0989
-4.4460,2.6121,6.7924,-0.2157,0.0909,-0.1275,-9.2799,-3.5793,-0.2322,-0.1155,0.1608,-0.1797
-4.3120,2.5091,6.7205,0.1319,-0.1645,-0.0801,-8.8011,-3.0981,-0.0168,0.2221,-0.1601,0.0883
-4.3574,2.8276,6.3997,-0.2493,-0.0072,0.1232,-9.0573,-3.0215,0.1245,-0.2669,0.0381,-0.0289
-3.6943,3.2010,6.4955,-0.0358,-0.1176,-0.0384,-8.9232,-2.5211,-0.1173,0.0135,-0.0562,0.0248
-3.5362,2.9760,6.3207,-0.1007,-0.0518,-0.0189,-9.3039,-2.7916,1.8196,-0.2802,0.0556,-0.0862
-3.8379,3.1675,6.9384,0.0795,-0.0775,-0.0881,-8.9471,-2.4756,0.3855,0.0795,0.0452,0.0258
-3.9504,2.6288,7.6543,-0.2080,0.3307,-0.0606,-9.4523,-3.6966,0.9457,-0.2407,0.4179,-0.1299
-4.6519,2.7749,6.2130,-0.1092,0.1900,-0.1540,-9.1746,-3.2920,-0.3855,-0.1394,0.4326,-0.0741
-4.0247,2.8587,5.4947,0.1322,-0.0366,-0.1883,-8.1163,-1.8004,-0.3232,0.1840,0.0628,0.0500
-4.4843,2.7821,5.7365,-0.1371,0.1731,-0.0534,-8.7269,-2.4708,-0.4860,-0.1043,0.1219,-0.0496
-5.0973,2.5307,6.3805,-0.3970,0.1845,-0.0514,-9.2512,-3.2825,-0.9074,-0.3475,0.2754,-0.2899
-4.7860,2.3152,5.8083,-0.3131,-0.0139,-0.0863,-8.7987,-3.1173,-0.7039,-0.1732,0.0144,-0.2240
-4.6400,2.3128,7.3430,-0.3095,0.0497,0.0242,-9.3805,-3.9002,-0.0359,-0.2084,-0.0193,-0.1160
-4.6448,2.2769,6.9049,-0.3251,0.1264,-0.0280,-9.2943,-3.8068,-0.1796,-0.2513,0.1944,-0.1715
-4.5993,2.4517,6.1579,-0.2008,0.0502,-0.0525,-9.1171,-3.4644,-0.1245,-0.1403,0.1547,-0.1259
-4.7645,2.1284,6.1962,-0.1744,-0.0079,-0.1378,-8.8107,-3.4357,-0.5171,-0.0553,0.0871,-0.1482
-4.6855,2.0111,7.2568,-0.0358,0.1160,-0.0947,-9.2919,-3.9983,-0.4501,0.0229,0.0683,-0.0057
-5.1739,2.0039,6.9073,-0.0674,0.1713,-0.0634,-9.3877,-4.2689,-0.7326,-0.0590,0.2826,-0.0136
-4.7740,2.2194,6.7445,0.2669,0.0385,-0.1218,-8.8729,-3.3806,-0.8571,0.2085,0.1600,0.1467
-4.9249,2.4062,6.0142,0.1196,-0.0245,-0.1128,-8.7795,-2.9257,-1.0104,0.1395,0.0416,0.0690
-4.9153,2.3152,5.6790,-0.0967,-0.0111,-0.0665,-8.6790,-3.0335,-1.0032,-0.0438,0.0040,-0.0817
-4.7429,2.0255,6.7756,-0.1475,0.0406,-0.0489,-9.1411,-3.8666,-0.5890,-0.0986,0.0482,-0.0733
-5.0278,2.2386,6.5912,0.0488,0.0169,-0.0111,-9.1339,-3.5578,-0.7087,0.0222,-0.0272,0.1140
-5.0015,2.1452,6.5098,-0.1045,0.0646,0.0735,-9.1267,-3.7014,-0.7685,-0.1556,0.0195,0.0661
-4.9440,2.3750,5.9328,-0.0125,0.0055,0.0185,-8.9567,-3.1292,-0.8164,-0.0325,0.0021,0.0851
-4.7621,2.5450,6.1124,0.0597,-0.0197,-0.0056,-8.8633,-2.9233,-0.8643,0.0552,-0.0521,0.0910
-4.7094,2.4445,6.2393,-0.1207,-0.0092,0.0012,-9.0261,-3.1723,-0.5722,-0.0794,-0.0024,-0.0136
-4.9656,2.4086,6.2824,-0.1203,-0.0217,-0.0317,-9.1459,-3.4429,-0.7063,-0.0686,0.0264,-0.0540
-4.8674,2.2936,6.4811,-0.1092,0.0077,-0.0025,-9.1243,-3.3878,-0.5914,-0.0713,0.0330,-0.0230
-4.9895,2.3727,6.5027,-0.0918,0.0125,-0.0203,-9.2177,-3.5171,-0.5363,-0.0636,0.0420,-0.0067
-5.0853,2.2314,6.2249,-0.0085,-0.0185,0.0116,-9.0333,-3.3160,-0.8547,-0.0195,-0.0632,0.0994
-5.0135,2.3870,6.3494,-0.0640,0.0250,0.0326,-9.2057,-3.3375,-0.6249,-0.0837,0.0023,0.0562
-4.9057,2.4732,6.0717,-0.0569,0.0071,0.0081,-9.0357,-3.0718,-0.8643,-0.0612,0.0044,0.0290
-4.9321,2.3846,5.7892,-0.0362,-0.0201,-0.0139,-8.7173,-2.7342,-1.0151,-0.0063,-0.0337,0.0117
-4.5729,2.6001,6.2608,-0.1075,-0.0005,-0.0294,-8.9495,-2.8371,-0.5770,-0.0566,0.0169,-0.0637
-5.1643,2.5163,6.1723,-0.2096,0.0136,-0.0213,-9.1435,-3.2705,-0.7422,-0.1054,0.0456,-0.0945
-4.8866,2.4325,6.3734,-0.1792,0.0096,-0.0610,-9.1147,-3.4644,-0.6512,-0.1082,0.0999,-0.1069
-4.7094,2.3272,6.2465,-0.1092,-0.0309,-0.0983,-8.8083,-3.2106,-0.4621,0.0217,0.0035,-0.0561
-4.8267,2.2529,6.0286,-0.1025,-0.0023,-0.0829,-8.8657,-3.1220,-0.8475,-0.0044,-0.0137,-0.0833
-5.1811,2.2984,5.7221,-0.3263,-0.0137,-0.1812,-9.0932,-3.2992,-1.2210,-0.1171,0.1094,-0.3256
-5.0446,1.8555,6.2944,-0.2118,-0.1315,-0.1002,-8.8059,-3.6823,-0.8691,-0.0096,-0.1078,-0.1577
-5.4612,1.5036,6.4548,-0.2914,-0.0108,-0.0456,-9.0740,-4.3431,-1.2402,-0.1486,-0.0137,-0.1969
-4.9584,1.7765,6.7612,-0.1490,-0.0410,0.0189,-9.1482,-4.0582,-0.7350,-0.0902,-0.0781,-0.0894
-4.7788,2.0111,6.1004,-0.1837,-0.0644,-0.0016,-8.7963,-3.5458,-0.6464,-0.1427,-0.0107,-0.1228
-4.6687,1.9010,6.3710,-0.0922,-0.0713,-0.0508,-8.6072,-3.5027,-0.4956,0.0109,-0.0799,-0.0401
-5.4540,1.8004,6.6774,-0.1503,0.0404,-0.0317,-9.3541,-4.1563,-1.1109,-0.0781,0.0384,-0.0711
-5.2337,1.9369,5.7916,-0.3601,-0.1235,0.0421,-9.0932,-4.0390,-0.7542,-0.2639,-0.0657,-0.1664
-4.5945,1.7909,6.4907,-0.0807,-0.1712,-0.0918,-8.5808,-3.5865,-0.6871,0.0386,-0.1087,-0.0787
-4.3191,1.6735,6.7995,-0.3395,0.1252,-0.0344,-8.6479,-4.0701,0.1724,-0.2410,0.1773,-0.1537
-4.6519,1.3479,6.4763,-0.1091,-0.0320,-0.2189,-8.3941,-3.7900,-0.8547,0.0750,0.0129,-0.1757
-5.0973,1.1396,6.7588,-0.1952,0.0759,-0.2603,-8.8418,-4.4700,-1.3503,0.0044,0.2090,-0.2978
-5.3151,1.0008,6.8618,-0.1166,-0.2101,-0.1009,-8.8562,-4.7453,-1.4509,0.0837,-0.0694,-0.0671
-5.3415,0.6728,6.9288,-0.1716,-0.0790,0.1132,-8.8897,-5.2385,-1.1899,-0.1460,-0.1267,-0.0144
-4.9009,1.1851,6.4572,-0.3086,-0.1348,0.1536,-8.8059,-4.6064,-0.6081,-0.3078,-0.0950,-0.1116
-4.2569,1.2043,7.5465,-0.0506,0.0645,0.1439,-8.6814,-4.7046,0.0359,-0.0993,-0.1535,0.1224
-5.0446,1.5897,6.7038,-0.0389,-0.1029,0.0565,-9.1123,-4.4963,-0.5842,-0.0689,-0.0389,0.0501
-4.2497,1.0367,6.9001,0.0601,-0.0304,0.0133,-8.2648,-4.1348,-0.7015,0.0561,0.0121,0.1053
-4.8483,1.3575,5.7652,0.0071,-0.1360,0.0719,-7.9535,-3.4764,-1.1971,0.0119,-0.1785,0.0913
-4.7621,1.5778,7.1323,-0.0915,-0.0246,0.0605,-8.9591,-4.3072,-0.2873,-0.0514,-0.0721,0.0059
-4.6088,1.6544,7.0222,-0.1831,0.0301,0.0181,-9.1626,-4.4724,-0.2490,-0.1839,0.1151,-0.1049
-4.0438,1.5036,6.5577,-0.0409,0.0104,-0.0883,-8.2384,-3.8571,-0.2179,-0.0036,0.0833,-0.0444
-3.7996,1.5275,6.4308,-0.1675,-0.0352,-0.1204,-7.9918,-3.7637,0.0982,-0.0357,0.0775,-0.1358
-4.6950,1.3001,7.1994,-0.1504,0.0552,-0.1876,-8.9352,-4.7309,-0.4238,-0.0216,0.1703,-0.1398
-4.7118,0.9098,6.9336,-0.1565,0.0600,-0.1969,-8.6742,-4.8818,-0.5890,-0.0169,0.1729,-0.1318
-4.9560,0.9792,6.4476,-0.0528,0.0374,-0.1576,-8.4707,-4.5322,-0.8404,0.0306,0.0328,-0.0153
-5.0350,0.7302,7.0797,-0.0297,0.1204,-0.0354,-8.8346,-5.0829,-0.9864,-0.0169,0.0237,0.0481
-5.1260,0.9026,6.7205,-0.0633,0.1344,-0.0197,-8.7412,-4.7908,-1.0415,-0.0961,0.1375,0.0273
-4.8770,1.1732,6.6176,0.0029,0.0012,-0.0095,-8.6095,-4.3335,-0.9433,-0.0318,0.0568,0.0775
-4.8746,1.2546,6.4859,-0.0244,-0.0087,0.0261,-8.5952,-4.4436,-0.6201,-0.0542,-0.0053,0.0693
-4.8722,1.2522,6.7349,-0.0687,0.0584,-0.0456,-8.6479,-4.4412,-0.8140,-0.0568,0.0717,0.0137
-4.7740,1.3001,6.2489,-0.0149,0.0294,-0.1078,-8.3606,-3.8978,-0.8643,0.0157,0.0862,-0.0258
-4.8123,1.1923,6.3925,-0.0127,0.0081,-0.0966,-8.4467,-4.0151,-1.0726,0.0453,0.0113,-0.0048
-4.9943,1.0558,6.7732,-0.1248,0.0232,-0.0578,-8.7317,-4.6400,-0.8715,-0.0497,0.0881,-0.0582
-4.9033,1.0582,6.3351,-0.1211,-0.0592,-0.0965,-8.4898,-4.3359,-1.0056,-0.0093,0.0269,-0.0797
-4.8866,0.8882,6.6559,-0.1314,-0.0008,-0.0877,-8.5928,-4.5298,-1.0367,-0.0362,0.1136,-0.1082
-4.8363,0.9026,6.2991,-0.0939,0.0240,-0.1031,-8.3366,-4.3191,-1.2115,-0.0121,0.1083,-0.0802
-4.9105,0.9050,6.4739,-0.0893,-0.0033,-0.0616,-8.2528,-4.3455,-1.1492,-0.0522,0.0709,-0.0486
-5.0159,0.8643,6.6463,-0.1327,0.0172,-0.0273,-8.5521,-4.6208,-1.1277,-0.0789,0.0249,-0.0453
-5.1643,0.8021,6.5841,-0.1323,0.0225,-0.0260,-8.5042,-4.6591,-1.2498,-0.0998,0.0666,-0.0933
-4.8890,0.7135,6.5170,-0.1540,0.0280,-0.0357,-8.4515,-4.7908,-0.9936,-0.1071,0.0604,-0.0875
-5.2361,0.7302,6.3686,-0.0981,-0.0698,0.0425,-8.3725,-4.5921,-1.4629,-0.0875,-0.0652,0.0113
-4.8076,0.8715,6.7181,-0.0955,-0.0031,0.0758,-8.4587,-4.5107,-0.8523,-0.1077,-0.0889,0.0301
-4.9823,0.8739,6.4428,-0.1495,0.0003,0.0180,-8.5521,-4.6208,-1.2139,-0.1318,0.0273,-0.0613
-4.8961,0.7614,6.3805,-0.1536,-0.0103,0.0221,-8.3653,-4.6328,-1.2115,-0.1142,-0.0280,-0.0444
-5.0494,0.8068,6.5290,-0.0917,-0.0474,0.0541,-8.4300,-4.5897,-1.2067,-0.0805,-0.0994,0.0258
-4.8602,0.8715,6.3853,-0.1547,0.0414,0.0043,-8.3390,-4.5346,-0.9649,-0.1210,0.0389,-0.0809
-4.8267,0.7829,6.7732,-0.1416,0.0574,-0.0616,-8.4443,-4.7549,-0.8236,-0.0833,0.0637,-0.0946
-4.9775,0.5315,6.7588,-0.1375,0.0462,-0.0689,-8.4348,-4.9297,-1.2617,-0.0833,0.1184,-0.0747
-5.0302,0.5315,6.4260,-0.0404,-0.0140,-0.0614,-8.3294,-4.8914,-1.3048,-0.0123,0.0377,0.0053
-5.0326,0.4860,6.6655,-0.0135,0.0113,-0.0497,-8.3653,-4.9464,-1.1779,0.0103,0.0256,0.0345
-5.3941,0.7039,6.4715,0.0200,-0.0127,0.0717,-8.4922,-4.8291,-1.5012,-0.0389,-0.0814,0.1419
-5.0063,0.8715,6.5793,-0.0550,-0.0278,0.0542,-8.5281,-4.5681,-0.9720,-0.0675,-0.0406,0.0589
-5.2936,0.8499,6.3997,-0.0044,-0.0270,-0.0220,-8.5425,-4.5657,-1.3934,-0.0033,-0.0109,0.0173
-4.9033,0.7733,6.3039,-0.0637,0.0041,-0.0035,-8.1882,-4.3886,-1.3408,-0.0405,-0.0308,0.0029
-5.0230,0.7566,6.4356,-0.0456,-0.0001,0.0192,-8.4228,-4.6471,-0.9697,-0.0404,-0.0594,0.0401
-4.9392,0.8691,6.7516,0.0103,0.0381,-0.0041,-8.6287,-4.7214,-1.0080,-0.0261,-0.0132,0.0759
-5.2648,0.8882,6.5625,0.0128,0.0634,-0.0109,-8.7125,-4.6974,-1.1612,-0.0004,0.0056,0.1096
-5.2888,0.8045,6.2656,0.0330,0.0364,-0.0073,-8.5401,-4.5370,-1.4700,-0.0201,0.0402,0.0636
-5.0973,0.8906,6.2656,-0.0324,0.0133,0.0413,-8.5042,-4.3958,-1.3001,-0.0494,-0.0533,0.0678
-4.9081,1.0127,6.4045,-0.0290,-0.0389,0.0482,-8.5329,-4.3191,-1.0846,-0.0262,-0.0703,0.0777
-5.0877,1.1684,6.3662,-0.0344,-0.0269,0.0308,-8.7987,-4.4556,-0.9218,-0.0353,-0.0376,0.0670
-5.0949,1.0463,6.5170,-0.0016,-0.0085,-0.0185,-8.7221,-4.4652,-1.1851,-0.0048,-0.0105,0.0448
-5.0278,1.0343,6.3422,-0.0280,-0.0003,-0.0079,-8.4851,-4.2976,-1.2378,-0.0160,0.0144,0.0349
-5.1308,1.1301,6.3638,0.0045,-0.0542,0.0123,-8.6359,-4.3191,-1.3240,-0.0012,-0.0356,0.0683
-5.0949,1.1205,6.5505,-0.0608,-0.0097,-0.0003,-8.7724,-4.3886,-1.0582,-0.0501,0.0334,0.0149
-5.1356,1.2043,6.3805,-0.0401,-0.0236,0.0100,-8.5952,-4.1348,-1.1109,-0.0380,-0.0032,0.0257
-4.9488,1.1660,6.3494,-0.0490,-0.0224,0.0033,-8.4731,-4.0630,-1.1708,-0.0337,-0.0048,0.0393
-5.1068,1.1732,6.3805,-0.0229,-0.0127,-0.0156,-8.6910,-4.2689,-1.0702,-0.0128,-0.0132,0.0278
-5.0470,1.2761,6.2800,-0.0492,-0.0081,0.0091,-8.6191,-4.0701,-1.0918,-0.0322,-0.0285,0.0380
-4.9656,1.2617,6.4667,-0.0677,0.0184,-0.0128,-8.7532,-4.2808,-0.9960,-0.0476,0.0346,-0.0136
-5.0206,1.2450,6.2680,-0.1094,-0.0224,-0.0037,-8.6048,-4.0725,-1.0606,-0.0747,0.0337,-0.0353
-5.0589,1.2737,6.3183,-0.0701,-0.0578,-0.0153,-8.6239,-4.1156,-1.2450,-0.0091,-0.0685,0.0044
-5.0230,1.2091,6.6511,-0.1215,-0.0284,-0.0253,-8.7891,-4.5035,-0.9146,-0.0640,-0.0095,-0.0322
-5.0949,1.0965,6.3901,-0.0866,0.0045,-0.0120,-8.6311,-4.3000,-0.9266,-0.0667,0.0083,-0.0221
-5.1092,1.1899,6.2632,-0.0710,-0.0215,-0.0177,-8.5329,-4.1468,-1.1325,-0.0163,-0.0309,0.0298
-5.1691,1.1947,6.6104,-0.1170,0.0326,-0.0171,-8.7915,-4.4341,-0.9936,-0.0671,0.0592,-0.0254
-5.1284,1.2210,6.3494,-0.0606,-0.0224,-0.0346,-8.5617,-4.1659,-1.1779,-0.0216,-0.0099,-0.0025
-5.0853,1.2570,6.5003,-0.0723,-0.0083,-0.0207,-8.6742,-4.2353,-1.2330,-0.0500,0.0080,-0.0127
-5.1715,1.0319,6.5529,-0.1226,0.0268,-0.0277,-8.7532,-4.6280,-1.1277,-0.0919,0.0693,-0.0452
-5.1380,1.2402,6.5194,-0.0408,0.0131,-0.0015,-8.7412,-4.3551,-0.9768,-0.0265,0.0183,0.0380
-4.9943,1.2857,6.4117,-0.0721,-0.0039,0.0149,-8.5928,-4.1108,-0.8978,-0.0582,0.0294,0.0101
-5.1739,1.2043,6.3446,-0.0634,0.0217,-0.0496,-8.6886,-4.3167,-1.1588,-0.0417,0.0492,-0.0116
-5.0829,1.1827,6.2920,-0.0498,-0.0021,-0.0412,-8.6048,-4.2329,-1.1372,-0.0370,0.0140,-0.0117
-5.0685,1.1851,6.3566,-0.0681,0.0061,-0.0297,-8.7077,-4.2425,-1.0606,-0.0354,0.0137,-0.0060
-5.2601,1.1229,6.2800,-0.0721,-0.0140,-0.0360,-8.6024,-4.2210,-1.3384,-0.0207,0.0131,-0.0336
-5.1571,1.0846,6.5960,-0.0653,0.0240,-0.0068,-8.8562,-4.4772,-1.0870,-0.0655,0.0057,-0.0069
-4.9632,1.1995,6.2345,-0.0553,-0.0497,0.0256,-8.5760,-4.1803,-1.1396,-0.0502,-0.0318,0.0218
-5.0398,1.1875,6.4141,-0.0799,-0.0350,0.0067,-8.7819,-4.3886,-0.9601,-0.0589,-0.0171,0.0093
-5.0996,1.2210,6.6894,-0.0870,-0.0201,0.0061,-8.8011,-4.3144,-1.2091,-0.0673,0.0063,0.0037
-5.1236,1.2330,6.3734,-0.0962,-0.0185,0.0023,-8.7364,-4.2497,-1.0558,-0.0610,0.0330,-0.0232
-4.9464,1.3001,6.2920,-0.1033,-0.0417,-0.0071,-8.4827,-4.0175,-1.1109,-0.0486,-0.0115,-0.0228
-5.1236,1.2546,6.5721,-0.0723,-0.0023,-0.0204,-8.7364,-4.3479,-1.0534,-0.0397,-0.0104,-0.0203
-5.0398,1.2186,6.4667,-0.0845,-0.0144,-0.0308,-8.5688,-4.1755,-1.1277,-0.0446,0.0290,-0.0289
-5.1571,1.1540,6.5074,-0.0779,-0.0013,-0.0372,-8.7293,-4.3479,-1.0750,-0.0353,0.0269,-0.0111
-5.1547,1.1205,6.4548,-0.0739,0.0011,-0.0338,-8.7580,-4.3981,-1.1181,-0.0278,0.0159,-0.0125
-5.1188,1.1540,6.4548,-0.0945,-0.0012,-0.0033,-8.6503,-4.4125,-0.9146,-0.0743,0.0007,-0.0200
-5.0111,1.1372,6.3183,-0.0753,-0.0316,0.0049,-8.5449,-4.1803,-1.0798,-0.0506,-0.0207,0.0027
-4.9728,1.2450,6.3470,-0.0710,-0.0346,-0.0068,-8.5425,-4.0534,-1.0415,-0.0358,-0.0485,0.0044
-5.0589,1.1588,6.5577,-0.0458,0.0281,-0.0416,-8.7508,-4.3790,-1.0870,-0.0039,-0.0145,-0.0047
-5.0206,1.1636,6.3446,-0.0915,0.0007,-0.0240,-8.6862,-4.3144,-1.0630,-0.0570,-0.0043,-0.0380
-5.0805,1.0846,6.2177,-0.1184,-0.0169,-0.0364,-8.6191,-4.2856,-1.0989,-0.0544,-0.0141,-0.0242
-5.1332,1.0127,6.3901,-0.0456,-0.0293,-0.0188,-8.6215,-4.3144,-1.1564,-0.0160,-0.0434,0.0033
-5.1715,1.1660,6.5841,-0.0715,0.0020,-0.0035,-8.8274,-4.4700,-0.9864,-0.0401,-0.0268,0.0072
-5.0949,1.0702,6.5146,-0.0823,-0.0097,-0.0112,-8.6766,-4.3910,-1.0606,-0.0502,0.0268,-0.0196
-5.0757,1.0582,6.6272,-0.0690,-0.0051,-0.0084,-8.6359,-4.3766,-1.1827,-0.0572,0.0250,-0.0111
-5.0302,1.1349,6.3494,-0.0428,-0.0249,0.0039,-8.5712,-4.2473,-1.0918,-0.0256,-0.0071,0.0209
-5.2074,1.2115,6.1268,-0.1279,-0.0673,-0.0021,-8.9088,-4.4724,-0.7949,-0.0731,-0.0256,-0.0474
-5.0278,1.1277,6.6224,-0.1288,-0.0422,-0.0140,-8.7700,-4.4652,-0.9792,-0.0677,-0.0012,-0.0552
-4.9919,1.0534,6.6726,-0.0596,0.0041,-0.0272,-8.7771,-4.5011,-0.8787,-0.0237,0.0272,-0.0032
-5.0302,1.1277,6.2560,-0.0593,0.0135,-0.0245,-8.4898,-4.2066,-1.2091,-0.0418,0.0212,0.0116
-4.8243,1.0582,6.3494,-0.0847,-0.0334,-0.0177,-8.4707,-4.2353,-0.8739,-0.0260,-0.0115,-0.0051
-5.1284,1.1109,6.4979,-0.1085,-0.0230,-0.0040,-8.7149,-4.3934,-1.0511,-0.0570,-0.0039,-0.0169
-5.0159,1.0367,6.5410,-0.1007,-0.0004,-0.0376,-8.6407,-4.4173,-1.0056,-0.0430,0.0310,-0.0356
-4.9201,1.0127,6.3518,-0.1009,-0.0328,-0.0292,-8.5329,-4.3646,-0.9744,-0.0442,0.0139,-0.0253
-5.1930,1.0511,6.5362,-0.0634,-0.0008,-0.0213,-8.6766,-4.3790,-1.2019,-0.0233,-0.0129,0.0017
-4.9871,0.9649,6.6248,-0.1318,-0.0056,-0.0137,-8.6455,-4.6064,-0.9529,-0.0859,0.0226,-0.0546
-4.9153,0.9888,6.5027,-0.0709,-0.0529,-0.0071,-8.4683,-4.3766,-0.9122,-0.0396,-0.0428,-0.0031
-5.0805,1.0271,6.6319,-0.0765,0.0089,-0.0124,-8.7388,-4.4748,-0.8619,-0.0397,0.0012,-0.0128
-5.1308,0.9768,6.3159,-0.1063,-0.0061,-0.0308,-8.5641,-4.2737,-1.1205,-0.0478,-0.0009,-0.0416
-4.9799,1.0080,6.4715,-0.0815,-0.0065,-0.0109,-8.5281,-4.3096,-1.0846,-0.0422,-0.0023,-0.0115
-5.0350,1.0247,6.2608,-0.0923,-0.0212,-0.0064,-8.3869,-4.3287,-1.0056,-0.0417,-0.0151,-0.0244
-5.1236,0.9601,6.7612,-0.0969,-0.0087,-0.0176,-8.7340,-4.6878,-1.0798,-0.0584,0.0161,-0.0225
-5.0398,0.8763,6.5841,-0.0770,-0.0326,0.0111,-8.5353,-4.5442,-0.9768,-0.0593,-0.0059,-0.0001
-5.0374,0.9194,6.5218,-0.0385,-0.0149,-0.0063,-8.4898,-4.4412,-0.9313,-0.0172,-0.0173,0.0450
-5.0805,0.9864,6.6224,-0.0775,0.0123,-0.0027,-8.6431,-4.4748,-1.1468,-0.0469,0.0362,0.0067
-4.9488,1.0271,6.4189,-0.0746,-0.0284,0.0079,-8.5425,-4.3431,-1.0702,-0.0632,0.0109,0.0056
-5.0254,1.0606,6.5984,-0.0566,-0.0077,-0.0041,-8.5880,-4.3167,-0.9792,-0.0353,-0.0045,0.0252
-4.9584,1.0942,6.4955,-0.0843,0.0071,-0.0293,-8.5401,-4.3527,-0.9673,-0.0390,0.0453,-0.0153
-4.9919,1.0391,6.3829,-0.0610,-0.0196,-0.0384,-8.4970,-4.3527,-1.1301,-0.0176,-0.0065,-0.0032
-5.0733,0.9768,6.5098,-0.0678,-0.0175,-0.0256,-8.6215,-4.4341,-1.1588,-0.0285,-0.0075,-0.0059
-5.1427,0.9601,6.4763,-0.0830,-0.0004,-0.0209,-8.5688,-4.4173,-1.1923,-0.0520,0.0117,-0.0013
-5.0757,0.9720,6.5984,-0.0957,-0.0020,0.0081,-8.7101,-4.5849,-0.9026,-0.0746,0.0085,-0.0151
-4.9416,1.0511,6.4236,-0.0485,-0.0301,0.0105,-8.4659,-4.2617,-0.9792,-0.0360,-0.0048,0.0204
-5.0973,1.0223,6.3566,-0.0779,-0.0298,-0.0095,-8.4587,-4.2617,-0.9936,-0.0449,-0.0133,-0.0035
-5.0111,1.0846,6.4979,-0.0612,-0.0420,-0.0151,-8.5688,-4.4197,-0.9912,-0.0261,-0.0454,0.0216
-5.1140,1.1372,6.5290,-0.0671,-0.0196,-0.0184,-8.6335,-4.4484,-1.0942,-0.0252,-0.0246,0.0025
-5.0063,0.9840,6.7109,-0.0771,0.0085,-0.0160,-8.6072,-4.5586,-0.9313,-0.0528,0.0169,-0.0020
-5.0805,0.9816,6.3758,-0.0746,-0.0031,-0.0048,-8.5617,-4.4077,-0.9864,-0.0600,0.0153,-0.0007
-5.0996,1.0654,6.4117,-0.0456,-0.0226,-0.0093,-8.5473,-4.2856,-1.1468,-0.0201,-0.0157,0.0201
-5.0613,1.0319,6.3135,-0.0977,-0.0406,-0.0020,-8.4946,-4.3527,-1.0367,-0.0462,-0.0353,-0.0053
-5.0135,0.9864,6.6966,-0.0858,-0.0063,0.0011,-8.7436,-4.5083,-0.8763,-0.0480,-0.0045,0.0084
-4.8578,1.1253,6.3614,-0.0416,-0.0115,-0.0300,-8.4970,-4.1922,-1.0175,-0.0163,0.0177,0.0041
-5.0446,0.9625,6.4691,-0.1316,0.0123,-0.0140,-8.5808,-4.4676,-0.9912,-0.0827,0.0396,-0.0450
-5.0661,1.0918,6.4165,-0.0715,-0.0261,0.0035,-8.4659,-4.3024,-1.0008,-0.0401,-0.0112,0.0123
-4.9416,1.0080,6.4883,-0.0544,-0.0177,-0.0330,-8.4827,-4.2976,-0.9720,-0.0083,-0.0171,0.0028
-5.1284,0.9481,6.6008,-0.0825,0.0057,-0.0297,-8.7484,-4.5083,-1.2115,-0.0428,0.0199,-0.0258
-5.1595,1.0223,6.5649,-0.0661,0.0081,-0.0071,-8.7005,-4.4197,-1.0367,-0.0370,0.0140,0.0113
-4.8961,1.0678,6.2656,-0.0666,-0.0365,-0.0073,-8.4515,-4.2641,-0.9697,-0.0444,-0.0175,-0.0027
-5.0613,1.0942,6.5434,-0.0706,-0.0273,-0.0147,-8.5832,-4.2760,-0.9266,-0.0250,-0.0292,-0.0195
-5.0973,1.0798,6.7253,-0.0915,-0.0024,-0.0108,-8.6790,-4.4508,-1.0702,-0.0480,0.0368,-0.0229
-5.0757,1.0008,6.4380,-0.0577,-0.0653,0.0020,-8.5736,-4.4532,-1.0223,-0.0133,-0.0533,0.0179
-5.2146,0.8978,6.4667,-0.0887,-0.0328,0.0294,-8.6215,-4.6567,-1.1708,-0.0601,-0.0645,0.0149
-5.5043,0.6321,6.7924,0.0167,-0.0468,0.0617,-8.7915,-5.1092,-1.5060,0.0099,-0.0941,0.0754
-5.3103,0.8021,6.6702,0.1294,-0.2237,0.2217,-8.5425,-4.5274,-1.5323,0.0445,-0.2513,0.2008
-4.5250,1.2689,7.2257,0.5260,-0.5935,0.1139,-8.8442,-4.5681,-0.1772,0.5524,-0.5153,0.3700
-3.8020,1.6400,8.0732,0.8936,-0.7293,-0.0577,-9.1028,-4.4796,0.9409,0.9987,-0.5209,0.4534
-4.0821,2.4253,6.2010,0.8290,-0.5701,-0.0294,-8.8107,-3.5889,0.4836,0.7726,-0.4076,0.5113
-3.7014,2.7485,6.8642,0.5987,-0.1863,0.0947,-8.9136,-3.2825,0.8332,0.3985,-0.1679,0.5220
-3.2705,3.2154,6.4380,0.5119,-0.0584,0.0834,-8.6024,-2.2051,0.9577,0.2535,-0.0300,0.4555
-3.2801,3.6990,6.3015,0.4546,-0.0045,0.0482,-8.8538,-1.9561,1.1325,0.2478,0.0067,0.4293
-3.1101,4.1827,6.0310,0.3914,0.0368,-0.0666,-8.7580,-1.2977,1.1732,0.2368,0.1290,0.3004
-3.2753,4.3670,5.7652,0.2346,0.1043,-0.2132,-8.8921,-1.0487,0.9673,0.2092,0.2411,0.1656
-3.3303,4.3215,5.3846,0.0582,0.1653,-0.3002,-8.6550,-0.9050,0.7542,0.1191,0.3468,-0.0179
-3.5554,4.2976,5.2050,-0.1976,0.2876,-0.2706,-8.4779,-0.5866,0.5339,-0.0797,0.4020,-0.1564
-4.5370,4.2952,4.6400,-0.3669,0.4353,-0.2169,-9.1770,-1.2210,-0.5219,-0.3788,0.4738,-0.1023
-5.1523,3.5003,6.0789,-0.5442,1.1346,0.0982,-9.5146,-2.1261,-0.3160,-0.9125,0.8252,0.1468
-4.8842,3.5889,6.3111,-0.0197,0.4462,0.2053,-9.2464,-1.6352,-1.2857,-0.2988,0.0666,0.2855
-5.1380,4.2377,4.4700,-0.1653,-0.1487,0.0204,-9.2177,-0.3352,-0.9649,-0.1067,-0.0508,-0.1454
-6.0956,4.6950,6.1699,-0.6879,0.2615,-0.1110,-10.3453,-0.4525,-1.1349,-0.4315,0.2815,-0.5083
-5.3151,3.6320,5.8993,-0.6911,-0.2693,-0.3813,-9.9886,-2.0710,-0.0694,-0.1295,0.0694,-0.7662
-5.5330,2.9784,5.6814,-0.4919,0.0504,-0.3876,-9.3206,-2.4445,-1.9249,-0.0584,0.2250,-0.5809
-5.3582,2.1332,3.3567,-0.6211,-0.4258,-0.2830,-8.0230,-2.4636,-1.5155,-0.2266,-0.2485,-0.6273
-3.8642,1.9393,6.3949,-0.8103,0.8075,-0.0799,-8.4515,-3.5075,-0.2298,-0.8527,0.7008,-0.5736
-5.3630,1.3455,6.7564,-0.6660,0.5773,-0.0512,-9.5361,-5.4277,-0.3232,-0.7485,0.5516,-0.2685
-5.0685,0.6680,7.5920,-0.2037,1.0364,-0.1605,-8.8322,-4.2018,-1.4605,-0.5035,0.7141,0.1596
-7.2640,1.0151,5.7988,-0.2399,0.5670,0.0145,-9.4858,-4.3886,-3.3806,-0.4383,0.5251,0.0175
-6.4236,0.9529,6.1770,-0.0141,0.4242,0.0626,-8.8035,-3.6751,-2.8371,-0.2110,0.2257,0.1037
-6.1531,1.1636,4.9153,-0.2786,-0.0877,0.0931,-8.1379,-3.0861,-2.9329,-0.2074,-0.0352,-0.0589
-5.9592,1.2570,5.8179,-0.3032,-0.0835,-0.0846,-8.7891,-3.9073,-2.0494,-0.1078,0.0743,-0.2650
-5.2361,0.9074,5.2002,-0.1792,-0.0412,-0.1567,-8.0110,-3.2753,-1.8435,0.0560,-0.0444,-0.1561
-5.8347,1.3431,5.6479,-0.2856,0.1159,-0.2252,-8.6167,-3.7038,-2.3248,-0.1781,0.2927,-0.3024
-5.9113,0.9337,6.3398,-0.1640,0.1848,-0.3635,-8.9639,-4.3263,-2.1045,0.0160,0.3592,-0.2426
-6.7133,0.7709,5.1906,-0.1669,0.0474,-0.2729,-8.9088,-4.1779,-2.9975,-0.0234,0.1912,-0.1303
-6.7373,-0.1700,5.2696,-0.1327,0.5734,-0.1816,-8.6143,-4.6448,-3.0550,-0.1867,0.4848,0.0616
-7.7213,-0.3160,5.3582,-0.0829,0.4183,-0.2693,-8.6431,-4.8243,-4.9823,-0.2008,0.4382,-0.0324
-8.2911,-0.4190,4.1372,-0.0941,0.1647,-0.0127,-8.4443,-4.4412,-5.6360,-0.1211,0.1135,0.0616
-7.1108,-0.6871,4.9799,-0.1042,-0.2562,0.1053,-8.2576,-5.0063,-4.1300,-0.0402,-0.2486,0.1142
-6.9456,-0.2251,4.0223,0.0241,0.1005,0.0974,-8.0852,-4.3215,-4.8459,-0.1759,0.0502,0.1055
-6.8594,-0.5938,4.8722,-0.1701,0.0203,0.0510,-7.8482,-4.5155,-3.7373,-0.1672,0.0261,-0.0015
-6.9121,-0.2346,4.3790,-0.1291,-0.0147,0.0360,-7.8745,-3.9863,-4.0007,-0.0913,-0.0434,-0.0039
-7.0390,0.0431,4.8076,-0.0512,0.1026,0.0493,-8.2408,-3.9720,-4.1228,-0.0783,-0.0152,0.0568
-6.9552,-0.0934,5.1260,0.0242,-0.1524,0.0252,-8.5904,-4.5633,-3.8331,0.0433,-0.0183,0.0024
-6.7708,-0.3089,5.8993,0.0258,-0.2799,0.0560,-8.6000,-5.3008,-3.6392,0.0793,-0.1455,0.0310
-7.3717,-0.0048,5.4133,0.4895,-0.6567,0.2585,-8.9136,-4.8722,-4.0175,0.5002,-0.8601,0.3547
-6.8594,0.7901,4.8100,0.4987,-0.6354,0.3019,-8.7053,-3.4285,-3.4069,0.3766,-0.6147,0.3720
-6.2680,1.1899,6.2752,0.2017,-0.5618,0.2264,-9.1219,-3.9528,-2.5019,0.2008,-0.3937,0.1641
-5.8323,1.3695,5.4684,0.4479,-0.5828,0.2388,-8.8801,-3.5051,-1.6759,0.3861,-0.6997,0.3553
-5.6623,1.8268,6.1531,0.3956,-0.2306,0.0648,-9.3494,-3.3782,-1.6831,0.3194,-0.1382,0.2753
-5.4612,1.9824,5.4540,0.2854,-0.3343,0.0747,-8.9998,-2.8730,-1.5490,0.2910,-0.3457,0.3628
-5.8083,2.5522,6.1603,0.2653,-0.1628,0.0838,-9.5529,-2.9832,-1.8507,0.2097,-0.1859,0.3146
-5.3367,2.7054,5.7820,0.2645,-0.0097,0.0691,-9.2943,-2.3511,-1.2977,0.1271,-0.0709,0.3128
-5.5162,2.6408,5.9711,0.2851,-0.0053,0.0057,-9.3685,-2.7509,-1.3120,0.1841,0.0028,0.3210
-5.3941,2.7581,5.0278,0.4486,-0.0401,-0.1360,-8.8945,-1.9201,-1.5874,0.3910,0.0065,0.3124
-5.1787,2.7629,5.8251,0.4080,-0.0534,-0.1828,-8.9759,-2.0806,-1.5107,0.4090,0.1274,0.2296
-5.2744,2.8132,5.3127,0.3849,-0.3166,-0.0556,-9.0166,-2.3248,-1.5371,0.4255,-0.2197,0.3584
-5.5905,3.3279,4.8076,0.5933,-0.3075,-0.1037,-9.2368,-1.6927,-1.3958,0.5814,-0.2212,0.3744
-5.1787,3.1915,5.5665,0.4069,-0.1551,-0.1262,-9.1123,-1.8507,-1.0367,0.4088,0.0366,0.2128
-5.4037,3.6919,5.4468,0.5790,-0.2254,-0.1631,-9.3470,-1.2785,-1.4700,0.5998,0.0069,0.2774
-5.3247,3.4548,5.4731,0.4283,-0.6086,-0.2242,-9.4164,-1.8411,-0.8643,0.6518,-0.3054,0.1584
-5.7293,3.8954,5.9903,0.5235,-0.1611,-0.2344,-10.0149,-1.8986,-1.1468,0.5887,0.0344,0.1863
-5.2648,3.8978,5.8993,0.5328,-0.4307,-0.1877,-9.9934,-2.0470,-0.2466,0.6318,-0.0666,0.1611
-5.2984,4.1803,4.9895,0.5632,-0.3870,-0.1596,-9.7300,-1.1516,-0.7254,0.5891,-0.0970,0.2553
-5.1188,4.6926,5.4660,0.6864,-0.4241,-0.1868,-9.8881,-0.6847,-0.5052,0.7189,-0.2272,0.3275
-4.6519,4.4221,5.2696,0.5898,-0.1660,-0.2718,-9.4044,-0.6560,-0.3280,0.6249,0.1096,0.2844
-4.9368,4.2952,5.3654,0.5650,-0.1923,-0.3480,-9.3901,-0.9313,-0.3926,0.6454,0.0380,0.2806
-5.0518,4.7405,4.6711,0.5304,-0.0240,-0.2365,-9.0836,-0.1460,-1.1372,0.5481,0.1891,0.2718
-4.9752,4.9297,4.2306,0.4866,-0.4331,-0.2240,-9.1506,-0.0072,-0.4022,0.6367,-0.1396,0.1839
-4.5418,4.9967,4.4891,0.3495,-0.2661,-0.2639,-9.2871,0.1460,-0.1556,0.4780,0.0119,0.1240
-5.3175,5.2960,4.4700,0.0949,-0.1315,-0.4020,-9.9048,-0.1245,-0.7590,0.3156,0.2771,-0.1104
-4.7453,5.2194,6.2560,0.2054,-0.1290,-0.4036,-9.8378,0.0239,-0.6321,0.4990,0.1021,-0.0246
-5.4684,5.3127,4.2425,0.2654,-0.7967,-0.2381,-9.7707,0.0311,-0.4573,0.6747,-0.5914,0.0646
-5.1978,5.2313,4.6136,0.3604,0.0201,-0.2451,-9.6007,0.2849,-0.9385,0.3933,0.2705,0.0457
-5.1978,5.4492,3.9504,0.3609,-0.4574,-0.1475,-9.5696,0.2418,-0.9673,0.5556,-0.3040,0.2048
-5.0326,5.2074,3.1340,0.3980,-0.2770,-0.2413,-8.8490,1.0965,-1.1061,0.4690,0.0211,0.1282
-5.1571,5.3798,3.7326,0.1070,-0.0099,-0.2770,-9.1578,0.8116,-1.1253,0.2204,0.2344,-0.0201
-4.8794,5.2768,4.0390,-0.1773,0.0211,-0.2855,-9.3158,0.6656,-1.0151,0.0346,0.2467,-0.1998
-5.4468,5.2313,4.4436,-0.0862,0.0294,-0.1688,-9.5744,0.3687,-1.2929,0.0432,0.0953,-0.0677
-5.3822,5.3439,4.6735,-0.0693,0.0444,-0.1765,-9.6989,0.3615,-1.1444,0.0514,0.0593,-0.0838
-5.4660,5.1954,4.3622,-0.1067,0.0217,-0.1120,-9.6271,0.2777,-1.3216,0.0001,0.1195,-0.0823
-5.6431,4.9871,3.8858,-0.1414,-0.0188,-0.1498,-9.4475,0.2873,-1.4389,-0.0161,0.0779,-0.1342
-5.8083,4.7788,3.8714,-0.2777,0.0160,-0.0577,-9.4451,0.2538,-1.8866,-0.1370,-0.0216,-0.1627
-6.1316,4.7501,3.4860,-0.4343,0.0837,-0.0332,-9.3948,0.4238,-2.2553,-0.3332,0.0025,-0.2617
-5.9687,4.5753,4.2425,-0.6411,0.2626,-0.0025,-9.5289,-0.0431,-2.0662,-0.5323,0.2553,-0.3993
-5.9496,4.3958,3.9361,-0.8005,0.1451,0.0554,-9.4451,-0.1963,-1.6999,-0.6583,0.1238,-0.4461
-6.2273,4.1683,3.7326,-1.0569,0.4331,0.0474,-9.4834,-0.5770,-2.1308,-0.9729,0.2819,-0.5773
-6.0430,3.9289,4.7453,-1.0852,0.5365,0.0448,-9.4978,-0.6297,-2.2051,-0.9229,0.2086,-0.6366
-6.1004,3.6296,4.2306,-1.3813,0.4824,0.0914,-9.0836,-0.8978,-2.3559,-1.1827,0.3894,-0.7505
-6.6559,3.5721,6.4404,-1.1313,0.3425,0.0184,-10.1418,-1.9417,-2.8802,-0.7855,0.1759,-0.8479
-5.6934,3.2394,3.7565,-1.5549,0.0188,0.2884,-8.5880,-1.0271,-2.0830,-1.2328,-0.1736,-0.7950
-4.9799,3.4884,6.6056,-1.0988,-0.1364,0.1569,-10.0461,-2.3631,-0.3448,-0.6571,-0.3171,-0.7798
-4.1444,3.2513,5.9065,-1.2829,-0.1219,0.0304,-8.8394,-1.7166,0.4166,-0.8324,0.0248,-0.9166
-5.1595,3.0765,7.5106,-1.2072,0.5032,-0.2368,-10.1323,-3.6129,-0.6488,-0.7401,0.4826,-0.8504
-3.8020,2.1500,9.2991,0.4110,-0.0286,-0.2269,-10.1801,-4.6998,2.0159,0.4505,0.2902,0.3850
-3.7948,2.2410,9.0668,0.6403,0.2097,-0.5805,-10.5225,-5.1858,1.6089,0.6085,0.4910,0.4616
-5.8873,1.1372,6.3494,0.9757,0.8476,-0.6939,-9.3302,-4.3622,-1.7885,0.7072,0.8958,0.6791
-7.0413,0.4836,3.4117,0.7444,0.9288,-0.5974,-7.8195,-3.1891,-4.5610,0.4271,1.0794,0.5764
-7.6351,0.2729,2.7102,0.5520,0.5648,-0.4002,-7.2640,-2.6073,-5.9687,0.3729,0.5750,0.4345
-7.7668,0.4214,1.8866,0.2353,0.1199,-0.1302,-7.2377,-2.1189,-6.0047,0.1490,0.1539,0.1789
-7.7261,0.5722,1.8914,-0.1569,-0.1396,0.0092,-7.3263,-1.9369,-6.1962,-0.0893,-0.0727,-0.1342
-7.9847,0.8188,2.6264,-0.5271,-0.2447,0.2134,-7.9775,-2.4253,-5.8802,-0.3592,-0.3355,-0.2884
-7.3478,1.5060,4.2210,-0.7598,-0.5959,0.6483,-8.8466,-2.9377,-3.9935,-0.6102,-0.9108,-0.3476
-6.1004,1.8052,5.1475,-0.8070,-0.6187,0.7097,-8.9495,-2.8922,-2.0949,-0.7075,-0.8214,-0.3832
-1.6233,3.8834,10.5872,-0.3597,-0.4712,0.1845,-10.6039,-3.9576,5.3079,-0.2329,-0.2266,-0.3280
-2.9736,3.8690,9.0166,0.2880,0.1760,-0.3796,-10.5991,-3.2968,3.1077,0.4327,0.2214,0.1242
-4.9728,2.8228,6.6726,0.3488,0.4479,-0.5963,-9.5816,-3.1125,-0.1341,0.4640,0.6185,0.2012
-6.4308,1.6113,5.4157,0.4691,0.5971,-0.5773,-9.0884,-3.5386,-2.5091,0.4012,0.7990,0.2754
-7.8721,0.7470,3.1412,0.0181,0.6459,-0.4102,-8.4348,-2.8156,-5.4300,-0.0674,0.7689,0.0249
-8.6933,0.6345,2.8659,-0.3269,-0.1636,0.1860,-8.3749,-2.6480,-6.5098,-0.2635,-0.3128,-0.1085
-8.0732,0.8499,3.0550,-0.4703,-0.3495,0.4301,-8.3725,-2.9712,-5.2194,-0.4314,-0.5768,-0.1402
-7.3143,1.1540,3.6966,-0.5199,-0.5111,0.6002,-8.3917,-2.8371,-4.3144,-0.5136,-0.7689,-0.1768
-6.1866,1.9369,5.0805,-0.4139,-0.6714,0.7045,-9.0357,-3.1532,-2.4924,-0.4483,-0.8873,-0.0815
-3.9696,3.3184,9.6510,-0.0536,-1.0543,0.6929,-10.7763,-4.0941,1.5610,-0.0137,-0.9601,0.0179
-1.8459,4.5370,9.5744,1.1728,-2.0868,0.3805,-10.8529,-2.9640,6.5003,1.5280,-2.1105,0.8278
-4.6831,3.1460,6.7636,0.5143,1.1354,-0.8521,-10.0772,-3.4548,-0.0359,0.3573,1.3963,0.2169
-6.2393,2.0806,6.2920,1.0071,0.6050,-0.6459,-9.2488,-3.3088,-2.7054,0.8651,0.7625,0.6030
-7.3741,2.3870,1.7741,-0.1919,-0.6214,0.7525,-7.9487,-0.8835,-4.2593,-0.4656,-0.8769,0.1414
-6.1770,2.7054,2.6576,-0.9201,0.0504,0.9162,-8.2959,-1.1660,-2.2936,-1.1648,-0.5079,-0.0388
-5.2936,3.0574,5.3415,-1.0018,-0.3916,0.9282,-9.1530,-2.2146,-0.7733,-1.0368,-0.9647,-0.1585
-5.0853,3.4093,5.6000,-1.0436,0.0004,0.8808,-9.3326,-1.9010,-0.7302,-1.2287,-0.5072,-0.2563
-4.2928,3.2825,6.1842,-1.1896,0.0357,0.8360,-9.2273,-2.0877,0.2945,-1.3117,-0.5289,-0.3717
-4.5921,3.6224,8.6814,-0.9018,0.2258,0.6761,-10.6542,-3.3471,0.4669,-1.0762,-0.1006,-0.3179
-4.1037,3.5961,7.5633,-0.1821,-0.4762,0.5993,-10.0293,-2.6504,1.6113,-0.1717,-0.9224,0.2895
-4.6543,3.6751,6.2130,-0.1835,0.0016,0.3500,-9.6486,-1.8507,0.0838,-0.3680,-0.1559,-0.0326
-4.4484,3.5793,7.0294,-0.2730,-0.0045,0.2835,-9.9168,-2.5762,0.5674,-0.3304,-0.0819,-0.0188
-4.3024,3.4429,6.5577,-0.2838,-0.0301,0.0911,-9.4523,-2.2625,0.2921,-0.2481,-0.0115,-0.0829
-4.4843,3.3447,6.7109,-0.1907,0.1644,-0.0290,-9.6343,-2.7342,0.2921,-0.1527,0.0413,-0.0735
-5.0613,3.1603,5.8826,-0.0586,-0.1568,-0.0755,-9.4547,-2.6384,-0.5195,0.0706,-0.0926,0.0000
-5.2457,3.0023,5.8730,-0.0893,0.0713,-0.1394,-9.4834,-2.6671,-0.7590,-0.0151,0.1278,-0.1031
-5.5378,2.8204,5.9927,-0.0761,0.0458,-0.0598,-9.4954,-2.9401,-1.1492,-0.0396,0.1148,-0.0180
-5.3247,2.7916,6.0071,-0.0155,-0.0300,0.0342,-9.4667,-3.0311,-0.9936,-0.0155,-0.0298,0.0814
-4.8937,2.9018,5.5043,0.0886,-0.0843,0.1391,-9.0094,-2.2817,-0.9912,-0.0057,-0.1831,0.1444
-4.9057,3.3734,5.6886,0.0448,-0.0811,0.1066,-9.1411,-2.0135,-0.9266,-0.0458,-0.0209,0.0540
-4.8147,3.3974,5.5809,-0.0156,-0.0950,0.0925,-9.1411,-2.0016,-0.6249,-0.0558,-0.1286,0.0883
-4.6088,3.4500,5.9951,0.0290,-0.0153,0.0859,-9.3518,-2.2625,-0.2107,-0.0337,-0.0835,0.1195
-5.1092,2.8539,6.4835,-0.0624,0.1478,-0.0236,-9.4475,-3.2609,-0.9050,-0.0609,0.1078,0.0059
-4.8411,2.9616,6.1339,0.0541,-0.2276,0.0893,-9.1147,-2.4995,-0.9816,0.0525,-0.1747,0.1496
-4.9584,3.8666,5.4827,-0.0558,-0.0302,0.1263,-9.3111,-1.4341,-0.6033,-0.1029,-0.1657,0.0749
-4.2473,3.6655,6.4404,-0.0971,0.0258,0.0750,-9.4619,-2.2242,0.3639,-0.1368,0.0007,0.0602
-4.4508,3.8259,6.4404,-0.0192,0.0240,0.0225,-9.6534,-2.0590,0.3472,-0.0481,0.0280,0.0905
-4.7214,3.6224,5.7748,-0.0063,0.1214,-0.0564,-9.4044,-1.9632,-0.2131,-0.0226,0.1050,0.0781
-4.9919,3.5243,6.0980,0.0429,0.1422,0.0277,-9.5361,-2.2314,-0.8954,-0.0458,0.1047,0.1310
-4.9249,3.5602,5.2936,0.0745,-0.0873,0.0537,-9.0501,-1.7119,-0.7661,0.0000,-0.0636,0.1439
-4.8243,3.5602,5.5929,0.0121,0.0763,0.0561,-9.1961,-1.7957,-0.6201,-0.0632,0.0025,0.1263
-4.9680,3.6464,5.8873,-0.0826,0.0176,0.0222,-9.3996,-1.7382,-0.4932,-0.0965,0.0458,0.0276
-5.1356,3.8355,5.6240,-0.0540,0.0349,0.0498,-9.5098,-1.7789,-0.6991,-0.0718,-0.0504,0.0869
-4.9273,3.7781,5.4947,-0.0817,0.0217,0.0574,-9.2129,-1.3886,-0.7901,-0.1211,0.0191,0.0506
-4.9105,3.7373,5.7772,-0.0979,0.0719,0.0442,-9.3350,-1.6831,-0.6321,-0.1374,0.0593,0.0306
-4.8100,3.6847,5.0613,-0.1079,0.0673,0.0349,-9.1123,-1.4964,-0.5938,-0.1569,0.0213,0.0362
-5.0398,3.7685,5.6407,-0.1673,0.1494,0.0039,-9.4571,-1.6616,-0.7518,-0.1603,0.0857,-0.0346
-5.3079,3.6344,5.4492,-0.1625,0.0389,0.0573,-9.4403,-1.7502,-0.9744,-0.1495,0.0136,-0.0009
-5.2409,3.7254,5.5833,-0.0955,0.0490,0.0638,-9.4092,-1.7430,-1.0918,-0.1434,-0.0176,0.0254
-4.7238,3.7302,5.0350,-0.1892,-0.0929,0.0781,-8.8873,-1.2498,-0.6752,-0.1567,-0.1154,-0.0497
-4.3910,3.8475,5.4779,-0.2419,0.0695,0.0282,-9.2368,-1.5131,-0.1030,-0.2136,0.0396,-0.0955
-5.1547,3.5937,5.5162,-0.2895,0.0254,-0.0416,-9.4739,-1.7980,-1.0439,-0.2097,0.0781,-0.2166
-5.2720,3.5075,6.0214,-0.3360,0.1178,0.0465,-9.7468,-2.4325,-0.7254,-0.2912,0.0751,-0.0874
-5.2577,3.2537,5.9185,-0.2026,0.0321,0.0825,-9.5672,-2.3152,-0.8332,-0.1884,-0.0569,-0.0156
-5.3893,3.4477,5.9352,-0.1406,0.0552,0.1323,-9.5337,-2.2601,-1.0415,-0.2014,-0.0370,0.0341
-5.0182,3.4429,5.6455,-0.1616,0.0039,0.1879,-9.3230,-1.9465,-0.7039,-0.2397,-0.0915,0.1183
-4.8674,3.5650,5.6288,-0.2273,0.1725,0.1840,-9.2129,-1.7334,-0.8236,-0.3428,0.0032,0.0089
-5.5569,3.2920,5.4396,-0.3098,0.1299,0.2160,-9.4355,-2.0494,-1.9369,-0.4078,-0.0088,-0.0847
-5.0805,3.5123,5.8945,-0.2759,-0.0867,0.3583,-9.4355,-2.2625,-0.6728,-0.3497,-0.2934,0.0791
-4.2425,3.7924,5.5234,-0.1665,-0.1595,0.2443,-8.9663,-1.3072,0.0144,-0.1789,-0.3244,0.0187
-4.4293,3.9696,5.6814,-0.3131,-0.0100,0.0798,-9.1315,-1.4533,0.1604,-0.2726,-0.0277,-0.1763
-4.3574,3.7326,6.4189,-0.2372,0.0257,0.0845,-9.4667,-1.9417,-0.0479,-0.1808,-0.0398,-0.0133
-3.9696,3.7254,6.0861,-0.1701,-0.1632,-0.0060,-9.2488,-1.9106,0.5076,-0.0504,-0.1647,-0.0573
-4.4580,3.8164,5.8419,-0.0739,0.0771,-0.1231,-9.2512,-1.6161,-0.0551,-0.0148,0.0655,-0.0998
-4.7597,3.3495,5.8802,-0.1356,0.0416,-0.1937,-9.1506,-2.1021,-0.5746,0.0306,0.1692,-0.1551
-5.2648,3.2370,5.7820,-0.1807,0.1077,-0.1339,-9.3182,-2.3224,-0.9744,-0.0702,0.1191,-0.1310
-5.1116,3.0981,6.0956,-0.1247,-0.0414,-0.0101,-9.8641,-2.8563,-0.9840,-0.0534,0.0602,-0.0902
-4.7932,3.2417,5.9568,-0.0566,-0.0195,-0.0480,-9.0692,-2.0638,-0.3232,0.0175,0.0133,-0.0477
-5.1499,3.2202,5.8131,-0.1111,0.0369,-0.0766,-9.3111,-2.2889,-0.9290,-0.0093,0.0469,-0.0357
-4.8602,3.2609,5.6455,-0.1175,0.0063,-0.0108,-9.2943,-2.4181,-1.2617,-0.1006,0.1122,0.0224
-5.0135,3.2896,5.6431,-0.0649,-0.0256,-0.0344,-9.3254,-2.2290,-0.8595,-0.0125,0.0241,-0.0029
-5.1571,3.2609,5.8251,-0.0982,0.0160,-0.0273,-9.2871,-2.2960,-0.9601,-0.0552,0.0991,-0.0406
-5.0542,3.2394,5.6455,-0.1094,-0.0570,-0.0270,-9.2009,-2.1955,-0.7494,-0.0116,-0.0714,-0.0105
-4.8339,3.2154,5.9496,-0.1059,0.0024,-0.0750,-9.1315,-2.2697,-0.7230,-0.0132,0.0345,-0.0733
-5.0949,3.1244,5.8849,-0.1027,-0.0719,-0.0779,-9.2871,-2.4229,-0.6656,0.0121,0.0017,-0.0348
-5.1427,3.1484,6.0190,-0.0914,-0.0009,-0.0822,-9.4667,-2.6073,-0.8284,-0.0005,0.0442,-0.0524
-5.0302,3.0406,5.7796,-0.0454,-0.0669,-0.0536,-9.1698,-2.3511,-0.7661,0.0226,-0.0448,-0.0213
-5.0566,2.9784,5.8610,-0.1366,-0.0172,-0.0504,-9.3063,-2.5809,-1.0247,-0.0596,0.0325,-0.0683
-5.1787,3.0239,6.0310,-0.0725,-0.0522,-0.0412,-9.4020,-2.6049,-0.8763,0.0099,-0.0542,-0.0040
-5.1068,2.9736,5.8012,-0.0509,-0.0758,-0.0328,-9.2320,-2.4995,-0.8787,-0.0115,-0.0069,-0.0328
-5.1068,3.0789,6.1603,-0.0468,-0.0653,-0.0229,-9.4044,-2.5714,-0.7422,0.0237,-0.0264,0.0176
-5.0542,3.0646,5.8754,-0.0128,-0.1360,-0.0125,-9.3350,-2.6624,-0.6823,0.0453,-0.0810,0.0181
-4.9680,3.0694,6.1411,0.0041,-0.0257,-0.0203,-9.2991,-2.5977,-0.6488,0.0302,-0.0336,0.0405
-4.8866,3.1675,5.9472,0.0097,-0.1116,-0.0075,-9.3111,-2.2817,-0.6416,0.0528,-0.0636,0.0330
-4.8315,3.1747,5.7868,-0.0526,-0.0917,-0.0226,-9.1578,-2.2673,-0.6847,-0.0044,-0.0254,-0.0266
-4.9057,3.1795,5.9544,-0.0610,0.0100,-0.0208,-9.2775,-2.3607,-0.4669,-0.0252,-0.0099,0.0172
-4.8554,3.1244,6.0980,-0.0779,-0.0312,-0.0345,-9.3781,-2.4924,-0.5028,-0.0016,-0.0199,-0.0132
-4.8267,3.1364,6.1004,0.0131,-0.0270,-0.0803,-9.3039,-2.3870,-0.5411,0.0644,-0.0087,0.0236
-5.0206,3.2226,5.7030,-0.0326,-0.0528,-0.0316,-9.2344,-2.4157,-0.6728,0.0197,0.0009,0.0061
-4.8028,3.1963,5.8083,-0.0273,-0.0478,-0.0646,-9.1147,-2.3200,-0.6847,0.0444,-0.0385,0.0028
-4.9488,3.2106,5.7389,-0.0749,-0.0388,-0.0318,-9.0716,-2.2936,-0.7494,-0.0207,-0.0033,-0.0177
-4.8674,3.1508,6.1004,-0.0883,-0.0425,-0.0486,-9.2943,-2.5283,-0.5315,-0.0318,-0.0099,-0.0517
-4.9464,3.0981,6.1723,-0.0730,-0.0360,-0.0289,-9.3111,-2.4445,-0.6919,-0.0156,-0.0159,-0.0300
-4.8722,3.1220,5.9400,-0.0394,-0.0648,-0.0581,-9.2608,-2.3511,-0.5052,0.0261,-0.0268,-0.0300
-4.7860,3.1867,5.8945,-0.0125,-0.0971,-0.0441,-9.2273,-2.4205,-0.3759,0.0396,-0.0460,-0.0196
-4.8602,3.1412,6.1890,-0.0421,-0.0430,-0.0646,-9.2943,-2.4541,-0.3783,0.0168,0.0065,-0.0309
-4.7740,3.0742,6.0549,-0.0258,-0.0773,-0.0766,-9.3063,-2.4780,-0.4980,0.0462,0.0003,-0.0241
-4.8985,3.1292,6.1746,-0.0432,0.0001,-0.0538,-9.3685,-2.6983,-0.4788,-0.0137,0.0249,-0.0266
-4.7190,3.1364,6.0861,-0.0204,-0.0838,-0.0582,-9.1746,-2.4660,-0.3903,0.0608,-0.0364,-0.0036
-4.8722,3.1675,6.1148,-0.0426,-0.0084,-0.0625,-9.3446,-2.5283,-0.3855,0.0157,0.0306,0.0001
-5.0159,3.1915,5.9999,-0.0129,-0.0674,-0.0357,-9.2344,-2.4900,-0.5818,0.0337,-0.0361,0.0160
-4.9392,3.1675,6.1172,-0.0125,-0.0396,-0.0374,-9.2823,-2.4924,-0.3783,0.0377,-0.0254,0.0133
-4.9943,3.1819,5.9568,0.0047,-0.1236,-0.0039,-9.3087,-2.4469,-0.5722,0.0262,-0.0909,0.0685
-4.7836,3.2489,6.0238,0.0004,-0.0881,-0.0012,-9.1842,-2.3224,-0.6369,0.0192,-0.0257,0.0181
-4.8315,3.2848,6.0741,-0.0105,-0.1697,-0.0145,-9.2105,-2.3248,-0.2945,0.0590,-0.1330,0.0039
-4.5969,3.2657,5.9209,-0.0081,-0.1211,-0.0041,-9.2129,-2.2098,-0.3926,0.0418,-0.0782,0.0233
-4.4819,3.3902,6.2944,-0.1087,0.0175,-0.0080,-9.1147,-2.3798,-0.0096,-0.0576,0.0149,-0.0302
-4.5274,3.4429,6.4428,0.1292,-0.2410,-0.0652,-9.4619,-2.5283,-0.1341,0.2321,-0.2176,0.0617
-4.5825,3.4524,5.7389,0.0847,-0.1715,-0.0422,-9.1506,-2.0782,-0.3615,0.1352,-0.0942,0.0469
-4.5107,3.4022,5.6479,-0.0662,-0.0297,-0.0274,-9.0381,-2.1189,-0.2753,-0.0456,0.0340,-0.0249
-4.5969,3.3830,5.9664,-0.0813,-0.0229,-0.0386,-9.1650,-2.2553,-0.2107,-0.0161,-0.0508,-0.0300
-4.4197,3.3040,6.1651,-0.1383,-0.0843,-0.0065,-9.1770,-2.3798,-0.0431,-0.0576,-0.0346,-0.0730
-4.5011,3.3375,6.3518,-0.0613,-0.1573,-0.0049,-9.3470,-2.5283,0.0599,0.0492,-0.1496,-0.0205
-4.5849,3.3064,6.1938,-0.0737,-0.1095,0.0265,-9.1530,-2.4756,-0.0407,-0.0378,-0.1021,-0.0128
-4.5179,3.3974,6.4093,-0.0346,-0.0981,0.0234,-9.3326,-2.4636,0.0096,0.0096,-0.1100,0.0304
-4.4556,3.5003,6.0430,-0.0029,-0.0933,0.0370,-9.0980,-2.1596,0.2203,-0.0027,-0.0753,0.0488
-4.2090,3.4620,6.2920,-0.0548,0.0153,0.0500,-9.0836,-2.2266,0.3160,-0.0814,-0.0016,0.0548
-4.2425,3.5554,6.1411,-0.0321,-0.0313,0.0201,-9.2105,-2.1452,0.3065,-0.0153,-0.0318,0.0288
-4.1922,3.5674,6.1770,0.0272,-0.0569,-0.0140,-9.2081,-2.2170,0.1963,0.0677,-0.0402,0.0578
-4.3383,3.6081,5.9807,-0.0280,-0.0132,-0.0095,-9.1650,-2.0207,0.0527,-0.0316,0.0342,0.0101
-4.1851,3.6200,6.5745,-0.0116,-0.0453,-0.0173,-9.2560,-2.3463,0.4381,0.0433,-0.0145,0.0230
-4.2282,3.6440,6.1244,0.1276,-0.1981,-0.0629,-9.1171,-2.0877,0.4262,0.1947,-0.1280,0.0604
-4.1922,3.6727,6.1411,0.0048,-0.0269,-0.0458,-9.1818,-2.0566,0.3543,0.0352,0.0143,0.0159
-4.1324,3.6679,6.2153,0.0185,-0.0674,-0.0513,-9.1698,-2.0853,0.3304,0.0746,-0.0004,0.0270
-4.2593,3.7373,6.2106,0.0296,-0.1210,-0.0863,-9.2680,-2.1261,0.3041,0.1061,-0.0310,-0.0064
-4.1037,3.6512,6.2273,0.0167,-0.1103,-0.0886,-9.1722,-2.1979,0.1389,0.0849,-0.0177,-0.0217
-4.3000,3.6823,6.2130,-0.0183,-0.0480,-0.0553,-9.1506,-2.0638,0.0790,0.0441,0.0039,-0.0007
-4.1851,3.6871,5.8802,-0.0141,-0.0918,-0.0329,-9.2057,-2.1596,0.3041,0.0196,-0.0577,0.0236
-4.2186,3.7685,6.0310,-0.0540,0.0318,-0.0167,-9.1482,-1.9345,0.2083,-0.0318,0.0286,0.0017
-4.0893,3.7421,5.9999,-0.1033,-0.0289,-0.0228,-8.9471,-1.9010,0.3041,-0.0657,0.0179,-0.0353
-4.0510,3.7086,6.0765,-0.1380,0.0005,-0.0245,-9.1818,-2.0758,0.5267,-0.0769,-0.0063,-0.0473
-4.2234,3.7086,6.0980,-0.1346,0.0091,-0.0179,-9.2895,-2.1739,0.5124,-0.0958,0.0232,-0.0457
-4.3407,3.6368,6.2800,-0.0927,0.0292,-0.0309,-9.3398,-2.3080,0.4501,-0.0486,0.0220,-0.0005
-4.1324,3.6344,6.1435,-0.0821,-0.0056,-0.0073,-9.1482,-2.1524,0.3591,-0.0667,0.0193,-0.0040
-4.1731,3.7278,5.9951,-0.0975,0.0049,-0.0133,-9.1028,-2.0255,0.2801,-0.0667,0.0053,-0.0143
-4.0845,3.7421,5.9233,-0.1065,-0.0268,-0.0163,-9.0597,-2.0901,0.3136,-0.0598,-0.0001,-0.0388
-4.2473,3.5841,6.0334,-0.1386,-0.0115,-0.0342,-9.3541,-2.4565,0.2346,-0.0890,0.0366,-0.0991
-4.3814,3.6129,6.3925,-0.0835,0.0176,-0.0159,-9.2177,-2.3032,0.1748,-0.0462,-0.0035,-0.0128
-4.1803,3.5410,6.2153,-0.0763,-0.0115,-0.0123,-9.1195,-2.2266,0.1580,-0.0560,0.0203,-0.0139
-4.3215,3.5889,6.1770,-0.1086,-0.0264,-0.0041,-9.2680,-2.2865,0.2634,-0.0568,0.0072,-0.0124
-4.1707,3.6200,6.2656,-0.0746,-0.0020,0.0095,-9.1147,-2.1261,0.2011,-0.0606,-0.0069,0.0041
-4.1755,3.6320,6.1962,-0.0713,-0.0112,0.0133,-9.1171,-2.1500,0.3400,-0.0695,0.0023,-0.0306
-4.1922,3.6057,6.2321,-0.1152,-0.0284,0.0067,-9.1363,-2.1859,0.5052,-0.0560,-0.0141,-0.0080
-4.1324,3.6152,6.2560,-0.0915,0.0025,-0.0281,-9.2416,-2.2913,0.4357,-0.0420,0.0057,-0.0079
-4.2473,3.5650,6.2130,-0.0645,0.0068,-0.0278,-9.1315,-2.2625,0.3567,-0.0285,0.0167,-0.0024
-4.1994,3.5626,6.2225,-0.1085,-0.0276,-0.0328,-9.1219,-2.2194,0.3807,-0.0442,0.0195,-0.0336
-4.2713,3.5386,6.3063,-0.0681,-0.0149,-0.0418,-9.1626,-2.3008,0.2921,-0.0131,-0.0064,-0.0095
-4.2282,3.4500,6.2417,-0.0819,-0.0017,-0.0093,-9.0980,-2.3343,0.2729,-0.0506,0.0104,-0.0073
-4.2066,3.5362,6.3159,-0.0742,-0.0332,-0.0020,-9.0644,-2.2075,0.3208,-0.0424,-0.0157,0.0004
-4.2114,3.5841,6.3351,-0.0675,0.0005,0.0048,-9.1722,-2.3272,0.4046,-0.0537,-0.0055,0.0053
-4.3239,3.5075,5.9807,-0.0703,-0.0103,0.0037,-9.0836,-2.2553,0.1580,-0.0561,-0.0111,0.0065
-4.0941,3.6320,6.2560,-0.1351,0.0364,0.0183,-9.0597,-2.1691,0.2370,-0.1210,0.0163,-0.0112
-4.0893,3.5554,6.2225,-0.1057,-0.0222,0.0125,-9.0716,-2.1787,0.2274,-0.0827,-0.0261,-0.0195
-4.1108,3.5458,6.1531,-0.1705,0.0204,0.0216,-9.0333,-2.1787,0.2705,-0.1463,0.0289,-0.0690
-3.9792,3.5745,6.3758,-0.1420,-0.0440,-0.0116,-9.1051,-2.2793,0.5842,-0.0765,-0.0213,-0.0645
-4.1492,3.5745,6.3901,-0.1211,-0.0462,-0.0197,-9.2416,-2.4636,0.4477,-0.0528,-0.0080,-0.0426
-4.1611,3.4884,6.4069,-0.1154,0.0059,-0.0366,-9.3565,-2.6288,0.5890,-0.0657,0.0385,-0.0524
-4.3191,3.3950,6.4691,-0.0310,-0.0039,-0.0274,-9.3063,-2.6336,0.3926,0.0037,0.0160,0.0103
-4.3622,3.3399,6.2010,-0.0500,-0.0409,0.0373,-9.2416,-2.7294,0.0383,-0.0718,0.1352,-0.0902
-4.0941,3.4165,6.0813,-0.0236,-0.0979,0.0514,-9.2919,-2.4972,0.1772,-0.0360,-0.0089,0.0420
-4.1037,3.5171,6.1794,-0.0761,-0.0266,0.0301,-9.1602,-2.4038,0.4812,-0.0685,0.0008,0.0241
-4.0558,3.5698,6.2034,-0.0649,-0.0268,0.0111,-9.1339,-2.3224,0.4956,-0.0514,-0.0312,0.0396
-3.9433,3.5721,6.1794,-0.0557,-0.0317,-0.0064,-9.0453,-2.2314,0.5243,-0.0266,-0.0288,0.0063
-4.0103,3.5913,6.3327,-0.1111,-0.0059,-0.0127,-9.0644,-2.2051,0.4501,-0.0715,0.0047,-0.0136
-4.1707,3.5458,6.2584,-0.0905,-0.0143,-0.0262,-9.1770,-2.4325,0.5746,-0.0497,-0.0075,-0.0230
-4.2090,3.5291,6.3135,-0.0520,0.0041,-0.0274,-9.2033,-2.4134,0.2538,-0.0209,0.0087,0.0079
-4.2617,3.5171,6.3207,-0.0838,0.0003,-0.0061,-9.1099,-2.4445,0.2873,-0.0605,0.0349,0.0077
-4.2066,3.4884,6.1699,-0.0697,-0.0364,-0.0200,-9.1051,-2.2697,0.2298,-0.0348,-0.0084,-0.0075
-4.1635,3.5147,6.2106,-0.0859,-0.0033,-0.0025,-9.0884,-2.2577,0.3998,-0.0640,0.0017,-0.0288
-4.0510,3.5338,6.1914,-0.1025,-0.0272,-0.0136,-9.0932,-2.3631,0.5387,-0.0481,-0.0067,-0.0077
-4.2114,3.4500,6.3566,-0.0863,-0.0281,-0.0257,-9.1889,-2.4612,0.3256,-0.0392,-0.0157,-0.0111
-4.1755,3.4381,6.2848,-0.0725,0.0027,-0.0220,-9.1626,-2.4277,0.3783,-0.0302,0.0135,0.0003
-4.3096,3.5219,6.1675,-0.0608,-0.0250,-0.0077,-9.1506,-2.4541,0.2777,-0.0378,-0.0157,-0.0004
-4.1539,3.5291,6.2201,-0.0894,-0.0165,-0.0156,-9.1147,-2.3535,0.3136,-0.0514,0.0225,-0.0181
-4.2162,3.5434,6.3686,-0.0798,0.0100,-0.0326,-9.0573,-2.3056,0.5028,-0.0418,0.0390,-0.0301
-4.1180,3.5027,6.2752,-0.0977,-0.0131,-0.0354,-8.9735,-2.3487,0.2825,-0.0370,0.0131,-0.0365
-4.2713,3.5386,6.4021,-0.0729,-0.0141,-0.0225,-9.1051,-2.4948,0.2897,-0.0248,-0.0056,-0.0064
-4.1587,3.4285,6.4332,-0.1058,-0.0342,-0.0278,-9.1028,-2.4014,0.3591,-0.0606,0.0148,-0.0382
-4.1946,3.3854,6.4787,-0.0699,-0.0272,-0.0211,-9.1387,-2.5833,0.3112,-0.0334,-0.0013,-0.0205
-4.2641,3.4141,6.2728,-0.0763,0.0059,-0.0148,-9.1267,-2.5355,0.3208,-0.0417,0.0187,0.0095
-4.1946,3.4285,6.3159,-0.0826,-0.0120,-0.0089,-9.1506,-2.5187,0.3472,-0.0509,0.0169,-0.0004
-4.2808,3.4141,6.2489,-0.0546,-0.0096,-0.0028,-9.0932,-2.3535,0.3160,-0.0372,-0.0123,0.0228
-4.1611,3.4907,6.2273,-0.0694,-0.0041,-0.0076,-9.0285,-2.3415,0.1939,-0.0533,-0.0028,0.0007
-4.1827,3.5171,6.1842,-0.0683,-0.0221,0.0037,-9.1291,-2.3463,0.3879,-0.0458,-0.0085,0.0052
-4.2401,3.4620,6.3063,-0.0762,-0.0001,-0.0013,-9.0716,-2.3870,0.4070,-0.0484,-0.0007,-0.0036
-4.1037,3.4955,6.4691,-0.0695,-0.0177,-0.0123,-9.1171,-2.4565,0.3065,-0.0526,0.0175,-0.0084
-4.2689,3.4405,6.3351,-0.0569,0.0005,-0.0067,-9.1794,-2.4445,0.3926,-0.0374,0.0117,0.0109
-4.2090,3.4764,6.2297,-0.0465,-0.0081,-0.0081,-9.0668,-2.3727,0.3208,-0.0449,0.0025,0.0052
-4.0438,3.3878,6.2800,-0.0759,-0.0112,-0.0003,-9.0166,-2.3870,0.2753,-0.0474,0.0041,0.0049
-4.1420,3.5243,6.1962,-0.0597,-0.0108,-0.0213,-9.1147,-2.3966,0.2969,-0.0358,-0.0035,0.0016
-4.1994,3.5219,6.3111,-0.0811,-0.0196,-0.0192,-9.1075,-2.3655,0.3424,-0.0321,0.0115,0.0077
-4.2425,3.4500,6.0549,-0.0516,-0.0187,-0.0208,-8.9950,-2.4038,0.2179,-0.0200,-0.0096,-0.0003
-4.1348,3.4836,6.0956,-0.1037,-0.0238,0.0016,-8.9352,-2.2075,0.3112,-0.0742,-0.0015,-0.0212
-4.2353,3.5051,6.4117,-0.1019,-0.0302,-0.0077,-9.1626,-2.4445,0.4142,-0.0671,-0.0088,-0.0392
-4.2689,3.3998,6.5027,-0.0957,-0.0171,-0.0168,-9.3230,-2.6791,0.5986,-0.0538,0.0097,-0.0245
-4.2282,3.3950,6.1699,-0.0518,0.0036,-0.0097,-9.0836,-2.4110,0.2658,-0.0242,-0.0045,0.0277
-4.2593,3.4357,6.1794,-0.0955,0.0077,0.0009,-8.9471,-2.2505,0.2442,-0.0674,0.0179,-0.0091
-4.1108,3.4836,6.2537,-0.0899,-0.0365,0.0073,-9.1339,-2.2817,0.3591,-0.0477,-0.0132,-0.0044
-4.0079,3.4955,6.1962,-0.0761,-0.0156,-0.0127,-9.0477,-2.3391,0.4573,-0.0360,-0.0072,-0.0196
-4.1276,3.4596,6.2393,-0.0755,0.0007,-0.0466,-9.0812,-2.4038,0.4118,-0.0324,0.0177,-0.0236
-4.1875,3.4261,6.2944,-0.0675,-0.0365,-0.0249,-9.0118,-2.3224,0.1867,-0.0237,-0.0029,-0.0296
-4.0630,3.6200,6.2345,-0.1027,-0.0282,-0.0553,-8.9807,-2.3918,0.1556,-0.0417,0.0314,-0.0638
-4.3072,3.4453,6.3853,-0.1151,-0.0272,-0.0388,-9.2344,-2.6671,0.3711,-0.0541,0.0221,-0.0512
-4.3287,3.3423,6.3949,-0.0662,-0.0193,-0.0236,-9.1889,-2.6408,0.2179,-0.0394,0.0153,-0.0189
-4.2306,3.2657,6.3949,-0.0478,0.0113,0.0163,-9.1219,-2.5450,0.2155,-0.0558,-0.0168,0.0370
-4.1492,3.3686,6.3518,-0.0492,0.0205,0.0420,-9.1698,-2.5187,0.3831,-0.0632,0.0076,0.0510
-4.0989,3.5793,6.0382,-0.0524,-0.0310,0.0181,-9.0381,-2.2841,0.4453,-0.0558,-0.0224,0.0241
-4.0199,3.5674,6.1651,-0.0682,-0.0124,-0.0053,-9.0381,-2.2458,0.3926,-0.0436,-0.0165,-0.0053
-3.9744,3.5386,6.1794,-0.0850,-0.0084,-0.0382,-9.0118,-2.2290,0.4669,-0.0354,0.0121,-0.0193
-4.3000,3.3782,6.1986,-0.1196,-0.0087,-0.0488,-9.1411,-2.5091,0.3855,-0.0430,0.0216,-0.0661
-4.1875,3.3926,6.2082,-0.0456,-0.0112,-0.0076,-9.0381,-2.3990,0.2442,-0.0304,-0.0096,0.0246
-4.1420,3.3830,6.3159,-0.0630,-0.0159,-0.0152,-8.9423,-2.4517,0.3280,-0.0284,-0.0013,-0.0167
-4.0917,3.4093,6.1220,-0.1107,-0.0473,-0.0073,-9.0501,-2.3583,0.4118,-0.0568,-0.0012,-0.0458
-4.1851,3.4022,6.1723,-0.1147,-0.0610,0.0029,-9.0333,-2.4062,0.3615,-0.0497,-0.0274,-0.0429
-4.2521,3.4046,6.5481,-0.1312,-0.0288,-0.0135,-9.2153,-2.6145,0.5315,-0.0500,-0.0268,-0.0332
-4.2162,3.3710,6.4021,-0.0829,-0.0402,-0.0087,-9.1291,-2.7390,0.3472,-0.0230,-0.0396,0.0036
-4.1659,3.3423,6.2369,-0.0879,-0.0312,-0.0120,-8.9615,-2.4110,0.3184,-0.0416,-0.0413,-0.0217
-4.1108,3.4261,6.4404,-0.0990,-0.0199,-0.0032,-9.0621,-2.5331,0.5076,-0.0626,-0.0109,-0.0330
-4.0941,3.4524,6.5027,-0.0822,-0.0085,-0.0120,-9.1099,-2.6049,0.7326,-0.0365,0.0052,-0.0007
-4.0869,3.4357,6.2656,-0.0697,-0.0147,-0.0314,-9.0501,-2.5235,0.5124,-0.0308,-0.0017,-0.0029
-4.2042,3.3782,6.3973,-0.0893,-0.0108,-0.0069,-9.0573,-2.5546,0.3280,-0.0632,0.0112,-0.0132
-4.1420,3.4069,6.3207,-0.0785,-0.0188,-0.0116,-9.1243,-2.5953,0.5411,-0.0553,-0.0056,-0.0073
-4.1013,3.4046,6.3925,-0.0845,-0.0181,-0.0238,-9.0549,-2.5738,0.4764,-0.0508,0.0080,-0.0244
-4.2042,3.3351,6.2034,-0.0861,-0.0100,-0.0261,-9.0980,-2.6097,0.5578,-0.0268,-0.0143,-0.0031
-4.1132,3.5099,6.4021,-0.0711,0.0097,-0.0354,-9.1075,-2.5929,0.5052,-0.0448,0.0326,-0.0209
-4.1851,3.4141,6.3303,-0.0625,-0.0051,-0.0197,-9.0836,-2.5714,0.5363,-0.0378,0.0336,-0.0072
-3.9887,3.4069,6.1579,-0.0625,-0.0211,-0.0504,-8.9495,-2.4876,0.5363,-0.0176,0.0120,-0.0168
-4.0845,3.3782,6.2441,-0.0833,-0.0052,-0.0352,-8.9495,-2.4277,0.4764,-0.0338,0.0216,-0.0257
-4.1587,3.3543,6.4883,-0.1108,-0.0169,-0.0344,-9.0788,-2.6288,0.4262,-0.0454,0.0257,-0.0388
-4.3000,3.2944,6.2920,-0.0878,-0.0173,-0.0313,-9.1363,-2.7725,0.3735,-0.0378,0.0028,-0.0016
-4.1875,3.2753,6.3375,-0.0725,-0.0428,-0.0177,-9.0573,-2.6145,0.3735,-0.0329,-0.0169,0.0005
-4.1324,3.3495,6.3877,-0.0746,0.0137,-0.0201,-9.0166,-2.5019,0.4741,-0.0540,0.0175,-0.0085
-4.0797,3.3160,6.3542,-0.0855,0.0148,-0.0171,-8.9830,-2.5570,0.4836,-0.0517,0.0252,-0.0153
-4.2856,3.2561,6.1986,-0.0809,-0.0080,-0.0361,-9.1794,-2.7198,0.4549,-0.0310,0.0217,-0.0087
-4.1204,3.2561,6.3470,-0.0734,-0.0100,-0.0256,-9.0405,-2.6935,0.4214,-0.0388,0.0181,-0.0025
-4.3598,3.2825,6.3135,-0.0913,-0.0008,-0.0204,-9.1123,-2.6887,0.4166,-0.0481,0.0189,-0.0065
-4.4245,3.2585,6.4284,-0.0677,-0.0120,-0.0004,-9.1075,-2.6647,0.3424,-0.0211,-0.0167,0.0229
-4.2928,3.2848,6.3805,-0.0597,-0.0057,-0.0060,-9.1219,-2.7007,0.2873,-0.0384,0.0127,0.0189
-4.2138,3.4405,6.4380,-0.0426,-0.0111,0.0266,-9.1267,-2.5283,0.2538,-0.0703,0.0084,0.0168
-4.0486,3.3255,6.4596,-0.0727,0.0292,0.0056,-8.8729,-2.5067,0.5866,-0.0629,0.0409,0.0127
-4.1779,3.6152,5.8514,-0.0874,-0.0629,-0.0172,-9.0261,-2.0470,0.4645,-0.0580,-0.0320,-0.0218
-4.1468,3.6823,5.9999,-0.0602,-0.0256,-0.0593,-9.0381,-2.1308,0.2490,0.0072,-0.0321,-0.0254
-3.9049,3.2872,6.0478,-0.1865,-0.0453,-0.0846,-8.6287,-2.4062,0.3663,-0.0501,-0.0203,-0.1548
-4.0654,3.1101,6.5793,-0.1901,-0.0997,-0.0874,-9.0956,-2.9544,0.3903,-0.0288,-0.0412,-0.1672
-4.1755,3.0933,6.6008,-0.1761,-0.0298,-0.0521,-9.1267,-3.0215,0.5243,-0.0513,-0.0211,-0.1019
-4.0749,3.1388,6.2656,-0.1280,-0.0877,-0.0349,-8.8992,-2.7318,0.2945,-0.0224,-0.0353,-0.0739
-3.9744,3.0981,6.3997,-0.1867,-0.0652,-0.0521,-8.9495,-2.7581,0.5531,-0.0709,-0.0095,-0.1320
-4.0414,3.1532,6.4667,-0.1467,-0.0686,-0.0841,-8.8657,-2.8826,0.6249,-0.0220,-0.0148,-0.1300
-4.1611,3.0742,6.6104,-0.1500,-0.0212,-0.0986,-9.1171,-3.0933,0.4908,-0.0220,0.0380,-0.1180
-4.2042,2.9664,6.7277,-0.1160,-0.0558,-0.1082,-9.1028,-3.2178,0.4286,0.0061,0.0361,-0.0938
-4.2186,2.7749,6.5745,-0.1085,-0.0083,-0.0826,-8.9759,-3.2777,0.5004,-0.0164,0.0370,-0.0610
-4.3862,2.6288,6.6391,-0.0835,0.0012,-0.0438,-8.9567,-3.4644,0.1652,-0.0329,0.0203,-0.0256
-4.3096,2.6552,6.9719,-0.0685,0.0232,0.0269,-9.2464,-3.6152,0.3807,-0.0987,0.0187,0.0204
-4.1324,2.9449,6.8426,0.0048,0.0386,0.0478,-9.0980,-3.2513,0.4429,-0.0580,0.0298,0.1082
-4.2090,2.9999,6.3351,-0.0081,0.0466,0.0522,-8.8418,-2.8395,0.1676,-0.0706,0.0281,0.0975
-4.3790,3.0191,6.2297,-0.0654,0.0176,0.0448,-8.8969,-2.7653,0.2203,-0.0955,0.0183,0.0416
-4.0725,2.9999,6.2680,-0.1251,-0.0284,0.0456,-8.7915,-2.8108,0.2705,-0.1466,0.0023,-0.0112
-3.9696,3.0406,6.6655,-0.0774,-0.0047,0.0457,-8.9016,-2.8874,0.6345,-0.0779,-0.0316,0.0125
-4.2066,3.1244,6.4165,-0.0991,0.0264,0.0338,-9.0501,-2.9425,0.4334,-0.1067,0.0147,0.0063
-3.9552,3.0430,6.3255,-0.1160,-0.0244,-0.0222,-8.7987,-2.7821,0.4621,-0.0618,0.0128,-0.0516
-4.1420,3.0071,6.7109,-0.1290,-0.0505,0.0031,-9.0309,-3.1292,0.3232,-0.0859,-0.0167,-0.0472
-4.0318,3.0215,6.8139,-0.0596,-0.0027,-0.0237,-9.0788,-3.1580,0.8284,-0.0304,-0.0059,0.0208
-4.2210,3.0287,6.4308,-0.0468,-0.0088,0.0059,-8.9184,-2.8180,0.1748,-0.0302,-0.0055,0.0374
-4.1396,3.0789,6.4979,-0.0947,-0.0033,-0.0153,-9.0142,-2.9688,0.3807,-0.0731,0.0364,-0.0237
-4.1132,2.9880,6.6056,-0.0753,-0.0204,-0.0225,-8.9495,-3.0023,0.3472,-0.0442,-0.0048,-0.0033
-4.2329,2.9137,6.4380,-0.0678,-0.0105,0.0037,-8.9136,-2.9113,0.1652,-0.0450,-0.0222,0.0253
-4.1731,2.9712,6.5888,-0.0907,-0.0079,0.0345,-8.9280,-2.9688,0.3160,-0.0821,-0.0297,0.0187
-3.9576,2.9401,6.4524,-0.1340,-0.0613,0.0258,-8.8250,-2.9401,0.3998,-0.0922,-0.0388,-0.0504
-4.1755,2.9329,6.4859,-0.1030,-0.1074,-0.0004,-8.9136,-3.0430,0.2251,-0.0436,-0.0714,-0.0586
-4.1468,2.8611,6.8905,-0.0821,-0.0698,0.0406,-9.1866,-3.3016,0.6009,-0.0442,-0.0761,0.0257
-4.2569,2.6671,7.1970,-0.0305,0.0240,0.0837,-9.2273,-3.7517,0.4812,-0.0946,-0.0216,0.0909
-4.2425,2.8299,7.2137,0.0698,0.0248,0.1792,-9.3158,-3.6823,0.5698,-0.1023,-0.0508,0.2249
-4.1444,3.2274,6.5721,0.1410,0.0600,0.1835,-9.1770,-2.9592,0.4669,-0.0726,-0.0244,0.2947
-3.9313,3.5554,5.9592,0.1176,0.0472,0.1567,-8.6455,-2.0111,0.4477,-0.0544,-0.0474,0.2435
-3.5219,3.7948,5.8059,0.0486,0.0071,0.0755,-8.6287,-1.7430,0.7685,-0.0441,-0.0362,0.1163
-3.6248,3.8092,6.1411,-0.0518,0.0092,-0.0211,-8.9064,-1.9872,0.8978,-0.0220,0.0171,0.0116
-3.7781,3.6105,6.1579,-0.0734,0.0380,-0.1122,-8.9567,-2.3224,0.6680,-0.0234,0.1328,-0.0735
-3.9361,3.5123,6.2584,-0.0927,-0.0213,-0.1443,-8.9136,-2.3152,0.7230,0.0421,0.0514,-0.0817
-3.9983,3.4788,6.3422,-0.1087,0.0165,-0.1773,-8.9783,-2.5474,0.5986,0.0196,0.1284,-0.1364
-4.2210,3.2202,6.3566,-0.1007,-0.0149,-0.1779,-9.0237,-2.8180,0.1891,0.0358,0.1118,-0.1322
-4.2689,3.0670,6.1268,-0.1448,-0.0445,-0.1483,-8.9376,-2.9449,0.2370,0.0031,0.0699,-0.1394
-4.3958,2.9784,6.5242,-0.1989,-0.0246,-0.1094,-9.1794,-3.4189,0.2921,-0.1124,0.0701,-0.1965
-4.4412,2.9760,6.8115,-0.0715,-0.0105,-0.0203,-9.2560,-3.2801,0.2538,-0.0357,-0.0005,-0.0116
-4.3958,3.0550,6.6798,-0.0334,0.0253,0.0197,-9.2033,-3.0909,0.1652,-0.0644,0.0310,0.0438
-4.1563,3.1675,6.2489,-0.0376,0.0005,0.0229,-8.9040,-2.6839,0.2442,-0.0608,0.0013,0.0469
-3.9935,3.2585,6.5553,-0.0207,-0.0199,0.0340,-9.0381,-2.7629,0.6393,-0.0434,-0.0386,0.0450
-3.8930,3.3232,6.4260,-0.0707,-0.0073,0.0112,-8.9735,-2.6408,0.6440,-0.0621,0.0317,0.0229
-4.0247,3.4333,6.4452,-0.0310,0.0117,-0.0193,-8.9759,-2.6384,0.7135,-0.0040,-0.0068,0.0405
