-4.3431,0.8571,7.8314,0.3476,0.4899,-0.1247,-6.5793,-0.5363,4.6184,0.8098,-0.0356,0.3758
-3.0622,0.8068,7.5106,0.2447,0.5372,0.6295,-6.6535,-0.0503,3.6966,0.3379,-0.0973,0.4903
-5.9975,0.8356,4.4628,-0.0729,1.0248,0.2089,-7.4627,0.7015,2.7438,0.3877,0.6523,0.6586
-4.5370,1.2186,7.9895,0.3030,1.0746,0.9184,-7.9655,0.3639,4.0486,0.0922,0.6568,0.7950
-5.2194,1.8004,4.8315,0.0064,0.0578,1.1935,-7.5872,0.9625,3.5841,-0.1463,-0.4919,0.9915
-5.0973,2.0423,6.5242,0.0614,1.1310,0.6145,-6.4069,1.7837,3.8906,-0.0938,1.0657,0.5303
-5.2146,2.2769,5.5330,-0.1860,0.1948,1.0886,-8.4515,1.2186,3.5985,-0.1491,0.1968,0.4646
-5.4803,2.7078,6.5218,0.2182,0.3941,0.7517,-7.3071,1.6113,3.5195,-0.0147,0.2686,-0.0584
-3.9385,2.9880,6.4643,-0.4004,-0.6057,1.4951,-6.9360,1.7119,4.4101,-0.0401,-0.7667,0.2262
-4.6878,3.4165,7.3095,0.3716,-0.3479,1.1163,-7.1491,1.2665,4.4269,0.0659,0.0602,-0.5569
-2.3607,3.9959,6.7397,0.3134,-0.3757,1.1130,-6.7301,1.8579,4.0797,0.3018,-0.0721,-0.4592
-3.6703,4.3742,6.0669,0.2080,-0.1623,0.8644,-7.2999,1.9273,3.1053,0.0163,-0.1791,-0.1390
-3.4213,4.4796,6.9168,-0.0394,0.2280,0.4357,-8.4731,1.0295,3.3902,-0.2591,0.5780,-0.4640
-2.8036,4.5873,7.0054,0.1174,0.1442,0.6356,-6.6032,0.9649,4.3790,-0.0762,-0.0393,-0.6539
-3.2968,4.9488,5.2098,-0.0081,0.1605,0.7538,-9.2225,-0.1628,4.4053,-0.2152,0.5367,-0.2932
-2.8659,5.1356,5.7868,0.0453,0.2097,0.6528,-7.3598,1.0032,3.3088,-0.2121,0.4403,-0.8344
-3.9169,5.2026,5.8993,-0.0974,0.4498,0.3872,-6.9767,0.4621,2.0614,-0.2289,0.0969,-0.8192
-2.0063,5.3606,5.9065,-0.3348,0.0236,0.3872,-8.5377,-0.3352,3.3064,-0.3395,0.3095,-0.5140
-2.8898,5.6647,5.9233,-0.1370,0.1136,-0.2963,-8.9112,-0.2466,3.3040,-0.1829,0.0252,0.4802
-3.0885,5.2912,5.5617,-0.3643,-0.1057,-0.0201,-8.6167,-0.2993,3.4285,-0.2296,-0.1729,-0.1272
-3.4189,4.9680,7.1156,-0.1560,0.3106,-0.0691,-8.9567,-1.4246,3.5243,-0.2352,0.3577,0.1765
-2.6911,4.9632,5.5115,-0.0609,-0.1271,0.0265,-8.0780,-0.1101,2.7054,0.0389,-0.1136,0.2029
-2.8347,4.8291,5.9400,-0.1278,0.0153,0.0525,-8.5976,-0.7039,2.8922,-0.0711,0.1625,-0.0690
-3.1723,4.8315,5.6862,-0.1132,-0.0918,-0.0943,-8.4874,-0.5818,2.5115,-0.0181,-0.0781,0.1114
-3.0646,4.7908,5.5857,-0.1679,0.0205,-0.1522,-8.5832,-0.5770,2.8299,-0.1348,0.0770,-0.1945
-3.7038,5.0733,6.2728,-0.1619,-0.0644,0.0041,-8.4396,-0.3065,2.9544,-0.0783,-0.0394,-0.0958
-3.0023,4.9129,6.4117,-0.1680,0.0045,-0.0032,-8.4396,-0.6009,3.1220,-0.0911,0.0618,-0.0765
-3.3998,5.1356,5.9735,-0.0115,-0.0669,-0.0325,-8.6957,-0.4717,2.7390,0.0181,0.0521,-0.0349
-3.4141,4.8171,6.1699,-0.0542,0.0209,-0.0737,-8.1930,-0.3280,2.7964,0.0168,0.0469,-0.1771
-3.2896,4.8866,5.8251,-0.0453,0.0482,0.0833,-8.7484,-0.9337,2.5259,-0.0468,0.1247,0.0486
-3.1220,4.8435,5.9233,-0.0340,-0.0870,-0.0124,-8.4180,-0.5866,2.7078,0.0208,-0.0580,-0.0104
-3.7254,4.8363,5.8610,-0.1150,-0.0081,0.0813,-8.5569,-0.7302,2.6288,-0.0388,0.0457,-0.0910
-3.1220,4.9273,5.7868,-0.0794,-0.0617,-0.0424,-8.6933,-0.7494,2.7988,-0.0133,0.0701,-0.1251
-3.4117,4.9991,6.0693,0.0204,0.0802,-0.1154,-8.8849,-0.9098,2.6576,0.0115,0.2138,0.0063
-3.1340,4.8363,5.9496,-0.0305,0.0105,-0.0061,-8.4372,-0.7566,2.7821,-0.0494,0.0771,-0.1178
-3.1939,4.8315,5.7245,-0.0480,-0.0131,0.0466,-8.6215,-0.7997,2.6480,-0.0069,0.0316,-0.1398
-3.3375,4.9871,5.6695,-0.0288,-0.0553,-0.0662,-8.6407,-0.8619,2.6647,0.0189,-0.0282,-0.0245
-3.4046,4.8770,6.1699,-0.0814,-0.0015,-0.0001,-8.4946,-0.8954,2.6169,-0.0581,0.0413,-0.0135
-3.3040,4.9847,5.7485,-0.0895,-0.1382,0.1844,-8.6526,-0.8882,2.4517,-0.0201,-0.0417,0.0197
-3.1053,4.9775,6.0166,-0.0593,0.0032,-0.0412,-8.6574,-0.8691,2.5259,-0.0540,-0.0005,-0.0329
-3.4093,4.8674,5.4492,-0.0866,-0.0083,0.0842,-8.4060,-0.6321,2.3679,-0.0691,-0.0039,-0.0328
-3.3160,4.9943,5.8658,-0.0697,-0.0408,0.1240,-8.6646,-0.9697,2.3248,-0.0600,-0.0424,-0.0665
-3.6320,4.9919,5.6599,-0.0616,-0.0116,0.0390,-8.1116,-0.5004,1.9776,-0.0389,-0.0963,-0.0484
-2.7198,4.9440,6.1268,-0.1935,-0.2479,0.3292,-8.7724,-1.0870,2.1644,-0.0709,-0.0739,-0.2497
-3.1556,5.0302,6.2345,-0.0955,-0.1945,0.1555,-8.2839,-1.0678,2.7294,-0.0406,-0.1920,0.0310
-2.0925,5.2313,6.4524,-0.0719,-0.4221,0.4225,-8.6550,-1.1516,3.4429,0.0797,-0.1446,0.0661
-1.9561,5.2864,6.2968,-0.0069,-0.0349,-0.1974,-8.5186,-1.0080,3.2729,-0.0217,0.0095,0.0385
-2.3990,5.1308,6.1794,-0.1017,-0.0795,0.1724,-8.1858,-0.7374,3.1125,-0.0489,0.0157,-0.1540
-2.0494,5.1811,6.3758,-0.0229,0.0044,0.0032,-8.4803,-1.0630,2.9832,-0.0220,0.0181,0.0727
-2.3966,5.1715,5.9927,-0.1098,-0.0598,0.2475,-8.4348,-0.8188,2.7725,-0.0998,0.0402,-0.0139
-2.3008,5.2792,6.4236,-0.0354,0.0425,-0.0358,-8.5305,-1.0175,2.8635,-0.0985,0.1058,0.0509
-2.5594,5.1667,6.0573,-0.0334,0.0036,0.0061,-8.1977,-0.6584,2.9640,-0.0164,-0.0068,-0.0035
-1.6113,5.3056,6.4284,-0.0195,0.0266,-0.1230,-8.2504,-0.6919,2.6983,-0.0168,0.0596,0.0127
-1.9968,5.1930,5.8993,-0.0858,0.0754,-0.3477,-8.2408,-0.8404,2.7653,-0.0654,0.0714,-0.0308
-2.3511,5.2648,5.7533,-0.1310,-0.1003,-0.0163,-8.3653,-0.5435,2.3679,-0.0250,-0.0397,-0.0529
-2.6001,5.1020,6.3207,-0.1432,-0.0151,-0.1320,-8.5090,-1.1133,2.7126,-0.0341,0.0029,-0.1002
-2.6600,5.2002,6.1770,-0.0931,0.0398,-0.0393,-8.5928,-1.0223,2.9449,-0.0642,0.0446,-0.0428
-2.3655,5.1475,6.1196,-0.0087,-0.0284,-0.1559,-8.5521,-1.0750,2.7150,0.0197,0.0168,0.0445
-2.0806,5.0159,6.0813,-0.1146,-0.0301,0.0266,-8.5521,-1.0606,2.7150,-0.0709,0.0553,-0.0781
-2.7366,5.1427,6.2944,-0.0139,0.0280,-0.0926,-8.4755,-1.0750,2.4684,-0.0112,0.0249,0.0080
-2.2625,5.1475,6.2201,-0.0662,0.0266,-0.0406,-8.5784,-1.0726,2.7150,-0.0811,0.0686,-0.0159
-2.4900,5.1092,6.1411,-0.1296,-0.0153,0.0821,-8.1068,-0.8691,2.5115,-0.1011,0.0193,-0.1418
-2.2362,5.1092,5.9352,-0.1366,-0.0637,-0.0588,-8.4180,-0.9457,2.7821,-0.0465,-0.0682,-0.1130
-2.9521,5.1930,6.0310,-0.0667,0.0217,-0.0398,-8.6862,-1.1205,2.5402,0.0129,0.0454,-0.0180
-2.5331,5.3127,5.9975,-0.1187,-0.0506,-0.0072,-8.4587,-0.9625,2.8036,-0.0316,0.0486,-0.2165
-2.3942,5.2194,6.1914,-0.1907,0.1314,-0.0011,-8.7364,-1.3001,2.8587,-0.1671,0.2141,-0.1516
-2.4804,5.1619,5.8562,-0.0593,-0.0389,-0.1334,-8.5114,-0.9960,2.0614,0.0578,0.0165,-0.0734
-3.1556,4.9967,5.7676,-0.0939,0.0306,-0.0617,-8.4228,-1.1468,2.2362,0.0461,0.0168,-0.1099
-2.7509,4.9105,5.8323,-0.2322,-0.0522,-0.0581,-8.5234,-1.5155,2.1284,-0.1073,0.0131,-0.1825
-2.7054,4.6064,6.6487,-0.1923,0.1163,-0.1737,-8.4036,-1.4964,2.0782,-0.1460,0.1062,-0.1382
-2.7318,4.7477,6.6511,-0.2045,-0.0356,0.0558,-8.6407,-1.9034,2.6217,-0.1073,-0.0076,-0.1295
-2.5977,4.7238,6.6750,-0.0847,-0.0597,-0.0834,-8.7436,-1.8100,2.4636,-0.0237,-0.0400,0.0065
-2.3679,4.8746,6.4021,-0.0386,-0.0398,0.0164,-8.8226,-1.6041,2.5762,-0.0040,-0.0529,0.0434
-2.9353,4.8722,6.5841,-0.0702,-0.0133,-0.0393,-9.3637,-1.6568,2.2170,-0.0121,0.1402,-0.0048
-2.7892,4.7477,6.3470,-0.0717,0.0747,-0.0973,-8.6550,-1.7358,2.4277,-0.0694,0.1724,-0.1013
-2.8491,4.7884,5.9711,-0.0697,-0.0084,-0.0276,-8.8562,-1.7190,1.9225,0.0294,0.0899,-0.2586
-2.6767,4.7597,6.2034,-0.1023,-0.0306,-0.0229,-8.8322,-2.1213,2.3774,-0.0187,0.0060,-0.0597
-2.8276,4.8243,6.0454,-0.0340,0.0241,-0.0394,-8.7412,-1.8986,2.5187,-0.0533,0.0249,-0.0025
-2.5139,5.0494,6.0501,-0.0572,-0.0313,0.0001,-8.7340,-1.6161,2.1715,-0.0426,0.0277,0.1531
-2.5043,4.8961,6.1411,-0.0358,-0.0242,-0.1324,-8.4515,-1.4413,2.4205,-0.0360,0.1018,0.0481
-2.5091,4.9344,6.1818,-0.1023,0.0092,-0.0877,-8.5808,-1.5012,2.2290,-0.0469,0.0576,-0.0802
-2.7007,4.7621,6.3063,-0.1065,0.0207,-0.0317,-8.3031,-1.4629,2.1141,-0.0569,-0.0085,-0.1256
-2.8036,4.7884,6.2393,-0.0705,0.0540,-0.0582,-8.7628,-1.9058,2.1859,-0.0637,0.0730,-0.0236
-2.7605,4.8171,6.2249,-0.0540,-0.0020,-0.0477,-8.9208,-1.9297,2.3272,-0.0470,0.0545,-0.0550
-2.6600,4.7740,6.1938,-0.0306,-0.0302,-0.0196,-8.5114,-1.6999,2.2170,-0.0497,-0.0258,0.0277
-2.5546,4.8961,6.3590,-0.0737,0.0600,-0.0865,-8.6694,-1.6281,2.3798,-0.0644,0.0629,0.0456
-2.7821,4.8554,6.1100,-0.0452,-0.0088,-0.0881,-8.6957,-1.6544,2.1907,-0.0394,0.0266,-0.0381
-2.5522,4.6831,6.1220,-0.0683,0.0266,-0.0626,-8.6503,-1.8076,2.2314,-0.0484,-0.0241,0.0304
-2.9760,4.7932,6.0789,-0.0442,-0.0362,0.0350,-8.6526,-1.8340,2.2242,-0.0380,-0.0224,0.0024
-3.0071,4.7884,6.4117,-0.0440,0.0216,-0.0212,-8.6191,-1.8340,2.2936,-0.0546,0.0546,-0.0346
-2.9664,4.8507,6.0956,-0.0418,-0.0762,0.0136,-8.4779,-1.5203,2.0039,0.0019,-0.0745,-0.0236
-2.7294,4.8459,6.0166,-0.0470,0.0135,-0.0060,-8.6742,-1.7214,2.3583,-0.0362,0.0449,-0.0218
-2.8419,4.7740,6.0956,-0.0513,0.0152,-0.0654,-8.5952,-1.6688,2.1883,-0.0441,0.0821,-0.0572
-3.0167,4.8291,6.2393,-0.0699,0.0056,-0.0648,-8.5808,-1.7526,2.2146,-0.0478,0.0035,-0.0196
-3.0622,4.8028,5.9544,-0.1034,-0.0007,-0.0281,-8.6503,-1.8747,2.3248,-0.0565,0.0366,-0.0757
-2.9616,4.8650,6.1507,-0.0469,-0.0454,-0.0341,-8.6263,-1.7980,2.1476,-0.0149,-0.0137,0.0438
-2.8323,4.8411,6.3111,-0.1073,0.0173,-0.0309,-8.7029,-1.8866,2.3104,-0.0770,0.0137,-0.0221
-2.9736,4.7932,6.2273,-0.0878,0.0225,-0.0258,-8.5928,-1.7597,2.0925,-0.0442,-0.0037,-0.0248
-2.6432,4.7214,6.1148,-0.0497,-0.0314,0.0001,-8.6957,-1.8459,2.1428,-0.0128,-0.0364,0.0353
-2.8228,4.7190,5.9687,-0.1029,-0.0420,-0.0049,-8.5234,-1.8603,2.1931,-0.0493,-0.0196,0.0121
-2.7533,4.8195,6.2752,-0.1215,-0.0430,-0.0446,-8.5928,-1.8148,2.4229,-0.0465,-0.0388,-0.0073
-2.8156,4.7070,6.4500,-0.0863,-0.0108,0.0203,-8.8059,-2.0806,2.6145,-0.0552,0.0276,-0.0289
-3.1053,4.7621,6.0525,-0.0727,-0.0165,0.0568,-8.6981,-1.7957,2.3511,-0.0380,-0.0159,-0.0308
-2.7916,4.8195,6.2249,-0.0553,0.0147,-0.0509,-8.6670,-1.8435,2.4804,0.0055,-0.0021,-0.0097
-2.8204,4.7669,5.9616,-0.0691,-0.0003,-0.0781,-8.7340,-2.2075,2.1069,-0.0699,0.0462,-0.0152
-3.1292,4.8123,5.9759,-0.0902,0.0330,-0.0482,-8.4803,-1.7286,2.0638,-0.0400,-0.0057,0.0009
-2.8850,4.8507,6.0142,-0.0685,-0.0430,-0.0156,-8.4946,-1.6568,2.0016,-0.0151,-0.0492,0.0272
-3.0071,4.8315,6.3087,-0.0885,-0.0374,0.0017,-8.6670,-1.9728,2.1931,-0.0450,0.0123,0.0033
-2.7174,4.8267,6.2058,-0.1014,0.0117,0.0048,-8.6263,-1.8411,2.2601,-0.0878,0.0306,0.0024
-3.0478,4.8243,6.0525,-0.0701,-0.0278,-0.0021,-8.6167,-1.6544,2.0710,-0.0217,-0.0376,-0.0604
-3.0933,4.8004,6.1220,-0.1053,0.0334,-0.0362,-8.7269,-1.9752,2.1093,-0.0436,0.0525,-0.0478
-2.9808,4.7381,6.1339,-0.0891,-0.0289,-0.0156,-8.6886,-2.0087,2.2458,-0.0421,0.0080,-0.0093
-3.0071,4.9488,6.1699,-0.0560,-0.0128,-0.0277,-8.6526,-1.9561,2.2625,-0.0023,0.0020,-0.0056
-2.8754,4.7836,6.0932,-0.0714,-0.0237,-0.0366,-8.4898,-1.8028,2.2577,-0.0281,0.0133,-0.0432
-3.0023,4.7190,6.2896,-0.1230,-0.0108,-0.0574,-8.7053,-1.9872,1.9776,-0.0833,0.0012,-0.0707
-2.9688,4.7740,6.4476,-0.0989,-0.0209,-0.0103,-8.7293,-2.0446,2.3846,-0.0532,-0.0245,0.0203
-2.8730,4.7453,6.3758,-0.0910,-0.0179,-0.0360,-8.5928,-2.0039,2.3918,-0.0320,-0.0301,-0.0095
-2.9113,4.7285,6.4428,-0.0518,0.0059,-0.0087,-8.5880,-1.9321,2.2673,-0.0529,0.0179,0.0095
-2.8587,4.7669,5.9711,-0.0510,-0.0065,-0.0254,-8.5712,-1.8651,2.1524,-0.0434,0.0361,0.0012
-2.9066,4.7070,5.9640,-0.0709,-0.0401,-0.0059,-8.5186,-1.6999,2.1237,-0.0472,-0.0218,-0.0199
-2.8826,4.7070,6.2896,-0.1027,-0.0397,-0.0113,-8.5928,-1.9680,2.2027,-0.0685,-0.0270,-0.0577
-2.9137,4.7956,6.2297,-0.1259,-0.0300,-0.0211,-8.5281,-1.9824,2.5379,-0.0769,-0.0312,-0.0831
-2.8802,4.6471,6.3183,-0.0925,-0.0334,-0.0592,-8.6383,-2.1955,2.4588,-0.0173,-0.0033,-0.0386
-2.9209,4.7285,6.4380,-0.0770,0.0023,-0.0276,-8.6024,-2.1811,2.3296,-0.0506,0.0365,-0.0281
-3.1580,4.7764,5.8083,-0.1088,-0.0217,0.0326,-8.5832,-1.8651,2.1045,-0.0597,-0.0238,0.0100
-2.8467,4.7836,6.2034,-0.0689,-0.0409,0.0075,-8.5569,-1.8387,2.2793,-0.0368,-0.0369,0.0027
-2.8826,4.7022,6.0621,-0.1108,-0.0092,-0.0305,-8.6239,-2.0494,2.3343,-0.0454,-0.0320,-0.0248
-2.8635,4.7597,6.1148,-0.0894,-0.0201,-0.0265,-8.5976,-1.8794,2.3080,-0.0336,-0.0099,-0.0273
-3.0071,4.5490,6.2537,-0.0822,-0.0107,-0.0228,-8.4252,-2.0686,2.1883,-0.0389,-0.0103,-0.0357
-2.8180,4.6136,6.2920,-0.1114,-0.0548,-0.0309,-8.6455,-2.1332,2.3439,-0.0674,-0.0238,-0.0678
-2.8826,4.6424,6.5242,-0.0923,-0.0366,-0.0087,-8.7676,-2.2458,2.4756,-0.0482,0.0139,-0.0514
-2.8922,4.6855,6.2824,-0.0505,-0.0100,-0.0060,-8.6072,-2.0662,2.5355,-0.0308,-0.0159,0.0284
-2.8132,4.6759,6.2824,-0.0584,-0.0169,-0.0131,-8.4611,-1.9082,2.3056,-0.0416,0.0139,-0.0141
-2.9712,4.6711,6.1986,-0.0737,0.0127,-0.0270,-8.5952,-2.0686,2.3559,-0.0301,0.0111,0.0129
-2.8922,4.6902,6.1316,-0.0782,-0.0009,-0.0242,-8.6790,-1.9465,2.1883,-0.0238,0.0073,0.0249
-2.7797,4.6519,6.2896,-0.1094,0.0060,-0.0282,-8.5712,-2.0949,2.2218,-0.0787,-0.0007,-0.0508
-2.7677,4.6280,6.5050,-0.0822,-0.0143,-0.0059,-8.6048,-2.1093,2.4708,-0.0454,-0.0015,0.0059
-2.7031,4.6280,6.4667,-0.0934,-0.0111,0.0185,-8.4420,-1.9920,2.2793,-0.0598,0.0203,-0.0136
-2.9497,4.6519,6.3782,-0.0779,0.0063,-0.0156,-8.7652,-2.2625,2.3727,-0.0260,0.0084,0.0381
-2.8563,4.7118,6.2082,-0.0505,0.0234,0.0133,-8.5401,-1.8603,2.2194,-0.0424,0.0257,0.0306
-3.0191,4.7166,5.7652,-0.0392,0.0107,-0.0111,-8.5832,-2.0135,2.4852,-0.0064,0.0412,-0.0059
-2.8970,4.6998,6.3710,-0.0702,0.0043,-0.0160,-8.6383,-2.0686,2.2577,-0.0489,0.0211,-0.0244
-3.0646,4.6687,6.0047,-0.0953,-0.0120,-0.0265,-8.6191,-2.0375,2.1572,-0.0123,-0.0013,0.0322
-2.9281,4.6615,6.1842,-0.0867,-0.0201,-0.0269,-8.6143,-2.2098,2.2865,-0.0297,-0.0140,-0.0104
-3.0143,4.6040,6.2441,-0.0695,0.0093,-0.0155,-8.6191,-2.0734,2.2745,-0.0329,-0.0020,-0.0011
-3.0239,4.6088,6.2752,-0.0959,-0.0273,-0.0143,-8.5641,-2.1811,2.2194,-0.0486,0.0149,-0.0136
-2.9353,4.7381,6.2968,-0.0751,-0.0278,0.0177,-8.5018,-1.9920,2.3822,-0.0330,-0.0057,0.0081
-2.7773,4.7525,6.3159,-0.0967,-0.0079,0.0033,-8.5473,-1.9441,2.1931,-0.0536,-0.0113,-0.0097
-2.8802,4.7070,6.1172,-0.0829,-0.0257,0.0131,-8.5760,-1.8986,2.1069,-0.0602,0.0003,0.0031
-2.7653,4.6950,6.3015,-0.1059,-0.0143,-0.0047,-8.5473,-2.0423,2.3176,-0.0513,-0.0108,-0.0308
-2.8491,4.6687,6.1962,-0.0879,-0.0325,-0.0152,-8.6095,-2.1045,2.2027,-0.0593,-0.0119,-0.0286
-3.1939,4.9632,6.5027,-0.0871,-0.0280,-0.0191,-8.6670,-2.3104,2.0590,-0.0410,-0.0167,-0.0246
-2.6384,4.6543,6.2896,-0.1124,0.0208,-0.0406,-8.3917,-2.1069,2.4397,-0.0713,0.0318,-0.0349
-2.8826,4.6878,6.2656,-0.0717,-0.0486,-0.0401,-8.5688,-2.1117,2.2553,-0.0213,-0.0208,-0.0418
-2.9664,4.5681,6.3207,-0.1002,-0.0107,-0.0497,-8.6814,-2.2434,2.2745,-0.0420,0.0225,-0.0333
-3.0143,4.6807,6.2465,-0.0673,-0.0216,-0.0045,-8.6024,-2.1691,2.4038,-0.0396,-0.0156,0.0055
-2.8347,4.6328,6.2776,-0.0424,-0.0232,0.0083,-8.4443,-2.0159,2.1356,-0.0464,-0.0183,-0.0155
-2.8994,4.7357,6.4189,-0.1331,-0.0434,-0.0165,-8.7101,-2.2434,2.2266,-0.0576,-0.0484,-0.0280
-2.7869,4.6735,6.3877,-0.0526,0.0021,-0.0141,-8.6095,-2.1572,2.4014,-0.0332,-0.0069,0.0107
-2.7174,4.6424,6.5050,-0.0675,0.0013,-0.0301,-8.5688,-2.1524,2.4469,-0.0454,0.0274,-0.0031
-2.9664,4.5226,6.2608,-0.1022,-0.0061,-0.0318,-8.5832,-2.2529,2.1069,-0.0818,0.0100,-0.0560
-2.9712,4.6591,6.2584,-0.0811,-0.0317,0.0096,-8.4491,-2.1428,2.2553,-0.0628,-0.0147,-0.0183
-2.8850,4.6256,6.1627,-0.0516,-0.0481,-0.0105,-8.5473,-2.2434,2.3918,-0.0195,-0.0215,0.0027
-2.8563,4.5705,6.3207,-0.0875,-0.0156,-0.0025,-8.5976,-2.2170,2.2625,-0.0576,-0.0071,-0.0215
-2.8443,4.6112,6.1962,-0.0865,-0.0172,-0.0068,-8.4851,-2.0351,2.2601,-0.0606,-0.0061,-0.0171
-2.5762,4.5490,6.4189,-0.0528,-0.0225,-0.0151,-8.5617,-2.1739,2.5187,-0.0171,0.0056,-0.0036
-3.0765,4.5921,6.2872,-0.0597,-0.0071,-0.0260,-8.4563,-2.1069,2.0925,-0.0168,0.0069,-0.0276
-2.8683,4.6136,6.3327,-0.0703,0.0233,-0.0055,-8.5832,-2.1380,2.1668,-0.0594,0.0480,-0.0077
-2.7270,4.6639,6.2824,-0.0657,-0.0218,-0.0136,-8.4515,-2.0806,2.3152,-0.0365,0.0011,0.0068
-2.9664,4.7022,6.2896,-0.0925,-0.0065,-0.0193,-8.5976,-2.2194,2.2841,-0.0532,-0.0027,-0.0414
-2.7845,4.6663,6.2824,-0.0501,-0.0205,0.0049,-8.6191,-2.2122,2.3080,-0.0328,0.0136,0.0003
-2.7150,4.5897,6.2393,-0.0644,-0.0081,-0.0040,-8.4036,-2.1213,2.4062,-0.0442,0.0011,0.0152
-2.9281,4.6136,6.2680,-0.0701,-0.0378,-0.0037,-8.5808,-2.2697,2.2553,-0.0260,-0.0063,0.0148
-2.9018,4.6136,6.1675,-0.1108,-0.0270,-0.0325,-8.5090,-2.2242,2.1476,-0.0605,-0.0141,-0.0625
-2.8970,4.5945,6.3446,-0.0695,-0.0108,-0.0049,-8.6000,-2.1835,2.2410,-0.0490,-0.0183,0.0031
-2.8132,4.6304,6.3734,-0.0699,0.0055,-0.0167,-8.5042,-2.2936,2.3846,-0.0322,0.0071,-0.0322
-3.0765,4.5921,6.3518,-0.0815,0.0020,-0.0234,-8.5473,-2.1931,2.1739,-0.0426,0.0449,-0.0324
-2.7414,4.5562,6.4452,-0.0640,-0.0065,0.0044,-8.5545,-2.3056,2.1524,-0.0496,0.0108,0.0181
-2.7581,4.6280,6.4165,-0.0513,0.0249,-0.0157,-8.4946,-2.1237,2.3703,-0.0473,0.0248,0.0137
-2.9018,4.6759,6.1866,-0.0745,0.0021,-0.0348,-8.4515,-1.9465,2.1835,-0.0412,0.0079,-0.0203
-2.8970,4.6040,6.3590,-0.0957,-0.0266,-0.0329,-8.5832,-2.3272,2.3152,-0.0472,-0.0288,-0.0156
-2.7222,4.6040,6.3686,-0.1011,0.0099,-0.0217,-8.5090,-2.2075,2.2984,-0.0550,-0.0301,-0.0009
-2.8036,4.5945,6.4141,-0.0942,-0.0060,-0.0177,-8.6048,-2.2913,2.3631,-0.0530,0.0112,-0.0312
-2.7485,4.5442,6.1962,-0.1332,-0.0546,-0.0354,-8.4611,-2.1811,2.1021,-0.0695,-0.0213,-0.0497
-2.8276,4.6495,6.3949,-0.0574,-0.0312,-0.0249,-8.6503,-2.2218,2.1500,-0.0274,0.0087,-0.0228
-2.7174,4.5993,6.5625,-0.0678,0.0203,-0.0123,-8.5521,-2.2769,2.3583,-0.0562,0.0525,-0.0129
-2.8730,4.6471,6.0885,-0.0822,-0.0242,-0.0229,-8.5114,-2.1548,2.0662,-0.0509,0.0132,-0.0205
-2.8347,4.5753,6.1052,-0.0734,-0.0274,0.0068,-8.4013,-2.0997,2.3152,-0.0357,-0.0116,-0.0121
-2.8084,4.5298,6.5266,-0.0854,-0.0233,-0.0265,-8.4515,-2.2841,2.3679,-0.0376,-0.0155,-0.0364
-2.9401,4.6064,6.2991,-0.0897,-0.0056,-0.0216,-8.5329,-2.2841,2.2434,-0.0321,0.0151,-0.0093
-2.9616,4.5083,6.2824,-0.0817,-0.0397,-0.0274,-8.5784,-2.5235,2.4948,-0.0269,-0.0292,-0.0043
-2.8323,4.6256,6.2584,-0.0871,0.0028,-0.0143,-8.7628,-2.4876,2.5211,-0.0472,0.0173,0.0258
-2.8539,4.6088,6.3159,-0.0614,-0.0095,-0.0473,-8.4420,-2.1620,2.2553,-0.0272,0.0320,-0.0414
-2.8635,4.6064,6.3758,-0.1011,0.0033,-0.0131,-8.5641,-2.3487,2.2649,-0.0650,0.0157,-0.0425
-2.8228,4.5586,6.4117,-0.0955,-0.0332,0.0075,-8.4851,-2.3727,2.4541,-0.0469,-0.0180,0.0125
-2.8108,4.5538,6.4212,-0.0831,0.0119,-0.0211,-8.6239,-2.4493,2.4541,-0.0446,0.0424,0.0039
-2.7533,4.6088,6.0621,-0.0789,-0.0458,-0.0694,-8.4228,-2.3343,2.3798,-0.0127,-0.0192,-0.0609
-2.5259,5.0781,7.5106,0.0329,-0.1903,-0.0253,-9.3350,-2.5666,3.1364,0.1672,0.1271,-0.0230
-2.3559,5.6024,6.9145,0.4739,-0.6390,-0.1804,-9.0501,-1.6592,3.9097,0.7528,-0.2165,0.2172
-2.2410,5.4109,6.1699,0.3623,0.3175,-0.2254,-8.8059,-1.4605,3.1196,0.1416,0.5104,0.1224
-3.3016,5.5138,5.7557,0.5244,0.1496,-0.2819,-9.1387,-1.3815,1.5131,0.3685,0.4331,0.1984
-3.8978,5.7988,4.8339,0.0774,0.3103,-0.3886,-9.1746,-0.9313,0.7877,-0.0055,0.5357,-0.1615
-3.3926,5.3941,5.4995,-0.1486,0.2122,-0.3477,-8.9687,-1.4389,1.5012,-0.1088,0.3885,-0.3420
-3.3160,5.3175,6.0406,-0.1327,0.2129,-0.3846,-8.8825,-1.7933,1.8914,-0.0093,0.3271,-0.2826
-3.2705,5.0542,5.5330,-0.0341,0.0650,-0.4333,-8.7364,-1.8555,1.2546,0.1214,0.3020,-0.3369
-3.3351,4.7381,5.0925,-0.0850,-0.0698,-0.3860,-8.3965,-1.8268,0.9649,0.1250,0.1812,-0.2952
-4.0677,4.6471,4.9704,-0.1808,0.0961,-0.3467,-8.5281,-2.1284,0.2179,0.0099,0.1931,-0.3407
-3.5817,4.3622,5.4636,-0.2529,-0.1535,-0.3015,-8.3941,-2.2913,1.0870,0.0813,0.0112,-0.3524
-3.3255,4.5274,5.9376,-0.2781,-0.2826,-0.2134,-8.5090,-2.4062,1.9058,0.1194,-0.1431,-0.2823
-3.4716,4.4652,6.4907,-0.2557,-0.1294,-0.3493,-8.7963,-2.9161,2.1548,0.0973,0.0197,-0.3232
-3.2417,4.2665,6.4883,-0.2296,-0.1359,-0.3496,-8.7053,-3.0574,2.3679,0.0950,0.0629,-0.3397
-3.8762,4.0630,6.1268,-0.1430,0.0191,-0.4298,-8.5569,-3.1915,1.8004,0.0701,0.2018,-0.3046
-3.9097,3.6871,6.5505,-0.0953,0.1537,-0.4177,-8.6024,-3.7206,1.5706,0.0504,0.2868,-0.2847
-4.5610,3.6296,6.2369,-0.0468,0.0665,-0.3698,-8.4515,-3.6224,0.8188,0.1174,0.2322,-0.2491
-4.4580,3.6009,5.9496,-0.0759,-0.0260,-0.3000,-8.5952,-3.6559,0.8787,0.0806,0.1641,-0.2282
-4.1970,3.5961,5.8035,-0.1307,-0.0153,-0.2382,-8.2791,-3.3064,0.8452,0.0276,0.1232,-0.2132
-4.0510,3.3591,6.1555,-0.1928,-0.0136,-0.2742,-8.2600,-3.7565,1.1396,0.0087,0.1351,-0.2454
-4.2976,3.3088,6.0478,-0.0775,-0.0504,-0.2458,-8.2600,-3.7230,0.9170,0.0618,0.0926,-0.1844
-4.1132,3.1675,6.0717,-0.0129,-0.0718,-0.1556,-8.2169,-3.9073,0.8068,0.1011,0.0493,-0.0448
-4.4604,3.2394,6.0478,-0.0490,-0.0424,-0.0993,-8.3246,-3.9241,0.8475,0.0318,0.0124,-0.0598
-4.3622,3.2705,6.0837,-0.0123,-0.0396,-0.0759,-8.4324,-3.8834,0.7135,0.0297,0.0312,-0.0100
-4.4963,3.3758,5.8419,-0.0749,-0.0181,-0.0420,-8.5377,-3.9744,0.9290,-0.0440,0.0171,-0.0473
-4.7884,3.5003,5.7628,-0.0589,-0.0464,-0.0345,-8.5952,-3.7445,0.7805,0.0181,-0.0342,0.0020
-4.7764,3.6057,6.1220,-0.0765,0.0092,0.0172,-8.5736,-3.7014,0.7685,-0.0620,-0.0272,-0.0012
-4.2808,3.7996,6.2944,-0.0669,0.0052,0.0117,-8.7317,-3.4141,1.0630,-0.0568,0.0310,0.0228
-4.2162,3.9121,6.2776,-0.0951,-0.0155,-0.0048,-8.9567,-3.5434,1.1181,-0.0652,0.0390,0.0261
-4.2808,3.8355,6.1172,-0.0217,-0.0053,-0.0625,-8.8035,-3.4213,1.0894,-0.0181,0.0285,-0.0119
-4.2760,3.8930,5.8299,-0.0060,0.0731,-0.1230,-8.7125,-3.4524,1.0032,-0.0207,0.1196,-0.0458
-4.3910,3.8499,5.9065,-0.0111,0.0386,-0.1467,-8.8250,-3.4093,0.7877,0.0277,0.1399,-0.0498
-4.3694,3.8140,5.9400,0.0195,0.0140,-0.1700,-8.7795,-3.5650,0.9888,0.0597,0.1454,-0.0678
-4.4388,3.7661,5.8371,-0.0345,0.0260,-0.2048,-8.5952,-3.3734,0.8021,0.0405,0.1700,-0.1422
-4.4580,3.6919,5.6886,-0.0147,0.0003,-0.2485,-8.5473,-3.3926,0.6895,0.0981,0.1342,-0.0946
-4.9129,3.7182,6.4284,0.0124,0.0325,-0.3018,-9.0477,-4.0342,0.7973,0.1214,0.2261,-0.1208
-4.5945,3.7565,6.0908,0.2635,-0.0585,-0.1680,-8.7700,-3.6248,0.9242,0.2550,0.1953,0.0954
-4.5107,3.8738,5.6336,0.2822,-0.0994,-0.2353,-8.6215,-3.1196,0.5650,0.3103,0.2110,0.0694
-4.8387,3.8978,4.9728,0.1799,-0.1300,-0.3992,-8.6646,-3.0789,0.3687,0.3259,0.2076,-0.1339
-4.6735,3.6105,5.4444,-0.0024,-0.0574,-0.3941,-8.5305,-3.4165,0.2729,0.2189,0.2178,-0.2306
-4.8890,3.5410,5.5522,0.0398,-0.2192,-0.3924,-8.5377,-3.6296,0.3735,0.3283,0.1058,-0.2012
-4.8890,3.3136,5.9400,0.0023,-0.1062,-0.4281,-8.6694,-4.1348,0.4980,0.2422,0.2030,-0.2289
-4.6639,3.2705,5.4995,0.0718,-0.1961,-0.4072,-8.3031,-3.6512,0.3903,0.3240,0.1532,-0.1997
-4.8363,3.2633,6.1244,0.0637,-0.1204,-0.3529,-8.5162,-3.9696,0.6009,0.2851,0.1861,-0.1796
-5.0230,3.1053,5.4755,0.0028,0.0036,-0.3609,-8.3390,-4.0175,0.1484,0.0954,0.2751,-0.2232
-5.1643,2.8898,6.2273,-0.0657,0.0946,-0.3556,-8.5688,-4.6280,0.2825,0.0600,0.2899,-0.2318
-5.4899,2.5786,6.1794,0.0468,-0.0278,-0.3766,-8.4228,-4.8483,-0.0192,0.2120,0.2254,-0.1703
-5.2936,2.5929,5.5545,-0.0047,-0.0345,-0.2773,-8.2744,-4.6136,-0.1508,0.0982,0.1988,-0.1415
-5.6503,2.6121,5.9472,-0.0350,0.0826,-0.1925,-8.5210,-4.8937,-0.2083,0.0218,0.1895,-0.0847
-5.5450,2.5905,5.8083,-0.0213,0.0120,-0.1183,-8.4252,-4.9823,-0.2466,0.0204,0.1128,-0.0176
-5.6527,2.4517,5.6743,-0.0218,-0.0021,-0.0782,-8.3797,-4.8195,-0.2658,-0.0068,0.0705,-0.0076
-5.3606,2.4229,5.4396,-0.0584,-0.0123,0.0099,-8.2025,-4.5203,-0.2825,-0.0336,0.0012,0.0097
-5.3127,2.5666,5.8275,-0.0822,0.0225,0.0385,-8.2576,-4.6352,-0.2251,-0.1174,-0.0163,0.0492
-5.5857,2.7366,5.8634,-0.1115,0.1183,0.0890,-8.6000,-4.6687,-0.4932,-0.2272,0.0346,0.0230
-5.7820,2.4780,5.7461,-0.2399,0.1978,0.1507,-8.3582,-4.8578,-0.5100,-0.3589,0.0036,0.0201
-5.7844,2.3966,5.8658,-0.3613,0.5661,0.3247,-8.5880,-5.2218,-0.3089,-0.7037,0.0842,0.0979
-5.5115,2.7078,5.6527,-0.1808,0.0589,0.3797,-8.3294,-4.4365,-0.3424,-0.3559,-0.2304,0.2261
-5.5186,3.2274,5.6024,-0.2016,0.1095,0.4120,-8.8466,-4.3958,-0.3065,-0.4317,-0.1688,0.2302
-5.4420,3.2441,5.2912,-0.1736,0.1522,0.3445,-8.4994,-3.9504,-0.3711,-0.4133,-0.1059,0.1889
-5.4492,3.4022,5.7604,-0.1955,0.3336,0.2875,-8.9112,-3.9840,-0.3519,-0.5013,0.0533,0.1263
-5.3103,3.3064,5.4013,-0.2377,0.1724,0.2972,-8.6215,-3.8331,-0.3591,-0.4394,-0.0474,0.1017
-5.2888,3.1819,5.4468,-0.2499,0.1881,0.3320,-8.5281,-3.9720,-0.3759,-0.4664,-0.1033,0.1172
-5.8586,3.7326,5.3295,-0.2053,0.3055,0.2410,-9.1626,-3.9576,-0.4884,-0.4493,0.0103,0.1136
-5.6240,3.7493,5.3295,-0.1651,0.2935,0.2489,-9.0597,-3.7350,-0.6488,-0.3960,0.0534,0.1155
-5.2026,3.6679,4.8483,-0.1383,0.1287,0.2230,-8.5880,-3.4429,-0.3807,-0.2948,-0.0389,0.1347
-5.6886,3.4620,4.6208,-0.2264,0.2434,0.1510,-8.5808,-3.7038,-0.9409,-0.4033,0.0438,0.0185
-6.0214,3.6488,5.0111,-0.1508,0.1777,0.1639,-8.8992,-3.8523,-0.8930,-0.3175,-0.0461,0.0903
-6.1890,3.5219,5.0709,-0.1657,0.2121,0.2944,-8.9256,-3.9935,-1.0056,-0.3585,-0.1123,0.1875
-6.1914,3.9025,4.8171,-0.1013,0.0950,0.3155,-9.1099,-3.7062,-1.0247,-0.2762,-0.1278,0.2230
-5.8395,3.9097,4.6304,-0.1148,-0.0442,0.3192,-9.0022,-3.4572,-1.1756,-0.2121,-0.2000,0.1440
-4.9799,3.6248,4.9512,-0.0565,-0.2270,0.2709,-8.4922,-3.4381,-0.1867,0.0373,-0.2806,0.1828
-6.0023,3.7350,3.9456,-0.0152,-0.6539,0.1340,-8.4946,-2.9329,-1.6448,0.2950,-0.5147,0.0316
-5.2409,4.0175,4.7884,-0.4537,-0.1190,0.3459,-8.7747,-3.0023,-0.5076,-0.3373,-0.3565,-0.0497
-5.2050,3.9672,5.6575,-0.3758,-0.0203,0.3192,-8.9878,-3.6344,0.1891,-0.3588,-0.3304,0.0047
-4.9895,4.1970,5.9113,-0.3075,-0.0230,0.3529,-9.1219,-3.5506,0.4190,-0.3445,-0.2928,0.0737
-4.9799,4.3814,5.5641,-0.1948,0.0096,0.3008,-9.2512,-3.4764,0.5507,-0.2691,-0.2300,0.1180
-4.5729,4.3766,5.6431,-0.1418,0.0528,0.2415,-9.0597,-2.9951,0.6129,-0.2467,-0.1303,0.1062
-4.6735,4.2545,5.5067,-0.1506,0.0542,0.1939,-8.8490,-3.0861,0.3184,-0.2341,-0.0777,0.0789
-4.6615,4.1228,5.4253,-0.1077,0.0008,0.1464,-8.7939,-3.0981,0.3376,-0.1560,-0.1600,0.0941
-5.0111,4.2952,5.8203,-0.1026,0.0939,0.1644,-9.1243,-3.3854,0.4836,-0.1945,-0.0380,0.1022
-4.9967,4.5729,5.8155,-0.0902,0.0509,0.1398,-9.0046,-3.1005,0.6345,-0.1791,-0.0585,0.1110
-4.6352,4.6256,5.4803,0.0019,0.0448,0.1251,-9.0237,-2.8371,0.3136,-0.1010,-0.0048,0.1492
-4.5370,4.9608,5.3750,-0.0354,0.0955,0.0139,-9.3565,-2.6456,0.1748,-0.1030,0.0995,0.0525
-4.4077,4.9656,5.2146,-0.0270,-0.0402,-0.0429,-9.1219,-2.1668,0.2969,-0.0055,0.1005,-0.0212
-3.9049,5.1427,4.9919,-0.0334,-0.2902,-0.0845,-9.2751,-2.1452,0.3807,0.1406,0.0586,-0.0328
-4.3479,4.6040,5.1715,0.0773,-0.0189,-0.3078,-8.8035,-2.6001,0.3807,0.2196,0.1572,-0.1014
-4.8363,4.3191,5.0853,0.0729,0.0481,-0.3452,-8.9256,-2.9736,-0.0431,0.1784,0.1927,-0.1041
-5.3606,4.2760,5.0254,0.0272,0.0095,-0.3651,-8.9902,-3.2848,-0.2729,0.1811,0.1835,-0.1752
-5.2816,4.5466,5.5857,0.0233,-0.0670,-0.3710,-9.4523,-3.2992,-0.0455,0.2419,0.1439,-0.1808
-5.2553,4.4676,5.2672,-0.0770,0.0373,-0.3862,-9.1195,-3.0742,-0.1269,0.0737,0.2160,-0.2599
-4.9105,4.0414,5.0159,-0.1600,0.0825,-0.5725,-8.9280,-3.3375,-0.4022,0.0077,0.2158,-0.2847
-5.2625,3.5865,4.9129,-0.1828,0.0586,-0.4982,-8.4348,-3.4309,-0.5483,0.0366,0.3260,-0.4327
-5.3175,3.4381,5.4540,-0.1108,0.0456,-0.5303,-8.5473,-3.8068,-0.4405,0.1835,0.2730,-0.3974
-5.5905,3.0981,5.6072,0.0228,-0.0592,-0.5183,-8.4898,-4.2760,-0.5148,0.3584,0.2032,-0.3083
-5.5186,2.8347,5.2648,-0.0461,-0.3187,-0.4139,-8.4060,-4.4508,-0.5650,0.3106,0.1240,-0.3333
-6.0190,2.7007,6.0525,-0.0454,-0.2005,-0.4009,-8.8992,-5.3486,-0.2753,0.2983,0.1462,-0.2706
-5.6455,2.6288,5.6575,0.0885,-0.1988,-0.3569,-8.5353,-4.7860,-0.4788,0.3016,0.1514,-0.1659
-5.7772,2.6815,5.7389,0.0509,-0.1054,-0.3082,-8.5688,-4.7980,-0.3017,0.2395,0.1483,-0.1135
-5.7964,2.8012,5.9065,0.1088,-0.0269,-0.3273,-8.5593,-4.8076,-0.4477,0.2341,0.2360,-0.1302
-6.2297,2.4828,5.9711,-0.0412,0.2533,-0.2711,-8.7963,-5.4396,-0.7039,-0.0663,0.4125,-0.1250
-5.8658,2.7581,5.9544,0.2185,-0.0203,-0.1496,-8.7532,-4.9823,-0.5411,0.2258,0.1597,0.1152
-5.5426,2.5091,4.7956,0.1688,-0.1308,-0.1506,-7.9057,-4.3838,-0.5435,0.1901,0.1073,0.0683
-5.8945,2.4995,5.1547,0.1491,-0.1026,-0.1407,-8.0972,-4.5514,-1.0032,0.1973,0.0252,0.0683
-5.6479,1.9321,4.5586,0.0013,0.0350,-0.1255,-7.5441,-4.7980,-1.0750,0.0209,0.1108,-0.0308
-6.3662,2.4349,4.9153,-0.0501,-0.0959,-0.0677,-8.2025,-4.7166,-1.5682,0.0436,-0.0723,-0.0092
-6.0741,2.2769,5.5522,-0.1423,-0.0770,0.0745,-8.1786,-5.0326,-0.9984,-0.1017,-0.1050,-0.0498
-5.6623,2.3320,5.7700,-0.1845,0.0036,0.1359,-8.4994,-5.1427,-0.4501,-0.2076,-0.0847,0.0147
-5.9352,2.4373,6.0071,-0.1548,0.0464,0.1955,-8.5521,-5.3103,-0.3926,-0.2487,-0.0839,0.0994
-5.7485,2.6264,5.4636,-0.1406,0.0362,0.2066,-8.3701,-4.6807,-0.7638,-0.2618,-0.1127,0.1142
-5.6695,2.8012,5.5186,-0.0762,0.1569,0.2001,-8.4204,-4.5921,-0.5531,-0.2611,-0.0302,0.1692
-5.7030,2.8635,5.5569,-0.1584,0.1190,0.2337,-8.6550,-4.5897,-0.8739,-0.3022,0.0477,0.1022
-5.9041,2.9928,4.9632,-0.1978,0.0404,0.2618,-8.2983,-4.0869,-0.8164,-0.3168,-0.1324,0.1399
-5.9903,3.1077,5.3295,-0.1450,0.2626,0.2265,-8.6886,-4.5250,-0.7374,-0.3509,-0.0381,0.1336
-6.1411,3.5386,5.0589,-0.1272,0.1263,0.3079,-8.9280,-4.1300,-0.8428,-0.3063,-0.1660,0.2098
-5.6360,3.2537,4.8530,-0.2010,0.1900,0.2321,-8.5832,-3.8714,-0.9697,-0.3734,-0.0152,0.0777
-5.8945,3.3447,4.8626,-0.1613,0.0978,0.2739,-8.7221,-4.0630,-1.0391,-0.3329,-0.1156,0.1315
-6.0669,3.5099,4.8052,-0.1563,0.1250,0.2132,-8.8873,-4.0247,-0.8619,-0.2904,-0.0749,0.1009
-6.1651,3.4931,4.6160,-0.2453,0.0670,0.2230,-8.6239,-3.6775,-1.0151,-0.2831,-0.1671,0.0698
-5.8059,3.5745,5.2792,-0.1587,-0.1596,0.1545,-9.0094,-4.0438,-0.5363,-0.1058,-0.2503,0.0544
-6.0406,3.7852,4.6687,-0.1295,-0.0850,0.0937,-9.1674,-4.0247,-1.0104,-0.0683,-0.1372,0.0362
-5.4181,3.4189,5.2577,-0.0730,0.1127,0.1434,-8.5569,-3.7134,-0.6321,-0.1753,-0.0023,0.0695
-5.9233,3.8379,4.7740,-0.1214,0.0445,0.1920,-9.1028,-3.7781,-0.8930,-0.1835,-0.0450,0.0826
-5.6503,3.5769,4.6783,-0.2009,0.0529,0.1725,-8.7221,-3.7828,-0.8811,-0.2474,-0.1031,0.0297
-5.9400,3.6416,4.9009,-0.3020,0.0504,0.1490,-8.8921,-3.7541,-1.2186,-0.2923,-0.1787,-0.0641
-5.9879,3.7086,5.3941,-0.2601,0.0945,0.1503,-9.2057,-4.1683,-0.8188,-0.2805,-0.1186,-0.0544
-5.4468,3.6440,5.3870,-0.2595,-0.0254,0.2054,-8.8514,-3.8427,-0.5962,-0.2639,-0.1255,-0.0147
-5.4420,3.7757,5.3678,-0.1772,-0.0771,0.2388,-8.8514,-3.6823,-0.6512,-0.1871,-0.1695,0.0870
-5.4660,3.7517,5.4372,-0.1095,0.0306,0.1884,-8.9232,-3.9169,-0.4717,-0.1663,-0.0610,0.1172
-5.2672,3.5889,5.2098,-0.0593,-0.0254,0.1506,-8.7364,-3.8978,-0.4693,-0.1222,-0.0738,0.1065
-5.6168,3.6033,5.0901,-0.0986,0.0432,0.1081,-8.9376,-3.8618,-1.1301,-0.1816,-0.0087,0.0312
-5.5258,3.9145,5.2218,-0.0957,-0.0794,0.2486,-9.0549,-3.6009,-0.6009,-0.1616,-0.1366,0.1263
-5.2625,3.8355,5.3510,-0.0521,-0.0171,0.1613,-8.8322,-3.6512,-0.4621,-0.1235,-0.1102,0.1407
-5.2696,3.7709,5.1571,-0.1211,0.0397,0.1494,-8.9088,-3.6703,-0.5698,-0.2020,-0.0666,0.0537
-5.0637,3.7445,5.0805,-0.1472,-0.0133,0.1896,-8.6119,-3.6033,-0.4573,-0.2042,-0.1295,0.0674
-5.4013,4.0797,5.2361,-0.1031,-0.0001,0.1523,-8.9663,-3.5147,-0.4764,-0.1636,-0.1310,0.0746
-4.9895,3.9265,5.4492,-0.1523,0.0143,0.1888,-8.7939,-3.5889,-0.1820,-0.2226,-0.0743,0.0670
-4.8866,3.9816,5.4708,-0.1290,-0.0183,0.1515,-8.7939,-3.5458,-0.2538,-0.1605,-0.0759,0.1029
-5.0039,3.8642,5.2050,-0.0957,0.0083,0.0846,-8.6694,-3.4836,-0.2682,-0.1515,0.0083,0.0226
-5.4085,4.1396,5.4157,-0.0665,0.0674,0.1050,-9.0740,-3.5291,-0.3639,-0.1612,-0.0080,0.1071
-5.0063,4.0055,5.2002,-0.0478,0.0128,0.0691,-8.7795,-3.3351,-0.0168,-0.0789,-0.0175,0.0899
-5.0566,4.2521,5.6695,-0.0179,-0.0172,0.0745,-9.0501,-3.5099,-0.1006,-0.0121,0.0088,0.0923
-5.2002,4.5250,5.3798,0.1323,-0.2546,-0.0538,-9.3948,-3.3998,-0.4788,0.2473,-0.0533,0.1015
-4.8746,4.3431,5.9041,0.1207,-0.1226,0.0168,-9.1746,-3.4093,0.2753,0.1623,0.0181,0.1188
-5.1332,4.5035,5.8706,0.5853,-0.7905,-0.2064,-9.2871,-3.3830,0.0886,0.9629,-0.2966,0.2655
-4.6855,4.7022,5.0087,0.4394,-0.3166,-0.1747,-9.0405,-2.3679,-0.1149,0.5113,0.0346,0.2164
-4.7836,4.8722,5.0230,0.4458,-0.5257,-0.2038,-9.1051,-2.6671,0.1341,0.6145,-0.0183,0.1880
-4.6208,4.8985,5.4947,0.3419,-0.2987,-0.2721,-9.3422,-2.8515,0.5219,0.5204,0.0758,0.0634
-4.5538,5.0757,5.2936,0.5124,-0.3336,-0.2074,-9.3996,-2.7126,0.4812,0.5792,0.1384,0.1623
-4.5011,5.1691,5.6623,0.8569,-0.9979,-0.1939,-9.5696,-3.0287,0.8595,1.3274,-0.0270,0.2346
-4.3551,5.5593,5.0853,1.1016,-0.7373,-0.5371,-9.2775,-2.0614,0.3089,1.3308,0.1318,0.4390
-3.8571,5.7006,5.1475,1.1727,-0.8388,-0.6237,-9.4044,-1.8268,0.6297,1.6028,0.1238,0.3491
-3.6248,6.1004,4.6855,0.7581,-0.7815,-0.6095,-9.1698,-1.1037,0.6273,1.3014,0.1893,0.1005
-4.3934,6.3853,3.0837,0.7921,-0.6138,-0.5413,-9.1099,-0.4932,-0.2729,0.9601,0.3357,0.1565
-3.1029,6.1675,5.5617,0.5175,-0.4549,-0.6575,-9.2033,-0.7518,0.8308,1.0163,0.1907,-0.0172
-4.3790,6.7157,3.1651,0.6238,-0.2868,-0.5137,-9.3613,-0.2394,-0.4812,0.7104,0.5454,0.0433
-4.4819,6.6894,3.9696,0.8026,-0.7338,-0.7115,-9.6510,-0.6728,-0.2107,1.1907,0.2342,0.0494
-4.1611,6.5529,3.7589,0.6903,-0.2586,-0.6667,-9.2823,-0.1101,-0.8332,0.9301,0.4084,0.0850
-4.7022,6.6918,2.5618,0.5654,-0.3612,-0.5977,-9.3111,-0.0575,-1.0798,0.8279,0.3242,-0.0004
-4.1252,6.5003,3.9097,0.6057,-0.3777,-0.6606,-9.3781,-0.2466,-0.4453,1.0308,0.2966,-0.0290
-5.1595,6.6990,2.1332,0.5806,-0.5304,-0.4890,-9.3637,0.1413,-1.2570,0.8493,0.2858,0.0558
-4.9201,6.8857,2.1404,0.4694,-0.4205,-0.5119,-9.4906,0.2059,-1.3934,0.7165,0.1564,-0.0196
-5.2361,6.9145,2.6001,0.2730,-0.0565,-0.3481,-9.6869,-0.0622,-1.0774,0.3289,0.2521,0.0338
-5.0829,6.7780,3.1867,0.5399,-0.2842,-0.5172,-9.7755,-0.1484,-1.1708,0.7997,0.1402,0.0193
-5.2936,6.7469,2.7988,0.4698,-0.1978,-0.4503,-9.5816,-0.1556,-1.5036,0.6675,0.3258,0.0406
-5.4875,6.7086,1.9345,0.4411,-0.4286,-0.4377,-9.5505,0.1053,-2.0135,0.6936,0.1905,-0.0284
-5.4253,6.6942,2.0231,0.3929,-0.2266,-0.3072,-9.5720,0.1317,-2.0423,0.5415,0.2362,0.0589
-4.8147,6.6200,3.0406,0.2201,-0.2667,-0.2525,-9.6031,-0.1891,-1.2067,0.4632,0.1210,0.0136
-5.5498,6.6367,2.0255,0.5648,-0.5509,-0.3256,-9.5648,-0.0096,-2.0734,0.8512,-0.0077,0.1168
-5.3774,6.7325,1.8435,0.3541,-0.2741,-0.1865,-9.3637,0.3496,-2.3511,0.4980,0.1046,0.1723
-5.6360,6.9001,1.9776,0.3242,-0.2815,-0.1692,-9.6654,0.4669,-2.0853,0.5323,0.0378,0.1104
-5.3295,6.9983,2.0423,0.2212,-0.2134,-0.2172,-9.5624,0.6105,-1.9010,0.4234,0.0825,0.0040
-5.3151,6.7516,2.0016,0.3259,-0.3547,-0.2769,-9.4020,0.4717,-1.9896,0.5576,0.0557,0.0164
-5.8059,6.8019,1.7430,0.1656,-0.2128,-0.1659,-9.6726,0.3448,-2.6145,0.3180,0.1087,-0.0077
-5.6527,6.9528,2.1883,0.2726,-0.2701,-0.1545,-9.7516,0.3065,-1.9561,0.4209,0.0477,0.0885
-5.2720,7.1204,1.7023,0.0969,-0.1440,-0.0886,-9.5768,0.5052,-1.6520,0.1804,0.0478,0.1038
-5.3103,7.0629,1.9992,0.2638,-0.2546,-0.1703,-9.7061,0.4501,-1.8962,0.4318,-0.0123,0.1047
-4.6639,6.8546,2.1141,0.1957,-0.1805,-0.1776,-9.4020,0.5124,-1.2450,0.3223,0.1107,0.0305
-5.5881,6.9767,1.1396,0.2940,-0.1915,-0.1964,-9.5050,0.7015,-2.6719,0.3260,0.1232,0.1027
-6.2776,7.1395,1.4748,0.1656,0.0302,-0.1508,-9.7779,0.3136,-2.3320,0.2970,0.1243,0.0549
-5.5450,6.9983,1.0319,0.1130,-0.1182,-0.1010,-9.6247,0.6800,-2.8299,0.1763,0.0711,0.0697
-5.7269,7.0940,1.2522,-0.0167,-0.0578,-0.0484,-9.7205,0.6153,-2.6576,0.0245,0.0774,0.0113
-5.8682,6.9576,1.2713,-0.0084,-0.0442,-0.0250,-9.5840,0.5459,-2.8730,0.0171,0.0285,0.0301
-6.0430,6.9025,0.7781,-0.1410,0.1001,0.1227,-9.4858,0.6847,-3.3279,-0.2293,-0.0324,0.0662
-6.5697,7.0797,-0.2418,-0.5156,0.3560,0.3856,-9.5648,1.0319,-4.4556,-0.8151,-0.0757,0.0349
-6.0717,6.8929,1.2570,-0.9634,0.7144,0.6674,-9.5816,0.5578,-3.2681,-1.3897,-0.1912,-0.0314
-5.4803,6.8761,1.7454,-0.9879,0.3942,0.6407,-9.6438,0.3807,-2.0614,-1.1806,-0.3774,-0.0305
-5.3510,6.8738,1.9249,-0.7550,0.1793,0.5801,-9.3254,0.5459,-2.0399,-0.8436,-0.4735,-0.0734
-5.3391,6.6224,1.8507,-0.8804,0.1711,0.7073,-9.3661,0.0718,-1.8866,-0.9591,-0.5868,-0.0159
-4.9033,7.0222,1.5993,-0.9006,0.1579,0.8516,-9.1506,0.8140,-1.8004,-1.1379,-0.6829,0.0088
-4.2808,6.9767,3.6009,-0.9826,0.5456,0.7681,-9.5433,0.0718,-0.2442,-1.2015,-0.3941,-0.0598
-4.5897,7.2449,1.4748,-0.9755,0.1382,0.8609,-9.1650,1.0343,-1.3001,-1.2473,-0.5560,-0.0011
-3.8954,6.7900,2.4756,-1.3840,0.9142,0.9475,-8.8083,1.0080,-0.5818,-1.8127,-0.3997,-0.0540
-3.7541,7.0006,2.8778,-1.5504,0.5236,0.9966,-9.3350,0.3352,-0.3496,-1.8486,-0.5280,-0.2188
-3.3950,6.3734,4.4341,-1.7280,0.9549,0.6955,-8.6838,-0.0335,0.3711,-2.1202,-0.3168,-0.4386
-2.8994,5.3008,5.8514,-1.7079,1.5299,0.4495,-8.7532,-1.3479,1.3671,-2.5255,0.2649,-0.4206
-4.2856,4.8028,5.0709,-1.6828,1.1375,0.4763,-8.5928,-1.6616,0.7518,-2.2043,-0.1287,0.2025
-4.4221,4.4796,6.2728,-1.7092,0.7308,0.1856,-9.7324,-2.6528,0.2514,-1.9937,0.3874,-0.1463
-4.7046,3.8068,5.4827,-1.6070,1.0267,-0.5197,-9.1866,-2.0207,0.2993,-2.0250,0.3335,0.5733
-4.9105,3.2082,5.6216,-1.5099,0.8323,-0.4349,-10.3477,-2.2697,0.2418,-1.8005,0.1079,0.7506
-5.7293,2.7438,6.3303,-1.4514,0.5588,-0.4020,-10.0317,-1.8842,0.2586,-1.5364,0.3437,0.6384
-4.9728,2.0782,6.6367,-1.2107,0.3774,-0.5120,-9.6893,-1.5802,0.2107,-1.0730,-0.1640,0.7654
-6.3638,1.5179,6.2441,-0.8322,-0.0397,-0.3928,-8.5976,-0.2035,-0.9505,-0.8489,-0.5694,0.3872
-5.9592,1.0846,6.3805,-0.4680,0.1402,-0.4122,-9.3661,-1.0702,1.0582,-0.6964,0.0624,0.0402
-5.6360,1.0846,6.3805,-0.5865,-0.3471,-0.3940,-9.5098,-0.3448,-0.6440,-0.3912,-0.3202,0.2430
-6.9288,0.6416,6.3710,-0.5818,-0.0590,-0.1703,-8.6479,-0.3687,0.8787,-0.3372,-0.3175,0.4762
-5.3606,0.5411,6.1938,-0.7434,-0.9082,-0.2872,-9.0261,0.4429,-1.2785,-0.4128,-0.1948,0.7137
-6.1220,0.6416,6.2608,-0.7210,-0.5630,-0.2252,-10.3094,-0.8260,1.7861,-0.3615,-0.3325,0.5283
-6.0358,0.3328,6.7205,-0.7165,-0.4843,0.6668,-9.4475,0.6297,-0.1341,-0.1531,0.0457,-0.2843
-5.3486,0.2298,8.2911,-0.0005,-0.2121,0.9465,-9.1339,-0.0886,0.2969,0.7871,0.3381,-1.4907
-2.3248,0.5004,7.3526,0.7735,-0.3476,1.2095,-8.6550,-1.4724,0.8954,0.8124,-0.9697,-1.6228
-6.1124,2.2218,6.0047,0.6767,0.0229,1.0357,-9.5409,-1.4198,-1.0989,0.5312,-0.0041,-1.5543
-4.7956,2.4062,5.9592,0.8773,1.0214,0.7268,-8.7436,-2.5618,0.9936,0.6408,1.2331,-1.1824
-2.6145,2.5905,6.6008,0.6624,-0.2370,0.9208,-9.3853,-3.2010,1.6041,0.8076,-0.3536,-0.6507
-4.8387,3.6057,5.6240,0.6010,-0.2731,0.5596,-9.2464,-2.9377,-0.3256,0.4628,0.3652,-0.5411
-4.6232,4.0079,6.4260,0.6043,0.2451,0.3906,-8.7005,-3.0598,0.3136,0.2779,0.2786,-0.0135
-3.4764,4.1468,5.5881,0.2842,-0.1539,0.5762,-9.0142,-3.2609,0.2777,0.0773,-0.4690,0.1166
-3.3423,4.3718,5.5881,0.2024,-0.1085,0.4120,-9.0333,-2.8683,0.0072,-0.0838,0.2050,0.0156
-4.5514,4.7309,5.3223,-0.0067,0.0625,0.4038,-8.6933,-3.3926,1.0367,-0.1347,-0.3500,0.0084
-3.9241,4.8028,5.7221,-0.0060,0.1672,0.1716,-8.4515,-3.3591,1.1540,-0.2783,-0.0458,-0.0620
-4.1420,5.2481,5.5593,-0.0645,-0.0766,-0.1196,-18.5503,0.1532,69.7144,0.0000,0.0000,0.0000
-3.6224,5.1451,5.5665,-0.0582,-0.1131,-0.0344,-18.5503,0.1532,69.7144,0.0000,0.0000,0.0000
-4.0965,5.1667,5.4995,-0.0416,0.0151,-0.1540,-18.5503,0.1532,69.7144,0.0000,0.0000,0.0000
-3.4022,4.8554,5.6216,-0.0770,-0.0341,-0.1100,-18.5503,0.1532,69.7144,0.0000,0.0000,0.0000
-4.2258,5.1356,5.4851,-0.0907,-0.0075,-0.1423,-18.5503,0.1532,69.7144,0.0000,0.0000,0.0000
-3.8092,4.8842,5.3486,-0.0432,-0.0433,-0.1502,-18.5503,0.1532,69.7144,0.0000,0.0000,0.0000
-3.9121,4.7980,5.6743,-0.0648,0.0120,-0.1909,-18.5503,0.1532,69.7144,0.0000,0.0000,0.0000
-4.2521,4.6711,5.1475,-0.1290,0.0811,-0.1877,-18.5503,0.1532,69.7144,0.0000,0.0000,0.0000
-4.3551,4.4436,5.6647,-0.1463,-0.0362,-0.1581,-18.5503,0.1532,69.7144,0.0000,0.0000,0.0000
-4.4700,4.4891,5.6527,-0.1119,0.0361,-0.1808,-18.5503,0.1532,69.7144,0.0000,0.0000,0.0000
-4.5945,4.5753,5.6240,-0.1071,0.0248,-0.1616,-18.5503,0.1532,69.7144,0.0000,0.0000,0.0000
-4.4867,4.5490,5.5162,-0.0428,-0.0710,-0.1156,-18.5503,0.1532,69.7144,0.0000,0.0000,0.0000
-4.9488,4.3910,5.5450,-0.0669,0.0172,-0.1745,-18.5503,0.1532,69.7144,0.0000,0.0000,0.0000
-4.2760,4.4556,5.4157,-0.0332,-0.0722,-0.1130,-18.5503,0.1532,69.7144,0.0000,0.0000,0.0000
-4.4388,4.3862,5.5426,-0.0409,-0.0981,-0.1251,-18.5503,0.1532,69.7144,0.0000,0.0000,0.0000
-4.6495,4.3263,5.5952,-0.0565,0.0096,-0.1139,-18.5503,0.1532,69.7144,0.0000,0.0000,0.0000
-4.8123,4.4269,5.3870,-0.0501,-0.0601,-0.0520,-18.5503,0.1532,69.7144,0.0000,0.0000,0.0000
-4.5729,4.3742,5.8419,-0.0229,-0.0537,-0.0505,-18.5503,0.1532,69.7144,0.0000,0.0000,0.0000
-4.3718,4.3359,5.6096,-0.0230,0.0156,-0.0562,-18.5503,0.1532,69.7144,0.0000,0.0000,0.0000
-4.4939,4.4460,5.3486,-0.0478,-0.0108,-0.0642,-18.5503,0.1532,69.7144,0.0000,0.0000,0.0000
-4.5298,4.4149,5.4109,-0.0711,0.0565,-0.1234,-18.5503,0.1532,69.7144,0.0000,0.0000,0.0000
-4.3551,4.1875,5.3678,-0.1023,-0.0650,-0.0750,-18.5503,0.1532,69.7144,0.0000,0.0000,0.0000
-4.8052,3.6009,5.3678,-0.0855,0.0075,-0.0097,-18.5503,0.1532,69.7144,0.0000,0.0000,0.0000
-4.9297,4.2138,4.6280,-0.0662,-0.1007,0.0353,-18.5503,0.1532,69.7144,0.0000,0.0000,0.0000
-4.6759,4.3431,5.7844,-0.2679,-0.0169,0.0421,-18.5503,0.1532,69.7144,0.0000,0.0000,0.0000
-4.9201,4.4317,6.0669,-0.2257,-0.0502,0.0557,-18.5503,0.1532,69.7144,0.0000,0.0000,0.0000
-4.5657,4.3958,6.4739,-0.0779,-0.0634,0.0461,-18.5503,0.1532,69.7144,0.0000,0.0000,0.0000
-4.4867,4.3024,6.2489,-0.0301,-0.0109,0.0265,-18.5503,0.1532,69.7144,0.0000,0.0000,0.0000
-4.3862,4.0175,5.8371,-0.0161,-0.0765,0.0185,-18.5503,0.1532,69.7144,0.0000,0.0000,0.0000
-4.5873,4.1468,5.6647,0.0301,0.0341,0.0529,-18.5503,0.1532,69.7144,0.0000,0.0000,0.0000
-4.6974,4.3191,5.7796,0.0037,0.0228,0.0490,-18.5503,0.1532,69.7144,0.0000,0.0000,0.0000
-4.3335,4.1084,5.9807,-0.0115,-0.0971,0.1184,-18.5503,0.1532,69.7144,0.0000,0.0000,0.0000
-4.6448,4.4365,5.6407,0.0441,-0.0763,0.0312,-18.5503,0.1532,69.7144,0.0000,0.0000,0.0000
-4.4963,4.5179,5.6910,-0.0120,0.0833,0.1026,-18.5503,0.1532,69.7144,0.0000,0.0000,0.0000
-4.5011,4.3191,4.9991,0.0943,-0.3641,0.0633,-18.5503,0.1532,69.7144,0.0000,0.0000,0.0000
-4.4819,4.5226,5.2553,-0.0528,0.0021,0.0464,-18.5503,0.1532,69.7144,0.0000,0.0000,0.0000
-4.4484,4.7956,5.6024,-0.0869,-0.0862,0.0801,-18.5503,0.1532,69.7144,0.0000,0.0000,0.0000
-3.7804,4.9009,5.2792,-0.1025,-0.1276,0.1364,-18.5503,0.1532,69.7144,0.0000,0.0000,0.0000
-3.9241,4.8315,5.9831,-0.0557,-0.1248,0.0959,-18.5503,0.1532,69.7144,0.0000,0.0000,0.0000
-3.7517,4.9392,5.5282,-0.0087,-0.0533,0.1335,-18.5503,0.1532,69.7144,0.0000,0.0000,0.0000
-3.6895,5.0637,5.7389,-0.0285,0.0406,0.0165,-18.5503,0.1532,69.7144,0.0000,0.0000,0.0000
-3.7158,4.9464,6.0190,-0.0469,0.1226,-0.0329,-18.5503,0.1532,69.7144,0.0000,0.0000,0.0000
-3.6799,4.8435,5.6623,-0.0272,-0.0847,-0.0714,-18.5503,0.1532,69.7144,0.0000,0.0000,0.0000
-4.1084,4.9057,5.6479,-0.0669,0.1119,-0.0710,-18.5503,0.1532,69.7144,0.0000,0.0000,0.0000
-4.3934,5.0111,5.6958,-0.0970,0.1171,-0.0923,-18.5503,0.1532,69.7144,0.0000,0.0000,0.0000
-4.1946,4.8530,5.6383,0.0093,0.0041,0.0376,-18.5503,0.1532,69.7144,0.0000,0.0000,0.0000
-4.3694,4.8961,5.2289,0.0165,-0.0667,-0.0258,-8.8107,-3.3567,-0.1389,0.0316,-0.0179,0.0663
-4.1061,5.0996,5.6240,0.0389,0.0580,0.0076,-9.0573,-3.4429,0.0790,-0.0328,0.0781,0.1057
-4.1731,5.0757,5.0973,0.0180,-0.0424,0.0011,-8.6239,-3.0718,0.3160,0.0414,0.0016,0.0608
-3.6583,5.0159,5.1978,-0.0246,0.0226,0.0037,-8.5880,-2.9449,0.2035,-0.0577,0.0256,0.0686
-4.0749,5.2529,5.3343,0.0218,-0.0169,-0.0494,-9.0644,-3.2968,0.0096,-0.0109,0.0628,0.0187
-3.7828,4.9943,5.3606,-0.0360,0.0667,-0.0520,-8.6957,-3.0981,0.2251,-0.0843,0.0994,0.0040
-4.1132,5.0470,5.1236,-0.1046,0.1235,-0.0326,-8.7125,-2.9425,-0.1628,-0.1474,0.1009,-0.0360
-4.1156,5.0159,5.4516,-0.1202,0.0366,-0.0233,-8.9615,-3.3758,0.0144,-0.1134,0.0288,-0.0261
-4.2114,5.1667,5.1858,-0.0678,-0.0036,0.0048,-8.9615,-3.2394,-0.1317,-0.0903,-0.0001,0.0000
-4.2306,5.1236,5.2361,-0.0509,0.0462,-0.0020,-9.0070,-3.1651,0.0862,-0.0530,0.0337,0.0199
-4.1731,4.9871,5.3079,-0.0791,0.0711,0.0149,-8.8346,-3.2920,-0.0958,-0.1222,0.0600,-0.0180
-4.3910,5.1116,5.0374,-0.0783,0.0204,0.0075,-8.8777,-3.1244,-0.2251,-0.0746,0.0047,-0.0091
-3.8906,5.3726,5.1404,0.0048,-0.0942,0.0257,-8.9208,-2.6504,-0.0527,0.0361,-0.0337,0.0249
-3.9696,5.5498,5.0494,-0.0695,-0.0386,-0.1244,-9.1913,-2.6384,-0.0263,0.0177,0.0425,-0.1051
-4.2234,5.5210,4.3431,-0.1747,-0.0095,-0.2423,-8.9519,-2.3750,-0.6823,-0.0065,0.0895,-0.2225
-4.2497,5.3223,5.2912,-0.2132,0.0707,-0.2891,-9.2057,-3.4716,0.1245,-0.0001,0.0842,-0.2658
-4.3072,4.9895,5.0135,-0.1659,-0.0985,-0.2731,-9.0333,-3.5961,-0.3472,0.0620,0.0942,-0.2487
-4.2353,4.6735,4.9057,-0.3144,0.1136,-0.2515,-8.5042,-3.3902,-0.2274,-0.1323,0.1617,-0.3199
-4.4748,4.7453,5.6982,-0.1198,-0.2028,-0.3244,-8.8442,-3.9720,-0.0215,0.2434,0.0300,-0.2767
-4.2952,4.6232,5.3056,-0.2017,-0.1039,-0.3539,-8.7436,-3.7613,0.4262,0.1395,0.0570,-0.3030
-4.0534,4.4317,5.8610,-0.1912,-0.0665,-0.4198,-8.7197,-3.9169,0.2921,0.1242,0.1503,-0.3497
-4.6926,4.2952,5.4612,-0.2072,0.0322,-0.4702,-8.6263,-4.1707,-0.2777,0.0489,0.2330,-0.3957
-4.5298,3.9672,5.4636,-0.2462,0.1267,-0.4443,-8.3007,-4.2114,-0.2610,-0.0532,0.2898,-0.3934
-5.2194,3.7254,5.7197,-0.2818,0.2958,-0.4647,-8.5593,-5.0733,-0.4669,-0.1903,0.3479,-0.3874
-5.2457,3.4309,5.5498,-0.2410,0.1821,-0.3984,-8.2145,-5.0230,-0.9697,-0.1194,0.2779,-0.3806
-5.6503,3.1771,5.6862,-0.0899,-0.0185,-0.3182,-8.2384,-5.4708,-0.9673,0.0762,0.1651,-0.2056
-5.4612,2.9736,5.4516,-0.1636,0.1339,-0.2018,-7.9033,-5.2888,-1.0630,-0.0906,0.2038,-0.1707
-5.7796,2.9042,6.0238,0.0242,-0.1440,-0.0421,-8.1403,-5.7892,-0.7326,0.0901,0.0012,0.0349
-5.4612,3.1005,5.4803,0.1183,-0.1763,-0.0330,-7.9272,-4.9536,-0.9577,0.1877,-0.0408,0.0927
-5.2146,3.3160,5.5857,0.0766,-0.0886,0.0028,-8.1547,-4.9704,-0.8068,0.1054,0.0035,0.1196
-5.2098,3.5051,5.1811,0.0217,-0.0446,-0.0819,-8.2480,-4.8052,-0.8739,0.0530,0.0654,0.0184
-5.0398,3.4548,5.5234,-0.0480,-0.0898,-0.1160,-8.1068,-4.8028,-0.7422,0.0787,0.0289,-0.0405
-5.2265,3.1915,5.6575,-0.0446,-0.0131,-0.0847,-8.1403,-5.1140,-0.6584,0.0218,0.0773,-0.0513
-5.4731,3.3543,5.6072,-0.0818,0.0028,-0.1062,-8.3079,-5.2385,-0.8499,-0.0425,0.1126,-0.1051
-5.2912,3.1316,5.5809,-0.0440,-0.0846,-0.1038,-7.9847,-5.1116,-0.5746,0.0464,0.0140,-0.0397
-5.2816,3.1005,5.7293,-0.0983,-0.0280,-0.0141,-8.0230,-5.2146,-0.8428,-0.0313,0.0045,0.0035
-5.5809,3.1819,5.5234,-0.0714,-0.0325,-0.0012,-8.1882,-5.3893,-1.1325,-0.0640,0.0129,-0.0151
-5.4061,3.0550,5.4109,-0.0989,-0.0191,-0.0386,-8.0206,-5.1116,-1.0702,-0.0550,-0.0081,-0.0409
-5.5857,3.1101,5.9496,-0.0741,0.0490,0.0706,-8.3151,-5.5593,-0.9122,-0.1403,0.0033,0.0330
-5.3917,3.3447,5.5689,-0.0989,0.0133,0.0673,-8.3246,-5.2074,-0.6919,-0.1372,-0.0217,0.0328
-5.1499,3.3351,5.6048,-0.0332,0.0140,0.0561,-8.3414,-5.1404,-0.4788,-0.0830,0.0092,0.0638
-5.0518,3.1891,5.5929,-0.1057,0.1537,0.0825,-8.0110,-4.9584,-0.6728,-0.2230,0.0477,0.0107
-5.4061,3.3232,5.0996,-0.0781,0.0963,0.0636,-8.0349,-5.1619,-0.8763,-0.1832,0.0052,0.0524
-5.3917,3.0765,5.1811,-0.1082,0.0558,0.1543,-7.6926,-5.0422,-0.9266,-0.1853,-0.0775,0.0636
-5.6264,3.6057,4.8602,-0.0799,0.1322,0.0827,-8.4276,-4.8650,-1.4844,-0.2226,0.0159,0.0168
-5.4516,3.3878,5.2672,-0.1768,0.1519,0.1424,-8.1451,-4.7908,-1.2594,-0.2771,0.0294,-0.0055
-5.8610,3.6129,5.5929,-0.2349,0.0582,0.1841,-8.5808,-5.4037,-1.1013,-0.3024,-0.1444,0.0420
-5.5545,3.9025,5.7293,-0.1219,0.0481,0.1812,-8.7771,-4.9680,-1.1277,-0.2077,-0.1144,0.1160
-5.1140,3.5817,5.7054,-0.0717,-0.0139,0.2718,-8.2528,-4.8411,-0.7422,-0.2032,-0.1163,0.1435
-5.4205,3.8595,5.2098,-0.0449,0.0494,0.2164,-8.4898,-4.7836,-0.8787,-0.1855,-0.0998,0.2018
-5.0518,3.7685,5.1332,0.0047,0.0929,0.1510,-8.3390,-4.4604,-0.9361,-0.1727,-0.0092,0.1525
-5.5282,3.9456,5.5450,-0.0402,0.0930,0.2577,-8.5401,-4.8171,-0.9098,-0.2181,-0.0747,0.2142
-5.1930,4.0366,5.1499,0.0810,0.0195,0.1788,-8.4898,-4.4484,-0.8595,-0.0729,-0.0280,0.2088
-5.0182,4.2090,4.9321,0.0895,-0.1170,0.2002,-8.3845,-4.1156,-0.9122,-0.0033,-0.0994,0.2237
-5.3151,4.3120,4.6064,0.0027,-0.1338,0.2084,-8.3438,-3.9720,-1.0870,-0.0506,-0.1106,0.1961
-5.0159,4.5705,5.5115,0.0168,0.0268,0.1350,-8.9040,-4.1539,-0.7781,-0.0364,-0.0276,0.1631
-4.7645,4.0630,5.0901,0.0546,-0.1215,0.1364,-8.3294,-4.1851,-0.6847,0.0526,-0.0879,0.1715
-4.9129,4.1731,5.1523,0.0770,-0.2157,0.0192,-8.4707,-4.1396,-0.8667,0.1949,-0.0504,0.1315
-4.7788,4.2976,4.9608,0.0657,-0.1709,0.1045,-8.5042,-4.0270,-0.5938,0.0969,-0.0489,0.1374
-4.6807,4.6376,5.2529,0.0532,-0.3315,0.0502,-8.8250,-3.9456,-0.7733,0.2356,-0.1779,0.0869
-4.6328,4.9344,5.0422,0.0691,-0.2982,0.0618,-8.8442,-3.4477,-0.8212,0.1899,-0.1585,0.1262
-4.6471,5.1595,4.9704,-0.0063,-0.2090,0.0185,-9.1171,-3.5219,-0.1532,0.1375,-0.1326,0.0673
-4.3886,4.8315,4.9775,-0.0833,-0.1154,-0.0899,-8.7269,-3.4453,-0.3998,0.0374,-0.0047,-0.0909
-4.4508,4.9560,5.3008,-0.0815,0.0053,0.0183,-8.8969,-3.6152,-0.1676,-0.0725,-0.0253,0.0309
-4.7573,5.0589,5.3654,-0.0496,0.0541,-0.0464,-9.1961,-3.9361,-0.2729,-0.0485,0.0781,0.0133
-4.6232,5.0446,5.2648,0.0140,0.0250,-0.0671,-9.2081,-3.7110,-0.3591,-0.0171,0.1096,0.0039
-4.7597,5.0781,4.9632,-0.0003,0.0372,-0.0930,-9.0453,-3.6033,-0.7254,-0.0159,0.1266,0.0076
-5.1332,5.2289,5.1739,-0.0745,0.0638,-0.0950,-9.3134,-3.7158,-0.7207,-0.0693,0.1005,-0.0408
-4.9440,5.2361,4.9704,-0.0241,0.0093,-0.1256,-9.0644,-3.3830,-0.6919,0.0277,0.0699,-0.0482
-4.6304,5.0398,4.8650,-0.0498,0.0807,-0.1704,-8.7987,-3.3758,-0.8811,-0.0257,0.1665,-0.1224
-4.7692,4.8483,4.5322,-0.1284,0.0557,-0.2236,-8.6239,-3.4692,-1.0942,-0.0394,0.1460,-0.1728
-4.8818,4.8507,4.8411,-0.1520,0.1283,-0.2004,-8.8226,-3.5769,-0.9098,-0.0536,0.1019,-0.1478
-5.0925,4.8985,5.1739,-0.1446,0.1567,-0.2228,-9.0166,-3.9337,-1.0271,-0.0537,0.2060,-0.1966
-5.4492,4.7262,4.6424,-0.0048,-0.0822,-0.1402,-8.6742,-3.9121,-1.0918,0.1506,0.0129,0.0064
-4.5250,4.3670,5.1140,-0.1054,0.1312,-0.2506,-8.5617,-3.9552,-0.5507,-0.0392,0.2272,-0.1863
-4.9536,4.3814,5.0661,-0.0191,-0.0143,-0.3339,-8.6718,-4.2808,-0.5818,0.1599,0.1094,-0.1330
-5.1236,4.1707,4.8746,-0.1092,-0.0608,-0.2649,-8.4851,-4.2377,-0.7733,0.1514,0.0838,-0.1615
-5.2720,4.3958,5.1739,-0.0794,-0.1171,-0.3156,-8.7388,-4.3383,-0.9744,0.1539,0.1190,-0.2385
-5.1739,3.9002,5.5569,-0.2362,0.0990,-0.3227,-8.5832,-4.9799,-0.5794,-0.0120,0.1649,-0.2982
-5.8586,3.8283,4.2042,-0.2244,0.0751,-0.2614,-8.1810,-4.4341,-1.7262,-0.0855,0.0994,-0.3078
-5.8969,3.7421,4.2880,-0.4702,0.4482,-0.2357,-8.3486,-4.5155,-2.5474,-0.5265,0.3333,-0.4171
-5.8371,3.2777,5.9089,-0.2547,0.0300,-0.1805,-8.3558,-5.6862,-0.9242,0.0120,-0.0605,-0.2142
-5.5186,3.1268,5.5665,-0.1519,-0.3074,-0.1155,-8.0158,-5.4564,-0.9026,0.1434,-0.1015,-0.1569
-5.4755,2.8946,5.7772,-0.1819,-0.0978,-0.1884,-7.9416,-5.8059,-0.9625,0.0137,0.0572,-0.2121
-5.5354,2.6815,5.7581,-0.0687,-0.1732,-0.1474,-7.5824,-5.6000,-0.8356,0.1436,-0.0301,-0.0857
-5.8730,2.7461,5.7102,-0.0754,0.0125,-0.0769,-7.9727,-6.2776,-0.8571,-0.0549,0.0529,-0.0365
-5.7078,2.6121,5.7988,0.0218,0.0183,-0.1085,-7.8697,-6.1076,-1.0367,0.0602,0.0923,-0.0029
-5.6623,2.5809,4.8770,-0.0218,0.0298,-0.0143,-7.5681,-5.7030,-1.2426,-0.0809,0.0742,0.0060
-6.0573,2.3703,5.3223,-0.1395,0.0157,0.0576,-7.3334,-5.8658,-1.5754,-0.1440,-0.0570,-0.0336
-6.1148,3.0765,5.1834,-0.0831,-0.0898,0.1969,-8.1283,-5.7461,-1.4126,-0.1090,-0.1911,0.0967
-5.6383,2.9473,5.7389,-0.0889,-0.0392,0.2210,-8.0278,-5.7269,-0.9074,-0.1075,-0.1651,0.1243
-5.4181,3.2274,5.7245,0.0418,-0.1568,0.2447,-8.0661,-5.4899,-0.6728,0.0068,-0.1707,0.2340
-5.6264,3.3112,5.4277,-0.0429,-0.0253,0.1884,-8.0900,-5.5498,-0.7709,-0.1110,-0.1215,0.1873
-5.7126,3.4333,5.8323,0.0725,0.0013,0.1896,-8.4276,-5.6671,-0.8571,-0.0457,-0.0678,0.2232
-4.9321,3.3255,5.6264,0.1107,-0.0802,0.2222,-7.9272,-5.0949,-0.7230,-0.0345,-0.0147,0.2538
-5.6024,3.6679,5.2265,0.0770,-0.1470,0.2312,-8.2121,-4.8746,-0.8236,-0.0125,-0.1422,0.2701
-5.4229,4.2665,5.5713,0.0353,0.1793,0.0801,-9.1051,-5.0087,-0.7949,-0.1432,0.1234,0.1134
-4.8602,4.3958,5.3056,0.0822,0.0512,0.0663,-8.8202,-4.1731,-0.9553,0.0081,0.0723,0.1244
-4.7980,4.0725,4.9943,-0.0417,-0.1998,0.1154,-8.1475,-4.0869,-0.7494,0.0169,-0.1399,0.1406
-4.9440,3.8762,4.9249,-0.0500,-0.1843,0.0456,-7.9464,-4.3934,-0.6416,0.0749,-0.1792,0.0765
-5.6958,4.6687,5.3079,-0.0590,-0.0032,0.0821,-9.1866,-4.8890,-0.9457,-0.0849,-0.0665,0.0621
-4.5107,3.9696,5.3510,0.0172,-0.1176,0.0492,-8.1786,-4.3215,-0.3974,0.0604,-0.0180,0.0979
-4.9368,4.1420,5.4037,0.0498,-0.1078,0.0624,-8.5281,-4.7118,-0.2849,0.0432,-0.0357,0.1581
-4.9608,4.6519,5.8227,0.2282,-0.2511,-0.0408,-9.0597,-4.4867,-0.4932,0.3208,-0.0160,0.1883
-4.3455,4.9799,5.0925,0.2976,-0.4353,-0.1836,-8.7771,-3.3351,-0.4597,0.6010,-0.0422,0.1162
-3.5219,4.4580,5.1404,0.2072,-0.5417,-0.4856,-8.1427,-3.1915,0.1676,0.7139,0.0895,-0.1010
-4.7525,4.5346,5.3774,0.1772,-0.2386,-0.3756,-8.8514,-4.5203,-0.7853,0.4072,0.1712,-0.0341
-4.4915,3.8810,5.1954,0.1336,-0.2860,-0.2817,-7.9655,-4.2713,-0.4094,0.3714,0.1015,-0.0322
-5.2265,4.6687,5.8083,0.1507,-0.0849,-0.1841,-9.2632,-4.8315,-0.4741,0.2008,0.1724,0.0594
-4.2856,4.1061,5.7772,0.1459,0.0152,0.0116,-8.3725,-4.4915,0.1772,0.0200,0.1529,0.1839
-5.2170,4.8339,5.8778,0.5963,-0.8104,-0.2466,-9.2751,-4.7740,-0.3807,0.9498,-0.1134,0.2702
-3.7804,4.4532,5.7341,0.2789,-0.1749,-0.0031,-8.2983,-3.7804,0.2945,0.3705,0.1326,0.2478
-5.1212,5.9089,5.3223,0.5857,-0.8319,-0.1784,-9.8450,-3.7828,-0.1317,0.9030,-0.1045,0.3238
-3.7900,5.3319,5.0206,0.3732,0.0016,-0.0690,-8.7053,-2.7677,0.2514,0.2479,0.2304,0.2447
-3.9073,5.6240,4.9488,0.3212,-0.1808,-0.1672,-8.9759,-2.8491,-0.1915,0.3211,0.1981,0.1524
-3.7852,5.4995,5.4444,0.2674,-0.1556,-0.0817,-9.0644,-3.1939,0.6560,0.3166,0.1438,0.2028
-3.9887,6.1196,5.6431,0.5869,-0.5889,-0.3644,-9.6462,-3.1053,0.4405,0.8543,0.1128,0.1937
-3.4907,5.8012,4.9009,0.5889,-0.4089,-0.2920,-8.8992,-2.3703,0.4262,0.7549,0.2831,0.2360
-3.6272,6.1962,4.8866,0.6246,-0.5664,-0.4317,-9.4020,-2.5690,0.5243,0.8795,0.2578,0.2164
-3.2034,6.1866,4.9847,0.4795,-0.3504,-0.4442,-9.1243,-1.9585,0.5986,0.7290,0.3826,0.1328
-4.1468,6.4500,4.0318,0.6867,-0.6981,-0.5706,-9.3206,-1.9561,-0.3160,1.0006,0.2882,0.1192
-3.6655,6.2896,4.5250,0.3641,-0.2112,-0.5065,-9.1411,-1.8794,-0.1460,0.5404,0.4022,-0.0542
-3.6919,6.5146,3.9600,0.4608,-0.3505,-0.5770,-9.1171,-1.4940,-0.3711,0.6907,0.3782,-0.0446
-4.1372,6.3758,2.6384,-0.0831,0.3649,-0.4848,-8.9040,-1.1923,-1.0558,-0.2280,0.5501,-0.2679
-4.3838,6.1459,4.7956,-0.1187,0.2531,-0.5597,-9.4475,-2.6384,-0.6129,0.0189,0.4370,-0.3656
-4.7860,5.9496,3.7781,-0.0857,0.4017,-0.4399,-9.1746,-2.3942,-1.2761,-0.2244,0.5135,-0.2615
-4.8674,5.6599,4.1013,-0.0922,0.1931,-0.3672,-9.0764,-2.5857,-1.2139,-0.0493,0.3328,-0.2530
-5.4612,5.7221,4.1204,0.1733,-0.2562,-0.4680,-9.2632,-2.9209,-1.6017,0.4574,0.2467,-0.1082
-5.1667,5.5354,4.0654,0.1915,-0.2718,-0.4834,-9.1770,-3.0933,-1.4557,0.5305,0.2559,-0.1537
-4.8794,5.4444,4.0151,0.2473,-0.4049,-0.4602,-8.8729,-2.6911,-1.6544,0.6209,0.1747,-0.0465
-5.4684,5.6312,3.9935,0.2427,-0.5776,-0.4698,-9.4092,-3.2346,-1.5251,0.6651,0.0953,-0.0897
-5.3654,5.5210,2.3846,-0.0693,0.1406,-0.0829,-8.6526,-1.9872,-2.8611,-0.2483,0.1939,-0.0538
-5.4564,5.9568,3.4979,-0.3575,0.5372,-0.3367,-9.4571,-3.2872,-1.9058,-0.4746,0.1689,-0.0947
-5.6048,5.3582,3.5291,-0.2445,0.3480,-0.0111,-9.0836,-2.8970,-2.3966,-0.3343,0.0288,-0.0938
-6.4069,5.3223,2.5857,-0.6911,0.0413,0.6247,-9.0692,-3.3040,-2.8371,-0.8268,-0.5115,-0.0346
-6.0789,5.2553,2.5139,-0.5949,0.3224,0.9077,-8.5449,-2.7126,-2.6624,-0.9963,-0.5529,0.1371
-5.0877,5.2696,3.0861,-1.3582,0.8026,1.0596,-8.4252,-2.5714,-2.1308,-1.8217,-0.6595,-0.1539
-5.4660,5.2744,4.2066,-1.3875,1.1025,1.0681,-9.0285,-3.5530,-1.5323,-2.0071,-0.6703,-0.2065
-4.6304,4.9704,5.1619,-1.3835,0.7981,0.9333,-8.8633,-3.6847,-0.4884,-1.6208,-0.8123,-0.2725
-4.6304,5.1523,4.4891,-1.4261,0.8276,0.8159,-8.5114,-3.2705,-0.7111,-1.6411,-0.7261,-0.3528
-4.9656,5.0853,3.7182,-1.4999,0.8480,0.7382,-8.6718,-3.3710,-1.1181,-1.8660,-0.5604,-0.5761
-4.6424,5.0518,5.9376,-1.4513,1.1383,0.4255,-9.0046,-3.9935,0.2322,-1.7216,-0.2625,-0.6488
-5.6671,4.3551,4.5681,-1.5183,1.2710,0.3830,-8.7652,-4.6208,-1.6592,-1.9259,-0.1082,-0.7525
-5.4995,3.4500,5.6575,-1.4622,1.1779,0.1398,-8.1858,-5.2385,-1.4341,-1.6595,-0.0492,-0.8235
-5.7844,2.7318,5.6312,-1.1616,0.6119,-0.0097,-7.6207,-6.1316,-0.6823,-0.9898,-0.2336,-0.6941
-6.3231,2.5187,4.6064,-0.9473,0.4343,0.0727,-7.4555,-5.9209,-2.8467,-0.8540,-0.2481,-0.4683
-6.6535,2.5355,5.1044,-0.9205,0.5371,0.0767,-7.6375,-6.4284,-2.1596,-0.8480,-0.1290,-0.4808
-6.6272,2.2242,4.4245,-0.7737,0.4527,0.1819,-7.3095,-6.0908,-2.6480,-0.8047,-0.2338,-0.3071
-6.2560,2.2266,5.2289,-0.7157,0.0365,0.0707,-7.2927,-6.3710,-1.6712,-0.3667,-0.3832,-0.3830
-6.2153,2.1261,4.8291,-0.5737,0.0625,0.1308,-7.0820,-6.0501,-2.2913,-0.3718,-0.2759,-0.2064
-6.1962,1.7310,4.4604,-0.7144,0.2595,0.0610,-6.9264,-6.2034,-2.3248,-0.6194,-0.1312,-0.4407
-6.4452,1.8675,5.9352,-0.7518,0.3714,0.0512,-7.4915,-7.2449,-1.5419,-0.5869,-0.2236,-0.3912
-6.2848,1.5850,5.5498,-0.4550,-0.0167,-0.0293,-7.2185,-7.0078,-1.5395,-0.2018,-0.1863,-0.2785
-6.7181,1.7430,4.9560,-0.3877,0.1304,0.0333,-7.1467,-6.7588,-2.3798,-0.2935,-0.0935,-0.2241
-6.2848,1.4940,5.6240,-0.4422,0.0498,-0.0296,-7.0270,-6.9743,-1.6161,-0.2605,-0.0887,-0.2654
-7.1802,1.4820,4.8578,-0.2093,0.0894,-0.1258,-7.0797,-7.0797,-2.6863,-0.1399,-0.0051,-0.1685
-7.5944,1.4485,4.8961,-0.1520,0.2281,-0.0045,-6.9935,-7.1874,-2.3990,-0.1958,-0.0654,-0.0117
-6.9576,1.5036,4.6160,-0.1789,0.0646,0.0777,-7.0533,-6.8570,-3.0598,-0.1821,0.0312,-0.0329
-6.2800,0.9601,5.0206,-0.1731,-0.0215,0.0544,-6.5290,-6.8857,-2.1859,-0.1160,-0.0604,0.0236
-7.2592,1.3072,4.5825,-0.1454,-0.0843,0.2506,-6.7900,-6.8953,-2.9928,-0.2089,-0.1705,0.0974
-7.0174,1.2546,5.9041,-0.0534,0.0334,0.0782,-7.2832,-7.8458,-2.0494,-0.0282,-0.1713,0.1712
-7.0366,1.2617,4.3120,0.1334,-0.1283,0.0317,-6.6367,-6.5529,-3.0287,0.1537,-0.0570,0.1335
-6.8235,1.2785,5.2361,0.1151,-0.0092,-0.1543,-6.9623,-7.1132,-2.4277,0.1463,0.1715,0.0264
-7.3239,1.1444,4.5274,0.1236,-0.1813,-0.0281,-6.7157,-7.0030,-3.1771,0.1376,0.0432,0.0959
-7.4364,1.2043,4.5107,0.0442,-0.0645,-0.0576,-6.8139,-7.1635,-3.2633,0.0397,-0.0128,0.0970
-6.8929,1.0199,4.8674,-0.0091,0.0610,0.0071,-6.5577,-7.1228,-2.7892,-0.0442,0.0958,0.0540
-7.4124,1.3551,4.9273,0.0751,-0.1664,0.0769,-7.0150,-7.2449,-2.8395,0.0938,-0.0837,0.1851
-6.7397,1.3503,4.5203,0.1179,-0.1314,-0.0606,-6.6487,-6.2441,-2.7078,0.0994,0.1152,0.0173
-6.7038,1.7549,5.2241,0.0501,-0.1022,-0.0430,-7.1587,-6.9073,-2.6288,0.0921,0.0498,0.1135
-6.9073,1.5778,5.5976,0.1937,-0.2399,0.1364,-7.3861,-7.6471,-2.2170,0.1945,-0.0714,0.2883
-6.8307,1.8818,5.9424,0.4954,-0.3341,0.0588,-7.4508,-7.0653,-2.2075,0.4874,0.0060,0.4541
-6.5218,2.0830,4.7597,0.4394,-0.5323,0.1831,-7.1539,-6.3614,-1.9537,0.4186,-0.1463,0.5177
-6.7780,2.6815,5.7916,0.5227,-0.2204,0.0238,-7.9990,-6.7157,-1.7119,0.5039,0.0573,0.3665
-5.9592,2.2122,4.0893,0.5732,-0.6472,0.2048,-6.9815,-5.5952,-2.3607,0.4547,-0.0494,0.5919
-6.5170,2.9856,5.2768,0.3984,0.1096,0.0337,-8.1594,-6.0334,-1.9034,0.1447,0.2353,0.3624
-6.1339,3.0957,5.5330,0.6815,-0.3051,0.0624,-8.1906,-5.9400,-1.7549,0.5441,0.2210,0.5139
-5.7988,3.1556,4.9177,0.5205,-0.4382,0.1591,-7.9679,-5.4779,-1.8890,0.3407,0.1222,0.5693
-6.6319,4.0103,4.6376,0.5592,-0.3040,0.1664,-8.7221,-5.5115,-2.4876,0.3183,0.0834,0.5598
-5.6599,4.5514,4.5059,0.6500,-0.0169,0.1769,-8.7005,-4.0654,-2.4948,0.2730,0.2346,0.5742
-4.9105,4.8363,3.6679,-0.0967,0.9170,0.4193,-8.2911,-3.0933,-1.9154,-0.9927,0.4394,0.3447
-5.4684,4.5825,4.8483,-0.0175,0.4170,0.1849,-8.6957,-4.5059,-1.9369,-0.4771,0.2168,0.3040
-5.8371,4.6304,4.2018,0.4206,0.0536,0.0009,-8.6167,-3.9456,-2.3966,0.1402,0.2202,0.3950
-6.3351,5.2409,4.5681,0.6590,-0.2128,-0.1604,-9.6534,-4.2329,-2.7461,0.5939,0.2638,0.3805
-6.1004,5.1404,3.4453,0.7806,-0.7333,0.0088,-9.0573,-3.8044,-2.7749,0.8078,0.1436,0.6030
-5.8778,4.9823,3.9696,0.9551,-0.8765,-0.2507,-8.8274,-3.4117,-2.3942,1.1708,0.1215,0.4783
-5.9735,5.1787,2.9975,0.8563,-0.8110,-0.3285,-8.9328,-3.4548,-2.8395,1.1029,0.1837,0.4213
-5.9041,5.5258,3.5458,0.6379,-0.5662,-0.2216,-9.2416,-3.3423,-2.7869,0.7382,0.2294,0.4259
-6.1076,5.5617,3.1723,0.7212,-0.4431,-0.1315,-9.7157,-3.9002,-2.6863,0.5981,0.2101,0.7731
-5.0494,5.3510,3.5267,0.6743,-0.0358,-0.0236,-8.8418,-2.7940,-2.0806,0.4014,0.3340,0.4612
-5.2601,5.4109,4.0366,0.8260,-0.6221,-0.2537,-9.1650,-3.1939,-1.9465,0.9914,0.1653,0.4586
-5.5689,5.9209,3.7876,1.1727,-0.8328,-0.3475,-9.2919,-2.8778,-2.0303,1.3454,0.2883,0.5994
-5.1356,6.5218,2.6528,1.1044,-0.7711,-0.6217,-9.3182,-1.4868,-2.3391,1.4272,0.4249,0.3968
-5.1499,6.5601,2.6288,0.9631,-0.6476,-0.6888,-9.1722,-1.4054,-2.7677,1.2805,0.5321,0.2706
-5.4947,6.6224,1.6520,0.6203,-0.6743,-0.5756,-9.1889,-1.1037,-3.3758,0.9521,0.3372,0.1382
-5.4755,6.5074,2.5738,0.6247,-0.5750,-0.6599,-9.3685,-1.6592,-2.7438,1.1117,0.2417,0.1450
-5.3750,6.4165,2.5187,0.3912,-0.4608,-0.5301,-9.4715,-1.6807,-2.8347,0.8103,0.2980,-0.0019
-5.3846,6.4500,3.1532,0.4151,-0.8280,-0.5760,-9.6822,-2.3152,-2.2841,0.9246,0.1687,0.0076
-5.4492,6.4859,2.8491,0.7000,-0.7921,-0.6676,-9.2153,-1.5921,-2.3870,1.2379,0.3567,0.0011
-5.2672,6.4236,2.6839,0.7003,-0.8063,-0.7412,-9.1195,-1.3527,-2.4732,1.2890,0.3126,0.0280
-5.4348,6.3303,2.2505,0.5538,-0.7381,-0.8192,-9.0405,-1.5179,-2.4014,1.2057,0.3878,-0.0897
-6.0765,6.2991,2.1763,0.7478,-0.7493,-0.9074,-9.2703,-1.7358,-3.4141,1.3619,0.3641,-0.1228
-6.2991,6.0047,1.8220,0.4750,-0.3256,-0.7384,-9.2560,-1.8723,-3.9002,0.8689,0.4165,-0.1086
-6.3255,5.8634,2.0973,0.1978,-0.4954,-0.5438,-9.1554,-2.0877,-3.6009,0.6058,0.2465,-0.1633
-6.6080,5.9879,1.9704,0.2558,-0.3372,-0.4948,-9.3063,-2.2098,-3.7661,0.5810,0.1308,-0.1035
-6.5027,5.8083,2.1763,0.0542,-0.0943,-0.3151,-9.2344,-2.4756,-3.6799,0.2270,0.2180,-0.1442
-6.4811,5.9065,2.2865,0.0157,-0.2369,-0.2276,-9.2225,-2.4014,-3.3830,0.2205,0.0238,-0.0907
-6.9145,5.9448,1.9609,0.0557,-0.0258,-0.1947,-9.3661,-2.4397,-4.0701,0.1480,0.0568,-0.0368
-7.1826,5.6096,1.5874,-0.1685,0.1264,0.0241,-9.2608,-2.6743,-4.6160,-0.1271,-0.0782,-0.0533
-7.4316,5.7293,0.5602,-0.4632,0.0540,0.3431,-8.9064,-2.0566,-5.2170,-0.5746,-0.3655,-0.0233
-7.1084,5.5091,2.6647,-0.8903,0.7067,0.6562,-9.4571,-3.1220,-3.7589,-1.1963,-0.4470,-0.0588
-6.5074,5.5186,2.9113,-0.6150,0.1447,0.5974,-9.2871,-2.8347,-3.2441,-0.6395,-0.5985,0.0366
-6.4955,5.6216,2.1787,-0.6282,-0.1525,0.6185,-9.0285,-2.5163,-3.5961,-0.5179,-0.7755,0.0564
-5.7078,5.5881,2.9856,-0.6694,-0.0762,0.7428,-8.8346,-2.4229,-2.3750,-0.5962,-0.8268,0.0374
-5.4157,5.9711,2.6360,-0.5217,-0.3421,0.7401,-8.9567,-2.0494,-2.4612,-0.3884,-0.9297,0.1616
-4.9033,6.0861,2.9329,-0.7482,0.2378,0.8467,-9.0501,-1.9369,-1.7190,-0.8368,-0.7529,0.0835
-4.5274,6.4189,3.4165,-0.8001,-0.0785,0.7766,-9.0357,-1.6640,-1.0582,-0.6885,-0.8681,-0.0293
-4.4604,6.5362,2.5187,-0.9734,0.3393,0.8925,-8.7819,-1.0989,-1.4796,-1.1934,-0.7621,-0.0771
-4.1515,6.2225,3.2705,-1.4272,0.8045,0.9206,-8.8825,-1.6448,-0.8930,-1.7199,-0.7911,-0.3162
-4.8100,6.0023,3.0957,-1.7745,1.2650,0.9872,-8.9160,-2.2458,-1.5467,-2.3798,-0.6415,-0.5316
-3.5650,4.8076,6.3255,-1.9037,1.3807,0.8030,-8.7819,-3.8499,0.9625,-2.1589,-0.5677,-0.7496
-4.9009,5.1140,4.7764,-1.4210,0.6993,0.5837,-8.6407,-3.7421,-0.7470,-1.5780,-0.4923,-0.6101
-4.7094,4.5514,5.6048,-1.5275,0.9693,0.5544,-8.6311,-4.2545,-0.0910,-1.6410,-0.4542,-0.6980
-5.5809,4.4125,4.7046,-1.2999,0.8232,0.5217,-8.0445,-4.1827,-1.6233,-1.4834,-0.4600,-0.7288
-5.7509,4.1037,5.7820,-1.2324,0.9209,0.2939,-8.8657,-5.3941,-0.9170,-1.2903,-0.3489,-0.6316
-5.4827,4.0869,5.2146,-0.8783,0.0321,0.4899,-8.4707,-5.0494,-1.1420,-0.6976,-0.5204,-0.3710
-5.1116,3.9816,5.1140,-1.1423,0.3754,0.5273,-8.3701,-4.7980,-0.8523,-1.0648,-0.4803,-0.4614
-4.5633,4.0773,5.3654,-0.9365,0.3778,0.4267,-8.2768,-4.7884,-0.3879,-0.8719,-0.4478,-0.3540
-5.0589,3.7350,5.3463,-1.2240,0.8568,0.4009,-8.0541,-4.9488,-1.0199,-1.4178,-0.1775,-0.5632
-4.7262,3.3447,6.8211,-0.9980,0.5969,0.2992,-8.0086,-5.6719,0.3687,-0.9963,-0.3250,-0.3870
-5.2289,3.4333,5.7269,-0.8060,0.2519,0.0068,-7.9751,-5.6599,-0.8571,-0.6065,-0.2282,-0.4533
-5.0661,2.9808,5.6910,-0.8493,0.5901,0.1231,-7.8290,-5.8251,-0.7135,-0.9593,-0.0710,-0.4109
-5.3558,2.6887,6.3518,-0.8047,0.5662,0.0498,-7.6591,-6.2920,-1.1013,-0.8312,-0.0681,-0.3797
-5.7652,2.2218,6.0358,-0.5372,0.4097,0.0037,-7.5106,-6.5936,-1.1779,-0.5969,0.1214,-0.3579
-5.9089,2.0877,5.6934,-0.3846,0.2854,0.0906,-7.2999,-6.5721,-1.4605,-0.4443,-0.0155,-0.1601
-6.3662,2.4062,4.9680,-0.2757,0.2462,0.0444,-7.5274,-6.4739,-1.8651,-0.3194,0.0338,-0.0982
-5.6790,2.0686,5.1930,-0.2943,0.2321,-0.0814,-7.0820,-6.0861,-1.6137,-0.2950,0.0815,-0.2112
-6.1363,2.5259,4.8100,-0.0398,-0.1130,-0.2260,-7.1994,-5.8155,-1.5395,0.1701,-0.0385,-0.1122
-5.6695,2.0782,4.4149,-0.3333,0.1533,-0.2222,-6.7469,-5.5665,-2.1045,-0.2354,0.0164,-0.2138
-6.7852,1.8004,5.7557,-0.2065,0.2597,-0.3457,-7.2664,-7.3239,-1.5706,-0.0722,0.1919,-0.2870
-6.9695,1.6185,5.2720,-0.1801,0.0669,-0.2316,-7.3741,-7.3622,-2.5163,-0.1027,0.2292,-0.2182
-7.0749,1.1923,5.0206,-0.2026,0.3300,-0.1246,-6.6942,-7.2736,-2.7150,-0.3167,0.2783,-0.1591
-7.0557,1.0678,5.1475,-0.1275,0.1328,-0.1134,-6.6487,-7.3933,-2.7533,-0.1446,0.0442,-0.0429
-7.4196,0.9242,4.2784,-0.1123,0.3066,0.0561,-6.3686,-7.1778,-3.3806,-0.3389,0.1208,0.0141
-6.7421,0.6225,5.2218,-0.2149,0.0621,0.0425,-6.2369,-7.3191,-2.2410,-0.1708,-0.1240,-0.0107
-6.9935,0.8978,4.3431,-0.1065,-0.2455,0.0023,-6.1363,-6.9192,-2.8611,0.1043,-0.1763,-0.0087
-6.4500,0.7302,4.5394,-0.2459,0.1474,0.0035,-6.3231,-7.0797,-2.3846,-0.2481,-0.0024,-0.1211
-6.7732,0.9649,5.3750,-0.2324,-0.0663,0.0104,-6.6511,-7.5776,-2.4541,-0.0975,-0.0867,-0.1041
-7.2137,0.9361,5.2289,-0.1500,-0.0990,0.0068,-6.5960,-7.6040,-2.6695,-0.0234,-0.0891,-0.0477
-7.0533,1.0056,5.3893,-0.1288,-0.0513,0.0557,-6.8642,-7.6878,-2.2505,-0.0915,-0.0791,-0.0193
-6.9528,1.1253,5.1858,-0.0393,0.0168,-0.0005,-6.9647,-7.6471,-2.4732,-0.0694,0.0340,0.0285
-6.6367,1.2474,5.5210,-0.0108,-0.0100,0.0341,-6.9312,-7.1922,-2.2936,-0.0594,0.0642,0.0254
-6.7876,1.5443,5.3319,0.0737,-0.0596,0.0811,-7.0102,-7.1251,-2.2697,-0.0033,0.0773,0.1464
-6.4835,1.5275,5.1834,0.0642,-0.0469,0.1226,-6.9097,-6.8043,-1.9848,-0.0686,0.0775,0.1861
-6.4643,1.4389,5.0996,0.0925,-0.0222,0.1147,-6.6176,-6.6750,-2.2266,-0.0334,0.0069,0.2932
-6.9312,1.7142,5.2218,0.1451,0.0197,0.0620,-7.3071,-6.9168,-2.3822,0.0718,0.0305,0.1990
-6.2225,1.3671,5.0613,0.1992,-0.1360,0.0348,-6.6391,-6.4955,-2.3200,0.1637,0.0540,0.1984
-6.7062,1.7310,4.9608,0.3212,-0.4354,0.0492,-7.0006,-6.5721,-2.4517,0.3849,-0.0837,0.2658
-6.6679,2.1787,5.4085,0.2332,-0.2313,0.0481,-7.6064,-6.7109,-2.1763,0.2398,-0.0686,0.2899
-6.7253,2.5355,5.1380,0.3480,-0.1428,0.1306,-7.7045,-6.2872,-2.2625,0.2477,0.0270,0.3870
-5.3822,2.2601,6.5410,0.2706,-0.2725,0.0991,-7.5393,-6.1986,-0.8284,0.3752,-0.0270,0.3336
-6.0765,2.7414,5.6216,0.6917,-0.9156,0.0221,-7.8937,-6.3087,-1.4748,0.9565,-0.1788,0.5101
-5.5258,3.1532,4.9584,0.5056,-0.5857,-0.0100,-7.6543,-5.2122,-1.1540,0.6466,-0.0009,0.4295
-5.1858,3.2729,5.2792,0.5549,-0.3251,-0.1242,-7.8099,-5.0637,-1.0534,0.5584,0.1891,0.3154
-5.0661,3.1843,4.8267,0.4695,-0.3589,-0.1841,-7.4795,-4.9656,-1.0654,0.5200,0.2366,0.2447
-5.6383,3.5195,5.0685,0.3924,-0.2826,-0.1644,-7.9033,-5.3941,-1.3192,0.4132,0.1267,0.2418
-5.6168,3.8523,6.0286,0.4429,-0.1276,-0.2132,-8.3151,-5.5498,-0.5411,0.4429,0.2090,0.3150
-5.3798,3.8259,5.3726,0.6703,-0.4061,-0.1648,-8.3390,-5.1404,-1.1157,0.6526,0.2894,0.3805
-5.3822,4.1659,5.3486,0.7097,-0.4646,-0.1355,-8.5186,-4.7357,-1.3072,0.7040,0.1459,0.4611
-4.8985,4.3622,4.9632,0.6431,-0.4092,-0.2060,-8.4803,-4.4388,-0.8045,0.6415,0.2358,0.3936
-5.2672,4.2306,4.7621,0.6061,-0.4370,-0.2582,-8.4970,-4.3766,-1.3503,0.6451,0.2156,0.2659
-4.9225,4.1492,6.7421,0.7887,-0.5745,-0.4598,-8.7867,-5.2146,-0.1365,1.1350,0.2462,0.3040
-4.6855,4.4556,5.9065,0.9920,-1.2171,-0.4457,-8.8729,-4.8100,-0.2370,1.5805,0.2001,0.4237
-5.0949,4.9775,4.3479,1.2044,-1.1679,-0.4951,-8.8035,-4.0486,-0.6177,1.5095,0.5056,0.4437
-5.0159,5.3941,5.4995,1.4258,-0.7582,-0.6045,-9.3087,-4.0917,-0.1221,1.7513,0.5975,0.5196
-4.2569,5.4779,4.2186,1.2851,-0.9250,-0.7890,-8.7293,-2.5402,-0.9649,1.7146,0.4680,0.5013
-4.3694,6.1555,3.9337,0.8950,-0.4806,-0.5745,-9.0405,-2.5570,-0.5315,0.9862,0.6226,0.2860
-4.0917,6.0956,4.3503,0.8204,-0.5812,-0.6783,-9.0860,-2.3152,-0.6967,1.0805,0.5590,0.1912
-4.3335,6.2321,3.6727,0.7198,-0.2312,-0.6270,-9.1554,-2.1332,-0.8212,0.7534,0.6872,0.1476
-4.1827,6.0621,4.3910,0.8120,-0.6636,-0.8384,-9.2919,-2.3008,-0.8428,1.2705,0.4872,0.0632
-4.6112,6.3398,3.1196,0.7573,-0.4466,-0.7445,-9.1698,-2.0470,-1.5706,1.0068,0.6387,0.0388
-4.9488,6.1339,3.3854,0.7474,-0.6628,-0.8513,-9.1291,-2.1404,-1.7597,1.2081,0.4716,-0.0095
-5.0877,6.2537,3.2154,0.6037,-0.5829,-0.6819,-9.3374,-2.3798,-1.6879,0.9828,0.4390,0.0421
-5.4229,6.1387,3.0861,0.6924,-0.6726,-0.6615,-9.2392,-2.2290,-2.0686,1.1270,0.3264,0.0745
-5.3367,6.4236,3.3686,0.6734,-0.6167,-0.6163,-9.5098,-2.5091,-1.8459,1.0304,0.3810,0.0847
-4.9225,6.2177,3.2130,0.4775,-0.3337,-0.4343,-9.1937,-2.0518,-1.7382,0.6825,0.4231,0.0585
-5.3846,6.5218,2.9568,0.5085,-0.4691,-0.3672,-9.4236,-2.0830,-1.8747,0.6885,0.2870,0.1442
-5.1044,6.5003,2.9856,0.4851,-0.1863,-0.3577,-9.3350,-1.7190,-1.9034,0.5528,0.3164,0.1672
-5.5737,6.6726,2.1859,0.4775,-0.3469,-0.2966,-9.5385,-1.8004,-2.4541,0.5288,0.2372,0.1565
-4.7525,6.4667,3.6152,0.4441,-0.0424,-0.3252,-9.4810,-1.9106,-1.5443,0.4778,0.4271,0.1747
-5.4133,6.9121,1.9249,0.5369,-0.5494,-0.3269,-9.6247,-1.3360,-2.9329,0.6987,0.2483,0.1468
-5.0829,6.8953,2.3463,0.2593,-0.2825,-0.2935,-9.3685,-0.9481,-2.4205,0.4632,0.1535,0.0224
-5.8921,7.0725,1.2905,0.0926,-0.1649,-0.2082,-9.5840,-1.1708,-3.4237,0.2117,0.0978,-0.0652
-5.8921,6.5769,1.9537,-0.2459,0.0509,0.0041,-9.2225,-1.4557,-3.3447,-0.1350,-0.0810,-0.1206
-6.4955,6.4715,1.0223,-0.3768,0.0769,0.3757,-9.2919,-1.6424,-4.2353,-0.4874,-0.3487,0.0509
-5.7988,6.3542,2.1620,-0.8252,0.2887,0.5986,-9.3063,-1.9297,-3.0574,-0.9073,-0.5805,-0.0489
-5.3534,6.4763,2.2960,-0.7378,0.0965,0.7160,-9.4595,-1.8675,-2.2936,-0.8402,-0.7671,0.0721
-4.9440,6.5505,3.1460,-0.8998,0.4161,0.7698,-9.3781,-1.8794,-1.6855,-1.0661,-0.6646,-0.0342
-4.4269,6.5003,3.4141,-0.8489,0.0757,0.7167,-9.3254,-1.8483,-1.0582,-0.8191,-0.7718,0.0077
-4.6088,6.5960,2.7988,-0.7893,0.0262,0.6909,-9.2416,-1.7454,-1.3958,-0.7484,-0.7690,-0.0529
-4.2210,6.4141,3.6320,-0.8827,0.1108,0.7320,-9.0118,-1.7909,-0.7733,-0.8268,-0.8731,-0.0705
-4.1492,6.4045,2.9425,-1.0740,0.6015,1.0046,-8.8418,-1.4676,-1.2833,-1.4101,-0.7497,-0.0449
-4.0031,6.3805,4.0079,-1.3877,0.7718,1.0277,-9.2129,-2.3894,-0.2251,-1.7436,-0.8195,-0.2449
-3.7757,6.0238,3.6919,-1.5419,1.0643,1.1870,-8.6598,-1.9273,-0.5028,-2.1182,-0.7919,-0.2152
-3.1651,5.5833,5.8634,-1.4372,0.6218,0.8599,-8.8059,-3.0263,1.1085,-1.4599,-0.8456,-0.4096
-3.4309,6.0358,4.8483,-1.3496,0.6801,0.8131,-8.7987,-3.0718,0.7326,-1.5612,-0.6154,-0.4081
-3.1580,5.3127,5.9328,-1.3551,0.4938,0.5532,-8.6718,-3.4022,1.2019,-1.3098,-0.6467,-0.5253
-3.4189,4.7645,6.6511,-1.2585,0.8962,0.4731,-8.5641,-4.2617,1.9106,-1.4142,-0.4006,-0.4033
-3.8642,4.7094,5.9113,-0.9855,0.6584,0.3668,-8.7077,-4.6040,0.5842,-1.2261,-0.2597,-0.3648
-3.5458,4.0175,6.8905,-1.2084,1.1973,0.4381,-8.2911,-4.8626,1.3312,-1.6124,-0.0999,-0.4307
-4.4867,4.1180,5.8754,-0.6692,0.5504,0.2022,-8.5425,-4.9608,-0.1197,-0.9992,-0.0536,-0.2551
-4.1132,3.7709,6.3805,-0.9078,0.7979,0.2324,-8.1020,-4.9488,0.6967,-1.0990,-0.0802,-0.3958
-4.9033,3.3758,4.9680,-0.7612,0.6531,0.1951,-7.4101,-4.7262,-0.9673,-1.0075,-0.0826,-0.2574
-4.3742,3.1173,6.0669,-0.8641,0.7665,0.1515,-7.4579,-5.2672,-0.0383,-1.0088,-0.0256,-0.3850
-5.6407,3.0071,5.0087,-0.8715,0.7397,0.1609,-7.5010,-5.7197,-1.3288,-1.0536,0.0473,-0.4061
-5.2313,2.3798,5.9017,-0.8018,0.5746,-0.1639,-7.5154,-6.2393,-0.9433,-0.7293,0.0870,-0.6025
-5.8538,2.3607,5.8179,-0.7775,0.4808,-0.0901,-7.2903,-6.6750,-1.0870,-0.7051,0.0541,-0.4754
-6.0071,2.0782,5.8682,-0.5853,0.3890,-0.0108,-7.4029,-6.9911,-1.2498,-0.5881,-0.0197,-0.3465
-5.7628,1.7023,5.8730,-0.4848,0.3549,-0.0893,-7.0940,-6.8283,-1.2881,-0.4355,0.0040,-0.3062
-6.3327,1.6640,5.6407,-0.3825,0.1824,-0.0657,-6.8642,-7.0006,-1.5371,-0.3143,-0.0540,-0.2621
-6.1938,1.5395,5.2912,-0.4533,0.3507,0.1107,-6.9001,-6.9887,-2.0327,-0.5408,0.0667,-0.1952
-6.1124,1.4485,6.4260,-0.2790,0.2126,-0.0614,-7.0198,-7.2616,-1.4724,-0.1736,-0.0361,-0.1668
-6.3207,1.3791,5.0901,-0.2122,-0.0257,-0.0448,-6.6894,-6.8235,-2.1308,-0.1386,0.0149,-0.1332
-5.6288,1.3336,6.2560,-0.2797,-0.0955,-0.0550,-6.7852,-7.2927,-0.9601,-0.0665,-0.1041,-0.1423
-6.5218,1.5395,5.7748,-0.1434,-0.0051,-0.1320,-7.1419,-7.2999,-1.7166,-0.0486,0.0103,-0.1176
-6.0765,1.2163,5.5665,-0.2403,0.2098,-0.0833,-6.8474,-7.2377,-1.5347,-0.2438,0.1130,-0.0943
-6.6511,1.4365,5.9400,-0.0085,0.0979,-0.0240,-7.0725,-7.4053,-1.7573,-0.0670,0.0330,0.0897
-6.9647,1.5179,4.9392,0.0677,0.3639,0.0317,-6.8067,-6.8259,-2.3918,-0.2376,0.1944,0.2060
-6.6870,1.5921,4.8507,0.0770,0.2004,0.0510,-6.9432,-6.7636,-2.7174,-0.1772,0.1471,0.1545
-6.7277,1.5443,4.6831,0.0562,0.1817,-0.0209,-6.6918,-6.4955,-2.7845,-0.0969,0.1684,0.1065
-6.7732,1.4437,4.9297,-0.0304,-0.0460,0.0049,-7.0366,-6.8953,-2.7916,0.0103,0.0452,0.0601
-6.5242,1.5921,4.5035,-0.1038,-0.0697,0.0249,-6.8354,-6.4859,-2.6384,-0.0336,-0.0374,0.0364
-6.7852,1.6472,5.0015,-0.0282,-0.0272,-0.0229,-6.9025,-6.6032,-2.3320,0.0075,-0.0252,0.0225
-6.9025,1.5155,5.0709,-0.0801,0.0414,0.0629,-7.1012,-6.9360,-2.6959,-0.0778,0.0024,0.0187
-6.8666,1.1827,5.2672,-0.0237,0.2000,0.0069,-6.8953,-7.2736,-2.4684,-0.1456,0.1704,-0.0460
-7.3119,1.2881,5.2098,0.1553,0.0517,0.1676,-7.1156,-7.5992,-2.8323,-0.0249,0.2082,0.1258
-6.9480,1.9704,4.9057,0.2647,-0.1448,0.1699,-7.4148,-6.5410,-3.2010,0.1061,0.1077,0.2667
-6.4452,2.0710,4.9512,0.2056,-0.1951,0.2723,-7.0485,-6.2465,-1.8052,0.1075,-0.1139,0.3792
-6.1794,2.4181,4.9847,0.2013,-0.0041,0.1688,-7.4915,-6.1962,-1.8914,0.0127,-0.0264,0.3940
-6.7732,2.6647,4.7142,0.1537,0.0085,0.1424,-7.5226,-6.2345,-2.2865,-0.0670,-0.0140,0.3299
-6.8139,2.5307,5.0709,0.1651,0.1320,0.1459,-7.7261,-6.5266,-2.3439,-0.0902,0.1081,0.3559
-6.5529,2.1979,4.4676,0.1916,0.0253,0.1691,-7.4220,-6.1028,-2.4157,-0.0205,0.0105,0.3589
-7.8673,2.4181,4.4987,0.1015,0.1199,0.2758,-7.8410,-6.5266,-3.6464,-0.1567,-0.0778,0.3114
-7.6423,2.7797,4.5681,0.1256,-0.3603,0.4714,-8.1690,-6.3782,-3.1005,0.1631,-0.5155,0.4860
-6.7660,2.8084,4.2856,-0.0270,-0.4942,0.5329,-7.6112,-5.4229,-2.5762,0.0886,-0.5024,0.3453
-5.8227,3.0622,5.3295,-0.0473,-0.3528,0.5446,-8.0756,-5.7652,-1.4533,0.0193,-0.5501,0.3601
-5.6312,3.5386,5.5234,0.0117,-0.4788,0.5089,-8.1834,-5.4588,-0.9290,0.1371,-0.5516,0.3544
-5.0111,3.7038,5.0566,0.1304,-0.3603,0.5120,-7.9847,-4.7573,-0.6895,0.0885,-0.3928,0.3898
-5.3486,4.1420,5.0206,0.0853,-0.2665,0.3476,-8.5305,-5.2577,-0.7278,0.1248,-0.3148,0.3404
-4.1899,3.8475,5.2337,0.1344,-0.3643,0.3540,-7.8027,-4.4676,-0.2801,0.1547,-0.3126,0.3816
-4.3694,4.1946,5.1571,0.1019,-0.2723,0.2469,-8.3079,-4.5155,-0.0599,0.1238,-0.1657,0.2757
-4.4867,4.4221,5.3032,0.0873,-0.3158,-0.0108,-8.3390,-4.2425,0.0024,0.3084,-0.1768,0.1729
-4.7764,4.8530,5.1164,0.1346,0.0364,0.1131,-8.4922,-4.0654,-0.6752,0.0076,0.0369,0.2637
-4.4628,4.7190,4.9847,0.0975,-0.2122,0.2602,-8.4180,-3.7326,-0.6345,0.0541,-0.1179,0.2354
-4.4460,4.8483,4.7046,0.0742,-0.2156,0.1486,-8.3534,-3.6152,-0.5195,0.1098,-0.0970,0.1547
-4.3934,4.8267,5.1404,-0.0541,0.0341,0.1760,-8.3462,-3.6751,-0.4022,-0.1659,-0.1246,0.1748
-4.2473,4.8554,5.8586,0.0658,-0.1840,0.3401,-8.5186,-3.9049,0.3041,0.0793,-0.2882,0.4174
-4.2641,5.3175,5.5330,0.1531,-0.0401,0.1507,-9.1171,-3.7541,0.2011,0.0767,-0.0119,0.2610
-3.4884,5.1906,5.1906,0.2346,-0.0741,-0.0059,-8.5665,-3.0358,0.4429,0.1039,0.0775,0.2474
-4.0534,5.2409,4.7621,0.1119,0.0620,0.1569,-8.8657,-3.5147,-0.0814,-0.1743,0.0725,0.2911
-4.5610,5.5426,4.8937,0.1487,-0.0445,-0.0036,-8.8873,-3.2920,-0.2227,-0.0197,0.0449,0.2851
-3.5267,5.0709,5.9807,0.2489,0.0859,-0.1820,-8.8825,-3.2298,-0.0287,-0.1831,0.1733,0.2725
-4.1515,5.1547,5.2601,0.0005,-0.4267,-0.2964,-8.5281,-2.7701,-0.0239,0.1541,-0.3115,0.4867
-4.6256,5.1092,4.4939,0.1703,-0.2312,-1.0571,-8.6766,-2.1261,-0.2203,0.2868,-0.0461,0.5019
-4.4125,5.4061,4.1635,-0.1623,-0.6366,-0.8668,-9.3541,-2.4181,-0.3567,-0.0601,-0.0201,0.5103
-4.9129,5.1380,5.4348,-0.2819,-0.2173,-0.8767,-9.6534,-1.9249,0.2059,-0.2246,0.2815,0.6698
-4.7932,5.0757,5.6886,0.0409,-0.2565,-0.6556,-9.4260,-2.3056,-0.4501,-0.0257,-0.0621,1.1497
-4.4700,4.8674,5.7844,0.0340,-0.5726,-0.9778,-10.1658,-1.6041,0.0670,0.1755,-0.0197,1.2215
-5.7461,4.7884,5.0015,0.1005,-0.7572,-0.6308,-8.8178,0.0742,-0.2897,0.5726,-0.7460,0.8444
-4.4915,4.5322,5.7030,0.0959,-0.5285,-0.9196,-10.8290,-0.9098,-0.1365,0.2779,0.0101,0.5774
-4.3598,4.2808,5.5067,0.3974,-0.6872,-0.7694,-8.3653,1.1372,0.5866,0.6989,-1.0701,0.9318
-4.7022,4.2832,5.5067,0.3801,-0.7457,-0.9398,-8.9423,1.4892,0.1101,0.6067,-0.6518,1.2894
-4.1300,4.0941,6.4787,0.5453,-0.5895,-1.0483,-8.5569,1.6496,1.3934,0.7934,-0.8195,0.7506
-3.7804,4.1300,5.8682,0.5967,-0.8412,-0.8240,-9.7564,1.3719,1.7573,0.7803,-0.7994,0.9539
-4.9392,4.5969,5.5545,0.8548,-0.9157,-1.0331,-9.5313,2.2889,0.8643,0.9050,-0.5521,0.9106
-5.2577,4.6232,4.7357,0.5329,-0.6027,-0.8776,-7.3717,4.3048,0.4214,0.5133,-0.8580,0.5088
-4.3958,4.5897,5.4851,0.5693,-0.2699,-0.5764,-8.5976,3.3064,1.8076,0.4073,-0.0060,0.3467
-3.9624,4.7022,4.8028,0.3140,-0.2742,-0.3111,-8.1690,3.6081,2.4588,0.2785,-0.1194,0.3441
-6.4356,5.0350,3.9002,0.1625,0.4583,0.1945,-7.8578,4.7381,1.1516,0.0093,0.0738,0.2000
-5.2601,5.2840,4.8818,-0.1531,0.6888,1.6735,-7.0797,4.7453,2.0423,0.2705,0.8785,-0.7590
-2.6624,4.7046,3.0382,-0.3337,0.8440,1.9077,-6.2249,4.7645,-0.2083,0.0115,0.3577,-1.4013
-4.3790,5.4133,3.9002,-0.5746,1.5688,1.4180,-9.4667,1.9489,-0.3017,-1.2854,1.4173,-2.0456
-4.1156,5.6096,4.7094,-0.7330,1.1218,1.2798,-8.8921,1.3575,0.0024,-1.2096,0.9141,-1.6305
-3.5099,5.5641,4.8530,-0.8156,1.2428,1.1185,-9.6630,0.2658,-0.5842,-1.1032,1.0214,-1.1632
-6.6032,6.4931,4.4819,-0.5614,0.9771,0.9778,-10.1035,-0.7278,-0.9864,-0.9606,0.1303,-0.7967
-1.1540,4.9081,4.2449,-0.7276,0.6067,1.5856,-8.5976,0.1269,-0.0168,-1.0820,0.1719,-0.7297
-5.4540,6.5457,4.9081,-0.5897,0.7107,0.8196,-10.2687,-1.6783,-1.4676,-1.0328,-0.0272,-0.5212
-4.0917,5.7916,4.0965,-0.3713,0.9493,1.6522,-9.5553,-1.8675,0.5578,-0.9527,-0.0077,-0.5489
-2.9880,6.0071,5.2936,-0.0834,0.6921,0.4750,-10.2568,-2.4517,-0.6632,-0.6991,0.5874,-0.4461
-4.4005,6.5074,5.0973,-0.0288,0.4406,0.6010,-9.4044,-2.2170,-0.5100,-0.5546,-0.0328,-0.0574
-4.5514,6.6367,4.4700,0.2001,0.5552,0.5789,-9.7971,-2.4924,-0.6967,-0.3632,0.2870,-0.0653
-3.3734,7.1228,3.6607,0.1536,0.6030,0.5180,-9.9168,-2.2146,-1.3384,-0.6788,0.2805,0.2670
-3.1173,6.8115,4.1468,-0.2202,-0.1407,-0.4726,-18.5503,0.1532,69.7144,0.0000,0.0000,0.0000
-4.6400,7.3382,3.4237,-0.4186,-0.3617,-0.5753,-18.5503,0.1532,69.7144,0.0000,0.0000,0.0000
-2.8802,6.6104,4.5490,-0.7019,-0.2005,-0.2731,-18.5503,0.1532,69.7144,0.0000,0.0000,0.0000
-4.4580,6.6272,3.9265,-0.5450,-0.2121,-0.2320,-18.5503,0.1532,69.7144,0.0000,0.0000,0.0000
-3.7709,6.3494,4.3215,-0.4798,-0.1915,-0.0381,-9.0788,-1.8627,-0.5722,-0.1090,-0.2575,-0.2535
-3.4309,6.0525,4.7166,-0.2972,-0.0416,-0.3592,-9.2177,-1.9824,-0.5052,-0.0997,0.0673,-0.1334
-3.8427,5.8347,4.1180,-0.6001,-0.4185,-0.7049,-9.5122,-2.1476,-0.5267,0.0522,-0.0197,-0.3976
-3.7709,5.2601,5.0374,-0.9232,-0.6783,-0.9503,-8.8370,-1.6903,-0.6177,0.2138,-0.2622,-0.5127
-5.6599,4.9752,5.6575,-0.8236,-1.1682,-1.0256,-9.9910,-4.0270,0.2634,0.6968,-0.6034,-0.2962
-3.9576,4.6208,5.5378,-0.9587,-0.8111,-0.9523,-9.7181,-3.7038,-1.2115,0.1645,0.0833,-0.4353
-4.2377,4.1204,6.4308,-0.4182,-0.2306,-0.5894,-8.3390,-2.3631,0.0311,0.2838,-0.0777,-0.1553
-4.1444,4.0151,6.4117,-0.1981,-0.0975,-0.3617,-8.8585,-3.0837,0.5722,0.1214,-0.1579,-0.1362
-4.0917,3.8858,6.2417,-0.1575,0.0253,-0.2242,-8.8538,-2.8228,-0.2466,-0.0915,0.0879,-0.4736
-4.1300,3.8020,5.7533,-0.1230,-0.0089,-0.0596,-8.8969,-3.0191,0.1006,-0.0474,-0.0112,-0.3497
-4.6400,3.6583,6.0621,-0.2337,0.0994,0.0080,-8.3869,-3.1436,-0.0335,-0.0822,-0.0945,-0.8744
-3.6536,3.3351,6.4643,-0.1873,0.0791,-0.0642,-9.0884,-4.0438,0.3783,-0.1124,0.2610,-0.2848
-4.4724,3.5745,5.6551,-0.1162,-0.0572,-0.0979,-8.9064,-3.8379,0.2801,0.0441,-0.1921,-0.2407
-4.5657,3.3902,6.4667,-0.1737,-0.0536,-0.0197,-8.5377,-4.0151,-0.0982,-0.0065,-0.1219,-0.0927
-4.6040,3.4069,6.5362,-0.1651,0.0945,-0.1046,-8.7771,-4.1228,0.3472,-0.0803,0.0408,-0.1063
-4.2234,3.2944,6.1339,-0.0685,-0.0618,-0.0432,-8.2911,-3.7709,0.2682,0.0462,-0.0578,-0.0449
-4.1228,3.3136,5.9113,-0.1916,-0.0735,-0.0502,-8.3653,-3.8068,0.2370,-0.0309,-0.0658,-0.1713
-4.1228,3.2489,6.5194,-0.1741,-0.0176,-0.0849,-8.5210,-4.1827,0.7254,-0.0460,0.0189,-0.1588
-4.3694,3.3543,6.1220,-0.1183,-0.0581,-0.1045,-8.4635,-4.0486,0.1125,-0.0377,-0.0177,-0.1415
-4.2234,3.0813,6.6104,-0.1414,0.0393,-0.0492,-8.4803,-4.5203,0.5363,-0.0465,0.0444,-0.1112
-4.3455,3.2250,6.3566,-0.0715,-0.0755,-0.0918,-8.5569,-4.3527,0.1867,0.0241,-0.0201,-0.0189
-4.5011,3.1771,6.4907,-0.0486,-0.0013,-0.0450,-8.6790,-4.4724,0.0694,-0.0344,0.0277,-0.0581
-4.3574,3.1436,6.4835,-0.0152,0.0585,-0.0229,-8.5976,-4.4269,0.0718,-0.0592,0.0798,0.0333
-4.2066,3.2082,6.5745,0.0153,-0.0588,-0.0354,-8.5234,-4.3694,0.2634,-0.0016,0.0354,0.0560
-4.5274,3.2394,6.1220,0.0442,0.0101,-0.0167,-8.4467,-4.1563,0.2849,-0.0099,0.0542,0.1026
-3.8092,3.1627,6.2776,-0.0262,-0.0857,0.0024,-8.6311,-4.2521,0.4286,0.0081,0.0681,0.0882
-4.1204,3.3495,6.1196,0.1162,-0.0270,-0.1272,-8.4348,-3.9528,0.1245,0.1320,0.0448,0.0372
-4.0558,3.1915,6.2441,0.0229,0.0410,-0.1295,-8.5856,-4.0031,0.0934,0.0625,0.0871,0.0192
-4.1755,3.2441,6.1866,0.0072,-0.1190,-0.1344,-8.5305,-4.0031,0.0431,0.1211,-0.0604,-0.0135
-4.8387,3.4931,6.0382,-0.1017,-0.1480,-0.0837,-8.7173,-4.1468,0.1604,0.0524,-0.1136,-0.1010
-4.4987,3.1316,6.7947,-0.1407,0.0401,-0.0789,-8.7029,-4.5322,0.3376,-0.0802,0.0512,-0.1114
-4.6064,3.2633,6.2584,-0.0907,0.0929,-0.0003,-8.5497,-4.2066,0.0886,-0.1132,0.0578,-0.0572
-4.3503,3.1795,6.3614,-0.0264,0.0504,0.0376,-8.5138,-4.2473,0.0622,-0.0609,0.0654,-0.0444
-4.1204,3.1915,6.2848,-0.0802,0.0163,0.1013,-8.3797,-4.0606,0.0838,-0.0689,0.0493,-0.0528
-3.8978,3.2394,6.1866,-0.0993,-0.0324,0.0866,-8.3558,-4.0247,0.4262,0.0063,-0.0561,-0.0171
-4.1875,3.2848,6.3470,-0.0497,-0.0546,-0.0180,-8.3007,-4.1252,0.4597,0.0349,-0.0602,-0.0733
-4.4125,3.3208,6.2872,-0.0133,-0.0040,-0.0023,-8.5521,-4.4269,0.2490,-0.0289,0.0276,-0.0506
-4.0558,3.2609,6.5721,0.0047,0.0294,0.0117,-8.5114,-4.6160,0.4908,-0.0035,0.0705,-0.0405
-4.2856,3.3327,6.6559,0.1104,-0.0885,0.1319,-8.5234,-4.4843,0.4190,0.1027,-0.0225,0.0737
-4.2425,3.4692,6.5266,0.1572,-0.0093,-0.0044,-8.6503,-4.4987,0.6847,0.0870,0.1339,0.0573
-4.1922,3.3303,6.6726,0.2523,-0.0699,-0.0212,-8.4132,-4.3910,0.6776,0.1075,0.0859,0.0745
-4.3096,3.4572,6.5936,0.3507,-0.1468,-0.1450,-8.7388,-4.7381,0.4860,0.3140,0.1507,0.0838
-3.7637,3.4022,7.3191,0.6101,-0.5320,-0.3092,-8.8250,-5.0589,1.0367,0.8696,0.1027,0.2847
-3.7182,3.7876,6.4620,0.8584,-0.6761,-0.3324,-8.4276,-3.9480,0.9864,1.0613,0.1088,0.4102
-3.6751,4.3287,6.6295,0.9318,-0.7561,-0.4541,-8.8873,-3.7637,1.1061,1.2648,0.1214,0.3956
-3.1508,4.5466,6.5625,0.9134,-0.5594,-0.4832,-8.7388,-3.3471,1.2210,1.1185,0.3383,0.3958
-3.3208,4.7884,5.4061,1.0202,-0.7821,-0.5822,-8.5856,-2.7916,0.8116,1.2729,0.2954,0.3624
-3.3184,4.9823,6.2130,1.2959,-1.1198,-0.8211,-8.8322,-2.8347,1.1756,1.8734,0.1536,0.3425
-2.9688,5.4899,5.5665,1.3003,-1.0523,-0.7332,-8.8705,-2.1380,1.0870,1.7220,0.4069,0.3894
-2.9880,5.8012,5.1858,1.1796,-1.1138,-0.7408,-8.9016,-1.6879,0.9840,1.7269,0.2489,0.3990
-2.9544,6.3063,5.0996,1.3500,-0.8863,-0.8195,-9.2464,-1.0774,0.6704,1.7393,0.3631,0.3828
-3.2753,6.6702,3.6631,1.0897,-0.7250,-0.7200,-8.9591,-0.2322,0.4214,1.3868,0.4832,0.2403
-3.1915,6.8211,3.6057,0.9800,-0.5573,-0.6225,-9.2751,-0.2993,-0.2059,1.1620,0.5296,0.2437
-3.3136,6.8139,3.7421,0.8671,-0.3186,-0.7353,-9.2799,-0.2107,-0.3472,1.0400,0.5993,0.1211
-3.8523,7.1204,2.6408,0.6716,-0.2730,-0.5860,-9.3015,0.0742,-0.8787,0.7405,0.5047,0.0937
-3.7996,7.0222,3.4453,0.5311,-0.2208,-0.5105,-9.3326,-0.0551,-0.9313,0.6607,0.4092,0.0934
-3.6152,7.0174,3.0167,0.3313,-0.2352,-0.4249,-9.2488,0.0694,-1.0439,0.5237,0.3148,0.0494
-4.1252,7.2999,3.3974,0.5228,-0.3737,-0.4795,-9.4427,-0.0311,-0.7614,0.7823,0.2173,0.0857
-3.5578,7.4819,2.6695,0.4066,-0.2886,-0.3804,-9.4643,0.5746,-0.9792,0.5662,0.2730,0.0584
-3.6823,7.5561,2.3463,0.4788,-0.5836,-0.5502,-9.4020,0.6105,-0.6416,0.8712,0.1124,0.0385
-4.1252,7.6303,2.3200,0.3030,-0.2176,-0.4423,-9.5433,0.5770,-1.2546,0.5820,0.2240,-0.0029
-4.2784,7.4508,2.3535,0.1643,-0.0778,-0.4322,-9.4763,0.5722,-1.3838,0.3348,0.3063,-0.1442
-4.2665,7.2856,2.1021,-0.0641,-0.0652,-0.2924,-9.4954,0.4094,-1.7286,0.1156,0.1816,-0.1500
-4.5562,7.3765,2.5738,0.0293,-0.2050,-0.3816,-9.5481,0.2897,-1.5395,0.3063,0.0001,-0.0794
-4.6256,7.2353,2.3391,-0.0659,0.0012,-0.2419,-9.5098,0.2777,-1.8459,0.0147,0.1256,-0.1467
-4.7860,6.9935,3.0239,-0.1639,-0.0658,-0.3384,-9.5720,-0.1317,-1.4078,0.0851,0.0749,-0.1460
-5.3678,7.1395,2.2242,-0.1669,-0.0362,-0.0726,-9.6965,-0.0766,-2.0662,-0.0853,-0.0015,-0.1061
-5.3534,6.9001,2.5546,-0.2038,-0.0105,-0.0195,-9.7444,-0.2274,-2.1476,-0.0810,-0.1251,-0.1054
-5.5378,6.9863,1.7980,-0.4354,0.2044,0.3733,-9.6534,-0.1460,-3.0550,-0.6097,-0.1924,-0.0581
-5.3415,7.0222,2.1428,-0.7289,0.2077,0.6318,-9.6702,-0.1413,-2.4852,-0.8685,-0.5096,-0.0508
-4.5801,7.0126,3.0478,-1.1070,0.6043,0.8501,-9.6007,-0.3376,-1.3838,-1.4015,-0.4788,-0.1675
-4.3718,6.6798,3.1316,-1.1028,0.4045,1.0341,-9.2727,-0.6632,-0.8499,-1.4324,-0.7033,-0.0068
-3.9049,6.4691,3.3902,-1.0368,0.8243,0.9606,-8.9950,-0.5004,-0.5028,-1.5472,-0.4181,-0.0749
-4.0390,6.5003,2.4900,-1.4273,0.8102,1.2325,-8.8873,-0.4118,-1.1133,-2.0171,-0.6007,-0.2241
-3.4572,6.2082,4.4125,-1.4741,1.1277,0.9956,-9.0477,-1.0582,0.1628,-1.9807,-0.4014,-0.3411
-3.0382,6.0717,4.2306,-1.5160,0.7679,1.0769,-9.0166,-1.2689,0.0239,-1.9432,-0.5742,-0.3769
-2.9568,5.5138,5.2194,-1.7082,1.0716,0.9435,-8.8753,-1.9704,0.8475,-2.1366,-0.4455,-0.5187
-3.1795,5.0111,5.2074,-1.6795,0.8051,0.6656,-8.6670,-2.6049,0.6632,-1.8579,-0.3962,-0.6404
-4.1396,5.0973,6.1100,-1.4386,0.9856,0.6719,-9.2129,-3.6296,0.4812,-1.7496,-0.3393,-0.5660
-3.5386,4.3000,6.5027,-1.3238,1.0228,0.5173,-8.8657,-4.1228,0.7230,-1.6409,-0.1366,-0.5937
-4.0199,4.0007,6.0118,-1.3158,0.8331,0.5939,-8.4515,-4.1611,0.2945,-1.6458,-0.2205,-0.4784
-4.3455,3.6488,5.5976,-1.2788,1.0381,0.6311,-8.3103,-4.3311,0.0072,-1.7051,-0.1863,-0.4314
-4.1252,3.4979,6.6655,-1.1871,1.0841,0.4437,-8.4563,-4.9728,0.6393,-1.5889,-0.1423,-0.3857
-4.5897,3.2010,6.1244,-0.9705,0.6182,0.3263,-8.2456,-5.0781,-0.1413,-1.1255,-0.2008,-0.3491
-4.5011,3.2417,6.7612,-0.7705,0.3729,0.3327,-8.4874,-5.5138,0.0455,-0.8488,-0.2362,-0.2495
-4.7692,3.1220,6.5266,-0.5929,0.1653,0.2769,-8.5569,-5.4492,-0.3065,-0.5709,-0.2330,-0.1487
-4.8602,3.1388,6.2608,-0.4194,0.1739,0.3247,-8.5066,-5.2936,-0.1748,-0.5228,-0.0938,-0.1280
-4.3167,2.9401,6.3782,-0.4186,0.2679,0.2178,-7.9895,-4.9752,0.2538,-0.5464,-0.1406,-0.1143
-4.1252,2.7892,6.0861,-0.3740,0.2073,0.0933,-7.7045,-4.6998,-0.0407,-0.5348,-0.0682,-0.0934
-5.3367,2.9209,5.5282,-0.6277,0.7873,0.1232,-8.1044,-5.1332,-0.3041,-0.9746,0.1659,-0.2009
-5.6767,2.8012,6.1699,-0.2478,0.2738,0.0722,-8.4132,-5.6838,-1.1660,-0.4415,0.0833,-0.1015
-5.5569,2.7461,6.3422,-0.1899,0.1833,0.0640,-8.2121,-5.6240,-1.0295,-0.2312,0.0096,-0.0360
-5.5498,2.6576,5.6790,-0.2081,0.2809,0.0314,-7.9464,-5.2241,-1.3815,-0.3600,0.1288,-0.0910
-5.1332,2.4181,5.5881,-0.3078,0.2348,0.0031,-7.6926,-5.1858,-1.3144,-0.3917,0.0989,-0.1070
-5.9831,2.6336,5.6551,-0.1908,-0.0810,-0.1515,-8.3414,-5.8562,-1.8675,-0.0220,0.1286,-0.3023
-5.3582,2.3415,5.8419,-0.2117,0.0520,-0.0341,-7.8697,-5.3486,-1.1875,-0.1769,0.0282,-0.0314
-5.8849,2.5905,5.7102,-0.0649,-0.1544,-0.0077,-8.0661,-5.7988,-1.5706,0.1050,-0.1034,-0.0207
-5.6431,2.2769,5.7365,0.0597,-0.1715,-0.0950,-7.9152,-5.7772,-1.3934,0.1733,-0.0221,0.0525
-5.4684,2.2410,6.4955,0.2818,-0.4755,-0.1302,-7.9033,-5.9041,-1.0175,0.5872,-0.1219,0.1628
-5.4229,2.2649,7.4915,0.6133,-1.2020,-0.5585,-8.0469,-6.2656,-0.2682,1.4758,-0.1904,0.1573
-5.0973,2.6432,5.7413,0.7637,-1.2145,-0.3716,-8.1954,-5.6048,-0.8212,1.3815,-0.0973,0.2438
-4.9321,2.8228,5.9999,0.5994,-0.7437,-0.3000,-7.9823,-5.1571,-0.0120,0.9553,-0.0610,0.1488
-4.0989,2.9640,6.5649,0.6428,-0.5805,-0.2930,-7.9655,-5.4492,0.6728,0.8936,0.1807,0.1919
-4.5993,3.5698,6.2130,0.7533,-0.4385,-0.2290,-8.2552,-4.8554,0.1676,0.8338,0.2248,0.3880
-4.1731,3.9049,5.7437,0.7690,-0.3463,-0.3070,-8.3151,-4.2689,0.6536,0.7285,0.2821,0.4230
-3.9648,4.1156,6.3183,0.7963,-0.2561,-0.3944,-8.5784,-4.4125,0.5650,0.7698,0.4526,0.3174
-3.8403,4.1659,5.8634,0.8721,-0.4024,-0.2972,-8.3246,-4.1180,0.4621,0.7569,0.3757,0.4823
-4.0989,4.5083,5.9304,0.8926,-0.1795,-0.3383,-8.4994,-3.7254,0.2610,0.7380,0.5907,0.4199
-3.8044,4.9871,6.3351,1.0352,-0.2898,-0.4947,-9.2656,-3.7685,0.7638,0.9823,0.5488,0.4999
-4.1228,5.3798,5.2170,1.1385,-0.6488,-0.7893,-9.2416,-2.9401,0.1125,1.3943,0.5376,0.2910
-4.2114,5.8538,4.5298,1.0563,-0.6971,-0.7578,-9.0022,-2.3655,-0.3807,1.3263,0.5913,0.2406
-3.3998,5.4061,5.2601,0.7558,-0.4326,-0.8763,-8.8490,-2.4876,0.2897,1.0744,0.6058,0.1328
-4.0558,5.6360,4.1875,0.8981,-0.5993,-0.8789,-8.9352,-2.1572,-0.5842,1.2432,0.6018,0.1304
-4.3167,5.6240,4.1611,0.7015,-0.2658,-0.8541,-8.8346,-2.0806,-0.9553,0.9209,0.6889,0.0024
-4.5897,5.5474,3.7445,0.5481,-0.2164,-0.6644,-8.9519,-2.3583,-1.2665,0.7278,0.5817,0.0350
-5.3127,5.5833,3.7182,0.4900,-0.3968,-0.6663,-9.1028,-2.5618,-1.6065,0.7237,0.3761,0.0432
-5.2385,5.5498,4.4173,0.6375,-0.2225,-0.5674,-9.3015,-2.7270,-1.1349,0.8712,0.4639,0.1120
-5.1308,5.9233,3.5314,0.8823,-0.5949,-0.6540,-9.4523,-2.2338,-1.7478,1.1173,0.4013,0.2525
-5.1332,5.9496,3.7757,0.8336,-0.5029,-0.6944,-9.3613,-1.9369,-1.7549,1.1409,0.4515,0.1439
-5.3965,6.0669,3.3327,0.8496,-0.6720,-0.6772,-9.4068,-1.8244,-1.9273,1.2279,0.4246,0.1937
-5.3870,6.1699,3.1460,0.7697,-0.5187,-0.6376,-9.2847,-1.5850,-2.2290,1.0493,0.4174,0.1428
-5.3199,6.1627,3.1053,0.6165,-0.5120,-0.4848,-9.3829,-1.5634,-2.1620,0.9262,0.3155,0.1793
-5.3965,6.3662,2.8323,0.6070,-0.4724,-0.5021,-9.5816,-1.6137,-2.2889,0.8777,0.2982,0.1178
-5.4492,6.2920,3.0885,0.4779,-0.5273,-0.4437,-9.4164,-1.4389,-2.1668,0.8474,0.2316,0.0236
-5.2337,6.3614,2.7797,0.3143,-0.1775,-0.3343,-9.4284,-1.4916,-1.9704,0.4307,0.3448,0.0853
-4.9919,6.4356,3.0789,0.5578,-0.3920,-0.3119,-9.4978,-1.2210,-2.0135,0.7249,0.2441,0.1162
-5.3558,6.6319,1.4054,0.3724,-0.3295,-0.3483,-9.5385,-0.7183,-3.1963,0.5846,0.2022,-0.0031
-5.9975,6.5841,2.2410,0.0269,0.1801,-0.1791,-9.5912,-1.3024,-2.9832,-0.0051,0.3044,-0.0953
-5.9592,6.4739,2.6001,0.0067,-0.1311,-0.1807,-9.7037,-1.5754,-2.8683,0.1907,0.0469,-0.0667
-5.9424,6.3183,2.4421,-0.1252,-0.0699,-0.0742,-9.5385,-1.6903,-2.8276,-0.0020,-0.0372,-0.0950
-6.2010,6.2058,2.3846,-0.1785,0.0476,0.1212,-9.5529,-1.7717,-3.0550,-0.2193,-0.1272,0.0009
-6.2010,6.1627,2.4157,-0.1920,-0.0152,0.2324,-9.4619,-1.7071,-3.3303,-0.1875,-0.2767,0.0409
-6.2920,5.8610,2.4086,-0.1727,-0.0621,0.4310,-9.3326,-1.9800,-3.2489,-0.1677,-0.3765,0.1636
-6.5098,6.2106,1.6496,-0.1845,-0.4928,0.5793,-9.1578,-1.2091,-3.7852,0.0023,-0.7561,0.2056
-5.3319,6.2920,1.2091,-0.9258,0.1367,1.0320,-8.8490,-0.6967,-2.7294,-1.1880,-0.8583,0.1633
-4.6448,6.4859,3.4979,-1.0994,0.3932,1.0305,-9.5002,-1.4700,-1.1349,-1.3344,-0.9197,-0.0160
-3.8642,6.3782,4.6184,-1.1446,0.6262,0.9329,-9.4619,-1.8771,0.1915,-1.4236,-0.7157,-0.1146
-4.2306,6.3063,3.6990,-1.3304,1.0621,1.1478,-9.3158,-1.7980,-0.3160,-2.0197,-0.5003,-0.1212
-3.3686,5.7892,5.2744,-1.1694,0.6105,0.9081,-8.8825,-1.9992,0.5770,-1.4627,-0.7167,-0.1580
-3.8140,5.9616,4.5035,-1.2550,0.9049,1.0347,-8.8753,-2.0806,-0.0048,-1.7576,-0.5702,-0.1148
-3.6224,5.8730,4.4676,-1.2071,0.7077,0.8643,-8.7867,-2.0806,0.2107,-1.5739,-0.5513,-0.2763
-3.4644,5.5905,5.9687,-1.1413,0.6691,0.7838,-8.9902,-2.9473,1.0822,-1.3544,-0.5377,-0.2862
-3.9121,5.3247,4.9584,-1.2008,0.8559,0.6627,-8.8633,-3.2705,0.0694,-1.5890,-0.3444,-0.3391
-3.7613,4.5801,5.8203,-1.2596,1.1005,0.7823,-8.5928,-3.7565,0.8284,-1.8965,-0.3016,-0.2360
-3.8044,4.2425,5.0685,-1.4152,1.0949,0.9471,-8.4228,-3.8475,0.1556,-2.0276,-0.3014,-0.2380
-4.6280,4.4460,5.7197,-1.2786,1.2408,0.6017,-8.8250,-4.4149,-0.1484,-1.7964,-0.1479,-0.3481
-4.7214,3.8044,6.0047,-1.3308,1.5989,0.7167,-8.3989,-4.6471,-0.2753,-2.1149,0.0211,-0.3324
-5.2409,3.8499,6.2058,-0.9257,0.7177,0.4429,-8.5090,-5.0254,-0.9984,-1.1680,-0.0257,-0.3107
-4.7549,3.5386,6.0932,-0.7101,0.1747,0.2915,-8.4443,-5.2289,-0.4166,-0.6165,-0.2634,-0.2450
-5.4923,3.5434,5.3079,-0.6359,0.3480,0.3385,-8.2624,-5.2026,-1.3120,-0.7805,-0.2277,-0.1524
-5.1212,3.3591,6.2321,-0.4708,0.0226,0.3086,-8.3582,-5.4061,-0.7111,-0.3425,-0.4114,-0.1230
-4.8004,3.4309,5.7126,-0.4024,-0.0842,0.3635,-8.2600,-5.2170,-0.9002,-0.3111,-0.4393,-0.0025
-5.4660,3.8307,5.5162,-0.3215,-0.0137,0.3762,-8.4036,-4.8746,-0.8667,-0.3295,-0.3599,-0.0031
-5.0015,3.9840,6.0789,-0.3142,-0.0914,0.2389,-8.5976,-4.8243,-0.3136,-0.2126,-0.2761,-0.1041
-4.4508,3.6966,6.0573,-0.4245,0.1917,0.2360,-8.3582,-4.7525,-0.2490,-0.4616,-0.1214,-0.1442
-4.7238,3.7828,6.5170,-0.3102,-0.0902,0.1475,-8.6431,-5.3893,0.1844,-0.1833,-0.2289,-0.0753
-4.1228,3.5913,6.4260,-0.1923,-0.0674,0.0779,-8.3510,-5.1116,0.3184,-0.1065,-0.1891,-0.0731
-4.5131,3.4884,5.9999,-0.2434,0.1063,0.0266,-8.0254,-4.8842,0.0742,-0.1876,-0.0662,-0.1007
-4.2066,3.2896,6.2153,-0.1969,0.0773,-0.0016,-7.9655,-5.1212,0.1891,-0.1748,-0.0052,-0.0941
-4.2449,3.3184,6.7660,-0.1957,0.0701,-0.0941,-8.1834,-5.4971,0.4788,-0.1211,0.0052,-0.1119
-4.6926,3.4213,6.7301,-0.0472,0.0216,-0.1472,-8.3582,-5.3558,0.2418,0.0168,0.0878,-0.0384
-4.6687,3.6871,6.7301,0.0296,0.1324,-0.1152,-8.7724,-5.5162,0.1006,-0.0742,0.2222,0.0624
-4.7740,3.7086,6.4548,0.0815,0.1287,-0.1905,-8.6263,-5.2385,-0.2179,0.0021,0.2817,0.0282
-5.0111,3.7206,5.8514,0.1897,0.2034,-0.3307,-8.4204,-4.9919,-0.3472,0.0502,0.3910,0.0493
-4.8961,3.4357,5.5402,0.0734,0.1861,-0.3484,-8.0397,-4.7812,-0.6009,0.0290,0.4251,-0.0945
-5.5210,2.8970,4.9895,-0.1120,0.3258,-0.4133,-7.8171,-5.3917,-1.7286,-0.1124,0.4447,-0.2088
-6.3183,2.6863,5.3175,-0.0846,0.2486,-0.3130,-7.9224,-5.9017,-2.1213,-0.0843,0.2719,-0.1819
-6.1699,2.5690,5.1020,0.0833,-0.0274,-0.1673,-7.6495,-5.6048,-2.1907,0.1222,0.1755,-0.0312
-5.6838,2.7773,5.4660,0.1110,-0.2661,-0.0783,-7.8051,-5.4851,-1.6209,0.2431,0.0516,0.0644
-5.2816,2.8730,4.9871,0.1649,-0.1735,-0.1656,-7.6686,-5.0685,-1.4198,0.2745,0.1231,0.0152
-5.3654,3.0957,5.1715,-0.0087,-0.0281,-0.2136,-7.9607,-5.0613,-1.3767,0.0759,0.1980,-0.1088
-5.5402,3.2417,5.4660,-0.0296,-0.0931,-0.2001,-8.1762,-5.3463,-1.1636,0.0955,0.1527,-0.0809
-5.2984,3.0023,5.6695,-0.0476,-0.0994,-0.1306,-8.0828,-5.5498,-1.0582,0.0621,0.1490,-0.0486
-5.6862,3.1053,5.6431,0.1434,-0.1174,-0.2395,-8.0876,-5.6288,-1.1444,0.2080,0.1625,0.0406
-5.0685,2.9449,5.2313,0.1238,0.0101,-0.2679,-7.5226,-4.9488,-1.3455,0.1563,0.2510,0.0151
-5.3534,2.8850,5.2960,0.0742,0.0502,-0.2461,-7.7476,-5.3989,-1.1492,0.0378,0.2582,0.0228
-5.7413,2.8826,5.0805,0.0624,-0.1210,-0.1639,-7.9368,-5.4468,-1.5706,0.1236,0.0825,0.0614
-6.0885,3.0287,5.4157,0.1519,0.0582,-0.0778,-8.2768,-5.6216,-1.7382,0.1023,0.0679,0.0939
-6.1004,2.7485,4.9464,0.0819,0.0381,-0.0289,-7.9487,-5.6934,-1.8172,0.0390,0.0413,0.0951
-5.6886,2.9042,5.4516,0.0653,-0.0329,0.1090,-8.0373,-5.5665,-1.6113,-0.0173,0.0104,0.1419
-5.4253,3.2106,4.8914,0.1167,-0.2345,0.1355,-7.9272,-4.8171,-1.3647,0.1250,-0.1359,0.1744
-5.6551,3.2753,5.6503,-0.6915,-0.3850,0.1318,-8.2384,-6.1507,-0.3256,-0.3914,-0.6708,-0.1524
-5.7293,3.1053,6.1962,0.0610,-0.0505,0.0774,-8.2097,-5.5306,-1.0582,0.0942,-0.2533,0.1913
-5.6168,3.3998,5.0398,-0.0372,0.1139,0.0628,-8.0948,-5.1212,-1.5586,-0.1198,-0.0336,0.1483
-5.0637,3.4979,4.8842,-0.0334,-0.0802,-0.0020,-7.9272,-4.4580,-1.1181,0.0088,-0.0979,0.0265
-5.4396,3.4429,4.4700,-0.1459,0.0420,-0.0685,-7.9607,-4.4843,-1.5395,-0.0782,-0.0312,-0.0869
-5.6767,3.5482,5.1715,-0.1937,0.0610,-0.0954,-8.4180,-5.0374,-1.5083,-0.1002,0.0410,-0.1492
-5.7533,3.3830,5.7892,-0.1535,-0.1152,-0.0938,-8.6095,-5.6360,-1.3862,0.0857,0.0282,-0.0898
-5.8969,3.3615,5.5617,0.1231,-0.4563,-0.1596,-8.2791,-5.3319,-1.2905,0.4357,-0.1071,0.0185
-5.4684,3.2633,5.2768,-0.2458,0.1360,-0.0456,-8.1307,-5.2241,-1.3168,-0.2060,0.0248,-0.0337
-5.2433,3.2992,5.3846,-0.0838,-0.1687,-0.0715,-7.9942,-4.9464,-1.1492,0.0601,-0.0220,-0.0946
-5.5498,3.2370,5.1212,-0.2057,0.0089,-0.0958,-8.0421,-5.1547,-1.1732,-0.1026,0.0292,-0.1631
-5.7604,3.0718,5.4109,-0.1587,0.0236,-0.0826,-8.0828,-5.3678,-1.5131,-0.0642,0.0053,-0.1423
-5.7820,2.9137,5.3032,-0.1724,0.0165,-0.0308,-8.1882,-5.8035,-1.2809,-0.0658,-0.0101,-0.0485
-5.7174,2.9832,5.2816,-0.1272,-0.0594,-0.0302,-8.0469,-5.4636,-1.6975,-0.0490,-0.0413,-0.0670
-5.5665,2.9951,5.4803,-0.1026,-0.0485,-0.0148,-7.8769,-5.3702,-1.1013,-0.0481,-0.0446,-0.0305
-5.3702,3.0406,5.7772,-0.0630,-0.0441,0.0160,-8.1068,-5.5330,-0.9170,-0.0478,-0.0226,-0.0104
-5.4923,3.0598,5.3056,-0.0510,-0.0001,-0.0233,-7.9344,-5.2361,-1.2833,-0.0229,0.0169,-0.0087
-5.6455,3.0909,5.5138,-0.0751,0.0901,-0.0410,-7.9918,-5.3319,-1.3240,-0.0759,0.0802,-0.0264
-5.5210,3.0765,5.4396,-0.1114,-0.0713,-0.0075,-8.0254,-5.3678,-1.4796,-0.0389,0.0116,-0.0456
-5.6647,3.0215,5.5306,-0.0947,-0.0421,-0.0113,-7.9823,-5.3391,-1.3360,-0.0181,-0.0079,-0.0087
-5.6934,2.9975,5.6120,-0.1038,0.0157,-0.0358,-8.0924,-5.6048,-1.4006,-0.0629,0.0016,-0.0302
-5.6671,3.0598,5.6072,-0.0508,-0.0457,0.0230,-7.9990,-5.5402,-1.2665,-0.0426,-0.0288,-0.0104
-5.3654,3.0454,5.3271,-0.0989,-0.0417,-0.0012,-7.9511,-5.3822,-1.3982,-0.0448,-0.0152,-0.0117
-5.7413,3.0335,5.5881,-0.0746,0.0145,0.0171,-8.2073,-5.7988,-1.1181,-0.0713,0.0043,0.0201
-5.6120,2.9951,5.5665,-0.0949,-0.0065,-0.0033,-8.0062,-5.3893,-1.1947,-0.0625,0.0067,0.0012
-5.1978,2.9688,5.4971,-0.0434,-0.0698,-0.0218,-7.9200,-5.3654,-1.2306,-0.0085,-0.0055,-0.0081
-5.5402,3.0742,5.4588,-0.1131,0.0333,-0.0222,-7.9799,-5.4827,-1.1085,-0.0835,0.0382,-0.0253
-5.6024,3.0071,5.4037,-0.0650,-0.0454,-0.0537,-7.8889,-5.4085,-1.1851,-0.0053,-0.0068,-0.0081
-5.5043,2.9616,5.4540,-0.0739,0.0008,-0.0284,-7.9775,-5.4133,-1.2306,-0.0376,0.0017,-0.0280
-5.5450,2.9688,5.2720,-0.0906,-0.0035,-0.0437,-8.0373,-5.4803,-1.3312,-0.0376,0.0252,-0.0424
-5.6503,3.0287,5.5091,-0.0795,-0.0409,0.0112,-8.1666,-5.5498,-1.0965,-0.0388,-0.0286,0.0045
-5.4995,2.8778,5.8012,-0.0554,0.0041,-0.0586,-7.9583,-5.6144,-1.0582,-0.0063,0.0465,-0.0125
-5.6790,2.8730,5.5713,-0.0634,-0.0129,-0.0266,-7.9080,-5.4708,-1.3719,-0.0266,0.0381,-0.0241
-5.8227,2.9544,5.5905,-0.0420,0.0116,-0.0341,-8.0397,-5.6455,-1.3264,-0.0470,0.0392,-0.0023
-5.5617,2.9185,5.4492,-0.0958,0.0361,0.0097,-7.8602,-5.4588,-1.2450,-0.0935,-0.0047,0.0213
-5.6264,2.9544,5.4827,-0.0817,-0.0316,0.0092,-8.0469,-5.4540,-1.3743,-0.0625,0.0116,-0.0137
-5.6551,2.9497,5.5019,-0.0686,-0.0003,-0.0140,-8.0038,-5.5258,-1.1205,-0.0416,0.0072,-0.0061
-5.8083,2.9999,5.3989,-0.1023,0.0577,-0.0434,-7.8626,-5.3989,-1.2857,-0.0907,0.0329,-0.0344
-5.7748,2.9856,5.3367,-0.0418,-0.0277,-0.0405,-8.0062,-5.4085,-1.1803,0.0159,0.0068,0.0081
-5.6024,3.0023,5.6024,-0.0959,-0.0040,-0.0027,-8.0445,-5.4803,-1.3168,-0.0500,0.0051,-0.0288
-5.7509,2.9185,5.3008,-0.1104,0.0055,-0.0321,-7.8889,-5.4731,-1.2546,-0.0577,-0.0184,-0.0264
-5.5162,2.8754,5.6814,-0.0617,-0.0313,-0.0410,-8.0158,-5.7150,-1.0534,-0.0051,-0.0119,0.0068
-5.6623,2.9521,5.0398,-0.0783,-0.0151,-0.0131,-7.8985,-5.3606,-1.1732,-0.0225,-0.0119,0.0108
-5.3702,2.8539,5.5234,-0.0903,-0.0302,-0.0569,-8.0110,-5.6168,-0.9577,-0.0269,0.0061,-0.0177
-5.6862,3.0382,5.4899,-0.1031,0.0136,-0.0212,-7.9727,-5.5186,-1.2234,-0.0520,0.0085,-0.0350
-5.6479,2.9305,5.7317,-0.0658,-0.0199,-0.0248,-8.0325,-5.5737,-1.2570,-0.0109,-0.0089,0.0292
-5.6168,3.0143,5.4085,-0.1104,-0.0077,-0.0169,-7.8769,-5.3822,-1.4605,-0.0690,0.0087,-0.0330
-5.5857,2.9616,5.4300,-0.0722,-0.0556,-0.0088,-7.9344,-5.3989,-1.2617,-0.0322,-0.0155,-0.0123
-5.5857,2.9185,5.5019,-0.0576,0.0013,-0.0372,-8.0493,-5.6216,-1.1708,-0.0310,0.0061,-0.0085
-5.7533,2.9808,5.3678,-0.0921,-0.0200,-0.0316,-7.9152,-5.4923,-1.2330,-0.0252,0.0103,-0.0212
-5.5498,2.8730,5.6790,-0.0885,-0.0360,-0.0016,-8.0230,-5.5330,-1.0774,-0.0450,-0.0065,-0.0165
-5.4181,2.9784,5.5474,-0.0673,-0.0554,-0.0385,-7.9128,-5.3917,-0.7159,-0.0204,0.0108,-0.0309
-4.7429,3.2322,6.2297,0.0318,-0.0222,-0.1355,-8.1427,-5.4253,0.0287,0.0849,0.1387,-0.0274
-4.8052,3.0550,5.3032,0.0939,-0.0296,-0.2615,-7.4986,-4.8339,0.0503,0.1196,0.1190,-0.0048
-5.1691,2.8515,5.6407,0.0346,0.3921,-0.3629,-7.8362,-5.5210,-0.6800,-0.0420,0.4088,-0.0842
-5.3989,2.8563,5.3534,0.1035,0.0329,-0.3825,-7.8051,-5.3558,-0.8835,0.1116,0.3956,0.0131
-6.0885,2.8635,4.5346,0.0597,0.0763,-0.5007,-7.1730,-5.1260,-2.1045,0.2325,0.4422,-0.2389
-6.4165,2.4014,4.9704,-0.1364,0.1929,-0.4425,-7.8075,-5.8802,-2.4062,-0.0171,0.3396,-0.2655
-6.6631,2.2434,4.8411,-0.1200,0.0240,-0.3840,-7.4939,-5.9568,-2.1955,0.0833,0.1727,-0.2226
-6.4428,2.0183,4.9584,-0.1703,-0.0545,-0.3387,-7.5944,-6.1220,-2.1261,0.0389,0.1752,-0.2570
-6.5936,2.0231,5.2457,-0.1276,-0.0412,-0.2411,-7.6591,-6.4452,-2.0758,0.0306,0.1025,-0.2093
-6.6272,1.8124,5.5929,-0.1280,-0.1346,-0.1929,-7.6184,-6.7205,-2.0853,0.0205,0.0618,-0.1688
-6.6128,1.8172,5.4013,-0.0719,-0.0185,-0.1058,-7.6207,-6.5362,-2.1979,-0.0191,0.0910,-0.0835
-6.2584,1.7478,5.4277,-0.0421,0.0955,-0.0759,-7.4986,-6.4260,-1.8675,-0.0771,0.1162,-0.0496
-6.1220,1.9537,5.2409,-0.0153,-0.0570,-0.0823,-7.3837,-6.1052,-1.8507,0.0424,0.0717,-0.0445
-6.4500,1.9609,5.2385,-0.0337,0.0055,-0.0942,-7.5202,-6.2082,-1.9273,0.0024,0.0694,-0.0336
-6.4141,1.8507,5.1404,-0.1059,0.0067,-0.0730,-7.3047,-6.2848,-2.1117,-0.0598,0.0466,-0.0529
-6.4356,1.8842,5.2289,-0.0843,0.0382,-0.0834,-7.4771,-6.4141,-2.0111,-0.0378,0.0524,-0.0420
-6.6726,1.8172,5.4731,-0.0572,-0.0201,-0.0392,-7.6255,-6.6487,-2.0566,-0.0316,0.0266,-0.0216
-6.4859,1.7861,4.9775,-0.0409,-0.0690,-0.0031,-7.4077,-6.3351,-2.3128,-0.0135,0.0084,-0.0059
-6.3662,1.8316,5.3630,-0.0593,0.0036,0.0171,-7.3598,-6.3518,-2.0734,-0.0533,0.0132,-0.0008
-6.2369,1.7526,5.3127,-0.0989,-0.0694,0.0434,-7.3598,-6.4476,-1.9249,-0.0739,-0.0381,0.0007
-6.2441,1.9082,5.1020,-0.0426,-0.0939,0.0524,-7.3095,-6.2632,-1.9920,-0.0438,-0.0370,0.0067
-6.5170,1.8340,5.2433,-0.0218,-0.0538,0.0506,-7.2137,-6.3159,-2.1811,0.0077,-0.0707,0.0649
-6.5170,1.8052,4.8554,-0.0317,-0.0927,0.0525,-7.2927,-6.3638,-2.5259,0.0115,-0.1116,0.0608
-6.9240,1.8723,5.2601,-0.0192,-0.0678,0.1557,-7.6064,-6.6439,-2.7294,-0.0044,-0.1608,0.0982
-7.0964,1.7909,5.1906,-0.0481,-0.1816,0.2402,-7.5776,-6.8690,-2.6983,0.0013,-0.1895,0.1356
-6.5266,1.8052,5.3343,0.0580,-0.4915,0.3143,-7.4005,-6.6248,-2.1380,0.2378,-0.3861,0.1900
-6.0094,2.2122,5.2553,-0.0418,-0.5084,0.3965,-7.6016,-6.3159,-1.5969,0.1463,-0.4041,0.2176
-5.1475,2.6480,6.6080,0.0476,-0.3722,0.4915,-7.8793,-6.1890,-0.3352,0.0774,-0.4221,0.3166
-4.3742,3.0646,6.0430,0.0628,-0.3312,0.4186,-7.8697,-5.4037,0.2059,0.0501,-0.2978,0.3375
-4.2880,3.2417,6.0837,0.0012,-0.0846,0.2986,-7.7093,-5.0996,0.2346,-0.1035,-0.1541,0.2248
-3.9840,3.4117,5.9759,-0.0175,-0.0830,0.1424,-7.9176,-4.8650,0.2562,-0.0677,-0.0794,0.1338
-4.3431,3.4309,5.9448,-0.0164,0.0509,0.0413,-7.9823,-4.8937,-0.0766,-0.0739,0.0433,0.0510
-5.0685,3.2250,5.9759,-0.0353,0.1171,-0.0257,-8.0182,-5.4875,-0.4621,-0.0963,0.0755,0.0416
-4.9033,3.3375,5.6647,0.0175,-0.0076,-0.0326,-7.9966,-5.0996,-0.5962,-0.0241,0.0649,-0.0032
-4.5657,3.3878,5.7820,-0.0717,0.0408,-0.0826,-7.8697,-4.7405,-0.0431,-0.0376,0.0798,-0.0362
-4.5993,3.5314,5.3941,-0.1207,0.0448,-0.2743,-7.8530,-4.7549,-0.3615,0.0293,0.1787,-0.1887
-5.0925,3.0287,5.6958,-0.1476,0.1463,-0.3325,-7.8650,-5.3032,-0.7877,-0.0159,0.2252,-0.2511
-5.8227,2.5259,5.9592,-0.2005,0.1791,-0.2794,-7.7237,-6.2130,-1.0678,-0.1015,0.1761,-0.2030
-5.8035,2.4780,5.8371,-0.0759,0.1035,-0.1777,-7.7476,-6.2704,-1.4198,-0.0633,0.1544,-0.0973
