-4.9344,7.6064,0.9146,0.4128,0.1668,-0.0534,0.5387,6.4739,5.6072,0.4357,-0.2534,0.0191
-5.1739,7.7381,1.1229,0.4843,0.1314,-0.0568,0.3472,6.6272,5.6336,0.4439,-0.2880,-0.0368
-5.1068,7.6088,0.3855,0.5131,0.0998,-0.0353,0.5746,6.8307,5.2792,0.4253,-0.4422,-0.0332
-5.1020,7.6591,0.2298,0.3970,0.0967,-0.0497,0.6225,6.8498,5.0996,0.3748,-0.2690,-0.0572
-5.0661,7.8075,0.2179,0.4924,0.0977,-0.0392,0.7254,6.9432,5.1619,0.3896,-0.3126,-0.0741
-5.1092,7.8386,-0.4549,0.6263,-0.0253,-0.0376,0.9673,7.2640,4.7740,0.4838,-0.5742,-0.0918
-5.3271,7.9009,-0.1987,0.6364,0.0384,-0.0915,0.7614,7.3550,4.7884,0.5181,-0.3198,-0.1507
-5.3798,7.7428,-1.2115,0.6451,0.0188,-0.0537,0.8380,7.6399,4.3766,0.4914,-0.5977,-0.1443
-4.9488,7.7189,-1.0989,0.3328,-0.0376,0.0123,1.1181,7.7644,3.9959,0.5220,-0.2587,-0.1378
-5.4755,7.8602,-1.1995,0.5168,0.2427,-0.1647,0.9481,8.0206,3.9385,0.5644,-0.2128,-0.0802
-5.4348,8.0014,-1.5850,0.6963,0.0654,-0.0425,1.0894,8.1235,3.6847,0.5702,-0.5315,-0.1095
-5.4971,7.7069,-2.9377,0.6763,-0.0589,-0.1829,1.2977,8.5114,3.0071,0.5221,-0.4377,-0.3206
-5.4827,7.8865,-2.2314,0.5045,0.0827,-0.2144,0.9673,8.4228,3.0957,0.4502,-0.1524,-0.2753
-5.4324,7.4795,-2.5642,0.8776,-0.1268,-0.1123,1.2689,8.6957,1.9082,0.5740,-0.6094,-0.3353
-5.7269,7.1635,-3.3327,0.4413,-0.0843,-0.1376,0.9649,8.4851,2.1811,0.2678,-0.2546,-0.2619
-5.6934,7.5441,-2.8108,0.6229,-0.1326,-0.0581,0.7111,8.5497,2.5857,0.4090,-0.4962,-0.2248
-5.4085,7.1204,-4.1156,0.9305,-0.5136,0.0252,1.4126,8.9280,1.7549,0.2947,-0.9353,-0.3808
-5.6168,7.1898,-3.7733,0.2526,0.0236,-0.1416,1.1420,8.8298,2.2721,0.2221,0.0304,-0.1560
-6.0621,7.5489,-3.4333,0.3235,-0.0979,-0.1120,0.8859,9.0860,2.0375,0.1720,-0.4385,-0.2057
-5.4660,7.2760,-4.3407,0.6286,-0.3019,-0.1002,1.4413,9.1889,1.7262,0.2478,-0.5099,-0.3417
-6.1124,7.1012,-3.9241,0.0124,0.1069,-0.3031,0.7398,9.2057,1.5107,0.2743,0.5604,-0.2132
-5.8466,6.9983,-4.4388,0.3034,-0.0834,-0.1804,1.1396,9.1650,1.4748,0.3176,-0.2337,-0.1338
-6.0406,6.8163,-4.0893,-0.1283,0.3148,-0.4150,0.7733,9.1937,1.2474,0.2866,0.5000,-0.1053
-6.1172,6.4907,-4.6304,-0.0021,0.0669,-0.3761,0.8978,9.4212,0.4477,0.2409,-0.2037,-0.1396
-6.3231,6.3758,-4.5250,-0.1452,0.0910,-0.4199,0.5052,9.2296,0.6345,0.1787,0.5592,-0.2196
-6.5481,6.2201,-4.4053,-0.1525,-0.0360,-0.2992,0.1197,9.1985,0.6776,-0.0402,0.0228,-0.2458
-6.3758,6.3207,-4.1731,-0.1564,0.0667,-0.3186,0.2059,9.2967,0.7207,0.0771,0.2884,-0.1735
-6.6607,6.1507,-4.4197,-0.2537,0.0598,-0.2879,0.1460,9.4164,0.7183,0.0143,0.2695,-0.1691
-6.8833,6.1794,-4.2234,-0.2286,0.0729,-0.2915,-0.2658,9.3733,0.8356,0.0032,0.2975,-0.1649
-6.9815,6.1627,-4.1037,-0.1051,0.0582,-0.2698,-0.2394,9.3733,0.8978,0.0929,0.1533,-0.1242
-7.1323,6.0118,-4.0247,-0.1207,0.0853,-0.2721,-0.7901,9.1387,1.0606,0.1396,0.2874,-0.0886
-6.7660,5.9041,-4.4676,-0.0176,0.1244,-0.2671,0.1628,9.5792,0.3376,0.2619,0.0741,0.0360
-6.9192,5.8921,-4.6639,-0.1340,0.1327,-0.3051,-0.1963,9.4763,0.3639,0.1581,0.3527,-0.0521
-7.0390,5.7197,-4.6160,-0.1712,0.1817,-0.3323,-0.2370,9.5624,0.0359,0.1747,0.3259,-0.0396
-7.2401,5.4468,-4.6112,-0.2978,0.0945,-0.3311,-0.1939,9.6103,-0.2059,0.0512,0.3312,-0.1095
-7.4939,5.3486,-4.3910,-0.3452,0.1130,-0.3399,-0.7183,9.4810,-0.2059,0.0048,0.4798,-0.1808
-7.3526,5.1906,-4.5035,-0.1727,-0.0163,-0.2293,-0.6273,9.4930,-0.4190,-0.0195,0.1216,-0.1479
-7.5944,5.1451,-4.4652,-0.2314,0.0107,-0.2318,-0.7039,9.6199,-0.4214,-0.0436,0.2685,-0.1623
-7.5202,5.3223,-4.2952,-0.2316,-0.0971,-0.2165,-0.6536,9.6007,-0.0096,-0.0853,0.1223,-0.1525
-7.5369,5.4420,-4.4149,-0.2249,-0.1242,-0.2505,-0.4262,9.8067,-0.1077,-0.1466,0.1328,-0.2453
-7.8266,5.2840,-3.8451,-0.2737,-0.1007,-0.3316,-0.9816,9.7205,0.3783,-0.1051,0.2414,-0.3263
-8.2432,5.0685,-3.7661,-0.1443,-0.1518,-0.2883,-1.4748,9.6534,0.1437,-0.0646,0.0681,-0.3329
-8.2456,4.7669,-3.9959,-0.0906,-0.1829,-0.2892,-1.8028,9.5050,0.1844,-0.0136,0.0454,-0.3026
-8.2337,4.7357,-3.9456,-0.1163,-0.1927,-0.2735,-1.7166,9.5984,-0.0335,-0.0787,0.0723,-0.3160
-8.2408,4.7860,-3.7924,-0.1679,-0.1884,-0.3238,-1.4724,9.6295,-0.0622,-0.1098,0.0917,-0.3517
-8.2456,4.7477,-3.5410,-0.2182,-0.2006,-0.3925,-1.6759,9.4667,0.2083,-0.0737,0.1613,-0.3973
-7.9751,4.1324,-3.4788,-0.2393,-0.2333,-0.3973,-2.1093,8.8418,0.2801,-0.1179,0.2001,-0.3862
-7.8793,3.7996,-3.1268,-0.2045,-0.1001,-0.3086,-2.2098,8.4994,-0.0311,-0.0706,0.1664,-0.2791
-7.8602,3.6943,-3.0478,-0.1843,-0.0312,-0.2406,-2.5929,8.4132,-0.0024,-0.0461,0.1993,-0.1885
-8.2289,3.5985,-3.2896,-0.0063,0.0410,-0.1673,-2.7557,8.5712,-0.1508,0.0016,0.0440,-0.0993
-8.2648,3.5650,-3.4836,0.0349,-0.0065,-0.1140,-2.6217,8.8753,-0.1772,-0.0641,-0.0997,-0.0718
-8.7532,3.5195,-3.4812,0.0709,0.0544,-0.0410,-2.7605,9.1554,-0.2705,-0.0163,-0.0943,0.0005
-8.5281,3.5554,-3.1627,0.0637,-0.0504,0.0105,-2.6001,9.0884,0.1987,-0.0385,-0.0906,0.0342
-8.6024,3.7541,-3.5769,0.0881,0.0652,-0.0183,-2.4588,9.1913,-0.1077,-0.0137,-0.0846,0.0249
-8.2504,3.7206,-3.2322,0.1183,-0.0027,-0.1528,-2.5163,9.1506,-0.0359,-0.0260,-0.0548,0.0115
-8.6095,3.1388,-3.5482,0.0136,0.1168,-0.8720,-2.6360,8.7508,-0.0862,-0.0400,-0.2495,1.2636
-8.2672,2.8204,-3.0358,-0.1985,-0.0201,-0.4551,-1.2665,8.4994,-0.3807,0.1152,0.3162,0.9284
-9.8138,3.4668,-3.7996,-0.0376,0.1320,-0.4190,-0.5962,10.4890,0.5459,0.1506,0.1310,0.9903
-11.5568,3.2034,-3.9648,-0.0257,-0.2065,-0.1720,-0.9409,12.4714,0.5219,0.0428,0.1704,-0.1744
-11.3796,2.2482,-3.9672,-0.1183,-0.2156,-0.2384,-2.5139,11.1235,-1.0319,-0.0981,0.2224,-0.2811
-9.5768,2.1859,-2.8180,-0.0051,-0.2356,0.7185,-1.0630,8.3629,-1.0223,-0.2481,-0.2634,-0.1676
-3.6631,2.0638,-5.3008,0.4894,-0.4421,1.5447,-1.0798,6.5769,0.2059,-0.2859,-0.2542,-0.2288
-9.7540,5.5138,-3.9768,-0.1988,0.6237,0.5391,-1.9082,11.5927,0.7063,0.0966,-0.1644,0.4453
-12.7611,4.9321,-3.9600,-0.0180,-0.1980,-1.4643,-1.0487,13.6374,1.0534,-0.2565,0.2802,-0.4748
-10.5465,3.1819,-3.9576,0.0200,-0.5580,-0.7714,-2.5738,10.2017,-0.1030,-0.1548,0.1242,-0.6462
-8.0876,2.4110,-3.4453,-0.3099,-0.4619,-0.4626,-2.0877,8.0038,-0.2897,-0.2911,0.4179,-0.4046
-7.3287,2.6217,-2.5283,-0.3055,-0.1244,-0.1007,-1.9776,7.1467,0.0934,-0.2915,0.2086,-0.1986
-6.9743,2.7940,-2.4612,-0.1266,-0.1608,0.0300,-1.4964,7.1108,0.6393,-0.1795,-0.0216,-0.1159
-7.6471,2.8252,-2.7007,0.0486,-0.1027,0.1482,-2.0231,7.7476,0.4166,-0.0702,-0.2193,-0.0103
-8.3486,3.0622,-3.0430,0.0542,0.0008,0.1877,-2.0806,8.8035,0.2155,0.0192,-0.2261,0.1498
-9.0046,3.3854,-2.8802,0.0412,0.0183,0.1740,-1.9178,9.3757,0.7518,-0.0425,-0.2490,0.1407
-8.7460,3.8523,-3.1723,-0.0694,0.0136,0.0589,-1.2043,9.6798,0.9529,-0.1977,-0.1359,-0.0548
-8.6838,3.9097,-3.0382,-0.1668,0.0534,-0.2483,-1.7071,9.3853,1.4078,0.0389,0.1639,-0.0778
-8.9208,3.2178,-3.1436,0.0117,0.0642,-0.1439,-2.2817,9.1171,0.6752,0.1175,0.0488,-0.1275
-10.2400,2.7461,-3.1436,-0.0553,0.1306,0.5045,-2.2793,9.1099,0.3160,-0.0076,-0.0670,-0.1027
-8.7987,3.3495,-2.8036,-0.0472,0.1328,0.3487,-2.4253,8.9926,0.2610,-0.1202,-0.0926,-0.0012
-8.6766,3.4285,-2.9784,0.0930,-0.1533,1.1648,-2.5163,9.0932,0.5866,-0.1096,-0.2976,0.0650
-7.5106,4.4963,-3.8618,-0.2502,0.0658,0.7974,-2.2027,9.1554,0.6345,-0.0961,-0.1148,0.0224
-7.0366,4.7669,-3.3136,-0.1110,0.2762,-1.3103,-1.8004,9.2584,0.8164,0.0005,0.2593,-0.0023
-9.7037,3.2729,-2.8467,-0.0258,0.0588,-2.0523,-1.5323,9.0956,0.6800,0.1051,0.4533,-0.0189
-9.5337,2.9377,-2.5067,-0.0542,-0.1667,-0.8912,-2.1213,9.0836,0.8715,0.1258,0.1492,0.1299
-10.0700,2.6217,-2.7438,0.1836,0.1929,0.1483,-1.9848,9.4906,-0.2298,0.1972,0.1907,1.0019
-9.4427,2.7246,-2.1524,0.7180,0.1166,2.1603,-0.6656,9.3541,0.4597,-0.2940,-0.3444,0.7665
-8.3366,3.4453,-6.0286,0.0065,-0.0802,0.5653,1.9034,9.1435,2.0135,0.0486,-1.2660,-0.2758
-7.9895,3.9528,-3.6152,-0.5291,-0.0949,0.4068,-0.5124,9.4619,0.5291,0.1387,0.2172,-1.1711
-7.8913,4.2186,-3.5745,-0.0629,-0.0420,-0.1636,-4.4652,8.9064,-0.1101,0.1569,0.1645,-1.4947
-8.6910,4.0965,-3.3136,-0.1411,0.0425,-0.2475,-2.7198,9.0333,0.3160,0.0040,0.0233,-0.1931
-8.3606,3.8523,-3.7254,-0.1867,-0.0413,-0.0400,-2.6791,8.7747,0.6847,-0.2923,-0.1013,-0.1656
-8.7532,3.9073,-3.2633,-0.3158,0.1470,-0.1299,-2.8084,8.9878,0.3639,-0.1652,0.1162,-0.0602
-8.5904,4.0151,-3.2106,-0.1703,-0.0496,0.0987,-2.5977,9.1171,0.2682,-0.2482,-0.1940,-0.1857
-8.6311,4.0582,-3.5099,-0.2278,-0.0302,0.0610,-2.8395,8.9304,0.6943,-0.2987,-0.1903,-0.3333
-8.2959,4.1252,-4.1084,-0.2912,-0.2535,0.4162,-2.9928,8.9136,0.7829,-0.1998,-0.1927,-0.1528
-2.8994,4.0055,-1.4389,0.3505,-0.2842,-2.0384,-11.5808,6.3590,4.1731,0.6372,1.3663,3.6981
-12.2392,1.4341,-4.0893,0.6738,0.4106,-2.6326,6.9576,9.5098,-0.0886,0.5032,0.8954,3.9936
-10.0940,1.8364,-3.0311,0.0853,0.1565,-1.1143,2.7605,9.0980,1.8771,0.2543,0.1186,1.8720
-9.5529,1.6664,-3.6943,0.1152,-0.0751,-0.5200,3.3136,9.4068,-0.4022,0.3802,0.0653,0.2639
-9.3254,1.2163,-3.6895,-0.1808,-0.1515,0.0629,1.3886,9.5409,-0.2514,-0.1358,0.0510,-0.2828
-9.2680,1.3024,-3.0430,-0.1901,-0.0181,0.0573,0.9218,9.4571,0.6009,-0.0879,0.0528,-0.0729
-9.4906,1.3479,-3.1771,-0.1439,0.1495,0.1122,1.3743,9.6558,-0.0766,0.0213,-0.0434,-0.1805
-9.2608,1.6328,-3.0406,-0.1883,-0.0837,0.2038,1.1875,9.3015,0.1820,0.1039,0.0252,-0.6031
-9.1937,1.3886,-3.4884,-0.0400,0.0193,-0.0177,0.0359,9.4691,-0.4429,-0.0226,-0.0509,-0.3501
-8.4060,2.7366,-2.5259,-0.6042,-0.6491,0.5244,-4.6136,8.0900,1.5060,-0.9522,0.3313,-1.3863
-8.6311,2.7007,-1.4796,0.1593,0.5329,-0.1973,-2.5881,9.3661,-0.1532,0.1234,0.3754,0.0786
-9.0094,3.0382,-3.1292,0.3837,0.2149,-0.4185,-2.3966,9.3254,0.0144,0.1243,-0.2892,0.2773
-9.2703,2.5881,-3.2130,0.4912,0.6165,-0.6452,-2.3296,9.1411,0.6009,0.5089,-0.1223,0.6947
-9.4403,2.3559,-3.7852,0.0013,0.0148,-0.1035,-2.0542,9.4020,-0.0718,0.2394,-0.0484,0.8749
-9.1147,2.0997,-3.3686,-0.1900,-0.0606,0.0787,-1.7334,9.4954,-0.3687,0.0807,0.1784,0.4887
-9.3757,1.8818,-3.3160,0.0009,-0.0215,0.0882,-2.0423,9.5672,-0.4645,-0.0577,0.0055,0.2549
-8.8562,1.2426,-3.7445,0.3329,-0.3296,0.4237,-1.6113,9.1171,-1.5443,-0.4042,-0.6055,0.0525
-9.1698,2.2697,-3.4836,0.4191,-0.1368,0.4466,-1.4293,9.3948,-0.4645,-0.2594,-0.6526,0.0731
-9.5074,3.6775,-3.0263,0.5722,-0.0862,0.9693,-0.1389,9.5744,0.1532,-0.2703,-0.6009,0.0024
-7.0725,5.2385,-3.4381,0.3043,-0.4266,0.5648,0.7446,9.2249,2.7126,-0.4215,-0.7053,0.1159
-7.5872,6.6248,-1.8890,0.0494,-0.3433,0.1835,1.2354,8.9208,4.5969,-0.3392,-0.3657,0.0040
-7.3574,6.6535,-1.4150,-0.1379,0.1159,-0.2509,1.2186,8.6167,4.8267,0.2386,0.1344,-0.2168
-6.7588,5.5881,-2.9257,-0.3533,0.2294,-0.6572,1.5730,8.6933,2.7342,0.3726,0.4630,-0.4572
-8.2456,2.6312,-4.0318,-0.3726,0.2994,-0.9709,-1.0750,9.0884,-0.6536,0.5565,0.7683,-0.6919
-10.0509,0.2801,-4.2234,-0.4215,0.1529,-0.8825,-4.1228,9.6223,-2.3607,0.3797,0.9304,-0.6739
-11.0468,-0.5291,-3.5961,-0.4687,0.1087,-0.5260,-5.6886,9.5696,-2.5091,0.0807,0.5830,-0.3040
-10.3693,-0.2418,-2.3894,-0.2904,0.0661,-0.0710,-5.7533,8.6215,-1.5802,-0.0947,0.2510,0.0574
-8.4084,2.0446,-2.8587,0.2850,0.1270,0.8300,-2.4014,7.9368,-0.4788,-0.2174,-0.7576,0.6710
-6.2082,4.2856,-4.5322,0.2661,0.1212,0.9045,1.6927,8.0972,0.0072,-0.2364,-0.6675,0.7159
-5.8155,6.4787,-3.9361,-0.0309,0.1240,0.4566,3.0095,8.6766,1.8459,-0.2005,-0.0624,0.3552
-8.8777,5.9209,-3.2513,-0.1486,0.0790,-0.2645,0.9313,10.9846,2.6456,0.0004,0.3218,-0.2767
-11.6909,3.4261,-2.9497,0.1235,-0.2948,-0.6903,-3.1316,11.7531,1.3024,0.2762,0.1215,-0.8448
-12.1314,0.8930,-2.8898,-0.1155,-0.3640,-0.6884,-5.5833,10.6303,-0.3232,0.1271,0.3713,-0.9828
-11.2958,-0.5507,-2.6935,-0.3917,-0.4370,-0.2169,-6.9959,8.6646,-1.4940,-0.3821,0.0397,-0.5902
-8.2720,0.8140,-1.7358,-0.3868,0.2962,0.4186,-4.5107,6.6319,0.1053,-0.1391,-0.1100,0.6482
-6.1723,4.4867,-3.2729,0.1026,0.2445,0.8026,1.2258,7.9152,0.5076,-0.1783,-0.7035,0.9710
-5.6862,5.8323,-5.5330,0.3841,0.3389,0.5027,3.4524,9.0573,0.2969,0.1848,-0.5910,0.4628
-6.9863,4.9967,-6.6798,0.2999,0.2330,0.0007,2.2290,10.6063,-1.4293,0.2419,-0.1974,-0.0408
-9.1291,3.9289,-5.4516,0.5281,-0.0934,-0.0282,-0.3759,10.8266,-0.7805,0.3328,-0.1380,-0.1860
-9.7731,2.7797,-2.3942,-0.2765,-0.3062,-0.3272,-3.3327,9.1818,1.0726,-0.2238,0.7913,-0.5004
-10.3884,1.7933,1.5586,-0.4237,-0.5493,0.0215,-6.6511,7.3143,3.8978,-0.5919,-0.2741,-0.0305
-8.6550,2.3990,-1.3671,-0.2747,-0.0274,0.4076,-3.0670,7.7740,1.9872,-0.2614,-0.5985,0.4956
-7.5250,3.4620,-4.6160,-0.7885,0.5550,0.2899,0.2107,8.9352,0.4741,-0.0605,0.5874,0.6684
-7.8961,4.1037,-6.1962,-0.9129,0.8031,-0.1507,1.0750,10.2592,-1.5874,0.1171,1.0989,0.4445
-8.3246,5.5234,-5.3965,-0.6198,0.5923,-0.2535,1.8435,11.1642,-0.9529,0.0510,0.8883,0.1516
-7.8673,5.1427,-4.5873,0.6383,-0.2554,-0.0384,1.2139,10.2783,-0.2658,0.2142,-0.9394,-0.3139
-8.0828,3.5913,-4.1851,0.0273,-0.7156,-0.2177,-0.8475,9.1554,0.6536,-0.3114,-0.0785,-0.5585
-9.8306,1.7334,-1.7095,-0.0384,-0.2888,-0.3219,-4.6017,8.3821,1.1372,-0.0189,0.3195,-0.5108
-10.2759,-0.2442,-4.1348,0.4489,0.0910,0.0682,-4.8339,8.9136,-2.7988,0.3307,-0.2610,-0.2156
-8.6407,0.9050,-5.5378,0.6121,-0.2595,0.5244,-2.6600,8.8107,-2.5570,-0.0731,-1.2985,0.3080
-7.9583,4.5107,-2.7845,0.4958,-0.1744,0.3824,-0.5315,8.9543,1.6305,-0.0767,-0.7791,0.2886
-7.5753,7.5753,-1.3120,0.4159,-0.3818,0.1290,1.9752,9.2249,5.5785,-0.1348,-0.9153,0.0819
-8.3246,6.5050,-1.5610,-0.1531,0.3616,-0.3381,-0.0335,9.3661,4.2401,0.3308,0.3275,-0.1472
-8.7580,2.5618,-5.5474,-0.3649,0.0858,-0.3836,-1.3599,9.7803,-1.7693,0.0697,0.5052,-0.3124
-9.1267,0.8428,-4.8267,-0.6307,0.1272,-0.3897,-3.0239,9.2871,-2.5618,-0.1204,1.2414,-0.2711
-9.1411,0.3998,-4.3981,0.1528,-0.0048,-0.0818,-3.5698,8.6670,-2.6336,0.0424,-0.1268,-0.1383
-8.6311,1.4581,-4.6017,0.5648,-0.1600,0.1789,-2.9808,8.7436,-1.6759,0.0757,-0.6632,0.0053
-9.0070,3.2058,-3.4668,0.3873,-0.0934,0.3676,-2.4325,9.1195,0.5650,-0.0440,-0.5885,0.2754
-7.7907,7.2856,-2.1284,-0.0538,-0.1929,0.3317,1.6975,9.4978,4.8914,-0.3957,-0.7380,0.3127
-8.2504,6.4811,-2.2625,-0.5055,0.0180,-0.1001,0.6776,9.8569,3.7541,-0.1541,0.3309,-0.0441
-9.0381,2.9568,-3.7350,-0.3612,0.0312,-0.3497,-1.4437,9.5385,-0.0359,0.1551,0.4116,-0.2979
-8.8011,0.5602,-5.1930,-0.2305,-0.0961,-0.1652,-2.9760,9.0022,-3.0239,-0.0785,0.1059,-0.1486
-8.5210,1.4246,-4.1587,-0.0926,-0.0735,0.1302,-2.8515,8.3773,-1.6975,-0.1783,0.0476,0.0921
-8.2241,3.2394,-3.3160,0.0498,0.0421,0.2566,-1.5419,8.8657,0.4693,-0.0983,-0.1972,0.2196
-8.8992,4.3263,-2.8874,0.0123,0.1180,0.2258,-1.2306,9.5577,1.6520,-0.0392,-0.0715,0.2453
-8.8992,4.1922,-3.5003,-0.0743,0.1310,0.1796,-1.1229,9.8043,1.0702,-0.0434,-0.0203,0.2128
-8.7939,3.9552,-3.4764,-0.0682,0.0761,0.0945,-1.1899,9.5792,0.9433,-0.0378,-0.0385,0.1092
-8.5162,3.5171,-4.1180,-0.0076,0.0412,0.0879,-1.1732,9.3661,0.2466,-0.0442,-0.1011,0.0466
-8.4013,3.7086,-3.7757,-0.0441,0.0814,0.0869,-1.3575,9.1171,0.5004,-0.0200,0.0261,0.0262
-8.4180,3.8331,-3.9624,-0.0244,0.1516,0.0853,-0.9649,9.3901,0.5148,0.0187,-0.0518,0.0826
-8.2624,4.0294,-3.9002,-0.0502,0.0858,0.0758,-0.8284,9.6462,0.2993,-0.0048,0.0011,0.0682
-8.5425,4.2258,-4.2497,-0.0854,0.0362,0.0031,-0.7039,9.8162,0.3759,-0.0389,0.0222,0.0426
-8.3079,4.1803,-4.0582,-0.1198,-0.0600,-0.0513,-0.5818,9.6414,0.4980,-0.0909,0.0004,-0.0460
-8.3103,3.8427,-3.8092,-0.1589,-0.0163,-0.1252,-0.9505,9.3254,0.4118,-0.0480,0.1472,-0.0807
-8.0780,3.8235,-3.7230,-0.0835,-0.0394,-0.0490,-1.0247,9.0261,0.5674,-0.0718,-0.0268,-0.0925
-8.3270,3.6200,-3.7469,0.0841,0.0795,-0.1839,-1.6209,9.0525,0.6584,0.1328,0.0596,0.1507
-8.3390,3.7086,-3.4093,0.7472,0.3180,-0.7679,-2.0183,9.1770,0.6632,0.3507,0.3012,0.6880
-8.0469,3.1173,-3.7757,0.3894,-0.2852,-0.1623,-0.9601,9.1195,0.6081,0.0176,-0.0935,0.5946
-8.6431,3.1675,-4.9728,0.4658,0.0486,0.0125,0.1101,9.6774,-0.0383,-0.0528,-0.3537,0.2515
-8.4348,3.2872,-4.8794,-0.1873,0.0352,0.0276,-0.1437,9.5146,0.2274,-0.0384,0.1659,0.0941
-8.7340,3.1723,-4.3574,-0.2202,-0.0517,-0.0020,-0.1867,9.6486,0.0431,-0.0737,-0.0506,-0.0779
-9.1435,2.7797,-4.5346,-0.1649,0.0053,0.0125,-0.9266,9.8904,-0.2682,-0.0402,0.0738,-0.0690
-8.9208,2.6121,-4.5969,0.0742,-0.0453,0.0821,-0.5794,9.8569,-0.7542,-0.0466,-0.1920,-0.1973
-8.5425,2.1787,-5.0733,0.4800,-0.1491,0.1328,-0.6177,9.7899,-1.4724,0.0192,-0.4830,-0.2332
-8.6455,2.2913,-5.0159,0.8907,-0.5256,0.3517,-0.3711,9.8928,-1.9369,-0.1515,-1.0092,-0.3379
-8.4970,3.0095,-5.8490,0.7305,-0.9367,0.5452,-0.0503,9.6199,-1.1229,-0.5821,-1.4033,-0.3315
-8.2624,3.8523,-3.5817,0.4422,-0.8172,0.4900,-0.1796,9.0046,1.3743,-0.6610,-0.6191,-0.2727
-7.8458,4.7860,-2.7797,0.2629,-0.7699,0.4667,0.0670,8.3677,2.9760,-0.6532,-0.9950,-0.1166
-7.4867,5.0566,-2.4086,0.1640,-0.4610,0.3283,0.0575,8.3366,3.2441,-0.3853,-0.4211,-0.0802
-7.9942,4.6567,-2.7533,0.0167,-0.2268,0.1467,-0.0599,8.6766,2.5474,-0.1986,-0.1863,-0.0921
-8.2983,4.3910,-2.8826,0.0321,-0.0396,0.1278,-0.4549,8.8849,2.0925,-0.0910,-0.2475,0.0153
-8.4874,4.2952,-2.9832,0.0353,0.0043,0.0837,-0.5411,9.2273,1.8292,-0.0063,-0.1609,0.0305
-8.6239,4.2904,-3.1963,0.0341,0.0180,0.0601,-0.4022,9.2991,1.6951,0.0205,-0.1605,0.0469
-8.3294,4.3167,-3.4788,-0.0556,0.0224,0.0127,-0.0335,9.3757,1.2785,0.0011,-0.0136,0.0187
-8.2672,4.2114,-3.4716,-0.0794,0.0013,-0.0330,-0.1796,9.2608,1.3408,-0.0320,-0.0053,-0.0246
-8.3989,4.1611,-3.4548,-0.0903,-0.0300,-0.0212,-0.4525,9.1554,1.4533,-0.0654,0.0204,-0.0115
-8.3127,4.0247,-3.2968,-0.1164,-0.0341,0.0025,-0.3879,9.0740,1.4269,-0.0825,0.0141,-0.0079
-8.2887,4.1372,-3.2298,-0.1200,-0.0272,0.0258,-0.3831,9.0668,1.5251,-0.0797,-0.0133,0.0257
-8.4587,4.2258,-3.3016,-0.1139,0.0225,0.0286,-0.3591,9.2273,1.5299,-0.0574,0.0238,0.0372
-8.4036,4.1587,-3.3184,-0.1495,0.0273,0.0426,-0.3136,9.1219,1.5012,-0.0879,0.0630,0.0560
-8.0206,4.1922,-3.3471,-0.1514,-0.0140,0.0822,-0.1556,9.1578,1.3408,-0.1210,-0.0141,0.0682
-8.4108,4.3359,-3.4022,-0.0891,-0.0502,0.0313,-0.2322,9.1123,1.6352,-0.1065,-0.0448,-0.0008
-8.2791,4.4604,-3.4955,-0.0517,-0.0473,0.0092,0.0646,9.2751,1.5850,-0.0640,-0.0574,-0.0345
-8.1642,4.3431,-3.1675,-0.0549,-0.0669,-0.0337,-0.1628,9.0237,1.7693,-0.0648,0.0029,-0.0682
-7.9368,4.1851,-3.1436,-0.0372,-0.0452,-0.0480,-0.2873,8.7843,1.6424,-0.0361,0.0163,-0.0529
-7.7428,4.0199,-3.1364,-0.0691,-0.0592,0.0444,-0.3160,8.3318,1.4653,-0.0473,-0.0264,0.0665
-6.7900,3.6631,-3.5985,0.0140,0.0224,0.2585,-0.2107,7.5513,0.0144,-0.1358,-0.1155,0.2032
-7.0533,3.8283,-4.8076,0.1685,-0.1962,0.7970,0.2921,8.2193,-0.7063,-0.4490,-0.3901,0.5520
-7.5585,5.0422,-4.6519,0.0610,-0.5076,0.9176,1.0534,8.9854,0.8188,-0.7196,-0.6057,0.7967
-8.7125,6.2489,-2.5953,0.3243,-0.4125,1.1057,0.6680,9.3254,3.8188,-0.9425,-0.6885,1.3928
-7.5896,6.5194,-2.3894,0.1611,-0.4081,0.8367,2.5666,8.8178,4.4436,-0.6566,-0.5780,0.4772
-7.5944,6.5242,-2.3631,-0.0867,-0.2741,0.5331,1.7885,8.5952,4.0270,-0.5313,-0.4287,0.0971
-7.6399,6.5194,-2.4038,-0.1524,-0.2394,0.3115,1.7334,8.6598,3.9552,-0.4286,-0.2903,-0.0747
-7.1802,6.7421,-2.8874,-0.2878,-0.2558,0.1585,2.3008,8.8394,3.3782,-0.5172,-0.1951,-0.2743
-7.0318,6.9432,-2.3080,-0.2682,-0.3968,0.2016,2.4756,8.3175,3.8068,-0.5994,0.0057,-0.0966
-6.7157,6.5745,-2.0853,-0.2160,-0.4804,0.1937,1.7957,7.6926,3.8020,-0.5797,0.0775,-0.1195
-6.5481,6.5529,-1.3408,-0.1608,-0.4915,0.2333,1.5347,7.1515,4.5131,-0.5570,-0.0981,-0.0743
-6.5577,6.7062,-1.0798,-0.1271,-0.3672,0.1816,1.4006,7.0294,5.0230,-0.4088,-0.1335,-0.0592
-6.5936,6.6080,-1.1085,-0.1811,-0.2012,0.0954,1.4365,7.0174,4.8842,-0.2409,0.0024,-0.0144
-6.3782,6.8546,-1.1085,-0.2188,0.0123,0.0310,1.8076,7.1371,4.7525,-0.1366,0.1215,0.0649
-6.3375,6.9097,-1.1540,-0.1787,0.0115,0.0320,2.0016,7.0916,4.9608,-0.0879,0.0590,0.0669
-6.3614,6.8666,-1.0319,-0.0903,0.0462,-0.0115,1.8220,7.0964,4.8291,0.0017,-0.0097,0.0269
-6.4332,6.7133,-1.0942,-0.0835,0.0608,0.0236,1.7238,7.1539,4.7573,-0.0260,-0.0032,0.0540
-6.3375,6.6822,-0.8954,-0.1162,0.0938,0.0685,1.3144,6.8761,4.7285,-0.0077,0.0378,0.1083
-5.9352,6.7301,-0.9218,-0.1931,0.1976,0.0733,1.8914,6.6822,4.7860,0.0554,0.0546,0.1668
-6.1292,6.7612,-0.8116,-0.2871,0.3898,0.0187,1.6376,6.5793,5.0111,0.1206,0.2419,0.1556
-6.0837,7.0749,-0.6057,0.0115,0.6865,0.1296,1.8172,6.8977,5.3295,0.5245,0.0490,0.3143
-6.1723,7.2951,-1.3455,0.2655,0.9645,0.0741,2.0399,7.1611,5.0757,0.8290,-0.1744,0.2318
-5.8897,7.2880,-2.2051,0.2566,1.0233,-0.0199,2.5881,7.6854,4.1707,0.9906,-0.0683,0.2778
-6.2082,7.2425,-3.1460,0.2146,1.0196,-0.1960,2.6288,8.1594,3.2106,0.9785,0.1047,0.2507
-6.3949,7.3765,-3.5793,0.1767,0.8580,-0.2109,3.3136,8.9016,2.5043,0.8039,0.2317,0.1772
-7.0198,7.1682,-4.3598,0.0151,0.7428,-0.3545,2.3296,9.2368,2.8419,0.6925,0.3894,0.0636
-6.3829,7.5729,-3.9409,-0.0766,0.4622,-0.3333,3.5027,9.3111,2.5929,0.5147,0.1780,-0.0834
-6.4212,7.1515,-4.7022,-0.1978,0.3974,-0.5898,3.1747,9.2057,2.0614,0.4936,0.5095,-0.2068
-6.6918,6.9791,-4.9273,-0.1211,0.2586,-0.6507,3.1268,9.7205,1.3168,0.4427,0.3981,-0.3608
-6.9073,6.4835,-4.4365,-0.3147,0.0714,-0.8664,2.1931,9.4475,1.7214,0.3255,0.9065,-0.5750
-7.5226,6.0023,-4.8243,-0.3032,-0.0049,-0.8844,1.7933,9.8569,1.2474,0.2474,0.6113,-0.6285
-8.0756,5.4516,-4.1396,-0.4302,-0.1222,-1.0600,0.4453,9.7013,1.5299,0.1892,0.8108,-0.8088
-8.2313,4.8866,-3.3112,-0.1001,-0.1855,-0.9561,0.2155,9.4810,1.1444,0.2903,0.3966,-0.8573
-7.8769,3.5458,-4.4915,0.0953,-0.4326,-0.8604,-1.0127,8.8969,0.3376,0.2422,0.1115,-0.9276
-7.6758,2.8683,-4.2617,-0.1178,-0.1613,-0.7369,-1.3192,8.2528,-0.2562,0.1700,0.3685,-0.6502
-7.3143,2.9018,-3.8762,-0.1805,-0.0682,-0.5469,-1.3240,7.8147,-0.2155,0.1112,0.3833,-0.4279
-7.1874,2.9281,-3.4812,-0.1569,-0.0246,-0.3104,-1.2354,7.6638,-0.0718,0.0197,0.2421,-0.2423
-7.7357,2.9999,-2.9640,-0.0119,0.1905,0.2018,-1.9058,7.7572,0.0144,-0.0104,-0.0538,0.2000
-7.7572,3.3782,-4.4197,0.0092,-0.1198,0.5979,-0.9936,8.6311,-0.1844,-0.3600,-0.4303,0.4688
-7.9895,4.4891,-3.1627,-0.1736,0.0949,0.7028,-0.6105,8.9064,1.4461,-0.3733,-0.2350,0.6382
-7.8075,4.9943,-3.7278,-0.1585,0.2230,0.6550,0.3496,9.1626,1.9441,-0.2148,-0.0305,0.6214
-7.7692,4.8674,-4.1851,-0.1223,0.2433,0.5752,0.1508,9.1195,1.1875,-0.1803,-0.1286,0.6193
-7.8602,5.4660,-4.3167,0.0469,0.1927,0.5003,0.9098,9.7300,1.3551,-0.0863,-0.2240,0.4644
-7.7117,5.2696,-4.8842,0.0155,0.1503,0.4219,0.8140,9.6558,0.6225,-0.1226,-0.0386,0.3211
-7.3694,5.2601,-5.1930,0.0774,-0.1808,0.5674,1.4485,9.6606,-0.3759,-0.3862,-0.5224,0.3047
-6.7684,6.5386,-4.8554,-0.5782,-0.4866,0.3768,2.2098,9.4691,2.0303,-0.8968,-0.0183,0.1723
-7.2880,6.9097,-3.1508,-0.4210,-0.7655,0.3158,1.8028,9.3063,2.3391,-1.0423,-0.2290,-0.1230
-7.2161,6.7516,-3.1987,-0.3107,-0.9433,0.3262,1.6712,9.0094,3.1484,-0.9790,-0.0989,-0.1757
-7.7285,7.0246,-1.8364,-0.0978,-1.0361,0.3216,0.6057,8.6287,4.3838,-0.9145,-0.3729,-0.2495
-7.0102,7.0222,-1.8842,-0.1380,-1.0096,0.1504,1.4222,8.2337,4.6878,-0.8893,-0.4640,-0.2707
-6.6942,6.9647,-0.9098,0.0085,-0.9551,0.0432,1.3431,7.7572,4.6088,-0.7610,-0.5205,-0.1404
-6.5434,6.4404,-0.8619,0.2395,-0.9325,0.0477,0.5938,7.0150,4.7381,-0.5656,-0.4588,-0.1553
-6.2632,6.0430,-1.1181,0.1556,-0.4988,0.0031,0.9313,6.7445,4.6974,-0.3556,-0.3363,-0.1683
-6.6463,6.1435,-0.5483,0.1386,-0.2647,0.0325,0.5028,7.0150,4.5490,-0.1769,-0.1612,-0.1595
-6.6463,6.2058,-1.2139,0.0321,-0.1883,0.0133,1.0032,7.1180,4.7692,-0.1342,-0.2559,-0.1155
-6.9839,6.3686,-1.0534,-0.0797,-0.0156,0.0064,0.6656,7.4292,4.5538,-0.0518,0.0100,-0.0109
-6.7780,6.5457,-1.3695,-0.0861,0.0349,0.0400,1.2450,7.5154,4.6136,-0.0586,0.0513,0.0352
-6.8570,6.5649,-1.2091,-0.0662,0.0179,0.0115,1.2234,7.4843,4.5610,-0.0317,-0.0025,-0.0015
-6.9097,6.0166,-0.5435,0.0203,0.0751,0.0131,0.4334,7.2042,4.7621,0.0798,0.0072,-0.0087
-7.4220,5.3199,-0.7901,-0.0470,0.3544,0.0662,-1.0894,7.1922,4.4317,0.2364,0.1188,0.1150
-6.7157,5.4875,-1.8028,-0.5518,0.9567,0.0390,0.2562,7.1898,4.7573,0.4345,0.3054,0.5031
-6.5170,5.8993,-2.2458,-1.4265,1.5136,-0.4636,1.4892,7.7524,3.9552,0.6426,1.6309,0.2149
-6.7636,6.2153,-3.7637,-2.1529,1.3372,-0.7631,2.4732,9.0214,2.8252,0.2631,2.1550,0.5490
-8.1116,6.1196,-3.5003,-2.6584,1.2506,-0.8240,1.6089,9.6151,2.6097,-0.1242,2.7832,0.4831
-8.0780,5.4277,-2.7270,-2.8085,0.6921,-0.9257,0.7446,8.9926,3.4046,-0.3507,2.9973,0.2888
-8.4922,4.7764,-0.3735,-2.6112,0.8258,-1.2558,-0.9720,8.5952,3.1963,-0.1511,3.3232,-0.0990
-8.3965,3.7302,-0.6776,-2.0320,0.4406,-1.1710,-1.4293,8.3055,2.1356,-0.1936,2.2957,-0.4105
-8.9735,2.3870,0.7063,-1.5206,0.0334,-0.8128,-3.8355,7.1012,2.0039,-0.3812,1.6056,-0.5063
-7.0413,1.0391,-1.0056,-1.5414,-0.3000,-0.5013,-3.2394,6.1220,1.5921,-0.8039,0.7889,-0.4539
-8.7771,0.3041,1.9106,-2.0211,-0.2698,-0.4318,-6.3207,5.5354,2.0303,-1.0360,1.6852,-0.4466
-9.4691,0.7853,5.2241,-1.7383,-0.5649,-0.0425,-8.2720,4.4724,4.1180,-1.2927,1.5792,-0.1138
-8.0828,1.4605,4.4197,-0.5866,-0.2645,0.8262,-6.2944,4.5226,6.0142,-1.1391,-0.8667,0.5117
-8.6000,2.5833,3.8906,-0.8904,0.1143,0.7755,-6.0669,5.3582,6.0932,-0.8042,0.1665,0.7397
-8.0661,3.2777,3.4285,-0.4874,0.0714,0.9164,-4.0677,5.8490,5.2194,-0.6981,-0.2502,0.7525
-7.4579,4.2497,3.0382,-0.3136,0.0043,0.8168,-2.9808,5.6982,6.3614,-0.4591,-0.1681,0.7448
-6.2991,4.6759,2.2362,-0.1992,-0.1588,0.6660,-1.5131,5.8778,4.8626,-0.4337,-0.3142,0.3671
-5.6743,4.9991,2.2913,-0.1123,-0.2758,0.5224,-1.2234,5.2218,4.9129,-0.5782,-0.4147,0.1346
-4.5873,6.0693,2.9784,0.2626,-0.3838,0.5192,0.1269,4.6950,6.1196,-0.5004,-0.7514,0.0480
-5.2768,6.9360,2.9640,0.8328,-0.7987,0.2106,0.7757,5.5522,6.9935,-0.3793,-0.9373,-0.5858
-7.9775,7.9009,5.3558,1.7989,-0.7949,0.2378,-2.2170,6.0813,10.1179,0.2727,-1.5519,-0.7534
-8.6095,7.8003,4.8554,2.9172,-0.9637,0.6222,-1.7262,6.9264,9.5098,0.7558,-2.6837,-0.7561
-8.3414,7.4484,5.5091,3.5114,-0.9827,0.3126,-2.7366,6.2704,11.2958,1.2621,-3.1580,-0.9180
-7.7692,6.0908,2.7198,3.5789,-0.6831,-0.1901,-1.9752,6.6702,8.1594,1.7849,-3.1457,-1.1570
-7.5082,5.1954,1.6448,3.2422,-0.4061,-0.4570,-2.8252,6.3327,6.1387,2.0065,-2.3800,-1.0592
-6.8307,4.7740,-1.1995,2.8213,-0.5233,-0.3725,-1.1205,6.6128,3.7565,1.5647,-2.8160,-0.9907
-5.7509,5.1739,-3.3184,1.8851,-0.1956,-0.6447,0.7254,7.3239,1.6759,1.2990,-1.5735,-0.9665
-5.7461,5.3367,-3.9863,1.2480,-0.0354,-0.8661,0.6823,7.5178,2.1021,1.1174,-0.6759,-0.8755
-5.9759,5.3870,-4.0582,0.9888,0.1524,-0.9864,1.4413,8.0254,1.3408,1.1158,-0.2825,-0.8382
-6.0573,4.9536,-4.6017,0.6722,0.2097,-1.0229,0.9481,8.2265,0.4477,0.9539,0.1640,-0.8314
-6.8283,3.8403,-5.2672,0.4351,0.2369,-1.1146,-0.0383,8.6000,-0.5483,0.8867,0.4267,-0.8808
-8.1331,2.1452,-5.6647,0.1799,0.2190,-1.0202,-2.0039,8.8562,-1.9944,0.8158,0.9033,-0.7482
-9.1530,1.1085,-5.3965,0.1280,0.1362,-0.5638,-3.6727,9.1626,-2.9257,0.4441,0.3355,-0.4249
-9.5936,0.5890,-5.8754,0.2026,-0.0308,-0.0747,-4.0989,9.3326,-3.5793,0.1446,-0.1635,-0.1346
-8.6503,1.3767,-5.6814,-0.2106,-0.0606,0.3954,-2.4972,9.3541,-2.5977,-0.3407,0.0405,0.2914
-8.4013,2.7605,-5.2098,0.1443,-0.1949,0.6255,-1.5586,9.7755,-1.8579,-0.3641,-0.6245,0.3300
-8.5665,3.3878,-5.8059,0.6308,-0.2818,0.6771,-1.2378,9.9671,-1.6137,-0.0993,-0.6492,0.1928
-8.3941,3.6655,-5.2960,0.3973,-0.6491,0.5638,-1.1636,9.5984,-0.7374,-0.6063,-0.9866,0.0129
-7.0294,5.1404,-5.0925,0.0533,-0.8867,0.8751,0.7326,9.1028,0.9529,-1.0760,-1.5180,0.2643
-5.8299,7.6447,-3.0861,-0.1728,-0.5502,0.3917,2.6887,8.9807,4.1779,-0.6366,-0.4108,0.0610
-6.9456,7.4771,-2.3894,-0.0017,-0.3136,-0.0910,1.3503,8.6526,5.2289,-0.0767,-0.3372,-0.1552
-7.0030,6.2608,-3.0119,-0.0825,0.3637,-0.5239,0.5363,8.7053,3.2729,0.4454,0.5774,-0.2234
-8.9495,4.2377,-3.4357,-0.5492,0.2850,-0.2743,-1.6400,9.5840,0.5531,-0.0666,0.5784,0.0040
-8.0349,4.0606,-5.4013,-0.4664,0.1030,-0.2871,-0.1772,9.9096,0.1796,-0.0761,0.2362,-0.0510
-9.1411,3.4572,-4.7932,-0.0953,-0.2754,-0.3524,-1.8747,10.0987,-0.3065,-0.0829,0.0374,-0.3957
-9.1650,3.2250,-3.7685,-0.1407,-0.2427,-0.3345,-2.6240,9.4547,0.1030,-0.0929,0.1536,-0.3806
-9.1075,3.2322,-3.3064,0.0633,-0.3219,-0.1134,-2.7366,9.0261,0.7039,-0.1250,-0.2073,-0.2627
-8.1547,3.1987,-3.4405,0.0580,-0.2801,-0.0159,-2.0016,8.6479,0.4980,-0.1608,-0.3400,-0.1644
-7.2089,2.9832,-3.2226,0.1326,-0.1140,0.0707,-1.7190,7.3885,0.5100,-0.0306,-0.2537,-0.0269
-5.9233,2.7773,-3.5506,0.1286,-0.0469,0.1897,-1.0678,6.4500,0.0144,-0.0470,-0.2678,0.0774
-5.9448,2.7629,-3.7062,-0.0001,0.1849,0.2751,-0.8787,6.6463,-0.5842,-0.0785,0.0001,0.2292
-6.3782,3.0526,-3.7637,0.0241,0.1170,0.4057,-1.1037,7.2401,-0.0287,-0.1347,-0.2316,0.3548
-7.1228,3.5889,-3.8379,0.0052,0.2715,0.3774,-0.7446,8.1331,0.4214,-0.0242,-0.0801,0.4126
-8.5497,4.4604,-4.2449,0.1003,0.2963,0.4712,-1.1372,9.7276,1.1468,0.0256,-0.2903,0.5608
-9.6319,5.1834,-4.0151,-0.0525,0.6440,0.3609,-1.3408,10.7452,1.5083,0.2366,0.4100,0.5985
-9.9048,5.3846,-4.6807,0.1520,0.4385,0.4375,-1.0343,11.4299,0.8930,0.1492,-0.2555,0.5842
-9.3254,5.4923,-4.8387,0.1326,0.1940,0.3890,-0.5339,10.9008,1.2905,0.0274,-0.2850,0.4004
-8.6143,5.4731,-4.9081,0.0791,0.0005,0.2887,-0.1006,10.5512,1.0415,-0.1033,-0.3420,0.2390
-7.8434,5.0877,-4.9704,-0.0139,-0.0468,0.1760,0.0646,9.8809,0.7039,-0.1018,-0.1010,0.1406
-8.1211,4.8052,-4.9847,-0.0444,-0.0434,0.1751,0.0072,9.2967,0.8547,-0.1368,-0.1935,0.1202
-7.2353,5.2218,-4.6902,-0.0141,-0.0071,0.0750,0.5483,9.2751,1.0702,-0.0546,-0.1103,0.1555
-6.9743,5.3103,-4.7501,0.0167,-0.0079,0.0328,0.6895,9.2320,0.9720,-0.0264,-0.0474,0.1066
-7.4531,5.1882,-4.8770,-0.0063,0.0096,0.0200,0.6273,9.2392,0.7997,-0.0196,0.0205,0.1263
-7.3478,5.2648,-4.7932,-0.0540,-0.0365,-0.0141,0.4932,9.3518,1.0056,-0.0921,-0.0245,0.1908
-6.9959,5.3367,-4.6831,-0.0165,-0.1200,-0.0822,0.7566,9.3757,1.0702,-0.0699,0.0608,0.2156
-7.5944,5.1475,-4.5753,0.0203,-0.0793,-0.1472,1.2282,9.5553,0.8068,0.0751,0.0265,0.3507
-7.7021,4.8195,-4.7932,0.0378,-0.1230,-0.1833,0.7374,9.3685,0.5674,-0.0129,0.1078,0.1986
-7.6926,4.5849,-5.1906,-0.0469,-0.2252,-0.1524,0.8811,9.5553,0.0551,-0.1134,0.0823,0.1504
-7.7285,4.4412,-4.9392,-0.2593,-0.2465,-0.2176,0.8595,9.2943,0.4214,-0.1808,0.3740,0.2042
-7.8889,4.4987,-3.6368,-0.1973,-0.4413,-0.1627,0.6800,9.2225,1.0630,-0.3392,0.2146,0.1539
-7.5776,4.6495,-4.6639,-0.1585,-0.3585,-0.1988,1.2546,9.3230,1.3958,-0.2854,0.0084,0.0574
-7.7620,4.7285,-4.2569,-0.2389,-0.2678,-0.1727,1.3958,9.4020,1.4030,-0.2256,0.1815,0.0300
-8.0732,4.5586,-4.1803,-0.2270,-0.2068,-0.3969,0.9433,9.1387,1.7741,-0.1316,0.1936,-0.0113
-8.9112,3.9049,-2.9353,-0.5099,-0.1612,-1.0135,1.0367,9.3158,0.8212,0.2918,0.6145,0.0277
-9.0381,3.5889,-3.5003,-0.2124,-0.2178,-0.6480,0.1652,8.8609,1.8818,0.0458,0.0218,0.2530
-8.6311,3.3567,-3.3710,-0.1176,-0.0076,-0.4462,1.0343,9.2105,0.7254,0.0538,0.3131,0.2821
-8.7580,3.0694,-3.4046,-0.1170,-0.1379,-0.1969,1.3120,9.2727,0.7518,-0.1295,-0.0328,0.0316
-8.8849,3.1005,-3.2226,0.0123,-0.0783,0.0959,1.0439,9.2225,1.2641,-0.0528,-0.1764,0.0971
-8.7245,3.3423,-3.2825,-0.0377,-0.0687,0.1164,1.2091,9.1889,1.2067,-0.1013,-0.0550,-0.0033
-8.7221,3.3902,-3.5003,-0.0417,-0.0071,0.0779,1.0918,9.1435,1.2234,-0.0711,-0.0173,0.0570
-8.8226,3.4381,-3.1412,-0.0433,-0.0233,0.1637,1.0487,9.0860,1.3455,-0.0790,-0.0404,0.0454
-8.2313,3.5817,-3.4213,-0.0390,0.0290,0.3252,1.2474,9.0932,1.4605,-0.0930,-0.1159,0.0288
-8.6455,3.6416,-3.5913,-0.2378,0.0677,0.2907,1.3862,9.1961,1.2043,-0.1456,-0.1464,-0.1649
-8.1666,4.0055,-3.2609,-0.0909,0.0277,0.4539,1.4246,9.3302,1.0965,-0.2633,-0.2515,-0.4942
-8.4611,4.2401,-3.8379,-0.1116,0.0266,0.1439,1.0415,9.3374,1.5993,-0.1640,-0.1023,-0.3202
-8.1810,4.1994,-3.3495,-0.1476,-0.0504,0.1581,1.0463,9.3015,1.4988,-0.1840,-0.2042,-0.5937
-8.6550,4.3981,-3.4836,-0.5007,-0.1807,0.6622,0.0383,9.0046,1.5036,-0.3925,-0.1456,-0.9558
-7.2832,4.8961,-3.5434,-0.6237,-0.4263,1.1679,-0.2658,8.7173,2.3679,-0.3591,-0.0089,-0.5269
-7.1946,4.9153,-1.6855,-0.4679,-0.2458,0.4263,-0.3472,8.7173,2.0734,-0.2459,-0.0377,-0.5163
-7.8530,5.7700,-2.5570,-0.3010,0.0691,0.5502,-0.5770,8.8921,2.0758,-0.1175,0.1352,-0.2578
-7.8985,6.0262,-3.3136,-0.3913,0.0145,0.6620,-0.5698,9.1411,1.9010,-0.2360,-0.0103,-0.2301
-7.0030,6.1292,-2.3272,-0.2653,0.1375,0.1880,-1.5419,8.6311,2.2960,-0.2646,0.3120,-0.0974
-7.0605,5.6838,-2.2003,-0.0890,-0.0795,0.1541,-1.3479,8.8753,1.8555,-0.2012,-0.0430,0.0268
-8.0158,5.0422,-3.1173,0.1552,0.0735,0.2711,-2.2505,8.7604,0.8739,-0.1138,0.0869,0.1255
-7.6854,5.2960,-3.2992,-0.0855,-0.4162,0.6592,-1.5754,8.6694,0.9864,-0.7131,-0.5963,0.3191
-7.1204,6.1124,-2.9353,-0.1135,-0.3709,0.7815,-0.7326,8.4300,2.3487,-0.8764,-0.5553,0.5093
-5.9568,7.3478,-2.0470,-0.4030,-0.4890,0.7504,0.6991,8.1570,3.7733,-1.0396,-0.5367,0.4069
-5.5761,8.0876,-1.6807,-0.3609,-0.3122,0.7857,1.6855,8.0493,4.4796,-0.8458,-0.6217,0.2779
-4.5825,8.1930,-1.4676,-0.3146,-0.1752,0.7743,1.5299,7.7189,4.6304,-0.4762,-0.0137,0.0617
-4.7860,8.4970,-1.6592,-0.2158,-0.5065,0.4446,1.4006,7.7309,4.5633,-0.6038,-0.3384,-0.0858
-4.5107,8.6814,-0.9577,-0.0755,-0.5690,0.2041,1.5993,7.6638,4.9919,-0.5321,-0.3074,-0.3247
-4.5586,8.2935,-1.2258,0.2759,-0.6832,0.1095,1.0199,7.3694,5.3151,-0.3844,-0.5967,-0.3949
-4.5873,8.2313,-0.6129,0.2766,-0.6682,-0.0770,1.2785,6.9576,5.2361,-0.2927,-0.4538,-0.5091
-4.6735,8.1547,-0.3256,0.6789,-0.5844,-0.1648,0.4477,6.3877,6.1172,0.0218,-0.7165,-0.4582
-4.3934,7.9080,-0.5650,0.6291,-0.4307,-0.0913,0.8021,6.2369,4.9584,0.2357,-0.6210,-0.3572
-4.8794,7.4340,-1.3455,0.8095,-0.5632,0.2886,0.3400,6.2824,4.4029,-0.0089,-0.9378,-0.1360
-4.6280,7.7213,-1.1061,0.3832,-0.4197,0.4477,0.5291,6.3662,4.9943,-0.1568,-0.8607,0.0674
-4.3981,8.4084,-1.1229,0.0388,-0.0185,0.4739,0.8978,6.5457,5.7868,-0.1589,-0.7633,0.4016
-3.6871,9.5026,-0.1939,0.0981,0.2919,0.3753,2.6288,6.6559,6.9216,0.2209,-0.3078,0.5368
-3.0694,10.1634,-1.0918,0.2264,0.5099,0.1679,4.0318,7.0390,6.7181,0.4002,-0.4535,0.4525
-3.2417,10.4483,-1.6305,0.3220,0.7651,-0.3329,4.1252,7.5800,6.6272,0.8356,0.4598,0.1222
-3.7733,9.6510,-2.6935,0.2665,0.9198,-0.7949,3.7350,8.0637,5.0613,1.0966,0.6506,-0.1761
-4.6232,8.1690,-3.4907,0.2483,0.7855,-1.0764,2.4086,8.5210,2.9137,1.1078,0.8202,-0.4514
-6.3662,7.2592,-4.6017,0.1038,0.5802,-1.0369,0.8571,9.4595,1.3791,0.9225,0.8889,-0.4918
-7.2664,6.9576,-4.0031,-0.3268,0.1571,-0.9054,-0.1580,9.6223,1.9106,0.2669,0.7429,-0.5251
-7.1371,6.3111,-3.9361,-0.1544,-0.1334,-0.5786,-0.7278,9.2177,1.1085,0.0650,0.2418,-0.4567
-6.8618,6.5003,-4.2066,-0.1608,-0.2542,-0.4330,-0.3567,9.3015,1.6328,-0.0717,0.2485,-0.3940
-6.7876,6.0430,-3.5961,-0.2300,-0.3150,-0.3376,-0.5076,8.7029,1.5586,-0.2000,0.1589,-0.4214
-6.6679,5.7581,-2.4948,0.0810,-0.2641,-0.1352,-1.0343,8.0421,1.7813,-0.0249,-0.0003,-0.3537
-6.0358,5.1451,-3.8211,0.5159,-0.3677,0.1108,-0.7709,7.9727,0.4238,-0.0576,-0.7402,-0.2104
-5.4205,5.3582,-3.7733,0.3060,-0.2926,0.3156,-0.4884,7.0030,1.2522,-0.1070,-0.5761,0.0093
-4.6567,5.6838,-2.8467,0.2550,-0.0711,0.5159,0.0239,6.2824,1.8435,-0.1081,-0.5557,0.2896
-4.3215,6.6248,-3.1388,0.0554,-0.0609,0.5574,0.8092,6.8738,2.4062,-0.3187,-0.5606,0.4243
-4.7285,7.7333,-2.8802,-0.1100,0.1031,0.6306,1.4293,7.6112,3.9289,-0.2317,-0.3138,0.5710
-4.6448,8.5736,-3.0311,-0.0088,0.2130,0.4371,2.2936,8.3390,4.5226,-0.0428,-0.2971,0.5513
-5.2337,9.2009,-3.6368,-0.0588,0.4547,0.0344,2.5977,9.5409,4.4867,0.1812,0.1737,0.3365
-5.3702,9.2967,-4.1875,-0.2695,0.6498,-0.3953,2.5594,9.7396,4.2832,0.3107,0.5156,0.1495
-6.0262,8.4563,-3.6751,-0.1801,0.4644,-0.6884,1.6017,9.4715,3.4884,0.4562,0.9032,-0.1559
-6.3063,7.4220,-4.1899,-0.2522,0.3853,-0.7670,1.0942,9.4188,2.4612,0.3604,0.7478,-0.2489
-6.9504,6.6655,-4.1755,-0.3020,0.3367,-0.7409,-0.1652,9.3254,2.0207,0.3327,0.8589,-0.2433
-6.9145,6.2848,-4.1946,-0.3749,0.2726,-0.6797,-0.1772,9.1315,1.6233,0.2026,0.7566,-0.1961
-6.8738,5.8586,-4.1252,-0.2830,0.2414,-0.6235,-0.4166,8.9926,1.0965,0.3529,0.6775,-0.0486
-6.9097,5.7102,-4.3862,-0.3175,0.1843,-0.5267,-0.2011,8.9878,0.9792,0.1292,0.4423,-0.1354
-6.9743,5.6982,-4.2880,-0.3284,0.1354,-0.4950,-0.5507,8.9998,1.3144,0.0875,0.5504,-0.2100
-7.2329,5.4731,-3.6176,-0.3196,0.2021,-0.4399,-1.1181,8.8370,1.5155,0.1327,0.5432,-0.1099
-7.4244,5.2936,-4.1132,-0.2575,0.1623,-0.3683,-1.2210,8.9328,0.9505,0.1065,0.3675,-0.1160
-7.2544,5.0446,-4.0294,-0.3395,0.1912,-0.2964,-1.2498,8.7771,0.6752,0.0152,0.3953,-0.0522
-7.4340,4.8578,-3.6679,-0.2402,0.1399,-0.1792,-1.4724,8.6359,0.9481,0.0221,0.2802,0.0160
-7.4053,4.6088,-4.0007,-0.1936,0.1612,-0.0653,-1.5371,8.4755,0.9122,0.0622,0.1880,0.1372
-7.6088,4.7501,-3.5865,-0.0771,0.2507,0.0296,-1.5969,8.7388,1.2139,0.1519,0.2630,0.2888
-7.6327,5.0566,-4.3814,-0.1164,0.1737,0.0793,-1.2139,9.2177,0.5076,0.0097,-0.0168,0.3677
-7.3957,5.3343,-4.1611,-0.1271,0.0762,0.1612,-0.6345,9.0668,0.6656,-0.0446,0.0442,0.3155
-6.5410,5.3367,-3.9456,-0.0890,-0.1263,0.1931,0.1125,8.7149,0.9553,-0.2534,-0.2601,0.0388
-6.6846,5.4181,-3.9768,-0.0497,-0.0654,0.0576,-0.7494,8.5569,1.6472,-0.2154,-0.0211,-0.2681
-7.1922,5.5115,-3.6871,0.1370,0.1833,-0.0813,-0.7470,8.6550,1.9896,0.1764,0.0642,0.0067
-7.4077,5.4660,-4.5059,0.3150,0.3106,-0.0361,-0.8021,9.3589,0.8523,0.3718,-0.0739,0.1311
-7.1323,5.7533,-5.0326,0.3713,0.3837,0.0460,-0.0335,9.5720,0.8188,0.4461,-0.1681,0.2137
-7.5298,5.6767,-5.4899,0.3000,0.3142,0.0957,-0.4453,9.7755,-0.0192,0.3591,-0.0049,0.1901
-7.2784,5.8610,-5.2337,0.0965,0.2158,0.2457,-0.2322,10.0365,0.4166,0.0883,-0.1468,0.3413
-6.9216,6.2489,-4.7740,0.0791,0.2633,0.2194,0.2945,9.5984,1.2450,0.1023,-0.2033,0.3058
-6.7157,6.0166,-5.3103,0.2493,0.2517,0.2373,0.2083,9.5289,0.6033,0.2337,-0.2774,0.2934
-6.4452,5.9759,-5.7365,0.2033,0.1776,0.1693,0.8332,9.9000,0.2442,0.2082,-0.1681,0.2241
-6.7253,5.5545,-5.7341,0.2963,0.4092,-0.1563,0.4669,9.9383,-0.4812,0.8067,-0.0926,0.0080
-6.8905,5.2960,-6.7349,0.0596,-0.0699,-0.0209,-0.0383,9.9742,-0.5674,0.0731,-0.3353,0.0160
-7.0749,5.6790,-6.4907,0.0687,0.1480,0.0015,0.3998,10.2280,-0.5459,0.2722,0.3321,0.1295
-6.7062,5.8538,-6.4404,0.0057,0.1923,-0.0241,0.7877,10.1873,-0.1700,0.0356,-0.2867,0.0767
-6.4763,5.7509,-6.8091,-0.0153,0.0826,-0.0733,0.9050,10.1801,-0.8260,0.0610,0.0241,-0.0510
-6.6870,5.3678,-6.2752,-0.0436,-0.0040,-0.0891,0.3543,9.8569,-0.7829,0.0293,0.1196,-0.0779
-6.8929,5.2696,-6.4165,-0.1631,-0.0809,-0.0434,0.1891,9.8521,-0.6776,-0.1366,0.0241,-0.0596
-6.7947,5.6120,-6.4715,-0.1669,-0.1190,0.0023,0.4046,9.9479,-0.5028,-0.1693,-0.0530,-0.0481
-6.8354,5.7054,-6.3518,-0.2281,-0.1729,-0.0428,0.4525,10.0676,-0.2131,-0.1875,0.0484,-0.1251
-6.9480,5.8299,-6.0885,-0.2324,-0.2750,-0.0794,0.5531,10.1203,-0.1149,-0.2517,-0.0687,-0.2162
-6.9695,5.6743,-6.1028,-0.3375,-0.3527,-0.1346,0.3639,10.1083,-0.1844,-0.3595,0.1014,-0.3102
-7.0940,5.7485,-5.6288,-0.3287,-0.3840,-0.1815,0.0551,9.9934,-0.0335,-0.3782,-0.0698,-0.3786
-7.1970,5.4348,-5.4061,-0.4017,-0.4243,-0.2485,-0.2897,9.5289,0.2753,-0.3876,0.1931,-0.4227
-7.2544,5.3822,-4.6328,-0.3127,-0.4387,-0.2590,-0.6177,9.5026,0.4310,-0.3507,0.1199,-0.4611
-7.2401,5.3175,-4.9009,-0.2378,-0.4934,-0.2298,-0.6560,9.3541,0.5124,-0.3437,-0.0994,-0.4671
-7.4867,5.3103,-4.4700,-0.2376,-0.4227,-0.2629,-0.9050,9.1913,0.8643,-0.2944,0.0949,-0.4517
-7.6926,5.1380,-3.5027,-0.0681,-0.4262,-0.1276,-1.4700,9.1339,0.9170,-0.2256,-0.1438,-0.4541
-7.6519,5.0063,-4.6687,0.0637,-0.5598,-0.0276,-1.5658,9.2129,0.4597,-0.3047,-0.4065,-0.3579
-7.5489,5.0996,-4.0318,-0.1043,-0.4277,-0.0298,-1.5754,8.8753,1.1851,-0.2626,-0.0444,-0.2919
-7.5585,5.1380,-3.8379,-0.0394,-0.4355,-0.0108,-1.4413,9.0118,1.0056,-0.2814,-0.3098,-0.2836
-7.5513,5.0206,-3.9289,-0.1444,-0.3748,-0.0512,-1.4700,8.9280,1.2378,-0.2573,-0.0923,-0.2457
-7.5705,5.0182,-3.2537,-0.0715,-0.3497,-0.0088,-1.7310,8.8394,1.3767,-0.2069,-0.1587,-0.2129
-7.3574,4.8866,-3.5482,-0.0008,-0.3343,0.0404,-1.5562,8.6670,1.2163,-0.1944,-0.2761,-0.1853
-7.2903,4.8411,-3.2992,-0.1298,-0.2521,0.0369,-1.6089,8.4611,1.1540,-0.2221,-0.0232,-0.1081
-7.2137,4.8650,-3.0263,-0.0934,-0.2514,0.1013,-1.7693,8.2217,1.4557,-0.2493,-0.2209,-0.0573
-7.1371,4.9560,-3.1220,-0.0326,-0.1744,0.1392,-1.5227,8.2073,1.3982,-0.1705,-0.1238,0.0144
-7.0820,5.0182,-3.0167,-0.0192,-0.1131,0.1283,-1.5251,8.2696,1.6281,-0.1183,-0.0867,0.0305
-7.3957,4.9608,-3.0143,0.0699,-0.0887,0.0995,-1.5514,8.4635,1.7526,-0.0389,-0.1935,-0.0015
-7.6184,5.0182,-3.1388,0.0997,-0.0810,0.0370,-1.8771,8.7436,1.5275,-0.0063,-0.1420,-0.0228
-7.8123,4.8794,-2.8611,0.2471,-0.1078,-0.0966,-1.9034,8.7771,1.8531,0.1623,-0.1817,-0.1913
-7.9847,4.5993,-2.8156,0.3583,-0.1050,-0.1599,-2.4277,8.6790,1.5107,0.2773,-0.1868,-0.2415
-8.2265,4.4987,-3.3016,0.3984,-0.0661,-0.1511,-2.5043,8.7843,1.0343,0.2883,-0.2890,-0.2134
-8.2791,4.4676,-3.8978,0.4815,-0.1990,0.0168,-2.4517,9.0980,0.4812,0.2381,-0.3361,-0.1270
-7.8865,5.2744,-3.5985,0.2017,-0.1086,0.0662,-1.6640,8.8897,1.4533,0.0666,-0.3082,0.0366
-7.6543,6.1818,-2.8874,0.1322,-0.1268,0.1348,-1.4150,8.9615,2.4565,0.0183,-0.4676,0.1837
-6.8953,6.8283,-2.3104,0.1347,-0.2534,0.2671,-0.6440,9.0285,3.0765,-0.0230,-0.4502,0.1888
-6.7732,7.5776,-2.3727,0.0965,-0.1058,0.2116,0.3232,8.8370,3.9624,-0.0909,-0.5868,0.2963
-6.1268,7.4603,-3.1651,-0.0529,0.1188,-0.0045,1.1301,8.8801,3.4955,0.1021,-0.0370,0.1589
-6.2632,7.0797,-3.4596,-0.3144,0.3532,-0.2414,0.8452,8.9423,2.8826,0.1355,0.5644,0.0806
-6.9360,5.9496,-4.0606,-0.5438,0.2911,-0.3929,-0.3065,8.9735,1.4246,-0.0113,0.7646,-0.0608
-7.7333,4.9464,-3.6057,-0.7822,0.3335,-0.3126,-1.4509,9.0788,0.7566,-0.1667,1.0700,0.0518
-7.9823,4.9392,-3.7110,-0.7703,0.3532,-0.2621,-1.7454,8.9184,1.3168,-0.1720,0.7073,0.1527
-7.7955,5.1044,-3.5554,-0.6672,0.4354,-0.2236,-1.2091,9.2225,1.0678,-0.0517,0.8764,0.1627
-7.9775,4.6878,-3.7302,-0.5957,0.3246,-0.2221,-1.7885,9.1866,1.0319,-0.0901,0.5183,0.1123
-8.3773,4.3503,-3.6152,-0.3696,0.4070,-0.2016,-1.8004,9.3948,0.3041,0.1495,0.6407,0.0722
-8.4539,3.7900,-4.5825,-0.1061,0.0212,-0.1515,-2.1213,9.5912,-0.5219,-0.0262,-0.0799,-0.1003
-8.8370,3.6129,-3.8211,-0.2393,0.0661,-0.1919,-3.0694,9.2296,0.0934,-0.0101,0.5035,-0.1522
-8.7149,3.7493,-3.6224,0.0004,-0.1212,-0.0850,-3.1651,9.0836,0.2514,-0.0659,-0.1855,-0.1239
-8.4108,4.1659,-3.5698,0.0580,-0.0866,-0.0140,-2.5331,8.9016,0.7877,0.0553,-0.0059,-0.0369
-8.0038,4.6855,-3.3854,0.1031,-0.0577,0.0281,-1.9632,8.9543,1.0942,0.0249,-0.3323,-0.0003
-7.9200,5.0733,-3.7445,0.0906,0.0209,0.0337,-1.7238,9.1315,1.2641,0.0577,-0.1123,0.0334
-7.7835,5.3151,-3.7206,0.0230,-0.0051,-0.0055,-1.2378,9.3518,1.3527,0.0292,-0.0633,0.0131
-7.9847,5.2433,-3.7134,-0.0492,0.0013,-0.0496,-1.3575,9.4188,1.3910,0.0171,-0.0096,-0.0152
-7.9751,5.2170,-3.7948,-0.1420,-0.0051,-0.0875,-1.4892,9.4571,1.1420,-0.0545,0.0918,-0.0546
-7.8506,4.9464,-3.6943,-0.2615,-0.0193,-0.1001,-1.7119,8.9591,1.2258,-0.1134,0.1544,-0.0368
-7.7261,4.7860,-3.6033,-0.2378,0.0372,-0.0735,-1.6951,8.8370,1.1636,-0.0785,0.1656,0.0003
-7.5705,4.7214,-3.6799,-0.3427,0.1018,-0.0617,-1.7166,8.7197,0.9577,-0.1278,0.2212,0.0464
-7.5920,4.8554,-3.5841,-0.3156,0.0902,-0.0220,-1.5467,8.8178,1.0630,-0.1510,0.1907,0.0947
-7.7979,5.0135,-3.5075,-0.3078,0.1410,-0.0436,-1.6592,8.9040,1.3408,-0.0687,0.2919,0.1239
-7.8003,4.7429,-3.8355,-0.2605,0.1711,-0.0729,-1.5538,9.1794,0.8978,-0.0312,0.2318,0.0921
-8.0517,4.6807,-3.8666,-0.2136,0.1523,-0.0850,-1.7957,9.2584,0.6560,0.0226,0.2361,0.0670
-8.1547,4.5729,-3.8523,-0.2381,0.0939,-0.0663,-1.9609,9.2464,0.5818,-0.0895,0.1940,0.0365
-8.1451,4.5370,-3.7397,-0.2717,0.1139,-0.0746,-1.9968,9.2033,0.8021,-0.0918,0.2352,0.0436
-8.1187,4.6495,-3.6416,-0.2762,0.0813,-0.0528,-2.0901,9.1291,1.1013,-0.0957,0.1884,0.0657
-7.9655,4.7932,-3.7565,-0.2388,0.0691,-0.0205,-1.7693,9.1674,1.0056,-0.0786,0.1643,0.0738
-8.0373,4.9704,-3.6392,-0.2010,0.0766,-0.0318,-1.6927,9.2249,1.0223,-0.0693,0.1091,0.0532
-8.1163,4.7669,-3.5219,-0.2246,0.0707,-0.0322,-1.7837,9.0381,1.1995,-0.0871,0.1688,0.0473
-7.7524,4.8459,-3.5482,-0.3034,0.0584,-0.0216,-1.7071,8.9615,1.0175,-0.1516,0.1411,0.0806
-7.8266,4.7716,-3.7158,-0.2998,0.0839,0.0246,-1.7382,9.1147,0.7997,-0.1443,0.1799,0.1124
-7.7381,4.9225,-3.5913,-0.3022,0.1010,0.0244,-1.4246,9.1028,1.1253,-0.1378,0.2170,0.1384
-7.7548,5.0230,-3.6823,-0.2392,0.0891,-0.0141,-1.4365,9.2249,1.1540,-0.0919,0.1355,0.0981
-7.7452,5.0182,-3.3567,-0.2470,0.0967,-0.0617,-1.5514,9.1363,1.2594,-0.0609,0.1986,0.0596
-7.7931,4.9488,-3.7421,-0.2537,0.1355,-0.0917,-1.4365,9.1482,1.0630,-0.0317,0.1985,0.0594
-7.7405,4.9225,-3.7852,-0.3080,0.1411,-0.0906,-1.5395,9.1937,0.9122,-0.0851,0.2852,0.0622
-7.8913,4.9297,-3.7038,-0.3408,0.1342,-0.0897,-1.5706,9.1171,0.9912,-0.0902,0.2935,0.0530
-8.1570,4.5274,-3.6583,-0.2980,0.0911,-0.0850,-1.7789,9.0788,0.9218,-0.0885,0.2586,0.0580
-7.9176,4.6926,-3.6296,-0.2920,0.1170,-0.0885,-1.8435,9.0812,0.8906,-0.0781,0.2713,0.0453
-7.8793,4.6448,-3.4165,-0.2880,0.0885,-0.0945,-1.9201,9.1602,1.0271,-0.0758,0.2002,0.0560
-8.2169,4.7525,-3.5219,-0.2769,0.1418,-0.0805,-1.9752,9.1626,0.9912,-0.0743,0.2445,0.0638
-7.9895,4.7716,-3.6416,-0.2433,0.1140,-0.0478,-1.6233,9.2727,0.8667,-0.0517,0.1704,0.0730
-7.9871,4.6711,-3.7230,-0.2386,0.0930,-0.0687,-1.6520,9.1554,0.8763,-0.0850,0.1675,0.0336
-8.1211,4.6352,-3.6296,-0.2372,0.0321,-0.0715,-1.8603,9.2201,0.9146,-0.0938,0.1815,0.0017
-8.2576,4.3215,-3.5338,-0.1283,-0.0131,-0.0802,-2.1045,9.0644,0.6560,-0.0472,0.1017,-0.0554
-8.3653,4.1108,-3.3710,-0.0017,-0.0400,-0.0655,-2.4301,8.9064,0.5243,0.0324,0.0534,-0.0745
-8.4420,3.9959,-3.6344,0.1022,-0.0813,-0.0137,-2.3942,9.0740,0.4956,0.0326,-0.1629,-0.0747
-8.3534,3.9049,-3.7110,0.2201,-0.1179,0.0270,-2.4301,9.0597,0.2179,0.0453,-0.2417,-0.0893
-8.3127,3.5674,-3.8978,0.3467,-0.2037,0.1123,-2.6360,8.8729,-0.1700,0.0673,-0.3744,-0.0811
-8.5545,3.5506,-3.6272,0.4358,-0.1286,0.1021,-2.8659,8.8633,0.0479,0.1631,-0.3481,-0.0747
-8.3127,4.5035,-3.2082,0.7600,-0.3120,0.2887,-2.1691,9.1746,0.7542,0.2102,-0.9008,-0.0124
-7.4627,5.3319,-3.7014,0.5945,-0.2246,0.2198,-1.4365,8.8035,1.8531,0.0175,-0.8964,0.0276
-7.5776,5.5138,-4.0270,0.0201,0.2870,0.0293,-0.9026,9.2009,1.7454,0.1577,0.1756,0.1625
-7.5489,6.4189,-3.9863,0.1426,-0.0173,0.2451,-0.2274,9.7013,1.7933,0.0053,-0.4966,0.2411
-6.7062,6.8618,-4.1851,-0.2085,0.1243,0.0297,1.1085,9.6414,2.3511,-0.0526,0.2381,0.1335
-7.3502,6.3039,-4.2425,-0.2822,0.2360,-0.2647,0.3328,9.9647,1.4533,0.0663,0.3206,-0.0922
-7.8027,5.0973,-4.7788,-0.3359,0.0582,-0.4000,-0.8188,9.9168,0.3759,0.0382,0.4182,-0.2439
-8.6239,3.9600,-4.5610,-0.4840,0.0057,-0.4553,-2.3774,9.4715,-0.3926,-0.1014,0.6578,-0.3127
-8.4324,3.2417,-3.8978,-0.3182,0.0269,-0.2573,-3.0478,8.6095,-0.7446,-0.1043,0.3740,-0.1731
-7.9799,2.9090,-3.8379,-0.2453,0.0754,-0.0445,-2.8204,7.9535,-0.3998,-0.0925,0.3291,0.0121
-7.6878,3.1867,-3.9792,-0.0273,0.0304,0.2228,-2.5881,8.0254,-0.6369,-0.1025,-0.2298,0.2057
-7.4101,4.2952,-3.9073,0.0789,0.0123,0.4006,-1.5443,8.5688,0.5842,-0.1018,-0.3600,0.3295
-7.6854,4.9728,-3.8092,0.2153,0.0159,0.4001,-1.1253,9.1123,1.1205,0.0234,-0.5105,0.3216
-7.6926,5.3295,-4.1851,0.1584,0.1640,0.2790,-0.8404,9.5361,0.9098,0.0799,-0.1827,0.2749
-7.7045,5.2864,-4.8004,0.0981,0.0493,0.2086,-0.6991,9.7396,0.5315,-0.0230,-0.2434,0.1649
-7.8003,5.3534,-4.4604,0.0021,0.0601,0.1315,-0.9744,9.7707,0.8116,-0.0029,0.0466,0.1003
-7.9224,5.3989,-4.3574,-0.0983,0.0608,0.0584,-0.9840,9.7276,0.9194,-0.0674,0.0092,0.0663
-7.9918,5.4229,-4.2234,-0.1011,0.0408,-0.0017,-2.0039,9.4571,1.2139,-0.0921,0.0990,-0.0365
-7.7716,5.1619,-4.4748,-0.0983,0.0537,0.0129,-1.1133,9.4667,0.6225,-0.0537,-0.0032,-0.1167
-7.7285,4.8842,-4.4700,-0.0717,0.0085,0.0725,-1.1540,9.2296,0.3615,-0.0037,-0.0048,0.0137
-7.0294,5.0230,-4.6567,-0.0460,0.0500,0.2594,-1.1325,9.0094,0.3639,0.0063,-0.0306,0.0025
-7.4077,5.1499,-4.6208,-0.0466,0.2032,0.3365,-1.0391,9.0573,0.4836,-0.0504,-0.0181,-0.0168
-7.3406,5.2864,-4.5897,-0.0426,0.1450,0.2156,-1.1396,9.3541,0.4334,-0.0317,-0.1172,0.0733
-7.4412,5.5306,-4.5993,-0.1338,0.1272,0.2405,-1.2689,9.4092,0.7422,-0.0493,0.0794,0.1065
-7.2808,5.8275,-4.6471,-0.0962,0.1160,0.1665,-1.0989,9.5792,0.8164,-0.0729,-0.0281,0.0617
-6.8953,5.8586,-4.8698,-0.1621,0.0373,0.0665,-0.9649,9.5241,0.6416,-0.1204,-0.0290,0.0390
-6.9815,5.7892,-5.0326,-0.1944,0.0008,-0.0734,-1.2067,9.4236,0.6800,-0.0826,0.1354,0.0830
-6.5242,5.4803,-4.7621,-0.2439,-0.0068,-0.8869,-0.9050,9.5002,0.5722,-0.0699,0.2364,0.1142
-6.7038,5.1811,-5.5881,-0.2818,-0.1911,-1.2696,-1.1516,9.5409,0.6752,-0.0620,0.2927,0.1827
-8.5736,4.8722,-4.3622,-0.2261,-0.0722,-1.1215,-0.5555,9.6702,0.9409,0.0249,0.7358,0.1470
-9.3829,4.7405,-3.7182,-0.2609,-0.1831,-0.7773,-0.9768,9.8881,0.8667,-0.1781,-0.0446,0.1248
-9.0884,4.3694,-3.8930,-0.0882,-0.2533,-0.2581,-0.7039,10.0006,0.8045,-0.0723,0.1589,0.0366
-9.4140,3.9600,-4.0438,0.0741,-0.3769,-0.5287,-0.4884,9.9264,0.6105,-0.0927,-0.0907,0.0620
-8.6455,3.9456,-4.4963,0.0456,-0.4026,-0.5405,-0.6776,9.5002,1.1396,-0.1502,0.1840,0.1120
-8.5138,3.4764,-4.2545,0.0557,-0.3742,-0.7639,-0.8619,9.2919,0.7350,-0.1112,0.2814,0.1424
-8.2672,2.8946,-3.6296,-0.1439,-0.3080,-0.6443,0.1293,8.9974,0.3136,-0.1352,0.2402,-0.0354
-8.4348,2.7366,-3.6631,-0.2531,-0.3786,-0.3981,-0.4717,8.7125,0.0215,-0.2450,0.2253,-0.2866
-8.4779,2.4636,-3.4046,-0.0029,-0.2979,-0.3800,-0.9720,8.7963,0.2274,-0.2172,0.0518,-0.2310
-8.8155,2.1452,-3.0119,-0.0179,-0.2922,-0.3768,-1.5514,8.6407,0.9481,-0.2170,0.0609,-0.0835
-8.8945,2.1644,-2.6863,-0.0414,-0.1573,-0.1669,-1.1037,8.8394,1.3623,-0.1223,0.0195,0.2062
-8.8131,2.2625,-2.6097,0.0188,-0.0847,-0.2609,-0.4501,9.1482,1.4006,-0.0549,-0.0994,0.3126
-9.0046,2.2984,-2.9904,0.0392,0.0230,-0.2722,-1.0271,9.0333,1.7334,0.1176,0.1371,0.4927
-8.9807,2.1380,-2.6432,-0.1442,-0.0397,-0.2150,-0.8906,9.0621,1.3072,0.0747,0.3012,0.3893
-8.8992,2.0590,-3.6152,-0.1432,-0.0238,-0.4020,0.8188,9.2847,0.5028,0.2984,0.3111,0.9041
-9.2775,1.6975,-3.3447,-0.2321,-0.2821,-0.2730,0.6632,9.5529,-0.1365,0.0019,0.5384,0.7258
-9.5529,1.4293,-2.6480,-0.2534,-0.1525,-0.2316,0.4238,9.4475,0.6129,0.0199,0.4743,0.5802
-9.2416,1.5371,-2.8754,-0.0537,-0.1693,-0.0404,0.9673,9.4595,0.8404,-0.0112,0.0727,0.3287
-9.4786,1.4581,-2.9473,0.0244,-0.0604,0.0349,0.8308,9.5193,0.4118,-0.0200,-0.0009,0.1561
-9.7252,1.3958,-2.8826,-0.0655,0.0413,0.0606,0.9050,9.5720,0.6057,-0.0719,-0.1023,-0.1771
-9.3111,1.5155,-2.6719,-0.0153,0.1200,0.3970,0.5746,9.7276,0.5626,-0.1328,-0.3046,-0.3419
-9.7995,1.0798,-3.3710,0.0049,0.2318,0.0794,0.0096,9.8426,-0.4477,0.0753,-0.2683,-0.1719
-9.3278,0.4645,-3.2753,0.1494,0.0674,0.1711,-0.3974,9.4451,-1.0104,-0.0417,-0.3564,0.0025
-8.8442,1.9082,-3.0861,-0.0887,-0.0378,0.2856,0.6704,8.7867,1.0415,-0.2828,-0.1291,0.2541
-8.2049,4.6448,-2.6025,-0.1214,0.1835,0.1957,2.7821,8.5712,3.2489,-0.0116,-0.0385,0.3389
-8.4348,4.3120,-3.1771,-0.4076,0.1813,-0.0589,3.3830,8.8681,2.2769,0.1003,0.3220,0.0774
-8.3606,2.5043,-3.6368,-0.4446,0.1427,-0.1941,1.2378,8.5880,0.8452,0.1492,0.3528,-0.0714
-8.2983,1.0894,-3.4453,-0.3210,0.2555,-0.0698,0.3136,8.5234,-0.8045,0.1156,0.2277,0.0508
-7.6662,0.4597,-3.2106,-0.2891,0.3052,0.0918,-0.7230,7.8482,-1.0726,0.0618,0.3349,0.2442
-8.4659,1.0056,-3.4788,0.0197,0.4858,0.3436,0.1939,8.5832,-0.3328,0.0955,-0.2848,0.4746
-9.1698,1.9010,-4.0175,0.1376,0.6722,0.3838,1.3192,9.6367,-0.1891,0.1949,-0.3718,0.5128
-10.8026,2.5762,-4.8866,0.1669,0.5161,0.3055,2.1069,11.7723,0.1221,0.1294,-0.4311,0.2535
-12.0021,3.2848,-5.6647,0.1423,0.0838,0.0556,2.6911,13.2040,0.3974,-0.0986,-0.4495,-0.0882
-11.2456,3.5482,-4.5203,-0.1114,-0.4656,-0.2149,2.7869,12.1338,0.6967,-0.2750,-0.1025,-0.5039
-10.0820,2.6911,-4.6112,-0.2956,-0.7874,-0.4242,1.8675,10.9774,-0.2849,-0.4213,0.3718,-0.7973
-9.5912,1.8699,-3.7230,-0.2427,-0.9165,-0.4664,0.8092,9.7085,0.3950,-0.4076,0.2466,-0.8604
-8.3582,1.3815,-3.1244,-0.2717,-0.9144,-0.3457,-0.0790,8.3773,0.3256,-0.4630,0.2338,-0.7761
-7.7500,0.9122,-2.0279,-0.3356,-0.5272,-0.1889,-1.1229,7.3430,0.4262,-0.3198,0.3223,-0.5788
-7.1084,0.9673,-1.6376,-0.1998,-0.1612,0.0123,-1.2929,6.6750,0.7973,-0.1813,0.0661,-0.0934
-6.8354,1.4102,-2.0399,-0.0053,0.1275,0.3259,-0.8260,6.5098,0.5267,-0.1232,-0.2397,0.2805
-6.9049,2.0614,-3.0646,0.2866,0.3461,0.5610,0.7590,7.3095,0.2610,-0.0390,-0.6582,0.5000
-8.7173,2.9209,-2.7629,0.0699,0.4820,0.6594,0.7542,8.7101,1.8100,0.0454,-0.3064,0.4615
-10.0868,3.7709,-2.6983,0.0938,0.5921,1.1767,1.4006,10.0652,1.9585,0.1673,-0.6057,-0.0091
-9.3589,3.3830,-3.8403,0.3186,0.8112,0.6843,0.4573,10.2903,1.3767,0.2546,-0.6819,-0.1182
-9.2632,3.6919,-3.8930,0.4604,0.6702,0.5774,0.9625,10.0126,0.8045,0.4434,-0.4112,-0.2669
-8.7340,3.6488,-4.6064,0.2517,0.5211,0.5750,-0.0646,9.5864,0.2370,0.2926,-0.4557,0.1536
-8.2791,3.6943,-4.3407,0.3239,0.4906,0.7671,0.1053,9.1794,-0.2227,0.2229,-0.1605,0.1756
-7.7572,4.1827,-4.6376,0.1454,0.3339,0.9197,0.5938,9.3446,0.3400,-0.1307,-0.5061,0.2519
-7.7740,4.8435,-5.1739,-0.0809,0.3801,0.7699,0.6656,9.5672,0.6273,-0.0301,-0.1801,-0.1475
-7.4939,5.2337,-5.0709,-0.0514,0.3347,0.7425,1.1947,9.7348,0.6009,-0.0139,-0.2233,0.4389
-6.6822,5.1284,-5.7964,0.0213,0.2673,0.8111,1.1085,9.8019,-0.2466,-0.0262,-0.0444,0.2868
-6.5841,5.2625,-5.3486,-0.1873,0.2177,0.4595,1.1229,9.2368,0.3807,-0.2567,-0.1641,0.2739
-6.7277,5.5282,-4.4173,-0.2622,0.4722,0.6534,1.0223,8.5401,0.5626,-0.0378,0.1877,0.5909
-5.5162,6.3231,-4.9943,-0.1416,0.3047,0.8683,2.1859,8.3366,1.0774,-0.1470,-0.6246,0.6796
-5.2768,6.9576,-5.5138,0.0362,0.6829,0.5730,2.9832,8.8633,1.2306,0.2622,0.1058,0.7180
-4.7429,7.0533,-6.3087,0.0261,0.5688,0.3672,3.8092,8.8274,0.5507,0.2185,-0.1601,0.6223
-4.8626,7.3550,-6.2034,-0.0021,0.7236,0.3020,3.8978,9.0046,0.9601,0.4028,0.0234,0.5646
-4.1539,7.9679,-6.4811,0.0738,0.7105,0.0778,4.8507,9.2153,0.5555,0.5127,-0.0180,0.3848
-4.7908,7.6998,-7.5369,0.2944,0.6420,0.1456,5.0613,9.9503,-0.6895,0.6955,0.0517,0.0585
-4.3335,6.9504,-8.4707,0.2543,0.3613,0.2999,4.2138,10.1490,-1.5682,0.6031,0.0357,-0.3136
-4.7142,6.5386,-8.7963,-0.0554,0.3032,0.0045,3.5721,10.2448,-2.2529,0.3429,0.0891,-0.4041
-4.8100,6.5194,-7.8362,-0.2605,0.0814,-0.0069,2.6456,10.2472,-2.3152,0.2090,0.4647,-0.4061
-5.4827,6.3877,-8.2145,-0.1688,-0.1990,-0.1731,2.1739,10.4196,-2.3679,-0.1290,-0.1466,-0.3631
-5.4061,6.2680,-8.1666,-0.4475,-0.2992,0.0109,1.8890,10.2328,-2.5139,-0.3078,0.1375,-0.4330
-5.6551,5.3271,-6.2393,-0.6901,-0.6054,0.4271,0.9577,9.4643,-2.2936,-0.6221,-0.0216,-0.2994
-3.9696,5.7581,-7.0366,-0.3046,-0.4667,0.7695,1.3815,8.5904,-1.9201,-0.7815,-0.2942,0.0236
-4.1013,5.5617,-6.8283,-0.4178,-0.2658,0.5692,1.2426,8.1570,-1.8938,-0.7577,0.1564,0.2149
-3.5123,6.5960,-5.7174,-0.3339,-0.4076,0.7029,2.5642,8.5449,-0.6871,-0.8719,-0.4794,0.4088
-4.2066,7.3287,-6.0166,-0.0679,-0.5057,0.5621,2.7964,8.8490,-0.2298,-0.9064,-0.6532,0.4519
-3.0670,8.3318,-5.7102,-0.2233,-0.6207,0.8248,4.3694,8.6814,1.0008,-0.9633,-0.5808,0.4557
-1.8986,8.7101,-5.4444,-0.2049,-0.4840,0.5423,4.6064,7.9990,2.4014,-0.8231,-0.5967,0.3417
-1.6831,9.8737,-4.4197,0.0657,-0.2248,0.1532,5.6024,7.8243,4.2473,-0.1877,-0.3651,0.1692
-1.5802,10.1658,-4.6950,0.2423,-0.0111,-0.5760,5.9256,8.1451,4.2042,0.2226,-0.1264,-0.1701
-3.2130,9.5337,-5.1595,0.4473,0.1524,-0.8629,5.2936,8.4779,3.4381,0.6875,0.1232,-0.3457
-3.2178,8.4515,-5.6072,0.4078,0.2899,-0.9666,4.8147,8.6048,1.5371,0.8054,0.1002,-0.5604
-4.4843,6.1914,-6.7014,0.4076,0.4394,-0.8488,2.6240,8.5186,-1.2594,0.9425,0.4938,-0.6213
-4.8483,4.9416,-7.4531,0.1380,0.3718,-0.6181,1.4581,8.1355,-1.9249,0.6189,0.0646,-0.3870
-4.9105,5.0637,-7.2329,0.0125,0.3692,-0.1755,1.1995,8.6383,-1.9968,0.4108,0.3577,0.0675
-5.8131,6.8785,-7.8386,-0.0749,0.2826,-0.0185,2.5833,10.7571,-1.1660,0.2823,0.1837,0.1256
-6.3303,8.2265,-7.7237,-0.0577,0.0646,-0.2228,3.1723,11.7938,-0.3112,0.1267,-0.1912,-0.1483
-5.4085,8.3725,-7.8841,-0.1896,-0.1620,-0.4222,4.5011,11.5089,-0.0575,0.0658,-0.1484,-0.6502
-5.4348,7.5992,-7.3670,-0.2214,-0.4903,-0.7910,2.9880,10.8816,-1.0558,0.0107,0.3580,-0.9394
-5.2768,6.6272,-7.3957,-0.2213,-0.6652,-0.9194,2.4876,9.7492,-1.1468,-0.1208,0.2136,-1.0696
-4.6400,4.9225,-7.3239,-0.2813,-0.6178,-0.9152,1.5802,8.3821,-2.4301,-0.2150,0.3649,-1.0682
-4.7333,3.9624,-5.9640,-0.4066,-0.5253,-0.7485,0.0168,7.0102,-1.7693,-0.3624,0.5229,-0.8948
-5.1044,3.2010,-5.3103,-0.2805,-0.4439,-0.1819,-0.8068,6.4620,-2.1237,-0.4137,0.1811,-0.3679
-5.5976,3.6248,-4.7716,-0.0723,-0.1803,0.1968,-1.1133,6.9695,-1.1468,-0.2679,-0.0582,0.0252
-6.5003,4.2880,-4.6759,-0.0807,0.0167,0.3505,-1.6568,8.1211,-0.4238,-0.1553,-0.2662,0.3220
-8.2121,4.4245,-5.0757,0.2871,0.1821,0.7425,-2.2362,9.4475,-1.0965,0.2731,-0.4932,0.6336
-8.3821,4.9321,-7.0892,0.3721,-0.0265,1.1229,-1.5514,10.6231,-1.7526,-0.1957,-0.9490,0.8608
-8.1570,6.3734,-5.7341,-0.0733,0.2057,1.0337,-0.6105,10.8481,-0.0431,-0.2967,-0.2076,0.9681
-6.8953,8.2432,-6.5338,-0.0520,-0.2153,1.0543,1.8675,11.4179,1.0056,-0.7745,-1.2915,0.8054
-5.0302,9.1075,-5.9209,-0.4608,-0.1920,0.7627,3.7828,10.2424,1.8627,-0.6476,-0.2344,0.4968
-3.3782,9.3829,-5.4229,-0.3416,-0.3712,0.2108,4.9584,9.7181,2.3942,-0.5484,-0.4247,0.1210
-3.0694,9.2177,-6.0406,-0.1675,-0.3004,-0.2654,5.0973,9.5122,1.6807,-0.1624,-0.0240,-0.3307
-4.2114,8.3606,-5.1834,-0.3621,-0.0899,-0.7198,3.6871,9.0692,1.8914,-0.0702,0.7662,-0.6586
-4.8626,7.0246,-4.7118,-0.2558,-0.0725,-0.8616,1.7262,8.3965,1.0654,0.1148,0.6026,-0.6924
-4.7381,5.9472,-5.0206,-0.2153,0.0400,-0.7400,1.3120,8.0038,-0.3567,0.1965,0.5826,-0.5705
-4.2952,5.3630,-6.1914,-0.0075,-0.1460,-0.5099,1.9585,8.3462,-1.8387,0.1083,0.0261,-0.5580
-6.1316,4.7477,-6.1746,0.0417,-0.2669,-0.3660,0.1867,9.1051,-1.9201,0.0457,0.2779,-0.5594
-6.9695,5.3008,-5.9352,-0.1587,-0.6311,-0.1945,-0.5387,9.5888,-0.6345,-0.3864,-0.3908,-0.4045
-7.8266,6.0765,-3.8690,-0.2665,-0.4012,-0.2025,-1.6903,9.5193,1.6472,-0.2570,0.2100,-0.2086
-7.9966,6.3087,-2.6624,-0.1716,-0.2607,-0.1561,-1.8076,9.3087,2.4014,-0.1776,0.1572,-0.2126
-8.2337,5.9592,-2.0423,-0.3176,-0.0679,-0.0882,-2.5762,8.7388,3.1173,-0.2503,0.0088,0.0289
-7.5130,5.8131,-2.5426,-0.1478,0.5201,0.1783,-1.5634,8.5162,2.4086,0.1268,0.0942,0.4730
-6.2489,5.5833,-4.2832,0.0654,0.5741,0.4758,-0.3735,8.6095,0.6105,0.1454,-0.2891,0.6860
-5.6838,6.2489,-5.2218,-0.1378,0.6743,0.5132,0.8404,8.9735,0.3496,0.1247,0.1291,0.7994
-5.2768,7.2664,-5.6288,-0.0480,0.7673,0.3897,2.3272,9.6486,0.3089,0.2999,0.0562,0.7537
-4.1899,7.5417,-8.1451,0.3529,0.3456,0.2810,4.5059,10.5800,-1.8555,0.3675,-0.4651,0.3635
-4.4676,6.8450,-9.1267,-0.0894,-0.3675,-0.1150,3.6631,10.6111,-3.1532,-0.2214,0.1464,-0.3668
-5.6216,5.9616,-5.7820,-0.5626,-0.5508,-0.2399,0.6536,9.1243,-0.4166,-0.6568,0.3729,-0.5129
-6.6918,5.9735,-3.7230,-0.4321,-0.5392,0.0426,-1.2881,8.4539,1.5514,-0.6215,-0.0842,-0.2882
-7.1802,6.2034,-3.3902,-0.2249,-0.2767,0.3323,-1.2594,8.9423,1.8435,-0.3922,-0.1219,-0.0570
-7.3047,6.8163,-3.6943,-0.1091,-0.1111,1.0445,-0.6895,9.2847,1.5921,-0.2072,-0.2848,0.0983
-4.6926,7.9057,-4.6950,-0.0308,0.0175,0.7769,1.4868,9.5720,1.2641,-0.2301,-0.3904,0.1136
-4.1396,8.2935,-4.6711,-0.0390,-0.0649,0.5173,1.4844,9.0573,1.9249,-0.1937,-0.3180,0.0019
-3.2848,8.3749,-4.6376,-0.1155,-0.1081,0.2749,2.2817,8.9735,1.7047,-0.2114,-0.4237,0.1419
-3.1196,8.6933,-4.2545,-0.1452,-0.0312,-0.0024,2.7031,8.4731,2.6504,-0.0244,-0.0644,0.2062
-4.7621,8.2552,-3.8882,0.0033,0.0962,-0.7706,2.0135,8.2480,2.7318,0.3240,0.1815,0.2722
-4.4125,7.8673,-4.5490,0.1588,0.2120,-0.4310,3.0957,9.2871,0.9218,0.3475,0.2266,0.0990
-5.3630,7.2305,-5.6623,-0.0735,0.2132,-0.2258,0.9433,9.4858,0.3280,0.3325,0.5450,-0.1732
-5.5857,7.0246,-5.1978,-0.0697,0.0365,-0.1092,0.5914,9.4667,0.2466,0.0774,0.1148,-0.1263
-5.7317,7.0150,-5.2457,-0.0785,0.0470,0.0021,0.5171,9.4188,0.3424,-0.0353,0.1511,-0.1748
-5.4588,7.3095,-5.0829,-0.0490,-0.0072,0.0388,0.5986,9.3757,0.7542,-0.0771,-0.0775,-0.0386
-5.0733,7.5298,-5.0302,-0.0778,-0.0157,-0.0033,1.0726,9.5337,0.6584,-0.2336,0.0188,-0.1749
-5.1523,7.7812,-4.9440,-0.2061,-0.2034,0.2061,0.9290,9.2680,1.2450,-0.2138,0.1077,-0.1927
-4.6687,7.8099,-4.7094,-0.3135,-0.2614,0.1665,1.2091,9.2105,1.4820,-0.1498,0.0036,0.0200
-4.7190,7.6974,-4.3144,-0.2956,-0.1575,0.1541,1.0008,9.1195,1.6113,-0.0681,0.0699,0.0149
-4.7238,7.8554,-4.2808,-0.2462,-0.2133,0.1519,0.7877,9.0956,1.3024,-0.1038,0.0422,-0.1576
-4.7980,7.7572,-4.4341,-0.2392,-0.0893,0.0966,0.6991,9.2344,1.1205,-0.1055,0.0052,-0.0570
-4.9728,7.9104,-4.2306,-0.0803,-0.0226,-0.0009,0.8212,9.3254,1.2234,-0.0749,0.0128,-0.0699
-4.5370,8.0110,-4.0247,-0.1719,-0.1876,0.0839,0.6297,9.1506,1.8771,-0.1422,0.1088,-0.2667
-4.7573,7.9607,-4.1372,-0.1188,-0.0349,-0.0526,0.4741,9.2775,1.4700,-0.0895,0.0831,-0.1545
-4.2904,7.8721,-4.1252,0.0128,0.0218,-0.4326,0.4070,9.2632,1.6927,0.0386,0.0548,-0.0356
-5.3151,7.7955,-4.0318,0.6376,0.5115,-1.0034,0.3232,9.6031,1.3934,0.3016,0.1175,0.2777
-6.0118,7.3406,-5.1858,0.4943,0.3123,-1.0930,0.4477,9.8234,0.7661,0.3024,-0.1815,0.5365
-6.2153,6.8785,-5.1451,0.1620,-0.0469,-0.7893,0.8739,9.6678,0.5938,-0.1286,-0.2627,0.4658
-6.1196,6.4380,-5.3774,-0.2974,-0.3561,-0.3549,0.9122,9.4667,0.8787,-0.4618,-0.0612,0.0292
-6.2225,6.4093,-3.9672,-0.5981,-0.1410,-0.2498,1.0606,9.1099,1.4269,-0.4674,0.5087,0.0430
-6.5984,6.5601,-4.4819,-0.4860,-0.2658,-0.0133,0.9098,9.1794,1.3551,-0.5175,0.2096,0.1115
-6.4380,6.3063,-4.6926,-0.3464,-0.4756,0.0065,0.8930,9.3781,1.0415,-0.6231,-0.1447,0.2089
-7.1084,5.9831,-4.1180,-0.5982,-0.6057,-0.1263,-0.1030,9.2440,1.4724,-0.9117,0.2738,0.2252
-7.5537,5.8012,-3.7709,-0.7032,-0.5809,0.1287,0.0359,8.5018,1.8699,-1.0674,-0.0945,0.3669
-5.6958,6.0741,-3.0765,-0.9479,-0.7281,0.0637,0.8404,7.4484,2.7342,-1.1373,-0.0381,0.5768
-5.3223,6.0430,-2.7366,-1.5282,-0.3188,0.0441,1.9704,6.6295,3.3543,-1.1691,0.8072,0.6287
-4.6112,6.4811,-2.0949,-1.8059,-0.0977,0.2470,2.3798,5.7533,4.0917,-1.0647,0.9353,0.6675
-4.2808,7.4340,0.0718,-2.0845,0.3252,0.2349,2.8754,5.3726,5.0877,-0.9694,1.7281,0.5303
-5.0566,8.5760,0.7709,-1.2432,0.1753,0.5379,3.5027,5.8802,6.7756,-0.7143,0.3845,-0.1186
-5.2457,8.8322,1.4174,-0.7051,-0.1280,0.8663,2.7007,6.2393,6.9504,-0.1827,0.4450,-0.8102
-3.2489,8.8753,1.4724,-0.0188,-0.1359,0.7942,1.4916,6.6056,6.5434,0.2930,-0.1739,-0.7177
-3.6464,8.9926,2.6025,0.4279,-0.3162,0.3976,1.6233,6.8378,6.9695,0.3255,-0.2890,-0.7565
-4.5586,9.3134,0.3783,1.8294,-0.3103,-0.5910,0.7302,7.7069,7.4484,1.2005,-1.1092,-0.4888
-5.5857,8.3510,1.1756,2.4964,-0.0356,-1.7420,-0.6273,8.2528,6.7564,1.6521,-0.3208,-0.7136
-7.0653,6.8642,-2.6121,2.0572,-0.6029,-1.3227,-0.3041,9.2775,3.6919,1.2830,-1.8119,-1.1947
-9.2823,5.7317,-3.2992,1.5288,0.0798,-1.5922,-1.5658,9.2584,2.0183,1.4441,0.2224,-1.0520
-8.7053,4.6591,-4.0390,1.2015,-0.2407,-1.2657,-2.5905,8.9184,2.1572,0.9304,-0.9920,-0.8688
-8.4946,3.9385,-3.8930,0.3223,-0.3123,-0.9121,-3.0382,8.7077,1.1540,0.3964,0.4606,-0.3401
-9.0309,3.2130,-4.3934,-0.0715,0.0549,-0.7608,-1.9920,8.8298,-0.3448,0.2137,0.1887,0.0738
-6.7588,3.2298,-3.8666,-0.8871,-0.1219,-0.5951,-2.2625,7.6782,1.3144,-0.1037,0.7476,0.2517
-7.8314,2.8563,-3.1173,-0.7039,0.0496,-0.2222,-1.5371,7.8147,-0.4166,-0.0167,0.8442,0.3323
-6.7205,3.2657,-2.8802,-0.6610,-0.0127,0.1669,-1.5251,6.7971,0.6704,-0.2787,0.1839,0.5364
-6.8977,3.0957,-2.3631,-0.1621,0.2828,0.7506,-1.1444,6.7493,-0.3017,-0.0847,0.1354,0.6428
-6.0885,3.7110,-3.3854,-0.1539,0.0655,1.2600,-0.0383,7.1922,0.2921,-0.4017,-0.7377,0.8528
-6.1363,5.6000,-3.2848,-0.0729,0.6332,1.1393,1.4054,7.7716,2.4181,-0.2872,-0.3644,1.0297
-5.9975,7.2616,-3.2106,-0.0245,0.7749,1.0344,2.8012,8.5258,2.5474,-0.0349,-0.2646,0.6883
-5.5019,7.9368,-3.9696,0.1691,0.3897,1.1462,3.2058,9.1267,2.7701,-0.1256,-0.6686,0.0985
-5.1499,8.5641,-4.6543,0.1438,0.4367,1.1421,2.6025,9.5002,2.8587,0.3589,-0.0390,0.0855
-5.3391,8.8155,-4.2880,-0.2076,0.6053,0.3746,2.3272,9.8809,3.0670,0.3172,0.1488,0.0624
-5.5162,8.6119,-4.5921,0.1575,0.5111,0.1355,2.2362,9.9455,2.5307,0.4744,0.0341,-0.0943
-5.5091,7.8865,-5.5929,0.1966,0.2393,-0.0298,1.6712,10.0533,1.0080,0.3854,0.1115,-0.1223
-5.7988,7.6543,-5.2768,-0.0016,0.2392,-0.0044,1.2570,9.8378,1.0439,0.2350,0.1065,-0.1078
-5.6551,7.6638,-5.3606,-0.0413,0.0518,0.0330,1.2977,9.9862,0.9649,0.0524,-0.0220,-0.1287
-5.4396,7.8506,-5.4468,0.0071,-0.1037,-0.3332,1.2737,10.2807,1.2139,0.2141,0.0032,0.1206
-5.5857,8.2768,-5.9879,0.1745,-0.1849,-0.6391,1.8435,10.7476,1.0678,0.1383,-0.0047,0.4078
-5.9855,8.1930,-6.3111,-0.1147,-0.4780,-0.8915,4.1492,11.4156,0.5842,-0.2527,0.0304,0.0671
-6.6559,7.4819,-5.6360,-0.5806,-0.6863,-1.0854,2.2673,10.4315,1.2402,-0.3809,0.6831,-0.6046
-6.8929,6.0932,-4.4987,-0.4650,-0.7015,-1.0120,0.7111,9.0668,0.9792,-0.3736,0.5712,-1.1971
-6.4835,4.8483,-3.2992,-0.3978,-0.6706,-0.8804,-0.4118,7.6160,0.9266,-0.4121,0.4255,-1.2449
-6.4021,4.3359,-2.9329,-0.3604,-0.5292,-0.6382,-1.2881,7.0030,1.1564,-0.2629,0.3135,-0.8739
-6.2944,3.8858,-3.0981,-0.2794,-0.1579,-0.5011,-1.6257,6.7062,0.9816,-0.0951,0.3517,-0.5813
-5.8131,3.7900,-2.8084,-0.1316,0.0384,-0.1344,-1.1396,6.6176,0.5986,-0.0248,0.1933,-0.2221
-5.9616,3.6679,-3.2322,0.1619,0.1669,0.3581,-1.5610,6.7493,0.1796,0.1226,-0.2012,0.1100
-6.3303,4.6495,-3.5530,0.2152,0.1403,0.6122,-1.4988,7.3909,1.2809,0.0453,-0.5435,0.6082
-6.0885,6.0118,-4.2976,0.1420,0.5043,0.4862,0.6369,8.8107,1.5347,0.1996,-0.3820,0.6672
-7.1587,6.9097,-4.1037,-0.0041,0.6170,0.2847,0.5698,9.8689,2.0016,0.2779,0.1716,0.4728
-7.3885,7.0318,-4.6615,0.2998,0.5061,0.2695,0.3448,10.3932,1.5778,0.3605,-0.1168,0.4425
-7.5944,6.8019,-4.8626,0.3460,0.4915,0.2378,0.2849,10.4866,1.1037,0.4918,0.1151,0.3235
-7.0437,6.6176,-5.4803,0.1660,0.1399,0.2060,0.7590,10.3118,0.7422,0.1022,-0.4768,0.1848
-6.4931,6.6822,-5.6455,-0.0791,0.0859,0.0372,1.1947,10.1634,0.6345,0.0490,0.0926,-0.0005
-6.6391,6.6894,-5.0781,-0.0978,0.1007,-0.0480,0.8811,9.9383,1.0846,0.1407,0.1856,-0.0929
-6.6343,6.4596,-5.3175,0.0164,-0.0236,-0.3371,0.6225,9.8833,0.9457,0.1379,-0.0374,-0.2418
-6.8738,6.1004,-5.3127,-0.0905,-0.0667,-0.4290,0.2562,9.8090,0.3184,0.1033,0.3234,-0.3725
-7.2688,5.8299,-5.3247,-0.1819,-0.1661,-0.4170,-0.2107,9.8234,0.5100,-0.0358,0.1643,-0.3945
-7.3334,5.4684,-5.1212,-0.2194,-0.1436,-0.4430,-0.7063,9.5936,0.2442,-0.0536,0.2655,-0.4549
-7.6184,4.9991,-4.9057,-0.1556,-0.1416,-0.3497,-1.2498,9.4140,0.2897,-0.0374,0.1952,-0.3778
-7.9942,4.3718,-4.8842,-0.1532,-0.0906,-0.2645,-2.2817,9.2081,-0.0694,-0.0362,0.2101,-0.2657
-8.7077,3.5889,-4.4173,-0.1087,0.0747,0.0466,-3.4381,8.8442,-0.7949,-0.0175,0.2181,0.0493
-7.8075,3.8020,-4.9752,0.1038,0.1962,0.5718,-2.2098,8.7819,-0.9409,-0.0389,-0.2639,0.5348
-6.9312,4.6807,-5.3175,-0.0850,-0.0234,0.7310,-0.7661,8.8992,-0.4094,-0.4005,-0.3631,0.5862
-6.7038,5.1930,-5.2888,-0.0648,0.0317,0.8581,-0.5267,9.0621,-0.3328,-0.4215,-0.3032,0.6480
-6.0430,6.1411,-4.9967,-0.1499,-0.0610,1.0954,0.5842,8.7388,0.8643,-0.5958,-0.6901,0.8688
-5.6814,6.4955,-5.3056,-0.1781,0.0137,1.1205,1.1971,8.9663,0.6943,-0.5772,-0.4227,0.8860
-4.5586,7.0437,-5.2313,-0.0865,-0.0942,1.2927,2.3631,8.8705,0.6895,-0.6394,-0.6640,0.8059
-4.5107,7.8075,-4.8842,-0.1035,-0.1063,1.0741,2.3727,8.6215,1.8364,-0.7202,-0.6853,0.7513
-3.8499,8.5114,-4.5346,0.0348,-0.0673,0.8723,3.3375,8.6910,2.7533,-0.3790,-0.4610,0.6177
-3.9720,8.6024,-4.5131,0.1527,-0.2745,0.7750,3.3303,8.6622,2.6528,-0.3980,-0.8773,0.4612
-3.6919,8.5569,-4.5897,0.0779,-0.1342,0.6424,3.4812,8.3989,2.6791,-0.2683,-0.5526,0.3996
-2.9999,8.4707,-5.5617,0.1406,-0.0592,0.5399,4.0845,8.5449,1.9393,-0.0997,-0.5081,0.3981
-3.2753,8.3653,-4.8866,-0.3691,0.1665,0.2242,3.7397,8.4228,2.0638,-0.2665,0.2112,0.2810
-3.7637,8.4491,-5.0135,-0.3016,0.1755,0.2410,3.4189,8.6287,2.0758,-0.1601,0.4105,0.2754
-3.8618,8.4611,-4.8818,-0.2613,0.1083,0.2467,3.4237,8.5569,2.1476,-0.2519,-0.0966,0.2485
-3.8188,8.3701,-4.6256,-0.3038,0.0782,0.2261,2.9185,8.2839,2.2386,-0.2926,0.0922,0.2302
-3.1149,8.2744,-4.3910,-0.1059,0.1386,0.3291,3.7541,7.9655,1.8507,-0.0910,-0.0148,0.3288
-2.2577,8.5784,-4.9129,0.0127,0.0036,0.3794,4.4388,7.5968,2.2218,-0.1504,-0.4218,0.3428
-1.5538,9.3541,-4.2234,-0.1363,0.1466,0.2058,5.5833,7.3598,3.1173,-0.0524,-0.0616,0.3186
-1.2019,9.7037,-4.3120,0.1372,0.2065,-0.0472,6.1746,7.4723,3.5314,0.2766,-0.2266,0.1148
-1.3360,9.8928,-5.0111,0.3782,0.1383,-0.3019,6.6224,8.0014,2.8204,0.5592,-0.1459,-0.1760
-1.7909,9.3039,-6.1124,0.3888,0.2549,-0.6471,5.9927,8.4228,1.3384,0.7677,0.1540,-0.4640
-1.6807,8.8442,-6.8115,0.3982,0.0891,-0.7727,6.3255,8.7077,0.4884,0.7565,0.0282,-0.7602
-2.5809,7.9176,-6.9599,0.2602,-0.3152,-1.2344,5.0566,9.0381,-0.4788,0.3677,0.3284,-1.2710
-4.1444,7.3957,-6.5553,-0.0608,-0.3447,-1.3869,2.9018,9.0190,0.3280,0.3159,0.6408,-1.2099
-5.0925,7.2137,-5.5378,-0.3254,-0.3167,-1.3230,1.6616,8.9759,0.9984,0.1331,0.7410,-1.2183
-6.3111,6.0669,-4.8794,0.1127,-0.2803,-1.0488,0.1245,8.7843,0.2705,0.4477,0.6426,-1.1115
-6.6463,5.4684,-5.4731,-0.0257,-0.3435,-0.9348,-0.4717,9.0956,-0.1580,0.1148,0.1715,-0.9735
-7.1539,5.4061,-5.2625,-0.1685,-0.2522,-0.7569,-1.1803,9.3805,-0.0407,0.0196,0.2922,-0.7574
-7.3406,5.3343,-5.2625,-0.1523,-0.2101,-0.5640,-1.1756,9.5553,-0.0527,0.0472,0.3036,-0.5672
-7.1587,5.0518,-5.4660,-0.0454,-0.2657,-0.3944,-1.0630,9.4763,-0.9481,0.0149,0.1231,-0.4819
-7.4364,5.0015,-5.3247,-0.2128,-0.3772,-0.3291,-1.3192,9.4379,-0.3160,-0.2622,0.1047,-0.4674
-7.6638,5.1763,-4.4293,-0.1812,-0.4113,-0.2983,-1.7071,9.3613,0.6321,-0.2459,0.0033,-0.4522
-7.8314,5.2816,-4.5322,-0.1243,-0.4307,-0.3087,-1.8459,9.4499,0.6800,-0.2064,0.0056,-0.4794
-8.2887,5.5067,-4.0869,-0.2922,-0.3379,-0.4013,-1.9585,9.8258,1.3360,-0.1947,0.2161,-0.4266
-9.0190,5.1571,-4.0366,-0.2650,-0.3790,-0.3481,-2.6624,9.8761,0.9457,-0.2402,0.1199,-0.4365
-8.7101,4.3814,-3.8954,-0.2462,-0.4863,-0.1899,-3.3040,9.0644,1.1372,-0.3738,-0.0322,-0.4283
-8.4420,4.0821,-3.1651,-0.1346,-0.2497,0.1045,-3.5674,8.7867,0.2993,-0.1406,-0.0705,-0.1893
-8.2384,4.1204,-3.5267,0.1307,-0.2778,0.2463,-3.2944,8.4659,0.7590,-0.1318,-0.5013,-0.0184
-7.5513,3.6105,-3.9145,0.1699,-0.2537,0.4557,-2.8850,7.7620,-0.1628,-0.1596,-0.5465,0.1418
-6.3853,3.2968,-3.7781,0.0783,0.0542,0.5845,-2.4780,6.5649,0.3376,-0.1371,-0.4098,0.3698
-5.9400,3.6990,-2.9281,-0.0687,0.3782,0.9963,-1.8962,6.3375,0.1939,-0.0677,-0.1239,0.6340
-5.6455,5.2481,-3.7206,-0.0498,0.4109,1.6934,-0.8068,7.3095,0.6704,-0.1829,-0.5112,0.6718
-5.4468,6.3925,-3.1867,-0.3543,0.3766,1.8964,-1.8579,7.7572,2.4445,-0.1199,-0.2253,0.8849
-4.7477,7.2927,-4.5969,0.2180,0.5825,1.1542,-0.7039,9.0956,1.0175,0.0707,-0.4926,1.1868
-5.5881,7.9464,-4.0342,-0.7294,0.3182,0.8692,-0.0982,9.2392,0.9960,-0.7810,-0.0613,1.0718
-3.8164,9.1554,-3.4237,-0.3099,0.4847,1.4629,1.9465,8.8418,3.2465,-0.5144,-0.7883,1.5791
-1.8172,9.9000,-4.2186,-0.1876,0.7606,1.2873,4.1779,8.8801,2.8874,-0.2855,0.3150,1.2853
-0.9098,10.1682,-4.2713,0.1391,0.2931,1.0628,5.0685,9.0333,2.8515,-0.1243,-0.6352,1.0335
-0.5531,10.6518,-5.0925,0.2410,0.1884,0.3965,6.0885,9.3422,2.2194,0.1657,-0.0985,0.4259
0.2346,10.7763,-5.8610,0.3628,-0.1259,-0.1789,6.6200,9.6917,1.8076,0.2133,-0.3924,-0.0544
-1.5036,9.9503,-5.7964,-0.2222,-0.1843,-0.6945,5.1140,9.3350,1.4269,-0.1111,0.2044,-0.4065
-2.0997,9.4116,-5.3367,-0.1655,-0.3433,-0.7854,4.3862,8.8226,1.7549,-0.1250,0.1600,-0.5632
-2.2769,9.1842,-4.9273,-0.3776,-0.5360,-0.7165,4.3287,8.6167,1.8244,-0.2518,0.1813,-0.7934
-1.7861,9.0980,-4.4436,-0.2944,-0.6017,-0.8031,4.2138,8.6143,2.2218,-0.1455,0.1207,-1.0143
-3.0550,8.6526,-4.6783,-0.2629,-0.4437,-1.2965,2.5594,8.6359,2.2960,-0.0005,0.7573,-1.2645
-4.3838,7.8817,-3.4979,-0.3186,-0.3679,-1.5752,1.1013,8.6143,2.0877,0.0582,0.8199,-1.2740
-5.8873,7.0797,-4.0845,-0.0970,-0.4559,-1.5960,-1.5036,8.1882,2.6025,0.1845,0.7353,-0.8816
-7.0797,6.0525,-2.9928,-0.3315,-0.4883,-1.1170,-1.5969,8.7795,1.1420,0.1338,0.6817,-0.8159
-7.9344,5.6910,-2.6384,-0.4038,-0.5209,-0.9266,-3.5913,8.3869,2.2697,-0.2197,0.3889,-0.6575
-8.1810,5.4396,-2.6911,-0.2374,-0.1775,-0.7697,-3.1915,8.9136,1.4078,0.0919,0.5453,-0.4161
-8.8657,5.1523,-2.6695,-0.3082,-0.1411,-0.5761,-4.0462,8.8562,1.5179,-0.1506,0.3623,-0.2201
-9.0573,5.3822,-2.2003,-0.2609,0.1275,-0.1186,-3.0957,9.3422,0.9409,-0.0653,0.3243,0.1536
-7.9296,5.7317,-2.5690,-0.2450,-0.2511,0.2629,-2.6887,8.9639,1.8100,-0.5241,-0.3411,0.1372
-7.2065,6.2560,-2.1069,0.0424,-0.2546,0.3256,-1.3910,9.1578,2.0949,-0.2809,-0.4062,0.2397
-6.7253,5.7533,-3.1771,0.2691,-0.1844,0.1071,-1.0080,8.3486,1.6807,-0.0141,-0.2854,0.3491
-5.9568,5.3726,-2.3391,0.2535,-0.1103,-0.4579,-0.9361,7.4795,1.7310,-0.1459,0.0350,0.3822
-5.4636,4.9704,-2.9712,0.1511,-0.0245,-0.2013,-0.1987,6.9791,1.3934,0.0244,-0.1660,0.3552
-5.7341,4.8100,-2.9928,-0.1194,0.2021,-0.0290,-0.0622,6.8977,0.9074,-0.0244,0.2729,0.3195
-5.9520,4.9608,-2.5642,-0.0084,0.2899,-0.1195,-0.5842,7.0988,1.3048,0.1114,0.0754,0.6554
-6.6726,5.2050,-2.3727,0.0809,0.2368,0.0963,-0.1341,7.6614,1.9297,0.1066,-0.0116,0.7642
-6.9432,5.6455,-2.8946,0.2950,0.4926,0.5761,-0.0455,8.3222,1.7693,0.1985,-0.2711,0.8262
-6.8115,6.3111,-4.0438,0.3941,0.6001,0.7556,0.7590,9.0692,1.2402,0.1779,-0.5277,0.8733
-5.9448,6.9504,-4.5681,0.1029,0.5710,0.7381,2.3846,9.2009,1.6831,0.0818,-0.3805,0.9180
-5.9735,7.6040,-4.2258,0.0394,0.6909,0.5616,2.9664,9.3374,2.0830,0.1482,0.0436,0.7131
-5.9664,7.6136,-5.0805,0.1829,0.4409,0.4986,2.7198,9.4954,1.2474,0.1456,-0.3536,0.6111
-5.2194,7.5968,-4.3670,-0.1351,0.5788,0.1667,2.7749,8.8538,2.3535,0.2145,0.2956,0.5784
-5.8466,7.3622,-4.8100,0.1103,0.4255,0.2882,2.5905,9.1339,1.5754,0.2294,-0.1982,0.5498
-5.9209,7.2951,-4.8267,0.1929,0.6763,0.2979,2.7102,9.0621,2.0327,0.4443,0.1260,0.5376
-5.3199,7.5298,-6.1699,0.3884,0.4315,0.4250,3.9672,9.5577,0.6177,0.3206,-0.6538,0.4317
-4.9728,8.0780,-6.4859,0.2306,0.4018,0.4614,4.6232,9.8043,0.1963,0.1474,-0.1112,0.1264
-4.5203,7.8889,-6.8091,0.1483,0.1617,0.8227,4.3934,9.7588,-0.2179,0.0047,-0.2623,-0.1611
-4.2258,7.6064,-7.1754,-0.1756,0.0397,0.4017,3.9217,9.4427,-0.3041,-0.1452,-0.2773,-0.4683
-3.8379,7.6495,-5.8873,-0.4058,-0.0430,0.4173,3.3208,9.0309,0.6129,-0.2020,0.0156,-0.4727
-3.9049,7.6734,-5.3343,-0.5640,-0.1927,0.8982,2.7940,9.0860,0.3280,-0.1636,0.1002,-0.3864
-2.9401,8.2241,-5.9640,-0.1812,-0.1663,0.7917,2.7342,9.0166,0.9002,-0.1423,-0.2438,-0.2276
-2.8946,8.4563,-5.9137,-0.2300,-0.0241,0.3452,2.6624,9.1674,0.7039,-0.1379,0.0093,-0.1211
-2.8898,8.3773,-5.1811,-0.1576,-0.0457,0.0558,2.5642,9.1602,0.7063,-0.0682,0.0246,-0.0873
-3.2322,8.2672,-5.5857,-0.1033,-0.0107,0.0197,2.2721,9.1937,0.5267,-0.0669,0.0104,-0.0273
-3.2489,8.2097,-5.4875,-0.0767,-0.0333,0.0521,2.2745,8.9615,0.5674,-0.1083,-0.0232,-0.0265
-3.1771,7.8865,-5.5306,-0.0786,-0.0763,0.1096,1.9441,8.9256,0.3974,-0.1358,0.0184,0.0004
-3.3423,7.9511,-5.0733,-0.0941,-0.0107,0.2150,1.5467,8.5449,0.7853,-0.1864,-0.0438,0.1166
-2.5331,8.6886,-4.6735,-0.0857,0.0116,0.3629,2.6647,8.5760,1.9034,-0.1344,-0.2515,0.3448
-1.6544,8.6287,-4.4412,-0.0057,0.1118,0.2575,3.2417,8.1116,2.4732,0.0625,-0.1419,0.3539
-1.7166,8.4707,-5.6288,0.1282,0.4469,0.0851,3.6536,8.5856,0.6416,0.3603,0.1172,0.3575
-1.1109,8.5473,-5.5545,0.0661,0.4864,0.0257,4.3359,8.2552,1.0558,0.3199,0.1187,0.3359
-0.8691,8.4132,-5.7700,0.1993,0.4294,0.0049,4.2880,8.0302,0.5770,0.5015,0.0793,0.3244
-1.0918,7.6543,-6.1172,0.2242,0.7023,0.0470,3.9097,8.0206,-0.9026,0.6667,0.5263,0.3656
-1.4437,7.7165,-7.2927,0.2607,0.3896,0.2862,3.8307,8.6933,-1.1588,0.3588,-0.1768,0.5784
-2.4421,7.7859,-7.3622,0.1095,0.6193,0.2992,3.3710,9.3948,-1.5610,0.3038,0.4543,0.5355
-3.3303,8.3486,-7.5968,0.1835,0.2903,0.3922,2.7653,10.3549,-1.2282,0.1499,-0.1088,0.4860
-2.4181,9.3182,-7.6734,-0.1739,-0.1268,0.4930,4.2784,10.5225,-0.3783,-0.3729,-0.5488,0.4527
-1.9585,9.3996,-7.9559,-0.4205,-0.1825,0.1519,4.8028,10.6853,-0.8978,-0.4999,0.1605,-0.0308
-1.4533,9.4260,-7.2856,-0.5336,-0.4254,0.0987,4.9943,10.0700,-0.7422,-0.6820,-0.0694,-0.1643
-0.3950,9.5050,-7.7931,-0.6885,-0.9558,0.0477,5.9448,9.4739,-0.1221,-1.0114,-0.4572,-0.4229
0.1484,9.7827,-6.3135,-0.6837,-0.8110,-0.1021,6.0789,8.7197,0.7566,-0.9181,0.0143,-0.5484
0.5626,10.1610,-5.0039,-0.7842,-0.9085,-0.4238,6.3805,8.1977,2.5498,-0.9695,-0.1254,-0.7831
-0.2897,9.8545,-5.3056,-0.6289,-0.7141,-0.8651,5.3391,8.4707,2.2242,-0.5307,0.0779,-0.9541
-1.1995,9.6726,-3.7517,-0.7921,-0.7610,-1.1129,4.5705,8.1810,2.8706,-0.6320,0.0404,-1.1068
-2.3056,9.0237,-3.3878,-0.7356,-0.3199,-1.0781,3.4524,8.1259,2.4181,-0.3351,0.7088,-0.9946
-2.6217,8.3031,-3.7781,-0.5625,-0.3060,-1.0535,2.4972,7.8673,1.9417,-0.2543,0.7196,-1.0718
-2.9113,7.4915,-3.5243,-0.5577,-0.1883,-0.9623,1.7119,7.2999,1.8052,-0.1597,0.8298,-0.9010
-3.4524,6.8211,-3.2202,-0.3567,-0.1391,-0.9250,0.7446,7.0294,0.9720,-0.0256,0.6732,-0.9006
-3.9816,6.2800,-3.2537,-0.1262,-0.1540,-0.7340,-0.0982,7.0629,1.1205,0.1363,0.2706,-0.6837
-3.9744,6.6655,-2.8036,-0.1779,-0.2161,-0.5812,0.0838,7.1826,1.9752,0.0073,0.0835,-0.4009
-4.3790,7.0868,-2.9090,-0.0092,0.0782,-0.5111,-0.0383,7.7668,2.2194,0.2777,0.3439,-0.2890
-4.9081,6.9408,-3.0502,0.0561,0.0278,-0.4323,-0.4405,8.0038,1.8076,0.2515,0.0879,-0.2805
-5.8610,7.4340,-3.5291,0.0592,0.1833,-0.3720,-0.8906,8.9878,1.4988,0.2813,0.2898,-0.1077
-6.2393,7.6782,-3.6009,0.1266,0.3419,-0.2581,-0.7063,9.6917,1.4964,0.3476,0.1059,-0.0047
-6.3566,7.9440,-4.1994,0.0679,0.2750,-0.3230,-0.3160,10.5441,1.2210,0.3621,0.1909,-0.0541
-7.7955,8.1570,-4.5059,-0.3516,-0.1306,-0.4750,-1.3767,11.3078,1.3647,-0.0882,0.2527,-0.1953
-8.5377,7.2999,-3.2705,-0.2755,-0.0746,-0.3796,-3.2896,10.4411,1.2953,-0.0689,0.3420,-0.3076
-8.3917,6.0525,-3.4261,-0.2156,-0.2643,-0.0785,-3.7709,9.2919,0.7087,-0.2399,0.1172,-0.1939
-7.7979,5.3343,-2.7031,-0.4182,0.1607,0.1188,-3.6272,8.3558,0.8188,-0.2614,0.3199,0.1452
-6.7014,5.4899,-2.6073,-0.0294,-0.0926,0.4545,-2.3248,8.0134,0.5914,-0.2525,-0.4555,0.2675
-5.7604,5.8610,-3.6105,0.0657,-0.2246,0.5590,-1.3958,8.1355,0.7638,-0.2356,-0.6905,0.3520
-4.8100,6.4356,-2.8922,0.1391,0.0123,0.6221,-0.2370,7.7189,1.7142,-0.0460,-0.3519,0.4191
-4.2138,6.8067,-3.2681,0.2174,0.2380,0.6535,0.2131,7.6543,1.6448,0.0795,-0.3519,0.5899
-3.5937,7.3694,-3.6559,0.1399,0.3130,0.5552,0.7661,8.0445,1.1420,0.0729,-0.0767,0.6310
-3.6775,7.5250,-3.9840,0.1379,0.1479,0.5522,1.0750,8.1523,1.3719,-0.0510,-0.3042,0.5726
-4.0007,7.6495,-3.7254,0.1362,0.4246,-0.0978,1.0965,8.2720,1.6209,0.0561,0.0950,0.6980
-4.2928,6.9504,-4.2641,0.1555,0.3492,0.2018,1.1660,8.2480,0.7159,-0.0723,-0.1981,0.8278
-3.9456,7.4029,-3.6416,0.1848,0.3419,0.4946,1.3551,8.2552,1.4772,0.0482,-0.0472,1.0186
-4.5418,7.8123,-5.1619,0.3461,0.1376,0.6187,1.8483,8.9711,0.4166,-0.2044,-0.8287,1.0182
-3.6847,9.0764,-4.6639,0.2887,0.4170,0.5805,4.2162,8.6933,2.8323,-0.1811,0.1961,1.0063
-3.1340,10.3166,-4.7333,0.4696,0.1288,0.4375,5.2553,9.5026,3.1603,-0.0926,-1.1274,0.8082
-1.7502,11.1953,-5.8371,0.7055,0.0492,0.1395,7.4220,9.6103,3.4165,0.4365,-0.7326,0.4457
-2.4325,11.1019,-7.7381,0.6642,0.0608,-0.2321,7.7788,10.6279,1.5251,0.4918,-0.3543,-0.0789
-2.2649,10.2376,-7.4101,0.1018,0.0644,-0.8375,7.2568,10.2496,1.1492,0.3365,0.1062,-0.5640
-3.4620,8.5952,-7.3813,-0.2762,-0.2994,-0.8596,5.0589,9.6486,0.0383,0.1789,0.3714,-0.7494
-4.1108,7.9176,-6.6798,-0.1426,-0.4045,-0.9527,4.0103,9.2871,-0.3065,0.0775,0.4463,-0.7257
-4.2473,7.2472,-6.5697,-0.3287,-0.7994,-0.9467,3.7493,9.0453,0.2274,-0.4976,-0.1681,-0.9462
-5.1140,6.7900,-5.1427,-0.5027,-0.5612,-1.2073,2.0087,8.6718,0.7446,-0.2920,0.8505,-1.0301
-5.3103,5.9711,-4.7884,-0.4124,-0.7925,-1.2628,1.5969,8.2025,0.9337,-0.3557,0.3537,-1.0460
-5.7341,5.1954,-4.1180,-0.3701,-0.6408,-1.2365,0.7805,8.2384,0.6680,-0.1812,0.6454,-0.9617
-6.8091,4.6448,-3.6990,-0.2940,-0.4109,-1.0852,-0.4669,7.6519,0.9960,-0.1322,0.6831,-0.9104
-7.1323,3.4884,-3.4405,-0.1376,-0.3525,-0.7742,-1.9680,7.3933,0.3879,-0.1434,0.3962,-0.6249
-8.0852,2.9880,-3.2968,-0.1388,-0.0569,-0.1984,-2.9760,7.6136,0.6273,-0.1729,0.2503,-0.0721
-8.1738,3.4955,-3.8595,-0.3291,0.2208,0.2875,-2.1045,8.2001,0.7015,-0.2916,-0.1767,0.4975
-8.2313,4.9560,-2.2290,0.0321,0.4716,0.5828,-1.4030,8.5760,2.6288,0.0938,-0.2510,0.6857
-7.6902,5.6767,-3.8930,0.3222,0.3721,0.5477,0.0527,9.3709,2.4014,0.1512,-0.6639,0.6107
-8.2911,5.6647,-4.5466,0.4010,0.5621,0.5077,-0.0838,10.2137,0.7805,0.3936,-0.0906,0.5155
-8.4491,5.8419,-5.0350,0.0594,0.3299,0.4820,0.0886,10.3501,1.2617,-0.0081,-0.1284,0.5464
-7.7213,5.8275,-5.5952,-0.0795,0.1312,0.6698,0.5291,10.2927,-0.0239,-0.2870,-0.3106,0.5279
-6.4859,6.1411,-5.2648,-0.2128,-0.1847,0.8653,2.0446,9.4739,0.6201,-0.6816,-0.4780,0.4947
-6.2632,7.0629,-4.8411,-0.4759,-0.5544,0.7282,2.1476,8.9807,2.1428,-0.9391,-0.3541,0.2746
-5.5498,7.6351,-3.6344,-0.4058,-0.5692,0.4642,2.4517,8.7101,3.3399,-0.7918,-0.2189,0.0669
-6.0837,7.8745,-3.8571,-0.2745,-0.4463,0.4282,2.4972,8.6479,2.9808,-0.5674,-0.2566,0.0723
-4.8123,8.3318,-4.6088,-0.0717,-0.5308,0.3561,4.0965,8.7700,2.5594,-0.5221,-0.5357,-0.0234
-4.7621,8.2504,-4.2593,-0.0999,-0.5396,0.2042,3.6871,8.3701,2.9066,-0.5089,-0.1411,-0.2050
-4.5322,8.4970,-2.9904,0.1751,-0.6045,0.1667,3.5386,7.6734,3.9456,-0.3555,-0.5553,-0.3198
-3.7828,8.5808,-2.4517,0.3780,-0.3837,0.0246,3.4596,6.9863,4.3958,0.0284,-0.4122,-0.2579
-3.9480,8.7245,-2.6025,0.2798,-0.0681,-0.1470,3.7134,7.0198,4.5993,0.2249,-0.1756,-0.2411
-4.0558,8.4731,-3.0957,0.0970,0.0005,-0.2579,3.5650,7.4699,4.2760,0.2217,-0.1795,-0.1581
-4.6184,8.6886,-2.6839,-0.0584,0.3260,-0.4554,3.3112,7.6303,4.2808,0.4750,0.6161,-0.2274
-5.6503,7.8482,-3.2729,0.1827,0.3936,-0.5903,2.4780,8.3222,3.4189,0.6342,0.2088,-0.2944
-5.6838,7.2712,-4.1108,0.1676,0.3758,-0.6479,2.1237,8.5928,2.2913,0.6647,0.3182,-0.3352
-6.0956,6.5649,-4.5633,0.1775,0.3011,-0.6502,1.7502,8.8897,1.3838,0.5949,0.3003,-0.3858
-6.2560,6.1962,-4.9632,0.0715,0.2174,-0.6306,1.5179,9.0501,0.9050,0.4839,0.3416,-0.3589
-6.6870,5.8730,-4.8052,-0.0147,0.1603,-0.5729,0.9936,9.0908,0.5507,0.3980,0.5239,-0.3874
-6.8354,5.5330,-5.3367,-0.1187,0.1207,-0.5481,0.8188,9.1482,0.4429,0.2033,0.2940,-0.3729
-6.8833,5.4085,-5.0302,-0.1993,0.0336,-0.5025,0.4980,9.1650,0.4669,0.0730,0.2372,-0.3885
-6.9959,5.2457,-4.6735,-0.1071,-0.1054,-0.3551,0.2729,9.0764,0.4190,0.0877,0.2220,-0.4494
-6.7828,5.2337,-4.5418,-0.0517,-0.0902,-0.3651,0.3663,9.1123,0.6440,0.1027,0.1696,-0.3952
-7.3526,4.9488,-4.7166,0.0489,-0.1212,-0.3595,-0.6321,9.1435,0.4764,0.1116,0.0670,-0.3978
-7.9727,4.3120,-4.4939,0.0085,-0.1518,-0.2791,-1.4629,9.2225,0.2610,0.0829,0.1972,-0.3023
-8.4587,3.9097,-4.3766,0.0354,-0.1288,-0.0394,-2.1189,9.0764,0.1006,-0.0581,-0.1340,-0.0917
-7.9272,4.0151,-4.9967,0.1013,-0.0946,0.2495,-1.2450,9.2823,-0.5746,-0.1366,-0.1998,0.0786
-7.2520,5.2265,-4.5729,-0.1957,-0.1759,0.3018,0.0096,9.2033,0.7494,-0.4034,-0.0288,0.1693
-7.1778,6.3231,-3.5841,-0.1747,-0.1256,0.2466,0.3112,9.1147,2.5211,-0.3455,-0.2200,0.1284
-6.7516,7.0581,-3.4453,-0.1816,-0.1576,0.1961,1.0008,9.0692,3.4429,-0.2966,-0.2583,0.1090
-6.5841,7.3933,-3.1005,-0.1560,0.0582,-0.0292,1.1181,9.0429,3.7326,-0.0075,0.1491,0.0442
-6.5888,7.0820,-3.6943,-0.1383,0.1982,-0.2197,1.2426,9.2440,2.9185,0.1388,0.1459,-0.0453
-7.0270,6.0334,-4.3048,-0.1443,0.2413,-0.3802,0.3711,9.2249,1.3551,0.2441,0.3910,-0.1459
-7.0916,5.4277,-4.5538,-0.2006,0.2591,-0.4770,0.1867,9.2727,0.8547,0.2390,0.4966,-0.2156
-7.2927,5.0015,-4.8267,-0.1696,0.1676,-0.4630,-0.2753,9.2871,0.5171,0.2033,0.2879,-0.2153
-7.3358,4.9081,-4.6328,-0.1014,0.2242,-0.5478,-0.0096,9.3302,0.3998,0.3340,0.4473,-0.3158
-7.7500,4.1635,-5.1404,-0.0718,0.1030,-0.6121,-0.9577,9.4571,-0.3184,0.2567,0.3244,-0.4322
-8.9160,2.6025,-5.0398,-0.0149,0.0580,-0.3663,-3.1651,9.3350,-1.9034,0.1808,0.4153,-0.3842
-9.1913,2.2122,-5.0757,0.0333,-0.2513,0.2041,-3.6152,9.1267,-1.8651,-0.2615,-0.1442,0.0039
-8.6383,3.2777,-4.2425,-0.1014,-0.1869,0.5189,-2.7821,8.8633,-0.2011,-0.4626,-0.2932,0.2789
-7.5944,4.8219,-3.9193,-0.0153,-0.2651,0.7685,-0.8691,8.8849,1.1229,-0.5834,-1.0020,0.4580
-5.9352,6.8594,-3.9361,-0.0588,-0.1332,0.6142,1.4006,8.8753,2.9808,-0.4130,-0.7200,0.4678
-5.6240,8.1259,-3.2441,0.0360,0.0195,0.2378,2.7150,9.0453,4.4053,-0.0288,-0.3325,0.1972
-5.6767,8.1475,-3.6344,-0.0036,0.1318,-0.2970,2.6935,9.2823,4.0701,0.2423,-0.0757,-0.1268
-6.8163,6.6343,-4.4197,-0.0589,0.4427,-0.8166,1.5060,9.6271,1.9297,0.6987,0.9371,-0.4644
-7.6591,4.9656,-5.0901,-0.2304,0.3464,-0.9763,-0.4693,9.5361,0.2466,0.4994,0.7329,-0.5469
-8.9998,2.6863,-5.6743,-0.2659,0.1563,-0.7147,-2.9808,9.7468,-2.3128,0.2848,0.8537,-0.4943
-9.5696,2.1189,-4.7980,-0.4041,-0.0683,-0.2627,-4.0486,9.1818,-1.5682,-0.1945,0.5946,-0.2024
-9.3158,1.9082,-4.9680,-0.1563,-0.1014,0.1314,-3.9648,9.0261,-1.9489,-0.2308,0.0244,0.0506
-8.7245,2.0135,-4.9392,-0.0069,-0.1358,0.4944,-3.4836,8.8394,-2.1404,-0.3265,-0.2719,0.2932
-8.0613,3.0478,-4.5370,0.1847,-0.2944,0.8739,-2.3296,8.5569,-0.6991,-0.4960,-0.8043,0.4856
-7.2544,4.1324,-5.1499,0.3656,-0.3135,1.1822,-0.8404,8.8442,-0.8619,-0.5272,-1.0710,0.6670
-6.0166,6.4428,-4.7932,0.1605,-0.3997,1.1307,1.8483,8.8945,1.9106,-0.7781,-1.3524,0.6937
-5.3486,8.0014,-4.0031,0.1817,-0.3845,0.8450,2.4062,8.9423,3.5147,-0.4502,-0.8693,0.4254
-5.2170,9.0573,-3.2585,0.0131,-0.1945,0.3732,3.2513,8.8825,4.9991,-0.2392,-0.6660,0.2186
-4.7740,8.7293,-3.2657,0.0847,0.1899,-0.1825,3.4572,8.4994,4.7285,0.3307,0.0281,-0.0743
-5.3223,7.1539,-4.0558,0.2535,0.4418,-0.6242,2.1284,8.3821,2.4325,0.7897,0.4088,-0.3215
-5.7748,5.5330,-6.2465,0.1915,0.4696,-0.7869,1.5562,9.0357,-0.3280,0.7811,0.4882,-0.3890
-7.3239,4.6639,-5.8227,-0.2998,0.5582,-1.0512,-0.1389,9.7636,-0.4764,0.6370,1.2305,-0.5147
-9.5577,3.0167,-5.9089,-0.3832,0.3760,-0.8402,-3.0406,10.3645,-2.4493,0.3777,1.2473,-0.4656
-9.5265,2.3487,-6.6463,-0.5000,0.0237,-0.3862,-3.1436,10.2208,-3.2394,-0.1937,0.5216,-0.1923
-8.5114,2.7342,-5.6096,-0.7152,-0.1904,0.1330,-2.4134,9.3565,-2.2410,-0.6969,0.2782,0.1423
-8.1594,4.2832,-4.0558,-0.2056,-0.3782,0.6320,-1.4700,9.0956,0.1006,-0.6752,-0.3730,0.2830
-7.2209,5.3127,-4.6184,0.2058,-0.6672,0.8112,-0.0503,9.2464,0.8835,-0.7131,-1.3827,0.2397
-7.1443,5.7461,-4.2952,0.2166,-0.4999,0.7429,-0.1125,9.0405,1.6975,-0.4461,-0.6626,0.2220
-6.6008,6.1842,-4.4676,0.3511,-0.3762,0.7328,0.5650,8.9854,1.5826,-0.3609,-0.9872,0.2852
-5.9185,6.6104,-5.1834,0.0665,-0.2964,0.5838,1.5826,9.1363,1.7741,-0.4162,-0.6776,0.2802
-5.9233,7.2401,-3.7134,0.0051,-0.1519,0.4397,1.6328,8.7388,2.9616,-0.2470,-0.2320,0.2483
-5.4684,7.9751,-3.9049,0.0358,-0.1103,0.1339,2.6432,8.8873,3.8188,-0.0758,-0.5761,0.1118
-6.4715,7.2425,-3.7589,0.0013,0.3527,-0.3365,1.4102,9.2416,2.7821,0.4497,0.4181,-0.1164
-7.3287,5.4899,-5.0398,0.1184,0.4479,-0.3415,-0.1149,9.5265,0.3472,0.5307,0.5845,-0.2214
-7.4843,4.5633,-6.2632,-0.0230,0.3413,-0.1951,-0.4764,9.6534,-1.2354,0.2232,0.3452,-0.1504
-7.0150,5.3486,-5.1284,-0.1668,0.2021,0.1352,-0.1293,9.3805,0.0215,-0.0520,0.2707,-0.0695
-6.7684,6.2944,-5.3127,-0.1227,0.0561,0.4259,0.4860,9.5265,0.9170,-0.2338,-0.3328,-0.0883
-5.9041,6.8594,-5.1643,-0.0677,0.0180,0.1150,0.5938,9.3757,1.9680,-0.0055,-0.0597,-0.0256
-6.4308,6.8881,-4.9823,-0.2506,0.0381,-0.0791,0.7781,9.7205,1.6065,0.0076,0.1657,-0.1617
-6.7397,6.2560,-5.0685,-0.2290,0.1390,-0.0814,0.0503,9.6151,0.6201,0.1186,0.2844,-0.1627
-6.9719,6.0693,-5.2074,-0.2968,-0.0341,-0.2149,-0.4166,9.7731,0.5842,-0.1222,0.3138,-0.1805
-6.9887,6.3734,-4.2928,-0.3496,-0.0637,-0.2036,-0.3328,9.4236,1.5514,-0.1927,0.1737,-0.0879
-6.8881,6.5050,-4.2617,-0.2819,0.1719,-0.1632,-0.1053,9.4332,1.5443,-0.0497,0.3593,-0.0127
-5.6647,6.6272,-4.6448,-0.1195,0.0933,-0.1935,0.7997,8.9663,1.5203,0.0565,0.0113,-0.0035
-6.1842,6.2417,-4.9680,-0.2570,0.2381,-0.5040,0.4214,9.2009,1.0032,0.1728,0.5533,-0.2114
-6.9504,5.7581,-4.8411,-0.1733,0.1992,-0.5133,-0.6153,9.3685,0.5291,0.2157,0.4712,-0.2515
-7.2880,5.2984,-4.8698,-0.1958,0.1142,-0.4026,-1.1181,9.3637,0.3615,0.0990,0.4270,-0.2346
-7.3310,5.0589,-4.9105,-0.2485,0.0464,-0.2832,-1.2019,9.2368,0.0215,-0.0389,0.2266,-0.1295
-7.5705,5.1260,-4.6256,-0.3008,0.0414,-0.1964,-1.7142,9.1554,0.3136,-0.0990,0.3577,-0.0709
-7.6447,5.0829,-4.9105,-0.2285,0.0352,-0.0801,-1.4605,9.5217,0.5004,-0.0829,0.0813,-0.0051
-8.4132,4.8483,-5.2696,-0.0225,-0.1676,0.1577,-2.0973,10.0102,-0.3448,-0.1491,-0.3340,0.0300
-8.0804,4.6759,-5.4995,-0.1448,-0.2174,0.3456,-1.8100,9.7995,-0.6871,-0.2882,-0.1392,0.1403
-7.2736,4.9033,-5.3989,-0.2809,-0.4249,0.3368,-0.9529,9.4451,-0.2274,-0.5167,-0.4234,0.1504
-6.7636,5.3367,-5.1236,-0.3392,-0.3684,0.1527,-0.4381,9.4403,0.4381,-0.4959,-0.1835,-0.0051
-7.0390,5.5617,-4.9344,-0.2097,-0.5247,0.1219,-0.4477,9.6151,0.1341,-0.4970,-0.1985,-0.1350
-6.5936,5.6024,-4.0175,-0.3291,-0.5448,0.0478,-0.5770,8.7364,1.1995,-0.5935,-0.1079,-0.2304
-6.3375,5.3846,-3.1771,-0.2077,-0.5237,0.1051,-1.0104,7.9104,1.4365,-0.5593,-0.2200,-0.1985
-6.0956,5.1092,-2.4876,0.0659,-0.3685,0.2750,-1.3695,7.0701,1.9345,-0.3032,-0.1764,-0.0842
-5.6743,4.9704,-2.5690,0.2535,-0.2839,0.4758,-1.0678,6.4835,1.9465,-0.2013,-0.7096,0.1603
-5.6360,5.0805,-2.6073,0.2554,-0.0793,0.6832,-1.1061,6.7612,1.7717,-0.1406,-0.5065,0.3932
-5.2026,5.4348,-3.0789,0.3720,0.0890,0.9208,-0.1963,6.7349,1.7549,-0.0851,-0.7312,0.6857
-3.7469,6.2968,-3.3471,0.1923,0.0738,0.8759,1.3862,6.5386,2.9185,-0.1927,-0.9967,0.7606
-4.7094,8.2408,-2.6025,0.2631,0.5140,0.5833,1.9752,8.1762,4.7573,0.3311,-0.0534,0.7041
-5.4396,8.4324,-4.3215,0.6450,0.5939,0.5083,1.9561,9.4355,2.5043,0.5653,-0.5315,0.6145
-5.2888,8.9735,-5.0063,0.4663,0.4944,0.4980,2.4086,9.8402,2.6025,0.4549,-0.4918,0.6283
-4.3574,8.8897,-6.0717,0.0474,0.3978,0.1928,3.7445,9.9311,2.3320,0.2225,-0.2626,0.4628
-5.0063,8.4659,-5.4684,-0.0510,0.4686,-0.1889,2.8850,9.7659,1.8675,0.3972,0.7806,0.1014
-5.4708,8.1211,-5.1858,-0.1326,0.5192,-0.2781,2.1308,9.7612,2.1548,0.2835,0.3721,0.1254
-5.8466,8.2911,-5.5593,0.1164,0.4640,-0.2709,2.0590,10.3286,1.3838,0.4922,0.3365,0.0265
-5.3989,8.1738,-6.2130,-0.0345,0.4018,-0.3834,2.7533,10.3310,1.4126,0.4237,0.4227,-0.0502
-6.3782,7.6782,-6.9959,-0.0897,0.2050,-0.5806,2.0303,11.2240,-0.2634,0.2595,0.4327,-0.3818
-7.0437,7.0581,-6.6726,-0.4132,-0.2509,-0.6376,0.8954,11.0085,0.0982,-0.2177,0.4411,-0.5832
-7.3047,6.7684,-5.9927,-0.5642,-0.5321,-0.6551,0.1101,10.7236,0.2610,-0.4610,0.4457,-0.7643
-7.4268,6.1435,-4.7669,-0.6811,-0.5949,-0.6764,-0.8188,9.7085,0.7566,-0.5708,0.5566,-0.7962
-7.2688,5.7628,-4.3287,-0.4331,-0.5824,-0.5277,-1.1013,9.2249,0.7015,-0.4287,0.1809,-0.7605
-6.8235,5.3917,-4.5993,-0.3148,-0.6002,-0.4211,-0.9481,8.7197,0.9218,-0.3501,0.0670,-0.6205
-7.0557,5.1739,-4.2018,-0.2828,-0.4226,-0.3688,-1.2953,8.6000,0.7494,-0.3060,0.2120,-0.5223
-7.1132,5.0518,-4.0270,0.0012,-0.3977,-0.1696,-1.5778,8.5545,0.7278,-0.1633,-0.0823,-0.4153
-6.9336,5.3558,-4.2665,0.1375,-0.5015,0.0505,-1.2306,8.7101,0.8739,-0.2487,-0.5492,-0.2722
-6.5745,6.0861,-4.1276,0.1691,-0.4688,0.1723,-0.5986,8.7867,1.4676,-0.2000,-0.5125,-0.1528
-6.1004,6.8307,-3.2130,-0.0277,-0.4763,0.1685,0.0479,8.2911,3.1484,-0.3120,-0.4580,-0.0695
-5.4803,7.2568,-2.1524,-0.0238,-0.2571,0.0264,0.6704,7.6734,3.9816,-0.1512,-0.3568,-0.1022
-5.4037,6.6056,-2.5426,0.0831,-0.0486,-0.1006,0.2969,7.5561,3.0813,0.1347,-0.1263,-0.1303
-5.8969,5.8849,-3.6440,-0.0524,0.0663,-0.1547,-0.5124,7.9631,1.8603,0.1082,0.2242,-0.1029
-6.3135,5.4636,-3.4907,-0.2378,0.3206,-0.1017,-1.0008,8.0637,1.4317,0.0909,0.4875,0.1158
-6.1770,5.3079,-3.5506,-0.1077,0.3548,-0.0195,-0.7494,7.9942,1.2833,0.1591,0.2429,0.2222
-6.1268,5.1380,-3.9097,0.0390,0.4675,0.1074,-0.7638,7.9368,1.0989,0.2687,0.1029,0.3295
-6.6511,5.3702,-4.7573,0.1667,0.5140,0.1901,-0.7278,8.6862,0.5243,0.3754,0.1692,0.2990
-6.8139,5.4827,-5.0422,0.1945,0.4078,0.2258,-1.1109,9.0190,0.7111,0.3292,-0.0153,0.3909
-7.1682,6.3566,-5.0901,0.0457,0.5264,0.1776,-0.6345,9.8904,0.9122,0.2971,0.2084,0.4314
-7.3957,6.3973,-5.2337,0.2417,0.4096,0.2561,-0.3831,10.2376,0.5938,0.3320,-0.0266,0.3829
-7.0988,6.2321,-5.6982,0.2220,0.2675,0.2658,-0.2897,10.1849,0.2131,0.2150,-0.1061,0.2856
-6.5960,5.8610,-6.0693,0.0610,0.0699,0.4635,-0.2682,9.6965,-0.6608,-0.1238,-0.2887,0.3645
-5.8466,5.7485,-5.9616,0.0739,0.0959,0.6722,0.2801,8.9543,-0.5267,-0.1752,-0.2132,0.4692
-4.5897,6.0286,-5.9448,-0.1719,0.1003,0.7157,1.0199,8.3079,-0.0479,-0.3444,-0.4430,0.6620
-5.1260,7.6686,-5.9424,-0.0572,0.1608,0.6995,2.1524,9.9264,0.7326,-0.2037,-0.2746,0.6360
-4.9105,9.0788,-6.1172,-0.4251,-0.1454,0.3980,3.0742,10.5153,1.8914,-0.8279,-0.7176,0.3965
-4.9225,9.0309,-5.1068,-0.4509,-0.0855,0.0911,2.5211,10.1849,2.3559,-0.3761,0.0865,0.0637
-4.3479,7.9368,-5.0996,-0.2838,-0.2265,-0.0392,2.4756,8.7963,1.9944,-0.1731,0.2502,-0.0693
-4.6567,7.5130,-4.3646,-0.5582,0.1764,-0.0883,1.5299,8.5832,1.9680,-0.2306,0.4354,-0.0135
-4.9704,7.6207,-4.2497,-0.0630,0.0513,0.0512,1.3168,8.7747,1.8675,-0.0199,0.0655,0.0394
-4.7022,7.8482,-5.1715,-0.0814,0.0621,0.0778,2.2098,9.2703,1.6592,-0.0140,0.1776,0.1006
-4.6017,7.8793,-5.3654,-0.0624,-0.0592,0.0242,2.3296,9.3494,1.3695,-0.0842,-0.1200,-0.0079
-4.7597,7.5681,-5.2313,-0.1236,-0.0927,-0.0113,1.8794,9.0261,1.2929,-0.1280,0.0112,-0.0722
-4.7908,7.4196,-5.2912,-0.1819,-0.1569,0.0015,1.7573,9.0309,1.3408,-0.2052,-0.0384,-0.0417
-4.5633,7.5417,-5.2098,-0.3748,-0.0771,-0.0207,1.9656,8.9088,1.4198,-0.3082,0.1892,0.0049
-4.4077,7.6112,-4.9536,-0.4878,-0.0354,-0.0489,1.9273,8.5976,1.5897,-0.3733,0.1965,0.0188
-4.8818,7.9775,-4.5921,-0.4812,-0.0590,-0.0067,1.8196,9.0597,2.2051,-0.3733,0.2606,0.0312
-5.7557,8.3749,-4.1013,-0.1371,-0.2141,0.0698,1.4413,9.6438,2.6097,-0.2272,-0.0181,-0.0913
-5.8179,8.2720,-4.3958,-0.2186,-0.3924,0.0402,1.4030,9.7324,2.4517,-0.3901,-0.0103,-0.2004
-4.7262,7.9655,-4.5466,0.0304,-0.5951,0.1202,1.8651,8.7532,2.2410,-0.3805,-0.7627,-0.2486
-4.2569,7.5513,-4.0103,-0.3300,-0.3146,-0.0504,1.6807,8.0158,2.4110,-0.4137,0.1936,-0.2110
-4.0989,8.9352,-2.6049,-0.0674,-0.2196,-0.0466,2.5977,7.9942,4.5490,-0.1986,-0.2758,-0.1230
-3.2394,8.9352,-2.9042,0.0087,-0.1155,-0.2336,3.1723,7.7548,4.3622,0.0969,-0.1275,-0.1888
-3.9935,7.8841,-2.6935,0.1294,0.2919,-0.5172,1.7789,7.3478,3.6751,0.4934,0.4647,-0.2602
-4.2689,7.4053,-3.5482,0.0866,0.3369,-0.5480,1.4988,7.5872,2.8132,0.5123,0.3062,-0.1559
-4.5538,7.5944,-3.8954,-0.0878,0.6299,-0.6456,1.7478,8.0565,2.6432,0.5769,0.7562,-0.0609
-4.2904,7.8506,-4.4796,-0.0617,0.6415,-0.6763,2.0423,8.5305,2.1596,0.6129,0.4923,-0.0693
-5.3367,7.2018,-4.7429,-0.0573,0.6912,-0.7564,1.3455,9.0525,1.2163,0.7041,0.9375,-0.1823
-6.5625,6.3710,-5.5905,-0.0995,0.6153,-0.8056,0.3591,9.8162,0.1293,0.6039,0.9407,-0.2773
-7.6399,5.1763,-5.9089,0.0731,0.4265,-0.6820,-1.2929,10.0676,-1.1133,0.5576,0.5991,-0.3762
-8.3582,3.9433,-6.8785,0.2884,0.1174,-0.3281,-2.1715,10.2424,-2.8659,0.4231,0.4013,-0.3722
-8.5258,3.3255,-7.0126,-0.0790,-0.2185,0.0349,-3.0287,9.8162,-3.0885,-0.2305,-0.0869,-0.1232
-7.7500,4.2880,-5.8945,0.1015,-0.4643,0.6777,-2.0853,9.6199,-1.9034,-0.4688,-0.6632,0.2390
-6.1363,6.1411,-5.5426,0.3453,-0.8019,1.0696,0.3352,9.4092,-0.1820,-0.6301,-1.1980,0.3356
-4.0199,8.3486,-4.0582,-0.1883,-0.7985,0.9870,2.7773,8.1092,3.4500,-1.0460,-1.0560,0.4045
-3.2513,10.0700,-2.5833,-0.3146,-0.2334,0.3597,4.0270,8.1810,5.2936,-0.5658,-0.5359,0.1937
-3.5338,9.5241,-2.5163,-0.0220,-0.1246,-0.1227,3.3974,8.0780,5.5545,0.0581,0.0107,-0.1122
-4.2186,8.7317,-3.4141,0.0609,0.2193,-0.6053,2.7821,8.6670,4.0989,0.5169,0.3822,-0.2984
-5.3822,7.2257,-4.8554,0.0262,0.3597,-0.9044,1.2905,9.1626,1.3599,0.6097,0.5745,-0.4652
-6.3590,6.1316,-5.3534,-0.1390,0.4928,-0.9518,0.1173,9.4619,0.1460,0.6142,1.1273,-0.4774
-7.3741,4.9991,-5.3032,-0.3656,0.3477,-0.8087,-1.4317,9.3470,-0.2251,0.2146,0.8584,-0.3977
-8.0278,4.2808,-6.0286,-0.3328,0.2710,-0.4654,-2.3846,9.5816,-1.7406,0.1001,0.7891,-0.1980
-7.8578,4.1204,-5.2912,-0.3066,0.2030,-0.0484,-2.2482,9.1482,-1.4892,-0.0945,0.5011,0.0596
-6.6990,4.7094,-5.6767,-0.2136,-0.1628,0.3806,-1.0822,8.8969,-0.6895,-0.4149,-0.4998,0.2927
-6.0645,6.0597,-4.9512,-0.3675,-0.0742,0.3885,0.2394,8.9591,0.8140,-0.4285,0.0500,0.3384
-5.9376,6.9983,-3.7350,-0.2100,-0.1450,0.3106,0.5986,9.0118,2.2098,-0.3441,-0.3781,0.1933
-5.9616,7.2496,-4.3574,0.0369,-0.1961,0.2430,0.3591,9.1937,2.2027,-0.1203,-0.3293,0.1557
-6.5003,7.2161,-4.1994,0.0032,-0.0324,0.1204,0.3208,9.5720,2.0782,-0.0164,0.1685,0.0711
-6.4093,7.1156,-4.3742,-0.0895,-0.0348,0.0238,0.4334,9.5984,1.9513,-0.0612,0.1300,0.0108
-6.3375,6.8450,-4.6040,-0.1019,-0.0797,-0.0298,0.3352,9.3709,1.3886,-0.0982,-0.0910,-0.0586
-6.1770,6.4811,-4.7070,-0.1021,-0.1115,-0.0572,0.1508,9.1554,0.9888,-0.0889,0.0274,-0.0807
-6.2968,6.2704,-4.4388,-0.0955,-0.0955,-0.0229,-0.1030,8.9902,1.1564,-0.0862,0.0677,-0.0648
-6.1004,6.4404,-4.0725,-0.0469,-0.0516,0.0016,-0.1053,8.7843,1.7885,-0.0568,-0.0705,-0.0217
-6.3015,6.6056,-4.3072,0.0128,-0.0108,0.0461,0.0527,9.0764,1.5155,-0.0013,-0.1061,0.0377
-6.1723,6.7804,-4.3239,-0.0392,0.0222,0.0553,0.2969,9.1794,1.5395,-0.0165,-0.0402,0.0689
-6.1483,6.8714,-4.4652,-0.0422,0.0029,0.0404,0.3926,9.3111,1.4844,-0.0429,-0.0534,0.0353
-6.0932,6.7636,-4.6831,-0.0334,-0.0120,0.0313,0.2322,9.2799,1.4437,-0.0444,-0.0356,0.0442
-7.2137,7.9368,-4.9919,-0.0921,-0.0389,-0.1019,0.3711,11.0492,2.1500,-0.0258,0.0179,0.0045
-8.8538,9.1842,-6.8522,-0.0258,-0.6933,-0.4662,2.3008,13.9869,1.0199,-0.2946,-0.4836,-0.4774
-8.3534,8.0325,-4.3934,-0.6442,-0.9819,-0.8187,0.3160,11.3509,2.4134,-0.6726,0.4618,-1.0361
-6.7325,5.7916,-3.7996,-0.3702,-1.2351,-0.6289,-0.9146,8.3246,1.6185,-0.7032,-0.6611,-1.0593
-6.2991,4.5083,-2.8036,-0.4896,-0.8323,-0.5477,-1.6999,6.5745,1.5754,-0.4786,0.6492,-0.7793
-5.8562,3.8978,-2.1261,-0.2701,-0.5319,-0.2505,-2.1644,5.8802,1.2091,-0.4575,-0.1640,-0.4397
-5.7533,3.9409,-2.1859,-0.0429,-0.2154,0.0694,-1.8531,6.0071,1.2330,-0.2029,0.0743,-0.1158
-5.7772,4.6735,-2.1835,-0.0970,-0.0469,0.2040,-1.0558,6.6200,2.0830,-0.1695,-0.1435,0.1712
-6.1531,5.3846,-2.0901,0.0306,0.0064,0.3000,-1.1660,6.9528,2.8060,-0.0965,-0.4226,0.2767
-5.5905,5.2672,-2.0758,0.0630,0.3022,0.3742,-0.8906,6.4643,2.4756,0.0842,-0.1996,0.4634
-4.9967,5.0494,-3.1340,0.2519,0.4687,0.5578,-0.0431,6.7588,1.2426,0.2787,-0.1203,0.6327
-6.0765,6.2321,-3.1029,0.0120,0.5935,0.4716,0.1580,8.2121,2.6217,0.1649,0.0785,0.7003
-7.3334,7.7572,-3.9193,0.1392,0.4383,0.4425,0.3208,10.2400,3.0119,0.1821,-0.2923,0.5974
-7.5369,8.2744,-4.2641,0.1724,0.3664,0.2746,0.6129,10.7548,3.1316,0.2782,0.1079,0.3788
-7.5920,8.1331,-3.9313,0.1166,0.2609,0.0706,0.8356,10.8362,2.9497,0.2325,-0.0722,0.2136
-7.4867,7.8147,-4.1731,-0.0818,-0.0040,-0.0357,0.1149,10.3214,2.9544,-0.0621,-0.1049,-0.0008
-7.2377,7.3095,-3.1412,-0.1184,0.0103,-0.0282,-0.2370,9.3757,2.8587,-0.0180,0.2194,-0.0033
-6.0717,6.8139,-3.8355,-0.1023,0.0398,-0.0370,0.6680,8.8753,2.1332,-0.0057,0.0638,0.0290
-5.7988,7.0892,-3.8116,-0.0449,0.0377,-0.1140,1.0439,8.8011,2.2984,0.0273,-0.0581,-0.0308
-5.7174,7.2425,-3.7397,-0.0794,0.0823,-0.3056,1.2163,8.8226,2.6025,0.1567,0.2233,-0.1330
-6.2991,7.1994,-3.9816,0.0553,0.1294,-0.5163,0.8068,8.9160,2.6815,0.2939,0.2142,-0.2025
-6.6798,6.4189,-4.1515,0.1804,0.2565,-0.6735,0.2969,9.1913,1.4916,0.4365,0.3906,-0.2619
-6.8235,5.7916,-4.6184,0.0883,-0.0249,-0.5167,-0.1389,9.2727,0.6704,0.2389,0.1408,-0.2685
-7.2377,5.1547,-4.4987,-0.0270,0.0141,-0.3945,-0.8523,9.1459,0.5459,0.1636,0.3074,-0.2198
-8.9160,4.0390,-4.8578,-0.1202,-0.0318,-0.0887,-2.7533,9.7755,-0.2155,-0.0763,0.2166,-0.0589
-9.4810,3.9169,-5.5569,0.0549,-0.4042,0.4201,-2.8706,10.1778,-0.9505,-0.4479,-0.5801,0.0937
-7.8650,4.6543,-4.9416,-0.0683,-0.6917,0.7673,-1.2522,9.2440,0.0958,-0.8372,-0.9138,0.2434
-5.6743,6.4572,-4.0510,-0.0242,-0.7506,0.7706,1.0247,8.0038,2.5283,-0.9928,-1.1672,0.3409
-4.3670,7.6207,-3.1077,0.0007,-0.4923,0.5858,2.7054,7.2664,4.2090,-0.6358,-0.5917,0.2334
-4.2784,7.9033,-3.0789,0.0580,-0.1984,0.2106,2.5474,7.2880,4.2976,-0.1869,-0.3323,0.0958
-5.0805,7.6758,-2.1979,-0.0329,0.1268,-0.0084,1.5850,7.4460,4.5083,0.0553,0.1136,0.1054
-5.7030,7.3478,-3.0885,0.1964,0.2393,-0.0750,1.2905,8.2384,3.9816,0.2803,-0.2547,0.1351
-5.6168,7.0629,-4.3455,0.2705,0.4310,-0.2204,1.9752,8.5305,2.6073,0.5247,0.0762,0.1166
-5.9424,6.6295,-5.0206,0.0829,0.4197,-0.4482,1.9704,9.0501,1.4293,0.4927,0.4362,-0.0244
-6.6990,6.9623,-4.9752,-0.1823,0.3620,-0.5752,1.4102,9.5984,2.3391,0.3223,0.3713,-0.0292
-7.6447,7.0222,-4.5107,-0.1383,0.2950,-0.7244,1.1229,10.2783,2.4708,0.4045,0.6708,-0.3043
-8.1331,6.1316,-4.5155,-0.0004,0.1502,-0.8516,0.3160,10.2256,1.9465,0.4186,0.4526,-0.5478
-8.3534,4.4915,-4.8578,-0.1355,0.1518,-0.9090,-1.4078,9.3302,0.7973,0.3878,0.5192,-0.6199
-8.8514,2.9137,-4.5993,-0.2763,0.2017,-0.5496,-3.2537,8.7053,-0.7111,0.2399,0.6847,-0.2677
-8.2744,2.8587,-4.9225,-0.0216,0.0982,0.2423,-2.4157,8.9280,-0.9529,-0.1107,-0.1146,0.3015
-7.6758,3.7038,-4.9536,-0.0557,-0.0438,0.5949,-1.3623,8.7819,-0.1652,-0.3760,-0.3677,0.5180
-6.6894,4.7142,-5.4851,0.0849,-0.0480,0.7721,0.3256,8.8585,0.3831,-0.3683,-0.8623,0.6454
-5.5522,6.1292,-5.5498,0.0124,-0.0549,0.7738,2.3056,8.7317,0.9553,-0.3801,-0.4298,0.5662
-5.0901,6.9743,-5.8610,0.2797,-0.2256,0.7306,3.6416,9.0261,1.0463,-0.3289,-0.8701,0.2986
-5.2433,7.2568,-5.6120,0.1139,-0.4040,0.4838,3.0358,9.1506,1.7358,-0.4137,-0.3230,0.0017
-5.8083,7.2544,-4.8674,-0.0009,-0.4094,0.2932,2.3415,9.0573,2.7797,-0.3790,-0.4918,-0.1167
-6.2465,7.4555,-4.4077,-0.0460,-0.4313,0.0934,1.8794,9.0381,3.2537,-0.3146,-0.2342,-0.2493
-6.4883,7.2233,-3.9002,0.1624,-0.3074,-0.0452,1.4078,8.9950,3.2872,-0.0245,-0.2082,-0.3111
-6.0478,7.2832,-4.2497,-0.0490,-0.1908,-0.2661,1.6089,8.8250,3.2633,0.0278,0.0560,-0.3361
-6.5027,6.8426,-3.5841,-0.0819,0.0230,-0.3095,0.9194,8.7771,3.1508,0.2102,0.3523,-0.3477
-6.7804,6.1411,-4.2689,-0.0576,0.1290,-0.4983,0.3711,8.8681,2.2362,0.2844,0.3407,-0.3730
-7.4101,5.4636,-4.2497,-0.0192,0.2613,-0.5187,-0.5626,8.9208,1.7047,0.4005,0.3813,-0.2856
-7.7261,4.8076,-4.7118,0.0554,0.2172,-0.3119,-1.3455,9.0429,0.7542,0.3683,0.2971,-0.1434
-7.8506,4.6471,-4.6495,-0.1864,0.3435,-0.2148,-1.4269,8.9711,0.7853,0.2084,0.2654,0.0682
-7.7141,4.3383,-5.0159,0.2477,0.2863,0.2874,-1.3695,9.1674,-0.3998,0.1925,-0.2739,0.3086
-7.0126,4.5945,-6.1579,0.1210,0.2085,0.4906,-0.0072,9.2656,-0.6704,0.0031,-0.3317,0.4718
-6.2393,5.5186,-5.8778,-0.2653,0.1671,0.5173,1.0750,9.2751,-0.1269,-0.3341,-0.2030,0.5179
-5.6120,6.5314,-5.9616,-0.2170,-0.0286,0.5013,2.2075,9.3637,0.9409,-0.4259,-0.4635,0.3836
-5.4492,7.2592,-5.5043,-0.1392,-0.1549,0.3817,2.5091,9.2919,1.6879,-0.3544,-0.2462,0.1904
-5.6240,7.1036,-5.6072,-0.0044,-0.2946,0.2615,2.2913,9.3709,1.4844,-0.2578,-0.1968,-0.0420
-5.5737,7.0797,-5.1930,-0.1510,-0.2769,0.0911,2.1165,9.0836,2.1380,-0.2896,-0.0879,-0.1418
-5.7796,7.0485,-4.6040,-0.1544,-0.3415,-0.0349,1.5490,8.9423,2.4565,-0.2635,-0.1579,-0.2217
-6.1746,6.9528,-4.0079,-0.1506,-0.1631,-0.1336,0.9146,8.7628,2.7557,-0.0833,0.2451,-0.2386
-6.5098,6.4883,-4.2904,-0.0257,-0.0218,-0.1290,0.4980,8.7795,2.2721,0.0400,0.0079,-0.1724
-6.9240,5.7700,-4.5753,-0.1043,0.1804,-0.0207,-0.4310,8.7556,1.5395,0.0825,0.1370,0.0743
-6.7469,5.7700,-5.0925,-0.1404,0.2184,0.2085,0.1341,8.9280,0.8835,-0.0274,0.0031,0.3184
-5.8658,6.6535,-5.2672,-0.1604,0.1444,0.2962,1.4964,9.1363,1.3910,-0.1320,-0.1699,0.3766
-5.5952,7.3909,-5.2122,-0.1335,0.0933,0.2072,2.2051,9.3350,1.9920,-0.1103,-0.1051,0.2690
-5.1834,8.1570,-5.3941,-0.2502,0.0496,-0.0610,3.0622,9.5577,2.8156,-0.1206,-0.1158,0.0839
-5.7509,8.4443,-4.0749,-0.3256,0.1300,-0.4191,2.4636,9.3302,3.9385,0.0703,0.5718,-0.1887
-6.1316,7.4603,-4.5346,-0.1927,0.1460,-0.5965,1.6041,9.2392,2.5881,0.2538,0.4770,-0.3439
-6.8570,6.0837,-5.2768,-0.2685,0.2316,-0.5881,0.6225,9.5002,0.6201,0.2491,0.8665,-0.3576
-6.9671,5.7365,-5.4684,-0.2761,-0.0770,-0.4618,0.1389,9.5672,0.6057,-0.0456,0.1596,-0.3547
-7.0964,5.6096,-5.7221,-0.3120,-0.2629,-0.3753,-0.1413,9.8186,0.7087,-0.2430,0.0902,-0.3607
-7.7740,5.2720,-4.0630,-0.1120,-0.2052,-0.1920,-1.0127,9.1674,0.5076,-0.0767,0.2655,-0.2751
-6.8546,4.6950,-5.0781,0.1251,-0.4514,0.1895,-0.7566,8.5497,0.2274,-0.3072,-0.5805,-0.1466
-6.6846,4.1731,-4.6926,0.2703,-0.2619,0.5970,-0.9625,7.9009,-0.4334,-0.1788,-0.4549,0.2026
-4.9009,5.0182,-5.2505,0.0961,-0.3256,1.0275,0.8643,7.4627,-0.0311,-0.6262,-0.9382,0.5777
-4.8243,6.6846,-4.2641,-0.0694,-0.3769,1.0272,2.0255,7.7788,2.2242,-0.7497,-0.8553,0.5826
-4.4365,8.3390,-3.5314,0.0412,-0.3653,0.8596,2.9042,8.0086,4.3862,-0.5728,-0.9282,0.4760
-4.3646,9.1028,-3.2848,0.1327,-0.1852,0.5028,3.6057,8.2193,4.7429,-0.1911,-0.5381,0.3003
-4.1396,9.4427,-3.4979,0.1275,-0.0722,0.1470,4.2713,8.2648,4.9297,-0.0117,-0.4189,0.1112
-3.9744,9.2249,-4.4819,0.0673,0.0890,-0.3331,4.2425,8.6766,4.2760,0.2830,0.1088,-0.1479
-5.1020,8.3438,-4.4412,-0.1005,0.2915,-0.7192,3.2130,8.8562,3.1484,0.4543,0.7881,-0.3881
-6.0501,6.3997,-4.7238,-0.2328,0.2519,-0.8691,1.0582,8.7221,1.3982,0.4101,0.6839,-0.4634
-7.3765,5.3989,-4.2162,-0.2185,0.2058,-0.6603,-0.6847,8.9447,0.9266,0.3183,0.9097,-0.3544
-8.1163,5.0661,-4.8770,0.0783,0.0765,-0.0913,-1.5562,9.3853,0.4621,0.1628,0.1147,-0.0332
-7.9009,5.0422,-4.5777,0.0500,-0.1348,0.3816,-1.5682,9.1866,0.7278,-0.1543,-0.3179,0.2922
-6.3470,5.8849,-4.8171,0.1284,-0.0829,0.7815,0.6536,8.7987,0.5650,-0.2281,-0.7774,0.8037
-5.0996,7.8985,-4.6663,0.0015,-0.2557,0.6773,3.1651,9.0980,2.5259,-0.5129,-0.7333,0.7342
-5.2864,9.0980,-4.7333,-0.1887,-0.2944,0.4239,4.4365,9.5505,3.8403,-0.5965,-0.5685,0.3942
-5.5665,9.4715,-3.9600,-0.2280,-0.2639,0.0350,4.3191,9.4667,4.7070,-0.2537,0.0008,0.1342
-5.6790,8.7412,-4.1611,-0.1147,-0.1740,-0.3192,3.5793,9.2751,3.8379,-0.0052,0.1231,-0.2085
-5.6958,7.9847,-4.3335,-0.1251,0.0520,-0.5642,3.1819,8.9591,2.8252,0.1856,0.5598,-0.4317
-5.9711,7.2975,-4.5873,-0.2919,-0.1123,-0.8179,2.5714,9.1243,2.3607,0.1219,0.5842,-0.6772
-6.7181,6.6391,-4.2880,-0.4005,-0.2611,-0.8227,1.2977,9.0716,2.1620,-0.1099,0.3377,-0.7244
-6.5984,6.3734,-3.7709,-0.4835,-0.2360,-0.7714,0.9553,8.5401,2.3320,-0.1268,0.5701,-0.6249
-6.0956,5.9807,-3.0957,-0.4221,-0.1657,-0.7489,0.8188,7.8290,2.5259,-0.0296,0.4818,-0.5697
-6.0047,5.6336,-3.0933,-0.3242,-0.0460,-0.7408,0.6225,7.5034,2.4493,0.1540,0.5335,-0.4860
-6.2369,5.0901,-3.2968,-0.2038,0.0697,-0.7135,0.0311,7.5417,1.6999,0.2566,0.5256,-0.4594
