-5.3151,7.0270,-0.0239,0.2525,0.1767,-0.2322,1.2330,6.3422,5.3558,0.4243,-0.0494,0.1375
-5.3439,7.4364,-0.5315,0.2034,0.0588,-0.3833,1.5060,6.1818,6.2082,0.6935,0.1180,0.6033
-5.4492,7.5417,-1.0008,-0.0149,0.0273,-0.7557,2.4876,7.2257,4.6471,0.3949,0.2242,-0.1984
-6.6559,6.8163,-0.2825,-0.6356,0.3877,-1.1642,1.2306,7.2664,4.5107,0.5488,1.2426,-0.4385
-7.5346,5.7126,0.5890,-0.5243,-0.1251,-1.0172,-0.2370,7.2257,4.6926,0.3140,0.7163,-0.4630
-7.5010,5.6168,1.1971,-0.3032,-0.0056,-0.7661,-0.8092,7.2975,4.5897,0.1980,0.5263,-0.4423
-7.5944,5.2194,0.7087,-0.1259,-0.0580,-0.4686,-1.1923,7.3981,4.2641,0.0638,0.2226,-0.3897
-7.6112,5.0350,0.7230,-0.0946,-0.0826,-0.3084,-0.8954,7.4508,4.0869,0.0061,0.0561,-0.3119
-7.2999,5.1044,1.0151,-0.0256,-0.1198,-0.2126,-0.9912,7.3837,4.0175,-0.0640,0.0124,-0.2991
-6.9192,5.1619,0.5962,-0.0294,-0.3726,-0.1661,-0.2322,7.2640,4.0247,-0.2132,-0.1597,-0.3555
-7.5968,5.3319,0.9553,-0.1867,-0.2639,-0.4231,-0.7901,7.4388,4.9225,-0.1186,0.2245,-0.4931
-7.8482,5.1092,1.0151,-0.1033,-0.2161,-0.4213,-1.4198,7.5154,4.9560,-0.0274,0.0616,-0.4723
-7.2233,4.7669,1.0247,-0.0310,0.1069,-0.4531,-0.8380,7.3502,4.5466,0.2475,0.1063,-0.3287
-8.0230,4.2449,1.1971,-0.2583,-0.3064,-0.5585,-2.1763,7.3023,4.5035,0.0115,0.4692,-0.5890
-7.9511,3.5817,1.7214,-0.2935,-0.2806,-0.6117,-2.9042,7.0509,4.5969,0.0549,0.2971,-0.6273
-8.5641,3.4668,2.5331,-0.1684,-0.1232,-0.6367,-3.7589,6.9168,4.5346,0.1872,0.3781,-0.6097
-8.2121,3.3854,1.9992,-0.0225,-0.2068,-0.4722,-3.5243,6.8594,4.2976,0.0730,0.1563,-0.4947
-8.7388,3.4979,1.7478,0.0258,-0.0208,-0.4611,-3.3950,7.4484,4.4029,0.1843,0.0687,-0.4778
-8.2432,3.0430,1.9178,0.1123,-0.1182,-0.3893,-3.7781,6.6822,5.1763,0.2249,-0.1103,-0.3917
-8.1618,2.6240,1.8316,0.1625,-0.0144,-0.2261,-3.7876,6.7684,3.8283,0.2258,-0.1155,-0.2242
-7.8673,2.1883,1.6592,0.1540,0.1336,-0.2046,-3.9049,6.4093,3.1508,0.2598,0.0334,-0.2870
-8.1618,1.9010,1.2354,-0.0777,-0.0233,-0.1986,-4.5298,6.4380,2.8347,0.1073,0.1891,-0.1455
-8.3007,1.9321,1.4389,-0.1961,-0.0064,-0.1432,-4.6352,6.5936,3.0430,-0.0687,0.2173,-0.0930
-8.6239,2.1380,1.4868,-0.2222,-0.0894,-0.0410,-4.7908,6.7780,3.2585,-0.1791,0.1176,-0.0249
-8.7436,2.2075,1.4341,-0.2939,-0.0665,0.0793,-4.7836,6.8163,3.2992,-0.2269,0.0821,0.0356
-8.0182,1.9417,1.5371,-0.2607,0.0077,0.0566,-4.2689,6.3901,3.5985,-0.1514,0.1286,0.0385
-8.7053,1.4078,1.2737,-0.6483,0.3541,-0.1094,-4.6926,6.6415,2.8874,0.0346,0.6670,0.0361
-9.1339,1.5610,1.9201,-0.6372,0.1873,0.0320,-5.7341,6.9073,2.5522,-0.2176,0.6394,0.1070
-8.8131,1.7047,1.4461,-0.4000,-0.0168,0.2284,-4.8243,6.7828,3.1580,-0.3086,-0.0145,0.2040
-8.2265,1.7310,1.6065,-0.7514,0.2005,0.0584,-4.8243,6.3183,3.3998,-0.2689,0.6460,0.2397
-8.8585,1.4605,1.7095,-0.7372,0.2483,0.1179,-5.2768,6.7421,2.9113,-0.3030,0.5088,0.2821
-9.3039,1.4317,1.6831,-0.7159,0.1496,0.1764,-5.7197,7.0102,2.9880,-0.3685,0.4987,0.3255
-9.3278,1.7238,1.9752,-0.5842,0.1035,0.3608,-5.4827,7.0246,3.2034,-0.4029,0.3063,0.3994
-8.6957,1.9369,1.0846,-0.4587,0.1783,0.4147,-4.5777,6.9647,2.9760,-0.3571,-0.0444,0.4453
-7.7835,2.2913,1.0870,-0.5734,0.0456,0.3228,-3.6440,6.7564,3.2298,-0.4215,0.2080,0.3543
-8.1283,2.1380,0.7757,-0.7392,0.1645,0.0633,-3.9241,6.7660,3.0047,-0.3714,0.4906,0.2073
-8.5162,2.3798,1.5251,-1.0822,0.1054,0.0036,-4.1013,6.8857,3.8451,-0.4703,0.8343,0.1466
-8.6263,2.4134,2.3224,-1.0108,0.1071,-0.0497,-4.8626,6.6559,4.1324,-0.4173,0.8607,0.0862
-8.5569,2.7797,2.7150,-0.6233,-0.0641,0.2109,-4.5873,6.7445,4.1108,-0.4602,0.2770,0.1982
-8.1738,3.2034,2.5259,-0.3459,-0.1471,0.1891,-3.9863,6.6774,5.0350,-0.3563,-0.0045,0.1370
-8.3342,3.6392,2.7174,-0.1123,0.0144,0.1203,-3.7158,6.8881,5.2505,-0.0913,-0.1066,0.0986
-7.9487,3.4692,1.5730,0.0159,0.1559,-0.1775,-2.8443,7.1323,5.2529,0.2286,0.0268,-0.0546
-8.4563,2.9856,1.5658,-0.1761,0.5401,-0.7143,-3.8140,7.1012,4.3287,0.5776,0.8304,-0.3591
-8.9447,1.9417,1.1205,-0.0358,0.5213,-0.7218,-5.1547,6.9408,2.7725,0.6002,0.4462,-0.3960
-9.0980,0.5794,1.0774,-0.0734,0.4263,-0.5175,-5.8251,6.6200,1.6041,0.4987,0.4580,-0.3168
-8.9399,-0.3639,0.6608,-0.0997,0.2232,-0.2346,-6.5434,6.2632,0.6129,0.1688,0.2851,-0.2369
-8.8681,-0.9002,1.1061,-0.1444,-0.0557,-0.0533,-7.0605,5.7557,0.9026,-0.0779,0.1613,-0.0714
-8.8107,-0.8787,0.7207,-0.2919,-0.0249,0.0445,-6.6080,5.9304,0.9505,-0.1844,0.0782,0.0405
-9.8737,0.0670,1.0415,-0.4474,-0.1460,0.2302,-7.0892,6.7516,1.3360,-0.4740,0.1681,0.1840
-9.3757,0.9242,1.2282,-0.3914,-0.1212,0.3436,-5.8347,6.8115,2.8515,-0.4541,-0.0673,0.3320
-8.8059,2.0279,1.5395,-0.3327,-0.0268,0.3231,-4.9201,6.9097,3.3208,-0.3864,0.0057,0.3172
-8.4467,2.4852,1.4629,-0.1176,-0.0671,0.2465,-4.2138,6.8738,3.5410,-0.2653,-0.1588,0.1775
-8.1786,2.7605,1.7142,0.4903,-0.2779,0.0532,-3.8571,6.7684,3.8810,-0.1069,-0.7168,-0.1156
-7.8051,2.5402,1.3001,0.8176,-0.2955,-0.1673,-3.7206,6.4165,4.0869,0.0655,-0.7116,-0.3226
-8.7867,1.8531,1.3551,0.6940,-0.0461,-0.4718,-4.9608,6.6559,3.2753,0.2202,-0.1427,-0.3415
-8.7891,1.1157,2.1213,0.6165,-0.1364,-0.5067,-5.8179,6.5362,3.0263,0.1920,-0.3609,-0.2113
-9.6989,0.6536,0.6416,0.4459,-0.0296,-0.4587,-5.7341,6.8019,2.6312,0.2719,-0.1755,-0.0773
-9.5936,0.4788,1.2378,0.1604,-0.0807,-0.2834,-6.2153,6.6224,2.7653,0.0947,-0.0093,0.2482
-8.4851,0.5794,1.1325,0.1338,-0.1500,-0.4505,-5.1691,6.8283,2.6025,0.1298,-0.0791,0.3857
-9.5648,0.6009,1.2019,-0.0568,-0.0721,-0.3020,-4.7094,7.1658,2.4828,0.0059,-0.0217,0.3190
-8.9160,0.8212,1.5371,-0.0189,-0.1352,-0.1643,-4.9991,7.0102,3.2346,-0.1010,0.0195,0.1242
-8.5617,1.1779,1.5514,-0.0616,-0.0392,-0.0230,-4.1324,7.2975,2.8826,-0.0132,-0.0846,0.3953
-8.9807,1.3910,1.8268,-0.0326,-0.0540,-0.0843,-4.0151,7.1922,3.6009,0.0488,0.0469,0.1212
-8.3342,1.7334,2.5187,0.1958,-0.2002,-0.0317,-3.8499,6.6966,4.3431,-0.0097,-0.1408,0.0085
-8.3845,1.2115,1.8842,0.2531,-0.1227,-0.3552,-3.5147,6.9767,3.7709,0.2678,-0.0273,-0.3433
-9.3158,0.1173,1.9201,0.3669,-0.0400,-0.4846,-5.5809,7.4891,2.4205,0.4911,0.0344,-0.2385
-9.4547,-0.6321,1.2905,0.4089,0.1026,-0.2863,-5.8730,7.5010,1.7717,0.3836,-0.1494,0.0540
-9.3877,-0.5938,1.4700,0.2557,-0.0115,-0.1303,-5.5019,7.5920,1.8627,0.1869,-0.1464,0.2786
-9.0668,-0.2490,1.4605,0.2282,0.0869,-0.0894,-4.5849,7.7117,1.9824,0.1687,-0.1629,0.3305
-9.2320,-0.0982,1.5730,0.1107,0.1647,-0.0028,-4.4867,7.7381,1.9704,0.3753,-0.0742,0.5620
-9.0597,0.0766,1.1636,0.1464,0.1255,0.0071,-3.9744,7.9823,1.6855,0.3170,-0.0731,0.4806
-8.9830,0.1700,1.0558,0.0750,0.1783,0.0405,-3.3303,8.0948,1.5969,0.3320,-0.0450,0.2641
-8.8178,0.2322,1.0606,0.0197,0.1043,0.0605,-3.6655,8.0756,1.4174,0.2077,-0.0105,0.0093
-8.6598,0.4573,0.8499,-0.0266,0.0863,0.0260,-3.4596,8.0828,1.0104,0.0743,-0.0216,-0.0679
-8.8490,0.5746,1.0606,0.0302,-0.1311,-0.0067,-4.0127,7.9200,1.7095,0.0364,0.0133,-0.1752
-9.2057,0.4525,1.3024,-0.0338,0.0558,-0.0751,-4.1013,8.0517,1.8268,0.0273,0.0276,-0.0181
-9.1219,0.3950,1.1899,0.0077,-0.0008,0.0196,-4.1468,8.2744,1.7693,-0.0017,-0.0218,0.1624
-9.3613,0.5315,0.9984,0.0469,0.1908,0.1733,-3.6296,8.6095,1.1636,-0.0072,-0.1847,0.3933
-9.0956,0.6728,1.0080,-0.0433,0.0481,0.1895,-3.2394,8.3079,1.7597,-0.2320,0.0045,0.5205
-8.8633,0.6704,0.9553,-0.0871,-0.0183,0.0910,-1.9082,8.3510,2.1380,-0.3804,-0.1781,0.2213
-8.9280,0.7398,1.1492,-0.1077,0.0576,-0.0369,-3.2513,8.1499,2.1787,0.0373,-0.0032,0.0686
-9.0932,0.6871,0.9864,-0.0742,0.0356,-0.0081,-3.1484,8.4300,1.8747,0.1275,0.1061,0.1220
-8.9926,0.7661,1.0582,-0.0532,-0.0151,-0.0076,-3.3255,8.4755,1.5730,0.0681,0.0288,0.1167
-9.1530,0.6871,0.6800,-0.0675,0.0366,0.0715,-2.8491,8.7460,1.2163,0.0165,0.0043,0.3175
-9.0142,0.7470,0.8811,-0.1561,-0.0538,0.1066,-3.5817,8.5497,1.1875,-0.3874,0.0542,0.1836
-8.9663,0.9601,1.1325,-0.0588,0.0739,0.1559,-2.4804,8.3725,2.2482,-0.4643,-0.2186,0.5211
-9.0357,0.9433,1.0319,-0.0477,0.0164,0.1302,-2.7940,8.3103,2.0518,-0.2839,-0.1829,0.6330
-9.0501,0.8428,0.5962,0.0357,0.0590,0.1434,-2.1189,8.5066,1.9249,-0.1917,-0.2109,0.3615
-9.0812,0.9720,0.7015,-0.0072,0.0428,0.1527,-2.0375,8.7317,2.0016,-0.3734,-0.2008,0.6294
-8.9830,1.2282,0.4932,-0.1327,-0.0212,0.0622,-1.5802,8.6431,2.1093,-0.2862,0.0246,0.1852
-9.0597,1.3216,0.7207,-0.0526,0.0185,0.0867,-1.4940,8.4443,2.9137,-0.1905,-0.1017,0.2673
-9.0501,1.3096,0.6393,-0.0608,-0.0204,0.0504,-0.9290,8.5305,3.0191,-0.1935,-0.0502,0.0578
-8.9328,1.4006,0.7494,-0.0569,0.0132,0.0430,-1.4557,8.5569,2.5426,-0.0798,-0.0141,0.0618
-9.1075,1.3958,0.9984,0.0405,-0.0373,0.1082,-1.2498,8.5976,2.3798,-0.2276,-0.1218,0.1740
-8.6886,1.2474,1.0199,0.1829,-0.0586,-0.0115,-1.1660,8.5042,2.7438,-0.1899,-0.0798,0.1695
-8.8585,1.3695,0.5578,0.0117,-0.0035,-0.0739,-0.7805,8.5569,2.7438,-0.0955,-0.0127,0.0802
-8.9663,1.4054,0.7757,-0.0805,-0.1656,-0.1107,-1.2306,8.4228,2.8898,-0.1913,0.0874,0.2722
-8.8585,1.3024,0.2370,-0.0516,-0.0793,-0.2594,-1.0151,8.4994,2.9904,-0.0645,0.0771,0.1023
-9.1866,1.4246,1.3671,-0.1383,0.0023,-0.2357,-0.8428,8.6359,2.9544,-0.0652,0.1391,0.0731
-9.3350,1.2186,0.7518,-0.0917,-0.0208,-0.0645,-1.1516,8.5234,2.9880,-0.1083,0.0626,0.1038
-9.0261,1.0678,0.8667,-0.0707,-0.0895,-0.0033,-0.7709,8.5353,2.9999,-0.1219,0.0152,0.0799
-9.1866,1.2785,0.8811,-0.0874,-0.0104,0.0365,-0.9074,8.4970,2.8994,-0.1104,0.0009,0.1287
-9.1674,1.2139,0.7685,-0.0529,0.0015,-0.0043,-0.7661,8.5090,3.1580,-0.1744,0.0249,0.2725
-9.0405,1.3360,0.8930,-0.0954,-0.0397,-0.0414,-0.2083,8.4755,3.1316,-0.2348,-0.0252,0.2731
-9.1698,1.2785,0.9720,-0.1123,-0.0344,-0.0028,-0.2298,8.4204,3.2729,-0.1863,-0.0021,0.1103
-8.9783,1.2785,1.0942,-0.1471,-0.0224,-0.0167,-0.7087,8.2839,3.2825,-0.1172,0.0353,0.0807
-8.9759,1.1085,0.9122,-0.0895,-0.0047,-0.0184,-0.3687,8.3869,3.0670,-0.0679,0.0444,-0.0161
-9.0668,1.1732,0.8452,-0.0806,-0.0577,0.0049,-0.3567,8.4204,3.4477,0.1183,0.0414,-0.1275
-8.9687,1.1564,1.0798,-0.0770,-0.1034,0.0257,-0.7422,8.4563,2.9449,0.0117,-0.0044,0.0705
-9.0190,1.0846,0.9505,-0.0947,-0.0887,-0.0127,-0.7757,8.3390,3.5530,-0.0302,0.1140,-0.0011
-8.9088,1.1420,0.9074,-0.0674,-0.0172,0.0124,-0.5171,8.4060,3.1268,-0.0438,0.0269,0.0749
-9.1506,1.1109,0.9529,-0.1531,-0.0509,-0.0164,-0.4262,8.4779,2.9353,-0.0981,0.1244,0.0222
-8.9998,1.1827,1.3575,-0.1403,-0.0502,-0.0445,-0.5962,8.3342,3.3782,-0.0289,0.1054,-0.0032
-9.0094,1.2522,1.1013,-0.0420,0.0344,0.0081,-0.2083,8.3414,3.6655,0.1194,-0.0148,-0.1120
-8.9423,1.3001,1.1181,-0.0540,0.0350,0.0276,-0.6009,8.3031,3.3375,0.2821,0.0060,-0.3802
-9.0022,1.4126,0.9074,-0.0513,0.0254,0.0577,-0.0407,8.2552,3.0957,0.0096,-0.1130,-0.2761
-8.6383,1.5586,1.1277,-0.0598,0.0348,0.0025,-0.5004,8.2672,3.2178,0.0100,-0.0867,-0.3978
-8.8705,1.6328,0.7230,-0.0694,-0.0033,0.0910,0.1221,8.4611,3.2226,0.0626,-0.1821,-0.6809
-8.9471,1.9082,0.9385,0.0640,-0.1116,-0.0926,-0.0168,8.2983,3.3112,0.0104,-0.1940,-0.8982
-8.8753,2.1404,0.6488,0.1479,-0.2013,-0.1239,-0.4501,8.2049,3.3184,0.2709,-0.2125,-1.2802
-9.2799,1.6472,0.8547,0.0907,-0.1495,-0.1952,-1.5634,8.4563,2.8706,0.1644,-0.1925,-0.9153
-9.4810,0.7805,0.3855,0.1280,-0.2637,-0.2713,-2.0614,8.6167,2.4205,0.2401,-0.2817,-1.5847
-9.2320,0.3687,1.6544,0.0133,-0.2435,-0.1745,-4.8626,8.0756,2.0949,0.1166,-0.0525,-0.7725
-9.2416,0.2969,1.9130,0.0492,-0.1174,-0.1980,-4.3766,8.0445,2.3822,0.1705,-0.1025,-0.5472
-9.0980,0.3950,2.0806,-0.0067,-0.0910,-0.0799,-5.1763,7.7716,2.7102,0.0799,-0.0079,-0.2851
-8.8202,0.4764,1.7909,0.0362,0.0465,-0.0540,-4.0582,7.5609,2.3631,0.0899,-0.1211,-0.2711
-8.8538,0.3184,1.4988,-0.0309,0.1142,-0.0518,-4.0869,7.7237,2.1500,0.1426,-0.0466,-0.2248
-8.9471,0.1867,1.4389,-0.1174,0.0008,0.0156,-4.5753,7.6471,1.7669,0.0179,0.0955,-0.1533
-9.0094,0.0024,1.2306,-0.2714,0.0116,0.1419,-4.5322,7.6160,1.7166,-0.0690,0.1498,-0.1661
-9.0740,0.1508,1.5083,-0.4174,0.0264,0.2761,-4.8794,7.6591,1.8124,-0.2518,0.1939,0.1451
-9.0142,0.4262,1.9106,-0.4550,0.0429,0.4533,-4.8315,7.7141,1.9752,-0.3997,0.2072,0.2494
-8.6646,0.9242,1.4078,-0.3328,-0.0189,0.5714,-4.1827,7.6064,2.1979,-0.4498,-0.0819,0.2501
-8.1714,1.7071,1.5538,-0.2797,-0.0638,0.6626,-3.2681,7.2832,2.6624,-0.4891,-0.0878,0.2795
-8.1642,2.1787,1.6592,-0.2669,-0.1069,0.6033,-2.7031,7.3167,3.2298,-0.5446,-0.1139,0.1772
-8.1977,2.4469,2.1093,-0.3107,-0.1136,0.6434,-2.9640,7.3813,3.5698,-0.4907,-0.0549,0.2097
-7.7357,2.5857,1.9872,-0.2192,-0.1090,0.5585,-3.4429,7.3550,3.8403,-0.3982,0.0421,0.0962
-8.7939,2.6217,1.8579,-0.2733,0.0064,0.3476,-3.7134,7.5944,3.5626,-0.3188,0.0917,0.1632
-8.5162,2.3918,1.7669,-0.2479,-0.0099,0.4402,-3.8714,7.4699,3.6990,-0.3508,-0.0398,0.2013
-8.9926,2.3750,1.4006,-0.1815,0.0998,0.4955,-3.6464,7.8530,2.5307,-0.3184,-0.1135,0.2212
-8.4300,3.1196,1.2953,-0.3730,-0.1641,0.5903,-2.8754,7.5154,3.6679,-0.5913,-0.0325,0.3753
-7.6112,4.0606,1.7142,-0.4417,-0.1974,0.5079,-1.7047,7.2975,4.5873,-0.5311,0.0053,0.3853
-6.9288,4.5107,1.4916,-0.6239,-0.0779,0.2201,-1.0702,7.1922,4.6184,-0.4698,0.2968,0.1739
-7.1994,4.5226,2.3679,-0.6853,-0.0229,0.0015,-1.3192,6.7253,5.4899,-0.3656,0.5770,0.0715
-7.2760,4.4891,2.6863,-0.5657,-0.0119,0.0581,-1.8364,6.6798,5.3917,-0.3393,0.2779,0.0007
-7.1635,4.0582,2.8060,-0.3620,-0.1888,0.0468,-1.9178,6.4763,4.9321,-0.3352,0.1223,-0.2473
-7.0581,3.6224,2.6049,-0.2870,-0.3893,0.1120,-2.3296,6.2800,4.2904,-0.4142,-0.1090,-0.3816
-6.7062,3.5817,3.1963,-0.3457,-0.4154,-0.0714,-2.5331,5.7724,5.9328,-0.4215,0.0336,-0.2533
-7.4436,3.5291,4.3000,-0.3212,-0.1719,-0.0389,-3.9049,5.8993,5.9783,-0.1839,0.1536,-0.1396
-7.7045,3.1436,3.5338,-0.3279,-0.2138,0.3002,-3.6129,6.0501,5.2457,-0.1733,-0.1467,0.0445
-7.0366,3.5482,3.3136,-0.2753,-0.4834,0.6670,-2.7677,6.1651,5.2194,-0.3144,-0.4491,0.1601
-6.9743,3.5817,3.6344,-0.1114,-0.2557,0.1663,-2.3631,6.3183,5.6719,-0.1657,-0.0902,0.0129
-7.6064,4.0055,4.0031,-0.3106,-0.1207,0.0739,-3.0239,6.4955,5.8466,-0.1006,0.0882,0.0289
-7.2472,3.8618,3.8642,-0.2213,-0.0723,0.1186,-2.4349,6.2656,6.1387,-0.1057,-0.1769,0.0005
-6.9815,3.8307,4.0654,-0.0979,0.0258,-0.0145,-2.8539,6.0789,5.8179,-0.0009,-0.0682,-0.0966
-6.5841,3.6919,4.2952,-0.1340,-0.1095,-0.0689,-2.6336,6.0501,5.7437,-0.0101,-0.0385,-0.1529
-7.0342,3.6416,4.4891,0.3425,0.0019,-0.1460,-3.0358,5.9017,6.2321,0.0600,-0.1427,-0.0814
-6.7086,3.8810,4.7669,0.4313,0.0685,-0.0933,-2.7414,5.8969,6.0214,0.1661,-0.1484,-0.0389
-6.1770,3.3495,4.5562,0.8528,0.0670,-0.2623,-3.1316,5.9687,6.3111,0.2545,-0.3467,-0.0041
-6.3087,3.8571,4.6160,1.0906,0.4914,-0.8118,-2.5738,6.1220,6.0382,0.4943,-0.2350,-0.0115
-7.8266,3.8499,3.0622,1.1919,0.3840,-0.3573,-2.9497,6.3686,5.2888,0.4457,-0.6691,0.2261
-7.1299,4.3215,2.1811,1.1710,0.2992,-0.2401,-2.3272,6.7780,5.2098,0.4871,-0.7029,0.3564
-7.7141,3.9863,1.3767,0.6274,0.0608,-0.2066,-1.0223,7.0294,4.9991,0.3713,-0.4732,0.3140
-7.3143,4.1132,1.7621,0.4752,0.2995,-0.5279,-1.7621,6.9599,5.2409,0.5753,-0.2442,0.4664
-7.7620,3.8116,1.0798,0.0422,0.0330,-0.3733,-1.1947,7.2544,4.4149,0.4084,0.0378,0.3227
-7.8482,3.5530,0.8763,0.1274,0.2694,-0.4134,-1.0558,7.3622,3.9073,0.4193,-0.0837,0.3691
-8.3773,3.2777,1.5131,0.0185,0.2137,-0.2987,-2.2386,7.1754,4.6998,0.6161,0.2495,0.6376
-8.0206,3.6488,1.6616,-0.0991,0.1723,-0.1576,-0.4094,7.9128,3.3232,0.3861,0.0751,0.1543
-8.3677,3.5027,1.0319,-0.0706,0.0903,-0.1231,-0.8930,8.1307,3.3543,0.2188,0.0677,-0.0532
-8.1594,3.4620,1.1923,-0.0123,0.0598,-0.1490,-1.0798,7.9703,4.1013,0.2201,-0.0065,0.1625
-8.3246,3.4500,1.0367,-0.0008,0.0869,-0.2140,-1.4676,8.1092,3.5793,0.2381,0.1208,0.3628
-8.3558,3.3854,1.0463,0.1069,-0.0149,-0.1847,-0.2442,8.0637,3.3160,0.1050,-0.0917,0.5740
-8.5928,3.3016,0.9194,0.1071,0.0023,-0.3107,0.2227,8.1355,3.5386,-0.0652,-0.0689,0.4301
-8.3965,3.2753,0.7949,0.1811,-0.0901,-0.1392,0.0599,7.9679,3.2154,-0.1118,-0.1867,0.3236
-8.5425,2.9784,0.9266,0.2538,-0.0806,-0.0382,0.5195,8.0948,3.3112,-0.1430,-0.2646,0.1135
-8.2025,2.9975,0.4334,0.1905,-0.2168,0.0192,0.0000,7.9344,3.0430,-0.1939,-0.1947,0.0125
-8.2863,2.9185,0.5243,0.0833,-0.1648,-0.0644,0.4286,8.0158,3.2417,-0.1631,-0.0875,-0.0766
-8.5066,2.8802,0.9361,-0.0131,-0.3258,-0.0997,0.0910,8.1283,3.5650,-0.1916,0.0144,-0.2864
-8.7293,2.8635,1.5323,-0.0769,-0.1482,-0.0922,-0.7733,8.3007,3.7852,-0.0341,0.0100,-0.1271
-9.1650,2.8922,1.5299,-0.0304,-0.0609,-0.0077,-0.8547,8.4156,3.9217,-0.0933,-0.0140,-0.0155
-8.7747,2.9712,1.4461,-0.0646,0.0374,0.0382,-0.6105,8.2337,4.0965,-0.0317,0.0040,0.0344
-8.8705,3.0335,1.8148,0.0518,0.0889,0.1367,-0.4118,8.3031,3.9121,-0.0546,-0.1015,-0.0230
-8.9735,3.0406,1.7190,0.2695,0.0093,0.3631,-0.7638,8.2456,3.9121,-0.1997,-0.4495,-0.0035
-8.2408,3.4381,0.6273,0.3260,-0.0978,0.3567,-0.4812,7.7979,4.4173,-0.1487,-0.5048,0.0127
-7.9511,3.7493,0.6704,0.0935,0.2690,0.2054,0.5602,7.7381,4.1731,0.0729,-0.2585,0.1366
-8.2121,3.9313,0.6105,-0.0337,0.2541,0.1514,0.3017,7.7644,4.1037,0.1203,-0.0799,0.1284
-7.8673,4.1803,0.6297,-0.0454,0.2146,0.3184,0.8763,8.0924,3.4931,0.0694,-0.1889,0.2242
-8.0876,4.1994,0.3280,0.0103,0.2206,0.1997,0.9194,8.0110,3.8235,0.0413,-0.1492,0.1547
-8.1355,4.3527,0.4836,-0.0710,0.1583,0.1366,0.7350,8.1523,3.7254,0.0440,-0.0129,0.0763
-8.2720,4.3694,0.2634,0.0032,0.1692,0.1799,0.9122,8.0661,3.8188,-0.0269,-0.1476,0.0939
-7.9248,4.4724,0.2777,0.0245,0.2503,0.1458,1.2737,8.0900,3.6823,0.0893,-0.1519,0.1236
-8.1906,4.3981,0.0072,-0.0384,0.1788,0.0655,1.0463,8.0709,3.7373,0.1383,-0.0408,0.1380
-8.0278,4.4269,-0.4238,-0.0104,0.2356,0.0682,1.2498,8.1259,3.2633,0.1210,-0.0751,0.1324
-8.0780,4.5825,-0.8499,-0.0285,0.1980,0.0446,1.6951,8.2097,2.8347,0.0673,-0.1124,0.0975
-7.7237,4.6424,-0.6943,-0.0725,-0.1374,0.0013,1.7430,8.1355,3.0670,-0.1691,0.0017,-0.0914
-8.0756,4.6208,-0.5531,-0.0994,-0.2234,0.0180,1.2737,8.1882,3.5650,-0.2085,0.0504,-0.1474
-8.2097,4.6256,-0.0120,-0.1703,-0.0821,-0.0580,0.7183,8.2576,3.7254,-0.0873,0.1384,-0.1418
-8.3175,4.2976,0.3519,-0.1913,-0.0332,-0.0549,0.3903,8.3318,3.6464,-0.0729,0.1506,-0.0993
-8.4396,4.3862,0.2322,-0.0845,-0.0289,0.0939,0.6201,8.4659,3.1843,-0.1631,-0.0489,-0.0493
-7.8123,4.5897,-0.1413,-0.0698,-0.1424,0.0847,0.9625,7.9918,3.6990,-0.1837,-0.0906,-0.0500
-7.7955,4.5993,-0.2610,-0.1490,-0.1222,0.0398,1.3862,7.9152,3.4884,-0.1384,-0.0013,-0.0855
-7.5106,4.4149,-0.2682,-0.3433,-0.2294,-0.0795,1.0846,7.7596,3.4285,-0.1864,0.2278,-0.1647
-7.5896,4.3359,0.3089,-0.7071,-0.2096,-0.2578,0.7015,7.5776,4.5777,-0.0855,0.6723,-0.2206
-8.0732,3.9385,0.9840,-0.9429,0.1553,-0.4618,0.0575,8.0852,4.0893,0.1166,0.9070,-0.2214
-8.7652,3.7206,1.3623,-0.8869,0.0193,-0.3447,-0.6800,8.5090,3.6129,-0.0490,0.9037,-0.1905
-8.7580,3.5985,1.0487,-0.6943,0.0457,-0.2302,-0.9649,8.3246,3.8188,0.0117,0.5973,-0.0965
-8.4348,3.4596,0.4932,-0.5420,0.0472,-0.0722,0.0407,8.3701,2.5929,-0.0702,0.3188,-0.0999
-7.5753,3.6655,0.1891,-0.6391,-0.2746,-0.1611,0.7470,7.9727,3.1532,-0.2927,0.5004,-0.2553
-8.2001,4.3551,2.0853,-0.4983,-0.2483,-0.2823,-0.6752,7.7716,4.7764,-0.2360,0.4339,-0.3788
-7.9104,3.7852,1.8052,-0.0526,-0.3134,-0.1539,-0.6847,7.8338,4.5562,-0.1828,-0.0758,-0.3734
-8.0302,3.1053,2.0327,-0.0943,-0.2506,-0.3015,-1.4748,7.4316,4.2760,-0.0957,0.0449,-0.3862
-8.3486,2.7461,2.4157,-0.1030,-0.0818,-0.2546,-2.3750,7.5729,4.1324,-0.0053,0.1499,-0.2880
-8.3582,2.6169,2.2889,-0.0469,-0.1619,-0.1146,-2.4708,7.6207,4.0294,-0.0707,-0.0234,-0.1972
-8.5042,2.5139,2.1548,-0.0469,-0.0698,0.0332,-2.3798,7.7189,4.0199,-0.1026,-0.0799,-0.0337
-8.4156,2.8036,1.8914,-0.0911,0.0017,0.1007,-1.9489,7.6950,4.0773,-0.1082,-0.0233,0.0674
-8.2480,3.0143,2.0734,-0.0845,0.0489,0.1507,-1.5993,7.7381,4.0175,-0.1172,-0.0655,0.1199
-7.9775,3.2058,2.1620,-0.1896,-0.0853,0.2042,-1.2426,7.7692,4.2521,-0.1280,-0.0845,0.0687
-8.4635,3.4668,1.8268,-0.0905,0.0789,0.0914,-1.5227,7.9631,4.3407,-0.0297,-0.0033,0.0779
-8.2600,3.5865,1.6376,-0.0671,-0.0316,0.1070,-0.8356,7.9727,4.2473,-0.1280,-0.0434,0.0031
-8.1139,3.7038,1.8603,-0.0810,-0.0238,0.0079,-1.0319,7.7405,4.4987,-0.0316,-0.0127,-0.0053
-8.0828,3.7326,2.1069,-0.0489,0.0310,-0.0257,-1.0846,7.6016,4.6136,-0.0037,-0.0064,-0.0384
-8.0182,4.0103,1.9201,0.0446,0.0773,0.0865,-1.1564,7.4843,4.6017,-0.0051,-0.0871,-0.0346
-7.4220,4.4580,1.7310,0.3535,0.0416,0.0942,-0.2059,7.3502,4.3072,-0.0340,-0.4770,-0.1769
-7.7213,3.7924,0.6416,0.4162,-0.2066,-0.2682,-0.1173,7.6543,4.4796,0.0846,-0.3126,-0.4346
-8.2959,3.4764,1.3168,0.1426,-0.0878,-0.4282,-1.3982,7.8961,3.7469,0.1875,0.0091,-0.5076
-8.3414,3.1915,1.5371,0.2523,-0.2145,-0.3268,-1.8986,7.6614,3.8355,0.0729,-0.2026,-0.4648
-8.0924,2.5450,1.3862,0.2234,-0.2392,-0.4165,-2.3200,7.5202,3.4955,0.1274,-0.1559,-0.5203
-8.9184,1.6975,1.6855,0.0336,-0.1270,-0.3368,-3.7158,7.7213,3.0335,0.0747,0.0366,-0.3384
-9.3901,1.2402,1.8196,-0.1011,0.0274,-0.0270,-4.2617,7.9847,2.6025,-0.0208,0.0436,0.0029
-8.9423,1.6712,1.8555,-0.2004,0.0504,0.2378,-3.7900,7.7907,3.1627,-0.2100,0.0128,0.2791
-8.5066,2.4708,1.8675,-0.2537,0.0200,0.4354,-2.5929,7.5848,3.8044,-0.3122,0.0221,0.4399
-8.3079,3.4836,2.0183,-0.2617,0.1163,0.4906,-1.7861,7.6231,4.5418,-0.2936,-0.0289,0.5002
-8.0062,4.1779,1.5826,-0.2505,0.2037,0.4154,-0.3663,7.7213,4.7956,-0.1553,0.1142,0.4787
-7.6662,4.8435,1.6664,-0.1450,0.0999,0.2643,0.2729,7.5465,5.2457,-0.1075,-0.0132,0.2932
-7.2712,5.2672,1.3240,-0.0416,0.1059,0.1122,0.9505,7.4891,5.0015,-0.0241,-0.1002,0.1192
-7.0006,5.1619,1.2977,0.0616,-0.0080,-0.2093,0.8691,7.2161,4.8914,0.0711,-0.0377,-0.2122
-7.4531,4.4341,1.0750,0.1030,-0.1164,-0.4170,0.1844,7.5369,4.2880,0.1406,-0.0192,-0.4443
-8.4491,2.7557,1.4054,0.1415,-0.1623,-0.4871,-2.3128,7.6567,3.6655,0.1475,-0.0608,-0.5188
-8.9232,1.7813,1.4341,0.0617,-0.1388,-0.3080,-3.4093,7.8338,3.1173,0.0557,-0.0100,-0.3200
-9.3877,1.5203,1.4964,-0.1168,-0.0164,-0.0007,-3.9385,7.9535,2.7414,-0.1027,0.0506,0.0474
-8.8873,2.3511,1.7693,-0.2403,0.0592,0.3679,-3.0047,7.8219,3.6464,-0.2757,0.0218,0.3617
-8.1547,3.7517,1.9249,-0.2349,0.0897,0.4568,-1.3360,7.6184,4.7238,-0.2646,-0.0448,0.4750
-7.8793,4.3910,1.9393,-0.1448,0.1499,0.3320,-0.6393,7.5729,4.7453,-0.0318,-0.0645,0.3784
-7.6351,4.1946,1.2617,-0.0917,0.1033,0.1335,-0.2873,7.3861,4.4341,-0.0290,0.0366,0.1589
-7.7261,4.0318,1.3336,-0.0881,0.0140,0.0199,-0.5794,7.5106,4.1827,-0.0454,0.0159,0.0281
-7.8937,4.0127,1.2809,-0.0969,0.0099,-0.0349,-0.6800,7.6471,4.2306,-0.0272,0.0305,-0.0128
-8.0709,3.8379,1.4198,-0.0941,-0.0402,-0.0730,-1.1013,7.7333,4.2186,-0.0357,0.0538,-0.0666
-8.1523,3.6751,1.5323,-0.1094,-0.0416,-0.0272,-1.3384,7.6806,4.1228,-0.0738,0.0044,-0.0424
-8.1355,3.7302,1.3958,-0.1010,-0.0580,0.0071,-1.1181,7.6782,4.2114,-0.0926,0.0084,-0.0266
-8.1618,3.8355,1.6017,-0.0929,-0.0665,-0.0007,-1.1588,7.6974,4.4149,-0.0806,0.0095,-0.0296
-8.0182,3.8882,1.6424,-0.0705,-0.0437,0.0096,-1.2689,7.5705,4.5298,-0.0514,-0.0087,-0.0103
-8.0158,3.7445,1.4844,-0.0314,0.0436,-0.0109,-1.2785,7.6112,4.2928,0.0175,-0.0436,0.0320
-8.1235,3.5482,1.1899,-0.0815,0.0528,0.0068,-1.0534,7.8027,3.7685,-0.0131,0.0217,0.0207
-7.8362,3.5578,0.9864,-0.1502,0.0644,-0.0460,-0.7973,7.7261,3.9145,-0.0055,0.0713,-0.0076
-8.3103,3.5219,0.2897,-0.3687,0.2302,-0.2910,-0.7590,8.0852,3.7014,0.3096,0.4263,-0.2118
-8.4587,3.0789,0.3687,-0.4369,0.2438,-0.2034,-1.5826,8.0900,3.0023,0.1608,0.3601,-0.2069
-7.7189,2.6600,-0.4812,-0.5899,-0.1707,-0.1689,-0.7661,7.7740,1.7693,-0.2761,0.4326,-0.2305
-7.9104,2.9281,1.7166,-0.9450,-0.4391,-0.1924,-2.5355,7.0222,4.1468,-0.4683,0.8276,-0.1788
-8.0828,3.1436,3.2441,-0.6928,-0.2934,-0.0386,-2.8156,6.9528,5.1547,-0.4237,0.5383,-0.0222
-8.0254,3.0789,3.2370,-0.5059,-0.1783,0.0040,-2.5618,7.2544,5.0182,-0.3252,0.4081,0.0817
-8.8538,3.2034,3.8451,-0.5196,-0.0152,0.0270,-3.8810,7.3550,5.6743,-0.2308,0.5534,0.1689
-8.3893,3.4572,4.4388,-0.1761,-0.0234,0.1463,-2.8635,7.3694,6.1842,-0.1264,0.0188,0.1246
-8.6143,3.8690,3.5362,-0.0092,0.0775,0.1447,-2.6264,7.5920,5.8610,-0.0348,-0.0799,0.1331
-7.9057,4.6352,2.7485,0.2097,0.1848,0.1533,-1.0319,7.4101,5.5689,0.1131,-0.3571,0.1299
-6.7588,5.1475,2.2410,0.4431,0.0140,-0.1013,0.7733,7.3454,5.4133,0.1892,-0.5251,-0.1729
-7.3981,3.9289,2.1380,0.4179,-0.1571,-0.6340,-1.1540,6.9863,5.3367,0.4209,-0.1442,-0.6647
-8.2863,2.4804,2.4852,0.3804,0.0500,-0.6819,-3.2896,7.0605,4.1061,0.5506,-0.0827,-0.5971
-7.9583,1.5921,2.2362,0.4425,0.0043,-0.6319,-3.5506,7.0246,3.1556,0.4782,-0.2515,-0.5828
-8.2145,0.8428,1.9585,0.2811,0.0634,-0.5385,-4.1492,6.9001,2.5833,0.4120,-0.0373,-0.4549
-8.8250,0.0838,1.5275,0.0967,0.0925,-0.4223,-5.0805,7.3358,1.5874,0.3251,0.1013,-0.3513
-9.2488,-0.3017,1.6735,-0.0913,0.0023,0.0208,-5.5186,7.5417,1.2761,-0.0516,0.0397,0.0404
-9.1650,0.1077,1.4030,-0.2080,-0.0711,0.3640,-4.9464,7.6806,1.4940,-0.3749,-0.0830,0.2982
-8.9687,1.2163,1.9513,-0.3508,-0.1525,0.6751,-4.0797,7.5537,3.0742,-0.5765,-0.0560,0.5395
-8.0876,1.7238,2.4301,-0.3681,-0.0750,0.7302,-3.2944,6.9599,3.7876,-0.5688,-0.0620,0.5760
-7.6926,2.9377,2.0542,-0.4572,-0.0938,0.5954,-2.0949,7.1084,4.2114,-0.6539,0.3722,0.4361
-7.5705,4.3527,2.3056,-0.3207,-0.2394,0.6801,-1.3192,7.0725,5.2457,-0.7217,-0.0200,0.4959
-7.4220,5.5426,2.8491,-0.2486,-0.0783,0.6090,-0.1101,7.1730,6.4931,-0.5268,-0.0378,0.4674
-6.4500,6.6726,2.3439,-0.0065,0.0233,0.0933,1.7406,6.9791,7.2712,-0.0196,-0.1180,0.0485
-7.0078,5.1763,2.4062,0.1880,0.0389,-0.4882,-0.0383,7.0246,5.7341,0.3679,-0.0923,-0.4602
-7.6567,3.5171,2.2505,0.1883,-0.0508,-0.6612,-1.9082,7.0318,4.4724,0.4253,-0.0256,-0.6435
-8.7891,1.9704,2.0806,0.2533,-0.0905,-0.5528,-3.6009,7.5322,3.5865,0.3396,-0.1808,-0.5413
-9.1937,1.2067,2.1668,0.1232,-0.1192,-0.4695,-4.6711,7.7189,3.0742,0.2466,0.0081,-0.4575
-9.4332,0.5938,1.8651,-0.0107,0.0520,-0.2066,-5.1571,7.8147,2.6791,0.1820,0.0115,-0.1167
-9.8976,0.5052,1.7095,-0.3431,0.3910,0.1977,-5.1834,8.0278,2.0925,0.0644,0.2625,0.3732
-8.4324,2.1141,1.3264,-0.4041,0.2473,0.6159,-2.6480,7.6471,3.4285,-0.3136,-0.0304,0.6801
-7.8386,3.6679,1.4748,-0.4894,0.4109,0.4054,-1.4509,7.4867,4.0917,-0.1175,0.3048,0.5862
-7.4101,4.8363,2.4469,-0.1941,0.1665,0.4401,-0.4549,7.2209,4.5394,-0.2581,0.0280,0.5121
-6.4189,5.6623,1.6400,0.0589,-0.0056,0.2683,1.3791,6.7636,5.6862,-0.1769,-0.3644,0.2017
-6.3566,5.1284,1.6496,0.2718,-0.1864,-0.3925,0.6943,6.8714,4.9680,0.1647,-0.2185,-0.5296
-7.6950,3.3662,1.3767,0.2579,-0.2228,-0.5850,-1.5060,7.2568,3.6488,0.2286,-0.0160,-0.7477
-9.4619,0.7350,0.6680,0.2084,-0.2883,-0.4992,-4.7333,8.1283,2.0662,0.0917,-0.0092,-0.6340
-10.4603,0.0048,1.4389,-0.1804,-0.0929,-0.2293,-6.3422,8.3917,1.6185,0.0063,0.3660,-0.2474
-9.7683,1.1708,2.2673,-0.2370,-0.1330,0.4407,-5.1811,7.9392,3.0622,-0.4338,-0.1764,0.4174
-8.4898,2.9712,2.8108,-0.3260,0.0596,0.5765,-2.8156,7.4555,4.8195,-0.3472,0.1404,0.5887
-7.4268,4.6088,2.7892,0.0204,0.0803,0.3768,-1.2474,7.1515,5.8897,-0.3043,-0.2381,0.5200
-6.7038,5.3199,2.4325,0.0120,0.1426,0.1677,0.4262,6.9911,6.1531,-0.1170,-0.1454,0.3139
-6.6487,5.4731,1.7861,0.1764,0.1266,-0.1415,1.0247,6.6631,5.5138,0.0923,-0.2714,-0.2377
-6.6032,4.7262,1.5730,0.2346,-0.0961,-0.3345,-0.0910,6.8354,4.5394,0.2357,-0.0682,-0.4624
-8.0876,3.0119,1.2665,0.0838,-0.1536,-0.4804,-2.2194,7.4077,3.5698,0.2541,0.1264,-0.6783
-9.1482,1.5945,1.7047,-0.0310,-0.1589,-0.2074,-4.3718,7.7261,2.6169,0.0286,0.1163,-0.4422
-10.0461,0.9266,1.8316,-0.1693,0.0152,-0.0045,-5.7030,7.9655,2.7390,-0.0771,0.1031,-0.0005
-9.3422,1.9273,2.0231,-0.2134,0.0929,0.4714,-4.4412,7.8075,3.4237,-0.2778,-0.1460,0.4760
-7.9583,3.8427,2.0949,-0.1608,0.1479,0.5602,-1.7071,7.3406,4.7788,-0.2770,-0.1833,0.6014
-6.4428,5.6000,1.9249,0.0348,0.0899,0.3388,0.9481,6.8474,5.6719,-0.1152,-0.3135,0.3200
-5.8490,5.5162,1.3168,0.1058,-0.0277,-0.1344,1.5012,6.7349,4.9991,0.1057,-0.1334,-0.2224
-8.0302,2.8659,1.1325,0.0296,-0.1525,-0.6142,-2.4205,7.3670,3.3734,0.2198,0.2451,-0.6459
-9.7659,1.1372,1.4629,-0.1095,-0.1336,-0.4640,-5.4995,8.0756,2.4301,0.1139,0.3255,-0.4054
-10.1107,1.3431,2.0806,-0.2333,0.0088,0.4101,-5.2601,8.1475,2.7940,-0.3175,-0.0978,0.3958
-8.3199,3.3615,1.8268,-0.2998,0.1376,0.5472,-2.2003,7.5968,4.6376,-0.3375,-0.1037,0.5864
-7.2640,5.0087,2.2027,-0.1972,0.0973,0.4615,-0.5267,7.1228,5.6000,-0.2550,-0.1154,0.4968
-6.3015,5.6982,1.7406,0.0191,0.0875,0.1499,1.0415,6.7684,5.7030,-0.0120,-0.1928,0.1540
-6.1028,5.2912,1.1660,0.0572,-0.0580,-0.2946,1.1301,6.7133,4.8961,0.1204,-0.0282,-0.3150
-7.2975,3.8092,1.1923,0.0754,-0.1781,-0.6692,-0.9840,7.1299,4.0701,0.2392,0.1984,-0.6969
-9.1530,1.9704,1.3815,-0.0422,-0.1244,-0.6682,-4.0749,7.7716,3.0023,0.2754,0.3637,-0.6399
-10.4220,0.8954,1.7645,-0.1632,-0.0360,-0.2578,-6.0094,8.2289,2.1715,0.0762,0.2324,-0.2281
-9.5505,1.5490,1.8220,-0.2046,-0.0256,0.3464,-4.4652,7.8985,3.0526,-0.2651,-0.1311,0.3444
-8.5497,3.0742,2.3032,-0.2900,-0.0534,0.4663,-2.5067,7.3358,4.8147,-0.3608,0.0997,0.4311
-7.4627,4.7094,2.4397,-0.1717,0.0974,0.3909,-0.8021,7.1946,5.6431,-0.2194,-0.1691,0.3928
-6.6272,5.2457,1.9106,0.0140,0.0746,0.1342,0.3232,6.8977,5.4731,-0.0004,-0.1945,0.1207
-6.5242,4.8339,1.3096,0.0737,-0.0624,-0.2597,0.3615,6.8426,4.5466,0.1220,-0.0390,-0.2943
-7.2377,3.6464,1.3288,0.0428,-0.1443,-0.5301,-1.2091,7.1251,3.9744,0.1740,0.1376,-0.5561
-8.9160,2.0590,1.3767,-0.0492,-0.0703,-0.5520,-3.8571,7.7261,2.9113,0.1856,0.3461,-0.5295
-10.1275,1.1588,1.9273,-0.1026,-0.1115,-0.0385,-5.5186,8.0278,2.5953,-0.1327,0.0087,-0.0536
-8.8897,2.4588,2.1141,-0.2013,-0.0253,0.3276,-3.3830,7.4316,4.2665,-0.2851,0.0156,0.2962
-7.4723,4.1252,2.3224,-0.0979,-0.0230,0.3131,-1.3647,7.0533,5.3463,-0.2061,-0.1681,0.2817
-7.3191,4.1084,1.5993,-0.0396,0.0596,0.0370,-1.0942,7.2616,4.6184,0.0233,0.0207,0.0028
-8.3055,2.8132,1.3360,-0.0785,0.0882,-0.0293,-2.8060,7.4316,3.2441,0.0209,0.0830,-0.0108
-8.5377,2.6983,1.0463,-0.1883,0.0197,0.0857,-2.8252,7.6447,3.0933,-0.1324,0.0710,0.1057
-8.2025,3.9480,2.3152,-0.1978,-0.1636,0.2814,-1.8866,7.4867,4.8842,-0.3355,-0.0798,0.2050
-7.1323,5.2577,2.6456,-0.0662,-0.1156,0.0891,-0.3926,6.9647,6.5003,-0.1410,-0.0866,0.0177
-6.7900,5.0661,2.0207,0.1192,0.0245,-0.2503,-0.0886,6.9097,5.4636,0.1892,-0.1302,-0.2678
-6.9576,3.8211,1.3479,0.1274,-0.1288,-0.5297,-0.8452,6.9552,4.0558,0.2224,0.0060,-0.5776
-8.3749,2.0375,1.4198,0.0087,-0.1340,-0.6446,-3.5650,7.2185,3.1364,0.2156,0.2790,-0.6257
-9.5984,0.7614,1.7789,-0.1210,-0.1170,-0.4277,-5.7030,7.7237,2.3990,0.0947,0.2569,-0.4305
-9.9695,1.1205,2.1907,-0.2273,-0.0344,0.3896,-5.6862,7.7716,2.7797,-0.3497,-0.1398,0.3700
-8.6503,2.8252,2.4732,-0.2767,0.0769,0.6366,-3.4429,7.3215,4.5921,-0.3467,-0.0281,0.6246
-7.0270,5.1308,2.5067,-0.1612,0.0839,0.5654,-0.1221,6.9121,5.7293,-0.3026,-0.2262,0.5557
-5.8012,5.9304,1.9537,-0.0168,0.0554,0.1462,1.4150,6.5194,6.2968,-0.0392,-0.1851,0.1128
-6.7325,4.5514,1.3455,0.0065,0.0278,-0.4197,-0.1676,6.9887,4.3311,0.2256,0.1628,-0.3905
-8.2193,2.7294,1.3719,0.0052,-0.1091,-0.4690,-2.7126,7.4651,3.2298,0.1496,0.1259,-0.4739
-9.0549,2.1572,1.8986,-0.0890,-0.1455,-0.2983,-4.1252,7.6998,3.1005,0.0185,0.1496,-0.3159
-8.8178,2.6025,2.4134,-0.1017,-0.0460,0.0845,-3.6224,7.3909,4.1515,-0.1557,-0.0496,0.0665
-8.0661,3.4429,2.3774,-0.0797,-0.0095,0.1186,-2.4948,7.1802,4.8363,-0.0951,-0.0590,0.0931
-7.9152,3.5674,2.0423,-0.0133,0.0039,0.0731,-2.2865,7.2999,4.2784,-0.0510,-0.0137,0.0378
-7.8123,3.5937,2.0399,-0.0232,0.0051,0.0284,-2.2075,7.1994,4.5993,-0.0233,-0.0470,-0.0675
-8.0948,3.7804,1.9393,0.0248,-0.0717,-0.0179,-1.8531,7.3119,4.5394,0.0048,-0.1284,-0.0829
-7.2018,4.1372,1.7502,0.0957,-0.0889,-0.0951,-1.3072,7.0868,4.4221,0.0702,-0.1456,-0.1833
-7.0222,3.4046,1.4413,-0.2390,-0.2000,-0.2482,-2.0111,7.0485,3.7278,0.0513,0.1612,-0.4844
-8.2648,2.7414,2.2984,-0.0212,-0.1727,-0.4321,-3.7086,7.1778,3.8235,0.0272,0.1717,-0.5108
-8.9136,2.3415,2.5809,-0.0065,-0.1632,-0.1215,-4.2401,7.2808,3.6727,-0.0865,0.0132,-0.2673
-9.1530,2.6959,2.9305,0.1729,-0.0422,0.5946,-3.6775,7.2329,3.6895,-0.1190,-0.1065,-0.1085
-8.3294,3.3567,2.2721,0.0478,-0.0613,0.8266,-3.3232,7.1994,3.9289,-0.2036,-0.1909,-0.0604
-7.5130,3.8355,2.0734,-0.2463,-0.1516,0.6495,-2.7701,7.0485,4.4652,-0.1631,-0.1243,-0.0337
-7.6734,4.4173,2.8156,-0.0761,-0.0346,0.8468,-3.3088,6.8738,4.7381,-0.1144,0.0103,0.0148
-6.2991,4.6759,2.2697,-0.0148,-0.1611,1.2481,-3.3782,6.4883,4.8746,-0.1106,-0.1420,0.0437
-7.1658,4.7309,2.3607,-0.1342,0.1556,0.5233,-2.9544,7.3191,4.2641,-0.0687,0.0345,-0.2482
-6.3159,4.8770,2.2673,-0.0829,-0.1088,0.3110,-3.0215,6.8714,4.2018,-0.1383,-0.0931,-0.1527
-7.0150,4.9823,2.4469,-0.0500,-0.0180,0.0380,-3.0885,6.8809,4.3096,-0.0998,0.0657,0.0282
-6.8426,5.1380,2.9185,0.1311,0.0458,-0.2221,-3.0765,7.0150,4.5921,-0.0624,-0.0266,0.0753
-6.8929,5.2289,2.0614,0.0289,-0.0899,0.1503,-2.9066,6.9671,4.4580,-0.0818,-0.0771,0.0001
-6.4931,5.0063,2.1668,-0.0109,0.0392,-0.3593,-2.9760,6.7732,4.4963,-0.0441,0.0330,-0.0141
-6.0501,4.9225,1.6472,-0.1211,-0.0839,-0.7870,-3.1795,6.8019,4.5346,-0.0364,0.0562,0.0336
-7.4579,4.1420,2.3487,-0.5279,-0.2699,-1.3508,-2.3535,6.9647,4.5873,0.2113,0.1576,-0.2330
-7.4579,3.7517,2.8108,-0.3042,-0.1725,-0.7393,-3.4931,6.8785,4.4173,0.0497,0.1980,-0.1140
-8.1187,3.4165,3.0382,-0.2449,0.0256,-0.3072,-3.3088,7.0413,4.1731,-0.0633,0.1861,0.0405
-7.4148,3.2370,2.3918,0.0425,0.0573,-0.5060,-3.1987,6.8953,4.5203,-0.0702,-0.0528,-0.0345
-8.3582,3.2058,2.4157,-0.1143,0.0470,-0.2078,-3.2489,6.9671,4.1707,-0.0148,0.0518,-0.0187
-7.8554,3.2705,2.6839,-0.0857,-0.0085,0.0859,-3.1460,6.9839,4.2066,-0.1065,-0.0125,-0.0099
-8.0038,3.1795,2.6767,-0.0344,-0.0533,0.1889,-2.5857,7.0126,4.2952,-0.1095,-0.0357,-0.1653
-7.8578,3.3375,2.5259,-0.1982,-0.1482,0.1255,-2.4229,6.9408,3.9073,-0.2522,-0.1459,-0.8267
-7.6471,3.2992,3.1675,-0.1435,-0.0342,0.2934,-3.6943,6.2249,4.9464,-0.2823,-0.3695,-1.3179
-7.4915,3.5362,2.7150,0.0077,-0.0269,0.1767,-5.1427,5.9568,5.2002,0.0735,-0.0302,-1.0497
-7.7428,3.4333,2.2649,-0.1988,-0.0147,0.0950,-4.6663,5.9951,4.6950,-0.1242,-0.0578,-0.1215
-7.6423,3.5985,2.1141,-0.4191,-0.1324,0.2777,-4.4556,5.8107,4.7525,-0.1398,0.0000,-0.0436
-7.5537,3.7254,2.9305,-0.5176,-0.2118,0.3457,-4.1252,5.9280,4.8123,-0.1191,0.0460,-0.0967
-7.5561,3.6847,3.1627,-0.4485,-0.2130,0.5432,-4.3527,5.8706,4.6687,-0.1278,-0.0135,-0.0376
-6.7852,3.8211,3.4931,-0.4572,-0.3162,0.4477,-3.9983,5.8873,4.8243,-0.1783,-0.0633,-0.1283
-6.9815,3.9528,3.5554,-0.2081,-0.1186,0.3343,-4.4125,5.7197,5.0566,-0.1271,0.0274,-0.2124
-6.9432,3.9456,3.7038,-0.2642,-0.1631,0.1907,-4.4796,5.7006,5.0398,-0.0975,-0.0224,-0.0514
-6.8905,3.9624,3.4429,-0.2971,-0.1573,0.1831,-4.2617,5.7365,4.8530,-0.1037,-0.0245,-0.0180
-6.6702,3.9600,3.7613,-0.0165,0.0128,-0.0705,-4.4245,5.6192,5.1332,-0.0600,-0.0031,0.0097
-6.4548,3.8164,4.7190,0.4235,0.1504,-0.5399,-4.9512,5.5162,5.4468,0.0494,0.0782,0.1815
-7.0078,3.7637,4.2018,1.3155,0.6634,-1.2119,-4.6471,5.7245,5.0661,0.2473,0.0354,1.0766
-7.3502,3.6224,4.1611,0.7361,0.3384,-0.7806,-3.8882,6.0501,5.0206,0.2236,-0.1151,1.1536
-8.4635,3.4884,1.4868,1.0561,0.4956,-0.5473,-3.2082,6.6200,4.3862,0.3339,-0.2008,0.7721
-8.0014,3.4429,1.8866,0.5216,0.2226,-0.2356,-2.5211,6.8283,4.2425,0.1776,-0.0738,0.6174
-7.5992,3.5051,1.6879,0.2230,-0.0793,-0.1163,-3.8235,6.5338,4.7142,-0.0060,-0.0462,0.1440
-8.3438,3.5338,1.8364,0.4315,0.2811,-0.4187,-2.9161,6.9168,4.5873,0.3611,-0.2034,0.5438
-8.1570,3.5530,1.5921,0.2048,0.0695,-0.4517,-2.6839,7.1922,4.3718,0.2249,0.0125,0.6751
-8.4132,3.3830,0.7829,0.2954,0.0979,-0.5938,-2.3104,7.1994,4.7333,0.2065,-0.1815,0.9185
-9.0118,2.5809,1.3647,0.0675,0.0297,-0.4423,-1.1253,7.6567,4.1156,-0.0902,0.0261,1.0720
-7.8266,2.8276,0.5195,0.0717,-0.0729,-0.3018,-1.3168,7.5633,3.8044,0.0821,-0.0645,0.7386
-8.7173,2.7078,0.8260,-0.1239,-0.0637,-0.3152,-0.3112,7.6207,3.9361,0.0903,0.0961,0.7548
-8.7149,2.6169,1.8507,-0.2012,-0.0131,-0.2938,0.0407,7.9272,3.8906,-0.1010,0.0893,0.9224
-8.7221,2.5259,1.0391,-0.1813,0.0442,-0.2870,-0.4238,8.0373,3.6895,-0.0673,0.1448,0.7478
-8.5281,2.3128,1.3072,-0.0679,-0.1941,-0.1748,-0.5626,7.7668,4.3670,-0.2198,0.1709,0.3794
-8.7077,2.3200,1.7741,-0.1402,-0.1352,-0.1548,0.0072,7.7189,4.3096,-0.2663,0.1158,0.3297
-8.4779,2.3894,1.5969,-0.2657,0.0470,-0.1512,0.4357,7.9248,4.0103,-0.2264,0.0659,0.2578
-8.4922,2.1476,1.6209,-0.2228,-0.0810,-0.0334,0.4046,7.6447,4.6232,-0.1820,-0.0300,0.2874
-8.8921,2.3296,1.6305,-0.0695,-0.0718,-0.0280,0.4980,7.6998,4.5825,-0.1270,-0.0233,0.1352
-8.5281,2.2601,2.0830,-0.1351,-0.0983,0.0060,0.1891,7.5465,4.5657,-0.0813,0.0365,0.0232
-8.7604,2.3272,1.3312,-0.1752,-0.0410,-0.0565,0.6560,7.8075,4.2473,0.0446,0.1078,-0.0853
-7.5465,3.5793,0.3136,-0.6468,-0.3862,-0.6022,2.6097,7.2927,5.7964,0.5223,0.6235,-0.8748
-8.4515,2.6169,1.7885,-0.7967,-0.2690,-1.1919,0.4238,7.4843,5.0470,0.6760,0.8948,-1.1080
-8.9232,0.8475,3.2801,-0.5427,-0.3645,-1.1431,-2.3703,7.8865,4.3598,0.8474,0.9250,-1.5351
-9.6462,0.0192,2.9784,-0.1283,-0.0480,-0.7898,-3.3926,8.5665,3.6129,0.6415,0.1733,-0.9666
-9.5026,-0.1652,2.8826,0.1561,0.1434,-0.5348,-3.8978,8.5952,2.9233,0.6550,-0.1514,-0.8003
-8.8274,-0.2705,2.6097,0.1767,0.1419,-0.4213,-3.4572,8.1020,2.8419,0.5521,-0.1188,-0.6819
-8.3653,-0.7997,2.2482,0.2272,0.1567,-0.3509,-3.8738,7.6902,2.2434,0.5670,-0.2751,-0.5308
-8.1738,-1.1396,1.8076,0.2990,0.0642,-0.1911,-3.5913,7.7309,1.1013,0.3748,-0.2939,-0.5469
-8.3653,-1.3479,1.9393,0.0406,0.0582,-0.1484,-4.2234,7.5824,1.1612,0.1661,-0.0497,-0.3222
-8.4707,-1.4892,1.8124,-0.1086,0.0004,0.0793,-4.5035,7.4675,1.2761,-0.0525,-0.0111,-0.3548
-8.9950,-2.0231,1.9130,-0.2575,0.0859,0.3182,-5.4755,7.6399,0.5124,-0.1183,0.1122,-0.2438
-8.7293,-2.0782,1.6712,-0.3369,-0.0028,0.7745,-5.5689,7.5465,0.3615,-0.5261,-0.0262,0.1688
-8.8226,-1.1660,2.0327,-0.4863,-0.1687,1.1263,-4.9680,7.2449,1.3862,-0.8592,-0.0250,0.3094
-8.7939,0.6464,2.6360,-0.0390,-0.2010,1.5978,-3.7900,7.0677,2.7174,-1.2299,-0.5954,0.3713
-8.4707,2.7485,2.6600,0.0276,0.0268,1.4088,-1.8603,7.2688,5.0494,-0.9278,-0.8283,0.2168
-7.7141,4.3622,2.4205,0.5221,0.0906,1.6269,-1.2282,7.5513,5.4229,-0.5199,-1.0421,0.3096
-7.4986,4.4604,1.4676,0.5678,0.0693,1.1294,-0.5339,7.6878,5.7365,-0.2915,-0.9715,0.1743
-6.7995,4.4748,1.0750,0.2182,0.1451,0.4201,-1.7071,7.2856,5.2289,0.0191,-0.2558,-0.0172
-7.6327,4.4221,1.4772,0.1533,0.0818,-0.0384,-1.2210,7.3933,4.4843,0.0430,-0.3932,-0.0810
-8.1092,4.1180,1.0319,0.1748,-0.0941,0.0655,-1.8435,7.3550,4.3311,-0.0662,-0.2469,-0.1529
-7.8290,4.1492,1.1516,0.0204,0.0524,0.0209,-1.5227,7.0701,4.8315,0.0012,-0.0175,-0.0385
-7.9296,3.9672,1.4533,-0.0088,-0.0401,0.1228,-1.9154,7.2449,4.2760,-0.0969,-0.0593,-0.0501
-8.0565,3.9385,1.2498,-0.1577,-0.0024,0.0970,-2.1452,7.2496,4.5729,-0.0970,0.0870,0.0083
-8.0732,4.0270,1.4653,-0.1740,0.0265,0.0937,-1.9537,7.3047,4.6400,-0.0750,0.0493,0.0967
-8.0158,4.2952,1.9704,-0.2033,0.0332,0.1192,-2.1620,7.2736,4.7908,-0.0949,0.1262,0.1108
-7.7285,4.4748,1.4293,-0.0739,0.0352,0.1283,-1.5634,7.1587,4.9967,-0.0044,-0.0494,0.1720
-7.8865,4.5011,1.5490,-0.0801,0.0346,0.1789,-1.4748,7.1611,4.3981,-0.0803,0.0057,0.0388
-7.2927,4.5035,1.1732,-0.0754,0.0284,0.0152,-1.3767,7.0916,4.6495,-0.0541,-0.0813,0.0169
-7.6567,4.4748,1.3048,-0.1299,-0.0464,0.0361,-1.4940,7.2185,4.3000,-0.1077,0.0011,-0.0203
-7.7883,4.2282,1.1779,-0.2097,-0.0188,-0.1468,-1.5802,7.1826,4.5370,-0.0757,0.0858,-0.0418
-7.9895,4.4125,1.8364,-0.1346,-0.0412,-0.0402,-1.8076,7.1730,5.0039,-0.0934,0.0208,-0.0336
-8.0086,4.3048,1.6281,-0.0424,0.0305,-0.0047,-1.8627,7.1778,4.8674,-0.0101,-0.0522,0.0043
-7.9033,4.2258,1.3599,-0.0512,0.0378,0.0338,-1.7023,7.2425,4.5011,-0.0413,-0.0273,0.0101
-7.6231,4.3287,1.3048,-0.0767,0.0378,0.0073,-1.5754,7.1443,4.4652,-0.0200,0.0035,0.0384
-7.6040,4.3694,1.2689,-0.0663,-0.0012,-0.0124,-1.4509,7.1323,4.6088,-0.0670,-0.0004,-0.0244
-7.6399,4.4628,1.4461,-0.0693,-0.0461,-0.0236,-1.9465,7.1228,4.7716,-0.0409,0.0368,-0.0076
-7.7644,4.3838,1.4844,-0.0847,-0.0525,-0.0233,-1.7717,7.1754,4.8315,-0.0637,0.0208,-0.0328
-7.8362,4.4245,1.4341,-0.0887,-0.0337,-0.0608,-1.8340,7.1395,4.8483,-0.0518,-0.0047,-0.0121
-7.5585,4.0438,1.5945,-0.0721,-0.0189,-0.1240,-1.8268,7.2065,4.5993,-0.0211,-0.0230,-0.0183
-7.9655,4.2856,1.8986,-0.0778,0.0336,-0.0490,-1.8531,7.1994,4.7142,-0.0256,0.0841,-0.0036
-7.8506,4.1755,1.5443,-0.0626,-0.0222,-0.0075,-1.8579,7.1228,4.7333,-0.0789,-0.0007,-0.0093
-7.8482,4.2641,1.5826,-0.0713,0.0027,0.0278,-1.8531,7.2305,4.8147,-0.0420,-0.0542,0.0321
-7.8506,4.3838,1.6664,-0.0230,0.0008,0.0398,-1.7430,7.1706,4.7094,-0.0441,-0.0469,0.0152
-7.2640,4.3120,1.4222,-0.0437,0.0321,-0.0985,-1.7549,7.1275,4.6615,-0.0441,0.0444,-0.0028
-7.6279,4.0558,0.7757,-0.3898,0.0228,-0.3573,-1.8364,7.0318,4.8435,0.0092,0.1573,-0.0273
-8.2217,3.7469,1.4892,-0.8139,-0.1600,-0.1875,-1.5778,7.2305,4.3622,0.0456,0.1563,-0.0630
-8.5377,3.6296,2.4804,-1.8860,-0.6380,0.4453,-2.2051,7.2544,4.2186,-0.0949,0.6034,-0.0574
-7.3646,3.8092,4.5131,-0.5665,-0.3219,0.8620,-2.6647,6.8905,5.2433,0.0237,0.0196,-0.0072
-7.5657,3.7350,2.5714,-0.3997,-0.0404,0.3325,-1.7095,7.2568,4.8243,-0.0109,-0.1108,-0.0201
-7.5729,4.1061,3.3327,-0.0855,-0.0057,0.2570,-2.3104,7.2377,4.6088,-0.0640,-0.0501,-0.0025
-6.7516,4.5011,2.8898,0.9639,0.3232,-0.2423,-1.7669,7.2688,4.5993,0.0903,-0.2511,0.0510
-7.6279,4.1755,3.3184,1.0952,0.2642,-0.2581,-2.1691,7.1084,4.7166,-0.0433,-0.0252,0.0653
-7.3334,3.8475,0.7709,0.7914,0.1467,0.0191,-1.1492,7.2640,4.6304,-0.1082,-0.5584,0.0883
-8.1331,4.5155,1.3599,0.2775,0.2210,-0.1043,-1.7789,7.3502,4.6639,0.0027,0.1124,-0.0109
-7.3622,4.6400,1.2570,0.0761,-0.0649,0.1043,-1.3503,7.1706,4.9799,-0.0254,-0.0228,0.0597
-7.7668,4.6448,1.2474,0.0112,0.0388,-0.0919,-1.4844,7.2880,4.4293,0.0574,0.0642,-0.1049
-7.9152,4.2329,1.0750,-0.0209,-0.0252,-0.0123,-1.8890,7.3095,4.0318,-0.0249,-0.0285,-0.1050
-7.8961,4.2329,0.9385,-0.1255,-0.0492,-0.0184,-1.9992,7.2927,3.8379,-0.1039,0.0081,-0.0869
-7.9080,4.4604,1.1851,-0.0426,-0.0590,0.0237,-1.9154,7.3215,4.2760,-0.1015,-0.0687,-0.0137
-7.7740,4.7094,1.6712,-0.0861,-0.0312,0.0356,-1.7047,7.2568,4.8890,-0.1005,-0.0149,-0.0141
-7.7117,4.6735,1.6137,-0.0480,-0.0164,-0.0213,-1.6017,7.2185,4.9177,-0.0352,-0.0456,-0.0132
-7.7165,4.5370,1.3192,-0.0751,-0.0629,0.0360,-1.7071,7.1898,4.6519,-0.0918,-0.0281,-0.0233
-7.5681,4.6112,1.4054,-0.0775,0.0091,-0.0171,-1.5993,7.1898,4.5298,-0.0699,0.0184,-0.0420
-7.7788,4.5035,1.5467,-0.1147,-0.0153,-0.0168,-1.8459,7.2018,4.7716,-0.0762,0.0266,-0.0357
-7.6734,4.5945,1.4198,-0.0610,-0.0204,-0.0440,-1.9680,7.0677,4.9512,-0.0167,0.0145,0.0005
-7.7716,4.5586,1.2594,-0.0937,-0.0350,-0.0428,-1.6400,7.2999,4.5466,-0.0638,0.0466,-0.0116
-7.7189,4.4939,1.6113,-0.1106,-0.0316,-0.0659,-1.9609,7.1299,4.8147,-0.0440,0.0169,-0.0338
-7.7812,4.4819,1.7717,-0.0978,-0.0171,-0.0081,-2.0901,7.0701,4.9225,-0.0164,0.0075,-0.0041
-7.7285,4.3311,1.5443,-0.0481,0.0329,0.0013,-1.9154,7.1228,4.5610,-0.0208,-0.0240,0.0289
-7.5729,4.5203,1.3910,-0.0777,-0.0009,0.0063,-1.7166,7.1299,4.5562,-0.0553,0.0107,0.0270
-7.5944,4.4987,1.4293,-0.0763,-0.0116,-0.0053,-1.7119,7.0892,4.7118,-0.0434,0.0076,-0.0083
-7.6088,4.5586,1.4126,-0.0821,-0.0160,-0.0272,-1.6807,7.0940,4.5753,-0.0196,0.0129,-0.0191
-7.6184,4.4867,1.1851,-0.0866,-0.0349,-0.0418,-1.7358,7.2856,4.4604,-0.0442,0.0111,-0.0333
-7.9320,4.9560,0.7159,-0.0693,-0.0461,-0.0690,-1.1684,7.8937,4.3742,-0.0388,-0.0421,-0.0939
-8.0325,5.3103,-0.4429,-0.0410,0.0761,-0.3944,-0.3184,8.5641,4.3694,0.2148,0.1696,-0.3637
-8.2145,3.4500,-1.8579,-0.2372,0.3493,-0.5540,-1.3096,8.1163,1.5634,0.4159,0.4386,-0.4880
-7.1443,2.1284,-0.1125,-0.6010,-0.1925,-0.4988,-2.2697,6.6607,1.7071,-0.1833,0.6622,-0.3873
-6.8690,2.6288,3.4285,-1.1767,-0.4475,-0.7361,-4.0630,5.4229,4.5969,-0.4962,1.3378,-0.4363
-8.0852,3.3662,8.1475,-0.8996,-0.4497,-0.3857,-6.5314,4.2234,8.9232,-0.4354,0.8320,-0.2545
-8.3749,3.2537,7.1587,-0.0051,0.0145,0.0970,-6.5146,4.8171,8.5234,0.0095,-0.2053,0.0829
-7.7644,2.9425,4.2641,0.0811,0.2840,0.1549,-4.2617,5.9831,6.7995,0.1648,-0.1803,0.2707
-9.1075,3.1316,3.5386,0.1312,0.6817,0.2216,-5.1763,6.9145,5.0015,0.4060,-0.0817,0.3997
-9.2392,4.2760,0.3089,0.6951,0.4066,0.6015,-1.6640,9.0525,3.8307,0.3532,-0.9281,0.6883
-8.1092,4.6471,-0.1987,0.3190,0.5628,0.2250,-0.8212,8.1307,3.5554,0.5213,-0.0765,0.4530
-7.4603,4.3790,-1.9130,0.4667,0.6695,0.0361,0.5602,8.6886,1.1037,0.5023,-0.4032,0.0035
-7.6758,4.4819,-2.3248,0.0540,-0.0032,-0.2702,0.6656,8.9088,1.5706,0.1290,0.0858,-0.2220
-8.7053,3.1268,-2.7773,-0.2125,-0.2122,-0.6270,-1.2354,9.2847,0.6416,0.0867,0.4315,-0.6195
-9.0788,2.4421,-0.7087,-0.1018,-0.1544,-0.2821,-3.0670,8.2265,0.8212,-0.0392,-0.0192,-0.4447
-6.8738,2.0686,-0.7087,-0.2030,-0.9990,-0.0641,-1.7837,6.7684,1.0415,-0.8059,-0.3198,-0.4042
-7.3957,2.8395,4.9680,-0.7156,-0.4815,-0.2697,-5.1763,4.6974,6.4859,-0.5694,0.7843,-0.3869
-7.3358,3.3303,7.2927,-0.4029,-0.3200,0.0473,-5.8682,3.9121,8.4036,-0.4187,0.1893,-0.0266
-7.4508,3.2848,4.2904,0.4466,0.4732,0.3484,-3.7302,5.6647,6.5194,0.1857,-0.7610,0.4104
-8.7484,3.7541,0.5076,0.3046,0.5748,0.0532,-2.5043,8.0062,4.0917,0.6195,-0.2489,0.0987
-9.6654,4.6064,-1.1947,0.1264,0.3048,0.3162,-0.8930,10.0916,1.6951,0.1119,-0.2705,0.3825
-9.1171,5.1044,-2.4421,0.0654,0.1142,-0.1504,-0.1724,10.2424,2.3128,0.1482,0.1256,-0.1362
-8.0014,3.5530,-1.4940,0.0428,-0.1759,-0.3488,-1.1564,8.4036,1.8555,0.0404,0.0047,-0.4415
-7.4867,2.4134,0.3759,-0.1158,-0.3976,-0.3688,-3.0382,6.4380,1.8771,-0.1463,0.2850,-0.5692
-6.4883,2.2386,0.9697,-0.0213,-0.8812,-0.0945,-3.3950,5.6479,1.6113,-0.6883,-0.2395,-0.5105
-7.1012,4.6759,5.8562,0.0036,-0.9188,-0.1652,-3.7613,4.6519,9.4475,-0.6472,-0.2352,-0.5768
-10.1418,4.0414,5.1523,0.6001,-0.2887,0.0139,-5.8131,7.3526,8.8633,0.4032,-0.6205,-0.2462
-13.3884,0.6536,1.5730,-0.1347,0.8350,-0.3794,-8.9807,9.4188,3.5650,0.9326,1.0269,-0.1503
-11.6981,0.4238,1.1444,-0.1411,0.9301,0.5621,-7.7907,8.1475,1.4054,0.1537,-0.5780,1.1010
-6.9121,2.4373,-0.3065,-0.5482,0.7671,0.8356,-1.7909,6.4452,1.0175,0.0009,0.2423,1.3570
-2.8683,5.7796,-0.5028,-0.8667,0.0409,0.2308,4.1276,5.4851,2.7007,-0.5482,0.2550,0.4775
-3.8379,7.3765,1.0080,-0.4946,-0.2880,-0.2741,3.5626,6.1196,5.1020,-0.4020,0.3172,-0.2234
-7.0749,7.3143,1.3958,0.1888,-0.5788,-0.8037,1.0965,8.2384,6.6774,-0.0016,0.0354,-0.7021
-13.6326,3.8499,2.0207,0.7416,-0.3391,-1.1735,-5.5617,11.4251,6.2273,0.6949,0.1721,-1.0223
-13.8792,0.2801,3.1843,0.6155,0.3150,-0.8412,-9.9216,9.4020,4.2545,1.0272,0.0891,-0.5620
-11.3844,-1.1325,1.6879,0.5705,0.5140,-0.1055,-8.9759,7.5130,0.6512,0.7687,-0.5710,0.1276
-7.8099,-0.8739,-0.9313,-0.0505,0.6038,0.2799,-4.3287,5.9233,-0.0982,0.3928,-0.1819,0.5788
-5.1116,0.9816,0.0670,-0.7569,0.2471,0.2447,-2.1428,4.3862,0.8212,-0.3212,0.5341,0.4517
-4.9680,2.5139,-0.5100,-0.8174,0.1460,0.2793,-0.7638,5.1619,0.7470,-0.5818,0.5052,0.3540
-4.7046,5.8083,0.2634,-0.5381,-0.5437,0.4644,1.9273,5.9927,3.1723,-1.0818,-0.1412,0.2106
-5.7820,7.4531,0.8739,-0.0013,-0.8017,0.2665,2.5019,7.2712,5.8658,-0.7761,-0.4437,-0.2775
-9.6486,6.7325,2.0159,0.6372,-0.6932,-0.0422,-1.1899,9.7061,7.4843,-0.2701,-0.5192,-0.6122
-14.3939,2.2410,2.4660,0.4205,-0.0965,-0.6153,-8.0948,11.2743,6.6032,0.5564,0.1941,-0.6740
-13.4267,-0.1700,2.9904,0.3148,0.4968,-0.1800,-10.1897,9.0453,3.2082,0.7171,-0.1864,0.0466
-9.1028,0.7063,0.7590,0.1323,0.4847,0.3657,-5.0589,6.9863,1.6592,0.3730,-0.6911,0.6159
-5.4923,2.8012,-0.2586,-0.5728,0.3890,0.0786,-0.4836,5.6790,1.0511,-0.0187,0.6346,0.3575
-5.4947,3.8930,-0.4717,-0.4523,0.0945,0.0822,0.0215,6.2489,2.2673,-0.2226,0.2530,0.1354
-7.9464,4.5346,-0.9218,-0.2141,-0.1002,-0.0422,-0.7278,8.3701,2.7557,-0.1783,0.1021,-0.0799
-8.9591,4.7645,-0.0622,-0.0542,-0.2415,-0.0140,-1.4796,8.9088,3.6847,-0.2030,-0.0727,-0.1400
-8.9615,4.8530,0.5794,0.1692,-0.1580,-0.0477,-1.7909,8.6215,4.7836,-0.0270,-0.2658,-0.1431
-8.4994,5.0973,1.3599,0.4910,-0.0605,0.0488,-1.6688,7.8817,4.3958,0.1411,-0.4658,-0.0825
-6.5864,4.2641,0.4549,0.6442,-0.2931,-0.2286,0.0838,7.1084,3.9816,0.1705,-0.7269,-0.4902
-8.8514,2.1189,0.8284,0.2623,-0.3096,-0.7540,-4.4484,7.1419,2.4900,0.2509,0.3993,-0.9742
-9.2440,1.2474,0.3496,0.4151,-0.3344,-0.3828,-5.2840,7.3454,1.7597,0.0831,-0.3222,-0.6426
-9.0094,1.1995,0.6943,0.1896,-0.4537,-0.2558,-5.0661,7.1180,1.8507,-0.1464,-0.0725,-0.4935
-8.8514,1.5874,0.8882,0.0612,-0.4598,-0.0743,-4.5131,7.1946,2.4110,-0.2852,-0.3850,-0.3092
-9.0716,2.9856,1.5275,-0.1759,-0.4281,0.1520,-4.2497,7.4244,3.7565,-0.4778,-0.1021,-0.0655
-8.6263,3.8858,1.6352,0.0797,-0.3425,0.1899,-3.1795,7.4101,5.1954,-0.2385,-0.4069,-0.0104
-8.7939,3.3950,0.8691,-0.0322,-0.0218,0.0029,-2.5666,8.0828,4.0606,-0.0211,0.0714,-0.0673
-9.0429,2.8706,0.4022,-0.0081,-0.1923,-0.2033,-3.1675,8.1355,3.0885,-0.0148,0.0965,-0.3076
-8.8418,2.3942,0.9960,-0.0633,-0.1268,-0.1976,-4.0031,7.5058,3.0358,-0.0268,0.1916,-0.2843
-8.4276,1.9034,0.3472,-0.0189,-0.1362,-0.0522,-3.6990,7.0725,2.1883,-0.0719,-0.1540,-0.2240
-8.0469,1.5778,0.9720,-0.2453,-0.2286,-0.1146,-4.2904,6.7157,2.3750,-0.2234,0.2177,-0.2715
-9.0261,1.2977,2.5426,-0.3284,-0.1613,0.0296,-5.9017,6.5481,3.4764,-0.2825,0.1649,-0.0445
-9.3781,1.0989,1.8818,-0.3949,0.0188,0.1235,-5.9640,6.8498,3.2992,-0.2477,0.1459,0.1051
-9.3134,1.0726,1.7837,-0.6282,0.1804,0.1307,-5.7533,6.9695,3.0263,-0.2725,0.3559,0.2308
-9.5792,1.1157,2.1763,-0.9383,0.1943,0.2894,-6.0190,6.9145,2.7438,-0.4463,0.6033,0.3708
-9.6798,1.3048,2.7725,-1.0035,-0.0016,0.7204,-6.4955,6.4380,3.3591,-0.8386,0.3884,0.6757
-8.0541,2.3032,3.0502,-0.7019,0.0137,0.9683,-4.3934,5.8610,4.7453,-0.8075,-0.1380,0.9725
-7.6327,2.9688,2.5714,-0.6488,0.0986,0.9037,-3.3615,6.0789,4.5873,-0.7096,0.2076,0.8998
-6.9599,4.0917,2.5762,-0.6510,0.2876,0.6442,-1.8603,6.0071,5.8490,-0.5770,0.3583,0.7500
-6.5936,4.1731,2.6791,-0.4999,0.1832,0.3589,-1.9225,5.8993,5.6623,-0.3199,0.3010,0.4391
-7.2760,4.1683,3.1196,-0.5573,0.1884,0.1026,-2.6288,6.1723,5.6024,-0.2538,0.5464,0.2370
-7.6734,3.8642,3.2489,-0.2842,0.1844,0.1071,-3.3710,5.9951,6.2632,-0.0674,0.1739,0.2189
-7.7093,3.9121,2.2266,-0.2611,0.1998,0.0497,-2.6887,6.7852,4.7285,-0.0301,0.1448,0.1779
-7.4340,4.1803,2.4181,-0.1571,0.1079,-0.0293,-2.5379,6.5314,5.5330,-0.0124,0.0675,0.0616
-7.9966,4.0749,2.1404,-0.1604,0.1641,-0.0710,-2.8276,7.0294,4.8985,0.0477,0.1404,0.0482
-8.0613,4.2473,3.0837,-0.0434,0.0829,0.0241,-2.8922,6.8019,5.3582,0.0189,0.0059,0.0719
-7.6207,4.4149,2.8826,0.1515,-0.0261,0.0012,-2.2793,6.6535,5.6743,0.0649,-0.2455,-0.0464
-7.7524,4.5825,2.3583,0.3172,0.0540,0.1170,-2.2242,6.7636,5.3917,0.1135,-0.4299,0.0406
-8.4180,4.0630,1.3168,0.2754,0.2594,-0.0850,-3.0765,7.3909,4.5801,0.4085,-0.0855,0.0316
-8.8035,3.7900,0.8643,0.3084,0.2168,-0.0369,-2.6935,8.0637,3.8810,0.3375,-0.2425,0.0553
-8.7891,4.1180,0.5962,0.1884,0.1831,-0.0055,-2.2386,8.2791,3.8523,0.2358,-0.1544,0.1186
-8.3079,4.3862,-0.1580,0.2365,0.0982,-0.0368,-1.5562,8.1523,3.4931,0.2605,-0.2241,0.0278
-7.3143,4.1899,0.5770,0.0029,-0.1001,0.0141,-1.3001,7.6112,3.6368,0.1641,-0.0637,-0.1219
-7.9440,3.6559,0.2370,0.1877,0.0939,-0.1641,-2.1787,7.6088,2.6312,0.2229,-0.1490,-0.1367
-8.2504,3.1292,0.1604,0.1720,-0.0790,-0.2232,-2.8898,7.4196,3.3088,0.1432,-0.0766,-0.2346
-8.7293,2.3535,0.5698,-0.0373,-0.0913,-0.1355,-3.8068,7.5178,2.8754,0.0225,-0.0544,-0.1094
-8.8992,2.3152,0.9170,-0.2269,-0.0410,-0.0999,-4.3431,7.3646,3.0382,-0.0425,0.2052,-0.0398
-8.8849,2.5738,0.9912,-0.2884,0.0685,0.0686,-4.0270,7.4388,3.2729,-0.1522,0.1888,0.1458
-8.2384,3.0933,1.0798,-0.3640,0.0693,0.0669,-3.0646,7.3574,3.6176,-0.1613,0.2052,0.1510
-8.5449,3.6176,0.8404,-0.4712,0.1331,0.0742,-2.8395,7.8410,3.1460,-0.2228,0.3549,0.2008
-8.2648,4.6064,0.9960,-0.3335,0.0256,0.1781,-2.1261,7.8314,4.3239,-0.2647,0.0554,0.2309
-8.2456,5.6383,1.1516,-0.1368,0.0662,0.2477,-1.1851,8.0445,4.8291,-0.1123,-0.0434,0.2813
-7.2592,6.0382,0.6297,0.2093,0.0240,0.2593,0.2682,7.7883,4.8985,-0.0025,-0.4130,0.2065
-7.0150,5.2720,0.3926,0.3183,0.0416,-0.0849,-0.1676,7.7309,4.2066,0.2150,-0.1852,-0.1451
-8.4563,3.5075,0.5531,0.2964,-0.0278,-0.2318,-2.8132,7.7405,3.3279,0.2112,-0.0863,-0.2828
-8.8178,2.1380,1.0534,0.1436,-0.0739,-0.1424,-4.3527,7.3765,2.5809,0.1018,-0.0850,-0.1928
-8.6670,1.4653,1.6233,-0.0985,-0.1415,-0.1335,-5.1882,6.6152,3.2465,-0.0332,0.0678,-0.1415
-8.8418,1.8579,1.4676,-0.4247,0.0530,-0.1079,-5.0326,6.9576,3.4189,-0.0791,0.2968,0.0658
-8.8849,3.4931,1.1588,-0.4061,0.0316,0.2679,-3.3950,7.6327,3.7086,-0.2931,0.0897,0.3380
-8.1930,4.1707,0.5962,-0.4418,0.1627,0.1927,-1.8244,7.8937,4.0414,-0.1641,0.3817,0.3232
-8.2073,4.2856,0.6632,-0.4399,0.1100,0.0847,-2.0925,7.7835,4.1204,-0.1548,0.3095,0.2036
-8.0062,4.3144,0.8954,-0.3303,0.1841,0.0584,-1.9297,7.6638,4.0749,-0.0349,0.1919,0.2060
-8.0373,4.0462,0.9050,-0.3413,0.1561,-0.0119,-2.1428,7.7045,3.6583,-0.0468,0.2892,0.1194
-8.2097,3.6607,0.7614,-0.3377,0.1256,-0.0201,-2.5283,7.5824,3.6344,-0.0484,0.2785,0.1215
-8.3007,3.5075,0.9194,-0.3345,0.0616,0.0372,-2.6480,7.5872,3.6033,-0.1266,0.1977,0.1200
-8.5018,3.5506,0.6919,-0.4033,0.1388,-0.0031,-2.7557,7.7931,3.4429,-0.1018,0.3609,0.1334
-8.4491,3.5674,0.8906,-0.3940,0.1106,0.0136,-2.8467,7.6998,3.6919,-0.1001,0.2884,0.1352
-8.4324,3.6703,0.8045,-0.3889,0.1478,0.0525,-2.5857,7.6686,3.4955,-0.1199,0.2972,0.1784
-8.3055,3.6703,0.7326,-0.4207,0.1507,0.0032,-2.3942,7.5753,3.6655,-0.1332,0.3617,0.1311
-8.2935,3.7110,0.9744,-0.3889,0.1402,0.0072,-2.4134,7.6638,3.6536,-0.0981,0.2771,0.1319
-8.3773,3.8235,0.8045,-0.3000,0.1055,0.0436,-2.3966,7.8410,3.5769,-0.1023,0.1865,0.1240
-8.3462,3.7445,0.5818,-0.1947,0.0520,0.0276,-2.2673,7.9272,3.3782,-0.0829,0.1045,0.0898
-8.1906,3.7828,0.3903,-0.1218,-0.0165,-0.0677,-2.2003,7.8841,3.6847,-0.0461,0.0705,-0.0494
-8.8849,3.6559,0.9098,-0.1287,0.0699,-0.0854,-2.9568,8.0325,3.3950,-0.0069,0.1382,-0.0473
-8.8178,3.4931,0.8188,0.1130,-0.0953,0.0492,-2.9808,7.9009,3.6033,-0.0410,-0.2141,-0.0208
-8.4156,3.3734,0.4501,-0.0234,-0.0233,-0.0705,-2.4828,7.8793,3.1675,0.0175,-0.0044,-0.0718
-8.6814,3.4931,1.0151,-0.1053,0.0249,-0.0180,-3.0311,7.8530,3.4572,-0.0101,0.0161,0.0201
-8.4108,3.4141,0.3783,-0.0378,-0.0308,0.0313,-2.5905,7.7572,3.5482,-0.0204,-0.0578,0.0446
-8.4874,3.5291,0.6225,-0.2330,0.1195,-0.0504,-2.5833,7.8721,3.2226,0.0045,0.2041,0.0493
-8.4755,3.3255,0.3974,-0.1262,-0.0111,0.0312,-2.4804,7.8650,2.9832,-0.0819,-0.0075,0.0305
-8.2217,3.4955,0.3496,-0.2162,-0.0360,-0.0012,-2.4277,7.8314,3.2154,-0.1250,0.1152,0.0052
-8.3318,3.6703,0.6321,-0.2200,-0.0341,-0.0453,-2.4828,7.7381,3.4955,-0.1061,0.1170,-0.0184
-8.4491,3.6296,0.7518,-0.1972,-0.0344,-0.0530,-2.6360,7.7524,3.5626,-0.0979,0.1222,-0.0425
-8.2983,3.6990,0.8452,-0.1270,-0.0655,-0.0406,-2.4612,7.7213,3.6751,-0.0754,0.0127,-0.0525
-8.2289,3.2920,0.6249,-0.1011,-0.0770,-0.0818,-2.6408,7.6375,3.2489,-0.0834,0.0148,-0.0923
-8.5138,3.1053,0.9744,-0.2439,0.0177,-0.1486,-3.2753,7.5729,3.4500,-0.0675,0.2144,-0.0981
-8.7652,2.9233,0.8428,-0.2160,-0.0530,-0.0474,-3.4069,7.8003,3.0430,-0.1299,0.1053,-0.0414
-8.5377,3.1819,0.7638,-0.2314,-0.0244,0.0278,-3.3782,7.5872,3.2274,-0.1088,-0.0144,0.0281
-8.4228,2.9928,0.6680,-0.2952,-0.0644,0.0159,-3.1029,7.5250,3.3998,-0.1633,0.1976,0.0189
-8.4084,3.0933,1.1420,-0.3140,-0.0056,0.0620,-3.0742,7.4962,3.2657,-0.1820,0.1367,0.0891
-8.5497,3.1699,1.1013,-0.2479,-0.1292,0.1061,-3.1675,7.4962,3.3902,-0.2120,0.1394,0.0546
-8.5976,3.0454,0.9433,-0.3457,0.0165,0.0873,-2.9305,7.5633,3.6583,-0.2694,0.1977,0.0865
-8.6957,3.2777,1.0630,-0.3309,0.0029,0.0718,-3.1053,7.6878,3.6703,-0.2437,0.2555,0.0890
-8.4420,3.5386,0.9170,-0.3432,-0.0261,0.0164,-2.7509,7.7285,3.9385,-0.2285,0.2733,0.0397
-8.6670,3.5099,1.2474,-0.3437,0.0589,-0.0449,-2.9568,7.7381,3.4572,-0.1388,0.2870,-0.0015
-8.3079,3.5099,0.9720,-0.2309,-0.0671,0.0101,-2.7246,7.5896,3.7733,-0.2017,0.1486,0.0141
-8.3462,3.4022,1.0989,-0.2679,0.0376,-0.0954,-2.8443,7.4579,3.8283,-0.0717,0.2350,-0.0449
-8.5210,2.9975,1.0439,-0.2911,0.0143,-0.1053,-3.6655,7.3813,3.4716,-0.1043,0.2697,-0.0252
-8.5545,2.9018,1.1660,-0.3724,0.0242,-0.1079,-3.2705,7.4172,3.7302,-0.1037,0.3072,-0.0428
-8.3701,2.9209,1.4174,-0.4339,0.0870,-0.1821,-3.5003,7.1515,3.8188,-0.0577,0.4169,-0.0489
-8.6191,2.6839,1.6927,-0.3431,0.0697,-0.1430,-3.7182,7.3215,3.2825,-0.0373,0.2904,-0.0333
-8.2768,2.4253,1.0487,-0.2306,-0.0325,-0.0489,-3.5314,7.1754,3.0526,-0.0875,0.1211,-0.0288
-8.6191,2.5642,1.5562,-0.1884,-0.0294,-0.0316,-4.1755,7.1251,3.1077,-0.1039,0.1131,0.0055
-8.1092,2.6169,1.2282,-0.0727,-0.1693,0.1312,-3.2322,7.1826,3.2944,-0.1711,-0.2373,0.0614
-8.2887,2.8659,1.4509,-0.1563,-0.0863,0.0542,-3.3351,7.1922,3.2441,-0.1833,0.0691,-0.0041
-7.9871,2.8036,1.6592,-0.1158,-0.1565,0.0466,-3.4453,6.8235,3.7517,-0.2216,-0.0081,-0.0492
-8.1810,2.6073,1.8411,-0.1290,-0.1454,0.0137,-3.5817,6.8809,3.5817,-0.1962,-0.0286,-0.0629
-8.4611,2.6767,1.9058,-0.1716,-0.2150,0.0297,-3.8403,7.0629,3.6847,-0.2474,-0.0011,-0.0827
-8.4707,2.8587,2.0255,-0.1656,-0.1929,-0.0039,-3.8020,7.0030,4.2904,-0.2617,0.0374,-0.1079
-8.4036,2.8012,1.9656,-0.0783,-0.1103,0.0496,-3.6727,7.1228,4.2665,-0.1559,-0.1065,-0.0027
-8.6191,2.7581,2.1955,-0.0717,-0.0632,-0.0001,-4.1587,7.1036,4.2760,-0.0891,0.0044,-0.0301
-8.3941,2.6647,2.1715,-0.0436,-0.0769,0.0400,-3.8930,6.9623,4.1180,-0.0781,-0.1166,0.0047
-8.5617,2.5546,1.9489,-0.0346,-0.1002,0.0653,-3.8810,6.8283,4.0606,-0.0677,-0.1316,0.0191
-8.1355,2.7892,1.8316,-0.1077,-0.0312,0.0614,-3.4093,6.8642,3.8523,-0.1272,0.0360,0.0358
-8.2504,3.0981,2.1763,-0.0855,-0.0969,0.0934,-3.5841,6.7876,4.0366,-0.1430,-0.0833,0.0376
-7.8578,3.0885,1.8651,-0.0630,-0.0926,0.0678,-3.0765,6.7708,4.1563,-0.1619,-0.0659,0.0083
-8.0110,3.0885,2.3367,-0.1424,-0.0855,-0.0516,-3.3830,6.7516,4.5346,-0.1591,0.1106,-0.1007
-8.1092,3.0861,2.4732,-0.0819,-0.0906,-0.0397,-3.6176,6.6966,4.4748,-0.0931,-0.0338,-0.0670
-8.3893,2.8347,2.6695,-0.1580,-0.0404,-0.1140,-4.1108,6.6822,4.4101,-0.0625,0.1823,-0.1312
-8.0589,2.8060,2.5905,-0.0931,-0.0750,-0.0562,-3.9097,6.6080,4.4245,-0.0589,-0.0087,-0.0593
-8.2097,2.7078,2.2960,-0.0758,-0.0297,-0.0577,-3.9289,6.6295,4.1252,-0.0236,-0.0215,-0.0613
-8.2289,2.7485,2.4852,0.0019,-0.0839,-0.0076,-3.9456,6.6559,4.1420,-0.0534,-0.0841,-0.0618
-7.8721,2.6169,2.1332,0.0795,-0.1286,0.0636,-3.4644,6.4787,4.3503,-0.0286,-0.2499,-0.0530
-8.3438,2.9616,2.2003,0.1061,-0.0193,0.0710,-3.7804,6.7876,3.9576,-0.0525,-0.2384,-0.0172
-8.0086,3.1053,2.3176,0.1621,-0.0811,0.1198,-3.6727,6.6583,4.6831,-0.0168,-0.2455,0.0076
-8.1930,2.9449,2.2984,0.1328,0.0139,0.0697,-3.7685,6.6726,4.4365,0.0430,-0.2233,0.0131
-8.3127,3.0670,2.3918,0.1555,-0.0052,0.1817,-4.0079,6.5386,4.7070,0.0188,-0.3131,0.1164
-8.0325,3.2417,2.4852,0.2611,-0.0338,0.2517,-3.3471,6.6008,4.4556,0.0208,-0.3773,0.1294
-7.7452,3.3974,2.1931,0.1640,0.0905,0.2326,-2.9880,6.6463,4.5993,0.0288,-0.2574,0.1748
-7.7093,3.6799,1.9465,0.0670,-0.0180,0.1516,-2.6695,6.7684,4.7525,-0.0155,-0.1681,0.1143
-7.8386,3.7421,1.8268,-0.0497,0.0151,0.0663,-2.8012,6.9121,4.5753,-0.0425,-0.0253,0.0652
-7.7285,3.7685,1.9130,-0.0380,0.0120,0.0144,-2.7653,6.8642,4.6687,-0.0072,-0.0577,0.0374
-7.8123,3.8379,2.0734,-0.0875,-0.0484,0.0100,-2.7725,6.8881,4.4604,-0.0657,-0.0199,-0.0085
-7.7117,3.7206,1.8411,-0.1011,-0.0628,-0.0143,-2.6935,6.8091,4.5945,-0.0718,0.0185,-0.0330
-7.8602,3.7589,2.0853,-0.0751,-0.0709,-0.0257,-2.9305,6.8761,4.6232,-0.0943,-0.0005,-0.0340
-7.8434,3.7709,2.1691,-0.0993,0.0069,-0.0081,-3.0478,6.6750,4.7094,-0.0727,-0.0229,-0.0093
-7.9727,3.5889,1.9920,-0.0819,-0.0191,0.0252,-3.0933,6.7181,4.6495,-0.0414,-0.0084,0.0321
-7.8458,3.6033,1.9393,-0.0572,-0.0460,0.0167,-2.8683,6.8354,4.5993,-0.0613,-0.0453,0.0226
-7.8266,3.5674,2.0662,-0.0919,-0.0088,0.0008,-2.9592,6.6391,4.6615,-0.0392,0.0242,0.0080
-8.0852,3.5626,2.2458,-0.1114,-0.0028,-0.0502,-3.2657,6.7828,4.5610,-0.0398,0.0773,-0.0393
-7.8721,3.7373,2.1069,-0.0365,-0.0782,0.0270,-2.7342,6.8929,4.6184,-0.0793,-0.1199,-0.0099
-7.9559,4.1228,2.0782,-0.0148,-0.0153,0.0297,-2.6743,6.9336,4.6591,-0.0313,-0.0910,0.0084
-7.6112,4.0534,1.8292,0.1111,-0.1311,0.0667,-2.2122,6.7421,4.8650,-0.0677,-0.2353,-0.0180
-7.5968,3.9696,2.0039,-0.0881,-0.0681,-0.1684,-2.6121,6.8259,4.4748,-0.0476,0.1162,-0.1764
-7.6495,3.7445,2.0135,-0.1166,-0.1875,-0.2128,-2.8826,6.7038,4.9177,-0.1098,0.0813,-0.2782
-8.2696,3.6679,2.6839,-0.1238,-0.0544,-0.1632,-3.4429,6.5960,5.2553,0.0103,0.0441,-0.1891
-8.2959,3.6751,2.5163,-0.0149,0.0318,-0.1037,-3.3591,6.6559,5.2002,0.1122,-0.0120,-0.0694
-7.8506,3.5626,2.2482,0.0336,0.0999,-0.0726,-3.1915,6.5817,4.7501,0.1415,-0.0393,-0.0167
-7.7261,3.4141,2.1668,0.0340,0.1002,-0.0677,-3.1196,6.5960,4.4221,0.1559,-0.0426,0.0081
-7.7021,3.0502,1.9154,-0.0723,0.0981,-0.1077,-3.4477,6.4572,4.3287,0.0994,0.1096,-0.0061
-8.0637,3.0981,1.8627,-0.1320,0.0290,-0.0546,-3.6368,6.5290,3.9887,-0.0108,0.0735,0.0189
-7.9200,3.2154,1.8986,-0.1512,-0.0910,0.0322,-3.1843,6.7852,4.1300,-0.1186,0.0057,0.0088
-8.0804,3.3686,2.2793,-0.1764,-0.0207,0.0184,-3.4716,6.7924,4.3167,-0.1234,0.0783,0.0244
-7.8913,3.5051,2.2960,-0.1733,0.0426,0.0413,-3.3088,6.7636,4.7525,-0.0979,0.0474,0.0570
-7.9416,3.4453,2.1452,-0.0957,0.0071,0.0501,-3.3639,6.7900,4.6448,-0.0589,0.0213,0.0753
-7.9152,3.4596,2.1907,-0.1070,0.0276,0.0437,-3.2010,6.7229,4.6902,-0.0486,0.0181,0.0759
-7.9057,3.4285,2.1883,-0.0943,0.0422,0.0628,-3.0933,6.6822,4.5969,-0.0306,0.0001,0.0907
-7.8123,3.4261,2.0949,-0.1252,0.0080,0.0541,-3.0718,6.6272,4.5825,-0.0674,0.0285,0.0862
-7.7500,3.4572,2.1548,-0.1415,-0.0264,0.0524,-3.1268,6.6511,4.4580,-0.1063,0.0288,0.0522
-8.2576,3.4309,2.1404,-0.1524,-0.0061,0.0368,-3.2777,6.9001,4.4245,-0.0886,0.0540,0.0598
-8.1331,3.4884,1.9106,-0.1232,-0.0087,0.0550,-3.2417,6.9671,4.5131,-0.0730,0.0156,0.0625
-8.0972,3.4405,2.0758,-0.0993,0.0262,0.0510,-3.2801,6.8235,4.4628,-0.0562,0.0133,0.0632
-8.1139,3.4285,1.8794,-0.1188,0.0334,0.0785,-3.1843,6.8307,4.2689,-0.0782,0.0317,0.0966
-7.8578,3.2872,1.8435,-0.1394,0.0135,0.1179,-3.2585,6.7421,4.1755,-0.0865,0.0353,0.1283
-8.2097,3.3782,1.7957,-0.0667,-0.0211,0.2189,-3.5099,6.8953,3.9145,-0.1767,-0.1082,0.1685
-7.4484,3.8666,2.1117,-0.1208,-0.1651,0.2950,-2.1907,6.6200,4.9416,-0.2823,-0.2101,0.2022
-7.4005,4.4460,2.5474,-0.2197,-0.0096,0.1019,-2.1284,6.6272,5.1643,-0.1388,0.1491,0.0961
-7.0078,4.0654,1.7286,-0.1450,0.0686,0.0573,-2.1572,5.9831,5.1260,-0.0970,0.1114,0.0365
-7.8266,4.2569,1.9130,-0.0699,-0.2442,-0.0292,-2.5355,6.9025,5.4827,-0.2017,0.0918,-0.1131
-7.9128,4.1132,2.4229,0.0195,-0.0629,-0.1324,-2.5283,6.9671,5.4468,0.0963,-0.0855,-0.1739
-8.7891,3.2609,2.4708,-0.0345,-0.0305,-0.1094,-3.9456,7.1611,4.7549,0.0390,0.0015,-0.0966
-9.1770,3.7852,3.6176,0.1043,-0.0248,0.1454,-4.7932,6.8642,5.6527,-0.0324,-0.0991,0.1319
-7.9631,4.3958,2.9042,0.4831,0.0358,0.4828,-2.6552,6.8043,5.6934,0.0807,-0.7661,0.3617
-7.1371,4.5657,1.6807,0.4691,0.0129,0.2846,-1.5634,6.7924,5.1954,0.2160,-0.5887,0.2329
-7.5896,4.7716,1.7358,0.2016,0.2212,0.0394,-1.7693,7.1515,4.8985,0.2141,-0.1066,0.0973
-7.7883,4.2569,1.1995,0.2551,0.1272,0.1192,-2.3248,7.0701,4.3144,0.1978,-0.2594,0.1576
-7.9128,4.4053,1.1756,0.1909,0.0132,0.1784,-2.0327,7.2736,4.1755,0.0644,-0.2787,0.1843
-7.6447,4.6711,1.3455,0.1705,-0.0474,0.2060,-1.5419,7.2520,4.6304,-0.0048,-0.3527,0.1789
-6.9528,5.4755,1.3695,0.1087,-0.0400,0.1314,-0.9744,7.2185,5.1954,0.0009,-0.3180,0.1107
-7.1970,5.4420,1.3431,0.2221,0.0945,0.0951,-0.6369,7.3047,4.8914,0.1624,-0.2964,0.0914
-7.3526,4.9799,1.1564,0.1815,0.1286,0.0297,-1.2713,7.2305,4.6400,0.1748,-0.1812,0.0642
-7.2712,5.0781,1.2953,0.1267,0.1537,0.0406,-1.4844,7.0126,4.6567,0.1498,-0.1843,0.0725
-7.0150,5.1715,0.8260,0.2995,0.0314,0.1336,-0.5578,7.0892,4.1731,0.1366,-0.4675,0.1190
-6.9073,5.1858,0.3543,0.2057,-0.2172,0.0601,-0.9218,7.0437,4.4748,-0.0155,-0.2685,-0.0163
-7.1156,5.3798,0.6273,0.2402,-0.0502,0.1038,-0.6009,7.3550,4.1252,0.0406,-0.3684,0.0374
-6.6846,5.6862,0.2610,0.2150,-0.1258,0.0909,0.0670,7.3813,4.2066,-0.0109,-0.3074,-0.0043
-6.8498,5.5569,-0.1580,0.0008,-0.0610,-0.0931,-0.0168,7.5010,3.7757,0.0123,0.0123,-0.1199
-7.2089,5.4205,0.3711,-0.0213,-0.1495,-0.0669,-0.4980,7.6950,3.7924,-0.0754,-0.0618,-0.1132
-7.5010,5.3822,0.8475,0.1250,-0.2465,0.0404,-0.9098,7.6902,4.5107,-0.1579,-0.2746,-0.0878
-7.4388,5.7030,1.0942,0.1160,-0.0293,0.0634,-0.8404,7.5705,4.8195,-0.0035,-0.2156,0.0224
-7.1180,5.9999,1.3743,0.4867,-0.1155,0.3192,-0.2418,7.3430,4.7525,0.0193,-0.6809,0.1370
-6.8642,5.9903,0.3472,0.6305,-0.1857,0.2450,0.3472,7.4364,4.8985,0.1046,-0.7573,0.0113
-6.8474,6.1866,-0.1532,0.5670,-0.1183,0.1855,0.4142,7.8578,4.3000,0.1677,-0.6807,0.0317
-7.1419,6.1555,-0.3184,0.4796,-0.0234,0.1849,0.1700,7.8195,4.0821,0.2078,-0.5544,0.1127
-6.6463,6.0454,-0.8739,0.3970,0.0839,0.1689,1.0127,7.9440,3.2920,0.2240,-0.5079,0.1140
-6.5673,6.4763,-0.7925,0.2491,-0.0337,0.1659,1.2115,7.7764,3.6775,0.0564,-0.3495,0.0634
-6.5984,6.6128,-1.0008,0.2144,-0.2000,0.0689,1.5658,7.8626,3.6823,0.0622,-0.3416,-0.0726
-7.2065,6.8953,-0.2203,0.2333,-0.0530,0.0504,0.7398,8.2384,4.1037,0.0691,-0.3275,0.0125
-6.4284,6.8977,-1.1923,0.2110,0.0673,0.0622,1.8364,8.1954,3.5362,0.0871,-0.2623,0.0204
-6.3015,6.9145,-1.3001,0.1669,-0.0694,-0.0416,1.8435,8.1211,3.5793,0.0782,-0.2270,-0.0738
-6.5793,6.8283,-0.8882,0.1038,0.0135,-0.1215,1.3336,8.0637,3.6536,0.0850,-0.0438,-0.1115
-6.8977,6.6104,-0.9960,0.1567,0.0512,-0.0967,1.1181,8.2552,3.3255,0.1130,-0.1415,-0.0990
-6.8043,6.6798,-1.1636,0.3429,-0.1322,0.0282,1.3336,8.3007,3.3902,0.0540,-0.4510,-0.1039
-6.3949,6.7301,-1.6568,0.1140,-0.1022,-0.0540,1.5826,8.0445,3.2537,0.0332,-0.1362,-0.1274
-6.5434,6.9001,-1.3527,0.1559,-0.1447,-0.1055,1.6305,8.1570,3.2896,0.0067,-0.2221,-0.2296
-6.3231,6.7181,-1.6257,0.1668,-0.1222,-0.1733,1.7909,8.3629,3.0358,0.0405,-0.1280,-0.2192
-6.8714,6.7708,-1.3336,0.2132,-0.0401,-0.1200,1.4198,8.4467,3.2681,0.0814,-0.2308,-0.1731
-6.6343,6.8953,-1.3575,0.3925,-0.1332,-0.0937,1.6424,8.4970,3.0909,0.1472,-0.4457,-0.2170
-6.8091,6.4284,-2.2769,0.4736,-0.1751,-0.0723,1.5945,8.6886,2.5355,0.1490,-0.5313,-0.2336
-7.4771,6.1268,-1.9465,0.1812,-0.0453,-0.1548,0.3759,8.6790,2.5905,0.0498,-0.1050,-0.2032
-7.1587,6.4093,-2.1380,0.4201,-0.1824,0.0167,1.2617,8.7101,2.4995,0.0755,-0.5205,-0.1296
-6.4883,6.5027,-2.5450,0.3307,-0.1752,-0.0596,2.0590,8.5545,2.4421,0.0795,-0.3543,-0.1851
-7.0940,6.1292,-2.2266,0.1888,-0.1310,-0.1500,0.9912,8.7388,2.2434,-0.0358,-0.0990,-0.2667
-7.3454,5.9735,-2.2936,0.2264,-0.1587,-0.0121,0.5938,8.8178,2.3511,-0.0426,-0.3072,-0.1494
-7.0198,6.3135,-2.2242,0.3208,-0.1752,0.0883,1.3455,8.7317,2.7007,-0.0440,-0.4322,-0.0814
-7.1371,6.5050,-2.3176,0.2024,-0.1861,0.0003,1.2641,8.7915,2.6217,-0.1077,-0.1859,-0.1641
-6.9647,6.6295,-2.2458,0.3130,-0.2710,0.0088,1.7549,8.8609,2.7222,-0.0698,-0.4726,-0.1932
-6.9312,6.5410,-2.2984,0.1637,-0.1916,-0.0809,1.2641,8.8202,2.6552,-0.0616,-0.1969,-0.2210
-6.6176,6.8761,-1.6281,0.2463,-0.2224,-0.0270,1.7310,8.3342,3.8211,-0.0161,-0.3897,-0.2002
-7.2903,6.4979,-1.7933,0.0746,-0.1182,-0.1294,0.5219,8.6622,3.1843,-0.0397,-0.0913,-0.1611
-6.7109,7.0030,-1.4724,0.5148,0.0168,0.1695,1.3910,8.3821,3.1939,0.1547,-0.6057,0.0075
-6.0717,6.8546,-3.1675,0.2158,-0.1087,-0.0657,2.3990,8.4396,3.3232,0.1180,-0.1901,-0.1500
-7.1323,6.6152,-2.8060,0.3363,0.0468,-0.0215,1.3862,9.0477,1.5562,0.2152,-0.3568,-0.0654
-6.2920,6.0501,-3.7948,0.2926,-0.2805,-0.0678,1.8244,8.7771,1.4700,0.0132,-0.3672,-0.2397
-6.7325,6.0071,-3.3543,-0.0268,-0.2260,-0.1800,1.6041,8.8083,1.5036,-0.0778,0.0108,-0.2714
-7.1204,6.1914,-2.8060,0.0301,-0.3397,-0.1661,1.3838,8.9854,2.1691,-0.2257,-0.1346,-0.3163
-7.5369,5.9280,-1.6664,-0.1939,-0.3761,-0.2842,0.0215,8.4827,3.2322,-0.1875,0.2683,-0.3313
-8.0469,6.2800,-0.2370,0.2380,-0.1848,0.0621,-0.5435,8.3246,3.4381,-0.0370,-0.4475,-0.1366
-7.6447,6.2082,-2.0925,0.7124,-0.6328,0.4121,0.4956,8.4803,3.2130,-0.2020,-1.1393,-0.0436
-6.7588,5.9975,-2.8395,0.7810,-0.2222,0.2613,1.3240,8.7484,1.8723,0.0590,-0.9266,-0.1307
-6.5338,6.2058,-2.7988,0.5524,-0.5688,0.1915,1.4341,8.4156,2.8946,-0.1204,-0.8248,-0.2550
-6.7421,6.1699,-3.0933,0.9519,-0.4988,0.2719,1.8004,8.7436,2.6169,-0.0272,-1.2398,-0.1299
-6.8091,6.3925,-1.8890,0.5403,0.0766,-0.0044,1.2522,8.4252,3.2968,0.4014,-0.1655,-0.1495
-6.7253,5.9807,-3.5602,0.5793,-0.1891,-0.0123,1.3503,8.6742,2.0830,0.2390,-1.2119,-0.1522
-6.9719,6.3111,-2.7270,0.8029,-0.1049,0.0923,1.3288,8.8442,1.8866,0.3700,-0.6463,-0.1527
-7.0366,6.2010,-3.3160,0.6988,-0.0045,-0.0025,1.4509,8.7364,1.8340,0.2467,-0.7806,-0.1892
-7.2401,5.7150,-3.8642,1.1066,-0.0200,0.1640,1.0391,9.2249,0.5866,0.3375,-0.9425,-0.1503
-7.1323,5.5306,-4.1300,0.8497,0.0500,0.0937,1.1061,9.0716,0.4788,0.3512,-0.4429,-0.1324
-6.9456,5.7221,-4.2880,0.8106,-0.2301,0.1504,1.3575,9.2368,0.7135,0.2364,-1.1742,-0.1079
-6.7109,5.8993,-4.6280,0.8451,-0.0432,0.1529,1.8316,9.2608,1.3001,0.3792,-0.7651,-0.0529
-6.6918,5.8155,-5.4061,0.8911,-0.0003,0.0822,2.0638,9.3518,0.2490,0.4285,-0.8131,-0.1467
-6.8570,5.7054,-5.4564,0.8328,-0.0655,-0.0020,1.4293,9.2895,0.1820,0.4325,-0.6987,-0.2070
-7.0868,5.4516,-5.3917,0.9819,-0.0067,0.1376,1.3001,9.6007,-0.8332,0.4386,-0.6462,-0.1611
-6.8354,5.0039,-6.1866,0.7208,-0.1745,0.0822,1.3336,9.7157,-1.6544,0.2205,-0.8864,-0.1705
-6.7469,4.8890,-6.9671,0.7312,-0.2781,0.2046,1.4102,9.6654,-1.4389,0.2237,-0.6432,-0.1150
-6.7493,4.9560,-6.4141,0.6021,-0.1997,0.1220,1.7502,9.6055,-1.2689,0.0898,-0.6913,-0.1700
-6.6415,5.0422,-6.3782,0.5335,-0.2485,0.1176,1.5562,9.6295,-1.3934,0.0701,-0.6672,-0.2013
-6.8474,4.7046,-6.7325,0.4117,-0.2695,0.0442,1.4605,9.6223,-1.3575,0.0486,-0.4926,-0.2722
-6.9240,4.3455,-6.9767,0.3575,-0.1864,0.0272,1.0127,9.6822,-1.8052,0.0762,-0.3158,-0.1735
-7.0174,4.8890,-6.1244,0.2297,-0.2511,0.0707,1.1037,9.5289,-0.8140,-0.1176,-0.3254,-0.1235
-6.6702,5.0829,-6.5050,0.4038,-0.1649,0.1211,1.6448,9.7133,-1.0367,0.0366,-0.5343,-0.0925
-6.7277,4.9416,-6.2848,0.3519,-0.1655,0.0874,1.2043,9.5840,-1.2857,0.1055,-0.3079,-0.0770
-6.6008,4.7525,-7.0054,0.4142,-0.1620,0.1893,1.6448,9.6893,-2.0518,0.0377,-0.5436,-0.0612
-6.7325,4.8387,-6.7109,0.2666,-0.1595,0.1731,1.4413,9.5529,-1.3719,-0.0049,-0.2434,-0.0298
-6.7684,4.5442,-6.6008,0.2617,-0.1206,0.1348,1.1851,9.5816,-1.6113,0.0342,-0.3463,-0.0348
-6.7493,4.6495,-6.6679,0.1431,-0.0739,0.0866,1.3216,9.6630,-1.7789,0.0209,-0.1900,-0.0215
-6.5864,4.9033,-6.6846,0.2146,-0.1136,0.0345,1.6305,9.7157,-1.2641,0.0352,-0.3340,-0.0975
-6.9863,4.1827,-6.5769,-0.0389,-0.0071,-0.0314,0.3567,9.4020,-1.8699,0.0580,0.0429,-0.0492
-6.7804,4.4053,-6.8187,0.0125,0.0277,0.0304,1.0798,9.6438,-1.9920,0.0594,-0.1597,0.0195
-6.4907,4.5945,-7.0366,-0.0807,-0.0043,-0.1029,1.7190,9.6534,-1.6712,0.0049,0.0946,-0.1248
-6.5936,4.5705,-7.0509,-0.1009,-0.0237,-0.1423,1.2450,9.7468,-2.2170,0.0039,0.1808,-0.1701
-7.1611,4.3191,-6.9935,-0.2032,-0.0378,-0.1286,0.4286,9.7492,-2.3128,-0.0789,0.2317,-0.1151
-6.8187,4.5921,-6.6535,-0.0831,-0.0870,-0.0112,1.1133,9.5984,-1.5730,-0.0855,-0.1179,-0.0294
-6.9312,4.4460,-6.2848,-0.1322,0.0278,0.0172,0.7374,9.5193,-1.1325,-0.0975,0.0300,0.0079
-6.6631,4.3934,-6.8546,-0.1407,0.0843,0.0229,1.2594,9.5624,-1.8579,-0.0520,0.1896,0.0693
-6.3829,4.2808,-7.1635,-0.4218,0.1168,-0.1416,1.5347,9.5457,-1.7071,-0.1729,0.1512,-0.0163
-6.5817,4.4317,-6.7732,-0.2104,-0.0448,-0.1735,0.7805,9.5792,-1.7214,-0.0498,0.1565,-0.0999
-7.3765,5.1140,-5.2433,-0.4145,0.2467,-0.0096,0.3424,9.6319,-1.5131,0.0117,0.6634,0.3268
-6.4763,4.7142,-6.6008,-0.2154,0.1426,-0.3148,1.4389,9.6606,-1.1899,0.0336,-0.0588,-0.1426
-6.6798,4.1156,-6.5841,-0.1366,0.3463,-0.1075,1.7621,9.5529,-1.8292,0.0822,0.3111,0.0201
-6.8235,4.2904,-7.5585,-0.2491,0.1689,-0.2000,1.0199,9.7851,-2.0734,0.0059,0.2378,-0.0260
-6.9552,4.5993,-7.1251,-0.1404,0.1320,-0.0691,0.8404,10.1011,-2.5953,-0.0248,-0.0448,0.0132
-6.6583,4.4460,-6.8067,-0.3062,0.0777,-0.0618,0.6800,9.8785,-2.1452,-0.1119,0.5077,0.0314
-6.5003,4.6831,-6.6008,-0.2681,-0.0706,-0.1392,1.2067,9.5361,-1.1205,-0.1223,-0.0557,-0.0969
-6.7157,4.6591,-6.1411,-0.4458,0.0713,-0.3102,1.2354,9.5505,-1.5802,-0.1106,0.4768,-0.1791
-6.8833,4.3814,-6.5649,-0.2875,-0.0641,-0.2651,0.4980,9.5409,-1.6352,-0.0977,0.1204,-0.1956
-7.3861,3.8978,-6.6176,-0.2328,0.0750,-0.3303,0.0024,9.7875,-2.2697,0.0859,0.5704,-0.3095
-7.2568,3.6464,-7.3933,-0.4134,-0.1356,-0.2336,0.0910,9.7396,-2.3343,-0.2932,0.1268,-0.1619
-8.0302,3.6392,-5.7964,-0.3319,0.0421,-0.1703,-0.9792,9.4236,-2.0638,-0.0604,0.7182,-0.1653
-7.6543,3.4716,-6.7397,0.0934,-0.1023,0.2145,-0.7015,9.9096,-3.1819,-0.1366,-0.3304,0.0757
-7.7213,3.6799,-6.1890,-0.0466,-0.0846,0.2758,-0.4908,9.5385,-1.7621,-0.2266,-0.0072,0.1170
-6.4715,4.8794,-6.6511,0.1371,-0.3942,0.5251,1.3623,9.7420,-1.4006,-0.5103,-1.2232,0.1797
-6.1220,5.4971,-7.0366,0.1332,-0.3002,0.3962,2.2242,10.0389,-0.7494,-0.2418,-0.2607,0.1688
-6.5625,5.6886,-5.4899,0.0352,-0.2154,0.1139,1.2163,9.5050,0.3543,-0.1735,-0.1266,-0.0474
-7.0653,5.8323,-5.4564,0.1889,-0.2140,0.1402,0.8284,9.7755,-0.2921,-0.1132,-0.3611,-0.0348
-6.6679,6.6774,-5.4348,-0.0088,-0.1287,0.0786,1.6903,9.6438,0.8811,-0.0838,-0.1571,0.0272
-5.9999,6.3925,-5.9831,-0.1468,-0.1500,0.0052,2.2649,9.4164,0.1173,-0.1980,-0.3541,0.0321
-6.3782,5.8610,-6.0717,-0.4720,0.0139,-0.1411,1.7549,9.5648,-0.3998,-0.1900,0.4459,0.0107
-6.5864,5.7940,-5.6096,-0.5721,0.0160,-0.3168,1.6496,9.8186,0.1772,-0.2017,0.3287,-0.1010
-6.9336,4.7764,-6.3111,-0.4583,0.0408,-0.4366,0.8954,9.8689,-1.3001,-0.0277,0.6302,-0.2742
-7.3598,3.6727,-6.1435,-0.7629,-0.0497,-0.6238,-0.0479,9.3972,-1.4796,-0.1960,0.7919,-0.3692
-8.2720,2.8204,-4.9488,-0.5742,0.0509,-0.5754,-2.0255,9.0190,-1.4174,0.0273,1.1199,-0.3651
-7.9320,2.3607,-5.4803,-0.2693,0.1492,-0.3144,-1.8603,8.7795,-2.0016,-0.0141,0.3572,-0.1523
-7.6902,2.1931,-5.4324,0.0482,0.2222,0.0068,-1.9752,8.5617,-2.7485,0.1645,0.3359,0.0434
-7.3310,2.5905,-6.2153,0.2538,-0.0638,0.3136,-1.3862,8.5976,-2.4541,-0.0534,-0.6013,0.2326
-7.3526,3.2226,-5.6862,0.2587,0.1781,0.4638,-0.8787,8.8418,-2.0159,0.0722,0.0112,0.4126
-7.2233,3.7876,-5.7748,0.4133,0.0007,0.6379,-0.5483,9.2129,-1.6448,-0.0642,-0.7585,0.4506
-7.0390,4.4245,-6.4739,0.4654,-0.0678,0.6921,0.5052,9.7923,-1.3144,-0.0653,-0.9220,0.4771
-7.3741,5.5378,-6.3638,0.5151,0.0361,0.7277,1.2689,10.6805,-1.0199,0.0220,-0.8800,0.5568
-7.8147,6.0669,-7.5202,0.5684,-0.2208,0.7123,3.1005,11.7172,-1.4437,-0.0831,-1.1696,0.4823
-7.3047,7.1132,-7.5417,0.1545,-0.4766,0.6227,3.0335,11.4898,-0.5411,-0.5331,-0.8809,0.2373
-6.5529,8.2408,-6.8211,-0.0101,-0.7334,0.3706,4.3814,11.2887,1.1612,-0.6801,-1.0730,0.0384
-6.3015,7.8338,-6.2489,-0.0851,-0.6963,-0.1363,4.0845,10.8266,0.9194,-0.3150,-0.2578,-0.4607
-6.3375,6.6750,-6.2369,-0.3027,-0.8296,-0.5204,2.9521,10.0054,0.2490,-0.4377,0.0096,-0.7890
-6.6655,5.7150,-5.2074,-0.4963,-0.6295,-0.6105,1.2881,9.2033,0.0335,-0.4831,0.5733,-0.7807
-6.6535,5.2313,-4.6855,-0.5320,-0.6033,-0.5159,0.4908,8.5641,0.5195,-0.5061,0.3704,-0.6479
-6.5434,5.1882,-4.0725,-0.6475,-0.4198,-0.4358,0.3448,8.2648,0.8978,-0.4534,0.5164,-0.4515
-6.2752,4.9656,-3.5410,-0.5778,-0.2165,-0.2681,0.2203,7.8147,1.3934,-0.3421,0.3018,-0.2280
-6.5673,4.6663,-3.4477,-0.5584,-0.0013,-0.2345,-0.0431,7.9487,0.8236,-0.2109,0.5220,-0.0989
-6.7995,4.5322,-3.0957,-0.5534,0.0215,-0.1540,-0.5626,7.9583,1.1923,-0.1901,0.4266,0.0762
-7.0030,4.0749,-3.7110,-0.3551,0.1848,-0.0195,-0.6464,8.2408,0.2442,-0.0574,0.1668,0.1785
-7.2042,3.2226,-3.9552,-0.4824,0.3890,-0.0007,-1.2354,7.9631,-0.1508,-0.0193,0.6583,0.2899
-7.3670,2.9640,-3.6943,-0.2070,0.5618,0.1709,-1.2881,8.0804,-0.5124,0.2112,0.3367,0.4149
-7.6447,3.5147,-5.1260,-0.0341,0.3545,0.2541,-0.6393,9.1291,-0.6345,0.1270,-0.0789,0.4175
-8.1283,3.9385,-5.0877,-0.0252,0.5460,0.0143,-0.5028,9.8521,-1.0678,0.4024,0.3543,0.2875
-7.2401,4.7956,-5.9855,-0.1359,0.1103,-0.2146,0.2298,10.0054,-0.6536,0.1399,0.3187,0.0115
-8.5617,4.6735,-5.2936,0.0629,0.1228,0.0663,-0.1365,10.6734,-1.4365,0.0730,0.3423,0.0490
-8.4874,4.9129,-4.5418,0.2368,-0.0983,0.3119,-0.5890,9.8904,0.3280,-0.1118,-0.3724,0.1315
-7.9248,5.6790,-4.6639,0.4182,-0.3155,0.6253,0.3807,10.0006,0.4812,-0.3311,-0.8019,0.2380
-8.0254,6.1483,-5.3582,0.3499,-0.1748,0.7689,0.9002,10.7978,0.4764,-0.2980,-0.8011,0.3950
-7.9344,6.7397,-5.9185,0.1993,-0.2587,0.6254,1.7717,11.0684,1.0846,-0.2533,-0.6656,0.2942
-7.2616,7.1778,-5.4037,0.1094,-0.4205,0.3476,2.2266,10.4483,1.5850,-0.3000,-0.5295,0.0634
-6.3949,7.4172,-3.4237,-0.1228,-0.4041,0.0071,2.5498,8.9256,3.2657,-0.2461,-0.3547,-0.0886
-5.7317,7.6207,-2.4134,-0.3696,0.1370,-0.2414,2.1428,8.0780,3.5267,0.0490,0.3399,-0.0236
-5.1858,6.5601,-3.8403,-0.3500,0.4305,-0.2330,2.2553,7.8099,1.4916,0.1972,0.4892,0.0392
-5.5929,5.8993,-4.7788,-0.5337,0.3885,-0.3215,1.7980,8.3893,0.9242,0.1211,0.7269,0.0518
-7.0390,5.0398,-5.4133,-0.4562,0.5339,-0.2411,0.6273,9.1746,-0.7566,0.1747,0.9594,0.0921
-7.5561,4.6280,-5.6024,-0.4201,0.4551,-0.0466,0.3735,9.6822,-1.3144,0.0148,0.4912,0.1548
-7.5130,4.3239,-6.5362,-0.1035,0.1669,0.0689,0.6081,10.1706,-1.9106,-0.0177,-0.1631,0.1326
-7.8219,4.6352,-6.4691,0.3112,0.1025,0.2433,0.2370,10.3813,-2.2075,0.1078,-0.1495,0.1608
-7.0126,5.0781,-6.4069,0.4375,-0.2128,0.3704,1.3743,9.9024,-1.3120,-0.0119,-0.9878,0.1683
-6.7469,5.5258,-5.7820,0.2593,-0.5522,0.4274,1.4198,9.5840,-0.3304,-0.4052,-0.7717,0.0442
-6.6894,6.1555,-5.1164,0.1968,-0.3770,0.3663,1.6472,9.4810,0.6728,-0.3597,-0.4365,0.0169
-6.3015,6.8091,-4.1396,0.0949,-0.3348,0.2254,1.7837,9.0046,2.1380,-0.3131,-0.5068,-0.0422
-5.1188,8.2744,-4.0725,0.0329,-0.4341,0.0925,3.3327,8.5808,3.6631,-0.2302,-0.6387,-0.0438
-4.9225,8.9759,-2.4636,-0.0203,0.0818,-0.4726,3.7541,8.3917,4.5059,0.3015,0.4042,-0.2765
-6.3183,6.2920,-4.2928,-0.3227,0.3849,-0.6612,1.4078,8.8226,0.8859,0.3758,0.9503,-0.2629
-6.9216,4.8459,-5.7604,-0.4803,0.3293,-0.4796,0.8475,9.1602,-0.8787,0.1124,0.6081,-0.0859
-6.8546,4.7716,-4.8483,-0.6623,0.3337,-0.2773,0.5794,8.9998,-0.0910,-0.0493,0.7214,0.0790
-7.4412,3.8451,-5.9927,-0.2673,0.2733,-0.1615,0.0024,9.5122,-1.6065,0.0616,0.6118,-0.0067
-7.4939,4.1420,-5.8323,0.0561,0.2184,-0.0316,0.3615,9.6103,-1.4078,0.1184,-0.0410,0.0652
-7.6902,5.3463,-6.1555,0.4410,-0.0949,0.1227,1.1995,10.5824,-0.9361,0.1130,-0.6079,-0.0003
-8.9687,6.1435,-6.0573,0.2482,-0.2470,0.1836,1.1756,11.5903,0.1125,-0.1099,-0.4754,-0.0970
-9.6103,7.2975,-4.4269,0.2001,-0.3000,0.6536,0.6943,11.8441,1.6424,-0.3155,-0.4770,-0.1707
-7.9033,7.5800,-6.5362,0.4475,-0.2650,1.0736,2.0111,10.5800,2.0016,-0.3147,-0.9338,-0.2114
-6.3087,5.9687,-5.8897,-0.5269,-0.3452,-0.1956,1.8052,9.3182,0.2466,-0.3343,0.1925,-0.3543
-6.1052,5.0350,-4.2737,-0.3360,-0.2014,-0.1941,0.0646,7.9631,0.2490,-0.2537,0.4046,-0.2364
-4.2186,4.2976,-5.1930,-0.2128,-0.1391,-0.0346,0.7446,6.7469,-0.3543,-0.1843,0.0986,0.0000
-3.9265,3.9720,-5.1763,-0.5339,0.1423,-0.2040,1.0175,6.2632,-0.6895,-0.0326,0.3889,0.1095
-5.3367,3.9313,-5.0135,0.0409,0.3226,0.1569,0.9361,7.5441,-1.5921,0.0866,0.0116,0.3513
-5.3989,4.4436,-5.1930,0.0290,0.0975,0.4824,0.9050,8.1092,-1.1516,-0.0233,-0.0947,0.4803
-6.8235,6.0094,-6.1411,0.4750,0.0089,0.6599,1.1899,10.1418,-0.7183,-0.0264,-0.7593,0.4550
-8.5401,8.0804,-4.5729,0.5875,0.0416,0.5824,1.3862,11.9112,1.5969,0.1403,-0.2084,0.2952
-8.0302,7.5776,-7.7213,0.8771,-0.5468,0.7556,2.3391,12.3900,0.0575,-0.1090,-1.7027,0.0799
-6.2800,7.2856,-7.4747,0.3134,-1.1463,0.5428,2.9042,10.9295,-0.8571,-0.7761,-1.2548,-0.2515
-4.8171,7.7189,-6.2321,0.4073,-1.2442,0.7119,4.3503,9.4763,0.6728,-0.9558,-1.6450,-0.1540
-3.7230,8.6383,-3.4572,0.2246,-0.9734,0.3996,4.1827,7.8458,3.9744,-0.6956,-0.7877,-0.2470
-3.8020,8.2696,-3.7397,0.3239,-0.5784,0.1812,3.9433,7.5226,3.3878,-0.1644,-0.6832,-0.3122
-4.7333,7.9440,-3.3040,0.1216,-0.1267,-0.3447,2.7677,8.3534,2.8563,0.1170,0.0949,-0.3865
-6.2177,7.7548,-3.8211,-0.0083,-0.1371,-0.3902,1.7454,9.2033,2.7821,0.1279,-0.0849,-0.2942
-6.5745,7.2425,-4.9584,-0.1815,-0.0686,-0.2958,1.4509,9.6654,1.4940,0.0025,0.1899,-0.2189
-5.6312,7.0725,-4.8411,-0.5067,0.2567,-0.3826,2.3176,9.1602,1.4772,0.0584,0.6504,-0.0225
-4.4891,5.4037,-5.1212,-0.8080,0.1351,-0.5760,2.2194,7.7189,-0.3424,-0.0064,0.9599,-0.2980
-5.4923,4.6711,-4.7070,-0.6799,0.5267,-0.4859,0.5100,7.4555,-0.1125,0.1981,1.2240,-0.1124
-5.5522,3.1388,-6.7924,-0.5542,0.5448,-0.2290,0.2011,8.0780,-3.7230,-0.0055,0.9105,0.0421
-6.3997,2.7916,-5.9280,-0.6939,0.6159,0.0630,-1.0942,8.1882,-2.7557,-0.2659,1.0000,0.0770
-6.3758,4.0701,-5.0925,-0.2565,0.4215,0.3425,-0.5052,8.4348,-0.8452,-0.2090,0.1160,0.0973
-6.7612,5.8466,-3.9935,0.2964,0.2076,0.4687,-0.8547,8.5042,2.6025,0.0049,-0.4146,0.3702
-6.5912,7.0198,-4.7429,0.8248,0.7264,0.3746,0.9984,9.8904,1.3671,0.8010,-0.7160,0.3784
-6.6295,7.8290,-6.1675,0.4764,0.2278,0.2783,2.0901,11.0852,0.8499,0.3701,-0.7216,0.2057
-7.2449,7.8386,-6.0837,0.5152,0.3515,0.3254,1.2546,11.2216,0.7326,0.6075,-0.1274,0.2176
-6.6128,7.4579,-7.4555,0.4066,-0.0272,0.3930,1.6328,11.6382,-1.0343,0.0489,-0.8938,0.1336
-5.9304,7.5944,-7.1204,0.0963,-0.2610,0.3985,2.5762,10.8816,-0.0479,-0.1811,-0.6095,0.0713
-5.4731,8.1570,-7.2353,-0.0425,-0.2923,0.2224,2.7557,10.7476,0.8092,-0.2983,-0.4419,-0.1368
-6.1531,8.5736,-6.2369,-0.1148,-0.3976,-0.0408,2.7246,11.2360,1.4796,-0.3475,-0.0727,-0.2731
-6.6894,8.8178,-5.2241,0.1656,-0.3489,-0.0906,2.4062,11.1043,1.6185,-0.3395,-0.1789,-0.3725
-5.7940,8.5210,-6.0478,0.2134,-0.4574,-0.2141,2.7102,10.4962,1.9656,-0.2690,-0.3889,-0.4175
-4.6232,7.1539,-5.7174,-0.6045,-0.5391,-0.5792,2.6312,9.1889,0.5339,-0.5061,0.2902,-0.4759
-4.4436,6.2584,-4.7166,-0.6630,-0.3365,-0.6523,1.5610,7.5920,1.4413,-0.3115,0.6202,-0.5209
-4.2641,5.8131,-4.6687,-0.7100,-0.2541,-0.6223,1.2617,7.3382,0.7949,-0.3773,0.6187,-0.4792
-5.0111,5.1523,-4.0677,-0.9240,-0.1082,-0.7584,0.3400,7.1371,1.1588,-0.3151,0.9585,-0.3789
-6.1028,4.6280,-3.4836,-0.8138,0.0949,-0.7107,-0.5890,7.6207,0.9194,-0.1363,1.1527,-0.3142
-6.8235,4.1922,-4.4101,-0.4654,0.1773,-0.5380,-1.1109,8.3917,0.0599,0.0541,0.6728,-0.2486
-7.6351,3.1388,-4.6448,-0.1119,0.3623,-0.3199,-2.6887,8.2121,-0.5866,0.3746,0.9658,-0.1415
-7.4196,2.8108,-5.6838,0.4537,0.2606,0.1551,-2.3296,8.4922,-2.3415,0.4022,-0.0530,0.2894
-6.6559,4.1468,-4.7070,0.4014,0.0095,0.3084,-0.8978,8.2528,-0.0766,-0.0088,-0.9910,0.2946
-6.4548,4.9967,-4.5801,0.8496,0.2066,0.5730,-0.4741,8.6957,0.0599,0.6182,-0.4586,0.4183
-5.6982,5.8730,-5.3750,0.7390,0.0232,0.5510,0.7925,8.6598,0.8140,0.1956,-1.5799,0.4077
-5.8466,7.2065,-6.1675,0.4537,0.1308,0.3320,1.9465,10.2639,0.8859,0.3170,-0.3431,0.4735
-8.2289,8.7891,-5.4851,0.3271,0.1110,0.0959,1.4126,12.4451,2.4301,0.2915,-0.2699,0.1757
-9.7659,9.0501,-6.2321,0.0373,-0.1557,-0.1244,0.6416,13.6948,2.6145,0.0919,-0.5533,-0.1002
-8.9926,7.6303,-7.5992,-0.0293,-0.2318,-0.1696,1.2905,13.1657,-0.6895,-0.0667,-0.0226,-0.3150
-6.6894,6.4284,-7.2137,-0.4383,-0.5456,-0.2578,1.5012,10.8194,-1.0199,-0.6576,-0.1551,-0.4399
-6.0717,4.8267,-6.3877,-0.6527,-0.7313,-0.2505,0.3424,8.9902,-1.1636,-0.7717,0.5249,-0.5405
-5.3941,3.4548,-5.0566,-0.6987,-0.4795,-0.2309,-0.5578,6.9408,-0.5531,-0.6543,0.5869,-0.3447
-5.0709,2.7653,-4.4341,-0.5007,-0.0731,-0.1909,-0.6009,6.3422,-1.2258,-0.3050,0.6026,-0.2069
-5.3295,1.8172,-5.2936,0.0421,-0.1964,0.0799,-1.2570,6.5170,-2.5498,-0.1043,0.3748,-0.1127
-5.7772,2.8994,-4.8100,0.2266,-0.3002,0.2038,-1.0678,7.0844,-0.5818,-0.2098,-0.7707,-0.0065
-6.9863,4.1396,-3.5219,0.4866,0.0460,0.2206,-1.7645,8.0373,0.6129,0.3289,0.0200,0.0598
-7.4436,5.2768,-5.0278,1.0705,-0.2701,0.6392,-0.5195,9.7564,-0.1484,0.2407,-1.8819,0.2106
-7.4819,6.3734,-5.3439,0.7961,-0.3737,0.6340,0.1365,10.4938,1.2929,0.1384,-0.9733,0.2008
-8.1092,7.1754,-4.7525,0.7414,-0.3042,0.6867,0.0383,10.6829,2.0662,0.0193,-1.2899,0.2555
-7.4555,7.5010,-6.0549,0.6519,-0.3702,0.6055,1.3647,11.2360,1.5969,-0.0765,-1.5206,0.1844
-6.7301,8.5401,-5.3415,0.1859,-0.3905,0.2766,2.3176,10.8242,2.8276,-0.1364,-0.8009,-0.0071
-6.0932,7.8506,-5.1332,0.2813,-0.3365,0.0374,2.2505,10.1179,2.0614,-0.0209,-0.3814,-0.2515
-6.0885,6.6319,-5.5234,0.2425,-0.2377,-0.1066,1.0726,9.2009,0.9936,0.0641,-0.1675,-0.3086
-5.7700,5.9568,-5.7174,0.0727,-0.1669,-0.0745,1.0942,9.0836,0.1820,-0.0148,-0.1126,-0.1852
-6.1435,6.1244,-5.7293,-0.2001,-0.0691,-0.0819,0.7207,9.1506,0.3160,-0.1319,0.2683,-0.0725
-6.3375,6.6535,-4.5562,-0.4105,0.0021,-0.1006,0.7638,9.2632,1.4317,-0.2061,0.3852,-0.0051
-6.6224,7.2425,-4.4724,-0.5894,0.0016,-0.0997,0.9266,9.4834,2.0351,-0.3281,0.2266,0.0738
-6.1028,6.6966,-4.8842,-0.5776,0.0604,-0.0320,1.1468,9.1698,1.5275,-0.2959,0.3479,0.1359
-5.5976,6.3135,-4.3000,-0.6328,0.2817,-0.1603,1.4700,8.6981,1.3001,-0.1588,0.7205,0.1464
-5.5761,5.2122,-5.0853,-0.6291,0.2791,-0.2582,0.8308,8.2576,0.3735,-0.2013,0.6205,0.0677
-6.3734,4.4388,-4.6567,-0.4900,0.4622,-0.2302,-0.8212,8.1547,-0.2227,0.0597,0.9455,0.0861
-6.8522,3.7230,-4.8746,-0.1304,0.3621,-0.0807,-1.0511,8.2839,-0.7733,0.1787,0.6039,0.1050
-7.1874,3.5362,-6.1004,0.0743,0.1206,0.0308,-1.1947,9.1937,-1.5826,0.0683,0.0132,0.0911
-7.3741,4.5226,-5.9352,-0.4068,0.2978,-0.0542,-0.6440,9.6151,-0.5171,-0.0849,0.4878,0.2028
-7.5609,5.5976,-4.5945,0.2056,-0.0540,0.1879,-0.3639,9.9407,0.3543,-0.0131,-0.5253,0.0771
-8.3893,6.1842,-4.6974,0.7079,-0.2004,0.3072,-0.7757,10.5872,1.1995,0.2575,-0.6231,-0.0043
-8.0038,7.4651,-5.8131,1.0075,-0.5684,0.5252,0.7374,11.3533,1.4006,0.0493,-1.8980,-0.0378
-7.2472,9.1794,-6.1531,0.7502,-0.6927,0.3765,2.9233,12.1171,2.3679,-0.0512,-1.2750,-0.2510
-7.0988,9.1842,-5.4492,0.6500,-0.6781,0.0646,2.6959,11.4802,2.5402,0.0314,-0.8182,-0.5349
-6.2321,7.3694,-6.1914,0.3511,-0.9773,-0.1903,2.1117,10.2855,1.1827,-0.2169,-0.9759,-0.7623
-5.9735,4.9967,-5.2984,-0.1254,-0.5770,-0.3733,-0.1173,8.2384,-0.1460,-0.2205,0.0781,-0.6343
-5.2457,3.7373,-4.7812,-0.1374,-0.4747,-0.1583,-0.5986,6.8378,-0.5866,-0.2469,0.0713,-0.3377
-4.8985,3.7230,-3.7278,-0.4017,-0.0869,-0.0823,-0.4310,6.2034,-0.0694,-0.3356,0.3460,-0.0794
-4.8578,4.0917,-4.0079,-0.0897,-0.1601,0.2629,-0.3184,6.5266,-0.4381,-0.2866,-0.4233,0.1556
-4.6998,5.6024,-3.9337,-0.5733,0.0083,0.3086,0.3663,6.7876,2.1644,-0.4203,0.1102,0.4595
-6.1244,7.3765,-3.0981,-0.1372,0.4110,0.2999,1.2953,8.8921,2.9449,0.0280,0.1852,0.4487
-6.8594,7.6040,-4.5274,-0.1600,0.3521,0.0829,1.4198,10.1993,2.7581,0.0846,-0.2320,0.3858
-7.4101,7.9344,-4.9536,-0.2439,0.4227,-0.1367,1.1588,10.9223,2.3056,0.1900,0.3806,0.1969
-6.7516,7.7644,-4.9177,-0.4582,0.4515,-0.3042,1.8962,10.4435,2.1428,0.1104,0.7242,0.0990
-6.8474,7.1467,-5.0589,-0.5852,0.3876,-0.4754,1.1372,9.8857,1.6975,0.0349,0.7506,-0.0365
-6.8642,6.6200,-4.8219,-0.6078,0.5199,-0.5249,0.8308,9.7995,1.3431,0.1595,0.9991,-0.0342
-6.3542,5.6503,-5.9999,-0.7176,0.2278,-0.5721,0.8811,9.5122,0.0335,-0.1295,0.6271,-0.1322
-6.7995,4.8890,-4.9057,-0.8515,0.6784,-0.6083,-0.2155,8.9184,-0.0575,0.1228,1.5331,0.0085
-6.4476,3.8379,-4.7884,-0.7149,0.4902,-0.5395,-0.9361,7.8362,-0.3400,0.0137,1.0134,0.0052
-6.5098,2.5546,-5.4229,-0.3978,0.6975,-0.2499,-1.5562,7.7117,-2.1955,0.2317,1.1867,0.1705
-7.5322,2.6049,-6.4093,-0.0131,0.4250,0.1585,-1.8938,9.1411,-2.6671,0.0709,0.1374,0.3647
-8.8250,4.0725,-5.9472,-0.1078,0.4266,0.1970,-1.5874,10.6614,-1.1684,0.0645,0.2797,0.3636
-8.6119,5.5186,-6.3039,0.3179,-0.2761,0.4549,-0.5914,11.4922,-0.6273,-0.1715,-1.1868,0.2241
-7.3813,7.0222,-5.3319,-0.0653,-0.4383,0.0885,1.1612,10.8673,1.8794,-0.2587,-0.2843,-0.0655
-6.9647,7.0174,-4.3072,0.3179,-0.2940,0.0001,0.9457,9.8426,2.0853,0.1156,-0.3194,-0.2389
-6.3351,6.5290,-4.8028,0.1913,-0.0767,-0.2222,1.0894,9.4116,1.1636,0.1653,-0.0461,-0.3000
-6.4955,6.1866,-5.6216,-0.0296,-0.1122,-0.2377,0.9577,9.6079,0.5195,-0.0762,-0.1947,-0.2244
-6.4260,6.6224,-5.1044,-0.4165,-0.0225,-0.3343,0.9984,9.6031,1.3360,-0.1692,0.4799,-0.2008
-6.9576,6.4763,-5.0566,-0.5269,-0.0004,-0.4104,0.6536,9.8904,1.1923,-0.1937,0.4708,-0.2332
-7.1180,6.0382,-4.9775,-0.5165,0.0164,-0.4289,0.1173,9.6869,0.9768,-0.1107,0.6807,-0.2570
-6.6726,5.5402,-4.6878,-0.5758,-0.1234,-0.4275,0.0622,8.9711,0.5962,-0.2486,0.5207,-0.2794
-6.6104,5.0853,-4.5514,-0.6230,-0.0321,-0.4053,-0.3448,8.6694,0.6656,-0.2851,0.5449,-0.2064
-7.0270,4.8076,-4.2162,-0.6468,0.1496,-0.3352,-0.8691,8.7053,0.7278,-0.1799,0.8078,-0.0865
-7.4340,4.6807,-3.9768,-0.4499,0.1364,-0.1745,-1.3671,8.8538,0.4094,-0.1555,0.4576,0.0113
-7.6423,4.2449,-4.9967,-0.2603,0.0564,-0.0986,-1.3671,9.2512,0.1149,-0.0769,0.1775,0.0461
-7.8195,4.4484,-3.8068,-0.4802,0.2998,-0.2563,-1.7262,8.8585,0.8452,-0.0302,0.6269,0.0329
-7.7093,4.4724,-4.3934,-0.1909,0.2013,-0.1744,-1.1325,9.3541,0.1628,0.0248,0.0192,0.0220
-7.7812,4.3838,-4.6208,-0.1781,0.1524,-0.1307,-1.3408,9.2368,-0.0263,0.0456,0.2979,0.0127
-7.9895,4.5274,-4.5346,-0.0806,-0.0156,-0.0757,-1.5203,9.3350,0.6847,-0.0412,0.0000,-0.0316
-7.8506,4.9967,-4.1922,-0.1142,0.0445,-0.0490,-1.2019,9.4834,0.8882,-0.0052,0.0468,0.0272
-7.7596,5.0278,-4.4197,-0.1757,0.1130,-0.1288,-1.0080,9.4499,0.7661,0.0095,0.1949,-0.0293
-7.9368,4.6304,-4.5322,-0.2148,0.0401,-0.1124,-1.4533,9.3733,0.1437,-0.0810,0.1563,-0.0213
-7.9511,4.3335,-4.5155,-0.1474,0.0064,-0.0749,-1.5299,9.1770,0.3974,-0.0454,0.1512,-0.0177
-7.8075,4.1515,-4.4676,-0.1736,-0.0020,-0.0999,-1.6089,9.1123,0.3208,-0.0745,0.1463,-0.0337
-7.9823,4.0438,-4.5083,-0.0781,0.0529,-0.0405,-1.7957,9.2488,-0.2921,0.0252,-0.0129,0.0220
-8.1570,4.2904,-4.3646,-0.0294,0.0428,-0.0032,-1.8052,9.2895,0.1844,0.0164,0.0537,0.0204
-7.9104,4.6471,-4.4149,0.0167,0.0577,0.0216,-1.3671,9.4834,0.7207,0.0807,-0.0181,0.0570
-7.9009,4.7980,-4.6471,-0.0334,0.0417,-0.0368,-1.1420,9.4954,0.4645,-0.0033,-0.0466,-0.0003
-7.7117,4.8267,-4.7980,-0.0715,0.0492,-0.0264,-1.0008,9.4451,0.1317,-0.0187,-0.0192,0.0180
-7.5537,4.7621,-4.7142,-0.2026,0.0068,-0.0096,-1.0199,9.3015,0.3112,-0.1134,0.1604,0.0288
-7.5992,4.8363,-4.6974,-0.1891,0.0092,0.0012,-0.9026,9.3182,0.4190,-0.1079,0.0887,0.0357
-7.6136,4.9057,-4.7621,-0.1600,0.0464,-0.0573,-0.8619,9.3781,0.4836,-0.0438,0.1432,0.0039
-7.6710,4.9656,-4.6208,-0.1543,0.0713,-0.0751,-1.0822,9.4068,0.4717,-0.0234,0.1302,0.0115
-7.6614,4.9416,-4.6112,-0.1745,0.0270,-0.0955,-0.8978,9.5409,0.5531,-0.0438,0.0703,0.0021
-7.9057,4.6543,-4.6591,-0.2214,0.1214,-0.0821,-1.3479,9.4212,0.4238,-0.0254,0.1868,0.0401
-7.7213,4.8076,-4.5705,-0.2988,0.1456,-0.1124,-0.9313,9.3757,0.3136,-0.0673,0.2671,0.0430
-7.5298,4.8315,-4.4077,-0.3243,0.1190,-0.1615,-1.0104,9.3805,0.6656,-0.0488,0.2677,0.0317
-7.7859,4.5298,-4.7309,-0.4006,0.1506,-0.2213,-1.2378,9.3206,0.2394,-0.0554,0.4149,-0.0003
-8.0110,4.2401,-4.6663,-0.3228,0.2050,-0.1958,-1.4748,9.4810,-0.0479,0.0088,0.4470,0.0119
-7.9655,4.3527,-4.8411,-0.3772,0.1499,-0.1661,-1.3336,9.4882,-0.0431,-0.0739,0.3989,0.0225
-7.9368,4.3766,-4.9775,-0.3505,0.1100,-0.1299,-1.3671,9.4236,-0.0359,-0.1227,0.2610,0.0269
-7.5992,4.1683,-4.6998,-0.3651,0.0827,-0.1435,-1.4389,9.1602,-0.1891,-0.1134,0.3913,0.0056
-7.7883,4.0725,-4.7381,-0.3273,0.0552,-0.1346,-1.7478,9.0788,0.0192,-0.0867,0.3131,0.0501
-8.2145,4.0390,-4.2186,-0.3087,0.0636,-0.0605,-1.6568,9.1674,0.4549,-0.1275,0.2655,0.1053
-8.2361,4.4460,-4.3622,-0.2737,0.1560,-0.0921,-1.3910,9.3637,0.6656,-0.0489,0.2265,0.0897
-7.9727,4.6376,-4.5849,-0.3047,0.2025,-0.1082,-1.1947,9.4834,0.2586,-0.0296,0.3110,0.0938
-7.9607,4.3910,-4.7669,-0.3623,0.2010,-0.1168,-1.0870,9.5050,0.0982,-0.0468,0.3760,0.0612
-8.0948,4.3455,-4.6064,-0.3830,0.1303,-0.0963,-1.3695,9.4140,0.0192,-0.1383,0.3632,0.0641
-7.8817,4.4053,-4.5993,-0.3544,0.1212,-0.0701,-1.2905,9.3901,0.1628,-0.1167,0.2675,0.0966
-7.8554,4.4772,-4.4173,-0.3577,0.1216,-0.0853,-1.2665,9.4164,0.2490,-0.0854,0.3258,0.0715
-7.9248,4.3527,-4.6040,-0.3288,0.1342,-0.0915,-1.3168,9.2727,0.3041,-0.0630,0.2874,0.0723
-7.8123,4.1444,-4.9321,-0.2727,0.1392,-0.0509,-1.2402,9.2823,-0.2203,-0.0434,0.2133,0.1110
-7.2927,4.7190,-4.4724,-0.3669,0.2856,-0.0941,-1.1205,9.2560,0.2394,-0.0751,0.1940,0.1279
-7.9559,4.2593,-4.8578,-0.2241,0.1564,-0.0386,-1.0223,9.4403,-0.0048,-0.0404,0.1132,0.1049
-7.9272,4.5921,-4.7788,-0.3088,0.1351,-0.0715,-1.1875,9.4643,0.0766,-0.0573,0.1925,0.0990
-7.7668,4.4963,-4.6064,-0.2677,0.1514,-0.0866,-1.1708,9.3877,0.0982,-0.0528,0.1909,0.0903
-7.7548,4.4652,-4.6998,-0.2226,0.1689,-0.0674,-1.0127,9.3853,0.2538,-0.0215,0.2105,0.1018
-8.0709,4.3431,-4.8602,-0.2369,0.1593,-0.0541,-1.0080,9.4810,0.1293,0.0001,0.2354,0.1268
-7.7213,4.2976,-4.9704,-0.2609,0.1817,-0.0853,-1.0008,9.3637,-0.0287,0.0127,0.3003,0.1087
-7.6088,4.2928,-4.6950,-0.2365,0.1565,-0.0428,-0.8045,9.3111,-0.0239,0.0128,0.2246,0.0895
-7.8650,4.3215,-4.8578,-0.2312,0.1118,-0.0220,-0.8236,9.4643,-0.2442,-0.0164,0.1470,0.0699
-7.7812,4.1683,-4.8578,-0.1605,0.0818,0.0213,-1.0223,9.3398,-0.3160,-0.0289,0.0778,0.1069
-7.4603,4.2329,-5.0829,-0.1311,0.0425,0.0739,-0.9625,9.3278,-0.2969,-0.0448,0.0121,0.1031
-7.4555,4.3527,-4.8626,-0.1388,0.1014,0.0556,-0.8308,9.1363,-0.2059,-0.0404,0.0977,0.1236
-7.3334,4.1803,-4.9033,0.0542,0.1238,0.1203,-0.7901,8.9663,-0.6871,0.0779,-0.0723,0.1148
-7.4340,4.5298,-5.5162,0.0119,0.1155,0.1243,-0.4932,9.5864,-0.4357,0.0300,-0.0998,0.1728
-9.3446,5.9352,-5.0901,-0.1925,0.1820,-0.0522,-0.6536,11.7938,0.6560,-0.0051,0.1553,0.1013
-10.7715,6.5721,-5.2864,-0.0424,-0.3457,-0.3075,-0.5578,13.2256,1.2833,-0.0954,-0.0285,-0.3909
-10.0221,5.5641,-5.2768,-0.0473,-0.4730,-0.4824,-0.8763,12.0476,-0.3974,-0.1555,0.0532,-0.7461
-8.4443,3.7541,-6.0549,-0.1739,-0.8917,-0.3888,-1.3862,9.8545,-1.4509,-0.5670,-0.2250,-0.8060
-7.1682,2.8084,-3.9768,-0.7087,-0.7707,-0.3824,-2.1883,7.5705,-0.3903,-0.6943,0.4425,-0.6007
-5.9089,2.6815,-2.7461,-0.2653,-0.3656,-0.0309,-1.8723,6.0980,-0.1700,-0.3659,-0.1464,-0.1579
-5.1451,2.6719,-3.4788,-0.0753,-0.2358,0.2665,-1.1995,5.6958,-0.3136,-0.2479,-0.2899,0.1603
-6.3877,3.5219,-3.0143,0.1166,0.0469,0.5176,-1.4724,6.9911,0.6201,-0.0839,-0.4217,0.4827
-7.8745,5.1068,-2.8060,0.2130,0.4090,0.4403,-1.1301,9.0764,2.1380,0.2509,-0.2100,0.5379
-8.6718,5.4468,-4.4604,0.3729,0.5073,0.2900,-0.7518,10.4555,0.8164,0.4399,-0.2481,0.4170
-8.4970,5.5162,-4.8578,0.2001,0.3890,0.1808,-0.4836,10.5321,0.6704,0.2777,-0.1187,0.3228
-8.3677,5.5976,-4.9608,0.0450,0.2990,0.0805,-0.3376,10.6494,0.2538,0.1577,0.0846,0.2197
-8.0493,5.3893,-4.8339,-0.1268,0.1667,-0.0077,-0.4310,10.1251,0.4118,0.0246,0.1408,0.0814
-7.7165,5.0925,-5.2457,-0.0917,-0.0284,0.0233,-0.3998,9.9168,-0.0694,-0.0743,-0.0849,0.0281
-7.7405,4.9392,-4.9225,-0.2058,0.0124,-0.0705,-0.5267,9.6175,-0.0359,-0.0516,0.2606,-0.0318
-7.6040,4.6902,-4.6136,-0.1623,-0.0429,-0.1018,-0.7254,9.4068,0.0479,-0.1045,0.1174,-0.0843
-8.2025,3.7469,-4.7142,-0.0561,-0.0148,-0.1140,-1.8148,9.5002,-0.6225,-0.0160,0.0470,-0.1167
-8.6574,3.7900,-5.1595,0.1406,-0.2201,-0.0405,-1.6448,10.1131,-0.4884,-0.0393,-0.3631,-0.1645
-8.5641,3.7589,-4.4580,0.1042,-0.0670,-0.1452,-1.9848,9.3781,-0.0144,0.0890,0.0344,-0.2254
-7.8530,4.1037,-4.5729,0.3204,-0.2814,0.0843,-1.4054,9.0309,-0.0599,0.0236,-0.8106,-0.1296
-7.0797,5.6503,-4.7764,0.0199,0.0025,0.4666,-0.1484,8.9399,0.6297,0.0281,-0.1164,0.0810
-5.8706,6.6343,-4.6591,0.1520,-0.1260,0.9280,1.9225,8.5665,1.6017,0.0089,-0.4924,0.1390
-4.7429,6.6702,-4.5442,-0.1452,0.1498,0.0646,1.8100,8.7269,0.7877,0.0268,0.0368,0.0909
-6.5649,6.2345,-4.8626,-0.1875,0.1653,-0.0104,0.4764,9.5696,0.6369,0.0153,0.0422,0.1194
-6.7086,5.5809,-5.2002,-0.3516,0.2326,-0.0931,0.2131,9.4906,-0.0168,0.0207,0.3135,0.0105
-6.9695,4.8291,-5.1356,-0.2366,0.2288,-0.0745,-0.8428,9.0908,-0.7183,0.0233,0.2859,-0.1073
-7.1587,4.4125,-5.2936,-0.1919,0.3042,-0.0015,-1.2163,9.0908,-1.1037,0.0926,0.3740,-0.0354
-7.7740,4.6208,-5.1427,-0.3635,0.1811,0.5473,-1.7621,9.2632,-0.7135,0.1075,0.1704,0.0671
-7.1204,5.0757,-4.8890,0.1123,0.0540,0.4810,-1.7621,9.7588,-0.6488,0.1327,-0.1659,0.0441
-7.5130,5.5234,-5.7772,0.0314,0.1839,0.1335,-1.2881,9.9407,-0.5435,0.1488,-0.1978,-0.0286
-7.7859,5.7030,-5.0542,-0.1346,0.2142,0.1713,-1.3934,10.0102,-0.7901,-0.0910,0.0277,-0.1704
-7.2161,6.0956,-5.1882,0.0191,0.1787,0.3084,-1.1684,9.8833,0.0024,0.0104,-0.1635,0.1262
-6.2728,6.4404,-5.8107,-0.0437,0.1006,0.1913,-0.0862,10.0269,-0.4717,-0.0819,-0.1865,0.0362
-6.3949,6.5769,-5.6455,-0.0637,0.1009,0.1007,0.0694,10.1418,-0.2921,0.0385,0.1198,-0.0982
-6.3542,6.3518,-5.4229,-0.0222,0.0091,-0.0065,-0.8715,9.7492,-0.0168,-0.1172,0.1025,-0.4197
-6.7157,5.9951,-5.5833,-0.0465,-0.0003,0.0043,-1.2665,9.7109,-0.9002,-0.1404,0.1107,-0.2645
-6.6846,5.8395,-5.4612,-0.1468,0.0176,0.0426,-1.4293,9.3182,-0.3496,-0.5316,-0.0742,-0.5176
-6.6391,6.0765,-5.2840,-0.2154,0.0276,0.0602,-2.1452,9.2344,0.4717,-0.3400,0.1102,-0.1956
-6.3877,6.2848,-5.3870,-0.1348,0.0192,0.1287,-1.3934,9.5912,0.0263,-0.0384,0.0246,0.1511
-6.3351,6.4045,-5.5138,-0.1737,-0.0444,0.0564,-1.5874,9.6127,0.0742,0.0490,0.0059,0.2801
-6.4835,6.7109,-5.6383,-0.1895,-0.1972,0.0052,-0.7973,9.9958,-0.0096,-0.0954,-0.1487,0.1857
-6.5003,7.1251,-5.3630,-0.2300,-0.2999,-0.1246,-1.2091,10.2041,0.4214,-0.1399,0.0450,0.0722
-6.9168,6.8809,-5.1595,-0.3368,-0.2402,-0.2678,-0.8045,10.2975,0.0359,-0.3014,-0.0268,-0.1332
-6.9911,6.4500,-5.0015,-0.3467,-0.3952,-0.2890,-1.2617,9.8354,0.0934,-0.3708,0.0221,-0.1957
-6.8235,5.7844,-4.3479,-0.3244,-0.3088,-0.2890,-1.5275,8.9950,0.2825,-0.3146,0.1608,-0.3018
-6.4045,5.3199,-3.7326,-0.2822,-0.1091,-0.2336,-1.6496,8.1235,0.5291,-0.1446,0.2177,-0.0922
-6.1603,5.0661,-4.1276,-0.1470,-0.0995,-0.0769,-1.4533,7.9176,-0.0311,-0.1653,-0.0827,-0.0683
-5.7940,5.0637,-3.6799,-0.0228,-0.0172,0.1063,-1.5323,7.6351,0.1700,-0.0402,-0.0837,0.0807
-6.1651,5.0613,-3.9169,0.0645,0.0685,0.2497,-1.6400,7.8889,0.1030,0.0061,-0.1094,0.2269
-6.3901,5.9544,-4.2018,0.1232,0.2102,0.3267,-1.2402,8.7795,0.7422,0.1223,-0.2265,0.4425
-6.1579,6.8642,-4.2162,0.0654,0.2825,0.2174,-0.4573,9.4403,1.3743,0.1344,-0.1651,0.4029
-6.2608,6.8761,-5.0015,0.3042,0.2922,0.0967,-0.2729,9.7947,0.4908,0.4078,-0.0278,0.2026
-6.3351,6.5194,-5.2792,0.1104,0.2999,-0.0124,-0.6776,9.6965,0.0431,0.2671,0.3174,0.1336
-7.0916,6.3039,-5.6431,-0.0373,0.3047,-0.0167,-1.0918,9.6654,-0.1700,0.1144,0.1952,0.2342
-6.8067,6.3446,-5.0829,-0.1216,0.1892,0.0939,-0.9720,9.7348,-0.0215,0.0115,0.0632,0.3163
-6.3446,6.5984,-5.3726,-0.1034,0.1179,0.1295,-0.3807,9.8426,0.0239,-0.0484,-0.0729,0.3154
-6.2201,6.6535,-5.6814,-0.1218,0.1275,0.0682,0.0144,9.9072,-0.0503,0.0079,0.0991,0.1821
-6.0956,6.3901,-5.5761,-0.1442,0.0621,-0.0148,-0.1628,9.6965,-0.2514,-0.0440,0.1372,0.0762
-6.1411,6.3398,-5.3367,-0.1025,0.0128,-0.0103,-0.7925,9.2943,0.4142,-0.0585,0.1379,0.1611
-5.9304,6.4356,-5.4229,-0.0819,0.0288,-0.0073,0.0072,9.6702,-0.4118,0.0152,-0.1070,0.3339
-6.1794,6.3662,-5.3367,-0.1711,0.0618,-0.0286,-0.2131,9.4619,0.0599,0.0241,0.1632,0.2573
-6.2680,6.2728,-5.3415,-0.1524,0.0632,0.0107,-0.0814,9.5265,-0.1628,0.0336,0.0193,0.4399
-6.3829,6.2944,-5.5881,-0.1364,0.0401,-0.0091,0.6776,9.7372,-0.5674,0.1047,0.0317,0.5506
-6.3303,6.4356,-5.7940,-0.0939,0.0173,0.0131,1.3120,10.1682,-1.3719,0.1338,0.0915,0.2682
-6.4955,6.6726,-5.8419,-0.1625,-0.1715,-0.0404,0.8021,10.3932,-0.7973,-0.1661,-0.0481,-0.0410
-7.0198,6.9001,-6.2106,-0.2212,-0.5192,-0.1852,0.9218,11.1378,-1.1085,-0.4734,-0.1753,-0.2986
-6.7876,6.9216,-5.5761,-0.4443,-0.7462,-0.3976,0.7087,10.4555,0.4262,-0.6161,-0.0522,-0.3369
-6.4715,6.3542,-4.5322,-0.4740,-0.6991,-0.5696,0.4980,9.4643,0.0694,-0.5401,0.0501,-0.4899
-5.9089,5.7150,-4.1707,-0.7348,-0.8088,-0.4389,0.1556,8.2456,0.7063,-0.4576,0.0741,-0.4434
-4.3024,5.2313,-2.9305,-0.3882,-0.3202,-0.6422,0.3041,7.4699,1.0965,-0.0124,0.1288,-0.2622
-7.0605,5.1475,-2.7438,0.6820,0.8351,-1.4009,-0.4788,7.8506,0.0311,0.2382,0.2182,0.0125
-7.5417,4.8339,-3.0646,0.8852,0.1263,-0.6892,-0.6393,8.4755,0.5411,0.1836,-0.1656,0.1529
-7.9895,5.0254,-4.2162,0.8112,0.0622,-0.2939,-0.0646,9.7061,0.8643,0.2286,-0.2421,0.4966
-8.1475,5.0159,-5.2146,0.6293,0.1924,-0.3659,0.6249,10.0365,0.6249,0.2670,-0.0312,1.1958
-8.4276,4.6902,-5.1427,0.2681,0.0951,-0.2064,2.5857,10.0485,-0.0263,0.5594,0.2205,1.0375
-8.0373,4.4508,-5.0589,0.0436,0.0144,-0.2008,2.7749,9.7899,-0.6177,0.1945,0.1332,0.5312
-8.0349,4.1899,-4.9584,-0.0554,-0.0316,-0.2637,1.3216,9.6391,-0.7326,0.0572,0.2193,0.1659
-7.9033,4.0677,-5.1811,-0.1290,-0.1927,-0.3333,1.9776,9.6343,-0.8236,-0.1003,0.0798,0.2523
-8.4156,3.6679,-5.0159,-0.0394,-0.1103,-0.3480,1.7909,9.4715,-0.4334,-0.1069,-0.0053,0.2902
-8.2600,3.7781,-4.8291,-0.0565,-0.0592,-0.3365,1.8842,9.4092,-0.4884,-0.0713,0.0713,0.1675
-8.2696,3.3710,-4.7716,-0.0881,-0.0983,-0.2831,2.4397,9.3254,-0.7494,-0.0157,0.1651,0.4826
-8.0278,3.3902,-5.0901,0.0930,-0.2494,-0.1583,2.3918,9.2440,-0.2059,-0.2230,-0.1096,0.2968
-8.7077,3.3040,-4.8171,-0.2062,-0.0337,-0.2053,3.2250,9.3494,-0.4884,-0.1483,0.2533,0.3754
-8.5521,3.3902,-4.8674,-0.0217,-0.1078,-0.0340,2.9856,9.3589,-0.2682,0.0360,-0.0390,0.1247
-8.5832,3.4093,-4.6735,-0.2579,-0.0201,-0.1170,3.1125,9.2775,-0.0814,0.2717,0.3575,0.1681
-8.0206,3.3854,-4.7477,-0.2122,-0.1588,-0.1531,3.0311,9.2656,-0.9122,0.3788,0.2948,-0.0442
-8.4348,3.1819,-4.6424,-0.1328,-0.0823,-0.1721,2.6863,9.3182,-0.6776,0.1422,0.0767,0.1555
-8.6167,3.0789,-4.7429,-0.1005,-0.0935,-0.1763,2.6959,9.2464,-0.9529,0.1568,0.1311,0.1671
-8.8155,2.9185,-4.5083,-0.1716,-0.1100,-0.2790,2.9880,9.3182,-1.1444,0.0047,0.1108,0.1723
-8.6622,3.1149,-4.5203,-0.2096,-0.2561,-0.0958,3.1603,9.3254,-0.9792,-0.1891,0.0612,-0.1171
-8.8705,2.5618,-3.9959,-0.2394,-0.3797,-0.0195,4.0654,9.1530,0.1269,-0.3966,-0.0549,-0.2978
-8.7819,2.8683,-4.4915,-0.3970,-0.2152,-0.0630,2.4636,9.1243,-0.2801,-0.7462,-0.1781,-0.3168
-9.0549,2.9760,-3.9409,-0.1503,-0.1085,0.1087,1.8938,9.0046,0.6345,-0.5761,-0.0717,-0.0505
-8.4060,2.9712,-3.7565,-0.1456,-0.1178,0.1070,2.0638,8.8849,0.5986,-0.3862,-0.0422,0.0938
-8.7724,2.9018,-3.8188,-0.1540,-0.1240,0.0131,2.7581,9.0668,0.7901,-0.5092,-0.0009,0.4301
-8.7364,3.0454,-3.7685,-0.1470,-0.0286,-0.0031,2.3655,9.2656,0.3352,-0.4102,0.1455,0.5107
-8.8969,3.0095,-3.7900,-0.1518,-0.0554,0.0244,3.1699,8.8777,0.8356,-0.3949,0.0402,0.6638
-8.9136,3.1723,-3.5602,-0.1519,-0.0089,0.0119,3.3567,9.0453,0.2993,-0.3655,0.1418,0.3557
-8.8609,3.0454,-3.3016,-0.2282,0.0783,-0.0109,3.9265,8.5569,1.3336,-0.1062,0.1328,0.3202
-8.7652,2.9736,-3.6176,-0.1560,-0.2013,0.0498,3.1627,8.4443,1.8004,-0.3078,0.1087,0.1410
-8.9112,3.1771,-3.5386,-0.1551,-0.1162,0.0962,4.0270,8.5976,1.2594,-0.2995,0.0434,0.1195
-8.5329,3.2465,-3.7302,-0.2153,-0.1059,0.0674,3.6488,8.3534,1.8028,-0.1982,0.1058,0.1139
-8.7652,3.3567,-3.2370,-0.1194,-0.0462,0.0794,3.9073,8.4827,1.5538,-0.2097,0.0404,0.0729
-8.6335,3.2154,-3.3950,-0.0717,-0.0598,0.0851,3.7493,8.3965,1.7142,-0.0296,0.1921,-0.1235
-8.5688,3.6057,-3.2537,-0.1286,-0.0101,0.0370,3.8954,8.4587,1.6257,0.0867,0.1155,0.0882
-8.6479,3.5626,-3.1101,-0.1532,-0.1524,0.0596,3.7948,8.3055,1.9824,0.0454,0.1127,0.0596
-8.6431,3.4764,-3.4572,-0.1371,-0.0849,-0.0139,4.4197,8.4132,1.8435,0.1160,0.1390,-0.1733
-8.7340,3.4117,-3.1436,-0.0925,-0.1375,0.0386,2.8683,8.4539,1.7789,-0.0858,0.1857,-0.1820
-8.8250,3.3495,-2.9616,-0.0325,0.1796,0.0073,3.5314,8.6886,1.4174,0.0679,0.1346,0.0087
-8.8322,3.4860,-3.3902,-0.0723,-0.0033,0.0981,3.3950,8.5281,1.5850,-0.0215,-0.0396,-0.1667
-8.7245,3.4429,-3.3184,-0.0004,0.0743,0.1112,3.3184,8.6574,1.4653,0.1876,0.0348,-0.1553
-8.4372,3.4860,-3.3950,0.0001,0.0187,0.1030,3.1771,8.5976,1.9106,0.0689,-0.1484,0.0330
-8.5497,3.7373,-3.1580,0.0209,0.0945,0.1079,3.4189,8.5784,2.0446,0.1186,-0.1236,-0.0128
-8.5353,3.7086,-3.5937,-0.0494,0.1835,0.0560,3.3184,8.6503,1.0630,0.2443,0.0236,0.0472
-8.3486,3.6919,-3.6440,-0.0144,0.1363,0.0817,3.7445,8.6838,1.0942,0.1210,-0.0352,0.0674
-8.5545,3.7804,-3.6679,-0.0807,0.1003,0.0658,3.2465,8.8298,0.7111,0.0508,0.0837,0.0215
-8.4372,3.8475,-3.5674,-0.0857,0.1350,0.0561,3.8140,8.7317,1.2282,0.0636,0.0244,0.0048
-8.4396,3.9385,-3.6655,-0.0847,0.0525,0.0336,3.3232,8.7340,1.1779,0.0312,-0.0401,-0.0268
-8.4970,4.0510,-3.9049,-0.0855,-0.0023,0.0310,3.9145,8.8466,0.8260,0.0445,-0.1188,-0.2934
-8.5377,3.9480,-4.1132,-0.4155,-0.3519,0.3199,4.1946,9.0644,0.1508,-0.4283,-0.5973,-1.7395
-9.3685,3.6607,-3.7828,0.0529,0.0654,0.5419,1.0750,8.7532,1.9561,0.0314,-0.7669,-1.4998
-7.2329,4.8052,-2.9760,-0.0080,0.2354,0.7794,2.6312,9.2057,0.3903,-0.0669,-0.2021,-0.8664
-6.4859,3.9863,-5.4612,0.4037,-0.0175,0.7951,0.6225,9.5672,0.6081,0.1027,-0.3822,-1.0090
-7.7405,4.9344,-3.9840,-0.2281,-0.1255,0.1793,0.4381,9.5457,0.2370,-0.2345,-0.0477,-0.5704
-8.3127,4.8626,-3.1843,-0.0302,-0.2097,0.3882,0.0886,9.8162,0.6057,-0.2665,-0.4089,-0.7562
-7.3239,5.2529,-4.7166,0.0061,-0.2368,0.0754,0.4573,9.5241,1.0247,-0.1504,-0.3088,-0.5806
-7.6902,5.3295,-3.8810,-0.1131,-0.3096,0.2204,0.0000,9.0644,1.5131,-0.2822,-0.1565,-0.6470
-7.7117,5.5905,-3.0143,-0.0633,-0.2571,0.6001,-0.1173,9.0788,1.2354,-0.1973,-0.2132,-0.4763
-6.9935,5.8826,-3.5865,-0.0128,-0.2398,0.7999,-0.6728,8.8705,1.5443,-0.1797,-0.2698,-0.3647
-6.0597,5.8754,-2.3032,-0.3364,-0.1154,0.3465,0.9792,9.0046,0.7973,-0.0092,-0.0578,0.5496
-6.3734,5.8538,-2.7461,-0.1135,-0.0151,0.0326,0.1437,8.4348,1.4940,-0.1218,-0.0245,0.0634
-6.2920,5.9137,-2.8395,-0.2028,0.1267,-0.2555,-0.0192,8.4659,1.4940,0.0089,0.0633,0.2505
-5.8251,5.7844,-2.8659,-0.1960,0.0905,-0.5962,-0.4717,8.5162,1.9106,0.0207,0.1943,0.3130
-7.8626,6.2465,-3.3399,-0.0506,-0.0911,-0.4406,0.9912,9.7540,1.6855,0.1009,-0.0290,1.0328
-7.4101,6.6463,-4.1372,-0.0025,-0.1306,-0.6821,4.2425,9.9503,1.4653,0.1515,-0.1294,0.5064
-8.1163,5.7461,-4.0630,0.0969,0.0677,-1.3382,3.7565,9.3685,1.0654,0.6211,0.8344,0.8027
-9.1147,3.3351,-3.7326,0.0757,0.0205,-1.5859,2.0207,9.3230,-0.8667,0.7686,0.7051,0.1970
-8.7221,1.9321,-2.9951,0.0438,-0.2774,-1.0477,1.2977,8.9519,-0.0599,0.4028,0.2286,-0.0089
-9.2201,2.3846,-3.3112,-0.1392,-0.4664,-0.4326,1.3455,9.5074,-0.8356,-0.2767,0.0597,-0.5424
-9.3278,2.5642,-2.6384,-0.2366,-0.3307,-0.1789,1.3288,9.5241,1.3096,-0.1872,0.1849,-0.3086
-9.3948,2.2984,-1.7813,-0.2349,-0.0935,-0.0553,-0.5531,9.2799,0.3807,-0.1295,0.1948,-0.2513
-8.7987,2.5474,-3.4261,-0.1168,0.1143,0.0978,1.0271,9.1291,-0.2873,-0.1482,0.0914,0.0863
-8.8466,2.6911,-3.1125,-0.2100,0.0180,0.1304,1.4293,9.2129,-0.2131,-0.2014,0.0849,0.0675
-8.7939,2.4852,-2.3080,-0.1246,0.0195,0.2394,0.7302,8.9112,0.3136,-0.2431,-0.0329,-0.0398
-8.7652,2.1476,-2.3774,-0.2088,0.1475,0.4461,0.1006,8.7915,-0.0694,-0.3222,-0.0518,-0.2751
-8.1379,2.7485,-2.3966,-0.3239,0.5514,0.5905,0.3711,8.1977,0.7470,-0.0782,-0.1244,0.4485
-8.1547,4.2928,-3.6105,-0.5248,0.6105,0.5153,2.4181,9.3398,0.9361,-0.1923,0.0097,0.1063
-8.8202,5.0661,-3.3232,-0.6857,0.6231,0.3176,2.7916,9.9335,1.5012,0.0147,0.5379,0.1928
-8.9040,4.9416,-3.4692,-0.1933,0.3832,0.3007,2.6360,10.1754,0.7853,0.0007,-0.1271,-0.2918
-8.8753,4.2952,-3.1843,-0.0616,0.1787,0.0889,0.7063,9.8928,1.0175,0.0069,-0.0646,-0.5792
-8.3821,4.2186,-2.2122,0.1569,0.1071,0.1338,0.3065,9.2201,1.0080,0.0741,-0.5007,-0.6534
-7.5010,4.4436,-3.1603,0.4878,-0.0642,0.0449,1.4198,8.8298,1.7382,0.2920,-0.6704,-0.0073
-8.3342,3.7014,-3.4500,0.2926,0.1047,-0.1821,-0.1915,9.1028,0.8332,0.3607,-0.1066,-0.2106
-9.5984,3.1627,-3.8331,0.4723,0.3644,0.0312,-1.3551,9.9958,-0.4669,0.4790,-0.3349,0.1274
-9.5409,3.0933,-4.2904,0.1240,0.1771,0.2690,-1.1660,9.9695,-0.0263,0.0445,-0.2490,0.3200
-8.4013,4.3646,-3.6224,0.4660,-0.1380,0.6949,0.9481,9.7109,-0.2969,-0.1280,-0.9226,0.6411
-7.2329,5.4492,-5.9376,0.3629,-0.4419,0.6057,3.7876,9.7085,-0.5124,-0.4465,-0.6135,0.4198
-6.8594,5.8897,-5.3798,-0.3191,-0.3328,0.3644,3.4093,9.3781,-0.1149,-0.5825,0.0594,0.0786
-6.9504,5.4205,-5.1356,-0.4277,-0.0180,0.0520,2.7461,9.0932,0.5267,-0.3002,0.5388,0.0663
-7.2999,4.9919,-4.5993,0.2237,0.1986,0.0890,1.8531,8.8035,0.2251,0.0658,-0.3184,-0.1174
-6.7947,5.3151,-6.3470,0.2491,0.2447,0.1355,2.7533,8.9926,-0.5794,0.1879,-0.3493,0.1171
-6.0717,5.9161,-6.7421,0.0629,0.2912,0.1095,4.6448,9.4643,-1.8292,0.0624,-0.1047,0.1268
-6.3949,5.9855,-7.2377,0.0937,-0.0072,0.0618,4.2090,9.6343,-0.9529,-0.0440,-0.2815,-0.2152
-6.3758,6.2560,-7.2520,-0.3665,-0.0689,0.0100,4.6902,9.7827,-1.1827,-0.0758,0.1368,-0.1271
-6.0621,6.1962,-5.0494,-0.3717,-0.2260,-0.1715,3.3471,9.0668,0.7111,-0.1018,0.2070,-0.4561
-6.4859,5.6767,-5.2984,-0.1346,-0.3464,-0.3347,2.8898,9.3518,-0.8835,-0.2349,-0.0105,-0.5793
-7.5633,5.1404,-3.9504,-0.3496,-0.3223,-0.4326,0.8140,8.9567,1.2139,-0.2081,0.5401,-0.5830
-8.3366,4.8435,-4.0893,-0.3916,-0.3071,-0.2352,0.6895,9.5912,0.2801,-0.3808,0.1895,-0.5850
-7.7237,5.1427,-3.3639,-0.2122,-0.2967,-0.3325,-0.8523,9.1339,1.5251,-0.0076,0.4646,-0.0782
-8.1570,4.8961,-2.4421,0.1276,-0.0941,-0.6546,0.2634,9.7133,1.2929,0.1941,0.4778,0.0356
-8.2241,3.9385,-3.8211,-0.0743,-0.3611,-0.7083,1.1564,9.4954,0.2801,-0.2069,-0.2731,-0.1082
-8.4348,3.3160,-3.6583,-0.0081,-0.5124,-0.4990,-0.6321,9.2680,-0.0263,-0.1440,-0.0171,-0.5393
-8.3989,2.8299,-2.5690,-0.2455,-0.4277,-0.4890,-1.3431,8.6838,1.4413,-0.2125,0.4791,-0.2192
-8.6167,2.7222,-1.9154,-0.2101,0.2028,-0.5820,-1.2977,8.6335,1.4940,0.1720,0.5352,0.7304
-9.1243,2.9640,-2.5594,-0.3321,0.3280,-0.4599,-0.3903,8.7484,1.5275,0.3604,0.7468,1.2630
-9.8881,2.6336,-2.0351,-0.2559,0.2634,-0.1876,-0.7230,10.0413,0.1173,0.3521,0.6635,0.8847
-9.9383,1.2857,-3.6440,0.1043,-0.2836,0.0234,-0.8475,10.1370,-1.2977,-0.3377,-0.0111,-0.1928
-9.4715,1.6448,-3.3327,0.1739,-0.1908,0.1612,-0.2825,9.7707,-0.7015,-0.2662,-0.2733,-0.1370
-8.7029,2.6695,-2.8371,0.1134,-0.2979,0.2174,0.0551,9.0812,0.6393,-0.3309,-0.1327,-0.0466
-7.6567,3.1580,-3.2394,0.5462,-0.1191,0.2060,1.9417,8.9902,0.9720,-0.0488,-0.8232,0.0462
-8.8633,3.6847,-3.7493,0.5765,-0.1114,0.1119,1.9417,9.4930,0.8212,-0.0388,-0.6348,0.0185
-8.5162,4.3838,-3.7350,0.3944,-0.3287,0.2365,1.7837,9.2009,1.4413,-0.1933,-0.4006,0.0999
-8.0804,5.1882,-3.3543,0.2364,-0.2021,0.1684,3.1771,9.0644,1.4724,-0.2924,-0.4086,-0.0249
-7.4555,5.5809,-3.0167,-0.0365,-0.3523,0.1458,3.1484,8.3653,3.1220,-0.2972,-0.1116,-0.0598
-7.5322,5.0996,-2.3104,-0.2328,-0.0545,-0.1264,2.3176,8.3821,2.8252,-0.0155,0.1559,-0.1647
-8.3989,4.0917,-2.2745,-0.4365,0.2237,-0.2169,0.9026,8.7269,2.2889,0.2434,0.5065,-0.0385
-8.5449,3.3423,-3.3878,-0.4135,0.1644,-0.1840,1.3168,9.2009,0.4525,0.1384,0.3307,-0.0228
-9.7444,2.4277,-3.6655,-0.4096,0.3042,-0.1831,0.2298,10.1227,-0.1389,0.1897,0.4763,-0.0329
-9.9000,0.9649,-4.4867,0.1179,0.2170,-0.1271,-0.5650,10.4363,-2.1213,0.2986,-0.1438,-0.0823
-8.9830,0.8236,-5.4253,0.3519,0.0100,-0.0518,0.1030,9.9599,-3.2010,0.0453,-0.2723,-0.1082
-8.5856,2.1739,-4.0007,0.4171,-0.2689,0.0955,0.3328,9.2775,-0.4214,-0.1689,-0.4895,-0.0926
-8.2097,4.1300,-2.7677,0.1724,-0.2522,0.1207,1.3671,8.7724,1.7095,-0.2437,-0.2663,-0.0436
-7.8266,5.4564,-1.9944,-0.0067,-0.1335,0.0857,2.1787,8.4994,3.3926,-0.1828,-0.1307,-0.0036
-8.1906,5.4444,-2.0853,-0.2438,0.1098,-0.0249,1.7693,8.8418,3.1196,-0.0402,0.1351,0.0036
-8.2384,4.6567,-2.6193,-0.3878,0.1982,-0.0532,1.8986,9.0237,2.0949,0.1143,0.3026,-0.0180
-8.6000,3.3615,-3.4141,-0.4281,0.1472,-0.0758,1.0295,9.4044,0.4764,-0.0064,0.3174,-0.1736
-9.6462,1.9752,-3.7326,-0.2487,0.2908,-0.1901,-0.3639,10.1897,-0.5291,0.2214,0.2370,-0.1741
-9.7037,0.3496,-5.5737,0.3509,0.2629,-0.0909,-0.8140,10.3477,-3.2298,0.3088,-0.3163,-0.1226
-9.0621,1.4676,-5.0087,0.3729,-0.1331,0.1336,-0.1915,9.9072,-2.1069,-0.1428,-0.3625,-0.0260
-8.3007,3.0382,-3.9002,0.1204,-0.2947,0.2395,0.7302,9.0046,0.0814,-0.3897,-0.2232,-0.0316
-8.5114,4.0773,-2.5857,0.2621,-0.2166,0.3645,0.8428,8.9016,1.7406,-0.3375,-0.5676,0.0779
-8.4372,4.2832,-3.0981,0.0878,-0.1624,0.4113,0.9960,9.0573,1.7980,-0.3780,-0.2878,0.1831
-8.1307,4.4436,-3.2417,0.0099,0.0067,0.3531,1.4796,9.0405,1.6592,-0.2273,-0.2559,0.2249
-7.9057,4.8219,-3.1891,-0.0949,0.0838,0.1114,2.1835,9.1459,1.9968,-0.0589,-0.0546,0.0874
-8.2193,4.4269,-3.5243,-0.0300,0.1352,-0.0782,1.7549,9.4044,1.3503,0.1176,0.0232,-0.0593
-8.6095,3.7589,-3.8786,-0.0570,0.1356,-0.1491,1.1995,9.5816,0.3903,0.1637,0.0548,-0.1291
-8.6550,3.5051,-3.8547,-0.1374,-0.0400,0.0438,0.9433,9.5074,0.3807,-0.1122,-0.0080,-0.0294
-8.7652,3.7110,-3.8547,-0.1925,-0.0709,0.0352,0.7949,9.7588,0.7661,-0.1506,0.0624,0.0139
-8.5473,4.0677,-3.4931,-0.2301,-0.0955,0.0095,1.2306,9.4786,1.0870,-0.1625,0.0637,0.0007
-7.7285,5.0613,-3.0957,-0.4254,-0.0734,-0.1752,2.0877,8.6886,2.6671,-0.0917,0.3540,-0.1010
-8.1738,4.2784,-3.0382,-0.4678,0.2855,-0.4282,1.2234,8.8945,1.5227,0.2501,0.6133,-0.2013
-8.6407,3.1987,-4.3598,-0.6816,0.2000,-0.4290,0.6752,9.5648,-0.7111,0.0663,0.8371,-0.2154
-9.1411,2.1835,-3.5650,-0.5485,0.1360,-0.2591,-0.8332,9.4475,-0.4669,0.0398,0.5389,-0.0516
-9.9096,0.6608,-4.7214,0.0644,0.3127,0.0005,-1.4748,10.3525,-2.8515,0.1768,0.0029,-0.0542
-10.0604,1.6281,-5.0829,0.3174,-0.3451,0.2763,-0.4429,11.0014,-2.0877,-0.4303,-0.5036,-0.0540
-9.8737,3.7924,-3.2968,0.0683,-0.5832,0.1755,-0.1508,10.5872,1.9537,-0.5696,-0.3994,-0.1692
-9.8019,5.7964,-1.5179,0.1569,-0.4481,-0.0228,1.2713,10.2448,4.1994,-0.2918,-0.4739,-0.2934
-8.4755,5.7317,-2.2338,-0.0937,-0.3180,-0.3166,1.5850,9.3829,3.2777,-0.1211,0.0446,-0.4317
-7.7979,4.9009,-2.5067,-0.1621,-0.2574,-0.3717,1.1971,8.6814,2.2218,-0.0437,0.1340,-0.4299
-7.4268,4.0749,-2.9832,-0.4191,-0.3054,-0.3289,0.7518,7.6998,1.5850,-0.1119,0.4674,-0.3267
-6.8498,2.8874,-2.3870,-0.5897,0.1636,-0.2450,-0.0096,6.9264,0.3663,0.0053,0.6976,-0.1179
-6.8139,1.5850,-3.5506,-0.7302,0.2182,0.1049,-0.9385,6.8953,-0.2921,-0.1518,0.6343,0.2922
-7.1682,1.1205,-2.0782,-0.4494,0.6682,0.3194,-1.5802,7.0557,-0.7638,0.1025,0.4591,0.4411
-7.8123,0.3879,-5.3989,0.5400,0.4731,0.6327,-1.3336,8.6766,-3.8451,0.1404,-0.7071,0.5413
-9.4906,1.2306,-5.0733,0.9241,0.5728,0.7858,-0.9553,10.5225,-2.6049,0.3244,-0.7051,0.5513
