-3.7661,0.8523,7.2927,-0.0584,-0.0127,-0.0067,-5.9448,-5.5641,3.7781,-0.0480,-0.0048,-0.0199
-3.9097,0.8930,7.0701,-0.0600,-0.0001,-0.0203,-5.8778,-5.5330,3.6966,-0.0385,-0.0108,-0.0017
-3.7350,0.8404,7.2760,-0.0987,-0.0176,-0.0129,-5.9544,-5.5115,3.5865,-0.0608,0.0127,-0.0065
-3.8595,0.8499,7.3310,-0.0649,-0.0127,-0.0063,-6.0023,-5.5976,3.7397,-0.0386,-0.0047,0.0031
-3.7948,0.8978,7.2065,-0.0761,-0.0084,0.0185,-5.9640,-5.5426,3.6416,-0.0396,0.0036,0.0276
-3.6943,0.8499,7.2760,-0.0474,-0.0272,-0.0087,-5.9376,-5.4540,3.7182,-0.0246,-0.0163,0.0153
-3.7230,0.9218,7.1970,-0.0999,-0.0350,-0.0033,-5.8993,-5.4181,3.6416,-0.0484,-0.0043,-0.0093
-3.6751,0.8595,7.1443,-0.1003,0.0088,-0.0473,-5.9568,-5.4564,3.8068,-0.0536,0.0221,-0.0183
-3.8762,0.8715,7.2520,-0.0863,-0.0234,-0.0286,-6.0645,-5.5976,3.6607,-0.0576,0.0230,-0.0193
-3.8403,0.8236,7.1587,-0.0678,0.0100,-0.0105,-6.0956,-5.6407,3.7589,-0.0553,0.0119,-0.0008
-3.6823,0.8428,7.3646,-0.0769,-0.0386,0.0175,-5.9975,-5.5833,3.5865,-0.0502,-0.0160,0.0077
-3.7661,0.8739,7.3143,-0.0516,0.0168,0.0053,-6.0478,-5.5474,3.6655,-0.0460,0.0199,0.0172
-3.8810,0.8619,7.1778,-0.0588,0.0009,0.0089,-5.9807,-5.4851,3.5291,-0.0326,0.0003,0.0169
-3.7613,0.9577,7.0461,-0.0751,-0.0356,-0.0137,-5.9113,-5.4133,3.6152,-0.0289,-0.0222,-0.0027
-3.6871,0.8547,7.0629,-0.1050,-0.0425,-0.0418,-5.8993,-5.4420,3.8355,-0.0494,-0.0045,-0.0344
-3.7972,0.8356,7.2688,-0.0775,-0.0015,-0.0446,-6.0262,-5.6216,3.8020,-0.0493,0.0242,-0.0388
-3.9025,0.8811,7.1658,-0.0893,-0.0073,-0.0273,-5.9999,-5.5857,3.6631,-0.0504,0.0151,-0.0181
-3.8259,0.8092,7.2616,-0.0649,-0.0193,-0.0152,-6.0382,-5.6288,3.6751,-0.0390,0.0001,-0.0025
-3.8044,0.7973,7.2065,-0.0614,-0.0207,0.0020,-5.9999,-5.6216,3.7350,-0.0486,-0.0097,-0.0017
-3.8020,0.8739,7.3382,-0.0801,0.0007,0.0153,-5.9376,-5.5138,3.6440,-0.0462,-0.0139,0.0211
-3.7972,0.8739,7.2951,-0.0754,-0.0168,0.0123,-5.8802,-5.4229,3.6464,-0.0497,-0.0204,0.0111
-3.7565,0.8595,7.1706,-0.0851,-0.0179,-0.0196,-5.8921,-5.4947,3.7900,-0.0385,-0.0179,-0.0051
-3.8044,0.8523,7.2305,-0.0857,0.0008,-0.0276,-5.9137,-5.5378,3.7637,-0.0453,0.0172,-0.0075
-3.8116,0.8859,7.1275,-0.0699,-0.0092,-0.0377,-5.9735,-5.5258,3.6679,-0.0440,0.0028,-0.0236
-3.8307,0.8332,7.1395,-0.0882,-0.0314,-0.0281,-6.0071,-5.5809,3.7182,-0.0458,0.0144,-0.0276
-3.8858,0.8619,7.1850,-0.0745,-0.0101,-0.0163,-5.9664,-5.5043,3.7110,-0.0462,-0.0003,-0.0092
-3.8978,0.8356,7.2281,-0.0761,-0.0048,-0.0212,-5.9711,-5.6192,3.7828,-0.0457,0.0061,-0.0052
-3.7661,0.8811,7.1012,-0.0754,-0.0169,-0.0031,-6.1052,-5.5761,3.6943,-0.0422,0.0067,0.0123
-3.8331,0.8499,7.2329,-0.0624,-0.0145,-0.0085,-6.0190,-5.5282,3.7038,-0.0416,-0.0051,-0.0012
-3.7421,0.8547,7.2353,-0.0714,-0.0087,-0.0107,-5.9520,-5.5019,3.5674,-0.0386,0.0136,0.0075
-3.8642,0.8906,7.0461,-0.0867,-0.0075,-0.0284,-5.9927,-5.5306,3.5937,-0.0472,0.0059,-0.0133
-3.8235,0.9218,7.1491,-0.0919,-0.0225,-0.0169,-5.9855,-5.5258,3.6895,-0.0501,-0.0093,-0.0056
-3.6679,0.8906,7.0916,-0.0806,-0.0057,-0.0220,-6.0047,-5.6240,3.7278,-0.0464,0.0116,-0.0020
-3.7996,0.8332,7.2329,-0.0833,-0.0228,-0.0079,-6.0908,-5.5354,3.7350,-0.0476,0.0121,0.0005
-3.7733,0.8787,7.0509,-0.0637,-0.0091,-0.0140,-5.9280,-5.5641,3.7230,-0.0485,0.0043,-0.0056
-3.7517,0.8667,7.2137,-0.0815,-0.0184,-0.0201,-5.9472,-5.6072,3.7038,-0.0534,0.0064,-0.0179
-3.8571,0.8787,7.2712,-0.0565,-0.0032,-0.0071,-6.0190,-5.5115,3.6057,-0.0445,0.0029,0.0064
-3.7709,0.8380,7.2329,-0.0881,-0.0465,0.0008,-6.0094,-5.5115,3.5554,-0.0422,0.0107,-0.0115
-3.8427,0.9313,7.3358,-0.0649,0.0029,-0.0173,-5.9089,-5.5378,3.7493,-0.0414,0.0005,-0.0089
-3.8379,0.7757,7.0413,-0.0858,-0.0075,-0.0167,-6.0286,-5.5881,3.7757,-0.0462,-0.0056,-0.0123
-3.7637,0.8068,7.2425,-0.0755,0.0017,-0.0173,-6.1052,-5.6743,3.7014,-0.0469,0.0056,0.0047
-3.7972,0.8523,7.3191,-0.0486,-0.0189,-0.0048,-5.9711,-5.5450,3.7350,-0.0358,-0.0028,0.0043
-3.8523,0.9146,7.1180,-0.0626,0.0065,-0.0091,-5.9903,-5.4396,3.6895,-0.0380,0.0133,-0.0063
-3.8020,0.9290,7.1778,-0.0906,-0.0225,-0.0195,-5.8586,-5.4588,3.6392,-0.0514,-0.0081,-0.0153
-3.7206,0.8859,7.1706,-0.0811,-0.0153,-0.0280,-5.9807,-5.5498,3.7182,-0.0544,-0.0075,-0.0151
-3.8547,0.8595,7.3119,-0.0871,-0.0127,-0.0099,-6.0693,-5.5593,3.8092,-0.0494,0.0137,-0.0177
-3.9002,0.8954,7.2640,-0.0628,-0.0052,-0.0089,-5.9520,-5.6144,3.7613,-0.0421,-0.0065,0.0015
-3.8954,0.8787,7.0820,-0.0823,-0.0129,-0.0079,-5.9185,-5.5713,3.7924,-0.0314,-0.0016,0.0025
-3.7493,0.8619,7.1587,-0.0737,-0.0111,-0.0113,-5.9376,-5.4971,3.6966,-0.0405,-0.0208,0.0091
-3.8451,0.8523,7.2305,-0.0855,-0.0273,0.0011,-5.9951,-5.5186,3.5961,-0.0464,0.0193,-0.0023
-3.9121,0.8428,7.1826,-0.0997,-0.0100,-0.0035,-6.0166,-5.5761,3.6392,-0.0508,-0.0061,-0.0075
-3.8020,0.8284,7.2305,-0.0858,-0.0191,-0.0099,-6.0214,-5.5976,3.8092,-0.0516,0.0028,-0.0032
-3.9624,0.8811,7.0988,-0.0926,-0.0077,-0.0183,-6.0262,-5.6288,3.6559,-0.0373,0.0157,-0.0107
-3.8116,0.8332,7.1874,-0.0834,0.0075,-0.0021,-5.9759,-5.5282,3.6583,-0.0476,-0.0145,0.0084
-3.8475,0.7949,7.1970,-0.0597,-0.0248,0.0091,-6.0430,-5.5043,3.6990,-0.0457,-0.0033,-0.0032
-3.6464,0.9242,7.1850,-0.0930,-0.0238,-0.0003,-5.9616,-5.5498,3.6344,-0.0550,-0.0128,0.0009
-3.7709,0.8140,7.1994,-0.0782,-0.0131,-0.0173,-6.0430,-5.5522,3.6943,-0.0381,0.0043,-0.0183
-3.7326,0.8739,7.2065,-0.0770,-0.0048,-0.0075,-5.9520,-5.5569,3.6823,-0.0472,0.0028,-0.0059
-3.8499,0.8021,7.2353,-0.0731,-0.0129,-0.0302,-5.9233,-5.5761,3.6368,-0.0422,0.0029,-0.0167
-3.8020,0.8787,7.1539,-0.0622,-0.0213,-0.0113,-5.9951,-5.6168,3.6488,-0.0457,-0.0063,-0.0087
-3.7158,0.8428,7.1970,-0.1046,-0.0272,0.0021,-5.9041,-5.5929,3.6272,-0.0608,0.0125,-0.0183
-3.7948,0.8284,7.3095,-0.0731,0.0125,-0.0192,-5.9496,-5.5785,3.7254,-0.0409,-0.0020,-0.0136
-3.8307,0.8284,7.2089,-0.0977,-0.0402,-0.0059,-5.8921,-5.5713,3.6344,-0.0490,-0.0105,-0.0116
-3.7637,0.9242,7.3047,-0.0749,0.0075,-0.0101,-5.9592,-5.5330,3.7254,-0.0458,0.0049,-0.0075
-3.7182,0.8404,7.2065,-0.0846,-0.0366,-0.0027,-5.9304,-5.4899,3.6823,-0.0460,-0.0035,-0.0032
-3.8379,0.8284,7.2592,-0.0733,0.0027,-0.0300,-6.0238,-5.6240,3.7733,-0.0378,0.0205,-0.0163
-3.7828,0.7446,7.2544,-0.0918,-0.0151,-0.0140,-5.9065,-5.6288,3.6129,-0.0528,0.0044,-0.0064
-3.8068,0.7949,7.2161,-0.0671,-0.0045,-0.0107,-6.0238,-5.6647,3.7493,-0.0442,-0.0028,-0.0081
-3.8188,0.8260,7.1180,-0.0718,-0.0113,-0.0232,-5.9927,-5.5929,3.7230,-0.0390,0.0013,0.0049
-3.7038,0.8260,7.2664,-0.0878,-0.0226,-0.0064,-5.9352,-5.5641,3.6775,-0.0518,0.0101,-0.0091
-3.8595,0.8332,7.2927,-0.0675,0.0056,-0.0089,-5.9256,-5.5737,3.7302,-0.0494,-0.0025,-0.0084
-3.7781,0.8475,7.2592,-0.0934,-0.0262,-0.0169,-5.9951,-5.6048,3.7350,-0.0489,-0.0003,-0.0057
-3.8906,0.8547,7.0892,-0.0685,-0.0008,-0.0143,-5.9400,-5.5545,3.7134,-0.0357,-0.0053,-0.0037
-3.7900,0.8188,7.1323,-0.0729,-0.0095,-0.0171,-5.8897,-5.5665,3.7086,-0.0454,0.0071,-0.0079
-3.8523,0.7997,7.1323,-0.0873,-0.0261,-0.0156,-5.9472,-5.6360,3.6990,-0.0488,0.0049,-0.0093
-3.8475,0.8906,7.2688,-0.0833,-0.0069,-0.0246,-5.9855,-5.6024,3.6703,-0.0400,0.0131,-0.0132
-3.8068,0.8428,7.2425,-0.0731,-0.0281,-0.0077,-6.1124,-5.5737,3.7134,-0.0380,-0.0092,0.0009
-3.7876,0.8116,7.1802,-0.0509,-0.0139,-0.0073,-5.9544,-5.5641,3.5769,-0.0364,0.0001,-0.0009
-3.8595,0.8284,7.0892,-0.0798,-0.0083,-0.0085,-5.9233,-5.5186,3.6320,-0.0504,-0.0057,-0.0040
-3.7900,0.7901,7.1156,-0.0725,-0.0008,-0.0293,-5.8849,-5.5569,3.7326,-0.0349,0.0043,0.0013
-3.8882,0.8045,7.2281,-0.0755,-0.0112,-0.0069,-5.9879,-5.6479,3.6895,-0.0490,-0.0016,-0.0052
-3.7948,0.7638,7.3310,-0.0577,-0.0135,0.0131,-5.9209,-5.6264,3.6990,-0.0385,-0.0125,0.0151
-3.7876,0.8045,7.1228,-0.0662,-0.0131,0.0043,-5.9209,-5.4564,3.6703,-0.0342,-0.0063,0.0073
-3.6559,0.8188,7.1251,-0.0608,-0.0212,-0.0076,-5.9640,-5.5522,3.6703,-0.0436,-0.0009,0.0048
-3.7541,0.8260,7.1635,-0.0898,-0.0135,-0.0081,-5.9855,-5.4851,3.6224,-0.0453,0.0169,-0.0091
-3.8068,0.8164,7.2975,-0.0568,0.0157,-0.0064,-5.9185,-5.5952,3.7421,-0.0437,0.0164,-0.0003
-3.8595,0.8332,7.2449,-0.0921,-0.0368,0.0148,-5.9927,-5.5450,3.5291,-0.0350,-0.0160,0.0049
-3.6105,0.8499,7.2065,-0.0757,-0.0212,-0.0228,-5.9304,-5.5905,3.8259,-0.0365,-0.0224,0.0076
-3.8044,0.8499,7.2880,-0.0723,-0.0179,-0.0019,-6.0430,-5.6240,3.5841,-0.0329,0.0140,0.0081
-3.8188,0.8715,7.1084,-0.0574,0.0151,-0.0045,-5.9400,-5.4516,3.6272,-0.0425,-0.0020,0.0096
-3.7565,0.8452,7.2425,-0.0843,-0.0300,-0.0148,-5.9999,-5.5641,3.8020,-0.0457,0.0059,-0.0200
-3.7589,0.8811,7.2209,-0.0735,0.0011,-0.0217,-5.9280,-5.5115,3.6655,-0.0501,0.0024,-0.0020
-3.7134,0.8236,7.2616,-0.0778,-0.0065,-0.0337,-6.0430,-5.5785,3.7948,-0.0512,0.0147,-0.0298
-3.7828,0.8811,7.2353,-0.0597,-0.0211,-0.0272,-5.9616,-5.5881,3.6990,-0.0398,-0.0128,0.0023
-3.7493,0.8811,7.3047,-0.0854,-0.0222,-0.0096,-5.9951,-5.5498,3.6368,-0.0589,0.0218,-0.0147
-3.8307,0.9026,7.2089,-0.0921,-0.0088,-0.0072,-5.8897,-5.5258,3.6607,-0.0526,-0.0137,-0.0141
-3.7900,0.8499,7.3526,-0.0902,-0.0051,-0.0017,-6.0334,-5.6288,3.7733,-0.0541,0.0169,-0.0009
-3.8044,0.8284,7.2257,-0.0738,-0.0100,0.0079,-5.9951,-5.6000,3.7110,-0.0397,-0.0104,0.0101
-3.8451,0.8571,7.2329,-0.0490,0.0003,-0.0060,-5.8945,-5.5498,3.6655,-0.0358,-0.0056,0.0016
-3.8571,0.8787,7.0126,-0.0745,-0.0121,-0.0079,-5.8921,-5.5043,3.7302,-0.0437,-0.0033,0.0009
-3.7541,0.8188,7.1850,-0.1099,-0.0177,-0.0123,-5.9496,-5.5665,3.6224,-0.0542,0.0108,-0.0147
-3.8235,0.8212,7.3741,-0.0843,-0.0092,-0.0077,-5.9999,-5.6695,3.6440,-0.0520,0.0008,-0.0199
-3.7781,0.8308,7.2544,-0.0815,-0.0276,-0.0060,-6.0214,-5.6360,3.6799,-0.0470,-0.0019,0.0116
-3.7134,0.8499,7.3526,-0.0697,-0.0080,-0.0220,-5.9472,-5.5210,3.6990,-0.0417,0.0088,-0.0088
-3.7182,0.8787,7.1012,-0.0548,-0.0121,-0.0171,-5.9759,-5.5881,3.6727,-0.0452,0.0001,-0.0076
-3.7182,0.8811,7.2161,-0.0879,-0.0191,0.0043,-5.9879,-5.5881,3.6152,-0.0548,0.0053,0.0013
-3.7733,0.8571,7.2760,-0.0570,-0.0001,-0.0097,-5.9807,-5.5905,3.7637,-0.0388,0.0056,-0.0043
-3.9169,0.8619,6.9815,-0.0698,-0.0037,-0.0084,-5.9975,-5.5713,3.6488,-0.0356,0.0075,0.0117
-3.7086,0.8954,7.1012,-0.0850,-0.0253,-0.0063,-5.8921,-5.5306,3.7637,-0.0504,0.0007,-0.0036
-3.7158,0.8475,7.2185,-0.0566,-0.0147,-0.0159,-6.0094,-5.5593,3.6943,-0.0405,-0.0048,-0.0132
-3.7421,0.8308,7.4196,-0.0869,-0.0196,-0.0043,-6.0382,-5.6192,3.6272,-0.0540,0.0398,-0.0043
-3.7996,0.8308,7.2999,-0.0536,0.0073,-0.0003,-5.9711,-5.5426,3.5099,-0.0294,0.0088,0.0080
-3.7158,0.9313,6.9671,-0.0727,-0.0157,-0.0043,-5.9664,-5.5569,3.7757,-0.0482,-0.0133,0.0031
-3.6895,0.9026,7.1467,-0.0863,-0.0145,-0.0265,-5.9185,-5.5593,3.8020,-0.0457,0.0047,-0.0137
-3.7924,0.8691,7.3861,-0.0677,-0.0140,-0.0172,-5.9927,-5.6312,3.6440,-0.0465,0.0172,-0.0061
-3.8571,0.8691,7.2592,-0.0621,0.0008,-0.0092,-6.0262,-5.5833,3.6919,-0.0410,0.0009,-0.0011
-3.7014,0.8619,7.1850,-0.0746,-0.0340,0.0017,-5.9496,-5.5498,3.6775,-0.0494,-0.0188,-0.0116
-3.7182,0.9337,7.2688,-0.0653,0.0001,-0.0096,-5.9233,-5.5019,3.7038,-0.0568,0.0001,-0.0064
-3.6919,0.9218,7.3287,-0.1108,-0.0320,-0.0115,-5.9544,-5.5857,3.7206,-0.0572,0.0292,-0.0237
-3.8427,0.8811,7.2401,-0.0597,0.0141,-0.0123,-5.9616,-5.5761,3.5865,-0.0364,0.0036,0.0008
-3.8355,0.8787,7.1180,-0.0845,-0.0128,-0.0055,-5.9424,-5.5450,3.5578,-0.0417,-0.0001,0.0032
-3.8259,0.9529,7.1682,-0.0983,-0.0204,-0.0108,-5.9759,-5.6000,3.7613,-0.0389,-0.0089,0.0069
-3.7804,0.8787,7.3215,-0.0798,-0.0077,-0.0045,-5.9424,-5.6623,3.6823,-0.0441,0.0112,-0.0011
-3.9121,0.8428,7.0773,-0.0644,0.0019,-0.0044,-5.9975,-5.6048,3.6320,-0.0296,-0.0028,0.0076
-3.7421,0.9361,7.2042,-0.0901,-0.0410,-0.0007,-5.8921,-5.5306,3.7086,-0.0484,-0.0029,-0.0049
-3.6847,0.8906,7.3430,-0.1041,-0.0332,-0.0209,-5.9209,-5.5545,3.7924,-0.0489,0.0009,-0.0129
-3.7948,0.8715,7.2688,-0.0982,0.0099,-0.0193,-5.9711,-5.6264,3.7733,-0.0489,0.0073,-0.0084
-3.8882,0.8308,7.1180,-0.0604,0.0036,-0.0232,-5.9448,-5.5641,3.6919,-0.0362,0.0117,-0.0023
-3.8762,0.8356,7.1275,-0.0739,-0.0276,-0.0081,-6.0118,-5.5067,3.6033,-0.0464,-0.0153,-0.0091
-3.7852,0.8475,7.2137,-0.1070,-0.0207,-0.0157,-5.9424,-5.5929,3.6799,-0.0525,0.0085,-0.0228
-3.8523,0.8739,7.2042,-0.0738,0.0175,-0.0332,-5.9903,-5.6647,3.7421,-0.0338,0.0195,-0.0088
-3.9313,0.8523,7.0988,-0.0731,-0.0157,-0.0115,-6.0023,-5.5617,3.6368,-0.0425,-0.0049,0.0095
-3.8188,0.9218,7.2353,-0.0941,-0.0302,-0.0043,-6.0262,-5.6144,3.6224,-0.0448,0.0043,-0.0048
-3.7972,0.8212,7.2784,-0.0597,0.0096,-0.0084,-5.9568,-5.6120,3.8044,-0.0428,-0.0017,0.0109
-3.8044,0.8787,7.1156,-0.0866,-0.0218,0.0085,-6.0118,-5.5593,3.6583,-0.0477,0.0069,-0.0032
-3.8403,0.8332,7.1682,-0.0738,0.0088,-0.0023,-5.9256,-5.6264,3.6775,-0.0480,-0.0113,0.0017
-3.7828,0.8428,7.1682,-0.0826,-0.0322,0.0001,-5.9065,-5.5761,3.7086,-0.0441,-0.0013,-0.0027
-3.7733,0.8859,7.2688,-0.0822,-0.0016,-0.0048,-5.9376,-5.5689,3.6966,-0.0546,0.0080,-0.0079
-3.8140,0.8739,7.2688,-0.0915,-0.0229,0.0021,-5.9328,-5.4947,3.6655,-0.0470,-0.0021,-0.0055
-3.8331,0.9673,7.0868,-0.0765,0.0013,-0.0213,-5.9544,-5.5713,3.6009,-0.0404,0.0025,-0.0088
-3.7924,0.8236,7.1754,-0.1029,-0.0278,-0.0100,-6.0238,-5.6288,3.7469,-0.0478,-0.0009,-0.0053
-3.7469,0.8643,7.3813,-0.0538,0.0125,-0.0100,-5.9113,-5.6120,3.6943,-0.0385,0.0019,0.0031
-3.8475,0.8523,7.0533,-0.0747,-0.0160,-0.0099,-6.0047,-5.4923,3.6559,-0.0389,0.0097,-0.0007
-3.7876,0.8499,7.1874,-0.0834,-0.0121,-0.0104,-6.0047,-5.5402,3.7110,-0.0468,-0.0025,-0.0027
-3.7709,0.8332,7.1970,-0.0859,-0.0193,-0.0152,-5.9616,-5.5761,3.7254,-0.0470,-0.0041,-0.0085
-3.7469,0.8475,7.2927,-0.0867,-0.0177,-0.0055,-6.0454,-5.5857,3.7062,-0.0553,0.0156,-0.0044
-3.9456,0.7781,7.2018,-0.0634,0.0059,-0.0139,-5.9664,-5.5617,3.6895,-0.0429,0.0137,-0.0128
-3.9337,0.8188,7.0940,-0.0793,-0.0052,-0.0187,-5.9041,-5.5569,3.7852,-0.0340,-0.0172,0.0113
-3.9025,0.8452,7.2089,-0.0742,-0.0101,-0.0031,-6.0334,-5.6192,3.7900,-0.0376,0.0172,0.0076
-3.7445,0.8595,7.1299,-0.0632,-0.0080,-0.0149,-5.9855,-5.5857,3.6703,-0.0372,-0.0057,0.0104
-3.7493,0.8667,7.2257,-0.0997,-0.0385,-0.0061,-5.9424,-5.5091,3.6679,-0.0494,-0.0081,-0.0059
-3.7517,0.8715,7.2185,-0.0580,0.0071,-0.0160,-6.0071,-5.5450,3.6512,-0.0402,0.0017,-0.0059
-3.7757,0.8787,7.1730,-0.0975,-0.0284,-0.0196,-5.8754,-5.5569,3.6847,-0.0604,0.0137,-0.0211
-3.8140,0.8619,7.3215,-0.0652,-0.0007,-0.0262,-5.9783,-5.6360,3.7182,-0.0333,0.0079,-0.0031
-3.7781,0.8595,7.1754,-0.0830,-0.0220,0.0061,-5.9424,-5.5881,3.5650,-0.0554,0.0151,-0.0023
-3.8140,0.8643,7.3023,-0.0652,-0.0043,-0.0238,-5.9735,-5.5354,3.7254,-0.0385,-0.0072,-0.0099
-3.7493,0.8092,7.1539,-0.0894,-0.0270,-0.0139,-5.8778,-5.5929,3.5458,-0.0548,0.0053,-0.0092
-3.7972,0.8332,7.2161,-0.0779,-0.0140,-0.0282,-6.0190,-5.6120,3.6416,-0.0317,0.0076,-0.0065
-3.7565,0.8571,7.1587,-0.0733,-0.0108,-0.0135,-5.9400,-5.5833,3.6416,-0.0505,0.0121,-0.0112
-3.8307,0.8452,7.1323,-0.0865,-0.0179,-0.0281,-6.0454,-5.5162,3.7541,-0.0386,0.0117,-0.0093
-3.7709,0.8212,7.2065,-0.0803,-0.0111,-0.0187,-5.9903,-5.5976,3.6871,-0.0500,0.0003,-0.0127
-3.7685,0.8308,7.3023,-0.0837,-0.0305,-0.0133,-6.0047,-5.6264,3.7182,-0.0500,0.0045,-0.0115
-3.8164,0.8045,7.2808,-0.0701,-0.0079,-0.0173,-5.9400,-5.5713,3.7086,-0.0394,0.0055,-0.0072
-3.8403,0.8643,7.3382,-0.0783,-0.0169,-0.0171,-5.8969,-5.5210,3.7254,-0.0416,-0.0036,0.0003
-3.8379,0.8140,7.0844,-0.0787,-0.0159,-0.0163,-6.0238,-5.5474,3.6416,-0.0333,0.0065,0.0016
-3.7900,0.8547,7.2520,-0.0718,-0.0004,-0.0209,-5.9640,-5.5952,3.8355,-0.0512,0.0069,-0.0096
-3.9313,0.8571,7.2065,-0.0803,-0.0201,-0.0136,-5.9951,-5.6216,3.6248,-0.0281,-0.0088,-0.0012
-3.7565,0.7542,7.1515,-0.0731,0.0021,-0.0140,-5.9592,-5.5091,3.7517,-0.0481,0.0056,-0.0128
-3.7900,0.6776,7.3358,-0.0838,-0.0582,-0.0043,-5.9711,-5.5330,3.6583,-0.0482,0.0015,-0.0184
-3.8164,0.8691,7.1395,-0.0787,-0.0047,-0.0285,-5.9616,-5.5593,3.6607,-0.0433,0.0137,-0.0209
-3.8355,0.8787,7.2880,-0.0917,-0.0097,-0.0053,-6.0238,-5.6216,3.8092,-0.0498,0.0044,-0.0100
-3.6512,0.8859,7.1156,-0.0726,-0.0207,-0.0096,-5.9137,-5.6240,3.7134,-0.0465,-0.0080,-0.0039
-3.7421,0.7949,7.3263,-0.0773,-0.0116,-0.0141,-5.9328,-5.5569,3.7469,-0.0514,0.0233,-0.0064
-3.8259,0.8236,7.2257,-0.0843,-0.0061,-0.0128,-5.9352,-5.5402,3.6536,-0.0438,-0.0007,-0.0096
-3.8451,0.8595,7.2903,-0.0815,-0.0099,-0.0115,-6.0286,-5.6479,3.7733,-0.0420,-0.0064,-0.0069
-3.8307,0.8332,7.2520,-0.0761,0.0057,0.0023,-5.9280,-5.5402,3.6320,-0.0456,0.0003,0.0035
-3.7302,0.8284,7.1275,-0.0922,-0.0334,-0.0141,-5.9304,-5.5665,3.7421,-0.0460,-0.0033,-0.0128
-3.5721,0.7781,7.2951,-0.0918,-0.0200,-0.0316,-5.8993,-5.6336,3.7326,-0.0498,0.0077,-0.0168
-3.7302,0.8380,7.3358,-0.0757,-0.0139,-0.0164,-5.9903,-5.6743,3.7254,-0.0488,0.0061,-0.0163
-3.7373,0.8356,7.2353,-0.0765,-0.0035,-0.0103,-5.9496,-5.6216,3.6631,-0.0453,0.0151,-0.0067
-3.7709,0.8523,7.1730,-0.0733,-0.0213,-0.0176,-5.9520,-5.6216,3.6033,-0.0464,-0.0133,-0.0044
-3.8499,0.7973,7.1635,-0.0901,-0.0093,-0.0173,-5.8945,-5.4923,3.6200,-0.0386,-0.0015,0.0005
-3.7828,0.7805,7.2161,-0.0882,-0.0060,-0.0233,-5.9233,-5.5833,3.7278,-0.0428,0.0019,-0.0071
-3.8571,0.7853,7.2999,-0.0787,-0.0176,-0.0101,-6.0190,-5.6336,3.6871,-0.0417,0.0104,-0.0060
-3.8116,0.7973,7.2161,-0.0755,0.0000,-0.0031,-5.9783,-5.5474,3.6057,-0.0480,0.0077,-0.0063
-3.7589,0.9050,7.2401,-0.0813,-0.0104,-0.0067,-6.0166,-5.5929,3.6607,-0.0384,0.0044,-0.0072
-3.8211,0.7733,7.1012,-0.0802,-0.0007,-0.0221,-5.8538,-5.6312,3.7254,-0.0456,-0.0043,-0.0097
-3.8547,0.7757,7.3071,-0.0825,-0.0237,-0.0137,-6.0501,-5.7054,3.6488,-0.0432,0.0047,-0.0001
-3.7685,0.8212,7.2856,-0.0518,0.0017,0.0095,-5.9855,-5.6647,3.7014,-0.0398,-0.0052,0.0117
-3.8020,0.7901,7.0294,-0.0797,-0.0193,-0.0053,-5.8466,-5.4851,3.6943,-0.0358,-0.0125,0.0077
-3.6512,0.8140,7.2472,-0.0782,-0.0112,-0.0143,-5.9664,-5.5785,3.8595,-0.0486,0.0001,-0.0009
-3.7445,0.7781,7.2449,-0.0524,0.0033,-0.0266,-5.9352,-5.6048,3.6943,-0.0382,0.0076,-0.0076
-3.7541,0.8212,7.3023,-0.0773,-0.0233,-0.0100,-5.9879,-5.6144,3.6536,-0.0464,0.0144,0.0037
-3.8164,0.8284,7.1970,-0.0434,-0.0031,-0.0077,-5.9544,-5.5929,3.5219,-0.0369,-0.0132,0.0020
-3.6727,0.8380,7.0509,-0.0730,-0.0377,-0.0169,-5.8945,-5.5019,3.6368,-0.0421,-0.0116,0.0021
-3.7589,0.7733,7.3143,-0.0841,-0.0087,-0.0180,-6.0094,-5.6288,3.7852,-0.0554,0.0294,-0.0100
-3.7828,0.8236,7.2209,-0.0546,0.0111,-0.0191,-5.9592,-5.6623,3.6344,-0.0350,0.0003,0.0073
-3.7781,0.8906,7.1515,-0.0797,-0.0226,-0.0180,-5.9759,-5.5905,3.5458,-0.0353,0.0128,0.0068
-3.7182,0.8787,7.3406,-0.0761,-0.0316,-0.0073,-5.9735,-5.5569,3.6559,-0.0401,-0.0075,0.0001
-3.8092,0.8547,7.2616,-0.0654,0.0019,-0.0063,-5.9783,-5.6383,3.6440,-0.0452,0.0096,-0.0067
-3.7517,0.9122,7.2018,-0.0883,-0.0203,-0.0019,-5.9616,-5.5929,3.6607,-0.0426,0.0041,-0.0028
-3.6799,0.8452,7.2377,-0.0741,-0.0095,0.0027,-5.9592,-5.5234,3.7014,-0.0408,-0.0105,0.0023
-3.8164,0.8811,7.1730,-0.0906,-0.0159,-0.0091,-5.9424,-5.5617,3.6320,-0.0476,0.0076,-0.0101
-3.7685,0.8284,7.3167,-0.0885,-0.0079,-0.0218,-5.9424,-5.5952,3.7421,-0.0546,0.0096,-0.0071
-3.7158,0.7853,7.2233,-0.0532,-0.0141,-0.0159,-6.0071,-5.6407,3.7637,-0.0374,-0.0111,0.0011
-3.7278,0.8045,7.2856,-0.0869,-0.0095,-0.0048,-5.9879,-5.5641,3.6152,-0.0465,0.0224,0.0040
-3.7972,0.9170,7.3478,-0.0709,-0.0192,-0.0063,-5.8706,-5.5713,3.6631,-0.0450,-0.0093,-0.0057
-3.8403,0.8332,7.2185,-0.0941,-0.0171,-0.0008,-5.9568,-5.5857,3.6775,-0.0464,0.0088,-0.0089
-3.7397,0.8356,7.3215,-0.0729,0.0008,-0.0253,-5.9089,-5.5713,3.7757,-0.0444,-0.0016,-0.0099
-3.7996,0.8523,7.0078,-0.0578,-0.0237,-0.0226,-5.9496,-5.6000,3.6129,-0.0388,-0.0108,-0.0049
-3.8068,0.8475,7.2089,-0.0628,0.0099,-0.0228,-5.9472,-5.5857,3.7804,-0.0485,0.0273,-0.0064
-3.6847,0.8811,7.2951,-0.0774,-0.0322,-0.0029,-5.9807,-5.5737,3.6655,-0.0505,-0.0061,-0.0113
-3.8642,0.8428,7.2520,-0.0830,-0.0093,-0.0001,-5.9951,-5.6479,3.6847,-0.0438,0.0060,-0.0132
-3.7541,0.8475,7.2113,-0.0734,-0.0140,-0.0211,-5.8059,-5.6120,3.7326,-0.0276,-0.0220,0.0056
-3.7421,0.8643,7.2137,-0.0554,-0.0085,-0.0111,-5.9975,-5.5641,3.6727,-0.0394,0.0119,0.0072
-3.7948,0.8356,7.1539,-0.0811,-0.0103,-0.0073,-6.0406,-5.5426,3.6727,-0.0450,0.0167,0.0004
-3.8044,0.8452,7.1898,-0.0785,0.0036,-0.0316,-5.9256,-5.4755,3.6799,-0.0426,0.0071,-0.0023
-3.8235,0.8835,7.2089,-0.0930,-0.0249,-0.0173,-5.9831,-5.5905,3.6631,-0.0548,0.0061,-0.0204
-3.7924,0.8787,7.2736,-0.1047,-0.0153,-0.0071,-5.9783,-5.6216,3.6823,-0.0454,0.0099,-0.0011
-3.7685,0.8475,7.0964,-0.0706,-0.0013,-0.0256,-6.0071,-5.5665,3.6152,-0.0249,0.0041,0.0087
-3.7589,0.8164,7.1898,-0.0822,-0.0289,-0.0165,-6.0310,-5.5258,3.5817,-0.0420,0.0071,0.0055
-3.7014,0.8619,7.3047,-0.0841,-0.0187,-0.0300,-5.9951,-5.6072,3.7397,-0.0484,0.0088,-0.0103
-3.8020,0.8308,7.3550,-0.0717,-0.0077,-0.0254,-6.0525,-5.6383,3.7733,-0.0401,0.0196,-0.0163
-3.7804,0.8021,7.0868,-0.0801,0.0060,-0.0076,-6.0166,-5.5713,3.5913,-0.0433,-0.0104,0.0025
-3.8547,0.8499,7.2209,-0.0837,-0.0249,-0.0268,-5.9687,-5.5474,3.7230,-0.0409,-0.0063,-0.0159
-3.7469,0.8882,7.2257,-0.0919,-0.0143,-0.0133,-5.9209,-5.5665,3.5602,-0.0533,0.0088,0.0019
-3.7565,0.7901,7.2377,-0.0934,-0.0260,-0.0306,-5.9855,-5.6168,3.8307,-0.0517,0.0157,-0.0254
-3.7781,0.7709,7.1371,-0.0735,-0.0063,-0.0281,-6.0190,-5.6551,3.6727,-0.0342,0.0116,-0.0027
-3.8044,0.8140,7.2425,-0.0702,-0.0068,-0.0183,-6.0286,-5.5545,3.7685,-0.0392,0.0069,0.0023
-3.8834,0.8092,7.1539,-0.0761,-0.0040,-0.0221,-5.9424,-5.4564,3.6751,-0.0350,0.0025,-0.0153
-3.8211,0.8452,7.3215,-0.0915,-0.0037,-0.0184,-5.9185,-5.6671,3.7134,-0.0565,0.0008,-0.0061
-3.8188,0.7925,7.2544,-0.0861,-0.0381,-0.0047,-6.0765,-5.6575,3.6966,-0.0410,0.0061,-0.0145
-3.7493,0.7925,7.3119,-0.0640,0.0081,-0.0059,-5.9735,-5.5952,3.7326,-0.0421,0.0049,0.0032
-3.7709,0.8667,7.2353,-0.0685,-0.0225,-0.0067,-5.8873,-5.5306,3.7254,-0.0440,-0.0029,0.0000
-3.6703,0.8715,7.1587,-0.0883,-0.0131,-0.0304,-5.8969,-5.5929,3.8355,-0.0549,0.0053,-0.0143
-3.7900,0.7614,7.4101,-0.0659,-0.0017,-0.0209,-5.9256,-5.6623,3.7565,-0.0432,0.0185,-0.0048
-3.8020,0.7638,7.2903,-0.0762,-0.0320,-0.0091,-5.9113,-5.5378,3.5674,-0.0412,0.0015,-0.0013
-3.9552,0.8380,7.1156,-0.0601,0.0153,-0.0310,-5.8873,-5.4971,3.6224,-0.0312,0.0064,-0.0001
-3.7613,0.8667,7.1587,-0.1106,-0.0386,-0.0043,-5.9448,-5.5258,3.5865,-0.0689,0.0048,-0.0120
-3.7828,0.8308,7.3191,-0.0822,0.0187,-0.0374,-6.0741,-5.6599,3.8571,-0.0524,0.0179,-0.0197
-3.7924,0.7350,7.2185,-0.0682,-0.0204,-0.0091,-6.0693,-5.6168,3.5985,-0.0365,0.0073,0.0041
-3.8523,0.8212,7.3957,-0.0321,-0.0284,0.0047,-6.1339,-5.6623,3.6488,-0.0196,0.0009,0.0180
-3.7421,0.8619,7.2712,-0.0200,-0.0384,0.0226,-5.9592,-5.6000,3.6488,-0.0120,-0.0148,0.0336
-3.7350,0.8906,7.0916,-0.0457,-0.0246,0.0241,-5.9783,-5.4348,3.6129,-0.0172,-0.0053,0.0277
-3.8020,0.8260,7.0366,-0.0910,-0.0187,0.0067,-5.8969,-5.4229,3.6296,-0.0344,-0.0077,-0.0003
-3.7685,0.8404,7.2520,-0.0859,-0.0088,-0.0350,-5.9448,-5.5545,3.7709,-0.0438,0.0039,-0.0233
-3.8930,0.8236,7.1467,-0.0637,-0.0023,-0.0585,-5.9113,-5.6336,3.7924,-0.0324,0.0220,-0.0310
-3.8451,0.8523,7.2377,-0.0683,0.0049,-0.0400,-6.0885,-5.5569,3.6009,-0.0485,0.0137,-0.0121
-3.9073,0.8452,7.1898,-0.0718,-0.0381,-0.0103,-6.0286,-5.5378,3.5554,-0.0438,-0.0317,-0.0112
-3.8235,0.7422,7.3478,-0.0709,-0.0442,0.0160,-6.0334,-5.7078,3.7876,-0.0418,-0.0132,-0.0044
-3.7924,0.8212,7.5561,-0.0606,-0.0276,0.0249,-5.8586,-5.6336,3.7613,-0.0199,-0.0181,0.0333
-3.6655,0.8595,7.1730,-0.0284,-0.0176,0.0004,-5.7772,-5.4085,3.7924,-0.0068,-0.0296,0.0354
-3.7421,1.0008,6.9408,-0.0749,-0.0025,-0.0246,-5.9233,-5.3486,3.6392,-0.0400,0.0296,-0.0246
-3.6703,0.9433,7.1491,-0.1038,-0.0203,-0.0593,-5.8682,-5.4205,3.6775,-0.0470,0.0136,-0.0513
-3.6847,0.9194,7.2664,-0.1123,-0.0157,-0.0729,-5.9328,-5.4612,3.7804,-0.0749,0.0147,-0.0707
-3.8403,0.7254,7.0916,-0.1041,0.0474,-0.0886,-5.9807,-5.7628,3.7781,-0.0871,0.0442,-0.0490
-3.9504,0.7087,7.5872,-0.0545,0.0509,-0.0100,-6.1842,-5.9807,3.8116,-0.0549,0.0769,0.0336
-3.9504,0.8356,7.3694,0.0124,0.0035,0.0552,-6.2225,-5.7413,3.6152,-0.0121,0.0081,0.1026
-3.6224,0.9529,7.1658,-0.0120,-0.0173,0.0545,-5.9520,-5.3510,3.5865,-0.0207,0.0175,0.0626
-3.7062,1.0199,6.9671,-0.0746,-0.0466,0.0120,-5.8897,-5.2529,3.6440,-0.0429,-0.0513,0.0277
-3.6416,0.9242,7.1108,-0.1478,-0.0436,-0.0035,-5.7652,-5.3989,3.6320,-0.0877,-0.0356,-0.0298
-3.7350,0.8380,7.3502,-0.1432,0.0412,-0.0180,-5.9137,-5.6431,3.7709,-0.1055,0.0396,-0.0481
-3.8499,0.8930,7.1874,-0.1094,0.0246,-0.0216,-6.0190,-5.5210,3.6344,-0.0715,0.0108,-0.0229
-3.8164,0.8954,7.0054,-0.1268,-0.0047,-0.0377,-6.0023,-5.4253,3.4165,-0.0910,-0.0068,-0.0508
-3.7828,0.9457,7.1898,-0.1629,-0.0558,-0.0266,-6.0525,-5.7317,3.7302,-0.1065,-0.0444,-0.0480
-3.7781,0.7853,7.3334,-0.1251,-0.0079,-0.0103,-6.0047,-5.8419,3.9385,-0.0903,-0.0244,-0.0087
-3.8475,0.7638,7.3957,-0.0581,0.0542,0.0289,-6.0023,-5.8634,3.6248,-0.0625,-0.0011,0.0380
-3.8858,0.8356,7.1706,-0.0456,0.0004,0.0294,-5.9161,-5.5234,3.5817,-0.0393,-0.0091,0.0312
-3.7421,0.8595,7.0581,-0.0866,-0.0414,-0.0028,-5.8730,-5.3941,3.5530,-0.0392,-0.0461,-0.0117
-3.6583,0.9002,7.0653,-0.1252,-0.0514,-0.0505,-5.8323,-5.3774,3.7589,-0.0654,-0.0076,-0.0719
-3.7685,0.8021,7.2808,-0.1399,-0.0053,-0.0787,-5.9544,-5.6671,3.6152,-0.0671,0.0342,-0.0911
-3.8930,0.6081,7.3047,-0.1268,-0.0224,-0.0620,-5.9089,-5.8562,3.6224,-0.0518,0.0001,-0.0614
-3.9504,0.6560,7.4077,-0.0518,-0.0237,-0.0234,-6.1244,-6.0382,3.8140,-0.0185,0.0087,0.0055
-3.7565,0.8188,7.2185,-0.0065,-0.0117,0.0011,-5.9256,-5.7293,3.6990,0.0011,0.0115,0.0486
-3.7254,0.8859,6.8378,-0.0204,-0.0035,0.0044,-5.8682,-5.4420,3.5219,-0.0156,0.0045,0.0328
-3.7900,0.8547,7.1060,-0.0867,-0.0111,-0.0081,-5.9664,-5.5186,3.5171,-0.0566,0.0107,-0.0072
-3.6727,0.8499,7.3478,-0.0931,-0.0424,-0.0183,-5.9687,-5.7557,3.8283,-0.0444,-0.0105,-0.0109
-3.8355,0.7805,7.2616,-0.0610,0.0061,-0.0156,-5.9424,-5.6862,3.6512,-0.0294,0.0232,-0.0041
-3.6823,0.8691,7.1515,-0.0758,-0.0092,-0.0272,-5.8897,-5.5522,3.5099,-0.0434,0.0180,-0.0081
-3.7134,0.8140,7.1706,-0.0977,-0.0405,-0.0460,-5.9280,-5.6934,3.6823,-0.0550,0.0266,-0.0617
-3.9337,0.7949,7.2520,-0.1055,0.0084,-0.0276,-6.0238,-5.7748,3.6871,-0.0564,0.0095,-0.0254
-3.8259,0.7254,7.3239,-0.0963,-0.0181,0.0121,-5.9161,-5.7988,3.5841,-0.0703,-0.0183,-0.0007
-3.8307,0.7254,7.2305,-0.0530,-0.0001,0.0163,-5.9999,-5.7557,3.6990,-0.0278,-0.0157,0.0425
-3.7445,0.7877,7.2161,-0.0480,0.0053,0.0238,-5.8634,-5.5162,3.6416,-0.0498,0.0023,0.0342
-3.7086,0.8188,6.9599,-0.0556,-0.0160,-0.0032,-5.8969,-5.5234,3.7182,-0.0374,-0.0152,0.0059
-3.6081,0.8164,7.0461,-0.0902,-0.0294,-0.0421,-5.9113,-5.4396,3.6105,-0.0553,-0.0200,-0.0324
-3.8283,0.8260,7.3526,-0.1255,-0.0155,-0.0524,-5.9352,-5.6814,3.7517,-0.0663,0.0133,-0.0605
-3.8618,0.7949,7.2951,-0.0885,-0.0016,-0.0341,-5.9304,-5.6743,3.5865,-0.0421,0.0201,-0.0294
-3.6033,0.7518,7.3933,-0.1091,-0.0480,-0.0252,-5.9017,-5.6288,3.5123,-0.0446,0.0001,-0.0337
-3.8451,0.7230,7.3263,-0.0699,0.0075,-0.0388,-5.8275,-5.5761,3.6512,-0.0321,-0.0053,-0.0286
-3.7589,0.7422,7.1611,-0.1138,-0.0333,-0.0384,-5.8706,-5.6958,3.6488,-0.0444,0.0449,-0.0388
-3.6799,0.6536,7.2281,-0.0775,-0.0350,-0.0718,-5.9041,-5.7197,3.6703,-0.0258,0.0143,-0.0464
-3.8499,0.6823,7.2975,-0.0649,-0.0226,-0.0542,-5.9496,-5.8012,3.7781,-0.0211,0.0111,-0.0228
-3.7757,0.7518,7.4005,-0.0438,0.0040,-0.0314,-6.0023,-5.7389,3.8044,-0.0192,0.0441,0.0031
-3.8642,0.7159,7.0916,-0.0302,-0.0039,-0.0013,-6.0094,-5.6671,3.6176,0.0008,0.0249,0.0148
-3.8235,0.7542,7.2018,-0.0349,-0.0220,0.0201,-5.9065,-5.5857,3.6200,-0.0209,-0.0300,0.0380
-3.6129,0.7829,7.2592,-0.0183,-0.0602,-0.0258,-5.9041,-5.5641,3.6799,-0.0051,-0.0168,0.0276
-3.7541,0.7805,7.1826,-0.0426,-0.0266,-0.0155,-5.8945,-5.5761,3.5937,-0.0211,0.0015,0.0149
-3.7278,0.8164,7.2616,-0.0686,0.0004,0.0115,-5.9448,-5.6407,3.6248,-0.0542,0.0132,0.0113
-3.6943,0.8045,7.2640,-0.0723,-0.0336,0.0008,-5.9879,-5.6862,3.7972,-0.0392,-0.0218,-0.0029
-3.7158,0.7590,7.4340,-0.0328,-0.0011,-0.0153,-5.9879,-5.6790,3.7685,-0.0308,0.0060,0.0211
-3.7661,0.8308,7.3717,-0.0565,0.0011,0.0084,-5.9424,-5.6623,3.6416,-0.0378,0.0325,0.0120
-3.7996,0.8308,7.1419,-0.0486,0.0217,0.0168,-5.8586,-5.5498,3.6033,-0.0320,0.0016,0.0240
-3.6703,0.8260,7.2425,-0.0925,-0.0289,0.0298,-5.9664,-5.5019,3.5698,-0.0512,-0.0013,0.0152
-3.8259,0.8236,7.1275,-0.0737,0.0128,-0.0105,-5.9616,-5.5545,3.6631,-0.0304,-0.0028,0.0057
-3.6919,0.8284,7.3191,-0.1090,-0.0293,-0.0041,-5.9161,-5.5426,3.6751,-0.0585,0.0107,-0.0057
-3.7781,0.8691,7.1682,-0.0779,-0.0133,-0.0290,-5.9280,-5.6455,3.7254,-0.0421,-0.0208,-0.0123
-3.7757,0.8739,7.2951,-0.1037,-0.0358,-0.0079,-5.9041,-5.6096,3.7565,-0.0498,0.0025,-0.0207
-3.7421,0.8404,7.3023,-0.0751,-0.0057,-0.0215,-5.8802,-5.5857,3.7350,-0.0438,0.0076,-0.0099
-3.7445,0.8739,7.2927,-0.0513,-0.0056,-0.0249,-5.9089,-5.5737,3.6344,-0.0454,-0.0004,-0.0163
-3.7733,0.7997,7.3215,-0.0645,-0.0016,-0.0048,-5.9352,-5.6144,3.6919,-0.0457,0.0063,-0.0037
-3.8235,0.8404,7.3143,-0.0661,-0.0029,-0.0044,-5.9352,-5.5761,3.5698,-0.0429,0.0021,-0.0015
-3.8451,0.8882,7.2496,-0.0734,-0.0015,-0.0064,-5.9017,-5.5952,3.7038,-0.0468,0.0033,-0.0099
-3.7637,0.8691,7.2137,-0.0897,-0.0121,0.0084,-5.9352,-5.6024,3.5003,-0.0581,0.0077,-0.0013
-3.7900,0.7709,7.1132,-0.0963,-0.0191,-0.0040,-5.8778,-5.5713,3.6943,-0.0414,-0.0075,0.0063
-3.7493,0.8499,7.3574,-0.0885,-0.0168,-0.0015,-5.9472,-5.6240,3.7254,-0.0430,-0.0015,0.0011
-3.8092,0.8356,7.2329,-0.0652,-0.0100,-0.0105,-5.8826,-5.6120,3.6871,-0.0394,0.0003,0.0072
-3.7565,0.8404,7.0820,-0.0589,-0.0016,-0.0061,-5.9400,-5.5785,3.6799,-0.0430,0.0100,0.0011
-3.7038,0.8212,7.1826,-0.0795,-0.0077,-0.0145,-5.9304,-5.5067,3.6272,-0.0553,0.0108,-0.0035
-3.7565,0.8619,7.2425,-0.0938,-0.0362,-0.0208,-5.9711,-5.6024,3.7350,-0.0484,0.0171,-0.0262
-3.8595,0.8164,7.2880,-0.0685,0.0264,-0.0149,-5.9137,-5.6503,3.6727,-0.0513,0.0088,-0.0131
-3.7397,0.8260,7.2377,-0.0737,-0.0289,0.0048,-6.0238,-5.6767,3.6392,-0.0442,0.0021,0.0145
-3.7685,0.8571,7.2520,-0.0703,0.0036,-0.0003,-5.9855,-5.5450,3.5554,-0.0417,0.0080,0.0036
-3.8499,0.8643,7.2832,-0.0890,0.0068,-0.0023,-5.9113,-5.5402,3.6440,-0.0413,0.0011,-0.0015
-3.7685,0.7709,7.0629,-0.0674,-0.0301,-0.0187,-5.9304,-5.5713,3.7326,-0.0318,-0.0213,0.0043
-3.8283,0.8619,7.2257,-0.0597,-0.0124,-0.0172,-5.9280,-5.6216,3.6416,-0.0344,-0.0017,-0.0036
-3.7517,0.8643,7.3071,-0.0915,-0.0324,-0.0035,-5.9017,-5.5043,3.6392,-0.0464,-0.0047,-0.0092
-3.7517,0.9050,7.2089,-0.0887,0.0009,-0.0324,-5.8921,-5.6790,3.7158,-0.0533,0.0105,-0.0320
-3.7804,0.8045,7.3454,-0.1033,-0.0386,-0.0155,-5.8610,-5.5929,3.6320,-0.0546,-0.0257,-0.0116
-3.7948,0.8715,7.2999,-0.0725,-0.0072,-0.0290,-5.8562,-5.7533,3.8140,-0.0441,0.0049,-0.0143
-3.8451,0.8308,6.9911,-0.0636,-0.0003,-0.0077,-5.9185,-5.7126,3.6966,-0.0332,0.0099,0.0204
-3.7517,0.9242,7.2401,-0.0553,0.0068,-0.0039,-5.9735,-5.5498,3.6751,-0.0524,0.0290,0.0077
-3.8116,0.8475,7.2832,-0.0759,-0.0280,-0.0109,-5.8706,-5.5402,3.4884,-0.0458,-0.0075,-0.0069
-3.7613,0.8164,7.1515,-0.0803,-0.0055,-0.0117,-5.8802,-5.6336,3.6775,-0.0538,-0.0151,-0.0080
-3.8379,0.8212,7.2712,-0.0589,-0.0144,-0.0045,-5.9233,-5.6767,3.6799,-0.0369,0.0015,0.0091
-3.7900,0.8571,7.3670,-0.0663,-0.0181,0.0069,-5.9807,-5.6264,3.5698,-0.0410,0.0313,0.0056
-3.7781,0.9074,7.2856,-0.0913,0.0083,-0.0203,-5.9041,-5.5306,3.6583,-0.0342,0.0068,0.0005
-3.6895,0.8452,7.0390,-0.0925,-0.0444,-0.0282,-5.8945,-5.6336,3.8523,-0.0481,-0.0304,-0.0207
-3.7421,0.8260,7.4531,-0.0974,-0.0222,-0.0248,-5.9496,-5.6240,3.7062,-0.0529,0.0274,-0.0301
-3.8068,0.8475,7.2999,-0.0512,0.0127,-0.0207,-5.9041,-5.6192,3.5985,-0.0333,0.0055,-0.0065
-3.8571,0.8236,6.9719,-0.0769,-0.0095,-0.0232,-5.9568,-5.6288,3.7637,-0.0316,0.0093,-0.0039
-3.8235,0.8978,7.1563,-0.0775,-0.0209,-0.0165,-5.9999,-5.5641,3.7038,-0.0478,-0.0101,0.0065
-3.8403,0.8140,7.3239,-0.0584,-0.0148,-0.0053,-5.8945,-5.6264,3.7350,-0.0534,-0.0044,-0.0081
-3.9576,0.7805,7.2927,-0.0718,-0.0025,0.0300,-6.0214,-5.7245,3.5745,-0.0378,0.0060,0.0246
-3.6751,0.8428,7.2185,-0.0490,0.0023,0.0093,-5.7533,-5.5019,3.7110,-0.0269,-0.0023,0.0204
-3.8355,0.8643,7.0797,-0.0747,-0.0288,-0.0104,-5.9089,-5.5617,3.6871,-0.0341,-0.0056,-0.0121
-3.7014,0.8068,7.2185,-0.1131,0.0024,-0.0254,-5.7724,-5.6216,3.7350,-0.0663,-0.0157,-0.0096
-3.7230,0.8619,7.6207,-0.0208,0.0175,-0.0136,-6.1028,-5.9616,4.1276,-0.0144,0.0963,-0.0059
-3.6775,0.8547,7.0940,0.0392,0.0398,0.0041,-5.9664,-5.5929,3.5889,0.0088,0.0530,0.0224
-3.7541,0.9888,6.9240,-0.0345,-0.0083,-0.0192,-5.9041,-5.2289,3.3375,-0.0125,0.0171,0.0145
-3.7350,1.0127,6.9073,-0.1339,-0.0685,-0.0373,-5.7604,-5.2553,3.5027,-0.0657,-0.0644,-0.0402
-3.7613,0.8523,7.1946,-0.1958,-0.0466,-0.0430,-6.0454,-5.6934,3.8523,-0.0898,0.0069,-0.0670
-3.8738,0.8116,7.3526,-0.1384,-0.0161,-0.0308,-5.9640,-5.7844,3.7876,-0.0661,-0.0200,-0.0241
-3.8188,0.7446,7.3598,-0.0993,-0.0433,-0.0248,-5.9951,-5.8442,3.8140,-0.0373,-0.0141,-0.0091
-3.7828,0.8212,7.2257,-0.0650,-0.0184,-0.0025,-5.9017,-5.6383,3.7278,-0.0277,-0.0072,0.0147
-3.8116,0.8356,6.9791,-0.0858,0.0119,-0.0211,-5.8945,-5.4971,3.6392,-0.0400,0.0143,-0.0141
-3.8307,0.8667,7.0629,-0.0829,-0.0155,-0.0179,-5.9017,-5.6144,3.6631,-0.0524,-0.0221,-0.0024
-3.7326,0.8260,7.3310,-0.1098,-0.0500,-0.0201,-5.9616,-5.6024,3.6751,-0.0568,0.0089,-0.0196
-3.8762,0.7302,7.2401,-0.0942,0.0063,-0.0377,-5.9113,-5.6982,3.8259,-0.0406,0.0079,-0.0201
-3.7948,0.7685,7.3334,-0.0722,-0.0109,-0.0092,-5.8826,-5.6790,3.5769,-0.0461,0.0039,-0.0044
-3.7876,0.8404,7.3167,-0.0709,-0.0281,-0.0016,-5.9520,-5.6360,3.5961,-0.0362,-0.0278,0.0097
-3.8762,0.8475,7.1898,-0.0898,0.0248,-0.0132,-5.9161,-5.5833,3.5554,-0.0416,0.0128,-0.0065
-3.7373,0.7757,7.2736,-0.0838,-0.0277,-0.0099,-5.9400,-5.6479,3.7661,-0.0494,-0.0116,0.0019
-3.7589,0.8475,7.0820,-0.0594,-0.0119,-0.0156,-5.9328,-5.6958,3.6919,-0.0396,-0.0024,-0.0040
-3.6607,0.9074,7.3358,-0.0774,-0.0317,-0.0051,-5.8730,-5.6551,3.8307,-0.0568,0.0128,-0.0160
-3.6823,0.8523,7.3287,-0.0959,-0.0388,-0.0250,-5.8754,-5.5641,3.6057,-0.0434,0.0119,-0.0203
-3.7852,0.8212,7.1706,-0.0826,0.0116,-0.0265,-5.9017,-5.6599,3.8020,-0.0569,0.0097,-0.0262
-3.8140,0.8428,7.3071,-0.0667,-0.0232,0.0012,-5.9831,-5.6455,3.5554,-0.0424,-0.0084,0.0077
-3.9433,0.8236,7.3167,-0.0965,-0.0023,0.0075,-5.9280,-5.6120,3.6679,-0.0341,0.0111,0.0072
-3.7302,0.7590,7.2257,-0.0641,0.0028,-0.0028,-5.8442,-5.6120,3.8595,-0.0369,-0.0226,0.0159
-3.7541,0.8452,7.2903,-0.0500,-0.0258,0.0099,-5.9472,-5.6360,3.6440,-0.0409,-0.0008,0.0230
-3.8978,0.8332,7.3119,-0.0758,0.0111,0.0108,-5.9041,-5.6288,3.6751,-0.0336,0.0028,0.0135
-3.6631,0.8643,7.1754,-0.0605,-0.0157,-0.0148,-5.8466,-5.5713,3.6847,-0.0296,-0.0333,0.0266
-3.6248,0.8284,7.1682,-0.0693,-0.0278,-0.0230,-5.8251,-5.5138,3.6536,-0.0438,0.0103,-0.0043
-3.6727,0.7733,7.3741,-0.0841,0.0005,-0.0252,-5.8849,-5.5641,3.5650,-0.0580,0.0173,-0.0048
-3.7996,0.8021,7.3215,-0.0737,-0.0205,0.0025,-5.9592,-5.6360,3.7086,-0.0490,0.0129,0.0032
-3.7350,0.8691,7.2353,-0.0951,-0.0226,0.0105,-5.9280,-5.5785,3.6919,-0.0533,-0.0036,0.0000
-3.6129,0.7302,7.3239,-0.0990,-0.0354,0.0133,-5.8059,-5.5785,3.8379,-0.0568,-0.0180,0.0095
-3.7685,0.7949,7.3310,-0.0189,0.0141,-0.0187,-5.9903,-5.7365,3.7230,-0.0266,0.0204,0.0200
-3.7565,0.8930,7.1395,-0.0461,0.0039,0.0108,-6.0190,-5.5019,3.5554,-0.0410,0.0248,0.0370
-3.7421,0.9122,7.2089,-0.0789,-0.0234,0.0000,-5.8993,-5.4731,3.6583,-0.0465,-0.0101,-0.0015
-3.7062,0.8691,7.1898,-0.0897,-0.0306,-0.0193,-5.8538,-5.5522,3.7014,-0.0576,-0.0294,-0.0244
-3.7134,0.8619,7.3957,-0.1194,-0.0352,-0.0127,-5.9352,-5.6623,3.7948,-0.0642,0.0184,-0.0230
-3.7948,0.8045,7.3215,-0.0522,0.0069,-0.0366,-5.8993,-5.6743,3.7948,-0.0300,0.0108,-0.0119
-3.7517,0.8906,7.1371,-0.0839,-0.0294,-0.0067,-5.9328,-5.4803,3.6392,-0.0446,-0.0057,-0.0133
-3.7637,0.8739,7.2664,-0.0786,-0.0169,-0.0265,-5.9233,-5.5426,3.6583,-0.0432,0.0083,-0.0270
-3.8140,0.8164,7.2472,-0.0819,-0.0119,-0.0284,-5.9807,-5.6527,3.6272,-0.0468,0.0016,-0.0249
-3.7062,0.8236,7.3263,-0.0743,-0.0148,-0.0101,-6.0597,-5.6647,3.6919,-0.0477,0.0330,-0.0019
-3.8571,0.8859,7.3047,-0.0582,-0.0128,-0.0111,-5.9113,-5.5474,3.5937,-0.0330,-0.0036,-0.0012
-3.7326,0.8882,7.2281,-0.0921,-0.0215,0.0093,-5.8730,-5.5378,3.6248,-0.0624,-0.0310,0.0037
-3.7876,0.8021,7.2832,-0.0855,-0.0036,0.0068,-5.8754,-5.6719,3.7948,-0.0512,-0.0011,0.0044
-3.7278,0.7949,7.3694,-0.0536,0.0179,-0.0023,-5.9161,-5.6096,3.7397,-0.0448,0.0025,0.0105
-3.7733,0.7949,7.3334,-0.0709,-0.0172,0.0112,-5.8873,-5.5833,3.5793,-0.0450,-0.0032,0.0144
-3.7254,0.8954,7.2065,-0.0576,-0.0033,0.0047,-5.9448,-5.5474,3.6392,-0.0314,0.0035,0.0048
-3.7517,0.8787,7.1156,-0.0849,-0.0292,-0.0306,-5.8897,-5.4540,3.7757,-0.0397,-0.0181,-0.0092
-3.6703,0.8404,7.1898,-0.0951,-0.0265,-0.0458,-5.8706,-5.5258,3.7445,-0.0578,-0.0076,-0.0277
-3.7158,0.7733,7.2209,-0.0937,0.0013,-0.0533,-5.8203,-5.8107,3.8235,-0.0569,0.0103,-0.0329
-3.8618,0.7997,7.3406,-0.0782,0.0005,-0.0262,-5.9592,-5.7389,3.7493,-0.0574,0.0330,-0.0137
-3.7350,0.9122,7.2640,-0.0625,-0.0008,-0.0127,-5.9951,-5.4588,3.6009,-0.0338,0.0221,0.0029
-3.5602,0.8595,6.8953,-0.0937,-0.0268,-0.0313,-5.7892,-5.3295,3.4836,-0.0659,-0.0460,-0.0376
-3.8595,0.8092,7.0677,-0.1541,-0.0254,-0.0512,-5.9879,-5.7461,3.7900,-0.0841,0.0183,-0.0822
-3.8930,0.6752,7.5154,-0.1235,0.0051,-0.0121,-5.9424,-5.8012,3.7900,-0.0831,-0.0112,-0.0273
-3.7230,0.6991,7.4747,-0.0747,0.0160,-0.0199,-5.9855,-5.7126,3.7158,-0.0632,0.0628,-0.0368
-3.6847,0.8164,7.2042,-0.1350,-0.0366,-0.0159,-5.8012,-5.6024,3.6990,-0.0727,-0.0207,-0.0472
-3.7038,0.6704,7.3454,-0.1163,-0.0140,-0.0105,-5.7844,-5.8490,3.8666,-0.0677,-0.0028,-0.0238
-3.8595,0.6249,7.6207,-0.0278,0.0502,-0.0457,-6.0286,-6.0956,3.8834,-0.0300,0.0798,0.0093
-3.9217,0.7278,7.3071,0.0465,-0.0204,0.0246,-5.9855,-5.7461,3.5817,0.0409,-0.0321,0.0978
-3.7086,0.8978,7.1132,0.0144,-0.0065,0.0305,-5.7078,-5.4157,3.4788,0.0064,0.0199,0.0577
-3.5985,0.9792,7.1563,-0.0574,-0.0317,-0.0176,-5.7293,-5.3151,3.6607,-0.0340,0.0031,-0.0136
-3.5506,0.8380,7.1467,-0.1259,-0.0097,-0.0691,-5.9376,-5.5378,3.6536,-0.0757,0.0493,-0.0558
-3.9504,0.7925,7.2856,-0.0978,0.0155,-0.0525,-5.9999,-5.7533,3.6631,-0.0701,0.0173,-0.0360
-3.9337,0.6752,7.3382,-0.0881,-0.0065,-0.0089,-5.9280,-5.8371,3.5147,-0.0666,0.0165,-0.0020
-3.6559,0.8739,7.7548,-0.0758,-0.0019,0.0453,-5.9472,-5.8179,3.8259,-0.0376,0.0004,0.0314
-4.0510,0.7949,7.0102,-0.0111,-0.0017,0.0544,-6.0190,-5.6096,3.3974,-0.0273,-0.0369,0.0574
-3.4429,0.9529,7.1084,-0.0958,-0.0414,0.0616,-5.6886,-5.2936,3.6152,-0.0735,-0.0468,0.0374
-3.5889,0.9984,7.1658,-0.1468,-0.0139,0.0124,-5.8562,-5.4348,3.7254,-0.0999,-0.0171,-0.0265
-3.8499,0.7470,7.3095,-0.1468,0.0008,-0.0060,-5.9855,-5.7197,3.6248,-0.0931,-0.0041,-0.0416
-3.8116,0.7422,7.3047,-0.1143,-0.0851,0.0055,-6.0286,-5.8945,3.7110,-0.0321,-0.0883,-0.0045
-3.6559,0.8356,7.2496,-0.0418,-0.0436,0.0064,-5.8395,-5.7724,3.8858,-0.0015,-0.0460,0.0250
-3.7709,0.8045,7.3239,-0.0312,0.0164,0.0204,-5.8754,-5.5952,3.6631,-0.0217,0.0108,0.0256
-3.7733,0.8715,7.0485,-0.0593,-0.0144,0.0085,-5.8395,-5.4348,3.5889,-0.0332,0.0124,0.0080
-3.7373,0.8882,7.2353,-0.0914,0.0119,-0.0132,-5.8083,-5.5354,3.7086,-0.0689,0.0017,-0.0100
-3.8164,0.8021,7.2089,-0.0791,0.0092,-0.0281,-5.9233,-5.7652,3.7804,-0.0464,0.0245,-0.0238
-3.8307,0.8284,7.2903,-0.0489,-0.0445,-0.0092,-6.1531,-5.7916,3.6895,-0.0017,0.0001,0.0193
-3.8283,0.7829,7.3382,-0.0225,-0.0324,0.0008,-5.8658,-5.7150,3.6703,0.0101,-0.0261,0.0489
-3.7661,0.8068,7.2401,0.0079,-0.0195,0.0136,-5.9328,-5.7652,3.8762,0.0097,0.0189,0.0686
-3.8858,0.8571,7.4124,0.0448,0.0310,0.0616,-6.1028,-5.8035,3.8068,0.0135,0.0652,0.0938
-3.8595,0.9984,7.0868,0.0448,-0.0017,0.0573,-5.8945,-5.3534,3.4500,0.0349,-0.0346,0.1264
-3.4788,1.0080,6.9887,-0.0221,-0.0690,0.0300,-5.7772,-5.2289,3.7110,0.0005,-0.0175,0.0456
-3.6847,1.0104,7.2449,-0.0819,-0.0921,0.0008,-6.0238,-5.4444,3.6105,-0.0216,-0.0304,0.0091
-3.5147,0.9744,7.3095,-0.0253,-0.0229,-0.0505,-5.9496,-5.7365,4.0845,0.0012,0.0213,-0.0065
-3.7541,1.0104,7.3622,-0.0370,-0.0281,-0.0056,-6.0023,-5.4995,3.6583,-0.0004,0.0188,0.0337
-3.7110,1.0080,7.1970,-0.0129,-0.0153,-0.0262,-5.9161,-5.4109,3.6607,0.0104,0.0199,0.0029
-3.5123,1.0822,7.0820,-0.0544,-0.0380,-0.0432,-5.9065,-5.2529,3.7397,-0.0218,-0.0149,-0.0101
-3.7014,0.9697,7.0318,-0.0906,-0.0083,-0.0592,-5.9017,-5.3750,3.5554,-0.0584,0.0169,-0.0553
-3.7757,1.0487,7.2042,-0.0955,0.0005,-0.0689,-5.9137,-5.4253,3.6799,-0.0516,0.0468,-0.0967
-3.7781,1.0942,7.0677,-0.1022,-0.0376,-0.0879,-5.9544,-5.2218,3.6559,-0.0390,-0.0029,-0.0790
-3.4860,1.0439,6.8857,-0.1772,-0.0257,-0.1002,-5.7581,-5.2050,3.5793,-0.0931,0.0141,-0.1330
-3.8044,0.8978,7.2233,-0.2401,-0.0245,-0.1022,-5.9328,-5.5450,3.7565,-0.1450,-0.0169,-0.1672
-3.9049,0.8404,7.5178,-0.1937,-0.0005,-0.0686,-6.0693,-5.9472,3.8762,-0.1271,0.0007,-0.1164
-4.0701,0.7015,7.3358,-0.1108,0.0052,-0.0111,-6.1699,-6.0190,3.6847,-0.0842,-0.0077,-0.0141
-3.9528,0.6297,7.2760,-0.0982,-0.0490,0.0414,-6.2321,-5.9711,3.7326,-0.0673,-0.0726,0.1458
-3.9433,0.7733,7.4316,-0.0592,-0.0592,0.0974,-5.9209,-5.6982,4.0127,-0.0035,-0.0674,0.0947
-3.4620,0.8284,7.2377,-0.0304,-0.0855,0.0817,-5.8538,-5.4731,3.7709,-0.0073,-0.1154,0.0978
-3.5410,0.9194,7.2281,-0.0524,-0.0779,0.0753,-5.7748,-5.3223,3.6966,-0.0265,-0.0598,0.0468
-3.6081,0.9170,7.1347,-0.0767,-0.0544,0.0504,-5.7628,-5.4037,3.9935,-0.0334,-0.0766,0.0039
-3.5865,0.8978,7.1826,-0.0981,-0.0288,0.0055,-5.8299,-5.4300,3.9409,-0.0630,-0.0452,0.0024
-3.8188,0.9050,7.2544,-0.0787,-0.0163,-0.0003,-5.9807,-5.5545,3.7541,-0.0338,-0.0015,0.0072
-3.5745,0.8715,7.2784,-0.0650,-0.0248,-0.0224,-5.9472,-5.5426,3.9097,-0.0045,-0.0183,0.0192
-3.6559,0.9074,7.1419,-0.0604,-0.0228,-0.0208,-5.9592,-5.5569,3.8068,-0.0345,-0.0036,-0.0040
-3.5243,0.9146,7.3287,-0.0658,-0.0353,-0.0139,-5.8634,-5.5282,3.9121,-0.0369,-0.0115,-0.0183
-3.5793,0.9385,7.3334,-0.0854,-0.0390,0.0228,-5.8945,-5.5713,3.8403,-0.0465,-0.0204,0.0051
-3.6655,0.8978,7.3933,-0.0576,-0.0201,0.0016,-5.8969,-5.5330,3.8571,-0.0426,-0.0144,0.0041
-3.6368,0.9529,7.3023,-0.0562,-0.0440,0.0141,-5.8921,-5.5641,3.7493,-0.0257,-0.0218,0.0268
-3.5338,0.9266,7.1754,-0.0428,-0.0097,0.0260,-5.8131,-5.5976,3.8642,-0.0286,-0.0116,0.0326
-3.5650,1.0008,7.3047,-0.0576,-0.0332,0.0285,-5.8849,-5.4755,3.8403,-0.0390,-0.0043,0.0366
-3.7062,0.9912,7.2065,-0.0739,-0.0008,-0.0093,-5.7988,-5.3151,3.9600,-0.0360,-0.0161,0.0011
-3.4764,0.9385,7.2425,-0.1049,0.0175,-0.0564,-5.6767,-5.3941,3.8858,-0.0610,0.0382,-0.0310
-3.5841,0.9816,7.3287,-0.1083,-0.0151,-0.0445,-5.8826,-5.5857,3.9145,-0.0709,0.0600,-0.0691
-3.5171,1.0175,7.4460,-0.0504,0.0706,-0.0602,-5.9209,-5.5569,4.0654,-0.0537,0.0901,-0.0326
-3.5171,1.0223,7.1323,-0.1199,0.0073,-0.0544,-5.7820,-5.3510,3.5889,-0.0782,0.0500,-0.0612
-3.7182,0.9673,7.1563,-0.1482,0.0191,-0.0846,-5.9017,-5.4803,3.6583,-0.0937,0.0144,-0.0843
-3.7661,0.9529,7.4316,-0.1567,-0.0584,-0.0528,-5.9448,-5.6934,3.6081,-0.0850,-0.0233,-0.0701
-3.8499,0.7853,7.5106,-0.1308,-0.0183,-0.0292,-5.9328,-5.8059,3.9385,-0.0638,-0.0441,-0.0185
-3.8307,0.7877,7.3095,-0.0390,-0.0020,-0.0068,-6.0334,-5.7964,3.8092,-0.0052,-0.0123,0.0413
-3.5985,0.8715,7.2640,-0.0814,-0.0568,0.0505,-5.9256,-5.4540,3.6200,-0.0424,-0.0289,0.0313
-3.6464,0.8811,7.2113,-0.0444,-0.0033,0.0092,-5.9448,-5.6168,3.9073,-0.0248,-0.0352,0.0203
-3.6512,0.8954,7.4795,-0.0634,-0.0417,0.0581,-5.9711,-5.6288,3.9816,-0.0462,0.0139,0.0250
-3.4620,0.9146,7.1635,-0.0348,-0.0160,0.0514,-5.7868,-5.5138,3.8451,-0.0218,-0.0624,0.0626
-3.7326,0.8882,7.2185,-0.0609,-0.0422,0.0506,-5.9137,-5.5067,3.6009,-0.0298,-0.0300,0.0277
-3.7038,0.9984,7.2903,-0.0809,-0.0807,0.0480,-5.9496,-5.4851,3.8140,-0.0161,-0.0907,0.0426
-3.4836,0.9673,7.3191,-0.0802,-0.0729,0.0609,-5.7820,-5.4085,3.9624,-0.0324,-0.0710,0.0324
-3.4069,0.9290,7.4053,-0.0755,-0.0342,0.0408,-5.7365,-5.4444,3.9552,-0.0550,-0.0376,0.0277
-3.5913,0.9385,7.1563,-0.0966,0.0203,0.0065,-5.8012,-5.4731,3.9672,-0.0534,0.0160,-0.0127
-3.6248,0.9529,7.1826,-0.1018,-0.0120,0.0097,-5.8658,-5.4875,3.8858,-0.0528,-0.0300,0.0089
-3.5243,0.9625,7.2808,-0.0931,-0.0308,-0.0011,-5.8299,-5.4995,3.8906,-0.0409,-0.0133,-0.0203
-3.4740,0.9673,7.3478,-0.0778,-0.0081,-0.0382,-5.7102,-5.4061,3.9528,-0.0521,-0.0246,-0.0237
-3.5650,0.9122,7.1108,-0.0989,-0.0201,-0.0313,-5.7365,-5.5306,3.9863,-0.0633,-0.0108,-0.0244
-3.5554,0.9457,7.4436,-0.0739,0.0025,-0.0141,-6.0047,-5.6288,3.9049,-0.0568,0.0649,-0.0111
-3.5410,0.9505,7.4891,-0.1013,-0.0181,0.0176,-5.8059,-5.4995,3.7373,-0.0378,0.0217,-0.0245
-3.5195,0.9002,7.1347,-0.0785,0.0051,-0.0376,-5.7150,-5.4851,3.9456,-0.0254,-0.0220,0.0077
-3.5219,0.9697,7.3454,-0.0697,-0.0139,-0.0297,-5.8466,-5.5067,3.8547,-0.0402,0.0121,0.0067
-3.6368,0.9385,7.5393,-0.0723,0.0324,-0.0191,-5.9951,-5.6096,4.0366,-0.0621,0.0787,-0.0221
-3.6129,0.9146,7.3191,-0.0290,0.0144,0.0073,-5.7844,-5.4899,3.7278,-0.0494,-0.0380,0.0155
-3.4836,0.9673,7.4843,-0.0698,-0.0445,0.0152,-5.8347,-5.5426,3.7757,-0.0562,0.0481,-0.0063
-3.5171,0.9050,7.1946,-0.0541,0.0028,-0.0151,-5.7988,-5.5354,3.8954,-0.0480,-0.0353,-0.0085
-3.4069,1.0008,7.3287,-0.1139,-0.0533,-0.0232,-5.6982,-5.5019,3.8140,-0.0731,0.0165,-0.0288
-3.6057,0.9912,7.5896,-0.1026,0.0120,-0.0237,-5.9089,-5.6431,3.8475,-0.0496,0.0429,-0.0012
-3.6057,0.9409,7.2712,-0.0671,0.0085,-0.0077,-5.8251,-5.5689,3.8810,-0.0341,0.0105,0.0067
-3.6583,0.9601,7.2616,-0.0802,-0.0369,0.0016,-5.7964,-5.4324,3.7469,-0.0446,-0.0284,0.0116
-3.5865,0.9481,7.1419,-0.0833,-0.0201,0.0005,-5.7652,-5.4013,3.7445,-0.0596,-0.0252,-0.0104
-3.4237,0.8978,7.3981,-0.1278,-0.0253,-0.0129,-5.7868,-5.6599,4.0558,-0.0819,-0.0084,-0.0332
-3.6129,0.9146,7.3574,-0.0851,0.0209,-0.0161,-5.7581,-5.6240,4.0079,-0.0600,-0.0129,-0.0109
-3.6583,0.8667,7.1850,-0.0678,0.0230,-0.0269,-5.9017,-5.6383,3.9217,-0.0406,0.0264,0.0205
-3.6368,0.9744,7.1132,-0.0782,-0.0245,0.0003,-5.7652,-5.5043,3.7326,-0.0590,-0.0028,0.0045
-3.5913,0.8954,7.3526,-0.0805,-0.0033,0.0115,-5.8203,-5.5354,3.9696,-0.0710,-0.0056,-0.0035
-3.5889,0.7997,7.4508,-0.0510,0.0175,-0.0019,-5.6767,-5.6647,4.0366,-0.0693,0.0055,0.0288
-3.5721,0.9050,7.3861,-0.0250,0.0951,-0.0518,-5.8897,-5.6647,4.0414,-0.0666,0.1351,-0.0017
-3.8642,1.0463,7.0102,-0.0445,0.0233,0.0512,-5.9161,-5.3846,3.5626,-0.0717,0.0081,0.0569
-3.4405,1.0056,7.1611,-0.0529,0.0388,-0.0337,-5.6719,-5.3486,3.8307,-0.0663,0.0613,-0.0019
-3.4500,0.9409,7.4340,-0.1138,-0.0277,-0.0296,-5.9735,-5.6527,3.9504,-0.0747,0.0357,-0.0168
-3.6679,0.9146,7.3550,-0.0621,0.0857,-0.0189,-5.8562,-5.6551,3.8068,-0.0783,0.0493,0.0165
-3.7661,0.9074,7.1730,-0.0742,0.0055,-0.0089,-5.9400,-5.6599,3.6416,-0.0409,0.0137,-0.0025
-3.8020,0.9361,7.4029,-0.0336,-0.0282,0.0149,-6.0741,-5.7126,3.8068,-0.0163,-0.0181,0.0489
-3.6512,0.9768,7.1682,0.0025,-0.0101,0.0384,-5.7772,-5.5402,3.8068,-0.0080,-0.0028,0.0743
-3.7206,0.9840,7.2903,-0.0207,0.0155,0.0533,-5.9879,-5.6695,3.9241,-0.0409,0.0318,0.0400
-3.8666,1.0247,7.4915,0.0462,0.0679,0.0859,-6.0310,-5.8251,4.0127,-0.0060,0.0441,0.1216
-3.6512,1.0750,7.2688,0.1081,0.0554,0.0997,-6.0334,-5.5522,3.6152,0.0277,0.0484,0.1853
-3.8020,1.1684,6.8905,0.0671,-0.0661,0.1038,-5.9448,-5.1475,3.6200,0.0633,-0.0549,0.1475
-3.5338,1.2857,6.9887,-0.0092,-0.0915,0.0779,-5.9041,-4.9464,3.7685,0.0127,-0.0987,0.1066
-3.4812,1.3192,7.1994,-0.0774,-0.0782,0.0533,-5.8155,-5.1667,3.9935,-0.0221,-0.0368,0.0246
-3.6033,1.2234,7.2065,-0.0790,-0.0092,0.0270,-5.9089,-5.3319,3.8714,-0.0254,-0.0226,0.0216
-3.7158,1.1540,7.3478,-0.0843,-0.0153,0.0192,-5.9256,-5.3750,3.9552,-0.0310,-0.0019,0.0015
-3.5841,1.2234,7.3095,-0.0242,-0.0306,0.0041,-6.1100,-5.3726,3.8930,0.0091,-0.0069,0.0384
-3.6057,1.2426,7.1132,-0.0390,-0.0528,-0.0007,-5.8802,-5.0805,3.7397,-0.0017,-0.0080,0.0140
-3.6272,1.2785,7.3023,-0.0574,0.0016,-0.0233,-5.9544,-5.2864,3.9552,-0.0328,0.0244,-0.0216
-3.6631,1.2953,7.2305,-0.0492,0.0229,-0.0424,-6.0382,-5.3630,4.0127,-0.0230,0.0296,0.0079
-3.7062,1.2641,7.0174,-0.0296,0.0041,-0.0322,-6.1411,-5.3151,3.9672,-0.0188,0.0249,0.0047
-3.7086,1.3192,7.1922,-0.0421,-0.0204,-0.0045,-6.1244,-5.3056,3.7350,-0.0234,0.0044,0.0171
-3.5291,1.2857,7.1994,-0.0659,-0.0735,0.0012,-6.0525,-5.2170,3.8499,-0.0147,-0.0145,0.0168
-3.7014,1.3120,7.3526,-0.0802,0.0033,-0.0358,-6.0573,-5.3630,4.0869,-0.0184,0.0470,-0.0111
-3.6033,1.2953,7.1994,-0.0297,-0.0029,-0.0028,-6.0310,-5.2768,3.8906,-0.0205,-0.0425,0.0540
-3.6488,1.3312,7.3478,-0.0228,0.0053,0.0232,-6.0478,-5.2984,3.8714,-0.0281,0.0886,0.0230
-3.6679,1.3479,6.9599,-0.0667,0.0060,-0.0161,-6.0047,-5.1020,3.9456,-0.0120,-0.0313,0.0376
-3.6033,1.4174,7.0413,-0.0979,-0.0502,-0.0165,-6.0262,-5.1643,3.8523,-0.0626,-0.0209,-0.0069
-3.8020,1.3264,7.2640,-0.0769,0.0329,-0.0340,-6.2034,-5.4133,4.1204,-0.0490,0.0508,-0.0282
-3.7254,1.2713,7.1084,-0.0510,-0.0033,0.0033,-6.1292,-5.2984,3.8044,-0.0484,-0.0161,0.0109
-3.7972,1.3360,7.0868,-0.0767,-0.0087,-0.0077,-6.1459,-5.2002,3.9265,-0.0282,-0.0075,0.0013
-3.5386,1.2546,7.1132,-0.0773,-0.0357,-0.0164,-5.9735,-5.2816,4.0845,-0.0466,-0.0529,-0.0039
-3.5530,1.3024,7.4867,-0.0845,-0.0167,-0.0236,-6.0717,-5.2768,3.8738,-0.0536,0.0634,-0.0167
-3.8140,1.3001,7.1946,-0.0679,0.0422,-0.0362,-6.1100,-5.2553,3.8810,-0.0341,0.0330,-0.0027
-3.6775,1.3144,7.1706,-0.0699,-0.0376,0.0016,-6.0837,-5.1188,3.7781,-0.0426,-0.0438,0.0024
-3.5434,1.3982,7.2161,-0.0834,-0.0562,0.0091,-6.0262,-5.1906,3.9385,-0.0482,-0.0270,-0.0044
-3.7254,1.3096,7.0030,-0.1022,0.0001,-0.0432,-5.9472,-5.3439,4.0989,-0.0361,-0.0152,-0.0161
-3.7158,1.2905,7.2832,-0.0686,0.0137,-0.0044,-6.1052,-5.3630,3.9002,-0.0420,0.0286,0.0123
-3.6943,1.3120,7.1012,-0.0638,-0.0132,0.0083,-5.9496,-5.1284,3.7134,-0.0522,-0.0081,0.0103
-3.5530,1.4006,7.3694,-0.0939,-0.0532,-0.0035,-6.1148,-5.2050,3.8882,-0.0488,0.0207,-0.0047
-3.6176,1.3767,7.3095,-0.0806,-0.0033,-0.0041,-6.0238,-5.2122,3.8954,-0.0650,0.0067,-0.0151
-3.7086,1.3120,7.1539,-0.0947,0.0096,-0.0258,-6.1028,-5.2888,3.9983,-0.0381,-0.0085,0.0016
-3.6248,1.3336,7.1658,-0.0789,-0.0286,-0.0048,-6.0908,-5.2409,3.8092,-0.0505,-0.0240,0.0113
-3.5458,1.3312,7.2377,-0.0734,-0.0253,-0.0084,-6.0621,-5.1882,3.9049,-0.0494,0.0040,-0.0155
-3.7565,1.2426,7.2760,-0.1079,-0.0024,-0.0211,-6.0837,-5.2218,3.9289,-0.0436,0.0069,-0.0185
-3.6895,1.3240,7.2760,-0.0949,-0.0012,-0.0091,-6.1627,-5.3486,3.8618,-0.0516,0.0068,-0.0152
-3.6895,1.2785,6.9432,-0.0905,-0.0297,-0.0077,-6.0765,-5.2888,3.8954,-0.0517,-0.0141,-0.0156
-3.5817,1.2450,7.4531,-0.0695,-0.0143,-0.0120,-6.1387,-5.3271,4.0055,-0.0524,0.0370,-0.0105
-3.6152,1.3455,7.2951,-0.0481,-0.0137,0.0033,-6.0238,-5.1930,3.8451,-0.0454,0.0013,0.0073
-3.6655,1.3384,7.4124,-0.0560,-0.0023,0.0013,-6.0908,-5.3367,3.9025,-0.0450,0.0160,-0.0032
-3.6272,1.2570,7.1898,-0.0602,-0.0023,0.0021,-6.0286,-5.2936,3.8451,-0.0414,-0.0222,0.0160
-3.6368,1.3767,6.9504,-0.0629,-0.0075,-0.0193,-6.1387,-5.2864,4.0199,-0.0432,0.0012,-0.0103
-3.6248,1.3408,7.1563,-0.0761,-0.0109,-0.0048,-5.9472,-5.1858,3.8307,-0.0493,-0.0001,-0.0068
-3.6440,1.3479,7.2736,-0.0682,-0.0191,-0.0101,-6.0190,-5.1356,3.8786,-0.0561,-0.0109,-0.0224
-3.5314,1.3527,7.2688,-0.1100,-0.0533,-0.0071,-5.9807,-5.2409,3.9289,-0.0584,-0.0040,-0.0171
-3.6583,1.2641,7.2401,-0.0907,-0.0047,-0.0405,-6.0047,-5.3774,4.0175,-0.0370,0.0089,-0.0169
-3.6895,1.3479,7.2951,-0.0897,-0.0277,-0.0144,-6.0549,-5.3319,3.9097,-0.0366,0.0057,-0.0023
-3.5506,1.2761,7.1850,-0.0713,-0.0169,-0.0152,-6.0382,-5.2385,3.8738,-0.0364,-0.0041,-0.0043
-3.6033,1.3096,7.2927,-0.0634,-0.0225,-0.0184,-5.9951,-5.3103,3.8403,-0.0425,0.0095,-0.0140
-3.6631,1.3408,7.1563,-0.0994,-0.0266,-0.0115,-5.9951,-5.2002,3.8211,-0.0465,-0.0092,-0.0091
-3.5913,1.2929,7.2832,-0.0869,0.0051,-0.0179,-5.9975,-5.1906,3.9504,-0.0476,-0.0020,-0.0081
-3.5410,1.3384,7.1778,-0.0830,-0.0360,-0.0096,-6.0454,-5.2146,3.9169,-0.0509,0.0053,-0.0072
-3.5650,1.1995,7.3191,-0.0715,-0.0041,-0.0189,-6.0094,-5.2601,3.9816,-0.0457,0.0004,0.0044
-3.6296,1.2905,6.9911,-0.0725,-0.0113,-0.0101,-6.0861,-5.2601,3.9624,-0.0373,0.0124,-0.0055
-3.5865,1.3264,7.2736,-0.0921,-0.0071,-0.0028,-5.9951,-5.2648,3.9528,-0.0553,-0.0099,0.0096
-3.6224,1.4078,7.4651,-0.1015,-0.0384,0.0111,-6.1196,-5.3008,4.0558,-0.0450,0.0177,-0.0064
-3.4955,1.2306,7.2927,-0.0662,0.0245,-0.0257,-5.9999,-5.1978,3.9313,-0.0340,0.0057,0.0120
-3.3734,1.3192,7.1922,-0.0709,-0.0474,-0.0300,-5.9903,-5.2002,3.9744,-0.0390,-0.0099,-0.0104
-3.6105,1.3168,7.0988,-0.0497,-0.0049,-0.0433,-6.0310,-5.2194,3.7900,-0.0436,-0.0141,-0.0128
-3.5817,1.2498,7.3813,-0.0965,-0.0181,-0.0103,-6.0669,-5.2289,3.9193,-0.0737,0.0576,-0.0221
-3.7373,1.3240,7.0988,-0.0899,0.0099,-0.0180,-6.0262,-5.2888,3.9361,-0.0321,-0.0031,-0.0199
-3.7158,1.2809,7.2329,-0.0831,-0.0176,0.0125,-6.0573,-5.1787,3.8714,-0.0525,-0.0161,0.0092
-3.6990,1.2977,7.2425,-0.1111,-0.0368,0.0250,-6.0813,-5.2984,3.8858,-0.0442,0.0156,-0.0108
-3.5338,1.2833,7.3646,-0.0823,0.0099,-0.0033,-5.9544,-5.2265,3.9313,-0.0482,-0.0053,0.0039
-3.6152,1.2857,7.1275,-0.0674,-0.0246,-0.0179,-6.0573,-5.2457,3.9121,-0.0369,-0.0169,-0.0076
-3.5314,1.3001,7.1874,-0.0730,-0.0211,-0.0302,-5.9496,-5.1715,3.9097,-0.0437,-0.0173,-0.0100
-3.5913,1.3336,7.4627,-0.0861,-0.0301,-0.0135,-6.0166,-5.2768,3.9983,-0.0564,0.0144,-0.0313
-3.6224,1.3240,7.1922,-0.0738,0.0111,-0.0176,-6.0142,-5.2577,3.8834,-0.0405,0.0084,-0.0036
-3.5554,1.2689,7.2640,-0.0885,-0.0200,-0.0253,-6.0430,-5.2888,3.9480,-0.0486,0.0171,-0.0093
-3.6176,1.2450,7.1419,-0.0709,-0.0397,-0.0107,-5.9400,-5.2816,3.9217,-0.0433,-0.0334,-0.0004
-3.5626,1.3408,7.3215,-0.0754,0.0041,-0.0097,-5.9927,-5.1787,3.7996,-0.0584,0.0241,-0.0008
-3.6320,1.2617,7.4292,-0.0842,-0.0336,0.0121,-5.9472,-5.3151,3.9720,-0.0533,-0.0119,-0.0031
-3.7876,1.2354,7.3287,-0.0837,0.0095,0.0077,-6.0956,-5.3175,3.9241,-0.0489,-0.0056,-0.0120
-3.4309,1.3312,7.1802,-0.0925,-0.0191,-0.0072,-5.9424,-5.2840,4.0366,-0.0446,-0.0148,0.0143
-3.5650,1.2929,7.0988,-0.0669,-0.0092,-0.0147,-5.9664,-5.2074,3.8906,-0.0450,0.0004,-0.0076
-3.7445,1.2498,7.3646,-0.1398,-0.0196,0.0085,-6.0573,-5.3606,3.8858,-0.0488,0.0262,-0.0203
-3.5147,1.2450,7.2425,-0.1131,0.0112,-0.0136,-5.9496,-5.3271,3.9049,-0.0430,-0.0105,0.0059
-3.6296,1.3336,7.1419,-0.0798,-0.0245,-0.0169,-6.0190,-5.2553,3.8642,-0.0512,-0.0119,-0.0187
-3.5865,1.2139,7.1395,-0.0675,-0.0077,-0.0079,-6.0166,-5.2553,3.9648,-0.0533,-0.0159,-0.0107
-3.6272,1.3120,7.3789,-0.1112,-0.0350,0.0095,-5.9687,-5.3367,3.9121,-0.0542,-0.0004,-0.0096
-3.7852,1.3072,7.0701,-0.1066,0.0065,0.0023,-6.0238,-5.2888,3.8834,-0.0576,-0.0290,0.0012
-3.6583,1.2641,7.2353,-0.0851,-0.0179,-0.0021,-6.0669,-5.2625,3.7828,-0.0633,0.0115,0.0061
-3.6272,1.2833,7.0533,-0.1355,-0.0233,0.0061,-5.8083,-5.2888,4.0558,-0.1186,-0.0970,0.0015
-3.5123,1.2043,7.4531,-0.0679,-0.0119,-0.0308,-6.1292,-5.4300,4.2521,-0.0301,0.0552,-0.0237
-3.6751,1.2546,7.2784,-0.0562,-0.0048,0.0047,-6.0454,-5.2577,3.8164,-0.0552,0.0027,0.0063
-3.6105,1.2809,7.2544,-0.0493,0.0180,0.0101,-5.9759,-5.2816,3.9025,-0.0526,0.0048,-0.0084
-3.3423,1.2737,7.3191,-0.1187,-0.0750,-0.0135,-5.9472,-5.2241,3.9025,-0.0488,-0.0189,-0.0124
-3.6464,1.2378,7.3502,-0.0882,0.0268,-0.0392,-6.0501,-5.3558,3.8882,-0.0548,0.0233,-0.0238
-3.7661,1.2139,7.2233,-0.0893,-0.0093,-0.0370,-6.0669,-5.3917,3.8834,-0.0306,0.0103,0.0127
-3.6344,1.2378,7.2137,-0.0773,-0.0176,0.0017,-6.0286,-5.3391,3.8164,-0.0421,-0.0096,0.0136
-3.5674,1.2546,7.2472,-0.0735,-0.0192,0.0089,-5.9664,-5.2194,4.0175,-0.0434,-0.0144,-0.0116
-3.5793,1.2210,7.1443,-0.0803,-0.0148,0.0003,-5.9640,-5.2768,4.0055,-0.0496,-0.0115,-0.0161
-3.4165,1.2905,7.3933,-0.0974,-0.0179,-0.0242,-5.9807,-5.2816,3.9025,-0.0590,0.0258,-0.0152
-3.5506,1.2594,7.1874,-0.0641,-0.0171,-0.0337,-6.0118,-5.2409,3.8235,-0.0313,-0.0120,-0.0157
-3.4931,1.2115,7.4244,-0.1047,-0.0404,-0.0201,-5.9903,-5.3343,3.8762,-0.0618,0.0143,-0.0309
-3.6009,1.2354,7.2808,-0.0775,0.0032,-0.0207,-5.9113,-5.3103,3.9217,-0.0421,-0.0085,-0.0104
-3.5793,1.1779,7.2281,-0.0528,0.0017,-0.0153,-5.9831,-5.3103,3.8906,-0.0481,0.0168,-0.0091
-3.5051,1.3120,7.4340,-0.0945,-0.0468,0.0063,-5.9951,-5.3008,3.7996,-0.0418,0.0240,0.0035
-3.5314,1.2330,6.9264,-0.0926,0.0185,-0.0396,-5.9472,-5.1858,3.9097,-0.0289,0.0037,-0.0047
-3.5913,1.2713,7.2856,-0.1047,-0.0340,-0.0201,-6.0142,-5.2696,3.8810,-0.0565,0.0056,-0.0109
-3.7661,1.1133,7.1275,-0.0922,0.0217,-0.0121,-6.1220,-5.4612,4.0342,-0.0466,0.0229,-0.0153
-3.6152,1.2043,7.3550,-0.0738,-0.0072,0.0119,-6.0597,-5.3870,3.8858,-0.0586,-0.0029,0.0008
-3.5745,1.3001,7.3550,-0.0818,-0.0449,0.0067,-5.9759,-5.3463,3.9337,-0.0408,0.0039,0.0023
-3.3232,1.2546,7.4579,-0.0703,0.0111,-0.0312,-6.0813,-5.3319,3.9720,-0.0618,0.0253,-0.0043
-3.5027,1.2282,7.2377,-0.0838,-0.0230,-0.0266,-5.9472,-5.3199,3.9121,-0.0476,-0.0203,-0.0284
-3.6727,1.1827,7.2329,-0.0484,-0.0076,-0.0125,-5.8921,-5.2984,3.9289,-0.0478,-0.0341,-0.0028
-3.5267,1.2450,7.2664,-0.0610,-0.0300,0.0028,-6.0166,-5.3247,3.8595,-0.0418,0.0144,0.0044
-3.5698,1.2450,7.3143,-0.0845,-0.0148,-0.0035,-5.9209,-5.1763,3.7613,-0.0485,0.0229,-0.0085
-3.5530,1.2498,7.3741,-0.0601,0.0031,-0.0526,-5.8993,-5.2840,3.9672,-0.0450,-0.0009,-0.0183
-3.6033,1.2426,7.3191,-0.0396,-0.0293,-0.0521,-6.0717,-5.3630,3.8092,-0.0414,-0.0244,0.0003
-3.6679,1.2115,7.1395,-0.0701,-0.0180,-0.0927,-5.9568,-5.3319,3.8618,-0.0305,0.0035,-0.0092
-3.6823,1.1803,7.3598,-0.0906,-0.0199,-0.0464,-5.9879,-5.3965,4.0366,-0.0420,0.0300,-0.0212
-3.7517,1.2186,7.2903,-0.0709,0.0089,0.0067,-6.0142,-5.3175,3.7781,-0.0378,0.0121,0.0065
-3.6009,1.2282,7.2688,-0.0882,-0.0293,0.0354,-6.0334,-5.2481,3.9720,-0.0585,0.0004,0.0032
-3.6607,1.2378,7.2808,-0.0620,0.0003,-0.0370,-6.0071,-5.2648,3.8882,-0.0225,-0.0133,-0.0151
-3.5626,1.2163,7.1275,-0.1046,-0.0317,-0.0179,-6.0358,-5.3319,3.8810,-0.0625,-0.0060,-0.0149
-3.6464,1.2210,7.2856,-0.0887,0.0104,-0.0350,-6.0118,-5.3343,3.9624,-0.0421,0.0052,-0.0222
-3.6488,1.1588,7.2185,-0.0789,-0.0292,-0.0076,-6.0382,-5.4516,3.9624,-0.0360,-0.0011,0.0093
-3.6583,1.2378,7.1323,-0.0702,-0.0059,0.0064,-6.0214,-5.2002,3.8307,-0.0433,0.0041,0.0120
-3.6583,1.1971,7.2185,-0.1057,-0.0013,-0.0187,-6.0071,-5.2864,3.8858,-0.0382,0.0120,-0.0257
-3.6368,1.2139,7.2137,-0.0934,-0.0033,0.0023,-5.9951,-5.2744,3.8188,-0.0620,-0.0161,-0.0043
-3.7445,1.2282,7.2089,-0.0973,-0.0081,0.0027,-6.0142,-5.3079,3.7589,-0.0437,-0.0023,-0.0088
-3.6152,1.1827,7.1706,-0.0725,-0.0087,-0.0075,-6.0118,-5.3989,3.9025,-0.0450,-0.0105,-0.0019
-3.5338,1.2426,7.3598,-0.0786,-0.0330,0.0128,-5.9783,-5.3415,3.9576,-0.0596,-0.0080,-0.0117
-3.6679,1.1995,7.1539,-0.0886,0.0191,0.0045,-5.9448,-5.3079,3.8427,-0.0381,-0.0064,-0.0008
-3.4309,1.1851,7.1922,-0.0825,-0.0119,-0.0216,-5.9544,-5.3534,3.9935,-0.0470,-0.0016,-0.0103
-3.6440,1.2546,7.2712,-0.0721,-0.0406,-0.0101,-5.9496,-5.2744,3.8642,-0.0445,-0.0101,-0.0112
-3.4812,1.1708,7.4891,-0.0959,-0.0265,-0.0196,-5.9592,-5.3486,3.8882,-0.0510,0.0357,-0.0105
-3.5698,1.2186,7.2999,-0.0669,-0.0093,-0.0151,-5.9304,-5.3343,3.8307,-0.0410,-0.0117,-0.0081
-3.6464,1.2067,7.3167,-0.0710,-0.0195,-0.0057,-5.9424,-5.3415,3.8499,-0.0513,-0.0123,-0.0101
-3.6895,1.1756,7.4196,-0.1318,-0.0111,-0.0208,-5.9711,-5.3702,4.0630,-0.0324,0.0124,-0.0164
-3.6751,1.1827,7.1850,-0.0674,0.0164,-0.0040,-6.0190,-5.3606,3.7996,-0.0290,-0.0156,0.0237
-3.6272,1.2210,7.2161,-0.0678,-0.0221,0.0123,-6.0597,-5.2098,3.8786,-0.0417,-0.0003,0.0005
-3.4764,1.1564,6.9408,-0.0533,-0.0143,-0.0104,-5.8538,-5.2601,4.0151,-0.0444,-0.0464,-0.0071
-3.5219,1.1133,7.2856,-0.0798,-0.0309,0.0120,-6.0669,-5.3678,3.9672,-0.0605,0.0512,-0.0041
-3.5410,1.2354,7.3717,-0.0910,-0.0123,0.0027,-6.0262,-5.2792,3.9911,-0.0428,0.0001,-0.0097
-3.5817,1.1851,7.4508,-0.0689,-0.0071,-0.0199,-5.8921,-5.2864,3.9744,-0.0346,-0.0052,-0.0005
-3.5434,1.2139,7.2089,-0.0646,-0.0364,-0.0048,-5.9735,-5.3893,3.8116,-0.0378,-0.0145,0.0075
-3.4716,1.1851,7.4819,-0.0490,0.0125,-0.0176,-5.9951,-5.4827,3.9576,-0.0473,0.0436,-0.0135
-3.5171,1.1444,7.3119,-0.0817,-0.0410,0.0103,-6.0286,-5.3319,3.9002,-0.0460,-0.0023,-0.0039
-3.4955,1.1875,7.3646,-0.0654,0.0048,-0.0133,-5.9616,-5.2768,3.9313,-0.0424,-0.0155,-0.0032
-3.6033,1.1708,7.2281,-0.0751,-0.0266,-0.0028,-5.9735,-5.3032,3.8188,-0.0377,-0.0085,-0.0064
-3.6583,1.2234,7.2951,-0.0909,-0.0079,-0.0007,-5.9472,-5.3271,3.8164,-0.0462,0.0125,0.0029
-3.6176,1.1205,7.3382,-0.0883,-0.0019,-0.0031,-5.9089,-5.3343,3.9744,-0.0401,0.0017,-0.0120
-3.6272,1.1779,7.1850,-0.0835,-0.0187,-0.0057,-5.9209,-5.2888,3.8786,-0.0420,-0.0328,0.0032
-3.6559,1.1612,7.3263,-0.0624,0.0032,-0.0145,-5.9520,-5.3175,3.8906,-0.0462,0.0181,-0.0048
-3.7062,1.2282,7.2544,-0.0991,-0.0300,-0.0040,-5.9999,-5.2840,3.9720,-0.0498,-0.0164,-0.0091
-3.6823,1.1564,7.2712,-0.0813,0.0208,-0.0163,-5.9807,-5.4540,4.0845,-0.0436,0.0029,-0.0029
-3.5721,1.1612,7.3071,-0.0793,-0.0205,0.0025,-6.0142,-5.2936,3.8355,-0.0408,-0.0021,0.0140
-3.5243,1.2474,7.3430,-0.0649,-0.0103,-0.0179,-5.9783,-5.3606,3.9528,-0.0466,0.0144,-0.0116
-3.7062,1.1205,7.2233,-0.0769,-0.0108,-0.0161,-5.9113,-5.3247,3.9648,-0.0341,-0.0116,-0.0137
-3.6344,1.2163,7.3263,-0.0588,0.0013,-0.0048,-6.0454,-5.2816,3.8786,-0.0542,-0.0015,-0.0003
-3.5075,1.2043,7.3167,-0.1106,-0.0648,0.0065,-5.9975,-5.2672,3.8044,-0.0512,0.0081,-0.0057
-3.5051,1.1612,7.2353,-0.0934,0.0117,-0.0405,-5.9065,-5.2840,4.0151,-0.0444,0.0133,-0.0332
-3.6152,1.1851,7.3239,-0.0770,-0.0240,-0.0093,-6.0238,-5.3271,3.9002,-0.0502,-0.0244,-0.0008
-3.6655,1.2186,7.4172,-0.0973,-0.0237,0.0119,-6.0023,-5.2840,3.7828,-0.0340,0.0069,0.0115
-3.5291,1.1923,7.3909,-0.0725,0.0060,0.0040,-5.8802,-5.3103,3.8810,-0.0405,-0.0036,0.0053
-3.4716,1.1756,7.1539,-0.0489,-0.0350,-0.0005,-5.9592,-5.2984,3.8954,-0.0444,-0.0309,0.0119
-3.4596,1.2713,7.3765,-0.0849,-0.0230,-0.0120,-5.9735,-5.3439,3.9863,-0.0558,0.0400,-0.0100
-3.4907,1.2354,7.3215,-0.0540,-0.0016,-0.0181,-5.9328,-5.3295,3.8882,-0.0469,-0.0085,-0.0179
-3.6009,1.2713,7.3598,-0.0685,-0.0381,-0.0036,-6.0430,-5.2457,3.8978,-0.0478,0.0000,0.0051
-3.7182,1.2306,7.0844,-0.1200,-0.0065,-0.0099,-5.9664,-5.2912,3.8331,-0.0390,0.0021,-0.0167
-3.6009,1.1420,7.3143,-0.0985,-0.0145,-0.0149,-5.9233,-5.3415,4.0127,-0.0452,-0.0397,-0.0133
-3.5338,1.1971,7.3023,-0.0913,-0.0284,-0.0116,-5.9568,-5.3965,3.9504,-0.0460,0.0269,-0.0093
-3.5961,1.2091,7.2329,-0.0715,-0.0024,-0.0183,-5.9879,-5.3415,3.9097,-0.0385,-0.0083,-0.0069
-3.6320,1.2306,7.1180,-0.0922,-0.0268,-0.0195,-5.9472,-5.3223,3.9528,-0.0408,-0.0149,-0.0205
-3.6320,1.1540,7.2712,-0.0727,-0.0007,-0.0260,-5.9783,-5.3175,4.0151,-0.0528,-0.0103,-0.0136
-3.5745,1.1708,7.3957,-0.0945,-0.0322,-0.0107,-5.9520,-5.3127,3.8690,-0.0510,0.0147,-0.0183
-3.6464,1.1253,7.3358,-0.0894,-0.0040,-0.0245,-6.0214,-5.3678,3.9672,-0.0349,0.0035,-0.0199
-3.6129,1.2139,7.1946,-0.0758,-0.0309,-0.0063,-5.8395,-5.3151,3.9097,-0.0485,-0.0298,-0.0009
-3.5003,1.2378,7.3717,-0.1059,-0.0393,0.0035,-5.9568,-5.3175,3.9169,-0.0546,0.0055,-0.0112
-3.5985,1.2234,7.3430,-0.0891,0.0169,-0.0100,-5.8921,-5.2936,3.8930,-0.0480,-0.0023,-0.0155
-3.5602,1.2091,7.2329,-0.0791,-0.0284,-0.0033,-5.9280,-5.3702,3.9959,-0.0450,-0.0119,-0.0035
-3.6488,1.1875,7.3430,-0.0520,-0.0064,-0.0095,-5.9065,-5.3175,3.9385,-0.0460,-0.0072,0.0021
-3.4788,1.2234,7.4196,-0.1126,-0.0554,0.0129,-5.9448,-5.3079,3.8571,-0.0532,-0.0025,-0.0137
-3.5506,1.2139,7.3287,-0.0787,0.0172,-0.0199,-5.8634,-5.3032,4.0486,-0.0424,-0.0011,-0.0056
-3.6320,1.1660,7.2329,-0.0641,-0.0161,-0.0087,-5.9568,-5.4013,4.0294,-0.0441,-0.0107,-0.0020
-3.5650,1.1923,7.2401,-0.0793,-0.0269,-0.0080,-5.8873,-5.2601,3.9552,-0.0544,-0.0049,0.0019
-3.5458,1.1708,7.4292,-0.0709,-0.0234,-0.0073,-5.9759,-5.3870,3.8547,-0.0518,0.0197,-0.0076
-3.7924,1.1133,7.1347,-0.1163,-0.0068,0.0020,-5.9831,-5.3463,4.0007,-0.0373,0.0027,-0.0029
-3.5961,1.2091,7.3263,-0.0778,-0.0049,-0.0013,-5.9783,-5.3367,3.9504,-0.0469,-0.0164,0.0112
-3.6081,1.1301,7.2161,-0.0428,-0.0167,-0.0019,-6.0023,-5.3678,3.9217,-0.0369,-0.0108,0.0149
-3.6655,1.1756,7.2856,-0.0897,-0.0129,0.0077,-5.9664,-5.2840,3.7876,-0.0401,-0.0075,0.0109
-3.5913,1.1612,7.3119,-0.0582,0.0057,-0.0044,-5.8921,-5.3319,3.9696,-0.0358,0.0008,0.0040
-3.6536,1.0870,7.2975,-0.0274,-0.0183,0.0045,-5.9280,-5.4133,3.8475,-0.0448,-0.0147,0.0036
-3.4237,1.2354,7.2520,-0.0826,-0.0332,-0.0025,-5.9304,-5.3223,3.8618,-0.0426,0.0068,0.0033
-3.5267,1.1947,7.2089,-0.0706,-0.0121,-0.0260,-5.8706,-5.3079,3.9504,-0.0426,-0.0035,-0.0131
-3.5506,1.1732,7.0030,-0.0866,-0.0144,-0.0285,-5.9616,-5.3223,4.1013,-0.0436,0.0059,-0.0080
-3.6727,1.1827,7.2401,-0.1085,-0.0221,-0.0229,-5.9711,-5.3678,4.0318,-0.0524,0.0045,-0.0209
-3.5458,1.1564,7.4077,-0.0818,-0.0145,-0.0253,-5.9520,-5.4564,3.9696,-0.0433,-0.0049,-0.0035
-3.5817,1.1803,7.2784,-0.0454,-0.0049,-0.0037,-5.9352,-5.2768,3.8882,-0.0460,0.0052,0.0061
-3.5003,1.2306,7.2832,-0.0506,-0.0059,0.0027,-5.9041,-5.2553,3.9097,-0.0440,-0.0009,0.0039
-3.4548,1.1851,7.4508,-0.0458,-0.0071,0.0036,-5.9137,-5.3103,4.0797,-0.0570,-0.0033,-0.0081
-3.8331,1.1636,7.0892,-0.0389,0.0538,-0.0252,-5.9496,-5.4660,4.1420,-0.0136,0.0368,0.0095
-3.6440,1.2019,7.0030,-0.0328,0.0281,-0.0061,-5.9903,-5.3295,3.9552,-0.0253,0.0266,0.0330
-3.5123,1.3312,7.0366,-0.0645,-0.0472,-0.0185,-5.9807,-5.1284,3.8403,-0.0296,-0.0141,0.0011
-3.3926,1.2785,7.2137,-0.1178,-0.0545,-0.0292,-5.8466,-5.2744,3.8235,-0.0721,-0.0261,-0.0285
-3.4764,1.1492,7.3478,-0.0983,-0.0264,-0.0341,-5.9592,-5.4516,4.0869,-0.0542,0.0127,-0.0215
-3.6248,1.2019,7.4867,-0.0909,-0.0089,0.0019,-6.0597,-5.4564,3.8355,-0.0485,0.0249,-0.0015
-3.5338,1.2450,7.0030,-0.0662,-0.0024,-0.0172,-5.8083,-5.3175,3.9840,-0.0261,-0.0212,0.0063
-3.4093,1.2330,7.2640,-0.0895,-0.0376,-0.0140,-5.9017,-5.2265,3.9313,-0.0533,0.0208,-0.0039
-3.6871,1.1995,7.2281,-0.1081,0.0131,-0.0269,-5.9304,-5.3702,4.0510,-0.0480,0.0159,-0.0175
-3.6919,1.1564,7.3215,-0.0725,-0.0117,-0.0087,-5.9520,-5.4013,3.9385,-0.0545,-0.0149,-0.0043
-3.5865,1.1875,7.4364,-0.0770,-0.0490,0.0097,-6.0286,-5.4420,3.9097,-0.0353,-0.0065,0.0140
-3.6009,1.1803,7.2688,-0.0380,0.0289,-0.0033,-5.8969,-5.2648,3.9935,-0.0296,0.0017,0.0016
-3.5841,1.1612,7.0054,-0.0881,-0.0213,-0.0167,-5.9711,-5.3175,3.9863,-0.0393,0.0164,-0.0160
-3.6248,1.2426,7.2951,-0.0753,0.0023,-0.0257,-5.9328,-5.3175,3.9169,-0.0537,-0.0037,-0.0087
-3.5793,1.1492,7.3694,-0.0662,-0.0316,-0.0167,-5.9807,-5.3558,3.9456,-0.0429,0.0084,-0.0107
-3.6057,1.2570,7.2042,-0.0686,-0.0061,-0.0161,-5.9448,-5.3558,4.0151,-0.0438,-0.0007,-0.0093
-3.5195,1.2019,7.2616,-0.0608,-0.0035,-0.0434,-5.9113,-5.3223,4.0127,-0.0330,-0.0076,-0.0012
-3.6871,1.2330,7.0820,-0.0628,-0.0055,-0.0290,-5.9448,-5.2936,3.8834,-0.0382,-0.0020,0.0040
-3.5554,1.2282,7.2927,-0.0837,-0.0079,-0.0043,-5.9807,-5.3486,3.9887,-0.0560,0.0241,-0.0063
-3.5674,1.2402,7.2472,-0.1138,-0.0412,0.0027,-5.9113,-5.2984,3.8786,-0.0509,-0.0087,-0.0141
-3.5721,1.1851,7.3191,-0.0758,0.0093,0.0040,-5.8682,-5.3582,3.9672,-0.0524,-0.0133,-0.0023
-3.5075,1.2258,7.1898,-0.0803,-0.0281,0.0111,-5.9544,-5.3534,3.9121,-0.0433,0.0044,0.0031
-3.5578,1.2905,7.2616,-0.0682,0.0027,-0.0007,-5.9975,-5.2601,3.9911,-0.0494,0.0055,0.0021
-3.5147,1.2570,7.2568,-0.0645,-0.0282,-0.0132,-5.9640,-5.2744,3.9768,-0.0398,-0.0177,-0.0095
-3.4979,1.1396,7.3047,-0.0893,-0.0321,-0.0232,-5.9113,-5.3463,3.9456,-0.0602,-0.0103,-0.0281
-3.4931,1.1612,7.4508,-0.0905,-0.0244,-0.0188,-5.9951,-5.3941,4.0582,-0.0448,0.0306,-0.0153
-3.5362,1.2210,7.3813,-0.0693,-0.0041,-0.0059,-5.8993,-5.3319,3.8164,-0.0462,0.0120,-0.0147
-3.6105,1.2186,7.0509,-0.0822,-0.0180,-0.0222,-5.9065,-5.3032,3.9145,-0.0464,-0.0180,-0.0100
-3.5865,1.1851,7.3071,-0.1026,-0.0260,-0.0169,-5.9256,-5.3486,4.0199,-0.0614,0.0016,-0.0413
-3.6344,1.1109,7.4220,-0.0666,0.0040,-0.0091,-5.9520,-5.5162,4.0294,-0.0389,0.0019,0.0104
-3.6607,1.1851,7.1611,-0.0642,0.0096,-0.0033,-5.9520,-5.3941,3.9576,-0.0313,0.0264,0.0160
-3.5554,1.2378,7.1682,-0.0628,-0.0091,-0.0057,-5.9137,-5.1811,3.8571,-0.0409,-0.0230,0.0127
-3.4429,1.2091,7.2544,-0.1171,-0.0598,-0.0087,-5.9256,-5.2672,3.8523,-0.0502,-0.0064,-0.0117
-3.5338,1.1732,7.4220,-0.0909,0.0381,-0.0221,-5.9640,-5.4540,4.0151,-0.0558,0.0376,-0.0148
-3.5769,1.2306,7.2951,-0.0581,-0.0135,-0.0053,-5.9664,-5.3965,3.9002,-0.0384,0.0012,0.0063
-3.6152,1.2115,7.2042,-0.0693,-0.0121,-0.0019,-5.9592,-5.2529,3.7948,-0.0389,-0.0105,0.0099
-3.4884,1.2833,7.3167,-0.0823,-0.0321,-0.0033,-5.8921,-5.2241,3.8595,-0.0469,-0.0031,-0.0107
-3.6607,1.1851,7.1180,-0.0983,-0.0008,-0.0317,-5.9328,-5.4061,4.0606,-0.0524,-0.0007,-0.0285
-3.6919,1.1468,7.5010,-0.0823,0.0027,-0.0240,-5.9352,-5.4708,4.0821,-0.0456,0.0149,0.0001
-3.6296,1.1636,7.1371,-0.0556,-0.0140,-0.0048,-5.9424,-5.3247,3.7972,-0.0253,-0.0012,0.0104
-3.4860,1.2689,7.1156,-0.0634,-0.0057,-0.0083,-5.9376,-5.2601,4.0223,-0.0388,-0.0073,0.0080
-3.4692,1.2091,7.1323,-0.0857,-0.0306,-0.0164,-5.8395,-5.3558,4.0151,-0.0648,-0.0105,-0.0153
-3.5027,1.2043,7.4101,-0.0719,-0.0016,-0.0113,-6.0023,-5.3798,3.9337,-0.0520,0.0264,-0.0060
-3.5314,1.2258,7.4292,-0.0837,-0.0480,0.0032,-5.9185,-5.3893,3.8738,-0.0424,0.0056,0.0025
-3.4477,1.3001,7.3885,-0.0730,-0.0195,-0.0071,-5.7892,-5.2457,3.9504,-0.0462,-0.0200,-0.0113
-3.4788,1.1468,7.2736,-0.0632,0.0035,-0.0377,-5.8562,-5.3271,4.0151,-0.0361,-0.0020,0.0123
-3.5745,1.1708,7.1874,-0.0681,-0.0177,-0.0213,-5.9783,-5.3271,3.9073,-0.0530,0.0037,-0.0196
-3.4644,1.2402,7.3909,-0.0727,-0.0297,-0.0035,-5.9089,-5.3510,3.9217,-0.0462,-0.0041,-0.0001
-3.6655,1.2258,7.1994,-0.1018,-0.0037,-0.0143,-5.9400,-5.3079,3.8307,-0.0305,0.0016,0.0089
-3.5410,1.1779,7.2760,-0.0877,-0.0011,-0.0143,-5.8012,-5.3654,3.9720,-0.0486,-0.0296,-0.0019
-3.5626,1.2641,7.2832,-0.0719,-0.0237,-0.0071,-5.9903,-5.4157,3.9744,-0.0418,0.0136,0.0073
-3.5578,1.2234,7.2472,-0.0787,-0.0095,-0.0033,-5.9735,-5.2912,3.9049,-0.0498,0.0017,-0.0083
-3.6272,1.2306,7.1228,-0.0897,-0.0160,-0.0135,-5.8849,-5.2960,3.9265,-0.0405,-0.0152,-0.0053
-3.4979,1.1923,7.2305,-0.0821,-0.0131,-0.0191,-5.9137,-5.3056,4.0294,-0.0566,-0.0041,-0.0109
-3.4644,1.1923,7.4029,-0.1166,-0.0553,-0.0068,-5.9352,-5.4037,4.0199,-0.0562,-0.0059,-0.0256
-3.5219,1.2067,7.4196,-0.0498,0.0226,-0.0115,-5.9065,-5.3989,3.9504,-0.0348,0.0208,0.0049
-3.6727,1.1779,7.0533,-0.0982,-0.0152,-0.0171,-5.9041,-5.2505,3.8044,-0.0337,0.0003,0.0019
-3.4836,1.1899,7.2496,-0.0941,-0.0135,-0.0265,-5.8921,-5.2505,3.9696,-0.0574,-0.0316,-0.0136
-3.6009,1.1468,7.3741,-0.0606,-0.0176,-0.0157,-6.0286,-5.4564,4.0199,-0.0480,0.0326,-0.0093
-3.6895,1.2043,7.2688,-0.0751,0.0069,0.0084,-6.0071,-5.4085,3.8140,-0.0405,0.0061,0.0059
-3.4907,1.1875,7.3334,-0.0759,-0.0225,0.0096,-5.8754,-5.2433,3.9983,-0.0341,-0.0314,0.0193
-3.5698,1.2641,7.0868,-0.0986,-0.0276,-0.0060,-5.8826,-5.2529,4.1156,-0.0484,-0.0092,-0.0188
-3.5267,1.1947,7.3598,-0.0949,0.0057,-0.0140,-5.9568,-5.3750,4.0151,-0.0604,-0.0119,-0.0061
-3.6176,1.1827,7.1323,-0.0879,-0.0325,-0.0081,-5.9017,-5.3558,3.9385,-0.0509,-0.0096,-0.0195
-3.5171,1.1947,7.2257,-0.0842,-0.0155,-0.0157,-6.0525,-5.4324,4.1276,-0.0418,0.0132,-0.0116
-3.5913,1.2139,7.2951,-0.0963,-0.0181,-0.0124,-5.9065,-5.3415,4.0079,-0.0465,0.0071,-0.0097
-3.5865,1.2594,7.3574,-0.0616,0.0036,-0.0141,-5.9328,-5.3702,4.0318,-0.0456,-0.0029,-0.0153
-3.5410,1.1349,7.3167,-0.0508,-0.0081,-0.0045,-5.8969,-5.3726,3.9983,-0.0510,-0.0149,-0.0040
-3.3878,1.1779,7.3598,-0.0897,-0.0386,-0.0075,-5.9280,-5.3486,3.9456,-0.0549,0.0167,-0.0085
-3.5434,1.1564,7.3143,-0.0757,0.0064,-0.0226,-5.8682,-5.2912,4.0797,-0.0416,0.0188,-0.0264
-3.6224,1.2234,7.1970,-0.0878,-0.0152,-0.0127,-5.8754,-5.3343,3.9145,-0.0453,-0.0203,-0.0052
-3.5027,1.2091,7.3406,-0.0574,-0.0095,-0.0067,-5.9592,-5.3630,4.0175,-0.0452,0.0089,-0.0041
-3.5386,1.2498,7.2736,-0.1026,-0.0277,-0.0025,-5.9304,-5.3367,3.7589,-0.0496,0.0135,-0.0199
-3.4405,1.1971,7.3143,-0.0923,-0.0016,-0.0144,-5.8538,-5.3510,4.0103,-0.0508,-0.0159,-0.0133
-3.6536,1.1301,7.2568,-0.0901,-0.0117,-0.0209,-5.9352,-5.3486,3.8427,-0.0282,0.0063,0.0083
-3.5841,1.2043,7.3047,-0.0691,-0.0051,-0.0077,-5.8682,-5.3846,4.0294,-0.0418,-0.0095,0.0008
-3.4860,1.2426,7.2377,-0.0601,-0.0173,-0.0103,-5.7964,-5.3008,3.9624,-0.0332,-0.0073,-0.0008
-3.4357,1.2426,7.2472,-0.0915,-0.0262,-0.0023,-5.8562,-5.3319,3.9624,-0.0590,0.0115,-0.0135
-3.5195,1.2139,7.3765,-0.0915,-0.0005,-0.0197,-5.9209,-5.3630,3.9576,-0.0442,-0.0057,-0.0047
-3.5937,1.1612,7.3430,-0.0617,-0.0168,0.0008,-6.0023,-5.4588,3.9097,-0.0402,0.0123,0.0064
-3.4788,1.1756,7.3023,-0.0654,-0.0092,-0.0027,-5.9400,-5.3726,3.9504,-0.0392,0.0085,0.0040
-3.5362,1.2570,7.3885,-0.0807,-0.0191,-0.0003,-5.8730,-5.3343,4.0414,-0.0466,-0.0095,-0.0123
-3.5865,1.1253,7.1539,-0.0939,-0.0036,-0.0241,-5.8227,-5.3391,3.9361,-0.0497,-0.0096,-0.0225
-3.5099,1.1803,7.3502,-0.0809,-0.0065,-0.0129,-5.9256,-5.4492,4.0318,-0.0510,0.0071,-0.0131
-3.5626,1.2019,7.3670,-0.0835,-0.0274,-0.0008,-5.9903,-5.4875,3.9552,-0.0340,0.0160,-0.0148
-3.4931,1.1851,7.1658,-0.0659,0.0025,-0.0199,-5.8802,-5.3941,4.0366,-0.0394,-0.0123,-0.0032
-3.5338,1.2186,7.3071,-0.1043,-0.0460,-0.0129,-5.8921,-5.4037,4.0342,-0.0496,0.0041,-0.0188
-3.4429,1.1827,7.2999,-0.0522,0.0068,-0.0127,-5.9496,-5.3941,3.9672,-0.0464,0.0000,0.0031
-3.4812,1.2474,7.3119,-0.0797,-0.0245,-0.0085,-5.9185,-5.3870,3.9073,-0.0554,0.0230,-0.0218
-3.4931,1.2210,7.3334,-0.0842,-0.0185,-0.0149,-5.8586,-5.3271,3.8642,-0.0480,-0.0242,-0.0141
-3.6655,1.2139,7.0797,-0.0871,-0.0017,-0.0216,-5.8514,-5.3917,4.0869,-0.0468,0.0016,-0.0177
-3.5219,1.1468,7.2425,-0.0849,-0.0131,-0.0004,-5.8993,-5.3989,4.0055,-0.0458,0.0056,-0.0001
-3.5195,1.0918,7.3167,-0.0681,-0.0099,-0.0089,-5.8179,-5.3367,3.9289,-0.0452,-0.0109,0.0009
-3.5123,1.1684,7.3861,-0.0823,-0.0233,-0.0055,-5.7700,-5.3391,3.9528,-0.0472,0.0127,-0.0047
-3.5219,1.2139,7.3263,-0.0791,-0.0041,-0.0211,-5.8562,-5.3941,3.8834,-0.0445,0.0119,-0.0183
-3.4836,1.1708,7.2832,-0.0649,-0.0127,-0.0258,-5.8658,-5.4372,4.0007,-0.0454,-0.0037,-0.0135
-3.5578,1.1396,7.3143,-0.0890,-0.0230,-0.0156,-5.8730,-5.4229,3.8930,-0.0554,0.0033,-0.0133
-3.4764,1.1157,7.3861,-0.0694,-0.0124,-0.0087,-5.9256,-5.3965,4.0127,-0.0440,0.0248,-0.0061
-3.5051,1.1923,7.3071,-0.0817,-0.0153,-0.0105,-5.8347,-5.3199,3.8858,-0.0497,-0.0008,-0.0153
-3.6129,1.2115,7.3622,-0.0941,-0.0097,-0.0137,-5.8466,-5.3654,3.9648,-0.0412,-0.0101,-0.0156
-3.4860,1.1229,7.3334,-0.0754,0.0020,-0.0016,-5.8586,-5.4492,4.0486,-0.0460,0.0124,0.0023
-3.5171,1.1732,7.2472,-0.0576,-0.0033,-0.0016,-5.8514,-5.4444,4.0606,-0.0380,-0.0024,-0.0021
-3.4429,1.1779,7.2305,-0.0937,-0.0425,0.0060,-5.8395,-5.3295,3.8451,-0.0509,-0.0068,-0.0015
-3.3806,1.2258,7.3574,-0.0730,0.0004,-0.0169,-5.8610,-5.3750,3.9911,-0.0472,0.0145,-0.0207
-3.5554,1.1875,7.1946,-0.0713,-0.0121,-0.0221,-5.8802,-5.3870,3.9528,-0.0414,-0.0051,-0.0133
-3.5410,1.1516,7.3239,-0.0865,-0.0085,-0.0089,-5.8897,-5.4300,4.0007,-0.0528,0.0129,-0.0079
-3.4692,1.2522,7.3263,-0.0825,-0.0296,-0.0059,-5.8586,-5.3989,3.9456,-0.0388,-0.0059,0.0004
-3.5650,1.2163,7.3622,-0.0838,-0.0113,-0.0113,-5.8371,-5.3654,3.9480,-0.0493,0.0040,-0.0092
-3.5171,1.1420,7.3191,-0.0957,-0.0292,-0.0113,-5.7652,-5.3630,3.9193,-0.0496,-0.0120,-0.0101
-3.4093,1.2522,7.5058,-0.1014,-0.0159,-0.0099,-5.8969,-5.4444,4.0701,-0.0609,0.0152,-0.0181
-3.5865,0.9409,7.1778,-0.0675,0.0056,-0.0095,-6.0765,-5.4253,3.7350,-0.0625,0.0107,0.0276
-3.3591,1.0989,7.2592,-0.1172,-0.0040,0.0143,-5.7150,-5.3295,4.0893,-0.0773,-0.0028,-0.0076
-3.5171,1.1013,7.2951,-0.0959,-0.0517,-0.0179,-5.8586,-5.4013,4.0199,-0.0317,-0.0542,-0.0220
-3.5291,1.1516,7.2209,-0.0851,0.0083,-0.0136,-5.9304,-5.4516,3.9433,-0.0655,0.0421,-0.0027
-3.5147,1.1109,7.2113,-0.0809,-0.0136,-0.0135,-5.8897,-5.4803,3.9816,-0.0446,0.0061,-0.0069
-3.4955,1.1708,7.5202,-0.0650,-0.0143,-0.0083,-5.9256,-5.5186,3.9983,-0.0482,0.0248,-0.0224
-3.4405,1.1013,7.2161,-0.0240,0.0344,-0.0041,-5.8395,-5.4995,3.9935,-0.0304,0.0246,0.0332
-3.5099,1.1444,7.1419,-0.0528,-0.0257,0.0044,-5.8969,-5.3486,3.7852,-0.0296,0.0344,0.0039
-3.4285,1.2354,7.1730,-0.0699,-0.0188,-0.0131,-5.8227,-5.2026,3.8595,-0.0492,-0.0333,-0.0096
-3.5219,1.1492,7.1156,-0.1422,-0.0705,-0.0396,-5.7916,-5.3439,3.9241,-0.0624,-0.0373,-0.0421
-3.5410,1.1157,7.4340,-0.1388,-0.0204,-0.0370,-5.8107,-5.5929,4.1731,-0.0775,-0.0025,-0.0486
-3.5243,1.0558,7.4388,-0.0797,-0.0145,-0.0289,-5.8442,-5.6072,4.0701,-0.0348,0.0092,-0.0120
-3.5698,1.1109,7.2736,-0.0580,-0.0039,-0.0004,-5.9065,-5.3798,3.8762,-0.0288,0.0137,0.0218
-3.4692,1.1540,7.1395,-0.0763,-0.0334,-0.0056,-5.8586,-5.2457,3.9720,-0.0442,-0.0354,0.0013
-3.4955,1.2258,7.1874,-0.1116,-0.0476,-0.0266,-5.6743,-5.3822,4.0534,-0.0605,-0.0349,-0.0224
-3.5051,1.1277,7.4053,-0.1128,-0.0043,-0.0324,-5.9616,-5.5162,3.9385,-0.0498,0.0488,-0.0185
-3.4596,1.0918,7.4196,-0.1039,-0.0270,-0.0119,-5.7988,-5.4684,4.0701,-0.0580,-0.0184,-0.0242
-3.4500,1.0534,7.4747,-0.0809,-0.0226,-0.0181,-5.8538,-5.5641,4.0270,-0.0296,-0.0001,-0.0225
-3.4357,1.0343,7.3191,-0.0540,0.0021,-0.0084,-5.7509,-5.3965,4.0486,-0.0365,0.0141,0.0027
-3.3375,1.1827,7.2425,-0.0778,-0.0091,-0.0233,-5.8203,-5.2361,3.9002,-0.0418,0.0317,-0.0121
-3.3088,1.2282,7.1730,-0.1154,-0.0216,-0.0538,-5.7245,-5.1930,3.8164,-0.0618,0.0048,-0.0560
-3.3686,1.0870,7.1611,-0.1861,-0.0508,-0.0754,-5.6862,-5.5186,4.0151,-0.0885,-0.0208,-0.1058
-3.5865,1.1061,7.5872,-0.1235,0.0322,-0.0573,-6.0190,-5.7940,4.1372,-0.0861,0.0328,-0.0521
-3.7134,0.9649,7.5154,-0.0719,-0.0306,0.0091,-6.0310,-5.7652,3.8690,-0.0314,0.0001,0.0193
-3.5602,0.9888,7.3430,-0.0573,-0.0385,0.0489,-5.7964,-5.4971,3.9049,-0.0212,-0.0548,0.0492
-3.3064,1.0965,7.2281,-0.0538,-0.0282,0.0292,-5.6120,-5.4085,4.1228,-0.0361,-0.0236,0.0338
-3.4357,1.0391,7.2377,-0.0745,-0.0117,-0.0024,-5.7317,-5.3750,3.9816,-0.0353,0.0071,0.0063
-3.4165,1.0702,7.2281,-0.0866,0.0147,-0.0298,-5.7150,-5.4277,3.8259,-0.0556,0.0320,-0.0260
-3.4955,1.0127,7.2425,-0.1047,-0.0310,-0.0433,-5.7676,-5.4324,4.0247,-0.0414,-0.0161,-0.0438
-3.4836,1.0678,7.3239,-0.0989,-0.0168,-0.0477,-5.8203,-5.6000,4.0414,-0.0564,0.0144,-0.0436
-3.4477,1.0702,7.5154,-0.0738,-0.0031,-0.0388,-5.8634,-5.5881,3.9528,-0.0478,0.0293,-0.0270
-3.5817,1.0439,7.2999,-0.0686,-0.0096,-0.0229,-5.8682,-5.4731,3.7565,-0.0366,0.0096,-0.0061
-3.5099,1.0463,7.2089,-0.0846,-0.0248,-0.0143,-5.8514,-5.5426,4.0654,-0.0465,-0.0032,-0.0131
-3.5051,1.0391,7.2975,-0.0742,-0.0200,-0.0084,-5.7700,-5.5162,3.8786,-0.0432,-0.0083,0.0109
-3.5219,1.0080,7.2664,-0.0683,0.0011,-0.0040,-5.7916,-5.4684,4.0199,-0.0473,0.0096,0.0037
-3.4955,1.0271,7.3741,-0.0725,-0.0091,-0.0021,-5.8682,-5.5067,3.8738,-0.0461,0.0131,-0.0017
-3.4429,1.0870,7.2449,-0.0835,-0.0238,-0.0140,-5.7317,-5.4947,3.8858,-0.0532,-0.0085,-0.0159
-3.3591,1.0654,7.3909,-0.0945,-0.0131,-0.0289,-5.8251,-5.5067,4.0007,-0.0586,0.0097,-0.0221
-3.5458,1.0127,7.4124,-0.0825,-0.0084,-0.0137,-5.7700,-5.4133,3.7900,-0.0533,-0.0039,-0.0216
-3.4764,1.0367,7.3071,-0.0877,-0.0100,-0.0205,-5.8203,-5.5450,3.8355,-0.0542,-0.0037,-0.0168
-3.4620,1.0319,7.3909,-0.0794,-0.0168,-0.0084,-5.8323,-5.5426,4.0965,-0.0505,0.0076,-0.0077
-3.5027,0.9529,7.4077,-0.0834,-0.0101,-0.0045,-5.8323,-5.5115,3.9576,-0.0476,0.0055,-0.0088
-3.5458,1.0439,7.2856,-0.0805,-0.0065,-0.0095,-5.8227,-5.5857,3.9241,-0.0472,-0.0131,-0.0063
-3.4716,0.9984,7.3574,-0.0851,-0.0380,0.0132,-5.7676,-5.6192,3.9911,-0.0417,-0.0252,0.0087
-3.4477,1.0271,7.4053,-0.0517,0.0083,0.0023,-5.7174,-5.5306,3.9935,-0.0410,-0.0003,0.0242
-3.4453,1.0678,7.2856,-0.0753,-0.0217,0.0148,-5.7461,-5.4109,3.9385,-0.0440,-0.0095,0.0117
-3.3974,1.0319,7.3813,-0.0767,-0.0061,-0.0248,-5.6455,-5.4779,3.9265,-0.0392,-0.0049,-0.0029
-3.4141,1.0199,7.3909,-0.0762,-0.0217,-0.0097,-5.7485,-5.4923,3.9528,-0.0470,0.0183,-0.0144
-3.5219,1.0439,7.3957,-0.0670,0.0189,-0.0135,-5.8107,-5.5115,3.9121,-0.0470,0.0153,-0.0053
-3.4477,1.0678,7.3478,-0.0626,-0.0127,-0.0071,-5.8059,-5.4588,3.9169,-0.0392,-0.0069,0.0064
-3.4477,1.0822,7.2903,-0.0830,-0.0224,-0.0141,-5.8634,-5.5091,3.9409,-0.0462,0.0183,-0.0084
-3.3734,1.0487,7.3717,-0.0775,-0.0163,-0.0099,-5.8059,-5.4995,3.8786,-0.0434,-0.0036,-0.0047
-3.4405,1.0127,7.4124,-0.0750,-0.0281,-0.0089,-5.9065,-5.4827,3.9025,-0.0340,0.0101,-0.0029
-3.4405,0.9912,7.4172,-0.0601,-0.0036,-0.0061,-5.8035,-5.4899,3.9887,-0.0300,-0.0096,0.0149
-3.4979,1.0032,7.2832,-0.0654,-0.0081,0.0021,-5.8658,-5.4636,3.9121,-0.0282,0.0092,0.0060
-3.4836,1.1349,7.2089,-0.0663,0.0032,-0.0152,-5.7652,-5.5043,3.9840,-0.0358,0.0099,-0.0003
-3.5530,1.0271,7.1850,-0.0867,0.0001,-0.0195,-5.8227,-5.5378,4.0797,-0.0437,0.0015,-0.0019
-3.4668,1.0080,7.3071,-0.0546,-0.0052,-0.0039,-5.8921,-5.5881,4.0294,-0.0429,0.0081,0.0191
-3.4692,1.1109,7.3430,-0.0526,-0.0092,0.0007,-5.8107,-5.4253,3.9025,-0.0514,0.0051,0.0036
-3.3950,1.1420,7.3885,-0.0855,-0.0424,-0.0031,-5.7604,-5.4013,3.9241,-0.0533,-0.0080,-0.0021
-3.4764,1.0630,7.3717,-0.0937,0.0013,-0.0113,-5.7461,-5.4348,3.9409,-0.0502,0.0067,-0.0179
-3.5650,1.0343,7.2999,-0.0857,0.0151,-0.0221,-5.8083,-5.5522,3.9385,-0.0390,0.0103,-0.0116
-3.5123,1.0702,7.2592,-0.0629,-0.0104,-0.0177,-5.7892,-5.5306,3.8738,-0.0461,-0.0052,-0.0039
-3.3447,1.1037,7.4101,-0.1107,-0.0617,0.0001,-5.8012,-5.4540,3.7637,-0.0530,-0.0037,-0.0117
-3.4213,1.0534,7.2520,-0.0801,0.0159,-0.0224,-5.7916,-5.5929,4.1324,-0.0485,0.0148,-0.0229
-3.5123,1.0223,7.6303,-0.0638,-0.0294,-0.0033,-5.8634,-5.5881,4.0294,-0.0380,0.0080,0.0083
-3.5051,1.0558,7.3885,-0.0709,-0.0253,0.0024,-5.7317,-5.4229,3.8188,-0.0258,-0.0093,0.0091
-3.3950,1.0678,7.2209,-0.0709,-0.0001,-0.0185,-5.6527,-5.4061,4.0845,-0.0313,0.0013,0.0017
-3.4453,1.0630,7.2975,-0.0781,-0.0119,-0.0115,-5.8275,-5.4468,3.9768,-0.0610,0.0318,-0.0123
-3.5698,1.0295,7.2496,-0.0941,-0.0067,-0.0131,-5.8059,-5.4324,3.8092,-0.0437,-0.0052,-0.0065
-3.4931,1.1037,7.4460,-0.0778,-0.0151,-0.0088,-5.8347,-5.5043,3.9456,-0.0425,-0.0096,0.0016
-3.4189,1.0654,7.1826,-0.0532,-0.0065,-0.0151,-5.8778,-5.5330,4.1444,-0.0420,0.0120,0.0035
-3.3447,1.0774,7.3334,-0.0614,-0.0061,-0.0065,-5.8490,-5.5545,3.8690,-0.0485,0.0270,-0.0048
-3.5123,1.0487,7.3646,-0.0758,-0.0318,-0.0012,-5.8012,-5.4348,3.8451,-0.0364,-0.0211,-0.0008
-3.3758,1.1444,7.3287,-0.0729,-0.0204,-0.0164,-5.7461,-5.4205,3.9816,-0.0440,-0.0135,-0.0068
-3.4477,1.0487,7.2999,-0.0838,-0.0145,-0.0297,-5.7509,-5.5138,4.1492,-0.0496,0.0233,-0.0169
-3.5314,1.0870,7.2975,-0.0689,0.0071,-0.0302,-5.8658,-5.5881,3.9528,-0.0460,0.0076,-0.0156
-3.5147,1.1181,7.3334,-0.0889,-0.0300,-0.0041,-5.8012,-5.3989,3.9385,-0.0498,-0.0136,0.0041
-3.5362,1.0271,7.2305,-0.0886,-0.0180,-0.0193,-5.8299,-5.5019,4.0630,-0.0424,-0.0044,-0.0211
-3.4596,1.0487,7.2568,-0.0838,-0.0055,-0.0238,-5.8395,-5.6479,3.9863,-0.0529,0.0088,-0.0189
-3.5051,1.0487,7.3502,-0.0518,-0.0085,-0.0200,-5.8586,-5.6072,3.9935,-0.0432,0.0125,-0.0012
-3.3782,1.1181,7.3526,-0.0683,-0.0284,-0.0109,-5.7485,-5.3965,3.9002,-0.0505,0.0024,-0.0023
-3.4333,1.0702,7.4508,-0.0782,-0.0167,-0.0222,-5.8083,-5.4468,4.0294,-0.0552,0.0124,-0.0188
-3.5291,1.0582,7.4508,-0.0903,-0.0169,-0.0152,-5.8299,-5.5641,3.9911,-0.0606,0.0052,-0.0137
-3.5195,1.0582,7.4484,-0.0616,0.0087,-0.0027,-5.8634,-5.4995,3.9456,-0.0393,-0.0035,0.0100
-3.4860,1.0989,7.3071,-0.0717,-0.0313,-0.0043,-5.7437,-5.3822,3.8451,-0.0421,-0.0189,0.0095
-3.4117,1.0798,7.2065,-0.0967,-0.0153,-0.0274,-5.8323,-5.5162,3.9959,-0.0497,0.0081,-0.0201
-3.5578,1.0104,7.2951,-0.0785,-0.0068,-0.0136,-5.8610,-5.5378,3.9313,-0.0478,0.0108,-0.0075
-3.4788,1.0175,7.3167,-0.0743,-0.0163,-0.0145,-5.8897,-5.4899,4.0223,-0.0413,0.0024,-0.0055
-3.5267,1.0870,7.1874,-0.0695,-0.0069,-0.0233,-5.8107,-5.4779,3.9121,-0.0394,-0.0007,-0.0031
-3.4788,1.1444,7.3478,-0.0746,-0.0103,-0.0091,-5.7988,-5.5426,3.9289,-0.0588,0.0077,-0.0089
-3.4093,1.0534,7.4364,-0.0681,-0.0292,-0.0037,-5.8059,-5.4540,3.8595,-0.0397,-0.0021,0.0027
-3.4692,1.0319,7.3047,-0.0821,-0.0057,-0.0016,-5.8179,-5.4731,3.9672,-0.0400,0.0067,-0.0089
-3.4740,1.0534,7.2065,-0.0927,-0.0083,-0.0136,-5.6910,-5.4564,4.0079,-0.0448,-0.0187,-0.0044
-3.4931,1.0989,7.3622,-0.0613,0.0001,-0.0156,-5.8778,-5.4779,3.9576,-0.0430,0.0036,0.0104
-3.3495,1.0798,7.3550,-0.0841,-0.0314,0.0064,-5.8395,-5.4971,3.8834,-0.0452,0.0129,-0.0008
-3.6344,1.0487,7.3310,-0.0729,0.0120,-0.0272,-5.7269,-5.4205,4.0055,-0.0313,0.0016,-0.0123
-3.5123,1.1109,7.4508,-0.0919,-0.0349,-0.0053,-5.7964,-5.4157,3.8882,-0.0578,-0.0180,0.0069
-3.4572,1.1253,7.4747,-0.0663,-0.0077,-0.0008,-5.8730,-5.5306,4.0701,-0.0426,0.0284,0.0015
-3.5602,1.0175,7.1084,-0.0648,-0.0017,-0.0155,-5.7197,-5.3702,3.9289,-0.0348,-0.0075,0.0067
-3.4117,1.0319,7.3215,-0.1021,-0.0433,-0.0218,-5.7724,-5.4444,3.9887,-0.0597,-0.0117,-0.0285
-3.4357,1.0870,7.3861,-0.0671,-0.0108,-0.0306,-5.8323,-5.5258,3.9792,-0.0498,0.0230,-0.0019
-3.6512,1.0774,7.2161,-0.0624,0.0220,-0.0195,-5.8562,-5.5689,3.8140,-0.0441,0.0381,-0.0033
-3.5554,1.0295,7.3741,-0.0893,-0.0262,-0.0048,-5.7389,-5.4731,4.0079,-0.0380,-0.0293,0.0024
-3.5338,1.1205,7.4436,-0.0794,-0.0095,-0.0095,-5.7772,-5.4229,3.9361,-0.0450,-0.0072,0.0031
-3.4620,1.0439,7.3813,-0.0673,0.0005,-0.0067,-5.8227,-5.4899,3.9840,-0.0452,0.0099,-0.0011
-3.5698,1.0487,7.3430,-0.0849,-0.0195,-0.0107,-5.7676,-5.5474,3.8283,-0.0370,0.0040,-0.0107
-3.5075,1.1492,7.2353,-0.0677,-0.0121,-0.0216,-5.7868,-5.4181,3.9265,-0.0345,-0.0268,0.0079
-3.5051,1.0463,7.2688,-0.0890,-0.0250,-0.0241,-5.8802,-5.5115,4.1037,-0.0430,0.0152,-0.0087
-3.5554,1.0846,7.3741,-0.0874,-0.0048,-0.0148,-5.8466,-5.4420,3.9409,-0.0538,0.0059,-0.0051
-3.4884,1.0630,7.2640,-0.0584,0.0005,-0.0253,-5.7988,-5.5593,3.9816,-0.0369,0.0056,-0.0019
-3.4788,1.0965,7.2903,-0.0731,-0.0316,-0.0004,-5.8442,-5.5905,3.9863,-0.0413,-0.0028,0.0120
-3.4285,1.0534,7.3789,-0.0505,0.0009,-0.0043,-5.8227,-5.4995,3.8499,-0.0421,0.0095,0.0092
-3.5386,0.9984,7.1515,-0.0815,-0.0092,-0.0277,-5.8538,-5.4827,3.8978,-0.0381,0.0072,-0.0183
-3.4836,1.0870,7.2999,-0.0975,-0.0228,-0.0095,-5.7389,-5.5091,3.9600,-0.0506,-0.0353,-0.0017
-3.4572,1.0271,7.3502,-0.0476,-0.0008,-0.0132,-5.8466,-5.5330,4.0079,-0.0421,0.0167,-0.0039
-3.4740,1.0822,7.3406,-0.0777,-0.0151,0.0025,-5.8466,-5.4348,3.7397,-0.0466,0.0115,0.0027
-3.4884,1.0894,7.3239,-0.0918,0.0004,-0.0072,-5.7868,-5.4684,3.8571,-0.0432,-0.0019,-0.0091
-3.5913,1.0774,7.3741,-0.0962,-0.0140,-0.0100,-5.8514,-5.5306,3.9840,-0.0410,-0.0196,-0.0063
-3.4237,1.0319,7.2951,-0.0861,-0.0120,-0.0068,-5.8251,-5.5330,4.0031,-0.0433,-0.0023,0.0071
-3.4572,1.0606,7.4555,-0.0625,-0.0217,-0.0063,-5.7509,-5.4492,3.9145,-0.0378,0.0109,0.0061
-3.4788,1.0558,7.3765,-0.0633,-0.0180,-0.0085,-5.7796,-5.4660,3.8547,-0.0397,-0.0061,-0.0017
-3.4644,1.1013,7.3885,-0.0834,-0.0120,-0.0157,-5.7628,-5.5162,3.9768,-0.0517,0.0047,-0.0165
-3.5075,1.1037,7.4460,-0.0667,-0.0007,-0.0241,-5.8778,-5.5258,3.9696,-0.0472,0.0173,-0.0144
-3.5123,1.0534,7.2496,-0.0723,-0.0123,-0.0180,-5.7509,-5.4923,4.0151,-0.0421,0.0028,-0.0031
-3.4189,1.0534,7.4268,-0.0762,-0.0167,-0.0151,-5.8347,-5.5545,3.9983,-0.0501,0.0080,-0.0143
-3.4884,1.0774,7.2736,-0.0626,-0.0080,-0.0211,-5.7988,-5.5043,4.0151,-0.0329,-0.0128,0.0025
-3.4189,1.0199,7.3358,-0.0827,-0.0060,-0.0127,-5.8083,-5.5234,3.9959,-0.0528,0.0306,-0.0057
-3.5027,1.1516,7.3263,-0.0601,-0.0032,-0.0107,-5.7078,-5.4372,3.9624,-0.0401,0.0003,-0.0008
-3.4429,1.0726,7.2736,-0.0654,-0.0187,-0.0156,-5.7724,-5.4564,3.9672,-0.0410,-0.0108,0.0007
-3.4285,1.0415,7.4531,-0.0671,-0.0147,-0.0207,-5.8012,-5.5210,4.0582,-0.0490,0.0152,-0.0092
-3.4309,1.0367,7.3502,-0.0677,-0.0208,-0.0089,-5.8490,-5.5162,3.9433,-0.0382,0.0191,-0.0069
-3.4644,1.1253,7.2377,-0.0741,0.0016,-0.0151,-5.7365,-5.4588,3.9073,-0.0485,0.0109,-0.0161
-3.4860,1.0965,7.2903,-0.0938,-0.0237,-0.0228,-5.7796,-5.4827,3.9792,-0.0509,-0.0103,-0.0167
-3.5458,1.0080,7.3622,-0.0810,0.0031,-0.0148,-5.8562,-5.5833,4.0438,-0.0510,0.0180,-0.0116
-3.4620,1.1636,7.3981,-0.0721,-0.0095,-0.0009,-5.7844,-5.5809,3.8954,-0.0398,0.0031,0.0045
-3.4764,1.1253,7.3406,-0.0735,-0.0230,0.0091,-5.7437,-5.4372,3.8810,-0.0364,-0.0164,0.0123
-3.3710,1.0918,7.2353,-0.0801,-0.0175,-0.0049,-5.7652,-5.3606,3.9361,-0.0482,-0.0155,-0.0065
-3.5410,1.0894,7.2425,-0.1099,-0.0041,-0.0262,-5.7006,-5.4396,3.9624,-0.0544,0.0079,-0.0234
-3.5889,1.0463,7.3526,-0.1107,-0.0036,-0.0325,-5.7940,-5.5306,3.9025,-0.0489,0.0116,-0.0218
-3.4931,1.0511,7.3478,-0.0899,-0.0161,-0.0337,-5.8059,-5.5569,4.0318,-0.0486,0.0115,-0.0328
-3.5745,1.0678,7.2903,-0.0698,-0.0056,-0.0254,-5.8873,-5.5617,3.9528,-0.0433,-0.0012,-0.0029
-3.5386,1.0415,7.2161,-0.0793,-0.0229,-0.0164,-5.7461,-5.4229,3.9983,-0.0430,-0.0068,-0.0155
-3.4069,1.0223,7.3909,-0.0959,-0.0364,-0.0161,-5.8179,-5.5162,3.9983,-0.0548,-0.0195,-0.0172
-3.5051,0.9888,7.3191,-0.0794,-0.0041,-0.0277,-5.6695,-5.6000,4.1061,-0.0421,0.0196,-0.0141
-3.4931,0.9864,7.3622,-0.0565,-0.0028,-0.0183,-5.7676,-5.5761,3.9863,-0.0366,0.0169,-0.0027
-3.3950,1.0942,7.4268,-0.0838,-0.0340,-0.0097,-5.7533,-5.4444,3.9337,-0.0488,0.0104,-0.0175
-3.5219,1.0104,7.2377,-0.1046,-0.0132,-0.0328,-5.6982,-5.4540,3.9049,-0.0453,-0.0181,-0.0278
-3.4812,1.0415,7.4196,-0.0946,-0.0156,-0.0238,-5.7509,-5.6312,4.0270,-0.0576,0.0083,-0.0204
-3.5314,1.0678,7.3981,-0.0819,-0.0145,-0.0124,-5.7868,-5.6743,3.9768,-0.0445,0.0116,-0.0121
-3.4429,1.0104,7.3861,-0.0763,-0.0284,-0.0001,-5.7916,-5.5952,3.8427,-0.0417,-0.0084,0.0021
-3.4117,1.0223,7.3334,-0.0737,-0.0151,-0.0175,-5.6814,-5.5234,4.0654,-0.0413,-0.0071,-0.0105
-3.3710,0.9840,7.2018,-0.0877,-0.0100,-0.0217,-5.6910,-5.5043,4.0989,-0.0513,0.0087,-0.0167
-3.4836,0.9936,7.3287,-0.0750,-0.0100,-0.0238,-5.7557,-5.5857,4.0294,-0.0513,0.0059,-0.0148
-3.4836,1.0391,7.3287,-0.0766,-0.0270,-0.0157,-5.7317,-5.5067,3.9768,-0.0438,-0.0088,-0.0084
-3.4764,1.0056,7.2401,-0.0933,-0.0159,-0.0218,-5.8012,-5.5378,3.8666,-0.0516,0.0148,-0.0093
-3.4165,1.0247,7.3478,-0.0843,-0.0109,-0.0193,-5.7389,-5.5952,3.9385,-0.0478,-0.0045,-0.0100
-3.3926,0.9936,7.4939,-0.0879,-0.0203,-0.0020,-5.8107,-5.5833,3.9911,-0.0558,0.0212,-0.0040
-3.5267,0.9960,7.3861,-0.0501,0.0089,-0.0007,-5.7581,-5.5306,3.8882,-0.0338,-0.0040,0.0115
-3.5075,1.0415,7.2664,-0.0833,-0.0228,0.0016,-5.7078,-5.5426,3.9217,-0.0454,-0.0189,0.0073
-3.4477,1.0487,7.5753,-0.0652,-0.0072,-0.0047,-5.7461,-5.6096,4.1180,-0.0422,0.0176,0.0059
-3.3710,1.0558,7.1946,-0.0332,0.0063,-0.0136,-5.7078,-5.4947,3.8642,-0.0357,0.0003,0.0135
-3.4381,1.0678,7.2999,-0.0777,-0.0252,-0.0068,-5.7844,-5.5498,3.8906,-0.0528,-0.0051,0.0015
-3.4524,1.0678,7.4723,-0.0795,-0.0163,0.0051,-5.7509,-5.5593,4.1084,-0.0482,-0.0053,0.0007
-3.4500,1.0439,7.3981,-0.0528,0.0116,-0.0065,-5.7269,-5.5210,3.9385,-0.0337,0.0092,0.0254
-3.4692,1.0750,7.3430,-0.0869,-0.0328,-0.0015,-5.7772,-5.4947,3.8451,-0.0444,0.0007,0.0027
-3.4644,1.0558,7.5010,-0.0770,-0.0113,-0.0111,-5.6910,-5.5713,3.9792,-0.0441,-0.0028,-0.0063
-3.5554,1.0367,7.4292,-0.0557,-0.0024,-0.0011,-5.8586,-5.5402,3.9145,-0.0338,0.0164,0.0176
-3.4285,1.0391,7.2688,-0.0589,-0.0188,-0.0056,-5.7988,-5.4588,3.8978,-0.0354,0.0013,0.0137
-3.5386,1.1133,7.3502,-0.0753,-0.0286,-0.0129,-5.8083,-5.4971,3.9816,-0.0385,0.0032,0.0025
-3.4261,1.1085,7.2688,-0.0827,0.0004,-0.0079,-5.7916,-5.4708,3.9648,-0.0460,0.0035,-0.0017
-3.5219,1.0678,7.3765,-0.0747,0.0096,-0.0211,-5.8251,-5.6192,3.9241,-0.0417,0.0128,-0.0083
-3.5099,1.0104,7.3310,-0.0687,-0.0301,0.0007,-5.8059,-5.5234,3.8786,-0.0385,-0.0115,0.0171
-3.4548,1.0127,7.3071,-0.0765,-0.0184,-0.0167,-5.7221,-5.5210,3.9816,-0.0366,-0.0131,0.0080
-3.3734,1.0415,7.4244,-0.0644,-0.0079,-0.0076,-5.7533,-5.5354,4.0103,-0.0402,0.0168,0.0089
-3.5482,1.0870,7.2927,-0.0814,-0.0067,-0.0131,-5.7964,-5.4923,3.8786,-0.0437,0.0029,0.0115
-3.4381,1.0894,7.3981,-0.0739,-0.0175,-0.0120,-5.7150,-5.5186,3.9768,-0.0389,-0.0148,0.0183
-3.3902,1.0558,7.2688,-0.0433,-0.0136,-0.0141,-5.8395,-5.5258,3.9911,-0.0377,0.0027,0.0100
-3.4069,1.1061,7.3885,-0.0754,-0.0137,-0.0173,-5.7604,-5.4923,3.9121,-0.0478,-0.0013,0.0302
-3.4477,1.0127,7.3119,-0.0638,-0.0286,-0.0136,-5.7557,-5.5019,3.9624,-0.0400,-0.0001,0.0077
-3.3830,1.0726,7.2975,-0.0783,-0.0221,-0.0144,-5.8251,-5.4133,3.9840,-0.0526,-0.0009,0.0053
-3.4572,1.0942,7.3957,-0.0710,0.0001,-0.0088,-5.9328,-5.4731,3.9696,-0.0406,0.0065,0.0449
-3.4596,1.0606,7.2472,-0.0609,-0.0061,-0.0120,-5.7437,-5.4755,3.8618,-0.0290,-0.0117,0.0217
-3.4453,1.0942,7.3071,-0.0793,-0.0160,-0.0207,-5.8251,-5.3893,4.0007,-0.0472,0.0000,0.0069
-3.4764,1.0558,7.3502,-0.0649,-0.0116,-0.0192,-5.8921,-5.4923,3.9385,-0.0454,0.0099,-0.0015
-3.4524,1.0846,7.3909,-0.0723,-0.0052,-0.0011,-5.8730,-5.3798,3.9361,-0.0532,0.0067,0.0043
-3.4812,1.0774,7.2496,-0.0773,-0.0145,-0.0164,-5.8012,-5.3271,3.9145,-0.0372,0.0003,-0.0028
-3.4357,1.0918,7.2113,-0.0781,-0.0205,-0.0211,-5.8778,-5.3989,3.9145,-0.0421,-0.0185,0.0064
-3.4141,1.0750,7.3071,-0.0746,-0.0091,-0.0189,-5.9233,-5.5115,4.0582,-0.0453,0.0269,-0.0105
-3.4812,1.0774,7.2353,-0.0496,-0.0045,-0.0216,-5.8778,-5.4277,3.9361,-0.0320,-0.0020,0.0012
-3.4572,1.0750,7.2784,-0.0658,-0.0273,-0.0053,-5.8442,-5.3654,4.0055,-0.0425,0.0020,-0.0007
-3.3926,1.1684,7.3358,-0.0753,-0.0234,-0.0183,-5.8419,-5.3056,3.9624,-0.0541,0.0123,-0.0109
-3.4285,1.0965,7.4531,-0.0890,-0.0105,-0.0140,-5.8395,-5.4708,3.8906,-0.0577,0.0244,-0.0140
-3.5171,1.0965,7.4986,-0.0605,-0.0084,-0.0121,-5.8012,-5.5115,3.9217,-0.0444,-0.0103,-0.0024
-3.6033,1.0702,7.2281,-0.0738,0.0043,-0.0145,-5.8586,-5.4564,4.0510,-0.0249,0.0064,0.0205
-3.5123,1.1253,7.1898,-0.0695,-0.0003,-0.0057,-5.8586,-5.3702,4.0223,-0.0450,0.0003,0.0168
-3.3734,1.0511,7.1611,-0.0673,-0.0237,-0.0228,-5.8059,-5.4564,3.9720,-0.0472,-0.0096,-0.0027
-3.4620,1.0750,7.3191,-0.0781,-0.0153,-0.0203,-5.8778,-5.4923,4.1539,-0.0508,0.0139,-0.0047
-3.4381,1.0989,7.4292,-0.0614,-0.0037,-0.0111,-5.7676,-5.3941,4.0318,-0.0434,0.0060,-0.0105
-3.5099,1.1779,7.2065,-0.0678,-0.0101,-0.0296,-5.8035,-5.4157,3.9025,-0.0432,-0.0028,-0.0199
-3.4668,1.0822,7.2305,-0.0945,-0.0195,-0.0218,-5.8371,-5.4660,3.9600,-0.0509,-0.0177,-0.0059
-3.5123,1.0822,7.3574,-0.0779,-0.0097,-0.0111,-5.8131,-5.5282,4.1132,-0.0504,0.0079,-0.0123
-3.4620,1.1085,7.3023,-0.0630,-0.0061,-0.0064,-5.8083,-5.4564,3.9169,-0.0389,-0.0049,0.0176
-3.4213,1.0798,7.3287,-0.0867,-0.0274,-0.0085,-5.8323,-5.3439,3.8235,-0.0476,-0.0083,0.0052
-3.3830,1.1684,7.4364,-0.0850,-0.0236,-0.0129,-5.8227,-5.4253,4.0127,-0.0509,-0.0099,-0.0116
-3.4524,1.1277,7.4101,-0.0739,0.0048,-0.0100,-5.8419,-5.4372,3.9600,-0.0490,0.0121,0.0023
-3.6033,1.1133,7.3526,-0.0705,0.0023,-0.0140,-5.8419,-5.4444,3.8666,-0.0360,0.0051,0.0165
-3.5314,1.1708,7.1658,-0.0739,-0.0276,-0.0068,-5.8897,-5.4731,3.9576,-0.0460,-0.0012,0.0016
-3.3662,1.0774,7.2688,-0.0757,-0.0105,-0.0161,-5.8251,-5.4253,4.0941,-0.0466,-0.0085,-0.0029
-3.5937,1.0558,7.2688,-0.0947,-0.0081,-0.0141,-5.8945,-5.5019,3.9744,-0.0397,0.0179,0.0044
-3.5314,1.0654,7.4172,-0.0581,-0.0045,-0.0077,-5.8538,-5.4348,3.9672,-0.0360,-0.0100,0.0095
-3.4165,1.0846,7.2951,-0.0577,-0.0240,-0.0011,-5.7724,-5.3774,4.0606,-0.0386,-0.0145,0.0052
-3.5698,1.0894,7.1323,-0.0855,0.0092,-0.0228,-5.8778,-5.4636,3.9504,-0.0392,0.0159,-0.0085
-3.4644,1.1013,7.3358,-0.0862,-0.0156,-0.0152,-5.8897,-5.4731,4.0965,-0.0428,-0.0112,-0.0012
-3.5458,1.0439,7.3765,-0.0648,-0.0147,-0.0147,-5.8347,-5.4133,4.0055,-0.0408,-0.0005,-0.0041
-3.4692,1.1133,7.3215,-0.0677,-0.0092,-0.0119,-5.7796,-5.4013,4.0151,-0.0474,0.0021,-0.0012
-3.4620,1.1516,7.3981,-0.0897,-0.0264,-0.0115,-5.7509,-5.3941,3.9528,-0.0480,-0.0143,0.0068
-3.4596,1.1372,7.3167,-0.0797,-0.0096,-0.0136,-5.8131,-5.4851,4.0582,-0.0452,0.0057,-0.0101
-3.4309,1.1205,7.4148,-0.0663,-0.0160,-0.0120,-5.7820,-5.4540,3.9887,-0.0372,-0.0037,0.0085
-3.4309,1.1971,7.4244,-0.0769,-0.0169,-0.0111,-5.7245,-5.3870,3.9385,-0.0469,0.0049,-0.0004
-3.4477,1.1396,7.2544,-0.0839,-0.0117,-0.0192,-5.8706,-5.4396,4.1252,-0.0468,-0.0001,-0.0059
-3.4357,1.1109,7.1778,-0.0811,-0.0099,-0.0195,-5.8012,-5.4612,3.9816,-0.0466,0.0111,-0.0060
-3.4836,1.0798,7.2425,-0.0803,-0.0113,-0.0276,-5.8442,-5.4468,3.9959,-0.0496,0.0057,-0.0163
-3.4285,1.0965,7.4077,-0.0686,-0.0132,-0.0187,-5.8035,-5.5019,3.9720,-0.0489,-0.0039,0.0009
-3.4716,1.0846,7.4843,-0.0606,-0.0037,-0.0015,-5.8419,-5.4684,3.8451,-0.0509,0.0236,0.0093
-3.4261,1.1133,7.3909,-0.0625,-0.0207,-0.0056,-5.8562,-5.4396,3.9456,-0.0442,-0.0007,0.0045
-3.4620,1.1205,7.3023,-0.0782,-0.0111,-0.0153,-5.8466,-5.4540,4.0701,-0.0480,0.0089,-0.0083
-3.3854,1.1349,7.2640,-0.0842,-0.0216,-0.0221,-5.8490,-5.4660,3.9624,-0.0470,0.0117,-0.0156
-3.4500,1.0223,7.3430,-0.0767,-0.0077,-0.0270,-5.8897,-5.4253,3.9720,-0.0461,0.0123,-0.0205
-3.4931,1.1205,7.3789,-0.0675,-0.0177,-0.0048,-5.8873,-5.5043,3.8523,-0.0405,-0.0079,0.0097
-3.3998,1.0558,7.3981,-0.0743,-0.0238,0.0000,-5.8275,-5.3846,4.0677,-0.0462,-0.0060,-0.0045
-3.4716,1.1229,7.2832,-0.0851,-0.0185,-0.0116,-5.7820,-5.4779,4.0247,-0.0433,0.0031,-0.0053
-3.4381,1.1109,7.4747,-0.0729,-0.0021,-0.0139,-5.7748,-5.4708,3.9959,-0.0474,0.0135,-0.0071
-3.4261,1.1349,7.2999,-0.0719,-0.0237,-0.0080,-5.8634,-5.4300,3.9456,-0.0348,-0.0047,0.0007
-3.4381,1.1277,7.2808,-0.0766,-0.0019,-0.0181,-5.8131,-5.4157,3.9361,-0.0478,0.0153,-0.0121
-3.5051,1.1061,7.3023,-0.0867,-0.0233,-0.0119,-5.8275,-5.4588,3.9624,-0.0498,-0.0064,-0.0128
-3.5554,1.1301,7.4148,-0.0662,-0.0025,-0.0111,-5.8395,-5.5426,4.0031,-0.0448,-0.0073,0.0017
-3.5171,1.0846,7.3263,-0.0625,-0.0112,-0.0093,-5.7748,-5.4636,3.9792,-0.0370,0.0067,0.0020
-3.4764,1.0965,7.3310,-0.0691,-0.0147,-0.0099,-5.7868,-5.3941,3.9289,-0.0380,0.0004,0.0024
-3.4716,1.1372,7.2951,-0.0989,-0.0096,-0.0076,-5.8706,-5.3391,3.9576,-0.0477,-0.0044,-0.0097
-3.4668,1.1181,7.4340,-0.0817,-0.0121,-0.0099,-5.8275,-5.4971,3.9959,-0.0420,-0.0151,0.0053
-3.5578,1.0798,7.4148,-0.0666,-0.0083,-0.0031,-5.8059,-5.4157,3.9289,-0.0417,0.0091,0.0088
-3.3950,1.1396,7.3071,-0.0831,-0.0200,-0.0132,-5.8059,-5.3343,3.8690,-0.0401,-0.0064,0.0023
-3.4333,1.1157,7.4771,-0.0657,-0.0068,-0.0148,-5.9113,-5.4181,4.0725,-0.0528,0.0119,-0.0069
-3.4572,1.0894,7.4005,-0.0650,-0.0112,-0.0080,-5.8131,-5.4348,3.8858,-0.0489,-0.0003,0.0019
-3.4955,1.1253,7.4412,-0.0554,-0.0068,-0.0080,-5.9065,-5.3893,3.9816,-0.0388,0.0024,0.0031
-3.4309,1.1013,7.1419,-0.0741,-0.0168,-0.0052,-5.7988,-5.3822,3.9552,-0.0390,-0.0115,-0.0021
-3.4405,1.1157,7.2616,-0.0927,-0.0144,-0.0135,-5.9065,-5.4205,3.9840,-0.0453,-0.0020,-0.0011
-3.4117,1.0918,7.3478,-0.0734,-0.0108,-0.0113,-5.8849,-5.4277,4.0725,-0.0444,-0.0024,0.0012
-3.3902,1.1612,7.4244,-0.0754,-0.0297,-0.0092,-5.8275,-5.3989,3.9624,-0.0468,0.0007,0.0000
-3.3734,1.1756,7.3430,-0.0682,-0.0196,-0.0179,-5.8155,-5.4037,4.1372,-0.0409,-0.0230,-0.0032
-3.4500,1.1660,7.3454,-0.0658,-0.0036,-0.0213,-5.8466,-5.4444,4.0247,-0.0402,0.0226,0.0052
-3.4644,1.1732,7.3765,-0.0761,-0.0139,-0.0061,-5.9161,-5.4085,3.9959,-0.0437,0.0152,0.0104
-3.5338,1.2091,7.3765,-0.0823,-0.0148,-0.0104,-5.9687,-5.4277,4.0893,-0.0446,0.0019,0.0392
-3.4716,1.1277,7.3885,-0.0671,-0.0180,-0.0129,-5.7700,-5.4372,4.0079,-0.0416,-0.0254,0.0289
-3.4668,1.1396,7.3957,-0.0663,-0.0016,-0.0039,-5.8802,-5.3846,4.0294,-0.0376,0.0171,0.0176
-3.4668,1.1540,7.2712,-0.0677,-0.0003,-0.0065,-5.7533,-5.3199,3.9768,-0.0444,0.0015,-0.0036
-3.3351,1.1420,7.1946,-0.0778,-0.0281,-0.0160,-5.9017,-5.3989,4.0031,-0.0469,-0.0232,-0.0107
-3.4788,1.0918,7.4412,-0.0697,0.0012,-0.0093,-5.8873,-5.4540,3.9313,-0.0406,-0.0053,-0.0025
-3.4596,1.1061,7.2903,-0.0717,-0.0196,-0.0188,-5.8107,-5.3750,3.9624,-0.0365,0.0023,-0.0003
-3.3686,1.2043,7.2472,-0.0743,-0.0089,-0.0193,-5.9304,-5.4444,4.0390,-0.0481,0.0024,-0.0007
-3.4596,1.1540,7.2784,-0.0785,-0.0111,-0.0108,-5.8395,-5.3989,4.1396,-0.0437,-0.0035,0.0115
-3.5075,1.2067,7.2927,-0.0766,-0.0093,-0.0152,-5.8610,-5.4157,3.9528,-0.0444,0.0015,0.0099
-3.3830,1.1732,7.3622,-0.0634,-0.0153,-0.0280,-5.8682,-5.4085,4.0654,-0.0402,0.0100,0.0001
-3.3926,1.1971,7.3382,-0.0729,-0.0091,-0.0272,-5.8706,-5.3654,4.0390,-0.0490,0.0196,-0.0242
-3.3710,1.1684,7.4675,-0.0759,-0.0262,-0.0152,-5.8538,-5.3391,4.0318,-0.0464,-0.0103,0.0035
-3.4812,1.2067,7.3454,-0.0837,-0.0109,-0.0160,-5.8610,-5.3822,3.8020,-0.0494,0.0064,-0.0064
-3.4572,1.1444,7.4172,-0.0742,-0.0268,-0.0069,-5.9113,-5.4037,4.0007,-0.0444,0.0060,-0.0095
-3.4189,1.0918,7.2951,-0.0691,0.0016,-0.0071,-5.8466,-5.3917,4.0079,-0.0502,0.0266,-0.0081
-3.5075,1.1516,7.3239,-0.0618,-0.0005,-0.0181,-5.8419,-5.4396,3.9241,-0.0420,0.0119,0.0023
-3.5267,1.1229,7.1587,-0.0702,-0.0179,-0.0136,-5.8730,-5.4061,3.9887,-0.0353,0.0057,-0.0076
-3.3830,1.2043,7.3334,-0.0909,-0.0220,-0.0180,-5.8682,-5.3870,4.0749,-0.0586,0.0023,-0.0136
-3.4309,1.1516,7.3430,-0.0886,-0.0056,-0.0238,-5.8490,-5.3989,4.0007,-0.0361,-0.0040,0.0001
-3.5410,1.0942,7.1946,-0.0793,0.0056,-0.0212,-5.8610,-5.4085,4.0223,-0.0430,0.0156,-0.0004
-3.4453,1.1301,7.3502,-0.0813,-0.0352,-0.0218,-5.8921,-5.3846,4.0869,-0.0428,0.0027,-0.0041
-3.4117,1.1468,7.3310,-0.0691,-0.0068,-0.0173,-5.8299,-5.4037,4.0606,-0.0474,0.0121,0.0017
-3.3734,1.1253,7.3909,-0.0781,-0.0189,-0.0072,-5.8299,-5.3343,3.9097,-0.0509,0.0035,0.0039
-3.4405,1.1779,7.3358,-0.0831,-0.0153,-0.0139,-5.9113,-5.3582,3.9959,-0.0450,0.0077,0.0047
-3.5147,1.1301,7.4579,-0.0777,-0.0004,-0.0132,-5.8514,-5.4205,4.0486,-0.0468,0.0141,0.0031
-3.4716,1.1492,7.3861,-0.0845,-0.0199,-0.0060,-5.8706,-5.4013,3.9576,-0.0433,-0.0107,0.0136
-3.4022,1.1660,7.3071,-0.0791,0.0003,-0.0195,-5.8730,-5.2984,4.0031,-0.0494,0.0073,0.0023
-3.4285,1.0606,7.4771,-0.0846,-0.0250,-0.0196,-5.8706,-5.4013,4.0773,-0.0440,0.0069,-0.0225
-3.5578,1.1277,7.3406,-0.0598,-0.0238,-0.0342,-5.8849,-5.5091,4.0773,-0.0156,-0.0020,-0.0188
-3.4668,1.1612,7.5010,-0.0369,-0.0342,-0.0071,-6.0047,-5.4492,4.0270,-0.0120,0.0049,0.0080
-3.6009,1.1133,7.2784,-0.0238,-0.0360,0.0101,-5.9137,-5.3822,3.9576,0.0088,-0.0147,0.0396
-3.3519,1.1875,7.3095,-0.0417,0.0855,0.0199,-5.8490,-5.3893,4.2784,-0.0580,0.0850,0.0290
-3.5434,1.1947,7.1658,-0.0107,-0.0073,-0.0171,-5.9592,-5.2625,3.8020,0.0023,-0.0131,0.0309
-3.4069,1.1540,7.3071,-0.0858,-0.0458,-0.0108,-5.8586,-5.2265,3.8523,-0.0341,-0.0180,-0.0028
-3.3136,1.2354,7.3550,-0.0786,-0.0294,-0.0273,-5.8897,-5.3439,4.2234,-0.0380,-0.0103,-0.0238
-3.4069,1.2402,7.3263,-0.0687,0.0261,-0.0336,-5.8586,-5.2529,3.8475,-0.0545,0.0413,-0.0296
-3.4333,1.1492,7.2209,-0.1194,-0.0153,-0.0213,-5.9783,-5.2313,3.7828,-0.0829,-0.0325,-0.0289
-3.4309,1.2306,7.4675,-0.1186,-0.0421,-0.0196,-5.9089,-5.4660,4.0199,-0.0666,-0.0252,-0.0341
-3.4668,1.1349,7.4891,-0.0879,0.0016,-0.0008,-5.8873,-5.4229,3.9768,-0.0644,-0.0020,0.0071
-3.4884,1.1827,7.2209,-0.0899,0.0083,0.0033,-5.8227,-5.3008,3.8307,-0.0669,-0.0040,-0.0009
-3.5051,1.1636,7.3909,-0.1102,-0.0238,0.0071,-5.9304,-5.4396,3.9576,-0.0681,-0.0189,-0.0217
-3.5745,1.2043,7.5346,-0.0907,0.0032,0.0109,-5.8897,-5.4444,4.1875,-0.0541,-0.0143,0.0083
-3.4692,1.0702,7.2305,-0.0548,-0.0008,0.0045,-5.8059,-5.2792,3.9385,-0.0405,-0.0019,0.0212
-3.3327,1.2019,7.2353,-0.0882,-0.0320,-0.0181,-5.8059,-5.2433,3.8283,-0.0550,-0.0063,-0.0003
-3.4069,1.1636,7.3981,-0.0838,-0.0108,-0.0233,-5.9065,-5.3510,3.9792,-0.0517,0.0326,-0.0292
-3.5051,1.1444,7.3789,-0.0853,0.0129,-0.0330,-5.9017,-5.3247,3.9792,-0.0389,0.0148,-0.0087
-3.4740,1.1205,7.1826,-0.0679,-0.0081,-0.0290,-5.8442,-5.4516,4.0677,-0.0413,-0.0192,-0.0019
-3.4812,1.1253,7.2927,-0.0674,-0.0196,-0.0097,-6.0693,-5.4205,3.9887,-0.0394,0.0266,0.0137
-3.4357,1.2210,7.4101,-0.0542,-0.0091,0.0009,-5.8466,-5.3295,4.0390,-0.0484,0.0027,0.0036
-3.5338,1.1444,7.1826,-0.0739,-0.0167,-0.0095,-5.8754,-5.2816,3.9624,-0.0401,-0.0164,0.0209
-3.4620,1.1372,7.2640,-0.0995,-0.0289,-0.0007,-5.8897,-5.3965,4.0701,-0.0510,-0.0120,0.0003
-3.4453,1.1468,7.4005,-0.0847,0.0071,-0.0151,-5.9520,-5.4157,4.1300,-0.0465,0.0151,0.0021
-3.4860,1.0558,7.2472,-0.0789,-0.0055,-0.0097,-5.8155,-5.3678,3.9169,-0.0454,-0.0033,0.0072
-3.4477,1.1899,7.2209,-0.0914,-0.0155,-0.0171,-5.8706,-5.3151,4.0797,-0.0494,-0.0091,-0.0060
-3.4907,1.0630,7.3239,-0.0773,-0.0016,-0.0188,-5.8658,-5.4205,4.0127,-0.0469,0.0048,0.0009
-3.4644,1.1636,7.3694,-0.0618,-0.0176,-0.0024,-5.9448,-5.4157,3.9887,-0.0468,0.0005,0.0097
-3.3854,1.1564,7.3717,-0.0801,-0.0374,-0.0072,-5.8634,-5.3870,3.9840,-0.0321,0.0012,-0.0053
-3.4620,1.1540,7.3837,-0.0601,0.0003,-0.0258,-5.8490,-5.2625,4.0175,-0.0330,0.0025,0.0081
-3.5123,1.2091,7.3478,-0.0829,-0.0278,-0.0193,-5.8730,-5.4037,3.9744,-0.0413,0.0115,-0.0091
-3.3854,1.1588,7.1970,-0.0658,0.0021,-0.0237,-5.9185,-5.3415,3.9863,-0.0424,-0.0015,0.0096
-3.4165,1.1564,7.3167,-0.0578,-0.0189,-0.0116,-5.9616,-5.3870,3.9696,-0.0446,0.0141,0.0012
-3.4812,1.2067,7.2640,-0.0596,-0.0207,-0.0033,-5.8921,-5.4300,4.0007,-0.0469,-0.0145,0.0029
-3.5171,1.1516,7.2472,-0.0743,-0.0136,-0.0033,-5.9065,-5.3630,3.9863,-0.0410,-0.0040,0.0141
-3.5291,1.1660,7.3526,-0.0749,-0.0049,0.0009,-5.8658,-5.3391,3.9337,-0.0461,0.0005,0.0131
-3.3686,1.2186,7.3789,-0.0810,-0.0442,-0.0035,-5.8514,-5.3391,4.1587,-0.0484,-0.0281,-0.0004
-3.4022,1.1875,7.4364,-0.0645,-0.0032,-0.0203,-5.8634,-5.3774,4.0654,-0.0409,-0.0051,0.0362
-3.4644,1.1396,7.1874,-0.0725,-0.0063,-0.0224,-5.8873,-5.3846,4.0414,-0.0464,0.0140,-0.0041
-3.4740,1.1085,7.3765,-0.0630,-0.0067,-0.0256,-5.9592,-5.3056,3.9792,-0.0385,0.0027,-0.0033
-3.4093,1.2354,7.3287,-0.0803,-0.0430,0.0017,-5.9592,-5.2768,3.8092,-0.0469,-0.0233,0.0001
-3.3615,1.1588,7.3358,-0.1151,-0.0222,-0.0149,-5.9065,-5.3630,4.1300,-0.0549,-0.0031,-0.0241
-3.4931,1.1157,7.5417,-0.0765,0.0051,-0.0172,-5.8275,-5.3893,4.0294,-0.0490,0.0057,-0.0049
-3.5243,1.1349,7.3310,-0.0485,-0.0071,-0.0143,-5.8945,-5.3558,3.9959,-0.0464,-0.0024,-0.0095
-3.4093,1.1851,7.3406,-0.0613,-0.0125,-0.0180,-5.7772,-5.2816,3.9672,-0.0500,-0.0200,-0.0085
-3.5291,1.1875,7.3694,-0.0819,-0.0001,-0.0208,-5.9137,-5.4109,3.9768,-0.0554,0.0345,-0.0237
-3.5267,1.1827,7.4053,-0.0765,0.0048,-0.0093,-5.9448,-5.4755,3.9337,-0.0437,0.0036,-0.0052
-3.4596,1.1516,7.3885,-0.0586,-0.0176,0.0095,-5.9233,-5.3941,3.8954,-0.0384,-0.0139,0.0145
-3.4812,1.1540,7.2832,-0.0735,-0.0266,-0.0016,-5.9089,-5.3846,4.0127,-0.0344,-0.0055,0.0117
-3.4596,1.2091,7.3430,-0.0659,-0.0077,0.0009,-5.8514,-5.2768,4.0821,-0.0442,0.0013,0.0087
-3.4836,1.1827,7.2664,-0.0690,-0.0005,-0.0123,-5.8873,-5.3343,3.9456,-0.0350,0.0218,0.0088
-3.4069,1.2139,7.2089,-0.0751,-0.0108,-0.0155,-5.8682,-5.3103,3.9816,-0.0476,-0.0131,-0.0043
-3.4141,1.1325,7.2784,-0.0782,-0.0168,-0.0282,-5.8012,-5.3534,4.1276,-0.0538,0.0068,-0.0330
-3.4237,1.1253,7.3071,-0.0694,-0.0092,-0.0205,-5.9759,-5.4157,4.0390,-0.0465,0.0296,-0.0193
-3.4500,1.1157,7.3239,-0.0580,-0.0153,-0.0059,-5.9185,-5.3463,3.8714,-0.0337,0.0053,0.0048
-3.3926,1.1660,7.2999,-0.0783,-0.0420,0.0071,-5.8897,-5.2553,3.9863,-0.0396,-0.0087,-0.0077
-3.5195,1.2043,7.3287,-0.0718,-0.0085,-0.0084,-5.9759,-5.4468,3.9409,-0.0380,-0.0171,0.0173
-3.4524,1.1157,7.3047,-0.0618,-0.0015,0.0089,-5.7748,-5.2768,4.0270,-0.0422,0.0043,0.0109
-3.4405,1.2354,7.1706,-0.0691,-0.0089,-0.0123,-5.8538,-5.2984,4.0103,-0.0421,-0.0063,-0.0147
-3.4836,1.2067,7.2640,-0.1007,-0.0230,-0.0088,-5.8299,-5.3103,3.9576,-0.0490,-0.0067,-0.0035
-3.4764,1.2043,7.3646,-0.0730,0.0089,-0.0040,-5.8826,-5.3534,4.0654,-0.0556,-0.0001,0.0041
-3.4836,1.1947,7.3885,-0.0753,-0.0191,-0.0013,-5.9017,-5.3415,3.9792,-0.0458,0.0084,-0.0048
-3.3399,1.2163,7.3095,-0.0761,-0.0087,-0.0120,-5.7964,-5.3223,4.0438,-0.0518,-0.0141,-0.0099
-3.4261,1.1971,7.3574,-0.0678,-0.0184,-0.0209,-5.8347,-5.3510,4.0773,-0.0436,0.0051,-0.0053
-3.4572,1.2091,7.2856,-0.0929,-0.0092,-0.0205,-5.9113,-5.3678,3.9289,-0.0468,0.0278,-0.0176
-3.5123,1.2210,7.3909,-0.0669,-0.0076,-0.0111,-5.8490,-5.3295,3.9816,-0.0428,-0.0107,-0.0079
-3.4620,1.2546,7.2808,-0.0707,-0.0257,-0.0147,-5.7940,-5.2912,3.8978,-0.0476,-0.0152,-0.0125
-3.4333,1.1756,7.2808,-0.0934,-0.0153,-0.0220,-5.8155,-5.3008,3.9720,-0.0556,-0.0113,-0.0268
-3.5291,1.1684,7.4029,-0.0915,0.0004,-0.0185,-5.8778,-5.4277,4.0941,-0.0484,0.0353,-0.0294
-3.5267,1.2234,7.1730,-0.0549,0.0112,-0.0124,-5.9951,-5.4468,4.0821,-0.0352,0.0072,0.0097
-3.4333,1.1325,7.2472,-0.0833,-0.0428,0.0040,-5.8490,-5.2433,3.9241,-0.0429,-0.0176,0.0017
-3.3184,1.1971,7.3454,-0.0738,-0.0141,-0.0077,-5.8347,-5.2553,3.9720,-0.0456,0.0001,-0.0049
-3.5291,1.1540,7.2425,-0.0867,0.0011,-0.0171,-5.8466,-5.3558,4.0773,-0.0509,0.0117,-0.0131
-3.5003,1.1899,7.2832,-0.0822,-0.0069,-0.0083,-5.9735,-5.4564,3.9935,-0.0416,0.0032,0.0001
-3.4261,1.1301,7.3598,-0.0600,-0.0067,-0.0016,-5.8347,-5.3319,3.9792,-0.0426,-0.0201,0.0075
-3.3974,1.2139,7.3071,-0.0887,-0.0222,-0.0075,-5.8227,-5.3103,3.9313,-0.0530,0.0060,-0.0059
-3.4477,1.1396,7.3358,-0.0845,-0.0096,-0.0184,-5.8897,-5.3463,3.9480,-0.0548,0.0025,-0.0179
-3.4237,1.1756,7.2951,-0.0757,-0.0226,-0.0316,-5.8299,-5.3965,4.1132,-0.0496,-0.0032,-0.0285
-3.4453,1.1540,7.3813,-0.0821,-0.0265,-0.0218,-5.8538,-5.3726,3.9983,-0.0424,-0.0085,-0.0088
-3.4237,1.1349,7.4101,-0.0689,-0.0115,-0.0211,-5.8419,-5.3463,3.9265,-0.0384,0.0104,-0.0205
-3.5458,1.1636,7.2808,-0.0857,-0.0180,-0.0137,-5.9256,-5.4037,3.9528,-0.0432,-0.0079,-0.0059
-3.4884,1.1277,7.3550,-0.0954,-0.0119,-0.0079,-5.9113,-5.4396,4.1946,-0.0513,0.0200,-0.0145
-3.4907,1.1708,7.3526,-0.0502,0.0096,-0.0116,-5.8826,-5.4205,4.0103,-0.0341,-0.0109,0.0127
-3.4788,1.1875,7.3526,-0.0663,-0.0326,0.0113,-5.9352,-5.3223,3.8666,-0.0462,0.0177,0.0039
-3.4453,1.1851,7.4220,-0.0556,-0.0011,0.0047,-5.8251,-5.3822,4.0103,-0.0432,0.0003,0.0040
-3.5554,1.1301,7.6902,-0.0208,0.0418,0.0181,-5.9400,-5.7006,4.5298,-0.0301,0.0738,0.0117
-3.5506,1.1468,7.5034,0.0693,0.0997,0.0374,-6.0238,-5.4229,3.9935,0.0149,0.0957,0.0837
-3.4309,1.2953,6.8450,0.0121,0.0116,0.0369,-5.8419,-4.9057,3.5578,-0.0056,0.0336,0.0590
-3.2825,1.4557,6.8977,-0.1625,-0.0926,-0.0093,-5.8275,-4.7932,3.5769,-0.0637,-0.0775,-0.0225
-3.3543,1.2617,7.3239,-0.2358,-0.0903,-0.0693,-5.7150,-5.2050,4.1420,-0.1092,-0.0909,-0.0930
-3.4692,1.1636,7.9272,-0.2050,-0.0486,-0.0484,-6.0932,-5.7916,4.2521,-0.0946,0.0300,-0.0797
-3.5745,1.0439,7.7428,-0.0132,0.0452,-0.0183,-6.0430,-5.7269,4.1468,-0.0163,0.0570,0.0033
-3.6296,1.2163,7.0509,-0.0172,-0.0192,0.0109,-5.9256,-5.1619,3.7565,0.0179,-0.0262,0.0453
-3.4069,1.3216,6.9456,-0.0793,-0.0322,-0.0193,-5.7676,-5.0637,3.9121,-0.0342,-0.0342,0.0121
-3.2585,1.1995,7.2736,-0.1306,-0.0306,-0.0436,-5.8706,-5.2529,4.0582,-0.0803,0.0028,-0.0353
-3.4477,1.1372,7.5537,-0.0962,-0.0013,-0.0241,-5.9616,-5.6288,4.0701,-0.0596,0.0109,0.0092
-3.5075,1.1492,7.4771,-0.0418,-0.0211,0.0120,-6.0286,-5.4540,4.0007,-0.0155,-0.0116,0.0743
-3.3830,1.2163,6.9743,-0.0626,-0.0368,0.0020,-5.6575,-5.1212,3.9433,-0.0300,-0.0346,0.0241
-3.3088,1.1396,7.2832,-0.0863,0.0085,-0.0312,-5.9544,-5.3008,4.1851,-0.0588,0.0185,0.0016
-3.4860,1.1109,7.2329,-0.0834,0.0091,-0.0350,-6.0023,-5.4660,3.9624,-0.0413,0.0334,0.0192
-3.5314,1.1396,7.4508,-0.0426,-0.0035,-0.0160,-6.0047,-5.4516,3.9911,-0.0317,0.0132,0.0083
-3.4548,1.2641,7.2137,-0.0747,-0.0454,-0.0016,-5.8610,-5.2505,3.9863,-0.0252,-0.0332,0.0123
-3.4548,1.2617,7.3478,-0.0841,0.0055,-0.0220,-5.8706,-5.2625,4.1348,-0.0542,0.0116,0.0101
-3.4788,1.2594,7.3023,-0.0710,0.0060,-0.0132,-6.1268,-5.4157,4.0654,-0.0513,0.0458,0.0462
-3.5386,1.1684,7.1299,-0.0861,-0.0309,-0.0169,-5.9161,-5.2984,3.9002,-0.0218,-0.0310,0.0349
-3.4357,1.1492,7.2903,-0.0715,-0.0079,-0.0088,-5.9185,-5.3056,4.1420,-0.0344,0.0069,0.0256
-3.4620,1.2019,7.4460,-0.0596,-0.0045,-0.0013,-5.8802,-5.2194,4.0127,-0.0378,0.0028,0.0136
-3.4931,1.2115,7.1587,-0.0709,-0.0049,-0.0157,-5.9041,-5.1667,3.9097,-0.0458,-0.0099,-0.0081
-3.3567,1.1947,7.1778,-0.1006,-0.0480,-0.0187,-6.0573,-5.2696,4.0821,-0.0550,-0.0117,0.0148
-3.4022,1.1540,7.6327,-0.0698,-0.0089,-0.0156,-5.8802,-5.3965,4.1683,-0.0361,-0.0121,0.0352
-3.4884,1.1971,7.3119,-0.0529,0.0083,-0.0083,-5.9855,-5.2194,3.9624,-0.0301,0.0320,0.0430
-3.3878,1.2641,7.1323,-0.0717,-0.0221,-0.0165,-5.8945,-5.0518,4.0031,-0.0386,-0.0397,0.0199
-3.4788,1.2354,7.4029,-0.1140,-0.0333,-0.0100,-5.9807,-5.3295,4.0917,-0.0638,-0.0035,-0.0156
-3.4596,1.1372,7.4124,-0.0554,0.0298,-0.0128,-5.9927,-5.3702,4.0989,-0.0442,-0.0029,0.0342
-3.4764,1.1540,7.3287,-0.0662,-0.0257,0.0020,-5.9711,-5.2625,3.9504,-0.0453,0.0262,0.0189
-3.4285,1.2929,7.0773,-0.0512,-0.0159,-0.0133,-5.9879,-5.2002,4.0725,-0.0321,-0.0084,0.0141
-3.2729,1.2737,7.2903,-0.0971,-0.0246,-0.0145,-5.9376,-5.1834,4.1061,-0.0632,0.0124,0.0133
-3.4261,1.1756,7.3837,-0.0866,-0.0060,-0.0289,-6.0094,-5.3199,4.1755,-0.0488,0.0049,0.0087
-3.5027,1.1756,7.2808,-0.0759,-0.0124,-0.0230,-5.9304,-5.2936,3.9480,-0.0365,-0.0039,0.0079
-3.3543,1.2091,7.3167,-0.0735,-0.0069,-0.0139,-5.9783,-5.2385,4.1013,-0.0497,0.0112,0.0116
-3.4429,1.2617,7.3598,-0.0659,-0.0115,-0.0083,-6.0310,-5.2505,3.9600,-0.0432,0.0145,0.0039
-3.4309,1.2234,7.3047,-0.0885,-0.0112,-0.0151,-5.9855,-5.2218,3.9911,-0.0468,-0.0057,0.0268
-3.4668,1.2378,7.2999,-0.0722,-0.0253,-0.0103,-5.9137,-5.2385,4.0606,-0.0401,-0.0071,0.0073
-3.3567,1.2258,7.2257,-0.0508,-0.0123,-0.0160,-5.9352,-5.2601,4.1156,-0.0373,-0.0112,0.0196
-3.4357,1.2306,7.1419,-0.0493,-0.0028,-0.0039,-5.9687,-5.1787,4.0510,-0.0444,0.0131,0.0159
-3.4117,1.2809,7.5058,-0.1079,-0.0350,0.0011,-6.0310,-5.1571,3.9983,-0.0528,0.0285,-0.0089
-3.3974,1.1277,7.4101,-0.0686,0.0008,-0.0148,-5.9304,-5.2744,4.1827,-0.0506,-0.0109,-0.0305
-3.3662,1.2234,7.4603,-0.0825,-0.0294,-0.0076,-5.9879,-5.2648,4.0294,-0.0446,0.0016,0.0109
-3.5482,1.2378,7.1228,-0.0670,0.0183,-0.0302,-6.0885,-5.2241,4.0893,-0.0253,0.0452,0.0084
-3.3567,1.1875,7.2496,-0.0862,-0.0354,-0.0044,-5.9304,-5.0278,4.0366,-0.0521,-0.0388,0.0023
-3.4309,1.2881,7.3717,-0.0942,-0.0025,-0.0289,-5.9280,-5.1739,4.1635,-0.0462,0.0077,-0.0195
-3.4285,1.1492,7.2760,-0.0574,0.0136,-0.0234,-6.0238,-5.2601,4.1132,-0.0538,0.0024,-0.0187
-3.4716,1.1420,7.3933,-0.0706,-0.0428,-0.0033,-6.0094,-5.1547,3.9887,-0.0416,-0.0016,0.0149
-3.4788,1.1708,7.2089,-0.0626,0.0072,-0.0282,-5.9376,-5.2385,4.0845,-0.0322,-0.0051,0.0061
-3.3447,1.2186,7.3334,-0.0901,-0.0284,-0.0144,-6.0094,-5.2122,4.1252,-0.0617,0.0053,-0.0044
-3.3830,1.1827,7.5130,-0.0705,-0.0009,-0.0112,-5.9496,-5.2194,4.0845,-0.0314,-0.0036,0.0454
-3.4309,1.1779,7.3191,-0.0682,-0.0149,-0.0023,-5.9376,-5.1763,3.8906,-0.0412,0.0009,0.0168
-3.4309,1.2474,7.1898,-0.0774,-0.0211,-0.0157,-5.9520,-5.1356,4.1803,-0.0362,-0.0211,0.0218
-3.3926,1.2306,7.4196,-0.0885,-0.0105,-0.0173,-5.9975,-5.1595,3.9911,-0.0569,0.0302,-0.0112
-3.4572,1.1205,7.2688,-0.0766,-0.0084,-0.0221,-6.0454,-5.2768,4.0151,-0.0394,-0.0060,0.0108
-3.3878,1.2234,7.3909,-0.0786,-0.0353,-0.0025,-5.9879,-5.1906,4.0223,-0.0441,-0.0048,0.0129
-3.4022,1.2139,7.3143,-0.0604,0.0011,-0.0160,-5.9256,-5.1691,4.0677,-0.0345,0.0137,0.0192
-3.4572,1.2139,7.2209,-0.0939,-0.0139,-0.0193,-5.9903,-5.1164,3.9193,-0.0517,0.0052,-0.0097
-3.4022,1.1947,7.3023,-0.0886,-0.0145,-0.0212,-5.9448,-5.2529,4.1252,-0.0544,-0.0117,-0.0163
-3.4357,1.2043,7.3382,-0.0666,-0.0143,-0.0092,-6.0454,-5.2792,4.1156,-0.0504,0.0087,0.0012
-3.3902,1.1803,7.4029,-0.0722,-0.0193,-0.0068,-5.9687,-5.2026,4.0223,-0.0397,0.0031,0.0073
-3.4500,1.2306,7.3191,-0.0841,-0.0175,-0.0127,-5.9376,-5.1404,4.0701,-0.0374,-0.0077,-0.0097
-3.4309,1.1684,7.3981,-0.0663,-0.0032,-0.0160,-5.9400,-5.2744,4.0438,-0.0481,-0.0168,-0.0025
-3.4453,1.2091,7.4101,-0.0597,-0.0104,-0.0084,-5.9759,-5.1739,4.1037,-0.0477,0.0252,0.0084
-3.3710,1.1756,7.3694,-0.0805,-0.0329,0.0004,-6.0478,-5.0805,3.9696,-0.0457,0.0059,0.0005
-3.3950,1.2043,7.4196,-0.0701,-0.0100,-0.0136,-6.0645,-5.1236,4.0486,-0.0506,0.0189,-0.0057
-3.4620,1.1756,7.4244,-0.0979,-0.0209,-0.0035,-6.0454,-5.1763,4.0223,-0.0477,-0.0103,-0.0035
-3.5051,1.2091,7.3741,-0.0782,0.0187,-0.0097,-5.9664,-5.1619,4.0845,-0.0388,0.0059,0.0032
-3.5554,1.2067,7.2568,-0.0993,-0.0217,-0.0037,-5.9616,-5.0566,3.8618,-0.0426,-0.0286,0.0020
-3.4189,1.1396,7.4244,-0.0939,-0.0145,-0.0216,-5.9448,-5.2194,4.0701,-0.0449,-0.0105,-0.0189
-3.4261,1.2354,7.3119,-0.0861,-0.0036,-0.0269,-5.9616,-5.1571,4.2401,-0.0410,0.0069,-0.0024
-3.4381,1.2139,7.3023,-0.0803,-0.0111,-0.0185,-6.0286,-5.0901,3.9409,-0.0473,0.0025,-0.0012
-3.4046,1.2258,7.2640,-0.0926,-0.0368,-0.0197,-5.8993,-5.0326,3.9600,-0.0497,-0.0211,-0.0216
-3.4117,1.1708,7.2089,-0.0997,-0.0077,-0.0392,-6.0310,-5.2385,4.1851,-0.0604,0.0097,-0.0189
-3.4620,1.1468,7.3789,-0.0879,0.0095,-0.0252,-6.0741,-5.3008,4.1252,-0.0593,0.0316,-0.0087
-3.5243,1.1325,7.3717,-0.0544,-0.0036,-0.0159,-6.0908,-5.2409,3.8834,-0.0385,-0.0029,-0.0059
-3.4836,1.1372,7.2401,-0.0742,-0.0437,0.0023,-5.9735,-5.1763,4.0893,-0.0453,-0.0257,0.0035
-3.4165,1.2234,7.2760,-0.0907,-0.0163,-0.0065,-5.9256,-5.1260,4.0941,-0.0517,-0.0085,-0.0021
-3.3878,1.1827,7.4172,-0.0806,-0.0108,-0.0143,-5.9161,-5.1667,4.0342,-0.0536,0.0037,-0.0159
-3.5123,1.1779,7.3478,-0.1041,-0.0276,-0.0148,-5.9687,-5.2457,4.0223,-0.0522,-0.0085,-0.0163
-3.3830,1.1492,7.3717,-0.0612,-0.0120,-0.0153,-5.9711,-5.2648,4.1061,-0.0362,0.0039,0.0037
-3.4117,1.1756,7.3263,-0.0620,-0.0041,-0.0193,-5.9640,-5.1499,3.9648,-0.0418,0.0246,-0.0163
-3.4596,1.2498,7.3263,-0.0618,-0.0025,-0.0192,-5.9711,-5.1739,3.9983,-0.0472,-0.0072,0.0081
-3.5698,1.1851,7.3598,-0.0661,-0.0228,-0.0220,-6.0549,-5.1930,4.0893,-0.0313,-0.0169,0.0506
-3.4620,1.1420,7.3430,-0.0589,-0.0149,-0.0071,-6.0023,-5.2409,4.0893,-0.0245,-0.0037,0.0144
-3.3926,1.1851,7.2832,-0.0754,-0.0213,-0.0075,-5.9113,-5.1212,3.9265,-0.0390,0.0119,-0.0016
-3.4955,1.2067,7.3526,-0.0763,-0.0069,-0.0155,-5.9783,-5.1332,4.0103,-0.0376,-0.0133,-0.0003
-3.4069,1.1660,7.4819,-0.0873,-0.0139,-0.0101,-6.0142,-5.1858,4.0151,-0.0476,0.0229,-0.0068
-3.4165,1.2258,7.3215,-0.0695,-0.0097,-0.0164,-5.9496,-5.1451,4.0127,-0.0389,0.0032,-0.0075
-3.3926,1.1372,7.2951,-0.0929,-0.0176,-0.0241,-5.9424,-5.1116,4.0007,-0.0641,-0.0089,-0.0297
-3.4644,1.1995,7.4148,-0.1009,-0.0111,-0.0220,-6.0382,-5.2744,4.1444,-0.0478,-0.0013,-0.0184
-3.3734,1.1516,7.3382,-0.0878,-0.0123,-0.0059,-5.9807,-5.2529,4.0725,-0.0522,0.0095,-0.0107
-3.4165,1.1827,7.2520,-0.0781,-0.0076,-0.0119,-6.0023,-5.1763,4.0318,-0.0444,-0.0012,-0.0068
-3.3710,1.1756,7.2568,-0.0982,-0.0336,-0.0119,-5.9520,-5.1068,3.9816,-0.0620,-0.0051,-0.0184
-3.3112,1.1492,7.4412,-0.0830,-0.0057,-0.0115,-5.9185,-5.2672,4.2018,-0.0532,-0.0003,-0.0103
-3.4213,1.1923,7.3263,-0.0661,-0.0036,-0.0092,-5.9520,-5.2337,4.0151,-0.0444,0.0171,0.0081
-3.4093,1.1660,7.3813,-0.0561,-0.0234,-0.0076,-5.9017,-5.1571,4.0151,-0.0390,-0.0132,0.0028
-3.4907,1.1971,7.3478,-0.0588,-0.0037,-0.0165,-5.9711,-5.2481,4.1731,-0.0426,0.0193,-0.0199
-3.5745,1.1444,7.3167,-0.0442,0.0305,0.0015,-6.0693,-5.3199,4.1515,-0.0215,0.0127,0.0492
-3.4548,1.2210,7.2951,-0.0217,-0.0193,0.0111,-6.1052,-5.2289,4.0534,0.0016,0.0199,0.0517
-3.4429,1.3001,7.2137,-0.0346,-0.0338,0.0123,-6.0094,-4.9632,4.0294,-0.0075,-0.0116,0.0453
-3.3160,1.2809,7.2903,-0.0677,-0.0282,0.0008,-5.8873,-4.9680,4.0175,-0.0388,-0.0246,0.0088
-3.3064,1.1923,7.2616,-0.0737,0.0000,-0.0248,-5.9065,-5.0973,4.0103,-0.0542,-0.0015,-0.0163
-3.3615,1.2474,7.3263,-0.0975,0.0064,-0.0328,-5.9520,-5.1308,4.0103,-0.0550,0.0245,-0.0171
-3.3591,1.2498,7.3119,-0.1039,-0.0188,-0.0274,-5.9664,-5.0566,3.8618,-0.0549,-0.0193,-0.0060
-3.4069,1.2306,7.3885,-0.1135,-0.0268,-0.0220,-5.8706,-5.1667,4.0199,-0.0715,-0.0068,-0.0241
-3.4860,1.1899,7.4867,-0.0895,0.0204,-0.0177,-6.0717,-5.3582,4.2114,-0.0625,0.0340,-0.0225
-3.4716,1.1540,7.3478,-0.0723,-0.0068,0.0028,-6.0382,-5.2098,4.1180,-0.0433,0.0011,0.0161
-3.4309,1.2641,7.3047,-0.0604,-0.0161,0.0148,-6.0430,-5.0709,3.9600,-0.0362,-0.0199,0.0305
-3.2777,1.2234,7.1658,-0.0682,-0.0440,0.0077,-5.9496,-5.1404,4.2090,-0.0430,-0.0176,0.0125
-3.3351,1.2354,7.4316,-0.0783,0.0032,-0.0073,-5.9879,-5.1164,4.2545,-0.0493,0.0195,0.0073
-3.4860,1.1325,7.4364,-0.0807,-0.0009,-0.0215,-6.0094,-5.1547,4.0510,-0.0290,0.0157,0.0048
-3.4836,1.2186,7.1156,-0.0644,-0.0159,-0.0298,-5.9328,-5.1667,4.1875,-0.0261,-0.0060,-0.0087
-3.3926,1.1827,7.2903,-0.0687,-0.0187,-0.0260,-6.0286,-5.1212,4.0486,-0.0390,0.0183,0.0005
-3.4907,1.2306,7.3694,-0.0782,-0.0077,-0.0322,-6.0885,-5.1475,4.0965,-0.0284,0.0160,0.0016
-3.4237,1.2019,7.3382,-0.0582,0.0004,-0.0175,-5.9855,-5.1308,4.1348,-0.0365,-0.0007,0.0000
-3.4716,1.2881,7.3981,-0.0536,-0.0230,0.0012,-6.0837,-5.1571,3.9935,-0.0360,0.0004,0.0092
-3.4764,1.2498,7.1395,-0.0665,0.0119,-0.0153,-5.9879,-5.1499,4.0917,-0.0352,-0.0012,0.0085
-3.3232,1.2713,7.4148,-0.0761,-0.0175,-0.0103,-5.9664,-5.0853,4.0630,-0.0444,0.0000,0.0011
-3.4453,1.2977,7.3047,-0.0777,-0.0165,-0.0161,-5.9831,-5.1116,3.9887,-0.0494,-0.0060,-0.0127
-3.3327,1.2498,7.3119,-0.0655,-0.0016,-0.0216,-6.0693,-5.1739,4.0318,-0.0548,0.0124,-0.0159
-3.4429,1.2043,7.3215,-0.0910,-0.0490,-0.0056,-6.0262,-5.1427,4.0342,-0.0490,-0.0081,-0.0089
-3.4237,1.2641,7.4484,-0.0737,0.0108,-0.0081,-6.0382,-5.1404,4.0558,-0.0373,0.0037,0.0091
-3.5434,1.2163,7.3143,-0.0823,0.0021,-0.0021,-6.0118,-5.1643,4.0247,-0.0396,0.0132,0.0161
-3.4596,1.2139,7.2520,-0.0663,-0.0011,0.0043,-6.0406,-5.0374,4.0414,-0.0509,-0.0181,0.0067
-3.3926,1.2905,7.3119,-0.0993,-0.0461,0.0025,-5.9951,-5.0757,3.9911,-0.0538,-0.0101,0.0008
-3.3878,1.2210,7.3933,-0.0801,-0.0011,-0.0215,-5.9999,-5.1715,4.1683,-0.0498,0.0261,-0.0276
-3.4740,1.2139,7.3406,-0.0774,-0.0109,-0.0141,-5.9807,-5.0661,3.9959,-0.0429,-0.0103,-0.0003
-3.4764,1.2091,7.2209,-0.0698,0.0060,-0.0179,-6.0525,-5.0853,4.0510,-0.0458,0.0059,-0.0037
-3.4165,1.1827,7.1275,-0.0923,-0.0320,-0.0246,-6.0047,-5.2194,4.1563,-0.0517,-0.0234,-0.0203
-3.4716,1.1875,7.3933,-0.0842,0.0008,-0.0160,-6.1124,-5.2577,4.0677,-0.0440,0.0113,0.0458
-3.3878,1.2234,7.3095,-0.0517,-0.0151,-0.0024,-5.9616,-5.1116,4.0725,-0.0317,-0.0080,0.0294
-3.3232,1.2857,7.3023,-0.0659,-0.0425,-0.0123,-5.9783,-5.0446,4.0630,-0.0380,-0.0233,0.0033
-3.3662,1.2450,7.3526,-0.0630,-0.0028,-0.0249,-5.9400,-5.0949,4.0510,-0.0533,0.0101,-0.0125
-3.3974,1.2594,7.3191,-0.0556,0.0069,-0.0135,-6.1483,-5.1332,4.1204,-0.0452,0.0193,-0.0159
-3.5267,1.2450,7.2951,-0.0842,-0.0145,0.0013,-6.1004,-5.0829,4.0438,-0.0400,0.0113,-0.0043
-3.4069,1.2402,7.3526,-0.0691,-0.0100,-0.0173,-6.0286,-5.0877,4.0558,-0.0354,-0.0137,0.0001
-3.5314,1.1756,7.2544,-0.0958,-0.0147,-0.0189,-6.0525,-5.1020,4.1156,-0.0384,-0.0116,0.0081
-3.4644,1.1444,7.4364,-0.0669,0.0140,-0.0080,-6.0190,-5.1763,4.1013,-0.0520,0.0322,-0.0025
-3.4884,1.2450,7.2856,-0.0605,-0.0325,0.0015,-6.0669,-5.1811,3.8762,-0.0292,-0.0272,0.0120
-3.3423,1.2474,7.4460,-0.0766,-0.0217,0.0009,-5.9233,-5.1020,4.1468,-0.0528,-0.0031,-0.0124
-3.4165,1.3360,7.3646,-0.0490,0.0043,-0.0071,-5.9711,-5.0087,4.0103,-0.0430,0.0005,-0.0148
-3.5003,1.2809,7.2042,-0.1015,-0.0213,-0.0199,-5.9759,-5.0566,3.9672,-0.0502,-0.0017,-0.0177
-3.4022,1.3408,7.3765,-0.1041,-0.0207,-0.0205,-6.0142,-5.0781,4.1635,-0.0512,-0.0196,-0.0183
-3.3902,1.2091,7.1180,-0.0966,-0.0284,-0.0298,-6.0741,-5.1667,4.1204,-0.0506,-0.0075,-0.0104
-3.3279,1.1756,7.4986,-0.1026,-0.0157,-0.0183,-6.0382,-5.1954,4.2832,-0.0674,0.0076,-0.0048
-3.3782,1.2833,7.5274,-0.0446,-0.0088,-0.0192,-6.0334,-5.1164,4.0055,-0.0328,-0.0121,0.0025
-3.4788,1.2330,7.2903,-0.0540,-0.0119,-0.0057,-6.1818,-5.1020,4.0223,-0.0512,0.0165,0.0071
-3.4477,1.2115,7.3287,-0.0955,-0.0281,-0.0056,-5.9520,-5.1212,3.9935,-0.0510,-0.0316,-0.0131
-3.4069,1.2570,7.4579,-0.0937,-0.0107,-0.0068,-5.9376,-5.2098,4.0199,-0.0553,0.0176,-0.0321
-3.4405,1.1564,7.2544,-0.0679,0.0201,-0.0135,-6.1076,-5.1547,3.9313,-0.0349,-0.0035,0.0149
-3.3112,1.3072,7.3382,-0.0854,-0.0336,-0.0017,-6.0334,-5.0805,4.0486,-0.0504,0.0193,-0.0035
-3.3447,1.2043,7.3215,-0.0733,-0.0148,-0.0204,-5.9304,-5.0494,4.1013,-0.0482,-0.0164,-0.0120
-3.3303,1.2881,7.4531,-0.0770,-0.0107,-0.0101,-6.0573,-5.1763,4.0701,-0.0474,0.0240,-0.0040
-3.5410,1.2546,7.3885,-0.0576,0.0005,-0.0020,-6.0023,-5.1404,4.0414,-0.0348,0.0024,0.0097
-3.3303,1.2282,7.3574,-0.0751,-0.0361,-0.0049,-6.0094,-5.0470,4.0582,-0.0405,-0.0101,0.0041
-3.3974,1.2306,7.3885,-0.0843,-0.0136,-0.0249,-5.9472,-5.1116,4.1300,-0.0422,0.0060,-0.0107
-3.4548,1.2186,7.3981,-0.0663,0.0088,-0.0139,-6.0525,-5.1380,4.0414,-0.0376,0.0185,-0.0012
-3.3998,1.2641,7.3358,-0.0671,-0.0197,-0.0113,-6.0286,-5.0566,4.0342,-0.0421,0.0076,0.0085
-3.3758,1.3024,7.2951,-0.0694,-0.0165,-0.0173,-6.1100,-5.0637,4.0845,-0.0361,-0.0041,-0.0028
-3.3782,1.2139,7.3143,-0.0701,-0.0127,-0.0097,-6.0501,-5.2241,4.1635,-0.0481,0.0060,-0.0073
-3.3639,1.1947,7.2209,-0.0678,-0.0111,-0.0209,-6.0645,-5.1571,4.1132,-0.0392,0.0079,-0.0133
-3.4213,1.2067,7.2712,-0.0875,-0.0268,-0.0191,-5.9256,-4.9799,4.0103,-0.0464,-0.0027,-0.0075
-3.3782,1.2163,7.4460,-0.0857,-0.0180,-0.0163,-5.9951,-5.1212,4.1587,-0.0484,0.0028,-0.0045
-3.3423,1.2354,7.3670,-0.0701,-0.0025,-0.0173,-5.9855,-5.1571,4.1444,-0.0485,0.0333,-0.0127
-3.3902,1.1995,7.3334,-0.0640,-0.0083,-0.0124,-5.9951,-5.1308,3.9121,-0.0453,-0.0057,0.0079
-3.3686,1.2234,7.3933,-0.0755,-0.0353,-0.0108,-5.9687,-5.0996,4.0390,-0.0505,-0.0084,-0.0135
-3.4979,1.2210,7.4723,-0.1031,-0.0015,-0.0244,-6.0071,-5.1427,4.0175,-0.0462,-0.0051,-0.0115
-3.4812,1.2163,7.3861,-0.0831,-0.0027,-0.0100,-6.0358,-5.2122,4.2545,-0.0504,0.0033,-0.0045
-3.4237,1.2043,7.3263,-0.0572,-0.0125,-0.0029,-5.9999,-5.1547,3.9959,-0.0357,-0.0019,0.0160
-3.4836,1.1947,7.2377,-0.0898,-0.0064,-0.0111,-5.9304,-4.9656,4.0175,-0.0469,0.0001,0.0012
-3.2896,1.2617,7.2616,-0.1227,-0.0505,-0.0171,-6.0693,-5.0829,4.2018,-0.0613,-0.0209,-0.0116
-3.3902,1.1708,7.4795,-0.0713,0.0060,-0.0209,-6.0693,-5.1834,4.2425,-0.0517,0.0084,-0.0059
-3.4764,1.1588,7.3933,-0.0614,-0.0091,0.0040,-6.0573,-5.1858,3.9456,-0.0412,0.0063,0.0137
-3.4237,1.2426,7.2856,-0.0637,-0.0147,-0.0012,-5.9927,-5.0901,3.9959,-0.0346,-0.0007,0.0087
-3.3495,1.2641,7.2209,-0.0893,-0.0262,-0.0129,-5.9520,-5.0446,4.1204,-0.0534,-0.0036,-0.0204
-3.4572,1.1779,7.4651,-0.0954,0.0059,-0.0168,-6.0238,-5.1499,4.1228,-0.0504,0.0143,-0.0147
-3.5099,1.2139,7.3526,-0.0530,0.0113,-0.0189,-6.0645,-5.1595,4.0558,-0.0264,0.0108,-0.0015
-3.3974,1.1827,7.2185,-0.0779,-0.0500,-0.0005,-5.9065,-4.9728,4.0749,-0.0369,-0.0560,0.0132
-3.3567,1.2498,7.4244,-0.0966,-0.0163,-0.0218,-5.9424,-5.0566,4.0438,-0.0544,-0.0032,-0.0175
-3.5243,1.1875,7.4148,-0.0799,0.0085,-0.0200,-5.9568,-5.1882,4.2234,-0.0450,0.0159,0.0020
-3.4381,1.1995,7.2951,-0.0508,-0.0127,-0.0140,-6.0094,-5.1260,4.0294,-0.0269,0.0143,0.0129
-3.3543,1.2641,7.2425,-0.0765,-0.0284,-0.0043,-5.9544,-4.9799,3.9983,-0.0366,-0.0127,0.0081
-3.2753,1.2641,7.4029,-0.0818,-0.0095,-0.0189,-5.9328,-5.0637,4.1492,-0.0520,0.0056,-0.0163
-3.5865,1.2330,7.2832,-0.1010,0.0011,-0.0277,-6.1866,-5.1930,4.0821,-0.0454,0.0248,-0.0157
-3.4524,1.1420,7.4891,-0.0568,0.0064,-0.0051,-6.0765,-5.1906,4.1348,-0.0358,-0.0147,0.0097
-3.4620,1.2713,7.2042,-0.0751,-0.0434,-0.0015,-5.9640,-5.0566,4.0486,-0.0313,-0.0224,0.0124
-3.3471,1.2163,7.3047,-0.0825,0.0040,-0.0092,-5.9735,-5.1140,4.0749,-0.0564,0.0093,-0.0063
-3.3782,1.2139,7.3694,-0.0749,-0.0093,-0.0168,-6.0094,-5.1404,3.9768,-0.0480,0.0213,-0.0071
-3.4117,1.1899,7.3239,-0.0553,-0.0140,-0.0131,-5.9951,-5.0613,3.9385,-0.0329,-0.0104,0.0060
-3.4022,1.2043,7.2927,-0.0858,-0.0115,-0.0087,-6.0118,-5.0566,4.1252,-0.0484,0.0021,-0.0044
-3.4836,1.2450,7.2999,-0.0898,0.0023,-0.0189,-6.1004,-5.0805,4.2018,-0.0502,0.0218,0.0149
-3.4357,1.1756,7.4244,-0.0678,0.0028,-0.0005,-6.0118,-5.2265,4.2090,-0.0348,0.0208,0.0112
-3.4931,1.3096,7.2281,-0.0606,-0.0051,-0.0057,-6.0071,-5.0709,4.0055,-0.0246,-0.0181,0.0195
-3.3519,1.2115,7.2640,-0.0909,-0.0177,-0.0079,-5.9951,-5.0159,4.0989,-0.0550,0.0069,-0.0027
-3.4237,1.1971,7.3741,-0.0833,-0.0120,-0.0204,-6.0430,-5.1284,4.1228,-0.0542,0.0011,0.0015
-3.4884,1.2186,7.3670,-0.0845,-0.0191,-0.0104,-6.0190,-5.1236,4.2258,-0.0436,-0.0051,-0.0131
-3.3854,1.2426,7.3430,-0.0586,0.0025,-0.0191,-5.9544,-5.0566,4.1970,-0.0330,-0.0207,0.0121
-3.4477,1.1971,7.2856,-0.0935,-0.0260,-0.0151,-5.9616,-4.9895,3.9744,-0.0454,0.0072,-0.0145
-3.3615,1.1708,7.3526,-0.0939,-0.0060,-0.0274,-6.0238,-5.1715,4.1515,-0.0450,0.0064,-0.0280
-3.4524,1.1875,7.3861,-0.0722,-0.0171,-0.0124,-6.1100,-5.1547,4.0989,-0.0350,-0.0040,-0.0048
-3.3639,1.2258,7.4077,-0.0613,-0.0171,-0.0124,-6.0334,-5.0398,4.1084,-0.0340,-0.0131,-0.0084
-3.3830,1.2594,7.2425,-0.0795,-0.0276,-0.0218,-5.9017,-4.9584,4.1899,-0.0430,-0.0149,-0.0147
-3.3974,1.2258,7.2784,-0.0971,-0.0059,-0.0237,-6.0358,-5.0685,4.0366,-0.0569,0.0360,-0.0233
-3.3878,1.1444,7.3358,-0.0707,-0.0059,-0.0256,-5.9807,-5.0973,4.0534,-0.0464,-0.0037,-0.0173
-3.4117,1.2570,7.3837,-0.0781,-0.0402,-0.0091,-6.0047,-5.0949,4.1468,-0.0417,0.0001,-0.0080
-3.3950,1.2474,7.3310,-0.0793,0.0021,-0.0115,-6.0094,-5.0637,4.0127,-0.0484,0.0133,-0.0132
-3.4022,1.2474,7.4124,-0.0762,-0.0260,-0.0036,-6.0501,-5.0781,4.1228,-0.0482,-0.0262,-0.0125
-3.4333,1.2139,7.4148,-0.0891,-0.0221,-0.0043,-5.9831,-5.1356,4.1492,-0.0445,-0.0156,0.0093
-3.2848,1.2282,7.3550,-0.0428,0.0015,-0.0173,-6.0214,-5.0877,4.1180,-0.0324,0.0067,0.0063
-3.3974,1.2330,7.1778,-0.0774,-0.0234,-0.0238,-5.9711,-5.0901,4.1587,-0.0314,0.0039,0.0015
-3.3375,1.2306,7.3765,-0.0754,-0.0096,-0.0228,-6.0166,-5.0350,4.0582,-0.0437,0.0060,0.0060
-3.3567,1.2546,7.3909,-0.0977,-0.0324,-0.0173,-6.0478,-5.0398,4.1156,-0.0461,0.0067,-0.0188
-3.3806,1.2258,7.3430,-0.0989,-0.0059,-0.0226,-6.0238,-5.1020,4.0486,-0.0502,-0.0076,-0.0133
-3.3950,1.1971,7.3646,-0.0934,-0.0140,-0.0276,-6.0071,-5.1451,4.1396,-0.0462,0.0171,-0.0120
-3.3854,1.2019,7.4268,-0.0785,-0.0136,-0.0274,-6.0861,-5.1404,4.0893,-0.0381,0.0004,0.0155
-3.3543,1.1229,7.3622,-0.0693,-0.0157,-0.0159,-6.0310,-5.1020,4.1875,-0.0360,0.0117,0.0212
-3.5147,1.2043,7.1994,-0.0657,-0.0105,-0.0101,-5.9544,-5.0661,4.0151,-0.0322,-0.0128,0.0120
-3.3567,1.2067,7.3478,-0.0632,-0.0069,-0.0035,-6.1004,-5.1475,4.1970,-0.0441,0.0159,0.0143
-3.3255,1.1205,7.2832,-0.0658,-0.0207,-0.0033,-5.9999,-5.0949,4.0390,-0.0310,-0.0033,0.0241
-3.4069,1.1708,7.3909,-0.0654,-0.0124,-0.0041,-5.9280,-4.9799,4.1922,-0.0372,-0.0151,0.0073
-3.3902,1.2258,7.3095,-0.0673,-0.0096,-0.0145,-6.0286,-5.0230,4.1683,-0.0384,0.0171,0.0049
-3.4141,1.1779,7.3143,-0.0782,0.0061,-0.0199,-6.0430,-5.0589,4.0630,-0.0482,0.0317,0.0005
-3.3279,1.2306,7.3143,-0.0719,-0.0052,-0.0199,-6.0238,-5.0901,4.1061,-0.0497,0.0027,0.0007
-3.4524,1.1947,7.3382,-0.1058,-0.0228,-0.0188,-6.1100,-5.1547,4.0127,-0.0604,0.0131,-0.0051
-3.4788,1.1468,7.4771,-0.0682,0.0049,0.0016,-6.0669,-5.1523,4.0031,-0.0508,-0.0012,0.0157
-3.3471,1.2282,7.3694,-0.0456,0.0021,-0.0554,-6.0334,-5.2002,4.2425,-0.0171,0.0105,0.0472
-3.2944,1.2570,7.2257,-0.0373,0.0238,-0.0337,-6.0214,-4.9728,4.0630,-0.0360,0.0248,0.0396
-3.3232,1.2809,7.2185,-0.0667,0.0024,-0.0341,-6.0310,-4.8890,3.9433,-0.0564,0.0266,-0.0044
-3.4764,1.2282,7.3765,-0.1252,-0.0369,-0.0141,-6.0454,-4.9656,4.0438,-0.0683,-0.0020,-0.0337
-3.5099,1.2019,7.4124,-0.1178,-0.0047,-0.0200,-6.0932,-5.1571,4.0103,-0.0640,0.0029,-0.0212
-3.5171,1.1756,7.4124,-0.0835,-0.0257,0.0047,-6.2034,-5.2936,4.1922,-0.0400,-0.0069,0.0136
-3.3926,1.1947,7.5010,-0.0430,-0.0165,0.0163,-6.0286,-5.1332,4.0773,-0.0169,-0.0057,0.0429
-3.3902,1.2378,7.1874,-0.0201,-0.0104,0.0093,-5.9544,-4.9440,4.0318,-0.0144,-0.0124,0.0330
-3.3327,1.3312,7.1946,-0.0741,-0.0220,0.0049,-5.9089,-4.8866,4.0270,-0.0525,-0.0036,-0.0015
-3.2872,1.2306,7.4124,-0.1026,-0.0232,-0.0232,-5.9903,-5.0949,4.0414,-0.0600,0.0237,-0.0229
-3.4572,1.2043,7.4939,-0.0959,0.0015,-0.0242,-6.1746,-5.1715,4.0127,-0.0489,0.0139,-0.0085
-3.3854,1.2306,7.4484,-0.0652,-0.0080,-0.0060,-6.0956,-5.0398,4.1563,-0.0438,-0.0071,0.0009
-3.4788,1.2378,7.3071,-0.0885,-0.0197,-0.0052,-6.0932,-5.0374,4.0989,-0.0433,0.0016,-0.0015
-3.3495,1.1540,7.3646,-0.0717,0.0152,-0.0033,-6.0956,-5.0781,4.1922,-0.0480,0.0286,0.0020
-3.4884,1.2594,7.3981,-0.0681,-0.0201,0.0133,-6.1172,-5.0685,3.9768,-0.0364,0.0028,0.0139
-3.4572,1.2210,7.2856,-0.0488,-0.0004,0.0028,-6.1268,-5.0637,4.1204,-0.0301,-0.0131,0.0152
-3.3375,1.2210,7.3310,-0.0803,-0.0250,0.0009,-6.0693,-5.0159,4.1515,-0.0434,-0.0020,-0.0151
-3.4596,1.2282,7.3358,-0.0817,-0.0035,-0.0180,-5.9903,-4.9895,4.1276,-0.0356,-0.0033,0.0084
-3.4069,1.2282,7.4388,-0.0622,-0.0115,-0.0181,-6.0765,-5.0182,4.0534,-0.0461,0.0135,0.0028
-3.2920,1.2306,7.3263,-0.0854,-0.0508,-0.0204,-5.9999,-5.0446,4.1204,-0.0440,0.0051,-0.0140
-3.3447,1.2378,7.4795,-0.0636,0.0045,-0.0241,-6.0023,-5.0589,4.1659,-0.0490,0.0023,-0.0041
-3.4979,1.2737,7.3550,-0.0369,0.0020,-0.0230,-6.1603,-5.0925,4.0821,-0.0398,0.0157,0.0233
-3.5554,1.1947,7.2832,-0.0520,0.0005,-0.0039,-6.1244,-5.0230,4.1444,-0.0448,-0.0004,0.0453
-3.3950,1.2737,7.3670,-0.0758,-0.0169,0.0109,-5.9711,-4.9177,4.1180,-0.0380,0.0021,0.0296
-3.3088,1.2881,7.3095,-0.0638,0.0032,-0.0113,-6.0956,-4.9249,4.0486,-0.0381,0.0161,0.0008
-3.1675,1.3384,7.2616,-0.0949,-0.0296,-0.0071,-6.0908,-5.1404,4.3311,-0.0518,-0.0524,0.1444
-3.2394,1.2570,7.4388,-0.0985,-0.0132,-0.0089,-6.4021,-5.1691,4.2521,-0.0513,0.0464,0.0140
-3.5075,1.2474,7.1778,-0.0612,0.0037,0.0016,-6.2489,-5.0709,3.9241,-0.0376,-0.0405,-0.0004
-3.4477,1.2330,7.3215,-0.1021,-0.0217,-0.0060,-6.0837,-4.9632,4.0438,-0.0522,0.0024,-0.0143
-3.3567,1.2617,7.3047,-0.0654,-0.0080,-0.0115,-6.0885,-4.9680,4.0390,-0.0408,-0.0232,-0.0028
-3.4453,1.2737,7.2377,-0.0993,-0.0234,-0.0029,-6.0478,-4.9847,4.0103,-0.0541,0.0120,-0.0128
-3.4357,1.2139,7.3765,-0.0663,-0.0024,-0.0087,-6.0956,-5.0159,4.1348,-0.0413,-0.0087,0.0049
-3.3854,1.2450,7.3765,-0.0831,-0.0175,-0.0067,-6.1004,-4.9344,4.0510,-0.0481,0.0125,-0.0125
-3.3686,1.3312,7.3430,-0.0809,-0.0156,-0.0079,-6.0621,-4.9464,4.0534,-0.0457,-0.0205,-0.0051
-3.4357,1.2641,7.3143,-0.0941,-0.0151,-0.0115,-6.1387,-4.9943,4.0677,-0.0437,0.0049,-0.0173
-3.4812,1.2019,7.4196,-0.0753,0.0057,-0.0163,-6.1483,-5.0518,4.1324,-0.0446,0.0043,0.0079
-3.4285,1.1995,7.3143,-0.0797,-0.0249,0.0032,-6.0406,-4.9560,3.9935,-0.0372,-0.0133,0.0115
-3.4333,1.2426,7.2712,-0.0642,-0.0084,-0.0128,-6.0525,-4.9512,4.0654,-0.0465,-0.0047,0.0017
-3.4237,1.2905,7.2999,-0.0887,-0.0297,-0.0129,-6.0765,-5.0901,4.1779,-0.0524,-0.0052,0.0003
-3.3734,1.2881,7.4747,-0.0695,-0.0004,-0.0164,-6.1148,-5.0254,4.1611,-0.0470,0.0222,0.0232
-3.3758,1.2881,7.3646,-0.0614,-0.0176,-0.0077,-6.1723,-4.9680,4.1539,-0.0356,0.0109,0.0027
-3.4237,1.2809,7.2784,-0.0937,-0.0189,-0.0121,-6.0573,-4.9608,4.0486,-0.0478,0.0064,-0.0037
-3.3902,1.2186,7.3957,-0.0735,-0.0017,-0.0270,-6.0334,-5.0254,4.0989,-0.0442,-0.0103,-0.0184
-3.5267,1.2498,7.3622,-0.0758,-0.0147,-0.0037,-6.0908,-5.0853,3.9911,-0.0384,0.0035,0.0011
-3.4046,1.2977,7.2568,-0.0578,-0.0041,-0.0063,-6.1052,-4.9704,4.0965,-0.0370,-0.0003,0.0193
-3.4453,1.2378,7.3287,-0.0794,-0.0230,-0.0128,-6.1148,-5.0159,4.0773,-0.0346,0.0084,0.0105
-3.4189,1.2689,7.4268,-0.0642,0.0016,-0.0031,-6.1699,-5.0589,4.0677,-0.0442,0.0211,0.0105
-3.4836,1.2809,7.2568,-0.0593,0.0001,-0.0057,-6.1268,-4.9488,3.9193,-0.0314,-0.0089,0.0069
-3.3232,1.2450,7.2592,-0.0873,-0.0304,-0.0057,-6.0023,-4.9464,4.1037,-0.0449,-0.0088,-0.0080
-3.4117,1.2378,7.2856,-0.0718,0.0023,-0.0185,-6.1292,-5.0015,4.0486,-0.0410,0.0035,-0.0015
-3.3567,1.2522,7.2640,-0.0782,-0.0108,-0.0188,-6.0980,-4.9847,4.0510,-0.0482,0.0145,-0.0053
-3.3974,1.2857,7.2999,-0.0785,-0.0125,-0.0100,-6.2249,-5.0182,4.0845,-0.0392,0.0053,0.0143
-3.3615,1.2905,7.2568,-0.0608,-0.0120,-0.0111,-6.0837,-4.9440,4.1827,-0.0417,-0.0011,0.0035
-3.4357,1.2522,7.2856,-0.0833,-0.0183,-0.0183,-6.1268,-4.9728,4.1013,-0.0568,-0.0103,-0.0057
-3.4069,1.2641,7.5585,-0.0614,-0.0100,-0.0140,-6.1244,-5.0254,4.1635,-0.0413,0.0185,0.0080
-3.3830,1.2905,7.1898,-0.0530,0.0032,-0.0132,-6.1292,-4.9225,4.0821,-0.0436,0.0161,-0.0016
-3.4117,1.3024,7.3334,-0.0882,-0.0286,-0.0121,-6.0765,-4.8674,4.0534,-0.0441,-0.0196,-0.0096
-3.3758,1.3216,7.2927,-0.0861,-0.0015,-0.0140,-6.1603,-4.9847,4.1755,-0.0562,0.0238,-0.0294
-3.4189,1.2809,7.3861,-0.0659,-0.0028,-0.0115,-6.1316,-4.9871,3.9959,-0.0446,0.0025,-0.0292
-3.4285,1.3048,7.2927,-0.0915,-0.0356,-0.0144,-6.1770,-4.9632,4.0725,-0.0445,-0.0132,-0.0104
-3.3447,1.2498,7.3717,-0.0866,-0.0144,-0.0273,-6.0741,-5.0015,4.0462,-0.0478,-0.0032,-0.0204
-3.3447,1.2641,7.4148,-0.0750,-0.0180,-0.0349,-6.1076,-5.0039,4.1946,-0.0441,0.0032,-0.0067
-3.4429,1.2617,7.2903,-0.0448,0.0059,-0.0477,-6.2225,-5.0829,4.2138,-0.0293,0.0201,-0.0031
-3.3950,1.2498,7.2951,-0.0530,-0.0151,-0.0127,-6.1435,-5.0949,4.0725,-0.0342,0.0151,0.0128
-3.5219,1.3024,7.3263,-0.0616,0.0069,-0.0139,-6.0478,-4.8770,4.1300,-0.0369,0.0021,0.0057
-3.4141,1.3360,7.2784,-0.0753,-0.0322,-0.0072,-6.1052,-4.8602,4.0797,-0.0472,-0.0220,-0.0091
-3.4644,1.3048,7.4771,-0.0907,-0.0175,-0.0027,-6.1746,-5.0637,4.1420,-0.0556,0.0155,-0.0055
-3.3926,1.3048,7.3717,-0.0554,0.0055,-0.0005,-6.1387,-5.0087,3.9935,-0.0449,0.0080,-0.0009
-3.4046,1.3384,7.2832,-0.0939,-0.0473,0.0003,-6.0669,-4.8914,4.0247,-0.0404,-0.0024,-0.0027
-3.3662,1.3240,7.3837,-0.0875,-0.0041,-0.0203,-6.0885,-4.9536,4.1252,-0.0438,0.0165,-0.0044
-3.4093,1.2665,7.3717,-0.0663,-0.0120,-0.0209,-6.0573,-4.9823,4.0725,-0.0418,-0.0012,-0.0031
-3.4620,1.2594,7.4508,-0.0605,-0.0077,-0.0125,-6.0956,-4.9775,4.1204,-0.0436,0.0053,0.0031
-3.4213,1.2450,7.2927,-0.0565,-0.0207,0.0020,-6.0430,-4.8937,4.0223,-0.0373,-0.0072,0.0242
-3.3351,1.2546,7.3191,-0.0813,-0.0245,-0.0207,-6.0238,-4.8890,3.9983,-0.0562,0.0017,-0.0108
-3.3567,1.2546,7.5657,-0.0738,-0.0155,-0.0128,-6.1866,-5.0254,4.1204,-0.0497,0.0244,-0.0163
-3.3686,1.3144,7.4292,-0.0721,-0.0079,-0.0092,-6.2201,-4.9847,3.9911,-0.0508,0.0181,0.0168
-3.3184,1.3120,7.2377,-0.0621,-0.0221,-0.0077,-6.0669,-4.9201,4.0199,-0.0382,-0.0133,0.0107
-3.3375,1.3096,7.2951,-0.0913,-0.0270,-0.0147,-6.1148,-4.8722,4.1372,-0.0552,-0.0168,-0.0072
-3.3878,1.2330,7.4651,-0.0853,-0.0028,-0.0095,-6.1555,-5.0111,4.3144,-0.0586,0.0229,-0.0212
-3.4309,1.2186,7.4268,-0.0588,0.0092,-0.0252,-6.1220,-4.9464,4.0606,-0.0397,0.0131,-0.0061
-3.4285,1.3264,7.2377,-0.0814,-0.0312,-0.0155,-6.1052,-4.8459,3.9983,-0.0449,-0.0089,-0.0112
-3.4429,1.3144,7.3143,-0.0891,-0.0249,-0.0277,-6.0621,-4.8339,4.1180,-0.0485,-0.0229,-0.0181
-3.3591,1.2881,7.4579,-0.0922,-0.0222,-0.0265,-6.1579,-5.0135,4.1827,-0.0596,0.0171,-0.0222
-3.4500,1.2258,7.5010,-0.0488,0.0032,-0.0109,-6.1507,-5.0566,4.0893,-0.0410,-0.0024,-0.0085
-3.4812,1.2594,7.2903,-0.0863,-0.0256,0.0071,-6.1100,-4.9009,4.0247,-0.0396,-0.0163,-0.0053
-3.4165,1.2402,7.3981,-0.0710,-0.0047,-0.0003,-6.0501,-4.9775,4.1348,-0.0353,-0.0161,0.0225
-3.4309,1.2713,7.3167,-0.0717,0.0019,-0.0310,-6.1196,-4.9871,4.1061,-0.0462,0.0069,-0.0075
-3.3902,1.2929,7.4795,-0.0621,-0.0191,-0.0205,-6.1387,-4.9273,3.9911,-0.0401,0.0104,0.0017
-3.3471,1.2857,7.3765,-0.0626,-0.0199,-0.0067,-6.1052,-4.9344,4.0294,-0.0404,-0.0003,-0.0075
-3.3064,1.2689,7.3741,-0.0899,-0.0302,-0.0015,-6.0908,-4.9584,4.0079,-0.0537,0.0156,-0.0175
-3.4572,1.3431,7.3909,-0.0970,-0.0032,-0.0056,-6.0621,-5.0446,4.0941,-0.0514,-0.0093,-0.0136
-3.4381,1.1756,7.2185,-0.0947,-0.0120,-0.0172,-6.0861,-4.9704,4.1156,-0.0420,-0.0028,-0.0132
-3.4237,1.2785,7.2544,-0.0995,-0.0245,-0.0129,-6.1483,-5.0111,4.1084,-0.0422,-0.0057,0.0135
-3.3112,1.2977,7.3957,-0.0677,-0.0020,-0.0067,-6.0885,-5.0135,4.0869,-0.0468,0.0199,0.0051
-3.4069,1.2833,7.1443,-0.0628,-0.0081,-0.0147,-6.1100,-4.8770,4.0917,-0.0386,-0.0109,-0.0049
-3.4429,1.2977,7.3119,-0.0909,-0.0181,-0.0093,-6.0597,-4.9081,4.0342,-0.0484,-0.0051,-0.0039
-3.3974,1.2857,7.3646,-0.0746,-0.0113,-0.0116,-6.0837,-4.9560,4.0366,-0.0457,-0.0027,-0.0141
-3.5410,1.2881,7.2185,-0.1081,-0.0149,-0.0095,-6.0932,-4.9895,4.0462,-0.0560,-0.0096,-0.0112
-3.3782,1.1923,7.4508,-0.0846,0.0096,-0.0133,-6.0071,-4.9775,4.0749,-0.0565,0.0005,-0.0176
-3.4117,1.2474,7.2688,-0.0829,-0.0140,-0.0390,-6.1363,-4.9344,4.0845,-0.0364,-0.0008,0.0032
-3.4548,1.1827,7.2089,-0.0678,-0.0200,-0.0220,-6.1579,-4.9871,4.0438,-0.0378,0.0016,-0.0173
-3.4357,1.2019,7.5034,-0.0580,-0.0282,-0.0047,-6.0956,-5.1547,4.3455,-0.0298,-0.0254,0.0153
-3.4860,1.1947,7.4723,-0.0111,0.0007,0.0068,-6.1675,-5.0111,4.1132,-0.0076,0.0306,0.0380
-3.4429,1.2426,7.2161,-0.0065,-0.0163,0.0278,-6.0980,-4.8794,3.9840,-0.0092,-0.0103,0.0434
-3.3950,1.3551,7.1850,-0.0790,-0.0653,0.0252,-5.9879,-4.7836,3.9624,-0.0301,-0.0276,-0.0044
-3.1963,1.2785,7.2640,-0.0810,-0.0028,-0.0211,-5.8634,-4.8028,4.2090,-0.0418,-0.0117,-0.0216
-3.2992,1.3599,7.3215,-0.1034,-0.0077,-0.0413,-6.0573,-4.8052,4.1204,-0.0592,0.0344,-0.0416
-3.3902,1.3024,7.3143,-0.1075,-0.0049,-0.0468,-6.1339,-5.0302,3.9528,-0.0757,0.0080,-0.0529
-3.3830,1.2474,7.4819,-0.1215,-0.0159,-0.0225,-6.1459,-5.1092,4.1300,-0.0791,0.0112,-0.0454
-3.5003,1.2833,7.4364,-0.0698,0.0187,-0.0119,-6.1435,-5.0901,4.1156,-0.0541,-0.0039,0.0044
-3.4189,1.2761,7.4124,-0.0665,-0.0172,0.0207,-6.1339,-4.9464,4.0510,-0.0465,-0.0003,0.0386
-3.3447,1.3144,7.3382,-0.1003,0.0056,-0.0048,-6.1124,-4.9297,4.2234,-0.0428,0.0057,0.0169
-3.4237,1.2737,7.2520,-0.0907,-0.0004,-0.0084,-6.0190,-5.0063,4.1970,-0.0661,0.0019,-0.0109
-3.3303,1.2689,7.3717,-0.1123,-0.0457,-0.0265,-6.1100,-4.9153,4.0247,-0.0530,-0.0004,-0.0196
-3.3710,1.2378,7.3670,-0.0971,0.0169,-0.0629,-6.1483,-5.0661,4.2210,-0.0445,0.0448,-0.0273
-3.4596,1.1756,7.4603,-0.0654,0.0051,-0.0280,-6.1004,-5.0589,3.9959,-0.0472,0.0125,-0.0041
-3.5458,1.2761,7.3670,-0.0564,-0.0012,-0.0179,-6.1818,-5.0278,4.0390,-0.0504,0.0176,-0.0053
-3.4141,1.2641,7.3382,-0.0624,-0.0121,0.0040,-6.1268,-5.0015,4.0582,-0.0325,-0.0132,0.0203
-3.4596,1.2737,7.1970,-0.0727,-0.0109,-0.0032,-6.0885,-4.8985,4.1084,-0.0405,-0.0021,0.0056
-3.3543,1.2378,7.3478,-0.0922,-0.0293,-0.0096,-6.1148,-4.9177,4.0989,-0.0549,-0.0077,-0.0156
-3.3830,1.2809,7.4891,-0.0727,-0.0013,-0.0144,-6.1699,-5.0159,4.1396,-0.0492,0.0177,-0.0027
-3.3974,1.2785,7.2784,-0.0573,-0.0025,-0.0173,-6.1555,-5.0182,4.1946,-0.0428,0.0057,-0.0107
-3.3734,1.2570,7.3406,-0.0837,-0.0324,-0.0023,-6.0837,-4.9704,4.0941,-0.0486,-0.0052,-0.0169
-3.3471,1.2522,7.4915,-0.0861,-0.0183,-0.0177,-6.0813,-4.9297,4.1276,-0.0506,-0.0092,-0.0183
-3.4093,1.2641,7.4962,-0.0874,-0.0272,0.0008,-6.1220,-5.0757,4.0486,-0.0493,0.0132,-0.0100
-3.4836,1.2450,7.3574,-0.0389,0.0103,-0.0024,-6.0238,-4.9584,4.0965,-0.0322,-0.0157,0.0151
-3.4644,1.3001,7.2832,-0.0703,-0.0425,0.0037,-6.1004,-4.8267,4.0342,-0.0390,-0.0229,0.0032
-3.3136,1.2809,7.3263,-0.0758,0.0040,-0.0089,-6.0214,-4.8818,4.0701,-0.0474,-0.0036,0.0049
-3.4022,1.2977,7.3095,-0.0975,-0.0257,-0.0049,-6.1363,-5.0063,4.0606,-0.0545,0.0099,-0.0179
-3.3974,1.2617,7.4196,-0.0622,-0.0040,-0.0129,-6.0406,-5.0039,4.0199,-0.0338,-0.0128,0.0004
-3.4022,1.1875,7.2065,-0.0825,-0.0241,-0.0071,-6.0980,-4.9273,3.9672,-0.0418,0.0029,-0.0139
-3.3303,1.3264,7.3789,-0.0923,-0.0333,-0.0222,-6.0693,-4.9297,4.0199,-0.0440,-0.0184,-0.0129
-3.4500,1.2210,7.4364,-0.0682,-0.0103,-0.0111,-6.1028,-5.0446,4.1228,-0.0492,0.0095,-0.0092
-3.4812,1.2809,7.4196,-0.0533,0.0015,0.0044,-6.0190,-4.9416,3.9887,-0.0242,0.0048,0.0273
-3.4333,1.2761,7.3526,-0.0476,-0.0250,-0.0045,-6.0645,-4.9105,4.0127,-0.0221,-0.0084,0.0159
-3.3830,1.2929,7.2185,-0.0747,-0.0348,-0.0147,-6.0430,-4.8722,4.0558,-0.0333,-0.0091,-0.0012
-3.3950,1.2594,7.3813,-0.0686,0.0051,-0.0216,-6.2465,-5.0613,4.1946,-0.0334,0.0257,-0.0008
-3.3639,1.2498,7.2975,-0.0438,-0.0021,-0.0084,-6.1387,-4.9464,4.0103,-0.0300,0.0145,0.0132
-3.3423,1.3168,7.3813,-0.0562,-0.0328,-0.0077,-6.0885,-4.7812,3.9959,-0.0333,-0.0127,-0.0039
-3.4285,1.3240,7.2975,-0.0954,-0.0035,-0.0312,-6.1842,-4.8914,4.1827,-0.0316,0.0168,0.0004
-3.4668,1.2210,7.3909,-0.0797,0.0233,-0.0298,-6.0382,-4.8578,4.0893,-0.0570,0.0213,-0.0155
-3.5626,1.3120,7.2688,-0.0886,-0.0337,-0.0101,-6.1890,-4.9153,3.9265,-0.0433,-0.0352,-0.0015
-3.3830,1.3264,7.0749,-0.1073,-0.0139,-0.0277,-6.0789,-4.8483,4.0773,-0.0500,-0.0121,-0.0180
-3.3232,1.2641,7.3981,-0.1276,-0.0288,-0.0334,-6.1842,-4.9847,4.2306,-0.0826,0.0356,-0.0242
-3.4237,1.2450,7.4316,-0.0658,0.0269,-0.0352,-6.1268,-5.0925,4.1156,-0.0580,0.0289,0.0107
-3.5530,1.2641,7.3861,-0.0552,0.0105,-0.0192,-6.1004,-4.9752,3.9313,-0.0437,0.0152,-0.0047
-3.3830,1.3647,7.2951,-0.0803,-0.0450,-0.0079,-5.9735,-4.8411,4.0438,-0.0369,-0.0313,-0.0200
-3.3734,1.3096,7.1970,-0.1087,0.0073,-0.0361,-6.0190,-4.8411,4.0725,-0.0749,0.0208,-0.0533
-3.4405,1.2977,7.4340,-0.1250,-0.0308,-0.0201,-6.1914,-5.1260,3.9696,-0.0637,-0.0105,-0.0448
-3.6176,1.1995,7.5729,-0.0757,-0.0230,-0.0025,-6.2249,-5.1571,4.0414,-0.0420,-0.0406,-0.0112
-3.3639,1.1923,7.4316,-0.0707,-0.0509,0.0127,-5.9951,-4.9560,4.2018,-0.0246,-0.0434,0.0216
-3.3327,1.3288,7.3861,-0.0348,0.0105,-0.0211,-5.9903,-4.8985,4.2162,-0.0225,0.0440,-0.0028
-3.3136,1.2881,7.3454,-0.0742,0.0029,-0.0241,-5.9592,-4.8961,4.0606,-0.0482,0.0389,-0.0260
-3.4261,1.2139,7.3933,-0.0655,-0.0029,-0.0572,-6.1699,-4.9632,4.0677,-0.0409,0.0409,-0.0574
-3.4955,1.2043,7.4699,-0.0536,-0.0434,-0.0416,-6.1651,-5.0566,4.0151,-0.0113,-0.0064,-0.0326
-3.4860,1.2186,7.3382,-0.0448,-0.0029,-0.0385,-6.1100,-5.0230,4.2066,-0.0205,0.0288,-0.0309
-3.4692,1.2905,7.2688,-0.0317,-0.0083,-0.0341,-6.1818,-5.0206,4.1180,-0.0019,0.0370,0.0032
-3.3878,1.3096,7.2377,-0.0420,0.0057,-0.0308,-6.1627,-4.9584,3.9456,-0.0257,0.0305,0.0013
-3.4836,1.2139,7.2113,-0.0773,-0.0552,-0.0129,-6.0621,-4.9536,4.1300,-0.0358,-0.0296,-0.0095
-3.4357,1.2474,7.4029,-0.0763,-0.0233,-0.0292,-6.1052,-5.0182,4.1324,-0.0296,0.0155,-0.0218
-3.5530,1.2689,7.5178,-0.0536,-0.0322,-0.0032,-6.1004,-5.0853,4.0055,-0.0092,-0.0228,0.0177
-3.3830,1.2665,7.2472,-0.0237,-0.0472,0.0240,-6.0358,-4.9368,4.0917,0.0013,-0.0497,0.0306
-3.3495,1.3623,7.4364,-0.0400,-0.0388,0.0169,-6.1100,-4.9704,4.1348,-0.0097,-0.0051,0.0336
-3.4596,1.3791,7.2305,-0.0242,-0.0084,-0.0040,-6.0885,-4.9728,4.1180,0.0013,0.0027,0.0257
-3.4141,1.3168,7.2496,-0.0486,-0.0084,0.0063,-5.9735,-4.7812,3.9911,-0.0377,-0.0160,0.0151
-3.3327,1.4940,7.2640,-0.0837,-0.0449,-0.0216,-6.0430,-4.7716,4.0175,-0.0321,0.0047,-0.0250
-3.3471,1.3551,7.2736,-0.1203,-0.0036,-0.0589,-5.9879,-4.8746,4.1324,-0.0508,-0.0005,-0.0388
-3.3208,1.6017,7.2951,-0.0922,-0.0386,-0.0544,-6.2393,-4.9728,4.0989,-0.0758,0.0396,-0.0350
-3.2825,1.2977,7.4891,-0.1808,0.0893,-0.0059,-5.8993,-4.8602,4.1635,-0.1573,-0.0400,-0.0204
-3.5219,1.2833,7.6567,-0.0480,-0.0233,-0.0318,-6.1507,-5.2122,4.3359,-0.0069,0.0245,-0.0173
-3.5602,1.2258,7.2377,-0.0254,0.0017,0.0262,-6.2273,-5.1092,3.9385,-0.0289,0.0137,0.0637
-3.3160,1.2857,7.3981,-0.0151,0.0207,0.0352,-6.1531,-4.9799,4.2042,-0.0229,0.0320,0.0640
-3.3279,1.4126,7.2233,-0.0005,-0.0377,0.0338,-6.0478,-4.7501,3.9863,0.0019,-0.0129,0.0456
-3.3375,1.4700,7.0270,-0.0834,0.0248,0.0041,-5.9999,-4.6424,3.9145,-0.0602,-0.0060,0.0131
-3.2441,1.3551,7.1204,-0.1248,-0.0516,-0.0416,-6.0813,-4.8028,4.1444,-0.0612,-0.0215,-0.0470
-3.3686,1.2977,7.4005,-0.1364,-0.0224,-0.0509,-6.1699,-5.0206,4.2258,-0.0827,0.0155,-0.0520
-3.4117,1.3096,7.5274,-0.0938,0.0153,-0.0448,-6.1363,-5.0518,4.2473,-0.0596,0.0300,-0.0444
-3.5147,1.2881,7.3478,-0.0821,-0.0092,-0.0184,-6.1746,-4.9871,4.0510,-0.0488,0.0041,-0.0128
-3.4524,1.3934,7.4005,-0.0853,-0.0035,-0.0172,-6.1052,-4.8530,4.0270,-0.0597,0.0023,-0.0161
-3.4429,1.3431,7.1204,-0.0942,-0.0033,-0.0218,-6.0430,-4.9297,4.1420,-0.0502,0.0044,-0.0266
-3.4572,1.3479,7.3765,-0.0919,-0.0057,-0.0257,-6.1531,-5.0111,4.0438,-0.0566,0.0075,-0.0133
-3.4285,1.2785,7.4148,-0.0677,-0.0313,-0.0115,-6.1172,-5.0278,4.1037,-0.0457,-0.0229,0.0085
-3.3040,1.3096,7.2736,-0.0821,-0.0270,-0.0213,-6.0525,-4.9799,4.1827,-0.0461,0.0080,-0.0096
-3.3998,1.2929,7.4316,-0.0878,-0.0003,-0.0181,-6.0573,-4.9728,4.1061,-0.0478,0.0211,-0.0097
-3.4740,1.3192,7.3263,-0.0831,-0.0068,-0.0139,-6.1148,-4.9201,4.1324,-0.0497,0.0040,0.0027
-3.4548,1.3144,7.2951,-0.0825,-0.0035,-0.0036,-6.0908,-4.9656,4.1300,-0.0506,-0.0071,0.0024
-3.3734,1.3168,7.4101,-0.0975,-0.0288,0.0007,-6.0717,-4.9105,4.0893,-0.0572,-0.0160,-0.0052
-3.4285,1.2977,7.4651,-0.0871,0.0141,-0.0099,-6.2177,-5.0637,4.1444,-0.0466,0.0237,0.0132
-3.4668,1.2546,7.3095,-0.0666,0.0139,0.0028,-6.0980,-4.9464,4.1252,-0.0442,0.0061,0.0249
-3.4357,1.3216,7.3382,-0.0590,-0.0053,0.0092,-6.1435,-4.9584,4.0270,-0.0449,0.0043,0.0199
-3.3447,1.3336,7.4795,-0.0605,-0.0047,0.0016,-6.1387,-4.8076,4.1492,-0.0412,0.0079,0.0095
-3.4812,1.2809,7.2185,-0.0847,-0.0084,-0.0168,-6.0861,-4.8315,3.9600,-0.0478,0.0021,-0.0049
-3.4333,1.2977,7.4388,-0.0357,-0.0085,0.0123,-6.2130,-4.9919,4.0701,-0.0288,0.0217,0.0236
-3.3926,1.2977,7.3167,-0.0540,-0.0156,0.0108,-6.1531,-4.8387,4.0270,-0.0254,0.0039,0.0125
-3.3591,1.3575,7.1635,-0.0826,-0.0161,-0.0029,-6.0573,-4.7046,3.9720,-0.0446,-0.0171,-0.0163
-3.3710,1.3815,7.1994,-0.1304,-0.0069,-0.0301,-6.0047,-4.7070,4.0223,-0.0761,-0.0100,-0.0453
-3.3471,1.3048,7.1706,-0.1684,-0.0001,-0.0671,-5.8921,-4.8171,4.1970,-0.0933,0.0096,-0.0789
-3.5291,1.2474,7.3909,-0.1356,-0.0133,-0.0699,-6.1100,-5.0494,3.9337,-0.0785,-0.0261,-0.0757
-3.4812,1.1157,7.4077,-0.1368,-0.0502,-0.0417,-6.1794,-5.1212,4.1061,-0.0773,-0.0135,-0.0525
-3.4860,1.0511,7.8027,-0.0962,0.0229,-0.0072,-6.1220,-5.4803,4.5346,-0.0870,0.0521,-0.0358
-3.6847,1.2258,7.8266,0.0560,0.1203,0.0460,-6.3590,-5.3750,4.2521,0.0065,0.0989,0.0949
-3.8618,1.3312,7.1275,0.0830,0.0695,0.0997,-6.3758,-4.8602,3.4453,0.0266,0.0891,0.1515
-3.3902,1.4102,6.7828,-0.0273,-0.1022,0.0898,-5.9975,-4.4939,3.6919,0.0019,-0.0994,0.1038
-3.1412,1.4605,6.8857,-0.1085,-0.0846,0.0125,-5.9161,-4.5418,4.0223,-0.0545,-0.0773,-0.0097
-3.1699,1.3838,7.4268,-0.1443,-0.0032,-0.0544,-5.9496,-4.9392,4.3670,-0.0883,-0.0065,-0.0614
-3.4692,1.2546,7.6567,-0.0826,0.0544,-0.0517,-6.2968,-5.2385,4.0630,-0.0661,0.0989,-0.0529
-3.5219,1.3312,7.4077,-0.0510,-0.0522,-0.0310,-6.3159,-4.9488,3.9169,-0.0103,0.0092,-0.0040
-3.5003,1.3527,7.3358,-0.0721,-0.0450,-0.0288,-6.1339,-4.7812,3.9887,-0.0092,-0.0055,-0.0192
-3.3806,1.3695,7.1898,-0.1030,-0.0023,-0.0392,-6.0094,-4.8770,4.0366,-0.0609,0.0007,-0.0325
-3.5003,1.2186,7.2257,-0.1042,0.0320,-0.0428,-6.2177,-5.1451,4.2090,-0.0674,0.0458,-0.0129
-3.5314,1.1971,7.4244,-0.0715,-0.0029,0.0132,-6.3063,-5.1451,4.0606,-0.0562,0.0176,0.0269
-3.4644,1.2713,7.3717,-0.0601,-0.0370,0.0381,-6.3111,-5.0254,3.9959,-0.0394,-0.0209,0.0453
-3.3447,1.3982,7.2329,-0.0541,-0.0226,0.0338,-5.9975,-4.8291,4.1396,-0.0388,-0.0654,0.0470
-3.4524,1.3312,7.4699,-0.0830,0.0257,0.0157,-6.1603,-4.8602,3.9983,-0.0699,0.0476,0.0119
-3.4644,1.3048,7.3478,-0.0741,0.0033,0.0181,-6.1292,-4.9273,3.9983,-0.0518,0.0127,0.0095
-3.3662,1.3024,7.3047,-0.0717,-0.0061,-0.0071,-6.0166,-4.8866,4.0103,-0.0465,-0.0108,-0.0003
-3.4381,1.2665,7.2640,-0.0814,-0.0116,-0.0167,-6.1675,-4.8698,4.0007,-0.0404,-0.0160,-0.0123
-3.4644,1.3216,7.3430,-0.0871,-0.0095,-0.0293,-6.1842,-4.9081,4.0390,-0.0489,0.0113,-0.0250
-3.4477,1.3743,7.2927,-0.0847,-0.0123,-0.0336,-6.1268,-4.9895,4.0797,-0.0481,0.0143,-0.0256
-3.4548,1.2330,7.3526,-0.0825,-0.0121,-0.0135,-6.2034,-4.9943,4.0462,-0.0480,0.0177,-0.0104
-3.5506,1.2953,7.3526,-0.0821,-0.0136,-0.0180,-6.1723,-4.9488,4.0797,-0.0368,-0.0052,0.0017
-3.5099,1.3623,7.2042,-0.0751,0.0000,-0.0096,-6.2776,-4.9799,4.0247,-0.0448,0.0125,0.0175
-3.5123,1.2330,7.2425,-0.0588,-0.0041,-0.0055,-6.1986,-5.0015,4.1204,-0.0366,0.0089,0.0149
-3.4692,1.2881,7.1850,-0.0613,-0.0100,0.0013,-6.2297,-4.8626,3.9768,-0.0405,-0.0049,0.0215
-3.3471,1.3743,7.2472,-0.0891,-0.0405,-0.0041,-6.0885,-4.8459,4.0701,-0.0553,-0.0063,-0.0151
-3.3830,1.3312,7.4747,-0.0877,-0.0016,-0.0254,-6.1962,-4.9967,4.1755,-0.0606,-0.0095,-0.0211
-3.5075,1.3216,7.3191,-0.0588,0.0208,-0.0250,-6.1004,-5.0374,4.1396,-0.0464,0.0284,-0.0109
-3.4884,1.3479,7.2784,-0.0758,-0.0159,-0.0147,-6.1507,-4.8052,3.8666,-0.0410,-0.0069,-0.0028
-3.5051,1.3312,7.2520,-0.1026,-0.0273,-0.0197,-6.1579,-4.9057,4.0175,-0.0504,-0.0031,-0.0135
-3.4309,1.2881,7.4005,-0.0827,-0.0113,-0.0085,-6.2872,-5.0589,4.1468,-0.0464,0.0091,0.0079
-3.4716,1.2426,7.2999,-0.0434,-0.0008,-0.0008,-6.1746,-4.9464,4.0701,-0.0306,0.0059,0.0160
-3.3950,1.3072,7.2377,-0.0711,-0.0324,-0.0068,-6.1699,-4.8770,4.0749,-0.0273,0.0013,0.0055
-3.3495,1.3527,7.1299,-0.0685,-0.0047,-0.0188,-6.1148,-4.8818,4.0318,-0.0440,0.0015,-0.0133
-3.4644,1.3216,7.3981,-0.0885,-0.0091,-0.0201,-6.2225,-4.9584,4.1156,-0.0554,0.0188,-0.0036
-3.4069,1.3192,7.3765,-0.0585,-0.0036,-0.0133,-6.2297,-4.9536,3.9456,-0.0414,0.0153,-0.0001
-3.5147,1.3264,7.1060,-0.0789,-0.0085,-0.0144,-6.1459,-4.8794,4.0462,-0.0396,-0.0001,-0.0061
-3.4836,1.3240,7.2951,-0.0775,-0.0063,-0.0233,-6.2345,-4.9847,4.1659,-0.0364,-0.0004,-0.0127
-3.4931,1.3240,7.3239,-0.0498,-0.0129,-0.0047,-6.1555,-4.9752,3.9840,-0.0304,-0.0008,0.0097
-3.4836,1.3791,7.3502,-0.0449,-0.0396,0.0119,-6.2560,-4.9177,3.9935,-0.0281,-0.0013,0.0145
-3.4237,1.3647,7.4531,-0.0795,-0.0402,0.0144,-6.1268,-4.8914,4.0366,-0.0215,-0.0203,0.0163
-3.3950,1.2857,7.2640,-0.0564,0.0072,-0.0080,-6.0023,-4.8842,4.1228,-0.0389,-0.0044,0.0095
-3.3639,1.3910,7.1682,-0.0520,-0.0602,-0.0051,-6.1986,-4.8698,4.0917,-0.0305,-0.0382,-0.0003
-3.3782,1.3838,7.3430,-0.0767,0.0063,-0.0328,-5.9783,-4.7621,4.0965,-0.0530,0.0314,-0.0192
-3.5075,1.3575,7.2209,-0.1110,0.0084,-0.0254,-6.1746,-4.9129,4.1827,-0.0638,0.0242,-0.0133
-3.5051,1.3216,7.2880,-0.0815,0.0035,-0.0246,-6.2800,-5.0422,4.1132,-0.0504,0.0140,-0.0003
-3.4979,1.3575,7.3694,-0.0875,-0.0282,0.0036,-6.1723,-4.8961,4.0199,-0.0662,-0.0209,-0.0031
-3.3902,1.3695,7.4220,-0.0905,-0.0241,0.0085,-6.1555,-4.9560,4.0223,-0.0687,-0.0115,-0.0129
-3.3279,1.2905,7.4316,-0.0986,-0.0028,0.0024,-6.0478,-4.8890,4.0654,-0.0673,0.0016,-0.0168
-3.5147,1.3264,7.4196,-0.0815,0.0081,-0.0068,-6.1483,-4.9009,4.0294,-0.0600,0.0120,-0.0127
-3.4644,1.3336,7.2975,-0.0548,-0.0009,-0.0083,-6.1675,-4.8914,4.0151,-0.0420,0.0020,-0.0075
-3.4836,1.4030,7.2257,-0.1136,-0.0436,-0.0075,-6.1627,-4.8435,3.9600,-0.0464,-0.0272,-0.0041
-3.4524,1.3144,7.3598,-0.0929,-0.0021,-0.0268,-6.1172,-4.9177,4.1611,-0.0429,-0.0033,-0.0140
-3.5889,1.2809,7.0892,-0.0946,-0.0229,-0.0457,-6.2680,-5.1356,4.0845,-0.0233,0.0289,-0.0205
-3.4979,1.3192,7.4077,-0.0594,-0.0201,-0.0064,-6.1387,-5.0039,4.0965,-0.0234,-0.0513,0.0241
-3.3495,1.4102,7.2209,-0.0424,-0.0362,-0.0041,-6.1292,-4.8650,3.9504,-0.0277,0.0027,0.0083
-3.3926,1.3719,7.3143,-0.0811,-0.0152,-0.0184,-6.1459,-4.8770,4.1252,-0.0542,0.0205,-0.0116
-3.4381,1.3384,7.3574,-0.0761,-0.0155,-0.0216,-6.0861,-4.9991,4.0845,-0.0488,0.0079,-0.0229
