-4.1108,0.0790,7.1299,-0.0815,-0.0101,-0.0113,-4.8578,-5.6814,4.6783,-0.0552,0.0228,-0.0036
-4.1659,0.0790,7.1395,-0.0775,-0.0116,-0.0144,-4.8339,-5.6527,4.7716,-0.0438,0.0045,-0.0041
-4.1276,0.0622,7.0964,-0.0778,-0.0048,-0.0137,-4.8339,-5.6958,4.6878,-0.0450,0.0115,-0.0128
-4.1037,0.1341,7.0725,-0.0751,-0.0088,-0.0181,-4.8459,-5.7126,4.6017,-0.0433,-0.0028,-0.0065
-4.1156,0.0646,7.0844,-0.0741,-0.0133,-0.0160,-4.8076,-5.6910,4.8363,-0.0470,0.0096,-0.0049
-4.1300,0.0431,7.0605,-0.0805,-0.0273,-0.0103,-4.8219,-5.6910,4.6424,-0.0405,-0.0057,-0.0041
-4.2114,0.0503,7.1132,-0.0783,-0.0137,-0.0119,-4.8770,-5.6814,4.6639,-0.0469,0.0111,-0.0085
-4.1132,0.1173,7.1012,-0.0774,-0.0085,-0.0149,-4.8985,-5.7461,4.7405,-0.0414,-0.0019,-0.0039
-4.1492,0.0934,7.1491,-0.0769,-0.0027,-0.0221,-4.8195,-5.6407,4.6567,-0.0477,0.0097,-0.0104
-4.1013,0.0742,7.2185,-0.0863,-0.0137,-0.0087,-4.8914,-5.7293,4.7836,-0.0518,0.0201,-0.0116
-4.1611,0.0886,7.2113,-0.0793,-0.0116,-0.0125,-4.8387,-5.7365,4.7932,-0.0440,0.0029,-0.0021
-4.1492,0.1293,7.1060,-0.0775,-0.0100,-0.0151,-4.8722,-5.6671,4.7429,-0.0436,0.0099,-0.0105
-4.1348,0.0934,7.1347,-0.0783,-0.0200,-0.0141,-4.8626,-5.7365,4.6400,-0.0440,-0.0192,-0.0015
-4.1276,0.0575,7.0485,-0.0743,-0.0241,-0.0115,-4.8554,-5.6838,4.6783,-0.0385,-0.0003,-0.0011
-4.1563,0.0766,7.1491,-0.0715,-0.0144,-0.0230,-4.8530,-5.7221,4.6998,-0.0321,0.0007,0.0008
-4.1348,0.0766,7.0964,-0.0565,-0.0465,-0.0116,-4.8291,-5.7078,4.7836,-0.0112,-0.0388,0.0140
-4.0749,0.0886,7.1036,-0.0771,-0.0253,-0.0172,-4.8243,-5.6431,4.7142,-0.0402,-0.0156,-0.0105
-4.0965,0.0742,7.1922,-0.0687,-0.0171,-0.0237,-4.9464,-5.7772,4.7022,-0.0340,0.0077,-0.0123
-4.1061,0.0982,7.0916,-0.0625,-0.0089,-0.0211,-4.8626,-5.6934,4.6687,-0.0329,0.0261,-0.0155
-4.1324,0.1053,7.0677,-0.0687,-0.0477,-0.0137,-4.7429,-5.6479,4.6759,-0.0277,-0.0021,-0.0059
-4.1635,0.1628,7.0988,-0.0657,-0.0344,-0.0172,-4.8100,-5.6192,4.7381,-0.0290,0.0088,-0.0045
-4.1156,0.0670,7.0773,-0.0773,-0.0294,-0.0157,-4.7932,-5.6048,4.7070,-0.0330,0.0104,-0.0025
-4.1132,0.0790,7.0413,-0.0717,-0.0185,-0.0185,-4.8267,-5.6264,4.7142,-0.0437,0.0241,-0.0119
-4.0414,0.1197,6.9145,-0.0774,-0.0264,-0.0171,-4.7333,-5.6120,4.7764,-0.0525,-0.0003,-0.0133
-4.0247,0.0910,7.1012,-0.0950,0.0172,-0.0228,-4.7812,-5.6336,4.7621,-0.0814,0.0541,-0.0176
-4.1970,0.1748,7.1443,-0.1134,0.0433,-0.0304,-4.9249,-5.6790,4.7405,-0.1029,0.0763,-0.0330
-4.1683,0.0168,7.2042,-0.0915,0.0569,-0.0245,-4.9009,-5.6671,4.6687,-0.0985,0.0699,-0.0713
-4.1946,0.0814,7.3167,-0.0705,0.0348,0.0091,-5.0087,-5.9472,4.7980,-0.0823,0.0750,-0.0576
-4.1899,0.0886,7.0318,-0.0413,0.0099,-0.0136,-4.8123,-5.7150,4.5466,-0.0236,-0.0397,0.0265
-4.2856,0.1532,7.0677,-0.0694,0.0041,0.0080,-4.8626,-5.7628,4.4652,-0.0486,0.0181,0.0111
-4.3766,0.1580,7.1012,-0.0762,-0.0404,0.0353,-4.9991,-5.7700,4.4724,-0.0266,-0.0645,0.0249
-4.3670,0.0766,6.8881,-0.0863,-0.0763,0.0779,-4.8866,-5.7054,4.2737,-0.0440,-0.1142,0.0630
-4.0797,0.0886,7.1156,-0.1246,-0.0568,0.0875,-4.7238,-5.7102,4.8507,-0.0765,-0.0674,0.0384
-3.9887,0.1963,7.1419,-0.1045,-0.0505,0.0497,-4.6998,-5.6192,4.8794,-0.0679,-0.0589,0.0207
-4.0055,0.1939,7.1156,-0.1256,0.0236,0.0107,-4.7573,-5.6024,4.6519,-0.1025,0.0474,-0.0105
-4.2353,0.0814,7.2018,-0.1103,-0.0320,-0.0080,-4.9560,-5.8083,4.7621,-0.0758,0.0164,-0.0264
-4.1875,-0.0168,7.2089,-0.0854,-0.0608,-0.0076,-4.8483,-5.8203,4.8123,-0.0322,-0.0192,-0.0141
-3.9648,0.0168,7.0725,-0.0751,-0.0253,-0.0165,-4.7525,-5.6575,4.7477,-0.0374,-0.0144,-0.0063
-4.0223,0.0407,7.1515,-0.0666,-0.0043,-0.0193,-4.7022,-5.7245,4.6639,-0.0437,0.0232,0.0055
-4.2186,0.1820,7.1299,-0.0725,0.0180,-0.0272,-4.9297,-5.7197,4.5705,-0.0588,0.0506,-0.0215
-4.1659,0.1820,7.1323,-0.0614,-0.0230,-0.0232,-4.8890,-5.7509,4.5538,-0.0261,-0.0168,-0.0059
-4.0462,0.0670,7.2496,-0.0605,-0.0334,-0.0177,-4.8219,-5.7748,4.8028,-0.0205,-0.0007,-0.0064
-4.0438,-0.0024,7.0916,-0.0618,-0.0424,-0.0159,-4.6567,-5.6671,4.7980,-0.0203,-0.0502,-0.0051
-4.0175,0.0982,7.0246,-0.0770,0.0099,-0.0195,-4.7501,-5.6479,4.6328,-0.0616,0.0565,-0.0236
-4.0845,0.1484,7.1323,-0.0835,0.0172,-0.0254,-4.7956,-5.7245,4.6400,-0.0586,0.0157,-0.0132
-4.2018,0.1413,7.2233,-0.0825,-0.0081,-0.0224,-4.9560,-5.8179,4.7022,-0.0530,0.0512,-0.0298
-4.1970,0.1604,7.1299,-0.0763,-0.0097,-0.0284,-4.8818,-5.7006,4.6687,-0.0386,-0.0159,-0.0117
-4.0414,0.1580,7.0485,-0.0851,0.0001,-0.0408,-4.7788,-5.7437,4.5969,-0.0569,0.0492,-0.0380
-4.1755,0.0766,7.1587,-0.0905,0.0394,-0.0545,-4.8530,-5.8347,4.6160,-0.0690,0.0598,-0.0318
-4.1156,0.1053,7.1156,-0.0825,0.0254,-0.0320,-4.9057,-5.7892,4.6400,-0.0548,0.0522,-0.0326
-4.1683,0.0934,7.0461,-0.0870,0.0132,-0.0384,-4.7692,-5.6934,4.6040,-0.0602,0.0378,-0.0336
-4.0199,0.0192,7.0629,-0.0830,-0.0145,-0.0338,-4.7956,-5.7892,4.7190,-0.0574,0.0309,-0.0348
-4.2210,0.0096,7.0342,-0.0803,-0.0079,-0.0273,-4.8387,-5.7940,4.6136,-0.0545,0.0228,-0.0212
-4.2066,0.0958,7.0653,-0.0778,-0.0207,-0.0168,-4.8554,-5.8179,4.5203,-0.0458,0.0265,-0.0177
-4.1922,0.1580,7.0030,-0.0829,-0.0081,-0.0201,-4.7621,-5.7844,4.6280,-0.0504,0.0147,-0.0398
-4.1084,0.0622,7.1419,-0.0825,-0.0119,-0.0241,-4.8291,-5.8299,4.6088,-0.0562,0.0325,-0.0220
-4.1707,0.0694,7.0988,-0.0745,-0.0234,-0.0119,-4.9536,-5.8227,4.5705,-0.0488,0.0048,-0.0129
-4.0606,0.0335,7.1036,-0.0951,-0.0370,-0.0408,-4.6998,-5.7461,4.5155,-0.0448,0.0033,-0.0341
-4.0558,0.0599,7.0461,-0.0935,0.0464,-0.0949,-4.7980,-5.7030,4.6088,-0.0915,0.1921,-0.1069
-4.1899,0.0814,7.1730,-0.0986,-0.0015,-0.0504,-4.9488,-5.9544,4.4724,-0.0561,0.0733,-0.0657
-4.1659,-0.0646,7.2784,-0.0907,-0.0049,-0.0396,-4.7262,-6.0262,4.5322,-0.0561,0.0296,-0.0344
-4.2042,-0.0742,7.1539,-0.0560,0.0000,-0.0168,-4.9009,-5.9137,4.5226,-0.0117,-0.0132,0.0039
-4.2401,0.0407,7.0605,-0.0517,-0.0409,-0.0155,-4.8602,-5.8514,4.4173,-0.0191,-0.0092,-0.0049
-4.0701,0.1437,7.1706,-0.0691,-0.0437,-0.0113,-4.8267,-5.7581,4.6280,-0.0248,-0.0025,-0.0020
-4.2329,0.1867,7.0342,-0.0673,-0.0108,0.0004,-4.9847,-5.8179,4.4867,-0.0469,0.0107,-0.0083
-4.0797,0.0000,7.0557,-0.0766,-0.0671,-0.0093,-4.8028,-5.8826,4.4005,-0.0477,-0.0181,-0.0201
-4.0558,-0.0670,7.2520,-0.0849,-0.0011,-0.0184,-4.8387,-5.8826,4.6088,-0.0541,0.0069,-0.0089
-4.1228,-0.0263,7.0390,-0.0818,0.0087,0.0025,-4.7333,-5.9089,4.4891,-0.0741,-0.0077,0.0125
-4.1970,0.0000,7.0605,-0.0653,0.0069,0.0037,-4.9177,-5.8921,4.4915,-0.0452,0.0049,0.0080
-4.1683,0.0263,7.1084,-0.0718,-0.0197,0.0201,-4.8243,-5.8419,4.4987,-0.0321,-0.0630,0.0400
-4.1779,-0.0335,7.1299,-0.0861,0.0167,0.0446,-4.7908,-5.8490,4.5226,-0.0797,-0.0224,0.0574
-4.1492,0.0479,7.0030,-0.0721,-0.0226,0.0289,-4.8028,-5.8012,4.5993,-0.0401,-0.0280,0.0304
-4.0534,0.1413,7.1323,-0.0698,-0.0436,-0.0017,-4.8243,-5.7126,4.6088,-0.0285,-0.0104,0.0000
-4.1013,0.1437,7.0030,-0.0741,-0.0285,-0.0189,-4.8076,-5.8203,4.5322,-0.0357,-0.0044,-0.0099
-4.0701,0.0575,7.1874,-0.0746,-0.0100,-0.0292,-4.7477,-5.8442,4.5322,-0.0468,0.0253,-0.0273
-4.1587,0.0431,7.0868,-0.0689,0.0121,-0.0328,-4.9440,-5.8826,4.4963,-0.0493,0.0469,-0.0191
-4.1587,0.0527,7.2832,-0.0777,-0.0132,-0.0208,-4.8435,-5.8873,4.6040,-0.0433,0.0135,-0.0105
-4.1851,0.0670,7.1467,-0.0750,-0.0081,-0.0197,-4.8363,-5.8969,4.5226,-0.0424,-0.0115,0.0037
-4.1875,0.0503,6.9767,-0.0802,-0.0140,-0.0071,-4.8578,-5.7581,4.5442,-0.0544,0.0147,-0.0101
-4.1922,-0.0192,7.1491,-0.0713,-0.0057,-0.0065,-4.8890,-5.8586,4.5011,-0.0362,-0.0215,0.0087
-4.1444,0.0072,7.0581,-0.0778,-0.0141,-0.0028,-4.8195,-5.8179,4.5538,-0.0418,-0.0165,-0.0016
-4.1611,0.0718,7.1060,-0.0694,-0.0187,-0.0012,-4.9129,-5.8251,4.5921,-0.0361,-0.0136,0.0053
-4.1827,0.0144,7.0198,-0.0758,-0.0104,-0.0053,-4.8794,-5.8826,4.5083,-0.0497,0.0063,-0.0024
-4.1922,0.1676,7.2544,-0.0687,-0.0353,0.0051,-4.8530,-5.8419,4.5107,-0.0260,-0.0297,0.0159
-4.0917,0.0263,7.0557,-0.0737,-0.0266,-0.0112,-4.8052,-5.8012,4.5945,-0.0390,-0.0007,-0.0071
-4.1587,0.0503,7.0677,-0.0690,-0.0225,-0.0060,-4.8914,-5.8538,4.5490,-0.0368,0.0001,0.0044
-4.1180,0.0670,7.0773,-0.0805,-0.0410,-0.0053,-4.8267,-5.7772,4.5346,-0.0425,-0.0204,-0.0076
-4.0989,0.0742,7.0318,-0.0782,0.0028,-0.0225,-4.8147,-5.7940,4.4867,-0.0524,0.0293,-0.0203
-4.0917,0.0838,7.1036,-0.0770,-0.0189,-0.0204,-4.7908,-5.8610,4.6112,-0.0466,-0.0024,-0.0032
-4.0965,0.0503,6.9504,-0.0789,-0.0063,-0.0208,-4.8411,-5.8299,4.5322,-0.0544,0.0261,-0.0137
-4.1515,0.0670,7.0126,-0.0777,0.0021,-0.0152,-4.9033,-5.7940,4.5322,-0.0512,0.0071,0.0012
-4.2114,0.0694,7.1275,-0.0715,-0.0113,-0.0093,-4.8985,-5.9616,4.6687,-0.0362,0.0218,-0.0047
-4.1228,0.0431,7.0485,-0.0620,-0.0553,0.0047,-4.7525,-5.8107,4.6400,-0.0075,-0.0735,0.0117
-4.0270,0.0790,7.0437,-0.0731,-0.0282,0.0029,-4.7716,-5.6743,4.6088,-0.0420,-0.0004,0.0044
-4.1396,0.0048,7.1778,-0.0923,0.0318,-0.0141,-4.7980,-5.8275,4.5657,-0.0809,0.0554,-0.0181
-4.1108,-0.0192,7.1012,-0.0781,-0.0140,-0.0153,-4.8507,-5.9137,4.5777,-0.0404,-0.0176,0.0004
-4.0294,0.0838,7.1060,-0.0691,-0.0216,-0.0246,-4.7142,-5.7820,4.6040,-0.0378,0.0052,-0.0063
-4.0941,0.0407,7.0677,-0.0798,-0.0012,-0.0258,-4.8530,-5.8059,4.6567,-0.0561,0.0152,-0.0131
-4.1156,0.0551,7.1180,-0.0803,0.0020,-0.0261,-4.9081,-5.9113,4.5729,-0.0562,0.0326,-0.0147
-4.2234,0.1053,7.0150,-0.0710,-0.0256,-0.0141,-4.8866,-5.7628,4.5705,-0.0324,-0.0250,0.0068
-4.0797,0.0575,7.0964,-0.0786,-0.0020,-0.0211,-4.7597,-5.8490,4.7046,-0.0485,0.0200,-0.0187
-4.1252,0.1101,7.0030,-0.0726,-0.0101,-0.0187,-4.8483,-5.7796,4.5226,-0.0473,0.0161,-0.0140
-4.1061,0.1508,7.1515,-0.0769,0.0137,-0.0195,-4.8100,-5.7892,4.6184,-0.0540,0.0004,-0.0065
-4.1635,0.0670,7.1874,-0.0745,-0.0097,-0.0161,-4.8914,-5.8107,4.6064,-0.0452,0.0015,0.0019
-4.1659,0.0575,6.9839,-0.0751,-0.0256,-0.0079,-4.8052,-5.8179,4.5059,-0.0416,-0.0143,0.0047
-4.1779,0.0910,7.1706,-0.0787,-0.0083,-0.0105,-4.8147,-5.7772,4.5849,-0.0458,0.0119,-0.0064
-4.0941,0.0407,7.0318,-0.0758,0.0024,-0.0156,-4.8387,-5.8275,4.5442,-0.0444,-0.0124,-0.0020
-4.1324,0.0718,7.2353,-0.0805,-0.0325,-0.0029,-4.9344,-5.9017,4.5873,-0.0390,-0.0003,0.0004
-4.1755,-0.0215,7.1467,-0.0753,-0.0071,-0.0121,-4.8818,-5.8179,4.6663,-0.0478,0.0065,-0.0109
-4.0869,0.0910,7.1228,-0.0787,-0.0332,-0.0120,-4.8698,-5.8682,4.5657,-0.0452,0.0004,-0.0028
-4.1420,0.0407,7.0749,-0.0813,-0.0318,-0.0213,-4.8076,-5.7724,4.6711,-0.0482,-0.0024,-0.0135
-4.0534,0.1006,7.1060,-0.0890,0.0095,-0.0270,-4.8363,-5.8562,4.5562,-0.0541,0.0302,-0.0189
-4.1779,0.0575,7.1563,-0.0646,0.0270,-0.0200,-4.8554,-5.7868,4.4867,-0.0437,0.0059,-0.0031
-4.1563,0.0359,7.1228,-0.0765,-0.0143,-0.0159,-4.9105,-5.8610,4.4819,-0.0480,0.0120,-0.0017
-4.1252,0.1173,7.0246,-0.0765,-0.0224,0.0005,-4.8147,-5.8371,4.5586,-0.0481,-0.0168,0.0132
-4.1108,0.0239,7.1347,-0.0713,0.0248,-0.0128,-4.7573,-5.8251,4.5490,-0.0558,0.0120,0.0039
-4.1324,0.0048,7.1491,-0.0731,-0.0180,-0.0048,-4.8890,-5.8490,4.5849,-0.0396,-0.0048,0.0021
-4.1372,0.0407,7.0126,-0.0695,-0.0216,-0.0103,-4.7956,-5.8203,4.4197,-0.0305,-0.0076,-0.0001
-4.2042,0.0287,7.0390,-0.0751,-0.0191,-0.0193,-4.8267,-5.8826,4.5370,-0.0456,0.0145,-0.0181
-4.0510,0.0910,7.0390,-0.0638,-0.0273,-0.0226,-4.7573,-5.6934,4.5011,-0.0281,-0.0141,-0.0061
-4.1539,0.0814,7.1347,-0.0823,-0.0064,-0.0217,-4.8770,-5.7868,4.5322,-0.0544,0.0273,-0.0181
-4.1827,0.0575,7.1587,-0.0683,-0.0209,-0.0165,-4.8195,-5.8778,4.6088,-0.0342,0.0125,-0.0112
-4.0701,0.0072,7.2185,-0.0637,-0.0348,-0.0092,-4.8195,-5.7700,4.5873,-0.0119,-0.0414,0.0032
-4.1132,0.0982,7.0413,-0.0690,-0.0297,-0.0075,-4.8530,-5.8035,4.6160,-0.0338,0.0025,-0.0015
-4.1132,0.1077,7.1275,-0.0787,-0.0031,-0.0123,-4.8674,-5.8131,4.5155,-0.0453,-0.0047,0.0000
-4.0917,0.0790,7.1156,-0.0785,-0.0330,-0.0025,-4.7621,-5.8323,4.5442,-0.0382,-0.0149,0.0043
-4.0893,0.0718,7.1635,-0.0839,0.0013,-0.0124,-4.7788,-5.8035,4.6208,-0.0485,0.0044,-0.0007
-4.1803,0.0120,7.0413,-0.0798,0.0203,-0.0216,-4.8052,-5.7485,4.5322,-0.0629,0.0356,-0.0085
-4.1515,0.0599,7.1778,-0.0805,-0.0318,-0.0083,-4.9105,-5.8754,4.6400,-0.0354,-0.0097,0.0020
-4.0965,0.0670,7.1060,-0.0758,-0.0482,-0.0045,-4.7884,-5.8035,4.5873,-0.0288,-0.0147,0.0003
-4.0773,0.0575,7.1515,-0.0807,-0.0313,-0.0076,-4.8626,-5.7988,4.5777,-0.0453,-0.0072,-0.0049
-4.0510,0.0383,7.1994,-0.0759,0.0021,-0.0155,-4.8890,-5.7868,4.6040,-0.0546,0.0163,-0.0049
-4.1324,0.0694,7.1347,-0.0779,-0.0364,-0.0084,-4.8842,-5.8299,4.6471,-0.0402,-0.0033,-0.0119
-4.1084,0.0670,6.9599,-0.0673,-0.0334,-0.0119,-4.7932,-5.7868,4.5466,-0.0373,-0.0092,-0.0092
-4.0462,0.0862,7.2377,-0.0831,0.0004,-0.0195,-4.8961,-5.7892,4.5921,-0.0490,0.0221,-0.0115
-4.1515,0.0335,7.1682,-0.0725,-0.0097,-0.0256,-4.7932,-5.8754,4.5155,-0.0420,0.0012,-0.0084
-4.1324,0.0287,7.1371,-0.0834,-0.0109,-0.0119,-4.8435,-5.8682,4.5969,-0.0514,0.0103,-0.0027
-4.0318,0.0287,7.1323,-0.0809,0.0067,-0.0121,-4.7836,-5.8371,4.4915,-0.0620,0.0189,-0.0061
-4.1108,0.0287,7.1347,-0.0757,0.0175,-0.0183,-4.9225,-5.9089,4.5514,-0.0540,0.0282,-0.0023
-4.1563,0.0479,7.1204,-0.0730,-0.0143,-0.0071,-4.8315,-5.8802,4.5466,-0.0416,-0.0076,0.0139
-4.1228,0.1030,7.0461,-0.0663,-0.0069,-0.0115,-4.8602,-5.7916,4.5011,-0.0422,-0.0009,0.0009
-4.1492,0.0670,7.1156,-0.0750,-0.0340,-0.0036,-4.8507,-5.7557,4.5753,-0.0346,-0.0249,0.0107
-4.1468,0.1030,7.0892,-0.0770,0.0127,-0.0195,-4.8387,-5.8490,4.6017,-0.0552,0.0436,-0.0161
-4.1468,0.0982,7.0892,-0.0730,-0.0370,-0.0097,-4.8219,-5.8131,4.5873,-0.0286,-0.0325,-0.0011
-4.1204,0.0886,7.1108,-0.0771,-0.0288,-0.0149,-4.8219,-5.7652,4.5897,-0.0416,0.0149,-0.0113
-4.1970,0.0982,7.1275,-0.0778,0.0032,-0.0200,-4.7908,-5.8179,4.5131,-0.0481,0.0284,-0.0131
-4.1515,0.0862,7.1635,-0.0753,-0.0108,-0.0112,-4.8650,-5.8826,4.5610,-0.0422,-0.0012,-0.0004
-4.0941,0.0958,7.0940,-0.0751,-0.0278,-0.0048,-4.8339,-5.7820,4.6735,-0.0370,-0.0258,0.0148
-4.1396,0.0407,7.1132,-0.0755,-0.0171,-0.0033,-4.8315,-5.8826,4.5418,-0.0440,-0.0153,0.0051
-4.1300,0.0311,7.1922,-0.0733,-0.0135,-0.0031,-4.8315,-5.8466,4.6256,-0.0414,-0.0020,-0.0021
-4.1444,0.0814,7.2089,-0.0741,-0.0205,-0.0063,-4.8291,-5.8227,4.5921,-0.0337,-0.0276,0.0073
-4.0151,0.0742,7.0581,-0.0773,-0.0416,-0.0055,-4.7597,-5.7844,4.5921,-0.0344,-0.0141,0.0091
-4.1013,0.0072,7.1347,-0.0530,-0.0039,-0.0004,-4.7908,-5.8083,4.4412,-0.0502,-0.0144,0.0028
-4.1204,0.0455,7.1539,-0.0806,-0.0065,-0.0141,-4.8315,-5.7844,4.6759,-0.0548,0.0294,-0.0173
-4.0773,0.0838,7.0988,-0.0791,-0.0117,-0.0137,-4.8411,-5.8849,4.5514,-0.0361,-0.0124,0.0003
-4.1539,0.0335,7.1682,-0.0739,-0.0043,-0.0230,-4.8794,-5.8658,4.6160,-0.0433,0.0167,-0.0068
-4.1420,0.0670,7.1060,-0.0735,-0.0100,-0.0175,-4.8674,-5.8179,4.4891,-0.0346,-0.0011,-0.0065
-4.1252,0.0670,7.2185,-0.0774,-0.0143,-0.0136,-4.8914,-5.8059,4.5203,-0.0460,0.0133,-0.0045
-4.1013,0.0910,7.1347,-0.0793,-0.0023,-0.0181,-4.8818,-5.8155,4.5705,-0.0452,0.0011,-0.0021
-4.1204,0.1101,7.1347,-0.0794,-0.0103,-0.0236,-4.8028,-5.8658,4.5370,-0.0446,0.0037,-0.0108
-4.1108,0.0694,7.0988,-0.0765,-0.0115,-0.0141,-4.7716,-5.8466,4.5681,-0.0480,0.0140,-0.0048
-4.1707,0.0646,7.0988,-0.0791,0.0336,-0.0252,-4.8866,-5.8107,4.5873,-0.0641,0.0434,-0.0179
-4.1563,0.0503,7.1060,-0.0774,0.0377,-0.0181,-4.8674,-5.8945,4.6160,-0.0586,0.0096,0.0007
-4.1037,0.0407,7.0868,-0.0742,-0.0380,-0.0053,-4.7932,-5.7389,4.6615,-0.0341,-0.0228,0.0011
-4.1156,0.0814,7.0198,-0.0723,-0.0107,-0.0168,-4.7621,-5.8059,4.5107,-0.0449,-0.0119,0.0008
-4.1731,0.0862,7.1611,-0.0810,-0.0101,-0.0145,-4.8004,-5.7916,4.5873,-0.0510,0.0165,-0.0111
-4.1444,0.0862,7.1275,-0.0742,-0.0177,-0.0153,-4.8435,-5.7844,4.6328,-0.0420,0.0031,0.0024
-4.1276,0.0192,7.0246,-0.0750,-0.0179,-0.0179,-4.7956,-5.7652,4.6256,-0.0404,0.0001,-0.0113
-4.0414,0.1484,7.0868,-0.0807,-0.0187,-0.0152,-4.9033,-5.7557,4.4843,-0.0445,0.0073,-0.0056
-4.1276,0.0503,7.0725,-0.0819,-0.0127,-0.0157,-4.8387,-5.8323,4.4963,-0.0466,0.0056,-0.0025
-4.1252,0.0742,7.1874,-0.0750,-0.0169,-0.0125,-4.8818,-5.8826,4.5993,-0.0426,0.0116,-0.0056
-4.1013,0.0886,7.0198,-0.0733,-0.0107,-0.0136,-4.8171,-5.7652,4.5681,-0.0461,-0.0063,-0.0052
-4.1348,0.1293,7.0797,-0.0742,-0.0003,-0.0184,-4.8626,-5.8802,4.5203,-0.0442,0.0105,-0.0027
-4.1180,0.0790,7.1443,-0.0743,-0.0222,-0.0120,-4.8363,-5.8395,4.5945,-0.0432,0.0047,-0.0113
-4.1061,0.1245,7.1730,-0.0790,-0.0035,-0.0143,-4.7956,-5.8419,4.5322,-0.0489,0.0153,-0.0161
-4.0989,0.0886,7.0030,-0.0758,-0.0145,-0.0140,-4.7645,-5.7988,4.5083,-0.0449,-0.0200,0.0056
-4.1204,0.1053,7.0797,-0.0826,-0.0072,-0.0087,-4.7597,-5.8107,4.5274,-0.0518,0.0197,-0.0044
-4.1228,0.1317,7.1850,-0.0737,-0.0249,-0.0061,-4.8770,-5.8227,4.5825,-0.0308,-0.0222,0.0079
-4.1204,0.0718,7.1658,-0.0779,-0.0036,-0.0144,-4.7908,-5.7868,4.6088,-0.0449,0.0095,-0.0039
-4.1779,0.0527,7.1347,-0.0813,-0.0040,-0.0113,-4.8363,-5.8251,4.5969,-0.0465,0.0047,-0.0033
-4.1300,0.0287,7.1874,-0.0730,-0.0183,-0.0137,-4.8985,-5.8778,4.4819,-0.0386,0.0107,-0.0065
-4.1276,0.0599,7.1706,-0.0790,-0.0077,-0.0192,-4.9081,-5.8442,4.6663,-0.0466,-0.0016,-0.0041
-4.0558,0.0934,7.1108,-0.0818,0.0031,-0.0161,-4.8028,-5.8083,4.6543,-0.0533,0.0137,-0.0101
-4.1372,0.0527,7.0366,-0.0779,-0.0096,-0.0124,-4.7956,-5.7916,4.5586,-0.0496,-0.0060,-0.0053
-4.1515,0.0575,7.1275,-0.0739,-0.0208,-0.0123,-4.8866,-5.8179,4.5825,-0.0477,0.0177,-0.0081
-4.1324,0.0575,7.0509,-0.0757,-0.0037,-0.0161,-4.8195,-5.9017,4.4867,-0.0446,-0.0143,0.0005
-4.1492,0.1365,7.1658,-0.0717,-0.0285,-0.0044,-4.9201,-5.7772,4.5897,-0.0388,0.0015,0.0031
-4.1132,0.0814,7.0940,-0.0787,-0.0127,-0.0101,-4.8794,-5.8682,4.7022,-0.0437,0.0028,-0.0027
-4.0821,0.1221,6.9623,-0.0739,0.0121,-0.0233,-4.7860,-5.7844,4.5466,-0.0468,-0.0097,-0.0024
-4.0438,0.0455,7.1443,-0.0809,-0.0091,-0.0193,-4.7669,-5.8682,4.5897,-0.0482,0.0095,-0.0125
-4.1563,0.0790,7.0677,-0.0803,-0.0092,-0.0161,-4.8842,-5.8826,4.6663,-0.0500,0.0236,-0.0103
-4.1228,0.0359,7.0916,-0.0738,-0.0234,-0.0123,-4.8123,-5.8323,4.5586,-0.0345,-0.0218,0.0004
-4.1946,0.0599,7.1156,-0.0802,-0.0067,-0.0101,-4.8674,-5.8490,4.6376,-0.0453,0.0103,-0.0039
-4.1372,0.1006,7.1539,-0.0817,-0.0352,-0.0021,-4.8578,-5.8395,4.6304,-0.0422,-0.0171,0.0019
-4.1899,0.0838,7.1539,-0.0735,0.0036,-0.0199,-4.7956,-5.8658,4.5155,-0.0512,0.0265,-0.0071
-4.1252,0.0168,7.0461,-0.0742,-0.0080,-0.0144,-4.8507,-5.8873,4.5274,-0.0421,-0.0096,-0.0007
-4.1444,0.1053,7.0366,-0.0777,0.0017,-0.0171,-4.8219,-5.8969,4.5226,-0.0512,0.0156,-0.0063
-4.0701,0.0335,7.1611,-0.0758,-0.0196,-0.0091,-4.8100,-5.8347,4.5610,-0.0422,-0.0215,0.0044
-4.1396,0.0718,7.2113,-0.0765,-0.0148,-0.0119,-4.7740,-5.7772,4.5322,-0.0465,0.0155,-0.0033
-4.0917,0.0622,7.1347,-0.0795,-0.0080,-0.0131,-4.8387,-5.8203,4.5586,-0.0480,0.0063,-0.0065
-4.1252,0.0886,7.0294,-0.0809,0.0100,-0.0232,-4.8243,-5.8107,4.6088,-0.0542,0.0136,-0.0077
-4.0941,0.1197,7.1323,-0.0751,-0.0249,-0.0115,-4.8914,-5.8347,4.5801,-0.0386,-0.0145,-0.0020
-4.0701,0.0934,7.1228,-0.0750,-0.0438,0.0019,-4.8578,-5.8419,4.6615,-0.0348,-0.0039,-0.0003
-4.0941,0.0766,7.0797,-0.0767,-0.0036,-0.0131,-4.8315,-5.7940,4.6088,-0.0452,-0.0024,-0.0049
-4.0869,0.1125,7.1084,-0.0797,-0.0116,-0.0100,-4.8004,-5.8538,4.5370,-0.0482,0.0093,-0.0068
-4.1372,0.0407,7.1060,-0.0759,-0.0183,-0.0140,-4.7764,-5.8323,4.5298,-0.0390,-0.0020,-0.0060
-4.1228,0.0982,7.1228,-0.0722,-0.0072,-0.0173,-4.7956,-5.8299,4.6448,-0.0490,0.0160,-0.0060
-4.1037,0.0551,7.0413,-0.0777,-0.0211,-0.0107,-4.8746,-5.7652,4.6591,-0.0448,-0.0218,0.0065
-4.2018,0.0622,7.0797,-0.0727,0.0000,-0.0208,-4.8195,-5.8778,4.4891,-0.0453,0.0200,-0.0060
-4.1300,0.0838,7.1371,-0.0778,-0.0188,-0.0144,-4.8339,-5.8802,4.6424,-0.0388,0.0027,0.0032
-4.1683,0.0646,7.0581,-0.0759,-0.0085,-0.0144,-4.8052,-5.8347,4.4963,-0.0469,-0.0067,-0.0008
-4.0821,0.0670,7.0749,-0.0769,-0.0024,-0.0159,-4.8315,-5.8634,4.5825,-0.0460,0.0155,-0.0044
-4.1468,0.0144,7.0366,-0.0743,0.0051,-0.0175,-4.8004,-5.7988,4.4532,-0.0532,0.0180,-0.0137
-4.0725,0.0407,7.0940,-0.0758,-0.0208,-0.0089,-4.8674,-5.7652,4.5753,-0.0413,-0.0087,0.0027
-4.1300,0.0646,7.0988,-0.0762,-0.0148,-0.0119,-4.7357,-5.8730,4.6471,-0.0461,0.0139,-0.0104
-4.1827,0.0766,7.0725,-0.0779,-0.0245,-0.0079,-4.9009,-5.8945,4.5370,-0.0377,-0.0140,0.0052
-4.1468,0.0622,7.0222,-0.0791,-0.0032,-0.0128,-4.7908,-5.8227,4.5250,-0.0496,0.0041,-0.0092
-4.0941,0.1077,7.0749,-0.0818,-0.0001,-0.0161,-4.8554,-5.7964,4.5250,-0.0461,-0.0017,-0.0052
-4.1420,0.0599,7.0294,-0.0729,-0.0113,-0.0204,-4.7980,-5.8754,4.4676,-0.0384,0.0032,-0.0009
-4.0749,0.0335,7.1036,-0.0727,-0.0215,-0.0201,-4.8530,-5.8682,4.5729,-0.0366,-0.0011,-0.0044
-4.0558,0.0527,7.1371,-0.0863,-0.0157,-0.0159,-4.8004,-5.8083,4.5681,-0.0558,0.0081,-0.0123
-4.1731,0.0503,7.1635,-0.0797,-0.0147,-0.0145,-4.8363,-5.8586,4.6280,-0.0510,0.0083,-0.0076
-4.1611,0.1365,7.2712,-0.0713,-0.0049,-0.0208,-4.8530,-5.8035,4.6735,-0.0470,0.0187,-0.0132
-4.1851,0.1125,7.0653,-0.0810,0.0067,-0.0248,-4.8554,-5.8442,4.4796,-0.0556,0.0077,-0.0092
-4.1420,0.0168,7.1108,-0.0838,-0.0032,-0.0159,-4.7932,-5.8682,4.6471,-0.0504,-0.0027,-0.0045
-4.1515,0.0120,7.1970,-0.0750,-0.0013,-0.0169,-4.8866,-5.8730,4.6400,-0.0500,0.0079,-0.0076
-4.1180,0.0766,7.0318,-0.0771,-0.0107,-0.0113,-4.8291,-5.7988,4.5490,-0.0444,-0.0028,-0.0047
-4.2018,0.0383,7.1706,-0.0757,-0.0164,-0.0089,-4.8842,-5.7988,4.6328,-0.0412,0.0083,-0.0081
-4.1779,0.0407,7.0054,-0.0770,-0.0160,-0.0097,-4.8746,-5.8754,4.5825,-0.0338,-0.0120,0.0027
-4.1013,-0.0144,7.2113,-0.0778,-0.0033,-0.0137,-4.7525,-5.8323,4.5346,-0.0449,0.0028,-0.0117
-4.0989,0.0120,7.1778,-0.0778,-0.0175,-0.0145,-4.7884,-5.8035,4.5442,-0.0402,-0.0013,-0.0068
-4.0797,0.0311,7.1611,-0.0739,-0.0108,-0.0233,-4.8076,-5.8251,4.5657,-0.0473,0.0230,-0.0104
-4.1611,0.0982,7.2592,-0.0761,-0.0285,-0.0136,-4.9273,-5.8371,4.5753,-0.0352,-0.0015,-0.0005
-4.1875,0.0622,7.0988,-0.0757,-0.0338,-0.0071,-4.8147,-5.8490,4.6783,-0.0361,-0.0161,0.0033
-4.1037,0.0742,7.1156,-0.0765,-0.0137,-0.0093,-4.7621,-5.8754,4.5490,-0.0396,0.0188,-0.0119
-4.1348,0.1125,7.2257,-0.0806,-0.0264,-0.0064,-4.7860,-5.8682,4.6926,-0.0437,-0.0056,-0.0055
-4.0797,0.1006,7.1563,-0.0762,-0.0352,-0.0140,-4.8578,-5.7796,4.5801,-0.0352,-0.0181,-0.0011
-4.1061,0.1006,7.1180,-0.0746,-0.0226,-0.0155,-4.8339,-5.7269,4.5777,-0.0490,0.0075,-0.0016
-4.1420,0.1077,7.1802,-0.0781,-0.0087,-0.0188,-4.8123,-5.8012,4.5825,-0.0461,0.0072,-0.0049
-4.1468,0.0622,7.1491,-0.0777,-0.0007,-0.0197,-4.8961,-5.8826,4.6328,-0.0506,0.0140,-0.0099
-4.1515,0.0886,7.0868,-0.0763,-0.0203,-0.0124,-4.8363,-5.8706,4.5418,-0.0401,-0.0133,0.0025
-4.0606,0.0335,7.0988,-0.0797,-0.0169,-0.0128,-4.7381,-5.8873,4.5633,-0.0481,0.0071,-0.0088
-4.0821,0.0168,7.1012,-0.0843,0.0092,-0.0167,-4.7645,-5.8347,4.5849,-0.0614,0.0125,-0.0053
-4.1444,0.0311,7.0677,-0.0833,-0.0009,-0.0167,-4.8147,-5.8562,4.5801,-0.0518,0.0052,-0.0073
-4.1731,0.0000,7.0749,-0.0786,-0.0248,-0.0131,-4.7956,-5.8203,4.4819,-0.0430,-0.0091,-0.0052
-4.1084,0.0383,7.1539,-0.0702,-0.0345,-0.0159,-4.8985,-5.8921,4.5969,-0.0288,-0.0036,-0.0100
-4.0534,0.0790,7.1299,-0.0632,-0.0398,-0.0165,-4.8171,-5.8179,4.6040,-0.0252,-0.0245,-0.0048
-4.0270,0.1437,7.0485,-0.0802,-0.0115,-0.0153,-4.8147,-5.8179,4.5250,-0.0510,0.0099,-0.0109
-4.0510,-0.0192,7.0773,-0.0871,0.0172,-0.0241,-4.7692,-5.8442,4.6160,-0.0670,0.0250,-0.0101
-4.1970,0.0742,7.1275,-0.0765,-0.0088,-0.0187,-4.8985,-5.9544,4.5849,-0.0412,0.0112,-0.0129
-4.1132,0.0575,7.0653,-0.0713,-0.0396,-0.0072,-4.8076,-5.8371,4.7070,-0.0262,-0.0273,0.0083
-4.0606,0.0742,7.0844,-0.0806,-0.0019,-0.0159,-4.8219,-5.7581,4.5729,-0.0546,0.0101,-0.0101
-4.1108,0.0694,7.1060,-0.0783,-0.0132,-0.0125,-4.8674,-5.8658,4.5107,-0.0410,0.0009,-0.0016
-4.1396,0.0096,7.1204,-0.0730,-0.0297,-0.0111,-4.7645,-5.8371,4.6304,-0.0357,-0.0032,-0.0048
-4.0558,0.0575,7.1132,-0.0729,-0.0212,-0.0139,-4.7621,-5.7293,4.6280,-0.0368,-0.0080,-0.0032
-4.1252,0.1221,7.0150,-0.0815,0.0015,-0.0137,-4.8147,-5.7844,4.6471,-0.0556,0.0306,-0.0071
-4.1659,0.0335,7.2089,-0.0793,-0.0017,-0.0125,-4.8578,-5.8299,4.4939,-0.0441,0.0019,0.0011
-4.1252,0.0646,7.1563,-0.0715,-0.0128,-0.0107,-4.8243,-5.8634,4.5801,-0.0342,-0.0023,-0.0056
-4.0462,0.0479,7.0797,-0.0722,-0.0052,-0.0151,-4.8004,-5.8706,4.6376,-0.0433,-0.0088,-0.0013
-4.1420,0.0215,7.1539,-0.0778,-0.0145,-0.0065,-4.8147,-5.8059,4.6088,-0.0457,0.0120,-0.0104
-4.1492,0.0575,7.1515,-0.0779,-0.0233,-0.0095,-4.8411,-5.8634,4.5825,-0.0377,-0.0221,0.0017
-4.0749,0.1173,7.0725,-0.0747,-0.0016,-0.0209,-4.7740,-5.8419,4.5107,-0.0480,0.0171,-0.0120
-4.1827,0.0910,7.1826,-0.0773,-0.0272,-0.0084,-4.8890,-5.8538,4.5777,-0.0400,0.0007,0.0003
-4.1156,0.0455,7.2209,-0.0725,-0.0069,-0.0157,-4.8028,-5.8419,4.4819,-0.0398,0.0179,-0.0049
-4.1324,0.1508,7.0844,-0.0721,-0.0091,-0.0161,-4.8770,-5.7844,4.5250,-0.0390,-0.0108,0.0009
-4.1132,0.0455,7.2137,-0.0817,-0.0001,-0.0113,-4.8578,-5.8466,4.5657,-0.0454,0.0157,-0.0043
-4.0797,0.0263,7.0485,-0.0765,-0.0104,-0.0147,-4.7669,-5.8538,4.5801,-0.0417,-0.0017,-0.0032
-4.1276,0.1053,7.1084,-0.0699,-0.0152,-0.0148,-4.7764,-5.8012,4.5346,-0.0413,0.0021,-0.0001
-4.1037,0.0766,7.1443,-0.0749,-0.0155,-0.0148,-4.9009,-5.8634,4.4724,-0.0377,-0.0097,0.0013
-4.0654,0.0479,7.1491,-0.0717,-0.0163,-0.0125,-4.7956,-5.8299,4.5346,-0.0405,-0.0055,-0.0024
-4.1013,0.0599,7.1706,-0.0770,-0.0221,-0.0109,-4.7788,-5.7964,4.5466,-0.0378,0.0085,-0.0028
-4.1300,0.0742,7.1563,-0.0731,-0.0181,-0.0135,-4.8291,-5.8442,4.6998,-0.0420,-0.0049,-0.0036
-4.1515,0.0551,7.0749,-0.0735,-0.0057,-0.0141,-4.8387,-5.8107,4.5562,-0.0452,0.0001,-0.0052
-4.0893,0.0742,7.1419,-0.0770,0.0101,-0.0187,-4.8339,-5.8490,4.5633,-0.0529,0.0212,-0.0091
-4.1084,0.1006,7.1587,-0.0746,-0.0278,-0.0023,-4.8315,-5.8059,4.6280,-0.0329,-0.0350,0.0160
-4.0127,0.0718,7.0461,-0.0773,0.0072,-0.0181,-4.7860,-5.8275,4.6160,-0.0522,0.0393,-0.0100
-4.1156,0.1508,7.0366,-0.0742,-0.0100,-0.0168,-4.8746,-5.7533,4.6471,-0.0434,-0.0121,-0.0076
-4.1539,0.0646,7.2042,-0.0806,-0.0009,-0.0211,-4.7980,-5.8179,4.6591,-0.0520,0.0316,-0.0112
-4.0677,0.0718,7.0844,-0.0815,-0.0245,-0.0139,-4.8147,-5.8466,4.5729,-0.0436,-0.0213,-0.0089
-4.1132,-0.0215,7.1491,-0.0730,-0.0313,-0.0065,-4.8698,-5.7724,4.5873,-0.0428,-0.0005,0.0015
-4.1468,0.1365,7.1563,-0.0781,-0.0019,-0.0153,-4.9368,-5.7533,4.7429,-0.0426,0.0117,0.0077
-4.0797,0.0503,7.1132,-0.0786,-0.0156,-0.0076,-4.8123,-5.8131,4.5753,-0.0452,-0.0031,-0.0005
-4.1276,0.0527,7.0964,-0.0790,-0.0320,-0.0047,-4.7860,-5.7940,4.6160,-0.0366,-0.0193,-0.0024
-4.0749,0.0168,7.1371,-0.0779,-0.0183,-0.0111,-4.7860,-5.8107,4.6424,-0.0445,0.0092,-0.0061
-4.1420,0.1484,7.1060,-0.0770,-0.0172,-0.0107,-4.7788,-5.7964,4.5849,-0.0437,0.0007,-0.0053
-4.1420,0.0599,7.1491,-0.0722,-0.0225,-0.0112,-4.8100,-5.6886,4.5562,-0.0378,-0.0095,-0.0001
-4.1084,-0.0168,7.1802,-0.0754,-0.0173,-0.0151,-4.8435,-5.8227,4.4987,-0.0473,0.0152,-0.0077
-4.1563,0.0670,7.1946,-0.0833,0.0013,-0.0203,-4.8267,-5.8538,4.7692,-0.0533,0.0119,-0.0087
-4.0989,0.0503,7.0102,-0.0789,-0.0103,-0.0184,-4.8650,-5.8107,4.5945,-0.0386,-0.0236,0.0015
-4.1468,0.1891,7.0797,-0.0773,-0.0077,-0.0131,-4.7740,-5.7126,4.5873,-0.0513,0.0203,-0.0105
-4.1444,0.0551,7.0892,-0.0781,-0.0007,-0.0129,-4.7860,-5.8562,4.4915,-0.0492,0.0003,0.0047
-4.0989,0.0670,7.2257,-0.0690,-0.0140,-0.0179,-4.8339,-5.8012,4.5705,-0.0452,0.0069,-0.0023
-4.0677,0.0982,7.1658,-0.0750,-0.0185,-0.0087,-4.8674,-5.8466,4.5514,-0.0416,0.0071,0.0003
-4.0654,0.1125,7.1874,-0.0843,0.0426,-0.0300,-4.7812,-5.8203,4.6328,-0.0683,0.0298,-0.0147
-4.1013,0.0431,7.1515,-0.0758,-0.0136,-0.0129,-4.8267,-5.9089,4.5059,-0.0417,-0.0207,0.0001
-4.0701,0.0646,7.1012,-0.0783,-0.0148,-0.0125,-4.8674,-5.7772,4.6208,-0.0396,0.0015,-0.0052
-4.1324,0.0383,7.0653,-0.0781,-0.0225,-0.0041,-4.8818,-5.7796,4.6088,-0.0438,-0.0060,-0.0035
-4.1013,0.0527,7.0318,-0.0786,0.0012,-0.0172,-4.7549,-5.8371,4.6400,-0.0482,0.0153,-0.0045
-4.1061,0.0694,7.0892,-0.0741,-0.0117,-0.0144,-4.8530,-5.8442,4.5274,-0.0409,-0.0025,0.0000
-4.1420,0.0958,7.0820,-0.0749,-0.0211,-0.0153,-4.7621,-5.8586,4.6208,-0.0446,0.0153,-0.0076
-4.0199,0.0886,7.0461,-0.0778,-0.0334,-0.0145,-4.8195,-5.8155,4.6136,-0.0350,-0.0249,0.0023
-4.0989,0.0503,7.1132,-0.0786,-0.0179,-0.0105,-4.8052,-5.7844,4.5083,-0.0478,0.0215,-0.0161
-4.1204,0.0646,6.9983,-0.0773,-0.0175,-0.0127,-4.8722,-5.7389,4.6017,-0.0442,-0.0139,-0.0047
-4.1300,0.0766,7.2257,-0.0743,-0.0079,-0.0117,-4.8435,-5.7892,4.5179,-0.0421,0.0144,-0.0013
-4.1707,0.0239,7.1802,-0.0762,-0.0137,-0.0101,-4.8100,-5.8586,4.6064,-0.0456,0.0039,-0.0028
-4.0294,0.1030,7.0509,-0.0765,-0.0065,-0.0131,-4.8291,-5.7940,4.6232,-0.0441,0.0039,0.0007
-4.1132,0.0670,7.1658,-0.0759,-0.0292,-0.0072,-4.7860,-5.8251,4.5059,-0.0360,-0.0200,0.0028
-4.0893,0.1341,7.1658,-0.0773,-0.0079,-0.0132,-4.8578,-5.8562,4.6017,-0.0442,0.0184,-0.0079
-4.1276,0.1053,7.1778,-0.0774,-0.0216,-0.0064,-4.8387,-5.8395,4.6184,-0.0376,-0.0197,0.0047
-4.1252,0.0982,7.1682,-0.0701,-0.0309,-0.0087,-4.7381,-5.7581,4.5442,-0.0333,-0.0128,0.0021
-4.0270,0.1365,7.1994,-0.0727,-0.0169,-0.0147,-4.8100,-5.8083,4.6950,-0.0408,0.0100,-0.0076
-4.1037,0.0742,7.2018,-0.0831,-0.0127,-0.0093,-4.7716,-5.8419,4.6184,-0.0468,0.0013,-0.0080
-4.0294,0.0790,7.1539,-0.0810,0.0049,-0.0212,-4.8123,-5.8203,4.5873,-0.0504,0.0053,-0.0087
-4.0558,0.0383,7.1228,-0.0747,-0.0168,-0.0149,-4.8363,-5.8251,4.5993,-0.0429,0.0065,-0.0088
-4.0630,0.0670,7.1922,-0.0821,-0.0072,-0.0163,-4.8339,-5.8323,4.6855,-0.0526,0.0073,-0.0040
-4.0606,0.0120,7.1563,-0.0790,-0.0220,-0.0136,-4.7405,-5.7988,4.5394,-0.0430,-0.0004,-0.0032
-4.1396,0.1053,7.2185,-0.0735,-0.0188,-0.0092,-4.8674,-5.8658,4.5610,-0.0478,0.0204,-0.0075
-4.1468,0.1006,7.1132,-0.0783,-0.0136,-0.0044,-4.8435,-5.7676,4.7094,-0.0388,-0.0200,0.0061
-4.1061,0.0766,7.1012,-0.0790,0.0148,-0.0169,-4.8004,-5.8562,4.5250,-0.0557,0.0115,-0.0045
-4.1875,0.0431,7.1371,-0.0713,-0.0265,-0.0115,-4.8363,-5.7940,4.5538,-0.0325,-0.0112,0.0033
-4.0965,0.0694,7.0892,-0.0754,-0.0266,-0.0053,-4.8147,-5.7461,4.5921,-0.0365,0.0069,-0.0061
-4.1061,0.1269,7.1539,-0.0803,-0.0097,-0.0099,-4.8674,-5.8395,4.5921,-0.0441,0.0055,-0.0032
-4.1324,0.1053,7.1635,-0.0730,-0.0125,-0.0123,-4.8291,-5.8658,4.5322,-0.0406,0.0057,0.0015
-4.1539,0.1125,7.1491,-0.0794,-0.0168,-0.0113,-4.7740,-5.8490,4.5921,-0.0412,-0.0140,-0.0051
-4.0965,0.0814,7.1491,-0.0741,-0.0410,-0.0096,-4.8147,-5.8490,4.5633,-0.0356,-0.0059,0.0009
-4.1180,0.0862,7.1778,-0.0750,0.0013,-0.0233,-4.8147,-5.8059,4.5059,-0.0405,0.0189,-0.0045
-4.0725,0.1173,7.0964,-0.0745,-0.0232,-0.0139,-4.8507,-5.8035,4.5538,-0.0352,-0.0129,-0.0039
-4.1013,0.0670,7.1587,-0.0774,-0.0217,-0.0144,-4.8554,-5.7988,4.7309,-0.0420,-0.0013,-0.0071
-4.0749,0.1006,7.1060,-0.0838,0.0009,-0.0177,-4.8315,-5.8107,4.6112,-0.0558,0.0096,-0.0176
-4.0342,0.0287,7.1108,-0.0753,-0.0164,-0.0145,-4.8100,-5.7700,4.5514,-0.0420,-0.0103,0.0052
-4.1324,0.1077,7.1084,-0.0791,-0.0075,-0.0097,-4.7980,-5.8562,4.5562,-0.0541,0.0183,-0.0073
-4.0582,0.0383,7.1898,-0.0785,-0.0284,-0.0067,-4.8387,-5.9089,4.6160,-0.0354,-0.0136,0.0067
-4.0390,0.0718,7.1611,-0.0717,-0.0412,-0.0055,-4.7932,-5.7533,4.6400,-0.0358,-0.0177,0.0043
-4.0438,0.0718,7.0749,-0.0770,0.0083,-0.0169,-4.7764,-5.7868,4.6615,-0.0501,0.0201,-0.0108
-4.0941,0.0407,7.1563,-0.0778,-0.0075,-0.0185,-4.8076,-5.7796,4.5801,-0.0501,0.0164,-0.0048
-4.0725,0.0455,7.0940,-0.0749,-0.0185,-0.0164,-4.7908,-5.8682,4.5681,-0.0402,-0.0003,-0.0037
-4.1156,0.0072,7.1251,-0.0765,-0.0151,-0.0129,-4.8483,-5.7988,4.6831,-0.0418,0.0175,-0.0068
-4.0797,0.0886,7.1539,-0.0745,-0.0039,-0.0156,-4.8459,-5.8131,4.6088,-0.0422,-0.0079,-0.0011
-4.0534,0.0982,7.1539,-0.0742,0.0000,-0.0152,-4.7812,-5.8419,4.5514,-0.0462,0.0121,-0.0055
-4.0965,0.1365,7.0797,-0.0826,-0.0173,-0.0072,-4.7692,-5.8107,4.6088,-0.0478,-0.0093,0.0016
-4.1013,0.0910,7.0318,-0.0805,0.0033,-0.0156,-4.7645,-5.8275,4.6040,-0.0541,0.0133,-0.0112
-4.0677,0.1149,7.1730,-0.0769,-0.0177,-0.0193,-4.8411,-5.8395,4.6256,-0.0416,-0.0041,-0.0040
-4.1013,0.1006,7.2185,-0.0797,-0.0092,-0.0148,-4.8387,-5.8251,4.6400,-0.0457,0.0225,-0.0037
-4.1228,0.0718,7.1228,-0.0887,-0.0104,-0.0139,-4.8147,-5.8227,4.5179,-0.0456,-0.0108,-0.0112
-3.9983,0.0096,7.1994,-0.0807,-0.0131,-0.0144,-4.7980,-5.8155,4.6400,-0.0465,0.0011,-0.0020
-4.0510,0.0503,7.0797,-0.0819,-0.0169,-0.0089,-4.8507,-5.8155,4.6088,-0.0478,-0.0069,0.0007
-4.0821,0.0742,7.0366,-0.0794,-0.0085,-0.0112,-4.8459,-5.8227,4.6519,-0.0484,-0.0025,-0.0040
-4.1180,0.1053,7.0797,-0.0795,-0.0121,-0.0111,-4.8842,-5.7772,4.5107,-0.0505,0.0131,-0.0080
-4.1132,0.0718,7.1563,-0.0767,-0.0181,-0.0156,-4.8411,-5.8179,4.5394,-0.0405,-0.0025,-0.0053
-4.1180,0.0383,7.2233,-0.0778,-0.0111,-0.0195,-4.8147,-5.8562,4.5753,-0.0426,0.0156,-0.0045
-4.1132,0.0694,7.0126,-0.0778,-0.0234,-0.0149,-4.8554,-5.8586,4.6304,-0.0410,-0.0127,-0.0036
-4.0821,0.0551,7.0916,-0.0738,-0.0028,-0.0201,-4.7333,-5.8203,4.5370,-0.0445,0.0069,-0.0051
-4.1228,0.0862,7.1730,-0.0737,-0.0173,-0.0093,-4.9105,-5.7964,4.5753,-0.0436,0.0015,-0.0017
-4.1084,-0.0024,7.1084,-0.0778,-0.0215,-0.0081,-4.7884,-5.7964,4.5825,-0.0441,0.0005,-0.0004
-4.0199,0.0359,7.1539,-0.0739,-0.0100,-0.0187,-4.7549,-5.7940,4.7094,-0.0416,0.0057,-0.0052
-4.0438,0.0766,7.1204,-0.0722,-0.0211,-0.0153,-4.8052,-5.7581,4.5969,-0.0333,-0.0135,0.0023
-4.0725,0.1269,7.1826,-0.0791,-0.0197,-0.0093,-4.8770,-5.9137,4.6687,-0.0429,0.0136,-0.0017
-4.0821,0.0168,7.0773,-0.0746,-0.0185,-0.0120,-4.8602,-5.7700,4.5035,-0.0352,-0.0221,-0.0020
-4.0654,0.0551,7.1132,-0.0730,-0.0143,-0.0157,-4.7908,-5.7269,4.5801,-0.0462,0.0163,-0.0112
-4.0989,0.0934,7.1132,-0.0769,-0.0191,-0.0152,-4.8435,-5.7628,4.6112,-0.0445,-0.0053,-0.0003
-4.1037,0.0551,7.1611,-0.0761,-0.0405,-0.0120,-4.8507,-5.9041,4.6304,-0.0398,0.0132,-0.0072
-4.1372,0.0910,7.1515,-0.0781,0.0119,-0.0137,-4.7716,-5.7964,4.5921,-0.0462,-0.0007,-0.0108
-4.0606,0.0694,7.1132,-0.0831,-0.0071,-0.0111,-4.7908,-5.8323,4.5921,-0.0460,0.0064,-0.0021
-4.0773,0.0335,7.1323,-0.0810,-0.0177,-0.0083,-4.8746,-5.7748,4.7429,-0.0476,0.0017,-0.0108
-4.0558,0.0742,7.1635,-0.0755,-0.0171,-0.0157,-4.8339,-5.7461,4.6280,-0.0434,-0.0108,-0.0017
-4.1037,0.0742,7.1443,-0.0787,-0.0204,-0.0111,-4.8411,-5.7916,4.5825,-0.0438,0.0021,-0.0013
-4.0390,0.0192,7.1682,-0.0741,-0.0095,-0.0121,-4.8052,-5.7772,4.6328,-0.0430,0.0020,-0.0052
-4.0677,0.0670,7.2329,-0.0786,-0.0097,-0.0159,-4.8052,-5.8371,4.6807,-0.0473,0.0055,-0.0065
-4.0414,-0.0072,7.0533,-0.0723,-0.0020,-0.0169,-4.8123,-5.7964,4.6448,-0.0474,0.0021,-0.0092
-4.0797,0.0814,7.1611,-0.0781,-0.0048,-0.0157,-4.7812,-5.8371,4.6136,-0.0482,0.0131,-0.0111
-4.0941,0.0718,7.1539,-0.0742,-0.0063,-0.0111,-4.8052,-5.8347,4.6232,-0.0424,-0.0091,0.0029
-4.1061,0.0311,7.1180,-0.0738,-0.0103,-0.0169,-4.7836,-5.7581,4.5466,-0.0460,0.0081,-0.0016
-4.1252,0.1293,7.2856,-0.0754,-0.0143,-0.0112,-4.8985,-5.7820,4.6495,-0.0458,0.0135,-0.0076
-4.0510,0.0215,7.2137,-0.0745,-0.0179,-0.0116,-4.8100,-5.7604,4.6807,-0.0362,-0.0176,0.0032
-4.0534,0.0407,7.1132,-0.0810,-0.0140,-0.0144,-4.8147,-5.8275,4.6088,-0.0506,0.0115,-0.0092
-4.0797,0.0144,7.1395,-0.0734,-0.0052,-0.0203,-4.8602,-5.8778,4.6232,-0.0444,-0.0009,-0.0003
-4.0677,0.1030,7.1347,-0.0718,-0.0055,-0.0201,-4.8578,-5.8012,4.4915,-0.0464,0.0095,-0.0068
-4.1348,0.0646,7.1922,-0.0802,-0.0280,-0.0087,-4.8147,-5.8203,4.6040,-0.0426,-0.0076,0.0005
-4.0438,0.0575,7.1587,-0.0735,-0.0272,-0.0073,-4.8363,-5.8634,4.7357,-0.0412,0.0020,0.0024
-4.0989,0.0407,7.1347,-0.0797,-0.0436,-0.0048,-4.7357,-5.7820,4.6759,-0.0340,-0.0281,0.0060
-4.0510,0.0934,7.1778,-0.0799,0.0063,-0.0171,-4.8722,-5.8083,4.5945,-0.0508,0.0226,-0.0092
-4.0127,0.1293,7.0940,-0.0743,-0.0145,-0.0135,-4.8387,-5.7892,4.5346,-0.0402,-0.0153,0.0001
-4.0606,0.0814,7.1180,-0.0778,-0.0065,-0.0135,-4.8435,-5.8059,4.6687,-0.0501,0.0175,-0.0084
-4.0941,0.0599,7.0461,-0.0738,0.0221,-0.0173,-4.8578,-5.7557,4.6040,-0.0552,0.0212,-0.0209
-4.0797,0.0359,7.1802,-0.0735,0.0072,-0.0184,-4.8602,-5.9065,4.6639,-0.0453,0.0151,-0.0052
-4.0294,0.0958,7.1323,-0.0766,-0.0053,-0.0195,-4.8100,-5.7964,4.5538,-0.0460,0.0052,-0.0053
-4.0534,0.0958,7.0773,-0.0730,0.0028,-0.0220,-4.8195,-5.7221,4.6615,-0.0474,0.0029,-0.0008
-4.0845,0.0575,7.1443,-0.0751,-0.0096,-0.0113,-4.8507,-5.8059,4.5633,-0.0486,0.0084,-0.0021
-4.0342,0.1006,7.1084,-0.0807,-0.0334,-0.0069,-4.7525,-5.7892,4.7238,-0.0364,-0.0224,-0.0005
-4.0845,0.0766,7.0797,-0.0758,0.0045,-0.0195,-4.7645,-5.7317,4.6424,-0.0521,0.0328,-0.0155
-4.0462,0.0958,7.1419,-0.0754,-0.0095,-0.0129,-4.7884,-5.8155,4.6495,-0.0406,-0.0072,-0.0049
-4.0773,0.1030,7.2257,-0.0774,-0.0161,-0.0117,-4.7956,-5.8059,4.5466,-0.0473,0.0224,-0.0101
-4.0606,0.0886,7.1635,-0.0778,-0.0147,-0.0123,-4.8961,-5.8323,4.5897,-0.0425,-0.0136,0.0017
-4.0630,0.0359,7.1898,-0.0754,-0.0107,-0.0133,-4.8961,-5.8371,4.5633,-0.0482,-0.0019,-0.0012
-4.0366,0.0862,7.0342,-0.0765,-0.0077,-0.0137,-4.8483,-5.7964,4.6040,-0.0424,-0.0012,-0.0068
-4.1180,0.0718,7.1491,-0.0791,-0.0003,-0.0218,-4.7740,-5.7461,4.4819,-0.0496,0.0133,-0.0080
-4.1013,0.0575,7.2042,-0.0770,-0.0097,-0.0139,-4.7669,-5.8802,4.6136,-0.0436,-0.0069,-0.0056
-4.1132,0.0622,7.1395,-0.0753,-0.0200,-0.0132,-4.8698,-5.8682,4.6256,-0.0381,0.0053,0.0013
-4.0486,0.0287,7.1204,-0.0807,-0.0189,-0.0101,-4.7621,-5.8897,4.6160,-0.0474,-0.0044,-0.0045
-4.0749,0.0694,7.1970,-0.0841,-0.0012,-0.0167,-4.7836,-5.8658,4.5657,-0.0540,0.0183,-0.0060
-4.0869,0.0718,7.1012,-0.0787,-0.0124,-0.0165,-4.8914,-5.8562,4.6471,-0.0438,-0.0087,0.0011
-4.1611,0.0958,7.1323,-0.0754,-0.0049,-0.0167,-4.8387,-5.8251,4.5681,-0.0473,0.0179,-0.0016
-4.0677,0.0838,7.1443,-0.0770,-0.0129,-0.0152,-4.8028,-5.8610,4.5562,-0.0453,-0.0115,0.0015
-4.0031,-0.0096,7.0964,-0.0825,-0.0128,-0.0140,-4.8483,-5.8395,4.5753,-0.0512,0.0093,-0.0077
-4.0486,0.0144,7.1204,-0.0737,-0.0240,-0.0105,-4.7381,-5.8514,4.6543,-0.0362,-0.0216,-0.0049
-4.1108,0.0287,7.1730,-0.0709,-0.0226,-0.0152,-4.8435,-5.8442,4.6328,-0.0418,0.0147,-0.0052
-4.1611,0.0718,7.1395,-0.0801,-0.0011,-0.0167,-4.8985,-5.8371,4.7238,-0.0528,0.0185,-0.0128
-4.1061,0.0718,7.2209,-0.0759,-0.0119,-0.0185,-4.8650,-5.7820,4.5466,-0.0360,-0.0160,0.0007
-4.0510,0.0503,7.0413,-0.0749,-0.0048,-0.0183,-4.7884,-5.7892,4.6184,-0.0501,0.0097,-0.0096
-4.0414,0.0814,7.1467,-0.0786,-0.0288,-0.0097,-4.8004,-5.7964,4.5035,-0.0418,-0.0015,-0.0027
-4.1252,0.0910,7.1419,-0.0770,-0.0017,-0.0183,-4.8626,-5.8083,4.6088,-0.0457,0.0036,-0.0023
-4.0486,0.0886,7.1898,-0.0753,-0.0121,-0.0135,-4.7812,-5.7964,4.5825,-0.0437,-0.0031,-0.0040
-4.0438,0.0670,7.2233,-0.0762,-0.0280,-0.0077,-4.8530,-5.7964,4.5514,-0.0413,0.0057,-0.0011
-4.0917,0.0239,7.1611,-0.0821,0.0005,-0.0191,-4.8387,-5.7557,4.6184,-0.0514,0.0087,-0.0089
-4.1156,0.0886,7.1204,-0.0781,-0.0191,-0.0096,-4.9177,-5.8179,4.5490,-0.0466,-0.0056,0.0028
-4.0247,-0.0024,7.0892,-0.0821,-0.0149,-0.0155,-4.8004,-5.8107,4.6064,-0.0480,-0.0001,-0.0052
-4.0677,0.0670,7.1874,-0.0759,-0.0100,-0.0137,-4.8339,-5.8275,4.6017,-0.0452,0.0084,-0.0067
-4.0797,0.0718,7.1850,-0.0745,-0.0104,-0.0148,-4.8004,-5.8227,4.5801,-0.0430,0.0055,-0.0032
-4.0438,0.0575,7.0701,-0.0814,-0.0089,-0.0100,-4.8100,-5.7988,4.5681,-0.0421,-0.0164,0.0035
-4.0534,0.0694,7.0677,-0.0766,-0.0284,-0.0075,-4.7669,-5.7772,4.5179,-0.0417,0.0009,0.0007
-4.0462,0.0551,7.0940,-0.0738,-0.0248,-0.0113,-4.7980,-5.7509,4.6376,-0.0362,-0.0043,0.0004
-4.0462,0.0670,7.1156,-0.0806,-0.0073,-0.0159,-4.8650,-5.7389,4.5370,-0.0449,0.0043,-0.0096
-4.0701,0.0670,7.1371,-0.0710,-0.0148,-0.0127,-4.8291,-5.8873,4.5610,-0.0392,0.0063,-0.0041
-4.1013,0.1269,7.1587,-0.0731,-0.0065,-0.0168,-4.7788,-5.7820,4.5490,-0.0465,0.0127,-0.0064
-4.0965,0.0383,7.1204,-0.0782,-0.0143,-0.0123,-4.8147,-5.7868,4.5633,-0.0409,-0.0040,-0.0027
-4.0318,0.0527,7.1443,-0.0777,-0.0222,-0.0081,-4.8387,-5.8059,4.5801,-0.0354,0.0033,-0.0053
-4.0390,0.0239,7.1515,-0.0750,-0.0137,-0.0171,-4.7812,-5.8131,4.5897,-0.0412,-0.0060,-0.0021
-4.0438,0.0886,7.1658,-0.0775,-0.0043,-0.0192,-4.8052,-5.7365,4.6424,-0.0481,0.0129,-0.0104
-4.1037,0.1245,7.0390,-0.0750,-0.0276,-0.0099,-4.7381,-5.7700,4.5322,-0.0344,-0.0140,-0.0048
-4.0725,0.1030,7.1467,-0.0715,-0.0087,-0.0179,-4.7932,-5.8227,4.5442,-0.0405,0.0183,-0.0096
-4.0677,0.0934,7.0677,-0.0774,-0.0141,-0.0169,-4.8626,-5.8514,4.6280,-0.0408,-0.0124,0.0009
-4.0749,0.0479,7.1108,-0.0818,-0.0151,-0.0131,-4.7621,-5.8514,4.5442,-0.0494,0.0012,-0.0071
-4.0318,0.0838,7.1419,-0.0759,-0.0113,-0.0093,-4.8937,-5.8514,4.6208,-0.0440,0.0095,-0.0004
-4.0175,0.0982,7.0677,-0.0759,-0.0156,-0.0105,-4.8243,-5.7820,4.5226,-0.0448,-0.0123,-0.0028
-4.0510,-0.0120,7.1922,-0.0795,-0.0195,-0.0076,-4.7190,-5.7748,4.7094,-0.0454,-0.0004,-0.0060
-4.0917,0.0910,7.1395,-0.0769,-0.0044,-0.0169,-4.8315,-5.8083,4.5155,-0.0449,0.0076,-0.0063
-4.1061,0.0311,7.2425,-0.0791,-0.0199,-0.0109,-4.8459,-5.8586,4.6831,-0.0460,0.0083,-0.0101
-4.0294,0.0455,7.1658,-0.0757,-0.0289,-0.0111,-4.8602,-5.8514,4.6519,-0.0362,-0.0079,-0.0025
-4.0630,0.0215,6.9911,-0.0799,-0.0205,-0.0057,-4.7860,-5.7772,4.5298,-0.0416,-0.0092,-0.0045
-4.0390,0.0407,7.1491,-0.0782,-0.0064,-0.0189,-4.7860,-5.7437,4.6208,-0.0464,0.0137,-0.0095
-4.0725,0.0168,7.1539,-0.0799,-0.0121,-0.0124,-4.8243,-5.7676,4.5945,-0.0446,-0.0060,-0.0047
-4.0677,0.1796,7.1898,-0.0774,-0.0092,-0.0131,-4.8123,-5.8706,4.5155,-0.0408,0.0132,-0.0056
-4.0199,0.0670,7.0749,-0.0703,-0.0121,-0.0152,-4.8243,-5.8562,4.6208,-0.0414,0.0049,-0.0017
-4.0486,0.0742,7.0964,-0.0759,-0.0040,-0.0157,-4.8626,-5.8371,4.6663,-0.0501,0.0081,-0.0121
-4.1037,0.0646,7.1347,-0.0811,-0.0161,-0.0069,-4.7573,-5.8035,4.5753,-0.0452,-0.0023,-0.0028
-4.0821,0.0192,7.1443,-0.0741,-0.0215,-0.0127,-4.8315,-5.7988,4.6304,-0.0385,-0.0023,-0.0027
-4.0582,0.1149,7.0844,-0.0747,-0.0293,-0.0101,-4.6974,-5.7940,4.5203,-0.0380,-0.0064,-0.0028
-4.0438,0.0670,7.1706,-0.0858,-0.0377,-0.0021,-4.8339,-5.7868,4.4915,-0.0417,-0.0093,0.0105
-4.1204,-0.0192,6.9456,-0.0742,-0.0217,-0.0076,-4.7429,-5.8442,4.6735,-0.0498,0.0048,-0.0031
-4.0223,0.0048,7.0437,-0.0707,0.0067,-0.0249,-4.8219,-5.7916,4.5873,-0.0473,0.0145,-0.0120
-4.0342,0.1389,7.1706,-0.0774,0.0035,-0.0181,-4.8746,-5.7868,4.5418,-0.0552,0.0185,-0.0100
-4.0318,0.0694,7.1970,-0.0789,-0.0001,-0.0131,-4.7980,-5.8179,4.6328,-0.0461,0.0064,-0.0036
-4.1444,0.1149,7.1491,-0.0733,0.0211,-0.0270,-4.7740,-5.7844,4.6112,-0.0493,0.0240,-0.0123
-4.0462,0.0575,7.0892,-0.0801,0.0089,-0.0184,-4.8435,-5.8179,4.5729,-0.0480,0.0107,-0.0123
-4.0821,0.0599,7.0773,-0.0767,0.0053,-0.0187,-4.8794,-5.8155,4.5562,-0.0478,0.0016,-0.0040
-4.0558,0.0503,7.1754,-0.0787,0.0040,-0.0139,-4.8435,-5.8466,4.5466,-0.0456,0.0124,-0.0100
-4.0486,0.0742,7.1132,-0.0706,-0.0100,-0.0187,-4.7645,-5.7868,4.5131,-0.0474,-0.0013,-0.0068
-4.0630,0.0000,7.1060,-0.0801,0.0096,-0.0213,-4.8985,-5.8275,4.5825,-0.0517,0.0258,-0.0080
-4.0917,0.0527,7.1587,-0.0739,-0.0241,-0.0189,-4.8530,-5.8179,4.6926,-0.0373,-0.0067,-0.0028
-4.0438,0.0335,7.0749,-0.0767,0.0072,-0.0286,-4.7405,-5.8419,4.5274,-0.0505,0.0209,-0.0199
-4.0845,0.0527,7.1874,-0.0717,-0.0101,-0.0153,-4.7716,-5.7509,4.5633,-0.0348,-0.0232,0.0037
-4.1252,0.1101,7.1946,-0.0799,-0.0181,-0.0081,-4.9105,-5.8275,4.5921,-0.0413,0.0197,-0.0012
-4.1013,0.0120,7.1036,-0.0726,-0.0019,-0.0133,-4.7980,-5.7916,4.5370,-0.0390,-0.0147,-0.0013
-4.0558,0.0575,7.0390,-0.0761,-0.0332,-0.0048,-4.8387,-5.8754,4.7070,-0.0409,-0.0007,-0.0001
-4.0701,0.1365,7.1754,-0.0761,-0.0053,-0.0144,-4.8267,-5.7892,4.6376,-0.0480,0.0153,-0.0088
-4.0677,0.0886,7.0844,-0.0786,-0.0081,-0.0149,-4.8435,-5.8514,4.6304,-0.0449,0.0111,-0.0083
-4.0247,0.0910,7.0126,-0.0767,-0.0135,-0.0141,-4.7908,-5.7628,4.6615,-0.0429,-0.0120,-0.0027
-4.1300,0.0599,7.1012,-0.0742,0.0021,-0.0168,-4.8123,-5.8107,4.6567,-0.0480,0.0109,-0.0069
-4.1228,0.0718,7.2520,-0.0718,-0.0217,-0.0053,-4.8100,-5.8490,4.5969,-0.0370,-0.0112,0.0013
-4.0725,0.1317,7.0533,-0.0731,-0.0153,-0.0149,-4.8650,-5.8323,4.6304,-0.0402,-0.0011,0.0015
-4.0797,0.0527,7.1706,-0.0770,-0.0141,-0.0085,-4.7836,-5.8634,4.5993,-0.0402,0.0131,-0.0051
-4.1372,0.1101,7.0749,-0.0773,-0.0065,-0.0105,-4.7980,-5.8682,4.5274,-0.0429,-0.0147,0.0016
-4.0749,0.1125,7.0390,-0.0755,-0.0149,-0.0115,-4.7956,-5.7796,4.5801,-0.0406,-0.0039,-0.0020
-4.1587,0.0718,7.1587,-0.0742,-0.0224,-0.0096,-4.8554,-5.8826,4.6352,-0.0428,-0.0023,0.0004
-4.0390,0.0646,7.2425,-0.0763,-0.0237,-0.0127,-4.8483,-5.8634,4.5562,-0.0406,0.0009,0.0027
-4.1204,0.0670,7.2065,-0.0775,0.0123,-0.0192,-4.7956,-5.7581,4.5490,-0.0464,0.0133,-0.0064
-4.1492,0.0814,7.1060,-0.0773,-0.0240,-0.0089,-4.8578,-5.8442,4.5801,-0.0352,-0.0145,0.0024
-4.1180,0.0766,7.1395,-0.0759,0.0048,-0.0220,-4.7956,-5.8562,4.5753,-0.0490,0.0242,-0.0143
-4.1611,0.1413,7.0773,-0.0711,-0.0100,-0.0148,-4.8650,-5.8035,4.6735,-0.0377,-0.0131,0.0052
-4.0270,0.0335,7.1539,-0.0782,-0.0304,-0.0108,-4.8435,-5.7772,4.5801,-0.0406,-0.0112,0.0040
-4.0414,0.0479,7.0749,-0.0737,-0.0201,-0.0168,-4.7477,-5.7772,4.6280,-0.0434,0.0000,-0.0041
-4.1276,0.0503,7.1228,-0.0723,0.0111,-0.0233,-4.8004,-5.8347,4.6519,-0.0490,0.0288,-0.0119
-4.1061,0.0886,7.0868,-0.0765,0.0039,-0.0163,-4.8650,-5.7844,4.5418,-0.0449,-0.0077,-0.0027
-4.0917,0.1173,7.1587,-0.0718,-0.0225,-0.0059,-4.7980,-5.8179,4.5729,-0.0400,-0.0011,0.0015
-4.0270,0.0766,7.0820,-0.0766,-0.0188,-0.0129,-4.7692,-5.7892,4.5370,-0.0344,-0.0061,-0.0043
-4.0845,0.0910,7.1132,-0.0755,-0.0149,-0.0087,-4.7884,-5.7604,4.5681,-0.0440,0.0015,0.0003
-4.0654,0.1173,7.0653,-0.0766,-0.0225,-0.0079,-4.7740,-5.8155,4.5753,-0.0392,0.0003,-0.0025
-4.1132,0.0814,7.2353,-0.0723,-0.0195,-0.0117,-4.8171,-5.7916,4.6759,-0.0429,0.0117,-0.0091
-4.1252,0.0575,7.1323,-0.0773,-0.0649,0.0040,-4.8267,-5.8059,4.7118,-0.0222,-0.0380,0.0191
-4.0893,0.0958,7.2185,-0.0842,0.0346,-0.0264,-4.7573,-5.8419,4.5969,-0.0629,0.0429,-0.0199
-4.0701,0.0982,7.1275,-0.0719,0.0188,-0.0253,-4.8123,-5.8323,4.5729,-0.0500,-0.0019,-0.0083
-4.1683,0.1173,7.2089,-0.0750,-0.0242,-0.0167,-4.8794,-5.8179,4.5753,-0.0386,-0.0021,0.0047
-4.1324,0.1030,7.2209,-0.0781,-0.0345,-0.0087,-4.8387,-5.8730,4.5394,-0.0350,-0.0115,0.0069
-4.0366,0.0646,7.1467,-0.0746,-0.0180,-0.0112,-4.7716,-5.8155,4.5753,-0.0408,-0.0071,-0.0007
-4.1132,0.0766,7.2305,-0.0782,-0.0048,-0.0120,-4.7214,-5.8442,4.5825,-0.0541,0.0116,-0.0048
-4.1300,0.1101,7.1060,-0.0746,-0.0071,-0.0143,-4.8507,-5.8035,4.5873,-0.0444,-0.0049,-0.0017
-4.1084,0.0862,7.2185,-0.0794,-0.0075,-0.0133,-4.8171,-5.8299,4.5921,-0.0420,-0.0008,-0.0036
-4.0917,0.0646,7.0581,-0.0786,-0.0077,-0.0132,-4.7908,-5.7676,4.6208,-0.0492,0.0004,-0.0041
-4.1492,0.0120,7.1994,-0.0742,-0.0129,-0.0140,-4.8554,-5.8035,4.5897,-0.0502,0.0152,-0.0084
-4.1061,0.0359,7.1658,-0.0730,-0.0075,-0.0226,-4.8315,-5.8012,4.5538,-0.0464,0.0107,-0.0023
-4.0510,0.1077,7.0797,-0.0762,-0.0141,-0.0176,-4.8387,-5.8490,4.5993,-0.0468,0.0079,-0.0037
-4.1372,0.0263,7.1802,-0.0733,-0.0087,-0.0195,-4.8195,-5.8442,4.5657,-0.0432,0.0072,-0.0053
-4.0677,0.1006,7.0773,-0.0710,-0.0203,-0.0111,-4.8530,-5.8395,4.6855,-0.0360,-0.0067,-0.0041
-4.0223,0.0814,7.0820,-0.0729,0.0023,-0.0137,-4.8530,-5.7581,4.5993,-0.0426,0.0023,-0.0013
-4.0917,0.0551,7.1658,-0.0757,-0.0199,-0.0099,-4.8483,-5.8275,4.6208,-0.0329,-0.0156,0.0064
-4.0725,0.1221,7.1539,-0.0730,-0.0097,-0.0105,-4.8123,-5.8227,4.6878,-0.0420,0.0155,-0.0057
-4.0965,0.0479,7.1515,-0.0761,-0.0140,-0.0056,-4.7573,-5.8227,4.5633,-0.0376,-0.0216,0.0017
-4.1348,0.0742,7.1132,-0.0702,-0.0099,-0.0209,-4.8770,-5.8227,4.5442,-0.0428,0.0184,-0.0075
-4.1061,0.1125,7.1706,-0.0743,-0.0084,-0.0155,-4.8052,-5.8395,4.6855,-0.0416,-0.0044,-0.0060
-4.1204,0.1269,7.0964,-0.0786,-0.0036,-0.0147,-4.7740,-5.7820,4.6088,-0.0485,0.0033,-0.0037
-4.0965,0.1125,7.1826,-0.0794,-0.0136,-0.0189,-4.8315,-5.8658,4.5610,-0.0464,0.0055,-0.0040
-4.0917,0.0718,7.1036,-0.0778,-0.0313,-0.0043,-4.7740,-5.8107,4.6448,-0.0357,-0.0169,0.0035
-4.0989,0.0886,7.1180,-0.0755,-0.0080,-0.0149,-4.8818,-5.7485,4.6184,-0.0489,0.0145,-0.0108
-4.0797,0.0886,7.1275,-0.0790,-0.0024,-0.0121,-4.8363,-5.8227,4.6759,-0.0464,-0.0012,0.0011
-4.0438,0.0958,7.2185,-0.0799,-0.0047,-0.0132,-4.8626,-5.8227,4.5897,-0.0442,0.0053,-0.0052
-3.9863,0.0790,7.1228,-0.0723,-0.0264,-0.0104,-4.7549,-5.7796,4.6256,-0.0345,-0.0262,0.0052
-4.0366,0.1149,7.0868,-0.0813,-0.0052,-0.0165,-4.8243,-5.7796,4.6639,-0.0576,0.0248,-0.0079
-4.1156,0.0910,7.1108,-0.0774,0.0016,-0.0156,-4.8243,-5.8514,4.6160,-0.0442,-0.0060,-0.0011
-4.1563,0.0718,7.1228,-0.0775,-0.0129,-0.0135,-4.8722,-5.8227,4.6064,-0.0432,0.0111,-0.0043
-4.0342,0.1053,7.1730,-0.0811,-0.0211,-0.0077,-4.7884,-5.7581,4.6160,-0.0446,-0.0127,-0.0021
-4.1252,0.0503,7.0749,-0.0798,0.0075,-0.0179,-4.8028,-5.8275,4.5394,-0.0530,0.0136,-0.0105
-4.1084,0.1149,7.2305,-0.0737,-0.0060,-0.0161,-4.8554,-5.8371,4.5610,-0.0462,0.0084,-0.0017
-4.1276,0.0503,7.1658,-0.0786,-0.0211,-0.0160,-4.8195,-5.8371,4.5969,-0.0364,-0.0003,0.0003
-4.0749,0.0455,7.0150,-0.0758,-0.0084,-0.0161,-4.8219,-5.7748,4.6232,-0.0470,0.0140,-0.0067
-4.0917,0.0814,7.1323,-0.0786,-0.0213,-0.0129,-4.7980,-5.7341,4.5681,-0.0408,0.0019,-0.0019
-4.1132,0.0790,7.1802,-0.0778,0.0073,-0.0180,-4.8147,-5.7676,4.5633,-0.0506,0.0163,-0.0113
-4.1156,0.0311,7.0677,-0.0758,0.0004,-0.0192,-4.8171,-5.8442,4.6136,-0.0425,-0.0027,-0.0020
-4.0510,0.0838,7.1515,-0.0758,-0.0241,-0.0131,-4.8530,-5.8802,4.5825,-0.0413,-0.0013,-0.0003
-4.1492,0.1413,7.1946,-0.0782,-0.0109,-0.0101,-4.8387,-5.8227,4.6376,-0.0460,-0.0007,-0.0059
-4.0390,0.1173,7.2065,-0.0747,-0.0088,-0.0121,-4.8171,-5.7700,4.6519,-0.0385,-0.0187,0.0000
-4.0677,0.1245,7.2018,-0.0822,-0.0108,-0.0143,-4.8052,-5.7557,4.6735,-0.0526,0.0157,-0.0084
-4.1635,0.1484,7.1251,-0.0855,0.0009,-0.0189,-4.8722,-5.8275,4.5801,-0.0580,0.0252,-0.0073
-4.1444,0.0790,7.1635,-0.0798,-0.0155,-0.0121,-4.7788,-5.8586,4.5514,-0.0442,-0.0085,-0.0035
-4.1228,0.1077,7.1754,-0.0789,-0.0314,-0.0055,-4.8770,-5.8299,4.6591,-0.0412,0.0057,-0.0036
-4.0318,0.0263,7.0198,-0.0771,-0.0252,-0.0029,-4.7525,-5.7509,4.5753,-0.0378,-0.0061,-0.0024
-4.0797,0.0383,7.2137,-0.0678,0.0003,-0.0156,-4.8171,-5.8251,4.5586,-0.0396,0.0171,-0.0041
-4.0821,0.1245,7.0653,-0.0702,-0.0141,-0.0087,-4.8171,-5.7533,4.5610,-0.0398,0.0040,-0.0019
-4.0534,0.0958,7.1299,-0.0722,-0.0175,-0.0063,-4.8076,-5.7413,4.5825,-0.0380,-0.0261,0.0072
-4.1180,0.0670,7.1611,-0.0789,-0.0059,-0.0105,-4.8578,-5.8538,4.5753,-0.0477,0.0103,-0.0043
-4.0725,0.0479,7.0892,-0.0717,-0.0373,-0.0103,-4.8171,-5.7844,4.7022,-0.0337,-0.0242,-0.0017
-4.0534,0.1197,7.1587,-0.0778,-0.0226,-0.0144,-4.7573,-5.8107,4.5945,-0.0430,0.0031,-0.0032
-4.0677,0.1532,7.2520,-0.0885,0.0063,-0.0225,-4.8195,-5.8514,4.5442,-0.0610,0.0349,-0.0121
-4.1013,0.1389,7.1635,-0.0798,-0.0159,-0.0212,-4.8363,-5.8658,4.5873,-0.0390,-0.0027,-0.0017
-4.1084,0.0622,7.1395,-0.0722,-0.0185,-0.0234,-4.8123,-5.8107,4.5825,-0.0373,-0.0008,-0.0033
-4.1252,0.0622,7.1611,-0.0738,-0.0136,-0.0123,-4.8052,-5.8466,4.5849,-0.0441,0.0139,-0.0044
-4.0845,0.0670,7.1850,-0.0678,-0.0516,0.0020,-4.8435,-5.8347,4.7549,-0.0181,-0.0397,0.0097
-4.0821,0.0934,7.0988,-0.0677,-0.0221,-0.0115,-4.7573,-5.7317,4.5657,-0.0276,-0.0056,-0.0089
-3.9911,0.0599,7.1898,-0.0671,-0.0442,-0.0101,-4.8339,-5.7964,4.6184,-0.0226,-0.0180,-0.0015
-3.8738,0.0958,7.1515,-0.0645,-0.0285,-0.0168,-4.6543,-5.6934,4.7692,-0.0318,-0.0337,0.0077
-4.1132,0.2035,7.2257,-0.0737,-0.0023,-0.0260,-5.0182,-5.8754,4.5945,-0.0540,0.0973,-0.0286
-4.0725,0.0551,7.1395,-0.0625,-0.0328,-0.0233,-4.7429,-5.7844,4.6328,-0.0195,-0.0416,-0.0012
-4.0414,0.1053,7.1491,-0.0706,-0.0269,-0.0075,-4.8866,-5.6790,4.6711,-0.0297,-0.0077,-0.0088
-4.0151,0.1125,7.0844,-0.0817,-0.0212,-0.0100,-4.6663,-5.7820,4.5801,-0.0521,0.0017,-0.0084
-3.9768,0.0742,7.1419,-0.0949,-0.0085,-0.0087,-4.7477,-5.7988,4.5633,-0.0703,0.0282,-0.0075
-4.0414,0.0790,7.1251,-0.0926,-0.0016,-0.0137,-4.7046,-5.7892,4.5753,-0.0695,0.0342,-0.0161
-4.0917,0.0814,7.2377,-0.0859,0.0281,-0.0248,-4.8147,-5.8466,4.5538,-0.0705,0.0386,-0.0069
-4.0821,0.1413,7.1204,-0.0773,-0.0153,-0.0203,-4.8315,-5.7581,4.6064,-0.0465,0.0052,-0.0045
-4.0821,0.1508,7.1730,-0.0738,-0.0067,-0.0378,-4.8147,-5.8371,4.6304,-0.0420,0.0341,-0.0233
-4.0103,0.0910,7.1132,-0.0750,-0.0140,-0.0226,-4.7716,-5.7581,4.6376,-0.0401,-0.0013,-0.0119
-4.1061,0.0575,7.1730,-0.0818,-0.0033,-0.0161,-4.8722,-5.8323,4.5993,-0.0496,0.0163,-0.0089
-4.1228,0.0910,7.1874,-0.0782,-0.0053,-0.0133,-4.8387,-5.8442,4.5346,-0.0474,-0.0047,0.0000
-4.1180,0.0263,7.1108,-0.0773,-0.0297,0.0044,-4.8770,-5.8155,4.5131,-0.0369,-0.0308,0.0097
-4.0270,-0.0263,7.2209,-0.0842,-0.0147,-0.0009,-4.7285,-5.8658,4.6232,-0.0550,-0.0017,0.0140
-4.0294,0.1053,7.1275,-0.0745,-0.0394,0.0011,-4.7238,-5.7892,4.5490,-0.0357,-0.0436,0.0055
-4.1300,0.1317,7.0150,-0.0826,-0.0028,-0.0041,-4.8315,-5.8371,4.7238,-0.0522,0.0324,-0.0061
-4.0654,0.0646,7.1730,-0.0745,-0.0278,-0.0039,-4.7812,-5.8610,4.6136,-0.0325,-0.0444,0.0056
-3.9600,0.1125,7.1539,-0.0669,-0.0123,-0.0171,-4.7429,-5.8012,4.5753,-0.0368,0.0119,-0.0061
-4.0103,0.1173,7.1443,-0.0842,-0.0155,-0.0128,-4.8052,-5.8107,4.6687,-0.0474,-0.0081,-0.0011
-4.0630,0.0599,7.1587,-0.0805,-0.0092,-0.0203,-4.7956,-5.8227,4.6256,-0.0512,0.0224,-0.0032
-4.0917,0.0263,7.1754,-0.0750,0.0065,-0.0297,-4.8147,-5.8179,4.6208,-0.0548,0.0207,-0.0097
-4.0031,0.0958,7.1299,-0.0807,-0.0068,-0.0184,-4.8339,-5.8299,4.5107,-0.0482,0.0029,-0.0017
-4.1276,0.1700,7.0677,-0.0822,-0.0021,-0.0175,-4.8483,-5.7317,4.6280,-0.0561,0.0242,-0.0071
-4.1108,0.0431,7.1706,-0.0834,0.0056,-0.0145,-4.9033,-5.8897,4.6495,-0.0581,0.0229,-0.0056
-4.1084,0.1245,7.1826,-0.0753,-0.0144,-0.0085,-4.8387,-5.8419,4.5562,-0.0398,-0.0140,0.0068
-4.1252,0.0814,7.2185,-0.0687,-0.0148,-0.0108,-4.8435,-5.8442,4.5322,-0.0366,-0.0141,0.0045
-4.0654,0.0910,7.1898,-0.0681,0.0021,-0.0075,-4.7788,-5.7581,4.6136,-0.0409,-0.0021,0.0020
-4.1779,0.1149,7.1611,-0.0654,-0.0045,-0.0079,-4.8890,-5.8897,4.5586,-0.0312,-0.0012,0.0076
-4.0797,0.0551,7.1898,-0.0524,-0.0514,0.0049,-4.7692,-5.8179,4.5969,0.0059,-0.0437,0.0246
-4.0510,0.1101,7.0557,-0.0474,-0.0474,-0.0072,-4.8411,-5.7245,4.5801,-0.0037,-0.0209,0.0016
-3.9217,0.1077,7.1180,-0.0658,-0.0128,-0.0326,-4.6376,-5.7245,4.7381,-0.0348,-0.0258,-0.0124
-3.9935,0.0359,7.2305,-0.0715,0.0080,-0.0282,-4.8626,-5.8562,4.7285,-0.0482,0.0601,-0.0137
-4.1731,0.1197,7.0940,-0.0661,-0.0258,-0.0199,-4.8530,-5.7389,4.6974,-0.0237,-0.0119,-0.0075
-4.0725,0.1676,7.0222,-0.0769,-0.0073,-0.0238,-4.8914,-5.7796,4.6807,-0.0448,0.0242,-0.0081
-3.9816,0.1101,7.1682,-0.0843,-0.0192,-0.0081,-4.7788,-5.7988,4.6400,-0.0466,-0.0144,-0.0009
-4.0390,0.1389,7.1611,-0.0805,-0.0095,-0.0108,-4.7908,-5.8059,4.5610,-0.0525,0.0133,-0.0040
-4.1204,0.1269,7.2449,-0.0822,-0.0031,-0.0108,-4.7860,-5.7652,4.6735,-0.0462,0.0035,0.0001
-4.0558,0.0934,7.2042,-0.0798,-0.0015,-0.0161,-4.8315,-5.7868,4.6495,-0.0530,-0.0033,-0.0048
-4.0151,0.1484,7.1323,-0.0799,-0.0135,-0.0055,-4.8435,-5.7533,4.6783,-0.0493,-0.0009,-0.0024
-4.0797,0.1221,7.1994,-0.0782,-0.0029,-0.0103,-4.7980,-5.8035,4.6064,-0.0476,-0.0076,-0.0039
-4.0462,0.0910,7.2185,-0.0715,-0.0253,-0.0015,-4.7669,-5.7389,4.5897,-0.0360,-0.0057,0.0057
-3.9528,0.0886,7.1491,-0.0767,-0.0107,-0.0053,-4.8195,-5.8203,4.6471,-0.0428,-0.0143,0.0047
-3.9863,0.1413,7.0126,-0.0871,-0.0031,-0.0096,-4.7166,-5.7150,4.6017,-0.0605,0.0039,-0.0019
-4.0438,0.1293,7.1778,-0.0874,0.0060,-0.0151,-4.8435,-5.7772,4.6495,-0.0646,0.0240,-0.0068
-4.0462,0.1006,7.0054,-0.0827,-0.0063,-0.0164,-4.8507,-5.7796,4.5514,-0.0601,0.0059,-0.0080
-4.0510,0.1437,7.1132,-0.0887,0.0155,-0.0226,-4.8411,-5.7197,4.6831,-0.0742,0.0366,-0.0216
-4.1539,0.2227,7.2305,-0.0911,0.0123,-0.0282,-4.9321,-5.8371,4.5657,-0.0706,0.0353,-0.0229
-4.2306,0.0646,7.0677,-0.0909,-0.0084,-0.0254,-5.0087,-5.9687,4.4915,-0.0584,0.0056,-0.0213
-3.9289,-0.0048,7.2018,-0.0934,0.0125,-0.0100,-4.6663,-5.7988,4.6663,-0.0642,-0.0095,-0.0012
-4.1779,0.1149,7.1108,-0.0907,0.0041,-0.0095,-5.0230,-5.8538,4.5155,-0.0755,0.0545,-0.0208
-4.1899,0.0527,7.1778,-0.0838,-0.0346,0.0103,-4.8937,-5.9256,4.6160,-0.0300,-0.0714,0.0236
-3.9385,0.0958,7.1084,-0.0759,-0.0789,0.0075,-4.7477,-5.8035,4.6448,-0.0169,-0.0597,0.0027
-3.9002,0.0862,7.1443,-0.0702,-0.0453,-0.0218,-4.6232,-5.7413,4.6950,-0.0276,0.0071,-0.0079
-3.9600,0.1125,7.1754,-0.0853,-0.0005,-0.0398,-4.7214,-5.7174,4.6256,-0.0618,0.0617,-0.0265
-4.0294,0.1676,7.1275,-0.0931,-0.0152,-0.0481,-4.8961,-5.7700,4.6567,-0.0500,0.0312,-0.0484
-4.1252,0.1341,7.1228,-0.0843,-0.0250,-0.0414,-4.8698,-5.8419,4.6064,-0.0428,0.0165,-0.0364
-4.0199,0.1006,7.1874,-0.0899,-0.0433,-0.0127,-4.8291,-5.8897,4.5873,-0.0418,0.0084,-0.0346
-4.0558,-0.0575,7.1539,-0.0853,-0.0352,-0.0068,-4.8243,-5.9520,4.5753,-0.0484,-0.0111,-0.0068
-4.0510,0.0527,7.1539,-0.0685,-0.0095,-0.0024,-4.7980,-5.8395,4.6352,-0.0300,-0.0193,0.0097
-4.1013,0.1006,7.1251,-0.0707,-0.0151,0.0079,-4.8219,-5.8107,4.6471,-0.0385,-0.0352,0.0187
-4.1252,0.1173,7.1946,-0.0850,-0.0212,0.0229,-4.8267,-5.7988,4.6735,-0.0510,-0.0121,0.0124
-4.0270,0.0575,7.1060,-0.0739,-0.0325,0.0060,-4.7908,-5.8251,4.5825,-0.0394,-0.0394,0.0149
-3.8714,-0.0120,7.2042,-0.0919,-0.0116,-0.0020,-4.6974,-5.7604,4.5921,-0.0597,-0.0016,-0.0099
-3.9720,0.0670,7.2042,-0.0835,-0.0100,-0.0241,-4.6807,-5.7964,4.5825,-0.0576,0.0143,-0.0068
-4.0773,0.0024,7.0844,-0.0841,0.0314,-0.0405,-4.8626,-5.7796,4.5322,-0.0659,0.0630,-0.0237
-4.0223,0.0455,7.2089,-0.0763,0.0055,-0.0437,-4.7692,-5.8658,4.5131,-0.0460,0.0075,-0.0168
-4.0247,0.0886,7.2951,-0.0802,-0.0236,-0.0258,-4.8650,-5.7868,4.7022,-0.0452,0.0175,-0.0133
-4.0462,0.0359,7.1994,-0.0762,0.0048,-0.0330,-4.8914,-5.8538,4.6759,-0.0494,0.0344,-0.0127
-4.1108,0.1460,7.1467,-0.0729,-0.0073,-0.0171,-4.9321,-5.8419,4.5633,-0.0414,-0.0045,-0.0051
-4.0606,0.0000,7.1395,-0.0787,-0.0145,-0.0048,-4.7764,-5.8873,4.6064,-0.0406,-0.0241,0.0033
-4.1132,-0.0168,7.2137,-0.0826,-0.0149,0.0067,-4.7884,-5.8562,4.6543,-0.0390,-0.0123,0.0075
-3.9840,0.0168,7.0892,-0.0593,-0.0305,0.0036,-4.7956,-5.8586,4.6328,-0.0322,-0.0324,0.0237
-3.9768,0.1077,7.1132,-0.0866,0.0163,0.0091,-4.8076,-5.7916,4.4628,-0.0637,-0.0180,0.0294
-4.0797,0.0910,7.1587,-0.0807,0.0151,-0.0052,-4.8674,-5.7820,4.6759,-0.0618,0.0141,0.0047
-4.1061,0.0862,7.1419,-0.0725,-0.0217,-0.0169,-4.8866,-5.6934,4.5969,-0.0378,-0.0101,-0.0107
-3.9816,0.1053,7.0581,-0.0847,-0.0218,-0.0196,-4.6998,-5.7628,4.7022,-0.0488,0.0048,-0.0064
-4.1013,0.0239,7.1754,-0.0859,0.0088,-0.0264,-4.7908,-5.8179,4.6424,-0.0609,0.0384,-0.0156
-4.0486,0.0551,7.2281,-0.0783,-0.0137,-0.0155,-4.7980,-5.9448,4.5825,-0.0377,-0.0041,0.0021
-4.0606,0.0239,7.1539,-0.0707,-0.0083,-0.0175,-4.7764,-5.8299,4.6831,-0.0384,0.0076,-0.0051
-4.0797,0.0766,7.2664,-0.0725,-0.0188,-0.0077,-4.8123,-5.7724,4.5945,-0.0308,-0.0250,0.0120
-4.0270,0.0575,7.1347,-0.0690,-0.0137,-0.0151,-4.7429,-5.7413,4.5921,-0.0394,0.0027,-0.0021
-4.0654,0.0599,7.2018,-0.0706,-0.0157,-0.0133,-4.7788,-5.7892,4.5945,-0.0366,0.0076,-0.0057
-4.0127,0.0239,7.1587,-0.0721,-0.0131,-0.0200,-4.7669,-5.8897,4.5705,-0.0357,0.0067,-0.0112
-4.0318,0.0407,7.1275,-0.0671,0.0031,-0.0292,-4.8387,-5.8107,4.5346,-0.0405,0.0168,-0.0143
-4.0414,0.0766,7.2377,-0.0757,-0.0151,-0.0200,-4.8052,-5.7652,4.5849,-0.0413,0.0019,-0.0113
-4.0797,0.0168,7.1730,-0.0674,-0.0332,-0.0080,-4.8291,-5.8323,4.6735,-0.0341,0.0001,0.0000
-4.0270,0.0694,7.0366,-0.0659,-0.0124,-0.0159,-4.7692,-5.7748,4.5801,-0.0344,-0.0184,0.0024
-4.0199,0.1030,7.2353,-0.0793,-0.0036,-0.0121,-4.7980,-5.7940,4.7238,-0.0509,0.0176,0.0001
-3.9433,0.0766,7.1658,-0.0874,-0.0185,-0.0107,-4.7190,-5.7892,4.6543,-0.0513,-0.0260,0.0047
-3.9361,0.0551,7.1778,-0.0825,0.0124,-0.0292,-4.7333,-5.7820,4.6591,-0.0667,0.0592,-0.0141
-3.9002,0.0814,7.1323,-0.0958,0.0449,-0.0506,-4.7238,-5.8323,4.6687,-0.0786,0.0417,-0.0208
-4.1013,0.1125,7.1323,-0.0961,0.0566,-0.0585,-4.7956,-5.8155,4.5969,-0.0890,0.0901,-0.0381
-4.2162,0.0072,7.1635,-0.0873,0.0095,-0.0436,-4.9871,-5.9400,4.4532,-0.0637,0.0350,-0.0286
-4.1276,-0.0407,7.0605,-0.0857,-0.0081,-0.0344,-4.8219,-5.9400,4.6208,-0.0517,0.0191,-0.0195
-4.2042,0.0742,7.1275,-0.0681,-0.0193,-0.0265,-4.8818,-5.9256,4.5370,-0.0393,0.0173,-0.0113
-4.1539,-0.0024,7.0797,-0.0582,-0.0233,-0.0136,-4.8291,-5.8419,4.5059,-0.0270,-0.0111,0.0007
-4.0917,0.0718,7.0222,-0.0729,-0.0356,-0.0045,-4.7956,-5.8059,4.6017,-0.0341,-0.0037,0.0005
-4.0965,-0.0192,7.0797,-0.0815,-0.0067,-0.0111,-4.7764,-5.8826,4.5514,-0.0490,0.0089,-0.0100
-4.1156,-0.0239,7.0461,-0.0653,-0.0139,-0.0049,-4.8219,-5.8778,4.5083,-0.0309,-0.0091,0.0029
-4.0223,0.0575,7.1180,-0.0612,-0.0207,-0.0016,-4.7764,-5.7892,4.5538,-0.0293,-0.0240,0.0163
-3.9983,0.1437,7.1371,-0.0795,-0.0052,-0.0067,-4.8147,-5.8371,4.5945,-0.0492,0.0055,0.0088
-4.0749,0.0239,7.0773,-0.0847,0.0104,-0.0346,-4.7525,-5.8227,4.5657,-0.0624,0.0284,-0.0161
-4.0845,0.0383,7.1491,-0.0854,-0.0051,-0.0298,-4.7812,-5.7748,4.5418,-0.0534,0.0168,-0.0117
-4.1108,0.0694,7.0844,-0.0883,-0.0059,-0.0405,-4.8076,-5.8323,4.5011,-0.0573,0.0418,-0.0308
-4.1635,0.0215,7.1299,-0.0937,0.0001,-0.0262,-4.8530,-5.9041,4.5394,-0.0655,0.0242,-0.0236
-4.1779,0.0287,7.1275,-0.0898,-0.0044,-0.0032,-4.9225,-5.8993,4.5322,-0.0628,0.0136,-0.0033
-4.1659,0.0766,7.1635,-0.0818,-0.0345,0.0233,-4.9297,-5.8993,4.4819,-0.0382,-0.0390,0.0258
-4.2186,-0.0383,7.0892,-0.0745,-0.0353,0.0296,-4.7956,-5.9376,4.5729,-0.0310,-0.0422,0.0104
-4.0103,0.0766,7.1180,-0.0586,-0.0674,0.0358,-4.7285,-5.8059,4.5490,-0.0059,-0.0977,0.0381
-3.9552,0.0215,7.0653,-0.0894,-0.0274,0.0222,-4.7357,-5.7317,4.5681,-0.0590,-0.0256,0.0203
-3.9744,0.0455,7.1347,-0.1007,0.0159,0.0104,-4.7573,-5.7988,4.5514,-0.0807,0.0063,0.0051
-4.0893,0.0287,7.1060,-0.0978,0.0067,-0.0117,-4.8123,-5.8778,4.7142,-0.0742,0.0328,-0.0099
-4.1084,0.0168,7.1156,-0.0877,-0.0005,-0.0196,-4.8746,-5.8730,4.5226,-0.0548,0.0105,-0.0039
-4.0797,-0.0192,7.1180,-0.0691,-0.0301,-0.0218,-4.8626,-5.8682,4.5155,-0.0314,0.0073,-0.0204
-4.0630,0.0120,7.0030,-0.0670,-0.0374,-0.0087,-4.8387,-5.7724,4.4580,-0.0217,-0.0372,0.0064
-4.0797,-0.0168,7.0820,-0.0632,-0.0386,-0.0091,-4.8243,-5.8347,4.5322,-0.0273,-0.0061,0.0021
-4.0199,0.0479,7.0916,-0.0634,-0.0485,-0.0053,-4.7836,-5.8395,4.4891,-0.0216,-0.0149,-0.0040
-3.9744,0.0431,7.1706,-0.0678,-0.0266,-0.0153,-4.7621,-5.8179,4.5897,-0.0314,-0.0013,-0.0044
-4.0582,0.0934,7.1419,-0.0759,-0.0121,-0.0184,-4.8459,-5.8035,4.6807,-0.0448,0.0048,-0.0035
-4.0725,-0.0263,7.1635,-0.0881,0.0088,-0.0121,-4.8004,-5.8227,4.6280,-0.0493,0.0325,-0.0167
-3.9840,0.0239,7.1156,-0.0725,-0.0316,-0.0132,-4.7262,-5.8442,4.5873,-0.0390,-0.0242,0.0048
-4.0965,0.0694,7.1180,-0.0753,-0.0043,-0.0137,-4.7477,-5.7700,4.5346,-0.0420,0.0096,-0.0028
-4.0582,0.0670,7.1132,-0.0781,-0.0189,-0.0111,-4.8339,-5.8873,4.6040,-0.0409,-0.0064,-0.0004
-4.1084,-0.0694,7.0150,-0.0755,-0.0205,-0.0128,-4.8171,-5.8849,4.5418,-0.0388,-0.0093,-0.0023
-4.0294,0.0024,7.1299,-0.0743,-0.0160,-0.0156,-4.8219,-5.8754,4.5490,-0.0398,-0.0009,-0.0081
-4.0103,-0.0024,7.2089,-0.0757,-0.0274,-0.0151,-4.7716,-5.8107,4.6902,-0.0360,-0.0067,-0.0016
-4.0342,0.0407,7.2401,-0.0743,-0.0207,-0.0143,-4.8219,-5.8083,4.6424,-0.0376,-0.0043,-0.0004
-4.0510,0.0766,7.1539,-0.0785,0.0053,-0.0181,-4.8554,-5.8299,4.6136,-0.0554,0.0230,-0.0096
-4.0462,0.0024,7.1563,-0.0754,-0.0254,-0.0119,-4.7908,-5.8610,4.6519,-0.0397,-0.0121,-0.0041
-4.0342,-0.0048,7.0844,-0.0698,-0.0326,-0.0116,-4.7238,-5.8059,4.5657,-0.0333,0.0047,-0.0071
-3.9720,0.0120,7.0797,-0.0745,-0.0064,-0.0141,-4.7860,-5.8442,4.6280,-0.0488,0.0076,-0.0043
-3.9121,0.0431,7.2616,-0.0835,-0.0111,-0.0116,-4.7405,-5.7533,4.6663,-0.0500,0.0013,-0.0011
-4.0869,0.0575,7.1275,-0.0794,0.0205,-0.0245,-4.8483,-5.8538,4.6471,-0.0557,0.0317,-0.0164
-4.0390,0.0287,7.2065,-0.0679,-0.0372,-0.0161,-4.8243,-5.8466,4.5586,-0.0240,-0.0429,0.0023
-3.9911,0.0503,7.2113,-0.0709,-0.0226,-0.0245,-4.7860,-5.7221,4.5418,-0.0385,0.0249,-0.0092
-4.0366,-0.0048,7.1898,-0.0827,-0.0025,-0.0277,-4.8147,-5.8203,4.6448,-0.0484,0.0309,-0.0225
-4.1013,-0.0048,7.2018,-0.0738,-0.0167,-0.0288,-4.8722,-5.8730,4.5322,-0.0405,0.0167,-0.0136
-4.0582,0.0766,7.2113,-0.0750,-0.0061,-0.0274,-4.8698,-5.8275,4.6807,-0.0444,0.0199,-0.0185
-4.0223,-0.0144,7.1323,-0.0775,-0.0127,-0.0185,-4.7812,-5.7892,4.5993,-0.0421,-0.0025,-0.0087
-4.0749,0.0551,7.2975,-0.0767,0.0145,-0.0145,-4.7788,-5.8826,4.6088,-0.0466,0.0242,-0.0020
-4.0414,0.0239,7.2209,-0.0689,-0.0421,-0.0003,-4.8291,-5.9233,4.5801,-0.0230,-0.0384,0.0096
-3.9935,0.0383,7.1251,-0.0640,-0.0457,-0.0056,-4.7429,-5.7509,4.6088,-0.0252,-0.0208,0.0052
-3.9911,0.0886,7.1994,-0.0869,0.0092,-0.0145,-4.7908,-5.8347,4.6424,-0.0630,0.0321,-0.0100
-4.1061,0.0311,7.1754,-0.0854,0.0100,-0.0220,-4.8961,-5.8634,4.5394,-0.0640,0.0121,-0.0107
-4.0462,0.0311,7.1275,-0.0786,-0.0173,-0.0209,-4.8602,-5.8778,4.5059,-0.0484,0.0185,-0.0153
-4.0414,0.0622,7.2065,-0.0750,-0.0069,-0.0216,-4.7836,-5.8706,4.6687,-0.0412,0.0131,-0.0079
-4.0247,0.0479,7.2089,-0.0822,-0.0008,-0.0173,-4.7764,-5.8059,4.4891,-0.0529,-0.0056,-0.0027
-4.0534,-0.0359,7.0868,-0.0786,-0.0089,-0.0147,-4.7716,-5.8873,4.5897,-0.0534,0.0041,0.0012
-4.0797,0.0742,7.2233,-0.0691,-0.0293,-0.0049,-4.8291,-5.8155,4.5442,-0.0328,-0.0241,0.0096
-3.9816,0.1149,7.1898,-0.0725,-0.0028,-0.0169,-4.7094,-5.8107,4.6160,-0.0445,0.0201,-0.0051
-4.0294,0.1221,7.2640,-0.0757,-0.0153,-0.0075,-4.8267,-5.8371,4.5346,-0.0400,-0.0089,0.0073
-4.0797,-0.0359,7.1706,-0.0807,-0.0164,-0.0125,-4.8722,-5.8562,4.5873,-0.0456,0.0052,0.0013
-4.0055,0.0503,7.2712,-0.0754,-0.0159,-0.0073,-4.8004,-5.8945,4.5705,-0.0373,-0.0135,0.0031
-3.9911,-0.0407,7.0964,-0.0806,0.0041,-0.0084,-4.8267,-5.7796,4.6232,-0.0532,-0.0024,0.0031
-4.1515,0.0694,7.2401,-0.0811,0.0120,-0.0127,-4.8674,-5.8706,4.5993,-0.0592,0.0232,-0.0048
-4.0917,0.0215,7.1515,-0.0781,-0.0067,-0.0187,-4.8578,-5.8442,4.5514,-0.0424,-0.0189,0.0020
-4.0247,-0.0455,7.1491,-0.0683,-0.0230,-0.0191,-4.7980,-5.8802,4.6687,-0.0369,0.0109,-0.0057
-3.9576,0.0024,7.1443,-0.0757,-0.0234,-0.0145,-4.8004,-5.8203,4.6256,-0.0442,-0.0100,0.0012
-4.0318,0.0072,7.1419,-0.0817,-0.0048,-0.0105,-4.7956,-5.8802,4.6471,-0.0553,0.0313,-0.0088
-4.0510,0.0072,7.1515,-0.0746,0.0029,-0.0173,-4.8554,-5.8945,4.5705,-0.0468,-0.0044,-0.0052
-4.0438,0.0144,7.2209,-0.0707,-0.0080,-0.0120,-4.7477,-5.8203,4.6855,-0.0437,0.0048,0.0039
-4.0701,-0.0024,7.1275,-0.0766,-0.0181,-0.0065,-4.8626,-5.8490,4.5849,-0.0446,-0.0017,0.0032
-4.0079,0.0168,7.2137,-0.0799,0.0031,-0.0116,-4.7956,-5.8179,4.5059,-0.0565,0.0105,-0.0033
-4.0079,0.0144,7.1156,-0.0778,-0.0220,-0.0049,-4.7836,-5.8658,4.5801,-0.0441,-0.0145,0.0024
-3.9337,-0.0048,7.0605,-0.0817,0.0121,-0.0151,-4.7477,-5.8419,4.5179,-0.0665,0.0112,0.0003
-4.1061,0.0814,7.0581,-0.0910,0.0258,-0.0157,-4.8770,-5.8059,4.5705,-0.0682,0.0320,-0.0087
-4.1228,0.0048,7.1778,-0.0873,0.0080,-0.0145,-4.8674,-5.7964,4.5657,-0.0541,-0.0032,0.0029
-4.1276,0.0766,7.2377,-0.0729,-0.0354,-0.0040,-4.9680,-5.9448,4.5993,-0.0308,-0.0096,0.0025
-4.0797,0.0838,7.1443,-0.0658,-0.0352,-0.0016,-4.8219,-5.8395,4.5226,-0.0318,-0.0040,0.0032
-4.0749,0.0096,7.2329,-0.0835,-0.0023,-0.0012,-4.8100,-5.8754,4.6495,-0.0444,-0.0043,0.0024
-4.0534,0.0646,7.1228,-0.0678,-0.0121,-0.0056,-4.8650,-5.8442,4.5753,-0.0470,0.0019,0.0076
-4.0270,0.0527,7.1012,-0.0791,-0.0413,0.0151,-4.8076,-5.8107,4.5538,-0.0288,-0.0536,0.0290
-4.0007,0.0934,7.0294,-0.0779,0.0031,-0.0035,-4.7812,-5.7006,4.5418,-0.0556,0.0156,0.0013
-4.0270,0.0168,7.2544,-0.0909,0.0155,-0.0127,-4.7932,-5.7940,4.5777,-0.0626,0.0051,-0.0032
-4.0893,-0.0024,7.1515,-0.0833,-0.0087,-0.0157,-4.8243,-5.8586,4.6017,-0.0577,0.0192,-0.0064
-4.0007,0.0742,7.1970,-0.0690,-0.0372,-0.0116,-4.7453,-5.8155,4.5562,-0.0324,0.0053,-0.0076
-4.0677,0.0407,7.1946,-0.0777,0.0020,-0.0191,-4.8147,-5.7724,4.5514,-0.0528,0.0117,-0.0020
-4.0534,0.0096,7.2353,-0.0821,-0.0025,-0.0116,-4.7908,-5.8538,4.6424,-0.0498,-0.0005,-0.0024
-4.1468,-0.0527,7.2616,-0.0759,-0.0136,-0.0095,-4.7812,-5.8562,4.4891,-0.0400,-0.0148,-0.0073
-4.0462,0.0407,7.0844,-0.0718,-0.0357,-0.0085,-4.7118,-5.7844,4.6448,-0.0325,-0.0250,-0.0020
-4.0390,0.0622,7.1204,-0.0761,-0.0217,-0.0088,-4.8004,-5.7772,4.7190,-0.0452,0.0217,-0.0052
-4.0701,0.0742,7.1419,-0.0781,-0.0124,-0.0164,-4.7884,-5.8203,4.5322,-0.0458,0.0060,-0.0051
-4.0127,0.0503,7.1587,-0.0710,-0.0329,-0.0081,-4.8219,-5.7916,4.5801,-0.0314,-0.0180,0.0020
-3.9744,0.0910,7.1419,-0.0783,-0.0132,-0.0205,-4.8100,-5.7868,4.5633,-0.0476,0.0076,-0.0065
-4.0893,-0.0383,7.0916,-0.0790,-0.0159,-0.0232,-4.8937,-5.8586,4.6567,-0.0486,0.0025,-0.0040
-4.0654,0.0742,7.1395,-0.0733,-0.0217,-0.0128,-4.7716,-5.8347,4.6855,-0.0413,0.0052,-0.0055
-4.0390,0.0766,7.1850,-0.0790,0.0040,-0.0151,-4.7645,-5.8490,4.5442,-0.0509,0.0027,-0.0040
-4.0534,0.0359,7.1563,-0.0723,-0.0181,-0.0059,-4.8387,-5.8107,4.5035,-0.0361,-0.0075,0.0027
-3.9983,0.0239,7.1778,-0.0698,-0.0091,-0.0131,-4.8411,-5.8179,4.5945,-0.0358,-0.0056,0.0053
-3.9959,-0.0239,7.2257,-0.0834,-0.0048,-0.0152,-4.7285,-5.8059,4.6519,-0.0528,0.0131,-0.0047
-3.9840,0.0575,7.2353,-0.0810,-0.0116,-0.0083,-4.8004,-5.8347,4.5993,-0.0508,-0.0017,0.0013
-3.9816,0.0694,7.1635,-0.0785,-0.0096,-0.0164,-4.7262,-5.7581,4.5538,-0.0446,0.0037,-0.0032
-4.0270,0.0838,7.1850,-0.0837,0.0032,-0.0195,-4.8195,-5.8155,4.5729,-0.0533,0.0282,-0.0089
-4.0414,0.0958,7.2425,-0.0770,-0.0121,-0.0151,-4.7812,-5.7581,4.6112,-0.0440,0.0040,-0.0011
-4.1037,0.0862,7.1778,-0.0809,-0.0092,-0.0209,-4.8147,-5.8299,4.6232,-0.0488,0.0159,-0.0149
-4.0965,0.0646,7.0485,-0.0775,-0.0161,-0.0127,-4.9009,-5.8514,4.5226,-0.0420,-0.0065,-0.0065
-4.0606,0.0503,7.1060,-0.0742,-0.0361,-0.0027,-4.8052,-5.7772,4.5442,-0.0361,-0.0099,-0.0063
-4.0247,-0.0192,7.1802,-0.0737,-0.0368,0.0048,-4.7716,-5.7820,4.5274,-0.0321,-0.0145,0.0040
-4.0558,0.0503,7.2281,-0.0802,-0.0437,0.0055,-4.7908,-5.7988,4.6184,-0.0354,-0.0088,0.0008
-4.0725,0.1101,7.1395,-0.0911,-0.0662,-0.0115,-4.8052,-5.8490,4.5418,-0.0449,0.0021,0.0015
-3.8858,0.0383,7.1730,-0.0770,0.0172,-0.0268,-4.7405,-5.8490,4.5155,-0.0448,0.0073,-0.0081
-3.9887,0.0335,7.0988,-0.0929,0.0083,-0.0330,-4.7669,-5.7916,4.6519,-0.0685,0.0400,-0.0188
-4.0749,0.0168,7.1754,-0.0845,0.0068,-0.0330,-4.8315,-5.8466,4.5586,-0.0592,0.0324,-0.0144
-4.0677,0.0407,7.1994,-0.0770,0.0036,-0.0304,-4.8315,-5.8730,4.5490,-0.0490,0.0109,-0.0155
-3.9624,0.0527,7.2353,-0.0719,-0.0234,-0.0100,-4.8291,-5.8275,4.6088,-0.0380,-0.0107,-0.0012
-3.9265,0.0718,7.1347,-0.0846,0.0229,-0.0316,-4.6735,-5.7557,4.5849,-0.0618,0.0490,-0.0257
-4.1827,-0.0814,7.2137,-0.0825,0.0179,-0.0421,-4.8818,-6.0334,4.6448,-0.0568,0.0641,-0.0372
-3.9744,-0.0072,7.1826,-0.0689,-0.0200,-0.0365,-4.7740,-5.8538,4.5466,-0.0336,-0.0139,-0.0161
-3.9911,0.0814,7.2425,-0.0894,-0.0124,-0.0229,-4.8530,-5.8012,4.5945,-0.0577,0.0172,-0.0079
-4.1061,0.0646,7.0677,-0.0975,0.0377,-0.0215,-4.8219,-5.8610,4.5538,-0.0845,0.0300,-0.0112
-4.1707,-0.1484,7.2449,-0.0690,-0.0461,0.0020,-4.8483,-5.9640,4.4915,-0.0285,-0.0433,0.0044
-4.0893,0.0239,7.1922,-0.0452,-0.0787,0.0104,-4.7692,-5.8299,4.6088,0.0120,-0.0609,0.0161
-3.9049,0.0527,6.9264,-0.0681,-0.0292,0.0092,-4.7070,-5.7245,4.5466,-0.0274,-0.0300,0.0155
-4.0223,-0.0048,7.0773,-0.0803,-0.0161,0.0005,-4.7908,-5.7772,4.6064,-0.0485,0.0197,-0.0048
-4.0677,-0.0144,7.1706,-0.0659,-0.0640,-0.0031,-4.7429,-5.8538,4.5490,-0.0124,-0.0580,0.0009
-3.9409,0.0838,7.1108,-0.0738,-0.0076,-0.0248,-4.8243,-5.8131,4.6615,-0.0516,0.0662,-0.0300
-4.0534,0.1030,7.1946,-0.0695,0.0001,-0.0310,-4.8530,-5.8586,4.4819,-0.0384,0.0135,-0.0253
-4.1276,0.0048,7.1467,-0.0718,-0.0317,-0.0209,-4.8339,-5.9017,4.6974,-0.0369,0.0498,-0.0136
-3.9863,-0.0335,7.1898,-0.0604,-0.0604,-0.0248,-4.7405,-5.7916,4.6136,-0.0097,-0.0638,0.0081
-3.9552,0.0239,7.2472,-0.0806,-0.0092,-0.0328,-4.7190,-5.7868,4.7333,-0.0482,0.0628,-0.0233
-4.1180,0.0359,7.1778,-0.0882,0.0100,-0.0264,-4.7764,-5.7820,4.6950,-0.0565,0.0192,-0.0135
-4.0462,-0.0096,7.2281,-0.0669,-0.0284,-0.0289,-4.8411,-5.8227,4.5753,-0.0293,-0.0011,-0.0176
-4.0175,0.0263,7.2664,-0.0766,-0.0081,-0.0249,-4.8147,-5.8179,4.5945,-0.0366,-0.0007,-0.0139
-4.0247,0.0048,7.0916,-0.0786,-0.0143,-0.0073,-4.7860,-5.8442,4.5681,-0.0540,-0.0036,0.0047
-4.1683,-0.0072,7.1730,-0.0835,0.0380,-0.0101,-4.8459,-5.8562,4.4772,-0.0731,0.0644,0.0009
-4.0654,-0.0311,7.0964,-0.0670,-0.0293,0.0040,-4.9177,-5.8826,4.5370,-0.0258,-0.0413,0.0076
-3.8618,-0.0527,7.0820,-0.0641,-0.0408,0.0091,-4.7070,-5.8035,4.6160,-0.0213,-0.0622,0.0256
-3.8666,0.0431,7.1563,-0.0822,0.0048,-0.0060,-4.7309,-5.7724,4.6855,-0.0648,0.0175,0.0012
-4.1252,0.0359,7.1682,-0.0903,0.0199,-0.0168,-4.8243,-5.8395,4.5394,-0.0701,0.0401,-0.0055
-4.0725,0.0287,7.2065,-0.0829,-0.0252,-0.0091,-4.8626,-5.9233,4.5681,-0.0378,-0.0129,-0.0041
-4.0390,-0.0024,7.1275,-0.0670,-0.0617,-0.0009,-4.7381,-5.7652,4.5226,-0.0184,-0.0336,0.0033
-3.9911,0.0646,7.1419,-0.0769,-0.0111,-0.0144,-4.7405,-5.7652,4.6352,-0.0532,0.0346,-0.0121
-4.0510,-0.0311,7.2377,-0.0814,-0.0187,-0.0160,-4.7573,-5.8107,4.5753,-0.0454,-0.0049,-0.0035
-4.0031,-0.0335,7.2760,-0.0767,-0.0033,-0.0212,-4.7764,-5.8993,4.5514,-0.0437,0.0080,-0.0059
-3.9600,0.0670,7.2281,-0.0785,0.0004,-0.0225,-4.8387,-5.8371,4.5969,-0.0502,0.0099,-0.0047
-4.0414,0.0144,7.1826,-0.0843,-0.0137,-0.0089,-4.8004,-5.8371,4.6471,-0.0485,-0.0111,0.0020
-4.0342,0.0120,7.2377,-0.0669,0.0032,-0.0167,-4.8554,-5.8323,4.5179,-0.0438,0.0033,0.0027
-4.0270,-0.0120,7.1108,-0.0747,-0.0144,-0.0056,-4.8267,-5.8706,4.5825,-0.0430,-0.0085,0.0027
-4.0749,0.0886,7.2018,-0.0729,-0.0085,-0.0087,-4.7908,-5.8035,4.5394,-0.0402,0.0025,0.0085
-4.0438,0.0239,7.3502,-0.0727,-0.0089,-0.0015,-4.8219,-5.8706,4.6352,-0.0413,-0.0079,0.0093
-3.9792,0.0431,7.1635,-0.0749,-0.0084,-0.0077,-4.7788,-5.8371,4.5418,-0.0421,-0.0117,0.0067
-3.9289,0.1101,7.1347,-0.0778,-0.0111,-0.0133,-4.7860,-5.8419,4.6615,-0.0462,0.0033,-0.0048
-4.0079,0.0239,7.1754,-0.0783,0.0244,-0.0273,-4.6878,-5.7820,4.5538,-0.0581,0.0260,-0.0088
-4.0677,0.0982,7.2065,-0.0741,-0.0011,-0.0218,-4.8866,-5.8682,4.5729,-0.0490,0.0172,-0.0065
-4.0294,0.0503,7.0701,-0.0722,-0.0222,-0.0161,-4.7788,-5.7868,4.5418,-0.0373,-0.0104,0.0027
-4.0151,0.0359,7.1443,-0.0741,-0.0075,-0.0156,-4.8243,-5.8419,4.5729,-0.0425,0.0095,0.0043
-3.9840,0.0527,7.2233,-0.0787,0.0085,-0.0224,-4.7980,-5.8442,4.6352,-0.0481,0.0217,-0.0048
-4.0342,-0.0551,7.1012,-0.0805,-0.0205,-0.0084,-4.7884,-5.8562,4.5705,-0.0402,-0.0105,0.0012
-4.0366,0.0551,7.0868,-0.0766,-0.0175,-0.0133,-4.7597,-5.8275,4.5586,-0.0458,0.0023,-0.0047
-4.0390,0.0575,7.1682,-0.0845,-0.0212,-0.0093,-4.8219,-5.8586,4.6495,-0.0424,-0.0189,0.0023
-3.9935,0.0215,7.1682,-0.0809,-0.0073,-0.0148,-4.7357,-5.8562,4.5993,-0.0542,0.0201,-0.0109
-4.0342,0.0718,7.1419,-0.0793,-0.0127,-0.0099,-4.8411,-5.7724,4.5705,-0.0425,-0.0153,0.0041
-3.9911,0.0599,7.2137,-0.0759,0.0032,-0.0113,-4.7740,-5.8897,4.6088,-0.0514,0.0246,-0.0059
-4.0127,0.0120,7.2089,-0.0819,0.0079,-0.0161,-4.8243,-5.8323,4.6136,-0.0525,0.0005,-0.0023
-4.0366,0.0742,7.1994,-0.0793,-0.0184,-0.0121,-4.7980,-5.8323,4.5921,-0.0452,-0.0039,-0.0024
-4.0151,0.0000,7.2137,-0.0793,-0.0080,-0.0148,-4.8123,-5.7844,4.5753,-0.0492,0.0139,-0.0105
-4.0318,0.0239,7.1108,-0.0831,0.0035,-0.0171,-4.8147,-5.8466,4.6136,-0.0618,0.0167,-0.0064
-4.0510,-0.0072,7.1946,-0.0882,0.0016,-0.0087,-4.7597,-5.8610,4.5418,-0.0573,0.0028,-0.0015
-3.9744,-0.0192,7.1347,-0.0758,-0.0325,0.0013,-4.8602,-5.8371,4.5226,-0.0418,-0.0133,0.0033
-4.0175,0.0144,7.2018,-0.0793,-0.0061,-0.0095,-4.7908,-5.8251,4.5298,-0.0500,0.0199,-0.0105
-4.0270,0.0335,7.2425,-0.0782,-0.0237,-0.0061,-4.7190,-5.8490,4.6639,-0.0360,-0.0296,0.0020
-4.0151,0.0096,7.1922,-0.0798,-0.0153,-0.0165,-4.7788,-5.7772,4.6040,-0.0445,0.0077,-0.0096
-4.0869,0.0575,7.1826,-0.0769,-0.0204,-0.0115,-4.8147,-5.8035,4.5681,-0.0389,-0.0084,-0.0047
-4.0318,0.0072,7.1539,-0.0721,-0.0076,-0.0157,-4.8578,-5.8586,4.5729,-0.0412,0.0119,-0.0049
-4.0486,0.0335,7.2784,-0.0755,-0.0241,-0.0115,-4.8052,-5.8490,4.5657,-0.0360,-0.0077,-0.0055
-4.0079,0.0096,7.1730,-0.0798,-0.0119,-0.0107,-4.8459,-5.8514,4.6208,-0.0416,0.0020,-0.0036
-3.9935,0.0599,7.1108,-0.0775,-0.0001,-0.0163,-4.8554,-5.7652,4.5394,-0.0449,-0.0007,0.0016
-4.0534,-0.0096,7.2472,-0.0797,-0.0020,-0.0153,-4.8626,-5.8730,4.5825,-0.0496,0.0097,-0.0045
-4.0199,0.0120,7.1228,-0.0770,-0.0167,-0.0141,-4.7908,-5.8490,4.6232,-0.0385,-0.0241,0.0025
-3.9672,0.0527,7.1395,-0.0779,-0.0445,-0.0069,-4.7429,-5.7724,4.6280,-0.0348,-0.0163,0.0003
-4.0558,0.0383,7.2401,-0.0790,-0.0132,-0.0125,-4.8530,-5.8012,4.6208,-0.0485,0.0173,-0.0059
-4.0606,0.0048,7.1874,-0.0771,0.0032,-0.0161,-4.8291,-5.8299,4.6591,-0.0474,0.0143,-0.0037
-3.9911,0.0814,7.2042,-0.0735,-0.0131,-0.0135,-4.7740,-5.8993,4.6304,-0.0482,0.0011,-0.0025
-4.0055,-0.0455,7.0533,-0.0786,0.0033,-0.0274,-4.7908,-5.8035,4.5873,-0.0609,-0.0028,-0.0120
-4.0486,-0.0120,7.1635,-0.0779,-0.0056,-0.0184,-4.8985,-5.8155,4.5059,-0.0498,0.0104,-0.0101
-4.0414,0.0096,7.1850,-0.0670,-0.0269,-0.0089,-4.7764,-5.7868,4.5346,-0.0325,-0.0115,0.0008
-4.0797,0.0646,7.2472,-0.0687,-0.0019,-0.0143,-4.8267,-5.8610,4.5514,-0.0437,0.0314,-0.0037
-4.0151,0.0479,7.2305,-0.0779,-0.0218,-0.0093,-4.8147,-5.8179,4.5107,-0.0348,-0.0215,0.0084
-4.0318,-0.0024,7.1204,-0.0754,0.0040,-0.0208,-4.7788,-5.8442,4.5538,-0.0478,0.0063,-0.0076
-4.0151,0.0335,7.0557,-0.0790,-0.0145,-0.0203,-4.7764,-5.8012,4.5969,-0.0477,0.0033,-0.0128
-4.1084,-0.0934,7.1132,-0.0757,-0.0119,-0.0237,-4.8698,-5.9209,4.5993,-0.0476,0.0163,-0.0091
-3.9217,0.0072,7.0629,-0.0893,-0.0141,-0.0213,-4.6759,-5.7724,4.6088,-0.0548,-0.0129,-0.0136
-4.0103,0.0694,7.1611,-0.0933,-0.0077,-0.0169,-4.8195,-5.8490,4.5825,-0.0655,0.0083,-0.0043
-4.1324,-0.0215,7.2161,-0.0878,0.0033,-0.0156,-4.9321,-5.9927,4.5945,-0.0541,0.0155,-0.0088
-4.0414,-0.0359,7.2018,-0.0661,-0.0316,-0.0104,-4.7836,-5.9137,4.6184,-0.0274,-0.0088,-0.0093
-3.8834,-0.0359,7.2042,-0.0622,-0.0091,-0.0123,-4.7214,-5.8371,4.5155,-0.0400,0.0140,-0.0083
-4.0797,0.0934,7.1491,-0.0750,0.0266,-0.0230,-4.8937,-5.7820,4.5394,-0.0585,0.0221,-0.0141
-4.0893,-0.0048,7.2042,-0.0795,-0.0226,-0.0119,-4.7621,-5.8778,4.5969,-0.0398,-0.0033,-0.0020
-3.9744,0.0072,7.1874,-0.0755,-0.0108,-0.0185,-4.8004,-5.8155,4.5586,-0.0442,0.0151,-0.0053
-4.0414,0.0742,7.1395,-0.0895,0.0091,-0.0234,-4.8147,-5.8012,4.5586,-0.0614,0.0232,-0.0079
-4.0582,0.0192,7.1682,-0.0934,0.0028,-0.0128,-4.8076,-5.8706,4.5801,-0.0610,0.0056,-0.0039
-4.1013,-0.0192,7.1132,-0.0815,-0.0115,-0.0112,-4.7956,-5.9089,4.5969,-0.0470,0.0051,-0.0021
-4.0893,0.0024,7.1658,-0.0722,-0.0222,-0.0064,-4.8770,-5.8945,4.5155,-0.0377,-0.0079,0.0031
-4.0677,0.0407,7.1754,-0.0766,0.0057,-0.0076,-4.8363,-5.8179,4.5179,-0.0530,0.0068,0.0015
-4.0725,-0.0048,7.1850,-0.0735,-0.0211,-0.0059,-4.8387,-5.8490,4.5346,-0.0382,-0.0139,0.0036
-3.9361,0.1077,7.1012,-0.0811,-0.0095,-0.0115,-4.7118,-5.7820,4.5705,-0.0484,0.0049,-0.0044
-3.9863,-0.0263,7.1994,-0.0877,-0.0020,-0.0124,-4.7980,-5.8634,4.5274,-0.0572,0.0056,-0.0099
-4.1013,-0.0455,7.1635,-0.0810,-0.0228,-0.0201,-4.8339,-5.8730,4.5610,-0.0357,-0.0003,-0.0080
-3.9911,-0.0359,7.1108,-0.0707,-0.0325,-0.0156,-4.6663,-5.7724,4.6663,-0.0313,-0.0033,-0.0024
-4.0773,0.0910,7.0413,-0.0781,0.0016,-0.0215,-4.8339,-5.8419,4.5131,-0.0520,0.0196,-0.0061
-4.0869,-0.0072,7.1658,-0.0806,0.0036,-0.0195,-4.9249,-5.8586,4.5107,-0.0508,0.0151,-0.0001
-4.1444,0.0215,7.1156,-0.0714,-0.0282,-0.0103,-4.8076,-5.8873,4.5035,-0.0308,-0.0093,-0.0004
-4.0558,-0.0024,7.0485,-0.0612,-0.0306,-0.0099,-4.7812,-5.8083,4.4819,-0.0302,-0.0131,0.0005
-3.9887,-0.0383,7.1012,-0.0742,0.0044,-0.0180,-4.8147,-5.8586,4.6974,-0.0522,0.0125,-0.0035
-4.0342,0.0407,7.1491,-0.0783,-0.0069,-0.0127,-4.8339,-5.8347,4.5921,-0.0489,0.0045,-0.0036
-4.0007,0.0168,7.1922,-0.0773,-0.0137,-0.0172,-4.8076,-5.8251,4.5801,-0.0429,0.0053,-0.0021
-4.0270,-0.0072,7.2472,-0.0823,-0.0132,-0.0201,-4.7262,-5.8227,4.5394,-0.0405,0.0024,0.0000
-4.0366,0.0335,7.1180,-0.0854,0.0020,-0.0203,-4.8554,-5.8849,4.6376,-0.0464,0.0096,-0.0061
-4.0438,0.0168,7.2496,-0.0718,-0.0049,-0.0188,-4.8171,-5.8682,4.6543,-0.0413,0.0052,-0.0120
-4.0223,-0.0096,7.1395,-0.0713,-0.0334,-0.0100,-4.8147,-5.8251,4.5226,-0.0329,-0.0196,-0.0081
-3.9983,-0.0239,7.1060,-0.0727,-0.0404,-0.0109,-4.8100,-5.7988,4.5753,-0.0256,-0.0218,-0.0011
-4.0151,0.0239,7.1084,-0.0686,-0.0165,-0.0187,-4.8554,-5.8562,4.5969,-0.0358,0.0052,-0.0004
-4.0127,-0.0910,7.1347,-0.0753,-0.0089,-0.0169,-4.7836,-5.8897,4.6448,-0.0434,0.0136,-0.0069
-4.0510,-0.0455,7.1275,-0.0774,-0.0052,-0.0250,-4.8267,-5.8299,4.5131,-0.0516,0.0153,-0.0129
-4.0079,0.0383,7.2257,-0.0795,-0.0233,-0.0183,-4.7645,-5.8179,4.6855,-0.0456,-0.0041,-0.0115
-4.0510,-0.0359,7.1658,-0.0883,-0.0132,-0.0143,-4.8650,-5.9089,4.6519,-0.0536,-0.0003,-0.0113
-4.0462,-0.0455,7.1012,-0.0731,-0.0108,-0.0152,-4.8076,-5.9065,4.5993,-0.0478,-0.0063,-0.0015
-4.0701,0.0000,7.1323,-0.0719,-0.0394,-0.0064,-4.8100,-5.8107,4.5729,-0.0342,-0.0149,0.0040
-3.9911,0.0096,7.2257,-0.0714,-0.0212,-0.0096,-4.7956,-5.8035,4.5586,-0.0386,-0.0057,0.0055
-4.0031,0.0072,7.2401,-0.0790,-0.0033,-0.0148,-4.8028,-5.8658,4.5897,-0.0493,0.0121,-0.0013
-4.0438,0.0072,7.1228,-0.0755,-0.0132,-0.0117,-4.8746,-5.8371,4.5993,-0.0406,0.0001,0.0040
-4.0318,0.0168,7.1323,-0.0681,-0.0180,-0.0125,-4.7836,-5.8179,4.5394,-0.0352,0.0004,0.0001
-3.9648,-0.0096,7.1515,-0.0766,-0.0195,-0.0125,-4.7980,-5.8802,4.5179,-0.0362,-0.0051,0.0003
-3.9959,0.0144,7.2065,-0.0702,-0.0167,-0.0145,-4.7716,-5.8730,4.6519,-0.0344,0.0053,-0.0008
-3.9959,0.0742,7.1323,-0.0686,-0.0356,-0.0155,-4.8195,-5.8730,4.6424,-0.0192,-0.0029,-0.0025
-3.9911,0.0000,7.1706,-0.0801,-0.0354,-0.0116,-4.8171,-5.8107,4.6328,-0.0341,-0.0167,0.0028
-4.0294,0.0072,7.1611,-0.0695,-0.0040,-0.0188,-4.7740,-5.8107,4.5657,-0.0433,0.0059,0.0053
-3.9840,0.0551,7.2640,-0.0746,-0.0113,-0.0101,-4.7669,-5.8921,4.4843,-0.0454,-0.0033,0.0011
-3.9816,0.0000,7.2449,-0.0814,-0.0088,-0.0099,-4.8052,-5.8466,4.6687,-0.0437,-0.0041,-0.0004
-4.0366,0.0096,7.1706,-0.0770,-0.0175,-0.0055,-4.7716,-5.8945,4.5849,-0.0422,-0.0127,0.0035
-3.9576,0.0670,7.1491,-0.0769,-0.0028,-0.0072,-4.7740,-5.8131,4.6088,-0.0456,0.0053,0.0028
-4.0845,-0.0072,7.1730,-0.0733,-0.0225,-0.0191,-4.8100,-5.8083,4.6400,-0.0420,-0.0047,-0.0061
-4.0127,0.0311,7.1850,-0.0766,0.0035,-0.0173,-4.7573,-5.8419,4.6232,-0.0464,0.0159,-0.0064
-3.9792,0.0742,7.1563,-0.0734,-0.0211,-0.0055,-4.8842,-5.8897,4.6280,-0.0286,-0.0095,-0.0016
-3.9911,-0.0072,7.2544,-0.0783,-0.0187,-0.0116,-4.7166,-5.8562,4.7190,-0.0392,-0.0068,-0.0032
-3.8930,-0.0024,7.1012,-0.0662,-0.0244,-0.0155,-4.7405,-5.7150,4.6495,-0.0418,-0.0192,0.0005
-3.9816,0.0766,7.3167,-0.0955,0.0229,-0.0290,-4.9440,-5.8706,4.6160,-0.0645,0.0426,-0.0123
-4.0701,-0.0024,7.1108,-0.0779,-0.0031,-0.0236,-4.8363,-5.7988,4.5562,-0.0474,0.0229,-0.0081
-4.0366,0.0144,7.2568,-0.0699,-0.0125,-0.0193,-4.8363,-5.7964,4.6208,-0.0406,0.0117,-0.0040
-4.0103,-0.0072,7.1754,-0.0721,-0.0145,-0.0045,-4.7238,-5.8610,4.6567,-0.0453,-0.0083,-0.0001
-3.9720,0.1173,7.2065,-0.0805,-0.0064,-0.0043,-4.8123,-5.8442,4.5849,-0.0457,0.0005,0.0077
-4.0869,0.0192,7.1611,-0.0809,-0.0025,-0.0012,-4.8507,-5.8227,4.5250,-0.0549,-0.0020,0.0113
-3.9313,-0.0096,7.3047,-0.0648,-0.0413,0.0060,-4.7740,-5.9041,4.6280,-0.0241,-0.0320,0.0099
-3.8954,0.1006,7.1299,-0.0781,-0.0180,-0.0019,-4.6639,-5.7126,4.5586,-0.0462,-0.0096,0.0008
-3.8690,0.0934,7.2568,-0.0793,-0.0244,-0.0192,-4.7860,-5.7772,4.6376,-0.0430,-0.0044,-0.0043
-4.0510,0.0096,7.1994,-0.0850,-0.0029,-0.0244,-4.8650,-5.7221,4.6567,-0.0580,0.0215,-0.0152
-3.9480,-0.0048,7.0653,-0.0802,-0.0144,-0.0290,-4.7309,-5.7413,4.6543,-0.0520,0.0120,-0.0175
-4.0462,0.0407,7.2353,-0.0855,-0.0208,-0.0127,-4.8770,-5.8131,4.5993,-0.0441,0.0039,-0.0095
-4.0031,-0.0838,7.1730,-0.0774,-0.0217,-0.0091,-4.7621,-5.9041,4.5179,-0.0448,-0.0089,-0.0045
-4.0294,0.0335,7.2353,-0.0701,-0.0003,-0.0084,-4.8674,-5.7916,4.6280,-0.0412,0.0028,0.0101
-4.0270,0.0311,7.1922,-0.0717,-0.0204,0.0061,-4.9033,-5.9041,4.5681,-0.0310,-0.0148,0.0143
-4.0199,-0.0311,7.2257,-0.0634,-0.0334,0.0216,-4.8267,-5.8299,4.6424,-0.0300,-0.0461,0.0340
-3.8786,0.1006,7.0749,-0.0638,0.0016,0.0068,-4.7142,-5.7245,4.6088,-0.0409,-0.0232,0.0277
-3.9935,0.0646,7.2472,-0.0795,-0.0077,-0.0096,-4.7118,-5.7581,4.6448,-0.0464,0.0072,-0.0051
-3.9720,0.0287,7.1826,-0.0801,0.0103,-0.0175,-4.7860,-5.7245,4.7238,-0.0525,0.0201,-0.0115
-4.0390,0.0215,7.2305,-0.0698,-0.0061,-0.0199,-4.8363,-5.8442,4.5753,-0.0338,0.0120,-0.0124
-3.9217,0.0622,7.2018,-0.0597,-0.0324,-0.0128,-4.8363,-5.8299,4.6591,-0.0205,-0.0140,-0.0052
-3.9002,0.1389,7.2401,-0.0831,-0.0025,-0.0175,-4.7860,-5.7652,4.6567,-0.0541,0.0064,-0.0028
-3.9648,-0.0335,7.1898,-0.0875,0.0213,-0.0200,-4.7956,-5.7940,4.5993,-0.0661,0.0281,-0.0135
-4.0247,0.0335,7.2832,-0.0726,-0.0073,-0.0144,-4.9464,-5.8155,4.6615,-0.0336,-0.0032,0.0012
-4.0055,0.0622,7.1323,-0.0741,-0.0364,-0.0064,-4.8052,-5.8012,4.7190,-0.0313,-0.0165,0.0036
-3.9863,0.0215,7.1347,-0.0733,-0.0031,-0.0204,-4.7573,-5.7844,4.5514,-0.0492,0.0181,-0.0052
-4.0031,0.0407,7.2065,-0.0770,-0.0203,-0.0103,-4.8219,-5.8610,4.6352,-0.0426,-0.0111,0.0015
-3.9361,0.0383,7.2305,-0.0735,-0.0181,-0.0129,-4.7669,-5.8227,4.6759,-0.0397,0.0024,-0.0036
-4.0318,0.0311,7.2161,-0.0733,-0.0017,-0.0191,-4.7692,-5.7892,4.6328,-0.0425,0.0137,-0.0017
-4.0031,0.0455,7.2305,-0.0829,0.0036,-0.0129,-4.8507,-5.8562,4.6759,-0.0541,0.0153,-0.0029
-4.0270,0.0527,7.1132,-0.0770,-0.0136,-0.0125,-4.7381,-5.7269,4.6232,-0.0460,-0.0036,-0.0047
-4.0606,0.0742,7.1299,-0.0743,-0.0071,-0.0181,-4.7525,-5.7748,4.5514,-0.0477,0.0063,-0.0065
-3.9959,0.0622,7.2161,-0.0813,-0.0195,-0.0065,-4.8339,-5.8155,4.6448,-0.0437,-0.0048,0.0013
-3.9816,0.0479,7.1443,-0.0721,-0.0059,-0.0163,-4.8147,-5.8131,4.6400,-0.0429,0.0039,-0.0008
-4.0199,0.0359,7.1635,-0.0749,-0.0137,-0.0108,-4.7309,-5.7581,4.6088,-0.0408,-0.0007,-0.0009
-3.9696,0.0431,7.2209,-0.0781,-0.0121,-0.0136,-4.8243,-5.8371,4.6304,-0.0433,0.0053,-0.0045
-3.8858,0.1149,7.1611,-0.0778,-0.0141,-0.0145,-4.7285,-5.7892,4.6256,-0.0476,-0.0055,-0.0100
-3.9361,0.0096,7.1658,-0.0718,-0.0100,-0.0156,-4.7381,-5.7772,4.5993,-0.0501,0.0036,-0.0109
-3.9792,0.0383,7.2185,-0.0786,-0.0084,-0.0151,-4.7956,-5.7988,4.7549,-0.0457,0.0031,-0.0051
-4.0318,0.0599,7.2209,-0.0811,-0.0304,-0.0033,-4.8435,-5.7581,4.7022,-0.0418,-0.0129,-0.0035
-4.0127,0.0215,7.2042,-0.0767,-0.0348,-0.0088,-4.7908,-5.8155,4.5969,-0.0400,-0.0103,-0.0016
-3.9792,0.0287,7.2233,-0.0801,0.0059,-0.0175,-4.8387,-5.8706,4.6352,-0.0520,0.0145,-0.0079
-3.9217,-0.0263,7.1299,-0.0714,-0.0209,-0.0127,-4.7190,-5.7557,4.6998,-0.0388,-0.0049,-0.0047
-4.0151,0.0886,7.1228,-0.0747,-0.0041,-0.0172,-4.7860,-5.7533,4.5394,-0.0458,0.0104,-0.0049
-4.0223,-0.0215,7.1539,-0.0743,-0.0103,-0.0168,-4.7645,-5.8466,4.6280,-0.0468,0.0049,-0.0045
-3.9265,-0.0072,7.1874,-0.0803,-0.0270,-0.0075,-4.8243,-5.7557,4.6304,-0.0456,-0.0029,-0.0001
-3.9289,0.0263,7.1467,-0.0801,0.0128,-0.0217,-4.7501,-5.7964,4.6088,-0.0524,0.0330,-0.0109
-4.0007,0.0646,7.2281,-0.0769,-0.0175,-0.0135,-4.9177,-5.9161,4.5274,-0.0429,-0.0045,-0.0011
-3.9720,-0.0311,7.1491,-0.0751,-0.0449,-0.0013,-4.7549,-5.7844,4.6136,-0.0305,-0.0218,0.0033
-3.9720,0.0646,7.1347,-0.0743,-0.0159,-0.0100,-4.8291,-5.7844,4.6352,-0.0433,0.0012,-0.0051
-3.9241,0.0718,7.1156,-0.0809,-0.0199,-0.0115,-4.7932,-5.7485,4.6519,-0.0488,-0.0077,0.0000
-3.9217,-0.0024,7.1275,-0.0863,0.0009,-0.0253,-4.8123,-5.7844,4.6064,-0.0582,0.0211,-0.0124
-3.9887,0.1149,7.2544,-0.0823,0.0151,-0.0337,-4.8483,-5.7533,4.6400,-0.0598,0.0300,-0.0199
-3.9768,0.0096,7.2065,-0.0835,0.0012,-0.0288,-4.8363,-5.8251,4.6136,-0.0594,0.0135,-0.0135
-4.0294,0.0455,7.1898,-0.0855,0.0123,-0.0196,-4.8411,-5.8275,4.6495,-0.0586,0.0180,-0.0091
-4.1013,-0.0215,7.2161,-0.0693,-0.0381,-0.0060,-4.8698,-5.8826,4.6040,-0.0274,-0.0224,0.0017
-3.9121,0.0335,7.1802,-0.0697,-0.0257,-0.0103,-4.7549,-5.7365,4.6088,-0.0326,-0.0123,0.0011
-4.0390,0.0982,7.3023,-0.0883,0.0059,-0.0125,-4.8243,-5.7892,4.6448,-0.0601,0.0100,-0.0040
-3.9959,0.0024,7.1730,-0.0805,0.0096,-0.0184,-4.7956,-5.8586,4.6567,-0.0542,0.0160,-0.0008
-4.0007,0.0024,7.0988,-0.0685,-0.0133,-0.0203,-4.7956,-5.8562,4.6088,-0.0457,0.0092,-0.0141
-3.9840,-0.0431,7.1012,-0.0774,-0.0185,-0.0225,-4.8363,-5.8179,4.5179,-0.0481,0.0081,-0.0084
-3.9121,0.0455,7.2089,-0.0797,-0.0119,-0.0093,-4.7788,-5.8251,4.6160,-0.0453,0.0000,-0.0012
-4.0390,0.0503,7.1706,-0.0786,-0.0188,-0.0019,-4.8483,-5.7868,4.5059,-0.0402,-0.0080,-0.0003
-3.9720,0.0838,7.1563,-0.0731,-0.0173,-0.0069,-4.8339,-5.8323,4.6160,-0.0345,0.0025,0.0036
-3.9696,0.0192,7.1635,-0.0689,-0.0245,-0.0096,-4.7166,-5.8179,4.5777,-0.0394,-0.0021,-0.0047
-3.9241,0.0120,7.1850,-0.0785,-0.0104,-0.0092,-4.7980,-5.8059,4.6471,-0.0481,0.0003,-0.0031
-4.0007,0.0120,7.1706,-0.0813,-0.0167,-0.0119,-4.7788,-5.8562,4.6615,-0.0440,-0.0107,-0.0065
-3.9720,-0.0359,7.1587,-0.0723,-0.0084,-0.0205,-4.7525,-5.7724,4.6495,-0.0401,0.0075,-0.0033
-3.9935,0.0144,7.1850,-0.0810,-0.0220,-0.0187,-4.8483,-5.8730,4.7142,-0.0448,0.0007,-0.0019
-3.9456,0.0862,7.1443,-0.0807,-0.0081,-0.0127,-4.7932,-5.7389,4.6136,-0.0481,0.0076,-0.0045
-4.0558,0.0742,7.1515,-0.0750,0.0001,-0.0164,-4.8171,-5.8131,4.5729,-0.0469,0.0060,-0.0073
-3.9840,-0.0048,7.2832,-0.0749,-0.0316,-0.0085,-4.8100,-5.8682,4.6280,-0.0309,-0.0185,0.0017
-3.9840,0.0742,7.2257,-0.0799,-0.0189,-0.0108,-4.7573,-5.7988,4.6855,-0.0406,-0.0105,-0.0027
-3.9528,0.0383,7.1874,-0.0823,0.0021,-0.0092,-4.7908,-5.7365,4.5969,-0.0561,0.0084,-0.0060
-4.0318,-0.0239,7.1754,-0.0719,-0.0164,-0.0124,-4.8674,-5.8203,4.6088,-0.0408,-0.0025,-0.0004
-3.9935,0.0646,7.2544,-0.0793,-0.0312,-0.0047,-4.7501,-5.8203,4.6998,-0.0358,-0.0148,-0.0003
-3.9002,0.0718,7.1371,-0.0810,0.0069,-0.0153,-4.8076,-5.7150,4.6040,-0.0557,0.0151,-0.0073
-3.9552,0.0000,7.1706,-0.0822,-0.0135,-0.0060,-4.8076,-5.8012,4.5873,-0.0466,0.0008,0.0009
-3.9744,0.0646,7.1395,-0.0735,-0.0120,-0.0168,-4.8147,-5.8323,4.5298,-0.0392,0.0047,-0.0076
-3.9983,0.0072,7.1563,-0.0777,-0.0123,-0.0149,-4.8243,-5.7988,4.6926,-0.0460,0.0035,-0.0017
-4.0127,-0.0239,7.2089,-0.0813,-0.0049,-0.0160,-4.8195,-5.8155,4.5849,-0.0529,0.0125,-0.0088
-4.0318,0.0575,7.2065,-0.0857,-0.0132,-0.0116,-4.8147,-5.7437,4.6088,-0.0468,0.0027,-0.0085
-4.0606,-0.0383,7.1323,-0.0801,-0.0209,-0.0151,-4.8243,-5.8131,4.6352,-0.0397,-0.0028,-0.0059
-4.0534,0.0766,7.1251,-0.0729,-0.0179,-0.0160,-4.7812,-5.8395,4.6088,-0.0409,0.0068,-0.0077
-4.0031,-0.0120,7.2927,-0.0778,-0.0179,-0.0104,-4.8315,-5.8179,4.6136,-0.0436,-0.0011,-0.0023
-3.9409,0.0742,7.2137,-0.0746,-0.0195,-0.0063,-4.7645,-5.8107,4.6328,-0.0421,-0.0025,-0.0027
-4.0103,-0.0192,7.1994,-0.0727,-0.0224,-0.0096,-4.7573,-5.7964,4.5825,-0.0329,-0.0108,-0.0029
-3.9576,0.0215,7.1539,-0.0726,-0.0233,-0.0145,-4.7405,-5.7748,4.5586,-0.0352,-0.0005,-0.0041
-3.9073,0.0120,7.1778,-0.0751,-0.0097,-0.0101,-4.8123,-5.7844,4.6280,-0.0454,0.0079,-0.0024
-4.0151,0.0215,7.1850,-0.0766,-0.0143,-0.0155,-4.8052,-5.8131,4.5921,-0.0437,0.0039,-0.0063
-3.9409,0.0024,7.1802,-0.0745,-0.0131,-0.0144,-4.8339,-5.8179,4.6974,-0.0413,-0.0019,-0.0055
-3.9504,0.0814,7.1347,-0.0769,0.0104,-0.0216,-4.7597,-5.7413,4.6352,-0.0541,0.0212,-0.0141
-4.0199,0.0048,7.1706,-0.0779,-0.0151,-0.0120,-4.8171,-5.7796,4.5825,-0.0440,0.0017,-0.0076
-3.9528,0.0239,7.2018,-0.0725,-0.0193,-0.0172,-4.7692,-5.7533,4.6376,-0.0344,-0.0015,-0.0064
-3.9289,0.0383,7.1563,-0.0755,-0.0161,-0.0155,-4.7716,-5.7772,4.5873,-0.0420,0.0012,-0.0020
-4.0007,0.0239,7.1994,-0.0783,-0.0011,-0.0189,-4.7908,-5.7796,4.5538,-0.0542,0.0163,-0.0087
-3.9648,-0.0455,7.1994,-0.0765,-0.0252,-0.0088,-4.8507,-5.8562,4.5394,-0.0342,-0.0015,-0.0012
-3.9768,0.0096,7.2329,-0.0725,-0.0083,-0.0159,-4.8195,-5.7389,4.6136,-0.0429,0.0139,-0.0055
-3.9935,0.0335,7.0797,-0.0751,-0.0225,-0.0055,-4.7669,-5.8012,4.5322,-0.0369,-0.0095,-0.0004
-4.0318,0.0215,7.1611,-0.0794,-0.0097,-0.0108,-4.8291,-5.7126,4.5945,-0.0430,-0.0024,-0.0028
-4.0055,0.0215,7.0557,-0.0730,-0.0222,-0.0096,-4.7333,-5.7820,4.5466,-0.0428,-0.0067,-0.0017
-3.9504,-0.0335,7.3047,-0.0754,-0.0192,-0.0115,-4.7525,-5.7628,4.6448,-0.0438,-0.0017,-0.0009
-3.9025,0.0215,7.2137,-0.0837,0.0025,-0.0175,-4.8195,-5.7724,4.6208,-0.0574,0.0091,-0.0036
-4.0127,0.0024,7.1563,-0.0770,0.0021,-0.0230,-4.7597,-5.7221,4.5729,-0.0520,0.0193,-0.0052
-3.9792,0.0455,7.2903,-0.0698,0.0076,-0.0220,-4.8171,-5.7916,4.7788,-0.0424,0.0136,-0.0053
-4.0270,0.0455,7.1754,-0.0799,-0.0099,-0.0105,-4.7788,-5.8442,4.6088,-0.0460,0.0019,-0.0015
-3.9863,0.0551,7.2425,-0.0750,-0.0456,-0.0037,-4.8076,-5.7724,4.5226,-0.0305,-0.0272,0.0040
-3.9672,0.0431,7.2472,-0.0723,0.0123,-0.0217,-4.7764,-5.8059,4.6088,-0.0421,0.0205,-0.0028
-3.9720,0.0168,7.1754,-0.0790,-0.0108,-0.0092,-4.8219,-5.7772,4.6591,-0.0493,0.0059,-0.0025
-4.0199,0.0814,7.1060,-0.0753,0.0059,-0.0179,-4.7860,-5.7652,4.6567,-0.0505,0.0165,-0.0025
-3.9576,0.0335,7.2281,-0.0758,-0.0297,-0.0084,-4.7860,-5.8682,4.6519,-0.0317,-0.0164,0.0019
-3.9361,0.0359,7.1371,-0.0817,-0.0345,-0.0057,-4.8483,-5.7844,4.6926,-0.0397,-0.0159,-0.0015
-4.0175,0.0742,7.1754,-0.0767,0.0097,-0.0156,-4.7740,-5.7317,4.5777,-0.0558,0.0232,0.0005
-4.0007,0.0646,7.1395,-0.0790,0.0099,-0.0192,-4.8387,-5.8155,4.5897,-0.0528,0.0236,-0.0053
-3.9887,0.0527,7.2401,-0.0795,-0.0193,-0.0096,-4.8171,-5.7916,4.6471,-0.0440,-0.0047,-0.0048
-4.0079,-0.0239,7.1084,-0.0774,-0.0136,-0.0127,-4.7884,-5.7724,4.6376,-0.0482,-0.0015,-0.0071
-3.9863,0.0886,7.2664,-0.0771,-0.0113,-0.0080,-4.7932,-5.7365,4.6064,-0.0476,-0.0043,-0.0013
-4.0103,0.0287,7.1012,-0.0733,-0.0171,-0.0077,-4.8147,-5.8203,4.6208,-0.0412,0.0007,-0.0020
-4.0007,0.0407,7.1706,-0.0739,-0.0052,-0.0136,-4.7238,-5.8299,4.7285,-0.0457,0.0132,-0.0048
-3.9816,0.0144,7.1754,-0.0781,-0.0252,-0.0063,-4.7764,-5.7868,4.7262,-0.0330,-0.0132,0.0055
-4.0390,0.0096,7.1228,-0.0798,-0.0083,-0.0155,-4.6878,-5.7844,4.6280,-0.0461,0.0057,-0.0045
-3.9624,0.0790,7.2185,-0.0751,-0.0071,-0.0159,-4.7980,-5.7964,4.5442,-0.0425,0.0025,-0.0031
-4.0175,0.0551,7.2951,-0.0781,-0.0248,-0.0129,-4.7525,-5.7796,4.7094,-0.0374,-0.0097,-0.0031
-3.9672,0.0479,7.1778,-0.0786,0.0012,-0.0189,-4.8076,-5.7604,4.6471,-0.0498,0.0127,-0.0048
-4.0103,-0.0048,7.1850,-0.0786,0.0005,-0.0185,-4.8387,-5.8203,4.5586,-0.0536,0.0180,-0.0083
-4.1013,-0.0431,7.2377,-0.0749,-0.0209,-0.0129,-4.8770,-5.9113,4.6064,-0.0401,-0.0081,0.0005
-3.9337,-0.0120,7.2449,-0.0745,-0.0120,-0.0116,-4.7669,-5.7868,4.6400,-0.0498,-0.0016,-0.0048
-3.9720,0.0263,7.2113,-0.0731,-0.0052,-0.0160,-4.7836,-5.8323,4.5729,-0.0514,0.0051,-0.0103
-3.9696,-0.0239,7.1946,-0.0733,-0.0306,-0.0043,-4.8195,-5.8059,4.5801,-0.0345,-0.0168,0.0049
-3.9983,0.0622,7.1994,-0.0731,-0.0048,-0.0117,-4.7285,-5.7844,4.6304,-0.0429,0.0103,-0.0025
-4.0270,0.0886,7.1850,-0.0814,-0.0012,-0.0152,-4.8052,-5.8179,4.7166,-0.0512,0.0099,0.0000
-3.9049,0.0359,7.1180,-0.0707,-0.0245,-0.0119,-4.8052,-5.7652,4.5825,-0.0378,-0.0061,-0.0005
-3.9552,0.0192,7.2425,-0.0734,-0.0036,-0.0135,-4.7669,-5.7293,4.6208,-0.0472,0.0035,-0.0080
-3.9600,0.0742,7.1826,-0.0819,-0.0199,-0.0059,-4.8195,-5.8107,4.5681,-0.0473,-0.0079,-0.0023
-3.9744,0.0239,7.1898,-0.0787,-0.0023,-0.0181,-4.7166,-5.8227,4.5849,-0.0468,0.0081,-0.0073
-4.0270,0.1030,7.1658,-0.0774,-0.0135,-0.0147,-4.8435,-5.8754,4.6759,-0.0389,0.0023,0.0003
-3.9672,-0.0263,7.1275,-0.0773,-0.0308,-0.0175,-4.6735,-5.7940,4.5370,-0.0405,-0.0008,0.0004
-4.0055,0.0359,7.2089,-0.0769,-0.0035,-0.0153,-4.8746,-5.7868,4.6112,-0.0422,0.0041,-0.0031
-3.9863,-0.0311,7.0988,-0.0810,-0.0168,-0.0093,-4.7692,-5.7533,4.5993,-0.0412,-0.0033,0.0023
-4.0270,0.0144,7.1874,-0.0722,-0.0028,-0.0152,-4.7908,-5.8012,4.6567,-0.0362,0.0061,-0.0063
-3.9863,0.0287,7.1946,-0.0725,-0.0149,-0.0092,-4.8052,-5.8179,4.5346,-0.0385,0.0052,-0.0008
-4.0270,0.0646,7.1515,-0.0766,-0.0288,-0.0084,-4.7956,-5.7796,4.6663,-0.0432,-0.0117,-0.0003
-3.9624,0.0694,7.2018,-0.0711,-0.0049,-0.0100,-4.7285,-5.8155,4.6064,-0.0441,-0.0011,-0.0003
-3.9648,0.0742,7.2137,-0.0731,-0.0209,-0.0084,-4.7932,-5.8227,4.5921,-0.0388,-0.0041,-0.0036
-3.9433,-0.0239,7.1682,-0.0715,-0.0148,-0.0099,-4.7908,-5.8347,4.6878,-0.0370,-0.0059,0.0041
-3.9504,0.0120,7.2281,-0.0738,-0.0037,-0.0157,-4.8267,-5.7772,4.5993,-0.0477,0.0065,0.0011
-3.9863,0.0599,7.1970,-0.0710,-0.0290,-0.0079,-4.7262,-5.7365,4.6184,-0.0388,-0.0092,0.0043
-3.9385,0.0120,7.1706,-0.0811,0.0053,-0.0191,-4.8004,-5.8251,4.6519,-0.0544,0.0133,-0.0057
-3.9624,0.0287,7.1491,-0.0687,-0.0200,-0.0167,-4.8147,-5.8059,4.7142,-0.0345,-0.0049,-0.0071
-4.0342,-0.0383,7.2664,-0.0657,-0.0211,-0.0119,-4.8435,-5.8490,4.6471,-0.0316,-0.0041,0.0087
-4.0558,0.0982,7.0437,-0.0663,-0.0107,-0.0125,-4.8387,-5.7126,4.5394,-0.0337,-0.0044,0.0000
-4.0175,0.0910,7.2089,-0.0769,-0.0237,-0.0135,-4.8123,-5.7628,4.6687,-0.0401,-0.0003,-0.0059
-3.9816,-0.0192,7.2018,-0.0626,-0.0605,0.0007,-4.8004,-5.7652,4.6424,-0.0133,-0.0309,0.0113
-3.8858,0.0287,7.0844,-0.0755,-0.0290,-0.0261,-4.6663,-5.6719,4.5394,-0.0426,-0.0015,-0.0152
-4.0510,0.0455,7.1850,-0.1011,0.0509,-0.0436,-4.8363,-5.7748,4.6519,-0.0823,0.0524,-0.0262
-4.0510,0.0407,7.2712,-0.0863,0.0063,-0.0205,-4.8674,-5.8299,4.7142,-0.0561,0.0172,-0.0088
-4.0366,-0.0048,7.2305,-0.0739,-0.0120,-0.0108,-4.8507,-5.8275,4.6878,-0.0436,-0.0024,-0.0011
-3.9672,0.0479,7.1802,-0.0641,-0.0067,0.0005,-4.7788,-5.8395,4.6567,-0.0401,-0.0117,0.0029
-3.9169,0.0215,7.1635,-0.0665,-0.0232,0.0087,-4.7238,-5.7820,4.6759,-0.0394,-0.0216,0.0169
-3.9792,0.0215,7.1682,-0.0763,-0.0109,0.0025,-4.7070,-5.7006,4.5969,-0.0438,-0.0028,0.0064
-3.9504,0.0982,7.1228,-0.0798,-0.0108,-0.0111,-4.7477,-5.7413,4.6424,-0.0418,-0.0065,0.0013
-3.9600,0.0622,7.1491,-0.0850,0.0069,-0.0253,-4.6831,-5.7652,4.6567,-0.0570,0.0266,-0.0167
-3.9504,0.0287,7.2018,-0.0854,-0.0040,-0.0290,-4.7573,-5.7748,4.6735,-0.0608,0.0220,-0.0215
-3.9768,0.0335,7.1395,-0.0855,0.0057,-0.0314,-4.7309,-5.7581,4.7262,-0.0548,0.0250,-0.0123
-4.0654,0.0048,7.1826,-0.0795,0.0080,-0.0245,-4.8626,-5.8395,4.7118,-0.0548,0.0137,-0.0087
-3.9935,0.0383,7.1635,-0.0755,-0.0264,-0.0119,-4.8123,-5.8035,4.6424,-0.0328,-0.0095,0.0015
-3.9624,0.0527,7.1132,-0.0683,-0.0128,-0.0101,-4.7597,-5.8419,4.6232,-0.0413,-0.0056,0.0047
-3.9720,0.0599,7.1994,-0.0765,-0.0274,0.0027,-4.7262,-5.7365,4.6232,-0.0348,-0.0119,0.0023
-3.9600,0.0311,7.1850,-0.0727,-0.0025,-0.0111,-4.7812,-5.7221,4.6112,-0.0442,0.0069,-0.0043
-3.9289,0.0239,7.1275,-0.0771,-0.0136,-0.0161,-4.7836,-5.7892,4.6064,-0.0421,0.0011,-0.0065
-3.9816,0.0814,7.2089,-0.0729,-0.0119,-0.0203,-4.7357,-5.7724,4.6256,-0.0365,0.0011,-0.0059
-3.9600,0.0503,7.1706,-0.0829,-0.0055,-0.0236,-4.7692,-5.7892,4.6519,-0.0458,0.0153,-0.0080
-4.0366,0.0335,7.1922,-0.0771,-0.0269,-0.0140,-4.8171,-5.8873,4.6304,-0.0360,-0.0092,-0.0031
-3.9911,0.0814,7.1994,-0.0757,-0.0085,-0.0238,-4.7908,-5.7652,4.5921,-0.0368,0.0059,-0.0036
-3.9696,-0.0144,7.1658,-0.0766,-0.0159,-0.0160,-4.7740,-5.7533,4.7214,-0.0456,0.0096,-0.0061
-4.0917,0.0479,7.2209,-0.0762,-0.0212,-0.0093,-4.8674,-5.8083,4.6495,-0.0421,-0.0072,-0.0008
-3.9576,0.0599,7.2257,-0.0734,-0.0136,-0.0112,-4.8052,-5.7533,4.6471,-0.0408,-0.0005,-0.0072
-3.8978,0.1149,7.2089,-0.0745,-0.0233,-0.0071,-4.8291,-5.7844,4.6376,-0.0357,-0.0104,0.0027
-4.0175,0.1197,7.1419,-0.0726,-0.0093,-0.0160,-4.8147,-5.7676,4.6567,-0.0456,0.0085,-0.0039
-3.9983,0.0263,7.2257,-0.0798,-0.0171,-0.0123,-4.8028,-5.7700,4.5610,-0.0385,-0.0048,-0.0057
-3.9049,0.0048,7.1850,-0.0843,-0.0324,-0.0125,-4.8147,-5.7724,4.7285,-0.0378,-0.0052,-0.0027
-3.9672,0.0072,7.2305,-0.0879,0.0137,-0.0268,-4.7669,-5.7269,4.5753,-0.0609,0.0298,-0.0127
-3.9887,-0.0192,7.1970,-0.0807,-0.0149,-0.0230,-4.7788,-5.7868,4.6040,-0.0466,0.0028,-0.0081
-3.8834,0.0694,7.1060,-0.0797,-0.0071,-0.0296,-4.8483,-5.7844,4.6208,-0.0461,0.0095,-0.0133
-4.0079,0.0096,7.2161,-0.0805,-0.0189,-0.0188,-4.8459,-5.8323,4.6232,-0.0424,-0.0072,-0.0057
-3.9552,0.0527,7.2377,-0.0751,-0.0185,-0.0101,-4.8004,-5.8083,4.5729,-0.0404,-0.0052,0.0000
-3.9744,0.0359,7.2999,-0.0739,-0.0075,-0.0067,-4.7884,-5.8131,4.4580,-0.0397,0.0008,0.0040
-4.0175,0.0359,7.1922,-0.0735,-0.0249,-0.0115,-4.7980,-5.7581,4.7980,-0.0412,-0.0056,0.0016
-3.9241,0.0072,7.1826,-0.0790,-0.0101,-0.0139,-4.7836,-5.7844,4.5418,-0.0462,0.0035,-0.0068
-3.9528,-0.0407,7.1658,-0.0739,-0.0309,-0.0159,-4.8602,-5.7988,4.6448,-0.0382,-0.0081,-0.0077
-3.9911,0.0239,7.2209,-0.0783,-0.0264,-0.0173,-4.7740,-5.8083,4.6926,-0.0444,0.0065,-0.0064
-3.8666,0.0311,7.2592,-0.0727,-0.0168,-0.0213,-4.7381,-5.7221,4.6471,-0.0437,0.0039,-0.0056
-3.9911,0.0024,7.2640,-0.0850,0.0067,-0.0180,-4.7692,-5.8227,4.6184,-0.0537,0.0161,-0.0061
-3.9672,0.0551,7.1658,-0.0822,-0.0125,-0.0132,-4.7238,-5.7916,4.6855,-0.0496,-0.0040,0.0012
-4.0031,0.0575,7.1491,-0.0782,-0.0121,-0.0104,-4.7884,-5.8849,4.6160,-0.0497,-0.0060,-0.0048
-3.9097,0.0024,7.0677,-0.0665,-0.0184,-0.0189,-4.7142,-5.7365,4.6328,-0.0361,-0.0007,-0.0023
-3.9313,0.0527,7.1132,-0.0778,0.0025,-0.0208,-4.7621,-5.7461,4.6017,-0.0584,0.0220,-0.0093
-4.0175,0.0287,7.2544,-0.0845,0.0111,-0.0212,-4.7669,-5.8778,4.6902,-0.0570,0.0209,-0.0075
-4.0223,-0.0431,7.1922,-0.0742,-0.0333,-0.0192,-4.8171,-5.8227,4.5849,-0.0368,-0.0107,-0.0107
-3.9337,0.0287,7.1874,-0.0747,-0.0160,-0.0177,-4.7309,-5.7533,4.6352,-0.0390,0.0000,-0.0085
-3.9816,0.0622,7.2089,-0.0831,-0.0286,-0.0007,-4.7381,-5.8083,4.5514,-0.0446,-0.0125,-0.0029
-3.8858,0.0407,7.1898,-0.0833,0.0004,-0.0056,-4.7190,-5.7581,4.5921,-0.0534,0.0061,0.0024
-4.0223,0.0383,7.2257,-0.0787,0.0024,-0.0085,-4.8339,-5.8275,4.6974,-0.0532,0.0079,-0.0021
-3.9121,0.0718,7.1132,-0.0763,-0.0007,-0.0092,-4.7142,-5.7628,4.5945,-0.0480,0.0016,0.0027
-3.9409,0.0263,7.1347,-0.0761,0.0111,-0.0180,-4.7597,-5.7820,4.6232,-0.0533,0.0133,-0.0008
-4.0151,0.0527,7.1706,-0.0771,-0.0177,-0.0083,-4.7740,-5.7964,4.5801,-0.0414,-0.0005,0.0011
-3.9744,-0.0120,7.1874,-0.0726,-0.0084,-0.0136,-4.8243,-5.7892,4.5490,-0.0460,0.0085,-0.0061
-3.8547,-0.0144,7.2856,-0.0805,-0.0069,-0.0191,-4.7381,-5.7533,4.6855,-0.0457,0.0100,-0.0053
-3.9863,-0.0048,7.2018,-0.0794,-0.0273,-0.0139,-4.7884,-5.8131,4.6855,-0.0386,-0.0075,-0.0073
-4.0294,-0.0263,7.1994,-0.0655,-0.0097,-0.0204,-4.8339,-5.8873,4.6448,-0.0369,0.0136,-0.0092
-3.9433,0.0790,7.1515,-0.0719,-0.0366,-0.0139,-4.8722,-5.7916,4.5777,-0.0305,-0.0087,-0.0077
-3.9816,0.0192,7.1658,-0.0711,-0.0222,-0.0160,-4.7190,-5.6958,4.5993,-0.0326,0.0077,-0.0049
-3.9744,0.0455,7.1563,-0.0753,-0.0076,-0.0245,-4.8171,-5.8251,4.6471,-0.0449,0.0189,-0.0133
-3.9959,-0.0048,7.1682,-0.0778,-0.0149,-0.0233,-4.7645,-5.8347,4.5777,-0.0428,0.0037,-0.0101
-3.9025,0.0431,7.2161,-0.0745,-0.0151,-0.0224,-4.7860,-5.8179,4.5801,-0.0424,0.0036,-0.0087
-4.0390,0.0407,7.1994,-0.0779,-0.0124,-0.0165,-4.7836,-5.7964,4.6687,-0.0436,0.0088,-0.0092
-4.0031,0.0431,7.2664,-0.0759,-0.0205,-0.0147,-4.8578,-5.7964,4.7094,-0.0434,0.0052,-0.0069
-3.9863,0.0311,7.1970,-0.0745,-0.0156,-0.0097,-4.8387,-5.8299,4.6735,-0.0392,-0.0011,-0.0035
-3.9002,0.0814,7.1874,-0.0806,-0.0104,-0.0117,-4.8076,-5.7700,4.6328,-0.0480,0.0007,0.0021
-4.0103,0.0359,7.2496,-0.0802,0.0021,-0.0085,-4.7285,-5.8466,4.5753,-0.0549,0.0101,0.0008
-3.9600,0.0239,7.3023,-0.0809,-0.0080,-0.0071,-4.8411,-5.8035,4.5945,-0.0484,-0.0071,0.0007
-3.9911,0.0431,7.2185,-0.0830,-0.0096,-0.0043,-4.8076,-5.7581,4.7190,-0.0489,0.0036,0.0040
-3.9816,0.0120,7.2257,-0.0817,0.0073,-0.0163,-4.7573,-5.7581,4.6495,-0.0586,0.0180,-0.0036
-3.9744,0.0790,7.2257,-0.0781,-0.0161,-0.0147,-4.7716,-5.7844,4.5681,-0.0433,0.0032,-0.0051
-4.0606,0.0814,7.1802,-0.0801,-0.0093,-0.0224,-4.8578,-5.7485,4.6639,-0.0422,0.0064,-0.0047
-3.9528,0.0215,7.1946,-0.0801,-0.0137,-0.0192,-4.7836,-5.8083,4.7118,-0.0412,0.0097,-0.0067
-4.0630,-0.0192,7.2305,-0.0783,-0.0261,-0.0144,-4.7597,-5.8682,4.7309,-0.0386,-0.0061,-0.0085
-4.0342,0.0503,7.2856,-0.0738,-0.0213,-0.0075,-4.8219,-5.7940,4.6088,-0.0378,-0.0067,-0.0001
-3.9097,-0.0192,7.2401,-0.0703,-0.0096,-0.0085,-4.7094,-5.7844,4.7262,-0.0434,-0.0075,0.0021
-3.9840,0.1125,7.3526,-0.0753,0.0109,-0.0115,-4.8291,-5.9233,4.7094,-0.0305,0.0092,0.0036
-4.0007,-0.0096,7.2281,-0.0791,-0.0021,0.0003,-4.7597,-5.8083,4.6280,-0.0450,0.0135,0.0061
-4.0247,0.0287,7.0892,-0.0642,-0.0200,-0.0069,-4.7788,-5.8131,4.6687,-0.0358,0.0011,0.0005
-3.9528,0.0575,7.1754,-0.0798,-0.0059,-0.0181,-4.7429,-5.8155,4.6926,-0.0541,0.0015,-0.0029
-3.9744,-0.0431,7.1970,-0.0831,-0.0076,-0.0192,-4.8530,-5.8035,4.6711,-0.0466,0.0036,-0.0077
-4.0270,-0.0096,7.2353,-0.0782,-0.0131,-0.0215,-4.7836,-5.7724,4.6017,-0.0442,-0.0009,-0.0071
-4.0677,-0.0096,7.2233,-0.0806,-0.0113,-0.0189,-4.7932,-5.7940,4.6591,-0.0458,0.0112,-0.0023
-3.9935,-0.0120,7.1730,-0.0801,-0.0159,-0.0113,-4.7956,-5.8682,4.5777,-0.0464,-0.0080,-0.0028
-3.9648,-0.0144,7.1970,-0.0662,-0.0233,-0.0076,-4.7453,-5.8059,4.6352,-0.0305,-0.0085,-0.0039
-3.9624,0.0575,7.1970,-0.0719,-0.0155,-0.0091,-4.7597,-5.7293,4.6328,-0.0393,-0.0041,0.0015
-3.9193,0.0239,7.2880,-0.0769,-0.0065,-0.0107,-4.8291,-5.7796,4.6902,-0.0413,0.0043,0.0020
-4.0079,-0.0215,7.2281,-0.0758,-0.0218,-0.0111,-4.7477,-5.8251,4.6902,-0.0422,-0.0024,-0.0045
-3.9840,-0.0263,7.1874,-0.0753,-0.0215,-0.0149,-4.7429,-5.8155,4.6998,-0.0428,-0.0063,-0.0033
-3.9193,0.0862,7.1299,-0.0749,-0.0238,-0.0091,-4.7501,-5.8299,4.6711,-0.0386,-0.0064,0.0007
-4.0223,0.0383,7.2042,-0.0779,-0.0181,-0.0151,-4.8147,-5.7844,4.6663,-0.0432,0.0060,-0.0059
-3.9121,0.0239,7.2568,-0.0737,-0.0336,-0.0104,-4.6807,-5.7700,4.6232,-0.0277,-0.0075,0.0009
-3.9097,0.0527,7.2520,-0.0666,-0.0005,-0.0136,-4.6663,-5.7988,4.7190,-0.0417,0.0200,0.0063
-3.9768,-0.0670,7.5202,-0.0173,0.0657,-0.0008,-4.8076,-6.0861,5.0901,-0.0318,0.0265,0.0851
-3.9361,-0.0646,7.0677,0.0284,0.0759,-0.0181,-4.7405,-5.6240,4.4508,0.0035,0.0505,0.0644
-4.1204,0.2538,6.7947,-0.0580,0.0120,-0.0192,-4.9129,-5.4947,4.3263,-0.0472,-0.0064,0.0057
-3.9959,0.0311,7.0222,-0.1186,-0.0212,-0.0208,-4.8171,-5.7700,4.6160,-0.0770,-0.0129,-0.0270
-3.9863,0.0431,7.2951,-0.0965,-0.0380,-0.0080,-4.8028,-5.8969,4.8387,-0.0461,-0.0157,-0.0139
-3.9121,0.0694,7.0749,-0.0797,-0.0201,-0.0117,-4.7621,-5.6958,4.6232,-0.0456,0.0001,-0.0075
-4.0031,0.1006,7.2161,-0.0915,-0.0200,-0.0095,-4.8483,-5.7269,4.6112,-0.0525,-0.0088,-0.0092
-3.9648,0.0359,7.1156,-0.0854,-0.0191,-0.0093,-4.8315,-5.7772,4.7094,-0.0476,-0.0029,-0.0039
-3.9385,0.0311,7.1970,-0.0837,-0.0213,-0.0144,-4.7812,-5.7820,4.7429,-0.0472,-0.0005,-0.0047
-3.9840,0.0766,7.2784,-0.0770,-0.0129,-0.0119,-4.7357,-5.6551,4.5801,-0.0382,-0.0077,-0.0039
-4.0199,0.1676,7.2257,-0.0741,-0.0104,-0.0096,-4.9057,-5.7916,4.7477,-0.0328,0.0056,0.0025
-3.9528,0.0168,7.2209,-0.0749,-0.0280,-0.0117,-4.7357,-5.8059,4.5705,-0.0301,-0.0049,-0.0025
-3.9576,0.1030,6.9288,-0.0770,-0.0095,-0.0117,-4.8171,-5.6431,4.5155,-0.0508,0.0036,-0.0011
-4.0845,0.0192,7.1874,-0.0714,-0.0144,-0.0033,-4.7573,-5.7628,4.7405,-0.0400,-0.0125,0.0041
-4.0175,0.0383,7.0533,-0.0798,-0.0103,-0.0129,-4.7836,-5.7269,4.6160,-0.0456,-0.0017,-0.0072
-4.0151,0.0168,7.1108,-0.0774,-0.0188,-0.0145,-4.7501,-5.7796,4.6974,-0.0390,0.0073,-0.0053
-3.9337,0.0886,7.1970,-0.0753,-0.0209,-0.0185,-4.7525,-5.6838,4.5825,-0.0441,0.0011,-0.0056
-4.0151,0.0790,7.1180,-0.0801,0.0043,-0.0209,-4.8291,-5.7533,4.5945,-0.0482,0.0145,-0.0067
-3.9744,0.0287,7.2640,-0.0795,-0.0035,-0.0140,-4.8339,-5.7820,4.6759,-0.0462,0.0099,-0.0027
-4.0462,0.1030,7.0892,-0.0738,-0.0300,-0.0063,-4.8363,-5.7700,4.5921,-0.0424,-0.0093,-0.0044
-3.9313,-0.0048,7.2688,-0.0701,-0.0119,-0.0104,-4.7860,-5.7724,4.7812,-0.0428,-0.0069,-0.0039
-3.9337,0.0575,7.1874,-0.0731,-0.0068,-0.0077,-4.7908,-5.7365,4.6304,-0.0470,-0.0023,-0.0032
-4.0510,0.0144,7.1946,-0.0787,-0.0092,-0.0065,-4.8052,-5.7916,4.6974,-0.0501,0.0000,-0.0017
-3.8642,0.0646,7.1467,-0.0755,-0.0115,-0.0135,-4.7788,-5.7844,4.6615,-0.0496,0.0060,-0.0083
-3.9552,0.0862,7.1994,-0.0825,-0.0025,-0.0200,-4.7333,-5.7413,4.6208,-0.0546,0.0113,-0.0061
-3.9792,0.0048,7.1874,-0.0783,-0.0137,-0.0211,-4.8267,-5.8371,4.6711,-0.0501,0.0025,-0.0037
-3.9768,0.1508,7.0940,-0.0765,-0.0059,-0.0193,-4.7788,-5.7293,4.5969,-0.0440,0.0113,-0.0104
-4.0438,0.0838,7.1299,-0.0718,-0.0123,-0.0124,-4.7884,-5.7365,4.7094,-0.0406,0.0076,-0.0039
-3.9744,0.0694,7.1970,-0.0702,-0.0057,-0.0145,-4.7788,-5.7748,4.6950,-0.0444,0.0076,-0.0016
-3.9696,0.0886,7.2161,-0.0689,-0.0092,-0.0216,-4.7669,-5.7269,4.5897,-0.0418,0.0053,-0.0061
-3.9504,0.0958,7.2161,-0.0694,-0.0143,-0.0163,-4.7956,-5.7557,4.5610,-0.0412,-0.0043,-0.0049
-3.9887,0.0742,7.2065,-0.0783,0.0121,-0.0236,-4.8028,-5.7509,4.6232,-0.0525,0.0265,-0.0071
-4.0318,0.0670,7.1922,-0.0794,-0.0207,-0.0096,-4.8483,-5.7772,4.6088,-0.0452,-0.0072,-0.0013
-3.9863,0.0311,7.1730,-0.0797,-0.0215,-0.0065,-4.7405,-5.7724,4.6040,-0.0438,-0.0075,-0.0012
-4.0031,0.0479,7.1682,-0.0743,-0.0028,-0.0095,-4.7764,-5.7317,4.5897,-0.0445,0.0089,-0.0012
-3.9863,0.0886,7.2760,-0.0849,0.0116,-0.0131,-4.8052,-5.7796,4.6448,-0.0562,0.0148,-0.0044
-4.0414,0.0407,7.2137,-0.0775,-0.0057,-0.0125,-4.7716,-5.7437,4.6088,-0.0436,0.0079,-0.0013
-3.9456,0.0215,7.2784,-0.0847,-0.0252,-0.0084,-4.7740,-5.7006,4.6256,-0.0460,-0.0113,-0.0012
-3.9887,0.0838,7.2018,-0.0865,-0.0023,-0.0171,-4.7716,-5.8083,4.6112,-0.0577,0.0088,-0.0083
-3.9720,-0.0144,7.1395,-0.0821,-0.0192,-0.0097,-4.8363,-5.7341,4.5657,-0.0452,-0.0077,0.0043
-3.9887,0.0838,7.1443,-0.0826,-0.0282,-0.0092,-4.9225,-5.8012,4.5945,-0.0409,-0.0089,-0.0028
-3.9959,-0.0048,7.1850,-0.0834,0.0001,-0.0242,-4.8195,-5.8083,4.6519,-0.0569,0.0216,-0.0080
-4.0127,0.0192,7.1347,-0.0839,-0.0044,-0.0252,-4.8195,-5.8179,4.6328,-0.0561,0.0145,-0.0128
-4.0223,0.0215,7.2520,-0.0755,-0.0032,-0.0233,-4.8291,-5.8131,4.6136,-0.0456,0.0097,-0.0053
-4.0270,0.0503,7.1443,-0.0771,-0.0095,-0.0185,-4.8387,-5.7581,4.6974,-0.0421,0.0048,-0.0072
-4.0223,0.1101,7.2472,-0.0793,0.0028,-0.0246,-4.8147,-5.8299,4.6591,-0.0512,0.0201,-0.0163
-3.9768,0.0527,7.0485,-0.0742,-0.0061,-0.0229,-4.7884,-5.7820,4.6040,-0.0422,0.0112,-0.0151
-3.9265,0.0383,7.1228,-0.0761,-0.0124,-0.0216,-4.7812,-5.7820,4.5418,-0.0446,0.0096,-0.0152
-4.0390,0.0215,7.2616,-0.0741,-0.0133,-0.0128,-4.8674,-5.7868,4.6040,-0.0421,0.0007,-0.0039
-4.0893,0.0551,7.1204,-0.0778,-0.0163,-0.0095,-4.7692,-5.7748,4.5394,-0.0408,0.0059,-0.0020
-4.0007,0.0503,7.1395,-0.0773,-0.0207,-0.0133,-4.7956,-5.8155,4.6064,-0.0365,-0.0040,-0.0089
-3.9840,0.0670,7.2832,-0.0769,-0.0080,-0.0161,-4.8100,-5.7054,4.6232,-0.0393,0.0040,-0.0031
-4.0127,-0.0096,7.1084,-0.0751,-0.0131,-0.0173,-4.8195,-5.7796,4.5849,-0.0442,0.0107,-0.0099
-4.0031,0.0383,7.2903,-0.0698,-0.0320,-0.0127,-4.8028,-5.7916,4.7094,-0.0334,-0.0105,-0.0051
-3.9433,0.0024,7.1180,-0.0805,-0.0137,-0.0199,-4.8147,-5.7964,4.5035,-0.0473,0.0075,-0.0077
-4.0318,0.0838,7.1730,-0.0774,-0.0151,-0.0165,-4.7669,-5.7964,4.6232,-0.0437,-0.0004,-0.0044
-3.9863,0.0431,7.1563,-0.0790,-0.0135,-0.0179,-4.8123,-5.8323,4.5897,-0.0388,0.0071,-0.0037
-3.9552,-0.0048,7.1778,-0.0763,-0.0171,-0.0081,-4.8650,-5.7245,4.5969,-0.0384,-0.0021,-0.0047
-4.0270,0.1053,7.1946,-0.0739,-0.0116,-0.0127,-4.7980,-5.8012,4.6687,-0.0440,0.0015,-0.0003
-4.0462,-0.0407,7.1467,-0.0731,-0.0269,-0.0095,-4.8100,-5.8371,4.5825,-0.0361,-0.0065,-0.0044
-3.9696,0.0527,7.2281,-0.0726,-0.0242,-0.0128,-4.7788,-5.7293,4.7094,-0.0361,-0.0028,-0.0080
-3.9624,0.0263,7.2568,-0.0758,-0.0095,-0.0168,-4.7932,-5.7461,4.6759,-0.0486,0.0057,-0.0043
-3.9121,0.0431,7.1299,-0.0882,-0.0108,-0.0171,-4.7740,-5.8131,4.5633,-0.0514,0.0060,-0.0115
-4.0270,0.0311,7.1826,-0.0841,-0.0159,-0.0131,-4.7621,-5.7796,4.5633,-0.0489,-0.0003,-0.0072
-3.9696,0.0287,7.2688,-0.0810,-0.0092,-0.0107,-4.8100,-5.8251,4.6543,-0.0525,0.0065,-0.0061
-4.0103,-0.0287,7.1443,-0.0801,-0.0049,-0.0148,-4.7932,-5.7389,4.6088,-0.0546,0.0037,-0.0040
-3.9169,0.0024,7.1132,-0.0837,-0.0161,-0.0076,-4.8530,-5.7724,4.6040,-0.0540,-0.0019,0.0033
-4.0175,0.0024,7.1515,-0.0823,-0.0081,-0.0091,-4.8147,-5.7820,4.5897,-0.0493,0.0031,-0.0041
-3.9696,0.0694,7.1323,-0.0786,0.0040,-0.0151,-4.7669,-5.7221,4.6735,-0.0510,0.0023,-0.0052
-3.9696,0.0287,7.1706,-0.0854,-0.0036,-0.0116,-4.7669,-5.8395,4.6591,-0.0534,0.0105,-0.0084
-3.9887,0.0766,7.2113,-0.0794,-0.0140,-0.0072,-4.8578,-5.7988,4.6400,-0.0430,-0.0076,-0.0021
-4.0151,0.0311,7.1132,-0.0770,-0.0270,-0.0061,-4.7860,-5.7724,4.7046,-0.0368,-0.0111,-0.0001
-3.9672,0.0694,7.1826,-0.0746,-0.0253,-0.0044,-4.7669,-5.7604,4.5538,-0.0386,-0.0080,-0.0008
-4.0103,0.0048,7.1611,-0.0747,-0.0159,-0.0057,-4.8123,-5.7772,4.5179,-0.0464,0.0000,-0.0016
-3.9265,0.0144,7.2520,-0.0723,-0.0203,-0.0020,-4.7525,-5.8299,4.5203,-0.0441,0.0051,-0.0068
-3.9600,-0.0024,7.1778,-0.0715,-0.0137,-0.0025,-4.7333,-5.7604,4.6567,-0.0417,-0.0039,-0.0133
-3.9337,0.0072,7.1467,-0.0652,0.0280,-0.0125,-4.7453,-5.7437,4.4915,-0.0593,0.0402,-0.0378
-4.1228,0.0287,7.3047,-0.0842,-0.0185,-0.0013,-4.9321,-5.8155,4.7046,-0.0448,0.0028,-0.0101
-3.9911,0.0215,7.0653,-0.0794,-0.0372,-0.0125,-4.8052,-5.7341,4.6352,-0.0332,-0.0075,-0.0005
-3.9193,0.0072,7.2377,-0.0801,-0.0294,-0.0064,-4.7836,-5.7652,4.6376,-0.0418,-0.0127,0.0056
-3.9576,0.0551,7.2042,-0.0907,-0.0349,-0.0011,-4.8028,-5.8203,4.6088,-0.0417,-0.0149,0.0035
-3.9313,0.0359,7.1874,-0.0811,-0.0213,-0.0023,-4.8267,-5.7724,4.5633,-0.0409,-0.0117,0.0003
-4.0630,0.1149,7.1251,-0.0769,0.0007,-0.0093,-4.8004,-5.7796,4.4891,-0.0549,0.0119,-0.0031
-4.0318,0.0551,7.2664,-0.0854,-0.0458,0.0061,-4.7525,-5.8323,4.6304,-0.0321,-0.0330,0.0073
-3.9480,-0.0024,7.1084,-0.0737,-0.0003,-0.0149,-4.7860,-5.8155,4.6352,-0.0478,0.0222,-0.0065
-4.0079,-0.0215,7.1706,-0.0742,-0.0257,-0.0081,-4.8004,-5.7796,4.6328,-0.0394,-0.0127,0.0011
-3.9792,0.0120,7.1850,-0.0781,-0.0220,-0.0029,-4.8842,-5.7916,4.6208,-0.0401,-0.0051,0.0008
-4.0127,0.0000,7.1036,-0.0775,-0.0388,-0.0123,-4.7429,-5.7078,4.5873,-0.0416,-0.0144,-0.0037
-3.9983,0.0479,7.3119,-0.0742,-0.0393,-0.0051,-4.8387,-5.7365,4.7094,-0.0354,-0.0108,-0.0047
-3.9002,0.0575,7.2185,-0.0730,-0.0124,-0.0063,-4.7716,-5.7964,4.6471,-0.0414,0.0032,-0.0028
-3.9624,0.0431,7.1539,-0.0874,-0.0398,-0.0041,-4.7285,-5.7604,4.6232,-0.0369,-0.0137,-0.0004
-3.9504,0.0192,7.3382,-0.0682,-0.0117,-0.0124,-4.9321,-5.8035,4.4963,-0.0220,-0.0117,0.0055
-3.9337,0.0479,7.1850,-0.0675,-0.0169,-0.0079,-4.7549,-5.7221,4.6759,-0.0484,0.0108,-0.0072
-3.9792,0.1006,7.1491,-0.0770,0.0021,-0.0089,-4.8315,-5.8131,4.6519,-0.0494,0.0087,-0.0045
-3.9840,0.0599,7.1706,-0.0787,-0.0048,-0.0088,-4.8483,-5.8299,4.6328,-0.0512,0.0113,-0.0052
-3.9265,-0.0072,7.2161,-0.0739,-0.0104,-0.0153,-4.8578,-5.8275,4.6304,-0.0468,0.0197,-0.0059
-3.9289,0.0335,7.1874,-0.0769,-0.0028,-0.0107,-4.7070,-5.7581,4.7070,-0.0492,0.0096,-0.0079
-3.9433,0.0599,7.2999,-0.0778,-0.0079,-0.0180,-4.8004,-5.8227,4.6304,-0.0464,0.0099,-0.0115
-3.9456,0.0575,7.3095,-0.0745,0.0096,-0.0203,-4.7669,-5.7652,4.6448,-0.0480,0.0265,-0.0097
-3.9983,0.0575,7.3119,-0.0819,-0.0317,-0.0112,-4.8052,-5.8012,4.6519,-0.0410,-0.0036,-0.0043
-3.9624,-0.0096,7.1036,-0.0793,0.0103,-0.0185,-4.7022,-5.8347,4.5921,-0.0594,0.0281,-0.0089
-4.0175,-0.0072,7.2305,-0.0779,-0.0119,-0.0113,-4.7549,-5.8682,4.6471,-0.0442,0.0043,-0.0047
-3.9528,0.0886,7.2233,-0.0783,-0.0320,-0.0013,-4.7884,-5.7461,4.7094,-0.0429,0.0025,0.0047
-3.9863,0.0359,7.1371,-0.0751,0.0316,-0.0191,-4.8147,-5.7844,4.5921,-0.0645,0.0314,-0.0120
-3.9744,0.0096,7.2185,-0.0794,-0.0080,-0.0051,-4.7094,-5.7030,4.7716,-0.0596,0.0064,-0.0112
-4.0845,0.0646,7.2520,-0.0679,0.0357,-0.0179,-4.8722,-5.7868,4.4867,-0.0625,0.0272,-0.0137
-4.0031,0.1245,7.2329,-0.0767,0.0240,-0.0317,-4.7836,-5.8802,4.6424,-0.0593,0.0532,-0.0141
-3.9552,-0.0120,7.0366,-0.0750,-0.0048,-0.0193,-4.7621,-5.7317,4.6088,-0.0541,0.0245,-0.0115
-3.9648,0.0622,7.1156,-0.0735,0.0017,-0.0120,-4.8219,-5.8227,4.5586,-0.0482,0.0039,-0.0092
-3.9959,0.1006,7.2113,-0.0791,-0.0081,-0.0092,-4.8387,-5.8203,4.5921,-0.0486,0.0124,-0.0064
-4.0462,0.0383,7.1682,-0.0783,-0.0123,-0.0087,-4.8267,-5.8586,4.6160,-0.0441,0.0009,-0.0015
-3.9887,0.1101,7.0868,-0.0745,-0.0020,-0.0155,-4.8004,-5.8371,4.6088,-0.0538,0.0225,-0.0009
-4.0127,0.0814,7.1778,-0.0741,-0.0188,-0.0160,-4.9153,-5.8203,4.4388,-0.0544,0.0513,-0.0175
-4.0270,-0.0766,7.1323,-0.0541,-0.0060,0.0060,-4.8267,-5.7796,4.3910,-0.0430,-0.0040,0.0036
-4.0127,0.0718,7.2712,-0.0766,-0.0100,-0.0107,-4.7812,-5.8969,4.5274,-0.0509,0.0273,-0.0093
-4.0031,0.0575,7.1611,-0.0757,-0.0037,-0.0123,-4.7669,-5.8107,4.5394,-0.0469,0.0127,-0.0041
-4.0103,0.0742,7.2065,-0.0786,-0.0264,-0.0017,-4.9105,-5.8538,4.5562,-0.0389,-0.0087,0.0047
-4.0701,-0.0120,7.0940,-0.0735,0.0060,-0.0115,-4.8698,-5.8323,4.6064,-0.0473,0.0172,0.0056
-4.0294,-0.0096,7.1347,-0.0770,0.0637,-0.0300,-4.8722,-5.7772,4.6064,-0.0711,0.0825,0.0099
-3.9840,0.0503,7.2592,-0.0722,0.0100,-0.0144,-4.7621,-5.8490,4.5442,-0.0542,0.0100,-0.0077
-4.1324,0.0407,7.1060,-0.0765,0.0000,-0.0191,-4.8076,-5.8921,4.5586,-0.0541,0.0165,-0.0116
-4.0677,0.1053,7.1443,-0.0749,-0.0075,-0.0137,-4.8435,-5.8754,4.6160,-0.0446,0.0117,-0.0081
-4.1108,0.0646,7.1826,-0.0782,-0.0240,-0.0087,-4.8554,-5.8419,4.5490,-0.0428,0.0072,-0.0024
-4.0677,0.0239,7.0581,-0.0694,0.0156,-0.0216,-4.8961,-5.8059,4.4796,-0.0516,0.0250,-0.0072
-4.0965,0.0455,7.2496,-0.0769,-0.0117,-0.0092,-4.9728,-5.8251,4.5035,-0.0421,0.0021,-0.0035
-4.0199,-0.0096,7.0988,-0.0755,-0.0236,-0.0056,-4.8123,-5.8083,4.5801,-0.0390,-0.0088,-0.0009
-3.9600,0.0814,7.1419,-0.0783,-0.0019,-0.0156,-4.8794,-5.7988,4.5394,-0.0477,0.0091,-0.0064
-4.1420,0.0862,7.1706,-0.0689,-0.0187,-0.0152,-4.9225,-5.8227,4.5346,-0.0322,-0.0104,-0.0009
-4.0534,0.0359,7.0246,-0.0743,-0.0384,-0.0005,-4.8937,-5.8035,4.5394,-0.0349,-0.0191,-0.0005
-4.0869,-0.0622,6.9623,-0.0898,-0.0215,-0.0083,-4.7118,-5.7628,4.4029,-0.0566,0.0025,-0.0044
-3.9337,-0.0168,7.2736,-0.0929,0.0149,-0.0180,-4.7046,-5.9113,4.5729,-0.0722,0.0240,-0.0040
-4.0845,0.0431,7.1204,-0.0925,0.0226,-0.0273,-4.8387,-5.7413,4.5059,-0.0718,0.0112,-0.0017
-4.2353,0.0694,7.1228,-0.0853,0.0075,-0.0248,-5.0374,-5.8921,4.4293,-0.0494,0.0023,-0.0004
-4.0917,0.0335,7.1874,-0.0573,-0.0528,-0.0180,-4.8219,-5.7940,4.5993,-0.0117,-0.0282,-0.0081
-3.9696,0.0287,7.2209,-0.0588,-0.0296,-0.0189,-4.7860,-5.7940,4.5825,-0.0216,-0.0260,-0.0024
-3.9911,0.1053,7.0988,-0.0837,-0.0063,-0.0221,-4.8435,-5.6862,4.4748,-0.0460,-0.0053,-0.0005
-4.1755,0.0096,7.2113,-0.0734,-0.0310,-0.0092,-4.9464,-5.9879,4.5562,-0.0164,-0.0300,0.0044
-4.0654,-0.0192,7.1730,-0.0638,-0.0588,-0.0163,-4.7597,-5.8107,4.5825,-0.0040,-0.0372,0.0028
-3.9744,0.0407,7.1826,-0.0745,-0.0145,-0.0191,-4.8219,-5.7461,4.5825,-0.0400,-0.0201,0.0020
-4.0390,0.0718,7.2018,-0.0907,-0.0016,-0.0157,-4.8052,-5.8251,4.6735,-0.0513,-0.0334,0.0187
-4.0797,0.0120,7.2065,-0.0790,0.0176,-0.0127,-4.9081,-5.8634,4.6831,-0.0521,-0.0044,0.0107
-4.0725,0.0000,7.1275,-0.0759,-0.0360,-0.0049,-4.8267,-5.8299,4.5705,-0.0309,-0.0518,0.0233
-3.9887,0.0455,7.1611,-0.0774,0.0069,-0.0125,-4.8100,-5.7868,4.6543,-0.0525,-0.0009,0.0032
-4.0223,0.0670,7.2712,-0.0799,-0.0238,-0.0025,-4.8339,-5.8203,4.6017,-0.0420,-0.0314,0.0124
-4.0725,0.0599,7.1658,-0.0738,-0.0071,-0.0226,-4.7764,-5.7988,4.5633,-0.0448,0.0177,-0.0096
-4.0510,0.0096,7.1730,-0.0827,-0.0322,-0.0156,-4.8076,-5.7844,4.6424,-0.0394,-0.0123,0.0039
-4.0677,-0.0455,7.0246,-0.0774,0.0197,-0.0362,-4.8770,-5.8227,4.6017,-0.0574,0.0317,-0.0120
-4.0701,0.0383,7.1491,-0.0802,-0.0173,-0.0205,-4.8483,-5.7652,4.5945,-0.0472,0.0021,-0.0089
-4.1013,0.0168,7.1922,-0.0867,-0.0121,-0.0140,-4.9368,-5.8155,4.5610,-0.0493,0.0053,-0.0077
-4.0677,0.0048,7.1132,-0.0699,-0.0205,-0.0093,-4.7740,-5.8347,4.4891,-0.0338,-0.0176,0.0021
-4.0534,0.0215,7.0820,-0.0705,-0.0260,-0.0025,-4.8890,-5.8778,4.6352,-0.0274,-0.0332,0.0124
-4.0031,0.0072,7.2089,-0.0722,-0.0204,-0.0055,-4.7692,-5.7820,4.6040,-0.0338,-0.0249,0.0084
-4.0630,0.0359,7.1563,-0.0799,-0.0060,-0.0031,-4.8770,-5.7700,4.6591,-0.0378,-0.0294,0.0124
-4.1156,0.0910,7.3119,-0.0763,-0.0159,0.0017,-4.8626,-5.8107,4.6184,-0.0101,-0.0556,0.0246
-4.0510,0.0886,7.1036,-0.0710,-0.0089,-0.0216,-4.8147,-5.6120,4.6783,-0.0366,-0.0201,0.0297
-3.9911,-0.0718,7.2425,-0.0858,-0.0040,-0.0179,-4.7333,-5.7604,4.8459,-0.0394,-0.0524,0.0260
-4.0055,-0.0263,7.2185,-0.1175,0.0120,-0.0861,-4.5131,-5.5761,4.9799,-0.0674,-0.0562,0.0232
-4.1779,-0.0168,7.1515,-0.0446,0.0185,-0.0318,-4.9009,-5.7868,4.5969,-0.0430,-0.0437,0.0821
-3.9935,0.1053,7.3191,-0.0456,0.1065,-0.0324,-4.8100,-5.6407,4.6807,-0.0861,0.0885,0.1085
-4.2377,-0.0886,7.8290,0.0601,0.3608,-0.0160,-5.1308,-6.2632,5.3702,-0.1336,0.2589,0.2723
-4.8004,-0.0383,7.9416,0.3281,0.7100,0.0450,-5.7581,-6.7038,5.1906,0.0077,0.7113,0.4447
-5.0637,0.0239,7.5441,0.5506,0.8685,0.2491,-5.7006,-6.2489,4.7597,0.1271,0.6953,0.7217
-4.7214,0.4310,6.9408,0.7225,0.7129,0.2805,-5.2888,-5.3151,4.4221,0.2988,0.6335,0.7949
-4.8028,0.6991,5.9783,0.6161,0.7615,0.2860,-5.7245,-4.9177,4.1132,0.2614,0.6157,0.7084
-4.8626,1.0846,6.0885,0.5311,0.5698,0.3119,-5.8155,-4.5753,3.8786,0.1691,0.6159,0.7091
-4.9919,1.2977,5.9352,0.4337,0.5826,0.2471,-6.1220,-4.6017,3.9552,0.1271,0.4768,0.6616
-5.0159,1.6807,6.2656,0.4129,0.3922,0.2154,-6.1938,-4.4341,3.8188,0.1569,0.4615,0.5485
-5.4612,1.6209,5.5905,0.3397,0.3178,0.3271,-6.7445,-4.3622,3.7733,0.0890,0.4339,0.5825
-5.2098,1.7406,5.9687,0.1797,0.4915,0.2350,-6.1579,-3.9576,3.3208,-0.0240,0.3693,0.5104
-5.5857,1.7478,5.7868,0.0557,0.3840,0.2830,-7.0533,-4.1228,3.8451,-0.0650,0.5522,0.4125
-5.1571,2.0039,5.4181,-0.0686,0.0057,0.3104,-7.0916,-3.8116,3.5386,0.0378,0.2960,0.2593
-6.0861,2.5905,5.1882,-0.3608,-0.9820,0.4470,-7.3574,-3.8595,3.1747,0.0842,0.1756,0.5702
-5.0637,1.8148,5.4612,-0.5216,-0.6440,0.7966,-7.0701,-3.6631,3.5769,0.0480,-0.1142,0.8996
-4.9943,1.8986,6.4979,-0.4502,0.0641,0.2016,-7.0198,-3.8499,4.1755,-0.0613,0.4229,0.6217
-5.4588,2.0087,5.7700,-0.4854,0.2481,0.2160,-7.2018,-3.2992,3.1819,-0.2338,0.5481,0.5901
-5.3606,1.8507,6.4404,-0.4852,0.2118,0.2801,-7.2832,-3.5530,3.4979,-0.2414,0.2706,0.4274
-5.6719,1.8076,6.7086,-0.3632,0.2038,0.3984,-6.9312,-3.5195,3.2920,-0.1529,0.2765,0.3436
-5.7748,1.8340,6.1387,-0.1697,0.2988,0.4982,-7.7524,-3.7062,3.2944,-0.1589,0.1122,0.1533
-5.2936,1.8747,5.6719,-0.1936,0.2186,0.6277,-7.2736,-3.0406,2.8252,-0.2157,0.0069,0.1303
-3.7421,2.0159,5.2553,-0.3914,0.7129,0.3961,-6.7229,-2.4900,2.7007,-0.4109,0.1829,-0.3495
-4.9416,2.0638,5.3917,-0.3455,0.8495,-0.1711,-6.7995,-2.6360,2.7150,-0.4026,0.2114,-0.7302
-6.0765,1.9058,5.8466,-0.3981,0.8211,-0.2395,-8.1139,-3.8571,3.1915,-0.4430,0.3122,-0.7922
-6.0071,1.5634,5.7533,-0.3632,0.7730,-0.3878,-8.1499,-4.1922,2.3703,-0.4337,0.2236,-0.5540
-6.1411,1.4413,5.3247,-0.4522,0.3822,-0.3568,-7.4867,-4.3096,2.6049,-0.4233,-0.1408,-0.3917
-6.5553,1.3024,4.9704,-0.5279,0.3447,-0.3208,-7.3933,-4.3934,2.5833,-0.5317,0.1443,-0.3989
-6.1938,1.1085,5.4923,-0.4616,0.3034,-0.3583,-7.1419,-4.7621,2.9880,-0.4919,0.1248,-0.5494
-6.6439,1.0511,5.8275,-0.3597,0.0778,-0.3409,-7.8410,-5.0398,2.7725,-0.3289,0.1689,-0.4358
-6.8714,0.7757,5.1523,-0.3186,-0.1175,-0.3004,-7.4148,-4.8626,2.0806,-0.2321,-0.2447,-0.2868
-6.7588,0.5818,5.1140,-0.3854,0.1231,-0.2675,-7.1539,-4.8985,2.1572,-0.3160,-0.0464,-0.3766
-6.3446,0.6560,5.3343,-0.4199,0.1705,-0.2779,-7.1611,-5.0518,2.4014,-0.2766,-0.1769,-0.4671
-6.4021,0.6177,5.2313,-0.3902,-0.0993,-0.3425,-6.9647,-5.0278,2.1644,-0.1966,-0.1621,-0.5462
-6.5673,0.4573,5.0637,-0.4425,-0.1342,-0.3876,-7.0773,-5.3558,2.2865,-0.2388,-0.3424,-0.6082
-6.8522,0.2298,5.4540,-0.4550,-0.2505,-0.2759,-7.0318,-5.8442,2.5762,-0.2140,-0.1151,-0.3940
-6.5529,0.0072,5.6312,-0.4009,-0.4205,-0.2021,-6.9719,-5.9113,2.4421,-0.1323,-0.3236,-0.2790
-6.4763,-0.2298,5.7437,-0.3489,-0.7232,-0.1242,-6.8402,-5.9807,2.6001,-0.0879,-0.2830,-0.2222
-6.3303,-0.2322,5.9017,-0.2791,-0.6559,-0.0835,-6.9887,-5.9664,2.8874,-0.1086,-0.2377,-0.1605
-5.4468,-0.1796,6.2513,-0.1472,-0.4839,-0.1287,-6.5027,-6.1842,3.1651,-0.1115,-0.1675,-0.1867
-6.2058,-0.1532,6.5266,0.0366,-0.4900,-0.0850,-6.5027,-6.1387,2.6264,-0.0246,0.0285,-0.1091
-6.3039,-0.2418,5.5881,0.0606,-0.0472,-0.2421,-6.3734,-5.5474,2.5786,-0.0173,-0.0646,-0.1078
-6.0765,-0.1508,5.6288,-0.1319,-0.1131,-0.0766,-6.4691,-5.6623,2.6600,-0.1415,0.0667,-0.2010
-5.7078,-0.2155,6.0334,-0.1042,-0.1414,-0.0966,-6.3853,-5.8634,2.8371,-0.1029,0.1242,-0.4020
-5.6072,-0.2203,6.0932,-0.0721,-0.0457,-0.1053,-6.6176,-6.1411,2.7821,-0.1119,0.2340,-0.3220
-5.8658,-0.2322,6.0501,-0.0863,-0.0835,0.0065,-6.6631,-6.1651,2.5139,-0.0739,0.0233,-0.0843
-5.9520,-0.3184,6.1483,-0.0750,-0.1430,0.0284,-6.3973,-6.1220,2.6959,-0.0232,-0.0137,-0.0225
-5.6168,-0.1293,6.0693,-0.0677,-0.1295,-0.0485,-6.5314,-6.0645,2.6312,-0.0775,0.0794,-0.0709
-5.7988,-0.1844,5.9544,-0.0677,-0.0008,-0.0481,-6.4045,-6.0382,2.3870,-0.0544,0.0280,-0.0468
-5.6096,-0.2131,6.1363,-0.1015,-0.0410,-0.0213,-6.2752,-6.1363,2.5283,-0.0790,0.0468,-0.0654
-5.8155,-0.3496,6.2225,-0.0593,-0.0246,-0.0296,-6.1770,-6.1746,2.4157,-0.0317,-0.0043,-0.0949
-5.7102,-0.2227,6.2608,-0.0342,-0.1889,-0.0039,-6.1363,-6.1746,2.4948,-0.0505,0.1111,-0.2469
-5.5043,-0.0599,6.2728,-0.0104,-0.1867,0.0159,-6.5721,-6.2656,2.7773,-0.0153,0.1355,-0.1843
-5.9424,-0.2155,5.9711,-0.0305,-0.0549,-0.0648,-6.4308,-6.3446,2.2051,-0.0261,0.0434,-0.1026
-5.3846,-0.1628,6.2273,-0.0714,-0.2422,0.0180,-6.2369,-6.3375,2.2577,0.0113,-0.0550,-0.0525
-5.8993,-0.1820,6.1316,0.0033,-0.0360,-0.0376,-6.1148,-6.2273,2.5019,-0.0044,-0.0061,-0.1540
-5.3654,-0.2442,6.3901,-0.0505,-0.2322,0.0234,-6.1004,-6.2800,2.5786,-0.0272,0.0081,-0.1118
-5.4971,-0.2562,6.2513,-0.0518,-0.1203,0.0103,-6.0214,-6.3207,2.4062,-0.0153,0.0129,-0.0641
-5.5522,-0.0934,6.3159,-0.0416,-0.0528,-0.0204,-6.1723,-6.3207,2.4181,-0.0081,0.0464,-0.0530
-5.4396,-0.1724,6.3542,-0.0584,-0.1452,0.0164,-6.1411,-6.3494,2.4732,0.0031,-0.0105,-0.0474
-5.4636,-0.1269,6.1387,-0.0613,-0.2280,0.0261,-6.1531,-6.3255,2.4948,0.0093,0.0163,-0.0850
-5.3702,-0.1867,6.4332,0.0085,-0.0361,0.0212,-6.3375,-6.5505,2.6719,-0.0269,0.1115,-0.2958
-4.6926,0.2801,6.2824,-0.0465,-0.0386,-0.1905,-6.0645,-6.3518,2.1548,-0.0055,0.0079,-0.1721
-5.2337,-0.1101,6.4859,-0.0557,-0.0867,-0.0108,-5.8658,-6.3542,2.5019,-0.0021,-0.0574,-0.0449
-5.1547,-0.0694,6.3398,-0.0529,-0.1034,0.0061,-6.0956,-6.4045,2.4924,-0.0152,0.0462,-0.0139
-5.2984,0.0311,6.2728,-0.0545,-0.0843,-0.0156,-5.9472,-6.3303,2.5307,-0.0112,0.0032,-0.0544
-5.7389,-0.2777,6.3231,-0.0608,0.0497,-0.0533,-6.2704,-6.4763,2.6049,-0.0841,0.1431,-0.2670
-5.6264,-0.2873,6.4883,-0.0632,-0.0609,-0.0851,-6.0190,-6.4739,2.6983,-0.0338,0.0405,-0.0955
-5.3822,-0.1460,6.4691,-0.0794,-0.0727,-0.0253,-5.9664,-6.5457,2.4684,-0.0342,0.0036,-0.0265
-5.3127,-0.0766,6.3853,-0.0750,-0.0340,-0.0023,-6.0837,-6.5266,2.5019,-0.0516,0.0286,0.0117
-5.3247,-0.0383,6.3710,-0.0982,0.0372,0.0007,-5.9759,-6.4572,2.4086,-0.0618,0.0226,0.0329
-5.2241,-0.0670,6.5410,-0.1075,-0.0376,0.0258,-6.0837,-6.5314,2.3990,-0.0669,-0.0156,-0.0037
-5.3127,-0.1077,6.3686,-0.0838,-0.0506,0.0213,-5.9999,-6.5027,2.3391,-0.0357,-0.0482,0.0364
-5.2361,-0.0263,6.4548,-0.0854,-0.0654,0.0159,-6.0573,-6.5122,2.4995,-0.0332,-0.0077,0.0213
-5.1523,-0.0311,6.4835,-0.0695,-0.1029,0.0161,-5.8849,-6.5457,2.5953,-0.0077,-0.0601,0.0156
-5.1475,-0.0694,6.3829,-0.0930,-0.0095,-0.0141,-5.9472,-6.3446,2.5115,-0.0554,0.0238,-0.0185
-5.2026,-0.0359,6.4979,-0.0847,-0.0240,-0.0169,-6.0142,-6.4931,2.5211,-0.0576,0.0053,0.0044
-5.1284,-0.0072,6.3877,-0.0858,0.0171,-0.0228,-5.9304,-6.4500,2.4517,-0.0644,0.0272,0.0013
-5.2337,-0.0311,6.4691,-0.0989,0.0065,-0.0285,-6.0645,-6.5027,2.4349,-0.0682,0.0317,-0.0112
-5.2409,-0.0503,6.5027,-0.1050,0.0027,-0.0337,-5.9951,-6.3949,2.4948,-0.0601,0.0248,-0.0164
-5.2553,-0.0934,6.4356,-0.1124,0.0528,-0.0472,-5.9951,-6.5194,2.5929,-0.0755,0.0456,-0.0225
-5.2313,-0.1413,6.5434,-0.1039,-0.0290,-0.0181,-5.9735,-6.6056,2.5498,-0.0530,0.0121,-0.0187
-5.1954,-0.1484,6.4260,-0.0769,-0.0646,-0.0083,-5.9855,-6.6056,2.4277,-0.0246,-0.0193,-0.0011
-5.0733,-0.1053,6.5242,-0.0557,-0.0101,-0.0092,-5.8873,-6.4548,2.4852,-0.0175,-0.0147,0.0077
-5.2553,-0.1365,6.4548,-0.0606,-0.0498,-0.0157,-6.0382,-6.4284,2.3942,-0.0140,0.0028,-0.0137
-5.1308,-0.1125,6.5050,-0.0745,-0.0514,-0.0160,-5.9544,-6.4691,2.5474,-0.0181,-0.0121,-0.0091
-5.0925,-0.1269,6.5050,-0.0612,-0.0470,-0.0111,-5.9352,-6.4667,2.4708,-0.0175,-0.0222,0.0095
-5.1140,-0.0958,6.4284,-0.0774,-0.0249,-0.0093,-5.9568,-6.4715,2.4636,-0.0446,0.0218,-0.0097
-5.1092,-0.1580,6.4763,-0.0898,-0.0284,-0.0089,-6.0214,-6.5027,2.5043,-0.0502,-0.0060,-0.0068
-5.1906,-0.0958,6.4212,-0.0751,-0.0266,-0.0121,-5.9448,-6.4787,2.3679,-0.0434,-0.0059,-0.0085
-5.1284,-0.1317,6.4979,-0.0846,-0.0417,-0.0028,-6.0573,-6.5362,2.6001,-0.0506,0.0193,-0.0103
-5.1643,-0.1532,6.5146,-0.0835,-0.0482,-0.0056,-5.9424,-6.4811,2.4684,-0.0417,-0.0012,-0.0076
-5.1739,-0.1508,6.4859,-0.0809,0.0135,-0.0161,-5.9304,-6.5314,2.5355,-0.0528,0.0004,-0.0092
-5.1427,-0.1365,6.5003,-0.0801,-0.0224,-0.0171,-6.0310,-6.4883,2.4852,-0.0502,-0.0013,-0.0019
-5.1523,-0.1125,6.5003,-0.0798,-0.0004,-0.0167,-5.9209,-6.4979,2.5690,-0.0481,0.0083,-0.0076
-5.2146,-0.1293,6.6152,-0.0714,-0.0478,-0.0035,-5.9592,-6.5745,2.4876,-0.0328,-0.0044,-0.0032
-5.1834,-0.0622,6.4979,-0.0726,-0.0155,-0.0213,-6.0214,-6.5027,2.3583,-0.0349,-0.0008,-0.0121
-5.0350,-0.1700,6.5457,-0.0711,-0.0203,-0.0171,-5.9855,-6.5194,2.5426,-0.0270,0.0049,0.0039
-5.1188,-0.0766,6.5362,-0.0731,-0.0582,0.0053,-5.9616,-6.4859,2.3870,-0.0385,0.0005,0.0061
-5.2002,-0.1245,6.6272,-0.0825,-0.0228,-0.0096,-5.9352,-6.4524,2.5881,-0.0545,0.0192,-0.0119
-5.1356,-0.1293,6.6200,-0.0823,-0.0108,-0.0147,-6.0669,-6.5577,2.5426,-0.0462,0.0000,-0.0089
-5.1834,-0.0766,6.4189,-0.0624,-0.0500,0.0000,-5.9472,-6.4763,2.4756,-0.0362,-0.0196,0.0232
-5.0925,-0.1317,6.5888,-0.0795,0.0145,-0.0060,-5.9209,-6.4859,2.5426,-0.0516,0.0168,-0.0041
-5.1858,-0.0503,6.5050,-0.0773,-0.0354,-0.0057,-5.9400,-6.4931,2.5115,-0.0386,-0.0248,0.0017
-5.1116,-0.1006,6.5625,-0.0730,-0.0132,-0.0091,-5.9616,-6.4931,2.5714,-0.0453,0.0171,-0.0041
-5.0829,-0.0144,6.5027,-0.0787,-0.0400,-0.0043,-5.9616,-6.4141,2.5043,-0.0406,-0.0081,-0.0047
-5.1643,-0.0646,6.4667,-0.0798,-0.0052,-0.0076,-6.0334,-6.4739,2.5594,-0.0530,0.0234,-0.0140
-5.1164,-0.0790,6.6128,-0.0869,-0.0580,-0.0036,-5.9544,-6.5769,2.5139,-0.0402,-0.0053,-0.0033
-5.1499,-0.0718,6.5003,-0.0773,-0.0309,-0.0032,-6.0142,-6.5362,2.4852,-0.0354,-0.0007,-0.0001
-5.1020,-0.1293,6.5673,-0.0757,-0.0729,0.0017,-5.9113,-6.5338,2.4756,-0.0406,-0.0023,-0.0041
-5.0757,-0.0934,6.5841,-0.0795,0.0044,-0.0148,-5.9975,-6.5577,2.6193,-0.0424,-0.0004,0.0055
-5.1715,-0.1197,6.2441,-0.0758,-0.0574,-0.0084,-5.9280,-6.4141,2.5115,-0.0325,-0.0249,0.0039
-5.0901,-0.1173,6.5386,-0.0822,-0.0280,-0.0073,-6.0094,-6.5338,2.5307,-0.0504,0.0252,-0.0120
-5.0709,-0.1221,6.4093,-0.0648,0.0943,-0.0433,-5.9735,-6.5553,2.4828,-0.0508,0.0270,-0.0083
-5.1571,-0.1006,6.4715,-0.0806,-0.0405,-0.0068,-6.1028,-6.5457,2.4493,-0.0466,-0.0172,0.0085
-5.0494,-0.1197,6.4021,-0.0759,0.0103,-0.0128,-5.8251,-6.4500,2.5738,-0.0480,0.0005,-0.0028
-5.1092,-0.1173,6.6918,-0.0850,0.0113,-0.0113,-5.9664,-6.4691,2.4253,-0.0565,0.0305,-0.0137
-5.1212,-0.1413,6.4859,-0.0799,-0.0441,-0.0004,-5.9879,-6.5050,2.4804,-0.0397,-0.0171,-0.0003
-5.1523,-0.1077,6.5146,-0.0799,-0.0862,0.0068,-6.0047,-6.5074,2.4469,-0.0317,-0.0265,0.0087
-5.0589,-0.0144,6.5769,-0.0742,0.0048,-0.0096,-5.9855,-6.4380,2.5450,-0.0442,0.0180,0.0068
-5.1619,-0.1053,6.4715,-0.0741,0.0418,-0.0342,-5.9783,-6.5266,2.5307,-0.0589,0.0203,-0.0180
-5.0733,-0.0144,6.5553,-0.0863,-0.0216,-0.0056,-6.0190,-6.5481,2.4852,-0.0529,0.0011,-0.0137
-5.1858,-0.1748,6.4955,-0.0714,-0.0037,-0.0185,-5.9879,-6.5577,2.5163,-0.0322,-0.0013,-0.0021
-5.1475,-0.0144,6.3829,-0.0825,-0.0409,-0.0120,-6.0047,-6.5290,2.6169,-0.0434,0.0024,-0.0063
-5.0494,-0.0814,6.4236,-0.0782,-0.0494,-0.0073,-5.9664,-6.4236,2.5618,-0.0344,-0.0218,0.0068
-5.1068,-0.1700,6.4260,-0.0610,0.1018,-0.0450,-6.0023,-6.4715,2.4517,-0.0525,0.0416,-0.0139
-5.1212,-0.0646,6.5194,-0.0829,-0.0580,-0.0029,-6.0669,-6.4691,2.5067,-0.0380,-0.0196,0.0057
-5.0877,-0.0814,6.6367,-0.0887,0.0258,-0.0048,-6.0262,-6.4284,2.4660,-0.0605,-0.0033,-0.0053
-5.0709,-0.0072,6.4955,-0.1067,-0.1227,0.0199,-5.9640,-6.5697,2.5809,-0.0585,-0.0276,0.0053
-5.1619,-0.1676,6.6176,-0.0798,0.0145,-0.0091,-5.9137,-6.5146,2.5666,-0.0650,0.0264,-0.0100
-5.0350,-0.0766,6.7109,-0.0751,0.0001,-0.0123,-6.0478,-6.4979,2.5235,-0.0376,-0.0172,0.0100
-5.1020,-0.1604,6.3901,-0.0911,-0.0821,0.0037,-5.8538,-6.4811,2.4349,-0.0484,-0.0057,-0.0084
-5.1068,-0.0814,6.5529,-0.0713,0.0080,-0.0208,-5.9592,-6.3901,2.4708,-0.0362,-0.0056,0.0080
-5.0877,-0.1006,6.4787,-0.0810,0.0044,-0.0137,-5.9711,-6.4907,2.5115,-0.0504,0.0147,0.0003
-5.1236,-0.1748,6.4620,-0.0758,-0.0565,-0.0096,-5.9496,-6.4859,2.5570,-0.0312,-0.0256,0.0012
-5.0829,-0.1580,6.4165,-0.0726,-0.0129,-0.0176,-6.0214,-6.5194,2.5570,-0.0401,0.0087,-0.0059
-5.0422,-0.1101,6.6319,-0.0797,-0.0133,-0.0109,-5.9807,-6.4476,2.4612,-0.0448,-0.0125,-0.0073
-5.0781,-0.1173,6.5673,-0.0813,-0.0201,-0.0100,-5.9137,-6.4907,2.4325,-0.0456,0.0064,-0.0069
-5.1212,-0.0622,6.6750,-0.0781,-0.0233,-0.0077,-6.0094,-6.5146,2.5379,-0.0382,0.0055,-0.0055
-5.0398,-0.1772,6.5218,-0.0702,-0.0476,-0.0100,-5.9831,-6.5170,2.5426,-0.0250,-0.0228,0.0035
-5.0566,-0.0646,6.5194,-0.0645,-0.0270,-0.0180,-5.9161,-6.4332,2.5067,-0.0212,0.0013,-0.0137
-5.0542,-0.0479,6.3997,-0.0811,-0.0132,-0.0224,-5.8873,-6.3877,2.6049,-0.0500,0.0023,-0.0120
-5.0278,-0.0958,6.5027,-0.0938,0.0028,-0.0264,-5.8730,-6.3997,2.4421,-0.0706,0.0384,-0.0366
-5.0613,-0.0958,6.7038,-0.0822,-0.0384,-0.0249,-6.0597,-6.6439,2.5857,-0.0538,0.0277,-0.0290
-5.1619,-0.2251,6.4715,-0.0657,-0.0253,-0.0192,-5.9161,-6.6415,2.4181,-0.0109,-0.0508,-0.0171
-5.1116,-0.1269,6.5553,-0.0707,-0.1276,0.0368,-6.0214,-6.4548,2.6480,-0.0052,-0.1106,0.0369
-4.9584,-0.1580,6.4117,-0.0894,-0.0385,0.0245,-5.7652,-6.4141,2.4924,-0.0444,-0.0282,0.0172
-4.9823,-0.1053,6.6702,-0.1096,0.0377,0.0083,-6.0334,-6.5194,2.6121,-0.0917,0.0404,-0.0051
-5.1068,-0.1724,6.6128,-0.0421,-0.0589,-0.0199,-5.9711,-6.5769,2.6432,0.0208,-0.0382,0.0125
-4.9488,-0.0599,6.6032,-0.0589,-0.0666,-0.0273,-5.8442,-6.3662,2.5833,0.0047,-0.0079,0.0004
-4.9584,-0.0311,6.6080,-0.0605,-0.0310,-0.0444,-5.9352,-6.3662,2.5881,-0.0189,0.0489,-0.0280
-5.0278,0.0383,6.6583,-0.0734,-0.0222,-0.0612,-5.9975,-6.4284,2.4157,-0.0253,0.0361,-0.0433
-5.0685,-0.1269,6.7684,-0.0711,-0.0324,-0.0280,-6.1220,-6.5553,2.5570,-0.0418,-0.0060,0.0024
-5.1978,-0.1293,6.6176,-0.0489,-0.0420,-0.0250,-5.9903,-6.4476,2.4397,-0.0197,0.0163,-0.0093
-5.3463,0.0431,6.4715,-0.0802,-0.0229,0.0394,-6.2513,-6.4045,2.2601,-0.0763,-0.0005,0.0501
-5.0470,-0.0120,6.8450,-0.0565,-0.0321,-0.0256,-5.8634,-6.5745,2.5666,0.0073,0.0578,-0.0330
-4.9273,-0.0359,6.6631,-0.0553,-0.0017,-0.0177,-6.0358,-6.6056,2.5857,0.0007,-0.0931,0.0264
-4.9656,0.0000,6.5769,-0.0695,-0.0568,0.0035,-5.8658,-6.4069,2.5666,-0.0213,-0.0265,0.0232
-4.9344,-0.0431,6.6655,-0.0702,-0.0433,0.0028,-5.9759,-6.4021,2.5666,-0.0254,-0.0305,0.0100
-4.8914,0.0000,6.6822,-0.0745,-0.0157,-0.0001,-5.9328,-6.4380,2.6097,-0.0322,0.0152,-0.0037
-4.9871,-0.0838,6.5960,-0.0689,-0.0077,-0.0052,-5.9759,-6.5050,2.6456,-0.0330,-0.0389,0.0168
-4.9321,-0.0599,6.5721,-0.0826,-0.0221,0.0084,-5.9328,-6.4045,2.5977,-0.0578,-0.0040,0.0057
-4.9105,-0.0910,6.5817,-0.0885,-0.0063,-0.0045,-5.9424,-6.4332,2.5498,-0.0524,-0.0024,-0.0051
-4.9225,-0.0311,6.6463,-0.0797,0.0064,-0.0105,-6.0621,-6.4787,2.5546,-0.0478,0.0289,-0.0031
-4.9129,-0.1006,6.6295,-0.0869,-0.0741,0.0068,-5.9616,-6.4763,2.6312,-0.0536,-0.0294,0.0092
-4.9249,-0.0575,6.4859,-0.0691,0.0409,-0.0088,-5.8873,-6.4117,2.5450,-0.0606,0.0199,-0.0016
-4.9847,-0.0718,6.6367,-0.0773,-0.0309,-0.0016,-6.0406,-6.4763,2.6240,-0.0389,0.0016,-0.0037
-5.0159,-0.0215,6.5577,-0.0782,-0.0801,-0.0041,-5.9448,-6.4069,2.6408,-0.0292,-0.0180,0.0040
-4.8243,0.0024,6.6535,-0.0646,-0.0258,-0.0268,-5.9089,-6.3279,2.5307,-0.0396,-0.0108,0.0017
-4.9560,0.0072,6.5769,-0.0593,-0.0071,-0.0171,-6.0118,-6.3877,2.5474,-0.0513,0.0401,-0.0135
-4.9632,0.0192,6.5769,-0.0834,-0.0532,-0.0107,-5.9640,-6.4212,2.6839,-0.0436,-0.0245,-0.0101
-4.9440,-0.0096,6.7133,-0.0757,0.0628,-0.0288,-5.9448,-6.4404,2.7677,-0.0501,0.0326,-0.0151
-4.9871,-0.0503,6.6319,-0.0674,-0.0123,-0.0201,-5.9520,-6.5457,2.6935,-0.0329,-0.0012,-0.0093
-4.9201,0.0000,6.7947,-0.0845,-0.0850,-0.0051,-5.9089,-6.4476,2.6624,-0.0502,0.0169,-0.0127
-4.8937,-0.0527,6.6200,-0.0687,0.0581,-0.0249,-5.9735,-6.3638,2.6911,-0.0442,-0.0136,0.0083
-4.9799,-0.0982,6.5673,-0.0814,-0.0336,-0.0155,-5.9137,-6.4404,2.6504,-0.0490,0.0317,-0.0187
-4.9919,0.0359,6.6750,-0.0850,-0.0614,-0.0116,-5.9759,-6.4859,2.5498,-0.0389,0.0044,-0.0112
-4.9321,-0.0263,6.7756,-0.0729,0.0344,-0.0199,-6.0765,-6.5314,2.7102,-0.0449,0.0123,-0.0008
-4.9201,-0.0192,6.5697,-0.0846,0.0107,-0.0065,-6.0118,-6.4739,2.5642,-0.0548,-0.0005,-0.0063
-4.9105,-0.1006,6.6128,-0.0813,-0.0386,-0.0048,-5.9831,-6.4907,2.4972,-0.0389,-0.0253,0.0028
-4.9273,-0.0622,6.7588,-0.0735,-0.0480,-0.0059,-5.9256,-6.4212,2.6312,-0.0365,-0.0019,0.0005
-4.8746,-0.0646,6.6128,-0.0793,0.0261,-0.0124,-5.8921,-6.4141,2.5809,-0.0542,0.0108,-0.0048
-4.9536,-0.0670,6.5338,-0.0821,0.0217,-0.0236,-5.9137,-6.4117,2.5474,-0.0553,0.0117,-0.0205
-4.8698,-0.0263,6.6463,-0.0859,-0.0244,-0.0222,-5.9855,-6.5098,2.6073,-0.0484,0.0188,-0.0189
-4.9416,-0.0551,6.7038,-0.0741,0.0526,-0.0306,-5.9927,-6.4979,2.6935,-0.0492,0.0306,-0.0124
-5.0398,-0.0742,6.5362,-0.0799,0.0089,-0.0280,-6.0238,-6.3901,2.4660,-0.0574,0.0133,-0.0172
-4.9752,-0.1053,6.6990,-0.0707,-0.0266,-0.0276,-5.9879,-6.5170,2.6456,-0.0380,-0.0028,-0.0107
-4.9704,-0.1245,6.7493,-0.0810,-0.0630,-0.0027,-5.9424,-6.4524,2.5594,-0.0365,-0.0056,-0.0003
-4.9488,-0.0431,6.6056,-0.0807,0.0004,-0.0139,-6.0071,-6.4931,2.5115,-0.0488,0.0031,-0.0041
-4.9321,-0.0287,6.7133,-0.0941,-0.1210,0.0083,-5.9209,-6.4979,2.5953,-0.0357,-0.0296,0.0043
-4.8961,-0.0694,6.7205,-0.0686,0.0457,-0.0132,-5.9400,-6.5098,2.6456,-0.0437,0.0254,-0.0125
-4.9584,-0.0359,6.5194,-0.0818,-0.0617,-0.0040,-5.9233,-6.5266,2.5953,-0.0448,-0.0091,-0.0099
-4.8076,0.0000,6.7780,-0.0795,-0.0009,-0.0133,-5.9113,-6.4356,2.6887,-0.0444,0.0048,0.0016
-4.9416,-0.0766,6.6918,-0.0795,0.0553,-0.0236,-6.0621,-6.4356,2.5450,-0.0641,0.0345,-0.0189
-4.9871,-0.1532,6.6726,-0.0887,-0.0480,-0.0148,-5.9400,-6.5362,2.6911,-0.0477,-0.0020,-0.0073
-4.9105,-0.1053,6.6798,-0.0671,0.0111,-0.0184,-5.8802,-6.4284,2.6193,-0.0384,0.0029,-0.0088
-4.9392,-0.0575,6.6631,-0.0719,-0.0101,-0.0095,-6.0094,-6.4212,2.5498,-0.0408,-0.0051,0.0069
-4.9799,-0.0335,6.6607,-0.0761,-0.0743,-0.0009,-6.0765,-6.4787,2.5618,-0.0301,-0.0171,0.0119
-4.8722,-0.0599,6.7828,-0.0665,-0.0557,0.0017,-5.8347,-6.3901,2.6887,-0.0288,-0.0420,0.0229
-4.7788,-0.0766,6.5601,-0.0807,0.0079,-0.0228,-5.8083,-6.3614,2.6791,-0.0598,0.0362,-0.0236
-4.8698,-0.1149,6.7109,-0.0826,-0.0033,-0.0365,-5.9065,-6.4715,2.6552,-0.0630,0.0336,-0.0163
-4.9153,-0.0503,6.7038,-0.0771,0.0358,-0.0592,-5.9400,-6.3805,2.4493,-0.0618,0.0440,-0.0256
-4.9129,-0.0335,6.7229,-0.0918,-0.0124,-0.0418,-6.0358,-6.4859,2.5642,-0.0657,0.0625,-0.0336
-4.9919,-0.1604,6.7684,-0.0798,0.0131,-0.0432,-5.9640,-6.6367,2.5211,-0.0554,0.0465,-0.0336
-4.9895,-0.1125,6.4811,-0.0761,-0.0318,-0.0164,-5.9999,-6.5888,2.4852,-0.0426,-0.0273,-0.0007
-4.9608,-0.0742,6.7756,-0.0694,-0.0224,-0.0091,-6.1363,-6.6032,2.5666,-0.0228,0.0089,-0.0052
-4.9177,-0.1724,6.7181,-0.0500,-0.0302,-0.0044,-6.0501,-6.4883,2.5331,-0.0041,-0.0368,0.0273
-4.9392,-0.0359,6.6391,-0.0558,-0.0795,0.0032,-6.0238,-6.3877,2.5331,-0.0021,-0.0404,0.0168
-4.9177,-0.0599,6.7157,-0.0544,-0.0513,-0.0123,-5.9640,-6.4236,2.6647,0.0048,-0.0329,0.0052
-4.8770,-0.0910,6.7397,-0.0334,-0.0606,-0.0147,-5.9711,-6.5505,2.6504,0.0165,-0.0348,0.0043
-4.8842,-0.0622,6.7229,-0.0498,-0.0927,0.0088,-5.9759,-6.4308,2.7414,0.0125,-0.0408,0.0175
-4.7214,0.0168,6.7277,-0.0514,-0.0582,-0.0047,-5.8778,-6.3279,2.7150,0.0024,-0.0472,0.0200
-4.7645,0.0551,6.6798,-0.0770,-0.0201,-0.0072,-5.8826,-6.3375,2.7677,-0.0404,0.0032,-0.0044
-4.9344,0.0359,6.7612,-0.0825,-0.0043,-0.0175,-5.9424,-6.3686,2.5786,-0.0482,0.0121,-0.0112
-4.8147,-0.0335,6.6750,-0.0771,-0.0288,-0.0040,-5.9161,-6.5266,2.7126,-0.0384,0.0001,0.0025
-4.9105,-0.0024,6.7133,-0.0653,0.0266,-0.0131,-5.9424,-6.3925,2.6480,-0.0488,-0.0016,0.0072
-4.8722,0.0239,6.6319,-0.0815,0.0135,-0.0065,-5.9999,-6.3518,2.6576,-0.0601,0.0261,0.0055
-4.9416,-0.1317,6.6535,-0.0789,0.0128,-0.0011,-5.8921,-6.4428,2.7294,-0.0557,-0.0183,0.0149
-4.8698,0.0144,6.7277,-0.0858,0.0188,-0.0040,-5.9711,-6.4763,2.6049,-0.0614,0.0108,0.0067
-4.8842,-0.0431,6.6224,-0.0801,-0.0100,0.0037,-5.9759,-6.4452,2.6935,-0.0458,-0.0288,0.0132
