-2.0351,8.9112,1.2570,-0.4694,0.7598,-0.2281,-5.6024,5.9472,3.5889,-0.4171,0.9746,-0.6368
-2.7031,8.8226,1.7071,-0.4522,0.4592,-0.3451,-6.4380,5.2241,3.8618,-0.3491,0.6082,-0.4571
-2.5019,8.5736,1.7334,-0.0961,0.1970,-0.2597,-7.0820,4.9512,3.7565,-0.0810,0.6876,-0.6907
-2.4565,8.5401,0.6440,-0.2513,0.3007,-0.4429,-6.1962,5.4588,2.1284,-0.3444,0.8476,-0.9570
-3.8906,8.3773,1.8723,-0.1568,0.3655,-0.3890,-7.8626,3.8331,3.3926,-0.1583,0.5708,-0.4842
-3.5386,8.2672,2.0446,-0.0795,0.3949,-0.3176,-7.5202,4.0055,3.2729,-0.0444,0.2836,-0.3348
-4.2258,8.4132,2.4612,0.2374,0.2158,-0.2625,-8.4491,3.3064,2.9497,0.1605,0.5121,-0.4846
-4.2401,8.5186,2.0111,0.4708,-0.2029,-0.0361,-8.1499,3.4429,2.2314,0.4979,0.0707,-0.1672
-4.0989,8.0349,0.7278,0.6690,-0.6077,0.2523,-8.3510,3.7062,1.6783,0.8334,-0.1423,0.0630
-2.8204,8.3294,-0.4812,0.6584,-0.8873,0.3132,-6.6894,5.1020,0.9313,0.9839,-0.7202,0.2284
-3.3734,8.4300,0.9170,0.3709,-0.3982,0.0601,-7.7668,3.9624,2.4373,0.6845,-0.2397,-0.0290
-4.2976,9.0860,1.1947,0.6083,-1.4254,0.3688,-7.6758,4.0869,2.4277,1.2253,-1.1762,-0.0084
-2.4924,9.0716,0.1891,0.6170,-0.6471,0.3296,-7.0725,5.5091,1.9417,0.8131,-0.4579,0.2280
-2.3703,8.9519,0.6393,0.2482,-0.6303,0.0013,-7.1108,5.1212,2.5833,0.5560,-0.3444,-0.0701
-2.3798,9.1602,-0.1939,0.4728,-0.6046,0.1442,-7.0390,5.6383,1.5203,0.7024,-0.3420,0.1366
-2.0518,9.0525,-0.5770,0.2886,-0.4816,0.0901,-6.5290,5.9185,1.4988,0.4799,-0.2336,0.0548
-2.0566,9.1913,-0.3017,0.2874,-0.7075,0.0076,-6.7397,5.8107,1.6281,0.5993,-0.4174,-0.1061
-1.7310,9.2967,0.7757,0.2638,-0.4109,0.0224,-6.7708,5.5593,3.1436,0.4391,-0.0742,-0.0793
-2.1069,9.5026,0.4262,0.5657,-0.9096,0.0230,-6.9863,5.6934,2.4876,0.9304,-0.4390,-0.0801
-1.2594,9.8785,0.3711,0.6285,-0.6718,0.0360,-6.4404,6.3422,2.7773,0.9078,-0.2208,-0.0083
-1.3240,9.9359,0.3926,0.9086,-1.2015,-0.1962,-6.8115,6.2656,2.7174,1.4528,-0.4143,-0.2725
-1.0582,9.7564,-0.8882,0.9717,-1.3227,-0.3464,-6.2369,6.8067,1.4198,1.5535,-0.2854,-0.3997
-0.9433,9.4475,-2.2003,0.8676,-1.5627,-0.7137,-5.6838,7.3358,0.1939,1.6326,-0.4839,-0.8366
-1.9728,8.8729,-3.4453,0.4060,-1.3997,-0.9505,-6.1124,6.7924,-1.4174,1.1536,-0.3933,-1.1018
-3.7613,8.6072,-1.6951,0.2204,-1.1105,-1.1823,-8.0038,4.8219,-0.8140,0.9928,-0.2454,-1.3073
-3.9672,8.2696,-1.3240,0.1443,-0.9614,-0.8268,-7.7907,4.4796,0.0096,0.7297,-0.2326,-0.9922
-4.6543,8.0804,-2.2769,-0.2345,-0.4001,-0.8577,-8.3294,4.3215,-1.5634,0.1095,0.0085,-0.9474
-4.7477,7.9607,-1.0271,-0.6014,0.3369,-0.5445,-8.4491,3.6966,-0.4142,-0.5589,0.2864,-0.6041
-5.3726,7.8578,-1.5850,-0.5877,0.4002,-0.2794,-8.8202,3.7110,-1.3503,-0.6723,0.2289,-0.2497
-5.1739,8.0230,-1.4892,-0.6666,0.5344,-0.2025,-8.7987,3.7326,-1.1612,-0.7871,0.2482,-0.1932
-4.8650,8.1523,-0.5363,-0.6812,0.2106,-0.0537,-8.7436,3.5195,0.0934,-0.6674,-0.1136,-0.1200
-4.7477,8.2552,-0.0886,-0.3758,-0.1731,-0.0252,-8.6790,3.7254,0.3472,-0.1966,-0.3231,-0.1428
-5.4109,8.0924,1.2282,-0.0105,0.0309,0.0858,-9.3829,2.4948,1.4102,-0.0135,0.0533,0.0930
-3.7589,8.4970,-0.8523,-0.0234,-0.1700,0.0228,-7.8243,4.7525,0.2586,0.0393,-0.2145,-0.0063
-4.4077,8.4851,-0.7805,-0.2192,-0.0400,-0.0129,-8.5042,4.1228,0.0910,-0.1708,-0.0556,-0.0585
-4.2569,8.2265,-0.6560,-0.1821,0.0799,0.0572,-8.2624,3.9337,0.1365,-0.2465,0.1234,-0.0157
-4.7932,8.1618,-0.0670,-0.0658,0.2510,0.0818,-8.8131,3.4046,0.4788,-0.1378,0.1564,0.0814
-4.4460,8.2624,-0.4884,0.2009,-0.1295,0.2129,-8.3582,3.8858,0.1293,0.2166,-0.1151,0.2073
-4.4939,8.3582,-0.5267,0.0887,0.0449,0.1350,-8.6048,3.9361,0.2011,0.0566,-0.0318,0.1533
-4.5705,8.5665,-0.7709,-0.0056,-0.0889,0.0721,-8.7628,4.0749,-0.0215,0.0061,-0.1066,0.0733
-3.9121,8.6191,-0.2705,-0.0622,-0.0617,0.0021,-8.1666,4.2808,0.7590,-0.0108,-0.0053,-0.0136
-4.1683,8.4970,-0.9673,-0.0568,-0.0569,-0.0188,-8.3127,4.3838,0.0910,-0.0234,0.0011,-0.0264
-4.3144,8.5258,-0.8116,-0.0064,-0.0582,-0.0292,-8.3773,4.2641,0.0910,0.0361,0.0176,-0.0209
-4.3574,8.4898,-0.7039,-0.0019,-0.0167,0.0147,-8.4515,4.0534,0.2203,0.0340,0.0179,0.0368
-4.3479,8.4396,-0.8763,0.0369,-0.0382,0.0209,-8.4755,4.1180,0.0862,0.0799,-0.0520,0.0652
-4.2904,8.3941,-0.8715,-0.0232,0.0416,0.0048,-8.3797,4.1492,0.0000,-0.0065,-0.0990,0.0907
-4.1875,8.5210,-0.7015,-0.0510,-0.0041,0.0488,-8.3606,4.2377,0.2993,-0.0212,-0.1443,0.1260
-4.1468,8.5018,-0.8475,-0.0489,-0.0105,0.0416,-8.2121,4.4053,0.3567,-0.0336,-0.0675,0.0590
-3.7086,8.6072,-0.8954,-0.0682,-0.0436,-0.0108,-7.8602,4.7884,0.4477,-0.0224,0.0032,-0.0119
-3.9409,8.7771,-0.9266,-0.0678,-0.0833,-0.0500,-8.0780,4.6328,0.4046,0.0044,0.0169,-0.0568
-4.1444,8.6191,-0.7422,-0.0747,-0.0097,-0.0859,-8.3725,4.3479,0.2370,-0.0244,0.1079,-0.0795
-4.2545,8.4707,-0.7566,-0.0366,-0.0450,-0.0500,-8.3941,4.1372,0.3065,0.0187,0.0673,-0.0432
-4.3718,8.3749,-0.7853,-0.0501,0.0156,-0.0562,-8.4467,3.9744,0.2370,-0.0250,0.0673,-0.0352
-4.4508,8.4180,-0.7590,-0.0829,0.0533,-0.0073,-8.5377,4.0270,0.1053,-0.0873,0.0277,0.0165
-4.2114,8.5401,-0.7805,-0.0894,0.0381,0.0089,-8.3007,4.2641,0.2729,-0.0910,-0.0140,0.0381
-4.3263,8.5641,-1.0008,-0.1183,0.0678,0.0075,-8.3773,4.2353,0.0982,-0.1248,0.0195,0.0100
-4.1875,8.5066,-1.0702,-0.0998,-0.0213,0.0009,-8.2432,4.4293,0.0910,-0.0751,0.0009,-0.0041
-3.9528,8.6191,-0.8835,-0.0747,0.0107,-0.0536,-8.1977,4.4436,0.2155,-0.0522,0.1071,-0.0432
-4.2928,8.5401,-0.9960,-0.0669,0.0003,-0.1007,-8.3773,4.3024,0.1460,-0.0216,0.1167,-0.0921
-4.2976,8.4252,-0.7757,-0.0201,-0.0633,-0.0500,-8.3845,4.0917,0.1676,0.0476,0.0043,-0.0270
-4.3742,8.4874,-0.7805,-0.0452,-0.0266,-0.0302,-8.4683,4.1731,0.0503,-0.0036,-0.0091,-0.0107
-4.4963,8.4563,-0.8452,-0.0785,0.0665,-0.0131,-8.5305,4.1132,0.0072,-0.0790,0.0172,0.0169
-4.3622,8.3031,-0.9313,-0.0881,-0.0203,0.0390,-8.3582,4.0845,0.0862,-0.0638,-0.0738,0.0590
-4.2449,8.4851,-0.7781,-0.1058,0.0041,0.0284,-8.3342,4.2665,0.1700,-0.0755,-0.1078,0.0715
-4.2353,8.4898,-0.9984,-0.0967,-0.0071,0.0298,-8.3294,4.3862,0.0144,-0.0681,-0.0373,0.0436
-4.0989,8.6383,-1.0606,-0.0931,-0.0208,-0.0175,-8.1906,4.5777,0.1748,-0.0485,0.0377,-0.0300
-4.2066,8.6072,-0.7901,-0.0798,-0.0592,-0.0517,-8.3007,4.3191,0.3041,-0.0081,0.0440,-0.0540
-4.2210,8.4635,-0.7207,-0.0640,-0.0751,-0.0354,-8.3175,4.1755,0.2921,0.0147,0.0056,-0.0480
-4.3215,8.4443,-0.7901,0.0027,-0.0374,0.0040,-8.4563,4.1827,0.2346,0.0446,0.0071,0.0233
-4.0654,8.5808,-0.8164,-0.0345,-0.0240,0.0115,-8.1331,4.3694,0.2921,-0.0135,0.0196,-0.0033
-4.2282,8.5521,-0.7638,-0.1144,-0.0245,0.0161,-8.4611,4.1946,0.2466,-0.0746,-0.0406,0.0145
-4.2928,8.5138,-0.8404,-0.1196,0.0697,-0.0055,-8.3845,4.1946,0.1867,-0.1290,0.0655,0.0051
-4.2473,8.4420,-0.7805,-0.1219,0.0221,-0.0161,-8.3773,4.2593,0.2777,-0.0937,0.0115,-0.0228
-4.1899,8.5904,-0.8715,-0.1077,0.0056,-0.0049,-8.2600,4.3742,0.2227,-0.0798,0.0117,-0.0036
-4.2210,8.5258,-1.0391,-0.1519,0.1085,-0.0437,-8.3558,4.2521,0.0694,-0.1728,0.1366,-0.0394
-4.2880,8.4515,-0.8667,-0.0898,-0.0257,-0.0489,-8.3199,4.1587,0.0718,-0.0433,0.0502,-0.0482
-4.1300,8.5305,-0.8811,-0.0578,-0.0434,0.0072,-8.2696,4.3191,0.1508,-0.0129,-0.0037,-0.0007
-4.1707,8.4731,-0.8068,-0.0168,0.0080,0.0430,-8.2911,4.2737,0.1149,-0.0237,0.0570,0.0428
-4.2401,8.4755,-0.6943,-0.0921,0.0538,0.0001,-8.4084,4.1228,0.1125,-0.0923,0.0536,0.0131
-4.3096,8.5066,-0.7638,-0.0946,-0.0444,-0.0173,-8.3941,4.1899,0.1245,-0.0408,-0.0336,-0.0159
-4.3574,8.4420,-0.8356,-0.0877,-0.0081,0.0061,-8.4851,4.1204,0.0742,-0.0498,-0.0472,0.0000
-3.6751,8.9759,-0.6177,-0.0945,-0.0951,0.0401,-8.1762,4.8267,0.7661,-0.0520,-0.0794,0.0424
-4.7525,8.4036,-0.5842,-0.0242,-0.1315,0.0079,-8.7795,3.8499,0.0934,0.0779,-0.1459,0.0115
-4.1492,8.6670,-0.8715,-0.0993,0.0691,0.0076,-8.3629,4.3694,0.0790,-0.0979,0.0854,0.0004
-4.1156,8.6167,-0.6776,-0.0911,0.0032,0.0133,-8.3486,4.3311,0.2777,-0.0632,0.0008,0.0228
-4.1444,8.6000,-0.7494,-0.0469,-0.0131,0.0278,-8.3773,4.3551,0.2203,-0.0252,-0.0023,0.0213
-4.0534,8.6574,-0.7254,-0.0926,0.0312,-0.0005,-8.3486,4.2904,0.2969,-0.0785,0.0332,0.0099
-4.2641,8.5617,-0.8811,-0.0970,0.0289,-0.0001,-8.4204,4.1420,0.2011,-0.0829,0.0297,0.0113
-4.3694,8.5186,-0.9002,-0.0602,0.0075,-0.0257,-8.4994,4.1444,0.1460,-0.0298,0.0113,-0.0109
-3.8523,8.5234,-1.3575,-0.0241,0.0306,-0.0398,-8.0038,4.6855,-0.2586,-0.0669,0.0342,0.0195
-4.0462,8.4443,-1.0702,-0.0258,-0.2126,0.0209,-8.0206,4.4005,0.2682,0.0926,-0.2553,0.0410
-3.8259,8.9376,-0.8068,-0.0636,-0.0043,0.0389,-8.2408,4.6519,0.4262,-0.0413,-0.0031,0.0341
-4.1755,8.5473,-0.9290,-0.1299,0.0502,-0.0155,-8.3845,4.2952,0.1508,-0.1206,0.0839,-0.0137
-4.0869,8.5569,-0.8691,-0.0675,-0.0244,-0.0088,-8.2121,4.3311,0.0982,-0.0290,0.0308,-0.0085
-3.9863,8.5497,-1.0391,-0.0809,-0.0009,-0.0426,-8.1738,4.4077,0.1437,-0.0514,0.0540,-0.0436
-4.0893,8.4851,-0.9218,-0.0931,0.0052,-0.0433,-8.2672,4.2856,0.0886,-0.0590,0.0374,-0.0480
-4.3000,8.5545,-0.7614,-0.0576,-0.0107,0.0144,-8.5042,4.1420,0.1915,-0.0392,-0.0001,0.0159
-4.1468,8.5928,-0.8643,-0.0745,-0.0207,0.0187,-8.3438,4.2665,0.1724,-0.0394,-0.0396,0.0195
-4.4748,8.3366,-0.9290,-0.1207,0.1347,-0.0461,-8.4539,3.9887,-0.0910,-0.1471,0.1577,-0.0273
-3.6727,8.5138,-0.9242,-0.0341,-0.1336,0.0077,-7.8937,4.5657,0.4525,0.0573,-0.1164,0.0028
-3.8475,8.7532,-0.8452,-0.1340,0.0429,-0.0028,-8.2600,4.5873,0.2610,-0.1362,0.0790,-0.0120
-4.3910,8.3606,-0.8116,-0.1038,0.0237,-0.0420,-8.5066,4.0223,-0.0455,-0.0721,0.0456,-0.0293
-4.3311,8.4779,-0.6057,-0.0999,0.0766,-0.0314,-8.6048,3.9840,0.1077,-0.0881,0.1007,-0.0208
-3.9121,8.6981,-1.1923,-0.0761,0.0801,-0.0020,-8.1882,4.6232,0.0646,-0.1041,0.1371,0.0113
-4.0941,8.5186,-1.0319,-0.1045,-0.0230,-0.0116,-8.2073,4.3838,0.0575,-0.0682,-0.0036,-0.0072
-4.0366,8.6503,-0.8212,-0.0749,-0.0505,0.0193,-8.3007,4.3670,0.1915,-0.0322,-0.0289,0.0039
-4.4149,8.3629,-0.6033,-0.0449,0.0262,-0.0636,-8.5952,3.8786,0.0646,-0.0020,0.0345,-0.0413
-4.0845,8.7436,-0.8595,-0.0767,-0.0149,0.0100,-8.3270,4.5657,0.2059,-0.0460,0.0258,0.0003
-4.2808,8.5521,-0.7422,-0.1247,0.0558,0.0075,-8.4372,4.1372,0.1197,-0.1128,0.0436,0.0093
-4.0965,8.5425,-0.8978,-0.0644,0.0265,-0.0021,-8.3486,4.2713,0.1724,-0.0577,0.0444,0.0128
-4.0701,8.6838,-0.8715,-0.0529,-0.0360,-0.0160,-8.2408,4.4748,0.2610,-0.0180,-0.0061,-0.0023
-4.0510,8.6407,-0.8068,-0.0839,-0.0081,-0.0205,-8.3175,4.4317,0.2322,-0.0457,0.0269,-0.0167
-4.0965,8.6622,-0.7733,-0.0789,-0.0322,-0.0071,-8.2768,4.3455,0.1460,-0.0321,-0.0244,0.0063
-4.3000,8.5042,-0.7542,-0.0743,0.0662,-0.0393,-8.5162,4.1324,0.1341,-0.0666,0.0927,-0.0268
-3.7685,8.6694,-1.1468,-0.0412,-0.0377,0.0048,-8.0637,4.6112,0.1341,-0.0200,0.0169,0.0180
-4.2737,8.3797,-0.9744,-0.0762,0.0023,-0.0429,-8.3534,4.1444,-0.1963,-0.0678,0.0474,-0.0381
-4.0055,8.7580,-0.6728,-0.0570,-0.0745,-0.0072,-8.2432,4.4508,0.3998,0.0067,-0.0624,0.0179
-4.3622,8.3893,-0.7925,-0.0681,0.0518,-0.0492,-8.5784,3.9768,-0.0646,-0.0506,0.0486,-0.0083
-3.7996,8.6191,-1.1636,-0.0486,0.0222,-0.0218,-8.0900,4.6543,0.0168,-0.0480,0.0917,-0.0044
-4.0965,8.5090,-0.9888,-0.0826,-0.0521,-0.0131,-8.2480,4.3910,0.1269,-0.0402,-0.0192,-0.0143
-3.9911,8.6503,-0.7302,-0.0710,-0.0137,-0.0084,-8.2815,4.4748,0.1221,-0.0341,-0.0020,0.0044
-4.2282,8.5353,-0.9888,-0.0958,0.0258,-0.0381,-8.4300,4.2689,-0.1125,-0.0841,0.0570,-0.0346
-4.1827,8.5401,-0.8667,-0.0667,-0.0270,-0.0044,-8.3677,4.3622,0.1389,-0.0306,0.0059,-0.0009
-4.1228,8.5473,-0.7518,-0.1033,-0.0258,-0.0216,-8.3653,4.1899,0.1365,-0.0554,-0.0269,-0.0232
-3.7924,8.5210,-0.9242,-0.0758,0.0061,-0.0322,-8.0325,4.5466,0.1269,-0.0522,-0.0112,0.0025
-4.5921,8.5569,-0.4621,-0.0693,-0.1195,0.0008,-8.7317,3.9217,0.0646,0.0400,-0.1370,0.0121
-4.1539,8.6742,-0.6752,-0.0889,0.0434,0.0120,-8.4204,4.3263,0.3304,-0.0715,0.0314,0.0093
-4.1515,8.6598,-0.8284,-0.0849,0.0224,-0.0128,-8.4348,4.2545,0.0958,-0.0578,0.0196,0.0049
-4.1444,8.5258,-0.8954,-0.0492,-0.0249,-0.0069,-8.2600,4.3598,0.0503,-0.0197,0.0225,-0.0032
-4.0414,8.5210,-0.9385,-0.0710,-0.0353,-0.0230,-8.2839,4.3407,0.1604,-0.0253,-0.0117,-0.0208
-4.0941,8.5952,-0.8499,-0.0817,0.0137,-0.0157,-8.3199,4.2545,0.1006,-0.0679,0.0336,-0.0069
-4.0630,8.6095,-0.9409,-0.0807,-0.0233,0.0123,-8.3797,4.3287,0.2035,-0.0460,-0.0353,0.0258
-4.3120,8.3989,-0.8475,-0.1037,0.1079,-0.0314,-8.5234,4.0773,0.0263,-0.1095,0.1019,-0.0149
-3.7828,8.5281,-1.3455,-0.0553,0.0028,-0.0207,-8.0445,4.5681,0.0096,-0.0474,0.0577,-0.0104
-3.9552,8.5760,-1.0104,-0.0863,-0.1163,0.0088,-8.1163,4.3934,0.1197,-0.0087,-0.0670,-0.0001
-4.0677,8.5856,-0.8619,-0.0755,-0.0441,-0.0310,-8.2768,4.3096,0.1101,-0.0326,0.0083,-0.0297
-4.1827,8.5856,-0.9266,-0.0761,-0.0456,-0.0310,-8.3917,4.3120,0.1796,-0.0264,0.0015,-0.0257
-4.1922,8.5545,-0.6297,-0.0554,-0.1311,0.0148,-8.2504,4.3311,0.1532,0.0293,-0.1296,0.0180
-4.0797,8.6455,-0.5363,-0.1023,0.0087,0.0282,-8.3438,4.3215,0.3472,-0.0785,-0.0163,0.0342
-4.2880,8.4827,-0.8978,-0.0858,0.0749,0.0043,-8.4683,4.1276,-0.0144,-0.0958,0.0460,0.0292
-4.0390,8.6670,-0.8428,-0.0526,-0.0298,0.0141,-8.3079,4.4700,0.1293,-0.0199,-0.0155,0.0437
-3.9049,8.5449,-1.0463,-0.0963,0.0959,-0.0433,-8.2648,4.3766,0.1077,-0.1152,0.1092,-0.0285
-3.8116,8.6503,-1.1205,-0.0414,-0.1090,0.0081,-8.0134,4.6471,0.0455,0.0274,-0.0817,0.0080
-4.1013,8.6598,-0.7063,-0.0898,-0.0085,-0.0001,-8.4443,4.3431,0.2418,-0.0554,0.0193,-0.0196
-4.0079,8.6311,-0.6057,-0.0893,-0.0402,-0.0258,-8.3318,4.2473,0.3687,-0.0393,0.0087,-0.0209
-4.0845,8.5808,-0.7566,-0.0597,0.0111,-0.0282,-8.4276,4.2856,0.0958,-0.0380,0.0384,-0.0088
-4.1037,8.5401,-0.8619,-0.0513,0.0127,-0.0196,-8.3797,4.2952,0.1915,-0.0390,0.0329,-0.0017
-4.1204,8.5784,-0.6009,-0.0819,0.0456,-0.0242,-8.3941,4.2473,0.3831,-0.0652,0.0132,0.0055
-4.3670,8.4180,-0.7542,-0.0913,0.1023,-0.0200,-8.5617,4.0079,0.0215,-0.0919,0.1154,0.0016
-4.0247,8.7221,-1.1396,-0.0466,0.0747,-0.0095,-8.2839,4.5370,-0.0072,-0.0610,0.1364,0.0091
-3.7804,8.5976,-1.1325,-0.0849,-0.0787,-0.0160,-8.0278,4.5777,0.0886,-0.0401,-0.0338,-0.0258
-4.0462,8.5665,-0.8906,-0.0774,-0.0718,-0.0208,-8.2815,4.2952,0.1006,-0.0164,-0.0245,-0.0225
-4.1827,8.6072,-0.7997,-0.0614,-0.0610,-0.0135,-8.4348,4.3335,0.1101,-0.0063,-0.0321,-0.0140
-4.1132,8.6239,-0.5698,-0.0648,-0.0163,-0.0008,-8.3725,4.2234,0.2274,-0.0338,-0.0048,0.0040
-4.1300,8.6048,-0.7901,-0.0901,0.0103,0.0065,-8.3869,4.3311,0.1724,-0.0723,0.0019,0.0177
-4.1444,8.6048,-0.9002,-0.0620,0.0088,0.0037,-8.3653,4.2377,-0.0455,-0.0409,-0.0039,0.0285
-4.0965,8.5880,-0.8739,-0.0714,-0.0067,-0.0107,-8.2959,4.3694,0.0694,-0.0489,0.0020,-0.0048
-4.1899,8.5329,-0.8332,-0.0873,0.0489,-0.0430,-8.4539,4.1539,0.0383,-0.0721,0.1207,-0.0362
-3.8666,8.6766,-1.3743,-0.0464,0.0079,-0.0258,-8.1235,4.6519,-0.1604,-0.0473,0.1198,-0.0183
-3.8714,8.6048,-0.8428,-0.1037,-0.1055,-0.0069,-8.1594,4.4125,0.1341,-0.0337,-0.0699,-0.0181
-4.0917,8.6095,-0.6584,-0.0933,-0.0309,-0.0220,-8.3414,4.2713,0.2801,-0.0453,-0.0061,-0.0107
-4.2186,8.5593,-0.6776,-0.0723,0.0043,-0.0300,-8.4060,4.1587,0.0646,-0.0378,0.0396,-0.0176
-4.0438,8.6287,-0.8547,-0.0401,-0.0071,-0.0212,-8.2863,4.3335,0.1508,-0.0209,0.0370,-0.0015
-4.0486,8.5808,-0.7709,-0.0809,0.0179,-0.0218,-8.3270,4.3263,0.1891,-0.0624,0.0258,-0.0056
-4.0845,8.5401,-0.7542,-0.0827,0.0105,-0.0065,-8.3486,4.3215,0.1389,-0.0612,0.0013,0.0164
-4.5442,8.4874,-0.6680,-0.0521,-0.0342,-0.0079,-8.6215,3.9121,-0.1341,0.0048,-0.0508,0.0119
-4.0606,8.7484,-0.6273,-0.0734,-0.0039,0.0218,-8.4252,4.4317,0.2466,-0.0382,-0.0125,0.0197
-4.1252,8.6095,-0.8619,-0.1140,0.0726,-0.0346,-8.3725,4.2737,0.0431,-0.1042,0.0975,-0.0321
-4.0462,8.5665,-0.8906,-0.0545,-0.0516,-0.0091,-8.3270,4.3383,-0.0144,-0.0125,0.0055,-0.0057
-3.8690,8.6072,-0.7973,-0.0779,-0.0293,-0.0089,-8.1523,4.5059,0.1197,-0.0424,-0.0065,-0.0076
-4.0486,8.6191,-0.8404,-0.0859,-0.0300,-0.0053,-8.3222,4.2641,0.0694,-0.0454,-0.0332,0.0016
-4.1731,8.5808,-0.7326,-0.0517,0.0077,-0.0053,-8.3414,4.2856,0.0048,-0.0364,0.0085,0.0140
-3.9768,8.5952,-0.8356,-0.0959,-0.0077,0.0033,-8.2672,4.4077,0.1748,-0.0695,-0.0361,0.0213
-4.1587,8.4108,-1.0151,-0.0909,0.0787,-0.0261,-8.3127,4.2210,-0.1317,-0.1030,0.0987,-0.0157
-3.9480,8.7077,-1.1301,-0.0532,0.0105,-0.0065,-8.3486,4.5514,0.0622,-0.0464,0.0935,-0.0043
-3.9720,8.5952,-0.9074,-0.1230,0.0224,-0.0322,-8.2337,4.3838,0.1796,-0.0999,0.0649,-0.0402
-4.0366,8.5569,-0.7518,-0.0675,-0.0064,-0.0073,-8.3653,4.2760,0.2394,-0.0404,0.0226,-0.0040
-3.8188,8.3510,-0.8428,-0.0501,-0.0550,0.0103,-8.1499,4.1994,0.3208,0.0004,-0.0602,0.0341
-4.0941,8.6910,-0.3926,0.0927,0.0628,-0.0093,-8.3606,4.1300,0.6297,0.0360,0.1520,0.0617
-3.2370,9.0716,-0.5339,-0.0217,-0.1427,-0.1367,-7.6351,5.2313,0.6823,0.0309,-0.0719,-0.0795
-3.7230,8.9160,-0.9649,0.0183,-0.1342,-0.1132,-8.1211,4.8004,-0.0479,0.0983,-0.1164,-0.0203
-4.5921,8.3869,-1.1636,-0.1005,0.2192,-0.1970,-8.6119,4.0127,-0.4597,-0.1568,0.2710,-0.0947
-4.6280,8.3175,-1.3862,0.0608,0.1343,-0.1535,-8.5784,3.9959,-0.6967,0.0240,0.2328,-0.0561
-4.5873,8.2432,-1.2737,0.0408,0.0797,-0.1243,-8.5353,3.9816,-0.5459,0.0107,0.1522,-0.0422
-4.5346,8.2504,-1.3791,-0.0080,0.1071,-0.0857,-8.5425,4.1444,-0.7446,-0.0462,0.1260,-0.0027
-4.7716,8.2815,-1.6664,-0.0927,0.0634,-0.0694,-8.6598,4.0869,-1.0511,-0.0894,0.0252,-0.0163
-4.8052,8.1786,-1.9201,-0.1435,-0.0047,-0.0217,-8.5401,4.1851,-1.3168,-0.0977,-0.0344,-0.0193
-4.6112,8.3965,-1.3431,-0.1731,-0.1175,0.1014,-8.6215,4.0677,-0.5890,-0.0782,-0.1178,0.0226
-4.4987,8.4755,-1.0247,-0.1231,-0.1986,0.1202,-8.6335,4.0510,-0.2753,-0.0033,-0.2082,0.0446
-4.1228,8.5880,-1.0439,-0.1487,-0.1160,0.1091,-8.3653,4.3551,-0.1580,-0.0722,-0.1659,0.0514
-4.2569,8.4970,-0.8499,-0.1561,-0.1299,0.0842,-8.4779,4.2090,-0.0790,-0.0556,-0.1665,0.0137
-4.1444,8.5784,-0.8475,-0.1088,-0.1354,0.0863,-8.3725,4.2090,0.0431,-0.0088,-0.1427,0.0340
-4.0725,8.7197,-0.8045,-0.1184,-0.1094,0.0998,-8.3222,4.4269,0.2251,-0.0426,-0.1160,0.0498
-4.0223,8.6574,-0.7183,-0.1444,-0.0446,0.0548,-8.4467,4.2569,0.2083,-0.0879,-0.0750,0.0181
-4.0965,8.6574,-0.6871,-0.1158,-0.0646,0.0513,-8.3797,4.3144,0.2370,-0.0513,-0.0661,0.0336
-4.0701,8.6000,-0.6081,-0.0901,0.0039,0.0333,-8.4707,4.1946,0.1341,-0.0642,-0.0358,0.0286
-4.0390,8.6598,-0.9313,-0.1062,-0.0521,0.0322,-8.2648,4.4101,-0.0168,-0.0612,-0.0612,0.0191
-3.9816,8.5928,-0.6225,-0.1151,-0.0470,0.0349,-8.3366,4.2760,0.0790,-0.0536,-0.0718,0.0197
-3.9049,8.7460,-0.8763,-0.1021,-0.0032,0.0199,-8.2648,4.3742,0.2538,-0.0707,0.0075,0.0075
-3.9648,8.6455,-0.5578,-0.0998,-0.0298,-0.0068,-8.3869,4.2090,0.3663,-0.0409,-0.0246,-0.0167
-3.9337,8.5521,-0.7350,-0.0612,-0.0019,-0.0148,-8.4013,4.3598,0.0766,-0.0389,0.0215,-0.0057
-3.9792,8.6455,-0.7207,-0.1191,-0.0505,0.0096,-8.0661,4.3838,0.3567,-0.0605,-0.0225,-0.0095
-4.0318,8.6311,-0.7207,-0.0991,-0.0147,-0.0021,-8.3342,4.2090,0.0694,-0.0476,-0.0065,-0.0121
-3.9600,8.5186,-0.5818,-0.0506,-0.0289,-0.0196,-8.2935,4.2784,0.4286,-0.0135,0.0019,-0.0095
-3.8882,8.6910,-0.7063,-0.0496,-0.0296,-0.0057,-8.3294,4.3263,0.3328,-0.0163,-0.0131,0.0005
-3.8882,8.6311,-0.7183,-0.0686,-0.0253,-0.0139,-8.3414,4.3455,0.1652,-0.0320,-0.0119,0.0009
-3.9480,8.6167,-0.7230,-0.0500,-0.0024,-0.0179,-8.3677,4.3144,0.1508,-0.0220,-0.0016,0.0044
-3.8834,8.7101,-0.9242,-0.0669,-0.0124,-0.0133,-8.2097,4.5849,0.0646,-0.0389,-0.0080,0.0076
-3.9337,8.6383,-0.7254,-0.0771,-0.0040,-0.0156,-8.3606,4.2928,0.1484,-0.0465,0.0207,-0.0031
-4.0965,8.6191,-0.7398,-0.0556,-0.0438,-0.0195,-8.3749,4.3120,0.1652,-0.0113,-0.0096,-0.0056
-3.8547,8.6670,-0.7063,-0.0646,-0.0286,-0.0103,-8.2432,4.4628,0.2059,-0.0298,-0.0029,0.0001
-3.9744,8.6383,-0.8571,-0.0974,-0.0089,-0.0147,-8.2887,4.3263,0.0838,-0.0632,-0.0055,-0.0088
-4.0175,8.6167,-0.7925,-0.0584,-0.0448,0.0248,-8.3031,4.2808,0.0383,-0.0200,-0.0313,0.0256
-3.9744,8.5665,-0.7973,-0.0970,-0.0188,0.0168,-8.3127,4.3263,0.0551,-0.0568,-0.0342,0.0047
-3.8020,8.6766,-0.8021,-0.0941,-0.0450,0.0324,-8.1594,4.4700,0.2705,-0.0490,-0.0614,0.0254
-3.9696,8.6670,-0.6871,-0.1092,-0.0505,0.0454,-8.3270,4.3311,0.1580,-0.0654,-0.0719,0.0368
-3.9121,8.6838,-0.6871,-0.1167,-0.0517,0.0358,-8.2887,4.3910,0.1939,-0.0581,-0.0589,0.0257
-3.7565,8.7604,-0.7302,-0.1059,-0.0767,0.0382,-8.1307,4.5203,0.2873,-0.0577,-0.0310,0.0241
-3.8499,8.6191,-0.7877,-0.1138,-0.0337,0.0277,-8.1786,4.4819,0.1460,-0.0767,-0.0097,-0.0048
-3.8523,8.7771,-0.7039,-0.1138,-0.0865,0.0353,-8.2384,4.4029,0.3711,-0.0373,-0.0803,0.0085
-3.7804,8.7077,-0.4717,-0.1063,-0.0504,0.0401,-8.2049,4.3407,0.4118,-0.0544,-0.0540,0.0128
-3.8211,8.7269,-0.4142,-0.1231,-0.0675,0.0385,-8.2217,4.3263,0.4980,-0.0594,-0.0886,0.0181
-3.7852,8.7005,-0.4836,-0.1077,-0.0713,0.0516,-8.2456,4.3790,0.5435,-0.0453,-0.1073,0.0358
-3.6583,8.7843,-0.2897,-0.1074,-0.0540,0.0558,-8.2791,4.4197,0.5890,-0.0546,-0.0879,0.0438
-3.6823,8.7604,-0.3376,-0.1200,-0.0310,0.0406,-8.1570,4.4532,0.5602,-0.0749,-0.0705,0.0203
-3.6272,8.7005,-0.4286,-0.1223,-0.0027,0.0404,-8.0493,4.5107,0.5650,-0.0919,-0.0417,0.0161
-3.5889,8.8274,-0.3448,-0.1070,-0.0340,0.0669,-8.1786,4.4676,0.7015,-0.0618,-0.0865,0.0518
-3.3615,8.9208,-0.3639,-0.1023,-0.0365,0.0390,-8.0924,4.6998,0.7949,-0.0625,-0.0468,0.0281
-3.4548,8.8226,-0.3112,-0.1187,-0.0659,0.0358,-7.9966,4.6256,0.8547,-0.0566,-0.0817,0.0153
-3.2920,8.8729,-0.2945,-0.0910,0.0128,-0.0011,-8.0613,4.5753,0.8212,-0.0687,0.0061,-0.0080
-3.4046,8.9112,-0.2251,-0.0806,-0.0388,-0.0325,-8.0493,4.6017,0.8547,-0.0187,-0.0087,-0.0233
-3.3447,8.8681,-0.1293,-0.0297,-0.0076,-0.0843,-8.0685,4.5562,1.0367,0.0152,0.0645,-0.0687
-3.5123,8.8873,-0.1652,0.0314,-0.0584,-0.0678,-8.1810,4.4365,0.8260,0.0735,0.0561,-0.0496
-3.5434,8.8609,-0.2777,0.0613,-0.0313,-0.0827,-8.0732,4.5801,0.6536,0.0921,0.0810,-0.0165
-3.6823,8.7508,-0.7901,-0.0171,0.1175,-0.1006,-8.1307,4.5681,0.4357,-0.0525,0.2366,-0.0648
-3.7397,8.7963,-0.5602,-0.0566,0.0216,-0.0199,-8.2217,4.4436,0.4669,-0.0486,0.1179,-0.0302
-3.7661,8.5665,-0.7422,-0.0176,-0.0436,-0.0529,-8.2791,4.2665,0.1939,0.0032,0.1535,-0.0733
-3.7062,8.6311,-0.5531,-0.0601,-0.0875,-0.0715,-8.1116,4.3311,0.2586,0.0208,0.0441,-0.0991
-4.2904,8.3965,-0.5148,0.8988,-2.6537,0.1127,-8.7987,3.8547,-0.3400,1.8815,-2.2018,0.3114
-2.9497,8.7412,-1.5036,0.0140,0.0052,0.2332,-7.3502,5.4827,0.0287,-0.0715,0.0189,0.2304
-4.1539,8.4276,-0.3903,-0.2507,0.6149,0.2088,-8.4539,3.8140,0.4022,-0.5700,0.4402,0.2667
-3.5147,8.7556,1.0080,0.0569,-0.0454,0.3580,-8.4467,3.8762,1.6616,0.0585,-0.1633,0.3676
-2.7294,9.0932,-0.6321,0.3556,-0.3696,0.4732,-7.6064,5.2074,0.6416,0.4194,-0.2958,0.4891
-2.4924,9.2177,-1.3767,0.2004,0.0850,0.4044,-7.2975,5.7844,0.2083,0.0421,0.0729,0.4900
-2.0327,9.2608,-1.1732,-0.0518,0.1727,0.2956,-7.1682,5.7437,0.6536,-0.1675,0.0745,0.3269
-2.1787,9.3877,-1.1588,0.1524,0.0566,0.3383,-7.2808,5.8131,0.5195,0.0702,0.0104,0.4098
-1.6209,9.4332,-1.8028,0.2137,-0.1896,0.3714,-6.7086,6.4117,0.1508,0.2341,-0.1795,0.3825
-1.5754,9.5672,-2.0997,0.0921,-0.1396,0.3913,-6.9504,6.5817,-0.2011,0.0874,-0.0396,0.3316
-1.0056,9.6055,-2.0470,-0.0782,-0.0556,0.2646,-6.3422,6.9145,0.3639,-0.0717,-0.0294,0.1625
-1.0367,9.6510,-1.6568,-0.0770,-0.1022,0.1128,-6.4979,6.8259,0.6488,-0.0085,-0.0655,0.0278
-1.3862,9.5816,-1.8914,-0.3060,-0.0258,0.0548,-6.8594,6.6487,0.0646,-0.2916,-0.1440,-0.0621
-2.1404,9.3182,-0.7254,-0.6799,0.9168,-0.0203,-7.2640,5.5258,0.8308,-1.0495,0.4658,0.0159
-1.8100,9.3613,-0.4118,-0.3910,0.1881,0.0520,-7.3119,5.4181,1.3503,-0.3545,-0.1199,-0.0029
-1.1923,9.4379,-2.0255,-0.0226,-0.4541,0.1823,-6.3686,6.8091,0.3855,0.1883,-0.4976,0.0698
-0.9290,9.5337,-1.0630,-0.3792,0.0434,-0.0915,-6.4236,6.5338,1.3192,-0.3363,-0.0589,-0.1688
-1.7023,9.4092,-0.3136,-0.5373,0.4044,-0.2085,-7.1371,5.6144,1.5083,-0.6158,0.2650,-0.2352
-2.0255,9.3158,0.9122,-0.3604,0.0394,-0.1761,-7.4939,4.8530,2.2769,-0.2461,-0.0317,-0.2338
-2.2098,9.1794,0.4525,-0.1600,0.0313,-0.0456,-7.4436,4.9057,1.8507,-0.1226,0.0143,-0.0406
-2.2266,9.1554,-0.3950,-0.0993,0.0903,0.0693,-7.3837,5.2601,1.1325,-0.1370,0.0265,0.0989
-1.7693,9.2967,-0.5291,-0.0878,0.0930,0.1375,-7.1251,5.6407,1.1779,-0.1363,0.0398,0.1581
-1.4269,9.5146,-0.5722,-0.0743,-0.0376,0.1302,-6.8761,5.9209,1.3767,-0.0492,-0.0588,0.1162
-1.2498,9.4379,-0.6608,-0.1783,-0.0410,0.0412,-6.7421,6.0837,1.2881,-0.1234,-0.0654,-0.0028
-1.5706,9.4140,0.2418,-0.1495,0.0714,0.0586,-7.0749,5.4372,1.9944,-0.1627,0.0318,0.0622
-1.4389,9.3111,-0.6895,-0.1187,0.1523,0.0433,-6.8378,5.8921,1.1444,-0.1841,0.0895,0.0698
-1.4054,9.4547,-0.2011,-0.2638,0.0974,0.0285,-6.9025,5.7796,1.7214,-0.2670,0.0147,-0.0076
-1.4868,9.4427,-0.1987,-0.1204,0.1615,-0.0120,-6.9168,5.8634,1.5562,-0.1761,0.1232,0.0229
-1.4485,9.3709,-0.3328,-0.1695,0.0779,-0.0617,-6.8953,5.7509,1.4988,-0.1647,0.0482,-0.0640
-1.6281,9.4140,0.0168,-0.1330,0.0480,-0.0645,-7.0820,5.5426,1.6664,-0.1075,0.0344,-0.0589
-1.7526,9.3015,0.1460,-0.1296,-0.0298,-0.0406,-7.1706,5.4109,1.8220,-0.0681,-0.0300,-0.0464
-1.6879,9.2440,0.1365,-0.1009,0.0192,0.0019,-7.1036,5.4133,1.7406,-0.0867,0.0169,0.0152
-1.5969,9.4140,-0.1197,-0.0782,-0.0325,0.0217,-7.0174,5.6790,1.5634,-0.0464,-0.0382,0.0265
-1.5490,9.3996,-0.0359,-0.0838,-0.0209,0.0260,-6.9360,5.7054,1.7119,-0.0540,-0.0265,0.0305
-1.3862,9.3709,0.1867,-0.1302,-0.0434,0.0055,-6.7947,5.6743,1.9201,-0.0620,-0.0340,-0.0192
-1.4605,9.3829,-0.0383,-0.0733,-0.0357,-0.0087,-6.9552,5.6982,1.5107,-0.0274,-0.0085,-0.0084
-1.4676,9.3685,0.2107,-0.1144,-0.0488,-0.0326,-6.9863,5.5138,1.9513,-0.0456,-0.0332,-0.0466
-1.4940,9.3613,0.0120,-0.0604,-0.0416,-0.0152,-6.9743,5.5857,1.6328,-0.0100,-0.0045,-0.0100
-1.6544,9.3494,0.1245,-0.0938,-0.0517,-0.0188,-7.0629,5.4588,1.6975,-0.0336,-0.0298,-0.0249
-1.4150,9.3302,0.0886,-0.0750,-0.0129,0.0047,-6.8953,5.6767,1.7741,-0.0478,-0.0109,0.0071
-1.4772,9.4619,0.1197,-0.0813,-0.0097,-0.0305,-6.9504,5.6360,1.8435,-0.0409,0.0201,-0.0209
-1.4700,9.3829,0.1077,-0.0665,-0.0562,-0.0225,-6.9767,5.5976,1.8603,-0.0057,-0.0185,-0.0179
-1.4317,9.3494,0.0455,-0.1003,-0.0160,-0.0601,-6.8714,5.6288,1.7382,-0.0484,0.0031,-0.0564
-1.5012,9.3398,0.0622,-0.0822,-0.0329,-0.0710,-6.9528,5.5785,1.7526,-0.0211,0.0012,-0.0622
-1.6305,9.3446,0.0192,-0.0803,-0.0747,-0.0685,-7.0054,5.5426,1.7789,-0.0040,-0.0290,-0.0698
-1.7957,9.2680,0.1796,-0.1031,-0.0314,-0.0652,-7.1802,5.3056,1.7406,-0.0452,-0.0052,-0.0613
-1.9776,9.1243,0.1030,-0.1042,0.0199,-0.0370,-7.3550,5.1882,1.4533,-0.0791,0.0274,-0.0180
-1.9441,9.2440,0.2107,-0.0697,-0.0037,0.0517,-7.3406,5.1236,1.6209,-0.0557,-0.0360,0.0626
-1.5275,9.3613,0.0168,-0.0604,0.0433,0.0866,-6.9145,5.5713,1.7645,-0.0850,0.0049,0.1059
-1.3623,9.4332,-0.0694,-0.0662,0.0057,0.0618,-6.8402,5.7509,1.8507,-0.0638,-0.0120,0.0739
-1.1756,9.4188,-0.0287,-0.0873,-0.0100,0.0151,-6.7732,5.8203,1.9632,-0.0565,-0.0027,0.0163
-1.2713,9.3996,0.0814,-0.0901,0.0039,-0.0205,-6.8283,5.6336,1.8747,-0.0580,0.0304,-0.0084
-1.5323,9.3422,0.1365,-0.0923,-0.0285,-0.0500,-6.9767,5.5809,1.8316,-0.0397,0.0115,-0.0493
-1.6999,9.3015,0.2394,-0.0707,-0.1182,-0.0512,-7.0916,5.4133,1.9010,0.0285,-0.0486,-0.0564
-1.4485,9.2847,0.1413,-0.0558,-0.0318,-0.0354,-6.8283,5.5569,1.9225,-0.0169,0.0127,-0.0196
-1.5778,9.2536,0.0431,-0.1007,-0.0141,-0.0705,-7.0557,5.5354,1.7861,-0.0510,0.0167,-0.0648
-1.4724,9.3278,0.1484,-0.1175,0.0698,-0.0229,-6.9336,5.6503,1.8842,-0.1224,0.0602,-0.0121
-1.5730,9.3015,0.1221,-0.0926,-0.0658,-0.0577,-7.0605,5.5115,1.6616,-0.0109,-0.0322,-0.0661
-1.5131,9.2823,0.4046,-0.0838,-0.1033,-0.0552,-7.0054,5.3702,2.0016,0.0100,-0.0417,-0.0602
-1.9465,9.1818,0.1844,-0.0947,-0.0412,-0.0436,-7.2832,5.1595,1.6041,-0.0428,-0.0079,-0.0398
-2.5115,8.9543,0.2035,-0.1468,0.0711,0.0081,-7.5824,4.7573,1.3360,-0.1624,0.0204,0.0195
-2.2625,9.0740,0.5100,-0.0373,0.0746,0.2876,-7.4819,4.8291,1.8435,-0.1220,-0.0368,0.3172
-0.9840,9.5241,-0.0742,-0.0509,0.0056,0.3832,-6.5984,6.1268,1.8986,-0.1037,-0.1459,0.3577
0.1700,9.7707,-0.0694,-0.0895,0.0460,0.1736,-5.7557,6.7612,2.6671,-0.1152,-0.0113,0.1525
-0.3017,9.6606,-0.0215,-0.1087,-0.0229,-0.1038,-6.2728,6.3829,2.1356,-0.0454,0.0188,-0.1058
-0.9122,9.5098,0.1628,-0.1208,-0.0394,-0.2024,-6.6415,5.9280,2.0016,-0.0228,0.0493,-0.1953
-1.3671,9.2727,0.2490,-0.1006,-0.0492,-0.2302,-6.9528,5.5450,1.8651,0.0039,0.0617,-0.2138
-1.8675,9.1602,0.2873,-0.1103,-0.0258,-0.1908,-7.2640,5.0494,1.6376,-0.0373,0.0537,-0.1743
-2.5283,8.8897,0.5171,-0.1264,0.0377,-0.0762,-7.7213,4.4628,1.5562,-0.1013,0.0382,-0.0532
-2.4038,9.0956,0.5866,-0.0301,0.0103,0.2178,-7.5848,4.7692,1.7142,-0.0621,-0.0671,0.2443
-0.4717,9.6534,0.2155,0.0080,0.0269,0.3044,-6.3039,6.3063,2.2410,-0.0600,-0.0574,0.3103
0.1413,9.7995,-0.2538,-0.1070,-0.0461,-0.1041,-5.8634,6.9025,2.2505,-0.0310,0.0157,-0.1207
-0.8859,9.5050,0.1844,-0.1204,-0.0835,-0.2713,-6.5912,5.8754,2.1668,0.0128,0.0517,-0.2695
-1.3455,9.2368,0.2969,-0.1075,-0.1009,-0.2960,-6.8881,5.4612,2.0111,0.0328,0.0440,-0.2859
-1.7717,9.1147,0.2610,-0.1379,-0.0204,-0.3064,-7.1443,5.1523,1.7358,-0.0372,0.1049,-0.2931
-2.6647,8.8035,0.2873,-0.1803,0.0606,-0.2301,-7.7644,4.4508,1.2929,-0.1298,0.1127,-0.2097
-3.1939,8.7484,0.7757,-0.1635,0.0488,-0.0218,-8.1762,3.8499,1.4581,-0.1454,0.0109,-0.0133
-3.4093,8.5808,0.8835,-0.0574,0.0532,0.1827,-8.2504,3.6464,1.3767,-0.1041,-0.0440,0.2190
-2.1644,9.0429,0.7135,0.0714,0.0357,0.6428,-7.3909,4.7860,1.9920,-0.0695,-0.1912,0.6618
0.1580,9.7612,-0.1724,0.1319,-0.0628,0.6273,-5.7844,7.0030,2.3463,0.0320,-0.2236,0.5935
1.4054,10.0173,-0.4238,-0.1119,-0.0510,0.1003,-4.9368,7.8243,2.9377,-0.0845,-0.0561,0.0502
-0.0814,9.6989,-0.0407,-0.1435,-0.0240,-0.2216,-6.0047,6.5601,2.2913,-0.0432,0.0380,-0.2230
-1.3024,9.3470,0.2610,-0.1358,-0.0645,-0.3271,-6.8570,5.5162,2.0207,-0.0073,0.0855,-0.3079
-2.3750,8.8921,0.5435,-0.1434,0.0490,-0.2152,-7.6638,4.4796,1.6879,-0.0921,0.0985,-0.1769
-2.7150,8.8394,0.6440,-0.0737,-0.0063,0.0109,-7.7357,4.2641,1.5802,-0.0446,-0.0040,0.0361
-2.3296,9.0525,0.3783,-0.0633,0.0087,0.2374,-7.6040,4.7908,1.6735,-0.1051,-0.0890,0.2505
-0.3926,9.5600,0.2346,-0.0425,-0.0509,0.2899,-6.0956,6.3805,2.2434,-0.0529,-0.1108,0.2511
0.2298,9.9192,0.0263,-0.1593,-0.0209,0.0985,-5.8466,6.9312,2.5115,-0.1212,-0.0486,0.0457
0.0527,9.8713,0.4405,-0.0648,-0.0612,-0.0829,-6.1052,6.6176,2.6145,0.0215,-0.0169,-0.0919
-0.3400,9.6438,0.0431,-0.0775,-0.0905,-0.2594,-6.1459,6.3638,2.1739,0.0405,0.0180,-0.2517
-0.9074,9.3733,0.3543,-0.1575,-0.0125,-0.3607,-6.5817,5.7269,2.1380,-0.0276,0.1315,-0.3481
-1.6927,9.1937,0.3041,-0.1284,0.0091,-0.3151,-7.0701,5.2601,1.8124,-0.0414,0.1155,-0.2870
-2.3631,8.8155,0.5483,-0.2053,0.0546,-0.2875,-7.5633,4.5801,1.5203,-0.1342,0.1126,-0.2737
-3.4477,8.5305,1.1133,-0.2266,0.1515,-0.0855,-8.4036,3.3423,1.6281,-0.2406,0.1108,-0.0562
-3.4884,8.5832,0.9720,-0.0282,0.0125,0.3285,-8.3055,3.5602,1.5251,-0.0854,-0.1375,0.3544
-1.9249,9.0812,0.5674,0.0823,-0.0161,0.6002,-7.1347,5.0350,1.9968,-0.0286,-0.2268,0.6054
0.4932,9.7229,-0.4070,-0.0016,-0.0208,0.4261,-5.4157,7.4029,2.2434,-0.1228,-0.1640,0.3920
1.2713,9.9886,-0.0670,-0.3325,0.3220,0.0274,-5.1260,7.4268,3.0263,-0.4631,0.1342,-0.0057
-0.3136,9.7516,0.6656,-0.2076,0.1536,-0.1897,-6.3925,6.0861,2.6887,-0.1771,0.0998,-0.1751
-1.1205,9.3829,0.6488,-0.0574,-0.1713,-0.2285,-6.7516,5.6120,2.4181,0.1019,-0.0532,-0.2157
-1.8244,8.9854,0.6416,-0.1146,-0.0208,-0.2499,-7.2472,4.9225,1.9465,-0.0221,0.0738,-0.2361
-2.5259,8.8178,0.7087,-0.0969,-0.0378,-0.1274,-7.7093,4.3886,1.6783,-0.0242,0.0161,-0.1003
-2.4924,8.8490,0.8260,-0.0468,-0.0069,0.0886,-7.7189,4.2856,1.8196,-0.0430,-0.0353,0.1122
-1.6209,9.1171,0.7685,0.0021,-0.0284,0.2955,-7.1371,5.0278,2.1931,-0.0282,-0.1017,0.3036
-0.4381,9.5050,0.3328,-0.0096,-0.0188,0.3060,-6.2417,6.2082,2.6264,-0.0410,-0.1098,0.2827
0.4142,9.8569,0.0503,-0.0945,-0.0305,0.0208,-5.7365,7.0054,2.6360,-0.0530,-0.0290,-0.0048
-0.6512,9.4284,0.5219,-0.1099,-0.0548,-0.2398,-6.4667,5.8131,2.4229,-0.0061,0.0501,-0.2266
-1.5323,9.1339,0.5866,-0.0969,-0.1073,-0.2659,-7.1060,5.1427,2.1524,0.0420,0.0493,-0.2582
-2.0494,8.9974,0.5411,-0.1218,-0.0843,-0.1843,-7.3526,4.7860,1.6209,-0.0140,0.0262,-0.1701
-2.6121,8.8131,0.8021,-0.1302,0.0019,-0.0662,-7.6974,4.2114,1.8172,-0.0831,0.0120,-0.0588
-1.7861,9.0501,0.7446,0.0031,0.0537,0.3164,-7.1539,5.0063,2.1213,-0.0923,-0.0572,0.3432
-0.3663,9.5864,0.3376,-0.0087,-0.0276,0.3007,-6.2417,6.3207,2.5379,-0.0429,-0.1270,0.2834
0.1053,9.6989,0.2227,-0.0742,-0.0012,-0.0147,-5.9256,6.7014,2.5355,-0.0501,0.0085,-0.0180
-0.8882,9.4571,0.4429,-0.1208,-0.0482,-0.1868,-6.6990,5.6910,2.3367,-0.0155,0.0657,-0.1885
-1.4605,9.1842,0.6560,-0.1045,-0.0497,-0.1966,-6.9839,5.2361,2.1261,-0.0047,0.0434,-0.1791
-1.9824,9.0644,0.6823,-0.1186,-0.0085,-0.1019,-7.3789,4.7357,1.9848,-0.0618,0.0264,-0.0865
-1.7621,9.1099,0.7159,-0.0365,-0.0304,0.1246,-7.2449,5.0470,2.1404,-0.0373,-0.0685,0.1507
-1.1732,9.3374,0.6009,-0.0658,0.0393,0.1255,-6.6918,5.5689,2.3367,-0.0907,-0.0092,0.1315
-0.7949,9.4763,0.5411,-0.0453,-0.0068,0.0761,-6.5194,5.8251,2.4995,-0.0382,-0.0236,0.0867
-0.5722,9.4451,0.3496,-0.0866,-0.0362,-0.0159,-6.3734,6.0597,2.4828,-0.0365,-0.0228,-0.0197
-1.0965,9.3350,0.5722,-0.1091,-0.0460,-0.1227,-6.7995,5.5905,2.2984,-0.0273,0.0053,-0.1226
-1.3910,9.2368,0.5842,-0.0825,-0.0294,-0.1019,-7.0222,5.2816,2.1117,-0.0222,0.0308,-0.0862
-1.6879,9.1794,0.5243,-0.1030,-0.0137,-0.0739,-7.2233,5.0877,2.0686,-0.0524,0.0013,-0.0628
-1.4772,9.2225,0.7063,-0.0650,-0.0414,0.0171,-7.0366,5.2960,2.2362,-0.0209,-0.0241,0.0217
-1.2067,9.3134,0.5363,-0.0774,0.0017,0.0397,-6.7995,5.5234,2.3080,-0.0626,-0.0113,0.0481
-1.1372,9.2943,0.4956,-0.0770,-0.0386,0.0417,-6.7445,5.5138,2.1644,-0.0366,-0.0456,0.0418
-1.0822,9.3613,0.5291,-0.1065,-0.0410,-0.0398,-6.7133,5.5330,2.4517,-0.0472,0.0221,-0.0493
-1.3982,9.2177,0.5411,-0.0733,-0.0015,-0.0737,-7.0485,5.2313,2.1715,-0.0356,0.0546,-0.0492
-1.5945,9.1291,0.4022,-0.0697,-0.0220,-0.0288,-7.0150,5.2218,2.0255,-0.0389,0.0320,-0.0129
-1.6328,9.1291,0.6560,-0.0777,-0.0361,0.0196,-7.0030,5.0829,2.1428,-0.0393,-0.0189,0.0338
-1.3910,9.2153,0.5291,-0.0557,0.0169,0.0438,-6.8474,5.3630,1.9656,-0.0584,0.0084,0.0593
-1.1660,9.2823,0.5291,-0.0671,0.0083,0.0771,-6.8642,5.5450,2.1979,-0.0649,-0.0049,0.0850
-0.7757,9.4571,0.4118,-0.0625,-0.0095,0.0632,-6.5673,5.7365,2.3798,-0.0497,-0.0257,0.0655
-0.6728,9.4044,0.4501,-0.0751,0.0004,-0.0059,-6.4500,5.8658,2.4229,-0.0565,-0.0208,0.0103
-1.1708,9.3948,0.4525,-0.1017,-0.0328,-0.0733,-6.8187,5.6048,2.1356,-0.0369,0.0140,-0.0653
-1.3264,9.2823,0.7230,-0.0833,0.0047,-0.0947,-6.9647,5.2840,2.2841,-0.0354,0.0401,-0.0733
-1.4293,9.1554,0.3304,-0.0781,-0.0220,-0.0613,-6.9480,5.2337,1.9609,-0.0337,0.0105,-0.0492
-1.4030,9.2177,0.6967,-0.0733,-0.0661,-0.0067,-7.0437,5.3008,2.2553,-0.0097,-0.0354,-0.0052
-1.1803,9.2991,0.6249,-0.0857,-0.0228,0.0297,-6.7995,5.4300,2.3487,-0.0504,-0.0165,0.0284
-1.1803,9.3685,0.5794,-0.0640,-0.0324,0.0282,-6.7038,5.5593,2.1931,-0.0312,-0.0364,0.0381
-0.9505,9.3829,0.3903,-0.0624,-0.0095,-0.0211,-6.6367,5.7557,2.2027,-0.0314,0.0027,-0.0115
-1.0439,9.3925,0.5459,-0.0833,-0.0084,-0.0525,-6.7852,5.5929,2.3272,-0.0442,0.0203,-0.0460
-1.4485,9.2296,0.5435,-0.0743,0.0201,-0.0322,-6.9647,5.3223,2.0614,-0.0565,0.0155,-0.0084
-1.4413,9.2751,0.4764,-0.0885,0.0055,-0.0052,-6.9911,5.3582,2.0997,-0.0677,-0.0266,0.0023
-1.2857,9.1506,0.6153,-0.0601,-0.0413,0.0117,-6.7229,5.2960,2.2769,-0.0289,-0.0029,0.0265
-1.1061,9.2919,0.6273,-0.0902,-0.0137,0.0204,-6.7181,5.5665,2.2529,-0.0602,0.0196,0.0269
-1.0439,9.3948,0.4764,-0.0679,-0.0213,-0.0116,-6.7469,5.6551,2.2673,-0.0370,-0.0023,-0.0044
-1.2665,9.2943,0.7039,-0.0930,-0.0099,-0.0360,-6.9264,5.3582,2.4277,-0.0561,-0.0005,-0.0272
-1.3168,9.2871,0.6991,-0.0717,-0.0128,-0.0105,-6.8474,5.3606,2.2266,-0.0414,-0.0249,0.0024
-1.3503,9.2943,0.5171,-0.0907,0.0055,-0.0157,-6.9576,5.4061,2.0925,-0.0601,-0.0274,-0.0083
-1.2258,9.2991,0.6847,-0.0618,-0.0200,0.0123,-6.8809,5.4133,2.3272,-0.0290,0.0000,0.0207
-1.0798,9.2847,0.4693,-0.0897,0.0164,0.0195,-6.7301,5.5689,2.3415,-0.0763,-0.0007,0.0266
-1.2474,9.3134,0.5531,-0.0576,-0.0501,0.0053,-6.7947,5.6024,2.1811,-0.0075,-0.0434,0.0155
-1.0271,9.3541,0.5818,-0.1013,-0.0325,-0.0321,-6.7995,5.6048,2.5043,-0.0506,-0.0165,-0.0366
-1.3767,9.2440,0.5794,-0.0758,-0.0165,-0.0205,-6.8761,5.3558,2.2314,-0.0413,-0.0060,-0.0049
-1.3719,9.2296,0.3687,-0.0600,0.0111,-0.0096,-6.9288,5.4588,2.0303,-0.0482,0.0369,0.0067
-1.2881,9.2368,0.6153,-0.0681,0.0001,0.0048,-6.9480,5.3271,2.3487,-0.0481,0.0131,0.0252
-1.0942,9.2656,0.4908,-0.0544,-0.0302,0.0410,-6.6008,5.5952,2.2936,-0.0345,-0.0052,0.0477
-1.0271,9.2703,0.5387,-0.0787,0.0215,0.0123,-6.6607,5.6096,2.3248,-0.0666,0.0256,0.0242
-1.1181,9.3494,0.4525,-0.0801,-0.0498,-0.0172,-6.7493,5.6383,2.1715,-0.0265,-0.0406,-0.0145
-1.1612,9.3565,0.7398,-0.0730,-0.0262,-0.0208,-6.8259,5.4324,2.4205,-0.0306,0.0117,-0.0101
-1.2019,9.2105,0.3448,-0.0749,-0.0325,0.0032,-6.7852,5.5306,2.2051,-0.0310,0.0056,0.0147
-1.0894,9.2727,0.7422,-0.0715,-0.0149,0.0233,-6.7924,5.4971,2.4325,-0.0398,-0.0438,0.0306
-0.9673,9.3182,0.4884,-0.0725,0.0341,-0.0019,-6.5577,5.6312,2.2889,-0.0713,0.0345,0.0096
-1.1492,9.3158,0.6273,-0.0817,-0.0104,-0.0140,-6.8570,5.4324,2.3822,-0.0457,0.0228,-0.0005
-1.1612,9.3015,0.5531,-0.0875,-0.0261,-0.0113,-6.7995,5.4875,2.1356,-0.0489,-0.0237,-0.0049
-1.0630,9.2560,0.5890,-0.0634,-0.0071,0.0215,-6.7564,5.5330,2.3822,-0.0462,-0.0128,0.0349
-1.1540,9.2751,0.3448,-0.0698,0.0306,-0.0075,-6.7325,5.5306,2.3343,-0.0618,0.0337,0.0131
-1.1803,9.3661,0.7063,-0.0730,-0.0274,-0.0153,-6.7588,5.5043,2.3128,-0.0309,-0.0201,-0.0081
-1.2905,9.2871,0.5626,-0.0637,-0.0203,0.0230,-6.8283,5.4013,2.2434,-0.0390,-0.0112,0.0314
-1.2522,9.2440,0.4812,-0.0612,-0.0151,0.0270,-6.8953,5.4444,2.1811,-0.0332,-0.0233,0.0369
-1.2522,9.2440,0.5626,-0.0378,-0.0973,0.0557,-6.8163,5.5330,2.2529,0.0232,-0.0681,0.0452
-1.2354,9.1842,0.5531,0.0065,-0.0733,0.1103,-6.9049,5.3702,2.2649,0.0344,-0.0477,0.1188
-0.7973,9.3661,0.4621,-0.0312,-0.0474,0.1621,-6.4739,5.8012,2.3918,-0.0312,-0.0934,0.1604
-0.5243,9.4140,0.5459,-0.0461,0.0176,0.0942,-6.4069,5.8921,2.5426,-0.0620,0.0027,0.1081
-0.8308,9.3589,0.5746,-0.0009,-0.1066,0.1047,-6.5146,5.7150,2.3918,0.0498,-0.0883,0.1115
-0.4693,9.5002,0.3998,0.0129,-0.1408,0.0894,-6.2393,6.0286,2.5235,0.0738,-0.0955,0.0911
-0.3424,9.5960,0.2059,-0.0332,-0.0244,0.0073,-6.2249,6.2153,2.2218,-0.0019,0.0147,0.0254
-0.3208,9.5457,0.7638,-0.1002,-0.0322,-0.0549,-6.3949,5.9520,2.9281,-0.0020,-0.0084,-0.0622
-0.0383,9.6031,-0.3519,0.2101,-0.5825,-0.0333,-5.8634,6.6990,1.9130,0.5044,-0.3148,-0.0689
-0.3639,9.5816,0.0862,0.0731,-0.1451,-0.1941,-6.2273,6.3063,2.1620,0.1997,0.0432,-0.1510
-1.1947,9.2512,-0.1077,0.0971,-0.1893,-0.0316,-6.7780,5.7844,1.6544,0.1990,-0.0465,-0.0063
-0.8859,9.4284,-0.5148,0.0149,0.0337,0.0758,-6.4596,6.2201,1.6688,-0.0242,0.0065,0.1272
-0.4908,9.5936,-0.2251,0.0028,0.0638,0.0759,-6.3135,6.3207,1.9130,-0.0417,0.0293,0.1199
-0.3352,9.5577,-0.4262,-0.0661,-0.0141,-0.0425,-6.1004,6.6894,1.6831,-0.0389,0.0322,-0.0360
-0.9170,9.4739,-0.5052,-0.1396,-0.0429,-0.0995,-6.4979,6.3494,1.4030,-0.0762,-0.0218,-0.1112
-1.0511,9.4212,-0.3089,-0.1182,0.0321,-0.0577,-6.6966,5.8873,1.7023,-0.1027,0.0442,-0.0424
-1.0127,9.3925,0.1197,-0.0578,0.0184,0.0396,-6.7373,5.8371,2.0159,-0.0453,0.0121,0.0677
-0.4525,9.5361,-0.4381,-0.0769,0.0157,0.0341,-6.1914,6.3782,1.8148,-0.0723,0.0211,0.0426
-0.5004,9.5624,-0.3807,-0.0918,-0.0218,-0.0191,-6.2704,6.3303,1.7214,-0.0544,-0.0105,-0.0240
-0.7326,9.4978,-0.0622,-0.0919,-0.0321,-0.0144,-6.4189,6.1483,2.0399,-0.0480,-0.0123,-0.0068
-0.7374,9.4236,-0.3424,-0.0849,0.0230,-0.0077,-6.4356,6.1794,1.7645,-0.0707,0.0057,0.0079
-0.5459,9.5241,-0.1197,-0.0747,-0.0123,-0.0253,-6.3758,6.3039,1.9824,-0.0270,0.0191,-0.0240
-0.6560,9.4355,-0.4932,-0.0437,0.0398,-0.0276,-6.3470,6.3015,1.5610,-0.0333,0.0923,0.0129
-0.7207,9.5600,-0.3950,-0.0963,-0.0119,-0.0424,-6.3638,6.3207,1.7166,-0.0522,0.0262,-0.0350
-0.8571,9.5457,-0.0192,-0.0628,-0.0556,-0.0017,-6.5242,6.0262,1.8124,-0.0059,-0.0400,0.0035
-0.5842,9.5313,-0.2059,-0.0786,-0.0068,-0.0079,-6.3303,6.3734,1.8794,-0.0568,0.0199,-0.0016
-0.7781,9.5361,-0.2346,-0.0693,-0.0289,-0.0144,-6.4332,6.2321,1.5874,-0.0212,-0.0073,-0.0047
-0.5722,9.5289,-0.0503,-0.0540,-0.0810,-0.0191,-6.2752,6.2656,1.9441,0.0045,-0.0246,-0.0109
-0.7685,9.4499,-0.2179,-0.1139,0.0292,-0.0500,-6.5074,6.1339,1.6376,-0.0817,0.0437,-0.0397
-0.8547,9.4475,-0.1221,-0.0541,-0.0598,0.0109,-6.5338,6.0717,1.6951,-0.0056,-0.0245,0.0262
-0.7757,9.4978,-0.3663,-0.0906,-0.0103,-0.0121,-6.4165,6.1627,1.6472,-0.0622,0.0075,-0.0065
-0.7087,9.4810,-0.0646,-0.0621,-0.0201,0.0135,-6.4356,6.1411,1.9656,-0.0325,0.0063,0.0313
-0.6488,9.5193,-0.4334,-0.0946,-0.0155,0.0076,-6.3829,6.3231,1.5826,-0.0554,-0.0222,0.0051
-0.6177,9.5409,-0.1796,-0.0787,-0.0385,-0.0208,-6.4093,6.2441,1.9130,-0.0358,-0.0237,-0.0187
-0.6967,9.4691,-0.2227,-0.0759,0.0113,-0.0131,-6.3518,6.2106,1.8627,-0.0605,0.0281,-0.0008
-0.6512,9.5313,-0.2107,-0.0914,-0.0168,-0.0076,-6.3638,6.2369,1.7909,-0.0556,-0.0128,-0.0031
-0.6967,9.5074,-0.2083,-0.0923,-0.0100,-0.0236,-6.4524,6.1914,1.7023,-0.0501,0.0123,-0.0249
-0.6871,9.5265,0.0263,-0.0709,-0.0133,-0.0029,-6.4404,6.1076,1.8818,-0.0442,-0.0032,0.0091
-0.6416,9.5433,-0.3615,-0.0798,0.0109,-0.0107,-6.3422,6.2441,1.6855,-0.0601,-0.0033,0.0081
-0.6057,9.5433,-0.3496,-0.0795,-0.0376,-0.0237,-6.3111,6.3997,1.7621,-0.0349,0.0016,-0.0216
-0.8667,9.4308,-0.1149,-0.0823,-0.0049,-0.0215,-6.5218,6.0669,1.7573,-0.0533,0.0079,0.0000
-0.6919,9.5002,-0.2274,-0.0673,-0.0041,0.0079,-6.2991,6.2417,1.7526,-0.0464,0.0007,0.0229
-0.7207,9.5600,-0.1221,-0.0859,0.0084,-0.0011,-6.4356,6.1938,1.8292,-0.0584,0.0057,0.0036
-0.6967,9.5098,-0.0958,-0.0942,-0.0016,-0.0013,-6.3159,6.2920,1.8818,-0.0634,0.0140,-0.0029
-0.7685,9.4212,-0.0527,-0.0670,0.0093,0.0141,-6.4955,6.0693,1.8794,-0.0582,0.0340,0.0293
-0.5387,9.5984,-0.3304,-0.0754,0.0019,0.0012,-6.3231,6.4165,1.7190,-0.0562,-0.0049,0.0144
-0.5171,9.5648,-0.1245,-0.0939,-0.0705,-0.0173,-6.2465,6.3015,1.8890,-0.0269,-0.0381,-0.0280
-0.7661,9.4834,-0.0766,-0.0793,-0.0005,-0.0040,-6.4308,6.1363,1.8627,-0.0602,0.0116,0.0049
-0.5866,9.5744,-0.2083,-0.0798,0.0143,-0.0056,-6.2920,6.3183,1.9752,-0.0621,0.0056,0.0076
-0.7446,9.4523,-0.2131,-0.0834,0.0013,-0.0360,-6.4141,6.2153,1.7406,-0.0520,0.0151,-0.0248
-0.8404,9.4930,-0.0311,-0.0774,-0.0205,-0.0129,-6.5170,6.0214,1.9609,-0.0401,0.0017,0.0013
-0.5914,9.5313,-0.2562,-0.0598,0.0108,-0.0021,-6.3159,6.2968,1.8459,-0.0457,0.0043,0.0164
-0.6033,9.4882,-0.2418,-0.0542,-0.0234,-0.0172,-6.3255,6.3279,1.8483,-0.0258,-0.0087,-0.0065
-0.6177,9.4403,-0.1293,-0.0742,-0.0027,-0.0175,-6.2728,6.1866,1.8220,-0.0533,0.0068,-0.0057
-0.6153,9.5122,-0.2442,-0.0616,-0.0101,0.0016,-6.2680,6.2560,1.8124,-0.0365,0.0051,0.0156
-0.6033,9.5409,-0.2227,-0.0983,-0.0192,-0.0256,-6.3542,6.2800,1.8842,-0.0541,-0.0027,-0.0270
-0.7757,9.4643,-0.1891,-0.0702,-0.0081,-0.0203,-6.4236,6.0861,1.7909,-0.0477,0.0189,-0.0028
-0.5866,9.5217,-0.1700,-0.0687,0.0077,0.0060,-6.2991,6.3662,1.8866,-0.0516,0.0149,0.0153
-0.5914,9.5241,-0.2969,-0.0614,-0.0204,-0.0193,-6.3758,6.3375,1.6783,-0.0329,0.0071,-0.0107
-0.6895,9.5888,-0.0359,-0.0999,-0.0258,-0.0376,-6.4931,6.1052,1.9489,-0.0448,-0.0035,-0.0334
-0.8475,9.4643,0.0790,-0.0565,-0.0153,-0.0008,-6.5003,6.0334,1.9585,-0.0269,0.0127,0.0196
-0.5483,9.5026,-0.4142,-0.0893,-0.0140,-0.0101,-6.3279,6.3877,1.7430,-0.0580,0.0021,-0.0092
-0.7015,9.5337,-0.1173,-0.0731,-0.0304,-0.0135,-6.4524,6.2537,1.8220,-0.0310,0.0055,-0.0092
-0.6560,9.5361,-0.3352,-0.0899,-0.0004,-0.0055,-6.3686,6.2824,1.6568,-0.0653,0.0176,0.0025
-0.5938,9.5864,-0.3376,-0.0869,-0.0226,0.0003,-6.3422,6.3255,1.7310,-0.0456,-0.0179,-0.0040
-0.6800,9.5265,-0.0048,-0.0862,0.0212,-0.0329,-6.5218,6.0525,2.0087,-0.0663,0.0196,-0.0261
-0.6512,9.4715,-0.1772,-0.0642,-0.0027,0.0020,-6.3446,6.2608,1.7334,-0.0422,0.0215,0.0169
-0.6105,9.4595,-0.2753,-0.0769,-0.0139,-0.0125,-6.3255,6.2920,1.8004,-0.0400,-0.0003,-0.0079
-0.6752,9.5505,0.0599,-0.0842,-0.0350,-0.0201,-6.4404,6.1100,2.0303,-0.0365,-0.0133,-0.0177
-0.6297,9.5026,-0.3687,-0.0677,-0.0173,-0.0079,-6.2632,6.4117,1.6496,-0.0348,-0.0007,-0.0007
-0.6345,9.5002,0.0503,-0.0878,-0.0229,-0.0220,-6.3446,6.1052,2.0183,-0.0452,-0.0193,-0.0155
-0.6345,9.4475,-0.2203,-0.0734,-0.0165,0.0045,-6.3015,6.1962,1.9082,-0.0460,-0.0064,0.0165
-0.7254,9.5265,-0.2705,-0.0753,0.0097,-0.0457,-6.4117,6.3398,1.7549,-0.0505,0.0284,-0.0326
-0.7781,9.4523,0.1221,-0.0791,0.0005,-0.0225,-6.4979,6.0597,2.0542,-0.0510,0.0100,-0.0143
-0.5818,9.4379,-0.3208,-0.0644,-0.0218,0.0064,-6.2632,6.1794,1.9034,-0.0348,-0.0111,0.0196
-0.6393,9.6103,-0.3424,-0.0749,-0.0091,-0.0249,-6.3877,6.3470,1.8411,-0.0365,0.0081,-0.0168
-0.7757,9.4691,-0.0479,-0.0799,-0.0093,-0.0254,-6.5314,6.1076,1.9034,-0.0476,0.0029,-0.0195
-0.5818,9.5553,-0.1987,-0.0654,0.0041,0.0079,-6.3638,6.2608,1.8196,-0.0481,0.0080,0.0250
-0.6153,9.5744,-0.3543,-0.0827,0.0008,-0.0288,-6.3039,6.3255,1.7909,-0.0500,0.0067,-0.0203
-0.7997,9.5265,0.1101,-0.0906,-0.0171,-0.0310,-6.5194,6.0071,2.0087,-0.0486,-0.0119,-0.0217
-0.6464,9.4379,-0.1173,-0.0636,0.0024,0.0057,-6.3518,6.1938,1.9632,-0.0460,0.0205,0.0191
-0.5531,9.5481,-0.3136,-0.0799,0.0016,-0.0064,-6.3063,6.3614,1.8076,-0.0574,0.0177,-0.0025
-0.6728,9.5026,-0.2251,-0.0858,-0.0229,-0.0362,-6.4021,6.1986,1.7669,-0.0409,0.0059,-0.0301
-0.8428,9.4739,0.0335,-0.0895,-0.0137,-0.0207,-6.5434,5.9687,1.9728,-0.0501,0.0143,-0.0117
-0.6249,9.4810,-0.1700,-0.0662,-0.0081,0.0262,-6.3398,6.2130,1.8220,-0.0410,-0.0055,0.0314
-0.7087,9.4092,0.1053,-0.0883,-0.0140,-0.0278,-6.4404,5.9999,2.0063,-0.0478,0.0092,-0.0200
-0.7207,9.4619,-0.2107,-0.0622,-0.0203,0.0088,-6.4452,6.2417,1.7813,-0.0393,0.0071,0.0203
-0.5842,9.5672,-0.2179,-0.0697,-0.0167,-0.0009,-6.2968,6.3398,1.8076,-0.0394,-0.0031,0.0059
-0.7997,9.4595,-0.1437,-0.0790,-0.0536,-0.0173,-6.4141,6.1387,1.8675,-0.0246,-0.0208,-0.0164
-0.7087,9.5864,-0.1341,-0.0560,0.0003,0.0137,-6.4093,6.2082,1.7310,-0.0360,0.0039,0.0276
-0.4286,9.5313,-0.3328,-0.0698,-0.0175,-0.0065,-6.2106,6.3446,1.7980,-0.0381,0.0085,-0.0013
-0.7135,9.5050,-0.1053,-0.0882,0.0127,-0.0338,-6.3997,6.1004,1.8507,-0.0589,0.0135,-0.0237
-0.6847,9.4810,-0.0096,-0.0582,-0.0285,0.0008,-6.4236,6.1172,1.9465,-0.0321,-0.0031,0.0064
-0.5890,9.5481,-0.2011,-0.0642,0.0076,-0.0037,-6.3638,6.2441,1.8723,-0.0516,0.0164,0.0128
-0.4286,9.5912,-0.2107,-0.0743,0.0055,-0.0155,-6.2848,6.3997,1.8411,-0.0490,0.0184,-0.0067
-0.5986,9.5505,-0.2729,-0.1027,0.0155,-0.0454,-6.3590,6.2944,1.6257,-0.0665,0.0027,-0.0450
-0.9050,9.4739,-0.0215,-0.0829,-0.0125,-0.0144,-6.6104,5.9616,1.9824,-0.0473,-0.0132,-0.0084
-0.5770,9.5409,-0.1724,-0.0698,-0.0265,0.0220,-6.3327,6.2704,1.8890,-0.0417,-0.0237,0.0305
-0.4693,9.4906,-0.3663,-0.0931,0.0048,-0.0071,-6.1986,6.4045,1.7119,-0.0674,-0.0023,-0.0051
-0.5938,9.4882,0.0072,-0.1034,0.0017,-0.0306,-6.3686,6.1196,2.0662,-0.0666,0.0035,-0.0284
-0.8715,9.4379,0.1006,-0.0877,-0.0424,0.0107,-6.5194,5.8993,1.9561,-0.0374,-0.0189,0.0099
-0.4573,9.5074,-0.2322,-0.0762,0.0025,0.0207,-6.2297,6.3877,1.9034,-0.0554,-0.0023,0.0241
-0.4980,9.5122,-0.3232,-0.0906,-0.0285,-0.0157,-6.2848,6.3542,1.8555,-0.0468,-0.0124,-0.0176
-0.8164,9.4523,0.1796,-0.0865,-0.0119,-0.0188,-6.5290,5.9807,1.9992,-0.0457,-0.0179,-0.0109
-0.5914,9.5600,-0.1077,-0.0585,0.0037,0.0123,-6.3159,6.3111,1.9154,-0.0482,-0.0024,0.0256
-0.5435,9.5577,-0.3400,-0.0854,-0.0317,-0.0180,-6.2584,6.3925,1.6975,-0.0377,-0.0326,-0.0105
-0.7518,9.4930,-0.0335,-0.0946,-0.0265,-0.0472,-6.4667,6.1818,1.9872,-0.0462,-0.0213,-0.0417
-0.7949,9.4858,0.1580,-0.0735,0.0037,-0.0087,-6.4931,5.9544,2.0806,-0.0522,0.0083,0.0072
-0.4381,9.5098,-0.5148,-0.0779,-0.0040,-0.0016,-6.2082,6.4883,1.6855,-0.0549,-0.0047,0.0068
-0.4549,9.5241,-0.2993,-0.0675,-0.0112,-0.0340,-6.2369,6.4428,1.7621,-0.0304,0.0136,-0.0224
-0.7350,9.4619,0.0886,-0.0803,-0.0181,-0.0429,-6.4284,6.0454,2.0063,-0.0404,-0.0025,-0.0290
-0.6871,9.5002,-0.1484,-0.0428,0.0187,0.0055,-6.4284,6.1866,1.8603,-0.0378,0.0372,0.0362
-0.5387,9.6007,-0.3184,-0.0834,-0.0184,-0.0115,-6.3375,6.3734,1.6352,-0.0464,-0.0133,-0.0164
-0.8092,9.4475,0.1532,-0.0990,-0.0179,-0.0345,-6.5122,5.9065,2.1141,-0.0501,-0.0116,-0.0281
-0.8523,9.3996,0.0168,-0.0781,0.0225,0.0211,-6.5074,5.9328,1.8555,-0.0751,0.0161,0.0340
-0.8404,9.3996,0.0096,-0.1340,0.0617,0.0097,-6.4596,6.0430,1.9201,-0.1278,0.0257,0.0071
-1.3934,9.1937,0.0934,-0.1192,0.0144,0.0350,-6.8833,5.4899,1.5993,-0.0985,0.0004,0.0396
0.1006,9.6319,-0.8811,0.0881,-0.0715,0.3179,-5.5569,7.1635,1.4078,0.0003,-0.1330,0.3372
0.3232,9.7755,-0.4645,-0.0609,0.0633,0.1491,-5.6192,7.1180,1.9776,-0.1070,-0.0149,0.1518
0.3256,9.6199,-0.5531,-0.0261,-0.0489,0.0858,-5.5378,6.9671,1.9585,-0.0051,-0.0334,0.0842
0.4477,9.6822,-0.1748,-0.1120,0.0043,-0.0249,-5.5952,6.9432,2.3918,-0.0865,0.0269,-0.0297
-0.1628,9.5529,-0.1221,-0.1074,0.0310,-0.0741,-6.0717,6.4045,2.0638,-0.0798,0.0416,-0.0548
-0.6225,9.4834,-0.1915,-0.0814,-0.0136,-0.0136,-6.3063,6.1842,1.9369,-0.0508,0.0057,-0.0039
-0.2011,9.4978,-0.0862,-0.0512,-0.0276,0.0264,-6.0478,6.3877,2.1237,-0.0228,-0.0156,0.0376
-0.1508,9.5313,-0.1772,-0.0834,-0.0145,-0.0356,-6.0645,6.4715,2.0638,-0.0565,-0.0043,-0.0193
-0.1245,9.6055,-0.0790,-0.0953,-0.0245,-0.0187,-6.0430,6.3877,2.1668,-0.0465,-0.0123,-0.0177
-0.1317,9.5481,-0.1604,-0.0386,-0.0013,-0.0196,-6.0047,6.4620,2.0016,-0.0189,0.0140,0.0096
-0.5315,9.4427,-0.0431,-0.0470,0.0645,-0.0269,-6.3327,6.2010,2.0830,-0.0534,0.0657,0.0139
-0.1317,9.6343,0.4477,0.0746,-0.1749,0.0185,-6.0406,6.4141,2.6312,0.1533,-0.1039,0.0851
0.1939,9.5313,-1.0822,0.0175,0.0701,-0.0552,-5.5354,7.1132,1.3288,-0.0286,0.1170,0.0093
-0.3615,9.4571,-0.5555,-0.0164,-0.0350,-0.0489,-5.9616,6.6200,1.6209,0.0157,0.0553,-0.0152
-0.2418,9.5888,-0.7901,-0.1668,0.0053,-0.1019,-5.8059,6.8426,1.4629,-0.1214,0.0380,-0.1170
-0.7398,9.5313,0.0431,-0.1480,0.0654,-0.0572,-6.4787,6.0549,1.8675,-0.1222,0.0652,-0.0572
-0.2370,9.5816,-0.5291,-0.1142,-0.0314,-0.0306,-5.9711,6.5960,1.7119,-0.0710,-0.0076,-0.0328
-0.5387,9.4882,0.0000,-0.1227,-0.0236,-0.0262,-6.4069,6.1100,2.1093,-0.0717,-0.0123,-0.0264
-0.0120,9.5553,-0.5507,-0.0025,-0.0843,0.0433,-5.7485,6.8450,1.7980,0.0322,-0.0390,0.0520
-0.5435,9.5002,-0.1389,-0.0994,0.0269,-0.0464,-6.3351,6.2321,1.8890,-0.0659,0.0269,-0.0282
-0.1724,9.5816,-0.3903,-0.0529,-0.0536,-0.0053,-5.9448,6.6224,1.8962,-0.0120,-0.0246,0.0029
-0.3735,9.4595,0.2370,-0.0834,-0.0057,-0.0269,-6.2584,6.2058,2.4014,-0.0406,0.0087,-0.0135
-0.2777,9.4810,-0.2682,-0.0434,-0.0369,0.0027,-6.1220,6.3494,1.9034,0.0145,-0.0080,0.0060
-0.1987,9.5744,-0.5387,-0.0729,-0.0318,-0.0124,-5.9496,6.6415,1.7406,-0.0294,-0.0041,-0.0137
-0.3472,9.5146,0.0024,-0.0742,-0.0252,-0.0211,-6.1794,6.3063,2.1644,-0.0297,-0.0089,-0.0025
-0.1389,9.6007,-0.4262,-0.0457,-0.0131,-0.0065,-5.9640,6.7397,1.7478,-0.0238,0.0148,0.0188
-0.0934,9.6055,-0.5531,-0.1119,-0.0282,-0.0674,-5.9616,6.6535,1.7885,-0.0554,-0.0035,-0.0781
-0.3472,9.5074,-0.3735,-0.0838,-0.0953,-0.0348,-6.0980,6.5003,1.8699,-0.0004,-0.0746,-0.0522
-0.3232,9.4308,-0.2873,-0.0845,-0.0293,-0.0801,-6.0693,6.3805,1.9130,-0.0288,0.0205,-0.0733
-0.5387,9.4739,-0.2083,-0.0887,-0.0368,-0.0473,-6.2728,6.3351,1.8914,-0.0226,-0.0017,-0.0484
-0.3112,9.5553,-0.2131,-0.1014,-0.0743,-0.0460,-6.0621,6.4715,2.0423,-0.0237,-0.0310,-0.0616
-0.2777,9.5960,-0.4453,-0.1230,0.0648,-0.0725,-5.9951,6.5841,1.7142,-0.1111,0.0648,-0.0747
-0.3615,9.6438,-0.3136,-0.1917,0.0604,-0.1014,-6.1100,6.6535,1.8411,-0.1588,0.0430,-0.1208
-0.5076,9.4595,0.2179,-0.1214,-0.0362,-0.1532,-6.4404,6.1411,2.2434,-0.0203,0.0163,-0.1454
-0.6440,9.3781,-0.5267,-0.1274,0.0097,-0.1491,-6.2991,6.2465,1.5634,-0.0835,0.0655,-0.1328
-1.1205,9.3182,0.1317,-0.1467,0.0306,-0.0982,-6.7157,5.6719,1.8938,-0.1002,0.0652,-0.0946
-1.2019,9.3374,0.0144,-0.0813,-0.0052,-0.0203,-6.7804,5.6958,1.7430,-0.0521,0.0208,-0.0017
-1.1037,9.3925,0.2251,-0.0377,-0.0328,0.0581,-6.7564,5.7581,1.8938,-0.0135,-0.0332,0.0710
-1.1779,9.4068,0.1939,-0.0616,0.0036,0.1178,-6.8522,5.6934,1.9154,-0.0665,-0.0325,0.1340
-0.0934,9.6989,-0.2705,0.0690,-0.0795,0.2138,-5.8706,6.7971,2.0566,0.0665,-0.1176,0.2198
0.5315,9.8162,-0.6081,-0.0484,-0.0165,-0.0717,-5.5426,7.2113,1.9728,-0.0080,0.0296,-0.0614
-0.3065,9.5960,0.2705,-0.0966,-0.0779,-0.1430,-6.1986,6.2417,2.2769,0.0092,0.0027,-0.1432
-0.6632,9.4834,0.3687,-0.0621,-0.0500,-0.1183,-6.3949,5.9783,2.4373,0.0124,0.0578,-0.0971
-1.9178,9.2081,0.3903,0.0065,0.4145,-0.0985,-7.3143,5.0518,1.6712,-0.1927,0.4314,0.0313
-2.7940,8.5808,0.1365,0.0596,0.4854,0.1312,-7.7189,4.0725,0.9409,-0.2661,0.4004,0.3300
-2.6312,8.9399,-0.7853,0.1956,0.2296,0.8104,-7.4699,5.0757,0.2298,-0.1236,-0.0945,0.9266
1.0798,9.7444,-1.2761,0.2735,-0.1585,0.9419,-4.7740,7.8841,1.6041,0.1065,-0.4198,0.9105
2.0111,10.0269,-1.3527,0.1260,-0.1069,0.5700,-4.2401,8.4803,2.1979,0.0667,-0.2423,0.5477
2.2003,10.0126,-1.2594,0.0537,-0.2141,0.3383,-4.0917,8.3917,2.1117,0.1115,-0.2407,0.3096
1.7310,9.9311,-0.8308,0.0248,-0.2156,0.1471,-4.4197,8.0469,2.2841,0.1311,-0.1811,0.1194
1.3575,9.7851,-0.9840,0.0029,-0.2683,0.0565,-4.6471,7.7668,2.1332,0.1636,-0.1561,0.0168
1.0175,9.6726,-0.7877,-0.0374,-0.5616,0.0164,-4.9153,7.5106,1.9752,0.3119,-0.3693,-0.0994
1.6951,9.5744,-2.1835,-0.2308,-0.5690,-0.2013,-3.7972,8.3175,2.1620,0.0950,-0.2189,-0.4044
1.1732,9.3589,-1.2785,-0.4438,-0.0452,-0.2832,-4.4700,7.6447,1.5945,-0.4041,-0.0104,-0.4185
-0.1724,9.3230,-0.0790,-0.6159,1.1437,-0.2446,-5.9065,6.1746,2.5474,-1.0537,0.7815,-0.1259
0.8763,9.6726,-0.6704,0.0245,-0.1984,0.0208,-5.1475,7.2688,2.0997,0.1191,-0.1198,0.0179
0.3807,9.7013,-0.2155,-0.1743,0.0881,-0.1175,-5.6934,6.8402,2.2194,-0.1367,0.0593,-0.1135
1.3982,9.4188,-0.1269,-0.2607,-0.0875,-0.0525,-4.9009,6.9456,3.1723,-0.1363,-0.0974,-0.1520
0.4932,9.6486,0.2801,-0.1931,-0.0460,-0.0930,-5.7030,6.5745,2.7797,-0.0953,-0.0558,-0.1207
0.3615,9.5265,0.2346,-0.1194,-0.1073,-0.1045,-5.7102,6.4596,2.5474,0.0013,-0.0705,-0.1062
0.3639,9.4978,-0.1987,-0.1023,-0.0075,-0.0843,-5.5833,6.6200,2.1428,-0.0513,0.0308,-0.0677
0.5459,9.6247,-0.3448,-0.1017,-0.1128,-0.0405,-5.4731,6.8953,2.3080,-0.0120,-0.0841,-0.0701
0.4669,9.4547,0.0934,-0.1131,-0.0205,-0.1043,-5.5019,6.6272,2.5762,-0.0384,0.0148,-0.1143
0.3089,9.4212,-0.2155,-0.1212,-0.0867,-0.0799,-5.5929,6.6128,2.1572,-0.0341,-0.0408,-0.0917
0.3591,9.5984,0.1197,-0.2156,0.1717,-0.0910,-5.7245,6.6535,2.6264,-0.2321,0.1709,-0.0882
0.0790,9.5241,0.3639,-0.1192,-0.0342,-0.0710,-5.9065,6.3710,2.6169,-0.0450,-0.0175,-0.0775
0.2274,9.6079,0.4741,-0.0321,-0.0592,-0.0636,-5.8562,6.4189,2.8611,0.0468,0.0061,-0.0460
0.2993,9.5361,0.1293,-0.0221,-0.0597,-0.1527,-5.7269,6.4955,2.4852,0.0481,0.0609,-0.1152
0.2825,9.5696,0.2346,0.0472,-0.0298,-0.1092,-5.7413,6.5170,2.5833,0.0902,0.0838,-0.0512
0.1724,9.5098,0.0718,0.0226,-0.0236,-0.1170,-5.7604,6.4380,2.4397,0.0625,0.0989,-0.0613
0.0239,9.5792,0.1676,0.0144,0.0453,-0.1571,-5.9065,6.4332,2.3559,0.0229,0.1467,-0.0846
-0.4669,9.4068,0.1915,0.0318,0.0979,-0.1415,-6.2177,6.0382,2.0877,0.0056,0.2018,-0.0369
0.0048,9.6175,-0.4932,0.1212,-0.0721,0.0016,-5.8155,6.7852,1.7980,0.1471,0.0422,0.0713
0.5459,9.8402,-1.0008,0.0332,-0.1479,-0.0989,-5.4612,7.5130,1.7023,0.1055,-0.0164,-0.0799
-0.0192,9.7061,-0.4788,-0.0047,0.0805,-0.2096,-5.9400,6.8067,1.9776,0.0199,0.2076,-0.1316
-0.8715,9.2703,-1.2019,-0.0009,0.0033,-0.2018,-6.3303,6.2584,0.6177,0.0273,0.1484,-0.1395
-0.7733,9.4858,-0.9625,0.0001,0.0009,-0.1054,-6.4069,6.5242,1.0846,0.0205,0.0821,-0.0534
-0.8930,9.5768,-0.9313,-0.0706,0.0846,-0.1054,-6.4691,6.3614,1.0151,-0.0690,0.1455,-0.0715
-1.0127,9.5816,-0.6823,-0.0120,0.0565,0.0141,-6.6391,6.1699,1.2043,-0.0115,0.0959,0.0678
-0.1556,9.5672,-1.0391,0.0974,-0.1025,0.0921,-5.9472,6.8019,1.2378,0.1593,-0.0464,0.1200
0.6656,10.0006,-1.1372,0.2827,-0.5646,0.0663,-5.3247,7.6160,1.5658,0.5441,-0.3200,0.0593
0.4812,9.9288,-1.1636,0.2418,-0.8644,-0.1039,-5.6048,7.6614,1.6592,0.7498,-0.5071,-0.2104
0.1844,9.7420,-0.8045,0.2852,-0.9725,-0.2926,-5.8323,6.9312,1.5467,0.8820,-0.4602,-0.3577
-0.3950,9.7971,-1.2881,0.2769,-0.9417,-0.3164,-6.0310,7.0413,0.8428,0.8394,-0.4395,-0.3894
-1.1947,9.4978,-0.8308,0.2114,-0.7201,-0.3511,-6.4955,6.3662,1.0415,0.6694,-0.2811,-0.3848
-1.3695,9.4810,-1.2737,0.1955,-0.6719,-0.5644,-6.7684,6.2896,0.4621,0.6988,-0.2078,-0.5674
-1.7142,9.4140,-1.4581,0.2189,-0.5117,-0.4888,-7.0054,6.1603,0.1341,0.5689,-0.0791,-0.4438
-1.8196,9.4571,-2.0830,0.0012,-0.1980,-0.3156,-6.8857,6.4165,-0.2490,0.1527,-0.0023,-0.2832
-1.9345,9.3925,-1.8268,-0.1459,0.1356,-0.2731,-7.1826,6.1268,-0.2394,-0.1256,0.2517,-0.2325
-1.8148,9.4044,-2.0686,-0.1326,-0.0606,-0.2968,-6.9264,6.3566,-0.3065,-0.0152,0.0609,-0.2790
-1.7573,9.2991,-1.7358,-0.1699,0.0211,-0.2184,-6.8690,6.3351,0.0407,-0.0961,0.0628,-0.2116
-2.0542,9.3853,-1.3791,-0.2352,0.0645,-0.1824,-7.3119,5.8538,0.2298,-0.1964,0.0625,-0.1724
-2.1237,9.4140,-1.5682,-0.1843,0.0629,-0.1761,-7.1778,5.9927,-0.1365,-0.1296,0.0276,-0.1781
-2.0470,9.4451,-1.4293,-0.1545,0.0538,-0.1164,-7.2161,5.9711,0.3448,-0.1035,0.0554,-0.1058
-2.1524,9.2823,-1.5347,-0.2020,0.1326,-0.1127,-7.2472,5.8897,0.1030,-0.2056,0.1066,-0.1118
-2.8635,9.1866,-0.2562,-0.0261,-0.0072,-0.0171,-8.0110,4.8626,0.8332,0.0377,0.0418,0.0207
-1.9561,9.4571,-1.8603,0.0004,-0.0837,-0.0152,-6.9671,6.2369,-0.0766,0.0414,-0.0592,0.0137
-2.3439,9.3206,-1.6831,0.1276,-0.0358,0.0360,-7.3526,5.8921,-0.0694,0.1014,-0.0147,0.1114
-2.1045,9.3925,-1.7023,0.0168,0.0738,0.0135,-7.1299,6.0861,-0.0527,-0.0270,0.1098,0.0652
-2.2841,9.4116,-1.7214,0.0071,-0.0352,0.0269,-7.2640,5.8754,-0.1508,0.0290,-0.0137,0.0509
-2.2649,9.2943,-1.7645,-0.0566,-0.0901,0.0280,-7.4316,5.9185,-0.1341,0.0047,-0.0294,0.0217
-2.1572,9.3063,-2.1691,-0.0413,-0.0500,0.1013,-6.9528,6.3398,-0.4908,-0.0364,-0.0093,0.0781
-2.0949,9.5409,-1.5323,-0.1188,-0.0017,0.0738,-7.1419,6.1411,0.0646,-0.1046,-0.1288,0.0729
-1.9417,9.4834,-1.9872,-0.1844,0.2741,0.0448,-7.0629,6.3566,0.1053,-0.2938,0.1343,0.0851
-1.7741,9.4116,-1.6065,-0.1968,0.1847,0.0043,-7.0078,6.2058,0.1676,-0.2502,0.0630,0.0226
-1.9417,9.4739,-1.6807,-0.0929,-0.0917,-0.0341,-6.8139,5.4444,0.0790,-0.0356,-0.0428,0.1644
-1.9776,9.3733,-1.2378,0.1287,-0.4016,-0.1518,-7.5633,5.5665,0.1867,0.3833,-0.0862,-0.1176
-3.3447,9.1147,-1.8076,0.1875,-0.4383,0.0718,-7.7692,5.2241,-0.6704,0.3749,-0.3603,0.0735
-1.4437,9.5888,-1.8411,0.0652,-0.0885,0.0044,-6.5553,6.7900,0.4286,0.0866,-0.1511,0.0706
-1.8316,9.5313,-1.8890,-0.0549,0.0549,0.0293,-6.9432,6.4045,0.0718,-0.0822,0.0019,0.0630
-2.0279,9.4116,-2.0925,-0.1239,0.1885,0.0004,-7.0820,6.1100,-0.1867,-0.2086,0.1492,0.0494
-2.0470,9.2919,-2.1620,-0.0767,0.0718,0.0642,-7.0390,6.1172,-0.2514,-0.1103,0.0362,0.0926
-1.9034,9.4739,-2.0016,-0.0725,-0.0602,0.0562,-7.0701,6.3063,-0.0646,-0.0281,-0.0777,0.0398
-1.9010,9.4284,-1.9154,-0.1368,0.0357,0.0434,-6.9456,6.3327,-0.1101,-0.1359,-0.0025,0.0424
-2.1284,9.3470,-1.8100,-0.1635,-0.0360,0.0871,-6.9719,6.3015,0.0215,-0.1124,-0.1065,0.0488
-2.1069,9.3422,-1.8483,-0.1139,-0.1580,0.0991,-7.1060,6.2153,-0.0335,0.0016,-0.1390,0.0389
-1.8244,9.3877,-1.9537,-0.0981,-0.1380,0.1260,-6.8857,6.2872,0.0263,-0.0123,-0.1527,0.0783
-1.6759,9.3374,-2.0399,-0.0790,-0.1976,0.1696,-6.8426,6.4620,0.0168,0.0278,-0.2766,0.1112
-1.2689,9.5337,-1.9249,-0.0770,-0.3235,0.1386,-6.5242,6.7971,0.1628,0.1081,-0.3309,0.0486
-1.3719,9.4930,-1.5921,-0.0773,-0.2427,0.1128,-6.6272,6.5529,0.3543,0.0646,-0.1613,0.0401
-1.3336,9.6151,-1.6089,-0.0998,-0.1126,0.0829,-6.7588,6.4883,0.4669,-0.0141,-0.0474,0.0262
-1.2282,9.6127,-1.5107,-0.0922,-0.1023,0.0889,-6.7469,6.5314,0.6177,-0.0191,-0.0729,0.0365
-1.2617,9.6271,-1.4868,-0.1030,-0.0807,0.0665,-6.7469,6.5074,0.6009,-0.0441,-0.0815,0.0408
-1.1468,9.6941,-1.5850,-0.0895,-0.0193,0.0461,-6.6104,6.6295,0.6752,-0.0572,-0.0329,0.0386
-1.1708,9.7085,-1.4557,-0.0673,-0.0031,0.0270,-6.5098,6.6463,0.6536,-0.0449,-0.0570,0.0312
-1.1468,9.6462,-1.5179,-0.1038,0.0437,0.0016,-6.6439,6.6056,0.6201,-0.1007,-0.0336,0.0175
-0.8404,9.5241,-1.5514,-0.1392,0.1003,0.0067,-6.4691,6.6224,0.7087,-0.1561,0.0492,0.0128
-1.1899,9.6007,-1.6424,-0.1568,0.1270,-0.0261,-6.5434,6.6655,0.6440,-0.1883,0.1018,-0.0043
-1.3096,9.5912,-1.4269,-0.1416,0.1484,-0.0710,-6.6726,6.4715,0.6512,-0.1705,0.0990,-0.0312
-1.3264,9.4834,-1.5467,-0.1021,0.0602,-0.0465,-6.6295,6.4787,0.5531,-0.1023,0.0406,-0.0180
-1.4222,9.5170,-1.5012,-0.0961,0.1042,-0.0422,-6.7253,6.3758,0.5004,-0.1186,0.1232,-0.0076
-1.3168,9.5816,-1.5921,-0.0727,0.0727,-0.0096,-6.6607,6.4883,0.5076,-0.0863,0.0667,0.0237
-1.0774,9.4763,-1.6161,-0.1175,0.0452,0.0000,-6.3973,6.6535,0.6129,-0.1206,0.0465,0.0176
-1.3431,9.5840,-1.4126,-0.1267,0.0979,-0.0357,-6.7301,6.4284,0.5531,-0.1288,0.0758,-0.0048
-1.3001,9.4427,-1.5921,-0.0795,0.0273,-0.0252,-6.6583,6.4907,0.4932,-0.0638,0.0469,0.0000
-1.3910,9.5050,-1.5012,-0.0699,0.0445,-0.0290,-6.7181,6.4835,0.4525,-0.0637,0.0506,-0.0064
-1.4509,9.4978,-1.7502,-0.0645,-0.0095,-0.0289,-6.7133,6.5050,0.3184,-0.0352,-0.0103,-0.0088
-1.3886,9.4786,-1.6041,-0.0520,-0.0640,0.0064,-6.7469,6.5290,0.4357,0.0011,-0.0570,0.0089
-1.2115,9.5648,-1.6903,-0.0789,-0.0645,0.0213,-6.5434,6.5793,0.5411,-0.0308,-0.0378,0.0188
-1.2378,9.5672,-1.5945,-0.0846,0.0316,-0.0200,-6.6176,6.4260,0.6536,-0.0730,0.0973,-0.0069
-1.2522,9.4834,-1.4557,-0.0785,-0.0112,-0.0017,-6.7086,6.4715,0.5243,-0.0485,0.0294,0.0061
-1.3096,9.5361,-1.5826,-0.0722,0.0128,-0.0072,-6.5912,6.4907,0.5794,-0.0577,0.0077,0.0097
-1.2546,9.5170,-1.6879,-0.0617,-0.0308,0.0330,-6.5649,6.5673,0.5100,-0.0346,-0.0215,0.0398
-1.2282,9.5265,-1.5395,-0.0710,-0.0087,0.0035,-6.5673,6.5649,0.5291,-0.0430,0.0032,0.0173
-1.2474,9.6151,-1.5562,-0.0729,-0.0322,-0.0033,-6.6511,6.6104,0.5459,-0.0336,-0.0117,0.0008
-1.3001,9.5720,-1.4317,-0.0673,0.0052,-0.0165,-6.6942,6.4931,0.5578,-0.0442,0.0418,-0.0051
-1.2378,9.4786,-1.6831,-0.0741,0.0049,-0.0115,-6.5697,6.5314,0.4549,-0.0529,-0.0027,-0.0028
-1.1923,9.5122,-1.5634,-0.0802,-0.0160,-0.0080,-6.7181,6.5362,0.5411,-0.0400,-0.0274,-0.0067
-1.2282,9.5888,-1.6640,-0.0757,0.0068,-0.0221,-6.6894,6.5553,0.4477,-0.0478,0.0281,-0.0117
-1.2905,9.5816,-1.5323,-0.0791,-0.0132,-0.0193,-6.5960,6.5218,0.5315,-0.0424,0.0240,-0.0120
-1.1779,9.6079,-1.4868,-0.0803,-0.0197,-0.0171,-6.6511,6.5266,0.6440,-0.0449,0.0333,-0.0159
-1.3599,9.5840,-1.5227,-0.0947,-0.0245,-0.0236,-6.6463,6.4691,0.5124,-0.0476,0.0260,-0.0205
-1.3240,9.5672,-1.4126,-0.0709,0.0067,-0.0211,-6.6702,6.4548,0.4836,-0.0429,0.0031,-0.0053
-1.3408,9.5409,-1.6616,-0.0719,-0.0199,-0.0091,-6.6391,6.5146,0.4070,-0.0454,-0.0003,-0.0017
-1.1756,9.5337,-1.5634,-0.0600,-0.0215,-0.0096,-6.4883,6.6224,0.4908,-0.0228,-0.0049,0.0048
-1.3264,9.5481,-1.6400,-0.0556,0.0505,-0.0401,-6.7038,6.5003,0.4525,-0.0572,0.0878,0.0045
-1.3001,9.5912,-1.5754,-0.0767,0.0188,-0.0233,-6.6367,6.5290,0.5459,-0.0588,0.0320,-0.0107
-1.3168,9.5265,-1.4988,-0.0926,0.0017,-0.0185,-6.5960,6.5194,0.4788,-0.0604,0.0250,-0.0167
-1.3647,9.5505,-1.5706,-0.0735,-0.0669,0.0075,-6.6032,6.4715,0.4238,-0.0163,-0.0369,0.0024
-1.1468,9.5241,-1.5562,-0.0739,-0.0111,-0.0031,-6.5194,6.5864,0.5602,-0.0474,-0.0462,0.0059
-1.3647,9.5146,-1.7119,-0.0882,-0.0328,0.0151,-6.6415,6.6200,0.5124,-0.0416,-0.0309,0.0116
-1.1157,9.6750,-1.5371,-0.0766,-0.0100,-0.0157,-6.5817,6.6439,0.6488,-0.0505,0.0256,-0.0024
-1.3001,9.5744,-1.4054,-0.0818,-0.0438,-0.0278,-6.6942,6.4955,0.5171,-0.0286,0.0233,-0.0230
-1.3982,9.4595,-1.6089,-0.0750,0.0228,-0.0466,-6.7181,6.3973,0.2993,-0.0506,0.0301,-0.0330
-1.2330,9.4978,-1.6209,-0.1002,0.0127,-0.0695,-6.6295,6.5505,0.4262,-0.0657,0.0550,-0.0576
-1.2713,9.5624,-1.7885,-0.1086,0.0265,-0.0569,-6.6008,6.5577,0.2274,-0.0807,0.0398,-0.0501
-1.3575,9.6007,-1.7047,-0.1098,-0.0645,-0.0269,-6.7349,6.5936,0.4693,-0.0348,0.0240,-0.0465
-1.2689,9.5720,-1.1803,-0.0959,-0.0401,0.0144,-6.8498,6.2560,0.7757,-0.0326,0.0374,-0.0024
-1.4389,9.4810,-1.3719,-0.0801,0.0273,-0.0332,-6.8833,6.2896,0.5507,-0.0687,0.0440,-0.0175
-1.4724,9.4763,-1.4485,-0.0517,0.0353,-0.0089,-6.7325,6.3542,0.2825,-0.0476,-0.0545,0.0260
-1.3910,9.4619,-1.8316,-0.0508,-0.0229,0.0342,-6.7205,6.4643,0.2346,-0.0249,-0.0957,0.0586
-1.1588,9.5026,-1.6783,-0.0954,-0.0818,0.0721,-6.4763,6.7612,0.6943,-0.0236,-0.0770,0.0404
-1.1037,9.5720,-1.3838,-0.1150,-0.1240,0.0557,-6.4524,6.7828,0.5962,-0.0253,-0.0117,0.0041
-1.1851,9.5385,-1.6137,-0.0653,-0.0320,-0.0297,-6.6295,6.5481,0.5219,-0.0404,-0.0257,-0.0294
-1.1301,9.5457,-1.7502,-0.0951,-0.0292,-0.0108,-6.5050,6.5888,0.4764,-0.0649,-0.0365,-0.0076
-1.1851,9.6151,-1.5251,-0.0969,-0.0048,-0.0104,-6.4787,6.6056,0.4046,-0.0731,-0.0317,-0.0088
-1.2881,9.5624,-1.4796,-0.1147,-0.0398,-0.0031,-6.7062,6.4212,0.4956,-0.0608,-0.0372,-0.0073
-1.3384,9.6247,-1.3551,-0.0803,-0.0209,-0.0143,-6.7373,6.4428,0.5243,-0.0410,0.0157,-0.0061
-1.2570,9.5912,-1.3336,-0.1046,-0.0199,-0.0049,-6.7181,6.4069,0.6153,-0.0541,0.0402,-0.0095
-1.2378,9.6582,-1.4653,-0.0862,0.0254,-0.0292,-6.6846,6.4907,0.5650,-0.0600,0.0345,-0.0216
-1.2426,9.5265,-1.4533,-0.0758,0.0061,-0.0254,-6.6295,6.4452,0.5124,-0.0494,0.0039,-0.0147
-1.3192,9.5984,-1.5131,-0.0689,-0.0689,-0.0065,-6.6583,6.5027,0.5004,-0.0051,-0.0449,-0.0025
-1.3024,9.5792,-1.3934,-0.0577,-0.0189,-0.0288,-6.7062,6.4596,0.5171,-0.0285,0.0273,-0.0167
-1.2881,9.5337,-1.3001,-0.0783,-0.0064,-0.0127,-6.7133,6.4955,0.6393,-0.0492,0.0056,-0.0057
-1.2234,9.5792,-1.5083,-0.0608,0.0298,-0.0446,-6.8235,6.4141,0.5243,-0.0533,0.0226,-0.0127
-1.2761,9.5672,-1.5467,-0.0636,-0.0402,-0.0288,-6.6367,6.4667,0.3424,-0.0120,-0.0292,-0.0197
-1.3671,9.4547,-1.7717,-0.1010,-0.0537,-0.0201,-6.7086,6.4979,0.4334,-0.0521,0.0406,-0.0203
-1.4006,9.5313,-1.2881,-0.0874,-0.0179,-0.0141,-6.7612,6.3446,0.4645,-0.0490,0.0256,-0.0075
-1.4509,9.4523,-1.5275,-0.0484,0.0574,-0.0149,-6.8091,6.3542,0.4956,-0.0520,0.0649,0.0035
-1.3862,9.4906,-1.6376,-0.0530,-0.0238,0.0065,-6.7301,6.4404,0.3663,-0.0346,0.0116,0.0270
-1.2905,9.5624,-1.6233,-0.0819,0.0171,0.0033,-6.6559,6.4955,0.4022,-0.0735,0.0093,0.0136
-1.3743,9.4930,-1.7621,-0.1030,0.0001,0.0024,-6.7277,6.4643,0.2753,-0.0807,-0.0159,0.0041
-1.3743,9.5146,-1.6161,-0.0965,-0.0232,0.0294,-6.7540,6.4835,0.2634,-0.0573,-0.0245,0.0273
-1.1947,9.5409,-1.4293,-0.1707,0.0476,0.0193,-6.5745,6.4643,0.6632,-0.1482,0.0184,-0.0123
-2.4421,9.4379,0.0168,-0.2382,0.2277,0.0541,-8.0661,4.9321,1.1684,-0.3484,-0.2533,0.2166
-0.7470,9.0190,-1.9489,-0.4639,1.3318,-0.0309,-5.6838,6.8091,0.8404,-1.2548,1.0360,0.4109
-4.2425,8.7029,-0.9744,-0.8351,2.4043,0.0544,-8.7173,4.1994,-0.5794,-2.0326,1.9416,0.3757
-2.5570,8.9807,-1.4174,-1.0782,1.4156,0.2920,-7.1706,5.4708,-0.3735,-1.8261,0.7647,0.3853
0.0718,9.7612,-0.9744,-1.2709,1.7127,0.5669,-5.7557,7.1802,1.3767,-2.0276,0.6366,0.4458
-0.0239,9.6534,-0.2801,-0.9613,0.7474,0.4145,-6.0478,6.7062,2.0662,-1.2982,0.0362,0.2332
-0.2322,9.0908,-1.6257,-1.5211,1.7881,0.2004,-5.4468,6.9192,0.6776,-2.3723,0.7520,0.0397
-1.5251,8.3199,2.6743,-2.0199,2.2227,0.1144,-7.0461,3.6200,3.6296,-2.8777,0.6959,-0.0857
-2.0830,7.8266,1.4485,-2.1377,2.1946,-0.1419,-6.7660,3.5817,2.0470,-2.9631,0.8772,-0.3752
-3.4500,7.0701,1.8747,-2.2483,2.3744,-0.1645,-7.7237,2.1117,1.7358,-3.1868,0.9542,-0.3740
-3.5961,6.1651,4.1396,-2.1785,1.0741,-0.1696,-7.7859,0.2658,3.7445,-2.3681,0.0348,-0.6486
-3.0335,5.7293,4.2401,-2.3208,1.8150,-0.2934,-6.9121,0.6297,3.6320,-2.8723,0.6066,-0.7079
-5.1691,4.1180,4.6711,-2.7508,2.7931,-0.9245,-7.9799,-2.1428,2.4110,-3.4979,1.3779,-1.2155
-6.1842,2.8108,5.6383,-2.5354,1.6387,-1.1373,-8.2025,-4.0749,2.6528,-2.5675,0.6238,-1.5917
-7.9176,2.0351,6.4260,-1.4601,0.3339,-0.8717,-9.2871,-6.0741,2.6432,-1.0599,-0.0730,-1.1735
-7.8266,1.4844,5.7174,-0.9410,0.0710,-0.4026,-8.7293,-5.8012,1.8627,-0.6927,-0.1311,-0.6620
-7.7213,1.1875,6.3015,-0.7977,0.1617,-0.3154,-8.4994,-6.3566,2.5594,-0.6049,-0.0354,-0.4962
-7.4723,1.1372,5.9400,-0.3636,0.0348,-0.0813,-8.1954,-5.9185,2.0710,-0.2569,-0.0663,-0.1757
-7.1970,1.2210,5.6958,-0.2606,0.0257,0.0044,-7.9368,-5.7820,2.2841,-0.1964,-0.0521,-0.0497
-7.0940,1.2665,5.2457,-0.0967,0.0697,0.0405,-7.8338,-5.3654,1.7526,-0.1226,-0.0127,0.0537
-7.1491,1.3479,4.7094,-0.0185,0.0201,0.0636,-7.7979,-5.1332,1.1875,-0.0432,0.0480,0.1003
-6.7014,1.4246,4.3048,-0.0481,-0.1082,0.0842,-7.3741,-4.6567,1.2139,-0.0196,-0.1079,0.0758
-6.8331,1.5634,4.3622,-0.1547,0.0714,0.0498,-7.5824,-4.6950,1.1396,-0.1708,-0.0121,0.0373
-6.8618,1.5730,4.8483,-0.1948,0.1845,-0.0052,-7.8673,-4.9201,1.6975,-0.2386,0.1168,0.0015
-6.8139,1.5562,4.9201,-0.0790,0.0005,-0.0366,-7.7716,-4.9416,1.6831,-0.0329,0.0159,-0.0230
-7.1826,1.4150,4.7022,-0.0409,0.0819,-0.0605,-7.9535,-5.1140,1.1947,-0.0577,0.0942,-0.0067
-6.9695,1.3623,4.6112,-0.0485,-0.0346,0.0045,-7.6351,-4.9009,1.2306,-0.0112,-0.0212,0.0216
-7.1539,1.4174,4.6926,-0.0686,-0.0268,-0.0252,-7.8865,-5.1356,1.2713,-0.0298,-0.0072,-0.0043
-7.0342,1.4174,4.3910,-0.1119,-0.0226,-0.0545,-7.7333,-4.8937,0.9720,-0.0698,0.0016,-0.0545
-7.1706,1.3479,4.9321,-0.0734,0.1039,0.0196,-7.9128,-5.2194,1.5131,-0.0999,0.0798,0.0460
-7.1419,1.3934,4.6735,-0.0662,-0.0148,0.0312,-7.7979,-5.0135,1.2785,-0.0512,0.0100,0.0410
-7.0318,1.4509,4.4077,-0.0293,-0.0238,0.0156,-7.6614,-4.7860,1.0582,-0.0115,0.0061,0.0384
-7.0294,1.4868,4.5179,-0.0717,0.0168,-0.0204,-7.9009,-4.9608,1.2809,-0.0624,0.0237,0.0064
-6.9743,1.4724,4.8291,-0.0814,0.0218,0.0139,-7.7476,-4.9823,1.4796,-0.0881,0.0141,0.0284
-7.1515,1.4844,5.1380,0.0127,0.0313,0.0408,-7.9751,-5.1523,1.5658,-0.0016,0.0803,0.0947
-7.0749,1.5778,4.6064,0.0755,0.0293,0.0434,-7.8626,-4.8483,1.0846,0.0401,0.1158,0.1102
-7.1850,1.6831,4.3814,0.0698,0.1244,0.0293,-8.0302,-4.7908,1.0175,-0.0091,0.1672,0.1176
-7.1778,1.6879,3.9983,0.0570,0.0454,0.0632,-7.8769,-4.5131,0.6776,0.0256,0.0955,0.1262
-6.5481,1.5443,4.0223,-0.0673,0.0548,-0.0485,-7.4819,-4.3910,1.2737,-0.0963,0.0504,-0.0001
-7.5729,1.9752,5.5929,-0.2082,0.3457,-0.0718,-8.6957,-5.3151,1.9297,-0.3404,0.2662,-0.0273
-7.3694,1.7310,6.2441,0.1254,-0.0282,0.0618,-8.5162,-5.6695,2.6600,0.1256,0.0713,0.1458
-7.1371,1.7837,4.1946,0.2225,0.1547,0.0465,-8.0110,-4.6280,1.0199,0.0901,0.2690,0.2092
-7.2736,1.9154,3.3662,0.2494,0.0568,0.0358,-8.0732,-4.0941,0.1341,0.1498,0.1816,0.1961
-7.3741,2.0830,3.2729,0.1216,0.1669,0.0260,-8.1977,-4.0462,0.1053,0.0076,0.1997,0.1452
-7.1874,2.2003,3.0502,0.0477,-0.0099,0.0592,-8.0804,-3.7661,-0.0646,0.0521,0.0252,0.1132
-7.1228,2.2649,2.6193,-0.1344,-0.1608,0.0075,-7.8266,-3.4740,-0.4693,-0.0222,-0.1331,-0.0454
-7.1251,2.0710,3.6631,-0.4482,-0.0230,-0.0970,-8.0756,-4.1587,0.7207,-0.3333,-0.1198,-0.2249
-7.3957,1.9848,5.6910,-0.4254,0.2122,-0.1042,-8.7197,-5.3343,2.4014,-0.3914,0.0765,-0.1692
-7.4220,1.7669,5.9256,-0.1464,0.0606,-0.0766,-8.6263,-5.5258,2.4229,-0.1190,0.0869,-0.0592
-7.7165,1.8004,4.9895,0.2037,0.0417,-0.0100,-8.5928,-5.0661,1.2665,0.1565,0.1903,0.1275
-7.6279,1.8794,3.7852,0.2314,0.1106,0.0163,-8.3175,-4.6711,0.3831,0.1340,0.2309,0.1735
-7.5968,1.9920,3.1627,0.1503,0.0289,0.0598,-8.2600,-4.1994,-0.1724,0.0861,0.1206,0.1704
-7.2425,2.2290,3.3184,0.0133,0.0101,0.0654,-8.0924,-3.8116,0.0910,0.0060,0.0137,0.1061
-6.9504,2.3511,2.8635,-0.1214,-0.1023,-0.0028,-7.8003,-3.4907,0.0622,-0.0245,-0.0906,-0.0389
-6.7493,2.2745,3.4836,-0.2208,-0.0946,-0.1014,-7.8458,-3.6775,0.5531,-0.1021,-0.1087,-0.1616
-7.3287,1.9680,4.7573,-0.2418,0.1532,-0.1595,-8.4396,-4.6783,1.4653,-0.2185,0.1232,-0.1777
-7.6950,1.8028,5.5785,-0.1913,0.1211,-0.1490,-8.7987,-5.4755,2.0183,-0.1470,0.1435,-0.1247
-7.8027,1.6927,4.0749,0.0653,-0.0141,-0.0722,-8.5114,-4.8363,0.4860,0.0783,0.0713,0.0059
-7.8554,1.6807,3.3591,-0.0211,0.0550,0.0005,-8.4324,-4.6400,-0.0694,-0.0462,0.0621,0.0522
-7.7476,1.7885,3.4022,-0.0584,0.0325,0.0492,-8.2073,-4.4436,-0.0670,-0.0621,-0.0145,0.0646
-7.5130,1.8555,3.8140,-0.1536,0.0304,0.0502,-8.2983,-4.5179,0.4812,-0.1284,-0.0169,0.0276
-7.3263,2.0782,4.0606,-0.0790,-0.0416,0.0458,-8.2313,-4.3072,0.7446,-0.0421,-0.0280,0.0388
-7.4986,2.0542,3.8906,-0.0516,0.0370,0.0201,-8.3629,-4.4077,0.5602,-0.0549,0.0408,0.0417
-7.5417,1.9082,3.7828,-0.0867,0.0180,0.0036,-8.3199,-4.4700,0.4357,-0.0762,0.0133,0.0151
-7.4579,1.9704,3.8116,-0.0693,-0.0875,0.0360,-8.2384,-4.4149,0.4788,-0.0057,-0.0558,0.0286
-7.4292,2.0686,3.9744,-0.0899,-0.0254,-0.0016,-8.3031,-4.4197,0.7829,-0.0458,-0.0067,-0.0024
-7.5657,1.9848,3.9313,-0.0882,0.0043,-0.0149,-8.3438,-4.3862,0.5674,-0.0675,0.0057,-0.0057
-7.6040,1.9609,4.0055,-0.0845,0.0173,-0.0096,-8.3989,-4.5538,0.6440,-0.0634,0.0143,0.0055
-7.4268,1.9920,4.0270,-0.0670,0.0185,0.0152,-8.2791,-4.4149,0.7997,-0.0514,0.0049,0.0278
-7.4220,2.1069,3.8259,-0.0266,-0.0226,-0.0039,-8.2863,-4.2282,0.5770,-0.0001,0.0101,0.0141
-7.4388,1.9896,3.7278,-0.0702,-0.0116,0.0000,-8.3462,-4.3239,0.3567,-0.0332,-0.0001,0.0069
-7.2975,1.9992,3.8379,-0.1316,0.0280,-0.0011,-8.2408,-4.3479,0.6895,-0.1017,-0.0175,-0.0151
-7.4747,2.1500,4.0725,-0.0534,-0.0362,-0.0128,-8.3653,-4.4412,0.8092,-0.0101,-0.0088,0.0080
-7.5154,2.0183,3.6775,-0.0512,0.0080,-0.0364,-8.3725,-4.3742,0.3639,-0.0317,0.0225,-0.0167
-7.6231,2.0494,3.6033,-0.0790,-0.0381,-0.0104,-8.3725,-4.3144,0.2322,-0.0352,-0.0205,0.0008
-7.3263,2.0590,3.9025,-0.1259,-0.0361,-0.0164,-8.3366,-4.3910,0.7638,-0.0546,-0.0230,-0.0316
-7.3454,2.0351,3.8068,-0.0897,-0.0937,-0.0222,-8.1930,-4.2713,0.6201,-0.0124,-0.0522,-0.0352
-7.7620,1.9225,4.0318,-0.0907,-0.0481,0.0005,-8.5880,-4.6855,0.5770,-0.0330,-0.0362,0.0065
-7.5178,1.9896,4.0462,-0.1031,0.0127,0.0172,-8.3103,-4.5250,0.7566,-0.0869,-0.0125,0.0185
-7.5010,2.0423,4.0701,-0.0689,-0.0296,0.0222,-8.3773,-4.4508,0.7278,-0.0278,0.0152,0.0273
-7.4843,2.0638,3.9959,-0.0561,-0.0769,0.0480,-8.4060,-4.4412,0.5435,-0.0313,0.0556,0.0039
-7.6112,1.7478,3.5769,-0.0590,-0.3809,0.1627,-8.3869,-4.2928,0.6129,-0.0594,0.1378,-0.0422
-6.7612,1.9728,4.2665,-0.1519,-0.0396,-0.9860,-8.0469,-4.9943,-0.1197,-0.1843,0.4198,-0.1054
-4.3120,2.4924,4.9416,-0.0715,-0.2763,-0.5227,-7.8650,-4.7980,0.7183,-0.1664,0.3864,0.0805
-7.1922,2.1045,4.0869,-0.1182,-0.5324,-0.0581,-8.9280,-4.5969,-0.1676,-0.0505,-0.0224,0.5255
-7.6638,1.9082,3.8738,-0.0164,-0.2081,-0.1455,-8.7269,-4.2042,-0.5578,-0.0516,0.0801,0.5180
-7.2449,1.9297,3.9648,-0.0536,-0.0670,-0.0793,-8.7364,-3.8188,-0.2298,-0.0889,0.2230,0.3677
-7.7500,1.9513,3.5195,0.0032,-0.0650,-0.3064,-8.9256,-3.7373,-0.7374,0.0013,0.1479,0.2001
-8.0373,1.6568,3.7517,-0.0321,0.1703,-0.2955,-8.8298,-3.7182,-0.4908,-0.1214,0.1014,0.2317
-7.6423,1.6855,3.6368,-0.0248,-0.0769,-0.1035,-8.2576,-3.1627,-0.6201,-0.0260,-0.2366,0.2502
-7.5753,1.7645,4.0270,-0.0083,0.0765,-0.0285,-8.8035,-3.4429,-0.5507,-0.0469,0.0385,-0.1962
-7.8219,1.7573,3.4979,0.1186,0.1088,-0.0969,-8.9136,-3.4069,-0.6009,-0.0353,0.1218,-0.4808
-7.8530,1.8675,3.9863,0.0554,-0.0192,0.1556,-8.8657,-3.6440,-0.7302,0.0505,-0.0496,0.0369
-7.6926,1.9968,3.5003,-0.1279,0.0685,0.2742,-8.6694,-3.6871,-0.4788,-0.1454,0.1709,-0.5172
-7.8243,1.9369,3.6823,-0.1836,0.2196,0.1844,-9.0956,-4.4077,-0.7566,-0.1212,0.1948,-0.1733
-8.2528,2.0446,2.8683,-0.1226,0.0754,0.1035,-9.2057,-4.5298,-0.2849,0.0228,-0.2142,0.1006
-8.0110,1.9824,3.7373,-0.1242,0.1836,0.1547,-8.6718,-4.1228,-0.9529,-0.0152,-0.1761,-0.0633
-8.2337,2.0063,4.1156,0.0128,0.1479,0.1046,-7.6734,-3.9217,0.1389,0.1275,-0.7302,-0.0254
-7.8171,1.8962,3.4572,0.1324,0.6639,-0.4924,-8.3893,-3.4429,0.1939,0.1446,-1.2450,0.7845
-7.7572,2.2314,3.0358,0.0854,0.1724,-0.3043,-8.5353,-3.2872,0.6081,0.1031,-0.4219,0.5774
-7.8386,2.0303,3.1580,0.0602,-0.2817,0.1358,-8.6311,-3.2633,0.8547,0.0751,-0.3393,0.2385
-7.9416,2.0446,3.2058,0.2054,0.0040,0.1192,-8.7939,-3.2178,1.2546,0.1236,-0.3297,0.2186
-7.4460,2.8946,3.0909,-0.0072,-0.1131,-0.0136,-9.3733,-2.8802,1.5395,0.0759,0.3066,-0.0105
-7.8458,2.5690,2.8826,0.1407,-0.0201,0.0946,-8.9328,-2.8874,0.9864,0.1366,-0.1054,0.1104
-7.8841,2.4038,2.8132,0.1728,0.2603,0.1215,-8.3606,-2.5618,0.9050,0.1059,0.0365,0.0815
-8.3845,2.4349,4.0318,0.0111,0.0570,0.0373,-8.4132,-3.1627,0.1508,0.0823,-0.0037,-0.0576
-7.6136,2.8299,2.3942,-0.0410,-0.3513,-0.1058,-8.4372,-2.4565,0.3831,0.1035,-0.1431,-0.2538
-7.6016,2.7270,3.2394,-0.0081,-0.0195,-0.1656,-8.1810,-2.5450,0.8499,-0.0703,0.3533,-0.5197
-7.8027,2.5833,3.3040,-0.1535,0.0282,-0.1132,-9.4667,-3.4069,1.2186,-0.0882,0.2723,-0.2787
-7.6782,2.6671,3.0406,-0.1364,-0.0538,-0.0847,-8.6957,-3.1005,0.5291,-0.1324,0.4470,-0.5504
-8.2337,2.4948,2.8587,-0.1619,0.0850,0.0991,-9.0668,-3.6559,0.6895,0.0197,0.1100,-0.3344
-8.0014,2.6240,3.1603,-0.1431,0.4457,-0.2531,-8.7867,-3.5698,0.6033,0.0365,-0.4465,0.0071
-7.8865,2.4038,2.9640,-0.1255,0.1591,-0.0979,-8.5569,-3.3830,0.8356,-0.0044,-0.3687,-0.0123
-8.2265,2.3200,2.6791,-0.0891,0.1502,-0.0497,-8.6503,-3.5745,0.8595,-0.0665,-0.1880,0.0710
-8.2384,2.2027,2.5905,-0.0981,0.1007,-0.0207,-8.7005,-3.4069,0.8236,-0.0637,-0.0906,0.0195
-8.1283,2.2936,2.7940,-0.0893,-0.0505,0.0898,-8.4707,-3.4117,1.2546,-0.0645,0.0624,-0.0169
-7.9511,2.3727,2.9401,-0.1007,-0.0089,0.0642,-8.4132,-3.5362,1.2881,-0.0526,-0.0598,-0.0450
-8.0780,2.4086,2.7270,-0.0763,0.0521,-0.0087,-8.5401,-3.3303,1.0726,-0.0280,-0.0453,0.0578
-8.1283,2.3176,2.6552,-0.1549,0.0321,-0.0312,-8.6838,-3.5051,1.1013,-0.1030,-0.0845,0.0489
-8.0302,2.4277,2.8754,-0.0830,-0.0526,0.0060,-8.5880,-3.5626,1.3575,-0.0328,-0.0224,0.0169
-8.0804,2.4301,2.9161,-0.1046,-0.0465,0.0091,-8.6766,-3.5195,1.3048,-0.0321,-0.0135,0.0177
-8.1163,2.3320,2.7342,-0.0707,0.0060,-0.0119,-8.5856,-3.4213,1.2186,-0.0352,-0.0136,0.0171
-8.1235,2.3822,2.4469,-0.0545,-0.0677,0.0175,-8.6862,-3.3399,0.9457,-0.0072,-0.0777,0.0365
-7.8961,2.4229,2.5881,-0.0718,0.0408,0.0139,-8.4180,-3.1292,1.0678,-0.0430,-0.0348,0.0185
-7.8961,2.4756,2.8994,-0.0830,-0.0410,-0.0328,-8.5521,-3.4213,1.3743,-0.0181,-0.0289,-0.0285
-8.0900,2.3224,2.7916,-0.0640,-0.0003,-0.0429,-8.5736,-3.4381,1.1540,-0.0318,0.0246,-0.0314
-8.0637,2.3439,2.9305,-0.0785,0.0091,-0.0121,-8.6143,-3.4979,1.2809,-0.0582,0.0306,-0.0056
-7.8889,2.4014,2.9066,-0.0500,-0.0444,0.0191,-8.6095,-3.4931,1.3719,-0.0115,0.0173,0.0008
-8.0613,2.3798,2.6791,-0.0301,-0.0148,0.0152,-8.6742,-3.4524,1.0367,-0.0292,0.1524,-0.0381
-8.1858,2.3559,2.7390,-0.0265,-0.0465,0.0270,-8.7269,-3.5506,0.8906,-0.0060,0.0645,-0.0222
-7.7979,2.5474,2.7701,-0.0552,-0.0850,0.0450,-8.4874,-3.3184,1.1420,-0.0226,0.0453,-0.0281
-7.8266,2.5450,2.9066,-0.0681,-0.3625,0.1928,-8.6646,-3.3926,0.9960,-0.0822,0.3204,-0.1255
-8.4994,2.4636,3.9863,0.1152,-0.0141,0.2910,-8.9615,-3.4093,0.3759,-0.2034,0.2878,-0.0338
-7.1323,2.9113,2.4828,-0.0195,-0.1498,0.1998,-8.7340,-4.1204,0.5315,-0.2329,0.4627,-0.1270
-7.4962,2.8946,3.0598,-0.1442,-0.2072,0.1120,-9.1482,-3.8738,0.6991,-0.1013,0.1916,-0.0031
-7.4771,2.9353,3.2250,-0.0718,-0.1098,0.0252,-8.5904,-3.5386,0.3472,-0.0155,0.1452,0.2033
-7.9152,2.8898,2.9592,-0.0994,-0.0222,0.0269,-8.9399,-3.7110,0.1221,-0.0498,0.1651,-0.0416
-7.5657,2.8946,2.8730,-0.1264,-0.0409,0.1139,-8.1355,-3.2825,0.4190,-0.0300,0.0060,-0.1248
-7.3933,2.9425,3.3136,-0.1252,-0.0893,0.2030,-8.7771,-3.6799,0.3065,-0.0496,0.0513,-0.1733
-7.8147,2.9616,3.0263,-0.0951,0.1208,-0.0428,-8.8202,-3.7709,0.2442,-0.0538,-0.0573,-0.0456
-7.6614,2.9113,3.0550,-0.0929,-0.1287,0.0374,-8.6550,-3.7445,0.3184,-0.0325,-0.0930,-0.0109
-7.4508,2.9736,3.4213,-0.1046,0.0045,-0.0199,-8.6024,-3.7852,0.7614,-0.0442,-0.0413,-0.0077
-7.6591,3.0454,3.4022,-0.0508,0.0301,-0.0137,-8.6957,-3.8571,0.5339,-0.0049,-0.0200,0.0238
-7.5992,2.9161,3.0813,-0.0711,-0.0328,0.0292,-8.6287,-3.7781,0.3041,-0.0493,0.0079,-0.0028
-7.5537,3.0718,3.2633,-0.0901,-0.0256,-0.0083,-8.6072,-3.7206,0.5171,-0.0436,-0.0076,-0.0047
-7.4196,3.0885,3.2753,-0.0829,-0.0177,-0.0345,-8.5425,-3.7373,0.6680,-0.0306,-0.0321,-0.0136
-7.5729,3.0095,3.3136,-0.0695,0.0012,-0.0091,-8.6694,-3.8140,0.6273,-0.0425,0.0072,-0.0025
-7.7165,3.0071,2.9760,-0.0653,-0.0147,-0.0148,-8.7221,-3.8188,0.4310,-0.0317,-0.0229,0.0021
-7.6255,2.9975,2.9904,-0.1474,-0.0069,-0.0282,-8.7173,-3.7206,0.3448,-0.1134,-0.0616,0.0220
-7.7883,2.9281,3.6368,-0.0937,0.1343,0.0117,-8.7987,-4.0677,1.0104,-0.1264,0.0993,0.0754
-7.4579,3.0215,2.8395,-0.0029,-0.0044,-0.0072,-8.4228,-3.4189,0.3950,0.0120,-0.0173,0.0528
-7.4771,3.0598,2.6791,-0.0662,-0.0049,-0.0215,-8.5545,-3.3662,0.1748,-0.0510,0.0360,-0.0160
-7.6351,3.0550,2.9209,-0.1322,-0.0260,-0.0510,-8.6646,-3.6033,0.2370,-0.0581,-0.0513,-0.0529
-7.7788,2.9281,3.0239,-0.1320,-0.0597,-0.0261,-8.7508,-3.7326,0.5267,-0.0769,-0.0309,-0.0390
-7.5657,2.9592,3.4213,-0.1234,-0.0729,-0.0338,-8.7005,-3.8355,0.7901,-0.0420,-0.0560,-0.0400
-7.6160,2.9353,3.3998,-0.1009,0.0236,-0.0620,-8.7197,-3.7781,0.6105,-0.0544,0.0256,-0.0441
-7.7524,2.8730,3.1556,-0.0778,0.0242,-0.0372,-8.6646,-3.7421,0.2993,-0.0434,-0.0115,-0.0044
-7.6830,2.9161,3.2322,-0.0851,0.0033,0.0097,-8.7029,-3.8307,0.4860,-0.0514,-0.0441,0.0121
-7.5992,2.8802,3.1891,-0.0713,0.0075,-0.0072,-8.6550,-3.8499,0.7901,-0.0589,0.0220,0.0222
-7.5824,3.0358,3.0454,-0.0662,0.0322,-0.0141,-8.5928,-3.6536,0.4429,-0.0526,0.0389,0.0067
-7.5753,2.8802,3.2394,-0.0529,-0.0155,-0.0448,-8.6287,-3.7900,0.6033,-0.0031,-0.0216,0.0045
-7.7165,2.9233,3.1196,-0.0465,0.0318,-0.0289,-8.6598,-3.7852,0.4429,-0.0305,0.0294,0.0216
-7.6710,2.8611,2.8754,-0.0546,-0.0452,-0.0144,-8.5880,-3.7302,0.3041,-0.0083,-0.0240,0.0076
-7.6974,2.8946,2.8084,-0.0865,-0.0274,0.0049,-8.5617,-3.6392,0.1628,-0.0484,-0.0237,0.0009
-7.6112,2.9137,3.0813,-0.1227,-0.0569,0.0140,-8.5688,-3.6248,0.5531,-0.0494,-0.0805,0.0079
-7.2856,3.1101,3.2825,-0.1075,0.0001,-0.0302,-8.4779,-3.4141,0.7949,-0.0586,0.0167,-0.0252
-7.3717,2.9137,3.3591,-0.0938,-0.0011,-0.0699,-8.5832,-3.6320,0.9505,-0.0405,0.0420,-0.0645
-7.6399,2.7892,3.2394,-0.0679,-0.0133,-0.0618,-8.6311,-3.9002,0.6393,-0.0224,0.0160,-0.0440
-7.7093,2.7318,3.2561,-0.0504,-0.0159,-0.0674,-8.7819,-3.9456,0.5842,-0.0072,0.0180,-0.0349
-7.9392,2.6360,2.8874,-0.0520,-0.0187,-0.0313,-8.7436,-3.9480,0.3160,-0.0348,0.0284,-0.0037
-7.8626,2.8419,3.1436,-0.0842,0.0408,-0.0076,-8.6694,-3.7804,0.3639,-0.0663,0.0282,0.0051
-7.8195,2.7653,3.3806,-0.0817,0.0349,0.0204,-8.7412,-4.0103,0.7494,-0.0847,0.0398,0.0494
-7.6710,2.9209,3.1675,-0.0326,0.0137,0.0414,-8.6957,-3.7565,0.5076,-0.0293,-0.0055,0.0810
-7.6686,2.9401,2.8706,-0.0456,-0.0164,0.0582,-8.6287,-3.4979,0.2873,-0.0332,-0.0073,0.0779
-7.6351,2.9401,2.6743,-0.0858,0.0167,0.0461,-8.6622,-3.4907,0.1891,-0.0803,-0.0125,0.0636
-7.5705,3.0191,3.0263,-0.1271,0.0689,0.0187,-8.6119,-3.4141,0.5435,-0.1002,-0.0358,0.0441
-7.2951,3.0813,3.1891,-0.1171,-0.0610,-0.0454,-8.4587,-3.3399,0.6943,-0.0496,-0.0588,-0.0481
-7.4867,2.9592,3.0765,-0.1019,-0.0021,-0.0679,-8.5353,-3.5745,0.5650,-0.0568,-0.0097,-0.0506
-7.6184,2.9185,2.7342,-0.1680,-0.0196,-0.0949,-8.5952,-3.4117,0.3639,-0.1053,0.0092,-0.1130
-7.6950,2.8084,3.1580,-0.1192,-0.0522,-0.0846,-8.7364,-3.8211,0.4908,-0.0270,-0.0691,-0.0878
-7.9440,2.5546,3.1244,-0.1828,-0.0306,0.0052,-8.6718,-4.0630,0.4094,-0.0907,-0.0743,-0.0289
-7.7476,2.7294,3.1699,-0.1400,-0.1256,-0.0183,-8.6167,-3.9121,0.5866,-0.0477,-0.0766,-0.0542
-7.7069,2.7294,3.6919,-0.0175,-0.0930,-0.0489,-8.6862,-4.0606,1.1756,0.0488,-0.0253,-0.0256
-7.8219,2.7461,3.7924,-0.0372,-0.0047,-0.0113,-8.5952,-4.1755,0.9864,0.0199,0.0179,0.0135
-7.6231,2.6073,2.9640,0.0057,-0.1192,0.0160,-8.6143,-3.8666,0.5986,0.0215,-0.0169,0.0548
-7.8506,2.6504,3.1220,-0.0565,0.0580,0.0257,-8.7197,-3.8858,0.4573,-0.0747,0.0749,0.0561
-7.7428,2.7581,3.1939,-0.0921,0.0609,0.0204,-8.7580,-3.9792,0.4381,-0.1045,0.0516,0.0424
-7.6854,2.8419,3.3615,-0.0541,0.0144,0.0934,-8.6766,-3.7565,0.8499,-0.0608,0.0079,0.0947
-7.4508,3.0382,3.2178,-0.0600,0.0464,0.0947,-8.5904,-3.4860,0.6919,-0.0718,0.0185,0.1002
-7.3263,3.1173,2.7509,-0.0699,0.0408,0.0167,-8.3486,-3.1939,0.5866,-0.0703,0.0273,0.0300
-7.2975,3.0263,2.9832,-0.1242,0.0342,-0.0417,-8.4372,-3.3255,0.6608,-0.1139,0.0450,-0.0417
-7.4531,3.0071,3.3255,-0.1168,-0.0264,-0.0582,-8.5138,-3.5698,0.8547,-0.0574,-0.0342,-0.0658
-7.6591,2.9185,3.2681,-0.0881,0.0003,-0.0822,-8.5976,-3.6631,0.6967,-0.0330,0.0163,-0.0742
-7.8578,2.7270,3.0598,-0.0863,-0.0031,-0.0945,-8.7915,-3.8618,0.4357,-0.0461,0.0469,-0.0769
-7.8266,2.7557,3.2441,-0.0783,-0.0137,-0.0568,-8.6718,-3.9193,0.6321,-0.0393,0.0029,-0.0365
-7.8434,2.7366,3.4093,-0.0818,-0.0052,-0.0314,-8.6455,-3.9624,0.6943,-0.0405,0.0047,-0.0189
-7.6998,2.7916,3.1125,-0.0027,-0.0789,-0.0103,-8.6215,-3.6775,0.5435,0.0517,-0.0318,0.0128
-7.6543,2.7653,3.2106,-0.0418,-0.0136,-0.0288,-8.5665,-3.7469,0.5291,0.0129,0.0027,-0.0067
-7.8865,2.7294,3.2417,-0.0749,-0.0385,0.0115,-8.7412,-3.9648,0.4836,-0.0337,-0.0025,0.0124
-7.7596,2.7414,3.2226,-0.0628,0.0195,0.0193,-8.6742,-3.8882,0.7159,-0.0691,0.0454,0.0390
-7.4651,2.9377,3.3662,-0.0128,-0.0578,0.0195,-8.5808,-3.7014,0.7925,0.0152,-0.0189,0.0566
-7.5705,2.9185,3.0023,-0.0453,0.0274,-0.0047,-8.5569,-3.5985,0.5914,-0.0448,0.0353,0.0322
-7.7572,2.9209,2.9616,-0.0528,0.0366,0.0079,-8.7580,-3.6655,0.4046,-0.0624,0.0456,0.0266
-7.6112,2.9688,2.9473,-0.0677,-0.0141,0.0195,-8.5042,-3.4716,0.5195,-0.0405,-0.0096,0.0326
-7.5130,2.9449,2.7390,-0.0690,-0.0653,-0.0015,-8.4898,-3.3806,0.4238,-0.0345,-0.0340,0.0115
-7.5681,2.9066,2.7605,-0.1276,-0.0119,-0.0409,-8.5497,-3.3734,0.2370,-0.0735,-0.0320,-0.0513
-7.6279,2.8659,3.2561,-0.1628,0.0051,-0.0496,-8.5234,-3.5147,0.7590,-0.0975,-0.0145,-0.0847
-7.6495,2.9401,3.7302,-0.1308,0.0041,-0.0337,-8.7221,-3.8427,1.1013,-0.0746,0.0245,-0.0422
-7.4316,2.8874,3.5099,-0.0863,0.0193,-0.0614,-8.5281,-3.6895,1.0367,-0.0490,0.0484,-0.0365
-7.6423,2.8467,3.2633,-0.0482,-0.0262,-0.0766,-8.6095,-3.6392,0.6057,-0.0012,0.0282,-0.0588
-7.9152,2.7078,3.1915,-0.0592,-0.0211,-0.0613,-8.7484,-3.9768,0.5219,-0.0241,0.0498,-0.0349
-7.8386,2.6456,3.1915,-0.0751,0.0155,-0.0320,-8.8442,-3.8164,0.4094,-0.0508,0.0105,-0.0025
-7.7405,2.6552,2.9305,-0.0364,-0.0939,-0.0011,-8.6407,-3.7062,0.2394,0.0120,-0.0236,0.0085
-7.7309,2.7605,2.8635,-0.0869,-0.0927,0.0049,-8.5425,-3.7038,0.4549,-0.0289,-0.0378,-0.0226
-7.7476,2.7509,3.4165,-0.1264,-0.0195,0.0079,-8.7436,-3.9289,0.6584,-0.0822,0.0025,-0.0025
-7.8985,2.7007,3.4931,-0.0737,-0.0181,0.0436,-8.8250,-4.0893,0.8691,-0.0422,-0.0117,0.0524
-7.6758,2.7892,3.1819,-0.0630,-0.0498,0.0645,-8.5712,-3.7350,0.6105,-0.0365,-0.0480,0.0617
-7.3239,3.0071,3.0167,-0.0601,-0.0278,0.0649,-8.4108,-3.3615,0.7590,-0.0360,-0.0754,0.0706
-7.3933,3.1508,3.2872,-0.1099,0.0422,0.0032,-8.5234,-3.3686,0.9242,-0.0969,0.0149,0.0019
-7.4244,2.9042,3.4477,-0.0436,0.0397,-0.0488,-8.5784,-3.6679,0.8787,-0.0381,0.0702,-0.0103
-7.8195,2.7509,2.9449,-0.0040,-0.0537,0.0215,-8.7795,-3.7230,0.2442,0.0350,-0.0360,0.0444
-7.5058,2.9664,2.9568,-0.0466,-0.0325,-0.0149,-8.5305,-3.4716,0.5052,-0.0072,0.0145,-0.0045
-7.5776,2.9521,3.4165,-0.0929,-0.0758,-0.0284,-8.6742,-3.6727,0.8356,-0.0161,-0.0460,-0.0326
-7.5609,3.0430,3.5578,-0.0361,-0.0373,-0.0144,-8.7556,-3.7134,0.9840,0.0149,0.0071,-0.0020
-7.4986,2.9018,3.1603,0.0253,-0.0204,-0.0384,-8.4491,-3.6248,0.7422,0.0382,0.0468,0.0157
-7.7213,2.8180,3.0023,-0.0585,-0.0157,0.0041,-8.5832,-3.6512,0.4836,-0.0414,0.0305,0.0048
-7.4651,3.0287,3.0215,-0.0509,-0.0573,0.0109,-8.6024,-3.4716,0.6369,-0.0096,-0.0281,0.0073
-7.4819,2.9640,3.1340,-0.0773,-0.0534,-0.0216,-8.6359,-3.5195,0.6752,-0.0256,-0.0340,-0.0100
-7.6854,2.8922,3.0765,-0.1058,0.0193,-0.0366,-8.6838,-3.7254,0.6560,-0.0771,0.0385,-0.0340
-7.7740,2.8659,3.5410,-0.1009,-0.0739,0.0161,-8.7963,-3.8499,0.7015,-0.0257,-0.0746,0.0007
-7.4579,2.9664,3.3854,-0.0536,-0.0549,0.0233,-8.4324,-3.5362,0.9050,-0.0008,-0.0416,0.0184
-7.2544,3.0957,3.1173,-0.0781,-0.0153,-0.0468,-8.5090,-3.4165,0.9218,-0.0398,0.0056,-0.0478
-7.2449,3.0981,3.4692,-0.0925,0.0320,-0.0703,-8.5880,-3.3998,1.0175,-0.0655,0.0477,-0.0577
-7.5657,2.9760,3.3782,-0.0532,0.0079,-0.0795,-8.5832,-3.6559,0.7326,-0.0212,0.0386,-0.0508
-7.5657,2.7869,2.8706,-0.0340,-0.0636,-0.1108,-8.5665,-3.5721,0.2155,0.0450,-0.0215,-0.1021
-7.8362,2.6887,3.1029,-0.1244,-0.0871,-0.0747,-8.5976,-3.9313,0.4334,-0.0324,-0.0205,-0.1074
-7.8147,2.6671,3.5841,-0.1422,-0.1100,-0.0336,-8.6718,-4.1420,0.9912,-0.0496,-0.0682,-0.0783
-7.6351,2.8108,3.7302,-0.0790,-0.0452,-0.0188,-8.6694,-3.9480,1.1205,-0.0362,-0.0183,-0.0188
-7.2975,2.9975,3.7445,-0.0043,-0.0458,0.0000,-8.4611,-3.6751,1.2354,0.0505,-0.0115,0.0252
-7.3382,2.8395,3.4141,-0.0334,-0.0025,-0.0330,-8.4228,-3.6200,0.9074,-0.0215,0.0588,0.0029
-7.4364,2.7821,3.3327,-0.0738,0.0755,-0.0578,-8.4539,-3.6775,0.8475,-0.0714,0.1002,-0.0248
-7.7955,2.6528,3.2537,-0.0886,0.0486,-0.0958,-8.6311,-4.0534,0.5962,-0.0561,0.0546,-0.0486
-7.6519,2.7150,3.0143,-0.0550,-0.0564,-0.0516,-8.4707,-3.6919,0.4310,0.0112,-0.0230,-0.0498
-7.5968,2.7461,2.9784,-0.1135,-0.0662,-0.0430,-8.5090,-3.7565,0.4788,-0.0332,-0.0489,-0.0582
-7.5417,2.8276,3.4117,-0.1348,-0.0232,-0.0767,-8.5018,-3.8331,0.9050,-0.0759,0.0043,-0.0913
-7.3670,2.7102,3.6272,-0.0405,-0.0911,-0.0719,-8.3582,-3.8666,1.1037,0.0280,-0.0117,-0.0658
-7.5082,2.7342,3.6966,-0.0109,0.0057,-0.0710,-8.5329,-3.9552,1.0654,0.0132,0.0755,-0.0442
-7.6710,2.6384,3.4213,-0.0378,0.1070,-0.0855,-8.5353,-4.0366,0.7470,-0.0508,0.1549,-0.0566
-7.6231,2.5905,3.4141,-0.0472,0.0799,-0.0843,-8.4874,-4.0079,0.6273,-0.0633,0.1491,-0.0542
-7.6710,2.6647,3.2010,0.0193,-0.0809,-0.0570,-8.4922,-3.9840,0.4501,0.0568,0.0035,-0.0236
-8.1786,2.4134,3.1747,-0.0496,0.0715,-0.0492,-8.7724,-4.3503,0.3208,-0.0244,0.0504,-0.0117
-7.9751,2.5115,2.5618,-0.0865,-0.0302,0.0008,-8.5114,-3.9528,-0.1867,-0.0504,-0.0003,-0.0248
-7.6375,2.6695,3.3447,-0.1724,-0.1106,0.0277,-8.5521,-4.0438,0.8068,-0.0805,-0.1102,-0.0236
-7.7716,2.6815,3.9025,-0.0974,0.0165,0.0268,-8.6981,-4.2808,1.1420,-0.0857,0.0068,0.0261
-7.5154,2.7797,3.9385,-0.0077,0.0244,0.0762,-8.5353,-4.0845,1.3072,-0.0228,0.0197,0.1162
-7.3191,2.8539,3.2298,-0.0007,0.0834,-0.0032,-8.3989,-3.5602,0.8404,-0.0405,0.1001,0.0489
-7.4388,2.8419,3.0502,0.0004,0.0618,-0.0477,-8.3749,-3.5817,0.5171,-0.0175,0.1090,0.0137
-7.7668,2.6217,3.0598,-0.0674,0.0858,-0.0512,-8.5377,-3.8571,0.4501,-0.0731,0.0887,-0.0191
-7.8219,2.6384,2.9928,-0.0962,-0.0108,-0.0266,-8.5090,-4.0510,0.3615,-0.0594,0.0135,-0.0148
-7.8482,2.4541,2.8228,-0.0421,-0.1034,0.0140,-8.5377,-3.9863,0.0670,0.0193,-0.1037,0.0144
-7.7165,2.7031,3.3758,-0.1100,-0.0710,0.0588,-8.5617,-3.9863,0.6895,-0.0492,-0.0758,0.0244
-7.7500,2.7054,3.5386,-0.1027,-0.0285,0.0835,-8.6455,-4.0223,0.8859,-0.0650,-0.0653,0.0655
-7.1658,2.9568,3.4692,-0.0705,-0.0200,0.0229,-8.4036,-3.5937,1.2546,-0.0394,-0.0249,0.0276
-7.4340,2.9449,3.4788,-0.0065,0.0165,-0.0077,-8.5473,-3.6176,1.0750,0.0044,0.0460,0.0350
-7.6998,2.7821,3.1484,-0.0685,0.1580,-0.0843,-8.6886,-3.9576,0.6584,-0.0983,0.1644,-0.0234
-7.5800,2.8132,2.7294,-0.0318,0.0017,-0.0605,-8.3797,-3.4931,0.0694,-0.0025,0.0480,-0.0257
-7.7237,2.6504,2.7725,-0.0973,0.0040,-0.0686,-8.4874,-3.8092,0.3807,-0.0488,0.0584,-0.0568
-7.8171,2.5235,2.9521,-0.1111,-0.0811,-0.0438,-8.5712,-4.0366,0.3615,-0.0372,-0.0426,-0.0554
-8.0613,2.5187,3.2848,-0.1387,-0.0233,-0.0151,-8.8107,-4.2545,0.5339,-0.0794,-0.0416,-0.0290
-7.5800,2.6097,3.3543,-0.1232,-0.0077,0.0163,-8.5712,-3.9193,0.9218,-0.0974,-0.0500,-0.0021
-7.4651,2.8874,3.7757,-0.0252,-0.0413,0.0193,-8.5449,-3.9624,1.2570,-0.0001,-0.0197,0.0378
-7.4795,2.9640,3.4237,0.0413,0.0448,-0.0108,-8.5545,-3.6871,0.8859,0.0378,0.0589,0.0544
-7.9128,2.6647,3.2274,-0.0665,0.1204,-0.0457,-8.7173,-4.0270,0.4286,-0.0921,0.1475,0.0073
-7.6830,2.6983,2.5666,-0.0273,0.0317,-0.0465,-8.4060,-3.6152,-0.0239,-0.0414,0.0859,0.0025
-7.5513,2.8299,3.0598,-0.0516,-0.0746,-0.0306,-8.4635,-3.6248,0.5674,0.0083,-0.0314,-0.0282
-7.7764,2.5426,2.9281,-0.1122,-0.0517,-0.0229,-8.5042,-3.9217,0.3879,-0.0426,-0.0144,-0.0569
-7.7165,2.7102,3.1556,-0.1263,-0.0658,-0.0356,-8.6119,-3.8786,0.5698,-0.0566,-0.0424,-0.0574
-7.9416,2.6264,3.5721,-0.1528,0.0083,0.0101,-8.7867,-4.1659,0.8547,-0.1196,0.0448,-0.0242
-7.6830,2.7294,3.5889,-0.0278,-0.0284,0.0564,-8.6072,-4.0606,0.9744,-0.0189,0.0265,0.0641
-7.4603,2.8587,3.3686,-0.0521,0.0093,0.0425,-8.4156,-3.7182,0.8116,-0.0517,0.0430,0.0517
-7.0629,3.0622,3.0646,0.0088,-0.0268,-0.0377,-8.1594,-3.2825,0.8332,0.0326,0.0360,-0.0121
-7.4555,3.0885,2.9329,-0.0480,0.0361,-0.0762,-8.4898,-3.3088,0.4645,-0.0310,0.0608,-0.0265
-7.2209,2.8108,2.6839,-0.0965,0.0276,-0.1691,-8.2193,-3.3686,0.1796,-0.0653,0.0955,-0.1416
-7.5130,2.6695,2.8587,-0.1018,-0.0926,-0.1993,-8.3151,-3.6871,0.2969,0.0065,-0.0242,-0.1901
-8.1547,2.3583,3.3208,-0.2177,0.0011,-0.1927,-8.7340,-4.4628,0.2921,-0.1192,0.0360,-0.2110
-8.5210,2.0949,3.2968,-0.1901,0.0001,-0.0949,-8.8490,-4.9536,0.3376,-0.1267,-0.0344,-0.1007
-7.9009,2.3679,3.4644,-0.1223,-0.0994,0.0298,-8.5234,-4.3335,0.6488,-0.0508,-0.0795,-0.0067
-7.5537,2.4086,3.1149,-0.0476,-0.0446,0.0652,-8.3055,-3.9863,0.5100,-0.0381,-0.0625,0.0769
-7.6830,2.4086,3.3615,-0.1061,0.0469,0.0687,-8.4731,-4.1899,0.7374,-0.1073,0.0222,0.0729
-7.7692,2.6073,3.1532,-0.0815,-0.0057,0.0560,-8.5210,-4.0965,0.4932,-0.0949,0.0268,0.0581
-7.5417,2.6504,3.6631,-0.0218,-0.0556,0.0957,-8.4036,-3.9002,0.8308,0.0052,-0.0524,0.1046
-7.6088,2.7174,3.1101,-0.0738,0.0758,0.0123,-8.5401,-3.8547,0.5794,-0.1034,0.1073,0.0476
-7.4819,2.6384,2.6887,-0.0220,-0.0258,-0.0169,-8.3414,-3.6057,0.0982,-0.0084,0.0065,0.0161
-7.7668,2.4804,2.9353,-0.0552,-0.0718,-0.0125,-8.4036,-3.8690,0.2658,0.0167,-0.0717,-0.0005
-7.6591,2.6504,2.8587,-0.1280,-0.0352,-0.0260,-8.4108,-3.8666,0.2274,-0.0681,-0.0457,-0.0454
-7.5010,2.6432,3.3543,-0.1055,-0.1037,-0.0261,-8.3606,-3.8235,0.8475,-0.0200,-0.0462,-0.0577
-7.6351,2.6576,3.6105,-0.0902,-0.0284,-0.0329,-8.5210,-4.0797,0.9194,-0.0378,-0.0244,-0.0289
-7.7668,2.5379,3.6392,-0.0823,0.0412,-0.0426,-8.6119,-4.3239,0.7733,-0.0568,0.0429,-0.0209
-7.8865,2.5307,3.2058,-0.0272,0.0221,-0.0099,-8.5880,-4.1539,0.3424,-0.0262,0.0448,0.0300
-7.7261,2.4756,3.1101,-0.0037,-0.0011,0.0081,-8.5066,-4.0055,0.4262,-0.0152,0.0085,0.0497
-7.7381,2.6384,3.3758,-0.0701,0.0348,0.0258,-8.6119,-4.0845,0.5602,-0.0510,0.0096,0.0364
-7.4699,2.7007,2.8252,-0.0404,-0.0262,0.0135,-8.2576,-3.6727,0.2921,-0.0003,-0.0254,0.0254
-7.4891,2.6719,2.7629,-0.1560,-0.0252,-0.0734,-8.3318,-3.5769,0.1867,-0.0943,0.0008,-0.0982
-7.7093,2.5833,3.3088,-0.1557,-0.0950,-0.0585,-8.4324,-4.0390,0.5459,-0.0658,-0.0436,-0.1073
-7.7859,2.5450,3.7110,-0.1199,-0.0168,-0.0977,-8.6526,-4.3862,0.8523,-0.0574,0.0161,-0.0949
-8.0445,2.4014,3.4620,-0.0597,0.0534,-0.0584,-8.6814,-4.4748,0.4310,-0.0502,0.0480,-0.0187
-8.2528,2.2936,3.2441,-0.0667,0.0425,0.0179,-8.7436,-4.6328,0.1820,-0.0745,0.0293,0.0505
-7.7668,2.4876,3.1292,-0.0409,0.0381,0.0576,-8.4300,-4.0558,0.3950,-0.0545,0.0153,0.0854
-7.4699,2.6456,3.0813,-0.0378,0.0111,0.0381,-8.3893,-3.7158,0.4262,-0.0370,0.0199,0.0632
-7.6399,2.6863,2.8204,-0.0979,-0.0222,-0.0151,-8.4180,-3.7972,0.2107,-0.0584,0.0073,-0.0117
-7.6160,2.5043,2.6145,-0.0990,-0.0821,-0.0433,-8.4396,-3.8642,-0.1197,-0.0161,-0.0717,-0.0646
-7.7069,2.5450,3.3806,-0.1720,-0.1061,-0.0297,-8.5377,-4.1563,0.6129,-0.0436,-0.0987,-0.0775
-7.8458,2.4972,3.7709,-0.1552,-0.0270,-0.0449,-8.6119,-4.4628,0.9313,-0.0790,-0.0308,-0.0614
-7.6998,2.4780,3.5961,-0.0606,-0.0191,-0.0650,-8.5832,-4.3622,0.8212,-0.0294,0.0216,-0.0360
-7.6974,2.3272,3.4285,-0.0155,-0.0694,0.0320,-8.3941,-4.3024,0.6393,0.0085,-0.0172,0.0453
-7.6686,2.5857,3.4357,-0.0240,0.0620,0.0305,-8.5688,-4.1084,0.6536,-0.0470,0.0729,0.0810
-7.6231,2.6624,3.1316,-0.0056,0.0636,0.0180,-8.4683,-4.0079,0.4741,-0.0340,0.0783,0.0658
-7.6399,2.5450,2.8587,-0.0244,0.0185,-0.0085,-8.4228,-3.8164,0.0814,-0.0308,0.0665,0.0204
-7.7955,2.5331,2.6552,-0.0274,-0.0742,-0.0108,-8.4851,-3.8235,-0.1508,0.0220,-0.0426,0.0072
-7.7788,2.5450,3.0263,-0.1231,-0.0862,-0.0013,-8.4851,-4.0486,0.2586,-0.0470,-0.0905,-0.0277
-7.8650,2.5953,3.3399,-0.1769,-0.0322,-0.0072,-8.6191,-4.2425,0.4812,-0.1138,-0.0729,-0.0418
-7.5010,2.6312,3.4860,-0.0701,-0.0265,-0.0232,-8.5042,-4.0797,0.8428,-0.0278,-0.0027,-0.0187
-7.5968,2.5786,3.4261,-0.0325,-0.0179,-0.0333,-8.4515,-4.0486,0.6057,-0.0080,0.0103,0.0016
-7.7668,2.5139,3.2872,-0.0618,0.0426,-0.0317,-8.5234,-4.0630,0.5770,-0.0530,0.0428,0.0053
-7.6710,2.4972,3.1963,-0.0565,0.0462,-0.0261,-8.4348,-4.0390,0.5411,-0.0557,0.0489,-0.0017
-7.6638,2.5786,3.0239,-0.0492,-0.0176,-0.0476,-8.4084,-4.0055,0.3304,-0.0242,0.0378,-0.0264
-7.9847,2.4205,2.9473,-0.0300,-0.0253,-0.0217,-8.6143,-4.2210,0.0575,0.0107,-0.0137,0.0020
-7.7740,2.4804,3.1699,-0.1087,-0.0727,0.0033,-8.5138,-4.2066,0.3376,-0.0337,-0.0552,-0.0254
-7.6686,2.6671,3.4788,-0.1119,-0.0665,0.0187,-8.5904,-4.0438,0.7446,-0.0521,-0.0394,-0.0064
-7.6854,2.5019,3.4740,-0.0833,0.0572,-0.0333,-8.5018,-4.2353,0.7590,-0.0745,0.0562,0.0016
-7.7883,2.5618,3.3567,-0.0277,-0.0308,-0.0135,-8.5521,-4.1396,0.7039,0.0008,-0.0007,0.0073
-7.9296,2.5522,3.2417,-0.0813,0.0620,-0.0092,-8.7197,-4.3239,0.3376,-0.0749,0.0468,0.0153
-7.7979,2.4756,2.9904,-0.0829,0.0628,0.0055,-8.4994,-4.0151,0.3017,-0.1063,0.0572,0.0306
-7.5585,2.6073,3.1412,-0.0986,-0.0234,-0.0173,-8.3318,-3.9265,0.4477,-0.0608,0.0072,-0.0132
-7.5106,2.5402,2.9736,-0.0642,-0.0974,-0.0429,-8.3127,-3.8307,0.3041,0.0037,-0.0441,-0.0436
-8.0254,2.3846,3.1771,-0.0669,-0.1498,-0.0184,-8.6479,-4.2545,0.1532,-0.0366,-0.0510,-0.0304
-7.7668,2.4445,3.1005,-0.1775,-0.0080,-0.0065,-8.4707,-4.0558,0.2131,-0.1287,-0.0333,-0.0301
-7.4915,2.6001,3.4812,-0.1432,-0.0718,-0.0100,-8.4132,-4.0223,0.8930,-0.0854,-0.0596,-0.0393
-7.4124,2.6121,3.4381,-0.0661,-0.0077,-0.0425,-8.3582,-3.9361,0.9361,-0.0342,0.0258,-0.0369
-7.6088,2.5235,3.7134,-0.0484,-0.0167,-0.0927,-8.5162,-4.3191,0.8930,-0.0039,0.0637,-0.0570
-8.2073,2.2889,3.4524,-0.0610,0.0933,-0.0738,-8.6670,-4.7669,0.4908,-0.0617,0.1239,-0.0193
-7.9104,2.2673,2.9568,0.0023,0.0061,-0.0120,-8.5138,-4.4029,0.1963,0.0029,0.0593,0.0276
-7.9128,2.3918,3.1101,-0.0508,0.0242,-0.0047,-8.5952,-4.2138,0.0862,-0.0410,0.0277,0.0203
-7.6519,2.4421,2.8539,-0.0333,-0.0481,0.0100,-8.3893,-3.9744,0.1844,-0.0031,0.0067,0.0025
-7.7620,2.4349,3.2441,-0.0846,-0.0446,0.0085,-8.5281,-4.2473,0.3903,-0.0328,-0.0249,0.0004
-7.9871,2.3439,3.2968,-0.1026,-0.0135,0.0087,-8.6215,-4.3838,0.5387,-0.0763,-0.0043,0.0131
-7.9727,2.4732,3.4524,-0.0260,-0.0191,0.0520,-8.6622,-4.3120,0.3783,-0.0244,-0.0011,0.0766
-7.8865,2.5043,3.3136,-0.0578,0.0033,0.0701,-8.6383,-4.2186,0.4932,-0.0572,-0.0028,0.0989
-7.6710,2.6312,3.0335,-0.0492,0.0797,0.0601,-8.4491,-3.8906,0.3591,-0.0987,0.0525,0.0995
-7.5130,2.8323,3.1268,-0.0244,-0.0032,0.0582,-8.3797,-3.6823,0.4238,-0.0252,0.0121,0.0806
-7.6040,2.6791,2.9425,-0.0814,0.0763,0.0097,-8.5138,-3.7972,0.2227,-0.0863,0.0753,0.0322
-7.6231,2.7054,2.3056,-0.0402,-0.0642,-0.0218,-8.4228,-3.5147,-0.1987,-0.0061,0.0011,-0.0059
-7.7692,2.6145,2.9473,-0.1195,-0.0806,-0.0159,-8.5258,-3.8475,0.1580,-0.0318,-0.0699,-0.0389
-7.7405,2.5929,3.3375,-0.2036,0.0095,-0.0546,-8.6742,-4.1228,0.5722,-0.1190,-0.0071,-0.0942
-7.4603,2.6528,3.1244,-0.1468,-0.0613,-0.0576,-8.3869,-3.9289,0.7207,-0.0733,-0.0497,-0.0867
-7.6686,2.5618,3.4500,-0.0863,-0.0413,-0.0977,-8.4611,-4.1635,0.6369,-0.0372,0.0388,-0.0910
-7.8003,2.4397,3.5482,-0.0493,-0.0337,-0.0665,-8.6335,-4.3790,0.5962,0.0003,0.0465,-0.0368
-8.0254,2.3104,3.3040,-0.0674,0.0811,-0.0652,-8.6766,-4.4700,0.3567,-0.0689,0.1148,-0.0265
-7.9368,2.4014,2.7366,-0.0332,-0.0095,-0.0201,-8.5258,-4.1468,-0.1149,-0.0199,0.0464,-0.0007
-7.7476,2.4732,2.7294,-0.0652,-0.0963,-0.0116,-8.4180,-3.9480,-0.1006,-0.0105,-0.0457,-0.0183
-7.8578,2.4397,3.1532,-0.1203,-0.0777,-0.0011,-8.5569,-4.1755,0.4238,-0.0409,-0.0855,-0.0296
-7.6830,2.4876,3.3160,-0.1079,-0.0304,-0.0123,-8.5234,-4.1013,0.4980,-0.0584,-0.0405,-0.0257
-7.7021,2.4086,3.6416,-0.0646,-0.0596,-0.0081,-8.4204,-4.2665,0.7063,-0.0048,-0.0296,-0.0059
-7.8219,2.4469,3.3686,-0.0526,-0.0348,0.0056,-8.5186,-4.2713,0.4812,-0.0079,-0.0346,0.0312
-8.0661,2.3846,3.6009,-0.0733,0.0377,0.0277,-8.6431,-4.5011,0.4190,-0.0705,0.0308,0.0477
-7.7309,2.5402,3.4046,-0.0115,0.0743,0.0514,-8.4443,-4.1180,0.6249,-0.0534,0.0787,0.0973
-7.9200,2.4852,3.1220,-0.0145,0.0763,0.0754,-8.5641,-4.1659,0.2131,-0.0432,0.0437,0.1236
-7.8386,2.5187,2.6911,-0.0332,0.0454,0.1046,-8.5425,-3.9696,-0.0910,-0.0691,0.0193,0.1354
-7.8793,2.5546,2.5283,-0.0713,0.0436,0.0879,-8.5976,-3.8978,-0.2251,-0.1043,-0.0345,0.1075
-7.9152,2.5307,2.7749,-0.1187,-0.0416,0.1488,-8.6048,-4.0318,0.0072,-0.1138,-0.1037,0.1186
-8.2911,2.6863,3.0382,-0.1986,0.0448,0.2234,-8.8226,-4.1180,0.3926,-0.2189,-0.1067,0.1541
-7.6375,2.7054,3.8786,-0.0727,-0.2518,0.3780,-8.6024,-4.1659,1.2091,0.0289,-0.3150,0.2493
-7.5896,2.9784,2.7892,0.0681,-0.2066,0.4385,-8.4372,-3.3926,0.5650,0.0572,-0.1447,0.3716
-7.4508,3.2010,3.0406,0.1775,-0.3231,0.5642,-8.6910,-3.6488,0.3304,0.1291,0.0922,0.3103
-6.7014,3.5985,2.9401,0.2429,-0.2743,0.2053,-10.8840,-3.5889,0.1580,-0.0662,0.2226,1.5492
-7.8578,4.2306,2.6217,0.0328,0.1795,-0.1383,-9.2009,-2.2841,0.9122,-0.2410,-0.2309,2.4015
-7.0461,3.7589,3.2489,-0.2998,-0.1655,0.0354,-7.8027,-1.2091,1.1660,-0.1131,-0.7827,2.0203
-8.0110,3.7493,3.2561,-0.6215,0.0274,0.8765,-7.8362,0.0479,1.2186,0.0053,-0.2033,0.9050
-6.9504,3.9720,3.8642,-0.1787,0.4146,0.5770,-6.4308,0.1508,1.5275,-0.0564,-0.4371,-0.7325
-5.1978,4.5274,3.3208,0.2014,-0.0103,0.3483,-10.3358,-0.2705,0.7015,0.2974,-0.7314,0.0108
-6.7780,4.3024,3.7373,0.0827,-0.1057,-0.0027,-9.1961,-0.4501,1.5347,0.0538,-0.3587,0.4072
-6.7133,4.4580,3.1196,0.2070,-0.0690,-0.1322,-9.3398,-0.0790,1.7813,0.1259,-0.1727,-0.0428
-6.9791,4.5753,2.6791,0.1039,0.2093,-0.0353,-8.8107,0.0168,1.8316,-0.0468,-0.0702,-0.1232
-6.8235,4.5394,2.8730,0.0265,0.1033,-0.0898,-9.4763,-0.2274,2.0255,0.0306,-0.0454,-0.3929
-7.2185,4.4772,3.2058,0.0252,0.2742,0.0301,-8.4324,-0.3615,1.8723,-0.0682,0.3263,-0.7416
-6.5457,4.6615,3.2441,0.1031,0.0196,-0.0526,-8.5042,-0.4238,1.7071,0.0863,-0.2731,-0.2814
-7.0844,4.4029,2.8108,0.0554,0.3008,-0.1296,-9.2320,-0.8571,1.4078,0.0618,0.1660,-0.2434
-7.4029,3.9528,2.7031,-0.0177,0.2852,-0.0734,-9.4547,-0.9002,1.6352,-0.0525,0.3918,-0.2782
-7.0940,4.3646,2.2960,0.0009,-0.0750,0.0254,-8.9783,-0.7350,1.3264,0.0285,-0.0681,-0.1467
-7.1874,4.7429,2.6887,-0.0352,-0.1057,0.0354,-9.1075,-1.2282,1.3431,0.0080,-0.1428,-0.0236
-7.0629,4.6735,2.4373,-0.1243,-0.0482,0.0564,-9.0046,-1.0271,1.3072,-0.0899,-0.0181,-0.0151
-6.8857,4.8004,2.6480,-0.0901,-0.1617,0.0165,-8.9902,-0.9792,1.5467,-0.0288,-0.0741,-0.0751
-6.8833,4.8171,2.9640,-0.0893,-0.1608,0.0153,-8.9304,-1.0606,1.8459,-0.0504,0.0322,-0.1051
-6.8378,4.7381,3.1795,-0.0258,-0.0970,-0.0434,-8.9256,-1.2641,1.7047,-0.0329,0.0677,-0.0436
-7.0413,4.6711,2.9281,0.0767,0.0215,0.0505,-9.0884,-1.2641,1.6927,-0.0925,0.2397,-0.0722
-6.8067,4.7309,2.9497,0.1490,-0.0270,0.0426,-9.0094,-1.2522,1.7023,0.0101,0.2370,-0.1447
-6.8378,4.9009,2.5379,0.0470,-0.0147,0.0389,-9.0836,-0.9792,1.2426,0.0274,0.1304,-0.0424
-6.9360,4.8171,2.5259,0.0152,0.0857,-0.0274,-9.1075,-1.2139,0.8739,0.0055,0.1970,-0.0841
-7.0413,4.8363,2.3655,0.0099,0.0548,-0.0253,-9.1051,-1.2354,0.8475,0.0071,0.1143,-0.0404
-6.9983,4.9153,2.3296,-0.0845,0.0312,-0.0246,-9.0764,-1.2210,0.8523,-0.0830,0.1128,-0.0682
-6.8618,4.8530,2.7126,-0.1451,-0.0560,-0.0406,-9.1195,-1.4748,1.3767,-0.0781,-0.0462,-0.0883
-6.8761,4.9153,2.4277,-0.0588,-0.0005,-0.0179,-9.1291,-1.2977,0.9912,-0.0485,0.0352,-0.0107
-7.0246,4.9273,2.6911,-0.0637,-0.0059,-0.0472,-9.2129,-1.5682,1.2570,-0.0246,0.0513,-0.0386
-7.0820,4.8435,2.6695,-0.0657,0.0903,-0.0572,-9.3015,-1.6855,1.1396,-0.0847,0.1552,-0.0222
-7.1922,4.9225,2.3080,-0.0305,0.0906,-0.0437,-9.2033,-1.4629,0.7302,-0.0590,0.1506,-0.0156
-7.1299,4.8195,2.3583,-0.0191,-0.0119,-0.0325,-9.1985,-1.4126,0.8308,0.0103,0.0460,-0.0237
-7.0006,4.8794,2.5786,-0.0332,-0.0197,0.0308,-9.1602,-1.5874,0.9170,-0.0103,0.0715,0.0067
-6.8402,4.9225,2.1500,-0.0398,-0.0460,0.0218,-9.0118,-1.1181,0.6225,-0.0068,0.0229,0.0141
-6.8714,4.8818,2.1835,-0.0596,-0.0268,-0.0554,-9.0860,-1.2115,0.6057,-0.0246,0.0739,-0.0560
-6.8354,4.8554,1.7885,-0.1540,-0.0640,-0.1070,-8.8442,-1.0439,0.2873,-0.0805,0.0137,-0.1551
-7.3550,4.7094,2.4876,-0.2100,-0.0929,-0.0829,-9.4212,-1.8842,0.5938,-0.0950,-0.0683,-0.1279
-7.1443,4.6998,2.2051,-0.2531,-0.0237,-0.0560,-9.1195,-1.5467,0.5555,-0.1763,-0.0201,-0.1350
-6.7469,4.8387,2.0638,-0.2882,-0.1319,-0.1320,-8.7795,-1.2689,0.5555,-0.1446,-0.2093,-0.1952
-6.9695,4.6088,2.6097,-0.2775,-0.0500,-0.1034,-9.0573,-1.6975,0.8595,-0.1899,-0.1290,-0.1627
-6.8259,4.4772,2.2889,-0.4572,0.0785,-0.1795,-8.7293,-1.6783,0.6584,-0.3972,-0.0077,-0.2710
-7.1994,4.2689,3.4165,-0.4175,-0.0179,-0.2425,-9.1626,-2.5139,1.3264,-0.2730,-0.0659,-0.3409
-7.4244,4.0989,3.7278,-0.2998,-0.0211,-0.2507,-9.3111,-2.9161,1.5131,-0.1811,0.0426,-0.3095
-7.6184,3.9002,3.3639,-0.1136,-0.0124,-0.1279,-9.3158,-2.9712,1.0032,-0.0402,0.0605,-0.1183
-7.3717,3.8618,2.9401,-0.0878,0.0425,-0.0630,-8.9807,-2.6624,0.7614,-0.0646,0.0930,-0.0397
-6.8642,4.0654,2.6935,-0.0929,-0.1315,-0.0762,-8.6287,-2.0518,0.7973,0.0120,-0.0735,-0.0953
-7.1898,4.1492,3.0167,-0.1090,-0.0436,-0.1499,-8.9830,-2.5786,0.4717,-0.0361,0.0565,-0.1621
-7.6614,3.7038,3.4285,-0.0292,-0.0302,-0.1773,-9.2368,-3.1747,1.0750,0.0466,0.0454,-0.1371
-8.2097,3.4596,3.1077,-0.0362,0.1155,-0.1419,-9.6127,-3.6296,0.5986,-0.0703,0.2205,-0.0655
-8.1714,3.4596,3.2489,0.0626,0.0464,0.0119,-9.4212,-3.5458,0.5267,0.0429,0.0889,0.0838
-7.9607,3.6966,2.9473,0.0978,0.0369,0.1596,-9.2105,-3.1819,0.2682,0.0300,0.0377,0.2345
-7.0437,4.0318,2.6480,0.0765,-0.0181,0.1824,-8.7029,-2.1021,0.7422,0.0369,0.0055,0.2150
-6.9001,4.2401,2.4972,0.0224,0.0679,0.0466,-8.6981,-2.0255,0.6105,-0.0396,0.0918,0.0914
-6.8570,4.2473,2.7246,0.1219,-0.0858,-0.0288,-8.8226,-2.0830,0.7829,0.1187,-0.0225,0.0585
-7.2137,4.4436,2.8252,0.1104,0.0309,-0.0829,-9.0716,-2.1500,0.8475,0.0945,0.0873,0.0216
-7.5489,4.0677,2.4205,0.1247,-0.0117,-0.0586,-9.1770,-2.3918,0.1748,0.1376,0.1042,0.0361
-7.8171,3.9744,2.1691,0.0248,-0.0157,0.0358,-9.3015,-2.5019,-0.1652,0.0416,0.0143,0.0659
-7.2999,4.2138,2.0494,-0.0731,-0.0506,-0.0097,-9.0549,-2.0542,0.1197,-0.0556,-0.0233,-0.0135
-6.9408,4.4604,2.2649,0.0039,-0.0750,0.0305,-8.7987,-1.6664,0.4142,0.0222,0.0057,0.0270
-7.0078,4.1803,2.6073,-0.0616,0.1023,-0.0458,-8.8107,-2.0279,0.6943,-0.0985,0.1003,-0.0031
-7.6207,4.1300,2.4397,-0.0181,0.0418,-0.0863,-9.2392,-2.3990,0.1365,-0.0211,0.1124,-0.0261
-7.8554,3.9911,2.1668,-0.0254,0.0193,-0.0440,-9.3925,-2.5570,-0.0048,-0.0389,0.0805,0.0005
-7.6160,4.1061,2.2098,0.0293,-0.0697,0.0426,-9.2488,-2.4541,0.0646,0.0465,-0.0011,0.0834
-7.7524,4.1731,2.1907,0.0265,-0.0080,0.0733,-9.2703,-2.3750,-0.0862,0.0075,0.0228,0.1140
-7.3119,4.3646,2.0901,0.0113,-0.0400,0.1255,-9.1028,-1.9728,0.1604,0.0071,-0.0348,0.1531
-7.1228,4.5586,2.0901,0.0191,-0.0429,0.0899,-9.0956,-1.7047,0.1748,0.0188,-0.0035,0.1136
-7.0797,4.6424,2.1668,0.0356,-0.0633,0.0838,-9.0692,-1.7071,0.2298,0.0490,-0.0183,0.1100
-6.5027,4.7716,2.1021,-0.0552,-0.0722,-0.0015,-8.6431,-1.1636,0.6895,0.0031,-0.0191,-0.0055
-6.6966,4.8961,2.3439,-0.0220,-0.0974,-0.1396,-8.8897,-1.4844,0.6608,0.0669,0.0334,-0.1021
-7.3574,4.5226,2.4972,0.0193,-0.0031,-0.1688,-9.3757,-1.9848,0.4429,0.0566,0.1808,-0.1172
-7.5681,4.3383,1.9345,0.0642,-0.0654,-0.1258,-9.2727,-2.0806,-0.1532,0.1135,0.1432,-0.0687
-8.5569,3.9313,2.3296,-0.1159,0.0073,-0.0318,-9.8641,-2.9784,-0.4501,-0.0763,-0.0019,-0.0245
-8.9495,3.7373,2.2625,-0.1848,0.0345,0.1856,-9.9719,-3.4500,-0.5842,-0.1881,-0.1083,0.1463
-7.6878,4.4197,2.2697,-0.1323,-0.1007,0.3655,-9.4619,-2.2434,0.0694,-0.1236,-0.2425,0.3024
-6.3015,4.9297,2.6384,-0.0709,-0.1937,0.3668,-8.7484,-1.1779,0.9361,-0.0171,-0.2787,0.2898
-6.4093,5.2194,3.1795,0.1279,-0.4982,0.2338,-9.1171,-1.2881,1.4389,0.4008,-0.4033,0.1773
-6.5050,5.0566,1.9082,0.1541,-0.5296,0.0914,-8.7125,-0.9529,0.6225,0.3453,-0.2714,0.0421
-6.5122,5.0182,2.5929,-0.1107,0.1828,0.0165,-8.9998,-1.2953,0.8475,-0.1632,0.0982,0.0408
-6.5553,5.1499,2.4708,-0.0316,0.0068,-0.0016,-8.9687,-1.1372,0.8811,-0.0410,0.0334,0.0357
-6.4404,5.0925,2.4493,-0.0468,0.0069,-0.0189,-8.8562,-1.0558,0.7111,-0.0096,0.0167,0.0056
-7.0509,4.9201,2.2122,-0.1544,0.1447,-0.0714,-9.2680,-1.5371,0.3472,-0.1731,0.0697,-0.0453
-6.9025,4.8961,2.4325,-0.1460,-0.1295,-0.0457,-9.2225,-1.4916,0.7278,-0.0369,-0.1502,-0.0488
-6.8115,4.8578,2.7222,-0.1779,-0.0211,-0.0297,-9.1602,-1.5706,0.9673,-0.1252,-0.0285,-0.0654
-7.0222,4.8626,3.0622,-0.1350,-0.0657,-0.0205,-9.2536,-1.7765,1.1468,-0.0420,-0.0657,-0.0264
-6.7588,4.9799,2.9640,-0.1019,-0.0217,-0.0384,-9.1698,-1.6472,1.2139,-0.0425,0.0019,-0.0374
-6.7684,4.8818,2.8659,-0.0564,-0.0033,-0.0710,-9.0884,-1.5826,0.9074,-0.0187,0.0673,-0.0424
-6.8307,4.8626,2.7031,-0.0775,0.0504,-0.0943,-9.2249,-1.6831,0.7422,-0.0560,0.0695,-0.0653
-6.8307,4.8650,2.7653,-0.1126,0.0045,-0.0636,-9.2129,-1.5419,0.7015,-0.0706,0.0016,-0.0589
-6.6918,5.0302,2.8132,-0.0630,0.0538,-0.0857,-8.9160,-1.3192,0.9194,-0.0703,0.0228,-0.0815
-6.9623,4.6855,2.9042,-0.0088,-0.0294,-0.0922,-9.0668,-1.8914,0.9313,0.0324,0.0252,-0.0501
-6.9552,4.6519,2.3679,-0.0035,-0.0039,-0.1274,-9.0118,-1.6352,0.2897,0.0125,0.0630,-0.0810
-7.2042,4.5873,2.7294,-0.0854,0.0609,-0.0977,-9.2296,-1.9968,0.5650,-0.0701,0.0834,-0.0589
-7.1778,4.6543,2.8252,-0.0569,0.0091,-0.0735,-9.3733,-2.0279,0.8595,-0.0208,0.0589,-0.0414
-6.8402,4.5993,2.4828,-0.0208,-0.0701,-0.0630,-8.9854,-1.6975,0.5938,0.0290,-0.0153,-0.0388
-7.1922,4.5945,2.6480,-0.1226,0.1784,-0.0935,-9.2703,-2.0375,0.6512,-0.1659,0.1752,-0.0518
-7.6064,4.5610,2.8132,-0.0171,0.0091,-0.0060,-9.5409,-2.2889,0.5171,-0.0023,0.0470,0.0369
-7.0294,4.6974,2.5738,-0.0649,0.0085,0.0257,-9.1842,-1.7573,0.4669,-0.0434,-0.0209,0.0540
-6.8953,4.6998,2.2482,-0.0699,-0.0445,0.0258,-8.9807,-1.6017,0.3735,-0.0240,-0.0598,0.0430
-6.8833,4.8195,2.5283,-0.1163,0.0245,0.0037,-9.0381,-1.5586,0.5243,-0.1002,0.0028,-0.0041
-7.1443,4.5873,2.5929,-0.1399,0.0264,-0.0209,-9.1722,-1.9010,0.5363,-0.1184,0.0133,-0.0164
-7.1706,4.6112,2.5738,-0.1163,-0.0596,-0.0228,-9.1459,-1.7957,0.6847,-0.0572,-0.0394,-0.0398
-7.3478,4.6040,2.8395,-0.1120,0.0737,-0.0294,-9.2153,-1.9106,0.4669,-0.0811,0.0338,0.0133
-7.2951,4.6280,2.4349,-0.0582,0.0734,-0.0193,-9.2823,-1.9609,0.4262,-0.0815,0.0891,0.0084
-7.1658,4.6280,2.3894,-0.0858,-0.0365,0.0156,-9.1913,-1.8459,0.4884,-0.0493,-0.0316,0.0225
-7.2353,4.3622,2.3822,-0.0935,-0.0089,-0.0009,-9.1171,-1.9896,0.2442,-0.0725,-0.0242,0.0060
-7.3717,4.5346,2.6312,-0.1047,-0.0258,0.1484,-9.2943,-2.1787,0.5004,-0.0859,-0.0845,0.1291
-6.6463,4.8195,2.4972,-0.0978,-0.0801,0.1282,-9.1147,-1.4796,0.8260,-0.0556,-0.1483,0.1275
-6.4931,5.1164,2.7294,-0.0911,0.0797,-0.0056,-9.0190,-1.2689,1.1013,-0.1075,0.0830,0.0156
-6.7516,4.7788,2.4852,-0.0434,-0.0184,-0.0899,-8.9807,-1.4676,0.7278,-0.0092,0.0678,-0.0669
-7.0844,4.6926,2.2793,-0.0168,-0.0139,-0.1110,-9.1147,-1.6975,0.3974,0.0193,0.0238,-0.0661
-7.1036,4.5298,2.2697,-0.0581,-0.0460,-0.0754,-9.0812,-1.7980,0.3711,-0.0009,0.0324,-0.0568
-7.1275,4.7692,2.4995,-0.0846,-0.0153,-0.0714,-9.2560,-1.7430,0.5339,-0.0225,0.0208,-0.0681
-7.3957,4.5777,2.3703,-0.0661,-0.0401,-0.0601,-9.3206,-1.9992,0.3926,-0.0111,-0.0039,-0.0422
-7.3957,4.5418,2.7294,-0.0915,0.0207,-0.0425,-9.3829,-2.1811,0.6345,-0.0558,0.0301,-0.0269
-7.1539,4.5322,2.5786,-0.0931,0.0211,-0.0191,-9.1195,-1.9441,0.6105,-0.0687,0.0462,-0.0096
-7.3239,4.4796,2.4660,-0.0622,-0.0528,0.0225,-9.2177,-1.9776,0.4022,-0.0172,-0.0606,0.0264
-7.1658,4.6088,2.4086,-0.0450,-0.0027,0.0040,-9.1028,-1.8531,0.4262,-0.0330,-0.0136,0.0310
-7.0557,4.7621,2.5738,-0.0588,0.0036,0.0056,-9.1889,-1.7382,0.5962,-0.0294,0.0312,0.0280
-6.8881,4.6926,2.4900,-0.0953,-0.0183,-0.0657,-9.0980,-1.7478,0.5650,-0.0306,-0.0069,-0.0665
-7.0653,4.5274,2.4636,-0.1143,-0.0200,-0.0799,-9.1243,-1.8986,0.5650,-0.0624,0.0135,-0.0866
-7.3287,4.5897,2.7007,-0.0653,-0.0405,-0.0509,-9.2632,-2.0686,0.5315,-0.0104,0.0068,-0.0380
-7.4891,4.4005,2.5977,-0.0818,0.0232,-0.0300,-9.3925,-2.2745,0.5243,-0.0568,0.0691,-0.0172
-7.3430,4.4532,2.4565,-0.0695,-0.0216,0.0007,-9.2129,-2.0135,0.3472,-0.0445,-0.0145,0.0191
