-4.3120,6.1387,2.3774,0.1900,-0.4093,-0.3889,-5.5665,4.8171,2.6360,0.9951,-0.4217,-1.5926
-6.4404,6.7780,3.3639,-0.2587,0.7149,-0.6715,-8.7771,3.7733,1.7573,0.0663,0.7564,-1.4325
-5.6814,6.4212,4.3862,-0.0574,0.4883,-0.3003,-7.8338,3.4309,2.9856,-0.2401,0.3696,-1.9097
-6.1842,6.5912,2.8611,-0.0309,0.4006,0.1414,-8.6957,2.7031,1.9632,0.0215,0.1494,-0.9834
-5.8682,6.4524,2.5067,0.2198,0.3277,0.0941,-8.5976,2.6839,1.4174,0.1994,0.7578,-1.2638
-5.6719,6.3327,1.6017,-0.0653,0.3337,-0.0077,-9.5361,2.1093,0.8835,-0.0341,0.2983,-0.5207
-6.3063,6.4428,1.8675,-0.1164,0.2073,0.2605,-8.3773,2.4612,1.2761,-0.1596,0.2518,-0.8953
-5.1140,6.2656,1.5802,-0.3503,0.1691,0.0905,-9.9192,1.6065,1.3575,-0.2746,0.5007,-0.6785
-5.6767,6.3710,2.0183,-0.4004,-0.1360,0.1190,-9.0525,1.2713,1.6113,-0.2681,0.0131,-0.7167
-5.9065,6.5745,2.4924,-0.3852,-0.0224,0.0344,-9.2656,1.2234,1.3503,-0.2298,-0.1235,-0.4619
-5.4636,6.2920,2.1931,-0.4939,-0.0209,0.1480,-9.2488,0.9146,1.8172,-0.3084,0.1139,-0.5782
-5.7030,6.1770,2.5355,-0.5069,0.2474,0.0097,-8.9232,0.5052,1.4820,-0.2932,-0.0706,-0.2288
-6.0789,6.1124,3.0909,-0.4134,0.0743,-0.0657,-8.6886,0.2179,1.7645,-0.2344,-0.0033,-0.3324
-6.0813,6.1292,3.0670,-0.4094,0.0999,0.0217,-9.0764,0.0263,1.5778,-0.1872,0.2088,-0.4321
-5.8706,5.9424,3.2537,-0.3027,0.2876,0.0261,-9.3685,-0.3998,1.5083,-0.1909,0.3917,-0.3736
-5.5330,6.0166,3.0622,-0.1144,0.1559,0.0238,-9.2225,-0.3328,1.0056,-0.1144,0.2322,-0.3319
-5.5306,5.9616,2.7964,-0.1744,0.2466,-0.0488,-9.7588,-0.5148,0.1173,-0.2418,0.3782,-0.4085
-5.6455,5.8203,2.7294,-0.1996,0.1386,-0.1829,-11.1282,-1.1899,-0.2490,-0.0581,0.2794,-0.0597
-6.2058,5.7796,2.6193,-0.1557,0.0614,-0.0159,-9.2081,-1.1468,0.8140,-0.1075,-0.0612,-0.1114
-6.9743,6.1339,3.7278,-0.2966,-0.0767,0.0592,-10.0820,-1.0606,0.5794,-0.1809,-0.5961,-0.0364
-5.7293,5.7533,3.1436,-0.1629,0.2393,-0.1315,-8.8992,-0.5602,0.8260,-0.1082,-0.1094,0.0687
-6.0334,5.5091,2.7102,-0.2775,0.0955,-0.0975,-9.0764,-1.0343,1.0223,-0.2859,0.1585,-0.1588
-6.1435,5.7102,2.9233,-0.1709,-0.0982,-0.0121,-9.2512,-1.0439,0.6345,-0.0624,-0.2765,-0.0330
-6.1052,5.5043,2.9904,-0.1042,-0.0193,-0.0726,-9.1459,-1.1779,1.3384,0.0310,-0.1753,0.0600
-6.2656,5.5737,2.8443,-0.0907,0.0129,-0.0626,-9.2033,-0.9816,1.0798,0.0059,-0.2010,0.1724
-6.0214,5.4468,2.7366,-0.1023,-0.0173,-0.0989,-9.0190,-0.8547,1.1923,-0.0132,-0.1949,0.0346
-6.1459,5.5641,2.8970,-0.0695,-0.0023,-0.1154,-9.1506,-0.8068,1.1827,0.0088,-0.0117,-0.0521
-6.2632,5.5737,2.7725,-0.1952,-0.0465,-0.1198,-9.0980,-0.7350,1.3647,-0.0584,-0.2670,-0.0538
-6.0430,5.5067,2.9712,-0.1486,-0.0464,-0.1003,-8.9854,-0.8954,1.5754,-0.0674,-0.0099,-0.1122
-6.1675,5.4779,3.2226,-0.1735,0.0305,-0.0549,-9.0812,-1.0582,1.9082,-0.1002,-0.0727,-0.0216
-6.1435,5.3391,3.0263,-0.1284,-0.0416,-0.1050,-8.9016,-0.9912,1.5682,-0.0434,-0.1227,-0.0537
-6.2225,5.2696,3.1220,-0.1116,0.0069,-0.1035,-8.9950,-1.1851,1.4844,-0.0370,-0.1661,-0.0576
-6.5122,5.1811,2.8970,-0.1684,-0.1017,-0.0742,-9.0621,-1.2737,1.2977,-0.0938,0.0104,-0.1268
-6.2106,5.1571,3.2370,-0.1478,-0.0096,-0.0877,-8.8969,-1.3144,1.6376,-0.0815,-0.0522,-0.0910
-6.5577,5.2337,3.2178,-0.1291,-0.0722,-0.0317,-9.2632,-1.3862,1.4102,-0.0480,-0.0418,-0.0632
-6.3494,5.1451,3.0406,-0.1191,-0.0072,-0.0100,-9.0142,-1.2570,1.4916,-0.0937,0.0580,-0.0362
-6.3135,5.1140,3.2489,-0.0961,-0.0294,-0.0282,-9.0214,-1.4246,1.7526,-0.0582,0.0421,-0.0313
-6.3734,5.1308,3.4189,-0.0729,-0.0670,-0.0625,-8.9328,-1.2641,1.4269,0.0057,-0.0317,-0.0289
-6.5146,5.1499,3.4093,-0.0753,-0.0386,-0.0669,-9.1937,-1.3288,1.5012,0.0021,-0.0823,0.0729
-6.4691,4.9464,3.2082,-0.1140,0.0325,-0.0705,-9.1387,-1.5371,1.4341,-0.0747,0.0537,-0.0226
-6.4236,4.9368,3.0933,-0.1087,-0.0220,-0.0385,-9.0381,-1.4222,1.2354,-0.0433,-0.0617,-0.0060
-6.6008,4.9632,3.2370,-0.1363,-0.0333,-0.0472,-9.1363,-1.4485,1.3336,-0.0484,-0.0606,0.0596
-6.4811,4.9249,3.1316,-0.1695,-0.0478,-0.0308,-9.0214,-1.3647,1.5874,-0.1292,0.0474,0.0713
-4.3479,5.9328,2.4852,0.0189,-0.1761,0.1679,-8.6000,-1.2689,1.5754,-0.0966,-0.0052,0.0544
-6.0190,5.2050,3.0526,-0.0765,0.1247,-0.0719,-8.7532,-0.8859,1.3503,-0.0753,-0.0392,0.2229
-6.4021,4.9847,3.3686,-0.1648,0.2518,-0.1556,-9.0046,-1.1157,1.5826,-0.1756,0.0414,-0.0024
-6.4476,4.7932,3.2489,-0.0574,-0.0897,-0.1334,-8.8705,-1.0630,1.4964,0.0585,-0.2663,-0.0514
-6.5673,4.8842,3.4093,-0.1338,-0.1172,-0.1134,-8.9639,-1.1325,1.9417,0.0207,-0.2380,0.0195
-6.4907,4.8554,3.0718,-0.1490,0.1124,-0.2072,-8.8585,-0.9720,1.6209,-0.0709,-0.0625,0.0237
-6.7181,4.6088,3.5410,-0.1443,0.0929,-0.1689,-8.9160,-1.4365,2.1620,-0.0035,-0.1869,0.1204
-6.7852,4.4796,3.4046,-0.1292,-0.0791,-0.0518,-8.9735,-1.2737,1.7526,-0.0481,0.0159,-0.0877
-6.4979,4.5059,3.0574,-0.2100,-0.0922,-0.2068,-8.6550,-1.1229,1.8483,-0.0922,-0.1066,-0.1108
-6.8953,4.4700,3.1460,-0.2451,0.0609,-0.0993,-8.8681,-1.3336,1.9321,-0.2178,-0.0129,-0.0903
-6.8881,4.5035,3.6320,-0.2322,-0.0384,-0.0981,-9.1219,-1.4485,2.3224,-0.1422,-0.1058,-0.0998
-6.6726,4.4005,3.4165,-0.1330,-0.0822,-0.0188,-8.7460,-1.2354,1.9968,-0.0646,-0.0866,-0.0377
-6.6224,4.3383,3.6631,-0.1342,-0.0265,-0.0715,-8.6574,-1.4198,2.3056,-0.0420,-0.0831,-0.0645
-6.6774,4.3311,3.5075,-0.1627,-0.0521,-0.0510,-8.7771,-1.4653,2.0734,-0.0882,-0.0266,-0.0898
-6.8067,4.2258,3.7086,-0.1198,-0.0308,-0.0727,-8.8490,-1.6664,2.1572,-0.0564,0.0017,-0.0873
-6.8163,4.1348,3.5937,-0.0569,-0.0151,-0.0578,-8.8155,-1.5826,2.0997,-0.0111,-0.0040,-0.0265
-6.9983,4.0941,3.2848,-0.1002,-0.0276,-0.0029,-8.8897,-1.5514,1.7957,-0.0773,0.0059,-0.0192
-6.7708,4.1372,3.5626,-0.0983,-0.0314,-0.0119,-8.7963,-1.6328,1.8483,-0.0621,0.0081,-0.0189
-6.8474,4.2401,3.7206,-0.1096,-0.0153,0.0144,-8.9112,-1.6424,2.3224,-0.0713,0.0185,0.0076
-6.7038,4.2282,3.8259,-0.0465,-0.0083,0.0460,-8.8059,-1.6089,2.3104,-0.0101,-0.0137,0.0516
-6.6272,4.2593,3.6464,-0.0445,0.0107,0.0015,-8.7867,-1.5969,2.1189,-0.0314,0.0530,0.0129
-6.7445,4.2377,3.9169,0.0215,0.0107,0.0041,-8.9232,-1.6855,2.3104,0.0265,0.0787,0.0330
-6.9767,4.1611,3.7493,0.0144,0.0310,0.0473,-8.9830,-1.7095,2.1189,0.0168,0.0733,0.1030
-6.7564,4.2521,3.3136,0.0297,0.0151,0.0634,-8.7388,-1.4461,1.8890,0.0156,0.0950,0.1123
-6.7588,4.4053,3.2920,0.0400,0.0935,0.0670,-8.9232,-1.2737,1.9273,0.0029,0.0719,0.1472
-6.6439,4.5107,3.2465,0.0298,0.0911,0.0157,-8.8418,-1.1756,1.8148,0.0083,0.0666,0.0953
-6.5122,4.5562,3.2034,0.0224,0.0031,-0.0147,-8.6550,-1.0678,2.0231,0.0346,0.0326,0.0293
-6.6104,4.5825,3.1125,0.0068,-0.0228,-0.0364,-8.8729,-1.0032,1.9537,0.0276,0.0640,0.0023
-6.6607,4.6112,3.1460,-0.0097,0.0016,-0.0620,-8.9399,-1.0678,1.7478,0.0165,0.0878,-0.0249
-6.4835,4.5083,2.9975,-0.0822,-0.0031,-0.0886,-8.6455,-0.9098,1.6759,-0.0440,0.1029,-0.0955
-6.4189,4.3838,3.5889,-0.1368,-0.3403,-0.1275,-8.7029,-1.3096,2.1404,-0.0089,0.1819,-0.3936
-6.3231,4.4796,3.8355,-0.0581,-0.8519,0.2065,-8.7149,-1.4317,1.8866,-0.0220,0.8176,-1.1285
-6.8905,3.7110,3.1077,0.5486,-0.6119,-1.7940,-13.0580,-2.1715,-0.3208,0.7978,0.7242,1.2873
-5.6240,2.5522,3.2944,-0.1900,-2.2695,-2.2611,-6.4763,-0.1125,-0.5076,0.1330,-2.3609,2.7456
-7.5489,1.7597,5.4971,-0.4442,-1.1201,-1.8395,-7.3741,0.4310,2.9951,-0.4490,-0.2182,1.1997
-7.2305,1.5586,6.8714,0.0817,-1.1250,-1.4113,-8.9519,1.0918,1.7047,-0.1568,-0.0690,1.0893
-6.0118,1.2881,5.1811,-0.0869,-0.8102,-0.8118,-7.4531,1.6688,3.1580,-0.3163,-0.6956,0.6520
-4.4221,0.8212,5.8921,-1.1834,-0.6552,0.1737,-8.0613,1.7645,2.8515,-1.2253,-0.9160,0.9862
-6.0286,0.0120,5.7293,-1.8131,-0.1428,0.2462,-6.5960,2.3080,1.5251,-0.9531,0.6033,-0.7000
-4.8626,-0.4741,6.8594,-1.7696,0.0729,-0.0469,-7.4340,1.4317,1.6616,-1.3042,0.1776,-0.6511
-5.4348,-0.7063,7.2496,-1.1816,0.2763,0.2076,-8.8969,-0.4046,4.9177,-0.8479,-0.0596,-1.2640
-5.5210,-0.9337,7.8051,-0.6230,0.8757,0.8925,-11.2671,-1.3312,4.6400,-0.1776,0.7109,-1.0950
-4.0773,-0.3950,7.4268,0.2711,0.8128,1.0549,-8.1762,-0.9625,3.5578,0.2787,-0.2866,-1.1335
-6.4763,0.0383,4.6663,1.1261,1.4366,0.9727,-8.9184,-0.5866,0.3591,0.9928,1.4366,-1.3339
-6.9863,-0.4956,2.7294,0.0127,1.2151,0.8636,-6.8785,-0.8619,-0.0622,-0.3840,0.1853,-1.3759
-6.2896,-0.2466,6.4021,-0.0336,1.3147,1.2632,-9.7731,-3.9959,4.3024,-0.3058,2.1229,-1.1155
-8.0613,0.7015,5.9592,0.0953,0.5585,1.1311,-9.9910,-3.7493,2.4157,-0.0693,0.0914,-0.7604
-7.5633,0.6584,6.1100,0.0781,0.9285,1.5709,-9.0429,-3.7876,2.9616,-0.0759,1.2036,-0.7107
-7.7883,1.8076,3.0335,0.2262,0.3176,0.5805,-8.8346,-2.9305,0.3376,0.0706,-0.0679,-0.1609
-5.6958,2.0973,5.2218,0.0903,0.3311,0.5872,-8.2600,-3.2753,1.4605,-0.0602,0.8588,-0.2892
-6.3231,2.7605,3.9002,0.0265,-0.1852,0.9788,-9.0716,-3.3136,1.1061,0.0444,0.1083,-0.3556
-7.1635,2.8419,3.8595,0.1960,0.1416,0.1206,-8.6981,-3.7397,0.2322,0.0894,0.3344,-0.4158
-7.4196,3.0047,3.3830,0.2161,-0.0242,0.3235,-9.0285,-3.7517,0.4214,0.1442,0.0641,0.2855
-7.0390,3.3184,3.4117,0.1516,0.1307,-0.1756,-8.5186,-3.3064,0.6608,0.0874,0.4642,-0.2120
-7.3167,3.4572,3.3112,0.2324,-0.0089,-0.1379,-8.6095,-3.3327,0.2227,0.1881,0.0899,-0.0282
-7.2951,3.1891,3.3591,0.1940,0.0324,-0.1134,-8.6263,-3.5650,0.4669,0.1727,0.1500,-0.0081
-7.5800,3.2705,3.3160,0.0829,0.1005,-0.2178,-8.9136,-3.6823,0.3591,0.1143,0.1374,-0.0264
-7.3622,3.2705,3.2657,0.1717,0.1418,-0.2960,-8.5808,-3.3255,0.5914,0.2451,-0.0602,0.0217
-7.6543,2.8635,3.2226,0.1194,0.0789,-0.3063,-8.8538,-3.9409,0.3807,0.1030,0.2963,-0.1255
-7.7405,3.3136,2.1404,0.3006,-0.0300,-0.2310,-8.8897,-2.9544,-0.6823,0.2813,0.1984,-0.0542
-8.0254,3.2465,1.7238,0.1131,0.1536,-0.1756,-8.8729,-3.0454,-1.0534,0.0328,0.3685,-0.0548
-8.3007,3.5051,1.7980,0.1107,-0.0842,-0.1386,-9.2536,-3.1268,-0.9553,0.1116,0.1330,-0.0596
-7.6447,3.0502,2.3008,-0.1246,0.2427,-0.1672,-8.5593,-3.3830,-0.3735,-0.2240,0.3383,-0.1795
-7.9679,2.6312,2.5019,0.0276,0.1384,-0.1394,-8.7029,-4.0701,-0.5171,-0.0284,0.3413,-0.1178
-7.8602,2.7821,1.5467,-0.0172,-0.0020,-0.0245,-8.4443,-3.3974,-1.2570,-0.0456,0.0572,0.0139
-7.8458,2.8994,3.1484,0.0737,-0.4002,0.0786,-8.8418,-4.0079,0.3280,0.2867,-0.3060,0.0409
-7.7428,3.2489,3.1675,0.2093,-0.3778,0.0477,-9.0764,-3.7685,-0.0192,0.3938,-0.1689,0.0276
-7.4364,3.3926,3.4812,0.2266,-0.3681,-0.0624,-8.8705,-3.5626,0.8045,0.4198,-0.1043,-0.0238
-7.1682,3.1005,2.6647,0.1306,-0.1609,-0.1905,-8.2432,-3.1675,0.1437,0.2049,0.0512,-0.1689
-8.0062,3.0933,3.3351,0.1855,-0.0982,-0.3645,-9.0022,-4.1611,0.2418,0.3004,0.1879,-0.2457
-8.3270,2.9521,2.1620,0.1491,-0.0898,-0.3824,-9.0740,-3.7134,-0.9888,0.2364,0.2092,-0.2858
-8.3199,2.9951,3.7876,0.2089,-0.2533,-0.3144,-9.4212,-4.6687,0.5650,0.3913,0.1532,-0.2038
-7.4651,2.9688,3.8188,0.2939,-0.2761,-0.1916,-8.6119,-4.0869,0.9170,0.4002,0.1792,-0.1310
-7.5058,2.6360,4.7836,0.5875,-0.3086,-0.3126,-8.5258,-4.8698,1.4006,0.7445,0.2473,-0.0834
-7.5346,2.1284,4.0247,0.5991,-0.1062,-0.3768,-8.1570,-4.9033,0.7733,0.6253,0.4740,-0.1106
-8.0876,1.6496,2.9521,0.4572,0.0592,-0.4756,-8.3055,-5.2002,-0.5770,0.4239,0.5963,-0.1799
-8.0038,1.6496,2.8084,0.5231,-0.2021,-0.3540,-8.0780,-4.9895,-0.8452,0.5890,0.3468,-0.1391
-8.5210,1.7741,1.6951,0.3681,0.0047,-0.2719,-8.4563,-4.7262,-1.9106,0.3348,0.3860,-0.0576
-8.3653,2.0159,1.8818,0.2549,0.0521,-0.0978,-8.5569,-4.4915,-1.7621,0.1800,0.2777,0.0659
-8.1618,2.3655,2.3032,0.1728,0.0169,0.0304,-8.5425,-4.4867,-0.9577,0.1366,0.1637,0.1476
-8.3390,2.8276,1.9130,0.1175,0.0612,0.1355,-8.8969,-4.0199,-1.5634,-0.0079,0.0875,0.2533
-8.2169,2.8132,1.7166,-0.1088,0.1676,0.1881,-8.7963,-3.7517,-1.5012,-0.2477,0.0468,0.2184
-8.3079,2.9568,1.7334,-0.1663,0.1940,0.2774,-8.8178,-3.7230,-1.3599,-0.2814,-0.0095,0.2527
-8.2720,3.2848,2.1979,-0.1613,0.0015,0.2425,-9.2177,-3.6966,-1.0534,-0.1577,-0.1684,0.1865
-8.1068,3.6152,1.8651,-0.1376,-0.0060,0.2883,-9.2871,-3.1220,-1.1301,-0.1300,-0.1565,0.2324
-7.8051,3.7421,1.8627,-0.3267,0.1376,0.2963,-9.0429,-3.0694,-0.6584,-0.3992,-0.1063,0.2020
-7.6543,3.6823,1.9992,-0.2948,0.0894,0.2799,-8.9687,-2.8922,-0.8452,-0.3364,-0.1909,0.1985
-7.6830,3.6607,1.9273,-0.3844,0.0839,0.2705,-8.9759,-2.8395,-0.9744,-0.3962,-0.2266,0.1514
-7.9009,4.3646,2.2769,-0.3524,0.0863,0.1872,-9.4715,-2.7461,-0.2849,-0.3471,-0.1220,0.0630
-8.0421,3.7876,2.1883,-0.3239,0.0650,0.2304,-9.3637,-3.0981,-0.6728,-0.3190,-0.1516,0.1218
-7.6303,3.6679,1.5419,-0.3916,-0.0125,0.2951,-8.7460,-2.6480,-1.1540,-0.3648,-0.2980,0.1294
-8.0900,3.7326,1.7023,-0.3858,0.1226,0.3196,-9.2871,-3.0215,-1.2713,-0.4206,-0.2277,0.2052
-7.9871,3.9169,1.7621,-0.5041,-0.0897,0.3814,-9.2344,-2.9975,-0.9553,-0.4293,-0.4696,0.1633
-7.8626,3.8690,1.3072,-0.4133,-0.0609,0.4808,-9.0788,-2.5163,-1.4700,-0.3920,-0.4450,0.2701
-7.2161,3.7206,2.2290,-0.6642,0.0108,0.4210,-8.7460,-2.8922,-0.3065,-0.5990,-0.4497,0.1703
-7.0725,3.8379,2.8012,-0.5128,-0.0101,0.5145,-8.6287,-2.8730,0.2203,-0.4758,-0.4435,0.2613
-6.4500,3.9241,3.0263,-0.6840,-0.0013,0.4198,-8.3294,-2.6671,0.6488,-0.6403,-0.3401,0.1414
-6.4069,3.7326,3.4213,-0.5813,-0.0433,0.4612,-8.0972,-2.9090,0.7997,-0.5275,-0.4217,0.1851
-6.2824,4.8818,3.3662,-0.5864,-0.1135,0.2558,-8.8322,-1.8675,1.4102,-0.4309,-0.4048,-0.0272
-7.1012,3.6847,4.6160,-0.6853,0.2320,-0.0624,-9.0453,-4.0318,1.6735,-0.6249,-0.1039,-0.2208
-6.7876,3.9409,3.4836,-0.3252,-0.2411,0.1348,-8.6000,-2.8850,0.7709,-0.1435,-0.3801,-0.0286
-6.5577,3.9169,3.7517,-0.5792,0.0590,0.0169,-8.6287,-3.1627,1.5299,-0.4727,-0.1183,-0.2058
-6.9097,3.9073,4.5418,-0.1334,-0.0854,-0.0433,-9.0237,-3.6464,1.7909,-0.0096,-0.0525,-0.0866
-6.4308,3.8571,3.9121,-0.0204,-0.1640,-0.0405,-8.4443,-3.1316,1.3264,0.1051,-0.0987,-0.0497
-6.9647,3.6440,3.4931,-0.1482,0.0109,-0.0240,-8.6311,-3.3136,0.7733,-0.1172,-0.0135,-0.0500
-6.6679,3.7613,3.7733,-0.0180,-0.1472,-0.0890,-8.5162,-3.1484,1.0558,0.1146,-0.0679,-0.0791
-6.8378,3.8714,4.0749,-0.0538,-0.0654,-0.1079,-8.7700,-3.4261,1.2522,0.0365,0.0973,-0.1058
-6.9408,3.6296,3.7661,0.0215,-0.1491,-0.1061,-8.5904,-3.3878,0.8906,0.1119,0.0051,-0.0755
-6.8570,3.5458,4.0127,-0.0049,-0.0370,-0.1162,-8.5377,-3.6703,1.1253,0.0581,0.1112,-0.0839
-7.0270,3.4955,3.8164,0.0332,-0.1519,-0.1208,-8.7053,-3.7565,0.9792,0.1418,0.0410,-0.0947
-6.8474,3.5769,3.6152,0.0556,-0.2454,-0.0254,-8.5138,-3.4668,0.8140,0.1901,-0.0711,-0.0349
-6.5888,3.7541,4.1084,-0.0100,-0.2241,-0.0734,-8.5688,-3.3998,1.3719,0.1529,-0.0205,-0.0963
-6.3877,3.7517,4.2665,-0.0136,-0.2128,-0.1259,-8.5090,-3.4165,1.5850,0.1547,-0.0466,-0.1240
-6.5050,3.7852,4.3479,0.0529,-0.1749,-0.1223,-8.5210,-3.4429,1.5754,0.1777,0.0353,-0.1034
-6.5936,3.6464,4.1779,0.0528,-0.0642,-0.1903,-8.4851,-3.5650,1.2761,0.1408,0.1411,-0.1360
-6.6008,3.4716,4.0606,0.0321,-0.1380,-0.1901,-8.3749,-3.6416,1.2378,0.1544,0.0565,-0.1494
-6.9719,3.4189,4.1611,0.0067,-0.1160,-0.1442,-8.6622,-4.0294,1.1947,0.1043,0.0646,-0.1147
-6.9695,3.3471,3.9887,0.0131,-0.1199,-0.1014,-8.5688,-3.9145,0.9553,0.1073,0.0438,-0.0762
-6.9767,3.3830,4.1037,0.0143,-0.1280,-0.0163,-8.5976,-3.8930,0.9840,0.0867,-0.0139,-0.0077
-6.6798,3.4069,4.2617,-0.0192,-0.2249,0.0420,-8.4060,-3.8379,1.3695,0.0601,-0.0681,0.0097
-6.7253,3.4596,4.3096,-0.0278,-0.0983,0.0830,-8.5114,-3.8403,1.3001,0.0181,-0.0536,0.0616
-6.7109,3.5841,4.3838,-0.0561,-0.0883,0.0865,-8.5234,-3.8307,1.4437,-0.0152,-0.0368,0.0628
-6.3782,3.6583,4.1707,-0.0630,-0.0649,0.1035,-8.4563,-3.5291,1.3144,-0.0522,0.0346,0.0494
-6.0956,3.8044,4.4532,-0.0461,-0.1107,0.0731,-8.3797,-3.3998,1.6903,-0.0192,-0.0360,0.0654
-6.5864,3.7685,4.4915,-0.0751,0.0139,0.0666,-8.6024,-3.6727,1.4557,-0.0801,0.0265,0.0514
-6.4093,3.8810,4.3263,-0.0757,-0.0502,0.1034,-8.5521,-3.4716,1.4868,-0.0870,0.0000,0.0713
-6.2824,3.8858,4.3574,-0.0588,0.0039,0.0488,-8.6095,-3.4836,1.5036,-0.0846,0.0545,0.0621
-6.0549,3.8762,4.3239,-0.0321,0.0179,0.0490,-8.6479,-3.3902,1.4892,-0.0541,0.0308,0.1078
-6.2417,3.8858,4.3551,-0.0867,-0.0773,0.1140,-8.5042,-3.4141,1.3743,-0.1005,0.1110,0.0049
-6.9863,3.9025,4.2617,-0.0597,-0.2293,0.1122,-8.7317,-3.6440,1.2833,-0.0959,-0.1236,-0.0107
-5.7748,3.3088,5.1787,-0.0777,-0.3066,-0.0080,-9.4882,-3.9816,0.9242,0.0040,-0.0205,0.1668
-4.6352,4.4053,9.0333,0.5244,0.4397,-0.1875,-8.5545,-2.8084,1.4820,-0.0258,0.1601,0.3962
-6.6559,4.0989,3.8906,-0.1228,-0.5333,-0.0525,-9.1818,-3.3303,0.8499,-0.0649,-0.3403,0.4626
-6.8498,3.8307,3.4596,-0.1230,0.0881,-0.0526,-9.2703,-2.9568,0.2466,-0.2262,0.3886,0.3961
-6.7445,3.8547,3.5530,-0.1544,0.1364,-0.1447,-8.8274,-2.5235,0.4046,-0.1885,0.2807,0.4599
-6.6990,3.8618,3.7014,-0.2519,0.0529,-0.1188,-8.8777,-2.4301,0.6680,-0.1787,-0.1729,0.5874
-6.9432,3.7397,3.7948,-0.2643,0.0426,-0.1675,-9.3063,-2.3798,0.1748,-0.2374,0.1832,0.4770
-6.7038,3.5386,3.3136,-0.2850,0.0562,-0.2578,-8.8514,-1.8316,-0.2322,-0.1953,-0.1436,0.6170
-5.6455,3.1556,3.9887,-0.1276,-0.2501,-0.3936,-10.3142,-1.9824,0.0718,-0.2149,-0.0845,0.7197
-7.0749,2.9090,3.8140,-0.4028,-0.1467,-0.5387,-8.8729,-1.2378,-0.2059,-0.3242,-0.4165,1.0232
-7.4723,2.4804,4.0654,-0.4282,-0.1875,-0.3885,-8.7197,-1.2354,0.6177,-0.3491,-0.4631,0.7256
-7.1491,2.4349,4.7645,-0.3080,-0.2526,-0.0766,-8.4659,-0.6081,0.4477,-0.3467,-0.5020,0.5152
-6.9336,2.5139,4.3335,-0.3214,-0.1432,-0.0460,-9.3470,-0.5124,1.6496,-0.3477,-0.1030,0.1668
-6.4236,2.5426,4.5418,-0.2793,-0.0842,-0.0743,-9.1818,-0.3567,1.6975,-0.2641,-0.3260,0.1531
-6.4117,2.5235,4.5490,-0.2817,-0.1336,-0.1031,-9.3709,-0.2873,1.3575,-0.2817,-0.0140,0.2797
-7.6686,2.4038,4.0534,-0.4341,-0.0789,0.2622,-8.0732,0.0096,1.5778,-0.3248,-0.4596,-0.0201
-7.8386,2.7294,5.0470,-0.1166,0.6683,1.1880,-9.6007,-2.1739,1.7980,-0.1771,0.4487,-1.6570
-6.1124,2.9185,4.6136,0.0057,0.5165,0.6504,-9.1195,-1.6209,0.3879,0.0737,-0.2094,-1.1074
-6.5817,2.9521,4.7357,-0.1351,0.3718,0.5341,-8.5042,-2.2601,1.1109,-0.0472,0.5341,-1.3721
-7.2712,3.1005,3.8499,-0.1179,0.0779,0.3663,-8.9040,-3.1891,0.9337,0.0233,-0.5780,-0.8386
-6.4476,3.3279,4.3455,-0.1482,-0.0061,0.3972,-9.0381,-3.3399,0.9816,-0.1198,0.4329,-0.6169
-6.0717,3.5482,4.1899,-0.1001,0.0281,0.3303,-8.7460,-3.1819,1.0750,-0.0649,-0.0640,-0.4670
-5.5689,3.7804,4.5538,0.0981,-0.0871,0.1672,-10.1754,-4.0342,1.1540,0.0131,0.2542,-0.0513
-6.4979,3.8020,3.9504,0.0024,0.0216,0.0526,-8.4396,-3.3591,1.0008,-0.0067,0.2583,-0.1176
-6.6846,3.6799,3.5123,0.0400,-0.0565,-0.1139,-8.6503,-3.7134,0.7302,0.0729,0.0785,-0.0713
-6.4045,3.6966,4.2880,-0.0033,-0.0101,-0.1094,-8.5281,-3.8164,1.0463,0.0621,-0.0116,-0.0755
-6.6679,3.6607,4.3431,0.0262,-0.0632,-0.1607,-8.5641,-4.0438,1.0032,0.1083,-0.0689,0.0088
-6.9384,3.6440,4.3503,0.0496,-0.1553,-0.0745,-8.7364,-4.1635,1.2139,0.1327,-0.1006,0.0396
-6.6679,3.7038,4.2258,0.1314,-0.0397,-0.0826,-8.6526,-3.8307,1.0391,0.1518,0.0721,0.0334
-6.6128,3.7230,4.1013,0.1049,-0.0225,-0.0782,-8.6646,-3.7517,0.9649,0.1388,0.0858,0.0397
-6.5386,4.0510,4.0654,0.1271,-0.0352,-0.0993,-8.6239,-3.4500,1.0678,0.1418,0.1282,0.0153
-6.0286,4.2066,4.4628,0.2078,-0.0765,-0.2005,-8.4324,-3.1412,1.8387,0.2321,0.1895,-0.0522
-5.5402,4.5993,5.2218,0.3300,0.0229,-0.3321,-8.4851,-3.0789,2.7988,0.3195,0.4014,-0.0954
-5.5809,4.3167,3.5410,0.5818,-0.0023,-0.6293,-8.0086,-2.5355,1.2570,0.5629,0.6550,-0.2509
-6.1699,3.9552,3.1556,0.4688,-0.0269,-0.7598,-8.1379,-2.9521,0.5531,0.5309,0.5836,-0.4221
-6.2010,3.7541,3.1795,0.4922,-0.0982,-0.8913,-7.9607,-3.0957,0.5938,0.6316,0.6470,-0.5401
-6.6200,3.2872,3.3950,0.5147,-0.0597,-1.0229,-8.1235,-3.6129,0.1556,0.6654,0.7366,-0.6281
-7.5322,2.6384,2.9185,0.4024,-0.0586,-0.9649,-8.0996,-4.3742,-0.6369,0.5492,0.6823,-0.6323
-8.0756,1.9489,2.8683,0.1300,0.2258,-0.9916,-8.2145,-5.2505,-1.2498,0.1475,0.8006,-0.7033
-8.8035,1.4868,3.7062,0.1619,0.2060,-0.7678,-8.5688,-6.4476,-1.0080,0.2022,0.6723,-0.4871
-8.5281,1.2737,3.1795,0.3254,-0.0092,-0.5079,-8.1283,-6.0238,-1.1779,0.3387,0.4454,-0.2537
-8.9543,1.5012,2.9951,0.2242,0.2042,-0.4104,-8.5641,-6.0741,-1.4988,0.1415,0.4522,-0.1635
-8.9447,1.3575,2.5594,0.2967,0.0701,-0.2944,-8.3845,-5.8634,-2.1069,0.2230,0.3789,-0.0505
-9.0573,1.3815,2.4373,0.1864,0.2479,-0.0974,-8.4108,-5.9711,-2.2098,0.0112,0.3918,0.0873
-9.1818,1.3886,1.9848,0.0706,0.1760,0.0795,-8.4946,-5.7700,-2.5762,-0.0725,0.1655,0.1893
-8.6886,1.4389,1.2426,-0.0682,0.1804,0.1847,-8.0325,-5.0494,-2.9616,-0.2246,-0.0083,0.2234
-8.8083,1.9130,1.9058,-0.1430,0.0626,0.3645,-8.4060,-5.1164,-2.2553,-0.2333,-0.1359,0.3139
-8.3270,2.2458,1.6448,-0.3441,0.1018,0.4185,-8.2289,-4.4987,-2.0375,-0.3997,-0.2619,0.2787
-7.9990,2.5786,1.9872,-0.3297,-0.1843,0.4555,-8.2624,-4.3263,-1.7382,-0.2134,-0.4391,0.2350
-7.9727,2.6600,2.7964,-0.0294,-0.6035,0.4666,-8.5425,-4.5490,-1.0271,0.2904,-0.6827,0.3011
-7.7141,2.7126,2.2314,-0.2333,-0.3251,0.4726,-8.3007,-4.0366,-1.2689,-0.0981,-0.5428,0.2787
-7.7788,2.8635,3.1173,-0.5421,0.0882,0.4533,-8.6095,-4.6112,-0.4214,-0.5268,-0.4215,0.2369
-7.9583,2.8659,3.0478,-0.4895,-0.0281,0.4848,-8.7628,-4.5801,-0.6249,-0.4431,-0.4860,0.2465
-7.5872,3.0789,3.0502,-0.4065,-0.0207,0.5405,-8.5856,-4.1372,-0.3208,-0.3953,-0.4791,0.3309
-7.2808,3.3447,3.5267,-0.5013,0.1406,0.5658,-8.7317,-4.0725,0.1125,-0.5693,-0.3962,0.3493
-7.2568,3.5482,3.3088,-0.3816,-0.0693,0.5240,-8.7436,-3.7613,0.1580,-0.3420,-0.4660,0.3348
-6.6918,3.7613,3.1699,-0.3521,-0.0857,0.5131,-8.3821,-3.1436,0.5387,-0.3351,-0.4563,0.3148
-6.8283,4.0390,3.7804,-0.4934,0.1631,0.3929,-8.8035,-3.5171,0.9337,-0.5265,-0.2647,0.2156
-6.7421,3.9792,3.8571,-0.3532,0.0385,0.3226,-8.9088,-3.5123,0.8691,-0.3373,-0.2180,0.1781
-6.8618,4.0247,3.7350,-0.2407,0.0171,0.3460,-8.8346,-3.4213,0.7207,-0.2545,-0.1835,0.2336
-7.1084,3.9169,3.3758,-0.2429,0.0218,0.3102,-8.9376,-3.4860,0.2203,-0.2753,-0.1603,0.2132
-6.9001,3.9456,3.3255,-0.2070,0.0365,0.3628,-8.7125,-3.3351,0.3687,-0.2701,-0.1787,0.2767
-7.0294,4.1324,3.3950,-0.2293,0.0528,0.3800,-8.8873,-3.2848,0.4357,-0.2911,-0.2209,0.2863
-6.5362,4.4628,3.4524,-0.1170,-0.1924,0.3773,-8.7963,-2.8012,0.7087,-0.0545,-0.3415,0.2746
-5.8323,4.6543,3.3686,-0.1759,-0.0377,0.2836,-8.3773,-2.1691,0.9840,-0.1771,-0.2288,0.2033
-6.0166,4.8387,3.5267,-0.2441,0.0187,0.2122,-8.6957,-2.2122,1.2043,-0.2449,-0.1140,0.1082
-5.9807,4.9680,3.3806,-0.1962,-0.0686,0.0823,-8.7556,-2.1213,0.9649,-0.1343,-0.1194,0.0101
-6.0071,4.9081,3.8355,-0.2205,0.0590,0.0059,-8.7867,-2.3894,1.2665,-0.1796,-0.0465,-0.0434
-6.1723,4.7740,3.6320,-0.2036,-0.0159,-0.0733,-8.7508,-2.6240,1.1516,-0.1212,-0.0132,-0.1131
-6.1555,4.7333,3.8858,-0.1227,-0.0061,-0.1388,-8.7987,-2.6288,1.2570,-0.0456,0.0418,-0.1547
-6.2656,4.4963,3.9265,-0.0987,0.0887,-0.2471,-8.8298,-2.8659,1.2570,-0.0536,0.1624,-0.2016
-6.2249,4.4700,3.8954,0.0029,0.0348,-0.2892,-8.6742,-2.8228,1.0630,0.0598,0.2004,-0.2052
-6.3255,4.5298,3.8092,0.0532,0.0425,-0.3830,-8.7556,-2.9042,1.0391,0.0902,0.3098,-0.2618
-6.7038,4.1324,3.4764,0.0196,0.1062,-0.4149,-8.8394,-3.3232,0.6081,0.0433,0.2880,-0.2775
-6.8738,3.9816,3.6392,0.1003,0.0542,-0.4154,-8.7340,-3.4285,0.5626,0.1535,0.3148,-0.2703
-7.1754,3.8307,3.6464,0.1198,0.0382,-0.3864,-8.8107,-3.8188,0.4621,0.1450,0.3399,-0.2254
-7.5154,3.4836,3.2561,0.0893,0.0159,-0.3982,-8.8442,-4.0055,-0.1317,0.1288,0.3118,-0.2453
-7.6184,3.3662,3.1723,0.1727,-0.0657,-0.3111,-8.7388,-4.1037,-0.4477,0.2218,0.2479,-0.1612
-7.7261,3.2681,2.7366,0.0318,0.0857,-0.2142,-8.6742,-3.9983,-0.7422,0.0160,0.2181,-0.1049
-7.6591,3.3351,2.9066,0.0077,0.0242,-0.1456,-8.8107,-4.0151,-0.5722,0.0200,0.1580,-0.0793
-7.4124,3.3447,2.6695,-0.0096,-0.0344,-0.1495,-8.5688,-3.7350,-0.5602,0.0425,0.0741,-0.0994
-7.3310,3.5482,3.0789,-0.0569,-0.0541,-0.1264,-8.7197,-3.8211,-0.1245,0.0294,0.0624,-0.1055
-7.2712,3.5434,3.2202,-0.0314,-0.0645,-0.1488,-8.7029,-3.7685,0.0407,0.0620,0.0811,-0.1258
-7.0437,3.5913,3.4069,-0.0127,-0.0967,-0.2016,-8.6503,-3.8092,0.2634,0.0959,0.1067,-0.1708
-7.3526,3.3543,3.6368,0.0163,-0.0120,-0.2990,-8.7173,-4.1635,0.2011,0.0931,0.2086,-0.2116
-7.2640,3.2489,3.7565,0.1210,-0.0429,-0.3391,-8.6407,-4.3072,0.2729,0.1947,0.2415,-0.2110
-7.5369,3.0311,3.1149,0.1892,-0.0746,-0.3387,-8.5305,-4.2473,-0.3974,0.2566,0.2629,-0.1796
-7.9128,2.7964,2.9161,0.0991,-0.0052,-0.2991,-8.5904,-4.5274,-0.9026,0.1272,0.2609,-0.1808
-8.0996,2.6624,2.8539,0.0456,0.0324,-0.2876,-8.6143,-4.7645,-1.1372,0.0783,0.2028,-0.1605
-8.1235,2.5211,2.9305,0.0045,0.0586,-0.1597,-8.4803,-4.8746,-1.0511,0.0143,0.1548,-0.0819
-8.2121,2.4445,2.4995,-0.0266,-0.0626,-0.1017,-8.5329,-4.7525,-1.3264,0.0173,0.0093,-0.0574
-7.9847,2.5762,2.6815,-0.0847,-0.0123,-0.0445,-8.4467,-4.6663,-1.2953,-0.0488,-0.0048,-0.0388
-7.9440,2.6001,2.6671,-0.1287,-0.0883,0.0160,-8.4084,-4.5945,-0.9577,-0.0406,-0.1034,-0.0197
-7.8626,2.6647,2.8180,-0.1895,-0.1549,0.0650,-8.4659,-4.5873,-0.8882,-0.0733,-0.1636,-0.0334
-7.9392,2.6624,3.6081,-0.1667,-0.0979,0.0819,-8.6718,-4.9392,-0.4046,-0.0747,-0.1140,0.0024
-7.7117,2.9377,3.5434,-0.0633,-0.1123,0.1315,-8.6455,-4.7262,-0.1508,0.0085,-0.1069,0.0955
-7.7165,2.9377,3.3136,-0.0196,-0.1172,0.1632,-8.6143,-4.5107,-0.3926,0.0281,-0.1340,0.1512
-7.7381,2.8802,3.1556,-0.0462,-0.0939,0.1561,-8.5281,-4.4460,-0.4573,-0.0087,-0.1163,0.1424
-7.3071,2.9568,3.1508,-0.0472,-0.1520,0.1627,-8.2169,-4.0941,-0.3065,0.0377,-0.1887,0.1328
-7.2736,2.9712,3.0239,-0.1697,-0.0678,0.1260,-8.2217,-4.0606,-0.4118,-0.1130,-0.1422,0.0532
-7.4172,2.8683,3.1077,-0.2479,-0.0642,0.1195,-8.4036,-4.3670,-0.4956,-0.1440,-0.1849,0.0252
-7.3382,2.9808,3.0287,-0.2685,-0.2208,0.1483,-8.4132,-4.1276,-0.4046,-0.0747,-0.3356,0.0023
-7.1491,3.2346,3.1460,-0.2890,-0.2268,0.1564,-8.2815,-3.8978,-0.2753,-0.0911,-0.3660,0.0020
-7.0294,3.2417,3.7445,-0.5255,-0.0861,0.0362,-8.4443,-4.2234,0.3519,-0.3544,-0.2860,-0.1732
-6.7325,3.2082,4.6711,-0.4022,-0.1777,0.0731,-8.4084,-4.3455,1.2306,-0.1970,-0.2939,-0.1106
-7.0054,3.1364,5.0589,-0.3469,0.0183,0.0226,-8.5688,-4.7980,1.4700,-0.2595,-0.1322,-0.0767
-7.0270,3.0191,4.3024,-0.1731,0.0723,-0.0313,-8.3366,-4.5586,0.8116,-0.1725,0.0133,-0.0492
-7.0749,2.9066,4.3287,-0.1362,0.0873,0.0232,-8.2983,-4.6998,0.6009,-0.1492,0.0328,0.0222
-7.4867,2.6863,3.6536,-0.2392,0.1495,-0.0053,-8.3629,-4.7788,-0.0766,-0.2641,0.0360,-0.0430
-7.1922,2.5546,3.8068,-0.1803,0.0518,0.0278,-8.0421,-4.6950,0.0383,-0.1879,-0.0341,0.0012
-7.5944,2.6049,3.6224,-0.2582,0.1134,0.0961,-8.3175,-4.8866,-0.0934,-0.2691,-0.0966,0.0384
-7.2664,2.6025,3.1268,-0.2649,0.0253,0.1248,-8.0756,-4.4173,-0.4669,-0.2553,-0.1609,0.0374
-7.0820,2.7222,3.7062,-0.3667,0.0365,0.1430,-8.1211,-4.6017,0.3208,-0.3256,-0.1817,0.0135
-7.1371,2.7509,3.8092,-0.4707,-0.0091,0.0894,-8.2313,-4.6974,0.2969,-0.3888,-0.2563,-0.0815
-6.5817,2.7390,4.3551,-0.3203,-0.0414,0.0969,-7.9464,-4.5011,0.9960,-0.2454,-0.2232,-0.0260
-6.8738,2.7892,4.3718,-0.3148,0.0328,0.0584,-8.1714,-4.7285,0.7590,-0.2581,-0.1681,-0.0357
-7.1060,2.7845,4.2018,-0.3243,0.0498,-0.0230,-8.2432,-4.7692,0.5555,-0.2654,-0.0742,-0.0951
-7.0844,2.7869,4.1755,-0.2082,0.0386,-0.0173,-8.2552,-4.7190,0.6009,-0.1651,-0.0320,-0.0513
-7.1515,2.5235,4.1037,-0.2737,0.0613,-0.0402,-8.1594,-4.8698,0.3663,-0.2302,-0.0238,-0.0977
-7.2042,2.4229,4.1515,-0.1900,0.0253,-0.0512,-8.1163,-4.9728,0.3424,-0.1423,-0.0189,-0.0773
-7.2209,2.3822,4.1324,-0.1760,0.0191,-0.0466,-8.0517,-4.9943,0.3879,-0.1215,-0.0116,-0.0773
-7.4986,2.2769,4.3191,-0.1868,0.0330,-0.0653,-8.2720,-5.3678,0.4932,-0.1351,0.0139,-0.0833
-7.1922,2.3248,4.1635,-0.0715,-0.0388,-0.0245,-8.0038,-4.9823,0.3496,-0.0425,0.0101,-0.0141
-7.3406,2.4469,4.3981,-0.0452,0.0380,-0.0230,-8.2959,-5.2194,0.4741,-0.0413,0.0365,0.0205
-7.2185,2.3104,3.8882,0.0015,0.0175,-0.0236,-8.0756,-4.9823,0.1317,0.0032,0.0266,0.0372
-7.1611,2.4277,3.7996,-0.0218,-0.0071,-0.0108,-7.9176,-4.8123,0.2490,-0.0033,0.0358,0.0156
-7.3119,2.4708,3.7948,-0.0204,-0.0261,-0.0175,-8.1690,-4.8507,0.1317,0.0381,0.0015,0.0103
-7.3167,2.3894,3.8786,-0.0520,-0.0578,-0.0240,-8.1020,-4.9775,-0.0766,-0.0007,0.0310,-0.0189
-7.1730,2.4732,3.8954,0.0077,-0.1567,-0.0087,-8.0182,-4.8028,0.0814,0.0977,-0.0648,0.0149
-7.2880,2.4134,4.0318,-0.0858,-0.0426,-0.0525,-8.1618,-5.0206,0.2394,-0.0173,-0.0177,-0.0464
-7.1658,2.4876,3.9720,-0.0048,-0.1616,-0.0402,-8.0804,-4.8794,0.2227,0.1065,-0.0620,-0.0288
-6.9815,2.5331,4.2234,-0.0358,-0.1227,-0.0771,-8.0565,-4.8411,0.4334,0.0830,-0.0334,-0.0671
-7.3023,2.3727,4.3479,-0.0538,-0.0843,-0.0550,-8.1403,-5.1547,0.5555,0.0353,0.0061,-0.0490
-7.1204,2.2984,4.3383,0.0075,-0.1042,-0.0526,-7.9823,-5.0733,0.4788,0.0775,-0.0160,-0.0161
-7.1850,2.4517,4.0917,0.0004,-0.1070,-0.0528,-7.9823,-4.9991,0.4477,0.0706,0.0164,-0.0143
-7.0198,2.3798,4.1084,-0.0055,-0.0749,-0.0342,-8.0278,-4.9344,0.4980,0.0557,-0.0031,-0.0036
-7.2544,2.2960,4.2569,-0.0540,-0.0326,0.0344,-8.1547,-5.2385,0.3543,-0.0184,-0.0282,0.0473
-7.1371,2.4900,4.0510,-0.0529,-0.0694,0.0718,-8.0565,-4.9105,0.4094,-0.0092,-0.0666,0.0581
-6.8187,2.5618,4.2665,-0.0915,-0.0260,0.0088,-7.9895,-4.8076,0.6153,-0.0392,-0.0440,0.0044
-6.7516,2.6073,4.3000,-0.0663,-0.0220,-0.0393,-7.9176,-4.6256,0.6273,-0.0220,-0.0152,-0.0221
-7.1467,2.5474,4.4748,-0.0783,-0.0566,0.0152,-8.0541,-4.9584,0.7207,-0.0286,-0.0314,0.0081
-7.0222,2.4900,4.3048,-0.1319,0.0205,-0.0290,-8.0254,-4.9009,0.4621,-0.0907,-0.0049,-0.0389
-7.0006,2.4660,4.1755,-0.1388,0.0068,-0.0370,-7.9799,-4.8985,0.3759,-0.1094,0.0113,-0.0478
-6.9695,2.5163,4.4053,-0.1160,0.0334,-0.0445,-8.1187,-4.9321,0.5770,-0.1081,0.0385,-0.0354
-7.1539,2.3415,4.4867,-0.0714,0.0632,-0.0124,-8.0325,-5.0398,0.4860,-0.0887,0.0560,0.0212
-7.3526,2.3008,4.2689,-0.1100,0.0893,0.0071,-8.1499,-5.1930,0.3807,-0.1423,0.0574,0.0183
-7.0054,2.3415,3.8882,-0.1123,0.0857,0.0107,-7.8913,-4.8004,0.2538,-0.1672,0.0679,0.0217
-7.3478,2.3152,3.9792,-0.1474,0.1090,0.0153,-8.1786,-5.0326,0.2466,-0.1820,0.0120,0.0242
-7.2999,2.2170,4.0247,-0.1962,0.1319,0.0378,-8.0613,-5.1930,0.1700,-0.2395,-0.0145,0.0353
-7.1922,2.3774,4.1372,-0.1263,0.0859,0.0702,-8.1355,-4.9057,0.2562,-0.1725,0.0180,0.0683
-7.0006,2.5187,4.1587,-0.0977,0.0786,0.0778,-8.0589,-4.7980,0.5315,-0.1390,0.0127,0.0802
-6.9743,2.6647,4.1372,-0.0870,0.0855,0.0217,-8.1211,-4.7094,0.5411,-0.1184,0.0492,0.0420
-6.9504,2.5498,3.9289,-0.0191,0.0148,-0.0542,-8.0493,-4.7573,0.2610,-0.0145,0.0703,-0.0061
-7.3454,2.5067,3.7517,-0.1402,0.1070,-0.0179,-8.0421,-4.8147,0.0359,-0.1707,0.0616,-0.0131
-7.5465,2.2769,3.8882,-0.1434,0.0785,-0.0037,-8.2169,-5.1691,-0.0622,-0.1608,0.0321,-0.0060
-7.2233,2.2984,3.9049,-0.1936,-0.0306,0.0967,-8.0038,-4.8602,-0.0479,-0.1639,-0.0843,0.0265
-7.4172,2.4612,3.6871,-0.1907,0.0492,0.0139,-8.1666,-4.8435,-0.1820,-0.1752,0.0055,-0.0234
-7.3287,2.4469,3.8547,-0.1520,-0.0073,0.0389,-8.1858,-4.8914,0.0144,-0.1236,-0.0378,0.0093
-7.4915,2.3774,4.0654,-0.2112,0.0608,0.0135,-8.3366,-5.2385,0.0599,-0.1715,-0.0025,-0.0143
-7.0557,2.4062,3.8307,-0.1077,-0.0187,0.0164,-7.9511,-4.7573,0.0239,-0.0898,-0.0204,0.0064
-7.3622,2.3942,4.2186,-0.0989,-0.0180,0.0426,-8.2672,-5.0422,0.3304,-0.0502,-0.0550,0.0329
-7.3741,2.4373,3.9265,-0.1160,0.0392,0.0143,-8.2361,-5.0685,0.0383,-0.0907,-0.0188,0.0164
-7.2640,2.4397,3.7206,-0.1029,0.0072,0.0071,-8.1235,-4.7238,0.1245,-0.0723,0.0091,0.0000
-7.2018,2.5618,3.9169,-0.0521,-0.0565,-0.0091,-8.1786,-4.7908,0.0886,0.0029,-0.0091,0.0016
-7.3574,2.5043,4.0414,-0.0440,-0.0145,-0.0281,-8.2456,-4.9392,0.1556,-0.0035,0.0093,-0.0061
-7.2257,2.3870,3.7876,-0.0425,-0.0277,-0.0496,-8.0397,-4.8100,0.0215,0.0056,0.0041,-0.0334
-7.3334,2.5402,3.6943,-0.0028,-0.0769,-0.0702,-8.1810,-4.7956,-0.0215,0.0553,0.0385,-0.0334
-7.2544,2.4612,3.9193,-0.0369,-0.0626,-0.0897,-8.0972,-4.7908,-0.0024,0.0473,-0.0093,-0.0681
-7.5968,2.3008,3.9049,-0.0690,-0.0541,-0.0750,-8.2576,-5.2026,-0.1724,0.0071,-0.0137,-0.0622
-7.4196,2.2458,3.9217,-0.0612,-0.0994,-0.0408,-8.1403,-5.1499,0.0503,0.0261,-0.0310,-0.0360
-7.3550,2.3774,4.0462,-0.0482,-0.1347,-0.0140,-8.2552,-5.0949,0.2322,0.0609,-0.0677,-0.0155
-7.3191,2.4612,3.8642,-0.0534,-0.1326,-0.0141,-8.1187,-4.9129,0.1532,0.0526,-0.0730,-0.0276
-7.2137,2.4325,4.0342,-0.0975,-0.1383,-0.0310,-8.0948,-4.9464,0.2107,0.0298,-0.0805,-0.0590
-7.0390,2.4157,4.1348,-0.0895,-0.1244,-0.0360,-7.9703,-4.9081,0.5291,0.0245,-0.0807,-0.0628
-7.1826,2.3750,4.2617,-0.0779,-0.1001,-0.0384,-8.0972,-5.1858,0.4741,0.0272,-0.0508,-0.0424
-6.8115,2.4134,4.2210,-0.0803,-0.1092,-0.0402,-7.8913,-4.8267,0.6057,0.0220,-0.0466,-0.0590
-7.1084,2.3439,4.3862,-0.1139,-0.0276,-0.0715,-8.0924,-5.1140,0.7063,-0.0326,-0.0088,-0.0811
-6.9599,2.2505,4.4293,-0.0935,-0.0510,-0.0998,-7.9392,-5.1164,0.6105,-0.0236,0.0095,-0.0850
-7.0006,2.2769,4.4724,-0.0785,-0.0132,-0.0837,-7.9559,-5.1547,0.7159,-0.0301,0.0557,-0.0683
-6.9025,2.2314,4.2689,-0.0827,0.0012,-0.0935,-7.7907,-5.0087,0.4190,-0.0542,0.0241,-0.0831
-7.2329,2.1261,4.2545,-0.1083,-0.0201,-0.0494,-7.9080,-5.2337,0.3280,-0.0674,0.0015,-0.0502
-7.3047,2.1093,4.1779,-0.1266,0.0552,-0.0505,-7.9679,-5.3008,0.2873,-0.1131,0.0165,-0.0446
-7.0797,2.0446,4.3479,-0.1567,0.0175,-0.0320,-7.8721,-5.3319,0.5291,-0.1259,0.0325,-0.0442
-7.1347,2.0973,4.2760,-0.1423,0.0699,-0.0586,-7.8793,-5.2768,0.4334,-0.1319,0.0488,-0.0526
-7.2137,2.0997,4.3814,-0.1030,0.0437,-0.0456,-7.9847,-5.3702,0.4118,-0.1005,0.0480,-0.0281
-7.5609,2.0710,4.3934,-0.0838,0.1099,-0.0493,-8.1642,-5.5234,0.2969,-0.1026,0.0797,-0.0075
-7.4364,1.9417,3.5817,-0.1029,0.0906,-0.0264,-7.7668,-5.1020,-0.3304,-0.1350,0.0766,-0.0048
-7.5753,1.8459,4.0606,-0.1672,0.1200,-0.0384,-8.0397,-5.5450,-0.0599,-0.1863,0.0490,-0.0336
-7.3239,1.8818,4.2401,-0.1128,0.0995,0.0197,-7.8386,-5.4013,0.2370,-0.1604,0.0474,0.0301
-7.6184,1.8411,4.1563,-0.0850,0.0939,0.0798,-8.0206,-5.5522,0.0000,-0.1423,0.0167,0.0947
-7.4364,2.0710,3.7924,-0.1039,0.1549,0.0207,-8.0182,-5.1882,-0.1844,-0.1735,0.0823,0.0550
-7.3263,2.0351,3.6272,-0.0685,0.0941,-0.0059,-7.8434,-5.0829,-0.3304,-0.1062,0.0618,0.0313
-7.4962,1.9944,3.7062,-0.0938,0.0293,0.0196,-7.9679,-5.1811,-0.2921,-0.1077,0.0181,0.0284
-7.5944,2.0183,3.6919,-0.1271,0.0280,0.0117,-8.0541,-5.3367,-0.3089,-0.1134,-0.0105,0.0125
-7.2975,2.0590,3.6248,-0.1150,0.0151,-0.0250,-7.9224,-4.9847,-0.3328,-0.0757,0.0052,-0.0400
-7.2712,2.1404,4.0630,-0.1017,0.0000,-0.0374,-8.0110,-5.2194,0.1053,-0.0501,0.0021,-0.0417
-7.8578,1.8555,3.7469,-0.1680,0.0135,-0.0620,-8.1762,-5.6000,-0.4597,-0.1059,-0.0187,-0.0786
-7.5082,1.8914,3.6224,-0.0717,-0.0793,-0.0164,-7.9272,-5.2194,-0.3472,-0.0121,-0.0394,-0.0262
-7.7764,1.9369,4.2090,-0.0650,-0.0706,0.0037,-8.1882,-5.6982,0.0024,0.0051,-0.0673,0.0109
-7.5393,1.9632,3.7326,-0.0600,-0.0330,-0.0023,-8.0349,-5.2361,-0.2179,-0.0203,-0.0141,0.0107
-7.4675,1.8555,3.8978,-0.0420,-0.0478,0.0031,-7.8697,-5.3558,0.0024,-0.0027,-0.0171,0.0081
-7.4843,1.9321,4.0797,-0.0388,-0.0473,0.0081,-8.0589,-5.4660,-0.0192,0.0028,-0.0123,0.0284
-7.5058,1.9656,3.8523,-0.0440,0.0204,0.0017,-7.9559,-5.4277,-0.1221,-0.0322,0.0361,0.0264
-7.3095,1.9776,3.6823,-0.0540,-0.0185,-0.0141,-7.8195,-5.0470,-0.1556,-0.0334,0.0280,-0.0033
-7.4460,2.0183,3.7086,-0.0478,-0.0574,-0.0173,-7.9679,-5.1643,-0.2035,0.0003,0.0052,-0.0084
-7.4843,2.0016,3.7781,-0.0585,-0.0835,-0.0063,-7.8985,-5.2194,-0.0407,0.0105,-0.0152,-0.0069
-7.3598,2.0758,3.7302,-0.0529,-0.0621,-0.0372,-7.9751,-5.1547,-0.0766,0.0024,0.0063,-0.0265
-7.2927,2.1237,3.9696,-0.0580,-0.0753,-0.0548,-7.8434,-5.2265,0.0694,0.0193,-0.0195,-0.0466
-7.3263,2.1117,4.1061,-0.0005,-0.1090,-0.0473,-8.0086,-5.3223,0.2346,0.0781,-0.0113,-0.0189
-7.4053,2.0734,4.0079,-0.0546,-0.0482,-0.0683,-7.9320,-5.2505,0.0144,0.0180,0.0143,-0.0537
-7.2975,1.9585,3.7709,-0.0428,-0.1003,-0.0921,-7.7476,-5.1763,-0.1077,0.0468,0.0127,-0.0769
-7.4531,1.9872,4.1037,-0.0257,-0.0951,-0.0891,-7.9727,-5.4660,0.1652,0.0691,-0.0116,-0.0578
-7.5705,1.8387,4.0821,-0.0414,-0.0400,-0.0746,-7.9416,-5.5234,0.0215,0.0382,0.0209,-0.0582
-7.8482,1.6400,4.2258,-0.0349,-0.1059,-0.0153,-8.0062,-5.9328,-0.0287,0.0517,-0.0306,-0.0072
-7.3981,1.8914,3.8954,-0.0139,-0.1226,0.0312,-7.8099,-5.3630,-0.1125,0.0461,-0.0596,0.0402
-7.4292,1.8411,4.0342,-0.0658,-0.0570,0.0341,-7.9655,-5.4875,0.0718,-0.0079,-0.0777,0.0337
-7.2449,1.9321,4.0654,-0.0765,-0.0893,0.0536,-7.9176,-5.3941,0.2179,-0.0179,-0.0638,0.0376
-6.9216,2.2075,4.0845,-0.0420,-0.0837,0.0301,-7.7428,-4.9129,0.3065,0.0109,-0.0634,0.0394
-7.1611,2.2314,4.3694,-0.0749,-0.0646,0.0344,-7.9655,-5.2696,0.4334,-0.0144,-0.0408,0.0218
-6.9528,2.1811,4.0677,-0.1144,-0.0081,-0.0361,-7.8314,-4.9871,0.3065,-0.0564,-0.0107,-0.0418
-7.0653,2.1715,4.3766,-0.0918,-0.0557,-0.0298,-7.8889,-5.1834,0.5076,-0.0197,-0.0290,-0.0332
-7.2018,1.9848,4.4293,-0.1283,0.0336,-0.0585,-7.9033,-5.4516,0.5100,-0.0798,0.0308,-0.0630
-7.0701,1.9513,4.2282,-0.1244,0.0043,-0.0594,-7.8171,-5.3606,0.4717,-0.0913,0.0309,-0.0606
-7.3263,1.9752,4.2449,-0.1122,0.0308,-0.0449,-7.9416,-5.5450,0.2538,-0.0819,0.0209,-0.0382
-7.3789,1.9632,4.3024,-0.1486,0.0701,-0.0524,-7.9511,-5.5761,0.1867,-0.1395,0.0578,-0.0468
-7.2161,1.8244,4.2569,-0.1106,0.0053,-0.0189,-7.7979,-5.5043,0.3903,-0.1120,0.0193,-0.0091
-7.2712,1.9561,4.3120,-0.1168,0.0762,-0.0196,-7.9080,-5.4492,0.3208,-0.1304,0.0478,-0.0096
-7.0413,2.0375,4.0294,-0.1564,0.1286,-0.0434,-7.6998,-5.0733,0.2873,-0.1881,0.0817,-0.0402
-7.3646,1.8914,4.3407,-0.1286,0.1183,-0.0444,-7.8626,-5.6527,0.2969,-0.1587,0.0837,-0.0195
-7.3717,1.7957,4.1635,-0.1079,0.1073,-0.0268,-7.7812,-5.4803,0.2131,-0.1468,0.0742,0.0009
-7.4771,1.6735,4.0749,-0.1342,0.1246,-0.0350,-7.8913,-5.6623,-0.2059,-0.1597,0.0789,-0.0197
-7.4867,1.7430,3.8690,-0.1407,0.1376,-0.0376,-7.7740,-5.4109,-0.2227,-0.1787,0.0870,-0.0245
-7.6375,1.8100,3.9456,-0.1247,0.0829,-0.0017,-7.9607,-5.5929,-0.2322,-0.1388,0.0569,0.0089
-7.4364,1.7645,3.7062,-0.1580,0.0565,-0.0129,-7.7548,-5.4444,-0.3184,-0.1625,0.0337,-0.0172
-7.6854,1.6999,3.8595,-0.1451,0.0512,0.0028,-7.9416,-5.6407,-0.3903,-0.1264,0.0049,-0.0139
-7.5465,1.6712,3.7685,-0.1551,0.0465,-0.0015,-7.8745,-5.5785,-0.3903,-0.1380,0.0021,-0.0197
-7.6758,1.6688,3.7302,-0.1278,0.0004,0.0292,-7.8889,-5.6527,-0.4190,-0.1002,-0.0212,0.0065
-7.6184,1.7023,3.9983,-0.1406,-0.0216,0.0530,-7.9416,-5.6455,-0.1700,-0.0957,-0.0610,0.0191
-7.7069,1.7142,4.2042,-0.1492,0.0281,0.0502,-7.9751,-5.7724,-0.0287,-0.1159,-0.0474,0.0298
-7.3765,1.7837,3.8140,-0.0937,-0.0024,0.0240,-7.7979,-5.4372,-0.1413,-0.0785,-0.0001,0.0250
-7.4077,1.8076,4.1492,-0.0794,-0.0413,0.0338,-7.8697,-5.4540,0.0934,-0.0350,-0.0454,0.0344
-7.5896,1.7621,4.1348,-0.1049,0.0157,0.0261,-7.9823,-5.7150,0.0407,-0.0803,0.0009,0.0280
-7.4268,1.8052,3.9911,-0.0191,-0.0338,0.0151,-7.9033,-5.3965,-0.0694,-0.0049,-0.0017,0.0485
-7.5058,1.8771,3.9337,-0.0055,-0.0065,0.0257,-7.8578,-5.3941,-0.0144,0.0024,0.0145,0.0565
-7.2975,1.9920,3.8116,-0.0288,0.0108,-0.0246,-7.7716,-5.2002,-0.0910,-0.0127,0.0510,0.0100
-7.1730,2.0566,3.8259,0.0024,-0.0706,-0.0667,-7.7381,-4.9919,0.0311,0.0508,0.0385,-0.0345
-7.2880,2.0470,4.0558,0.0124,-0.0545,-0.1244,-7.8602,-5.3008,0.2586,0.0770,0.0614,-0.0613
-7.2856,1.9585,4.0582,0.0204,-0.0394,-0.1511,-7.8243,-5.3415,0.1460,0.0766,0.0985,-0.0882
-7.5393,1.7765,4.2449,0.0750,-0.0083,-0.1649,-7.9057,-5.5905,0.1460,0.1208,0.1462,-0.0678
-7.4915,1.7933,4.0294,0.0997,-0.0337,-0.1685,-7.9128,-5.6048,-0.0192,0.1359,0.1652,-0.0609
-7.5585,1.7765,3.9504,0.1486,-0.0554,-0.1520,-7.9392,-5.5593,-0.1628,0.1944,0.1709,-0.0268
-7.6303,1.7047,3.4764,0.1119,-0.0444,-0.1661,-7.7931,-5.3989,-0.5770,0.1504,0.1252,-0.0645
-7.6543,1.6735,3.1963,0.1140,-0.1134,-0.1567,-7.7261,-5.3391,-0.8236,0.1841,0.0707,-0.0659
-7.6112,1.5945,3.5841,-0.0073,-0.1379,-0.0998,-7.6782,-5.5115,-0.4334,0.1144,-0.0160,-0.0830
-7.7620,1.5850,3.8858,-0.0472,-0.1182,-0.0903,-7.8721,-5.7437,-0.3065,0.0689,-0.0109,-0.0841
-7.4508,1.6209,3.9648,-0.0350,-0.1446,-0.0573,-7.6830,-5.5474,-0.0646,0.0734,-0.0529,-0.0528
-7.3239,1.7693,4.1731,-0.0396,-0.1310,-0.0586,-7.7165,-5.4684,0.1053,0.0640,-0.0203,-0.0578
-7.3813,1.7286,4.2569,-0.0477,-0.1119,-0.0420,-7.8099,-5.6192,0.1867,0.0436,-0.0410,-0.0373
-7.5585,1.6209,4.1827,-0.0715,-0.0726,-0.0292,-7.8266,-5.7317,0.0503,0.0008,-0.0373,-0.0346
-7.5130,1.4820,4.0342,-0.1042,-0.0937,0.0052,-7.6854,-5.7724,-0.1030,-0.0108,-0.0629,-0.0132
-7.5298,1.5945,3.9792,-0.1613,-0.0013,-0.0220,-7.7333,-5.6695,-0.1724,-0.0911,-0.0397,-0.0516
-7.4795,1.5706,4.2689,-0.1627,-0.0630,0.0125,-7.7955,-5.8802,0.0646,-0.0870,-0.0962,-0.0175
-7.1084,1.6688,4.5418,-0.1112,-0.0328,0.0345,-7.5681,-5.5809,0.5602,-0.0801,-0.0508,0.0153
-7.1994,1.7621,4.7908,-0.1308,0.0308,0.0051,-7.8075,-5.7988,0.5770,-0.1075,-0.0051,0.0036
-7.2927,1.6712,4.2856,-0.0946,0.0450,-0.0044,-7.7189,-5.6814,0.3376,-0.1075,0.0167,0.0176
-7.1275,1.6281,3.9073,-0.1103,0.0975,-0.0473,-7.5082,-5.4660,-0.0503,-0.1303,0.0669,-0.0233
-7.2042,1.6065,3.9935,-0.1431,0.0424,-0.0506,-7.5609,-5.4372,-0.0742,-0.1295,0.0348,-0.0542
-7.3574,1.6568,4.0438,-0.0927,0.0649,-0.0612,-7.7165,-5.5569,0.0192,-0.0989,0.0905,-0.0365
-7.4268,1.5443,4.0079,-0.1144,0.0870,-0.0777,-7.6591,-5.7365,0.0024,-0.1123,0.0729,-0.0582
-7.3694,1.3216,3.7397,-0.1314,0.0641,-0.1180,-7.5274,-5.7054,-0.3184,-0.1062,0.0699,-0.1086
-7.5130,1.3503,3.9911,-0.1395,0.0370,-0.0871,-7.5346,-5.8562,-0.2729,-0.1019,0.0366,-0.0834
-7.7021,1.2809,4.1204,-0.1476,0.0301,-0.0366,-7.6495,-6.0094,-0.1341,-0.1150,0.0012,-0.0517
-7.7069,1.2402,3.8858,-0.1808,0.0922,-0.0681,-7.5705,-5.9855,-0.3591,-0.1703,0.0418,-0.0687
-7.5154,1.2210,4.0199,-0.1283,-0.0065,-0.0117,-7.5010,-5.9017,-0.1676,-0.0997,-0.0049,-0.0276
-7.7859,1.1277,4.0510,-0.1857,0.0667,-0.0077,-7.6734,-6.1699,-0.3232,-0.1639,0.0001,-0.0258
-7.6351,1.1708,3.8690,-0.1567,0.0438,-0.0004,-7.4915,-5.9687,-0.2801,-0.1533,-0.0055,-0.0213
-7.8386,1.1899,4.1851,-0.1075,-0.0229,0.0785,-7.7285,-6.1746,-0.2729,-0.0910,-0.0741,0.0671
-7.6710,1.2186,3.9433,-0.1776,0.0093,0.0994,-7.5441,-6.0549,-0.3903,-0.1600,-0.0813,0.0466
-7.4436,1.2474,3.9385,-0.1334,0.0140,0.0707,-7.3909,-5.7557,-0.1006,-0.1370,-0.0722,0.0461
-7.6638,1.3312,4.2018,-0.0941,0.0091,0.0943,-7.6543,-5.9951,-0.0934,-0.0949,-0.0386,0.0911
-7.6758,1.3264,3.8571,-0.1031,0.0997,0.0526,-7.6662,-5.8634,-0.3615,-0.1356,0.0445,0.0621
-7.4795,1.4006,3.9792,-0.0797,-0.0226,0.0753,-7.6207,-5.7317,-0.1149,-0.0715,-0.0260,0.0821
-7.5489,1.5371,4.0582,-0.0524,0.0135,0.0634,-7.6902,-5.6862,-0.1939,-0.0476,-0.0055,0.0722
-7.4531,1.5874,3.8810,-0.0337,0.0148,0.0242,-7.6591,-5.6431,-0.1149,-0.0304,0.0342,0.0506
-7.2903,1.6664,4.0031,-0.0132,-0.0907,0.0250,-7.6136,-5.5354,-0.1413,0.0369,-0.0428,0.0449
-7.4795,1.6616,3.8666,-0.0364,0.0270,-0.0484,-7.8075,-5.6383,-0.1772,-0.0165,0.0265,-0.0081
-7.3741,1.5610,3.8618,0.0180,-0.0476,-0.0536,-7.5513,-5.5091,-0.2873,0.0650,0.0203,-0.0171
-7.6351,1.5227,4.0127,0.0218,-0.0642,-0.0412,-7.7907,-5.7796,-0.1173,0.0833,0.0191,-0.0061
-7.6926,1.4461,4.0438,-0.0051,-0.0572,-0.0400,-7.8003,-5.8921,-0.1820,0.0666,-0.0043,-0.0088
-7.5944,1.3958,3.9433,0.0284,-0.1110,-0.0313,-7.5800,-5.7078,-0.4046,0.0959,-0.0032,0.0009
-7.7500,1.4892,4.1755,0.0612,-0.1314,0.0361,-7.9033,-5.9089,-0.0192,0.1252,-0.0369,0.0782
-7.6447,1.5634,4.1180,0.0584,-0.0420,0.0433,-7.8434,-5.7916,-0.0575,0.0634,0.0396,0.0975
-7.5082,1.7310,3.8858,0.0368,0.0021,0.0252,-7.7716,-5.5450,-0.1413,0.0305,0.0614,0.0791
-7.3813,1.7621,3.7302,0.0095,0.0103,-0.0077,-7.7596,-5.3343,-0.3328,0.0084,0.0655,0.0340
-7.2544,1.8866,3.8427,0.0085,-0.1320,0.0116,-7.7237,-5.1739,-0.1149,0.0642,-0.0193,0.0394
-7.2640,1.8603,3.7685,-0.0494,-0.0120,-0.0426,-7.7452,-5.2433,-0.0599,-0.0068,0.0099,-0.0207
-7.2592,1.7909,3.7948,-0.1010,-0.0488,-0.0747,-7.7812,-5.3056,-0.1460,-0.0258,-0.0104,-0.0719
-7.2472,1.8052,3.8355,-0.1077,-0.0454,-0.1151,-7.7620,-5.4540,0.0024,-0.0176,0.0064,-0.1102
-7.2688,1.6520,3.8235,-0.0774,-0.1270,-0.0938,-7.5202,-5.3558,0.0646,0.0238,-0.0025,-0.0951
-7.6734,1.4916,4.1180,-0.1524,-0.0470,-0.0747,-7.8554,-5.8921,0.0359,-0.0394,-0.0320,-0.1022
-7.6686,1.4820,4.2353,-0.1486,-0.0133,-0.0726,-7.8099,-5.9687,0.0359,-0.0709,-0.0083,-0.0869
-7.4771,1.5083,4.1037,-0.0773,0.0157,-0.0452,-7.6758,-5.7916,0.0311,-0.0516,0.0342,-0.0321
-7.5968,1.5371,4.1587,-0.1222,0.0012,-0.0232,-7.8099,-5.8849,0.0072,-0.0806,0.0012,-0.0248
-7.5800,1.4246,4.0366,-0.1420,0.0488,-0.0233,-7.6758,-5.9328,-0.1006,-0.1366,0.0161,-0.0277
-7.6423,1.4078,4.0917,-0.0847,0.0766,-0.0141,-7.8602,-5.9999,-0.0311,-0.1041,0.0258,0.0165
-7.7357,1.4150,4.0534,-0.0969,0.0624,0.0481,-7.7859,-5.9017,-0.2011,-0.1318,0.0211,0.0568
-7.5753,1.3527,3.9816,-0.1364,0.1486,0.0510,-7.6854,-5.8490,-0.1125,-0.1927,0.0622,0.0476
-7.6495,1.5419,3.4907,-0.1073,0.0877,0.0489,-7.7285,-5.5905,-0.5674,-0.1528,0.0300,0.0562
-7.3741,1.6616,3.7804,-0.1376,0.0697,0.0717,-7.6040,-5.4205,-0.1915,-0.1640,0.0055,0.0472
-7.4579,1.6400,3.6559,-0.2006,0.1115,0.0065,-7.6830,-5.5545,-0.3400,-0.2112,-0.0113,-0.0244
-7.4867,1.5467,3.9959,-0.1340,0.0280,0.0016,-7.6255,-5.6479,0.0239,-0.1460,0.0280,-0.0088
-7.7405,1.4198,4.0534,-0.1516,0.1138,0.0077,-7.9296,-5.9616,-0.2921,-0.1708,0.0084,0.0132
-7.7021,1.4772,3.4500,-0.1384,0.0807,0.0249,-7.6710,-5.6096,-0.8140,-0.1624,0.0088,0.0151
-7.7620,1.4365,3.4524,-0.1961,0.0310,0.0284,-7.6686,-5.6767,-0.6033,-0.1708,-0.0369,-0.0172
-7.7835,1.4317,3.5578,-0.2014,0.0398,-0.0064,-7.7764,-5.7461,-0.5962,-0.1724,-0.0382,-0.0421
-8.0206,1.2809,3.8738,-0.2160,0.0155,0.0566,-7.8817,-6.2273,-0.4405,-0.1845,-0.0702,0.0000
-7.9009,1.3479,3.7565,-0.1355,0.0052,0.0795,-7.7141,-5.8107,-0.3974,-0.1319,-0.0613,0.0516
-7.8314,1.3479,3.8211,-0.1607,0.0454,0.0890,-7.9320,-5.9735,-0.2945,-0.1624,-0.0629,0.0717
-7.4555,1.5754,3.6655,-0.1011,-0.0256,0.0725,-7.5681,-5.4923,-0.3687,-0.0986,-0.0473,0.0630
-7.5082,1.6209,3.6583,-0.0974,-0.0354,0.0418,-7.6279,-5.4277,-0.4621,-0.0737,-0.0374,0.0320
-7.6662,1.6424,3.9720,-0.1139,-0.0249,0.0564,-7.7883,-5.7078,-0.2035,-0.0818,-0.0492,0.0358
-7.6207,1.6975,3.9385,-0.0726,-0.0107,0.0376,-7.9440,-5.6527,-0.1796,-0.0477,-0.0207,0.0473
-7.5417,1.6305,3.6536,-0.0508,0.0228,-0.0207,-7.7812,-5.4324,-0.3448,-0.0486,0.0608,0.0045
-7.5681,1.7310,3.6081,0.0004,-0.0377,-0.0191,-7.7835,-5.5067,-0.3615,0.0266,0.0253,0.0191
-7.7907,1.6424,3.6919,-0.0394,0.0040,-0.0317,-7.8650,-5.7844,-0.4429,-0.0212,0.0509,-0.0029
-7.4771,1.7023,3.6392,0.0093,-0.0409,-0.0270,-7.7692,-5.4253,-0.3998,0.0376,0.0378,0.0055
-7.6614,1.5514,3.7493,-0.0188,-0.0238,-0.0485,-7.9033,-5.6814,-0.3759,0.0222,0.0444,-0.0081
-7.4603,1.7190,3.5578,0.0445,-0.0777,-0.0605,-7.6303,-5.2313,-0.5171,0.0866,0.0425,-0.0124
-7.7859,1.6568,3.9504,0.0067,-0.0702,-0.0573,-7.9392,-5.6431,-0.4501,0.0870,0.0172,-0.0153
-7.9871,1.4964,3.4285,-0.0124,-0.1140,-0.0289,-7.8386,-5.6551,-0.7398,0.0620,-0.0273,-0.0069
-7.5250,1.6185,3.6129,0.0129,-0.1240,-0.0216,-7.7357,-5.5354,-0.5148,0.0897,-0.0230,0.0041
-7.6423,1.6185,3.7326,-0.0234,-0.1239,-0.0218,-7.8865,-5.5833,-0.2227,0.0718,-0.0581,-0.0091
-7.6830,1.5395,3.7685,-0.0393,-0.0926,-0.0316,-7.8171,-5.6814,-0.3065,0.0441,-0.0381,-0.0160
-7.6112,1.7573,4.0414,0.0085,-0.0834,0.0076,-7.8314,-5.5881,-0.0838,0.0723,-0.0345,0.0365
-7.5441,1.6975,3.8020,-0.0152,-0.0485,-0.0256,-7.9080,-5.6455,-0.1796,0.0284,0.0201,0.0112
-7.2401,1.8340,3.8427,-0.0204,-0.0842,-0.0533,-7.5848,-5.2433,-0.1820,0.0457,-0.0116,-0.0229
-7.1850,1.7669,3.8978,-0.0274,-0.0829,-0.0687,-7.5824,-5.2816,0.0359,0.0229,0.0123,-0.0366
-7.4531,1.7645,4.0175,-0.1268,0.0528,-0.0809,-7.8913,-5.4899,-0.0934,-0.0954,0.0550,-0.0734
-7.4364,1.5826,3.8666,-0.0181,-0.0589,-0.1370,-7.7764,-5.5378,-0.1293,0.0645,0.0625,-0.0953
-7.3694,1.7023,3.8595,0.0021,-0.1334,-0.0981,-7.6734,-5.5043,-0.1676,0.1007,0.0105,-0.0742
-7.5322,1.6017,4.1037,-0.0504,-0.0822,-0.1005,-7.7237,-5.7748,0.0263,0.0502,0.0145,-0.0854
-7.7117,1.3886,3.7996,-0.0786,0.0116,-0.1230,-7.7428,-5.8706,-0.3831,-0.0207,0.0608,-0.0958
-7.6064,1.2881,3.9672,-0.0642,-0.0729,-0.0468,-7.6399,-5.8371,-0.1245,0.0019,0.0097,-0.0392
-7.6279,1.4222,3.9528,-0.1319,-0.0041,-0.0340,-7.6806,-5.8179,-0.2729,-0.0818,-0.0081,-0.0421
-7.5082,1.4054,4.1707,-0.1347,0.0109,-0.0244,-7.6830,-5.9065,0.0096,-0.1021,0.0052,-0.0374
-7.5609,1.3479,4.0438,-0.0715,0.0101,-0.0041,-7.7237,-5.8730,-0.2035,-0.0669,0.0151,0.0149
-7.5729,1.3791,3.8211,-0.1021,0.0253,0.0456,-7.5992,-5.6982,-0.3184,-0.1090,-0.0056,0.0426
-7.7213,1.3862,3.8642,-0.1596,0.0982,0.0380,-7.6471,-5.7724,-0.3926,-0.1703,-0.0229,0.0301
-7.5346,1.3958,3.7948,-0.1561,0.0321,0.0508,-7.5968,-5.6910,-0.3543,-0.1557,-0.0482,0.0326
-7.5729,1.5538,3.9528,-0.1304,0.0433,0.0641,-7.7979,-5.6671,-0.1197,-0.1403,-0.0137,0.0470
-7.3909,1.7454,3.9528,-0.1763,0.0193,0.0833,-7.5800,-5.3750,-0.1365,-0.1498,-0.0556,0.0324
-7.4723,1.6065,3.7661,-0.1867,0.0438,0.0089,-7.6998,-5.5330,-0.3208,-0.1705,-0.0332,-0.0161
-7.1539,1.8771,4.0893,-0.1142,-0.0385,-0.0095,-7.6303,-5.3510,0.2442,-0.0494,-0.0473,-0.0209
-6.6583,1.9752,4.2784,-0.0382,-0.0389,-0.1931,-7.4340,-5.0278,0.4573,0.0713,0.0934,-0.1599
-7.6016,1.4964,3.8307,-0.0589,0.0385,-0.2531,-7.6830,-5.6982,-0.2993,0.0008,0.1729,-0.1961
-8.0589,0.9673,3.7996,-0.0890,0.0382,-0.2180,-7.6782,-6.2824,-0.7470,-0.0317,0.1057,-0.1715
-7.9583,0.8212,3.5674,-0.1426,0.0446,-0.1288,-7.4508,-6.3087,-0.7709,-0.1015,0.0685,-0.1204
-7.9823,0.9337,3.7852,-0.1383,-0.0044,-0.0404,-7.5800,-6.2991,-0.6895,-0.0906,0.0145,-0.0544
-8.2121,0.8811,3.7757,-0.1643,0.0342,-0.0100,-7.6854,-6.4763,-0.8045,-0.1268,-0.0286,-0.0232
-7.8338,0.9768,3.7996,-0.1367,0.0139,0.0452,-7.4723,-6.2201,-0.5387,-0.1228,-0.0067,0.0262
-7.6950,1.1372,3.8547,-0.0634,-0.0269,0.0683,-7.4795,-6.0190,-0.3783,-0.0477,-0.0661,0.0670
-7.6734,1.2498,4.0582,-0.0785,0.0807,0.0645,-7.7045,-5.9089,-0.4741,-0.0565,-0.0617,0.0723
-7.5729,1.3384,4.0893,-0.0249,-0.0225,0.0350,-7.5657,-5.8945,-0.1460,-0.0049,0.0064,0.0550
-7.3765,1.4006,3.9097,0.0071,-0.0044,0.0071,-7.5130,-5.6767,-0.1317,-0.0020,0.0518,0.0568
-7.4220,1.4485,3.7541,0.0342,-0.0382,-0.0306,-7.5417,-5.6790,-0.3304,0.0424,0.0699,0.0301
-7.4675,1.2929,3.4716,0.0081,0.0076,-0.0853,-7.5226,-5.5569,-0.6632,0.0048,0.0961,-0.0316
-7.6184,1.3288,3.8595,0.0192,-0.0356,-0.1082,-7.6638,-5.7844,-0.3136,0.0659,0.0829,-0.0461
-7.6854,1.2258,3.7685,0.0234,-0.0927,-0.0989,-7.5657,-5.8347,-0.5459,0.1001,0.0454,-0.0472
-7.9248,1.1444,3.7278,0.0213,0.1565,-0.1728,-7.7620,-6.2584,-0.5578,0.0221,0.1589,-0.0357
-8.1810,1.0271,3.6009,0.0344,-0.0388,-0.0562,-7.6567,-6.1770,-0.9385,0.0606,0.0702,-0.0164
-7.9248,1.0080,3.6943,-0.0016,-0.0749,0.0199,-7.6567,-6.1196,-0.8045,0.0509,-0.0330,0.0365
-7.7213,1.1923,3.6990,-0.0320,-0.0564,0.0330,-7.5585,-5.9256,-0.4836,0.0224,-0.0592,0.0412
-7.7572,1.3312,3.8954,-0.0815,-0.0413,0.0518,-7.7165,-5.9448,-0.2370,-0.0264,-0.0336,0.0385
-7.6567,1.2522,3.6559,-0.0597,-0.0430,0.0216,-7.6399,-5.9472,-0.4453,-0.0270,-0.0226,0.0289
-7.5417,1.3886,3.9049,0.0131,-0.0926,0.0370,-7.6016,-5.6934,-0.3879,0.0593,-0.0260,0.0593
-7.6423,1.3671,4.0342,-0.0642,-0.0453,0.0394,-7.7596,-5.9233,-0.0407,-0.0185,-0.0220,0.0397
-7.5944,1.4892,3.8211,-0.0489,-0.0580,0.0063,-7.4747,-5.6216,-0.3903,-0.0136,-0.0280,0.0218
-7.3717,1.5874,3.6488,-0.0061,-0.0609,-0.0057,-7.6447,-5.4660,-0.3567,0.0357,-0.0037,0.0097
-7.5106,1.4772,3.9480,-0.0670,-0.0516,-0.0298,-7.5776,-5.7245,-0.0766,-0.0048,-0.0429,-0.0221
-7.6040,1.3072,3.8259,-0.0843,-0.0382,-0.0580,-7.6710,-5.8227,-0.3400,-0.0310,0.0136,-0.0505
-7.4460,1.3431,3.7924,-0.1112,0.0270,-0.0705,-7.6136,-5.7581,-0.2346,-0.0749,0.0064,-0.0609
-7.8386,1.1995,4.0486,-0.1058,-0.0460,0.0028,-7.6926,-6.1028,-0.1796,-0.0596,-0.0024,-0.0079
-7.8626,1.1325,4.0366,-0.1486,0.0477,-0.0043,-7.8075,-6.3039,-0.3400,-0.1416,-0.0246,-0.0032
-7.6950,1.2474,3.7302,-0.1187,0.0513,0.0320,-7.6088,-5.8993,-0.3304,-0.1391,0.0096,0.0308
-7.5657,1.3096,3.9528,-0.1380,0.0869,0.0477,-7.5920,-5.7868,-0.3352,-0.1664,0.0325,0.0175
-7.7285,1.2186,3.7350,-0.1479,0.0453,0.0068,-7.7021,-6.0262,-0.5938,-0.1539,0.0068,-0.0005
-7.5896,1.4820,3.8235,-0.1134,0.0564,0.0389,-7.5968,-5.7844,-0.2897,-0.1243,0.0156,0.0448
-7.4939,1.4676,3.6536,-0.1288,0.0218,0.0060,-7.5250,-5.6120,-0.3543,-0.1243,-0.0049,-0.0067
-7.7285,1.5083,3.7613,-0.1252,0.0029,-0.0136,-7.7812,-5.7604,-0.3687,-0.0749,-0.0290,-0.0132
-7.5872,1.2546,3.2441,-0.1673,-0.0175,-0.0552,-7.4316,-5.5498,-0.8667,-0.1095,-0.0096,-0.0945
-7.9033,1.0750,3.9816,-0.2281,-0.0445,-0.0476,-7.6950,-6.2034,-0.5339,-0.1270,-0.0769,-0.0951
-8.0230,0.9625,4.0486,-0.2014,0.0156,-0.0099,-7.6782,-6.3734,-0.4214,-0.1428,-0.0754,-0.0465
-7.9559,1.0511,4.0893,-0.1535,-0.0215,0.0891,-7.6854,-6.2800,-0.4070,-0.1188,-0.0911,0.0426
-7.9464,1.1540,3.8235,-0.1514,0.0616,0.0823,-7.6255,-6.0597,-0.5578,-0.1529,-0.0360,0.0552
-7.5848,1.2402,3.8355,-0.1163,-0.0004,0.0810,-7.5489,-5.8586,-0.4788,-0.1062,-0.0698,0.0701
-7.4436,1.2833,3.6583,-0.0685,-0.0300,0.0695,-7.5082,-5.6407,-0.4884,-0.0569,-0.0477,0.0662
-7.6950,1.3288,3.8188,-0.0865,0.0016,0.0317,-7.6088,-5.8179,-0.4429,-0.0735,-0.0364,0.0334
-7.6447,1.3934,3.8906,-0.0934,0.0366,0.0032,-7.6926,-5.8897,-0.3567,-0.0747,0.0116,0.0140
-7.6016,1.4317,3.9025,-0.0273,-0.0257,0.0199,-7.6806,-5.7604,-0.2179,-0.0093,0.0117,0.0449
-7.5417,1.4389,3.7637,-0.0466,-0.0193,-0.0242,-7.6614,-5.7341,-0.3519,-0.0167,0.0230,-0.0044
-7.5346,1.3982,3.7900,-0.0027,-0.0257,-0.0550,-7.5753,-5.6551,-0.3759,0.0305,0.0433,-0.0125
-7.6327,1.3767,3.7134,0.0080,-0.0384,-0.0741,-7.5824,-5.7197,-0.4118,0.0572,0.0433,-0.0268
-7.5968,1.3192,3.8906,0.0163,-0.1015,-0.0865,-7.6399,-5.8897,-0.3663,0.0941,0.0107,-0.0393
-8.3414,1.0199,3.3040,-0.0237,-0.0456,-0.0404,-7.8362,-6.1483,-1.3312,0.0486,-0.0077,-0.0140
-7.8817,1.2258,3.7014,-0.1184,-0.0878,0.0115,-7.7668,-5.9496,-0.5171,-0.0127,-0.0851,-0.0217
-7.4388,1.3815,4.2880,-0.0686,-0.1387,0.0075,-7.6184,-5.9807,0.0862,0.0278,-0.0630,-0.0079
-7.6184,1.3791,4.2784,-0.0057,-0.1288,0.0356,-7.6303,-6.0549,0.0455,0.0658,-0.0577,0.0436
-7.4627,1.2785,3.7876,-0.0213,-0.1081,0.0409,-7.3813,-5.6431,-0.3903,0.0398,-0.0572,0.0440
-7.4771,1.4868,3.8954,-0.0811,-0.0569,0.0077,-7.6112,-5.7341,-0.1556,-0.0225,-0.0557,0.0009
-7.2472,1.4413,3.9863,-0.0500,-0.0733,-0.0281,-7.5465,-5.6312,-0.0239,0.0215,-0.0284,-0.0143
-7.3885,1.5179,4.0318,-0.0822,-0.0770,-0.0176,-7.5944,-5.7269,-0.1460,0.0041,-0.0594,-0.0222
-7.4651,1.4246,4.1899,-0.0646,-0.0751,-0.0369,-7.7452,-5.9304,0.1030,0.0177,-0.0400,-0.0345
-7.5226,1.4341,4.2162,-0.0588,-0.0561,-0.0493,-7.6303,-5.8897,-0.0527,0.0035,0.0065,-0.0336
-7.2903,1.3695,4.1444,-0.0301,-0.0553,-0.0488,-7.3694,-5.7389,-0.0359,0.0161,0.0088,-0.0250
-7.2616,1.4844,4.3646,-0.0557,-0.0464,-0.0183,-7.4603,-5.8083,0.2394,-0.0011,0.0013,-0.0100
-7.5561,1.3264,4.0510,-0.1136,0.0081,-0.0336,-7.5992,-5.9879,-0.1389,-0.0777,-0.0020,-0.0320
-7.3909,1.3431,4.1851,-0.0879,-0.0370,-0.0159,-7.4364,-5.8395,0.1341,-0.0461,-0.0242,-0.0147
-7.4555,1.2546,4.1539,-0.0830,0.0161,-0.0007,-7.5824,-6.0071,0.0096,-0.0781,0.0207,0.0100
-7.7189,1.2043,3.8882,-0.1359,0.1088,-0.0430,-7.6112,-6.0190,-0.3041,-0.1560,0.0741,-0.0244
-7.5537,1.2737,4.0199,-0.0898,-0.0020,0.0156,-7.5202,-5.9209,-0.3424,-0.0902,0.0264,0.0216
-7.8027,1.2043,4.1683,-0.1529,0.0979,0.0433,-7.7428,-6.1507,-0.2346,-0.1759,0.0270,0.0322
-7.3215,1.3958,4.1563,-0.1227,0.0490,0.0520,-7.5489,-5.8203,0.0934,-0.1435,0.0047,0.0425
-7.5681,1.3551,4.0414,-0.1310,0.0986,0.0368,-7.5944,-5.9400,-0.1628,-0.1581,-0.0123,0.0473
-7.3358,1.4102,3.9025,-0.1573,0.0843,0.0168,-7.4867,-5.5857,-0.1580,-0.1924,0.0173,0.0040
-7.4484,1.4293,4.2832,-0.1264,0.0977,-0.0189,-7.6136,-5.9520,0.0551,-0.1559,0.0509,-0.0064
-7.6160,1.3743,3.5530,-0.1010,0.0781,-0.0160,-7.5609,-5.6862,-0.6273,-0.1222,0.0625,-0.0017
-7.5585,1.2809,3.6751,-0.1446,-0.0057,0.0104,-7.4316,-5.7126,-0.5028,-0.1039,-0.0159,-0.0211
-7.8841,1.2977,3.8211,-0.2029,0.0613,-0.0410,-7.7548,-6.0885,-0.7063,-0.1539,-0.0155,-0.0715
-7.7883,1.1947,3.7996,-0.1844,0.0049,-0.0281,-7.7333,-6.0813,-0.4908,-0.1343,-0.0097,-0.0581
-7.6160,1.2019,4.1276,-0.1110,-0.0426,0.0208,-7.6399,-6.1483,-0.2466,-0.0677,-0.0370,0.0072
-7.8386,1.0080,3.8211,-0.1374,0.0298,0.0080,-7.5968,-6.1746,-0.6584,-0.1220,-0.0113,-0.0039
-7.7668,1.0367,4.0031,-0.0758,-0.0057,0.0404,-7.6686,-6.1746,-0.4501,-0.0617,-0.0188,0.0410
-7.8147,1.1779,4.1827,-0.0358,0.0097,0.0835,-7.8985,-6.2728,-0.0718,-0.0425,0.0156,0.1011
-7.9727,1.2043,3.8235,0.0169,0.0132,0.1202,-7.8889,-6.1411,-0.5890,-0.0141,-0.0037,0.1571
-7.4986,1.2282,3.4285,0.0252,-0.1202,0.1287,-7.4268,-5.5354,-0.4621,0.0209,-0.0488,0.1430
-7.5776,1.4916,3.8595,-0.0099,-0.0469,0.1204,-7.7285,-5.6503,-0.4573,0.0079,-0.0803,0.1328
-7.5154,1.6999,4.0151,-0.0524,-0.0127,0.0927,-7.8793,-5.6096,-0.1006,-0.0626,-0.0604,0.0977
-7.3765,1.7047,4.2880,0.0473,-0.0429,0.0746,-7.8147,-5.6024,0.2825,0.0453,0.0100,0.1278
-7.4962,1.8387,4.1922,0.1102,0.0269,0.0572,-7.9559,-5.6336,0.0335,0.0666,0.0931,0.1483
-7.6136,1.7526,3.4644,0.1310,-0.0064,0.0506,-7.8745,-5.3846,-0.6201,0.0859,0.0943,0.1382
-7.4268,1.8914,3.5386,0.1025,-0.0472,0.0444,-7.7189,-5.1356,-0.4980,0.0943,0.0500,0.1140
-7.6375,1.7286,3.4046,0.0003,-0.0667,0.0445,-7.8362,-5.3989,-0.5626,0.0270,0.0020,0.0657
-8.0517,1.6328,3.7421,-0.0123,-0.0887,0.0811,-8.1403,-5.7844,-0.6033,0.0253,-0.0521,0.0931
-7.7309,1.6328,3.6871,0.0560,-0.1605,0.1374,-7.8243,-5.4875,-0.5555,0.0857,-0.0835,0.1535
-7.3454,2.1907,3.6559,-0.0033,-0.1732,0.1512,-8.0397,-4.9680,-0.3639,0.0702,-0.1564,0.1371
-7.2449,2.3894,3.8451,-0.0645,-0.2332,0.1659,-7.9679,-4.8483,0.1772,0.0097,-0.2372,0.1095
-7.2808,2.4995,4.9344,-0.0416,-0.0469,0.0682,-8.4084,-5.3247,0.9313,-0.0072,-0.0308,0.0763
-6.9216,2.6169,4.6974,0.2057,-0.0618,0.0705,-8.1690,-4.9704,0.9505,0.1573,0.1019,0.1907
-6.9432,2.6815,4.1372,0.2210,0.0493,-0.0141,-8.1116,-4.6471,0.4693,0.1419,0.1787,0.1442
-7.5130,2.1500,3.5841,0.1889,0.0116,0.0285,-8.0014,-5.0518,-0.4094,0.1200,0.1179,0.1585
-7.4603,2.5570,3.6368,0.0589,-0.0305,0.0666,-8.2863,-4.8339,-0.1915,0.0516,0.0482,0.1146
-7.0916,2.7557,3.6583,0.1236,-0.1115,0.0524,-8.2696,-4.4436,0.0215,0.1362,0.0216,0.1246
-7.1132,2.9784,3.6583,0.0381,-0.0521,0.0232,-8.1954,-4.2449,0.0790,0.0548,0.0079,0.0682
-7.0294,3.0143,3.6727,0.0550,-0.1452,-0.0117,-8.3127,-4.3167,-0.0670,0.1270,-0.0414,0.0268
-6.7038,2.9568,3.6416,0.0225,-0.1579,-0.0697,-7.9799,-4.0342,0.1676,0.1340,-0.0372,-0.0445
-7.3861,2.7390,4.2353,-0.0357,-0.1219,-0.0334,-8.3893,-4.8698,0.3160,0.0738,-0.0509,-0.0316
-7.1371,2.7749,3.8595,-0.1099,-0.0092,-0.0794,-8.3079,-4.6160,0.2155,-0.0417,-0.0108,-0.0689
-6.8474,2.9113,4.0318,-0.0211,-0.1307,-0.0616,-8.0086,-4.3910,0.4238,0.0715,-0.0358,-0.0450
-7.0342,2.8683,4.3455,-0.0392,-0.1001,-0.0731,-8.3725,-4.7908,0.6919,0.0630,0.0217,-0.0566
-7.1419,2.7701,3.7804,-0.0675,-0.0418,-0.0829,-8.3007,-4.5562,0.0263,0.0044,0.0188,-0.0739
-6.8881,2.8946,3.7397,-0.0915,-0.0913,-0.0969,-8.0421,-4.2976,0.2514,0.0040,-0.0039,-0.1019
-7.0390,2.7246,3.8475,-0.1981,-0.0163,-0.1407,-8.2145,-4.5969,0.0335,-0.0934,-0.0171,-0.1688
-7.1395,2.5307,4.1731,-0.1290,-0.0392,-0.1344,-8.1259,-4.9153,0.3089,-0.0266,0.0197,-0.1376
-7.1156,2.5450,4.2497,-0.1031,-0.0096,-0.1564,-8.0278,-4.9033,0.5100,-0.0264,0.0325,-0.1362
-7.4627,2.3798,4.5562,-0.0942,0.0314,-0.1023,-8.3222,-5.4516,0.5052,-0.0440,0.0681,-0.0773
-7.5130,2.2793,4.2737,-0.0605,0.0573,-0.0747,-8.2241,-5.3367,0.0862,-0.0565,0.0890,-0.0341
-7.2257,2.3511,3.8762,-0.0445,0.0604,-0.0596,-8.0732,-4.9656,-0.0120,-0.0593,0.0636,-0.0079
-7.3310,2.4134,4.0510,-0.0389,0.0380,-0.0072,-8.1714,-5.0733,0.1508,-0.0477,0.0436,0.0270
-7.4675,2.3774,3.9073,-0.1581,0.1311,-0.0410,-8.2959,-5.1523,-0.0287,-0.1647,0.0755,-0.0334
-7.2449,2.3320,4.0031,-0.0953,0.0690,0.0080,-7.9942,-5.0853,0.1293,-0.1319,0.0542,0.0221
-7.5010,2.2721,3.9480,-0.0729,0.0296,0.0506,-8.1954,-5.1499,-0.2035,-0.0847,-0.0077,0.0670
-7.1132,2.3774,3.4477,-0.1565,0.0738,0.0397,-7.9895,-4.6615,-0.2969,-0.1680,-0.0099,0.0155
-7.5848,2.4588,3.8834,-0.1657,0.0025,0.0661,-8.2241,-5.0350,-0.1987,-0.1430,-0.0727,0.0238
-7.4675,2.3008,4.2162,-0.1332,0.0552,0.0746,-8.3127,-5.2840,0.2107,-0.1338,-0.0048,0.0580
-7.1730,2.4397,3.9073,-0.1116,0.0159,0.0713,-8.0445,-4.8052,0.0742,-0.1252,-0.0201,0.0602
-7.2329,2.6480,4.0390,-0.1356,0.0426,0.0648,-8.2648,-4.9512,0.2179,-0.1290,-0.0338,0.0486
-7.3430,2.5833,3.9576,-0.1316,0.0244,0.0039,-8.2432,-4.8363,0.0168,-0.0877,-0.0301,-0.0096
-7.2951,2.3152,3.7996,-0.1966,-0.0171,0.0085,-8.0014,-4.9297,0.0622,-0.1434,-0.0653,-0.0421
-7.3813,2.4157,4.0797,-0.1625,-0.0157,0.0381,-8.1977,-5.1044,-0.0479,-0.1191,-0.0602,-0.0052
-7.3933,2.4157,4.0606,-0.2090,0.0342,0.0389,-8.1547,-5.1523,0.1341,-0.1751,-0.0582,-0.0076
-7.4939,2.2889,4.0414,-0.1944,0.0600,0.0420,-8.2576,-5.1882,0.0263,-0.1715,-0.0406,0.0001
-7.2688,2.3080,4.1252,-0.1647,0.0265,0.0630,-8.1690,-5.0925,0.2418,-0.1553,-0.0329,0.0326
-7.1802,2.4972,3.9504,-0.1021,0.0261,0.0747,-8.0110,-4.8267,0.1006,-0.1071,-0.0131,0.0605
-7.3933,2.4373,4.0366,-0.1444,0.0542,0.0057,-8.1690,-5.0733,0.0335,-0.1172,-0.0192,0.0012
-7.1228,2.4588,3.5985,-0.1290,-0.0161,0.0105,-7.9392,-4.6352,-0.1580,-0.0995,-0.0301,-0.0140
-7.1922,2.4852,3.9217,-0.1533,-0.0164,-0.0245,-8.0445,-4.8291,0.3136,-0.0978,-0.0292,-0.0501
-7.6591,2.4038,4.2689,-0.0873,0.0461,-0.0285,-8.3989,-5.3463,0.1125,-0.0803,0.0358,-0.0063
-7.3813,2.2577,3.7733,-0.0456,0.0246,-0.0064,-8.0732,-5.0159,-0.2466,-0.0505,0.0620,0.0156
-7.2185,2.3224,3.9025,-0.0270,-0.0099,-0.0209,-8.0972,-4.9775,0.0192,-0.0033,0.0549,0.0124
-7.1874,2.3679,3.7589,-0.0597,-0.0125,-0.0445,-8.1116,-4.9392,0.0359,-0.0144,0.0277,-0.0285
-7.3191,2.4373,3.9648,-0.0538,-0.0352,-0.0617,-8.1786,-4.9440,-0.0766,0.0063,0.0381,-0.0440
-7.3622,2.4373,4.1204,-0.0354,-0.0310,-0.0691,-8.2361,-5.1787,0.2442,0.0129,0.0424,-0.0324
-7.4005,2.3415,4.0342,-0.0204,0.0232,-0.0791,-8.2241,-5.2170,0.2993,0.0093,0.0818,-0.0232
-7.4675,2.3224,4.0342,0.0197,0.0117,-0.0581,-8.3007,-5.2936,0.1125,0.0297,0.1158,0.0036
-7.4388,2.3008,3.7517,0.0177,-0.0039,-0.0671,-8.2720,-5.0709,-0.1724,0.0276,0.1223,0.0031
-7.2808,2.3511,3.4836,0.0505,-0.0518,-0.0742,-7.9033,-4.6998,-0.3232,0.0653,0.0894,-0.0085
-7.2544,2.4134,3.8211,0.0593,-0.0831,-0.0689,-8.0756,-4.8770,-0.1389,0.1092,0.0707,-0.0123
-7.3933,2.5522,3.8475,0.0234,-0.0348,-0.1218,-8.0469,-4.8483,-0.1700,0.0542,0.0865,-0.0565
-7.4268,2.4038,3.4836,0.0360,-0.0556,-0.1503,-7.9368,-4.8961,-0.3663,0.0771,0.0767,-0.0801
-7.3646,2.3296,3.7876,0.0809,-0.1102,-0.1525,-8.0134,-4.9536,-0.1341,0.1559,0.0750,-0.0729
-7.6279,2.2913,3.8882,0.0376,-0.0522,-0.1176,-8.2815,-5.2194,0.0168,0.1135,0.0847,-0.0540
-7.3694,2.3248,3.5075,0.0430,-0.1119,-0.1432,-8.0804,-4.7501,-0.4932,0.1348,0.0687,-0.0895
-7.2281,2.2960,3.6966,0.0408,-0.1059,-0.1609,-7.9033,-4.8890,-0.2251,0.1404,0.0224,-0.1033
-7.5369,2.3176,3.9887,-0.0111,-0.0890,-0.1438,-8.2720,-5.2265,0.0814,0.1049,0.0396,-0.1043
-7.3598,2.0901,3.9576,-0.0321,-0.0610,-0.1663,-7.9799,-5.2194,-0.1269,0.0598,0.0738,-0.1342
-7.2688,2.1691,4.0151,0.0140,-0.1055,-0.1739,-8.0278,-5.1978,0.0239,0.1115,0.0576,-0.1146
-7.6184,2.1045,4.1755,-0.0072,-0.0628,-0.1351,-8.1690,-5.5785,0.0958,0.0837,0.0629,-0.0927
-7.6878,1.7190,3.8044,-0.0140,-0.0081,-0.1030,-7.9942,-5.6144,-0.3663,0.0418,0.0785,-0.0601
-7.4915,2.0518,3.9744,-0.0161,-0.0526,-0.0863,-7.9416,-5.3247,-0.0359,0.0313,0.0484,-0.0461
-7.7620,1.8196,4.0390,-0.0007,-0.0282,-0.0151,-8.1547,-5.6455,-0.1867,0.0165,0.0320,0.0212
-7.4555,1.9154,3.9648,-0.0586,0.0222,-0.0167,-7.9703,-5.4995,-0.0718,-0.0558,0.0601,0.0081
-7.3215,2.1715,4.1994,-0.0028,-0.0386,0.0167,-8.0469,-5.1978,0.1149,-0.0001,0.0092,0.0557
-7.5369,2.2051,4.1156,-0.0301,0.0521,0.0357,-8.1786,-5.4468,-0.0048,-0.0428,0.0492,0.0686
-7.0916,2.1691,3.5482,-0.0264,0.0105,-0.0024,-7.7452,-4.8435,-0.2131,-0.0449,0.0489,0.0305
-7.4555,2.2242,3.9576,-0.0152,-0.0185,0.0128,-8.0014,-5.1236,0.0766,-0.0165,0.0191,0.0462
-7.4915,2.2601,4.0893,-0.0477,0.0849,-0.0016,-8.1834,-5.3343,0.0694,-0.0653,0.0823,0.0422
-7.2065,2.2051,3.6272,-0.0461,0.0212,0.0063,-7.8530,-4.9129,-0.1844,-0.0565,0.0606,0.0233
-7.4436,2.3104,3.7421,-0.0873,0.0115,-0.0081,-8.0732,-4.9895,-0.1604,-0.0810,0.0262,-0.0028
-7.3143,2.1787,3.7613,-0.1057,-0.0031,-0.0329,-7.9368,-5.0853,-0.2873,-0.0889,0.0360,-0.0262
-7.5322,2.1524,4.1084,-0.0886,0.0350,-0.0336,-8.2145,-5.2553,0.0407,-0.0702,0.0496,-0.0249
-7.3765,2.1859,3.8475,-0.0510,0.0701,-0.0208,-7.9607,-5.0494,-0.1484,-0.0742,0.1022,0.0077
-7.4436,2.2290,3.8259,-0.0610,0.0382,-0.0216,-8.0732,-5.1427,-0.1484,-0.0774,0.0838,0.0063
-7.7045,2.0830,3.4429,-0.1234,0.0823,-0.0474,-8.0900,-5.2146,-0.6249,-0.1339,0.0390,-0.0265
-7.5561,2.1715,3.6512,-0.0882,0.0314,-0.0205,-7.9224,-5.0901,-0.4262,-0.0881,0.0233,-0.0061
-7.6662,2.1165,3.7661,-0.1151,0.0472,0.0084,-8.1834,-5.2696,-0.3208,-0.1022,0.0135,0.0101
-7.5992,2.1811,3.4213,-0.2149,0.1019,-0.0428,-8.2241,-5.2098,-0.6033,-0.2086,0.0554,-0.0725
-7.4675,2.0734,3.4309,-0.1324,-0.0185,-0.0268,-7.8769,-5.0853,-0.4932,-0.0937,-0.0242,-0.0394
-7.6734,2.2865,3.9456,-0.1632,0.0581,-0.0385,-8.3749,-5.2577,-0.1460,-0.1270,0.0201,-0.0453
-7.5202,2.1045,3.3710,-0.1811,0.0849,-0.0975,-7.9416,-5.1332,-0.6081,-0.1446,0.0442,-0.1043
-7.4771,1.8627,3.1364,-0.1997,0.0020,-0.0893,-7.7596,-5.0230,-0.9481,-0.1359,-0.0056,-0.1240
-8.1187,1.6616,3.5147,-0.2718,-0.0356,-0.0365,-8.2073,-5.8275,-0.8835,-0.1607,-0.0913,-0.1147
-7.8841,1.5371,3.5243,-0.3271,-0.0071,-0.0240,-7.8745,-5.8083,-0.7230,-0.2426,-0.1404,-0.1162
-8.0014,1.4844,4.0127,-0.2422,-0.0473,0.0817,-8.0996,-6.0118,-0.4860,-0.1811,-0.1685,0.0125
-7.9727,1.5443,3.9121,-0.1978,0.0084,0.1735,-7.9918,-5.8969,-0.4812,-0.1859,-0.1170,0.1092
-7.5537,1.7382,3.7350,-0.2690,0.0374,0.1773,-7.8171,-5.4612,-0.3615,-0.2577,-0.1358,0.0767
-7.1563,2.0518,3.6488,-0.2217,0.0032,0.1272,-7.7428,-4.9344,-0.2418,-0.2093,-0.1123,0.0540
-7.0222,2.1380,3.7996,-0.1732,-0.0083,0.0238,-7.7452,-4.8770,0.0383,-0.1364,-0.0488,-0.0241
-7.4101,1.9201,3.6847,-0.1259,-0.0678,-0.0159,-7.8721,-5.2098,-0.3136,-0.0674,-0.0502,-0.0414
-7.7812,1.7789,3.9720,-0.1274,0.0199,-0.0252,-8.1211,-5.6814,-0.3160,-0.0718,-0.0268,-0.0269
-7.6998,1.8364,3.8786,-0.1195,0.0336,-0.0113,-7.9703,-5.6240,-0.3591,-0.0917,0.0226,-0.0164
-7.6686,1.8100,3.9696,-0.0341,0.0032,0.0181,-8.0182,-5.6168,-0.2298,-0.0261,0.0176,0.0454
-7.5944,1.9249,3.8690,-0.0246,0.0189,0.0131,-7.9057,-5.2601,-0.2514,-0.0217,0.0280,0.0457
-7.5705,1.9489,3.8595,-0.0141,0.0053,-0.0112,-7.9871,-5.3989,-0.3950,-0.0104,0.0528,0.0322
-7.4962,1.9345,3.7565,0.0284,-0.0244,-0.0081,-7.8769,-5.2840,-0.3328,0.0312,0.0472,0.0492
-7.5537,2.0686,4.0270,-0.0080,-0.0076,-0.0176,-8.1355,-5.3726,-0.2442,0.0009,0.0544,0.0354
-7.5705,1.9297,3.5003,0.0406,0.0057,-0.0521,-7.9847,-5.2577,-0.5842,0.0361,0.0785,0.0242
-7.5250,1.8723,3.4644,0.0922,-0.0731,-0.0216,-7.8458,-5.1523,-0.6297,0.1054,0.0786,0.0473
-7.7261,2.0758,3.8523,-0.0165,-0.0356,-0.0270,-8.2001,-5.4061,-0.3519,0.0301,0.0296,0.0105
-7.6854,1.9656,3.4309,0.0378,-0.0333,-0.0264,-8.0565,-5.1834,-0.6632,0.0574,0.0544,0.0258
-7.5465,2.0111,3.7110,0.0072,-0.0866,-0.0334,-8.0134,-5.2601,-0.3591,0.0671,0.0208,0.0029
-7.6064,2.0542,3.6607,0.0131,-0.0839,-0.0274,-8.0445,-5.1930,-0.4094,0.0721,0.0143,0.0171
-7.6567,2.0925,3.6512,-0.0075,-0.0476,-0.0317,-8.0828,-5.2864,-0.3879,0.0438,0.0310,-0.0011
-7.4220,2.1045,3.6631,-0.0360,-0.0873,-0.0600,-7.8817,-5.0518,-0.3926,0.0376,0.0012,-0.0365
-7.4747,2.2194,3.5554,-0.0268,-0.1514,-0.0456,-7.7716,-4.9943,-0.3926,0.0657,-0.0296,-0.0348
-7.6543,2.1284,3.9600,-0.0361,-0.0525,-0.0794,-8.2217,-5.3271,-0.4788,0.0518,0.0025,-0.0477
-7.5513,1.9848,3.6631,-0.0157,-0.0806,-0.0705,-7.9464,-5.1619,-0.4549,0.0482,0.0011,-0.0318
-7.5657,2.0877,3.9265,-0.0028,-0.0965,-0.0296,-8.0445,-5.2648,-0.3831,0.0737,-0.0192,0.0047
-7.5058,1.9968,3.8810,-0.0886,-0.0266,-0.0513,-8.0924,-5.3151,-0.2610,-0.0176,-0.0023,-0.0512
-7.1587,2.0470,3.6272,-0.0929,-0.0305,-0.0806,-7.7309,-5.1164,-0.2011,-0.0245,-0.0057,-0.0767
-7.5178,2.0159,4.1204,-0.0498,-0.0378,-0.0703,-8.0613,-5.4013,0.0527,0.0167,0.0225,-0.0484
-7.7237,1.9680,3.9983,-0.0853,0.0003,-0.0789,-8.1116,-5.4684,-0.2274,-0.0386,0.0414,-0.0518
-7.2903,2.0039,3.5578,-0.0308,-0.0863,-0.0581,-7.8386,-5.0159,-0.4022,0.0278,-0.0228,-0.0382
-7.5944,1.9178,4.0103,-0.1335,0.0020,-0.0774,-8.1379,-5.5115,-0.1197,-0.0649,-0.0033,-0.0794
-7.5872,1.8004,4.0917,-0.0934,0.0386,-0.0667,-8.0062,-5.6120,-0.1844,-0.0584,0.0474,-0.0438
-7.4723,1.8675,3.8188,-0.0140,-0.0249,-0.0592,-7.9128,-5.4971,-0.3017,0.0080,0.0518,-0.0218
-7.5226,1.8387,3.7900,-0.0425,-0.0167,-0.0179,-7.8650,-5.3223,-0.3448,-0.0149,0.0139,0.0099
-7.4723,1.7717,3.7445,-0.0898,-0.0039,-0.0270,-7.8243,-5.3630,-0.3783,-0.0565,0.0276,-0.0203
-7.4196,1.8004,3.9025,-0.1015,0.0136,-0.0444,-7.9080,-5.4899,-0.1844,-0.0617,0.0040,-0.0353
-7.6136,1.8220,4.0773,-0.0438,-0.0282,-0.0037,-8.0278,-5.6383,-0.1820,-0.0111,0.0156,0.0230
-7.6112,1.7549,3.8140,-0.0613,0.0496,-0.0165,-7.8889,-5.5402,-0.3424,-0.0628,0.0592,0.0108
-7.6998,1.8842,3.6464,-0.0261,-0.0381,0.0060,-7.8745,-5.2577,-0.4836,-0.0096,-0.0049,0.0294
-7.7788,1.7741,4.0486,-0.0570,0.0119,0.0139,-8.2073,-5.7892,-0.3112,-0.0449,0.0044,0.0492
-7.5106,1.8196,3.6296,-0.0265,-0.0051,0.0659,-7.8793,-5.3223,-0.3807,-0.0381,-0.0100,0.0878
-7.7572,1.8794,3.8235,-0.0541,0.0278,0.0569,-8.0828,-5.4827,-0.3112,-0.0598,-0.0025,0.0786
-7.5226,2.0063,3.4500,-0.0454,-0.0362,0.0713,-7.8386,-4.9321,-0.6369,-0.0424,-0.0345,0.0821
-7.5082,2.1452,3.3615,-0.1575,0.0159,0.0489,-7.9559,-5.0829,-0.5507,-0.1299,-0.0636,0.0155
-7.2329,2.0279,3.8044,-0.1731,-0.0542,0.0171,-7.8410,-5.0733,-0.1939,-0.1077,-0.0822,-0.0262
-7.3885,2.1859,4.3000,-0.1459,-0.0180,0.0159,-8.1594,-5.3941,0.2514,-0.0858,-0.0414,-0.0101
-7.4124,2.1811,4.0247,-0.0833,-0.0088,-0.0121,-8.0972,-5.3319,0.1460,-0.0493,0.0173,-0.0057
-7.5106,1.9704,4.0558,-0.0369,-0.0220,-0.0107,-8.0948,-5.4348,-0.1197,-0.0147,0.0020,0.0195
-7.1036,2.0901,3.6152,-0.0678,-0.0874,-0.0262,-7.7859,-4.8961,-0.2729,-0.0004,0.0068,-0.0329
-7.3741,2.0782,3.8044,-0.0638,-0.0458,-0.0970,-8.0397,-5.3103,-0.1628,-0.0027,-0.0013,-0.0706
-7.6447,1.9106,4.0606,-0.0500,-0.0406,-0.0777,-8.0517,-5.5641,-0.1341,0.0085,-0.0044,-0.0432
-7.5824,1.8771,3.9672,-0.0183,-0.0269,-0.0474,-8.0517,-5.5138,-0.2227,0.0069,0.0173,0.0040
-7.4077,1.8986,3.8116,0.0309,-0.0185,-0.0309,-7.7931,-5.2409,-0.1125,0.0481,0.0365,0.0232
-7.5800,2.0183,3.8834,-0.0183,-0.0185,-0.0578,-8.0589,-5.2648,-0.3831,0.0250,0.0250,-0.0075
-7.6830,2.0183,3.5602,-0.0091,-0.0053,-0.0939,-8.0828,-5.2553,-0.5483,0.0241,0.0494,-0.0424
-7.7045,1.8028,3.8595,0.0256,-0.0917,-0.0268,-7.9128,-5.3558,-0.4597,0.0858,-0.0107,0.0087
-7.5130,1.7382,3.6344,-0.0785,0.0069,-0.0309,-7.7835,-5.4157,-0.3591,-0.0433,0.0300,-0.0258
-7.4340,1.9345,4.0055,-0.0065,-0.0821,-0.0015,-7.9200,-5.3439,-0.1341,0.0432,-0.0071,0.0305
-7.5441,2.0925,3.9552,-0.0353,-0.0248,0.0360,-8.1235,-5.2577,-0.0742,-0.0191,0.0209,0.0469
-7.4388,2.0830,3.7924,-0.0727,0.0171,0.0402,-8.0230,-5.1427,-0.2466,-0.0541,-0.0236,0.0556
-7.3406,2.1141,3.8044,-0.1343,0.0043,-0.0292,-7.9727,-5.0901,-0.1460,-0.0866,0.0218,-0.0490
-7.3574,2.2386,3.5650,-0.0826,-0.0509,-0.0364,-7.8889,-4.9009,-0.3232,-0.0205,-0.0537,-0.0426
-7.3885,2.0710,4.2353,-0.1308,-0.0072,-0.0546,-8.1594,-5.3415,0.1915,-0.0642,-0.0147,-0.0641
-6.9911,1.9728,3.9169,-0.0730,-0.0446,-0.0628,-7.6207,-5.0374,0.1006,-0.0136,-0.0115,-0.0637
-7.3813,2.1332,4.0797,-0.1396,0.0012,-0.1162,-8.0828,-5.2840,0.0910,-0.0478,0.0226,-0.1179
-7.7333,1.9106,3.7421,-0.1298,0.0121,-0.1439,-8.2241,-5.6048,-0.4357,-0.0659,0.0477,-0.1202
-7.5178,1.7980,3.7158,-0.0654,-0.1342,-0.0501,-7.8195,-5.4348,-0.3998,0.0164,-0.0707,-0.0532
-7.7764,1.6640,4.0390,-0.1146,-0.0596,-0.0216,-7.9727,-5.7102,-0.2227,-0.0373,-0.0333,-0.0328
-7.6399,1.7526,3.9983,-0.1523,-0.0071,0.0016,-7.9895,-5.6360,-0.1173,-0.1001,-0.0103,-0.0253
-7.5753,1.8531,4.2617,-0.0882,-0.0177,0.0216,-8.0565,-5.6360,0.1006,-0.0644,-0.0160,0.0268
-7.3047,1.9082,4.2258,-0.0237,-0.0430,0.0484,-7.9296,-5.5043,0.1939,-0.0053,0.0060,0.0609
-7.1970,1.9369,4.1444,0.0269,-0.0237,0.0060,-7.7572,-5.3175,0.2322,0.0348,0.0364,0.0600
-7.2760,1.8842,3.7278,-0.0233,0.0020,-0.0556,-7.7620,-5.1834,-0.2921,-0.0053,0.0344,-0.0092
-7.2401,1.9417,3.6272,-0.0866,-0.0332,-0.0460,-7.7644,-5.0709,-0.2107,-0.0344,0.0087,-0.0440
-7.4819,1.9130,3.9744,-0.1435,0.0366,-0.0634,-7.9823,-5.4109,-0.0958,-0.1085,0.0560,-0.0805
-7.6184,1.8124,3.5410,-0.1693,0.0717,-0.1009,-7.9895,-5.3941,-0.5483,-0.1464,0.0717,-0.1162
-7.2640,1.7095,3.7421,-0.1011,-0.1234,-0.0456,-7.5944,-5.3558,-0.3017,-0.0165,-0.0814,-0.0633
-7.6710,1.6017,4.2401,-0.1186,-0.0995,-0.0001,-7.8626,-5.9161,-0.0455,-0.0248,-0.0909,-0.0250
-7.5776,1.7693,3.9241,-0.1335,-0.0047,-0.0003,-7.9990,-5.4684,-0.2801,-0.0971,-0.0215,-0.0163
-7.3837,2.0039,3.6583,-0.2372,0.0044,0.0129,-7.8985,-5.1164,-0.2729,-0.1777,-0.0911,-0.0585
-7.1275,1.6041,4.6735,-0.0545,-0.1296,0.0304,-7.7309,-5.5905,0.6321,0.0195,-0.0486,0.0156
-7.5106,1.6233,4.6543,-0.0967,0.0737,-0.0402,-7.8817,-5.9807,0.2107,-0.0855,0.0394,-0.0161
-7.5034,1.6161,3.8906,-0.0414,0.0497,-0.0163,-7.7788,-5.5929,-0.3735,-0.0501,0.0498,0.0217
-7.6710,1.6544,3.8451,-0.0620,-0.0232,0.0566,-7.9511,-5.5713,-0.4286,-0.0400,-0.0578,0.0601
-7.2999,1.6735,3.9002,-0.0893,-0.0148,0.0529,-7.6734,-5.4492,-0.0431,-0.0666,-0.0294,0.0433
-7.3574,1.6712,4.3072,-0.1030,0.0153,0.0440,-7.8195,-5.6551,0.0742,-0.0986,0.0104,0.0384
-7.2209,2.0087,3.8283,-0.0532,-0.0264,0.0895,-7.7428,-5.1092,-0.0886,-0.0528,-0.0432,0.0863
-7.2161,1.9321,4.0318,-0.0809,-0.0252,0.0502,-7.8650,-5.3223,0.1484,-0.0562,-0.0349,0.0368
-7.1228,1.8866,4.1252,-0.0358,-0.0181,0.0084,-7.7189,-5.2337,0.0383,-0.0173,0.0056,0.0293
-7.4220,1.9944,4.1396,-0.0646,-0.0119,-0.0041,-7.9583,-5.4229,-0.1580,-0.0490,-0.0167,0.0163
-7.5130,1.8028,4.0606,-0.1067,-0.0803,-0.0156,-7.9775,-5.5952,-0.2179,-0.0298,-0.0425,-0.0238
-7.3143,1.8316,4.1132,-0.0220,-0.0520,0.0001,-7.7452,-5.3822,-0.1484,0.0173,-0.0230,0.0220
-7.4867,1.7526,4.0055,-0.0165,-0.0669,0.0290,-7.8314,-5.4540,-0.1772,-0.0085,-0.0402,0.0594
-7.4436,1.9561,4.1922,-0.0838,-0.0613,0.0649,-8.0397,-5.5162,0.0838,-0.0381,-0.0811,0.0659
-7.2425,2.0446,3.9744,-0.0169,-0.0352,0.0426,-7.7859,-5.1140,-0.0646,-0.0108,-0.0140,0.0694
-7.1395,2.0423,3.9935,0.0033,-0.0458,0.0438,-7.8913,-5.0446,0.0527,0.0187,-0.0215,0.0703
-7.1036,1.9896,3.8116,-0.0773,0.0462,0.0084,-7.9799,-5.1667,0.1053,-0.0785,0.0077,0.0336
-7.0964,2.0782,3.7900,-0.0642,-0.1258,0.0185,-7.6614,-4.9392,-0.1149,-0.0229,-0.1254,0.0304
-7.0318,2.1308,3.7565,-0.0893,-0.0738,0.0003,-7.7237,-4.8219,-0.1149,-0.0173,-0.0665,-0.0089
-7.0701,2.0806,3.8451,-0.2172,0.0103,-0.0537,-7.7907,-4.9799,-0.0599,-0.1270,-0.0413,-0.1055
-7.1706,1.9632,4.2186,-0.2228,-0.0644,-0.0838,-7.8937,-5.2840,0.2251,-0.1138,-0.0778,-0.1366
-7.4124,1.8531,4.7094,-0.1743,-0.0514,-0.0698,-8.0828,-5.7150,0.6273,-0.0745,-0.0484,-0.0995
-7.6040,1.7597,4.4580,-0.1042,0.0272,-0.0341,-8.1068,-5.8059,0.1772,-0.0765,0.0101,-0.0252
-7.3430,1.7382,4.3479,-0.1017,0.0321,0.0121,-7.9607,-5.6910,0.2346,-0.0983,0.0241,0.0185
-7.3837,1.8196,4.3910,-0.0654,0.0232,0.0464,-7.9200,-5.7485,0.2035,-0.0815,-0.0013,0.0654
-7.4891,1.8842,3.9911,-0.0261,0.0640,0.0838,-7.9942,-5.4420,-0.1700,-0.0871,0.0248,0.1171
-7.4962,1.9992,4.1827,-0.0440,0.0561,0.1046,-8.0134,-5.4013,0.0670,-0.1005,0.0326,0.1274
-7.2784,2.0614,3.9863,-0.0468,0.0773,0.1061,-8.0373,-5.2553,-0.0263,-0.1132,0.0290,0.1400
-7.0629,2.2027,3.7469,-0.0151,0.0629,0.1098,-7.7213,-4.7597,-0.2873,-0.0833,0.0489,0.1424
-7.1371,2.2290,3.9217,-0.1078,0.0297,0.0970,-7.9799,-4.9177,0.0622,-0.1207,-0.0321,0.0882
-6.9839,2.2170,3.4716,-0.1272,0.0292,0.0376,-7.8386,-4.6376,-0.2490,-0.1254,-0.0209,0.0215
-7.1515,2.3918,4.0342,-0.1875,0.0320,0.0180,-7.9416,-4.9273,-0.0192,-0.1563,-0.0472,-0.0180
-7.3023,1.9824,3.5889,-0.2447,0.0597,-0.0329,-7.6591,-5.2265,-0.3256,-0.2148,-0.0608,-0.0878
-7.1371,2.0279,4.0725,-0.2364,-0.1268,-0.0296,-7.8099,-5.2840,-0.0335,-0.1656,-0.2162,-0.0706
-7.0150,2.0949,3.8211,-0.2360,0.0493,-0.0332,-7.9272,-4.8914,-0.0096,-0.1621,-0.1615,-0.0925
-7.1443,2.1261,4.0893,-0.2579,0.0040,-0.0385,-7.9679,-5.0566,-0.1149,-0.1435,-0.0937,-0.1196
-7.2640,2.0111,4.0127,-0.2535,-0.0035,-0.1022,-7.7668,-5.1906,-0.2035,-0.1502,-0.0534,-0.1711
-7.2951,1.8148,4.3311,-0.2622,-0.0350,-0.0953,-7.7620,-5.4995,0.1891,-0.1386,-0.0786,-0.1700
-7.3885,1.6879,4.3024,-0.2218,-0.0462,-0.1034,-7.8697,-5.6671,-0.0096,-0.0999,-0.0870,-0.1506
-7.3957,1.6257,4.0534,-0.1867,-0.0137,-0.1167,-7.8650,-5.6168,-0.1077,-0.0923,-0.0320,-0.1520
-7.2664,1.6424,4.3096,-0.1901,-0.0293,-0.0870,-7.7069,-5.7533,0.1724,-0.0926,-0.0368,-0.1282
-7.3239,1.5012,4.6040,-0.1392,-0.0430,-0.0673,-7.7692,-5.8778,0.2825,-0.0490,-0.0091,-0.0875
-7.4436,1.5706,4.5370,-0.0653,0.0161,-0.0783,-7.7859,-5.8634,0.1987,-0.0199,0.0550,-0.0542
-7.2425,1.4940,4.4532,-0.0452,-0.0144,-0.0865,-7.6447,-5.7652,0.2274,0.0113,0.0586,-0.0436
-7.5393,1.4341,4.3598,-0.0152,-0.0083,-0.0769,-7.7285,-5.9233,-0.0407,0.0226,0.0690,-0.0209
-7.4292,1.3958,4.2329,-0.0228,-0.0117,-0.0746,-7.7931,-5.8778,0.0694,0.0123,0.0727,-0.0340
-7.6112,1.3934,4.0965,-0.0128,-0.0273,-0.0662,-7.5753,-5.8682,-0.4357,0.0273,0.0164,-0.0208
-7.5106,1.3192,4.0318,-0.0059,-0.0601,-0.0286,-7.6758,-5.8275,-0.2921,0.0306,0.0113,0.0027
-7.3670,1.4150,4.1156,-0.0372,-0.0877,0.0035,-7.6447,-5.7533,-0.2514,0.0095,-0.0256,0.0209
-7.3454,1.4485,4.1252,-0.0314,-0.0644,0.0005,-7.5968,-5.7724,0.0718,-0.0037,-0.0184,0.0289
-7.4508,1.5323,4.4053,-0.0334,-0.0191,0.0128,-7.8314,-5.9185,0.1341,0.0035,0.0055,0.0330
-7.3430,1.5921,4.2737,-0.0638,-0.0008,0.0033,-7.6950,-5.7748,0.0287,-0.0385,0.0384,0.0140
-7.1946,1.5395,4.0749,-0.0208,-0.0188,0.0065,-7.6040,-5.4731,-0.0383,0.0069,-0.0003,0.0316
-7.3622,1.5802,4.3024,-0.0469,-0.0520,0.0112,-7.6351,-5.5138,0.0742,-0.0100,-0.0541,0.0325
-7.2808,1.6328,4.0965,-0.0524,0.0121,-0.0309,-7.7093,-5.5617,0.0718,-0.0232,0.0061,-0.0043
-7.2137,1.6113,4.1348,-0.0573,0.0137,-0.0312,-7.5776,-5.4971,-0.0072,-0.0429,0.0212,-0.0112
-7.4220,1.5419,4.2186,-0.0818,0.0336,-0.0228,-7.7979,-5.7796,0.0192,-0.0564,0.0281,-0.0111
-7.2927,1.4748,4.3120,-0.1383,0.0326,-0.0297,-7.6112,-5.7221,0.2610,-0.1078,0.0257,-0.0356
-7.3095,1.5682,4.1659,-0.0725,-0.0125,-0.0121,-7.6495,-5.6886,-0.0766,-0.0597,-0.0061,0.0023
-7.5274,1.5012,4.1276,-0.1018,0.0472,-0.0017,-7.8195,-5.7772,-0.2011,-0.1003,0.0237,0.0097
-7.3646,1.5562,4.1276,-0.1484,0.0293,-0.0005,-7.6974,-5.7461,-0.1269,-0.1328,0.0212,-0.0128
-7.2472,1.5730,4.1707,-0.1244,0.0277,-0.0153,-7.5657,-5.5761,0.0311,-0.1104,-0.0125,-0.0063
-7.4029,1.4748,4.2282,-0.1478,0.0830,-0.0545,-7.8195,-5.7796,0.1269,-0.1434,0.0233,-0.0440
-7.6423,1.3360,4.1755,-0.0983,0.0414,-0.0168,-7.7835,-5.9999,-0.1724,-0.1022,0.0496,-0.0019
-7.5489,1.3384,3.8690,-0.0701,0.0508,-0.0088,-7.6160,-5.6934,-0.3448,-0.0843,0.0334,0.0151
-7.6830,1.3934,3.8642,-0.1335,0.0596,0.0048,-7.7381,-5.7844,-0.4046,-0.1351,-0.0001,-0.0016
-7.7692,1.3312,3.9648,-0.1416,0.0719,0.0188,-7.8314,-5.9209,-0.4764,-0.1483,0.0096,0.0125
-7.5729,1.4413,4.0270,-0.1045,-0.0234,0.0596,-7.7452,-5.8347,-0.2993,-0.0986,-0.0374,0.0508
-7.5896,1.4461,3.9217,-0.1447,0.0556,0.0584,-7.7955,-5.7126,-0.2801,-0.1448,-0.0187,0.0384
-7.4436,1.5060,3.8834,-0.1222,0.0025,0.0373,-7.6207,-5.6000,-0.2945,-0.1123,-0.0322,0.0211
-7.3622,1.5754,4.0462,-0.1118,-0.0333,0.0436,-7.6806,-5.6934,-0.0168,-0.0822,-0.0626,0.0304
-7.4867,1.5419,4.1539,-0.0935,0.0064,0.0297,-7.8410,-5.7988,-0.0694,-0.0648,-0.0490,0.0325
-7.4627,1.4940,4.0318,-0.0673,0.0133,0.0151,-7.8650,-5.7844,-0.0383,-0.0526,0.0047,0.0330
-7.6184,1.5993,3.8978,-0.0738,0.0043,-0.0045,-7.8697,-5.6814,-0.2921,-0.0468,0.0031,0.0165
-7.4053,1.6664,3.8523,-0.0172,-0.0690,0.0076,-7.6471,-5.3941,-0.3567,0.0226,-0.0273,0.0245
-7.5034,1.6233,4.0103,-0.0638,-0.0566,-0.0048,-7.7859,-5.5665,-0.2011,0.0035,-0.0477,0.0047
-7.5992,1.5754,3.9576,-0.0667,-0.0260,-0.0043,-7.8123,-5.7078,-0.2897,-0.0148,-0.0293,0.0055
-7.3550,1.5945,4.0893,-0.0171,-0.0597,0.0164,-7.7045,-5.5689,-0.1532,0.0270,-0.0302,0.0269
-7.4292,1.6209,4.1635,-0.0636,-0.0674,0.0139,-7.9080,-5.7078,0.0311,-0.0144,-0.0224,0.0184
-7.3598,1.6855,4.2258,-0.0468,-0.0641,-0.0151,-7.8554,-5.5043,0.0886,0.0057,-0.0004,0.0072
-7.0820,1.7573,3.9097,-0.0172,-0.0472,-0.0497,-7.5753,-5.3175,-0.0599,0.0244,0.0309,-0.0245
-7.3717,1.7573,4.0055,-0.0290,-0.0633,-0.0550,-7.8578,-5.4995,-0.1317,0.0634,-0.0244,-0.0277
-7.2856,1.6783,3.6655,-0.0719,-0.0749,-0.0849,-7.6614,-5.2792,-0.4142,0.0167,0.0045,-0.0835
-7.2089,1.7047,3.9959,-0.0911,-0.0861,-0.1182,-7.5537,-5.3151,-0.0694,0.0081,-0.0056,-0.1176
-7.5920,1.5467,4.4365,-0.1148,-0.0077,-0.1300,-7.9057,-6.0334,0.2251,-0.0224,0.0381,-0.1208
-7.4172,1.3934,4.3048,-0.0737,-0.0562,-0.1066,-7.6447,-5.8442,0.0766,-0.0013,0.0274,-0.0834
-7.4268,1.3360,4.0893,-0.0280,-0.0316,-0.0902,-7.5872,-5.8371,-0.2346,0.0205,0.0452,-0.0536
-7.5274,1.3384,3.9696,-0.0690,-0.0140,-0.0702,-7.5705,-5.8059,-0.3017,-0.0225,0.0246,-0.0446
-7.6279,1.3240,4.1132,-0.1195,0.0043,-0.0349,-7.7285,-5.9592,-0.1508,-0.0673,0.0127,-0.0421
-7.3957,1.3982,4.1779,-0.1176,-0.0175,-0.0212,-7.5393,-5.8562,-0.1867,-0.0745,-0.0109,-0.0346
-7.4316,1.3527,4.2569,-0.0683,-0.0060,-0.0065,-7.5992,-5.8371,-0.1053,-0.0364,-0.0245,-0.0008
-7.5417,1.2953,4.0582,-0.0879,-0.0048,0.0084,-7.7021,-5.8275,-0.1987,-0.0608,-0.0224,0.0113
-7.3885,1.3719,4.0390,-0.1071,0.0205,-0.0024,-7.5920,-5.7341,-0.1532,-0.0879,0.0064,-0.0003
-7.3933,1.4054,4.2449,-0.0883,-0.0123,0.0052,-7.6638,-5.8466,0.1149,-0.0650,-0.0060,0.0091
-7.3861,1.4772,4.2713,-0.0925,0.0306,-0.0063,-7.6782,-5.8490,-0.0263,-0.0726,0.0217,0.0039
-7.4579,1.4102,4.1515,-0.0977,-0.0033,-0.0281,-7.7189,-5.8107,-0.0575,-0.0536,0.0240,-0.0306
-7.5657,1.3767,4.3934,-0.0618,-0.0072,-0.0181,-7.8123,-6.0932,0.0766,-0.0336,-0.0027,0.0033
-7.5561,1.2953,4.0247,-0.0497,0.0131,-0.0147,-7.7716,-5.8778,-0.3017,-0.0326,0.0113,0.0192
-7.3215,1.3934,4.0031,-0.0625,-0.0063,-0.0052,-7.5944,-5.6000,-0.1700,-0.0472,0.0189,0.0060
-7.3574,1.4533,4.1779,-0.0644,-0.0657,0.0000,-7.6447,-5.7796,0.0359,-0.0140,-0.0260,0.0061
-7.4651,1.4653,4.2784,-0.0650,-0.0045,-0.0245,-7.7309,-5.8490,-0.0215,-0.0280,0.0270,-0.0069
-7.3694,1.3623,4.1061,-0.0436,-0.0348,-0.0012,-7.5202,-5.7916,-0.0311,-0.0068,-0.0089,0.0242
-7.4460,1.4700,4.0845,-0.0513,-0.0155,-0.0041,-7.7261,-5.8538,-0.2131,-0.0207,-0.0044,0.0164
-7.4771,1.4293,4.0917,-0.0682,-0.0248,0.0057,-7.7165,-5.8634,-0.0910,-0.0350,-0.0108,0.0179
-7.3717,1.4581,4.1156,-0.0448,-0.0241,0.0096,-7.6830,-5.7437,-0.0120,-0.0200,-0.0172,0.0308
-7.4508,1.4413,4.3144,-0.0959,0.0047,0.0211,-7.7285,-5.9113,0.0431,-0.0689,-0.0025,0.0222
-7.1682,1.4557,3.9552,-0.0353,-0.0193,0.0105,-7.5034,-5.5929,-0.0144,-0.0377,0.0180,0.0428
-7.2736,1.6568,4.2952,-0.0433,0.0120,-0.0189,-7.6926,-5.6551,0.1484,-0.0301,0.0344,0.0136
-7.5082,1.5993,3.9959,-0.0321,-0.0171,-0.0072,-7.7165,-5.6551,-0.2658,-0.0047,0.0290,0.0233
-7.3765,1.5203,4.1922,-0.0565,-0.0486,-0.0027,-7.7093,-5.6216,-0.2035,-0.0104,-0.0232,0.0048
-7.4053,1.4844,4.0630,-0.0953,-0.0095,-0.0203,-7.6806,-5.7078,-0.3280,-0.0553,-0.0107,-0.0179
-7.2520,1.5514,4.2353,-0.0717,-0.0159,-0.0169,-7.6495,-5.6958,0.2107,-0.0441,0.0421,-0.0063
-7.4364,1.4916,4.2425,-0.0316,-0.0209,-0.0067,-7.7835,-5.7604,-0.0958,-0.0068,0.0250,0.0165
-7.4675,1.4317,4.0701,-0.0450,-0.0128,0.0000,-7.7644,-5.8323,-0.0551,-0.0306,-0.0020,0.0329
-7.4651,1.5586,3.8714,-0.0867,0.0290,0.0061,-7.6399,-5.5761,-0.2418,-0.0802,-0.0069,0.0265
-7.3023,1.5826,4.1731,-0.1053,-0.0068,0.0139,-7.6591,-5.6144,0.0431,-0.0794,0.0077,0.0076
-7.3694,1.6448,4.1875,-0.0645,0.0060,0.0009,-7.8219,-5.5593,0.0311,-0.0454,0.0274,0.0145
-7.3215,1.6640,3.9409,-0.0624,-0.0043,-0.0207,-7.6638,-5.5282,-0.1365,-0.0462,0.0450,-0.0079
-7.3765,1.6209,4.0031,-0.0938,0.0095,-0.0501,-7.7596,-5.5545,-0.1006,-0.0646,0.0238,-0.0461
-7.5465,1.4653,4.1707,-0.0898,0.0055,-0.0424,-7.8386,-5.8897,-0.0622,-0.0577,0.0234,-0.0248
-7.4795,1.5083,4.0797,-0.0578,0.0159,-0.0185,-7.6279,-5.7652,-0.2586,-0.0437,0.0304,0.0036
-7.4747,1.4868,3.8642,-0.0706,0.0056,-0.0232,-7.7740,-5.6790,-0.3424,-0.0462,0.0105,-0.0015
-7.4962,1.5060,3.8906,-0.0778,-0.0454,-0.0037,-7.6375,-5.5402,-0.2682,-0.0380,-0.0293,0.0015
-7.5082,1.4940,4.1061,-0.0731,-0.0268,-0.0027,-7.7548,-5.7293,-0.1269,-0.0334,-0.0003,0.0036
-7.5346,1.4676,4.1970,-0.0442,-0.0181,0.0079,-7.7764,-5.8371,-0.1245,-0.0209,-0.0075,0.0345
-7.4460,1.5323,3.8044,-0.0739,0.0035,0.0011,-7.7237,-5.4971,-0.2586,-0.0566,-0.0072,0.0131
-7.5513,1.5443,4.0151,-0.0891,-0.0037,0.0079,-7.7740,-5.7126,-0.2729,-0.0550,-0.0179,0.0097
-7.3741,1.5993,3.8978,-0.0709,-0.0422,0.0099,-7.6255,-5.5450,-0.2274,-0.0281,-0.0201,0.0124
-7.3789,1.6209,4.1037,-0.0937,-0.0340,0.0040,-7.7788,-5.5522,-0.1891,-0.0509,-0.0155,-0.0032
-7.4005,1.6448,4.3431,-0.0929,-0.0184,0.0032,-7.8458,-5.7533,0.0311,-0.0474,-0.0043,0.0028
-7.2999,1.6257,3.9600,-0.0564,-0.0735,0.0031,-7.6519,-5.4779,-0.1772,-0.0079,-0.0240,0.0071
-7.3765,1.5658,4.1372,-0.1034,-0.0376,-0.0120,-7.6926,-5.6503,-0.0024,-0.0362,-0.0366,-0.0201
-7.4675,1.6161,4.1180,-0.0925,-0.0163,-0.0258,-7.8027,-5.5881,-0.0479,-0.0494,-0.0159,-0.0285
-7.3885,1.6017,4.2617,-0.0625,-0.0398,-0.0133,-7.7093,-5.6671,0.0982,-0.0111,-0.0209,0.0004
-7.5465,1.5490,4.1731,-0.0809,-0.0063,-0.0272,-7.7620,-5.8107,-0.0862,-0.0376,0.0228,-0.0172
-7.3813,1.5514,4.1132,-0.0806,0.0007,-0.0200,-7.7381,-5.5617,-0.0910,-0.0518,0.0099,-0.0165
-7.3430,1.5227,4.1899,-0.0469,-0.0328,-0.0032,-7.6136,-5.6503,-0.0862,-0.0191,-0.0076,0.0205
-7.5202,1.5658,4.1970,-0.0533,-0.0238,0.0108,-7.7596,-5.7557,-0.0311,-0.0308,0.0105,0.0238
-7.5274,1.5562,4.1156,-0.0629,-0.0057,0.0201,-7.8626,-5.6934,-0.1508,-0.0554,0.0029,0.0309
-7.2927,1.7095,3.9480,-0.0957,-0.0043,0.0165,-7.6614,-5.4133,-0.2155,-0.0795,0.0043,0.0129
-7.2808,1.6520,4.2186,-0.0767,0.0052,-0.0092,-7.7476,-5.5426,0.0431,-0.0610,0.0115,-0.0068
-7.4939,1.5778,4.0199,-0.0775,0.0233,-0.0326,-7.7812,-5.6240,-0.3208,-0.0626,0.0317,-0.0123
-7.4939,1.5514,4.0342,-0.0754,0.0380,-0.0378,-7.8434,-5.7078,-0.1365,-0.0604,0.0414,-0.0171
-7.4077,1.6113,4.0797,-0.0693,-0.0261,-0.0236,-7.6231,-5.6407,-0.1030,-0.0362,0.0051,-0.0151
-7.5633,1.5323,4.0917,-0.0376,-0.0052,-0.0059,-7.8003,-5.7437,-0.1604,-0.0221,0.0390,0.0173
-7.3981,1.6137,4.1444,-0.0703,0.0209,-0.0101,-7.7620,-5.6719,-0.1700,-0.0568,0.0141,0.0075
-7.6064,1.5778,4.0845,-0.0754,0.0500,-0.0099,-7.8458,-5.7676,-0.3711,-0.0743,0.0316,0.0116
-7.5417,1.5275,3.9433,-0.0476,-0.0047,0.0185,-7.7716,-5.6048,-0.2011,-0.0413,0.0250,0.0340
-7.4077,1.5993,3.8355,-0.0741,-0.0187,0.0117,-7.7021,-5.5043,-0.3496,-0.0436,-0.0168,0.0184
-7.4196,1.6113,3.9193,-0.0803,-0.0781,0.0188,-7.7835,-5.5330,-0.2442,-0.0117,-0.0245,0.0051
-7.3095,1.7502,3.9959,-0.1271,-0.0152,-0.0264,-7.8147,-5.5043,-0.1724,-0.0640,-0.0205,-0.0482
-7.3861,1.7310,4.3120,-0.0963,-0.0143,-0.0357,-7.9033,-5.6168,0.0934,-0.0504,0.0019,-0.0361
-7.3717,1.5945,4.1563,-0.0530,-0.0196,-0.0252,-7.6926,-5.6886,-0.1053,-0.0153,-0.0016,-0.0019
-7.5824,1.5993,3.9002,-0.0734,-0.0302,-0.0068,-7.7357,-5.7174,-0.3041,-0.0266,-0.0068,-0.0008
-7.4484,1.5347,3.9145,-0.1074,-0.0309,-0.0073,-7.7333,-5.6623,-0.2298,-0.0556,-0.0173,-0.0164
-7.4340,1.6089,4.1324,-0.0999,-0.0217,0.0055,-7.8458,-5.6383,-0.0359,-0.0617,-0.0286,0.0047
-7.2784,1.6472,4.3622,-0.0878,0.0497,-0.0135,-7.7979,-5.6431,0.1628,-0.0801,0.0260,-0.0016
-7.2113,1.6376,4.1970,-0.0392,-0.0152,-0.0228,-7.6016,-5.5210,0.0670,-0.0179,0.0143,0.0071
-7.4436,1.6592,3.9768,-0.0480,0.0097,-0.0357,-7.7955,-5.5067,-0.2610,-0.0159,0.0333,-0.0099
-7.5010,1.5921,4.0582,-0.0983,0.0249,-0.0262,-7.8362,-5.7509,-0.2322,-0.0729,0.0260,-0.0215
-7.4484,1.6616,4.0725,-0.0895,0.0129,-0.0137,-7.7261,-5.6024,-0.0431,-0.0707,0.0096,-0.0049
-7.3502,1.6137,4.0725,-0.0596,-0.0108,-0.0091,-7.6998,-5.5833,-0.0814,-0.0302,-0.0192,0.0200
-7.5034,1.5586,4.0151,-0.0841,0.0341,-0.0238,-7.7213,-5.6192,-0.2179,-0.0761,0.0216,-0.0060
-7.3598,1.6544,3.8666,-0.0719,0.0300,-0.0392,-7.6830,-5.4564,-0.1963,-0.0589,0.0352,-0.0232
-7.4029,1.6017,3.9792,-0.0885,0.0433,-0.0400,-7.7237,-5.5952,-0.2274,-0.0755,0.0281,-0.0288
-7.5322,1.5514,4.0677,-0.0569,0.0105,-0.0189,-7.7596,-5.7652,-0.2322,-0.0417,0.0175,0.0076
-7.5489,1.5514,3.8642,-0.0622,0.0079,-0.0171,-7.7524,-5.6958,-0.3831,-0.0417,0.0156,-0.0011
-7.4005,1.5299,3.9672,-0.0793,-0.0108,-0.0099,-7.7644,-5.6479,-0.2227,-0.0517,-0.0053,0.0040
-7.5202,1.5251,3.9863,-0.0681,-0.0240,0.0064,-7.7405,-5.7126,-0.2274,-0.0394,-0.0083,0.0165
-7.5010,1.5562,4.1013,-0.0874,-0.0049,0.0009,-7.7428,-5.7006,-0.2490,-0.0514,0.0119,0.0020
-7.3813,1.6041,3.7302,-0.0606,-0.0253,-0.0044,-7.6543,-5.4348,-0.4334,-0.0362,-0.0061,0.0079
-7.3143,1.5874,4.0677,-0.0831,-0.0609,0.0079,-7.6758,-5.5641,-0.1700,-0.0261,-0.0460,-0.0021
-7.6016,1.6999,4.2114,-0.0570,-0.0620,0.0063,-7.8266,-5.7197,-0.1748,0.0113,-0.0284,0.0101
-7.4268,1.6137,3.8283,-0.1049,-0.0525,-0.0136,-7.6591,-5.4755,-0.4046,-0.0442,-0.0468,-0.0191
-7.4986,1.6185,4.0510,-0.0834,-0.0799,-0.0184,-7.7955,-5.6838,-0.1676,-0.0085,-0.0620,-0.0120
-7.4292,1.5897,4.2784,-0.0705,-0.0356,-0.0115,-7.8602,-5.8035,0.0359,-0.0304,0.0019,-0.0016
-7.4531,1.4940,4.2234,-0.0749,-0.0048,-0.0044,-7.7883,-5.7796,-0.1748,-0.0450,-0.0011,0.0089
-7.4196,1.5514,3.8235,-0.0769,-0.0218,0.0168,-7.6255,-5.5713,-0.1820,-0.0565,-0.0228,0.0245
-7.4891,1.5993,4.1587,-0.0781,-0.0015,0.0344,-7.8243,-5.7126,0.0263,-0.0614,-0.0059,0.0381
-7.2951,1.6640,4.1108,-0.0574,0.0218,0.0250,-7.6974,-5.5450,0.1221,-0.0633,0.0317,0.0376
-7.2856,1.7454,3.9768,-0.0484,-0.0039,-0.0095,-7.7333,-5.3271,-0.0814,-0.0350,0.0167,0.0171
-7.4196,1.6640,4.0534,-0.0791,-0.0089,-0.0346,-7.7788,-5.5330,-0.2322,-0.0448,0.0073,-0.0220
-7.2903,1.7095,4.2306,-0.0955,0.0376,-0.0553,-7.7309,-5.5737,0.1460,-0.0510,-0.0012,-0.0348
-7.5058,1.5682,4.1444,-0.0609,0.0019,-0.0328,-7.8003,-5.7221,-0.1460,-0.0318,0.0209,-0.0073
-7.5154,1.6017,4.0749,-0.0714,0.0177,-0.0356,-7.8075,-5.7796,-0.2658,-0.0524,0.0261,-0.0119
-7.5561,1.5395,3.9528,-0.0482,-0.0029,-0.0020,-7.7189,-5.6743,-0.1939,-0.0466,0.0132,0.0193
-7.6303,1.5802,4.1755,-0.0576,0.0464,0.0132,-7.9176,-5.8323,-0.2682,-0.0580,0.0506,0.0404
-7.5322,1.6568,4.0031,-0.0513,0.0346,0.0193,-7.7955,-5.5761,-0.1820,-0.0584,0.0199,0.0557
-7.3789,1.7286,3.8906,-0.0577,0.0005,0.0216,-7.7285,-5.4253,-0.2801,-0.0498,-0.0064,0.0396
-7.4747,1.7717,3.8810,-0.0698,0.0294,0.0081,-7.7620,-5.4420,-0.1484,-0.0653,0.0184,0.0249
-7.4891,1.7166,3.8259,-0.0755,-0.0248,0.0212,-7.8123,-5.3965,-0.3615,-0.0517,0.0063,0.0213
-7.4723,1.8507,3.8571,-0.0845,-0.0107,-0.0032,-7.8506,-5.4037,-0.2753,-0.0514,-0.0119,-0.0023
-7.4723,1.7310,3.9385,-0.0857,-0.0554,-0.0127,-7.7907,-5.5162,-0.1820,-0.0297,-0.0075,-0.0212
-7.4196,1.7549,4.1300,-0.0983,-0.0048,-0.0265,-7.9487,-5.6096,-0.0742,-0.0592,0.0029,-0.0200
-7.5298,1.7406,4.2306,-0.0568,-0.0175,0.0103,-7.8985,-5.6216,-0.1820,-0.0278,-0.0084,0.0218
-7.5226,1.7502,3.7517,-0.0384,-0.0438,-0.0016,-7.8219,-5.3558,-0.3663,-0.0012,0.0011,0.0213
-7.4915,1.7813,3.6631,-0.1276,0.0159,-0.0306,-7.7740,-5.3750,-0.3783,-0.0959,0.0140,-0.0462
-7.6088,1.6376,3.7445,-0.0457,0.0337,-0.0044,-7.7788,-5.3941,-0.4908,-0.0506,0.0402,0.0310
-7.4843,1.6688,3.6464,-0.0798,-0.0213,0.0061,-7.8243,-5.3870,-0.5243,-0.0493,-0.0244,0.0201
-7.5082,1.7741,3.8355,-0.0829,-0.0208,-0.0092,-7.9655,-5.4061,-0.2059,-0.0486,-0.0171,0.0001
-7.5369,1.8411,3.9887,-0.0450,-0.0318,-0.0053,-7.9464,-5.4875,-0.2227,-0.0121,0.0156,0.0041
-7.3430,1.8531,3.6655,-0.0785,-0.0473,-0.0244,-7.7405,-5.1882,-0.4094,-0.0241,-0.0023,-0.0225
-7.4220,1.7262,4.0725,-0.1314,-0.0043,-0.0466,-7.9224,-5.5426,-0.1676,-0.0734,-0.0254,-0.0552
-7.5513,1.7262,4.2066,-0.0853,-0.0290,-0.0160,-7.9296,-5.7652,-0.0407,-0.0492,0.0039,-0.0088
-7.5058,1.7023,4.0294,-0.0625,0.0017,-0.0213,-7.8578,-5.6168,-0.2610,-0.0325,0.0049,0.0057
-7.5154,1.6233,3.8116,-0.0743,-0.0133,-0.0129,-7.6614,-5.5522,-0.3663,-0.0484,-0.0160,0.0100
-7.5154,1.6688,3.8666,-0.0667,-0.0285,0.0053,-7.8434,-5.4660,-0.2394,-0.0300,-0.0333,0.0228
-7.4005,1.7789,3.8116,-0.0691,-0.0068,-0.0184,-7.7907,-5.4037,-0.2682,-0.0366,-0.0155,-0.0027
-7.4747,1.8483,3.8164,-0.0791,0.0116,-0.0288,-7.7596,-5.3510,-0.3400,-0.0524,0.0306,-0.0189
-7.3765,1.7669,4.0749,-0.0871,-0.0272,-0.0294,-7.8817,-5.5785,-0.1030,-0.0361,-0.0176,-0.0201
-7.5393,1.7119,3.9720,-0.0870,-0.0160,-0.0191,-7.9296,-5.5761,-0.3208,-0.0425,-0.0282,-0.0108
-7.4747,1.5826,3.7613,-0.0790,0.0153,-0.0200,-7.8171,-5.4803,-0.2873,-0.0710,0.0230,-0.0052
-7.6782,1.6616,4.0462,-0.0813,0.0096,-0.0020,-8.0038,-5.7245,-0.1796,-0.0593,-0.0040,0.0139
-7.5369,1.8100,3.8140,-0.0548,0.0035,-0.0089,-7.9464,-5.4564,-0.2514,-0.0358,0.0081,0.0229
-7.4627,1.7885,3.7445,-0.0962,-0.0188,-0.0072,-7.8195,-5.3343,-0.2897,-0.0450,-0.0232,-0.0148
-7.4172,1.8076,3.9337,-0.1103,-0.0336,-0.0234,-7.8841,-5.4420,-0.1796,-0.0604,-0.0290,-0.0341
-7.5441,1.6616,4.2018,-0.0765,0.0032,-0.0260,-7.8889,-5.6982,0.0072,-0.0442,0.0144,-0.0056
-7.4986,1.7071,3.9313,-0.0309,-0.0250,-0.0200,-7.9080,-5.4708,-0.4286,0.0032,-0.0076,0.0113
-7.4603,1.6927,3.8092,-0.1260,-0.0140,-0.0274,-7.7428,-5.4899,-0.3591,-0.0909,-0.0152,-0.0385
-7.5489,1.6448,4.4245,-0.0666,-0.0258,0.0017,-7.9248,-5.8442,0.2059,-0.0364,0.0232,0.0173
-7.4508,1.7717,3.9049,-0.0254,0.0445,0.0012,-7.8721,-5.3558,-0.2945,-0.0316,0.0690,0.0328
-7.4268,1.8340,3.5602,-0.0866,0.0001,-0.0172,-7.7117,-5.3367,-0.4717,-0.0572,-0.0001,-0.0164
-7.4340,1.7478,4.1970,-0.0863,0.0056,-0.0179,-7.9080,-5.6479,-0.1053,-0.0522,-0.0063,-0.0108
-7.5202,1.7023,4.0031,-0.0564,0.0296,-0.0184,-7.8386,-5.6934,-0.1724,-0.0480,0.0261,0.0143
-7.5441,1.6616,3.8116,-0.0377,-0.0440,-0.0051,-7.8865,-5.4348,-0.3974,0.0015,-0.0211,0.0176
-7.4962,1.7406,3.7062,-0.0909,0.0015,-0.0301,-7.8195,-5.3463,-0.4286,-0.0554,-0.0003,-0.0236
-7.4675,1.6879,4.0749,-0.1335,-0.0017,-0.0113,-7.8434,-5.6814,-0.1221,-0.0973,-0.0016,-0.0302
-7.5082,1.6305,4.4388,-0.0666,0.0147,0.0100,-7.9895,-5.8754,0.1891,-0.0580,0.0360,0.0280
-7.4484,1.7789,3.5698,0.0161,-0.0020,0.0169,-7.8051,-5.2625,-0.5555,0.0132,0.0253,0.0594
-7.4843,1.7406,3.3255,-0.0763,-0.0083,-0.0221,-7.7907,-5.2050,-0.8619,-0.0520,-0.0044,-0.0191
-7.4316,1.7454,4.4652,-0.1472,-0.0048,-0.0179,-7.8841,-5.7389,0.2107,-0.1039,-0.0164,-0.0360
-7.5226,1.7813,4.3981,0.0076,0.0051,0.0029,-8.0230,-5.7533,0.0694,0.0195,0.0436,0.0553
-7.3502,1.8148,3.0143,-0.0476,-0.0376,-0.0113,-7.6351,-4.8746,-0.9122,-0.0176,-0.0015,-0.0064
-7.5274,1.7238,3.7086,-0.1787,0.0019,-0.0293,-7.8266,-5.3870,-0.3879,-0.1094,-0.0143,-0.0636
-7.4292,1.6568,4.5322,-0.1443,-0.0145,-0.0304,-7.9583,-5.8993,0.3974,-0.0774,-0.0171,-0.0484
-7.6543,1.7813,4.1156,0.0193,-0.0485,-0.0027,-8.0469,-5.6168,-0.2059,0.0494,0.0191,0.0425
-7.4484,1.7047,3.3088,-0.1115,0.0175,-0.0264,-7.6758,-5.1404,-0.5938,-0.0945,0.0083,-0.0306
-7.4172,1.6448,4.4772,-0.1431,-0.0024,-0.0164,-7.9320,-5.7988,0.2035,-0.0913,-0.0217,-0.0258
-7.6423,1.7142,4.1539,-0.0084,-0.0197,-0.0056,-8.0062,-5.6695,-0.0407,0.0167,0.0274,0.0358
-7.6088,1.6879,3.3662,-0.0004,-0.0226,0.0112,-7.8147,-5.3008,-0.8643,0.0073,0.0264,0.0440
-7.5058,1.6879,3.6871,-0.1447,0.0061,0.0128,-7.7788,-5.3439,-0.5411,-0.1135,-0.0204,-0.0165
-7.3310,1.7238,4.3790,-0.1547,0.0199,-0.0008,-7.8745,-5.5905,0.2370,-0.1167,-0.0199,-0.0286
-7.4412,1.8316,4.2880,0.0096,-0.0609,0.0036,-7.8530,-5.4708,0.0311,0.0482,0.0103,0.0462
-7.4771,1.8723,3.4333,-0.0590,-0.0024,-0.0365,-7.8817,-5.0925,-0.7398,-0.0292,0.0199,-0.0165
-7.3861,1.5706,4.2306,-0.1951,0.0466,-0.0514,-7.8410,-5.7533,0.1125,-0.1374,0.0011,-0.0851
-7.6495,1.5850,4.4652,-0.0573,-0.0246,-0.0256,-8.0732,-5.9951,0.0838,-0.0092,0.0084,-0.0097
-7.7045,1.6735,3.6703,0.0128,-0.0372,-0.0008,-7.9416,-5.4827,-0.6967,0.0329,0.0205,0.0396
-7.5250,1.6544,3.6057,-0.1196,0.0312,0.0087,-7.7357,-5.4085,-0.4956,-0.1081,0.0151,0.0023
-7.3717,1.6616,4.3622,-0.1282,0.0032,0.0179,-7.7668,-5.7269,0.2346,-0.1018,-0.0144,-0.0003
-7.4771,1.7549,4.3215,0.0129,-0.0093,0.0143,-7.9464,-5.6623,-0.0527,0.0269,0.0185,0.0625
-7.5058,1.8627,3.2801,-0.0179,-0.0288,-0.0087,-7.8458,-5.1380,-0.7877,0.0032,0.0127,0.0240
-7.2592,1.7310,3.7852,-0.1248,-0.0180,-0.0211,-7.6734,-5.2026,-0.3903,-0.0854,-0.0121,-0.0326
-7.4484,1.6712,4.5466,-0.1262,-0.0237,-0.0201,-7.9703,-5.8706,0.2682,-0.0526,-0.0216,-0.0342
-7.4196,1.7837,3.2585,-0.0711,-0.0324,0.0048,-7.7428,-5.0829,-0.8571,-0.0496,-0.0043,0.0071
-7.4555,1.8268,4.5705,-0.0545,0.0053,-0.0028,-8.0732,-5.7557,0.2634,-0.0220,0.0009,0.0252
-7.4148,1.6544,3.9217,-0.1139,0.0261,-0.0159,-7.7716,-5.4731,-0.2658,-0.0970,0.0123,-0.0213
-7.5393,1.7693,4.4029,-0.0738,0.0265,-0.0207,-8.0541,-5.7652,0.1149,-0.0469,0.0128,0.0116
-7.6878,1.7430,3.6727,0.0157,-0.0620,0.0061,-7.9224,-5.4181,-0.5674,0.0444,-0.0019,0.0477
-7.5824,1.8124,3.3399,-0.0600,-0.0242,-0.0013,-7.8147,-5.1811,-0.7230,-0.0282,-0.0091,0.0088
-7.3526,1.7142,3.7828,-0.1679,-0.0056,-0.0113,-7.6758,-5.3774,-0.1556,-0.1211,-0.0211,-0.0476
-7.3981,1.8052,4.4724,-0.1017,-0.0456,-0.0093,-7.9990,-5.7724,0.2370,-0.0364,-0.0286,-0.0101
-7.5633,1.7909,3.7302,-0.0099,-0.0429,-0.0116,-7.8314,-5.3199,-0.5028,0.0211,0.0120,0.0246
-7.3646,1.8148,3.6033,-0.1495,-0.0009,-0.0457,-7.7883,-5.1882,-0.3998,-0.1057,-0.0121,-0.0648
-7.3813,1.6640,4.8698,-0.1359,0.0357,-0.0333,-7.9631,-5.9185,0.4980,-0.0855,0.0060,-0.0376
-7.6950,1.5850,4.4652,-0.0080,0.0005,-0.0109,-7.9918,-5.9711,0.1245,-0.0017,0.0536,0.0397
-7.8171,1.7214,3.3279,0.0254,-0.0486,0.0185,-7.9176,-5.2672,-1.0056,0.0278,-0.0151,0.0719
-7.3765,1.8842,3.3734,-0.1279,-0.0085,0.0141,-7.6854,-5.0613,-0.6225,-0.1131,-0.0201,-0.0063
-7.2568,1.7885,4.4269,-0.1687,0.0136,-0.0144,-7.8434,-5.6862,0.2945,-0.1067,-0.0266,-0.0456
-7.7165,1.9201,3.9624,0.0055,-0.0187,-0.0143,-8.1163,-5.5186,-0.2753,0.0358,0.0278,0.0336
-7.5034,1.7861,3.2753,-0.0337,-0.0372,-0.0141,-7.8147,-5.0182,-0.7709,-0.0123,0.0083,0.0089
-7.3167,1.7454,3.7517,-0.1628,0.0180,-0.0364,-7.6950,-5.2409,-0.3328,-0.1258,-0.0068,-0.0642
-7.2113,1.7166,4.5346,-0.1628,-0.0116,-0.0376,-7.8578,-5.8371,0.4525,-0.0970,-0.0143,-0.0565
-7.6399,1.6376,4.4556,-0.0217,-0.0189,-0.0308,-8.0421,-5.8658,0.0503,0.0224,0.0262,0.0089
-7.8841,1.6831,3.6224,-0.0203,-0.0012,0.0045,-8.0182,-5.6072,-0.8212,-0.0184,0.0344,0.0410
-7.5154,1.7310,3.4261,-0.1238,0.0008,0.0199,-7.7381,-5.2936,-0.6297,-0.1151,-0.0109,0.0069
-7.5346,1.7980,3.8259,-0.0901,0.0005,0.0248,-7.9416,-5.3702,-0.4118,-0.0614,-0.0175,0.0080
-7.6878,1.6400,3.1747,-0.0502,-0.1572,0.0585,-7.8266,-5.3702,-1.0965,0.0516,-0.1158,0.0301
-7.6136,1.3431,2.1165,-0.2274,-0.3397,0.0941,-7.2927,-4.9033,-1.9920,0.0043,-0.3417,-0.0713
-7.2568,1.4820,3.3375,-0.5642,-0.3092,0.1069,-7.4651,-5.1715,-0.7039,-0.2370,-0.5096,-0.1992
-7.0437,1.5036,5.4372,-0.6123,-0.2137,0.1021,-7.6782,-6.2824,1.3743,-0.3273,-0.4918,-0.1860
-7.0030,1.6376,6.1866,-0.3770,-0.1712,0.0787,-7.9224,-6.7086,2.0231,-0.1569,-0.2503,-0.0693
-6.7900,1.9034,5.4229,-0.1392,-0.1111,0.0810,-7.7644,-5.6336,1.5131,-0.0552,-0.1256,0.0211
-7.1084,1.7957,5.1236,-0.0902,0.0498,0.0388,-7.8554,-5.8610,1.0032,-0.0775,0.0268,0.0429
-6.8594,1.6640,4.4867,-0.0432,0.0596,-0.0155,-7.4819,-5.5569,0.4262,-0.0717,0.0885,0.0197
-7.1730,1.4868,3.9744,-0.0131,-0.0268,-0.0620,-7.5178,-5.5737,-0.0527,0.0149,0.0406,-0.0169
-7.2688,1.6041,4.3024,-0.0345,-0.0778,-0.0422,-7.7596,-5.7006,0.0527,0.0332,-0.0119,-0.0180
-7.1299,1.5754,4.3814,-0.0899,-0.0314,-0.0370,-7.5776,-5.6647,0.2298,-0.0400,0.0088,-0.0376
-7.0677,1.4653,5.0278,-0.0935,-0.0568,-0.0260,-7.5800,-5.9855,0.7829,-0.0087,-0.0197,-0.0305
-7.1898,1.4174,4.6926,-0.0144,-0.0585,-0.0019,-7.6064,-5.8179,0.4884,0.0482,-0.0103,0.0261
-7.1180,1.4006,4.1132,-0.0628,-0.1184,-0.0200,-7.3406,-5.6407,-0.1317,0.0060,-0.0497,-0.0338
-7.4867,1.4533,4.4532,-0.0706,-0.1455,0.0863,-7.6854,-5.9304,0.1676,0.0095,-0.1310,0.0549
-7.0485,1.7406,4.7046,-0.0873,-0.1110,0.0742,-7.8027,-5.7916,0.8380,-0.0187,-0.0901,0.0440
-6.4620,1.7262,4.9033,0.0585,-0.1255,0.0393,-7.4508,-5.4468,0.8428,0.1142,-0.0608,0.0778
-6.2537,1.7957,4.6663,0.0059,-0.1435,-0.0252,-7.4029,-5.4109,1.0750,0.0653,0.0532,-0.0276
-6.8283,1.8627,5.0542,-0.0037,0.0001,0.0156,-7.7859,-5.6288,1.0750,0.0021,-0.0207,0.0537
-6.6367,1.7765,4.9991,0.0703,-0.0518,0.0594,-7.5417,-5.4420,1.1947,0.0783,0.0176,0.1152
-6.9408,1.8244,5.0111,0.0196,0.0887,-0.0041,-7.7883,-5.6551,0.9290,-0.0128,0.0874,0.0655
-6.8426,1.8555,4.1180,0.0257,0.0048,-0.0167,-7.5082,-5.2026,0.2849,0.0012,0.0718,0.0477
-6.7756,1.9824,4.5250,0.0056,-0.0199,-0.0220,-7.6710,-5.1284,0.7254,0.0032,0.0381,0.0292
-6.7947,1.9609,4.9201,-0.0096,0.0410,-0.0549,-7.6878,-5.5378,0.8930,-0.0064,0.1002,-0.0053
-6.9599,1.9225,4.3215,-0.0135,-0.0112,-0.0593,-7.6854,-5.3558,0.3448,0.0133,0.0747,-0.0244
-6.9647,1.9417,4.3479,-0.0212,-0.0757,-0.0719,-7.7213,-5.2361,0.4190,0.0476,0.0305,-0.0384
-7.1706,1.8124,4.7980,-0.0218,-0.0312,-0.0372,-7.7620,-5.5593,0.4956,0.0237,0.0195,-0.0019
-6.9168,1.7789,4.7453,-0.0513,-0.0274,-0.0608,-7.7189,-5.5617,0.6105,-0.0019,0.0093,-0.0321
-7.0916,1.7597,4.6783,-0.0137,-0.0316,-0.0462,-7.7668,-5.6264,0.5555,0.0152,0.0449,-0.0001
-6.9576,1.9585,4.7764,-0.1138,-0.0226,-0.0205,-7.8243,-5.6096,0.7398,-0.0553,-0.0133,-0.0262
-6.7445,1.9369,4.9129,-0.0325,-0.0376,-0.0342,-7.6255,-5.3846,1.0439,-0.0111,0.0326,-0.0148
-6.8618,1.9489,5.3486,0.0518,0.0437,-0.0274,-7.9104,-5.8538,1.4437,0.0636,0.1023,0.0526
-6.5625,2.0997,4.3574,0.1183,-0.0434,-0.0569,-7.5322,-4.9440,0.5531,0.0991,0.1366,0.0426
-6.4572,2.2194,4.3766,0.0959,0.0059,-0.1081,-7.6734,-4.9656,1.0008,0.1026,0.1518,-0.0017
-6.8426,2.1620,4.3718,-0.0029,0.0184,-0.1392,-7.7907,-5.1811,0.3472,0.0262,0.1450,-0.0679
-6.9264,1.9082,4.1013,0.0346,-0.0707,-0.1568,-7.5298,-5.1882,0.0838,0.0814,0.0949,-0.0891
-7.1084,1.7238,4.6471,-0.0620,0.0180,-0.1243,-7.7476,-5.6934,0.4501,0.0044,0.0609,-0.0889
-7.1395,1.7549,4.8123,-0.1053,0.0677,-0.1021,-7.8889,-5.8012,0.6464,-0.0775,0.0667,-0.0747
-7.1036,1.7741,4.6328,-0.0254,0.0144,-0.0846,-7.7764,-5.5929,0.4669,-0.0136,0.0687,-0.0256
-7.0773,1.9178,4.5466,-0.0342,0.0139,-0.0200,-7.8338,-5.4995,0.6225,-0.0354,0.0498,0.0246
-7.0366,1.9058,4.5538,-0.0357,0.0365,-0.0396,-7.8243,-5.4229,0.3352,-0.0366,0.0723,0.0075
-6.7852,2.0351,4.3215,-0.0529,0.0316,-0.0506,-7.6471,-5.2194,0.4812,-0.0381,0.0560,-0.0183
-6.9408,1.7334,4.0031,-0.0938,0.0059,-0.0787,-7.7213,-5.2816,0.3807,-0.0922,0.0671,-0.0452
-7.0868,1.9154,4.6974,-0.0493,0.0080,-0.0879,-7.8769,-5.5043,0.4860,-0.0157,0.0650,-0.0528
-7.1419,1.7334,4.3742,-0.0544,0.0422,-0.0881,-7.8051,-5.5402,0.3208,-0.0269,0.0666,-0.0504
-7.2257,1.7334,4.2042,-0.0489,0.0033,-0.0412,-7.7405,-5.5474,0.0838,-0.0229,0.0376,-0.0225
-7.3741,1.6927,4.4580,-0.0713,0.0300,-0.0209,-7.8889,-5.7317,0.1844,-0.0480,0.0306,0.0035
-7.1275,1.8076,4.2545,-0.0709,-0.0104,0.0039,-7.6327,-5.3654,0.0383,-0.0480,0.0016,0.0117
-7.0916,1.8148,4.5370,-0.0883,-0.0434,0.0135,-7.7620,-5.6168,0.5243,-0.0353,-0.0250,0.0027
-7.0629,1.9106,4.5370,-0.1069,0.0179,-0.0103,-7.7381,-5.5569,0.4812,-0.0770,0.0250,-0.0095
-7.0102,1.9082,4.4580,-0.0373,-0.0739,0.0051,-7.7141,-5.3654,0.4669,0.0055,-0.0181,0.0211
-6.9791,1.9082,4.3958,-0.0935,0.0342,-0.0293,-7.6926,-5.3846,0.3448,-0.0697,0.0207,-0.0197
-7.0557,1.8818,4.3120,-0.0775,-0.0500,-0.0195,-7.7213,-5.3750,0.1939,-0.0201,-0.0268,-0.0188
-7.2520,1.6568,4.4365,-0.1148,-0.0578,-0.0112,-7.7237,-5.7676,0.2370,-0.0474,-0.0421,-0.0264
-7.6375,1.5514,4.3359,-0.0839,-0.0655,0.0497,-7.8985,-5.9352,-0.1748,-0.0229,-0.1175,0.0398
-7.1467,1.7310,3.9600,-0.0771,-0.1729,0.1640,-7.4388,-5.1930,-0.1844,0.0140,-0.1992,0.0926
-6.8738,1.9824,3.9911,-0.2851,-0.2595,0.1033,-7.6543,-5.0853,-0.0359,-0.0710,-0.3281,-0.0545
-6.7732,1.9010,5.0015,-0.3031,-0.2162,0.1158,-7.7093,-5.5067,0.8475,-0.0913,-0.3820,-0.0485
-6.5027,1.8675,5.2912,-0.1780,-0.1555,0.0941,-7.6064,-5.6288,1.3072,-0.0228,-0.2677,0.0001
-6.5649,1.9585,5.1906,-0.1657,-0.1158,0.0663,-7.6136,-5.3917,1.3408,-0.0492,-0.1615,-0.0063
-6.4141,1.9824,5.1739,-0.1352,-0.1057,0.0328,-7.4268,-5.2960,1.5682,-0.0486,-0.0961,-0.0232
-6.1986,2.1213,4.8483,-0.1386,-0.0747,-0.0213,-7.4436,-4.9392,1.3384,-0.0634,-0.0694,-0.0545
-6.3542,2.0782,5.1787,-0.1070,-0.0384,-0.0889,-7.5346,-5.2864,1.3527,-0.0296,0.0056,-0.0865
-6.4979,1.8866,4.8507,-0.1360,0.0457,-0.1354,-7.5393,-5.4827,0.9984,-0.0807,0.0524,-0.1224
-6.5290,1.7454,4.8554,-0.1278,-0.0036,-0.1194,-7.5106,-5.5641,1.0080,-0.0596,0.0460,-0.1144
-6.7086,1.5538,5.1715,-0.1516,0.0384,-0.1288,-7.5250,-5.8562,1.0606,-0.0911,0.0480,-0.1267
-6.7708,1.4748,5.1236,-0.1087,-0.0103,-0.0955,-7.5465,-5.8897,0.8595,-0.0437,0.0226,-0.0833
-6.9504,1.4150,5.1523,-0.0556,0.0260,-0.0695,-7.6279,-5.9256,0.8428,-0.0276,0.0337,-0.0305
-6.9097,1.5706,5.1332,-0.0967,0.0357,-0.0408,-7.5441,-5.9951,0.9337,-0.0573,-0.0001,-0.0117
-6.6726,1.5012,4.7046,-0.0585,0.0049,-0.0176,-7.2760,-5.6479,0.8595,-0.0532,0.0241,0.0021
-6.7493,1.4988,4.9129,-0.1220,0.0001,-0.0260,-7.4795,-5.7485,0.8787,-0.0811,-0.0088,-0.0261
-6.7636,1.4748,5.0446,-0.0683,-0.0117,-0.0211,-7.4005,-5.8442,0.8787,-0.0350,0.0147,-0.0095
-6.6774,1.5419,5.0709,-0.0690,0.0131,-0.0056,-7.4412,-5.7461,1.0391,-0.0542,0.0368,0.0075
