-4.9153,0.5674,6.4021,-0.1061,0.0169,-0.0648,-4.5346,-4.3335,5.6455,-0.0921,0.1258,-0.0809
-4.7836,0.6273,6.5170,-0.0822,0.0349,-0.1231,-4.3958,-4.3551,5.8897,-0.0771,0.1383,-0.1721
-5.1643,0.7111,6.7301,-0.0200,-0.0905,-0.1066,-4.9368,-4.4652,5.8466,0.0189,0.0758,-0.1641
-5.0135,0.8140,6.9432,0.0208,-0.1039,-0.0750,-4.8243,-4.4724,5.8778,0.0819,-0.0786,-0.1435
-4.8722,0.8452,6.4236,-0.0281,-0.0922,-0.0290,-4.6615,-4.1444,5.7317,0.0172,0.0015,-0.0934
-4.9368,0.8260,6.5697,-0.0834,0.0115,-0.0165,-4.6735,-4.2928,5.7892,-0.0618,0.1035,-0.0610
-4.9943,0.7709,6.6822,-0.0360,-0.0384,0.0144,-4.7740,-4.4388,5.8395,0.0003,0.0653,-0.0305
-4.6304,0.7614,6.7684,-0.0490,-0.1075,0.0084,-4.3431,-4.3814,6.0382,-0.0071,-0.0854,-0.0831
-4.6304,0.8236,6.6990,-0.0270,-0.0091,-0.0290,-4.4676,-4.2114,5.8299,-0.0075,0.0878,-0.0617
-4.8746,0.8236,6.6511,-0.0734,-0.0927,-0.0031,-4.6352,-4.2234,5.8155,-0.0358,-0.0285,-0.0432
-4.7764,0.8691,6.8498,-0.0925,-0.1124,-0.0270,-4.4604,-4.3958,6.1387,-0.0497,0.0040,-0.1057
-4.7860,0.8835,6.6391,-0.1065,-0.0127,-0.0376,-4.5633,-4.1851,5.8251,-0.0854,0.0911,-0.0949
-4.7238,0.8236,6.7947,-0.1254,0.0348,-0.0907,-4.4173,-4.4939,5.9376,-0.1354,0.3407,-0.2932
-4.8985,0.9194,6.7684,-0.0970,-0.0201,-0.0084,-4.8530,-4.4532,5.9280,-0.0785,0.1516,-0.0201
-5.0159,1.0104,6.2321,-0.0927,0.1705,0.0253,-4.5777,-3.7972,5.4205,-0.1743,0.5192,-0.0797
-4.8890,0.8140,6.4931,-0.2738,0.1514,0.0449,-4.5873,-4.1276,5.7030,-0.3645,1.3496,-0.7184
-5.3582,0.9840,7.0222,-0.1030,-0.0300,0.4840,-5.8993,-5.1380,5.6048,-0.2882,1.9116,-0.6943
-4.6687,0.7063,6.0071,0.1468,0.0461,0.6410,-5.0949,-5.1212,4.8076,-0.1691,1.2307,-0.4570
-4.7836,0.8452,5.6048,0.0196,0.2102,0.1494,-5.9376,-5.0973,4.5945,0.0248,0.7723,0.0998
-5.2912,1.0271,6.4835,0.1348,-0.1296,0.2575,-5.6407,-5.1092,4.6639,0.0991,0.3445,0.0035
-5.3247,1.2019,6.5338,0.3349,0.2569,0.1536,-6.2106,-5.2840,4.6591,0.1631,0.8419,0.1744
-5.0518,1.4293,6.0478,0.3908,0.0493,0.5263,-6.1555,-4.5442,3.7948,0.1343,0.5065,0.2286
-4.4221,1.2761,5.5641,0.2096,-0.2939,0.7649,-5.3391,-4.3024,3.5530,-0.0023,0.4558,-0.0983
-5.1811,1.3910,5.9616,0.1050,-0.3155,0.7294,-6.1842,-4.9153,3.8451,-0.0810,0.6831,-0.2742
-5.0637,1.9345,6.7421,0.0044,-0.4025,0.8552,-6.7421,-4.7692,3.6200,-0.1135,0.4205,0.2014
-3.7637,1.6616,6.7684,0.0397,-0.2198,0.3985,-7.1419,-5.0398,4.1300,-0.0216,0.2769,0.6752
-3.7733,1.5443,6.6391,0.0462,-0.2854,-0.1771,-8.7101,-4.9129,4.0390,0.0945,-0.1635,1.6248
-2.4804,1.5874,7.8051,-0.0473,-0.8960,-0.4330,-6.3375,-4.3766,3.1771,0.1524,-0.4751,2.2431
-5.9568,1.8531,5.4324,-0.0622,-0.8006,-0.9842,-4.4125,-3.8403,4.4508,-0.1468,-0.5245,0.8308
-4.6687,2.0662,7.7476,-0.3206,-1.3071,-0.0266,-5.3295,-3.7972,3.0454,-0.3724,0.2839,0.1957
-4.0510,1.9178,4.3167,0.1741,-0.3695,-0.2843,-3.7445,-4.9728,6.7995,-0.3409,-0.0966,-0.9213
-3.0430,1.8818,8.2456,0.3860,0.0529,0.4243,-8.0038,-5.2696,5.4229,0.1239,1.6106,-1.2994
-4.8722,2.2362,8.0182,0.1515,0.1136,0.8972,-6.9576,-4.0773,2.3367,-0.0621,1.1198,-1.5881
-4.1037,2.1931,7.1754,0.1620,-0.3545,1.3793,-6.4907,-4.1515,3.8044,0.1328,-0.2537,-1.1779
-2.9066,2.4277,7.6136,0.5449,-0.0737,1.1851,-7.2209,-4.2186,2.8587,0.0365,1.2891,-0.8391
-3.2848,2.7126,6.0549,0.6055,0.0528,0.6145,-5.3893,-3.5793,3.3279,0.0767,0.0482,-0.5397
-3.9193,3.0119,6.1746,-0.0613,-0.0385,0.6082,-5.9448,-4.0462,3.4477,0.2018,-0.3375,-0.3832
-2.8323,2.9018,7.2305,0.1781,0.4696,0.3047,-7.0461,-4.9680,3.7469,0.0289,0.2226,0.5360
-3.4022,3.1268,7.5417,0.1685,0.3675,0.0308,-6.2776,-4.1539,2.8180,0.1783,-0.8699,0.6458
-3.7924,2.9281,6.6655,0.0220,0.0568,0.6062,-6.4284,-4.5586,3.9648,0.1479,-0.2169,-0.4615
-1.2234,3.2513,6.9168,-0.1749,-0.6069,0.9006,-11.0133,-5.9903,3.4788,0.0871,0.5714,-1.1379
-4.3455,3.2825,9.7851,0.2142,-0.5084,0.4792,-8.5377,-6.2680,4.5705,0.1275,-0.3024,-0.1916
-1.9776,3.3136,6.9336,0.6091,-0.5965,0.2152,-6.3159,-5.0446,4.2066,-0.0332,0.5203,-0.4061
-3.2872,3.7493,5.9807,0.2987,-0.3329,-0.1324,-7.1994,-4.7046,2.4325,0.0031,0.1300,0.3917
-4.7214,3.9648,4.5131,0.2411,0.1824,-0.1992,-5.1164,-4.2641,3.9624,0.0889,-0.2394,0.5946
-2.1452,3.9337,7.1371,-0.0778,-0.1924,0.5756,-6.7564,-5.0230,3.0981,0.0012,0.3503,0.1479
-2.5283,3.8211,7.3334,0.2895,0.1793,-0.1118,-7.0222,-4.9512,3.7350,0.2354,-0.7019,0.1978
-3.2872,3.9313,5.9065,0.2569,-0.0161,-0.2565,-6.8187,-4.7094,2.9544,0.2980,-0.3027,0.3765
-2.3176,4.0342,6.7038,0.1447,0.3733,-0.1891,-6.7493,-4.5155,3.9121,0.0881,-0.4568,0.4445
-2.9042,4.0486,6.5290,0.1813,0.3076,-0.0152,-6.5793,-4.2569,3.9720,-0.0209,0.1753,0.2273
-2.3008,3.8786,6.7277,-0.1575,-0.0759,-0.2482,-6.6487,-4.2473,3.9792,-0.2587,0.6269,-0.1801
-3.6775,3.9217,6.9839,0.1083,0.4704,-0.4596,-6.7157,-3.6799,3.1603,-0.3890,0.4867,-0.1776
-3.5506,4.1061,6.1938,-0.0629,0.1813,0.0678,-7.1275,-4.6519,3.3830,-0.3449,-0.1596,-0.0797
-3.6105,3.9504,5.9831,-0.1883,0.3088,0.2374,-6.4931,-4.2784,3.8403,-0.3936,-0.0549,-0.1418
-2.8276,3.8786,5.5761,-0.1732,0.4081,-0.1483,-6.2465,-4.5418,3.9385,-0.3878,0.0751,-0.1134
-3.8044,3.9385,5.6767,-0.2679,0.7789,-0.4435,-6.6176,-4.6184,2.9353,-0.5618,0.4768,-0.0861
-3.6368,3.6320,6.2489,-0.3640,0.4948,-0.1023,-7.0797,-5.3870,4.2090,-0.7075,0.2213,-0.3328
-3.6512,3.6655,6.3805,-0.3166,0.3793,0.0678,-6.5362,-4.7740,2.8347,-0.5947,0.3206,-0.3504
-4.2808,3.6200,6.6391,-0.3692,0.1736,0.2292,-7.0892,-5.2912,2.6983,-0.4914,0.2332,-0.2352
-4.0055,3.5027,6.1100,-0.4247,0.1236,0.5528,-6.8043,-5.2409,2.5498,-0.6808,0.4466,0.0830
-3.8331,3.4692,5.1619,-0.3436,0.5316,0.5327,-6.7181,-5.3965,2.6073,-0.8336,0.4622,0.1695
-4.3670,3.4884,6.3375,-0.7781,0.6909,0.4906,-6.8498,-5.7365,2.3320,-0.7971,0.4767,0.0207
-3.5961,3.1819,7.3382,-0.3112,0.5061,0.9120,-7.3694,-6.5841,2.5187,-0.6484,-0.1094,0.2743
-4.9057,3.5937,5.3391,-0.0983,0.6030,0.1342,-6.5936,-5.2409,2.3583,-0.3405,0.0859,0.1438
-4.9799,3.5291,5.4109,-0.1851,0.6318,0.0725,-7.3478,-5.2146,1.6855,-0.3531,0.0743,0.2482
-3.5314,3.5003,7.1204,-0.1840,0.6150,0.1396,-6.7876,-6.3183,2.6743,-0.2938,-0.3164,0.2650
-4.5514,3.5291,6.0118,0.1399,0.1247,0.0112,-6.7445,-5.5282,2.2482,-0.0089,-0.3172,0.2118
-4.5777,3.3303,5.6814,-0.1236,0.5473,0.0493,-7.1180,-4.8554,1.7071,-0.0867,-0.3176,0.2446
-5.3726,3.5075,5.6814,-0.3710,0.7011,-0.0815,-7.1898,-5.7054,2.2960,-0.2037,-0.0049,0.1411
-5.2170,3.2753,5.5067,-0.4195,0.5760,-0.0862,-6.8809,-5.3486,1.9465,-0.2799,-0.1947,-0.1520
-5.0637,3.0670,5.6623,-0.3405,0.2835,-0.2878,-6.8809,-5.6958,2.4948,-0.1511,-0.4297,-0.2995
-5.2816,3.2896,5.5115,-0.3232,0.1187,-0.3914,-6.9073,-5.3965,1.8316,-0.1707,-0.0308,-0.6683
-5.7461,3.2130,5.6288,-0.4984,-0.2930,-0.2623,-7.1012,-6.0071,1.9632,-0.0714,-0.7314,-0.6716
-5.2720,2.8204,5.7604,-0.4394,-0.2962,-0.1563,-6.5529,-5.7916,2.5498,-0.0624,-0.1524,-0.4341
-5.4660,2.8204,6.0047,-0.2330,-0.0596,-0.0634,-6.6702,-6.1914,2.5235,-0.1063,0.2352,-0.1094
-5.5689,2.7102,6.0358,-0.2013,-0.2101,-0.0040,-6.6128,-6.4476,2.4229,-0.0037,-0.2750,-0.1792
-5.3965,2.6336,6.1028,-0.0361,-0.5764,0.1813,-6.6248,-6.2465,2.3942,0.2148,-0.3171,0.0191
-5.0733,2.6624,6.4141,0.1761,-0.9193,0.4057,-6.7301,-6.8043,2.5594,0.3411,-0.4241,0.2649
-3.6129,3.2154,6.2896,0.3750,-1.2340,0.3472,-5.6982,-5.8514,3.4740,0.4335,0.0886,-0.0238
-4.7070,3.0981,6.3375,0.3287,-1.0095,0.4178,-6.4093,-5.3917,2.6264,0.5075,-0.8883,0.2384
-3.9385,3.1867,6.6535,0.1434,-0.7482,0.2761,-6.8833,-6.4069,3.4333,0.1568,-0.0858,-0.0376
-3.6105,3.1196,6.6367,0.4740,-0.4515,-0.5271,-6.1363,-5.2122,2.7078,-0.1673,1.5741,-0.2361
-5.1308,3.4836,5.1380,0.6547,-0.0967,-0.7390,-6.2082,-5.9113,2.9497,0.0151,0.7289,-0.3123
-4.3072,3.3351,6.3183,-0.1023,-0.7380,-0.1953,-6.7540,-5.8873,2.1931,0.1518,0.0886,-0.4783
-3.8954,2.9928,7.4627,-0.0486,-0.5568,-0.1755,-6.5314,-6.1746,3.0789,0.1761,0.1112,-0.4927
-2.6336,3.9289,3.9193,0.1981,-0.6182,-0.7341,-6.5841,-7.1658,3.3974,0.4406,0.3044,-0.3900
-3.7972,2.9640,8.3031,-0.0608,-0.4984,-0.8017,-6.2513,-5.6599,2.1476,0.1316,0.4750,-0.5156
-4.0342,3.1651,7.1108,0.1804,-0.4128,-0.6923,-5.7197,-5.4684,3.2848,0.3949,0.1030,-0.3497
-4.0103,3.3423,7.4460,0.2590,-0.5925,-0.0645,-5.7868,-5.8586,3.0574,0.4553,0.4557,-0.3605
-3.4046,3.5099,7.1228,0.4461,-0.4776,0.2081,-6.1196,-5.9927,2.3559,0.3705,0.5736,-1.0780
-1.4772,3.5314,5.3343,0.3027,-0.5650,0.7977,-6.9288,-5.9568,2.0279,0.1094,0.2005,0.1358
-2.9185,3.6823,6.2513,0.2445,-0.6203,-0.1339,-5.9448,-5.4684,2.1644,0.4827,-0.0770,-0.6186
-3.0358,4.1492,6.1723,-0.0701,-0.5548,-0.3361,-5.8514,-5.9664,1.9393,0.1216,0.3565,-0.7778
-2.0758,3.7326,6.4212,-0.0167,-0.0187,-0.5577,-6.4236,-6.8163,2.8132,-1.4250,3.6386,-7.9146
-3.7517,3.5889,7.0030,-0.1616,-0.0204,-0.7710,-18.5503,0.1532,69.7144,0.0000,0.0000,0.0000
-3.5698,3.3758,7.5058,-0.1404,-0.1055,-0.4643,-6.1244,-7.2018,2.9329,-0.5459,-0.0011,-0.0011
-3.6129,3.4261,7.0940,0.0189,-0.1402,-0.0833,-18.5503,0.1532,69.7144,0.0000,0.0000,0.0000
-3.4668,3.4596,6.8618,-0.0240,-0.1487,-0.0350,-6.2537,-7.4148,1.9249,-0.0424,0.1787,-0.3708
-2.0207,3.1364,7.3287,-0.0325,-0.1939,-0.2178,-4.4652,-7.0820,2.8347,0.0500,0.1180,-0.6776
-3.6248,3.5961,6.9360,0.0823,-0.2477,-0.3675,-5.8035,-7.4029,1.7047,0.1055,0.4050,-0.6419
-3.2825,3.4548,6.9671,0.0104,-0.2910,-0.0973,-5.7844,-7.5226,2.1093,0.1671,0.0867,-0.0577
-1.6664,3.2657,6.4979,0.1174,-0.3698,0.0440,-2.7198,-6.5912,3.1843,0.3008,-0.0288,-0.7330
-3.8810,3.4812,7.4005,0.1688,-0.7619,-0.4956,-5.7317,-7.3095,2.0446,0.4604,0.4112,-1.0106
-3.1484,3.7110,6.7540,0.1359,-0.4277,0.0059,-5.4205,-7.0725,1.9297,0.3155,0.0755,-0.3644
-2.3631,3.6703,6.1890,-0.0706,-0.3355,-0.1612,-5.3941,-7.6926,2.4756,0.1344,0.0191,0.7514
-2.4445,3.6320,6.4356,-0.0578,0.0462,-0.1106,-5.0302,-7.0557,2.6145,-0.0561,0.1915,0.7226
-2.9856,3.4716,7.2975,-0.1070,0.0632,0.2028,-4.3981,-7.1467,3.4548,0.0589,0.0524,-1.4376
-2.7653,3.5745,7.4986,-0.0232,-0.1506,0.0690,-5.0925,-7.6878,2.5833,0.0298,0.1304,-0.6668
-2.3296,3.7733,6.4117,0.0462,-0.1163,0.0953,-4.8004,-7.1922,2.3367,0.0837,-0.0041,-0.1459
-2.5786,3.7924,6.8929,-0.1108,-0.1463,0.0008,-4.8459,-7.4316,2.3918,-0.0241,0.0608,0.0689
-2.7126,3.7230,7.0150,-0.0983,0.1327,0.0690,-4.8818,-7.4651,2.3750,-0.1378,0.0140,0.1640
-3.0191,3.5985,7.0964,-0.1163,0.1306,0.3657,-4.2617,-7.3909,2.8683,-0.0678,-0.1532,-0.0737
-1.8627,3.6536,7.3694,-0.1909,-0.4592,0.2306,-4.8890,-7.5776,2.9233,0.1176,0.0773,-0.2594
-1.9752,3.6224,6.6176,-0.1164,-0.0340,0.0773,-4.2497,-7.0102,2.4157,-0.0212,-0.0951,-0.1915
-2.0494,3.7804,6.7971,-0.2790,-0.2522,0.0958,-4.4365,-7.3095,2.7725,-0.0978,-0.1073,-0.5532
-2.0710,3.5674,7.0150,-0.2305,-0.0606,-0.0466,-4.5514,-7.7237,2.8276,-0.0849,-0.0063,-0.2376
-2.2266,3.5721,7.4867,-0.1223,0.0425,-0.0397,-4.3407,-7.8219,2.7031,-0.0477,-0.0104,-0.0262
-2.2075,3.6081,6.8474,-0.1940,-0.1283,-0.1832,-4.4604,-7.6160,2.6193,0.0957,-0.1054,-0.3746
-1.9489,3.5099,7.3478,-0.1384,-0.0357,-0.0502,-4.0199,-7.4508,2.9928,-0.0183,-0.0817,-0.3373
-2.1596,3.4429,7.2927,-0.1098,-0.0810,-0.0117,-4.1324,-7.8051,2.6312,0.0147,-0.0640,-0.1973
-2.3248,3.5889,7.0078,-0.0909,-0.0642,-0.1065,-3.9792,-7.8865,2.7916,-0.0569,0.1419,-0.4206
-2.0375,3.3806,7.0270,-0.1003,0.0430,-0.0035,-3.9528,-7.7165,2.7533,-0.0954,-0.0017,-0.0592
-2.1548,3.4860,7.2281,-0.0698,-0.0520,0.0258,-4.0773,-8.0110,2.8108,-0.0436,0.0829,-0.0055
-2.0351,3.4788,7.2185,-0.0084,-0.0640,0.0706,-4.1156,-7.7668,2.7294,-0.0556,0.1390,0.1693
-2.0853,3.5267,6.9695,-0.0449,0.0365,-0.0141,-4.3503,-7.6567,2.5762,-0.1486,0.1612,0.3222
-2.0135,3.5075,7.3646,-0.0418,0.0041,-0.0388,-5.0398,-7.9703,2.5738,-0.1506,0.1651,0.7819
-2.2027,3.5817,7.2305,-0.0553,0.0533,0.1034,-4.4388,-7.4795,2.5163,-0.0632,-0.0482,-0.0393
-2.0183,3.5338,7.0581,-0.1667,-0.1395,-0.0409,-4.4077,-7.6806,2.6121,-0.0489,0.0931,-0.0885
-2.0686,3.6583,7.0797,-0.2579,-0.0585,0.1306,-4.3670,-7.7309,2.6719,-0.0320,-0.1962,-0.3720
-2.1308,3.5338,7.1491,-0.1410,-0.0694,0.0348,-4.3024,-7.7189,2.5905,-0.0457,0.0011,-0.1111
-2.0399,3.5291,7.1970,-0.0646,0.0378,-0.0457,-4.2449,-7.7812,2.6552,-0.0946,0.0488,0.0380
-1.9680,3.4620,6.8187,0.0188,0.1070,-0.2244,-4.1492,-7.7189,2.3798,-0.0949,0.2025,0.3166
-2.3008,3.4692,7.2137,-0.1272,-0.0208,-0.0624,-4.3383,-7.8266,2.4852,-0.0588,-0.0093,-0.0131
-2.1500,3.4429,7.4268,-0.0632,0.0039,0.0124,-4.2497,-7.8219,2.6767,-0.0208,-0.0329,-0.0234
-2.0470,3.5051,7.0461,-0.0902,0.0298,-0.0446,-4.3335,-7.6231,2.6288,-0.1326,0.0422,0.0805
-2.0375,3.4979,7.1084,0.0233,0.3247,-0.4317,-4.5873,-7.3334,2.4541,0.0179,0.1962,0.7362
-2.4253,3.3184,7.4484,0.0572,0.7362,-0.9317,-5.4277,-7.5082,1.9800,0.0653,-0.0234,1.6242
-2.1261,2.4876,6.6966,0.1664,0.7557,-1.0635,-43.9001,-44.4555,31.6226,3.8951,-6.3268,22.4264
-2.6839,3.4357,6.9264,0.0284,0.8600,-0.7927,-5.1020,-6.3997,2.6839,-0.3745,1.1939,1.7280
-1.8052,3.4548,8.0062,-0.2515,0.5403,-0.2926,-6.5290,-7.3406,2.5283,-0.5408,0.5990,0.9796
-3.3519,3.1723,6.1914,0.0580,0.4662,-0.6155,-6.2393,-6.1770,2.2984,-0.1001,-0.6186,0.8167
-3.5913,3.2010,6.2537,-0.0901,0.0861,-0.3012,-6.2489,-5.8682,1.8890,-0.2190,0.3720,0.5056
-3.3088,3.0718,6.0454,-0.1456,0.2276,-0.3973,-6.3686,-6.1148,2.2122,-0.1310,-0.3337,0.3226
-3.7014,3.1436,5.9879,-0.1579,0.3118,-0.5502,-6.2417,-5.8682,2.1907,-0.1892,-0.1176,0.7016
-4.0247,3.1556,6.9911,-0.0890,0.4491,-0.4249,-7.0318,-6.1292,2.2936,-0.1227,-0.3020,0.6620
-4.2306,2.8994,6.5170,-0.0596,0.1616,-0.3239,-6.8354,-5.7652,2.3152,-0.0169,-0.2586,0.2825
-4.1468,3.0023,6.5745,-0.1379,0.0080,-0.1435,-7.0174,-5.6838,2.1308,-0.0216,-0.0759,-0.0927
-4.2976,2.8946,6.3758,-0.1895,-0.0245,-0.0512,-6.4787,-5.6431,2.3224,0.0550,-0.1837,-0.2582
-4.1276,2.9066,6.9336,-0.1186,-0.0982,0.0073,-6.6559,-6.0190,2.7461,0.0498,-0.1018,-0.0404
-3.9097,2.8778,6.1890,-0.0689,-0.0858,-0.0779,-6.4212,-5.7868,2.8611,0.0248,-0.1711,-0.0878
-4.0462,2.8395,6.6726,-0.0795,-0.1615,-0.0597,-6.4021,-5.8203,2.3942,0.0396,0.0873,-0.3641
-4.1084,2.9449,6.4404,-0.0659,-0.1743,0.0254,-6.5505,-6.0669,2.4565,0.0278,-0.1123,-0.3056
-4.1084,2.8635,6.5817,-0.0580,-0.0906,0.1436,-6.3327,-5.9879,2.2003,0.0502,0.0973,-0.0368
-4.0606,2.8252,6.6391,-0.1264,0.0245,-0.0606,-6.1914,-5.9376,2.4541,-0.0277,-0.0482,0.1206
-4.2425,2.7414,6.6367,-0.1178,0.0879,-0.1251,-6.5410,-6.0717,2.6408,-0.1034,0.0032,0.1592
-4.1755,2.9401,6.9839,-0.1003,0.0418,-0.0548,-6.2560,-5.8610,2.8156,-0.0541,-0.0649,0.2530
-3.9576,2.8036,6.8905,-0.0021,0.1086,-0.1132,-6.5529,-6.0094,2.9161,-0.0612,0.1003,0.2810
-3.9648,2.8323,6.4859,-0.0152,0.0305,0.0091,-6.5864,-5.7245,2.5666,-0.0097,0.0253,0.0969
-3.9840,2.9137,6.4643,-0.0747,-0.0264,-0.0368,-6.5266,-5.6814,2.3008,-0.0099,-0.1134,0.0496
-4.1108,2.8850,6.6894,-0.0762,0.0017,-0.1134,-6.7445,-5.8059,2.8299,0.0278,-0.1506,0.0954
-4.0462,2.8084,6.3829,-0.0773,0.0405,-0.1123,-6.5338,-5.6551,2.7964,-0.0237,-0.0177,0.1154
-4.0725,2.8659,6.6918,-0.0472,0.1308,-0.2697,-6.7373,-5.8347,2.8587,0.0137,-0.1088,0.2164
-3.9840,2.7701,6.5003,-0.0129,0.1585,-0.2417,-6.4093,-5.5210,2.8204,0.0898,-0.1883,0.2389
-4.2904,2.7581,6.8307,-0.1178,0.1166,-0.3296,-6.6152,-5.6838,2.9712,0.0826,-0.3240,0.2314
-4.2952,2.7294,6.8498,-0.0397,-0.0262,-0.1851,-6.6894,-5.6527,3.2322,0.1471,-0.0757,0.0779
-4.3670,2.7054,6.5050,0.0450,0.1454,-0.3636,-6.5050,-5.3510,2.8419,0.0741,0.3704,0.0073
-4.2760,2.7725,6.2872,-0.0534,-0.0117,-0.2574,-6.8522,-5.2481,2.6169,0.0441,0.4397,-0.0901
-4.3359,2.5546,5.7317,-0.1776,-0.0282,-0.2598,-7.9033,-5.5929,2.8204,0.5997,-1.2561,1.6395
-3.4117,2.8108,6.9456,-0.1633,-0.1244,-0.5248,-6.3398,-4.3215,3.3327,0.4441,-2.9251,2.1727
-5.0087,2.6647,7.2377,0.0360,0.0465,-0.3343,-5.1499,-4.0797,3.8762,0.0061,0.1568,1.2453
-4.8746,2.5642,6.4260,-0.0151,-0.0045,-0.0550,-7.2113,-3.9983,3.7158,0.1114,-0.3381,0.6695
-4.9201,2.5618,6.6894,-0.2511,0.0324,0.3403,-4.8626,-3.3495,3.4548,-0.0097,-0.7005,-0.1619
-5.0566,2.2889,6.0980,-0.4818,0.0675,0.6198,-5.7748,-4.0965,4.5921,-0.2605,0.4407,-0.7565
-5.1858,2.2601,7.0246,-0.3491,0.2076,0.2999,-5.9496,-4.3024,4.2856,-0.0493,0.2876,-1.2646
-3.8810,2.2745,7.0988,-0.1023,0.0578,-0.0160,-7.2089,-5.5115,4.3167,-0.1246,0.6852,-0.4106
-4.9680,2.4349,6.6152,-0.0974,1.1822,-1.3679,-6.6200,-4.6950,4.0438,0.3901,-3.7831,1.0921
-4.3742,1.7573,5.9280,-0.2543,0.2068,-0.5099,-5.4564,-3.5650,4.9249,0.0747,-1.0364,0.6767
-4.8866,1.8914,6.5098,-0.2266,0.1677,-0.4128,-5.7365,-4.0725,5.2864,-0.0386,-0.9915,0.3781
-5.2289,1.9417,6.7301,-0.1552,-0.1675,-0.0922,-5.7628,-3.9911,5.6360,0.0358,-0.4598,0.1668
-4.8387,1.6568,6.0525,-0.0548,-0.3852,0.0628,-5.4181,-3.7302,5.1571,0.0084,-0.1747,-0.1800
-5.1595,1.7909,5.9472,-0.0747,-0.0865,0.0064,-5.9256,-3.9265,4.9775,-0.0662,0.1480,-0.1323
-5.1212,1.8411,6.3279,-0.0601,-0.0063,0.0464,-5.7964,-4.0270,5.3151,-0.0169,-0.0698,-0.0333
-5.0685,1.9010,6.3829,-0.0600,-0.0261,0.0260,-5.6934,-3.9720,5.3486,-0.0064,-0.0762,0.0654
-4.9488,2.0207,6.2800,-0.0518,-0.0224,0.0093,-5.6144,-3.7709,5.3032,-0.0328,0.0234,-0.0145
-4.9153,1.9920,6.3542,-0.0847,-0.0458,0.0629,-5.5282,-3.7326,5.3750,-0.0757,0.1691,-0.1454
-4.8028,1.8842,6.3470,-0.0783,-0.2643,0.1789,-5.4899,-3.9097,5.3486,-0.0942,0.4089,-0.3978
-4.7956,2.0087,6.3686,-0.0730,-0.4619,0.2919,-5.6958,-4.1875,5.1020,-0.0633,0.4383,-0.5433
-4.7046,2.0255,6.9576,-0.1174,-0.5069,0.2958,-5.6264,-4.2258,5.3103,0.0044,0.1167,-0.3006
-3.1603,3.0215,4.1396,0.2944,-0.5588,0.4546,-5.7365,-4.0534,5.2170,-0.0047,0.7049,-0.6185
-3.3040,2.5762,6.4141,-0.2778,-0.7131,0.2005,-6.5625,-4.4652,4.5250,-0.2447,1.8459,-1.2816
-3.4141,2.4134,5.9328,0.0472,-0.2614,-0.0236,-6.4260,-4.2282,2.5977,-0.5005,1.7182,-0.3067
-4.9680,2.5139,6.2441,-0.3555,-0.4494,-0.1191,-5.2265,-4.6136,4.4843,0.0032,-0.2501,0.2388
-5.6048,2.2266,6.8354,-0.2943,0.1779,0.2100,-4.9656,-4.5993,4.6040,-0.1355,0.3575,0.0699
-3.7589,2.4445,7.2257,-0.2052,-0.0380,0.4386,-5.9328,-4.8961,4.3910,-0.0659,-0.1042,-0.0758
-4.2593,2.3152,7.2089,0.0314,0.1611,0.3126,-5.8754,-4.8554,4.0079,-0.0755,0.2046,-0.6101
-5.3798,2.1931,5.6503,-0.0229,0.0594,0.3212,-6.1172,-5.0901,4.1875,0.0248,0.3311,-0.8845
-4.5059,2.1404,6.3590,0.2924,0.8179,-0.1098,-6.0525,-4.8459,4.1755,0.2823,-1.0689,0.4297
-4.6998,2.4995,6.9168,0.2324,-0.5295,0.4943,-6.4117,-5.0350,4.2306,0.3933,0.4213,0.1544
-4.8195,2.3631,6.2991,0.7024,-0.7995,0.6175,-6.5888,-5.1404,3.8786,0.9018,-0.2510,0.1751
-4.5107,2.5139,5.7197,0.9601,-0.8797,0.4124,-6.3087,-4.4388,3.0765,1.3420,-0.6506,0.6755
-3.4069,3.1412,6.6774,0.7771,-0.9422,0.3439,-5.8347,-3.9648,5.0015,1.2929,-1.0729,1.0617
-2.3631,3.8403,7.3598,0.6262,-0.5749,0.1915,-5.4636,-2.9664,6.3255,0.9535,-1.5471,1.5243
-1.7933,4.3455,7.1156,0.2586,0.1761,0.3059,-4.7669,-1.6017,6.7038,0.2314,-0.5165,0.7943
-2.2697,4.2329,6.3063,-0.0362,0.1595,0.0867,-5.0781,-1.6903,6.1914,-0.1182,-0.0238,-0.0376
-3.4309,3.8595,6.2752,-0.0978,0.1779,0.2040,-5.8873,-2.8276,5.4660,-0.3376,0.5199,-0.3889
-3.7014,3.8403,6.6870,-0.1276,-0.0001,0.0706,-6.2034,-3.2753,5.3965,-0.1074,0.0886,0.0597
-3.3710,3.9241,6.7732,-0.0671,0.0164,0.0317,-5.9544,-2.9449,5.8059,-0.0608,0.0333,0.0358
-3.1196,3.8930,6.4859,-0.0794,-0.0658,0.0329,-5.7628,-2.7390,5.6024,-0.0417,0.0115,-0.0324
-3.1340,3.9217,6.4452,-0.0834,-0.1074,0.0754,-5.8107,-2.8898,5.5138,-0.0277,0.0185,-0.0350
-3.0478,3.9097,6.3734,-0.1330,-0.0961,0.0035,-5.6551,-2.7007,5.6240,-0.0213,-0.3071,0.1055
-3.1627,3.9648,6.7397,-0.1939,-0.0394,0.0181,-5.9328,-2.9353,5.6958,-0.1198,0.0289,0.0037
-3.2178,3.8978,6.5697,-0.1019,0.0565,0.0396,-5.8945,-2.9090,5.4612,-0.1557,0.1743,-0.1046
-3.1316,3.9385,6.8139,-0.1527,0.0461,0.0358,-5.8969,-3.0119,5.7844,-0.1727,0.1479,-0.0076
-3.0047,3.8259,6.7229,-0.1006,0.0345,0.0525,-5.8682,-2.9904,5.5785,-0.0859,0.0153,0.0289
-3.0478,3.8595,6.5601,-0.1047,0.0230,0.0674,-5.7485,-2.8347,5.4324,-0.1182,0.0749,-0.0019
-3.2034,3.8642,6.7612,-0.1164,0.0264,0.0161,-5.9951,-3.1077,5.6096,-0.0987,0.0053,0.0124
-3.1532,3.8403,6.8091,-0.1050,-0.0192,-0.0065,-5.8682,-3.0215,5.5833,-0.0341,-0.1318,0.0132
-3.1220,3.7828,6.6224,-0.0957,-0.0843,-0.0088,-5.7676,-2.9521,5.5330,-0.0250,-0.0249,-0.0176
-3.0502,3.9480,6.5601,-0.0877,0.0237,-0.0304,-5.8012,-2.8419,5.5186,-0.0706,0.0518,-0.0476
-3.1627,3.7733,6.4572,-0.0906,0.0316,-0.0233,-5.8682,-2.9880,5.6048,-0.0699,0.0085,-0.0052
-3.2034,3.8595,6.6559,-0.0835,0.0151,-0.0274,-6.0047,-3.1149,5.4612,-0.0540,-0.0005,-0.0017
-3.1987,3.8355,6.6631,-0.0830,-0.0653,0.0093,-5.8251,-2.9113,5.5450,-0.0326,-0.0292,-0.0136
-3.1125,3.8666,6.5529,-0.0803,-0.0366,-0.0269,-5.8395,-2.9951,5.5067,-0.0274,-0.0597,0.0072
-3.1603,3.8571,6.7277,-0.0934,0.0011,-0.0393,-5.9113,-3.0047,5.4660,-0.0372,-0.0645,0.0266
-3.1508,3.8427,6.6918,-0.1045,-0.0226,-0.0313,-5.8323,-2.9975,5.6240,-0.0277,-0.0842,0.0059
-3.1005,3.8331,6.5841,-0.1005,-0.0332,-0.0286,-5.8179,-2.9377,5.6144,-0.0432,-0.0424,-0.0261
-3.2274,3.8499,6.7229,-0.1290,-0.0739,-0.0470,-5.8754,-2.9856,5.6862,-0.0352,-0.1126,-0.0602
-3.0789,3.7326,6.6439,-0.1332,-0.1749,-0.0326,-5.6623,-3.0430,5.6551,-0.0185,-0.0798,-0.1025
-2.9736,3.7996,6.7062,-0.0801,-0.0974,-0.0270,-5.7126,-2.9592,5.6623,-0.0053,-0.0699,-0.0269
-2.9377,3.8810,6.6224,-0.0456,0.0029,-0.0232,-5.6599,-2.9281,5.6767,-0.0416,0.0450,0.0016
-3.0742,3.8116,6.6463,-0.0694,0.0249,0.0129,-5.8754,-2.9760,5.4564,-0.0465,0.0157,0.0678
-3.0742,3.6799,6.7014,-0.0966,-0.0183,-0.0176,-5.6599,-2.9329,5.6096,-0.0320,-0.1290,0.0710
-3.1125,3.8044,6.6559,-0.1344,-0.0119,-0.0630,-5.8107,-2.9928,5.8275,-0.0785,-0.0637,-0.0301
-3.1029,3.7517,6.7516,-0.1740,-0.0762,-0.0865,-5.6790,-2.9473,5.7437,-0.0971,-0.0493,-0.1030
-3.0406,3.7637,6.6702,-0.2390,-0.0445,-0.1343,-5.6862,-2.9951,5.6623,-0.1671,0.0358,-0.1740
-3.1723,3.7996,6.9504,-0.2734,0.0096,-0.1154,-5.8107,-3.0646,5.9975,-0.2505,0.1200,-0.1915
-3.0933,3.6440,6.4356,-0.2570,0.2848,-0.0829,-5.7245,-2.9042,5.6431,-0.4824,0.8715,-0.3552
-3.5243,3.6847,6.4428,-0.5321,0.4258,-0.0404,-6.3686,-3.3016,4.9344,-0.8191,0.8414,-0.2328
-3.7852,3.6943,7.6207,-0.5109,1.0998,-0.3500,-6.6511,-3.9073,5.8131,-0.8599,0.5208,-0.0079
-3.9265,3.5410,7.5681,-0.3361,0.8426,-0.3765,-6.6367,-3.9959,5.5689,-0.6065,0.5292,-0.0687
-3.8379,3.3591,7.0246,-0.2124,0.4780,-0.4499,-6.2608,-3.7852,5.2218,-0.3122,0.2407,-0.1663
-3.9792,3.0263,6.2824,-0.1900,0.2582,-0.5132,-6.0789,-3.7517,4.7214,-0.1921,0.0738,-0.2173
-4.2617,2.8587,5.9448,-0.1715,0.2922,-0.5263,-6.0454,-3.7685,4.2425,-0.2153,0.2895,-0.2794
-4.2090,2.6169,5.8706,-0.2282,0.3713,-0.5288,-5.9903,-4.0007,4.1587,-0.3054,0.3933,-0.3292
-4.5657,2.2051,5.8012,-0.2433,0.3599,-0.5155,-6.1603,-4.3574,3.7158,-0.3195,0.4338,-0.3384
-5.0350,2.0303,5.8227,-0.2717,0.3401,-0.5248,-6.3686,-4.5179,3.6224,-0.3256,0.3720,-0.3708
-5.3965,2.1237,5.9424,-0.2739,0.2385,-0.4896,-6.6846,-4.9249,3.4357,-0.2749,0.2931,-0.3741
-5.6048,1.9632,6.0932,-0.2758,0.1623,-0.4632,-6.7421,-5.0518,3.6296,-0.2463,0.2509,-0.3781
-5.5761,1.9130,6.4811,-0.2821,0.0669,-0.4407,-6.7181,-5.3127,3.9504,-0.1853,0.1062,-0.3840
-5.5593,1.6520,6.4284,-0.2318,-0.0286,-0.3900,-6.6511,-5.4755,3.7469,-0.1419,0.1974,-0.3840
-5.9400,1.6664,6.4979,-0.2085,0.0681,-0.3592,-6.8402,-5.7317,3.6655,-0.1788,0.2546,-0.3672
-6.0454,1.6233,6.5888,-0.1978,0.1242,-0.2551,-6.9121,-5.7317,3.6344,-0.1851,0.1973,-0.1989
-5.6096,1.4892,6.3039,-0.1078,0.1278,-0.2174,-6.4883,-5.5689,3.7421,-0.1331,0.1549,-0.1170
-5.5043,1.5179,6.4620,-0.0730,0.1307,-0.1976,-6.4620,-5.6695,3.7373,-0.1222,0.2000,-0.0730
-5.5498,1.5490,6.1794,0.0013,0.3118,-0.1743,-6.3877,-5.3822,3.5386,-0.1280,0.3004,-0.0075
-5.8035,1.4317,6.0525,0.0016,0.3381,-0.1580,-6.5984,-5.5402,3.2872,-0.1394,0.4004,0.0111
-5.7748,1.4317,5.8035,0.0027,0.2368,-0.0877,-6.4308,-5.3846,2.9137,-0.1061,0.2940,0.0512
-5.6264,1.2186,5.6767,-0.0514,0.0787,-0.0943,-6.1483,-5.3008,2.8180,-0.0763,0.1567,-0.0187
-5.4348,1.3336,5.7604,-0.0937,-0.0145,-0.1078,-6.2297,-5.3726,3.1939,-0.0173,0.0609,-0.1061
-5.2098,1.2665,5.9711,0.0221,-0.2765,-0.0761,-5.9352,-5.3558,3.4309,0.1812,-0.0572,-0.1463
-5.3415,1.3024,5.5761,0.1090,-0.4471,-0.0589,-6.1555,-5.2289,2.7988,0.3492,-0.1010,-0.2094
-5.0182,1.3264,5.2433,-0.0203,-0.5760,-0.0151,-5.7557,-4.8890,2.6624,0.2677,-0.2577,-0.2341
-5.0518,1.3910,5.5186,-0.1041,-0.2895,-0.0017,-5.9783,-5.1858,3.1220,0.0659,-0.1187,-0.1557
-5.0542,1.2713,5.4348,-0.1375,-0.1398,0.0774,-5.8586,-5.1044,2.9161,-0.0861,-0.0261,-0.0457
-4.8770,1.3791,5.9328,-0.1728,-0.0294,0.0381,-5.8395,-5.2505,3.2992,-0.0878,-0.1904,-0.0077
-5.2026,1.4509,5.9328,-0.1677,-0.2032,0.0384,-6.1268,-5.2265,3.3758,-0.0176,-0.1962,-0.0757
-5.2481,1.4676,6.0071,-0.1244,-0.2666,0.0683,-6.1339,-5.2768,3.3782,0.0333,-0.2310,-0.0671
-5.0278,1.4916,6.0837,-0.2016,-0.2381,0.1255,-5.9544,-5.2409,3.3184,-0.0819,-0.1627,-0.1491
-5.0398,1.5036,6.4021,-0.2550,-0.2017,0.0842,-6.0861,-5.5306,3.7757,-0.0923,-0.2679,-0.0925
-5.0661,1.6113,6.6774,-0.1721,-0.1712,0.0199,-6.1411,-5.5545,4.0773,0.0025,-0.2350,-0.0573
-5.1571,1.6209,6.4643,-0.0761,-0.4362,0.0047,-6.0861,-5.3391,3.6823,0.2562,-0.5585,0.0609
-5.3965,1.5036,6.3518,-0.0413,-0.7954,-0.1047,-6.3877,-5.3989,3.2465,0.5774,-1.0681,0.4026
-5.2265,1.4676,5.6024,0.0638,-0.9383,-0.0819,-6.0813,-4.6711,3.4046,0.7647,-1.4198,0.3552
-4.6471,1.5179,5.4013,0.0723,-0.9040,0.0296,-5.4708,-4.4149,3.3303,0.5626,-0.9058,0.1579
-4.3383,1.5299,5.8586,-0.2188,-0.5341,0.0542,-5.3391,-4.3886,4.0606,0.1128,-0.8330,0.1077
-3.8762,1.5562,7.1443,-0.4454,-0.2637,0.1533,-5.1020,-4.7429,5.5617,-0.3154,-0.3183,-0.0753
-3.9313,1.4676,8.3031,-0.3647,-0.0763,0.1303,-5.3391,-5.4851,6.1028,-0.2451,-0.1804,-0.0516
-4.0462,1.3408,7.9990,-0.1740,-0.2995,0.1519,-5.2409,-5.4109,5.8849,0.0009,-0.3877,0.0120
-3.6583,1.3862,7.5298,-0.1234,-0.3407,0.1575,-5.0302,-5.0829,5.6024,0.0244,-0.3369,0.0207
-3.7948,1.4006,7.3263,-0.1088,-0.0691,0.1418,-5.1380,-5.0518,5.5306,-0.0537,-0.1891,0.0754
-3.7685,1.3910,7.2425,-0.1010,-0.1699,0.1827,-4.9656,-4.7716,5.2505,-0.0107,-0.2418,0.1061
-3.6655,1.4940,7.2784,-0.1316,-0.2156,0.1536,-5.0637,-4.8363,5.2170,-0.0180,-0.2478,0.0410
-3.6105,1.5131,7.2305,-0.1386,-0.2298,0.1661,-4.8722,-4.5993,5.3223,-0.0215,-0.2928,0.0357
-3.4165,1.5347,7.0006,-0.2000,-0.2162,0.1354,-4.7453,-4.5825,5.3127,-0.0887,-0.2224,-0.0489
-3.4884,1.5443,7.2329,-0.2044,-0.1836,0.0990,-4.9297,-4.7860,5.5402,-0.1051,-0.1771,-0.0731
-3.5195,1.4581,7.3287,-0.2269,-0.1593,0.0677,-4.8411,-4.7932,5.5306,-0.1400,-0.1504,-0.0505
-3.4069,1.4581,7.6447,-0.1792,-0.1280,0.0762,-4.8195,-4.9009,5.6264,-0.0942,-0.1639,-0.0703
-3.4237,1.4653,7.5322,-0.1367,-0.0469,0.0540,-4.8195,-4.9584,5.5761,-0.0910,-0.0338,-0.0946
-3.2944,1.4437,7.4077,-0.1576,-0.0953,0.0385,-4.6855,-4.8698,5.5833,-0.0871,-0.0845,-0.0261
-3.2729,1.4605,7.6567,-0.1271,-0.0598,0.0281,-4.6400,-4.9129,5.7772,-0.0815,-0.0189,-0.0512
-3.1819,1.4341,7.7835,-0.0167,0.0288,0.0328,-4.6543,-5.1332,5.9304,-0.0436,0.1395,-0.0818
-3.4022,1.4293,7.6064,-0.1088,0.0015,-0.0265,-4.7740,-4.9608,5.6886,-0.0794,0.0450,-0.0437
-3.4453,1.3575,7.5609,-0.1017,-0.0167,-0.0529,-4.7333,-5.1044,5.6527,-0.0486,-0.0649,0.0436
-3.3998,1.2163,7.2616,-0.0859,0.0369,-0.0663,-4.7477,-4.9728,5.2002,-0.0440,0.0041,0.0402
-3.5243,1.3144,7.4891,-0.1348,-0.0538,-0.0652,-4.7597,-5.0685,5.4516,-0.0017,-0.3401,0.2521
-3.2753,1.1349,7.2736,-0.0938,0.0087,-0.0508,-4.5298,-4.9201,5.5258,-0.0246,-0.1009,0.1392
-3.4596,1.2306,7.2089,-0.0064,0.1432,-0.0517,-4.6400,-4.8722,5.4157,-0.0572,0.1700,0.0141
-3.5314,1.2905,7.1946,-0.0578,0.0841,-0.0234,-4.7429,-4.8291,5.1044,-0.0767,0.0970,0.0153
-3.4357,1.2426,7.1682,-0.1254,0.0438,-0.0330,-4.6783,-4.9129,5.4612,-0.1202,0.0195,-0.0155
-3.6033,1.2522,7.4723,-0.1017,0.0244,0.0016,-4.7405,-4.9799,5.3917,-0.0851,0.0466,0.0264
-3.5769,1.2330,7.4101,-0.1006,0.0340,-0.0128,-4.7190,-5.0566,5.4851,-0.0847,0.0133,0.0083
-3.6009,1.2641,7.3334,-0.0528,0.0269,0.0204,-4.8219,-4.9656,5.3151,-0.0449,0.0337,0.0556
-3.5027,1.3455,7.0916,-0.0915,-0.0029,0.0063,-4.7166,-4.8171,5.2744,-0.0636,-0.0310,0.0115
-3.4931,1.2809,7.2329,-0.0929,0.0104,0.0096,-4.7214,-4.9392,5.4803,-0.0785,0.0762,-0.0866
-3.4477,1.3120,7.1970,-0.0252,0.0759,0.0369,-4.7022,-4.9392,5.4420,-0.1503,0.4036,-0.3068
-3.6559,1.3910,7.3478,-0.0786,0.0408,0.0088,-4.8626,-5.0518,5.3846,-0.0637,0.0241,-0.0180
-3.7565,1.3575,7.2664,-0.0717,0.0133,-0.0282,-4.9249,-4.9799,5.3367,-0.0456,0.0089,0.0400
-3.4524,1.3695,7.2688,-0.0969,-0.0501,-0.0075,-4.8123,-4.9536,5.4061,-0.0533,-0.0589,0.0145
-3.4884,1.3408,7.2401,-0.1067,0.0602,-0.0340,-4.6519,-4.8746,5.3582,-0.1228,0.1656,-0.0537
-3.5099,1.3384,7.4172,-0.1127,0.0393,-0.0646,-4.7956,-5.0230,5.2026,-0.1007,0.0446,-0.0646
-3.5698,1.2809,7.2592,-0.1071,0.0609,-0.0729,-4.7669,-5.0973,5.4516,-0.1055,0.1295,-0.0461
-3.6607,1.2474,7.2880,-0.0954,0.1150,-0.0588,-4.8770,-5.1308,5.2720,-0.1096,0.1993,-0.0462
-3.5195,1.1013,7.2520,-0.0918,0.0333,-0.0421,-4.6064,-5.1116,5.1092,-0.1230,0.2378,-0.1124
-3.7948,1.2426,7.3502,-0.0310,0.0330,0.0622,-5.0350,-5.3247,5.0422,-0.1038,0.2619,-0.1632
-3.5769,1.1540,7.2640,-0.0169,-0.0072,0.0738,-4.7621,-5.1140,5.0566,-0.0727,0.2144,-0.1196
-3.6009,1.2546,7.2377,-0.0394,-0.1555,0.1825,-4.9464,-5.1739,5.0063,-0.1042,0.3834,-0.2413
-4.5394,0.6488,7.8793,0.1359,-0.1276,1.0869,-5.2457,-5.5115,4.2210,-0.2663,0.6290,-0.2402
-3.7996,1.6041,8.0302,0.1287,-0.3508,0.9545,-4.4843,-5.3415,4.5921,-0.2622,0.5033,-0.4124
-3.1963,1.2258,7.3239,-0.1244,-0.4990,0.6967,-5.3463,-5.8347,4.8459,-0.1917,0.4421,-0.3022
-3.0718,1.5945,7.6016,-0.0424,-0.2165,0.4691,-5.0398,-5.4923,4.5131,-0.0690,0.3816,-0.1804
-3.0981,1.6209,7.3957,0.0490,0.0238,0.0152,-5.0877,-5.5402,4.3167,0.0677,-0.0133,-0.0377
-3.1819,1.6472,7.0054,-0.0369,-0.0969,-0.1128,-5.0709,-5.4708,4.2066,0.0985,-0.2463,0.0410
-3.4117,1.6352,7.3861,-0.0536,0.0681,-0.0694,-5.5474,-5.8347,4.2042,0.0296,-0.0645,0.1207
-3.1412,1.5610,7.2808,-0.1061,-0.0153,-0.0801,-5.0015,-5.3893,4.8722,0.0260,-0.2643,0.1484
-3.1556,1.6903,7.6136,-0.0901,-0.0420,-0.0173,-5.1739,-5.5450,4.9057,-0.0276,-0.0545,0.0536
-2.9928,1.6376,7.5705,0.0043,0.0167,0.0089,-5.0949,-5.4372,4.9919,-0.0159,0.1043,0.0140
-2.9113,1.7980,6.9504,-0.0501,0.0577,-0.2324,-5.9256,-4.6615,4.7692,0.0185,0.3034,-0.1455
-3.3160,1.7717,7.3047,-0.0526,0.1160,-0.0722,-5.3199,-5.4348,4.6328,0.0064,-0.1697,0.0408
-3.1939,1.7142,7.2880,-0.0909,-0.0711,-0.0011,-5.0422,-5.4277,4.7142,-0.0226,-0.0169,-0.0061
-3.1436,1.7454,7.4675,-0.0727,-0.0533,-0.0017,-5.1619,-5.3630,4.9129,-0.0354,0.0151,-0.0137
-3.0311,1.6927,7.5346,-0.0967,-0.0588,-0.0441,-4.9895,-5.4779,4.9344,-0.0601,0.0147,-0.0553
-3.2896,1.5993,7.7381,-0.0763,0.0396,-0.0416,-5.2026,-5.7365,4.9225,-0.0610,0.0867,-0.0244
-3.3064,1.5658,7.3023,0.0047,-0.0290,0.0044,-5.0374,-5.4229,4.4963,0.0032,0.1053,-0.0192
-3.1603,1.5682,6.9408,-0.1002,-0.1637,0.0469,-4.9895,-5.2984,4.3359,-0.0630,0.0152,-0.1039
-3.1699,1.6257,7.3933,-0.0869,0.0805,0.0388,-5.1763,-5.5689,4.5633,-0.1198,0.1155,-0.0262
-3.1508,1.5945,7.3909,-0.0574,-0.0324,0.0029,-5.0733,-5.4372,4.4819,-0.0175,-0.0065,-0.0129
-3.1675,1.7358,7.1754,-0.0321,-0.0817,0.0088,-5.1547,-5.4085,4.5442,0.0107,-0.0486,0.0422
-3.1077,1.7765,7.0174,-0.0357,0.1054,-0.0381,-5.1020,-5.5043,4.5657,-0.0851,0.1212,0.0262
-3.0382,1.7310,7.4196,-0.0867,0.0393,0.0244,-4.9919,-5.2864,4.5298,-0.0671,0.0389,-0.0131
-3.0071,1.7980,7.2209,-0.1007,-0.0914,0.0060,-5.1140,-5.3702,4.8147,-0.0374,-0.0709,-0.0730
-3.3136,1.7885,7.6375,-0.0302,-0.0344,0.0923,-5.3415,-5.6240,5.1212,-0.0790,0.2501,-0.0562
-3.1987,1.5347,7.4795,-0.0004,-0.1278,0.0871,-5.6407,-5.8012,4.8243,-0.0879,0.6939,-0.1315
-2.5857,1.6257,7.5848,0.0910,0.0297,-0.0641,-6.2177,-5.9592,4.6926,0.0799,0.7545,0.3589
-3.3639,1.7358,6.9647,0.1644,0.1793,-0.5115,-6.3087,-5.6767,4.4053,0.1685,0.1304,0.8138
-3.6105,1.9058,6.8187,-0.0678,0.1330,-0.3517,-4.8315,-4.7501,3.7493,-0.0163,0.2775,0.8398
-3.8810,1.7286,7.2544,-0.2994,0.0496,0.0345,-4.2521,-4.5466,3.8906,-0.1120,0.0566,-0.0292
-3.2226,1.7980,7.5561,-0.3949,-0.0790,0.3445,-5.3463,-4.6088,3.8475,-0.0921,0.3007,-0.7548
-4.1252,1.7142,7.7141,-0.2974,0.0097,0.5440,-4.1611,-4.5514,4.5466,0.0943,-0.8108,-0.5465
2.3870,1.9465,6.7828,-0.3070,-0.6973,-0.0498,-11.4898,-6.6870,4.0845,-0.2836,0.9874,-0.1387
-3.2322,1.7238,7.0054,-0.3313,0.2252,-0.2196,-6.2249,-5.5426,4.0725,-0.0298,-1.3611,0.0209
-3.0071,1.5299,7.3741,-0.3988,-0.1046,0.0891,-5.1332,-5.6958,4.6855,-0.3624,0.4281,-0.4330
-3.1556,1.4222,7.8937,-0.1723,-0.0588,0.0413,-5.3151,-6.0597,4.9033,-0.0950,-0.2842,-0.2281
-3.0239,1.4269,7.4915,-0.0766,-0.2384,0.0707,-5.0087,-5.5905,4.4053,-0.0092,0.1490,-0.2212
-2.8706,1.4700,7.3358,-0.1031,-0.1126,0.0544,-4.9344,-5.6503,4.5131,-0.0537,-0.0789,-0.1291
-3.0837,1.5514,7.3598,-0.1062,-0.0871,-0.0373,-5.0757,-5.7102,4.2545,-0.0466,0.1079,-0.2126
-3.2298,1.3575,7.4244,-0.1547,-0.0905,-0.0558,-5.3271,-5.9113,4.1707,-0.0542,-0.0008,-0.1884
-3.1053,1.4150,7.5441,-0.1569,-0.0773,0.0116,-5.1619,-5.8658,4.3096,-0.0885,-0.0041,-0.1811
-3.0095,1.3910,7.7644,-0.1743,-0.1533,0.1002,-5.0278,-5.9951,4.3455,-0.1059,0.0405,-0.1771
-2.8084,1.4413,7.4651,-0.2395,-0.2300,0.0891,-4.7453,-5.7317,4.4652,-0.1306,0.0264,-0.3094
-2.8204,1.5012,7.7189,-0.2350,-0.1609,0.0863,-5.1164,-5.9831,4.3838,-0.1478,0.1115,-0.2750
-2.8683,1.2785,7.6351,-0.1889,-0.1115,0.0634,-5.1044,-6.2010,4.3072,-0.1202,0.0135,-0.2122
-2.7246,1.3623,7.7692,-0.1451,-0.0962,0.0821,-4.8937,-6.0980,4.5131,-0.1172,0.1623,-0.1832
-2.6647,1.3479,7.4771,-0.1092,-0.0958,0.0044,-4.8483,-6.0094,4.2473,-0.0480,0.0460,-0.1146
-2.7821,1.2977,7.6207,-0.1021,-0.0136,-0.0413,-4.9368,-6.1794,4.1922,-0.0617,0.0262,-0.0641
-2.8108,1.3096,7.7141,-0.0576,-0.0167,-0.0211,-4.9895,-6.2896,4.2497,-0.0368,0.0226,-0.0027
-2.7150,1.2929,7.6519,-0.0405,0.0068,-0.0071,-4.8195,-6.1100,4.2521,-0.0308,0.0177,0.0032
-2.6384,1.1468,7.4268,-0.0923,-0.0265,-0.0274,-4.8291,-6.0166,4.2234,-0.0404,-0.0225,-0.0298
-2.7270,1.2306,7.6447,-0.1124,0.0332,-0.0484,-4.8195,-6.1459,4.2856,-0.0785,0.0236,-0.0564
-2.6480,1.2163,7.5848,-0.0903,-0.0521,-0.0432,-4.8076,-6.1986,4.3120,-0.0312,-0.0500,-0.0630
-2.7533,1.2210,7.6567,-0.0822,0.0261,-0.0368,-4.8459,-6.2944,4.2713,-0.0829,0.0798,-0.0492
-2.7270,1.2115,7.4771,-0.0713,-0.0100,-0.0329,-4.7525,-6.1148,4.2090,-0.0481,0.0233,-0.0266
-2.8036,1.1899,7.5298,-0.0683,0.0405,-0.0157,-4.8459,-6.2321,4.0366,-0.0687,0.0493,-0.0007
-2.7509,1.2522,7.5872,-0.0838,-0.0364,-0.0035,-4.8315,-6.2273,4.2018,-0.0341,-0.0229,-0.0065
-2.7318,1.2881,7.4124,-0.0841,0.0181,-0.0241,-4.8578,-6.1100,4.0534,-0.0721,0.0258,-0.0152
-2.7629,1.1899,7.5537,-0.0854,-0.0252,-0.0055,-4.8722,-6.2321,4.2569,-0.0528,-0.0252,-0.0028
-2.6839,1.1732,7.5681,-0.0598,-0.0274,0.0153,-4.6088,-6.1196,4.3120,-0.0346,-0.0201,0.0097
-2.6839,1.2809,7.5920,-0.0662,-0.0073,0.0024,-4.8411,-6.1483,4.0151,-0.0388,0.0336,0.0004
-2.6600,1.2617,7.4747,-0.0580,-0.0542,0.0188,-4.7836,-6.0956,4.0606,-0.0089,-0.0484,0.0155
-2.5498,1.1971,7.4101,-0.1104,-0.0472,-0.0020,-4.7860,-6.0741,4.0725,-0.0470,-0.0261,-0.0404
-2.8036,1.2881,7.7955,-0.1167,-0.0799,0.0181,-4.9416,-6.4212,4.4101,-0.0556,-0.0345,-0.0466
-2.8132,1.2570,7.9751,-0.0390,0.0065,0.0234,-4.9009,-6.3542,4.4365,-0.0414,0.0454,-0.0101
-2.7174,1.2881,7.7524,-0.0849,-0.0669,0.0095,-4.9201,-6.2656,4.3718,-0.0330,-0.0418,-0.0321
-2.8228,1.3479,7.6519,-0.0703,0.0076,0.0003,-4.9512,-6.2608,4.1779,-0.0617,0.0089,0.0055
-2.7605,1.2689,7.4029,-0.0973,-0.0241,-0.0060,-4.8387,-6.2201,4.0606,-0.0677,0.0076,-0.0222
-2.6480,1.3384,7.5250,-0.0813,0.0107,0.0131,-4.8507,-6.1675,4.3096,-0.0811,0.0320,0.0024
-2.5426,1.2186,7.4867,-0.0730,-0.0025,-0.0012,-4.7094,-6.1220,4.3191,-0.0525,0.0015,-0.0011
-2.6336,1.3048,7.4771,-0.0739,-0.0159,-0.0233,-4.6926,-6.0454,4.0247,-0.0442,0.0336,-0.0225
-2.7126,1.3144,7.6207,-0.1014,0.0036,-0.0334,-4.8961,-6.1483,4.2042,-0.0572,-0.0149,-0.0238
-2.6528,1.3264,7.5872,-0.0830,0.0035,-0.0581,-4.9105,-6.2393,4.2449,-0.0449,0.0269,-0.0160
-2.7102,1.2426,7.6064,-0.0727,-0.0245,-0.0185,-4.8123,-6.1770,4.2018,-0.0400,-0.0052,-0.0205
-2.6911,1.1947,7.6136,-0.1180,-0.0207,-0.0378,-4.8147,-6.1435,4.1061,-0.0536,-0.0189,-0.0546
-2.7031,1.2498,7.7309,-0.0389,-0.0051,-0.0156,-4.8937,-6.3207,4.2234,-0.0040,0.0115,0.0125
-2.7725,1.2594,7.5872,-0.0565,-0.0389,0.0136,-4.8339,-6.2153,4.1875,-0.0280,-0.0233,0.0381
-2.6169,1.2210,7.6351,-0.0461,-0.0330,-0.0009,-4.6543,-6.1028,4.2353,-0.0129,-0.0282,0.0205
-2.5905,1.3096,7.7213,-0.0801,-0.0157,-0.0060,-4.8004,-6.1579,4.1970,-0.0434,-0.0109,0.0001
-2.7054,1.2905,7.6591,-0.0745,0.0093,-0.0237,-4.9440,-6.2872,4.2377,-0.0437,0.0148,-0.0048
-2.7461,1.2186,7.5513,-0.0655,-0.0306,-0.0115,-4.7788,-6.2537,4.2162,-0.0256,-0.0296,0.0084
-2.6887,1.2881,7.6231,-0.0638,-0.0372,0.0113,-4.7669,-6.1100,4.2760,-0.0345,0.0081,-0.0100
-2.6719,1.3001,7.6327,-0.0600,0.0000,-0.0009,-4.8004,-6.1866,4.4365,-0.0417,0.0183,0.0088
-2.6767,1.1899,7.5226,-0.0785,-0.0196,-0.0100,-4.7884,-6.2201,4.2210,-0.0546,0.0209,-0.0081
-2.7461,1.3240,7.6710,-0.0614,-0.0123,-0.0107,-4.8866,-6.2465,4.3000,-0.0338,0.0035,0.0015
-2.5857,1.2689,7.5417,-0.0874,-0.0294,-0.0124,-4.6926,-6.0861,4.1731,-0.0562,-0.0093,-0.0189
-2.6671,1.3767,7.8673,-0.0890,0.0277,-0.0215,-4.9273,-6.2632,4.3239,-0.0751,0.0585,-0.0181
-2.7294,1.2977,7.5202,-0.0513,-0.0191,-0.0044,-4.8483,-6.1076,4.0677,-0.0334,0.0273,-0.0003
-2.4852,1.3815,7.4484,-0.0717,0.0013,-0.0053,-4.8123,-5.9376,4.2976,-0.0608,0.0240,-0.0093
-2.6001,1.4054,7.5968,-0.1164,0.0039,-0.0826,-4.9225,-6.1842,4.2401,-0.0514,-0.0007,-0.0685
-2.7174,1.2809,7.6686,-0.0822,0.0626,-0.0697,-4.7956,-6.2896,4.2713,-0.0713,0.0833,-0.0473
-2.8730,1.2570,7.6758,-0.0978,-0.0236,-0.0787,-4.9344,-6.4069,4.1539,-0.0329,0.0180,-0.0655
-2.7533,1.1947,7.4603,-0.0827,0.0013,-0.0613,-4.7285,-6.1555,4.1180,-0.0508,0.0304,-0.0501
-2.9425,1.0965,7.4364,-0.1033,0.0389,-0.0473,-4.8267,-6.4021,3.8858,-0.0933,0.0246,-0.0429
-2.9712,1.1947,7.7740,-0.0779,-0.0205,0.0405,-4.9225,-6.6391,4.2329,-0.0640,-0.0199,0.0481
-2.6288,1.1779,7.6184,-0.0109,-0.0317,0.0438,-4.6471,-6.1603,4.2018,-0.0008,-0.0245,0.0707
-2.4972,1.3001,7.4699,-0.0476,-0.0444,0.0380,-4.5873,-5.9616,4.2258,-0.0164,-0.0292,0.0416
-2.4612,1.3312,7.3502,-0.0754,-0.0113,-0.0246,-4.7669,-5.9280,4.0893,-0.0501,0.0119,-0.0212
-2.7414,1.3815,7.7812,-0.1086,0.0385,-0.0618,-4.9895,-6.3494,4.3694,-0.0833,0.0557,-0.0530
-2.9090,1.4293,7.5082,-0.1099,-0.0211,-0.0721,-5.0302,-6.2297,3.9959,-0.0568,0.0117,-0.0703
-3.2465,1.4461,8.0469,-0.0738,0.1011,-0.0489,-5.4324,-6.7516,4.1755,-0.1394,0.1110,-0.0057
-3.4716,1.5467,7.7452,0.0083,0.1776,0.0285,-5.5809,-6.6631,3.7733,-0.1520,0.1624,0.1260
-3.4548,1.5251,7.7644,-0.0048,0.1849,0.0534,-5.4995,-6.6343,4.0055,-0.1860,0.1069,0.1585
-3.3902,1.5323,7.7189,0.0533,0.1763,0.0568,-5.4684,-6.5649,4.0270,-0.1440,0.1657,0.1893
-3.5530,1.6544,7.4436,0.0915,0.2473,0.1175,-5.5689,-6.3422,3.5386,-0.1615,0.1896,0.2507
-3.1603,1.5945,7.5633,0.0777,0.2565,0.0990,-5.4109,-6.2944,3.9361,-0.1856,0.1847,0.2629
-3.7014,1.7980,7.3191,0.1591,0.3056,0.0837,-5.6599,-6.1914,3.4979,-0.1655,0.3288,0.2370
-3.2729,1.5467,7.0366,0.0735,0.2174,0.0505,-5.3415,-6.1100,3.5506,-0.1799,0.1525,0.2166
-3.9863,1.6352,7.1635,0.0616,0.4523,0.0376,-5.9233,-6.4787,3.0718,-0.3059,0.3720,0.2137
-4.0486,1.7190,6.8905,0.1823,0.3425,0.2136,-6.0023,-6.5601,2.8012,-0.1684,0.0221,0.4715
-3.3974,1.5921,6.3997,0.1438,0.0910,0.3577,-5.2433,-5.6814,2.8395,-0.1022,-0.0802,0.4679
-3.5243,1.6903,6.2824,0.1896,0.1989,0.3697,-5.4013,-5.7126,2.6887,-0.1256,0.0963,0.4686
-3.3854,1.7549,5.8419,0.0891,0.1268,0.5276,-5.1882,-5.2385,2.4565,-0.2054,-0.1448,0.5304
-2.4469,1.5897,6.7229,-0.1585,0.1347,0.5003,-4.6998,-5.3439,3.8403,-0.3487,-0.2922,0.4338
-2.9951,1.9154,7.0677,-0.0179,0.3082,0.5036,-5.4133,-5.8371,3.7158,-0.3351,-0.0445,0.5256
-2.5738,1.7693,7.3310,0.1272,-0.0254,0.6327,-5.0326,-5.7868,4.2976,-0.0316,-0.3930,0.6203
-2.4565,2.0853,7.0054,0.1390,-0.1350,0.6367,-5.0877,-5.1954,4.1037,0.0100,-0.2715,0.5504
-2.2362,2.1931,7.8937,0.1522,-0.3539,0.5427,-5.2816,-5.4731,4.9153,0.2830,-0.4311,0.4201
-2.4421,2.3080,8.8418,-0.3407,-0.6054,0.1176,-5.6790,-6.2321,6.2752,-0.1210,-0.4068,-0.1488
-4.2593,2.5762,10.7356,0.5012,0.6851,0.3015,-7.7979,-8.5305,5.7748,-0.0285,0.7734,0.6752
-3.0215,2.4876,5.0637,0.5295,-0.0360,0.5730,-5.0015,-3.4596,2.2242,0.2268,-0.4175,0.8264
-1.8627,2.7725,3.7900,-0.0797,0.2423,0.1011,-4.7333,-2.6911,2.1931,-0.1868,0.0256,0.1166
-2.9042,3.0718,5.5737,-0.5133,0.1029,-0.1322,-5.6240,-3.6248,2.9736,-0.5347,0.0867,-0.3336
-3.2465,3.1963,9.0405,-0.5872,0.3966,-0.2077,-7.0677,-6.4715,5.5378,-0.5472,0.1857,-0.3138
-2.7869,2.6001,7.1036,-0.2860,0.2001,-0.1303,-5.7078,-5.0566,3.9696,-0.3048,-0.0332,-0.1139
-3.0526,2.1859,5.9735,-0.4028,0.4988,-0.2994,-5.3439,-4.7166,2.6408,-0.5726,0.3531,-0.3535
-3.6775,2.2553,6.8498,-0.6551,0.5712,-0.3459,-6.0549,-5.8945,3.3998,-0.7697,0.2439,-0.4242
-4.2353,2.4277,8.1235,-0.4124,0.7643,-0.2998,-6.7708,-6.9288,3.8307,-0.6771,0.5097,-0.2557
-4.6184,2.1763,6.9384,-0.2475,0.4218,-0.1382,-6.5577,-6.3973,2.5570,-0.3949,0.1034,-0.0578
-4.6735,2.1117,6.7636,-0.2551,0.3096,-0.0891,-6.4476,-6.3279,2.5905,-0.3484,0.1689,-0.1059
-4.5681,2.0446,7.2137,-0.2093,0.0085,-0.0153,-6.4141,-6.5338,3.0789,-0.1340,-0.0893,-0.0541
-4.2760,1.9130,7.0078,-0.0886,-0.0751,-0.0141,-6.1004,-6.2920,2.9137,-0.0019,-0.0444,-0.0377
-3.9696,2.0039,6.5027,-0.1187,-0.1168,-0.0127,-5.9209,-5.8179,2.8012,-0.0049,-0.1186,-0.0472
-3.9217,1.8747,6.6798,-0.1632,-0.0140,-0.0903,-5.8347,-6.0142,3.0047,-0.0847,0.0124,-0.1148
-4.3766,2.0231,7.0366,-0.1219,0.0108,-0.1190,-6.2465,-6.3015,2.7509,-0.0418,0.0604,-0.1226
-4.3670,2.1189,6.8235,-0.1343,-0.1474,-0.0438,-6.2680,-6.1962,2.8060,0.0103,-0.0662,-0.0881
-4.1683,2.0279,6.6487,-0.1188,-0.1463,-0.0260,-5.9903,-5.9640,2.7174,0.0096,-0.0702,-0.0817
-3.9313,1.8531,6.6104,-0.2154,-0.1231,-0.0425,-5.8634,-6.1100,2.8898,-0.0691,-0.0713,-0.1324
-3.9193,1.6568,7.2042,-0.1414,-0.0037,-0.0392,-5.8227,-6.4931,3.3255,-0.0741,-0.0264,-0.0614
-4.2042,1.6975,7.0533,-0.0542,0.0472,-0.0156,-6.0166,-6.4883,3.0478,-0.0542,0.0228,0.0127
-4.1707,1.8220,6.7157,-0.0821,0.0224,0.0163,-5.9616,-6.1531,2.8084,-0.0689,-0.0337,0.0248
-4.1204,1.9776,6.7684,-0.1025,0.0095,-0.0232,-6.1076,-6.0190,2.7629,-0.0393,-0.0005,-0.0377
-4.2066,2.0303,6.4260,-0.1988,-0.1685,-0.0161,-6.0262,-5.8562,2.7270,-0.0332,-0.1720,-0.0978
-4.0031,1.9393,6.7038,-0.2447,-0.0596,-0.0484,-5.8634,-5.9735,2.8204,-0.0933,-0.0585,-0.1676
-3.8283,1.7933,6.6200,-0.3858,-0.1848,-0.0366,-5.7796,-5.9735,2.9018,-0.1383,-0.2590,-0.2152
-3.9121,1.5826,7.4292,-0.3164,0.0710,-0.0877,-5.7652,-6.7038,3.5267,-0.2270,0.0167,-0.1799
-4.0869,1.4629,7.2329,-0.1928,0.0899,-0.0546,-5.8035,-6.6056,3.0550,-0.1603,-0.0345,-0.0550
-4.1348,1.5107,6.6942,-0.2332,0.1495,-0.0505,-5.7150,-6.3422,2.7246,-0.2521,0.0489,-0.0838
-4.2832,1.4940,7.4244,-0.1795,0.1512,-0.1055,-5.9137,-6.8378,3.2154,-0.1699,0.0554,-0.0738
-4.4556,1.4102,7.0701,-0.0746,0.0814,-0.0590,-5.8778,-6.7804,2.7581,-0.0958,0.0778,-0.0136
-4.3910,1.4293,7.0126,-0.0500,0.0048,-0.0169,-5.7652,-6.6631,2.7533,-0.0417,-0.0020,0.0266
-4.2832,1.5060,6.8331,-0.0304,-0.0317,0.0000,-5.8203,-6.6032,2.7533,-0.0175,-0.0003,0.0276
-4.5657,1.4892,6.8522,-0.0370,-0.0377,0.0120,-5.9711,-6.6152,2.5235,0.0049,0.0100,0.0140
-4.3670,1.5323,6.9025,-0.0597,-0.1840,0.0811,-5.8395,-6.5074,2.8587,0.0446,-0.1434,0.0534
-4.1228,1.6113,6.6415,-0.0536,-0.1346,0.0831,-5.6910,-6.2656,2.8156,0.0297,-0.1159,0.0525
-3.9337,1.5275,6.9552,-0.0921,-0.0693,0.0717,-5.7604,-6.4165,3.0454,-0.0386,-0.0882,0.0542
-4.0462,1.5036,7.0820,-0.0557,0.0184,0.0385,-5.7557,-6.4667,3.0239,-0.0560,-0.0023,0.0637
-4.1180,1.5538,7.0150,-0.0212,0.0040,0.0340,-5.8251,-6.5218,2.9928,-0.0362,-0.0107,0.0721
-4.1300,1.5347,7.0198,0.0080,-0.0189,0.0285,-5.8227,-6.4739,2.9449,0.0071,0.0288,0.0665
-4.2593,1.6137,6.9025,0.0241,-0.0961,0.0530,-5.9448,-6.4572,2.7342,0.0699,-0.0366,0.0758
-3.8882,1.6568,6.8833,0.0021,-0.1120,0.0324,-5.7030,-6.2010,3.2274,0.0618,-0.0361,0.0476
-3.8762,1.8316,6.7253,-0.0055,-0.1003,-0.0282,-5.6551,-6.0118,2.9257,0.0638,0.0060,-0.0075
-3.8211,1.7358,6.7421,-0.0833,-0.0374,-0.0829,-5.5713,-5.9664,2.9784,-0.0286,0.0330,-0.0769
-4.0270,1.6185,7.0820,-0.0827,0.0294,-0.1131,-5.7820,-6.3590,3.1771,-0.0470,0.0779,-0.0806
-4.0318,1.6568,6.9264,-0.1006,-0.0241,-0.0982,-5.7557,-6.3638,3.0215,-0.0382,0.0253,-0.0806
-4.0773,1.6281,6.8546,-0.0958,0.0015,-0.1066,-5.8419,-6.3111,2.9688,-0.0466,0.0472,-0.0802
-4.1994,1.6616,6.8905,-0.0845,0.0189,-0.0787,-5.8490,-6.3901,2.8706,-0.0500,0.0617,-0.0569
-4.2497,1.6879,6.8211,-0.1005,-0.0236,-0.0557,-5.9280,-6.3351,2.8228,-0.0338,0.0286,-0.0621
-4.0079,1.6017,7.0150,-0.1371,-0.0681,-0.0530,-5.6431,-6.3853,3.1029,-0.0556,-0.0480,-0.0565
-4.1635,1.5012,6.9073,-0.0727,0.0621,-0.0574,-5.8610,-6.5003,2.8946,-0.0666,0.0937,-0.0365
-4.1539,1.6113,7.0725,-0.0898,-0.0033,-0.0129,-5.8538,-6.4787,2.9616,-0.0564,-0.0079,0.0045
-4.1228,1.5083,7.1012,-0.0498,-0.0037,0.0069,-5.8562,-6.5170,3.0933,-0.0428,0.0197,0.0216
-4.2473,1.5993,6.9528,-0.0470,0.0180,-0.0213,-5.8490,-6.3039,2.7725,-0.0370,0.0237,0.0079
-4.1348,1.5897,6.8498,-0.1054,-0.0429,-0.0109,-5.7509,-6.2728,2.9353,-0.0530,-0.0260,-0.0192
-4.0893,1.5945,6.9623,-0.0926,0.0041,-0.0253,-5.7413,-6.3590,2.9473,-0.0613,0.0032,-0.0264
-4.1970,1.5443,7.2999,-0.0528,0.0220,0.0081,-5.8538,-6.7708,3.1101,-0.0546,0.0667,0.0314
-4.1492,1.6496,6.8450,-0.0344,-0.0151,0.0196,-5.7604,-6.3494,2.7629,-0.0276,-0.0076,0.0454
-4.0031,1.6879,6.8809,-0.0750,-0.0269,0.0147,-5.7868,-6.2177,3.0478,-0.0366,-0.0472,0.0132
-4.1013,1.6903,6.9025,-0.0721,-0.0396,-0.0060,-5.8131,-6.2800,2.9329,-0.0336,-0.0176,0.0039
-4.0558,1.5874,6.7684,-0.1316,-0.0123,-0.0124,-5.6695,-6.1938,2.9521,-0.0754,-0.0165,-0.0334
-4.1108,1.5969,7.0270,-0.1071,-0.0132,-0.0281,-5.8299,-6.4883,3.1220,-0.0485,-0.0033,-0.0326
-4.1180,1.5945,6.9168,-0.0790,-0.0560,-0.0180,-5.7293,-6.4500,2.8994,-0.0245,-0.0056,-0.0167
-3.9648,1.6089,6.9719,-0.0810,0.0027,-0.0476,-5.7030,-6.3829,3.1244,-0.0452,0.0278,-0.0222
-4.0677,1.6233,7.0629,-0.0576,0.0241,-0.0601,-5.7317,-6.3829,3.0742,-0.0400,0.0562,-0.0201
-4.1228,1.5897,6.9528,-0.0542,0.0318,-0.0738,-5.7820,-6.3614,2.9640,-0.0449,0.0636,-0.0289
-4.1899,1.6113,7.0006,-0.0524,-0.0140,-0.0448,-5.8395,-6.4691,2.9257,-0.0250,0.0406,-0.0172
-4.1420,1.6903,6.9288,-0.0706,-0.0141,-0.0490,-5.8347,-6.3829,2.9544,-0.0212,0.0246,-0.0244
-4.1132,1.5179,6.8761,-0.0667,-0.0212,-0.0434,-5.7676,-6.4212,2.9090,-0.0324,0.0040,-0.0177
-4.1659,1.6281,6.9360,-0.0497,0.0209,-0.0196,-5.7988,-6.4476,2.8515,-0.0465,0.0438,0.0032
-4.2377,1.5993,6.8761,-0.0540,0.0019,-0.0064,-5.7604,-6.4380,2.9209,-0.0376,0.0179,0.0185
-4.1515,1.6017,6.8426,-0.0613,0.0001,0.0076,-5.8562,-6.4332,2.8419,-0.0428,0.0048,0.0289
-4.2018,1.6352,6.9552,-0.0593,-0.0318,0.0388,-5.7652,-6.3901,2.8419,-0.0296,-0.0357,0.0418
-4.0941,1.6496,7.0485,-0.0568,-0.0135,0.0278,-5.8299,-6.4715,3.0143,-0.0404,-0.0041,0.0420
-4.0175,1.6592,6.8761,-0.0532,-0.0081,0.0273,-5.7197,-6.3327,2.9736,-0.0462,-0.0137,0.0436
-4.1348,1.6759,6.8450,-0.0777,-0.0015,0.0213,-5.8634,-6.2728,2.9616,-0.0558,-0.0152,0.0200
-4.0510,1.6544,6.7660,-0.1010,-0.0429,0.0169,-5.7293,-6.2560,2.8156,-0.0556,-0.0422,-0.0051
-4.0223,1.6712,7.0174,-0.1180,0.0024,-0.0045,-5.7916,-6.3494,3.0287,-0.0831,0.0005,-0.0133
-4.0821,1.5706,7.0054,-0.0951,0.0248,-0.0137,-5.7174,-6.4189,2.9497,-0.0815,0.0080,-0.0052
-4.1180,1.6376,6.9240,-0.0883,0.0316,0.0097,-5.8155,-6.3901,2.8970,-0.0846,0.0101,-0.0009
-4.1037,1.6616,6.8690,-0.1078,0.0229,-0.0396,-5.7581,-6.2513,2.9233,-0.0723,0.0091,-0.0288
-4.0893,1.6257,7.0030,-0.1053,0.0444,-0.0629,-5.7916,-6.4069,2.9760,-0.0835,0.0405,-0.0404
-4.2186,1.6759,6.7445,-0.1115,0.0290,-0.0613,-5.7652,-6.3063,2.7581,-0.0850,0.0085,-0.0506
-4.1683,1.5993,6.9671,-0.1184,0.0029,-0.0502,-5.8897,-6.5122,2.9808,-0.0733,0.0107,-0.0556
-4.3000,1.5993,6.8378,-0.1059,-0.0084,-0.0292,-5.8586,-6.4260,2.7533,-0.0598,-0.0031,-0.0385
-4.1779,1.5778,6.8474,-0.1300,-0.0204,-0.0183,-5.8251,-6.4189,2.8898,-0.0646,-0.0213,-0.0429
-4.0797,1.5012,6.9025,-0.1415,-0.0616,-0.0216,-5.8012,-6.5338,3.1244,-0.0630,-0.0584,-0.0373
-4.1635,1.5538,7.0413,-0.0719,0.0112,-0.0128,-5.7628,-6.5050,2.8754,-0.0545,0.0148,-0.0041
-4.1611,1.5203,6.7445,-0.1131,-0.0207,-0.0193,-5.6862,-6.3327,2.7964,-0.0659,-0.0308,-0.0262
-4.3144,1.5945,6.8977,-0.1395,0.0072,-0.0436,-5.8012,-6.5050,2.8563,-0.0843,0.0004,-0.0572
-4.1827,1.4772,7.0318,-0.1073,-0.0028,-0.0368,-5.7916,-6.6248,3.0191,-0.0667,0.0013,-0.0272
-4.2832,1.4174,6.9671,-0.0699,0.0189,-0.0204,-5.7293,-6.6439,2.8012,-0.0517,0.0107,0.0025
-4.2521,1.4772,7.0198,-0.0723,-0.0057,0.0099,-5.7054,-6.4667,2.7845,-0.0488,-0.0159,0.0179
-4.1851,1.5897,6.9528,-0.0621,-0.0133,0.0326,-5.8371,-6.3805,2.8276,-0.0460,0.0059,0.0296
-4.1611,1.5371,6.8187,-0.0894,-0.0237,0.0268,-5.8155,-6.3470,2.9449,-0.0541,-0.0207,0.0204
-4.1707,1.4916,6.7947,-0.1053,-0.0405,0.0234,-5.6336,-6.3853,2.7797,-0.0497,-0.0388,-0.0007
-4.0749,1.3479,7.0701,-0.0974,-0.0286,-0.0059,-5.6455,-6.6726,3.0742,-0.0460,-0.0132,-0.0136
-4.2832,1.4341,6.9408,-0.0358,-0.0124,-0.0084,-5.7604,-6.6128,3.0430,-0.0204,-0.0024,0.0272
-4.1324,1.5730,6.7445,-0.0195,-0.0001,-0.0088,-5.6695,-6.3446,2.9113,-0.0168,0.0236,0.0213
-4.0510,1.5610,6.8187,-0.0809,-0.0225,-0.0269,-5.6958,-6.2560,2.8012,-0.0344,0.0005,-0.0205
-4.2018,1.4748,7.0294,-0.0962,0.0164,-0.0469,-5.7581,-6.5553,3.0742,-0.0545,0.0224,-0.0293
-4.3024,1.4844,6.9049,-0.0654,0.0073,-0.0266,-5.7796,-6.5936,2.7988,-0.0470,0.0216,0.0032
-4.2138,1.5514,6.9192,-0.0597,-0.0197,0.0112,-5.7748,-6.4308,2.9090,-0.0308,0.0012,0.0168
-4.0510,1.6376,6.8139,-0.0747,-0.0309,-0.0160,-5.7102,-6.4548,2.8994,-0.0346,-0.0248,0.0113
-4.2234,1.4724,6.8857,-0.0598,0.0101,0.0039,-5.8179,-6.5146,2.7940,-0.0560,0.0280,0.0220
-4.1348,1.5155,6.7684,-0.0867,-0.0033,0.0115,-5.6862,-6.4021,2.7988,-0.0561,-0.0225,0.0072
-4.1994,1.4054,6.7325,-0.1178,-0.0457,-0.0104,-5.7126,-6.5218,2.7174,-0.0373,-0.0373,-0.0390
-4.3503,1.5060,6.9863,-0.0919,-0.1518,0.0250,-5.8849,-6.6655,2.9664,0.0272,-0.1049,-0.0019
-4.1324,1.4772,7.0509,-0.0382,-0.1156,0.0316,-5.7916,-6.5266,3.0335,0.0313,-0.0313,0.0228
-3.9456,1.5107,7.0485,-0.0501,-0.0747,0.0167,-5.6479,-6.4021,3.1412,-0.0035,-0.0378,0.0290
-4.0534,1.5945,6.8738,-0.0249,0.0104,0.0171,-5.7509,-6.4404,3.1603,-0.0366,0.0236,0.0500
-4.1084,1.6688,6.8259,-0.0369,0.0402,0.0145,-5.7054,-6.3207,2.9951,-0.0530,0.0344,0.0438
-4.0510,1.6520,6.7995,-0.0983,-0.0326,0.0020,-5.7652,-6.2369,2.7485,-0.0469,-0.0088,-0.0099
-4.0175,1.6233,7.0342,-0.1085,-0.0376,-0.0151,-5.8107,-6.3758,3.0789,-0.0505,-0.0228,-0.0281
-3.9792,1.5562,6.8881,-0.1017,-0.0077,-0.0165,-5.6647,-6.2968,2.9568,-0.0689,-0.0152,-0.0238
-3.9959,1.5514,6.8642,-0.1242,0.0400,-0.0687,-5.6862,-6.3398,2.9161,-0.0883,0.0384,-0.0633
-4.1563,1.4820,7.0653,-0.1191,0.0240,-0.0690,-5.7868,-6.5649,3.0526,-0.0791,0.0225,-0.0522
-4.1204,1.5203,6.9791,-0.0863,0.0457,-0.0698,-5.7604,-6.6128,2.9090,-0.0782,0.0428,-0.0341
-4.1611,1.5227,6.8594,-0.0604,0.0234,-0.0365,-5.7485,-6.4572,2.7701,-0.0502,0.0121,-0.0045
-4.2138,1.4844,6.8594,-0.0861,-0.0107,-0.0208,-5.7988,-6.3542,2.7773,-0.0505,0.0096,-0.0187
-4.1037,1.5490,6.8163,-0.0961,-0.0165,0.0236,-5.6407,-6.3805,2.9137,-0.0677,-0.0436,0.0060
-4.1659,1.5443,6.8546,-0.1279,0.0139,-0.0011,-5.7150,-6.4763,2.8683,-0.0938,0.0027,-0.0257
-4.1611,1.4772,6.9576,-0.1322,-0.0072,-0.0079,-5.6838,-6.4907,2.9712,-0.0831,-0.0301,-0.0293
-4.2353,1.5083,7.0820,-0.1106,0.0052,-0.0029,-5.6862,-6.5888,3.1292,-0.0761,-0.0015,-0.0121
-4.1899,1.4102,6.8857,-0.1026,-0.0316,0.0007,-5.7341,-6.4404,2.9568,-0.0489,-0.0321,-0.0112
-4.1204,1.4700,6.9504,-0.0985,-0.0288,-0.0109,-5.7269,-6.5170,2.9664,-0.0461,-0.0264,-0.0196
-4.1276,1.4820,6.9168,-0.1144,-0.0165,-0.0261,-5.6072,-6.4691,2.8347,-0.0636,-0.0073,-0.0354
-4.1492,1.3886,7.1539,-0.1058,-0.0028,-0.0318,-5.7293,-6.6631,2.9999,-0.0542,0.0020,-0.0297
-4.1372,1.3479,6.9671,-0.0878,-0.0097,-0.0153,-5.5210,-6.4763,2.9090,-0.0554,-0.0115,-0.0124
-4.1683,1.4485,7.0437,-0.0694,-0.0155,-0.0076,-5.7221,-6.5266,2.8228,-0.0414,0.0136,-0.0043
-4.1731,1.4509,6.9599,-0.0798,-0.0011,-0.0148,-5.6551,-6.4428,2.9161,-0.0510,0.0059,-0.0067
-4.1252,1.3886,7.0653,-0.0817,-0.0103,-0.0292,-5.6934,-6.5218,2.8635,-0.0474,0.0052,-0.0152
-4.1851,1.4461,6.9576,-0.0681,-0.0023,-0.0204,-5.6216,-6.4979,2.9066,-0.0386,0.0063,-0.0016
-4.1827,1.4820,6.8857,-0.0873,-0.0019,-0.0229,-5.7054,-6.5529,3.0143,-0.0542,0.0204,-0.0116
-4.1204,1.4389,6.9647,-0.0807,-0.0352,-0.0027,-5.5929,-6.4739,2.9018,-0.0420,-0.0211,0.0039
-4.1444,1.4605,6.9671,-0.0674,0.0209,-0.0265,-5.7197,-6.5649,2.8132,-0.0585,0.0421,-0.0105
-4.0797,1.4461,6.9264,-0.0850,-0.0111,-0.0217,-5.6838,-6.4955,2.8635,-0.0460,-0.0043,-0.0063
-4.1946,1.4485,6.9216,-0.0753,-0.0069,-0.0204,-5.6743,-6.5457,2.9042,-0.0497,0.0068,-0.0083
-4.2401,1.3575,6.8953,-0.0802,-0.0077,-0.0185,-5.6479,-6.4739,2.9018,-0.0464,0.0036,-0.0117
-4.2018,1.3910,6.9983,-0.0815,0.0061,-0.0083,-5.7054,-6.5984,2.9257,-0.0549,0.0192,0.0029
-4.3096,1.4940,6.9432,-0.0578,-0.0116,0.0068,-5.7509,-6.5864,2.9305,-0.0417,0.0036,0.0213
-3.9863,1.5107,6.8163,-0.0783,-0.0304,-0.0044,-5.5641,-6.2106,2.8347,-0.0330,-0.0226,-0.0053
-4.0294,1.5323,6.6607,-0.1256,-0.0533,-0.0934,-5.5282,-6.1866,2.8946,-0.0336,0.0280,-0.1116
-4.0366,1.3791,7.0461,-0.1565,-0.0350,-0.1360,-5.5713,-6.6607,2.9832,-0.0657,0.0726,-0.1520
-4.2114,1.1923,7.0342,-0.1342,0.0081,-0.1243,-5.5569,-6.8642,2.8611,-0.0714,0.0309,-0.1059
-4.3479,1.1492,7.2496,-0.0685,0.0831,-0.0805,-5.7054,-7.0006,3.0191,-0.0783,0.0798,-0.0329
-4.4101,1.3503,7.0557,-0.0216,0.0461,-0.0207,-5.8059,-6.7397,2.7773,-0.0452,0.0394,0.0386
-4.2976,1.5155,6.7708,-0.0366,0.0185,0.0021,-5.7724,-6.3303,2.6360,-0.0405,0.0269,0.0300
-4.1515,1.4653,6.7229,-0.1206,-0.0632,-0.0139,-5.6360,-6.3135,2.6576,-0.0445,-0.0477,-0.0410
-4.1779,1.3336,6.9815,-0.1463,-0.0620,-0.0224,-5.5761,-6.7852,2.9473,-0.0665,-0.0421,-0.0540
-4.2521,1.1875,7.2760,-0.0951,0.0052,0.0083,-5.6551,-6.8977,2.9880,-0.0766,0.0004,0.0120
-4.3287,1.2402,7.0150,-0.0292,0.0448,0.0297,-5.6383,-6.6990,2.8347,-0.0530,0.0040,0.0669
-4.2737,1.3288,6.9576,-0.0292,-0.0032,0.0485,-5.6623,-6.5864,2.8635,-0.0436,-0.0104,0.0779
-4.2545,1.3408,6.8618,-0.0176,0.0156,0.0644,-5.7174,-6.6176,2.7869,-0.0536,0.0019,0.0993
-4.3359,1.3958,6.9839,-0.0131,0.0486,0.0906,-5.7197,-6.5170,2.8132,-0.0604,0.0011,0.1175
-4.1539,1.5060,6.8067,-0.0536,-0.0314,0.0859,-5.6096,-6.3183,2.8252,-0.0442,-0.0565,0.0822
-4.1707,1.4605,6.8953,-0.0703,-0.0328,0.0393,-5.6575,-6.4643,2.8659,-0.0390,-0.0289,0.0314
-4.1300,1.4126,6.9384,-0.0842,-0.0541,0.0225,-5.6048,-6.4572,2.8539,-0.0325,-0.0401,0.0119
-4.0654,1.4988,6.9360,-0.0715,-0.0031,-0.0107,-5.6575,-6.5864,2.9975,-0.0470,0.0000,0.0076
-4.2114,1.4605,6.8091,-0.0641,0.0071,-0.0117,-5.6982,-6.3590,2.7749,-0.0442,0.0073,0.0089
-4.3144,1.4988,6.7924,-0.1050,-0.0321,-0.0145,-5.7197,-6.4332,2.7222,-0.0488,-0.0123,-0.0272
-4.2473,1.4150,6.9145,-0.1266,-0.0681,-0.0021,-5.7078,-6.5817,2.9161,-0.0458,-0.0602,-0.0301
-4.2042,1.4293,7.0102,-0.0982,-0.0342,0.0108,-5.6527,-6.6176,2.9688,-0.0470,-0.0309,-0.0008
-4.0773,1.5060,7.1323,-0.0869,0.0016,0.0201,-5.6192,-6.4524,3.0382,-0.0525,-0.0428,0.0187
-4.1396,1.5012,6.8211,-0.1175,-0.0171,-0.0200,-5.6814,-6.3758,2.8563,-0.0592,0.0015,-0.0404
-4.0893,1.4150,7.0198,-0.1208,-0.0297,-0.0472,-5.6264,-6.4883,2.9808,-0.0612,0.0015,-0.0568
-4.2090,1.3216,7.0892,-0.0859,0.0011,-0.0474,-5.6838,-6.7876,2.9951,-0.0517,0.0417,-0.0284
-4.2473,1.3240,7.0318,-0.0601,0.0253,-0.0317,-5.5929,-6.6415,2.7725,-0.0561,0.0425,0.0051
-4.2138,1.4030,7.1156,-0.0318,0.0332,-0.0049,-5.7796,-6.6607,2.9688,-0.0477,0.0340,0.0452
-4.2401,1.4509,6.7756,-0.0286,0.0103,0.0268,-5.6671,-6.3782,2.6145,-0.0345,-0.0183,0.0542
-4.1707,1.4988,6.7924,-0.0839,-0.0204,0.0061,-5.6934,-6.3758,2.8371,-0.0565,-0.0180,0.0019
-4.2018,1.4772,6.9097,-0.0757,0.0041,-0.0071,-5.6862,-6.5122,2.9137,-0.0584,0.0112,0.0007
-4.1970,1.4509,6.8714,-0.0965,-0.0236,-0.0272,-5.7150,-6.4452,2.8515,-0.0448,0.0001,-0.0292
-4.1994,1.4557,7.0557,-0.0991,-0.0414,-0.0393,-5.6958,-6.6152,2.9999,-0.0406,0.0025,-0.0386
-4.2521,1.3838,6.9983,-0.0677,-0.0091,-0.0372,-5.6910,-6.6631,2.8922,-0.0293,0.0256,-0.0201
-4.1779,1.3910,6.9983,-0.0593,-0.0153,-0.0404,-5.7054,-6.5170,3.0167,-0.0209,0.0253,-0.0073
-4.1084,1.4988,6.7612,-0.0573,-0.0230,-0.0965,-5.5857,-6.2393,2.8515,-0.0084,0.0721,-0.0695
-4.1922,1.5012,6.9839,-0.1019,-0.0317,-0.1355,-5.6216,-6.5122,2.9904,-0.0211,0.0677,-0.1116
-4.2473,1.3527,6.9815,-0.1026,-0.0361,-0.1200,-5.6072,-6.5481,2.7414,-0.0228,0.0458,-0.1021
-4.3263,1.3001,7.0198,-0.1086,-0.0013,-0.0791,-5.6958,-6.8738,2.9353,-0.0581,0.0237,-0.0610
-4.3527,1.3719,7.1682,-0.0454,0.0430,-0.0141,-5.7604,-6.7756,2.8252,-0.0521,0.0249,0.0242
-4.3503,1.4293,6.8738,-0.0552,-0.0076,0.0254,-5.7892,-6.4739,2.6288,-0.0410,-0.0183,0.0328
-4.3503,1.4533,6.9025,-0.0861,-0.0564,0.0345,-5.7820,-6.6176,2.8515,-0.0349,-0.0480,0.0296
-4.2713,1.3958,6.8187,-0.0818,-0.0502,0.0560,-5.6431,-6.6702,2.7581,-0.0422,-0.0701,0.0414
-4.1707,1.3336,7.0318,-0.0807,-0.0378,0.0739,-5.5306,-6.5936,2.9018,-0.0454,-0.0636,0.0597
-4.0366,1.3623,7.0413,-0.0606,-0.0454,0.0374,-5.5569,-6.5649,3.1388,-0.0309,-0.0424,0.0353
-4.1180,1.3647,7.5106,0.0581,0.0485,-0.0253,-5.6455,-6.7397,3.2298,0.0128,0.1270,0.0663
-4.2641,1.4293,7.1515,0.1171,-0.0346,-0.0425,-5.7820,-6.6559,2.9161,0.0970,0.1122,0.0743
-4.4197,1.5538,6.6319,0.1010,-0.1392,-0.0428,-5.8586,-6.4021,2.6695,0.1683,0.0388,0.0394
-4.1899,1.5778,7.2425,0.1164,-0.1796,0.0314,-5.9687,-6.6846,2.9880,0.1609,0.1298,0.0669
-3.9768,1.5682,7.2688,0.1500,-0.1731,0.0268,-6.0286,-6.5314,3.1029,0.2052,0.0678,0.1116
-4.0558,1.7837,6.9001,0.2212,-0.3637,0.1366,-5.9280,-6.3039,2.6791,0.3220,-0.0609,0.1428
-4.0869,1.7813,6.9049,0.1342,-0.2745,0.1359,-5.9616,-6.3805,2.8539,0.2221,0.0085,0.1419
-3.6272,1.9656,6.9288,0.1085,-0.3648,0.2774,-5.7245,-5.9233,3.0406,0.1895,0.0430,0.1178
-3.6727,1.9609,6.6319,0.0224,-0.3821,0.2361,-5.5067,-5.9304,2.8898,0.1440,0.0045,0.0429
-3.3662,2.0351,6.7708,-0.1001,-0.3511,0.1585,-5.8059,-5.7245,3.0718,0.0197,0.1849,-0.2990
-3.2872,2.0758,7.1323,-0.1051,-0.2984,0.0977,-5.7844,-6.2034,3.2226,0.0486,0.0153,-0.1932
-3.1891,1.9130,7.4077,-0.0689,-0.1939,-0.0562,-5.8155,-6.2656,3.3495,0.0949,0.0655,-0.1829
-3.5243,1.9824,7.3119,-0.0212,-0.1949,-0.0874,-5.9328,-6.4356,2.9305,0.1430,-0.0183,-0.1282
-3.5147,2.0662,7.2257,0.0081,-0.2779,-0.0935,-5.7030,-6.0190,3.1556,0.2097,-0.2638,-0.0492
-3.0981,2.0686,7.2520,-0.0691,-0.2686,-0.0524,-5.6695,-6.0525,3.3998,0.1155,-0.0481,-0.0961
-3.2250,2.0327,7.1826,-0.0679,-0.2226,-0.0882,-5.7245,-6.1507,3.3998,0.1098,-0.0629,-0.0862
-2.9401,1.9944,7.3502,-0.0713,-0.1935,0.0482,-5.7940,-6.0932,3.5937,-0.0037,0.1029,-0.0735
-3.3232,2.0949,7.1347,-0.0641,-0.2126,0.1031,-5.7820,-6.1914,3.1460,-0.0117,-0.0474,-0.0314
-3.1747,2.0925,7.3095,-0.0942,-0.1009,0.1913,-5.5641,-6.1579,3.4836,-0.1848,0.2264,-0.0851
-3.0765,2.0255,7.2401,-0.0803,-0.1091,0.0963,-5.6790,-6.1483,3.2681,-0.0737,0.0513,-0.0755
-2.9305,2.0279,7.4939,-0.0771,-0.0568,0.0310,-5.8083,-6.2824,3.2992,-0.1061,0.1672,-0.1375
-2.8659,2.1045,7.3239,-0.0897,-0.1164,0.0957,-5.6934,-6.2465,2.9760,-0.0839,-0.0124,-0.1573
-3.0047,2.1141,7.4986,-0.1001,-0.0875,0.0346,-5.6383,-6.3829,3.3543,-0.1009,0.0605,-0.1128
-2.9832,2.1117,7.3167,-0.0584,-0.0634,0.0552,-5.6312,-6.2848,3.4165,-0.1074,0.1343,-0.0775
-2.7605,1.9896,7.2832,-0.0683,-0.0715,0.0308,-5.6527,-6.3518,2.9951,-0.0790,0.0703,-0.1179
-2.6911,2.1308,7.2401,-0.0973,-0.1759,0.0986,-5.5641,-6.1866,3.0981,-0.0822,0.0851,-0.1849
-2.8443,2.0542,7.3717,-0.1681,-0.0981,0.0733,-5.6240,-6.3375,3.1795,-0.1448,0.1055,-0.1873
-2.8898,1.9968,7.5753,-0.1164,0.0057,-0.0121,-5.4875,-6.6272,3.2681,-0.1155,0.1077,-0.0973
-2.9185,2.0518,7.5346,-0.0666,-0.0428,0.0065,-5.6575,-6.6870,2.9353,-0.0785,0.1287,-0.0981
-2.8108,2.0638,7.4508,-0.0529,-0.0465,-0.0039,-5.6120,-6.6080,3.1173,-0.0294,0.0176,-0.0095
-2.8706,2.1165,7.5369,-0.0188,0.0268,-0.0265,-5.6743,-6.6104,3.0287,-0.0449,0.0628,0.0536
-2.7988,2.1261,7.3981,-0.0151,-0.0151,-0.0105,-5.6312,-6.4883,3.0454,-0.0179,0.0001,0.0505
-2.7892,2.1452,7.3550,-0.0284,0.0261,0.0021,-5.5713,-6.3829,2.9784,-0.0530,0.0197,0.0590
-2.8347,2.1213,7.3646,-0.0392,0.0224,-0.0502,-5.6455,-6.5601,3.1053,-0.0352,0.0155,0.0602
-2.5642,1.9585,6.9911,-0.1266,-0.0012,-0.0540,-5.5091,-6.1028,2.8252,-0.0957,0.0394,-0.3621
-2.8395,2.2122,7.2568,-0.2180,-0.1085,-0.0317,-5.8059,-6.4787,2.8443,-0.1825,0.0865,-0.4214
-2.8850,2.0853,7.6591,-0.1779,0.0354,-0.1010,-5.7030,-6.9360,3.1460,-0.1825,0.1291,-0.4174
-3.1891,1.9441,7.7213,-0.0622,0.0105,-0.0285,-5.4684,-7.1347,2.9568,-0.0857,-0.0296,-0.0769
-2.8778,2.0494,7.5633,0.0372,-0.0264,0.0037,-5.4851,-6.8067,2.9281,-0.0348,0.0971,-0.0393
-2.4325,2.0782,7.0940,-0.0264,-0.1338,0.1523,-5.3343,-6.2944,2.9042,-0.0939,0.0813,-0.1861
-2.8443,2.2577,7.1323,-0.1527,-0.1003,0.1171,-5.4540,-6.5457,2.9018,-0.1635,0.0301,-0.1675
-2.8228,2.1931,7.7309,-0.0671,0.0509,-0.0097,-5.3822,-7.1012,2.9784,-0.0977,0.1078,-0.0258
-2.9353,2.1189,7.4436,-0.0437,0.0533,-0.0681,-5.3582,-6.9288,2.8204,-0.0262,-0.0384,0.0697
-2.5786,2.0135,7.2472,-0.0492,0.0031,-0.0645,-5.1571,-6.6631,2.8874,-0.0009,-0.0133,-0.0238
-2.7438,2.2098,7.1658,-0.1198,-0.0320,-0.0448,-5.5019,-6.6487,2.7414,-0.0433,-0.0512,-0.0276
-2.8299,2.0494,7.3813,-0.1096,0.0191,-0.0695,-5.2218,-6.7516,2.9951,-0.0726,0.0484,-0.0612
-2.9473,2.0590,7.6710,-0.0781,0.0260,-0.0298,-5.5019,-7.1275,2.9736,-0.0935,0.0825,0.0055
-2.8754,2.0351,7.3334,-0.0193,0.0392,-0.0136,-5.2816,-6.8235,2.7102,-0.0478,0.0520,0.0418
-2.7533,2.1284,7.2903,-0.0562,0.0135,-0.0093,-5.4157,-6.6224,2.7964,-0.0369,0.0047,0.0458
-2.6743,2.0279,7.2377,-0.0747,0.0155,-0.0526,-5.2912,-6.6056,2.8419,-0.0161,-0.0663,0.0538
-2.8898,2.0877,7.5681,-0.0433,0.0798,-0.0175,-5.4899,-6.9097,2.7677,-0.0414,-0.0215,0.0851
-2.8060,2.0830,7.2209,-0.0866,-0.0534,0.0389,-5.4803,-6.6032,2.7198,0.0057,-0.1219,0.0207
-2.7629,2.0949,7.4508,-0.1009,-0.0597,0.0342,-5.3558,-6.7612,2.9880,-0.0048,-0.0769,-0.0036
-2.7773,2.1021,7.3598,-0.0969,-0.0590,0.0462,-5.4684,-6.7325,2.8419,-0.0389,-0.0914,0.0465
-2.7797,2.1045,7.4986,-0.0779,0.0373,0.0381,-5.3893,-6.8283,2.9736,-0.1027,0.0188,0.0890
-2.6217,2.0949,7.3478,-0.0658,0.0137,0.0245,-5.3750,-6.5912,2.8084,-0.1019,0.0517,0.1107
-3.0837,2.1141,7.4699,-0.0898,-0.0164,0.0626,-5.7509,-6.9336,2.8108,-0.1364,0.0187,0.1347
-2.5953,2.0806,7.3837,-0.0798,-0.0225,0.0516,-5.1547,-6.5793,3.0502,-0.0853,0.0176,0.1017
-2.5043,2.0279,7.3813,-0.1106,-0.0911,0.0762,-5.4444,-6.4572,2.8874,-0.0777,0.0596,-0.0581
-2.8683,2.1883,7.1491,-0.1687,-0.0584,0.0205,-5.5665,-6.5888,2.6911,-0.0969,0.0025,-0.0797
-2.7366,2.1476,7.8219,-0.1180,0.0604,-0.0373,-5.5761,-7.0174,3.1484,-0.1198,0.1545,-0.0560
-2.8850,2.0327,7.4508,-0.0745,0.0376,-0.0317,-5.5426,-6.8378,2.7102,-0.0493,-0.0123,0.0117
-2.8611,2.1500,7.5226,-0.0476,0.0250,-0.0144,-5.4109,-6.8498,2.8778,-0.0314,0.0063,0.0494
-2.7964,2.1284,7.1395,-0.0706,-0.0380,-0.0400,-5.5737,-6.5386,2.5139,-0.0093,-0.0171,-0.0649
-2.7964,2.1931,7.4244,-0.1050,0.0155,-0.0109,-5.5162,-6.7181,2.8443,-0.0630,-0.0127,-0.0249
-2.9090,2.1691,7.3813,-0.1017,-0.0329,0.0001,-5.5426,-6.8666,2.7390,-0.0536,-0.0226,-0.0177
-2.7557,2.0303,7.4484,-0.0580,0.0125,0.0141,-5.4085,-6.7684,2.8563,-0.0373,0.0029,0.0105
-2.7438,2.1332,7.2856,-0.1134,-0.0715,-0.0326,-5.3774,-6.6319,2.7964,0.0000,-0.0875,-0.0409
-2.7653,2.0375,7.4699,-0.1070,0.0321,-0.0517,-5.4013,-6.7062,2.8228,-0.0524,-0.0125,-0.0556
-2.8994,2.0351,7.4986,-0.1082,-0.0217,-0.0280,-5.5569,-6.8594,2.7916,-0.0449,-0.0242,-0.0288
-2.9018,2.0183,7.5369,-0.0496,0.0191,-0.0033,-5.5019,-6.9192,2.8730,-0.0517,0.0265,0.0312
-2.7916,2.1739,7.2520,-0.0761,-0.0585,-0.0053,-5.3941,-6.6894,2.7102,-0.0321,-0.0258,0.0040
-2.6073,2.0901,7.4340,-0.0685,0.0308,-0.0429,-5.4468,-6.7708,2.9688,-0.0352,0.0254,-0.0101
-2.7581,2.0207,7.4196,-0.1124,-0.0107,-0.0309,-5.5162,-6.8043,2.9018,-0.0578,-0.0159,-0.0148
-2.8922,2.0135,7.3287,-0.0417,0.0220,-0.0366,-5.4109,-6.8115,2.7749,-0.0270,0.0129,0.0059
-2.8635,2.0877,7.2784,-0.0787,-0.0007,-0.0316,-5.4947,-6.6343,2.7892,-0.0418,-0.0024,-0.0015
-2.8132,2.1332,7.4101,-0.0886,0.0373,-0.0568,-5.4396,-6.7564,2.8204,-0.0500,0.0095,-0.0087
-2.7773,2.0087,7.4077,-0.1095,0.0057,-0.0442,-5.4516,-6.7397,2.7653,-0.0589,0.0032,-0.0418
-2.9473,2.0159,7.4747,-0.1235,-0.0346,-0.0192,-5.4899,-6.8235,2.7270,-0.0525,-0.0545,-0.0324
-2.7749,2.0159,7.4651,-0.0973,-0.0136,-0.0059,-5.4037,-6.7612,2.7940,-0.0518,-0.0120,-0.0083
-2.8371,2.0686,7.3047,-0.1034,0.0197,-0.0229,-5.4420,-6.7062,2.7078,-0.0741,0.0060,-0.0117
-2.8060,2.0830,7.2664,-0.1540,0.0016,-0.0237,-5.4372,-6.5793,2.7653,-0.0863,-0.0576,-0.0364
-2.8491,2.0279,7.5178,-0.1439,0.0570,-0.0205,-5.4779,-6.8929,2.8802,-0.1183,0.0053,-0.0313
-2.9281,1.8747,7.4939,-0.1383,0.0197,-0.0261,-5.3846,-6.9073,2.7964,-0.0851,-0.0321,-0.0332
-2.8778,1.9058,7.5657,-0.1367,0.0678,-0.0151,-5.3103,-7.0078,2.9185,-0.1448,0.0033,-0.0031
-2.7701,1.9321,7.4627,-0.0686,0.0790,-0.0183,-5.3510,-6.9073,2.8683,-0.1031,-0.0031,0.0152
-2.8898,1.9465,7.3430,-0.0902,0.0875,-0.0101,-5.5234,-6.7421,2.5714,-0.1307,0.0165,-0.0004
-2.8515,1.9728,7.4316,-0.1108,0.0630,-0.0108,-5.4085,-6.7852,2.8419,-0.1236,-0.0076,-0.0047
-2.8587,1.9273,7.1539,-0.1366,0.0907,-0.0549,-5.4061,-6.6631,2.5929,-0.1577,0.0446,-0.0578
-2.9425,1.9225,7.4771,-0.1466,0.1732,-0.0851,-5.4181,-6.9145,2.8419,-0.2013,0.0999,-0.0689
-3.3184,1.9369,7.3837,-0.1163,0.1294,-0.0613,-5.6144,-7.1323,2.4852,-0.1294,0.0714,-0.0393
-3.3495,1.7885,7.4316,-0.1127,-0.0108,-0.0398,-5.4109,-7.1060,2.5043,-0.0492,0.0076,-0.0356
-3.2226,1.7813,7.3167,-0.0931,-0.0632,-0.0161,-5.3846,-7.0509,2.6600,-0.0155,-0.0456,-0.0068
-3.0957,1.8435,7.2113,-0.0821,0.0306,-0.0108,-5.3726,-6.8642,2.6456,-0.0655,-0.0053,-0.0045
-3.2106,1.9034,7.3694,-0.0937,0.0280,-0.0228,-5.5019,-7.0677,2.6767,-0.0456,-0.0073,-0.0076
-3.2130,1.8148,7.4124,-0.0404,-0.0285,0.0081,-5.4564,-7.0868,2.7414,-0.0083,-0.0582,0.0398
-3.0861,1.8651,7.4077,0.0304,0.0044,0.0430,-5.4229,-6.9504,2.7222,-0.0117,0.0270,0.0890
-3.0981,1.9321,7.2377,-0.0100,-0.0382,0.0654,-5.2912,-6.7277,2.5379,-0.0056,-0.0183,0.0378
-3.1436,1.9609,7.1658,-0.0602,-0.0262,0.0023,-5.3702,-6.7732,2.7533,-0.0278,0.0063,-0.0545
-3.1029,1.8172,7.2616,-0.0878,-0.0432,-0.0317,-5.3056,-6.9456,2.6576,-0.0261,0.0163,-0.0821
-3.0574,1.8890,7.5657,-0.0805,-0.0318,-0.0437,-5.3534,-7.0270,2.8323,-0.0274,-0.0107,-0.0454
-3.0718,1.9201,7.3861,0.0049,0.0612,-0.0582,-5.4133,-6.8977,2.7318,-0.0349,0.0807,0.0137
-3.1340,2.0494,7.0892,-0.0470,-0.0342,0.0117,-5.4636,-6.6822,2.5187,-0.0442,0.0585,-0.0095
-3.0454,1.9872,7.1515,-0.1086,-0.0558,0.0068,-5.3056,-6.8043,2.5809,-0.0462,0.0080,-0.0442
-3.0765,1.9010,7.2760,-0.1533,-0.0633,-0.0378,-5.3295,-6.9168,2.6456,-0.0544,-0.0155,-0.0750
-3.0119,1.8316,7.5705,-0.1062,0.0393,-0.0570,-5.3032,-7.0390,2.8419,-0.0717,0.0422,-0.0473
-3.1747,1.9154,7.1946,-0.0488,0.0897,-0.1055,-5.3678,-6.9695,2.6073,-0.0361,0.0562,-0.0429
-3.1244,1.8842,7.4029,-0.0937,0.0807,-0.0817,-5.3702,-6.9695,2.7102,-0.0734,0.0733,0.0473
-3.5602,1.9393,7.4867,-0.0449,0.1210,-0.0232,-5.7078,-7.0509,2.5402,0.0023,-0.0412,0.1625
-3.0215,1.9393,7.1754,-0.0345,0.1422,0.0541,-5.4492,-6.8618,2.3894,0.0396,-0.0971,0.3283
-2.8970,1.9058,7.1204,-0.0783,0.0650,-0.0457,-5.3750,-6.7181,2.7653,0.0714,-0.2245,0.2058
-3.0047,1.9321,7.2880,-0.0681,0.0522,-0.0498,-5.4229,-6.7684,2.9497,0.0448,-0.1371,0.1661
-3.1699,2.0518,7.3047,-0.0293,0.0767,-0.1034,-5.4755,-6.7612,2.9449,0.0556,-0.1304,0.1424
-3.3351,1.9680,7.2281,-0.0490,0.0246,-0.0907,-5.4995,-6.5793,2.7605,0.0636,-0.1258,0.1144
-3.5889,1.9321,7.2113,-0.0931,-0.0296,-0.1637,-5.5186,-6.6487,2.8946,0.0866,-0.1459,0.1106
-3.2848,1.9513,7.2329,-0.0624,0.0608,-0.1603,-5.4755,-6.5146,2.9018,0.0584,-0.1062,0.0755
-3.3399,1.9321,7.2185,-0.1392,-0.0225,-0.1404,-5.4995,-6.6487,3.0382,0.0509,-0.1781,0.0693
-3.4309,1.7717,7.4986,-0.0552,0.0582,-0.1584,-5.3510,-6.6583,3.1651,0.0653,-0.0833,0.0452
-3.4548,1.8938,7.1994,-0.0462,-0.0460,-0.1180,-5.5929,-6.6032,2.9401,0.0735,-0.1131,0.0449
-3.4333,1.8771,7.1275,-0.0173,0.0528,-0.1733,-5.3319,-6.6463,3.2585,0.0520,-0.0003,-0.0280
-3.3423,1.8938,7.1132,0.0168,0.0602,-0.0677,-5.8969,-6.5242,2.9257,-0.0213,0.0606,-0.0045
-3.2801,1.8531,7.1299,-0.0715,-0.0333,0.0236,-5.5354,-6.3973,3.0933,-0.0597,0.0594,-0.0316
-3.4907,1.8771,7.4939,-0.0534,-0.0195,0.0512,-5.6767,-6.8833,3.3447,-0.0926,0.0926,-0.0149
-3.4381,1.8938,7.2425,0.0222,-0.0436,0.1199,-5.6216,-6.3949,2.8826,-0.0357,0.0201,0.0421
-3.5674,1.9944,7.2616,-0.0541,-0.1599,0.2076,-5.5929,-6.6870,3.1675,-0.0975,-0.0048,0.0838
-3.0909,1.8842,7.4675,0.0482,-0.0801,0.1531,-5.4803,-6.6056,3.2346,-0.1059,0.2659,-0.0861
-3.4955,2.0111,6.7780,-0.0382,-0.0698,0.0842,-5.4229,-6.2800,2.6169,-0.1835,0.1557,-0.1178
-3.3447,2.0877,7.5513,-0.0548,-0.0604,0.1156,-6.1627,-6.9025,3.2346,-0.2298,0.3296,0.0270
-3.5075,1.8914,7.3263,0.0581,0.0213,0.1860,-5.6431,-6.8019,2.8970,-0.1727,0.2777,0.2388
-3.2489,2.0710,7.0677,0.0254,-0.0045,0.1252,-5.6192,-6.4356,2.5115,-0.0879,0.1961,0.0632
-3.0095,2.2482,6.5553,-0.0975,-0.2426,0.0501,-5.5354,-5.9711,2.5091,0.0266,-0.1853,-0.1707
-2.7773,2.1907,6.9097,-0.2469,-0.2782,0.1155,-5.6767,-6.1866,2.6097,-0.1532,0.1002,-0.3443
-3.2130,2.1308,7.5992,-0.2888,-0.1360,0.0548,-5.6431,-7.0413,3.0765,-0.1733,0.0084,-0.2280
-3.3088,2.0016,7.7620,-0.0958,0.0067,0.0565,-5.6144,-7.1946,2.8946,-0.1167,0.1392,-0.0314
-3.1412,2.0518,7.4244,-0.0472,-0.0282,0.0254,-5.3989,-6.7804,2.6887,-0.0232,-0.0385,0.0338
-2.8491,2.2122,7.2688,-0.0356,-0.0132,-0.0357,-5.6216,-6.5074,2.7509,-0.0068,-0.0152,0.0421
-3.0023,2.2290,7.1347,-0.1033,0.0328,-0.0574,-5.5498,-6.5362,2.5570,-0.0877,-0.0116,0.0137
-2.9951,2.1045,7.4029,-0.1278,0.0192,-0.0541,-5.6024,-6.8163,2.7126,-0.0802,0.0001,-0.0448
-3.1053,2.0566,7.3502,-0.1123,0.0152,-0.0265,-5.5761,-6.8833,2.6264,-0.0757,-0.0069,-0.0261
-3.0981,2.0997,7.2927,-0.1272,-0.0637,0.0278,-5.6719,-6.8211,2.5977,-0.0693,-0.0377,-0.0508
-3.1077,2.0877,7.4723,-0.0870,-0.0135,0.0432,-5.5617,-6.8690,2.8850,-0.0751,0.0165,-0.0001
-3.0167,1.9537,7.3741,-0.0707,-0.0149,0.0290,-5.4396,-6.7684,2.8347,-0.0601,-0.0207,0.0276
-2.9640,2.1237,7.2999,-0.0424,0.0032,0.0047,-5.5450,-6.7397,2.7246,-0.0450,-0.0037,0.0278
-2.9425,2.1237,7.1012,-0.0859,0.0072,-0.0175,-5.4755,-6.5601,2.4852,-0.0490,0.0011,-0.0144
-3.0502,2.0662,7.2520,-0.1359,-0.0183,-0.0184,-5.5833,-6.6798,2.6217,-0.0681,-0.0171,-0.0522
-3.1316,2.0734,7.2018,-0.1549,-0.0434,-0.0113,-5.6790,-6.8115,2.6456,-0.0613,-0.0428,-0.0645
-3.1987,2.0782,7.3287,-0.1659,0.0104,-0.0004,-5.6455,-6.9168,2.5809,-0.1118,-0.0452,-0.0265
-3.1939,1.9632,7.5489,-0.1013,0.0165,0.0285,-5.6024,-7.1826,2.8539,-0.0875,-0.0608,0.0569
-2.9975,1.9489,7.5489,-0.0160,-0.0163,0.0733,-5.5162,-6.9312,2.6408,-0.0256,-0.0257,0.0835
-2.9353,2.0231,7.2784,-0.0490,-0.0761,0.0502,-5.4564,-6.6942,2.7964,-0.0143,-0.0773,0.0718
-2.8874,2.0997,7.3502,-0.0157,0.0253,0.0116,-5.4636,-6.6774,2.6911,-0.0400,0.0277,0.0564
-2.8802,2.0877,7.1587,-0.0550,0.0120,-0.0318,-5.4157,-6.5457,2.7222,-0.0493,0.0268,0.0107
-3.0047,2.1332,7.2975,-0.0878,0.0032,-0.0588,-5.5474,-6.6631,2.7821,-0.0496,0.0278,-0.0281
-3.0765,2.0710,7.3622,-0.0629,0.0421,-0.0765,-5.5929,-6.8450,2.6097,-0.0428,0.0565,-0.0321
-3.0526,2.0925,7.4172,-0.0981,-0.0240,-0.0374,-5.5713,-6.8091,2.6145,-0.0434,0.0215,-0.0334
-3.0406,2.0566,7.2377,-0.0829,-0.0314,-0.0306,-5.5234,-6.7421,2.5474,-0.0115,-0.0422,-0.0133
-3.0598,2.0231,7.4340,-0.0907,-0.0127,-0.0282,-5.5952,-6.9145,2.7270,-0.0498,0.0177,-0.0164
-3.1220,2.0111,7.3310,-0.0400,-0.0173,-0.0031,-5.6455,-6.8977,2.6360,-0.0209,-0.0340,0.0438
-3.1364,2.0470,7.3813,-0.0462,0.0185,0.0097,-5.5833,-6.8666,2.6983,-0.0598,0.0655,0.0421
-3.0646,2.0446,7.4077,-0.0224,0.0053,0.0341,-5.7006,-6.7397,2.5786,-0.0445,-0.0085,0.0921
-3.1915,2.1213,7.3813,-0.0310,0.0325,0.0361,-5.6934,-6.6990,2.6240,-0.0690,0.0472,0.1581
-2.9640,2.1213,7.4627,-0.0204,-0.0099,0.0738,-5.4181,-6.8211,2.8060,-0.0787,0.0420,0.1248
-3.1412,2.0518,7.0174,0.0007,-0.0416,0.0715,-5.4612,-6.3877,2.5211,-0.0529,0.0763,0.0604
-2.9473,2.2194,7.7069,-0.0731,-0.0747,0.0437,-5.7724,-6.9121,2.8371,-0.0653,0.0356,0.0538
-3.0047,2.1907,7.3837,0.0526,0.0196,0.0340,-5.8730,-6.7684,2.4684,-0.0381,0.0942,0.0869
-3.1292,2.2649,6.9911,-0.0317,-0.0963,0.0785,-5.7126,-6.4141,2.4062,-0.0288,-0.0401,0.0845
-2.8299,2.3918,7.4723,-0.1123,-0.0942,0.1085,-5.7365,-6.7229,2.8299,-0.0450,0.0633,0.1067
-2.9856,2.3152,7.0868,-0.0224,-0.0321,0.0588,-5.7604,-6.5050,2.4181,-0.0330,-0.0072,0.0537
-2.8802,2.3391,7.1874,-0.1043,-0.0863,0.0616,-5.8921,-6.5122,2.4756,-0.0354,-0.0184,0.0003
-2.8347,2.3200,7.1515,-0.1171,-0.0939,-0.0151,-5.7221,-6.4572,2.6647,0.0016,-0.1454,0.0088
-2.6671,2.1859,7.2257,-0.1616,-0.0481,-0.0250,-5.6240,-6.4811,2.8204,-0.0558,-0.0437,-0.0665
-2.8754,2.2817,7.2520,-0.1843,-0.0822,-0.0600,-5.7676,-6.6224,2.6552,-0.0390,-0.0761,-0.1088
-2.9042,2.1500,7.6591,-0.1410,0.0117,-0.0338,-5.7748,-6.8283,2.9018,-0.0750,0.0373,-0.0683
-2.8970,2.1213,7.3358,-0.1238,-0.0827,-0.0096,-5.6551,-6.6128,2.5355,-0.0322,-0.0457,-0.0582
-2.7701,2.2051,7.4508,-0.1147,-0.0428,-0.0373,-5.7389,-6.6176,2.9137,-0.0281,-0.0119,-0.0525
-2.8299,2.1620,7.3646,-0.1339,-0.0362,-0.0578,-5.7197,-6.6367,2.7150,-0.0426,-0.0254,-0.0556
-2.9113,2.0782,7.4939,-0.0922,0.0188,-0.0538,-5.6814,-6.8115,2.5905,-0.0324,0.0040,-0.0256
-2.8467,2.1596,7.2712,-0.1279,-0.0765,-0.0228,-5.5522,-6.5553,2.7031,-0.0191,-0.0398,-0.0641
-2.8467,2.1165,7.3694,-0.1150,-0.1288,-0.0288,-5.6671,-6.7349,2.6959,0.0226,-0.0541,-0.0622
-2.7414,2.0399,7.8697,-0.0897,-0.0874,-0.0536,-5.7293,-7.0485,2.9951,0.0624,-0.0009,-0.0604
-2.9856,2.0231,7.7692,-0.0350,-0.3226,-0.0332,-5.7102,-7.0270,2.8946,0.2731,-0.1565,-0.0193
-2.5043,1.8723,8.1331,0.0731,-0.6823,-0.1612,-5.5282,-6.9528,3.4357,0.6515,-0.1719,-0.0865
-2.5738,2.2362,7.0533,0.1290,-0.8944,-0.1604,-5.6910,-6.3542,2.6360,0.7561,-0.2378,-0.0997
-1.9656,2.2242,7.2736,0.0967,-0.6265,-0.0845,-5.4157,-6.2297,3.4477,0.5616,-0.0974,-0.0681
-1.9393,2.3367,7.3598,0.0694,-0.4442,-0.0747,-5.3582,-5.9640,3.2944,0.4189,-0.1007,-0.0378
-1.8890,2.3415,7.0749,-0.0500,-0.3227,-0.0512,-5.3008,-6.0334,3.1340,0.2169,-0.0995,-0.0500
-1.8723,2.4205,7.1347,-0.1266,-0.0987,-0.0044,-5.4109,-5.9759,3.3208,-0.0180,-0.1001,-0.0173
-1.6807,2.2314,7.5346,-0.1428,0.1218,0.0465,-5.2529,-6.1052,3.7637,-0.2046,-0.0140,0.0116
-1.8364,2.2649,6.8498,-0.2153,0.2577,0.0428,-5.2409,-5.6862,2.9784,-0.4009,0.0177,-0.0197
-1.6520,2.3607,6.7995,-0.4150,0.6283,0.0594,-5.1643,-5.5905,3.3591,-0.7911,0.1238,-0.0913
-1.9848,1.9944,7.9272,-0.4097,0.6115,-0.0498,-5.4013,-6.6415,3.5650,-0.6623,0.1479,-0.1829
-2.8850,1.7526,8.1499,-0.3016,0.4351,-0.0482,-5.6671,-7.4244,3.1101,-0.4667,0.1547,-0.1211
-3.0023,1.6664,8.1427,-0.1660,0.0825,0.0240,-5.6216,-7.4819,2.9975,-0.1815,-0.0172,-0.0119
-2.5043,1.8411,7.7117,-0.0288,-0.0309,0.0452,-5.3151,-6.8546,3.1268,-0.0309,-0.0246,0.0636
-2.2817,2.0087,6.9767,-0.0893,0.0083,0.0258,-5.2265,-6.2393,2.9975,-0.1203,-0.0192,0.0316
-2.2146,1.9728,7.3526,-0.1386,0.2028,-0.0368,-5.2840,-6.3997,3.1436,-0.2278,0.0835,-0.0304
-2.6767,1.8555,7.6686,-0.1663,0.2037,-0.0687,-5.3917,-6.9025,2.9904,-0.2224,0.0759,-0.0594
-2.8683,1.7573,7.8362,-0.1216,0.1274,-0.0445,-5.4971,-7.0653,2.8706,-0.1390,0.0530,-0.0211
-2.7964,1.8675,7.6303,-0.0959,-0.0442,-0.0201,-5.5450,-6.8977,2.8467,-0.0334,-0.0143,-0.0155
-2.6743,1.8651,7.3382,-0.0986,-0.0633,0.0005,-5.3630,-6.6295,2.7222,-0.0222,-0.0398,-0.0180
-2.6288,1.8866,7.4723,-0.1460,-0.0052,-0.0100,-5.3702,-6.7325,2.8802,-0.0755,-0.0336,-0.0285
-2.6480,1.7358,7.6016,-0.1627,0.0065,-0.0029,-5.3630,-6.8761,2.9544,-0.0955,-0.0577,-0.0284
-2.4852,1.6855,7.8171,-0.0685,0.0197,-0.0236,-5.4181,-7.0390,3.0742,-0.0432,0.0196,0.0155
-2.6121,1.6735,7.5250,-0.0490,-0.0280,-0.0127,-5.2744,-6.7588,3.0143,0.0003,-0.0151,0.0229
-2.5019,1.7957,7.4747,-0.0626,-0.1095,-0.0814,-5.2265,-6.6176,3.1005,0.0570,0.0176,-0.0457
-2.5283,1.7861,7.4962,-0.0426,-0.0765,-0.0922,-5.3391,-6.7540,2.9832,0.0384,0.0502,-0.0532
-2.6935,1.8651,7.3789,-0.0889,-0.0718,-0.0582,-5.3941,-6.7133,2.5594,-0.0020,0.0164,-0.0572
-2.7318,1.8747,7.6136,-0.1119,-0.0276,-0.0365,-5.4444,-6.8187,2.9592,-0.0554,0.0009,-0.0424
-2.6504,1.8124,7.5848,-0.1025,-0.0265,-0.0388,-5.3678,-6.8450,2.9640,-0.0372,0.0063,-0.0321
-2.5666,1.7669,7.6399,-0.0862,-0.0233,-0.0396,-5.3463,-6.9264,3.0765,-0.0368,0.0085,-0.0159
-2.6097,1.8124,7.4220,-0.0650,-0.0079,-0.0238,-5.2912,-6.6918,2.7102,-0.0449,0.0019,0.0027
-2.6145,1.8172,7.5824,-0.0882,0.0077,0.0008,-5.3678,-6.7828,2.8395,-0.0630,-0.0020,-0.0075
-2.6336,1.7717,7.4508,-0.0665,-0.0144,-0.0420,-5.3008,-6.8307,2.7988,-0.0228,0.0320,-0.0321
-2.5331,1.7621,7.5920,-0.1126,-0.0300,-0.0040,-5.2481,-6.7971,2.9975,-0.0557,-0.0023,-0.0241
-2.5546,1.7813,7.5417,-0.0931,-0.0541,-0.0207,-5.3223,-6.8690,2.9544,-0.0280,-0.0153,-0.0316
-2.6983,1.6927,7.5441,-0.0778,-0.0023,-0.0606,-5.2289,-6.8474,2.8850,-0.0135,0.0473,-0.0374
-2.7150,1.7980,7.6567,-0.0757,-0.0088,-0.0370,-5.4324,-6.9216,2.8946,-0.0450,0.0433,-0.0175
-2.6001,1.6927,7.5393,-0.0923,0.0039,0.0019,-5.3056,-6.7038,2.9161,-0.0632,-0.0187,-0.0051
-2.6360,1.8411,7.4651,-0.1188,-0.0079,0.0001,-5.3558,-6.7876,2.8635,-0.0771,-0.0188,-0.0187
-2.5331,1.7549,7.7835,-0.0885,0.0452,-0.0164,-5.3606,-6.9576,2.9975,-0.0674,0.0225,0.0103
-2.5857,1.6664,7.4148,-0.0954,-0.0189,0.0314,-5.2170,-6.7014,3.0215,-0.0717,-0.0469,0.0172
-2.5259,1.7286,7.6040,-0.0663,-0.0111,-0.0290,-5.3846,-6.8019,2.9616,-0.0229,0.0124,-0.0177
-2.4277,1.6688,7.6447,-0.0923,-0.0080,-0.0382,-5.2553,-6.8714,3.1316,-0.0461,0.0408,-0.0298
-2.6408,1.6759,7.4531,-0.0723,-0.0211,-0.0385,-5.3510,-6.7732,2.8635,-0.0304,-0.0109,-0.0137
-2.5522,1.7597,7.5465,-0.0782,0.0065,-0.0385,-5.3774,-6.8091,2.8898,-0.0413,0.0304,-0.0237
-2.6193,1.6759,7.5130,-0.0917,-0.0119,-0.0168,-5.2050,-6.8354,3.0502,-0.0605,-0.0044,-0.0037
-2.7581,1.7190,7.5322,-0.0388,0.0221,-0.0296,-5.3343,-6.8187,2.8419,-0.0368,0.0220,0.0149
-2.6073,1.7334,7.4962,-0.0669,-0.0060,-0.0063,-5.2553,-6.7732,2.9401,-0.0542,0.0245,0.0036
-2.5857,1.7741,7.4196,-0.0938,0.0125,-0.0184,-5.2433,-6.7229,2.9329,-0.0540,0.0020,-0.0161
-2.6624,1.7142,7.6255,-0.0726,0.0084,-0.0184,-5.2912,-6.9360,2.9377,-0.0546,0.0334,-0.0099
-2.6671,1.6999,7.5944,-0.0725,-0.0089,-0.0224,-5.3295,-6.8642,2.9832,-0.0436,0.0184,-0.0075
-2.5786,1.7047,7.5202,-0.0649,-0.0067,-0.0205,-5.2265,-6.7181,2.8802,-0.0361,0.0063,-0.0080
-2.6647,1.7358,7.3717,-0.0994,-0.0164,-0.0332,-5.2672,-6.7947,2.8347,-0.0448,-0.0061,-0.0261
-2.6264,1.6855,7.5633,-0.0909,-0.0191,-0.0124,-5.2792,-6.8714,2.9113,-0.0446,-0.0111,-0.0127
-2.6456,1.6807,7.7668,-0.0697,-0.0063,-0.0047,-5.3726,-6.9959,3.0502,-0.0445,0.0128,0.0057
-2.6121,1.7502,7.4029,-0.0634,-0.0277,-0.0139,-5.3151,-6.6846,2.9018,-0.0312,-0.0051,-0.0011
-2.6815,1.7262,7.5441,-0.0829,-0.0222,-0.0207,-5.2984,-6.7301,2.8754,-0.0294,-0.0072,-0.0101
-2.7174,1.7095,7.6255,-0.0758,-0.0161,-0.0197,-5.3127,-6.8115,2.8419,-0.0401,0.0139,-0.0113
-2.6480,1.6712,7.5920,-0.0899,-0.0080,-0.0032,-5.2864,-6.9384,3.0574,-0.0542,0.0000,-0.0053
-2.6384,1.6903,7.5417,-0.0652,-0.0140,-0.0135,-5.2960,-6.8498,2.9616,-0.0422,-0.0063,-0.0056
-2.6887,1.6879,7.3670,-0.0681,-0.0161,-0.0152,-5.2337,-6.6559,2.9281,-0.0373,0.0128,-0.0185
-2.5283,1.6664,7.5657,-0.1010,-0.0228,-0.0181,-5.2792,-6.8331,3.0574,-0.0514,-0.0017,-0.0270
-2.6695,1.6903,7.5369,-0.0805,0.0095,-0.0163,-5.3463,-6.9025,2.8874,-0.0530,0.0043,-0.0036
-2.6217,1.6616,7.5226,-0.0825,-0.0248,-0.0120,-5.3175,-6.7469,2.8299,-0.0354,-0.0095,-0.0173
-2.5738,1.7166,7.6662,-0.0935,-0.0133,-0.0316,-5.2720,-6.8378,3.0191,-0.0417,0.0053,-0.0199
-2.7007,1.6855,7.6926,-0.0955,0.0016,-0.0252,-5.2984,-6.8761,3.0167,-0.0574,0.0052,-0.0097
-2.5522,1.6281,7.7045,-0.0661,0.0277,-0.0253,-5.2816,-6.8905,3.0694,-0.0597,0.0284,0.0053
-2.6073,1.7430,7.4891,-0.0714,-0.0189,0.0031,-5.2289,-6.7421,2.7390,-0.0386,-0.0115,-0.0032
-2.6288,1.7190,7.5106,-0.0877,-0.0264,-0.0076,-5.2720,-6.8235,2.9497,-0.0552,0.0080,-0.0108
-2.6432,1.6544,7.5082,-0.0833,-0.0143,-0.0124,-5.2553,-6.7804,2.9568,-0.0422,-0.0052,-0.0129
-2.6480,1.7286,7.6399,-0.0902,0.0029,-0.0132,-5.2792,-6.8809,3.0382,-0.0562,0.0036,-0.0015
-2.6288,1.6472,7.5202,-0.0616,-0.0238,-0.0103,-5.2648,-6.8570,2.7892,-0.0313,-0.0063,0.0049
-2.5762,1.7430,7.5465,-0.0809,-0.0302,-0.0111,-5.3630,-6.8163,2.9353,-0.0361,-0.0077,-0.0153
-2.5857,1.6759,7.6351,-0.0789,-0.0132,-0.0096,-5.2912,-6.9264,2.9688,-0.0432,-0.0145,0.0020
-2.5355,1.6975,7.6519,-0.0638,-0.0167,-0.0069,-5.2553,-6.9192,2.8754,-0.0254,-0.0047,0.0084
-2.6360,1.6496,7.6902,-0.0646,-0.0786,-0.0056,-5.3175,-6.9743,2.9137,0.0164,-0.0486,0.0080
-2.9999,1.6017,8.5305,0.0853,-0.2254,-0.0373,-5.6814,-7.7452,3.2250,0.2863,-0.0061,0.0466
-2.8898,1.6496,7.8219,0.2374,-0.5480,0.0613,-5.3917,-7.1443,2.9449,0.5003,-0.1568,0.1899
-2.0207,1.9465,7.1515,0.2138,-0.4834,0.0967,-5.1643,-6.0573,3.2130,0.4121,-0.1511,0.1937
-1.6113,2.1476,6.8809,0.0789,-0.2690,0.0172,-4.9704,-5.5091,3.3327,0.2085,-0.0683,0.0637
-1.7382,2.1691,6.7660,-0.1162,0.0175,-0.0380,-5.1092,-5.6743,3.1101,-0.1094,0.0292,-0.0481
-2.2482,2.0111,7.5130,-0.2054,0.1456,-0.0775,-5.3056,-6.5410,3.2848,-0.2057,0.0374,-0.1066
-2.4900,1.9034,7.8482,-0.1944,0.1282,-0.0120,-5.4181,-6.9073,3.2058,-0.1986,0.0041,-0.0577
-2.3056,1.7909,8.0517,-0.1406,0.0033,0.0056,-5.3630,-6.9408,3.5554,-0.0874,-0.0234,-0.0208
-2.2936,1.8890,7.6638,-0.0861,-0.0217,0.0053,-5.1834,-6.5888,3.3040,-0.0482,-0.0280,-0.0023
-2.1476,1.8914,7.6136,-0.0989,-0.0017,-0.0080,-5.2984,-6.6224,3.3543,-0.0813,0.0003,-0.0069
-2.2266,1.9010,7.5465,-0.0850,0.0312,-0.0127,-5.2505,-6.4572,3.1963,-0.0747,0.0048,-0.0089
-2.2122,1.8842,7.7572,-0.1143,0.0234,-0.0104,-5.2625,-6.7253,3.3351,-0.0887,0.0112,-0.0222
-2.3296,1.8531,7.7476,-0.0837,-0.0121,-0.0261,-5.2505,-6.6631,3.2489,-0.0340,0.0023,-0.0175
-2.2889,1.8842,7.6758,-0.0905,-0.0120,-0.0282,-5.3151,-6.6918,3.4213,-0.0536,0.0069,-0.0184
-2.2769,1.8914,7.5657,-0.0618,-0.0016,-0.0236,-5.2840,-6.5266,3.2609,-0.0324,0.0041,-0.0032
-2.2338,1.8986,7.4843,-0.0971,-0.0152,-0.0165,-5.3199,-6.5888,3.2777,-0.0592,0.0049,-0.0250
-2.2745,1.8483,7.6040,-0.0993,0.0009,-0.0237,-5.2792,-6.5410,3.2250,-0.0556,-0.0055,-0.0237
-2.3511,1.8459,7.6231,-0.1013,-0.0128,-0.0189,-5.2912,-6.6942,3.2848,-0.0628,-0.0064,-0.0191
-2.2913,1.7334,7.7237,-0.0845,0.0139,-0.0129,-5.2313,-6.6104,3.3160,-0.0727,0.0151,-0.0149
-2.2362,1.7382,7.4962,-0.1063,-0.0087,-0.0121,-5.2146,-6.5625,3.2729,-0.0661,-0.0155,-0.0269
-2.2936,1.7957,7.6279,-0.1062,0.0047,-0.0107,-5.2744,-6.6870,3.2441,-0.0818,0.0012,-0.0183
-2.3032,1.8699,7.5393,-0.0905,0.0057,-0.0077,-5.2265,-6.5960,3.3447,-0.0819,0.0172,-0.0163
-2.3008,1.8124,7.6423,-0.1074,0.0040,-0.0392,-5.2433,-6.6391,3.3423,-0.0842,0.0642,-0.0318
-2.3343,1.8076,7.7069,-0.1035,0.0081,-0.0370,-5.3510,-6.7349,3.0694,-0.1171,0.0975,-0.0446
-2.6097,1.9465,7.8817,-0.1732,0.0449,-0.1248,-5.4947,-6.9192,3.3232,-0.0939,0.1120,-0.0753
-2.3727,1.7358,7.5753,-0.1114,0.0012,-0.0306,-5.1882,-6.6343,3.1508,-0.1023,0.0652,-0.0666
-2.3894,1.7526,7.4627,-0.0974,0.0000,-0.0277,-5.2409,-6.7181,3.0095,-0.0819,0.0450,-0.0417
-2.2913,1.7573,7.5992,-0.1127,0.0027,-0.0165,-5.2289,-6.7660,3.2154,-0.0995,0.0285,-0.0322
-2.3056,1.6688,7.7524,-0.0843,0.0127,-0.0218,-5.2457,-6.8426,3.1484,-0.0763,0.0702,-0.0193
-2.3750,1.6807,7.6447,-0.0739,-0.0003,-0.0167,-5.1787,-6.6655,3.1196,-0.0757,0.0436,-0.0031
-2.2290,1.7334,7.5824,-0.0795,0.0057,-0.0177,-5.2122,-6.6870,3.0550,-0.0569,0.0079,-0.0064
-2.2338,1.7214,7.4436,-0.1029,-0.0273,-0.0274,-5.1284,-6.7995,3.0526,-0.0695,0.0353,-0.0480
-2.3703,1.7526,7.6231,-0.0801,0.0157,-0.0318,-5.2648,-6.7995,3.0215,-0.0638,0.0234,-0.0136
-2.3918,1.6951,7.6112,-0.0963,-0.0330,-0.0498,-5.2553,-6.7469,2.8994,-0.0721,0.1011,-0.0508
-2.3439,1.7071,7.6614,-0.0931,0.0012,-0.0392,-5.1715,-6.7277,3.0215,-0.0642,0.0088,-0.0354
-2.3679,1.6568,7.6088,-0.1059,-0.0115,-0.0357,-5.3870,-6.8714,2.8874,-0.0645,0.0332,-0.0317
-2.3798,1.6807,7.6567,-0.0683,0.0140,-0.0201,-5.2505,-6.8067,3.0095,-0.0564,0.0137,-0.0003
-2.4014,1.7502,7.6423,-0.0703,-0.0241,-0.0117,-5.2768,-6.8546,3.0789,-0.0496,0.0208,0.0073
-2.3080,1.6616,7.6447,-0.0597,-0.0072,-0.0132,-5.2337,-6.7900,3.0382,-0.0421,0.0093,0.0096
-2.4876,1.7406,7.6662,-0.0624,0.0125,0.0011,-5.2553,-6.7277,3.0215,-0.0586,-0.0123,0.0127
-2.3152,1.6759,7.4795,-0.0731,-0.0093,-0.0116,-5.2888,-6.8378,2.9880,-0.0719,0.0262,-0.0009
-2.2960,1.6783,7.7117,-0.0549,0.0268,-0.0115,-5.2409,-6.8809,3.0502,-0.0721,0.0386,0.0147
-2.4253,1.6735,7.7620,-0.0053,0.0874,0.0128,-5.3151,-7.0892,3.2465,-0.1378,0.0686,0.0994
-2.2434,1.6688,8.0325,0.1116,0.5059,0.0771,-5.1667,-6.9623,3.4333,-0.3444,0.3529,0.2364
-2.6097,1.8531,8.1523,0.2413,0.4001,0.0941,-5.6455,-7.5465,3.3208,-0.4016,0.3977,0.4048
-2.8802,1.9489,7.1850,0.4142,0.7521,0.1370,-5.4588,-6.5577,2.1835,-0.4335,0.4791,0.4882
-3.0215,2.0949,7.0940,0.1811,0.4553,0.1203,-5.7892,-6.5984,2.0399,-0.4483,0.3587,0.3456
-3.0287,2.2865,7.1826,0.2058,0.5113,0.0670,-5.9520,-6.4045,2.2051,-0.3404,0.3102,0.2864
-3.1292,2.2889,6.9576,0.0675,0.3283,0.0296,-5.8754,-6.3805,2.0207,-0.3152,0.2433,0.1921
-3.3543,2.3343,6.9408,0.0123,0.2835,-0.0003,-5.9448,-6.3710,1.7765,-0.2381,0.1860,0.1030
-3.3016,2.3176,6.6726,-0.1735,0.0564,-0.0638,-5.8514,-6.2537,1.8364,-0.1418,-0.0188,-0.0855
-3.4237,2.2721,7.1587,-0.1924,0.0107,-0.0791,-6.1962,-6.7564,2.0446,-0.0990,0.0232,-0.1167
-3.2130,2.1955,7.2401,-0.2085,-0.0514,-0.0501,-6.0286,-6.9336,2.0758,-0.0759,-0.0723,-0.1022
-3.3567,2.0782,7.2712,-0.1415,0.0131,-0.0533,-5.8012,-6.8307,2.1452,-0.0909,0.0222,-0.0707
-3.5147,2.1644,7.2161,-0.1490,-0.0296,-0.0446,-6.0310,-6.8666,1.9417,-0.0577,-0.0077,-0.0616
-3.3950,2.1691,7.3382,-0.1092,-0.0187,-0.0200,-6.0047,-6.9360,1.9872,-0.0353,0.0007,-0.0438
-3.3567,2.1237,6.9384,-0.1242,-0.0558,-0.0003,-5.9233,-6.7660,1.8914,-0.0253,-0.0741,-0.0414
-3.1963,2.1500,7.1778,-0.1486,-0.0560,-0.0233,-5.9113,-6.8043,2.1811,-0.0418,-0.0345,-0.0691
-3.3686,2.1715,7.0964,-0.1446,-0.0384,-0.0329,-5.8969,-6.7612,1.8459,-0.0376,-0.0334,-0.0809
-3.2394,2.1045,7.2640,-0.1845,-0.0454,-0.0328,-5.8083,-6.8929,2.0590,-0.0725,-0.0485,-0.0886
-3.3064,2.0758,7.3047,-0.0982,-0.0075,-0.0356,-5.9161,-7.0557,1.9824,-0.0352,0.0021,-0.0430
-3.3519,2.0207,7.0270,-0.1384,-0.0524,-0.0097,-5.8826,-6.7325,1.8842,-0.0260,-0.0679,-0.0556
-3.1891,2.0853,7.2736,-0.1907,-0.0841,-0.0116,-5.8730,-6.9312,2.2218,-0.0473,-0.1130,-0.0879
-3.3375,1.9800,7.5968,-0.0746,0.0079,-0.0197,-5.8610,-7.2401,2.3367,-0.0472,0.0143,-0.0047
-3.3734,1.9082,7.0174,-0.0797,-0.0518,-0.0245,-5.7365,-6.8019,1.7741,-0.0148,-0.0183,-0.0237
-3.2896,1.9848,7.2712,-0.0834,-0.0326,-0.0117,-5.8227,-6.9264,2.1979,-0.0249,-0.0105,-0.0069
-3.2106,1.9872,7.1802,-0.0849,-0.0464,-0.0241,-5.7557,-6.7828,2.0423,-0.0313,0.0000,-0.0139
-3.1891,2.0782,7.2664,-0.0855,0.0120,-0.0221,-5.8299,-6.8833,2.1189,-0.0497,0.0201,-0.0286
-3.2681,2.0279,7.2999,-0.1107,-0.0401,-0.0297,-5.7916,-6.9336,2.0255,-0.0521,-0.0145,-0.0341
-3.3016,1.9632,7.4891,-0.0440,0.0104,-0.0292,-5.8275,-7.2042,2.1620,-0.0385,0.0337,0.0165
-3.3327,1.9034,7.4771,0.0310,0.0380,0.0047,-5.7988,-7.0581,2.2553,-0.0286,0.0580,0.0899
-3.3232,2.0470,6.9552,0.0005,-0.0230,0.0100,-5.8610,-6.6128,1.8699,-0.0105,0.0282,0.0542
-3.1819,2.1620,6.9623,-0.0902,-0.0662,-0.0007,-5.8442,-6.5003,1.9154,-0.0059,-0.0380,-0.0284
-3.1268,2.0973,7.1539,-0.1632,-0.0614,-0.0328,-5.8323,-6.8019,2.1021,-0.0458,-0.0493,-0.0757
-3.2370,1.9728,7.4508,-0.1258,-0.0051,-0.0408,-5.8251,-7.0677,2.2362,-0.0622,0.0064,-0.0442
-3.3423,2.0111,7.2927,-0.1029,-0.0057,-0.0085,-5.8754,-7.0868,2.1548,-0.0662,0.0032,-0.0143
-3.2920,1.9752,7.3263,-0.0667,-0.0270,-0.0017,-5.8969,-7.0413,2.1165,-0.0280,-0.0060,0.0200
-3.1603,2.0063,7.1275,-0.0719,-0.0296,0.0057,-5.7389,-6.7157,1.9968,-0.0318,-0.0237,0.0081
-3.2346,1.9776,7.3430,-0.0815,-0.0269,-0.0017,-5.7916,-6.9408,2.2434,-0.0509,-0.0112,0.0041
-3.2058,2.0399,7.1132,-0.0701,0.0011,-0.0408,-5.6743,-6.8139,2.0159,-0.0364,0.0268,-0.0256
-3.1891,2.0494,7.3598,-0.1123,-0.0144,-0.0372,-5.8562,-6.9336,2.1883,-0.0568,0.0103,-0.0362
-3.3016,1.9034,7.3310,-0.0782,-0.0113,-0.0330,-5.8634,-6.9743,1.9632,-0.0390,0.0132,-0.0176
-3.2250,2.0351,7.2808,-0.0694,-0.0344,-0.0317,-5.8921,-6.9408,2.0925,-0.0221,0.0013,-0.0108
-3.2489,1.9537,7.1323,-0.0793,-0.0418,-0.0309,-5.7964,-6.7876,2.0279,-0.0111,-0.0226,-0.0153
-3.2178,1.9944,7.3239,-0.0927,-0.0205,-0.0221,-5.8395,-7.0390,2.1476,-0.0468,0.0136,-0.0160
-3.2513,2.0303,7.1922,-0.0911,-0.0207,-0.0023,-5.7509,-6.8977,2.1213,-0.0384,-0.0342,-0.0083
-3.2154,1.9632,7.2927,-0.0733,-0.0043,-0.0131,-5.7820,-6.9216,2.0877,-0.0477,0.0125,-0.0057
-3.1963,1.9872,7.2305,-0.0833,-0.0494,-0.0052,-5.7724,-6.8402,2.0949,-0.0302,-0.0254,-0.0103
-3.1173,1.9920,7.2496,-0.0802,-0.0233,-0.0131,-5.7676,-6.8690,2.0087,-0.0346,-0.0032,-0.0111
-3.2609,1.9058,7.2951,-0.0907,-0.0165,-0.0196,-5.7844,-6.9839,2.1428,-0.0450,0.0055,-0.0218
-3.2777,2.0446,7.4268,-0.0667,-0.0145,-0.0207,-5.9089,-6.9719,2.0279,-0.0277,0.0141,-0.0003
-3.1891,1.9680,7.2425,-0.0965,-0.0634,-0.0040,-5.7628,-6.7636,2.0494,-0.0037,-0.0528,-0.0167
-3.1747,2.0327,7.1371,-0.1311,-0.0931,0.0001,-5.7413,-6.8738,2.0782,-0.0207,-0.0771,-0.0346
-3.1412,1.9225,7.3885,-0.0810,-0.0155,0.0005,-5.8012,-6.9647,2.3008,-0.0464,0.0051,-0.0119
-3.0861,1.9082,7.3239,-0.0738,-0.0152,-0.0072,-5.6575,-6.9240,2.2889,-0.0409,-0.0033,0.0016
-3.2489,1.9609,7.3382,-0.0661,-0.0276,-0.0073,-5.8035,-6.9480,2.2482,-0.0349,-0.0083,0.0085
-3.1412,2.0016,7.2856,-0.0314,0.0147,-0.0181,-5.6862,-6.8594,2.1715,-0.0252,0.0296,0.0157
-3.1364,2.0375,7.2568,-0.0771,-0.0199,-0.0246,-5.7964,-6.9815,2.2745,-0.0394,-0.0015,-0.0005
-3.2154,1.9800,7.2712,-0.0316,-0.0167,-0.0232,-5.7341,-6.9312,2.1045,-0.0075,0.0016,0.0092
-3.1292,1.9920,7.1850,-0.0733,-0.0341,-0.0145,-5.7389,-6.8857,2.2314,-0.0306,-0.0120,-0.0027
-3.1603,1.9968,7.2856,-0.0556,-0.0071,-0.0168,-5.7748,-6.7852,2.1715,-0.0346,0.0165,0.0033
-3.1556,2.0279,7.2425,-0.1046,-0.0171,-0.0092,-5.7174,-6.8402,2.1883,-0.0557,-0.0197,-0.0140
-3.2394,2.0016,7.2688,-0.0620,-0.0112,-0.0092,-5.7700,-6.9097,2.0853,-0.0274,-0.0127,-0.0001
-3.0789,1.9345,7.5489,-0.0340,0.0116,-0.0144,-5.8251,-7.1539,2.5498,-0.0481,0.0634,0.0348
-3.2657,1.9561,7.1299,0.0043,-0.0008,-0.0021,-5.7581,-6.7971,2.0710,-0.0211,0.0237,0.0594
-3.2058,2.0806,7.1275,-0.0489,0.0045,-0.0121,-5.7868,-6.7325,2.1476,-0.0426,0.0244,0.0145
-3.1029,2.0446,6.9528,-0.1127,-0.0473,-0.0155,-5.8203,-6.6200,2.0782,-0.0377,-0.0386,-0.0384
-3.1627,1.9968,7.4484,-0.1114,-0.0005,-0.0305,-5.8562,-7.0342,2.3535,-0.0667,0.0119,-0.0296
-3.2034,1.9992,7.1730,-0.0839,-0.0184,-0.0242,-5.7820,-6.9408,2.1237,-0.0389,-0.0116,-0.0144
-3.0933,2.0351,7.3526,-0.0909,-0.0224,-0.0189,-5.8395,-6.9121,2.2889,-0.0394,-0.0047,-0.0147
-3.1603,2.0135,7.1204,-0.0861,-0.0217,-0.0175,-5.7078,-6.7205,2.0542,-0.0428,-0.0153,-0.0152
-3.1292,1.9369,7.3981,-0.0985,-0.0103,-0.0254,-5.7916,-6.9025,2.2194,-0.0500,0.0129,-0.0252
-3.2226,2.0087,7.3933,-0.0701,-0.0063,-0.0196,-5.8179,-7.0366,2.1763,-0.0429,0.0152,0.0036
-3.2106,2.0518,7.1467,-0.0737,-0.0184,-0.0151,-5.8155,-6.8235,2.1356,-0.0452,0.0077,-0.0027
-3.1292,1.9728,7.2257,-0.0806,-0.0316,-0.0095,-5.6312,-6.8450,2.2817,-0.0376,-0.0340,-0.0072
-3.1627,2.0063,7.3167,-0.0770,0.0112,-0.0172,-5.8107,-7.0150,2.1237,-0.0574,0.0496,-0.0092
-3.1292,2.0446,7.3071,-0.0731,-0.0274,-0.0088,-5.7892,-6.9121,2.0662,-0.0316,0.0025,0.0004
-3.0789,2.0973,7.3358,-0.0839,-0.0462,0.0067,-5.6695,-6.9121,2.2266,-0.0290,-0.0396,-0.0052
-3.2274,1.9417,7.2784,-0.0665,0.0120,-0.0153,-5.7197,-6.7780,2.1117,-0.0544,0.0217,-0.0067
-3.0358,1.9465,7.3382,-0.0955,-0.0208,-0.0240,-5.7078,-6.8857,2.2410,-0.0490,-0.0104,-0.0108
-3.2082,2.0183,7.2449,-0.0622,0.0143,-0.0370,-5.7269,-6.8211,1.9968,-0.0329,0.0067,-0.0167
-3.3495,2.0782,7.2664,-0.0983,-0.0902,-0.0285,-5.8466,-6.9360,2.0518,-0.0029,-0.0469,-0.0207
-3.0598,1.9992,7.3885,-0.0686,-0.0569,-0.0268,-5.7916,-6.8666,2.3583,-0.0088,0.0069,-0.0103
-3.0694,1.9513,7.2832,-0.0814,-0.0077,-0.0199,-5.7102,-6.7756,2.1093,-0.0489,0.0065,-0.0096
-3.1340,1.9824,7.3430,-0.0905,-0.0021,0.0032,-5.7892,-6.8378,2.3080,-0.0636,-0.0230,-0.0023
-3.1915,2.0039,7.2137,-0.0777,0.0161,-0.0238,-5.7221,-6.8618,2.0877,-0.0610,0.0596,-0.0176
-3.1316,1.9632,7.4986,-0.0689,0.0105,-0.0132,-5.7820,-7.0174,2.3679,-0.0536,0.0241,0.0107
-3.0454,1.9178,7.2784,-0.0552,-0.0212,0.0032,-5.6790,-6.7804,2.2434,-0.0309,-0.0297,0.0233
-3.0813,2.0063,7.1491,-0.0699,0.0217,-0.0416,-5.7628,-6.7732,2.1979,-0.0609,0.0604,-0.0342
-3.1795,1.9872,7.2425,-0.1186,0.0148,-0.0576,-5.7676,-6.8522,2.1356,-0.0741,0.0369,-0.0500
-3.1747,1.9321,7.3430,-0.1098,0.0091,-0.0492,-5.7461,-6.9216,2.2314,-0.0622,-0.0028,-0.0448
-3.3543,1.9944,7.4771,-0.0905,0.0179,-0.0348,-5.8442,-7.0246,2.2290,-0.0613,0.0197,-0.0197
-3.2130,1.9800,7.0892,-0.0846,-0.0179,-0.0211,-5.6862,-6.8642,2.1045,-0.0508,0.0020,-0.0104
-3.1675,1.9537,7.3239,-0.0953,-0.0151,-0.0064,-5.8012,-6.9647,2.1045,-0.0600,-0.0064,-0.0128
-3.1460,1.9417,7.3334,-0.0687,0.0119,-0.0019,-5.7485,-6.9599,2.2098,-0.0578,0.0085,0.0069
-3.2082,1.8986,7.1108,-0.0813,-0.0040,-0.0001,-5.6743,-6.7612,2.0949,-0.0589,-0.0111,-0.0008
-3.1795,1.9680,7.2209,-0.0917,-0.0019,-0.0181,-5.7772,-6.8785,2.1332,-0.0569,0.0123,-0.0199
-3.2394,1.9465,7.3430,-0.1010,-0.0087,-0.0160,-5.7676,-7.0006,2.0614,-0.0613,-0.0028,-0.0172
-3.1627,1.8914,7.4077,-0.0945,-0.0051,-0.0220,-5.7245,-7.0413,2.2817,-0.0496,0.0045,-0.0127
-3.2346,1.8747,7.3167,-0.0735,-0.0125,-0.0155,-5.7604,-7.0222,2.1380,-0.0398,0.0037,-0.0007
-3.1556,1.9345,7.1994,-0.0618,-0.0207,-0.0124,-5.7293,-6.9049,2.2793,-0.0316,0.0060,0.0019
-3.2010,1.9800,7.2808,-0.0719,-0.0230,-0.0167,-5.8347,-6.9408,2.2984,-0.0366,0.0164,-0.0036
-3.1603,1.9082,7.1778,-0.0849,-0.0151,-0.0237,-5.6455,-6.8235,2.0446,-0.0426,0.0060,-0.0180
-3.1580,1.9010,7.3215,-0.0803,-0.0212,-0.0250,-5.6958,-7.0030,2.1644,-0.0353,0.0012,-0.0209
-3.2202,1.9321,7.2113,-0.0675,-0.0167,-0.0205,-5.7293,-6.9408,2.1644,-0.0390,0.0108,-0.0069
-3.1436,1.9585,7.2975,-0.0762,-0.0199,-0.0065,-5.7485,-6.9408,2.0973,-0.0396,0.0077,-0.0033
-3.2633,1.9321,7.3598,-0.0842,-0.0072,-0.0105,-5.8035,-6.9504,2.0183,-0.0500,-0.0052,-0.0016
-3.1436,1.9178,7.2903,-0.0926,-0.0144,-0.0145,-5.7245,-6.9599,2.1715,-0.0502,-0.0131,-0.0064
-3.2058,1.8914,7.2257,-0.0855,-0.0129,-0.0129,-5.6862,-6.8522,2.1237,-0.0469,-0.0108,-0.0089
-3.2130,1.9537,7.3717,-0.0959,-0.0179,-0.0224,-5.8682,-7.0054,2.2960,-0.0508,0.0075,-0.0157
-3.2417,1.9273,7.2640,-0.0762,-0.0077,-0.0069,-5.7221,-6.9360,2.0806,-0.0441,0.0007,0.0004
-3.1795,1.8986,7.2712,-0.0858,-0.0175,-0.0055,-5.7365,-6.9025,2.1883,-0.0422,-0.0167,-0.0051
-3.1484,1.8794,7.2281,-0.0779,-0.0237,-0.0176,-5.7006,-6.8498,2.1117,-0.0332,-0.0008,-0.0133
-3.1723,1.9249,7.3454,-0.0981,-0.0117,-0.0168,-5.7676,-7.0054,2.2482,-0.0532,0.0032,-0.0221
-3.2226,1.9465,7.3071,-0.0783,-0.0101,-0.0228,-5.6886,-6.9480,2.1476,-0.0432,0.0075,-0.0112
-3.1795,1.9321,7.3047,-0.0877,-0.0151,-0.0148,-5.7317,-6.8690,2.2266,-0.0448,-0.0063,-0.0169
-3.1268,1.9225,7.2664,-0.0889,-0.0282,-0.0169,-5.7293,-6.9695,2.2529,-0.0494,-0.0052,-0.0097
-3.1699,1.9106,7.2520,-0.0717,0.0008,-0.0199,-5.7030,-6.8977,2.0949,-0.0480,0.0112,-0.0157
-3.1723,1.8555,7.3478,-0.0947,-0.0257,-0.0161,-5.6982,-6.9552,2.2051,-0.0464,-0.0029,-0.0169
-3.2489,1.8794,7.2496,-0.0795,-0.0073,-0.0193,-5.6862,-6.9073,2.0901,-0.0421,-0.0048,-0.0160
-3.1675,1.8914,7.3334,-0.0870,-0.0160,-0.0215,-5.7197,-7.0390,2.1883,-0.0510,0.0257,-0.0148
-3.2777,1.9010,7.3502,-0.0713,0.0009,-0.0167,-5.7892,-7.0629,2.0925,-0.0456,0.0096,0.0048
-3.2106,1.9010,7.2927,-0.0666,-0.0184,-0.0088,-5.6743,-7.0150,2.2482,-0.0357,-0.0053,0.0080
-3.1603,1.8675,7.2161,-0.0703,-0.0089,-0.0039,-5.6934,-6.8953,2.1045,-0.0465,-0.0048,0.0092
-3.2872,1.8771,7.2880,-0.0743,-0.0149,-0.0052,-5.6671,-6.9097,2.2051,-0.0445,0.0100,-0.0015
-3.1819,1.8627,7.4053,-0.0588,-0.0015,-0.0072,-5.7604,-7.0246,2.2817,-0.0445,0.0163,0.0143
-3.1891,1.9273,7.2113,-0.0644,-0.0136,-0.0108,-5.7030,-6.8833,2.1189,-0.0397,0.0040,0.0065
-3.1867,1.9345,7.1922,-0.0845,-0.0298,-0.0108,-5.6838,-6.8690,2.1668,-0.0369,-0.0189,-0.0063
-3.2441,1.9082,7.3047,-0.0598,0.0025,-0.0008,-5.7317,-6.9623,2.1931,-0.0456,0.0093,0.0161
-3.2633,1.9225,7.1060,-0.0818,-0.0365,0.0036,-5.7844,-6.8307,2.0806,-0.0405,-0.0229,-0.0003
-3.2346,1.8842,7.3861,-0.0640,-0.0015,-0.0033,-5.7820,-7.0916,2.2482,-0.0429,0.0262,0.0137
-3.2370,1.9513,7.2856,-0.0556,-0.0113,0.0103,-5.7748,-6.9312,2.1189,-0.0350,-0.0077,0.0278
-3.1747,1.8938,7.2377,-0.0437,-0.0095,0.0093,-5.6934,-6.9025,2.2290,-0.0368,0.0041,0.0332
-3.1292,1.9824,7.1682,-0.0713,-0.0346,0.0035,-5.7748,-6.9168,2.1476,-0.0392,-0.0029,0.0112
-3.1651,1.9058,7.3765,-0.0469,-0.0093,-0.0080,-5.7078,-6.8426,2.1213,-0.0322,0.0185,0.0104
-3.2585,1.9752,7.2089,-0.0734,-0.0149,-0.0260,-5.7197,-6.8498,2.1380,-0.0465,0.0278,-0.0077
-3.2585,2.0207,7.4627,-0.0681,0.0017,-0.0228,-5.8658,-7.0485,2.3128,-0.0465,0.0261,0.0056
-3.2298,1.8220,7.1419,-0.0727,-0.0171,-0.0188,-5.7724,-6.8785,2.1093,-0.0441,-0.0213,0.0051
-3.1580,1.9776,7.2544,-0.0809,0.0004,-0.0176,-5.7078,-6.8857,2.1500,-0.0520,0.0111,-0.0076
-3.1747,1.9393,7.2880,-0.0915,-0.0088,-0.0215,-5.7413,-6.9288,2.2673,-0.0542,0.0175,-0.0151
-3.2082,1.8866,7.1754,-0.0910,-0.0144,-0.0148,-5.6982,-6.9743,2.0710,-0.0534,-0.0161,-0.0140
-3.1915,1.8962,7.3071,-0.0628,0.0029,-0.0218,-5.7030,-6.9288,2.1644,-0.0446,0.0183,-0.0052
-3.1771,1.9537,7.4101,-0.0837,-0.0040,-0.0151,-5.8131,-6.9695,2.2075,-0.0544,0.0188,-0.0020
-3.2106,1.9369,7.1108,-0.0805,-0.0171,-0.0132,-5.6982,-6.8091,2.0159,-0.0445,-0.0188,-0.0108
-3.1627,1.9776,7.3502,-0.0987,-0.0153,-0.0129,-5.8059,-6.9264,2.1883,-0.0537,-0.0103,-0.0160
-3.2106,1.9249,7.3263,-0.0718,0.0113,-0.0187,-5.7868,-7.0366,2.1284,-0.0537,0.0433,-0.0029
-3.1795,1.9968,7.2544,-0.0929,-0.0276,-0.0159,-5.6575,-6.8833,2.2242,-0.0537,-0.0092,-0.0112
-3.1316,1.9680,7.2089,-0.0775,-0.0101,-0.0284,-5.6886,-6.8139,2.1763,-0.0461,-0.0028,-0.0168
-3.1795,1.9010,7.3430,-0.0963,0.0029,-0.0184,-5.7796,-6.9192,2.1380,-0.0659,0.0147,-0.0212
-3.1532,1.8747,7.3646,-0.0846,-0.0205,-0.0156,-5.7413,-7.0006,2.0758,-0.0430,0.0135,-0.0156
-3.2465,1.9944,7.2257,-0.0851,-0.0052,-0.0180,-5.7293,-6.8905,2.0494,-0.0509,0.0049,-0.0137
-3.1484,1.8818,7.2185,-0.0991,-0.0232,-0.0160,-5.7030,-6.9839,2.2218,-0.0537,-0.0230,-0.0176
-3.2513,1.8675,7.3574,-0.0659,-0.0081,-0.0125,-5.7126,-7.0222,2.0853,-0.0409,0.0109,0.0085
-3.2394,1.9656,7.2640,-0.0665,-0.0085,-0.0051,-5.6695,-6.9480,2.1237,-0.0393,0.0079,0.0041
-3.1556,1.9465,7.2640,-0.0785,-0.0257,-0.0160,-5.7269,-6.9288,2.1524,-0.0377,0.0072,-0.0081
-3.1963,1.9178,7.1754,-0.0918,-0.0200,-0.0180,-5.6814,-6.9145,2.1045,-0.0473,-0.0149,-0.0157
-3.1915,1.8818,7.3454,-0.0710,0.0041,-0.0276,-5.7652,-7.0006,2.0686,-0.0453,0.0272,-0.0104
-3.1867,1.8962,7.3646,-0.0923,-0.0264,-0.0133,-5.7030,-6.9695,2.2146,-0.0493,-0.0053,-0.0111
-3.1891,1.9393,7.3358,-0.0390,0.0117,-0.0173,-5.7269,-7.0078,2.0853,-0.0417,0.0329,0.0128
-3.1843,1.9656,7.2065,-0.0745,-0.0055,-0.0099,-5.6695,-6.9025,2.1668,-0.0458,-0.0180,0.0020
-3.1580,1.8579,7.3071,-0.0699,0.0513,-0.0226,-5.6982,-6.8833,2.0973,-0.0602,0.0333,0.0044
-3.1484,1.9034,7.2712,-0.0766,-0.0028,-0.0200,-5.7269,-7.0677,2.1356,-0.0524,0.0079,0.0059
-3.1771,1.9058,7.1922,-0.0743,-0.0326,-0.0224,-5.8107,-6.9360,2.0686,-0.0337,0.0009,-0.0084
-3.1388,1.8340,7.2449,-0.0819,-0.0165,-0.0091,-5.7269,-6.9408,2.2338,-0.0397,-0.0004,-0.0043
-3.1364,1.9106,7.2401,-0.0923,-0.0269,-0.0167,-5.7868,-6.8761,2.1045,-0.0392,-0.0211,-0.0105
-3.1699,1.9465,7.3239,-0.0871,-0.0084,-0.0296,-5.7604,-6.9935,2.1787,-0.0518,0.0221,-0.0207
-3.2417,1.9417,7.2688,-0.0775,-0.0015,-0.0234,-5.7293,-6.9480,2.0590,-0.0489,0.0147,-0.0105
-3.2106,1.9513,7.2089,-0.0821,0.0248,-0.0149,-5.7293,-6.9480,2.1093,-0.0706,0.0129,0.0008
-3.2394,1.9561,7.4053,-0.0870,-0.0007,-0.0096,-5.6910,-6.9719,2.0614,-0.0612,-0.0108,0.0033
-3.2705,1.8699,7.3741,-0.0560,0.0246,0.0007,-5.7030,-6.9887,2.1500,-0.0622,0.0180,0.0240
-3.2441,1.9872,7.1682,-0.0659,-0.0123,0.0025,-5.7006,-6.8666,1.9824,-0.0458,-0.0053,0.0132
-3.2609,1.9609,7.2568,-0.0838,-0.0201,-0.0101,-5.8347,-6.8426,2.0590,-0.0370,-0.0141,-0.0075
-3.1747,1.8747,7.2065,-0.1037,-0.0521,-0.0193,-5.7533,-6.8905,2.1739,-0.0345,-0.0199,-0.0192
-3.1460,1.8818,7.3741,-0.0787,-0.0057,-0.0285,-5.6934,-7.0844,2.1715,-0.0352,0.0195,-0.0141
-3.2417,1.9297,7.1874,-0.0859,-0.0232,-0.0288,-5.6862,-6.9336,2.0973,-0.0425,0.0045,-0.0119
-3.1963,1.9321,7.2832,-0.0702,-0.0121,-0.0254,-5.6695,-6.8618,2.2314,-0.0449,-0.0037,-0.0065
-3.2657,1.9201,7.3430,-0.0705,-0.0025,-0.0228,-5.7557,-6.9791,2.0446,-0.0428,0.0250,-0.0123
-3.3088,1.9465,7.2305,-0.0757,0.0131,-0.0237,-5.7317,-7.0198,2.1380,-0.0568,0.0245,-0.0093
-3.3040,1.9178,7.3167,-0.0862,-0.0108,-0.0252,-5.7652,-7.0605,2.2721,-0.0652,0.0164,-0.0067
-3.2825,1.9537,7.2903,-0.0478,0.0301,0.0011,-5.7413,-7.0102,2.1572,-0.0564,0.0089,0.0253
-3.3423,1.9321,7.3837,-0.0492,0.0103,0.0310,-5.7269,-6.9719,1.9800,-0.0589,-0.0011,0.0494
-3.2848,1.8771,7.0102,-0.0737,-0.0337,-0.0040,-5.7413,-6.7947,2.0494,-0.0404,0.0004,-0.0012
-3.1005,1.9920,7.3765,-0.0826,0.0043,-0.0200,-5.7628,-6.9240,2.2793,-0.0540,0.0063,-0.0167
-3.3136,1.8771,7.2784,-0.0989,0.0048,-0.0353,-5.7197,-6.9480,1.9704,-0.0565,0.0079,-0.0241
-3.2298,1.8771,7.2712,-0.0877,-0.0241,-0.0329,-5.7533,-7.0150,2.1213,-0.0421,0.0043,-0.0245
-3.3686,1.9082,7.2425,-0.0918,-0.0175,-0.0346,-5.7628,-6.9671,1.9944,-0.0441,0.0095,-0.0288
-3.2274,1.8579,7.2903,-0.1010,-0.0257,-0.0221,-5.7150,-7.0006,2.0518,-0.0474,-0.0181,-0.0212
-3.2848,1.8459,7.2640,-0.0843,-0.0277,-0.0127,-5.6814,-7.0030,1.9992,-0.0366,-0.0049,-0.0112
-3.2441,1.8794,7.3263,-0.0869,-0.0236,-0.0133,-5.7604,-6.9935,2.0997,-0.0308,-0.0068,-0.0141
-3.3160,1.9369,7.1347,-0.1002,-0.0406,-0.0105,-5.7581,-6.9001,2.0399,-0.0380,-0.0163,-0.0207
-3.1651,1.9201,7.3095,-0.0810,-0.0101,-0.0131,-5.6814,-6.9671,2.1907,-0.0420,0.0064,-0.0100
-3.2920,1.8340,7.2305,-0.0815,-0.0175,-0.0133,-5.6695,-7.0126,2.0901,-0.0420,0.0040,-0.0119
-3.1819,1.8914,7.3646,-0.0859,-0.0151,-0.0207,-5.6599,-7.0366,2.2338,-0.0506,-0.0056,-0.0109
-3.2370,1.9154,7.3071,-0.0778,-0.0155,-0.0075,-5.7581,-7.0150,2.0710,-0.0505,-0.0123,0.0039
-3.2441,1.8938,7.2472,-0.0686,0.0004,-0.0065,-5.7509,-6.9959,2.0782,-0.0470,0.0064,0.0048
-3.2489,1.8818,7.2185,-0.0790,-0.0301,-0.0176,-5.6814,-6.9336,2.0949,-0.0406,0.0025,-0.0084
-3.1220,1.9010,7.4005,-0.0797,-0.0067,-0.0240,-5.7126,-6.9528,2.1668,-0.0500,0.0103,-0.0076
-3.2465,1.8459,7.2544,-0.0783,-0.0011,-0.0238,-5.6527,-6.8881,2.1045,-0.0490,-0.0160,-0.0069
-3.3279,1.8962,7.3023,-0.0777,-0.0113,-0.0139,-5.7724,-6.9791,2.0399,-0.0414,0.0099,-0.0080
-3.1891,1.8699,7.2664,-0.0783,-0.0132,-0.0152,-5.6934,-7.0126,2.1380,-0.0428,0.0092,-0.0067
-3.3160,1.8938,7.1874,-0.0787,-0.0148,-0.0183,-5.6551,-6.9336,2.0590,-0.0452,-0.0065,-0.0063
-3.2992,1.8651,7.2760,-0.0843,-0.0085,-0.0121,-5.7461,-6.9839,2.1045,-0.0453,0.0035,-0.0169
-3.2322,1.8890,7.3670,-0.0735,-0.0028,-0.0143,-5.6647,-7.0078,2.1691,-0.0498,0.0141,0.0008
-3.2322,1.8052,7.2377,-0.0665,-0.0111,-0.0019,-5.6192,-6.9623,2.0853,-0.0482,-0.0117,0.0157
-3.2920,1.9106,7.2951,-0.0634,-0.0116,-0.0140,-5.7174,-6.9432,2.0614,-0.0402,0.0072,-0.0019
-3.1867,1.8699,7.2496,-0.0870,-0.0175,-0.0097,-5.7748,-6.9815,2.1021,-0.0538,0.0115,-0.0075
-3.2394,1.9034,7.4508,-0.0807,-0.0005,-0.0133,-5.7437,-6.9863,2.2290,-0.0445,-0.0112,-0.0005
-3.2633,1.8675,7.2784,-0.0679,-0.0096,-0.0115,-5.6814,-6.9168,1.9824,-0.0350,-0.0159,0.0072
-3.1915,1.8938,7.3310,-0.0921,-0.0342,-0.0097,-5.6599,-6.8977,2.0973,-0.0460,-0.0088,-0.0180
-3.2681,1.9154,7.3741,-0.0710,0.0033,-0.0143,-5.7317,-7.0485,2.2434,-0.0430,0.0228,0.0027
-3.2777,1.8794,7.2640,-0.0765,-0.0236,-0.0059,-5.7078,-6.9983,2.1284,-0.0520,-0.0019,-0.0003
-3.2274,1.9010,7.3095,-0.0675,-0.0064,-0.0212,-5.7940,-6.9983,2.1045,-0.0373,0.0089,-0.0029
-3.2513,1.8771,7.3861,-0.0899,-0.0011,-0.0248,-5.7006,-6.9552,1.9800,-0.0545,0.0140,-0.0129
-3.2441,1.8842,7.3167,-0.0901,-0.0156,-0.0234,-5.7437,-6.9959,2.1644,-0.0465,-0.0052,-0.0184
-3.2250,1.7885,7.3382,-0.0730,-0.0056,-0.0073,-5.7581,-7.0749,2.1572,-0.0490,0.0077,0.0085
-3.2346,1.8651,7.1539,-0.0842,-0.0222,-0.0049,-5.7006,-6.8905,2.0279,-0.0432,-0.0147,0.0001
-3.2226,1.8699,7.3167,-0.0942,-0.0149,-0.0067,-5.7174,-6.9623,2.1141,-0.0516,0.0036,-0.0147
-3.2513,1.8651,7.3287,-0.0814,0.0057,-0.0136,-5.7054,-7.0533,2.0662,-0.0529,0.0127,-0.0036
-3.2561,1.8938,7.3430,-0.0777,-0.0129,-0.0084,-5.6886,-7.0701,2.1117,-0.0460,0.0019,0.0008
-3.1939,1.8627,7.1850,-0.0731,-0.0208,-0.0100,-5.7197,-6.9767,2.0710,-0.0378,-0.0085,-0.0008
-3.2633,1.9058,7.4029,-0.0765,-0.0157,-0.0209,-5.7581,-7.0342,2.0877,-0.0433,0.0011,0.0031
-3.2250,1.9345,7.1922,-0.0719,-0.0132,-0.0163,-5.6982,-6.9073,1.9944,-0.0413,0.0067,-0.0041
-3.2370,1.8459,7.2568,-0.0910,-0.0254,-0.0212,-5.6790,-6.9145,2.1356,-0.0402,-0.0016,-0.0217
-3.2729,1.8100,7.3670,-0.0751,0.0019,-0.0156,-5.6719,-7.0198,2.0303,-0.0470,0.0196,-0.0029
-3.2753,1.8723,7.2784,-0.0675,-0.0177,-0.0087,-5.7389,-6.9983,2.0351,-0.0374,-0.0012,0.0032
-3.1723,1.9321,7.2329,-0.0853,-0.0248,-0.0115,-5.6599,-6.9049,2.0949,-0.0425,-0.0072,-0.0132
-3.2130,1.8292,7.3310,-0.0863,0.0132,-0.0189,-5.7317,-7.0342,2.1572,-0.0574,0.0240,-0.0099
-3.2753,1.8771,7.3310,-0.0725,-0.0016,-0.0205,-5.7365,-6.9528,2.0877,-0.0464,0.0099,-0.0011
-3.3136,1.9225,7.2185,-0.0782,-0.0217,-0.0131,-5.7365,-6.9671,2.0111,-0.0388,-0.0037,-0.0043
-3.1867,1.8579,7.4124,-0.0914,-0.0220,-0.0215,-5.6838,-6.9264,2.1859,-0.0489,-0.0119,-0.0149
-3.2537,1.8268,7.1874,-0.0814,-0.0095,-0.0305,-5.7102,-6.9288,1.9417,-0.0445,0.0155,-0.0205
-3.2226,1.8124,7.3095,-0.1079,-0.0184,-0.0253,-5.6934,-6.9959,2.1596,-0.0485,-0.0093,-0.0286
-3.2489,1.7957,7.2688,-0.0722,-0.0119,-0.0269,-5.6312,-6.9911,2.1117,-0.0405,0.0096,-0.0163
-3.2681,1.8723,7.2329,-0.0857,-0.0040,-0.0180,-5.6886,-6.9887,2.0255,-0.0506,0.0021,-0.0101
-3.2920,1.8675,7.2401,-0.0691,-0.0060,-0.0171,-5.6767,-6.9791,2.0399,-0.0388,0.0065,-0.0032
-3.1819,1.8340,7.2592,-0.0883,-0.0274,-0.0131,-5.6671,-6.9911,2.1356,-0.0457,-0.0081,-0.0120
-3.1843,1.8459,7.3358,-0.0794,-0.0131,-0.0081,-5.6982,-6.9983,2.1763,-0.0460,-0.0016,-0.0048
-3.2537,1.8220,7.2592,-0.0675,-0.0101,-0.0111,-5.6575,-6.9815,1.9225,-0.0437,0.0089,-0.0027
-3.2465,1.8962,7.2999,-0.0873,-0.0285,-0.0147,-5.6934,-6.9288,2.0973,-0.0408,0.0005,-0.0185
-3.2465,1.8651,7.4196,-0.0729,-0.0067,-0.0112,-5.7221,-7.0509,2.1883,-0.0436,0.0097,0.0012
-3.2250,1.8124,7.1491,-0.0713,-0.0129,-0.0191,-5.6407,-6.9671,2.0063,-0.0372,-0.0045,-0.0053
-3.1939,1.8483,7.2089,-0.0969,-0.0257,-0.0180,-5.6934,-7.0174,2.0518,-0.0505,-0.0048,-0.0200
-3.2465,1.7957,7.3598,-0.0600,0.0132,-0.0177,-5.6623,-7.0557,2.0590,-0.0468,0.0249,-0.0001
-3.2370,1.8579,7.3047,-0.0869,-0.0269,-0.0163,-5.6982,-7.0294,2.0614,-0.0456,-0.0099,-0.0088
-3.2298,1.8531,7.2808,-0.0604,-0.0029,-0.0168,-5.6790,-6.9719,2.0638,-0.0388,0.0183,0.0036
-3.2561,1.8675,7.2353,-0.1019,-0.0184,-0.0157,-5.6431,-6.9097,2.1428,-0.0496,-0.0225,-0.0167
-3.2513,1.8244,7.2999,-0.0811,0.0015,-0.0151,-5.6671,-7.0653,2.1308,-0.0540,0.0176,-0.0081
-3.3375,1.8483,7.4436,-0.0745,-0.0057,-0.0061,-5.7341,-7.1826,2.0566,-0.0442,0.0055,0.0069
-3.2920,1.8962,7.2784,-0.0682,-0.0260,-0.0087,-5.7245,-6.9360,1.9441,-0.0353,0.0001,0.0037
-3.1987,1.8531,7.3717,-0.0814,-0.0069,-0.0132,-5.7174,-7.0605,2.1284,-0.0497,0.0080,-0.0057
-3.1627,1.7813,7.3550,-0.0834,-0.0248,-0.0143,-5.6168,-7.0461,2.1380,-0.0409,-0.0141,-0.0007
-3.2130,1.8699,7.1419,-0.0759,-0.0192,-0.0012,-5.6312,-6.9192,2.0590,-0.0346,-0.0203,0.0076
-3.2130,1.8747,7.1970,-0.0849,-0.0171,-0.0216,-5.6479,-6.9743,2.0470,-0.0469,0.0121,-0.0258
-3.2058,1.7717,7.4340,-0.0899,-0.0020,-0.0208,-5.7485,-7.1108,2.1189,-0.0630,0.0168,-0.0133
-3.2489,1.8387,7.2832,-0.0662,0.0015,-0.0055,-5.6024,-7.0174,2.0830,-0.0464,-0.0124,0.0055
-3.2154,1.8555,7.2927,-0.0739,-0.0325,0.0051,-5.6934,-6.9983,2.1237,-0.0342,-0.0222,0.0044
-3.2178,1.8603,7.1323,-0.0939,-0.0448,-0.0045,-5.5713,-6.8953,2.0423,-0.0389,-0.0112,-0.0163
-3.2106,1.7909,7.4053,-0.0902,-0.0021,-0.0171,-5.7245,-7.1635,2.1476,-0.0586,0.0095,-0.0079
-3.3088,1.7765,7.3765,-0.0242,0.0233,-0.0063,-5.6503,-7.1012,2.0614,-0.0405,0.0414,0.0294
-3.1627,1.8292,7.1323,-0.0830,-0.0338,0.0000,-5.6719,-6.8163,2.0734,-0.0404,-0.0112,-0.0052
-3.2082,1.8818,7.3287,-0.0807,0.0069,-0.0241,-5.6982,-7.0294,2.1883,-0.0525,0.0171,-0.0100
-2.8491,1.9609,7.6830,-0.0365,0.0160,-0.0045,-5.6024,-7.0222,2.1045,-0.0520,0.0055,0.0049
-3.2944,1.8459,7.2377,-0.0586,-0.0073,-0.0189,-5.7317,-6.9552,2.0782,-0.0310,0.0039,0.0013
-3.3160,1.9010,7.1611,-0.0938,-0.0408,-0.0181,-5.7054,-6.9432,1.9513,-0.0348,-0.0005,-0.0293
-3.2130,1.7933,7.3358,-0.1010,-0.0139,-0.0179,-5.7006,-7.0605,2.1213,-0.0513,-0.0169,-0.0289
-3.2394,1.8411,7.4986,-0.0791,-0.0123,-0.0024,-5.6695,-7.1012,2.1691,-0.0470,-0.0024,0.0055
-3.3375,1.8507,7.2688,-0.0624,0.0001,-0.0117,-5.6072,-6.9408,2.0207,-0.0441,0.0075,0.0037
-3.1987,1.8771,7.2568,-0.0791,-0.0270,-0.0157,-5.7102,-7.0318,2.3176,-0.0485,-0.0049,-0.0047
-3.2920,1.8220,7.2951,-0.0548,0.0083,-0.0207,-5.7341,-6.9863,1.9704,-0.0406,0.0129,0.0043
-3.2872,1.8172,7.2880,-0.0874,-0.0304,-0.0119,-5.6551,-6.9623,2.0925,-0.0352,-0.0161,-0.0233
-3.2250,1.8100,7.2449,-0.0798,-0.0241,-0.0221,-5.7126,-7.0246,2.1117,-0.0344,0.0023,-0.0135
-3.2370,1.7813,7.1898,-0.0881,-0.0023,-0.0217,-5.6743,-7.0390,2.0662,-0.0606,0.0041,-0.0168
-3.2489,1.8411,7.2784,-0.0691,-0.0048,-0.0164,-5.7652,-7.0964,2.1620,-0.0461,0.0048,-0.0061
-3.2226,1.7573,7.3023,-0.0873,-0.0127,-0.0136,-5.6623,-6.9671,2.0782,-0.0473,-0.0035,-0.0105
-3.2441,1.8268,7.2975,-0.0726,-0.0113,-0.0191,-5.7413,-7.1228,2.1308,-0.0472,0.0104,-0.0001
-3.2537,1.7980,7.2233,-0.0686,-0.0179,-0.0156,-5.7509,-6.9552,2.0518,-0.0400,0.0013,-0.0033
-3.2202,1.8818,7.4603,-0.0709,-0.0025,-0.0119,-5.6527,-7.0844,2.1332,-0.0436,0.0013,0.0087
-3.2825,1.8579,7.1850,-0.0902,-0.0229,-0.0124,-5.6647,-6.8426,2.0111,-0.0458,-0.0081,-0.0147
-3.2489,1.7765,7.3526,-0.0830,-0.0117,-0.0254,-5.6623,-7.0342,2.0949,-0.0456,0.0080,-0.0179
-3.2489,1.8268,7.2736,-0.0769,-0.0025,-0.0112,-5.7150,-7.0892,2.0063,-0.0532,0.0045,-0.0021
-3.2992,1.8124,7.2353,-0.0791,-0.0175,-0.0133,-5.7030,-6.9719,2.0853,-0.0458,-0.0060,-0.0041
-3.1388,1.8196,7.3047,-0.0866,-0.0137,-0.0096,-5.6743,-7.0318,2.0830,-0.0453,-0.0191,-0.0081
-3.1340,1.8124,7.3598,-0.0791,-0.0048,-0.0092,-5.7557,-7.1419,2.2529,-0.0497,0.0052,0.0013
-3.3016,1.8483,7.1443,-0.0557,-0.0100,-0.0121,-5.6383,-6.9839,1.9848,-0.0401,0.0052,0.0109
-3.2465,1.9201,7.1970,-0.0751,-0.0125,-0.0183,-5.6790,-6.8833,2.0279,-0.0418,0.0081,-0.0123
-3.3088,1.8148,7.3478,-0.0865,-0.0079,-0.0169,-5.6767,-6.9887,2.2075,-0.0529,0.0077,-0.0157
-3.3471,1.7909,7.3933,-0.0686,-0.0009,-0.0205,-5.7604,-7.0294,2.0375,-0.0497,0.0183,-0.0072
-3.3136,1.8507,7.3071,-0.0588,-0.0161,-0.0124,-5.7317,-6.9863,1.9824,-0.0336,0.0041,0.0069
-3.2394,1.8100,7.2449,-0.0761,-0.0133,-0.0212,-5.6623,-6.9911,2.0039,-0.0430,0.0049,-0.0055
-3.2106,1.8172,7.3478,-0.0885,-0.0076,-0.0127,-5.6671,-7.0102,2.1691,-0.0537,-0.0008,-0.0059
-3.3303,1.7813,7.3909,-0.0594,-0.0024,-0.0100,-5.6790,-7.0102,2.0303,-0.0445,0.0087,0.0019
-3.2848,1.8627,7.1802,-0.0850,-0.0281,-0.0121,-5.7102,-6.9360,2.0782,-0.0449,-0.0124,-0.0044
-3.2106,1.7621,7.2975,-0.0743,-0.0039,-0.0157,-5.6814,-7.0437,2.1165,-0.0493,0.0053,-0.0023
-3.2848,1.8603,7.2065,-0.0773,0.0059,-0.0179,-5.6288,-6.9743,2.1787,-0.0534,0.0127,-0.0039
-3.2657,1.8196,7.2999,-0.0862,-0.0171,-0.0193,-5.7245,-7.1060,2.1644,-0.0481,-0.0036,-0.0089
-3.2154,1.8675,7.2425,-0.0779,-0.0163,-0.0080,-5.7269,-6.9815,2.0159,-0.0412,-0.0185,-0.0061
-3.1819,1.8076,7.3023,-0.0838,-0.0116,-0.0181,-5.7293,-7.0892,2.1356,-0.0528,0.0109,-0.0131
-3.3064,1.7502,7.2688,-0.0751,-0.0047,-0.0123,-5.6264,-6.9719,2.1572,-0.0493,-0.0069,-0.0081
-3.2609,1.8675,7.3334,-0.0878,-0.0171,-0.0179,-5.7269,-7.1084,2.1069,-0.0497,0.0043,-0.0116
-3.2561,1.7789,7.3478,-0.0650,-0.0104,-0.0099,-5.6288,-6.9887,1.9872,-0.0360,0.0017,0.0037
-3.2777,1.8220,7.2999,-0.0653,-0.0101,-0.0157,-5.7054,-7.0006,2.1117,-0.0378,0.0205,-0.0035
-3.3160,1.8387,7.2640,-0.0775,-0.0009,-0.0176,-5.6671,-7.0725,2.0087,-0.0464,0.0238,-0.0031
-3.2058,1.8292,7.3287,-0.0907,-0.0324,-0.0151,-5.6671,-6.9360,2.0997,-0.0438,-0.0132,-0.0147
-3.2896,1.8052,7.2760,-0.0802,-0.0171,-0.0131,-5.6431,-7.0222,2.1979,-0.0390,-0.0151,-0.0065
-3.3040,1.8028,7.2760,-0.0710,0.0016,-0.0077,-5.6503,-7.0701,2.0542,-0.0512,0.0109,-0.0013
-3.2082,1.8004,7.2233,-0.0747,-0.0328,-0.0109,-5.5833,-6.9671,2.0806,-0.0501,0.0004,-0.0112
-3.3351,1.8364,7.3550,-0.0666,-0.0169,-0.0089,-5.6838,-7.0390,2.1045,-0.0432,0.0087,-0.0012
-3.1508,1.8387,7.3382,-0.0737,-0.0143,-0.0091,-5.6719,-6.9791,2.1237,-0.0458,0.0021,0.0041
-3.2633,1.8220,7.2832,-0.0590,0.0032,-0.0201,-5.7006,-7.0437,2.0830,-0.0472,0.0217,0.0095
-3.2465,1.7837,7.2425,-0.0465,-0.0040,-0.0153,-5.6982,-7.0413,2.0662,-0.0376,0.0136,0.0149
-3.3184,1.8818,7.1754,-0.0835,-0.0242,-0.0112,-5.6982,-6.8354,2.1332,-0.0412,-0.0109,-0.0144
-3.2489,1.7741,7.4292,-0.0975,-0.0172,-0.0200,-5.6647,-7.0270,2.2529,-0.0525,0.0052,-0.0199
-3.2848,1.8364,7.2089,-0.0871,-0.0068,-0.0257,-5.7078,-7.0653,2.0710,-0.0485,0.0020,-0.0147
-3.2920,1.8244,7.2425,-0.0843,-0.0215,-0.0123,-5.6216,-6.9767,2.0853,-0.0414,-0.0171,-0.0096
-3.2274,1.8866,7.2353,-0.0805,-0.0266,-0.0088,-5.6623,-6.9599,2.1955,-0.0432,-0.0019,-0.0095
-3.3040,1.8124,7.2808,-0.0770,0.0108,-0.0220,-5.7078,-6.9839,2.0734,-0.0532,0.0266,-0.0113
-3.2202,1.8148,7.2616,-0.0919,-0.0225,-0.0171,-5.6958,-7.0150,2.1332,-0.0478,-0.0095,-0.0132
-3.2202,1.7741,7.4029,-0.0741,-0.0104,-0.0056,-5.6455,-7.0270,2.1859,-0.0454,-0.0049,0.0001
-3.2513,1.7526,7.2568,-0.0921,-0.0071,-0.0179,-5.6431,-6.9671,2.0399,-0.0561,0.0079,-0.0153
-3.2082,1.7980,7.3574,-0.0843,-0.0036,-0.0249,-5.7557,-7.1060,2.0806,-0.0534,0.0183,-0.0112
-3.3591,1.7741,7.2377,-0.0733,-0.0167,-0.0092,-5.6838,-7.0150,2.0135,-0.0330,-0.0232,-0.0120
-3.2753,1.8890,7.3215,-0.0797,-0.0048,-0.0137,-5.6719,-7.0605,2.0877,-0.0413,0.0201,-0.0032
-3.2992,1.8004,7.2472,-0.0921,-0.0163,-0.0191,-5.6527,-7.0844,2.0614,-0.0534,-0.0063,-0.0107
-3.2034,1.7861,7.2856,-0.0867,-0.0135,-0.0211,-5.7461,-7.0485,2.0351,-0.0460,-0.0128,-0.0116
-3.2896,1.7957,7.3837,-0.0636,-0.0012,-0.0071,-5.6216,-7.0844,2.1093,-0.0425,0.0096,0.0020
-3.2250,1.7957,7.2760,-0.0801,-0.0233,-0.0119,-5.6312,-7.0078,2.0686,-0.0404,0.0119,-0.0113
-3.2226,1.7573,7.1970,-0.0905,-0.0157,-0.0430,-5.6240,-6.9552,2.1572,-0.0382,0.0105,-0.0272
-3.3567,1.7573,7.3287,-0.0934,0.0003,-0.0361,-5.7126,-7.1491,2.0470,-0.0477,0.0233,-0.0262
-3.3615,1.7214,7.2592,-0.0690,0.0020,-0.0230,-5.6431,-7.1060,2.1284,-0.0442,0.0248,-0.0043
-3.3543,1.7957,7.2903,-0.0782,-0.0416,-0.0023,-5.7126,-7.0174,1.9249,-0.0324,-0.0163,0.0004
-3.3351,1.7813,7.4124,-0.0707,-0.0252,0.0116,-5.7341,-7.0844,2.1380,-0.0430,-0.0140,0.0188
-3.2441,1.7573,7.2137,-0.0614,-0.0183,0.0197,-5.5809,-7.0006,2.1548,-0.0445,-0.0080,0.0261
-3.2274,1.7693,7.1347,-0.0743,-0.0321,0.0156,-5.6168,-6.9504,2.0877,-0.0412,-0.0246,0.0156
-3.1340,1.8100,7.2832,-0.0818,-0.0096,0.0035,-5.6934,-6.9887,2.0638,-0.0534,-0.0161,0.0009
-3.1053,1.8172,7.1491,-0.0953,0.0039,-0.0180,-5.6264,-6.9288,2.0806,-0.0576,0.0032,-0.0201
-3.2465,1.7909,7.2903,-0.1055,-0.0153,-0.0424,-5.6599,-7.0653,2.0901,-0.0557,0.0207,-0.0458
-3.2370,1.7597,7.4555,-0.0865,-0.0111,-0.0341,-5.6551,-7.1084,2.0446,-0.0458,0.0027,-0.0177
-3.3950,1.8004,7.2903,-0.0610,0.0075,-0.0173,-5.6838,-7.0605,2.1021,-0.0452,0.0131,0.0103
-3.2848,1.7861,7.1994,-0.0841,-0.0384,-0.0044,-5.6934,-6.8426,1.9441,-0.0302,-0.0147,-0.0056
-3.2657,1.7741,7.2449,-0.0722,-0.0222,-0.0101,-5.7221,-7.0342,2.1835,-0.0341,-0.0004,0.0008
-3.2609,1.7669,7.3574,-0.0644,-0.0204,-0.0057,-5.6551,-7.0653,2.1261,-0.0364,0.0103,0.0044
-3.2178,1.7789,7.3071,-0.0699,-0.0358,-0.0072,-5.5905,-6.9480,2.1332,-0.0245,-0.0156,0.0005
-3.1915,1.8052,7.2496,-0.0826,-0.0067,-0.0278,-5.6695,-7.0437,2.2242,-0.0444,0.0172,-0.0157
-3.2513,1.7526,7.3119,-0.0895,-0.0257,-0.0188,-5.6671,-7.0198,2.0758,-0.0432,-0.0060,-0.0092
-3.2944,1.7454,7.3430,-0.0663,-0.0136,-0.0068,-5.6527,-6.9695,2.0566,-0.0297,-0.0069,0.0035
-3.2274,1.7621,7.3358,-0.0925,-0.0199,-0.0128,-5.6767,-7.0509,2.0494,-0.0449,-0.0051,-0.0049
-3.2226,1.7645,7.2401,-0.0867,0.0031,-0.0151,-5.6024,-6.9671,2.0375,-0.0537,-0.0064,-0.0079
-3.2896,1.7813,7.2712,-0.0841,-0.0005,-0.0116,-5.7030,-7.0677,2.0925,-0.0558,0.0027,-0.0079
-3.2178,1.8268,7.3119,-0.1005,-0.0216,-0.0157,-5.6264,-6.9647,2.0877,-0.0512,-0.0209,-0.0199
-3.2250,1.7406,7.4292,-0.0866,-0.0132,-0.0121,-5.6168,-7.0749,2.1548,-0.0513,0.0001,-0.0103
-3.1891,1.8028,7.3406,-0.0710,-0.0069,-0.0132,-5.7078,-7.0653,2.0710,-0.0432,0.0009,0.0020
-3.2729,1.8100,7.2042,-0.0910,-0.0356,-0.0044,-5.6934,-7.0390,2.0590,-0.0493,-0.0153,-0.0063
-3.1580,1.7573,7.4723,-0.0873,0.0060,-0.0003,-5.6982,-7.1347,2.1835,-0.0602,0.0016,0.0011
-3.2657,1.6712,7.3119,-0.0895,-0.0087,0.0073,-5.4899,-7.0844,2.0063,-0.0578,-0.0217,0.0032
-3.2465,1.7334,7.2305,-0.0902,-0.0131,0.0080,-5.6144,-6.9576,2.0949,-0.0469,-0.0238,-0.0109
-3.2561,1.8435,7.2425,-0.1057,-0.0011,0.0008,-5.6790,-6.9073,2.0686,-0.0610,-0.0147,-0.0168
-3.1508,1.7621,7.2449,-0.1418,-0.0177,-0.0264,-5.5905,-6.8666,2.1428,-0.0577,-0.0288,-0.0584
-3.2777,1.7358,7.3430,-0.1450,-0.0208,-0.0494,-5.6407,-7.1515,2.1404,-0.0537,-0.0091,-0.0743
-3.3639,1.6855,7.5369,-0.1011,-0.0171,-0.0253,-5.6743,-7.2664,2.0183,-0.0540,0.0169,-0.0305
-3.1819,1.6616,7.5417,-0.0698,-0.0232,-0.0107,-5.5905,-7.2544,2.1428,-0.0324,0.0092,-0.0015
-3.2489,1.7502,7.1946,-0.0702,-0.0318,-0.0083,-5.5186,-7.0797,2.0638,-0.0305,-0.0081,0.0060
-3.1819,1.7478,7.4053,-0.0745,-0.0224,-0.0216,-5.6431,-7.0653,2.0925,-0.0346,0.0087,-0.0089
-3.2154,1.6328,7.3526,-0.0751,-0.0064,-0.0248,-5.5761,-7.1730,2.1739,-0.0437,0.0332,-0.0045
-3.2489,1.7047,7.5178,-0.0593,-0.0131,-0.0020,-5.6479,-7.1778,2.1548,-0.0380,0.0004,0.0201
-3.2322,1.7861,7.2305,-0.0552,-0.0213,0.0040,-5.6647,-7.0222,1.9321,-0.0183,-0.0246,0.0208
-3.1939,1.7478,7.2449,-0.0877,-0.0481,0.0140,-5.6000,-6.8929,2.0111,-0.0293,-0.0472,-0.0009
-3.0909,1.7837,7.2089,-0.1268,-0.0679,0.0072,-5.5378,-6.8833,2.0542,-0.0314,-0.0628,-0.0345
-3.0526,1.6496,7.5346,-0.1363,-0.0436,-0.0119,-5.5402,-7.1970,2.4684,-0.0577,-0.0345,-0.0454
-3.2609,1.7142,7.3334,-0.0694,0.0145,-0.0169,-5.6144,-7.1275,2.0542,-0.0514,0.0031,0.0011
-3.2298,1.6520,7.3717,-0.0781,-0.0288,0.0012,-5.5833,-7.1108,2.2098,-0.0522,-0.0035,-0.0021
-3.0837,1.7047,7.3454,-0.0622,0.0097,-0.0165,-5.5043,-6.9049,2.2601,-0.0532,0.0298,-0.0144
-3.2106,1.6927,7.2784,-0.1208,0.0029,-0.0424,-5.5857,-6.9815,2.1955,-0.0747,0.0224,-0.0468
-3.2513,1.7142,7.3813,-0.0913,0.0356,-0.0421,-5.5857,-7.1515,2.1117,-0.0663,0.0289,-0.0333
-3.2010,1.6352,7.4124,-0.1179,0.0317,-0.0127,-5.5306,-7.2544,2.2410,-0.0829,-0.0013,-0.0092
-3.2801,1.6017,7.4460,-0.0638,0.0056,-0.0023,-5.6503,-7.2137,2.0949,-0.0533,0.0092,0.0230
-3.2322,1.6903,7.2544,-0.0743,-0.0025,0.0084,-5.5976,-7.1108,2.1021,-0.0685,0.0069,0.0113
-3.1867,1.6783,7.3789,-0.0682,0.0195,-0.0027,-5.5569,-7.0940,2.1524,-0.0594,-0.0013,0.0253
-3.2489,1.6592,7.2089,-0.0749,-0.0083,-0.0176,-5.5138,-6.9384,2.0279,-0.0488,-0.0011,-0.0044
-3.2010,1.7023,7.4364,-0.0865,0.0028,-0.0320,-5.6336,-7.0246,2.2027,-0.0433,0.0045,-0.0131
-3.3255,1.6185,7.5800,-0.0476,0.0183,-0.0233,-5.6288,-7.2832,2.1572,-0.0522,0.0568,0.0212
-3.2968,1.6640,7.2880,-0.0269,-0.0091,0.0009,-5.5713,-6.9887,1.9776,-0.0313,0.0169,0.0346
-3.2274,1.8124,7.2760,-0.0549,-0.0193,0.0124,-5.6455,-7.0318,1.9944,-0.0420,-0.0037,0.0272
-3.2250,1.6712,7.4891,-0.0558,-0.0073,0.0076,-5.6120,-7.0916,2.1572,-0.0474,0.0068,0.0273
-3.2609,1.7382,7.1251,-0.0640,0.0013,0.0041,-5.6048,-7.0150,2.0063,-0.0445,-0.0020,0.0119
-3.1460,1.7549,7.1874,-0.1070,-0.0428,-0.0125,-5.5330,-6.8498,2.1117,-0.0489,-0.0298,-0.0306
-3.1627,1.7142,7.2640,-0.1100,0.0023,-0.0420,-5.5785,-7.0318,2.1117,-0.0609,0.0080,-0.0470
-3.3088,1.7166,7.2832,-0.1128,0.0205,-0.0462,-5.5234,-7.1323,2.1093,-0.0713,0.0199,-0.0492
-3.3279,1.7023,7.2975,-0.1186,-0.0093,-0.0353,-5.6790,-7.0868,2.0423,-0.0545,-0.0059,-0.0432
-3.3639,1.6352,7.5130,-0.0962,-0.0007,-0.0373,-5.7293,-7.2784,2.1979,-0.0570,0.0313,-0.0288
-3.2968,1.6496,7.2808,-0.0862,-0.0064,-0.0220,-5.5545,-7.2209,2.0207,-0.0564,-0.0175,-0.0060
-3.3064,1.6352,7.3047,-0.0694,-0.0012,0.0053,-5.5952,-7.1156,1.9944,-0.0441,-0.0080,0.0079
-3.2872,1.6807,7.1443,-0.0985,-0.0356,-0.0021,-5.5426,-6.9719,1.9776,-0.0417,-0.0278,-0.0137
-3.1867,1.5754,7.5010,-0.0853,-0.0049,-0.0228,-5.5450,-7.2209,2.2936,-0.0410,0.0140,-0.0131
-3.2585,1.6472,7.2951,-0.0795,-0.0092,-0.0262,-5.5282,-7.1419,2.1165,-0.0502,0.0139,-0.0095
-3.2370,1.6664,7.2377,-0.0738,-0.0103,-0.0292,-5.5545,-7.0725,1.9369,-0.0337,-0.0003,-0.0085
-3.3040,1.6855,7.3334,-0.0813,-0.0037,-0.0258,-5.6383,-7.1874,2.0303,-0.0525,0.0277,-0.0172
-3.2537,1.6281,7.3598,-0.0778,-0.0192,-0.0298,-5.4899,-7.0964,2.1045,-0.0366,0.0072,-0.0160
-3.2920,1.6376,7.3263,-0.0761,-0.0020,-0.0236,-5.5833,-7.1443,2.0542,-0.0452,0.0012,-0.0111
-3.2801,1.6951,7.2137,-0.0653,-0.0104,-0.0115,-5.5569,-7.1204,1.9944,-0.0440,0.0076,-0.0028
-3.3471,1.6807,7.3071,-0.0741,-0.0068,-0.0169,-5.6072,-7.1946,2.0399,-0.0422,0.0176,-0.0099
-3.2848,1.6209,7.3143,-0.0798,-0.0052,-0.0033,-5.5354,-7.1347,2.1261,-0.0553,0.0091,-0.0047
-3.2920,1.6185,7.2520,-0.0794,-0.0145,-0.0099,-5.5952,-7.0342,2.0830,-0.0481,-0.0019,-0.0103
-3.2178,1.6616,7.3550,-0.0822,-0.0248,-0.0175,-5.5210,-7.0940,2.1237,-0.0408,-0.0059,-0.0143
-3.3064,1.5562,7.2568,-0.0697,0.0075,-0.0217,-5.5019,-7.1323,2.0351,-0.0490,0.0220,-0.0069
-3.2848,1.5993,7.2401,-0.0831,-0.0171,-0.0252,-5.5115,-7.1036,1.9656,-0.0417,0.0067,-0.0089
-3.3423,1.6592,7.2664,-0.0838,-0.0197,-0.0218,-5.6240,-7.1251,1.9417,-0.0428,0.0048,-0.0176
-3.2561,1.5874,7.2185,-0.0783,-0.0032,-0.0204,-5.4971,-7.1299,2.0566,-0.0504,0.0294,-0.0145
-3.2537,1.6233,7.2568,-0.0934,-0.0199,-0.0185,-5.5569,-7.1443,2.0183,-0.0557,0.0097,-0.0148
-3.2825,1.5634,7.3454,-0.0738,0.0101,-0.0184,-5.5689,-7.2065,2.1213,-0.0465,0.0139,-0.0004
-3.3255,1.6616,7.2616,-0.0750,-0.0265,-0.0076,-5.5617,-7.1587,2.0039,-0.0424,-0.0124,0.0047
-3.3255,1.6496,7.3023,-0.0831,-0.0207,-0.0128,-5.5761,-7.1180,2.0566,-0.0472,-0.0044,-0.0043
-3.2058,1.5850,7.3167,-0.0793,-0.0079,-0.0084,-5.5617,-7.0940,2.0662,-0.0500,0.0143,-0.0072
-3.2992,1.5969,7.3119,-0.0853,-0.0125,-0.0127,-5.5067,-7.1036,2.0806,-0.0485,-0.0007,-0.0131
-3.3136,1.5778,7.4244,-0.0572,0.0039,-0.0149,-5.4995,-7.2688,2.1644,-0.0436,0.0280,0.0055
-3.2681,1.6376,7.1826,-0.0697,-0.0135,-0.0203,-5.5234,-7.0294,1.9345,-0.0422,-0.0049,0.0025
-3.2394,1.6855,7.3382,-0.0767,-0.0080,-0.0187,-5.7054,-7.1682,2.1045,-0.0462,0.0153,-0.0087
-3.3279,1.6759,7.2951,-0.0645,-0.0113,-0.0139,-5.5833,-7.2856,2.0470,-0.0461,0.0232,0.0095
-3.2585,1.6712,7.2616,-0.0537,-0.0346,0.0025,-5.5522,-7.0868,1.9920,-0.0215,-0.0218,0.0148
-3.3208,1.7262,7.2377,-0.0492,-0.0264,0.0076,-5.5857,-7.1994,2.1380,-0.0316,0.0201,0.0180
-3.2370,1.6616,7.3550,-0.0516,-0.0181,0.0148,-5.6216,-7.1036,1.9680,-0.0348,-0.0141,0.0369
-3.2944,1.7142,7.3454,-0.0502,-0.0191,0.0129,-5.6551,-7.1730,2.1261,-0.0330,0.0005,0.0333
-3.1771,1.6855,7.2688,-0.0566,-0.0368,0.0133,-5.6144,-7.0653,2.1165,-0.0277,-0.0140,0.0260
-3.1699,1.6065,7.3598,-0.0496,-0.0314,-0.0029,-5.4995,-7.0461,2.1117,-0.0212,-0.0072,0.0147
-3.0071,1.6807,7.1994,-0.0626,-0.0393,-0.0358,-5.4229,-6.8714,2.1452,-0.0236,0.0048,-0.0164
-3.1939,1.7549,7.0773,-0.0902,0.0137,-0.0791,-5.5761,-6.8905,1.9058,-0.0537,0.0469,-0.0737
-3.3375,1.7238,7.4747,-0.1053,0.0405,-0.0875,-5.6360,-7.2161,2.1668,-0.0588,0.0785,-0.0782
-3.4548,1.6400,7.3981,-0.1042,-0.0200,-0.0476,-5.6982,-7.2472,1.9800,-0.0377,0.0143,-0.0408
-3.3495,1.6616,7.4053,-0.0818,-0.0233,-0.0163,-5.6120,-7.3478,2.0973,-0.0417,-0.0060,0.0005
-3.3399,1.6257,7.4292,-0.0412,-0.0124,0.0336,-5.6144,-7.2736,1.9920,-0.0413,-0.0278,0.0588
-3.3064,1.7262,7.2496,-0.0361,-0.0039,0.0533,-5.5857,-7.1682,2.0279,-0.0517,-0.0099,0.0670
-3.2729,1.7478,7.3598,-0.0156,0.0248,0.0490,-5.6168,-7.1132,2.0566,-0.0493,0.0061,0.0769
-3.1292,1.7382,7.0940,-0.0721,-0.0413,0.0181,-5.5689,-6.8115,2.0039,-0.0417,-0.0274,0.0180
-3.1508,1.7717,7.3646,-0.0787,-0.0226,-0.0193,-5.6264,-6.9312,2.1428,-0.0318,0.0043,-0.0280
-3.2154,1.7142,7.3215,-0.1074,-0.0181,-0.0565,-5.5474,-7.0653,2.1213,-0.0457,0.0188,-0.0461
-3.3255,1.6759,7.2664,-0.0810,-0.0047,-0.0617,-5.6144,-7.1132,2.0782,-0.0405,0.0485,-0.0390
-3.2537,1.7693,7.3119,-0.0858,0.0128,-0.0500,-5.6671,-7.1419,1.9489,-0.0561,0.0357,-0.0312
-3.2585,1.6975,7.1970,-0.1078,0.0060,-0.0270,-5.6048,-7.0102,1.9249,-0.0701,0.0085,-0.0340
-3.3758,1.6257,7.3143,-0.1126,0.0245,-0.0192,-5.6288,-7.2377,2.0973,-0.0826,0.0232,-0.0330
-3.2992,1.7478,7.2880,-0.1092,-0.0508,0.0296,-5.6072,-6.9839,1.9824,-0.0590,-0.0791,0.0011
-3.0861,1.6975,7.2137,-0.1306,0.0302,-0.0357,-5.4300,-6.9264,2.1476,-0.1061,0.0290,-0.0566
-3.4453,1.4222,7.3071,-0.1292,0.0757,-0.0492,-5.4731,-7.4053,1.8866,-0.1100,0.0520,-0.0612
-3.4692,1.4461,7.6662,-0.0917,-0.0401,-0.0258,-5.6024,-7.5346,2.0351,-0.0256,-0.0152,-0.0199
-3.3327,1.6759,7.3358,-0.0238,-0.0226,-0.0121,-5.6024,-7.1491,2.0830,-0.0017,0.0147,0.0216
-3.3040,1.6472,7.2042,-0.0727,-0.0489,-0.0073,-5.5186,-6.9815,1.8723,-0.0128,-0.0225,-0.0040
-3.2729,1.5945,7.2688,-0.0954,-0.0941,0.0144,-5.5138,-7.1730,2.1404,-0.0136,-0.0641,-0.0124
-3.2513,1.5826,7.3670,-0.0257,-0.0357,-0.0012,-5.5545,-7.1754,2.0925,0.0024,-0.0020,0.0241
-3.2322,1.6759,7.2113,-0.0522,-0.0577,-0.0040,-5.4947,-6.9599,2.0255,-0.0052,0.0065,-0.0037
-3.1603,1.7382,7.1443,-0.0790,-0.0685,-0.0240,-5.5569,-6.8259,2.0782,0.0013,0.0337,-0.0512
-3.2848,1.7119,7.2520,-0.1336,-0.0730,-0.0586,-5.5905,-6.9743,2.0135,-0.0350,0.0169,-0.0857
-3.2322,1.6305,7.3382,-0.1315,-0.0839,-0.0759,-5.5402,-7.1922,2.0016,-0.0043,-0.0060,-0.1007
-3.2130,1.4222,7.6136,-0.1075,-0.0813,-0.0436,-5.5234,-7.4412,2.2529,0.0011,0.0117,-0.0605
-3.1101,1.4629,7.4531,-0.0517,-0.0578,-0.0324,-5.4157,-7.3239,2.1715,0.0088,0.0208,-0.0217
-3.1484,1.6544,7.2784,-0.0504,-0.0468,-0.0308,-5.4540,-7.0413,2.0853,-0.0108,0.0469,-0.0261
-3.1292,1.5945,7.2568,-0.0923,-0.0552,-0.0047,-5.4779,-7.0725,2.0662,-0.0290,0.0667,-0.0690
-3.2489,1.5945,7.4340,-0.0918,-0.0871,0.0506,-5.5905,-7.2712,2.1117,-0.0348,0.0604,-0.0715
-3.2106,1.7717,7.7788,-0.0568,-0.1091,0.1043,-5.7461,-7.5657,1.7454,-0.0305,0.1855,-0.0558
-3.1149,1.6041,7.7141,0.0163,-0.1206,0.0949,-5.3846,-7.1132,1.6376,0.0135,0.0408,0.0408
-3.0813,1.5107,7.6591,-0.0326,-0.1139,0.0213,-5.7365,-7.5489,2.2817,0.0373,0.0830,0.0440
-3.0406,1.7310,7.7596,0.1152,-0.0861,0.0600,-5.6455,-7.4029,2.0183,0.0648,0.0500,0.1544
-2.8706,1.7478,7.1323,0.1007,-0.0727,0.0496,-5.4636,-6.8714,1.8364,0.0590,0.0334,0.1415
-2.7318,1.7573,7.3885,0.0436,-0.1432,0.0878,-5.4540,-7.1275,1.9130,0.0386,0.0465,0.0787
-2.8443,1.6712,7.5130,0.2388,-0.1160,0.2835,-5.4061,-7.3263,2.2793,0.0975,0.1466,0.1857
-3.4285,1.8196,7.6950,0.2382,-0.2324,0.1464,-5.8466,-7.2975,2.1404,0.1419,0.1387,0.2129
-2.5642,1.8651,7.3885,0.2753,-0.3473,0.2846,-5.7988,-6.9121,2.1476,0.0953,0.2932,0.1127
-2.4373,2.2913,7.1611,0.2320,-0.2787,0.1848,-5.9280,-6.6679,2.4469,0.0929,0.1741,0.1555
-2.5953,2.4445,6.9336,0.2200,-0.1283,0.1860,-5.7700,-6.4284,1.6927,0.0208,0.0974,0.1467
-2.5786,2.6959,7.3023,0.0794,0.0360,0.1414,-5.8155,-6.4284,1.6113,-0.1022,0.2253,0.0942
-2.4349,2.5235,7.0150,0.0534,0.0253,0.0731,-5.8059,-6.4117,2.0375,-0.0488,-0.0121,0.1219
-1.9465,2.4541,7.3382,-0.0136,-0.2009,0.1427,-5.8251,-6.2058,2.0614,-0.0398,0.2060,-0.1812
-2.5235,2.6145,6.9791,-0.1589,-0.2433,0.1099,-5.7461,-6.4715,1.8340,-0.0460,0.0461,-0.2463
-2.0806,2.2290,7.6040,-0.1308,-0.2951,0.2242,-5.8921,-7.0581,2.0423,-0.1226,0.2344,-0.2928
-2.4469,2.3750,7.5393,-0.0398,-0.1891,0.2571,-5.7437,-6.9145,1.9944,-0.1132,0.1624,-0.1705
-2.3990,2.5881,7.5369,-0.0846,-0.1254,0.1716,-6.0669,-7.0461,1.7861,-0.1195,0.1291,-0.1573
-2.4469,2.6959,7.4843,-0.0197,-0.0195,0.0737,-6.0047,-7.0677,1.8148,-0.0750,0.0356,0.0238
-2.3511,2.5905,7.5657,0.0357,-0.0352,0.0545,-5.9185,-7.0509,1.7526,-0.0191,-0.0115,0.1147
-2.1380,2.6432,7.4364,0.0376,-0.0490,0.0426,-5.7724,-6.9863,2.0734,-0.0091,0.0115,0.1224
-2.0423,2.6169,7.2616,0.0586,-0.0649,0.0699,-5.8610,-6.7445,1.7957,-0.0542,0.0739,0.0561
-2.0949,2.7150,7.1922,-0.0245,-0.0458,0.0847,-5.8634,-6.7421,1.6209,-0.0846,0.1525,-0.0171
-1.9585,2.6408,7.5130,-0.0273,-0.1202,-0.0155,-5.9424,-6.9312,1.8890,0.0044,0.0789,-0.0281
-2.4421,2.7605,7.1228,-0.0017,-0.0047,-0.0328,-5.9687,-6.7660,1.3767,-0.0338,0.0245,0.0293
-2.1620,2.7749,7.3430,-0.0747,-0.0075,-0.0144,-6.0262,-6.8594,1.7430,-0.0542,-0.0109,0.0180
-2.1739,2.7701,7.1970,-0.0987,-0.0096,0.0045,-5.9951,-6.6726,1.6376,-0.0549,-0.0312,-0.0320
-2.2027,2.8156,7.3813,-0.1418,-0.0159,-0.0278,-6.0549,-6.9576,1.7789,-0.0657,-0.0324,-0.0610
-2.2003,2.7414,7.6184,-0.1038,0.0269,0.0001,-6.0501,-7.1443,1.8555,-0.0942,0.0249,-0.0220
-2.2793,2.7150,7.5609,-0.0605,-0.0099,0.0015,-6.0310,-7.0390,1.7262,-0.0377,-0.0079,0.0131
-2.2362,2.7773,7.2856,-0.0850,-0.0083,-0.0085,-5.9448,-6.7971,1.5874,-0.0352,-0.0292,0.0103
-2.1452,2.7988,7.4364,-0.1331,0.0103,-0.0228,-5.9424,-6.8354,1.8651,-0.0749,-0.0409,-0.0044
-2.2075,2.7126,7.4340,-0.0929,0.0249,-0.0281,-5.9664,-6.8929,1.6879,-0.0382,-0.0381,0.0017
-2.1835,2.6791,7.3813,-0.1541,-0.0477,0.0164,-5.8658,-6.8594,1.7047,-0.0650,-0.0252,-0.0687
-2.1021,2.7246,7.4244,-0.1400,-0.0509,-0.0041,-5.8682,-6.8594,1.8699,-0.0389,-0.0357,-0.0838
-2.1907,2.6504,7.4962,-0.1621,-0.0377,-0.0097,-5.9448,-7.0246,1.8842,-0.0814,-0.0065,-0.0758
-2.1763,2.6504,7.5753,-0.0991,0.0071,-0.0216,-5.9017,-7.1299,1.8531,-0.0490,0.0071,-0.0437
-2.2697,2.5833,7.5848,-0.0737,0.0129,0.0073,-5.9879,-7.1946,1.7382,-0.0691,0.0445,-0.0039
-2.2769,2.6624,7.2808,-0.0738,-0.0577,-0.0133,-5.9065,-6.9480,1.6664,-0.0350,0.0087,-0.0081
-2.0734,2.6456,7.4843,-0.0477,0.0092,-0.0024,-5.8826,-6.9264,1.9369,-0.0589,0.0508,-0.0056
-2.1452,2.5738,7.3215,-0.0889,-0.0410,-0.0039,-5.8826,-6.9192,1.7310,-0.0645,0.0321,-0.0309
-2.2290,2.6552,7.5178,-0.0574,-0.0063,-0.0189,-6.0382,-7.1012,1.6376,-0.0494,0.0698,-0.0256
-1.8890,2.5402,7.1922,-0.1235,-0.1601,0.0866,-5.6982,-7.7668,1.3815,-0.1463,0.0789,-0.4041
-2.1117,2.7222,7.6734,-0.1533,-0.1541,0.1094,-6.0478,-7.4148,1.9609,-0.0905,0.0293,-0.1258
-2.1548,2.5498,7.5010,-0.0655,-0.0590,0.1038,-5.6503,-7.1036,1.6975,-0.0601,0.0360,-0.0590
-2.1859,2.6743,7.5058,-0.0448,-0.0037,0.0147,-5.8419,-7.2353,1.8340,-0.0614,0.0257,0.0292
-2.0135,2.6073,7.2664,-0.0398,-0.0141,-0.0053,-5.6551,-6.8761,1.7454,-0.0281,-0.0135,0.0192
-1.9992,2.6983,7.4891,-0.1015,-0.0240,0.0244,-5.8921,-7.0701,1.6472,-0.0749,-0.0147,-0.0049
-2.1237,2.6480,7.4316,-0.0847,-0.0128,-0.0024,-5.8873,-7.1371,1.6735,-0.0546,-0.0211,-0.0015
-2.1404,2.6001,7.5920,-0.0454,0.0031,0.0201,-5.8275,-7.2472,1.6688,-0.0528,0.0218,0.0301
-2.0375,2.6312,7.3382,-0.0666,-0.0663,0.0329,-5.7796,-6.8953,1.5371,-0.0226,-0.0221,0.0064
-1.9465,2.7366,7.3981,-0.0767,-0.0213,-0.0060,-5.8634,-7.0222,1.7310,-0.0341,-0.0165,0.0045
-2.0662,2.6049,7.4531,-0.0970,-0.0161,-0.0101,-5.7820,-7.1275,1.7430,-0.0608,0.0249,-0.0237
-1.9130,2.5570,7.4771,-0.0706,0.0373,-0.0300,-5.7868,-7.2281,0.8859,-0.0541,0.1600,0.0048
-2.1572,2.7054,7.3334,-0.0638,-0.0500,-0.0176,-5.8826,-7.0461,1.5658,-0.0452,-0.0310,0.0177
-1.9968,2.7007,7.4101,-0.0682,0.0077,-0.0055,-5.8826,-7.1108,1.2594,-0.0586,0.1075,-0.0015
-2.1045,2.6552,7.4795,-0.0813,0.0257,-0.0077,-5.8012,-7.1347,1.8196,-0.0895,0.0232,0.0003
-2.1524,2.6456,7.4699,-0.0564,-0.0213,-0.0068,-5.9640,-7.0749,1.5299,-0.0616,0.0418,0.0109
-2.0470,2.7318,7.3550,-0.0705,0.0045,0.0004,-5.8419,-6.9599,1.6257,-0.0452,-0.0151,0.0071
-2.0949,2.6504,7.4843,-0.1106,0.0141,-0.0155,-5.9376,-7.0629,1.7262,-0.0581,-0.0222,-0.0123
-2.0542,2.5881,7.4412,-0.0995,0.0241,-0.0072,-5.7940,-7.1611,1.6999,-0.0786,-0.0321,0.0028
-2.0877,2.6863,7.4412,-0.0897,-0.0009,-0.0147,-5.8514,-7.0413,1.5419,-0.0390,-0.0489,-0.0016
-2.0590,2.6456,7.4412,-0.1140,-0.0113,-0.0200,-5.8610,-7.0653,1.6352,-0.0730,0.0196,-0.0296
-2.2649,2.6288,7.5776,-0.0895,-0.0229,-0.0264,-5.9352,-7.2018,1.5945,-0.0537,-0.0300,-0.0019
-2.0853,2.6145,7.4460,-0.0855,0.0065,-0.0236,-5.8682,-7.1491,1.5802,-0.0502,0.0155,-0.0028
-2.0734,2.6647,7.4172,-0.0907,-0.0157,-0.0285,-5.8442,-7.0773,1.6616,-0.0432,-0.0215,-0.0031
-1.9920,2.5618,7.4627,-0.0915,-0.0125,-0.0329,-5.8921,-7.1180,1.7023,-0.0428,-0.0233,-0.0111
-2.1524,2.6121,7.5776,-0.0786,0.0087,-0.0228,-5.8251,-7.0749,1.6041,-0.0461,-0.0151,0.0045
-2.0949,2.6097,7.3334,-0.0943,-0.0230,-0.0157,-5.7796,-7.0413,1.5107,-0.0369,-0.0374,-0.0152
-2.1213,2.6695,7.3047,-0.1180,-0.0264,-0.0144,-5.7700,-6.9647,1.4557,-0.0385,-0.0377,-0.0350
-2.0351,2.6504,7.5250,-0.1563,-0.0185,-0.0189,-5.9041,-7.2472,1.7238,-0.0795,-0.0128,-0.0585
-2.0399,2.4972,7.8266,-0.0661,0.0397,-0.0253,-5.8730,-7.3287,1.8268,-0.0593,0.0410,-0.0025
-2.2290,2.5546,7.4172,-0.0731,-0.0135,-0.0077,-5.7557,-7.1012,1.4676,-0.0505,-0.0119,0.0149
-2.0925,2.6432,7.2712,-0.0925,-0.0652,-0.0192,-5.7892,-6.9073,1.6137,-0.0159,-0.0064,-0.0296
-2.0279,2.5809,7.5824,-0.1001,0.0430,-0.0147,-5.8035,-7.1539,1.7502,-0.0907,0.0288,-0.0197
-2.2122,2.5522,7.4891,-0.0763,-0.0111,-0.0244,-5.7772,-7.1682,1.4844,-0.0493,-0.0057,-0.0048
-2.1093,2.5977,7.5369,-0.0702,-0.0132,-0.0075,-5.8131,-7.1419,1.6448,-0.0438,0.0041,-0.0017
-2.1524,2.5738,7.2568,-0.1006,-0.0268,-0.0068,-5.7413,-6.9552,1.5443,-0.0490,-0.0128,-0.0208
-2.0207,2.5235,7.4364,-0.1259,-0.0096,-0.0183,-5.7748,-7.1826,1.6999,-0.0638,-0.0151,-0.0358
-2.2003,2.5283,7.5417,-0.0757,-0.0028,-0.0164,-5.7581,-7.2616,1.5826,-0.0512,0.0135,-0.0123
-2.0710,2.5498,7.4077,-0.0835,-0.0301,-0.0073,-5.8227,-7.0653,1.6209,-0.0253,-0.0280,-0.0052
-2.0925,2.5929,7.4340,-0.1054,-0.0056,-0.0233,-5.8442,-7.1898,1.7119,-0.0693,0.0140,-0.0152
-2.1165,2.5594,7.4484,-0.0933,-0.0036,-0.0354,-5.8610,-7.2018,1.5706,-0.0450,0.0061,-0.0338
-2.1763,2.5331,7.5729,-0.0629,0.0061,-0.0084,-5.7652,-7.2209,1.6664,-0.0458,-0.0032,0.0079
-2.1596,2.5953,7.3454,-0.0806,-0.0388,0.0040,-5.7461,-7.0437,1.6065,-0.0324,-0.0019,-0.0069
-2.0997,2.6240,7.5776,-0.0809,-0.0113,-0.0048,-5.7724,-7.1491,1.6855,-0.0536,0.0117,-0.0039
-2.0997,2.4972,7.5154,-0.0745,0.0099,-0.0265,-5.7150,-7.1419,1.5155,-0.0509,0.0234,-0.0104
-2.1644,2.5379,7.5393,-0.0905,-0.0200,-0.0132,-5.7557,-7.2688,1.8483,-0.0458,-0.0117,-0.0039
-2.1596,2.5498,7.3957,-0.0446,-0.0183,-0.0187,-5.7988,-7.1730,1.5778,-0.0226,0.0015,0.0318
-2.0758,2.5163,7.3981,-0.0786,-0.0076,-0.0260,-5.7892,-7.1539,1.6400,-0.0478,0.0201,-0.0044
-2.1141,2.5139,7.5082,-0.0818,-0.0005,-0.0241,-5.7868,-7.1156,1.5060,-0.0364,-0.0260,-0.0009
-2.2146,2.5666,7.5178,-0.0781,0.0123,-0.0386,-5.8610,-7.2329,1.5682,-0.0365,0.0063,0.0164
-2.1476,2.5139,7.1539,-0.1086,-0.0181,-0.0129,-5.6072,-6.9097,1.6688,-0.0592,-0.0336,-0.0286
-2.0255,2.5690,7.4819,-0.1315,0.0041,-0.0346,-5.8059,-7.0773,1.5179,-0.0713,0.0545,-0.0492
-2.0470,2.4660,7.4675,-0.1512,-0.0282,-0.0258,-5.6743,-7.2832,1.7621,-0.0558,-0.0125,-0.0597
-2.1404,2.4517,7.7093,-0.0305,0.0325,0.0111,-5.8395,-7.4124,1.6448,-0.0541,0.0686,0.0342
-2.1261,2.4684,7.4053,-0.0566,-0.0477,-0.0083,-5.7030,-7.0461,1.5371,-0.0234,0.0111,0.0089
-1.9968,2.5905,7.2856,-0.0877,0.0019,-0.0123,-5.7054,-6.8809,1.5155,-0.0430,-0.0264,-0.0215
-2.1787,2.5474,7.4843,-0.1549,-0.0304,-0.0220,-5.8538,-7.2065,1.6281,-0.0512,-0.0481,-0.0620
-2.2577,2.4804,7.5681,-0.1264,0.0128,-0.0237,-5.7988,-7.3406,1.7095,-0.0679,-0.0148,-0.0565
-2.1500,2.4421,7.5824,-0.0818,0.0057,-0.0197,-5.7485,-7.2951,1.7406,-0.0564,0.0116,-0.0136
-2.0901,2.4469,7.4172,-0.0961,-0.0067,-0.0394,-5.7078,-7.0485,1.6257,-0.0518,0.0163,-0.0366
-2.1069,2.4541,7.6950,-0.0771,0.0413,-0.0510,-5.7820,-7.3095,1.7166,-0.0682,0.0629,-0.0285
-2.1739,2.4972,7.3382,-0.0929,-0.0075,-0.0384,-5.7317,-7.1180,1.5562,-0.0461,-0.0081,-0.0212
-2.1691,2.4588,7.3215,-0.1047,-0.0060,-0.0528,-5.7126,-7.1515,1.5874,-0.0438,0.0029,-0.0558
-2.2122,2.4134,7.5585,-0.1037,0.0063,-0.0466,-5.7628,-7.3622,1.6520,-0.0596,0.0140,-0.0318
-2.3104,2.3822,7.5633,-0.0604,0.0015,-0.0203,-5.6886,-7.3765,1.6520,-0.0378,0.0037,0.0032
-2.2146,2.5307,7.5298,-0.0819,-0.0298,-0.0021,-5.7628,-7.1826,1.5275,-0.0426,-0.0068,-0.0043
-2.1596,2.5283,7.4795,-0.0766,-0.0237,-0.0043,-5.6814,-7.2089,1.5921,-0.0416,-0.0052,-0.0048
-2.2122,2.3559,7.6064,-0.0699,0.0151,-0.0088,-5.7221,-7.3071,1.7166,-0.0544,0.0212,0.0075
-2.2290,2.3894,7.1587,-0.0994,-0.0143,-0.0143,-5.5091,-7.0557,1.5706,-0.0508,-0.0330,-0.0240
-2.0518,2.4517,7.4986,-0.0981,0.0153,-0.0260,-5.7724,-7.1419,1.6640,-0.0710,-0.0024,-0.0144
-2.3008,2.5091,7.3550,-0.0947,0.0144,-0.0220,-5.8155,-7.1946,1.4054,-0.0861,0.0049,-0.0151
-2.2721,2.3798,7.5417,-0.1158,0.0650,-0.0416,-5.7581,-7.2664,1.6065,-0.1066,0.0477,-0.0478
-2.3894,2.3415,7.6279,-0.0971,0.0314,-0.0121,-5.7269,-7.3694,1.5347,-0.0826,-0.0161,-0.0107
-2.3032,2.3822,7.5202,-0.1046,-0.0047,-0.0183,-5.7461,-7.3502,1.5203,-0.0566,-0.0107,-0.0136
-2.3224,2.3918,7.3765,-0.0837,-0.0031,-0.0151,-5.7126,-7.2544,1.4509,-0.0449,-0.0266,0.0013
-2.1476,2.2673,7.5489,-0.1061,-0.0314,0.0080,-5.6024,-7.1826,1.8100,-0.0490,-0.0349,-0.0152
-2.2314,2.3894,7.2999,-0.1043,-0.0228,-0.0068,-5.6934,-7.0461,1.3934,-0.0290,-0.0521,-0.0358
-2.2098,2.4277,7.1228,-0.2234,-0.0152,-0.0195,-5.5761,-6.9935,1.4054,-0.0714,-0.1059,-0.1148
-1.9417,2.2769,7.5274,-0.2088,-0.0132,-0.0482,-5.6072,-7.3047,1.3838,-0.0761,-0.0252,-0.1348
-2.1572,2.1261,7.6926,-0.1242,0.0640,-0.0274,-5.4516,-7.5657,1.8340,-0.0637,-0.0116,-0.0679
-2.3128,2.1548,7.6806,-0.0644,-0.0123,0.0060,-5.6144,-7.4029,1.7621,-0.0484,-0.0115,0.0036
-2.2122,2.2410,7.4795,-0.1096,-0.0546,-0.0137,-5.5761,-7.1850,1.6233,-0.0293,-0.0222,-0.0404
-2.1931,2.2553,7.4364,-0.1246,0.0071,-0.0273,-5.5976,-7.3239,1.6807,-0.0649,-0.0087,-0.0461
-2.3559,2.2936,7.5609,-0.1122,0.0041,-0.0405,-5.5617,-7.3095,1.5203,-0.0581,-0.0025,-0.0360
-2.3008,2.1811,7.6279,-0.0903,-0.0079,-0.0213,-5.6048,-7.4747,1.5754,-0.0489,0.0115,-0.0245
-2.3415,2.2242,7.4891,-0.0995,-0.0200,-0.0140,-5.5545,-7.3263,1.5586,-0.0464,0.0025,-0.0232
-2.3056,2.1500,7.7476,-0.0659,0.0131,-0.0057,-5.6000,-7.4867,1.7214,-0.0605,0.0071,0.0132
-2.3248,2.1907,7.5346,-0.0629,-0.0172,-0.0076,-5.5019,-7.3239,1.4868,-0.0394,0.0129,0.0104
-2.2960,2.2242,7.6112,-0.0747,-0.0256,0.0031,-5.5737,-7.3694,1.6544,-0.0385,-0.0101,0.0052
-2.2936,2.2529,7.5154,-0.0741,-0.0261,-0.0008,-5.4995,-7.3478,1.5610,-0.0369,-0.0033,-0.0005
-2.2075,2.1332,7.5274,-0.0636,0.0016,-0.0139,-5.5426,-7.3526,1.5850,-0.0493,0.0314,0.0011
-2.2146,2.2386,7.5250,-0.0869,-0.0113,-0.0179,-5.5713,-7.2951,1.4796,-0.0482,-0.0029,-0.0083
-2.2170,2.2338,7.4843,-0.0954,-0.0063,-0.0230,-5.5186,-7.3358,1.5754,-0.0409,0.0049,-0.0204
-2.1979,2.1644,7.7237,-0.0847,-0.0048,-0.0145,-5.6264,-7.5154,1.6759,-0.0561,0.0040,-0.0020
-2.3391,2.2529,7.4843,-0.0530,-0.0103,-0.0068,-5.5785,-7.4148,1.5203,-0.0470,0.0111,0.0195
-2.2338,2.2577,7.4962,-0.0513,0.0161,-0.0055,-5.5809,-7.2664,1.4772,-0.0544,0.0333,0.0129
-2.1931,2.2218,7.5274,-0.0766,-0.0229,0.0040,-5.5761,-7.2305,1.5371,-0.0400,-0.0032,0.0013
-2.2003,2.2936,7.4891,-0.0903,-0.0314,-0.0104,-5.4157,-7.0773,1.5371,-0.0226,-0.0043,-0.0404
-2.2649,2.1596,7.4124,-0.1242,-0.0155,-0.0233,-5.5522,-7.2664,1.5802,-0.0410,-0.0123,-0.0674
-2.3104,2.0853,7.7093,-0.1183,-0.0382,-0.0079,-5.6551,-7.5992,1.8172,-0.0582,-0.0277,-0.0349
-2.3032,2.1572,7.6040,-0.0644,-0.0051,-0.0139,-5.5426,-7.4172,1.4916,-0.0309,-0.0149,-0.0028
-2.3056,2.2386,7.5465,-0.0873,-0.0187,-0.0092,-5.5665,-7.3550,1.6735,-0.0512,-0.0031,-0.0057
-2.1955,2.2003,7.6255,-0.0823,-0.0226,-0.0188,-5.5833,-7.3239,1.6137,-0.0405,0.0012,-0.0033
-2.2936,2.1835,7.5633,-0.0749,-0.0016,-0.0181,-5.5689,-7.4101,1.5155,-0.0521,0.0051,-0.0029
-2.2984,2.1596,7.4555,-0.0430,-0.0084,-0.0112,-5.4588,-7.2664,1.5227,-0.0353,-0.0057,0.0141
-2.2434,2.2146,7.6016,-0.0621,-0.0097,-0.0056,-5.6096,-7.3694,1.5945,-0.0517,0.0364,0.0141
-2.2960,2.2338,7.5489,-0.0537,0.0205,-0.0133,-5.6168,-7.3741,1.5682,-0.0557,0.0262,0.0081
-2.2362,2.1883,7.2616,-0.0853,-0.0344,-0.0180,-5.4372,-7.2496,1.4509,-0.0353,-0.0052,-0.0193
-2.2410,2.1907,7.5369,-0.0954,-0.0119,-0.0176,-5.6192,-7.2903,1.5682,-0.0420,0.0023,-0.0244
-2.2673,2.1835,7.5393,-0.0927,-0.0055,-0.0269,-5.5402,-7.5154,1.6568,-0.0604,0.0252,-0.0116
-2.2984,2.1572,7.5513,-0.0906,-0.0249,-0.0041,-5.5306,-7.4196,1.5155,-0.0436,-0.0346,0.0028
-2.2338,2.1883,7.5705,-0.0498,0.0061,0.0009,-5.6024,-7.4077,1.5467,-0.0442,0.0225,0.0249
-2.1859,2.1979,7.3765,-0.0814,-0.0365,-0.0109,-5.5713,-7.3215,1.5538,-0.0404,0.0016,-0.0048
-2.1141,2.1739,7.5417,-0.0735,-0.0035,-0.0087,-5.4899,-7.3334,1.6257,-0.0470,-0.0201,-0.0083
-2.3296,2.2314,7.6878,-0.0613,0.0446,-0.0179,-5.6120,-7.4531,1.5634,-0.0729,0.0564,0.0103
-2.2817,2.1835,7.4484,-0.0759,-0.0288,-0.0072,-5.4779,-7.2808,1.5347,-0.0380,-0.0077,0.0013
-2.1979,2.2051,7.4268,-0.0871,-0.0313,-0.0113,-5.5593,-7.1922,1.5036,-0.0420,-0.0293,-0.0157
-2.3367,2.1763,7.6950,-0.0677,0.0476,-0.0020,-5.6862,-7.6878,1.6520,-0.0998,0.0925,0.0101
-2.3343,2.1548,7.6088,-0.0108,0.0200,0.0220,-5.5522,-7.4508,1.6305,-0.0485,0.0312,0.0610
-2.3631,2.2865,7.4962,-0.0171,0.0414,0.0262,-5.5545,-7.1826,1.2282,-0.0731,0.0648,0.0526
-2.1261,2.1835,7.2568,-0.0682,-0.0332,0.0023,-5.3965,-6.9599,1.3408,-0.0203,-0.0518,0.0012
-2.0207,2.2505,7.3167,-0.1503,-0.0096,-0.0208,-5.5641,-7.2329,1.6209,-0.0683,-0.0240,-0.0568
-2.3822,2.2529,7.6351,-0.1390,-0.0103,-0.0428,-5.5713,-7.5082,1.5107,-0.0286,-0.0063,-0.0580
-2.2889,2.1404,7.6303,-0.0950,-0.0161,-0.0302,-5.6360,-7.5250,1.6281,-0.0340,0.0071,-0.0240
-2.2170,2.1524,7.5154,-0.0686,-0.0145,-0.0203,-5.5522,-7.3071,1.5490,-0.0325,-0.0087,0.0060
-2.3343,2.2889,7.4412,-0.0922,-0.0266,-0.0208,-5.5976,-7.3454,1.4174,-0.0532,-0.0129,-0.0195
-2.3008,2.2098,7.5705,-0.0883,-0.0025,-0.0208,-5.5905,-7.3885,1.5802,-0.0380,-0.0020,-0.0168
-2.3439,2.1739,7.6327,-0.0738,-0.0009,-0.0072,-5.5665,-7.4603,1.5179,-0.0482,0.0128,0.0039
-2.2098,2.1787,7.3023,-0.0773,-0.0458,-0.0156,-5.4731,-7.3239,1.5012,-0.0413,-0.0151,-0.0063
-2.2194,2.2482,7.4627,-0.0548,0.0076,-0.0213,-5.5952,-7.3287,1.5850,-0.0446,0.0181,-0.0031
-2.3032,2.1907,7.4939,-0.0967,-0.0073,-0.0188,-5.5162,-7.3694,1.5155,-0.0524,-0.0004,-0.0119
-2.1691,2.2410,7.2808,-0.1073,-0.0437,-0.0336,-5.4779,-7.3406,1.5706,-0.0280,-0.0101,-0.0380
-2.3248,2.1500,7.5992,-0.0569,0.0127,-0.0116,-5.6024,-7.4053,1.5658,-0.0556,0.0313,0.0036
-2.3391,2.2194,7.5369,-0.0907,-0.0192,-0.0121,-5.5641,-7.3741,1.3910,-0.0564,0.0067,-0.0013
-2.2721,2.2027,7.4962,-0.0754,-0.0107,-0.0228,-5.5354,-7.2736,1.5203,-0.0390,-0.0020,-0.0104
-2.3104,2.1859,7.6040,-0.0850,0.0052,-0.0156,-5.5785,-7.3765,1.5993,-0.0566,0.0089,-0.0095
-2.3439,2.1763,7.4843,-0.0846,-0.0119,-0.0189,-5.6000,-7.3454,1.6233,-0.0436,0.0032,-0.0129
-2.2386,2.2314,7.4986,-0.0914,-0.0169,-0.0172,-5.6000,-7.3406,1.6209,-0.0425,-0.0105,-0.0169
-2.3104,2.2338,7.4771,-0.0742,-0.0171,-0.0196,-5.5330,-7.3694,1.5036,-0.0344,0.0085,-0.0108
-2.2841,2.1380,7.4196,-0.1079,-0.0356,-0.0256,-5.5138,-7.3406,1.4796,-0.0373,-0.0092,-0.0366
-2.2745,2.1524,7.6399,-0.0957,-0.0203,-0.0097,-5.4899,-7.5154,1.6688,-0.0569,-0.0185,-0.0119
-2.3200,2.1835,7.6614,-0.0597,-0.0060,-0.0132,-5.4827,-7.3670,1.5419,-0.0362,-0.0005,0.0024
-2.3176,2.1715,7.5800,-0.0702,-0.0035,-0.0089,-5.6455,-7.3813,1.5706,-0.0516,0.0181,0.0031
-2.3248,2.2194,7.5154,-0.0774,-0.0416,-0.0032,-5.5761,-7.4316,1.4772,-0.0261,-0.0264,0.0068
-2.3128,2.1500,7.5633,-0.0681,-0.0195,-0.0095,-5.5522,-7.4555,1.5275,-0.0341,0.0013,0.0052
-2.3679,2.1428,7.4699,-0.0706,-0.0095,-0.0048,-5.5210,-7.4053,1.4772,-0.0430,-0.0123,0.0095
-2.2338,2.1668,7.5633,-0.0830,-0.0361,-0.0061,-5.5857,-7.2784,1.5299,-0.0273,-0.0201,-0.0109
-2.3343,2.2482,7.5776,-0.0866,-0.0143,-0.0264,-5.6024,-7.3909,1.5682,-0.0444,0.0143,-0.0127
-2.2745,2.1428,7.5705,-0.0710,-0.0164,-0.0282,-5.5162,-7.3861,1.5802,-0.0304,0.0097,-0.0045
-2.2194,2.2146,7.6136,-0.0663,-0.0157,-0.0233,-5.4947,-7.3741,1.5682,-0.0333,0.0107,-0.0036
-2.1955,2.2122,7.4196,-0.0814,-0.0400,-0.0120,-5.5378,-7.2951,1.5467,-0.0245,-0.0189,-0.0091
-2.2242,2.1835,7.4220,-0.1015,-0.0203,-0.0179,-5.4755,-7.3334,1.5323,-0.0392,-0.0087,-0.0296
-2.3296,2.1213,7.6184,-0.0989,-0.0032,-0.0111,-5.5234,-7.4436,1.5562,-0.0568,-0.0060,-0.0133
-2.2075,2.1237,7.5561,-0.0970,-0.0165,-0.0187,-5.4899,-7.3119,1.6233,-0.0561,-0.0040,-0.0205
-2.3008,2.1021,7.6088,-0.0552,-0.0019,-0.0181,-5.4947,-7.4675,1.5514,-0.0510,0.0173,-0.0107
-2.2625,2.2075,7.5322,-0.0690,-0.0161,-0.0160,-5.5761,-7.4124,1.6448,-0.0360,0.0211,-0.0075
-2.2505,2.1404,7.5202,-0.0858,-0.0197,-0.0059,-5.4612,-7.3646,1.4868,-0.0481,-0.0063,-0.0036
-2.3248,2.1356,7.5322,-0.0558,0.0044,-0.0099,-5.5378,-7.4747,1.5155,-0.0465,0.0100,0.0131
-2.2314,2.1644,7.5609,-0.0645,-0.0207,-0.0119,-5.5761,-7.3454,1.4341,-0.0338,-0.0063,0.0004
-2.1452,2.2075,7.5753,-0.0781,-0.0250,-0.0155,-5.4971,-7.3023,1.6041,-0.0348,0.0005,-0.0031
-2.2458,2.1787,7.5154,-0.0957,-0.0277,-0.0156,-5.4875,-7.3694,1.4988,-0.0386,0.0004,-0.0244
-2.2889,2.1332,7.6902,-0.0569,0.0083,-0.0188,-5.5522,-7.4484,1.5562,-0.0434,0.0328,0.0073
-2.3080,2.1069,7.4388,-0.0749,-0.0229,-0.0096,-5.4516,-7.3310,1.5945,-0.0338,-0.0048,-0.0036
-2.1596,2.1715,7.5896,-0.0955,-0.0281,-0.0173,-5.4923,-7.2568,1.7957,-0.0298,-0.0248,-0.0273
-2.1859,2.1404,7.5202,-0.1143,-0.0107,-0.0404,-5.4492,-7.3406,1.5682,-0.0530,0.0140,-0.0501
-2.2434,2.1811,7.6734,-0.0990,0.0105,-0.0654,-5.4851,-7.4699,1.7717,-0.0528,0.0514,-0.0453
-2.3942,2.0949,7.3957,-0.0987,-0.0084,-0.0687,-5.3846,-7.3694,1.3647,-0.0374,0.0429,-0.0588
-2.3415,2.0207,7.6495,-0.1025,-0.0187,-0.0378,-5.5043,-7.6638,1.5778,-0.0346,0.0068,-0.0361
-2.3224,2.0782,7.5154,-0.0703,-0.0140,-0.0001,-5.4779,-7.4029,1.4365,-0.0416,-0.0288,0.0073
-2.2745,2.1644,7.5106,-0.0681,-0.0200,0.0093,-5.5809,-7.4292,1.4820,-0.0412,-0.0084,0.0115
-2.2865,2.1428,7.5369,-0.0687,-0.0328,0.0152,-5.3989,-7.3430,1.5802,-0.0344,-0.0208,0.0213
-2.2960,2.0877,7.6207,-0.0506,-0.0312,0.0121,-5.5258,-7.4675,1.6448,-0.0273,-0.0009,0.0301
-2.1763,2.1308,7.5561,-0.0585,-0.0456,0.0052,-5.4516,-7.3047,1.6544,-0.0119,-0.0184,0.0156
-2.0853,2.1763,7.5513,-0.0831,-0.0274,-0.0312,-5.4851,-7.3215,1.6712,-0.0300,0.0125,-0.0121
-2.1739,2.0327,7.5968,-0.0793,-0.0153,-0.0585,-5.4516,-7.3717,1.5538,-0.0316,0.0358,-0.0356
-2.1739,2.0662,7.6734,-0.0717,-0.0028,-0.0538,-5.4636,-7.5417,1.7717,-0.0337,0.0449,-0.0288
-2.3032,2.0997,7.6327,-0.0757,-0.0120,-0.0485,-5.5593,-7.3765,1.4748,-0.0405,0.0261,-0.0192
-2.3296,2.1931,7.5800,-0.0703,0.0115,-0.0424,-5.5402,-7.4531,1.6448,-0.0546,0.0390,-0.0153
-2.3296,2.1404,7.5896,-0.0733,0.0005,-0.0187,-5.5426,-7.4196,1.4916,-0.0501,0.0095,0.0016
-2.3176,2.0638,7.5274,-0.0532,-0.0060,0.0039,-5.4755,-7.4771,1.5538,-0.0486,0.0057,0.0222
-2.2889,2.1859,7.6303,-0.0494,-0.0123,0.0144,-5.5737,-7.3933,1.4988,-0.0504,-0.0093,0.0398
-2.2529,2.1955,7.5010,-0.0520,-0.0092,0.0164,-5.4995,-7.1802,1.3312,-0.0529,-0.0197,0.0286
-2.2434,2.1021,7.3909,-0.0838,0.0024,0.0088,-5.4564,-7.2736,1.4892,-0.0677,-0.0105,-0.0017
-2.2338,2.1117,7.6447,-0.1107,-0.0213,-0.0091,-5.5282,-7.3598,1.6640,-0.0541,-0.0159,-0.0232
-2.2793,2.0446,7.5776,-0.0683,0.0185,-0.0055,-5.4588,-7.5465,1.6496,-0.0501,0.0172,0.0060
-2.2003,2.1763,7.4843,-0.0675,-0.0049,-0.0149,-5.4468,-7.3382,1.4246,-0.0500,0.0157,-0.0025
-2.2146,2.2290,7.4340,-0.0989,0.0021,-0.0286,-5.4995,-7.2736,1.5107,-0.0534,0.0111,-0.0380
-2.3224,2.1213,7.5729,-0.1172,0.0051,-0.0394,-5.5306,-7.4939,1.5371,-0.0564,0.0032,-0.0405
-2.3032,1.9800,7.6614,-0.0934,-0.0325,-0.0205,-5.4708,-7.5944,1.5490,-0.0277,-0.0007,-0.0161
-2.3248,2.1021,7.6160,-0.0733,-0.0168,-0.0179,-5.4755,-7.4340,1.7190,-0.0362,0.0064,0.0003
-2.3008,2.0949,7.4627,-0.0652,-0.0031,-0.0237,-5.4875,-7.3215,1.4413,-0.0418,0.0025,0.0001
-2.2482,2.1284,7.5393,-0.0881,-0.0128,-0.0212,-5.4540,-7.3430,1.6065,-0.0464,0.0061,-0.0101
-2.2529,2.0830,7.5369,-0.0863,-0.0244,-0.0270,-5.4636,-7.4029,1.4964,-0.0385,0.0043,-0.0201
