0.0000,0.0000,0.0000,0.0000,0.0000,0.0000,1.7933,4.1324,6.9192,0.2603,-0.1059,-0.0405
0.0000,0.0000,0.0000,0.0000,0.0000,0.0000,1.5682,4.2449,6.6104,0.2979,-0.1994,-0.1171
0.0000,0.0000,0.0000,0.0000,0.0000,0.0000,1.8292,4.5131,6.8307,0.1486,-0.2121,-0.0229
0.0000,0.0000,0.0000,0.0000,0.0000,0.0000,1.6041,4.7621,6.3279,0.1672,-0.0007,-0.1146
0.0000,0.0000,0.0000,0.0000,0.0000,0.0000,1.3623,4.7740,6.5601,0.1236,-0.0866,-0.0301
0.0000,0.0000,0.0000,0.0000,0.0000,0.0000,0.9026,4.8028,6.4093,-0.0104,-0.0125,0.0139
0.0000,0.0000,0.0000,0.0000,0.0000,0.0000,1.2953,4.9799,6.0406,-0.0035,-0.1090,-0.0288
0.0000,0.0000,0.0000,0.0000,0.0000,0.0000,1.3815,5.0111,6.1124,-0.0735,-0.0457,0.0452
0.0000,0.0000,0.0000,0.0000,0.0000,0.0000,0.6560,5.0733,5.6383,-0.3040,0.1090,0.1379
0.0000,0.0000,0.0000,0.0000,0.0000,0.0000,1.2905,4.4412,6.7636,-0.3691,0.0617,0.1962
0.0000,0.0000,0.0000,0.0000,0.0000,0.0000,1.9800,3.8666,7.4867,-0.4390,0.0029,0.1915
0.0000,0.0000,0.0000,0.0000,0.0000,0.0000,1.7621,3.2609,8.4204,-0.3300,0.0874,0.2823
0.0000,0.0000,0.0000,0.0000,0.0000,0.0000,1.0151,2.9736,7.7165,-0.0596,0.0811,0.4580
0.0000,0.0000,0.0000,0.0000,0.0000,0.0000,1.8794,3.3016,8.1738,-0.0067,-0.0242,0.2690
0.0000,0.0000,0.0000,0.0000,0.0000,0.0000,2.2051,3.6895,7.9176,0.1502,0.0095,0.0648
0.0000,0.0000,0.0000,0.0000,0.0000,0.0000,1.3982,3.6200,7.2903,0.2587,0.0762,0.1180
0.0000,0.0000,0.0000,0.0000,0.0000,0.0000,1.3910,3.9480,7.0749,0.3643,0.0910,0.2486
0.0000,0.0000,0.0000,0.0000,0.0000,0.0000,1.0391,4.7692,6.0525,0.3754,-0.0047,0.0746
0.0000,0.0000,0.0000,0.0000,0.0000,0.0000,1.4868,5.3463,5.7844,0.1885,-0.0746,-0.0037
0.0000,0.0000,0.0000,0.0000,0.0000,0.0000,1.0295,5.5522,5.4253,-0.0087,0.0077,0.1061
0.0000,0.0000,0.0000,0.0000,0.0000,0.0000,1.5778,5.0063,5.5258,-0.2541,-0.0294,0.1713
0.0000,0.0000,0.0000,0.0000,0.0000,0.0000,2.6528,1.9537,10.1538,-0.8569,0.3002,0.3232
0.0000,0.0000,0.0000,0.0000,0.0000,0.0000,2.1213,2.0231,10.7548,0.4702,-0.0637,-0.2575
0.0000,0.0000,0.0000,0.0000,0.0000,0.0000,1.5490,4.2497,6.7636,0.8403,-0.1518,-0.2297
0.0000,0.0000,0.0000,0.0000,0.0000,0.0000,1.1851,5.8849,4.4676,0.5223,-0.1809,-0.2787
0.0000,0.0000,0.0000,0.0000,0.0000,0.0000,1.2953,6.4500,4.4819,0.0867,-0.2443,-0.1635
0.0000,0.0000,0.0000,0.0000,0.0000,0.0000,1.2594,6.3207,4.6519,-0.2935,0.0195,0.1864
0.0000,0.0000,0.0000,0.0000,0.0000,0.0000,1.7717,5.2840,5.5306,-0.4790,-0.0216,0.3211
0.0000,0.0000,0.0000,0.0000,0.0000,0.0000,2.2625,3.7182,7.4555,-0.6042,0.2328,0.5590
0.0000,0.0000,0.0000,0.0000,0.0000,0.0000,2.7773,2.5546,9.7516,-0.2550,0.2863,0.1581
0.0000,0.0000,0.0000,0.0000,0.0000,0.0000,1.7478,2.9784,8.9112,0.2406,-0.0490,-0.0446
0.0000,0.0000,0.0000,0.0000,0.0000,0.0000,1.8340,3.9385,7.5346,0.4867,-0.0361,-0.0181
0.0000,0.0000,0.0000,0.0000,0.0000,0.0000,1.4461,5.0039,6.0382,0.4139,-0.1423,-0.0646
0.0000,0.0000,0.0000,0.0000,0.0000,0.0000,1.6735,5.6048,5.5905,0.3070,-0.1767,-0.0537
0.0000,0.0000,0.0000,0.0000,0.0000,0.0000,1.3838,6.1675,4.8363,0.0120,-0.1006,0.1124
0.0000,0.0000,0.0000,0.0000,0.0000,0.0000,1.7909,5.8179,4.9991,-0.2686,-0.0036,0.2477
0.0000,0.0000,0.0000,0.0000,0.0000,0.0000,2.5857,4.6040,6.4931,-0.4752,-0.0590,0.2451
0.0000,0.0000,0.0000,0.0000,0.0000,0.0000,2.7126,2.9664,8.8825,-0.4289,0.0424,0.1116
0.0000,0.0000,0.0000,0.0000,0.0000,0.0000,2.5714,3.0550,8.6598,0.2032,0.0044,0.0004
0.0000,0.0000,0.0000,0.0000,0.0000,0.0000,2.5163,3.7421,7.4531,0.3239,-0.0751,-0.1382
0.0000,0.0000,0.0000,0.0000,0.0000,0.0000,2.4181,4.8794,5.9544,0.4029,-0.1355,-0.2549
0.0000,0.0000,0.0000,0.0000,0.0000,0.0000,2.0423,5.8610,4.9321,0.1207,-0.0313,-0.2894
0.0000,0.0000,0.0000,0.0000,0.0000,0.0000,1.5179,6.0645,5.1954,-0.0541,-0.0222,-0.2242
0.0000,0.0000,0.0000,0.0000,0.0000,0.0000,2.2075,5.8490,5.1427,-0.2102,-0.0108,-0.1214
0.0000,0.0000,0.0000,0.0000,0.0000,0.0000,2.4397,4.5250,7.0270,-0.4197,0.1593,-0.2081
0.0000,0.0000,0.0000,0.0000,0.0000,0.0000,2.0638,3.9576,7.8171,-0.2918,0.0513,-0.2220
0.0000,0.0000,0.0000,0.0000,0.0000,0.0000,1.2977,4.2306,7.7907,-0.0346,0.1720,-0.1687
0.0000,0.0000,0.0000,0.0000,0.0000,0.0000,1.4389,4.9344,6.4787,0.0925,0.0376,-0.1780
0.0000,0.0000,0.0000,0.0000,0.0000,0.0000,1.6592,5.0685,5.8083,-0.0092,-0.0677,-0.1891
0.0000,0.0000,0.0000,0.0000,0.0000,0.0000,1.7358,5.0877,6.3111,-0.1092,0.0955,-0.1416
0.0000,0.0000,0.0000,0.0000,0.0000,0.0000,0.8475,5.2170,6.4620,-0.2730,0.2753,-0.0698
0.0000,0.0000,0.0000,0.0000,0.0000,0.0000,1.0104,4.7740,7.0198,-0.2575,0.0289,0.0508
0.0000,0.0000,0.0000,0.0000,0.0000,0.0000,0.8499,4.7908,7.2999,-0.1593,0.2563,0.0915
0.0000,0.0000,0.0000,0.0000,0.0000,0.0000,0.8571,5.1164,6.5984,0.0309,0.1925,0.1515
0.0000,0.0000,0.0000,0.0000,0.0000,0.0000,0.5100,4.9704,6.6056,-0.2523,0.1860,0.1296
0.0000,0.0000,0.0000,0.0000,0.0000,0.0000,1.5155,4.2545,7.0964,-0.1462,-0.0755,0.0601
0.0000,0.0000,0.0000,0.0000,0.0000,0.0000,2.0925,4.5418,6.6343,-0.1300,-0.0148,0.0386
0.0000,0.0000,0.0000,0.0000,0.0000,0.0000,1.6759,4.2066,7.3574,-0.1683,-0.2546,0.0000
0.0000,0.0000,0.0000,0.0000,0.0000,0.0000,1.2905,4.2186,7.4699,-0.1479,-0.2694,-0.0045
0.0000,0.0000,0.0000,0.0000,0.0000,0.0000,1.4246,4.0366,7.4843,-0.1242,-0.0757,0.0494
0.0000,0.0000,0.0000,0.0000,0.0000,0.0000,2.1572,4.0582,6.9576,0.0093,-0.1693,0.0132
0.0000,0.0000,0.0000,0.0000,0.0000,0.0000,1.5850,4.0510,6.7852,-0.0548,-0.0626,-0.0806
0.0000,0.0000,0.0000,0.0000,0.0000,0.0000,1.6807,4.1180,6.6870,0.0229,-0.0460,0.0076
0.0000,0.0000,0.0000,0.0000,0.0000,0.0000,0.9433,4.3910,6.8929,-0.1087,-0.0413,0.0540
0.0000,0.0000,0.0000,0.0000,0.0000,0.0000,1.9561,4.3000,6.9504,-0.0949,-0.0207,0.0967
0.0000,0.0000,0.0000,0.0000,0.0000,0.0000,2.3367,4.1970,6.9192,-0.0798,-0.0831,-0.0029
0.0000,0.0000,0.0000,0.0000,0.0000,0.0000,1.6424,4.1037,6.6439,-0.2947,-0.1250,-0.0705
0.0000,0.0000,0.0000,0.0000,0.0000,0.0000,2.0590,3.6847,7.6686,-0.1310,-0.1212,-0.0846
0.0000,0.0000,0.0000,0.0000,0.0000,0.0000,1.7765,3.8283,7.5154,0.0084,-0.0802,0.0765
0.0000,0.0000,0.0000,0.0000,0.0000,0.0000,2.2194,4.0654,6.9623,-0.0184,0.0657,-0.0553
0.0000,0.0000,0.0000,0.0000,0.0000,0.0000,1.9489,4.0749,7.4939,0.0622,-0.1370,0.0183
0.0000,0.0000,0.0000,0.0000,0.0000,0.0000,1.8244,4.4724,6.5601,-0.0326,-0.0148,-0.0076
0.0000,0.0000,0.0000,0.0000,0.0000,0.0000,1.7813,4.2186,6.8498,-0.0747,0.0215,-0.0381
0.0000,0.0000,0.0000,0.0000,0.0000,0.0000,2.1548,4.1611,7.1970,0.0350,-0.0353,0.0911
0.0000,0.0000,0.0000,0.0000,0.0000,0.0000,2.0351,4.1755,7.0366,-0.1026,0.0228,-0.0041
0.0000,0.0000,0.0000,0.0000,0.0000,0.0000,2.1715,3.9265,7.4867,0.0205,-0.0132,0.0377
0.0000,0.0000,0.0000,0.0000,0.0000,0.0000,1.8435,4.2377,6.7971,-0.0292,0.0127,-0.0304
0.0000,0.0000,0.0000,0.0000,0.0000,0.0000,2.0686,4.3215,6.9264,-0.0092,0.0285,-0.0093
0.0000,0.0000,0.0000,0.0000,0.0000,0.0000,1.9178,4.2880,6.7900,-0.0176,-0.0875,0.0124
0.0000,0.0000,0.0000,0.0000,0.0000,0.0000,1.7430,4.2808,6.7708,-0.1034,0.0893,-0.0149
0.0000,0.0000,0.0000,0.0000,0.0000,0.0000,2.2003,4.1204,7.0054,-0.0735,0.0290,-0.0221
0.0000,0.0000,0.0000,0.0000,0.0000,0.0000,1.7382,4.0175,7.3382,-0.0626,-0.0409,-0.0039
0.0000,0.0000,0.0000,0.0000,0.0000,0.0000,1.8699,4.2545,6.9480,-0.0139,0.0350,0.0188
0.0000,0.0000,0.0000,0.0000,0.0000,0.0000,2.1189,4.2928,6.7253,-0.0625,0.0268,-0.0432
0.0000,0.0000,0.0000,0.0000,0.0000,0.0000,1.7286,4.0965,7.0174,-0.1246,-0.0087,-0.0461
0.0000,0.0000,0.0000,0.0000,0.0000,0.0000,1.8866,4.0366,7.2161,-0.0741,-0.0428,-0.0460
0.0000,0.0000,0.0000,0.0000,0.0000,0.0000,1.3240,4.1061,7.2233,-0.0837,0.0609,-0.0462
0.0000,0.0000,0.0000,0.0000,0.0000,0.0000,1.6951,4.2186,7.2736,-0.0003,-0.0517,0.0536
0.0000,0.0000,0.0000,0.0000,0.0000,0.0000,1.8364,4.2856,6.8378,-0.0691,-0.0298,0.0369
0.0000,0.0000,0.0000,0.0000,0.0000,0.0000,1.9010,4.0366,6.9432,-0.0622,0.0329,0.0316
0.0000,0.0000,0.0000,0.0000,0.0000,0.0000,2.0542,4.1803,7.0844,-0.0116,-0.0233,0.0949
0.0000,0.0000,0.0000,0.0000,0.0000,0.0000,1.8172,4.1444,6.9719,-0.0241,-0.0172,0.0967
0.0000,0.0000,0.0000,0.0000,0.0000,0.0000,2.3439,4.0917,6.9049,-0.0314,0.0192,0.1014
0.0000,0.0000,0.0000,0.0000,0.0000,0.0000,2.0782,3.9361,7.1275,-0.0883,-0.0298,0.0189
0.0000,0.0000,0.0000,0.0000,0.0000,0.0000,1.8794,4.0270,7.2018,0.0594,0.0785,0.1082
0.0000,0.0000,0.0000,0.0000,0.0000,0.0000,2.2625,4.1468,7.2305,0.0297,0.0384,0.1219
0.0000,0.0000,0.0000,0.0000,0.0000,0.0000,2.1859,4.2952,6.8498,-0.0429,0.0059,0.0799
0.0000,0.0000,0.0000,0.0000,0.0000,0.0000,1.9944,4.1492,7.0294,-0.0308,-0.0350,-0.0203
0.0000,0.0000,0.0000,0.0000,0.0000,0.0000,1.7909,4.3383,6.8857,-0.0253,0.0308,-0.0568
0.0000,0.0000,0.0000,0.0000,0.0000,0.0000,2.1691,4.4269,6.8977,-0.0398,-0.1106,-0.0024
0.0000,0.0000,0.0000,0.0000,0.0000,0.0000,2.3032,4.3551,6.5122,-0.0177,0.0384,-0.0088
0.0000,0.0000,0.0000,0.0000,0.0000,0.0000,2.0063,4.1061,6.9336,-0.1510,0.0217,-0.0281
0.0000,0.0000,0.0000,0.0000,0.0000,0.0000,2.0446,3.9385,7.3310,-0.0801,0.0127,-0.0023
0.0000,0.0000,0.0000,0.0000,0.0000,0.0000,1.9585,4.1444,7.1850,-0.0376,0.0168,-0.0149
0.0000,0.0000,0.0000,0.0000,0.0000,0.0000,2.2218,4.2162,6.7133,-0.0489,0.0506,-0.0120
0.0000,0.0000,0.0000,0.0000,0.0000,0.0000,1.9824,4.0270,7.1251,-0.0521,-0.0123,-0.0421
0.0000,0.0000,0.0000,0.0000,0.0000,0.0000,1.8771,3.9145,7.3406,-0.0454,-0.0027,-0.0560
0.0000,0.0000,0.0000,0.0000,0.0000,0.0000,2.3128,3.9624,7.0198,0.0334,-0.0023,-0.0640
0.0000,0.0000,0.0000,0.0000,0.0000,0.0000,2.0039,4.2641,6.9480,0.0226,0.0782,-0.0754
0.0000,0.0000,0.0000,0.0000,0.0000,0.0000,1.8292,4.4365,6.7684,0.0216,0.1026,-0.0718
0.0000,0.0000,0.0000,0.0000,0.0000,0.0000,1.9178,4.5035,6.6415,-0.0233,-0.0192,-0.0572
0.0000,0.0000,0.0000,0.0000,0.0000,0.0000,1.2186,4.5610,6.8857,-0.0801,0.0650,-0.0468
0.0000,0.0000,0.0000,0.0000,0.0000,0.0000,1.5467,4.5466,6.7157,-0.0400,0.0533,0.0192
0.0000,0.0000,0.0000,0.0000,0.0000,0.0000,1.6137,4.2449,6.9743,-0.0801,0.1350,0.0127
0.0000,0.0000,0.0000,0.0000,0.0000,0.0000,1.6065,4.2258,6.8259,-0.1148,0.1152,0.0785
0.0000,0.0000,0.0000,0.0000,0.0000,0.0000,1.7071,4.0773,7.2568,-0.1284,0.1194,0.0617
0.0000,0.0000,0.0000,0.0000,0.0000,0.0000,1.3503,3.9313,7.2065,-0.1668,0.2410,0.0759
0.0000,0.0000,0.0000,0.0000,0.0000,0.0000,1.5610,4.1420,6.9599,-0.0324,0.2886,0.1071
0.0000,0.0000,0.0000,0.0000,0.0000,0.0000,2.2386,4.3000,6.4835,0.1689,0.4822,0.3134
0.0000,0.0000,0.0000,0.0000,0.0000,0.0000,0.6823,4.1827,6.9528,0.4112,0.9489,0.2542
0.0000,0.0000,0.0000,0.0000,0.0000,0.0000,0.9146,5.0542,5.8802,0.1396,0.4233,0.1094
0.0000,0.0000,0.0000,0.0000,0.0000,0.0000,0.4070,5.0159,6.1244,-0.0127,0.4401,0.1202
0.0000,0.0000,0.0000,0.0000,0.0000,0.0000,0.2682,4.1300,7.0342,-0.5372,0.3794,-0.0184
0.0000,0.0000,0.0000,0.0000,0.0000,0.0000,0.7111,3.2633,8.3989,-0.1659,0.2790,0.0973
0.0000,0.0000,0.0000,0.0000,0.0000,0.0000,1.1588,3.0430,9.1770,0.1103,0.0450,-0.1310
0.0000,0.0000,0.0000,0.0000,0.0000,0.0000,0.8356,4.0893,6.8498,0.3123,-0.1893,-0.2358
0.0000,0.0000,0.0000,0.0000,0.0000,0.0000,0.2729,4.6040,6.4955,0.0549,-0.1569,-0.3136
0.0000,0.0000,0.0000,0.0000,0.0000,0.0000,-0.0575,5.0039,6.4572,0.0544,-0.0105,-0.2033
0.0000,0.0000,0.0000,0.0000,0.0000,0.0000,0.1149,5.0901,6.5170,-0.0163,-0.1346,-0.1795
0.0000,0.0000,0.0000,0.0000,0.0000,0.0000,-0.2897,5.0422,6.7708,-0.2116,-0.1057,-0.1665
0.0000,0.0000,0.0000,0.0000,0.0000,0.0000,0.4381,4.4891,7.2161,-0.1444,-0.2595,-0.0452
0.0000,0.0000,0.0000,0.0000,0.0000,0.0000,0.3065,4.2665,7.2042,-0.0681,-0.1515,0.1019
0.0000,0.0000,0.0000,0.0000,0.0000,0.0000,0.8715,4.4604,7.0006,-0.0995,-0.1112,0.0608
0.0000,0.0000,0.0000,0.0000,0.0000,0.0000,1.0295,4.6711,6.7253,-0.0257,-0.0075,0.0167
0.0000,0.0000,0.0000,0.0000,0.0000,0.0000,0.7278,4.4819,6.8498,-0.0402,-0.1171,0.1037
0.0000,0.0000,0.0000,0.0000,0.0000,0.0000,0.9337,4.4987,6.4643,-0.1206,0.1643,0.1416
0.0000,0.0000,0.0000,0.0000,0.0000,0.0000,1.0846,4.0869,7.2257,-0.2815,-0.0530,-0.0151
0.0000,0.0000,0.0000,0.0000,0.0000,0.0000,1.7142,4.4029,7.2305,-0.1002,-0.1031,0.0285
0.0000,0.0000,0.0000,0.0000,0.0000,0.0000,0.8116,4.2808,6.9839,-0.0711,-0.2012,0.0302
0.0000,0.0000,0.0000,0.0000,0.0000,0.0000,1.0487,4.3838,6.7181,-0.1295,-0.0068,0.0481
0.0000,0.0000,0.0000,0.0000,0.0000,0.0000,1.4557,3.9959,6.9336,-0.2763,-0.0333,0.0393
0.0000,0.0000,0.0000,0.0000,0.0000,0.0000,0.6440,3.7445,7.5489,-0.2265,-0.0424,0.0258
0.0000,0.0000,0.0000,0.0000,0.0000,0.0000,0.5411,3.8020,7.5537,-0.2232,0.0834,0.0540
0.0000,0.0000,0.0000,0.0000,0.0000,0.0000,1.0199,3.5674,7.8865,-0.1364,-0.1819,0.0863
0.0000,0.0000,0.0000,0.0000,0.0000,0.0000,1.3671,3.5674,7.6399,-0.0663,-0.1601,0.0846
0.0000,0.0000,0.0000,0.0000,0.0000,0.0000,1.7885,3.8786,7.0988,0.0997,-0.1255,0.0425
0.0000,0.0000,0.0000,0.0000,0.0000,0.0000,1.5467,3.9576,6.9911,0.0566,-0.1789,-0.0007
0.0000,0.0000,0.0000,0.0000,0.0000,0.0000,1.5107,4.0534,7.1802,-0.0589,-0.1404,0.0270
0.0000,0.0000,0.0000,0.0000,0.0000,0.0000,1.6209,4.0151,7.1970,-0.0208,-0.0135,-0.0189
0.0000,0.0000,0.0000,0.0000,0.0000,0.0000,1.5275,4.0893,6.6272,-0.0262,-0.0685,0.0195
0.0000,0.0000,0.0000,0.0000,0.0000,0.0000,1.5897,3.9576,7.2161,-0.1471,0.0783,-0.0092
0.0000,0.0000,0.0000,0.0000,0.0000,0.0000,1.3503,3.9169,7.3119,-0.0336,0.0955,-0.0151
0.0000,0.0000,0.0000,0.0000,0.0000,0.0000,1.4533,3.7541,7.1611,-0.0432,-0.0596,0.0079
0.0000,0.0000,0.0000,0.0000,0.0000,0.0000,1.2306,4.0462,7.0892,-0.1035,0.1428,-0.0304
0.0000,0.0000,0.0000,0.0000,0.0000,0.0000,1.3982,4.0701,7.0892,-0.0586,0.0425,0.0124
0.0000,0.0000,0.0000,0.0000,0.0000,0.0000,1.2426,4.0294,7.4148,-0.1110,-0.0109,-0.0008
0.0000,0.0000,0.0000,0.0000,0.0000,0.0000,1.3575,3.9169,7.3765,0.0013,-0.0218,0.0304
0.0000,0.0000,0.0000,0.0000,0.0000,0.0000,1.2785,3.9121,6.9480,-0.0537,-0.0398,0.0123
0.0000,0.0000,0.0000,0.0000,0.0000,0.0000,1.7166,3.7517,7.1060,-0.0528,0.0838,-0.0152
0.0000,0.0000,0.0000,0.0000,0.0000,0.0000,1.7238,3.6727,7.4843,-0.0161,0.0011,-0.0452
0.0000,0.0000,0.0000,0.0000,0.0000,0.0000,1.3886,3.9576,7.1946,-0.0136,0.0135,-0.0807
0.0000,0.0000,0.0000,0.0000,0.0000,0.0000,1.3168,4.1180,6.7708,-0.0466,0.0787,-0.0835
0.0000,0.0000,0.0000,0.0000,0.0000,0.0000,1.2665,4.0630,7.1395,-0.0890,0.0516,0.0059
0.0000,0.0000,0.0000,0.0000,0.0000,0.0000,1.0223,3.8882,7.4627,-0.0609,0.0484,0.0079
0.0000,0.0000,0.0000,0.0000,0.0000,0.0000,1.5514,3.9337,7.2903,-0.0552,-0.0412,0.0457
0.0000,0.0000,0.0000,0.0000,0.0000,0.0000,1.5634,3.7852,7.5082,-0.0799,-0.0432,-0.0191
0.0000,0.0000,0.0000,0.0000,0.0000,0.0000,1.4293,3.9073,7.2544,-0.0103,0.0246,-0.0272
0.0000,0.0000,0.0000,0.0000,0.0000,0.0000,1.2785,3.9696,7.0102,-0.0340,-0.0557,-0.0029
0.0000,0.0000,0.0000,0.0000,0.0000,0.0000,1.2498,3.6320,7.5202,-0.0549,0.0000,0.0120
0.0000,0.0000,0.0000,0.0000,0.0000,0.0000,1.6759,3.9648,7.3574,0.0053,-0.0321,-0.0103
0.0000,0.0000,0.0000,0.0000,0.0000,0.0000,1.7310,4.1061,6.8067,0.0278,-0.0040,0.0132
0.0000,0.0000,0.0000,0.0000,0.0000,0.0000,1.9154,4.0318,6.7900,-0.0301,0.0517,-0.0237
0.0000,0.0000,0.0000,0.0000,0.0000,0.0000,1.7597,4.0103,6.8307,-0.0915,0.1061,-0.0634
0.0000,0.0000,0.0000,0.0000,0.0000,0.0000,1.5467,3.9097,7.0605,-0.1142,0.1438,-0.1167
0.0000,0.0000,0.0000,0.0000,0.0000,0.0000,1.2234,3.7709,7.3694,-0.0241,0.1126,-0.0365
0.0000,0.0000,0.0000,0.0000,0.0000,0.0000,1.2115,3.9959,7.0892,-0.0598,0.2286,-0.0795
0.0000,0.0000,0.0000,0.0000,0.0000,0.0000,0.8404,3.7613,7.2856,-0.1529,0.1268,-0.1238
0.0000,0.0000,0.0000,0.0000,0.0000,0.0000,0.8452,3.5865,7.8961,-0.1082,-0.0029,-0.1182
0.0000,0.0000,0.0000,0.0000,0.0000,0.0000,0.2274,4.1683,7.4627,-0.0381,0.1492,-0.0602
0.0000,0.0000,0.0000,0.0000,0.0000,0.0000,1.0175,4.3981,6.7900,0.0033,0.0406,0.0970
0.0000,0.0000,0.0000,0.0000,0.0000,0.0000,1.0104,3.9672,6.9073,-0.1588,-0.0048,0.1009
0.0000,0.0000,0.0000,0.0000,0.0000,0.0000,1.4629,3.8595,6.9576,-0.1751,0.1332,0.0043
0.0000,0.0000,0.0000,0.0000,0.0000,0.0000,1.2306,3.3686,8.1187,-0.1307,0.0533,0.0401
0.0000,0.0000,0.0000,0.0000,0.0000,0.0000,0.3328,3.5554,7.9990,-0.0994,0.1067,0.0101
0.0000,0.0000,0.0000,0.0000,0.0000,0.0000,0.9266,3.5434,7.5657,-0.0458,0.0224,0.0545
0.0000,0.0000,0.0000,0.0000,0.0000,0.0000,0.1915,3.6583,7.3119,-0.0922,0.0919,0.0305
0.0000,0.0000,0.0000,0.0000,0.0000,0.0000,1.1612,3.8738,7.2496,-0.0473,0.0173,-0.0124
0.0000,0.0000,0.0000,0.0000,0.0000,0.0000,1.3264,3.7709,7.5800,-0.0369,-0.1019,-0.0215
0.0000,0.0000,0.0000,0.0000,0.0000,0.0000,0.7111,3.7733,7.3047,-0.0356,-0.0699,0.0053
0.0000,0.0000,0.0000,0.0000,0.0000,0.0000,0.7135,3.5291,7.0749,-0.1107,-0.0512,0.0092
0.0000,0.0000,0.0000,0.0000,0.0000,0.0000,1.1468,3.1891,7.6423,-0.0943,-0.0244,0.0420
0.0000,0.0000,0.0000,0.0000,0.0000,0.0000,0.9960,3.5291,7.4723,-0.0083,-0.0430,0.0290
0.0000,0.0000,0.0000,0.0000,0.0000,0.0000,1.0702,4.0055,7.3813,-0.1051,0.0414,0.0767
0.0000,0.0000,0.0000,0.0000,0.0000,0.0000,1.2258,4.0318,7.2042,-0.0229,0.0027,0.0370
0.0000,0.0000,0.0000,0.0000,0.0000,0.0000,1.1564,3.8403,7.2161,-0.0330,-0.0817,0.0308
0.0000,0.0000,0.0000,0.0000,0.0000,0.0000,1.1492,3.8690,7.1180,-0.1168,0.0177,-0.0068
0.0000,0.0000,0.0000,0.0000,0.0000,0.0000,1.2833,3.5674,7.4196,-0.0572,-0.0187,-0.0068
0.0000,0.0000,0.0000,0.0000,0.0000,0.0000,0.9744,3.4333,7.5130,-0.1079,-0.0735,-0.0236
0.0000,0.0000,0.0000,0.0000,0.0000,0.0000,0.9098,3.6895,7.2712,-0.1096,0.0468,-0.0642
0.0000,0.0000,0.0000,0.0000,0.0000,0.0000,0.7326,3.6464,7.5130,-0.0893,-0.0518,-0.0317
0.0000,0.0000,0.0000,0.0000,0.0000,0.0000,-0.4310,3.6464,7.4101,-0.2004,-0.1935,0.0817
0.0000,0.0000,0.0000,0.0000,0.0000,0.0000,1.2354,3.1699,7.7381,-0.1575,-0.1033,0.2321
0.0000,0.0000,0.0000,0.0000,0.0000,0.0000,1.5131,2.8252,8.2791,-0.1043,-0.0440,0.1855
0.0000,0.0000,0.0000,0.0000,0.0000,0.0000,1.4054,3.1580,7.8410,0.0024,-0.0132,0.1404
0.0000,0.0000,0.0000,0.0000,0.0000,0.0000,1.9992,3.3495,7.2808,0.0524,-0.1755,0.0997
0.0000,0.0000,0.0000,0.0000,0.0000,0.0000,1.2546,3.3184,7.3310,-0.0215,-0.0953,0.0757
0.0000,0.0000,0.0000,0.0000,0.0000,0.0000,1.9872,3.3974,7.1611,-0.0217,-0.0697,0.0402
0.0000,0.0000,0.0000,0.0000,0.0000,0.0000,1.7549,3.3662,7.3239,-0.0278,-0.0950,0.0242
0.0000,0.0000,0.0000,0.0000,0.0000,0.0000,1.5131,3.3998,7.4316,-0.0620,-0.0121,-0.0085
0.0000,0.0000,0.0000,0.0000,0.0000,0.0000,1.8076,3.2465,7.5010,-0.0044,0.0127,0.0141
0.0000,0.0000,0.0000,0.0000,0.0000,0.0000,2.0063,3.4979,7.2520,0.0116,-0.0528,0.0556
0.0000,0.0000,0.0000,0.0000,0.0000,0.0000,1.3479,3.5841,7.3167,-0.0478,0.0781,-0.0504
0.0000,0.0000,0.0000,0.0000,0.0000,0.0000,1.6855,3.6033,7.2544,-0.0334,0.0662,-0.0624
0.0000,0.0000,0.0000,0.0000,0.0000,0.0000,1.3838,3.4860,7.4627,-0.0646,-0.0008,-0.0305
0.0000,0.0000,0.0000,0.0000,0.0000,0.0000,1.3144,3.3926,7.4388,-0.0321,0.0317,-0.0099
0.0000,0.0000,0.0000,0.0000,0.0000,0.0000,1.0894,3.5051,7.2520,-0.0841,0.1070,-0.0557
0.0000,0.0000,0.0000,0.0000,0.0000,0.0000,1.7166,3.2920,7.6806,-0.0003,0.0805,-0.0008
0.0000,0.0000,0.0000,0.0000,0.0000,0.0000,1.2091,3.2394,7.6447,-0.0645,0.0424,-0.0741
0.0000,0.0000,0.0000,0.0000,0.0000,0.0000,1.1540,3.3591,7.5968,0.0594,0.0809,-0.0412
0.0000,0.0000,0.0000,0.0000,0.0000,0.0000,0.9912,3.5913,7.1850,-0.0004,0.0906,-0.0265
0.0000,0.0000,0.0000,0.0000,0.0000,0.0000,1.2282,3.6057,7.1778,-0.0905,0.0410,-0.0222
0.0000,0.0000,0.0000,0.0000,0.0000,0.0000,1.2977,3.4285,7.4771,-0.0771,0.0600,-0.0176
0.0000,0.0000,0.0000,0.0000,0.0000,0.0000,1.1181,3.3471,7.7309,-0.0228,0.0345,-0.0400
0.0000,0.0000,0.0000,0.0000,0.0000,0.0000,0.9409,3.4716,7.4579,-0.0405,0.0257,-0.0095
0.0000,0.0000,0.0000,0.0000,0.0000,0.0000,1.1013,3.5650,7.4148,-0.0482,0.0362,0.0008
0.0000,0.0000,0.0000,0.0000,0.0000,0.0000,1.0199,3.4357,7.7333,-0.0076,0.0630,-0.0200
0.0000,0.0000,0.0000,0.0000,0.0000,0.0000,0.4573,3.6033,7.2401,0.0296,-0.0404,0.1278
0.0000,0.0000,0.0000,0.0000,0.0000,0.0000,0.2969,3.3782,7.4699,0.0842,0.0249,0.2689
0.0000,0.0000,0.0000,0.0000,0.0000,0.0000,0.9337,3.5674,7.5489,0.1140,-0.2419,0.4526
0.0000,0.0000,0.0000,0.0000,0.0000,0.0000,1.4676,3.8140,7.4651,0.1058,0.0350,0.3431
0.0000,0.0000,0.0000,0.0000,0.0000,0.0000,1.8100,3.6392,7.3526,0.2637,-0.3484,0.2876
0.0000,0.0000,0.0000,0.0000,0.0000,0.0000,1.5275,3.8954,6.8642,0.1873,-0.0228,0.1675
0.0000,0.0000,0.0000,0.0000,0.0000,0.0000,1.8771,3.8523,6.7014,0.0268,0.0302,0.0510
0.0000,0.0000,0.0000,0.0000,0.0000,0.0000,1.4150,4.0797,6.7900,0.0525,-0.0504,0.1588
0.0000,0.0000,0.0000,0.0000,0.0000,0.0000,1.9345,3.7948,7.1611,-0.0426,-0.1122,0.0225
0.0000,0.0000,0.0000,0.0000,0.0000,0.0000,1.8723,3.7613,7.2161,-0.0681,0.0394,-0.0290
0.0000,0.0000,0.0000,0.0000,0.0000,0.0000,1.2115,3.8882,7.4627,-0.1162,0.0977,-0.0376
0.0000,0.0000,0.0000,0.0000,0.0000,0.0000,1.7909,3.9935,7.2089,-0.0123,-0.1031,-0.0654
0.0000,0.0000,0.0000,0.0000,0.0000,0.0000,1.2378,4.0007,7.4340,-0.0222,-0.0766,-0.0112
0.0000,0.0000,0.0000,0.0000,0.0000,0.0000,1.9609,4.2545,6.5697,-0.0971,-0.0397,-0.0378
0.0000,0.0000,0.0000,0.0000,0.0000,0.0000,1.7669,3.8978,7.2305,-0.0270,-0.0795,-0.0121
0.0000,0.0000,0.0000,0.0000,0.0000,0.0000,1.5754,3.9744,7.1132,-0.1322,-0.0697,-0.0486
0.0000,0.0000,0.0000,0.0000,0.0000,0.0000,1.7573,3.6009,7.6136,-0.1023,-0.1655,0.0183
0.0000,0.0000,0.0000,0.0000,0.0000,0.0000,2.2601,3.3998,7.6327,-0.0734,-0.1522,0.0135
0.0000,0.0000,0.0000,0.0000,0.0000,0.0000,2.0135,3.8786,6.9863,0.0079,-0.0618,-0.0810
0.0000,0.0000,0.0000,0.0000,0.0000,0.0000,1.7286,4.0582,6.8690,-0.0532,-0.0293,-0.0742
0.0000,0.0000,0.0000,0.0000,0.0000,0.0000,0.9146,4.1348,6.4955,-0.1523,0.1472,-0.0714
0.0000,0.0000,0.0000,0.0000,0.0000,0.0000,1.6951,3.7661,7.3957,-0.1447,0.0573,-0.0332
0.0000,0.0000,0.0000,0.0000,0.0000,0.0000,2.0159,3.7421,7.7165,-0.0116,-0.0112,-0.1533
0.0000,0.0000,0.0000,0.0000,0.0000,0.0000,1.8268,3.6775,7.4771,-0.0129,-0.1351,-0.0356
0.0000,0.0000,0.0000,0.0000,0.0000,0.0000,1.9896,3.8331,7.0054,0.0316,-0.0677,-0.0212
0.0000,0.0000,0.0000,0.0000,0.0000,0.0000,1.5610,3.8092,7.0629,-0.0702,-0.0913,-0.0341
0.0000,0.0000,0.0000,0.0000,0.0000,0.0000,1.6257,3.7493,7.1251,-0.1251,0.0765,-0.0374
0.0000,0.0000,0.0000,0.0000,0.0000,0.0000,2.0063,3.7972,6.8546,-0.0925,0.0674,-0.1049
0.0000,0.0000,0.0000,0.0000,0.0000,0.0000,1.3216,3.5482,7.5298,-0.2004,0.0883,-0.0624
0.0000,0.0000,0.0000,0.0000,0.0000,0.0000,1.7478,3.6176,7.9200,-0.0911,0.0931,-0.0091
0.0000,0.0000,0.0000,0.0000,0.0000,0.0000,1.4629,3.7709,7.4747,0.0861,0.0199,0.0570
0.0000,0.0000,0.0000,0.0000,0.0000,0.0000,1.7047,3.9025,7.1180,0.0385,0.0404,0.0272
0.0000,0.0000,0.0000,0.0000,0.0000,0.0000,2.7533,3.8714,6.1914,-0.1171,-0.0731,-0.3178
0.0000,0.0000,0.0000,0.0000,0.0000,0.0000,2.2051,3.3998,7.0773,-0.1576,0.1800,-0.0673
0.0000,0.0000,0.0000,0.0000,0.0000,0.0000,1.3168,3.2729,7.9200,-0.1287,0.2270,-0.1320
0.0000,0.0000,0.0000,0.0000,0.0000,0.0000,0.8739,3.7493,7.6088,-0.0321,0.3315,-0.1062
0.0000,0.0000,0.0000,0.0000,0.0000,0.0000,0.6249,4.1061,7.2257,0.0059,0.1274,-0.0482
0.0000,0.0000,0.0000,0.0000,0.0000,0.0000,0.6584,4.0893,7.0174,-0.0961,-0.0666,0.0404
0.0000,0.0000,0.0000,0.0000,0.0000,0.0000,0.6177,3.7613,7.4196,-0.2407,-0.1752,-0.0029
0.0000,0.0000,0.0000,0.0000,0.0000,0.0000,1.4605,3.3806,7.5729,-0.1424,-0.0133,-0.0013
0.0000,0.0000,0.0000,0.0000,0.0000,0.0000,1.3431,3.2848,7.8147,-0.0281,-0.0866,-0.0907
0.0000,0.0000,0.0000,0.0000,0.0000,0.0000,1.0965,3.8355,7.2161,-0.0825,-0.1863,-0.1291
0.0000,0.0000,0.0000,0.0000,0.0000,0.0000,0.8284,3.6272,7.5250,-0.1442,-0.2064,-0.0092
0.0000,0.0000,0.0000,0.0000,0.0000,0.0000,1.0822,3.6775,7.1658,-0.0238,-0.0565,0.0974
0.0000,0.0000,0.0000,0.0000,0.0000,0.0000,1.5658,3.4836,7.8841,0.1246,0.1533,0.3844
0.0000,0.0000,0.0000,0.0000,0.0000,0.0000,1.3336,3.4884,7.1730,0.0699,0.2590,0.4275
0.0000,0.0000,0.0000,0.0000,0.0000,0.0000,1.6927,3.5123,7.1204,-0.0119,0.0504,0.2526
0.0000,0.0000,0.0000,0.0000,0.0000,0.0000,1.6352,3.1771,7.8362,0.0261,-0.0346,0.1957
0.0000,0.0000,0.0000,0.0000,0.0000,0.0000,1.7382,3.4237,7.3167,0.0353,0.1427,0.1087
0.0000,0.0000,0.0000,0.0000,0.0000,0.0000,1.7597,3.5769,7.2401,0.0457,-0.0076,0.1011
0.0000,0.0000,0.0000,0.0000,0.0000,0.0000,1.6855,3.8666,7.4986,0.0084,-0.0262,0.0392
0.0000,0.0000,0.0000,0.0000,0.0000,0.0000,0.9481,4.0701,7.3765,0.0340,0.0464,-0.0252
0.0000,0.0000,0.0000,0.0000,0.0000,0.0000,2.0638,3.8188,6.0621,-0.0600,0.0861,0.1198
0.0000,0.0000,0.0000,0.0000,0.0000,0.0000,1.5012,3.1436,7.4340,-0.2048,-0.0080,-0.0702
0.0000,0.0000,0.0000,0.0000,0.0000,0.0000,0.8906,3.4093,7.8171,-0.0765,0.2312,-0.0925
0.0000,0.0000,0.0000,0.0000,0.0000,0.0000,0.7781,3.3662,8.3869,-0.0512,0.2535,-0.2118
0.0000,0.0000,0.0000,0.0000,0.0000,0.0000,-0.6201,3.6200,8.6167,0.1175,-0.2822,0.0440
0.0000,0.0000,0.0000,0.0000,0.0000,0.0000,1.1564,3.7541,7.3239,0.2650,-0.5464,0.1475
0.0000,0.0000,0.0000,0.0000,0.0000,0.0000,2.2003,4.1132,6.3686,0.2018,-0.4118,0.2080
0.0000,0.0000,0.0000,0.0000,0.0000,0.0000,1.9537,4.0223,6.0717,-0.0185,-0.2907,0.2026
0.0000,0.0000,0.0000,0.0000,0.0000,0.0000,2.8299,3.9959,6.6918,-0.0444,-0.1540,0.1246
0.0000,0.0000,0.0000,0.0000,0.0000,0.0000,2.4181,3.9433,6.8809,-0.0819,-0.0789,-0.0931
0.0000,0.0000,0.0000,0.0000,0.0000,0.0000,2.0638,3.9217,6.6152,-0.0312,-0.0462,-0.0041
0.0000,0.0000,0.0000,0.0000,0.0000,0.0000,2.3511,4.0941,6.9336,-0.1047,-0.0080,-0.0839
0.0000,0.0000,0.0000,0.0000,0.0000,0.0000,2.0830,4.0797,6.9839,-0.0653,-0.0917,0.0396
0.0000,0.0000,0.0000,0.0000,0.0000,0.0000,2.3200,4.1084,6.7325,-0.0342,-0.1079,0.0654
0.0000,0.0000,0.0000,0.0000,0.0000,0.0000,2.8443,4.0630,6.3351,-0.1034,0.0621,0.1406
0.0000,0.0000,0.0000,0.0000,0.0000,0.0000,2.5857,3.2944,7.1012,-0.1291,0.2285,0.0184
0.0000,0.0000,0.0000,0.0000,0.0000,0.0000,2.4469,3.1388,8.1547,-0.0509,0.2848,-0.0392
0.0000,0.0000,0.0000,0.0000,0.0000,0.0000,2.2577,3.5578,7.2281,0.1553,0.1396,-0.0398
0.0000,0.0000,0.0000,0.0000,0.0000,0.0000,1.6616,3.9409,7.2329,0.0638,0.0694,-0.1017
0.0000,0.0000,0.0000,0.0000,0.0000,0.0000,2.2434,4.0342,6.9887,0.1756,0.0188,-0.1380
0.0000,0.0000,0.0000,0.0000,0.0000,0.0000,2.0830,4.4508,6.0741,0.0893,0.1418,-0.2811
0.0000,0.0000,0.0000,0.0000,0.0000,0.0000,1.6305,4.6208,5.7030,-0.0610,0.1415,-0.3336
0.0000,0.0000,0.0000,0.0000,0.0000,0.0000,0.8691,4.6807,6.5888,-0.2477,0.3118,-0.2240
0.0000,0.0000,0.0000,0.0000,0.0000,0.0000,0.1820,4.3886,7.1874,-0.2817,0.2249,-0.1895
0.0000,0.0000,0.0000,0.0000,0.0000,0.0000,1.3216,4.2689,6.4021,-0.4964,-0.3936,-0.2193
0.0000,0.0000,0.0000,0.0000,0.0000,0.0000,1.4509,3.0885,8.1930,-0.5037,-0.8728,-0.3395
0.0000,0.0000,0.0000,0.0000,0.0000,0.0000,1.5299,3.9672,6.8211,-0.3143,0.1841,-0.0957
0.0000,0.0000,0.0000,0.0000,0.0000,0.0000,1.7885,3.3543,7.0581,-0.3312,-0.3020,0.0232
0.0000,0.0000,0.0000,0.0000,0.0000,0.0000,1.5538,3.1173,7.8314,-0.2152,0.3756,0.1069
0.0000,0.0000,0.0000,0.0000,0.0000,0.0000,2.2673,2.3990,8.9615,0.0176,-0.0172,0.1990
0.0000,0.0000,0.0000,0.0000,0.0000,0.0000,2.0830,2.1811,8.6072,0.1581,-0.0782,0.0747
0.0000,0.0000,0.0000,0.0000,0.0000,0.0000,1.4700,2.6600,8.5832,0.3440,-0.1925,0.0763
0.0000,0.0000,0.0000,0.0000,0.0000,0.0000,2.5402,3.0813,7.6303,0.5407,0.0452,0.1156
0.0000,0.0000,0.0000,0.0000,0.0000,0.0000,2.5235,3.9720,6.4931,0.3837,0.1471,-0.0665
0.0000,0.0000,0.0000,0.0000,0.0000,0.0000,1.4437,4.1539,6.7924,0.4982,0.2922,-0.0229
0.0000,0.0000,0.0000,0.0000,0.0000,0.0000,1.2809,5.1571,5.8993,0.2498,0.3116,-0.0123
0.0000,0.0000,0.0000,0.0000,0.0000,0.0000,1.7358,5.1643,5.8682,0.2064,0.1439,0.1058
0.0000,0.0000,0.0000,0.0000,0.0000,0.0000,1.0487,5.1284,5.8778,-0.0143,0.2558,0.1070
0.0000,0.0000,0.0000,0.0000,0.0000,0.0000,1.8603,5.0278,6.0693,-0.0698,0.1386,0.0584
0.0000,0.0000,0.0000,0.0000,0.0000,0.0000,1.3479,4.5993,6.8522,-0.2846,0.1223,0.0369
0.0000,0.0000,0.0000,0.0000,0.0000,0.0000,1.6400,4.5011,6.6272,-0.1629,0.1632,0.0264
0.0000,0.0000,0.0000,0.0000,0.0000,0.0000,1.6017,4.1228,7.0653,-0.1576,0.0565,-0.0552
0.0000,0.0000,0.0000,0.0000,0.0000,0.0000,1.0199,4.0247,7.2425,-0.0870,0.0869,0.0071
0.0000,0.0000,0.0000,0.0000,0.0000,0.0000,1.4150,4.1779,6.9815,-0.0973,0.1569,-0.0362
0.0000,0.0000,0.0000,0.0000,0.0000,0.0000,0.8380,3.9073,7.5800,-0.0278,-0.0036,-0.0108
0.0000,0.0000,0.0000,0.0000,0.0000,0.0000,0.4788,3.8882,7.5609,-0.0088,0.1446,-0.0585
0.0000,0.0000,0.0000,0.0000,0.0000,0.0000,0.5842,4.5107,6.7732,0.0608,0.0841,0.0669
0.0000,0.0000,0.0000,0.0000,0.0000,0.0000,0.5100,4.5298,6.9168,-0.0997,-0.0999,0.0400
0.0000,0.0000,0.0000,0.0000,0.0000,0.0000,1.3024,4.3790,6.9791,0.0233,-0.1847,0.1354
0.0000,0.0000,0.0000,0.0000,0.0000,0.0000,1.3479,4.3790,6.8977,0.0120,-0.2033,0.1438
0.0000,0.0000,0.0000,0.0000,0.0000,0.0000,2.0255,4.6376,6.5338,-0.0421,-0.1740,-0.0258
0.0000,0.0000,0.0000,0.0000,0.0000,0.0000,1.3647,4.2449,7.1299,-0.0573,-0.1019,0.0838
0.0000,0.0000,0.0000,0.0000,0.0000,0.0000,1.5706,4.3215,6.8905,0.0442,0.0321,0.1006
0.0000,0.0000,0.0000,0.0000,0.0000,0.0000,1.7693,4.3215,6.5338,-0.0081,0.1267,0.0670
0.0000,0.0000,0.0000,0.0000,0.0000,0.0000,1.9321,4.2497,7.1371,-0.0529,-0.1434,-0.0277
0.0000,0.0000,0.0000,0.0000,0.0000,0.0000,1.1468,4.3646,7.1299,0.0226,0.0382,0.0999
0.0000,0.0000,0.0000,0.0000,0.0000,0.0000,1.8196,4.6256,6.6128,-0.0482,-0.0116,0.0330
0.0000,0.0000,0.0000,0.0000,0.0000,0.0000,1.4820,4.5562,7.1563,-0.1404,-0.0204,-0.0945
0.0000,0.0000,0.0000,0.0000,0.0000,0.0000,1.3719,4.4700,7.0509,0.0278,0.0362,0.0946
0.0000,0.0000,0.0000,0.0000,0.0000,0.0000,1.8627,4.4580,6.6846,-0.0237,-0.0958,0.0981
0.0000,0.0000,0.0000,0.0000,0.0000,0.0000,2.0375,4.2760,6.6894,-0.1111,-0.0350,-0.0456
0.0000,0.0000,0.0000,0.0000,0.0000,0.0000,1.6688,4.0845,7.1802,-0.0489,0.0033,0.0097
0.0000,0.0000,0.0000,0.0000,0.0000,0.0000,1.9992,4.5753,6.6535,0.0204,-0.0922,-0.0171
0.0000,0.0000,0.0000,0.0000,0.0000,0.0000,2.0542,4.5298,6.5242,-0.0538,0.0333,-0.0469
0.0000,0.0000,0.0000,0.0000,0.0000,0.0000,1.5874,4.1994,7.1778,0.0139,-0.0348,-0.0081
0.0000,0.0000,0.0000,0.0000,0.0000,0.0000,1.4581,4.1132,7.3574,0.0983,0.1443,0.0056
0.0000,0.0000,0.0000,0.0000,0.0000,0.0000,2.0494,4.4724,6.7876,0.0195,0.1462,0.0538
0.0000,0.0000,0.0000,0.0000,0.0000,0.0000,1.4700,4.5610,6.9983,-0.0440,0.0509,-0.0658
0.0000,0.0000,0.0000,0.0000,0.0000,0.0000,1.6688,4.6017,6.8402,-0.0204,0.0129,-0.0313
0.0000,0.0000,0.0000,0.0000,0.0000,0.0000,1.2426,4.2329,7.0366,-0.0625,0.0701,-0.0274
0.0000,0.0000,0.0000,0.0000,0.0000,0.0000,1.8986,4.5538,6.7229,-0.0478,0.0741,-0.0498
0.0000,0.0000,0.0000,0.0000,0.0000,0.0000,1.7382,4.5418,6.9839,-0.0262,-0.0234,-0.0016
0.0000,0.0000,0.0000,0.0000,0.0000,0.0000,1.3575,4.4987,6.8402,-0.0586,0.0482,-0.0274
0.0000,0.0000,0.0000,0.0000,0.0000,0.0000,1.7023,4.5705,6.7612,0.0051,-0.0341,0.0225
0.0000,0.0000,0.0000,0.0000,0.0000,0.0000,1.4102,4.5203,7.0653,-0.0990,-0.0115,-0.0580
0.0000,0.0000,0.0000,0.0000,0.0000,0.0000,0.7685,4.6232,6.3039,-0.1035,0.1174,0.0432
0.0000,0.0000,0.0000,0.0000,0.0000,0.0000,1.2258,4.5226,6.7301,-0.1719,0.0958,0.2699
0.0000,0.0000,0.0000,0.0000,0.0000,0.0000,2.0446,4.2377,7.1922,-0.1740,-0.0169,0.1302
0.0000,0.0000,0.0000,0.0000,0.0000,0.0000,1.6257,4.1061,7.1994,-0.0362,0.0195,-0.0446
0.0000,0.0000,0.0000,0.0000,0.0000,0.0000,1.1851,4.4580,6.8570,-0.0601,-0.0123,0.0105
0.0000,0.0000,0.0000,0.0000,0.0000,0.0000,1.8531,4.4484,7.0342,-0.0256,-0.0103,0.0103
0.0000,0.0000,0.0000,0.0000,0.0000,0.0000,1.8603,4.3335,6.9552,-0.0494,-0.0293,0.0448
0.0000,0.0000,0.0000,0.0000,0.0000,0.0000,1.8890,4.2713,6.8259,-0.1098,-0.0132,-0.0318
0.0000,0.0000,0.0000,0.0000,0.0000,0.0000,1.5897,4.2186,7.2903,-0.0648,0.0401,0.0294
0.0000,0.0000,0.0000,0.0000,0.0000,0.0000,1.6161,4.3814,7.2425,-0.0811,-0.0211,0.0512
0.0000,0.0000,0.0000,0.0000,0.0000,0.0000,1.7741,4.2856,7.0198,-0.0290,0.0449,0.0020
0.0000,0.0000,0.0000,0.0000,0.0000,0.0000,1.5945,4.1946,6.9121,-0.0016,-0.0803,0.0093
0.0000,0.0000,0.0000,0.0000,0.0000,0.0000,1.7047,4.3910,7.0509,-0.0554,0.0180,-0.0085
0.0000,0.0000,0.0000,0.0000,0.0000,0.0000,1.4940,4.5705,6.9049,-0.0498,0.0404,0.0121
0.0000,0.0000,0.0000,0.0000,0.0000,0.0000,1.6376,4.4269,6.8714,-0.0693,-0.0084,0.0234
0.0000,0.0000,0.0000,0.0000,0.0000,0.0000,1.7142,4.2018,6.9049,-0.0778,0.0589,0.0080
0.0000,0.0000,0.0000,0.0000,0.0000,0.0000,1.8962,4.0725,7.1347,-0.1055,0.0959,-0.0286
0.0000,0.0000,0.0000,0.0000,0.0000,0.0000,1.4413,4.0725,7.3526,-0.0602,0.0440,-0.0398
0.0000,0.0000,0.0000,0.0000,0.0000,0.0000,1.6759,4.3335,7.0294,-0.0171,0.0016,-0.0196
0.0000,0.0000,0.0000,0.0000,0.0000,0.0000,1.5897,4.3239,6.9240,-0.0506,-0.0063,-0.0115
0.0000,0.0000,0.0000,0.0000,0.0000,0.0000,1.4796,4.2306,7.0533,-0.0825,0.0630,-0.0364
0.0000,0.0000,0.0000,0.0000,0.0000,0.0000,1.5490,4.0893,7.1682,-0.0821,0.0284,-0.0478
0.0000,0.0000,0.0000,0.0000,0.0000,0.0000,1.1851,4.1108,7.4771,-0.0301,-0.0139,-0.0397
0.0000,0.0000,0.0000,0.0000,0.0000,0.0000,1.5586,4.3024,6.9647,0.0237,-0.0400,0.0270
0.0000,0.0000,0.0000,0.0000,0.0000,0.0000,1.7023,4.3598,6.7612,-0.0404,-0.0316,-0.0087
0.0000,0.0000,0.0000,0.0000,0.0000,0.0000,1.4365,4.4652,6.8761,-0.0377,-0.0036,-0.0157
0.0000,0.0000,0.0000,0.0000,0.0000,0.0000,1.2977,4.2593,6.7971,-0.0669,-0.0167,0.0316
0.0000,0.0000,0.0000,0.0000,0.0000,0.0000,1.6951,4.2282,7.1467,-0.0907,-0.0421,0.0080
0.0000,0.0000,0.0000,0.0000,0.0000,0.0000,1.4174,4.1492,7.2449,-0.0408,-0.0436,-0.0043
0.0000,0.0000,0.0000,0.0000,0.0000,0.0000,2.2194,4.4053,7.0940,0.0612,-0.0697,0.0754
0.0000,0.0000,0.0000,0.0000,0.0000,0.0000,1.7430,4.3551,6.8498,-0.0246,-0.0393,0.1127
0.0000,0.0000,0.0000,0.0000,0.0000,0.0000,1.4461,4.2832,6.9504,-0.0021,0.0592,0.1619
0.0000,0.0000,0.0000,0.0000,0.0000,0.0000,1.4844,4.1899,7.0437,-0.0386,0.1116,0.0842
0.0000,0.0000,0.0000,0.0000,0.0000,0.0000,0.8859,4.3191,6.7421,-0.0461,0.0502,0.0644
0.0000,0.0000,0.0000,0.0000,0.0000,0.0000,1.6376,4.4317,7.1826,-0.0512,-0.0594,0.1375
0.0000,0.0000,0.0000,0.0000,0.0000,0.0000,0.0407,4.1899,7.9823,-0.0927,-0.1123,0.2086
0.0000,0.0000,0.0000,0.0000,0.0000,0.0000,-0.1460,4.2377,7.6136,0.0445,-0.1837,0.4062
0.0000,0.0000,0.0000,0.0000,0.0000,0.0000,0.7111,3.8738,7.7548,0.0943,-0.4525,0.5490
0.0000,0.0000,0.0000,0.0000,0.0000,0.0000,2.2960,3.7254,7.5537,0.2707,-0.4518,0.7025
0.0000,0.0000,0.0000,0.0000,0.0000,0.0000,2.6791,3.7541,6.2177,0.2209,-0.2759,0.7983
0.0000,0.0000,0.0000,0.0000,0.0000,0.0000,2.4732,4.0630,6.3063,0.0067,-0.0755,0.8879
0.0000,0.0000,0.0000,0.0000,0.0000,0.0000,3.6129,4.4029,5.9113,0.0629,-0.2892,0.7919
0.0000,0.0000,0.0000,0.0000,0.0000,0.0000,3.2944,4.2760,5.9975,0.1131,-0.2815,0.6502
0.0000,0.0000,0.0000,0.0000,0.0000,0.0000,4.4412,3.9959,6.4428,0.1100,-0.2976,0.4211
0.0000,0.0000,0.0000,0.0000,0.0000,0.0000,5.6336,3.8331,6.0334,0.1035,-0.2479,0.4285
0.0000,0.0000,0.0000,0.0000,0.0000,0.0000,4.9871,3.8068,6.1531,0.0512,-0.0814,0.2320
0.0000,0.0000,0.0000,0.0000,0.0000,0.0000,5.1739,3.9959,6.0741,0.0637,-0.1230,0.0993
0.0000,0.0000,0.0000,0.0000,0.0000,0.0000,4.4772,3.9887,6.2369,0.0525,-0.1817,0.0314
0.0000,0.0000,0.0000,0.0000,0.0000,0.0000,5.1499,4.0797,5.9089,0.0683,-0.1275,-0.0381
0.0000,0.0000,0.0000,0.0000,0.0000,0.0000,4.9440,4.1611,5.8083,0.0699,-0.0370,-0.1315
0.0000,0.0000,0.0000,0.0000,0.0000,0.0000,4.7716,4.6639,5.0733,0.0552,0.0841,-0.1242
0.0000,0.0000,0.0000,0.0000,0.0000,0.0000,4.6424,4.7381,5.3199,-0.0602,0.0246,-0.1250
0.0000,0.0000,0.0000,0.0000,0.0000,0.0000,3.9600,4.6471,5.3391,-0.2041,0.1655,-0.0953
0.0000,0.0000,0.0000,0.0000,0.0000,0.0000,4.3120,4.2593,6.2776,-0.2194,0.0747,-0.0787
0.0000,0.0000,0.0000,0.0000,0.0000,0.0000,3.8020,4.2593,6.3686,-0.1970,0.1892,-0.1075
0.0000,0.0000,0.0000,0.0000,0.0000,0.0000,4.1851,4.1851,6.4548,-0.1444,0.1492,-0.1343
0.0000,0.0000,0.0000,0.0000,0.0000,0.0000,3.7350,4.1300,6.3901,-0.1351,0.1676,-0.1172
0.0000,0.0000,0.0000,0.0000,0.0000,0.0000,3.6703,4.0701,6.4548,-0.0854,0.0418,-0.1334
0.0000,0.0000,0.0000,0.0000,0.0000,0.0000,3.5386,4.1180,6.3949,-0.1508,0.0902,-0.1043
0.0000,0.0000,0.0000,0.0000,0.0000,0.0000,3.6296,4.2114,6.5170,-0.1159,0.1541,-0.1262
0.0000,0.0000,0.0000,0.0000,0.0000,0.0000,3.7397,4.1683,6.6104,-0.0677,0.0404,-0.0767
0.0000,0.0000,0.0000,0.0000,0.0000,0.0000,3.5027,4.2952,6.3039,-0.1226,0.0004,-0.0657
0.0000,0.0000,0.0000,0.0000,0.0000,0.0000,4.0414,4.1515,6.1579,-0.0993,0.0192,-0.0454
0.0000,0.0000,0.0000,0.0000,0.0000,0.0000,3.4069,3.9097,6.6966,-0.2033,0.1058,-0.1387
0.0000,0.0000,0.0000,0.0000,0.0000,0.0000,3.5123,4.0151,7.0054,-0.0798,0.0364,-0.1319
0.0000,0.0000,0.0000,0.0000,0.0000,0.0000,2.8826,4.1539,6.6846,-0.0785,0.0689,-0.0610
0.0000,0.0000,0.0000,0.0000,0.0000,0.0000,3.3998,3.9361,6.6008,-0.0250,0.0051,-0.0277
0.0000,0.0000,0.0000,0.0000,0.0000,0.0000,3.2274,4.1300,6.5577,-0.0749,0.0212,-0.0225
0.0000,0.0000,0.0000,0.0000,0.0000,0.0000,3.5865,4.2401,6.5362,-0.0115,0.0089,-0.0480
0.0000,0.0000,0.0000,0.0000,0.0000,0.0000,3.1867,4.2353,6.3614,-0.0633,0.0144,-0.0128
0.0000,0.0000,0.0000,0.0000,0.0000,0.0000,3.5698,4.2569,6.2704,-0.0941,0.0143,0.0125
0.0000,0.0000,0.0000,0.0000,0.0000,0.0000,3.8714,4.2258,6.1531,-0.1132,0.0472,-0.0245
0.0000,0.0000,0.0000,0.0000,0.0000,0.0000,3.6129,4.0079,6.6655,-0.1535,0.0790,-0.0649
0.0000,0.0000,0.0000,0.0000,0.0000,0.0000,3.3184,3.9433,6.8163,-0.1107,0.0586,-0.0097
0.0000,0.0000,0.0000,0.0000,0.0000,0.0000,3.3806,3.9959,6.7109,-0.0537,0.0272,0.0025
0.0000,0.0000,0.0000,0.0000,0.0000,0.0000,3.4093,4.0079,6.5457,-0.0618,0.0702,-0.0117
0.0000,0.0000,0.0000,0.0000,0.0000,0.0000,3.2777,3.8882,6.9408,-0.0616,0.0305,-0.0124
0.0000,0.0000,0.0000,0.0000,0.0000,0.0000,3.3399,3.9887,6.5841,0.0240,0.0165,-0.0179
0.0000,0.0000,0.0000,0.0000,0.0000,0.0000,2.9808,4.1132,6.4643,-0.0406,0.0204,0.0131
0.0000,0.0000,0.0000,0.0000,0.0000,0.0000,3.7757,4.1156,6.3327,-0.0464,-0.0021,0.0135
0.0000,0.0000,0.0000,0.0000,0.0000,0.0000,3.5314,3.9409,6.7277,-0.0586,0.0506,-0.0592
0.0000,0.0000,0.0000,0.0000,0.0000,0.0000,3.3950,4.0031,6.7588,-0.0721,0.0400,-0.0929
0.0000,0.0000,0.0000,0.0000,0.0000,0.0000,3.3327,4.0127,6.8115,0.0041,-0.0176,-0.0735
0.0000,0.0000,0.0000,0.0000,0.0000,0.0000,3.1125,4.3670,6.3183,0.0089,0.0115,-0.0666
0.0000,0.0000,0.0000,0.0000,0.0000,0.0000,2.9975,4.2665,6.5769,-0.0201,-0.0300,0.0285
0.0000,0.0000,0.0000,0.0000,0.0000,0.0000,3.3064,4.1899,6.3782,-0.0457,0.0041,0.0661
0.0000,0.0000,0.0000,0.0000,0.0000,0.0000,3.6224,4.0725,6.3901,-0.0785,-0.0153,0.0211
0.0000,0.0000,0.0000,0.0000,0.0000,0.0000,3.5650,3.7996,6.6200,-0.0550,0.0049,0.0521
0.0000,0.0000,0.0000,0.0000,0.0000,0.0000,3.6105,3.9720,6.6439,-0.0950,0.0340,-0.0144
0.0000,0.0000,0.0000,0.0000,0.0000,0.0000,3.3088,4.0079,6.7708,-0.0116,0.0424,-0.0216
0.0000,0.0000,0.0000,0.0000,0.0000,0.0000,3.3830,4.0917,6.4236,-0.0165,0.0135,-0.0083
0.0000,0.0000,0.0000,0.0000,0.0000,0.0000,3.3686,4.1851,6.6990,-0.0097,0.0040,-0.0398
0.0000,0.0000,0.0000,0.0000,0.0000,0.0000,3.2537,4.1587,6.1531,-0.0340,0.0393,-0.0446
0.0000,0.0000,0.0000,0.0000,0.0000,0.0000,3.0861,4.1515,6.4811,-0.0926,0.0573,-0.0485
0.0000,0.0000,0.0000,0.0000,0.0000,0.0000,3.3902,3.9792,6.5505,-0.0498,0.0153,-0.0486
0.0000,0.0000,0.0000,0.0000,0.0000,0.0000,3.2226,4.0797,6.7493,-0.0703,0.0163,-0.1179
0.0000,0.0000,0.0000,0.0000,0.0000,0.0000,3.1532,4.1875,6.8067,-0.0208,-0.0620,-0.0659
0.0000,0.0000,0.0000,0.0000,0.0000,0.0000,3.2010,4.3144,6.4117,-0.0079,0.0013,-0.0031
0.0000,0.0000,0.0000,0.0000,0.0000,0.0000,3.2561,4.2689,6.4548,-0.1086,0.0163,-0.0136
0.0000,0.0000,0.0000,0.0000,0.0000,0.0000,3.2537,3.9935,6.8761,-0.0410,0.0020,0.0083
0.0000,0.0000,0.0000,0.0000,0.0000,0.0000,3.2202,4.0606,6.7062,-0.0413,0.0005,-0.0225
0.0000,0.0000,0.0000,0.0000,0.0000,0.0000,3.3567,4.0749,6.6272,-0.0621,-0.0125,-0.0199
0.0000,0.0000,0.0000,0.0000,0.0000,0.0000,3.2513,4.1132,6.7516,-0.0429,-0.0084,-0.0320
0.0000,0.0000,0.0000,0.0000,0.0000,0.0000,3.2394,4.2186,6.5721,-0.0264,0.0160,-0.0139
0.0000,0.0000,0.0000,0.0000,0.0000,0.0000,3.4069,4.1707,6.5050,-0.0610,0.0250,-0.0314
0.0000,0.0000,0.0000,0.0000,0.0000,0.0000,3.3184,4.0893,6.8043,-0.0642,0.0675,-0.0613
0.0000,0.0000,0.0000,0.0000,0.0000,0.0000,3.1436,4.0941,6.7995,-0.0285,0.0514,-0.0576
0.0000,0.0000,0.0000,0.0000,0.0000,0.0000,3.0095,4.2042,6.6726,0.0081,-0.0111,-0.0681
0.0000,0.0000,0.0000,0.0000,0.0000,0.0000,3.0742,4.4173,6.4955,-0.0228,0.0053,0.0056
0.0000,0.0000,0.0000,0.0000,0.0000,0.0000,2.9616,4.3096,6.4955,-0.0807,0.0079,-0.0286
0.0000,0.0000,0.0000,0.0000,0.0000,0.0000,2.8515,4.1324,6.8761,-0.0566,-0.0159,0.0081
0.0000,0.0000,0.0000,0.0000,0.0000,0.0000,3.2825,4.1084,6.7684,-0.0105,-0.0749,0.0160
0.0000,0.0000,0.0000,0.0000,0.0000,0.0000,3.0885,4.2473,6.6128,-0.0498,-0.0120,0.0021
0.0000,0.0000,0.0000,0.0000,0.0000,0.0000,3.2801,4.1875,6.5098,-0.0605,-0.0236,0.0068
0.0000,0.0000,0.0000,0.0000,0.0000,0.0000,3.2250,4.1300,6.6894,-0.0569,-0.0216,-0.0362
0.0000,0.0000,0.0000,0.0000,0.0000,0.0000,3.3208,4.0390,6.7564,-0.0131,-0.0276,-0.0119
0.0000,0.0000,0.0000,0.0000,0.0000,0.0000,3.2920,4.1851,6.6152,-0.0087,-0.0132,-0.0238
0.0000,0.0000,0.0000,0.0000,0.0000,0.0000,3.1053,4.2832,6.6702,-0.0578,0.0120,-0.0641
0.0000,0.0000,0.0000,0.0000,0.0000,0.0000,3.2441,4.2928,6.6032,-0.0542,0.0036,-0.0496
0.0000,0.0000,0.0000,0.0000,0.0000,0.0000,3.0358,4.3814,6.3446,-0.1621,-0.0850,-0.1549
0.0000,0.0000,0.0000,0.0000,0.0000,0.0000,2.9449,4.2952,6.5146,-0.0529,0.0476,0.0530
0.0000,0.0000,0.0000,0.0000,0.0000,0.0000,3.0718,3.9959,6.9384,-0.0891,-0.0181,0.0497
0.0000,0.0000,0.0000,0.0000,0.0000,0.0000,3.4189,4.0558,6.5745,-0.0127,0.0123,0.0333
0.0000,0.0000,0.0000,0.0000,0.0000,0.0000,3.2130,4.0486,6.5673,-0.0358,0.0023,-0.0372
0.0000,0.0000,0.0000,0.0000,0.0000,0.0000,3.3615,4.2306,6.5003,-0.0282,0.0474,-0.0317
0.0000,0.0000,0.0000,0.0000,0.0000,0.0000,3.2537,4.1899,6.6463,-0.0659,0.0131,-0.0578
0.0000,0.0000,0.0000,0.0000,0.0000,0.0000,2.9592,4.2880,6.5242,-0.0838,0.0380,-0.0104
0.0000,0.0000,0.0000,0.0000,0.0000,0.0000,3.0622,4.0725,6.9216,-0.0837,0.0600,-0.0405
0.0000,0.0000,0.0000,0.0000,0.0000,0.0000,3.1627,4.1372,6.6152,-0.0300,-0.0332,-0.0113
0.0000,0.0000,0.0000,0.0000,0.0000,0.0000,3.5626,3.9840,6.8067,-0.0321,0.0244,-0.0148
0.0000,0.0000,0.0000,0.0000,0.0000,0.0000,3.2417,4.1396,6.6391,-0.0526,0.0560,0.0141
0.0000,0.0000,0.0000,0.0000,0.0000,0.0000,2.9784,4.0630,7.0773,-0.0917,0.0657,-0.1087
0.0000,0.0000,0.0000,0.0000,0.0000,0.0000,2.7892,4.1707,6.9049,0.0268,-0.0037,-0.0024
0.0000,0.0000,0.0000,0.0000,0.0000,0.0000,2.9760,4.2401,6.5841,-0.0493,-0.0193,-0.0729
0.0000,0.0000,0.0000,0.0000,0.0000,0.0000,2.9329,4.2353,6.5936,-0.0749,0.0362,-0.0409
0.0000,0.0000,0.0000,0.0000,0.0000,0.0000,3.2322,4.0725,6.7038,-0.0193,0.0237,0.0060
0.0000,0.0000,0.0000,0.0000,0.0000,0.0000,2.9664,4.1899,6.7229,-0.0570,-0.0175,-0.0052
0.0000,0.0000,0.0000,0.0000,0.0000,0.0000,2.9377,4.1635,6.7732,-0.0608,0.0715,-0.0526
0.0000,0.0000,0.0000,0.0000,0.0000,0.0000,2.5067,4.2329,6.8283,-0.0536,0.0446,-0.0284
0.0000,0.0000,0.0000,0.0000,0.0000,0.0000,2.7150,4.3311,6.7756,-0.0494,-0.0237,0.0254
0.0000,0.0000,0.0000,0.0000,0.0000,0.0000,2.7701,4.2162,6.4763,-0.0839,0.0445,0.0079
0.0000,0.0000,0.0000,0.0000,0.0000,0.0000,3.0837,4.1922,6.6702,-0.0810,0.0534,0.0927
0.0000,0.0000,0.0000,0.0000,0.0000,0.0000,2.9090,4.0797,6.9336,-0.1026,0.1083,0.3088
0.0000,0.0000,0.0000,0.0000,0.0000,0.0000,2.4493,3.6152,7.4675,-0.1909,0.0456,0.3388
0.0000,0.0000,0.0000,0.0000,0.0000,0.0000,2.2553,2.8084,8.6646,-0.0833,0.0344,0.5052
0.0000,0.0000,0.0000,0.0000,0.0000,0.0000,2.5714,2.7773,8.5234,0.3433,-0.0113,0.6847
0.0000,0.0000,0.0000,0.0000,0.0000,0.0000,2.8778,3.0598,7.7716,0.6350,-0.4235,0.4823
0.0000,0.0000,0.0000,0.0000,0.0000,0.0000,3.5051,3.8427,6.3925,0.5736,-0.2587,0.2269
0.0000,0.0000,0.0000,0.0000,0.0000,0.0000,3.9816,4.3479,6.1986,0.4691,-0.4434,0.2569
0.0000,0.0000,0.0000,0.0000,0.0000,0.0000,4.0845,4.9488,5.2696,0.5332,-0.3160,0.3313
0.0000,0.0000,0.0000,0.0000,0.0000,0.0000,4.5298,4.6424,5.4851,0.4317,-0.2218,0.2641
0.0000,0.0000,0.0000,0.0000,0.0000,0.0000,4.4484,5.0637,4.8530,0.4712,-0.2234,0.1256
0.0000,0.0000,0.0000,0.0000,0.0000,0.0000,4.6495,4.8842,5.0805,0.2797,-0.1338,0.1597
0.0000,0.0000,0.0000,0.0000,0.0000,0.0000,4.4963,4.8842,5.5593,0.1364,-0.1227,0.0296
0.0000,0.0000,0.0000,0.0000,0.0000,0.0000,4.9105,5.2218,5.1930,0.2105,-0.1344,0.0205
0.0000,0.0000,0.0000,0.0000,0.0000,0.0000,5.3199,5.1116,5.4205,0.0245,-0.1026,-0.0313
0.0000,0.0000,0.0000,0.0000,0.0000,0.0000,4.3670,5.1930,4.8267,0.0765,-0.1920,0.0096
0.0000,0.0000,0.0000,0.0000,0.0000,0.0000,4.8746,5.1954,5.1236,-0.0132,-0.1426,-0.1136
0.0000,0.0000,0.0000,0.0000,0.0000,0.0000,4.9632,5.2960,5.2433,0.0341,-0.1962,-0.0906
0.0000,0.0000,0.0000,0.0000,0.0000,0.0000,5.0661,5.3965,4.8363,-0.0432,-0.0553,-0.1767
0.0000,0.0000,0.0000,0.0000,0.0000,0.0000,4.9752,5.5474,4.7884,-0.0597,-0.0159,-0.0739
0.0000,0.0000,0.0000,0.0000,0.0000,0.0000,4.8411,5.5593,4.7429,-0.0814,-0.0293,-0.1184
0.0000,0.0000,0.0000,0.0000,0.0000,0.0000,4.9153,5.4779,4.6687,-0.1643,0.1058,-0.0528
0.0000,0.0000,0.0000,0.0000,0.0000,0.0000,4.4987,5.1451,5.0470,-0.2677,0.1444,-0.0735
0.0000,0.0000,0.0000,0.0000,0.0000,0.0000,4.4676,4.9656,5.7796,-0.1860,0.0881,-0.0306
0.0000,0.0000,0.0000,0.0000,0.0000,0.0000,4.3383,5.2409,5.2194,-0.2012,0.1639,-0.0494
0.0000,0.0000,0.0000,0.0000,0.0000,0.0000,4.5514,5.0925,5.4324,-0.2204,0.0945,-0.0625
0.0000,0.0000,0.0000,0.0000,0.0000,0.0000,4.3598,5.2433,5.2888,-0.2148,0.1476,-0.0610
0.0000,0.0000,0.0000,0.0000,0.0000,0.0000,4.5562,5.1667,5.0063,-0.3040,0.2042,-0.0913
0.0000,0.0000,0.0000,0.0000,0.0000,0.0000,4.4843,4.8578,5.6838,-0.4185,0.2132,-0.1548
0.0000,0.0000,0.0000,0.0000,0.0000,0.0000,4.3622,4.8674,5.5067,-0.3529,0.2081,-0.1568
0.0000,0.0000,0.0000,0.0000,0.0000,0.0000,4.3000,4.7453,5.5617,-0.3761,0.2301,-0.1965
0.0000,0.0000,0.0000,0.0000,0.0000,0.0000,4.7357,4.2306,5.8586,-0.6039,0.1688,-0.5055
0.0000,0.0000,0.0000,0.0000,0.0000,0.0000,4.3742,3.5793,7.0988,-0.3728,0.2202,-0.4098
0.0000,0.0000,0.0000,0.0000,0.0000,0.0000,4.8123,4.2952,5.4995,-0.4044,0.4173,-0.5267
0.0000,0.0000,0.0000,0.0000,0.0000,0.0000,3.5578,3.9696,6.7397,-0.4990,0.3892,-0.6170
0.0000,0.0000,0.0000,0.0000,0.0000,0.0000,3.0718,4.3407,6.1220,-0.3653,0.5772,-0.5477
0.0000,0.0000,0.0000,0.0000,0.0000,0.0000,3.1460,4.5274,5.6838,-0.5169,0.3631,-0.8242
0.0000,0.0000,0.0000,0.0000,0.0000,0.0000,1.1947,4.2641,5.6838,-0.8903,0.3906,-0.8755
0.0000,0.0000,0.0000,0.0000,0.0000,0.0000,1.7238,3.8379,6.3782,-0.6482,0.8604,-0.3917
0.0000,0.0000,0.0000,0.0000,0.0000,0.0000,0.6895,3.2633,7.4436,-0.9363,0.8837,-0.4952
0.0000,0.0000,0.0000,0.0000,0.0000,0.0000,0.2059,2.6480,7.9775,-0.6744,0.6848,-0.3942
0.0000,0.0000,0.0000,0.0000,0.0000,0.0000,-0.0790,1.9776,8.6359,-0.6745,0.6515,-0.3231
0.0000,0.0000,0.0000,0.0000,0.0000,0.0000,-0.9098,2.1308,8.2384,-0.4934,0.9162,-0.2979
0.0000,0.0000,0.0000,0.0000,0.0000,0.0000,-0.6393,1.5203,9.1842,-0.3808,0.5598,-0.2172
0.0000,0.0000,0.0000,0.0000,0.0000,0.0000,-1.2689,2.1380,8.3055,-0.1212,0.7406,-0.1307
0.0000,0.0000,0.0000,0.0000,0.0000,0.0000,-1.0606,2.3583,7.8290,-0.0292,0.5331,-0.1510
0.0000,0.0000,0.0000,0.0000,0.0000,0.0000,-1.4413,2.4134,7.6950,-0.2061,0.4731,-0.1230
0.0000,0.0000,0.0000,0.0000,0.0000,0.0000,-2.0949,2.3008,7.6591,-0.1968,0.3844,-0.1258
0.0000,0.0000,0.0000,0.0000,0.0000,0.0000,-1.8651,2.2122,7.7045,-0.2021,0.5015,-0.1544
0.0000,0.0000,0.0000,0.0000,0.0000,0.0000,-2.2266,1.8244,7.8865,-0.1556,0.2309,-0.1384
0.0000,0.0000,0.0000,0.0000,0.0000,0.0000,-2.2745,2.1045,7.6351,-0.0841,0.4076,-0.1282
0.0000,0.0000,0.0000,0.0000,0.0000,0.0000,-1.7693,1.6688,8.6933,-0.0625,0.1152,-0.1608
0.0000,0.0000,0.0000,0.0000,0.0000,0.0000,-2.8515,1.7478,8.6215,0.2390,-0.0024,-0.0191
0.0000,0.0000,0.0000,0.0000,0.0000,0.0000,-2.1883,1.9273,7.6207,0.1623,-0.0492,-0.0715
0.0000,0.0000,0.0000,0.0000,0.0000,0.0000,-3.0813,1.8579,8.0278,-0.0529,-0.0091,-0.1220
0.0000,0.0000,0.0000,0.0000,0.0000,0.0000,-2.3870,2.2529,7.5489,0.0691,0.0406,-0.0922
0.0000,0.0000,0.0000,0.0000,0.0000,0.0000,-2.7318,2.3990,7.5992,-0.0204,-0.1224,-0.0831
0.0000,0.0000,0.0000,0.0000,0.0000,0.0000,-3.5147,2.1596,8.1834,-0.0618,-0.1023,-0.0875
0.0000,0.0000,0.0000,0.0000,0.0000,0.0000,-3.1891,2.0566,8.1977,0.0843,-0.1803,0.1314
0.0000,0.0000,0.0000,0.0000,0.0000,0.0000,-2.9329,2.0542,8.2911,0.1090,-0.6995,0.1787
0.0000,0.0000,0.0000,0.0000,0.0000,0.0000,-2.4660,2.0973,8.0182,0.2246,-0.5657,0.2312
0.0000,0.0000,0.0000,0.0000,0.0000,0.0000,-1.5275,2.3774,7.6782,0.3052,-0.7687,0.3722
0.0000,0.0000,0.0000,0.0000,0.0000,0.0000,-2.1356,2.5307,7.1635,0.2706,-0.7280,0.4662
0.0000,0.0000,0.0000,0.0000,0.0000,0.0000,-1.0965,2.5594,7.9655,0.1603,-0.6217,0.3754
0.0000,0.0000,0.0000,0.0000,0.0000,0.0000,-0.6105,2.6576,7.7045,0.4731,-1.1243,0.5213
0.0000,0.0000,0.0000,0.0000,0.0000,0.0000,1.0151,3.3519,7.0701,0.5401,-0.9939,0.5165
0.0000,0.0000,0.0000,0.0000,0.0000,0.0000,1.7717,3.9552,6.0669,0.4847,-0.6692,0.4823
0.0000,0.0000,0.0000,0.0000,0.0000,0.0000,2.0949,3.7230,6.3351,0.3581,-0.5249,0.5417
0.0000,0.0000,0.0000,0.0000,0.0000,0.0000,2.0830,3.7350,6.9001,0.2054,-0.4888,0.5095
0.0000,0.0000,0.0000,0.0000,0.0000,0.0000,3.0023,3.9097,6.5912,0.3392,-0.3794,0.3833
0.0000,0.0000,0.0000,0.0000,0.0000,0.0000,3.4046,4.3958,6.1172,0.3464,-0.5873,0.3745
0.0000,0.0000,0.0000,0.0000,0.0000,0.0000,3.6105,4.4365,5.9065,0.1599,-0.3030,0.3240
0.0000,0.0000,0.0000,0.0000,0.0000,0.0000,4.4197,4.0318,6.4093,0.2125,-0.2968,0.2912
0.0000,0.0000,0.0000,0.0000,0.0000,0.0000,3.9816,4.3072,6.2848,0.0765,-0.1475,0.1476
0.0000,0.0000,0.0000,0.0000,0.0000,0.0000,4.5825,4.4125,6.0693,0.1215,-0.1323,0.0224
0.0000,0.0000,0.0000,0.0000,0.0000,0.0000,3.9887,4.3455,6.2489,0.0064,0.0061,-0.0837
0.0000,0.0000,0.0000,0.0000,0.0000,0.0000,3.3255,4.5226,6.2632,-0.0025,0.0457,-0.0815
0.0000,0.0000,0.0000,0.0000,0.0000,0.0000,3.5889,4.6328,6.1268,-0.0258,0.0059,-0.0783
0.0000,0.0000,0.0000,0.0000,0.0000,0.0000,3.2657,4.5490,6.5146,-0.0652,0.0711,-0.1302
0.0000,0.0000,0.0000,0.0000,0.0000,0.0000,3.1723,4.4652,6.2872,-0.0941,0.1949,-0.1595
0.0000,0.0000,0.0000,0.0000,0.0000,0.0000,3.3375,4.4388,6.5793,-0.0402,0.0200,-0.1412
0.0000,0.0000,0.0000,0.0000,0.0000,0.0000,2.9999,4.7453,6.3710,-0.0779,0.1091,-0.1287
0.0000,0.0000,0.0000,0.0000,0.0000,0.0000,3.0813,4.7046,6.2728,-0.0879,0.1071,-0.0914
0.0000,0.0000,0.0000,0.0000,0.0000,0.0000,2.3798,4.5466,6.7780,-0.1964,0.0933,-0.1049
0.0000,0.0000,0.0000,0.0000,0.0000,0.0000,2.2482,4.4460,6.6248,-0.1488,0.1224,-0.0393
0.0000,0.0000,0.0000,0.0000,0.0000,0.0000,2.7869,4.5298,6.6822,-0.0369,0.0478,-0.0177
0.0000,0.0000,0.0000,0.0000,0.0000,0.0000,2.7007,4.6112,6.3973,-0.1187,0.1223,-0.0453
0.0000,0.0000,0.0000,0.0000,0.0000,0.0000,2.9640,4.5155,6.4979,-0.1330,0.0312,-0.0521
0.0000,0.0000,0.0000,0.0000,0.0000,0.0000,2.1069,4.3503,6.8833,-0.1588,0.0797,0.0001
0.0000,0.0000,0.0000,0.0000,0.0000,0.0000,2.8012,4.2976,6.8450,-0.0905,0.0903,0.0221
0.0000,0.0000,0.0000,0.0000,0.0000,0.0000,2.3727,4.0390,7.4555,-0.0381,-0.0454,-0.0047
0.0000,0.0000,0.0000,0.0000,0.0000,0.0000,2.4828,4.7333,6.2944,-0.0974,0.0949,0.0424
0.0000,0.0000,0.0000,0.0000,0.0000,0.0000,2.0446,4.3574,7.0342,-0.1264,0.0766,0.0281
0.0000,0.0000,0.0000,0.0000,0.0000,0.0000,2.0159,3.6392,7.8506,-0.2098,0.0157,0.0570
0.0000,0.0000,0.0000,0.0000,0.0000,0.0000,2.1548,3.5458,8.2863,0.2667,-0.2599,0.0946
0.0000,0.0000,0.0000,0.0000,0.0000,0.0000,2.9329,4.5657,6.2824,0.3219,-0.2226,0.1419
0.0000,0.0000,0.0000,0.0000,0.0000,0.0000,2.5905,5.1954,5.8562,0.2104,-0.0854,0.2256
0.0000,0.0000,0.0000,0.0000,0.0000,0.0000,2.5426,5.0781,5.9831,0.0979,0.0397,0.3503
0.0000,0.0000,0.0000,0.0000,0.0000,0.0000,2.8778,4.1922,7.4436,0.1471,-0.0801,0.4385
0.0000,0.0000,0.0000,0.0000,0.0000,0.0000,2.7988,4.8985,5.9185,0.3022,0.1697,0.5128
0.0000,0.0000,0.0000,0.0000,0.0000,0.0000,4.3024,4.5442,6.1699,0.2072,0.0759,0.4040
0.0000,0.0000,0.0000,0.0000,0.0000,0.0000,3.1173,4.5610,6.4739,0.0316,-0.0292,0.2268
0.0000,0.0000,0.0000,0.0000,0.0000,0.0000,3.4165,4.4843,6.6128,0.0963,-0.1508,0.1367
0.0000,0.0000,0.0000,0.0000,0.0000,0.0000,3.5195,4.6352,6.2513,0.0950,-0.3523,0.0493
0.0000,0.0000,0.0000,0.0000,0.0000,0.0000,3.6847,4.7956,6.1196,0.1749,-0.2895,0.0188
0.0000,0.0000,0.0000,0.0000,0.0000,0.0000,3.9361,5.0398,5.8347,0.1839,-0.2471,0.0333
0.0000,0.0000,0.0000,0.0000,0.0000,0.0000,3.9959,5.1595,5.4277,0.1804,-0.2024,-0.0029
0.0000,0.0000,0.0000,0.0000,0.0000,0.0000,3.9433,5.1188,5.4133,0.1191,-0.1673,-0.0096
0.0000,0.0000,0.0000,0.0000,0.0000,0.0000,4.3574,5.4444,5.1595,0.1524,-0.1833,-0.0453
0.0000,0.0000,0.0000,0.0000,0.0000,0.0000,4.1755,5.6336,4.7405,-0.0256,-0.0806,-0.0538
0.0000,0.0000,0.0000,0.0000,0.0000,0.0000,4.6591,6.0047,3.9744,-0.1131,-0.0145,-0.0604
0.0000,0.0000,0.0000,0.0000,0.0000,0.0000,3.7350,5.5043,5.1475,-0.2773,0.0791,-0.1303
0.0000,0.0000,0.0000,0.0000,0.0000,0.0000,4.2018,5.4348,5.0996,-0.2077,0.1711,-0.1066
0.0000,0.0000,0.0000,0.0000,0.0000,0.0000,3.9887,5.0949,5.7796,-0.2407,0.1442,-0.0683
0.0000,0.0000,0.0000,0.0000,0.0000,0.0000,4.1420,5.1260,5.5378,-0.2238,0.1768,-0.1306
0.0000,0.0000,0.0000,0.0000,0.0000,0.0000,3.6272,4.7980,6.4045,-0.2406,0.1022,-0.1311
0.0000,0.0000,0.0000,0.0000,0.0000,0.0000,3.4189,5.2002,5.3175,-0.1452,0.2509,-0.1204
0.0000,0.0000,0.0000,0.0000,0.0000,0.0000,2.9568,5.0182,6.2441,-0.1224,0.1403,-0.1208
0.0000,0.0000,0.0000,0.0000,0.0000,0.0000,2.7892,4.9416,6.2824,-0.1832,0.0935,-0.0402
0.0000,0.0000,0.0000,0.0000,0.0000,0.0000,2.7174,4.9728,6.0837,-0.1090,0.3223,0.1015
0.0000,0.0000,0.0000,0.0000,0.0000,0.0000,2.8012,4.6974,6.3375,-0.2053,0.1396,0.0506
0.0000,0.0000,0.0000,0.0000,0.0000,0.0000,3.1915,4.5466,6.5577,-0.1138,0.0393,0.0221
0.0000,0.0000,0.0000,0.0000,0.0000,0.0000,3.2370,4.4508,6.6798,-0.0260,-0.0528,0.0318
0.0000,0.0000,0.0000,0.0000,0.0000,0.0000,3.4740,4.8028,6.2106,-0.0401,0.0167,-0.0120
0.0000,0.0000,0.0000,0.0000,0.0000,0.0000,3.1915,5.0566,6.0358,-0.0137,0.0408,0.0757
0.0000,0.0000,0.0000,0.0000,0.0000,0.0000,3.5865,5.3893,5.3606,-0.0482,0.2573,0.1785
0.0000,0.0000,0.0000,0.0000,0.0000,0.0000,3.2896,5.2912,5.3415,-0.1928,0.2970,0.0959
0.0000,0.0000,0.0000,0.0000,0.0000,0.0000,3.4046,4.9392,5.6000,-0.3313,0.4740,0.1256
0.0000,0.0000,0.0000,0.0000,0.0000,0.0000,3.9959,4.7070,5.7868,-0.4335,0.5396,0.0485
0.0000,0.0000,0.0000,0.0000,0.0000,0.0000,3.2058,3.9696,6.3734,-0.5219,0.5581,-0.1324
0.0000,0.0000,0.0000,0.0000,0.0000,0.0000,2.7438,3.6895,7.0797,-0.4955,0.6322,-0.3162
0.0000,0.0000,0.0000,0.0000,0.0000,0.0000,1.7166,3.6536,7.0653,-0.4510,0.6436,-0.3948
0.0000,0.0000,0.0000,0.0000,0.0000,0.0000,0.6033,3.6105,7.0773,-0.5236,0.6595,-0.3513
0.0000,0.0000,0.0000,0.0000,0.0000,0.0000,-0.3903,2.8778,8.2504,-0.5435,0.6258,-0.3343
0.0000,0.0000,0.0000,0.0000,0.0000,0.0000,-0.4046,2.5379,8.4851,-0.3551,0.3214,-0.2081
0.0000,0.0000,0.0000,0.0000,0.0000,0.0000,-0.5578,2.7797,8.3079,-0.2233,0.3236,-0.1571
0.0000,0.0000,0.0000,0.0000,0.0000,0.0000,-0.3543,2.7797,8.2696,-0.1238,0.2069,-0.1190
0.0000,0.0000,0.0000,0.0000,0.0000,0.0000,-0.2610,2.9664,7.7740,-0.1103,0.2173,-0.0622
0.0000,0.0000,0.0000,0.0000,0.0000,0.0000,0.2370,3.0047,7.8075,-0.0354,0.2906,0.0789
0.0000,0.0000,0.0000,0.0000,0.0000,0.0000,0.1652,3.4357,6.9001,-0.1296,0.2947,0.0657
0.0000,0.0000,0.0000,0.0000,0.0000,0.0000,0.1748,3.2944,7.0246,-0.1949,0.3244,0.0325
0.0000,0.0000,0.0000,0.0000,0.0000,0.0000,0.2969,3.3662,6.8905,-0.3198,0.3512,-0.0621
0.0000,0.0000,0.0000,0.0000,0.0000,0.0000,-0.1604,2.7869,7.5178,-0.3135,0.3669,-0.0877
0.0000,0.0000,0.0000,0.0000,0.0000,0.0000,-0.7805,2.2769,7.8003,-0.4998,0.3938,-0.2278
0.0000,0.0000,0.0000,0.0000,0.0000,0.0000,-1.0080,2.3296,7.6806,-0.4105,0.5180,-0.1725
0.0000,0.0000,0.0000,0.0000,0.0000,0.0000,-1.2761,1.9369,8.1810,-0.4545,0.3745,-0.2332
0.0000,0.0000,0.0000,0.0000,0.0000,0.0000,-2.2003,1.5586,8.4635,-0.2927,0.3238,-0.1274
0.0000,0.0000,0.0000,0.0000,0.0000,0.0000,-2.1045,1.7621,7.9990,-0.1315,0.3328,-0.0806
0.0000,0.0000,0.0000,0.0000,0.0000,0.0000,-2.2960,1.4006,8.5018,-0.1956,0.1203,-0.0945
0.0000,0.0000,0.0000,0.0000,0.0000,0.0000,-2.2170,1.5395,8.5353,0.0406,0.0421,0.0460
0.0000,0.0000,0.0000,0.0000,0.0000,0.0000,-1.9968,1.6712,7.9511,0.0089,0.0520,0.0065
0.0000,0.0000,0.0000,0.0000,0.0000,0.0000,-1.9680,1.8100,7.9727,-0.0140,-0.1018,0.0081
0.0000,0.0000,0.0000,0.0000,0.0000,0.0000,-2.0279,1.9704,7.7285,0.0401,-0.0739,0.0024
0.0000,0.0000,0.0000,0.0000,0.0000,0.0000,-1.4916,1.9680,7.6686,0.0513,-0.1384,0.0798
0.0000,0.0000,0.0000,0.0000,0.0000,0.0000,-1.3216,2.1859,7.1898,-0.0532,-0.0955,-0.1123
0.0000,0.0000,0.0000,0.0000,0.0000,0.0000,-1.5227,2.1452,7.3334,-0.0725,0.0890,0.0370
0.0000,0.0000,0.0000,0.0000,0.0000,0.0000,-1.4557,1.8292,7.8051,-0.1158,0.0522,-0.0386
0.0000,0.0000,0.0000,0.0000,0.0000,0.0000,-2.2314,1.5299,8.4659,-0.0745,-0.0584,0.0056
0.0000,0.0000,0.0000,0.0000,0.0000,0.0000,-2.4421,1.7597,7.6567,-0.0502,0.0147,0.0051
0.0000,0.0000,0.0000,0.0000,0.0000,0.0000,-1.9680,1.5778,8.2624,0.0281,-0.1379,0.1017
0.0000,0.0000,0.0000,0.0000,0.0000,0.0000,-2.1261,1.6999,8.0014,-0.0068,-0.1483,0.0518
0.0000,0.0000,0.0000,0.0000,0.0000,0.0000,-1.7190,1.8340,8.0565,0.1250,-0.2602,0.0225
0.0000,0.0000,0.0000,0.0000,0.0000,0.0000,-2.2936,1.6041,8.6119,0.1693,-0.3487,0.0302
0.0000,0.0000,0.0000,0.0000,0.0000,0.0000,-1.6257,1.7837,7.9942,0.2963,-0.5245,0.0874
0.0000,0.0000,0.0000,0.0000,0.0000,0.0000,-1.2330,2.2146,8.0469,0.2838,-0.5594,0.0793
0.0000,0.0000,0.0000,0.0000,0.0000,0.0000,-0.3472,2.4110,7.6016,0.4763,-0.6122,0.1468
0.0000,0.0000,0.0000,0.0000,0.0000,0.0000,-0.2945,2.7509,7.6160,0.4010,-0.6158,0.0866
0.0000,0.0000,0.0000,0.0000,0.0000,0.0000,0.4741,3.3399,7.1922,0.4779,-0.5436,0.1667
0.0000,0.0000,0.0000,0.0000,0.0000,0.0000,0.9888,3.5338,6.6391,0.3296,-0.5389,0.1323
0.0000,0.0000,0.0000,0.0000,0.0000,0.0000,1.0965,3.6129,6.9935,0.2679,-0.4297,0.0891
0.0000,0.0000,0.0000,0.0000,0.0000,0.0000,1.5802,3.6943,6.8977,0.2281,-0.3548,0.0466
0.0000,0.0000,0.0000,0.0000,0.0000,0.0000,1.3838,4.0247,6.7971,0.1370,-0.2312,0.0217
0.0000,0.0000,0.0000,0.0000,0.0000,0.0000,1.6688,4.0199,6.7732,0.1135,-0.1743,-0.0027
0.0000,0.0000,0.0000,0.0000,0.0000,0.0000,1.5299,4.2186,6.2728,0.0452,-0.1444,0.0196
0.0000,0.0000,0.0000,0.0000,0.0000,0.0000,1.3551,4.0701,7.1084,-0.1689,0.0048,-0.0272
0.0000,0.0000,0.0000,0.0000,0.0000,0.0000,1.5395,3.7493,7.3119,-0.0893,-0.0358,0.0461
0.0000,0.0000,0.0000,0.0000,0.0000,0.0000,1.3336,3.5338,7.7093,-0.0662,-0.0522,0.0328
0.0000,0.0000,0.0000,0.0000,0.0000,0.0000,0.7685,3.6392,7.6136,-0.0123,-0.0512,0.0529
0.0000,0.0000,0.0000,0.0000,0.0000,0.0000,1.1756,3.6296,7.6231,0.0702,-0.1367,0.0721
0.0000,0.0000,0.0000,0.0000,0.0000,0.0000,0.5794,3.5913,8.0517,0.0254,-0.3367,0.1635
0.0000,0.0000,0.0000,0.0000,0.0000,0.0000,0.8859,3.5721,7.4268,0.1272,-0.3175,0.2278
0.0000,0.0000,0.0000,0.0000,0.0000,0.0000,1.8555,3.5195,7.7405,0.3724,-0.5453,0.2910
0.0000,0.0000,0.0000,0.0000,0.0000,0.0000,2.1045,3.8930,6.9480,0.3742,-0.4319,0.1551
0.0000,0.0000,0.0000,0.0000,0.0000,0.0000,2.5474,3.9121,6.8019,0.4438,-0.4154,0.2864
0.0000,0.0000,0.0000,0.0000,0.0000,0.0000,2.9832,4.3335,6.4572,0.3524,-0.3918,0.1637
0.0000,0.0000,0.0000,0.0000,0.0000,0.0000,3.1412,4.6160,6.0358,0.3643,-0.3368,0.1087
0.0000,0.0000,0.0000,0.0000,0.0000,0.0000,3.7493,4.9512,5.6503,0.3020,-0.3758,0.0765
0.0000,0.0000,0.0000,0.0000,0.0000,0.0000,3.5578,5.4636,5.2960,0.2205,-0.1615,0.0839
0.0000,0.0000,0.0000,0.0000,0.0000,0.0000,3.7565,5.4420,5.1978,0.0863,-0.0705,0.0437
0.0000,0.0000,0.0000,0.0000,0.0000,0.0000,3.9193,5.2672,5.7892,-0.0250,-0.0232,-0.0119
0.0000,0.0000,0.0000,0.0000,0.0000,0.0000,3.1125,4.6184,6.5098,-0.1342,-0.0270,-0.0898
0.0000,0.0000,0.0000,0.0000,0.0000,0.0000,3.1556,4.6783,6.4596,0.0528,-0.0027,-0.0889
0.0000,0.0000,0.0000,0.0000,0.0000,0.0000,2.9377,4.7333,6.6128,0.1430,-0.1391,-0.0745
0.0000,0.0000,0.0000,0.0000,0.0000,0.0000,2.7557,4.9488,6.5122,0.1853,-0.1336,-0.0344
0.0000,0.0000,0.0000,0.0000,0.0000,0.0000,2.4972,5.2768,6.1842,0.3710,-0.2212,0.1306
0.0000,0.0000,0.0000,0.0000,0.0000,0.0000,3.1556,5.6024,5.5665,0.3837,-0.2009,0.2447
0.0000,0.0000,0.0000,0.0000,0.0000,0.0000,3.0646,5.6455,5.4324,0.1976,-0.1895,0.1925
0.0000,0.0000,0.0000,0.0000,0.0000,0.0000,4.6831,5.6743,4.8937,0.2661,-0.3407,0.2506
0.0000,0.0000,0.0000,0.0000,0.0000,0.0000,5.0757,5.5713,4.5753,0.2080,-0.1190,0.0560
0.0000,0.0000,0.0000,0.0000,0.0000,0.0000,4.6232,5.8275,4.8411,0.0789,-0.1066,-0.1005
0.0000,0.0000,0.0000,0.0000,0.0000,0.0000,4.1228,6.0573,4.8219,0.0420,-0.0981,-0.0605
0.0000,0.0000,0.0000,0.0000,0.0000,0.0000,3.9911,6.1890,4.5945,-0.0035,-0.0185,-0.0225
0.0000,0.0000,0.0000,0.0000,0.0000,0.0000,3.7230,5.7628,5.5162,-0.0883,-0.0594,-0.0144
0.0000,0.0000,0.0000,0.0000,0.0000,0.0000,3.6847,5.6431,5.3941,-0.1071,0.0352,-0.0261
0.0000,0.0000,0.0000,0.0000,0.0000,0.0000,4.0318,5.6312,5.2960,-0.0153,-0.0088,-0.0163
0.0000,0.0000,0.0000,0.0000,0.0000,0.0000,4.0103,5.6814,5.3271,-0.0590,-0.0348,-0.0438
0.0000,0.0000,0.0000,0.0000,0.0000,0.0000,3.8906,5.8012,4.8770,-0.0314,0.0029,-0.0116
0.0000,0.0000,0.0000,0.0000,0.0000,0.0000,3.9744,5.7676,5.0781,-0.0570,-0.0117,-0.0217
0.0000,0.0000,0.0000,0.0000,0.0000,0.0000,3.9169,5.7174,5.3439,-0.0661,-0.0509,-0.0121
0.0000,0.0000,0.0000,0.0000,0.0000,0.0000,4.2066,5.8682,5.1284,-0.0977,0.0381,-0.0388
0.0000,0.0000,0.0000,0.0000,0.0000,0.0000,3.6727,5.7724,5.4372,-0.0917,-0.0075,-0.0362
0.0000,0.0000,0.0000,0.0000,0.0000,0.0000,4.0893,5.5905,5.6767,-0.0416,0.0059,-0.0029
0.0000,0.0000,0.0000,0.0000,0.0000,0.0000,4.2569,5.8610,5.1739,-0.0617,0.0053,-0.0080
0.0000,0.0000,0.0000,0.0000,0.0000,0.0000,4.0773,5.7341,5.3223,-0.0999,0.0171,-0.0173
0.0000,0.0000,0.0000,0.0000,0.0000,0.0000,4.2593,5.8969,5.1787,-0.0769,-0.0281,-0.0145
0.0000,0.0000,0.0000,0.0000,0.0000,0.0000,4.1276,5.8586,5.1427,-0.1151,0.0424,-0.0645
0.0000,0.0000,0.0000,0.0000,0.0000,0.0000,4.1276,5.6862,5.1858,-0.1877,0.0430,-0.0845
0.0000,0.0000,0.0000,0.0000,0.0000,0.0000,4.3479,5.6982,5.1260,-0.1641,0.1383,-0.1175
0.0000,0.0000,0.0000,0.0000,0.0000,0.0000,4.5083,5.7054,5.1020,-0.2108,0.1905,-0.2022
0.0000,0.0000,0.0000,0.0000,0.0000,0.0000,3.7876,5.6790,5.4923,-0.3007,0.1936,-0.1955
0.0000,0.0000,0.0000,0.0000,0.0000,0.0000,3.7493,5.7245,5.1356,-0.3134,0.2441,-0.2613
0.0000,0.0000,0.0000,0.0000,0.0000,0.0000,3.5841,5.8155,5.2146,-0.4174,0.1528,-0.3012
0.0000,0.0000,0.0000,0.0000,0.0000,0.0000,4.1324,5.7892,4.3359,-0.7264,0.0626,-0.6867
0.0000,0.0000,0.0000,0.0000,0.0000,0.0000,2.8323,4.9967,6.0645,-0.5143,0.5119,-0.2597
0.0000,0.0000,0.0000,0.0000,0.0000,0.0000,2.6169,5.2553,5.4037,-0.6427,0.5718,-0.3028
0.0000,0.0000,0.0000,0.0000,0.0000,0.0000,1.8794,4.5610,6.3494,-0.6042,0.8595,-0.1992
0.0000,0.0000,0.0000,0.0000,0.0000,0.0000,2.2003,4.1779,6.9935,-0.5213,0.5027,-0.1536
0.0000,0.0000,0.0000,0.0000,0.0000,0.0000,1.3838,3.7757,6.8139,-0.9178,0.8203,-0.3002
0.0000,0.0000,0.0000,0.0000,0.0000,0.0000,0.8930,3.7900,6.7109,-0.6674,0.7879,-0.3184
0.0000,0.0000,0.0000,0.0000,0.0000,0.0000,0.2107,3.5219,7.0174,-0.7822,0.7175,-0.3457
0.0000,0.0000,0.0000,0.0000,0.0000,0.0000,-0.1891,3.4692,6.3949,-0.8580,0.6749,-0.4139
0.0000,0.0000,0.0000,0.0000,0.0000,0.0000,-0.1269,2.8276,6.2010,-1.0790,0.8256,-0.3664
0.0000,0.0000,0.0000,0.0000,0.0000,0.0000,-1.7502,1.4198,7.7285,-0.8272,0.7731,-0.2990
0.0000,0.0000,0.0000,0.0000,0.0000,0.0000,-2.7677,0.8092,9.2943,-0.7730,1.1696,-0.1150
0.0000,0.0000,0.0000,0.0000,0.0000,0.0000,-3.1316,-0.1077,10.6374,0.0787,0.2200,-0.3965
0.0000,0.0000,0.0000,0.0000,0.0000,0.0000,-3.2465,0.4980,8.7700,0.0480,0.1518,-0.0825
0.0000,0.0000,0.0000,0.0000,0.0000,0.0000,-2.9951,0.9720,8.3917,0.0045,0.1965,-0.0445
0.0000,0.0000,0.0000,0.0000,0.0000,0.0000,-2.2769,1.4485,8.1044,0.0402,-0.0433,-0.0537
0.0000,0.0000,0.0000,0.0000,0.0000,0.0000,-1.8771,1.8172,7.5010,0.0320,0.1077,0.0941
0.0000,0.0000,0.0000,0.0000,0.0000,0.0000,-2.7485,2.1380,7.1970,-0.1175,0.1018,-0.0582
0.0000,0.0000,0.0000,0.0000,0.0000,0.0000,-1.8818,1.6161,7.9009,-0.1474,0.1384,0.0340
0.0000,0.0000,0.0000,0.0000,0.0000,0.0000,-2.3320,1.4557,8.1547,0.2174,-0.3631,-0.0125
0.0000,0.0000,0.0000,0.0000,0.0000,0.0000,-2.4397,1.5299,7.4101,0.0151,0.0698,-0.0488
0.0000,0.0000,0.0000,0.0000,0.0000,0.0000,-2.1907,1.6113,7.6088,-0.0501,0.0011,-0.0659
0.0000,0.0000,0.0000,0.0000,0.0000,0.0000,-1.4748,1.6616,7.5346,0.0073,0.1535,-0.0135
0.0000,0.0000,0.0000,0.0000,0.0000,0.0000,-2.4876,1.7023,7.8266,-0.1226,-0.0536,-0.1320
0.0000,0.0000,0.0000,0.0000,0.0000,0.0000,-1.6520,1.1612,8.1977,-0.0538,-0.0671,-0.2835
0.0000,0.0000,0.0000,0.0000,0.0000,0.0000,-1.5658,1.4246,7.7644,-0.1917,-0.5805,-0.5521
0.0000,0.0000,0.0000,0.0000,0.0000,0.0000,-2.0734,1.1899,8.5497,0.1892,-0.0024,-0.2156
0.0000,0.0000,0.0000,0.0000,0.0000,0.0000,-1.0630,2.1308,6.6679,0.3437,0.0501,-0.0147
0.0000,0.0000,0.0000,0.0000,0.0000,0.0000,-1.2115,1.9920,7.2281,-0.0372,-0.1216,-0.1852
0.0000,0.0000,0.0000,0.0000,0.0000,0.0000,-2.0255,2.2027,6.8235,-0.1616,0.3008,-0.3605
0.0000,0.0000,0.0000,0.0000,0.0000,0.0000,-2.1452,1.2857,8.1379,-0.1745,0.1124,-0.3150
0.0000,0.0000,0.0000,0.0000,0.0000,0.0000,-2.8970,1.3551,8.4060,0.0023,0.4290,-0.2270
0.0000,0.0000,0.0000,0.0000,0.0000,0.0000,-2.5091,1.3527,7.9871,0.0549,0.2278,-0.2762
0.0000,0.0000,0.0000,0.0000,0.0000,0.0000,-2.3152,1.3048,8.0302,0.0686,-0.0682,-0.3104
0.0000,0.0000,0.0000,0.0000,0.0000,0.0000,-3.8283,1.6616,7.7764,-0.0032,0.0484,-0.2825
0.0000,0.0000,0.0000,0.0000,0.0000,0.0000,-4.5514,2.0853,7.9009,0.0925,0.2129,-0.1398
0.0000,0.0000,0.0000,0.0000,0.0000,0.0000,-2.8898,1.8675,7.5202,0.2140,-0.2844,0.1210
0.0000,0.0000,0.0000,0.0000,0.0000,0.0000,-2.7845,2.1859,7.1874,0.1011,-0.1374,0.1224
0.0000,0.0000,0.0000,0.0000,0.0000,0.0000,-2.8012,1.9968,7.5896,0.0396,-0.0581,0.1664
0.0000,0.0000,0.0000,0.0000,0.0000,0.0000,-2.8491,1.5490,8.6574,0.0855,-0.3027,0.1613
0.0000,0.0000,0.0000,0.0000,0.0000,0.0000,-2.4995,1.8004,7.9966,0.2806,-0.2806,0.2238
0.0000,0.0000,0.0000,0.0000,0.0000,0.0000,-1.4006,2.3104,7.1491,0.2850,-0.4572,0.2349
0.0000,0.0000,0.0000,0.0000,0.0000,0.0000,-1.1899,2.6360,6.9719,0.1533,-0.3777,0.1535
0.0000,0.0000,0.0000,0.0000,0.0000,0.0000,-0.7661,3.0311,6.6822,0.0790,-0.0151,0.1146
0.0000,0.0000,0.0000,0.0000,0.0000,0.0000,-0.5483,3.0478,6.6176,-0.1454,0.0711,-0.0132
0.0000,0.0000,0.0000,0.0000,0.0000,0.0000,-0.3807,2.7869,6.7732,-0.2305,0.1704,0.0015
0.0000,0.0000,0.0000,0.0000,0.0000,0.0000,-1.4700,2.4181,7.6806,-0.3648,0.3693,-0.1366
0.0000,0.0000,0.0000,0.0000,0.0000,0.0000,-1.5969,1.8172,8.2624,-0.1911,0.2915,-0.1348
0.0000,0.0000,0.0000,0.0000,0.0000,0.0000,-2.2984,1.7885,8.3342,-0.2385,0.1380,-0.1681
0.0000,0.0000,0.0000,0.0000,0.0000,0.0000,-2.8276,1.8196,8.1738,-0.0465,0.0628,-0.1304
0.0000,0.0000,0.0000,0.0000,0.0000,0.0000,-2.4229,2.7988,6.8019,-0.0464,0.2184,-0.1049
0.0000,0.0000,0.0000,0.0000,0.0000,0.0000,-2.5594,2.1668,7.1635,-0.2118,-0.2870,0.0344
0.0000,0.0000,0.0000,0.0000,0.0000,0.0000,-3.0430,2.1452,7.4172,-0.3297,0.2486,-0.0175
0.0000,0.0000,0.0000,0.0000,0.0000,0.0000,-2.1404,1.6089,8.6503,-0.1857,-0.0362,0.0538
0.0000,0.0000,0.0000,0.0000,0.0000,0.0000,-1.9201,1.4365,8.3773,0.0225,-0.1704,0.2004
0.0000,0.0000,0.0000,0.0000,0.0000,0.0000,-1.4222,1.6831,7.4939,-0.0542,-0.1364,0.1082
0.0000,0.0000,0.0000,0.0000,0.0000,0.0000,-1.3384,1.7430,7.3933,0.0191,0.0963,0.1202
0.0000,0.0000,0.0000,0.0000,0.0000,0.0000,-1.3527,2.3272,7.4316,0.1204,0.4998,0.1807
0.0000,0.0000,0.0000,0.0000,0.0000,0.0000,-2.4325,2.3727,7.4531,-0.0699,0.1260,0.1304
0.0000,0.0000,0.0000,0.0000,0.0000,0.0000,-2.2458,1.9585,7.7620,0.0104,0.2094,0.1572
0.0000,0.0000,0.0000,0.0000,0.0000,0.0000,-2.1117,2.2098,7.2999,-0.1600,0.2466,0.1531
0.0000,0.0000,0.0000,0.0000,0.0000,0.0000,-3.3255,2.1955,7.7045,-0.2142,-0.0290,-0.0434
0.0000,0.0000,0.0000,0.0000,0.0000,0.0000,-2.5043,1.6400,8.2648,-0.1877,-0.1130,0.0644
0.0000,0.0000,0.0000,0.0000,0.0000,0.0000,-1.7669,1.5060,8.2768,-0.0701,-0.1937,0.1236
0.0000,0.0000,0.0000,0.0000,0.0000,0.0000,-1.7573,1.6927,7.5561,-0.0917,-0.0634,0.0878
0.0000,0.0000,0.0000,0.0000,0.0000,0.0000,-1.4317,1.2953,8.4611,-0.0048,-0.1636,-0.0233
0.0000,0.0000,0.0000,0.0000,0.0000,0.0000,-1.9082,1.7885,8.1618,0.0452,-0.2225,-0.0616
0.0000,0.0000,0.0000,0.0000,0.0000,0.0000,-2.0806,1.9489,7.7931,0.0899,-0.2535,-0.0473
0.0000,0.0000,0.0000,0.0000,0.0000,0.0000,-1.6376,2.1237,7.4268,0.0777,-0.2785,0.0069
0.0000,0.0000,0.0000,0.0000,0.0000,0.0000,-1.8890,2.4014,6.9336,-0.0087,-0.1390,0.0590
0.0000,0.0000,0.0000,0.0000,0.0000,0.0000,-1.5706,2.3343,7.4986,-0.0782,-0.0374,0.0453
0.0000,0.0000,0.0000,0.0000,0.0000,0.0000,-1.9058,2.2027,7.9272,-0.1049,-0.2042,0.1716
0.0000,0.0000,0.0000,0.0000,0.0000,0.0000,-2.0638,1.8699,8.0302,-0.0330,-0.2328,0.2028
0.0000,0.0000,0.0000,0.0000,0.0000,0.0000,-1.2689,2.1380,7.9344,0.0044,-0.0979,0.1427
0.0000,0.0000,0.0000,0.0000,0.0000,0.0000,-2.3487,1.8052,8.0804,-0.0581,-0.4471,0.1435
0.0000,0.0000,0.0000,0.0000,0.0000,0.0000,-2.0734,1.4748,8.8226,0.0053,-0.1913,0.1519
0.0000,0.0000,0.0000,0.0000,0.0000,0.0000,-1.4198,1.3312,9.4763,0.2643,-0.3184,0.4628
0.0000,0.0000,0.0000,0.0000,0.0000,0.0000,-1.5419,1.9656,8.8418,0.5482,-0.7148,0.5145
0.0000,0.0000,0.0000,0.0000,0.0000,0.0000,-0.7925,2.4229,7.4747,0.6576,-0.4045,0.4451
0.0000,0.0000,0.0000,0.0000,0.0000,0.0000,-0.3424,2.6384,6.7947,0.6531,-1.0604,0.3940
0.0000,0.0000,0.0000,0.0000,0.0000,0.0000,-0.0862,2.7126,6.9432,0.5176,-0.3977,0.5125
0.0000,0.0000,0.0000,0.0000,0.0000,0.0000,0.3519,2.8946,7.3717,0.5858,-0.3984,0.5769
0.0000,0.0000,0.0000,0.0000,0.0000,0.0000,1.1516,3.4668,6.9935,0.5191,-0.4742,0.5152
0.0000,0.0000,0.0000,0.0000,0.0000,0.0000,1.1085,3.3758,7.5226,0.4608,-0.7655,0.4114
0.0000,0.0000,0.0000,0.0000,0.0000,0.0000,1.0918,3.8355,7.1060,0.5368,-0.6259,0.3790
0.0000,0.0000,0.0000,0.0000,0.0000,0.0000,2.2745,3.9744,6.8402,0.6883,-0.8435,0.5480
0.0000,0.0000,0.0000,0.0000,0.0000,0.0000,2.2505,4.4101,6.0454,0.5887,-0.4727,0.4723
0.0000,0.0000,0.0000,0.0000,0.0000,0.0000,3.0598,4.5610,6.0166,0.6628,-0.5040,0.6424
0.0000,0.0000,0.0000,0.0000,0.0000,0.0000,3.3184,5.1499,5.5091,0.5486,-0.1572,0.5345
0.0000,0.0000,0.0000,0.0000,0.0000,0.0000,3.5458,5.6479,5.2194,0.4362,-0.1957,0.3387
0.0000,0.0000,0.0000,0.0000,0.0000,0.0000,3.2106,5.5545,5.4755,0.3307,-0.3773,0.3764
0.0000,0.0000,0.0000,0.0000,0.0000,0.0000,3.2058,5.4995,5.3822,0.3228,-0.3087,0.4748
0.0000,0.0000,0.0000,0.0000,0.0000,0.0000,4.1084,5.2648,5.1164,0.3111,-0.4094,0.5411
0.0000,0.0000,0.0000,0.0000,0.0000,0.0000,4.2042,5.0302,5.7533,0.0698,-0.3206,0.5236
0.0000,0.0000,0.0000,0.0000,0.0000,0.0000,5.3415,4.5705,5.7868,0.3050,-0.5292,0.4057
0.0000,0.0000,0.0000,0.0000,0.0000,0.0000,5.6910,4.7621,5.3295,0.3178,-0.3869,0.2486
0.0000,0.0000,0.0000,0.0000,0.0000,0.0000,5.1212,5.4540,4.0941,0.2020,-0.2538,-0.0586
0.0000,0.0000,0.0000,0.0000,0.0000,0.0000,5.2936,5.5162,4.7166,0.2868,-0.4112,0.0254
0.0000,0.0000,0.0000,0.0000,0.0000,0.0000,4.8985,6.3207,3.6847,0.2266,-0.2414,-0.0269
0.0000,0.0000,0.0000,0.0000,0.0000,0.0000,5.6814,6.1890,3.6272,0.1962,-0.1877,-0.0493
0.0000,0.0000,0.0000,0.0000,0.0000,0.0000,5.2481,6.3638,3.5721,0.0486,-0.1278,-0.0705
0.0000,0.0000,0.0000,0.0000,0.0000,0.0000,5.7796,6.4380,3.5123,-0.0453,-0.1156,-0.1158
0.0000,0.0000,0.0000,0.0000,0.0000,0.0000,5.3989,6.3279,3.2441,-0.2332,-0.1114,-0.2205
0.0000,0.0000,0.0000,0.0000,0.0000,0.0000,6.7133,5.9568,3.4453,-0.4537,-0.1824,-0.3984
0.0000,0.0000,0.0000,0.0000,0.0000,0.0000,6.4189,6.1675,3.2777,-0.3880,0.3568,-0.4525
0.0000,0.0000,0.0000,0.0000,0.0000,0.0000,5.1619,6.4308,3.0215,-0.7205,0.3171,-0.6306
0.0000,0.0000,0.0000,0.0000,0.0000,0.0000,4.6495,5.8538,4.0725,-0.7854,0.2181,-0.5440
0.0000,0.0000,0.0000,0.0000,0.0000,0.0000,4.1324,5.8826,3.9073,-0.8749,0.3812,-0.5389
0.0000,0.0000,0.0000,0.0000,0.0000,0.0000,4.3239,4.9799,4.4819,-0.9558,0.7059,-0.4676
0.0000,0.0000,0.0000,0.0000,0.0000,0.0000,4.4772,4.3527,5.0422,-0.9453,0.6967,-0.7449
0.0000,0.0000,0.0000,0.0000,0.0000,0.0000,2.6480,4.2138,4.7022,-1.2989,1.0158,-1.0034
0.0000,0.0000,0.0000,0.0000,0.0000,0.0000,1.5730,3.1747,6.8450,-1.3125,0.8521,-0.7961
0.0000,0.0000,0.0000,0.0000,0.0000,0.0000,0.8523,3.3088,6.7564,-1.0761,0.9798,-0.8304
0.0000,0.0000,0.0000,0.0000,0.0000,0.0000,0.1676,2.7126,8.0732,-0.9246,0.5263,-0.6375
0.0000,0.0000,0.0000,0.0000,0.0000,0.0000,-0.2993,2.8180,7.8482,-0.6776,0.9230,-0.5772
0.0000,0.0000,0.0000,0.0000,0.0000,0.0000,-0.9744,2.3080,8.1834,-0.6029,0.5981,-0.3018
0.0000,0.0000,0.0000,0.0000,0.0000,0.0000,-0.0024,2.3391,9.2751,-0.3957,0.7023,-0.3580
0.0000,0.0000,0.0000,0.0000,0.0000,0.0000,0.2562,2.1811,8.8466,-0.4052,0.2169,-0.6706
0.0000,0.0000,0.0000,0.0000,0.0000,0.0000,-1.7286,2.0399,9.3063,-0.2197,0.5837,-0.3649
0.0000,0.0000,0.0000,0.0000,0.0000,0.0000,-0.0646,2.4134,8.4851,0.0119,0.1667,-0.4114
0.0000,0.0000,0.0000,0.0000,0.0000,0.0000,-1.3599,2.0566,8.0613,-0.0875,0.0596,-0.6899
0.0000,0.0000,0.0000,0.0000,0.0000,0.0000,-4.0749,2.3224,6.6415,0.0991,0.4135,-0.6111
0.0000,0.0000,0.0000,0.0000,0.0000,0.0000,-0.2897,3.0909,7.0605,-0.5550,-1.3343,-0.0305
0.0000,0.0000,0.0000,0.0000,0.0000,0.0000,0.6225,2.7174,9.3230,-0.2842,-0.0878,-0.1745
0.0000,0.0000,0.0000,0.0000,0.0000,0.0000,-0.0072,2.3703,6.6607,0.2005,0.0458,-0.1434
0.0000,0.0000,0.0000,0.0000,0.0000,0.0000,1.4246,2.8850,6.9719,0.1577,0.0452,-0.4406
0.0000,0.0000,0.0000,0.0000,0.0000,0.0000,0.2969,3.0047,7.4124,-0.0270,0.1338,-0.4507
0.0000,0.0000,0.0000,0.0000,0.0000,0.0000,0.2993,2.8874,7.6255,0.0160,0.1915,-0.5542
0.0000,0.0000,0.0000,0.0000,0.0000,0.0000,-0.3352,2.5522,7.9942,-0.0093,0.2699,-0.5550
0.0000,0.0000,0.0000,0.0000,0.0000,0.0000,-0.9218,2.5546,7.7141,0.0381,0.3384,-0.5171
0.0000,0.0000,0.0000,0.0000,0.0000,0.0000,-1.2378,2.4756,7.7141,-0.0195,0.4318,-0.5193
0.0000,0.0000,0.0000,0.0000,0.0000,0.0000,-1.1349,2.3583,7.9033,0.0446,0.0878,-0.4122
0.0000,0.0000,0.0000,0.0000,0.0000,0.0000,-1.5419,2.8826,7.3310,0.1171,0.5260,-0.3957
0.0000,0.0000,0.0000,0.0000,0.0000,0.0000,-2.4900,3.0215,6.6032,-0.0452,0.4106,-0.2218
0.0000,0.0000,0.0000,0.0000,0.0000,0.0000,0.0694,2.8419,7.7835,-0.1636,-0.2193,-0.4021
0.0000,0.0000,0.0000,0.0000,0.0000,0.0000,-2.4469,2.9377,7.6974,-0.0024,0.7830,-0.6448
0.0000,0.0000,0.0000,0.0000,0.0000,0.0000,-2.2649,2.5019,8.3797,-0.0520,-0.3886,-0.2594
0.0000,0.0000,0.0000,0.0000,0.0000,0.0000,-2.2027,3.2226,7.1850,0.0951,0.6014,-0.3633
0.0000,0.0000,0.0000,0.0000,0.0000,0.0000,-3.2848,2.6528,7.2496,-0.1620,0.0437,-0.3175
0.0000,0.0000,0.0000,0.0000,0.0000,0.0000,-0.6943,2.3990,8.2432,0.0249,-0.3019,-0.2767
0.0000,0.0000,0.0000,0.0000,0.0000,0.0000,-3.2968,2.7749,7.2209,0.0589,0.9686,-0.2102
0.0000,0.0000,0.0000,0.0000,0.0000,0.0000,-2.8108,2.4756,7.1443,-0.0791,-0.3479,-0.1627
0.0000,0.0000,0.0000,0.0000,0.0000,0.0000,-1.3408,2.3655,8.8178,0.1543,-0.0750,-0.2244
0.0000,0.0000,0.0000,0.0000,0.0000,0.0000,-3.0813,2.8156,7.8195,0.0959,0.2541,-0.1408
0.0000,0.0000,0.0000,0.0000,0.0000,0.0000,-2.0039,2.7701,7.4819,0.1130,-0.2579,-0.1406
0.0000,0.0000,0.0000,0.0000,0.0000,0.0000,-2.1572,2.9880,7.1228,0.1175,0.0460,-0.2377
0.0000,0.0000,0.0000,0.0000,0.0000,0.0000,-3.7062,2.9113,7.0964,-0.0508,-0.0181,0.0116
0.0000,0.0000,0.0000,0.0000,0.0000,0.0000,-1.2378,3.0885,7.1132,-0.1470,-0.5008,-0.2018
0.0000,0.0000,0.0000,0.0000,0.0000,0.0000,-2.2075,3.1771,6.7445,-0.4096,-0.3589,-0.4283
0.0000,0.0000,0.0000,0.0000,0.0000,0.0000,-2.8323,2.2745,7.7500,-0.5905,-0.8154,-0.4791
0.0000,0.0000,0.0000,0.0000,0.0000,0.0000,-2.3463,1.8723,9.2871,-0.2864,-0.5541,-0.2068
0.0000,0.0000,0.0000,0.0000,0.0000,0.0000,-2.6552,2.0542,8.6072,-0.0465,-0.4616,-0.0810
0.0000,0.0000,0.0000,0.0000,0.0000,0.0000,-2.2051,2.0111,8.2025,0.0015,-0.5040,0.0613
0.0000,0.0000,0.0000,0.0000,0.0000,0.0000,-1.7621,2.1237,8.2528,0.0745,-0.3116,0.0855
0.0000,0.0000,0.0000,0.0000,0.0000,0.0000,-2.0231,2.1045,8.4491,0.1286,-0.4942,0.0961
0.0000,0.0000,0.0000,0.0000,0.0000,0.0000,-1.3527,2.2386,8.1570,0.2125,-0.6731,0.2041
0.0000,0.0000,0.0000,0.0000,0.0000,0.0000,-1.5586,2.2889,8.2911,0.2125,-0.3066,0.2200
0.0000,0.0000,0.0000,0.0000,0.0000,0.0000,-1.6831,2.2601,8.5162,0.3468,-0.5093,0.2643
0.0000,0.0000,0.0000,0.0000,0.0000,0.0000,-1.9824,2.3918,7.8362,0.4070,-0.4177,0.3287
0.0000,0.0000,0.0000,0.0000,0.0000,0.0000,-1.1995,2.5331,7.3263,0.4259,-0.6763,0.4482
0.0000,0.0000,0.0000,0.0000,0.0000,0.0000,0.0527,2.6935,7.3622,0.3737,-0.6889,0.5152
0.0000,0.0000,0.0000,0.0000,0.0000,0.0000,0.6847,2.4636,8.2480,0.3933,-0.6037,0.5032
0.0000,0.0000,0.0000,0.0000,0.0000,0.0000,1.0774,3.2441,7.7285,0.4842,-0.2454,0.2022
0.0000,0.0000,0.0000,0.0000,0.0000,0.0000,0.9290,3.8068,7.1898,0.6408,-0.5275,0.4134
0.0000,0.0000,0.0000,0.0000,0.0000,0.0000,1.4222,4.1252,6.8642,0.6452,-0.4838,0.5722
0.0000,0.0000,0.0000,0.0000,0.0000,0.0000,1.7765,4.3144,6.7804,0.7581,-0.4026,0.6271
0.0000,0.0000,0.0000,0.0000,0.0000,0.0000,1.6113,4.9608,5.7988,0.6808,-0.0889,0.5478
0.0000,0.0000,0.0000,0.0000,0.0000,0.0000,2.7533,5.6958,4.9225,0.4755,0.0586,0.5232
0.0000,0.0000,0.0000,0.0000,0.0000,0.0000,2.8683,5.5665,5.3056,0.2923,-0.0791,0.5629
0.0000,0.0000,0.0000,0.0000,0.0000,0.0000,2.6145,5.5043,4.9321,0.0733,-0.0791,0.4706
0.0000,0.0000,0.0000,0.0000,0.0000,0.0000,2.7270,5.3654,6.0334,-0.0990,-0.0317,0.6340
0.0000,0.0000,0.0000,0.0000,0.0000,0.0000,3.5554,5.1715,6.7588,0.0420,-0.0606,0.5336
0.0000,0.0000,0.0000,0.0000,0.0000,0.0000,3.7804,5.2146,6.5505,0.2839,0.0546,0.4531
0.0000,0.0000,0.0000,0.0000,0.0000,0.0000,3.8858,5.5881,5.7988,0.2392,-0.0410,0.3659
0.0000,0.0000,0.0000,0.0000,0.0000,0.0000,3.7397,5.8682,4.7956,0.2218,0.1078,0.4579
0.0000,0.0000,0.0000,0.0000,0.0000,0.0000,3.8642,5.7748,5.3606,0.0193,0.2723,0.4139
0.0000,0.0000,0.0000,0.0000,0.0000,0.0000,4.4436,5.7652,5.4348,0.1061,0.1388,0.3361
0.0000,0.0000,0.0000,0.0000,0.0000,0.0000,3.7445,6.0262,4.7932,0.1090,0.1891,0.1720
0.0000,0.0000,0.0000,0.0000,0.0000,0.0000,4.3431,5.9927,5.0302,0.0959,0.0847,0.1199
0.0000,0.0000,0.0000,0.0000,0.0000,0.0000,4.1228,6.1268,4.8195,-0.0630,0.0398,0.0298
0.0000,0.0000,0.0000,0.0000,0.0000,0.0000,4.1611,5.9209,4.9991,-0.1082,0.0648,0.0073
0.0000,0.0000,0.0000,0.0000,0.0000,0.0000,4.0869,5.9951,4.8794,-0.1555,0.0659,-0.0878
0.0000,0.0000,0.0000,0.0000,0.0000,0.0000,3.6990,5.7916,5.1954,-0.1699,0.1555,-0.1026
0.0000,0.0000,0.0000,0.0000,0.0000,0.0000,4.1300,5.7437,5.3582,-0.1860,0.0861,-0.1406
0.0000,0.0000,0.0000,0.0000,0.0000,0.0000,3.9959,5.6862,5.1858,-0.2658,0.1486,-0.2450
0.0000,0.0000,0.0000,0.0000,0.0000,0.0000,3.8954,5.4947,5.6862,-0.2333,0.0382,-0.2761
0.0000,0.0000,0.0000,0.0000,0.0000,0.0000,3.5865,5.8466,5.2409,-0.2246,0.1390,-0.3224
0.0000,0.0000,0.0000,0.0000,0.0000,0.0000,3.5602,5.6599,5.1978,-0.3631,0.1186,-0.3636
0.0000,0.0000,0.0000,0.0000,0.0000,0.0000,3.4213,5.7796,5.0685,-0.3601,0.1805,-0.4209
0.0000,0.0000,0.0000,0.0000,0.0000,0.0000,3.2226,5.8562,5.0973,-0.3916,0.1254,-0.3918
0.0000,0.0000,0.0000,0.0000,0.0000,0.0000,3.4620,5.8730,4.9081,-0.4017,0.0689,-0.3889
0.0000,0.0000,0.0000,0.0000,0.0000,0.0000,2.8132,5.8035,4.7645,-0.5981,0.2534,-0.3692
0.0000,0.0000,0.0000,0.0000,0.0000,0.0000,2.8419,5.4277,5.5665,-0.6544,0.1884,-0.3417
0.0000,0.0000,0.0000,0.0000,0.0000,0.0000,2.4373,5.0398,5.9256,-0.6736,0.3604,-0.3934
0.0000,0.0000,0.0000,0.0000,0.0000,0.0000,1.0678,4.1348,6.9815,0.0827,0.0675,-0.5075
0.0000,0.0000,0.0000,0.0000,0.0000,0.0000,2.4756,4.7645,4.7070,-0.1288,0.1195,-0.2577
0.0000,0.0000,0.0000,0.0000,0.0000,0.0000,2.4732,4.1707,6.3231,-0.3440,0.3505,-0.2878
0.0000,0.0000,0.0000,0.0000,0.0000,0.0000,0.8332,4.1659,6.4500,-0.5249,0.4439,-0.4810
0.0000,0.0000,0.0000,0.0000,0.0000,0.0000,1.0942,3.9121,7.4436,-0.5609,0.4000,-0.4214
0.0000,0.0000,0.0000,0.0000,0.0000,0.0000,1.2665,4.1468,7.2185,-0.4511,0.3848,-0.3914
0.0000,0.0000,0.0000,0.0000,0.0000,0.0000,0.7398,4.1563,6.8522,-0.5476,0.4085,-0.4533
0.0000,0.0000,0.0000,0.0000,0.0000,0.0000,0.4525,3.9049,6.5003,-0.4972,0.4319,-0.4242
0.0000,0.0000,0.0000,0.0000,0.0000,0.0000,0.2394,3.8523,6.6774,-0.5732,0.6206,-0.4515
0.0000,0.0000,0.0000,0.0000,0.0000,0.0000,-0.1484,3.7493,6.6990,-0.6530,0.6588,-0.3969
0.0000,0.0000,0.0000,0.0000,0.0000,0.0000,-0.1796,3.0718,7.6926,-0.5133,0.5395,-0.2189
0.0000,0.0000,0.0000,0.0000,0.0000,0.0000,0.2729,3.2657,8.1882,-0.5100,1.1587,-0.4565
0.0000,0.0000,0.0000,0.0000,0.0000,0.0000,-0.8140,2.8922,7.8171,-0.4451,0.5312,-0.6175
0.0000,0.0000,0.0000,0.0000,0.0000,0.0000,-1.6257,2.8132,8.0086,-0.3993,0.5941,-0.6086
0.0000,0.0000,0.0000,0.0000,0.0000,0.0000,-2.7653,2.9329,7.6040,-0.3901,0.5344,-0.3591
0.0000,0.0000,0.0000,0.0000,0.0000,0.0000,-2.7892,2.6695,7.3909,-0.5035,0.3014,-0.1607
0.0000,0.0000,0.0000,0.0000,0.0000,0.0000,-0.5363,2.2769,7.8003,-0.5609,0.2316,-0.1507
0.0000,0.0000,0.0000,0.0000,0.0000,0.0000,-1.6257,2.4373,8.4683,-0.4728,0.5185,-0.3596
0.0000,0.0000,0.0000,0.0000,0.0000,0.0000,-3.1963,2.1787,8.8801,-0.2940,0.3328,-0.0838
0.0000,0.0000,0.0000,0.0000,0.0000,0.0000,-1.3312,2.5115,8.1163,-0.2098,0.1184,0.0201
0.0000,0.0000,0.0000,0.0000,0.0000,0.0000,-2.6217,2.4708,7.9272,-0.2591,0.5208,-0.0689
0.0000,0.0000,0.0000,0.0000,0.0000,0.0000,-2.8874,1.8890,8.8514,-0.2241,0.0953,0.0504
0.0000,0.0000,0.0000,0.0000,0.0000,0.0000,-1.4700,2.0207,8.7508,0.1543,-0.2944,0.0461
0.0000,0.0000,0.0000,0.0000,0.0000,0.0000,-2.6312,2.4612,7.9080,0.1378,0.1962,-0.0028
0.0000,0.0000,0.0000,0.0000,0.0000,0.0000,-2.4852,2.2218,8.5736,-0.1085,0.0164,0.1904
0.0000,0.0000,0.0000,0.0000,0.0000,0.0000,-2.4876,1.8747,8.8226,-0.0966,-0.1556,0.1431
0.0000,0.0000,0.0000,0.0000,0.0000,0.0000,-2.7653,1.6903,8.9040,-0.0161,-0.2258,0.1972
0.0000,0.0000,0.0000,0.0000,0.0000,0.0000,-2.6312,2.0925,8.6407,0.0735,-0.2509,0.2650
0.0000,0.0000,0.0000,0.0000,0.0000,0.0000,-2.3798,2.1069,8.4707,0.1038,-0.5553,0.3242
0.0000,0.0000,0.0000,0.0000,0.0000,0.0000,-1.5227,2.2146,8.4252,0.1745,-0.5688,0.3561
0.0000,0.0000,0.0000,0.0000,0.0000,0.0000,-1.4868,2.4995,8.1499,0.2410,-0.5369,0.3900
0.0000,0.0000,0.0000,0.0000,0.0000,0.0000,-1.3695,2.6312,7.7907,0.2286,-0.5648,0.4278
0.0000,0.0000,0.0000,0.0000,0.0000,0.0000,-1.1037,2.5953,7.6974,0.2503,-0.6662,0.4870
0.0000,0.0000,0.0000,0.0000,0.0000,0.0000,-0.2897,2.7988,7.9918,0.2565,-0.5488,0.4538
0.0000,0.0000,0.0000,0.0000,0.0000,0.0000,0.0934,2.7007,7.8243,0.3836,-0.6403,0.4108
0.0000,0.0000,0.0000,0.0000,0.0000,0.0000,-0.0766,3.0885,7.4196,0.4209,-0.5534,0.3433
0.0000,0.0000,0.0000,0.0000,0.0000,0.0000,-0.6895,3.3160,7.1898,0.4619,-0.5125,0.4343
0.0000,0.0000,0.0000,0.0000,0.0000,0.0000,0.2155,3.1412,7.1826,0.4289,-0.6090,0.5915
0.0000,0.0000,0.0000,0.0000,0.0000,0.0000,1.0582,3.4261,7.2856,0.4683,-0.2798,0.5917
0.0000,0.0000,0.0000,0.0000,0.0000,0.0000,0.9912,3.1460,7.7141,0.5180,-0.4165,0.5701
0.0000,0.0000,0.0000,0.0000,0.0000,0.0000,1.5826,3.8092,7.0126,0.6065,-0.4082,0.4652
0.0000,0.0000,0.0000,0.0000,0.0000,0.0000,1.1851,3.9265,6.8714,0.5145,-0.4069,0.3929
0.0000,0.0000,0.0000,0.0000,0.0000,0.0000,2.0614,4.0869,6.9121,0.5486,-0.6269,0.3158
0.0000,0.0000,0.0000,0.0000,0.0000,0.0000,2.4277,4.4221,6.3877,0.5431,-0.6227,0.2054
0.0000,0.0000,0.0000,0.0000,0.0000,0.0000,2.4876,4.6471,5.8275,0.4202,-0.6472,0.0023
0.0000,0.0000,0.0000,0.0000,0.0000,0.0000,2.3990,4.6663,6.2728,0.2633,-0.8777,-0.0814
0.0000,0.0000,0.0000,0.0000,0.0000,0.0000,1.7621,4.5011,6.9168,0.2731,-0.7033,0.0020
0.0000,0.0000,0.0000,0.0000,0.0000,0.0000,1.9106,4.4532,7.2664,0.4704,-0.4691,0.1947
0.0000,0.0000,0.0000,0.0000,0.0000,0.0000,2.7294,5.2816,5.0877,0.5117,-0.3051,0.3208
0.0000,0.0000,0.0000,0.0000,0.0000,0.0000,2.9113,5.0996,5.3319,0.3313,-0.5881,0.3292
0.0000,0.0000,0.0000,0.0000,0.0000,0.0000,3.7326,5.7030,4.7357,0.2674,-0.4970,0.3752
0.0000,0.0000,0.0000,0.0000,0.0000,0.0000,4.0390,5.5689,5.3582,0.2056,-0.4818,0.2105
0.0000,0.0000,0.0000,0.0000,0.0000,0.0000,4.2425,5.8131,5.1763,0.2521,-0.6815,0.1568
0.0000,0.0000,0.0000,0.0000,0.0000,0.0000,5.3989,6.0669,4.3407,0.2991,-0.5838,0.0284
0.0000,0.0000,0.0000,0.0000,0.0000,0.0000,5.4803,6.2656,3.9241,0.1318,-0.0349,0.0506
0.0000,0.0000,0.0000,0.0000,0.0000,0.0000,3.0957,5.5761,5.1523,-0.0406,-0.0084,-0.1657
0.0000,0.0000,0.0000,0.0000,0.0000,0.0000,3.2729,5.7365,5.1308,-0.1668,0.1073,-0.1671
0.0000,0.0000,0.0000,0.0000,0.0000,0.0000,2.3008,5.5115,6.1675,-0.1541,0.1875,0.1063
0.0000,0.0000,0.0000,0.0000,0.0000,0.0000,3.5171,5.5665,6.2968,-0.0345,0.2831,0.0468
0.0000,0.0000,0.0000,0.0000,0.0000,0.0000,3.3160,5.6982,6.1028,0.0205,-0.0077,0.0007
0.0000,0.0000,0.0000,0.0000,0.0000,0.0000,3.3519,5.7796,5.5545,-0.0116,-0.0089,-0.0506
0.0000,0.0000,0.0000,0.0000,0.0000,0.0000,3.6033,5.6048,5.9352,-0.0675,0.0272,-0.0128
0.0000,0.0000,0.0000,0.0000,0.0000,0.0000,3.6152,5.3343,5.9759,-0.0250,0.0332,-0.1178
0.0000,0.0000,0.0000,0.0000,0.0000,0.0000,3.3567,5.3391,5.4300,0.0095,0.1555,-0.1665
0.0000,0.0000,0.0000,0.0000,0.0000,0.0000,3.3208,5.4396,5.4372,0.0053,0.5658,-0.2887
0.0000,0.0000,0.0000,0.0000,0.0000,0.0000,1.8340,5.7796,5.2241,-0.0769,0.4644,-0.3344
0.0000,0.0000,0.0000,0.0000,0.0000,0.0000,2.7797,5.7652,6.0094,-0.0994,0.0689,-0.2782
0.0000,0.0000,0.0000,0.0000,0.0000,0.0000,1.8866,5.7940,6.0047,-0.1853,0.1295,-0.2096
0.0000,0.0000,0.0000,0.0000,0.0000,0.0000,1.7526,5.4420,6.5098,-0.1336,-0.0208,-0.0652
0.0000,0.0000,0.0000,0.0000,0.0000,0.0000,2.4876,5.3439,6.3015,-0.0390,-0.1977,0.0113
0.0000,0.0000,0.0000,0.0000,0.0000,0.0000,3.0765,5.4037,6.2632,-0.0301,-0.3048,0.0638
0.0000,0.0000,0.0000,0.0000,0.0000,0.0000,3.2513,5.3917,6.1938,0.0634,-0.1572,0.1985
0.0000,0.0000,0.0000,0.0000,0.0000,0.0000,3.3519,5.5809,5.4612,0.1412,0.0217,0.1371
0.0000,0.0000,0.0000,0.0000,0.0000,0.0000,3.7469,5.8921,5.1044,0.0352,0.0288,0.0244
0.0000,0.0000,0.0000,0.0000,0.0000,0.0000,3.1843,5.7652,5.3702,-0.0289,-0.1092,-0.0428
0.0000,0.0000,0.0000,0.0000,0.0000,0.0000,3.2848,5.7676,5.4229,-0.0133,0.0152,-0.0342
0.0000,0.0000,0.0000,0.0000,0.0000,0.0000,3.5099,5.7461,5.1380,-0.1660,-0.0009,-0.1704
0.0000,0.0000,0.0000,0.0000,0.0000,0.0000,3.3543,5.5881,5.5761,-0.2806,-0.2521,-0.3660
0.0000,0.0000,0.0000,0.0000,0.0000,0.0000,3.0885,5.6264,5.7868,-0.2670,-0.2074,-0.3380
0.0000,0.0000,0.0000,0.0000,0.0000,0.0000,2.7390,5.6120,5.7533,-0.2228,-0.0729,-0.3280
0.0000,0.0000,0.0000,0.0000,0.0000,0.0000,3.0981,5.6886,5.6695,-0.1572,-0.0652,-0.2911
0.0000,0.0000,0.0000,0.0000,0.0000,0.0000,3.3519,5.7437,5.3750,-0.2109,-0.0598,-0.2959
0.0000,0.0000,0.0000,0.0000,0.0000,0.0000,2.8850,5.4636,5.7030,-0.2606,-0.0801,-0.3456
0.0000,0.0000,0.0000,0.0000,0.0000,0.0000,2.9377,5.4061,5.9640,-0.2867,-0.1210,-0.3668
0.0000,0.0000,0.0000,0.0000,0.0000,0.0000,2.6432,5.4277,5.8371,-0.3138,-0.0739,-0.4105
0.0000,0.0000,0.0000,0.0000,0.0000,0.0000,2.9185,5.4492,5.6767,-0.3404,-0.1696,-0.4074
0.0000,0.0000,0.0000,0.0000,0.0000,0.0000,1.6161,5.4324,5.7940,-0.4720,0.2467,-0.3329
0.0000,0.0000,0.0000,0.0000,0.0000,0.0000,2.1428,5.1380,6.2441,-0.5179,0.2517,-0.2060
0.0000,0.0000,0.0000,0.0000,0.0000,0.0000,2.0423,5.0422,6.4332,-0.4696,0.2434,-0.2045
0.0000,0.0000,0.0000,0.0000,0.0000,0.0000,2.4134,5.1284,5.9280,-0.4253,0.2477,-0.1962
0.0000,0.0000,0.0000,0.0000,0.0000,0.0000,1.3910,5.5952,4.8267,-0.5032,0.4763,-0.1376
0.0000,0.0000,0.0000,0.0000,0.0000,0.0000,1.8483,5.9999,4.3120,-0.5951,0.4855,0.0510
0.0000,0.0000,0.0000,0.0000,0.0000,0.0000,2.1141,5.7365,3.8762,-0.8347,0.6412,0.0947
0.0000,0.0000,0.0000,0.0000,0.0000,0.0000,1.7909,4.9440,4.8818,-1.1580,0.7171,0.0548
0.0000,0.0000,0.0000,0.0000,0.0000,0.0000,1.2617,3.6583,6.7445,-1.2107,0.6042,0.0044
0.0000,0.0000,0.0000,0.0000,0.0000,0.0000,1.3910,2.7294,7.4915,-1.0559,0.4716,0.1228
0.0000,0.0000,0.0000,0.0000,0.0000,0.0000,2.4253,2.3559,8.3534,-0.9581,0.6181,0.0886
0.0000,0.0000,0.0000,0.0000,0.0000,0.0000,0.9505,1.0223,10.5393,-0.3060,0.8374,-0.1443
0.0000,0.0000,0.0000,0.0000,0.0000,0.0000,1.8387,1.9944,8.5210,0.1074,0.0444,-0.1280
0.0000,0.0000,0.0000,0.0000,0.0000,0.0000,2.1739,2.6169,7.1850,-0.1423,1.0102,-0.0412
0.0000,0.0000,0.0000,0.0000,0.0000,0.0000,1.3384,2.5379,7.7452,-0.3581,1.0132,-0.2936
0.0000,0.0000,0.0000,0.0000,0.0000,0.0000,-0.0622,2.5642,8.4204,-0.3753,1.0970,-0.3560
0.0000,0.0000,0.0000,0.0000,0.0000,0.0000,-0.1245,2.3870,8.2001,-0.2593,0.6271,-0.4489
0.0000,0.0000,0.0000,0.0000,0.0000,0.0000,-1.9776,2.2529,7.7620,-0.4960,1.1457,-0.4596
0.0000,0.0000,0.0000,0.0000,0.0000,0.0000,-0.8045,2.0901,7.9296,-0.3333,0.2357,-0.5789
0.0000,0.0000,0.0000,0.0000,0.0000,0.0000,-1.4988,2.4924,7.6998,-0.3529,0.9085,-0.6644
0.0000,0.0000,0.0000,0.0000,0.0000,0.0000,-2.3583,2.3152,7.6926,-0.3499,0.7750,-0.6587
0.0000,0.0000,0.0000,0.0000,0.0000,0.0000,-1.2067,1.6688,8.1044,-0.3297,0.2510,-0.8961
0.0000,0.0000,0.0000,0.0000,0.0000,0.0000,-2.5953,1.7071,8.6311,-0.3635,0.5786,-0.9377
0.0000,0.0000,0.0000,0.0000,0.0000,0.0000,-3.9696,1.5036,9.2727,-0.0677,0.5542,-0.5080
0.0000,0.0000,0.0000,0.0000,0.0000,0.0000,-3.3806,2.1452,8.5377,0.0529,0.6536,-0.2948
0.0000,0.0000,0.0000,0.0000,0.0000,0.0000,-4.0199,1.8962,8.5856,0.0260,0.5229,-0.3179
0.0000,0.0000,0.0000,0.0000,0.0000,0.0000,-3.1939,1.6520,8.7795,0.1502,-0.0691,-0.2638
0.0000,0.0000,0.0000,0.0000,0.0000,0.0000,-4.0510,2.3104,7.6926,0.2140,0.5597,-0.2188
0.0000,0.0000,0.0000,0.0000,0.0000,0.0000,-4.2377,2.2529,7.8051,0.2280,0.1735,-0.0212
0.0000,0.0000,0.0000,0.0000,0.0000,0.0000,-3.1939,2.3487,7.1371,0.2173,-0.3246,-0.0290
0.0000,0.0000,0.0000,0.0000,0.0000,0.0000,-3.3878,2.4780,7.2209,0.2041,0.2116,-0.0334
0.0000,0.0000,0.0000,0.0000,0.0000,0.0000,-3.7565,2.4636,7.6854,0.1138,-0.0731,-0.0779
0.0000,0.0000,0.0000,0.0000,0.0000,0.0000,-4.6615,2.7438,7.7620,0.1789,0.0381,0.0192
0.0000,0.0000,0.0000,0.0000,0.0000,0.0000,-5.6623,2.9521,7.7117,0.1210,-0.1935,0.1479
0.0000,0.0000,0.0000,0.0000,0.0000,0.0000,-4.7645,2.4876,8.1427,0.1685,-0.7264,0.4441
0.0000,0.0000,0.0000,0.0000,0.0000,0.0000,-3.7230,2.5450,7.7189,0.2134,-0.3192,0.5589
0.0000,0.0000,0.0000,0.0000,0.0000,0.0000,-3.7589,2.2984,8.0900,0.2854,-0.2313,0.5793
0.0000,0.0000,0.0000,0.0000,0.0000,0.0000,-4.0055,2.4876,7.5465,0.4008,-0.5458,0.6592
0.0000,0.0000,0.0000,0.0000,0.0000,0.0000,-3.2489,2.8754,7.6854,0.4462,-0.5233,0.8091
0.0000,0.0000,0.0000,0.0000,0.0000,0.0000,-2.7557,2.7940,7.6638,0.4796,-0.5492,0.8278
0.0000,0.0000,0.0000,0.0000,0.0000,0.0000,-2.3966,3.1747,7.1898,0.5781,-0.6269,0.8812
0.0000,0.0000,0.0000,0.0000,0.0000,0.0000,-0.8835,3.1244,7.3909,0.5117,-1.0075,0.9164
0.0000,0.0000,0.0000,0.0000,0.0000,0.0000,-0.3136,3.5410,7.2856,0.6813,-0.5784,0.6607
0.0000,0.0000,0.0000,0.0000,0.0000,0.0000,0.1413,3.5003,7.3334,0.7637,-0.8358,0.6047
0.0000,0.0000,0.0000,0.0000,0.0000,0.0000,0.0120,3.6727,6.2848,0.6564,-0.7374,0.7392
0.0000,0.0000,0.0000,0.0000,0.0000,0.0000,1.6161,3.9552,6.8929,0.7313,-0.5232,0.7650
0.0000,0.0000,0.0000,0.0000,0.0000,0.0000,1.6807,4.2449,6.3973,0.8704,-0.4950,0.7077
0.0000,0.0000,0.0000,0.0000,0.0000,0.0000,2.3272,4.8746,5.4564,0.8884,-0.5023,0.5941
0.0000,0.0000,0.0000,0.0000,0.0000,0.0000,2.2410,5.3965,4.9105,0.6548,-0.5027,0.5845
0.0000,0.0000,0.0000,0.0000,0.0000,0.0000,2.3128,5.2218,5.6886,0.5638,-0.4682,0.4002
0.0000,0.0000,0.0000,0.0000,0.0000,0.0000,2.5666,5.4205,5.6455,0.6170,-0.4731,0.4185
0.0000,0.0000,0.0000,0.0000,0.0000,0.0000,1.7789,5.8299,4.9512,0.5139,-0.2386,0.3508
0.0000,0.0000,0.0000,0.0000,0.0000,0.0000,1.8651,5.6072,5.9831,0.4066,-0.5789,0.3469
0.0000,0.0000,0.0000,0.0000,0.0000,0.0000,1.7741,5.6575,5.6910,0.5581,-0.5185,0.4454
0.0000,0.0000,0.0000,0.0000,0.0000,0.0000,2.2673,6.0262,5.0996,0.5247,-0.3320,0.5387
0.0000,0.0000,0.0000,0.0000,0.0000,0.0000,2.1620,6.1986,4.7621,0.5537,-0.3335,0.5260
0.0000,0.0000,0.0000,0.0000,0.0000,0.0000,2.0135,6.0406,5.1906,0.4151,-0.3966,0.5332
0.0000,0.0000,0.0000,0.0000,0.0000,0.0000,3.3567,5.9951,5.5067,0.5946,-0.5520,0.5978
0.0000,0.0000,0.0000,0.0000,0.0000,0.0000,4.0845,6.2513,4.6160,0.6730,-0.4239,0.5846
0.0000,0.0000,0.0000,0.0000,0.0000,0.0000,3.1699,6.3279,4.5250,0.5007,-0.0909,0.5309
0.0000,0.0000,0.0000,0.0000,0.0000,0.0000,3.5530,6.2153,4.7046,0.5822,-0.3367,0.6391
0.0000,0.0000,0.0000,0.0000,0.0000,0.0000,4.6711,6.4308,4.1444,0.6193,-0.1340,0.5637
0.0000,0.0000,0.0000,0.0000,0.0000,0.0000,3.9552,6.4691,4.2234,0.5620,-0.0242,0.4499
0.0000,0.0000,0.0000,0.0000,0.0000,0.0000,4.1946,6.5194,3.8523,0.5490,-0.1940,0.4922
0.0000,0.0000,0.0000,0.0000,0.0000,0.0000,4.4556,6.5936,4.4029,0.5171,-0.0683,0.4317
0.0000,0.0000,0.0000,0.0000,0.0000,0.0000,3.8810,6.7564,4.2593,0.5075,-0.0909,0.2213
0.0000,0.0000,0.0000,0.0000,0.0000,0.0000,3.2896,6.8115,3.7804,0.5750,-0.3613,0.2912
0.0000,0.0000,0.0000,0.0000,0.0000,0.0000,4.0701,7.1180,3.1053,0.5379,-0.3054,0.4057
0.0000,0.0000,0.0000,0.0000,0.0000,0.0000,4.0797,7.0533,3.2609,0.6001,-0.0785,0.4445
0.0000,0.0000,0.0000,0.0000,0.0000,0.0000,4.0606,7.1156,2.5857,0.5975,-0.0811,0.5648
0.0000,0.0000,0.0000,0.0000,0.0000,0.0000,4.4891,7.3933,2.1979,0.5744,-0.0833,0.6532
0.0000,0.0000,0.0000,0.0000,0.0000,0.0000,4.2880,7.3215,2.0614,0.2384,-0.0352,0.7232
0.0000,0.0000,0.0000,0.0000,0.0000,0.0000,5.4636,6.7540,3.1699,0.2691,-0.3957,0.4942
0.0000,0.0000,0.0000,0.0000,0.0000,0.0000,5.6934,6.6846,2.8084,0.3878,-0.4109,0.4032
0.0000,0.0000,0.0000,0.0000,0.0000,0.0000,5.6048,6.5936,2.5762,0.3094,-0.2677,0.4361
0.0000,0.0000,0.0000,0.0000,0.0000,0.0000,6.9192,6.5817,2.4349,0.4331,-0.3319,0.1491
0.0000,0.0000,0.0000,0.0000,0.0000,0.0000,6.3638,6.5888,1.9082,0.3032,-0.2184,0.0221
0.0000,0.0000,0.0000,0.0000,0.0000,0.0000,6.9025,6.6726,1.7071,0.3289,-0.2966,-0.0540
0.0000,0.0000,0.0000,0.0000,0.0000,0.0000,7.6184,6.9240,1.8723,0.3675,-0.3047,-0.2168
0.0000,0.0000,0.0000,0.0000,0.0000,0.0000,6.6631,7.2784,1.0247,0.2730,-0.2244,-0.3660
0.0000,0.0000,0.0000,0.0000,0.0000,0.0000,6.3279,7.5202,0.9744,0.2298,-0.2124,-0.5044
0.0000,0.0000,0.0000,0.0000,0.0000,0.0000,5.7844,7.9487,0.5602,0.1768,-0.0137,-0.5512
0.0000,0.0000,0.0000,0.0000,0.0000,0.0000,5.5545,8.4108,0.2897,0.0777,-0.0794,-0.5538
0.0000,0.0000,0.0000,0.0000,0.0000,0.0000,4.7836,8.5425,0.3519,-0.5796,0.0831,-0.4038
0.0000,0.0000,0.0000,0.0000,0.0000,0.0000,5.5929,8.4084,0.9433,-0.6335,0.0657,-0.3563
0.0000,0.0000,0.0000,0.0000,0.0000,0.0000,4.8794,8.2863,0.7111,-0.7866,0.3300,-0.3130
0.0000,0.0000,0.0000,0.0000,0.0000,0.0000,5.0326,7.9464,1.0367,-0.8731,0.3086,-0.3641
0.0000,0.0000,0.0000,0.0000,0.0000,0.0000,5.5641,7.5920,1.5347,-0.9603,0.3669,-0.3781
0.0000,0.0000,0.0000,0.0000,0.0000,0.0000,4.7764,7.5824,1.6879,-1.0443,0.6005,-0.4926
0.0000,0.0000,0.0000,0.0000,0.0000,0.0000,4.6208,7.4005,2.0303,-1.0922,0.4394,-0.5590
0.0000,0.0000,0.0000,0.0000,0.0000,0.0000,4.1515,6.8450,2.7174,-1.2509,0.5974,-0.5356
0.0000,0.0000,0.0000,0.0000,0.0000,0.0000,3.8954,6.5266,3.2848,-1.3416,0.6066,-0.5444
0.0000,0.0000,0.0000,0.0000,0.0000,0.0000,3.8523,5.8538,4.2665,-1.3480,0.5836,-0.6261
0.0000,0.0000,0.0000,0.0000,0.0000,0.0000,3.4117,5.6958,4.9057,-1.2533,0.7653,-0.6544
0.0000,0.0000,0.0000,0.0000,0.0000,0.0000,3.0311,5.2792,4.8291,-1.0774,0.5413,-0.6082
0.0000,0.0000,0.0000,0.0000,0.0000,0.0000,3.0478,4.7956,5.5593,-1.1656,0.8432,-0.8343
0.0000,0.0000,0.0000,0.0000,0.0000,0.0000,1.2402,3.7661,7.4196,-0.8661,0.8084,-0.8577
0.0000,0.0000,0.0000,0.0000,0.0000,0.0000,1.3934,4.0749,7.4340,-0.5923,0.7344,-0.8544
0.0000,0.0000,0.0000,0.0000,0.0000,0.0000,-0.1532,5.0039,6.1363,-0.5416,1.0166,-0.9454
0.0000,0.0000,0.0000,0.0000,0.0000,0.0000,-1.3503,4.7333,5.9927,-0.7276,0.6320,-0.9224
0.0000,0.0000,0.0000,0.0000,0.0000,0.0000,0.7422,4.6998,6.6272,-0.7409,-0.1218,-1.1259
0.0000,0.0000,0.0000,0.0000,0.0000,0.0000,-0.8715,4.3670,6.7325,-0.7436,0.3151,-0.9955
0.0000,0.0000,0.0000,0.0000,0.0000,0.0000,-1.2426,3.6248,7.0485,-0.6117,0.7292,-0.7661
0.0000,0.0000,0.0000,0.0000,0.0000,0.0000,-0.0694,4.4412,6.0214,-0.5241,0.7400,-0.7115
0.0000,0.0000,0.0000,0.0000,0.0000,0.0000,-0.9505,4.5250,5.4229,-0.7697,0.7412,-0.9763
0.0000,0.0000,0.0000,0.0000,0.0000,0.0000,-1.5155,3.6033,4.9919,-1.1150,0.1707,-1.1337
0.0000,0.0000,0.0000,0.0000,0.0000,0.0000,-1.5012,3.2346,7.0030,-1.2903,0.3076,-1.2201
0.0000,0.0000,0.0000,0.0000,0.0000,0.0000,-3.6871,2.1021,8.8825,-1.0661,0.5140,-1.0424
0.0000,0.0000,0.0000,0.0000,0.0000,0.0000,-2.7414,1.8842,8.7269,-0.7080,-0.1531,-0.5632
0.0000,0.0000,0.0000,0.0000,0.0000,0.0000,-2.5570,2.4038,8.5808,-0.4302,1.2097,-0.4475
0.0000,0.0000,0.0000,0.0000,0.0000,0.0000,-3.5937,1.7693,9.5696,-0.1362,1.0059,-0.4481
0.0000,0.0000,0.0000,0.0000,0.0000,0.0000,-2.2505,1.9609,8.0469,0.0946,0.0161,-0.0596
0.0000,0.0000,0.0000,0.0000,0.0000,0.0000,-2.0662,3.3232,6.2872,0.0290,1.1335,-0.4006
0.0000,0.0000,0.0000,0.0000,0.0000,0.0000,-3.4165,3.1268,6.8067,-0.2479,0.8587,-0.4632
0.0000,0.0000,0.0000,0.0000,0.0000,0.0000,-4.6519,2.5450,6.8977,-0.2659,0.2489,-0.3094
0.0000,0.0000,0.0000,0.0000,0.0000,0.0000,-4.5274,2.5235,7.8147,-0.3788,0.7362,-0.3429
0.0000,0.0000,0.0000,0.0000,0.0000,0.0000,-5.0135,2.0135,7.9176,-0.3584,0.2537,-0.1911
0.0000,0.0000,0.0000,0.0000,0.0000,0.0000,-3.7828,2.2601,7.4699,-0.1994,0.4331,-0.1050
0.0000,0.0000,0.0000,0.0000,0.0000,0.0000,-4.9680,2.3296,7.2233,-0.2914,0.6179,-0.1299
0.0000,0.0000,0.0000,0.0000,0.0000,0.0000,-4.0534,2.1165,7.1299,-0.3092,-0.0394,-0.0734
0.0000,0.0000,0.0000,0.0000,0.0000,0.0000,-3.8810,2.1117,7.0366,-0.2689,0.4189,-0.0919
0.0000,0.0000,0.0000,0.0000,0.0000,0.0000,-4.6136,1.9441,7.2903,-0.2140,0.0540,-0.0053
0.0000,0.0000,0.0000,0.0000,0.0000,0.0000,-5.8826,1.6496,8.0828,-0.1683,-0.1320,0.1202
0.0000,0.0000,0.0000,0.0000,0.0000,0.0000,-6.0262,1.6664,7.9990,-0.0368,-0.0337,0.1779
0.0000,0.0000,0.0000,0.0000,0.0000,0.0000,-5.9400,1.6807,8.0804,0.0616,-0.2614,0.3488
0.0000,0.0000,0.0000,0.0000,0.0000,0.0000,-5.3415,2.0686,7.7405,0.1267,-0.4207,0.4219
0.0000,0.0000,0.0000,0.0000,0.0000,0.0000,-5.8562,1.8507,7.9990,0.1644,-0.2922,0.5271
0.0000,0.0000,0.0000,0.0000,0.0000,0.0000,-5.2170,1.8340,7.6327,0.2870,-0.6186,0.6414
0.0000,0.0000,0.0000,0.0000,0.0000,0.0000,-4.2377,2.1476,7.2784,0.2439,-0.6157,0.6594
0.0000,0.0000,0.0000,0.0000,0.0000,0.0000,-3.7158,2.0207,7.6591,0.1936,-0.7894,0.5982
0.0000,0.0000,0.0000,0.0000,0.0000,0.0000,-2.8347,2.2386,7.3502,0.2799,-0.9705,0.5501
0.0000,0.0000,0.0000,0.0000,0.0000,0.0000,-3.8738,2.3248,7.5992,0.2069,-0.6137,0.6011
0.0000,0.0000,0.0000,0.0000,0.0000,0.0000,-2.8347,2.0925,8.2863,0.4033,-0.7813,0.7833
0.0000,0.0000,0.0000,0.0000,0.0000,0.0000,-1.9273,2.5666,7.8937,0.5979,-0.7907,0.7418
0.0000,0.0000,0.0000,0.0000,0.0000,0.0000,-2.8060,2.6504,7.4508,0.5933,-0.6015,0.7807
0.0000,0.0000,0.0000,0.0000,0.0000,0.0000,-1.8699,2.9090,7.5250,0.6831,-0.8981,0.9081
0.0000,0.0000,0.0000,0.0000,0.0000,0.0000,-1.5036,3.2489,7.3550,0.6901,-0.6234,0.8787
0.0000,0.0000,0.0000,0.0000,0.0000,0.0000,-1.6496,3.1292,7.5058,0.7981,-0.8444,0.8259
0.0000,0.0000,0.0000,0.0000,0.0000,0.0000,-0.7829,3.9576,6.5050,0.8909,-0.6486,0.8605
0.0000,0.0000,0.0000,0.0000,0.0000,0.0000,-0.2969,4.0893,6.3279,0.9418,-0.9450,0.8560
0.0000,0.0000,0.0000,0.0000,0.0000,0.0000,0.3041,4.7214,5.3367,0.9325,-0.9042,0.8471
0.0000,0.0000,0.0000,0.0000,0.0000,0.0000,0.7159,4.9105,5.9113,0.7225,-0.7851,0.8175
0.0000,0.0000,0.0000,0.0000,0.0000,0.0000,0.1604,4.9608,5.5162,0.7965,-0.8314,0.9056
0.0000,0.0000,0.0000,0.0000,0.0000,0.0000,1.1636,4.9249,5.9089,0.8756,-0.8139,0.9923
0.0000,0.0000,0.0000,0.0000,0.0000,0.0000,3.1053,5.3463,4.6735,0.8322,-0.6250,0.8444
0.0000,0.0000,0.0000,0.0000,0.0000,0.0000,3.8211,4.8363,5.5976,0.6277,-0.4567,0.8023
0.0000,0.0000,0.0000,0.0000,0.0000,0.0000,3.8427,4.4005,6.4691,0.7681,-0.4463,0.7638
0.0000,0.0000,0.0000,0.0000,0.0000,0.0000,4.3311,4.8866,5.3893,1.0211,-0.5261,0.7445
0.0000,0.0000,0.0000,0.0000,0.0000,0.0000,5.3367,5.2313,4.8530,1.1191,-0.4582,0.6154
0.0000,0.0000,0.0000,0.0000,0.0000,0.0000,5.1739,5.7413,4.1851,1.2705,-0.4571,0.4421
0.0000,0.0000,0.0000,0.0000,0.0000,0.0000,5.1643,6.4212,2.7629,1.3724,-0.4762,0.3656
0.0000,0.0000,0.0000,0.0000,0.0000,0.0000,5.3439,6.8163,2.2122,1.2626,-0.4370,0.2182
0.0000,0.0000,0.0000,0.0000,0.0000,0.0000,5.3175,7.6136,1.4964,1.2339,-0.3576,0.0943
0.0000,0.0000,0.0000,0.0000,0.0000,0.0000,4.5586,7.7692,0.9912,1.1147,-0.4230,-0.0097
0.0000,0.0000,0.0000,0.0000,0.0000,0.0000,4.7884,8.5066,0.6632,0.3914,-0.2525,0.2124
0.0000,0.0000,0.0000,0.0000,0.0000,0.0000,4.9560,8.4731,0.8835,0.3904,-0.3383,0.1557
0.0000,0.0000,0.0000,0.0000,0.0000,0.0000,5.3534,8.5066,0.0383,0.2682,-0.1911,0.1628
0.0000,0.0000,0.0000,0.0000,0.0000,0.0000,5.5306,8.1618,0.9936,-0.0036,0.0080,-0.0314
0.0000,0.0000,0.0000,0.0000,0.0000,0.0000,5.0973,8.0254,0.8140,0.0183,-0.0524,-0.0769
0.0000,0.0000,0.0000,0.0000,0.0000,0.0000,4.8698,8.0469,1.1684,-0.0750,0.0308,-0.1106
0.0000,0.0000,0.0000,0.0000,0.0000,0.0000,4.7645,8.0062,1.1803,-0.1151,-0.1667,-0.1432
0.0000,0.0000,0.0000,0.0000,0.0000,0.0000,5.5689,8.2768,1.0223,-0.1077,-0.0417,-0.1298
0.0000,0.0000,0.0000,0.0000,0.0000,0.0000,4.9584,7.9751,1.5706,-0.2895,0.0927,-0.2892
0.0000,0.0000,0.0000,0.0000,0.0000,0.0000,4.6519,7.9799,1.6783,-0.3893,-0.0005,-0.3588
0.0000,0.0000,0.0000,0.0000,0.0000,0.0000,4.8028,8.0828,1.8364,-0.3794,0.0520,-0.3088
0.0000,0.0000,0.0000,0.0000,0.0000,0.0000,4.9321,8.2121,1.3431,-0.3852,0.0689,-0.3676
0.0000,0.0000,0.0000,0.0000,0.0000,0.0000,5.0422,8.2696,0.8236,-0.5604,-0.0169,-0.4565
0.0000,0.0000,0.0000,0.0000,0.0000,0.0000,4.8411,7.8937,1.4581,-0.7886,0.1266,-0.5133
0.0000,0.0000,0.0000,0.0000,0.0000,0.0000,5.1643,7.6782,1.7837,-0.7885,0.1607,-0.5782
0.0000,0.0000,0.0000,0.0000,0.0000,0.0000,4.3527,7.7716,1.8938,-0.9170,0.3043,-0.6675
0.0000,0.0000,0.0000,0.0000,0.0000,0.0000,3.4405,7.6016,2.3966,-1.0116,0.3172,-0.6663
0.0000,0.0000,0.0000,0.0000,0.0000,0.0000,3.6296,7.2257,2.9425,-1.0116,0.1335,-0.6319
0.0000,0.0000,0.0000,0.0000,0.0000,0.0000,3.7445,7.3071,2.8347,-0.9823,0.4565,-0.5926
0.0000,0.0000,0.0000,0.0000,0.0000,0.0000,2.8946,7.4220,3.0454,-0.9942,0.6635,-0.5289
0.0000,0.0000,0.0000,0.0000,0.0000,0.0000,2.0016,6.9192,3.7996,-1.0589,0.7036,-0.7067
0.0000,0.0000,0.0000,0.0000,0.0000,0.0000,1.8962,6.3470,4.4580,-1.0368,0.5592,-0.6243
0.0000,0.0000,0.0000,0.0000,0.0000,0.0000,1.9441,6.2465,4.4053,-0.9647,0.7457,-0.6011
0.0000,0.0000,0.0000,0.0000,0.0000,0.0000,1.3455,6.3470,4.5945,-1.1082,0.9217,-0.6335
0.0000,0.0000,0.0000,0.0000,0.0000,0.0000,0.8930,5.8442,5.2361,-1.1275,0.7457,-0.7081
0.0000,0.0000,0.0000,0.0000,0.0000,0.0000,1.2546,5.6144,5.1763,-1.0339,0.5097,-0.6901
0.0000,0.0000,0.0000,0.0000,0.0000,0.0000,1.1372,5.2313,5.2888,-1.0910,0.7232,-0.7294
0.0000,0.0000,0.0000,0.0000,0.0000,0.0000,0.9864,4.7812,5.2960,-1.1207,0.7494,-0.7117
0.0000,0.0000,0.0000,0.0000,0.0000,0.0000,0.7494,4.9656,4.7621,-1.1598,0.9919,-0.7374
0.0000,0.0000,0.0000,0.0000,0.0000,0.0000,0.2131,4.2090,5.8849,-1.3690,1.1068,-0.8559
0.0000,0.0000,0.0000,0.0000,0.0000,0.0000,0.1867,3.8499,6.3901,-1.1255,0.8347,-0.9667
0.0000,0.0000,0.0000,0.0000,0.0000,0.0000,-2.5115,4.1252,5.8490,-1.2144,1.4158,-1.0391
0.0000,0.0000,0.0000,0.0000,0.0000,0.0000,-3.0478,3.5841,7.0006,-1.1298,1.0820,-0.8283
0.0000,0.0000,0.0000,0.0000,0.0000,0.0000,-2.1404,3.2346,6.0454,-1.1106,0.8797,-0.6686
0.0000,0.0000,0.0000,0.0000,0.0000,0.0000,-3.7182,3.0789,6.2728,-1.1066,1.5505,-0.7577
0.0000,0.0000,0.0000,0.0000,0.0000,0.0000,-3.8666,2.4157,7.1491,-1.0852,0.7280,-0.6742
0.0000,0.0000,0.0000,0.0000,0.0000,0.0000,-3.3758,2.5235,7.2089,-0.9230,0.9477,-0.7553
0.0000,0.0000,0.0000,0.0000,0.0000,0.0000,-6.1699,2.0111,7.1706,-0.9590,1.2921,-0.6153
0.0000,0.0000,0.0000,0.0000,0.0000,0.0000,-4.5514,1.4748,7.6088,-0.9355,0.3700,-0.3792
0.0000,0.0000,0.0000,0.0000,0.0000,0.0000,-3.7110,1.7502,6.5817,-0.7107,1.0199,-0.3913
0.0000,0.0000,0.0000,0.0000,0.0000,0.0000,-5.2625,1.2737,6.9049,-0.6825,0.5300,-0.3917
0.0000,0.0000,0.0000,0.0000,0.0000,0.0000,-6.6343,-0.0527,8.5473,-0.7566,0.8360,-0.3604
0.0000,0.0000,0.0000,0.0000,0.0000,0.0000,-6.5529,-0.2083,9.0908,-0.4350,0.2769,-0.2014
0.0000,0.0000,0.0000,0.0000,0.0000,0.0000,-6.5601,0.2490,8.2049,-0.1998,0.4930,-0.1398
0.0000,0.0000,0.0000,0.0000,0.0000,0.0000,-6.4021,0.1508,7.9057,-0.2041,0.1784,-0.0915
0.0000,0.0000,0.0000,0.0000,0.0000,0.0000,-5.9424,0.3591,7.7189,-0.1279,0.1581,-0.1087
0.0000,0.0000,0.0000,0.0000,0.0000,0.0000,-6.4380,0.4286,7.7333,0.0080,0.0390,-0.0324
0.0000,0.0000,0.0000,0.0000,0.0000,0.0000,-5.7533,0.5435,7.5369,0.0650,-0.2364,0.0746
0.0000,0.0000,0.0000,0.0000,0.0000,0.0000,-6.1268,0.8021,7.0964,0.1210,-0.3323,0.0954
0.0000,0.0000,0.0000,0.0000,0.0000,0.0000,-5.8012,0.7374,7.1084,0.2145,-0.3906,0.1175
0.0000,0.0000,0.0000,0.0000,0.0000,0.0000,-6.1914,0.9481,7.2305,0.1978,-0.3383,0.1147
0.0000,0.0000,0.0000,0.0000,0.0000,0.0000,-6.3805,0.6584,7.8458,0.2326,-0.5967,0.2389
0.0000,0.0000,0.0000,0.0000,0.0000,0.0000,-5.6886,0.8116,7.5896,0.5133,-0.7721,0.3524
0.0000,0.0000,0.0000,0.0000,0.0000,0.0000,-4.6543,1.0439,7.5441,0.5546,-0.9860,0.3557
0.0000,0.0000,0.0000,0.0000,0.0000,0.0000,-5.0685,1.1420,7.6160,0.6135,-0.7128,0.3957
0.0000,0.0000,0.0000,0.0000,0.0000,0.0000,-4.4748,1.6520,7.1850,0.8264,-0.7805,0.4660
0.0000,0.0000,0.0000,0.0000,0.0000,0.0000,-3.8618,1.9561,7.2975,0.9353,-0.9316,0.5569
0.0000,0.0000,0.0000,0.0000,0.0000,0.0000,-3.3591,2.3080,7.4915,1.0457,-1.0054,0.5878
0.0000,0.0000,0.0000,0.0000,0.0000,0.0000,-2.9544,2.4277,6.9240,1.1373,-1.0273,0.6512
0.0000,0.0000,0.0000,0.0000,0.0000,0.0000,-2.1356,3.1460,6.5793,1.1650,-0.9300,0.6375
0.0000,0.0000,0.0000,0.0000,0.0000,0.0000,-2.0470,3.5147,6.5027,1.2260,-1.0304,0.6608
0.0000,0.0000,0.0000,0.0000,0.0000,0.0000,-0.8595,4.0965,5.6695,1.2470,-1.1510,0.6975
0.0000,0.0000,0.0000,0.0000,0.0000,0.0000,-0.8475,4.8028,5.0230,1.1269,-0.7494,0.6586
0.0000,0.0000,0.0000,0.0000,0.0000,0.0000,-0.5411,4.9440,5.1691,1.0148,-0.7833,0.6630
0.0000,0.0000,0.0000,0.0000,0.0000,0.0000,0.2897,5.3678,5.2720,1.0964,-0.8448,0.5999
0.0000,0.0000,0.0000,0.0000,0.0000,0.0000,0.3591,5.9807,4.3527,0.9112,-0.6199,0.6207
0.0000,0.0000,0.0000,0.0000,0.0000,0.0000,0.6464,6.1794,4.1324,0.6991,-0.5167,0.6522
0.0000,0.0000,0.0000,0.0000,0.0000,0.0000,1.3168,6.1292,4.8195,0.6141,-0.4487,0.5966
0.0000,0.0000,0.0000,0.0000,0.0000,0.0000,1.0750,6.0454,5.4731,0.5300,-0.3392,0.5553
0.0000,0.0000,0.0000,0.0000,0.0000,0.0000,1.2234,5.8538,5.4660,0.6777,-0.5256,0.5830
0.0000,0.0000,0.0000,0.0000,0.0000,0.0000,2.2146,6.0430,5.3893,0.6884,-0.4738,0.4639
0.0000,0.0000,0.0000,0.0000,0.0000,0.0000,1.1708,6.1794,5.4324,0.7192,-0.3853,0.3822
0.0000,0.0000,0.0000,0.0000,0.0000,0.0000,1.6520,6.3542,4.7908,0.8575,-0.6403,0.4940
0.0000,0.0000,0.0000,0.0000,0.0000,0.0000,2.8706,6.8809,4.2018,0.7974,-0.4349,0.4513
0.0000,0.0000,0.0000,0.0000,0.0000,0.0000,1.6281,6.9192,3.6751,0.8487,-0.5513,0.2926
0.0000,0.0000,0.0000,0.0000,0.0000,0.0000,2.4972,7.5010,3.4117,0.6676,-0.2390,0.2201
0.0000,0.0000,0.0000,0.0000,0.0000,0.0000,1.7813,7.4699,3.5913,0.5971,-0.2166,0.1982
0.0000,0.0000,0.0000,0.0000,0.0000,0.0000,2.6097,7.3694,3.6296,0.6018,-0.4566,0.3376
0.0000,0.0000,0.0000,0.0000,0.0000,0.0000,2.4445,7.5944,3.6296,0.6450,-0.1250,0.3006
0.0000,0.0000,0.0000,0.0000,0.0000,0.0000,2.7342,7.4843,3.3926,0.7437,-0.4537,0.5277
0.0000,0.0000,0.0000,0.0000,0.0000,0.0000,3.4141,7.9799,2.7677,0.7465,-0.1725,0.4896
0.0000,0.0000,0.0000,0.0000,0.0000,0.0000,3.6296,8.0613,2.4756,0.7478,-0.1725,0.3740
0.0000,0.0000,0.0000,0.0000,0.0000,0.0000,3.8092,8.0206,2.1141,0.7650,-0.2711,0.3792
0.0000,0.0000,0.0000,0.0000,0.0000,0.0000,3.2465,8.5784,1.2833,0.5608,0.1712,0.3705
0.0000,0.0000,0.0000,0.0000,0.0000,0.0000,2.9712,8.4252,1.6448,0.4740,-0.0151,0.3814
0.0000,0.0000,0.0000,0.0000,0.0000,0.0000,4.2473,8.3510,2.1620,0.4943,-0.2033,0.3729
0.0000,0.0000,0.0000,0.0000,0.0000,0.0000,3.9217,8.5042,1.0343,0.3460,0.0073,0.3480
0.0000,0.0000,0.0000,0.0000,0.0000,0.0000,4.8650,8.4922,1.3599,0.2718,-0.0887,0.3183
0.0000,0.0000,0.0000,0.0000,0.0000,0.0000,4.4939,8.5521,0.9505,0.2451,0.0509,0.1446
0.0000,0.0000,0.0000,0.0000,0.0000,0.0000,4.6184,8.6048,0.7709,0.1731,-0.0723,0.0807
0.0000,0.0000,0.0000,0.0000,0.0000,0.0000,4.7884,8.9208,0.3280,0.0775,0.0105,0.0290
0.0000,0.0000,0.0000,0.0000,0.0000,0.0000,3.9409,8.7460,0.8691,-0.1094,0.1355,-0.0113
0.0000,0.0000,0.0000,0.0000,0.0000,0.0000,4.3598,8.5808,0.8906,-0.1596,-0.0462,-0.0464
0.0000,0.0000,0.0000,0.0000,0.0000,0.0000,4.5777,8.6886,0.9505,-0.1947,0.0999,0.0003
0.0000,0.0000,0.0000,0.0000,0.0000,0.0000,3.6033,8.6526,1.0415,-0.2818,0.2073,-0.0522
0.0000,0.0000,0.0000,0.0000,0.0000,0.0000,3.9456,8.6622,1.1708,-0.3086,0.0894,-0.0709
0.0000,0.0000,0.0000,0.0000,0.0000,0.0000,4.5011,8.6000,1.0463,-0.4013,0.1192,-0.0640
0.0000,0.0000,0.0000,0.0000,0.0000,0.0000,3.7589,8.4156,1.3216,-0.5518,0.2525,-0.1134
0.0000,0.0000,0.0000,0.0000,0.0000,0.0000,4.1276,8.3342,1.5658,-0.5907,0.1864,-0.1889
0.0000,0.0000,0.0000,0.0000,0.0000,0.0000,4.6471,8.3629,1.7406,-0.5645,0.2128,-0.1065
0.0000,0.0000,0.0000,0.0000,0.0000,0.0000,4.1994,8.2001,1.8651,-0.7767,0.2028,-0.2649
0.0000,0.0000,0.0000,0.0000,0.0000,0.0000,3.7062,7.9368,1.9513,-0.8533,0.2662,-0.2906
0.0000,0.0000,0.0000,0.0000,0.0000,0.0000,3.6775,7.7764,2.4852,-0.9256,0.3545,-0.3020
0.0000,0.0000,0.0000,0.0000,0.0000,0.0000,4.1324,7.4795,2.6576,-0.9378,0.3417,-0.3733
0.0000,0.0000,0.0000,0.0000,0.0000,0.0000,3.0167,7.4795,2.4397,-1.0688,0.5520,-0.3977
0.0000,0.0000,0.0000,0.0000,0.0000,0.0000,3.0622,7.1922,3.3615,-1.1535,0.5180,-0.4433
0.0000,0.0000,0.0000,0.0000,0.0000,0.0000,2.7677,6.8570,4.1420,-1.1169,0.4819,-0.4903
0.0000,0.0000,0.0000,0.0000,0.0000,0.0000,2.0614,6.9073,3.9217,-1.0918,0.6089,-0.4948
0.0000,0.0000,0.0000,0.0000,0.0000,0.0000,1.9106,6.7277,4.3838,-1.1461,0.4716,-0.4443
0.0000,0.0000,0.0000,0.0000,0.0000,0.0000,2.3104,6.4524,4.8698,-1.1030,0.5207,-0.4219
0.0000,0.0000,0.0000,0.0000,0.0000,0.0000,1.5347,6.4093,4.3694,-1.1427,0.6964,-0.4053
0.0000,0.0000,0.0000,0.0000,0.0000,0.0000,1.5850,6.0262,4.4987,-1.2327,0.6118,-0.4116
0.0000,0.0000,0.0000,0.0000,0.0000,0.0000,1.8076,5.6479,5.3295,-1.2518,0.7661,-0.4800
0.0000,0.0000,0.0000,0.0000,0.0000,0.0000,0.5148,5.4971,5.7078,-1.2726,0.8599,-0.5228
0.0000,0.0000,0.0000,0.0000,0.0000,0.0000,0.4621,4.8507,6.0501,-1.2871,0.5279,-0.4934
0.0000,0.0000,0.0000,0.0000,0.0000,0.0000,1.0127,4.0630,7.4843,-1.1297,0.6255,-0.4934
0.0000,0.0000,0.0000,0.0000,0.0000,0.0000,0.0287,3.9169,6.9719,-1.0320,0.7910,-0.4971
0.0000,0.0000,0.0000,0.0000,0.0000,0.0000,0.2801,3.4117,7.7381,-0.8676,0.6129,-0.4786
0.0000,0.0000,0.0000,0.0000,0.0000,0.0000,-0.5770,3.3950,7.2664,-0.8211,1.1177,-0.6566
0.0000,0.0000,0.0000,0.0000,0.0000,0.0000,-0.9266,3.2226,7.8626,-0.4029,0.7422,-0.6769
0.0000,0.0000,0.0000,0.0000,0.0000,0.0000,-2.2146,3.5602,6.8785,-0.4186,0.8167,-0.6427
0.0000,0.0000,0.0000,0.0000,0.0000,0.0000,-3.4500,3.5434,7.3023,-0.3255,0.2681,-0.4041
0.0000,0.0000,0.0000,0.0000,0.0000,0.0000,-2.4756,3.2633,6.3183,-0.4084,0.0421,-0.0035
0.0000,0.0000,0.0000,0.0000,0.0000,0.0000,-2.4517,3.3064,5.9137,-0.5792,0.4088,-0.0982
0.0000,0.0000,0.0000,0.0000,0.0000,0.0000,-2.5809,2.7294,6.4117,-0.6655,0.1430,-0.1226
0.0000,0.0000,0.0000,0.0000,0.0000,0.0000,-2.6576,2.3655,7.1587,-0.7522,0.5092,-0.1660
0.0000,0.0000,0.0000,0.0000,0.0000,0.0000,-4.0486,1.8340,8.3438,-0.6885,0.5033,-0.2076
0.0000,0.0000,0.0000,0.0000,0.0000,0.0000,-3.6751,1.5107,8.4420,-0.4828,0.3003,-0.1740
0.0000,0.0000,0.0000,0.0000,0.0000,0.0000,-3.8595,1.5131,8.3246,-0.4451,0.4674,-0.0242
0.0000,0.0000,0.0000,0.0000,0.0000,0.0000,-3.7637,1.2091,8.4970,-0.3733,0.1817,-0.0306
0.0000,0.0000,0.0000,0.0000,0.0000,0.0000,-4.2856,1.6305,7.7476,-0.2733,0.1604,-0.0586
0.0000,0.0000,0.0000,0.0000,0.0000,0.0000,-4.0701,1.1013,8.6886,-0.1684,-0.2647,-0.0123
0.0000,0.0000,0.0000,0.0000,0.0000,0.0000,-3.3926,1.2761,8.6167,0.0393,-0.1359,0.0601
0.0000,0.0000,0.0000,0.0000,0.0000,0.0000,-3.9648,1.4054,7.9775,0.0659,-0.1041,0.0687
0.0000,0.0000,0.0000,0.0000,0.0000,0.0000,-3.6679,1.4676,8.0325,0.1532,-0.2573,0.1215
0.0000,0.0000,0.0000,0.0000,0.0000,0.0000,-3.8403,1.7454,7.9080,0.1354,-0.1603,0.1083
0.0000,0.0000,0.0000,0.0000,0.0000,0.0000,-4.0941,1.5826,8.4228,0.2318,-0.4137,0.2289
0.0000,0.0000,0.0000,0.0000,0.0000,0.0000,-3.6129,1.7957,7.9320,0.3115,-0.3856,0.2802
0.0000,0.0000,0.0000,0.0000,0.0000,0.0000,-4.2904,1.8699,7.9990,0.3248,-0.3557,0.2653
0.0000,0.0000,0.0000,0.0000,0.0000,0.0000,-3.6392,1.8531,8.0397,0.3924,-0.7814,0.3505
0.0000,0.0000,0.0000,0.0000,0.0000,0.0000,-2.9712,2.2290,7.4819,0.5135,-0.5677,0.3315
0.0000,0.0000,0.0000,0.0000,0.0000,0.0000,-3.6847,2.2577,7.7548,0.4397,-0.6419,0.3424
0.0000,0.0000,0.0000,0.0000,0.0000,0.0000,-2.6264,2.3320,8.0062,0.5522,-0.9157,0.4391
0.0000,0.0000,0.0000,0.0000,0.0000,0.0000,-2.6049,2.4732,7.8195,0.5616,-0.7265,0.5348
0.0000,0.0000,0.0000,0.0000,0.0000,0.0000,-1.9058,2.5091,7.7859,0.6763,-0.9541,0.5564
0.0000,0.0000,0.0000,0.0000,0.0000,0.0000,-0.7254,2.7940,7.5010,0.7655,-0.9133,0.5514
0.0000,0.0000,0.0000,0.0000,0.0000,0.0000,-0.0287,3.6416,6.7708,0.6821,-1.0344,0.3215
0.0000,0.0000,0.0000,0.0000,0.0000,0.0000,-0.4453,4.2138,6.3183,0.5915,-1.1498,-0.0019
0.0000,0.0000,0.0000,0.0000,0.0000,0.0000,-0.7805,4.0845,6.7588,0.5133,-1.6021,-0.0356
0.0000,0.0000,0.0000,0.0000,0.0000,0.0000,-0.8978,3.7589,7.2880,0.6908,-1.0709,0.3158
0.0000,0.0000,0.0000,0.0000,0.0000,0.0000,2.2889,4.9919,5.4947,0.7930,-0.8166,0.5967
0.0000,0.0000,0.0000,0.0000,0.0000,0.0000,2.7725,4.9129,6.3901,0.7842,-0.6872,0.4491
0.0000,0.0000,0.0000,0.0000,0.0000,0.0000,3.5841,5.3175,5.1667,0.8625,-0.4798,0.4557
0.0000,0.0000,0.0000,0.0000,0.0000,0.0000,4.6064,5.6000,4.8530,0.7594,-0.3439,0.2790
0.0000,0.0000,0.0000,0.0000,0.0000,0.0000,2.7773,5.7748,4.9632,0.5991,0.1077,0.2895
0.0000,0.0000,0.0000,0.0000,0.0000,0.0000,3.1580,5.8993,4.8459,0.6534,-0.0770,0.3072
0.0000,0.0000,0.0000,0.0000,0.0000,0.0000,3.0742,6.3925,5.1356,0.6141,-0.0546,0.1552
0.0000,0.0000,0.0000,0.0000,0.0000,0.0000,2.6073,6.4691,5.0566,0.6078,-0.4234,0.0909
0.0000,0.0000,0.0000,0.0000,0.0000,0.0000,2.3631,6.5577,4.7357,0.8390,-0.2129,0.3612
0.0000,0.0000,0.0000,0.0000,0.0000,0.0000,2.2745,6.5984,4.3048,0.8432,-0.2896,0.4735
0.0000,0.0000,0.0000,0.0000,0.0000,0.0000,3.8666,7.2975,3.3112,0.8156,-0.0997,0.3551
0.0000,0.0000,0.0000,0.0000,0.0000,0.0000,4.3790,7.7357,2.2242,0.6635,-0.1797,0.2659
0.0000,0.0000,0.0000,0.0000,0.0000,0.0000,3.9145,7.5058,2.5786,0.4137,-0.0113,0.3164
0.0000,0.0000,0.0000,0.0000,0.0000,0.0000,5.2696,7.9009,2.1715,0.2717,-0.0831,0.2258
0.0000,0.0000,0.0000,0.0000,0.0000,0.0000,4.9249,8.1187,1.8794,0.1745,0.1362,0.0858
0.0000,0.0000,0.0000,0.0000,0.0000,0.0000,4.7405,8.1307,1.7980,0.0410,0.0646,0.0201
0.0000,0.0000,0.0000,0.0000,0.0000,0.0000,4.9201,8.1666,1.7813,-0.0332,-0.0304,-0.0987
0.0000,0.0000,0.0000,0.0000,0.0000,0.0000,4.5562,8.4132,1.5347,-0.1984,0.0080,-0.1699
0.0000,0.0000,0.0000,0.0000,0.0000,0.0000,4.3359,8.2001,1.8411,-0.3756,0.0814,-0.1899
0.0000,0.0000,0.0000,0.0000,0.0000,0.0000,4.6017,8.1307,1.8316,-0.4195,0.1671,-0.1952
0.0000,0.0000,0.0000,0.0000,0.0000,0.0000,4.6424,8.0445,1.9848,-0.5442,0.2296,-0.1998
0.0000,0.0000,0.0000,0.0000,0.0000,0.0000,4.7836,7.8697,2.2003,-0.6512,0.2678,-0.3293
0.0000,0.0000,0.0000,0.0000,0.0000,0.0000,3.9648,7.8290,2.0949,-0.8406,0.3836,-0.3929
0.0000,0.0000,0.0000,0.0000,0.0000,0.0000,3.7972,7.4843,2.8012,-0.9483,0.1785,-0.4361
0.0000,0.0000,0.0000,0.0000,0.0000,0.0000,4.1013,7.2880,3.1675,-0.9642,0.1302,-0.4073
0.0000,0.0000,0.0000,0.0000,0.0000,0.0000,3.4285,7.0509,2.8754,-1.0970,0.3897,-0.4298
0.0000,0.0000,0.0000,0.0000,0.0000,0.0000,3.4524,6.6176,3.9672,-1.1700,0.4870,-0.3500
0.0000,0.0000,0.0000,0.0000,0.0000,0.0000,3.6009,6.3638,3.7469,-1.1720,0.4073,-0.4519
0.0000,0.0000,0.0000,0.0000,0.0000,0.0000,3.0981,6.1459,3.8355,-1.4075,0.5761,-0.5654
0.0000,0.0000,0.0000,0.0000,0.0000,0.0000,2.4421,5.2050,5.6455,-1.3765,0.3997,-0.6073
0.0000,0.0000,0.0000,0.0000,0.0000,0.0000,3.0215,5.0111,6.0118,-1.0917,0.4201,-0.5861
0.0000,0.0000,0.0000,0.0000,0.0000,0.0000,2.3080,5.1978,4.9440,-1.0996,0.5549,-0.5533
0.0000,0.0000,0.0000,0.0000,0.0000,0.0000,1.6448,4.1922,6.9623,-1.1073,0.3387,-0.7225
0.0000,0.0000,0.0000,0.0000,0.0000,0.0000,-0.0479,4.1827,6.4212,-1.1339,0.9511,-0.5664
0.0000,0.0000,0.0000,0.0000,0.0000,0.0000,0.0359,3.9648,7.5154,-1.1066,0.5525,-0.4718
0.0000,0.0000,0.0000,0.0000,0.0000,0.0000,-0.3759,3.8642,6.1459,-0.9048,0.6233,-0.4475
0.0000,0.0000,0.0000,0.0000,0.0000,0.0000,-0.1341,3.2010,7.7261,-0.9958,0.5729,-0.2844
0.0000,0.0000,0.0000,0.0000,0.0000,0.0000,0.3184,3.1580,7.4077,-0.8319,0.5045,-0.3452
0.0000,0.0000,0.0000,0.0000,0.0000,0.0000,-1.3719,2.4780,7.7883,-0.9674,0.7846,-0.4485
0.0000,0.0000,0.0000,0.0000,0.0000,0.0000,-1.2857,2.0039,8.9830,-0.7861,0.5824,-0.2852
0.0000,0.0000,0.0000,0.0000,0.0000,0.0000,-1.4796,2.3176,8.2911,-0.5857,0.6612,-0.1996
0.0000,0.0000,0.0000,0.0000,0.0000,0.0000,-2.0638,2.1715,8.3222,-0.3616,0.4767,-0.0686
0.0000,0.0000,0.0000,0.0000,0.0000,0.0000,-1.0798,2.2889,7.5992,-0.1899,0.5223,0.1944
0.0000,0.0000,0.0000,0.0000,0.0000,0.0000,1.1995,2.0662,6.7732,-0.0301,0.7690,0.3218
0.0000,0.0000,0.0000,0.0000,0.0000,0.0000,0.7614,1.3958,7.6902,-0.0120,1.2494,0.1632
0.0000,0.0000,0.0000,0.0000,0.0000,0.0000,0.0263,2.5474,6.4739,-0.1240,1.1850,-0.4726
0.0000,0.0000,0.0000,0.0000,0.0000,0.0000,-2.1476,2.2075,7.5920,-0.3957,0.8681,-0.7056
0.0000,0.0000,0.0000,0.0000,0.0000,0.0000,-2.4565,2.6169,7.5681,-0.3838,0.6388,-0.8207
0.0000,0.0000,0.0000,0.0000,0.0000,0.0000,-3.6751,2.4110,8.0397,-0.4018,0.8653,-0.7870
0.0000,0.0000,0.0000,0.0000,0.0000,0.0000,-3.6919,2.5187,7.7452,-0.3493,0.1993,-0.6903
0.0000,0.0000,0.0000,0.0000,0.0000,0.0000,-4.8483,2.3343,7.7357,-0.3993,0.6050,-0.6315
0.0000,0.0000,0.0000,0.0000,0.0000,0.0000,-4.7309,1.5155,8.1906,-0.4784,-0.0858,-0.4602
0.0000,0.0000,0.0000,0.0000,0.0000,0.0000,-4.0869,1.3838,8.4779,-0.2851,0.0406,-0.2879
0.0000,0.0000,0.0000,0.0000,0.0000,0.0000,-4.9656,1.3288,8.4036,-0.2156,0.4334,-0.2521
0.0000,0.0000,0.0000,0.0000,0.0000,0.0000,-4.8315,1.1420,8.7053,-0.0693,-0.1661,0.0112
0.0000,0.0000,0.0000,0.0000,0.0000,0.0000,-4.7621,1.4246,8.6048,-0.0629,-0.0592,0.0141
0.0000,0.0000,0.0000,0.0000,0.0000,0.0000,-5.3582,1.2474,9.0285,0.0657,0.0221,0.1460
0.0000,0.0000,0.0000,0.0000,0.0000,0.0000,-4.5849,1.2929,8.9160,0.1689,-0.6131,0.2233
0.0000,0.0000,0.0000,0.0000,0.0000,0.0000,-4.6711,1.3192,8.8370,0.2414,-0.3797,0.2245
0.0000,0.0000,0.0000,0.0000,0.0000,0.0000,-3.7996,1.2210,8.7676,0.3683,-0.9483,0.3890
0.0000,0.0000,0.0000,0.0000,0.0000,0.0000,-4.0941,1.2522,8.6287,0.4365,-0.6010,0.4002
0.0000,0.0000,0.0000,0.0000,0.0000,0.0000,-3.0574,1.1995,8.8250,0.6634,-1.1379,0.4658
0.0000,0.0000,0.0000,0.0000,0.0000,0.0000,-2.2553,1.9561,8.0397,0.7809,-0.8799,0.5450
0.0000,0.0000,0.0000,0.0000,0.0000,0.0000,-2.1261,2.2122,7.4651,0.7614,-0.9001,0.5958
0.0000,0.0000,0.0000,0.0000,0.0000,0.0000,-1.3288,2.5043,7.2137,0.8315,-1.0361,0.6149
0.0000,0.0000,0.0000,0.0000,0.0000,0.0000,-0.9744,3.0023,7.0629,0.8107,-0.8926,0.5846
0.0000,0.0000,0.0000,0.0000,0.0000,0.0000,-0.8188,2.9449,7.1467,0.8315,-0.9583,0.6087
0.0000,0.0000,0.0000,0.0000,0.0000,0.0000,-0.2370,3.5530,6.4308,0.8948,-0.8551,0.6396
0.0000,0.0000,0.0000,0.0000,0.0000,0.0000,0.2705,3.8164,6.1244,0.8224,-0.8761,0.6752
0.0000,0.0000,0.0000,0.0000,0.0000,0.0000,1.3216,4.2497,5.9807,0.8123,-0.8580,0.6980
0.0000,0.0000,0.0000,0.0000,0.0000,0.0000,1.1085,4.3503,6.1651,0.6980,-0.7132,0.6173
0.0000,0.0000,0.0000,0.0000,0.0000,0.0000,1.3862,4.5035,6.0094,0.7898,-0.7814,0.5875
0.0000,0.0000,0.0000,0.0000,0.0000,0.0000,1.7095,5.0446,5.2553,0.6595,-0.5800,0.6678
0.0000,0.0000,0.0000,0.0000,0.0000,0.0000,1.1588,4.9847,6.1794,0.5029,-0.5425,0.7789
0.0000,0.0000,0.0000,0.0000,0.0000,0.0000,2.3511,4.7357,6.3135,0.6278,-0.6265,0.8324
0.0000,0.0000,0.0000,0.0000,0.0000,0.0000,2.9401,5.0470,5.7413,0.6650,-0.4373,0.7552
0.0000,0.0000,0.0000,0.0000,0.0000,0.0000,2.3439,5.0518,5.7724,0.6378,-0.3549,0.7739
0.0000,0.0000,0.0000,0.0000,0.0000,0.0000,3.8762,5.4947,5.0494,0.6532,-0.1376,0.7358
0.0000,0.0000,0.0000,0.0000,0.0000,0.0000,3.7110,5.4181,5.3391,0.7416,-0.3461,0.6307
0.0000,0.0000,0.0000,0.0000,0.0000,0.0000,4.0510,5.8969,4.4173,0.7665,-0.3010,0.6847
0.0000,0.0000,0.0000,0.0000,0.0000,0.0000,4.5155,6.0956,4.0941,0.6146,-0.3716,0.6279
0.0000,0.0000,0.0000,0.0000,0.0000,0.0000,6.0214,6.1148,3.8954,0.5063,-0.5818,0.3321
0.0000,0.0000,0.0000,0.0000,0.0000,0.0000,5.7317,6.2537,4.4029,0.5588,0.0175,0.4072
0.0000,0.0000,0.0000,0.0000,0.0000,0.0000,4.5849,6.1555,4.3551,0.3315,-0.2174,0.3485
0.0000,0.0000,0.0000,0.0000,0.0000,0.0000,4.9799,6.3422,4.1132,0.4375,-0.0770,0.3423
0.0000,0.0000,0.0000,0.0000,0.0000,0.0000,5.1140,7.0366,2.7653,0.3380,0.0878,0.2366
0.0000,0.0000,0.0000,0.0000,0.0000,0.0000,5.4037,6.8761,2.9784,0.1597,-0.0121,0.2161
0.0000,0.0000,0.0000,0.0000,0.0000,0.0000,5.4492,6.9504,2.9521,0.1115,0.1652,0.1346
0.0000,0.0000,0.0000,0.0000,0.0000,0.0000,5.2433,6.8498,2.8299,-0.0096,0.0707,0.0835
0.0000,0.0000,0.0000,0.0000,0.0000,0.0000,5.7628,6.8953,2.8180,-0.0285,0.0763,-0.0209
0.0000,0.0000,0.0000,0.0000,0.0000,0.0000,5.3941,7.1802,2.4253,-0.1701,0.1693,-0.0484
0.0000,0.0000,0.0000,0.0000,0.0000,0.0000,5.4372,7.0150,2.7821,-0.3364,0.0573,-0.1114
0.0000,0.0000,0.0000,0.0000,0.0000,0.0000,5.7317,6.7397,3.1556,-0.4262,0.1617,-0.1751
0.0000,0.0000,0.0000,0.0000,0.0000,0.0000,5.2577,6.6679,3.3854,-0.5233,0.2451,-0.1470
0.0000,0.0000,0.0000,0.0000,0.0000,0.0000,5.5162,6.4045,3.1627,-0.5564,0.2494,-0.2382
0.0000,0.0000,0.0000,0.0000,0.0000,0.0000,5.1595,6.3375,3.2561,-0.6797,0.3313,-0.4005
0.0000,0.0000,0.0000,0.0000,0.0000,0.0000,5.7533,6.3087,3.4093,-0.7476,0.1561,-0.5080
0.0000,0.0000,0.0000,0.0000,0.0000,0.0000,5.5881,6.1411,3.4285,-0.8347,0.1475,-0.5662
0.0000,0.0000,0.0000,0.0000,0.0000,0.0000,5.5976,5.9664,3.3351,-0.9622,0.3581,-0.7345
0.0000,0.0000,0.0000,0.0000,0.0000,0.0000,5.4971,5.6790,3.5985,-1.1548,0.3416,-1.1992
0.0000,0.0000,0.0000,0.0000,0.0000,0.0000,3.8714,4.8004,5.2074,-1.3712,-0.1772,-1.5438
0.0000,0.0000,0.0000,0.0000,0.0000,0.0000,3.2920,4.3862,6.5769,-1.0448,0.0229,-1.1211
0.0000,0.0000,0.0000,0.0000,0.0000,0.0000,2.2098,4.5346,5.8131,-0.7353,0.8099,-0.8855
0.0000,0.0000,0.0000,0.0000,0.0000,0.0000,1.9082,4.6256,5.5258,-1.0351,0.4290,-1.0487
0.0000,0.0000,0.0000,0.0000,0.0000,0.0000,2.1715,4.2760,6.2369,-1.0175,-0.1103,-1.0732
0.0000,0.0000,0.0000,0.0000,0.0000,0.0000,1.6472,3.9576,6.8235,-1.0513,0.2582,-0.9847
0.0000,0.0000,0.0000,0.0000,0.0000,0.0000,0.9936,3.8140,6.8378,-0.8380,0.2258,-0.8597
0.0000,0.0000,0.0000,0.0000,0.0000,0.0000,0.5411,4.2760,5.9999,-0.8388,0.5071,-0.7625
0.0000,0.0000,0.0000,0.0000,0.0000,0.0000,0.3160,3.9720,6.4332,-0.9102,0.4834,-0.6539
0.0000,0.0000,0.0000,0.0000,0.0000,0.0000,0.6321,3.6320,6.4189,-0.9352,0.3717,-0.5998
0.0000,0.0000,0.0000,0.0000,0.0000,0.0000,0.6728,3.5961,6.5410,-1.0952,0.7671,-0.7153
0.0000,0.0000,0.0000,0.0000,0.0000,0.0000,0.1125,2.7581,7.0820,-1.1652,0.5709,-0.6837
0.0000,0.0000,0.0000,0.0000,0.0000,0.0000,-0.3903,2.2889,7.4986,-1.3579,-0.3427,-0.8621
0.0000,0.0000,0.0000,0.0000,0.0000,0.0000,0.0024,0.9098,9.9934,-1.1385,0.4310,-0.6991
0.0000,0.0000,0.0000,0.0000,0.0000,0.0000,-0.7853,1.3958,8.9807,-0.7530,0.8816,-0.4731
0.0000,0.0000,0.0000,0.0000,0.0000,0.0000,-1.4413,1.5802,8.5832,-0.7298,1.0573,-0.1665
0.0000,0.0000,0.0000,0.0000,0.0000,0.0000,-0.2610,2.0399,8.0110,-0.6126,0.6952,-0.2723
0.0000,0.0000,0.0000,0.0000,0.0000,0.0000,-2.0423,1.7430,8.1690,-0.7819,0.8792,-0.3924
0.0000,0.0000,0.0000,0.0000,0.0000,0.0000,-2.3224,1.1708,8.8107,-0.6035,0.2794,-0.3240
0.0000,0.0000,0.0000,0.0000,0.0000,0.0000,-0.7757,1.4341,8.8322,-0.5814,0.3208,-0.2923
0.0000,0.0000,0.0000,0.0000,0.0000,0.0000,-2.2218,0.8308,8.5712,-0.5100,0.5702,-0.3435
0.0000,0.0000,0.0000,0.0000,0.0000,0.0000,-1.8723,0.8140,8.5784,-0.4620,0.1656,-0.2963
0.0000,0.0000,0.0000,0.0000,0.0000,0.0000,-2.8850,0.1149,9.4427,-0.2638,0.6959,-0.1302
0.0000,0.0000,0.0000,0.0000,0.0000,0.0000,-2.6145,-0.1317,9.5864,-0.0633,0.2069,0.0089
0.0000,0.0000,0.0000,0.0000,0.0000,0.0000,-3.1987,0.1676,9.8976,-0.0196,0.5288,-0.0967
0.0000,0.0000,0.0000,0.0000,0.0000,0.0000,-4.1324,0.0790,10.6279,0.1372,-0.2061,-0.0641
0.0000,0.0000,0.0000,0.0000,0.0000,0.0000,-3.9361,0.2059,10.5249,0.3356,-0.3663,0.0782
0.0000,0.0000,0.0000,0.0000,0.0000,0.0000,-2.9904,0.5028,9.9814,0.7273,-0.4875,0.2505
0.0000,0.0000,0.0000,0.0000,0.0000,0.0000,-2.8371,1.0391,8.4013,0.7458,-0.2505,0.3476
0.0000,0.0000,0.0000,0.0000,0.0000,0.0000,-2.3032,1.1181,8.4515,0.7132,-0.4562,0.3950
0.0000,0.0000,0.0000,0.0000,0.0000,0.0000,-1.7358,1.4389,8.1858,0.7961,-0.5438,0.3365
0.0000,0.0000,0.0000,0.0000,0.0000,0.0000,-1.7813,1.3815,7.7548,0.8893,-0.4114,0.3509
0.0000,0.0000,0.0000,0.0000,0.0000,0.0000,-2.1452,1.8411,8.0349,0.8191,-0.2801,0.4020
0.0000,0.0000,0.0000,0.0000,0.0000,0.0000,-2.3750,2.0925,7.9104,0.9125,-0.6396,0.3889
0.0000,0.0000,0.0000,0.0000,0.0000,0.0000,-1.4341,2.3415,7.7620,1.0054,-0.8363,0.3952
0.0000,0.0000,0.0000,0.0000,0.0000,0.0000,-1.0463,2.7342,7.6495,1.2287,-0.7028,0.5572
0.0000,0.0000,0.0000,0.0000,0.0000,0.0000,-0.1820,3.3782,6.2297,1.2877,-0.6279,0.6488
0.0000,0.0000,0.0000,0.0000,0.0000,0.0000,0.4908,3.7924,6.0525,1.0880,-0.5321,0.6266
0.0000,0.0000,0.0000,0.0000,0.0000,0.0000,1.0127,4.0725,6.0382,1.0734,-0.8596,0.4912
0.0000,0.0000,0.0000,0.0000,0.0000,0.0000,0.7709,4.4484,5.3822,0.9270,-0.7276,0.3623
0.0000,0.0000,0.0000,0.0000,0.0000,0.0000,0.8068,4.6855,5.1140,0.9258,-0.7448,0.4303
0.0000,0.0000,0.0000,0.0000,0.0000,0.0000,1.3671,5.4755,4.7094,0.6813,-0.0216,0.9437
0.0000,0.0000,0.0000,0.0000,0.0000,0.0000,0.9050,5.9017,4.7166,0.4938,0.5315,1.0180
0.0000,0.0000,0.0000,0.0000,0.0000,0.0000,2.3104,6.4691,4.9177,0.5185,-0.0004,0.8577
0.0000,0.0000,0.0000,0.0000,0.0000,0.0000,1.0678,6.2896,4.4724,0.5044,-0.1863,0.9304
0.0000,0.0000,0.0000,0.0000,0.0000,0.0000,2.5546,6.5074,4.5801,0.4688,-0.1400,0.9675
0.0000,0.0000,0.0000,0.0000,0.0000,0.0000,2.1548,6.1435,4.6639,0.3412,-0.0863,1.1383
0.0000,0.0000,0.0000,0.0000,0.0000,0.0000,3.6799,5.6958,5.9783,0.3640,-0.1394,1.0742
0.0000,0.0000,0.0000,0.0000,0.0000,0.0000,3.4620,5.3558,5.7365,0.5497,-0.0152,1.0031
0.0000,0.0000,0.0000,0.0000,0.0000,0.0000,3.9337,5.4444,4.9847,0.5609,0.0665,1.0312
0.0000,0.0000,0.0000,0.0000,0.0000,0.0000,4.9704,5.7461,4.7692,0.5123,0.1551,0.8260
0.0000,0.0000,0.0000,0.0000,0.0000,0.0000,4.9847,5.9113,4.7884,0.4434,-0.0326,0.4622
0.0000,0.0000,0.0000,0.0000,0.0000,0.0000,4.8626,6.0717,4.8123,0.3797,-0.0473,0.2130
0.0000,0.0000,0.0000,0.0000,0.0000,0.0000,3.8164,5.9592,5.1667,0.3619,-0.0759,0.3273
0.0000,0.0000,0.0000,0.0000,0.0000,0.0000,4.1994,6.2608,4.9225,0.4695,-0.0618,0.2411
0.0000,0.0000,0.0000,0.0000,0.0000,0.0000,3.5410,6.3949,4.3455,0.3268,-0.0589,0.1800
0.0000,0.0000,0.0000,0.0000,0.0000,0.0000,4.2449,6.5984,4.1539,0.2887,-0.2160,0.0839
0.0000,0.0000,0.0000,0.0000,0.0000,0.0000,4.8674,6.9671,3.6823,0.2214,-0.2346,-0.0977
0.0000,0.0000,0.0000,0.0000,0.0000,0.0000,4.5322,7.2161,3.2489,0.0452,-0.0863,-0.2244
0.0000,0.0000,0.0000,0.0000,0.0000,0.0000,4.1731,7.1754,3.3064,-0.0782,-0.0616,-0.1681
0.0000,0.0000,0.0000,0.0000,0.0000,0.0000,4.1707,7.0653,3.6799,-0.1047,0.1069,-0.1708
0.0000,0.0000,0.0000,0.0000,0.0000,0.0000,3.3543,7.0174,3.4716,-0.2763,0.1116,-0.2489
0.0000,0.0000,0.0000,0.0000,0.0000,0.0000,4.0318,6.8235,4.4652,-0.3401,-0.0782,-0.3042
0.0000,0.0000,0.0000,0.0000,0.0000,0.0000,4.0294,6.6008,4.6974,-0.3870,-0.0433,-0.3026
0.0000,0.0000,0.0000,0.0000,0.0000,0.0000,3.0191,6.4308,4.4628,-0.4486,0.0842,-0.4171
0.0000,0.0000,0.0000,0.0000,0.0000,0.0000,3.1220,6.3494,5.2289,-0.3381,0.0195,-0.3619
0.0000,0.0000,0.0000,0.0000,0.0000,0.0000,3.0311,6.5864,4.7908,-0.3876,0.1002,-0.2518
0.0000,0.0000,0.0000,0.0000,0.0000,0.0000,2.6360,6.1411,5.4061,-0.3758,-0.0085,-0.2380
0.0000,0.0000,0.0000,0.0000,0.0000,0.0000,2.7438,6.2896,5.0326,-0.3184,-0.0413,-0.2994
0.0000,0.0000,0.0000,0.0000,0.0000,0.0000,3.2633,6.4284,4.8147,-0.3296,0.1136,-0.1947
0.0000,0.0000,0.0000,0.0000,0.0000,0.0000,2.5355,6.4907,4.1276,-0.4298,0.3503,-0.1629
0.0000,0.0000,0.0000,0.0000,0.0000,0.0000,2.6528,5.7078,6.1914,-0.5934,0.1533,-0.2320
0.0000,0.0000,0.0000,0.0000,0.0000,0.0000,2.0423,5.5354,6.6679,-0.4253,0.1841,-0.2554
0.0000,0.0000,0.0000,0.0000,0.0000,0.0000,2.5666,5.8466,5.8826,-0.1568,0.1066,-0.0637
0.0000,0.0000,0.0000,0.0000,0.0000,0.0000,2.6839,5.9137,5.3271,-0.1948,0.1789,-0.1323
0.0000,0.0000,0.0000,0.0000,0.0000,0.0000,1.3599,5.6647,5.7940,-0.3383,0.1960,-0.1151
0.0000,0.0000,0.0000,0.0000,0.0000,0.0000,2.3727,5.1308,6.8618,-0.3854,0.0155,-0.1022
0.0000,0.0000,0.0000,0.0000,0.0000,0.0000,1.9513,4.9584,7.5082,-0.1652,0.0397,-0.2597
0.0000,0.0000,0.0000,0.0000,0.0000,0.0000,1.1756,4.9153,7.4579,0.0934,-0.1152,-0.1168
0.0000,0.0000,0.0000,0.0000,0.0000,0.0000,2.0518,5.4827,6.1124,0.2469,-0.0648,0.0348
0.0000,0.0000,0.0000,0.0000,0.0000,0.0000,2.5043,6.0166,5.0063,0.1721,0.0173,0.0037
0.0000,0.0000,0.0000,0.0000,0.0000,0.0000,2.6145,5.8778,5.4420,0.0218,-0.0869,-0.0472
0.0000,0.0000,0.0000,0.0000,0.0000,0.0000,2.6049,6.0094,5.2289,-0.0738,-0.0309,-0.1298
0.0000,0.0000,0.0000,0.0000,0.0000,0.0000,2.2242,5.9496,5.6527,-0.2153,-0.0580,-0.1628
0.0000,0.0000,0.0000,0.0000,0.0000,0.0000,2.0782,5.7102,6.1004,-0.1095,-0.0572,-0.1362
0.0000,0.0000,0.0000,0.0000,0.0000,0.0000,2.5762,5.8323,5.3774,-0.0653,-0.0783,-0.1186
0.0000,0.0000,0.0000,0.0000,0.0000,0.0000,2.5211,5.7365,5.6838,-0.1175,-0.0370,-0.1695
0.0000,0.0000,0.0000,0.0000,0.0000,0.0000,2.9688,5.5689,5.6982,-0.0608,-0.0554,-0.1986
0.0000,0.0000,0.0000,0.0000,0.0000,0.0000,2.3152,5.6838,5.8754,-0.1042,0.2455,-0.1423
0.0000,0.0000,0.0000,0.0000,0.0000,0.0000,2.3296,5.7533,6.2537,-0.0946,0.1759,-0.1636
0.0000,0.0000,0.0000,0.0000,0.0000,0.0000,2.0614,5.9376,6.0310,0.0055,0.1352,-0.1815
0.0000,0.0000,0.0000,0.0000,0.0000,0.0000,1.8411,6.2369,5.2648,0.0548,0.1344,-0.1740
0.0000,0.0000,0.0000,0.0000,0.0000,0.0000,0.7326,6.5864,5.2744,0.0370,0.2457,-0.0771
0.0000,0.0000,0.0000,0.0000,0.0000,0.0000,1.8004,6.5362,5.1188,0.1148,0.0016,0.1308
0.0000,0.0000,0.0000,0.0000,0.0000,0.0000,1.8316,6.3398,4.3167,0.0438,0.2834,0.2160
0.0000,0.0000,0.0000,0.0000,0.0000,0.0000,3.8690,6.2513,4.6328,-0.1573,0.2130,-0.0430
0.0000,0.0000,0.0000,0.0000,0.0000,0.0000,4.3048,5.9592,4.7597,-0.2759,0.2136,-0.3541
0.0000,0.0000,0.0000,0.0000,0.0000,0.0000,2.3846,5.9735,4.1994,-0.4762,0.3745,-0.4025
0.0000,0.0000,0.0000,0.0000,0.0000,0.0000,2.1596,6.0669,5.0278,-0.4012,0.3051,-0.2852
0.0000,0.0000,0.0000,0.0000,0.0000,0.0000,2.5498,6.1507,4.4508,-0.5224,0.7252,-0.2148
0.0000,0.0000,0.0000,0.0000,0.0000,0.0000,2.8563,6.2201,4.4915,-0.6217,0.6187,-0.2060
0.0000,0.0000,0.0000,0.0000,0.0000,0.0000,1.5155,5.8419,4.3048,-0.8684,0.6259,-0.4686
0.0000,0.0000,0.0000,0.0000,0.0000,0.0000,1.9178,5.1140,4.9153,-1.0237,0.2553,-0.5513
0.0000,0.0000,0.0000,0.0000,0.0000,0.0000,0.9529,4.6160,5.9065,-1.1350,0.8400,-0.7727
0.0000,0.0000,0.0000,0.0000,0.0000,0.0000,-0.5866,3.8810,7.2161,-1.1706,0.3387,-0.8159
0.0000,0.0000,0.0000,0.0000,0.0000,0.0000,0.2179,3.4117,7.7716,-0.8475,0.4459,-0.5983
0.0000,0.0000,0.0000,0.0000,0.0000,0.0000,-0.8380,3.6727,6.8953,-0.7492,0.9503,-0.5196
0.0000,0.0000,0.0000,0.0000,0.0000,0.0000,-0.4836,3.4524,6.8307,-0.6294,0.4362,-0.6436
0.0000,0.0000,0.0000,0.0000,0.0000,0.0000,-0.7230,3.7134,5.5043,-0.5624,0.6343,-0.6267
0.0000,0.0000,0.0000,0.0000,0.0000,0.0000,-1.3958,2.6647,6.4452,-1.0409,0.9124,-0.5777
0.0000,0.0000,0.0000,0.0000,0.0000,0.0000,-2.6959,2.1356,7.7572,-0.7635,0.9467,-0.7617
0.0000,0.0000,0.0000,0.0000,0.0000,0.0000,-4.0366,2.2649,7.8027,-0.8520,0.7846,-0.6642
0.0000,0.0000,0.0000,0.0000,0.0000,0.0000,-3.4022,1.6807,8.0732,-0.8607,0.4964,-0.5857
0.0000,0.0000,0.0000,0.0000,0.0000,0.0000,-3.7541,1.7454,8.5162,-0.8912,0.6443,-0.4659
0.0000,0.0000,0.0000,0.0000,0.0000,0.0000,-4.4987,1.1277,9.5170,-0.7301,0.5025,-0.3289
0.0000,0.0000,0.0000,0.0000,0.0000,0.0000,-3.5362,1.5514,8.4276,-0.4724,0.3405,-0.1607
0.0000,0.0000,0.0000,0.0000,0.0000,0.0000,-4.8985,1.4437,8.6215,-0.5685,0.9657,-0.1288
0.0000,0.0000,0.0000,0.0000,0.0000,0.0000,-4.2329,0.6752,9.2608,-0.4533,-0.1110,0.0695
0.0000,0.0000,0.0000,0.0000,0.0000,0.0000,-3.1101,0.9960,8.5904,-0.1962,0.2062,0.0505
0.0000,0.0000,0.0000,0.0000,0.0000,0.0000,-4.1731,1.0487,8.4755,-0.2064,0.4438,-0.0292
0.0000,0.0000,0.0000,0.0000,0.0000,0.0000,-3.6440,0.7566,8.9399,-0.1647,-0.2214,0.0417
0.0000,0.0000,0.0000,0.0000,0.0000,0.0000,-4.1875,1.0606,8.7340,0.0653,0.0842,0.0238
0.0000,0.0000,0.0000,0.0000,0.0000,0.0000,-3.9768,1.0104,8.4707,0.1483,-0.3404,0.1446
0.0000,0.0000,0.0000,0.0000,0.0000,0.0000,-3.5027,1.4198,7.9511,0.2384,-0.2602,0.1713
0.0000,0.0000,0.0000,0.0000,0.0000,0.0000,-5.1044,1.6688,7.8673,0.1467,-0.3046,0.1163
0.0000,0.0000,0.0000,0.0000,0.0000,0.0000,-4.0366,0.9625,9.4116,0.2886,-1.2466,0.1108
0.0000,0.0000,0.0000,0.0000,0.0000,0.0000,-3.1532,1.1325,8.9112,0.6050,-0.7472,0.3431
0.0000,0.0000,0.0000,0.0000,0.0000,0.0000,-3.2825,1.5562,7.8386,0.6468,-0.5488,0.5003
0.0000,0.0000,0.0000,0.0000,0.0000,0.0000,-2.5355,2.1691,7.3885,0.5496,-0.6150,0.4052
0.0000,0.0000,0.0000,0.0000,0.0000,0.0000,-3.0215,2.2434,7.3909,0.3689,-0.7023,0.4546
0.0000,0.0000,0.0000,0.0000,0.0000,0.0000,-2.4469,1.9728,8.1977,0.4370,-1.0460,0.4842
0.0000,0.0000,0.0000,0.0000,0.0000,0.0000,-2.0423,2.0662,8.3103,0.5364,-0.9455,0.6468
0.0000,0.0000,0.0000,0.0000,0.0000,0.0000,-0.8595,2.4038,7.4340,0.6915,-1.0980,0.5396
0.0000,0.0000,0.0000,0.0000,0.0000,0.0000,0.2322,3.0622,6.2728,0.6587,-0.9986,0.4153
0.0000,0.0000,0.0000,0.0000,0.0000,0.0000,0.3519,3.4812,5.9209,0.5224,-0.8198,0.3897
0.0000,0.0000,0.0000,0.0000,0.0000,0.0000,0.8499,4.0558,4.7285,0.3953,-0.8422,0.3139
0.0000,0.0000,0.0000,0.0000,0.0000,0.0000,2.1404,4.4173,5.3822,0.0626,-0.7117,0.1180
0.0000,0.0000,0.0000,0.0000,0.0000,0.0000,0.8906,3.9145,6.2800,-0.1154,-0.7049,0.2046
0.0000,0.0000,0.0000,0.0000,0.0000,0.0000,1.0750,3.6512,7.0174,-0.0616,-0.7321,0.2950
0.0000,0.0000,0.0000,0.0000,0.0000,0.0000,2.3631,3.7876,7.5992,0.1731,-0.5786,0.3034
0.0000,0.0000,0.0000,0.0000,0.0000,0.0000,2.9640,3.8786,6.9863,0.2782,-0.2979,0.0172
0.0000,0.0000,0.0000,0.0000,0.0000,0.0000,1.9225,3.7948,7.1635,0.2856,-0.2505,0.0915
0.0000,0.0000,0.0000,0.0000,0.0000,0.0000,2.7342,4.0175,7.2233,0.4618,-0.4547,0.0899
0.0000,0.0000,0.0000,0.0000,0.0000,0.0000,2.3296,4.2569,6.5577,0.3936,-0.1022,0.0354
0.0000,0.0000,0.0000,0.0000,0.0000,0.0000,1.9225,4.2473,6.6894,0.4157,-0.2372,0.0123
0.0000,0.0000,0.0000,0.0000,0.0000,0.0000,1.8028,4.3958,6.2369,0.3477,-0.1587,0.0486
0.0000,0.0000,0.0000,0.0000,0.0000,0.0000,1.6520,4.4317,6.8067,0.2152,-0.1771,0.1187
0.0000,0.0000,0.0000,0.0000,0.0000,0.0000,2.2027,4.4748,6.4548,0.3617,-0.2590,0.1222
0.0000,0.0000,0.0000,0.0000,0.0000,0.0000,1.7238,4.4317,6.7924,0.2842,-0.0533,0.2723
0.0000,0.0000,0.0000,0.0000,0.0000,0.0000,2.1428,4.6088,6.9145,0.4226,0.0847,0.3154
0.0000,0.0000,0.0000,0.0000,0.0000,0.0000,1.9752,4.6878,6.4141,0.3375,-0.0301,0.2621
0.0000,0.0000,0.0000,0.0000,0.0000,0.0000,2.0375,4.6974,6.4835,0.2322,-0.1119,0.1829
0.0000,0.0000,0.0000,0.0000,0.0000,0.0000,2.2960,4.8363,6.5266,0.2699,-0.1609,0.1723
0.0000,0.0000,0.0000,0.0000,0.0000,0.0000,1.5323,4.7285,6.5122,0.2322,0.1168,0.3341
0.0000,0.0000,0.0000,0.0000,0.0000,0.0000,2.3080,4.8602,6.7109,0.4299,0.0765,0.3655
0.0000,0.0000,0.0000,0.0000,0.0000,0.0000,1.7669,5.0733,5.9280,0.3035,0.1768,0.3324
0.0000,0.0000,0.0000,0.0000,0.0000,0.0000,1.9585,4.8698,6.9456,0.3425,-0.0244,0.3588
0.0000,0.0000,0.0000,0.0000,0.0000,0.0000,2.0997,4.9608,6.4643,0.4261,-0.0418,0.4942
0.0000,0.0000,0.0000,0.0000,0.0000,0.0000,2.1093,5.1930,6.4380,0.4150,0.1839,0.4726
0.0000,0.0000,0.0000,0.0000,0.0000,0.0000,2.4995,5.3415,6.6008,0.6075,-0.0799,0.4726
0.0000,0.0000,0.0000,0.0000,0.0000,0.0000,2.6743,5.8538,5.1380,0.6431,-0.0095,0.4307
0.0000,0.0000,0.0000,0.0000,0.0000,0.0000,2.0997,6.0358,5.1308,0.3960,-0.0958,0.4490
0.0000,0.0000,0.0000,0.0000,0.0000,0.0000,2.8706,5.9209,5.3558,0.3916,-0.0985,0.4579
0.0000,0.0000,0.0000,0.0000,0.0000,0.0000,2.5714,5.7174,5.7796,0.2322,0.0172,0.3797
0.0000,0.0000,0.0000,0.0000,0.0000,0.0000,3.3208,5.3103,6.3614,0.4426,-0.3232,0.3497
0.0000,0.0000,0.0000,0.0000,0.0000,0.0000,3.0694,5.4899,5.6575,0.5419,-0.1131,0.3353
0.0000,0.0000,0.0000,0.0000,0.0000,0.0000,1.9034,5.3486,5.3654,0.4531,0.0558,0.4731
0.0000,0.0000,0.0000,0.0000,0.0000,0.0000,2.9233,5.2170,6.5793,0.6599,0.2065,0.9178
0.0000,0.0000,0.0000,0.0000,0.0000,0.0000,3.9648,6.1220,5.0039,0.8591,0.1953,0.6911
0.0000,0.0000,0.0000,0.0000,0.0000,0.0000,4.5514,6.7397,3.9025,0.8011,-0.3114,0.3219
0.0000,0.0000,0.0000,0.0000,0.0000,0.0000,4.8674,6.7588,3.8906,0.7040,-0.4314,0.1083
0.0000,0.0000,0.0000,0.0000,0.0000,0.0000,4.2832,6.6535,3.2729,0.6456,-0.3283,0.1414
0.0000,0.0000,0.0000,0.0000,0.0000,0.0000,5.0613,7.2664,2.7007,0.5676,-0.4267,0.0819
0.0000,0.0000,0.0000,0.0000,0.0000,0.0000,5.2696,7.4962,2.4852,0.3255,-0.2860,-0.1812
0.0000,0.0000,0.0000,0.0000,0.0000,0.0000,4.6591,7.6136,2.6959,0.1885,-0.2709,-0.1796
0.0000,0.0000,0.0000,0.0000,0.0000,0.0000,4.1420,7.8362,2.5929,0.1320,-0.1727,-0.0165
0.0000,0.0000,0.0000,0.0000,0.0000,0.0000,4.9081,7.8530,2.7438,0.0334,-0.1833,-0.0546
0.0000,0.0000,0.0000,0.0000,0.0000,0.0000,4.6232,7.7716,2.5522,-0.1196,-0.0406,-0.0669
0.0000,0.0000,0.0000,0.0000,0.0000,0.0000,4.7333,7.8075,2.4301,-0.2265,0.0372,-0.0221
0.0000,0.0000,0.0000,0.0000,0.0000,0.0000,4.6064,7.5705,2.7940,-0.3577,0.1755,-0.0452
0.0000,0.0000,0.0000,0.0000,0.0000,0.0000,4.6591,7.5106,2.7557,-0.4325,0.1535,-0.1988
0.0000,0.0000,0.0000,0.0000,0.0000,0.0000,4.1252,7.1970,3.2417,-0.6262,0.2165,-0.2096
0.0000,0.0000,0.0000,0.0000,0.0000,0.0000,4.2329,6.9743,3.5817,-0.6257,0.2372,-0.1935
0.0000,0.0000,0.0000,0.0000,0.0000,0.0000,4.2880,6.9312,3.8738,-0.6434,0.2194,-0.2254
0.0000,0.0000,0.0000,0.0000,0.0000,0.0000,4.0414,6.6176,4.0199,-0.6619,0.2779,-0.2817
0.0000,0.0000,0.0000,0.0000,0.0000,0.0000,4.3598,6.5721,3.8858,-0.7365,0.2029,-0.2651
0.0000,0.0000,0.0000,0.0000,0.0000,0.0000,3.9049,6.6008,3.5051,-0.9256,0.3589,-0.3701
0.0000,0.0000,0.0000,0.0000,0.0000,0.0000,3.6727,5.9400,4.8530,-1.0311,0.2939,-0.4599
0.0000,0.0000,0.0000,0.0000,0.0000,0.0000,3.8403,5.7078,5.4372,-0.9198,0.3376,-0.4278
0.0000,0.0000,0.0000,0.0000,0.0000,0.0000,2.9521,5.6767,5.1547,-0.9277,0.5037,-0.4421
0.0000,0.0000,0.0000,0.0000,0.0000,0.0000,3.0574,5.1811,6.0693,-0.9280,0.3014,-0.4546
0.0000,0.0000,0.0000,0.0000,0.0000,0.0000,3.1460,4.8147,6.1866,-0.8146,0.3453,-0.5124
0.0000,0.0000,0.0000,0.0000,0.0000,0.0000,2.7485,4.8147,6.2800,-0.6821,0.3214,-0.6267
0.0000,0.0000,0.0000,0.0000,0.0000,0.0000,2.6719,4.9129,5.8514,-0.6138,0.3014,-0.6679
0.0000,0.0000,0.0000,0.0000,0.0000,0.0000,2.4493,5.0087,5.0709,-0.7127,0.5316,-0.5601
0.0000,0.0000,0.0000,0.0000,0.0000,0.0000,1.4653,4.4508,6.0980,-0.9185,0.7328,-0.4898
0.0000,0.0000,0.0000,0.0000,0.0000,0.0000,1.6712,4.4412,7.1299,-0.7031,0.4912,-0.6222
0.0000,0.0000,0.0000,0.0000,0.0000,0.0000,0.7853,4.5322,6.6272,-0.6626,0.4466,-0.5470
0.0000,0.0000,0.0000,0.0000,0.0000,0.0000,0.8284,4.4005,6.1028,-0.6047,0.5220,-0.3737
0.0000,0.0000,0.0000,0.0000,0.0000,0.0000,0.8021,4.4772,5.3726,-0.8548,0.7171,-0.4250
0.0000,0.0000,0.0000,0.0000,0.0000,0.0000,0.3328,3.8188,7.1898,-0.8151,0.5918,-0.4206
0.0000,0.0000,0.0000,0.0000,0.0000,0.0000,0.1317,3.9744,6.0525,-0.5985,0.5682,-0.3754
0.0000,0.0000,0.0000,0.0000,0.0000,0.0000,-1.1085,3.4692,6.4189,-0.9329,0.8031,-0.3255
0.0000,0.0000,0.0000,0.0000,0.0000,0.0000,-0.4262,3.2298,7.2042,-0.6113,0.4391,-0.3135
0.0000,0.0000,0.0000,0.0000,0.0000,0.0000,-0.9146,3.2465,6.2297,-0.6800,0.7385,-0.2353
0.0000,0.0000,0.0000,0.0000,0.0000,0.0000,-0.6273,2.7461,6.7109,-0.9232,0.9253,-0.1648
0.0000,0.0000,0.0000,0.0000,0.0000,0.0000,-0.9433,1.7358,8.4036,-0.8376,1.0171,-0.2490
0.0000,0.0000,0.0000,0.0000,0.0000,0.0000,-2.5498,1.7406,8.0732,-0.7717,1.1162,-0.3010
0.0000,0.0000,0.0000,0.0000,0.0000,0.0000,-3.4716,1.1708,9.5553,-0.9463,0.6479,-0.4211
0.0000,0.0000,0.0000,0.0000,0.0000,0.0000,-3.5578,0.5148,10.4411,-0.5533,0.3687,-0.2581
0.0000,0.0000,0.0000,0.0000,0.0000,0.0000,-3.0646,0.7973,9.3206,-0.2407,0.2509,-0.0453
0.0000,0.0000,0.0000,0.0000,0.0000,0.0000,-2.7031,0.8715,9.4116,-0.1628,0.4135,-0.0601
0.0000,0.0000,0.0000,0.0000,0.0000,0.0000,-2.6240,1.1660,8.7747,-0.0945,-0.0228,-0.1006
0.0000,0.0000,0.0000,0.0000,0.0000,0.0000,-3.6943,1.0942,9.3470,-0.1286,0.2253,-0.1835
0.0000,0.0000,0.0000,0.0000,0.0000,0.0000,-3.6943,0.7350,9.5840,-0.0064,-0.3866,0.0763
0.0000,0.0000,0.0000,0.0000,0.0000,0.0000,-2.8683,1.3120,9.0980,0.2192,-0.1021,0.0875
0.0000,0.0000,0.0000,0.0000,0.0000,0.0000,-3.4955,1.3695,8.7508,0.2366,-0.3749,0.1096
0.0000,0.0000,0.0000,0.0000,0.0000,0.0000,-2.3607,1.4198,8.8657,0.3553,-0.6771,0.1127
0.0000,0.0000,0.0000,0.0000,0.0000,0.0000,-2.7797,1.5323,8.8346,0.4057,-0.4654,0.1474
0.0000,0.0000,0.0000,0.0000,0.0000,0.0000,-2.5402,1.5179,8.5377,0.4838,-0.7626,0.2870
0.0000,0.0000,0.0000,0.0000,0.0000,0.0000,-1.4102,2.0279,8.1810,0.5391,-0.7069,0.1644
0.0000,0.0000,0.0000,0.0000,0.0000,0.0000,-1.5610,2.0925,8.1858,0.5271,-0.8258,0.1062
0.0000,0.0000,0.0000,0.0000,0.0000,0.0000,-0.3280,2.0063,9.0214,0.6299,-1.2538,-0.0926
0.0000,0.0000,0.0000,0.0000,0.0000,0.0000,-0.8068,2.0973,8.8178,0.9627,-1.2327,-0.4294
0.0000,0.0000,0.0000,0.0000,0.0000,0.0000,-1.4916,2.6743,6.8235,1.0096,-1.3279,-0.2940
0.0000,0.0000,0.0000,0.0000,0.0000,0.0000,-0.0120,2.9497,7.5393,0.9427,-0.9702,0.2018
0.0000,0.0000,0.0000,0.0000,0.0000,0.0000,0.3424,3.3232,7.1898,0.9643,-0.6941,0.2745
0.0000,0.0000,0.0000,0.0000,0.0000,0.0000,1.1851,3.6081,6.7062,1.0416,-0.7501,0.3970
0.0000,0.0000,0.0000,0.0000,0.0000,0.0000,0.8571,3.9696,6.1794,0.9907,-0.4868,0.2972
0.0000,0.0000,0.0000,0.0000,0.0000,0.0000,1.8196,4.5897,5.8466,0.9543,-0.6945,0.1989
0.0000,0.0000,0.0000,0.0000,0.0000,0.0000,1.4509,4.7956,6.0741,0.6969,-0.4888,0.3409
0.0000,0.0000,0.0000,0.0000,0.0000,0.0000,1.7741,5.2146,5.4588,0.7406,-0.3924,0.4398
0.0000,0.0000,0.0000,0.0000,0.0000,0.0000,2.2577,5.7437,5.0111,0.6171,-0.2983,0.4494
0.0000,0.0000,0.0000,0.0000,0.0000,0.0000,3.0167,5.4540,6.0214,0.7232,-0.3532,0.3027
0.0000,0.0000,0.0000,0.0000,0.0000,0.0000,1.9561,5.2648,6.2393,0.8403,-0.2814,0.3483
0.0000,0.0000,0.0000,0.0000,0.0000,0.0000,3.0382,5.5857,5.0278,0.9154,-0.4443,0.4559
0.0000,0.0000,0.0000,0.0000,0.0000,0.0000,3.1029,6.0166,4.6112,0.8194,-0.1162,0.4618
0.0000,0.0000,0.0000,0.0000,0.0000,0.0000,3.2657,6.2177,4.1013,0.6887,-0.3248,0.4770
0.0000,0.0000,0.0000,0.0000,0.0000,0.0000,4.0079,6.6966,3.7757,0.4759,-0.2442,0.2369
0.0000,0.0000,0.0000,0.0000,0.0000,0.0000,3.3878,6.8259,3.8954,0.4918,-0.3312,0.1796
0.0000,0.0000,0.0000,0.0000,0.0000,0.0000,4.0534,6.9887,3.3830,0.4924,-0.2197,0.1396
0.0000,0.0000,0.0000,0.0000,0.0000,0.0000,4.2713,7.4148,3.3974,0.4179,0.0012,0.0769
0.0000,0.0000,0.0000,0.0000,0.0000,0.0000,2.8898,7.2401,3.7350,0.2470,0.0743,0.3793
0.0000,0.0000,0.0000,0.0000,0.0000,0.0000,4.2737,7.4220,3.5889,0.3332,0.0839,0.2876
0.0000,0.0000,0.0000,0.0000,0.0000,0.0000,3.6559,7.2640,3.9385,0.2169,0.1208,0.3063
0.0000,0.0000,0.0000,0.0000,0.0000,0.0000,3.6272,7.1443,3.7469,0.2539,0.0621,0.1985
0.0000,0.0000,0.0000,0.0000,0.0000,0.0000,3.8714,7.2113,3.6559,0.1523,0.0783,0.1909
0.0000,0.0000,0.0000,0.0000,0.0000,0.0000,3.5889,7.2329,3.8283,0.0264,0.0961,0.1732
0.0000,0.0000,0.0000,0.0000,0.0000,0.0000,3.9696,7.0150,3.9337,0.0605,0.0087,0.1422
0.0000,0.0000,0.0000,0.0000,0.0000,0.0000,3.4740,7.1754,3.7709,0.0013,0.1212,0.0927
0.0000,0.0000,0.0000,0.0000,0.0000,0.0000,3.5386,7.0150,4.5346,-0.0999,0.0914,0.1260
0.0000,0.0000,0.0000,0.0000,0.0000,0.0000,3.0023,6.7756,4.3646,-0.0497,0.0890,0.0135
0.0000,0.0000,0.0000,0.0000,0.0000,0.0000,3.2394,6.9623,4.7525,-0.0642,0.0741,-0.0302
0.0000,0.0000,0.0000,0.0000,0.0000,0.0000,2.8659,6.7253,5.2816,0.0397,-0.1442,0.1382
0.0000,0.0000,0.0000,0.0000,0.0000,0.0000,2.8778,6.8163,4.6711,0.1539,-0.0572,0.1986
0.0000,0.0000,0.0000,0.0000,0.0000,0.0000,3.6464,6.8738,4.2952,0.1589,-0.0224,0.1775
0.0000,0.0000,0.0000,0.0000,0.0000,0.0000,4.2042,6.6918,4.5011,0.1985,-0.0942,0.1982
0.0000,0.0000,0.0000,0.0000,0.0000,0.0000,3.8714,6.5266,4.4197,0.1699,0.0393,0.2487
0.0000,0.0000,0.0000,0.0000,0.0000,0.0000,4.3000,6.6702,4.1132,0.1953,-0.0072,0.1527
0.0000,0.0000,0.0000,0.0000,0.0000,0.0000,3.5434,6.3015,4.6208,0.1563,-0.0841,0.1740
0.0000,0.0000,0.0000,0.0000,0.0000,0.0000,3.8595,6.3614,5.2265,0.3091,-0.0795,0.1587
0.0000,0.0000,0.0000,0.0000,0.0000,0.0000,3.8930,6.5936,4.4269,0.5329,-0.2506,0.2030
0.0000,0.0000,0.0000,0.0000,0.0000,0.0000,4.9823,7.1012,3.1532,0.5625,-0.2678,0.2044
0.0000,0.0000,0.0000,0.0000,0.0000,0.0000,4.8411,7.7309,2.4157,0.4169,-0.1021,0.0414
0.0000,0.0000,0.0000,0.0000,0.0000,0.0000,4.4317,7.8961,2.1476,0.2894,-0.2868,-0.0675
0.0000,0.0000,0.0000,0.0000,0.0000,0.0000,4.4245,8.2193,1.5730,0.2012,-0.1055,0.0020
0.0000,0.0000,0.0000,0.0000,0.0000,0.0000,4.7238,8.4659,1.3312,0.0293,0.0377,0.0334
0.0000,0.0000,0.0000,0.0000,0.0000,0.0000,4.7956,8.3103,1.3910,-0.1428,0.0402,-0.0461
0.0000,0.0000,0.0000,0.0000,0.0000,0.0000,4.7549,8.1379,1.7861,-0.3051,0.1728,-0.0552
0.0000,0.0000,0.0000,0.0000,0.0000,0.0000,4.6807,8.0900,1.9178,-0.4230,0.1631,-0.0468
0.0000,0.0000,0.0000,0.0000,0.0000,0.0000,4.8076,7.9057,1.9513,-0.5237,0.1400,-0.0707
0.0000,0.0000,0.0000,0.0000,0.0000,0.0000,4.5993,7.5322,2.3415,-0.6715,0.1984,-0.1392
0.0000,0.0000,0.0000,0.0000,0.0000,0.0000,4.5107,6.9216,3.2537,-0.8170,0.3885,-0.1727
0.0000,0.0000,0.0000,0.0000,0.0000,0.0000,3.8810,6.2201,4.2593,-0.7919,0.3547,-0.2192
0.0000,0.0000,0.0000,0.0000,0.0000,0.0000,4.5298,5.8993,5.1691,-0.6495,0.2092,-0.2230
0.0000,0.0000,0.0000,0.0000,0.0000,0.0000,3.9983,6.1914,4.9368,-0.6009,0.3332,-0.3516
0.0000,0.0000,0.0000,0.0000,0.0000,0.0000,3.5338,6.3853,4.7429,-0.5131,0.0180,-0.4201
0.0000,0.0000,0.0000,0.0000,0.0000,0.0000,3.5123,6.6343,4.4077,-0.4718,0.0433,-0.3572
0.0000,0.0000,0.0000,0.0000,0.0000,0.0000,4.4317,6.9576,3.6392,-0.4202,0.0991,-0.4764
0.0000,0.0000,0.0000,0.0000,0.0000,0.0000,4.3646,6.7229,3.5482,-0.6663,-0.0073,-0.5801
0.0000,0.0000,0.0000,0.0000,0.0000,0.0000,3.7972,6.4979,4.2306,-0.7977,0.1623,-0.6263
0.0000,0.0000,0.0000,0.0000,0.0000,0.0000,3.4500,6.2513,4.3910,-0.7850,0.2417,-0.6293
0.0000,0.0000,0.0000,0.0000,0.0000,0.0000,3.3806,6.3063,4.2952,-0.8691,0.3190,-0.7250
0.0000,0.0000,0.0000,0.0000,0.0000,0.0000,2.2314,5.6216,4.7692,-1.0489,0.2979,-0.7774
0.0000,0.0000,0.0000,0.0000,0.0000,0.0000,3.2106,5.3367,6.2776,-0.8047,0.2009,-0.6840
0.0000,0.0000,0.0000,0.0000,0.0000,0.0000,2.2098,5.4684,5.3486,-0.7258,0.5580,-0.6596
0.0000,0.0000,0.0000,0.0000,0.0000,0.0000,2.1069,4.7118,6.5936,-0.7962,0.3345,-0.7205
0.0000,0.0000,0.0000,0.0000,0.0000,0.0000,1.7909,4.7501,6.3494,-0.4834,0.6014,-0.6157
0.0000,0.0000,0.0000,0.0000,0.0000,0.0000,1.3838,4.5562,6.7684,-0.3864,0.4712,-0.6314
0.0000,0.0000,0.0000,0.0000,0.0000,0.0000,1.4509,5.4348,5.7892,0.0628,0.6694,-0.5085
0.0000,0.0000,0.0000,0.0000,0.0000,0.0000,-0.4693,6.1483,4.1061,-0.2531,1.1122,-0.4074
0.0000,0.0000,0.0000,0.0000,0.0000,0.0000,0.2107,5.5162,5.0685,-0.7380,0.2101,-0.4319
0.0000,0.0000,0.0000,0.0000,0.0000,0.0000,-0.6345,5.2026,5.8873,-0.6912,0.8749,-0.4041
0.0000,0.0000,0.0000,0.0000,0.0000,0.0000,-1.9465,5.1715,5.6096,-0.6702,0.9561,-0.1255
0.0000,0.0000,0.0000,0.0000,0.0000,0.0000,-1.9154,5.0159,5.5210,-0.6619,1.1527,0.0230
0.0000,0.0000,0.0000,0.0000,0.0000,0.0000,-2.9353,5.0015,4.8243,-0.8423,1.2681,0.1680
0.0000,0.0000,0.0000,0.0000,0.0000,0.0000,-2.1763,4.1587,5.6336,-1.2044,0.4401,0.1338
0.0000,0.0000,0.0000,0.0000,0.0000,0.0000,-2.3320,2.9425,7.4867,-1.3955,0.6263,0.2960
0.0000,0.0000,0.0000,0.0000,0.0000,0.0000,-1.4269,0.5219,12.4475,-1.2221,0.1278,0.1475
0.0000,0.0000,0.0000,0.0000,0.0000,0.0000,0.5818,0.6680,12.5049,0.2805,0.2242,0.1443
0.0000,0.0000,0.0000,0.0000,0.0000,0.0000,0.5986,2.6767,9.3948,0.3647,1.3899,-0.3447
0.0000,0.0000,0.0000,0.0000,0.0000,0.0000,-4.1420,2.7701,8.5305,-0.2781,0.5921,-0.2757
0.0000,0.0000,0.0000,0.0000,0.0000,0.0000,-1.3384,2.4397,9.6031,-0.6583,-1.1984,-0.5300
0.0000,0.0000,0.0000,0.0000,0.0000,0.0000,-1.6065,3.0071,7.8721,-0.1154,1.1076,-0.1880
0.0000,0.0000,0.0000,0.0000,0.0000,0.0000,-2.6935,3.2274,6.8833,-0.2896,0.2727,-0.3182
0.0000,0.0000,0.0000,0.0000,0.0000,0.0000,-3.2322,3.1939,8.3366,-0.5327,0.0782,-0.3480
0.0000,0.0000,0.0000,0.0000,0.0000,0.0000,-3.5865,2.6647,8.8322,-0.3164,-0.1319,-0.1937
0.0000,0.0000,0.0000,0.0000,0.0000,0.0000,-2.8683,2.9066,7.2903,0.0352,0.1110,0.0357
0.0000,0.0000,0.0000,0.0000,0.0000,0.0000,-4.6208,2.5091,8.4108,0.0569,0.4262,0.1152
0.0000,0.0000,0.0000,0.0000,0.0000,0.0000,-3.0861,3.4979,8.3246,0.0266,-0.3148,0.3202
0.0000,0.0000,0.0000,0.0000,0.0000,0.0000,-4.9656,3.4093,8.0780,0.1767,0.1660,0.5036
0.0000,0.0000,0.0000,0.0000,0.0000,0.0000,-2.4852,3.3782,7.5705,0.0472,-0.7192,0.5109
0.0000,0.0000,0.0000,0.0000,0.0000,0.0000,-2.9760,3.8451,6.3997,-0.1462,0.0397,0.3640
0.0000,0.0000,0.0000,0.0000,0.0000,0.0000,-3.7517,2.2960,9.0549,-0.2273,-0.5985,0.5273
0.0000,0.0000,0.0000,0.0000,0.0000,0.0000,-2.6935,3.2298,8.7987,0.1629,-0.4775,0.4843
0.0000,0.0000,0.0000,0.0000,0.0000,0.0000,-2.6504,3.2034,7.2999,0.1808,-0.7478,0.4844
0.0000,0.0000,0.0000,0.0000,0.0000,0.0000,-1.1420,3.3375,6.9192,0.0805,-0.7697,0.5376
0.0000,0.0000,0.0000,0.0000,0.0000,0.0000,-1.4820,2.1213,9.1578,-0.0620,-1.0591,0.5357
0.0000,0.0000,0.0000,0.0000,0.0000,0.0000,-1.2186,2.4972,8.9399,0.2707,-1.0568,0.5498
0.0000,0.0000,0.0000,0.0000,0.0000,0.0000,-2.5857,2.6049,9.0668,0.3148,-0.6221,0.6865
0.0000,0.0000,0.0000,0.0000,0.0000,0.0000,2.0303,2.6097,7.5369,1.3133,-1.2255,1.1119
0.0000,0.0000,0.0000,0.0000,0.0000,0.0000,1.7645,3.4644,4.4963,1.2381,-0.5204,0.8793
0.0000,0.0000,0.0000,0.0000,0.0000,0.0000,2.8898,3.8403,4.4221,0.8604,-0.9866,0.8728
0.0000,0.0000,0.0000,0.0000,0.0000,0.0000,3.5291,4.0342,5.3726,0.5287,-0.4796,0.7216
0.0000,0.0000,0.0000,0.0000,0.0000,0.0000,2.7031,3.7828,5.9951,0.3248,-0.3648,0.6159
0.0000,0.0000,0.0000,0.0000,0.0000,0.0000,2.2721,3.9289,7.1946,0.3340,-0.8613,0.5516
0.0000,0.0000,0.0000,0.0000,0.0000,0.0000,3.2274,3.7757,6.6655,0.5949,-0.8776,0.5195
0.0000,0.0000,0.0000,0.0000,0.0000,0.0000,5.9711,5.4324,2.5474,0.9566,-0.8992,0.5408
0.0000,0.0000,0.0000,0.0000,0.0000,0.0000,8.0852,5.6599,3.2872,0.7915,-0.6035,0.4058
0.0000,0.0000,0.0000,0.0000,0.0000,0.0000,5.2146,5.4851,3.9720,0.3922,-0.0663,0.2164
0.0000,0.0000,0.0000,0.0000,0.0000,0.0000,5.5330,4.9823,4.9584,0.5738,-0.4902,0.3040
0.0000,0.0000,0.0000,0.0000,0.0000,0.0000,4.9704,5.6192,3.9552,0.6907,0.2393,0.2761
0.0000,0.0000,0.0000,0.0000,0.0000,0.0000,4.9392,5.9304,3.2848,0.7172,-0.2557,0.3092
0.0000,0.0000,0.0000,0.0000,0.0000,0.0000,5.7844,6.5003,2.9401,0.5400,-0.1891,0.4057
0.0000,0.0000,0.0000,0.0000,0.0000,0.0000,5.2433,6.5027,3.0071,0.2605,0.0137,0.3096
0.0000,0.0000,0.0000,0.0000,0.0000,0.0000,5.9711,6.2513,3.5937,0.3741,0.0345,0.2807
0.0000,0.0000,0.0000,0.0000,0.0000,0.0000,5.9089,7.0174,1.8292,0.2939,0.1110,0.2188
0.0000,0.0000,0.0000,0.0000,0.0000,0.0000,5.6599,6.8474,3.1029,-0.0346,0.2435,0.1607
0.0000,0.0000,0.0000,0.0000,0.0000,0.0000,5.3893,6.9145,3.5458,0.1404,0.0923,0.0294
0.0000,0.0000,0.0000,0.0000,0.0000,0.0000,5.8466,7.1275,2.6624,0.1760,-0.0067,0.0035
0.0000,0.0000,0.0000,0.0000,0.0000,0.0000,6.3997,6.8738,2.7916,-0.0121,-0.0681,-0.0795
0.0000,0.0000,0.0000,0.0000,0.0000,0.0000,5.8371,6.9168,2.9880,0.0533,-0.1577,-0.1684
0.0000,0.0000,0.0000,0.0000,0.0000,0.0000,5.7533,6.7253,2.7150,0.0276,-0.1250,-0.2058
0.0000,0.0000,0.0000,0.0000,0.0000,0.0000,6.0214,6.6032,3.2896,0.1174,-0.1195,-0.1932
0.0000,0.0000,0.0000,0.0000,0.0000,0.0000,6.0478,7.1012,2.0566,0.0192,0.0678,-0.1860
0.0000,0.0000,0.0000,0.0000,0.0000,0.0000,5.4971,7.0964,1.5395,-0.2875,-0.0226,-0.1779
0.0000,0.0000,0.0000,0.0000,0.0000,0.0000,5.6048,6.6990,2.4469,-0.6467,0.0356,-0.1801
0.0000,0.0000,0.0000,0.0000,0.0000,0.0000,6.4428,6.2465,3.3208,-0.6218,-0.0346,-0.3641
0.0000,0.0000,0.0000,0.0000,0.0000,0.0000,5.3271,6.3015,3.9049,-0.4734,0.1577,-0.3072
0.0000,0.0000,0.0000,0.0000,0.0000,0.0000,4.5921,6.1435,4.0821,-0.2864,0.3556,-0.2471
0.0000,0.0000,0.0000,0.0000,0.0000,0.0000,5.2433,6.7109,2.7174,-0.4739,0.4283,-0.1885
0.0000,0.0000,0.0000,0.0000,0.0000,0.0000,4.9105,6.3614,3.0694,-0.7609,0.6849,-0.2876
0.0000,0.0000,0.0000,0.0000,0.0000,0.0000,4.6831,5.5258,3.9025,-0.8736,0.7846,-0.4303
0.0000,0.0000,0.0000,0.0000,0.0000,0.0000,4.7884,5.1954,5.0829,-0.8811,0.8302,-0.3605
0.0000,0.0000,0.0000,0.0000,0.0000,0.0000,3.9576,4.6998,5.9951,-0.6884,0.8391,-0.3994
0.0000,0.0000,0.0000,0.0000,0.0000,0.0000,4.2976,5.1020,6.0430,-0.1981,0.8332,-0.3464
0.0000,0.0000,0.0000,0.0000,0.0000,0.0000,3.8044,5.7221,6.7852,0.1091,0.7151,-0.5982
0.0000,0.0000,0.0000,0.0000,0.0000,0.0000,1.5993,5.9687,4.1348,0.6134,0.0430,-1.0321
0.0000,0.0000,0.0000,0.0000,0.0000,0.0000,3.4477,6.8809,2.2194,-0.1483,-0.3309,-0.2397
0.0000,0.0000,0.0000,0.0000,0.0000,0.0000,3.8307,6.4548,3.3136,-0.8899,1.1736,-0.5369
0.0000,0.0000,0.0000,0.0000,0.0000,0.0000,0.8811,5.5330,5.1092,-1.2642,0.6396,-0.6261
0.0000,0.0000,0.0000,0.0000,0.0000,0.0000,1.5227,4.5538,7.3454,-1.3370,0.8899,-0.3552
0.0000,0.0000,0.0000,0.0000,0.0000,0.0000,0.2251,4.2928,7.5729,-0.9278,0.7398,-0.3443
0.0000,0.0000,0.0000,0.0000,0.0000,0.0000,0.7350,3.7828,8.4683,-0.7939,0.4987,-0.3484
0.0000,0.0000,0.0000,0.0000,0.0000,0.0000,0.0599,4.0438,8.2145,-0.6664,0.4688,-0.4053
0.0000,0.0000,0.0000,0.0000,0.0000,0.0000,-0.5339,3.7493,8.8442,-0.5101,0.1861,-0.3381
0.0000,0.0000,0.0000,0.0000,0.0000,0.0000,0.1341,4.1180,8.6095,-0.2475,0.0474,-0.2637
0.0000,0.0000,0.0000,0.0000,0.0000,0.0000,-0.8045,4.2976,8.5305,-0.2741,0.2244,-0.2017
0.0000,0.0000,0.0000,0.0000,0.0000,0.0000,-0.4812,4.3167,8.6000,-0.0148,-0.1669,-0.0743
0.0000,0.0000,0.0000,0.0000,0.0000,0.0000,-0.3926,4.9344,7.1994,0.0963,-0.0682,0.0973
0.0000,0.0000,0.0000,0.0000,0.0000,0.0000,-1.6472,4.1707,8.2456,0.0706,-0.1327,0.5065
0.0000,0.0000,0.0000,0.0000,0.0000,0.0000,0.3663,4.7692,7.4986,0.2884,-0.4720,0.6155
0.0000,0.0000,0.0000,0.0000,0.0000,0.0000,0.1939,4.7956,7.5034,0.1311,-0.5071,0.3948
0.0000,0.0000,0.0000,0.0000,0.0000,0.0000,0.4022,4.2210,8.2049,0.0697,-0.6179,0.4430
0.0000,0.0000,0.0000,0.0000,0.0000,0.0000,0.4238,3.8954,8.7484,0.2745,-0.8171,0.5060
0.0000,0.0000,0.0000,0.0000,0.0000,0.0000,2.2242,4.1468,6.9959,0.5047,-1.1942,0.3615
0.0000,0.0000,0.0000,0.0000,0.0000,0.0000,2.5450,4.6855,5.6503,0.4842,-0.8709,0.2385
0.0000,0.0000,0.0000,0.0000,0.0000,0.0000,2.8994,5.0087,4.9273,0.3200,-1.1894,0.1823
0.0000,0.0000,0.0000,0.0000,0.0000,0.0000,4.3694,5.1092,5.0637,0.2353,-1.3606,0.0644
0.0000,0.0000,0.0000,0.0000,0.0000,0.0000,3.0311,4.9344,5.6934,0.3238,-0.3788,0.4273
0.0000,0.0000,0.0000,0.0000,0.0000,0.0000,4.5179,4.8890,5.7676,0.5489,-0.5253,0.5612
0.0000,0.0000,0.0000,0.0000,0.0000,0.0000,4.7908,5.1451,4.8914,0.4775,-0.5802,0.3905
0.0000,0.0000,0.0000,0.0000,0.0000,0.0000,4.3024,4.9967,4.8363,0.3632,-0.4970,0.4509
0.0000,0.0000,0.0000,0.0000,0.0000,0.0000,5.2194,4.9273,4.8387,0.4430,-0.4828,0.4519
0.0000,0.0000,0.0000,0.0000,0.0000,0.0000,5.4588,4.9632,4.9823,0.4710,-0.2988,0.4994
0.0000,0.0000,0.0000,0.0000,0.0000,0.0000,5.7293,5.1284,5.0661,0.5260,-0.3332,0.3512
0.0000,0.0000,0.0000,0.0000,0.0000,0.0000,5.1212,5.1571,4.5203,0.5417,-0.2654,0.2192
0.0000,0.0000,0.0000,0.0000,0.0000,0.0000,5.6814,5.0685,4.7980,0.5020,-0.1800,0.1945
0.0000,0.0000,0.0000,0.0000,0.0000,0.0000,5.3917,5.3798,4.1372,0.4862,-0.1259,0.0109
0.0000,0.0000,0.0000,0.0000,0.0000,0.0000,5.4684,5.3798,4.4532,0.5808,-0.3107,0.1833
0.0000,0.0000,0.0000,0.0000,0.0000,0.0000,6.1028,5.8371,3.9504,0.6173,-0.1809,0.1581
0.0000,0.0000,0.0000,0.0000,0.0000,0.0000,5.4731,6.2225,2.8539,0.5941,-0.1988,0.1085
0.0000,0.0000,0.0000,0.0000,0.0000,0.0000,4.8602,6.1890,3.0670,0.5021,-0.0290,0.2725
0.0000,0.0000,0.0000,0.0000,0.0000,0.0000,5.4061,6.5697,2.5809,0.4223,0.0045,0.3315
0.0000,0.0000,0.0000,0.0000,0.0000,0.0000,5.8610,6.2656,3.2394,0.3461,-0.0036,0.2775
0.0000,0.0000,0.0000,0.0000,0.0000,0.0000,5.6838,6.5050,2.9832,0.4173,-0.0143,0.2585
0.0000,0.0000,0.0000,0.0000,0.0000,0.0000,5.4133,6.2417,3.4237,0.0978,0.0209,0.4170
0.0000,0.0000,0.0000,0.0000,0.0000,0.0000,6.0693,6.3351,3.1723,0.3429,0.0404,0.4338
0.0000,0.0000,0.0000,0.0000,0.0000,0.0000,6.4524,6.4787,1.9441,0.0741,0.1167,0.3465
0.0000,0.0000,0.0000,0.0000,0.0000,0.0000,7.1251,6.0501,3.2609,-0.0230,-0.0734,0.1490
0.0000,0.0000,0.0000,0.0000,0.0000,0.0000,6.4643,6.1962,2.6576,0.0979,0.0076,0.0438
0.0000,0.0000,0.0000,0.0000,0.0000,0.0000,6.3327,6.3758,2.7485,0.1222,-0.0608,0.0505
0.0000,0.0000,0.0000,0.0000,0.0000,0.0000,6.0310,6.8474,1.7861,0.1568,0.0937,0.0677
0.0000,0.0000,0.0000,0.0000,0.0000,0.0000,6.3375,6.5697,2.1021,-0.0402,-0.0121,0.1420
0.0000,0.0000,0.0000,0.0000,0.0000,0.0000,6.6559,6.3159,2.4517,-0.0442,-0.0332,0.1442
0.0000,0.0000,0.0000,0.0000,0.0000,0.0000,7.1371,6.4500,1.4988,-0.1051,0.0665,0.1132
0.0000,0.0000,0.0000,0.0000,0.0000,0.0000,7.8697,6.2201,2.1213,-0.2762,0.1092,-0.0052
0.0000,0.0000,0.0000,0.0000,0.0000,0.0000,6.6295,6.3853,2.0782,-0.2787,0.2276,-0.1467
0.0000,0.0000,0.0000,0.0000,0.0000,0.0000,6.5673,6.5314,2.0063,-0.4110,0.2673,-0.1947
0.0000,0.0000,0.0000,0.0000,0.0000,0.0000,6.7924,6.2848,2.3367,-0.5329,0.3387,-0.2082
0.0000,0.0000,0.0000,0.0000,0.0000,0.0000,7.0868,5.8706,2.9281,-0.5874,0.2891,-0.3287
0.0000,0.0000,0.0000,0.0000,0.0000,0.0000,7.1036,5.7892,2.7174,-0.4904,0.3476,-0.4165
0.0000,0.0000,0.0000,0.0000,0.0000,0.0000,6.8761,6.2632,1.3336,-0.6278,0.4806,-0.4895
0.0000,0.0000,0.0000,0.0000,0.0000,0.0000,6.7133,6.1076,2.2266,-1.1119,0.5802,-0.7466
0.0000,0.0000,0.0000,0.0000,0.0000,0.0000,5.7221,5.3008,4.0821,-1.1242,0.3269,-0.7905
0.0000,0.0000,0.0000,0.0000,0.0000,0.0000,4.6112,5.1475,4.9512,-0.8829,0.5368,-0.7422
0.0000,0.0000,0.0000,0.0000,0.0000,0.0000,4.8961,4.7740,4.4796,-0.7505,0.3933,-0.7931
0.0000,0.0000,0.0000,0.0000,0.0000,0.0000,5.1906,4.7477,5.6838,-0.8471,0.5060,-0.9089
0.0000,0.0000,0.0000,0.0000,0.0000,0.0000,4.1635,4.8363,5.4660,-0.5598,0.2859,-0.9697
0.0000,0.0000,0.0000,0.0000,0.0000,0.0000,4.4796,5.4899,4.2353,-0.2458,0.2769,-1.0309
0.0000,0.0000,0.0000,0.0000,0.0000,0.0000,3.5961,5.4444,4.0725,-0.7148,0.4847,-0.9679
0.0000,0.0000,0.0000,0.0000,0.0000,0.0000,4.6759,5.2672,4.4101,-0.8447,0.2455,-1.4228
0.0000,0.0000,0.0000,0.0000,0.0000,0.0000,2.6432,4.8650,6.3111,-0.6820,0.2294,-1.1306
0.0000,0.0000,0.0000,0.0000,0.0000,0.0000,1.7813,4.8602,5.4755,-0.4996,0.5690,-0.9174
0.0000,0.0000,0.0000,0.0000,0.0000,0.0000,2.1811,4.6017,6.4141,-0.4005,0.4495,-0.9783
0.0000,0.0000,0.0000,0.0000,0.0000,0.0000,0.6512,5.4564,5.3941,-0.3621,0.5481,-0.9573
0.0000,0.0000,0.0000,0.0000,0.0000,0.0000,0.4669,5.2672,5.4133,-0.4302,0.1990,-0.7029
0.0000,0.0000,0.0000,0.0000,0.0000,0.0000,1.8052,5.4588,5.0613,-0.6755,0.2489,-0.8347
0.0000,0.0000,0.0000,0.0000,0.0000,0.0000,1.0415,4.8123,6.3111,-0.6889,0.1180,-1.0475
0.0000,0.0000,0.0000,0.0000,0.0000,0.0000,-0.6632,3.7565,6.4715,-0.8559,0.0517,-0.5564
0.0000,0.0000,0.0000,0.0000,0.0000,0.0000,2.2434,3.4285,8.3390,-0.7569,0.3339,-0.3206
0.0000,0.0000,0.0000,0.0000,0.0000,0.0000,1.6041,2.9592,9.0573,-0.5947,0.6504,-0.5844
0.0000,0.0000,0.0000,0.0000,0.0000,0.0000,-0.3543,3.5721,8.0637,-0.3976,0.5377,-0.6929
0.0000,0.0000,0.0000,0.0000,0.0000,0.0000,1.0942,3.5769,8.8346,-0.1491,0.4371,-0.5554
0.0000,0.0000,0.0000,0.0000,0.0000,0.0000,-1.9034,4.2856,7.5178,-0.3309,0.9349,-0.4230
0.0000,0.0000,0.0000,0.0000,0.0000,0.0000,-1.4509,3.9049,8.0349,-0.5067,0.3030,-0.2441
0.0000,0.0000,0.0000,0.0000,0.0000,0.0000,-0.9266,3.7302,8.3797,-0.5736,0.3111,-0.3665
0.0000,0.0000,0.0000,0.0000,0.0000,0.0000,-1.9225,3.1173,9.3925,-0.4600,0.3817,-0.2762
0.0000,0.0000,0.0000,0.0000,0.0000,0.0000,-1.1875,3.0598,9.1746,-0.2281,-0.0898,-0.1199
0.0000,0.0000,0.0000,0.0000,0.0000,0.0000,-1.5802,3.4812,9.2823,-0.0446,0.1745,-0.2160
0.0000,0.0000,0.0000,0.0000,0.0000,0.0000,-2.5570,3.4812,9.1842,0.0574,0.0418,-0.0931
0.0000,0.0000,0.0000,0.0000,0.0000,0.0000,-1.3024,3.9552,7.9751,0.0710,-0.2975,0.0422
0.0000,0.0000,0.0000,0.0000,0.0000,0.0000,-1.5203,3.6775,7.5657,0.0388,-0.2884,0.1363
0.0000,0.0000,0.0000,0.0000,0.0000,0.0000,-0.0886,3.6081,7.2856,0.0518,-0.4078,0.1322
0.0000,0.0000,0.0000,0.0000,0.0000,0.0000,0.3950,3.8355,6.6559,0.0789,-0.4377,-0.0453
0.0000,0.0000,0.0000,0.0000,0.0000,0.0000,-0.4693,4.2138,6.4715,-0.2068,-0.1896,-0.2245
0.0000,0.0000,0.0000,0.0000,0.0000,0.0000,-1.1037,3.9696,6.8139,-0.0357,-0.0472,-0.0498
0.0000,0.0000,0.0000,0.0000,0.0000,0.0000,-2.2194,4.6448,5.7389,-0.2826,-0.0737,0.4694
0.0000,0.0000,0.0000,0.0000,0.0000,0.0000,-0.5267,4.5586,6.0645,-0.6340,-0.2417,0.6678
0.0000,0.0000,0.0000,0.0000,0.0000,0.0000,1.8747,4.1372,6.8905,-0.7416,-0.4477,0.3729
0.0000,0.0000,0.0000,0.0000,0.0000,0.0000,0.4334,3.3351,7.8793,-0.5485,-0.1664,0.3220
0.0000,0.0000,0.0000,0.0000,0.0000,0.0000,1.1109,3.0287,8.4204,-0.2583,-0.1244,0.4133
0.0000,0.0000,0.0000,0.0000,0.0000,0.0000,1.8004,3.3088,7.7788,-0.0276,-0.1266,0.1123
0.0000,0.0000,0.0000,0.0000,0.0000,0.0000,0.1604,3.2777,7.1539,-0.0730,-0.1793,-0.1644
0.0000,0.0000,0.0000,0.0000,0.0000,0.0000,1.4341,2.9640,8.1690,-0.1110,-0.4722,0.0111
0.0000,0.0000,0.0000,0.0000,0.0000,0.0000,0.5555,3.2226,7.4843,-0.0302,-0.1532,0.0867
0.0000,0.0000,0.0000,0.0000,0.0000,0.0000,0.3304,3.1125,7.7285,0.0326,-0.1821,0.0809
0.0000,0.0000,0.0000,0.0000,0.0000,0.0000,1.7573,3.6152,7.2736,0.1851,-0.3359,0.1150
0.0000,0.0000,0.0000,0.0000,0.0000,0.0000,0.9457,3.9049,6.3303,0.0272,-0.1426,0.1596
0.0000,0.0000,0.0000,0.0000,0.0000,0.0000,1.3886,3.9097,6.4117,-0.0753,-0.1355,0.1191
0.0000,0.0000,0.0000,0.0000,0.0000,0.0000,1.3168,3.8786,7.1443,-0.2045,0.0289,-0.0116
0.0000,0.0000,0.0000,0.0000,0.0000,0.0000,1.1133,3.6033,7.9176,-0.1411,-0.2241,0.0441
0.0000,0.0000,0.0000,0.0000,0.0000,0.0000,1.3024,3.3136,7.5896,0.0159,-0.2188,0.1151
0.0000,0.0000,0.0000,0.0000,0.0000,0.0000,1.5155,3.5386,7.1515,0.0013,-0.0393,0.0967
0.0000,0.0000,0.0000,0.0000,0.0000,0.0000,1.8723,3.3998,7.2999,0.0352,-0.1793,0.0839
0.0000,0.0000,0.0000,0.0000,0.0000,0.0000,2.2482,3.4716,7.0198,0.0025,-0.0903,0.1078
0.0000,0.0000,0.0000,0.0000,0.0000,0.0000,2.0901,3.3974,7.1635,-0.0410,0.0458,0.0397
0.0000,0.0000,0.0000,0.0000,0.0000,0.0000,2.0087,3.3447,7.2736,-0.0354,0.0646,-0.0678
0.0000,0.0000,0.0000,0.0000,0.0000,0.0000,0.8715,3.2848,7.9631,-0.1776,-0.0648,-0.0452
0.0000,0.0000,0.0000,0.0000,0.0000,0.0000,1.4772,3.1412,8.1858,-0.0458,-0.0691,-0.0249
0.0000,0.0000,0.0000,0.0000,0.0000,0.0000,1.9154,3.3974,7.4388,0.0914,-0.0552,-0.1146
0.0000,0.0000,0.0000,0.0000,0.0000,0.0000,1.4581,3.5482,7.4316,0.0600,-0.0377,-0.0818
0.0000,0.0000,0.0000,0.0000,0.0000,0.0000,1.7047,3.6464,7.0533,0.0870,0.0246,-0.0175
0.0000,0.0000,0.0000,0.0000,0.0000,0.0000,0.9960,3.7086,7.0222,0.0068,0.0857,-0.0557
0.0000,0.0000,0.0000,0.0000,0.0000,0.0000,1.2115,3.6895,6.8738,-0.0368,-0.0184,-0.1096
0.0000,0.0000,0.0000,0.0000,0.0000,0.0000,1.5371,3.7326,7.2927,-0.0979,0.0718,-0.0978
0.0000,0.0000,0.0000,0.0000,0.0000,0.0000,1.4341,3.6129,7.8602,-0.0310,-0.0081,-0.1428
0.0000,0.0000,0.0000,0.0000,0.0000,0.0000,1.3815,3.5937,7.2880,0.0590,0.0642,-0.1268
0.0000,0.0000,0.0000,0.0000,0.0000,0.0000,1.8842,3.6272,7.1467,0.0610,0.0883,-0.0706
0.0000,0.0000,0.0000,0.0000,0.0000,0.0000,2.1213,3.3950,6.5984,-0.0444,0.0794,-0.1017
0.0000,0.0000,0.0000,0.0000,0.0000,0.0000,1.9824,2.9521,7.6447,-0.0584,0.0316,-0.2233
0.0000,0.0000,0.0000,0.0000,0.0000,0.0000,2.1955,2.6576,7.7117,-0.0861,0.0416,-0.2345
0.0000,0.0000,0.0000,0.0000,0.0000,0.0000,1.8124,2.1620,8.9376,-0.0735,0.0461,-0.2133
0.0000,0.0000,0.0000,0.0000,0.0000,0.0000,1.8364,2.2075,8.3677,-0.0081,0.1776,-0.3528
0.0000,0.0000,0.0000,0.0000,0.0000,0.0000,2.0207,2.3535,8.1547,0.0306,0.2340,-0.4838
0.0000,0.0000,0.0000,0.0000,0.0000,0.0000,1.4557,2.6288,7.8889,0.1693,0.4731,-0.6237
0.0000,0.0000,0.0000,0.0000,0.0000,0.0000,-0.1389,3.0694,7.8650,0.0811,0.8760,-0.5319
0.0000,0.0000,0.0000,0.0000,0.0000,0.0000,-0.2466,3.5985,8.1163,0.3973,0.4991,-0.5513
0.0000,0.0000,0.0000,0.0000,0.0000,0.0000,-1.6951,4.4484,6.7086,0.4454,0.4771,-0.5512
0.0000,0.0000,0.0000,0.0000,0.0000,0.0000,-1.2570,4.6184,7.1347,0.4053,-0.0203,-0.4110
0.0000,0.0000,0.0000,0.0000,0.0000,0.0000,-0.5674,5.1020,6.2991,0.4816,0.0965,-0.5276
0.0000,0.0000,0.0000,0.0000,0.0000,0.0000,-1.8699,4.9129,6.4500,0.2920,-0.0370,-0.5115
0.0000,0.0000,0.0000,0.0000,0.0000,0.0000,-1.1420,5.3654,6.4476,0.5032,-0.1913,-0.2197
0.0000,0.0000,0.0000,0.0000,0.0000,0.0000,-1.1899,5.8873,5.2696,0.2787,0.0184,-0.2292
0.0000,0.0000,0.0000,0.0000,0.0000,0.0000,-1.1253,5.4013,5.9352,0.1043,-0.3104,-0.1328
0.0000,0.0000,0.0000,0.0000,0.0000,0.0000,-0.0862,5.2720,6.0382,0.1565,-0.1240,-0.0301
0.0000,0.0000,0.0000,0.0000,0.0000,0.0000,-0.3400,5.1140,5.8395,-0.0249,0.1238,-0.0689
0.0000,0.0000,0.0000,0.0000,0.0000,0.0000,0.2921,4.9057,6.3446,-0.0809,-0.1515,-0.0390
0.0000,0.0000,0.0000,0.0000,0.0000,0.0000,0.0622,5.2002,6.1363,-0.1199,0.0715,-0.1183
0.0000,0.0000,0.0000,0.0000,0.0000,0.0000,-0.1652,5.2505,6.0382,-0.1848,0.0136,-0.1398
0.0000,0.0000,0.0000,0.0000,0.0000,0.0000,-0.3400,5.4229,6.0214,-0.2908,0.1074,-0.1687
0.0000,0.0000,0.0000,0.0000,0.0000,0.0000,-1.5179,4.9536,7.0413,-0.3620,0.0393,-0.0686
0.0000,0.0000,0.0000,0.0000,0.0000,0.0000,-0.6823,4.7477,7.1371,-0.2149,-0.0517,0.0985
0.0000,0.0000,0.0000,0.0000,0.0000,0.0000,-1.1947,4.4149,7.1228,-0.3086,0.0669,0.0939
0.0000,0.0000,0.0000,0.0000,0.0000,0.0000,-1.0175,4.3503,7.3574,-0.2018,-0.1147,0.1897
0.0000,0.0000,0.0000,0.0000,0.0000,0.0000,-0.3950,4.4939,7.0270,-0.1553,0.0807,0.2092
0.0000,0.0000,0.0000,0.0000,0.0000,0.0000,-0.3926,4.3263,6.6631,-0.3841,-0.0108,0.2241
