-1.4940,9.2440,-1.3551,0.1941,1.0384,1.1423,1.5323,6.5529,4.8171,-0.3760,0.3579,1.7119
-0.9697,9.4188,-1.9465,-0.0233,1.3049,0.9935,2.9784,6.7086,5.3295,-0.5152,0.2750,1.7387
-1.3719,9.4475,-1.5060,0.0517,1.0479,0.9749,1.0870,6.0382,5.0470,-0.5388,0.3371,1.6699
-2.0806,9.5529,-1.7047,-0.1160,1.5833,1.2650,-1.5443,5.3726,3.7254,-0.6775,0.7949,2.3012
1.7310,9.1123,-1.1708,-0.6027,0.9938,1.7347,4.7357,4.4628,6.4859,-0.9950,0.0592,1.8846
3.2322,8.8729,-0.7566,-0.0422,0.8179,1.0231,5.8275,3.8906,7.0773,-0.4238,-0.0641,1.3157
3.1939,9.2344,-1.5945,-0.0053,0.1539,0.3444,5.0087,4.0007,5.9400,0.0128,-0.1408,0.4389
2.6528,9.4308,-1.2426,-0.0404,0.1982,0.3493,4.9416,4.2234,5.8035,-0.1572,-0.0426,0.4936
3.6129,9.6055,-1.0463,0.0278,0.1817,0.4842,5.2960,3.6703,6.2417,-0.1741,-0.0470,0.7846
3.9073,9.5744,-0.9242,0.1214,0.1203,0.2300,6.5505,3.5482,6.8714,0.0453,-0.0965,0.3172
3.6823,9.2392,-1.7023,0.1664,-0.0424,0.0625,5.5976,3.3591,6.0813,0.0711,-0.2770,0.1408
3.4979,9.1004,-1.6472,0.2225,-0.1788,0.0318,5.6383,3.2226,5.8778,0.1180,-0.3660,0.0318
3.6105,9.2201,-2.0614,0.0902,-0.1504,0.0314,6.3662,3.6200,5.3510,-0.0215,-0.2762,-0.0333
3.7110,9.3446,-2.3798,0.1624,-0.2406,-0.0598,6.3422,3.7421,5.5210,0.0843,-0.2202,-0.2036
3.1077,9.6462,-2.5546,0.0546,-0.2268,-0.1467,6.1100,4.3072,5.4372,0.0670,-0.1364,-0.2278
2.6791,9.4763,-2.5594,0.0842,-0.2988,-0.1025,5.7581,4.5538,5.3654,0.0679,-0.2543,-0.2300
2.7366,9.2656,-2.6791,0.0598,-0.1748,-0.0911,5.5306,4.5394,5.1739,0.0889,-0.1961,-0.1691
2.3367,9.2895,-2.5618,0.0248,-0.2719,0.0060,5.4085,4.5155,4.9895,-0.0226,-0.2513,-0.1402
2.4421,9.2057,-3.0789,0.1019,-0.1059,-0.0790,5.1427,4.7190,4.9009,0.1007,-0.1172,-0.1029
2.3822,9.0429,-3.0239,0.1007,-0.1304,-0.0857,5.4947,4.8411,4.4604,0.1203,-0.1343,-0.1026
2.7246,9.1219,-2.8371,-0.0188,-0.1583,0.0438,6.3375,4.6208,4.4843,-0.0690,-0.1916,-0.0285
3.4165,9.0118,-3.0933,-0.0048,-0.2173,0.0396,6.2848,4.1444,4.8483,-0.0437,-0.1559,-0.1092
3.6607,8.7939,-2.1308,-0.0400,-0.4750,0.1535,6.5721,3.6033,4.9129,-0.2310,-0.4379,-0.1884
4.6567,8.2025,-3.1077,0.0345,-0.2086,-0.2834,7.2832,3.2513,4.5705,0.1775,-0.0369,-0.3765
2.7677,9.0908,-3.0287,-0.1490,-0.4016,-0.1757,6.1076,4.5250,4.1276,-0.1551,-0.0922,-0.4174
2.4588,9.2560,-2.6719,-0.1254,-0.5814,-0.0099,5.3606,4.4652,5.1475,-0.2290,-0.2903,-0.4054
2.3894,9.2225,-3.0885,-0.1555,-0.3128,-0.0149,5.4755,4.7621,4.3838,-0.2545,-0.1450,-0.2694
1.8076,9.1626,-2.7031,-0.1255,-0.2659,-0.1190,4.3239,4.8961,5.0542,-0.1455,-0.0143,-0.2747
1.3982,9.1506,-2.8683,-0.0548,-0.1440,-0.0029,4.5107,5.1763,4.4915,-0.0260,-0.0939,-0.0902
1.7526,9.0788,-2.1883,-0.1848,-0.0492,0.1007,4.7309,4.7980,4.8123,-0.1374,0.0149,0.0420
3.5243,9.2680,-3.1939,-0.2471,-0.1232,0.1203,6.7828,4.2306,5.1427,-0.2177,0.0332,0.0037
3.0287,9.6319,-2.8036,-0.1974,-0.1414,0.0221,6.2345,4.6711,5.3391,-0.1677,-0.0218,-0.0833
3.2082,10.0509,-2.3439,-0.3914,-0.3517,0.1769,5.8778,4.2497,6.6343,-0.4974,0.1560,-0.2017
3.1436,8.4156,-2.5762,0.2108,0.3287,-0.1403,5.3415,3.7517,4.7118,0.1520,0.0683,-0.0465
2.1356,9.1722,-2.9856,-0.1729,-0.2172,0.0922,5.2361,4.8243,4.4005,-0.3191,-0.1268,-0.1354
3.0885,9.1698,-2.6576,-0.1183,-0.0965,0.1635,5.7652,4.1539,5.0422,-0.1749,-0.0937,0.0460
3.5314,9.1147,-3.2370,-0.1761,-0.0645,0.0709,6.7421,4.4245,4.3886,-0.2344,0.0222,-0.0438
3.5099,9.5984,-2.8084,-0.2358,-0.1071,-0.0648,6.5841,4.5681,5.4995,-0.2117,0.0394,-0.1659
2.3990,9.5193,-2.4181,0.0354,-0.1154,0.0108,5.0374,4.7669,5.4708,0.0208,-0.1664,0.0077
2.5474,9.2608,-2.8994,0.1889,0.0148,0.1055,5.7844,4.7884,4.4101,0.0641,-0.1989,0.1841
2.8252,8.9328,-3.6775,-0.0032,-0.0250,0.0967,6.3614,4.7764,3.7948,-0.0570,-0.0866,0.0706
3.2178,9.0932,-2.8754,-0.2495,0.0333,0.0758,6.1004,4.3886,4.7453,-0.1717,0.1230,0.1017
3.0981,9.3302,-2.1955,-0.2719,0.1077,0.0209,5.6575,4.2641,5.3774,-0.1693,0.2209,0.0890
2.8347,9.3446,-2.3343,-0.1711,0.0637,0.0542,5.8083,4.5155,5.3893,-0.1371,0.0950,0.1092
3.0885,9.2608,-2.5809,-0.0991,0.1508,0.0693,5.9592,4.4125,5.2026,-0.0077,0.0827,0.1847
3.0526,9.3039,-2.6959,-0.1548,0.1070,0.0897,5.9951,4.2329,5.1547,-0.1384,0.1041,0.1813
3.3208,9.3206,-2.4852,-0.0581,0.2006,0.0509,6.0621,4.2090,5.1858,-0.0136,0.0549,0.1720
3.4141,9.1195,-2.3798,-0.1085,0.0959,0.0945,6.3853,3.9911,5.0877,-0.1035,0.0337,0.1095
3.6176,9.0764,-2.5642,-0.0580,-0.0384,0.0540,5.7413,3.6703,5.2960,-0.0943,0.0191,0.0426
3.5338,9.2440,-2.2386,-0.1179,-0.0521,-0.0037,6.5817,4.0223,5.0182,-0.1456,-0.0568,-0.0248
3.6512,9.0668,-2.2793,0.0360,-0.0592,-0.0049,6.6367,3.8690,5.4660,-0.0453,-0.0630,-0.0509
3.5865,9.2440,-2.5259,-0.1022,0.0886,-0.1431,6.4691,4.0917,5.2672,0.0789,0.1396,-0.0433
3.2992,9.1985,-2.5426,-0.1098,-0.0514,-0.0783,6.4476,4.2928,5.1499,0.0029,-0.0421,-0.0068
2.8156,9.1004,-2.5235,-0.1306,-0.2048,-0.0071,5.8730,4.2617,4.7645,-0.1298,-0.0642,-0.1414
3.3519,9.3709,-2.7126,-0.1560,-0.1199,-0.0104,6.0501,4.3263,5.6527,-0.1447,0.0498,-0.1146
2.9784,9.1554,-2.6576,-0.0189,0.0544,-0.0605,5.4684,4.2042,5.1571,0.0649,0.0007,0.0473
2.5450,9.3877,-2.0470,-0.0723,0.0826,0.0119,5.3606,4.4556,4.8267,-0.0629,0.0725,0.0420
3.3040,9.1506,-2.5857,-0.0693,0.0995,0.1408,6.1531,4.1132,5.0159,-0.1085,-0.0180,0.1334
4.0606,8.9926,-2.8347,-0.1298,-0.4080,0.2453,6.4931,3.6392,5.2936,-0.3335,-0.2916,-0.0448
3.7062,9.1171,-2.1428,-0.1316,-0.0424,0.0341,6.3207,3.7924,4.9009,-0.1231,-0.0336,-0.0112
3.4141,9.3111,-2.1452,-0.1596,-0.1952,0.0462,5.8227,3.9600,5.2840,-0.1847,-0.0750,-0.1216
3.6152,9.1530,-2.9209,-0.1238,-0.3265,0.1504,6.1531,3.9433,5.0589,-0.2482,-0.2422,-0.0637
3.8858,9.1171,-3.0478,-0.1130,-0.2082,0.1194,6.3015,3.7373,5.7078,-0.1234,-0.1359,0.0033
3.6847,9.1195,-2.1787,0.0180,0.0128,0.0337,6.0525,3.8211,5.1404,0.0140,-0.0610,0.0650
3.7661,8.9830,-2.7078,-0.0297,0.1529,-0.0244,6.0071,3.7781,4.7812,0.0356,0.0822,0.1240
3.8259,8.8178,-2.7438,-0.1544,0.0659,-0.0087,6.6631,3.7900,4.4077,-0.0717,0.0795,0.0048
3.9073,9.1363,-2.2673,-0.2309,0.0069,-0.0374,6.1555,3.5913,5.5737,-0.1318,0.1448,-0.0213
3.5147,9.1363,-2.0470,-0.1656,0.0005,-0.0389,6.1723,3.8307,5.1787,-0.1195,0.1134,-0.0553
3.8954,8.9878,-2.6695,-0.0851,-0.0659,-0.0121,6.2632,3.6727,5.2385,-0.0774,0.0056,-0.0613
3.6200,9.1147,-2.0039,-0.1553,-0.0009,-0.0248,5.8419,3.6392,5.1763,-0.0939,0.0769,-0.0461
3.9073,9.1530,-1.9345,-0.1867,-0.0803,-0.0381,5.8035,3.5410,5.7628,-0.1372,0.0749,-0.0268
3.4046,9.3374,-1.6352,-0.0674,-0.0132,-0.0818,5.9233,3.8595,5.4827,-0.0089,0.0228,-0.0721
3.5027,8.9950,-2.1979,0.0001,-0.1022,-0.0024,6.0262,3.8068,5.1787,-0.0176,-0.1655,-0.0454
3.5027,9.0501,-2.3535,-0.0485,0.0429,-0.0544,6.2537,3.8810,5.1523,0.0248,0.0208,0.0029
3.4141,9.0142,-2.4038,-0.1191,-0.0204,-0.0226,6.1411,3.9528,5.0302,-0.0957,0.0061,-0.0241
3.6823,9.0405,-2.0039,-0.1563,0.0103,-0.0218,5.8179,3.7086,5.5330,-0.0626,0.0644,-0.0049
3.7421,9.4763,-1.8938,-0.0155,-0.0790,0.0236,6.4452,3.9337,5.8059,-0.0593,-0.1156,-0.0180
3.5123,8.8418,-3.0143,0.0201,-0.0149,-0.0128,6.2537,3.9456,4.5107,0.0616,-0.0902,-0.0096
3.5482,8.7317,-2.4565,-0.2206,-0.1296,0.0384,6.1794,3.6727,4.7094,-0.2248,0.0177,-0.0687
3.7709,9.1913,-1.8292,-0.2005,-0.0733,0.0087,6.0454,3.5985,5.6407,-0.1684,0.0810,-0.0648
3.8044,9.1243,-1.8794,-0.1867,-0.0278,-0.0324,5.8490,3.5506,5.6934,-0.1350,0.0869,-0.0424
3.5626,9.1818,-1.9082,-0.1588,-0.0105,-0.0489,5.9065,3.7493,5.4133,-0.0901,0.0922,-0.0225
3.3160,9.2033,-2.0135,-0.0917,0.0634,-0.0222,5.6958,3.8475,5.3415,-0.0241,0.0484,0.0272
3.4548,9.1387,-1.7980,-0.0586,0.0245,0.0036,5.7964,3.8068,5.3079,-0.0460,-0.0016,0.0506
3.7086,8.9304,-2.4708,-0.0977,0.0679,0.0189,5.9065,3.7469,5.2194,-0.0326,0.1156,0.0814
3.2920,8.9543,-2.0638,-0.0838,0.0644,0.0973,5.8802,3.8020,4.9991,-0.0811,0.0314,0.1180
3.3160,8.8107,-2.2410,-0.1865,0.0145,0.1342,5.4755,3.6607,4.9416,-0.1779,0.0918,0.1252
3.5554,9.3709,-1.6544,-0.2264,0.2068,0.1328,6.1483,3.6799,6.2273,-0.3104,0.2125,0.2352
4.1300,9.2991,-1.5131,-0.0850,0.2274,0.2136,6.2225,3.3327,6.4524,-0.1607,0.1632,0.2902
4.1803,9.0812,-1.6281,-0.0055,0.2330,0.1291,6.2177,3.1795,5.8299,0.0605,0.0424,0.2860
4.1252,8.8633,-1.8842,0.0097,0.1336,0.1577,6.1675,3.0406,5.2457,-0.0497,-0.0124,0.2078
4.2952,8.8729,-1.7119,-0.0634,0.0733,0.1561,6.3542,2.9185,5.5593,-0.0942,-0.0508,0.1895
4.6687,8.8083,-1.8387,-0.0545,0.0743,0.0533,6.3734,2.7102,5.9927,-0.0117,0.0675,0.1139
4.6256,9.1028,-1.2306,-0.0188,-0.0488,0.0654,6.3518,2.7701,5.6767,-0.0554,-0.0981,0.0454
4.7597,8.9399,-1.4796,0.0890,-0.1446,0.0536,6.2273,2.3727,6.4212,0.0452,-0.1663,0.0205
4.5777,8.8945,-1.7765,0.2466,-0.0161,-0.1211,6.5864,2.9784,5.2577,0.2579,-0.2156,-0.0648
4.2760,8.5976,-2.6695,0.1740,-0.3035,-0.0211,6.5841,3.2226,4.6878,0.0129,-0.3333,-0.1717
3.8690,8.7724,-2.7725,0.0633,-0.1692,-0.0550,6.4308,3.4668,4.7884,0.0285,-0.1840,-0.1391
3.8618,8.7077,-3.0071,-0.0197,-0.2381,0.0310,6.3422,3.6200,4.4700,-0.1081,-0.1683,-0.1051
3.9744,8.7747,-3.2346,0.0119,-0.0925,-0.0063,6.9935,3.7326,4.3551,-0.0100,-0.1431,-0.0416
4.0366,8.8514,-2.7461,-0.0578,-0.1266,0.0370,6.7397,3.5075,4.6136,-0.1282,-0.1126,-0.0866
4.2234,8.8442,-2.8347,-0.0989,0.0049,-0.0326,6.6990,3.4764,4.5442,-0.1083,0.0663,-0.0935
4.2353,8.8609,-2.5690,-0.1278,-0.2082,0.0505,6.8785,3.4524,4.6855,-0.1973,-0.1139,-0.1266
4.4053,8.7388,-2.8515,-0.1725,-0.1135,-0.0104,6.7516,3.2537,5.1308,-0.1439,-0.0181,-0.1095
4.2689,8.8131,-2.6456,-0.1949,-0.1733,-0.0189,6.6176,3.4237,4.8818,-0.1860,0.0001,-0.1731
4.2162,8.8274,-2.5642,-0.1533,-0.0794,-0.0534,6.5841,3.4285,4.9847,-0.0885,-0.0049,-0.0851
4.0845,8.8298,-2.6456,-0.2074,-0.1645,-0.0172,6.5769,3.3734,5.1763,-0.1537,-0.0159,-0.1006
3.9480,8.9639,-2.2625,-0.2262,-0.0489,-0.0453,6.3758,3.4141,5.1547,-0.1680,0.1126,-0.1247
4.0869,8.9950,-2.1093,-0.1284,-0.0510,-0.0152,6.0956,3.1843,5.6599,-0.0943,0.0308,-0.0476
3.9768,8.9639,-2.2290,-0.1002,-0.0289,-0.0252,6.2608,3.4046,5.1092,-0.0721,0.0068,-0.0128
4.0989,8.8992,-2.1811,-0.0556,0.0144,-0.0440,6.6176,3.4093,5.2074,-0.0254,0.0069,-0.0349
4.1707,8.9136,-2.6935,-0.1070,-0.0496,0.0000,6.2752,3.2226,5.5306,-0.0489,-0.0081,0.0096
4.0414,8.9687,-2.3056,-0.0950,-0.0528,-0.0024,6.4596,3.5314,5.0566,-0.0644,-0.0083,-0.0297
4.0414,8.9447,-2.2913,-0.0646,-0.0244,0.0084,6.3015,3.4046,5.2864,-0.0332,-0.0224,-0.0020
4.0558,8.9160,-2.2122,-0.0687,0.0874,-0.0229,6.4284,3.4381,5.1882,0.0115,0.0661,0.0448
4.1132,8.8083,-2.4397,-0.0722,0.0095,0.0020,6.4093,3.3519,5.1811,-0.0163,0.0197,0.0548
4.1539,8.9447,-2.2386,-0.1091,0.1085,-0.0175,6.4069,3.2944,5.3702,-0.0241,0.0695,0.0763
4.2904,8.9376,-2.2889,-0.0921,0.1228,-0.0538,6.5912,3.3399,5.1691,-0.0128,0.1596,0.0310
4.2976,8.8107,-2.3750,-0.0831,0.0533,-0.0596,6.6559,3.2729,5.1523,0.0141,0.0453,0.0124
4.3263,8.7412,-2.5881,-0.0901,0.0895,-0.1059,6.8139,3.3112,5.0302,0.0440,0.1176,-0.0131
4.2234,8.8609,-2.4349,-0.1454,0.1022,-0.1528,6.3949,3.3351,5.0637,0.0173,0.2085,-0.0446
4.1348,8.8562,-2.4565,-0.1579,0.1604,-0.1824,6.5649,3.5913,5.1811,0.0610,0.2272,-0.0340
3.5267,9.1195,-2.0830,-0.2169,0.0914,-0.1544,6.0669,3.8068,5.0542,-0.0504,0.2237,-0.0733
3.7230,9.1267,-1.6688,-0.1312,0.2542,-0.1712,5.7604,3.4500,5.9256,0.0851,0.2701,0.0417
3.7972,9.1075,-1.5083,-0.0682,0.1475,-0.1396,5.8035,3.4477,5.8802,0.1112,0.1467,0.0141
3.6488,9.0812,-1.9106,-0.0390,0.1251,-0.1400,6.0262,3.6512,5.4899,0.1108,0.0873,0.0091
3.5267,9.1291,-2.0231,-0.0745,0.0402,-0.1222,6.0214,3.8738,5.0589,0.0280,0.0909,-0.0602
3.6009,9.0477,-2.1811,-0.0897,0.0366,-0.1198,5.8897,3.7086,5.5665,0.0165,0.0901,-0.0622
3.5698,9.1075,-1.8220,-0.0789,0.0902,-0.1432,5.9113,3.7828,5.4971,0.0554,0.1286,-0.0454
3.3615,9.2368,-1.7909,-0.1444,0.0135,-0.1078,5.8035,3.8116,5.3798,-0.0422,0.1148,-0.0661
3.5243,9.1650,-1.9872,-0.1296,0.0858,-0.1428,5.7820,3.8355,5.6503,0.0188,0.1434,-0.0650
3.3184,9.2177,-1.8148,-0.1103,0.0306,-0.1422,5.7030,3.9361,5.5091,0.0333,0.0921,-0.0641
3.3639,9.1506,-1.7909,-0.1220,0.0954,-0.1483,5.5162,3.8547,5.7341,0.0557,0.1451,-0.0326
3.0574,9.3278,-1.6999,-0.1051,0.0542,-0.1314,5.5713,4.1611,5.4947,0.0236,0.1027,-0.0536
3.1364,9.2680,-1.7023,-0.1170,0.0550,-0.1212,5.4564,4.0558,5.3846,-0.0053,0.1423,-0.0640
2.9521,9.3422,-1.6257,-0.1408,0.0837,-0.1278,5.4037,4.1324,5.7557,0.0053,0.1476,-0.0332
2.8659,9.3278,-1.6113,-0.0731,-0.0470,-0.0673,5.1404,4.1827,5.7868,-0.0308,0.0039,-0.0501
2.9521,9.2823,-1.7166,-0.0778,-0.0004,-0.0540,5.2984,4.2425,5.5785,-0.0139,0.0222,-0.0273
2.7270,9.2919,-1.7119,-0.1062,0.0015,-0.0373,5.1595,4.2401,5.5498,-0.0568,0.0377,0.0052
2.8347,9.3326,-1.5826,-0.1256,-0.0128,-0.0208,5.1380,4.1970,5.7150,-0.0601,0.0333,-0.0141
3.0239,9.3015,-1.5347,-0.1162,-0.0309,-0.0009,5.4348,4.1156,5.9448,-0.0749,0.0059,-0.0228
3.0263,9.2919,-1.2737,-0.0803,-0.0207,-0.0027,5.0087,3.9720,5.9711,-0.0569,0.0200,0.0024
2.7725,9.4188,-1.3001,-0.0698,-0.0257,0.0060,5.0063,4.1659,5.8802,-0.0613,-0.0212,0.0039
2.9257,9.3613,-1.4485,-0.0404,-0.0268,0.0177,5.0111,4.1515,5.7652,-0.0234,-0.0529,0.0244
2.8754,9.3733,-1.6089,-0.0374,-0.0528,0.0421,5.2840,4.2569,5.5426,-0.0554,-0.0873,0.0237
3.0526,9.3230,-1.4844,-0.0406,-0.0492,0.0690,5.4061,4.1851,5.4229,-0.0821,-0.0679,0.0329
3.1915,9.2320,-1.7119,-0.0877,-0.0500,0.0789,5.5785,4.0366,5.6192,-0.1266,-0.0859,0.0013
3.1436,9.3182,-1.3958,-0.0646,-0.0765,0.0675,5.4492,3.9313,5.7293,-0.1030,-0.0847,0.0013
3.0909,9.2991,-1.5850,-0.0667,-0.0990,0.0691,5.4636,3.9289,5.7150,-0.1126,-0.1003,0.0049
3.2920,9.2033,-1.6113,-0.0593,0.2844,-0.0993,5.3917,3.9385,5.8538,0.1238,0.2113,0.1128
2.7102,9.4116,-1.3001,-0.0189,0.2683,-0.0608,5.4684,4.3239,5.0374,0.0675,0.1560,0.0998
3.0478,9.2033,-1.5706,-0.0529,-0.1556,0.1280,5.3415,3.9480,5.6910,-0.1736,-0.1411,0.0029
3.4333,9.1722,-1.5730,-0.0612,0.0204,0.0485,5.4875,3.8666,5.7652,-0.0883,0.0152,0.0398
3.3232,9.3661,-1.4269,-0.0600,-0.0039,0.0413,5.4612,3.8714,5.8395,-0.0718,-0.0344,0.0230
3.2920,9.2943,-1.6209,0.0047,-0.0905,0.0538,5.4803,3.8188,5.8562,-0.0452,-0.1200,0.0199
3.2848,9.1291,-1.7909,-0.0433,-0.0442,0.0414,5.5952,3.9145,5.3630,-0.0767,-0.0650,0.0049
3.4596,9.1123,-1.7334,-0.0855,0.0019,0.0302,5.6671,3.8235,5.6096,-0.0653,-0.0033,0.0281
3.4524,9.1985,-1.6185,-0.0897,-0.0380,0.0237,5.5210,3.7493,5.7509,-0.0931,-0.0056,0.0232
3.3998,9.2560,-1.4796,-0.0580,0.0141,0.0067,5.4636,3.7661,5.8754,-0.0381,0.0109,0.0398
3.3615,9.1482,-1.7142,-0.0211,-0.0421,0.0225,5.5857,3.8355,5.7748,-0.0296,-0.0699,0.0484
3.1963,9.2536,-1.7645,-0.0448,0.0181,0.0187,5.5330,3.9217,5.4324,-0.0390,-0.0159,0.0753
3.3471,9.2105,-1.7526,-0.0569,0.0132,0.0345,5.7317,3.7661,5.5186,-0.0634,-0.0021,0.0183
3.6176,9.1219,-1.7023,-0.0687,0.0362,0.0139,5.7221,3.6751,5.6288,-0.0396,0.0225,0.0492
3.5243,9.2081,-1.4772,-0.0797,0.0434,-0.0075,5.5881,3.7038,5.6814,-0.0260,0.0358,0.0302
3.4692,9.1770,-1.6376,-0.0245,0.0140,-0.0444,5.6120,3.7254,5.8059,0.0246,0.0020,0.0073
3.1771,9.1842,-1.7813,-0.0180,0.0769,-0.0329,5.6024,3.9624,5.4851,0.0396,0.0116,0.0482
3.2944,9.1363,-1.8268,-0.0277,0.0445,0.0012,5.6958,3.9528,5.6264,-0.0047,0.0015,0.0521
3.3064,9.1770,-1.8435,-0.0586,0.0450,-0.0048,5.7078,3.8427,5.4420,-0.0256,0.0285,0.0314
3.4572,9.1459,-1.6999,-0.0695,0.0456,-0.0201,5.7413,3.6990,5.6695,-0.0204,0.0477,0.0264
3.4453,9.1866,-1.6161,-0.0646,0.0791,-0.0260,5.7796,3.7397,5.4540,0.0009,0.0548,0.0385
3.5243,9.2201,-1.5419,-0.0691,0.0121,-0.0309,5.5857,3.6919,5.7844,-0.0136,0.0333,0.0149
3.4093,9.1794,-1.7717,-0.0763,0.0572,-0.0482,5.8083,4.0007,5.3439,-0.0029,0.0380,0.0060
3.4069,9.1698,-1.8100,-0.0833,-0.0040,-0.0345,5.7317,3.8834,5.5378,-0.0197,0.0131,-0.0047
3.5243,9.1435,-1.6137,-0.1055,0.0173,-0.0305,5.8179,3.7565,5.6838,-0.0330,0.0510,-0.0033
3.5386,9.1339,-1.6472,-0.0894,-0.0361,-0.0552,5.7413,3.7421,5.6407,-0.0318,0.0139,-0.0418
3.3279,9.2249,-1.5945,-0.1124,0.0001,-0.0815,5.5713,3.8882,5.6503,-0.0421,0.0794,-0.0617
3.1939,9.1147,-1.6233,-0.1200,-0.0099,-0.0649,5.5138,3.9097,5.6000,-0.0528,0.0666,-0.0529
3.2178,9.2871,-1.4820,-0.0743,-0.0228,-0.0449,5.3032,3.9433,5.8275,-0.0382,0.0104,-0.0404
3.0454,9.1961,-1.7813,-0.0679,-0.0047,-0.0441,5.3463,4.1276,5.5186,-0.0108,0.0075,-0.0192
3.0191,9.2057,-1.7885,-0.0863,-0.0049,-0.0044,5.2936,4.0869,5.5545,-0.0541,0.0156,0.0196
3.1388,9.3111,-1.3671,-0.1187,-0.0077,0.0404,5.2720,3.9313,5.7748,-0.1115,0.0139,0.0308
3.3351,9.2225,-1.4916,-0.0648,0.0412,0.0187,5.5689,3.7493,5.9233,-0.0432,-0.0003,0.0297
3.4836,9.1459,-1.5395,-0.0630,-0.0109,-0.0088,5.7245,3.7972,5.7581,-0.0360,-0.0119,0.0071
3.1651,9.2033,-1.7597,-0.0835,0.0196,-0.0340,5.5952,4.0055,5.4444,-0.0276,0.0324,-0.0019
3.2465,9.2512,-1.5514,-0.0911,-0.0273,0.0055,5.4468,3.8571,5.7557,-0.0613,0.0081,0.0212
3.2370,9.3206,-1.4150,-0.0552,-0.0361,0.0039,5.6048,3.8595,5.8634,-0.0421,-0.0504,0.0000
3.2082,9.1937,-1.7861,-0.0434,-0.0113,-0.0248,5.5258,3.9624,5.4803,-0.0218,-0.0153,0.0004
3.2633,9.2057,-1.6855,-0.1128,-0.0053,0.0003,5.5522,3.8882,5.6671,-0.0794,0.0292,-0.0071
3.2465,9.3374,-1.2953,-0.0409,0.0055,-0.0029,5.3989,3.8068,5.7700,-0.0220,-0.0313,0.0091
3.0981,9.3470,-1.4126,-0.0213,0.0276,-0.0108,5.3079,3.9025,5.7461,-0.0007,-0.0031,0.0245
3.1125,9.1578,-1.7741,-0.0197,-0.0104,0.0218,5.4971,3.9624,5.3893,-0.0245,-0.0317,0.0388
3.4692,9.1171,-1.7741,-0.0778,-0.0175,0.0091,5.8059,3.8259,5.7006,-0.0520,0.0127,0.0097
3.3543,9.2344,-1.4820,-0.0751,-0.0314,-0.0155,5.4803,3.6799,5.8347,-0.0489,0.0123,-0.0064
3.2346,9.2991,-1.6592,-0.0590,-0.0221,-0.0160,5.6024,3.9409,5.5833,-0.0298,-0.0135,-0.0101
3.2441,9.1339,-1.8268,-0.0645,-0.0342,-0.0085,5.6048,3.9385,5.5474,-0.0368,-0.0107,-0.0147
3.4572,9.1722,-1.6999,-0.0849,-0.0136,-0.0111,5.6455,3.7876,5.6814,-0.0433,0.0031,-0.0084
3.4740,9.2081,-1.5586,-0.0749,-0.0481,-0.0257,5.7652,3.8331,5.7126,-0.0505,-0.0215,-0.0397
3.3878,9.1937,-1.7023,-0.0922,0.0349,-0.0557,5.6431,3.9265,5.6767,-0.0131,0.0569,-0.0200
3.1436,9.2871,-1.7238,-0.0789,-0.0382,-0.0274,5.5091,3.9959,5.6383,-0.0562,-0.0053,-0.0236
3.1388,9.2895,-1.4389,-0.0787,0.0346,-0.0135,5.4396,3.9337,5.7628,-0.0201,0.0200,0.0278
3.2537,9.2799,-1.5586,-0.0629,-0.0428,0.0302,5.5737,3.9528,5.7868,-0.0529,-0.0420,0.0161
3.4620,9.2153,-1.5778,-0.0667,0.0112,-0.0056,5.5522,3.9121,5.6479,-0.0384,0.0067,0.0249
3.4022,9.2009,-1.5610,-0.0662,-0.0068,0.0121,5.6336,3.8595,5.5426,-0.0530,-0.0067,0.0113
3.3615,9.2273,-1.6233,-0.0536,0.0179,-0.0080,5.5593,3.8738,5.6527,-0.0277,0.0121,0.0136
3.2633,9.2081,-1.8507,-0.0653,-0.0168,-0.0128,5.7628,3.9792,5.6024,-0.0449,-0.0123,-0.0189
3.2082,9.0980,-1.8340,-0.0953,-0.0073,-0.0072,5.4085,3.9576,5.4612,-0.0662,0.0276,-0.0015
3.1532,9.2225,-1.6352,-0.0779,-0.0119,0.0088,5.5474,3.9097,5.4492,-0.0617,-0.0116,-0.0011
3.3112,9.2201,-1.7023,-0.0893,-0.0364,0.0175,5.5402,3.8666,5.7964,-0.0638,0.0015,0.0079
3.4141,9.2344,-1.7861,-0.0810,0.0079,-0.0139,5.7054,3.8786,5.4995,-0.0369,0.0332,0.0073
3.4453,9.1243,-1.6137,-0.1150,-0.0282,-0.0069,5.6958,3.7613,5.7245,-0.0739,0.0252,-0.0108
3.4740,9.2536,-1.5060,-0.1248,0.0172,-0.0314,5.6910,3.7757,5.7150,-0.0766,0.0494,-0.0192
3.4333,9.2680,-1.5227,-0.0910,-0.0533,-0.0330,5.5354,3.7397,5.9592,-0.0466,-0.0096,-0.0293
3.1244,9.2273,-1.4126,-0.0690,0.0117,-0.0429,5.3510,3.8858,5.6623,-0.0055,0.0080,-0.0156
3.1843,9.1985,-1.6113,-0.0875,-0.0039,-0.0144,5.3774,3.9241,5.5952,-0.0393,0.0139,-0.0216
3.1963,9.2368,-1.5802,-0.0713,0.0108,-0.0160,5.5929,3.9265,5.5761,-0.0268,0.0157,0.0152
3.3160,9.2320,-1.6568,-0.0847,-0.0304,-0.0119,5.5665,3.8714,5.6336,-0.0573,-0.0139,-0.0171
3.2537,9.1770,-1.4916,-0.0833,0.0020,-0.0113,5.5067,3.8235,5.5306,-0.0553,0.0031,-0.0047
3.3591,9.2249,-1.6233,-0.0837,-0.0213,-0.0153,5.3367,3.8044,5.8371,-0.0446,0.0191,-0.0015
3.2178,9.2440,-1.5299,-0.0718,-0.0346,-0.0093,5.4588,3.9480,5.6431,-0.0596,-0.0225,-0.0213
3.2753,9.1291,-1.4940,-0.0802,0.0121,-0.0108,5.4396,3.8092,5.7150,-0.0434,0.0212,0.0013
3.2370,9.3326,-1.4629,-0.0673,-0.0498,0.0011,5.3534,3.8595,5.7461,-0.0560,-0.0233,-0.0297
3.1867,9.2201,-1.6592,-0.0525,0.0466,-0.0238,5.5929,4.0079,5.5258,-0.0051,0.0144,0.0152
3.2417,9.1243,-1.7071,-0.0935,-0.0107,0.0103,5.4923,3.8355,5.5426,-0.0558,0.0123,0.0144
3.4069,9.1961,-1.4964,-0.1300,-0.0317,0.0252,5.5067,3.6129,5.7988,-0.1190,0.0321,0.0226
3.3950,9.2823,-1.3455,-0.0654,-0.0136,-0.0244,5.4875,3.7373,5.9999,-0.0438,0.0065,-0.0144
3.2825,9.2895,-1.2977,-0.0718,0.0233,-0.0438,5.2984,3.8355,5.8035,-0.0188,0.0588,-0.0129
3.2394,9.1913,-1.6424,-0.0540,-0.0071,-0.0053,5.3654,3.8858,5.5641,-0.0215,-0.0196,0.0193
3.3279,9.1794,-1.7190,-0.0934,-0.0285,-0.0067,5.6934,3.9337,5.5282,-0.0608,-0.0280,-0.0055
3.2681,9.2727,-1.5347,-0.0963,0.0004,-0.0133,5.3654,3.8259,5.7485,-0.0538,0.0309,0.0056
3.3974,9.1626,-1.2857,-0.0861,-0.0324,0.0039,5.5091,3.6583,5.8921,-0.0558,-0.0374,0.0017
3.2657,9.2296,-1.4269,-0.0693,-0.0036,-0.0322,5.5474,3.8571,5.7102,-0.0292,0.0237,-0.0157
3.2154,9.1961,-1.4748,-0.0830,-0.0091,-0.0213,5.4444,3.9097,5.6910,-0.0374,0.0277,-0.0163
3.1963,9.2464,-1.3671,-0.0649,0.0269,-0.0023,5.4588,3.8331,5.7221,-0.0226,-0.0005,0.0358
3.3639,9.2512,-1.6041,-0.0392,-0.0290,0.0023,5.5857,3.8044,5.7054,-0.0352,-0.0326,0.0044
3.3184,9.2392,-1.5227,-0.0558,0.0149,-0.0119,5.5689,3.8451,5.6120,-0.0340,-0.0007,0.0127
3.3710,9.1866,-1.4748,-0.0774,-0.0060,-0.0033,5.5641,3.7278,5.8155,-0.0449,-0.0020,-0.0104
3.3255,9.2129,-1.5610,-0.0516,-0.0099,-0.0184,5.5689,3.9097,5.6862,-0.0241,0.0027,-0.0100
3.2872,9.1650,-1.7334,-0.0675,-0.0224,-0.0171,5.5138,3.8331,5.5593,-0.0322,0.0007,-0.0039
3.3136,9.1818,-1.4269,-0.1079,-0.0308,0.0149,5.5282,3.7781,5.7748,-0.0753,-0.0061,0.0024
3.3710,9.2153,-1.5347,-0.0807,-0.0157,-0.0075,5.5426,3.8379,5.8275,-0.0707,0.0111,-0.0103
3.3351,9.1698,-1.5706,-0.0683,-0.0294,-0.0063,5.5929,3.8762,5.6527,-0.0497,-0.0049,-0.0262
3.2944,9.1267,-1.4150,-0.0751,0.0171,-0.0061,5.5354,3.8044,5.6743,-0.0385,0.0003,0.0152
3.3734,9.2632,-1.5060,-0.0881,-0.0192,0.0015,5.5258,3.7613,5.7700,-0.0542,-0.0025,-0.0024
3.3543,9.1770,-1.4844,-0.0777,-0.0093,-0.0188,5.5354,3.8906,5.7844,-0.0376,0.0117,0.0075
3.3136,9.1866,-1.4653,-0.0721,-0.0373,0.0061,5.5593,3.7421,5.6599,-0.0593,-0.0250,-0.0077
3.3112,9.2320,-1.3336,-0.0719,-0.0111,0.0035,5.4731,3.7421,5.8442,-0.0618,-0.0008,-0.0017
3.3447,9.2129,-1.5179,-0.0597,0.0100,-0.0310,5.4396,3.8331,5.6431,-0.0229,0.0270,0.0080
3.3686,9.1770,-1.5897,-0.0827,-0.0211,0.0025,5.5067,3.7757,5.7078,-0.0477,-0.0220,0.0092
3.4381,9.2392,-1.4198,-0.0901,-0.0069,0.0095,5.3726,3.7206,5.7437,-0.0707,0.0031,0.0175
3.4429,9.2392,-1.4246,-0.0714,0.0023,-0.0180,5.6647,3.7637,5.7174,-0.0332,-0.0019,-0.0069
3.4022,9.1746,-1.6568,-0.0866,-0.0051,-0.0250,5.5378,3.8307,5.6910,-0.0199,0.0278,-0.0149
3.2920,9.2344,-1.4820,-0.0791,-0.0368,0.0096,5.4588,3.8499,5.7245,-0.0632,-0.0211,-0.0004
3.3806,9.2009,-1.4317,-0.0689,-0.0071,-0.0117,5.4827,3.8092,5.6958,-0.0514,0.0051,-0.0029
3.3710,9.2009,-1.5490,-0.0827,0.0004,-0.0149,5.5162,3.7589,5.7724,-0.0420,0.0060,-0.0032
3.3878,9.1243,-1.6352,-0.0841,0.0131,-0.0120,5.5498,3.7038,5.7030,-0.0460,0.0342,0.0113
3.4381,9.1602,-1.4700,-0.0789,-0.0494,-0.0013,5.5522,3.7373,5.8730,-0.0609,-0.0041,-0.0053
3.2585,9.1961,-1.5921,-0.0602,0.0091,-0.0317,5.5354,3.8140,5.5450,-0.0245,0.0121,-0.0037
3.3926,9.1913,-1.3982,-0.0881,-0.0059,-0.0177,5.5952,3.6847,5.7772,-0.0456,0.0115,-0.0083
3.3878,9.2392,-1.4365,-0.0983,-0.0069,-0.0373,5.4229,3.7900,5.8826,-0.0388,0.0325,-0.0161
3.2394,9.1698,-1.4030,-0.0817,-0.0037,-0.0207,5.3798,3.8738,5.4755,-0.0425,0.0340,-0.0124
3.3375,9.2943,-1.3719,-0.0858,-0.0067,-0.0152,5.4971,3.7589,5.7988,-0.0477,-0.0148,0.0099
3.3806,9.2033,-1.4269,-0.0655,0.0061,-0.0280,5.6288,3.8786,5.9328,-0.0151,0.0000,-0.0096
3.2513,9.2273,-1.4246,-0.0701,-0.0027,-0.0269,5.5641,3.8307,5.6264,-0.0211,0.0308,-0.0193
3.2896,9.2057,-1.3767,-0.0737,-0.0318,-0.0044,5.2984,3.7781,5.6312,-0.0588,0.0250,-0.0060
3.2872,9.2608,-1.5634,-0.0727,0.0400,-0.0285,5.7437,3.8547,5.6982,-0.0212,0.0100,-0.0059
3.2346,9.1818,-1.6424,-0.0761,0.0101,-0.0124,5.5186,3.9169,5.6431,-0.0510,0.0109,-0.0019
3.3423,9.2177,-1.2881,-0.0713,-0.0205,0.0072,5.4253,3.7397,5.8347,-0.0544,-0.0136,0.0044
3.3447,9.2584,-1.4078,-0.0721,-0.0400,-0.0021,5.5378,3.7565,5.8754,-0.0405,-0.0280,-0.0015
3.3375,9.2201,-1.4461,-0.0606,0.0232,-0.0289,5.5043,3.8475,5.5952,-0.0172,0.0117,0.0089
3.2202,9.1866,-1.6640,-0.0693,-0.0397,-0.0008,5.4300,3.8642,5.6048,-0.0589,-0.0085,-0.0113
3.4141,9.2368,-1.5634,-0.0638,0.0103,-0.0221,5.5929,3.8762,5.6455,-0.0292,-0.0087,0.0047
3.2441,9.2368,-1.4533,-0.0845,-0.0342,-0.0185,5.4133,3.8475,5.7509,-0.0686,0.0163,-0.0250
3.2920,9.2344,-1.4150,-0.0624,-0.0224,-0.0076,5.4660,3.8499,5.7030,-0.0537,-0.0129,-0.0048
3.1843,9.2249,-1.5036,-0.0934,-0.0033,0.0012,5.3941,3.8858,5.7964,-0.0514,0.0189,-0.0049
3.2154,9.1818,-1.4557,-0.0657,-0.0414,0.0269,5.3989,3.8618,5.7509,-0.0640,-0.0297,-0.0015
3.4165,9.1650,-1.4078,-0.0711,-0.0027,0.0262,5.5138,3.7948,5.7197,-0.0632,-0.0111,0.0254
3.5650,9.2344,-1.4748,-0.0569,-0.0179,0.0209,5.6240,3.7709,5.7652,-0.0502,-0.0200,0.0168
3.3423,9.2057,-1.5419,-0.0536,-0.0009,-0.0056,5.4013,3.7685,5.7796,-0.0330,-0.0131,0.0143
3.3136,9.1147,-1.5060,-0.0585,-0.0011,0.0108,5.5115,3.7733,5.6551,-0.0346,-0.0047,0.0195
3.6033,9.1722,-1.4150,-0.0671,-0.0096,0.0019,5.5761,3.6679,5.8131,-0.0390,-0.0153,0.0248
3.4692,9.1363,-1.6544,-0.0560,-0.0304,-0.0147,5.6072,3.7804,5.5569,-0.0272,-0.0040,-0.0075
3.2394,9.0932,-1.5945,-0.0825,-0.0097,-0.0121,5.4300,3.8475,5.5881,-0.0512,0.0009,0.0152
3.4069,9.1722,-1.3216,-0.0974,-0.0096,0.0088,5.4827,3.6727,5.8131,-0.0795,0.0112,0.0236
3.4668,9.2560,-1.2210,-0.0730,-0.0368,0.0000,5.4348,3.6775,5.9520,-0.0512,-0.0240,0.0005
3.3471,9.1818,-1.3934,-0.0230,-0.0095,0.0021,5.4157,3.7421,5.6862,-0.0020,-0.0456,0.0296
3.4500,9.1028,-1.6664,-0.0402,-0.0460,0.0258,5.5857,3.7445,5.5713,-0.0561,-0.0565,0.0199
3.4022,9.1530,-1.6783,-0.0714,-0.0100,0.0029,5.7221,3.8164,5.5833,-0.0601,0.0117,0.0031
3.4740,9.1913,-1.4724,-0.0761,-0.0326,0.0100,5.4372,3.6057,5.8993,-0.0577,-0.0333,0.0125
3.4237,9.1219,-1.4006,-0.0512,-0.0373,0.0125,5.6838,3.7230,5.5593,-0.0464,-0.0484,0.0111
3.4453,9.1985,-1.6688,-0.0560,-0.0204,0.0049,5.7581,3.7828,5.5713,-0.0330,-0.0326,-0.0011
3.4381,9.2273,-1.5921,-0.0941,0.0079,-0.0007,5.5857,3.7134,5.4875,-0.0719,0.0422,0.0001
3.5267,9.1506,-1.3479,-0.0867,-0.0337,0.0232,5.5785,3.5817,5.8610,-0.0798,-0.0225,0.0176
3.6176,9.1985,-1.2665,-0.0416,-0.0047,-0.0001,5.6336,3.5889,6.0190,-0.0298,-0.0241,0.0061
3.4046,9.1530,-1.8387,-0.0501,-0.0068,-0.0184,5.7413,3.7948,5.5354,-0.0230,-0.0064,0.0017
3.3351,9.1051,-1.5371,-0.0694,0.0004,0.0019,5.5641,3.7900,5.4827,-0.0585,0.0189,0.0097
3.6727,9.1866,-1.4413,-0.0871,-0.0061,0.0055,5.6958,3.6057,5.9616,-0.0522,0.0003,0.0145
3.7062,9.1794,-1.6137,-0.0735,-0.0059,-0.0185,5.7748,3.5937,5.7557,-0.0236,0.0057,0.0100
3.4213,9.1339,-1.7406,-0.0726,-0.0213,-0.0217,5.7844,3.7541,5.3056,-0.0449,-0.0043,-0.0226
3.5626,9.0309,-1.6305,-0.1054,0.0052,-0.0289,5.6216,3.6105,5.6288,-0.0602,0.0572,-0.0187
3.7230,9.2129,-1.4293,-0.1055,-0.0344,-0.0390,5.7916,3.5961,5.9328,-0.0433,0.0131,-0.0386
3.3399,9.1482,-1.6209,-0.0905,0.0013,-0.0456,5.5857,3.8164,5.4995,-0.0401,0.0265,-0.0336
3.3208,9.2296,-1.2617,-0.0883,0.0280,-0.0285,5.5761,3.7852,5.8419,-0.0362,0.0200,-0.0024
3.4453,9.1435,-1.5610,-0.0717,0.0353,-0.0326,5.4731,3.7828,5.6120,-0.0188,0.0534,0.0055
3.3519,9.0692,-1.5969,-0.0926,-0.0306,-0.0028,5.5833,3.7158,5.5833,-0.0810,0.0143,-0.0131
3.5051,9.1961,-1.2905,-0.0831,-0.0121,-0.0095,5.5833,3.6296,5.9783,-0.0476,-0.0338,0.0084
3.3710,9.2177,-1.5012,-0.0585,0.0076,-0.0280,5.5498,3.7350,5.6216,-0.0189,0.0269,-0.0148
3.3615,9.1985,-1.6185,-0.0898,0.0007,-0.0140,5.4971,3.7469,5.6288,-0.0448,0.0262,0.0048
3.4812,9.2129,-1.5514,-0.0687,-0.0221,-0.0033,5.5713,3.6847,5.8754,-0.0465,-0.0167,-0.0068
3.4069,9.1506,-1.6065,-0.0472,-0.0362,-0.0044,5.6240,3.7828,5.7341,-0.0264,-0.0272,-0.0071
3.3639,9.1459,-1.3815,-0.0887,-0.0326,0.0121,5.4253,3.7924,5.6719,-0.0717,-0.0035,0.0124
3.4955,9.1937,-1.3886,-0.0803,0.0278,-0.0008,5.5617,3.6703,5.8442,-0.0513,0.0272,0.0229
3.4740,9.2105,-1.5658,-0.0436,-0.0244,0.0081,5.7461,3.7876,5.8658,-0.0242,-0.0500,0.0089
3.3423,9.1506,-1.6616,-0.0364,-0.0139,-0.0019,5.5713,3.8403,5.4779,-0.0212,-0.0274,0.0294
3.5362,9.1171,-1.4557,-0.0939,-0.0244,0.0226,5.6695,3.6152,5.6814,-0.0831,-0.0040,0.0233
3.5865,9.2009,-1.4676,-0.0694,0.0065,-0.0115,5.7150,3.6703,5.7652,-0.0357,0.0033,0.0145
3.5817,9.2009,-1.6376,-0.0568,-0.0125,-0.0244,5.7437,3.6775,5.6743,-0.0228,-0.0055,-0.0197
3.3615,9.0932,-1.5969,-0.0814,-0.0254,-0.0232,5.4875,3.7493,5.5162,-0.0460,0.0183,-0.0136
3.5410,9.1578,-1.5203,-0.0959,-0.0416,-0.0104,5.6360,3.6200,5.8442,-0.0545,-0.0023,-0.0199
3.3112,9.1506,-1.5395,-0.0735,-0.0350,-0.0159,5.5905,3.8595,5.6240,-0.0462,-0.0001,-0.0480
3.6057,9.1315,-1.3312,-0.0797,0.0064,-0.0003,5.6695,3.6057,5.8083,-0.0385,-0.0141,0.0009
3.5386,9.1482,-1.5179,-0.0734,0.0108,-0.0376,5.6886,3.7278,5.5545,-0.0226,0.0161,-0.0141
3.3208,9.1315,-1.5323,-0.1038,-0.0218,-0.0201,5.3415,3.8068,5.5282,-0.0650,0.0305,-0.0133
3.2609,9.1913,-1.4006,-0.1444,0.0068,0.0105,5.3750,3.7230,5.7796,-0.1073,0.0965,0.0136
3.4285,9.3230,-1.3192,-0.0946,-0.0108,0.0103,5.4300,3.7038,5.9185,-0.0683,0.0036,0.0229
3.4213,9.1842,-1.4557,-0.0500,-0.0183,0.0201,5.5881,3.7541,5.7102,-0.0430,-0.0349,0.0201
3.7110,9.1459,-1.4700,-0.0496,-0.0530,0.0236,5.8538,3.6775,5.5569,-0.0570,-0.0545,0.0241
3.6799,9.0668,-1.6137,-0.0777,-0.0361,0.0079,5.7628,3.6368,5.5761,-0.0693,-0.0119,-0.0224
3.4907,9.1650,-1.4796,-0.1085,-0.0577,-0.0040,5.6671,3.7685,5.5474,-0.1029,0.0043,-0.0526
3.5338,9.2105,-1.3886,-0.0337,0.0097,0.0091,5.5354,3.7397,5.7604,-0.0352,-0.0226,0.0141
3.5291,9.1435,-1.5658,-0.0478,-0.0011,0.0091,5.5569,3.7230,5.7916,-0.0405,-0.0049,0.0103
3.5123,9.0740,-1.5658,-0.0769,-0.0565,0.0330,5.5186,3.6751,5.6048,-0.0686,-0.0222,0.0096
3.7254,9.1028,-1.4653,-0.0594,0.0076,0.0248,5.6958,3.6368,5.8131,-0.0282,-0.0308,0.0320
3.7158,9.1195,-1.7142,-0.0629,-0.0492,0.0298,5.9137,3.6416,5.4492,-0.0705,-0.0484,0.0188
3.6440,9.0932,-1.5083,-0.0775,0.0265,-0.0141,5.7509,3.6775,5.6743,-0.0400,0.0196,-0.0019
3.6799,9.0644,-1.5275,-0.0667,-0.0196,-0.0044,5.8083,3.5889,5.7628,-0.0550,-0.0077,-0.0029
3.6559,9.1770,-1.4389,-0.0641,0.0416,-0.0377,5.7102,3.5913,5.7628,0.0029,0.0189,0.0133
3.5314,9.0788,-1.8771,-0.0778,-0.0470,-0.0032,5.8371,3.7445,5.4923,-0.0489,-0.0049,-0.0155
3.5602,9.0980,-1.5802,-0.0970,-0.0203,0.0125,5.6623,3.6655,5.5474,-0.0813,0.0105,-0.0073
3.7589,9.2320,-1.1995,-0.0642,-0.0024,0.0083,5.7964,3.5195,5.9161,-0.0592,-0.0127,-0.0060
3.4069,9.0836,-1.6520,-0.0548,0.0717,-0.0397,5.6360,3.7709,5.2241,0.0230,0.0477,-0.0151
3.8116,9.0501,-1.5012,-0.1427,-0.0718,0.0059,5.8155,3.6272,5.8634,-0.1104,0.0048,-0.0270
3.6847,9.2081,-1.2953,-0.1053,-0.0300,-0.0111,5.4229,3.6248,5.7533,-0.0894,0.0440,-0.0232
3.7661,9.1770,-1.3360,0.0365,-0.0442,-0.0108,5.6910,3.5027,6.0741,0.0211,-0.1282,-0.0061
3.4333,9.0333,-1.9321,0.0157,-0.0966,-0.0013,5.9448,3.8642,5.1404,-0.0268,-0.1142,-0.0396
3.7134,9.0860,-1.6137,0.0004,-0.0634,-0.0099,5.8251,3.7757,5.2984,-0.0209,-0.0882,-0.0075
3.9409,9.0932,-1.4198,0.0029,-0.1370,0.0149,5.9975,3.5554,5.7365,-0.0721,-0.1320,-0.0408
3.9385,9.2320,-1.1851,0.1053,-0.1757,-0.0322,5.9400,3.2585,6.3949,0.0416,-0.2114,-0.0842
4.0007,9.1482,-1.2977,0.0989,-0.2705,-0.0846,6.0549,3.3830,5.9185,0.0340,-0.2276,-0.1617
3.9672,9.0932,-1.8914,0.1701,-0.2976,-0.1795,6.0861,3.5937,5.5545,0.1522,-0.2733,-0.2499
3.6464,9.0070,-2.4541,0.1856,-0.3258,-0.2088,6.1746,3.9504,4.9752,0.1633,-0.2750,-0.3007
2.9257,8.9950,-3.2968,0.1326,-0.3147,-0.2361,6.1220,4.6232,4.3024,0.1279,-0.2344,-0.3377
2.4924,8.9663,-3.7733,0.0520,-0.2526,-0.1923,6.1220,5.0589,3.4237,0.0538,-0.1748,-0.2854
2.1141,9.1315,-3.5698,-0.0846,-0.1767,-0.0410,5.5569,5.2816,3.6416,-0.1219,-0.0765,-0.1564
2.1739,9.1698,-3.3830,-0.1322,-0.1431,0.1079,5.4684,5.1356,4.0390,-0.1956,-0.0933,-0.0060
2.2434,9.2703,-2.3128,-0.2373,-0.0682,0.2197,5.0829,4.8387,4.6328,-0.3308,-0.0135,0.1150
2.8276,9.4619,-1.5754,-0.1470,-0.0164,0.3528,5.2457,4.2713,5.6360,-0.3128,-0.0681,0.2104
3.4620,9.3015,-1.7430,0.0721,0.0051,0.3888,5.5617,3.8834,5.7700,-0.1346,-0.2447,0.3235
4.0007,8.9711,-2.5426,0.1378,0.1256,0.3207,6.5457,3.8618,5.1308,-0.0433,-0.2112,0.3592
4.1731,8.8538,-3.0622,0.1151,0.1511,0.3234,6.8833,3.6583,4.6256,-0.0077,-0.2084,0.3641
4.4484,8.7029,-2.9377,0.1384,0.0945,0.3074,6.8953,3.4165,4.6831,0.0096,-0.2106,0.3813
4.6783,8.7221,-2.8778,0.0981,0.0588,0.2932,7.2161,3.3710,4.4748,-0.0526,-0.1925,0.3248
4.4580,8.7149,-3.1603,0.1041,0.1607,0.1994,7.1084,3.6751,4.5155,0.0645,-0.0710,0.2462
5.0039,8.5090,-3.1723,0.0809,0.0652,0.2376,7.1395,3.1364,4.4819,0.0001,-0.1640,0.2606
5.1571,8.3606,-3.3543,0.1095,0.1198,0.1434,7.6974,3.0071,4.2449,0.0586,-0.0713,0.2161
5.4444,8.3773,-3.4117,-0.0238,-0.0954,0.0609,7.9248,2.9305,4.3335,-0.0638,-0.0986,-0.0257
5.3893,8.3725,-3.3758,-0.0645,-0.0425,-0.0284,7.6064,2.9784,4.4891,-0.0025,-0.0021,-0.0721
4.9584,8.4396,-3.3758,-0.0280,-0.0847,-0.0460,7.4005,3.1532,4.2114,-0.0281,-0.0509,-0.0730
4.9775,8.4731,-3.4213,-0.0257,-0.0689,-0.0654,7.6184,3.3279,4.1851,-0.0059,-0.0517,-0.0893
5.0159,8.4587,-3.3878,-0.0344,-0.0805,-0.1114,7.5776,3.2537,4.4556,0.0201,-0.0221,-0.1480
5.0853,8.5712,-3.3710,-0.0877,0.1351,-0.2346,7.5226,3.2489,4.4077,0.1327,0.1831,-0.0667
4.5394,8.5497,-3.2178,-0.0334,-0.1573,-0.1671,7.2161,3.5195,4.0366,-0.0023,-0.0632,-0.2197
4.3239,8.6886,-3.4668,-0.0751,-0.1234,-0.1857,7.3167,3.9121,3.9983,0.0522,-0.0242,-0.2186
4.2353,8.6000,-3.7182,-0.0533,-0.2021,-0.1300,7.1491,3.8642,3.8858,-0.0195,-0.0922,-0.2116
4.1970,8.5880,-3.4046,-0.0847,-0.1154,-0.1415,7.0677,3.9073,4.1515,-0.0103,-0.0113,-0.1896
4.2162,8.7317,-3.5434,-0.0907,-0.1018,-0.1318,6.9384,3.9959,4.0582,-0.0019,0.0017,-0.1496
4.0270,8.7819,-3.2034,-0.0658,-0.0405,-0.1170,6.6702,4.0031,4.2808,0.0043,0.0225,-0.0931
3.9768,8.8562,-3.3830,-0.0401,-0.0430,-0.0787,6.8857,4.1468,4.0606,-0.0159,0.0092,-0.0799
4.0175,8.7724,-3.3399,-0.0300,-0.0312,-0.0514,7.0222,4.1013,4.1013,0.0012,-0.0250,-0.0526
3.9696,8.8873,-3.3543,-0.0257,-0.0550,-0.0332,6.8139,4.0917,4.4604,-0.0061,-0.0536,-0.0124
3.9744,8.8035,-3.5147,-0.0005,-0.0353,-0.0344,6.8546,4.2090,4.1348,0.0179,-0.0366,-0.0119
3.8283,8.6215,-3.7948,-0.0092,0.0304,0.0031,7.0773,4.3239,3.5171,-0.0172,-0.0432,0.0440
4.0199,8.7053,-3.8403,-0.0641,0.0148,0.0230,7.1539,4.1755,3.7661,-0.0542,0.0045,0.0211
4.0773,8.7388,-3.8116,-0.0693,0.0332,0.0183,7.2401,4.1635,3.7373,-0.0449,0.0157,0.0398
4.2377,8.6383,-3.5362,-0.0759,0.0266,0.0224,7.0509,3.9169,3.9480,-0.0775,-0.0020,0.0641
4.3000,8.6191,-3.7445,-0.1065,0.0294,-0.0028,7.3837,4.0821,3.8786,-0.0601,0.0301,0.0179
4.3096,8.7269,-3.4309,-0.1134,-0.0306,-0.0268,7.0150,3.9409,4.2689,-0.0771,0.0256,-0.0183
4.0606,8.8131,-3.5530,-0.0895,0.0478,-0.0286,7.0509,4.0606,3.9552,-0.0249,0.0580,0.0009
4.1755,8.7293,-3.5506,-0.1029,-0.0020,-0.0063,7.0557,4.0199,4.0558,-0.0794,0.0489,-0.0033
4.2210,8.7700,-3.2968,-0.0730,-0.0173,-0.0228,7.0820,3.9768,4.2856,-0.0310,-0.0079,0.0033
4.0773,8.7700,-3.5123,-0.0750,-0.0252,-0.0204,7.2042,4.1444,3.9959,-0.0422,-0.0035,-0.0269
3.9887,8.7388,-3.5961,-0.0733,-0.0171,-0.0061,6.5841,3.9313,3.9624,-0.0537,0.0430,0.0156
4.1468,8.7508,-3.5937,-0.0805,-0.0181,-0.0051,7.2832,3.9911,4.2569,-0.0304,-0.0136,0.0008
4.1180,8.7245,-3.5434,-0.0935,0.0031,-0.0159,7.1180,4.0630,3.9840,-0.0442,0.0396,-0.0059
4.1228,8.7173,-3.5602,-0.0541,0.0049,-0.0080,7.0054,4.0438,3.9983,-0.0309,-0.0041,0.0128
4.4077,8.7053,-3.4309,-0.0717,-0.0037,0.0083,7.1658,3.8259,4.2832,-0.0326,-0.0101,0.0151
4.1683,8.7508,-3.6823,-0.0767,-0.0099,-0.0234,7.2257,4.1156,3.7254,-0.0413,0.0091,-0.0436
3.9313,8.6670,-3.7493,-0.1246,0.0561,-0.0124,6.9456,4.1683,3.8714,-0.0421,0.0699,0.0361
4.0965,8.6957,-3.5458,-0.1094,0.0048,0.0526,7.1036,3.9863,4.1204,-0.1096,0.0051,0.0544
4.2377,8.7149,-3.3160,-0.1018,0.0306,0.0429,7.2832,3.9073,4.1300,-0.0773,0.0195,0.0549
4.3167,8.7221,-3.3782,-0.0794,-0.0117,0.0237,7.0844,3.8188,4.2042,-0.0617,-0.0167,0.0232
4.4436,8.6191,-3.4381,-0.0894,-0.0123,0.0217,7.1587,3.7900,4.1899,-0.0739,-0.0153,0.0205
4.3766,8.7771,-3.5482,-0.0951,-0.0424,-0.0025,7.2042,3.7996,4.1779,-0.0715,0.0199,-0.0250
4.1635,8.6119,-3.5267,-0.0963,0.0036,-0.0365,7.2161,3.9576,3.9504,-0.0466,0.0262,-0.0240
4.1276,8.6910,-3.4931,-0.1100,0.0225,-0.0135,6.9576,3.9576,3.7589,-0.0609,0.0464,-0.0031
4.2689,8.7101,-3.4357,-0.0895,-0.0184,0.0111,7.0006,3.8116,4.1875,-0.0694,-0.0008,0.0067
4.3455,8.7508,-3.3447,-0.1104,-0.0310,-0.0024,6.9935,3.8355,4.2952,-0.0762,0.0167,-0.0097
4.2976,8.7364,-3.1675,-0.0807,-0.0145,0.0075,7.0677,3.9049,4.3359,-0.0444,0.0011,0.0115
4.4173,8.6910,-3.4261,-0.0472,0.0047,0.0048,7.1323,3.8451,4.1779,-0.0381,0.0157,0.0011
4.3503,8.7005,-3.4117,-0.0621,-0.0001,-0.0073,6.9456,3.8116,4.0558,-0.0486,-0.0032,0.0302
4.3311,8.6790,-3.3974,-0.0870,0.0048,-0.0187,7.0701,3.8786,4.2856,-0.0534,0.0148,0.0156
4.4843,8.5928,-3.3710,-0.0673,-0.0201,-0.0230,6.8594,3.8786,4.0869,-0.0425,-0.0140,0.0538
4.2353,8.6766,-3.4692,-0.0570,-0.0169,-0.0052,7.2736,3.8403,4.3239,-0.0152,-0.0250,0.0068
4.2784,8.6503,-3.4261,-0.0890,0.0245,-0.0208,7.2784,3.9049,4.0534,-0.0384,0.0250,-0.0031
4.2569,8.6790,-3.3591,-0.0690,-0.0417,0.0007,7.1802,3.8762,4.2569,-0.0400,-0.0432,0.0097
4.4173,8.6886,-3.4093,-0.0538,-0.0096,-0.0079,7.1347,3.8834,4.1994,-0.0321,0.0045,0.0019
4.2401,8.6503,-3.5123,-0.0766,-0.0135,0.0008,7.0916,3.8523,4.0103,-0.0512,0.0103,0.0048
4.4388,8.7317,-3.3734,-0.0833,-0.0123,-0.0064,7.0820,3.8595,4.1132,-0.0609,0.0233,0.0063
4.3479,8.5928,-3.4716,-0.0854,0.0039,0.0149,7.2042,3.8547,4.0630,-0.0604,0.0029,0.0250
4.3646,8.6933,-3.2920,-0.0673,-0.0282,0.0009,7.1611,3.7350,4.1970,-0.0432,-0.0168,-0.0075
4.3981,8.6933,-3.3016,-0.0670,-0.0191,0.0101,6.9647,3.7014,4.1899,-0.0400,-0.0119,0.0184
4.3311,8.5832,-3.4572,-0.0396,-0.0340,0.0209,6.9863,3.6823,4.2042,-0.0308,-0.0501,0.0273
4.3742,8.6981,-3.5865,-0.0578,-0.0412,0.0035,7.3526,3.9121,3.9887,-0.0441,-0.0249,-0.0013
4.4484,8.6383,-3.4644,-0.0827,-0.0076,0.0080,7.0940,3.7110,4.1755,-0.0512,0.0124,0.0152
4.6232,8.7077,-3.3184,-0.0963,0.0020,-0.0244,7.2425,3.6464,4.2689,-0.0356,0.0133,-0.0025
4.4125,8.7053,-3.4884,-0.0546,-0.0465,-0.0200,7.0844,3.8092,4.0725,-0.0289,-0.0418,-0.0033
4.3167,8.6239,-3.5051,-0.0802,-0.0119,0.0001,6.9791,3.8355,4.0055,-0.0460,0.0103,0.0211
4.3431,8.6933,-3.4046,-0.0885,-0.0249,0.0065,7.1180,3.8020,4.1635,-0.0640,0.0107,0.0064
4.4005,8.6095,-3.5650,-0.0703,-0.0003,0.0183,7.2951,3.8140,4.2162,-0.0384,-0.0135,0.0248
4.4101,8.6646,-3.3064,-0.0632,-0.0136,0.0052,7.2736,3.7996,3.9816,-0.0464,-0.0055,0.0132
4.4604,8.6239,-3.3160,-0.0759,0.0108,0.0043,7.1850,3.6320,4.2521,-0.0461,0.0450,0.0061
4.4029,8.6981,-3.5171,-0.0746,-0.0197,0.0099,7.0749,3.7661,4.0199,-0.0510,-0.0237,0.0340
4.4029,8.6526,-3.5793,-0.1010,-0.0193,-0.0001,7.0557,3.7781,3.9528,-0.0596,-0.0067,0.0039
4.5226,8.6886,-3.1460,-0.0677,0.0272,-0.0067,7.3239,3.7350,4.2329,-0.0258,0.0127,0.0023
4.4365,8.6670,-3.4524,-0.0441,0.0286,-0.0152,7.1826,3.7158,4.0390,-0.0160,0.0157,0.0088
4.3694,8.6622,-3.6200,-0.1018,-0.0117,-0.0111,7.2209,3.9002,3.8810,-0.0572,0.0230,-0.0234
4.3670,8.6622,-3.3351,-0.1037,-0.0079,0.0013,7.1539,3.7110,4.0270,-0.0742,0.0153,-0.0075
4.5346,8.6095,-3.1029,-0.0762,0.0208,0.0093,7.1754,3.5913,4.3862,-0.0502,0.0302,0.0027
4.5681,8.5593,-3.4500,-0.0648,-0.0152,-0.0163,7.1730,3.6823,4.3694,-0.0289,-0.0045,0.0031
4.3144,8.6862,-3.3998,-0.0873,-0.0143,-0.0001,7.2018,3.8092,4.0127,-0.0596,0.0095,-0.0113
4.5633,8.6119,-3.2370,-0.0585,-0.0043,0.0215,7.2185,3.6655,4.1492,-0.0465,-0.0079,0.0300
4.4867,8.6095,-3.3950,-0.0601,-0.0147,-0.0037,7.2305,3.7589,4.0606,-0.0393,0.0027,-0.0069
4.2138,8.5904,-3.5578,-0.1071,-0.0544,0.0009,6.9384,3.7828,3.8331,-0.0490,0.0035,-0.0103
4.4508,8.5976,-3.2801,-0.1222,-0.0044,0.0332,7.1802,3.6392,4.0654,-0.0842,0.0081,0.0368
4.7166,8.6119,-3.1915,-0.1248,-0.0021,0.0322,7.3741,3.5602,4.2162,-0.0613,0.0059,0.0465
4.7262,8.7388,-3.3136,-0.1011,0.0067,-0.0300,7.3263,3.6703,4.2186,-0.0366,0.0405,-0.0304
4.5203,8.6239,-3.1364,-0.0866,-0.0558,-0.0096,7.0006,3.5314,4.3670,-0.0460,-0.0137,-0.0348
4.4125,8.5832,-3.4309,-0.0187,-0.0260,-0.0045,7.3263,3.7781,3.9025,-0.0105,-0.0512,0.0181
4.3598,8.6431,-3.5051,-0.0877,-0.0272,0.0446,7.3071,3.7373,3.9504,-0.0368,-0.0116,-0.0260
4.2832,8.5521,-3.4117,-0.1034,0.0139,0.0048,7.0892,3.8283,3.9935,-0.0644,0.0212,-0.0077
4.5226,8.5090,-3.2896,-0.1062,-0.0108,0.0530,7.0006,3.6033,4.1875,-0.0689,0.0145,0.0522
4.8147,8.5593,-3.1915,-0.0871,-0.0366,0.0060,7.3550,3.5937,4.3359,-0.0536,0.0099,-0.0039
4.5394,8.6359,-3.3878,-0.0823,0.0125,-0.0257,7.1132,3.6152,4.0582,-0.0365,0.0481,-0.0304
4.5203,8.5688,-3.4261,-0.1342,-0.0442,0.0624,7.0988,3.7086,4.1061,-0.0552,0.0277,0.0065
4.7190,8.6479,-3.1747,-0.1035,-0.0382,0.0373,7.1898,3.6176,4.2497,-0.0703,-0.0059,-0.0025
4.7022,8.5401,-3.2274,-0.0874,-0.0232,-0.0012,7.2784,3.6512,4.2497,-0.0436,-0.0119,0.0095
4.5179,8.5593,-3.3136,-0.1050,0.0229,-0.0305,7.2975,3.8403,4.0223,-0.0305,0.0506,-0.0215
4.4819,8.5856,-3.2657,-0.1226,-0.0326,0.0057,7.2233,3.7685,4.0151,-0.0859,0.0079,-0.0192
4.6543,8.5928,-3.0861,-0.0681,-0.0053,0.0230,7.1419,3.5099,4.3742,-0.0538,0.0060,0.0177
4.7788,8.5832,-3.2250,-0.0516,-0.0274,-0.0076,7.3646,3.6033,4.2665,-0.0293,-0.0136,-0.0145
4.4819,8.5832,-3.4477,-0.0881,-0.0101,-0.0003,7.1611,3.8283,3.9217,-0.0300,0.0224,-0.0216
4.5250,8.4898,-3.3710,-0.0907,-0.0454,0.0175,7.0413,3.7876,3.9624,-0.0959,0.0095,-0.0153
4.8578,8.5545,-3.1771,-0.0905,-0.0177,0.0253,7.0940,3.5267,4.4724,-0.0454,-0.0180,0.0328
4.7262,8.6479,-3.1723,-0.0675,-0.0128,-0.0220,7.3023,3.6464,4.3431,-0.0225,0.0021,-0.0133
4.5107,8.5305,-3.4141,-0.0873,0.0144,-0.0139,7.2185,3.7924,4.0366,-0.0168,0.0297,0.0089
4.7166,8.5593,-3.1651,-0.1256,-0.0593,0.0520,7.1228,3.5338,4.2449,-0.1135,-0.0115,0.0124
4.8483,8.5162,-3.2896,-0.0529,0.0373,-0.0254,7.4484,3.5841,4.2521,-0.0072,0.0159,0.0272
4.6567,8.5449,-3.1723,-0.0786,-0.0745,-0.0125,7.1778,3.6440,4.3120,-0.0500,-0.0269,-0.0224
4.4676,8.5042,-3.2537,-0.0561,0.0428,-0.0153,6.9719,3.6966,3.9313,-0.0211,0.0145,0.0199
4.8674,8.4659,-3.2058,-0.0930,-0.0274,0.0057,7.1395,3.4213,4.4891,-0.0670,0.0185,0.0073
4.8866,8.5473,-3.3615,-0.0554,0.0057,-0.0229,7.3981,3.6081,4.1851,-0.0155,-0.0049,-0.0011
4.5538,8.5018,-3.5434,-0.0609,-0.0213,-0.0496,7.1491,3.8140,3.8666,-0.0401,0.0092,-0.0175
4.5274,8.5329,-3.3088,-0.0813,-0.0131,0.0028,7.0461,3.6919,3.9840,-0.0683,-0.0059,0.0003
4.7573,8.5281,-3.0909,-0.0887,-0.0043,0.0095,7.2688,3.4764,4.3263,-0.0653,0.0104,0.0209
4.9225,8.6479,-3.1771,-0.0497,-0.0252,-0.0161,7.2856,3.5530,4.3622,-0.0156,-0.0173,-0.0099
4.5179,8.4707,-3.5123,-0.0484,0.0056,-0.0380,7.2137,3.7924,3.9624,-0.0056,0.0068,-0.0045
4.4796,8.4898,-3.3519,-0.1103,-0.0330,0.0346,7.1563,3.6943,4.0318,-0.0966,-0.0060,0.0244
4.8530,8.5329,-3.0502,-0.0903,-0.0015,0.0336,7.2832,3.5195,4.4245,-0.0727,0.0012,0.0445
4.8507,8.5353,-3.2250,-0.0653,0.0173,0.0017,7.3119,3.5674,4.2377,-0.0356,0.0005,0.0160
4.7740,8.4851,-3.3232,-0.0318,-0.0121,-0.0045,7.2640,3.5721,4.1348,-0.0234,-0.0127,-0.0041
4.6735,8.5760,-3.2274,-0.0625,-0.0007,0.0021,7.1754,3.6799,3.9959,-0.0445,0.0077,0.0151
4.7669,8.4611,-3.4429,-0.0662,0.0076,-0.0043,7.2616,3.5793,4.1372,-0.0360,0.0080,0.0298
4.7597,8.5042,-3.5003,-0.0723,-0.0151,-0.0097,7.2520,3.5865,4.2090,-0.0304,0.0028,0.0193
4.7740,8.4587,-3.2202,-0.0986,-0.0153,-0.0065,7.2113,3.6607,4.1779,-0.0450,0.0133,0.0113
4.7022,8.4443,-3.6583,-0.1011,0.0308,0.0103,7.5202,3.7350,3.8355,-0.0621,0.0208,0.0405
4.9225,8.4276,-3.3088,-0.1672,0.0145,-0.0167,7.3622,3.5985,3.9576,-0.1156,0.0889,0.0177
4.8411,8.5449,-2.8683,-0.1767,0.0015,-0.0001,7.1563,3.3974,4.5418,-0.1312,0.0783,0.0040
4.9704,8.5473,-2.8730,-0.1243,0.0120,-0.0104,7.1371,3.3519,4.6639,-0.0642,0.0510,0.0097
4.9440,8.5641,-2.9090,-0.1030,-0.0257,-0.0234,7.2520,3.4812,4.3790,-0.0616,0.0049,-0.0256
4.7669,8.5569,-2.9904,-0.0878,0.0092,-0.0365,7.0916,3.5195,4.4652,-0.0490,0.0362,-0.0245
4.6040,8.5641,-2.8826,-0.0624,-0.0167,-0.0048,6.9504,3.5674,4.3646,-0.0244,-0.0203,0.0187
4.6711,8.5545,-2.8730,-0.0338,-0.0132,0.0200,7.1036,3.4548,4.4604,-0.0306,-0.0273,0.0292
4.7812,8.5114,-3.3255,-0.0288,-0.0071,0.0019,7.2544,3.6081,4.0725,-0.0221,-0.0119,0.0288
4.7501,8.4084,-3.3279,-0.0506,-0.0127,0.0301,7.2353,3.4955,4.1587,-0.0361,-0.0268,0.0494
4.9249,8.4827,-3.1220,-0.0779,-0.0413,0.0500,7.4101,3.3926,4.2234,-0.0915,-0.0338,0.0269
5.0326,8.5497,-3.1029,-0.0667,0.0433,-0.0087,7.4771,3.3902,4.3670,-0.0176,0.0212,0.0404
4.9895,8.4252,-3.0191,-0.0926,-0.0144,-0.0121,7.1898,3.3016,4.5633,-0.0436,0.0168,0.0079
4.7692,8.5042,-3.0358,-0.0542,-0.0032,0.0044,7.0461,3.3519,4.3383,-0.0314,-0.0024,0.0513
4.8243,8.5281,-3.4189,-0.0630,0.0393,0.0420,6.9528,2.9760,4.6926,-0.0217,0.0867,0.0630
6.2944,8.8538,-3.2992,-0.1038,0.0224,0.2666,6.8594,3.6176,4.0151,0.0252,0.0749,0.1532
5.2481,8.4707,-3.2106,-0.1737,0.0937,0.2066,7.2018,3.4931,4.2329,-0.0500,0.0779,0.1379
4.4436,8.1977,-3.5530,-0.2016,0.2093,0.2530,7.2903,3.5291,3.9887,-0.0454,0.1203,0.1841
5.0757,8.1020,-3.8642,-0.4118,0.0105,0.4958,7.3813,3.5937,3.4500,-0.0946,0.1263,0.2229
5.1571,7.8410,-3.8666,-0.5137,0.4855,0.2635,7.6112,3.6536,2.8922,-0.1596,0.5415,0.2844
5.3630,7.9344,-2.0997,-0.7079,0.3537,0.2511,6.4620,2.7869,4.5011,-0.4281,0.5582,0.3051
6.0142,7.9990,-0.8428,-0.5617,0.3536,0.2253,6.4763,2.2841,5.5426,-0.3786,0.4884,0.3315
6.4691,7.9895,-1.1420,-0.3631,0.2352,0.0934,7.2520,2.2865,5.3175,-0.2799,0.2972,0.4190
6.3231,7.7812,-1.5826,-0.3413,0.1540,0.0452,7.3957,2.1835,5.2505,-0.2689,0.1656,0.1803
6.6032,7.6998,-0.9912,-0.3635,0.0617,0.0490,7.0270,1.5227,5.6790,-0.2602,0.2657,0.0055
7.5034,7.7045,-0.5507,-0.2690,0.2177,-0.2274,7.7333,0.9792,6.7852,-0.0188,0.4185,-0.0653
7.1323,7.7357,-0.1580,-0.2014,0.0313,-0.3890,7.7955,1.1253,6.1818,0.1011,0.1651,-0.3048
6.4452,7.7476,-0.7398,-0.1853,-0.0326,-0.5392,6.6822,1.8124,5.8347,0.1899,0.2482,-0.4668
5.4612,8.1594,-0.9098,-0.2814,-0.1234,-0.5449,6.3159,2.5474,5.5737,0.0426,0.2534,-0.5193
5.5450,8.2169,-0.6895,-0.3363,-0.2284,-0.5616,6.4572,2.4469,5.9041,-0.0004,0.2253,-0.6543
5.3391,8.3414,-0.0886,-0.3156,-0.2369,-0.6592,5.8179,2.4565,6.1316,0.0794,0.2069,-0.6915
4.5657,8.5760,-0.4022,-0.1955,-0.2817,-0.7521,5.4588,3.2106,6.0238,0.2024,0.1498,-0.7786
3.8906,8.6886,-0.8691,-0.2185,-0.2790,-0.7601,5.0302,3.7110,5.7030,0.2202,0.1807,-0.7877
3.0718,8.9160,-0.5914,-0.2148,-0.2094,-0.7105,4.3503,4.2066,5.6216,0.1947,0.2265,-0.7167
2.8515,9.1004,-0.3160,-0.1751,-0.1196,-0.6514,4.3359,4.5203,5.8586,0.2354,0.2105,-0.5939
2.4493,9.1961,-0.6752,-0.1868,-0.2000,-0.5550,4.1300,4.8530,5.4588,0.1346,0.1178,-0.5860
2.1380,9.3685,-0.5866,-0.1978,-0.1727,-0.4675,3.7421,5.0518,5.6336,0.0914,0.1540,-0.5089
1.8028,9.4212,-0.3424,-0.1743,-0.0731,-0.3573,3.6272,5.2265,5.5665,0.0454,0.1661,-0.3702
2.2314,9.3613,-0.3926,-0.1748,-0.1600,-0.2373,3.8188,5.0302,6.0885,-0.0011,0.0290,-0.2662
2.3343,9.3996,-0.3136,-0.1724,-0.0970,-0.2042,3.9121,5.0302,5.7820,-0.0316,0.0747,-0.2441
2.3750,9.4188,-0.4214,-0.1543,-0.1262,-0.1683,3.8020,4.9799,6.2513,-0.0181,0.0458,-0.1888
2.0973,9.4236,-0.3065,-0.1102,-0.0577,-0.1567,3.7182,5.0973,5.9424,0.0037,0.0505,-0.1568
1.9154,9.3494,-0.5171,-0.0962,-0.0537,-0.1147,3.8547,5.2625,5.5857,-0.0205,0.0061,-0.1202
2.1069,9.3111,-0.6895,-0.1338,-0.0717,-0.0931,3.7924,5.1811,5.6360,-0.0654,0.0436,-0.1235
2.0566,9.4858,-0.4094,-0.1388,-0.0436,-0.0803,3.5578,5.1404,5.8658,-0.0521,0.0296,-0.1124
2.0734,9.3948,-0.4190,-0.1490,-0.0600,-0.0445,3.7589,5.1595,6.0262,-0.0909,0.0310,-0.0834
2.0806,9.4715,-0.0766,-0.1282,0.0081,-0.0614,3.7900,5.1332,6.1316,-0.0348,0.0421,-0.0528
2.0662,9.3446,-0.2466,-0.0715,-0.0441,-0.0536,3.5985,5.1404,6.0262,-0.0433,0.0408,-0.0706
2.0351,9.4116,-0.4429,-0.0702,-0.0384,-0.0497,3.5506,5.2098,5.8179,-0.0421,0.0101,-0.0486
1.9178,9.4643,-0.4597,-0.0998,0.0004,-0.0326,3.3136,5.1523,5.9544,-0.0276,0.0466,0.0193
1.9561,9.4020,-0.3783,-0.1054,-0.0598,0.0079,3.3279,5.1404,5.9065,-0.0671,-0.0056,0.0112
2.1452,9.4475,-0.3879,-0.0862,-0.0416,0.0108,3.5961,5.1954,5.7916,-0.0613,-0.0196,0.0032
2.0375,9.3948,-0.3041,-0.0990,0.0093,0.0068,3.6727,5.1787,5.9113,-0.0588,0.0136,0.0208
2.0997,9.4475,-0.3687,-0.0925,-0.0362,0.0260,3.7828,5.1356,6.0238,-0.0873,-0.0296,-0.0136
2.2697,9.3494,-0.1867,-0.0717,-0.0160,0.0055,3.8092,5.0302,6.1507,-0.0578,-0.0092,-0.0065
2.2122,9.3972,-0.5291,-0.0584,0.0128,-0.0250,3.7900,5.0542,5.9879,-0.0180,0.0064,0.0087
2.1452,9.4284,-0.4621,-0.1106,-0.0416,-0.0277,3.7685,5.1308,5.9304,-0.0789,0.0441,-0.0517
2.1548,9.2895,-0.2083,-0.0803,0.0059,-0.0244,3.7493,4.9967,6.1076,-0.0384,0.0173,-0.0064
2.1644,9.4427,-0.2203,-0.0943,-0.0179,-0.0494,3.6272,5.1116,6.0190,-0.0362,0.0288,-0.0370
2.2482,9.5193,-0.2753,-0.0697,0.0426,-0.0895,3.8834,5.2074,5.9616,0.0168,0.0743,-0.0568
2.0183,9.3733,-0.3424,-0.0749,-0.0561,-0.0456,3.6033,5.2361,5.9592,-0.0141,-0.0286,-0.0484
2.0375,9.3661,-0.2418,-0.0921,-0.0393,-0.0361,3.6990,5.1427,6.0334,-0.0388,-0.0207,-0.0341
1.9896,9.4499,-0.2107,-0.1006,-0.0340,-0.0434,3.6607,5.2385,5.9400,-0.0516,0.0016,-0.0598
2.0063,9.4044,-0.1437,-0.0781,-0.0286,-0.0416,3.4979,5.1739,5.9520,-0.0269,-0.0180,-0.0393
1.9752,9.4547,-0.0814,-0.0909,-0.0055,-0.0565,3.6320,5.2146,5.9065,-0.0377,0.0453,-0.0526
1.8531,9.4260,-0.2011,-0.0775,0.0257,-0.0750,3.3758,5.2672,5.9759,-0.0109,0.0561,-0.0341
1.8747,9.4379,-0.2418,-0.1081,-0.0446,-0.0406,3.3974,5.2505,6.0956,-0.0610,0.0131,-0.0336
1.9513,9.4164,-0.1077,-0.1045,0.0020,-0.0641,3.4836,5.1906,5.9711,-0.0389,0.0586,-0.0521
1.9585,9.4547,-0.1053,-0.0742,-0.0052,-0.0691,3.4524,5.2625,6.1244,-0.0104,0.0316,-0.0510
1.8244,9.4260,-0.3711,-0.0906,-0.0561,-0.0703,3.5362,5.2553,5.8610,-0.0454,0.0159,-0.0967
1.7717,9.4739,-0.2634,-0.1268,-0.0264,-0.0883,3.2729,5.4492,5.8299,-0.0638,0.0703,-0.0938
1.6376,9.4451,0.0168,-0.1414,0.0337,-0.0938,3.0909,5.3798,5.8849,-0.0697,0.0894,-0.0525
1.6424,9.4667,0.0263,-0.1455,0.0061,-0.0658,3.1556,5.3606,6.0286,-0.0638,0.0791,-0.0540
1.5538,9.4619,0.1197,-0.0993,-0.0133,-0.0374,2.9042,5.3319,6.0190,-0.0498,0.0521,-0.0167
1.6017,9.4379,0.0000,-0.0646,0.0161,-0.0248,3.2154,5.4540,5.9496,-0.0207,0.0165,-0.0147
1.6664,9.3589,-0.2849,-0.1094,-0.0160,-0.0183,3.3878,5.3917,5.7940,-0.0666,0.0109,-0.0461
1.7430,9.4667,-0.0646,-0.0953,0.0127,-0.0356,3.2968,5.3247,6.0118,-0.0516,0.0637,-0.0346
1.6759,9.4763,-0.0958,-0.0592,-0.0410,-0.0281,3.1340,5.3223,6.1028,-0.0412,-0.0005,-0.0486
1.6328,9.4212,-0.3663,-0.0641,-0.0349,-0.0249,3.1532,5.3750,5.9807,-0.0318,-0.0123,-0.0313
1.5730,9.4260,-0.1652,-0.1151,-0.0353,-0.0352,3.0406,5.3486,6.0334,-0.0362,0.0041,-0.0226
1.6592,9.3685,-0.0096,-0.1054,-0.0265,-0.0372,2.9904,5.2696,6.0645,-0.0334,0.0302,0.0012
1.5634,9.4427,-0.0575,-0.1061,-0.0081,-0.0576,3.3974,5.4731,5.7700,-0.0464,0.0345,-0.0458
1.5945,9.3757,0.0072,-0.0981,0.0047,-0.0380,3.1675,5.3846,6.1746,-0.0485,0.0285,-0.0160
1.5634,9.4547,0.0718,-0.0806,-0.0557,-0.0099,3.1412,5.3726,6.1172,-0.0671,-0.0430,-0.0478
1.5203,9.3757,0.0982,-0.0830,0.0136,-0.0344,2.9999,5.4324,5.8634,-0.0370,0.0172,0.0017
1.4317,9.5050,0.0551,-0.0811,0.0216,-0.0132,3.1029,5.3917,6.1962,-0.0390,0.0117,0.0261
1.4724,9.5026,-0.0287,-0.0590,-0.0217,-0.0024,3.1580,5.3917,6.0478,-0.0501,-0.0087,-0.0185
1.4198,9.4547,-0.2131,-0.0839,-0.0224,-0.0012,3.0023,5.4300,5.7820,-0.0735,0.0175,-0.0205
1.6448,9.3781,-0.0311,-0.0933,-0.0159,-0.0053,3.1675,5.2553,6.0908,-0.0690,0.0113,-0.0084
1.7166,9.3805,-0.0024,-0.0917,-0.0402,-0.0151,3.1316,5.2146,6.0214,-0.0350,-0.0201,-0.0282
1.5443,9.4355,-0.0383,-0.0946,-0.0305,-0.0305,3.1292,5.4253,5.8873,-0.0644,0.0165,-0.0246
1.4868,9.4379,0.1532,-0.1006,-0.0203,-0.0092,2.8204,5.3798,6.0693,-0.0678,0.0241,-0.0220
1.4868,9.4475,0.1053,-0.0953,0.0088,-0.0156,2.9018,5.3463,6.0621,-0.0533,0.0693,-0.0149
1.5850,9.4475,0.0455,-0.1027,0.0033,-0.0104,3.0718,5.3630,6.1387,-0.0614,0.0504,-0.0025
1.5754,9.3901,0.2179,-0.0626,-0.0516,0.0185,3.0742,5.3127,6.0597,-0.0702,-0.0390,-0.0139
1.7621,9.4619,0.0814,-0.0616,0.0224,0.0028,3.0119,5.3247,6.2177,-0.0296,0.0201,0.0252
1.6759,9.4212,-0.0575,-0.0829,-0.0286,-0.0005,3.1627,5.2960,6.1172,-0.0452,-0.0199,0.0144
1.7071,9.4355,0.1173,-0.1206,-0.1390,0.0365,3.3016,5.3103,5.7916,-0.1358,-0.0899,-0.0683
1.8986,9.4475,0.1125,-0.1090,0.0133,-0.0141,3.1603,5.1667,6.5529,-0.0414,0.0245,0.0072
1.7119,9.3877,0.0024,-0.0597,-0.0485,-0.0173,3.2346,5.3558,5.9472,-0.0484,-0.0524,-0.0188
1.6257,9.3829,0.1508,-0.0779,0.0228,-0.0187,3.1508,5.3151,6.1100,-0.0233,0.0021,0.0065
1.5921,9.4882,0.0958,-0.0620,-0.0325,0.0132,2.9377,5.3367,6.1363,-0.0497,-0.0385,0.0172
1.6664,9.3565,0.0192,-0.0714,-0.0008,-0.0001,3.1915,5.2696,6.1699,-0.0336,-0.0136,0.0135
1.6472,9.4643,0.1820,-0.0779,-0.0290,0.0064,3.2346,5.2265,6.1914,-0.0598,-0.0127,-0.0081
1.7095,9.4284,-0.1125,-0.0679,0.0005,-0.0161,3.0837,5.2792,6.0956,-0.0321,0.0220,-0.0025
1.5251,9.5026,-0.1437,-0.0782,-0.0176,-0.0057,3.1556,5.3798,5.7245,-0.0560,-0.0127,0.0019
1.6879,9.3925,0.0383,-0.0911,-0.0350,0.0218,3.1412,5.2601,6.0430,-0.0898,-0.0104,0.0001
1.6376,9.5170,0.4932,-0.0741,0.0027,0.0117,2.9353,5.2361,6.3015,-0.0588,0.0129,0.0131
1.5993,9.4810,0.0886,-0.0320,-0.0342,0.0361,2.9999,5.3151,6.1316,-0.0466,-0.0440,0.0325
1.4413,9.4212,-0.0024,-0.0529,-0.0081,0.0514,3.1915,5.3798,5.7724,-0.0624,-0.0430,0.0521
1.7645,9.4068,0.0168,-0.0661,0.0314,0.0725,3.1580,5.2098,6.0358,-0.0850,0.0003,0.0830
1.8962,9.4739,0.0072,-0.0877,-0.0614,0.0969,3.2729,5.1715,6.1890,-0.1268,-0.0726,0.0408
1.9585,9.3541,0.1221,-0.0501,0.0200,0.0713,3.3758,5.0661,6.2393,-0.0594,-0.0262,0.0705
2.0614,9.3446,0.0096,-0.0606,-0.0011,0.0806,3.3255,5.1092,6.2560,-0.0675,-0.0151,0.0934
2.0111,9.3374,-0.2179,-0.0669,0.0053,0.0534,3.4405,5.0973,5.9400,-0.0741,0.0144,0.0601
2.0686,9.3398,-0.1413,-0.0898,0.0290,0.0414,3.4644,5.0637,6.1627,-0.0758,0.0322,0.0717
2.0877,9.3087,0.1293,-0.1029,0.0348,0.0258,3.5147,5.0206,6.1100,-0.0671,0.0169,0.0521
2.3104,9.2847,0.0814,-0.0711,-0.0220,0.0169,3.3136,4.8722,6.2608,-0.0727,0.0079,0.0232
2.1859,9.3709,0.1748,-0.0701,0.0021,-0.0199,3.4117,4.9704,6.1746,-0.0218,0.0189,0.0117
2.2075,9.3015,-0.0407,-0.0863,-0.0032,-0.0300,3.5171,4.9512,6.1196,-0.0269,-0.0024,0.0093
1.9920,9.4379,-0.0359,-0.0863,-0.0161,-0.0508,3.5051,5.0470,6.1196,-0.0356,0.0224,-0.0258
1.9249,9.3111,0.2179,-0.0799,-0.0233,-0.0458,3.2872,5.0949,6.1316,-0.0520,0.0333,-0.0498
1.9130,9.3972,0.0503,-0.0786,-0.0240,-0.0390,3.4046,5.1284,5.9855,-0.0578,0.0316,-0.0580
1.6951,9.4978,0.1484,-0.0376,0.0628,-0.0392,3.1388,5.1595,5.9568,-0.0121,0.0441,-0.0109
1.8316,9.4116,0.0383,-0.0396,-0.0140,-0.0017,3.1747,5.1188,6.2130,-0.0533,-0.0179,0.0041
1.8699,9.3853,-0.1508,-0.0690,-0.0101,0.0187,3.5219,5.1499,5.8347,-0.0699,-0.0256,0.0091
2.1979,9.3087,-0.0431,-0.1010,-0.0007,-0.0023,3.6583,5.0063,6.2369,-0.0609,-0.0039,0.0099
2.0375,9.4068,0.2562,-0.0833,-0.0266,-0.0031,3.4884,4.9728,6.3015,-0.0693,-0.0128,-0.0163
2.0423,9.3398,-0.1460,-0.0557,-0.0306,-0.0115,3.5099,5.1643,5.9280,-0.0445,-0.0360,-0.0286
2.1476,9.3613,0.0982,-0.1711,-0.0262,0.0031,3.3854,4.8602,6.4811,-0.0935,0.0217,0.0043
2.0734,9.4284,0.2490,-0.0769,0.0137,-0.0160,3.3974,5.0518,6.1938,-0.0333,0.0201,0.0203
2.0542,9.3541,0.0168,-0.0566,-0.0533,0.0008,3.4213,5.0039,6.1603,-0.0446,-0.0528,0.0009
1.8986,9.3422,-0.1197,-0.0584,0.0258,-0.0274,3.4285,5.2146,5.8634,-0.0276,0.0000,-0.0016
2.0997,9.3206,-0.0694,-0.0954,-0.0413,0.0055,3.3279,5.0302,6.3279,-0.0577,-0.0135,-0.0015
2.1859,9.4068,0.1532,-0.0978,-0.0408,0.0071,3.4117,4.9440,6.2034,-0.0725,0.0029,-0.0037
2.2098,9.3661,0.1508,-0.0614,-0.0298,-0.0277,3.2992,4.8626,6.2082,-0.0229,0.0087,-0.0055
1.9178,9.3781,-0.1125,-0.0697,-0.0101,-0.0245,3.5721,5.2146,6.0454,-0.0276,-0.0237,-0.0073
1.9561,9.3063,0.0096,-0.0749,0.0304,-0.0203,3.0909,5.0685,5.9592,-0.0502,0.0474,-0.0024
2.1189,9.3182,-0.1269,-0.1070,-0.0220,-0.0167,3.3806,5.0470,6.2249,-0.0632,0.0165,-0.0152
1.9561,9.3709,0.0503,-0.0906,-0.0290,-0.0077,3.1580,5.0637,6.1746,-0.0665,0.0061,0.0031
2.1548,9.3182,0.1724,-0.1131,-0.0234,-0.0015,3.5027,4.9440,6.3327,-0.0734,-0.0028,-0.0028
2.2218,9.3182,0.1604,-0.0606,0.0135,-0.0285,3.4788,4.8914,6.4979,-0.0185,0.0183,0.0005
1.9848,9.3853,-0.0742,-0.0835,-0.0388,-0.0236,3.4189,5.0350,6.0430,-0.0601,0.0157,-0.0341
1.8483,9.3877,0.0575,-0.1038,0.0001,-0.0358,3.2944,5.1212,6.0166,-0.0562,0.0352,-0.0305
2.0183,9.3637,0.0790,-0.1200,-0.0081,-0.0242,3.3064,5.0398,6.1339,-0.0839,0.0652,-0.0413
2.1069,9.3829,0.2107,-0.0902,0.0350,-0.0525,3.3998,4.9129,6.2920,-0.0127,0.0301,-0.0047
2.0279,9.2727,0.0862,-0.0881,-0.0510,-0.0298,3.3543,5.0015,6.2537,-0.0534,-0.0029,-0.0470
1.9680,9.3613,0.0934,-0.0962,-0.0513,-0.0404,3.3184,5.0230,6.1531,-0.0493,-0.0183,-0.0604
2.1045,9.3661,0.0455,-0.1083,-0.0464,-0.0612,3.3974,4.9464,6.2991,-0.0510,0.0349,-0.0875
2.0207,9.3709,0.1820,-0.0943,0.0153,-0.0855,3.4405,5.0302,6.1316,0.0013,0.0405,-0.0618
2.0039,9.3326,-0.0646,-0.1188,-0.0636,-0.0813,3.4357,4.9919,6.0813,-0.0460,0.0268,-0.0930
1.9321,9.3494,0.2538,-0.1363,-0.0147,-0.1136,3.3303,5.1164,6.2058,-0.0440,0.0762,-0.1095
1.7549,9.3925,0.2610,-0.0890,-0.0276,-0.1198,2.8563,5.0853,6.1962,-0.0084,0.0637,-0.0983
1.5897,9.3853,0.1269,-0.0663,-0.0230,-0.0962,2.7557,5.2433,6.2130,0.0017,0.0237,-0.0612
1.5419,9.3589,0.0287,-0.0894,-0.0492,-0.0701,3.0239,5.3151,5.9017,-0.0373,-0.0053,-0.0695
1.5562,9.4140,0.3352,-0.0901,0.0136,-0.0590,2.8683,5.2385,6.3255,-0.0380,0.0586,-0.0373
1.5562,9.4691,0.2227,-0.0590,-0.0101,-0.0374,2.8898,5.2050,6.0597,-0.0181,0.0097,-0.0161
1.6544,9.3877,0.1173,-0.0616,-0.0229,-0.0249,3.0167,5.2768,6.2082,-0.0245,-0.0012,-0.0171
1.5251,9.4236,0.2538,-0.0761,-0.0374,-0.0015,2.9425,5.2984,6.2752,-0.0437,-0.0308,0.0015
1.4916,9.4451,0.3376,-0.0667,0.0011,0.0085,2.9185,5.3079,6.2800,-0.0562,0.0177,0.0145
0.8811,9.5337,0.2035,-0.0282,0.0384,0.0731,2.3104,5.5929,6.0885,-0.0374,0.0099,0.1009
1.3312,9.4379,0.0958,-0.0484,0.0052,0.1765,2.8299,5.4971,6.0693,-0.1267,-0.0785,0.1639
0.9457,9.4978,0.3184,-0.0203,0.0598,0.2892,2.2194,5.5952,5.9927,-0.1371,-0.1046,0.3007
0.7685,9.5217,-0.0024,0.0029,0.0919,0.4527,2.1356,5.6072,5.8802,-0.2426,-0.1300,0.4603
1.3479,9.3087,0.0838,0.0329,0.2145,0.5556,2.8060,5.3510,5.7293,-0.2591,-0.1139,0.5801
1.5850,9.1339,-0.3711,0.0052,0.1378,0.6891,3.2250,5.1858,5.5162,-0.3275,-0.2403,0.6731
2.1883,8.8777,-0.8595,-0.1187,0.2169,0.7757,4.0223,4.8267,4.8387,-0.4771,-0.1013,0.7151
3.2010,8.6622,-0.4166,-0.3545,0.0734,0.9305,4.5418,3.9720,5.5354,-0.7995,-0.1310,0.7121
3.7852,8.5617,0.9433,-0.3103,0.0596,0.9214,4.0701,2.9999,7.2760,-0.7493,-0.1480,0.7037
4.7956,8.1858,0.5291,-0.2747,0.0440,0.8418,4.9919,2.4301,6.9480,-0.6455,-0.1299,0.6336
4.7094,8.0685,1.1061,-0.2277,0.1398,0.7735,4.7070,2.1069,7.1084,-0.6138,-0.0617,0.6273
5.3798,7.9895,0.8978,-0.2244,0.1653,0.6807,4.7405,1.6903,7.1443,-0.5171,0.0035,0.5975
5.6096,7.8697,1.1803,-0.1541,0.1059,0.6086,5.0613,1.4341,7.0222,-0.4238,-0.0758,0.5133
5.9304,7.7381,1.1229,-0.1078,0.1475,0.5061,5.1116,1.1588,7.0533,-0.3263,0.0035,0.4739
5.9879,7.6136,1.0367,-0.1023,0.0666,0.4422,5.4468,1.1684,6.9743,-0.3175,-0.0814,0.3624
6.3494,7.4268,1.1181,-0.0877,0.0678,0.3757,5.5785,0.7805,7.3215,-0.2186,-0.0859,0.3247
6.2632,7.4723,1.0894,-0.0473,0.0982,0.2413,5.5545,0.8068,7.1036,-0.1348,-0.0502,0.2638
6.3662,7.4412,0.9984,-0.0520,0.0205,0.1812,5.7748,0.8452,6.8857,-0.1267,-0.0773,0.1556
6.3949,7.3430,0.9649,-0.0629,0.0814,0.0891,5.5354,0.7757,6.8738,-0.0556,0.0052,0.1243
6.0358,7.3861,0.9385,-0.1062,-0.0119,0.0837,5.3510,0.8571,6.9049,-0.1037,-0.0151,0.0739
6.2058,7.3670,0.8715,-0.0742,0.0173,0.0341,5.5138,0.9122,6.9001,-0.0710,0.0051,0.0397
5.9831,7.4101,1.0343,-0.0449,-0.0147,0.0183,5.2050,0.9529,6.8067,-0.0602,-0.0228,0.0172
5.9951,7.3861,1.0894,-0.0859,-0.0242,0.0077,5.2122,0.8547,6.8857,-0.0446,0.0043,-0.0012
5.9400,7.3885,0.9170,-0.0530,-0.0374,0.0077,5.3247,1.0056,6.8690,-0.0588,-0.0278,-0.0177
5.8778,7.4436,0.9864,-0.0532,0.0200,-0.0234,5.2553,1.1372,6.6248,-0.0353,0.0108,-0.0143
5.9568,7.4172,0.9673,-0.0918,0.0024,-0.0188,5.3726,1.0582,6.7205,-0.0464,0.0354,-0.0175
6.0071,7.4053,0.8428,-0.1288,-0.0906,-0.0128,5.3415,0.9697,6.8115,-0.0850,-0.0248,-0.0465
5.9999,7.3358,1.0343,-0.0981,-0.0103,-0.0316,5.1547,0.9337,7.0509,-0.0345,-0.0023,-0.0203
5.7868,7.4795,1.0582,-0.0933,0.0085,-0.0417,5.1619,1.0678,6.8235,-0.0409,0.0400,-0.0396
5.8395,7.4460,1.0367,-0.0687,-0.0141,-0.0366,4.9057,1.0463,6.9623,-0.0196,0.0277,-0.0055
5.7197,7.5034,0.9266,-0.0616,0.0019,-0.0181,5.0350,1.1349,6.5912,-0.0265,0.0056,0.0116
5.7437,7.5034,1.0319,-0.0730,-0.0031,0.0032,4.9823,1.1253,6.8570,-0.0504,0.0152,0.0059
5.9065,7.4364,1.0463,-0.0698,0.0040,0.0147,5.2146,0.9385,6.9360,-0.0350,0.0035,0.0220
6.0262,7.4579,0.9050,-0.0771,0.0017,-0.0159,5.3606,1.0008,6.7253,-0.0474,-0.0053,-0.0270
5.9783,7.3957,1.1564,-0.0801,0.0242,-0.0253,5.1404,0.9697,7.0916,-0.0199,0.0249,0.0169
5.9113,7.4962,0.8739,-0.0737,-0.0346,-0.0232,5.2457,1.0391,6.8067,-0.0584,0.0079,-0.0370
5.9161,7.4555,1.0271,-0.0554,0.0169,-0.0394,5.2696,1.0726,6.9767,-0.0117,-0.0024,-0.0201
5.9568,7.4531,0.8595,-0.0783,0.0072,-0.0428,5.2409,1.0846,6.9623,-0.0056,0.0380,-0.0133
5.8203,7.4939,0.9337,-0.0755,-0.0646,-0.0173,4.9584,1.0918,6.7325,-0.0472,-0.0112,-0.0236
5.7437,7.4603,0.9792,-0.0618,0.0225,-0.0314,5.1164,1.1109,6.7038,-0.0141,0.0100,-0.0125
5.8682,7.4196,0.8188,-0.0970,0.0084,-0.0238,5.3367,1.1708,6.7876,-0.0232,0.0141,0.0007
5.6958,7.5705,0.9912,-0.1148,-0.0253,-0.0131,5.0350,1.1899,6.7876,-0.0857,0.0115,-0.0115
5.8754,7.5274,1.1540,-0.0883,0.0265,-0.0152,5.0925,1.0558,7.0797,-0.0548,0.0402,0.0181
5.9592,7.4819,1.0223,-0.0853,0.0249,-0.0215,5.2601,1.1708,7.0006,-0.0163,0.0171,0.0031
5.7892,7.6423,0.9026,-0.0490,-0.0533,-0.0128,5.0494,1.2067,6.9240,-0.0466,-0.0342,-0.0191
5.9041,7.5417,1.1229,-0.0414,0.0187,-0.0330,5.1068,1.1109,6.8953,-0.0101,0.0004,0.0025
5.9065,7.4244,0.8739,-0.0151,-0.0313,-0.0097,5.2768,1.2115,6.8163,-0.0175,-0.0300,-0.0119
5.8682,7.5226,1.1181,-0.0472,-0.0065,-0.0193,5.3319,1.2785,6.6990,-0.0225,0.0095,-0.0192
5.8275,7.3933,1.0415,-0.0624,0.0274,-0.0163,5.1667,1.1684,6.8259,-0.0397,0.0358,-0.0044
5.8945,7.3909,0.9816,-0.0670,-0.0115,-0.0128,5.3319,1.1037,6.7516,-0.0237,-0.0308,0.0089
5.8514,7.4962,0.9768,-0.0874,-0.0220,-0.0128,5.1787,1.1636,6.8307,-0.0369,-0.0216,-0.0112
5.8059,7.4986,0.7590,-0.1087,-0.0173,-0.0029,4.9464,1.1372,6.8594,-0.0536,0.0025,0.0358
5.9233,7.5082,1.1516,-0.0663,-0.0207,-0.0107,5.1643,1.0965,7.0461,-0.0211,-0.0404,0.0175
5.8083,7.3861,0.8045,-0.0585,-0.0144,-0.0055,4.9680,1.1253,6.8235,-0.0230,-0.0087,0.0218
5.7844,7.4723,0.8140,-0.0734,-0.0400,0.0001,4.9871,1.1253,6.6846,-0.0618,-0.0120,0.0099
5.8299,7.4292,0.9553,-0.0786,-0.0160,0.0140,5.0494,1.0918,6.7516,-0.0649,-0.0065,0.0352
5.9664,7.4795,0.9888,-0.0906,-0.0236,0.0105,5.2194,1.0582,6.8235,-0.0661,-0.0073,0.0035
5.9711,7.4675,0.8930,-0.0715,-0.0314,-0.0080,5.1930,0.9720,7.0653,-0.0364,-0.0181,0.0013
5.8131,7.5369,0.9194,-0.0671,-0.0017,-0.0184,5.0542,1.1612,6.7756,-0.0361,0.0051,0.0076
5.9448,7.4053,0.8787,-0.0765,-0.0280,-0.0161,5.0709,1.0080,6.8331,-0.0309,-0.0092,-0.0077
5.7940,7.4747,0.9577,-0.0893,-0.0434,-0.0025,4.9608,1.1037,6.7445,-0.0753,-0.0159,0.0121
5.8538,7.4508,0.9266,-0.0789,0.0254,-0.0215,5.0589,1.1612,6.9791,-0.0229,0.0437,0.0175
5.8059,7.5226,0.7925,-0.0897,-0.0140,-0.0241,5.3295,1.2546,6.6726,-0.0489,0.0017,-0.0189
5.8514,7.4699,1.0511,-0.0785,-0.0081,-0.0008,5.1284,1.1372,6.9480,-0.0369,-0.0024,0.0088
5.7676,7.4915,0.9888,-0.1078,-0.0393,-0.0059,5.2002,1.1995,6.5793,-0.0857,-0.0009,-0.0426
5.8969,7.3741,0.9768,-0.0863,0.0195,-0.0103,5.1308,1.0534,7.0725,-0.0264,0.0144,0.0165
5.8490,7.5178,0.9026,-0.0778,-0.0401,-0.0089,5.2960,1.1923,6.8307,-0.0612,-0.0105,-0.0340
5.9161,7.5034,0.8882,-0.0513,0.0136,-0.0249,5.2313,1.0319,7.1132,-0.0029,0.0017,0.0157
5.8227,7.4531,1.1205,-0.0715,-0.0183,-0.0135,5.3391,1.2234,6.6104,-0.0344,-0.0304,-0.0044
5.8251,7.5106,0.9170,-0.0845,0.0056,-0.0329,5.2026,1.2354,6.7660,-0.0330,0.0274,-0.0294
5.6192,7.5633,1.0726,-0.0959,-0.0458,0.0143,4.7214,1.1971,6.9049,-0.0694,0.0015,-0.0008
5.7676,7.5369,0.9457,-0.0706,-0.0031,0.0345,5.0877,1.2426,6.6774,-0.0682,0.0019,0.0473
5.8419,7.4531,0.9074,-0.0759,0.0136,0.0233,5.1882,1.1013,6.6750,-0.0540,0.0065,0.0472
5.9520,7.4053,1.0080,-0.0941,-0.0461,0.0310,5.1260,0.9864,6.8450,-0.0853,-0.0152,0.0169
6.0525,7.3837,0.9002,-0.0464,-0.0421,0.0108,5.3606,0.8643,7.0030,-0.0458,-0.0372,0.0127
6.0597,7.4388,0.7470,-0.0554,-0.0458,-0.0137,5.5186,1.0223,6.8331,-0.0426,-0.0294,-0.0091
5.8586,7.4101,1.0367,-0.0478,0.0033,-0.0520,5.2241,1.1181,6.8187,-0.0421,0.0253,-0.0312
5.8514,7.4723,1.0295,-0.0092,-0.0249,-0.0472,5.0446,1.1061,6.8738,-0.0049,-0.0059,-0.0340
5.7796,7.5944,0.7326,-0.0602,-0.0277,-0.0276,5.1811,1.2186,6.7109,-0.0248,0.0039,-0.0196
5.7341,7.5537,0.9792,-0.0584,-0.0229,-0.0177,5.1188,1.2067,6.7804,-0.0444,-0.0003,-0.0123
5.7676,7.4484,1.1468,-0.0711,-0.0004,0.0099,5.0829,1.1851,6.9216,-0.0669,0.0051,0.0184
5.9592,7.5034,0.9266,-0.0715,0.0157,0.0092,5.1739,1.0942,6.8833,-0.0296,0.0061,0.0402
5.9592,7.4364,0.7590,-0.0718,-0.0322,0.0043,5.2936,1.0942,6.8426,-0.0594,0.0041,0.0013
6.0478,7.4531,0.8763,-0.0593,-0.0358,0.0015,5.0589,0.9337,6.8642,-0.0406,-0.0159,0.0189
6.0214,7.4675,0.5555,-0.0646,-0.0203,-0.0250,5.4995,1.0654,6.6631,-0.0264,-0.0045,-0.0096
5.7772,7.5250,0.7781,-0.0963,-0.0197,-0.0233,5.0973,1.2043,6.6631,-0.0699,0.0266,-0.0152
5.8706,7.4723,1.0199,-0.1049,-0.0453,0.0049,5.0015,1.0056,6.9791,-0.0707,-0.0056,-0.0072
5.7988,7.5705,0.9625,-0.0510,0.0008,-0.0172,5.2289,1.2378,6.7325,-0.0380,0.0045,-0.0031
5.8969,7.4531,0.8619,-0.0773,0.0262,-0.0264,5.3079,1.1899,6.7157,-0.0252,0.0465,-0.0020
5.9017,7.4891,1.0295,-0.0965,-0.0560,0.0203,5.1954,1.1037,6.7876,-0.0845,-0.0224,0.0063
5.8610,7.5513,0.9864,-0.0470,0.0171,0.0003,5.2672,1.0774,6.9504,-0.0236,-0.0092,0.0290
5.7988,7.5106,0.8643,-0.0811,0.0021,-0.0061,5.2792,1.2067,6.6295,-0.0529,0.0063,-0.0029
5.9831,7.3813,0.9768,-0.1094,0.0132,-0.0104,5.2146,1.0463,7.0246,-0.0554,0.0464,0.0147
6.0023,7.5274,1.0678,-0.1103,-0.0542,0.0095,5.2984,1.0295,7.0294,-0.0794,-0.0159,-0.0137
6.0214,7.4699,1.2186,-0.0638,0.0041,-0.0262,4.9823,0.9864,7.0868,-0.0265,0.0127,0.0104
5.9089,7.5154,1.1229,-0.0155,-0.0858,-0.0103,5.0446,1.0008,7.1156,0.0005,-0.0839,-0.0047
5.7700,7.4939,0.7135,-0.0276,0.0103,-0.0314,5.2289,1.2737,6.4308,0.0028,0.0025,-0.0031
5.7988,7.4555,0.6249,-0.1006,0.0442,-0.0096,5.1643,1.1827,6.7038,-0.0568,0.0957,0.0191
5.8802,7.5465,0.8140,-0.1500,-0.0269,0.0213,5.1811,1.0630,6.9384,-0.1214,0.0570,0.0073
5.9711,7.5513,1.2234,-0.0937,-0.0097,0.0075,5.1140,1.0008,6.9863,-0.0746,0.0127,0.0071
5.9687,7.5082,1.0846,-0.0576,-0.0261,0.0025,5.1547,0.9577,6.9695,-0.0497,-0.0312,-0.0019
5.9185,7.5034,0.8499,-0.0480,0.0304,-0.0241,5.3343,1.1803,6.6583,-0.0107,0.0101,-0.0071
5.8395,7.3957,0.7925,-0.0798,-0.0308,-0.0037,5.0901,1.1181,6.7445,-0.0625,0.0173,-0.0039
5.8658,7.5082,1.1253,-0.0677,-0.0261,0.0077,5.1068,0.9888,6.8498,-0.0629,-0.0270,0.0221
5.9496,7.3885,0.9457,-0.0733,0.0167,-0.0021,5.0949,0.9768,6.9552,-0.0462,0.0137,0.0265
5.7772,7.4843,0.7949,-0.0927,-0.0103,0.0013,5.2481,1.2067,6.5936,-0.0713,0.0100,0.0021
5.9616,7.4340,0.9960,-0.0777,-0.0049,0.0045,5.0589,0.9816,6.9743,-0.0654,0.0203,-0.0019
6.0023,7.4747,0.8691,-0.0731,-0.0033,-0.0071,5.2385,0.9984,7.0030,-0.0348,0.0161,-0.0036
5.9209,7.4555,0.8428,-0.0909,-0.0260,-0.0081,5.2744,1.1013,6.6607,-0.0512,-0.0051,0.0031
5.8921,7.4795,0.9146,-0.0731,-0.0246,0.0093,5.1092,1.0702,6.8019,-0.0377,-0.0301,0.0053
5.9376,7.4388,0.9433,-0.0601,-0.0072,0.0057,5.3032,1.0630,6.7660,-0.0485,-0.0238,0.0029
5.9687,7.4603,0.7925,-0.0542,-0.0085,-0.0020,5.2385,1.0511,6.7852,-0.0450,-0.0068,-0.0028
6.0406,7.3382,1.1540,-0.0609,-0.0200,-0.0020,5.2696,0.9002,6.8666,-0.0513,-0.0181,-0.0089
6.0310,7.4053,1.1229,-0.0321,0.0037,-0.0157,5.2313,0.9864,6.8857,-0.0120,-0.0209,0.0001
5.8490,7.3670,0.6536,-0.0553,-0.0220,-0.0043,5.4396,1.1779,6.4859,-0.0394,-0.0342,-0.0053
5.8466,7.5034,0.8643,-0.0855,-0.0003,-0.0029,5.2840,1.0726,6.7995,-0.0755,0.0165,-0.0117
6.3375,7.2233,1.4533,-0.0622,-0.0588,0.0008,5.0230,0.7925,7.1587,-0.0290,-0.0245,0.0112
6.0358,7.3574,1.0247,-0.0490,-0.0238,-0.0132,5.3103,0.9744,6.8977,-0.0221,-0.0063,-0.0168
5.9448,7.3287,0.5507,-0.0801,-0.0040,-0.0232,5.3678,1.0487,6.6224,-0.0589,0.0314,-0.0192
5.9161,7.5369,1.0319,-0.1029,-0.0306,0.0055,5.1643,1.0487,6.7062,-0.0898,-0.0124,-0.0137
6.0693,7.4268,1.0726,-0.0798,0.0492,-0.0121,5.2337,0.8811,6.8618,-0.0414,0.0297,0.0097
6.0094,7.4029,0.7590,-0.0930,-0.0626,0.0008,5.3486,1.0774,6.6128,-0.0723,-0.0365,-0.0337
6.0166,7.4340,0.9218,-0.1106,0.0276,-0.0120,5.1547,0.9816,6.9695,-0.0560,0.0653,0.0201
6.0645,7.3837,1.0965,-0.0564,-0.0504,0.0045,5.3678,0.9242,6.8498,-0.0530,-0.0404,-0.0075
6.0406,7.3550,0.8092,-0.0293,0.0076,-0.0318,5.2361,0.9673,6.8235,0.0056,-0.0175,0.0043
5.8562,7.4053,0.6488,-0.0950,-0.0400,-0.0139,5.2026,1.1564,6.5721,-0.0634,0.0148,-0.0095
5.8921,7.5010,1.0606,-0.0947,-0.0329,0.0249,5.1332,0.9673,6.8067,-0.1013,-0.0241,0.0095
6.2106,7.4101,0.9505,-0.0520,-0.0593,-0.0071,5.4875,0.8811,6.7038,-0.0472,-0.0653,-0.0261
6.1363,7.3957,0.8787,-0.0209,0.0220,-0.0586,5.4660,1.0750,6.5553,0.0208,-0.0173,-0.0364
6.0382,7.3430,0.6321,-0.0469,0.0248,-0.0448,5.4540,1.0080,6.7732,0.0053,0.0180,-0.0023
5.9113,7.4053,0.6440,-0.1062,-0.0504,-0.0276,5.3870,1.1636,6.5793,-0.0585,0.0089,-0.0438
5.7461,7.4699,0.7973,-0.1094,-0.0354,-0.0057,5.0733,1.1372,6.7564,-0.0813,0.0065,-0.0127
5.8993,7.4053,0.8643,-0.1054,0.0088,0.0084,5.3032,1.0127,6.8881,-0.0714,0.0177,0.0169
6.0118,7.4316,0.7518,-0.0915,0.0269,-0.0176,5.4708,1.0558,6.6367,-0.0441,0.0208,0.0041
6.1100,7.3382,0.9720,-0.1079,-0.0453,-0.0003,5.3798,1.0008,6.8738,-0.0650,-0.0137,0.0007
6.0932,7.4148,1.1612,-0.0340,-0.0061,-0.0151,5.2768,0.8643,6.9504,-0.0200,-0.0004,-0.0043
6.0071,7.4555,0.6321,-0.0345,-0.0107,-0.0242,5.4133,1.1468,6.5936,-0.0095,-0.0316,-0.0152
5.8610,7.3813,0.5555,-0.0929,0.0092,-0.0252,5.2002,1.1588,6.6272,-0.0561,0.0550,-0.0104
5.9711,7.4124,0.9625,-0.1116,-0.0461,0.0179,5.1906,0.9912,6.9623,-0.0536,-0.0325,0.0241
6.0693,7.4603,1.0104,-0.0889,-0.0063,0.0088,5.1906,0.8595,6.9504,-0.0702,0.0017,0.0377
6.0238,7.4412,0.7063,-0.0967,0.0244,-0.0265,5.4708,1.0391,6.7588,-0.0313,0.0404,0.0087
5.8826,7.4196,0.9553,-0.0838,-0.0333,0.0035,5.0996,0.9625,6.7684,-0.0648,-0.0024,-0.0254
6.0693,7.3765,0.8715,-0.0971,-0.0738,0.0232,5.2194,0.8643,6.9456,-0.0895,-0.0446,-0.0180
6.2560,7.4340,0.8260,-0.0970,0.0665,-0.0320,5.4612,0.8667,7.0126,0.0129,0.0761,0.0308
6.0118,7.3670,0.8787,-0.1183,-0.0731,0.0008,5.2433,0.9457,6.6870,-0.0901,-0.0079,-0.0265
6.0741,7.4220,0.8140,-0.0481,0.0754,-0.0325,5.4947,1.0463,6.6535,-0.0057,0.0300,0.0161
6.0741,7.3741,0.8308,-0.1094,0.0023,-0.0204,5.2505,0.8475,7.0174,-0.0544,0.0356,-0.0044
6.1148,7.3861,0.8739,-0.0795,-0.0417,-0.0076,5.2840,0.8787,6.9983,-0.0406,-0.0205,0.0012
6.0430,7.4172,0.8045,-0.0691,-0.0079,-0.0310,5.1691,0.9290,6.8714,-0.0144,-0.0108,0.0140
5.9735,7.4412,0.8930,-0.1046,-0.0205,-0.0131,5.3654,1.0870,6.6702,-0.0683,0.0096,-0.0205
6.1435,7.4579,1.1947,-0.0938,0.0109,-0.0195,5.3295,0.9361,6.9599,-0.0405,0.0258,-0.0081
6.0166,7.3598,1.0175,-0.0548,-0.0077,-0.0261,5.3941,1.0487,6.7732,-0.0183,-0.0037,-0.0120
5.8586,7.3550,0.8428,-0.1086,-0.0035,-0.0257,5.2601,1.1540,6.6295,-0.0565,0.0336,-0.0216
5.9041,7.3957,1.0774,-0.1234,0.0065,-0.0139,5.2792,0.9840,6.9552,-0.0690,0.0346,0.0011
6.1196,7.4029,1.2163,-0.0934,-0.0245,-0.0119,5.2888,0.8475,7.0892,-0.0577,0.0040,-0.0177
5.9616,7.4771,0.8140,-0.0516,0.0340,-0.0456,5.2241,1.0702,6.7038,-0.0004,0.0297,-0.0091
5.8323,7.3957,0.7853,-0.1033,-0.0572,-0.0073,5.0637,1.0558,6.7181,-0.0666,-0.0092,-0.0169
6.0358,7.3694,1.0774,-0.0613,-0.0242,0.0043,5.1332,0.9960,6.8283,-0.0478,-0.0015,0.0088
6.0501,7.4172,0.7829,-0.0632,-0.0328,-0.0060,5.3893,1.0008,6.6774,-0.0494,-0.0258,-0.0256
6.0765,7.3957,1.1277,-0.0951,0.0218,-0.0144,5.1595,0.8691,6.8714,-0.0496,0.0570,0.0003
6.0597,7.4891,1.0080,-0.0633,-0.0420,-0.0129,5.1858,0.9409,6.8163,-0.0456,-0.0019,-0.0200
5.9903,7.4053,0.9218,-0.0755,-0.0059,-0.0145,5.1715,1.0151,6.7253,-0.0385,0.0020,-0.0011
5.8538,7.3765,0.9218,-0.0850,-0.0304,0.0079,5.2912,1.0750,6.7373,-0.0641,-0.0285,-0.0055
6.0118,7.3813,1.0439,-0.0693,-0.0044,0.0011,5.3056,0.9361,6.9935,-0.0468,0.0073,0.0125
6.0693,7.3358,0.9146,-0.0534,-0.0520,-0.0013,5.3367,1.0247,6.7780,-0.0485,-0.0392,-0.0056
5.9592,7.4005,0.9218,-0.0709,0.0169,-0.0141,5.2936,1.0511,6.6439,-0.0438,0.0241,-0.0129
6.0813,7.3550,0.7207,-0.0991,-0.0305,-0.0065,5.3103,0.9266,6.7301,-0.0501,0.0143,-0.0020
6.1268,7.3909,0.8787,-0.0927,-0.0601,0.0081,5.1667,0.8643,6.9839,-0.0705,-0.0204,-0.0025
6.0525,7.4077,1.0702,-0.0765,-0.0422,-0.0039,5.3199,0.9912,6.8115,-0.0626,-0.0406,-0.0099
5.9376,7.3670,1.2474,-0.0667,0.0225,-0.0228,5.2672,0.9146,6.8833,-0.0348,0.0083,-0.0079
6.0813,7.3909,0.8739,-0.0449,0.0071,-0.0213,5.3510,1.0008,6.8091,-0.0103,-0.0040,0.0003
5.9735,7.4220,0.8212,-0.0702,-0.0360,-0.0121,5.2170,0.9864,6.8187,-0.0354,-0.0029,0.0019
5.9592,7.3334,0.8260,-0.0706,-0.0757,0.0147,5.2074,0.8787,6.9983,-0.0678,-0.0444,-0.0057
6.1339,7.3622,0.9768,-0.0622,0.0350,-0.0148,5.3678,0.9385,6.8354,-0.0209,0.0165,0.0049
6.1770,7.4340,0.9601,-0.0640,-0.0428,-0.0181,5.3893,0.9601,6.8139,-0.0340,-0.0163,-0.0298
6.0094,7.4101,0.8188,-0.0689,-0.0081,-0.0344,5.1427,0.9744,6.9528,-0.0111,0.0095,-0.0071
5.9352,7.3526,0.9792,-0.0871,-0.0490,0.0043,5.1715,0.9601,6.9001,-0.0665,-0.0352,-0.0041
6.0238,7.3263,0.9337,-0.0885,-0.0109,-0.0096,5.2696,1.0223,6.8307,-0.0493,0.0037,0.0033
6.2249,7.3406,1.0654,-0.0669,-0.0433,-0.0084,5.3463,0.9026,7.0030,-0.0528,-0.0116,-0.0280
5.9711,7.3789,0.8906,-0.0498,0.0322,-0.0385,5.4013,1.0630,6.5649,-0.0020,0.0028,-0.0133
5.9592,7.3861,0.6776,-0.1168,-0.0069,-0.0159,5.3056,1.1372,6.6607,-0.0641,0.0392,-0.0148
6.0741,7.3741,1.1253,-0.0985,-0.0421,0.0025,5.2170,0.8523,6.9504,-0.0807,-0.0027,-0.0216
6.0693,7.3646,0.9026,-0.0329,0.0177,-0.0397,5.3726,0.9433,6.8043,0.0097,0.0116,-0.0019
5.8179,7.4172,0.7278,-0.0835,-0.0381,-0.0091,5.1906,1.1109,6.6702,-0.0416,-0.0175,-0.0079
5.9783,7.3765,1.0463,-0.0881,-0.0418,0.0124,5.1404,0.9337,6.9073,-0.0806,-0.0141,-0.0015
6.1124,7.3598,1.0918,-0.0325,0.0140,-0.0145,5.3199,0.9361,6.9288,-0.0033,-0.0124,0.0155
5.9424,7.4819,0.7925,-0.0588,-0.0163,-0.0226,5.4636,1.1540,6.7014,-0.0215,-0.0116,-0.0040
5.8275,7.3765,0.6249,-0.0922,-0.0081,-0.0125,5.2194,1.1061,6.6104,-0.0663,0.0268,-0.0168
6.0166,7.3334,1.1085,-0.1078,-0.0500,0.0256,5.1667,0.8164,6.9576,-0.1001,-0.0037,0.0056
6.2225,7.3861,1.0247,-0.0710,0.0139,-0.0152,5.4755,0.8954,6.8594,-0.0342,-0.0023,0.0040
6.0166,7.4508,0.8404,-0.0731,-0.0205,-0.0175,5.2936,0.9720,6.7900,-0.0337,-0.0055,-0.0191
5.9424,7.3694,0.8356,-0.0871,-0.0032,-0.0180,5.3391,1.0582,6.5601,-0.0552,0.0131,-0.0109
5.9568,7.3598,0.9481,-0.0866,-0.0139,-0.0071,5.2146,0.9840,6.8761,-0.0616,0.0156,-0.0072
6.1603,7.3765,0.8691,-0.0793,-0.0045,-0.0103,5.3367,1.0008,6.9216,-0.0253,0.0076,-0.0017
5.8610,7.4388,0.9577,-0.0857,-0.0440,-0.0028,5.1140,1.0104,6.8402,-0.0723,-0.0068,-0.0121
6.0238,7.3406,0.9098,-0.0733,0.0177,-0.0004,5.3056,0.9505,6.7277,-0.0502,0.0163,0.0083
6.1339,7.2975,1.0822,-0.0998,0.0237,-0.0262,5.3199,0.9050,6.7971,-0.0505,0.0560,-0.0092
6.1363,7.3502,1.0032,-0.0695,-0.0489,-0.0141,5.2864,0.8930,6.9384,-0.0397,-0.0083,-0.0191
5.9640,7.3598,0.7230,-0.0769,0.0007,-0.0366,5.3678,1.0846,6.4715,-0.0378,0.0218,-0.0200
5.9185,7.3909,0.9409,-0.1182,0.0096,-0.0220,5.1236,1.0487,6.7684,-0.0714,0.0600,-0.0129
6.0813,7.3550,1.1708,-0.0826,-0.0370,-0.0089,5.1954,0.8452,7.0868,-0.0500,-0.0015,-0.0024
6.0118,7.3837,1.0702,-0.0870,0.0153,-0.0372,5.2648,0.9313,6.8474,-0.0349,0.0357,-0.0100
5.9975,7.3765,1.0487,-0.0991,0.0301,-0.0288,5.2505,0.9146,6.8450,-0.0360,0.0396,-0.0051
6.1603,7.3670,0.9218,-0.0802,-0.0393,-0.0261,5.4396,0.8930,6.8905,-0.0498,-0.0125,-0.0300
6.2393,7.3430,0.9122,-0.0581,0.0245,-0.0729,5.4684,0.8667,6.9599,0.0199,0.0340,-0.0290
6.1004,7.3813,0.7685,-0.1095,-0.0293,-0.0914,5.4277,1.0319,6.7181,-0.0209,0.0485,-0.0762
6.1986,7.3574,1.0415,-0.1220,-0.0254,-0.1150,5.3415,0.7973,7.1060,-0.0133,0.0713,-0.0957
6.2513,7.3741,1.1708,-0.1207,0.0033,-0.1945,5.4277,0.9290,7.0078,0.0409,0.0934,-0.1455
5.9568,7.3502,0.9649,-0.1110,-0.0177,-0.2306,5.3175,1.0271,6.9192,0.0661,0.1106,-0.1905
5.5976,7.5226,1.0989,-0.1356,-0.0710,-0.2161,4.9201,1.2881,7.0366,0.0065,0.0715,-0.2128
5.4636,7.6614,1.2330,-0.1005,-0.0021,-0.2214,4.6950,1.3886,6.8402,0.0614,0.0882,-0.1724
5.4851,7.7764,0.9170,-0.1403,-0.0480,-0.2149,4.9536,1.4796,6.8426,0.0260,0.0882,-0.1823
5.4492,7.7405,1.1708,-0.1179,-0.0076,-0.2278,4.7597,1.5610,7.0150,0.0666,0.0973,-0.1815
5.2337,7.7213,1.1253,-0.1045,-0.0861,-0.1707,4.6639,1.6376,7.0605,0.0128,0.0258,-0.1640
4.9895,7.8171,0.9266,-0.0862,0.0088,-0.1604,4.6471,1.7933,6.8067,0.0321,0.0663,-0.1119
5.0111,7.8769,1.2522,-0.1380,-0.0189,-0.1268,4.4197,1.8364,6.9288,-0.0233,0.0938,-0.1126
4.9871,7.9200,1.0606,-0.0691,-0.0400,-0.0714,4.6232,1.8316,7.0390,-0.0120,-0.0055,-0.0497
4.9728,7.9104,1.4700,-0.1049,0.0131,-0.0731,4.2713,1.7741,7.0581,-0.0354,0.0726,-0.0450
5.1236,7.9200,1.1277,-0.0925,0.0213,-0.0464,4.6902,1.8316,7.1994,-0.0113,0.0308,-0.0152
4.9632,7.9416,1.2689,-0.0457,-0.0665,-0.0277,4.5873,1.8842,6.8570,-0.0310,-0.0735,-0.0352
5.0973,7.8506,1.1229,-0.0570,0.0384,-0.0340,4.5322,1.7262,7.0533,-0.0016,0.0508,0.0099
5.0374,7.8817,0.9912,-0.0810,-0.0596,0.0108,4.7262,1.9154,6.7732,-0.0737,-0.0225,0.0036
5.0781,7.9080,1.2402,-0.0814,-0.0149,0.0148,4.5993,1.6616,7.1419,-0.0632,-0.0199,0.0145
5.2553,7.8051,1.0846,-0.0497,-0.0185,0.0215,4.7046,1.6903,7.1323,-0.0494,-0.0164,0.0284
5.2409,7.8817,0.9050,-0.0601,-0.0025,-0.0004,4.8554,1.7980,6.7612,-0.0301,-0.0019,0.0137
5.2984,7.9104,1.0726,-0.1025,-0.0112,0.0087,4.7453,1.7214,6.9791,-0.0590,0.0061,0.0161
5.2601,7.8578,0.7925,-0.1025,-0.0011,0.0067,4.8123,1.7166,6.7636,-0.0791,0.0364,0.0081
5.3463,7.8506,1.2713,-0.0882,-0.0187,-0.0076,4.7405,1.6352,7.1299,-0.0703,0.0049,-0.0152
5.3056,7.8219,1.3982,-0.0781,-0.0073,-0.0312,4.6256,1.5874,7.1706,-0.0304,-0.0049,-0.0169
5.2648,7.8266,1.2450,-0.0650,-0.0333,-0.0241,4.6400,1.6137,7.0366,-0.0333,-0.0057,-0.0245
5.1044,7.9559,0.9936,-0.0610,-0.0029,-0.0336,4.7094,1.8196,6.8905,-0.0218,0.0037,-0.0128
5.1212,7.8937,0.9816,-0.0911,-0.0369,-0.0069,4.6471,1.7406,6.9097,-0.0718,0.0052,-0.0180
5.1954,7.8554,1.3216,-0.0725,-0.0039,-0.0041,4.5226,1.7071,7.0533,-0.0424,0.0083,0.0136
5.3247,7.8386,1.2067,-0.0640,-0.0256,-0.0065,4.7884,1.6640,7.1754,-0.0270,-0.0268,-0.0031
5.1044,7.9009,1.2522,-0.0813,-0.0123,-0.0213,4.6998,1.7741,6.8809,-0.0525,0.0096,-0.0218
5.1763,7.8865,1.1205,-0.0902,-0.0103,-0.0083,4.5155,1.6568,7.0797,-0.0588,0.0273,-0.0023
5.1619,7.9128,1.3216,-0.0727,-0.0207,-0.0079,4.6902,1.7358,6.9552,-0.0505,-0.0059,-0.0124
5.2529,7.9104,1.1061,-0.0662,0.0021,-0.0105,4.5777,1.7765,7.0246,-0.0364,0.0051,-0.0041
5.1667,7.8817,1.1013,-0.0723,-0.0149,-0.0107,4.6735,1.7190,7.0509,-0.0348,-0.0019,0.0016
5.1404,7.8219,1.0846,-0.0558,-0.0372,0.0007,4.6926,1.7310,7.0605,-0.0373,-0.0246,0.0091
5.1188,7.8506,1.1229,-0.0842,-0.0137,0.0019,4.7429,1.8148,6.8019,-0.0709,-0.0005,-0.0068
5.2529,7.8434,1.2091,-0.0885,-0.0045,-0.0031,4.5705,1.5658,7.2544,-0.0478,0.0195,0.0004
5.2361,7.8458,1.2282,-0.0610,-0.0273,0.0052,4.6591,1.6879,7.0342,-0.0414,-0.0112,0.0181
5.2481,7.8650,0.9505,-0.0586,-0.0312,-0.0035,4.8100,1.8100,6.9097,-0.0489,-0.0124,-0.0077
5.2289,7.8362,1.1085,-0.0604,-0.0353,0.0185,4.6088,1.7166,7.0030,-0.0641,-0.0290,0.0238
5.2696,7.7692,1.1492,-0.0809,-0.0272,0.0131,4.7046,1.6783,7.1323,-0.0605,-0.0205,0.0120
5.2696,7.7883,1.2019,-0.0777,-0.0009,0.0128,4.7429,1.6999,7.0725,-0.0514,0.0033,0.0127
5.3247,7.8578,1.0774,-0.0628,0.0017,0.0075,4.7549,1.6688,6.9671,-0.0212,-0.0148,0.0314
5.3486,7.8266,1.1468,-0.0730,-0.0456,0.0298,4.7669,1.6568,7.1012,-0.0513,-0.0284,0.0200
5.2337,7.8051,1.1612,-0.0605,-0.0152,0.0260,4.6855,1.6831,7.0270,-0.0548,-0.0290,0.0286
5.2170,7.8147,0.9218,-0.0417,-0.0032,0.0246,4.6998,1.6496,6.8474,-0.0386,-0.0228,0.0382
5.3343,7.8075,1.1995,-0.0618,-0.0294,0.0422,4.6591,1.6448,7.1299,-0.0718,-0.0328,0.0276
5.4899,7.7381,1.1516,-0.0540,0.0004,0.0290,4.7501,1.5251,7.1467,-0.0480,0.0001,0.0380
5.3750,7.7859,1.0942,-0.0593,-0.0301,0.0356,4.8770,1.5969,6.8881,-0.0614,-0.0449,0.0293
5.4803,7.7572,0.9529,-0.0616,0.0035,0.0143,4.9440,1.6209,6.8163,-0.0484,-0.0013,0.0124
5.4731,7.7093,0.8021,-0.1175,0.0256,0.0019,4.9033,1.6400,6.7014,-0.0841,0.0362,0.0177
5.5115,7.7333,1.2067,-0.1159,-0.0281,0.0171,4.7333,1.3575,7.0653,-0.0873,0.0027,0.0151
5.4803,7.7141,1.3815,-0.0849,0.0053,-0.0139,4.9368,1.4413,7.1323,-0.0460,0.0100,0.0008
5.4660,7.7381,1.0678,-0.0733,0.0123,-0.0441,4.9512,1.4892,6.9767,-0.0257,0.0414,-0.0204
5.3175,7.7907,0.9960,-0.0646,-0.0405,-0.0318,4.8937,1.4964,6.9647,-0.0306,-0.0244,-0.0278
5.3079,7.7620,1.1085,-0.0999,-0.0361,-0.0224,4.7046,1.5538,6.9192,-0.0590,0.0059,-0.0230
5.2792,7.8817,1.1636,-0.1038,0.0248,-0.0320,4.5466,1.5467,6.9839,-0.0582,0.0685,-0.0019
5.4013,7.7788,1.1708,-0.0753,0.0131,-0.0258,4.7645,1.5490,7.1395,-0.0302,0.0278,-0.0145
5.3893,7.7692,1.1660,-0.0759,-0.0330,-0.0072,4.8746,1.5179,7.1730,-0.0458,-0.0028,-0.0112
5.2601,7.7261,1.1636,-0.0807,-0.0350,-0.0100,4.6687,1.5610,6.8570,-0.0602,0.0063,-0.0201
5.2912,7.8290,1.2258,-0.0581,0.0156,-0.0181,4.7932,1.6400,6.9599,-0.0200,0.0049,-0.0016
5.3750,7.7524,1.0391,-0.0845,0.0073,-0.0131,4.8890,1.6328,6.8498,-0.0469,0.0164,-0.0016
5.3486,7.7069,1.0894,-0.0913,-0.0514,0.0021,4.7908,1.5706,7.1012,-0.0608,-0.0139,0.0037
5.3870,7.8147,1.4078,-0.0899,-0.0232,-0.0001,4.6471,1.4413,7.1635,-0.0598,-0.0112,-0.0076
5.4348,7.7452,1.2426,-0.0285,0.0056,-0.0230,4.7214,1.4796,7.2209,0.0069,0.0019,0.0045
5.1715,7.7045,0.7781,-0.0886,-0.0558,0.0091,4.8794,1.7502,6.5266,-0.0798,-0.0169,-0.0446
5.3846,7.7979,1.1971,-0.1259,-0.0264,0.0317,4.5657,1.5467,7.1467,-0.1014,0.0129,0.0281
5.5210,7.7692,1.4868,-0.0305,-0.0141,0.0000,4.8243,1.3575,7.1658,-0.0184,-0.0360,0.0101
5.4444,7.7021,0.8021,-0.0234,0.0449,-0.0442,4.9823,1.5754,6.7876,0.0196,0.0192,-0.0005
5.3917,7.7644,1.0008,-0.1087,-0.0691,0.0016,4.8052,1.5993,6.8546,-0.1019,-0.0020,-0.0253
5.4372,7.8602,1.2641,-0.0569,-0.0228,0.0032,4.7669,1.4461,7.0964,-0.0442,-0.0252,-0.0095
5.4085,7.7812,0.9720,-0.0613,-0.0496,0.0000,4.7381,1.6041,6.8402,-0.0421,-0.0353,-0.0354
5.3391,7.7835,1.0487,-0.0739,0.0027,0.0043,4.8219,1.5203,6.9001,-0.0621,0.0193,0.0211
5.5258,7.7237,1.0702,-0.0582,-0.0137,-0.0087,4.8602,1.4820,7.0653,-0.0282,0.0013,0.0083
5.3870,7.7117,1.2713,-0.0546,-0.0242,0.0013,4.8219,1.5060,7.0270,-0.0446,-0.0080,0.0039
5.4300,7.7931,1.1085,-0.0384,-0.0023,-0.0033,4.8483,1.6376,6.8666,-0.0211,-0.0326,0.0199
5.4516,7.7165,1.1492,-0.0633,-0.0103,-0.0035,4.8890,1.5874,7.0413,-0.0441,0.0109,0.0044
5.4540,7.7931,1.0798,-0.0689,0.0025,-0.0180,4.8530,1.5586,6.9599,-0.0346,0.0035,0.0113
5.4564,7.7213,1.2330,-0.0726,-0.0434,-0.0059,4.8219,1.4461,7.0174,-0.0605,-0.0057,-0.0193
5.5330,7.6854,1.1372,-0.0577,0.0301,-0.0292,4.8004,1.5131,7.0485,-0.0175,0.0452,0.0104
5.3870,7.7572,1.0343,-0.0625,-0.0405,-0.0151,4.7788,1.5778,6.9360,-0.0436,-0.0089,-0.0084
5.4013,7.7405,1.0032,-0.0751,-0.0197,-0.0127,4.9656,1.5323,6.9216,-0.0360,-0.0017,-0.0085
5.3582,7.7596,1.0606,-0.0533,-0.0016,-0.0195,4.6807,1.4988,6.8163,-0.0215,0.0057,0.0032
5.4851,7.7476,0.9744,-0.1017,0.0037,-0.0212,4.9608,1.6209,6.8450,-0.0546,0.0274,-0.0117
5.4564,7.7141,1.1372,-0.0818,-0.0121,-0.0139,4.8195,1.5203,7.1347,-0.0469,0.0075,0.0017
5.4779,7.7309,1.2234,-0.0534,-0.0185,-0.0139,4.9584,1.5323,7.1587,-0.0208,-0.0203,-0.0011
5.2433,7.7859,1.0367,-0.0854,-0.0176,-0.0053,4.8578,1.6544,6.9647,-0.0516,-0.0280,0.0111
5.2912,7.8123,1.3503,-0.0829,-0.0469,0.0161,4.8435,1.5562,7.0006,-0.0786,-0.0221,-0.0080
5.4827,7.7859,1.1109,-0.0461,0.0095,-0.0140,4.9201,1.6233,6.8187,-0.0233,-0.0101,-0.0048
5.4899,7.7716,1.0702,-0.0947,0.0117,-0.0167,4.7884,1.5155,6.9623,-0.0477,0.0376,0.0048
5.4372,7.7548,1.0846,-0.0830,-0.0388,0.0012,4.8171,1.5227,6.9959,-0.0514,-0.0189,0.0109
5.3774,7.8123,1.0942,-0.0620,-0.0111,-0.0274,4.9105,1.5969,6.8450,-0.0197,-0.0128,-0.0024
5.2601,7.7835,1.1061,-0.0695,-0.0204,-0.0008,4.7812,1.5371,6.8761,-0.0485,-0.0052,-0.0087
5.4468,7.7357,1.0918,-0.0941,0.0226,-0.0056,4.8483,1.5371,7.1515,-0.0433,0.0296,0.0116
5.3893,7.8147,1.0151,-0.0847,-0.0268,-0.0037,5.0111,1.7023,6.8857,-0.0667,-0.0188,-0.0238
5.5450,7.7141,1.1588,-0.0573,0.0123,-0.0096,5.0111,1.5347,6.9815,-0.0312,0.0188,0.0188
5.4109,7.7021,1.0295,-0.0909,-0.0378,-0.0104,4.7190,1.4892,6.9791,-0.0714,0.0324,-0.0143
5.3151,7.7835,1.1923,-0.0746,0.0281,-0.0087,4.5442,1.5371,6.9743,-0.0436,0.0236,0.0161
5.3391,7.6902,1.0487,-0.0839,-0.0028,0.0028,4.7932,1.5251,6.9552,-0.0516,0.0043,0.0157
5.4253,7.7572,1.0104,-0.0786,-0.0260,-0.0003,4.8100,1.5514,7.0366,-0.0418,0.0116,-0.0044
5.4468,7.7476,1.1396,-0.1034,-0.0091,-0.0033,4.8147,1.5658,6.8307,-0.0695,0.0286,0.0023
5.5258,7.7572,1.3024,-0.0730,-0.0345,-0.0024,4.7932,1.4485,6.9767,-0.0518,-0.0288,-0.0016
5.3630,7.7165,0.9816,-0.0572,0.0064,-0.0222,4.9368,1.6352,6.7636,-0.0318,0.0055,-0.0060
5.5258,7.6782,1.2498,-0.0947,0.0276,-0.0103,4.7908,1.4724,7.1323,-0.0486,0.0492,0.0093
5.5689,7.7500,1.1157,-0.1030,-0.0254,-0.0237,4.8602,1.4246,7.1730,-0.0533,0.0216,-0.0185
5.4540,7.7141,1.0798,-0.0823,0.0238,-0.0368,4.9081,1.5802,6.9552,-0.0280,0.0322,-0.0059
5.4037,7.7069,1.0511,-0.0991,-0.0165,-0.0147,4.6615,1.5347,6.9312,-0.0584,0.0215,-0.0129
5.4205,7.6998,1.2330,-0.0811,-0.0075,-0.0164,4.7740,1.4820,7.0294,-0.0469,-0.0011,-0.0060
5.4253,7.7500,1.2210,-0.0797,0.0055,-0.0161,4.7501,1.5131,7.1204,-0.0420,0.0168,-0.0087
5.3558,7.7500,1.0582,-0.0671,-0.0101,-0.0099,4.8052,1.5227,7.1036,-0.0284,-0.0019,0.0079
5.4133,7.7524,1.0343,-0.0827,-0.0529,0.0072,4.8459,1.5850,6.8690,-0.0729,-0.0160,-0.0084
5.4492,7.7261,1.3048,-0.0883,0.0289,-0.0103,4.7932,1.5347,7.0078,-0.0500,0.0225,0.0226
5.5019,7.6758,1.2761,-0.0694,0.0003,-0.0161,4.7980,1.4748,7.0844,-0.0288,0.0029,0.0043
5.3750,7.7045,1.0606,-0.0925,-0.0332,-0.0113,4.8746,1.5203,6.8953,-0.0609,-0.0041,-0.0129
5.4731,7.7548,1.2737,-0.0667,-0.0117,-0.0060,4.7788,1.4102,7.2329,-0.0420,-0.0179,0.0069
5.3415,7.7548,1.1612,-0.0524,0.0037,-0.0020,4.7262,1.5131,6.9192,-0.0312,-0.0013,0.0224
5.4636,7.7668,1.2067,-0.0612,0.0187,-0.0016,4.8219,1.4581,7.0820,-0.0205,-0.0076,0.0376
5.4348,7.7428,1.0942,-0.0694,-0.0493,0.0165,4.8530,1.4676,6.9935,-0.0675,-0.0187,0.0065
5.5545,7.7333,1.1516,-0.0139,-0.0330,-0.0013,4.8961,1.5299,6.9767,-0.0305,-0.0510,0.0063
5.5474,7.7189,1.1061,-0.0584,0.0394,-0.0286,4.9153,1.4605,6.8570,-0.0332,0.0201,-0.0080
5.3439,7.7764,0.9625,-0.0897,0.0273,-0.0217,4.8914,1.5514,6.8235,-0.0434,0.0420,-0.0103
5.5306,7.7644,1.1947,-0.0977,0.0464,-0.0258,4.8219,1.4772,6.9671,-0.0509,0.0666,-0.0037
5.4731,7.6423,0.9673,-0.0546,0.0342,-0.0302,4.8363,1.5538,6.9001,-0.0008,0.0442,0.0003
5.3534,7.6567,1.0702,-0.0718,-0.0510,-0.0005,4.8985,1.6113,6.8091,-0.0598,-0.0357,-0.0045
5.4253,7.7428,1.2522,-0.0553,0.0207,-0.0092,4.7429,1.4892,7.0102,-0.0237,0.0025,0.0188
5.5115,7.6926,1.0343,-0.0554,0.0230,-0.0164,4.9321,1.5443,6.9623,-0.0153,0.0043,0.0117
5.3702,7.6399,1.0702,-0.0993,0.0017,-0.0095,4.8363,1.4341,6.8666,-0.0636,0.0382,0.0009
5.3989,7.7955,1.4150,-0.0665,-0.0510,0.0200,4.6974,1.4724,7.3023,-0.0743,-0.0381,0.0013
5.4588,7.7165,0.7614,-0.0149,-0.0217,0.0040,5.1188,1.5371,6.7540,0.0095,-0.0550,0.0297
5.4947,7.5968,0.6823,-0.0902,0.0208,-0.0061,5.1619,1.5060,6.5481,-0.0590,0.0384,0.0063
5.7700,7.5776,1.0726,-0.1228,0.0226,-0.0384,5.0829,1.2713,6.9671,-0.0528,0.0675,-0.0160
5.3965,7.8171,1.0654,-0.0847,0.0091,-0.0707,4.8291,1.5682,7.1970,-0.0053,0.0550,-0.0380
5.0757,7.7907,1.1516,-0.0601,-0.0119,-0.0325,4.7381,1.6903,6.7828,-0.0203,-0.0051,-0.0065
5.3032,7.8314,1.1851,-0.0775,-0.0406,0.0055,4.7645,1.5562,6.9959,-0.0602,-0.0352,0.0011
5.3343,7.7764,1.2282,-0.0754,0.0108,-0.0091,4.8028,1.5323,7.0916,-0.0432,0.0148,0.0092
5.3870,7.7548,1.0199,-0.0667,-0.0494,0.0212,4.6663,1.4509,6.9073,-0.0655,-0.0196,0.0101
5.3989,7.7548,0.8882,-0.0440,-0.0568,0.0252,4.9249,1.6592,6.8714,-0.0605,-0.0586,0.0107
5.4253,7.7333,1.1516,-0.0689,0.0011,0.0204,4.9991,1.5347,6.8929,-0.0545,-0.0077,0.0140
5.5354,7.7428,1.1803,-0.0798,-0.0033,0.0240,4.8602,1.3910,7.1826,-0.0600,0.0075,0.0244
5.5641,7.6543,1.0487,-0.0610,-0.0509,0.0184,5.0159,1.4222,7.0270,-0.0476,-0.0445,0.0033
5.4492,7.7261,1.0822,-0.0569,-0.0338,0.0088,5.0302,1.5107,6.8498,-0.0508,-0.0468,0.0047
5.6048,7.6471,1.0175,-0.0534,-0.0277,0.0037,4.9081,1.4413,6.7900,-0.0530,-0.0153,-0.0253
5.5138,7.7237,1.0008,-0.0602,0.0449,-0.0217,5.0973,1.5371,6.8690,-0.0217,0.0135,0.0073
5.4827,7.7428,0.7302,-0.1096,-0.0425,-0.0016,4.9536,1.4557,6.9001,-0.0814,0.0075,-0.0021
5.5426,7.7931,1.2115,-0.0906,0.0104,-0.0201,4.8530,1.4102,6.9623,-0.0602,0.0352,-0.0135
5.5881,7.7117,1.1492,-0.0702,0.0330,-0.0301,4.8650,1.4940,6.9121,-0.0346,0.0414,-0.0008
5.4660,7.6902,0.7350,-0.1009,0.0004,-0.0230,5.0206,1.4413,7.0078,-0.0354,0.0344,-0.0023
5.4396,7.6016,1.2282,-0.1039,-0.0786,0.0124,4.9536,1.4509,7.0126,-0.0874,-0.0320,-0.0320
5.5474,7.7213,1.1923,-0.0850,0.0528,-0.0453,4.6807,1.3743,7.1491,-0.0111,0.0759,0.0049
5.4588,7.7405,1.0463,-0.1007,-0.0318,-0.0184,4.9033,1.4748,7.1467,-0.0482,0.0033,-0.0104
5.5545,7.6950,1.1133,-0.0761,0.0252,-0.0270,4.9464,1.4892,7.0892,-0.0217,0.0352,-0.0099
5.4875,7.6878,1.2354,-0.1115,-0.0433,-0.0064,4.7453,1.3695,7.0916,-0.0674,0.0252,-0.0248
5.4851,7.7165,1.1325,-0.0690,-0.0029,-0.0175,4.8674,1.4676,7.0390,-0.0282,0.0139,-0.0104
5.3822,7.7405,0.9050,-0.0926,-0.0081,-0.0268,4.8746,1.5443,6.9001,-0.0530,0.0149,-0.0063
5.4372,7.7500,1.2953,-0.0935,-0.0389,-0.0072,4.7788,1.4724,7.1922,-0.0653,0.0016,-0.0312
5.5186,7.6040,1.2785,-0.0769,0.0075,-0.0266,4.6807,1.3551,6.9863,-0.0318,0.0382,-0.0011
5.4277,7.6950,1.1756,-0.0898,0.0048,-0.0305,4.7692,1.4964,7.0533,-0.0408,0.0230,-0.0047
5.3367,7.7476,1.1899,-0.0765,0.0059,-0.0085,4.7333,1.6065,7.0773,-0.0332,0.0145,0.0003
5.3750,7.6902,1.1372,-0.0818,-0.0332,0.0015,4.6591,1.3934,6.9935,-0.0677,0.0023,-0.0088
5.4444,7.8147,1.1851,-0.0658,0.0005,-0.0060,4.6519,1.3862,7.0461,-0.0361,-0.0045,0.0144
5.4324,7.7285,0.9792,-0.0596,0.0057,-0.0167,4.9704,1.6161,6.8761,-0.0209,-0.0028,0.0001
5.4803,7.6758,1.0463,-0.1192,-0.0440,-0.0035,4.7884,1.4964,7.0342,-0.0949,0.0228,-0.0189
5.5186,7.7189,1.3575,-0.0895,0.0045,-0.0119,4.6567,1.3695,7.0581,-0.0638,0.0248,-0.0031
5.6431,7.6471,1.2186,-0.0541,-0.0159,-0.0332,4.8411,1.2881,7.4340,0.0052,-0.0139,-0.0037
5.1906,7.7309,1.1277,-0.0673,-0.0345,-0.0345,4.8267,1.6879,6.6894,-0.0372,-0.0060,-0.0460
5.2696,7.7045,1.1253,-0.1031,0.0125,-0.0121,4.4532,1.5850,7.0246,-0.0541,0.0529,0.0097
5.4588,7.7596,1.4006,-0.0678,-0.0481,0.0176,4.5610,1.3982,7.2951,-0.0557,-0.0314,0.0168
5.4779,7.7093,1.1612,-0.0221,0.0111,-0.0104,4.7908,1.4653,6.9456,0.0136,-0.0246,0.0137
5.3534,7.6686,0.9074,-0.0598,-0.0310,0.0031,4.8459,1.5945,6.7564,-0.0476,-0.0133,0.0113
5.5952,7.7931,1.2737,-0.0737,-0.0473,0.0004,4.8339,1.2665,7.3287,-0.0536,-0.0163,0.0016
5.4803,7.7548,1.1372,-0.0648,-0.0120,-0.0091,4.8435,1.5083,6.9312,-0.0384,-0.0119,-0.0008
5.5809,7.6878,1.1947,-0.0655,-0.0043,-0.0135,4.8387,1.4820,7.1922,-0.0216,-0.0016,0.0116
5.3917,7.7812,1.0247,-0.0675,-0.0195,-0.0147,4.9129,1.6041,6.9001,-0.0393,-0.0053,-0.0120
5.3486,7.7692,1.1779,-0.0762,-0.0199,-0.0055,4.7238,1.5562,7.0485,-0.0632,0.0013,-0.0036
5.5019,7.7285,1.2378,-0.0723,-0.0372,0.0064,4.7118,1.4413,7.1204,-0.0412,-0.0269,0.0107
5.4540,7.6926,1.1181,-0.0710,-0.0073,-0.0027,4.8770,1.5107,6.9456,-0.0506,0.0035,0.0053
5.5115,7.7117,1.1636,-0.0665,-0.0171,0.0019,4.8794,1.4892,7.0581,-0.0414,-0.0257,0.0144
5.4947,7.6471,1.1181,-0.0528,-0.0376,-0.0036,4.8291,1.4222,6.9576,-0.0453,-0.0087,-0.0072
5.4085,7.7476,0.9433,-0.0694,0.0149,-0.0180,4.9297,1.5706,6.7636,-0.0350,0.0028,0.0021
5.5234,7.7668,1.0702,-0.0954,-0.0289,-0.0024,4.8602,1.5155,7.1251,-0.0605,-0.0041,-0.0032
5.4444,7.6830,1.0295,-0.0629,-0.0173,-0.0011,4.8602,1.4557,7.0940,-0.0418,-0.0108,0.0093
5.3630,7.7213,1.1037,-0.0785,-0.0622,-0.0037,4.8363,1.4653,6.8929,-0.0682,-0.0205,-0.0266
5.4205,7.7237,1.2450,-0.0640,0.0073,-0.0161,4.8674,1.4916,6.8857,-0.0464,0.0035,-0.0080
5.4612,7.7405,1.0080,-0.0679,0.0298,-0.0211,4.9129,1.5347,6.8929,-0.0286,0.0222,0.0025
5.4731,7.6112,1.0965,-0.0899,-0.0362,0.0145,4.7860,1.4293,6.9264,-0.0675,-0.0120,0.0105
5.5952,7.6806,1.2210,-0.0640,-0.0226,-0.0009,4.8219,1.4150,7.0294,-0.0368,-0.0141,-0.0011
5.4899,7.7141,1.1157,-0.0558,0.0195,-0.0246,4.9105,1.5419,6.8139,-0.0320,0.0240,0.0012
5.5043,7.6662,1.0104,-0.0625,-0.0417,-0.0044,4.9249,1.4772,6.9480,-0.0429,-0.0344,0.0017
5.4205,7.8219,1.2139,-0.0737,-0.0064,-0.0091,4.8267,1.4964,6.8761,-0.0505,-0.0076,-0.0145
5.5138,7.7764,1.0750,-0.0802,0.0117,-0.0207,4.8171,1.3767,7.1347,-0.0333,0.0409,0.0057
5.5210,7.6806,1.0918,-0.0934,-0.0469,-0.0072,4.8363,1.4389,6.9432,-0.0675,0.0075,-0.0121
5.4612,7.6950,1.1420,-0.0490,-0.0334,-0.0019,4.7932,1.4820,7.0437,-0.0413,-0.0236,0.0015
5.6527,7.6591,1.1851,-0.0818,-0.0721,0.0112,4.8578,1.3408,7.1204,-0.0741,-0.0314,-0.0121
5.5162,7.7165,0.8859,-0.0954,-0.0711,-0.0169,4.9704,1.5371,6.8546,-0.0702,-0.0071,-0.0257
5.5665,7.7955,1.0511,-0.0846,0.0184,-0.0220,4.9105,1.4748,7.0773,-0.0356,0.0404,-0.0137
5.4444,7.6136,1.0271,-0.0769,-0.0218,-0.0232,4.8530,1.5060,6.9983,-0.0297,0.0097,-0.0149
5.3343,7.7093,1.0391,-0.0878,-0.0228,-0.0107,4.6878,1.4605,6.8450,-0.0614,0.0116,-0.0091
5.4827,7.6926,1.1109,-0.0807,0.0103,-0.0103,4.8483,1.4222,6.9456,-0.0344,0.0135,0.0113
5.5330,7.6734,1.0942,-0.0811,-0.0614,-0.0104,5.0230,1.4629,6.9935,-0.0652,-0.0212,-0.0292
5.5043,7.7093,1.2785,-0.0753,0.0394,-0.0456,4.7836,1.4126,6.9288,-0.0346,0.0509,-0.0213
5.3965,7.6543,1.1468,-0.0706,-0.0189,-0.0229,4.7357,1.5658,7.0030,-0.0281,-0.0015,-0.0145
5.2816,7.7428,1.1612,-0.0758,-0.0200,-0.0132,4.7405,1.4820,6.9671,-0.0478,-0.0217,-0.0033
5.4708,7.6998,0.9984,-0.0895,0.0249,-0.0237,4.8961,1.4676,7.0246,-0.0397,0.0674,-0.0036
5.4588,7.7237,0.9673,-0.0951,-0.0285,-0.0226,4.9249,1.5275,6.8833,-0.0574,0.0144,-0.0120
5.4851,7.7069,1.2402,-0.0951,-0.0035,-0.0328,4.8937,1.4581,7.1347,-0.0473,0.0089,-0.0184
5.3870,7.7165,1.2809,-0.0902,-0.0105,-0.0308,4.5921,1.4485,7.0198,-0.0418,0.0244,-0.0192
5.4324,7.7141,1.1947,-0.0771,-0.0096,-0.0264,4.7525,1.3838,7.0174,-0.0309,0.0180,-0.0180
5.2840,7.8027,1.0750,-0.0939,-0.0096,-0.0213,4.7429,1.5754,6.8857,-0.0468,0.0225,-0.0120
5.2768,7.7955,1.3336,-0.0958,-0.0123,0.0217,4.5921,1.5395,7.0318,-0.0811,-0.0001,0.0148
5.6000,7.7093,1.2354,-0.0594,-0.0092,-0.0104,4.9632,1.4078,7.3502,-0.0176,-0.0099,0.0125
5.3965,7.7237,1.2450,-0.0693,-0.0438,-0.0081,4.7740,1.4964,6.9983,-0.0533,-0.0152,-0.0160
5.4492,7.7021,1.1253,-0.0586,-0.0120,-0.0183,4.7764,1.4940,7.0198,-0.0334,0.0047,-0.0044
5.4468,7.6567,1.0104,-0.0482,-0.0237,-0.0033,4.7118,1.5945,6.8187,-0.0377,-0.0308,0.0140
5.3989,7.7452,1.2139,-0.0769,0.0148,-0.0107,4.8602,1.5921,6.9001,-0.0562,0.0185,0.0025
5.5234,7.7237,1.1444,-0.0707,-0.0141,0.0037,4.7405,1.3144,7.2353,-0.0406,0.0127,0.0189
5.4109,7.7333,1.0487,-0.0678,-0.0325,-0.0131,4.9416,1.5897,6.8498,-0.0524,-0.0262,-0.0113
5.3295,7.7237,1.1779,-0.0751,0.0176,-0.0151,4.7932,1.5419,6.8833,-0.0436,0.0159,0.0019
5.4324,7.6519,1.1037,-0.0901,-0.0373,0.0015,4.7669,1.4150,7.1275,-0.0706,-0.0057,0.0051
5.4899,7.7333,1.2785,-0.0702,-0.0091,-0.0216,4.8961,1.4509,6.9216,-0.0378,-0.0096,-0.0187
5.3870,7.7596,1.2091,-0.0654,0.0171,-0.0199,4.6471,1.4892,7.0797,-0.0368,0.0405,0.0123
5.5234,7.7381,1.1396,-0.0665,-0.0068,-0.0083,4.8147,1.4293,7.1994,-0.0173,0.0031,0.0077
5.3439,7.7357,1.0726,-0.0624,-0.0416,-0.0017,4.7740,1.5682,6.8714,-0.0489,-0.0008,-0.0044
5.3846,7.6638,1.1564,-0.0810,0.0003,0.0051,4.8626,1.5874,6.8594,-0.0512,-0.0065,0.0177
5.5043,7.6710,1.0511,-0.0669,-0.0278,-0.0111,4.8961,1.3958,7.1946,-0.0429,-0.0161,0.0001
5.4300,7.7141,1.0223,-0.0679,0.0036,-0.0265,4.7669,1.5012,6.9599,-0.0208,0.0258,-0.0053
5.4205,7.8027,1.2402,-0.0594,0.0677,-0.0292,4.9728,1.5993,6.8546,-0.0091,0.0394,0.0297
5.3917,7.8003,1.1109,-0.0799,-0.0558,-0.0123,4.9153,1.5323,6.8738,-0.0602,-0.0318,-0.0266
5.4947,7.6662,1.0846,-0.0829,-0.0466,-0.0033,4.8267,1.5107,7.0246,-0.0652,-0.0192,-0.0155
5.4109,7.7333,0.9457,-0.0437,0.0199,-0.0314,4.8123,1.5251,6.8977,-0.0147,0.0204,-0.0027
5.4420,7.7835,1.1588,-0.0673,0.0151,-0.0209,4.7285,1.4892,7.1491,-0.0215,0.0314,0.0093
5.4971,7.8362,1.0846,-0.0702,-0.0404,0.0003,4.7932,1.5443,7.0342,-0.0386,-0.0197,0.0052
5.4803,7.7357,0.9266,-0.0778,-0.0226,-0.0103,5.0254,1.5419,6.8977,-0.0316,-0.0195,0.0021
5.3870,7.7500,1.1325,-0.0652,-0.0024,-0.0029,4.7860,1.4916,7.0030,-0.0397,0.0136,0.0036
5.6958,7.7117,0.9888,-0.0747,-0.0063,-0.0293,5.0877,1.4485,6.9145,-0.0097,0.0084,-0.0157
5.3822,7.6830,0.9649,-0.1178,-0.0366,-0.0313,4.8171,1.5514,6.8785,-0.0613,0.0244,-0.0341
5.3486,7.8147,1.1803,-0.0911,0.0043,-0.0270,4.7836,1.5802,7.0413,-0.0514,0.0312,-0.0273
5.4851,7.7524,1.1061,-0.0814,0.0040,-0.0262,4.7309,1.5107,7.1204,-0.0256,0.0133,-0.0095
5.3678,7.7572,1.0199,-0.0749,-0.0426,-0.0149,4.8937,1.6472,6.8019,-0.0512,-0.0228,-0.0265
5.3870,7.7500,1.2546,-0.0747,-0.0171,-0.0056,4.8961,1.5514,7.0581,-0.0429,-0.0075,-0.0001
5.4253,7.7524,0.9984,-0.0560,-0.0225,-0.0119,4.9775,1.5754,6.9408,-0.0380,-0.0011,-0.0091
5.4253,7.7740,0.9792,-0.0802,0.0019,-0.0183,4.8698,1.5802,6.9312,-0.0361,0.0109,0.0136
5.3798,7.7045,0.9816,-0.1030,-0.0465,0.0024,4.7716,1.5443,6.8307,-0.0823,0.0100,-0.0015
5.4396,7.7548,1.2474,-0.0793,0.0266,-0.0079,4.8746,1.5275,7.1563,-0.0508,0.0273,0.0173
5.5210,7.7476,1.0415,-0.0612,-0.0005,-0.0152,4.9728,1.5179,7.0366,-0.0309,-0.0008,-0.0019
5.5330,7.7524,1.0415,-0.0554,-0.0061,-0.0152,4.8411,1.5012,6.9576,-0.0252,-0.0115,0.0115
5.5593,7.7021,1.1061,-0.0970,-0.0028,-0.0217,4.8554,1.3479,7.2688,-0.0409,0.0234,0.0153
5.3199,7.7405,1.2522,-0.0865,0.0083,-0.0264,4.7692,1.5969,6.9001,-0.0525,0.0204,-0.0159
5.4229,7.7788,0.9625,-0.0891,-0.0368,-0.0161,4.9536,1.5850,6.9743,-0.0585,0.0017,-0.0139
5.3654,7.7261,1.3144,-0.0817,-0.0260,-0.0075,4.7932,1.4964,7.0366,-0.0505,-0.0133,-0.0120
5.4468,7.7117,1.4102,-0.0725,0.0032,-0.0104,4.8171,1.3599,7.2472,-0.0429,-0.0043,0.0025
5.3127,7.7261,1.2498,-0.0769,-0.0171,-0.0045,4.7118,1.5658,6.9097,-0.0492,-0.0057,0.0109
5.4564,7.7189,1.1181,-0.0538,-0.0132,0.0035,4.8985,1.5490,7.0318,-0.0452,-0.0172,0.0043
5.4229,7.6998,1.1205,-0.0597,0.0048,-0.0001,4.7621,1.5371,6.8905,-0.0458,-0.0045,0.0205
5.4540,7.7381,1.2617,-0.0636,0.0069,-0.0021,4.9105,1.4485,7.0390,-0.0448,-0.0049,0.0035
5.4564,7.7285,1.0247,-0.0478,-0.0087,-0.0147,4.8339,1.4796,7.0174,-0.0232,0.0096,-0.0017
5.3510,7.7093,1.0223,-0.0691,-0.0216,-0.0051,4.8411,1.5658,6.8522,-0.0597,-0.0041,-0.0105
5.4995,7.7692,1.0534,-0.0568,-0.0353,-0.0059,4.7740,1.4916,7.0820,-0.0294,-0.0318,0.0125
5.4420,7.6758,1.0774,-0.0758,-0.0124,0.0027,4.8530,1.4533,6.9384,-0.0400,0.0033,0.0051
5.4803,7.7692,1.1588,-0.0713,-0.0246,-0.0087,4.8722,1.4820,7.0461,-0.0590,0.0085,-0.0076
5.4420,7.6567,1.2378,-0.0597,-0.0091,-0.0165,4.8123,1.3958,6.9336,-0.0285,0.0007,0.0065
5.4779,7.6375,0.9768,-0.0552,-0.0159,-0.0161,4.8602,1.5227,6.9576,-0.0244,-0.0111,-0.0012
5.4444,7.6806,1.1779,-0.0797,0.0293,-0.0085,4.8411,1.4389,6.9097,-0.0509,0.0368,0.0087
5.5737,7.6447,1.1396,-0.0726,-0.0344,-0.0045,4.8961,1.4126,7.1060,-0.0396,-0.0171,-0.0063
5.4468,7.7069,1.0319,-0.0789,-0.0305,-0.0241,4.8794,1.5227,6.8570,-0.0392,-0.0024,-0.0209
5.4300,7.6734,1.1061,-0.0942,0.0031,-0.0197,4.7812,1.5083,6.9647,-0.0577,0.0181,-0.0003
5.5402,7.7476,1.1205,-0.0629,-0.0392,-0.0100,4.8387,1.4437,7.0413,-0.0406,-0.0189,-0.0188
5.3008,7.7620,0.9936,-0.0770,-0.0059,-0.0189,4.9033,1.6759,6.7229,-0.0493,0.0185,-0.0349
5.5378,7.7548,1.2905,-0.0719,-0.0593,0.0234,4.8626,1.3431,7.2544,-0.0489,-0.0437,0.0139
5.6647,7.6662,1.1636,-0.0410,0.0145,-0.0211,4.9105,1.4772,6.9480,-0.0143,-0.0040,0.0109
5.4660,7.7907,0.7566,-0.0729,0.0085,-0.0306,4.8459,1.5969,6.7804,-0.0305,0.0337,-0.0077
5.3750,7.6782,1.1420,-0.0903,-0.0494,0.0009,4.7908,1.5371,7.0581,-0.0637,-0.0183,-0.0081
5.4827,7.7189,1.0391,-0.0642,-0.0252,-0.0112,4.8746,1.5443,6.9073,-0.0336,-0.0032,0.0005
5.6240,7.6519,1.0080,-0.0582,-0.0288,-0.0091,4.9919,1.4341,7.1275,-0.0238,-0.0330,-0.0031
5.3726,7.7835,1.0032,-0.0701,-0.0212,-0.0177,4.8890,1.5850,6.9312,-0.0476,0.0067,-0.0167
5.2816,7.7428,1.1301,-0.0991,0.0127,-0.0113,4.7788,1.4892,6.9576,-0.0453,0.0181,0.0185
5.5330,7.7045,1.0870,-0.0755,-0.0589,0.0172,4.9105,1.4868,7.2640,-0.0508,-0.0390,0.0027
5.4636,7.6638,0.9122,-0.0675,-0.0510,-0.0017,4.9344,1.5514,6.8187,-0.0512,-0.0209,-0.0055
5.4851,7.7668,1.1588,-0.0807,0.0112,-0.0155,4.9321,1.4748,6.8738,-0.0517,0.0057,-0.0024
5.6000,7.6543,1.1756,-0.0801,0.0088,-0.0160,4.9105,1.3862,7.1156,-0.0292,0.0240,0.0073
5.5426,7.7213,0.8906,-0.0714,-0.0314,-0.0229,4.9177,1.5203,6.8187,-0.0337,-0.0152,-0.0135
5.3510,7.6974,1.0199,-0.1042,0.0096,-0.0232,4.7788,1.5083,6.7828,-0.0636,0.0446,-0.0112
5.4061,7.6830,1.0439,-0.0694,0.0000,-0.0354,4.9560,1.5227,6.7971,-0.0321,0.0096,-0.0124
5.5474,7.7093,0.9218,-0.0713,-0.0313,-0.0268,4.7429,1.4940,6.8426,-0.0285,0.0201,-0.0192
5.3510,7.7452,1.1085,-0.0894,-0.0039,-0.0155,4.7357,1.5443,6.8666,-0.0546,0.0163,-0.0063
5.4660,7.7500,1.1492,-0.0993,-0.0040,-0.0137,4.8339,1.4365,7.0557,-0.0534,0.0145,0.0101
5.4588,7.7237,1.1061,-0.0893,-0.0155,-0.0215,4.7788,1.5323,7.0916,-0.0422,0.0115,-0.0136
5.4037,7.7859,0.9960,-0.0729,-0.0139,-0.0218,4.7285,1.5826,6.8067,-0.0504,0.0207,-0.0092
5.3391,7.6974,1.2139,-0.0914,-0.0023,-0.0157,4.6615,1.5179,6.9599,-0.0612,0.0201,-0.0091
5.4372,7.7668,1.1325,-0.0765,-0.0445,-0.0017,4.7501,1.4078,7.2018,-0.0438,-0.0237,0.0081
5.3391,7.7644,1.1157,-0.0540,0.0155,-0.0187,4.7932,1.5850,6.7229,-0.0272,-0.0027,0.0072
5.3798,7.6830,1.0726,-0.1065,0.0025,-0.0139,4.8052,1.4317,7.0006,-0.0622,0.0428,-0.0193
5.4372,7.7237,1.2905,-0.0826,-0.0176,-0.0047,4.7692,1.3958,7.1395,-0.0521,0.0139,-0.0080
5.4205,7.7165,1.2163,-0.0548,-0.0113,-0.0189,4.7333,1.4676,7.0533,-0.0298,-0.0148,0.0203
5.3678,7.6638,1.0965,-0.0901,0.0093,-0.0220,4.8770,1.5850,6.8187,-0.0512,0.0241,-0.0087
5.4899,7.6758,1.1684,-0.0839,-0.0334,-0.0004,4.8650,1.4748,7.0629,-0.0610,0.0069,-0.0107
5.4731,7.7285,1.4006,-0.0794,-0.0141,-0.0188,4.7214,1.4222,7.1898,-0.0588,0.0201,-0.0203
5.3726,7.6974,1.1205,-0.0667,0.0073,-0.0322,4.8866,1.5610,6.9240,-0.0265,0.0193,-0.0200
5.3056,7.7979,1.1588,-0.0770,-0.0183,-0.0143,4.7333,1.5850,6.9911,-0.0461,0.0017,-0.0072
5.4085,7.7955,1.1085,-0.0636,-0.0385,-0.0027,4.6926,1.5323,6.9576,-0.0478,-0.0296,-0.0048
5.4229,7.7548,1.2163,-0.0785,0.0272,-0.0056,4.7285,1.4916,7.0533,-0.0434,0.0294,0.0153
5.4348,7.7141,1.1923,-0.0554,-0.0254,0.0048,4.7453,1.5083,7.1682,-0.0446,-0.0135,0.0136
5.4372,7.7021,1.1181,-0.0378,-0.0309,0.0095,4.8507,1.4461,7.0509,-0.0362,-0.0430,0.0179
5.4971,7.6591,1.0271,-0.0959,-0.0286,0.0069,4.8052,1.4557,7.0174,-0.0602,-0.0025,0.0083
5.4492,7.6878,1.2067,-0.0749,-0.0396,0.0139,4.8578,1.3886,6.9935,-0.0683,-0.0345,0.0001
5.6431,7.6686,1.2067,-0.0488,0.0330,-0.0237,4.9584,1.4365,7.1658,0.0023,0.0176,0.0101
5.2744,7.6998,0.9050,-0.0659,-0.0500,-0.0067,4.7190,1.6281,6.8043,-0.0630,-0.0248,-0.0112
5.3893,7.7405,1.0798,-0.0706,0.0442,-0.0060,4.8722,1.5538,6.9360,-0.0469,0.0436,0.0139
5.5402,7.6902,1.1732,-0.0785,-0.0020,-0.0309,4.8171,1.5299,6.9839,-0.0281,0.0188,-0.0023
5.4013,7.6710,0.9864,-0.0590,0.0101,0.0204,4.9512,1.5538,6.7086,-0.0592,-0.0069,0.0209
5.7293,7.5657,1.0558,-0.0714,-0.0242,0.0116,4.9321,1.2857,6.9935,-0.0556,-0.0128,0.0133
5.6934,7.6279,1.1564,-0.0637,-0.0127,-0.0051,4.9919,1.2617,7.0054,-0.0484,-0.0012,0.0020
5.6455,7.6088,0.9218,-0.0698,-0.0061,-0.0199,5.0398,1.3455,6.9264,-0.0276,-0.0040,0.0004
5.4540,7.6662,1.0511,-0.0883,-0.0137,-0.0124,4.8746,1.4365,6.8067,-0.0602,0.0139,-0.0088
5.5761,7.6686,1.2522,-0.0910,-0.0131,-0.0083,4.8937,1.2713,7.2089,-0.0546,0.0155,-0.0029
5.6072,7.6614,1.1827,-0.0430,-0.0148,-0.0124,4.9177,1.3384,6.8546,-0.0318,-0.0211,-0.0107
5.6240,7.6543,0.9361,-0.0580,0.0004,-0.0189,5.0350,1.4293,6.8067,-0.0121,0.0040,-0.0016
5.5019,7.6184,0.8787,-0.1051,-0.0440,0.0007,4.8890,1.4030,6.8953,-0.0717,0.0049,0.0008
5.6623,7.6303,1.1995,-0.0659,-0.0149,-0.0060,4.9009,1.2665,7.1491,-0.0404,-0.0109,0.0005
5.6719,7.7405,1.1492,-0.0542,0.0203,-0.0316,5.1092,1.4269,6.8498,-0.0079,0.0115,-0.0113
5.5378,7.6184,0.7973,-0.0713,-0.0257,-0.0195,4.8961,1.5107,6.9528,-0.0246,-0.0073,0.0059
5.3798,7.6710,1.0199,-0.0935,-0.0297,0.0085,4.7884,1.3982,6.8378,-0.0794,-0.0057,-0.0013
5.6144,7.6351,1.2210,-0.0875,0.0017,-0.0028,5.0159,1.4030,6.9863,-0.0541,0.0304,0.0084
5.5450,7.6638,1.2139,-0.0851,-0.0329,0.0025,5.0015,1.3144,6.9839,-0.0640,-0.0165,-0.0053
5.6168,7.6207,1.1636,-0.0481,0.0077,-0.0147,4.9871,1.2977,6.9719,-0.0025,-0.0215,0.0141
5.5258,7.6471,1.0582,-0.0775,0.0244,-0.0163,5.1044,1.5012,6.7540,-0.0590,0.0269,-0.0063
5.7317,7.6136,1.2809,-0.0642,0.0248,-0.0238,4.8794,1.2953,7.1036,-0.0269,0.0241,0.0024
5.6048,7.6088,1.0343,-0.0681,-0.0365,-0.0164,4.9440,1.3048,7.1084,-0.0288,-0.0230,0.0005
5.4229,7.7069,0.9074,-0.1142,-0.0233,-0.0167,4.8985,1.4724,6.7732,-0.0802,0.0139,-0.0289
5.6048,7.6662,1.3144,-0.0943,0.0103,-0.0095,4.7022,1.2689,7.1036,-0.0628,0.0200,-0.0021
5.6096,7.6040,1.1540,-0.0552,0.0240,-0.0145,4.8794,1.3001,7.0485,-0.0168,0.0080,0.0005
5.4061,7.6543,0.9984,-0.1120,-0.0529,0.0296,4.4412,1.3408,7.0485,-0.0983,0.0175,0.0242
5.5067,7.6591,1.3527,-0.0581,-0.0161,0.0248,4.9153,1.3719,6.9983,-0.0722,-0.0341,0.0265
5.7652,7.6088,1.1157,-0.0620,0.0695,-0.0167,4.9201,1.2426,7.0653,-0.0065,0.0683,0.0304
5.6192,7.5705,0.9457,-0.0913,-0.0739,0.0084,5.0829,1.3886,6.7780,-0.0790,-0.0123,-0.0037
5.7533,7.5633,1.0654,-0.1087,-0.0169,-0.0333,4.9225,1.2019,7.1443,-0.0570,0.0460,-0.0246
5.6360,7.5992,1.1612,-0.0727,0.0044,-0.0618,4.9153,1.2977,6.9671,-0.0085,0.0274,-0.0257
5.4660,7.5346,1.2282,-0.1013,-0.0171,-0.0410,4.7692,1.3503,7.1443,-0.0342,0.0220,-0.0253
5.2505,7.7405,1.2234,-0.0682,-0.0165,0.0135,4.5897,1.5251,6.9695,-0.0653,-0.0053,0.0132
5.3295,7.6662,1.2737,-0.0826,-0.0851,0.0616,4.4365,1.3862,7.1682,-0.1112,-0.0480,0.0140
5.3008,7.7237,1.2737,-0.0368,-0.1010,0.0843,4.7333,1.5395,6.7780,-0.1045,-0.1063,0.0326
5.6407,7.6591,1.1851,0.0055,-0.0701,0.1246,4.9991,1.3408,6.8833,-0.0891,-0.1632,0.0785
5.8921,7.5322,1.0822,0.0181,-0.0859,0.1027,5.0637,1.0391,7.0581,-0.0629,-0.1543,0.0506
6.0765,7.4939,0.9050,0.0019,-0.1001,0.0891,5.4013,1.0558,6.9025,-0.0730,-0.1451,0.0498
6.1411,7.3933,0.7135,0.0850,-0.0493,0.0148,5.4731,1.0343,6.8522,0.0288,-0.0885,0.0200
5.9735,7.5489,0.9457,0.0085,-0.0310,-0.0120,5.2840,1.0702,6.8019,-0.0024,-0.0626,-0.0177
5.9568,7.5202,0.8164,-0.0242,-0.0353,-0.0246,5.6240,1.3384,6.6870,-0.0353,-0.0442,-0.0224
5.8610,7.5106,0.4788,-0.0132,-0.0389,-0.0580,5.4755,1.3408,6.4141,0.0023,-0.0309,-0.0446
5.9017,7.5058,0.5507,-0.0745,-0.0561,-0.0480,5.2864,1.2761,6.6152,-0.0350,-0.0200,-0.0550
5.7461,7.6303,0.5914,-0.1208,-0.0814,-0.0276,5.1763,1.4054,6.5290,-0.0962,0.0031,-0.0641
5.8179,7.6399,0.9098,-0.0905,-0.0734,-0.0211,5.0685,1.4030,6.8881,-0.0833,-0.0370,-0.0546
5.8131,7.6112,1.0487,-0.0703,-0.0735,-0.0368,5.0949,1.1157,7.0988,-0.0305,-0.0346,-0.0477
5.6838,7.6710,0.8763,-0.0336,-0.0278,-0.0508,5.1308,1.3479,6.8642,-0.0020,-0.0286,-0.0270
5.5976,7.7165,0.6393,-0.0771,0.0067,-0.0222,5.1763,1.5179,6.4811,-0.0544,0.0254,-0.0104
5.6814,7.6303,0.6153,-0.0598,0.0293,-0.0115,5.2481,1.5371,6.5122,-0.0262,0.0254,0.0207
5.8251,7.4819,0.7135,-0.0898,-0.0033,-0.0005,5.2218,1.3120,6.6152,-0.0634,0.0200,0.0212
5.9065,7.5441,0.9577,-0.1184,0.0230,-0.0119,5.3056,1.2186,6.8953,-0.0638,0.0521,0.0004
5.9568,7.5441,0.9146,-0.0798,-0.0414,-0.0149,5.3654,1.1947,7.0749,-0.0410,-0.0103,-0.0088
5.9352,7.6136,1.0271,-0.0718,0.0328,-0.0573,5.2218,1.1947,6.8115,-0.0127,0.0345,-0.0131
5.7988,7.5106,0.7494,-0.0882,-0.0352,-0.0374,5.3295,1.3024,6.7445,-0.0444,0.0187,-0.0384
5.8059,7.7021,0.8787,-0.0735,-0.0236,-0.0424,5.0901,1.3527,6.9336,-0.0304,0.0169,-0.0233
5.6000,7.7357,0.9625,-0.0474,-0.0382,-0.0342,5.0230,1.4892,6.5888,-0.0200,-0.0161,-0.0197
5.5569,7.6950,0.7709,-0.0556,0.0172,-0.0216,5.1284,1.5203,6.7732,-0.0181,0.0188,0.0128
5.5665,7.7237,0.6584,-0.0766,-0.0304,0.0008,5.3439,1.6137,6.4548,-0.0616,-0.0281,-0.0037
5.6814,7.6375,0.7422,-0.0998,-0.0061,0.0127,5.1954,1.3767,6.7900,-0.0787,0.0104,0.0137
5.9017,7.5848,0.7398,-0.0806,0.0027,0.0040,5.3726,1.3551,6.6631,-0.0513,0.0242,0.0099
5.8371,7.6064,0.7350,-0.1034,-0.0076,-0.0140,5.3079,1.2617,6.7852,-0.0632,0.0300,-0.0063
5.6934,7.5776,0.8092,-0.1132,0.0208,-0.0366,5.2648,1.3982,6.5721,-0.0512,0.0501,-0.0232
5.6407,7.7165,0.7278,-0.1621,-0.0092,-0.0149,5.1763,1.4964,6.6726,-0.1115,0.0678,-0.0143
5.7868,7.7237,0.9864,-0.1096,-0.0108,-0.0132,5.1858,1.3144,6.9192,-0.0601,0.0192,0.0044
5.9065,7.3694,0.7542,-0.1276,-0.0207,-0.0261,5.3103,1.1684,6.8426,-0.0497,0.0500,-0.0216
5.9185,7.4531,1.2258,-0.1780,0.0729,-0.0798,5.3271,1.2139,6.9264,-0.0604,0.1335,-0.0338
5.8442,7.5034,1.2713,-0.1239,0.0059,-0.0883,4.9608,1.1564,7.4029,-0.0376,0.1168,-0.0504
5.6048,7.6614,0.7877,-0.1503,0.0556,-0.0985,5.2553,1.4940,6.5577,-0.0357,0.1202,-0.0514
5.6575,7.4172,0.6321,-0.1468,0.0321,-0.1218,5.0757,1.3144,6.7038,-0.0133,0.1374,-0.0817
5.5665,7.4005,1.2163,-0.2403,-0.0156,-0.1007,4.8052,1.3934,6.7708,-0.1154,0.1553,-0.1140
5.6096,7.6327,1.2905,-0.1916,0.0349,-0.1041,4.6831,1.2546,7.3789,-0.0528,0.1440,-0.0997
5.6216,7.7261,1.5323,-0.2349,0.0452,-0.1354,4.6831,1.4557,7.0797,-0.0843,0.2114,-0.1135
5.6288,7.5896,1.7789,-0.1856,0.0225,-0.1415,4.4269,1.3144,7.3334,-0.0269,0.1539,-0.0837
5.2529,7.7764,1.4581,-0.1576,-0.0278,-0.1136,4.3622,1.4724,7.1850,-0.0540,0.0815,-0.1140
5.1140,7.7524,1.6161,-0.1256,0.0088,-0.1083,4.2497,1.5802,7.2808,-0.0230,0.0738,-0.0855
5.2026,7.8602,1.6616,-0.1025,-0.0416,-0.0805,4.3215,1.5754,7.4005,-0.0298,0.0376,-0.0723
5.1404,7.7524,1.6185,-0.0305,-0.0786,-0.0092,4.3862,1.5514,7.2257,-0.0155,-0.0946,-0.0298
5.1404,7.7979,1.3144,-0.0297,-0.0520,-0.0061,4.5418,1.6616,7.1204,-0.0262,-0.0470,-0.0049
5.2146,7.9080,1.3048,-0.0230,-0.0536,0.0124,4.5274,1.6855,6.9647,-0.0401,-0.0548,0.0039
5.3893,7.7381,1.3575,0.0151,-0.0674,0.0498,4.5633,1.4485,7.0797,-0.0196,-0.1174,0.0345
5.5162,7.5561,1.5203,0.0067,-0.0588,0.0358,4.7501,1.4078,7.0006,-0.0312,-0.0935,0.0143
5.3415,7.8147,1.4030,0.0027,-0.0982,0.0257,4.5969,1.3695,7.2999,-0.0413,-0.1038,-0.0029
5.3989,7.8243,1.3910,0.0501,-0.0464,-0.0051,4.5155,1.5227,7.3191,0.0248,-0.0690,-0.0072
5.5833,7.6519,1.3360,0.0526,-0.0597,-0.0040,4.7860,1.5850,6.9456,0.0317,-0.1039,0.0113
5.3391,7.8506,1.0295,0.0324,-0.1007,0.0149,4.8985,1.5275,6.9288,-0.0136,-0.1460,-0.0144
5.3870,7.7285,0.8212,0.0218,-0.0474,-0.0249,5.0182,1.6951,6.6990,0.0237,-0.0894,-0.0132
5.3151,7.6327,0.7542,-0.0200,-0.0698,-0.0180,4.9105,1.6951,6.4308,-0.0201,-0.0715,-0.0269
5.2744,7.7237,0.6321,-0.0795,-0.0208,-0.0053,5.0805,1.8100,6.4643,-0.0590,-0.0176,-0.0083
5.3486,7.9080,1.0463,-0.1147,-0.0690,0.0185,4.9105,1.7358,7.2137,-0.0967,-0.0056,-0.0157
5.4516,7.9703,1.0582,-0.0409,0.0197,-0.0092,5.0302,1.7621,7.0749,-0.0113,-0.0148,0.0076
5.3702,7.8338,0.8978,-0.0644,-0.0433,0.0180,4.9225,1.7334,6.9145,-0.0552,-0.0336,0.0056
5.4516,7.7979,0.6201,-0.0308,-0.0177,0.0172,5.1715,1.7669,6.5218,-0.0161,-0.0476,0.0262
5.5689,7.6710,0.9266,-0.1664,-0.0073,0.0143,4.9440,1.4413,7.1036,-0.1351,0.0703,-0.0088
5.5905,7.7716,1.1253,-0.1025,-0.0005,-0.0083,5.0637,1.5060,7.1228,-0.0517,0.0093,-0.0015
5.5737,7.8219,1.2139,-0.0568,-0.0318,-0.0075,4.8315,1.5275,7.1275,-0.0418,-0.0241,-0.0053
5.3798,7.7788,0.8906,-0.0430,0.0397,-0.0312,4.9249,1.7286,6.8235,0.0080,0.0155,0.0177
5.4013,7.7309,0.7039,-0.0693,-0.0309,-0.0060,4.9991,1.7382,6.6702,-0.0361,0.0019,-0.0012
5.3965,7.8075,1.0199,-0.0934,-0.0216,0.0145,4.8937,1.7573,6.7588,-0.0730,-0.0144,0.0091
5.3606,7.7931,1.0080,-0.0695,-0.0137,0.0238,4.8267,1.5682,7.0605,-0.0529,-0.0212,0.0274
5.3486,7.7931,1.0989,-0.0749,-0.0085,0.0289,4.9297,1.7166,6.8498,-0.0745,-0.0059,0.0189
5.4420,7.7668,0.9816,-0.0438,0.0055,0.0424,4.8195,1.5945,6.9240,-0.0360,-0.0168,0.0509
5.4061,7.7716,0.7518,-0.0514,-0.0096,0.0542,5.0613,1.6400,6.5553,-0.0613,-0.0462,0.0582
5.4492,7.7668,0.8859,-0.0797,0.0286,0.0703,4.9775,1.7047,6.6942,-0.0890,0.0157,0.0773
5.6120,7.7045,0.9697,-0.0625,-0.0273,0.0949,4.9656,1.4868,6.9599,-0.0910,-0.0494,0.0675
5.7102,7.7285,1.0367,-0.0377,0.0470,0.0683,5.0326,1.4940,6.8378,-0.0481,-0.0136,0.0985
5.9400,7.5130,0.6153,-0.0628,0.0296,0.0071,5.4396,1.3120,6.6631,-0.0200,0.0152,0.0444
5.8083,7.6040,1.1277,-0.1351,-0.0228,-0.0470,5.1212,1.2857,7.1299,-0.0504,0.0294,-0.0406
5.4229,7.6758,1.0870,-0.0841,-0.0330,-0.0164,4.8530,1.4796,6.8498,-0.0440,-0.0213,-0.0021
5.5210,7.5824,1.0415,-0.0718,-0.0549,0.0003,4.8387,1.4246,6.8809,-0.0580,-0.0203,-0.0015
5.5091,7.7165,1.0678,-0.0739,0.0209,-0.0131,4.9799,1.5323,6.7469,-0.0572,0.0225,-0.0084
5.6216,7.6686,1.1205,-0.0667,0.0396,-0.0145,4.9105,1.4485,6.9097,-0.0332,0.0297,0.0145
5.4731,7.6926,1.0798,-0.1059,0.0137,-0.0072,4.9321,1.4844,7.0102,-0.0699,0.0360,0.0072
5.6647,7.6327,1.0702,-0.0829,-0.0113,-0.0099,5.0637,1.4269,6.9647,-0.0534,-0.0005,-0.0085
5.6862,7.5489,0.9912,-0.0797,0.0404,-0.0432,5.0087,1.3695,6.9528,-0.0069,0.0440,-0.0059
5.6886,7.6543,0.9529,-0.1019,0.0056,-0.0437,5.0805,1.4030,6.8714,-0.0244,0.0544,-0.0112
5.5091,7.7021,0.9625,-0.1092,-0.0084,-0.0521,4.9129,1.5730,6.8761,-0.0537,0.0316,-0.0366
5.6575,7.7045,1.2306,-0.1514,-0.0067,-0.0398,4.8866,1.5323,6.9647,-0.0829,0.0706,-0.0390
5.3917,7.6231,1.3144,-0.1326,-0.0119,-0.0253,4.6687,1.4940,7.1682,-0.0765,0.0580,-0.0135
5.3750,7.7788,1.1899,-0.0673,0.0168,0.0205,4.9752,1.6424,6.5098,-0.0798,0.0033,-0.0005
5.7150,7.5178,1.1133,-0.0421,-0.1885,0.0765,4.8890,1.2929,7.4627,-0.0769,-0.1727,0.0065
5.5138,7.7261,1.3408,-0.0358,-0.0302,0.0557,5.1236,1.4940,6.8091,-0.0839,-0.0782,0.0215
5.7748,7.5992,0.8380,-0.0420,-0.1074,0.0538,4.9775,1.2761,7.2449,-0.0693,-0.0769,0.0143
5.7078,7.5848,0.9122,-0.0364,-0.0381,0.0171,5.2409,1.4222,6.4596,-0.0460,-0.0653,0.0000
5.7509,7.4675,0.8954,-0.0971,-0.0449,0.0047,5.0422,1.2617,6.7732,-0.0819,-0.0115,-0.0211
5.7054,7.5872,0.9361,-0.1275,-0.0141,-0.0059,5.1523,1.3192,7.0485,-0.0842,0.0316,-0.0115
5.4923,7.6471,1.0606,-0.0609,0.0285,-0.0021,4.8698,1.4916,6.8498,-0.0249,0.0076,0.0442
5.6072,7.6806,1.0175,-0.0781,0.0024,0.0204,4.9608,1.3408,6.8929,-0.0638,0.0028,0.0344
5.7844,7.4603,1.0032,-0.0513,0.0264,-0.0036,5.0613,1.2091,7.0294,-0.0036,0.0161,0.0536
5.7796,7.4508,1.1349,-0.0743,0.0406,-0.0209,5.0829,1.1205,6.7660,-0.0292,0.0408,0.0148
5.8131,7.3765,1.2210,-0.0962,0.0262,-0.0378,4.8650,1.0534,7.0605,-0.0285,0.0502,0.0092
5.8562,7.6495,1.1612,-0.0743,0.0101,-0.0537,5.1404,1.2258,7.0030,-0.0101,0.0209,-0.0236
5.6264,7.6734,0.8619,-0.0658,-0.0196,-0.0794,5.0494,1.5419,6.7708,-0.0003,0.0096,-0.0578
