-4.8961,4.8171,6.6846,2.2599,-2.7772,-3.1421,-14.9781,-9.4308,-1.2043,4.2294,2.6610,1.4587
-4.6280,5.8179,3.8858,2.5904,-0.9832,-2.3888,-13.2304,-7.4388,-5.4684,2.7196,0.9918,4.3656
-6.2728,6.2848,3.4237,2.4259,0.2938,-1.6214,-8.0493,-3.0813,-5.7341,1.1330,-0.7425,4.3656
-7.5250,6.9983,3.3806,2.1301,1.3662,-0.1170,-7.2616,0.8045,-7.0533,-0.8957,-0.3384,4.3656
-5.9520,7.2520,1.9824,1.3125,1.8750,1.2176,-3.8738,3.9624,-4.2545,-2.9982,-0.6860,4.3656
-4.5825,5.4229,-1.7334,0.0666,2.7163,2.6304,-2.7605,5.6144,-0.4956,-3.4613,-0.8144,2.8020
-2.3559,4.9847,1.1037,-2.7220,2.8153,2.2993,-2.3415,5.4516,1.3168,-4.3657,2.2627,1.7060
-3.1484,5.3582,5.0661,-2.8925,3.3476,2.3046,-6.4787,3.5386,0.8859,-4.3657,4.3656,-0.0188
2.2410,4.7477,6.6152,-3.1103,0.7855,2.2491,-7.9320,1.2809,3.7086,-4.3657,1.0355,-0.9401
0.6297,4.5633,8.5688,-2.5075,0.4406,0.4457,-4.6064,1.6568,8.9615,-1.9386,-0.1050,-2.1416
2.5881,3.8140,8.1834,-2.1134,-0.5752,-0.3392,-0.7470,1.9417,9.7564,0.8432,0.2145,-4.3657
1.3599,3.4500,11.1163,-1.9509,-2.2044,-1.7589,-4.6591,-3.0550,5.6671,2.6384,1.1081,-4.3657
0.1867,4.0893,10.0940,-0.8785,-2.5266,-2.9016,-8.8753,-8.2217,8.1930,4.3656,0.9157,-4.3657
-1.2258,3.8283,10.2256,0.0366,-2.8927,-3.0246,-11.3557,-9.8976,2.9928,4.3656,1.7291,-4.3657
-1.6089,3.4381,9.5672,0.5496,-2.6412,-3.2163,-11.8872,-9.6917,2.7366,4.2405,2.0298,-3.2514
-2.7126,4.1755,7.5441,1.5688,-2.0023,-2.8719,-15.2415,-11.0708,0.8619,3.2586,2.0359,-0.0536
-3.2801,4.9249,8.2025,1.6928,-1.0680,-2.3442,-15.0787,-11.1402,0.7949,2.1945,2.0940,4.3649
-3.4022,5.2265,6.7493,2.7868,0.3465,-1.9658,-11.0899,-7.1754,-0.6871,1.3022,0.6098,4.3656
-5.8873,5.6551,4.7285,2.6806,0.9615,-0.7059,-6.3494,-3.3208,-2.4038,1.6253,-0.8035,4.3656
-2.9161,5.5450,3.9672,2.3022,0.8811,0.2125,-4.2377,1.3168,-4.5777,0.3647,-0.1561,4.3656
-3.9624,6.0358,3.1651,2.0483,1.9485,0.2884,-3.1939,5.2170,-2.1117,-0.7453,0.6815,4.1148
-6.5434,7.9344,3.7828,1.2147,2.0741,1.1686,-7.8099,5.7461,-5.8299,-1.8664,1.8875,3.4892
-3.6296,6.0908,0.5291,-0.1383,0.5686,3.2999,-0.2705,8.3821,-4.8195,-3.8388,-2.5366,2.0869
-2.5067,4.4341,-3.5985,-2.7010,1.4244,4.1258,5.1332,7.8171,-1.9872,-4.3657,-3.1295,-1.3519
1.8220,2.2051,0.6895,-4.3657,2.6834,3.4664,2.6312,-0.0048,-2.5474,-4.3657,3.3710,-4.3657
4.2138,2.2745,7.9487,-4.3657,0.3283,1.7393,-6.0094,-9.3063,14.4514,-4.3657,3.1241,-4.3657
5.1044,3.3088,16.8863,-3.3513,-0.8560,0.7418,-13.9462,-12.0835,14.5328,-0.0536,0.4442,-4.3657
7.6950,1.7980,14.8105,-0.8633,-1.2155,-1.9105,-11.8154,-10.7955,15.4689,2.5321,0.7254,-3.0911
3.8642,1.9489,12.8018,1.3793,-1.1485,-4.2449,-6.9599,-8.2337,8.1570,4.3656,2.5988,-2.2386
0.0670,2.4373,8.6766,1.9986,-1.9545,-4.3657,-11.1570,-9.4188,4.1803,4.3656,3.6484,-1.6898
-2.6432,3.7445,7.0892,2.3818,-1.3134,-4.3657,-13.0484,-9.7348,0.8787,3.9522,3.5526,2.7960
-3.8044,4.0199,6.3997,2.6713,-0.5345,-3.5964,-6.5817,-3.8642,-0.4812,3.8095,0.4986,3.6569
-5.5952,5.8514,3.7469,2.3064,-0.1220,-1.9927,-9.3182,-3.5003,-2.9185,2.5550,2.7450,4.3656
-4.9344,6.5170,4.6017,2.3101,1.3043,-0.9607,-9.5026,0.0479,-6.8331,0.6382,0.7945,4.3656
-7.8290,7.3263,1.8723,2.0130,2.7031,0.4132,-7.2018,3.6607,-8.6694,-1.4497,0.1512,4.3656
-5.3534,5.8466,-0.7829,-0.2246,3.5413,2.4208,-3.8523,5.7437,-5.7868,-4.3657,0.6722,4.2579
-7.0198,5.7676,1.6233,-1.6094,4.3656,3.1889,-3.3208,6.1459,-5.0350,-4.3657,2.7310,2.1769
-2.4469,2.1644,-0.9290,-3.8015,2.3723,3.8301,0.4310,4.2066,-3.2250,-4.3657,-0.0726,-0.6532
0.9768,1.6376,5.3486,-4.3657,0.3663,2.8474,4.3479,1.4246,6.5098,-4.3657,-1.6878,-4.3657
4.0510,2.4373,11.0732,-4.3657,-0.4294,2.2893,-3.4261,-5.3582,7.2712,-3.4912,2.7977,-4.3657
6.3135,2.8706,8.3222,-3.8900,-3.2547,-0.2145,-8.6072,-8.1834,15.2511,0.0762,-0.7310,-4.3657
5.7030,3.2058,17.2406,-2.4740,-2.6748,-1.2610,-7.9440,-10.8625,16.2925,2.9054,-0.9241,-4.3657
4.9871,2.2936,13.9869,0.8892,-1.4206,-3.8228,-14.6477,-13.5847,10.2448,3.7932,4.3656,-4.3657
-0.2921,2.0710,8.4060,1.4409,-0.9767,-4.3657,-7.2353,-7.7548,3.9983,4.3656,1.5673,-0.6760
-3.6392,5.3391,6.2273,1.3310,0.0663,-1.8606,-11.6358,-5.4468,-3.1484,1.8858,1.1604,4.3656
-4.1180,5.0925,5.2146,1.6393,0.8756,-0.8760,-10.8050,-3.4572,-4.3191,1.0603,-0.2130,4.3656
-3.9887,5.7940,5.4300,1.2105,0.8956,0.3365,-12.1841,-1.5107,-5.5043,-1.0500,0.9333,4.3656
-5.1380,6.2656,5.8897,1.1191,2.0827,1.4621,-7.5633,0.9313,-5.3103,-3.5541,0.4446,4.3656
-5.1427,5.6838,3.8786,0.6985,2.6670,2.4337,-1.9058,4.0223,-0.5602,-4.3657,-1.7652,4.1715
-1.6544,4.4843,2.2745,-0.5489,2.5687,3.5785,-2.1356,4.3527,4.3958,-4.2515,1.6748,2.1241
2.4828,3.5267,2.4972,-2.3198,1.4432,2.9031,2.4205,6.9288,2.5618,-3.8341,0.9475,-1.2007
1.1516,3.4836,4.8890,-3.0194,0.8154,1.9259,5.6336,4.6591,3.7685,-2.1965,-0.1075,-4.3657
4.8435,3.1556,6.3135,-3.9009,-1.9273,1.5111,-7.7907,-6.2201,7.7524,-1.9055,1.5933,-4.3657
5.1643,4.3383,11.3749,-3.4498,-2.3399,0.0769,-8.7005,-6.5984,11.5113,0.8286,1.6104,-4.3657
6.4643,2.6528,14.5304,-0.8055,-1.4337,-1.9003,-8.5952,-9.0070,12.7946,3.1854,-0.9297,-4.3657
2.0949,2.8060,10.2544,0.2859,-1.9133,-3.6961,-15.6940,-12.5887,7.9727,3.6545,4.3656,-1.7829
0.8787,2.9473,9.6223,1.1217,-1.4060,-3.9368,-9.9958,-7.4723,3.0742,4.0528,0.9834,0.8310
-2.0494,3.6296,7.5968,1.4429,-0.4891,-3.8391,-10.2927,-6.4308,0.7805,3.3275,1.6848,2.9945
-3.1939,5.0326,5.7102,1.6822,-0.0568,-2.8549,-10.0580,-4.2593,-1.7573,2.4547,1.9919,4.2767
-3.8427,5.5067,7.0318,1.7529,0.7349,-1.7195,-9.8857,-2.8228,-2.3655,1.5836,-0.4009,4.3656
-4.8028,5.6647,5.7006,2.3954,1.7271,-0.9245,-13.0101,-2.7892,-4.2976,-0.2260,1.5691,4.3656
-7.3574,6.5003,4.3359,1.9829,2.4491,0.7165,-5.5210,2.1715,-6.8690,-2.5630,-0.2248,4.3656
-5.7652,5.4708,1.6592,1.2009,3.0684,2.4180,-2.8443,4.5466,-2.3080,-4.0930,-1.3847,4.3656
-6.3805,5.0159,1.1851,-0.6360,4.0601,3.7699,-2.9664,5.6360,-0.8236,-4.3657,2.9214,2.3498
-3.1532,4.3934,5.9640,-2.0362,3.3620,4.3656,0.1820,6.3351,-5.3893,-4.3657,3.2622,-1.9057
6.5194,1.5131,1.0654,-4.2495,-1.7499,2.9475,7.4124,3.0478,13.8098,-3.1925,-4.3657,-4.3657
9.1411,1.8052,4.6328,-4.3657,-3.2511,1.0678,0.3879,-4.6280,11.7148,-1.4116,-1.2598,-4.3657
9.0764,3.6057,14.1737,-3.8263,-1.0457,-1.7797,-7.6710,-8.7173,14.4490,0.3623,4.3656,-4.3657
4.5610,3.5530,10.6614,-1.5961,-2.3363,-4.0091,-12.8114,-9.0549,14.2431,3.8084,0.6682,-4.3657
3.2394,3.1987,12.1602,-1.4113,-2.5291,-3.9484,-9.3326,-9.5481,3.9289,4.3495,0.1917,-3.5713
-0.1221,3.1723,11.2695,0.2896,-0.5560,-4.2490,-12.7180,-10.0126,3.7326,2.7431,4.3656,-2.4201
-4.5538,4.8243,8.1187,2.0205,1.5839,-1.0629,-8.7245,-2.3942,-4.8411,-0.4651,-0.2086,4.3656
-4.7214,4.5897,0.9290,1.5280,2.3124,1.7881,-6.9576,1.2474,-1.0702,-1.7215,0.8515,3.1925
-1.0487,3.4764,0.9577,-0.2358,2.5840,2.7348,-1.8268,4.1132,-1.1396,-3.0345,0.5813,2.3916
1.2450,2.7078,1.5203,-1.8158,2.4118,2.5222,1.6664,4.6208,1.7119,-3.6700,0.7148,0.3758
2.5690,1.8196,2.5450,-3.1140,1.1254,1.9994,1.9369,2.8515,1.3551,-3.5826,0.9425,-3.8225
6.0549,0.0646,3.6990,-4.3657,-1.8715,0.3828,0.9720,-1.9632,7.8099,-2.5195,-0.7717,-4.3657
5.0685,-0.3400,9.5457,-4.3657,-3.4236,-0.8159,-1.8172,-7.3167,8.5042,-0.7524,-1.4638,-4.3657
4.0606,0.3687,18.4976,-3.5839,-2.3730,-1.3947,-10.3980,-13.7714,11.8010,0.3327,1.5223,-4.3657
3.1029,-0.1149,13.0580,-0.6452,-1.6453,-2.4539,-17.9517,-15.7515,11.0109,2.3491,0.9990,-2.3525
0.7183,0.5890,11.1546,2.4124,1.3047,-2.2764,-9.7492,-9.6774,4.4101,2.8539,3.1902,3.4963
-1.4174,1.5730,10.5967,2.7636,1.4789,-1.7361,-8.7436,-5.7844,1.4341,2.2343,1.8610,3.4641
-1.6544,2.8754,8.6957,3.5549,2.1890,-1.2313,-10.8098,-4.2138,0.3184,1.3937,2.1992,3.4420
-3.5171,4.1132,5.3630,3.4621,2.7452,-0.5283,-7.5346,-0.6009,-2.7102,0.2753,1.4734,4.3656
-4.3120,4.2689,2.8084,2.8879,3.3799,0.2666,-5.1978,1.8364,-3.3567,-1.0495,0.9613,4.3656
-3.1029,4.3144,2.4636,1.6094,3.0662,1.0019,-2.3703,3.9289,-0.9002,-2.1691,0.8660,3.6661
-5.1930,4.9608,0.7638,0.4575,3.1327,1.5797,-4.6017,3.9768,-1.4389,-2.5059,1.6659,2.6585
-4.4843,4.1492,1.7621,-1.1763,2.2468,2.9601,-3.3279,4.6543,-2.3080,-3.4045,0.4690,1.1230
-1.1660,3.0574,1.1133,-2.4958,1.2883,2.9846,-1.4605,4.4245,-2.1644,-3.8189,0.1765,-1.0018
-1.1516,2.6264,3.8714,-4.0215,0.4076,2.5702,0.0048,2.1691,-2.5211,-4.3657,-0.5574,-3.4145
2.8204,0.3759,3.5554,-4.3657,-1.9626,1.9061,-0.3448,-3.9097,8.4348,-3.8757,-2.4717,-4.3657
6.8761,-1.6065,10.9990,-4.3657,-2.1306,0.4731,-4.3551,-8.4156,11.0253,-2.4012,0.6803,-4.3657
2.3750,0.5674,19.6127,-3.7892,-1.3135,-1.3066,-12.4546,-13.0747,11.9902,0.5757,2.5095,-4.3657
2.3176,1.1947,15.8688,-0.2065,-2.0348,-2.6287,-18.2678,-13.9821,8.6311,2.7031,0.3688,-2.2275
-1.6305,1.6376,13.4913,0.8680,-1.1235,-2.3453,-13.5009,-10.4914,7.1491,3.2460,-0.9654,1.6319
-0.9744,1.5993,11.5041,2.5410,1.0580,-2.1830,-10.7571,-8.0038,3.3423,2.8845,3.1296,2.1833
-1.7238,1.9441,9.2943,3.0109,1.2610,-1.8399,-9.0237,-5.7006,1.4844,2.3427,1.7385,4.0035
-2.5259,2.5714,7.3358,3.4210,1.2140,-1.1984,-10.0892,-4.0606,-1.3072,1.8441,0.5003,3.6078
-4.0294,3.2777,6.1292,3.4967,2.0035,-0.4594,-2.8898,1.4748,-0.9385,1.3788,0.5096,2.9771
-5.1906,3.9887,1.3910,3.2796,2.3585,0.5736,-6.8307,0.9984,-3.0885,0.4441,1.5657,2.9348
-4.1013,4.7262,-0.0910,1.2177,2.9767,2.0619,-5.0733,3.5267,-5.2241,-1.7393,0.9781,2.0643
-2.7533,4.3096,1.0654,-0.6933,2.9842,2.7200,-4.1755,3.4093,-3.1867,-3.7964,1.3123,1.0075
4.7836,2.8874,10.9104,-4.3657,-3.3314,-0.7827,-11.5448,-8.7939,14.6501,-0.8715,0.7099,-4.3657
3.0071,4.5945,18.5886,0.2093,-1.6642,-2.2002,-17.3699,-9.2584,11.4754,2.7191,-0.8408,-0.7412
0.6369,2.7461,10.5393,1.7189,-0.3401,-2.7283,-11.1091,-6.7325,8.0780,3.5657,-0.6941,0.5849
-1.6759,2.7773,8.8035,1.8736,0.6245,-2.9288,-10.1442,-5.0063,2.1428,2.7956,3.6744,1.2015
-2.9640,3.3830,9.7827,1.8596,0.5183,-2.1657,-8.9184,-2.5474,1.0104,2.5041,0.5740,1.9666
-4.0989,3.7757,6.5170,2.4028,0.9148,-1.6097,-12.3589,-3.3327,-1.1492,1.8173,1.1422,1.9806
-5.7724,4.5610,5.2170,2.1031,1.4861,-0.6660,-8.8035,-0.3065,-2.2194,0.6219,1.0176,3.1978
-6.3039,4.5370,3.0287,1.9709,2.5363,0.5680,-7.2042,1.7478,-4.4388,-0.2181,0.5842,2.3069
-6.3015,4.3455,0.4429,0.3449,2.7260,2.2625,-4.6017,3.9911,-6.6104,-2.5035,1.2430,2.0013
-3.0287,3.4165,-0.8045,-1.6050,2.0908,3.2418,-1.9848,4.0366,-2.4229,-4.3043,-0.4281,0.5320
0.8739,1.6759,0.8356,-3.8031,1.8199,3.0118,0.3065,2.7007,0.8882,-4.3657,0.3552,-1.4550
4.6160,0.7494,8.3965,-4.3657,0.4214,1.8323,1.3479,-1.2139,8.3246,-3.7455,1.3891,-4.3657
5.1906,2.2529,15.8065,-3.6392,-2.6008,-1.5732,-9.4858,-9.0022,13.1801,0.4655,0.9856,-4.3657
1.0582,3.4022,15.3780,-1.1060,-2.8082,-2.9663,-18.6149,-11.8776,10.3693,3.0370,-0.0825,-3.5034
-1.8890,2.4277,12.2727,0.5676,-1.1334,-3.6974,-11.9231,-8.5952,4.6591,3.6427,0.4113,-0.4966
-5.4229,2.8611,10.5752,1.6772,0.1290,-2.9809,-13.5248,-8.4898,1.3791,3.0254,2.9507,1.0721
-6.4500,3.5195,7.8386,2.3196,0.6988,-1.8378,-12.3661,-5.6336,-3.8379,2.3092,1.3901,2.6279
-5.2625,3.6512,4.9560,2.3711,1.4368,-0.7600,-9.5672,-3.2058,-3.5554,0.8916,0.8148,4.0637
-5.5498,3.6847,4.4700,2.0821,2.1882,0.0461,-10.2759,-1.6305,-5.4157,-0.7201,1.8153,3.5034
-7.0581,4.5131,3.7709,1.5156,1.8648,1.2939,-3.8882,2.4110,-5.5952,-2.1638,-0.8480,4.3656
-6.3710,3.6057,-1.4365,0.2529,1.9614,2.8370,-4.3670,2.6935,-3.9409,-3.1111,-2.0005,3.0688
-0.7350,1.9680,-1.0175,-2.4288,2.1108,3.2023,2.0782,4.9225,-1.3862,-4.3657,0.3876,1.4536
-0.6967,0.6345,1.6975,-4.3100,2.2012,2.2544,2.8587,3.2441,-2.6935,-4.3657,2.1563,-3.4787
4.7669,-1.2546,5.8778,-4.3657,-1.2565,1.3592,1.2929,-3.7230,6.8570,-4.0640,-0.8513,-4.3657
4.6136,-1.0319,11.3006,-4.3657,-3.4327,-0.6363,-4.9344,-10.9654,16.5104,-1.1138,-0.5536,-4.3657
6.1339,-0.6321,19.6127,-2.8952,-1.9614,-2.3806,-13.1490,-15.4306,14.2383,2.4620,3.2119,-4.3657
1.9752,-2.0590,15.6389,0.9517,-1.5058,-4.3657,-14.3245,-15.2104,9.6486,4.3656,1.6535,-2.5512
-2.8323,-1.7334,11.7244,1.6321,-1.0984,-4.3657,-9.5313,-13.1490,3.9744,4.3656,1.0115,-0.4175
-3.6057,-1.0630,11.7627,2.4340,-0.4426,-4.3657,-10.3860,-11.4491,0.5650,4.3656,4.2060,0.1320
-5.2816,1.2977,8.7508,3.1531,0.0580,-3.6591,-11.9997,-8.8801,-3.3878,4.1549,1.7079,3.1133
-5.7365,2.5881,6.1268,2.9593,0.6474,-2.3209,-9.7013,-5.1667,-4.1851,2.7522,0.1611,4.2306
-6.4739,3.3615,5.0494,2.9940,1.7429,-0.8304,-8.9256,-1.8148,-5.5474,0.7358,1.5735,3.8373
-6.2728,4.2425,2.8778,2.5876,2.1312,0.6793,-5.5019,1.4078,-4.7860,-0.8200,0.2503,4.2101
-5.7700,3.6416,-1.7454,0.9832,2.6269,2.6404,-3.5698,3.8834,-5.0949,-2.1769,-0.5754,2.2914
-4.4748,3.3399,-0.1939,-1.7572,2.9640,3.5432,-0.9313,5.0685,-5.3606,-4.3657,1.3207,0.6250
-1.0439,2.5618,0.2825,-3.7185,2.6184,3.6255,-0.7278,2.4900,-2.1955,-4.3657,0.7404,-2.1097
4.0773,-0.7470,3.9169,-4.3657,-0.1931,3.0102,0.1628,-2.2697,6.5266,-4.3657,-1.3562,-4.3657
9.6630,-1.8100,12.3110,-4.3657,-3.2931,0.7785,0.5722,-6.7397,16.2471,-2.1651,-1.6371,-4.3657
6.2728,0.8380,19.6127,-3.0415,-3.1006,-2.3413,-10.3477,-14.8991,16.7427,1.5688,1.5944,-4.3657
4.0438,-0.5794,17.0204,0.4068,-2.0969,-4.0757,-17.8560,-17.7865,16.5894,4.3656,1.8241,-3.4290
0.2298,-1.1085,12.0141,2.1157,-0.3689,-4.3657,-11.5784,-14.2958,5.2194,4.3656,3.2530,0.8721
-4.4173,1.0726,11.0277,2.6915,-0.1235,-4.3657,-8.7149,-8.7628,-3.0478,4.3656,2.9994,2.6452
-3.8355,2.8994,8.3318,2.6878,-0.1892,-2.7728,-13.6709,-7.9272,0.2418,3.1277,0.9747,4.3340
-4.6184,3.8379,6.6655,3.1312,1.4270,-1.7620,-9.9072,-2.8563,-5.1906,1.8321,0.4089,3.8289
-6.9001,4.7501,4.0342,2.7181,2.0190,0.1053,-6.6702,0.4956,-6.3015,-0.2439,1.1369,4.3048
-6.7947,4.4460,0.3089,1.4939,2.9192,2.2188,-5.4420,1.9417,-5.7796,-2.8389,-0.1808,4.1652
-3.3303,3.1987,-0.9505,-0.6560,3.2937,3.6198,-1.3001,3.3543,-1.9561,-4.3657,0.2666,3.2662
-3.9863,1.8076,0.3615,-2.8256,4.1772,3.7458,0.3711,3.3974,-1.5562,-4.3657,2.3826,0.8801
-0.8499,-0.6153,2.3200,-4.3657,3.2612,3.9408,-0.9553,0.4549,-2.4205,-4.3657,2.3367,-2.0340
3.9624,-2.8108,6.1914,-4.3657,0.4106,2.5355,0.1077,-3.3471,3.5291,-4.3657,-0.0053,-4.1657
5.1427,-2.7869,10.5800,-4.3657,-2.5299,0.3785,0.1748,-7.4651,12.3421,-2.8490,-1.9117,-4.3657
5.8921,-1.1516,18.8615,-4.1063,-3.7593,-0.2558,-10.3908,-13.5871,11.9447,0.6660,-0.1803,-4.3657
4.5346,-1.0319,16.1273,-1.2748,-2.9701,-2.9492,-15.8616,-14.0851,13.1226,2.6313,0.2034,-3.0934
0.5435,-0.8643,14.7986,0.3150,-1.9360,-3.0469,-10.6757,-12.7707,12.7036,4.3044,-2.5221,-0.4182
2.1524,-1.1636,12.9191,1.6808,-0.1692,-2.9195,-9.4906,-10.7667,4.6017,3.8388,3.3883,-0.2082
-0.2610,-0.3089,9.7947,2.3148,1.1086,-2.7763,-10.3406,-8.1618,2.8659,2.6410,2.8024,1.5539
-1.7310,1.1708,9.2344,2.1613,0.7218,-1.8700,-8.4491,-5.4708,1.5251,2.4275,0.3214,2.3639
-1.8316,2.0399,7.4196,2.3066,1.1135,-1.2550,-9.5457,-3.8259,0.4046,1.5796,1.9910,2.2697
-3.5291,2.9042,5.8873,2.2940,1.7804,-0.6600,-10.2568,-2.8180,-1.5036,0.5165,1.9950,3.1870
-4.2641,3.2825,5.6838,1.9504,1.6725,0.7123,-7.6591,-0.5483,-4.5059,-0.8442,0.1058,4.0345
-5.7126,3.3662,2.8826,1.4703,2.3649,1.8890,-4.7381,1.4700,-3.9720,-2.2793,0.0401,3.2062
-5.1380,2.9568,0.6560,-0.0501,2.8137,3.5177,-3.8618,2.0758,-3.5745,-3.9575,0.9766,1.8598
-3.3495,1.4174,0.5602,-2.0659,3.2198,4.2886,-3.3136,1.1899,-3.9911,-4.3657,1.4256,0.7286
5.6431,-0.8763,17.2718,-4.3657,-2.0793,1.2096,-10.0963,-11.6286,14.2000,-1.6979,0.9108,-4.3657
4.6974,-0.1365,17.3675,-1.1784,-2.1655,-1.4190,-14.8560,-12.0620,12.1745,1.8161,-0.1970,-3.0768
1.0175,-0.3519,14.9925,1.0961,-1.4667,-1.9785,-13.9702,-11.9950,9.1722,3.6788,-1.7344,0.3872
-1.4964,0.0335,11.3581,2.7864,0.8807,-2.6698,-12.9407,-9.7420,2.3439,2.9447,3.1616,1.2662
-5.0374,2.3870,10.4770,3.2494,1.0652,-1.2371,-16.1202,-8.8035,-1.9106,1.4140,1.8150,4.1172
-5.1356,3.0382,7.7069,3.8447,1.8567,-0.1900,-7.4747,-3.0430,-1.7789,1.0122,-1.1326,4.3656
-4.8267,3.0765,3.3639,3.3887,2.2755,0.8358,-5.5306,0.2801,-3.4668,0.1191,0.5769,4.3656
-4.3814,3.3902,2.3990,2.0572,2.2074,1.6056,-5.2601,1.7693,-2.3774,-1.3271,1.9945,3.8605
-3.2968,3.5458,1.5682,1.1960,2.2427,1.9457,-2.1835,4.2928,-1.7262,-1.7154,-0.0560,2.7372
-2.7318,3.4572,1.4413,-0.3661,1.3695,2.1472,-1.7789,4.8794,-3.1795,-2.2932,0.1095,0.7711
-0.4597,2.9018,0.6632,-1.6494,0.6371,2.3295,-1.2809,3.5506,-2.1883,-2.8484,-0.0119,-1.5232
1.8962,1.3455,2.2003,-4.1836,-1.5958,0.6856,0.3735,1.3096,2.1213,-2.7944,-2.4372,-3.3774
4.2042,-0.6704,4.0366,-4.3657,-3.4434,0.1700,1.6089,-3.1316,6.5601,-2.4698,-2.7255,-4.3657
5.9568,0.1125,12.9071,-4.3657,-3.0493,-0.2361,-3.2801,-8.9950,10.3669,-1.8365,-0.0264,-4.3657
4.6855,1.0056,19.6127,-2.8875,-2.2094,-1.7192,-16.7929,-15.7874,16.2399,0.5315,2.9501,-4.3657
4.2425,0.1173,15.9190,-0.2809,-1.8579,-2.7784,-17.5184,-14.4179,13.0125,3.2608,-0.7950,-0.3561
1.6903,-0.7781,12.9287,1.5159,0.2558,-3.5036,-9.1459,-10.7308,7.7835,4.0076,0.5395,1.2961
-0.3424,-0.0048,11.5975,2.5262,0.9658,-3.3645,-6.6750,-6.8163,2.1117,3.7101,3.9979,1.7408
-2.7270,1.8292,8.9304,3.0439,0.7570,-2.7595,-12.0141,-6.7014,1.4246,2.9555,1.6423,2.9515
-3.5410,2.7892,7.9464,3.6356,1.6327,-1.7148,-7.9033,-2.8299,-0.4525,2.5776,0.2346,2.5447
-4.9799,3.4333,4.9321,4.0701,3.0090,-0.2918,-7.5106,-0.1173,-4.7309,1.0848,3.4776,2.4115
-4.8339,3.9959,-1.2354,2.7575,3.0405,0.9806,-6.0478,1.5897,-4.0773,-0.8210,1.0701,2.5567
-2.4277,4.3120,-0.1484,0.4513,2.5917,1.8898,-3.1220,3.7397,-3.7254,-2.2244,-0.0429,3.2211
-2.3463,4.3574,1.0726,-0.8942,2.6513,1.9319,-2.6456,3.8882,-0.7542,-3.0752,1.4878,0.9590
-1.2665,3.6559,1.9058,-2.4289,1.4923,1.6876,-2.5594,3.2705,-3.4955,-3.8000,0.4626,-0.6297
1.1612,1.7526,2.4014,-4.0068,-0.5450,1.4553,-0.0407,0.9673,2.7078,-3.9081,-2.7459,-2.5150
5.9328,-1.0870,6.1483,-4.3657,-2.3545,0.2437,1.8364,-2.8515,9.3996,-3.1884,-1.8126,-4.3657
5.7724,-1.2498,12.8497,-4.3657,-2.0695,-1.6189,-3.9983,-9.5074,13.8265,-0.9053,1.4914,-4.3657
1.4653,0.6752,19.6127,-2.2827,-1.7465,-3.2302,-18.5407,-17.5351,15.8185,2.2487,3.9678,-4.3657
1.5490,-0.1437,16.0819,1.8450,-1.1996,-3.9202,-19.6133,-16.6900,9.1937,4.3656,0.9178,-0.2080
-2.0087,-0.5435,10.0676,2.7484,0.6282,-4.3657,-8.6814,-9.7300,2.2098,4.3656,0.2706,2.1508
-5.5785,1.0582,10.1083,3.4103,1.3887,-3.0947,-9.6582,-6.9097,-1.5850,3.1793,4.3656,2.1362
-4.2329,1.9130,6.2872,3.4315,0.8283,-2.0969,-9.2344,-4.3335,-2.7414,2.7825,0.9188,3.9394
-5.1787,2.8084,4.2353,3.1693,1.0769,-1.1111,-7.2449,-1.0439,-4.6232,1.8455,-0.6873,3.1032
-5.9304,3.7421,3.0646,2.5747,1.5473,0.5101,-5.6312,2.1332,-5.6814,0.3451,1.4599,2.4171
-4.6376,4.3622,-1.1157,1.2007,1.9219,1.5529,-5.9520,2.4157,-5.0398,-2.1312,-0.3467,3.0609
-3.4596,3.9528,0.7302,-1.1386,1.4955,2.1893,-1.4868,4.5801,-4.6855,-3.3735,-0.7645,1.5138
-2.5331,2.7031,0.3998,-3.5801,0.8255,2.4469,-1.0918,2.0853,-3.4955,-4.3657,-0.5237,-0.9727
0.7374,0.1437,1.7334,-4.3657,-0.3664,2.3176,0.9601,-2.1141,3.3471,-4.3657,-1.6972,-3.5074
5.1044,-0.7566,8.7963,-4.3657,-1.7674,1.8038,-3.9576,-7.5130,12.0117,-4.3657,-0.1937,-4.3657
10.9367,-1.9561,14.1856,-4.3657,-2.5827,-0.7931,-3.1173,-8.2552,16.8336,-0.7695,0.0068,-4.3657
4.8626,-1.0678,19.3332,-1.8895,-1.9701,-3.3408,-6.3470,-12.6198,16.9964,2.4050,0.6173,-4.3657
5.1834,-1.8794,16.0268,0.2461,-1.9666,-4.3657,-12.9598,-16.2734,13.6900,4.3656,3.5184,-4.3657
1.1516,-1.9968,12.5552,1.6313,-0.6859,-4.3657,-10.5632,-13.2687,5.8562,4.3656,2.2439,0.0498
-2.0590,-0.4764,9.7827,2.4969,-0.0921,-4.3657,-7.6950,-8.7245,0.7877,4.3656,1.8858,0.0353
-2.6264,1.3838,8.8226,2.3126,0.1665,-3.3999,-10.1035,-7.2903,1.7478,3.7672,2.8984,1.3034
-3.5841,2.5211,7.3861,3.2482,1.5632,-2.4329,-9.6271,-5.4013,-1.4724,3.2655,2.2632,2.9521
-5.0206,3.4453,4.8698,3.1018,1.6713,-0.7506,-8.6455,-2.2697,-5.6072,1.2724,1.4120,3.5494
-5.7533,3.8355,3.2585,2.4645,2.0447,1.0862,-5.5186,0.9840,-6.1292,-0.6596,0.6139,3.7798
-4.5969,3.5674,1.4557,1.3310,2.4830,2.5866,-4.0821,1.9944,-4.7214,-2.9631,-0.2455,3.1979
-2.4780,3.1556,-0.0551,-0.6122,2.5394,3.7702,-2.8970,2.0255,-3.7637,-4.3657,-0.2089,2.7248
-0.1508,1.6975,-0.1413,-2.8562,2.1702,3.8095,-0.2059,1.1037,-0.0551,-4.3657,-0.3623,0.7650
0.1820,0.2969,2.3942,-4.3657,1.3619,3.3333,1.0511,-0.7733,2.7294,-4.3657,-0.0160,-1.8607
5.9687,-1.9369,7.7452,-4.3657,-0.2249,3.1002,-0.5124,-5.0494,9.9575,-4.3657,0.3107,-4.2561
8.3725,-1.8531,14.3293,-4.3657,-1.5904,1.1871,-7.0773,-9.2751,13.8169,-1.7797,1.4317,-4.3657
6.0142,-1.3862,19.1273,-2.3738,-3.1383,-1.4220,-8.0709,-11.5496,18.0810,2.2023,-1.5560,-4.3657
8.0685,-1.9513,15.5384,-0.3152,-2.8129,-3.1868,-13.8840,-15.3373,16.4386,4.2470,0.4752,-2.3081
2.1859,-1.5586,15.6892,2.0364,-0.3848,-4.2541,-11.9566,-12.1697,6.6463,4.3656,2.6625,0.3475
-0.7350,0.4956,11.2599,3.2381,0.1280,-4.0625,-12.0907,-10.0796,4.6208,4.3656,1.5687,2.4024
-2.3343,2.4636,9.4044,4.1246,0.8568,-2.7430,-10.9654,-6.2225,1.1109,3.5773,1.8193,2.9219
-2.5786,3.3495,6.1531,4.3656,2.2444,-1.8000,-7.7381,-2.8132,-2.3224,2.6608,2.4127,4.3656
-6.3207,4.8076,2.7438,4.3656,2.8550,-0.3464,-4.9201,1.3312,-4.5514,1.1487,1.3588,4.1859
-5.4013,5.0805,-0.4334,2.6694,3.1163,1.9859,-4.2258,3.9097,-6.4165,-1.5460,1.2624,4.0400
-2.0925,4.7669,-0.5866,0.2614,3.6266,3.1726,-2.0303,5.3534,-3.1747,-4.0151,1.1936,2.4447
-1.1037,4.6376,-0.3160,-1.9497,3.4841,2.6494,-2.0446,4.2856,-1.3072,-4.3657,1.3733,0.5441
-0.8284,3.3758,1.1181,-3.8423,2.9715,2.6208,-2.4445,2.0207,-2.3559,-4.3657,1.0881,-1.0440
4.3527,-1.4988,14.5400,-4.3657,-1.1834,1.2589,-7.2185,-10.5824,14.3580,-3.0826,0.0814,-4.3657
2.4181,-1.0080,16.5487,0.5701,-1.8740,-2.8513,-16.8600,-14.7124,10.0748,3.4262,0.0766,-1.3197
0.4884,-0.7039,14.1473,1.9549,-1.0361,-3.2283,-11.1953,-11.5879,7.4388,4.3649,-0.2340,1.6493
-1.5036,0.8428,11.7196,3.5453,0.5741,-3.6038,-12.5815,-9.5241,1.9585,3.7806,3.3012,1.8532
-3.1364,2.9784,8.7891,4.2685,1.2637,-2.3533,-11.8082,-6.5122,-0.1508,2.9597,1.8125,4.3656
-5.2984,4.3742,4.7573,4.3656,2.0761,-0.9260,-7.2808,-1.2785,-2.0039,2.0182,0.0973,4.1684
-4.1204,4.7573,0.5770,3.2275,3.4707,0.1912,-4.8914,2.0973,-4.2784,0.0115,2.8361,3.5017
-4.1348,5.1356,1.0415,1.6657,4.3067,0.7843,-5.0015,3.4261,-4.0055,-1.7981,3.3049,2.8562
-4.6017,4.5897,0.2586,0.0116,3.2654,1.5748,-5.5378,3.1891,-3.6440,-2.9516,1.3266,2.1442
-4.0127,4.2234,1.9393,-1.5521,1.7348,2.3810,-3.2537,3.9720,-3.3375,-3.2301,-0.0081,0.9068
-3.6679,3.5267,0.1915,-2.4291,1.2088,2.4960,-3.8235,2.5426,-5.2170,-4.0308,-0.2386,-0.5059
0.6656,0.3376,-1.0702,-4.3657,0.0580,2.5294,-1.3527,-0.0670,0.0215,-4.3657,-1.2858,-1.4914
3.9935,-2.9329,3.2370,-4.3657,-1.7942,0.7216,6.2010,-1.2019,8.0206,-4.2777,-1.7952,-3.9281
4.8147,-3.9193,16.0412,-4.3657,-2.6601,-0.6837,-0.3112,-10.8218,11.3988,-1.7387,0.6062,-4.3657
6.2177,-1.3503,19.6127,-3.9210,-2.2382,-3.0161,-13.2328,-17.4226,14.1641,1.8094,3.6103,-4.3657
1.6233,-1.1947,18.1792,-0.3748,-2.9938,-4.3657,-19.3523,-17.8943,10.0365,4.3656,-0.2649,-3.0569
0.7518,-1.2522,13.1944,0.9931,-1.4847,-4.3657,-11.2288,-13.9678,9.7971,4.3656,-0.6154,0.3076
-2.4995,-0.0551,11.7651,2.9260,1.3157,-4.3657,-8.6862,-10.0724,1.5634,4.3656,4.3656,1.2537
-3.5817,2.2553,9.3087,3.6208,1.0648,-2.7380,-12.1913,-8.4587,-0.6393,3.4383,2.2924,3.7579
-4.3742,2.7438,5.5665,4.3656,2.1130,-1.5561,-7.5130,-4.9991,-2.6073,2.7483,0.2714,4.3656
-3.9409,2.1931,2.8252,4.0935,3.2868,-0.4778,-0.1149,1.4054,-5.7820,1.3251,1.0989,3.7315
-4.0510,3.1316,-0.5100,2.5782,3.5409,0.7145,-5.0111,1.8387,-6.0717,-0.7641,4.3656,2.8877
-5.0063,4.2258,0.8715,0.4680,2.6939,2.0427,-5.4468,2.9999,-5.4875,-2.9214,0.3841,2.2391
-3.8283,3.7421,-0.1724,-1.5495,1.6286,2.9047,-2.3080,3.1436,-5.6024,-4.3657,-1.7806,2.0034
5.0949,0.9266,1.4940,-4.3657,0.4891,2.7799,1.3791,1.0942,3.8451,-4.3657,-1.1182,-0.7322
5.9616,-1.0151,6.8642,-4.3657,-1.3213,0.4151,4.7645,-0.6321,10.3214,-4.3657,0.0428,-3.1690
7.0390,-2.2146,13.4698,-4.3657,-4.3657,-0.7794,2.6647,-8.4611,14.7722,-0.4842,-2.4577,-4.3657
7.7620,-1.9417,17.2622,-4.3657,-4.2384,-3.3529,-8.9016,-17.0587,16.1465,1.7192,1.0016,-4.3657
2.7653,-1.4293,19.6127,-0.6351,-1.2625,-4.3657,-19.6133,-19.6133,11.3342,3.9098,4.3656,-4.3657
-1.4006,-1.5299,13.7643,1.2240,-1.1996,-4.3657,-13.7020,-13.9390,7.2425,4.3656,-2.5895,1.0218
-1.8364,-0.4525,9.9192,2.6565,0.9017,-4.0969,-9.0261,-9.8713,1.5419,4.3656,2.3647,2.3739
-2.9904,1.4748,8.0756,3.0919,1.4599,-2.5612,-9.1506,-5.0805,-1.8675,2.9567,4.0958,2.4027
-2.5546,2.7342,6.6200,2.9763,1.5291,-1.2858,-8.2959,-2.9592,-0.9074,1.8338,-0.1548,3.1792
-5.6168,3.9672,3.5458,3.2151,3.2563,0.3086,-4.5466,1.2498,-4.4388,0.4098,1.3988,3.9031
-5.6407,3.9528,-0.3448,1.6427,4.3656,2.4020,-4.4053,2.8156,-6.2441,-2.4776,2.7576,2.9183
-4.2521,2.3750,-0.8643,-1.2613,4.3656,4.0698,-1.5419,3.7134,-6.8115,-4.3657,1.9589,2.0279
0.3807,0.4022,-0.3184,-4.2587,2.9227,3.2221,2.5809,1.7645,-0.9457,-4.3657,-0.2229,-0.9651
1.9752,-2.6552,6.9240,-4.3657,1.8788,2.5415,1.6305,-4.1755,6.9312,-4.3657,1.9289,-4.2888
6.9121,-3.1005,15.7060,-4.3657,-2.1750,1.1840,-4.6280,-10.4315,10.0365,-3.0860,2.4328,-4.3657
7.2592,-1.5275,19.6127,-3.2915,-4.3345,-1.1623,-17.8799,-15.2846,17.1856,1.4681,-1.8398,-4.2064
4.1659,-1.4676,15.3109,0.5253,-1.7048,-4.0815,-11.4419,-11.9471,13.1466,4.1542,-2.2339,-1.5876
-1.0247,-0.6440,11.6262,1.8210,0.0244,-4.3080,-12.1554,-12.0500,6.6990,4.3656,3.4312,-0.7324
-3.8786,0.2705,10.7548,2.6417,0.5281,-3.7959,-13.2615,-10.1347,-0.8404,4.0969,3.7671,1.3793
-4.9177,3.0550,8.9543,3.5995,0.7210,-2.2457,-16.1896,-9.3254,-2.2266,2.9427,0.9879,4.3656
-5.5905,3.7613,5.1308,3.6579,2.2382,-0.7217,-6.7421,-2.2386,-4.6448,1.2726,-0.3004,4.3656
-5.9376,3.4668,1.6616,2.9456,4.3656,0.8396,-2.4828,2.1835,-3.7828,-0.6753,2.5510,3.8947
-5.2648,3.1340,0.1676,0.5365,4.2813,2.4565,-3.8571,3.8571,-6.7564,-2.9228,3.7140,1.9356
-3.3950,2.0255,0.8859,-1.9748,2.2896,2.7661,-1.8340,3.6009,-5.2792,-4.2481,-0.1439,0.3596
-2.6312,1.3982,2.0375,-3.5674,0.6584,2.6104,-1.0870,1.4653,-1.8196,-4.3337,-1.0188,-1.8139
1.3336,-0.2586,4.5418,-4.3657,-1.2648,1.9807,1.1325,-0.5124,1.2857,-3.7747,-1.7622,-3.9574
4.1324,-2.4493,6.2177,-4.3657,-3.9245,1.0818,0.2322,-6.2824,6.5505,-2.8390,-3.7025,-4.3657
4.6855,-1.2163,16.0316,-4.3657,-4.3657,-0.1250,-6.2752,-12.8976,14.0564,-1.1707,-2.3052,-4.3657
5.1380,-0.7207,19.6127,-1.0158,-2.2946,-1.1106,-19.6133,-18.0810,17.8751,1.4505,2.0270,-4.3657
3.1173,-0.9074,13.6757,1.8703,-0.5081,-3.3761,-14.6836,-13.9390,11.5209,4.2859,-0.7857,1.9672
-1.7334,0.6608,11.6550,2.8737,0.3107,-2.7480,-11.0995,-10.8170,2.9113,3.9203,1.1600,2.7563
-1.1420,2.0806,9.5984,3.4705,0.9747,-1.6994,-9.5600,-5.9520,0.3232,2.3811,3.2766,4.0424
-2.3032,3.1939,5.5761,3.4520,1.5204,-0.8009,-5.5378,-0.9912,-1.2282,1.5380,-1.0300,4.1759
-2.8012,4.2665,4.1851,2.5464,1.9941,0.3315,-8.3222,-1.1756,1.2689,0.1928,1.2886,3.7628
-2.8563,4.3910,3.5578,2.0979,3.3304,0.8398,-3.0430,3.5243,-1.7190,-0.8254,2.5374,3.2470
-4.3742,4.3527,0.6632,1.0336,3.7980,1.5893,-3.8930,3.8499,-3.3710,-2.0580,1.7444,2.0647
-3.4213,3.5530,-0.6895,-1.1698,3.0475,2.4067,-2.3320,4.4556,-3.6368,-3.2948,1.7279,0.6126
-2.1955,2.3272,2.0470,-3.4731,1.5352,2.3343,-1.2785,3.2010,-3.7924,-4.2382,0.4036,-1.4857
0.8930,0.6225,2.2984,-4.3657,-0.5816,1.9569,-0.7901,-0.9170,0.9002,-4.3163,-1.5152,-3.7719
3.7828,-1.0654,6.8043,-4.3657,-2.7018,1.6068,-1.3360,-5.3415,7.2951,-3.6456,-2.2187,-4.3657
6.7421,-1.2139,16.2255,-4.3657,-3.3171,-0.0348,-7.8817,-11.6646,14.5998,-0.9237,-0.0163,-4.3657
3.6943,0.1820,19.6127,-0.6231,-2.2584,-2.2736,-19.5056,-16.1824,15.0907,2.4582,1.4466,-2.8755
1.9465,-0.3903,13.6278,2.5812,-0.0522,-2.9473,-13.2998,-12.3134,8.1547,4.2601,-0.7224,1.1682
-4.7214,1.7741,11.7268,3.5482,1.7997,-2.6736,-12.4115,-9.9742,1.2258,2.9348,3.6846,2.2804
-3.8858,3.1244,9.5313,4.2622,2.4649,-0.9643,-12.4020,-7.0940,-1.7957,1.5048,2.6849,4.3656
-4.2713,3.3543,4.2306,3.6288,3.2957,0.2789,-5.0326,-1.2785,-1.7478,0.1709,-0.2558,4.3656
-3.5051,3.7062,1.9609,2.0933,3.8592,0.7902,-3.1987,2.1117,-1.4054,-1.0732,3.4041,3.9640
-4.6543,4.2856,2.3846,0.8086,3.6535,1.0075,-3.5698,4.0582,-2.4900,-1.6402,2.4525,1.7078
-3.1101,3.9696,2.5019,-0.3381,2.2244,1.0752,-4.7860,3.2489,-2.6935,-1.6425,1.3764,0.3062
-3.5674,4.0630,2.1524,-0.7862,0.5965,0.8328,-4.8818,3.4405,-3.6966,-1.1588,0.0630,-0.5628
-2.1787,3.3016,-1.6783,-2.6498,-0.9042,0.9513,-1.4916,4.1180,-6.8761,-2.1775,-2.4916,-1.4489
2.2170,-0.4405,0.6752,-4.3657,-3.0439,0.6322,4.7405,0.7805,2.5450,-3.0923,-4.1374,-3.8725
2.4373,-1.4964,5.5665,-4.3657,-3.4684,-0.2827,1.5993,-5.1140,6.8115,-2.4219,-1.1977,-4.3657
3.3495,-0.9433,15.6078,-4.3657,-3.0358,-0.8204,-8.8490,-13.1561,10.9032,-0.6210,1.3873,-4.3657
3.6416,-0.2466,19.6127,-1.0898,-2.4163,-2.1857,-19.6133,-18.0451,14.9829,2.4324,1.8822,-4.1196
1.1444,-1.0630,12.6797,1.9938,-0.7192,-4.0288,-13.7595,-13.8145,7.9775,4.3656,-0.6805,1.5775
-2.5618,0.0263,13.8289,2.7692,0.3493,-3.8457,-9.1578,-10.4890,3.0718,4.2459,2.8386,2.0582
-2.9209,1.0463,10.8457,4.0911,0.9935,-2.9222,-11.3820,-7.9583,0.3759,3.5200,3.0538,2.2853
-4.5562,2.8323,7.0820,3.8832,1.5023,-1.8933,-9.8067,-4.5729,-2.3727,2.6406,0.8106,3.8207
-5.4803,4.0941,4.9273,3.4939,2.2813,-0.3556,-7.1228,-0.8308,-2.9688,0.9466,1.4242,3.7014
-5.0805,4.1492,1.3264,2.5896,3.3554,1.1989,-4.0270,2.5546,-3.8906,-0.5890,1.7937,2.6779
-3.2322,3.9217,-2.1739,0.7918,3.2234,1.9151,-3.8475,3.7230,-5.2361,-2.3586,1.8191,1.6237
-2.7509,3.6105,-0.7638,-1.9351,3.5054,1.3676,-2.2482,4.1276,-3.0191,-3.8169,1.6335,0.3588
-2.5522,2.7174,2.0111,-3.3372,2.0821,1.0407,-3.5817,1.8651,-4.0606,-4.2892,1.6438,-1.5460
0.8595,0.8428,3.6871,-4.3657,-1.9831,1.0463,0.6273,0.5243,2.1907,-3.2345,-3.5639,-2.9143
5.0063,-1.7645,6.5027,-4.3657,-4.3657,0.0402,3.2561,-4.3359,12.1578,-1.9909,-4.3657,-4.3657
6.0358,-1.9058,13.9103,-4.3657,-2.9246,-1.3737,-10.0437,-12.8186,14.2814,0.4828,2.2846,-4.3657
2.2218,-1.6281,19.6127,-1.9903,-1.8683,-3.6324,-13.3046,-13.4075,9.9000,2.9496,3.1403,-3.9960
2.4900,-1.6209,17.0683,0.6359,-1.8415,-3.6118,-17.0108,-15.8329,12.7874,4.3656,-1.8157,-0.7432
0.5842,-1.8316,14.2431,2.7921,0.4690,-4.3657,-9.0740,-11.0516,4.4987,4.3656,3.3454,0.6849
-2.6121,0.3160,11.9710,3.9286,0.7516,-3.8913,-11.9878,-8.9687,0.7087,4.3656,3.5092,1.5488
-4.4101,2.2003,7.7381,4.3656,0.7789,-2.9247,-9.8641,-4.7549,-3.1340,3.7838,0.6881,3.3207
-6.9264,3.9433,3.3854,4.0265,2.1537,-1.2983,-8.2768,-1.3336,-4.6783,1.7239,1.6481,3.1227
-6.8211,4.5155,2.4086,3.1343,3.2446,0.7249,-6.7157,1.1061,-5.4995,-0.1218,2.5358,3.3265
-5.2289,3.9624,0.7757,1.9520,3.5112,2.2811,-3.8571,3.5147,-6.0047,-1.7989,1.2283,2.3321
-1.5467,3.8020,-0.4214,-0.0481,2.1036,2.5119,-5.3965,2.7605,-4.3311,-2.9989,0.8543,1.3479
-2.3224,4.5897,-0.1030,-1.7187,1.3194,1.5451,-5.3343,2.1308,-2.4038,-3.7610,-0.5440,1.3270
-2.7701,4.3024,2.2242,-2.5823,0.4671,2.0515,-2.5570,2.5115,-1.1037,-3.8171,-1.7561,0.1888
0.8116,1.4844,1.0511,-4.2201,-0.9619,2.1533,2.0375,2.0758,2.8946,-4.1347,-2.4512,-1.7213
5.0302,-0.3759,5.1068,-4.3657,-1.5499,1.4938,2.9090,-2.0446,7.2832,-3.6842,-2.1222,-4.3657
7.1156,-0.9816,12.5456,-4.3657,-1.4606,-0.1198,-1.7286,-9.8186,13.5608,-2.1193,1.5460,-4.3657
6.0310,0.0479,19.6127,-2.7929,-2.8983,-1.6266,-19.6133,-19.6133,17.0946,1.6382,4.3656,-4.3657
3.3088,-0.7326,19.0890,1.2501,-2.2724,-3.6697,-17.7386,-15.2630,9.1506,4.3656,-2.0304,1.6823
-1.7741,0.0383,11.3126,3.3550,0.5064,-4.0529,-9.1602,-10.2855,2.8491,4.3656,-0.9714,2.8432
-3.6703,2.0782,9.8019,3.3480,1.0921,-1.8113,-10.7356,-6.4356,-0.5124,2.0975,4.3656,2.3986
-2.7126,3.5171,7.0581,3.3512,1.9493,-0.7490,-9.8090,-3.7230,-0.5507,1.2177,1.2085,4.3656
-3.2968,3.8092,5.1499,3.1344,2.7652,0.1629,-6.3877,-0.2370,-0.6632,0.4413,-0.1276,3.1261
-2.9999,4.4221,3.3615,1.9279,2.5369,0.7941,-3.8618,2.7892,-1.3503,-0.5498,3.3213,2.5806
-3.6129,5.4899,2.0518,1.2573,2.2711,1.0820,-5.8059,3.6081,-3.4788,-1.0766,1.0488,1.4605
-1.4126,4.5562,-0.4238,-0.3956,1.0768,1.9730,-4.4317,3.8116,-3.4381,-2.4142,-0.2157,1.3364
-2.2529,3.9504,0.1413,-1.7750,1.1113,1.7981,-0.6440,4.6711,-4.3072,-3.2925,-0.6231,-0.7013
1.4940,3.3615,2.2386,-3.6627,-0.2931,1.4164,3.5698,4.0151,1.5012,-3.7688,-1.9605,-3.4579
3.1771,1.4605,1.2163,-4.3657,-2.9739,0.7004,1.3743,-2.1476,6.9432,-2.9242,-2.9900,-4.3657
3.4979,1.1061,11.6598,-4.3657,-3.4877,0.8584,-5.6503,-9.3063,10.6686,-1.9708,-0.7332,-4.3657
5.8442,0.9720,19.4577,-2.5539,-2.1497,-0.8925,-15.9981,-14.5831,15.0691,0.2471,2.2318,-4.3657
1.7909,0.5555,13.9462,0.4199,-0.7388,-2.7335,-15.3444,-13.8145,9.6486,2.9276,-0.5486,-0.4078
-1.3144,0.7877,12.2583,1.4501,0.1943,-2.4745,-10.6614,-10.5752,2.5833,2.6689,2.2456,1.1094
-2.8443,1.8316,11.5113,2.1189,1.2676,-1.8231,-12.6941,-8.9950,0.3448,1.4330,2.9611,1.9573
-4.6304,3.1627,10.0245,2.8990,1.9442,-0.6271,-9.7324,-6.3566,1.9178,1.5120,1.2681,4.3656
-3.9600,4.0606,4.3814,2.3871,2.9840,0.7929,-9.1866,-1.0223,-3.4668,-0.9819,2.6396,3.3990
-5.0278,4.9416,3.8379,1.5890,2.5455,1.4248,-7.9057,0.4214,-5.3630,-1.9033,0.5537,3.9760
-3.8283,4.5418,2.2194,0.8204,1.8562,2.1992,-4.1180,2.9185,-5.8179,-2.9334,-1.2839,3.1413
-5.3319,4.1659,-0.3591,-0.6153,1.9965,2.7759,-3.3591,3.0789,-5.8347,-4.1805,-1.1976,2.1699
-0.3759,2.1883,-1.7765,-2.9768,1.5463,3.1552,1.9656,3.2322,-1.2833,-4.3657,-1.5407,-0.2539
0.9768,0.3184,1.4317,-4.3657,0.0429,2.3454,3.9528,0.3950,3.0502,-4.3657,-1.2995,-3.8540
5.7054,-0.5866,8.0182,-4.3657,-1.8823,1.2969,-1.3767,-6.2225,12.9790,-3.3445,0.2831,-4.3657
7.6782,-0.3208,17.5830,-4.1270,-2.0764,-0.8254,-12.0189,-11.2575,14.5208,0.4193,2.3752,-4.3657
3.2513,0.4956,18.7466,-0.5073,-2.6694,-3.5352,-13.7475,-12.0285,12.8018,4.2565,-1.2148,-2.7077
0.5291,0.4573,13.3477,1.2295,-1.3205,-4.0949,-12.2152,-11.4515,7.5369,4.3656,1.1315,-1.0548
-3.7038,1.4389,11.9878,2.6024,0.6724,-3.4467,-13.1466,-9.5792,0.0575,3.6429,3.5537,0.9641
-4.2377,2.8754,8.3677,2.8538,0.8134,-1.9881,-12.4211,-6.1866,-2.2601,2.2889,1.1918,3.0235
-4.3311,3.6200,5.7700,2.5086,1.4755,-0.8484,-8.0924,-2.1835,-2.4325,0.7938,0.6881,3.6938
-5.3486,4.1132,5.1020,2.0150,2.3854,-0.0954,-7.8985,-0.8452,-2.0135,-0.3031,1.5884,3.1652
-4.6256,3.5817,3.5578,1.6597,2.6436,0.9370,-6.7684,0.8835,-3.2106,-0.9742,1.3889,2.5131
-3.5889,3.2872,1.1229,0.1639,1.6557,1.3587,-4.0199,2.6097,-2.8874,-1.8723,-0.4730,1.7912
-2.8395,3.2394,2.3296,-1.0099,1.3017,1.5223,-2.9090,3.1532,-2.7629,-2.4571,-0.2726,0.6146
-0.8475,2.2170,1.4772,-2.8234,-0.0857,1.3927,-0.9218,2.7869,-2.7150,-3.3171,-0.9840,-1.4754
2.6624,0.4573,2.4349,-4.3657,-2.1229,1.3856,1.9369,0.2586,3.5506,-3.4133,-3.2964,-3.5818
6.3183,-0.7326,7.1754,-4.3657,-3.2748,-0.0549,3.3160,-4.9081,13.4434,-2.1618,-1.9059,-4.3657
7.9248,-0.0599,18.3468,-4.3657,-2.2592,-1.2578,-9.2823,-12.9814,13.7595,0.2851,3.1512,-4.3657
3.7421,-0.0383,18.5407,-0.5778,-1.4028,-3.8685,-17.1305,-15.7323,14.9135,3.0927,2.6506,-4.2190
1.0942,-0.4884,13.1490,1.3123,-0.5893,-3.8413,-13.2280,-13.0819,6.8833,4.3373,-0.0698,0.4950
-2.4062,0.3974,10.2328,2.3987,1.2954,-3.7816,-12.0333,-10.4052,1.0056,3.0040,4.1668,1.9472
-3.6559,1.6424,10.2400,2.7304,1.6237,-2.3685,-13.9390,-9.1770,-0.8164,1.3635,2.3804,4.3656
-5.0206,1.9369,8.8250,3.4078,2.2881,-1.0776,-3.4500,-1.6592,0.6273,1.8343,-1.1530,3.4243
-3.1029,2.4014,3.3279,3.0298,2.6016,-0.4010,-7.8578,-2.1117,-1.6831,1.1262,3.5510,3.2767
-4.1372,2.8874,2.4229,1.9056,2.4897,0.3124,-4.2760,2.0279,-4.2258,0.1761,1.4352,1.7717
-5.0853,3.8331,1.8627,0.4486,1.2557,1.2661,-5.9616,2.3655,-6.2728,-1.4076,0.4005,1.2196
-4.0821,3.2801,0.3256,-0.8583,0.7905,1.9704,-4.1611,2.3128,-3.4022,-2.5526,-0.8283,0.7129
0.5195,2.1979,-0.4022,-2.7223,0.2852,1.8878,-1.5754,2.2793,-0.7278,-3.4364,-1.1129,-0.2561
1.4341,0.7733,3.9792,-4.1079,-0.3368,1.2532,1.6951,1.2977,2.1763,-3.4344,-0.3353,-2.6129
4.6112,-0.6632,6.8738,-4.3657,-3.0459,0.0901,1.8555,-3.6009,10.4196,-1.7436,-2.2846,-4.3657
7.1922,-0.4166,15.0476,-4.3657,-3.0974,-1.1922,-5.5785,-11.4467,14.4251,0.1227,0.1274,-4.3657
4.6855,0.5746,19.6127,-0.1668,-1.2622,-3.2209,-19.6133,-18.2654,16.0747,3.1846,4.3656,-4.3657
2.5402,-1.1396,11.3725,1.9172,-1.2277,-4.3657,-14.3461,-13.8337,6.5793,4.3656,-0.8046,2.3719
-2.4445,0.5842,13.5584,2.4688,0.3050,-3.8880,-8.2983,-9.6678,4.1755,4.0861,0.5732,2.2815
-1.6209,1.3001,9.9719,3.3700,1.2108,-3.0932,-8.8705,-6.5481,2.7773,3.3727,4.3656,1.5894
-4.2090,2.4373,7.1539,3.1189,2.0043,-1.8972,-7.9057,-3.1819,-2.2218,2.1790,1.4009,2.4453
-5.3367,3.3040,4.5921,2.7671,2.2108,-0.8669,-9.0142,-2.2841,-3.2537,0.8496,2.0969,2.6461
-5.8395,3.4500,1.9824,2.0332,2.8296,0.5850,-6.1507,0.7015,-5.7054,-0.6820,1.2724,2.4816
-6.6391,3.6152,0.3831,0.6427,3.0410,1.8167,-6.0525,1.4150,-6.6726,-2.5101,1.0734,2.6319
-6.6391,3.8523,0.4836,-0.7144,3.0330,3.1934,-6.2225,1.0822,-5.9831,-4.1025,1.0140,2.0206
-5.0302,2.6480,1.0056,-1.8740,2.2218,4.2256,-4.6519,-0.0192,-5.5522,-4.3657,-0.3238,2.3920
-1.0391,0.8930,0.4908,-3.2101,1.4635,3.9584,0.6297,0.8882,2.6193,-4.3657,-2.4519,0.7261
6.3111,-1.3479,5.3343,-4.3657,-0.9561,2.6205,3.7350,-0.0886,10.2879,-4.0670,-1.3531,-2.7703
7.2209,0.1053,13.6062,-4.3657,-1.6655,-0.3389,-1.1301,-4.8530,13.7451,-0.8400,1.0817,-4.3657
4.0510,2.8252,17.0395,-2.4997,-2.2035,-2.6758,-14.4586,-11.6262,15.1625,2.0117,2.0232,-4.3657
3.5913,3.4740,18.1959,-0.6258,-3.8733,-2.7824,-17.9206,-12.4044,11.0899,4.3656,-0.6931,-2.2022
0.2610,2.2218,13.8385,1.9769,-1.3719,-3.4693,-12.5720,-9.3350,5.2696,4.1568,0.1691,-0.4279
-2.2098,2.6288,8.7029,2.1433,-0.2706,-2.7845,-9.4739,-6.0214,2.9113,3.1860,1.5102,-0.0049
-1.5467,3.3208,8.5641,1.5334,-0.0312,-2.1325,-12.6366,-6.4955,2.3846,2.1172,2.1699,1.5306
-3.0143,3.8499,8.8131,2.5361,1.1106,-1.5338,-9.4260,-3.9289,0.3256,2.0568,0.9169,3.3009
-5.8682,4.3886,4.0534,3.0048,1.0114,-0.6407,-9.5888,-1.7957,-4.3814,0.9944,0.6536,3.9607
-3.6727,2.8180,-0.6895,-2.0067,3.7457,3.6503,-1.6520,3.1316,-3.2896,-4.3657,0.5183,1.9461
-0.2514,1.2186,2.3942,-4.0549,2.3186,2.9829,0.2107,1.8364,0.1341,-4.3657,0.5989,-0.7095
6.0813,-1.4437,3.6081,-4.3657,-1.6474,2.0855,4.1468,-0.2298,7.1395,-4.0955,-2.0062,-3.7642
7.6567,-0.4573,13.1537,-4.3657,-4.3549,-0.4293,2.6049,-5.7245,14.7315,-1.0886,-3.0667,-4.3657
6.1387,2.5283,14.8800,-3.5830,-3.4837,-2.2587,-13.2208,-13.5105,16.1489,1.1206,1.1642,-4.3657
2.0542,2.8299,19.6127,-0.5052,-2.0059,-3.2798,-17.7434,-13.4674,11.8537,3.3541,1.4589,-1.8756
-0.7997,2.6647,12.4618,1.9998,-0.4274,-2.6577,-14.2814,-10.1825,5.6790,3.2790,-0.8644,1.2328
-0.7470,2.3750,9.3589,2.5371,1.6254,-1.4813,-9.8785,-6.8474,3.1101,1.7178,3.4892,2.6750
-1.8794,3.2298,8.8753,2.6997,2.4411,-1.0725,-9.8713,-4.7716,1.2306,0.9882,2.6585,3.8880
-4.4341,3.9792,7.9200,3.3269,2.7137,0.1612,-9.9814,-2.7845,-0.8404,0.4533,1.2224,3.5479
-5.3726,5.0422,4.1252,3.3077,3.4462,0.8641,-9.2919,-2.1955,-3.8714,-1.3266,2.3671,4.3656
-6.4620,4.3335,1.8771,2.7486,3.3565,2.4990,-0.9625,4.7597,-4.0462,-1.3424,-1.5299,4.1287
-4.2904,4.5250,-3.1412,0.9533,2.6064,3.4801,-2.1883,5.3415,-5.0278,-2.8915,1.2618,3.0944
-1.7741,3.6224,-2.8659,-1.5078,4.0105,3.3442,1.0534,6.6822,-2.9042,-4.3657,1.5035,0.9286
0.2945,1.7286,-0.8236,-4.3564,2.6516,2.4391,0.5148,3.6775,-1.5921,-4.3657,1.1903,-1.5541
3.8906,0.0622,5.3702,-4.3657,-0.4618,0.7076,-0.6297,-1.1612,7.5824,-4.3657,-0.0766,-3.4490
4.0869,0.3735,12.8090,-4.3657,-1.7427,-0.7392,-2.8922,-4.8914,10.0245,-1.3109,-0.2012,-4.3657
3.8211,2.0734,17.9421,-3.1201,-3.4280,-2.1361,-13.0867,-10.4722,15.0093,0.8788,0.6218,-4.3657
2.8156,1.1181,18.4138,-0.0344,-2.9384,-3.5730,-13.8600,-11.7100,13.0532,4.3656,-1.0368,-3.9700
-0.2538,1.2809,12.1865,1.6423,-2.8850,-4.1791,-13.6422,-11.1091,7.1946,4.3656,0.2739,-1.8514
-2.5402,2.0949,10.7811,2.0226,-1.5944,-4.0434,-11.9471,-8.1451,3.7733,4.3656,1.3476,-0.1131
-3.7852,3.2633,8.0709,2.5203,-0.5405,-3.0246,-11.2695,-5.1356,-1.1708,3.6683,1.1676,1.1002
-2.8970,3.7637,7.1682,2.1356,-0.1897,-1.8275,-10.4196,-3.3974,-0.2897,2.3542,0.4648,2.0578
-4.3479,4.4029,6.2824,2.4776,0.7953,-0.9296,-8.8681,-1.4533,-0.8691,1.5403,0.8585,2.1859
-5.0494,5.2146,3.4860,2.0201,1.2284,0.4455,-8.6383,-0.0527,-2.4349,0.1081,0.3782,2.7815
-6.2082,4.5298,-3.7685,-0.6299,4.3656,3.7233,-4.3622,1.4964,-6.2560,-4.3657,0.6031,3.2674
0.2466,-1.4748,-1.1133,-4.3657,4.3656,4.3656,3.2370,0.6800,1.6712,-4.3657,1.3374,1.4855
8.0852,-4.8243,9.5840,-4.3657,1.3715,2.5614,9.5768,-2.3870,11.8417,-4.3657,2.4670,-4.3657
8.6311,-1.7909,18.1888,-4.3657,-3.2556,-0.7060,-5.1763,-10.2496,16.0052,-0.1387,1.2805,-4.3657
-0.4357,-0.1652,13.0221,0.8427,-1.0762,-4.2711,-10.6590,-12.3684,7.8697,4.1531,2.4990,-2.0138
-5.9304,4.3790,5.6862,3.2548,1.8923,-1.5888,-8.4276,-2.4517,-1.9178,1.8095,2.0931,2.8869
-5.2481,4.9584,3.6296,3.3424,3.4264,0.2182,-7.3550,0.2753,-4.1970,0.1202,2.2480,3.3929
-5.8299,5.1308,-0.7374,2.0539,4.2856,1.8564,-5.3870,3.2657,-6.7205,-2.1422,1.9111,3.4428
-4.0366,4.9680,-2.1572,-0.6021,4.1326,3.0852,-3.0574,4.5657,-5.9376,-4.3657,1.2702,2.0574
0.5291,3.1173,-0.7661,-3.5178,3.4455,2.0811,-0.8236,3.5386,-0.9409,-4.3657,1.0776,0.1753
0.6153,1.1492,2.8060,-4.3657,1.8628,1.2536,1.9321,1.9441,1.7262,-4.3657,0.6578,-2.8605
4.8890,-1.4485,7.2999,-4.3657,-3.3053,0.2220,3.0813,-3.1053,8.0541,-2.9647,-2.4609,-4.3657
6.1507,-1.0965,11.0995,-4.3657,-4.3657,-1.0136,-2.3152,-9.1937,13.2663,-0.7690,-2.3497,-4.3657
3.0095,0.0359,19.0626,-3.2014,-1.7323,-2.8711,-11.6789,-14.2096,12.5360,1.7949,3.1213,-4.3657
-1.6879,0.8428,15.6030,0.1579,-1.9277,-3.5190,-19.6133,-16.7690,7.6543,3.4604,2.0669,-3.0566
-2.5546,0.4645,13.2567,2.0019,-0.5838,-2.8934,-14.2670,-13.6948,4.6807,4.0152,-0.0546,1.3544
-3.0167,0.5100,8.7532,3.5120,1.9819,-2.3286,-6.3877,-7.4699,-2.0470,2.7479,3.4243,3.0246
0.4860,1.4341,9.2680,3.0426,0.8944,-1.1904,-13.4123,-9.1889,4.2904,1.0770,2.4838,4.3385
2.3655,0.4166,10.7260,3.4256,0.4847,-2.5010,1.8172,-2.0997,8.7747,3.9109,-2.0463,4.0749
-0.4453,2.7390,6.2249,3.6453,-1.2564,-2.8871,-7.2305,-2.5331,1.0343,4.3656,1.7423,1.8021
-5.6312,6.0142,3.6990,2.7270,0.8736,-0.9875,-6.8738,3.7661,-5.8419,1.2596,-1.3178,2.2683
-5.8538,5.8466,-0.8140,-0.9393,3.8991,2.8472,-6.2393,4.2210,-5.5761,-4.2737,1.8045,2.3033
-3.6105,4.1084,-0.2634,-2.5009,4.3656,2.7094,-4.3431,2.9377,-3.0406,-4.3657,2.6378,1.5302
-2.4134,3.0718,3.7134,-4.0971,3.6383,2.3878,-3.5817,1.8842,2.6647,-4.3657,2.8294,-0.3395
-0.9290,2.5786,6.1100,-4.3203,1.5543,1.8760,-8.1714,-0.6632,1.5179,-4.3657,1.6300,-1.7615
0.0503,2.2242,7.6974,-4.3657,-0.7169,1.2364,-2.7677,0.2514,3.5626,-3.6399,-1.3572,-2.4340
0.9313,2.0207,6.9719,-4.2547,-2.4388,0.4335,-2.8922,-2.4014,7.0246,-2.1641,-2.1807,-4.3657
3.2848,0.9002,9.1267,-4.1775,-2.0370,0.1669,-4.4460,-4.9608,8.0732,-1.3476,-0.5758,-4.3657
2.7007,0.2370,11.1067,-3.5206,-1.0384,-1.3744,-7.1539,-7.7381,9.0381,0.0280,1.3207,-4.3657
3.3375,-0.3567,12.7970,-2.4015,-2.1256,-2.0464,-9.0381,-9.1866,8.7340,1.4329,0.4618,-4.3657
2.6145,-1.5251,12.2799,-1.3270,-2.5334,-3.1439,-7.5848,-10.2208,9.9455,2.9324,-0.9924,-3.2548
1.7526,-2.0255,10.9918,-0.2005,-0.9108,-3.0775,-5.9999,-9.9671,5.5785,3.0521,1.5002,-2.7070
0.5195,-2.1668,8.8657,0.0133,-0.6406,-2.5650,-7.5585,-10.4052,2.1715,2.1690,1.8366,-1.6421
-0.3280,-2.0016,11.8800,0.6007,0.6700,-1.6330,-11.9973,-12.7491,4.4101,1.1915,2.2327,-0.3062
1.0391,-2.6743,10.6901,1.6333,1.3713,-1.3411,-5.8634,-10.1945,5.7365,1.7680,2.1990,1.9213
-0.1221,-2.3200,10.4076,2.0065,1.1149,-1.5172,-6.1292,-9.0644,2.5881,1.7233,2.1420,1.8570
0.7590,-0.9840,10.3262,3.3091,1.6746,-1.4115,-10.7643,-9.1387,3.1196,1.9255,3.6191,3.2083
-2.6935,1.4341,9.0668,4.1514,1.5374,-1.2187,-7.4196,-5.3534,1.1516,2.2122,0.3260,4.3656
-3.7876,2.5474,5.5617,3.9703,1.8981,-0.4543,-5.2577,-1.0774,-1.2617,1.5174,1.1499,3.2776
-3.6583,4.5250,2.3176,2.8005,2.6097,0.1228,-8.3294,0.2993,-3.3998,-0.0785,3.4114,3.2800
-5.0781,6.3973,3.6703,1.9189,3.3337,1.1411,-9.1770,1.2115,-0.9529,-1.0277,1.6419,4.3656
-4.6424,5.9424,2.4086,1.5453,3.6933,1.3310,-5.4348,4.6711,-3.2370,-2.0944,1.4894,2.5323
-5.1763,6.1962,0.4980,-0.3555,3.3644,1.4621,-6.9336,4.7501,-2.9329,-2.9787,2.9096,2.4551
-5.8586,6.8163,2.7557,-1.1568,3.1814,1.7114,-7.9416,4.8147,-5.6862,-3.9089,2.0739,1.6924
-3.6775,4.9177,4.4029,-3.1353,0.4803,1.8106,-6.4931,2.8323,-2.0973,-4.1948,0.2153,-0.9391
-3.1508,3.1268,2.4612,-3.6880,-1.0127,1.8231,-1.8028,2.2529,-0.7733,-3.9165,-2.9218,-2.1405
-0.9337,0.6273,3.1843,-4.3657,-1.6562,1.8648,-0.6895,-2.8180,0.4621,-4.3657,-2.5319,-4.3657
0.9266,-0.6177,6.3925,-4.3657,-0.7614,1.4733,-5.5713,-7.6207,6.7708,-4.3657,1.4366,-4.3657
3.1220,-1.5874,12.5217,-3.3220,-2.4484,0.0533,-8.3917,-9.9383,8.1882,-0.5749,-1.4738,-4.1338
2.4181,-3.0550,13.6877,-1.7801,-1.8727,-0.6451,-8.2959,-11.4132,10.3334,1.0516,-0.7588,-3.3286
3.1987,-4.1851,11.7316,0.1100,-0.8918,-2.1532,-7.1826,-11.6646,7.1922,2.8278,1.8194,-2.3916
1.0750,-3.7589,10.7548,0.5878,-1.4530,-3.0955,-5.9280,-10.7500,4.5921,3.3312,0.5092,-1.3082
-0.1341,-2.4325,10.1059,1.3314,-1.0284,-2.9110,-6.9911,-10.0868,3.0047,3.2397,0.9407,-1.0059
0.4693,-1.7166,8.9902,1.3079,-0.1835,-2.7195,-6.7253,-9.1291,4.8076,2.8722,1.7023,-0.5533
-0.8380,-0.6201,11.1091,1.6739,0.6756,-2.8373,-8.3390,-8.9950,4.3455,2.5949,2.8851,0.3091
-0.7039,-0.3208,10.1538,2.5205,0.5848,-2.4794,-8.5090,-7.9966,2.9975,3.0521,2.2411,1.2291
-1.0989,0.4741,8.7700,2.9127,0.5681,-2.7252,-8.1666,-6.6679,1.3958,3.1573,2.1875,2.0263
-3.5219,1.8387,6.6415,3.3084,0.9450,-2.5259,-10.6422,-6.1938,-0.2083,2.6558,2.5065,2.5265
-2.4038,2.5283,5.4612,2.7030,0.4891,-1.8658,-9.0309,-3.6464,-1.5299,1.9765,1.0905,3.9167
-5.9304,4.4556,4.4412,2.4039,1.9394,-1.9509,-6.8929,0.4214,-4.2306,0.8695,1.0633,3.5831
-7.8075,5.4181,1.6209,0.9078,2.5285,0.3179,-9.7468,0.8906,-2.6983,-1.5428,2.2354,3.5906
-5.6024,4.8650,4.1396,0.1549,3.6175,1.6505,-5.8730,3.4764,-2.8204,-2.5663,1.6249,2.6612
-6.8833,3.4261,3.2705,-2.3507,4.1115,2.7204,-7.6734,1.4892,-3.1388,-4.3657,2.5069,2.2387
-4.1635,2.6384,3.7206,-2.4780,3.5308,2.8318,-6.4883,1.3910,0.4262,-4.3657,1.4939,1.6169
-4.7716,2.0901,1.9872,-3.2562,3.6091,2.3273,-8.8035,0.5100,-0.4908,-4.3657,2.8290,1.2227
-4.7405,0.5962,6.0286,-4.0954,2.9964,2.7368,-4.5849,2.1428,-1.3336,-4.3657,3.1804,0.1470
-2.7845,0.3759,5.7365,-4.2288,0.3520,1.0812,-3.0430,1.9201,-0.5770,-3.3401,0.2819,-2.4251
-2.3990,-0.6823,5.9735,-4.3657,-1.5980,0.6390,-1.1109,-0.6680,-2.3535,-2.8437,-1.0373,-4.3657
-0.7566,-2.2529,4.4005,-4.3657,-3.6106,-0.1960,-1.5945,-6.5122,3.2513,-2.0837,-2.3554,-4.3657
1.8268,-3.7685,11.8585,-4.3657,-3.3684,-1.0561,-4.3981,-12.4786,8.4587,-1.0329,0.0179,-4.3657
4.6735,-4.5274,18.9190,-3.0450,-2.6855,-2.7948,-12.6965,-17.4657,12.0404,2.1360,3.4290,-4.3657
1.1205,-5.3439,12.0021,-0.1673,-2.3177,-4.3657,-11.2911,-16.1465,10.0652,4.3656,-0.6262,-2.7414
0.2705,-6.1507,11.8106,0.6269,-1.7259,-4.3657,-4.5083,-13.7523,3.3160,4.3656,0.4263,-2.4023
-0.9337,-5.2888,10.7284,1.7789,-0.6075,-4.3657,-6.0549,-13.5775,2.4636,4.3656,4.3656,-2.6875
-2.9999,-0.7494,9.2967,2.3435,0.0699,-4.0446,-7.9152,-10.0724,2.3415,4.1708,1.7124,0.5421
0.1413,0.0239,9.9695,3.5473,1.7826,-2.9231,-12.0093,-10.1299,2.8419,3.3297,4.3656,2.5313
-5.1332,1.6975,7.6112,4.2565,2.5943,-2.5421,-7.4986,-5.9927,-1.7454,2.7948,1.7491,3.9574
-3.8092,2.4229,5.4755,3.6333,3.2017,-0.6678,-5.6743,-2.1979,-3.4141,1.3519,2.2725,4.2324
-6.3853,3.8307,2.0087,2.3104,3.9871,0.4663,-7.4843,0.4022,-7.3502,-1.7503,3.4920,4.1741
-7.2209,3.8164,2.2697,-0.2465,3.7049,2.1044,-6.5888,1.4102,-4.1013,-3.7149,0.7237,2.9777
-5.5474,2.2913,2.2889,-1.5946,3.8223,3.2863,-7.1754,0.3950,-2.8635,-4.3657,2.3868,2.4733
-2.9018,2.1356,3.2944,-2.6759,3.7465,2.4529,-3.5147,1.4509,1.3264,-4.3657,1.9177,1.1217
-2.6001,1.6400,5.4684,-2.8457,2.3863,2.1242,-2.6935,1.6496,-2.2338,-4.1354,1.2682,-1.9156
2.5809,0.2801,3.2394,-4.2753,-1.4015,1.1477,-0.3496,0.0455,3.7637,-3.0483,-1.7436,-3.3280
1.1157,-0.0718,5.7748,-4.3657,-3.2726,0.0218,1.0798,-2.9880,5.4947,-1.4989,-2.7267,-4.3657
4.4891,-0.9697,8.6526,-4.1542,-2.2945,-0.7293,-3.3351,-8.3558,8.8131,-0.8545,-0.1932,-4.3657
3.8164,-3.0861,11.7986,-3.7473,-2.5755,-2.9508,-6.2225,-11.2527,9.6845,1.5840,1.8915,-4.3657
1.3360,-3.0694,15.2056,-2.5478,-4.1432,-4.0184,-7.9535,-13.9390,8.0110,3.3925,-1.0633,-4.3657
1.7717,-4.0510,14.1569,-0.5609,-2.4596,-4.0147,-10.2759,-16.3692,9.0525,3.6403,0.9256,-3.6090
1.8771,-5.4516,10.8769,0.7141,-0.1803,-4.3657,-6.5146,-14.6932,5.4420,3.9949,3.1273,-1.2387
-0.8164,-4.3263,13.0508,1.6052,0.0398,-4.2317,-6.6774,-13.5608,3.6871,3.9786,3.1195,0.0504
0.3328,-3.2465,9.7636,2.4249,0.1935,-3.6768,-9.7683,-13.3142,3.6488,3.7205,2.6466,1.3708
-0.2035,-2.4660,9.9216,2.8763,1.0323,-3.4304,-4.1444,-9.3829,2.4253,4.0322,1.8122,3.4552
-3.0981,-0.7183,8.3390,3.8632,1.1406,-2.4826,-8.2696,-7.6878,-0.8859,3.1517,2.8322,1.9780
-3.7350,1.3288,6.2800,3.6962,1.4087,-1.4579,-7.8386,-5.0613,-2.3870,2.4500,1.9500,3.2306
-6.3973,3.7014,4.0079,3.5365,2.6059,0.2244,-8.2097,-2.1955,-4.6711,0.4435,1.4412,3.7054
-5.8754,3.7733,0.0239,1.6675,3.8784,2.4613,-6.9288,0.3567,-7.4364,-2.9952,2.0919,3.9900
-5.0135,3.3232,1.6544,-0.5509,4.3656,3.5463,-4.1970,1.1037,-2.2769,-4.3657,1.6479,3.6419
-4.5921,3.2633,4.0103,-1.8923,4.3656,3.6337,-7.4268,-0.7949,-1.3288,-4.3657,2.9047,2.7291
-2.4493,2.0255,4.5945,-2.8838,3.5126,3.6612,-4.7716,-0.2586,2.9808,-4.3657,0.7342,1.9101
-1.1468,1.3815,5.5641,-3.2246,2.9376,3.0744,-3.2106,0.4549,3.3208,-4.3657,0.4808,0.1019
-1.1181,1.8244,9.0980,-3.1538,2.8940,2.3879,-5.7964,-0.6776,2.3774,-3.9438,3.0105,-1.9592
-0.3328,1.8675,8.1666,-2.8831,0.4775,1.2497,-6.1507,-1.8004,1.7142,-2.3058,-0.1270,-3.3428
1.0774,0.6033,7.9009,-3.5248,-1.9588,0.2563,-4.7070,-3.0742,4.2880,-1.2029,-3.0165,-3.9082
3.6129,-2.0830,7.5202,-4.3657,-4.3311,-0.9473,-0.3687,-5.4947,8.2887,-0.2647,-2.8821,-4.3657
4.3144,-2.1668,16.1058,-3.9227,-4.3657,-2.2591,-5.4803,-12.5863,12.1194,2.0332,-1.1755,-4.3657
2.4373,-2.5474,14.6789,-1.1032,-2.8599,-4.0129,-11.9854,-14.3245,10.1083,3.8412,1.7641,-4.3657
-1.7861,-1.8364,12.4403,-0.3781,-3.1023,-4.0614,-10.1586,-14.3413,5.4708,4.3656,-1.0488,-2.8542
1.6759,-1.9321,13.2495,1.1333,-1.0086,-3.3621,-10.6757,-13.4410,6.9863,3.6379,2.5194,-1.1946
1.4748,-1.8364,10.1849,2.4652,0.5689,-3.6449,-8.0852,-10.8457,4.8698,3.6708,3.1289,1.3272
-1.1636,0.1460,11.0205,2.9976,-0.2181,-3.2279,-9.1650,-9.4763,3.7086,3.7795,1.6389,2.9765
0.4741,1.3312,7.7883,3.6499,0.7040,-2.6553,-8.6143,-6.7253,3.4333,3.1088,1.9448,2.8614
-2.3774,3.2130,7.4412,4.0949,2.0149,-2.0110,-8.1690,-4.3024,-0.5914,2.5441,2.9685,4.1290
-4.6112,4.9704,6.7516,3.8754,2.5042,-0.1400,-9.4427,-2.3727,-0.5698,0.8652,1.7155,4.3656
-4.3886,5.3965,1.6927,3.4487,4.3656,0.9514,-5.6695,2.4828,-4.2928,-0.9379,2.5018,4.3656
-5.3295,5.9927,1.2881,0.6764,4.3656,2.2130,-6.2920,2.7869,-0.8667,-3.5707,3.1680,3.2085
-4.5657,4.9775,2.9568,-0.4066,4.3656,2.9609,-7.0533,2.7150,-2.2194,-4.3657,4.3656,2.3330
-4.4005,4.1659,-0.0766,-1.4502,4.3656,2.5178,-6.7540,1.6640,-1.3072,-4.3657,2.0086,1.7900
-4.3383,3.2537,5.5091,-3.0872,4.3656,2.2487,-5.7844,1.6472,0.1772,-4.3657,4.3656,0.5337
-3.6655,3.4668,5.1020,-2.9691,3.7856,1.6313,-6.0956,1.8675,-2.1237,-4.3657,3.7760,-1.3415
-3.5506,3.3327,3.0071,-3.8638,0.7789,1.6582,-4.6735,2.1141,-4.2665,-3.7036,-2.9816,-1.6617
-1.3384,1.4485,2.5546,-4.3657,-0.6046,1.0269,-0.2203,-0.0551,0.2705,-4.0155,-1.5260,-3.8259
-3.1077,2.2290,8.1235,-4.3657,-1.0665,0.8765,-5.9520,-6.1411,4.3503,-2.9023,0.0065,-4.3657
-0.1915,1.8340,11.8968,-3.0700,-0.1440,0.6091,-12.4738,-8.1475,6.1675,-1.1910,1.5509,-4.3657
1.9178,0.1053,10.4962,-2.6009,-3.0927,-1.1532,-8.0373,-6.2130,8.4539,1.9055,-2.4606,-2.0266
1.4485,-0.6560,12.4690,-1.9734,-4.3657,-2.7905,-2.7605,-7.0701,7.4627,3.7597,-3.8917,-3.9988
2.4253,-0.7590,11.6478,-1.1522,-4.3657,-4.0039,-7.8434,-11.1426,9.6678,4.3124,0.7346,-4.3657
-1.0080,-0.6967,12.6605,0.0256,-3.2137,-4.3657,-11.7675,-12.7012,5.1404,4.3656,1.1318,-3.0814
-3.9816,0.4549,12.3421,0.9305,-2.1651,-4.3657,-11.4275,-11.8369,4.1922,4.3656,0.9489,-0.2904
-2.5953,1.4341,10.5105,1.9899,-0.4367,-2.8825,-10.1490,-8.8562,0.2753,3.4264,1.7351,0.4832
-3.6176,2.2434,8.1116,2.2052,0.7297,-1.7774,-10.1203,-6.7157,-1.2498,1.9388,2.1473,1.8602
-3.0239,2.9521,7.8075,1.9184,1.1403,-0.8046,-12.4139,-6.6942,0.6369,0.3938,1.4589,3.4427
-4.1707,3.6799,8.4779,2.1625,1.9917,0.0850,-7.5250,-3.3854,0.6249,-0.0334,0.4939,4.1110
-3.0598,3.4093,6.5912,2.3180,2.7062,0.8256,-7.9464,-1.8148,-0.8092,-0.6334,1.7201,3.6425
-3.9576,3.9624,3.2825,1.8659,3.6755,0.8732,-7.5346,-0.3112,-1.9848,-1.9000,2.3044,4.3656
-4.9177,3.9313,1.7071,0.4683,3.7587,1.6551,-3.5650,2.8108,-3.4788,-3.1042,0.7600,3.0698
-4.6687,3.5482,0.6943,-1.4875,3.2935,2.2992,-3.5889,3.2034,-4.3048,-4.0878,1.7974,1.8539
-2.1548,1.9297,2.6695,-3.7413,2.1870,2.1886,-0.6608,2.8826,-5.7030,-4.3657,0.3822,-0.6945
-1.8962,-0.0838,2.7222,-4.3657,-0.2529,2.0431,4.2952,-1.2330,-0.2945,-4.3657,-2.7740,-4.3657
4.1276,-3.2992,5.3774,-4.3657,-3.4031,1.9093,0.4405,-9.7109,9.4691,-4.1961,-1.7114,-4.3657
7.9511,-3.3112,19.3116,-4.3657,-4.0989,0.2891,-7.3550,-15.3085,16.8887,-0.6479,0.8095,-4.3657
5.5737,-2.6264,18.2295,-0.1713,-2.0364,-3.4025,-14.3939,-16.6493,14.4107,3.2977,0.9701,-4.0875
2.9137,-2.6911,10.4507,1.1668,-1.3801,-4.1824,-6.9336,-12.8928,8.7245,4.3656,-0.1752,-0.7269
0.0575,-2.1021,11.0038,1.4529,-0.6411,-3.9895,-6.1172,-11.3485,2.9880,4.0305,4.0524,-0.3373
0.9122,-0.6512,9.2416,1.7702,-0.0546,-3.6485,-6.7660,-8.1834,3.5458,3.4006,1.9672,0.7673
-0.5770,0.6967,8.6670,1.4342,0.1259,-3.5481,-7.6998,-7.5944,3.1699,3.0768,1.5892,1.6786
-1.7286,1.4772,9.5768,2.1520,1.0809,-2.7355,-10.8050,-7.7045,2.2649,2.3153,3.3104,2.0031
-3.7804,1.9273,7.8171,2.9195,1.8778,-1.8642,-10.2185,-5.8179,-1.4102,1.8291,2.1197,3.3815
-5.3295,3.1005,4.2689,2.8180,2.6047,-0.5648,-9.3111,-3.5075,-4.2425,0.2105,1.1992,4.3656
-5.7389,3.5674,2.2434,1.8747,4.0564,0.8134,-5.0230,0.8691,-5.9807,-1.9005,1.5845,4.1767
-7.2784,3.4548,1.0295,0.1283,4.3656,2.2262,-4.2784,1.9321,-5.1787,-4.3024,2.3915,2.7083
-1.1133,1.4317,-0.0670,-2.8004,3.4495,3.1550,2.9329,3.9073,-6.0118,-4.3657,0.3957,-0.8892
-0.5914,0.4262,2.6671,-4.3657,3.0036,2.0062,0.5243,-0.5962,3.9648,-4.3657,1.2990,-3.9245
2.7390,-2.0758,6.9121,-4.3657,-1.2211,0.5323,-1.8890,-6.7157,8.2456,-3.1261,1.7067,-4.3657
3.0239,-1.7023,17.1616,-4.3657,-4.3657,-0.6816,-7.3478,-12.0835,11.8968,1.3698,-1.9753,-4.3657
6.2560,-2.0901,17.3747,-1.1470,-3.4067,-3.0796,-11.1737,-14.1952,12.5863,3.3586,-0.0450,-4.3657
0.3208,-2.3104,10.3789,0.9421,-1.9584,-4.3657,-8.3294,-13.0556,7.2305,4.3656,1.3185,-2.4360
-1.7382,-2.0183,11.5855,1.0115,-1.6026,-4.3657,-9.2081,-13.6230,3.7421,4.3656,3.0483,-1.4182
-3.3160,-0.5866,9.6055,2.0626,-0.5721,-3.7970,-9.7348,-11.0133,-1.4413,3.8191,2.7423,1.1511
-4.3048,0.7494,8.6933,2.0812,0.1859,-2.5678,-10.7356,-9.0333,-2.0494,2.3114,0.8875,2.8039
-4.4197,1.3671,8.3031,2.3798,1.3532,-1.7163,-7.6184,-5.9711,0.4094,1.9221,1.3702,3.0922
-4.9656,2.1261,6.7660,2.5770,1.8775,-0.8199,-9.2512,-4.7764,-2.9760,0.9116,2.1707,3.5429
-5.9400,2.4948,5.3175,2.4233,2.2536,0.5624,-6.3279,-1.5395,-4.7381,0.0203,0.3078,3.4231
-5.3486,2.9712,1.6376,1.3951,2.6588,1.8338,-4.6471,1.3048,-6.8474,-1.9124,0.4266,2.4328
-4.0247,3.0550,-0.1173,-1.1042,2.5419,2.4908,-3.8523,1.8531,-4.1372,-3.5938,0.3737,1.2758
-2.3248,2.2098,2.2482,-3.1772,1.9733,2.6208,-2.8395,1.1875,-2.9377,-4.3657,-0.0969,-0.5364
-0.0814,0.4094,3.4237,-4.3657,0.0196,2.6143,-0.8930,-1.6759,1.4676,-4.3657,-1.3133,-2.4428
2.6528,-1.5993,7.3981,-4.3657,-1.9917,1.7968,-0.8428,-6.4165,9.4930,-3.9987,-1.6870,-4.3657
6.0310,-2.3846,18.3659,-4.3657,-2.4123,0.6679,-7.7476,-12.3230,15.1888,-0.8777,0.5281,-4.3657
6.4907,-2.9688,16.4482,-0.7093,-1.5849,-2.5670,-13.5009,-14.5113,13.9726,2.5667,1.4923,-3.2604
1.7262,-3.5817,13.0053,0.8364,-1.4661,-4.3657,-8.2456,-13.3884,7.8482,4.3656,0.0903,-0.9858
-0.1844,-3.3519,12.2631,1.7408,-1.1467,-4.3657,-7.7405,-12.2128,3.2441,4.3656,2.7206,-0.9189
-0.8835,-1.3527,11.3868,2.3226,-0.7639,-4.0298,-11.8657,-11.5592,1.6640,4.0660,2.0638,0.7438
-3.8475,1.2833,8.8226,2.9925,-0.0017,-3.2658,-12.7635,-9.6247,-0.2227,3.1163,1.1972,3.4167
-4.5921,2.8874,6.9576,3.1464,1.5451,-1.4950,-8.9759,-4.3622,-2.1691,1.7168,0.6169,3.4101
-6.0837,3.4716,4.6112,3.1730,3.2802,0.0256,-6.0980,-1.3192,-4.4796,-0.0839,1.8844,4.3656
-6.6367,3.6368,2.1524,2.1698,4.1171,1.8927,-6.2034,0.4501,-5.9759,-2.2757,1.2049,3.9151
-6.1579,3.2154,1.0702,0.3130,4.3656,3.3717,-5.6048,0.7087,-5.6599,-4.3086,1.3090,2.9264
-4.7716,2.2290,1.2713,-1.9279,4.3166,3.9808,-4.9871,-0.5315,-3.0526,-4.3657,1.0296,2.5301
-3.3567,1.2186,2.0734,-3.1983,3.3223,3.7331,-2.9018,-0.6728,1.0702,-4.3657,0.3652,1.0273
0.3065,-0.4549,4.7046,-4.3657,2.3298,3.4194,-0.9601,-0.9146,2.3320,-4.3657,1.1198,-1.0373
3.3567,-2.0830,6.9288,-4.3657,-1.2673,1.8110,1.3048,-2.9185,5.5522,-3.4030,-0.8580,-4.2515
4.7692,-3.1891,9.8282,-4.3657,-3.7238,-0.2165,-0.7566,-7.6207,6.9216,-2.0680,-2.8438,-4.3657
2.9066,-1.7406,12.5432,-4.3657,-3.2823,-1.0957,-7.8793,-12.9814,10.3453,-0.7368,-0.6706,-4.3657
0.9529,-2.3176,19.6127,-1.8386,-1.8644,-1.3222,-16.2327,-16.0795,9.8019,1.3233,1.6289,-3.7033
-0.2993,-2.4493,12.6222,1.0770,-0.4157,-1.6822,-13.9319,-14.1880,5.0949,2.4555,-0.4101,0.5167
-2.3008,-2.4062,11.7890,1.9969,1.0116,-1.5420,-7.3334,-10.2161,2.0758,1.8333,1.2023,0.8803
0.5674,-1.9992,11.0875,2.1897,0.8159,-0.9850,-11.0923,-10.8721,4.5610,1.6553,2.7591,2.0234
-2.3942,-0.6249,12.4642,3.5041,0.1155,-1.7185,-7.1754,-8.0661,3.6919,3.2627,0.0125,3.7489
-2.7773,1.1779,8.7388,4.1728,-0.1580,-0.9864,-11.6885,-8.0828,-0.0982,3.5396,0.3367,4.3656
-4.1803,2.8778,8.3151,4.3656,1.1076,-0.8001,-7.9511,-3.8954,-3.8092,2.9676,0.9543,4.3656
-7.5824,3.5793,2.2721,4.3656,1.8782,0.7330,-5.1116,1.3695,-9.2344,0.8567,-0.9883,4.3656
-6.1387,4.8411,-5.2984,2.5500,2.5017,2.9051,-1.7430,4.9392,-8.0134,-1.9939,-1.4253,4.3429
-3.0837,2.7725,-5.1619,-2.0668,4.0734,3.7634,2.1189,5.2696,-5.7916,-4.3657,1.1326,2.3333
-1.8842,0.6249,-0.6033,-4.3657,4.3656,2.1043,3.7158,2.1165,-0.7997,-4.3657,3.0950,-1.4811
-0.1053,-2.2170,5.0589,-4.3657,2.7955,2.0784,-0.1269,-5.4205,3.0119,-4.3657,3.7766,-4.3657
2.1261,-2.0087,13.9534,-4.3657,-0.0341,0.5093,-9.7636,-10.4435,8.4707,-3.2534,2.0066,-4.3657
3.5554,-1.1516,16.3620,-3.4596,-1.0604,-1.1790,-9.5648,-11.0684,10.1778,-0.1267,-0.6616,-4.3657
-0.8954,-0.5602,17.1832,-0.6515,-2.6862,-1.5792,-13.4051,-12.4522,7.3837,2.5161,-0.0402,-3.5361
0.1173,-2.3846,10.8266,0.4672,-2.5648,-2.3317,-9.0644,-11.1067,6.1483,3.4434,-0.9725,-0.8703
-1.4461,-2.3152,12.3254,1.0773,-1.8415,-2.9260,-6.7181,-10.5345,3.6727,4.0890,0.8067,-1.4080
-2.5498,-0.5890,11.0157,1.5825,-2.1148,-2.6468,-12.6845,-11.1905,1.4293,3.4574,1.6794,-0.6436
-1.4054,0.3256,9.7564,1.8944,-1.1890,-2.1763,-15.1314,-11.1211,1.8603,2.8803,0.3116,2.1428
-4.1013,1.8723,11.0038,2.9032,0.0990,-1.9938,-8.6981,-7.2329,0.3304,2.5083,0.1476,4.3656
-4.7094,3.2034,7.5657,3.9287,1.1241,-0.9013,-11.3796,-5.5186,-2.5953,1.4691,0.2631,4.3656
-6.1124,3.9217,6.1268,3.9082,2.6646,0.8198,-8.4467,-2.1620,-2.0710,-0.2435,0.4207,4.3656
-3.6751,3.9600,1.5897,3.2620,4.1456,2.0567,-4.8315,0.8499,-1.8364,-1.5330,1.3547,4.3656
-6.9216,3.8451,0.3591,0.7456,4.3656,3.2171,-1.4174,4.1037,-3.0047,-3.1079,1.5500,3.5811
0.2490,2.5809,1.0989,-1.7860,3.5835,3.7013,2.5450,5.8059,-0.6847,-4.0842,1.9741,0.6534
2.3248,1.2210,2.4636,-3.9746,2.0006,1.5382,2.7461,3.1771,1.2378,-3.7896,1.5597,-3.4303
2.3846,-0.4477,4.7094,-4.3657,-0.4867,-0.3545,1.0511,-2.5618,2.5618,-2.7807,0.6606,-4.3657
2.7677,-1.1061,9.2584,-4.3657,-3.6392,-0.9742,-1.7095,-9.0597,10.7931,-0.9383,-2.0511,-4.3657
5.6312,-0.8978,14.1497,-4.1427,-3.1417,-2.1742,-8.1044,-13.0412,13.5033,1.1373,-0.0494,-4.3657
1.3982,-1.2905,17.8775,-1.7059,-2.1886,-3.8371,-13.0245,-15.5575,8.5904,2.8269,3.0062,-4.3657
0.1484,-1.6759,16.2040,0.8893,-2.0981,-3.6982,-15.2511,-15.8879,9.1866,4.3656,0.2890,-1.2133
-0.6943,-1.1229,11.8872,2.7620,-0.9173,-4.0883,-9.8378,-12.5336,5.2074,4.3656,1.7673,2.6885
-2.8802,0.9266,9.0597,3.3585,-0.1094,-3.1585,-11.1594,-9.3374,-0.6105,3.8260,2.0655,3.0515
-4.1156,3.2944,9.1075,3.8471,0.9113,-2.1850,-10.0317,-7.6806,1.0989,3.2671,1.1670,4.3656
-4.9512,3.8642,5.4947,4.3656,2.7944,-0.6131,-8.1570,-1.3743,-7.3478,1.0956,0.9238,4.3656
-5.9017,4.5394,-0.5914,2.9655,3.5833,1.3454,-2.8180,2.4876,-6.9695,-1.9095,1.8241,4.3656
-3.7804,4.1420,-1.7693,0.3588,3.8085,2.4312,-0.2418,4.6448,-1.5993,-3.7370,0.3814,3.3157
-2.2960,3.5219,0.3304,-2.7587,3.6076,1.9658,1.9944,5.8873,-2.6887,-4.3206,2.6986,-0.0598
0.0431,1.0534,1.8962,-4.3657,1.3221,1.6236,4.1539,1.8675,-0.2562,-4.3657,1.1896,-4.3657
2.1548,-1.7813,4.5322,-4.3657,-0.6125,1.1867,2.5570,-7.2401,10.1131,-3.0232,-1.3680,-4.3657
6.2058,-2.8204,12.9766,-4.3657,-0.7410,-0.0036,-9.4667,-13.9750,11.3605,-1.9979,4.3656,-4.3657
3.8307,-3.2346,19.6127,-2.3772,-0.0211,-2.9649,-15.5144,-16.0914,10.6303,1.9448,4.3656,-4.3657
-0.6225,-2.6264,16.4027,2.0382,-1.9585,-4.2196,-15.9430,-15.4234,6.7900,4.3656,-2.2898,-0.1728
-2.3152,-2.7126,10.0461,2.4259,-1.3664,-4.3657,-6.9791,-11.9782,4.2210,4.3656,0.0092,0.7309
-4.1803,-1.0104,9.8330,3.3518,0.4139,-4.1772,-9.8928,-10.0078,-1.3479,4.1617,4.3656,0.5052
-5.0470,0.9577,8.4467,3.2770,-0.4506,-3.2181,-15.5312,-10.2065,-2.9449,3.3305,1.5134,3.4556
-5.0877,2.0686,7.6471,3.7377,0.4910,-2.3494,-10.7667,-6.1962,-5.2146,2.1988,-0.9326,4.3656
-6.1220,2.7797,4.4556,3.7675,1.4111,-1.1607,-5.9544,-1.2713,-3.9624,0.6855,0.3239,4.3656
-5.8826,3.6368,1.1756,2.5539,1.6613,0.3683,-1.9273,3.1484,-2.0614,0.6039,0.4278,2.8348
-4.5633,4.5226,0.4884,0.8880,1.8255,1.1171,-5.0087,3.5721,-5.8203,-0.9670,1.4675,1.6842
-4.2353,3.5267,-0.1748,-1.0648,1.9750,1.9496,-2.6935,4.1851,-6.4572,-3.1236,-0.0927,0.1458
-2.5091,2.3272,0.6081,-3.7439,1.1410,1.8149,1.3120,3.0119,-1.9441,-4.2598,-0.6891,-2.1390
-0.3352,0.1389,2.3296,-4.3657,-0.1844,1.9048,-0.7997,-2.9233,1.7047,-3.9670,0.3275,-4.3657
4.5801,-1.7071,7.6136,-4.3657,-1.9223,0.7232,-3.5314,-7.3861,8.2169,-2.9740,-0.4342,-4.3657
4.2641,-2.1739,16.1082,-4.3531,-2.1998,-0.5068,-8.2672,-11.8824,11.9279,-0.4975,0.2273,-4.3657
4.2018,-2.1476,18.5694,-0.8038,-2.4052,-2.2532,-14.0300,-15.1912,14.4227,2.5795,0.2787,-3.8409
3.9409,-3.0598,14.1545,1.6661,-1.0151,-4.2125,-8.4946,-13.9965,14.3101,4.3656,1.2245,-0.2554
-0.3950,-2.7677,12.4834,3.6868,-0.1104,-4.3657,-8.1116,-12.7324,1.7957,4.3656,4.3656,0.5032
-4.6543,-0.1772,9.8809,4.1030,-0.8731,-4.3657,-12.8449,-11.2025,-1.9872,4.3656,2.3768,2.6356
-5.9113,2.4110,7.2808,4.1272,-0.4126,-2.9601,-11.5903,-6.8546,-6.4572,3.8257,0.1134,4.3656
-8.0756,4.5226,5.2098,4.1931,1.9681,-0.6574,-9.5433,-3.6895,-2.4277,1.2171,0.6213,4.3656
-7.2999,5.9400,1.2306,3.1304,4.0338,1.9036,-6.1052,1.4413,-8.8825,-1.2261,1.8415,4.3656
-5.3103,4.1180,0.0455,0.9649,4.3656,3.2023,-3.2705,2.4110,-6.2225,-4.3657,2.1986,4.3656
-4.5155,3.6655,-0.8236,-1.6437,4.3656,3.3131,-1.0726,3.2106,1.1899,-4.3657,2.9882,3.2790
-2.8515,1.9872,2.2529,-3.7922,4.2081,3.1157,0.5531,4.0630,-0.0934,-4.3657,3.9395,-0.6668
1.6065,0.4669,3.3686,-4.3657,1.0521,2.1970,-0.5243,0.1772,5.4923,-4.0248,1.0629,-3.6379
3.9720,-0.2251,9.1243,-4.3657,-0.7200,0.1130,-0.2107,-3.0023,9.2775,-1.0629,-0.3163,-4.3657
5.0254,-1.3910,14.0516,-4.2229,-2.7616,-2.1031,-4.4077,-8.1211,7.7572,0.7350,1.0521,-4.3657
-0.6273,1.2570,14.9566,-2.5500,-3.9450,-3.0283,-16.3907,-13.0508,9.1195,3.2049,-0.6210,-4.3657
-1.1013,1.4748,15.6174,0.2557,-3.1022,-2.5859,-18.3755,-12.4977,6.9001,3.4307,-1.5443,-1.5968
-2.8826,1.4246,10.2113,1.7672,-0.4776,-2.0474,-15.4618,-10.8290,2.6911,2.5555,1.1474,1.9733
-4.2114,2.6528,11.2120,2.6338,1.5320,-0.5419,-15.0140,-8.6263,0.0072,0.9270,2.4702,4.3656
-1.9441,2.4181,9.6606,3.3376,2.3598,0.0745,-11.1713,-5.2912,0.1389,-0.4872,0.7184,4.3656
-3.0957,3.4716,6.2848,3.2374,3.7069,-0.0023,-4.5633,-0.0814,-0.0646,-0.5608,1.5144,4.3656
-6.4907,5.1811,4.8818,2.6441,2.8261,0.7554,-7.3215,2.5426,-2.7007,-0.5060,3.0878,3.5020
-7.7117,5.9209,1.5969,1.9478,1.5655,2.1996,-8.4036,3.6105,-7.5346,-2.0291,0.5287,4.2394
-5.3965,5.2936,-1.6448,0.8853,1.9478,3.3003,-0.7781,6.3973,-1.9201,-2.9252,-3.4196,3.2496
-3.6775,4.7309,-3.1436,-1.5559,2.4686,3.0363,0.5531,7.1970,-5.2218,-3.9522,0.9226,0.7650
-1.5682,2.5283,-0.9864,-4.3657,2.7661,2.2383,2.7054,4.5681,-3.7757,-4.3657,2.6843,-2.6096
-0.0766,0.2777,0.3280,-4.3657,1.8362,0.8892,1.4054,-1.8220,2.5307,-4.3657,1.0264,-4.3657
1.9393,-2.7198,7.3167,-4.3657,-1.4504,0.0077,-2.7845,-7.9703,6.4643,-2.9949,1.3956,-4.3657
1.4676,-1.3719,16.6038,-4.3657,-1.3051,-1.3067,-11.9686,-13.6469,10.4076,-0.3046,2.2840,-4.3657
-0.5435,-0.5363,19.6127,-1.2773,-1.8269,-2.4404,-19.3595,-14.5496,5.2720,2.4961,2.1512,-3.8093
-3.5458,-0.6369,13.2998,1.1178,-2.8509,-1.9764,-13.4985,-12.2176,5.3486,3.7519,-4.2401,0.0985
-2.0949,-0.5483,11.9902,2.2723,-0.2651,-1.4560,-12.9766,-11.7771,3.9792,2.7010,1.6884,0.4044
-3.9313,1.2258,11.7220,3.6517,1.6077,-1.0212,-16.9007,-11.6502,-0.9553,1.4310,4.3656,4.3656
-5.1140,3.2250,9.2440,3.8572,0.9458,0.3240,-11.1953,-6.4093,-4.8698,0.1070,-2.3638,4.3656
-4.5203,4.0989,5.6479,3.8316,1.9965,0.9751,-4.5825,-1.1061,-0.7542,-0.4831,-1.5298,4.3656
-3.6799,4.0725,1.2258,3.0654,2.9270,1.2774,-0.6991,4.3814,1.1756,-0.4490,1.8989,3.8456
-2.8060,5.0087,-0.6512,1.0331,2.8928,0.9397,-1.6592,6.1699,-1.7909,-0.6836,2.6003,1.6970
-2.9880,5.0829,0.8906,-0.5464,1.6653,0.6883,-1.7358,6.4404,-3.1388,-1.2588,1.3948,-0.5424
-2.4397,4.5586,0.9026,-1.7545,-0.5295,0.3521,-2.3152,4.5203,-0.7470,-1.0706,-0.8267,-2.1609
-1.3240,1.4820,7.9942,-4.3657,-1.4446,-1.2436,-8.1403,-8.2097,4.2114,-1.1503,0.5407,-4.3657
-2.2960,1.0271,15.6293,0.3272,-1.7124,-1.4979,-18.8567,-13.1753,7.5585,2.4056,-0.8095,1.0961
-2.3248,0.6440,12.5073,1.9644,0.0514,-1.6567,-10.5105,-8.7604,3.1556,2.7602,-0.9681,2.7451
-3.3734,1.1301,10.2041,3.0692,1.2921,-1.6365,-12.3469,-7.2927,0.2610,2.2243,3.9964,3.4572
-4.9201,2.0638,8.0661,3.2113,1.0456,-1.1018,-9.2536,-3.0933,-4.3407,1.3311,0.6498,4.2478
-5.4755,2.8802,4.2258,3.0779,1.3692,-0.5797,-7.4101,0.3184,-4.5035,0.3952,-0.6171,3.3077
-7.7381,4.3144,1.8292,1.9469,1.7624,0.2406,-5.6719,2.8395,-5.2313,-0.4848,1.4586,2.4511
-6.0765,3.6392,0.0910,0.5073,1.1170,1.6194,-4.4173,3.6488,-5.4324,-1.7864,-0.4094,1.3255
-2.9712,3.4309,0.0024,-1.2375,0.8970,1.7087,-1.8771,3.9600,-2.8946,-2.6490,-1.2672,-0.1400
-1.2019,2.4852,1.0534,-2.9621,0.1007,0.6851,1.0822,3.1795,-0.5914,-2.9560,-0.6350,-2.4528
0.2322,0.6919,3.0694,-4.3657,-1.9469,0.2646,2.5977,-2.0016,6.8522,-2.1268,-2.0213,-4.3657
3.1651,0.4334,9.7324,-4.3657,-2.8201,-0.4531,-5.4803,-9.0525,9.7851,-0.8537,0.3464,-4.3657
3.0023,-0.1891,16.7762,-2.3455,-0.9485,-2.2395,-12.4834,-12.3062,11.6765,1.5166,3.9969,-4.3657
-1.0750,0.3903,15.6126,1.1493,-1.6882,-3.3416,-15.3133,-12.9215,6.7445,4.1318,1.2837,-2.6810
-1.2402,-0.1987,10.3525,1.7247,-1.9056,-3.2901,-9.5672,-10.2496,3.7469,4.3656,-0.2603,-0.1924
-2.4445,0.3783,10.6686,2.2444,-0.6129,-3.5586,-9.0381,-9.2488,2.5115,3.8457,3.3216,0.4056
-3.6416,2.0111,9.4930,2.6897,-0.5163,-2.9857,-14.3485,-9.5624,-0.4310,3.2947,2.3052,3.0551
-4.6136,2.9688,7.7500,2.6991,0.2090,-2.2027,-9.6606,-4.7525,-2.2146,2.1625,-0.6526,4.3656
-5.9017,3.3399,4.3886,2.3246,1.3776,-1.1064,-10.4291,-2.5977,-3.5626,0.7598,1.6154,3.6692
-6.0094,3.7709,4.9057,1.2365,1.6090,-0.2490,-4.5466,1.3838,-4.2138,-0.7472,1.1599,3.9562
-5.2648,3.2010,3.3950,0.9687,1.7417,0.8864,-4.5226,2.1428,-2.1835,-1.2465,-0.6367,1.3943
-3.8978,3.3782,1.6448,-0.4778,1.3375,1.4168,-3.9624,2.7150,-1.7837,-1.7930,1.0965,0.5498
-2.7390,2.6552,2.3415,-1.7792,0.8475,1.2287,-2.2266,2.8108,-3.3399,-2.0267,-0.0297,-1.0720
-1.4126,2.4038,3.8427,-3.0061,-0.3757,1.1482,3.1412,1.6089,2.4062,-2.3120,-2.5126,-4.3657
1.9369,1.1516,4.6448,-3.9384,-1.6205,0.7914,-5.7700,-6.0262,3.9983,-2.0580,0.3708,-4.3657
2.0039,1.2186,12.5648,-4.0833,-2.0564,-0.2217,-10.0317,-9.4667,11.2551,-0.4982,0.0910,-4.3657
2.2362,1.3551,17.1090,-0.7885,-1.6401,-1.4552,-15.4474,-11.9973,11.6430,1.8042,0.6410,-3.2002
0.8667,1.0558,11.7531,1.0469,-0.8072,-2.4201,-11.9064,-10.6542,9.3254,3.0549,1.0952,0.7999
-0.5986,0.4980,11.4419,2.0861,0.1496,-2.8328,-8.8346,-8.8849,4.6160,3.6717,2.2371,1.5882
-2.8898,1.5299,10.5201,2.4244,-0.0123,-2.9420,-12.0572,-8.4060,1.9465,3.1267,3.0908,3.0173
-5.6599,3.3806,4.9608,3.2743,1.3865,-1.4823,-10.8793,-3.3854,-3.7757,1.4249,1.8615,4.1192
-6.5793,3.8690,3.0670,2.5927,1.6369,-0.2172,-5.9113,0.8763,-4.9368,0.0877,0.0850,3.5922
-5.9185,4.0558,1.1636,1.2907,1.5772,1.0240,-5.2577,2.8108,-6.0908,-1.2838,0.2390,2.5943
-4.8602,4.0151,0.2705,-0.2601,2.0867,1.8110,-3.6799,3.2609,-4.4365,-2.7322,0.4081,1.7925
-4.1731,3.2441,0.2993,-2.0640,1.6379,2.2524,-2.9856,3.0981,-5.0518,-3.5638,-0.1763,0.3612
-1.9249,1.9632,2.0183,-4.0213,0.2936,2.2580,-0.6249,0.9481,-0.6536,-4.3657,-1.3917,-2.0037
0.7494,0.1987,4.3311,-4.3657,-1.3869,1.9950,-0.6967,-2.8276,3.9289,-3.6608,-1.6625,-4.3657
3.3208,0.5650,11.3892,-4.3657,-2.0354,1.0183,-6.9408,-7.8985,10.1873,-2.5888,0.1833,-4.3657
3.5769,0.9505,18.0020,-1.9405,-1.7060,-0.4422,-14.8488,-11.0492,13.9510,0.2065,1.4216,-4.3657
1.6999,1.0367,13.5560,0.5476,-1.8766,-1.6522,-15.1122,-11.0229,11.4563,2.7105,-1.3819,0.3319
0.5938,0.9481,12.5097,1.8089,-0.7687,-2.0880,-10.6949,-9.0597,6.3925,3.3021,-0.0440,2.3029
-1.7502,2.2266,12.0285,3.0345,0.2647,-1.8843,-12.8928,-7.6614,3.3279,2.7637,2.0540,4.1151
-3.2394,3.7302,8.2696,3.7363,1.0673,-1.0729,-11.0780,-3.8116,-0.9409,1.5420,-0.2749,4.3656
-4.6304,4.2545,4.6064,3.2570,1.9729,-0.0296,-2.7629,2.5115,-1.2665,0.7711,-0.7639,3.7399
-4.2832,4.9249,0.1867,1.5890,2.3982,0.8347,-3.7469,4.0725,-2.6959,-0.6009,2.0591,2.5339
-4.4197,5.1619,2.4900,-0.4758,3.1363,1.5962,-4.7357,4.3048,-1.3503,-2.0712,2.1622,1.0265
-3.7373,4.6064,3.1196,-1.1824,2.9711,1.5266,-4.9752,3.8211,-1.8771,-2.2779,2.7087,-0.5125
-3.4429,3.9121,3.1340,-2.1016,1.0356,1.2287,-3.0071,3.5913,-3.1436,-2.1603,0.3681,-2.4837
-2.2098,2.7246,3.6703,-2.9123,-0.5480,0.8575,-1.5490,0.1987,-0.4334,-1.9724,-1.8630,-4.3657
-0.5914,1.6807,5.5282,-3.7293,-1.6645,0.1575,-7.4867,-4.8147,3.6009,-1.5380,0.2449,-4.3657
-0.7254,1.3623,8.5736,-3.6950,-3.0994,-0.0678,-13.7906,-8.6048,4.8961,-0.5073,-1.6678,-3.4174
-0.1772,2.2051,13.8241,-1.9850,-2.8228,-0.0374,-16.6493,-9.5624,5.5091,-0.0196,-2.2823,1.0837
-1.1899,2.3128,12.1817,0.7408,-0.7004,0.2991,-12.3565,-7.4029,4.3742,-0.2955,-1.9064,3.3091
-0.9816,1.6831,8.8178,1.4414,0.9703,0.7276,-7.3622,-4.5226,4.4293,-0.6201,-0.6516,3.7261
-1.5921,1.2809,5.9256,0.8135,1.2029,1.6045,-1.8842,0.7374,-1.6113,-1.1920,0.1354,1.6842
2.5019,0.5938,2.5498,-1.9504,0.6301,1.4743,4.1563,1.7549,2.1524,-2.5464,-1.4350,-1.0531
2.5283,-1.2354,5.3079,-3.8301,-0.2530,0.6869,0.6105,-3.9744,4.6328,-2.1508,0.9838,-4.3657
1.9489,-1.5969,9.7779,-4.3657,-2.4395,-0.3296,-6.9983,-9.5888,3.9073,-0.9972,1.3371,-4.3657
1.1516,-0.4453,18.4497,-2.6001,-3.0074,-0.3180,-15.6293,-13.6230,10.6973,0.2190,-1.7039,-4.3657
2.3559,-0.6105,12.6821,1.0204,-0.9643,-1.3704,-15.5982,-13.2519,12.4211,2.1337,-0.2030,0.5696
-0.7781,-0.0455,10.6111,2.5512,0.6548,-1.8173,-9.6486,-9.7755,4.7285,2.8016,1.5922,3.4133
-2.7533,0.7446,8.5401,3.2131,1.1619,-0.7273,-9.0214,-6.7588,-1.0965,1.8274,1.6146,3.9338
-2.3511,1.8579,8.6359,3.7946,1.6948,0.1767,-7.2042,-3.8235,0.6033,1.5453,0.8565,4.3656
-0.7877,1.4892,3.9672,3.8640,2.1166,0.3407,-5.4013,-1.4724,-2.0853,0.7570,0.9382,3.8626
-1.0343,2.8347,2.1955,1.9241,1.3191,0.4311,-2.8922,0.5219,-0.7661,-0.3276,0.6824,4.2148
-1.8435,4.0390,3.6966,0.6911,0.2164,1.0737,-5.5306,2.2434,-0.8499,-0.1348,-0.1998,1.2890
-1.4533,4.3263,2.6432,-0.3709,1.1489,1.4314,-5.4085,2.6049,-0.6800,-1.7881,0.2406,0.6730
-0.4262,4.0989,5.0709,-1.5894,1.3973,1.1879,-7.3191,0.9194,3.4644,-2.4926,1.5612,0.0750
-0.9170,4.4125,8.8729,-1.5511,0.7254,0.8904,-7.2544,1.6305,3.8714,-1.2091,1.1695,-1.2609
-1.7717,5.0087,9.4068,-1.2969,-0.6711,0.3551,-4.4867,0.7326,7.2042,0.0449,-2.1650,-3.5702
0.7781,4.2928,9.9072,-1.1688,0.1282,0.1259,-10.9774,-3.1532,2.5666,-0.1816,1.6068,-4.3657
-2.1213,4.0103,8.1810,-0.7750,-0.7653,-0.0616,-12.8928,-5.0685,3.1244,-0.3000,0.7925,-3.1800
0.9194,2.8443,7.1419,-0.8904,-1.3611,0.3516,-6.3063,-3.1771,5.9711,0.3211,-3.7882,-0.6928
2.1428,1.9872,6.9863,-0.6596,-0.1599,-0.1448,-4.4029,-3.1580,4.6471,-0.0008,0.9614,-2.0500
-0.0359,1.8435,6.8259,-0.5918,-0.7593,-0.4968,-9.1004,-5.5952,3.1484,-0.0241,1.9029,-1.7211
0.3783,2.0518,10.4579,-0.2384,-0.6199,-0.3672,-12.4858,-8.1235,5.1930,0.4054,-0.7040,1.5066
-0.4310,1.9082,9.3206,1.3592,-0.0129,-0.5883,-7.7620,-5.7820,4.5849,0.9152,-0.1923,2.7424
-0.4860,2.7031,8.3151,1.7340,0.0361,-0.4254,-10.1083,-5.5450,3.8020,0.8903,0.9463,3.1696
-1.6352,3.4955,7.9751,2.4873,1.0317,-0.3139,-7.7261,-2.0997,1.6065,0.6547,0.6311,3.4512
-1.6783,4.5969,5.2146,2.1224,0.6614,0.0256,-9.3565,-0.3735,-0.5602,-0.0943,0.5288,3.0261
-1.7214,5.7174,5.3151,1.1988,1.0355,0.4386,-3.4620,3.9816,2.5163,-0.3231,-0.5056,2.1269
-1.1899,6.5721,4.0127,0.2174,0.7751,-0.0685,-4.5681,4.8554,2.0159,-0.1677,1.2678,-0.3368
-1.9225,6.8761,5.6360,-1.0865,-0.0305,-0.0613,-9.0764,2.2649,1.4509,-0.3385,1.0304,-1.4120
-3.1412,7.3334,8.0756,-1.0841,0.0111,0.1444,-16.8863,-1.9680,-2.5809,-2.1324,0.5300,2.1625
-3.0813,5.5282,7.9751,-0.3319,0.8239,0.7330,-4.9799,1.6305,1.1277,-3.2917,-4.0460,3.5473
-1.2641,3.3854,1.3431,-1.2136,1.2309,0.9000,1.3048,2.6743,0.9720,-3.5960,-2.2436,1.7107
1.9489,0.3615,-0.5746,-4.3657,-0.1900,1.0896,3.0071,-0.0263,2.6169,-4.1863,1.3255,-1.4771
-0.2729,-1.5610,4.3239,-4.3657,0.4302,0.9642,3.7373,-2.2482,2.4086,-3.3247,1.3190,-4.3657
3.2202,-3.4429,7.6902,-4.3657,-1.6494,-0.1350,-2.6647,-10.5872,4.6855,-1.7396,2.0344,-4.3657
1.9920,-3.0071,14.0013,-4.3337,-2.4079,-1.0448,-9.9790,-14.3844,9.2727,0.3812,1.3872,-4.3657
3.0191,-3.7326,19.3667,-0.5381,-1.7628,-2.2204,-13.6853,-15.7778,12.0620,2.9994,0.8872,-4.3657
0.8523,-2.9042,11.9351,1.6278,-2.1675,-3.3306,-9.4212,-13.5655,7.6255,4.3656,0.1623,-1.1494
0.6345,-0.0192,11.2815,3.1119,-0.9501,-3.4186,-8.2672,-8.5641,2.3894,4.2649,3.2960,-1.2255
0.6991,1.0702,8.2528,2.5600,-1.1450,-3.0860,-9.1411,-8.3462,5.9640,4.0418,1.1775,0.0388
0.1891,2.7342,10.3956,2.6937,-0.6781,-2.8472,-10.6494,-8.1427,4.9392,3.7004,2.7145,1.8210
-0.5531,3.7421,9.0022,3.6643,0.1831,-2.3450,-9.7444,-6.3662,3.3423,3.3833,1.8242,3.8953
-1.3360,4.4891,5.5737,4.1069,0.6723,-1.5788,-5.9256,-2.1979,-2.0710,2.8835,0.4233,4.3656
-1.5874,5.1332,1.6257,3.1693,1.0028,-0.4911,-4.0893,2.0231,-3.7637,0.7413,-0.0286,4.2430
-1.8387,5.6048,-1.1396,1.5656,1.7380,0.5869,-1.5419,4.0534,-1.2067,-1.2637,-0.0075,3.5370
-1.6855,5.4157,-1.8794,-0.2458,2.7655,1.5015,-1.2785,4.5777,-2.9736,-2.6220,1.1045,2.1741
-1.2258,4.2306,0.2298,-2.3603,3.2145,2.0230,-1.6712,3.1771,-2.2458,-4.3657,1.9528,0.4249
1.4341,1.8364,0.3567,-4.1491,1.7676,2.0963,0.8356,1.0678,1.1636,-4.3657,-0.0518,-1.0652
0.2825,0.1245,2.7366,-4.3657,0.7861,1.7642,2.6121,-1.4006,1.7071,-4.3657,-0.6567,-3.5855
4.1683,-2.2410,7.4939,-4.3657,-1.4987,1.4188,-4.8602,-9.0214,5.4061,-4.3657,0.4727,-4.3657
5.7940,-2.3774,13.8744,-4.3657,-3.2578,0.6684,-5.6048,-10.9391,15.5001,-2.1986,-2.6609,-4.3657
8.6814,-3.9552,17.4729,-2.8751,-2.9284,-0.4155,-5.0733,-12.4451,17.2071,0.8103,-1.5724,-4.3657
8.0038,-4.3000,13.0891,-1.1647,-2.3008,-2.9400,-4.6663,-12.1817,11.3030,2.6528,0.7301,-4.1252
5.0254,-3.7134,13.3022,-0.2725,-2.0262,-3.1684,-5.1451,-12.4714,10.8793,3.1375,0.0727,-3.6015
6.6822,-2.8611,12.3182,0.4760,-1.7188,-2.8734,-6.5410,-12.1003,10.9487,3.1732,0.9451,-2.3351
3.4333,-0.5076,11.4634,1.6820,-0.0365,-3.0025,-10.3406,-11.3796,8.4731,3.1076,3.1173,-0.3224
1.9656,1.5419,11.0995,2.9491,0.9690,-2.3698,-12.9957,-11.3461,7.7596,3.3811,2.9340,4.1362
0.0431,2.1284,8.3151,4.3656,1.5825,-1.3771,-5.7269,-4.6232,-0.4334,2.4976,0.6471,4.3656
-1.2546,3.2489,4.6519,4.3656,2.2524,-0.0001,-3.7924,-1.4341,-1.1851,1.3570,1.5969,4.3656
-0.8284,3.4117,1.3910,3.9263,3.1698,1.2905,-4.6304,0.1556,-2.0901,-0.8589,1.9135,4.3656
3.0742,1.3551,1.0558,-2.5342,3.2418,2.7058,3.3830,2.3894,4.2952,-4.3657,2.2898,0.2082
3.0526,0.7254,6.1651,-3.7654,1.7329,1.4413,0.3639,-0.5411,4.2760,-3.5281,2.0342,-2.7258
2.5809,-0.3328,7.5848,-4.2818,-0.7153,1.0880,0.0215,-3.7158,3.3998,-2.4861,-1.5992,-4.3657
2.1763,0.0383,9.7157,-4.3657,-1.7894,1.0564,-2.5977,-8.2073,6.8833,-2.3506,-2.6580,-4.3657
2.8084,-1.2929,10.6422,-4.0746,-0.6618,0.9954,-6.0885,-12.5025,8.8107,-1.9016,1.4300,-4.3657
2.7892,-1.6975,14.3939,-3.5182,-2.4784,0.3479,-11.7268,-16.4075,10.3501,-0.5221,0.1535,-3.8557
5.3056,-2.5402,19.2518,-0.7013,-1.3138,0.1424,-11.5065,-15.7778,12.8114,0.9747,-1.7786,-0.0917
5.3079,-2.5139,13.6254,2.3077,-0.4141,-1.3996,-8.9567,-13.1705,11.0468,2.1144,1.0952,2.5726
4.6663,-0.7949,11.8010,2.6979,-1.4799,-2.5884,-4.5993,-9.2392,8.3797,3.4717,0.0885,4.3656
-0.3256,2.2649,8.7436,4.3656,-1.2265,-2.4551,-7.0030,-6.5769,2.8515,4.2940,-0.0652,4.3656
-2.5163,4.9153,1.8818,4.3656,-0.8220,-0.2978,-6.5553,-1.5155,-5.5809,2.2451,-0.9321,4.3656
-1.5730,4.7764,-3.8666,2.5858,2.2677,1.7496,-3.0909,-0.6440,-3.6033,-2.2376,-1.6594,4.3656
-0.2969,2.9090,0.7111,-0.7554,4.3656,3.3217,3.1819,1.4365,1.7813,-4.3657,1.8739,4.3656
2.7390,0.2203,4.2880,-3.0153,4.3656,3.2198,0.5986,-0.6967,4.3455,-4.3657,4.3656,1.6050
3.7996,-1.0846,7.2520,-4.3657,3.5771,1.9841,-1.6592,-3.2465,8.5138,-4.3657,3.8495,-1.2204
3.2801,-1.5706,11.6119,-3.3167,1.3093,0.9643,-2.8802,-5.0637,8.2073,-1.9477,-0.0228,-2.9416
5.0206,-3.2010,13.0269,-2.5126,-0.9192,-1.0020,-4.7621,-8.3246,8.9974,0.3503,0.8187,-4.2392
-0.0407,-2.5570,11.5903,-1.1429,-1.7323,-2.4421,-9.4020,-10.6686,5.5306,2.5559,0.6478,-3.1909
-2.8850,-1.4102,14.0181,-0.0217,-2.3307,-2.2553,-15.5982,-12.8688,2.2194,2.7768,-0.1957,-1.9405
-5.9280,0.1820,12.3469,1.7624,-1.1648,-0.8836,-16.3237,-11.1330,-2.0973,1.8317,-0.3453,1.8819
-4.5107,-0.0239,8.1235,1.9855,1.0874,1.0307,-8.3318,-6.2010,-2.1811,-0.3675,-1.7337,2.7804
-1.1827,0.4357,7.2927,0.4943,1.7740,1.9588,-7.2520,-5.1571,2.6001,-1.8085,1.4758,2.4549
1.9393,0.3352,10.2065,0.0119,1.5671,1.7143,-5.8490,-4.0390,5.9592,-2.0688,1.0545,1.7289
3.3088,0.2945,10.6350,0.2863,0.8260,0.7673,-5.5569,-3.9648,8.9232,-0.6523,-0.2694,0.9106
2.7270,0.7326,8.8921,0.5825,-0.3032,-0.3695,-4.9273,-2.8802,6.6367,0.9498,0.0837,-0.0406
0.3735,1.5347,7.6519,0.5682,-0.6443,-1.0802,-7.1108,-3.0981,3.6464,1.5246,0.0687,-0.4179
-0.8380,1.8004,6.5625,0.5962,-0.8251,-1.0866,-7.0964,-2.8252,2.5307,1.5320,-0.2014,-0.4337
-0.9026,2.3798,4.6208,0.7498,-0.5200,-0.7726,-9.7252,-3.3208,1.1157,1.0337,0.4092,0.6380
-1.5874,3.3902,4.0965,0.6821,1.3105,-0.4674,-8.3558,-1.8818,0.1053,-0.3172,0.9220,2.1783
-3.2154,2.8659,4.7142,0.5793,2.5314,0.1632,-4.4341,0.1556,1.1444,-1.3483,2.0559,1.6658
-0.2969,1.5921,4.5083,-0.6785,0.9862,0.3451,-2.8467,0.5650,3.2346,-0.9094,0.9454,0.9792
0.6249,0.2514,7.1994,-1.0098,0.3303,-0.2731,-1.6592,-0.8811,4.7070,0.7492,-0.0562,-1.6535
1.4246,-0.4621,11.6717,-1.1604,-1.2740,-1.3876,-8.8921,-5.9376,1.7095,1.9922,1.7158,-3.6868
-1.3886,-0.0359,13.8145,0.2316,-1.2077,-2.1823,-15.3373,-9.5840,3.9025,2.1362,0.9036,-3.1830
-4.1156,2.0949,10.3430,1.1229,-2.1770,-1.4020,-19.1177,-9.9862,0.3184,2.4321,-1.0920,2.3984
-7.4579,4.4532,7.6830,2.5995,0.6804,0.6111,-10.4172,-2.9712,-6.4667,0.1953,-2.6373,4.3656
-2.2841,2.0446,2.2577,1.5152,3.8957,2.1983,-5.4564,-2.3511,1.1588,-3.3898,0.8888,4.3656
1.1109,1.3216,7.4891,-1.1174,4.3656,0.7506,-6.0454,-2.4517,8.0373,-3.7515,4.3656,4.2325
-2.5211,1.0463,14.5041,-0.1284,2.6693,-0.0163,-1.5395,2.9209,2.8826,0.1816,4.3656,0.6319
-1.2761,1.3743,7.4771,0.6861,-2.7540,-0.8207,1.2905,3.3279,2.7031,3.6263,-4.3657,-4.3119
-0.5243,1.6113,3.3854,-0.8186,-4.3657,-1.4222,0.0622,-1.6400,-1.3001,2.0352,-4.3657,-4.3657
-0.7326,0.9984,2.0877,-3.4264,-4.1829,-1.4714,-4.2090,-6.8019,4.8626,-0.6731,-1.6647,-4.3657
0.8667,0.9984,8.8873,-3.8630,-2.3968,-0.2685,-7.7333,-9.9527,6.3183,-0.8755,0.6400,-4.3657
6.2824,-2.7461,10.9942,-2.1810,0.2372,-1.1025,-5.3630,-10.3813,14.7746,-0.0719,-0.1419,-4.3657
3.0670,-3.6009,12.5480,-0.7730,-1.0012,-3.6820,-3.5027,-11.1474,9.3541,2.4578,2.5434,-3.5448
1.1372,-2.1739,14.2934,0.3974,-1.9745,-3.4435,-5.3989,-12.8329,8.1163,3.6397,2.6088,-4.2864
2.3607,-2.7078,10.4627,2.3266,-0.9976,-4.3188,-6.5098,-11.8058,7.0485,4.3656,3.8363,-2.3714
-1.5586,-1.3647,9.2560,2.8229,-1.0392,-4.3657,-4.0917,-10.0676,3.1292,4.3656,3.7218,-1.1311
-2.2266,0.9002,9.9431,3.2266,-1.2084,-4.1953,-9.8641,-12.2128,6.3255,4.3656,4.3656,1.0055
-2.2936,2.6576,8.6862,4.2924,-0.9697,-3.6202,-7.3765,-9.4068,0.8978,4.3656,3.3235,4.3627
-3.8642,4.7525,4.9799,4.3656,-1.1052,-2.0948,-11.1833,-5.3798,-5.1523,4.0254,1.6253,4.3656
-3.8427,7.0677,1.8579,3.6028,-0.3738,-0.0903,-3.8595,-0.6321,-4.8746,2.3575,-1.2227,4.3656
-0.3376,6.5577,-1.0199,2.4578,1.0548,1.5889,-3.0047,3.4022,-2.8347,-0.9449,-2.4417,4.3656
-0.6560,6.4763,-1.9920,0.0998,4.1676,2.3787,-2.3391,4.7597,-5.0087,-3.7663,2.8422,4.3656
0.4645,1.4030,1.8794,-4.3657,4.3656,3.2634,3.4477,0.1053,2.3391,-4.3657,1.4424,-0.9891
4.0390,-4.1444,9.1506,-4.3657,0.6755,1.4484,2.3391,-11.9375,12.9383,-4.3657,1.4505,-4.3657
7.3358,-4.2713,19.5487,-4.3657,-1.5616,0.2262,-9.4571,-16.9270,17.8631,-0.1603,2.1300,-4.3657
8.5952,-4.5538,19.6127,-0.5075,-1.9744,-3.0314,-10.8601,-16.9366,15.2606,3.6425,1.0006,-4.3657
1.9082,-5.3846,15.4330,2.4060,-2.9184,-4.3657,-7.1347,-16.8983,12.3972,4.3656,0.6046,-2.5151
1.6448,-3.5650,14.4706,3.3252,-3.0032,-4.3657,-6.6224,-15.0116,7.2185,4.3656,4.3656,-1.3239
-1.9752,1.4246,12.4235,4.3656,-2.4476,-4.3657,-11.6167,-11.6957,2.9856,4.3656,3.4667,1.1450
-3.1939,4.4987,6.7133,4.3656,-1.9386,-3.8279,-13.3333,-7.4077,-1.2929,4.3656,1.8465,3.4045
-4.5442,7.2712,1.0463,3.8858,0.2855,-1.7048,-11.5712,-3.4668,-7.2496,1.6431,1.4647,4.3656
-5.7413,7.8937,0.1125,2.0989,2.9744,0.6464,-4.8100,0.2011,-8.2672,-2.3495,-1.0972,4.3656
-5.2026,4.8363,-1.5371,0.1287,4.3656,3.1388,-1.3312,1.4222,-4.1132,-4.3657,0.1120,4.3656
-2.2601,2.3583,-0.4357,-3.1568,4.3656,3.5663,-0.7661,0.0862,0.2203,-4.3657,4.3656,3.5209
-3.0311,-1.0894,2.6887,-4.3657,4.3656,3.2057,5.3822,1.8052,0.4908,-4.3657,4.3656,-0.6666
-0.4477,-5.1475,5.0230,-4.3657,1.5549,3.4018,8.9519,-7.8985,-2.8563,-4.3657,-1.5660,-4.3657
5.4875,-6.7852,8.0206,-4.3657,-1.5356,3.1337,-5.3367,-18.4114,13.9390,-4.3657,0.3476,-4.3657
8.5593,-5.4157,19.6127,-4.3461,-0.3465,1.0349,-13.7140,-17.2622,18.6652,-0.3295,2.1629,-4.3657
5.4253,-3.9552,19.6127,1.4915,-1.8658,-3.3871,-10.0772,-15.6724,14.4634,4.3031,-0.2673,-1.6216
1.3862,-4.0342,12.1338,2.2815,-3.3806,-3.9750,-4.9057,-13.2232,6.4548,4.3656,1.1599,-0.2982
-2.1979,-1.3791,11.0636,3.6884,-2.3541,-4.0899,-9.1889,-11.8872,0.3974,4.3656,2.3547,1.1858
-0.3519,1.6065,8.6024,3.1112,-2.2449,-2.2950,-10.9104,-9.4930,2.2889,3.1813,0.6007,3.7691
-1.5083,3.9241,6.7540,3.2666,-0.3964,-1.3534,-10.5991,-6.6128,2.4612,1.5902,0.4831,4.3656
-1.1301,4.6950,6.1411,2.5847,1.7865,0.0152,-7.5681,-3.6296,0.6297,-0.5890,1.2882,4.3656
-2.5522,4.8243,4.0677,1.6462,2.8615,1.3249,-3.5003,-0.1796,1.1325,-1.8475,0.8859,4.3656
-1.2043,4.6807,5.0589,0.7394,2.7975,2.1633,-7.3167,-0.5267,0.6967,-3.4300,1.9228,4.3656
-3.5291,4.0677,2.9640,0.1276,3.6969,2.9308,-0.4381,3.0646,0.7614,-3.8449,0.7077,3.1527
-1.4700,1.1277,0.5076,-2.0522,3.5655,3.5932,2.7126,3.2968,-5.6910,-4.3657,1.3059,0.2198
0.8787,-2.0830,2.8036,-4.3657,3.8044,3.0831,4.2808,-1.9393,-2.3679,-4.3657,1.0260,-4.0209
6.0262,-5.4540,3.3543,-4.3657,0.8531,1.2541,1.9130,-9.4571,7.2018,-4.3657,1.2264,-4.3657
5.5210,-6.0334,11.5472,-4.3657,-3.4130,-0.1709,-0.9888,-12.4355,11.4898,-2.1799,-1.4281,-4.3657
6.7301,-4.2473,19.6127,-4.1524,-3.6858,-2.1015,-6.5170,-16.7259,17.8224,1.3889,-2.1838,-4.3657
2.3846,-3.2370,19.6127,1.5784,-1.7972,-3.8319,-17.5974,-19.6133,16.9246,4.3656,3.7758,-3.4725
1.2354,-2.9784,10.4052,3.5590,-1.4797,-4.3347,-10.0293,-14.5639,3.4644,4.3656,0.4968,2.3562
-5.5713,0.3855,11.8298,4.3656,0.3300,-2.7130,-12.3948,-11.7124,-1.6783,4.2609,2.7018,3.8504
-3.6703,2.4732,8.0134,4.3656,1.5508,-0.2683,-11.3150,-7.2903,-3.5075,1.2754,2.6446,4.3656
-2.0877,3.8666,6.6535,4.0039,2.5519,0.9447,-7.2281,-4.7884,-1.2737,-1.1623,-0.6339,4.3656
-1.9800,3.0718,6.0071,3.2923,3.2646,1.8744,2.8515,2.0423,4.1755,-1.5785,-0.8576,4.3656
0.9409,3.1580,1.3623,1.1919,2.3506,2.3048,-0.9481,2.9688,1.7645,-1.1065,2.3413,2.1639
1.4269,2.7892,3.3543,-1.2752,1.7425,1.5332,-0.0192,3.4812,0.2873,-2.4893,0.7330,-0.3182
1.6209,0.9385,2.2936,-3.3285,0.0089,0.9417,0.7039,0.1413,0.6009,-3.0678,-1.2445,-2.4617
4.6160,-1.7933,2.2434,-4.3657,-1.8345,0.9130,5.0087,-2.4804,1.0774,-4.0890,-2.1754,-4.3657
5.9352,-4.7453,3.9840,-4.3657,-3.3063,0.2399,4.1108,-10.1083,7.4651,-4.3657,-2.2744,-4.3657
8.1235,-4.6831,16.8672,-4.3657,-2.1011,0.5153,-3.3112,-17.0635,17.3029,-2.6779,0.6510,-4.3657
10.6231,-5.7245,19.6127,-0.7775,0.0655,-2.3932,-16.7714,-19.6133,19.6127,1.8411,4.3656,-4.3657
0.2873,-4.9632,12.9191,2.5302,-0.2876,-4.3657,-9.4715,-15.7850,10.3118,4.3656,-0.4724,0.8696
1.5060,-3.2777,8.5114,2.6032,-0.8099,-4.2121,-1.9680,-12.0859,7.9104,4.3656,-0.2321,0.1745
1.6640,-0.7901,13.1250,3.1381,-0.4644,-4.3657,-8.1283,-9.5481,-0.1173,4.3656,4.3656,0.5757
-2.5642,2.6671,8.0996,4.3656,0.1811,-3.5774,-13.1322,-6.1028,-2.0710,4.3092,1.6399,3.0659
-3.7493,5.5498,5.0518,3.7898,0.5497,-0.9995,-11.8202,-2.5091,-5.1164,1.4422,-1.4949,4.3656
-3.6559,5.1787,3.2394,2.9567,2.8036,1.5932,-3.3112,2.1955,-4.9033,-2.1721,1.0812,4.3656
-1.0008,3.0502,-0.2131,0.7855,4.3656,3.5818,-1.8627,1.3312,-0.3328,-4.3657,2.1080,3.5214
1.6209,1.1205,-1.0702,-3.0383,4.2765,2.8913,4.6088,2.5187,1.7717,-4.3657,1.0488,1.0195
0.1772,-1.9992,2.7246,-4.3657,4.0867,3.6377,2.4636,-1.6879,-1.7190,-4.3657,3.0085,-2.7328
4.3790,-6.2082,4.1108,-4.3657,1.0288,2.7386,0.5387,-8.5210,1.9537,-4.3657,1.3981,-4.3657
5.6407,-7.4747,12.6127,-4.3657,-1.4079,1.3452,-0.6393,-12.7755,8.9878,-4.3657,-2.1762,-4.3657
5.9568,-4.8028,19.6127,-2.9693,-1.6722,-0.5816,-12.8233,-18.0690,16.4960,-0.8303,1.5263,-4.3657
5.1404,-5.4085,12.8186,0.9014,-0.0045,-2.9218,-11.1881,-15.6940,15.8903,2.9316,0.8228,-0.6245
1.7142,-5.0446,10.6901,2.3559,0.7033,-4.3657,-4.6328,-13.1944,6.8738,4.3656,1.6306,0.4187
-0.3136,-3.5482,11.3365,3.9734,1.2586,-4.3657,-7.4005,-12.8545,3.0526,4.3656,4.3656,2.0119
-1.9010,-0.9361,9.0621,4.3656,0.9670,-4.0105,-9.2775,-9.1387,-2.7031,4.3656,2.2579,3.5711
-4.7692,1.8268,5.8466,4.3656,0.7293,-2.1032,-7.5776,-4.9273,-3.7326,3.7037,0.2322,4.3656
-5.3247,3.1771,5.2361,4.3656,1.7913,-0.0961,-5.8945,-0.4022,-5.6599,1.7856,1.6359,4.1965
-3.8475,3.4812,0.6776,2.8889,2.3634,1.4951,-3.8020,3.1149,-4.6160,-0.9814,0.7268,2.9854
-1.2617,4.2234,-0.0838,-0.3497,2.3938,1.6534,-2.7078,3.2513,-0.0144,-2.7288,0.6650,1.7676
-1.3815,3.4764,3.9887,-2.3338,1.7552,1.0816,-0.3974,3.2920,2.0853,-2.4385,1.1987,-1.1742
-0.6680,1.5945,3.5769,-3.7402,-0.1486,1.2272,0.4405,1.0223,-6.1723,-2.8185,-1.0111,-3.9155
2.6408,-2.4110,1.4748,-4.3657,-1.3446,1.0309,0.3639,-6.7780,2.8204,-4.3657,-3.6320,-4.3657
3.8762,-5.5067,5.6671,-4.3657,-3.7357,0.7072,1.3982,-10.7691,9.0429,-4.0600,-2.5758,-4.3657
7.9344,-6.9743,17.6932,-4.3657,-2.3240,0.4935,-5.0781,-16.2925,13.7619,-2.4400,0.6270,-4.3657
6.1699,-6.4931,18.7466,-1.2656,-0.4620,-2.8930,-10.7715,-18.6173,16.9725,1.8285,2.7015,-3.9374
2.6600,-6.2872,13.7355,1.5022,-0.9038,-3.3827,-8.8035,-16.7953,9.4954,4.3656,0.0477,-0.6877
3.5243,-6.8570,9.9671,2.8539,-0.9649,-4.2374,-1.6209,-12.4834,4.6064,4.3656,1.3558,0.2221
0.4573,-3.8547,9.3709,3.9752,0.2368,-4.3657,-5.7581,-12.0452,3.3136,4.3656,3.8059,0.2494
1.1277,-1.5778,9.2775,4.3656,-0.0286,-2.8078,-10.6255,-11.8345,4.6017,4.3656,2.7398,3.1888
-0.5698,1.0367,7.4244,4.3656,1.0191,-2.9215,-6.2177,-7.7692,1.7023,4.3656,1.4587,4.3656
-2.5857,4.1084,5.2720,4.3656,1.8750,-0.9541,-5.5641,-2.4038,-2.0231,3.2145,2.1152,4.3656
-2.2266,6.3542,0.7207,4.3656,2.6861,0.6907,-3.6583,3.6416,-5.5713,0.4337,1.4993,4.3656
-0.4693,7.5298,-3.3639,1.9159,3.0433,1.8623,0.0718,6.2513,-0.9313,-2.5476,-0.5485,4.3656
-1.1995,6.5841,-0.9026,-2.0177,2.9627,2.9144,2.1668,7.8099,-2.9999,-4.3657,0.1252,2.5947
1.8890,2.5666,0.7542,-4.3657,2.3058,3.0369,2.3080,2.2386,-0.9433,-4.3657,1.7124,-1.3069
1.7454,-1.3120,1.6448,-4.3657,0.9044,2.7228,3.2465,-4.7597,2.4612,-4.3657,-0.7540,-4.3657
4.5107,-5.7150,7.0366,-4.3657,-0.3640,3.1175,-1.4605,-10.8505,4.6088,-4.3657,0.2942,-4.3657
6.5481,-6.3039,12.6150,-4.3657,-1.1143,1.4268,-2.2553,-13.9678,9.9671,-4.3657,0.2605,-4.3657
6.8091,-5.2816,19.6037,-3.6268,-1.4448,0.2669,-10.0030,-17.3771,17.2239,-1.4174,0.0890,-4.3657
7.8626,-6.5218,13.5272,-0.2257,-0.6800,-2.8094,-6.4787,-15.1697,16.9797,3.0988,0.5285,-1.5820
4.5179,-5.9759,12.8401,1.9292,0.3537,-4.3657,-5.2409,-14.0899,9.2344,4.3656,3.5881,-0.7914
0.7590,-3.5793,8.7580,3.1764,0.1692,-4.3657,-7.4268,-12.7970,4.4772,4.3656,3.4150,0.3849
-1.8675,-0.6632,9.9862,3.8380,0.3096,-4.3657,-8.4898,-11.0157,1.2163,4.3656,1.5989,2.9830
-3.8283,2.0614,7.3670,4.3656,1.7243,-2.6858,-9.1937,-6.1435,-3.0311,4.3656,2.4505,3.6373
-4.5059,3.3016,6.2944,4.3656,2.9064,-0.4387,-6.8354,-3.1987,-2.0973,1.8594,1.5836,4.3656
-2.5211,2.5402,4.0031,4.3656,4.3364,1.2617,-4.2880,-0.1101,-0.7805,0.2988,2.5162,4.3656
-1.2905,4.1587,0.8164,2.1446,3.9170,1.4785,-3.7302,2.6743,0.1221,-1.0373,2.6851,3.5499
-3.1699,5.3822,4.0438,-0.0213,2.2635,1.8847,-3.7661,5.0518,-1.6400,-1.7451,1.3903,1.9103
-2.8276,5.3558,3.7445,-0.7095,1.0052,1.9722,-4.7309,4.6926,-2.2003,-2.4600,0.0354,0.5028
-3.0311,3.7350,0.1796,-2.5165,-0.3517,2.3423,-2.4565,2.8994,-3.1244,-3.4736,-2.7412,-0.7801
1.6089,0.2394,1.4293,-4.3657,-1.1461,2.7941,2.8180,-0.1604,0.3735,-4.3657,-3.1858,-2.5584
6.5817,-4.1276,2.4612,-4.3657,-1.7405,2.5556,4.9081,-7.3263,4.7836,-4.3657,-2.9279,-4.3231
8.6526,-6.2800,8.0397,-4.3657,-1.7902,1.4481,1.9944,-12.1003,10.9942,-4.3657,-1.1602,-4.3657
10.3789,-7.2329,12.5145,-4.3657,-1.4983,0.0982,0.3903,-14.2000,15.0763,-2.6954,0.0456,-4.3657
7.8338,-6.9719,17.0970,-2.4056,-1.9843,-2.3100,-5.0326,-16.7977,15.9813,1.1997,0.0581,-4.3657
4.3718,-6.2058,15.4546,0.8624,-2.3641,-3.9380,-7.7093,-16.7235,13.1561,4.3656,0.7691,-2.9030
4.5226,-5.1858,10.9535,2.4256,-1.9931,-4.0706,-4.0701,-12.8593,7.5082,4.3656,0.4143,-0.6899
3.9361,-1.9417,8.3821,3.2468,-0.3183,-3.9346,-2.9592,-8.6766,6.9623,4.3656,2.3735,0.0089
4.4341,0.7039,7.9966,3.6214,0.0978,-3.4034,-4.4388,-5.9256,7.1323,4.3656,3.1435,1.2275
3.8906,3.6272,6.2441,3.7640,0.6578,-3.1614,-6.3207,-3.1460,6.4572,3.8709,2.5772,2.0018
1.6712,5.5713,7.2281,3.9658,1.2817,-2.3715,-6.1052,-1.1277,5.1164,3.5615,2.4970,2.4678
-0.6297,6.8259,5.8323,4.2761,1.3915,-1.1831,-8.7149,0.2610,0.9697,2.6696,3.0365,3.7545
-2.1620,7.6974,0.9960,3.5795,1.9112,0.0854,-5.1116,3.9600,-2.2458,0.7671,0.5444,3.7866
-3.7254,7.1132,-2.0590,1.8908,3.2370,1.9752,-3.9217,6.0094,-4.7046,-1.6627,1.4312,3.2085
-2.3798,5.7772,-2.5857,-1.0733,4.3656,3.2947,-2.5786,5.7820,-4.6160,-4.3657,2.6895,2.2617
-0.7422,3.3016,1.2402,-3.6267,4.3656,3.5927,-4.0677,1.1301,-2.1763,-4.3657,3.1120,0.8749
0.2538,0.9840,4.0677,-4.3657,4.2932,3.1042,-2.0207,-1.8866,1.6568,-4.3657,1.1718,-0.1231
3.5913,-2.5402,3.8259,-4.3657,1.6862,2.4372,4.3072,-3.3327,6.9887,-4.3657,-1.6406,-2.6729
5.2241,-4.6376,9.0525,-4.3657,0.0823,1.6992,4.6711,-7.4364,7.2999,-4.3657,-0.2180,-4.3657
8.2768,-6.6415,11.7100,-4.3657,-0.8355,0.0457,-1.2929,-13.9175,10.9798,-2.8265,0.8280,-4.3657
4.2282,-6.3949,18.8041,-4.1655,-1.7182,-1.3885,-7.8913,-18.7634,16.6158,0.5279,0.3584,-4.3657
6.2896,-5.8586,18.9477,0.1737,-1.7889,-3.8240,-11.4778,-18.0331,15.0428,3.7166,1.7572,-2.5788
1.7478,-5.8658,10.7811,2.4448,-0.8635,-4.3657,-3.3208,-13.3309,7.1874,4.3656,0.3139,-0.0813
-0.0862,-3.4548,9.5074,2.5951,-0.3990,-4.3657,-4.9560,-10.6518,1.6089,4.3656,3.6731,-0.2915
-1.7861,0.2729,9.9479,3.5218,0.1776,-3.2134,-11.7268,-9.5409,2.8659,3.4271,3.7450,1.3936
-2.8180,1.3527,7.6112,4.3656,0.6837,-1.9425,-10.0485,-7.0581,-2.0470,2.8681,0.9278,4.2061
-5.3127,3.2417,8.8729,4.3656,0.7982,-0.5171,-8.7125,-5.4684,-2.3774,1.4907,0.4498,4.3656
-3.2657,2.5857,2.0423,4.3656,1.9096,1.5904,-6.5242,-4.6735,2.3128,0.9503,-0.1132,4.3656
-0.9936,4.3239,-1.0582,4.3656,3.1533,2.3579,2.4804,3.1436,-2.1787,0.3916,-0.0111,4.3656
1.9704,4.4963,-1.8387,1.1627,3.0165,3.4863,2.5857,6.8426,-3.5075,-2.7704,2.2427,3.1722
6.7804,2.6480,-2.2649,-2.7175,0.7222,2.7105,5.6862,5.5019,4.2856,-4.0573,-2.2858,-0.1479
8.1858,0.4286,2.2865,-4.3657,-0.0822,1.2472,7.0198,1.2929,5.7126,-4.3657,-1.4646,-2.7895
7.1275,-1.9968,3.9696,-4.3657,-0.4535,0.5183,4.2449,-6.8354,8.0110,-4.3657,0.0047,-4.3657
7.8003,-2.4205,13.9606,-4.3657,0.7617,0.1715,-2.3798,-12.3732,12.6198,-3.9202,1.6292,-4.3657
5.5474,-3.0933,16.9916,-3.4053,-0.5141,-0.8895,-9.5193,-14.7770,11.5065,-1.4113,3.4723,-4.3657
2.7270,-2.3583,15.0739,-2.4096,-2.7218,-0.6239,-8.7269,-14.7291,12.3397,0.8414,-4.2104,-2.6015
6.6535,-3.1771,15.0404,-0.6615,-1.0604,-0.8184,-6.1100,-13.7523,13.2088,1.4140,0.0465,-1.0012
4.2066,-2.7461,11.3342,1.8485,0.6254,-1.7708,-4.3239,-10.0269,7.5633,2.0451,2.8035,0.1575
4.1803,-0.9936,8.2217,1.6610,-0.9461,-1.4721,-2.8611,-7.3765,6.6200,2.3272,-0.3223,0.9738
6.2034,-0.5291,7.5753,2.3461,-1.0716,-1.1618,-2.8180,-6.2441,10.3884,2.6004,0.9790,1.2232
7.1228,0.7039,8.7101,3.6096,0.4702,-3.1756,-4.6088,-6.4141,11.1187,3.9327,3.4968,2.7897
0.9936,2.8347,7.9895,4.3656,0.1904,-3.5926,-7.1036,-6.2608,5.3343,4.3656,2.7715,4.3656
-1.1061,4.3407,3.3567,4.3656,0.1382,-2.8009,-7.5369,-2.4636,-1.8268,4.3656,1.1346,4.3656
-4.6591,7.6399,-1.0918,4.3656,1.4460,-0.5144,-3.6488,4.8315,-8.6646,1.9662,0.7381,4.3656
-3.9959,8.4659,-4.0677,2.3230,3.1784,2.0173,-1.4892,8.0062,-7.5130,-2.3462,0.6991,3.9301
-2.3032,7.4771,-5.9640,-1.2016,4.3656,3.1321,-1.8603,6.1938,-4.4077,-4.3657,2.3619,2.5181
-0.2801,3.5626,0.2969,-4.3657,4.3656,2.7875,2.4253,2.7078,-3.8475,-4.3657,1.8013,-0.8827
0.4022,-1.1492,1.9561,-4.3657,3.1925,2.4961,3.5338,-4.9344,3.7948,-4.3657,0.8013,-4.3657
9.9862,-6.8115,18.2510,-4.3657,-0.3136,-0.9952,-5.8059,-15.7682,17.0347,-1.3952,1.6084,-4.3657
5.5330,-8.9304,14.2718,-1.0122,0.1099,-4.3657,-3.3208,-16.3763,13.7307,2.8396,2.4686,-4.0229
2.5522,-8.2049,11.9566,0.7037,-1.6068,-4.3657,-1.2522,-15.5072,7.9679,4.3656,1.7281,-2.8621
1.6257,-5.9113,10.9798,2.3892,-1.6722,-4.3657,-5.5378,-15.1361,4.9321,4.3656,3.6120,-1.9845
1.1301,-3.1651,8.2504,3.3719,-0.6530,-4.3657,-5.3343,-12.2248,4.5514,4.3656,2.6368,0.6752
-0.1293,0.4214,9.7037,4.3656,0.2578,-4.1990,-8.8681,-10.5967,4.1922,4.3656,4.0733,2.4681
-3.5362,3.0813,8.0732,4.3656,1.4349,-3.2201,-8.7819,-6.7397,-0.7422,4.3656,3.7670,4.0943
-2.8491,4.3622,0.8906,4.3656,1.1614,-0.4419,-5.5474,-2.0662,-4.9225,3.2191,0.8597,4.3656
-2.0063,7.0868,-4.2066,4.3656,3.0934,1.6064,-1.6640,3.4524,-8.5521,-0.9433,1.3686,4.3656
-1.4198,6.7947,-5.2289,0.8752,4.3656,3.2599,1.0726,5.2050,-2.6336,-4.3657,1.5451,4.3656
0.7925,2.8563,-1.4557,-3.5643,4.3656,3.1010,2.8706,2.6576,2.0063,-4.3657,3.7032,1.8987
0.3112,0.1724,5.6814,-4.3657,4.3656,1.9898,-1.9489,-3.0358,7.0677,-4.3657,4.3656,-1.9317
-3.0813,-1.0918,11.6215,-4.3657,4.3656,1.5595,-5.6982,-5.0350,0.8859,-4.3657,4.3656,-3.7700
0.6967,-2.9808,7.9583,-4.3657,2.0003,1.1013,-3.9672,-8.0900,-1.1564,-4.3657,0.3545,-4.3657
1.4748,-6.2991,10.3046,-4.3657,-2.2921,0.4197,-0.2059,-11.6957,7.5537,-3.2319,-4.3657,-4.3657
5.9113,-7.4268,14.9757,-4.3657,-2.9091,-0.0990,-0.5602,-14.1785,11.4850,-1.0966,-1.6270,-4.3657
4.5107,-6.4715,13.9534,-2.8225,-2.3679,-3.0738,-3.9265,-14.7076,9.0644,1.4695,0.5842,-4.3657
2.8683,-5.3606,13.5751,-1.3676,-3.9936,-3.2770,-4.8219,-15.4211,11.3318,2.9697,-2.3383,-3.8085
5.6216,-5.9041,13.6637,-0.1737,-4.0047,-2.9822,-5.3774,-15.2128,10.9822,3.6436,-0.5059,-2.0929
4.2545,-5.2577,10.9056,1.8940,-0.8204,-3.9444,-1.9082,-12.1745,8.9447,4.2342,2.4103,-0.8576
2.5402,-2.9951,10.1945,3.0161,-0.2798,-3.7589,-4.8267,-11.4515,6.7924,4.3389,2.7065,0.0898
1.5969,-0.3017,10.3094,3.3381,-0.5582,-3.1115,-7.8386,-10.5680,6.0238,4.2185,2.8073,1.8086
0.6249,1.8675,9.1075,4.3656,1.5202,-2.5655,-9.5098,-8.7676,3.8978,3.5369,3.4170,3.9752
-1.0534,4.6639,7.6088,4.3656,2.0757,-1.4946,-10.4770,-7.4196,0.6105,2.1092,2.9471,4.3656
-3.8044,5.2720,4.6998,4.3656,2.8341,0.1985,1.1301,3.4285,-1.3934,1.4621,-1.2677,4.3656
-1.1588,6.3901,-5.5474,3.0747,3.2596,1.9721,-2.4301,4.7836,-5.1188,-1.4420,2.8325,4.3656
-1.1564,4.8076,-3.4500,-2.0932,4.3656,2.0251,0.8691,4.8722,-2.4493,-4.3657,2.5430,2.5170
-2.5331,1.2043,0.9744,-4.3657,4.3656,1.8611,3.4860,2.9137,-5.8826,-4.3657,3.0810,-0.8777
-1.0726,-3.6320,1.8435,-4.3657,3.3522,2.0860,2.3846,-5.1499,-2.8204,-4.3657,1.6353,-4.3549
3.1603,-7.6351,5.5809,-4.3657,0.1207,1.3674,2.6863,-11.0756,4.7118,-4.3657,-0.3589,-4.3657
5.2098,-7.7620,10.4746,-4.3657,-2.2319,0.5558,-1.5060,-14.2790,7.5513,-3.6230,-0.4493,-4.3657
5.7197,-7.7405,18.9022,-4.3657,-2.0095,-0.5789,-6.9695,-18.1959,13.7427,-1.2945,-0.7340,-4.3657
3.5171,-7.3502,16.8312,0.9181,0.3210,-2.2262,-10.7643,-19.4601,16.7642,2.8148,2.2772,-1.9560
2.0255,-7.4579,10.2161,3.6644,-0.3182,-3.0393,-3.3423,-15.4450,4.1731,4.3656,1.4334,1.1163
1.1301,-5.8634,9.4834,3.8241,-0.3489,-2.9457,-3.3208,-13.0245,2.7318,4.3656,1.9546,1.2187
0.3256,-2.7629,10.4363,4.3656,0.0678,-3.0405,-8.4755,-13.2878,5.0685,4.3656,4.3656,2.5095
0.2203,-0.2298,11.7005,4.3656,-0.3509,-2.6053,-12.0309,-12.9622,4.5538,4.3656,2.3244,4.3656
-2.9257,2.3439,10.8745,4.3656,-0.0998,-2.2146,-8.2432,-7.2736,-1.7980,4.3656,1.0653,4.3656
-4.8961,4.8602,2.6001,4.3656,0.4209,-0.3480,-0.6249,3.2872,-4.6855,4.3656,-0.8883,4.3656
-2.4373,8.6766,-7.2377,4.3656,1.7821,1.3646,-2.2027,9.3518,-9.1004,0.2439,1.9536,3.7720
-0.4812,8.4563,-8.6383,-1.8012,3.1373,1.5187,-0.7422,8.7388,-6.3805,-4.3657,0.0349,2.2451
-3.2681,3.7038,-0.5315,-4.3657,3.5825,1.5276,-0.6776,2.6504,-3.8116,-4.3657,1.6141,-0.8411
-1.7142,-1.9728,2.7653,-4.3657,3.0491,2.1597,1.4868,-4.5873,-3.8642,-4.3657,1.9080,-3.7233
2.3272,-6.3853,3.7086,-4.3657,0.4882,2.3365,2.8228,-11.8417,3.6320,-4.3657,-1.9809,-4.3657
6.4356,-9.2081,10.0700,-4.3657,-2.2545,2.1595,0.7135,-14.9470,12.3445,-4.3657,-1.3799,-4.3657
9.5170,-9.3302,17.9637,-4.3657,-1.3720,-0.8274,-1.0319,-17.3747,15.1960,-1.2231,1.4845,-4.3657
6.4859,-7.5298,19.6127,-0.9401,-1.4599,-3.7875,-14.1833,-19.6133,19.6127,2.9930,4.2234,-4.3657
4.1180,-7.3885,15.2630,3.4555,-1.5426,-4.3657,-11.4994,-19.6133,11.9231,4.3656,1.4198,0.8970
0.2035,-5.4731,9.2273,4.3656,-0.9469,-4.3657,-4.0701,-14.6932,2.4948,4.3656,0.2738,1.9351
-1.0415,-1.4605,9.7061,4.3656,-0.0179,-4.0318,-6.4524,-11.5113,2.9640,4.3656,4.3656,2.4834
-0.6512,1.9465,8.1020,4.3656,1.3784,-2.7596,-10.7117,-7.4819,0.5219,4.3656,4.2101,4.3268
-3.5458,4.2713,3.3495,4.3656,1.8959,-1.2211,-5.5952,-0.9146,-5.3989,3.0293,1.0897,4.3656
-1.9656,6.0071,-1.7885,3.6031,2.5534,0.5107,-8.8418,-0.3663,-6.7445,-0.7637,2.4820,4.3656
-5.9233,6.3183,-2.5690,0.6939,4.3656,1.5352,3.9576,6.3710,-3.9552,-4.3657,0.1632,4.3656
-1.5778,3.9720,-2.0087,-3.6733,4.3656,2.6737,2.5786,4.7764,1.6017,-4.3657,2.1895,2.1597
-2.4253,-0.3998,3.5793,-4.3657,4.3656,2.3050,-0.0551,0.8619,-5.0063,-4.3657,4.3656,-1.9961
2.0494,-4.5370,5.2361,-4.3657,2.1031,1.4610,3.5650,-5.8538,-0.2753,-4.3657,1.9788,-4.3657
3.7733,-6.1818,8.2480,-4.3657,-3.0698,0.2554,-0.3519,-13.2615,7.4101,-3.7876,-3.1192,-4.3657
7.1371,-6.4189,12.7539,-4.3657,-4.3657,-0.4465,-7.1994,-16.0412,12.6342,-1.5940,-1.5392,-4.3657
6.4093,-7.1730,18.6173,-2.8261,-2.3013,-2.5369,-9.1004,-17.0731,15.9574,1.1528,1.7317,-4.3016
6.0430,-7.5082,15.4402,1.6377,-0.4711,-4.3657,-8.7939,-18.2318,17.4298,4.3656,0.5109,-1.4687
1.9680,-6.8666,11.4227,4.2409,0.1326,-4.3657,-4.6831,-16.6517,5.6192,4.3656,3.3388,-0.6098
-2.3032,-3.3327,12.4594,4.3656,-0.7374,-4.3657,-10.2639,-14.3915,0.6560,4.3656,4.3220,0.7819
-1.4341,-0.0048,9.5840,4.3656,-1.0275,-3.7082,-11.1642,-9.6438,-0.5890,4.3656,0.5465,3.1312
-2.7414,4.0342,5.2002,4.3656,0.1451,-1.9486,-8.3869,-2.9544,-2.5283,4.3656,0.3415,4.3656
-1.4700,6.4428,1.0534,4.3656,1.6735,0.2523,-2.8730,3.1388,-0.8643,2.3886,0.7397,4.3656
0.3376,6.7732,-3.5171,2.6909,3.7543,1.0283,1.1468,7.3382,-2.3966,-0.1407,2.1766,3.2900
-1.5251,6.7947,-1.9178,-1.6379,4.3656,1.0764,-1.8771,6.9935,-5.5952,-4.2038,4.3656,0.8222
-4.6160,4.6615,2.8874,-4.0484,4.3656,1.8214,-7.7500,-0.1437,-5.1404,-4.3657,4.3656,-1.2685
-3.6176,1.3360,2.9329,-4.3657,2.8440,3.1649,-4.5466,-2.9712,-2.6025,-4.3657,-0.9820,-1.3189
2.5355,-3.1077,4.0534,-4.3657,0.6444,3.3829,4.8411,-5.1164,4.0151,-4.3657,-4.2799,-2.8182
4.2976,-6.2082,6.5338,-4.3657,-0.5392,2.6907,1.3791,-10.4651,6.7205,-4.3657,-0.1577,-4.3657
10.4675,-9.2416,13.2663,-4.3657,-0.8246,0.7766,3.2944,-15.0619,18.5982,-3.1439,0.7096,-4.3657
7.0006,-7.2472,19.6127,-2.3743,-2.5314,-2.4465,-12.6270,-19.6133,19.6127,2.6890,4.3656,-4.3657
4.0438,-7.5968,14.6956,2.5193,-1.3824,-4.3657,-12.4666,-19.1632,13.0197,4.3656,1.4942,0.1613
-4.2928,-4.7477,9.8234,4.3656,-0.8639,-4.3657,-3.9744,-14.6166,-0.7757,4.3656,1.4087,0.1636
-4.1300,-2.0973,8.3486,4.1490,-1.4184,-3.9298,-9.0118,-12.5408,-1.5347,4.3656,4.3656,0.8635
-0.7973,0.5483,8.4898,4.3656,-0.3968,-3.1624,-11.0397,-8.4180,-0.5411,4.2590,2.0135,3.7642
-3.0718,4.2952,5.5091,4.3656,0.0406,-2.2949,-4.5921,-1.3767,-3.2130,3.1002,-0.4465,4.2972
-2.9066,6.3829,2.4541,3.6103,1.1062,-0.1442,-7.5537,-0.1891,-1.0774,0.9513,1.5114,3.8840
-2.4205,6.4021,1.2186,2.4965,3.6469,1.5336,-4.0917,3.8906,-6.1292,-1.9660,1.4801,3.1540
-0.3184,5.3199,-1.8268,-0.6468,3.7546,2.6573,-2.1308,3.7086,-2.1739,-4.3657,0.0659,2.0887
-0.0048,2.9113,0.5555,-4.0035,3.1678,2.3382,2.8108,3.1268,-2.3391,-4.3657,0.2754,-0.5140
1.3312,0.0335,3.2465,-4.3657,2.0286,2.1198,0.2418,-3.5027,0.8140,-4.3657,0.0203,-3.7459
2.4349,-2.1284,4.9153,-4.3657,-0.4314,1.9179,-4.5825,-9.4595,8.1642,-4.3657,-1.3952,-3.8793
5.5306,-4.6112,17.8176,-4.3657,-1.5901,1.4548,-14.9302,-15.3540,17.6453,-3.2716,0.4530,-1.5736
7.4891,-3.8331,19.6127,0.0067,-1.6016,-0.6707,-16.1441,-16.4194,18.7322,1.3912,0.4167,3.6648
5.7150,-4.3910,15.6102,4.3656,0.8192,-4.1126,-6.8929,-10.9200,10.6326,4.3656,-1.9444,2.4914
-3.9217,0.1269,11.2049,4.3656,0.2058,-4.3657,-11.2575,-8.0421,-0.9529,4.3656,4.0238,2.8862
-8.7867,3.2489,3.3639,4.3656,-1.1263,-1.0170,-5.4588,2.2386,-13.5919,4.3656,-1.3692,4.1907
-4.4843,5.7341,-6.5984,4.2494,0.6710,1.9386,-2.9521,5.8347,-9.5170,-0.6082,-4.3657,3.8108
-1.3838,4.6711,-8.1283,-3.2167,4.3656,3.3265,5.2457,5.5881,-8.4443,-4.3657,1.0014,1.6986
5.9185,-5.2265,1.2378,-4.3657,2.4750,2.6260,11.3964,-4.7357,3.8618,-4.3657,2.5766,-3.8269
4.7262,-8.2480,6.2920,-4.3657,0.5845,1.1418,3.8020,-13.7284,6.4835,-4.3657,1.8826,-4.3657
7.0294,-7.8817,19.3667,-4.3657,-1.6535,0.4437,-7.8338,-19.6133,15.3636,-3.1200,2.2240,-4.3657
9.4499,-6.1627,19.6127,-1.6205,-1.7994,-2.1264,-18.9884,-19.6133,19.6127,1.9939,1.5139,-4.3657
0.8380,-5.3319,13.4315,2.7519,0.1155,-4.3657,-8.4779,-15.7395,9.6917,4.3656,-0.1150,0.8291
-1.5060,-3.1196,11.4826,4.1015,0.0456,-4.0025,-8.8370,-14.5232,4.8698,4.3656,3.3833,1.3205
-1.6807,-1.7286,9.4188,4.3656,1.4045,-2.7697,-12.7204,-14.0707,-0.1389,4.3656,4.3656,4.3656
-2.5809,0.2298,5.7365,4.3656,2.6204,-1.4966,-5.4013,-10.3525,-1.7190,3.2121,0.6777,4.3656
-3.2010,1.5802,-0.6033,4.3656,4.2831,-0.1506,7.8362,2.1476,-5.9903,3.2594,0.1875,4.3656
-4.7238,5.0589,-4.4005,3.9571,4.2650,0.8156,-0.7805,6.8091,-11.4227,-0.3696,4.3656,2.4916
-4.0749,6.1220,-3.0981,-1.1984,3.2428,1.9155,-3.0957,6.8977,-8.6646,-3.8906,2.1593,0.5165
-2.3487,4.4772,-1.4772,-3.8733,0.0438,1.6509,0.8763,4.8746,-3.1627,-4.3657,-3.4980,-0.9715
1.9561,0.3112,0.7470,-4.3657,-2.7355,2.1699,5.6407,0.1939,0.6823,-4.3657,-4.3657,-3.8063
8.6838,-5.4731,2.4780,-4.3657,-4.3657,1.6654,10.8625,-8.3151,5.8227,-4.3657,-4.3657,-4.3657
10.2639,-6.6224,14.5639,-4.3657,-3.3316,2.0721,-2.3439,-19.6133,18.9310,-4.3657,-1.0277,-4.3657
10.3525,-7.6327,19.6127,-2.3321,1.4294,-1.3679,-17.6932,-19.6133,19.6127,-0.2960,4.3656,-4.3657
1.0870,-5.5952,13.7260,2.7279,1.3496,-4.0810,-12.3158,-16.9270,8.2217,3.6368,0.4599,1.1802
0.8452,-4.2066,10.8529,2.1681,-0.9300,-2.1172,-5.1332,-11.7029,3.5578,3.8293,-1.8702,2.1186
1.0774,-1.7765,10.1394,3.5551,0.8865,-2.6568,-7.7093,-8.7101,4.0342,3.3477,4.3656,2.1035
-1.2689,1.5347,9.1602,4.3656,1.7050,-2.5759,-11.0732,-7.7357,2.9856,3.0844,3.4150,4.3656
-3.8475,3.2010,6.0717,4.3656,1.2017,-1.6471,-6.4667,-2.6576,-3.1077,3.3219,-0.8584,4.3656
-7.1084,4.7980,1.5945,4.3656,1.9357,0.1872,-6.1459,2.9257,-10.5177,1.2967,0.9180,4.3656
-6.6080,6.4835,-5.6360,2.0711,4.0480,2.6869,-4.8459,4.1994,-9.3087,-3.7032,0.8320,4.3656
-4.3622,3.5051,-3.6512,-2.9914,4.3656,3.6407,0.8978,3.1627,-2.8323,-4.3657,2.1626,2.7248
1.6496,-3.2537,2.4900,-4.3657,3.9091,3.1232,7.1275,-0.4238,2.9209,-4.3657,3.4921,-2.3862
6.7804,-7.4962,11.7962,-4.3657,-0.3825,0.8982,2.4229,-10.6805,12.4403,-4.1523,2.1621,-4.3657
9.7396,-5.5569,18.6029,-4.3657,-4.0350,-2.5991,-5.2433,-14.8393,14.8536,1.1201,-0.3114,-4.3657
3.0191,-4.8315,18.6987,-2.4496,-3.8348,-4.3657,-10.0245,-16.3500,12.1075,3.6744,-1.3451,-4.3657
1.6568,-4.5155,13.4482,-0.7052,-3.6731,-4.3657,-8.5928,-16.7642,11.9710,4.3656,-0.9759,-4.3657
0.2274,-4.8602,12.9454,0.7558,-1.8945,-4.3657,-7.8530,-17.2239,8.5066,4.3656,2.3291,-2.9800
1.2881,-3.3974,10.9463,2.8318,0.0436,-4.3657,-9.9719,-14.1090,3.1388,4.3656,4.2790,0.5938
-2.2027,0.1724,10.4244,4.0096,-0.0621,-3.0406,-9.9503,-9.8761,1.1372,4.1933,1.1225,3.2714
0.9313,1.5897,7.2880,4.0902,0.6837,-1.7902,-8.0948,-5.9137,2.6408,2.8723,1.2991,3.7241
-1.5850,3.1843,4.7022,4.3656,2.8817,-1.4669,-7.5537,-3.4596,0.1053,1.9428,3.8640,4.3656
-5.1260,5.2122,2.3056,4.2971,2.8846,0.1792,-0.5028,2.4277,-1.3312,1.2351,0.6952,4.3656
-3.1460,6.6463,-0.9337,2.4589,3.0589,2.1829,-2.5043,4.5657,-5.2433,-1.0283,1.5587,3.7756
-2.4924,4.8291,-2.0830,-0.3127,4.3656,3.2420,-2.0375,3.9504,-4.8866,-4.3657,2.7287,2.4559
-1.7142,2.5953,0.5124,-3.5313,4.3656,2.9958,-2.0638,1.5874,-3.6751,-4.3657,3.4066,-0.0121
-0.1317,-1.1564,1.9632,-4.3657,4.3656,2.4026,1.9561,-1.7765,-1.4150,-4.3657,1.5924,-2.9159
2.3511,-4.3670,4.3670,-4.3657,-0.1803,1.0942,2.6887,-6.9432,4.9871,-4.3657,-1.5880,-4.3657
7.0198,-6.2297,12.1578,-4.3657,-3.4360,0.3387,0.9337,-11.9614,13.5009,-3.4384,-2.3166,-4.3657
8.7364,-6.5505,19.6127,-4.3657,-3.8924,-2.7027,-5.7557,-17.1401,17.1018,0.2722,0.2863,-4.3657
3.4117,-7.0629,19.6127,-1.8238,-2.8068,-4.3657,-14.0204,-19.6133,16.9126,3.1144,0.7001,-4.3657
3.8954,-8.4659,13.9486,1.5184,-0.1647,-4.3657,-7.5058,-19.6133,11.3820,4.3656,2.1769,-0.7697
-2.0111,-5.3917,12.0165,3.8077,0.9987,-4.3657,-6.6655,-14.8345,0.7781,4.3656,4.3656,0.4622
-2.2003,-2.3008,9.3182,3.7072,-0.2535,-3.4328,-6.9049,-10.9271,-0.6704,4.3656,1.8475,2.0061
-1.0894,-0.5746,5.8107,3.7126,0.2597,-2.0149,-7.3670,-7.6974,-1.5012,3.1989,1.2019,3.6640
-1.4629,1.6424,5.1284,3.2791,1.4232,-0.4583,-7.1204,-4.6950,-1.1253,0.9080,1.3311,4.0025
-0.2179,1.8579,6.0621,2.7741,2.2050,0.4370,-6.8738,-4.4628,2.5618,-0.4916,1.2789,4.3656
-0.6201,2.2458,7.0868,3.0089,3.4996,1.0588,-8.2768,-3.7110,1.4365,-1.1445,2.1516,4.3656
-2.5522,3.3016,3.2106,2.5443,3.7698,1.9434,-2.2290,0.5435,-0.4812,-2.0161,1.6297,4.3656
-1.5107,3.0406,0.3735,0.8784,4.3656,3.0224,-1.7861,1.7406,-0.4764,-3.6524,1.6126,3.8180
-1.1253,2.8659,1.3838,-1.6066,4.3656,2.4997,0.1580,3.4500,0.3879,-4.3657,3.6102,1.3805
-0.0479,1.3431,4.0055,-3.9243,3.9526,1.6936,1.3001,2.2075,-0.3136,-4.3657,3.7916,-2.1681
4.1156,-1.2857,6.2321,-4.3657,-0.9887,0.1326,1.5706,-3.4429,9.2440,-3.1424,-0.7320,-4.3657
4.6998,-1.4198,12.9502,-4.3657,-4.1451,-1.8778,-1.5083,-7.4819,13.0221,0.4335,-2.8185,-4.3657
5.2912,-1.4844,15.3061,-3.5689,-4.0112,-3.9019,-6.0669,-12.6318,12.5791,2.5107,0.1559,-4.3657
-0.6201,-2.3655,18.2630,-2.1170,-3.9365,-4.3657,-14.3245,-19.0722,12.4355,3.9110,1.1401,-4.3657
0.7470,-3.2226,19.2877,0.9297,-2.5944,-4.2638,-17.1425,-19.0602,8.9998,4.3656,1.2355,-1.7468
-2.7845,-1.8651,11.2815,3.4959,-0.4490,-3.7740,-9.9168,-12.8425,0.5746,4.3656,1.1465,1.2548
-2.6145,0.7111,7.7668,3.3275,0.2747,-1.2680,-9.4691,-9.3972,0.5746,2.6871,1.7004,3.0033
-0.5435,1.9034,7.2305,3.7676,2.2487,0.2811,-9.3829,-7.3957,1.6879,1.0493,2.3705,4.3656
-1.5634,2.7725,5.4947,3.9676,4.0867,1.2741,-8.5497,-4.8100,-1.1325,-0.9601,2.1929,4.3656
-2.5953,3.9337,3.0933,2.6678,4.3648,2.4331,-5.3223,-1.0846,-3.0742,-3.1764,2.3200,4.3656
-4.3742,4.2521,2.3990,0.8835,4.3656,3.1882,-1.6281,1.4126,-0.9792,-4.3657,1.3972,4.3656
-2.2266,2.6719,0.5459,-0.6811,4.2838,3.8351,0.9577,3.1771,-1.2019,-4.3657,0.8817,2.8433
1.6903,0.5004,-0.2203,-3.6756,3.4300,2.7057,5.2648,2.9712,0.8930,-4.3657,0.2454,-0.9120
4.4556,-2.1811,1.5538,-4.3657,1.2670,0.4209,5.3367,-2.5259,7.9128,-4.3657,1.4349,-4.3657
5.6695,-4.0223,11.5113,-4.3657,-1.2640,-2.4252,-0.5794,-9.3134,12.8281,-0.7112,2.6268,-4.3657
2.6911,-3.3471,17.8272,-2.6004,-2.4577,-4.3657,-9.1937,-13.7547,10.2496,3.7061,3.4491,-4.3657
-2.6336,-2.3631,17.8799,-0.0604,-4.3657,-4.3657,-12.1194,-16.9557,9.6151,4.3656,-1.8548,-4.3657
-1.6568,-2.7270,14.5328,1.5268,-4.3657,-4.3657,-13.0149,-17.4298,5.2577,4.3656,-0.4458,-3.0045
-2.3703,-0.5339,13.1490,2.6418,-2.1041,-3.9522,-12.6725,-13.4865,1.8866,4.3656,1.6726,-0.8010
-1.2354,3.0598,11.1785,3.5185,-0.6195,-1.8508,-17.4394,-12.0021,2.8515,2.8948,1.1768,3.9762
-1.5419,4.5801,9.9431,4.3656,1.3616,-0.2024,-9.9335,-7.9535,2.3631,1.5442,-0.7726,4.3656
-4.1156,4.5562,4.1061,4.3656,3.0585,1.8880,-2.3870,0.2538,-3.2394,0.0565,-0.6099,4.3656
-0.7470,3.5458,-3.0646,2.1893,4.1921,3.5845,0.6345,2.1883,-0.7997,-2.8928,1.9069,4.3656
-0.0455,2.4660,-1.2426,-1.5019,4.3656,3.2620,2.3272,3.5410,-2.2338,-4.3657,3.8977,2.7728
0.4142,-0.0096,2.2194,-4.2742,4.3656,2.5278,2.4373,0.8212,-0.2969,-4.3657,3.9058,-0.8708
2.1045,-2.9281,3.8475,-4.3657,1.7316,1.5324,1.8220,-4.0821,3.9002,-4.3657,0.9474,-3.7510
4.2258,-5.2888,9.3996,-4.3657,-1.4861,0.2226,-0.7829,-8.9543,7.3334,-3.0487,-1.2778,-4.3657
7.2161,-6.0358,14.4873,-4.3657,-3.2306,-1.5966,-4.5442,-13.9941,11.5520,-0.5658,-0.6193,-4.3657
3.4740,-5.0494,19.6127,-1.6778,-3.2514,-3.3803,-12.1889,-17.5064,15.4953,2.5878,0.8323,-4.3657
2.4780,-4.3886,16.8791,2.4734,-2.3022,-4.1430,-16.2207,-18.9980,15.1194,4.3656,0.0081,-0.4926
-0.5794,-2.0399,13.1274,4.3656,-0.6291,-4.3657,-9.8450,-13.3118,5.1595,4.3656,1.4566,1.5705
-4.3263,2.1380,9.7659,4.3656,0.2146,-3.4267,-13.8193,-10.1921,-0.4693,4.3656,3.8965,4.0048
-3.8595,4.9129,5.5857,4.3656,0.3051,-1.5034,-8.9160,-3.4907,-5.5091,3.9229,0.0709,4.3656
-2.9688,5.6048,-0.7685,4.3656,1.6558,0.2771,-0.6440,3.9552,-6.6415,1.1414,-2.2326,4.3656
-1.6544,5.8826,-4.5011,2.0097,4.1136,1.8337,1.4485,6.1076,-4.4915,-2.3763,1.4651,3.6645
0.1532,2.8587,-2.1165,-2.4665,4.3656,2.1691,4.7214,5.2337,-2.9568,-4.3657,4.2847,0.7501
1.6640,0.6369,1.0750,-4.3657,1.8676,1.4413,4.8028,0.4334,-2.0638,-4.3657,0.2346,-3.4360
1.5754,-2.0997,3.6559,-4.3657,-0.9559,1.5051,0.8332,-7.8673,2.7390,-4.3657,-1.8818,-4.3657
6.0693,-3.4644,9.1459,-4.3657,-3.2794,2.2469,-3.5314,-12.9550,10.4411,-4.3657,-1.8929,-4.3657
8.2720,-4.3359,19.6127,-4.3601,-1.8203,0.5461,-12.5959,-17.0443,19.6127,-1.9701,1.8254,-3.5206
7.3310,-4.4748,19.6127,1.2533,0.8509,-1.7982,-12.1290,-16.1848,17.5902,2.6131,1.2605,-0.4598
2.0734,-3.4237,12.9885,3.7334,0.7798,-3.6680,-6.7564,-13.6302,12.1027,4.3656,1.1663,1.7896
0.1149,-0.6153,12.3086,4.3656,0.6274,-3.3381,-8.3199,-11.1881,4.7405,4.3656,4.3579,2.2267
-4.0318,0.8547,8.7484,4.3656,1.0774,-3.4781,-6.8331,-6.9168,-4.0414,4.3656,3.0021,3.8837
-6.1866,3.6057,2.9233,4.3656,0.6151,-1.9521,-7.5561,-0.8452,-9.2320,4.3656,1.1594,3.6808
-5.8658,7.6351,-2.7438,3.5742,0.1761,0.3958,-5.6096,5.5210,-10.3094,0.8450,-0.7498,3.1237
-2.3846,7.7309,-4.4819,-0.4606,1.4137,1.9225,-1.5467,6.4404,-5.3678,-3.2325,-1.7148,1.9915
-2.2266,5.0637,-1.9154,-3.6856,2.8960,2.5864,-0.3017,2.9018,-2.2027,-4.3657,0.8463,-0.0874
-0.3687,-0.4669,0.7781,-4.3657,2.5920,3.5994,2.2697,-1.8890,-1.4605,-4.3657,0.3525,-2.2291
5.3965,-6.3327,2.9113,-4.3657,-0.0502,2.9755,4.3167,-9.3518,3.3375,-4.3657,-2.0539,-4.3657
7.7141,-8.4300,9.8521,-4.3657,-1.8963,1.9133,1.4389,-15.8712,11.7316,-4.3657,-1.6260,-4.3657
8.2768,-8.8131,19.6127,-4.3657,-1.0380,0.0350,-10.0700,-19.6133,19.6127,-2.3701,2.3675,-4.3657
7.4723,-6.2560,19.6127,1.1928,0.4495,-3.0823,-14.0228,-19.6133,19.6127,3.2046,2.7471,-1.8828
2.9616,-5.3151,13.8337,4.1803,-0.1579,-4.2936,-7.0533,-15.4641,9.6223,4.3656,0.3516,1.5957
-0.9481,-3.0670,9.4355,4.3656,0.0608,-4.3657,-3.8882,-11.2863,1.2522,4.3656,3.2871,1.5102
-1.2163,-0.4238,9.3470,4.3656,0.7994,-3.3167,-8.5856,-8.9878,2.1213,4.3656,3.7768,2.8092
-3.7350,2.0016,6.9049,4.3656,0.8825,-2.9862,-5.5426,-4.3527,-1.4246,4.3656,1.4316,3.9133
-5.0398,4.0893,2.6480,4.3656,0.7594,-0.7101,-7.7620,-1.7717,-4.0845,3.3762,1.0666,3.3910
-5.2481,5.8826,-1.0989,3.8969,2.2850,0.7815,-6.1076,3.1699,-11.2216,0.1980,2.4856,3.9157
-4.7501,6.4452,-5.5067,0.8691,3.3633,2.6233,-4.1372,3.8164,-10.3741,-4.0428,-0.8720,3.9630
-5.1044,3.9768,-3.0550,-3.4046,4.3656,3.5257,0.0000,0.7757,-6.2991,-4.3657,0.1455,2.4625
-2.3750,-1.5993,-1.6161,-4.3657,4.3656,3.1717,2.5402,-3.5530,-1.3743,-4.3657,2.0274,-0.0669
3.2992,-8.2624,4.1539,-4.3657,1.7427,2.1410,5.5234,-9.3302,9.3541,-4.3657,0.8699,-4.1114
5.5713,-9.0716,16.4530,-4.3657,-1.0163,0.0818,-1.4581,-13.8600,11.9064,-3.7391,2.3603,-4.3657
6.3231,-6.0214,19.6127,-4.1769,-1.4685,-2.5406,-9.1913,-15.5886,9.6606,0.1455,2.6765,-4.3657
0.7661,-5.4492,16.2734,-1.3562,-3.9459,-4.2746,-8.2815,-16.3141,12.3493,3.4759,-3.4683,-4.3657
2.7054,-6.4141,14.8824,0.0088,-3.4781,-4.3608,-6.0071,-18.0762,14.1258,4.3656,-0.2361,-4.0121
1.7430,-5.8251,12.7252,2.5634,0.1840,-4.3657,-6.3925,-16.6828,5.8658,4.3656,4.3656,-2.3454
-2.7940,-3.2034,10.1873,4.2602,0.4824,-4.3657,-6.6918,-12.9622,-0.4429,4.3656,4.3656,-0.2421
-3.1077,0.7757,10.2615,4.0436,-1.1427,-3.2508,-11.2240,-10.9128,2.2889,4.3656,1.7002,1.9372
-2.0327,2.1500,6.4643,4.3656,1.0556,-2.2002,-8.4372,-6.4643,-1.1684,3.7908,2.8787,3.8598
-4.2808,4.8171,3.3040,4.3656,1.9536,-0.6773,-6.3183,-2.2505,-3.0646,1.9321,1.7515,4.3656
-3.3471,5.5929,1.1109,3.5574,3.0630,1.3312,-6.1651,0.2729,-3.9025,-0.4242,2.3214,4.3656
-3.8451,6.0861,-1.4006,1.5673,4.3656,2.6465,-3.4046,3.2777,-7.4579,-3.6517,1.5275,3.6653
1.5443,3.4285,-2.9999,-2.3990,4.0087,3.3853,-1.4198,2.2290,-2.2529,-4.3657,0.9076,3.0026
-3.7757,1.4461,0.7781,-4.3657,4.3656,1.9013,3.0574,0.4860,-1.8411,-4.3657,2.3450,-0.4066
2.0686,-4.7692,3.4764,-4.3657,1.1719,2.1961,3.6512,-6.3973,1.7406,-4.3657,0.5317,-4.3657
4.0845,-7.3310,9.0501,-4.3657,-3.5505,1.5932,1.6089,-13.0891,12.2799,-4.3331,-3.4419,-4.3657
7.2975,-7.6184,19.6127,-4.3657,-1.8699,-0.1621,-9.4188,-19.6133,16.3045,-1.1012,1.4950,-4.3657
5.0374,-7.5705,19.6127,0.7731,-0.2366,-3.6283,-16.2758,-19.6133,15.2439,3.2630,3.9368,-2.4958
0.8428,-7.6184,12.8617,3.1662,-0.6033,-4.3657,-4.6088,-16.6158,6.5434,4.3656,-0.7849,0.8768
-2.7390,-4.8171,12.0428,4.0938,-0.6351,-4.3657,-5.9185,-14.5544,0.7757,4.3656,4.3656,0.1960
-4.4652,-0.4238,10.0868,4.3656,-0.3776,-3.5093,-11.4012,-10.9391,-2.7126,4.3656,4.3170,2.0201
-4.5945,3.1699,4.3958,4.3656,0.4758,-1.7253,-11.3772,-6.2034,-4.2665,2.7339,0.0745,4.3656
-4.5418,5.5713,1.6975,3.7970,1.9193,0.0754,-5.3056,-0.7973,-4.5179,0.5845,1.0072,4.3656
-5.1787,5.5258,1.0774,2.3518,3.7980,1.7122,-4.8315,1.7813,-5.8323,-2.1910,1.8925,4.3307
-3.3423,4.7333,-0.8906,0.0723,3.9768,2.9070,-3.1795,2.1117,-3.9768,-4.3657,0.3860,3.2210
-2.1835,2.6288,-0.1556,-2.8430,4.0711,3.0188,0.4142,1.6281,-1.3527,-4.3657,0.4682,1.6497
-0.9601,-0.6225,0.9266,-4.3657,3.3284,2.7733,1.6496,-1.1995,-1.6735,-4.3657,0.9855,-2.2266
2.3439,-4.9201,3.2872,-4.3657,0.5273,1.6249,1.9896,-6.5362,4.5035,-4.3657,-0.0032,-4.1869
2.9425,-6.1723,10.9583,-4.3657,-2.4758,0.1470,-1.2953,-12.4906,8.7628,-3.2639,-0.8687,-4.3657
4.0318,-6.0932,19.6127,-4.2358,-2.1426,-1.0080,-13.4075,-18.4210,14.5567,-0.3820,1.7525,-4.3657
2.5594,-6.4212,16.4506,0.6448,-0.6923,-4.0100,-11.6071,-18.0164,14.5376,4.0858,0.9252,-1.8082
-0.7135,-6.5027,13.4171,2.5951,-0.6968,-4.3657,-6.0430,-15.5719,4.6184,4.3656,1.4318,-0.5576
-0.6440,-4.2976,10.5608,3.4536,-0.5872,-4.3657,-7.7333,-13.0269,1.5467,4.3656,4.2886,0.5269
-2.9904,-1.0367,10.1107,4.3656,0.1424,-4.2088,-9.8641,-10.9630,1.6759,4.3656,1.9649,2.3327
-4.3766,1.7214,7.4340,4.3656,1.0651,-2.9833,-10.7380,-7.3957,-2.7533,4.0501,2.8867,4.1571
-7.6064,2.7821,1.9824,4.3656,1.9748,-1.0713,-6.0214,-2.0087,-8.3677,1.8471,1.1285,4.3656
-6.6942,4.0462,-0.4453,2.3132,2.4281,1.0652,-4.6088,1.0582,-6.8402,-0.9593,0.2915,3.5276
-4.8722,3.9193,-0.5602,-0.1519,3.7976,2.3097,-5.2409,1.0463,-4.6926,-3.6813,2.2260,3.0092
-4.5777,3.0885,2.6504,-2.3317,4.3303,2.4850,-4.9512,0.6919,-2.3391,-4.3657,2.1961,1.8911
-3.9313,1.6376,4.9177,-3.4160,3.2937,2.7045,-3.5482,-0.1341,-2.3224,-4.3657,1.1477,0.2341
-1.5371,-0.8787,4.2617,-4.3657,1.2537,2.4869,0.1269,-2.1452,-0.3950,-4.3657,-1.4719,-1.9698
2.2290,-3.9145,3.4860,-4.3657,-1.5545,1.7387,3.1771,-5.6455,4.2329,-4.3657,-2.8950,-4.2178
3.5721,-5.0111,11.3222,-4.3657,-2.5788,0.7534,-1.8483,-12.4331,8.6718,-3.4771,-0.8643,-4.3657
3.3136,-4.2138,19.6127,-2.9684,-1.2954,-1.2265,-13.7978,-17.9350,15.9071,-0.0490,3.2853,-4.3657
-2.7461,-3.9097,12.3684,3.5338,-0.2573,-4.1684,-7.1730,-13.5967,3.5650,4.3656,0.4355,2.0138
-4.4388,-1.8771,9.7420,4.3656,-0.1298,-3.3156,-7.5106,-9.9431,-3.0478,4.3656,3.7221,1.5607
-5.2361,0.5986,6.8139,4.2605,0.4920,-1.9474,-12.0596,-7.7333,-3.3830,3.3392,1.9453,2.9136
-6.4787,3.3950,5.0159,3.7562,0.4848,-0.4854,-7.9990,-2.9760,-5.1978,1.7829,-0.3288,3.5178
-5.2241,3.9002,3.5985,2.7919,1.9321,1.1098,-9.1985,-2.4732,-2.5690,-0.2868,1.2773,4.3186
-4.6807,4.2425,1.3503,1.8391,3.6893,1.7664,-5.0829,0.9744,-3.5674,-2.0097,1.7597,3.9143
-5.3103,4.4676,-0.3112,-0.1414,4.3656,2.5692,-4.4700,2.1596,-4.2665,-4.0588,1.9978,2.7391
-4.0318,2.8084,0.9984,-2.5255,4.3656,2.7174,-3.1149,1.5634,-2.0901,-4.3657,2.8952,1.2669
-3.0095,1.1229,3.8930,-3.9959,3.8840,1.9438,-0.7159,0.3615,1.0846,-4.3657,1.9408,-1.2859
0.9433,-1.8148,7.7620,-4.3657,0.6065,1.0295,-1.6352,-4.0869,3.6344,-3.2307,0.2563,-4.3657
0.7278,-2.2984,12.0500,-4.2829,-2.3378,-1.2220,-3.9983,-8.7604,8.4396,-0.4571,-1.0352,-4.3657
-1.4772,-0.8021,15.9214,-2.1771,-3.0796,-2.2497,-11.8393,-12.8880,8.1523,2.2042,-0.5833,-4.3657
-1.1492,-1.3288,14.2742,-0.0705,-3.2996,-3.2456,-12.0237,-14.5160,8.8250,3.9479,0.0850,-3.2880
-4.1587,-1.4341,15.2463,2.4748,-1.4751,-2.9636,-13.9893,-15.7227,5.8706,4.3656,1.7829,-1.3383
-3.8283,-1.0989,10.6326,4.3656,-0.5914,-3.5795,-12.3876,-13.6781,0.4956,4.3656,3.3227,3.1340
-6.3566,1.7980,8.5018,4.3656,-1.0166,-2.1623,-11.9614,-10.2807,-2.9377,4.0705,0.2498,4.3656
-5.8897,3.4022,5.4588,4.3656,0.6091,-0.9326,-7.1036,-3.5362,-5.8347,2.2776,0.8524,4.3656
-6.5817,5.0254,0.7422,3.5125,2.3631,0.3564,-3.9768,2.0901,-5.1858,0.1343,1.0625,4.1671
-5.5426,6.1220,-1.9824,0.8908,2.7239,1.5116,-5.0135,4.2641,-5.1116,-1.9361,1.6298,2.5012
-5.2960,5.7102,-0.6728,-1.4346,3.2756,1.7225,-4.5849,4.5873,-7.0437,-3.8381,1.4883,1.3967
-5.2744,4.2641,-0.0335,-3.2318,2.8893,1.8090,-4.5969,2.2051,-5.7485,-4.3657,0.5456,-0.1224
-3.7781,1.0798,0.8643,-4.3657,1.3658,1.7940,-0.4932,-0.6057,-2.9688,-4.3657,-1.2572,-2.0815
-0.8619,-2.2865,2.9497,-4.3657,-0.6610,1.4773,1.1803,-4.9943,1.8675,-4.3657,-1.8125,-4.3050
1.3024,-3.4812,7.9918,-4.3657,-2.1220,0.8869,-2.6073,-10.1825,7.9104,-4.1262,-0.8323,-4.3657
2.6408,-3.3232,17.6429,-4.3657,-0.9125,-0.5311,-9.5744,-15.1337,13.3764,-1.2584,1.2348,-4.3657
2.5762,-3.6248,19.6127,-0.0265,-1.0653,-2.5285,-16.6205,-17.6453,14.5352,2.3686,2.6773,-3.1960
-1.7669,-4.2689,13.5823,2.4793,-1.3190,-3.7231,-10.2304,-15.1098,5.6072,4.3656,-0.1881,0.7460
-3.8858,-3.0885,11.7699,3.6331,-0.7369,-3.8235,-9.4308,-12.8712,0.7350,4.3656,2.5698,0.9571
-6.1746,-0.4597,10.2735,4.3597,-0.0068,-3.0553,-10.4890,-9.5529,-1.6783,4.3656,2.7591,2.4165
-7.3167,1.9872,6.6702,4.3656,0.1334,-1.5184,-11.9519,-6.3877,-5.9903,3.0840,1.0063,3.6003
-6.8211,3.5674,3.6416,3.7625,1.3518,0.0605,-8.2576,-2.0782,-3.6775,1.3078,0.4129,3.6782
-4.9608,3.9720,0.6416,3.0050,3.1292,0.9277,-4.0630,1.5945,-3.9217,-0.2868,2.1562,2.7936
-4.0869,4.5993,-0.8906,1.0183,3.8994,1.3053,-5.2768,2.4995,-4.1204,-2.0300,2.8033,1.7313
-4.2162,4.4125,-0.1077,-0.8138,3.7004,0.9352,-5.2936,2.4948,-3.6057,-2.9196,2.3947,1.1425
-5.2146,3.9145,2.8491,-2.5442,2.3844,0.8495,-5.8730,1.7789,-5.4540,-3.3544,0.9698,-0.1363
-4.4221,2.6408,2.5905,-3.6925,0.4435,0.7739,-3.8451,0.3184,-3.7182,-3.4502,-1.7087,-1.3314
-3.0023,0.6105,3.2417,-4.3657,-1.4017,0.5854,-0.7039,-2.1644,-2.8419,-3.9083,-3.6139,-3.1508
-1.1827,-1.8364,3.4524,-4.3657,-2.9310,0.5355,0.6129,-6.1866,1.1037,-4.3120,-3.9504,-4.3657
1.8076,-3.7996,9.4260,-4.3657,-3.1303,0.1777,-2.3367,-13.1897,10.8721,-3.9005,-2.4030,-4.3657
2.6456,-4.8698,19.6127,-3.1471,-1.9377,-1.5945,-13.5440,-18.6269,17.2239,0.0931,3.1533,-4.3657
1.8364,-5.5210,19.6127,1.4877,-0.5183,-3.4641,-14.2407,-18.2821,13.2567,4.1498,1.4024,-1.2177
-2.0494,-5.6144,11.2551,3.7373,-0.2743,-4.3657,-5.6862,-14.3437,4.7645,4.3656,1.6342,0.1615
-5.3439,-3.3399,9.5600,3.7317,-0.9112,-4.3657,-5.7221,-12.1099,-0.6249,4.3656,4.3369,-0.2590
-5.9041,-0.1437,8.2049,3.7311,-0.9819,-3.1840,-11.6406,-9.2823,-3.6966,4.3656,2.4264,0.9898
-6.6894,1.8411,5.8610,3.7470,-0.0761,-1.9440,-9.7755,-5.5809,-4.0151,3.4340,0.5117,2.2548
-5.9759,3.3447,2.7916,2.9090,0.9721,-0.3265,-9.3398,-3.0502,-5.7126,1.1703,1.7094,2.6177
-5.9209,4.4341,2.8730,1.6891,2.2244,0.8940,-9.3996,-1.6903,-7.7357,-1.3675,1.0821,3.9042
-7.2520,4.2090,1.2977,0.6455,2.8398,2.5179,-6.3015,-0.3280,-5.8993,-3.4063,-1.2289,3.9013
-4.8387,2.4732,-0.7590,-1.7620,3.6120,3.4731,-3.5099,-0.9625,-3.6105,-4.3657,0.0353,3.1958
-3.8427,-0.6129,0.4717,-4.1204,4.2637,3.5296,1.7502,-0.8452,-5.2146,-4.3657,0.6743,0.6940
-0.3256,-4.0079,2.4517,-4.3657,1.1548,2.4744,1.2785,-6.1292,0.4645,-4.3657,-0.4760,-2.2544
3.1651,-6.1555,7.1299,-4.3657,-2.4232,1.3538,1.1013,-10.6997,9.4643,-4.3657,-2.3212,-3.8770
3.5578,-7.1850,19.6127,-4.3657,-1.6574,-0.7273,-6.6679,-16.1441,15.2846,-1.9678,1.3001,-4.3657
1.6161,-5.8562,19.6127,0.1788,-1.0632,-2.9711,-15.7323,-19.2614,15.0380,2.8233,3.5663,-4.3091
-1.2785,-5.0877,13.9319,3.2431,-1.2185,-3.8468,-13.0556,-17.3149,8.2768,4.3656,-0.7087,0.0107
-4.6376,-3.5003,10.7045,4.3656,-0.0859,-3.6527,-7.2903,-13.3764,0.4094,4.3656,2.9838,0.5684
-4.8100,0.0886,7.9464,4.3656,0.7718,-1.9653,-14.2024,-10.8601,-4.3766,3.7619,4.3656,3.4059
-5.8921,2.5115,5.5833,4.3656,1.7224,-0.8025,-6.1555,-4.5514,-3.1987,2.4091,-0.2545,4.3656
-5.1858,3.3303,3.6224,3.7579,2.8706,0.7909,-3.8618,0.0168,-4.8387,0.7678,2.3882,3.8685
-2.6815,3.1939,0.1915,1.8824,2.8562,1.1874,-3.0239,2.4301,-3.9600,-1.3288,2.1264,2.6337
-4.3407,4.0390,1.2378,-0.5440,2.0931,0.8833,-3.9863,2.7198,-3.5195,-2.1575,0.1344,1.2630
-3.4572,3.3782,1.6161,-2.0201,1.0026,1.0809,0.2514,3.1556,-4.7381,-3.2013,-1.2542,-0.8335
-1.4078,1.7095,2.2913,-3.6840,-0.5762,0.7598,-2.1548,-1.6424,3.6751,-3.3708,-2.4729,-3.4671
-0.7829,0.4238,4.8435,-4.3657,-1.0833,0.0785,-6.0094,-4.7836,3.4477,-2.7788,0.3780,-3.3814
-0.1460,-0.3735,8.6646,-4.3657,-1.2185,-0.7510,-4.8937,-7.2305,6.1531,-2.0755,-0.8071,-3.8768
-1.4054,-0.3400,17.1114,-2.5664,-1.2405,-1.2256,-12.5791,-11.8609,11.2360,-0.0630,1.4433,-4.1580
-1.3096,-0.0455,15.2439,1.0950,-0.6122,-1.7379,-18.7610,-13.9941,9.2775,2.2528,2.5191,0.0039
-4.5203,0.2394,11.9207,3.1574,0.3870,-1.7213,-13.8983,-11.9423,3.5769,3.7577,0.3916,3.4001
-4.8914,1.2210,8.0469,3.9073,1.3327,-0.9244,-10.8721,-8.2768,-4.4891,2.1615,2.7268,4.3656
-7.3837,1.8100,4.7214,3.4014,2.1112,0.3216,-2.9568,-0.2801,-6.5936,0.5163,0.0345,4.1139
-5.4540,2.5402,0.5986,1.0906,2.2107,1.3813,-4.6400,1.0582,-4.7788,-1.4565,0.8721,2.4845
-4.5274,2.5618,2.6456,-1.1618,2.6326,1.2608,-2.5426,3.0335,-4.1755,-2.5965,1.7540,0.3319
-4.0390,2.5283,2.8826,-2.4339,0.8717,0.8312,0.5363,2.6217,-0.5363,-2.4476,-0.9515,-2.2675
-0.6967,0.2227,2.5977,-3.9427,-1.5723,0.5740,-2.9640,-2.5163,0.4022,-2.1563,-1.7304,-4.3657
0.8164,-1.6065,5.1499,-4.3657,-2.5980,-1.1365,-5.1427,-7.0868,5.8730,-1.4131,0.1073,-4.3657
-1.0295,-1.2809,16.2638,-3.6436,-1.7233,-2.0242,-12.6701,-12.4666,8.0038,-0.0167,1.3438,-4.3657
-2.5714,-1.2713,19.5151,0.8132,-0.8825,-2.2187,-19.6133,-15.8113,10.2783,2.4291,1.6173,-0.1813
-4.2569,-1.7669,10.9750,3.5598,-0.0966,-2.0503,-11.7962,-11.8345,1.7549,4.2324,-0.8134,2.7631
-5.2122,-0.3424,7.8290,4.0083,1.0018,-1.0433,-9.1506,-7.5705,-4.4412,2.8599,2.2643,3.4479
-5.5905,0.8068,5.0230,3.7120,1.8417,0.2098,-6.3925,-3.2872,-5.3127,1.0160,1.5203,4.2810
-4.6471,1.9513,1.9154,1.9540,1.2760,1.0789,-3.9720,0.4022,-4.5083,-0.5937,-0.9490,2.7343
-3.7613,2.7749,1.9609,-0.2229,1.4887,1.2195,-2.5450,2.2242,-3.9313,-2.1725,0.4311,1.3359
-3.2058,1.7741,2.3703,-2.0594,1.0816,1.0235,1.0343,2.4014,-2.4636,-2.6742,-0.7612,-1.9562
0.5698,-1.1851,2.0470,-4.3657,-1.8732,0.3332,2.8276,-2.5690,2.5833,-2.3978,-2.6040,-4.3657
3.1843,-3.8092,5.3295,-4.3657,-3.7902,-1.4474,-1.4102,-9.1889,6.2800,-1.7364,-0.9358,-4.3657
0.3065,-3.4644,18.3420,-4.3657,-3.3934,-2.5955,-12.4307,-17.1760,9.9695,-0.1306,1.9025,-4.3657
-1.9082,-3.4237,19.6127,-0.2096,-1.0668,-2.4540,-19.6133,-19.6133,14.7986,2.6277,2.0889,-2.2354
-2.4924,-3.8044,11.3940,4.3104,0.8748,-3.0168,-11.1546,-15.1218,2.5474,4.3656,0.7666,2.9090
-5.5378,-0.9481,8.0876,4.0258,0.9193,-1.2938,-8.7676,-9.7444,-4.8698,3.3273,2.4319,3.8027
-5.2122,0.4405,6.7349,4.3656,1.9301,0.1693,-7.0868,-4.9344,-5.9376,1.1575,2.4467,4.1789
-4.7645,1.9752,2.6073,3.6852,2.3565,1.2227,-6.1387,-2.2984,-4.1396,-0.2964,-0.0273,4.3567
-5.3965,2.7749,1.2522,1.9669,1.8347,2.1192,-2.6456,1.1995,-5.7940,-1.4954,-0.0978,3.2071
-2.9616,2.3535,-1.2617,-0.4927,2.1642,2.7636,-1.9345,1.2450,-6.1794,-3.7166,-0.6648,1.9129
-1.3360,0.1197,0.5267,-3.5859,2.3625,2.1754,3.1987,0.5938,-2.0207,-4.3657,-0.9018,-0.6070
0.7925,-4.0510,3.0430,-4.3657,-0.6743,1.4198,3.3112,-5.0494,2.1596,-4.3657,-1.3631,-4.3657
7.1275,-6.5457,7.7931,-4.3657,-4.1454,-0.3572,4.1132,-10.5273,13.5560,-2.6305,-2.7242,-4.3657
4.5179,-6.4428,19.6127,-4.3657,-3.5344,-2.3350,-8.9783,-18.3659,13.6110,0.5560,1.4404,-4.3657
3.1053,-6.1914,19.6127,-0.0995,-1.6137,-4.3657,-14.7291,-19.6133,14.4442,3.8514,2.3418,-3.4721
-0.3663,-5.5569,12.6318,2.5171,-1.3562,-4.3657,-7.6016,-16.3189,6.5529,4.3656,-0.1294,-0.0261
-2.1811,-3.5530,10.9487,3.2908,-0.4173,-4.0817,-5.2074,-11.7867,-0.0527,4.3656,3.7603,0.1030
-1.9872,-1.3743,10.0126,3.9051,0.4740,-3.4408,-10.9463,-11.2408,1.7047,4.0389,3.9189,0.9960
-3.8762,0.7470,7.9200,4.3656,0.2586,-2.4063,-10.2663,-7.9942,-1.9776,3.7166,1.6025,3.3762
-6.2177,3.3806,5.3893,4.1921,0.3405,-0.7615,-6.4069,-3.5051,-4.6112,2.3282,0.2240,4.3656
-5.3606,4.1922,2.3128,3.5511,2.2641,1.3980,-8.0972,-0.9984,-7.0485,-0.3255,1.1811,3.9976
-2.8802,-0.3472,3.5626,-4.3657,4.3656,3.6711,-0.6297,-2.5331,-1.5754,-4.3657,2.2444,0.3781
2.0734,-6.4500,5.7293,-4.3657,-0.7687,2.6333,2.2242,-8.9256,3.4740,-4.3657,-3.4202,-3.6030
6.1818,-7.8793,12.4307,-4.3657,-2.9516,0.8396,1.2234,-14.0252,12.9047,-4.1078,-2.5435,-4.3657
6.0454,-7.1156,19.6127,-3.9234,-1.5699,-2.1102,-8.5593,-18.2247,17.0180,0.0151,2.8737,-4.3657
1.6281,-6.4787,16.8456,0.3861,-1.4154,-4.3657,-13.1873,-19.1728,12.4594,4.1228,2.0735,-2.9792
0.3352,-6.6990,13.0292,1.8129,-1.7889,-4.3657,-7.4316,-16.9893,7.5034,4.3656,-0.7465,-0.7248
-2.6145,-4.9584,11.8226,3.5607,0.0329,-4.3657,-7.1587,-15.0476,0.6440,4.3656,4.3656,-0.4758
-2.9377,-2.5426,10.9319,4.2336,-0.0001,-3.5009,-19.6133,-17.8224,-2.7581,3.5992,4.3656,3.9398
-6.2393,-0.6201,10.0365,4.3656,0.7433,-2.1554,-1.7573,-6.9935,-0.2682,3.7279,-3.5858,4.3656
-3.7709,1.1444,5.0374,4.3656,1.2624,-0.0163,-5.6862,-3.0933,-3.1819,2.6530,0.3760,3.4272
-3.2178,2.6839,1.4676,2.7526,3.4049,1.3190,-5.1882,0.4693,-4.4676,-0.2060,4.3656,3.0285
-3.5961,4.2258,0.4118,0.9069,4.3656,1.9076,-4.6040,2.0877,-3.9552,-2.9067,2.3605,2.6236
-3.6440,3.1699,1.4916,-1.5479,3.7459,2.9203,-3.3136,1.7310,-2.5762,-4.2237,1.2697,1.6473
-1.9178,1.2761,2.1093,-3.2928,3.6766,2.9717,-1.5083,0.4956,-3.1747,-4.3657,1.9117,-0.3309
0.4094,-2.1069,2.2793,-4.3657,2.3030,2.4852,1.6951,-2.8084,-1.5227,-4.3657,-0.1027,-2.7759
2.8036,-5.5402,4.4293,-4.3657,-0.8664,1.2958,3.4548,-7.1539,4.7836,-4.3657,-1.8010,-4.3657
4.3934,-7.1419,9.2296,-4.3657,-2.6052,-0.5790,0.0359,-12.7395,7.9990,-3.1397,-1.3364,-4.3657
3.1292,-7.0629,19.6127,-4.3657,-2.3927,-2.2004,-9.5960,-18.7035,14.3676,-0.1260,1.7981,-4.3657
2.4110,-7.8362,16.9438,0.3206,-1.1399,-4.1788,-13.3884,-19.6133,14.8464,4.0564,1.5571,-2.8817
-0.7901,-7.4867,12.6701,2.3823,-0.6796,-4.3657,-4.8243,-16.3428,4.6950,4.3656,1.0962,-0.6562
-1.6113,-5.2720,11.2408,3.1877,-0.2385,-4.3657,-6.6176,-14.5400,1.5227,4.3656,4.2545,-0.8683
-3.2346,-3.0718,10.8050,4.0430,0.0336,-3.6936,-8.9615,-13.0652,-0.3998,4.3656,2.9994,1.9388
-3.0143,-1.0223,8.4228,4.3317,0.4254,-2.5185,-9.1195,-9.7229,-0.9601,3.5944,0.9896,3.3248
-3.8116,1.4581,6.0358,3.9472,1.5673,-0.5939,-6.6894,-5.6551,-1.6807,1.8746,1.9660,3.8411
-2.5091,2.3631,4.6160,3.3534,3.2022,0.8829,-6.0813,-2.8204,-1.9297,-0.1645,2.3269,4.1395
-2.8922,3.0215,1.3192,2.2831,4.2914,1.5840,-4.8626,-0.0431,-3.6416,-2.1398,2.4930,3.7258
-2.9449,3.1532,0.2298,-0.4045,4.0725,2.0564,-2.4756,1.3982,-2.4565,-3.8829,1.5054,2.4039
-2.7031,1.6712,2.5163,-2.5636,3.8116,1.9508,-2.0087,0.8404,-2.9497,-4.3657,2.2541,0.3989
-3.1963,-0.1796,3.0598,-4.3657,2.4339,1.5973,0.3376,-0.9385,-2.1907,-4.3657,-0.1559,-1.9870
1.2713,-4.7669,3.6512,-4.3657,-0.9105,1.1682,3.3447,-6.0454,0.9050,-4.3657,-2.7039,-4.3657
2.9832,-5.3726,9.5648,-4.3657,-3.6059,-0.6402,-1.0846,-11.9854,9.4475,-2.8598,-1.9117,-4.3657
3.4955,-4.8530,19.6127,-3.7210,-1.8580,-2.9106,-15.3181,-18.1672,13.0508,-0.3864,2.8225,-4.3657
-2.1189,-4.6902,18.0403,1.8167,-0.6235,-3.5930,-15.4857,-17.3819,11.9590,3.6108,0.1450,-1.2363
-1.0558,-4.8171,12.1075,3.3429,-1.0766,-3.8773,-7.0533,-14.4107,6.3877,4.3656,-0.2264,0.5891
-3.1556,-3.0885,10.4531,4.3656,0.1432,-3.8764,-9.4763,-12.6462,-0.2729,4.3656,4.3656,1.6862
-5.3391,-0.3304,8.0541,4.3656,0.3208,-2.2034,-9.9599,-8.6119,-2.2386,4.3656,0.8434,3.1974
-5.6048,1.9201,2.8826,4.1561,0.1021,-0.3384,-7.0820,-3.3926,-6.7900,2.8166,-0.1014,3.3835
-4.5945,3.0837,1.2929,1.8790,1.5724,0.9582,-5.3367,-0.1101,-6.1746,-0.2483,1.1359,3.1602
-3.6320,3.1053,-0.0551,-0.2505,3.2656,1.6343,-4.3694,0.8021,-4.6783,-3.2616,1.5537,2.1162
-3.7972,1.7717,2.5235,-2.9648,3.3974,1.9141,-2.2003,0.0335,-1.3767,-4.3657,1.5809,0.5776
-1.8603,-0.4166,4.3958,-4.3351,1.8832,2.0560,-2.4086,-2.1572,0.1652,-4.3657,1.5681,-1.7746
1.5754,-3.1077,7.4364,-4.3657,-0.6250,1.1183,-0.8045,-4.8530,3.2298,-3.3990,-1.4282,-3.6091
2.2338,-3.8283,9.6295,-4.3657,-2.1571,-0.7115,-2.1380,-8.7556,6.1244,-1.7341,-1.7239,-4.3657
2.4014,-3.3423,14.5974,-3.4640,-3.2094,-1.9931,-10.1394,-13.2711,10.4076,0.1284,-0.1466,-4.3657
-0.8475,-3.3734,12.8784,2.3401,-1.5230,-3.2371,-11.7867,-14.3939,6.6822,4.3656,0.5685,0.0051
-2.1739,-1.9585,10.4770,3.5759,-0.3921,-2.4407,-10.3765,-11.0540,0.2322,3.9889,1.5111,1.8624
-2.3894,0.0646,8.9328,4.0698,0.8231,-1.0892,-8.4731,-7.7452,1.3168,2.8041,0.5117,3.8233
-1.7813,1.7071,6.5410,4.0055,1.3929,0.3469,-7.1539,-5.3941,2.7174,1.5599,0.5612,4.3656
-0.9290,2.8180,5.1236,3.3751,3.3156,1.0540,-5.9711,-1.8962,0.8380,0.5365,2.5603,4.3656
-2.3990,3.5530,1.3719,2.2310,4.3656,1.1596,-3.4141,1.4796,-2.0470,-1.3484,3.3080,3.7385
-3.2753,3.4429,1.1875,-0.6596,4.3656,1.3851,-3.4836,2.3128,-2.7174,-3.3168,3.0530,2.1364
-4.2665,2.5402,3.2537,-2.5447,4.1073,1.2796,-3.6248,1.7286,-2.5809,-4.2878,3.5550,0.2823
-5.0182,1.0343,3.9313,-3.8584,2.6997,1.1592,-4.4197,-0.6871,-3.1891,-4.3657,1.9099,-1.8868
-2.9401,-1.9944,5.0709,-4.3657,0.4366,0.8885,-1.0463,-3.1556,-1.8890,-3.9289,-0.7761,-4.0390
-0.5866,-4.9919,5.7940,-4.3657,-2.3574,0.0493,-0.3496,-7.4244,0.2658,-2.9937,-2.0953,-4.3657
0.3400,-5.2313,8.8825,-4.3657,-3.5161,-0.8046,-3.0574,-11.7555,4.6783,-1.8546,-2.8925,-4.3657
1.3048,-4.9273,15.2559,-4.0894,-3.6904,-1.9272,-8.6119,-15.8616,10.7883,0.2120,-0.2393,-4.3657
-0.4190,-5.5809,17.9828,-0.5148,-2.5012,-2.5500,-14.5041,-18.3659,13.1370,2.9416,0.3267,-3.2917
0.3663,-6.5936,11.7436,2.0981,-1.1872,-3.3153,-8.5210,-16.2758,6.1507,4.3656,0.5749,-0.0187
-1.6352,-5.1499,8.9878,2.9659,-0.8559,-2.9421,-5.9616,-12.7515,-0.2131,4.3656,2.3146,0.7514
-2.3942,-2.3176,10.2520,3.0515,-0.5289,-2.4164,-8.6503,-9.4020,0.8428,3.7285,2.1795,1.9462
-1.5179,-0.7733,8.3941,3.5963,-0.2964,-1.7400,-8.7436,-7.9320,3.1340,3.5743,0.7618,2.7360
-2.2458,0.5626,8.2720,3.6036,0.0013,-2.0101,-7.5920,-5.4013,0.2442,3.4912,1.3456,2.5575
-3.1005,2.2673,6.4141,3.7040,0.1458,-1.0619,-12.2128,-5.4468,-2.4421,2.1767,1.8041,3.8303
-4.5490,3.5243,5.2433,3.0303,1.2617,0.5925,-8.6263,-2.0590,-5.0446,-0.6245,-0.9409,4.3656
-4.9704,3.4979,0.6105,1.5918,3.2387,2.5282,-6.2513,-0.7614,-4.1276,-3.4235,0.3878,4.3656
-3.7541,1.5993,-0.5219,-1.6453,4.3656,3.7437,-2.5522,-0.7422,-1.3192,-4.3657,2.2118,3.6665
-2.9975,-1.5802,2.8706,-4.3657,4.3656,3.4980,-0.6991,-1.3815,-1.0056,-4.3657,4.3656,0.7554
-1.0247,-4.8100,7.3765,-4.3657,3.4156,2.4217,0.0838,-4.5107,-0.4645,-4.3657,4.3656,-3.3161
3.4141,-5.6814,9.2344,-4.3657,-1.9598,1.0052,-1.6352,-8.0996,6.3039,-3.1545,-1.6743,-4.3657
2.1835,-4.7046,12.9646,-4.3657,-4.3657,-0.8791,-2.6001,-10.7428,10.1323,0.1624,-4.3657,-4.3657
3.7661,-5.7820,13.4458,-2.5263,-3.8501,-2.4869,-7.6710,-14.9302,10.5848,1.9604,-0.4664,-4.3657
0.6943,-6.7924,14.0923,-0.4319,-2.1709,-4.2659,-12.5313,-18.1002,11.8609,3.7667,1.4553,-3.5959
0.4788,-6.7636,14.0923,1.8397,-0.9808,-4.3657,-8.1810,-16.8672,6.6319,4.3656,1.0288,-1.3695
-0.7254,-3.8714,10.9415,3.6962,-0.7396,-4.1062,-14.4442,-16.2494,2.3439,4.3656,3.2103,2.6486
-3.1220,-1.0918,9.7348,4.3656,0.0024,-3.0077,-8.8346,-9.6438,-2.1572,3.9552,-0.2907,4.3656
-1.9968,1.3623,8.1379,4.3656,1.2344,-0.9521,-9.3637,-7.0701,1.2378,2.2820,0.3754,4.3656
-2.1787,2.5091,5.9424,4.3656,3.5553,-0.0881,-2.6576,-0.9864,0.1556,1.3648,2.4608,4.3656
-3.6847,3.1436,1.9585,3.1586,4.2507,1.2761,-4.2976,1.7861,-4.0247,-0.5137,3.0013,3.5350
-3.5003,3.5147,0.8308,-0.0777,3.7109,2.2311,-3.1268,2.9544,-2.8395,-2.9126,2.2761,2.2537
-3.4022,2.7318,3.0718,-1.9982,3.0724,2.5556,-3.2010,2.8204,-3.9433,-4.0100,2.0622,0.0795
-2.9257,1.9944,3.0885,-3.3838,2.3169,2.4012,-3.2729,0.2921,-2.6240,-4.3657,0.6975,-1.5260
-1.0199,-0.7494,2.4253,-4.3657,1.3455,2.2291,-0.4836,-2.5738,-2.5067,-4.3657,-0.9527,-3.1157
2.9951,-4.7094,3.0861,-4.3657,-1.1147,1.6715,1.6688,-7.3933,1.6017,-4.3657,-1.6353,-4.3657
3.2010,-6.8163,7.4771,-4.3657,-2.4277,0.2224,0.9649,-12.2200,6.9839,-4.3657,-1.7592,-4.3657
2.3248,-7.1323,19.6127,-4.3657,-1.6145,-0.8096,-10.6662,-18.8687,11.8752,-1.3399,1.9815,-4.3657
4.2497,-7.3430,15.4330,-0.2201,-1.0797,-2.9956,-10.3094,-18.1576,16.8959,2.6614,0.6610,-2.4039
2.4660,-8.4827,12.9071,1.7632,-1.3111,-4.1749,-6.3207,-18.3970,8.1068,4.3656,-0.0015,-0.7320
1.2737,-8.1379,11.8154,3.3851,-0.4333,-4.3657,-4.3000,-15.8137,2.9640,4.3656,4.0803,-0.0344
-2.0159,-5.0015,9.9288,4.3656,0.1463,-4.3657,-7.3646,-12.9574,0.2490,4.3656,2.7091,0.7850
-2.2817,-1.9561,8.2193,4.0156,-0.0316,-3.0684,-8.9280,-10.9894,-0.0982,4.3656,1.8142,2.8365
-3.0694,0.8092,7.8243,4.0951,1.4386,-1.3855,-9.4691,-7.0366,-1.1372,2.3197,2.2433,3.5262
-3.2106,2.3750,5.3415,3.8119,3.3822,-0.1085,-6.2321,-2.8347,-3.2848,0.6278,2.3888,4.3351
-3.9289,3.8451,2.5091,2.6745,4.3656,1.3861,-9.5074,-2.7581,-4.9464,-2.7186,3.3866,4.3656
-4.5825,0.9313,3.4884,-3.2101,4.3656,2.2388,-2.3343,2.0614,-3.2010,-4.3657,4.3656,0.6712
-1.6520,-2.3343,6.1100,-4.3657,-0.5259,0.3238,-1.7286,-2.4517,0.6895,-2.9571,-0.6811,-3.9484
0.9290,-4.6495,9.2009,-4.3657,-3.8096,-1.6658,0.5746,-6.3590,5.1547,-0.1479,-2.5734,-4.3657
1.6807,-5.2289,9.6199,-4.3657,-4.3657,-3.1564,-2.0638,-12.0141,6.5434,1.4762,-2.9517,-4.3657
2.2529,-5.7581,17.0898,-3.8654,-4.3657,-4.3657,-8.2887,-18.2989,12.7036,2.7868,-0.6242,-4.3657
0.4525,-6.1938,16.9462,-0.3521,-2.3334,-4.3657,-14.8057,-19.6133,10.9152,4.3656,2.9000,-4.3657
-1.0391,-6.5936,11.5281,1.6782,-0.5249,-4.3657,-8.7077,-17.1449,6.3063,4.3656,1.7103,-1.3979
-3.1723,-4.9009,11.3030,2.7085,0.3844,-4.3657,-7.0533,-14.6022,-0.7159,4.3656,3.8187,-0.6560
-1.7693,-3.0598,10.5680,3.5781,0.6310,-3.8079,-10.5680,-12.6701,-0.7614,4.1467,4.0205,1.3920
-2.8180,-0.9984,8.8897,4.3656,1.2116,-2.9099,-9.5098,-9.9264,-0.1724,3.4452,0.9581,3.9872
-4.0486,0.8356,5.0350,4.1190,1.5568,-1.2083,-5.6767,-5.4995,-0.4142,2.4580,1.0275,4.3656
-2.1715,1.8459,5.1978,3.1453,1.9031,-0.0357,-7.6806,-3.4117,-0.1269,1.2931,2.5858,4.1647
-3.5410,3.2729,4.5945,3.0126,3.4653,0.2457,-4.7190,0.2251,-2.4157,0.2613,2.2932,4.1616
-4.4915,3.5291,1.4557,1.8655,3.6444,1.1134,-4.3598,2.1524,-4.0677,-1.4709,2.1849,2.9890
-3.8523,3.3399,0.5722,-0.8835,2.9837,1.8423,-2.0518,3.4716,-2.6001,-2.8889,1.6719,1.2213
-2.9209,2.5211,2.4565,-2.4491,2.2720,1.8045,-2.7629,2.6240,-4.4963,-3.6239,1.8335,-0.8326
-1.1827,0.1053,2.0183,-4.3657,0.0917,1.6685,4.5681,1.8076,-5.2074,-4.3657,-1.8473,-3.7128
2.5786,-3.1005,2.0710,-4.3657,-3.0037,1.0265,4.2856,-7.1228,3.6200,-4.3657,-4.3657,-4.3657
6.1172,-4.5466,7.1898,-4.3657,-4.3657,0.2292,0.2131,-12.4618,10.2783,-3.7265,-2.2075,-4.3657
5.0063,-4.2521,19.6127,-4.3657,-1.3559,-1.3476,-11.4754,-17.7530,14.8512,-1.7256,2.5038,-4.3657
1.8818,-4.7836,19.6127,0.0301,1.1846,-3.1844,-16.7618,-19.0147,14.9901,1.9072,4.3656,-3.1573
-0.7350,-4.6663,11.9327,1.7563,-0.9625,-3.1822,-10.1778,-14.9685,4.4676,4.3656,-1.0849,0.9150
-1.2163,-3.7350,11.7340,2.4540,-0.6639,-2.9018,-5.9664,-11.4610,2.1644,4.2888,0.8989,1.2915
-0.7566,-2.8204,9.4236,3.7279,0.8342,-2.4176,-9.2727,-10.3453,-0.9146,3.1428,3.6897,1.7144
-2.9018,-0.4429,8.1906,3.5797,0.5363,-1.4336,-9.3063,-8.9280,1.4413,2.3807,0.0115,4.0835
-3.0358,0.7446,6.9791,3.8401,1.3013,0.1681,-8.3629,-6.4380,-0.9960,1.6461,0.3159,4.0541
-3.6009,1.3503,6.1052,3.0779,2.9631,1.3067,-5.8826,-3.6440,-2.0183,-0.2254,1.9460,4.3656
-3.2920,1.9106,3.5003,2.1995,4.1264,2.2713,-5.1260,-1.8483,-2.1739,-2.3086,1.6486,4.3656
-4.4987,2.7485,4.2473,-0.1116,4.1852,3.2131,-5.2457,-0.6728,-3.5769,-4.0835,1.7748,3.5252
-3.8283,0.4621,3.9073,-1.7797,3.7351,4.0826,-1.2139,-1.2809,-3.1580,-4.3657,0.8908,0.5080
1.1253,-2.8970,1.8435,-4.3657,1.4401,3.3216,1.1564,-3.2561,4.4652,-4.3657,-1.4829,-0.6991
4.2952,-4.7932,6.0118,-4.3657,-0.8728,1.1632,3.4046,-6.1339,7.3215,-3.9880,-0.2609,-4.3625
5.6934,-4.2856,14.6429,-4.3657,-0.6592,-1.2477,-3.9145,-11.4706,11.4778,-1.4587,2.5610,-4.3657
1.7142,-3.4237,17.1736,-1.3795,-1.6553,-3.6196,-10.6781,-14.8632,11.5736,2.7763,2.0713,-4.3657
-0.4597,-3.4884,14.6453,0.5945,-3.4058,-4.0481,-11.2432,-14.5232,7.8602,4.3656,-1.4659,-2.8222
0.3472,-3.7972,10.3382,1.6461,-2.5915,-4.3657,-6.0980,-12.4139,4.9201,4.3656,0.1955,-1.8590
-1.3982,-3.0263,9.8282,2.1357,-0.8884,-4.3657,-7.1251,-11.2934,1.7430,4.3656,3.1032,-1.4751
-3.0119,-0.7973,11.0301,2.7644,-0.7841,-3.7317,-11.2743,-11.0516,2.3750,4.3066,2.4091,0.3822
-4.1132,0.8787,9.9671,3.7589,-0.0554,-2.3430,-13.1226,-10.0604,0.3783,3.7041,1.4643,2.3057
-4.1515,1.9824,7.1012,4.3656,1.4364,-1.0523,-9.7612,-6.9097,-1.5538,2.5532,1.8668,4.3656
-4.4915,3.3567,5.1164,4.0236,2.7740,0.3760,-8.8777,-3.3854,-3.2370,0.4283,1.9566,4.3656
-5.0996,4.7501,4.3383,3.0744,3.8211,1.6182,-6.2656,-0.7063,-1.4150,-1.1996,1.8723,4.3656
-4.4125,5.0685,1.5179,1.7032,4.3656,2.5087,-5.2313,2.0686,-3.4165,-2.7996,2.4389,4.0773
-4.1420,5.2098,1.5419,-0.5874,4.3656,2.7322,-4.1492,3.1244,-1.9920,-4.3118,2.3537,2.5230
-2.7749,3.9456,1.9896,-1.9842,3.0166,2.6529,-1.5107,3.3662,-3.7062,-4.3657,0.5935,-0.2313
-0.6967,1.8699,0.8404,-4.3657,1.0861,1.9698,0.8811,0.8643,2.3152,-4.3657,-1.9269,-2.3830
2.0542,-1.1085,3.1412,-4.3657,-1.3318,0.8300,1.1444,-3.3758,5.1284,-3.8820,-0.7939,-4.3444
2.7150,-1.9225,11.1737,-4.3657,-1.9132,-0.4085,-4.8459,-8.7484,8.3103,-2.0897,0.0850,-4.3657
2.3727,-0.8811,15.9310,-3.8757,-1.6181,-1.7849,-9.6654,-12.3182,9.3853,0.4064,0.7220,-4.3657
-0.5986,-1.0199,18.9286,-0.5352,-2.8919,-2.1429,-14.1641,-14.2407,10.7811,2.5735,-0.0083,-3.6048
-0.4908,-0.9481,14.9901,1.7702,-2.4256,-2.4139,-13.3333,-14.4634,9.2751,4.2126,-0.2300,-0.5975
0.4046,-0.5148,11.4323,3.4924,0.0149,-2.9174,-9.7755,-10.8984,4.6184,4.1945,2.6208,1.8311
-3.3950,1.6951,9.0190,4.3656,0.2919,-2.5674,-9.1866,-7.8243,0.8763,3.8541,1.9376,3.3159
-3.8499,3.9193,6.6487,4.3656,0.8166,-0.9831,-9.6845,-4.7645,-1.4365,2.5502,1.3823,3.9767
-4.7860,5.5210,4.6567,4.3656,2.5275,0.3107,-10.4627,-2.8563,-2.3559,0.5273,2.2898,4.3656
-4.3431,5.4755,2.8036,3.6539,3.4111,1.7738,-4.7692,0.9361,-0.6416,-0.4459,0.8071,4.3656
-2.8922,6.2177,-0.2873,2.4888,4.2162,1.9907,-2.9760,4.9249,-3.7517,-1.6582,2.6664,3.3386
-3.0885,6.2920,-2.3750,-0.3435,3.6612,1.8173,-2.8994,6.0645,-6.0669,-3.5525,1.3133,1.4146
-3.1340,5.2002,-0.8356,-3.3885,2.1829,1.6024,-1.5586,4.4412,-4.8554,-4.3657,-0.5191,-0.7284
-1.7382,2.0399,1.0965,-4.3657,0.8956,1.3462,-0.6776,-0.0527,-1.0654,-4.3657,-1.2273,-2.7466
3.4836,-1.0534,1.6616,-4.3657,-1.4926,0.7882,3.3040,-3.5195,7.4340,-4.3657,-2.4937,-4.3657
4.1372,-1.7621,11.0684,-4.3657,-2.4019,-0.2097,-0.4812,-9.1985,13.6326,-1.9116,-0.1825,-4.3657
5.6048,-0.1604,19.1345,-3.0593,-0.9777,-2.3060,-12.1554,-16.9174,16.6325,1.1538,4.3656,-4.3657
0.3160,-0.8739,19.6127,2.5802,-0.8836,-3.5553,-19.6133,-17.0276,8.6119,4.3656,4.3656,-1.4205
-3.6943,-0.3926,9.3254,4.3139,-2.3130,-4.3657,-10.1825,-11.6813,1.8866,4.3656,-1.6555,2.3321
-4.4891,2.6671,6.4548,3.8824,-1.9203,-3.0605,-6.3782,-6.4404,-2.5474,4.3656,2.2071,0.8072
-6.5410,4.9249,4.3862,3.1055,-0.0504,-1.4986,-9.1459,-3.5123,-5.2241,2.3951,1.8262,1.0553
-6.1411,6.6128,3.0909,1.8807,1.5028,0.5191,-11.4515,-2.2146,-5.8251,-0.4848,0.7633,2.1256
-5.4708,6.3686,3.9241,0.3890,2.5185,1.9351,-8.1810,-0.0192,-2.7246,-2.4219,0.5433,2.2516
-4.5083,6.9216,4.2617,-0.4004,2.8845,2.2079,-8.7963,0.2801,-1.3886,-3.2618,0.8511,1.1600
-2.7869,6.8115,2.7940,-1.3853,1.5970,2.1289,-8.8945,-0.0359,0.1628,-3.1894,-0.7124,0.7047
-3.4189,6.4069,1.6257,-1.8391,1.9474,1.9745,-9.5217,-0.1844,-1.5826,-3.7454,-0.3132,1.6062
-3.6320,3.9768,3.3830,-2.9818,2.4820,1.9652,-6.6391,-1.1420,-2.2936,-4.3657,-0.4760,0.8512
-2.5450,2.2505,5.1427,-3.2411,1.4352,1.3512,-10.4986,-6.1723,5.8634,-4.3657,0.5297,2.0053
-3.2537,2.5522,10.4746,-2.0988,1.4854,1.3388,-7.1323,-2.8874,2.3703,-2.5968,0.4434,2.6698
-3.4285,2.1979,8.0278,-0.8108,0.4301,1.1450,-5.8826,-0.6632,-0.3519,-1.6639,-0.8637,0.3332
-3.1508,1.9321,4.9249,-1.1425,-0.1102,0.8789,-4.9847,-0.2777,-0.2442,-1.0742,-0.8933,-0.8303
-2.3511,1.5562,5.1978,-2.1508,-1.4642,0.9763,2.0446,1.4676,0.5339,-0.5899,-2.8122,-3.2920
1.9513,0.1867,4.9033,-3.1199,-2.2587,1.1647,0.3567,-4.7573,2.6983,-0.9213,-2.7202,-4.3657
4.6663,-2.5546,6.5218,-4.3657,-2.8910,0.3868,-2.4852,-10.3406,7.1132,-0.7927,-1.0693,-4.3657
9.5744,-5.6623,11.1426,-4.3657,-4.3657,-0.2097,0.2203,-11.7196,15.8544,0.6543,-3.5013,-4.3657
11.8800,-6.5194,13.3405,-3.9347,-4.3657,-2.4505,2.7557,-11.6382,15.8400,2.7300,-3.1464,-4.3657
10.0078,-5.8227,11.2575,-2.2799,-4.3657,-4.3657,0.4741,-12.0883,15.3229,4.0453,-0.3397,-4.3657
6.5721,-4.4843,11.3461,-0.9935,-3.6540,-4.3657,-0.7302,-13.0939,13.1035,4.3656,0.9270,-4.2028
4.8363,-3.0670,12.7156,0.9715,-2.2060,-4.3657,-8.1690,-15.2870,11.0061,4.3656,3.5908,-2.4850
2.2242,-1.5179,8.7317,3.0259,-0.3752,-4.3657,-8.0541,-11.5975,4.0151,4.3656,3.5869,1.2641
-0.2897,2.0039,7.7309,3.2227,-0.3070,-3.6187,-6.0190,-6.8857,1.5706,3.9009,1.1282,3.4406
1.0894,3.7709,6.1268,3.3333,0.9486,-1.8871,-5.8275,-3.7637,2.8395,2.2938,1.5639,3.3929
-1.2306,5.2170,5.0015,3.7274,3.0213,-0.3810,-7.7237,-2.4181,0.4286,0.6965,3.3977,4.3656
-1.1301,5.3199,2.2434,3.1917,4.3656,1.3129,-4.8315,0.3735,-2.1524,-1.9562,1.6177,4.3656
-1.9297,4.9680,0.2753,1.5485,4.3656,2.7322,-2.8539,0.6847,-1.7741,-4.3657,2.1075,4.3656
-2.2338,3.9002,0.2274,-1.2785,4.3656,3.9715,-2.4636,-0.2801,-0.0072,-4.3657,3.2129,3.9434
0.2969,0.9313,4.0462,-3.5030,4.3656,4.1997,-1.0056,-1.7885,1.5467,-4.3657,2.4456,2.2572
1.3671,-2.6504,3.8355,-4.3657,4.2655,3.6011,2.0303,-3.7757,1.6616,-4.3657,0.6981,0.2273
4.8411,-6.6966,5.3079,-4.3657,1.0387,2.4168,5.6312,-7.9631,7.1970,-4.3657,-0.6452,-3.4218
9.5553,-9.4643,9.3302,-4.3657,-0.8303,0.6246,1.3384,-14.1258,10.4675,-4.3657,0.8609,-4.3657
9.2105,-9.5074,16.0412,-4.3657,-1.7080,-2.2179,0.1125,-15.9933,14.4586,-0.2499,1.6309,-4.3657
9.2249,-7.6926,16.4362,-2.0095,-2.6047,-3.4270,-5.3893,-17.9134,13.3956,2.8269,0.2208,-4.3657
5.0973,-7.9464,13.6134,0.3070,-2.3479,-4.3657,-5.2625,-16.7427,10.2855,4.3656,0.2249,-2.9930
2.7964,-6.4811,9.7420,1.9772,-1.3833,-4.3657,-5.8371,-14.7698,5.6575,4.3656,1.3752,-1.6042
0.6416,-4.4939,9.3134,2.2615,-0.6308,-3.7720,-5.3654,-11.9327,2.6384,4.3656,1.6210,-0.3793
1.2402,-2.1452,9.6558,3.2261,0.3537,-2.1999,-8.9112,-10.8218,3.6655,3.3967,1.8556,1.7030
2.1356,-0.9481,7.1730,4.1860,1.9409,-1.2357,-7.4124,-8.5976,3.6751,2.1517,2.2256,4.2368
0.3448,0.6273,6.3303,4.1033,3.1716,-0.3552,-5.3343,-5.4827,1.7813,1.1634,2.4062,4.3656
-1.7933,2.5283,5.5426,3.2233,3.5971,0.9237,-7.3837,-2.8563,-1.7597,-0.7733,3.5885,4.3656
-2.6097,3.8403,4.6926,1.7985,3.2251,2.5211,-4.6878,-1.3336,-1.7119,-3.2046,1.0901,4.3656
-0.8954,2.3846,3.2825,0.6364,3.2019,3.9599,-0.7087,0.4980,3.0143,-3.9302,-1.2311,4.0032
2.3391,0.5770,2.5426,-1.9097,3.5321,3.4352,2.4493,0.6201,2.3296,-4.3657,1.9108,1.2167
4.2713,-1.4030,6.5098,-3.8002,2.8380,2.0502,4.8794,-2.5618,8.9759,-4.3657,1.8814,-2.7386
8.0900,-4.3048,11.7986,-3.4811,1.1293,0.6869,-0.9984,-9.5026,12.6318,-1.2048,1.9127,-4.3657
9.3805,-5.7628,13.0364,-3.1125,-1.2436,-3.4681,-1.4700,-10.7164,13.5919,2.0193,2.7893,-4.3657
3.9337,-4.9991,14.8991,-2.0458,-4.3657,-4.3657,-2.5187,-12.4451,9.1075,4.3656,-1.7465,-4.3657
4.2856,-3.5745,13.4770,-0.8980,-4.3657,-4.3657,-4.8004,-13.6877,12.2751,4.3656,-3.5662,-4.3657
5.3989,-2.2170,9.9072,0.3304,-3.8363,-4.3657,-8.4635,-13.7691,12.3110,4.3656,1.0956,-2.9519
2.6839,-0.6488,8.9112,2.4850,-0.6415,-4.3657,-7.2856,-10.4507,6.1124,4.3656,3.3568,0.0140
0.4788,1.5897,7.7141,2.9467,0.1295,-3.4031,-6.5721,-7.2185,2.7438,4.0261,1.8614,2.0205
0.5698,3.1196,7.0198,3.7486,1.5857,-1.6537,-8.0517,-5.1164,1.7023,2.5398,3.0495,3.7567
0.2370,4.4676,5.6575,3.8177,3.0286,-0.6687,-8.5928,-2.6647,0.9553,0.2527,3.1504,4.3656
-1.9225,6.4811,3.8571,2.8008,3.4061,0.4317,-5.1882,1.6281,-1.0463,-1.2622,1.6217,4.3656
-3.9456,6.3590,1.6735,1.1202,4.2221,1.9233,-4.0630,3.0143,-0.1006,-3.3111,2.0175,4.0605
-4.1276,5.6527,1.8196,-1.1040,4.3656,2.6843,-4.0941,2.8994,-1.6209,-4.3657,3.7876,2.2214
-1.9441,2.0207,5.8706,-2.9040,4.3656,3.2904,-1.3360,1.0798,-3.5243,-4.3657,3.6624,-0.7322
3.0909,-0.9242,4.9775,-4.3657,0.8988,2.5027,5.1739,-2.7150,8.7963,-4.3657,-3.2472,-4.1362
11.6430,-3.1268,7.9104,-4.3657,-3.2871,1.2662,1.7861,-8.6431,17.1473,-2.2679,-4.3657,-4.3657
11.3701,-2.6384,12.2655,-4.1877,-1.5791,-2.3689,-0.6512,-9.0261,13.8385,0.1500,2.3663,-4.3657
3.1987,0.0479,14.7626,-0.6391,-0.8094,-3.2155,-6.6367,-9.9216,10.7524,2.2757,1.5739,-4.3657
4.8650,-0.0024,8.2911,-0.6612,-3.0128,-2.3222,-8.6886,-9.5960,8.9711,3.1120,-0.6764,-2.8072
2.7366,0.3807,9.1243,-0.2360,-1.3419,-3.0868,-4.2042,-6.8043,7.8338,3.0112,0.5375,-0.7568
2.4253,1.4629,10.6781,0.7837,-0.0671,-2.5872,-10.7667,-8.2720,6.4907,2.0626,3.1758,-0.4157
-0.9816,2.9951,11.8752,1.8475,0.0478,-1.8347,-12.6653,-7.3837,2.8276,2.4244,1.7245,2.6998
-2.5618,4.3551,9.6654,3.1209,0.6555,-0.4343,-9.3063,-3.8164,-1.4030,0.7005,-0.7333,3.1760
-2.5905,4.7094,5.3917,3.3085,2.6795,1.5992,-10.3430,-3.8068,2.3607,-0.8316,1.2253,4.3656
-3.8618,4.7597,2.5115,2.5194,4.3656,2.6653,-3.6320,0.2179,-3.2226,-2.9162,1.8369,4.3656
-0.3855,3.0382,1.2665,-0.1176,4.3656,3.8416,-1.9441,0.6919,-0.7230,-4.3657,0.6198,3.6766
1.8244,0.8667,1.9609,-2.9628,4.3656,2.7539,3.1029,0.9553,2.0135,-4.3657,1.3122,0.9220
6.1244,-3.4572,4.4700,-4.3657,1.2105,1.2105,6.9767,-2.8515,10.0102,-4.3657,0.0101,-2.8718
6.3901,-5.0781,10.7955,-4.3657,-2.0884,-0.9092,2.5786,-9.3134,12.2583,-1.9809,-0.3804,-4.3657
6.2489,-3.8954,16.1609,-4.3657,-1.8154,-3.2346,-4.8147,-12.9838,11.3509,1.1695,2.3419,-4.3657
1.9178,-1.7502,16.2327,-1.6562,-3.8841,-3.8023,-10.3430,-15.6653,11.4443,3.4554,-0.8817,-4.3657
2.5115,-2.2242,15.6940,0.1855,-3.3338,-3.1742,-12.5720,-16.1369,11.5353,4.1971,-0.9826,-3.1610
1.6783,-2.1237,10.4890,2.8341,-0.5995,-3.9438,-9.5002,-12.9957,6.1339,4.3656,2.7668,0.9846
-0.6009,-0.7207,9.0285,3.6459,0.1799,-2.9697,-6.9049,-10.1730,3.8140,4.0449,2.2415,2.2507
-0.6512,0.8116,9.0070,4.1483,0.1804,-1.7669,-7.0294,-7.7476,2.2817,3.6447,2.1013,3.5146
-1.1636,2.0758,6.1244,4.3656,1.4909,-0.7236,-6.6511,-4.2904,-0.7973,2.3939,1.8855,3.9275
-1.4269,4.3694,2.1380,4.1108,1.8466,0.7069,-4.3096,-0.4956,-2.3104,0.5004,0.7201,4.3656
-0.7709,5.1523,-0.1413,2.3726,2.8360,2.1220,-1.3001,2.9640,-1.5586,-1.6842,0.6297,3.5248
0.3328,4.8746,-0.9888,-0.4771,4.1982,2.7426,-0.0215,3.3902,-0.4357,-4.2682,1.7440,2.1777
3.2082,1.7478,1.5083,-3.4508,3.7040,2.6429,4.2162,2.4612,4.2976,-4.3657,1.4344,-0.9022
7.0318,-0.4381,4.0797,-4.3657,1.2312,1.5871,1.9321,-2.2913,5.2696,-4.3657,0.6207,-4.0981
4.8052,-0.7566,11.7914,-4.3657,0.8588,0.2461,-3.4812,-7.6806,11.0923,-3.2579,0.7025,-4.3657
3.9935,-0.4525,19.0914,-3.4447,-1.2291,-1.2560,-10.6710,-13.4554,13.0484,-0.0187,1.1053,-4.3657
2.4110,-0.5986,18.3300,0.4016,-2.6911,-1.9949,-14.7722,-15.0069,14.2431,2.9649,-0.3432,-2.2909
1.1349,-1.6640,11.3222,2.6053,-1.2067,-3.2498,-8.6957,-12.1745,5.7509,4.2332,1.0299,1.3571
-1.2498,-0.2083,10.5297,3.1487,-1.7693,-2.6909,-7.2425,-9.6486,3.1603,4.1210,1.5396,1.8916
-0.9744,1.8483,8.4060,3.4378,-1.2283,-2.2355,-9.2033,-7.2353,2.3822,3.4023,0.8334,3.0038
-2.1452,4.1707,4.9704,3.8030,0.0305,-1.5777,-8.5305,-3.8355,-0.7302,2.4889,0.7734,4.0604
-4.1372,6.0478,2.2003,3.1768,1.2200,0.1146,-5.3103,0.8691,-3.7852,0.5249,0.1340,3.5149
-3.5721,6.3039,-2.5211,2.0366,3.6259,2.0438,-5.5330,2.1715,-5.6144,-2.7467,1.2481,4.1105
-2.8659,4.9249,-2.8323,-0.9726,4.3656,2.8855,-2.9497,2.1165,-4.1635,-4.3657,2.1087,2.9848
1.2115,1.4174,0.9170,-4.3657,4.3656,2.6183,4.3407,2.2266,-0.7374,-4.3657,1.0565,0.0253
1.4724,-2.7438,3.3591,-4.3657,1.5881,2.2693,4.2353,-4.8722,6.0837,-4.3657,-0.3696,-4.3657
6.4931,-4.9799,16.9198,-4.3657,-0.9519,1.0516,-3.2226,-11.9135,15.6317,-3.1231,0.7245,-4.3657
7.7333,-3.0742,19.6127,-2.6372,-1.9008,-2.5225,-10.1323,-15.4953,16.2087,1.4482,1.9311,-4.3657
3.3902,-1.7645,17.4561,1.0107,-3.6066,-3.2668,-11.6837,-15.2942,14.9685,4.3656,-1.7148,-2.3281
2.2960,-2.8898,11.2168,2.1176,-3.0818,-4.3657,-4.8435,-12.9550,6.9025,4.3656,0.6871,-0.7237
-0.0646,-0.6393,11.1857,3.0144,-1.7108,-3.7506,-9.2608,-11.3916,2.6887,4.3656,3.1464,0.5844
-1.6759,2.3176,8.2217,3.4887,-1.3971,-2.8798,-10.7715,-8.9256,1.0989,3.8332,0.3044,3.7386
-2.1428,3.9433,5.4755,3.5695,0.5692,-1.1759,-6.0765,-2.9473,-2.0542,2.0402,-0.3724,3.5208
-2.9329,5.6695,1.3096,2.7716,2.3996,0.5347,-5.2289,0.6129,-2.4301,-0.4836,1.9043,3.7245
-2.5618,5.9592,-1.3695,0.7921,3.3943,2.3633,-3.9169,2.7438,-3.5458,-2.9757,0.6566,3.0475
0.9098,3.8331,-0.8380,-2.3273,3.7674,2.8505,-0.9936,2.5211,-0.6177,-4.3657,1.1744,2.0650
1.3838,1.8914,3.9648,-4.2466,3.1933,2.3325,2.9473,1.2857,4.1875,-4.3657,1.1962,-1.1030
4.5753,-0.0359,7.5920,-4.3657,0.1446,1.6903,-0.7422,-4.0007,9.1698,-3.7947,-0.2320,-4.0360
6.4380,-0.6871,11.3509,-4.2289,-1.1969,0.4449,-4.4029,-7.9320,12.8928,-1.3788,-1.0820,-4.3657
6.1866,-1.8483,14.2431,-1.8207,-1.0170,-1.4961,-7.3861,-10.3717,13.1490,0.9489,1.1676,-3.6960
3.6823,-2.2577,14.7339,0.1852,-1.7168,-3.0418,-7.2281,-12.0955,12.6677,3.3755,0.3485,-2.6265
3.1963,-2.4876,13.2998,1.9023,-2.1004,-3.9061,-7.4795,-12.9718,9.2129,4.3656,1.4020,-1.4489
2.4253,-0.8380,10.8409,2.9375,-2.1098,-4.0360,-9.0908,-11.2456,5.7604,4.3656,2.0652,0.7320
0.2849,1.6568,9.3111,3.4693,-0.8895,-3.5226,-8.0302,-7.4795,3.9121,4.2743,1.5733,1.5440
-1.8555,3.8786,7.2018,3.9123,-0.0361,-2.7232,-7.8147,-4.3096,1.7430,3.6719,2.0488,2.3036
-2.4445,5.4133,4.1444,3.6704,0.7244,-1.5444,-8.1283,-1.0989,-1.6233,2.4718,1.6355,2.5407
-4.0103,6.9671,0.8045,2.6311,1.3299,-0.0902,-5.9065,2.7078,-4.8674,0.4668,0.8497,2.2597
-4.3144,8.0206,-2.0255,0.5085,2.3004,1.5544,-6.5912,3.8307,-5.9616,-2.4954,0.3477,1.5579
-2.6695,7.0485,-0.5363,-2.0642,3.8820,2.4209,-5.6240,2.7150,-2.2553,-4.3657,1.0579,0.8475
-1.3336,5.2816,2.9401,-3.6597,2.8839,2.5933,-4.6998,0.7853,0.3041,-4.3657,0.0469,-0.3603
2.8132,1.7669,3.3686,-4.3657,0.9718,2.6541,-1.0678,-1.6927,4.4005,-4.3657,-2.0564,-1.1880
4.1563,-0.9002,7.3694,-4.3657,-0.2272,1.9402,1.5562,-4.3000,9.9120,-4.3657,-2.2298,-3.2546
8.4013,-2.4900,11.0804,-4.3657,-1.0162,0.2306,-0.7470,-8.6407,15.5096,-2.0847,0.1440,-4.3657
6.8235,-2.8299,17.7578,-2.4312,-1.6221,-2.5540,-7.0677,-12.8976,14.9302,1.6005,1.9967,-4.3657
1.2881,-1.8890,17.1928,1.1598,-2.0519,-3.5920,-8.8370,-15.6174,12.2990,4.3656,0.5677,-3.2977
3.7014,-2.7438,10.9080,3.1272,-1.1217,-4.2739,-9.0285,-12.8593,6.1052,4.3656,3.1629,0.0397
-2.6791,0.9026,9.6007,4.3656,-0.6171,-3.7644,-9.9359,-11.1163,2.4253,4.3656,2.9452,2.8689
-1.1061,3.3232,7.7165,4.2442,-0.1179,-1.8959,-8.2815,-5.7221,-0.4717,3.0153,1.1579,3.4799
-2.8371,5.6767,3.6943,4.3112,1.6192,-0.5842,-6.8211,-1.7047,-1.8196,1.1437,1.3916,4.3656
-2.2266,6.8331,1.3767,2.9894,3.1131,1.3126,-5.1811,2.1620,-1.8268,-1.1546,1.3187,3.3838
-0.1149,6.8570,-0.5219,0.6563,3.3139,2.3066,-4.3383,3.4022,-0.1269,-2.9820,1.0738,2.7243
1.5610,5.9999,0.9649,-1.5986,2.6453,2.1562,-3.3734,3.0358,0.9840,-4.0885,-0.1037,2.7933
1.2498,4.7692,2.9353,-2.9495,1.8411,1.6033,-0.6393,2.8323,3.0718,-4.3657,-0.7544,0.8442
2.1548,2.9473,2.5809,-4.3392,0.6111,1.5192,-0.9385,0.2131,3.7469,-4.3657,-0.4048,-0.9465
2.3750,1.3072,5.8155,-4.3657,-0.4486,1.2999,0.4501,-1.7980,5.7652,-3.9013,-1.3675,-3.1574
5.2218,-0.8380,7.8027,-4.3657,-0.7553,1.0427,-2.0973,-5.7868,8.0182,-3.2479,-0.8011,-4.3657
5.4085,-2.5043,9.9216,-4.3657,-1.4160,-0.3797,-2.4349,-8.7891,9.3709,-1.6623,-0.3417,-4.3657
4.4245,-2.8611,15.4211,-3.3564,-2.1854,-1.1170,-7.1658,-13.1897,11.7316,-0.0125,-0.1005,-4.3657
6.4332,-4.2808,17.4178,-0.6091,-1.8676,-2.6401,-9.9335,-15.4570,14.7100,2.7899,0.3107,-2.4195
3.4213,-3.1603,14.5615,2.4621,-1.0055,-3.9944,-13.4075,-15.4163,6.5817,3.8051,1.9562,0.8568
0.1891,-1.6855,11.3078,3.6869,-0.1948,-3.6120,-8.6311,-11.8848,2.9999,3.3079,-0.0746,4.2033
-1.8244,1.7047,8.7221,4.3656,1.9450,-1.7737,-6.9408,-7.8003,4.0654,2.1032,0.5101,4.3656
-0.7135,3.1915,5.0829,4.3656,4.0713,-0.0368,-4.5538,-3.4524,3.2417,1.3328,2.7135,4.3656
-2.3056,4.9584,3.6607,3.2524,4.3656,1.1563,-3.2034,1.0558,-0.8930,-0.1506,3.1565,4.3656
-1.4700,5.1140,1.6568,1.9957,3.6974,1.6816,-1.3575,4.4388,-1.4174,-1.3708,1.0424,2.9753
-0.4669,5.0398,-3.1508,-0.7722,2.8274,2.1222,-0.5674,4.6184,-2.5929,-3.2297,0.7416,1.3868
-0.6393,2.7940,0.0431,-3.9404,2.2870,1.9861,1.4030,3.0335,-1.5993,-4.3657,0.9040,-0.9674
1.4389,0.1772,2.6432,-4.3657,0.5361,1.6314,3.1867,-0.8475,-0.5315,-4.3657,-0.2667,-4.1093
3.0358,-2.7509,3.2609,-4.3657,-1.9422,1.3213,1.4126,-8.5808,3.1723,-4.3657,-1.9029,-4.3657
5.9807,-5.7197,12.9000,-4.3657,-4.1779,0.9581,-2.4948,-14.4179,12.0692,-3.0232,-1.7127,-4.3657
7.1132,-5.4995,18.3300,-3.7927,-3.7844,-0.5866,-8.7891,-17.9230,15.7443,-0.1935,-0.8430,-4.3657
7.8266,-6.7564,14.9350,0.0985,-0.8639,-2.5515,-7.8506,-17.5998,15.6054,2.9066,0.7176,-1.7984
3.5817,-6.4380,11.9112,2.4629,-0.0181,-3.9486,-2.7725,-13.9343,6.8833,4.3656,2.4776,-0.2060
1.1181,-3.9983,9.6917,3.1075,-0.5931,-4.0212,-3.4644,-11.3820,3.2537,4.3656,2.4824,-0.1139
0.7566,-1.2330,8.7819,3.8636,-0.2181,-3.2070,-7.7045,-10.4698,3.6368,4.3656,2.3160,1.7556
-1.1851,1.2498,6.9552,4.3656,0.9261,-2.6905,-6.9432,-6.6463,-0.4405,3.7402,2.1606,2.9421
-2.6384,3.5219,4.1587,4.3656,1.4859,-0.9505,-6.8211,-3.7661,-0.7111,2.1642,1.1770,3.4059
-2.4349,5.1260,2.4157,3.2972,2.6714,0.5456,-6.3327,-0.8787,-2.0016,0.0488,1.7319,4.1432
-2.0734,6.0071,1.4653,1.3335,4.1784,1.6919,-3.6416,1.8699,-1.9537,-2.5893,1.3375,3.3835
-1.8771,5.1212,1.7310,-0.9571,4.3656,2.2789,-4.4891,1.3384,0.6656,-4.3657,2.4565,2.1819
-0.6919,2.9951,3.3878,-3.2395,4.1331,2.3423,-3.6631,0.2945,1.4485,-4.3657,2.1562,0.8691
-2.1596,1.7789,5.0925,-4.1468,3.4295,2.2136,-4.3383,-1.7717,0.9840,-4.3657,1.4675,-0.6997
1.5443,-1.8340,5.6934,-4.3657,2.0965,2.0556,-0.1221,-3.3471,2.0590,-4.3657,0.1993,-2.1466
5.1595,-4.9871,8.0948,-4.3657,-1.4959,0.3429,3.6152,-7.1563,8.6646,-3.1008,-2.1562,-4.3657
6.5146,-5.4444,12.0596,-4.3657,-2.4658,-1.4262,0.5650,-12.0764,11.2887,-1.2289,-0.4910,-4.3657
3.1963,-5.9256,16.9246,-3.0538,-2.2199,-3.4180,-8.1020,-17.4274,11.1282,1.7036,2.1036,-4.3657
1.8411,-5.7006,15.5934,-0.0329,-2.1838,-4.1844,-11.1690,-19.0938,11.5065,4.3656,0.9261,-2.3125
0.6369,-6.5625,12.9670,2.1838,-1.2835,-4.3657,-5.4995,-15.9550,4.1755,4.3656,1.5228,-0.9189
-0.0072,-5.6575,10.2137,2.9968,-0.7209,-4.3657,-4.2689,-13.4099,2.2003,4.3656,3.1560,-0.0229
-1.4605,-2.4948,10.3190,3.4584,-1.2149,-4.0320,-7.9152,-11.5927,1.3767,4.3656,1.7832,0.9757
-2.4972,0.5890,8.4851,4.0811,-0.1114,-2.8509,-9.1387,-8.1858,-0.0958,3.7439,1.6471,2.2140
-3.2274,3.2178,5.7221,4.3488,1.4029,-1.0483,-8.2576,-5.2241,-0.3855,2.3237,1.6104,3.6909
-2.5809,4.1731,2.5331,3.7683,2.7410,0.7462,-5.5522,-0.8092,-3.2633,0.1510,1.7393,4.0132
-1.5443,4.6519,-0.9529,1.9584,3.5896,1.8600,-2.4134,2.7869,-4.1683,-2.2621,1.0309,3.4239
-0.9266,4.2976,-3.7110,-1.2576,4.3656,2.2464,-1.7047,2.5331,-3.0239,-4.3657,1.7114,2.0383
-0.6871,1.6041,1.4700,-4.3657,3.6560,2.3908,-0.0479,0.8859,-1.0918,-4.3657,2.0631,-0.2274
1.3671,-2.1500,3.4836,-4.3657,0.5832,2.1597,2.6671,-3.1747,0.7781,-4.3657,-1.6419,-2.6609
5.6767,-4.4293,8.6048,-4.3657,-1.9538,1.8441,1.7645,-10.2568,10.3190,-4.3657,-3.3874,-4.3657
6.9623,-5.1715,18.5191,-4.3657,-1.6599,0.2189,-6.5218,-15.1505,16.4673,-1.5940,1.9377,-4.3657
3.9409,-5.1739,18.9621,0.2344,-0.4759,-2.0594,-11.3389,-19.1081,15.6293,2.4610,0.8148,-2.9917
4.4197,-6.5194,15.4522,2.7386,-0.1390,-3.4081,-9.7923,-18.5383,8.6095,4.3656,2.4922,0.6078
-2.2290,-3.9456,13.6853,4.3656,-0.2770,-3.7038,-7.6830,-14.1952,0.4405,4.3656,2.9388,2.4656
-1.9201,-0.6871,9.4858,4.3656,-1.0800,-2.0897,-6.9815,-9.2273,0.4142,4.1419,-0.3572,3.2614
-1.4868,2.5379,6.9049,4.3656,0.0356,-1.1217,-9.5481,-6.0741,1.3408,2.7705,1.5168,3.7386
-1.5850,4.3000,4.2138,3.7651,1.0167,-0.2145,-2.6743,0.0790,-0.5746,1.7762,-0.0434,3.6461
-1.5538,5.3319,0.9840,2.1080,1.3955,1.2873,-3.5147,2.6647,-2.4948,-0.1992,0.5442,1.9480
-0.6752,5.4540,-1.1827,-0.4583,2.1044,2.2460,-1.6927,4.0414,-3.9935,-2.9802,-0.1431,1.0313
1.0343,3.0263,-1.0080,-3.7322,2.4024,2.2326,0.9170,1.2282,-2.7198,-4.3657,-1.3864,-0.6772
1.1827,-2.0830,1.7549,-4.3657,1.1287,2.0959,3.5506,-4.1539,0.9649,-4.3657,-0.9719,-2.8819
5.6144,-5.3391,5.6072,-4.3657,-2.2164,1.4278,3.2154,-9.4834,8.0565,-4.3657,-2.6197,-4.3657
8.1211,-5.5138,13.3070,-4.3657,-2.8232,0.6222,-0.8236,-14.2383,14.5065,-3.1729,-1.9692,-4.3657
6.5386,-5.3606,19.6127,-1.9071,-0.8759,-1.5047,-10.5919,-19.4146,19.6127,0.6643,3.0736,-4.3657
6.4811,-5.8107,13.1202,3.0120,-0.3942,-3.0895,-12.1506,-18.3132,10.2424,4.3625,1.3143,1.1470
-0.1341,-5.1619,11.0684,4.3656,-0.0686,-3.5142,-5.6168,-15.6246,4.4628,4.3656,0.7981,3.6817
0.1748,-3.3303,8.8801,4.3656,1.0236,-2.2055,-2.3870,-10.2496,-0.3519,4.3656,2.8614,4.2843
-0.5938,-0.4932,6.6918,4.3656,0.8691,-1.2217,-4.1994,-6.4380,0.6560,3.0888,1.5406,3.6830
-0.6416,2.2290,4.8626,4.3428,1.0841,-0.0624,-5.1811,-3.7278,1.2498,2.3301,0.7951,4.3656
0.1724,3.8475,4.7429,3.2824,1.4705,0.6832,-3.8786,-0.0144,1.9824,0.9212,1.2292,2.8085
0.6105,5.3750,2.1763,1.9131,2.2878,1.0718,-2.9904,2.7581,-0.4549,-0.5127,1.5997,2.1110
-1.5969,5.9759,1.8292,-0.1587,3.3037,1.4566,-4.8626,2.5594,-1.5131,-2.9236,2.0785,0.7298
-0.0766,4.1755,2.1117,-2.5949,2.9763,1.8187,-1.0367,2.8850,-1.7310,-4.1139,1.0437,-1.2792
1.0295,1.9273,3.6679,-4.3657,0.9102,1.2137,0.3519,-0.5602,1.0534,-4.3657,-1.1976,-3.7788
4.0582,-1.9273,3.4716,-4.3657,-1.8523,0.4230,1.8651,-5.6144,7.3789,-3.8930,-2.6705,-4.1875
5.5881,-4.7309,9.8402,-4.3657,-3.6568,0.2915,1.5155,-9.7516,10.0652,-2.5610,-2.8674,-4.3657
6.9192,-4.1563,17.2813,-4.3657,-2.3898,-1.5250,-6.3877,-16.1082,14.7219,-0.3182,1.2080,-4.3657
3.0933,-3.2154,19.6127,-0.0404,-1.1221,-2.9938,-16.1561,-18.5407,14.1090,2.8045,2.5763,-3.3440
1.2019,-2.8730,11.3509,2.6910,-0.6600,-3.6649,-11.1115,-15.2391,6.6319,4.3656,0.7079,2.0872
-2.2170,-1.1516,10.0844,3.9805,0.0493,-2.6961,-5.5785,-9.7636,-1.2115,3.8544,1.2200,3.5651
-1.7119,0.0694,5.7940,4.3656,1.1040,-1.1402,-3.9600,-5.0326,-2.3128,2.2924,1.3916,3.4278
-0.8021,2.4014,-0.3041,2.8240,1.3007,0.9609,-2.3152,-0.7997,-4.2832,-0.0245,-0.0850,3.2782
-0.1915,2.6983,-0.8859,-0.2184,2.0721,2.0988,-0.3304,1.2737,-3.2944,-2.8437,0.1541,2.1057
2.2936,0.8643,1.7430,-2.8176,1.8126,2.5989,2.0351,-0.1939,0.5626,-4.3657,-0.1635,0.4222
5.9328,-3.0287,4.9368,-4.3657,-0.4459,2.3687,5.1044,-4.2138,7.0964,-4.3657,-2.3928,-2.1743
8.8777,-5.8395,9.9120,-4.3657,-2.1385,1.4889,1.7406,-11.0157,12.9047,-3.2470,-1.5625,-4.3657
9.5553,-7.0749,17.9805,-3.3586,-1.8648,-0.6793,-6.3949,-16.0172,16.8552,-0.0902,1.5230,-4.3657
5.5545,-6.5864,15.2654,0.3224,-0.4767,-3.2006,-9.4068,-16.7067,12.8066,2.8733,1.1076,-1.3022
2.3080,-4.9344,12.3732,2.1045,-0.2166,-3.4991,-5.7844,-13.5632,6.4452,3.9448,1.2975,0.2394
1.0199,-2.6695,9.9623,3.1305,0.3777,-3.1904,-7.8147,-11.3796,4.0462,3.4645,3.0982,1.6920
0.4549,-0.6081,8.9040,4.3656,1.3428,-2.5916,-8.4539,-9.0812,3.4141,3.5328,2.1631,3.3921
-1.6448,2.0063,5.7772,4.3656,1.7056,-1.9041,-3.1173,-3.8331,-0.0263,3.3390,1.4234,4.3139
-2.7198,2.8323,2.5546,4.3656,2.6307,0.0941,-2.9592,-0.1652,-3.3615,1.7576,2.2409,2.8595
-1.8076,4.9704,-2.8012,3.4371,3.7870,0.9222,-2.9401,3.1819,-5.1140,-0.9128,2.7062,2.6023
-2.6528,6.1962,-1.3216,-0.1243,4.0745,1.8566,-4.1156,3.8834,-5.2241,-3.6190,1.3772,1.0822
0.1293,4.2976,-0.0766,-3.4576,2.4287,2.0366,-0.9313,2.8730,-3.4524,-4.3657,-0.4097,-0.1462
0.2131,-0.1221,0.4214,-4.3657,0.8815,2.0997,2.9185,-1.7502,-0.6943,-4.3657,-2.6871,-2.4451
5.7197,-5.7988,4.0270,-4.3657,-2.1513,1.8734,5.5186,-8.4108,7.8314,-4.3657,-3.1660,-4.3280
8.9663,-9.2177,13.6733,-4.3657,-2.4813,1.0004,1.5299,-15.5551,13.5799,-4.2286,-1.0973,-4.3657
10.8074,-9.2033,19.6127,-4.3657,-1.9257,-1.9552,-8.4443,-19.6133,19.6127,-0.2346,2.5314,-4.3657
7.9224,-8.9304,18.2654,0.4706,-0.0224,-4.3657,-10.1634,-19.6133,18.6867,4.3656,1.7649,-2.1987
1.1181,-8.2049,11.8106,3.4881,0.8207,-4.3657,-3.1316,-16.7546,5.2577,4.3656,2.7937,0.1605
0.5962,-5.4348,8.4036,3.7048,0.0016,-4.3657,-2.8036,-13.4746,0.8260,4.3656,4.0694,0.5261
-1.0271,-2.2386,9.5170,4.3656,0.6745,-4.1198,-6.2130,-10.9008,-0.2490,4.3656,3.5924,1.9498
-1.7023,1.0678,6.4667,4.3656,0.9268,-2.8745,-7.6543,-7.3191,-0.9290,3.9965,2.0700,3.5665
-2.5546,3.5195,4.7764,4.3656,1.5913,-0.8470,-7.1323,-5.1643,0.5076,2.9452,1.7321,4.3656
-3.6320,4.1635,1.7885,4.3656,3.3259,0.6614,-1.9106,1.4102,-5.6743,1.5689,1.6827,4.3656
-1.4509,6.0669,-3.9863,3.5070,3.7856,2.3706,-1.7238,5.0996,-5.7365,-1.7066,1.4933,4.3656
-1.1420,6.9863,-4.1875,-0.4093,4.2743,2.7976,-0.1939,6.7014,-3.5674,-4.3657,1.1551,2.5815
2.6121,4.0127,-2.2410,-4.3344,2.4153,3.0575,4.5657,4.9392,0.4501,-4.3657,-0.8724,0.1679
5.8419,-2.9616,1.3671,-4.3657,0.4951,2.6031,13.1801,-0.9481,5.8203,-4.3657,-3.8560,-4.2296
12.7419,-6.2417,6.9791,-4.3657,-2.7181,0.9510,7.5058,-12.9933,13.3309,-4.3657,-0.7436,-4.3657
11.4850,-5.4827,19.6127,-4.3657,-2.4335,-1.7433,-7.0318,-18.7131,18.4449,-1.7018,3.0795,-4.3657
5.0661,-4.2904,19.6127,-1.1271,-1.6669,-4.0612,-17.7267,-19.6133,18.5455,2.2123,1.3415,-3.6973
4.0941,-4.7621,13.7284,1.4999,-0.7977,-4.3657,-7.6088,-16.2231,12.7036,4.3656,-0.6724,0.7325
1.6376,-2.9808,10.9774,3.4656,0.4145,-4.3657,-1.7286,-9.6726,3.2681,4.3656,4.1625,0.3729
0.5650,0.5890,9.9623,4.0909,0.0088,-3.7826,-9.8785,-9.5002,5.6240,4.3656,3.7491,2.4523
-1.4820,2.2865,7.8219,4.3656,0.4568,-2.3920,-8.9136,-6.9240,0.8332,4.3656,0.8785,3.7987
-3.4237,4.8650,1.9130,4.3656,2.0823,-0.8439,-7.8817,-2.8778,-5.7317,2.4980,2.3637,4.3656
-3.7948,6.0286,-2.5067,4.1911,3.3145,1.8675,-2.3272,2.2936,-6.4859,-1.4115,0.0258,4.3656
-1.5443,5.9448,-4.1252,0.8501,4.3656,3.5017,2.5762,5.6551,-2.4636,-4.1270,0.1106,4.3656
2.4181,3.6081,-2.3320,-3.0266,4.3656,3.4222,4.2090,5.0996,0.7350,-4.3657,4.1359,2.0182
3.4812,0.7494,3.5458,-4.3657,3.8740,2.3530,5.4157,1.6616,3.7852,-4.3657,3.2981,-2.6015
9.0812,-2.4301,7.8290,-4.3657,-1.3535,0.9855,1.4389,-6.5194,9.4308,-4.3657,-1.2656,-4.3657
8.4827,-2.3870,10.6518,-4.3657,-4.2218,-0.0212,-4.2641,-9.4954,12.7611,-3.1133,-3.1437,-4.3657
9.1411,-3.7948,16.9318,-4.3657,-2.0985,-0.3367,-6.4835,-14.2790,16.6445,-2.5806,-1.6751,-4.3657
6.8929,-5.2984,19.6127,-1.3588,1.1680,-2.6085,-12.9000,-17.5687,19.1584,1.1919,4.3656,-3.0874
0.7446,-5.2984,13.5775,2.0111,1.2465,-3.6203,-8.5545,-13.9941,3.1603,3.8720,2.7968,-0.0132
-0.9385,-3.8978,12.0572,2.1461,-0.3615,-1.9777,-10.6853,-11.8226,0.9218,2.7719,-1.0557,0.9966
-1.9178,-1.4676,10.1107,3.6038,1.4429,-1.1543,-9.6175,-8.7724,0.9673,2.2395,1.6964,2.6883
-2.6312,0.0886,6.5170,4.3656,3.0269,-0.0091,-11.8681,-7.7764,-0.8954,0.8316,2.4568,4.3656
-3.7828,2.3487,5.0446,4.3540,3.3568,1.0672,-3.8355,-2.1308,-0.8116,0.2312,0.3296,4.3656
-3.3926,2.6504,0.5938,4.0775,3.6483,2.4547,-0.7877,2.0111,-2.6983,-0.1400,0.8485,4.1917
-1.3743,4.0558,-3.8116,1.3189,3.7258,2.8952,0.2370,5.0685,-4.3958,-2.3457,2.1978,2.5534
-0.0646,3.0742,-2.7677,-2.5123,2.8429,2.4011,2.3822,5.4588,-3.6200,-4.3054,0.9539,0.3411
3.6176,-1.0870,1.7190,-4.3657,-0.1154,1.0631,6.9025,0.7135,0.1365,-4.3657,-1.3519,-3.3508
3.3878,-4.3431,6.5745,-4.3657,-2.9949,1.1483,5.3056,-10.2137,6.4620,-4.3657,-3.4053,-4.3657
9.2775,-4.1635,19.4266,-4.3657,-3.0526,1.0732,-7.7500,-19.6133,16.4410,-3.5753,0.2786,-4.3657
5.5138,-4.3024,19.6127,-0.5822,-0.6929,-1.3622,-19.6133,-19.6133,19.6127,0.8258,4.2318,-4.3657
5.3151,-3.9265,11.1737,2.4890,-0.2266,-3.4691,-9.7851,-14.5472,10.1394,4.2426,-1.7300,2.6638
-0.2035,-2.0446,10.7452,2.8944,-0.3669,-3.2514,-2.4277,-8.6957,2.9401,4.2140,1.0026,1.5787
-0.8068,-0.3041,8.0924,3.2691,0.1599,-2.7150,-8.4803,-7.6878,1.1708,3.0056,4.3656,1.5954
-2.6240,1.7549,6.8977,3.5394,1.0916,-1.9706,-6.8474,-4.2928,0.4741,2.7733,-0.0261,2.5536
-3.6631,3.3136,4.6759,3.7644,1.2862,-0.9964,-7.1443,-3.0526,-0.6536,2.1999,1.3387,3.8690
-3.9121,3.4979,2.2769,3.6016,2.3465,0.3888,-4.9608,-0.2610,-2.8371,0.9675,1.5484,3.3961
-3.4357,4.2665,-0.8595,2.1826,2.5642,1.4970,-2.6240,3.0981,-4.9512,-0.5700,0.9739,2.7219
-3.1460,4.7932,-1.3024,-0.4851,2.0412,2.2387,-2.8683,3.8571,-4.7285,-2.7183,0.5613,1.4646
-1.0463,3.5865,1.0343,-3.1900,1.7179,2.3162,4.4436,4.4628,-1.8148,-4.1105,-1.0829,-0.7955
5.0230,-3.4860,-1.0965,-4.3657,-1.3674,2.5506,9.1722,-3.0813,-1.5850,-4.3657,-4.3657,-4.3657
9.2320,-6.8378,3.3471,-4.3657,-4.3657,1.4314,7.1132,-14.6645,14.8919,-4.3657,-4.3657,-4.3657
10.5201,-8.4970,19.6127,-4.3657,-0.1107,-0.4215,-7.1658,-19.6133,19.6127,-2.7618,4.3656,-4.3657
8.0325,-7.1036,19.6127,1.2760,2.2615,-4.3657,-17.1329,-19.6133,13.5440,2.4982,4.3656,-2.7306
-4.0318,-4.4676,11.6382,2.1220,-2.1741,-3.6639,-7.7021,-13.9965,4.4269,4.3656,-4.3657,1.1616
0.5124,-2.7102,8.7580,1.7396,-1.3740,-2.5547,-4.1755,-10.2280,1.4676,3.6066,1.1892,0.8344
-1.4820,-0.3591,8.1547,2.6633,2.1605,-1.7774,-8.5305,-7.6567,-1.3144,0.9670,4.3656,1.3427
-1.0056,1.7190,6.7971,2.1444,2.1657,-0.6899,-10.3310,-6.7756,2.5642,0.0127,0.5461,3.5176
-2.1907,2.6384,7.9416,2.2878,1.7492,0.2080,-4.7094,-3.4668,2.9329,0.1709,0.0909,3.9976
-0.4764,2.4756,6.2082,2.6799,2.2440,0.8386,-7.0246,-2.6959,2.8252,-0.0851,2.5291,3.2322
0.3950,2.8778,4.3958,2.3210,1.6942,0.4574,-3.5961,-0.0718,2.4062,0.0544,0.4851,2.9126
-0.8978,3.6200,3.9073,1.7645,0.9064,0.4076,-4.5226,0.5148,1.6783,0.1523,0.2487,2.4804
0.6656,3.4764,3.4764,0.6406,0.2125,0.6009,-1.7454,2.1979,2.0303,-0.1523,-0.1459,0.9971
1.6951,3.7493,3.3854,-0.5472,-0.0971,-0.0833,-3.9648,0.9218,4.1659,-0.5600,0.1676,0.1192
2.1021,2.1117,6.5817,-1.9085,-1.4881,-0.3994,-0.4046,-0.4908,7.1658,0.3521,-1.0026,-2.1710
10.7164,-0.8236,9.0884,-3.4119,-3.9042,-2.2631,-0.1197,-5.1236,12.9431,1.0156,-2.0338,-4.3657
7.9224,-2.1428,15.3420,-3.0879,-4.3657,-4.3657,-4.9344,-11.0852,17.5064,3.5393,-1.8142,-4.3657
5.7126,0.8978,18.3061,-1.0134,-4.2577,-4.3657,-12.8257,-11.5305,14.3365,4.3656,0.0362,-4.3657
0.5794,2.4565,14.4131,1.4059,-1.6731,-4.3657,-15.1888,-9.2584,8.8011,4.3656,0.9565,-2.0804
-2.9808,4.0223,8.7652,2.7788,-0.0306,-3.3926,-13.0101,-5.1715,1.1133,4.1105,0.9074,0.0484
-4.0342,5.3032,6.2297,2.3142,1.3218,-1.1670,-11.1929,-2.2122,-0.7829,1.6180,1.9625,1.8876
-2.4349,5.0853,6.7229,2.6060,3.6059,0.7739,-9.6510,-1.2953,-0.0192,-0.1318,2.7312,3.7343
-1.8771,4.3694,3.9528,2.5476,4.3656,1.6598,-5.8347,0.3519,-0.5626,-1.9589,2.4551,4.0661
-1.4748,4.5011,1.4940,1.1714,4.2369,2.0684,-2.5187,1.9585,1.5682,-2.6341,1.9068,3.6471
-1.3144,4.0270,2.0782,0.0417,3.3709,2.6380,-2.2027,3.2537,-0.6057,-2.9111,2.2619,1.9709
-0.7709,3.1149,0.7781,-1.9498,1.9207,2.6807,-0.8859,2.8587,-3.3112,-3.8092,0.2509,0.4643
-0.2490,0.9290,1.0295,-4.2722,0.1239,3.0510,2.0686,0.3376,-2.9401,-4.3657,-2.7114,-1.6029
5.0135,-2.3080,1.9345,-4.3657,-1.3984,2.8807,4.0127,-5.6216,5.1643,-4.3657,-3.7185,-3.4895
8.3749,-3.7445,9.9168,-4.3657,-0.5866,2.4646,0.0479,-10.3142,12.6725,-4.3657,-0.2218,-4.3657
8.3534,-2.3942,19.4577,-4.3657,-0.4632,0.3664,-9.4906,-14.6310,15.3636,-2.9027,3.2853,-4.3657
5.3870,-1.2665,19.6127,-0.8444,-1.2792,-0.5002,-19.6133,-17.3843,19.6127,0.8350,-0.1877,-1.3047
7.2903,-2.5379,11.7124,2.8432,-0.0870,-1.8219,-6.4284,-10.6207,11.7220,3.3177,-2.7295,1.8638
0.7685,-0.7757,9.8665,3.2639,1.6577,-2.1113,-5.7078,-9.0477,7.2736,3.0116,3.5739,1.6106
1.3910,0.0622,12.1530,4.1282,2.2581,-1.2300,-7.9440,-8.0302,6.2728,2.9880,4.3656,2.4600
0.0766,0.7087,6.7828,4.3656,2.3824,-1.8614,-7.2065,-5.3008,0.5674,3.3879,2.0883,4.1183
-3.9049,3.3088,4.3646,4.3656,1.0147,-1.0428,-5.6743,-1.5107,-0.8188,2.7395,1.1715,3.4653
-3.4477,3.8786,1.2234,4.1764,1.4886,-0.3881,-5.0925,0.9361,-3.2681,2.2873,1.9890,3.6782
-4.7932,5.7030,-0.7302,3.2953,1.5660,0.1108,-3.5147,5.0685,-7.8434,0.7918,0.7958,2.6757
-5.2026,6.6463,-5.2361,0.7169,0.9330,1.5655,-3.2705,6.9145,-8.2001,-1.7608,-0.7444,1.8373
-3.6176,5.4803,-4.3383,-2.9585,1.0700,2.2659,-0.3759,6.3734,-10.1778,-4.3657,-1.3178,0.9870
-0.9864,1.0295,-2.3679,-4.3657,0.3070,2.3883,6.9552,0.7063,-1.1588,-4.3657,-3.5368,-2.4184
9.4068,-4.2880,2.1811,-4.3657,-2.2543,1.3468,8.9711,-7.6710,10.6135,-4.3657,-2.4626,-4.3657
7.1706,-4.4915,16.4146,-4.3657,-1.1166,-0.9798,-2.8635,-14.7028,14.9973,-4.2992,3.5629,-4.3657
4.1396,-0.9385,19.6127,-3.3618,-0.3156,-3.2460,-16.6158,-18.1959,15.6054,0.6955,4.3656,-4.3657
-0.4501,-1.5706,16.2447,0.8708,-2.6205,-2.5556,-18.2702,-17.1712,10.1442,3.9438,-3.3584,-0.9329
0.1772,-2.3391,10.7931,1.8524,-0.5641,-3.1736,-7.0964,-11.6262,5.5186,3.7559,0.0867,1.2959
-1.8124,-0.6464,11.6813,3.3706,2.1634,-2.8801,-11.1163,-9.9072,2.5211,2.8370,4.3656,1.6764
-3.1412,0.5842,8.0230,3.5987,0.7103,-2.2174,-9.2751,-7.3741,-0.3232,2.5202,1.7930,4.3656
-5.5067,1.7454,6.3686,3.5614,-0.6226,-1.0433,-2.4325,-0.6704,-1.8292,3.0597,-4.1260,2.1951
-2.9521,3.2082,3.3854,3.0279,0.6487,-0.2898,-7.5633,-1.4820,-0.8236,2.0759,2.3489,2.5282
-3.8283,3.5721,1.9680,2.8023,2.0149,0.4983,-6.0358,0.6943,-4.4819,0.3504,2.9505,2.7226
-3.6583,4.6352,-0.0934,0.8203,1.8274,1.5260,-4.2713,2.8252,-3.2178,-1.4646,-1.0002,2.2492
-1.9824,4.8195,1.5658,-0.8636,2.0860,2.2343,-3.2489,3.3136,-1.4581,-2.8630,1.3254,1.3300
-0.7709,5.0111,3.1220,-2.2461,1.6674,2.2769,-3.3998,2.4277,0.2777,-3.9524,0.8323,-0.1286
1.9704,2.4229,3.3998,-4.1585,-0.6395,2.4756,1.3503,0.6728,3.2825,-4.2598,-2.5083,-1.6322
7.2185,-1.3264,3.4309,-4.3657,-3.5400,2.1088,6.4907,-3.3327,6.2489,-4.3657,-4.3657,-3.9338
9.1578,-3.9241,8.9184,-4.3657,-2.6641,1.5348,2.1093,-11.3868,11.7795,-4.3657,-2.2404,-4.3657
10.1538,-4.4101,18.7011,-4.3657,-0.2038,-0.6356,-8.2576,-17.3580,18.9094,-2.3329,4.3656,-4.3657
5.2241,-4.5274,19.6127,-0.3096,0.3461,-2.6385,-17.6620,-19.3284,17.2813,1.8507,4.2850,-2.0130
2.8826,-4.7094,13.4482,2.5975,0.0265,-2.9912,-8.3414,-13.7906,8.2696,4.3656,-2.3061,1.8036
0.4597,-2.9999,10.2424,3.8688,0.5513,-3.0153,-7.6998,-11.2791,2.4325,4.3159,2.4938,2.1590
-0.5578,-0.1820,9.2680,4.3656,1.1611,-2.2888,-8.8226,-8.0349,1.0894,3.4474,3.7222,4.2522
-3.0646,2.3248,6.0118,4.3656,1.3636,-1.1971,-5.9831,-3.0765,-2.0638,2.8448,-1.0545,4.3656
-4.5514,3.8882,2.5714,4.3656,1.8985,0.5777,-4.5921,0.4070,-2.3727,2.1661,-0.1791,4.3633
-2.0159,4.7429,-3.6559,3.9061,2.5182,1.9303,-0.8045,3.8427,-3.7757,0.1861,0.7714,4.3656
-1.1492,5.5857,-2.2051,0.5752,3.5598,2.0760,1.0104,6.7612,-3.9863,-2.3517,1.4546,2.6544
-1.1516,5.3295,-0.6464,-2.6093,2.0980,2.2940,2.5953,5.9951,-3.4429,-4.3657,0.6619,-1.0977
5.9759,-0.9529,8.5569,-4.3657,-1.2003,1.6550,1.4054,-7.0916,11.3270,-4.3657,-0.7574,-4.3657
7.3622,-3.7828,19.6127,-2.8537,-1.1840,-2.1233,-13.6853,-16.8552,18.6676,0.6150,2.0352,-4.3657
3.6895,-3.2753,18.3300,0.6273,-1.4212,-3.6280,-11.3701,-15.1912,15.1433,4.3094,-0.4048,-1.0095
1.3791,-2.6336,12.1482,2.5786,-0.7358,-4.3657,-6.1699,-11.5879,7.2808,4.3656,1.9526,-0.3540
-0.5938,-0.6752,10.0963,3.3899,-0.7486,-4.3657,-8.9639,-9.5433,2.9521,4.3656,3.6421,0.4934
-4.3383,1.2833,8.2791,4.3656,-0.3961,-4.0227,-9.8210,-6.7684,-1.2402,4.3656,1.4298,2.3491
-6.2968,3.8858,2.6336,4.3656,-0.6308,-1.9802,-8.8945,-2.3750,-7.6519,4.0242,-0.3268,3.1232
-6.6343,5.6671,0.0982,3.7699,1.0513,0.6761,-4.3886,2.3942,-8.8753,0.8268,-0.2128,3.9567
-3.2777,5.2744,-4.4173,1.7543,2.9138,3.2226,-2.7916,3.8211,-7.6423,-3.0763,0.0806,3.5326
-0.6991,3.7421,-2.6193,-2.7442,4.1370,3.9392,0.9457,2.2960,-3.6200,-4.3657,0.4214,2.0640
5.6814,-1.9178,-0.2274,-4.3657,2.1618,3.8842,5.9879,-2.9185,2.7701,-4.3657,-0.2334,-0.6907
6.4308,-4.3814,6.2297,-4.3657,-0.1363,2.8080,5.7437,-8.5186,12.8138,-4.3657,-1.5580,-4.1881
11.2120,-5.5402,16.2806,-4.3657,-0.6291,1.4356,-1.8675,-13.4051,17.0491,-3.8878,2.2087,-4.3657
8.2097,-5.2720,19.6127,-2.5895,-0.7662,-1.9145,-10.4651,-16.6660,18.6652,0.7256,3.0433,-4.3657
5.2146,-5.2744,14.2766,0.5355,-1.8762,-3.3933,-9.4212,-15.3157,12.0093,4.2465,-1.1024,-1.4000
2.0877,-3.8810,12.4379,1.6531,-2.0865,-4.2186,-5.6575,-12.4211,6.7373,4.3656,0.6017,-0.6154
1.2091,-1.4868,11.0325,2.8270,-0.7787,-3.5667,-8.4276,-10.1730,5.0087,4.2426,2.4789,0.0838
-0.4645,0.9912,8.9998,3.9267,0.1444,-2.9483,-9.0453,-7.5202,3.6775,4.2835,1.5640,2.0700
-2.2793,3.6607,6.0597,4.3288,0.7350,-1.8727,-9.6989,-4.5873,-0.0048,3.2047,1.8830,3.5629
-3.0478,4.3551,2.3367,4.2789,1.6284,0.1154,-4.5322,0.8523,-6.6391,1.4313,0.8899,4.2785
-2.3607,5.3463,-1.4078,2.3329,2.3037,1.6180,-2.1165,3.7900,-6.0094,-1.8363,0.5985,3.2219
-2.3822,5.7197,-5.6695,-0.5805,3.7297,3.0395,-0.5483,4.0223,-3.6248,-4.3657,1.2849,2.0768
2.3104,1.9441,0.1317,-4.3657,2.4821,3.5642,3.6272,2.4134,1.4509,-4.3657,0.0513,-0.1246
6.9719,-1.4796,5.2936,-4.3657,-0.3387,2.8140,5.1044,-3.6200,9.1099,-4.3657,-1.3448,-3.8247
10.5417,-3.2944,12.9071,-4.3657,-2.1043,1.8429,-1.2905,-10.7356,17.0683,-3.2338,-1.6082,-4.3657
10.4938,-3.0813,18.7203,-3.0192,-1.6776,-0.5300,-9.8306,-14.8943,19.6127,0.0715,0.7670,-4.3657
7.5920,-4.2306,15.2654,0.6718,0.1378,-3.1805,-9.6031,-15.2630,15.4977,3.3827,1.7849,-0.6209
2.4565,-3.4189,12.1266,2.6524,0.1022,-3.9863,-5.1356,-11.9016,4.9847,4.3656,2.1075,0.8835
0.4286,-1.0654,9.9838,2.8901,-0.3978,-2.8927,-8.2432,-9.1219,1.9178,3.4572,2.4873,0.8111
-0.8906,1.8603,7.7069,3.1445,0.4218,-2.3486,-8.5521,-5.8945,1.1205,2.9312,1.4101,2.7039
-2.6600,3.8307,4.8507,3.5869,0.9896,-1.2433,-7.4986,-2.3894,-1.9920,1.8703,0.9507,3.1399
-3.5745,5.0422,1.3910,2.8021,1.9424,0.6006,-8.4707,-0.5914,-3.9840,-0.2530,1.4061,3.4090
-3.3662,5.6886,0.0215,1.5250,2.8722,2.0458,-2.7557,2.6504,-4.2569,-2.2094,0.2799,3.7517
-2.4181,4.4053,0.0527,-0.4646,3.1546,3.3225,-2.5570,2.3894,-5.1140,-4.3657,0.3119,2.6552
3.5051,1.4748,0.2514,-3.4868,1.7197,3.5930,5.5713,1.2067,-1.6376,-4.3657,-2.8446,1.3547
4.6017,-1.6688,0.7374,-4.3657,0.8346,3.3083,6.7014,-3.7948,7.6016,-4.3657,-2.9124,-2.3450
8.3965,-5.3056,8.7652,-4.3657,-0.7646,2.3269,1.6281,-10.8314,18.4593,-4.3657,0.7456,-4.3657
12.1218,-6.0789,19.6127,-4.3657,-0.8094,0.0605,-4.7142,-14.2814,19.6127,-0.1673,2.8980,-4.3657
8.2361,-6.1100,19.6127,0.5562,-0.7512,-4.0460,-11.3940,-17.2957,13.9127,3.7134,2.5915,-3.3633
1.0247,-4.2760,13.6039,1.9529,-1.7472,-4.2522,-10.4938,-15.6413,6.6200,4.3656,0.0927,0.0476
0.0958,-1.6065,13.5943,2.5559,-1.1455,-3.0771,-8.7221,-11.5831,4.6998,4.1821,1.1826,1.8528
-0.2203,1.0056,9.8952,3.9920,0.8107,-2.4388,-9.8019,-7.3909,2.3894,3.0084,2.0524,2.9042
-2.6097,3.8307,6.0214,4.1735,1.4991,-1.1355,-7.9583,-3.1484,-0.1293,2.1197,0.7572,3.9167
-3.0789,4.7333,2.2098,3.7474,2.3786,0.6047,-4.5586,1.4222,-5.1260,0.3340,0.9301,3.6303
-0.9122,4.6400,-1.9800,1.7569,2.7483,1.9709,-2.6097,2.8252,-2.1045,-1.9268,0.4173,3.4404
-1.7262,5.4851,-1.7023,-0.5425,3.0682,2.4088,-1.3527,4.0677,-3.3112,-3.6296,0.5637,2.5273
-0.8739,2.9592,-0.0742,-2.7438,2.8542,3.0407,-0.5243,2.3104,-4.6639,-4.3657,0.5498,1.0950
5.2385,-2.1883,0.1389,-4.3657,0.0446,2.5313,8.9184,-2.1763,5.4708,-4.3657,-3.5011,-1.7391
8.3390,-4.6543,9.5409,-4.3657,-2.3732,2.0592,4.2641,-10.1849,13.1298,-4.3657,-1.6705,-4.3657
12.0883,-4.9943,19.3044,-4.3657,-1.1349,0.3544,-4.8411,-16.0100,19.6127,-1.9131,3.5193,-4.3657
10.7667,-5.9496,19.6127,-0.6428,-0.7003,-3.4232,-12.7850,-17.9302,19.0291,2.5937,2.9444,-3.2402
3.7996,-5.9616,13.4099,1.6935,-0.5917,-4.3657,-5.6527,-15.1529,11.3030,4.3656,-0.3912,-0.6919
1.1779,-4.1252,11.2934,2.6001,-0.5865,-4.3657,-3.9744,-12.2655,4.3742,4.3656,3.8065,-0.5192
-0.2610,-1.3671,9.6438,3.0939,-0.4427,-4.3236,-9.2584,-9.6630,0.8045,4.3656,3.8533,0.7149
-3.1508,2.1668,7.8889,3.8095,0.2128,-3.0780,-10.1897,-6.2537,-0.2801,3.9548,0.5502,2.6108
-4.8243,4.5466,4.4987,4.3656,1.1521,-1.2612,-8.2911,-2.2769,-3.6727,2.6043,1.1012,3.8401
-4.7716,4.8028,-0.0790,3.8841,2.7680,0.8771,-4.2306,1.4796,-6.3351,0.1404,1.0124,4.3656
-2.8850,4.5370,-2.4445,1.5366,3.1598,2.8651,-2.4062,2.5905,-5.2361,-3.1393,0.2738,4.1022
0.5507,2.7198,-3.2585,-2.0358,2.8366,3.6373,1.8842,2.9951,-2.5115,-4.3657,0.0565,2.7701
0.6057,0.5674,0.5938,-4.3657,2.1917,2.9026,8.7604,2.6049,3.9983,-4.3657,-0.5488,-0.8767
7.3909,-3.9696,2.7366,-4.3657,-0.2511,2.8312,6.2776,-5.1715,3.7110,-4.3657,-0.0438,-4.3657
10.9607,-7.2018,12.7036,-4.3657,-2.6016,1.0457,1.7789,-13.8457,18.2606,-3.6958,-0.7100,-4.3657
11.0756,-6.1124,19.6127,-4.3657,-1.9171,-1.9137,-12.8856,-19.5319,19.6127,0.6351,2.6837,-4.3657
6.0693,-5.0302,19.3332,1.0655,-1.5831,-4.3280,-14.3939,-18.9956,18.0690,4.2022,0.4461,-1.0003
2.9928,-3.9097,11.7986,3.1905,-0.1454,-4.3657,-3.9624,-13.5512,8.2337,4.3656,0.2354,1.1381
0.0646,-0.4453,10.2807,4.3341,1.0740,-3.2691,-9.0381,-10.3597,1.6951,4.0905,4.3656,1.8915
0.9481,1.7286,10.1514,4.3656,1.6355,-1.8710,-12.1985,-9.1243,4.0414,3.0719,3.2471,4.3656
-0.5866,3.1484,5.8131,4.3656,3.5038,-1.6012,-6.8259,-5.3965,-0.2945,2.2020,1.2926,4.3656
-2.4325,4.0989,2.1548,4.3656,3.2330,-0.0914,5.0182,3.0861,-0.7829,2.2703,0.1130,4.3656
-1.4246,5.3630,-1.9609,3.8108,3.5586,1.0777,0.9146,6.5242,-4.6424,0.6511,3.9238,2.3323
-0.7733,6.6607,-3.3830,0.8479,3.2255,1.5791,-0.0096,8.3366,-4.7118,-1.8018,3.1173,0.4066
-0.1963,5.9855,-2.7581,-2.8045,1.3900,1.4657,-1.5299,5.9831,-4.2090,-3.5308,-0.9330,-1.2757
0.5842,2.9090,-0.5124,-4.3657,0.1623,1.5495,1.6664,2.4804,-1.9561,-4.3657,-1.4722,-2.8498
2.2410,-0.6895,1.0774,-4.3657,-0.6411,1.3740,5.1763,-3.0718,2.3463,-4.3657,-2.8161,-4.3657
6.0645,-2.7246,8.6000,-4.3657,-2.6047,1.2501,1.2043,-9.7851,10.4986,-4.3657,-2.0661,-4.3657
9.6893,-3.2633,18.6987,-4.3657,-2.8448,0.0421,-3.9480,-15.8041,19.6127,-1.2108,-0.6455,-4.3657
12.4475,-4.3311,19.6127,-0.5221,-2.5555,-3.0553,-14.8848,-19.6133,19.6127,4.0488,2.6885,-4.3657
8.2672,-5.0446,13.7882,2.8357,-1.4041,-4.3657,-7.0318,-15.9693,14.5017,4.3656,1.5147,0.9694
1.5203,-2.1452,10.1514,4.1807,-0.7270,-4.3657,-2.7294,-11.2958,4.6591,4.3656,2.6203,1.0824
-2.1548,2.5283,8.5186,4.0141,-0.2188,-4.3657,-9.0285,-7.0916,0.8140,4.3656,4.3656,1.1770
-3.3375,5.3486,6.3015,4.3368,1.8271,-3.0501,-11.7603,-4.1803,-1.8699,3.5148,2.9215,3.2845
-5.6838,6.8642,1.4748,4.2256,3.3702,-1.1691,-5.1164,1.6161,-7.9104,1.1489,2.0439,4.3656
-5.9975,6.8331,-1.9321,1.9744,4.0882,1.4552,-5.2433,3.0670,-5.8490,-2.5584,2.2308,4.3656
-4.9895,6.2537,-1.7190,-0.0561,4.3656,2.8269,-2.1524,4.8411,-3.7757,-4.3657,2.2914,2.7817
-3.2394,4.5514,0.4573,-2.2407,4.3656,3.4777,0.6584,4.6136,-4.0917,-4.3657,2.8442,-1.0074
2.7581,2.3798,0.1987,-3.9699,2.7520,3.2876,-1.3743,1.2737,4.0199,-4.3657,0.5618,-2.5314
9.9671,-0.9385,13.3501,-4.3657,-4.2210,-1.8503,-3.4477,-10.2999,16.6086,0.6683,-0.8343,-4.3657
3.9073,-0.4788,15.6078,0.7386,-2.2191,-4.3657,-13.0819,-15.5886,13.0628,4.3656,2.8404,-2.4008
0.0383,0.6201,10.9152,2.6709,-1.3374,-4.3657,-8.8274,-10.8601,3.5674,4.3656,2.4944,0.6654
-0.4381,2.8730,8.5353,3.2146,-0.6552,-3.8421,-10.6638,-8.1906,2.6767,4.1186,2.5607,2.8066
-1.8531,4.9488,9.1387,3.5161,-0.1066,-2.7980,-5.9687,-2.5307,2.2577,3.9583,0.5965,2.5163
-0.7829,6.3255,4.4484,3.1885,0.5007,-1.7368,-11.0492,-1.9417,1.3360,2.1853,2.2775,3.0158
-2.9305,7.7309,3.9097,2.1408,1.9056,-0.1452,-7.9583,1.5275,-2.1596,-0.1877,1.3630,3.0295
-3.6895,8.4683,2.1644,1.4438,3.8728,1.3214,-7.7740,2.6504,-1.5083,-2.4175,1.7004,3.5042
-4.4508,6.9935,0.1820,0.3836,4.3656,3.0253,-7.3909,2.4325,-2.3320,-4.3657,3.0646,3.3263
-3.8954,5.3798,0.5626,-1.6898,4.3656,3.4817,-6.0454,1.2641,-1.4246,-4.3657,3.8674,2.9469
-3.3016,2.9616,3.4764,-3.1105,4.3656,3.4283,-3.8211,0.5650,-0.7733,-4.3657,3.7663,1.1449
-0.5818,1.2402,4.7190,-4.0125,3.4836,3.0854,-1.6975,-0.2251,1.3743,-4.3657,0.5068,-0.4309
2.2314,0.8835,6.2106,-4.0682,0.5761,2.2932,-0.8212,-1.9417,8.3007,-3.7351,-2.1241,-2.8114
6.5218,0.5148,9.3158,-3.5057,0.0608,0.9112,-3.2825,-4.4843,9.2201,-2.0603,0.5925,-4.3186
3.6799,1.4030,13.5009,-1.7501,-1.5335,-1.4670,-6.6966,-7.3143,15.1074,1.2732,0.5052,-4.3657
7.3406,1.0798,12.4594,-0.4187,-3.6000,-2.6690,-10.5249,-9.4308,10.0940,3.9542,-0.1399,-2.5474
3.2705,0.2873,15.9502,0.7493,-4.3657,-4.3657,-6.8211,-9.7659,13.6685,4.3656,-1.2353,-2.1350
-0.1101,1.2641,13.5009,3.0618,-4.3038,-4.3657,-10.0221,-10.0772,6.9288,4.3656,1.2918,-2.0527
-1.4317,2.5833,8.8609,3.5910,-4.3657,-4.3657,-10.6590,-7.8075,4.0247,4.3656,0.1162,-0.1633
-4.7597,5.9209,4.3000,3.4735,-3.9634,-4.1456,-10.7955,-3.5626,-1.6592,4.3656,-0.4770,1.0589
-4.6471,7.9607,2.0423,2.6229,-1.2716,-1.8622,-10.1059,0.3615,-3.8379,3.0321,0.5143,1.4997
-3.2801,8.3438,0.7350,1.6221,1.1090,-0.3512,-11.0061,0.5267,-0.6991,-0.1490,1.5255,2.5423
-3.4572,8.1786,2.8347,0.9587,3.7192,1.2975,-7.2544,2.3942,-0.3232,-1.9737,1.7905,3.7898
-3.2034,6.7564,1.7286,-0.0213,4.3656,2.5407,-4.1587,3.5841,-1.5778,-4.3657,3.2783,3.2929
-1.2186,5.7940,2.9281,-1.7235,4.3656,2.6534,-7.2185,1.9010,1.0942,-4.3657,4.1110,2.6213
-3.5578,8.0661,5.0446,-1.7083,4.3656,2.5234,-7.1970,4.9919,2.8874,-4.3657,2.3230,2.7412
-3.3351,5.6503,6.5505,-3.3179,4.3118,2.2115,-6.2752,1.7454,1.1995,-4.3657,1.5323,-0.2521
0.1891,5.3846,8.1068,-3.0746,1.3364,2.2819,-6.9168,1.0989,4.3694,-3.9427,1.1584,-1.4674
4.1180,4.4532,5.8586,-2.4665,-0.1809,1.5262,-4.3934,0.7997,6.1794,-2.1755,-1.9267,-1.7782
4.3335,4.1180,6.7756,-2.4894,-1.5803,0.3006,-1.2306,0.8715,9.2775,-0.6916,-2.3486,-3.2736
8.1020,2.4277,7.6950,-3.3458,-2.1502,-0.9900,-1.9561,-2.1787,10.6303,0.0799,-0.1636,-4.3657
5.9233,1.4653,7.9703,-3.2634,-3.7575,-2.2833,-3.6631,-3.4836,10.0940,1.5444,-1.1684,-4.3657
5.5186,0.6105,11.2647,-4.1506,-4.2594,-3.5382,-2.6408,-6.6176,11.9327,2.2949,-2.0053,-4.3657
5.1260,-0.5124,13.9534,-2.3329,-3.0194,-4.3657,-6.4524,-10.7787,12.8305,3.6408,2.1501,-4.3657
2.2170,0.5770,14.2886,-0.3616,-3.0461,-4.3657,-13.7284,-13.2830,9.8497,4.3656,2.1333,-3.6038
0.9290,1.0942,11.0875,1.0593,-1.6890,-4.3657,-8.7676,-9.1530,5.6240,4.3656,0.4915,-1.2889
-1.5227,3.2657,8.1762,1.9530,-0.2898,-4.0586,-9.5553,-6.8833,2.6719,3.8392,2.9000,0.1659
-1.0606,5.0422,7.5130,2.9072,0.9871,-2.0661,-11.2360,-5.2768,2.0638,2.5895,2.6315,1.9056
0.2107,4.8483,4.9249,3.4248,2.1843,-1.2596,-7.3430,-3.0023,2.2027,1.5528,1.8956,4.3656
-0.8882,5.6024,6.0789,3.5811,3.0935,-0.3488,-5.5498,-0.7326,2.7557,1.1126,2.8533,4.2406
-0.8811,6.0789,2.7940,3.8272,3.1495,-0.0521,-8.0349,1.0223,-1.0534,0.0208,3.1396,4.3325
-3.2848,8.2432,-3.1675,2.3218,3.8641,0.6283,-2.4900,6.0525,-4.4724,-1.7499,0.6571,4.1695
-5.3750,7.7764,-1.9537,-0.4964,4.3656,1.7389,-3.8858,5.7892,-2.1380,-4.1374,3.0212,2.5343
-2.3631,5.6551,-0.5507,-3.3366,4.3656,1.6870,-5.2289,3.4429,0.7470,-4.3657,3.2504,0.5845
-2.9521,3.9816,6.8378,-4.3657,4.3656,1.5422,-4.8219,2.2793,1.3815,-4.3657,4.3656,-1.1907
0.7470,2.6073,7.2736,-4.3657,0.7785,1.2816,-2.4469,0.5363,1.9058,-4.3657,0.8629,-3.6545
2.1428,2.1404,8.7939,-4.3657,-2.4869,0.5120,-4.5610,-3.3255,8.1499,-2.0351,-4.3657,-4.3584
3.8211,1.0439,9.9790,-4.2794,-2.7571,-0.7969,-3.8475,-4.3670,8.4228,-0.6030,-0.8779,-4.3657
2.2482,0.6249,10.7739,-3.9526,-2.9328,-1.7680,-6.4811,-8.0086,9.0477,0.2936,-1.0990,-4.3657
3.1053,0.4429,18.3300,-1.9164,-2.6283,-2.5564,-13.3405,-12.4283,13.5488,2.2392,1.0271,-4.3657
1.8172,-0.8021,13.7930,1.0653,-1.9075,-4.1191,-11.5544,-12.0428,9.7875,4.3656,0.3391,-1.6859
-0.0359,-1.1420,11.4467,1.7587,-1.2769,-4.3657,-6.7421,-9.5553,6.5529,4.3656,0.9916,-0.8092
-0.2682,-0.2155,10.4698,2.6320,-1.1894,-4.3657,-7.9080,-9.0333,4.7764,4.3656,2.9802,-0.5708
-1.9680,1.1875,8.7197,3.3099,-1.0491,-4.3657,-9.2847,-7.3502,1.3240,4.3656,1.4586,0.3500
-2.0111,2.6480,6.5290,3.2527,-1.2661,-3.8678,-7.5441,-4.1013,0.6153,4.3656,1.2153,1.0215
-4.7692,4.8052,5.5330,3.7353,-0.4258,-2.9627,-9.5146,-2.6576,-0.8068,4.3112,1.6513,1.2168
-4.3287,5.7557,3.4907,3.5699,0.2140,-1.6995,-9.9359,-0.3855,-3.6751,2.9536,1.2625,1.9861
-5.1427,7.1371,1.1899,2.8918,0.6037,-0.2911,-7.8937,2.2338,-4.0390,1.1843,0.2682,3.1260
-4.1108,7.5178,0.7709,1.8632,2.0314,1.0818,-5.9209,4.4245,-3.0239,-0.6676,0.5188,2.2892
-4.3814,8.9088,-0.6177,0.8268,3.1642,1.9697,-9.7588,3.6009,-4.3886,-2.9548,2.2723,3.0916
-5.5162,7.8769,-1.8579,-0.7290,4.3656,3.4527,-5.9807,4.0869,-3.9145,-4.3657,0.2665,3.4544
-4.2904,6.0454,-1.1899,-2.5824,4.3656,4.2313,-4.4772,2.9185,-1.4485,-4.3657,2.2168,2.8674
-3.1196,3.6200,1.5826,-4.2152,4.3656,4.1572,-4.1013,0.9050,-0.1077,-4.3657,3.4164,1.1922
-1.8292,1.9992,2.8180,-4.3657,4.3656,3.5011,-4.9656,-1.4054,3.6536,-4.3657,2.4072,-0.1487
-0.1173,0.4190,8.5784,-4.3657,3.3131,2.7598,-2.9281,-2.0351,8.0302,-4.3657,1.9676,-1.8566
2.9880,-0.1628,15.0954,-4.3657,1.3570,1.6795,-5.4899,-5.3798,10.9223,-2.9411,1.4244,-4.3657
7.3454,-0.8308,16.3452,-2.8607,-1.3444,-1.4059,-8.4922,-8.2217,13.1202,0.7145,0.6494,-4.3657
3.9816,-2.0016,15.7945,-1.2991,-4.0613,-4.3657,-7.0485,-10.3837,15.0907,4.3656,-1.8373,-4.2834
2.0279,-1.5155,15.2247,0.3493,-4.3657,-4.3657,-8.0206,-12.3948,10.1873,4.3656,-0.0413,-4.3657
0.9050,-1.7334,12.2823,1.2744,-4.3657,-4.3657,-9.7755,-12.9718,7.0916,4.3656,0.7228,-3.3758
