-0.9002,-3.9049,13.1777,-1.9913,1.6125,4.3656,-5.8179,-12.1194,10.0772,-4.3657,-1.3748,3.2419
1.1827,-4.3024,13.2663,-0.5227,2.3479,4.3656,-4.5993,-11.3844,12.3661,-2.9708,-0.1459,3.2627
1.6592,-3.5338,11.2360,1.0377,2.4645,3.0287,-6.2058,-9.9407,9.2632,-0.8863,1.2529,3.8540
0.7542,-3.0598,12.9742,2.0526,2.2692,1.7845,-3.7517,-9.0285,9.5361,0.5372,0.9891,3.8997
-0.3807,-1.9585,12.6534,3.7966,1.4766,0.9862,-4.9512,-8.1307,8.3414,2.4982,1.2738,3.0146
1.0223,-1.9680,11.2073,4.3656,0.1564,0.3155,-5.3870,-7.4220,7.8434,4.0777,0.6514,2.7499
0.5986,-0.5986,9.2823,4.3656,-1.7877,-1.0837,-4.6663,-5.5976,6.4069,4.3656,-1.2454,2.2547
-0.7446,1.1133,7.6806,4.3656,-2.8513,-1.9063,-4.7333,-2.7174,4.0007,4.3656,-1.4115,0.9836
-1.5874,2.8970,4.1875,4.3219,-4.3657,-1.9893,-3.0382,-0.1197,2.4828,4.3656,-3.0502,0.6279
0.5770,4.4891,3.7469,2.7452,-4.3657,-1.9482,-3.7421,3.3806,-0.3831,4.3656,-3.8484,-1.4133
-1.9130,6.0645,0.6728,1.8883,-3.6223,-2.4878,-2.7701,5.9280,-1.1756,3.4272,-2.2765,-2.5226
-1.3360,6.6439,-0.8164,-1.2187,-3.1864,-1.2184,-1.8962,6.5410,-2.7078,0.4461,-2.2775,-3.0247
-0.2107,5.7485,0.5818,-3.2623,-2.8667,-0.8769,-0.4645,3.8235,-0.2155,-2.2399,-3.4003,-3.9845
0.5602,4.5969,2.5594,-4.3657,-1.0766,-0.0474,-3.5817,-0.6009,3.6751,-4.0324,-1.0998,-3.7477
-0.3759,3.5434,5.5115,-4.3657,-0.6831,0.4278,-6.3351,-3.2250,4.3814,-4.3657,-0.0845,-2.9764
-0.0814,2.2218,8.4587,-4.3657,-0.8791,1.3784,-7.5824,-5.1643,3.8954,-4.3657,-2.2282,-1.5945
-0.3160,0.7853,8.3869,-4.1961,-0.8192,2.1462,-5.7269,-7.5369,6.3135,-4.3657,-3.1614,-0.0886
-0.2873,-0.8092,10.5010,-3.3231,0.1559,3.1364,-6.0789,-9.5840,8.2791,-4.3657,-1.1159,0.9348
-0.7566,-1.8364,11.3820,-2.0632,1.0933,3.6993,-7.5393,-10.4220,7.1371,-4.1440,-0.8186,2.1718
-1.1827,-3.3519,10.1801,-1.1755,1.6221,4.2944,-6.5146,-10.9511,5.2792,-3.8050,-1.2288,3.7478
-0.9744,-4.2928,10.3310,-0.6564,2.1972,4.3656,-6.2153,-12.1793,7.4723,-3.7732,-0.4915,4.3656
-0.6895,-4.3311,13.0149,0.2353,2.9152,4.3656,-6.2297,-12.2703,9.7396,-2.4780,0.6057,4.3656
0.2825,-3.9792,12.5743,1.7187,2.9874,4.2621,-5.7221,-11.0205,10.0580,-1.1570,1.0904,4.3656
1.2282,-3.0694,12.6510,2.7392,2.0847,3.3189,-3.2322,-8.9950,9.6199,0.5861,0.2671,4.3656
2.2482,-2.0973,10.8625,4.0821,1.1093,1.5837,-3.1939,-7.4005,9.0740,2.8156,0.6821,4.1931
1.1277,-0.9577,10.2855,4.3656,-0.7541,-0.0366,-2.1141,-4.1013,5.1715,4.3656,-0.4554,2.3575
1.4748,-0.5028,9.0405,4.3656,-2.7572,-1.1880,-3.2848,-2.9305,6.4189,4.3656,-2.0544,0.6728
1.1277,-0.4549,9.4403,4.2178,-4.3657,-3.4287,-0.4238,-0.4669,4.6711,4.3656,-3.8149,-1.9514
-2.6815,2.0518,0.2969,2.6506,-4.3657,-4.0721,-0.4741,1.8316,0.7877,4.3656,-4.3657,-4.2174
0.3400,4.7549,1.4006,-0.5728,-4.3657,-3.8079,-3.6823,1.5921,1.5993,3.3999,-4.0902,-4.3657
-2.0590,5.5929,3.4860,-1.7300,-4.3657,-3.7178,-2.8563,1.9800,0.5507,1.3439,-2.4220,-4.3657
-2.2505,6.3446,1.1420,-2.8429,-3.0323,-1.8454,-6.5290,0.5363,1.9609,-1.1692,-3.1176,-4.3657
-0.4836,4.5155,4.4388,-4.0799,-0.7422,-0.6546,-8.0493,-1.8986,3.5123,-2.8265,0.2902,-3.3891
-1.7597,3.2705,6.6750,-4.0341,-0.1503,0.7145,-8.6694,-3.6895,2.2913,-3.6551,0.2667,-1.7618
-2.3391,1.7166,7.7357,-3.9672,-0.1192,2.4804,-7.8027,-6.5027,3.3495,-4.3657,-3.2205,-0.0368
-1.4293,-0.3112,9.7707,-3.2872,1.0194,3.5850,-7.4651,-9.1315,6.7636,-4.3657,-0.9328,1.4918
-1.5802,-1.7286,10.4267,-2.3954,1.6760,4.3656,-7.9248,-10.3382,6.0238,-4.3657,-0.6466,2.9817
-0.6057,-3.7038,9.8881,-1.7620,1.8299,4.3656,-4.6759,-10.8697,6.0717,-4.3657,-1.8767,4.0790
0.2777,-4.5442,10.7524,-1.2067,2.3754,4.3656,-3.2513,-10.9391,8.3079,-4.0687,-0.1367,3.8776
0.5866,-4.0965,12.2775,-0.2112,2.3001,3.9122,-5.6312,-10.8386,9.9048,-2.6716,0.6591,3.8933
0.5722,-3.0047,13.4339,1.1811,2.2358,2.9640,-5.8993,-10.6734,12.3038,-0.7614,0.4590,4.2090
1.2881,-2.9113,13.4051,3.0491,1.7962,1.8711,-5.9352,-9.5792,11.0732,1.5477,1.5617,3.9845
1.3168,-1.9992,12.9071,4.3656,0.3254,0.4563,-4.2306,-8.1307,8.7436,3.6143,0.3561,4.0249
1.3360,-2.1691,9.8881,4.3656,-0.4806,-0.7115,-4.7525,-6.7947,6.3638,4.3656,-0.5518,2.8606
1.6640,-1.3599,10.2352,4.3656,-2.1972,-2.1571,-2.5714,-4.3551,5.9041,4.3656,-1.1659,1.4261
-1.5993,0.0694,5.9687,4.3656,-4.3657,-3.0672,-2.1691,-1.6424,1.7502,4.3656,-2.9695,0.4446
-0.4238,4.4365,3.4596,1.1437,-4.3657,-3.5396,-3.2753,3.1196,1.9609,3.8433,-2.6672,-4.2900
-2.4565,6.6080,1.2163,-0.6250,-3.5170,-2.5354,-2.3128,5.3391,-2.1117,1.5140,-2.8284,-4.3657
-1.7933,6.0286,-0.0192,-2.3020,-1.8111,-1.3027,-4.3527,2.6671,0.0431,-1.4883,-1.4145,-4.3657
-1.9082,5.1691,2.8395,-4.0272,-0.4298,-0.2631,-7.4962,-0.2322,1.0942,-3.2735,0.6738,-3.6941
-2.4876,3.7828,5.8849,-4.3657,-0.3231,1.1179,-9.4667,-2.8228,1.2450,-4.3657,-1.0579,-2.2300
-2.1763,1.8172,7.5585,-4.3657,-0.2398,2.4946,-7.6303,-5.7844,3.1125,-4.3657,-2.8823,-0.3804
-0.1293,-0.4621,8.0062,-4.1423,0.1743,2.9107,-5.5952,-8.2672,6.4548,-4.3657,-2.1963,1.0517
-1.5538,-1.5802,10.4387,-3.2642,0.8198,3.3112,-6.0382,-9.6534,7.3406,-4.3657,-1.2736,1.6378
-2.3320,-2.3990,11.3174,-2.0975,1.2428,4.1875,-8.6838,-11.1498,6.8809,-4.3657,-0.8871,2.6520
-2.2529,-3.8331,12.0213,-0.8640,2.3398,4.3656,-8.6981,-12.0835,8.1810,-3.8133,-0.2967,4.0691
-0.3136,-4.1755,12.6988,0.3263,2.9852,4.3656,-5.4899,-11.6286,10.3334,-2.6152,0.4485,4.3656
0.1508,-2.9999,13.3692,1.7868,2.9139,3.4821,-4.9584,-10.0078,10.6063,-0.6534,1.4890,4.3656
0.2610,-2.4301,13.0077,3.1829,1.9554,2.4399,-4.8746,-8.1451,8.6263,1.2895,0.8428,4.3656
-1.7430,2.4852,4.7836,4.3656,-2.6436,-0.5822,-4.4724,0.5195,3.2777,4.3656,-3.3285,1.9390
-0.7853,5.4899,2.2386,2.1342,-4.1506,-2.2461,-2.2386,5.9999,0.9146,3.9410,-3.1668,-1.7460
-2.0662,6.4452,0.9409,0.5802,-4.3657,-2.6107,-0.9002,6.4356,0.2538,2.6838,-3.8888,-4.3016
-1.7262,6.0478,0.6632,-1.5431,-4.3657,-2.5310,0.0359,5.2265,0.0646,1.1774,-3.5826,-4.3657
-1.7071,6.2776,0.1293,-2.8448,-4.2641,-2.1541,-4.0534,1.9082,2.0877,-0.7409,-3.5370,-4.3657
-1.8675,5.8035,1.9082,-4.1394,-2.5326,-1.8295,-7.6447,-0.1604,2.9449,-1.8213,-0.8251,-4.3657
-4.1180,4.8626,5.2816,-4.3657,-1.3699,-0.8431,-8.5305,-1.6017,-0.0335,-2.9627,-0.6007,-3.2145
-4.4029,3.8978,6.7947,-4.3657,-0.8918,1.2737,-9.6079,-4.7190,2.0375,-4.3657,-2.4276,-2.6312
-3.4812,1.1181,7.1850,-4.1463,0.2233,2.6416,-10.4722,-7.5369,3.5961,-4.3657,-1.0172,0.1527
-3.9576,-0.9313,7.6998,-4.0975,0.7885,3.7927,-7.1658,-8.8945,1.8890,-4.3657,-1.8570,1.7634
-3.5937,-2.9712,10.0820,-3.7948,1.0130,4.3656,-6.8905,-11.0421,3.7685,-4.3657,-1.9366,2.3846
-2.3391,-4.8985,11.1785,-2.7346,1.8006,4.3656,-6.5601,-12.5145,6.2106,-4.3657,-1.2264,3.2603
-0.9529,-5.2002,12.1697,-1.6642,2.1762,4.3656,-7.2305,-12.9933,9.5624,-4.1881,-0.5500,4.0641
-1.7406,-3.9337,13.8600,0.0116,2.3771,3.8188,-6.7852,-11.8106,9.9982,-2.2821,0.4020,4.3656
-0.4645,-3.3279,13.3932,2.1456,2.5265,2.9934,-7.2329,-10.7476,10.3142,0.0843,1.1371,4.3656
-0.4046,-2.8156,13.4267,3.6388,1.3268,1.8957,-5.1332,-8.6766,8.2241,2.1365,0.5911,4.3656
0.6129,-2.3966,10.9367,4.3656,-0.1845,0.7035,-5.9017,-7.2065,6.5003,4.2098,-0.4454,3.6916
-1.7909,0.9481,7.6327,4.3656,-2.8213,-1.1619,-4.5442,-0.5435,1.0702,4.3656,-2.9259,1.0777
-1.3743,2.6959,6.5194,3.3484,-4.3657,-3.2107,-2.2721,3.0813,2.8898,4.3656,-4.3023,-2.2168
-3.7302,4.9488,1.5299,2.6386,-4.3657,-3.3031,-5.1595,4.1707,0.8691,4.3656,-4.3657,-3.3116
-3.4764,6.2800,0.5219,0.2032,-4.3657,-2.8857,-3.1005,5.3079,-0.4070,2.6168,-4.3657,-3.7944
-1.9800,6.3231,0.6847,-3.1055,-1.8654,-0.7683,-4.9225,1.9776,2.2577,-2.3077,-0.4735,-4.3657
-1.9800,5.0326,2.7485,-4.3657,-1.3193,0.3341,-7.2999,-0.3567,1.4988,-3.4117,-0.7333,-2.8509
-1.8148,3.6200,6.0166,-4.3657,-1.0797,1.7309,-7.1084,-2.7533,1.7119,-4.3657,-2.3134,-1.6298
-1.7119,2.1332,6.7732,-4.3657,-0.3493,2.7855,-7.2065,-5.8395,4.5610,-4.3657,-1.8219,-0.4064
-2.0446,-0.1077,8.7724,-4.3164,0.3531,3.9897,-8.2432,-8.8202,4.6663,-4.3657,-1.4721,1.3679
-2.4134,-2.3966,10.7236,-3.3658,1.0596,4.3656,-7.4077,-11.4970,5.4875,-4.3657,-1.9987,2.8481
-0.7925,-5.2936,10.4028,-2.3447,2.1265,4.3656,-5.6240,-12.9239,6.9719,-4.3657,-1.1674,4.1936
0.8835,-6.5386,11.5855,-1.8405,2.3382,4.3656,-3.0095,-12.9311,9.9072,-4.3060,-0.3365,4.2129
-1.0056,-5.1475,15.6533,-0.0472,2.5895,3.8419,-6.7397,-12.7252,12.1554,-2.0956,1.2376,3.6515
0.1772,-3.9648,14.3030,2.1270,2.5976,2.8717,-8.4372,-11.2336,9.6295,0.1260,1.5242,4.3656
-1.6855,-3.0909,13.4985,3.7724,2.3882,2.0422,-6.8953,-10.6015,8.8394,1.5736,0.5027,4.3656
-0.2203,-2.5426,12.2799,4.3656,2.2204,1.6686,-4.2449,-8.2001,6.6559,3.3991,1.0027,4.3656
1.3072,-1.7693,9.3134,4.3656,0.8998,0.1891,-1.4078,-5.5210,6.9240,4.3656,-0.1286,3.5064
1.9441,-0.8045,8.2480,4.3656,-1.6748,-1.2501,-1.6759,-1.4150,3.2681,4.3656,-0.3631,1.0904
-1.1013,1.4078,6.1052,3.9619,-4.3657,-2.4714,-2.7509,1.2857,1.0918,4.3656,-3.1235,-1.5480
-1.4150,2.9305,2.6839,2.4708,-4.3657,-3.6906,-4.6495,2.0135,2.1476,4.3656,-4.3657,-2.3888
-3.3615,4.5250,4.6256,1.2504,-4.3657,-3.8084,-3.6703,2.3080,3.4261,4.0203,-4.3657,-3.7098
-3.7445,5.9400,2.8683,0.4323,-4.3657,-2.8489,-3.8595,3.3184,1.4653,2.5405,-2.8566,-4.2758
-1.7813,5.4731,1.0989,-1.0785,-2.9577,-1.7634,-4.3335,2.8132,1.1013,0.4703,-1.1732,-4.3291
-1.5012,4.1132,1.7142,-2.8523,-2.7050,-1.2741,-4.2401,1.2210,0.1604,-1.1596,-1.5637,-3.8812
-1.7478,3.5051,3.7326,-4.1776,-2.2664,-0.4553,-4.1635,-1.1779,1.5443,-3.1050,-2.4531,-3.5726
-2.4062,2.9497,7.6806,-4.1986,-0.7830,0.8363,-9.4547,-5.2050,4.4388,-3.9386,-0.1126,-2.6774
-3.2753,1.1037,7.8290,-3.9616,-0.7949,2.2645,-10.5153,-7.0940,2.6217,-4.3198,-1.2027,-0.1970
-4.1899,-0.5004,9.9766,-3.4179,0.0060,3.9111,-9.2320,-9.5984,3.9959,-4.3657,-3.4739,1.5711
-2.8012,-2.4732,11.2623,-2.0939,1.9228,4.3656,-8.5449,-11.7364,8.3725,-4.3657,-0.5441,3.2383
-1.1851,-4.5346,9.8497,-1.5739,2.4185,4.3656,-6.2106,-11.3796,6.2034,-4.3657,-0.5469,4.3656
0.3304,-5.2720,10.6781,-1.2482,2.4521,4.3656,-5.1236,-11.9423,7.9320,-3.9809,-0.4293,4.3656
-0.2274,-4.4077,13.2519,-0.0252,2.9703,4.1583,-6.1699,-11.5353,11.3485,-2.4986,1.4878,4.3656
0.2011,-3.5554,13.2519,1.5423,2.4765,3.1769,-4.3958,-8.8035,8.9088,-0.7262,0.6432,4.2842
0.0144,-2.2625,13.1944,3.0732,1.8983,2.2651,-6.4500,-8.0924,9.0764,1.2740,0.7815,4.0288
0.3903,-1.5107,12.0524,4.3656,0.8388,0.8046,-7.7333,-8.5497,10.1849,3.2550,0.3714,4.3656
0.4238,-0.8284,10.2208,4.3656,-0.1427,-0.1430,-1.0199,-4.1300,4.4341,4.3656,-1.6490,3.1364
-0.0168,-0.3160,9.4020,4.3656,-1.9168,-1.0782,-5.7269,-4.3886,8.2169,4.3656,-0.9741,1.0607
2.5355,0.8045,3.5506,4.3656,-4.3000,-2.1369,-3.3782,-1.1875,2.3583,4.3656,-2.4317,1.2851
-3.9073,3.6823,3.6512,4.1043,-3.2875,-3.6814,-3.6129,4.4460,-4.5562,4.3656,-2.8382,-1.4914
-5.5857,5.6958,3.0718,2.4837,-4.3657,-2.7514,-5.1667,6.1818,-3.2154,4.2503,-2.9078,-2.0069
-3.7709,5.9616,0.0958,0.5548,-4.3657,-1.9128,-2.8563,6.5817,-1.7597,1.7544,-4.3657,-3.2783
-2.5666,5.9185,0.6823,-1.1818,-3.3510,-1.5997,-0.9218,4.8650,-0.0479,-0.6911,-2.7065,-4.3657
-3.0311,5.4923,0.5148,-3.0427,-2.3643,-0.8239,-4.8818,1.5012,2.2075,-2.1217,-0.7317,-4.3657
-3.1532,3.3591,5.2481,-4.3657,-1.9620,1.0437,-5.5378,-2.6791,1.8962,-4.3657,-2.9399,-2.3499
-2.0399,1.7478,7.3670,-4.3657,-0.7181,2.3453,-9.0788,-6.0932,4.4149,-4.3657,-1.0419,-1.1703
-2.5115,-0.7326,7.4795,-4.3657,0.0092,3.2865,-8.4707,-8.0397,2.9688,-4.3657,-1.1359,0.8653
-3.0335,-2.3655,10.2400,-4.0244,0.4596,4.3656,-7.6160,-10.6231,5.3056,-4.3657,-1.8759,1.8251
-1.3743,-4.3024,12.5528,-2.3928,1.9452,4.3656,-9.8330,-13.0843,9.5241,-4.3657,0.5885,3.2087
-1.9225,-4.7501,12.7635,-1.0802,2.6981,4.3656,-7.9751,-12.5313,9.5409,-3.8517,-0.0065,4.3656
-1.2258,-4.8171,14.3820,0.6876,3.3946,4.1444,-6.9264,-11.7436,10.7763,-1.8462,0.9056,4.3656
0.1197,-3.9744,13.6829,2.4864,3.3189,2.8145,-4.9584,-9.3158,8.2672,0.2116,2.1922,4.3656
-0.3017,-2.7509,12.7204,3.7819,1.8754,1.7789,-6.5817,-8.5305,8.7077,1.9773,0.6161,4.1037
-0.2394,-1.7071,10.5345,4.3656,0.6499,0.6788,-5.2936,-5.3750,4.8794,3.5324,-0.3052,3.2812
-2.4828,0.2059,10.1131,4.3656,-0.1760,0.2539,-5.1284,-3.5937,4.9177,4.3656,-0.5550,2.3637
-1.6161,2.8347,1.9225,3.5699,-4.3657,-2.5413,0.1245,5.6455,0.7853,4.3656,-4.3657,-1.5276
-0.5842,5.5091,1.8603,-1.6834,-4.3657,-2.8001,-1.3671,3.3208,4.5825,0.2888,-3.1006,-4.3657
-2.2314,5.8658,3.6296,-2.7422,-3.0662,-1.9365,-4.4269,1.5036,3.5243,-0.7520,-1.8863,-4.3657
-1.5778,5.1954,4.5969,-2.8542,-2.0691,-1.3370,-6.1723,0.3424,3.3351,-1.3945,-0.3175,-4.0516
-2.1452,3.6990,4.0127,-3.9219,-2.3594,-0.4887,-5.6144,-0.6847,1.3815,-2.6444,-2.3272,-2.7534
-2.8108,3.2489,6.1316,-4.3657,-1.4023,0.9939,-6.9695,-3.2633,1.9920,-4.2080,-1.7997,-2.2816
-4.1468,1.2019,7.0533,-4.1781,-0.0544,2.6530,-11.0971,-6.9192,2.1620,-4.3657,-0.0512,-0.2125
-5.4444,-1.2330,9.1602,-4.0582,0.8286,4.3656,-10.6877,-10.5105,3.0358,-4.3657,-1.9192,1.8610
-5.8347,-3.7254,11.6813,-2.8565,2.5187,4.3656,-11.3533,-14.0947,5.1523,-4.3657,-0.0775,3.7838
-4.5586,-6.5242,11.3318,-1.6686,4.0257,4.3656,-10.6566,-15.5743,7.7285,-4.3657,0.3308,4.3656
-3.3016,-6.5577,13.0364,-0.9124,4.3373,4.3656,-6.1148,-13.7523,8.9543,-4.3580,0.6638,4.3656
-2.0566,-5.3846,15.0619,0.8555,4.3656,4.3656,-6.2177,-11.6861,10.1035,-2.6416,2.8691,4.3656
-0.4405,-4.1899,15.6988,2.9449,3.0217,3.2622,-5.0039,-9.5936,10.5441,0.4907,1.4528,4.3656
0.5028,-2.5498,12.6174,4.3656,0.0209,1.2761,-4.3910,-6.1148,5.8634,3.5682,-1.1485,3.6857
-2.2601,0.0215,9.9719,4.3656,-2.6333,0.1348,-7.9416,-3.2106,3.1149,4.3656,-2.1130,2.2713
-1.6137,1.5874,5.2337,4.3656,-4.3639,-0.7067,-4.3670,0.9457,0.8332,4.3656,-4.3657,1.9673
-2.3056,2.0207,4.3622,4.1077,-3.3814,-0.8364,-0.9936,2.8060,2.8443,4.1740,-3.4960,-0.8095
-1.1971,3.1580,2.9137,2.7735,-4.3657,-2.6209,-1.3264,2.8539,5.1619,4.3656,-2.8577,-2.4768
-0.4860,4.8578,4.3551,1.4324,-4.3657,-3.1337,-4.2473,2.8060,3.5386,4.1788,-4.3657,-4.0624
-2.9688,5.6743,2.2841,0.8300,-4.3657,-3.2752,-4.8914,2.9856,2.7773,3.4370,-2.7440,-4.2220
-3.3184,5.9879,0.7829,-1.1831,-4.2717,-2.3495,-4.7645,3.7350,-0.7518,1.2589,-3.0495,-4.0632
-2.8826,5.5617,0.4956,-2.8066,-2.6340,-1.2398,-4.2760,3.0239,-1.0965,-1.2224,-1.5875,-3.8272
-1.5730,4.0079,2.1141,-4.3657,-2.3896,-0.4310,-3.9552,0.2921,0.1532,-3.3011,-1.9465,-3.5474
-3.2681,2.7797,5.4372,-4.3657,-0.8933,0.5721,-6.0047,-4.0103,2.6983,-4.3657,-1.2986,-2.9961
-3.1484,1.4796,9.2847,-4.3657,0.3083,2.2211,-12.4906,-7.9368,4.5729,-4.3657,1.1314,-1.3756
-2.8659,-1.0630,8.9663,-3.9245,0.2430,3.4847,-9.8617,-9.0668,4.5322,-4.3657,-2.4289,1.3835
-2.9497,-3.0933,10.2161,-3.1371,1.2153,4.1989,-6.2800,-10.3118,5.2026,-4.3657,-1.3716,2.3256
-1.6927,-4.7884,10.9583,-2.3543,2.0474,4.3656,-7.0629,-11.1642,6.3662,-4.3657,0.9483,2.7224
-2.6959,-4.9273,10.4555,-1.4028,2.2075,4.2852,-6.9312,-10.4435,4.3191,-4.0833,-0.6559,2.9833
-1.7573,-4.9943,10.4651,-1.0175,2.1336,4.0308,-7.3646,-11.0229,7.5465,-3.2712,0.1812,3.4768
-1.7957,-4.0294,13.5033,0.4623,2.2663,3.2512,-6.6008,-9.7157,7.6495,-1.5896,0.9777,3.4609
-1.6640,-3.1412,12.1793,2.1595,1.2668,2.6011,-7.0246,-8.3175,6.6702,0.1587,-0.2325,2.8741
-2.3655,-1.8435,10.2280,3.1044,0.0181,2.2174,-8.4731,-7.7476,5.9879,1.4237,-0.5464,3.3414
-2.2194,-0.3376,9.4739,3.8030,0.6639,1.4629,-7.7213,-7.3239,7.6016,2.5834,-0.3485,4.0133
-2.3774,0.2849,9.7564,4.3656,0.7506,1.3499,-7.3167,-4.8243,3.8618,3.0407,0.9304,3.5598
-1.6041,1.1205,6.7971,4.3656,-0.3957,1.1076,-5.8969,-2.7797,3.1675,3.4363,-0.7701,3.7778
-0.6345,2.4995,6.9312,4.0763,-1.3899,0.1460,-4.9584,-0.8978,5.4516,3.8293,-1.5812,2.4641
-1.2139,3.4884,5.1092,3.6872,-2.0017,-0.6893,-2.8012,2.5235,1.5969,4.1049,-1.4089,0.8058
-0.6273,4.0654,4.6328,2.6320,-3.4340,-1.5031,-5.0230,2.7677,4.0151,4.0286,-2.2376,-0.4855
-1.1301,5.1092,6.1794,1.9925,-4.3657,-2.5892,-3.5267,3.5219,3.9456,4.3095,-3.4859,-1.9712
-2.7031,5.9903,3.5482,1.6788,-4.2763,-2.6332,-6.6439,3.5913,1.9393,3.6928,-2.6746,-2.8833
-1.9609,5.5593,2.2601,0.5870,-4.3657,-2.6625,-4.2162,4.0390,2.5953,3.2051,-3.6817,-3.3037
-2.7414,5.9664,3.8571,-0.1955,-4.3657,-3.1352,-3.3136,3.6799,2.0853,2.3513,-3.2534,-4.3657
-3.0646,6.3470,2.0207,-1.2041,-4.1242,-2.3206,-5.6312,2.5283,2.9018,1.2681,-2.8234,-4.3657
-2.0231,5.8586,2.8994,-1.9899,-2.8647,-1.8131,-5.9568,2.1955,1.2833,-0.0293,-1.6916,-4.0440
-3.3615,5.2265,2.7485,-3.0872,-2.0591,-0.9034,-6.5721,1.0127,-0.0958,-1.8876,-1.6526,-3.2556
-3.6392,4.4029,4.4125,-3.8292,-1.0716,0.3476,-7.1156,-1.2067,-0.4262,-3.7803,-1.9331,-2.2362
-4.1348,2.9353,5.3989,-4.2719,0.0354,1.7276,-7.9847,-4.3694,0.8092,-4.3657,-1.5821,-1.3891
-4.7501,0.5938,6.4979,-4.3657,0.5505,3.1966,-10.3286,-8.0804,2.0351,-4.3657,-1.2418,0.3892
-4.5562,-1.6568,8.5114,-4.3657,1.2610,4.3656,-8.2696,-10.7739,3.4548,-4.3657,-1.9598,2.2204
-3.8188,-3.9121,11.0780,-3.8232,2.1362,4.3656,-8.8466,-13.0340,6.3279,-4.3657,-0.7922,3.1993
-2.5379,-5.5067,11.8321,-2.6570,2.4533,4.3656,-6.7109,-12.9766,6.5649,-4.3657,-0.5379,4.0188
-1.1516,-5.4755,11.8513,-1.5392,2.0438,4.3656,-4.5179,-11.7029,8.9735,-4.0510,-0.9361,3.7517
-0.5890,-4.3239,13.7595,0.1639,1.9502,3.3981,-7.8458,-11.3701,11.1354,-1.7108,1.3159,3.7050
-1.0965,-2.7174,13.7236,2.1059,1.3272,2.4088,-6.7325,-10.1155,9.5720,0.6972,0.3395,4.2671
-1.7645,-2.1452,13.0628,3.9856,0.4096,1.7375,-8.3031,-8.7149,8.1187,2.5756,-0.1263,3.6335
-0.8787,-1.4317,10.5584,4.3656,-0.0105,1.2105,-5.0829,-6.3614,5.6503,3.9799,-0.3433,3.7796
0.0048,-0.2634,9.1028,4.3656,-0.9922,0.0846,-3.6105,-4.2329,5.2457,4.3656,-0.7041,2.6197
-0.2921,1.0080,7.6710,4.3656,-3.0832,-1.1548,-4.9153,-1.1756,3.5650,4.3656,-2.0764,0.9617
-0.5578,2.1931,2.7869,4.0384,-4.3657,-1.8478,-0.1532,2.7222,1.7382,4.3656,-4.3657,-0.4620
-2.2936,6.0358,1.8052,-2.2892,-2.8915,-2.2679,-5.4013,0.6728,2.3655,-0.8677,-1.0543,-4.3657
-3.4117,3.1723,5.8969,-4.0474,-0.5123,1.0713,-8.5042,-3.1603,-0.0670,-4.0087,-2.6203,-0.8721
-3.6057,0.3328,5.5426,-4.3341,0.1621,2.5043,-6.5266,-6.1411,-0.4070,-4.3657,-1.3456,-0.0254
-3.6990,-2.3535,7.1730,-4.3657,0.0893,3.6621,-6.5003,-10.0604,0.9409,-4.3657,-2.1798,0.8231
-3.7493,-3.4309,11.7819,-4.1519,0.2622,4.3656,-9.1075,-13.7643,7.6040,-4.3657,-2.4932,1.7962
-0.4405,-4.8363,13.9702,-2.2417,1.1927,4.3656,-7.8362,-14.0779,11.8944,-4.3657,-1.4432,3.5386
1.1157,-4.7669,12.8688,-0.3581,1.9712,4.1596,-5.3079,-11.8968,10.9702,-2.4383,-0.2650,4.2458
0.4788,-3.8810,13.7020,0.8944,1.8582,3.4311,-5.8993,-11.2958,10.5465,-0.8167,0.3545,4.3656
1.2594,-3.0071,13.3620,2.8659,2.1152,2.5149,-6.3518,-10.0987,10.6350,0.9844,1.1387,4.3656
0.0024,-2.3727,12.3972,4.0037,1.6531,1.6926,-5.3391,-8.0182,7.2856,2.3097,0.5265,4.3656
0.4501,-1.4030,9.7731,4.3656,0.8042,1.0701,-2.7509,-5.6216,6.5170,3.2169,-0.3507,4.2845
1.2689,0.2586,8.7245,4.3656,0.2184,0.6402,-3.2489,-3.0287,5.7796,3.9249,0.3483,2.4223
1.3384,1.6400,8.5449,4.3656,-1.0275,-1.1361,-3.3926,-1.1660,5.1523,4.3656,-0.4736,1.6054
0.2586,1.9776,5.6192,4.3656,-2.3486,-1.7508,-2.4660,1.6520,2.6983,4.3656,-2.2279,-0.0333
-2.2745,5.0063,0.8284,1.4524,-4.3657,-3.2516,-5.9352,3.2825,1.2498,4.0369,-3.3646,-3.9038
-3.2010,6.1363,1.4605,-0.3369,-4.3657,-3.0778,-5.0661,3.7254,1.0870,2.5929,-3.3746,-3.5333
-3.4046,6.3231,1.0319,-1.4679,-3.4931,-2.0476,-3.6631,4.2282,-1.5514,0.3797,-2.4309,-3.9893
-2.1380,4.9033,1.9273,-3.5433,-1.5697,-0.6226,-5.0613,1.2234,0.5076,-2.4459,-1.0624,-3.8987
-1.9656,3.3040,3.8188,-4.3657,-1.0880,-0.0557,-6.6463,-1.1444,-1.3767,-3.6970,-0.1973,-2.9788
-2.4421,1.0199,4.7190,-4.3657,-1.8562,1.2582,-5.6144,-4.6998,-2.6001,-4.3657,-3.7900,-1.9532
-2.2314,-0.8116,6.5194,-4.3657,-1.7369,2.3279,-6.8546,-9.6822,2.0901,-4.3657,-2.7904,-0.7272
-4.5681,-2.2984,11.8034,-4.3657,-0.9795,3.6772,-9.9958,-13.9486,7.3310,-4.3657,-1.4354,0.4690
-2.7126,-4.0821,15.6509,-2.6338,0.5369,4.3656,-12.5552,-15.8831,12.8617,-4.3657,-1.5926,2.4355
-0.3280,-5.5354,13.0819,-0.1900,2.1398,4.3656,-7.3071,-13.5129,11.4754,-2.8138,-0.9607,4.3656
0.7135,-5.6360,11.5257,0.9706,2.9443,4.2554,-3.9025,-11.2623,9.0764,-1.3867,0.8819,4.3656
1.1803,-5.0781,13.3980,2.1422,3.5669,3.2310,-4.9057,-11.2216,10.3166,0.1844,2.3767,4.3656
1.4246,-3.5650,12.7204,3.8327,2.6044,1.8459,-4.8674,-8.9112,7.3502,2.0077,1.5894,4.3656
-0.9625,-2.1332,11.3653,4.3656,1.2433,1.1560,-3.7445,-5.9472,4.9799,3.0621,-0.3138,3.5085
-0.5411,-0.8643,7.2113,4.3656,0.4600,0.8715,-7.9057,-4.8650,5.5450,3.8133,0.6723,3.2699
-1.7406,1.4006,7.1156,4.3187,-0.6027,0.3601,-3.3232,-0.9840,1.3647,3.8865,-0.4314,3.0421
-1.4030,2.2529,7.0916,4.0009,-2.2026,0.0378,-6.0118,-0.0287,4.0007,3.8087,-1.7630,0.9426
-0.3065,3.3782,5.9903,2.8385,-3.6573,-1.3719,-3.6081,2.2314,2.6983,4.2774,-3.2455,0.1400
0.0742,3.6392,3.9744,2.0871,-4.3657,-2.1763,-1.7382,3.7589,3.0694,3.6408,-4.3657,-2.3062
-0.8356,4.6591,3.4333,0.8127,-4.3657,-3.4472,-0.8906,4.0270,3.3351,3.1042,-3.4476,-4.3657
-1.4150,5.4157,2.8778,-0.6895,-4.3657,-3.5337,-2.1955,2.7461,3.1196,2.0007,-2.6732,-4.3657
-2.6169,5.9496,2.1237,-1.9029,-3.4274,-3.0434,-5.5617,1.1756,2.5809,0.4243,-2.2080,-4.3657
-1.9848,4.9752,2.6911,-3.0923,-2.2433,-1.9714,-7.2281,0.1508,1.4820,-1.0920,-0.8171,-4.3657
-3.6679,3.7900,4.4532,-3.9805,-2.1328,-0.8304,-7.4962,-1.4629,0.1724,-2.3974,-1.1802,-3.1152
-4.0247,2.9640,6.2273,-4.3657,-1.6422,0.9966,-6.7876,-3.5530,0.2394,-4.1470,-2.6838,-2.3489
-3.2058,0.7709,5.8802,-4.3657,-0.3096,2.7436,-9.8354,-7.9799,2.0806,-4.3657,-1.2297,-0.8869
-3.5769,-1.3072,9.1746,-4.3657,0.5360,3.8971,-9.5960,-10.6925,4.7022,-4.3657,-1.5447,1.3805
-3.8547,-2.9329,13.2543,-2.8093,1.4647,4.3656,-10.0245,-13.1370,7.4579,-4.3657,-1.1720,3.0433
-1.7095,-4.6448,12.0021,-1.2596,2.2520,4.3656,-6.9025,-12.4498,8.5665,-4.3657,-1.1089,4.3656
-0.7805,-4.4796,11.8848,-0.1981,2.7623,4.3656,-6.3398,-12.0787,10.8386,-2.8097,0.2739,4.3656
0.6464,-3.6847,13.3285,1.3222,3.1924,3.6186,-7.1012,-10.8769,10.9559,-0.9234,2.1910,4.3656
-0.0311,-3.0550,13.8313,2.8378,2.1081,2.1815,-4.3790,-8.9591,10.7141,0.9149,0.6293,4.3656
0.6776,-2.7629,13.4243,4.3656,0.9966,1.1590,-5.2074,-7.4891,6.6750,3.8247,0.5838,3.8817
-0.2777,-1.0080,9.7659,4.3656,-0.4189,-0.5722,-3.2848,-4.8339,5.4803,4.3656,-0.9611,2.7640
-0.5363,-0.2466,7.0629,4.3656,-1.5551,-0.9697,-6.9408,-3.0358,1.4988,4.3656,-0.5608,1.9562
-1.6640,0.7015,7.7907,4.3656,-3.5717,-2.0412,-3.4979,-0.1963,3.8571,4.3656,-3.7852,0.0013
-3.0167,3.0167,2.3343,4.3656,-4.3657,-2.9609,-5.1978,3.4907,-1.7119,4.3656,-2.9264,-1.2846
-4.1252,5.5043,1.1157,2.0126,-4.3657,-2.4559,-3.6823,5.9544,-2.3655,3.7916,-4.3657,-2.7239
-2.4134,6.0142,1.2354,0.0721,-4.3657,-2.4721,-2.3104,5.7581,-0.3926,1.6370,-4.3657,-3.5377
-2.9544,5.7700,-1.0582,-1.8402,-4.0909,-1.5777,-1.2809,4.0270,0.4860,-0.7392,-4.0541,-4.3657
-2.1596,4.9799,0.3807,-3.9675,-2.6200,-0.8871,-2.3918,1.4102,1.5538,-2.4201,-1.0376,-4.3657
-1.6209,3.9313,2.6456,-4.3657,-1.7325,-0.1042,-6.3303,-1.4317,-0.1053,-3.9452,-0.4971,-3.9214
-2.5067,2.2314,6.1818,-4.3657,-0.9146,1.0555,-8.7221,-4.7980,2.0231,-4.3657,-1.5664,-2.2007
-2.8826,0.6871,8.4946,-4.3657,-1.0107,2.2259,-8.4994,-7.7165,3.7709,-4.3657,-1.8496,-0.4826
-3.6392,-1.0271,11.3246,-4.0733,-0.2490,3.8432,-10.1299,-11.0684,6.9767,-4.3657,-1.8471,1.0163
-3.0742,-2.9544,12.7443,-2.2287,1.1981,4.3656,-10.0652,-12.5552,8.3773,-4.3657,-1.1253,3.1240
-1.3288,-4.6950,11.6023,-0.9441,2.3826,4.3656,-6.2297,-11.7100,8.1738,-3.8873,-0.8520,4.3337
-0.8428,-4.0845,11.9830,-0.0865,2.7805,4.3656,-6.3422,-10.9319,8.8107,-3.0537,0.6293,4.3656
0.1245,-4.1348,12.4834,0.7217,2.9717,3.8279,-7.3526,-11.4658,10.0772,-1.5520,1.3328,4.3656
-0.4310,-3.3208,15.1337,2.2370,2.8234,2.7159,-3.8427,-9.7947,11.1235,0.0582,0.7516,4.3656
0.6871,-2.7797,13.8792,4.2012,2.2924,1.7444,-5.0566,-8.4396,9.4667,2.8517,1.5146,3.9646
0.1317,-1.5155,9.6319,4.3656,0.2153,0.2931,-3.3471,-4.0725,3.7158,4.2062,-0.1172,2.7959
-0.0838,-0.7302,7.8865,4.3656,-1.3867,-0.6195,-2.0016,-1.8172,4.1444,4.3656,-1.7376,0.8396
-0.8021,-0.5794,8.3390,4.3656,-3.8100,-2.7864,-3.6871,-1.9321,5.2577,4.3656,-1.5236,-1.4449
-2.4014,1.7047,3.3232,3.5894,-4.3657,-3.3580,-5.1499,-0.7757,2.4995,4.3656,-4.3657,-2.8701
-3.0358,3.4620,1.8292,2.3081,-4.3657,-4.1621,-5.3391,0.9170,0.4980,4.3656,-2.9308,-3.9420
-4.9009,4.7980,2.0925,-1.2505,-3.8040,-2.9904,-5.4061,2.3080,-2.1380,0.7294,-2.9050,-4.3657
-4.3862,4.4341,1.3072,-2.9012,-2.1996,-1.4017,-5.4827,-0.0383,0.0503,-1.8631,-2.2536,-4.2902
-3.3686,3.2944,3.5386,-4.1331,-1.1182,-0.0638,-9.2296,-2.7150,0.2634,-3.2712,0.4541,-2.9869
-5.6096,2.2482,7.1587,-4.3657,-0.6619,1.3971,-10.0341,-5.6240,0.9768,-4.3657,-2.1369,-1.3054
-4.0606,0.7685,8.4707,-3.9285,-0.0901,3.0041,-10.4028,-8.3510,3.8403,-4.3657,-2.2441,0.6628
-4.1396,-1.5083,8.5712,-3.3846,0.8697,3.9839,-8.4635,-9.4691,3.9816,-4.3657,-1.3079,2.3134
-3.6799,-3.4477,8.8729,-3.1515,1.3955,4.3656,-7.0102,-10.7045,3.5865,-4.3657,-1.2084,3.1609
-1.7406,-5.0733,10.9678,-2.6521,1.6943,4.3656,-5.1284,-11.5951,6.3877,-4.3657,-0.8704,3.4246
-0.6632,-4.8530,14.2599,-1.1546,2.2315,4.2390,-7.5010,-12.7348,11.5520,-3.3723,0.3993,3.4256
-0.9194,-3.4812,13.3118,0.7789,1.6699,3.2881,-9.9766,-12.1649,10.5752,-0.9426,0.5994,4.3656
-0.3974,-2.9928,13.6853,2.6231,1.7754,2.4284,-4.6615,-8.7700,8.6287,0.6203,-0.3697,4.3268
0.5195,-1.3527,13.0987,4.3656,0.9781,0.7144,-6.7229,-8.9447,12.5887,3.4605,0.7959,3.6629
-0.6536,-1.2641,12.9311,4.3656,-0.2182,0.2459,-5.3127,-8.0134,7.5920,4.3656,-0.8111,3.3514
-0.2155,-1.9465,6.5003,4.3656,-1.8552,-0.9300,-3.3351,-3.2489,-1.7382,4.3656,-1.4858,2.5225
-0.4238,1.2210,1.3455,4.3656,-3.8685,-2.2124,-1.5299,3.1364,-2.3296,4.3656,-3.8513,1.2528
-3.9504,4.4724,4.0630,2.6580,-4.3657,-2.0940,-1.8723,3.6296,3.4477,4.1228,-3.6861,-2.4139
-1.2402,5.8969,1.3623,1.1189,-4.3657,-1.8720,-4.9775,4.6040,1.1325,3.0168,-2.9018,-2.8996
-1.6161,6.0597,2.0782,-0.4143,-3.0113,-2.0419,-1.7980,5.4516,0.3400,1.1936,-2.8482,-3.6846
-2.3703,5.8227,0.6632,-2.0013,-3.1648,-1.4129,-2.5402,3.8666,-1.1037,-0.7877,-1.4045,-4.3657
-1.9130,4.7214,1.0223,-3.9678,-2.4693,-0.7276,-4.1803,0.5531,1.5682,-2.8194,-2.5325,-4.3657
-2.5091,3.2298,3.0646,-4.3657,-0.5688,-0.0745,-6.2656,-2.0997,0.6776,-4.2919,-0.2875,-3.5422
-3.3208,1.4006,6.3015,-4.3657,-0.7053,1.0267,-7.9057,-5.7150,0.9744,-4.3657,-0.3724,-2.4220
-3.4309,0.1293,10.8122,-4.3657,-0.0882,2.5002,-10.3310,-9.8090,6.0932,-4.3657,-2.2091,-1.1823
-3.3184,-1.8268,9.9766,-3.4700,0.8050,3.2608,-9.7037,-10.6781,5.6814,-4.3657,-0.6013,1.6018
-3.7062,-3.6512,11.5353,-2.6609,1.5764,4.0509,-7.6447,-11.5424,5.9041,-4.3657,-0.9968,2.5703
-2.9042,-4.1875,12.2080,-1.2777,2.5766,4.2874,-9.4164,-12.8114,8.2408,-3.6773,0.7141,3.6761
-2.5402,-4.3503,12.4068,0.2105,2.9588,3.9843,-11.0421,-13.3357,9.3015,-2.3058,1.2825,4.3656
-2.7797,-3.5793,13.3764,1.4813,2.7853,3.3396,-5.0733,-10.1442,7.4244,-0.7978,0.2507,4.3656
-1.8938,-2.6049,12.5360,3.3008,2.3357,2.8734,-7.6351,-8.7987,7.8434,0.9058,1.6522,4.3656
-1.0199,-1.2522,10.5369,4.3176,1.6721,1.9404,-6.6535,-7.6375,7.7165,2.8633,0.3653,4.3656
0.1437,-0.9625,8.5114,4.3656,0.2871,0.9060,-3.7326,-3.3088,1.5227,3.8012,-0.3672,3.9043
-0.5459,0.3639,7.5034,4.2041,-1.0295,-0.0962,-2.9999,-1.3575,4.7573,3.9309,-1.4346,1.7080
-4.4149,4.4221,1.6472,1.7564,-4.3657,-3.3092,-3.7565,4.2066,-0.4717,4.0673,-3.8019,-3.8348
-4.4341,4.5155,0.7542,-0.4287,-4.3657,-2.8090,-3.3399,3.7757,-1.3527,1.7776,-3.6874,-4.3657
-4.0414,4.4365,-0.3352,-2.7488,-3.9258,-2.1528,-4.8100,2.0303,-1.7980,-0.7081,-2.6867,-4.3657
-4.4819,3.6320,3.3998,-4.2976,-2.0654,-1.3692,-7.1611,-1.3695,-1.9824,-2.8136,-0.9553,-4.3657
-5.2696,2.4756,5.5929,-4.3657,-1.8429,-0.3058,-9.6175,-5.3941,1.5371,-4.2004,-1.6102,-3.4585
-4.6400,0.6704,8.1355,-4.3657,-1.8507,1.4649,-9.5696,-7.9918,3.6966,-4.3657,-3.0641,-0.8856
-4.4269,-0.9697,11.7938,-3.5727,-0.0826,3.3314,-11.3868,-10.8984,6.6918,-4.3657,-1.0112,0.8236
-3.5889,-2.8874,11.2504,-2.0194,1.3328,4.3656,-9.6175,-11.4036,6.7493,-4.1615,-1.1571,2.8719
-1.6520,-4.4963,10.1155,-1.3347,2.0282,4.3656,-6.6439,-10.8146,6.3039,-3.6325,-0.4731,3.9255
-1.9824,-3.9840,12.7850,-0.5768,2.6013,4.1142,-7.9703,-11.3820,8.3151,-2.7961,1.1997,4.3656
-1.8723,-2.8611,14.2000,1.2056,2.5818,3.6476,-8.6167,-11.3533,10.5584,-1.3125,0.7285,4.3656
-0.6129,-2.8922,14.6429,3.3970,2.6325,3.0442,-5.4396,-9.9599,10.9583,1.2883,0.1370,4.3656
2.4469,-3.0071,10.1251,4.3656,1.3233,1.6569,-2.7461,-6.9312,6.7253,3.1670,0.5502,4.3656
0.0958,-1.1995,9.2775,4.3656,0.3874,-0.0169,-1.1133,-3.4884,6.4332,4.3656,-0.3511,2.7516
-0.7111,0.6009,6.6248,4.3656,-1.3043,-1.5006,-0.2658,-0.1484,4.4867,4.3656,-0.6498,0.2021
-0.9290,2.6695,4.0031,2.7712,-2.9519,-2.6494,-4.1348,2.2434,0.0335,4.3656,-1.1627,-2.1049
-3.1436,3.3854,4.4556,1.6755,-3.2051,-3.4242,-5.4947,1.9944,0.7661,4.1239,-1.8414,-3.1748
-4.9201,3.7350,4.3215,1.3418,-4.3657,-3.4354,-7.5848,1.2833,0.1604,3.9972,-2.7512,-4.0689
-5.8514,3.7350,2.4086,-0.5722,-4.2298,-2.5129,-5.4731,2.0111,-2.6073,1.4047,-4.2296,-4.3657
-5.5450,3.1627,3.9624,-3.4039,-3.7642,-0.9180,-4.8937,-3.1651,2.1237,-2.2764,-4.3657,-4.3657
-3.2441,2.9664,9.3302,-3.1642,-0.9144,0.5509,-13.3070,-7.5202,6.7564,-3.1243,0.0378,-2.9580
-4.5059,1.1612,6.7971,-2.8875,-0.3299,1.9612,-12.1649,-6.7421,2.1931,-3.0786,-1.2525,1.2809
-2.9353,-0.9936,7.7405,-2.9659,0.3440,3.1429,-5.8945,-7.0294,2.6408,-4.3136,-3.4809,2.5318
-2.9233,-1.9824,9.1291,-2.6881,0.9236,3.9102,-5.2074,-8.3486,4.4029,-4.3657,-0.0540,2.4672
-1.8340,-3.1603,10.1131,-2.2704,1.1932,4.3656,-7.5872,-10.1849,6.5290,-4.3657,-0.7434,2.8362
-0.7661,-3.3543,12.0213,-1.4027,1.5242,4.0846,-9.3063,-11.8872,9.4739,-3.6236,-0.8839,4.3656
-0.6273,-2.6767,14.9422,0.3689,2.0367,3.5605,-5.1882,-10.9846,13.4458,-1.8747,-0.4782,4.3656
0.5914,-2.2721,14.3245,2.7889,2.4658,2.8340,-7.1132,-9.7636,12.1266,1.2509,1.8013,4.3656
0.5148,-2.4493,12.1865,4.3028,1.6172,1.6272,-3.2872,-6.4524,6.8259,3.1942,0.6582,4.1334
0.8619,-1.3264,7.9368,4.3656,0.7697,0.2061,-2.2218,-4.2784,5.6934,3.9293,-0.8403,3.3402
-1.2546,0.4357,8.0780,4.3656,-0.2601,-0.2431,-5.2481,-1.9201,3.8762,4.3656,0.3336,1.3964
-1.2809,1.9201,5.4420,3.8668,-1.6760,-0.9746,-4.5059,0.5459,2.4876,4.3656,-1.5631,1.3013
-0.0982,2.9353,6.2776,3.2939,-2.0648,-2.0330,-3.4189,1.8771,3.6631,4.2967,-2.1241,-0.1729
-1.9321,4.2545,3.9911,2.5391,-3.1381,-2.3302,-3.7326,3.0957,2.7845,4.3038,-1.7472,-2.2675
-1.5826,4.3598,5.8514,1.4641,-4.0337,-3.1313,-4.6543,3.5434,2.3798,3.8856,-2.8272,-3.4803
-4.4580,5.1547,2.1620,0.5545,-4.3657,-2.5093,-3.9624,4.8411,-2.1045,2.4293,-4.1803,-4.3509
-1.6352,4.5969,0.9912,-1.7253,-4.3657,-1.7941,-2.7246,2.8659,1.2258,-0.1855,-3.9662,-4.3657
-3.6512,4.8435,2.6193,-3.0887,-2.5223,-1.4292,-5.0326,0.3974,1.4198,-1.7990,-1.2281,-4.3657
-3.9361,4.1611,4.7262,-4.0077,-1.7741,-0.3156,-8.7963,-2.8347,2.9521,-3.2010,-0.6757,-3.9170
-3.6775,3.4740,7.8506,-3.9897,-0.9466,1.2668,-12.0428,-4.9895,3.7421,-3.7563,-1.6234,-1.4115
-3.9792,1.2929,7.5322,-3.4318,0.2783,2.5933,-9.5170,-6.2177,3.3016,-4.3657,-1.3375,1.0778
-3.3112,-1.0247,8.1139,-3.5007,0.6422,3.7935,-8.2289,-8.5090,3.0311,-4.3657,-1.2025,2.7443
-3.3591,-2.5738,12.2583,-2.7014,1.8619,4.3656,-8.3414,-11.3270,8.5521,-4.3657,-0.7541,3.5057
-1.3360,-4.0318,13.2016,-1.1426,2.8376,4.3656,-10.3669,-12.2966,9.9599,-4.1303,0.9942,4.3656
0.2011,-3.5147,12.0261,-0.1575,2.7340,3.8722,-5.8490,-10.3406,10.1730,-2.8853,0.3337,4.3656
-0.7781,-2.0087,14.9662,1.5496,2.7800,3.0375,-5.8083,-9.7731,14.1162,-0.2116,0.8175,4.3656
1.7334,-2.4205,12.9359,3.7045,2.0007,2.0599,-5.5306,-6.8163,8.3629,2.3506,1.6882,4.2818
1.0582,-1.6257,10.3693,4.3452,0.7850,0.2070,-2.8012,-4.0893,6.2369,3.9500,-0.4049,3.3312
0.7278,-0.1077,7.6160,4.3656,-0.8264,-1.3150,-4.4963,-0.8715,2.3750,4.3656,-1.1231,1.6565
0.2777,1.0151,6.4117,3.8834,-2.9846,-2.1045,-2.6911,0.9266,4.7262,4.3656,-2.8809,-0.4774
-2.3487,2.0901,2.8012,3.3209,-3.8801,-3.5527,-5.1715,1.8411,1.1229,4.3656,-3.3819,-1.6655
-3.8547,3.9313,2.9784,1.4312,-3.7754,-2.9479,-3.2226,4.8171,-2.3439,3.2967,-3.3044,-2.9611
-3.5003,4.2880,1.4006,-0.2557,-3.3513,-2.2997,-4.4604,4.1707,-0.6800,1.4526,-1.9410,-3.5627
-2.7007,3.6272,2.4565,-2.1037,-2.8654,-1.4068,-1.5323,3.5314,-3.2848,-1.1297,-3.0521,-4.3657
-2.3272,2.7749,2.5379,-3.7449,-2.1566,-0.8743,-4.0965,-1.3144,0.5578,-3.3893,-1.8205,-4.3657
-3.8403,1.5730,5.1164,-4.3657,-1.9761,-0.0056,-7.8937,-4.6448,1.4581,-4.2294,-0.7714,-3.9611
-3.1125,0.9960,9.7731,-4.3657,-1.7780,1.3512,-10.7284,-7.7931,2.9784,-4.3657,-2.0642,-2.4523
-3.0191,-0.8595,9.8450,-3.7902,-1.4494,2.6881,-10.3358,-10.3645,7.5657,-4.3657,-3.2503,0.1763
-3.4213,-2.3942,12.4786,-2.5221,0.0248,3.7875,-8.9423,-11.6119,9.1075,-4.3239,-1.3976,1.9674
-1.4964,-3.9624,11.5664,-0.7791,1.9670,4.1538,-7.9368,-11.3988,9.2105,-3.0241,0.0193,3.3782
-0.1939,-4.8746,11.1833,-0.0477,2.2215,4.0886,-6.6990,-11.0995,7.6758,-2.1739,0.4474,4.3656
-1.0989,-3.9313,13.1346,1.0563,2.8939,3.5822,-5.7676,-10.1347,8.7364,-1.0954,1.3788,4.3656
0.0527,-3.4740,11.7460,2.2516,2.2208,2.8173,-4.9871,-8.1020,7.1371,0.2338,0.9916,4.3656
0.4334,-2.3128,11.0205,3.2085,1.5460,1.7030,-4.6448,-6.6008,8.1116,1.6661,0.1247,3.9571
-0.6369,-0.9457,9.2273,3.9274,0.7486,0.5989,-5.0159,-4.6663,6.7516,3.2317,0.1017,2.9692
-0.0646,-0.0287,9.8521,4.1739,-0.1379,-0.1833,-4.3838,-3.2489,6.3446,4.2493,-0.1065,1.9405
-0.6680,1.1205,7.9918,4.3656,-1.5876,-1.0905,-5.0374,-1.3527,3.9887,4.3656,-1.5048,1.0966
-0.5794,2.0231,4.3479,4.2797,-2.2739,-2.2320,-5.9472,0.1604,3.5051,4.3656,-1.6483,0.4618
-1.9489,2.8850,5.5330,3.1095,-3.3430,-2.7976,-2.5307,3.2274,0.5722,4.3656,-2.3607,-1.5126
-3.7421,4.5442,1.4988,1.9131,-3.4852,-2.9303,-5.5426,3.9121,0.1269,3.7875,-2.9568,-2.6850
-4.6567,4.9249,2.7342,0.2811,-3.2317,-2.0861,-4.1827,4.7166,-0.2298,1.9614,-1.6033,-3.0711
-3.5123,5.2720,0.4645,-1.6501,-2.9564,-0.8091,-2.4014,4.6855,-3.0430,-0.3313,-2.9631,-4.2691
-5.0278,2.0925,7.8673,-4.3657,-1.2832,0.8973,-10.8529,-5.7437,1.8723,-4.1027,-1.9610,-2.7344
-3.3160,0.0072,7.0342,-4.3657,-1.2221,1.9766,-7.3957,-6.5553,1.4653,-4.3657,-3.0982,-1.0575
-2.6169,-1.6951,8.8178,-4.0356,-0.6018,2.8837,-7.6567,-9.5361,5.4277,-4.3657,-1.7171,0.0542
-2.7174,-2.3703,11.9399,-2.9751,-0.0629,3.5631,-8.9304,-11.1594,6.7133,-4.3657,-1.2690,1.4037
-0.9385,-3.4884,11.5209,-1.4301,0.6294,3.8592,-6.7277,-10.9511,7.9823,-3.4218,-1.5520,2.5935
-1.9728,-3.7804,10.9415,-0.4643,1.4891,3.3051,-6.8785,-10.7739,7.7596,-2.5050,0.0771,3.0277
-3.4524,-3.4620,13.8433,0.9874,2.5771,3.7959,-12.1482,-12.6605,9.3182,-1.4594,1.3965,4.3656
0.2442,-3.5434,12.0524,2.2055,2.5872,3.3188,-7.3454,-11.0875,8.7891,-0.4758,0.4005,4.3656
0.4573,-3.6320,13.3932,3.4219,1.8699,2.2984,-2.2817,-8.2361,8.0876,1.6005,0.0265,4.3656
1.5586,-2.0087,9.8234,4.1904,0.0120,0.5327,-4.8291,-6.1076,7.1587,3.3747,0.3508,3.9798
-0.2203,-0.2011,9.0261,4.3127,-0.4494,-0.5011,-3.4955,-2.1644,3.9409,4.3400,-1.1249,2.5715
0.1963,1.5179,7.6614,3.8011,-2.3795,-1.3999,-4.3479,-0.1939,4.5083,4.3656,-2.1432,1.4429
-0.1389,2.3511,6.4859,3.9687,-2.9783,-2.2946,-3.2130,1.5083,4.3120,4.3656,-2.9431,-0.5676
-1.4078,3.4500,3.5889,2.9611,-3.3388,-3.1320,-3.5530,3.5674,1.0989,4.3656,-2.4156,-1.5063
-2.2051,4.1635,2.4014,1.6522,-3.5289,-3.1588,-2.4301,5.2026,-0.1844,3.5011,-2.8643,-3.0443
-3.0430,4.4412,1.9585,-0.0807,-3.7799,-3.1417,-2.0375,4.9416,-1.3623,2.2178,-2.7492,-4.3657
-3.3447,4.3167,1.3048,-1.7461,-3.6496,-2.5131,-1.9513,3.1723,-1.1444,-0.2010,-3.3610,-4.3657
-2.3272,3.5482,2.0087,-3.5782,-2.8432,-1.7829,-4.3862,0.0383,0.5746,-2.1357,-1.9005,-4.3657
-3.1196,2.3822,3.9193,-4.3657,-2.8786,-0.6042,-7.1682,-2.3367,-1.5586,-3.4332,-1.1285,-4.1993
-3.1436,0.8356,5.4731,-4.3657,-3.2718,0.9646,-7.6758,-6.3901,0.3448,-4.3657,-3.9675,-2.5435
-4.4029,-1.1061,10.0102,-4.3657,-1.9135,2.8261,-9.7851,-11.0995,4.3527,-4.3657,-2.0715,-0.6865
-3.5291,-3.2896,13.0484,-3.4171,-0.3312,4.3656,-12.0021,-14.3868,8.9136,-4.3657,-0.8096,1.3711
-3.2561,-5.2098,12.4235,-1.4083,0.7238,4.3656,-10.4603,-14.2455,7.0174,-4.2990,-2.0849,3.7832
-1.4796,-7.1754,11.6861,-0.1464,2.0295,4.3656,-8.7460,-15.2487,9.2105,-3.7784,-1.2398,4.3656
0.5291,-7.2832,12.1673,1.0625,3.5076,4.3656,-4.7405,-13.8361,9.6845,-2.2872,0.7590,4.3656
-0.1269,-6.1268,13.1250,2.1176,3.7475,4.3266,-4.6448,-11.2384,8.6622,-0.9691,2.0800,4.3656
0.7350,-4.6615,13.7762,3.4251,2.6188,3.1817,-4.3981,-8.8609,9.8593,1.1337,0.7725,4.3656
2.1189,-3.2441,11.7292,4.3656,1.0822,1.4047,-3.1292,-6.7133,7.5633,3.9113,-0.3576,4.0863
0.6081,-1.2833,8.6215,4.3656,-0.2867,-0.3551,-2.7150,-4.0893,6.0094,4.3656,-0.6747,2.5131
0.3687,-0.5962,8.8825,4.3656,-1.9159,-1.6246,-6.2560,-2.0231,2.7102,4.3656,-0.9918,0.7609
-2.2290,0.4717,4.7908,4.3656,-4.3621,-3.1261,-4.3239,0.5148,0.8428,4.3656,-4.1202,-0.0532
-4.0079,2.3415,4.8028,3.4844,-4.3657,-3.9277,-4.1420,3.1364,-0.5794,4.3656,-4.3657,-1.8618
-5.5952,4.7166,3.0382,2.7625,-3.8344,-3.2183,-6.6032,4.9225,-2.1500,4.2380,-2.2319,-2.9256
-5.1164,5.0949,0.7949,0.9244,-3.8837,-2.2601,-4.8554,6.0238,-2.3559,2.5975,-3.5617,-2.9929
-2.2984,4.8650,0.7829,-1.1363,-4.0325,-1.5090,-0.7709,5.6647,-2.6264,0.0540,-4.3657,-4.3657
-0.6273,4.3191,0.9146,-3.1678,-3.1633,-1.6843,-1.9465,2.1907,0.2155,-2.1739,-2.4269,-4.3657
-3.4836,3.7996,3.4022,-4.3657,-2.1429,-0.9088,-6.7516,-1.7765,1.4485,-3.6110,-1.2151,-4.3657
-3.2370,2.6049,7.1491,-4.3657,-2.2346,0.5243,-9.6941,-4.7118,1.6017,-4.3657,-2.0707,-2.5937
-4.3790,1.4605,9.7085,-4.3657,-1.5327,2.1853,-10.7595,-8.0493,6.3662,-4.3657,-3.2956,-0.4987
-3.1915,-0.8404,10.3190,-3.2091,0.0107,3.4099,-9.5409,-9.1267,7.0174,-4.3657,-0.9645,1.6566
-3.0071,-2.7007,9.4379,-2.4010,0.7233,4.3361,-7.2377,-9.2584,4.8315,-4.3657,-1.1247,2.6857
-2.0063,-4.5370,9.4188,-1.9959,1.2073,4.3656,-6.0645,-9.8665,4.5514,-4.3657,-1.0467,3.3883
0.0455,-5.1212,9.8450,-1.3995,1.5799,4.3656,-7.7452,-11.3318,8.4108,-4.1637,0.0564,4.3019
-0.4334,-4.9273,13.0029,-0.1966,2.0487,3.9875,-6.7157,-10.9654,9.7085,-2.7001,0.2617,4.3656
-0.4573,-3.7613,13.4099,1.6559,2.2228,3.1325,-7.6782,-10.4172,11.3796,-0.5720,0.9701,4.3656
-0.0359,-3.2010,13.3549,3.4219,1.9815,2.2716,-5.5617,-7.8003,7.2808,1.7241,1.0609,4.3656
0.1676,-2.1045,9.8354,4.3656,0.9888,1.1107,-5.8490,-6.2920,5.8179,2.8822,-0.4249,4.3656
0.1772,-0.4621,9.2464,4.3656,0.4742,0.3532,-7.3334,-4.0534,4.6950,3.5987,-0.1885,4.3656
-1.2617,0.7614,6.2010,4.3164,-1.0508,-0.2617,0.3639,1.0391,2.9856,3.8457,-2.7346,2.4610
0.2945,2.2553,6.2848,3.6219,-1.4837,-1.0327,-3.5386,1.4246,4.6687,4.2333,-1.4877,0.3709
-1.1037,3.4069,5.0996,3.0232,-2.1091,-1.9670,-4.6591,3.2417,2.7916,4.1625,-1.0786,-0.4141
-1.3408,3.8283,5.6695,2.1469,-3.1483,-2.6004,-4.3766,3.4644,4.0869,3.5899,-3.4976,-1.9117
-2.2051,4.5203,3.1388,1.1481,-3.2086,-2.8310,-3.3088,5.1499,0.4477,2.8170,-2.7095,-2.9243
-3.1747,4.8028,5.2170,-0.6566,-3.2181,-2.5856,-3.8595,4.1276,-0.1053,0.9410,-2.9196,-4.3657
-2.0734,3.9600,4.6855,-2.8106,-2.1786,-1.1891,-6.7277,-0.0862,2.0710,-1.8682,-0.8688,-3.9402
-4.2234,3.6057,6.6822,-2.8717,-1.1337,-0.2574,-9.9216,-2.5570,4.4580,-2.8256,-1.1878,-2.9174
-4.3766,2.5929,7.0366,-2.8814,-0.6343,1.2093,-10.3837,-3.7541,3.9289,-3.3572,-1.2861,-0.7650
-1.7238,0.7638,7.7476,-2.9753,-0.0003,2.2512,-7.8147,-4.7357,4.5993,-4.0592,-1.1269,0.7741
-2.1117,-0.3184,8.3318,-2.6750,0.6186,2.7051,-6.2034,-5.4851,4.5610,-4.2300,-0.6118,1.2000
-2.0614,-1.8172,7.7333,-2.8726,0.4954,3.1882,-6.5074,-6.4332,3.8475,-4.3345,-0.7629,1.4874
-1.2282,-2.5570,9.5313,-2.7463,0.5120,3.1894,-5.0901,-7.7596,6.4284,-4.3657,-1.0146,1.6534
-1.0439,-2.7653,11.2025,-1.8846,0.5979,3.1172,-6.4356,-8.6862,9.2967,-3.3332,-0.5895,1.6333
-0.6321,-2.8012,11.6262,-0.5313,1.1041,2.6219,-8.8969,-9.0261,10.2903,-1.7652,0.3729,2.4865
-0.6560,-2.4134,11.4994,0.5207,1.3522,2.0315,-5.0422,-7.8554,8.4252,-0.3218,0.0472,3.4175
-1.0223,-2.2338,11.8609,1.8862,1.8972,1.8297,-6.5050,-7.2568,8.2744,0.8362,1.5022,2.7444
-0.4357,-1.8268,10.3741,2.7110,1.1540,1.4553,-7.6998,-6.5362,6.3901,1.7512,1.3226,3.2141
-0.7422,-0.6752,9.0118,3.0715,0.5484,0.7096,-7.6255,-5.8227,6.6056,2.2944,-0.6596,4.0286
-1.8723,0.8547,8.7915,3.5499,1.2135,0.4836,-4.7357,-3.0119,6.1411,2.7624,0.2395,3.2807
-1.9848,1.2354,7.7955,3.6026,0.7879,0.4086,-4.7645,-0.6871,3.4884,3.2688,1.3182,2.3487
-1.0151,2.5259,6.5074,3.3139,-0.3222,0.0277,-6.3925,0.0048,4.8387,3.0998,-0.6714,2.3597
-1.3647,3.0335,5.8849,2.9719,-0.7308,-0.7137,-2.6504,2.5666,1.5562,3.7959,-1.4814,1.6511
0.6847,2.8060,7.2089,2.4122,-2.2653,-1.7523,-3.1819,3.6009,2.9784,3.3461,-0.6879,-0.5661
-2.0470,3.5099,4.7070,2.0602,-3.8052,-2.7728,-3.8403,4.2569,2.7390,3.2976,-4.3657,-2.6774
-2.4445,4.4987,3.6775,0.6130,-3.7473,-2.8902,-4.2784,4.1132,2.3008,2.3467,-3.6111,-3.3590
-3.7326,4.7860,4.1875,-0.1434,-2.8603,-2.7019,-3.2825,4.2090,0.5890,1.3480,-1.6098,-4.3657
-3.3878,5.0973,2.9066,-1.1791,-2.7484,-1.8086,-4.2234,2.0518,3.2130,-0.1200,-3.1279,-4.3657
-2.6169,3.6512,5.6120,-2.3242,-2.2078,-1.0220,-5.7581,1.2043,1.0942,-1.2832,-1.6386,-2.6213
-2.4397,2.8180,6.3494,-3.0069,-1.8214,-0.2821,-4.6855,-0.8978,2.0159,-2.6277,-2.9304,-2.8605
-2.7270,2.1931,6.4069,-3.1958,-1.3424,0.4831,-8.8681,-3.6919,4.5873,-3.0688,-0.0927,-2.1128
-3.0047,1.3216,8.4539,-3.2671,-0.9883,1.6085,-7.6399,-4.8171,2.0949,-4.2132,-2.4781,-0.5175
-3.6248,-0.0383,8.5880,-2.8230,0.3356,2.9399,-9.9000,-7.9368,5.8179,-4.3657,-1.2902,0.8575
-2.6887,-1.7454,8.9256,-2.5175,0.9549,3.7927,-7.9751,-8.7101,5.7365,-4.3657,-0.3336,2.5840
-1.4868,-3.5147,10.1825,-1.8784,1.7232,4.2786,-6.4548,-9.5864,6.7684,-4.1294,-0.7278,3.2258
-1.2929,-4.2880,9.4739,-1.4309,1.6522,3.9243,-5.1930,-9.2464,6.1316,-3.5118,-0.0703,3.6487
-0.5052,-4.1635,11.3126,-1.0124,1.7373,3.7674,-6.3111,-9.5409,8.4060,-2.5290,0.0265,3.8336
-1.2210,-3.1125,11.9088,0.2783,1.7220,2.7033,-7.1946,-9.1578,9.0261,-1.1149,0.9093,4.0277
-1.7454,-2.5690,11.7603,1.6565,1.5256,2.3707,-5.9256,-7.0390,6.7924,0.3796,0.4586,3.5394
-1.4317,-1.8292,10.3094,2.4621,0.8071,1.8514,-8.4156,-6.4524,6.5625,1.1648,0.5991,3.2119
-1.2378,-0.5219,9.3709,3.1121,0.6207,1.3468,-7.3550,-5.0637,6.6295,1.9533,-0.2713,3.7900
-2.2913,0.5986,8.5832,3.2959,0.7561,0.7222,-4.9297,-2.7916,4.7477,2.7023,-0.1905,3.5994
-1.6496,1.3264,7.6136,3.3107,0.3481,0.7534,-6.1148,-0.4142,3.6105,2.4404,0.3428,1.8530
-2.0063,2.7940,7.1730,3.0694,0.1427,0.0308,-6.5577,-0.3615,6.4476,2.6857,-0.0023,2.1484
-1.3384,3.3686,6.8331,3.4396,-0.3333,-0.4506,-6.3877,1.4724,3.4213,3.3424,-0.2457,1.4927
-1.0918,3.2226,6.6750,2.8416,-1.6497,-1.0571,-3.1891,3.2968,2.4110,3.4568,-1.6609,0.2511
-1.9441,3.7014,5.0015,2.8898,-2.9940,-1.9500,-5.9496,3.1915,3.1053,3.7334,-2.6342,-1.1189
-3.4955,4.4580,4.7908,2.3627,-3.3881,-2.6264,-3.5817,3.6392,4.1156,3.9396,-3.4212,-2.0295
-2.8563,4.7764,3.9528,1.9473,-3.5393,-2.6709,-6.0094,3.8020,1.2546,3.9139,-2.2665,-3.0692
-3.9863,4.9799,2.4612,1.1475,-3.6400,-2.9933,-4.8267,5.5761,-1.9321,2.8081,-2.8422,-3.3354
-4.6471,5.3415,1.2689,-0.4161,-4.0240,-2.2791,-3.3567,4.9895,-1.4916,0.5841,-4.3657,-4.3014
-3.9289,5.1811,1.5538,-1.9745,-3.0839,-1.4686,-2.9018,2.1787,3.5123,-0.9288,-2.9290,-4.3657
-3.1125,5.0254,4.0941,-2.8766,-1.5576,-0.7477,-8.8777,0.0622,1.2210,-1.7902,0.9501,-4.2565
-3.7589,3.6966,4.4005,-3.6230,-1.8311,-0.1884,-8.3270,-1.2905,1.1205,-3.3157,-2.4461,-2.8974
-3.7757,2.7916,6.8881,-4.1045,-1.2477,1.0716,-7.8937,-3.5099,3.7302,-4.0466,-2.6116,-1.2272
-3.1292,1.5802,8.2959,-3.6653,-0.5036,1.9638,-8.8777,-5.3032,4.0223,-4.2577,-0.2602,-0.2735
-3.0694,-0.3448,6.9528,-3.7509,-0.4636,2.6973,-8.1570,-6.7157,3.2681,-4.3657,-2.4928,1.0789
-3.3447,-1.5730,9.0956,-3.5015,0.1312,3.4844,-6.7229,-8.3773,5.4684,-4.3657,-1.6418,1.7954
-1.8986,-3.2441,10.1873,-2.7154,0.8308,4.0689,-7.0294,-9.6582,7.1443,-4.3657,-0.4354,2.2717
-1.0750,-4.4053,10.4507,-1.9760,1.1963,3.8237,-5.4516,-9.6462,7.3263,-3.6276,-0.6582,2.5874
-0.9242,-4.5011,11.0899,-1.0548,1.6097,3.2973,-5.9759,-9.5864,7.8362,-2.6606,0.5331,2.5672
-1.4988,-4.0031,11.6765,0.0841,1.8333,2.8947,-9.6702,-10.3094,8.6933,-1.3408,1.1053,3.4095
-1.3671,-3.2681,11.6933,1.3555,1.4611,2.2199,-7.6638,-9.1387,7.2209,-0.0055,0.3008,4.3656
-2.6719,-2.4229,11.8920,2.4685,1.5128,1.7341,-5.2265,-7.1347,7.2305,1.2822,-0.0786,3.6732
-1.2210,-1.5036,11.2934,3.7057,1.1816,1.5407,-9.0142,-7.0629,7.9990,2.5031,1.6250,3.3873
0.4549,-0.9649,9.4715,4.3656,0.1958,0.6446,-4.3838,-3.9145,5.0254,3.7028,-0.8725,3.1574
-1.3982,0.7685,7.1563,4.3656,-0.5081,-0.1611,-6.1052,-1.8076,3.8116,3.9091,-0.8791,1.9970
-1.6544,2.3511,7.1323,3.9273,-1.3312,-0.2006,-5.3439,0.2682,2.8994,4.0200,-0.6995,1.6208
-0.5339,2.8611,5.8347,3.4382,-1.9332,-0.9759,-4.8195,1.6951,3.5458,3.8267,-2.1829,0.5985
-1.3455,3.8547,5.6647,3.1793,-2.8651,-1.6727,-3.9241,2.8515,4.3024,4.2225,-2.2978,-0.5431
-2.1548,4.9608,3.2226,2.4044,-2.6791,-1.9473,-4.7190,4.1061,1.9513,3.6471,-2.1561,-1.3085
-1.4461,5.2146,4.0199,1.5708,-2.7443,-2.4509,-4.6136,4.2641,2.9473,3.1373,-1.6983,-2.0475
-2.8563,5.8802,3.0311,0.9138,-2.9160,-2.4628,-4.9728,4.8100,1.3838,2.5037,-2.2020,-2.6441
-3.4860,5.9568,2.8970,-0.0782,-2.5091,-1.8929,-4.8794,4.8267,-0.0862,1.0575,-1.9307,-3.2664
-3.3734,5.6503,2.8563,-0.9489,-1.9722,-1.4875,-5.1547,3.1843,2.2865,-0.0380,-1.4021,-3.6433
-2.8156,5.1188,3.5506,-1.6497,-1.7108,-1.4206,-7.3358,1.8507,2.2960,-0.5954,-0.6987,-3.2723
-3.5865,4.6448,4.0366,-2.4392,-1.6194,-0.8440,-7.1084,1.2953,0.8045,-1.6216,-1.6706,-2.4427
-2.9616,4.0606,4.7908,-3.2631,-1.4565,0.1788,-6.6750,-0.3950,2.3224,-2.9739,-2.1919,-2.0041
-3.0430,3.0837,6.6918,-3.3881,-0.6985,0.9044,-7.5106,-2.3176,4.3000,-3.5426,-0.6658,-1.5611
-2.3272,2.1691,7.7572,-3.3715,-0.8913,1.2931,-7.9966,-3.5291,4.8004,-3.4625,-1.3941,-0.5412
-2.5642,1.2378,7.6806,-3.1355,-0.5915,1.9000,-6.6583,-4.5705,4.8219,-3.7691,-1.9685,0.0703
-1.5802,0.1652,8.3749,-3.0169,-0.2423,2.3649,-6.9025,-5.7461,5.6048,-3.8424,-0.8675,0.7773
-1.4341,-0.7638,9.1482,-2.5452,0.1243,2.6148,-6.5314,-6.4715,5.9711,-3.5701,-0.9105,1.3027
-1.6640,-1.8244,9.2943,-2.1178,0.1909,2.8185,-6.2058,-7.1180,6.0645,-3.2539,-0.8553,1.5624
-1.3312,-2.2984,9.9455,-1.4687,0.5440,2.8866,-6.2225,-7.4986,6.3207,-2.7244,-0.4142,2.1205
-0.7829,-2.9137,9.4212,-0.8376,0.8978,2.8156,-7.7716,-8.2863,8.4443,-2.1923,-0.1013,2.4649
-0.5219,-2.8754,10.2568,-0.3003,1.0761,2.3710,-5.8754,-7.5633,7.0533,-1.4806,0.0424,2.9657
-1.3384,-2.4277,11.9135,0.7589,1.4432,2.1965,-8.1044,-7.9057,7.7955,-0.4502,0.9272,3.2928
-1.6472,-1.8747,12.2966,1.9000,1.4480,1.9961,-8.1594,-7.2018,7.6423,0.5027,0.7148,3.8618
-1.2641,-1.5562,10.5441,3.0437,1.1282,1.7581,-5.4324,-4.7980,4.9895,1.5204,-0.2394,3.4355
-0.9409,-0.5698,8.4779,3.1520,0.6760,1.4244,-4.0534,-3.7062,6.3734,2.1234,-0.4891,3.2554
-0.8140,0.6919,7.4005,3.3378,0.8958,0.9399,-6.2345,-2.2984,4.8147,2.3678,1.0824,2.4961
-0.0862,1.6041,8.7915,2.8114,-0.0413,0.5772,-3.9816,-0.3615,4.9584,2.5006,-0.8443,1.9845
0.3280,2.6384,7.8386,3.0298,-1.0194,-0.3071,-5.1308,0.7518,5.5929,2.8005,-1.3063,1.0448
-0.2514,3.6727,6.1172,2.6721,-1.3280,-0.9165,-4.7477,1.5060,6.2345,3.0754,-1.3177,0.2907
-0.7422,4.2449,6.2776,2.4152,-1.6144,-1.3451,-3.4931,3.2154,4.2689,3.1633,-1.2060,-0.3423
0.5411,4.0725,6.0597,2.1100,-2.5041,-2.5247,-3.9337,2.6959,5.5713,3.7398,-1.7961,-1.7356
-1.8459,4.7669,5.6527,2.0574,-3.3019,-2.9304,-5.5234,3.1556,3.9145,3.8865,-2.3553,-2.7010
-3.3734,5.7126,3.1580,1.4910,-3.3072,-2.8847,-6.7493,3.7182,2.3727,3.2523,-2.6489,-2.4578
-2.3296,5.8562,4.0989,0.8799,-2.7466,-2.5967,-6.6702,3.4955,3.2010,2.7248,-1.5881,-2.4114
-4.2377,6.0190,3.8786,0.4874,-2.1569,-2.1357,-5.6838,4.5514,0.5411,1.7716,-1.5402,-2.5269
-2.1620,5.4061,3.0023,-0.4419,-2.1583,-1.4573,-4.3000,4.1132,1.2498,0.3745,-2.0614,-3.0978
-3.2657,5.3391,2.5474,-1.4257,-1.4989,-1.4372,-4.6400,2.6695,2.6384,-0.5962,-1.1355,-3.5204
-3.3710,5.3846,4.5298,-2.1396,-0.8922,-0.5540,-7.1539,1.2210,2.6384,-1.3114,-0.0518,-3.2289
-1.9297,4.3622,5.1715,-2.6903,-1.2099,-0.2399,-7.8602,0.1652,2.7054,-2.0358,-1.3923,-2.2322
-2.8347,3.6416,6.1411,-3.0784,-1.0002,0.2228,-6.3973,-0.9577,3.0718,-2.7554,-1.8787,-1.5419
-2.3990,2.9473,6.6631,-3.2397,-0.8279,0.9911,-7.2856,-2.3320,3.4093,-3.3886,-1.2742,-1.1591
-2.3032,1.5897,6.6726,-3.4452,-0.5577,1.5158,-7.4412,-3.8786,3.7661,-3.7487,-1.5757,-0.1544
-2.0614,0.4405,7.5250,-3.5991,-0.6604,2.0844,-6.6343,-5.1212,3.6679,-4.1691,-1.6185,0.6343
-2.5594,-0.6728,8.6335,-3.3449,-0.4435,2.8360,-6.7086,-6.7612,4.3024,-4.3657,-1.7152,1.0948
-2.9018,-2.0279,8.8969,-3.0022,-0.1506,3.5205,-7.0078,-8.1092,5.2074,-4.3487,-1.5370,1.7884
-1.8340,-3.5698,8.9854,-2.6360,-0.0608,4.0632,-5.8155,-8.7867,5.7365,-4.0215,-1.4392,2.2841
-0.8380,-4.0606,10.3789,-1.8996,0.3853,3.9446,-4.9464,-9.0812,7.1539,-3.4836,-1.0500,2.3410
0.4142,-4.0534,11.1857,-0.8565,0.9766,3.4232,-5.6910,-9.1746,9.4116,-2.2981,-0.2641,2.6977
0.8068,-4.2138,10.5153,0.1917,1.0372,2.6841,-4.9512,-8.5281,7.9392,-1.2300,-0.0272,2.9639
0.2969,-3.2681,11.3342,0.8509,0.9096,2.0279,-5.6982,-8.5712,8.1810,-0.1703,0.1091,3.5142
-0.0168,-2.6743,11.6167,2.0928,0.9842,1.6168,-6.2752,-8.0182,8.6215,0.7161,0.3411,2.9948
0.0144,-2.4541,11.1067,3.0093,1.0377,1.3712,-5.0302,-6.4476,7.2927,1.9971,0.1869,2.7867
0.1556,-1.1349,10.0963,3.4911,0.7249,0.6434,-6.2082,-5.7245,7.6088,2.6797,0.4277,3.0463
-0.6440,-0.2370,8.8442,3.8405,0.9282,0.2505,-4.0917,-2.8730,4.9560,2.8641,0.3829,2.1998
0.2538,1.2019,9.1291,3.5102,-0.3099,-0.3299,-5.2936,-2.8228,8.0158,3.5837,-0.2040,2.0595
0.6105,1.4557,8.4396,4.1463,-0.9182,-1.2201,-5.1763,-0.6584,4.9129,4.3656,-0.6708,0.8120
-0.9912,2.2913,5.9831,3.6046,-2.1091,-1.9837,-1.8818,1.5562,4.0845,4.3656,-2.1441,-0.4155
-0.5171,3.5171,4.8530,3.0105,-2.2929,-2.2244,-5.0398,1.9848,3.4764,4.3122,-1.4024,-1.6930
-2.4780,4.5155,4.9057,2.3096,-2.5522,-2.8866,-4.9249,3.1436,2.6552,3.9110,-1.2168,-2.2016
-2.9377,5.5354,4.0031,1.2717,-3.1023,-2.3550,-6.0023,4.0079,1.4485,2.6740,-2.6418,-2.4111
-2.2577,5.4971,3.8451,0.5348,-3.0494,-2.0680,-4.2784,4.1515,1.9752,1.7062,-1.8177,-2.8388
-1.4198,5.1284,2.6839,-0.4592,-3.1808,-1.9077,-3.2322,3.2872,3.5650,0.8303,-2.9335,-3.6934
-0.4405,4.5681,3.4764,-1.4422,-2.9925,-2.2795,-4.0773,2.1045,3.8523,0.2920,-1.5724,-3.8420
-1.7334,4.2856,4.8315,-2.1622,-2.9904,-2.2934,-4.2760,0.9146,3.9911,-0.3351,-1.8834,-3.9371
-2.5043,4.1707,5.3367,-2.8416,-2.5070,-1.6254,-7.0868,-0.8260,3.5027,-1.2781,-1.6768,-3.3781
-4.1587,3.7757,6.8043,-3.1712,-1.6407,-0.3733,-9.4044,-2.2242,2.4948,-2.1991,-0.8520,-2.1734
-4.5993,2.6097,6.9432,-3.1736,-0.8172,1.3575,-10.8481,-4.3551,2.6791,-3.3873,-1.4702,-0.5291
-3.9840,0.6752,7.3646,-3.2635,0.2180,2.9771,-9.6007,-5.8107,3.5458,-4.2220,-0.9674,1.4417
-2.8970,-1.2163,8.7173,-3.0307,0.7253,4.0769,-7.5441,-6.9815,3.5913,-4.3657,-0.4967,2.4706
-2.6001,-3.1388,8.4803,-2.7594,0.5148,4.3656,-6.3063,-8.4874,3.3758,-4.3657,-1.3355,3.0125
-0.4214,-4.2425,7.6231,-2.8861,0.3272,4.3656,-4.1228,-8.7532,5.1404,-4.3657,-1.7650,3.2977
-0.1628,-4.6352,9.9335,-2.4120,0.6503,4.3656,-4.0486,-9.1818,6.5529,-4.3657,-0.6398,2.8515
-0.0287,-4.2545,12.1434,0.0798,1.3800,3.5301,-6.6846,-10.0149,11.1235,-1.9035,-0.4888,3.3087
1.0080,-3.8930,11.8776,1.3065,1.5418,2.7243,-5.5905,-8.0134,8.5042,-0.2771,0.7821,3.4600
-0.4980,-2.9975,11.4156,2.3697,1.2533,2.1226,-5.4851,-6.7540,6.4189,0.5712,0.2350,3.0439
-1.0319,-1.8531,12.6007,3.6010,1.1497,1.9909,-7.2856,-6.5194,7.9823,1.5200,0.2506,2.9657
0.8619,-1.6209,8.8681,4.2581,0.2462,1.1350,-3.8786,-5.2241,7.7859,2.8690,-0.7041,3.1280
0.6608,-0.4717,9.6391,4.0324,-0.2154,0.0220,-3.2226,-3.9600,7.8889,4.0601,-0.5765,1.3487
0.0527,1.1133,8.5928,4.3078,-1.4959,-0.9839,-6.4212,-1.9297,4.2282,4.3656,0.0560,1.1097
-0.6991,2.4421,6.3686,3.6997,-2.3594,-1.5940,-2.5139,0.8715,3.6057,4.3656,-3.3561,0.4542
-0.3639,3.7924,5.1619,3.2005,-1.8600,-2.0173,-5.5354,0.5866,6.2920,4.3656,-0.2070,-0.8645
-1.8459,4.9129,4.9584,2.6767,-2.4817,-2.3799,-4.5873,2.8539,2.0566,4.3656,-0.6065,-1.1912
-1.4126,5.6383,3.3519,1.6453,-2.6826,-2.4243,-4.5442,4.5011,1.5107,3.2778,-2.4249,-1.6494
-1.8723,5.6503,2.6408,0.5970,-2.7923,-2.6193,-3.2992,4.9177,1.5060,2.2928,-1.5420,-2.6124
-1.4054,5.5929,4.2497,-0.2469,-3.1602,-2.4600,-2.9329,3.9289,3.0335,1.5680,-2.4316,-3.8403
-2.1308,5.6527,3.8499,-0.7238,-2.7071,-2.3854,-5.9448,2.6384,3.6583,0.9009,-1.5251,-4.1621
-1.7741,5.2241,3.6799,-1.6108,-2.7351,-2.1104,-6.5721,1.9010,2.9999,0.3776,-1.3135,-3.5053
-3.7373,5.1595,3.8307,-2.3016,-2.4087,-1.4258,-5.5761,1.4581,2.4086,-0.8520,-2.4256,-3.0141
-2.4732,4.4125,4.9847,-2.9459,-1.4605,-0.6161,-5.8945,-0.3184,3.8235,-1.7217,-0.7568,-3.1720
-2.2410,3.1723,5.9687,-3.3546,-1.0608,0.1278,-9.1291,-2.1332,2.5163,-2.5055,-0.3601,-1.8598
-3.9552,1.6712,6.5769,-3.7461,-0.7881,1.3320,-8.6550,-3.7062,0.7949,-3.7053,-2.2286,-0.6332
-2.6887,0.2969,7.0701,-3.9333,-0.5129,2.4678,-8.2672,-6.1914,3.4022,-4.3657,-1.5688,0.7726
-3.5578,-1.1420,9.2751,-3.6533,0.1034,3.4226,-6.6870,-7.6136,5.2146,-4.3657,-1.4458,1.4907
-2.2434,-2.4421,10.2592,-2.9870,0.0941,4.3182,-7.7907,-8.9615,6.1411,-4.3657,-1.2148,2.0476
-1.2977,-3.6392,9.6127,-2.1830,0.6006,4.3656,-6.2489,-9.0812,5.9400,-4.1978,-1.3306,2.8125
-0.0431,-4.3646,9.4978,-1.6205,0.6250,4.0897,-3.6057,-8.6574,6.1316,-3.7962,-1.2714,2.8954
0.4381,-4.5849,10.3501,-0.9497,0.8771,3.3638,-3.6847,-8.6215,8.3773,-2.7354,-0.5716,2.2107
-0.3687,-4.1539,11.0828,0.0177,0.8072,2.5331,-6.5386,-9.1435,8.4420,-1.0573,0.0969,2.5603
-0.7494,-3.2513,11.5855,1.1950,0.9216,2.1344,-6.6942,-8.8897,8.4084,-0.2084,-0.2618,2.8975
-0.7350,-2.8276,12.3828,2.4365,1.6551,1.9750,-6.4763,-8.5234,8.7412,0.9006,0.8448,2.9956
-0.3974,-2.1979,11.6885,3.5654,1.2389,1.6430,-6.2513,-7.0222,7.5609,1.9905,0.7911,3.4123
-0.1604,-1.3886,9.8234,4.3516,0.7838,1.2493,-3.2944,-5.1260,7.5393,2.9689,-0.4434,2.9003
1.0870,-0.2011,7.6902,4.1569,0.6001,0.4120,-4.3000,-3.3639,6.3398,3.4114,1.2820,2.0909
0.3352,1.1588,8.6670,4.1184,-0.8410,-0.8172,-4.7884,-1.3384,4.6735,4.1588,-0.1264,1.1531
-0.4717,2.1955,5.4229,3.9030,-1.9782,-1.6912,-4.2904,0.0479,4.8626,4.3656,-1.9485,0.2194
-1.2570,3.4955,5.7413,3.2488,-2.4355,-2.0799,-4.8914,1.1684,3.4692,4.3656,-0.6594,-0.9216
-1.8699,4.3862,3.0957,2.5103,-3.1408,-2.3317,-5.8395,2.5809,1.8651,4.0588,-2.2840,-1.3427
-1.3336,5.0350,4.6160,1.7044,-2.8921,-2.6941,-4.1611,2.9233,4.1013,3.5934,-1.7332,-2.3626
-2.0949,5.2816,4.3000,1.2119,-3.3124,-3.1145,-5.4899,3.0430,2.7725,3.3734,-1.3182,-2.7788
-3.2034,5.7892,3.2130,0.5241,-3.1554,-2.5659,-5.7102,3.3447,1.9944,2.2896,-2.4778,-3.0482
-2.5881,5.6240,3.3064,-0.3356,-2.7953,-2.5484,-5.4372,3.2130,2.6624,1.3388,-1.5050,-3.2151
-2.8419,5.6360,3.7134,-1.1351,-2.1430,-1.8819,-6.8139,2.4612,1.3910,0.2918,-0.9324,-3.0578
-3.3782,5.0589,3.0909,-2.3077,-2.2028,-1.2220,-6.5362,1.6233,2.0686,-0.9722,-2.1529,-2.3898
-2.4373,4.0582,4.2449,-3.2450,-1.3772,-0.5582,-6.4284,0.2658,1.8531,-2.1827,-1.1842,-1.9859
-3.1627,2.7988,5.1858,-3.9137,-1.0487,0.1873,-7.6902,-1.7573,1.8531,-3.2567,-1.0317,-1.2252
-3.8068,1.6496,7.1850,-4.1328,-0.8968,1.4617,-7.8745,-3.8355,2.9161,-4.2196,-1.7974,-0.4243
-3.5554,0.5818,9.2536,-3.7399,-0.2328,2.6521,-8.8777,-5.9879,5.1044,-4.3657,-0.9581,0.3589
-3.1580,-0.7853,9.7013,-2.9278,0.2226,3.4125,-9.0405,-7.2329,5.6192,-4.3576,-0.8483,1.6598
-3.0071,-2.2673,8.9591,-2.4004,0.4719,3.9339,-7.0198,-7.6064,4.6424,-4.2321,-1.3478,2.5178
-2.4756,-3.0167,8.6191,-1.9814,0.9996,4.3395,-6.7205,-8.2648,5.6192,-4.1246,-0.5446,2.6797
-1.1564,-3.8020,9.7516,-1.5616,1.6725,4.3656,-6.7660,-8.6143,7.3191,-3.6685,0.1961,3.3167
-0.8164,-4.0294,10.0580,-0.9658,1.6655,3.9245,-5.5641,-8.5090,7.3550,-3.0084,0.0542,3.4784
-1.1037,-3.6871,11.9542,-0.1264,1.8977,3.4399,-6.0549,-8.4348,7.9080,-1.9208,0.6961,3.5018
-0.8954,-3.0215,12.3972,1.1592,1.8041,2.7543,-6.4021,-7.7069,7.9751,-0.7637,0.7593,3.6215
-2.2721,-2.0231,12.0931,2.4429,1.8175,2.4344,-7.2305,-7.2449,8.8490,0.4132,0.4455,3.2317
-0.6057,-1.1803,10.1610,3.2091,1.2943,1.9810,-5.2553,-5.5641,7.8769,1.8263,0.6249,3.5908
-0.7087,0.0527,8.4443,3.8796,0.8809,1.1802,-6.3279,-3.5961,5.4061,2.7206,0.7184,2.5778
-0.9601,1.3503,7.7213,3.4559,-0.4566,0.4992,-4.6160,-1.3120,4.6352,2.8169,-0.9297,2.1400
-0.6560,1.9872,9.5122,3.6030,-1.3741,-0.4042,-5.6360,-0.3519,5.0182,4.0075,-0.6005,0.5089
-2.1979,3.1268,6.1699,3.2222,-3.2736,-1.4138,-6.7924,0.6488,4.4269,4.3656,-3.1010,0.0274
-1.6855,3.8738,6.2560,3.0799,-3.4318,-1.9164,-5.3558,1.8531,3.7565,4.3656,-2.6708,-0.8150
-1.7430,4.3574,4.2880,2.7693,-4.2569,-2.6717,-4.7357,3.4117,2.4684,4.3656,-2.7865,-1.7172
-2.5402,5.2529,1.5036,1.5422,-3.8834,-2.8607,-3.5386,4.7214,1.1636,3.4711,-3.7335,-2.8490
-3.0239,5.7389,2.3703,0.4139,-3.0748,-2.8762,-4.9584,3.8642,2.0614,2.2759,-1.0962,-3.4736
-3.4620,6.0837,3.6512,-0.2523,-2.2003,-2.4339,-7.2425,3.0430,2.0590,1.2662,-1.0604,-3.4352
-2.7438,5.5474,3.3279,-0.9491,-2.2962,-1.9335,-7.2712,2.8563,1.8555,0.4507,-1.5763,-2.8329
-1.8555,4.3479,2.5881,-2.1518,-2.5042,-1.6206,-3.1771,3.4788,-0.2562,-0.7314,-2.4748,-2.5897
-2.7270,3.7637,2.7390,-3.3558,-1.8540,-1.1830,-3.6631,0.6345,2.5953,-2.4968,-2.0287,-3.5011
-2.8323,3.2370,6.0358,-4.0879,-0.8932,-0.3024,-8.8202,-2.3296,3.1364,-3.0537,0.2459,-2.6702
-4.6184,1.7621,7.3909,-4.1018,-1.0344,0.7437,-10.0221,-4.1084,2.4660,-3.5577,-1.6983,-1.0765
-5.3582,0.4477,7.9392,-3.9604,-0.6759,2.1543,-8.4084,-6.0454,3.9193,-4.3657,-2.2242,0.2438
-3.7828,-1.6305,9.4164,-3.4558,0.2662,3.4098,-9.0740,-8.0325,4.9249,-4.3657,-0.4255,1.3940
-2.1644,-3.2729,8.8083,-3.1281,0.2888,3.7506,-7.6255,-8.7412,5.7174,-4.3657,-1.4589,2.5547
-2.7916,-3.9002,9.6414,-2.5347,0.5785,3.8317,-5.3415,-8.3797,4.5203,-4.1820,-1.2219,2.5670
-1.8675,-4.6615,9.4403,-2.0336,0.5514,4.2789,-5.8395,-8.7939,6.6176,-3.8120,-0.7036,2.5458
0.0359,-4.4077,10.0030,-1.1437,0.9563,3.5266,-5.1619,-8.3534,7.9080,-2.6373,-0.3420,2.6041
-1.3886,-3.6775,10.5943,-0.3604,0.9122,2.8709,-4.6232,-7.3981,7.0006,-1.6623,-0.1278,2.4709
-0.9673,-2.6911,12.2296,0.8997,1.5036,2.5952,-7.0868,-8.1858,9.4140,-0.6239,0.6019,2.5211
-0.7015,-2.7821,9.8521,2.0627,1.3338,2.0197,-6.4763,-6.9408,6.8378,0.5989,0.8120,3.1141
-1.4150,-1.8866,9.8186,2.4882,1.2784,1.6870,-5.5498,-5.7676,6.5050,0.8224,0.1709,2.7931
-1.9489,-0.7063,11.1235,3.2582,1.8130,1.6939,-7.1706,-5.3893,7.6279,1.5539,1.9001,3.2520
-1.7573,-0.0886,8.2025,3.5990,1.8875,0.8062,-5.7293,-3.5793,5.7389,2.3679,1.1628,3.1311
-1.4844,1.3719,7.4939,3.7184,0.6937,0.5545,-7.2760,-3.2944,7.6974,2.8711,0.7738,2.7419
-1.1875,1.6831,7.7788,4.1111,0.6851,-0.1931,-6.1483,-1.3001,3.3902,3.8852,1.6530,2.2559
-1.4509,1.9034,7.4915,4.3656,-2.6013,-1.9177,-5.7006,0.5555,2.5833,4.3656,-1.9201,0.7111
-3.7541,2.7150,3.7182,3.5193,-4.3657,-2.1710,-5.4851,2.9209,-0.4190,4.3656,-4.3657,-1.0532
-3.7493,3.3279,5.6838,2.7386,-4.3657,-3.1197,-5.9041,2.6073,2.2434,4.3656,-3.0299,-2.9745
-5.0709,4.3335,3.8786,2.0507,-4.3657,-2.9238,-6.3829,3.7493,-0.1197,4.3146,-4.2304,-3.0124
-3.5841,4.2018,3.0670,0.6430,-4.3657,-2.8682,-3.3016,3.1029,3.0239,2.4880,-4.3657,-4.3276
-2.7988,4.4891,2.7821,-0.8344,-3.8357,-2.4075,-5.6431,1.8794,3.0837,1.6114,-1.0008,-4.3657
-3.1675,4.1324,1.5083,-2.4311,-3.9203,-1.9353,-6.0765,1.8483,0.2059,0.0737,-3.1433,-3.8036
-3.3806,3.6129,3.3088,-3.9211,-2.5486,-1.0317,-5.0853,0.3256,0.8212,-2.0642,-3.1189,-3.2568
-3.1987,2.4110,5.4636,-4.3657,-1.3179,-0.1307,-9.0908,-2.8084,1.7621,-3.4078,-0.1486,-2.3451
-4.8028,0.8667,7.4508,-4.3657,-1.1499,1.0615,-8.7484,-4.9392,2.5211,-4.0424,-2.5952,-0.7722
-4.3551,-0.4693,10.3884,-3.9844,-0.6622,2.9516,-9.7013,-7.8099,5.5522,-4.3657,-1.9236,0.5878
-3.6464,-2.0925,10.2879,-2.8979,0.3340,3.8999,-9.1099,-8.7939,6.4763,-4.3657,-0.7982,2.3052
-1.9489,-4.0534,9.0668,-2.3835,0.4992,4.3656,-5.4588,-8.7053,5.1595,-4.3657,-1.8032,3.1243
-1.6807,-4.8530,9.4092,-2.1136,1.0472,4.3656,-4.0175,-8.9567,6.4811,-4.3657,-0.6400,2.9712
-1.5897,-4.5729,12.0141,-1.0576,1.7848,4.3656,-8.1570,-10.6997,10.1203,-3.5205,0.8863,3.3941
-2.5259,-3.9887,12.9191,0.3468,2.3455,4.1751,-9.1315,-10.6853,11.5568,-1.9584,0.5340,4.3656
-1.1468,-3.4046,11.9662,1.9277,2.9270,3.4414,-6.5817,-9.0285,8.4539,-0.3557,1.7059,4.3656
-3.9648,-2.9329,11.4467,3.0098,2.9736,3.2121,-3.3040,-6.2321,6.7109,0.4271,1.5791,4.3656
1.6472,-1.9537,7.4005,4.1099,2.5607,2.6296,-6.5984,-5.0230,5.9520,1.2021,3.1493,4.3656
-1.8818,0.0934,6.9240,3.6717,2.0207,0.4960,-4.4772,-2.1907,5.5091,1.7031,0.9057,3.9909
-3.9121,1.5443,6.4763,3.3692,1.5906,0.1278,-5.7054,-0.0144,3.0646,2.7043,1.3510,2.6325
-3.1005,2.4612,6.4428,2.6217,-0.2918,-0.1508,-4.5562,2.5498,-0.0455,2.3689,0.2453,1.2432
-4.8674,3.9959,5.1978,1.9929,-1.5997,-1.1274,-7.1467,2.8874,-0.3328,2.9441,-0.8787,-0.2176
-6.7325,4.6136,0.4214,0.4525,-0.6117,-0.5039,-7.5920,4.7214,-3.5530,0.4752,-0.7408,-0.9389
-7.0581,4.4628,0.5219,-1.3676,-0.3139,-0.0095,-7.0533,4.0797,-4.8219,-1.6105,-0.2418,-1.2768
-8.5138,4.2138,1.5562,-2.2797,0.9932,0.8001,-8.2815,1.1133,0.5219,-3.2167,-0.5173,-1.5335
-6.0310,3.1077,2.6504,-3.0943,2.7248,1.0227,-10.9607,-0.0407,0.2562,-3.9650,3.7044,-0.7068
0.3376,-0.9912,10.6183,-3.3147,-3.0317,-1.7046,-2.9113,-3.9624,7.7788,-1.2436,-1.6606,-3.7431
-2.1332,-0.9649,13.3189,-0.8162,-4.0757,-3.6655,-7.1443,-8.9399,11.1402,1.7746,-2.4553,-4.3657
-1.0175,-1.9824,13.1873,1.2653,-3.2532,-4.1334,-10.2879,-10.1538,12.1051,3.8063,0.5614,-4.0484
-2.9449,-2.1955,12.1338,2.1489,-2.5450,-4.3657,-6.7732,-9.1195,8.5593,4.3656,-1.7166,-3.0357
-4.1683,-1.0965,11.4132,3.2646,-0.8583,-4.0232,-10.8170,-9.8833,8.4946,4.3656,1.9429,-2.1306
-2.9449,-0.2658,9.3829,3.8780,-0.5308,-3.3196,-10.8505,-7.8243,5.2553,4.3656,2.1629,0.3633
-4.5729,1.0008,7.6351,3.9528,0.4446,-2.2629,-5.7652,-3.5195,1.9178,4.3545,-0.3297,0.8192
-4.5107,2.5738,5.5162,3.5727,1.3213,-1.1479,-9.4044,-2.6528,2.9473,3.5273,2.8797,1.7023
-3.7900,3.3782,6.8163,3.4308,2.3561,0.0346,-7.3765,-0.3424,1.3862,2.3666,2.4147,2.6148
-3.6703,3.9433,2.4828,2.9174,2.1448,0.6386,-8.5042,0.9122,1.7621,1.3367,1.4845,3.0451
-3.6655,4.8602,2.2553,1.8205,2.4733,0.9687,-2.9090,3.9433,-0.3328,0.6001,1.2228,3.4853
-0.6608,5.0733,2.6360,0.6007,2.1984,1.1620,-2.3272,5.4013,1.6712,-0.3297,2.1638,1.3251
-0.9026,5.8802,3.6607,-0.1736,0.3039,0.5848,-3.4788,5.4755,1.9273,-0.3164,0.7714,-0.1059
-0.2394,5.7628,2.3894,-1.6886,-1.4922,-0.3853,-1.9848,5.0781,2.6959,-0.7961,-0.9288,-2.7857
-1.1085,5.3127,2.7126,-2.6598,-2.1087,-0.9890,-3.9049,3.6057,0.6656,-1.3859,-1.0361,-3.5120
-2.6647,4.9416,3.1747,-3.7788,-2.2978,-0.5713,-5.8395,0.9888,2.3703,-2.6334,-3.1983,-3.3576
-2.8204,3.9409,6.5457,-4.0012,-1.0119,0.1703,-9.4260,-1.8076,3.3016,-3.3910,-0.1787,-2.1799
-2.4852,1.7885,6.1603,-4.2154,-1.7213,0.7915,-9.1842,-3.7254,2.0183,-3.9077,-2.5082,-0.3228
-5.6168,1.0678,10.3525,-3.9965,-0.6781,1.7792,-6.6176,-6.4955,7.1682,-4.3657,-2.9948,0.2180
-3.9169,0.0766,12.3038,-2.0267,1.0095,2.9791,-12.1937,-8.6095,10.0796,-3.5642,1.9509,1.1314
-2.6264,-1.3048,9.9192,-1.4029,1.7990,3.3604,-8.1139,-7.2880,6.7924,-2.7991,-1.0962,3.5057
-1.6328,-1.7980,11.6143,-0.6275,2.7781,3.4326,-6.5960,-7.0844,8.1044,-2.3882,1.4534,3.9953
-2.9880,-1.1803,11.3509,0.2405,2.9741,3.0410,-7.8626,-6.5745,7.6950,-1.7178,2.6432,4.0652
-1.6568,-1.1851,12.4091,1.1105,2.9364,3.1621,-5.9448,-5.8826,9.1794,-0.7578,0.6912,4.0045
-0.1317,-0.3376,12.8353,2.4766,1.9585,2.3233,-7.2233,-5.4013,9.9000,1.1596,1.9232,3.8693
1.0199,-0.4286,11.6574,3.7550,0.3952,0.4375,-1.6017,-3.3255,10.4986,3.6612,-0.2462,1.9713
2.6169,-0.5315,9.5050,4.3656,-3.6192,-1.7235,-7.6519,-3.7373,5.4013,4.3656,-1.2750,-0.5553
-3.2729,1.1875,6.2225,4.3656,-4.3657,-3.6672,-7.0222,0.1077,0.0024,4.3656,-4.3657,-0.8246
-3.9863,3.0885,4.0247,3.1151,-4.2725,-3.1224,-5.1882,2.0135,0.9529,4.3656,-4.3657,-2.2171
-4.8961,5.2864,1.9800,2.2429,-2.6837,-2.8328,-7.3263,2.5857,2.5833,4.0516,-0.0569,-2.1553
-3.7685,6.0908,1.6281,0.6226,-0.8480,-1.6178,-6.1818,4.9752,-0.4525,1.2626,-1.3239,-1.3459
-2.6791,5.2648,3.4477,-0.2895,-0.1863,-1.6490,-4.9009,4.6064,0.2682,0.3472,1.0560,-1.6184
-3.8499,4.7046,1.7142,-1.5831,-0.4086,-1.4774,-4.1108,4.1204,-0.9098,-1.1394,-0.3720,-2.5346
-3.6009,4.2162,3.0143,-2.9042,-0.8419,-0.7037,-6.3398,1.6233,-0.0766,-2.4692,-0.5492,-3.1673
-4.0462,3.7996,5.2002,-3.3953,-1.2772,-0.2310,-8.1738,-0.3400,1.4269,-2.8322,-0.7262,-2.8128
-3.9073,3.2777,5.8395,-3.4845,-1.4725,0.6628,-9.8497,-2.2745,2.7988,-3.4029,-2.3001,-1.6321
-4.7980,2.1715,7.1108,-3.5717,-0.8965,1.3675,-8.0469,-3.4357,4.2689,-3.6409,-1.9629,-0.4744
-3.7661,0.9122,8.5521,-3.1351,0.0887,2.2383,-9.2991,-5.0949,4.7429,-3.9603,-0.3424,0.3652
-3.2226,-0.9002,8.1187,-2.8205,0.3166,2.7384,-7.5513,-5.7102,3.9337,-3.9246,-1.1716,1.3567
-4.0079,-2.8395,9.4571,-1.3829,0.9926,2.9480,-8.0014,-7.7141,3.9385,-3.1746,-0.6580,1.7297
-2.9999,-3.0694,9.3278,-1.1285,1.0798,3.1610,-9.4882,-8.7676,6.3494,-2.7438,-0.1367,2.8076
-3.7661,-2.5331,10.5417,-0.3849,1.5472,2.7343,-7.3646,-7.8266,5.6599,-1.9372,0.2619,3.6460
-3.4979,-2.1021,11.0732,0.7265,1.7519,2.8218,-10.1897,-8.3510,8.1427,-0.9681,0.9507,3.7967
-3.5338,-1.7454,11.1809,1.9179,1.5629,2.7284,-7.5154,-6.0789,5.4636,-0.1082,0.5400,3.6087
-1.9154,-0.6943,10.2328,2.7367,1.2081,2.3244,-5.3558,-4.8914,7.0413,1.3699,-0.2213,4.3024
-1.7597,0.1987,10.1011,3.7888,0.6022,1.9498,-6.8283,-2.8563,6.1579,2.2315,0.7137,2.7741
-0.7494,1.8411,7.4172,3.7009,-0.5111,0.6442,-7.7740,-1.4892,4.8578,3.1876,-0.2301,2.8602
-1.7023,2.8252,6.7253,3.4343,-1.2957,-0.2674,-2.4301,1.8268,3.0742,3.3187,-2.6283,1.6874
0.3567,3.1173,6.8187,3.0473,-2.2768,-1.1688,-4.3455,1.8579,4.9321,4.1903,-0.8194,-0.1343
-1.9609,3.8906,4.6280,2.6874,-2.9096,-2.1889,-5.5569,3.0885,2.8180,3.8018,-2.3569,-1.3552
-1.8028,4.2377,5.1116,1.8899,-3.6210,-2.7340,-4.6974,3.2394,3.5650,3.7061,-2.8861,-2.3611
-1.9609,4.1420,5.1811,1.2438,-3.8036,-3.3117,-5.1858,2.4804,3.9145,3.6739,-2.2280,-3.2879
-4.6424,4.6783,4.1827,0.9293,-3.5096,-3.4406,-6.4763,2.8994,0.4453,3.1893,-2.5931,-3.9632
-4.1611,4.4293,3.3184,-0.1788,-3.3654,-2.8559,-6.2560,2.4301,0.4717,1.5234,-2.4416,-4.1807
-3.6607,3.9792,3.0861,-1.1411,-3.1215,-2.6993,-5.7844,1.5993,1.2857,0.5211,-2.1218,-3.9743
-6.0597,3.9169,2.9664,-2.3823,-2.2016,-1.6529,-6.2177,0.0670,1.2306,-1.0024,-2.1369,-3.7710
-4.0797,3.4692,5.6048,-3.0676,-1.2486,-0.3337,-10.1538,-1.8699,1.5395,-2.1236,0.0655,-2.8382
-4.8004,2.2865,5.4348,-3.4443,-0.9839,0.5454,-9.5960,-2.9377,1.1947,-2.9808,-1.8129,-1.1277
-5.5138,1.0846,6.4763,-3.6981,-0.3612,1.8799,-8.8250,-4.5562,1.4748,-4.0233,-1.8578,-0.1931
-5.3774,-0.2490,7.4723,-3.5566,0.5911,3.0020,-9.6319,-6.4308,2.1380,-4.3657,-0.1403,0.7802
-3.9337,-2.1452,8.3534,-3.3779,0.8009,3.8942,-8.0038,-7.7955,3.5626,-4.3657,-1.5442,1.8960
-2.8802,-3.1484,9.8234,-2.7166,1.4265,3.9652,-7.8602,-9.3446,6.9719,-4.3657,-0.0121,2.4138
-3.9792,-3.2441,11.8633,-1.5214,1.9653,3.9057,-10.7715,-10.2568,7.4579,-3.7330,0.7643,3.4932
-0.2442,-3.0598,10.3789,2.6684,1.6879,2.7657,-4.4700,-7.9272,9.9742,0.2482,-0.2150,4.1248
-0.9768,-1.1061,13.1921,3.5264,0.8108,1.4278,-8.1403,-6.5625,8.1738,2.5663,1.1643,3.6184
-2.0255,0.4405,12.6198,4.3231,-0.4062,0.8155,-7.6998,-3.4189,5.4851,3.3067,-1.0237,2.9204
-1.3264,1.7549,9.8306,4.3656,-1.6662,0.3106,-6.8929,-2.0183,6.5577,4.1651,-2.7771,2.3887
-0.4310,2.7270,5.6790,4.3656,-2.0217,-0.6656,-3.7493,1.0056,3.9241,4.3656,-1.9600,1.7910
-0.1365,3.6943,2.0063,4.1743,-1.9012,-1.1975,-1.7382,3.6033,2.6145,4.3656,-1.8401,0.4943
-1.7214,4.7501,0.1460,2.8709,-2.0721,-2.0590,-1.9321,6.0310,-0.6177,3.8997,-1.0308,-1.0840
-2.5331,5.9065,-0.8643,0.7994,-2.1681,-1.9558,-3.4548,5.7844,-1.2258,2.4620,-1.4755,-1.3447
-4.4269,6.2441,-0.2610,0.0330,-1.3487,-1.7120,-5.0135,5.8490,-2.9377,0.9694,-0.4626,-2.1774
-3.9145,5.8466,-0.0120,-1.9068,-1.7901,-0.6635,-5.1116,5.2481,-2.9066,-1.0493,-1.3823,-2.3674
-3.9241,5.4971,3.2872,-2.6977,-1.5322,-0.0434,-6.9360,2.4924,1.4198,-1.9708,-1.2325,-1.9464
-3.5362,4.4819,5.6743,-2.7711,-0.7151,0.3696,-6.7086,1.3767,2.6097,-2.2215,-0.4716,-1.8014
-4.1324,3.2274,6.4500,-3.0124,-3.2667,1.6770,-4.4077,0.3304,3.5841,-1.5625,-3.2516,-2.8837
0.2203,3.4285,4.6328,-3.4948,-4.0079,2.0543,-8.1355,-1.6089,5.5593,-1.7353,-4.3657,-1.5398
-0.9960,2.5283,8.0661,-2.1382,-0.2558,0.6379,-6.1076,-1.3024,3.0598,-2.0860,0.1563,-1.1143
-1.6975,1.3312,5.1308,-2.9340,-1.6545,1.3709,-6.7708,-2.6767,1.1708,-3.5878,-2.8685,-1.0412
-3.6607,0.8691,7.0366,-3.4097,-0.0284,2.3579,-9.4451,-5.8682,4.8123,-4.3657,-2.0049,1.0100
-3.0143,-1.1325,8.5808,-2.6926,2.7692,3.0301,-7.3598,-6.7397,4.8746,-4.3657,1.6258,2.4610
-2.3870,-2.9377,9.3948,-3.1404,2.0952,3.2810,-6.7540,-8.6862,8.3510,-4.3657,0.0522,2.1646
-2.1572,-3.5219,11.7364,-2.1502,3.0278,3.4134,-9.2009,-9.0644,7.0461,-4.3579,2.1843,2.8377
-1.0271,-3.8475,14.6477,-1.3214,2.4365,2.7127,-6.9504,-8.9376,10.3214,-2.9672,1.7016,2.4665
-1.8148,-2.6240,12.4690,0.0598,0.4503,2.1496,-8.0565,-7.3741,7.4891,-1.0588,-0.7735,2.3987
-3.5721,-1.6520,11.0205,0.9110,1.0360,2.1966,-8.9160,-6.4596,5.1834,-0.7121,0.1025,2.8494
-2.8395,-1.4700,8.6742,1.2589,1.1615,2.1758,-8.3366,-5.3032,5.2792,-0.3127,0.4599,3.1928
-3.1723,-0.5459,9.0070,1.3454,1.0484,1.9016,-7.6351,-3.3136,3.5626,-0.1833,0.2238,2.9913
0.5387,1.9728,7.8745,2.6621,-1.1010,0.4475,-4.1252,-0.3831,7.2808,2.4309,-2.1162,1.7724
1.6616,2.6288,5.6719,2.8009,-0.7830,-0.9097,-2.1213,1.1660,7.9871,3.3175,-0.8679,-0.0442
-0.0407,3.1939,5.9161,2.3245,-1.2552,-2.1116,-2.1859,2.8012,3.4285,3.7050,0.2148,-1.5736
-0.7398,3.3854,5.5665,1.6898,-1.9556,-2.8145,-5.1260,2.1117,3.3184,3.4712,-1.4654,-2.5186
-2.1787,3.7685,3.1340,0.9559,-2.9776,-3.0702,-6.4835,1.8244,1.7358,3.4374,-2.2088,-2.5377
-3.8642,3.7110,3.9720,0.4696,-2.0788,-2.6794,-5.5641,2.1452,0.2179,2.0147,-1.5981,-2.4304
-4.8914,3.4716,2.2793,0.2967,-1.2297,-2.2541,-7.5226,0.9744,1.9776,1.6546,-0.1077,-1.9139
-5.7581,2.7797,2.2410,-0.6099,-0.5045,-1.4472,-5.7988,1.9034,-2.3655,0.2630,0.0678,-2.0330
-7.5585,2.4828,0.2969,-1.3255,0.1889,-0.7802,-7.3191,1.4964,-5.0709,-0.8721,0.2958,-2.3136
-7.0605,1.3551,0.0551,-3.1764,1.3268,0.5796,-9.1794,-0.9888,-3.5674,-3.8628,0.9030,-1.9219
-7.4220,0.1269,2.9975,-3.7258,2.5295,1.1532,-10.2113,-2.5187,-3.0598,-4.3539,3.0277,-0.4108
-6.3686,-1.9273,4.3096,-4.3657,2.2384,1.2810,-7.4508,-4.0773,-0.3376,-4.3657,0.6520,-1.1879
-5.6407,-0.9409,10.8338,-3.5158,1.0869,0.5606,-11.3102,-7.0844,4.1515,-3.4348,2.1144,-1.5599
-6.0885,-1.3312,6.0478,-3.0944,0.4924,0.8768,-10.3238,-5.3534,0.4669,-3.2137,-1.3885,-0.4847
-6.8331,-2.3798,7.3694,-2.9695,1.9766,0.9606,-9.5672,-6.4165,0.5650,-3.6565,1.4360,-0.0998
-7.7979,-2.6312,7.4340,-1.9281,1.1117,0.7631,-12.5097,-6.7516,-0.9529,-2.5756,2.0440,0.2330
-7.9320,-2.7054,5.5857,-2.0596,0.4558,1.1619,-10.8098,-6.3734,-1.5514,-2.9611,-2.4201,1.5323
-8.6790,-2.4014,9.0453,-0.9577,0.9795,1.3284,-9.8713,-6.2896,0.8452,-1.8949,0.8960,1.1691
-7.6543,-2.3272,6.0885,-0.4365,0.1410,1.5668,-10.9583,-5.1092,-1.2450,-1.4345,0.5033,1.1819
-8.4108,-1.3647,8.3414,0.0526,-0.4610,1.0202,-11.9495,-5.0709,0.3543,-0.6415,-1.4390,1.3303
-8.5425,-0.9361,6.3686,0.4832,-0.7167,1.4077,-10.0868,-3.6919,-0.2801,-0.4283,-1.5492,1.9004
-7.2018,-0.4453,8.0038,0.8474,0.2150,1.4682,-11.9327,-3.8762,1.9345,-0.1656,0.0228,1.9388
-6.4763,1.0343,9.6965,1.3739,0.4860,1.6582,-11.8465,-3.4429,4.8961,0.4760,-0.5352,2.5647
-6.5625,1.4365,9.3565,2.2015,0.1747,1.6466,-12.4929,-2.4636,2.9904,1.0854,0.4932,2.6400
-5.5522,2.0279,9.6845,2.4782,-0.3151,1.6319,-10.4531,-2.0231,4.2760,1.2808,-1.8945,3.5182
-3.9145,2.5307,9.6247,3.2563,0.1018,1.2049,-6.9432,-0.0096,4.3167,2.1914,-0.7881,2.5070
-3.8882,2.8467,7.5369,3.5196,-1.1951,0.8051,-8.1068,1.0774,2.3870,2.9524,-1.0295,1.9741
-2.0063,3.2968,5.3678,3.4263,-1.5992,-0.0925,-5.5785,2.3511,2.8252,3.0658,-2.9872,1.5067
-1.8962,3.5362,2.9113,3.1604,-1.7756,-0.7153,-2.2721,4.1970,1.3024,3.3774,-1.8750,0.3377
-1.1899,3.5362,2.6097,2.3698,-2.0627,-1.8210,-0.7111,4.2234,3.4117,3.6383,-1.6647,-1.8206
-3.2154,4.2497,1.4940,1.8222,-2.6241,-2.6841,-6.9456,3.3303,-0.5794,3.7930,-0.7272,-2.0467
-4.4269,4.6232,-0.0263,1.1792,-2.7142,-2.4934,-6.1507,3.8523,-1.1875,2.8144,-2.3947,-1.8977
-4.4819,4.5729,2.4828,0.5616,-1.8510,-2.5409,-4.0270,3.7900,0.1077,2.1016,-0.9651,-2.2114
-5.2553,4.1228,2.0255,0.5231,-2.6212,-2.2291,-6.9168,3.0478,-1.3838,2.2653,-1.2315,-3.0072
-5.1044,3.8283,1.4389,-0.4290,-2.2504,-1.9553,-6.5457,2.8180,-1.9393,0.9771,-2.0619,-2.8126
-5.7389,3.1819,2.6288,-0.9654,-2.2143,-1.9389,-7.1251,1.5107,-0.5411,0.6888,-1.1395,-2.7472
-6.7373,2.8467,2.1548,-1.4617,-1.6286,-1.3741,-8.6646,0.5315,-1.1636,-0.5320,-1.3432,-2.8586
-6.8211,2.1189,4.1300,-2.2605,-0.5446,-0.7947,-9.2416,-1.0247,-0.5674,-1.3508,0.2133,-2.1396
-6.6966,1.1779,4.3766,-2.1505,-0.3444,-0.3925,-8.0828,-1.0774,-1.6448,-1.6045,-0.0313,-2.0651
-6.4236,0.1484,3.4333,-3.1761,0.0963,0.0902,-10.7667,-4.0773,0.9673,-2.9608,-0.4718,-1.6359
-7.7955,-0.2251,5.6862,-2.6918,1.2545,0.3008,-9.6319,-3.4500,-0.9529,-2.6959,2.0362,-0.6706
-6.7660,-1.7693,5.5186,-3.4475,1.6319,0.6314,-9.2584,-4.7884,-0.7039,-3.7928,0.3531,-0.9086
-6.4500,-2.0686,10.1466,-2.6518,1.4116,0.5601,-11.8800,-7.1682,2.9736,-2.8837,2.4508,-0.5071
-6.7038,-1.9178,8.5665,-1.6157,0.1552,0.3869,-10.5489,-5.8059,0.7135,-1.7449,-0.9025,-0.1972
-7.5968,-1.7214,7.8410,-1.0437,0.3484,0.4125,-9.5768,-5.8251,1.7286,-1.2933,-0.4501,0.0237
-7.0892,-2.0686,7.6519,-0.5677,0.6087,0.5736,-12.8976,-6.7708,1.5419,-0.6638,1.6831,0.6367
-7.7261,-2.0494,9.8545,0.2401,0.2202,0.7238,-11.2336,-5.9233,0.8236,-0.3492,-0.5139,1.0842
-7.0725,-1.8890,7.8243,0.4064,-0.4704,0.5577,-11.3006,-5.4205,0.8116,0.0031,-1.1550,1.2215
-7.5657,-1.0630,8.8155,0.6506,0.1022,0.7895,-10.8457,-5.1475,2.9281,0.1247,-0.0733,1.6304
-6.6272,-1.2330,9.5026,0.4703,0.8074,0.8098,-11.2288,-4.3598,1.7980,-0.1206,0.5939,1.3250
-6.9432,-0.2801,10.9343,0.8460,0.3521,0.7377,-12.8928,-4.8578,3.7110,0.1396,0.3985,1.5356
-6.6798,0.4214,9.8569,1.3919,0.8230,1.0710,-12.2511,-4.3598,4.1851,0.3898,-0.3595,2.1874
-4.8435,0.5842,9.3254,1.9906,0.8735,1.2424,-9.2871,-2.6504,3.7565,0.9272,0.4417,2.2575
-4.5538,0.9960,7.7572,2.0652,0.7770,0.7449,-8.3989,-1.7478,3.2681,1.1482,0.0083,2.1972
-4.3191,1.6879,7.3119,2.2914,0.5380,0.4855,-7.4244,-0.7278,3.0119,1.5732,0.0522,1.6330
-4.1611,1.9537,5.5761,2.3946,0.3599,0.2919,-7.1539,-0.1030,2.0423,1.8450,0.0589,1.5553
-3.2753,2.3798,5.8514,2.3822,0.0621,-0.1793,-5.8586,0.6057,2.2984,2.1818,-0.0857,1.0612
-1.9513,2.1548,3.9313,2.4712,-1.0424,-0.6835,-3.7014,1.3527,2.2362,2.7354,-1.3863,0.2328
-2.6959,2.5953,1.9632,2.0354,-0.7782,-1.2804,-4.4317,1.8148,0.6369,2.7539,-0.5032,-0.6114
-3.3543,2.4900,2.0566,1.6068,-1.0291,-1.7166,-4.5442,2.0590,-0.8715,2.5185,0.2609,-0.9348
-2.7318,2.4517,1.3575,1.0513,-1.4825,-1.9398,-3.6392,2.0159,0.0958,2.1073,-1.4755,-1.6056
-5.3822,2.2649,1.5107,0.3900,-0.7909,-2.2327,-5.0063,1.5371,-1.3096,1.7245,0.5776,-2.1200
-6.6774,2.5809,0.4860,-0.6214,-1.0861,-1.4346,-7.1730,1.4078,-3.2801,0.9694,-0.0967,-2.3287
-5.5378,2.1668,3.4931,-0.9106,-1.1389,-1.0966,-7.7021,-0.1580,-0.9266,0.5208,-0.5304,-1.9744
-6.5027,1.8771,3.5410,-0.6102,-1.1301,-1.1162,-8.5042,-0.6800,-1.5131,0.6920,-0.2069,-2.1245
-7.3430,1.5443,3.2226,-0.7741,-1.2625,-1.1423,-9.3254,-0.8667,-3.0550,0.1525,-1.1287,-1.9072
-7.7979,1.2498,2.7797,-0.9561,-0.9427,-0.7602,-9.8857,-1.4940,-2.8587,-0.4175,-0.6507,-1.4392
-8.7029,0.9098,2.2146,-1.1715,-0.6213,-0.4215,-9.2273,-1.6376,-2.8563,-0.6530,-0.4748,-1.1181
-8.3558,0.1341,0.8284,-1.5330,-0.1254,-0.0368,-8.3031,-1.1612,-5.2672,-1.2500,-0.2479,-0.7576
-8.0852,-1.0223,4.4891,-2.1847,0.1716,-0.1026,-9.3039,-3.6966,-2.4229,-1.9370,0.4720,-1.2395
-7.8338,-1.7166,5.4109,-1.7082,-0.9505,-0.0045,-10.2328,-4.6783,-2.0111,-1.2821,-0.6582,-0.9947
-8.0924,-1.8914,6.8738,-1.9156,-0.7983,-0.0834,-10.6997,-6.1387,0.2825,-1.5797,-1.4905,-1.0328
-9.0309,-2.1189,6.6511,-0.7909,-1.0575,0.2801,-12.7635,-6.8498,-0.0766,-0.5016,-0.2832,0.4325
-9.4260,-2.7725,5.8778,-0.7059,0.4812,0.8960,-10.2783,-5.7964,-1.8411,-1.3820,-1.2883,0.1980
-9.1195,-2.8850,7.7237,-0.7557,0.7518,0.8038,-11.6262,-5.7437,-2.4134,-1.1064,2.3266,0.4891
-9.0214,-2.2170,6.7756,-1.1810,-0.3792,1.2500,-12.0572,-6.1483,-0.1963,-1.7893,-2.4480,0.5195
-7.3765,-1.7047,10.5105,-0.9041,1.1347,1.5119,-11.6933,-6.3135,2.7150,-1.6597,1.0096,0.9094
-6.5769,-1.4269,10.4507,-0.3107,-0.2300,1.3134,-12.3541,-5.6838,2.1883,-0.6837,0.5997,1.1335
-6.3710,-0.2658,9.6989,0.1900,-0.6247,1.3779,-10.9607,-4.4843,2.7940,-0.6359,-3.0631,1.0973
-5.1140,-0.2227,8.5186,0.4369,-0.0759,1.3598,-9.1985,-3.9528,5.0302,-0.2451,-0.1206,1.2144
-5.0661,0.6297,9.7252,0.3147,0.3672,0.9738,-10.2232,-3.0550,3.4141,-0.3696,0.5734,1.0123
-4.9584,1.0822,8.7436,0.3952,0.2615,0.9410,-11.4036,-3.6607,5.3510,-0.3365,-0.6265,1.1819
-4.9368,1.3623,9.2967,0.3928,0.8435,0.7746,-9.6845,-2.6264,4.6136,-0.3132,0.5963,1.1371
-5.3008,1.5443,10.8386,0.7612,0.8849,0.7811,-10.8481,-3.0694,4.5610,0.0906,1.1502,1.3941
-3.5171,1.4653,9.5529,1.3943,0.2314,0.8210,-9.5146,-2.9497,5.2385,0.7189,-0.9803,1.4683
-3.3758,1.5083,7.5968,1.8516,0.3909,0.4018,-7.4436,-1.6903,3.9600,1.2709,0.1243,1.4221
-2.5187,1.5826,4.9392,1.5374,-0.0011,0.2482,-5.9568,-0.6632,3.0119,1.0753,-0.2911,1.1294
-2.1093,1.8076,5.4875,1.4775,0.5973,-0.2168,-5.8107,-0.6608,2.7078,1.2915,0.6364,0.6861
-2.4780,1.5802,4.6878,1.3797,0.0261,-0.4133,-6.0597,-0.2155,1.2330,1.3550,0.5199,0.4049
-3.3279,1.6592,3.3255,1.3203,-0.5156,-0.5033,-6.1483,-0.0694,0.5842,1.3354,-0.7433,0.2298
-4.4245,1.9082,2.3559,0.8607,0.0999,-0.4662,-6.3398,0.1125,-0.0455,1.0076,0.3445,0.2577
-3.8427,1.7549,4.6878,0.8949,0.2809,-0.6603,-6.1986,-0.1101,0.9984,0.9669,0.9677,0.1164
-4.4580,2.2122,2.7988,0.8148,-0.5345,-0.5919,-6.4021,0.7542,-0.3519,1.0644,-0.8580,-0.1559
-5.4492,2.9616,2.4349,0.5107,-0.0533,-0.5804,-7.1515,1.2546,-0.7446,0.8745,0.2539,-0.1015
-5.2912,3.1412,2.3128,0.3272,0.1219,-0.5917,-6.9121,1.9800,-1.0582,0.5773,0.7091,-0.2336
-7.7572,2.7677,2.0901,-0.8312,0.5541,-0.4133,-9.4978,0.9098,-2.5522,-0.5204,0.9369,-0.5653
-8.0397,1.9489,0.4310,-1.2453,0.3689,-0.1732,-7.8386,1.3384,-3.9265,-1.0910,0.1767,-0.6103
-8.3510,1.7549,1.4293,-1.6501,0.7743,-0.1144,-8.2552,0.6847,-3.5985,-1.4941,0.9850,-1.0150
-8.6024,1.7621,1.9944,-1.6106,0.2874,-0.0550,-9.8067,0.0503,-3.5937,-1.3502,0.5307,-1.0039
-8.6048,1.4605,2.0183,-1.6962,0.1533,-0.0229,-9.3374,-0.2729,-3.8690,-1.4004,-0.2697,-0.7754
-8.4635,1.1732,2.8180,-1.6513,0.0000,-0.0302,-9.8737,-0.5602,-3.0981,-1.3347,0.4417,-0.8382
-9.1626,1.1899,4.0175,-1.3002,-0.5918,-0.1676,-10.8601,-1.5419,-2.1189,-0.9285,-0.4811,-0.8776
-9.3996,0.5866,3.4620,-0.9349,-0.8953,-0.1143,-10.6255,-1.2402,-3.7206,-0.5224,-1.0059,-0.6817
-9.3877,0.4286,4.2449,-0.8867,-0.8030,-0.0850,-10.9535,-2.0877,-2.8012,-0.4974,-0.2534,-0.7955
-8.9711,-0.5363,3.9504,-0.6339,-1.3909,-0.0393,-9.8090,-2.2290,-3.0335,-0.1054,-1.6487,-0.7188
-9.2392,-0.4884,5.1451,-0.6602,-1.1503,-0.2194,-11.1163,-3.2250,-1.8771,-0.0979,-0.6526,-0.8411
-9.5577,-0.4860,4.7573,-0.5969,-1.4040,-0.0191,-11.5448,-3.0694,-2.7533,-0.0942,-1.3586,-0.5053
-9.3733,-0.3280,5.3846,-0.5513,-0.6643,0.3449,-11.4227,-3.4692,-1.0989,-0.5229,-0.8246,-0.2621
-8.4108,-0.4190,5.1068,-0.6171,-0.5057,0.3584,-10.4076,-2.9066,-1.4437,-0.4277,-0.4326,-0.1913
-7.8099,-0.1700,6.1483,-0.8039,-0.5652,0.4278,-10.5991,-3.0574,-1.0750,-0.7883,-0.8222,-0.0973
-6.9360,-0.1700,6.4979,-0.6003,-0.7077,0.6480,-9.8210,-3.2537,0.4286,-0.5969,-0.9571,0.2770
-6.0478,-0.5746,4.8219,-0.8262,-0.1376,0.4950,-8.2648,-2.6240,0.2251,-0.9733,-0.6115,0.2417
-5.5761,-0.3711,8.6790,-0.9133,-0.4417,0.1929,-10.1418,-3.5961,1.2498,-0.8580,0.3764,0.2301
-6.0382,-0.3352,7.5705,-0.5652,-0.7802,0.4814,-9.5792,-4.1707,4.0725,-0.6761,-2.2230,-0.2825
-5.7365,-0.0048,9.9120,-0.1077,0.1695,0.4672,-11.6119,-4.2808,3.0981,-0.3464,1.0479,0.3026
-5.4348,-0.5602,8.2839,-0.0765,-0.5990,0.5052,-9.3541,-3.7517,3.0239,-0.2936,-1.0301,0.4104
-5.3103,0.0575,10.0030,-0.1520,0.2238,0.5379,-11.1737,-4.5322,4.2090,-0.3953,-0.1055,0.6659
-4.4963,-0.0527,10.7811,0.0886,-0.1869,0.7541,-10.2807,-4.3096,5.0470,-0.2887,0.3264,0.8087
-3.2058,0.1748,11.1857,0.3936,-0.4229,0.6687,-9.0549,-4.5777,7.9440,0.0180,-1.9701,0.6182
-2.7605,0.7949,10.8338,1.1014,0.4782,0.4943,-8.9447,-3.5027,5.9568,0.6290,0.9160,1.0079
-2.1859,0.7087,9.0860,0.9826,-0.1314,0.4237,-7.5776,-2.7174,5.6862,0.5437,-0.5985,0.9621
-1.2306,0.8763,9.2081,0.9061,0.2177,0.0927,-6.6870,-3.1484,7.6495,0.6305,-0.5840,0.7666
-2.0111,1.2330,8.2696,1.1514,0.9883,-0.2438,-7.1251,-2.3152,5.3582,0.9249,1.8297,0.5104
-1.9704,0.9170,7.7117,0.9838,0.6543,-0.4608,-6.7684,-2.1931,4.7070,0.8912,0.2943,0.3368
-2.1715,1.2043,7.7812,1.0761,0.7261,-0.5813,-6.7205,-2.1787,4.6807,1.0191,0.7514,0.2357
-1.9010,1.0151,6.2944,1.1510,0.4854,-0.7103,-6.1794,-1.8076,3.8834,1.2804,0.8104,0.0785
-5.7054,1.0439,5.5617,1.1678,-0.2097,-1.1138,-8.6239,-1.8004,0.5339,1.5859,0.1701,-0.2789
-5.5115,0.8811,3.2968,1.2817,-0.0809,-0.9383,-7.0868,-1.4629,-0.0431,1.4905,-0.5750,-0.1833
-4.9775,0.9313,3.8690,1.1103,0.2718,-1.1358,-7.2760,-0.8499,-0.4573,1.5691,1.4218,-0.2523
-6.2560,1.1899,2.7940,1.0896,-0.2859,-1.0098,-7.4508,-0.5962,-1.0678,1.4032,-0.1204,-0.2324
-6.4763,1.4078,2.0973,0.8214,-0.0526,-0.6722,-7.3885,-0.2107,-1.7190,1.0571,-0.1532,-0.3333
-5.8227,1.5610,3.1532,0.7750,0.0099,-0.8533,-7.6064,-0.0072,-1.4724,1.1742,1.1181,-0.4763
-6.0358,2.0877,2.3487,0.6261,-0.8198,-0.8203,-8.8250,0.1006,-1.8316,1.0917,-0.7601,-0.3116
-6.6319,1.9417,1.9968,0.2329,-0.4126,-0.6606,-7.1850,0.5195,-1.6376,0.6171,-0.3160,-0.6195
-6.6319,1.9513,3.0287,-0.0188,-0.3757,-0.7512,-8.6550,0.2274,-1.5275,0.4281,0.5706,-0.6277
-7.1323,2.0183,2.8994,-0.2832,-0.2062,-0.7795,-8.5928,0.1077,-0.9864,0.0493,-0.4242,-0.8002
-7.9248,1.7095,2.5163,-0.5116,0.0765,-0.5995,-9.2536,-0.5602,-1.7549,-0.1837,0.7103,-0.5802
-7.8338,1.1612,2.9521,-0.5762,0.3479,-0.4630,-9.4954,-0.6416,-2.8180,-0.3180,0.6279,-0.6013
-8.6095,1.0606,3.7278,-0.6049,0.3084,-0.4365,-10.0030,-1.1947,-2.6504,-0.3656,0.4966,-0.6563
-8.5808,0.3041,1.6903,-0.5145,-0.2587,-0.2871,-9.1842,-1.0319,-4.0318,-0.2878,-0.1928,-0.4513
-9.1291,0.0192,2.7366,-0.8968,0.3275,-0.1936,-9.9240,-2.0159,-3.5195,-0.7830,0.3124,-0.4763
-9.1267,-0.3280,4.3431,-0.5762,0.3138,0.0514,-10.8409,-2.6935,-2.9497,-0.5469,1.0240,-0.3519
-8.8418,-0.6632,2.8802,-0.5869,-0.6888,0.1819,-9.2703,-2.1069,-4.7046,-0.4427,-1.6847,-0.4049
-9.2608,-0.3879,5.6383,-0.2894,-0.8865,0.3387,-11.3365,-3.8499,-2.6360,-0.1512,-0.1200,-0.3202
-7.8721,-0.8859,2.3583,0.4477,-2.0419,0.8488,-8.9974,-2.7557,-2.7773,0.4967,-2.7475,0.3517
-7.3263,0.0192,3.4955,0.0821,-1.2089,0.6551,-8.3103,-1.8100,-2.3224,-0.0349,-1.9931,0.0762
-6.6990,0.2705,3.0454,0.0524,-1.9477,0.9402,-8.3629,-1.4317,-1.8699,-0.0024,-0.9136,0.1518
-6.1004,0.7566,3.9983,-1.0872,-1.2666,0.8719,-8.4898,-1.8747,-0.1748,-1.1864,-3.1095,-0.2735
-6.2321,0.4166,4.8291,-1.3570,0.1379,0.7489,-8.2265,-2.2170,0.7901,-1.5272,1.1065,-0.0276
-6.1866,-0.2514,7.1611,-2.4000,0.5197,0.4052,-10.0700,-3.7110,0.9050,-2.4153,0.3425,-0.5798
-7.5920,-0.7039,9.0022,-1.9474,0.2655,0.3932,-11.4610,-5.5450,2.1356,-1.8374,0.0978,-0.5959
-7.4220,-0.8859,8.4587,-1.4635,0.1749,0.6382,-11.6693,-5.2744,1.3072,-1.5082,0.1516,-0.3238
-7.0557,-1.1636,8.8346,-0.8679,-0.5484,0.3958,-11.0205,-4.8794,0.6273,-0.7153,-0.5490,-0.0080
-7.8003,-1.0918,6.2704,-0.8483,-1.0818,0.6125,-9.2201,-4.8052,1.2402,-0.9882,-2.1682,-0.1095
-5.5115,-0.8595,8.1116,-0.8777,0.3691,0.8278,-10.2759,-5.0805,2.3918,-1.1177,0.6869,0.1342
-5.8514,-0.6943,8.5210,-0.5538,-0.1378,0.6706,-10.2999,-4.3838,1.5347,-0.7905,0.3993,0.2642
-5.7126,-0.8140,7.4244,-0.6840,-0.5694,0.7721,-8.7484,-4.4317,2.9113,-0.9345,-2.3783,0.3035
-5.2265,-0.4501,9.6917,-0.3223,0.3464,0.6899,-9.9623,-4.8507,3.6512,-0.4935,1.0455,0.5036
-4.9991,-0.0048,10.0341,-0.1571,-0.3067,0.7356,-10.7859,-4.5729,3.0071,-0.3516,-0.4311,0.5333
-4.7022,-0.3496,9.2033,0.0582,-0.4319,0.7372,-9.0764,-5.0159,4.7645,-0.2020,-1.8020,0.7931
-3.4117,-0.2658,10.5800,0.1540,-0.1230,0.7426,-8.5018,-5.3654,6.4763,-0.2446,0.0308,0.7397
-1.7478,-0.1030,11.7675,0.7971,0.3028,0.7095,-9.3685,-5.4205,6.9815,0.3391,0.1576,0.9711
-1.9704,0.1748,9.9383,0.9834,-0.0869,0.5441,-7.4172,-4.2162,6.2991,0.6042,-0.8668,1.1911
-1.2617,0.4693,9.1889,0.9820,0.0570,0.3653,-6.3135,-3.8020,6.8546,0.5415,-0.2779,0.8994
-1.1420,0.5890,8.5736,1.1363,0.7899,0.0985,-6.1172,-2.9736,5.3223,0.8006,0.9514,0.8596
-2.1691,0.7470,8.0541,0.9679,0.7021,-0.0945,-7.0581,-2.8659,4.4772,0.6751,0.7408,0.7120
-2.0016,0.8260,8.3797,1.2193,0.4323,-0.2960,-7.1204,-3.0861,5.0374,1.0878,0.5019,0.6011
-2.2075,0.9433,6.7995,1.5548,0.1952,-0.4943,-6.2656,-2.1165,3.5386,1.5816,0.1716,0.4595
-2.7533,1.3192,6.1914,1.7183,-0.2324,-0.6538,-6.3159,-1.2665,2.5331,1.8155,0.1541,0.2939
-2.6719,1.4269,3.8044,1.4049,-0.4632,-0.8058,-5.2026,-0.6297,2.1404,1.6427,-0.6863,0.0907
-3.1292,2.2122,4.1180,1.1482,0.0528,-1.0447,-5.7652,0.1197,1.6113,1.4591,0.8009,-0.2635
-3.9720,2.3822,3.4213,0.8676,-0.0509,-1.0289,-6.3686,0.4070,0.6943,1.2343,0.4151,-0.3808
-4.1755,2.6193,2.8084,0.6089,-0.1031,-1.0040,-6.3279,0.7542,0.1293,1.0600,0.0786,-0.3834
-4.4269,2.4349,2.2003,0.3925,0.2451,-1.0499,-6.0334,0.9290,-0.4190,0.8424,0.7497,-0.4930
-5.2122,2.3583,2.0207,0.0600,0.1543,-1.1290,-6.9240,1.0582,-1.3815,0.5069,0.6945,-0.8840
-6.1387,2.2936,1.7549,-0.4171,0.1945,-1.0198,-7.5010,0.6057,-1.9034,0.0593,0.6375,-0.9458
-6.9073,1.8866,2.0997,-0.5458,0.2984,-0.9234,-8.2384,0.1532,-2.2865,-0.0971,0.8403,-0.9399
-7.1778,1.4102,2.7126,-0.7970,0.2859,-0.7714,-8.7269,-0.4597,-2.4924,-0.3417,0.6500,-0.8641
-7.7165,0.4621,1.9704,-0.8809,0.0390,-0.5905,-8.0756,-0.9960,-3.8762,-0.5021,0.2104,-0.8386
-8.4180,-0.4286,1.9896,-1.1784,0.2718,-0.3131,-9.7372,-2.5714,-3.7350,-0.9521,0.4587,-0.8170
-8.4922,-0.5890,4.7333,-1.1731,0.4567,-0.0357,-10.2232,-2.8467,-3.4836,-1.0003,0.9242,-0.7155
-8.7412,-0.1844,3.8044,-0.7922,-0.7907,0.1947,-10.3884,-2.5283,-3.3806,-0.5915,-0.8078,-0.5013
-8.8418,-0.2274,4.4197,-0.4470,-1.3234,0.4875,-10.3645,-2.9329,-2.3894,-0.2878,-1.7966,-0.1639
-8.1451,-0.0383,4.5274,-0.5604,-1.0300,0.7316,-9.6654,-2.4636,-2.3032,-0.6801,-1.2105,-0.1931
-7.9487,0.4741,5.7940,-0.2781,-1.3598,0.9761,-11.1833,-3.0143,-0.6967,-0.3909,-1.2529,0.1462
-6.9049,0.2729,3.4764,-0.8134,-1.1263,1.0178,-8.1786,-1.5012,-2.0183,-1.0856,-2.4802,0.3365
-7.2784,0.5507,6.5697,-1.4655,0.3329,0.9252,-10.0126,-3.1819,1.8842,-1.8209,0.7436,0.0560
-7.7333,0.2610,6.2297,-1.4671,0.9045,0.9189,-11.0468,-2.8994,-0.2155,-1.8217,0.7730,0.2133
-7.5537,0.1269,8.8681,-1.8044,1.2145,0.8266,-12.0237,-4.2545,1.7142,-2.1289,0.7115,0.0638
-7.3071,0.2729,9.4044,-0.7803,-0.0270,0.7538,-12.3541,-4.2401,2.0183,-0.9248,0.2288,0.3139
-7.8554,0.0694,7.8386,-0.4864,-0.4287,0.8239,-11.4395,-4.2162,0.7973,-0.6535,-1.8735,0.5043
-8.0182,-0.1365,8.6694,0.2466,-0.8328,0.8214,-11.4586,-4.0318,-0.1077,0.0232,0.0258,0.6003
-6.4093,0.1341,6.5936,0.4431,-1.4815,1.1028,-10.6350,-4.1156,3.7565,0.0246,-3.3818,0.8860
-5.5258,0.8164,7.2089,0.5946,0.4920,1.1547,-8.9471,-2.4110,1.8435,-0.0889,0.1061,1.1279
-4.7309,1.3455,8.3079,0.0072,0.1787,0.9603,-9.4475,-2.1165,2.8276,-0.5701,1.0167,0.9438
-3.6775,2.0614,8.8801,0.0598,-0.1482,0.9176,-9.0357,-2.7007,5.9807,-0.3136,-2.0218,0.8324
-0.8954,2.1979,12.3924,0.3263,0.4982,0.6829,-8.5976,-2.9784,8.7628,-0.0373,1.3126,0.7175
-2.3176,2.3870,10.6949,0.8355,-0.7553,0.1335,-8.5162,-2.3966,7.1730,0.8115,-1.0215,0.4850
-3.0550,2.1907,7.9823,0.9313,0.2814,-0.0302,-7.2856,-1.7813,4.9057,0.6610,-0.7845,0.4425
-3.4213,2.3894,7.5705,0.8623,0.8946,-0.1438,-9.0764,-2.3272,5.9113,0.6932,1.9199,0.3504
-3.5626,2.0758,7.4699,0.8376,1.1330,-0.1924,-8.4563,-1.4892,2.9066,0.5289,0.7312,0.4056
-3.9073,2.2649,7.8793,0.8079,0.2028,-0.3126,-8.2408,-1.3934,3.6559,0.7384,0.5055,0.3865
-3.3447,2.4229,6.7540,0.7843,0.2601,-0.3553,-7.3191,-1.1636,3.8092,0.8274,-0.0851,0.2763
-2.6264,2.5139,6.9073,1.2177,0.3194,-0.7124,-7.2233,-1.0080,4.5442,1.3864,1.0353,0.2033
-2.9904,2.4900,4.8147,1.0048,-0.0863,-0.8011,-6.5817,-0.1628,2.0614,1.2056,-0.1899,-0.1346
-3.3830,2.5570,4.5705,0.8697,0.2586,-0.7937,-6.5505,-0.1245,1.6975,1.1162,0.9779,-0.2627
-3.4548,2.5426,3.2082,0.7718,0.0027,-1.0417,-5.8778,0.5866,0.3591,1.1467,0.2248,-0.2835
-3.7781,2.1644,0.9577,0.3258,0.3010,-1.1338,-4.8985,1.2665,-0.9625,0.6551,0.3545,-0.5113
-5.0015,2.1620,0.4453,-0.4545,0.9916,-1.1647,-5.7078,1.0104,-1.9800,-0.1667,1.7475,-0.6835
-6.1196,2.1452,2.9808,-0.8669,1.6574,-1.0146,-7.9033,-0.1724,-1.1325,-0.5589,2.3323,-0.7196
-6.3662,1.9944,3.3950,-0.5832,1.0890,-0.9875,-8.3318,-0.2993,-1.2522,-0.1664,1.4213,-0.7081
-7.0725,1.9776,2.9497,-0.1796,0.4568,-0.9658,-8.4779,-0.1772,-1.7262,0.2474,0.6299,-0.6318
-7.3047,2.0590,2.5977,0.0400,0.2048,-0.8536,-8.5449,-0.0215,-2.2817,0.4517,0.6756,-0.6837
-7.2688,1.5012,2.1668,0.3970,-0.5732,-0.9012,-8.2097,-0.1149,-2.7174,1.0067,-0.2197,-0.7949
-8.1020,0.9433,0.7709,-0.1224,-0.6840,-0.9220,-8.3007,-0.0838,-4.8195,0.4097,-0.4754,-0.9769
-9.3158,0.8308,2.6288,-0.5120,-0.3059,-0.8271,-10.0509,-1.5682,-3.7182,0.0147,0.5879,-0.9926
-9.5936,0.1748,1.7478,-0.3981,-0.5478,-0.5753,-10.0892,-1.7023,-4.4843,0.0682,-0.4120,-0.6780
-10.0389,-0.1867,3.7014,-0.8302,0.0390,-0.3607,-11.1546,-2.9329,-4.1468,-0.5207,0.4004,-0.7445
-9.5385,-0.6297,3.4381,-0.0047,-0.9098,0.0831,-10.6949,-3.2106,-3.7014,0.2165,-0.2300,-0.2714
-9.0070,-0.3663,2.8156,-0.1998,-1.0737,0.2686,-9.3206,-2.3415,-4.1252,0.0172,-2.6625,-0.1186
-8.2241,0.2346,5.1523,-0.0093,-0.8238,0.4030,-9.9216,-2.7078,-1.3910,0.1379,0.3115,-0.1009
-7.4053,-0.2322,2.4421,-0.1936,-1.7460,0.4239,-8.1283,-1.3791,-4.2449,0.0413,-2.4251,-0.2018
-7.7069,0.2945,4.0917,-0.8549,-1.1382,0.6151,-9.4403,-2.9784,-1.1468,-0.9005,-1.4998,-0.3128
-6.7900,0.2586,5.2792,-0.8159,-0.8179,0.6301,-8.9399,-2.6887,-0.0479,-0.6130,-0.2673,-0.1288
-6.8522,-0.0790,4.4939,-0.8946,-0.3479,0.5356,-9.0621,-2.8276,-0.7398,-0.9766,-1.3035,-0.1883
-6.9288,-1.0008,5.8251,-1.8390,0.0466,0.4863,-8.8849,-3.3064,-1.9656,-1.7937,0.3207,-0.4072
-7.7668,-0.8571,8.6862,-1.7948,-0.1741,0.5854,-12.3469,-5.9999,1.8124,-1.7014,0.1252,-0.4740
-8.0182,-1.1708,7.6112,-1.1899,0.3435,0.6086,-12.1171,-5.3175,-0.1844,-1.2508,-0.2573,-0.1030
-7.4340,-1.2689,11.2839,-1.1799,-0.1567,0.6760,-11.8609,-6.4260,2.3966,-1.3406,0.4213,0.0392
-6.9504,-0.7925,10.2520,-0.3188,-1.0952,0.8459,-12.7132,-6.3159,3.2178,-0.4034,-2.2469,0.3200
-5.8897,-0.4405,9.8737,-0.0005,-0.1745,0.9402,-10.7595,-5.2241,3.0694,-0.4005,-0.4263,0.7478
-4.9943,-0.1173,10.2879,0.2118,-0.7278,0.8551,-10.4651,-5.0159,4.3120,-0.2197,-0.5790,0.8829
-4.1922,0.5004,10.0556,0.4454,-0.1419,0.9312,-9.7731,-4.9009,6.0358,0.0448,-1.6017,1.0059
-3.6320,0.7949,10.5010,1.1246,0.3521,0.7116,-9.5337,-4.2449,5.7365,0.5323,1.2169,1.1903
-2.9592,1.0367,8.7293,1.1123,-0.2172,0.4944,-8.2384,-3.1316,5.1404,0.5970,-1.4601,1.2387
-2.9808,1.5203,9.0908,1.2488,0.6002,0.3643,-7.7668,-3.0694,5.5737,0.8029,0.3561,1.2524
-1.2665,1.5538,8.9328,1.2776,0.4474,0.3010,-7.2065,-2.5666,6.2130,0.8840,0.8676,1.0854
-1.7549,1.9824,8.0158,1.6956,0.1911,-0.1275,-6.9168,-1.8100,5.0661,1.4481,-0.2974,0.9490
-2.5163,2.2649,5.7365,1.6930,0.1989,-0.2794,-5.9233,-0.7733,3.3662,1.5553,0.1861,0.7946
-1.4916,2.3703,4.9321,1.5212,0.0698,-0.4028,-5.0470,0.1317,2.3296,1.4929,0.2531,0.4631
-1.8316,2.5809,3.8547,1.4142,-0.2388,-0.7730,-4.6759,0.6057,2.2027,1.5647,-0.1163,0.0063
-3.0287,2.7294,2.2003,1.1423,-0.1992,-0.9445,-4.3790,1.1253,0.9744,1.5034,-0.0461,-0.1435
-3.6248,2.6097,0.9553,0.5399,0.4301,-1.0227,-4.7381,1.6735,-0.8116,0.9367,0.8843,-0.4904
-4.3814,2.4325,1.4509,-0.1142,0.7862,-1.1487,-5.5952,1.1085,-1.0271,0.2639,1.5067,-0.7330
-5.6695,2.7078,1.9297,-0.4073,1.0821,-1.0296,-7.3550,0.8571,-1.4413,-0.0269,1.5320,-0.7099
-6.1411,2.0063,2.7509,-0.2830,0.6319,-1.1259,-7.0940,0.2705,-1.1708,0.2034,1.3784,-0.8128
-6.7181,2.1907,2.5522,-0.3557,-0.0037,-0.9441,-8.6024,-0.0287,-2.0231,0.2161,0.0181,-0.8108
-6.9599,0.8643,4.4724,0.0577,-0.4066,-0.9840,-8.8681,-1.2067,-1.8651,0.6919,0.5784,-0.8909
-8.9447,0.9409,3.7302,0.2739,-1.7738,-0.6466,-10.8769,-1.8268,-3.4189,0.8708,-1.7445,-0.6804
-9.2464,1.0942,2.6217,0.5209,-1.0553,-0.0799,-9.6941,-1.2713,-3.1747,0.6516,-1.4887,-0.3180
-7.9775,0.8428,0.9290,0.0673,-1.0083,0.2282,-8.5234,-0.0646,-4.6208,0.2116,-0.5690,-0.1752
-8.4372,1.4413,1.6855,-0.8937,-0.8652,0.2773,-9.2775,-0.3184,-3.3255,-0.8557,-1.1518,-0.5175
-9.1985,1.9968,4.7884,-1.0892,-0.1292,0.5918,-11.5951,-1.7861,-0.9553,-1.0972,0.2173,-0.1787
-7.5058,1.1013,3.7781,-0.8484,-0.3104,0.8230,-9.0285,-1.0271,-1.9585,-1.0918,-1.0623,-0.0230
-6.8402,1.2115,4.3024,-1.2565,-0.3416,0.7963,-8.8585,-1.4174,-1.1229,-1.3663,-0.6769,-0.1348
-6.8187,1.2617,4.1204,-1.1528,-0.7795,0.7669,-9.0836,-1.2019,-1.0151,-1.1535,-0.6825,-0.1490
-6.5577,1.0558,4.8961,-1.8089,-0.1202,0.7023,-8.9830,-2.0159,0.6153,-1.8807,-0.9118,-0.5079
-6.8426,0.2011,6.0765,-1.7213,-0.2390,0.4004,-9.4595,-3.0239,1.0511,-1.6346,0.5951,-0.6815
-8.1211,0.1963,8.2744,-2.1065,0.2879,0.3529,-12.7180,-4.9704,1.4557,-1.9778,-0.1222,-0.8119
-7.9487,-0.6584,10.0868,-1.2044,0.5211,0.5950,-12.0069,-6.2082,3.4668,-1.3238,0.5020,-0.3921
-7.3023,-0.1484,11.1354,-0.3882,0.2870,0.8645,-13.5775,-5.8395,2.2098,-0.5061,-0.0734,0.2372
-6.5146,-0.1389,8.4683,0.0553,-0.6077,0.7537,-11.2456,-4.5849,1.3671,-0.1244,-1.2965,0.9960
-4.7525,0.6009,10.1778,-0.1753,-0.0093,0.7643,-11.3246,-4.8411,4.8530,-0.2899,0.2082,0.5554
-4.4963,0.9601,10.9702,0.1050,0.0648,0.7994,-11.5544,-5.1667,6.2991,-0.3893,-0.3865,0.9064
-3.2657,1.4988,11.6741,0.8511,-0.0293,0.7349,-9.5888,-4.2976,7.0868,0.4218,-0.5765,1.3803
-2.4780,1.7645,10.1825,1.1405,-0.2172,0.5456,-8.0732,-2.9449,6.3087,0.6419,-0.6817,1.0928
-1.4557,2.1835,9.3302,0.9968,0.1438,0.3691,-7.5130,-3.0119,7.9727,0.7140,-0.1661,1.1138
-1.2450,2.2960,8.8562,1.3503,0.9258,0.0913,-6.6559,-1.9968,6.3925,0.9717,1.0063,1.1731
-1.5993,2.5331,6.7253,1.1638,0.9254,-0.1704,-5.8778,-0.8715,4.8626,0.8374,0.7553,0.8199
-2.2434,2.3272,6.5984,1.3384,0.9423,-0.4930,-6.1363,-1.0511,4.3335,1.1305,1.1882,0.6929
-2.7318,2.3918,4.6448,1.1927,0.9483,-0.5498,-5.3726,-0.3591,2.6911,1.1115,0.7418,0.5592
-2.9568,2.3511,4.4652,1.1618,1.0445,-0.7508,-6.0765,-0.1700,1.4437,1.2255,1.7504,0.4153
-3.7421,2.3104,2.8228,0.9803,0.7374,-0.8689,-5.6192,0.4310,0.3855,1.0300,0.6410,0.2082
-4.1779,2.1715,1.9130,0.7044,1.0008,-0.8749,-5.6767,0.7470,-0.6129,0.8817,1.3599,-0.0007
-4.9704,2.2051,1.3862,0.3733,1.1463,-0.9050,-6.3231,1.0247,-1.9872,0.5444,1.8002,-0.2232
-5.7413,2.0327,0.9984,0.1338,0.7189,-1.0026,-6.5984,1.0367,-2.5426,0.4089,0.8647,-0.2864
-6.4093,2.1332,0.8284,-0.0850,0.8472,-0.8887,-6.5505,1.2186,-3.0598,0.2378,1.1698,-0.5938
-7.2903,2.0494,1.5610,0.1236,0.2651,-0.8467,-8.2768,0.5626,-3.4812,0.5031,1.3287,-0.6484
-7.4124,1.8675,0.2394,-0.0221,-0.6480,-0.6045,-7.6686,1.1708,-4.9728,0.3826,-1.1423,-0.5709
-7.7093,1.6807,0.4908,-0.3088,-0.3804,-0.5301,-8.0206,0.5555,-4.2329,0.0636,0.1823,-0.6781
-8.1882,2.1644,1.5131,-0.2322,-0.7334,-0.2787,-8.7915,0.5052,-3.4141,0.0875,0.0081,-0.6587
-7.4172,1.8220,2.0231,0.0352,-1.3896,-0.3689,-8.1379,0.6105,-3.1747,0.5971,-1.7106,-0.8290
-8.6383,1.5155,0.6488,0.3296,-2.3519,-0.2946,-8.4970,0.6919,-4.5897,0.9302,-1.6928,-0.8547
-8.2935,0.8428,0.7805,-1.0016,-2.0471,-0.1740,-8.4013,-0.2873,-4.2497,-0.4311,-2.4391,-1.2700
-9.1889,0.5387,4.1779,-0.9233,-1.5603,-0.1215,-10.4172,-2.1859,-2.1308,-0.3722,-0.0221,-1.1171
-9.2919,0.0479,3.6057,-1.4890,-1.2430,0.1374,-10.6877,-2.8276,-2.8754,-1.2450,-1.9762,-1.0666
-9.9982,-0.0359,8.9495,-1.6190,0.0342,0.4572,-13.4746,-5.6671,0.8547,-1.4328,0.9511,-0.7568
-7.2880,-0.6632,6.6511,-1.0559,-0.8164,0.7304,-10.5991,-3.9552,-0.8882,-0.9313,-1.3149,-0.2844
-8.5329,-0.1293,7.7357,-1.2204,-0.2414,0.4990,-11.4227,-4.3646,0.6416,-1.2257,-0.7987,-0.4110
-8.2839,-0.2346,7.5226,-1.2943,-0.2766,0.6516,-11.4946,-4.4101,0.1077,-1.3663,0.3796,-0.2382
-7.0246,-0.1221,10.0796,-1.1410,0.0850,0.7677,-12.4211,-5.4803,2.4684,-1.0933,-0.7052,0.1175
-7.1946,-0.0455,8.2959,-0.1061,-0.5424,0.7405,-10.9008,-3.9504,0.5555,-0.2377,-0.5148,0.3444
-6.3949,0.2179,7.1730,-0.4141,-1.1399,0.8114,-10.3813,-4.2138,2.0279,-0.5947,-2.0109,0.4178
-5.5258,0.3136,8.4539,-0.1949,-0.1074,0.8597,-10.3477,-4.7525,4.5681,-0.4315,-0.3659,0.6198
-4.4891,0.7518,10.4866,-0.0334,0.0850,0.9304,-9.7540,-3.7996,3.5769,-0.5343,0.3427,0.8436
-3.6248,1.0008,9.3709,-0.0212,-0.4603,0.8078,-9.2201,-3.9672,5.9448,-0.5179,-1.2379,1.0340
-2.8635,1.5107,10.8290,0.1968,0.4546,0.7610,-9.8186,-3.9409,6.5266,-0.1752,0.0817,1.1254
-2.7916,1.6544,11.1666,0.9017,0.0496,0.6299,-8.9854,-3.2106,6.5601,0.5217,0.3468,1.0241
-2.0159,1.8818,9.2057,0.9880,-0.2915,0.3945,-7.6830,-2.9233,7.1515,0.5637,-1.6653,0.8885
-2.1093,2.2553,9.0932,1.2410,0.8528,0.1344,-7.9487,-2.4972,6.3422,0.9595,1.2129,1.1234
-2.7222,2.2769,8.0349,1.2606,0.6026,0.0218,-8.2456,-1.7166,4.4891,0.9029,0.5173,1.0062
-2.5235,2.3750,7.0581,1.2068,0.7741,-0.1288,-7.2377,-1.3551,4.3574,0.8867,0.1418,0.8997
-3.2154,2.6576,6.4117,1.2941,1.0284,-0.2077,-7.1635,-0.5076,3.1029,0.9916,1.6096,0.7949
-3.1412,2.5522,4.9943,1.2877,0.5566,-0.4827,-6.3925,0.1532,2.2601,1.1728,0.1535,0.6087
-3.5769,2.8108,4.2449,1.2159,0.7366,-0.5704,-6.0190,0.3998,2.0614,1.1600,0.9842,0.4080
-4.0199,2.9951,3.1196,1.3272,0.5339,-0.5702,-6.5242,0.9888,0.1389,1.3634,0.9082,0.3901
-3.4644,2.4541,2.2841,1.1131,-0.0294,-0.8685,-5.0494,1.2067,0.1963,1.3799,-0.2260,-0.0385
-4.2282,2.8443,1.5897,0.9486,-0.1087,-0.8571,-5.4348,1.6305,-0.9601,1.2149,0.5049,-0.2952
-4.3311,2.6097,0.4046,0.5705,-0.2478,-0.8771,-4.8985,2.0949,-1.8603,0.9782,0.0586,-0.6101
-5.3702,2.8180,0.3831,-0.0265,-0.3022,-1.0672,-5.9807,2.3104,-3.0765,0.5259,0.3119,-0.8656
-6.5697,2.7318,1.4150,-0.4201,-0.2233,-1.0516,-7.4101,1.3934,-2.3798,0.2836,0.4162,-0.9503
-7.4077,2.1021,0.5315,-1.1666,-0.0805,-0.9842,-7.6998,1.4246,-4.2904,-0.5612,0.0513,-1.1546
-8.4563,1.6640,2.6815,-2.2552,0.5368,-0.6587,-9.8114,-0.2538,-3.9073,-1.7348,1.2793,-1.4312
-9.1578,1.1061,4.6495,-1.9625,0.2209,-0.4898,-10.7428,-2.0255,-1.9848,-1.5374,1.1927,-1.6433
-8.8131,1.2282,5.3582,-1.2209,-0.4798,-0.1588,-12.9167,-3.0981,0.0479,-0.7101,-0.6662,-0.9017
-8.4898,0.8140,4.8363,-0.2832,-0.3874,-0.0582,-10.1466,-1.6735,-2.3583,-0.0771,-0.4239,-0.4719
-8.7173,0.7973,5.2672,0.0159,-1.3724,-0.0160,-9.9383,-1.5155,-3.0550,0.5183,-1.0122,-0.6031
-8.2480,0.7949,2.2290,0.4118,-2.4463,0.2522,-10.5967,-1.5610,-2.5666,0.8112,-2.9219,0.0244
-7.9751,0.7063,4.0558,-0.2402,-1.5010,0.3973,-8.0900,-1.0391,-3.2226,-0.1303,-1.7115,-0.3187
-7.2449,0.6345,4.6495,-0.0857,-1.8514,0.5309,-9.9024,-2.1093,-1.1133,0.1128,-0.8166,-0.2097
-6.5338,0.5483,4.7573,-0.8492,-1.7645,0.6606,-9.6845,-2.4445,-0.2011,-0.8535,-3.2483,-0.3874
-6.5505,0.6177,8.0278,-0.8897,-1.1218,0.8883,-10.3621,-3.5386,2.0375,-0.9467,-0.1981,0.0183
-6.0406,0.3567,8.6503,-1.1213,-1.0509,0.9559,-10.5656,-4.2162,2.8587,-1.2352,-1.7513,-0.0165
-4.8722,0.6608,10.9152,-0.7678,-0.6033,1.0515,-12.1602,-5.4085,6.6511,-0.9931,-0.7773,0.5742
-4.7214,0.9553,11.1259,-0.1576,-0.2691,1.0849,-10.4603,-4.0630,5.2888,-0.6594,-0.5886,0.6105
-4.1587,1.6664,10.5656,0.0112,-0.1962,1.1058,-10.4411,-3.5314,5.8131,-0.4370,-0.8617,0.9238
-3.2465,2.1308,9.8761,0.4074,-0.0500,1.0777,-9.3470,-2.8036,6.5003,-0.2249,-0.4986,1.0381
-2.3343,2.5139,10.1562,0.3696,0.4485,0.9402,-8.8418,-2.1668,6.3063,-0.1292,0.1591,1.3262
-1.5443,2.7773,10.1083,0.5633,0.3024,0.6853,-8.0349,-1.9154,7.7668,0.0450,-0.0730,1.2544
-0.4238,3.4620,9.8904,0.9454,0.4202,0.5047,-6.6295,-1.3168,9.0070,0.5962,-0.2130,1.1338
-0.7685,3.8259,9.0142,1.2180,0.6099,0.0172,-6.4979,-0.1365,6.7109,0.9533,0.9258,0.8564
-0.8715,3.7924,6.9815,0.9850,0.4679,-0.1756,-5.9280,0.1939,6.3135,0.7562,0.0593,0.6627
-0.4094,3.7757,7.1563,0.8840,1.1588,-0.4013,-6.6152,-0.2801,6.5864,0.8957,1.4365,0.7803
-1.7573,3.4333,6.3327,1.0664,1.1965,-0.6908,-6.1627,0.7542,3.7469,1.0652,1.5978,0.5648
-2.3200,3.2250,5.8873,0.8797,0.7212,-0.6968,-5.8490,0.5722,3.0694,0.9699,0.5356,0.4812
-2.2146,3.1029,5.5929,0.9651,0.9110,-0.7633,-5.7102,0.5004,3.0885,1.2760,1.0890,0.4302
-3.2394,3.0454,4.0414,1.0804,0.6655,-0.9671,-6.0956,0.9673,1.5802,1.2605,1.0452,0.1172
-3.4955,2.9090,3.2489,0.9714,0.2217,-0.8901,-5.6240,1.5443,0.3352,1.2701,0.3088,-0.0336
-3.1987,2.9497,2.3343,0.5922,0.1296,-1.0966,-5.0087,1.9154,0.0431,1.0056,0.4001,-0.5267
-4.6304,3.0837,3.2058,0.3627,-0.1198,-1.1445,-5.9161,2.0231,-1.2067,0.9924,0.5564,-1.1946
-5.3127,3.2872,1.8316,0.1063,-0.5949,-1.1871,-7.8817,1.4868,-0.9553,0.8771,-0.2675,-1.3715
-5.9951,2.9928,2.4588,0.0308,-0.9477,-1.2781,-8.1523,1.5467,-1.6185,0.9418,-0.1103,-1.2101
-6.8426,2.6528,1.0343,-0.5997,-1.3270,-1.0555,-7.3191,2.1907,-3.6105,0.2779,-1.2636,-1.3495
-7.9272,1.9728,1.0080,-1.9341,-1.6329,-0.0761,-7.3622,1.0367,-3.2465,-0.6193,-0.6544,-1.8626
-7.7931,0.8930,3.9768,-2.5819,-1.6746,-0.2979,-9.3948,-0.9361,-3.2154,-1.2746,-1.0360,-1.9366
-7.4029,0.2203,5.3391,-3.0730,-1.7868,0.6045,-10.1514,-2.5833,-2.2529,-1.8061,-1.3875,-1.9049
-8.0996,-0.6752,5.2002,-2.7154,-1.0910,0.6069,-10.7476,-3.8427,-2.4205,-2.1694,-0.8335,-1.2426
-6.3829,-1.6640,7.7788,-2.6557,-0.4764,0.9626,-9.8713,-5.3175,0.1173,-2.8707,-0.8472,-1.1162
-6.4835,-1.5514,9.3781,-1.7403,-1.1147,1.0806,-11.0660,-5.9424,1.2641,-1.9304,-0.8580,-0.3431
-6.4476,-1.6376,8.0469,-1.2817,-0.3865,1.4386,-10.3717,-6.2656,2.3152,-2.2108,-1.8237,0.0200
-5.3343,-1.3120,11.1091,-0.8563,-0.1597,1.3980,-13.1035,-7.0557,4.2186,-1.5519,0.5204,1.3516
-5.2194,-1.0606,11.1450,0.0799,-0.0766,1.4165,-13.7523,-6.9935,4.4843,-1.2894,-1.0864,2.6317
-4.6639,-0.5818,12.1338,0.9012,0.2695,1.5022,-14.0157,-6.6559,5.0518,-0.9843,-0.9355,4.0553
-3.3902,-0.3448,11.5089,1.7746,-0.1099,1.5103,-11.3749,-5.3630,4.4341,-0.8732,-0.8060,4.3656
-2.0877,0.1077,11.9710,2.1513,-0.5786,1.0876,-3.5123,-2.2936,8.8657,0.2101,-3.2098,3.6691
-0.4381,1.7047,10.0628,2.6425,-1.4548,0.6560,-7.1275,-1.2665,8.4108,1.9674,-1.5740,2.5377
1.0199,2.6312,10.5704,2.7620,-0.9808,0.0592,-2.6001,1.1803,8.5138,2.3915,-2.2127,1.6659
1.1181,3.6871,6.6535,2.7925,-1.1293,-0.6675,-4.0318,1.4605,8.9112,2.8874,-2.0703,0.3493
1.9585,4.3718,6.6894,1.9049,-0.8941,-1.0347,-2.2553,2.5618,7.3837,3.1368,-1.2648,-0.3988
0.8523,4.7381,5.4324,1.3591,0.1108,-1.4747,-0.5794,4.4197,4.7764,2.4881,0.4278,-1.3011
0.2682,4.5059,5.6024,0.7641,-0.5864,-1.9231,-4.0127,3.0550,5.1356,2.4103,0.1031,-2.2523
-0.8404,4.7740,5.5522,0.4365,-0.8396,-2.0514,-4.8171,3.3639,3.6751,2.2716,-0.4269,-1.7878
-1.2186,4.0965,4.8914,0.4032,-0.4525,-1.9096,-3.6105,3.8068,1.2019,1.7766,-0.4076,-3.0367
-2.4349,3.0765,3.5243,-0.4161,-1.0692,-2.1274,-1.9561,3.3471,-0.5650,0.9300,-0.9377,-4.3657
-3.4309,2.6145,2.0973,-1.8044,-1.5103,-2.2187,-5.3247,0.1796,0.4573,-0.5922,-1.4810,-4.3657
-3.7541,2.0877,4.5298,-2.6288,-0.9919,-1.7308,-7.5872,-1.6281,0.4741,-1.1203,0.7210,-4.3657
-4.5897,0.8523,4.4891,-3.0553,-1.3154,-1.1559,-6.7038,-2.2841,-2.3894,-2.0210,-1.1205,-4.2260
-5.7557,-1.5251,6.2752,-4.3657,-1.4400,0.7294,-8.0637,-7.2113,-1.2833,-4.0995,-1.1746,-2.3948
-5.2960,-3.0574,6.9839,-4.3657,-1.2193,1.7762,-9.7037,-9.5193,0.3639,-4.3657,-2.2431,-0.9633
-5.6575,-4.3191,8.8178,-3.8108,-0.6372,2.6492,-8.4707,-11.2887,2.2625,-4.3657,-2.1048,0.5352
-4.6471,-5.3295,10.2855,-2.7378,0.3060,3.4203,-9.0261,-12.0452,4.8578,-4.0806,-0.9515,1.2917
-3.6655,-5.6240,10.6231,-1.3642,1.0619,3.4113,-9.1554,-11.9040,6.5841,-2.9906,-0.2872,2.1906
-2.5259,-5.1308,11.7867,0.1633,1.4701,2.8629,-9.1387,-11.0732,7.0246,-1.3143,0.3704,3.5711
-3.5745,-3.5913,12.0740,1.9534,1.6486,2.4932,-9.1315,-10.6590,6.4069,0.4734,0.1909,4.3656
-2.8419,-2.3535,11.4299,3.6958,2.0707,2.1582,-8.4659,-8.0134,5.2720,1.7216,0.9297,4.3656
-3.0502,-2.0039,8.6359,4.3656,1.5160,1.7656,-10.9511,-8.8969,3.6655,2.3827,1.0188,4.3656
-0.3232,1.1253,5.3654,4.3656,0.5301,0.1689,-0.1652,5.5809,-4.8842,4.3656,1.2874,2.5527
-3.1101,3.8044,2.0016,3.4847,-1.7291,-0.7721,-4.6495,6.4620,-1.8052,3.2058,-2.9381,0.9486
-3.7062,4.7788,4.1372,1.8671,-3.1456,-1.5135,-0.2562,7.8482,-0.2801,2.6175,-4.3657,-1.2617
-5.0805,4.5657,1.9082,1.2600,-3.1638,-2.0499,-4.1348,6.7493,-1.6999,2.1746,-1.8317,-3.5698
-5.1715,4.4101,1.7478,-0.4243,-3.8497,-2.0713,-4.5083,4.8100,0.1460,0.8048,-4.1747,-4.3657
-4.7405,4.0223,3.0143,-1.2834,-3.2907,-1.9027,-3.9887,2.7414,0.6967,0.0731,-2.8349,-4.3657
-3.7781,2.7797,3.5195,-2.7190,-3.8055,-1.7617,-4.5035,0.7302,-0.3903,-0.8335,-1.9193,-4.3657
-4.3814,1.5443,3.5793,-3.8848,-3.7831,-1.7445,-5.0206,-3.2394,2.4924,-2.4519,-4.2747,-4.3657
-3.5793,0.4621,7.2520,-4.3657,-2.7354,-0.9242,-9.2009,-6.1651,2.8084,-3.1347,-1.6346,-4.3657
-5.2696,-0.9936,7.2257,-4.3461,-2.6119,-0.1119,-8.0780,-7.5705,0.4334,-3.7293,-2.0186,-3.0744
-5.8658,-1.8866,8.9878,-4.3023,-1.8430,1.9023,-11.0636,-10.6757,3.7038,-4.3657,-3.7613,-1.1461
-5.9113,-3.2082,10.3765,-2.8534,0.5396,3.1776,-11.5329,-12.2009,4.7190,-4.3657,0.1154,1.0616
-5.6790,-4.8267,9.9790,-2.0295,1.6385,4.3656,-10.4387,-12.1410,3.9433,-4.3182,-0.5780,2.7892
-3.6679,-5.7820,9.8330,-1.3992,2.2767,4.3656,-8.7652,-11.9926,5.4540,-3.8556,-0.2679,4.2878
-3.9720,-5.0949,11.4778,-0.3929,3.0671,4.3656,-8.8969,-11.4275,6.1579,-2.8714,1.5894,4.3656
-3.9002,-3.5721,11.9926,1.0108,3.1018,4.0679,-6.4572,-9.2560,6.5410,-1.6158,0.7797,4.3656
-2.6073,-3.0478,11.3940,2.5247,2.6437,3.6159,-7.8650,-8.5281,6.4236,0.2445,1.2183,4.3656
-1.6688,-2.1955,8.9854,3.8145,1.4899,2.5475,-5.0015,-6.2273,4.8435,1.7585,0.3415,4.3656
-2.0423,-0.8787,8.4731,4.3656,0.6636,1.4452,-5.7509,-3.8954,3.7421,3.3851,-0.4120,4.3656
-3.0287,1.1708,6.5122,4.3656,-0.9230,0.4994,-8.6670,-1.9058,1.2570,3.7128,-0.5317,4.3656
-2.3894,2.6624,5.0159,4.2097,-2.0652,-0.1220,-3.2082,3.6488,-1.1660,3.3568,-3.6552,2.9260
-1.6328,3.1603,5.4875,3.1892,-2.4881,-1.1255,-3.3519,3.4716,4.8459,3.4627,-2.7527,1.1323
-3.2202,3.8451,6.2513,3.3799,-3.5569,-2.4455,-4.3431,5.0111,2.0590,4.3656,-2.5550,-1.0623
-4.7333,4.3455,4.0247,3.0241,-3.9964,-2.9318,-3.7589,6.1172,0.5938,4.3461,-4.3657,-2.8839
-5.9927,4.2808,1.5682,1.6308,-4.3657,-3.0507,-3.2872,6.3159,-1.8316,3.5054,-3.9960,-4.3657
-6.2393,4.1084,-0.5986,-0.9454,-4.3657,-2.5556,0.1867,5.0015,-3.1556,0.8279,-4.3657,-4.3657
-4.8483,2.6647,-1.3384,-3.7301,-3.2660,-1.8984,-5.1308,-0.8954,-3.3878,-2.0959,-2.1218,-4.3657
-5.9089,-0.0575,1.5275,-4.3657,-1.9650,-0.9874,-8.5162,-5.4444,-5.4851,-4.3657,0.0869,-4.3657
-7.8123,-2.2290,5.8897,-4.3657,-2.2703,0.9289,-9.0932,-10.9104,-2.6576,-4.3657,-4.1446,-4.3657
-5.4684,-4.6424,9.4379,-4.3657,-1.9757,2.9568,-11.1642,-15.0380,3.2106,-4.3657,-3.0642,-1.7395
-4.6017,-6.6319,11.7483,-4.3657,-0.7950,3.7611,-9.8330,-16.0124,5.3032,-4.3657,-2.4521,0.9550
-4.6304,-6.8761,13.0556,-2.8080,0.5712,4.2630,-8.7819,-15.2199,6.8905,-4.3657,-2.0298,2.4144
-3.3327,-7.1036,11.4275,-0.9402,1.5912,4.2819,-7.6806,-13.6613,7.4316,-3.3348,-0.4676,3.3476
-2.7797,-5.6455,10.3094,0.2661,2.2612,3.8319,-9.4068,-12.2463,7.9080,-1.8527,0.8312,4.3431
-3.1747,-3.5602,11.4586,1.5477,2.4517,3.0756,-8.4922,-10.4196,6.1387,-0.2884,1.1996,4.3656
-3.9528,-2.6671,13.3788,3.6147,2.4118,2.8066,-5.2912,-7.9296,6.1914,1.1310,0.3492,4.3656
-0.0072,-2.6145,5.6958,4.3656,-3.9824,-0.9154,-9.0357,-3.4788,-7.3885,4.3656,-1.6409,3.5667
-3.8140,3.4860,-1.8220,3.4102,-4.3657,-2.0359,-0.1700,7.4196,-2.8443,4.3656,-4.2140,-2.0632
-2.3942,5.8562,-0.0862,-0.1923,-3.4556,-2.1831,-2.9688,6.3327,-2.5115,1.3398,-1.6786,-4.1535
-2.7246,4.8842,0.4693,-2.3154,-2.9719,-1.6323,-2.2913,4.4029,-1.2043,-1.2008,-2.7869,-4.3657
-4.3407,3.8211,0.8260,-4.3295,-2.0098,-1.0749,-4.7956,-0.0766,-0.6584,-3.2608,-1.5028,-4.3657
-0.5746,1.2378,4.0534,-4.3657,-1.5036,-0.7148,-6.4356,-3.5362,0.4812,-4.3657,-0.5071,-4.3657
-4.5155,-2.8347,10.3932,-3.6613,-0.2479,2.6249,-10.8649,-12.0787,6.1675,-4.3657,-1.3534,0.7771
-4.7549,-5.7197,10.2089,-1.7279,2.0885,3.9427,-7.5513,-11.7172,4.2641,-4.0586,0.5754,2.7491
-3.9313,-6.0286,9.6247,-0.9322,2.4689,4.0683,-10.7524,-12.2870,4.9081,-3.4154,0.9675,3.8885
-5.1116,-4.2234,12.0931,0.3519,2.9046,3.7539,-7.9871,-10.5058,5.3989,-2.1693,0.5725,4.3656
-4.7740,-2.6719,11.3796,2.4004,2.7279,3.4663,-10.1945,-9.8497,6.8331,-0.4686,1.5946,4.3656
-3.7373,-2.5402,10.0844,4.0757,2.0964,3.2620,-8.9567,-8.4420,4.5442,1.1345,0.7298,4.3656
-1.2402,-1.7406,7.1371,4.3656,1.7307,2.1341,-4.2018,-6.9623,4.7166,2.8146,-0.6081,4.3656
-1.9201,-0.6752,7.5609,4.3656,0.4141,0.9591,2.9161,-0.7901,2.2146,4.3656,-1.6077,3.9086
0.7135,1.0918,3.7613,4.3656,-1.6995,-0.3734,-3.1220,2.2601,-0.0479,4.3656,-0.0083,1.9725
-1.8076,2.1763,4.6878,3.2416,-3.0802,-2.3346,-2.6240,4.2449,0.2179,4.3656,-3.3851,-0.9749
-5.1691,3.6296,5.6886,2.8276,-4.3657,-3.1107,-4.3934,3.2537,2.0111,4.3656,-4.1392,-3.5166
-6.1459,4.5035,3.5506,1.9532,-4.3657,-2.6961,-9.9311,2.4636,-0.9816,4.2009,-3.6387,-3.9474
-5.2936,3.3040,5.5498,1.3995,-4.3533,-2.7002,-7.1443,2.0758,0.8380,3.1429,-3.0563,-4.3657
-5.1451,3.2394,-0.3759,-0.5865,-4.3657,-2.1204,-6.9695,1.7526,-0.3184,1.5034,-4.1957,-4.2862
-5.1858,2.6815,3.2226,-2.5214,-2.8830,-1.5681,-6.1435,-0.0766,-1.7071,-0.8831,-1.7038,-4.3308
-4.7716,1.3791,3.5123,-3.8983,-2.6394,-1.0485,-6.3662,-2.6456,-1.9369,-2.5588,-1.6611,-4.0771
-5.7054,0.3831,5.7604,-4.3657,-1.8676,0.4231,-8.5569,-7.1036,1.5179,-4.3657,-3.3189,-2.9900
-5.7245,-1.1444,8.1187,-4.3657,-0.6816,1.9931,-10.7332,-9.2943,1.5826,-4.3657,-0.9746,-0.9308
-4.2569,-3.5650,7.3765,-4.3657,-0.3597,3.2057,-9.1698,-10.5489,1.1253,-4.3657,-2.3712,1.0750
-5.3463,-5.2553,9.0166,-4.1162,0.3628,3.7948,-5.8849,-12.3804,3.0215,-4.3657,-2.2575,2.3078
-5.0925,-5.7581,12.1625,-2.6588,1.4321,4.2967,-7.8290,-13.3046,8.1187,-4.3657,0.1495,2.1749
-3.1627,-6.0190,11.2480,-0.8841,2.1312,4.1196,-8.7963,-12.2392,7.1826,-3.0751,0.1034,3.0996
-3.1220,-4.8674,10.9870,0.3653,2.2729,3.4346,-9.5074,-11.7675,6.8690,-1.7423,0.7117,4.3656
-3.5865,-3.6559,12.9790,2.2673,2.2623,2.9191,-7.3143,-9.9096,6.5218,0.1506,1.1068,4.3656
-3.4764,-2.6456,10.1658,3.9933,1.5330,2.3299,-8.9759,-9.0166,5.7964,1.9426,0.6051,4.3656
-2.6839,-1.2043,8.7915,4.3656,1.0737,1.9284,-6.2489,-7.2042,4.7692,3.1590,-0.4827,4.3656
-1.5419,-0.2538,5.5689,4.3656,0.6423,1.0253,-4.5777,-2.9664,1.0319,4.1208,0.1312,4.3656
-3.3543,2.4349,5.1930,4.0173,-0.3094,0.3561,-7.3813,-1.6352,2.7270,3.6784,-0.3444,4.3656
-3.3615,3.4405,5.3008,4.1195,-1.0103,0.1568,-0.4836,4.7788,-4.8674,3.9045,-1.9999,4.1191
-1.3144,3.0047,4.0797,2.9892,-1.3865,-0.3652,-3.0813,5.3582,1.2426,2.6129,-1.8405,0.4983
-5.1284,2.9473,4.3551,3.3084,-4.3657,-2.8679,-3.3686,6.6631,-0.8260,4.2767,-4.1360,-2.5835
-5.8754,4.5969,1.7142,0.9866,-4.3657,-2.6187,-3.3351,5.4540,1.2833,2.5339,-4.3657,-4.1980
-4.3263,4.1061,3.1508,0.2157,-3.9744,-2.4553,-2.8347,3.9121,-0.5171,1.4787,-1.9243,-4.3657
-5.1308,3.9935,2.1213,-1.5367,-3.8201,-2.1943,-5.0566,0.6249,1.3886,-0.0446,-1.4755,-4.3657
-3.8738,3.3974,3.1005,-2.9988,-3.1280,-1.5689,-8.5736,-1.3743,2.5738,-1.4249,-3.4905,-4.3657
-3.8068,2.4493,5.0829,-3.8926,-2.0776,-0.6266,-7.8985,-2.6336,1.3431,-2.7907,-1.3182,-3.4687
-6.4907,1.3958,6.6942,-4.3431,-0.7978,0.5966,-9.3446,-5.3750,1.3815,-4.0775,-1.2343,-2.3860
-4.5969,-0.4573,7.2951,-4.2470,0.2112,2.1819,-9.7037,-7.5561,2.2218,-4.3657,-1.0003,-1.0241
-4.9153,-2.8898,7.0198,-4.3657,0.6887,3.0311,-7.7716,-9.1339,1.7597,-4.3657,-1.2681,1.0483
-4.5610,-4.1922,10.1227,-3.9523,1.4298,3.8814,-7.9823,-11.0301,3.9528,-4.3657,-0.4739,1.4229
-3.8379,-5.3103,10.2137,-3.0361,1.8118,4.0610,-7.6088,-11.4371,5.3295,-4.3657,-0.2932,2.2877
-3.2154,-4.6831,11.4491,-1.7388,1.9015,3.6231,-9.4739,-11.3342,7.2042,-3.5142,0.2184,3.0297
-3.1819,-2.7845,12.3110,0.3936,1.9472,2.8893,-11.4539,-10.6446,8.5186,-1.4778,1.1210,4.3656
-3.9217,-2.4780,12.0165,2.4852,1.8000,2.3260,-7.3502,-8.7388,6.3087,0.7718,0.1454,4.3656
-3.3543,-2.0446,8.8825,3.8443,0.8492,1.6762,-8.0302,-7.4531,4.4341,2.7294,0.3938,4.3656
-2.9353,-0.9697,7.3981,4.3656,0.3285,0.7773,-5.1116,-4.7645,2.3655,3.8495,-1.2837,4.3656
-3.0765,0.8835,6.5290,4.3656,-0.1982,0.0690,-5.9664,-1.3934,-0.4238,4.0232,-0.4000,4.3656
-2.7007,1.0846,3.2944,4.3405,-1.1418,-0.3536,-4.8171,1.7669,1.3910,3.6576,-1.8959,2.6664
-1.2905,2.9113,4.0845,2.5842,-1.2802,-1.8955,-1.4940,5.1595,-1.1301,3.4696,-1.6481,2.0564
-5.7748,2.8515,3.4022,2.0078,-4.3657,-2.3876,-4.5945,5.4133,-0.1173,2.5615,-4.3657,-2.7195
-3.6536,3.1651,3.2154,-0.6354,-3.2861,-2.2591,-3.6224,1.8962,0.7661,0.7438,-1.3418,-4.3657
-5.3870,3.2202,3.0023,-1.9813,-2.6478,-1.6562,-8.2337,-1.0487,1.6951,-0.7978,-2.0599,-4.3657
-3.1292,2.1548,4.8626,-3.1107,-2.2459,-0.6889,-9.1794,-2.2625,1.2641,-2.1538,-1.6427,-4.3657
-4.2784,0.7757,5.5019,-3.8459,-2.1689,-0.4345,-6.8809,-3.9672,0.6177,-3.2510,-2.3066,-2.8803
-5.7844,-0.0120,7.5681,-4.1820,-1.4485,1.4230,-8.3941,-6.6894,-0.6009,-4.3657,-2.9723,-2.4102
-4.9464,-1.6712,6.6439,-3.9961,-0.4727,2.7532,-10.5776,-10.4603,4.5657,-4.3657,-1.3531,-0.4427
-4.8602,-4.0294,8.9759,-4.0809,0.4201,4.0668,-10.0293,-11.9399,3.1029,-4.3657,-1.5990,2.3744
-5.2696,-5.6479,10.9966,-3.0759,1.6272,4.3656,-8.0230,-12.9383,6.4955,-4.3657,-0.9855,3.1858
-3.1532,-6.8115,10.2304,-2.0716,2.2743,4.3656,-8.4874,-12.1673,6.2369,-4.3379,0.5617,3.9987
-2.5379,-4.9895,12.2224,-1.1305,2.4697,4.2499,-7.7644,-11.1450,8.5641,-3.0778,0.6695,4.3656
-2.5067,-3.3471,13.1011,1.3905,2.6289,3.2618,-8.6694,-10.0030,9.4188,-0.6772,1.7277,4.3656
-2.4636,-2.1811,11.4970,3.6234,1.2784,2.4894,-8.1403,-8.2815,6.9791,1.9518,0.4527,4.3656
-1.5083,-1.7885,8.0517,4.3656,0.3962,1.7838,-5.8945,-5.6551,3.7876,3.5471,-1.0395,4.3656
-2.2362,-0.2801,7.5417,4.3656,-0.4339,0.6029,-5.6407,-2.7581,0.8236,4.2862,-0.7392,4.3656
-4.1228,1.3168,5.7174,4.3656,-1.2698,0.0177,-6.7540,0.0479,0.6440,4.0669,-1.7292,3.4286
-4.0510,2.6360,3.2561,4.2037,-1.9561,-0.1978,-7.5082,2.3439,1.1013,3.3456,-2.7314,2.2833
-3.4692,4.1252,3.9959,2.6470,-0.9324,-0.5761,-4.6160,4.8219,0.6752,2.2096,-1.2509,1.7367
-3.8499,4.6687,3.8164,2.5119,-1.1906,-0.9118,-3.5458,5.7413,2.1763,2.7157,-1.0400,0.1788
-1.5012,4.5657,4.7070,1.4029,-2.1782,-1.5326,-2.0901,6.5697,1.4078,2.3506,-2.4730,-2.2168
-3.1963,4.1252,5.2241,1.1996,-3.7671,-3.2436,-2.3152,5.5282,2.2434,3.0589,-2.5042,-4.3448
-4.9105,4.1611,1.3431,-0.6066,-4.3657,-2.7908,-3.6296,3.5769,0.1484,1.2513,-4.3657,-4.3657
-3.3734,4.0941,2.3966,-2.0119,-3.1396,-2.2965,-4.2473,0.6512,2.2027,-0.6680,-1.9673,-4.3657
-4.9656,3.6392,3.7110,-3.1283,-2.6680,-1.6598,-8.2073,-1.5658,2.4612,-1.4164,0.4910,-4.3657
-3.4596,2.2936,6.2177,-3.7373,-2.2701,-0.5517,-9.4523,-3.0765,1.5850,-2.2862,-2.6637,-3.7034
-4.8387,1.2713,6.0861,-3.8561,-1.4354,0.3174,-8.1163,-4.5969,1.5562,-3.5388,-2.0290,-2.4232
-4.8914,-0.8260,6.7277,-4.3068,-0.7048,1.9132,-8.9663,-7.2065,0.6297,-4.3657,-1.1651,-1.0293
-5.2361,-2.9377,7.2856,-4.3657,-0.0414,3.3817,-8.7987,-9.8090,0.7207,-4.3657,-2.0899,0.5788
-4.9704,-5.3582,8.1858,-4.3657,0.5844,4.3656,-7.1970,-12.1218,2.3415,-4.3657,-1.6843,1.9212
-3.7373,-6.8833,11.0875,-3.6798,1.4871,4.3656,-7.1874,-13.7020,5.5330,-4.3657,-0.6249,2.3497
-2.8108,-6.8163,11.1785,-2.1959,1.8790,4.3656,-8.5473,-13.5560,7.7524,-4.3657,-0.0124,3.0245
-2.2673,-5.5976,12.4906,-0.6439,1.7174,3.7550,-8.6814,-12.4666,8.4898,-2.5454,0.1891,4.3656
-2.6935,-4.3503,13.3405,1.6766,2.0495,2.7755,-7.4077,-11.1330,8.9615,-0.1848,0.8114,4.3656
-2.8204,-3.8211,12.0452,3.7940,1.1371,2.2120,-7.7069,-9.3015,5.0853,2.2651,0.7971,4.3656
-2.4852,-2.8323,8.3462,4.3656,-0.0510,1.6575,-5.3463,-5.2768,1.7813,3.1403,-1.8294,4.1368
-3.8427,-0.7254,6.9121,4.3656,0.2000,1.2658,-7.2568,-3.5745,2.3511,3.4296,-0.1609,3.5310
-4.1683,1.1253,4.8890,4.3544,-0.3889,1.1551,-7.4268,-1.3288,1.7023,3.2254,-0.3192,3.7004
-2.5091,2.5594,5.4636,3.4478,-0.2930,0.6968,-6.3925,0.4621,1.7885,2.2517,-0.6177,3.3528
-3.1795,4.0366,5.2481,3.2892,-0.8378,-0.0208,-2.7773,2.9521,2.2027,3.1596,-1.3805,2.6289
-1.3527,4.7645,5.2433,2.8591,-1.1562,-0.4675,-6.5793,2.7031,4.3335,3.1241,-1.0134,1.3707
-1.7645,4.7788,6.7445,3.1654,-2.2945,-1.5539,-3.7373,4.5825,2.5331,4.2549,-1.3418,0.4245
-3.4692,3.8475,4.8842,3.0947,-4.0553,-2.6248,-4.1779,5.6982,-0.3807,4.3656,-4.3657,-1.8028
-4.6519,4.2976,1.3384,1.9352,-4.3657,-3.1953,-1.9609,7.0437,-2.5594,3.7537,-4.3657,-3.8075
-5.4803,4.3551,-1.0175,-0.2754,-4.3657,-2.8841,-1.7262,4.7262,-0.9481,1.3787,-4.3657,-4.3657
-5.4660,4.1132,-0.8332,-2.5034,-3.2624,-2.5201,-5.7030,1.4557,-0.7685,-0.6301,-1.6779,-4.3657
-6.5170,3.5386,2.8970,-3.8646,-2.3698,-1.3819,-10.0149,-1.3120,-2.5139,-2.2428,-0.0430,-4.3657
-7.6974,2.2817,4.6567,-4.3657,-2.2380,0.1827,-10.8386,-3.9624,-1.4533,-3.7463,-3.3460,-2.9428
-6.5434,0.2945,7.2903,-4.3657,-0.7773,2.1023,-10.4818,-7.1682,1.1492,-4.3657,-1.6655,-1.2016
-5.1595,-2.9401,6.9240,-4.3657,-0.2739,3.5396,-8.4348,-9.2177,0.6009,-4.3657,-1.7063,1.0708
-4.6663,-4.5610,9.5313,-4.3657,0.3515,4.3656,-7.2784,-11.1115,3.5578,-4.3657,-1.9028,1.7588
-3.7900,-5.7365,10.9008,-3.5381,1.1642,4.3656,-8.4372,-12.1673,5.7365,-4.3657,-0.2150,2.2067
-3.3016,-5.9041,10.2687,-2.2980,1.5801,4.2669,-7.4316,-11.4443,7.1994,-4.3657,-0.7406,2.5516
-2.7438,-4.3551,12.2990,-0.7914,1.9789,3.4781,-10.4148,-11.0756,8.1738,-2.6965,1.0277,3.4050
-3.3782,-3.2657,12.5480,1.5909,2.3554,3.0418,-9.4236,-9.7229,6.8953,-0.5796,1.4189,4.3656
-4.0893,-2.9401,10.7978,3.0397,1.6021,2.4717,-6.5481,-7.1850,3.5626,1.1976,-0.0834,4.3656
-3.0287,-1.7861,8.9208,4.0665,1.0376,2.1690,-7.8697,-5.8610,3.8355,2.1261,0.4590,4.3656
-3.9361,-0.1149,6.8474,4.3656,1.3118,1.6120,-5.4564,-2.3655,1.0319,2.6020,0.2081,4.0637
-3.0023,1.4437,4.4029,3.6892,-0.0926,1.1247,-6.8618,-1.0894,1.9537,2.5760,-0.6189,3.7405
-2.1883,2.5067,8.4180,3.8336,-0.9391,0.5792,-7.6686,-0.2418,3.6224,3.2443,-0.9554,2.5033
-2.6671,3.1388,4.0223,3.9790,-2.0619,-0.4397,-7.3789,2.0087,1.4461,3.7010,-1.9846,2.0234
-2.4612,3.1196,6.1076,3.2548,-3.4383,-1.5524,-1.9082,4.7716,2.0494,4.0602,-3.9702,-0.0922
-2.2769,4.2545,3.9768,2.7395,-4.3461,-2.4885,-4.6519,3.7589,4.0797,4.3656,-3.4302,-1.8008
-3.7397,5.3486,2.4469,2.3647,-3.6403,-2.9808,-6.7995,3.3303,2.9233,4.3656,-2.3050,-2.5063
-4.7166,5.9927,4.3359,1.6726,-3.1355,-3.2762,-7.2329,4.1827,0.4908,4.1455,-1.9637,-2.1149
-6.3159,5.4540,2.9185,1.5958,-3.1463,-2.6396,-6.6200,4.7549,-0.0742,3.2983,-2.7836,-2.8482
-4.0438,4.6424,2.1380,0.1529,-3.3630,-2.0404,-2.8156,5.9304,-2.9185,1.8571,-3.4763,-4.1324
-4.6998,4.0534,0.1891,-1.3932,-3.2305,-2.1410,-4.5298,3.1173,-1.8340,0.2121,-2.1412,-4.3657
-4.7094,3.0837,0.4094,-3.5613,-3.1906,-1.7445,-6.8833,0.0694,-2.2218,-1.6776,-2.3553,-4.3657
-6.7253,2.3439,3.3399,-4.3657,-2.0091,-0.4815,-7.6112,-2.6097,-2.5977,-3.5995,-2.4645,-4.3103
-6.5745,0.7398,4.6448,-4.3657,-1.1989,1.2001,-10.5249,-6.0310,-1.9417,-4.3657,-1.4017,-2.7512
