-5.9807,5.5665,1.3001,-0.0093,2.2908,2.1905,-2.1093,4.7932,6.7373,-3.7698,-1.6772,2.8238
-3.0622,5.3702,3.3567,-1.4719,1.4663,2.5331,-5.8682,4.9536,-1.3001,-3.6176,2.2331,1.3548
-2.6671,5.5091,5.5162,-1.6739,0.7217,2.2396,-5.3822,4.0654,-0.2035,-3.7258,0.7202,0.0839
-0.0431,4.0701,3.1412,-2.3307,-1.5909,2.1992,-0.2274,3.9504,4.9584,-2.5827,-4.3657,-2.2569
3.5243,3.7254,4.8937,-3.1436,-1.9795,1.2609,-1.0870,0.7638,13.5416,-1.6758,-0.9694,-2.7019
4.0247,4.1492,8.9280,-2.1833,0.2733,-0.3796,-1.9944,0.2011,11.4922,0.1793,2.7202,-4.3657
3.3543,3.6009,8.1499,-1.7044,0.1386,-1.6341,-5.4540,-2.9137,8.7005,1.0933,3.6612,-4.3657
1.6712,3.3447,9.5648,-1.5398,-0.7125,-2.4067,-7.4196,-3.9097,5.8897,2.1983,1.9754,-4.3657
-1.5874,4.3000,11.0109,-0.4102,-0.7310,-3.0261,-10.8577,-6.5457,5.1356,2.7983,2.0231,-4.3657
-3.1747,4.4388,9.7875,0.5677,-0.9738,-2.3800,-13.3166,-6.9815,2.8204,2.8436,1.8684,-2.4952
-3.3255,4.0654,8.7652,1.2493,0.0950,-1.7339,-13.4482,-7.1491,2.1691,2.0548,1.8844,-0.0318
-3.9049,4.2353,7.0078,1.7018,0.4427,-1.2251,-12.2775,-5.6743,2.1548,1.4579,1.9043,2.8638
-3.8355,4.2976,6.0980,1.8020,0.4491,-0.5003,-11.4539,-4.0558,-1.0558,0.9081,0.6201,4.3656
-4.3981,4.7214,6.6415,1.9129,1.3175,0.0690,-8.8873,-1.5658,-2.5139,0.3202,0.5955,4.3656
-4.4269,5.1404,5.7964,2.0731,1.2425,0.5433,-10.9008,-0.6129,-4.9057,-0.8467,1.0319,4.3656
-3.2370,4.9728,4.5586,1.8081,1.1563,0.9126,-4.8052,3.1795,-2.2218,-2.2467,-1.6250,4.3656
-5.0925,5.7269,3.0358,1.1872,1.0632,1.0925,-2.2434,6.3829,0.9409,-1.1871,-2.2535,4.3656
-4.4460,6.1866,2.2889,0.0529,0.6135,1.7953,-4.3646,7.0701,-3.0622,-1.8179,0.3170,2.4672
-3.2920,5.7485,1.6328,-1.0644,0.8815,2.0949,-1.6113,7.0413,0.4142,-3.2443,-0.1144,-0.3628
-1.9201,5.1715,2.8156,-2.1650,0.3260,2.0880,-0.3089,6.1962,-0.9649,-3.4147,-0.8808,-2.6625
2.3391,3.8044,1.9513,-3.3700,-0.7799,1.5003,-1.8004,0.9984,9.3733,-3.2174,-0.9882,-4.0317
3.9385,4.0103,7.7452,-3.5036,-0.0883,0.2281,-4.0079,-0.5315,10.4651,-1.9749,1.5224,-4.3657
0.2610,4.9344,11.5209,-1.8338,0.5145,-1.2271,-7.3526,-3.5291,9.9311,0.2956,3.8451,-4.3657
0.3424,4.5490,10.3166,-0.7214,-1.3470,-1.3812,-11.9997,-5.8083,7.3191,1.9497,1.8728,-4.3657
0.0934,4.2066,9.3996,0.3203,-0.7017,-1.8863,-12.0787,-6.1435,4.8626,2.5897,1.5743,-2.2394
-1.7454,4.5442,8.4108,0.9233,-0.5809,-2.0276,-11.1043,-4.5873,5.5593,2.3535,1.7257,0.0866
-3.6033,4.5298,7.4292,1.3238,-0.4780,-1.4815,-6.8331,-1.8555,3.9456,3.0914,1.2029,0.7705
-2.5881,4.5538,6.8785,1.5187,0.1880,-1.0981,-12.6414,-4.4508,-1.9010,2.1293,3.4446,1.2139
-4.3718,5.1811,6.8785,1.8046,0.5405,-0.9409,-10.1993,-2.0207,-1.6161,1.7533,1.2072,4.3083
-4.2737,5.2816,5.1427,2.0363,0.4986,-0.2888,-8.9854,-0.2490,-3.5650,1.5134,-1.8021,3.7687
-3.6440,5.3319,3.2154,1.5406,0.6639,0.0257,-11.4179,0.4453,-4.2329,-0.4501,1.2785,3.9779
-4.2401,5.4588,3.3998,0.7250,0.7324,0.2439,-6.1268,4.1372,-5.8993,-1.9421,-0.4507,4.0091
-5.2433,6.1052,3.5626,-0.0733,0.4811,0.8115,-3.6129,5.7126,-3.7158,-2.9291,-2.4253,2.5670
-4.3167,5.5115,1.8340,-1.1337,0.0990,1.9393,-2.0351,5.3415,0.5028,-3.0822,-1.5226,-0.9474
0.2418,3.8690,2.0303,-2.5463,0.1773,2.0131,-2.0590,2.7797,4.2952,-3.4214,-0.8470,-3.1111
1.7933,3.5314,4.7621,-3.3501,-0.3726,0.9105,-0.8212,0.7302,12.2487,-2.7129,-0.7361,-3.9097
3.3830,4.4484,9.9288,-2.8549,-0.5590,-0.0983,-6.2584,-3.9887,13.3309,-0.0392,2.7520,-4.3657
2.1955,4.7070,12.6462,-1.6630,-0.1929,-1.5583,-14.4586,-6.4260,10.0126,1.0589,4.3656,-2.9949
0.5028,3.9241,13.2591,-0.1310,-0.4683,-2.3558,-10.0916,-4.2090,5.4540,3.2666,-0.0333,-1.3094
-1.6496,3.3423,9.4164,1.3250,-0.5846,-2.2945,-9.4116,-4.5633,4.8674,3.6751,1.1065,-1.0508
-3.2992,3.1867,8.2480,1.9291,-0.5680,-2.3437,-10.7667,-4.5586,-0.8045,3.6336,2.9798,-1.0946
-4.7094,4.0199,5.7868,2.0723,-0.5232,-1.6867,-10.2855,-3.2370,-3.0909,2.9937,1.1048,-0.0193
-6.1914,4.3981,3.7757,1.5112,-0.2061,-0.6023,-10.7739,-2.8946,-2.2793,1.7324,0.6703,0.2278
-3.9289,5.1739,4.9392,1.2156,0.5269,-0.0624,-12.1625,-2.9592,-3.6799,-0.0432,1.9649,1.7086
-4.5681,5.6144,4.8602,0.7827,0.8524,0.2062,-13.1154,-3.1412,-4.1204,-1.4742,0.6281,4.3656
-4.7669,6.0478,6.1746,0.9381,0.6622,0.3797,-8.5641,0.2514,-3.9073,-2.3116,-1.5038,4.3656
-4.9584,5.8826,4.0677,0.9174,1.2271,0.8368,-4.9225,3.3016,-1.7861,-2.8374,-2.0145,4.3656
-5.1619,5.9831,3.1795,0.4363,1.8225,1.6010,-5.3439,4.5298,-0.0694,-3.3472,0.2872,3.7443
-4.4652,5.7413,2.5594,-0.2863,1.7261,2.2207,-4.5562,5.8538,-0.4118,-3.0988,0.9256,1.9529
-1.6975,5.3510,2.8036,-1.6469,0.9960,2.1931,-3.6200,5.6767,2.7390,-3.5288,-0.7324,2.0133
-1.3312,5.1044,3.6248,-1.9710,0.8619,1.7316,-1.3815,6.1794,1.5586,-3.2498,-0.0441,-0.5961
1.0008,4.0941,3.0119,-3.0950,-0.1607,0.8847,1.6161,4.8435,3.8666,-2.8563,-0.3011,-3.7940
1.2043,3.0933,4.6088,-4.0887,-0.8765,0.0352,0.4908,0.3136,8.3725,-1.8840,0.1407,-4.3657
1.1349,3.4022,9.0261,-3.8636,-1.3190,-0.9867,-7.1491,-5.1332,7.3047,-0.5613,2.7188,-4.3657
-0.2322,4.2425,12.7204,-2.3970,-0.6953,-1.7119,-13.9630,-7.4555,8.6886,0.7152,2.5618,-4.3657
-1.4341,3.2920,13.0867,-0.0910,-0.5053,-1.7580,-12.9167,-8.2097,6.5864,2.2603,0.4433,-4.0288
-1.2186,2.4014,10.6159,0.6219,-0.8843,-1.9877,-10.2089,-6.3973,5.8059,2.7498,1.4666,-0.1003
-1.6448,1.9225,9.2033,1.5624,-0.0570,-2.1450,-8.1523,-5.0805,3.0765,2.9511,1.2482,0.2054
-2.8635,2.7054,8.1547,1.7531,-0.3356,-1.9740,-10.6207,-5.3199,1.1540,2.6332,2.3064,0.7216
-5.2553,4.4101,6.5984,2.3732,0.6351,-0.7890,-11.6693,-3.9385,-2.9137,1.4048,0.7506,4.3656
-5.8778,4.5729,5.5115,2.4108,1.1754,0.2000,-9.0668,-0.6321,-6.5362,-0.0059,-0.2674,4.3656
-6.1555,4.5633,3.3567,1.9125,1.4873,1.4290,-6.7086,2.4038,-6.7564,-2.4589,-0.9220,4.3656
-5.6767,4.2521,0.8715,0.2136,1.5019,2.5083,-0.9792,5.7221,-1.1420,-3.8817,-1.2577,2.6165
-3.8427,4.6088,0.8954,-1.6808,1.8503,2.5243,-4.3455,4.3910,0.5626,-4.1314,0.8861,1.7782
-2.9137,4.0534,3.4596,-2.7105,1.8246,2.7804,-3.7900,4.1061,-0.0407,-4.3657,1.5410,-0.4575
2.1548,2.3750,4.6878,-3.8439,-0.0460,2.1468,-2.2769,1.6927,6.0669,-4.3608,-0.6089,-1.7170
4.0582,1.7454,8.5952,-3.8586,-1.1183,0.1916,-3.1699,-1.0199,10.4818,-2.1120,-0.1400,-3.7025
4.1444,2.9281,12.2176,-2.7204,-1.5583,-1.7212,-9.7995,-3.6105,12.0237,0.0486,1.3280,-3.3255
1.0008,3.2250,11.4730,-0.8114,-2.1406,-2.6076,-6.0023,-2.4205,11.2839,2.8655,-2.2491,-3.8610
0.0239,2.4469,10.3884,-0.2443,-1.4298,-2.6279,-4.0797,-4.2569,7.9535,3.4591,-0.0981,-4.3657
-0.7566,2.2314,9.1411,0.4072,-0.0770,-3.0070,-11.9112,-7.7117,4.2665,2.1966,4.3656,-4.3657
-2.9999,2.4349,9.3446,0.8041,-0.1508,-2.9509,-11.5712,-6.8881,5.2241,3.2061,1.8065,-0.5985
-3.0382,2.4684,9.4595,1.5275,-0.1585,-2.2243,-8.4683,-5.1834,1.1827,3.2371,-0.0927,0.4142
-5.8466,2.7054,7.0294,2.2018,1.0818,-1.5829,-11.8681,-6.0310,2.3008,2.1722,4.2308,0.9355
-4.5681,4.2377,7.8458,2.3523,0.6662,-0.1081,-15.1002,-6.1651,-3.8283,1.6168,2.2186,4.3656
-6.1746,4.6256,6.2608,2.7972,1.1092,0.3140,-8.5904,-2.6600,-4.3239,0.6014,-2.6057,4.3656
-6.0094,4.2497,3.9863,2.6396,1.4901,1.1820,-3.6416,4.4652,-6.7852,-0.6003,-1.7717,4.3656
-4.9584,4.2784,0.3280,1.0916,1.4874,2.2637,-2.2625,6.2560,-3.1939,-2.5895,2.0045,3.2366
-3.0837,4.2760,0.3184,-0.9899,1.6582,2.3477,-0.0503,7.3646,0.0407,-3.3993,0.1585,0.8764
-1.8507,4.1803,2.1907,-2.4560,1.3378,2.0476,-1.1708,5.7221,-0.9242,-3.4865,1.0886,-2.2162
-0.6512,3.9073,4.4125,-3.2823,1.0024,1.4276,-1.7861,2.5211,3.0574,-3.7128,1.5671,-4.3657
1.3096,3.4285,7.6806,-3.5397,0.2956,0.7288,-7.1275,-2.6169,6.6750,-2.2539,1.5028,-4.3657
0.8691,3.6033,11.5688,-2.5095,-0.7153,-0.6730,-9.0812,-4.5777,8.4036,-0.0325,0.6129,-4.3657
0.7997,3.5602,10.9630,-1.2410,-1.3813,-1.5847,-9.7731,-5.4444,8.6048,1.6417,-0.6142,-4.3657
0.2274,2.8228,10.4363,-0.1619,-1.2140,-2.4860,-11.1929,-6.9839,6.7229,2.1970,1.1044,-3.2230
-3.6464,3.2346,10.3214,0.8068,-0.9249,-2.5126,-11.4898,-7.6830,4.6759,2.6155,1.4655,-1.0513
-4.1252,3.0885,8.5066,1.5448,-0.7056,-1.8796,-11.8896,-7.1228,1.8316,2.4902,1.3246,1.8815
-5.2170,3.5793,7.1539,1.7595,-0.0648,-1.2728,-14.1258,-7.9296,-0.3089,1.7115,1.4003,4.3656
-5.7844,4.2689,7.6495,2.0023,0.3289,-0.1639,-9.8378,-3.3279,-5.3056,0.4844,-1.3073,4.3656
-5.9137,4.4604,6.0789,2.0630,1.0218,0.9073,-5.9041,-0.0479,-3.9935,-1.0697,-1.7436,4.3656
-5.7078,4.1946,3.4333,1.4950,1.6238,1.9857,-0.9218,4.8937,-0.4286,-2.1474,-1.2377,4.3656
-3.2537,4.1396,1.0367,-0.1319,1.8457,2.7415,-1.7741,5.5426,2.4325,-2.3245,1.2990,2.3996
-1.5107,3.9959,2.6576,-1.4342,2.1999,2.5772,-1.4150,6.9097,-2.8683,-3.1427,2.4646,-0.0389
0.0431,3.8762,3.2226,-2.7137,1.1946,1.9582,-1.2737,4.4053,1.6879,-3.6946,0.3391,-2.6690
1.6831,3.0526,4.7333,-3.4198,0.4654,1.3805,-2.4756,0.9601,3.5410,-3.3850,0.8633,-4.3657
1.8196,2.3296,6.1651,-3.9163,-0.5546,0.0585,-4.2066,-2.0734,5.6479,-2.5267,1.4686,-4.3657
-0.5578,2.6911,11.5784,-3.5575,-0.5526,-1.0100,-10.8888,-7.0437,8.7939,-0.9542,1.2347,-4.3657
-2.3463,3.1939,15.7730,-1.0644,-0.9867,-1.6266,-14.4203,-10.1347,8.8753,1.2071,1.5384,-3.7229
0.3879,1.4389,11.7555,0.3980,-1.2758,-1.4957,-11.8298,-8.2791,9.1459,2.7206,-0.5404,-0.2932
0.0551,0.2801,10.0413,1.7754,0.1054,-2.9319,-8.0014,-7.2975,5.4085,3.6567,2.3073,-0.3873
-2.7318,1.2474,8.7125,2.0527,-0.8484,-3.2403,-9.1842,-6.5386,3.5386,3.7113,2.9062,1.0996
-3.1388,2.5618,7.8793,2.1661,-0.8013,-2.8730,-10.9104,-6.1866,0.4884,4.0232,0.3263,3.6264
-4.7597,3.4620,6.7038,2.7033,0.2406,-2.1452,-11.8896,-3.7373,-1.6807,2.6608,0.8192,3.5525
-5.3199,4.1300,6.0717,2.5899,0.5256,-0.9938,-9.2680,-0.1604,-4.7908,1.1722,1.0044,4.0333
-5.7437,4.5059,3.6033,2.1992,1.1760,0.2057,-8.3246,1.3958,-3.4093,-0.4185,-0.0436,4.3656
-5.6695,4.7645,3.7254,1.0086,1.3733,1.3777,-5.5522,4.0677,-2.6001,-1.9520,-0.2738,4.0053
-4.6495,4.8195,3.6679,0.0573,1.5166,1.9144,-4.5322,5.0015,-0.9768,-2.6636,0.4996,2.6147
-4.0558,4.5179,3.1220,-0.7871,1.5932,2.3987,-4.1731,5.1739,0.0144,-3.1624,0.5798,0.8934
-2.5043,4.4197,3.4740,-1.6361,1.4057,2.3669,-4.7429,4.3958,0.3376,-3.5579,0.9197,-0.2325
-2.0973,4.0342,3.5506,-2.5263,0.9589,1.9870,-4.7956,3.1939,1.9321,-3.5436,0.4106,-1.5006
-1.3647,3.4285,4.9440,-3.1888,0.6675,1.8187,-3.4309,2.5714,3.8714,-3.3821,0.2940,-3.0696
-0.0311,3.0287,7.5681,-3.3409,0.2209,1.3383,-8.7460,-2.4900,5.9065,-2.7527,2.1073,-3.9326
-0.9242,3.9169,13.0508,-2.1057,0.6387,0.0167,-10.3980,-4.0725,8.8346,-0.9208,1.9624,-2.9491
-0.4310,3.0047,13.2184,0.0011,0.6897,-0.3039,-10.3430,-4.7812,5.5905,1.1219,1.1310,-3.5971
0.7925,1.5538,8.7460,0.8031,-0.5869,-1.3711,-12.4570,-5.8466,5.4444,1.7688,1.8780,-1.8848
-3.3303,2.4086,8.3653,1.7519,-2.1546,-3.2297,-9.0501,-4.8004,2.3750,4.3656,0.8649,-0.9228
-4.8100,3.3758,7.7620,2.1069,-1.2470,-2.8994,-12.1506,-5.8203,-0.3615,3.8947,2.0474,0.2350
-7.0677,4.7692,5.1308,2.3907,-0.6847,-1.6398,-12.6677,-3.8738,-3.7757,2.8747,0.2425,2.2290
-7.7476,5.8107,3.6607,1.5495,0.5088,-0.0927,-13.7738,-2.5235,-8.0565,-0.2362,0.2277,4.3656
-7.8434,4.6807,3.4165,0.8082,2.1445,1.4108,-7.4915,0.6823,-5.7461,-3.0890,-0.9522,4.3656
-7.5202,3.1891,2.7677,-0.2879,2.3182,2.8958,-4.4053,2.8802,-1.1995,-3.5858,-0.2998,3.3424
-4.0845,3.5027,2.3008,-1.3587,2.3740,3.3362,-6.2417,2.9113,-1.0798,-4.2365,1.4372,2.5382
-3.8331,3.5841,3.1484,-2.3224,2.6789,3.2398,-4.5969,4.2545,-1.0822,-4.3657,1.2893,0.8627
0.4166,2.5115,3.6655,-3.6367,0.5792,2.6071,-1.7717,3.5267,2.1715,-4.3657,-0.5941,-0.6483
0.5291,1.9537,5.9400,-3.8745,-0.2559,1.8989,-6.1746,-1.0630,5.6982,-3.8885,0.2089,-2.5422
3.2178,2.6456,10.3980,-3.8864,-1.5569,0.3445,-9.9311,-2.5283,6.6056,-2.6742,0.7574,-0.4449
0.5818,2.0159,11.7938,-2.7376,-2.2768,-0.1924,-6.1483,-0.7135,8.0278,-0.9790,-3.2121,-1.5296
2.5833,1.0989,10.8577,-1.8099,-1.4989,-0.6562,-6.6319,-3.7421,12.1147,0.1728,-1.6057,-2.9330
1.6975,0.6273,12.4235,-0.4255,0.2026,-1.7031,-7.0461,-4.6280,9.5984,2.2809,3.1964,-3.8842
1.2881,0.1604,10.2089,0.2605,-0.5764,-2.5355,-7.3622,-4.1061,4.4029,3.2510,1.8747,-4.2145
-0.4334,0.5818,9.2344,0.9403,-0.4073,-3.0951,-10.9032,-6.7205,5.7964,3.5907,0.2377,-2.6406
-1.5802,0.9313,9.2799,1.4372,-0.5209,-2.9155,-9.9719,-5.6168,3.0502,3.3236,1.7098,-1.8183
-2.8659,1.8627,8.8035,1.8193,-0.1300,-2.4110,-10.4770,-5.4660,2.0135,3.2614,1.5192,-0.7963
-3.8355,2.6384,8.1666,2.2977,0.6021,-1.6345,-9.8641,-3.7302,0.2514,2.3374,1.5725,0.1632
-4.1180,3.2250,6.2728,2.1356,0.6912,-0.8627,-11.1259,-3.7924,-0.3184,1.3023,1.8727,1.5851
-4.4293,3.5027,5.6216,1.9052,1.1907,-0.0994,-7.9990,-0.8595,-1.2761,0.6167,0.8275,2.5583
-3.3926,3.7757,5.3199,1.5499,1.3010,0.4952,-9.4619,-0.9960,0.2610,-0.2803,1.3402,3.0333
-3.9361,4.3838,5.5378,1.3827,1.6502,0.8800,-10.1059,-0.0503,-1.4102,-0.9788,1.2084,3.3524
-4.0893,4.9752,5.1739,0.9726,1.3775,1.1483,-10.0221,1.3240,-2.8276,-1.5968,0.0508,3.9510
-3.9385,5.5474,5.0470,0.8047,1.1142,1.5828,-8.5281,1.9872,-0.5962,-2.4472,-0.9635,4.3656
-3.7757,5.4229,4.0366,0.4355,1.2794,1.7816,-2.9760,5.0757,2.1859,-2.1813,-1.5343,3.4091
-2.1763,5.0422,3.0430,-0.4518,0.7930,1.7965,-2.4205,6.5218,0.8499,-2.0034,0.0861,0.6467
-0.6177,4.9584,2.4756,-1.5307,0.4847,1.0777,-4.0773,5.0302,1.1779,-2.1512,0.6531,-0.7961
-0.5004,5.1068,5.2433,-2.0979,-0.0757,0.3914,-3.6990,4.6088,2.5570,-2.1297,-0.3094,-2.4018
-1.5945,5.3989,5.6336,-2.0055,-0.8907,-0.1657,-2.3607,3.4213,2.6432,-1.1595,-1.1285,-4.3657
-1.4006,4.8435,6.0908,-2.1436,-1.4194,-0.0695,-7.7835,-2.2553,7.3717,-0.8274,-0.9587,-4.3657
-2.2194,4.3263,8.6359,-0.8973,-0.3881,-0.3756,-10.1347,-5.0542,5.1404,0.3425,1.3033,-3.9221
-1.3551,3.7350,8.8585,-0.4644,-0.2999,-0.0933,-14.3652,-7.7835,3.8930,-0.0646,1.3069,-1.4430
-2.2146,3.5674,9.1051,0.1611,0.4947,-0.2296,-10.8338,-6.0597,4.4053,-0.0810,0.5606,1.8295
-1.9106,3.5147,8.8107,0.4355,0.1604,-0.3327,-8.4060,-3.1747,5.9185,0.0974,-0.2509,4.3656
-1.9321,3.3423,7.9751,0.9843,0.6747,-0.3408,-8.5976,-2.0039,1.7430,0.9759,0.2715,4.2288
-2.5953,3.7158,7.9440,1.2474,0.4159,-0.4491,-7.5465,0.5722,0.2969,0.9109,0.6727,2.9613
-3.6536,4.2641,5.6814,1.0916,0.0633,-0.3260,-7.9775,1.9249,-0.8499,0.6459,-0.6572,2.2950
-3.8331,4.2689,4.4077,0.5468,-0.0823,0.2342,-3.7134,4.7142,-1.4461,-0.3134,-1.6242,0.3535
-2.1763,3.8666,2.3774,-0.4234,0.1813,0.3802,-4.8004,3.1819,1.6975,-1.1514,0.1067,-2.5093
-0.9649,3.6320,3.6392,-1.8431,-0.3107,-0.0244,-3.0765,3.3136,1.4653,-1.0419,0.6315,-3.0153
0.8260,1.9656,4.4101,-2.8325,-1.1086,-0.3816,-3.1388,0.7254,2.4876,-1.0977,-0.8504,-4.3657
2.8563,1.0965,9.3494,-3.4490,-2.1978,-1.8534,-5.0326,-3.4453,7.9104,-0.3231,-0.3945,-4.3657
0.0551,1.4724,13.1609,-2.3762,-2.0359,-2.9266,-7.5800,-7.4579,10.7069,1.5086,-0.0745,-4.3657
-2.2577,2.0255,14.6142,-0.2026,-1.6261,-3.3255,-13.6661,-11.7220,8.9208,3.2492,1.8514,-4.3441
-1.3431,1.4030,11.3605,1.2670,-1.3066,-3.0391,-16.0675,-11.7819,5.2840,3.5785,1.5912,-0.6550
-4.1659,2.0997,9.8402,2.2926,-0.0823,-2.6239,-10.8649,-7.8769,1.6209,3.2676,1.0176,2.8232
-5.5306,3.1268,8.1211,2.5855,0.4462,-1.1847,-9.4499,-4.2473,-0.8978,2.0699,1.0158,2.8971
-4.5370,3.5458,6.1124,2.2885,1.3971,0.1430,-10.0963,-2.9521,-1.1109,0.3247,1.3348,3.8849
-4.5993,3.7757,5.4971,1.7040,2.1606,1.2224,-9.9264,-1.8316,-0.2610,-1.1314,1.1137,4.3656
-4.8267,4.0414,5.1739,1.1632,2.6366,1.9136,-5.1404,2.5331,-1.4437,-1.7352,0.8247,3.6818
-3.9169,4.2329,4.6974,0.5213,2.8621,2.4662,-7.2257,2.1907,-0.1293,-2.9170,1.8515,2.6573
-3.4237,4.4412,4.0965,-0.1601,2.7218,2.6273,-7.3239,2.6384,0.4597,-2.9974,1.3343,2.1035
-2.8443,4.5107,3.6895,-0.9069,2.0627,2.3988,-4.5825,4.2306,-1.4700,-3.4091,0.6920,-0.0512
-1.8411,3.4860,2.4732,-2.1917,1.0888,1.8967,-4.3287,3.4764,0.2538,-3.6691,-0.2771,-2.3750
0.5531,2.1596,3.9289,-3.6937,0.6885,0.9872,-2.4445,0.8523,5.1212,-3.2568,-0.2852,-3.4945
1.9752,0.9792,7.6423,-4.0021,-0.0826,-0.3135,-4.3622,-3.1292,5.4061,-2.2387,1.2180,-4.3657
1.3096,0.0479,11.5065,-3.8419,-1.6946,-1.9097,-6.8450,-6.7301,7.8003,-0.0338,0.3836,-4.3657
0.4286,0.2634,13.4363,-2.5369,-2.0458,-3.0671,-7.3191,-8.6646,10.7907,2.1153,-0.8689,-3.9528
-0.7446,0.0527,14.3006,-0.1624,-1.1062,-3.9788,-13.5608,-13.9510,9.4475,3.4945,3.2708,-3.2857
-3.1173,-0.5339,12.7731,1.7537,-1.0429,-4.2501,-13.2519,-13.0652,5.4588,4.3656,3.3208,1.2845
-5.4612,0.3304,8.5042,2.8893,-0.6800,-3.8568,-9.4451,-9.7803,0.8021,4.3656,0.0782,1.8726
-7.3143,1.8603,7.3598,2.9276,-0.2394,-1.8528,-8.8202,-4.5179,-6.5888,4.3656,1.4778,1.4377
-6.3614,3.7421,6.4165,2.7976,0.8986,-0.4145,-14.6358,-5.4181,-2.5043,1.9193,2.7689,3.6132
-5.6000,3.7589,6.1507,2.7915,1.9111,0.9802,-11.0540,-1.8890,-6.8187,-0.4740,0.3897,4.3656
-6.0956,3.2825,2.6288,1.5804,2.4062,1.9630,-7.4867,-0.0144,-6.1699,-3.0920,0.1275,4.3656
-4.9488,3.3112,2.4828,0.0710,2.4428,2.8425,-1.4222,4.1515,-0.7159,-4.3657,-0.2418,3.2743
-2.8898,2.7701,0.8452,-1.9081,1.8980,2.8742,-0.1269,4.5322,1.1205,-4.1990,0.6539,0.6205
-0.4238,1.7621,2.9592,-3.4526,0.9844,2.5193,-2.2505,2.6336,0.0575,-4.3657,0.7401,-2.6821
1.3671,0.1867,3.7996,-4.3657,-0.2200,1.4886,0.1006,-0.4621,3.2705,-4.3657,-1.0034,-4.3657
3.8164,-1.4796,8.0014,-4.3657,-1.6209,0.0103,-1.3958,-5.4851,8.2073,-3.2562,-1.1325,-4.3657
2.4541,-0.9481,15.6581,-3.8022,-1.0552,-1.8283,-5.6599,-11.1235,12.0644,-0.5812,1.4525,-4.3657
-0.5339,-0.8404,16.4745,-0.9411,-0.4407,-2.6769,-13.3980,-15.8041,12.4666,1.9525,3.4358,-4.3657
-1.9106,-1.6592,12.6605,1.6890,-0.8067,-3.2448,-9.7229,-12.3349,5.7078,4.3656,1.1962,-0.8957
-4.0654,-1.1827,9.1961,2.3918,-0.4875,-2.9627,-9.8330,-11.7579,1.8962,4.0123,2.2286,1.5022
-5.1691,0.7446,9.2488,2.8817,0.3777,-1.7199,-13.2519,-10.8194,-0.9936,2.2892,3.3616,4.3656
-5.6144,2.0734,8.3558,3.3285,1.0725,-0.1215,-10.2232,-7.4124,-4.0366,0.8887,-0.2058,4.3656
-5.3870,2.2098,6.7229,3.2131,1.8742,1.1321,-5.2912,-2.1787,-2.5115,-0.7979,-1.5016,4.3656
-5.0015,2.3870,3.3399,2.4265,3.4462,2.0019,-2.8539,1.6568,2.9975,-1.3987,1.7078,4.3656
-5.5115,2.9975,2.9712,0.5609,4.1681,2.5632,-2.9712,5.1739,-1.9728,-2.0724,3.8500,3.4030
-3.7230,3.2082,3.4692,-1.2784,3.1821,2.6660,-4.4508,5.0063,-1.8794,-3.7553,2.2989,1.5001
-2.2649,2.9401,3.9672,-2.3619,1.7497,2.0403,-2.3487,4.4987,-2.1021,-3.6187,0.2723,-1.7412
-0.1293,2.0303,3.8475,-3.6472,-0.2746,1.2015,-2.1165,1.1660,3.5913,-2.9373,-0.6159,-4.0135
1.7047,0.5698,4.8052,-4.3657,-1.4200,0.0550,-1.8411,-2.0087,3.9169,-2.5872,-0.6190,-4.3657
1.3288,-1.3216,6.2393,-4.3657,-2.3137,-1.1089,-2.0351,-5.1547,5.1571,-1.5627,-1.1282,-4.3657
2.3224,-1.9848,12.9024,-4.3657,-2.0085,-2.2842,-3.8595,-10.9128,12.9790,-0.4116,-0.7237,-4.3657
-0.0934,-1.4054,18.8041,-1.7036,-0.9409,-3.3077,-13.4650,-17.6237,10.9367,1.8758,4.3653,-4.3657
-2.6384,-1.8938,13.6326,0.9298,-0.9334,-3.3509,-12.1242,-14.6812,7.2401,3.9479,1.5195,-1.0970
-2.5019,-2.0542,10.1921,2.1946,0.4718,-3.6512,-5.7485,-10.4411,4.6591,4.3656,0.5644,0.8597
-3.8331,-1.7334,9.2273,3.0322,0.9653,-3.2822,-7.2257,-9.2919,0.6273,3.4709,4.3656,0.8458
-5.4731,0.0934,8.5712,3.3763,0.4050,-2.2027,-10.7667,-9.3254,-0.8116,3.2498,3.1503,2.6247
-5.2313,1.3120,6.8977,3.6639,0.5640,-1.3242,-9.6055,-6.3829,-4.8602,2.4845,0.4202,4.3656
-6.6439,2.1021,6.0286,3.6953,1.1808,0.4073,-8.9304,-3.5769,-3.4093,0.7781,0.5986,4.3656
-6.7708,2.9185,4.3407,2.5984,2.2645,1.8318,-6.8091,0.2107,-4.5179,-1.3109,1.4810,4.3656
-5.1595,3.0789,3.3878,1.6162,3.2852,2.9809,-6.7349,1.0846,-2.8683,-3.4230,1.7810,4.3656
-4.7285,2.9185,0.6249,-0.4040,3.0661,3.2315,-1.9369,4.5921,-0.6632,-4.1254,-0.0690,2.8104
-1.9297,2.2098,2.2027,-2.5708,2.1361,3.1886,-0.6009,5.2074,-2.1308,-4.3657,1.0320,-0.0324
0.2322,0.7781,2.3846,-4.2433,1.4839,2.1465,-0.2059,2.5379,-1.5610,-4.3657,0.6756,-3.6723
2.7940,-1.2881,3.3208,-4.3657,-1.2101,0.5368,1.4748,-2.7246,4.6160,-4.3657,-2.6197,-4.3657
1.3096,-2.0039,10.0293,-4.3657,-1.3090,-0.3857,-4.6304,-9.9072,8.8992,-3.3144,0.2787,-4.3657
1.7047,-1.6807,15.5958,-4.1761,-0.6857,-2.1623,-12.6893,-12.9263,11.5951,-0.8968,3.8225,-3.9258
-0.8452,-2.0542,17.8416,-0.9533,-1.6896,-2.5750,-8.9926,-12.4786,13.2232,3.5954,-2.1619,-3.2582
0.8428,-3.6248,13.5344,1.8492,-0.7687,-3.7435,-6.7947,-12.8784,8.2983,4.3656,2.3670,-3.2362
-2.1476,-3.6464,10.3789,3.0844,-0.1900,-4.3657,-5.7102,-11.7292,4.0869,4.3656,4.2876,-1.8134
-5.3582,-1.5682,8.5521,3.3489,-0.4108,-3.5340,-8.4108,-10.9463,-5.4229,4.3656,3.0405,-1.7914
-6.8019,1.4054,6.5362,3.1950,0.8419,-1.8688,-13.0340,-9.7492,-2.2410,1.9701,3.7295,0.4626
-7.4292,3.0933,4.8507,2.6269,1.6625,0.1355,-16.8121,-10.3118,-4.2713,-0.5630,2.3225,4.3656
-7.0653,3.1747,6.2656,2.0638,2.4844,2.1458,-8.8825,-6.1028,-5.2720,-2.5512,-0.5520,4.3656
-7.2018,2.5115,3.2441,1.2889,3.5220,3.0373,-4.9656,-1.8148,-3.9433,-4.1923,0.0413,4.3656
-5.7174,2.4205,2.3320,-0.5561,3.3570,3.9628,-0.6991,2.1356,0.1053,-4.3657,0.3687,4.3656
-4.7860,1.1540,1.8507,-2.0308,4.3656,3.9361,-3.1149,3.2537,0.5866,-4.3657,2.4444,3.1384
-2.6983,0.2227,4.2114,-3.9027,3.0419,3.0370,-0.5315,4.3766,-5.1188,-4.3657,3.6588,-0.6873
0.6393,-1.2186,4.2545,-4.3657,0.2745,1.5551,4.8554,0.8164,0.0551,-4.3657,-2.1857,-4.3657
2.4253,-2.7222,6.0238,-4.3657,-1.6385,-0.3997,0.9361,-9.1099,9.8521,-3.2419,-1.6848,-4.3657
2.4995,-2.1811,13.9414,-4.3657,-1.6126,-2.1489,-9.7109,-14.4897,9.6582,-1.1712,4.0597,-4.3657
-1.2617,-1.7406,17.0324,-1.6168,-1.5521,-3.4487,-11.2168,-15.7203,10.3382,2.6013,0.9595,-4.0561
-1.6568,-2.6001,14.4993,1.4333,-1.3614,-3.6870,-7.5872,-13.5368,8.6263,4.3656,-0.2446,-1.5913
-1.0965,-3.7685,9.7995,2.6849,-0.5396,-4.3657,-3.5171,-10.0892,3.9624,4.3656,3.8103,-1.9778
-2.7007,-2.9544,7.8817,2.7819,-0.7304,-4.3657,-5.5043,-10.3621,1.2809,4.3656,3.7058,-1.3619
-5.5785,-0.9960,8.6287,2.5860,-0.8804,-3.7559,-9.9575,-11.8848,0.8092,4.3656,2.9443,0.0873
-6.5290,1.2881,8.2791,2.9208,0.2912,-2.3645,-15.3061,-12.2583,-1.9585,2.2563,3.5346,4.3656
-8.2313,2.4924,6.6726,2.7587,1.5150,-0.4419,-10.7619,-7.6806,-5.6790,0.7657,0.2098,4.3656
-8.1116,2.9784,5.8347,2.2521,2.1529,1.4063,-10.5632,-5.1691,-7.3670,-1.9614,0.3683,4.3656
-7.8697,1.2881,3.0287,1.2267,2.5973,3.2227,-1.9465,1.4102,-3.0478,-3.8181,-0.7025,4.3656
-5.1380,0.8811,1.1181,-0.6813,3.0518,3.7630,-2.4565,2.6073,0.3280,-4.1649,1.3829,3.3460
-3.0454,0.4717,3.5841,-2.1731,2.9673,3.3263,-0.5962,4.6232,-4.2976,-4.2037,3.0884,0.0632
-0.5842,-0.0886,2.4229,-3.6635,0.9685,2.2078,7.9655,4.5107,-6.8187,-4.3657,-1.6980,-4.3657
2.1093,-2.4852,-1.3934,-4.3657,-1.1231,0.7558,-5.2313,-8.5138,7.4029,-3.6339,-0.2149,-4.3657
3.6033,-3.4381,13.6972,-4.3657,-1.8800,-0.3548,-6.7421,-13.0436,7.8721,-2.9484,1.7990,-4.3657
-0.9242,-1.7693,19.3882,-2.0953,-0.0473,-2.1699,-9.4164,-16.7690,11.5951,0.8503,1.0552,-4.3657
-0.8380,-2.6360,14.1928,0.0115,-2.6039,-2.6392,-11.6574,-15.5623,9.2632,3.4851,-0.2037,-1.4528
-1.3312,-3.5171,10.0149,1.9553,-0.1439,-3.6182,-7.0725,-11.8824,5.0829,3.6202,2.6137,0.0141
-3.9576,-2.1572,9.7683,2.0620,-0.4191,-2.9768,-9.5792,-12.2176,1.8196,3.3107,3.3168,2.5390
-5.0446,-0.4884,9.6893,2.4011,-0.4058,-2.3413,-13.1944,-12.8353,1.8148,2.9203,1.6988,4.3656
-5.3271,0.7302,9.2225,3.0759,1.3402,-1.1139,-6.8067,-6.2058,-1.4700,3.0094,-1.3518,4.3656
-6.1579,1.6735,7.9535,3.2402,1.8302,0.1775,-6.1483,-3.0718,-0.4741,1.6546,1.1419,4.3656
-4.3431,1.3958,4.2353,2.8352,2.0608,1.3620,-6.2177,1.1660,-3.0263,0.0520,2.2160,3.7806
-4.2808,2.6600,4.0845,1.3139,2.6067,1.7718,-10.8888,0.2035,-3.3375,-1.6750,3.1710,4.3656
-6.6655,2.5235,4.9464,0.8151,2.5510,2.4873,-4.3431,4.6304,-6.4021,-3.9550,1.2305,2.1889
-4.6998,1.7933,3.0095,-0.5588,1.2320,3.2879,1.4820,5.7197,-0.6776,-3.6187,-1.3338,-0.2197
2.6121,0.8595,-5.7916,-2.7741,-0.1419,2.2901,4.0103,3.6057,-5.1212,-4.3657,-1.1294,-4.3657
1.4174,-1.8292,0.5938,-4.3657,-0.6139,0.5167,5.3199,-2.5019,1.4700,-4.3657,-2.1377,-4.3657
-0.4166,-2.5115,12.4475,-4.3657,-1.3781,-0.0278,-6.0813,-13.9343,10.4363,-3.6501,1.8387,-4.3657
1.8196,-1.4509,19.1464,-3.6977,-1.1771,-1.1050,-13.2950,-16.5439,13.4315,-0.0505,3.1054,-4.3657
0.6704,-1.9513,14.3556,0.0722,-1.4013,-2.8250,-11.5640,-14.0372,10.2663,3.2586,-0.5039,-2.0752
0.3759,-2.7916,11.2647,1.3383,-1.0702,-3.2604,-3.4333,-9.8258,6.5864,4.3206,0.3954,-1.4138
-1.7166,-2.6145,10.0245,2.2905,-0.3030,-4.0642,-6.4117,-11.1378,3.3471,3.7730,4.3656,-1.7102
-4.5179,-0.6943,10.4339,2.8622,-0.3679,-3.5385,-10.0102,-11.5760,1.8531,4.0169,2.6927,1.7467
-6.2752,1.4700,8.3175,3.3300,0.4517,-2.1931,-13.4530,-11.5305,-0.1365,2.7748,1.6201,4.3656
-8.3055,2.7533,6.4476,3.5621,2.5117,-0.1132,-8.3869,-4.2377,-5.9113,0.9518,1.6459,4.3656
-8.0038,2.2242,2.8802,2.1036,3.2171,2.2427,-11.4970,-3.2585,-7.7572,-2.7095,2.8878,4.3656
-6.3279,2.5450,4.4724,0.3440,3.5515,3.3302,-8.3414,-3.1053,-6.8666,-4.3657,1.1115,4.3656
-6.9360,1.2689,3.2944,-0.7396,4.3656,3.6020,-1.3312,0.6823,8.2408,-4.3657,-1.3702,4.3656
-2.7102,0.8092,5.3391,-1.6900,3.5988,3.4002,-1.7142,3.6057,2.9760,-2.6749,4.3656,2.2743
0.1820,1.7310,6.4643,-1.3731,2.3411,1.4875,-2.7054,4.2832,-0.3735,-1.9382,4.3656,-1.9950
0.4286,2.0782,6.1148,-1.7028,-1.7376,-0.3259,-8.1163,0.7254,0.6919,-0.2650,-2.1753,-2.3133
-0.8787,2.4349,6.7181,-1.6645,-3.7855,-1.1455,-4.2425,0.8308,4.6160,0.3254,-4.3657,-2.5460
-0.6943,2.8539,6.4739,-1.1247,-2.2042,-1.3879,-0.4381,0.1221,6.8618,1.3182,-2.5624,-4.3657
0.4238,2.3511,6.8905,-0.8880,-1.2549,-1.8485,-5.9951,-4.0462,6.6966,1.4677,2.0924,-4.3657
-0.3160,1.3288,7.1228,-1.0360,-1.2951,-2.3181,-6.8259,-4.5179,3.5961,1.7749,1.6594,-4.3657
-0.5531,0.7997,9.3901,-1.5592,-1.5613,-2.5195,-5.3750,-6.2728,4.5011,2.1314,-0.9570,-4.3657
-3.5123,0.1508,11.7340,-0.8127,-1.2104,-2.6673,-8.5449,-11.8585,5.6910,1.6172,2.0487,-4.3657
-3.9840,0.1293,12.6462,-0.0032,-0.9089,-2.0688,-17.2574,-16.9055,4.1611,1.1924,3.9544,-2.3518
-6.0597,0.2538,11.6622,1.3263,-0.0148,-1.4606,-18.6053,-16.8576,1.3575,0.7661,1.2478,4.2943
-5.4181,0.3735,9.4978,1.3751,0.6266,-0.4691,-9.9311,-12.0045,-1.5514,-0.3945,-1.3805,4.3656
-6.5242,0.5052,8.3797,1.5791,1.6349,0.3973,-5.7604,-3.9959,0.1077,-0.1893,-1.5267,4.3656
-5.8993,0.9481,6.9959,1.2957,1.9870,1.1914,-8.8921,-2.1739,-2.0806,-1.1558,2.7483,4.3656
-4.5610,1.0894,5.3774,0.9074,2.6315,1.2925,-4.0127,1.8651,-0.0838,-1.5495,0.7886,4.0881
-4.7573,1.3408,3.8618,0.3969,1.5652,1.2473,-4.9656,2.6552,-1.7502,-0.7773,0.3305,2.1595
-4.6855,1.8172,2.7749,-0.5701,0.3547,1.1780,-3.4931,4.5657,-5.4516,-1.3510,0.4602,-0.3091
-2.5115,0.7661,-0.9457,-2.3318,-0.4363,1.0996,0.6584,3.8906,-4.4484,-2.5484,-1.4318,-3.3282
-1.4389,-0.7207,-0.6105,-4.3657,-0.8007,0.4100,3.7230,1.4653,-5.0063,-3.8897,-1.0965,-4.3657
0.0072,-3.4572,3.2058,-4.3657,-1.8915,-0.3659,1.8794,-8.7173,3.7350,-4.2894,-0.3315,-4.3657
0.7877,-4.2018,14.6980,-4.3657,-1.3972,-0.3740,-4.4748,-15.7993,10.4339,-2.5093,1.1255,-4.3657
1.4389,-3.8666,19.2230,-2.3878,-0.5554,-1.9613,-10.2089,-19.6133,12.1458,1.0300,3.2929,-4.3657
1.0319,-4.8890,14.3628,0.6394,-1.9509,-2.6938,-11.5831,-17.6955,7.2856,3.5049,0.8374,-2.0250
-1.2115,-5.1834,11.0397,1.7661,-0.5800,-3.2395,-2.9353,-12.4666,4.3527,3.6347,-0.2601,0.3347
-3.4788,-3.7661,9.7707,2.4040,0.0385,-2.5141,-9.0884,-14.1976,2.1332,2.2740,4.3656,0.8688
-5.2385,-1.5275,9.3829,2.7598,0.5305,-1.2901,-14.5687,-15.7084,-0.5387,0.7366,2.7362,4.3656
-5.8562,-0.8428,8.7221,3.1640,2.6121,0.2101,-6.0861,-11.8633,-1.9872,0.0314,-1.6615,4.3656
-5.6336,-1.0271,7.9368,3.2844,3.2408,1.6449,-9.0214,-9.1578,-1.5945,-1.2048,1.1032,4.3656
-4.5993,-0.7973,6.1148,2.8405,3.3715,2.0131,2.9090,-0.1245,1.1253,-1.7626,0.6482,4.3656
-3.2633,-0.1437,2.7390,1.6250,3.2165,2.3764,-4.6040,1.0942,1.2115,0.0080,0.8215,3.4969
-4.3694,1.5131,4.3024,0.3912,2.4898,1.3937,-3.2441,5.4013,-4.9512,-0.5300,4.1490,1.7060
-2.8611,1.3695,1.5634,-0.7665,0.3002,0.7508,-0.7207,5.9640,-3.1675,-1.0148,-0.5732,-1.2685
-2.1069,0.1197,0.4812,-2.5699,-1.8385,-0.4714,1.7430,4.7740,-4.7238,-1.5894,-3.0474,-4.3657
-2.6480,-0.5363,1.3982,-4.3657,-2.4698,-0.3585,2.1524,-1.2522,-2.9544,-2.5130,-0.8800,-4.3657
-0.8428,-1.6735,6.6798,-4.3657,-2.5977,-0.3262,-1.1684,-9.1961,4.8674,-2.0169,-0.5121,-4.3657
0.7542,-2.3343,11.2001,-3.7780,-1.7960,-1.0220,-9.5241,-14.4586,9.0477,-0.9197,1.6791,-4.3657
0.5602,-2.4660,14.7555,-2.0416,-1.5603,-1.7167,-9.5385,-14.1354,8.6048,1.1578,0.3399,-4.3657
-0.1221,-2.9377,13.3142,-0.0576,-1.3199,-1.8246,-9.0357,-13.9773,9.0142,2.4168,0.0408,-2.8040
0.5555,-3.9528,11.5305,1.3833,-0.5794,-2.1182,-6.3039,-12.2439,4.3024,2.4889,1.8666,-1.5848
-2.5546,-2.7390,9.6175,1.9219,-0.2774,-2.1130,-16.7020,-18.4138,5.3103,1.2700,3.6609,4.2940
-3.8020,-2.3607,10.4746,2.5127,0.7079,-1.3510,-6.4141,-12.0596,2.6001,1.5415,-1.1161,4.3656
-4.3287,-1.9656,10.0892,2.9304,1.8530,-0.4666,-3.2346,-6.6559,-1.6903,2.2283,-0.1112,4.3656
-5.2194,-1.1708,7.1419,3.0967,2.4333,0.3527,-11.7292,-5.7413,-4.2760,-0.1307,4.3191,4.3503
-7.4460,0.3065,5.3463,2.0933,2.8117,1.2754,-4.6328,0.2418,-3.7134,-1.5669,0.2754,4.3656
-5.2553,0.4166,2.3894,0.9350,2.1582,2.1626,-6.1100,0.1963,-1.2426,-2.1256,-1.6451,4.3656
-6.0358,0.7949,2.7078,-0.5260,2.8032,2.1386,-3.1340,3.9121,-3.8666,-2.1232,2.7118,2.4788
-2.2649,-0.0359,2.0925,-1.8831,1.2969,2.2575,-2.4948,3.7757,-3.5434,-3.5094,2.0045,-0.8256
-1.1253,-0.6632,3.1029,-3.6064,-1.1406,0.7208,3.1771,3.6966,-1.5874,-2.5988,-1.9788,-3.8600
1.1636,-1.6951,3.6703,-4.3657,-3.0742,-0.1364,4.4939,-3.6751,1.8842,-2.6360,-2.7692,-4.3657
1.2474,-2.4708,9.5720,-4.3657,-2.8831,-0.4950,-2.8060,-12.3493,11.2743,-1.4334,-0.5167,-4.3657
3.4333,-2.7605,14.2670,-3.3666,-1.4345,-2.0109,-7.3646,-15.2415,12.7970,0.3359,2.7331,-4.3657
0.8523,-3.6679,16.1992,0.1535,-0.4650,-2.6394,-12.0620,-17.5423,8.6646,2.8080,3.2492,-4.3657
-1.3336,-4.4819,11.1163,1.6026,-1.4095,-3.1155,-11.1642,-15.4234,4.7525,3.9650,0.7198,-0.3230
-4.0438,-3.5410,10.5105,2.1739,-0.1667,-2.3834,-10.2544,-14.5256,2.4995,3.0866,1.4136,3.1473
-5.1116,-2.4421,9.9000,2.6197,0.8398,-1.2632,-8.7388,-11.7316,0.3352,1.8919,1.9886,4.3656
-3.4668,-1.6520,9.1315,2.6850,1.7099,0.0633,-7.9751,-9.4595,-0.6776,0.5809,0.9336,4.3656
-4.2377,-0.8021,7.3861,2.7139,3.1876,0.5259,-8.9591,-5.6719,-2.2434,-1.3035,1.2228,4.3656
-7.2784,0.0311,5.6024,1.5463,3.3779,1.5131,-5.1404,-1.4557,-0.7039,-2.5540,2.1754,4.3656
-5.0494,0.5507,5.5378,0.6811,2.9405,2.2203,-3.4931,1.6017,1.6688,-1.8656,1.1167,3.6631
-2.8898,0.8835,4.2306,0.0709,2.3683,1.5280,-3.4453,3.5698,-1.0080,-1.4381,1.5284,1.8782
-2.3703,0.9122,3.2010,-1.2400,1.0749,1.0291,-1.3264,5.1404,-5.8083,-1.9486,0.6479,-0.9363
-1.5634,0.0311,2.0638,-3.0942,-2.1970,0.9398,2.5738,3.4165,-2.7222,-2.6907,-2.8618,-4.2186
0.6728,-1.4988,1.9752,-4.3657,-3.8717,0.2815,5.0996,-3.9313,4.0773,-3.1119,-4.3645,-4.3657
1.1229,-1.6903,8.2696,-4.3657,-2.1761,0.8203,-3.4429,-13.4937,12.1625,-2.7384,1.0700,-4.3657
1.3288,-1.6352,17.8176,-1.9907,0.1030,-0.3620,-12.3397,-16.9462,11.1306,-0.0810,4.3656,-4.3657
2.5331,-2.9856,12.7898,1.2889,-0.6849,-1.3623,-14.9039,-15.5288,7.5824,2.9094,1.6421,-1.0571
0.1413,-3.8403,10.7955,2.1233,-0.2426,-2.8910,-5.4061,-11.2623,3.0215,3.7068,-0.3445,2.6374
-3.7637,-2.8084,10.2232,2.8733,-0.2294,-2.9593,-9.2680,-11.5113,0.1628,2.6656,3.8476,3.2852
-5.1691,-1.6999,8.6407,2.8377,0.3810,-2.6594,-11.8824,-10.1634,-2.4565,1.4449,0.9100,4.3656
-8.3534,-0.6393,5.3391,3.0964,2.2003,-1.3899,-8.9064,-5.1499,-4.7836,0.5820,-0.2013,4.3656
-7.9464,0.2634,3.4237,1.7004,2.2453,0.7717,-5.7126,-1.3503,-3.4836,-1.2446,1.6277,4.3656
-5.8275,0.4956,4.2784,0.5853,2.9781,1.3901,-5.3582,0.5171,-0.6680,-1.5034,1.8758,3.8267
-7.8506,1.5371,6.6176,0.2394,3.3023,1.4930,-7.2018,1.8914,-3.7733,-1.6856,2.2756,2.9152
-8.2480,1.3910,4.5969,-0.3313,1.8822,2.3299,-5.2577,3.5003,-4.1922,-2.1891,0.2189,1.2676
0.7997,-0.2107,2.3535,-1.9358,-1.5829,1.6642,-0.3759,4.2353,-0.6584,-1.8734,-3.0971,-1.1149
-1.0175,0.2251,3.3567,-3.0771,-1.9255,0.1585,2.6576,2.3152,0.1820,-1.7232,-2.3549,-4.3657
-0.1796,-0.2418,5.8347,-3.6365,-2.0154,-0.2376,-0.8404,-5.6671,6.5864,-1.2402,-0.1203,-4.3657
0.3136,-0.6297,10.6207,-2.9128,-1.0144,-0.4955,-5.3846,-10.6757,9.9790,-0.1354,1.7301,-4.3657
-0.1293,-0.7015,12.6653,-1.2509,0.1346,-1.3424,-11.2623,-13.4147,4.8722,1.2533,4.2538,-4.3657
-2.1931,-0.4932,12.7994,0.1621,-1.9906,-0.6840,-11.8561,-12.9622,4.3287,2.4853,0.9205,-3.3044
-3.4692,-1.3503,9.6558,0.7442,-1.3731,-1.2891,-10.5728,-12.6462,1.4006,2.1164,-0.4651,1.9573
-4.4819,-0.9481,10.5105,1.5047,0.3223,-1.1812,-11.4754,-12.7372,-0.6081,0.3082,2.2997,4.3588
-5.2074,-0.7518,9.9838,1.8778,0.9822,-0.8306,-5.2912,-7.9679,-1.9609,0.0877,-1.1663,4.3656
-4.5705,-0.5195,8.2624,1.8866,1.5471,-0.2910,-5.7772,-5.3367,3.5769,0.2388,-1.4131,4.3656
-5.0182,0.3112,7.6255,1.8467,1.7074,0.1759,-6.7181,-2.0470,0.1867,0.6919,2.6095,3.6369
-4.3335,1.2977,6.8642,1.4389,1.2534,0.6131,-12.4977,-2.7270,0.3017,-0.1689,1.6750,3.6090
-5.3367,1.9393,7.3502,1.4065,1.0183,0.8781,-4.7453,2.1572,-2.4181,0.4278,-1.6177,3.8833
-4.0773,1.9561,3.3208,1.2137,0.8636,1.3755,-6.2369,2.4924,-2.5450,-0.3239,-0.0292,2.1528
-2.8850,2.0351,2.3367,-0.0421,0.3040,1.4112,-4.1970,4.5490,-4.1156,-1.4494,0.7332,1.2805
-2.3846,1.7262,1.4509,-1.2506,0.0027,1.1614,-2.3966,3.9313,-2.0853,-2.5739,-1.0933,-0.1009
-2.6600,1.2905,2.2122,-2.3657,-0.3653,0.6558,3.0694,4.9201,-1.6161,-1.9709,-0.7706,-4.3657
0.3041,-0.0551,4.5801,-3.4849,-1.1297,0.0822,2.2146,-1.7071,2.4588,-2.1623,0.1819,-4.3657
-0.1604,-0.2586,7.2784,-3.7738,-1.5188,-1.0537,-15.1122,-14.6022,9.7947,-1.3010,3.5477,-4.3657
-1.1396,0.5986,16.3021,-2.0468,-1.0818,-1.2152,-11.2791,-9.2225,6.5601,0.6905,-0.0084,-1.9011
-1.5179,-0.3376,12.9646,0.5437,-0.1668,-1.5043,-9.8833,-9.5170,8.2911,2.3445,-1.9533,-0.5641
-0.4501,-1.9034,10.0724,0.8063,-0.8234,-1.5286,-7.1012,-7.8530,5.5545,2.4560,1.7084,-0.1514
-3.2920,-1.2881,11.3270,1.2929,-0.1808,-2.2929,-8.0876,-8.4060,4.1922,2.9832,2.3541,0.1920
-3.8499,-0.5171,9.0980,1.7124,-0.6568,-1.7790,-14.6022,-10.2400,-1.7693,3.1141,0.7220,1.6727
-5.7485,0.2753,9.2368,1.9774,0.3684,-1.3498,-10.1754,-6.1172,-1.7047,1.9362,-0.2446,3.0657
-6.6990,1.2881,6.4524,2.2736,1.3679,-0.2995,-16.0244,-6.9360,-2.4349,0.1195,1.6703,4.1905
-6.2872,1.4988,6.4356,1.6081,1.7223,0.8799,-6.1268,-0.8499,-6.3758,-1.7722,-0.3202,4.3656
-6.5218,1.4006,3.3136,1.0453,2.2010,1.6350,-3.8116,1.0630,-2.0566,-2.9076,-1.2265,3.1044
-2.9951,1.1899,2.7390,-0.2706,1.1242,2.0331,-3.1316,2.8683,0.9960,-2.4193,1.9249,0.3553
-3.7996,1.8196,3.2010,-1.5180,0.3459,1.2465,-4.8914,2.6911,-5.0374,-2.5014,0.6018,-1.6264
-2.3535,0.2705,3.6631,-2.9389,-1.2180,1.4777,4.0414,2.6719,-2.2865,-2.3626,-3.6144,-4.3657
5.6958,-2.8108,0.7614,-4.3657,-4.3657,1.1879,4.9560,-6.3566,14.4538,-2.0539,-4.3657,-4.3657
5.6575,-1.6975,17.3484,-4.3657,-2.3883,-0.4211,-2.5690,-13.9582,14.6573,-1.3768,1.7244,-4.3657
3.3926,-0.5387,16.5655,0.7789,3.5410,-3.0642,-18.2797,-19.4170,10.9726,0.1865,4.3656,-4.3657
-4.2593,-1.0630,9.9383,1.2902,-0.8300,-2.4112,-13.7810,-14.7148,2.1021,2.5326,-0.9237,2.9601
-4.5490,-1.4054,8.4396,1.4196,0.2365,-1.4621,-4.9464,-9.5553,0.7733,2.4340,-2.1867,4.3656
-5.4636,-0.8092,7.9871,1.8804,2.0447,-0.7494,-10.2568,-9.1051,-1.7741,-0.1631,4.3656,4.3303
-5.1284,-0.8763,8.5473,1.3125,1.5837,0.2402,-8.8346,-5.6767,-3.5985,-1.3715,1.4941,4.3656
-5.7197,-0.3065,7.8147,1.5964,1.9136,0.5253,-7.9823,-3.4429,-1.6688,-1.5179,-1.8494,4.3656
-6.2513,0.6009,6.3638,1.2107,0.9635,0.9102,-7.8195,-1.7502,1.6352,-0.7899,0.6803,2.8262
-4.8363,1.5060,6.2369,1.3222,1.2212,1.3093,-7.9344,-0.2753,-0.6608,-0.5163,1.2131,2.7675
-3.8810,1.6544,4.5586,0.9775,0.8216,1.4630,-7.3981,0.9936,-2.5307,-0.7785,-0.2257,2.0571
-2.8060,1.5802,2.7749,0.3238,0.1764,1.1692,-3.5817,3.3303,-1.0942,-0.9729,-0.7662,0.9262
-1.7549,1.3551,2.0686,-1.1992,-0.8132,0.6347,-1.8531,3.7397,-1.3623,-1.2909,-1.1150,-0.8812
-0.1125,-0.3639,1.6616,-2.7737,-1.6138,0.0124,8.1259,5.3391,0.0958,-0.8268,-3.1002,-4.3657
4.0941,-2.5881,3.0885,-4.3657,-3.0501,-1.4718,2.2936,-6.2944,2.6217,-1.7567,-1.4029,-4.3657
-0.9290,-1.2737,13.4099,-4.3657,-2.7202,-2.3201,-4.5035,-14.2479,10.6925,-0.6163,0.9930,-4.3657
0.2083,0.1221,19.5463,-0.9249,-1.2610,-1.6566,-17.8464,-19.6133,12.3038,1.4851,3.4578,-4.3657
-1.5299,-2.4205,11.0397,1.1812,-0.4318,-1.7897,-12.1506,-13.4770,3.6344,2.7530,-0.0961,1.8210
-2.1452,-2.3607,9.6917,1.4352,0.7035,-1.2296,-4.8770,-9.3829,4.0773,1.9826,-0.5951,2.0479
-2.0710,-1.1660,11.0660,1.3871,0.6391,-0.5273,-8.9663,-10.2208,3.8571,0.4943,3.8387,3.2751
-1.8340,-0.7350,10.1323,2.1474,1.5787,-0.4535,-12.7156,-10.5800,1.9417,-0.0286,2.1386,4.3656
-3.1771,-0.1053,9.4834,2.2379,1.5360,-0.2874,-4.8195,-5.1954,0.0503,0.5649,-1.8838,4.3656
-4.6519,1.1923,7.4388,2.4716,1.6450,0.0578,-10.7188,-4.8219,1.1540,-0.0711,1.9772,4.3656
-4.9847,1.5323,5.2385,2.1946,1.6308,0.9501,-3.7972,0.7757,-2.7557,-0.4786,0.8781,4.3656
-4.8459,1.7765,2.9784,1.4987,1.6811,1.4321,-7.8338,0.2753,-3.0837,-1.5640,-0.4295,4.3656
-4.8698,1.9992,2.7892,0.5039,1.3165,1.8074,-3.7445,3.5003,-1.9345,-1.8536,0.0135,2.7598
-2.2960,1.1037,1.2067,-1.1832,0.1825,1.9112,2.7605,6.5434,-4.1707,-2.2098,-0.9085,0.3425
-1.4796,0.6105,2.0063,-2.7039,0.1300,1.1314,5.1427,2.0399,1.0654,-4.1982,-1.6442,-4.3657
1.0271,-0.1963,5.5402,-4.0501,-0.3505,0.1364,-3.4381,-5.6671,5.9256,-1.9890,2.6941,-4.3657
0.7661,0.7374,14.4179,-3.1821,-0.8629,-0.5801,-9.6247,-11.8465,10.9223,0.0000,2.4500,-4.3657
-0.1006,0.5794,16.5200,0.0763,0.4852,-1.3977,-14.5400,-14.8225,10.4555,2.1322,2.2631,-3.9780
-1.6712,-0.3424,12.6198,1.5905,-0.2847,-2.2729,-14.7124,-13.0029,1.9609,2.0903,2.7471,0.1166
-5.6695,1.1420,7.3574,1.6277,1.1828,-0.6094,-7.2209,-4.1276,-2.7031,0.5732,1.9914,4.3309
-5.7892,1.5371,5.1499,1.3971,1.3102,-0.2062,-10.6087,-4.3383,-3.8714,-0.1086,0.4273,4.3656
-7.0605,1.9920,5.5330,1.0718,1.3202,0.2045,-8.7269,-0.7446,-5.0973,-1.0764,-0.3898,4.3539
-7.1850,2.1380,3.9720,0.7969,1.3154,1.0443,-6.9528,1.1133,-3.3950,-1.7247,0.6378,3.5453
-5.7437,2.0830,2.5211,0.2036,0.6571,1.2758,-4.7908,3.2968,-3.5410,-1.6561,-0.7045,2.8867
-5.4396,2.4014,0.1293,-0.9056,0.1561,1.3442,-1.5562,4.9967,-2.1907,-1.8716,-1.7146,0.8086
-3.8235,1.7693,1.1516,-2.5487,0.1431,1.6100,-0.4788,5.4516,-6.3686,-2.8735,0.2426,-1.7708
-0.0622,-0.1413,3.4477,-3.9520,-1.1089,1.4566,2.0423,-0.1053,-1.8100,-4.2477,-0.9701,-4.3657
2.5426,-1.8483,5.1020,-4.3657,-3.5685,0.1049,-1.3024,-8.2121,14.6286,-2.5727,-4.0192,-4.3657
2.6719,-1.0750,16.8025,-3.3770,-1.1345,-0.9033,-4.2569,-10.9511,12.0165,-0.2114,1.4971,-4.3657
0.0527,-0.8116,14.7124,0.1514,-0.8312,-2.5421,-13.5153,-14.6334,9.4188,2.7837,4.3656,-4.3657
-1.0678,-2.1500,10.7284,0.7592,-2.1801,-2.6570,-12.5313,-13.1801,3.8738,3.9400,-1.1938,-1.1882
-3.9002,-1.7142,10.9702,1.3691,-0.4357,-2.4532,-7.2640,-9.8809,3.2202,2.9246,0.0735,-0.1003
-4.5298,-0.4669,9.6055,1.6927,-0.0905,-1.1610,-12.2679,-10.9080,2.4181,1.4557,3.5042,1.0384
-4.3096,0.2873,9.3134,1.8782,0.9130,-0.2088,-12.4020,-9.7372,0.9361,0.5973,1.5364,3.9135
-4.2545,0.8404,8.4803,2.2392,1.7816,0.4650,-9.0118,-6.9288,-1.1109,-0.4674,0.5716,4.3656
-4.9129,1.6065,7.2257,2.2427,2.1715,0.9138,-4.9249,-2.5259,0.1700,-0.9891,0.5415,4.3656
-5.4612,2.3679,5.2768,1.8334,2.0384,1.5868,-6.9097,-0.9409,0.1413,-1.1169,1.3291,4.3656
-4.9273,2.1045,3.5937,1.0551,2.1857,2.2460,-3.0622,3.4046,-1.1109,-1.5528,0.3912,3.1332
-3.7086,2.4828,3.2705,-0.1259,2.1178,2.2846,-4.2521,4.3503,-3.3830,-2.1811,1.8347,1.8963
-2.5283,2.0016,1.8220,-1.6758,1.0793,1.9209,-2.2553,4.5969,-3.6033,-3.1638,0.4650,-0.3507
-0.4980,0.6895,1.0989,-3.5706,-0.8251,1.1680,3.4046,3.3375,-2.7653,-3.6910,-2.5603,-3.7748
2.1859,-1.8866,2.3224,-4.3657,-2.2432,0.2721,1.9656,-4.5945,3.6272,-4.1532,-2.7278,-4.3657
2.3008,-3.0382,12.0333,-4.3657,-1.8660,-0.8915,-1.1133,-10.9559,11.4443,-3.1776,-0.3796,-4.3657
3.2968,-2.4445,18.3994,-2.5687,-0.1553,-2.5663,-9.6510,-16.5751,17.0347,0.7048,4.3656,-4.3657
-0.4693,-3.0622,15.4426,0.5397,-2.2162,-3.8533,-13.1753,-16.7307,10.0197,4.2308,1.0425,-3.6126
-1.4820,-4.1635,12.2487,1.6479,-1.4589,-4.0107,-6.6367,-12.9263,5.2409,4.3656,-1.3101,-0.7385
-5.0901,-2.6336,9.1866,2.9655,0.7578,-3.7082,-8.6933,-12.6294,2.5738,3.9345,4.3656,-0.7654
-4.8578,-0.7207,8.2265,2.5122,0.2145,-1.7894,-12.2799,-11.8513,-0.4310,2.4393,4.1797,3.4339
-4.4341,-0.0766,8.5545,2.8241,1.4364,-0.6985,-5.2074,-6.1890,-0.7949,2.0483,-0.8727,4.3656
-4.4676,0.7015,6.7756,2.8208,1.6980,0.1924,-8.3199,-4.8123,-0.8021,0.9872,2.3803,4.3656
-5.5210,1.9776,5.4636,2.3518,1.9007,0.9446,-8.1762,-1.9369,-4.7716,-0.5063,2.8368,4.3656
-6.6152,2.3224,3.4333,1.4702,2.4259,2.2159,-5.5737,0.2993,-4.7381,-2.5522,-0.6203,4.3656
-2.4205,1.3168,2.5498,-1.8977,2.4127,2.7230,-2.1787,3.7900,-2.3272,-3.9490,2.7576,1.4532
-0.9912,0.4286,3.2944,-3.4769,0.9650,1.9970,-1.0415,2.4277,-1.5323,-4.3657,0.9261,-1.5533
1.6089,-1.1636,5.4636,-4.3657,-1.0591,1.2520,1.1708,-1.8675,5.1116,-3.8389,-2.8027,-4.3657
4.2569,-1.3264,11.6334,-4.3657,-0.9058,-0.3199,-1.8004,-6.9504,11.7340,-2.0984,0.2798,-4.3657
1.4413,-1.3264,14.9111,-1.8643,0.0605,-2.0915,-9.1578,-11.7412,12.3062,0.7833,4.3443,-4.3657
-0.4190,-1.1013,16.0507,0.0791,-0.9371,-3.1059,-12.4642,-13.1466,9.6295,3.6651,1.4336,-3.7899
-3.7278,-1.4269,13.4602,2.5502,-0.8411,-3.0124,-11.3054,-12.3254,2.5881,4.3656,0.7505,-1.9778
-4.3694,-0.9170,7.5441,2.7075,-0.5219,-2.9591,-11.8226,-10.6398,0.1891,3.1965,2.6850,-0.2469
-7.2736,0.8811,8.8322,2.6636,0.5813,-1.4429,-17.2718,-12.4953,-1.2546,1.6118,2.6831,4.3656
-7.5082,1.6185,7.7309,3.1940,1.3520,0.0909,-8.5832,-6.6319,-4.4341,0.6141,-0.5612,4.3656
-6.9240,1.8555,3.8571,2.3955,2.2039,1.1411,-6.6774,-2.4900,-3.3782,-1.3520,0.2489,4.3656
-6.1292,1.5443,3.1651,0.9293,2.2067,2.1854,-1.1971,3.1029,-1.7119,-1.9364,0.7472,3.6236
-2.9784,1.8579,3.0454,-0.5227,1.6124,2.1785,-4.1779,3.1867,-1.7549,-2.2254,1.6959,1.5600
-2.6121,1.7621,2.7007,-1.8839,0.6041,1.5268,-2.0853,3.9648,-4.6352,-2.9016,-0.3555,-0.6712
0.5435,-1.0032,2.1979,-4.3657,-2.2537,0.2495,-1.0870,-8.5712,10.6159,-3.3633,-1.5576,-4.3657
1.7621,-0.4860,14.6286,-4.3657,-0.3698,0.2435,-8.6886,-13.1849,10.0293,-2.4638,3.4151,-4.3657
1.0151,-0.3280,15.4067,-1.0043,0.3730,-1.1640,-12.2631,-14.2982,10.2879,0.8697,2.3218,-3.9504
-0.5387,-1.0702,12.9071,0.7671,-0.6824,-1.4253,-9.9072,-12.4403,7.7381,2.6324,-0.8548,-0.2991
-0.7470,-1.9321,10.5010,1.7653,-0.1451,-2.1565,-4.0127,-9.0908,5.6455,2.4560,2.3433,-0.1375
-2.7940,-1.0534,10.8218,2.0907,-0.2968,-2.2683,-9.1698,-11.2982,2.8730,2.6009,3.7718,0.9816
-4.9057,0.3280,8.3629,2.5780,-0.1701,-1.9905,-12.7515,-11.1546,0.2562,2.5438,1.7946,4.2915
-5.5785,1.2354,7.4005,2.3495,0.4313,-1.0870,-6.0885,-4.8866,-3.9768,2.1003,-0.7297,4.3656
-6.4021,2.4684,4.9512,1.9969,0.8556,-0.1732,-11.7795,-4.5897,-4.1348,0.1556,1.8414,4.3656
-7.3765,3.1149,3.6607,0.8204,1.4462,0.9630,-8.2073,-0.7757,-5.8873,-2.1750,-0.3136,4.3656
-6.1483,2.0590,3.1412,-0.2318,1.4529,2.2937,-2.5809,2.1596,-4.1659,-3.8077,-1.5548,4.2553
-2.7031,1.3862,2.2290,-1.6192,0.9013,2.3329,-1.5826,2.3128,1.7286,-3.9018,0.1577,1.8886
-1.3599,0.7302,4.5059,-2.4996,0.3471,1.9147,-1.6712,2.0399,-0.0168,-3.3562,0.6007,-0.7436
1.1205,-0.1796,6.2345,-3.2940,-0.9086,1.0104,4.0701,0.5578,5.8012,-2.7047,-2.3121,-4.3657
1.5060,-0.1987,9.7995,-2.9437,-0.4916,0.2505,3.8140,-6.9528,10.8266,-1.0814,-0.9785,-4.3657
3.1364,-0.4238,12.3349,-2.0522,-1.1239,-0.5524,-13.9366,-16.0795,13.3644,-0.1651,4.3656,-4.3657
2.0470,-0.7542,14.2982,-0.2743,0.0184,-2.6253,-10.6781,-11.8800,9.5265,2.5980,2.2969,-1.8702
-3.7541,-0.5219,12.4546,1.4795,-0.4229,-2.7739,-14.6908,-13.9678,5.0661,3.4215,0.1492,0.5448
-4.7812,-0.0096,10.6183,2.1714,-0.0914,-1.9103,-11.3868,-11.2719,2.1596,2.6917,3.1095,3.6203
-6.7373,0.6991,8.8729,2.8190,1.4172,-0.9558,-8.9591,-7.2329,-2.1883,1.8788,0.9569,4.3656
-6.8019,1.0008,5.8466,2.4965,1.4525,0.2737,-8.5928,-3.9337,-4.5825,0.5538,0.5196,4.3656
-5.4229,1.4964,3.9768,1.5054,1.5154,1.0579,-9.2081,-1.8411,-5.5761,-1.3680,1.8045,4.2025
-5.4971,1.9489,3.6536,0.5065,1.3913,1.2684,-5.2864,1.3120,-6.0286,-2.8999,-0.4298,2.9727
-4.1228,2.3104,2.3439,-0.6506,0.4898,1.4077,-2.0327,2.6552,0.7709,-2.8730,-1.5896,0.6594
-1.8747,1.4772,2.1787,-1.8900,-0.6511,1.1072,-1.9082,2.3008,-0.3065,-2.1465,-0.6703,-1.5410
0.1317,0.7446,4.1899,-3.0010,-1.1490,0.5446,2.1141,1.3144,1.0080,-2.3767,-1.4810,-4.3657
0.4262,0.5938,7.5082,-3.5649,-1.5926,-0.1899,-0.5243,-5.2912,10.3813,-1.3651,-1.8766,-4.3657
2.3056,0.3065,11.1187,-2.5682,-1.4667,-0.5933,-7.3095,-10.7907,11.2168,0.1672,1.9064,-4.3657
0.9768,0.4405,15.0643,-0.2034,0.0961,-1.8350,-12.4762,-14.0324,8.5784,1.3444,3.8532,-3.9676
-2.4493,0.0192,11.4419,1.2934,-0.3985,-1.8760,-12.7755,-13.3740,4.6280,2.0897,1.0792,1.0798
-4.6615,0.1652,9.9359,1.5116,0.3158,-1.1904,-10.6566,-11.5065,1.6783,1.4618,1.0269,4.3656
-5.4971,0.2729,9.2368,1.8074,1.6362,-0.4606,-7.0916,-8.1547,-0.8140,0.7831,1.3875,4.3656
-4.7669,0.8140,8.1403,1.6932,1.5696,0.2948,-10.5249,-5.9975,0.4357,-0.2846,1.2482,4.3656
-5.1284,0.9553,7.4005,1.6738,1.8025,0.6805,-5.3726,-0.7063,-1.6783,-0.1294,0.1701,3.9134
-4.4412,1.7262,6.1507,1.3302,1.4837,0.8508,-7.8769,-0.6488,-0.1437,-0.5696,1.7535,2.7416
-3.5003,2.3463,5.6024,1.5648,1.1671,0.7254,-10.2448,-0.2993,-3.1963,-0.5734,1.0709,2.5366
-4.2617,2.6456,3.4836,1.0198,0.0488,0.3878,-6.4691,1.9680,-1.4006,-0.3429,-1.8409,2.2126
-4.4269,3.1340,1.8651,0.0044,-0.6789,0.5894,-3.1053,4.2760,-2.5809,-0.7645,-2.2362,0.8082
-3.9289,3.3902,1.9106,-0.9129,-0.1468,0.8268,-3.1603,3.7014,-1.4844,-1.7118,-0.3463,-1.2353
-2.2673,2.6647,2.6001,-2.2439,-0.1226,0.7851,-0.5650,2.6504,-1.7502,-2.2014,-0.4214,-4.0654
-0.7829,1.5227,4.6040,-3.3405,-0.8508,0.5594,1.7430,-1.1013,3.9025,-2.2043,-2.1197,-4.3657
0.4094,1.2330,7.4292,-3.6720,-1.0892,0.0797,-6.0621,-9.3518,7.9104,-1.3876,1.5848,-4.3657
1.9201,0.8428,13.0915,-3.0923,-1.2128,-0.5630,-12.0476,-12.6055,10.4938,-0.2655,1.4358,-4.3657
-1.1875,0.2801,15.0260,-0.2273,0.2821,-1.6125,-13.6469,-14.1569,7.8697,1.0451,0.9165,-1.6899
-3.5913,-0.8068,11.3605,0.8544,-0.1990,-1.4528,-9.0980,-11.5760,4.8195,1.2955,0.8280,1.3743
-4.4676,-0.9864,9.2512,1.3038,0.4539,-1.3131,-8.1882,-10.1442,2.4397,1.1619,2.2307,3.0217
-5.6838,-0.1221,9.1387,1.5156,0.7509,-1.0778,-9.3733,-10.0700,1.2354,1.1129,1.7721,4.3656
-5.6647,-0.0311,8.6407,2.0889,0.6575,-0.5642,-8.7963,-6.7373,-0.9146,1.6482,0.0308,4.2944
-5.4277,0.7638,7.4555,2.4143,0.3375,-0.4054,-9.6486,-4.4365,-2.8347,1.4679,0.7745,4.3656
-5.9161,1.9058,3.9241,2.6151,0.1102,-0.2012,-8.1858,-0.6632,-5.9759,0.9273,-0.4804,4.2475
-7.5322,2.4038,1.5323,1.5103,-0.5420,0.9105,-6.0430,2.6815,-9.4427,-0.8837,-2.7292,3.8044
-5.5593,2.5546,-0.9146,-0.4082,-0.1613,1.8443,-1.0511,3.6631,-3.7445,-3.0962,-2.7705,2.2228
-2.9209,1.5155,2.1452,-2.2617,0.6683,2.5787,1.0989,2.7270,-0.4118,-3.7257,-0.4752,-1.4508
0.8308,0.8212,5.5522,-3.0708,0.7342,1.9179,1.5299,-0.9337,3.8834,-3.7844,1.7355,-4.3657
2.6264,0.7566,8.8657,-3.0490,-0.3517,0.9302,-9.4212,-9.4260,13.8409,-2.3847,1.8170,-4.3657
3.0502,1.4988,15.8329,-1.3175,-0.5532,-0.3234,-11.6550,-9.3326,10.5153,0.3976,2.0540,-2.9767
-0.4980,1.0989,11.5736,0.9066,-0.3548,-1.7293,-11.3485,-8.9423,8.0397,2.2318,0.4471,-1.4093
-2.2817,1.0295,9.8737,1.0493,-0.7265,-1.6999,-8.7173,-6.9863,4.2066,2.3275,0.9824,0.2996
-4.4652,1.4605,8.0637,1.2251,0.0946,-1.5481,-10.8290,-7.5968,1.5371,1.7597,2.9559,1.3940
-5.5138,1.9872,8.3725,0.9859,0.4975,-0.9326,-10.4124,-5.4708,-1.2426,1.1639,0.8202,3.3854
-5.6336,2.3774,7.5369,1.1482,0.5494,-0.1990,-10.7667,-3.9409,-2.7869,0.7574,-0.1107,3.1852
-5.5833,2.5331,5.7197,0.9745,0.5854,0.3116,-11.0061,-2.6600,-3.1915,-0.3591,0.2695,4.3656
-5.2361,2.9521,4.8147,0.8414,0.7905,0.7007,-13.1921,-2.1308,-8.0254,-2.4180,-0.5028,4.3656
-5.9065,2.4995,1.6759,-0.1412,0.5776,1.3290,-0.4645,2.8874,0.3855,-3.6384,-3.4816,2.7191
-2.7150,1.6807,2.1452,-1.8453,-0.3239,1.7311,-0.3160,3.3064,0.8068,-2.6271,-0.8887,0.0922
0.1820,1.0127,5.3151,-2.5370,-0.1001,1.1217,0.6081,1.4700,1.7478,-2.7486,1.3211,-3.2081
1.5754,0.5818,8.0397,-2.8048,-0.8175,0.2014,0.0311,-3.4189,10.1011,-1.4925,-1.3407,-4.3657
2.2194,0.7829,12.0404,-2.1300,-1.0484,-0.7701,-3.9385,-8.5353,11.4084,0.3605,1.5867,-4.3657
1.7933,0.2610,11.4347,-0.4662,-0.8184,-1.7844,-10.8960,-11.2551,7.7117,1.2380,4.2795,-4.3657
-2.1979,0.5004,10.9200,0.0524,-0.6696,-2.1730,-11.9590,-12.0955,3.4812,1.8338,1.2376,-2.2720
-4.5442,0.8571,9.8593,0.7586,-0.4662,-1.6097,-12.0835,-12.0141,3.4596,1.5463,0.7270,1.0539
-5.3032,0.6105,9.0166,1.0048,0.5420,-0.7185,-10.9607,-10.6015,2.7246,0.5597,2.3181,4.2894
-5.0589,0.6776,9.0357,1.2143,1.2255,-0.1320,-7.2185,-6.5194,-1.1444,0.3632,0.7350,4.3656
-4.1922,1.1205,7.7141,1.3849,0.7608,0.2084,-10.9750,-5.7245,0.5555,-0.0201,0.2939,4.1498
-4.3742,1.6664,7.2832,1.4777,0.8685,0.2587,-6.8402,-1.7957,-2.5115,0.2224,0.3311,4.2210
-4.8914,2.2601,4.7764,1.4340,0.6915,0.4309,-9.4667,-0.8571,-4.6663,-0.8623,0.0408,4.0715
-5.2146,2.2242,3.3136,0.6860,0.4406,1.0387,-4.3694,2.0087,-3.3974,-1.8858,-1.8988,2.9420
-4.2689,2.4445,1.9632,-0.6352,0.3154,1.4650,-3.4500,2.9808,-1.0199,-2.3934,-1.1810,2.3653
-3.4093,1.4293,2.8467,-2.0988,0.1671,1.7648,-0.6297,3.0119,-2.9880,-3.6992,-0.4915,-1.1263
-0.1460,-0.1508,4.3359,-3.6912,-0.5957,1.4148,3.9289,0.7661,2.9784,-4.0097,-1.4262,-4.3657
1.9273,-0.8739,10.0126,-4.1387,-1.0605,0.6542,-6.4404,-9.8210,12.8640,-2.5041,0.7570,-4.3657
1.7549,-0.0096,16.3452,-1.6351,-0.8236,-0.6813,-9.5672,-10.9918,14.1258,0.6660,3.1132,-4.3657
0.3496,-0.2658,12.1913,0.4004,-0.8138,-1.5158,-15.7874,-14.6238,10.2424,3.0321,2.4509,-2.6558
-2.0039,-0.1796,11.3222,1.0781,-0.4906,-1.9717,-7.8626,-9.4954,4.2353,3.6143,1.0632,2.4010
-2.6815,0.0120,9.2703,1.9195,0.3344,-1.7000,-10.6590,-7.0677,0.1867,2.7455,2.0250,3.0020
-4.4221,0.8619,8.4276,1.8504,0.6007,-1.1783,-8.2911,-4.3790,-0.4573,1.7309,0.7902,2.4355
-3.5817,1.4605,7.6160,1.9304,1.0257,-0.4907,-10.2711,-3.4165,-0.5650,0.9403,1.1253,1.9716
-4.6974,2.2122,6.0406,1.7826,1.0869,-0.2372,-12.5145,-3.3327,-1.6137,0.0608,1.9685,3.2310
-5.5138,2.9784,5.4492,1.4230,1.0531,0.1344,-10.7524,-1.3599,-5.1667,-1.2870,0.2791,4.3656
-6.1651,3.1196,5.0853,1.1454,0.7665,0.8792,-3.9696,2.4732,-4.2689,-2.4520,-1.9189,4.3656
-5.1284,2.7557,1.4509,0.3925,0.4226,1.5276,-3.2226,2.8252,2.0087,-2.1679,-1.6150,2.4445
-2.1404,1.8555,1.7933,-1.3396,-0.0184,1.6201,1.1995,5.2241,-1.3815,-2.0170,-0.0803,-0.5016
-0.7111,1.4724,3.9289,-2.6039,-0.0556,0.8871,4.6471,4.8746,3.1627,-2.3311,0.0785,-4.3657
2.2553,-0.0024,3.9217,-3.8043,-1.9156,0.5887,1.3862,-4.6615,5.3558,-0.6968,-1.3739,-4.3657
2.7461,0.0718,11.9471,-4.0389,-1.3242,-1.1552,-7.9392,-11.6717,8.8346,-0.8283,2.9840,-4.3657
-0.2969,0.9529,15.2271,-1.4685,-0.1057,-1.9482,-17.3651,-15.2271,11.3749,1.4266,3.0842,-2.4285
-2.7916,-0.1700,13.3812,0.3199,-1.2361,-1.5308,-11.0397,-10.2448,1.4916,2.5202,-2.3483,0.7762
-2.9066,-0.9481,8.8418,0.7910,0.2894,-1.1911,-8.4228,-9.1075,3.7254,1.8247,0.7529,2.0479
-2.9616,-0.5722,10.2951,1.0532,0.6217,-0.8100,-8.3079,-7.3502,0.7829,0.6093,3.0601,1.6377
-3.4979,0.1149,8.6574,1.1077,0.3489,-0.5796,-13.4410,-8.4970,0.8571,0.4610,0.8078,4.3656
-4.3048,0.6656,7.9152,1.3428,0.7875,-0.4473,-8.8226,-3.9361,-2.2913,-0.6006,-1.6192,4.3656
-5.2696,1.6233,6.5673,0.9181,0.6269,0.3305,-7.4484,-1.4892,-2.3487,-1.2472,0.1075,4.3656
-4.8435,1.9130,6.2082,1.0179,1.0501,0.9626,-6.5577,0.2179,-0.1867,-2.3098,0.2606,4.3656
-4.7980,1.6113,3.9265,0.5700,0.9172,1.5985,-3.1627,2.5594,-0.0239,-1.7491,-1.3550,2.0824
-2.0399,0.8643,2.4325,-0.9747,0.0161,1.8438,0.2107,3.7996,-2.8395,-2.1858,-0.8719,-1.0922
-1.2282,-0.3160,2.2458,-2.5959,0.1370,1.4430,5.4588,3.6919,3.4093,-2.5702,-1.0331,-4.3657
1.1444,-1.3599,4.3958,-4.3657,-0.7023,0.6839,-2.2434,-6.9839,4.4676,-2.2271,0.2598,-4.3657
2.8946,-1.6999,14.7315,-3.8809,-0.1359,0.0148,-7.4986,-12.9622,8.6526,-1.5737,3.6770,-4.3657
1.0175,-1.6927,16.0028,-0.7514,-0.6712,-1.7352,-16.9725,-16.5966,12.8042,1.1854,2.9130,-3.7056
0.4214,-2.5498,11.9423,0.8899,-0.9659,-2.1425,-9.6917,-12.0500,7.2472,3.4334,-1.7882,0.7674
-2.3990,-2.7438,10.1562,1.9279,0.4098,-2.6429,-4.7573,-8.5329,-0.1987,2.8557,2.9429,-0.2613
-4.7956,-1.5730,8.1786,1.7658,0.1660,-2.0661,-9.3925,-9.6654,0.0192,1.8451,3.7698,0.7088
-5.4061,0.0096,8.8298,2.0071,0.8022,-1.1285,-13.5248,-10.5201,-0.6369,1.0523,0.8713,4.3656
-6.3494,0.5531,7.7165,2.4051,1.7335,-0.1114,-10.6757,-7.5082,-3.0406,-0.3733,0.6587,4.3656
-6.2297,1.2426,7.5800,2.3182,2.0464,0.9061,-8.6335,-3.8188,-6.9168,-1.6806,0.8876,4.3656
-6.0166,1.0606,3.8882,1.8984,1.9704,1.9071,0.6847,2.8730,-1.2570,-2.3164,-2.4177,4.1548
-3.4189,1.4581,1.2306,0.0694,1.0191,1.9518,-2.9544,2.9113,1.7214,-1.4272,0.0294,2.3062
-3.1196,1.7023,3.0430,-1.2899,1.1987,1.7395,-1.6927,4.8195,-5.7269,-2.3485,1.7813,-0.5043
-0.5483,0.5794,3.3232,-2.9111,-0.8918,1.0674,0.0335,1.8723,1.2354,-3.0453,-2.0800,-4.3657
1.4700,-0.3879,5.8251,-4.0540,-2.2180,0.3964,-1.0127,-4.1539,6.5290,-2.5429,-2.1308,-4.3657
2.6456,-0.4310,11.3437,-3.8706,-2.4413,-0.4619,-3.5530,-8.4013,12.2775,-0.8571,-0.2674,-4.3657
1.8316,-0.1939,15.1577,-1.4104,-0.9276,-1.3418,-11.5736,-12.9574,10.8290,0.8721,2.0230,-4.3657
-0.5195,-0.9337,11.4371,0.3696,-0.4550,-1.9929,-11.1761,-11.1570,8.2265,2.1174,1.3257,-1.5208
-1.7238,-0.9744,10.9367,1.0533,0.0618,-1.7832,-10.3382,-10.7811,5.3439,2.2896,1.9428,1.5815
-3.3734,-0.6871,9.9455,1.8807,1.0436,-1.4853,-6.1004,-6.7684,1.5012,2.2575,1.9922,1.9922
-3.0215,0.1365,7.6471,1.5664,0.9550,-0.9438,-10.0748,-6.7373,0.8859,1.2167,2.0809,3.2339
-4.6639,1.0870,7.8338,1.6667,1.5859,-0.4243,-12.2799,-6.3039,-0.4214,0.3519,1.3292,4.3656
-6.0693,1.4389,7.7189,1.7401,1.7961,0.3255,-5.2912,-0.7183,-1.7502,0.0558,-0.6941,4.2990
-6.1148,1.6065,4.9297,1.4072,1.6571,1.1836,-9.3733,-0.7518,-3.4477,-0.8378,1.5223,3.2399
-4.1180,1.3360,3.6631,0.4838,1.6553,1.4793,-5.4037,2.2601,-4.2186,-2.0860,0.9513,2.9244
-4.5179,1.6735,3.1987,-0.6548,1.1930,1.1738,-4.8459,2.9497,-2.1739,-2.4381,-0.5017,1.2694
-3.6703,0.8595,2.5211,-2.1194,-0.6642,1.2261,-2.4708,2.7821,-3.4165,-2.8603,-1.2404,-1.1614
-0.7638,-0.0599,3.9648,-3.6731,-1.7239,0.6238,2.2410,0.9409,0.3352,-3.2728,-2.7767,-4.3657
-0.2777,-0.7709,8.3749,-4.1231,-1.6004,0.1516,-5.3534,-8.4156,9.6367,-2.5363,-0.2498,-4.3657
0.6488,-0.2610,15.0811,-2.2460,-1.2668,-0.3624,-11.7196,-11.3198,11.3222,-0.0024,2.8950,-4.3657
-0.3591,-1.2617,13.0412,0.1164,-0.1891,-1.1840,-9.8761,-10.0724,11.3868,2.3722,0.1869,-2.6260
-0.3591,-1.8938,10.7476,0.9168,-0.0324,-1.6173,-6.1890,-8.7939,4.3239,2.9961,1.6383,-2.5034
-1.6017,-1.3719,9.8857,1.5167,-0.0903,-2.2060,-13.3333,-11.2504,3.0119,1.9545,4.3332,-0.2097
-4.3742,-0.3352,9.0740,2.0392,0.2533,-1.7952,-12.6869,-9.9575,0.1556,2.3181,0.4158,3.1109
-4.9105,0.1867,8.0589,2.2495,0.4960,-1.0112,-10.0628,-7.0318,-2.1404,1.3392,0.1523,4.1256
-5.8849,1.1899,5.8610,2.1623,1.2505,-0.3309,-12.1769,-5.7916,-4.1444,-0.3419,1.7436,4.3656
-6.8690,2.2194,6.1196,1.7347,1.3416,0.6614,-4.3551,-0.0575,-4.1108,-1.5569,-1.4406,4.3656
-6.5553,2.1835,3.8714,1.3566,1.2983,1.8736,-3.8571,1.7142,-0.4573,-1.6493,-1.5005,4.3078
-3.8116,1.6664,2.3583,-0.0241,1.0920,2.3060,-4.3431,2.9904,-1.6879,-1.9977,0.8752,2.4312
-1.7645,1.3384,2.2410,-1.5223,0.6864,2.0151,-1.7382,3.7876,-0.9816,-2.8730,-0.1855,0.0927
-0.3663,0.4501,4.1492,-2.9411,-0.6399,1.1346,5.1308,3.2322,-3.0789,-3.4196,-1.9199,-4.3657
0.6369,-0.6704,4.7573,-4.1865,-1.6282,0.7064,3.0909,-7.0916,10.9295,-3.0555,-2.7813,-4.3657
3.3686,-0.4621,15.1529,-4.0305,-1.9737,-0.3660,-10.3382,-14.5927,14.5448,-1.0255,4.0209,-4.3657
1.1013,-0.3112,17.0826,0.1458,0.0537,-2.3589,-14.8632,-14.9542,8.0278,1.6922,4.3656,-4.2830
-2.5139,-1.1037,8.5186,0.9956,-1.0452,-2.3381,-9.5792,-9.5648,3.9145,3.3072,-2.7339,0.9094
-2.5570,-0.8930,9.1243,0.8014,-0.5585,-1.9264,-7.8075,-8.7532,4.7788,2.2044,1.5629,1.7146
-3.1915,-0.2370,9.7827,1.2951,0.0818,-1.6622,-10.8840,-9.3230,1.9776,1.8742,3.5434,2.8610
-3.4740,0.4477,9.4020,1.8469,0.1876,-1.3154,-8.5665,-5.9544,0.2514,2.0916,-0.9278,3.5146
-4.5610,1.4054,7.3861,2.3832,0.7597,-0.9208,-10.3166,-4.9105,-0.9529,1.5560,0.4932,3.7991
-5.3415,2.0159,5.3391,2.0524,0.9058,-0.0695,-8.0134,-1.1277,-4.5442,-0.0353,1.3038,4.0581
-6.1100,2.0877,4.2665,1.2756,1.0655,1.1760,-5.2409,1.5060,-3.2250,-1.2331,-1.2517,3.0322
-3.9073,2.0973,3.0813,-0.1784,0.8344,1.9059,-6.8331,1.1253,-1.1588,-2.2571,-0.0123,2.2271
-3.1364,1.7406,4.2377,-1.1698,0.6949,1.8647,-2.9329,2.3870,-2.0925,-3.0784,-0.6231,0.7631
-1.3982,0.8763,4.5466,-2.4597,-0.1483,2.0747,-0.5914,1.2043,-2.0375,-3.7225,-2.0302,-2.8194
1.9704,-0.7374,3.7062,-3.8534,-1.3945,1.4444,-0.8978,-4.0294,7.6136,-4.1993,-1.8539,-4.3657
2.8706,-0.9481,12.1673,-4.3657,-1.9231,0.7196,-5.7509,-8.6526,13.3932,-1.9381,-0.3820,-4.3657
2.5187,-0.4501,16.1752,-0.9467,0.7484,-1.0810,-10.4698,-11.1977,12.5911,0.4126,3.6965,-4.2356
-1.0870,-1.0846,12.1410,0.9089,0.1082,-1.5869,-12.3254,-11.4778,6.6200,2.2046,1.9156,-1.6685
-2.5786,-1.0439,10.6566,1.1963,-0.3380,-1.4894,-6.7301,-7.9727,5.8466,2.7680,-0.2269,1.6292
-2.4157,-0.0144,9.6510,1.9036,0.6278,-1.1977,-12.5959,-9.0740,0.7638,2.0745,3.1861,2.4624
-4.3694,0.7015,9.5553,2.5113,1.0580,-0.8218,-9.8881,-5.9089,0.2370,1.4799,1.6081,3.2987
-4.7597,1.4868,6.3398,2.7527,1.3599,-0.2633,-8.7077,-3.6057,-2.5211,1.0155,0.3344,4.2324
-5.2002,1.9776,5.1236,2.1336,1.2172,0.5556,-7.8410,-1.2689,-2.7007,-0.0394,0.6057,3.9440
-5.5737,2.8443,4.1683,1.2069,1.1858,1.3054,-5.7772,1.8387,-3.3375,-1.2694,0.2775,3.9875
-5.0039,2.7940,2.8419,0.2686,1.1521,2.0354,-4.3048,2.6959,-1.0702,-2.2155,-1.0099,2.8289
-1.3431,2.0973,3.7493,-0.8725,0.8414,1.9124,0.0551,4.5274,-1.0534,-2.3065,-0.0437,-0.1556
-0.4166,1.8459,4.5969,-1.9425,0.1383,1.1740,0.8859,1.4461,2.1428,-3.0842,0.1184,-4.3657
0.5914,1.6807,6.4715,-2.6426,-0.7686,0.2903,-3.5219,-5.2648,10.7643,-1.1114,0.0883,-4.3657
2.9257,1.2450,10.8242,-2.0256,-1.1708,-0.8861,-8.9543,-8.3965,7.4053,0.5211,2.5155,-4.3657
-0.5722,1.5443,11.2911,-0.8112,-1.5984,-1.9684,-10.5034,-9.6127,6.6248,1.8539,0.5544,-3.3470
-0.3903,0.8332,11.0971,-0.1115,-1.2537,-2.3366,-7.4029,-8.6383,7.6351,2.7584,-0.3074,-1.3263
-1.1588,0.6201,10.4555,0.9246,-0.8631,-2.6405,-9.3661,-9.4068,4.7597,2.5606,3.1291,-0.6054
-3.1675,1.3240,8.8059,1.2725,-0.9025,-2.5692,-11.2336,-9.3948,3.0574,2.7215,1.8370,2.6301
-5.1787,2.2673,8.5952,1.3544,-0.1736,-1.8838,-11.1091,-7.3741,-0.7638,2.2076,-0.1073,4.3656
-6.0358,2.8898,7.4077,1.4953,0.5797,-0.7430,-10.4220,-4.0486,-2.2721,0.7898,0.4450,3.6993
-6.2010,3.3232,5.2241,1.2685,1.2885,0.7436,-11.7124,-2.8730,-2.8994,-1.4177,1.5195,4.3656
-6.0956,2.8898,4.1922,0.4126,1.9109,2.0403,-5.8490,1.1588,-3.6847,-2.4015,-0.6852,3.9367
-3.7014,2.1548,4.2066,-0.3934,1.9179,2.5718,-6.7301,0.5483,-2.2673,-3.7132,1.3151,3.6617
-2.7653,2.2529,4.2401,-1.3267,1.5350,2.2428,-4.6208,1.8364,0.2634,-4.2129,0.2754,2.0833
-1.7454,1.2977,5.0637,-2.2212,0.2767,2.0812,-2.5786,1.6089,2.2482,-3.9269,-1.0545,0.6448
0.7494,0.1820,5.3726,-2.9084,-0.6295,1.3203,1.9537,1.2426,6.0286,-2.7652,-1.3105,-2.2417
2.0135,-0.3926,8.6000,-2.8216,-0.2714,0.3180,-2.2697,-4.6471,6.5721,-0.9201,0.8311,-4.3657
0.7997,0.0742,12.8162,-1.9962,-0.4648,-1.3634,-10.1586,-9.7971,9.2943,0.0758,3.9154,-4.3657
-0.2059,-0.1293,12.6725,-0.3084,-0.6387,-1.9207,-15.1912,-11.8226,9.1004,2.2291,1.2829,-3.4370
-1.9992,-0.7135,11.5927,1.0440,-0.6492,-2.5213,-8.1068,-8.0565,3.7757,3.2807,-0.4461,-1.5268
-3.2513,-0.4142,9.4978,1.4021,-0.5381,-2.2812,-8.5090,-8.2408,4.7381,2.7649,2.1662,-1.2560
-3.9576,0.4860,8.8131,1.6888,0.0566,-1.9299,-11.3605,-8.3246,0.7997,2.4257,2.7298,0.3537
-4.9512,1.4940,8.3773,1.8539,0.3268,-1.1363,-12.6725,-7.6495,-0.0407,1.6561,1.3130,2.3968
-5.7700,2.2769,6.8881,2.0359,1.0293,-0.4077,-11.6909,-6.0789,-1.8052,0.8430,1.4671,4.3656
-6.3853,2.8204,5.6192,1.7303,1.1033,0.6879,-6.9288,-1.2905,-4.7238,-0.2856,-0.5536,4.3656
-6.9288,3.0239,3.6392,1.3359,1.7135,1.9108,-4.8100,2.3703,-4.4532,-1.5992,-0.1070,3.5352
-2.6456,1.4605,5.8945,-3.0486,0.2609,1.9355,-1.0702,1.4006,0.6416,-4.0426,-0.3371,-2.0931
1.6017,0.9074,8.6886,-3.0978,-0.8037,1.1724,2.4541,-1.5107,10.1993,-2.6584,-1.7405,-4.3657
2.1644,0.4860,10.2496,-2.3354,-0.7978,-0.2721,-5.5162,-9.0980,10.2855,-0.2121,1.7491,-4.3657
1.3862,0.7805,11.4898,-1.2923,-1.3863,-1.6784,-13.7307,-12.1937,7.6854,0.9349,3.4693,-4.3657
-1.0942,0.5291,12.1554,0.0430,-0.6446,-2.2985,-9.7348,-10.3908,5.8371,2.6542,-0.6832,-1.6258
-2.6504,0.1939,10.3573,0.9402,-0.9663,-2.2649,-8.9878,-10.1299,3.8834,2.4456,1.4746,0.3174
-3.8810,0.2801,9.0956,1.3090,-0.3098,-1.8419,-9.3685,-9.3637,1.7119,1.8915,2.3583,1.7822
-4.4963,0.9385,8.9567,1.3679,0.1812,-1.2408,-10.2041,-8.3653,-0.2634,1.3535,0.3957,3.9378
-4.6759,1.5778,8.2384,1.5961,0.5197,-0.5777,-10.0533,-6.6535,-0.6632,0.6368,0.2326,4.3656
-5.2481,2.2314,6.4931,1.6691,0.8527,0.0545,-14.8704,-6.1196,-4.0941,-1.0443,1.1319,4.3656
-6.6152,2.4684,6.6487,1.4160,1.1658,0.8160,-1.3982,2.0087,-1.6496,-1.5673,-2.0804,4.3656
-5.7102,2.5857,2.6767,0.8559,0.6803,1.9287,-6.7469,1.7933,-1.8842,-1.1275,-0.7937,3.2259
-3.5745,2.2410,2.0973,-0.3252,0.8543,2.2763,-2.4924,3.9648,-2.3942,-2.5531,0.1981,1.7091
-1.8866,1.9465,1.7214,-1.7937,0.4253,2.0635,-1.7190,3.0622,-1.0630,-3.2045,-0.8764,-0.5349
-0.6871,1.1133,3.9073,-3.0679,-0.3934,1.6673,0.0024,0.4166,3.9983,-3.5278,-1.1640,-3.7710
1.6592,0.2993,8.8801,-3.2755,-0.0823,0.8408,-3.4716,-5.2481,9.0190,-2.2330,1.2780,-4.3657
2.7701,0.2849,12.8808,-2.2592,-0.3721,-0.5562,-9.6127,-9.2560,10.3525,-0.5423,3.4447,-4.3657
-0.0431,0.4238,13.9438,-0.4133,-1.0529,-1.4087,-10.2017,-9.1794,8.8274,2.0308,0.1147,-4.1479
-0.6847,0.1341,11.1857,0.8066,-0.6340,-1.8977,-7.8362,-8.4659,5.3391,2.6123,-0.2759,-2.7514
-2.7438,0.4190,9.1099,0.9960,-0.4521,-1.9797,-10.2951,-9.4763,3.5889,1.8603,2.8378,-1.0052
-4.4005,1.3815,9.4044,1.3887,0.1569,-1.5889,-10.1035,-8.7556,0.7111,1.6570,1.7677,1.8044
-5.2505,2.0159,8.0756,1.7976,0.6225,-0.6692,-14.0037,-9.7205,0.8739,0.6049,1.5934,3.9033
-5.6144,2.3128,6.7205,1.8197,1.0992,0.0278,-10.2783,-5.9592,-3.1843,-0.0971,0.8315,4.3656
-6.0621,2.6671,5.6096,1.5331,1.1085,0.8737,-7.8650,-2.6983,-4.9823,-1.4116,-0.8593,4.3656
-5.4899,2.4756,3.0694,0.7538,0.7861,1.8839,-3.7517,1.4676,-1.4605,-2.1730,-2.2684,4.3656
-2.9928,2.3583,2.3798,-0.7605,0.9084,2.0259,-3.4022,2.6600,-1.2785,-2.8950,0.4870,2.8751
-1.7119,1.8196,3.9361,-2.0768,0.4679,1.7323,-2.0901,2.8778,0.1628,-3.3636,0.2232,0.4379
0.3950,0.9002,4.4245,-2.9724,-0.7301,1.1851,-0.3472,0.8930,5.2744,-3.2480,-1.3508,-1.3856
1.9010,0.3663,9.1961,-3.2612,-0.5882,0.4535,1.3168,-1.0678,9.6151,-1.5188,-1.5359,-4.3657
4.4724,-0.3041,13.0077,-2.1669,-0.2069,-0.9773,-4.9752,-7.4316,11.3413,0.1628,3.7152,-4.3657
1.1061,0.1508,13.0077,-0.2121,-1.2416,-2.4276,-12.1745,-10.0030,9.8402,2.6275,3.5050,-4.3657
-2.3894,0.4070,11.9375,0.7380,-1.1030,-2.9832,-9.4667,-8.5760,6.5027,4.2970,-1.9566,-2.9884
-2.8587,0.4262,9.2680,1.4234,-0.9887,-2.5752,-11.4922,-9.3470,2.7150,3.2349,2.1807,-3.0942
-4.1492,0.9002,8.5234,1.2261,0.1479,-2.0384,-11.2168,-8.0373,0.7494,2.0322,3.1602,0.2054
-4.7549,1.4317,8.5162,1.7912,0.8358,-1.1229,-10.4627,-6.6774,1.6975,1.7130,0.6833,1.6294
-5.0781,2.1907,8.7269,1.8335,0.8266,-0.2017,-10.0006,-5.3510,-0.4836,0.9501,1.9380,2.5885
-4.6232,2.6863,6.2656,2.2106,1.7299,0.0309,-11.4323,-4.5873,-1.0367,0.1506,2.1342,3.6280
-5.1475,3.1915,5.4803,1.9938,1.4182,0.7626,-11.4898,-3.2896,-3.6943,-0.7878,0.3420,4.3656
-5.5641,3.6847,3.6871,1.5719,1.5023,1.4113,-5.5641,0.5267,-3.8307,-2.0713,-0.6043,4.3656
-5.3486,3.2848,1.0582,0.3263,1.7170,2.0787,-2.4038,3.6105,-1.2091,-2.5538,-0.6039,3.5786
-2.4181,2.7725,1.4126,-1.4446,1.2328,2.1903,-2.1572,4.6974,-2.0470,-3.2849,0.7649,1.8632
-1.6927,2.3200,2.8659,-2.8643,0.6367,1.5238,-3.4979,2.7677,-0.5866,-3.9166,0.4946,-0.6388
-1.0319,1.6640,5.6503,-3.6333,-0.6559,0.9197,1.1325,1.6065,2.8898,-3.3941,-1.3861,-3.5386
0.5986,1.5993,8.6957,-3.3700,-0.9940,0.3750,-0.8212,-4.0127,8.4898,-1.6419,-1.1293,-4.3657
1.3862,0.7877,11.3365,-2.3682,-0.6797,-1.0138,-9.4355,-10.4746,11.4275,0.0747,2.8944,-4.3657
-1.1851,1.0894,13.5177,-0.7520,-0.8291,-1.6910,-13.5703,-12.0859,6.8714,1.5380,1.6747,-3.7642
-1.9752,0.8643,12.6988,0.6303,-0.4411,-1.8024,-13.4315,-11.6023,4.8554,2.2564,0.2998,-0.4640
-3.7924,0.9361,10.3813,1.4819,-0.5957,-1.4174,-11.2839,-9.9599,4.1922,1.8788,1.0643,2.0741
-3.5721,1.2426,9.6822,2.0388,0.4636,-0.7594,-11.0947,-8.3366,3.0478,1.5191,1.4546,3.0666
-4.1228,2.0782,8.5976,2.2623,0.6042,-0.5593,-10.1634,-6.4643,1.4102,1.3606,1.0692,4.3656
-4.6280,2.8778,7.1874,2.6156,0.7863,-0.0209,-7.3933,-2.1572,-3.4836,1.0936,-1.2859,4.3656
-4.9991,3.1723,3.2777,2.1591,0.9842,0.5852,-5.5905,1.6783,-3.2825,-0.3857,0.1078,4.3656
-5.5330,3.7182,1.7957,0.6662,0.9908,1.1534,-3.6990,4.1659,-2.2458,-1.4877,-0.1406,3.5026
-4.2114,3.5314,1.5371,-0.6598,1.3335,1.6441,-4.0366,4.3862,-2.4708,-2.7244,0.1893,2.3619
-3.3471,2.5690,1.8411,-2.2339,1.1479,1.5767,-2.6240,4.1108,-0.5866,-3.3863,0.9880,0.0729
-1.5658,1.1468,3.7876,-3.6997,0.3006,1.2796,-0.8930,2.9760,-1.4724,-4.0565,0.4594,-1.9357
0.5076,-0.8356,5.3463,-4.3657,-1.2754,0.3800,1.1037,-2.0542,4.2425,-3.8532,-1.1738,-4.3657
1.6807,-0.7446,13.2878,-4.3657,-1.5613,-0.6964,-4.1061,-9.0070,13.1921,-1.5990,0.0360,-4.3657
1.0367,-0.5483,16.2542,-1.0247,-0.4190,-2.2611,-11.6119,-13.1466,14.2192,2.0600,4.2252,-4.3657
-1.3934,-0.3639,11.4610,0.4118,-1.5354,-2.8438,-13.0963,-12.2224,5.5330,4.1368,1.6367,-4.2142
-1.8411,-0.6800,11.4730,1.0407,-1.4769,-2.8453,-8.9376,-8.8633,3.0885,3.7406,-0.4656,-1.8582
-3.9768,0.1413,9.3589,2.0688,-0.1387,-2.5299,-8.3414,-7.7835,1.8651,2.7737,2.3920,-1.7349
-4.1635,1.2833,8.2744,1.8678,-0.2828,-1.4525,-12.5241,-8.9232,1.9034,1.9063,2.3611,0.6467
-4.4077,2.6288,7.3694,2.1538,0.5788,-0.8619,-17.6836,-11.0732,0.6991,0.7533,2.0701,4.3656
-5.4971,2.9664,7.3646,2.2940,1.1333,0.2555,-10.8457,-7.2784,-6.4787,-1.0059,-0.9775,4.3656
-7.1132,2.8371,4.9297,2.1528,1.6373,1.3254,1.2689,2.8994,-2.4852,-1.7068,-3.1682,4.3656
-4.4077,2.0351,0.6847,0.4510,1.5072,2.6181,-0.0766,4.0247,0.4980,-1.6932,0.6392,4.0041
-1.5514,1.8052,2.2865,-1.3761,2.2933,2.2643,-1.0056,4.7932,-0.5890,-2.8057,3.1313,1.3117
-1.8028,1.1492,4.2282,-2.8320,1.4568,1.7339,-1.8244,2.8371,0.1820,-3.4115,1.7078,-1.4028
0.5148,-0.7661,6.7086,-3.7145,-0.0917,1.3849,-0.0311,-0.4477,4.0654,-2.7661,-0.4815,-4.3657
4.7022,-1.2091,9.8067,-4.0537,-1.8852,-0.4462,-2.4780,-6.0454,9.2416,-1.2756,-0.0416,-4.3657
2.0830,-1.0415,14.1330,-2.6779,-1.3519,-1.8614,-8.3151,-10.1586,11.6861,0.5963,0.6115,-4.3657
0.1197,-0.8116,14.4083,-1.0565,-0.7891,-2.8615,-11.1282,-11.9471,9.5481,2.3875,1.5892,-4.3657
-2.6647,-1.1540,13.0269,0.7811,-0.8551,-2.8651,-12.9909,-11.8896,5.2577,2.9495,1.8177,-2.7113
-3.7302,-0.9385,10.0078,1.7211,-0.0787,-2.1518,-9.9240,-9.8067,4.2162,2.6702,0.5347,0.0197
-3.7637,-0.0886,8.9974,2.2102,0.5833,-1.3427,-12.1625,-9.7157,2.5426,1.9522,2.8194,2.7960
-4.0654,0.9505,7.8913,2.5632,1.2193,-0.6153,-12.9694,-8.5234,-0.4836,0.9959,1.7188,4.3656
-5.4109,1.6209,7.3382,2.6716,1.8445,0.3031,-7.5106,-3.7541,-3.1675,-0.1331,-0.0208,4.3656
-6.1004,2.5402,5.1308,2.5218,1.9809,1.2228,-6.6319,-0.3879,-2.6504,-0.8893,0.9150,4.3656
-5.6383,2.7246,1.9345,1.4108,1.5551,2.1858,-2.4110,3.4644,-1.6831,-1.4564,-0.2725,4.0746
-2.8108,2.3942,0.6632,-0.2430,1.5002,2.4333,-2.0782,4.5059,-1.7621,-2.1690,-0.0436,2.0853
0.2083,0.5483,7.8386,-4.3657,-1.3652,0.3424,-2.0877,-4.5538,7.1587,-2.4199,-1.4080,-4.3657
3.1436,0.4429,12.8162,-3.4216,-0.5103,-0.7476,-7.9080,-9.7755,11.3844,-1.2685,2.2294,-4.3657
-0.9409,0.2418,15.3660,-0.6122,-0.2138,-1.8333,-15.9741,-13.3812,9.3757,1.4080,3.4131,-4.3657
-1.7980,-0.6632,11.7819,0.7425,-1.3265,-2.1065,-11.7100,-10.7260,7.8338,3.1999,-1.1602,0.4269
-2.8443,-0.9122,11.0229,1.7904,-0.5594,-2.3750,-11.7244,-10.7548,3.6464,3.4122,1.1069,2.8297
-4.9895,-0.1053,9.8210,2.5406,0.0290,-1.9287,-10.0461,-7.2616,-1.0151,2.7594,1.6986,3.5084
-5.4348,1.1851,7.5489,2.4248,0.2758,-0.8629,-9.3063,-3.7469,-2.8874,1.5946,-0.9129,3.6349
-5.2625,2.0111,5.2960,2.2080,1.0369,-0.0528,-10.2927,-2.5690,-2.8276,0.0280,0.7500,4.2942
-6.0118,2.8180,4.2928,1.2642,1.0122,1.0188,-3.8499,2.1979,-1.8675,-1.0456,-0.9581,4.2498
-4.9273,2.8204,2.3535,0.3645,1.0389,1.8141,-4.7118,2.8515,-0.8308,-1.3315,-0.6239,2.0300
-3.4524,2.3080,2.4804,-1.1114,1.0690,2.0753,-3.2968,3.8666,-2.7581,-2.4853,1.2305,0.5239
-1.0295,1.5443,3.0358,-2.7659,0.3591,1.7833,-1.9800,2.3463,-0.2442,-3.5450,-0.3287,-1.4923
-0.2801,0.8475,5.5833,-3.6890,-0.6816,1.4769,-1.9992,-0.6704,3.9121,-3.2847,-1.0985,-3.5244
2.2458,0.4357,10.3645,-3.7245,-0.7608,0.8915,-3.8259,-5.0470,11.0157,-2.5572,-0.0346,-4.3657
2.9856,-0.6488,15.6940,-1.6429,0.3545,-0.7830,-8.4372,-9.5960,13.8385,0.2257,2.7199,-4.3657
-0.2777,-0.3184,13.9199,0.4295,-0.6487,-2.0542,-13.3596,-10.2568,7.7381,2.5026,2.3046,-3.3342
-1.8244,-0.8212,10.4770,1.3698,-0.9618,-2.3248,-9.9120,-8.5258,4.2018,3.3638,-0.9367,-0.6608
-3.7733,0.0192,10.1131,1.9453,0.0321,-2.2731,-13.6422,-9.6486,3.0430,2.4261,2.9567,0.9840
-5.2720,1.5514,9.0692,2.4118,0.2918,-1.5992,-12.8305,-8.8873,-0.5004,1.9373,1.2053,4.3656
-5.1475,1.8052,6.6750,2.7571,1.1198,-0.7927,-8.6503,-5.0709,-4.1492,0.2370,-2.3029,4.3656
-6.6272,1.6879,4.8866,2.4284,1.4408,0.3714,-0.7135,2.8012,0.0311,-0.2661,-0.9758,3.5543
-4.5801,2.5019,0.9026,1.1215,1.3366,0.7552,-6.4691,1.7957,-0.7039,-0.4117,2.7622,3.1956
-5.2720,2.7773,3.0454,0.0386,2.2593,1.2573,-4.3479,4.6256,-3.5578,-1.3596,1.4541,1.2123
-4.9991,2.3918,2.2482,-1.4027,1.2978,1.7409,-4.9895,3.8595,-4.4891,-2.4709,0.7548,0.3448
-2.9951,1.8651,3.1125,-2.6247,0.2353,1.7039,-3.4548,3.0047,-2.2482,-3.2069,-0.4008,-1.0924
-0.4214,0.5483,4.4269,-3.8802,-1.1844,1.3344,-0.1532,0.0215,2.1452,-3.4799,-1.9261,-4.1776
1.0080,0.1748,9.3948,-4.0033,-1.6581,0.7645,-2.2218,-5.7221,10.2783,-2.3315,-0.9598,-4.3657
5.3654,-0.0694,15.4977,-2.4625,-1.1722,-0.4724,-4.6040,-9.3757,14.0635,-0.0244,1.9075,-4.3657
-0.2753,0.0239,14.4442,0.3873,-0.9746,-2.0071,-10.2568,-13.4075,10.9008,2.8497,3.4126,-4.3657
-0.6033,-0.1556,11.1809,1.1695,-1.2863,-2.2304,-13.5895,-13.3501,2.6719,2.8578,2.5231,-2.9747
-3.1149,0.2179,9.0381,1.4546,-0.4105,-2.0849,-8.5258,-9.4786,1.9489,2.0996,0.5921,0.3897
-3.9744,1.0127,9.3374,1.2072,-0.1655,-1.2271,-11.7914,-10.8840,2.5666,0.9052,2.1164,2.7629
-3.1220,1.3192,9.0309,1.6449,0.7809,-0.9633,-8.0517,-7.7476,1.7526,0.5203,0.8703,4.3656
-2.8084,1.6783,8.2193,1.8174,0.4435,-0.7201,-9.6606,-6.5098,-0.0551,0.7175,0.1992,4.3656
-4.4436,2.4804,7.6495,2.1144,0.3667,-0.7522,-6.6080,-3.3854,-0.6919,0.4178,-0.6042,4.3656
-5.4468,3.1412,4.7429,2.2989,0.4028,-0.0797,-9.0549,-1.1061,-2.4277,-0.1601,-1.7705,4.3656
-5.6623,3.2920,2.8683,1.6153,0.4851,0.7915,-3.8642,4.0773,-4.3838,-0.5882,-1.8409,3.3843
-5.4564,3.0119,0.6847,0.0244,0.9987,1.7611,-3.9840,3.6416,-2.8180,-2.5221,-0.0152,2.7629
-4.7812,2.1189,1.2282,-1.9601,1.4803,2.6825,-1.2043,4.3287,-4.1420,-3.9788,0.2823,0.1669
-0.1556,0.1532,2.8706,-3.9931,0.4158,3.1945,2.5043,0.4884,2.1404,-4.3657,0.0069,-3.8577
3.3734,-0.6704,8.9567,-4.3657,-0.5141,1.6663,-3.3806,-6.5481,11.8896,-3.1830,0.5957,-4.3657
3.7876,-0.0192,15.2247,-2.3246,0.4283,-0.1848,-7.2113,-9.5122,14.3341,-0.3792,4.1051,-4.3657
2.7725,0.0263,13.1226,-0.3531,-1.2586,-2.0110,-10.2137,-10.2041,10.0054,2.8449,2.3527,-4.3657
-0.6656,0.0622,12.0668,1.0432,-1.3107,-2.7558,-9.5577,-9.9024,4.9368,3.6424,0.0949,-2.7807
-3.2513,0.7925,9.2081,1.6323,-0.6883,-2.6229,-12.9024,-11.1809,3.2202,2.7731,2.8169,-0.8346
-4.0677,1.5203,9.6941,1.8592,0.1021,-2.1827,-10.8888,-8.8969,1.5371,2.0207,1.9987,3.7898
-5.3582,2.2553,6.7876,2.4523,1.3328,-1.3607,-14.3125,-8.9783,-1.8675,0.6113,1.3876,4.3656
-6.5003,2.6815,7.4172,2.0727,1.7195,-0.1128,-6.8402,-2.0159,-4.5155,-0.2992,-0.3579,4.3656
-6.9671,2.8826,4.3311,1.9863,1.8888,1.2092,-7.9559,0.0048,-4.4221,-1.5668,-0.4124,4.3656
-6.9121,2.9784,1.0678,0.3981,2.4304,2.1813,-2.5809,3.8235,-1.1923,-2.5466,0.0290,3.5396
-4.4963,2.3894,1.1229,-1.6252,2.1308,2.7454,-1.9154,5.0182,-3.2106,-3.2452,1.4393,1.5677
-0.3663,0.7326,2.3200,-3.5381,0.4755,2.3590,-0.5028,3.1149,-1.6855,-4.2618,0.4338,-1.1578
3.0263,-0.8643,6.0932,-4.3657,-1.7051,0.7999,4.2497,-0.5363,4.9584,-3.6858,-1.8648,-4.3657
2.4948,-0.3089,10.4531,-4.3657,-3.1999,-0.2009,-0.7254,-8.0493,11.6286,-2.0232,-1.7882,-4.3657
4.0941,0.1820,12.9407,-3.0116,-1.7724,-1.2363,-9.5720,-12.2248,14.8393,-0.0232,2.0515,-4.3657
0.0048,-0.0287,15.6246,-0.2727,0.1821,-2.4168,-13.2256,-13.1130,9.3613,1.8018,3.7037,-4.0882
-1.6065,-0.6536,12.2559,1.2093,-0.4546,-2.0824,-14.6214,-13.1274,6.7062,2.8589,0.9577,-0.0051
-2.8084,-1.0127,10.9894,2.2352,0.6346,-2.2207,-9.2129,-10.0197,4.6208,3.0643,1.6054,3.1745
-3.5913,-0.1437,9.7803,2.5415,0.7849,-1.5580,-9.4571,-7.6830,0.5602,2.2902,1.9873,3.9247
-4.5490,0.7638,8.7412,2.8821,1.2445,-0.8753,-10.2520,-5.2696,-1.2402,1.6076,1.4869,4.0246
-6.2153,1.9896,6.2489,2.5893,1.6872,-0.1102,-4.5346,-0.4357,-1.9489,1.1036,-0.1184,4.3656
-6.5793,3.0742,1.8435,0.6499,1.7886,1.7817,-5.3319,3.4572,-5.3151,-2.2893,0.4078,2.7959
-4.3455,2.2553,0.5842,-1.1648,1.3167,2.3367,-0.2107,5.6144,-5.5019,-2.9716,-1.1377,1.1950
-2.3966,1.4437,1.4820,-3.0307,0.4924,2.0206,6.9815,3.1915,-5.9664,-4.3657,-1.3880,-4.3657
0.9290,-0.9337,0.1437,-4.3657,-1.2825,1.0689,-3.3950,-5.8873,6.0669,-3.8201,0.9735,-4.3657
4.0486,-0.6584,13.6206,-4.3657,-3.1629,0.3243,-7.5920,-11.5951,12.8257,-1.9434,-0.0926,-4.3657
2.1452,0.3400,19.3523,-1.4496,-0.5293,-1.0605,-12.0141,-14.4442,13.1585,1.0985,1.1878,-4.2114
0.8021,-0.7733,11.0780,1.1574,-0.5252,-2.3947,-10.6207,-11.7340,9.4020,2.5014,1.0525,-0.1536
-0.7183,-1.1301,10.1394,0.9096,-0.9481,-2.4019,-7.0246,-9.4954,4.2353,2.7482,1.2227,1.5214
-2.0207,-0.4094,9.5122,1.5855,-0.1039,-2.4974,-8.3510,-8.9184,3.3830,2.5623,2.2363,3.1209
-3.7828,0.6871,9.1267,1.8642,0.0873,-1.8171,-10.2089,-7.7189,2.4086,2.4889,0.3175,3.8172
-3.6703,1.1037,7.7644,2.1633,0.7534,-1.3276,-9.2895,-4.7285,0.1077,1.8365,0.9924,2.8529
-5.9496,2.2936,6.9983,2.1048,1.3399,-0.5544,-9.4643,-2.1261,-3.6583,0.8777,2.0615,2.9425
-7.5609,3.1149,3.3495,1.4308,2.0375,1.7842,-2.4900,3.2705,-1.9537,-2.5101,-2.8627,4.0743
-4.4508,2.2338,1.3599,-0.2575,1.3328,3.0481,-3.6679,3.1125,-1.7166,-2.7122,-0.0208,2.8779
-1.0822,1.5467,2.4541,-1.9676,1.3787,2.5574,0.3424,4.6735,-1.8890,-3.5710,1.4687,-0.0658
0.5746,0.8763,3.9840,-3.2734,0.4307,1.7838,0.0168,1.5874,1.1971,-4.3657,-0.3212,-3.7559
1.8842,-0.2035,6.6942,-4.3657,-1.5046,0.7340,2.3439,-1.6544,8.1690,-2.3415,-1.6551,-4.3657
2.6983,0.0239,11.3461,-3.6909,-1.9392,-0.0334,-3.2513,-9.9479,11.2336,-0.8022,0.0442,-4.3657
4.8339,-0.1365,13.0915,-2.4047,-0.9751,-1.3535,-13.2711,-13.0580,12.7395,0.3977,3.8256,-4.3657
0.4453,-1.0056,14.5687,0.1909,0.1591,-2.6600,-11.4084,-12.0883,7.7500,2.1890,1.5230,-2.1337
-2.5762,-1.1133,11.9375,1.2481,-0.4912,-2.5929,-12.0117,-12.5504,6.9767,2.8874,1.1033,1.3756
-3.7948,-0.6967,10.9032,2.2298,0.6916,-2.0366,-9.7851,-9.7133,1.9896,2.4324,2.5684,2.8305
-5.6312,0.2634,9.2033,2.7339,1.5364,-1.2376,-12.0404,-8.3893,-1.0247,1.5489,2.2997,4.3592
-6.9288,1.4700,6.5481,2.5015,1.5495,-0.1508,-12.1937,-5.6790,-5.3056,-0.1442,0.8545,4.3656
-6.3087,1.8292,5.7652,2.1602,2.0459,0.9662,-8.3821,-1.0463,-4.8195,-1.7512,-0.5593,4.3656
-6.4165,2.2122,3.6799,1.4593,2.1723,1.6948,-3.1771,2.3200,0.5531,-1.7433,-0.2827,4.3656
-3.8954,2.4445,2.6959,0.1575,1.2850,2.0410,-4.8267,3.7517,-3.4189,-1.4834,0.6827,2.4970
-2.8252,2.0303,1.9992,-1.1696,0.2506,1.8042,-0.8715,4.8339,-4.0414,-2.5433,-0.8123,-0.2033
-0.2514,1.2210,1.4461,-2.8053,-1.5055,1.2180,3.6416,3.5937,0.5914,-2.7362,-2.7997,-3.8565
2.8946,0.3903,4.1827,-4.2022,-1.8656,0.5622,0.7470,-3.2777,7.7883,-3.1313,-1.3416,-4.3657
3.0358,0.5243,12.6366,-3.9151,-1.6466,-0.7999,-6.1723,-8.5305,13.0915,-1.0376,1.8026,-4.3657
1.7406,0.4597,15.6748,-1.0391,-0.9555,-2.0895,-9.0333,-10.8362,13.5536,2.3410,1.2076,-4.3657
-0.7015,-0.4860,12.3661,1.1251,-0.9429,-2.8148,-13.4410,-12.7707,6.7660,3.5011,2.6742,-4.1408
-3.2106,-0.4860,9.4906,1.4036,-0.8248,-2.2496,-8.8992,-9.0980,1.5562,2.7647,1.5330,-0.7246
-3.3998,0.4884,9.3805,1.3548,0.1553,-1.4689,-11.9351,-10.0437,3.3040,1.8582,2.0041,1.7352
-4.0797,1.1756,10.3501,1.9863,0.8964,-0.8034,-11.2288,-8.3342,1.1851,1.1246,2.2110,3.8063
-4.7405,2.0758,8.0349,2.3952,1.4437,-0.0933,-7.3622,-3.7948,-1.4078,0.8128,0.2499,4.3656
-5.4564,3.0502,6.4811,2.1729,1.6140,0.8035,-7.7692,-1.4605,-3.2753,-0.2822,0.4702,4.3656
-5.3247,3.4979,3.7038,1.6947,1.7949,1.8170,-7.7309,0.3041,-2.7054,-2.0259,0.0248,4.3656
-3.5171,3.4093,1.9154,0.4462,1.4869,2.3876,-2.7174,3.4500,0.0958,-2.4464,-1.4622,3.8950
-2.1332,3.2250,1.8124,-1.1626,1.2263,2.2517,-0.8715,4.7309,-1.7142,-3.1345,-0.0386,1.7048
-1.3527,2.3463,3.1532,-2.7971,0.4161,2.0615,6.6248,5.8706,-1.1756,-3.6128,-0.7627,-3.9022
3.7421,-0.6249,0.0168,-4.3657,-1.1742,1.8712,-0.2203,-4.1396,5.3989,-3.6068,-0.6229,-4.3657
1.9680,-0.9122,11.9590,-4.3657,-0.3962,-0.2165,-6.6487,-9.4451,7.5034,-3.1015,2.9491,-4.3657
1.4102,0.7781,17.7243,-1.9963,0.7798,-1.1129,-13.2351,-13.5895,13.6709,-0.6062,3.6551,-4.3657
0.1772,-0.5746,13.2328,0.1104,-1.5555,-1.7814,-12.3277,-11.4706,9.2368,2.9159,-1.0068,-1.0131
-0.2442,-1.4724,10.1347,0.9908,-0.4995,-3.0410,-3.7972,-8.3294,7.2401,3.9642,0.5872,-0.7862
-2.4948,-0.8068,10.3142,1.6549,-0.5677,-3.3465,-11.1690,-10.0963,1.6544,3.2058,4.3656,-0.3082
-4.3048,0.3591,9.2177,1.9051,-1.0267,-2.7748,-12.5959,-8.9471,-0.3663,3.3754,0.3439,2.0825
-5.6575,1.5730,7.7069,1.8061,0.0514,-2.0043,-11.3318,-6.5505,-2.9305,1.9760,-0.2442,4.3086
-6.8402,2.6384,6.3231,1.8313,0.9698,-0.6223,-8.3845,-2.3415,-4.1037,0.1002,0.4838,4.3656
-6.9671,2.9736,4.9297,1.1927,1.1229,1.1000,-8.0206,-0.5459,-3.9840,-1.7388,0.0188,4.3656
-5.3702,2.9353,5.0063,0.5450,1.8402,2.4299,-7.0437,0.0024,-0.6393,-3.1885,0.0384,4.3656
-4.2114,1.8172,2.9281,-0.3540,1.9281,2.7736,-3.6248,1.9345,1.4269,-3.1945,0.1058,3.1259
-1.6233,0.9385,3.4261,-1.8643,1.7532,2.5201,0.2131,3.9121,1.4844,-3.0754,0.5899,1.2040
-0.8811,0.1532,4.7812,-2.5923,1.1969,2.3030,-1.7549,0.2059,0.7494,-2.6048,1.4655,-4.3657
2.8946,-0.9194,5.1834,-4.0874,-0.4342,0.9902,-1.7573,-3.1939,3.9696,-2.6426,0.8476,-4.3657
1.6544,-1.3623,12.0524,-3.6993,-0.2477,-0.3028,-5.5929,-8.9208,9.0812,-1.7007,-0.2089,-4.3657
0.9385,-0.9697,16.7810,-1.4710,-0.3460,-1.5711,-11.1666,-13.6206,11.2623,0.8478,2.5413,-4.3657
-1.0558,-1.6376,13.5464,1.0976,-1.0383,-2.3064,-13.0771,-13.3118,6.4739,2.9428,2.3148,-2.5882
-3.3758,-1.4820,9.7468,1.7116,-0.7821,-2.5111,-10.6781,-10.9942,3.3327,3.3107,-0.1968,1.0186
-5.6024,-0.0982,9.5265,2.2552,-0.0087,-1.6912,-11.0349,-10.6183,0.4717,2.5277,2.3990,3.5875
-5.5737,0.9337,7.7285,2.6858,0.7657,-0.7020,-10.4818,-7.6423,-2.1955,1.3387,0.6131,4.3656
-5.7988,1.9680,5.6479,2.5959,1.7520,0.2085,-10.8769,-5.7461,-2.2553,-0.2678,0.6779,4.3656
-6.2537,2.4565,5.4540,2.0560,2.0887,1.0531,-4.3239,0.4669,-3.0119,-1.0340,0.6230,4.3656
-6.0861,2.7318,3.1460,1.3327,1.4930,1.7668,-4.7094,2.4205,-2.7390,-1.5135,0.5530,3.8718
-3.7350,2.7605,2.3655,0.1178,0.9759,2.1124,-4.2042,3.5267,-1.7142,-2.0572,-0.7621,2.3855
0.2394,1.8028,2.2769,-2.9304,-1.0945,1.0740,3.3878,3.0143,2.6169,-2.7622,-2.3481,-3.9825
4.7094,0.3639,12.9646,-4.2984,-1.2688,-0.4783,-8.2313,-9.2225,9.3661,-0.8584,3.1455,-4.3657
2.6887,-0.0239,15.6485,-1.9823,-0.3256,-2.5655,-12.2344,-11.8441,11.2911,1.1576,3.4677,-4.3657
-2.4397,0.0718,15.5432,0.5404,-1.0686,-2.7717,-15.9143,-12.7874,8.4156,3.2089,-0.1212,-0.7103
-2.8299,-0.7949,10.2424,1.7433,-0.6446,-2.5317,-12.1123,-10.0772,3.6990,3.1662,0.8212,2.0018
-5.5354,-0.2083,8.5808,2.0229,0.8601,-1.9991,-8.3390,-5.8371,-2.0638,1.8939,1.6302,2.1241
-6.0071,1.1636,7.0557,1.6974,0.7341,-0.7971,-13.8241,-6.3446,-1.5275,0.3187,2.1714,3.2539
-5.9664,2.0686,6.6056,1.6150,1.2674,0.1030,-9.0788,-2.5809,-3.7254,-0.8725,-0.0618,4.2074
-5.8395,2.5139,5.6527,1.3471,1.6659,0.7345,-5.3558,-0.3208,-0.9864,-1.4276,-0.2475,4.3656
-5.4085,2.5115,4.7764,1.0388,1.6297,1.5493,-6.2872,1.2953,0.1101,-1.1004,0.7738,3.0750
-4.1492,2.2098,3.5626,0.2746,1.0689,1.9533,-5.2409,2.8587,-2.4373,-1.7770,0.5866,2.1626
-2.9209,2.2482,2.4948,-0.7453,0.8050,1.6678,-3.5817,3.4572,-0.0934,-2.2392,-0.6285,1.1422
-1.8459,2.1189,3.9361,-1.9212,0.2791,1.1947,-3.1747,2.7677,0.7973,-2.2639,0.0791,-0.9446
-2.0973,0.9433,4.5226,-2.6020,-0.5241,1.2676,1.2306,2.1308,0.7063,-1.6812,-0.8840,-4.3657
3.9552,-0.6991,5.9017,-4.3657,-2.3860,-0.3544,-2.3846,-4.6400,5.9496,-1.6911,-0.9839,-4.3657
0.9984,-0.8236,10.8960,-3.5302,-1.6637,-1.7170,-5.3223,-8.6598,8.1810,-0.9807,0.4655,-4.3657
-1.1684,-0.2011,15.0787,-1.9661,-1.3499,-2.0800,-12.5217,-13.9534,11.4467,0.8483,1.2181,-4.3657
-1.2354,-1.2402,14.4945,0.4086,-0.6674,-1.9466,-14.3580,-14.3437,8.8490,2.3806,1.7479,-1.1969
-2.4014,-2.2936,10.5058,1.6847,0.2252,-2.2060,-6.7876,-9.8258,2.7797,2.9031,0.5328,1.7780
-3.4931,-1.4437,9.9144,2.1293,0.6230,-1.5030,-8.1475,-8.9423,1.8818,2.1835,2.5423,1.8755
-3.4524,-0.1915,9.3206,2.5097,0.6880,-1.2895,-11.5927,-8.6981,0.9505,1.7023,2.5798,3.8672
-4.0797,0.9673,8.1307,2.8449,0.8775,-0.9314,-8.6718,-4.4508,-1.4102,1.6860,-0.8875,4.3656
-5.7293,2.3176,6.1938,2.7587,0.9312,-0.1747,-11.2887,-3.9983,-1.5945,0.5857,0.8917,4.3656
-5.6743,2.6288,5.5737,2.4596,1.2311,0.8584,-4.2856,1.8004,-1.8938,0.0659,-0.6803,4.3656
-4.7573,2.9377,1.4054,1.3404,1.3555,1.2184,-4.7453,3.1196,-2.3032,-0.6440,-0.3260,2.9491
-4.6974,3.2848,1.1013,-0.4423,1.7588,1.8631,-4.2737,4.3598,-3.6583,-2.6825,1.1558,1.9684
-3.8714,2.5714,1.9632,-2.2035,1.3053,2.4068,-4.6783,3.0454,-2.2745,-4.0653,0.3413,0.6007
-1.6328,1.7741,4.1084,-3.6075,0.1712,2.2427,-1.2857,2.0111,-2.5714,-4.3657,-0.6969,-0.8871
0.5746,-0.2418,3.3806,-4.3657,-0.7178,2.1258,0.0958,-2.5091,6.7062,-4.3657,-2.2168,-4.0412
4.6711,-1.3144,10.6949,-4.3657,-0.3965,0.5235,-3.1580,-6.1699,10.1418,-3.3011,2.2740,-4.3657
1.8747,-1.5969,13.9893,-3.1211,-0.6921,-1.5242,-6.8570,-8.9495,11.2911,-0.5363,3.1662,-4.3657
0.5148,-1.8818,13.3166,-1.7654,-1.6940,-2.4070,-9.5600,-11.3222,9.4691,2.1035,-0.2883,-4.3657
-1.0870,-2.4541,13.9055,0.0618,-0.6951,-3.0852,-11.0588,-12.8760,7.2209,2.7693,2.1822,-3.5806
-3.0789,-2.4900,10.7524,1.3367,-0.4410,-3.0513,-9.9671,-11.0038,3.5434,3.1946,1.9352,-1.3600
-3.6248,-1.5155,10.0724,1.7700,-0.0338,-2.5381,-10.2424,-10.8314,2.9066,3.0144,1.6486,0.5645
-4.8291,-0.1844,9.5888,2.4353,0.8837,-1.7112,-11.3126,-9.7013,0.8428,2.3457,2.7606,3.0597
-6.0358,0.8906,8.2121,2.8607,1.3632,-0.5624,-11.0133,-7.4412,-2.5498,1.2609,1.1157,4.3656
-6.4069,1.3719,5.9568,2.7123,1.7601,0.8292,-7.8003,-2.7078,-4.1444,-0.0737,-0.3878,4.3656
-6.8163,2.0973,4.1013,1.9032,2.3437,2.1706,-7.8290,-0.6847,-3.6799,-1.5783,1.0986,4.3656
-4.6040,1.7645,2.0183,0.5634,2.6660,2.9493,-3.3279,2.7174,-2.5690,-2.9162,0.7282,3.7153
-2.3774,1.4341,2.2338,-1.3169,2.0427,2.8105,-2.9664,3.2394,-2.1021,-3.6381,0.5311,2.0201
-0.4190,0.2251,3.8427,-3.0716,0.5898,1.8449,1.2881,3.0263,-1.2761,-4.1555,-0.2501,-1.6735
2.7557,-1.2857,4.0701,-4.3657,-1.4838,0.3990,1.5347,-1.5969,5.4612,-3.5337,-1.7020,-4.3657
3.3232,-1.3264,12.3565,-4.3657,-3.1295,-1.4412,-1.2570,-8.0804,15.0739,-0.9422,-1.3439,-4.3657
3.0622,-0.6153,15.6461,-1.2616,-1.0670,-2.7860,-10.3310,-13.1490,15.4139,2.4702,2.5826,-4.3657
0.0072,-1.6735,11.2839,0.6452,-0.3202,-3.8441,-13.8768,-13.1633,6.8785,3.7932,3.2900,-3.1425
-4.7166,-1.0104,11.2168,1.3507,-0.2891,-3.3036,-13.7403,-11.7795,1.2570,3.6070,1.6169,0.8547
-5.6647,-0.8571,9.2727,2.3658,0.7789,-1.6276,-11.5281,-8.4851,-1.1923,2.2391,1.1864,1.7690
-5.5043,-0.2107,8.0732,2.2922,1.6863,-0.7256,-11.2192,-6.8666,-1.1732,0.9088,2.5345,3.2259
-6.1363,0.7925,7.6423,2.3338,2.0336,0.0774,-11.7723,-6.0765,-3.1987,-0.2983,1.7444,4.3656
-7.6806,1.2210,6.4739,2.4159,2.3283,1.0539,-5.0326,0.2586,-2.0087,-0.4798,-0.9441,3.7779
-6.2034,2.0016,3.0191,1.4841,1.4591,2.0523,-7.4460,1.1037,-3.3854,-0.8843,1.5563,3.2530
-5.3606,2.2793,1.4988,0.0737,1.6268,2.4160,-4.6017,3.7086,-4.3814,-2.1012,0.2393,2.3144
-2.1165,1.5227,1.6496,-1.7000,0.9186,2.1068,1.4246,5.5234,-5.0374,-3.2149,-0.5193,-1.1021
-1.1684,0.7111,1.3216,-3.4174,-0.2268,1.2640,1.0415,1.9273,-0.7446,-3.8385,-0.6139,-4.3657
3.0335,-1.3455,13.1921,-4.3657,-3.4103,-0.5281,-2.9544,-10.1778,9.9479,-1.8628,-1.4865,-4.3657
1.9178,-0.9290,16.4482,-2.5826,-1.0877,-1.7658,-10.5082,-14.6022,13.9319,0.5665,1.0906,-4.3657
0.2921,-2.0207,14.3868,0.0545,-0.3655,-2.3355,-10.8840,-13.9893,9.1842,2.3754,1.8928,-2.6460
-1.2570,-2.5618,11.6454,1.1103,-0.2494,-2.3145,-11.9830,-14.1497,5.5067,2.4531,1.7889,1.0058
-3.3710,-2.0518,11.7124,2.1785,0.8519,-1.8852,-8.8178,-11.2887,2.6456,2.4296,2.0319,3.3967
-3.8499,-0.8763,9.7468,2.7428,1.2863,-1.2220,-9.5768,-8.8370,1.0415,1.9015,1.9243,3.7214
-5.0159,0.1030,7.8673,3.0298,1.7785,-0.5513,-11.0014,-6.4356,-2.1380,0.9581,2.1060,3.8540
-6.2704,1.5826,7.2688,2.8697,2.0861,0.4389,-7.3191,-2.8228,-2.2410,0.4562,0.8244,4.3656
-6.7349,1.9848,4.8842,2.8070,2.3682,1.4601,-8.7915,-1.1923,-3.9025,-0.3393,1.2536,3.9550
-5.2218,2.3104,1.1061,1.2353,1.9328,1.9176,-4.4604,2.5809,-3.5985,-1.6284,0.3537,3.8381
-4.2018,2.2242,0.6800,-0.6888,1.7039,2.0654,-1.9585,4.6232,-3.9409,-2.7123,-0.1407,2.0191
-2.7414,1.5490,1.9034,-2.5101,0.9065,1.8183,-0.0551,4.0917,-6.1172,-4.3657,0.2779,-2.9725
0.5507,-0.3735,1.5490,-4.3657,-1.2068,0.9362,-0.2586,-0.9984,4.5514,-4.1997,-1.6495,-4.3657
1.0798,-1.4317,8.9304,-4.3657,-2.5815,0.2230,-1.2115,-5.2840,7.4316,-2.7296,-1.5892,-4.3657
4.2569,-1.4389,14.5280,-3.2378,-2.0066,-0.9034,-7.3143,-11.8705,12.4498,-0.4795,0.8896,-4.3657
0.9744,-1.6041,15.8879,-0.4214,-1.2705,-2.6071,-11.5927,-13.9223,12.0524,2.5443,1.5350,-3.8798
-1.3767,-2.2458,11.2982,1.5728,-0.8366,-2.9713,-9.7564,-12.1649,6.2201,3.9548,0.8704,-1.6458
-2.4229,-2.3080,8.8825,1.6289,-0.5632,-2.9031,-9.8210,-11.3581,2.0853,3.4051,1.8185,1.0367
-4.6639,-0.8835,10.0916,2.0050,0.3804,-2.1025,-10.3765,-10.3477,0.5171,2.4729,2.0215,2.3665
-6.3494,0.4693,9.5600,2.4601,1.2518,-1.0236,-9.8713,-7.7788,-1.2091,1.6422,1.1602,3.7631
-5.8969,1.0008,7.2808,2.6817,2.0105,0.2482,-9.3877,-4.8722,-1.5538,0.5891,1.3911,3.8744
-6.4236,1.9992,5.9687,2.4181,2.4257,1.2632,-11.0205,-2.9281,-4.5897,-0.9101,1.9253,4.3656
-5.8873,2.5546,3.1675,1.7488,1.9696,2.0817,-5.1571,1.4222,-3.8331,-1.6844,-1.0922,4.3639
-5.6862,2.9449,1.6712,0.1958,1.4922,2.5133,-6.2249,2.6049,-3.2178,-2.1316,-0.3882,3.4434
-3.9121,2.4756,1.3384,-1.4449,1.4635,2.6009,-2.3846,3.9145,-2.8874,-3.8781,0.0256,1.6184
-1.6113,1.0487,2.7964,-3.5081,0.0108,2.3354,-0.1628,1.8483,-2.1332,-4.3657,-0.9765,-1.5901
1.9393,-0.5052,4.8100,-4.3657,-1.7716,1.6378,-0.0479,-3.6871,10.4651,-4.3657,-2.0248,-4.3657
5.5138,-0.4453,11.4084,-4.1294,-1.0496,0.1179,-4.6974,-6.7373,12.2200,-1.6637,1.0377,-4.3657
1.7095,-0.3879,14.7435,-1.3640,0.5136,-2.0455,-8.0373,-9.0860,11.1618,0.8619,4.0452,-4.3657
-1.5826,-0.5052,13.1418,0.3202,-1.2986,-2.3106,-11.1211,-10.6111,7.5992,3.0501,0.9800,-3.7886
-0.5267,-1.2019,10.2687,0.7377,-1.4702,-3.0431,-8.4994,-9.2105,4.9488,3.8096,0.1635,-1.8642
-3.2394,-0.4669,10.5393,1.1880,-0.6103,-3.3127,-10.4794,-9.9862,3.3208,3.2660,2.5462,-1.0639
-4.6424,0.5866,9.8809,1.7849,-0.4177,-2.4981,-14.5400,-11.3509,3.0454,3.0112,2.3124,1.7552
-5.9304,1.7214,9.8138,2.5054,0.6396,-1.4496,-10.7141,-7.8602,-0.4142,2.8062,0.6664,4.3656
-6.5481,2.4157,7.3670,3.1287,1.4552,-0.2963,-10.8816,-4.3239,-5.2241,1.4144,1.2398,4.1788
-6.6152,2.7916,4.0223,2.4936,1.4855,1.2183,-7.2640,0.1508,-5.9664,-0.3948,0.7829,4.3656
-5.8083,3.3734,0.8930,1.3868,2.0348,2.3258,-6.4212,1.9393,-6.1316,-2.5911,-0.7893,4.3656
-4.8914,2.8012,0.4980,-0.8080,2.2886,2.9083,-2.2936,3.4836,-2.1668,-4.2290,-0.0863,2.9456
-2.0446,1.2713,1.9585,-3.1000,1.5370,2.6926,-2.1117,2.4588,-0.4118,-4.3657,0.7135,-0.1583
0.1341,-0.2658,4.3383,-4.3657,0.5023,1.5757,0.9864,-0.1413,2.1931,-4.3657,-0.2778,-3.9119
1.4389,-1.1349,7.9392,-4.3657,-0.7673,0.3345,-3.6751,-5.6407,9.4284,-3.3400,0.0211,-4.3657
0.5842,-0.4669,16.2806,-3.2278,-0.4004,-0.8787,-9.0692,-10.4818,11.9159,-0.6929,2.2751,-4.3657
0.7326,-0.9601,14.2024,-0.2463,-0.5777,-1.8576,-13.6709,-12.1578,10.2280,2.1146,2.3650,-3.4490
-0.5052,-2.1572,11.6598,1.0970,-1.2706,-3.0386,-6.6966,-9.1770,7.0844,4.3656,-0.8583,-1.2593
-3.2801,-1.8340,10.2592,1.7441,-0.7500,-3.4819,-10.2185,-10.4842,2.7988,3.9980,2.8913,-1.6009
-5.3989,-0.1772,10.4603,2.3224,-0.4365,-2.7515,-13.8385,-10.6087,1.5850,3.4695,2.4794,1.1763
-6.1028,0.9098,8.7891,3.0495,0.2942,-1.4265,-9.6414,-6.5457,-2.4541,3.1886,-0.1267,2.9700
-6.8115,1.9010,6.2058,2.8922,1.4096,-0.1199,-10.9583,-4.6160,-3.0406,1.2492,1.7938,3.7443
-5.8490,2.3894,4.7860,2.2948,1.9681,1.1347,-10.8050,-2.6959,-4.4053,-0.8977,2.1330,4.3411
-6.3135,2.8323,3.7278,1.2977,1.9738,1.8981,-5.5019,1.1013,-3.9528,-2.3378,-0.6869,4.0125
-5.6048,2.1213,0.8739,-0.2810,1.8034,2.4585,-3.9217,2.7078,-3.1340,-2.8623,-0.1569,2.9122
-3.9049,1.8004,0.7973,-2.2772,1.4718,2.3659,-1.5586,3.5889,-2.9688,-4.1370,0.1993,0.5530
-2.1691,0.2059,2.7605,-3.9796,1.2008,2.3065,-0.3472,1.8244,-1.8004,-4.3657,0.2898,-3.1307
2.2458,-1.7813,4.2880,-4.3657,-1.1903,1.1726,-0.5578,-3.7804,7.0270,-3.1419,-0.4547,-4.3657
2.4708,-0.6273,15.5192,-4.3657,-1.3197,-0.4663,-7.2377,-8.7843,10.1083,-1.5901,1.1258,-4.3657
1.2929,0.1030,16.2040,-1.2697,-0.5120,-1.9437,-12.8257,-11.8992,12.6294,1.6618,1.3193,-4.3657
-0.6201,-0.8475,13.0101,0.3075,-1.8997,-2.8237,-11.6286,-10.5943,8.3318,3.3517,-0.2278,-1.2542
-1.3815,-1.3910,10.2232,1.5958,-0.6980,-3.0715,-8.4683,-9.1315,4.2449,3.9274,1.6856,-0.6943
-3.7637,-0.8332,8.7340,1.6574,-0.4217,-2.7432,-9.8402,-8.3270,0.1508,3.1614,2.6576,0.0686
-4.4748,0.4717,8.8777,1.8627,-0.1631,-2.1416,-13.5009,-8.4515,-0.0551,2.2873,1.3527,1.6434
-5.3870,1.4916,7.8003,2.1779,0.6281,-1.2400,-15.0643,-7.7955,-2.8108,0.8124,1.1453,4.3656
-6.8809,2.1476,6.7900,2.0430,1.3154,-0.3277,-9.1123,-3.5434,-5.4588,-0.8419,-0.2803,4.3656
-6.9839,1.8699,4.3958,1.6642,1.5847,0.9252,-2.3104,1.8507,-1.0702,-1.5840,-1.1449,3.8538
-5.7126,1.8435,1.8052,0.0663,1.6956,2.0165,-4.4053,2.4421,-1.8172,-1.7197,1.4869,2.1325
-3.3782,0.8667,2.1572,-1.6381,1.7844,2.3333,-2.8778,3.1340,-3.7876,-3.4368,1.9245,-0.3491
-2.0925,0.0814,4.1420,-3.0515,0.5704,1.8563,-0.6273,1.7142,-2.0710,-3.5793,-0.4486,-2.6131
1.5347,-1.1612,5.2529,-4.0723,-1.5695,1.7576,1.5897,-2.6959,3.5841,-3.2378,-2.4519,-4.3657
1.1325,-1.2737,8.0613,-4.3657,-2.1927,-0.3355,-4.8890,-9.3087,9.4858,-1.6895,-0.3115,-4.3657
1.6496,-1.2019,15.8376,-2.0193,-0.5136,-1.2175,-12.4187,-14.6765,11.8585,0.2706,2.5800,-4.3657
-0.7829,-1.8172,12.3541,0.3916,-0.5789,-2.1114,-13.5775,-13.5129,6.9001,2.2234,1.3041,-1.0316
-2.8587,-2.2913,10.4244,1.1911,0.0945,-2.0021,-6.5769,-9.8450,3.2034,2.7649,0.1295,1.4734
-3.9720,-1.4892,9.8689,1.8226,0.8395,-1.4983,-8.2001,-8.7101,0.2442,1.7584,2.8967,1.1064
-4.8530,-0.2969,8.7293,2.1524,1.3191,-0.7266,-10.8697,-8.6191,0.0838,1.0063,2.1591,3.7243
-4.7621,-0.0718,7.4340,2.1000,1.8177,-0.1107,-11.5520,-7.0749,-1.4868,0.2666,0.5502,4.3656
-5.7197,1.0439,8.4659,2.1270,1.4344,0.2669,-11.2791,-5.0206,-4.3120,-0.7127,1.4313,4.3656
-6.5793,1.6089,6.4404,2.4706,1.1386,0.9114,-4.7285,0.5195,-1.4916,-0.6861,-2.0933,4.3656
-5.0901,1.9010,2.9904,1.7818,0.7033,1.6931,-5.4947,1.8435,-0.7422,-0.2935,-1.1683,3.0402
-3.9073,2.4517,2.4205,0.3671,1.2684,1.6204,-4.6376,4.0917,-3.3902,-1.3783,1.2005,2.0773
-2.9664,2.3008,1.9704,-1.1495,0.4439,1.4037,-0.2921,4.9297,-2.8132,-2.7005,-1.0701,-0.7075
-0.8164,1.2426,1.6975,-2.9027,-1.2323,0.9970,2.4924,3.0191,-0.1197,-2.9653,-2.4429,-4.3657
1.4222,-0.2993,2.2889,-4.3657,-1.9558,0.4902,-1.4629,-2.9640,6.5601,-2.7348,-0.7488,-4.3657
1.7214,-0.6632,11.8393,-4.3657,-1.2917,-0.3596,-6.2321,-7.7093,7.8219,-1.9113,1.7472,-4.3657
-0.3112,-0.3519,16.1034,-2.5215,-0.0981,-1.5452,-10.6805,-11.9183,10.6949,0.0426,1.8055,-4.3657
-1.5395,-1.3886,14.1761,0.1266,-0.5436,-1.6447,-14.1952,-13.6230,7.2951,2.1653,1.4923,-2.8040
-2.5881,-2.0853,11.2168,1.1222,-0.3083,-1.9476,-9.3781,-10.5656,3.1029,2.5504,0.1624,1.1485
-4.8147,-1.6472,9.8976,1.9564,0.6840,-1.6049,-9.0046,-9.2847,1.0774,1.9941,1.9752,1.2873
-5.2074,-0.2466,9.2249,2.2186,0.6392,-0.7870,-12.5815,-9.2632,0.1844,1.3856,2.2398,3.9074
-6.0142,0.9218,7.8650,2.6742,1.2798,-0.0634,-10.0868,-5.7461,-2.8706,0.9128,-0.1899,4.3656
-6.7445,2.1620,5.8993,2.2352,1.4759,0.7501,-7.8290,-2.0207,-4.3886,-0.1347,-0.0735,4.3656
-6.8450,2.2936,3.5003,1.8229,1.3306,1.7588,-3.4596,2.5498,-2.4852,-1.1012,-0.6892,3.5920
-3.4812,1.9848,0.6369,0.2205,1.0408,2.3447,-3.1149,3.6248,-2.1715,-1.8892,-0.3027,2.2220
-1.3671,1.5514,1.3312,-1.7818,1.4185,1.6052,1.0487,4.5490,-2.3703,-2.8372,0.5257,-1.0639
-0.2251,0.4094,4.3000,-3.2023,-0.0277,0.8064,-0.9720,0.5746,0.7757,-3.2683,0.3537,-4.3657
2.2098,-0.8930,6.7684,-4.1667,-2.3695,-0.6347,-1.8866,-3.8762,7.1204,-1.5316,-1.3484,-4.3657
0.6105,-0.6153,10.7691,-3.9869,-3.3169,-1.4232,-4.1875,-8.3342,10.6662,0.3523,-2.3249,-4.3657
0.7302,-0.3831,17.1090,-1.3795,-1.0002,-1.8399,-11.3174,-14.0181,10.4746,0.9851,2.4419,-4.3657
-0.5818,-1.7334,11.2073,0.7699,-0.4612,-2.1522,-14.6094,-13.6709,7.0150,2.3204,2.5714,-1.4033
-2.7557,-1.9944,10.2639,1.0297,0.2402,-1.9405,-8.2480,-10.5728,3.3279,2.3995,-0.4266,1.9906
-2.5043,-1.3934,10.6111,1.7564,0.9044,-1.3698,-7.5178,-8.7580,2.4588,1.6256,2.4922,2.1763
-2.7509,-0.6632,9.4284,2.1610,1.1763,-0.9341,-11.1115,-8.9040,2.9592,1.1009,2.7431,3.6988
-3.8355,-0.1556,8.7340,2.7532,1.9188,-0.8497,-7.7093,-5.4300,-0.0455,1.5339,0.4470,4.3656
-4.8890,0.8452,6.8163,2.7042,1.5388,-0.4183,-10.3142,-3.6009,-3.4357,0.8324,1.6768,4.2060
-6.2465,1.7813,6.4859,2.5768,1.4885,0.3958,-6.6056,0.5842,-5.1667,-0.7981,0.0396,4.2250
-5.5569,1.6807,1.9561,1.9577,0.9278,1.3399,-4.7740,2.1572,-0.8930,-0.9045,-1.6343,2.8571
-4.3503,2.5426,-0.0335,0.0722,0.4285,1.1435,-5.9687,2.5379,-2.7869,-1.5683,0.5890,2.4640
-5.1188,2.5498,3.2513,-1.3099,1.0170,0.9755,-2.0638,4.2114,-2.0901,-2.0836,-0.0017,0.2297
-2.5211,1.8387,4.1084,-2.2324,-0.2797,0.9296,-4.2234,2.0399,-1.0199,-2.7554,-0.1142,-1.8540
0.2466,0.6249,3.8068,-3.3349,-2.1791,0.3044,-0.0958,0.5746,2.6001,-2.5973,-2.5115,-3.6937
0.6656,0.8763,9.4547,-3.7955,-2.8671,-0.1547,-1.5347,-4.4412,9.9790,-1.4714,-1.7200,-4.3657
1.8052,0.9218,13.7116,-1.6086,-1.1594,-0.7298,-8.9615,-9.8928,11.3102,0.3084,2.3278,-4.3657
0.6129,-0.1101,11.6071,-0.2741,-0.7759,-1.3650,-13.3501,-11.0468,7.5130,1.6557,2.5655,-4.0648
-1.8914,-0.4094,11.2384,0.6001,0.0043,-1.4771,-12.1099,-10.4076,4.2856,1.5576,0.7430,-0.9815
-2.4134,-0.2107,10.5489,1.1433,0.3652,-1.2696,-11.2264,-9.6774,4.6280,1.2724,1.6481,1.7268
-3.2274,0.1987,9.8258,1.7026,1.0143,-1.1310,-9.8474,-7.4986,1.9561,1.1323,1.4875,3.2389
-4.8746,1.2737,9.1698,2.1313,1.4115,-0.7894,-12.1745,-7.1515,0.0479,0.6133,1.4353,4.3656
-6.1866,1.7669,7.9535,2.6947,1.5443,0.0088,-9.7803,-3.9983,-1.5921,0.0879,0.3223,4.3656
-4.8147,1.2091,4.9321,2.5037,0.8988,0.9264,-1.4269,3.3327,-1.5945,0.8356,-2.2132,2.8141
-4.5107,2.7653,1.1708,1.2024,0.6710,0.2864,-4.6304,3.5267,-2.4636,0.3240,1.4806,0.8941
-4.0175,3.2920,2.3655,-0.1755,0.0160,0.7012,-5.2313,4.1683,-5.5737,-0.5444,0.1986,-0.7999
-4.0869,3.0574,1.8340,-1.7471,-1.5020,1.1197,-4.4460,2.6959,-3.9049,-2.0949,-3.5777,-1.3038
-2.3822,1.8603,1.0008,-3.5960,-1.8526,1.3523,-1.7262,0.9074,-1.5060,-3.4956,-2.9772,-2.4555
0.2705,0.8643,5.1858,-4.3657,-2.0460,1.4518,-1.3815,-3.5362,6.4524,-4.3316,-1.4027,-3.8336
2.2362,0.5267,14.3915,-3.5793,-0.7131,1.4882,-7.8482,-9.7229,13.1681,-2.5249,0.6450,-4.3657
4.1300,-0.8188,12.8976,-0.4451,0.4535,-0.2689,-12.1721,-10.8290,13.5560,0.4939,2.3662,-2.3983
0.4405,-1.1588,10.5536,0.5903,0.9208,-1.5740,-4.0677,-7.4915,9.5648,2.3329,0.5541,-0.4576
-0.8308,-1.0367,11.5664,1.5078,0.8176,-1.5148,-10.5225,-10.6566,3.0167,2.6416,4.3656,-0.3487
-2.9760,-0.4094,9.8761,2.2767,1.0132,-1.7535,-10.5776,-7.8554,0.0000,2.2055,2.4260,2.1168
-5.3319,0.8308,7.2496,2.3518,1.2870,-1.1702,-10.9367,-6.4835,-1.7502,1.6902,0.3725,3.0679
-6.0597,1.8100,6.3231,1.8338,1.3093,-0.3320,-10.0389,-3.9025,-4.7453,0.2852,2.1154,4.3106
-7.0030,2.9544,5.2313,1.4871,1.6497,0.5349,-9.6606,-1.5275,-7.1706,-1.7898,-0.2916,4.3656
-6.4189,2.4349,2.8443,0.3600,1.3793,1.5552,-4.3455,1.3336,-2.6456,-3.0129,-2.4247,4.0933
-3.0430,0.7254,2.7916,-2.8045,0.2763,2.3069,-2.3104,2.0638,-3.4429,-3.9274,0.2204,-0.8624
2.8611,-1.1971,6.2417,-4.3657,-3.0779,0.5065,-0.6680,-5.6168,10.0748,-3.4037,-2.2852,-4.3657
1.7789,-0.3998,17.5567,-2.9415,-0.9543,-0.2774,-5.7988,-11.5113,14.1042,-0.7441,2.3415,-4.3657
2.2913,-1.2163,12.9311,0.3223,-0.6916,-1.6750,-13.0819,-13.7355,10.6614,2.0668,3.8457,-4.3657
-0.0934,-1.8962,11.7029,1.0040,-0.0941,-2.1374,-8.9998,-10.7811,4.3527,2.8382,0.4674,-0.1382
-2.4134,-1.4198,9.8162,1.7754,0.4899,-2.1685,-14.4849,-13.4387,3.2250,1.6952,2.9795,1.9052
-3.9840,-0.2562,10.8936,1.9951,0.5256,-1.5779,-8.8346,-8.7556,2.7653,1.6036,0.6508,4.3656
-3.9840,0.4477,9.4810,2.9619,1.5957,-0.8713,-8.0134,-5.6623,0.4812,1.8018,0.2900,4.3656
-6.2776,1.5299,7.2640,2.8741,2.0054,-0.1707,-8.7915,-2.4708,-1.3838,1.1470,2.1605,2.9416
-6.1363,2.6001,6.5386,2.6538,2.3602,0.5805,-8.5305,-0.6847,-2.2266,0.3280,1.8238,3.7574
-7.0390,2.9904,2.8754,2.0675,2.1024,1.8025,-5.9687,2.1644,-3.5793,-0.5224,-0.6198,3.2508
-4.0462,3.3615,0.6225,0.4830,1.8317,2.0659,-5.8826,3.1101,-3.6176,-1.8511,0.4442,2.8369
-3.6536,3.1532,2.1428,-1.0906,1.5773,1.6190,-3.8978,4.2617,-3.4692,-2.6529,0.2739,1.2381
-3.1532,2.7629,3.1795,-2.6454,-0.1688,1.4009,-3.1963,3.0550,-3.1939,-3.6488,-1.3029,-0.7565
-0.5650,0.9409,1.4341,-4.0330,-2.1589,0.9978,1.1923,0.6776,1.6855,-3.9163,-3.3019,-3.3496
2.1404,-0.6225,6.1316,-4.3657,-3.2045,0.4844,-0.9984,-4.5801,10.6901,-3.0337,-2.3842,-4.3657
3.5075,-0.6273,14.4634,-3.6436,-0.5913,-0.6672,-5.7772,-8.4683,11.9926,-1.2605,3.3123,-4.3657
0.6273,-0.5148,14.2144,-1.4289,-0.6940,-2.3794,-8.8083,-10.0413,10.2304,1.8390,2.1815,-4.3657
0.3376,-1.3623,12.0404,-0.1683,-1.4124,-2.7988,-9.6893,-11.0373,8.3438,3.3016,0.5633,-3.4763
-0.8284,-2.1596,10.8601,0.8100,-0.5552,-3.2646,-8.9543,-10.2304,3.5267,3.0065,2.3904,-1.7325
-4.1156,-1.2737,9.6774,1.5211,-0.1695,-2.9274,-11.4802,-10.9487,2.5498,2.8178,2.3212,0.0750
-4.4628,-0.3663,9.6079,1.6814,0.0817,-1.9481,-11.3485,-9.2943,2.2936,2.2779,1.1222,2.5231
-5.1140,0.5243,8.6957,2.3976,1.3836,-1.2589,-8.2337,-6.0885,-0.7877,1.9553,1.3955,3.1042
-5.3247,1.4581,6.6702,2.4801,1.8247,-0.1788,-11.6813,-5.7197,-2.5522,0.6864,2.3739,4.3656
-5.5378,1.7597,5.5641,2.1767,2.1982,0.7289,-7.2903,-1.3120,-3.9337,-0.6919,0.0598,4.3656
-6.1770,2.2122,4.1755,1.2280,2.2351,1.5920,-6.2920,0.4980,-3.0574,-1.8680,0.5448,4.3656
-4.7501,2.1069,4.6878,0.4831,1.7123,2.3419,-4.9775,1.9968,-0.6393,-2.5704,0.3038,3.0585
-3.7302,2.5067,2.0638,-0.6740,0.9461,2.0371,-3.7733,2.9329,-1.1516,-2.6097,-0.9142,2.1051
-2.2194,2.0566,2.8228,-2.0971,0.1220,2.0244,-1.0223,3.8068,-2.4995,-2.9869,-1.4302,-0.5240
-0.2251,0.8811,3.4572,-3.4408,-1.0222,1.4757,1.4102,1.3886,1.0750,-3.6715,-1.3796,-4.0520
3.3399,-0.5315,2.6217,-4.3657,-3.0715,0.5802,-1.1277,-3.5027,7.6902,-3.2329,-2.1961,-4.3657
3.5147,-0.5100,12.9694,-4.3657,-2.6047,-0.0973,-3.1771,-7.2113,11.6574,-2.2763,-0.5868,-4.3657
4.1492,-0.3328,16.3548,-2.1894,-0.3195,-1.4961,-9.1339,-12.0093,15.1266,0.3620,2.8661,-4.3657
0.9457,-1.5562,15.1625,0.2417,-0.4767,-1.8524,-14.6142,-14.1928,11.1282,2.6582,2.2747,-2.8974
-0.4597,-2.3631,11.4275,1.3819,0.0273,-2.5063,-9.4475,-10.9654,6.3446,3.3630,0.7318,0.8266
-2.6983,-1.0870,11.6598,2.4896,1.2444,-2.1008,-13.9319,-11.4850,2.9066,2.5241,3.3713,2.7427
-4.2808,0.4501,9.1051,3.2739,1.3568,-1.7175,-16.5296,-11.6669,1.6257,1.2768,2.5099,4.3656
-7.6303,1.2498,8.4922,3.4967,2.5107,-0.1840,-2.9856,-1.6161,-4.1324,1.6158,-2.5516,4.3656
-6.4572,1.6903,4.5993,3.2458,3.2103,1.5159,-4.4053,1.3144,-2.9999,0.6006,2.3587,4.3656
-4.9919,1.9441,1.3479,1.7850,3.5157,2.3517,-4.1827,4.2832,-3.6392,-1.1263,3.6015,3.5725
-4.5250,2.6001,1.6185,-0.2798,2.9954,2.3064,-2.4277,5.9951,-3.8331,-2.6661,0.9336,1.8596
-3.1819,2.4828,1.1157,-2.0115,1.5795,1.7391,-2.1021,4.9895,-2.1069,-3.0706,0.9819,-0.6880
-2.8850,1.8364,3.0742,-3.4839,0.4130,1.2216,-1.9489,3.2178,-2.1931,-3.5101,0.9538,-3.2651
-0.4597,0.7374,4.1731,-4.1450,-1.0372,0.3736,-2.2482,-1.1301,3.1508,-2.8412,-0.8755,-4.3657
0.9673,-0.4429,8.0756,-4.3657,-2.3113,-0.5588,-1.3910,-4.2425,7.6136,-1.1283,-1.3103,-4.3657
1.0774,-0.5602,11.1115,-3.2981,-1.7884,-2.0677,-6.9743,-9.3853,7.4460,0.1483,1.4044,-4.3657
-0.9074,-1.2210,13.3070,-2.0280,-1.1438,-2.4296,-9.0429,-11.8106,9.5457,1.6567,0.7020,-4.3657
-2.1093,-2.0087,13.8840,0.2002,-0.7506,-2.6393,-13.0556,-14.5591,6.2632,2.3689,2.4268,-3.9602
-3.0861,-2.5546,11.1905,1.1919,-0.7036,-2.4519,-11.8992,-13.9414,3.9169,2.4557,1.3428,0.7485
-4.4532,-2.5379,11.0373,2.1520,0.6089,-1.7805,-8.2791,-11.3701,2.0039,2.3543,1.2309,1.6706
-4.5346,-1.6065,10.1083,2.6657,0.6819,-1.1066,-9.6367,-10.1945,0.9744,1.8253,2.6989,2.5379
-5.2481,-0.1245,9.4858,3.2494,1.3307,-0.6868,-11.5927,-9.5792,0.2107,1.3263,1.6029,4.3656
-5.6671,0.7446,7.0964,3.7234,1.8937,0.1120,-7.6184,-4.5897,-1.9800,1.3170,-0.1364,4.3656
-5.3199,1.7813,4.3167,2.9363,1.4930,0.9471,-6.2800,-0.9050,-3.4405,0.4467,1.1004,4.3656
-5.2960,3.1556,1.7190,2.1118,1.9774,1.4228,-7.2472,1.1492,-3.5650,-0.9926,1.0661,3.9852
-4.7692,3.4907,1.9178,0.6001,1.6149,2.0816,-4.1779,3.6919,-2.1668,-1.7365,-0.3512,2.6536
-4.4149,3.8427,0.9505,-0.7878,1.6629,1.9381,-4.2976,4.5179,-3.6966,-2.5219,0.9834,1.6807
-2.0614,2.6073,0.1820,-2.6517,0.1875,1.6990,-1.8962,4.4987,-2.5522,-3.6104,-0.8723,-0.4883
-0.1748,1.1205,1.3671,-4.3657,-1.0140,1.0080,2.0638,2.6528,0.4238,-4.0919,-2.3982,-2.9282
1.9249,-0.0431,6.6152,-4.3657,-1.2025,0.3416,-0.3496,-2.6264,4.7190,-3.5762,-0.2140,-4.3657
1.1109,0.0982,10.7931,-4.3657,-1.7941,-1.0774,-4.1827,-7.5441,11.2336,-1.6434,0.2972,-4.3657
3.3471,-0.4597,13.9917,-2.6955,-2.1585,-1.3816,-9.2129,-10.7931,12.2224,0.8224,-0.5004,-4.3657
0.4405,-1.5778,13.7786,-0.8727,-0.9230,-2.8430,-10.8840,-12.1266,9.8857,1.9538,1.2843,-3.4178
-1.7526,-2.3032,14.0252,0.5550,-0.9121,-2.9789,-10.5704,-12.1913,5.9161,2.8234,1.4623,-1.6776
-3.1987,-2.0423,12.5313,1.3740,-1.0948,-2.5498,-11.6861,-11.9327,4.1611,2.7242,0.4695,0.2186
-3.6727,-1.1157,11.7148,2.3318,0.4944,-1.7638,-12.8449,-11.3461,3.7900,2.1865,1.8687,2.4945
-4.2186,-0.2993,10.3430,2.8281,1.3600,-1.1024,-12.3110,-9.2751,1.5897,1.4757,1.7718,4.3476
-5.2457,0.4717,8.7077,3.1284,2.1845,-0.4583,-7.8697,-5.0685,1.0942,1.1094,0.7806,4.3656
-6.0956,1.7166,5.5857,2.6394,2.7944,0.3635,-5.1906,-0.6704,-1.3719,0.9262,1.7713,4.3656
-5.9520,2.6097,4.5538,1.7680,2.8156,1.4863,-7.2281,0.9625,-1.7406,-0.2705,2.4997,3.8884
-4.0270,2.9904,4.0989,1.1193,2.9938,1.6257,-3.8978,4.1061,-1.9944,-0.9637,1.9281,2.8262
-3.6057,3.3088,2.5666,0.2498,2.0528,1.4678,-4.1539,4.3910,-2.1572,-1.2974,1.2798,1.6088
-3.4309,3.1939,2.5714,-0.6150,0.3675,1.6844,-1.7526,5.6455,-4.2689,-1.4738,0.0306,-3.0898
0.4070,2.8946,0.3711,-2.0468,-1.5350,0.9386,-1.8986,4.0438,0.6105,-0.8844,-1.5849,-2.5599
0.1652,1.9489,1.1372,-2.8550,-2.1165,-0.4604,1.6424,3.2465,0.2274,-0.8573,-3.1570,-4.3657
-1.0199,1.5155,3.0143,-4.0648,-2.2244,-1.0524,-1.2546,-2.0087,2.4972,-1.1342,-1.1210,-4.3657
-0.5411,0.4094,8.1762,-3.9595,-2.3030,-1.0977,-6.5505,-7.6686,6.6726,-0.4233,0.1368,-4.3657
-1.7214,0.2801,13.3764,-2.7491,-1.3980,-1.4429,-11.2623,-12.2056,5.0853,0.3954,-0.0546,-4.3657
-1.6975,-0.9433,14.8943,-1.4182,-1.9036,-1.0793,-10.8673,-13.0819,7.2927,0.6932,-1.0419,-2.8452
-0.2035,-1.9130,14.4155,-0.2141,-0.9088,-0.6440,-12.6294,-14.6166,9.4403,1.0098,0.2016,1.0945
-1.4485,-2.0734,14.2886,1.3359,0.8454,-1.1115,-12.7036,-13.8600,7.2951,1.0625,2.0555,2.7492
0.3855,-0.7374,11.1809,1.7255,0.3413,-1.8233,-14.4322,-14.8919,5.0589,0.6494,1.8230,4.3656
-5.0039,-0.3400,11.8082,2.5534,2.1520,-1.5993,-1.4844,-2.9712,-1.3024,0.7741,-2.9552,4.3656
-5.8969,1.0965,6.9097,2.3911,2.0851,0.1248,-4.9943,-0.2682,0.7063,1.0865,1.5969,4.1210
-4.2210,1.3647,4.4484,1.6378,2.0708,1.1726,-6.9599,1.6975,-1.6664,-0.2450,3.5326,2.5547
-4.6639,1.5802,2.4852,0.4878,2.3539,1.4412,-4.2090,3.6009,-2.8467,-1.0496,-0.3300,1.8980
-3.0550,1.3408,2.0925,-0.8789,1.2688,1.6748,-3.2968,3.3854,-2.1428,-1.9267,0.6540,0.2530
-2.3918,1.4365,2.6528,-1.7151,0.9562,1.1598,-6.0621,1.0511,-0.6847,-2.1729,2.2539,-0.1019
-1.4150,0.7422,4.8770,-1.8904,-0.4734,1.1133,-1.4126,1.9369,-0.6464,-1.5748,-1.2441,-1.9071
1.3192,-0.9242,5.9017,-2.0002,-2.1478,0.4517,2.7797,0.6345,2.1093,-0.5592,-2.6570,-4.3657
1.2665,-0.4357,5.2265,-2.6368,-3.6314,-0.7293,-5.1284,-6.0525,6.7971,0.2914,-0.7330,-4.3657
-1.5850,1.5945,13.7068,-0.1976,-0.8681,-0.9635,-13.7379,-7.8578,8.7221,0.9629,-1.0595,0.1636
-1.8028,0.3519,10.7452,0.4576,0.6987,-0.3211,-11.3174,-6.2153,5.9831,0.8880,1.7638,1.1053
-1.6879,0.3304,13.3285,0.7392,1.6196,-0.2874,-12.5791,-5.0829,3.2082,0.0384,2.7680,1.2953
-3.4596,1.2809,12.7228,1.3029,1.3034,-0.1211,-12.2559,-4.4053,5.8490,0.5754,0.3407,3.0862
-2.4086,1.3910,10.4698,1.8262,1.2689,-0.2470,-8.9328,-2.0135,3.0287,1.3611,-0.3074,3.0040
-3.6966,1.8316,8.0373,2.1942,1.5264,-0.1724,-9.2967,-1.1277,0.2394,1.0336,1.6385,2.8998
-4.3215,1.9345,5.5857,2.1358,1.3118,0.3439,-4.7046,2.3679,-1.2689,0.6193,-0.5411,2.3429
-3.5889,1.8459,1.2043,0.8525,1.0191,0.8728,-3.4333,3.4022,-1.6999,-0.0887,-0.1973,1.1357
-3.7014,1.5155,1.2402,-0.7024,0.8680,0.8284,-2.6288,3.8259,-4.4604,-1.2637,0.9221,-0.7698
-2.8395,0.7901,1.9968,-2.2505,0.5403,0.7649,-0.9912,2.6887,-5.3510,-2.0735,0.1665,-2.5317
-1.7406,-0.3831,3.3662,-3.4106,-0.5407,0.6458,3.9672,0.0383,-3.7350,-3.0355,-2.7175,-4.3657
-0.0766,-1.6735,2.1213,-4.3657,-1.7577,-0.1507,-6.3470,-9.0884,6.0980,-2.8729,-0.2983,-4.3657
-0.0886,-1.5706,14.7387,-4.3657,-2.0603,-0.2237,-5.5402,-10.6542,8.3055,-1.1090,-0.7474,-4.3657
-0.7302,-1.9920,12.3134,0.5315,-1.0420,-1.4787,-11.7100,-12.6917,7.5585,2.2857,-0.2370,0.5521
-2.9090,-0.8260,11.7890,1.8961,-0.0826,-1.3207,-10.3549,-9.9359,3.4644,2.1370,2.0225,2.1097
-2.8635,0.3950,10.2520,2.5439,0.8645,-0.8989,-10.2807,-8.0134,1.7358,1.6301,1.3490,4.2290
-3.7972,1.0989,7.9104,2.6259,1.9347,-0.2815,-7.5250,-4.2449,-0.5195,0.8246,0.5498,4.3656
-4.2665,1.8938,6.1411,2.1982,1.9171,0.5091,-8.7173,-2.6001,-0.2729,-0.2429,2.1133,3.8638
-3.4836,1.4868,4.0270,1.6442,2.2484,1.2393,-4.2138,0.5770,-1.2570,-0.9056,0.8288,3.7519
-2.7414,1.4413,3.1053,0.5585,1.8812,0.7374,-4.2880,1.2809,0.3328,-1.0190,0.7256,1.8583
-3.8235,1.6161,4.3239,-0.2686,1.3058,0.7297,-6.3159,0.9625,-2.9042,-1.2676,2.4176,1.0134
-4.0390,1.6376,4.3431,-0.6968,0.3158,0.8175,-7.5776,0.5171,-2.7605,-1.5767,-0.0985,1.2184
-3.9576,1.1396,4.2138,-0.9130,-0.5360,1.1449,-4.1420,1.2067,-1.9656,-1.7292,-2.4969,0.3789
-3.9528,1.2617,3.6440,-1.7287,-1.0625,1.4795,-4.3622,0.8619,-2.4157,-1.8111,-1.1752,-0.9830
-1.1851,-0.3448,2.4277,-2.9994,-1.9169,1.6643,-2.8491,-0.4836,-1.8986,-3.2964,-1.8285,-2.3363
0.5195,-0.8547,7.3837,-3.9604,-2.0490,1.1647,-2.7940,-4.9895,8.5808,-3.3151,-3.3092,-3.7018
2.5115,-0.6393,15.2966,-2.7306,0.3841,0.2935,-9.5577,-9.0980,13.1394,-1.6190,2.7729,-4.3657
1.4078,-1.1851,14.4131,-1.1463,-0.4815,-1.4169,-10.3813,-8.8370,9.2392,0.9815,3.0506,-3.4691
-0.1532,-1.4437,12.7707,-0.9188,-1.8968,-1.7954,-5.3295,-6.6607,9.6654,2.7868,-4.2218,-2.7268
0.2059,-1.8148,12.1386,0.2830,-0.9579,-2.5109,-8.6024,-10.5824,3.4069,2.8878,2.7363,-4.3657
-3.1771,-0.3663,10.4124,0.7638,-0.4474,-2.8028,-14.9805,-12.1051,4.4987,2.0354,4.3656,-2.0699
-5.0063,0.7997,9.9240,1.8022,-0.0974,-1.4722,-14.0109,-10.2711,-0.0934,2.5389,-1.0732,2.7370
-5.4636,1.8124,7.1563,2.2692,0.9561,-0.1308,-11.8202,-8.7508,0.1867,0.7108,0.3641,4.3656
-5.0015,1.7071,7.0437,2.6664,2.6247,1.1992,-5.3056,-3.3710,-0.4549,-0.6171,1.5843,4.3656
-3.3447,1.0702,4.8530,2.2252,2.5393,2.0644,-6.5410,-2.7677,-0.6943,-1.2939,1.9489,4.3656
-2.0279,1.0080,3.6176,1.5543,2.2732,2.0691,-3.2417,-0.2346,-1.1396,-2.0743,0.8034,4.3656
-2.2841,1.4078,3.7445,0.5057,1.9366,1.7473,-1.2115,2.9784,-0.1006,-2.0845,0.4479,2.7306
-1.4533,1.1277,3.9600,-1.1099,0.3084,1.4261,-2.3080,2.7773,-0.9601,-2.2561,0.5868,0.3043
0.5243,0.3160,2.8036,-2.6036,-0.8844,0.4800,-0.2586,2.2242,2.4732,-2.0844,-1.5565,-1.8277
0.8811,-2.2434,3.9073,-4.3657,-2.1246,-0.2738,5.6575,-0.3160,1.1205,-2.1446,-3.7955,-4.3657
0.9385,-2.7869,10.6015,-4.3657,-1.6920,-1.4362,-4.3646,-10.9247,6.0908,-2.7274,1.5316,-4.3657
-1.2234,-1.8818,18.1600,-3.5016,-0.2749,-1.6401,-13.8840,-16.3907,9.4691,-0.5608,3.7189,-4.3657
-1.0702,-3.1556,13.4746,-0.1704,-1.1293,-2.0398,-16.9605,-16.1130,9.2775,2.2087,-0.3881,-2.4529
-2.0423,-3.6368,12.3637,1.0769,-0.7464,-2.0383,-6.9647,-11.2575,4.5298,3.1801,-1.4607,0.3008
-1.8866,-2.8539,10.4675,2.3399,0.0769,-2.0482,-9.1626,-10.7164,4.2306,2.8681,3.6467,0.5955
-1.8914,-1.0080,10.7643,3.3313,-0.0969,-1.4071,-12.7372,-10.6949,2.4541,2.9768,1.9542,3.5630
-3.5291,0.3304,8.4108,4.1982,0.6639,-1.1457,-6.8283,-5.4779,-1.6281,2.7266,-0.4258,4.3656
-4.9057,2.0399,4.1061,3.9687,1.7941,-0.3082,-6.1555,-2.5139,-1.6688,1.6395,1.4149,4.0402
-5.0949,3.3662,3.4429,3.2285,2.3153,1.0416,-9.9695,-2.5283,-3.6296,-0.4347,3.3882,4.3656
-5.1284,2.5211,1.4533,1.9241,2.9912,2.3260,-3.3327,1.8387,-5.0973,-2.6087,-0.4166,4.3656
-1.9896,1.7957,0.4621,-0.7552,2.8458,3.1038,-0.2011,3.5386,-0.4262,-4.0382,-0.0005,2.8843
-3.1699,1.4413,3.1292,-3.0109,2.6878,2.1477,2.0638,4.8507,-5.7628,-4.1561,3.8824,-2.4792
0.1365,-1.8603,0.8906,-4.3657,0.1624,2.4956,1.4389,-1.2139,-3.1771,-4.3657,-0.6451,-4.3657
2.0494,-5.1834,5.9209,-4.3657,-3.1710,1.3103,1.6400,-9.4810,8.2504,-4.3657,-4.3657,-4.3657
4.6376,-4.6615,18.0954,-4.3657,-1.7661,0.4298,-4.0223,-15.5144,12.8904,-3.1297,1.0512,-4.3657
3.4692,-3.8642,18.5455,-1.5683,-0.5116,-1.7255,-15.9406,-18.9357,13.8337,0.6157,4.1656,-4.3657
-0.3783,-4.2210,13.5536,0.5208,-1.3680,-2.9616,-11.0301,-15.5384,10.4770,4.3003,-2.1635,-0.1276
-0.1700,-4.3359,10.8840,2.3542,0.1699,-3.6780,-6.0741,-12.2607,4.8794,4.3656,2.7859,0.1663
-3.5602,-2.3511,10.5321,3.3425,0.5444,-3.5428,-11.6502,-12.7419,1.8627,3.9520,4.3656,2.3827
-3.9959,0.0551,8.6670,4.1579,0.3584,-2.2218,-8.9088,-8.7867,-3.9672,3.7342,-0.1312,4.3656
-6.3949,1.6616,5.0111,4.3503,1.9441,-0.7011,-6.7421,-3.3112,-4.3144,1.7328,0.0489,4.3656
-6.1244,2.6121,3.2825,2.9648,2.3270,1.1302,-4.5586,0.6345,-5.0566,-0.5697,2.4732,4.3656
-4.6807,2.0614,1.2641,1.2047,2.3240,2.7202,-2.0710,3.5985,-3.4740,-2.3979,0.2895,3.0053
-1.0247,1.5610,1.6257,-1.5170,2.2725,2.5263,-0.9050,3.7350,-2.0135,-3.7004,0.5620,0.9942
-0.6512,0.5076,3.6703,-3.6039,0.8214,1.5256,-0.2203,1.5826,-1.8794,-4.3231,0.9988,-2.4704
3.2753,-1.9992,4.1827,-4.3657,-2.3932,1.0365,1.1468,-3.5985,4.1037,-3.8900,-3.3492,-4.3657
2.0542,-2.7078,10.8505,-4.3657,-4.0358,0.4670,-2.2362,-9.7636,9.8474,-2.6697,-3.6515,-4.3657
4.5514,-2.9951,16.3309,-3.2242,-0.7794,-0.2162,-9.0836,-13.7379,14.6765,-0.8323,2.0737,-4.3657
0.0120,-2.6552,13.9750,0.2702,0.2257,-1.9809,-9.7923,-12.2894,12.2439,2.5467,2.0296,-2.9986
-0.4094,-2.1715,12.4139,1.1752,-0.9577,-1.5019,-12.9263,-13.5081,4.3910,3.0184,0.9238,-1.5913
0.0239,-1.8459,10.2687,2.6472,1.1283,-2.1609,-11.5808,-12.2511,5.7054,3.1964,4.1921,1.9469
-3.2729,-0.4381,9.9431,3.5477,1.4005,-2.1428,-9.3063,-9.0668,0.3543,2.8488,1.9994,4.1192
-3.6823,1.0056,7.8602,3.9273,1.3723,-1.0970,-11.8776,-7.4843,-1.4102,1.8286,2.2874,4.3656
-5.9161,2.4469,5.0302,3.9219,1.9295,-0.2622,-10.1658,-4.6783,-5.2648,-0.0873,2.1170,4.3656
-7.7093,3.3088,1.6328,2.9266,2.3625,1.5934,-0.6728,3.4596,-6.4428,-1.5936,-1.8846,4.3656
-6.3494,2.6528,-2.3152,0.6547,3.5954,3.2484,-1.3384,4.3886,-5.1571,-3.4741,1.1810,4.1865
-3.0813,1.3719,-0.7590,-2.7764,4.2594,3.0297,-0.5435,3.8595,-4.1827,-4.3657,4.2044,1.3743
-0.1652,-0.9266,4.1635,-4.3657,1.4734,1.4633,1.8411,1.7166,-0.5866,-4.3657,1.8503,-2.6573
1.4293,-2.4828,6.0789,-4.3657,-2.3551,0.4430,2.9209,-4.1492,4.9177,-3.4931,-2.9063,-4.3657
3.5841,-3.0502,14.4706,-4.3657,-4.3657,-0.3848,-4.7932,-12.0476,12.4690,-1.3668,-3.0651,-4.3657
4.1851,-2.5738,14.7914,-3.0189,-2.0121,-2.4074,-10.4244,-14.7507,14.9973,0.8204,1.1127,-4.3657
-0.5459,-1.9345,16.8743,0.1290,-0.6631,-3.1090,-15.5264,-15.3061,11.3198,2.9480,2.1416,-2.8983
-1.8124,-2.0255,13.8840,1.8803,-0.8330,-2.6646,-13.9678,-13.3980,4.5729,3.7126,0.8905,0.6257
-4.2832,-0.6249,11.4084,3.5674,0.5403,-1.6848,-10.4387,-9.8593,2.5809,3.4143,0.9367,3.2162
-3.2322,0.7901,7.6591,3.9931,1.2248,-0.5157,-9.6391,-7.0390,-1.0271,2.3930,1.4675,4.3656
-4.6807,2.1261,7.4579,3.8730,2.8873,0.3118,-7.7692,-3.3950,-1.2641,0.8965,1.5848,4.3656
-6.4643,3.0071,4.1755,3.1205,4.0462,0.8940,-5.3965,0.3280,-3.1747,-1.1109,2.5897,4.3656
-6.4500,3.3184,3.2705,1.4745,3.7142,2.5616,-5.0996,2.8443,-3.2489,-1.9901,1.8531,3.7044
-3.5123,2.8204,1.3264,-0.0292,2.4233,2.9736,-2.6504,4.5753,-3.6607,-2.7062,0.8827,2.1430
-0.0503,2.7318,-0.2059,-2.2171,0.8276,1.7493,1.2186,5.4516,-2.5426,-3.2354,-0.7285,-0.5245
0.5291,0.5770,2.0806,-4.3657,-1.0730,1.2979,3.4524,1.9034,-1.7573,-3.9346,-1.6193,-3.8093
3.1077,-1.4341,3.6583,-4.3657,-3.1932,0.2161,1.7478,-5.7030,6.4356,-3.7892,-3.0073,-4.3657
3.6416,-2.4972,10.2208,-4.3657,-2.1105,-0.3391,-3.6416,-9.9311,9.4427,-2.7166,-0.1259,-4.3657
4.3981,-3.2777,11.9542,-3.9031,-2.3775,-1.7981,-7.5609,-12.3086,12.0596,-0.4852,0.6823,-4.3657
2.1428,-4.1348,19.3140,-2.0595,-1.8038,-2.6095,-11.0852,-16.3021,17.6788,2.7190,0.0655,-3.9644
1.7310,-4.8961,16.5391,2.0968,-0.4687,-4.0550,-12.8904,-16.0938,7.9559,4.3656,3.3437,-1.2243
-3.3998,-3.3423,11.3820,3.3977,-0.5971,-4.0556,-11.8202,-13.3357,2.0518,4.3656,0.6833,1.7621
-4.8770,-0.5004,9.6726,3.3902,-0.5297,-2.3217,-10.7715,-8.7173,-1.1588,3.9147,0.2569,2.6101
-4.3407,1.9417,8.4348,3.5069,1.0363,-0.5462,-11.4132,-5.4851,-1.2426,1.8109,1.7106,3.7407
-4.0630,3.0765,6.0621,3.4700,3.0166,1.0397,-9.7779,-3.0095,-0.9553,-0.1661,1.7420,4.3656
-3.7134,2.9521,4.1276,2.5726,3.4571,2.2160,-2.9305,1.3024,-1.6688,-1.6037,1.0184,4.3656
-2.8491,2.7940,-0.2610,0.6454,3.2822,3.2792,-1.1109,3.2537,-0.7446,-2.6240,1.3408,2.4812
-0.1508,1.3288,0.9337,-2.5029,2.3683,3.8401,-0.7638,3.6847,-2.8587,-4.0381,2.1837,0.1988
1.9824,-0.5243,3.0335,-4.3657,1.2023,1.6363,2.9185,2.2817,-0.4501,-4.3657,-0.1216,-2.3245
2.4565,-1.6161,8.2169,-4.3657,0.3801,0.4102,0.1508,-5.9256,5.9065,-3.9627,-1.0038,-4.3657
3.0406,-1.9225,14.0540,-4.1803,-0.5413,-0.4780,-3.7709,-10.6853,15.8017,-1.6574,1.2207,-4.3657
3.2106,-2.1955,13.5967,-1.8166,-1.0913,-1.6622,-9.9599,-13.2184,10.0892,1.9596,1.7666,-4.3657
1.5251,-2.7078,14.0803,-0.5636,-1.7796,-3.0545,-11.0373,-13.3142,8.8705,2.9749,0.5189,-2.3798
-0.3065,-2.8539,13.6972,1.4658,-1.2268,-3.7623,-10.6494,-13.2543,6.9839,3.7718,1.6495,-0.4020
-2.1476,-1.2282,10.9032,2.2772,-0.9304,-3.8705,-13.1035,-13.1992,3.8379,3.7668,2.1570,3.3271
-3.9217,0.3519,10.7548,3.2830,0.3076,-2.7624,-8.7987,-7.8793,-1.4269,3.0414,-0.0851,4.3656
-5.2074,1.6257,6.1028,3.4078,1.1798,-1.2445,-8.2911,-4.4628,-2.1069,1.3539,1.1981,4.3656
-4.9488,2.6576,4.3670,2.3451,1.8610,0.3098,-7.7620,-1.5658,-2.6600,-0.6959,1.4341,4.3656
-6.0334,3.4046,3.7613,1.4342,2.7074,1.1955,-4.2952,1.6544,-1.7119,-1.6156,0.9359,3.9987
-3.1005,2.2194,1.2785,-0.2264,2.0054,2.1586,-2.6815,3.2154,-2.2194,-2.3390,1.0023,2.3442
-1.8364,1.8435,2.0949,-2.0815,1.4753,1.9754,-0.6632,3.9097,-2.1715,-3.0822,0.6845,-0.2778
-0.6560,0.9337,4.5107,-3.4677,0.2017,1.6343,4.2641,3.6871,-3.0287,-3.4033,0.0877,-4.3657
1.0918,0.0407,5.9376,-4.3657,-1.6814,1.1378,-4.5131,-7.9751,5.5019,-3.2170,-1.7193,-4.3657
2.6983,-0.3065,14.1976,-3.6560,-1.1258,0.6603,-7.3430,-12.3158,16.3668,-1.5386,-0.5846,-4.3657
3.1603,-0.9936,19.0028,1.0156,0.2258,-0.8368,-11.6981,-15.2128,15.1792,2.4289,4.1091,-4.3657
2.0973,-1.6592,11.0325,2.7740,-0.8561,-2.5904,-15.8903,-14.8417,3.4477,3.4749,3.5715,0.8691
-4.2234,0.2586,9.5888,2.8236,-0.7566,-2.9628,-9.5289,-10.9439,1.5802,3.4756,-0.5320,4.3656
-4.0893,2.0327,9.7995,2.9796,-0.0665,-1.8395,-11.0373,-8.0972,-0.6560,2.2300,1.6058,4.3656
-4.3455,2.7749,6.4165,2.9039,0.8485,-1.0929,-9.4355,-4.0031,-2.8946,0.8035,1.2709,4.3656
-4.8602,3.2537,5.0757,1.9773,1.6038,-0.3226,-6.8378,0.1532,-2.1141,-0.4702,-0.5408,4.2535
-5.9328,4.1994,3.4716,1.2898,1.9977,0.6905,-3.9648,3.1747,-1.5107,-0.5856,1.5407,2.7372
-5.0039,4.0654,2.0087,0.0116,1.3440,1.7527,-3.5410,4.8722,-6.1411,-1.5799,0.5119,1.4762
-3.3782,2.1811,-0.2442,-3.4572,0.2798,2.0536,-1.1157,0.8260,-4.8818,-4.3657,-1.4739,-2.1406
-0.9170,-0.2658,2.6480,-4.3657,-0.9910,2.3623,-1.5754,-4.6376,8.6287,-4.3657,-2.6287,-3.4306
3.8451,-1.8364,11.3796,-4.3657,0.8086,2.1105,-4.5394,-7.1419,9.5026,-3.6238,1.7938,-4.1228
5.7964,-2.5522,14.7579,-2.7895,-0.9160,-0.8583,-5.9831,-9.1028,13.2280,-0.3736,0.9132,-4.1864
2.8012,-2.3008,15.1002,-0.8402,-2.4824,-2.4571,-4.4556,-10.5249,14.3437,3.0996,-2.3041,-4.1364
1.2785,-1.5203,13.5679,0.8220,-2.3170,-3.6493,-9.0716,-12.7515,9.5361,3.8750,1.7978,-4.2431
-3.3016,-0.2370,14.0923,2.3145,-1.2021,-3.4784,-12.7731,-12.1482,3.5961,3.4600,2.0479,-1.6559
-4.4556,1.3886,9.8521,3.3231,0.0512,-1.9339,-13.9702,-10.3142,1.5538,3.0251,0.3552,1.5408
-3.9983,2.5211,6.9695,3.5081,1.2161,-0.5801,-12.9670,-8.3438,2.7773,1.5459,1.6058,3.5809
-2.9066,3.6607,6.0238,3.2730,2.6630,0.5983,-13.2687,-8.7125,2.2482,0.4012,2.8658,4.3656
-3.4812,3.6895,4.0725,2.9179,3.1157,1.0958,-1.2905,-1.8531,0.8787,-0.3589,0.3589,4.3656
-3.2154,4.2952,2.6504,1.6379,2.4520,1.0990,3.6152,4.6639,0.1700,0.1687,0.9694,4.3656
-1.4557,4.2593,1.7238,0.5870,2.5522,1.1378,-2.5714,4.5633,-1.3791,-0.7036,3.4330,1.6188
-2.4229,4.0223,2.6839,-1.1385,1.8766,0.7601,-2.8204,5.2170,-4.5945,-1.8620,1.9143,-0.0901
-0.9481,2.9281,1.5897,-2.9677,-0.9389,0.4896,-0.7805,3.7517,-2.2841,-2.6212,-2.4585,-1.5882
0.3184,1.1325,2.7964,-4.3657,-2.4211,0.4174,2.6887,-0.4142,1.2857,-3.3530,-3.8397,-4.3657
1.8316,-0.3089,5.1284,-4.3657,-2.6096,0.0444,-0.5171,-7.5824,8.8873,-3.6810,-0.8952,-4.3657
2.2410,-0.8715,14.6334,-4.0811,-0.6378,-0.2032,-9.3494,-10.9104,11.2934,-1.5465,2.6688,-4.3657
2.0207,-0.6991,14.4921,-1.3736,-1.1139,-1.9313,-11.7244,-12.0045,12.9143,1.2502,0.5596,-3.4879
1.6831,-1.2139,13.7978,0.5201,-1.3864,-2.2112,-7.8362,-9.9766,9.7013,3.2603,-0.7657,-0.9261
0.7614,-1.1253,10.5417,1.6872,-1.0352,-2.9488,-9.4427,-10.8481,10.8433,3.7249,2.6458,-0.8883
-1.0487,0.6704,12.9885,2.4581,-0.7157,-3.8594,-10.4459,-11.0828,5.6192,4.3656,2.9048,3.8636
-2.3966,1.0750,12.1769,4.0845,0.2348,-2.4091,-11.6478,-7.1635,0.0814,3.9909,-0.3351,3.0339
-2.5139,2.4181,8.7293,4.2583,1.4154,-1.8823,-6.0861,-2.2386,-0.9936,3.1443,1.6474,3.9249
-4.5083,3.4979,2.4732,3.7289,2.8789,-1.5816,-8.3366,-0.7015,1.1803,1.8135,2.3923,3.1617
-6.2560,5.1523,5.2194,1.7034,2.8895,0.1330,-9.3829,1.8890,-3.5865,-0.1647,2.7246,3.0070
-7.2185,5.6503,3.5243,1.1579,3.5165,1.4352,-5.2433,4.6855,-5.0973,-1.6534,2.7566,3.3350
-4.7621,4.8985,-0.0383,0.1103,3.1437,2.5286,-4.2569,4.8363,-3.1675,-3.3341,0.7217,2.3439
-4.7262,3.5817,0.1053,-2.0708,2.8368,2.6083,-2.6839,4.6376,-3.8762,-4.3657,1.2329,0.3317
-1.5993,2.5355,1.5897,-3.8720,1.7267,2.1308,-0.6393,3.1220,-2.0303,-4.3657,1.0183,-1.4933
1.9992,0.0503,4.6783,-4.3657,-0.7432,1.9421,4.0989,-2.0734,6.5793,-4.3657,-2.4576,-4.3657
4.9488,-0.4621,10.4244,-4.3657,-1.7151,0.1966,-0.0431,-7.4460,14.9422,-1.3868,-0.7129,-4.3657
4.6280,0.5866,13.9797,-2.7050,-0.7869,-2.2785,-6.2656,-10.1251,10.7763,0.8581,4.3656,-4.3657
1.1971,0.4166,11.1306,-1.2128,-1.9433,-3.3481,-9.5241,-10.9966,8.6215,2.9796,1.9060,-4.3657
-0.7518,0.0886,14.0564,-0.0939,-2.6470,-4.2392,-9.4212,-11.8824,5.1427,4.0865,0.5009,-3.2233
-5.3726,0.8787,11.2025,2.1774,-1.9071,-3.5288,-12.5767,-12.5169,2.3152,3.8185,2.1322,-0.6879
-5.4229,1.4724,8.2791,2.0964,-1.2397,-2.3326,-16.0651,-13.3453,1.0846,2.7086,1.5355,3.4166
-5.4253,2.9592,10.1730,2.7583,0.6093,-0.6599,-10.9223,-10.2496,-0.1939,1.9632,0.2252,4.3656
-4.1276,2.9616,6.8235,3.5174,2.0765,-0.1483,-9.4140,-5.1547,-2.6264,0.2787,0.6740,4.3656
-6.4500,4.5921,5.3343,2.7266,3.2294,0.8916,-8.0062,-1.6424,-1.5203,-1.1752,2.1565,4.3656
-5.3295,4.4915,4.0654,2.3678,3.2451,2.1033,-2.9784,3.1101,-0.7829,-1.8325,1.1763,4.3656
-3.7804,4.8794,0.8691,1.4875,2.8213,2.7246,-2.3367,5.6695,-1.4796,-1.4462,0.3202,3.7195
-2.5211,5.1116,-0.7278,-1.1325,2.0310,2.1966,0.6416,7.9176,-3.5003,-3.1084,0.2486,1.1923
1.6089,3.1819,1.1492,-3.6813,0.3736,1.5146,2.9425,4.9704,3.6033,-3.9193,-0.5901,-1.6118
1.8627,1.3312,4.0247,-4.3657,-0.2399,0.5361,4.9297,1.1109,4.4005,-3.2310,-0.6183,-4.3657
3.0957,-0.0263,5.8514,-4.3657,-0.9794,-1.1530,0.3735,-7.1012,7.9799,-1.9989,1.5691,-4.3657
1.3264,-0.5339,13.6302,-4.3657,-0.4104,-1.8009,-6.7349,-11.1857,7.5465,-0.6889,3.7699,-4.3657
-0.8428,0.8452,19.6127,-2.2394,-1.2279,-2.4685,-16.7570,-15.4354,5.9999,1.2383,3.1578,-4.3657
-2.5259,0.4812,12.9957,0.5143,-2.8088,-2.2577,-19.6133,-16.2327,8.5042,2.9990,-1.8329,0.1363
-1.8794,-0.5722,11.8752,1.9886,-0.1364,-2.2310,-9.8067,-11.8681,5.2672,3.1287,0.3649,2.4629
-3.0574,-0.3591,11.4946,2.8273,0.2093,-1.8314,-9.0190,-9.4810,2.1428,2.3321,3.2022,3.2539
-2.7533,0.8140,10.5800,3.5706,0.3174,-1.4056,-10.2544,-7.3957,2.9521,2.5963,0.3916,3.6503
-3.5219,2.4948,6.8929,4.1829,1.0108,-1.2550,-10.3932,-5.9376,-0.0455,2.5191,1.1654,4.3656
-5.7197,3.5147,5.6048,4.2244,1.6690,-0.5385,-5.2074,-0.0048,-4.5633,1.5042,0.2430,4.3656
-7.3646,4.6112,-0.2682,3.4086,2.5069,1.1871,-4.8387,2.2817,-3.7828,0.0775,0.4406,4.3656
-5.3558,4.7501,0.3041,0.8042,2.8441,2.5379,-3.5075,4.8243,-4.6017,-1.4947,0.9770,3.0069
-3.6057,4.7692,1.6568,-0.5837,2.6894,2.6120,-4.0869,5.2816,-5.7317,-3.3197,1.7489,0.9723
-2.4277,4.3359,0.3232,-2.4540,1.3142,2.3489,-2.5833,3.5147,-1.5012,-4.3657,-1.6100,-0.7061
1.2186,2.0135,2.4349,-4.3657,0.0112,1.6166,2.3320,2.0183,0.9888,-4.3657,-2.2086,-3.1031
2.3248,0.6033,4.3551,-4.3657,-0.6743,0.8541,0.5842,-3.6129,6.7421,-4.3657,-1.0760,-4.3657
3.9337,-1.2594,10.5034,-4.3657,-0.8632,-0.2593,-3.1843,-7.6638,10.6997,-3.0748,0.5079,-4.3657
4.8123,-1.7549,13.2926,-4.3657,-2.8825,-1.7002,-3.7541,-9.5385,13.3764,-0.4478,-0.4117,-4.3657
4.0510,-1.1253,14.2766,-2.7663,-4.2269,-2.9825,-3.3136,-12.0596,16.3452,2.6444,-2.0298,-4.3657
3.1460,-1.0989,16.5822,-0.3865,-2.1858,-4.0517,-10.5872,-15.1170,10.5512,3.5582,3.4535,-4.3657
-0.8619,-1.2234,12.4498,1.9999,-1.2814,-4.3657,-11.9782,-13.1825,6.9336,4.3656,2.9945,-1.0706
-1.2977,-0.1604,8.4324,2.4443,-1.1317,-3.9731,-9.2727,-10.5967,2.7126,4.3656,0.5534,1.9709
-3.5027,2.0207,9.1315,2.8802,0.0340,-2.5706,-10.2328,-8.4228,1.7693,2.8645,2.6264,3.0630
-4.2928,4.2569,9.0429,3.5878,1.8274,-0.9551,-18.2869,-11.8705,1.3862,0.5824,3.3961,4.3656
-6.2848,4.1875,5.5330,4.3656,4.1211,0.6424,-3.7709,-0.7709,-4.2832,-0.2751,-1.1017,4.3656
-5.9831,3.4357,0.5411,1.9449,4.3656,3.2631,-7.0868,-0.5674,0.3615,-2.8709,3.0447,4.3656
-3.8020,3.6129,2.6552,-0.1943,4.3656,3.6469,0.0311,4.2808,1.6975,-4.3527,4.3656,4.3656
-0.2227,3.0406,4.7190,-1.6725,4.3656,2.9472,-0.7757,5.4013,0.9026,-4.3657,4.3656,2.0985
1.4030,2.3511,5.0733,-3.2811,1.4326,1.6128,-1.0367,3.9720,1.8411,-3.4580,0.3691,-1.2717
2.3631,1.6544,5.8203,-4.2940,-1.2092,0.0011,1.2737,1.5850,2.9449,-2.8587,-1.7962,-4.1556
5.5689,-1.1133,4.7453,-4.3657,-3.9607,-1.4408,3.2106,-3.6512,9.2081,-1.8563,-3.1932,-4.3657
3.5578,-2.3535,14.0947,-4.3657,-3.0647,-1.9574,-0.0838,-10.8721,13.7044,-0.5383,-0.3404,-4.3657
2.2122,0.2274,19.6127,-2.1773,-1.6188,-3.6266,-13.7355,-19.2087,13.5632,2.5714,4.3656,-4.3657
-1.3455,-1.0199,13.5703,2.2244,-1.6770,-4.0460,-19.6133,-17.5471,5.8538,4.3656,3.9879,-2.3433
-4.4341,-0.1939,9.3518,2.3140,-0.4795,-3.6206,-9.1889,-9.8761,0.6584,4.3656,-2.7022,2.5708
-4.0175,0.9433,8.6311,1.9973,-0.1721,-2.0210,-8.6886,-7.1204,-0.2083,2.1393,2.7101,1.5990
-4.0917,1.8890,7.8410,1.5784,1.1327,-1.2200,-9.3494,-5.8490,-0.1125,0.8511,2.6753,1.9015
-6.2944,3.3208,8.5281,1.6547,2.0483,-0.3094,-10.2161,-4.9656,-0.1006,-0.0159,0.6388,3.2885
-4.9368,2.8299,5.0949,1.8185,3.0298,1.2039,-9.5936,-3.2848,-1.2929,-0.9515,2.0979,2.9199
-6.0669,3.0215,3.8762,0.9542,4.2026,1.6725,-4.7262,0.3855,-3.1077,-2.4283,2.2703,3.7858
-4.4843,2.0016,2.7749,0.0024,3.9147,2.3455,-4.6471,1.2067,-2.6839,-3.1103,2.0230,1.9780
0.6991,1.5634,3.4524,-1.5243,0.5440,1.7058,-0.9002,3.5793,-1.6664,-2.2540,-0.2042,0.5448
-0.8428,2.1739,1.3719,-2.1727,-1.4967,0.7589,0.1700,2.6935,-0.8021,-1.4501,-3.2535,-1.7417
2.6791,0.1173,1.7621,-3.6012,-2.7340,0.3024,3.8762,-0.2466,5.5785,-1.5419,-4.1163,-4.3657
1.8483,0.5698,9.1075,-3.8693,-1.5747,-0.4002,1.0295,-7.6279,12.1602,-0.5484,0.7076,-4.3657
4.1587,0.2849,13.5129,-2.4569,-1.0190,-0.1190,-13.3357,-12.6773,6.3925,-0.1026,4.3656,-4.3657
0.6584,-0.1077,13.1442,-0.7706,-0.5260,-1.7317,-12.5863,-11.2384,5.9999,1.4003,-1.0182,-2.4161
-1.6544,-0.0982,13.8672,-0.0719,-1.1458,-1.6687,-11.5305,-11.5377,6.3063,1.5647,-0.1532,-0.8167
-2.6432,0.7566,12.9095,1.2211,-0.5152,-1.6354,-14.6549,-11.8752,4.0558,1.0966,2.2555,1.0932
-3.2609,1.2881,11.3533,2.0542,0.4632,-1.4123,-14.5496,-11.1522,3.2082,1.0198,0.5918,4.3437
-3.1053,1.6640,9.5553,2.2709,0.3729,-1.4021,-6.3782,-5.4540,0.1772,1.1414,-0.8250,4.3656
-4.7764,2.3343,7.1682,2.7679,1.5276,-1.0237,-5.9400,-2.3128,0.4669,0.7831,0.4077,4.3656
-5.6910,2.8563,3.7709,2.3106,1.9311,-0.0677,-7.3694,-0.8452,-0.5124,0.7112,2.2643,2.5295
-5.2170,3.3160,3.5554,1.5543,2.0952,0.6584,-3.7062,2.8276,-4.0294,0.0195,1.2586,2.8185
-6.5362,3.8858,0.8571,0.8913,2.1000,1.1600,-5.4396,3.3974,-6.7062,-1.3495,0.5494,1.7424
-2.9928,2.0662,-1.5395,-1.4842,0.9180,2.1452,-1.4892,3.8595,-5.2098,-2.7831,-0.5837,0.2654
-2.8730,0.7781,1.9728,-3.4727,0.3492,1.4647,1.3838,2.5211,-5.5330,-3.6560,-0.8708,-2.7876
-0.5555,-1.1468,2.8778,-4.3657,-0.6123,1.9549,1.6544,-3.6919,1.2067,-4.3657,-1.7906,-4.3657
5.6288,-2.2482,9.7947,-4.3657,-3.7736,1.3085,0.2969,-9.3039,16.4506,-2.4507,-2.4102,-4.3657
8.0182,-1.7502,17.5375,-3.1528,-3.1352,0.1812,-8.2911,-14.2096,13.2112,1.0204,0.2593,-4.3657
6.2848,-1.4317,15.7036,-0.5692,-1.1137,-2.7251,-12.3780,-13.5201,13.7164,2.1165,2.8535,-3.8562
-0.6632,-0.3400,11.8728,0.6903,-1.1566,-2.8839,-9.5984,-11.2695,8.1044,3.1853,-0.5925,-0.5421
-0.9170,-0.1293,12.0309,0.9273,-0.6472,-2.8726,-10.8314,-11.0995,6.1531,2.5071,2.8559,0.7117
-2.7509,1.4174,10.4842,2.1966,0.6947,-1.8291,-13.7738,-10.0341,1.4820,1.5232,2.6690,2.8733
-4.1659,2.2793,8.1475,1.9774,2.1478,-1.2140,-8.2600,-5.6479,0.1844,0.4018,0.4433,3.9751
-5.5210,2.4756,6.9552,2.3673,3.8237,-0.7842,-9.1626,-4.6950,1.0798,-0.6479,4.3627,4.3656
-7.5776,2.3535,5.0589,2.1543,3.6508,-0.0733,-8.3222,-2.9856,-5.4731,-0.9846,2.8865,4.3656
-8.0469,2.0327,3.0765,1.7046,3.0302,1.0681,-2.6073,2.5187,-5.7916,-1.4228,-0.2084,3.5625
-7.0342,1.8771,-1.1492,0.1184,2.1939,1.9398,-6.6942,1.5586,-5.8538,-2.1161,1.7196,2.5234
-5.9951,2.0351,1.0008,-1.5605,2.3633,2.1019,-3.0071,3.7828,-6.6200,-3.5627,1.1624,0.7715
-3.5985,1.1468,2.5498,-3.1263,0.7346,2.2382,-2.6552,1.7526,-3.8642,-3.8416,-0.6127,-0.9709
0.6919,-0.3208,4.7645,-4.0965,-0.5027,1.9776,0.5028,-0.8236,2.0375,-3.9848,-1.7942,-3.7341
2.6528,-0.5100,8.6167,-4.3657,-2.4981,0.7693,-1.3384,-5.6479,9.5481,-2.2039,-1.7409,-4.3657
5.2648,-0.0503,11.8106,-4.1014,-4.2607,-0.3459,-7.0940,-9.1004,12.7946,-0.3866,-1.8036,-4.3657
3.7804,-0.3903,16.9390,-1.9545,-1.8906,-1.7276,-6.8881,-10.4890,15.0452,1.8663,-0.5564,-4.3657
1.5826,-0.7566,14.1425,0.6273,-1.4092,-3.3899,-10.9032,-11.8824,9.7372,3.3251,2.7813,-4.3657
-1.8052,-0.5746,10.0485,0.6825,-1.6830,-3.4214,-7.2927,-9.4164,6.3351,3.8196,0.4326,-1.9249
-1.4700,-0.5028,10.4435,0.8817,-0.9008,-3.0290,-12.5193,-11.2695,2.9090,2.6823,2.8521,-1.3595
-5.6168,1.1803,7.7859,2.1687,1.4111,-1.5060,-8.2121,-4.7740,0.1269,1.7008,2.3689,2.2198
-5.2529,1.3336,5.9256,2.3210,1.8747,-0.7584,-7.6399,-2.7294,-2.7845,1.3174,2.7594,2.6524
-6.3327,1.9728,4.2880,2.0027,2.5415,0.1102,-7.6878,-1.3886,-4.3287,0.3591,1.0208,2.8658
-5.8107,2.0327,3.9049,0.9379,2.3438,1.1502,-7.0581,0.2394,-5.2146,-1.3149,1.8969,1.8085
-4.4987,2.5283,1.7957,-0.1649,1.3884,1.3218,-8.0756,-0.0287,-4.1180,-2.3911,1.0388,1.9056
-7.9080,2.9233,-2.3248,-1.3082,1.6526,2.2549,-5.6934,2.0087,-8.6670,-3.9730,-1.3779,2.0363
-1.6568,0.0335,3.4261,-4.3039,1.9749,2.6656,0.2346,1.1301,-0.5076,-4.3657,0.5124,0.2709
0.3807,-1.3958,5.9855,-4.3657,-0.8336,1.9336,2.2027,-0.6823,1.1061,-4.1661,0.7885,-4.3657
5.8012,-3.0694,7.9751,-4.3657,-4.3657,0.7993,4.1515,-6.7445,6.5266,-2.6986,-4.3657,-4.3657
5.4205,-2.3942,14.6118,-4.3657,-4.3657,-0.2386,-4.6783,-15.1218,15.0907,-1.7098,-3.8485,-4.3657
4.8650,-2.7102,19.6127,-2.5275,-3.4086,-1.2800,-13.9486,-18.8687,19.6127,0.5271,1.4344,-4.3657
5.1619,-4.5849,14.0683,1.0229,0.7682,-3.6119,-11.9351,-16.5368,14.2455,3.5671,2.2196,-0.9217
-1.4485,-3.8188,11.8417,2.3698,1.4253,-3.8475,-7.8889,-13.5464,3.5650,3.8509,3.0728,1.9152
-3.1460,-1.7095,11.5113,3.0314,0.8913,-2.6011,-9.7420,-10.7045,0.7135,2.9545,3.3893,3.6774
-4.0199,-0.1006,7.9559,3.8756,2.6682,-1.7118,-8.4132,-6.7229,-1.9225,2.1649,1.3592,4.1831
-5.8323,1.5179,3.8140,3.4848,3.1345,-0.5068,-7.7907,-3.7852,-2.8180,1.0027,2.4035,4.3656
-7.2616,2.4253,4.5179,2.7053,3.5034,0.7761,-4.8315,0.0742,-3.3950,-0.0097,2.2557,3.9118
-5.7509,2.8132,2.0255,1.8878,3.4459,1.6052,-6.7612,0.7925,-5.0398,-1.3514,2.0669,4.1553
-4.4077,2.7318,2.1189,0.3060,2.8205,2.0728,-2.6695,3.7517,-2.8204,-2.3798,0.4527,2.9720
-3.9337,2.6288,0.9290,-1.1695,1.5819,2.2080,-3.8834,3.1460,-2.0494,-2.8807,0.5805,1.8435
-1.8842,1.2857,2.8922,-2.8261,1.1082,2.0095,-1.8699,3.1101,-1.0295,-3.5526,0.3649,-0.3264
0.2897,0.2921,5.5737,-3.8884,-0.4026,0.9896,0.5483,1.7119,0.5291,-3.2432,-0.1002,-2.7677
3.8140,-2.1308,5.7197,-4.3657,-4.1719,0.2806,3.2178,-3.0789,3.9121,-2.2629,-4.1026,-4.3657
3.7326,-1.7334,14.2766,-4.3657,-4.2766,-0.1940,-3.9672,-12.7324,12.2583,-1.9514,-2.7306,-4.3657
4.6663,-2.1093,18.3276,-1.3996,-1.7848,-2.2394,-15.0236,-16.7666,17.3628,1.0497,3.8241,-4.3657
1.3623,-2.7773,14.3652,0.8415,-0.8475,-3.4021,-12.3110,-14.8153,11.7986,3.9273,-0.7775,-0.9910
-1.0295,-2.4373,13.3189,2.4858,0.5873,-3.5865,-9.9575,-12.7994,6.3135,4.1990,2.8857,0.1974
-3.1675,-1.3647,9.0046,3.3083,1.2301,-3.3229,-9.4427,-9.3015,0.5219,3.5729,3.9015,2.0134
-6.1531,0.7087,6.9887,3.2229,1.5949,-2.1492,-8.5593,-5.6551,-3.0239,2.7507,1.1362,2.7055
-7.3694,2.1739,4.2569,3.0110,2.4014,-0.8699,-11.1498,-4.4939,-4.4652,1.1138,3.0040,2.8690
-7.3837,2.8108,4.2042,2.3100,3.1287,0.6406,-7.4244,-1.2258,-5.1643,-0.3704,1.9388,4.0071
-7.6136,2.7078,1.1779,1.3724,3.1905,1.8234,-7.3263,0.2969,-6.0047,-1.7433,0.9944,2.8554
-6.0908,2.6743,0.9649,-0.8657,2.3974,2.7929,-5.1882,1.3336,-5.0015,-3.8335,0.2585,3.1136
-2.3942,0.8475,0.3448,-2.3702,2.2364,3.1978,-2.1500,2.0566,-1.8340,-4.3657,-0.4203,1.4707
-2.2122,1.0032,4.1061,-3.7366,1.3238,2.2207,-0.9457,1.6783,-1.9321,-4.3657,0.7205,-1.7484
2.4588,-0.8164,5.3941,-4.3657,-1.4396,1.7774,-0.0431,-2.4732,3.0167,-4.3657,-1.9221,-3.7014
5.5545,-1.3719,9.7205,-4.3657,-4.3657,0.1568,1.4653,-6.7229,13.5201,-2.7003,-4.3657,-4.3657
5.5713,-0.3376,19.6127,-3.5249,-3.0763,-0.7937,-6.5027,-13.4746,17.7171,-0.3335,0.3195,-4.3657
3.1675,-1.4246,16.9079,0.9666,-0.7655,-3.2764,-14.4227,-16.4601,16.2207,3.3072,3.7990,-4.3657
0.4214,-2.2194,10.7260,2.4825,0.2531,-4.3301,-9.3087,-12.3613,4.5011,4.3656,2.1915,-0.2709
-5.2313,-0.3376,10.2735,2.8412,0.2759,-3.7664,-9.6845,-10.6853,0.4118,3.7150,2.8665,2.1328
-6.2632,1.5921,8.4491,3.1718,0.7839,-1.8431,-12.6414,-8.7747,-0.8356,2.3477,2.2844,2.7077
-6.3518,2.3511,4.5849,3.1964,2.6498,-0.9559,-8.1930,-4.2737,-3.2465,1.3897,2.0781,4.2061
-7.8290,3.1627,2.9497,1.8808,3.0176,0.3070,-6.6559,-0.7542,-5.1787,-0.4990,2.0993,4.3656
-7.2688,3.1723,3.1891,0.6744,3.1247,1.5965,-6.9288,0.7063,-5.4372,-2.0490,1.9213,3.4051
-4.4819,1.8818,1.1372,-0.4446,2.4798,2.0735,-4.5825,1.7837,-3.4381,-2.5802,0.6896,1.7531
-4.8770,1.9345,1.2713,-2.0109,1.4437,1.5576,-3.2537,2.2913,-3.7302,-3.0156,-0.0917,0.1454
-2.9305,1.1971,2.8706,-3.1316,0.5169,1.6265,-3.7110,0.5986,-3.6368,-3.6557,-0.0858,-1.5982
-1.6448,-0.0718,2.5714,-4.3501,-1.5696,1.1838,0.1532,-0.3807,-0.2011,-3.0835,-2.7651,-3.4236
0.7997,-1.7334,3.9720,-4.3657,-3.6050,1.0726,0.6129,-4.3622,3.3854,-2.7322,-3.7990,-4.3657
2.4421,-2.4828,12.9670,-4.3657,-4.0958,0.6041,-4.1372,-11.5065,11.0349,-2.1110,-1.5784,-4.3657
6.3375,-3.2226,19.2374,-1.8071,-2.7764,-1.3011,-12.9431,-16.2279,19.4002,1.0211,0.8003,-4.3657
3.1795,-4.4700,13.9175,0.2535,-1.3626,-3.5162,-7.9751,-13.9366,11.3246,3.9390,-0.2778,-0.7898
-0.5914,-3.8259,14.5687,1.5545,-0.7194,-3.7698,-8.5736,-13.5895,6.9647,3.8910,2.1929,-0.2642
-2.1213,-1.7526,12.9981,2.6918,0.2963,-3.0567,-10.4651,-11.5999,4.1683,3.5322,2.8833,1.5103
-2.2984,0.3735,9.4188,3.7020,1.3620,-2.4728,-11.1857,-8.7436,1.6328,2.9362,1.8647,3.2190
-5.7078,2.2386,6.1339,3.6974,2.3093,-1.4754,-9.3158,-5.8849,-1.4868,1.9742,1.9185,4.3656
-6.1507,3.0526,5.2792,3.3636,3.0611,0.3114,-5.2768,-0.4118,-3.6512,0.4394,1.2205,4.2979
-5.5809,2.8347,1.0894,2.5456,3.4562,1.6341,-6.0430,1.0151,-4.8866,-1.0710,2.6057,3.3260
-3.5721,2.7485,0.2825,-0.1376,2.4824,2.1448,-3.0119,3.1915,-4.4700,-2.7884,0.4181,2.6349
-3.0622,2.0853,1.1779,-1.8968,1.5795,2.2118,-2.3727,2.7318,-3.4309,-3.6785,0.0001,1.3069
-1.8699,1.4700,2.1691,-3.1427,0.3082,2.0458,-2.4301,1.0702,-1.0175,-3.9606,-0.5658,-0.5982
0.5770,-0.1365,3.2322,-4.1915,-0.8160,1.9103,1.2426,-0.0646,-0.1604,-4.3138,-1.9260,-2.7025
3.1532,-2.3224,5.2098,-4.3657,-2.5957,1.2147,2.3272,-4.5155,6.4141,-3.8423,-2.4700,-4.3657
5.6120,-3.0718,14.2048,-4.3657,-3.7006,-0.1275,-2.4181,-10.6398,13.0125,-1.9381,-1.0120,-4.3657
4.6136,-2.9736,18.3085,-2.6987,-2.4806,-2.0735,-11.0828,-15.5288,14.5711,0.5361,0.9044,-4.3657
1.8962,-3.7804,15.1122,0.2220,-0.9651,-2.8478,-13.1274,-16.3165,13.0723,2.9652,0.0157,-2.1330
-0.9553,-3.2250,13.4339,1.9185,0.6873,-2.9150,-11.2288,-13.9773,5.3893,3.1056,3.1814,0.5693
-3.0622,-1.5921,11.4227,3.1800,1.3927,-2.4351,-12.7252,-11.3796,0.5962,2.4389,2.9905,2.5530
-5.2194,0.8475,7.4819,3.3805,2.2640,-1.2951,-7.4819,-6.3949,1.3695,1.6894,0.5504,4.2934
-3.6919,1.4485,6.3853,3.2395,3.2041,0.1250,-8.3294,-4.4987,0.6464,0.9301,3.0834,3.6384
-3.3734,1.9585,6.2082,2.8569,3.5410,0.5889,-4.6256,-1.1205,-1.1372,0.1612,3.3103,4.1407
-4.1899,2.5594,4.2760,2.5157,2.9631,1.0335,-4.3718,1.2905,-2.7533,-0.0388,1.3682,2.3677
-3.9097,3.1891,1.2498,0.9209,1.2474,1.3057,-5.5809,1.8818,-3.2106,-0.8483,0.5841,1.6399
-3.5362,3.2777,1.8268,-0.4064,0.6652,1.6421,-4.8507,2.5714,-5.4109,-1.6987,-0.7140,0.7926
-2.1787,2.4253,0.2969,-2.1021,-0.2625,1.7547,-2.9353,1.8004,-2.6647,-3.0145,-2.1988,0.1955
0.3017,-0.2251,0.4501,-4.3657,-0.9722,1.7762,2.7102,0.4956,-1.3671,-4.3657,-2.7955,-2.2364
4.9177,-1.9776,7.0270,-4.3657,-3.3341,1.4438,3.3399,-5.1858,8.3079,-4.3657,-2.6954,-4.3657
6.8977,-1.7693,12.9790,-4.3657,-3.9452,0.6303,-2.6528,-10.9391,17.5998,-2.2392,-2.2908,-4.3657
8.0780,-2.3559,18.0068,-1.9681,-1.0108,-1.8258,-10.7045,-14.7531,18.6341,1.0240,3.2119,-4.3657
2.8132,-3.6200,14.9829,0.7131,-0.1379,-3.7878,-9.8402,-13.4746,10.5249,3.5630,1.6666,-1.6827
-0.4956,-3.4046,13.1274,1.6820,-0.2927,-3.8728,-9.1123,-12.8497,6.2728,4.0076,1.7697,-0.1403
-2.6145,-1.4389,11.8705,2.8354,0.9285,-3.5777,-11.9064,-11.3437,3.0598,3.5626,3.3047,1.3777
-5.0589,1.0175,9.6295,3.7018,2.0639,-2.2170,-12.6127,-10.1897,2.5211,2.8854,2.2551,4.3656
-6.5769,1.9728,6.4141,3.8257,2.6882,-0.4686,-5.4109,-2.6432,-4.5849,2.3192,0.9152,4.3656
-5.3415,2.2434,4.5490,3.1999,3.5955,0.8873,-7.1898,-0.9720,-3.7445,0.1348,3.7876,3.3862
-5.4995,2.3727,0.8595,2.1570,4.0883,1.6220,-7.5417,-0.0886,-5.2505,-1.9117,3.3402,4.2009
-5.0374,2.8563,1.7382,0.1427,3.0358,2.2156,-2.1189,3.3375,-2.4900,-2.7450,-0.3544,3.3737
-3.9049,2.4373,0.5195,-1.2329,2.0985,2.1699,-1.8579,4.0414,-3.9480,-2.9483,1.3496,0.9438
-1.7119,1.3815,2.3320,-3.4208,0.5002,1.9490,-0.2322,2.6312,-2.9425,-4.3198,-0.0568,-2.9104
1.7310,0.0048,3.8523,-4.3657,-1.7040,1.2101,1.0606,-1.4509,4.7764,-3.4944,-2.7579,-4.3657
3.9504,-1.1516,8.0445,-4.3657,-3.9045,0.3332,-1.9776,-6.4667,9.0980,-2.1288,-2.2997,-4.3657
4.3886,-1.3527,13.3022,-4.3657,-3.4027,-0.7983,-4.8914,-9.9910,13.6613,-0.6427,-2.0933,-4.3657
4.1635,-1.2617,19.6127,-1.8871,-1.1572,-2.5672,-10.4794,-14.8895,17.4609,1.5375,1.2365,-4.3657
0.5890,-1.5060,16.0196,1.7292,-0.5768,-3.6010,-16.6325,-15.7826,10.9583,3.8862,3.2190,-0.7354
-2.5307,-1.7741,12.2463,2.9767,0.0268,-3.0886,-8.8801,-11.0492,3.2322,4.2916,-0.3315,1.8290
-3.9361,0.1915,9.3781,3.5517,1.4918,-1.7954,-9.2823,-8.0828,0.8140,2.6414,3.2784,3.0130
-3.6703,1.1660,8.1570,3.6119,2.0029,-0.6022,-8.1547,-5.1260,0.9385,1.4182,2.2485,3.2727
-2.6767,1.8172,5.6814,3.6910,2.2697,-0.3858,-7.2544,-3.3471,0.4956,1.4424,1.8511,4.2906
-4.8530,3.4285,2.0135,2.8277,1.6998,-0.1776,-5.5689,0.0144,-2.2075,0.9613,1.2697,4.3656
-5.2864,4.4197,2.4181,1.7095,1.3091,1.0083,-4.2114,3.6583,-5.0877,-0.2334,0.0973,3.0963
-4.7285,4.6950,0.0982,0.6991,1.4953,1.8547,-4.5610,4.2090,-3.1053,-1.6538,0.4493,2.0018
-3.2801,4.2306,-0.8404,-1.1768,1.5396,2.1817,-2.2146,5.2888,-6.0310,-3.0377,-0.1478,0.9534
-0.7326,2.2290,0.1867,-3.6127,0.4422,2.2226,4.0677,4.4915,-1.2617,-4.3657,-2.2295,-2.7115
3.6009,-0.7638,1.8938,-4.3657,-1.6339,1.3725,4.1324,-2.2841,6.3829,-4.2054,-1.9858,-4.3657
4.8004,-0.8236,9.6630,-4.3657,-2.7195,0.3408,-1.3408,-9.4715,13.6015,-3.0349,0.2759,-4.3657
6.9647,0.4597,19.6127,-3.3686,-0.5493,-1.1099,-13.6709,-15.7538,18.7897,-0.1970,3.4183,-4.3657
0.3543,-0.7853,19.2590,1.4011,-0.2422,-3.5807,-19.5726,-15.8616,9.4092,2.9580,3.0854,-0.7573
-3.9217,-0.4381,9.9240,1.6156,-1.0040,-2.9779,-13.7092,-12.3708,5.0494,3.1060,-2.2155,2.7995
-4.4532,0.4980,12.0883,2.6998,1.2954,-1.5549,-7.0964,-7.1323,1.9824,2.3214,2.5530,2.9497
-4.5897,1.5371,8.8585,3.4279,2.2030,-0.8320,-10.9846,-5.8083,-0.3376,1.3596,4.0981,3.1995
-4.9728,3.3495,3.2465,2.8189,2.3120,0.7377,-11.4275,-2.3008,-2.7318,-0.6921,1.6272,4.3656
-6.2800,4.1539,2.7414,1.7930,2.1329,1.4242,-0.5818,5.0566,-4.0821,-1.1243,-0.1090,4.0184
-4.6352,3.8379,-1.6831,0.0735,1.3484,2.3024,-2.8778,5.0925,-4.3718,-2.0684,-0.2372,1.9514
-2.8180,3.3423,-0.9529,-2.1862,1.0904,2.1739,-1.1349,5.0996,-4.9608,-3.7715,-0.1529,-0.0207
0.1125,1.6281,0.7853,-4.2731,0.0811,1.5555,2.7270,2.9042,1.3982,-4.3657,-1.3288,-2.7614
1.5682,-0.8475,3.2346,-4.3657,-1.6629,0.6519,3.8618,-3.1149,8.1139,-3.3530,-1.9179,-4.3657
5.5402,-1.0630,13.3381,-4.3657,-3.1649,-0.8934,-3.9265,-10.2496,15.3061,-1.0896,1.2159,-4.3657
8.0038,0.4070,17.2454,-1.7917,-1.7796,-2.8409,-13.5871,-13.4770,15.6916,2.4108,2.7395,-4.3657
-1.0487,-0.8260,15.3756,0.4886,-1.5845,-4.3657,-13.3333,-12.1482,6.4667,4.2092,-0.6726,-1.8510
-3.9049,-0.6488,11.8705,1.1702,-1.7700,-3.1585,-10.4890,-10.0892,3.4788,3.2155,0.3247,-0.4734
-4.4077,0.5626,10.4267,1.6024,0.4182,-1.6666,-13.4722,-9.6965,2.2960,1.3435,2.2071,0.7067
-4.4819,0.9864,10.1706,1.9253,1.8059,-0.4153,-12.1314,-8.1570,2.2913,0.6166,1.7172,3.3633
-5.8395,1.4198,9.7540,2.3634,2.6299,0.5649,-10.7787,-6.0454,0.4190,-0.4596,1.5524,3.5433
-4.6040,2.0662,7.9655,2.8141,3.0118,1.9674,-9.6031,-4.5107,1.8579,-0.7445,2.0953,4.3544
-3.4069,3.0837,6.2345,2.7078,2.3242,1.7492,-8.9423,-2.7964,0.5076,-0.3100,1.4991,4.3656
-4.0797,3.5003,4.7860,2.6537,1.9120,1.6975,-3.3471,2.2817,-2.2649,-0.0079,-0.1382,4.3395
-3.7637,4.3694,-0.1796,1.5713,1.3254,2.1130,-4.2641,4.4891,-4.7860,-1.2926,0.3621,3.0255
-2.1763,4.4125,-1.7885,-0.8005,0.8633,2.2821,-1.0271,6.0765,-4.9656,-3.2111,-1.1271,1.9720
-2.4253,3.8164,-0.7278,-3.0867,0.7361,2.0500,-0.8859,4.3958,-3.9289,-4.3657,-1.0052,-0.0424
1.0750,1.0511,0.7614,-4.3657,-0.5738,1.8955,3.1125,1.1708,0.9816,-4.3657,-2.0255,-2.1546
5.0949,-1.9082,4.9512,-4.3657,-2.2881,0.9176,5.3103,-4.3766,9.3781,-4.3657,-2.8642,-4.3657
7.0844,-2.1691,13.7738,-4.3657,-1.7773,-0.7164,-1.1588,-10.7404,16.7642,-2.6855,0.6221,-4.3657
6.7564,-1.6735,19.6127,-2.7756,-0.7631,-3.2599,-9.9216,-14.2718,18.9022,1.0192,4.3656,-4.3657
1.7813,-2.0327,15.8951,0.6600,-1.9268,-4.3657,-12.4642,-14.6884,9.9311,4.3656,0.0413,-3.8957
-1.9249,-1.7693,12.0380,1.5849,-1.8385,-4.3657,-8.4204,-10.8625,4.0701,4.3656,0.0621,-1.9706
-1.7597,-0.7159,9.2129,1.9552,-0.1748,-3.6445,-8.1738,-8.6119,3.2034,3.5304,2.9319,-1.8341
-2.5546,0.6847,9.8378,1.9312,0.2463,-3.0341,-12.6797,-9.1028,3.1388,2.8374,3.0695,0.2308
-3.6176,2.5690,10.7308,3.0229,0.1809,-1.9670,-14.4514,-10.2041,0.6177,2.4195,1.3764,4.3656
-5.4109,2.9664,6.1076,3.6540,1.0341,-1.2590,-3.9456,-1.7023,-0.8595,1.6990,-3.1050,4.3656
-5.9376,4.3981,3.2681,3.1116,2.3268,0.7341,-8.2887,-1.3695,-0.0072,0.6984,2.1492,4.3656
-5.6934,4.2569,3.4812,2.2978,4.3656,2.4392,-4.0486,2.5091,-2.1404,-1.4249,3.8119,4.3656
-4.4963,3.4357,0.1006,0.3953,4.3656,3.4891,-3.5745,3.5147,-1.8196,-3.7854,2.2982,3.5931
-2.6528,2.3942,0.7925,-2.2588,4.2614,3.7239,-1.1588,4.6208,-0.6129,-4.3657,2.6681,1.7830
-0.8978,1.7382,3.4500,-4.2072,3.9209,2.4870,-0.3879,3.8331,-0.5148,-4.3657,3.1507,-1.0107
0.2634,-1.5395,4.7309,-4.3657,1.6896,1.6346,1.1325,-1.4892,-2.0734,-4.3657,1.0788,-4.3657
1.9656,-4.7453,8.8897,-4.3657,-2.2703,0.1496,-0.5004,-9.4619,4.8435,-4.3657,-1.5186,-4.3657
1.5754,-2.1165,16.5344,-4.3657,-3.9450,-0.7125,-7.3789,-14.2192,13.0652,-1.7993,-2.0163,-4.3657
3.6248,-1.9369,19.5487,-1.9263,-1.7860,-2.4648,-15.4306,-17.0707,18.0547,1.4589,1.7285,-4.3657
1.0774,-3.2322,14.0109,1.4586,-1.1539,-4.3657,-10.7787,-13.6733,11.5592,4.3656,1.0477,-0.8156
-0.4238,-3.7637,11.5353,3.0675,-0.8408,-4.3657,-8.1259,-13.0891,6.7636,4.3656,2.6219,-0.0926
-4.6017,-1.6305,10.9607,4.3448,-0.6635,-4.3657,-8.8609,-11.3533,0.3687,4.3656,3.6079,1.6233
-7.8099,2.2913,7.4292,4.3656,-1.0211,-3.6711,-19.1488,-10.9918,-6.3638,4.3656,1.8375,3.9333
-10.9032,4.9344,2.2649,4.3656,0.5899,-1.0565,-5.9640,-2.6264,-9.1674,2.5945,-1.9570,4.3656
-6.8881,3.6296,-2.4612,3.7883,3.4278,2.1444,-2.7892,0.7829,-5.0206,-0.6195,-1.0599,4.3656
-3.1029,2.8156,0.3017,-0.0412,4.3656,3.6936,3.1603,5.7269,-0.5052,-3.8101,4.3656,4.3656
-0.0766,1.5107,1.2905,-3.3723,4.3656,2.8490,-0.1460,5.2984,1.0104,-4.3657,4.3656,1.2343
-0.8260,0.9146,7.7141,-4.3657,3.5967,1.6519,-4.0175,1.3001,0.9002,-4.3657,4.3656,-2.2605
0.2993,0.2705,11.2863,-4.3657,-0.2321,1.0393,-4.5777,-2.4277,4.7238,-2.8678,-0.3090,-4.3657
3.7086,-0.6800,13.4626,-4.0296,-2.6472,-0.6905,-4.0486,-6.0190,10.1323,-0.5344,-2.5413,-4.3657
0.2945,-0.0982,13.6877,-2.4062,-2.8429,-1.8539,-6.3015,-9.2799,13.1681,1.3965,-1.0898,-4.3657
2.5331,-1.0894,13.5703,-1.5091,-2.4500,-2.3995,-8.2384,-11.7555,11.0756,3.1385,0.3761,-4.3657
0.9553,-1.4246,13.5584,0.5040,-2.0427,-3.8717,-11.9040,-13.2974,8.4898,4.3022,2.3874,-4.3657
-1.9201,-0.3232,12.5480,1.9673,-1.9143,-4.1383,-15.1697,-13.2328,6.0286,4.3656,1.3952,-1.1506
-4.2928,1.1851,9.9144,3.3919,-0.4906,-3.7104,-13.9366,-10.7212,1.4892,4.2916,2.1125,2.4376
-5.9687,3.1316,6.8163,4.1098,1.3721,-1.9585,-10.4986,-6.2034,-2.5809,2.5783,1.9901,4.3649
-6.0071,3.9816,3.3615,3.7533,2.4652,-0.1135,-7.9224,-2.2553,-4.6519,0.6999,1.5683,4.3656
-6.7469,4.1683,1.0487,2.2298,3.6204,1.5707,-8.2600,-0.7973,-5.2481,-2.3366,1.8638,4.3656
-5.4205,3.8810,1.7023,0.4489,4.3656,2.7089,-1.1708,3.4931,-1.0534,-4.0689,1.3125,4.3656
-3.5530,3.3064,1.6065,-1.2628,3.6784,2.7378,-4.6280,3.0263,-0.4118,-4.2774,3.4067,2.8743
-2.2194,2.8587,3.4955,-2.7323,2.4714,2.2491,-1.3240,4.8243,-0.1652,-4.2884,1.4284,0.9371
1.0534,1.3743,3.8164,-3.9066,0.1057,1.5684,-0.0383,2.6743,3.3471,-3.5397,-0.6551,-1.6158
2.7725,0.0910,7.3119,-4.3657,-1.1255,0.8070,2.7509,-1.6448,2.2146,-1.9668,-1.7584,-4.3657
3.6583,-0.1077,11.6526,-4.3657,-1.0864,-1.7115,-3.8547,-9.5672,9.8713,-1.7387,1.7519,-4.3657
-0.2945,0.8164,14.3173,-3.2682,-2.6934,-1.9614,-11.2791,-13.4410,12.6103,0.9281,0.1592,-4.3657
0.0886,0.6728,17.3125,-0.5083,-1.6689,-1.9978,-15.4306,-13.9390,9.1482,2.1650,0.6664,-4.3657
-1.9321,0.1580,11.5592,1.2480,-1.0912,-2.5543,-10.9678,-11.3174,7.2856,3.0854,0.6416,-0.9770
-1.9944,0.4262,11.3342,2.0122,-0.0628,-2.4920,-9.0070,-9.6750,4.5394,2.7691,2.5911,0.9234
-3.6679,1.5467,9.3877,2.9115,0.3984,-2.1003,-15.7371,-11.5448,3.3950,2.1569,3.4025,3.3617
-3.3950,3.0622,8.0062,3.5114,1.4324,-2.3570,-9.8809,-10.5680,2.6600,2.4888,0.7281,4.3656
-7.5274,3.2801,6.4380,4.3656,4.0669,-0.5653,-4.0630,-3.3232,-3.2322,2.2491,0.6700,4.3656
-4.0199,3.1699,-0.3136,3.2632,3.9293,0.5220,0.6105,4.1492,-5.9161,0.8847,3.8010,4.3656
-4.9991,3.4884,-1.4533,0.7457,2.9814,1.0267,0.2107,8.0948,-7.6998,-1.9417,2.5009,2.3619
-5.8251,3.1891,-0.3448,-2.3181,1.4027,1.6026,-1.8196,5.9903,-5.8730,-3.1841,0.9840,-0.7240
-4.2353,2.1883,1.6640,-3.4352,0.2345,1.9826,-0.1197,3.5362,-6.0741,-3.6003,-0.1450,-2.3752
-2.0470,0.8021,2.3750,-4.1679,0.7959,1.3050,9.0956,3.0382,-4.4891,-3.9655,-3.1012,-4.3657
5.4516,-3.0143,2.6767,-4.3657,-4.0554,0.2790,0.0431,-13.8505,8.0445,-4.3657,-1.3574,-4.3657
5.0135,-2.9257,19.1512,-4.3657,-4.3657,0.9942,-6.0142,-17.8919,19.6127,-1.3339,-3.6051,-4.3657
10.3621,-2.7557,19.6127,-1.2116,0.5301,-2.6680,-14.7459,-19.1776,19.6127,2.0372,4.3656,-4.3657
-2.7797,-3.9816,12.0428,3.9726,1.8025,-4.3657,-12.3349,-15.8951,5.6886,4.3656,4.0277,-0.2545
-8.7173,-1.5945,8.7077,1.8887,-2.0030,-3.3059,-9.6750,-11.5089,-3.3327,4.2887,-0.8889,1.8194
-6.4859,0.4621,9.1722,2.1385,0.0822,-1.4839,-9.6654,-8.1954,-2.5977,2.0612,2.4058,2.7057
-5.2696,1.3312,8.0086,2.4665,2.2340,-0.5420,-12.5791,-7.7189,0.2035,0.4305,2.1352,3.2205
-4.8794,1.9417,7.6471,2.1965,2.2228,0.3059,-11.8561,-6.0334,0.7494,-0.5217,1.9401,4.3656
-5.0470,2.8395,7.5441,2.6674,2.6309,0.8402,-4.1420,-1.4581,-0.4501,-0.1982,0.9605,4.3656
-3.0119,3.0622,3.3160,2.8240,2.2587,1.2016,-4.7477,0.4357,0.0096,0.1240,0.2329,4.3656
-3.7254,3.1077,1.3479,1.8279,2.0403,1.3804,-1.6257,3.7038,-2.1524,-0.3732,0.7945,3.3184
-3.4309,3.4931,0.1939,0.3356,1.5238,1.5859,-2.0135,5.3367,-4.8985,-1.3294,0.6742,1.6101
-1.4988,2.2290,-0.4860,-1.8587,-0.1312,1.8960,0.6919,4.7621,-3.1915,-3.0113,-1.4614,-0.6344
-0.3352,1.2402,2.0446,-3.5140,-0.6270,1.4025,4.0342,2.1165,5.8586,-2.4235,-2.0370,-3.2584
3.5913,-0.1844,7.5800,-4.3657,-0.3595,0.6479,6.0382,-2.6911,7.2209,-2.0785,0.2693,-4.3657
3.2801,-0.9888,11.7890,-4.3657,-2.2858,-1.4112,-5.8251,-14.5831,13.4937,0.2513,4.3656,-4.3657
-1.3862,2.4301,19.6127,-2.3799,-2.6457,-3.1187,-18.7418,-19.6133,4.9081,3.0807,4.3656,-4.3657
-1.3982,0.2155,12.0141,1.9392,-3.5726,-4.3657,-19.6133,-16.2734,5.8323,4.3656,-2.2812,-0.0336
-6.4835,1.0008,11.0636,1.8494,-0.4720,-2.7761,-7.7069,-9.8497,1.9872,3.2359,-0.0671,2.6261
-4.6519,2.1691,7.6375,2.5030,-0.1687,-1.7465,-12.8688,-8.9399,-0.3400,1.5223,3.5278,2.9612
-3.3232,2.8587,7.6638,1.6999,0.6334,-0.6262,-6.3518,-4.1204,-1.6400,1.1194,-1.1338,4.0270
-4.3981,3.6368,7.1658,2.0638,1.9077,-0.3824,-8.1690,-3.2274,-0.6584,-0.0915,1.5533,3.2957
-5.8658,4.9344,5.6240,1.8429,2.5786,0.2246,-10.5034,-2.2505,-0.8523,-0.9677,2.6382,3.0962
-6.2082,4.8961,3.2968,1.6122,3.1794,1.3904,-11.0516,-1.9034,-3.2370,-2.0336,0.9218,4.3656
-5.4540,4.5179,1.9345,0.5889,3.5907,2.2158,-4.3981,1.6424,-3.2298,-2.8485,0.0806,4.0954
-3.8307,3.2848,3.0335,-0.7574,2.9592,2.5996,-4.9153,2.0231,-1.8340,-3.6262,1.6184,2.5507
-3.9049,3.4069,2.4373,-1.6645,1.7182,2.1603,-5.4348,1.9273,-3.8475,-4.0442,0.3030,1.8875
-1.9680,2.2003,1.5969,-2.7280,0.4606,2.3033,-2.3750,1.1684,-0.3448,-4.3657,-2.3453,1.5796
1.1277,1.1684,0.8787,-4.0429,-0.9662,0.8921,2.9928,2.0949,4.5705,-3.9117,-2.4966,-1.1085
0.8906,0.6153,6.9863,-4.3657,-0.7270,0.0718,-0.0431,-1.0223,5.1787,-2.6574,0.4526,-4.3657
2.1739,0.3304,9.9647,-4.1879,-1.2121,-1.2646,-3.7900,-4.5370,7.1467,-1.0451,2.1719,-4.3657
0.0982,1.5323,11.0540,-3.2691,-3.4102,-1.5905,-8.5329,-7.8626,7.0653,0.4129,-2.3932,-4.3657
1.1756,0.2562,13.6015,-1.9851,-2.9179,-1.1671,-9.4451,-9.5912,10.5656,1.1755,-1.4869,-4.3657
1.5850,-0.8452,11.1115,-0.2369,-1.2097,-2.0969,-7.8554,-8.9591,7.9464,1.8166,0.6844,-3.2626
-0.1173,-1.3791,10.6662,-0.0172,-0.9701,-2.3573,-5.4731,-9.1028,8.4036,2.4692,0.3946,-2.8252
-0.5578,-1.1995,12.0859,0.7453,-0.6422,-2.4320,-10.3837,-11.7436,6.4524,2.2027,3.0114,-2.7071
-1.8435,-0.8260,12.0644,1.7840,0.2785,-2.4696,-11.7076,-11.6071,4.1156,2.6406,2.9933,0.5927
-3.0191,0.0479,10.4579,2.6480,0.6796,-1.8315,-10.1825,-9.8378,1.1899,2.3439,1.3169,2.7395
-4.9895,1.3072,8.4755,2.7480,1.5875,-0.9959,-7.6327,-6.1675,-0.3783,1.2997,1.7733,3.4620
-4.6017,2.1907,7.1012,2.4253,2.5660,0.0112,-10.0054,-5.1116,0.1006,0.1454,2.4612,3.6989
-5.2481,2.6671,6.9695,2.2123,3.1713,0.8346,-6.9599,-2.1596,-0.6273,-0.6069,1.8278,3.4562
-3.8188,3.0909,5.3271,1.7917,2.7817,0.9790,-10.2951,-2.5929,0.3208,-1.2480,2.4056,3.9027
-3.7134,3.4285,6.0669,1.3574,2.0630,1.0592,-7.6806,-0.6919,1.1133,-1.0115,0.8875,3.7527
-4.0294,3.6847,5.8442,1.5597,0.8483,0.6503,-4.6160,2.3559,-0.4477,0.2435,-0.1051,2.5531
-4.5059,4.3742,2.1213,1.0713,-0.0554,0.8331,-7.4555,2.6025,-3.9504,-0.1011,-0.4747,1.9658
-4.4173,4.8195,0.8284,-0.1400,-0.2354,1.0501,-4.6639,4.1827,-2.9449,-1.1238,-1.6269,1.3223
-3.9265,4.4748,0.8452,-1.1764,-0.0480,1.7613,-4.1875,3.2034,-1.9656,-2.5848,-1.5904,0.5293
-1.5347,3.6033,1.6328,-2.3403,0.6658,1.8442,-0.9505,3.5865,-1.0678,-3.4901,-0.4455,-0.7593
0.3112,2.4948,2.5019,-3.6200,0.0168,1.2065,1.7166,1.5826,4.4987,-3.5300,-1.4966,-3.7325
2.9856,0.8978,5.5282,-4.3657,-0.5738,1.3346,-1.3096,-4.0366,7.3023,-3.2594,0.5343,-4.3657
2.4708,1.7047,11.6789,-4.0608,-1.1792,-0.4406,-5.9496,-7.4101,10.5201,-1.2248,1.8727,-4.3657
1.3767,1.8124,13.0628,-2.3518,-2.0864,-1.4401,-10.1059,-10.3382,10.9630,1.0938,-0.7532,-4.3657
2.5331,0.7470,15.4977,-0.6402,-1.6911,-2.1306,-11.3533,-10.9152,10.9080,2.2953,1.3783,-3.2430
1.6065,-0.8308,12.2487,0.6408,-2.1719,-3.4042,-7.6710,-10.1634,8.1930,3.8520,1.0162,-1.4293
-1.2091,-0.1772,12.1865,1.0738,-2.4231,-3.4238,-7.1299,-9.5289,4.2617,3.9057,0.6210,-1.2041
-0.8356,-0.1532,10.2520,1.4157,-1.7840,-2.9596,-8.4683,-9.1722,5.1140,3.3664,1.2684,-0.5521
-1.1660,0.5698,10.2352,1.6563,-1.4990,-2.9776,-8.5545,-8.2121,4.1994,3.3847,1.1175,0.5895
-3.0239,2.3415,8.5186,2.1545,-0.7831,-2.5190,-9.4284,-6.8498,2.2338,2.9973,1.1319,1.8381
-5.1930,4.2904,6.2800,2.5118,0.6033,-1.5402,-11.4156,-5.4540,0.1006,1.6509,1.3105,3.0463
-3.9768,4.6759,4.6232,1.9173,1.9141,0.1179,-6.7995,-1.4724,-2.2386,-0.1343,0.6558,4.2293
-4.0486,4.8578,5.1906,1.3001,3.2751,1.1894,-8.8274,-1.3384,0.2251,-1.9793,2.2032,3.7339
-3.7996,4.6950,5.0422,0.7366,3.7915,1.6587,-6.8666,0.4788,1.4054,-2.6116,2.2908,3.3148
-3.8834,4.9967,5.0542,0.1905,3.4653,2.2015,-5.3056,1.8579,1.9920,-2.5482,1.1166,3.4648
-2.6025,4.6855,3.4141,-0.2437,3.9730,2.1923,-7.9727,1.0032,1.2905,-3.1324,2.2605,3.2976
-3.7110,4.3598,4.9249,-0.8356,4.1729,2.2749,-4.9249,2.6504,1.1037,-3.3244,2.5893,2.0845
-3.2441,3.9863,4.3910,-1.3813,3.5254,2.3894,-5.1380,2.8371,-0.5435,-3.6619,2.0291,0.8078
-0.0120,3.2465,4.1851,-2.4754,1.9788,1.6106,-3.8116,2.2889,0.5626,-3.3758,0.3857,-0.8039
0.2729,2.5307,6.4859,-3.3642,0.4049,0.1829,-3.4979,1.4461,1.7502,-2.4640,-0.1735,-2.8971
-1.0511,1.3120,5.8442,-4.1479,-1.8377,-0.7241,-1.8651,-1.7597,3.0047,-1.9601,-1.4393,-4.3657
-0.0479,0.2634,8.9878,-4.3657,-3.4442,-1.2284,-3.3591,-6.4189,8.7221,-0.7544,-2.5351,-4.3657
2.2266,0.0455,14.1880,-3.1752,-2.2543,-2.1725,-8.5736,-9.9862,10.8098,1.1299,1.3210,-4.3657
-0.9050,0.7326,14.0540,-1.1115,-2.6349,-3.3918,-12.4570,-10.5273,6.1531,3.1548,0.6122,-4.2270
-2.0806,0.6991,11.1019,0.2522,-3.0838,-2.8210,-10.3477,-9.0716,5.1858,3.4396,-2.2982,-1.6232
-1.8507,1.1468,9.3589,1.0252,-1.1786,-2.5445,-8.2001,-7.7548,5.4013,2.8051,1.1522,-1.2335
-2.6695,1.3671,7.7812,1.7885,0.2658,-1.8771,-8.9663,-6.9456,1.0104,2.1137,2.4529,-0.1506
-2.9042,2.2649,7.3167,1.3395,0.3600,-0.6624,-10.2807,-6.6798,0.9457,0.7506,0.5672,1.0848
-2.2745,2.2936,8.3845,1.5368,1.8119,0.2082,-9.2249,-5.7006,2.2051,-0.1090,1.7483,2.1671
-4.0917,3.2465,7.6231,1.7597,3.0731,0.7188,-10.8912,-6.0286,0.8571,-1.4013,2.6293,3.1032
-4.0318,3.1747,9.3541,1.7829,3.5631,1.5457,-14.3508,-7.8865,2.7629,-2.2092,2.6069,4.3656
-2.3966,2.7773,7.3430,2.0655,3.4735,1.3765,-4.5274,-0.8475,1.8747,-1.4953,0.5520,4.3656
-4.2641,4.1946,6.1387,0.8833,1.9446,0.7933,-10.7332,-1.5347,1.2139,-1.8516,2.3104,4.3656
-6.1244,5.7174,7.8434,0.9722,1.8720,0.9161,-8.9232,1.1612,1.3479,-1.2473,0.7645,2.7005
-5.0087,5.3247,7.6686,1.8678,1.3928,1.7523,-8.6981,0.5291,2.3750,-0.1728,0.2392,2.3546
-2.4900,4.8937,4.2880,3.1725,2.0984,1.2253,-4.4652,2.7318,2.5953,2.0403,0.9926,2.0191
-0.3926,4.2856,-7.7357,2.7319,0.3096,0.5628,1.4341,11.8657,-10.7955,1.8720,0.0789,0.5149
-1.8268,3.5195,-8.0254,-3.5352,-2.7073,-1.0372,10.4076,11.6286,-6.9168,-1.4206,-4.3657,-3.0678
-0.6105,2.0087,5.7557,-4.3657,-3.5384,-0.4521,-0.5171,-6.7277,8.5353,-3.3011,-2.0366,-4.3657
-5.8897,5.4564,19.0794,-2.7498,2.5719,-0.5975,-19.6133,-19.3859,1.5467,-3.2306,4.3656,-4.3657
-6.8953,3.6392,15.0739,1.2983,1.5783,0.7031,-19.1584,-11.3174,1.4054,-1.7896,-0.6111,2.2473
-3.7134,3.4405,12.0285,1.7143,-0.9482,0.6706,-7.3981,-4.9847,3.6631,2.3537,-4.3657,4.3656
-3.5458,4.7262,6.5290,3.4042,-0.0065,0.7123,-4.8459,1.7382,0.1748,1.6742,1.5339,1.9625
-0.2610,4.2162,-4.3311,2.3275,0.1507,0.0677,-1.8435,7.3095,-1.7047,1.2345,1.1907,1.6305
-2.7342,6.2728,-4.6855,-0.8511,-0.1645,-0.5041,2.3343,10.1706,-5.9616,-0.2942,-2.9381,-2.1897
-2.0710,4.5681,0.8140,-2.7338,-0.8627,-0.7317,-3.3926,1.5227,2.4469,-1.4413,1.5819,-4.3151
-5.9017,5.7581,9.4260,-2.5940,0.9617,-0.8010,-19.6133,-8.3893,-1.0056,-2.0959,4.3656,-1.8502
-6.4189,5.3941,11.7627,0.0501,0.1227,0.3411,-14.8848,-5.4971,1.9201,-0.4053,-2.3940,1.9011
-3.3471,4.2784,6.8714,0.6175,-1.0929,0.6209,-7.9559,-0.3208,1.7549,0.9288,-3.8618,1.8291
-3.2729,5.0781,1.8914,0.3918,-0.0690,-0.0490,-6.0358,2.9568,-0.3160,0.0634,0.9005,0.5469
-2.1691,3.9935,0.4549,-0.8504,0.0683,-0.2975,-3.5793,4.4436,-2.3080,-0.3729,-0.1414,-0.6350
-3.5889,2.8659,4.2329,-2.0298,-0.6675,-0.4932,-7.8386,-1.5730,0.6776,-1.2335,0.2703,-2.2287
-6.1292,3.8451,10.6949,-1.4153,0.4153,-0.3455,-13.5009,-5.0949,0.4549,-0.5233,1.6629,-0.4723
-5.3822,3.9816,11.8848,0.4588,0.5423,0.5272,-14.5544,-4.9775,1.9082,-0.4716,0.1126,0.6149
-3.0574,5.2146,7.0533,1.3034,-0.9757,0.8450,-9.4379,0.2059,1.5514,1.0934,-2.4309,1.4013
-1.3455,6.0789,1.9968,1.2060,-0.4502,0.1644,-5.7006,4.6112,1.1803,0.8364,-0.6495,0.8924
-2.9736,5.3798,0.1221,-0.7729,-0.3734,-0.5481,-3.9624,5.2098,-1.3671,-0.1124,-0.6297,-0.4978
-4.4221,4.0821,5.6575,-1.9120,0.6968,-0.5722,-9.9455,-1.6640,1.4533,-1.5679,1.8555,-1.2993
-4.5705,3.5027,9.4834,-0.5640,0.7052,-0.1511,-12.2032,-3.9504,1.3647,-0.5151,1.6627,-0.3387
-4.1348,2.9353,7.6950,0.3044,-0.2373,0.0051,-9.6462,-1.7071,-0.1652,0.5991,-1.5094,0.3616
-4.9799,4.3790,5.5450,0.1687,-0.7249,0.2558,-9.9168,-0.9409,0.1077,0.1187,-0.4794,0.3866
-3.8930,4.9368,5.7245,0.2695,0.1664,0.5564,-8.9543,0.0742,1.9393,-0.1583,-0.3107,0.5951
-2.4541,6.2872,5.3678,0.7424,0.0573,0.5966,-8.7029,1.9178,2.2362,0.1412,-0.0620,0.5537
-1.1301,4.4484,1.0822,0.1880,-0.6174,-0.1663,-4.4197,3.8068,0.4022,0.6245,-1.2955,0.2960
-3.3950,3.2872,3.5554,-1.5645,-0.0080,-0.6831,-5.4708,1.6089,-1.5467,-0.7982,0.4942,-1.4217
-5.6886,1.7980,9.6007,-2.9123,0.2016,-0.8066,-12.4546,-5.4324,1.1013,-1.9521,1.8081,-1.7348
-6.0238,3.8355,16.6182,-0.7979,0.2084,-0.1472,-16.6948,-6.7373,3.8307,-0.4531,1.0291,-0.8896
-4.8626,4.8315,9.6654,0.8633,-0.9697,0.1588,-13.9965,-3.6105,3.0263,1.2225,-2.5742,1.3650
-3.0191,4.5442,6.4189,1.3151,0.1232,0.4987,-8.1977,0.2897,1.2498,0.7201,-0.9691,1.2859
-2.4900,4.7501,4.0965,1.2549,0.3722,0.7293,-6.2321,2.1596,0.6464,0.2781,0.8212,0.8252
-1.0487,4.4987,0.6776,0.7055,-0.0084,0.5073,-3.8930,3.9624,0.1460,0.3918,-0.8692,0.5240
-0.7973,3.8930,-1.7262,-0.9991,-0.1054,-0.4159,5.1523,9.4212,-5.5115,0.2237,-1.4369,-1.7612
-1.6233,3.1651,-0.9649,-3.3561,-1.4930,-0.8668,-0.1772,2.1213,-1.4916,-1.2625,-0.8039,-4.3657
-2.9640,0.8212,4.4149,-4.3657,-2.0527,-0.3913,-2.3248,-5.2648,-1.6951,-2.1821,-1.3656,-4.3657
-2.8060,-1.3743,10.8936,-4.3657,-2.2521,-0.1796,-6.9360,-13.9630,6.9121,-1.6236,-1.9529,-4.3657
0.1341,-2.5738,18.8232,-2.1673,-1.5275,-0.0807,-12.3852,-17.5088,10.7835,-0.0141,1.1810,-4.3657
2.3439,-1.9968,14.4155,-0.1230,-3.0630,-1.5070,-10.3094,-12.6270,10.2256,2.8092,-1.6350,-0.2100
1.3431,-1.1013,13.4578,1.3179,-2.1927,-2.3186,-4.9416,-9.8569,10.8050,3.6667,-1.5102,0.3167
-0.4286,-0.1030,10.2232,2.6490,-0.7412,-2.8029,-11.0397,-11.3150,5.9496,3.4316,4.3656,0.5477
-2.5666,1.5826,8.8753,2.5715,-0.3726,-2.3158,-12.4618,-10.3884,2.0901,2.9076,1.5224,4.2305
-3.3064,2.8922,8.1858,3.1187,0.9189,-1.1944,-8.6814,-6.4093,-1.4676,1.8185,-0.1789,4.3656
-3.8882,3.7804,6.5362,2.9788,2.3222,-0.0141,-7.5202,-3.2178,-1.8316,0.1452,2.0659,4.3656
-5.2577,4.2066,4.9344,2.6147,3.0390,1.0753,-8.7867,-1.4868,-5.4253,-2.0624,2.0841,4.3656
-5.1667,3.9025,3.3303,1.3055,3.0049,2.4853,0.3783,2.8587,-1.1181,-3.3450,-2.2552,4.3656
-2.6288,2.7150,-1.5060,-0.3263,1.9171,3.0053,2.3032,5.2265,-2.3008,-3.3048,-1.2974,1.9967
0.1508,1.4868,-1.0487,-3.7526,0.7237,2.5030,1.3551,2.3703,-0.9050,-4.3657,-0.2189,-1.3667
3.8810,-1.0295,2.8659,-4.3657,-0.4855,1.4152,1.0080,-3.5937,9.5960,-4.3657,0.6675,-3.6960
3.4285,-0.6919,14.5998,-4.3657,-0.4122,0.4138,-2.2290,-7.3574,12.0476,-2.3129,1.7838,-4.3657
5.5258,-0.6225,18.4138,-2.0416,-0.5244,-1.1888,-11.6071,-13.1226,13.0580,0.6005,4.2622,-4.3657
1.3623,-0.4094,16.0435,0.3180,-1.3935,-2.4507,-13.9366,-13.1083,11.4922,3.5238,0.1035,-2.3321
0.7278,-0.8643,11.9447,2.3497,-0.9089,-3.1780,-8.7149,-10.2376,5.6503,4.3048,0.8692,0.0276
-2.8467,0.0407,8.2552,2.8410,-0.0917,-3.0638,-9.0980,-8.6407,2.6432,3.7471,2.6293,0.8332
-4.3814,2.0734,8.4515,2.9138,0.2779,-2.1033,-13.5823,-8.7149,0.2610,2.7821,2.3802,3.0759
-5.9113,3.4836,7.3813,3.2867,1.2997,-0.9128,-9.6175,-4.9584,-3.3878,1.5311,0.6904,4.3656
-4.7070,4.0175,3.4117,2.8293,2.3359,-0.0216,-6.2130,-2.0662,-1.8435,-0.1022,-0.0394,4.3656
-6.2153,3.5985,1.7454,1.5930,3.2700,1.2991,-1.0175,4.8602,-3.4046,-1.0780,0.7554,3.1930
-4.7477,3.6895,1.5802,-0.9256,2.4134,2.2473,-3.5721,4.6735,-5.8466,-3.2891,2.8940,2.4015
-2.1189,2.5426,0.1269,-2.6951,0.9966,2.2555,-1.8220,2.9784,-2.0782,-4.3633,-1.1820,-0.1937
0.6393,0.5531,3.0023,-4.3657,-1.0429,1.0914,1.4413,0.6680,3.9911,-4.3613,-2.5759,-2.4047
2.5379,-1.5323,6.8761,-4.3657,-1.0054,0.9385,2.5067,-2.9808,7.3406,-3.1328,-0.0147,-4.3657
4.1324,-0.9912,14.9135,-4.3657,-1.8297,-0.8482,-5.9209,-9.3326,9.6702,-0.6779,2.9705,-4.3657
1.0511,0.8068,18.2941,-2.0327,-1.7396,-1.9757,-14.2120,-12.9407,11.9710,1.5423,0.1909,-4.3657
2.0686,0.1077,13.2782,1.0134,-1.5577,-2.6445,-18.0834,-12.9885,11.6454,3.2282,-0.0683,-0.9222
-1.6400,-0.4573,10.3166,1.8458,-0.8155,-2.9334,-9.0285,-9.7276,4.9967,3.7948,0.0015,2.4970
-2.8706,0.7781,10.5800,2.6593,0.6809,-2.1377,-13.1370,-10.1586,2.9233,2.7370,2.8316,4.3656
-4.2186,1.2402,8.7747,2.9224,1.6288,-1.2135,-5.2816,-2.8419,-3.0143,1.8049,0.1809,4.3656
-3.6152,1.9992,7.1036,2.1386,1.8475,0.1456,-7.5298,-0.8068,-0.5195,-0.3279,0.2358,2.9996
-3.3495,2.7390,6.6894,1.3901,2.3242,0.9218,-6.5362,0.6201,1.3168,-0.6654,2.5614,2.8547
-2.8683,2.9042,4.4365,0.9662,1.5360,1.2243,-6.0454,1.9106,-1.1684,-1.0465,-0.2305,1.5860
-2.9209,2.4349,2.3535,-0.2173,1.0066,1.6706,-3.5219,2.8299,-1.8675,-1.8094,-0.8739,0.7859
-0.2514,1.9178,1.2019,-1.9781,0.0813,1.2339,0.4238,3.4860,-1.3216,-2.4841,-0.6851,-1.0256
0.9170,-0.6847,0.7398,-3.8076,-0.7420,1.2232,2.4014,0.4669,1.7190,-3.3577,-1.1261,-4.0839
1.7885,-1.5443,5.6599,-4.3657,-2.5583,-0.0069,-0.6536,-4.6471,3.3399,-2.9933,-0.4435,-4.3657
-0.3974,-0.7470,15.8113,-4.3657,-1.7765,-0.0986,-8.7125,-12.1817,7.1898,-2.6442,0.7731,-4.3657
2.3415,-0.6919,18.9477,-0.7128,-0.9385,-0.3861,-19.6133,-15.9143,15.7299,-0.0911,1.9788,-3.7972
0.6033,-1.7095,10.0844,1.3324,0.6347,-1.3540,-10.7763,-11.0349,8.5952,2.8573,-1.2781,2.0832
-0.8811,-1.4461,10.1849,2.1112,0.9154,-1.5736,-4.8195,-5.9711,0.3376,2.6156,1.3354,1.5451
-1.5658,-0.0886,7.9009,2.3863,0.0998,-1.2546,-9.6438,-6.2441,3.1125,2.0913,1.8762,2.3530
-1.9728,0.7494,6.8498,2.7707,0.1103,-1.3007,-8.4443,-4.3239,0.1604,2.1174,-1.0861,3.2620
-4.6112,1.5395,3.9480,2.7683,0.5356,-0.8351,-8.6550,-3.0191,-4.3048,1.2474,0.7933,3.6885
-5.7676,1.4820,3.1005,1.8181,0.6588,0.7001,-2.1500,1.5610,-6.6559,-0.5096,-1.0788,2.9295
-1.9201,0.3807,-0.7374,-0.1366,0.0761,2.0430,-1.4653,1.4820,-1.6664,-2.1409,-1.8101,1.5316
-1.2258,-0.1030,1.2594,-2.9541,-0.2923,1.9930,2.5211,1.9106,0.9074,-3.2030,-1.2891,-0.8048
2.2817,-1.5395,6.0908,-4.3657,-1.1790,2.2808,7.6543,-2.5331,9.3518,-2.7387,-1.9356,-4.3657
6.7301,-1.5036,18.0738,-4.3657,-0.8411,1.7062,-9.5122,-12.2703,9.7540,-2.2390,3.5823,-4.3657
5.7628,-1.8268,17.6117,-0.1372,-0.8922,-1.3832,-19.6133,-15.0883,17.5710,1.4264,3.6761,-3.3482
2.4157,-2.1069,11.8513,1.3415,-1.0011,-2.3771,-8.9543,-9.3565,7.9559,3.6215,-4.3657,1.2854
-0.8236,-0.9864,10.2304,2.1598,-0.0237,-2.6536,-6.7181,-7.3047,4.2306,2.8348,1.7856,-0.1094
-2.3750,1.0439,8.7771,2.1610,0.6285,-1.5972,-11.1905,-6.2944,2.2482,2.0351,3.9865,1.6511
-1.8699,2.2338,7.0653,2.2628,0.6638,-0.8994,-13.2375,-5.9280,1.3479,0.8950,-0.3918,3.5471
-2.3367,2.7318,6.3375,2.0007,1.5051,0.0642,-4.6304,-1.0199,-1.4006,-0.1100,-0.6634,3.9723
-1.8316,2.8252,5.0254,1.5278,1.6669,0.7731,-5.3582,-0.1389,-0.0527,-1.0139,2.0158,3.3064
-1.5155,2.9161,3.6296,0.5441,1.3687,0.9734,-5.6790,0.4693,1.3982,-1.8186,0.3531,2.7412
-2.3607,2.8084,4.9847,-0.6399,0.7995,1.1766,-5.5186,0.4046,0.7350,-2.3619,-0.2360,2.8855
-1.3838,2.1213,6.2010,-1.3296,0.1836,1.3648,-3.8020,0.6871,2.9904,-2.5925,-0.6095,0.9888
-0.8691,1.7310,5.0781,-2.1362,0.2894,2.0248,3.7062,2.4828,8.6742,-1.9620,-1.3615,-1.1907
5.7006,-0.0311,6.0885,-3.4033,-0.9137,1.5010,0.5866,-0.7805,2.9688,-0.3571,0.2273,-4.3657
1.9345,-1.2019,13.2830,-3.5537,-1.9123,-1.0693,-8.7317,-10.0317,9.4619,-0.5660,-0.9642,-4.3657
1.5945,-1.9273,15.2295,-1.4582,-2.3907,-1.1463,-13.3429,-12.9742,12.9574,0.4778,-1.2907,-3.5936
1.6257,-2.8467,13.5799,0.9264,0.7128,-1.9036,-12.0787,-12.8090,12.2296,2.2825,1.6882,0.1448
0.2610,-2.5905,11.3892,2.6838,1.5094,-2.4035,-9.5433,-10.0006,5.4109,2.6930,2.8024,1.6808
-1.5131,-1.1995,9.1818,2.7392,0.6607,-2.1529,-6.9959,-6.8833,2.6480,2.8826,1.3384,2.4924
-1.6735,0.8452,8.1594,2.8741,0.6984,-1.6794,-11.2336,-6.4811,2.0087,1.9843,1.9754,2.9577
-2.1189,1.8244,6.8714,2.8245,1.1770,-0.8745,-6.9983,-3.2441,-2.8754,1.1255,0.6420,4.3656
-3.3016,2.4588,5.5426,2.7058,1.5423,-0.2790,-3.5099,-0.2682,-1.7741,-0.4133,-0.7494,4.3656
-3.8930,3.0263,2.6839,1.8187,1.4683,0.5754,-2.2769,2.4995,1.6712,-0.3685,-0.2614,2.4123
-2.9664,2.9113,1.5754,0.1443,1.0391,1.6218,-2.8802,3.9361,-1.2737,-1.2028,1.5400,2.0816
-1.0104,3.1867,2.9473,-1.2457,1.1539,1.2798,-1.8340,3.9049,1.4437,-2.0119,-0.1577,0.2605
0.2490,2.0806,6.0023,-2.4423,0.6431,1.4461,0.6488,2.6217,3.3399,-1.9991,0.9454,-2.5929
3.3471,1.5323,7.7572,-3.0806,-1.3764,0.8595,-5.1906,-3.6105,4.0103,-1.9500,0.6181,-4.3657
3.2346,1.3958,11.5017,-2.9259,-1.6443,-0.0553,-7.2856,-6.5864,10.2232,-0.6030,-0.7778,-4.3657
2.1308,1.5874,11.9830,-1.1519,-1.3940,-1.0051,-7.5896,-7.9464,13.2423,0.9393,-0.6757,-4.3657
1.4078,0.8882,10.8457,0.0830,-0.5562,-1.5863,-12.7180,-10.5249,8.4300,1.7605,2.7744,-3.6310
0.1556,1.1325,9.2033,0.8922,-0.0282,-2.0063,-11.1187,-9.0740,8.8633,2.2532,2.6943,1.8919
-2.0518,1.1875,9.9838,1.2291,0.0795,-1.3965,-11.5520,-7.6998,0.3879,2.1871,0.1781,3.4768
-2.2601,1.8483,8.8562,1.8321,1.0674,-1.2089,-10.2520,-5.5115,0.3089,1.2177,2.0867,4.0384
-3.6057,2.2745,7.0270,1.9051,1.6726,-0.4401,-10.4315,-2.8683,-2.1835,-0.3388,1.3474,3.3975
-4.9656,3.1939,7.1395,1.1967,1.6232,0.2831,-7.5537,-1.1109,-4.8530,-1.8883,0.3360,4.3656
-5.2385,2.7629,3.8786,0.9092,1.6116,1.3711,-6.1292,0.7207,0.9218,-2.7964,-1.9053,3.5206
-3.9193,2.6193,3.4261,-0.5609,1.4185,1.8564,-4.2186,1.9848,1.5969,-2.4720,0.7285,2.3795
-3.3160,3.0191,5.7509,-0.9145,1.8535,2.0546,-4.4915,2.7126,-0.4645,-2.9106,2.2974,1.3383
-0.9050,1.1229,2.4062,-1.8181,0.3629,2.3275,-2.2290,1.9489,0.1437,-3.2109,-1.1339,-1.1764
0.7925,0.8643,2.6121,-3.3973,-1.2821,1.7958,1.1875,1.2665,5.7461,-2.3084,-2.0867,-2.5722
3.4812,0.1939,7.2209,-4.1335,-1.1803,1.0854,1.0750,-1.7406,6.7995,-1.8692,0.2904,-4.3657
2.6887,0.0646,10.3932,-3.5349,-0.7954,-0.1572,-5.0302,-7.6710,8.2097,-0.6241,1.1958,-4.3657
2.0877,-0.0670,14.8752,-1.7762,-0.1615,-0.9285,-15.5743,-12.6725,12.9431,0.3960,2.8261,-4.3657
-1.0822,-0.8667,13.8074,0.2944,-0.3068,-1.2512,-11.6669,-10.0963,8.0732,2.9283,0.3724,0.1563
-1.3024,-0.4094,11.8250,1.3716,0.4029,-1.1309,-12.1338,-8.5210,2.7581,2.2107,-0.1771,2.2668
-3.9409,0.3136,9.0836,2.3778,1.9870,-0.8368,-17.5830,-9.1291,2.4157,0.6905,3.5032,4.0445
-4.3072,0.6991,9.2871,2.6131,1.9569,0.3365,-11.3342,-4.8387,-3.8211,-1.0248,0.6583,4.3656
-4.8722,0.4573,5.7772,2.1309,2.7402,0.5909,-4.4388,-0.5004,-2.4852,-2.3174,-0.4211,4.3656
-4.2377,1.0606,5.1978,0.4417,1.4895,0.8620,-4.2760,0.7350,4.9368,-2.0147,1.8143,2.6289
-3.5554,1.9297,8.3199,0.0489,0.4518,0.6352,-6.4979,1.3001,3.0335,-0.2049,1.1190,1.6475
-2.2194,2.0830,7.4675,0.5496,-0.0593,0.4541,-6.0406,1.7286,1.0702,0.1755,-0.9597,-0.1033
-1.3336,2.0231,6.0525,0.1042,-1.1417,0.2194,-1.1732,2.9640,3.5219,0.5251,-2.0314,-1.6654
-0.0192,1.9321,4.5777,-0.5217,-1.7233,-0.2983,0.6536,1.0104,3.6631,1.8459,-2.4909,-4.3657
0.4908,2.6097,5.4277,-1.2601,-1.4293,-0.4531,-5.3247,-2.6073,2.8395,0.3337,0.5534,-4.3657
-0.0096,2.1069,6.9480,-1.4144,-0.4319,-0.5672,-8.5521,-5.6240,6.7947,0.3096,1.4162,-4.3657
-0.6776,2.1596,11.2240,-1.2601,-0.6879,-0.7525,-11.3174,-7.2233,5.0159,0.4434,0.8843,-3.6928
-1.5227,2.3176,11.0492,0.0541,-0.5970,-0.7897,-15.5432,-9.0573,6.1579,0.7989,0.9342,-1.0447
-2.5426,1.9968,9.8665,0.9966,-0.1728,-0.7986,-14.5951,-8.2025,3.5171,1.0006,0.3031,2.3635
-3.2322,1.8699,9.8402,1.5667,0.1813,-0.7044,-13.8241,-7.5058,-0.5483,0.3814,0.6075,4.3656
-5.1332,1.8411,7.7189,1.5792,0.1655,-0.4549,-4.5562,-1.6735,-0.1844,-0.2114,-2.4972,4.1967
-4.9225,2.4995,6.8091,1.2914,0.4775,0.0811,-8.9591,-1.9154,3.0239,0.0324,0.2028,2.7753
-4.6687,3.2082,7.4891,1.2176,1.2252,0.5105,-8.7628,-0.1748,0.7350,-0.1869,1.8723,2.2743
-4.3215,3.7828,6.4021,1.3206,1.1591,1.0006,-8.0613,0.9960,0.4956,-0.2765,-0.3620,2.5249
-3.1532,4.2737,4.3742,0.9650,0.7342,1.2610,-9.2919,0.9840,0.2562,-0.6749,0.0485,2.6156
-2.1763,4.1827,3.6440,0.5227,0.7277,1.3307,-3.9792,3.3447,0.6560,-1.4445,-0.5728,2.7139
0.2203,3.9648,2.4397,-0.1812,0.1027,0.9363,-2.2697,3.6392,4.0630,-1.2761,-1.0215,1.2120
-0.2274,4.3981,4.7956,-0.5315,-0.0440,0.5289,-2.8204,3.6943,3.0550,-0.5666,0.1644,0.4159
-0.3376,4.2952,5.3702,-0.5367,-0.1443,0.3837,-0.5746,3.6152,6.6726,0.0063,-0.2691,-1.9193
1.8914,3.7302,4.0127,-0.7119,-1.0952,0.0454,0.9313,2.1835,4.8961,2.0462,-0.8275,-4.3657
1.9369,3.4429,5.6743,-1.5855,-0.6308,-1.0516,-5.9879,-1.5467,0.7901,0.4449,2.3814,-4.3657
0.0790,2.9951,7.0030,-2.2660,-0.5580,-1.9612,-10.6781,-5.2026,6.0573,0.4582,1.7940,-4.3657
-1.7885,2.7461,10.8816,-2.3090,-1.6439,-1.5756,-8.6215,-6.2417,3.4046,1.6407,-1.2023,-4.3657
-1.4940,2.3798,14.0157,-1.5812,-0.9344,-1.6196,-12.2655,-9.4810,5.0829,0.5000,1.3003,-4.2947
-4.2306,2.1644,11.4539,-0.0741,-0.3501,-1.5958,-18.0762,-12.1147,4.7836,0.9060,1.7908,-0.9685
-4.0749,1.6783,10.6973,0.7857,-0.5123,-0.8765,-13.7307,-9.3398,2.2051,1.0079,-1.0277,3.1288
-4.0438,1.7621,7.9655,1.1855,0.5694,-0.5064,-7.8290,-4.4460,-1.3455,0.3553,-0.0480,3.0446
-4.4772,2.5474,6.4356,0.7695,0.5261,-0.0830,-11.9902,-5.1068,-1.8771,-1.0780,1.5597,3.9325
-5.2744,3.2825,7.5944,0.9638,1.1315,0.4069,-6.2345,-1.0846,-3.0622,-2.2627,-1.9461,4.3656
-5.4037,2.5666,3.4644,0.7938,0.8183,1.5896,-4.6807,0.5124,0.5698,-1.6582,-2.4341,3.0996
-1.1684,1.7693,2.9664,-0.3718,0.2618,2.0905,-2.0327,2.0327,0.5483,-2.3511,-0.6289,1.9827
-1.1636,2.2098,4.6495,-1.1895,0.5371,1.1784,-0.8428,2.7222,-0.6512,-2.1350,-0.8687,0.2487
1.0726,1.8986,4.5250,-1.8820,-0.7025,0.9968,-1.3910,-0.1508,6.0980,-2.9688,-1.6649,-2.4156
2.5738,1.1205,5.8826,-2.9334,-2.1208,0.3203,-0.6728,-1.8411,9.2632,-1.5994,-1.9545,-3.2644
4.0558,1.5969,11.5616,-2.1801,-1.1206,-0.2278,-3.0430,-5.8897,11.0732,0.0690,1.0485,-4.3657
2.1069,1.1636,12.0692,-0.5159,0.0614,-1.4472,-10.5560,-9.2751,11.3150,1.6746,4.3656,-4.3657
-0.3663,0.9601,10.9726,-0.0232,-0.3914,-1.9377,-10.1658,-8.1738,8.3845,2.7046,2.0396,-1.1784
-0.5195,0.4717,12.5121,0.6261,-0.6279,-1.9557,-10.0149,-8.0924,4.1587,3.1032,1.2360,0.4028
-2.1093,0.7278,11.3461,1.7148,0.0254,-1.8931,-12.7994,-7.7859,2.4301,2.5218,2.1156,1.0548
-4.0677,1.9632,9.3374,2.0991,0.5224,-1.6872,-12.4020,-7.1754,1.9752,2.2894,0.3934,4.3656
-3.8092,1.7717,8.0756,2.6052,1.4358,-0.6646,-9.9719,-2.4900,-1.4700,0.6712,-0.7333,2.8442
-5.1332,2.8946,6.0262,1.9630,1.9921,0.2874,-9.1387,-1.1732,-1.7454,-0.4824,2.7131,4.0023
-4.6400,3.4189,5.4731,1.7842,2.1707,0.8215,-7.7859,0.2921,-0.5938,-1.6693,0.8466,4.3656
-5.3439,3.4285,3.8307,1.2377,1.9217,1.4164,-3.0933,3.5243,1.6568,-0.9558,-1.4336,2.7073
-2.8563,3.5817,2.7438,0.1255,1.3342,1.8133,-3.0742,5.1284,-2.7342,-1.0380,1.2221,1.4472
-1.1277,3.3327,1.7262,-1.1082,0.2081,1.4526,-1.2929,4.7262,-0.5459,-2.1891,-0.3277,-1.5382
-0.1149,3.4907,2.5546,-2.4364,-0.7819,0.7193,1.0894,3.6368,4.2329,-1.9243,-2.5722,-3.5145
0.9050,2.5402,4.0941,-3.1137,-0.9134,0.4968,-0.9242,-0.5674,4.9656,-1.4436,0.0312,-4.3657
0.8332,3.3016,10.4842,-2.7824,-0.3768,-0.0101,-7.2377,-6.3183,9.3398,-0.9613,1.9826,-4.3657
1.4174,3.2465,12.8736,-0.5853,1.0279,-0.7592,-14.0109,-8.5042,8.1906,0.1993,4.0705,-4.3657
-1.1803,2.5546,10.2137,0.2194,-0.9429,-1.3716,-13.3309,-6.9480,3.7709,1.4810,0.3520,-0.7830
-2.2889,2.3248,9.8857,0.1010,-1.0644,-1.1511,-10.0604,-6.4548,4.5370,1.4264,-1.7628,0.5645
-2.4972,2.7390,10.5010,1.1583,-0.3124,-1.0662,-14.0827,-7.6614,5.0781,1.1679,2.3712,2.2242
-3.6320,2.9113,9.4140,1.6431,-0.3255,-1.1544,-13.1394,-6.6319,0.9936,1.4910,-0.1525,4.3656
-4.3287,3.0263,8.4491,2.0867,-0.3196,-0.9635,-7.4388,-1.7142,-1.4772,0.9894,-2.1741,4.3656
-5.8419,3.6176,6.2153,1.9117,0.0414,-0.4592,-6.3949,0.9984,0.6488,0.6527,-0.6714,3.7180
-5.9640,4.3311,4.2329,1.3400,0.8480,0.4830,-9.8545,1.1085,-1.8890,-0.4098,0.4374,3.7206
-6.0214,4.5825,4.2234,0.6635,1.5108,1.3582,-5.5569,3.5051,0.0431,-1.4918,-0.6606,3.5368
-4.0127,4.3072,3.0933,-0.0266,1.3179,2.0207,-4.5011,3.9480,0.5794,-1.7669,-0.0593,2.0696
-1.4054,3.7421,2.7701,-1.0676,1.1828,2.0691,-2.4612,4.2808,2.0423,-2.1461,0.8021,0.4738
0.9792,3.3639,4.1228,-1.9225,0.7242,1.2184,0.2370,4.0725,5.7557,-1.8631,0.6301,-1.5354
1.2115,3.6129,6.0310,-1.8402,-0.1757,0.5590,-3.5602,1.1372,3.8978,-0.5248,1.0629,-4.0557
0.4693,3.5650,6.5769,-1.7976,-0.6877,-0.1687,-6.5146,-0.6943,3.8954,-0.4658,0.3992,-3.9758
-0.3184,3.3471,6.4859,-1.7504,-1.0421,-0.3876,-9.2081,-2.8467,4.8267,-0.2986,-0.8367,-3.1857
-2.2194,3.2394,9.2009,-0.7040,-0.5076,0.0265,-9.2320,-2.9042,4.2234,-0.3729,-0.7589,-1.0156
-1.7909,2.7845,8.3199,-0.4723,-0.5586,0.2364,-8.4803,-2.7485,4.6759,-0.1443,-0.6989,-0.6583
-1.5347,2.7318,8.3079,-0.3772,-0.1921,0.1728,-8.9902,-2.9066,4.4125,-0.2156,0.0298,-0.5798
-1.0391,2.8515,7.9104,-0.3151,-0.4207,0.2422,-8.3175,-2.7509,4.7836,-0.1820,-0.6053,-0.3692
-0.8643,2.5091,8.4539,-0.3436,0.0096,0.1290,-7.3167,-2.6240,4.5035,-0.1819,-0.0334,-0.4129
-1.3192,2.0279,8.4659,-0.5649,-0.0005,-0.0280,-7.6926,-3.2609,4.1755,-0.2017,0.1908,-0.5377
-1.4581,2.0423,9.3206,-0.3893,-0.0678,0.1085,-8.3438,-3.8906,3.8930,-0.3082,-0.0597,-0.6383
-0.7207,1.5586,8.1451,-0.2459,-0.1268,0.1494,-8.3294,-4.4819,4.7477,-0.2069,-0.1575,-0.2000
-0.7278,1.5658,9.0261,-0.1892,-0.0589,0.1142,-7.1323,-3.6607,4.0079,-0.1259,-0.0943,-0.1561
-1.0032,1.7286,7.9583,-0.0898,-0.2346,0.0366,-7.2760,-3.4189,4.3455,0.0865,-0.3164,-0.1183
-1.0846,1.9010,7.7428,-0.2120,-0.2285,-0.0080,-7.3622,-3.5482,3.8379,-0.0569,-0.1665,-0.2429
-1.1444,2.1596,8.4994,-0.1793,-0.0693,0.1178,-8.0852,-3.6871,4.2210,-0.2045,-0.0770,-0.2134
-0.4262,2.1859,8.1834,-0.0196,-0.1147,0.1884,-7.2903,-3.3184,4.5657,-0.0540,-0.2567,0.1023
-0.3424,2.2386,8.3438,-0.1027,-0.0982,-0.0055,-6.5745,-2.7845,4.5155,0.0406,-0.0903,-0.0308
-0.6105,2.4421,7.9871,-0.0308,-0.1318,-0.0085,-7.4962,-3.0885,4.4365,0.0376,-0.0637,-0.0723
-0.5531,2.5474,7.8314,-0.0698,-0.1250,-0.0329,-8.0732,-3.4524,4.9895,0.0528,-0.0165,0.4465
-0.3567,2.2146,8.0709,0.0585,0.1154,-0.0159,-6.2177,-2.4732,4.0151,0.0124,0.0508,0.1295
