1.2402,2.1093,4.0031,-4.3657,1.5424,2.7943,-2.0806,-1.8938,3.5482,-4.3657,-0.1928,-3.2945
3.1651,0.2873,6.8259,-4.3657,0.5348,2.4937,-3.9696,-5.3965,7.3454,-4.3657,-0.2437,-4.3375
6.1531,-0.5028,13.1514,-4.3657,-0.9505,1.1987,-5.2122,-8.2480,13.0269,-2.4269,-1.0674,-4.3657
6.8498,-0.5674,15.0523,-3.0266,-2.6730,-0.7909,-7.6016,-9.9335,13.3716,0.6388,-0.6186,-4.0017
6.1842,-0.7997,13.8529,-1.3755,-3.1345,-2.1583,-7.9631,-10.6949,13.7810,2.8156,-1.2445,-3.0030
5.3606,-1.4030,13.3932,0.2248,-1.4685,-3.6497,-7.0844,-11.2384,12.6294,4.0055,1.8762,-2.3731
2.9305,-1.4437,11.5855,1.7607,-0.6374,-4.3657,-6.3063,-10.2376,7.3526,4.3656,3.5170,-1.2786
0.0838,0.4549,9.1243,2.4565,-1.3253,-4.3657,-9.5361,-9.9719,4.1037,4.3656,2.9150,-0.1340
-2.2194,3.5482,9.0309,3.1447,-1.0376,-3.9470,-10.8721,-7.6614,0.6057,4.3656,2.7122,1.5805
-2.1668,4.9560,6.2441,4.1395,0.2975,-2.8076,-9.7971,-3.8618,-2.4876,3.5340,1.9538,2.7021
-4.0558,7.0318,2.4086,4.1366,1.1283,-1.4069,-10.4914,-2.1644,-4.2449,1.7336,2.0218,4.3656
-4.0701,7.5298,1.6257,3.7056,2.8551,0.4864,-6.9456,0.7925,-4.6208,-0.8664,0.9839,4.3656
-3.7254,7.3717,-0.3280,2.6600,4.3656,2.0002,-2.8635,3.3255,-3.4429,-3.4287,1.2923,4.3656
-2.1644,6.3255,-0.3352,0.4998,4.3656,3.2423,-0.3256,5.6312,-0.1532,-4.3657,1.6347,3.7466
-1.6089,5.7174,0.0048,-2.0844,4.3656,3.4896,-1.5850,4.9608,0.1197,-4.3657,3.1349,1.3093
0.1197,4.0725,2.7294,-3.7317,4.3062,3.2436,-1.9656,2.7533,-0.2777,-4.3657,1.6457,-1.0400
1.3408,2.4612,3.6152,-4.3657,2.4824,2.6446,-1.8100,-0.6943,2.3200,-4.3657,-0.6431,-2.6933
3.0167,0.2346,6.0621,-4.3657,0.5325,2.0067,-3.5554,-5.2313,6.9432,-4.3657,-0.4727,-3.5778
4.6735,0.0168,12.6558,-4.3657,-1.2650,0.7353,-6.6295,-7.2401,15.4450,-1.8289,-0.2113,-2.7260
8.1810,-1.2115,17.2095,-3.5390,-2.1081,-0.9888,-3.2154,-7.4795,13.4147,1.4625,-1.4706,-4.3657
5.0254,-0.9457,15.3492,-1.0629,-1.7902,-3.5902,-9.1578,-12.0740,13.1921,2.9246,1.7585,-4.3657
1.9992,-1.2186,13.4003,0.5569,-2.0252,-4.3657,-11.6669,-12.8736,10.3046,4.3656,2.0217,-2.9555
-0.2610,-0.1915,12.1817,1.4589,-2.6124,-4.3657,-9.4068,-10.8912,5.3127,4.3656,0.7763,-0.2495
-1.5490,1.5610,10.2951,2.6429,-1.2458,-4.2607,-11.6717,-9.5481,3.1699,4.3656,2.5944,0.2840
-2.9377,3.7804,8.0373,3.6607,-0.1499,-3.1944,-10.5393,-6.0310,-2.3894,4.2129,2.2413,2.9822
-3.7852,5.6024,5.7748,4.2987,0.5196,-1.9481,-9.8450,-2.7438,-3.1077,2.5319,0.5195,4.1877
-3.9959,6.2632,2.0351,4.3656,1.7491,-0.2817,-6.7253,0.4070,-3.5314,0.8832,0.7278,4.3656
-2.4157,6.4931,0.1460,3.0242,2.5736,1.1858,-3.5865,3.8595,-2.8347,-1.3053,0.5574,4.3472
-1.4892,6.6295,-2.1332,1.1513,3.7678,1.7630,-1.1827,5.6838,-0.3615,-2.8501,1.3841,3.3797
-1.8771,6.8690,0.2011,-1.1005,3.7551,2.0154,-2.0063,6.2824,-1.6735,-3.9231,2.4014,0.9479
-0.2586,5.6623,1.4437,-2.7090,2.5855,2.2589,-2.0830,4.3144,-0.2538,-4.3657,0.9439,-0.7710
3.0119,2.5570,2.2553,-4.3657,0.9329,1.9057,1.5012,0.4812,4.6352,-4.3657,-1.7046,-3.5783
6.8211,-0.4693,9.3422,-4.3657,-0.1039,0.5505,0.4621,-5.7269,10.9439,-3.1625,1.2578,-4.3657
8.2361,-0.3926,14.6980,-4.3657,-2.0246,-1.5310,-6.5697,-11.1259,16.3979,-0.0565,0.8684,-4.3657
5.1044,0.4238,19.1823,-2.1542,-3.0044,-3.7385,-12.0787,-13.5584,14.5783,3.3199,0.5609,-4.3657
3.6751,0.3615,14.3844,0.2529,-2.9857,-4.3657,-11.0349,-12.8114,12.5863,4.3656,0.1936,-2.5574
2.2529,-0.4812,10.9630,1.7417,-1.3234,-4.3657,-7.2329,-11.0947,7.3071,4.3656,3.2834,-1.1898
-3.3926,1.6472,9.2608,3.1640,-0.6596,-4.3657,-10.2592,-9.5313,1.6137,4.3656,4.2618,0.3696
-3.9456,4.3742,7.8410,3.2924,-1.2057,-3.3989,-11.3270,-7.1443,-0.8475,4.3656,1.2790,2.2835
-3.3495,5.2218,5.5929,4.1195,0.5802,-2.1489,-9.4547,-4.1037,-2.5762,2.9684,1.8107,4.0406
-3.6320,6.2824,2.0423,4.1378,1.9513,-0.2256,-8.8681,-1.1420,-4.1013,0.5682,1.3763,4.3656
-3.5578,6.6104,-0.0168,2.9334,3.6611,1.2128,-3.7302,3.0742,-2.1548,-1.6301,0.9545,4.3656
-2.9137,6.9264,-1.4485,1.1337,4.3656,2.1177,-2.4876,5.5857,-1.5083,-3.2667,2.5207,2.9230
-2.8778,7.4508,-0.1604,-1.4789,4.3656,2.3543,-4.0773,5.7892,-4.5538,-4.3657,3.1818,1.5211
-1.1013,5.2289,0.3974,-3.4155,3.4123,2.5662,-2.3774,2.9090,-0.1580,-4.3657,-0.4892,-0.2971
0.9577,2.2218,2.8683,-4.3657,1.5529,2.5429,0.6273,0.0455,2.4541,-4.3657,-1.4605,-2.3125
7.0030,-0.2370,4.1731,-4.3657,-0.6356,1.4510,0.9433,-3.8451,9.6750,-4.3657,-0.9666,-4.3128
6.6176,-1.6041,11.8848,-4.3657,-1.2181,-0.1069,-1.4269,-7.3310,12.1913,-2.8094,-0.5264,-4.3657
8.1020,-1.1612,16.4218,-4.3657,-2.7191,-2.1360,-5.5258,-12.1985,18.2893,0.6277,0.0490,-4.3657
6.8977,-1.4078,19.5918,-1.2168,-3.0665,-4.2962,-10.9247,-14.4299,15.2247,3.9110,1.4822,-4.3657
2.8491,-1.2498,12.7276,0.7927,-2.1999,-4.3657,-6.5888,-12.1051,11.2049,4.3656,0.6466,-2.4247
2.2984,-1.2378,9.4499,1.3358,-1.4935,-4.3657,-4.8794,-10.3453,5.3463,4.3656,3.3815,-2.1907
-0.3735,0.2442,8.9423,2.1695,-0.8064,-4.3657,-6.4356,-8.4228,3.1915,4.3656,3.6656,-1.5823
-2.4181,3.0957,7.5537,2.7683,-1.2564,-4.3657,-13.6206,-9.0261,0.0383,4.3656,2.8314,1.1347
-3.5554,5.3079,6.1579,3.0290,-0.5109,-2.5150,-12.2368,-5.5545,-2.4900,2.9042,1.2676,3.6571
-4.8100,6.4691,3.7397,3.5034,2.3771,-0.4537,-7.8123,-0.8691,-3.2178,0.3517,1.4372,4.3656
-4.9225,6.9216,2.2386,2.6292,4.3224,2.0336,-6.1004,1.7837,-4.1779,-2.3406,2.3275,4.1591
-3.9337,5.9855,1.6640,1.1374,4.3656,3.6633,-5.0159,2.5881,-3.9361,-4.3657,1.3383,3.9723
-0.9409,4.6424,1.1516,-0.8676,4.2313,4.3284,-3.0813,1.5395,-1.3455,-4.3657,-0.9705,3.6832
-0.2251,3.4381,0.0838,-3.1099,4.1631,4.1053,0.8763,1.3001,1.7933,-4.3657,-0.3024,1.5264
4.4843,-0.2035,4.0869,-4.3657,2.3844,3.5551,3.5147,-1.7717,8.0038,-4.3657,-0.1216,-1.7118
9.0764,-1.8387,7.1251,-4.3657,-0.8711,1.9201,2.0327,-5.2409,14.4227,-4.1267,-0.3380,-4.3635
9.2464,-2.6552,15.9214,-4.3657,-1.8036,-0.8535,-2.1572,-8.4443,15.2822,-1.1032,0.4766,-4.3657
5.9831,0.0838,15.4258,-2.8546,-2.6582,-2.7979,-7.5441,-11.4108,12.4953,1.7734,0.1144,-4.3657
4.2928,0.0694,15.2846,-1.0456,-3.3024,-3.3000,-10.8793,-12.8138,13.4387,3.1267,-0.3457,-3.9620
2.9305,-0.3041,11.6334,0.6992,-1.1179,-3.8180,-9.9383,-12.0740,9.9311,3.7597,2.3053,-1.4879
1.8794,0.8691,10.8697,2.2437,0.1863,-4.1773,-9.2153,-9.9192,5.8754,4.0045,3.4853,0.8817
-1.9872,2.0853,10.3190,3.5100,0.3857,-3.3255,-9.9527,-8.2217,2.5450,3.9932,2.4944,2.5410
-2.2362,3.7397,7.6447,4.0485,0.4575,-1.8571,-9.4403,-5.0996,-0.7230,3.0435,1.4072,3.8452
-3.7302,5.3295,4.1515,4.3656,1.8740,-0.6945,-7.7548,-2.4301,-2.6408,1.6462,1.2296,4.3656
-4.3335,5.7293,0.7350,3.7812,3.7907,1.7311,-4.5370,1.7693,-4.2880,-0.9645,0.8366,4.3656
-3.2202,5.7341,-1.3647,1.5430,4.3656,3.1172,-2.6360,4.2018,-2.8635,-4.0165,3.0028,4.0873
-1.2354,4.1659,1.4293,-3.5074,4.3383,3.6016,-1.8723,2.8156,-1.4868,-4.3657,0.9025,0.4385
3.3519,-0.1628,2.7150,-4.3657,1.4878,3.0569,2.8754,-0.9242,2.9951,-4.3657,-1.1719,-2.1091
5.9065,-1.8842,7.3430,-4.3657,-1.3579,1.5344,3.2130,-5.4851,13.7786,-4.3657,-2.0508,-4.3657
9.4978,-1.5251,16.2303,-4.3657,-1.8017,-0.0292,-4.0510,-10.7045,16.2662,-1.4306,1.3283,-4.3657
4.1994,1.1827,19.6127,-1.7367,-2.6065,-2.5454,-12.4666,-15.4641,18.1361,2.5870,1.1217,-4.3657
7.3023,0.0096,14.4370,1.3055,-2.4605,-3.1283,-15.4474,-15.1002,13.2064,4.3656,0.0927,-2.0873
1.1851,-1.0032,9.0860,2.6421,0.0693,-4.3657,-5.2002,-9.3829,6.1411,4.3656,2.7901,0.8643
-2.2386,1.3024,8.4396,3.0605,-0.0875,-4.2200,-8.0373,-8.4348,1.1277,4.3656,4.3655,0.9256
-2.7509,3.9959,8.5928,3.2707,-1.1979,-2.9038,-11.7029,-6.4117,-1.1037,3.7876,1.3611,2.8750
-4.3934,5.2361,4.6998,4.1031,0.8339,-1.8991,-9.4308,-3.2058,-2.7533,2.4135,0.6009,4.3656
-5.6336,6.4021,1.3431,3.2798,1.9039,-0.0838,-5.5713,1.3719,-5.8251,0.0821,0.7802,4.3656
-5.2840,6.2920,-0.5746,1.5817,3.6215,2.1065,-4.1013,4.2617,-6.0454,-2.6036,0.4844,3.4071
-2.8108,5.5258,-0.6321,-1.0022,4.3656,3.0637,-4.2856,2.7869,-1.3527,-4.3657,1.8411,2.5448
6.3183,-1.8747,6.7804,-4.3657,-1.3708,2.4152,2.6863,-4.7860,14.0109,-4.3657,-2.0984,-3.7145
9.5696,-1.1372,14.6238,-4.3657,-2.2605,0.3192,-3.1149,-9.1578,15.0715,-1.2373,0.1053,-4.3657
7.3023,0.0335,18.1696,-2.2413,-2.7290,-2.4331,-8.7747,-11.8321,17.2215,2.2206,0.5488,-4.3657
6.9432,-0.1365,11.6646,-0.4471,-2.5803,-3.7081,-10.4866,-11.3916,12.7419,3.6011,0.0754,-2.6805
2.3559,-0.1796,11.1426,0.7504,-0.3076,-4.3657,-3.8762,-8.3055,9.7181,4.0458,2.5627,-1.6277
-1.6113,3.1723,9.1842,2.5878,-0.3263,-3.7911,-13.8122,-8.8418,2.4612,4.2050,3.4875,1.8059
-3.3686,4.3910,7.5154,3.5050,0.7671,-2.8072,-7.3071,-3.4836,-3.5674,3.7184,1.1993,3.0509
-4.6424,5.9256,4.8123,3.9058,1.6485,-1.0228,-10.8050,-2.3032,-4.9153,1.2701,2.6730,4.1616
-2.6791,5.4085,2.2003,3.1296,2.5862,0.5115,-5.8299,1.0319,-4.5562,-1.1109,0.2269,4.3656
-3.1412,6.0190,-0.0958,-0.6903,3.3474,2.6124,-2.9999,5.0542,-2.9975,-3.9218,2.1869,2.0049
0.8571,4.1324,1.7645,-3.3528,2.7484,2.2079,-0.5650,3.1412,1.9920,-4.3657,0.1797,-0.2790
2.0638,1.5251,3.6344,-4.3657,0.4495,1.6691,2.1284,0.4980,4.9823,-4.2192,-0.5732,-3.2456
5.6288,-0.2227,9.1530,-4.3657,-2.0532,0.6901,0.7566,-4.8435,10.7332,-2.7119,-1.4392,-4.3657
7.0006,0.0335,12.9766,-4.3657,-2.5499,-1.5038,-4.1132,-9.6103,14.9997,0.2840,-0.2910,-4.3657
5.4516,0.4693,15.7131,-2.5331,-2.9753,-2.6358,-7.6998,-11.5281,13.1178,2.2548,-0.3798,-4.3657
5.5186,-0.2107,13.9893,-1.0260,-2.6493,-3.3548,-10.9894,-13.7762,14.6358,3.2283,0.3945,-4.1925
4.1300,-1.3192,12.3780,1.2035,-0.0121,-4.3657,-6.7876,-11.2958,10.4387,4.3656,3.6464,-1.7525
0.1101,-0.1149,9.5433,2.4921,-0.0608,-4.3657,-7.8841,-10.1897,5.3510,4.3656,4.2924,-0.2380
-3.4548,2.7581,9.9623,3.2715,-0.8552,-3.9400,-10.2951,-7.8075,-0.3519,4.3656,3.0621,0.9010
-3.2609,4.5490,5.5617,4.0458,0.2791,-2.7133,-12.7922,-6.2369,-2.8323,3.3272,2.5463,3.8706
-5.4971,6.3422,3.3686,3.9426,1.4651,-0.5620,-7.5657,-0.9960,-7.0868,0.9206,0.3648,4.3656
-4.3096,6.0861,0.6153,2.7330,3.0461,1.9576,-4.3694,1.7741,-5.1212,-2.3762,0.2767,4.3656
-2.5714,5.4372,-1.1516,0.7133,4.3656,3.0936,-1.5107,3.4955,-1.3982,-4.3657,1.1042,3.7521
-2.2601,5.1787,-0.4022,-1.7603,4.3656,3.5032,-1.9968,3.5147,-1.7909,-4.3657,2.1149,2.1581
-1.9297,3.7350,1.5155,-3.6071,4.3656,3.7906,-2.2098,0.7949,-1.8842,-4.3657,1.1045,0.0597
0.9864,-0.4717,2.5067,-4.3657,2.9905,3.6760,-0.0263,-3.9935,3.4788,-4.3657,-0.6607,-1.4039
2.4852,-2.3415,9.8497,-4.3657,1.5755,2.9961,-1.6999,-7.8673,10.6853,-4.3657,0.6797,-3.7615
8.2768,-2.8563,16.3356,-4.3657,0.0199,1.2554,-6.0980,-11.0875,16.4123,-2.7263,1.5656,-4.3657
6.8977,-2.4014,18.5407,-1.9052,-2.3565,-1.7340,-8.0278,-11.2504,15.3157,1.8393,0.1162,-3.7892
3.5027,-1.6927,13.9750,-0.2169,-3.6699,-3.5453,-7.1060,-10.7931,11.8944,4.3656,-1.8955,-2.9439
3.6679,-1.7549,10.2352,0.4219,-2.5266,-4.3657,-4.7046,-10.0987,8.8873,4.3656,1.3807,-2.8578
0.9888,-1.1157,11.5233,1.0451,-1.3009,-4.3657,-5.9999,-9.9838,6.3255,4.3656,3.2470,-2.8077
-0.8667,1.3144,9.8402,2.0502,-1.3366,-4.3657,-13.4387,-10.8433,4.8387,4.3656,3.4342,0.1804
-3.8858,3.6775,9.5026,3.0495,-1.5583,-3.6989,-14.1018,-9.2943,0.0311,4.3656,0.9180,3.5818
-4.3000,5.5569,6.9887,3.9059,0.0000,-1.5124,-9.1506,-3.2346,-5.7509,2.8321,-0.3399,4.3656
-4.5633,5.5043,3.6536,4.3563,2.6017,0.8066,-7.4029,-1.0319,-4.0606,-0.2188,1.0539,4.3656
-1.4222,4.6663,-1.6209,-0.0574,4.3656,3.7975,-1.7765,3.5530,-2.6839,-4.3657,2.9310,3.0217
-0.4860,3.3016,1.9201,-2.8180,4.3656,3.8085,-0.2370,2.5977,-1.4820,-4.3657,2.6718,0.5077
0.8404,0.9792,2.4732,-4.3657,2.7262,3.4700,0.6488,-1.2881,0.7709,-4.3657,-0.7665,-1.9501
3.5530,-2.0303,4.9057,-4.3657,-0.0758,3.0094,1.1133,-5.6360,7.3430,-4.3657,-2.2200,-3.5184
8.7963,-3.7781,12.6270,-4.3657,-1.5760,1.3747,0.4238,-9.9455,15.4737,-3.5337,-0.9726,-4.3657
9.1602,-3.2657,19.3859,-4.0855,-2.2152,-1.0934,-8.2384,-14.6812,17.9613,0.1095,1.9204,-4.3657
5.2385,-1.7597,18.5551,-0.6590,-2.7649,-3.0712,-12.2224,-15.1170,15.7802,3.4955,-0.2535,-3.5943
3.6583,-1.5251,12.7060,0.9816,-1.7086,-3.6306,-5.3343,-12.5743,14.4801,4.3656,-0.0937,-1.8197
2.7198,-1.4078,10.4507,2.3002,-0.0261,-4.3380,-7.6279,-11.2312,3.3854,4.3656,4.3656,-0.5922
-1.1660,1.1708,9.9000,3.2583,0.2048,-4.1867,-11.2049,-9.3134,0.4812,4.2221,4.1745,1.6397
-2.1644,3.6440,7.7931,3.9796,-0.5179,-2.6313,-13.3070,-7.5561,-2.3918,3.2532,0.9094,4.3656
-4.0151,5.4300,4.4987,4.3656,0.9753,-1.5175,-6.1052,-2.1261,-2.8491,1.4973,-0.0921,4.3656
-5.0589,6.5242,2.4565,4.2178,2.9155,0.6384,-4.7333,1.1779,-2.4708,-0.1699,1.3542,4.3656
-2.9688,5.8179,0.4046,2.6105,3.7623,2.7438,-3.3758,3.4309,-2.9401,-2.4287,1.9793,4.3656
0.1652,4.5993,-1.8292,0.0931,4.1867,3.4685,-0.8212,4.6256,-1.6807,-4.3657,0.9189,3.1066
-0.5339,3.9217,0.8643,-2.6843,4.0093,2.8206,1.0319,3.9863,0.7374,-4.3657,1.7368,0.6111
1.1803,1.9920,2.8706,-4.3657,2.4852,2.8061,1.4820,1.1636,2.0877,-4.3657,0.5545,-2.3570
4.6208,-0.9337,6.9288,-4.3657,0.3962,2.4817,-0.0622,-4.8387,6.1052,-4.3657,-1.0866,-4.3657
7.9823,-2.6839,11.9255,-4.3657,-1.5207,0.9976,-2.3655,-10.1801,15.9454,-2.5858,-0.8848,-4.3657
9.1219,-2.0255,19.0626,-3.6700,-2.6830,-1.6118,-9.3589,-12.7395,16.8001,1.0764,1.1117,-4.3657
4.1252,-0.5722,15.1194,-0.6919,-2.7739,-3.6575,-10.3453,-12.6318,13.3285,3.5144,-0.8989,-3.2408
2.8922,-0.9481,11.9686,0.8641,-0.9165,-3.8396,-8.8466,-11.8585,9.2249,3.9382,2.0556,-1.6721
0.1867,-0.1748,9.9982,2.2601,0.4599,-4.2125,-9.0501,-9.5457,2.8371,3.8108,4.3656,0.4731
-2.5738,2.1356,8.4204,2.6745,-0.0057,-3.3075,-8.4851,-6.4572,0.1724,3.6106,1.3190,2.4196
-2.8276,4.1108,6.6367,2.8192,0.2787,-1.7529,-8.6886,-3.5865,-1.9273,2.1611,1.1739,3.1084
-2.5474,5.4229,4.5226,3.0341,2.0512,-0.8551,-9.6486,-2.1141,-1.9920,0.4134,2.0379,4.1737
-3.2010,5.7557,3.5626,2.3986,2.7368,0.6279,-6.2273,0.5171,-1.9321,-1.4281,0.4394,4.0273
-3.0143,5.5833,2.5522,1.1101,2.8229,1.9664,-3.4955,2.7988,-0.7877,-2.2872,0.5420,3.4486
-1.1301,5.0159,2.4852,-0.4863,2.4221,2.9495,-3.4548,3.1244,-1.2186,-3.5962,0.6400,2.0087
0.5483,3.7326,1.7430,-2.3104,2.0812,3.2097,1.7837,3.6224,-1.6209,-4.3657,-1.4509,-0.0191
2.3296,0.3304,-0.7877,-4.3657,1.1616,2.8328,4.2138,-1.4078,1.5538,-4.3657,-2.0078,-4.1267
3.0574,-3.2322,2.8347,-4.3657,0.6572,2.4020,-1.3455,-8.2217,5.7700,-4.3657,1.2654,-4.3657
6.4452,-6.0190,16.9940,-4.3657,-1.0588,1.6864,-2.7390,-12.6198,13.1944,-3.6372,0.8719,-4.3657
9.4020,-4.8387,19.6127,-3.4448,-2.9779,-1.2265,-11.7148,-17.4370,18.1648,0.6384,-0.7182,-4.3657
6.2130,-4.8459,15.2319,-0.0256,-1.0055,-3.6663,-8.6311,-15.7227,15.7945,3.3755,0.4455,-1.5704
3.4979,-4.5657,11.2982,1.5567,0.4054,-4.3657,-3.0550,-12.3684,8.9950,4.3656,3.3402,-1.0292
1.9824,-3.3160,10.7260,2.3278,0.4129,-4.3657,-3.8475,-11.3964,5.3032,4.3656,4.3656,-0.8596
0.1867,-1.4078,8.7963,3.4855,-0.0461,-4.3657,-8.8322,-11.3581,3.3519,4.3656,4.0530,1.0255
-3.0478,2.2458,8.2863,3.8526,-0.2759,-4.3154,-9.9862,-7.9895,-2.1476,4.3656,2.3245,3.1745
-3.9456,4.0821,6.4308,4.3656,0.6206,-3.2844,-11.3294,-6.0262,-5.4612,2.8190,1.7126,4.3656
-1.8579,4.5514,-0.2251,-0.4097,4.3656,2.5492,-1.0439,3.9624,-0.3759,-4.2253,1.7940,3.4318
-0.8475,4.0247,3.2417,-2.6505,4.3656,2.3633,-0.4310,3.7014,2.0877,-4.3657,3.6231,1.0155
-0.3160,2.9113,6.2225,-3.6106,2.2519,2.3746,-1.8076,1.8699,2.0087,-4.3216,2.6931,-1.9232
3.5506,1.3623,6.1004,-4.3022,-0.7971,1.8544,0.2538,-0.8380,5.1643,-2.8332,-3.0787,-4.3657
3.7781,0.4812,7.0605,-4.3657,-1.5796,0.6075,-2.7701,-5.6862,7.0366,-2.4978,-1.0475,-4.3657
5.5809,-0.8571,10.9032,-4.3657,-1.8250,-0.5808,-4.5873,-8.1762,12.0620,-1.0225,0.9486,-4.3657
4.6807,-1.0918,15.8520,-3.0555,-2.7917,-2.1901,-7.3909,-12.6438,15.0643,1.9933,0.1370,-4.3657
4.6950,-1.8220,16.9150,-0.5292,-1.3904,-3.4863,-12.9071,-15.5982,11.9159,3.4212,2.6404,-3.7978
2.6624,-2.0973,11.6598,1.8822,-0.0446,-4.3657,-9.2919,-12.6198,7.9009,4.3656,3.0545,-0.3802
-0.5698,-1.0894,10.0652,2.5226,-0.4378,-4.3657,-6.1818,-9.8330,3.7685,4.3656,2.4636,0.7470
-2.3248,1.4341,9.8354,3.5094,-0.3307,-4.0598,-9.4547,-8.1786,0.0790,4.3656,3.6190,1.7385
-3.7637,3.7326,6.3805,4.1931,0.2955,-3.0931,-10.3190,-4.7477,-3.2010,3.6389,1.2059,3.3280
-4.7309,5.1044,3.4381,4.0021,1.0636,-1.0870,-7.8027,-1.2402,-4.4365,1.7006,0.5630,4.3656
-4.8722,6.2153,0.9936,2.9304,2.2196,0.7036,-5.4420,2.2625,-4.9847,-0.6226,0.4839,4.0698
-4.5490,6.1220,-0.6943,0.8992,3.4142,2.5464,-3.4022,3.8451,-3.9337,-3.2261,0.7670,3.1961
-2.5762,4.9321,0.0503,-1.6554,3.5924,3.4957,-2.9497,3.3974,-3.7733,-4.3657,0.9308,2.0202
-3.2561,3.2992,1.7717,-3.6788,3.4915,3.9081,1.3982,1.9752,-5.3319,-4.3657,-0.1761,-0.7482
0.3639,-1.9178,0.9337,-4.3657,1.0560,4.3656,1.0534,-5.7269,0.6536,-4.3657,-2.3216,-3.3624
6.4308,-5.3103,2.8778,-4.3657,-1.3154,3.0706,1.1684,-8.9759,9.9407,-4.3657,-2.0394,-3.1225
9.0142,-6.3279,17.3508,-4.3657,-0.6656,1.1153,0.0646,-12.9335,16.5751,-3.9491,0.2558,-4.3657
8.9016,-4.7381,19.6127,-2.7396,-1.6968,-1.6860,-11.5401,-18.4258,17.7578,0.6163,3.4005,-4.3657
5.7724,-4.2808,14.3030,0.3084,-2.2832,-2.9489,-10.9894,-15.8209,13.0340,3.7535,-1.5531,-1.2241
4.8243,-4.1539,9.6031,1.3435,-0.5272,-4.1783,-0.4669,-9.7875,8.8729,4.3371,0.0939,-0.6049
1.1372,-2.7126,8.9759,2.0450,0.6061,-4.3657,-3.0023,-9.4332,3.6440,4.3087,4.3656,-1.9184
0.2586,-0.8260,8.6072,2.0038,-0.5749,-4.2049,-6.4452,-8.9711,2.5091,4.3656,2.7588,-0.9783
-1.8914,2.1715,9.9551,2.7364,-0.6324,-3.6617,-11.8657,-8.8538,1.8076,4.3111,1.9235,0.9197
-2.2338,4.2617,9.0309,3.7774,0.1863,-2.3569,-13.8122,-7.5585,-0.7709,2.8713,1.8943,4.3656
-3.2633,5.1643,4.7429,4.3656,1.8175,-0.8468,-6.3207,-2.2242,-1.6735,1.2424,-0.7769,4.3656
-3.8786,5.9999,1.6161,3.8769,3.7339,0.9375,-5.9400,-1.2210,0.3663,-0.5253,2.0299,4.3656
-2.9209,5.4755,2.5067,2.5699,4.3656,2.5390,-2.0231,2.3128,-1.4006,-2.2372,2.9256,4.3656
-1.4940,4.3862,1.5897,0.8167,4.3656,3.5378,-2.1763,3.6152,-1.4150,-4.1668,2.3846,3.0938
0.1221,3.5626,-0.3783,-1.8503,3.8479,3.3552,0.0886,4.2042,-1.6520,-4.3657,0.7799,1.3947
2.4636,1.7142,3.6081,-4.3657,1.5813,2.1092,2.9281,1.7980,5.3486,-4.3657,-0.3846,-2.1727
4.6304,-0.1460,6.7493,-4.3657,-1.4358,1.1795,1.7334,-2.8635,7.6112,-2.9779,-0.9401,-4.3657
7.3957,-0.5267,8.8011,-4.3657,-3.8541,-0.2719,-1.6616,-6.7924,11.3461,-1.0429,-2.4473,-4.3657
4.5107,0.7757,15.2822,-4.3657,-3.2241,-1.4492,-6.9360,-11.2575,11.7867,0.3256,-0.6242,-4.3657
4.8076,0.9577,18.2654,-1.7529,-2.5772,-1.7241,-15.8616,-14.8249,14.2814,1.3915,0.7951,-4.3657
5.3870,-0.7733,12.0644,0.6720,-0.4379,-3.0613,-10.4866,-12.6031,13.3237,3.1657,0.6909,-0.2082
1.8555,-0.7111,12.1051,2.2720,0.8196,-3.7225,-6.9623,-10.1945,6.4572,4.0229,3.7958,1.0200
-0.2155,0.8547,10.0006,3.3469,-0.2693,-3.3573,-8.3055,-7.1898,2.3487,4.0072,2.7081,1.7613
-1.6424,3.3543,6.2944,3.7493,-0.5331,-3.0361,-10.8649,-5.8251,0.0646,3.7475,0.9641,3.3993
-4.1635,5.7030,5.0302,3.9511,0.5488,-1.5043,-9.3206,-2.5474,-3.0047,2.2848,1.0259,4.3656
-3.2154,5.7940,-1.0271,0.4735,4.3656,3.8824,-4.3000,3.4357,-2.3894,-4.3657,2.5139,4.0612
-0.3424,2.4181,0.7398,-4.1066,4.0318,4.0229,0.0575,1.7478,-0.7590,-4.3657,1.0956,0.3184
2.8587,-1.0295,3.6966,-4.3657,1.6022,3.4551,2.7869,-1.8699,2.8132,-4.3657,-0.3312,-2.7911
5.7676,-3.3782,7.5848,-4.3657,-0.8204,2.0596,2.4660,-7.0485,8.2289,-4.3657,-1.2465,-4.3657
9.2249,-3.2322,14.3772,-4.3657,-2.8694,0.4971,-1.8268,-12.7826,17.3556,-2.5089,-1.6920,-4.3657
7.9799,-2.9113,19.6127,-2.8927,-2.3579,-2.3409,-13.2064,-17.5902,19.2733,1.3494,2.4173,-4.3657
4.3981,-2.1261,16.4865,0.9814,-0.9820,-3.7656,-14.9518,-16.6612,14.5807,4.0609,1.2690,-1.2267
3.4189,-2.4780,10.5943,2.6710,-0.0330,-4.3657,-5.5809,-11.7483,8.6000,4.3656,1.3455,1.1338
-0.9960,-0.5219,9.0597,3.6222,0.7995,-4.3657,-4.4053,-8.1355,2.1644,4.3656,4.3656,1.2878
-1.6520,1.9561,6.9097,3.7058,0.3234,-3.3313,-8.5234,-5.0805,-1.7549,4.1002,2.7749,1.6603
-4.5155,4.6112,5.4085,3.6475,0.6486,-2.3950,-10.4435,-3.3782,-2.9544,2.6930,1.3233,3.5060
-4.0893,5.6695,3.4429,3.3668,2.1504,-0.4497,-7.7883,0.1221,-4.6807,0.4572,1.1810,3.9865
-4.7621,6.0885,1.1636,2.1166,2.8149,1.1666,-4.8171,2.9664,-4.1539,-1.6326,0.6781,3.2826
-2.6839,5.6743,-0.5507,-0.0909,2.6237,2.2874,-3.8140,3.4740,-2.0590,-3.4713,0.0794,2.3283
-0.8930,4.4221,1.1277,-2.3609,2.4994,2.5771,-1.4461,3.0502,0.6033,-4.3657,0.3456,0.6070
0.9697,1.8723,2.4900,-4.2743,1.0881,2.3579,1.5083,1.3216,2.2745,-4.3657,-0.5641,-1.8465
7.2927,-0.5004,5.8586,-4.3657,-1.6581,0.8657,3.5674,-3.1149,10.0987,-3.8311,-1.9269,-4.3657
7.6806,-0.5171,12.2128,-4.3657,-2.4753,-1.0837,-2.7725,-9.1602,16.1537,-1.2933,-0.1276,-4.3657
7.4795,-0.2083,17.9469,-2.9737,-2.5157,-2.7584,-8.8394,-11.8752,14.9159,1.5135,1.5159,-4.3657
4.5059,0.1484,15.2032,-0.5219,-2.4165,-3.9290,-10.8362,-13.0652,13.9630,3.1832,-0.4122,-3.5858
4.0151,-0.5674,12.4714,0.9838,-0.4265,-4.3657,-9.3972,-12.3780,12.4451,4.2422,2.4878,-1.2716
0.2562,-0.0766,10.2280,2.9060,0.9782,-4.3657,-8.7053,-10.3932,4.8291,4.3656,4.3656,0.5315
-3.8523,4.6615,3.3830,3.9299,2.1298,-0.8243,-7.7668,-0.9864,-2.9066,1.5540,2.1603,3.5906
-4.0845,6.0071,1.3886,2.3022,2.3138,1.3363,-4.1779,3.5530,-2.7414,-0.6546,0.1921,3.3341
-2.4157,6.3470,0.1030,0.7665,3.2154,2.2933,-4.5657,4.1252,-1.8435,-2.5571,1.1679,2.1946
-2.2793,6.7493,0.5219,-0.9727,3.8397,2.1603,-4.0318,4.5562,-1.2737,-3.7816,1.2975,1.3612
-1.6496,5.2361,1.3360,-2.9356,2.4002,2.3843,-3.2944,2.5857,-1.6903,-4.3657,-0.3804,-0.2174
2.8635,1.6879,1.8387,-4.3657,0.1371,2.2495,1.7190,0.3711,2.9018,-4.3657,-1.6842,-1.6497
7.2281,-0.5339,3.3662,-4.3657,-2.7688,1.0647,4.8411,-2.8922,10.1801,-4.1601,-2.7121,-3.7915
7.0222,-0.8787,13.4674,-4.3657,-2.5616,-0.1716,0.2346,-8.5401,17.4130,-2.2196,-0.6063,-4.3657
9.1866,-0.2346,18.8065,-3.2498,-2.2020,-2.1268,-9.7588,-12.3541,14.9566,0.9049,3.0755,-4.3657
4.6088,0.3184,13.8983,-0.6853,-2.1140,-3.1601,-11.4371,-12.2056,13.9390,3.0586,-0.4507,-3.2355
4.8770,-0.4238,10.7045,0.4473,-0.5476,-3.7333,-5.4779,-9.6726,11.5688,3.5891,1.5792,-1.3472
0.7997,0.1030,10.1035,2.0005,0.6980,-4.3091,-4.5107,-8.3797,6.7062,4.3656,4.3656,-1.0886
-1.1708,1.6783,8.8083,2.4885,-0.5113,-3.3773,-9.9719,-7.4699,-0.9098,4.2112,2.8200,0.5380
-2.4086,3.4477,7.0102,2.6806,-0.2779,-2.3904,-11.0732,-5.6479,-0.8284,2.8747,0.8418,2.0114
-3.6559,5.1068,6.2728,3.0587,1.3348,-0.7573,-11.6358,-3.6033,-2.7150,0.9153,1.5717,3.5312
-4.9297,5.6479,3.7757,2.8879,2.5018,1.0224,-8.2456,-0.8308,-3.9217,-1.1590,0.1974,4.3656
-3.7134,5.5952,1.9968,1.6819,3.5734,2.8871,-4.9225,0.8643,-1.2043,-3.1968,0.2292,4.3656
-2.7438,4.6807,0.3160,-0.0147,4.3656,3.6948,-4.1875,1.5874,-0.9409,-4.3657,1.7726,3.3949
-1.4820,3.5482,2.4588,-2.3630,4.3266,3.8077,-2.2290,1.3982,-0.5531,-4.3657,0.9212,1.8767
0.2298,1.6065,3.1460,-4.2244,2.9155,3.6191,0.1077,-0.2993,1.7166,-4.3657,0.0699,-0.5348
4.2353,-0.9577,4.5681,-4.3657,0.1711,3.0974,2.0135,-3.2178,6.7971,-4.3657,-1.3903,-3.0994
8.0661,-2.3846,10.7548,-4.3657,-1.8314,1.4204,-0.9194,-7.8506,13.5871,-3.2786,-0.9868,-4.3657
8.7580,-2.1213,11.7483,-4.3657,-2.2785,-1.8710,-5.8586,-10.4746,14.4729,-0.3227,0.5872,-4.3657
5.3103,-1.3982,19.2949,-2.6600,-2.9084,-2.6382,-9.2344,-13.3381,15.8137,2.3240,-0.2758,-4.3657
5.1068,-2.3296,18.3803,0.6587,-0.9108,-3.6778,-12.6390,-14.9590,13.6230,3.8183,2.6449,-2.1369
2.7390,-2.7126,11.5855,3.0036,0.2714,-4.3657,-6.6583,-11.4299,6.1172,4.3656,2.6325,0.1124
-1.3623,-0.1389,10.2568,3.5289,-0.4012,-4.2342,-8.4228,-9.4164,3.0694,4.3656,2.9808,0.9862
-1.9656,2.0087,7.4508,4.3656,-0.0128,-3.1914,-10.9367,-7.1754,-0.3663,4.1540,2.4676,2.6769
-4.0582,4.7118,5.0350,4.3656,1.0912,-1.7240,-9.9000,-3.5219,-2.4995,2.6448,1.3724,4.0573
-4.4293,5.7940,1.7430,4.1160,2.4676,0.0325,-8.1139,-0.6967,-5.1020,0.4455,1.7425,4.3656
-5.0566,6.4189,0.6488,2.6855,3.9929,1.8090,-6.7086,1.2953,-4.6400,-2.4106,1.2277,4.3656
-4.8195,6.1363,-0.1772,0.9986,4.3656,3.1669,-3.5003,2.9999,-1.9896,-4.3657,1.8449,4.3656
-3.7206,5.3965,-1.2522,-1.3783,4.3656,3.8019,-2.9736,3.6536,-0.1197,-4.3657,2.6176,3.1179
-2.5450,4.0151,2.1069,-3.5829,4.3656,3.4516,-2.4995,3.3830,-1.0199,-4.3657,3.0526,0.5296
0.1317,1.1277,3.4572,-4.3657,3.0621,2.7256,0.6919,0.4238,1.6113,-4.3657,0.3385,-2.0700
5.2433,-0.5100,8.9352,-4.3657,-1.0011,1.3622,1.6424,-3.7493,13.0699,-3.6511,-2.1662,-4.3657
8.9495,-1.4581,12.3158,-4.3657,-1.9838,-0.5356,-5.3798,-7.7548,11.6550,-1.1094,1.4083,-4.3657
3.6033,-0.9242,15.6605,-3.8123,-3.5541,-3.0747,-5.1499,-11.1187,13.8145,1.7834,-1.0820,-4.3657
4.1755,-0.4166,19.6127,-1.1543,-3.2750,-3.6603,-12.5815,-15.3085,14.3532,3.7020,0.6739,-4.3657
1.2689,-0.8475,11.6071,1.1679,-1.1940,-4.3657,-11.9710,-12.5289,8.2768,4.3656,2.2956,-1.2889
-0.3304,-0.1652,9.6175,1.9020,-0.2831,-4.3657,-7.2377,-9.3805,4.1755,4.3656,2.1853,-0.1883
-2.8587,1.7765,9.9240,2.7904,0.1031,-3.5998,-10.3070,-8.4994,1.9824,3.9519,3.7800,1.0736
-2.9137,3.0047,7.5896,3.5461,0.6019,-2.6933,-10.2448,-5.8682,-1.0175,3.2034,1.6382,3.0152
-4.6807,4.5610,5.4947,3.6234,1.4982,-1.3927,-7.1658,-2.3894,-1.1325,2.0165,1.0655,3.9259
-4.5250,5.4013,3.8020,3.5717,2.8690,0.0060,-7.2951,-0.3232,-1.0678,0.5938,2.5739,3.9046
-4.1348,5.0877,2.0542,2.9925,4.0606,1.4670,-4.5250,2.7557,-2.3080,-0.7478,2.2655,2.8526
-4.2234,6.9815,-0.1891,-0.6460,4.3656,1.0820,-5.3463,5.1451,-2.5331,-3.3080,2.7872,2.0098
-4.3048,7.0653,2.2003,-1.9509,3.7319,1.3555,-6.4500,4.5418,-4.0701,-4.2741,2.2074,0.5404
-3.3639,5.7844,3.2920,-3.0302,1.9983,1.4316,-5.7509,3.3423,-2.2242,-4.1234,0.0737,-0.7496
-2.3679,4.7357,3.2729,-3.7466,0.0372,1.3055,-3.3351,2.0973,-0.0742,-3.4616,-2.0476,-2.3856
-0.1437,2.6217,3.0765,-4.3657,-1.7525,1.0321,-2.3607,-0.4669,2.8084,-3.1460,-2.4561,-3.7522
1.3264,1.1947,5.5761,-4.3657,-2.4624,0.3821,-2.9592,-3.3543,5.5593,-2.5430,-2.3635,-4.3657
3.9983,-0.2682,10.9630,-4.3657,-2.3022,-0.6424,-3.1484,-7.1682,10.2352,-1.3859,-0.9064,-4.3657
4.1875,0.0048,15.3061,-3.5466,-3.2077,-1.7347,-9.6103,-12.0764,12.0117,0.7168,-0.0589,-4.3657
4.4197,-0.8499,16.4889,-1.5853,-2.9364,-2.7034,-11.0349,-13.6422,15.0619,2.6412,-0.6592,-3.3000
4.4580,-1.4629,13.9438,0.8174,-0.7182,-3.8489,-8.2791,-12.1194,11.1857,3.7758,2.1140,-1.3815
2.0901,-1.5897,10.1394,1.8988,0.1011,-4.3657,-4.3766,-9.3206,6.1363,4.3656,3.0543,-0.7321
-0.0383,-0.5100,8.9735,2.2608,-0.3592,-4.2499,-7.3023,-8.6646,3.4884,4.3135,3.0058,-0.1376
-1.3719,1.4078,8.7700,2.8737,-0.0526,-3.8885,-7.9655,-7.0749,1.4988,4.1677,2.5495,1.0007
-2.5259,3.2489,8.0349,3.4053,0.4572,-2.9451,-10.6446,-6.4380,1.8627,3.4411,2.2525,1.9028
-2.7869,4.1515,6.6655,4.0019,1.4193,-1.8943,-8.6838,-3.1867,-1.5227,2.6077,2.2059,3.1010
-4.0414,5.2864,3.8164,3.9392,1.9432,-0.6222,-7.6974,-0.6704,-1.5826,1.3691,1.5753,3.1602
-3.6559,5.8849,-0.1700,2.8309,2.4877,0.4986,-5.3534,2.2266,-3.8092,-0.2110,1.5316,4.1494
-3.6152,6.1627,-0.5171,0.8661,3.1712,1.2789,-5.0159,4.2306,-3.6799,-2.2680,1.3908,2.4980
-4.0007,6.6798,0.7015,-0.9293,3.5381,1.5661,-5.9855,4.0749,-1.8364,-3.4315,2.3787,1.3887
-3.5769,6.5697,1.9297,-1.9121,2.7653,1.7978,-9.5098,2.0039,-1.9417,-4.3323,1.5499,1.3308
-3.7421,6.0334,3.6248,-2.6338,2.0604,1.9982,-5.7844,3.0311,0.0575,-4.2180,-0.6480,0.8660
-2.7054,4.9752,3.5267,-3.0120,1.5817,1.9726,-4.2258,2.6193,-0.2394,-4.0683,0.1816,-0.6209
-1.1995,3.5650,3.6583,-3.9802,0.2954,1.9452,-2.6576,1.2186,0.1125,-3.9390,-1.0561,-2.5532
2.2051,1.4581,2.6169,-4.3657,-1.6185,1.5463,-1.7813,-1.9896,4.1084,-3.7458,-2.3767,-3.7574
4.5610,-0.8475,7.4508,-4.3657,-2.4080,0.7866,-0.7685,-5.4013,10.4579,-2.9729,-2.2707,-4.3657
6.2034,-1.4054,16.2734,-4.3657,-1.9137,-1.0331,-5.0350,-10.8122,14.5137,-0.2136,1.2897,-4.3657
4.5059,-0.3328,17.6740,-1.6038,-2.8674,-2.6930,-13.2567,-13.4482,11.2120,2.2890,1.0403,-4.3657
3.8475,-0.7207,12.7419,-0.2389,-2.5703,-3.0369,-8.2528,-11.2982,12.8353,3.5908,-2.8340,-1.5159
3.5338,-1.9417,11.1953,0.9774,-0.1174,-3.9217,-4.7357,-10.0700,7.9823,3.7899,3.3380,-1.4717
-0.1820,-0.8595,10.0126,2.1095,0.2868,-4.1458,-6.6966,-8.9208,3.5482,3.8973,4.2766,-1.2541
-0.9529,0.6153,9.5792,2.4427,-1.1683,-3.8283,-10.2496,-8.8609,4.3000,4.3656,1.1158,0.7400
-2.6887,2.8563,9.2296,3.4619,-0.3870,-3.2386,-6.5793,-5.3893,1.5227,4.3656,1.5619,1.3355
-2.4972,4.3958,6.0454,3.8678,0.3752,-2.4337,-11.8848,-4.5562,-0.8667,3.2371,2.7551,1.8706
-3.8092,5.7413,3.7062,3.9612,1.3435,-1.2021,-10.2520,-2.3176,-2.7007,1.8270,1.4671,3.6477
-4.2713,6.2249,1.6089,3.2102,2.7920,0.4322,-7.6662,0.3567,-3.8810,-0.3415,1.2147,4.3656
-5.6000,6.5864,0.2227,2.0378,4.3656,1.8582,-4.0055,3.6751,-4.5322,-2.6271,1.9228,4.1406
-5.2194,6.3039,-0.9673,0.0887,4.3656,3.0868,-6.2417,3.1675,-3.3902,-4.3657,2.6492,3.1626
-4.2904,5.9328,0.3112,-1.8397,4.3656,3.5137,-5.4013,3.4333,-2.8252,-4.3657,1.6430,2.3518
0.9553,1.9513,5.5091,-4.3657,1.3768,2.4664,-1.6089,-0.7757,4.0821,-4.3657,-0.3038,-2.9435
6.5912,0.2873,11.3844,-4.3657,-3.1247,-0.5101,-3.8954,-6.2848,12.5073,-0.7189,-1.9414,-4.3657
4.8937,-0.2945,14.7148,-3.4202,-2.7492,-1.9991,-5.9161,-9.2871,12.4882,1.0210,-0.8683,-4.3657
3.4429,0.3304,16.2830,-1.0777,-2.4015,-3.0874,-11.5975,-12.8976,12.6510,2.4776,1.2005,-4.3635
2.3104,-0.5650,13.3692,0.8580,-1.1342,-3.7084,-13.0915,-13.4410,11.0109,3.8917,1.4552,-1.1818
-0.6105,-0.4262,11.3796,2.2572,-0.0481,-4.2286,-7.7764,-10.0413,3.9863,4.3656,2.7069,1.0712
-3.0885,1.6376,11.3342,3.5030,0.0489,-3.2704,-10.4962,-8.9064,2.5211,4.0895,2.9010,1.7950
-3.6224,3.4333,4.6471,4.3656,1.1972,-1.6808,-6.4883,-2.6049,-2.4900,3.1072,1.4825,3.6166
-3.7828,4.6448,2.9784,4.1248,1.3452,-0.2479,-7.2472,0.0694,-3.7876,1.8698,1.8091,3.7289
-3.5698,5.7940,0.4118,2.8264,1.4782,0.5037,-4.8195,3.9217,-5.4827,0.0733,0.5372,3.5454
-4.1515,7.4891,-1.5730,-0.9073,2.6732,2.0227,-5.2864,5.4564,-3.4955,-3.6880,0.8488,1.5239
-3.4213,6.7684,-0.1867,-2.4352,3.0711,2.4556,-4.4987,4.6783,-2.2721,-4.3657,0.7481,0.4074
-2.3990,5.3343,0.7853,-3.8553,2.9675,2.9023,-3.0023,3.0167,-1.5634,-4.3657,0.4974,-0.8092
-0.2873,2.9113,1.7454,-4.3657,2.2906,2.7069,-2.0351,-0.7733,0.8284,-4.3657,-0.0906,-2.8043
1.4174,0.4381,4.8842,-4.3657,1.1715,1.9485,-3.0957,-4.6400,5.9472,-4.3657,-0.2513,-3.7069
3.4692,-1.2426,12.5169,-4.3657,0.0662,0.9782,-5.0039,-7.6519,10.1945,-3.7257,-0.1981,-4.3657
6.0023,-1.2234,15.3157,-4.3657,-1.7120,-1.1225,-6.5841,-10.3046,13.7667,-0.6163,-0.1955,-4.3657
3.2465,-1.0295,18.4306,-1.4630,-2.5494,-2.7043,-9.8426,-12.8090,14.2599,2.5427,-0.0216,-4.1304
4.9105,-2.6743,14.2024,0.5614,-2.1779,-4.3657,-8.5281,-13.3525,13.0436,4.3656,1.1092,-2.4343
1.7502,-2.8012,11.8968,1.8546,-1.4730,-4.3657,-4.7573,-11.4850,6.7086,4.3656,2.7579,-1.7758
-0.3256,-1.8364,9.4763,2.3975,-1.7861,-4.3657,-5.3391,-9.8402,3.4572,4.3656,2.6464,-1.7460
-2.0710,0.7638,8.1044,2.6542,-1.8985,-4.3657,-8.4898,-8.8202,2.2122,4.3656,2.4031,-0.6912
-3.6512,3.4740,7.9176,2.8546,-1.0155,-4.2874,-12.8545,-7.7979,-0.4908,4.3656,2.7137,0.8387
-4.5849,5.9855,1.0822,3.1698,3.2406,1.1237,-7.0102,1.0391,-2.4134,-0.4205,2.1879,3.4523
-3.3327,6.0142,-0.5387,1.7195,4.3656,2.1866,-3.8978,4.1875,-3.6559,-2.4760,2.6349,2.9719
-2.0901,6.4811,-1.1516,-0.6097,4.3656,2.3693,-4.1156,4.7621,-2.3152,-4.3441,2.3256,1.5680
-2.3008,5.8179,1.5179,-3.0200,3.7073,2.3513,-3.4740,4.0462,-3.6775,-4.3657,1.3167,-0.1294
-0.5291,2.9880,1.1349,-4.3657,1.4879,2.4119,-0.1317,0.9744,-0.7518,-4.3657,-1.9678,-1.9008
4.4939,-1.4509,1.6879,-4.3657,-1.7319,2.0410,4.8171,-2.5426,8.9328,-4.3657,-3.6984,-3.8345
8.6718,-3.0646,14.1880,-4.3657,-1.9100,0.0596,0.8021,-9.4116,17.7099,-2.4613,0.3953,-4.3657
7.6734,-1.1396,19.6127,-3.6862,-1.9016,-3.0153,-11.1139,-14.6693,14.7411,1.5767,4.1899,-4.3657
2.9999,-0.4357,16.6277,-0.7384,-3.8016,-4.3657,-13.7691,-14.3365,12.8473,4.3616,-2.1806,-2.8226
1.3192,-0.8667,13.0987,0.5939,-1.6627,-4.3657,-7.3119,-13.4770,12.7826,4.3656,0.3804,-1.3163
0.9697,-0.4741,11.5065,2.8037,1.1618,-4.3657,-8.2145,-11.0516,3.3208,4.3656,4.3656,-0.2892
-3.3112,2.0016,8.2576,3.7983,0.7699,-3.9667,-10.7739,-8.8777,0.1676,4.1005,2.7919,2.2372
-4.2473,3.6847,6.8450,3.9896,0.8527,-2.3515,-9.6702,-5.8012,-2.8491,3.1865,1.6453,3.8293
-5.0637,5.1451,4.1563,4.3656,2.7917,-0.9189,-7.5154,-2.0925,-4.6783,0.9602,2.6133,4.3656
-5.6503,5.6886,0.8356,3.3668,3.8640,1.1567,-5.6767,0.8619,-4.5226,-1.2863,1.3885,4.3656
-5.5330,5.3846,-0.2825,1.1867,4.3656,2.7559,-4.9752,2.7797,-4.1156,-3.7593,2.2796,4.2226
-3.6919,6.0549,0.4262,-0.7249,4.3656,3.1618,-4.6088,3.6057,-1.5634,-4.3657,2.2199,3.1087
1.4222,2.2793,4.5586,-4.3657,1.6122,2.3839,-1.2378,0.2801,3.8307,-4.3657,-0.1286,-2.6284
2.3990,1.7358,6.9121,-4.3657,-0.1548,1.1394,-3.6631,-3.1268,8.3629,-3.2668,-0.4846,-4.3657
4.0510,0.8882,12.1218,-4.3657,-1.2120,-0.3104,-6.8211,-5.2002,8.7604,-1.3663,0.2995,-4.3657
3.0119,1.0319,12.2320,-3.5018,-3.0990,-1.9983,-5.2409,-6.9097,11.5424,1.0604,-1.9280,-4.3657
3.2896,1.6903,15.8975,-2.0692,-3.5886,-2.2239,-9.7755,-10.3669,10.3645,2.3529,-0.5228,-4.3657
2.0710,1.1995,12.1554,0.2908,-1.8474,-3.2624,-10.8146,-10.7428,9.9335,2.9908,0.9932,-3.0623
0.8763,1.1540,11.2049,1.2103,-0.3946,-3.1814,-10.4435,-10.3525,7.3717,3.2206,2.1130,-0.5911
-0.5459,1.6233,10.9870,2.4497,0.3812,-3.0361,-9.2680,-8.9735,4.8650,3.0846,3.0906,0.8781
-0.6728,1.9728,8.5497,3.2888,0.5610,-2.7612,-8.0086,-6.8163,2.1787,3.3195,2.1810,2.6037
-3.0574,3.6919,6.9743,3.7767,0.7241,-2.2203,-8.7604,-4.9847,0.0311,2.9449,2.3790,3.9313
-3.9337,4.9752,5.5593,4.0187,0.9705,-1.1165,-10.3286,-2.7390,-1.6352,2.2954,1.6319,3.6204
-5.5809,6.6798,2.5762,3.9871,1.5978,-0.4956,-8.3342,0.1149,-3.8499,1.1253,1.2227,4.3656
-6.6319,7.1323,-0.1221,3.3213,3.0094,0.8456,-5.4157,4.1132,-6.8115,-0.5273,0.4286,4.3656
-6.0597,6.8690,-4.7118,0.7476,4.2928,2.5596,-3.5482,6.4380,-5.0733,-3.5098,1.7908,3.1712
-5.4109,6.3135,-3.3375,-1.8706,4.3656,2.9723,-2.7366,7.1156,-6.1196,-4.3657,3.3245,1.6098
-4.3622,5.0254,-1.2258,-4.2070,4.3656,2.8154,-2.1955,4.8028,-4.6807,-4.3657,1.9441,-1.1306
1.2282,1.9441,1.2234,-4.3657,2.5258,2.2404,-1.1205,0.2418,4.2737,-4.3657,0.4100,-3.6320
3.1340,1.7502,11.8058,-4.3657,-0.0973,0.1529,-4.1492,-3.6536,12.5504,-2.7519,1.1503,-4.3657
2.2003,3.3615,16.0052,-2.7408,-1.9882,-1.8093,-10.6303,-8.1259,11.2719,1.4826,1.7925,-4.3657
0.3591,3.4931,14.5951,-0.5877,-3.9929,-3.3608,-13.9295,-9.4547,8.0780,4.3656,-0.6699,-3.8444
-2.7581,3.0981,9.8450,0.9254,-4.0278,-4.0478,-9.8426,-7.6854,3.6990,4.3656,-0.7376,-2.1217
-3.1364,2.9305,8.5952,0.9785,-2.8160,-3.9202,-8.8202,-7.2736,2.4325,4.3656,1.2895,-2.2067
-4.7070,3.9049,7.6184,1.5220,-1.6447,-3.3981,-13.0316,-8.1235,-0.3974,3.5978,2.6452,-0.7785
-5.9975,5.3032,6.6104,1.7303,-0.9978,-2.1705,-12.1578,-6.0142,-2.3487,2.6600,0.6943,1.7389
-5.4875,5.3295,4.6352,1.7729,0.4612,-0.9939,-11.7555,-4.5753,-3.3279,0.9120,1.2552,2.4269
-5.8395,5.6599,5.3223,1.4069,1.6558,0.3020,-10.1514,-2.9042,-3.0191,-0.9655,1.3434,3.8602
-3.7661,5.2050,5.2098,1.4625,2.3020,1.1595,-10.3597,-2.2194,-0.5842,-1.5889,0.5296,4.1246
-3.7134,5.7078,4.6376,1.0207,2.3238,1.1634,-8.1954,-0.2873,-0.3615,-2.3662,0.9049,4.3656
-4.9416,6.7971,4.7716,0.8651,2.6915,1.7119,-5.4899,3.3710,-0.0383,-2.3355,0.2463,3.4797
-4.0701,6.6942,1.3647,0.5440,3.1140,2.3758,-5.3582,4.1803,-1.7430,-2.9945,1.0196,2.2760
-4.7022,6.2249,-0.3903,-0.7306,4.2598,2.7147,-5.0206,4.9560,-2.7725,-4.3657,1.7039,0.9210
-2.2027,4.2856,-0.1341,-3.1702,4.0985,2.4239,-2.7342,4.6639,-1.4102,-4.3657,2.0038,-0.7850
-2.5379,3.1125,3.8571,-4.3657,2.4217,1.5942,3.3950,4.4460,0.0048,-4.1956,0.5261,-4.3657
1.9154,1.6568,6.5553,-4.3657,-0.1867,0.8528,-5.5522,-6.0645,5.6431,-2.6574,1.2212,-4.3657
3.4979,1.4078,12.2176,-4.3657,-3.5160,-1.4041,-9.0956,-7.8626,10.7404,0.9979,0.0974,-4.3657
2.5115,2.7414,15.3899,-2.9962,-4.3657,-2.6200,-8.3366,-10.1394,11.8058,3.8010,-3.4058,-4.3657
4.1515,2.2769,14.6860,-0.7185,-3.5249,-3.6489,-11.1833,-12.6462,10.6183,3.8010,1.7413,-3.9787
0.6393,1.5490,11.8034,0.7689,-1.7853,-4.3657,-9.7540,-11.5520,8.1020,4.2882,2.2147,-1.5599
-0.2442,1.1516,10.6207,1.8675,-1.1787,-4.3657,-9.6989,-10.8146,4.7549,4.3656,3.2885,0.4287
-2.2242,1.3096,9.2823,2.6963,-1.1554,-4.3657,-9.4403,-9.9000,1.5562,4.3656,3.3105,2.2865
-3.8642,2.6552,7.9033,3.2249,-0.8406,-3.7674,-7.4292,-6.4739,-2.5283,4.3656,1.3674,2.8622
-5.4516,4.2952,5.4492,3.4167,-0.1327,-2.7254,-11.1402,-5.3247,-3.3495,2.8282,1.9136,3.6985
-6.5434,5.4277,3.3830,3.2420,1.3412,-0.9938,-8.5090,-1.0032,-6.8067,1.2630,0.8171,3.8267
-7.2329,5.9520,1.1133,2.0439,2.1759,0.7388,-8.0972,1.3695,-7.2712,-1.5191,0.6724,3.3989
-6.5098,6.2584,1.1420,0.6221,3.2847,2.1060,-6.8091,2.7222,-3.7397,-3.1762,1.1771,2.9369
-1.2378,4.2353,-0.5124,-3.7411,2.5162,3.0004,-1.3958,2.8323,-2.2482,-4.3657,-0.5305,-2.5920
1.5131,1.8387,3.3902,-4.3657,1.3227,2.0444,-0.2442,-0.6847,5.5474,-4.3657,-0.4199,-4.3657
3.4141,1.1444,8.9160,-4.3657,-0.6282,0.9638,-4.5921,-5.9975,10.7883,-2.4693,0.3756,-4.3657
6.6702,1.4533,13.9103,-3.9949,-2.5636,-0.5677,-5.9711,-8.6383,11.2551,0.3801,-0.4619,-4.3657
3.2585,1.9201,16.0412,-1.9557,-3.0831,-2.3244,-10.6901,-12.3493,12.9646,2.5675,-0.4097,-4.3657
5.1595,0.7494,12.9143,-0.2507,-2.4637,-3.1836,-9.9838,-11.7603,10.3669,3.3321,1.1375,-2.0339
1.1037,0.0287,10.5369,0.8555,-1.2837,-4.1905,-5.7461,-9.3374,6.3063,3.9410,2.0324,-0.8812
-0.5746,0.4238,9.0740,1.2140,-1.5596,-4.0979,-2.9329,-7.0701,3.2250,4.3200,2.4148,-1.5685
-0.0239,1.1540,7.5609,0.8719,-1.8987,-3.7846,-7.6638,-8.1954,3.6152,3.6363,2.4195,-1.3865
-0.5435,2.5642,9.2153,1.3764,-1.1397,-4.0921,-13.3261,-10.6015,3.2250,3.2543,3.2514,1.7512
-4.0701,4.5849,9.7468,2.4160,-0.0013,-3.7205,-12.8377,-9.1123,-0.1796,2.7828,1.2211,4.3656
-5.1882,5.2098,7.0342,3.2592,1.6451,-1.8022,-7.5178,-2.8491,-2.5666,1.6802,-0.9699,4.3656
-6.0980,5.4396,4.9991,3.4172,3.4699,0.0417,-6.2872,0.0694,-2.5929,0.2181,2.7307,4.3656
-5.6336,5.3391,2.8036,2.9340,4.3656,1.8358,-6.1938,1.8076,-4.4628,-1.8389,3.4911,4.1542
-5.5545,5.2337,-0.5100,1.1016,4.3656,2.8413,-4.5969,4.2425,-4.9512,-3.7742,1.0051,2.8671
-6.1483,5.5809,-1.2522,-1.4865,4.3656,4.0648,-2.4972,5.6264,-5.3798,-4.3657,1.6056,0.6551
-6.3566,3.2848,-1.7430,-4.1254,4.0269,4.3656,-0.8356,4.1396,-4.3215,-4.3657,0.8264,-1.6731
3.7038,0.9433,2.1165,-4.3657,1.7415,4.3656,-1.3096,-0.3136,-1.1277,-4.3657,-1.4099,-3.6996
4.5346,-1.4892,2.9832,-4.3657,0.4342,1.7872,1.3599,-4.2880,4.7405,-4.3657,-2.7629,-4.3657
2.6169,-1.7071,12.3828,-4.3657,-0.9092,0.6544,-2.2673,-8.9687,11.5903,-3.7118,-2.1053,-4.3657
7.5154,-1.1684,19.6127,-4.3657,-1.9549,-0.6587,-7.7548,-14.1018,18.2295,-0.4895,1.5100,-4.3657
5.8275,-0.6249,17.3675,-0.9510,-2.7915,-2.5053,-13.3285,-14.8991,10.8218,2.8510,0.4116,-2.9152
3.3471,-0.6608,12.0261,0.0432,-2.2992,-3.2526,-7.0222,-10.9319,11.0061,3.6320,-2.2601,-0.5642
2.5905,-0.4357,11.6430,1.3343,-0.0454,-3.9203,-5.7628,-10.0485,7.9440,3.3320,4.1860,-1.2032
0.1772,0.7446,10.5896,2.7624,0.2016,-4.3632,-11.4706,-11.2120,5.1284,3.8217,4.3656,0.7913
-3.9097,3.5961,10.9391,4.0248,-0.4413,-3.8764,-12.4427,-10.6542,1.7861,4.3656,1.5537,3.9314
-4.4245,4.8387,10.0221,4.3656,1.2588,-2.6240,-9.7181,-6.7612,-2.9113,3.9969,2.3258,4.3656
-6.8905,3.9241,2.0375,4.3656,2.2363,-0.8414,-6.8235,-2.9999,-8.8370,1.9035,1.8988,4.3656
-5.3678,4.5394,-4.1372,4.0905,2.4481,1.3984,-1.3575,2.3559,-6.8283,-0.6675,-1.0473,4.3656
-4.4053,5.7604,-3.2825,0.9503,4.2996,1.9994,-2.6767,4.9225,-4.4580,-3.2476,2.2175,4.2385
-4.9057,6.4763,0.3089,-1.2949,4.3656,2.4970,-3.5530,6.0549,-3.0598,-4.3657,3.9089,1.7545
-3.4500,5.8754,1.4413,-2.7082,2.8449,2.8129,-4.4460,4.3838,-1.5419,-4.3657,0.4735,-0.2133
1.0032,3.8547,2.3463,-3.9117,1.1451,2.8963,-1.2594,2.8491,2.4277,-4.3657,-1.6485,-1.5525
3.3495,2.9521,4.3311,-4.3657,0.5073,1.1900,0.5483,0.9122,8.1116,-3.5342,-0.7589,-4.0674
5.7150,1.5610,7.7165,-4.3657,0.0650,-0.0891,-2.2984,-4.0917,8.8250,-2.4501,1.3249,-4.3657
4.3096,1.6568,14.9973,-2.8134,-3.2824,-2.8345,-9.6750,-11.2336,11.8681,2.7856,-0.5883,-4.3657
2.4205,1.3264,14.7219,-1.0736,-3.0438,-3.6629,-10.6829,-11.5592,8.6263,3.6179,0.7212,-3.7238
-0.7302,1.1253,11.6286,0.2902,-1.8815,-3.7816,-9.9311,-11.4156,6.9025,3.6288,1.1131,-1.9108
-0.6249,1.4341,11.5736,1.6760,-0.3941,-3.3897,-11.1354,-11.4610,4.7285,3.3232,3.1592,-0.6490
-2.2936,2.2170,10.0556,2.9576,0.2741,-2.9312,-12.0069,-10.5321,1.4892,3.0101,3.3496,2.0166
-3.8379,3.6919,7.9679,3.7009,0.5661,-2.0039,-9.4595,-7.6543,-0.8787,2.5362,1.6434,4.3656
-3.7326,4.3934,5.3391,4.0097,1.8750,-0.8601,-7.0126,-3.5434,-2.5115,1.3065,1.4585,4.3656
-4.3527,5.7724,3.5267,3.8441,2.8461,0.3190,-7.7907,-0.5243,-3.5123,-0.3424,2.2993,4.3656
-2.2434,7.0030,0.3496,-0.8128,3.6988,2.5211,-3.3184,6.6152,-2.1883,-4.1171,1.7071,1.6591
0.6632,4.4748,1.0271,-4.2533,0.7683,1.7191,-0.1724,4.0127,0.6297,-4.2924,-0.9029,-2.6283
6.1866,-0.1652,5.9711,-4.3657,-2.4099,-0.7754,1.7119,-4.9129,10.6350,-2.4157,-1.4790,-4.3657
6.3542,0.1676,14.4275,-4.3657,-1.6214,-2.1418,-5.3534,-12.0524,14.0564,-0.6773,2.4760,-4.3657
3.4644,0.2753,19.6127,-2.2022,-1.9922,-3.6343,-16.1513,-18.3731,12.9814,2.8297,3.3282,-4.3657
2.6743,-0.8404,14.6046,0.7213,-1.7066,-4.3657,-14.6381,-16.0579,11.0277,4.3656,-0.0334,-0.4740
0.5746,-1.2929,10.5465,2.4075,0.5903,-4.3657,-6.2297,-11.7627,5.5282,4.3656,3.0469,1.1828
-2.4301,-0.1341,9.8569,3.3814,0.8202,-4.3547,-5.8802,-9.1842,0.6608,4.2837,4.3656,1.1924
-3.6152,2.1835,8.3510,3.8521,0.1735,-3.3754,-10.2639,-7.9918,-1.5131,3.9636,2.4656,2.5023
-4.7597,3.8978,5.4612,4.2324,0.9328,-2.3361,-8.1810,-4.3718,-3.2968,3.1678,1.5298,4.3467
-5.9209,5.5641,3.3447,3.7586,1.7469,-0.7971,-8.1810,-0.8571,-6.5960,1.0472,1.5807,3.8498
-6.2584,5.7197,1.9752,2.6894,2.4825,1.0475,-8.8777,0.8236,-4.5729,-1.0773,0.9906,3.7106
-4.3120,6.2680,0.5195,1.3161,2.4768,1.9012,-5.7054,3.1963,-2.5115,-2.1551,0.0558,3.8609
-4.0223,6.5721,0.2634,0.1122,2.6682,2.2611,-4.1156,5.2409,-2.3655,-3.0788,0.7198,2.3110
-2.9928,6.1244,0.0910,-1.7287,2.1240,2.6255,-3.2561,5.4468,-1.7071,-3.8812,0.0460,0.5517
-0.6488,4.7070,0.5602,-3.4320,1.2365,2.4177,-0.7925,4.6615,-0.2682,-4.3208,-0.7866,-1.3026
4.9704,1.9082,2.5211,-4.3657,-0.5865,1.4052,3.3064,1.8651,6.7660,-3.9695,-2.0034,-3.9652
4.7549,0.9960,6.8163,-4.3657,-1.4334,-0.1039,1.9393,-3.7613,11.6981,-1.7281,-0.6486,-4.3657
8.3462,-0.0144,11.2264,-4.3657,-2.3998,-2.0161,-4.8914,-9.1602,10.9918,-0.0425,2.0495,-4.3657
4.1468,0.5315,15.3612,-4.0894,-3.0671,-3.5326,-9.5217,-12.5743,11.7603,2.3442,-0.5520,-4.3657
2.0446,0.8906,19.5032,-1.1610,-2.2808,-3.7666,-13.7523,-15.2223,10.8290,2.9163,1.3105,-4.0622
0.5028,0.1437,12.6581,1.3564,-0.4314,-3.7108,-14.5160,-14.7004,8.9232,3.4811,2.0888,-0.1415
-1.8699,0.4166,10.2137,2.7635,1.1073,-3.3598,-8.0397,-9.9575,1.4557,3.3958,2.7845,2.9941
-3.8068,2.2170,8.4013,3.5414,1.4498,-2.0195,-8.3031,-6.3494,-0.8188,2.3242,2.8416,2.4825
-3.8714,3.4333,5.7748,3.5471,1.5645,-0.6371,-9.4906,-4.5849,-2.3272,1.3107,2.0632,3.6704
-4.3287,5.1427,4.7022,3.2091,2.1554,0.5003,-7.1826,-1.4054,-1.5945,-0.0240,0.7965,4.3656
-3.6775,5.5282,4.0127,2.7676,3.0542,1.5423,-6.7756,0.5459,-1.5419,-1.1487,1.5374,4.0128
-3.3064,6.0454,1.5850,1.9083,3.5817,2.1210,-7.4891,1.0223,-3.1843,-3.0919,1.8764,4.3656
-3.7062,6.0908,0.6464,0.1531,3.9022,2.8773,-2.6360,4.3670,-0.7566,-4.1263,-0.2678,3.6324
-1.6759,5.4468,-0.2969,-1.5797,3.5381,3.0092,-2.2242,4.8100,0.1772,-4.3657,1.7733,2.0751
0.7614,3.8810,2.0853,-3.9495,3.1822,2.2431,-0.4405,4.1707,2.1620,-4.3657,1.3265,-1.1155
3.5123,1.9776,6.2058,-4.3657,0.5712,1.4288,0.6536,0.8332,5.1188,-3.7222,0.3968,-4.3657
2.9975,2.4828,9.0573,-4.3657,-2.4781,-0.2769,-4.2066,-4.7453,9.6031,-1.0110,-1.4205,-4.3657
4.5562,2.6887,10.2735,-3.7583,-2.2833,-1.1195,-8.9064,-7.3765,8.8609,0.1613,-0.6627,-4.3657
0.5100,2.3176,12.9047,-2.5795,-2.6125,-2.3098,-9.0668,-8.4659,8.7939,1.3314,-0.2555,-4.3657
1.9848,2.0279,15.2295,-1.2792,-2.6139,-2.2624,-12.0787,-11.8250,11.4299,2.4588,-0.3834,-3.5304
1.5610,1.0391,12.9790,1.2304,-0.3669,-3.1035,-13.4865,-12.5552,8.8825,3.3180,3.0078,-0.7655
-1.6352,1.6233,10.4363,2.8284,0.3421,-3.4223,-12.1841,-10.1610,2.8036,3.6633,2.6991,2.4020
-4.0606,3.1723,9.1961,3.5018,-0.0160,-2.4700,-10.3932,-6.7540,-0.6201,3.3553,1.5962,3.2270
-4.8195,4.2210,6.1986,4.1860,1.1867,-1.5624,-7.7285,-2.7031,-3.0382,2.6785,1.8167,3.4543
-5.9568,4.7764,2.0279,3.8400,1.5805,-0.3455,-7.9224,-0.9840,-5.4660,1.1307,1.3368,4.3656
-5.9783,5.4731,1.6089,2.3029,2.1694,1.1599,-6.1172,2.0303,-6.2584,-0.9614,0.3281,3.6649
-5.1188,5.9568,0.2059,0.9030,2.7679,2.0915,-9.0309,1.4868,-4.1396,-3.2800,1.4727,3.6071
-5.2026,6.0454,0.5483,-0.6508,3.5911,2.7264,-5.0111,3.5554,-2.5163,-4.3657,0.4588,3.4867
-4.4484,5.6024,1.0750,-2.0492,3.6664,3.1015,-4.9752,3.4955,-0.9840,-4.3657,1.2816,2.0622
-2.8778,4.8937,2.1811,-3.2287,3.4724,3.0132,-4.9273,2.7605,0.7039,-4.3657,1.9973,0.6318
-0.1101,2.6815,4.5849,-4.3657,2.0973,2.8821,-0.9026,2.2960,3.5650,-4.3657,0.1326,-1.5978
4.0486,0.8428,6.9671,-4.3657,-0.4640,1.7826,1.3144,-0.7398,7.9344,-3.2925,-0.9473,-4.3657
5.6767,0.7805,12.2009,-4.3657,-1.6703,-0.3860,-4.4772,-6.5146,10.3094,-1.0456,0.4533,-4.3657
3.2346,1.4006,14.3868,-3.0764,-2.2276,-2.3274,-9.5888,-10.4435,12.6653,1.9650,-0.0308,-4.3657
1.4700,2.0853,15.8640,-0.5632,-3.0008,-3.2259,-13.8050,-12.2583,9.4906,3.5818,0.4446,-4.0300
-0.2107,1.4533,11.8298,0.9515,-1.8490,-3.4816,-13.4578,-11.6885,7.8386,4.0191,0.8083,-0.7111
-2.8108,2.0399,10.6853,2.4197,0.0091,-3.3947,-11.4802,-10.7667,3.7637,4.1835,3.2770,1.8426
-3.9863,2.7629,9.2033,3.3020,0.4429,-2.2589,-10.5632,-6.9959,-2.5426,3.0225,2.2500,2.7154
-4.5777,3.6583,6.3829,3.8012,1.2115,-1.2145,-10.9990,-5.8730,-2.8371,2.0490,1.4985,4.3656
-4.9847,4.4628,4.6807,3.5907,1.8634,-0.0751,-6.7588,-0.8595,-4.9488,0.4371,0.5488,4.3656
-4.8195,5.5402,2.1189,2.8352,2.4790,1.1382,-10.5321,-0.9744,-4.0677,-1.6967,1.5724,4.3656
-4.3263,6.1052,0.9697,1.7461,3.2563,1.7517,-0.0215,5.8419,0.4860,-2.2673,-0.6265,4.2594
-3.0718,6.5242,-0.8571,-0.2598,2.9039,2.1535,-3.5650,6.2273,-1.6927,-2.8093,2.1663,2.0498
3.1675,2.8994,2.7102,-4.0830,0.1845,1.1314,1.9154,3.3088,4.8507,-3.5112,-1.3783,-3.3406
3.6105,2.3104,7.0916,-4.3657,-2.0526,-0.3760,-0.1820,-2.0638,9.8186,-1.2505,-0.8922,-4.3657
2.8228,2.5331,13.1537,-3.3384,-1.9454,-2.0436,-8.8059,-8.2408,10.6111,0.7088,1.9275,-4.3657
1.5682,3.1699,15.0212,-1.6607,-2.3626,-2.6957,-14.1856,-10.7667,8.9974,2.9263,0.3977,-4.3657
0.4812,2.4708,13.3333,0.3259,-2.9024,-3.4031,-13.4937,-10.8984,9.0357,4.0041,-0.0262,-2.2960
-0.6033,2.2984,11.2504,1.8234,-1.2324,-3.7325,-11.5592,-9.3829,5.5282,4.3244,2.2186,0.1543
-2.2841,2.3679,8.9208,2.8607,-0.6881,-3.7784,-10.1921,-7.3550,1.4461,4.3656,2.4436,1.6339
-5.0278,3.8355,6.6391,3.2755,-0.7637,-3.1303,-10.0940,-5.0302,-2.8228,3.9860,1.4389,3.1978
-6.4548,5.2289,4.3718,3.2186,0.0843,-1.7649,-7.9535,-0.5315,-5.1787,2.5273,0.2898,3.0044
-6.3351,6.3327,1.3264,2.5882,1.3937,-0.1707,-9.6798,0.7757,-5.6767,0.3096,1.4075,3.3501
-6.3255,6.5194,0.5626,1.2552,2.3894,1.1866,-5.8275,4.1084,-5.7150,-1.5095,0.5381,2.9912
-4.8770,6.3135,0.5052,-0.4349,2.6834,2.1694,-5.6551,4.5825,-4.3096,-3.4652,0.8926,2.0567
-3.7062,5.5091,0.7230,-1.8592,2.6075,2.4487,-3.7230,4.3263,-2.4469,-4.3657,0.2236,0.6029
-2.5833,4.3287,2.4038,-3.5425,1.6210,2.6275,-1.5131,3.0287,-1.3838,-4.3657,-0.8731,-1.6899
1.8196,1.7933,3.2417,-4.3657,-0.4623,2.4300,-1.1923,-1.4820,4.1563,-4.3657,-1.6465,-3.3326
6.1244,0.4908,7.8458,-4.3657,-2.1657,1.1630,-1.2522,-4.6950,12.1338,-3.1113,-2.2993,-4.3657
7.1036,1.0702,14.6741,-3.8705,-1.7396,-0.7316,-5.8778,-8.8657,17.5064,-0.5668,0.4338,-4.3657
6.0071,1.4054,16.2016,-1.4593,-1.6926,-2.6482,-11.5712,-11.1139,13.8026,2.3265,2.0403,-4.2920
2.4325,1.1971,13.7523,0.2583,-1.9121,-3.8624,-10.8409,-10.4651,10.8864,4.0618,0.2586,-1.9409
1.2306,0.6440,10.2568,1.6710,-0.9595,-4.3657,-6.6343,-8.2289,6.2489,4.3656,2.2457,-0.8180
-3.1819,1.8531,9.3278,2.6171,-0.5092,-4.1430,-10.1227,-8.4108,1.8747,4.3656,3.5539,-0.2563
-4.2784,3.8690,8.2696,3.3572,-0.5754,-3.2179,-13.7044,-7.7285,-2.1524,4.1355,2.1853,2.3116
-6.5003,6.0166,5.6072,3.6469,0.0926,-1.5741,-11.4586,-4.0390,-5.4109,2.5311,0.1788,4.3656
-6.7253,6.3111,3.2561,3.5126,1.9720,0.4390,-5.7581,1.6616,-5.8897,0.3403,-0.3457,4.3656
-5.2744,6.1890,-0.2825,2.2791,3.3085,2.5047,-5.8514,3.6200,-8.3342,-2.6497,1.4699,4.1772
-3.9816,5.4492,-2.5498,-0.3824,4.3656,3.3799,-2.9425,3.2226,-2.2122,-4.3657,-0.0005,2.8770
-0.1053,3.2561,-0.0742,-3.2273,3.1946,3.3401,1.1372,3.6129,0.9146,-4.3657,0.4919,0.6015
4.4029,0.7805,2.4972,-4.3657,0.4359,2.3994,3.9792,1.2785,7.0964,-4.3657,-0.3280,-2.8978
6.0813,0.2131,8.1858,-4.3657,-1.1566,0.4754,0.6464,-3.8427,11.3964,-2.9743,-0.0566,-4.3657
6.8570,1.5251,14.5304,-4.3320,-1.6946,-1.4713,-6.6439,-8.8083,13.4267,-0.3158,1.5865,-4.3657
3.1029,2.1907,16.6924,-2.1821,-2.8514,-2.8456,-12.3684,-11.6310,12.7874,2.4654,-0.3644,-4.3657
2.5786,1.5227,13.7236,0.0822,-1.8138,-3.2089,-12.1793,-11.7986,10.4818,3.3128,0.8258,-2.3708
-0.0838,1.4030,10.7883,1.7265,0.2017,-3.5902,-9.0309,-9.1698,5.3271,3.5209,2.7739,-0.4768
-2.1237,2.3152,8.7891,2.5575,0.3156,-2.8906,-9.4355,-7.6902,1.6999,3.1934,2.7579,1.0050
-3.3016,3.9433,8.5880,3.1788,0.2354,-1.8876,-10.7643,-6.2920,0.4501,2.7776,1.9321,2.6688
-3.7110,5.1691,6.5050,3.8916,1.2103,-1.0351,-11.5353,-5.3247,-0.9266,1.7898,1.8115,4.3656
-5.0589,5.4492,4.0677,3.9274,2.2684,0.5152,-5.2960,0.0766,-4.2090,0.7320,0.2747,4.3656
-4.6543,5.6671,-0.2921,2.6803,3.3510,2.0110,-7.2401,1.2210,-5.1882,-2.2592,2.0995,4.3656
-4.4484,5.9041,-1.3551,0.5544,4.3656,2.7875,-2.6169,4.3024,-2.6767,-4.2970,1.2766,3.9526
-4.2018,5.6336,0.3017,-1.6646,4.3656,3.2282,-4.8794,3.9433,-4.9464,-4.3657,2.2267,2.6835
-2.5235,4.0534,1.6688,-3.8215,4.1330,3.2169,-2.5905,2.2553,-0.8428,-4.3657,0.2633,0.7374
1.0439,1.5778,2.9281,-4.3657,1.1727,2.6566,1.6879,0.7446,2.9185,-4.3657,-1.2708,-2.0534
3.6105,0.4094,6.2273,-4.3657,-1.4659,1.6450,0.0790,-3.5075,9.2799,-4.3657,-1.2136,-4.3657
5.0781,1.1708,12.8688,-4.3657,-1.3655,0.5229,-6.3135,-7.3789,10.9846,-2.6199,0.5985,-4.3657
5.4013,2.2865,17.0874,-3.1574,-2.1923,-0.5636,-11.6526,-10.5225,13.9414,0.1632,-1.2732,-4.3657
4.4915,0.9864,14.2263,0.1083,-1.4100,-2.3779,-10.8002,-10.3932,14.2790,2.5005,0.2750,-1.7344
1.9273,0.3735,10.8409,1.5366,-0.0522,-3.6282,-5.7102,-7.9320,8.5880,3.7811,2.5816,-1.1568
-0.7254,0.6752,9.4188,2.2178,-0.2431,-4.0079,-7.7285,-8.0445,3.0957,4.2330,3.6441,-1.1297
-3.0502,2.1691,8.9519,2.9668,-0.5168,-3.7084,-13.0628,-9.3853,0.8045,4.3551,3.0888,1.1850
-6.2991,4.5705,8.5258,3.9194,-0.2626,-2.5542,-13.3501,-7.4651,-2.4852,3.8697,1.3406,4.0434
-7.0844,4.8315,4.7166,4.2631,1.3508,-0.6202,-7.5322,-1.7286,-7.0078,1.9985,0.5211,4.0385
-7.7069,5.8802,3.1460,3.7414,3.1932,1.5809,-11.3772,-2.1572,-5.4468,-0.8779,2.3970,4.1885
-4.0558,5.2529,-0.7901,2.6341,4.3656,2.8284,-4.3503,1.8435,-2.8084,-2.9445,1.2676,4.3656
-3.9696,6.2249,-0.3136,0.3965,4.3656,2.8169,-3.2609,4.9632,-1.4461,-4.0454,2.3274,3.1962
-2.1787,6.7971,1.7597,-1.2654,4.3575,2.8846,-3.5506,6.2106,-2.4445,-4.3657,2.3679,1.3094
0.5962,6.1028,1.1875,-2.7504,1.3847,2.4052,-2.1644,4.6735,1.5299,-4.2966,-2.0041,-0.3488
3.8355,4.3359,0.8882,-4.1601,-0.8238,1.4694,0.5363,3.5674,6.4572,-3.5659,-2.5780,-2.0538
4.7333,3.1005,3.5123,-4.3657,-0.7493,-0.0887,1.0511,0.9457,7.6471,-2.8634,-0.5440,-4.2305
4.3670,2.3990,6.6583,-4.3657,-1.2383,-1.3267,-1.9178,-3.2274,8.6431,-1.7071,0.9050,-4.3657
2.4684,2.7677,12.4762,-4.3657,-2.0992,-2.2347,-8.2456,-7.9511,9.8019,0.0233,0.6131,-4.3657
0.7063,2.5953,17.3316,-2.6809,-2.0267,-2.7010,-13.6206,-12.2056,9.6199,1.6535,0.9782,-4.3657
-0.1604,1.5586,15.2128,0.4307,-1.5863,-2.9565,-16.3644,-13.8600,9.7971,3.1117,0.9433,-1.7563
-1.0415,1.3312,11.6286,2.0406,-0.1780,-3.2876,-10.8505,-10.5034,4.8243,3.6287,1.8667,1.6844
-3.2010,2.0949,9.4523,3.2900,0.4691,-2.5466,-9.6007,-7.9966,0.6895,3.0936,2.5696,2.0503
-3.4477,2.9401,7.8817,3.6717,0.9065,-1.6405,-9.3111,-5.6910,-0.4166,2.7017,1.7877,3.4832
-4.2760,4.2689,4.6304,3.9602,1.3896,-0.8204,-7.9847,-2.1644,-1.9130,1.8170,1.4172,3.5839
-4.4221,5.5665,2.8156,3.2071,1.5653,0.1665,-7.8578,0.0862,-2.5211,0.8775,1.4436,3.9170
-4.4484,6.5290,1.0630,2.4869,2.1484,0.9449,-5.4636,3.5123,-4.1827,-0.5188,0.7674,3.6565
-4.5418,7.1012,-0.9409,0.8010,2.5223,1.9795,-5.5498,5.1858,-5.0182,-2.3946,0.9301,2.1025
-3.5171,6.9839,-1.5323,-1.2461,2.9170,2.3503,-3.9169,5.7604,-3.0239,-4.0871,0.3816,0.9072
-2.9712,5.7413,-0.5674,-3.0911,2.8546,2.5182,-2.6145,4.2760,-4.5011,-4.3657,-0.2250,-0.9214
-0.6895,2.3248,0.1030,-4.3657,1.7597,2.4613,-0.3328,0.7685,0.2897,-4.3657,-1.3126,-2.6741
2.7438,-0.6488,2.8994,-4.3657,-0.0998,1.3572,0.7422,-2.9832,7.9799,-4.3657,-1.1294,-4.2882
5.9256,-1.7430,14.3939,-4.3657,-1.1651,-0.9543,-2.3008,-8.2121,13.8361,-1.9211,1.2781,-4.3657
4.8507,-0.0790,19.6127,-3.2375,-2.8623,-3.3354,-9.2033,-13.1130,12.3086,2.4080,1.6930,-4.3657
2.3104,0.5124,17.2239,-0.8383,-4.1532,-4.3657,-12.8688,-15.6054,13.4626,4.3656,-0.8788,-4.3080
2.9928,-0.7733,13.4291,0.7361,-1.9946,-4.3657,-9.1554,-14.0564,11.1378,4.3656,1.8191,-1.9710
-4.1635,1.4605,9.0429,3.4864,-0.2117,-4.3657,-9.7061,-10.1347,-1.0199,4.3656,3.4435,1.9015
-5.3630,3.8858,6.9408,3.8546,-0.2144,-2.8814,-8.7843,-5.5905,-3.5506,3.7313,1.4959,3.1664
-5.3582,5.2744,3.0861,4.0220,1.6382,-1.2265,-9.1506,-3.1125,-4.3455,1.6759,2.2366,4.1973
-5.7078,6.1866,2.3870,2.8148,2.4221,0.6186,-8.3103,-0.5866,-5.1858,-0.5975,1.3474,4.3656
-5.0446,5.7102,1.3431,1.8037,3.2011,2.0336,-2.9377,3.8235,-3.8092,-2.2504,0.1159,4.0722
-3.5291,6.0214,-0.3807,-0.0946,3.6533,2.7348,-4.5825,3.8954,-2.8252,-4.0272,1.5456,2.4083
-2.4684,5.3032,0.7422,-2.0340,3.5762,2.7640,-3.4165,4.0869,-1.4700,-4.3657,0.9470,0.8496
-0.7063,3.7302,1.7119,-3.8433,1.9588,2.5631,-1.5083,2.7461,-0.6967,-4.3657,-0.6952,-1.0948
2.4325,1.5275,3.5458,-4.3657,0.1740,1.7698,2.6911,0.6728,4.3981,-4.3657,-1.7876,-3.7824
5.5498,-0.2179,7.5489,-4.3657,-1.4591,0.4235,-0.1772,-5.4564,11.3342,-2.9031,-0.7898,-4.3657
4.7094,1.0223,14.3006,-4.3657,-2.7851,-1.7445,-5.3032,-10.2472,14.6717,0.6612,0.5224,-4.3657
4.5681,1.3647,18.1888,-1.9622,-3.3981,-2.7202,-14.0923,-14.6501,10.8314,2.5866,0.6223,-4.3657
2.7054,0.4836,13.2663,-0.1564,-2.4208,-3.5341,-11.0564,-13.1849,11.8657,3.3978,-0.6582,-1.4496
2.9042,-0.4717,11.3557,1.3015,0.1997,-3.9062,-6.7349,-10.8984,7.9464,3.3990,3.2788,-0.4914
-0.7207,0.2059,10.9894,2.5884,0.8668,-4.0552,-8.2791,-10.2879,4.4029,3.5477,4.3656,0.7214
-2.8228,1.9010,9.6295,3.6142,-0.1062,-3.4460,-9.9096,-8.8585,0.6608,4.1651,1.9987,2.9179
-4.3359,3.9241,5.6623,4.2105,0.5175,-2.2475,-8.6383,-4.9177,-2.4612,3.3080,1.4810,3.8283
-3.7972,5.6455,0.0359,0.1154,3.1485,2.3677,-5.6096,2.8898,-3.9935,-3.3921,0.7585,2.0960
-3.1795,5.2792,0.4334,-1.8366,3.0557,2.6321,-4.2162,2.5762,-2.7390,-4.3657,0.0722,0.8905
-2.2338,3.7134,2.3655,-3.7855,1.5214,2.8297,0.4908,2.2146,-2.9377,-4.3657,-2.4143,-1.5362
2.4565,0.5986,1.1420,-4.3657,-0.4317,2.7046,3.3208,-1.9561,4.5131,-4.3657,-3.1608,-4.2213
7.3478,-1.9441,5.0374,-4.3657,-2.9581,1.3753,0.1987,-7.0198,14.9781,-3.5430,-1.4075,-4.3657
6.7229,-0.3855,19.6127,-4.3657,-2.0450,-0.6768,-7.8051,-12.8329,14.7770,-0.5416,1.7022,-4.3657
4.6567,0.9266,19.6127,-0.3160,-2.1400,-2.4091,-16.6277,-16.6086,14.3125,2.3250,1.3130,-3.3000
3.8283,-0.1915,11.0492,1.3231,-1.4174,-2.8286,-8.5808,-11.2073,10.5680,3.9062,-1.5731,0.9947
1.2929,-0.0718,9.5600,2.4341,1.0902,-3.6010,-3.9959,-8.2217,5.8371,3.3420,4.3656,0.4401
-4.3048,5.3965,5.5689,4.2579,0.8212,-1.2585,-8.8945,-3.2250,-2.8132,2.5496,1.2383,4.2618
-4.7094,6.1723,3.2681,4.2045,1.8250,-0.0133,-8.7819,-1.2546,-4.3263,0.7449,1.9139,4.3656
-5.4109,5.9137,-0.0359,3.1388,2.3952,1.6835,-4.1731,2.0135,-4.9752,-1.3330,-0.6179,4.3656
-3.6751,5.4181,-2.7246,0.8785,3.2892,2.8444,-0.7829,5.3870,-3.0239,-3.1269,-0.3158,3.6064
-2.7198,5.4277,-1.4365,-1.9477,4.3656,2.9138,-1.8842,5.3941,-3.1484,-4.3657,3.2515,1.5492
-2.4852,4.5514,1.7406,-3.8829,4.0528,2.8890,-3.4836,2.5642,-1.2713,-4.3657,1.8034,-0.7164
-0.5962,2.6312,3.3423,-4.3657,1.6433,3.0008,-1.5897,-0.1939,1.9249,-4.3657,-1.0325,-2.3514
4.0007,0.4022,5.9735,-4.3657,-0.4519,2.5446,-1.7741,-4.0749,7.0797,-4.3657,-1.4065,-4.1182
6.7325,-0.9242,12.0740,-4.3657,-1.0537,0.6543,-2.7485,-6.8187,12.5265,-2.7169,-0.3604,-4.3657
5.5306,0.2370,14.3820,-4.1589,-2.3212,-1.2576,-6.8378,-9.8043,12.8832,0.0248,-0.4759,-4.3657
3.7158,0.8715,17.3580,-1.7756,-2.5004,-2.2232,-11.6981,-12.6725,12.7324,1.9598,0.1503,-4.2321
3.0406,0.6105,13.3596,0.4466,-1.2875,-2.8190,-11.4946,-11.8920,11.1019,3.0950,0.8765,-1.4982
1.3168,-0.0599,8.6933,1.5302,-0.2278,-3.2334,-5.7892,-7.7764,4.5825,3.5626,2.2279,-0.2360
-0.4310,0.7853,8.2097,1.3992,-0.2936,-3.0318,-4.8578,-5.6623,1.6759,2.8873,2.6336,-0.6568
-1.0415,2.4732,9.4068,1.8169,-0.3389,-2.3605,-10.4818,-7.4579,2.5355,2.6291,2.4317,-0.4934
-2.3128,4.1994,8.7197,2.5490,-0.0308,-2.0466,-14.8608,-8.5281,1.7597,2.2350,2.0555,2.5119
-3.4500,5.0973,7.8745,3.2887,1.3139,-1.1459,-10.1562,-5.0182,-0.6632,1.4935,0.6293,4.2258
-4.1659,5.3702,4.9177,3.5308,2.7200,0.0648,-6.2177,-1.2258,-1.1684,0.1352,1.3638,4.3656
-2.3870,5.2026,2.7701,2.6043,2.7446,1.4254,-8.9232,-1.4126,-1.1732,-1.3952,1.4161,4.3656
-2.1596,5.3846,2.8946,1.6049,3.1694,1.8197,-1.5419,3.8188,0.5004,-1.9744,0.1014,4.2098
-1.6305,6.1723,0.8428,0.3393,3.2073,1.7957,-4.1156,4.3335,-0.3280,-2.7685,2.1196,1.9088
-0.7877,5.7030,2.5450,-1.5210,2.4152,1.6586,-3.8499,4.5801,0.4405,-3.3417,1.1899,0.3152
0.2418,5.0685,2.9904,-2.5923,0.8212,1.0317,-2.6695,3.7134,2.8898,-2.8317,-0.4591,-1.2395
1.5514,4.0390,4.4197,-3.6003,-0.0686,0.5405,-2.0255,1.5658,5.0302,-2.1573,-0.2589,-3.6074
1.7262,2.9449,7.2832,-3.7462,-1.0619,-0.5700,-4.5873,-2.0231,5.4827,-0.7354,0.4891,-4.3657
2.0087,2.0686,8.0661,-4.1082,-2.4637,-1.3711,-4.5657,-4.6807,8.1403,0.4072,-1.6056,-4.3657
2.9712,0.2682,13.6206,-3.2574,-2.8129,-2.3439,-8.5952,-9.5026,10.3190,1.6747,0.7028,-4.3657
2.7078,-0.3807,16.5822,-1.1478,-2.3302,-4.0141,-11.1474,-13.3812,11.2336,3.9583,1.8498,-4.2987
0.9409,-0.3687,14.7555,1.3135,-1.8578,-4.3657,-13.2663,-14.2527,8.7436,4.3656,2.0502,-1.8822
-2.0853,-0.0646,9.5433,2.8653,-0.9522,-4.3657,-7.4077,-9.3829,1.2402,4.3656,2.6901,0.2547
-5.2218,2.3990,6.9049,3.1541,-0.7552,-4.1791,-9.5098,-6.9145,-2.6576,4.3656,2.8984,0.5724
-5.5545,5.2385,5.7485,3.0603,-0.2838,-2.5663,-12.1769,-4.8363,-4.6687,3.0932,2.0757,2.2997
-6.1196,7.0677,3.3782,3.2345,1.2681,-0.6640,-12.6366,-2.7653,-5.1356,0.6880,1.1205,4.3656
-6.0190,6.8666,1.6688,2.4682,2.7865,1.3423,-8.1499,0.6488,-5.9304,-1.7897,0.3608,4.3656
-5.1547,6.5410,0.8140,1.0433,3.8844,2.8851,-4.4963,3.1412,-3.5554,-3.8600,0.8412,3.8633
-2.5259,5.0853,0.0359,-1.1137,4.0906,3.7411,-3.4955,2.9233,-2.7438,-4.3657,0.7869,2.5624
0.4214,3.1891,1.2067,-3.3734,3.4432,3.2301,0.6393,2.5642,1.5227,-4.3657,-0.3688,0.3472
1.2594,1.5490,3.3806,-4.3657,1.5592,2.1702,1.5323,0.3687,5.8227,-4.3657,-0.4482,-3.1528
6.4667,-0.7302,8.4396,-4.3657,-1.1165,0.7830,-0.7853,-4.4867,13.0891,-2.7037,0.0895,-4.3657
6.1316,0.4549,14.8536,-4.2017,-2.5093,-2.3641,-5.6168,-8.2815,13.8624,1.2808,0.6711,-4.3657
3.3327,1.3647,15.6246,-1.7658,-3.6544,-3.7979,-10.8194,-11.3701,11.0373,3.3761,0.2256,-4.3657
2.6743,0.6273,14.9159,-0.6892,-3.4763,-4.3657,-10.8122,-13.2974,13.1035,4.3656,0.0778,-3.4956
1.0894,0.6776,12.4115,1.7197,-0.4991,-4.3657,-11.3461,-12.7443,7.5010,4.3656,4.3568,-0.9434
-2.3942,1.7549,8.6215,3.0066,0.1148,-4.3657,-9.3134,-9.0668,0.2442,4.3656,3.0170,1.4693
-3.3615,3.1627,7.0509,3.0140,-0.1135,-3.0309,-9.5840,-5.8993,-2.1069,3.5116,2.1917,2.2641
-4.7501,5.1044,5.8083,3.5000,1.3053,-1.7185,-11.6861,-4.1468,-3.6943,1.6471,2.4313,3.8870
-5.5258,6.0861,4.3024,3.2763,1.9203,0.0801,-7.0653,-0.2059,-4.8171,-0.0481,-0.0059,4.3656
-5.1691,5.9376,1.2043,2.2739,2.7535,1.8598,-6.2560,1.3455,-3.0550,-2.0189,0.3786,4.3656
-3.6272,5.4875,0.4549,0.5456,3.8673,3.0718,-3.5243,3.5362,-2.1835,-3.8419,1.3575,3.5209
2.5091,2.0710,2.8132,-4.3657,1.0953,2.8509,-0.5626,-1.0056,4.9560,-4.3657,-1.4268,-3.2377
3.5386,1.1013,7.6447,-4.3657,-0.0135,1.8074,-4.1683,-4.6807,10.0030,-3.7918,-0.0280,-4.3657
9.0190,-0.2203,13.3596,-4.3657,-1.5163,-0.4553,-4.2234,-6.5170,15.3037,-0.7373,-0.0454,-4.3657
4.4388,1.0582,17.1305,-1.9155,-3.0086,-3.2059,-8.0134,-10.1682,14.7555,2.9444,0.1952,-4.3657
2.9137,1.3982,14.2814,-0.0027,-3.1558,-3.8602,-12.1578,-11.5089,10.2400,4.3295,0.3611,-3.2836
1.7789,1.1372,10.1299,1.0662,-1.3861,-4.2862,-8.4252,-9.1195,7.5800,4.3656,1.5300,-1.1630
-1.0391,1.8699,8.4683,1.7805,-0.0731,-4.2017,-7.7189,-7.5681,3.2609,3.7906,3.4811,-0.4692
-2.6169,3.4500,8.4827,2.3478,-0.1151,-3.2924,-10.9511,-6.9743,0.4238,3.5289,2.7663,1.2706
-4.3934,5.2146,8.0038,3.0866,0.2589,-2.0256,-12.9718,-5.8442,-1.4676,2.5999,1.5212,3.3934
-4.4221,5.3271,5.4612,3.5250,1.3351,-0.6332,-11.7962,-3.7445,-3.8020,0.7344,1.1080,4.3656
-5.8323,6.1268,3.8427,3.1962,2.4078,0.8471,-6.9695,-0.6536,-3.0574,-0.8918,0.0614,4.3656
-5.0302,5.5282,0.3543,2.2711,3.8973,2.5880,-4.5322,2.1572,-3.2226,-2.7110,0.5035,4.3656
-3.5386,5.4181,-0.7590,0.0505,4.3656,3.3173,-2.9904,3.9385,-1.0894,-4.3657,2.7103,3.7959
-3.9911,5.2768,2.3176,-1.9528,4.3656,3.2819,-4.3048,4.0438,-1.9201,-4.3657,3.9141,1.8481
-2.6624,4.5274,3.1460,-3.3067,3.6428,3.3957,-4.5322,2.3320,0.0814,-4.3657,0.8322,-0.0838
-0.5052,3.3567,5.0709,-4.1224,2.0332,3.0774,-2.8252,1.0558,3.2944,-4.3657,-0.4527,-1.5367
2.8156,2.0542,5.7030,-4.3657,0.3784,2.0840,-1.7119,-1.0151,4.6184,-3.9802,-0.5669,-3.8148
2.9233,0.8954,19.0794,-3.2666,-2.4127,-2.6349,-10.9894,-12.3948,10.8553,1.8001,2.0074,-4.3657
2.1524,1.1540,15.7610,-0.0905,-2.5580,-3.1598,-15.8616,-14.4275,10.7978,3.3628,-0.3738,-2.5660
1.6879,0.4405,11.0229,1.4338,-0.5911,-3.1283,-7.8721,-9.4786,6.6894,3.7868,0.6951,0.4013
-0.4549,0.8882,9.0956,2.2849,0.9114,-3.2923,-8.0996,-8.3606,4.0414,3.1048,4.3656,0.2802
-1.8340,2.8395,10.3980,3.0959,0.5524,-2.7009,-13.1633,-8.6215,2.2194,3.1303,3.2539,2.6622
-3.7373,3.9983,7.7859,4.1434,0.5954,-1.9112,-9.7923,-5.0925,-2.1524,3.0991,0.6771,3.7683
-4.9297,5.1308,4.0127,4.1158,1.3355,-0.6023,-9.0932,-2.8156,-4.3120,1.2746,1.3733,4.3656
-5.0230,5.4253,2.1141,3.2377,2.7109,1.1494,-5.0685,1.3264,-4.6424,-0.7690,0.2765,4.3656
-4.6184,5.5330,-0.5291,1.6427,3.5340,2.4249,-3.4213,3.7350,-4.3670,-2.7414,1.1596,3.6449
-3.2705,4.9895,-0.5626,-1.1219,4.3656,3.1737,-1.8172,4.4269,-4.0462,-4.3657,1.5916,1.8503
-2.4110,4.0869,1.5969,-3.1467,4.3256,3.0819,-0.8356,2.9161,-2.8730,-4.3657,1.0694,-1.5823
0.7159,0.9601,1.0343,-4.3657,1.5924,3.0347,-0.9840,-2.2290,2.2146,-4.3657,-0.9312,-3.9988
3.7134,-1.7166,5.9855,-4.3657,-1.3736,2.0235,-1.6520,-5.4037,7.7189,-4.2427,-1.5800,-4.3657
5.9759,-1.0702,16.9533,-4.3657,-1.7040,0.1905,-4.8483,-10.9583,15.5432,-1.7372,-0.9342,-4.3657
7.4915,-0.6297,19.6127,-1.9887,-2.0969,-2.2396,-13.7427,-15.1194,16.1704,1.7280,2.0286,-4.3657
2.0231,-0.3112,14.3197,0.5860,-2.0137,-4.1936,-10.8721,-12.6174,11.5592,4.3656,-0.5894,-0.9912
1.3168,0.2227,11.1091,1.9498,-0.4209,-4.3657,-6.3542,-9.5792,6.6104,4.3656,3.2764,-0.6706
-1.8962,1.0367,8.0685,2.9920,0.2655,-4.3657,-8.8226,-8.1690,0.9170,4.3656,4.3656,0.2326
-4.4796,3.3136,7.8171,3.0170,-0.5333,-3.4923,-12.1362,-7.4627,-1.4940,3.8332,1.7432,2.4082
-5.3199,4.7788,6.3159,3.4859,0.4944,-2.3506,-11.5401,-5.2984,-3.6440,2.6337,1.7901,4.2654
-6.9192,6.1603,4.7740,3.4988,1.5532,-0.5339,-7.1635,-0.6105,-4.6615,1.0300,0.1034,4.3656
-5.9448,5.8442,2.0399,2.9759,2.5595,1.4232,-7.9009,0.7781,-4.6615,-0.7051,1.2372,3.9916
-4.4556,5.4181,-0.1772,1.3590,3.5691,2.7255,-4.3311,3.3447,-4.5753,-3.1128,1.2616,3.4182
-3.3782,5.4348,0.7207,-1.0375,3.9889,3.0365,-4.2952,3.2848,-2.0423,-4.3657,1.4815,2.0151
-2.4972,4.1827,1.5060,-2.5527,3.3649,3.0521,-4.2234,1.9225,0.3711,-4.3657,0.9534,0.3004
1.2019,2.2960,6.1387,-4.1787,2.6207,2.3831,-1.4293,0.8811,3.3974,-4.3657,0.2008,-1.7379
4.3694,0.6393,7.9320,-4.3067,-0.3139,0.2551,0.1125,-1.4629,9.4212,-2.3854,-0.3254,-4.3657
4.4029,0.5148,8.9543,-4.3657,-3.1008,-1.4738,-3.2465,-5.2960,10.2807,0.1346,-1.4810,-4.3657
5.0733,0.6273,12.4211,-3.7020,-3.6443,-2.9641,-5.2002,-8.1163,11.7531,1.8403,-0.5537,-4.3657
1.7214,0.7853,13.9366,-2.2788,-3.1977,-3.8970,-8.8274,-11.0421,9.2608,3.3482,0.5438,-4.3657
1.7166,1.1109,13.0221,-1.2265,-2.8717,-4.0887,-10.5752,-13.0364,9.1961,3.6389,1.1640,-4.3453
0.3591,0.9768,14.1042,0.7723,-0.3412,-3.9596,-12.6941,-13.1633,7.3741,3.6416,3.2090,-1.9176
-1.9704,1.2234,10.6734,2.6809,0.7421,-3.8371,-11.9758,-11.1785,1.9872,3.5770,3.5611,1.1534
-4.1204,3.1460,8.3222,3.2676,0.2638,-2.3573,-11.1211,-8.3199,-2.3367,2.7809,1.7656,3.9490
-3.8259,4.2856,6.2034,3.5635,1.3755,-0.9575,-9.3733,-4.5418,-3.0789,1.0936,0.9317,4.3656
-5.3367,5.1619,3.7421,3.3494,2.4347,0.3625,-6.2321,-0.7614,-2.9329,-0.3159,0.9086,4.3656
-4.9081,5.2744,1.5850,2.1530,2.5310,2.0973,-4.1204,2.5594,-3.4261,-1.6431,0.5104,3.6850
-2.5379,5.1978,-0.6297,-0.0063,3.1840,2.8016,-3.6272,3.4524,-2.8347,-3.6798,0.8219,2.5043
-0.5698,3.6990,1.4174,-2.2390,3.3197,2.6350,0.1006,3.9720,-1.0918,-4.3657,0.5376,0.2900
3.1963,0.8188,3.2202,-4.3657,0.6327,1.8098,3.6320,1.4030,5.0566,-4.1960,-1.3255,-3.4989
5.4157,-0.3160,7.2640,-4.3657,-2.4571,-0.1487,0.0742,-4.7405,14.0228,-1.5725,-0.8725,-4.3657
6.4332,1.2522,13.4554,-4.3657,-3.5225,-1.7473,-9.5984,-9.4164,12.9670,1.2506,0.5400,-4.3657
4.7716,1.6640,18.3444,-2.2597,-3.1674,-3.1682,-11.3701,-10.2041,11.4730,2.7980,-1.1903,-4.1114
2.3248,0.9290,13.6565,0.2723,-1.5138,-3.7101,-11.5544,-11.7172,12.9574,3.4675,0.7386,-2.5650
1.8986,0.5890,10.0844,1.5075,0.2201,-3.9944,-7.9033,-8.7460,5.5258,3.9893,3.4145,-0.3388
-1.3719,1.0439,8.4324,2.2540,0.4924,-3.7427,-8.9830,-7.2496,1.3001,3.5936,2.9784,0.4676
-3.2010,2.4588,8.2504,2.5275,-0.2669,-2.8142,-9.9024,-5.7796,-0.6847,3.2215,1.8389,1.5375
-3.4237,4.4604,7.2688,2.8885,0.0645,-1.9728,-14.6070,-6.0980,-1.4485,1.9939,1.5432,3.0711
-5.1475,6.1459,6.4380,3.3029,0.9622,-0.4746,-9.7252,-2.3727,-4.1061,0.3926,0.0520,4.3656
-5.5713,5.5498,3.0358,3.1007,1.9772,1.4441,-3.0957,2.6767,-2.1476,-0.8294,-1.5609,4.3656
-3.3950,5.5282,-1.7861,1.2886,3.4532,2.8001,-3.0694,3.7421,-2.0039,-2.8070,1.9580,3.7025
-3.8092,5.1427,0.7470,-1.1855,4.3656,3.2678,-3.2513,4.2018,-2.8826,-4.3657,3.1124,2.3746
-2.3032,3.5338,2.0973,-3.1916,4.0905,3.5430,-1.4317,3.1556,-0.2179,-4.3657,1.5031,0.0152
-0.1221,1.1301,4.0845,-4.3657,1.9720,3.4979,0.7757,0.7566,3.2226,-4.3657,-0.0549,-2.6388
6.5434,-1.4748,8.0062,-4.3657,-0.8727,2.2202,-1.9896,-4.7190,7.6016,-3.5743,-0.6527,-4.3657
6.9623,-1.2617,12.1961,-4.3657,-2.5739,-0.7719,-2.7246,-6.8881,12.3038,-0.7458,-2.2428,-4.3657
6.9839,0.0599,14.2934,-3.4494,-3.4855,-2.3951,-5.5138,-10.1945,14.7626,1.1835,-1.7658,-4.3657
5.2960,-0.1173,15.0667,-1.5950,-2.6566,-3.1962,-10.5704,-13.3549,14.7866,2.6211,1.2762,-4.3657
3.7302,-0.2945,12.9167,0.3993,-0.8128,-3.8757,-11.6981,-12.4235,11.0612,3.5260,2.0885,-1.4739
0.7614,0.4238,11.8872,1.8033,0.3047,-3.9511,-8.1020,-9.8067,5.2696,3.8967,2.3859,0.3427
-0.8595,1.5227,10.3166,3.1084,0.6231,-3.2703,-12.0045,-9.8881,3.3040,3.4676,3.6461,2.1409
-2.2697,3.1364,7.7021,4.0020,1.0135,-2.1216,-8.4946,-5.7628,-1.4222,2.7996,1.0690,4.2144
-4.0965,4.2018,5.0685,3.8678,1.8523,-0.9206,-8.0541,-3.5195,-1.3312,1.4025,1.2593,4.3656
-4.1539,5.0182,4.1635,3.5549,2.8925,0.7987,-6.2728,0.3256,-2.7390,-0.1824,1.8450,4.3656
-4.4796,5.2816,0.6369,2.3756,3.6944,1.9664,-3.4022,3.5745,-2.9544,-1.8333,1.3788,3.8449
-3.4165,5.3702,-1.5012,0.0958,4.2589,2.4793,-3.3567,4.4221,-3.2298,-3.7209,2.1789,2.4327
-3.9887,5.2744,-0.9457,-2.3601,4.3060,2.7483,-3.6320,4.2617,-4.2210,-4.3657,2.1348,0.5983
-2.0614,2.4445,2.2362,-4.3657,2.8801,3.1288,-0.8763,1.9297,-1.9345,-4.3657,-0.1668,-1.1410
1.4844,-0.5076,3.8786,-4.3657,0.4808,3.1888,1.3168,-2.2984,3.3950,-4.3657,-1.2536,-4.0397
6.2944,-2.3176,9.1004,-4.3657,-1.9312,1.5673,0.3519,-6.3758,11.2599,-3.7024,-2.1102,-4.3657
6.9623,-1.0606,16.5391,-4.3657,-2.3515,-0.9603,-5.3822,-11.6262,15.6365,-0.4287,0.4337,-4.3657
3.7110,0.5531,19.6127,-1.4452,-2.9853,-2.7268,-14.9638,-17.1904,17.4465,2.8623,0.7894,-4.3657
4.6639,-0.3639,14.6932,1.2292,-1.5484,-3.2928,-13.5560,-14.6525,12.5241,4.3599,0.2848,-0.5911
-0.0551,-0.8021,10.0341,3.0441,1.3548,-4.3231,-8.4156,-11.0277,3.9792,4.1043,4.0438,1.7427
-4.3981,1.0223,8.8011,3.5722,1.1908,-3.2432,-11.2336,-9.9144,-0.7374,3.0519,4.3163,3.5073
-4.5657,2.7701,7.4531,4.0560,0.8663,-1.6946,-10.0269,-6.2273,-4.3814,2.3020,1.0131,4.3656
-6.2991,4.0318,3.5793,3.9680,1.8379,-0.0338,-5.1691,-0.5004,-5.4755,0.5662,-0.1908,4.3656
-5.1858,4.6328,1.7286,2.4052,2.4601,1.6154,-4.5466,1.8842,-2.4134,-1.1393,1.3600,3.9447
-3.9145,5.9185,1.4724,1.0976,3.2887,2.4042,-5.9903,3.4500,-2.4445,-2.6807,1.9625,2.8917
-2.7869,5.8347,0.7709,-0.5185,3.1223,2.6464,-4.1946,4.3144,-1.0127,-3.6210,0.7962,1.8267
-1.5490,4.6184,2.0806,-2.2667,2.3910,2.5795,-2.1189,4.0773,0.0239,-4.2531,0.8060,-0.0494
1.6017,2.3176,3.3519,-3.7743,1.0154,2.0795,0.5962,2.2458,2.8467,-3.7086,-0.3698,-2.6330
4.6663,1.0367,6.2560,-4.3657,-1.4813,0.7193,-1.1372,-2.2960,6.5960,-2.6694,-1.5759,-4.3657
5.9137,0.2059,8.9926,-4.3657,-2.5767,-0.6955,-3.1843,-5.7964,11.0612,-1.0497,-1.3948,-4.3657
4.0749,1.2139,14.4394,-3.8325,-2.7387,-2.3185,-7.1850,-9.1315,12.4786,0.8893,-0.3379,-4.3657
2.5929,1.0846,17.9517,-1.2117,-2.2071,-3.1645,-13.9510,-13.5225,12.6366,2.5031,1.2173,-4.3657
1.3360,-0.2179,13.7954,1.2732,-0.7193,-3.7231,-12.8976,-13.0699,10.6470,4.0293,1.3113,-1.0801
-1.5921,0.0000,9.8162,2.5907,0.0730,-4.2104,-8.6167,-9.5337,2.2242,4.2196,3.2022,0.9253
-4.5657,1.5083,9.1243,3.2574,0.1799,-3.3281,-9.5840,-7.6591,-0.6416,3.8945,2.5660,1.7563
-4.6807,3.4165,6.6535,3.3440,-0.0685,-2.2441,-10.8673,-5.1475,-2.8443,3.1176,1.1135,3.0238
-6.6966,4.7357,3.9935,3.2600,0.8471,-0.6634,-7.6447,-0.8332,-4.6184,1.7098,0.4872,3.3282
-6.5338,6.4021,1.5251,2.2745,1.9020,1.0476,-9.5002,0.7326,-6.2082,-0.7818,1.3054,3.4182
-6.6798,6.0262,-0.3232,0.8635,4.1029,3.1439,-6.3111,2.5115,-5.7317,-3.8660,1.2227,3.4735
-3.7302,4.5418,0.5746,-1.3356,4.3656,4.0678,-4.7477,1.8172,-2.2122,-4.3657,2.4441,2.4700
-1.4892,2.6647,2.8515,-3.3634,4.3656,3.4587,-3.1436,0.9433,0.7207,-4.3657,2.0299,0.6222
-0.1221,0.9074,6.3087,-4.3657,2.6315,2.6012,-1.7573,-0.9912,2.4229,-4.3657,0.0757,-1.7625
1.9561,-0.2705,8.6862,-4.3657,-0.0416,1.2428,-3.1412,-4.7046,8.0900,-3.8173,-0.6173,-4.1005
5.6288,-0.6752,11.5185,-4.3657,-2.1598,-0.6803,-5.7964,-7.4364,10.9726,-0.6852,-1.3257,-4.3657
2.9999,-1.2378,15.1002,-2.7017,-2.9388,-3.1379,-5.8849,-9.6247,12.3708,2.0476,-0.4766,-4.3657
1.8914,-0.6847,16.6565,-0.7662,-3.2035,-3.9861,-10.5393,-13.2519,11.7986,3.9039,0.3383,-4.3657
2.0279,-1.4461,11.9997,1.0692,-2.1657,-4.3657,-10.2999,-13.2399,9.2703,4.3656,1.6482,-2.3431
-0.8332,-1.4198,10.6638,1.8382,-0.8480,-4.3657,-6.0908,-10.2137,3.4931,4.3656,2.7647,-1.2236
-2.8563,0.1101,8.8131,2.4405,-0.6141,-4.3657,-8.9878,-9.0190,0.5698,4.3656,3.2490,-0.7043
-4.7477,2.4038,8.4060,2.7011,-0.4493,-3.7068,-11.9734,-8.0230,-1.0630,3.9972,2.0420,1.2272
-5.8730,4.3455,6.1076,3.1668,0.4900,-2.2900,-11.7938,-5.4013,-3.3064,2.6518,1.5529,3.0637
-6.1316,5.2026,4.2713,2.7649,1.5597,-0.1763,-7.7788,-0.8284,-4.7022,0.7782,0.7781,3.4556
-5.5498,5.6503,2.4948,1.9404,2.8723,1.4233,-7.5992,0.3472,-3.6631,-1.5973,1.7068,3.9526
-4.6400,5.3702,2.3080,0.6651,3.2879,2.5674,-5.1380,2.3870,-2.6911,-2.9965,0.7469,2.9796
-2.6408,5.1092,1.8962,-0.8294,2.9700,3.1243,-5.0422,2.6935,-1.7071,-4.1605,0.8781,2.1428
2.1093,3.0478,-0.9313,-2.7623,1.9296,2.9397,4.8004,5.7820,1.4581,-4.3657,-1.6812,-0.0410
1.3647,0.5052,2.5091,-4.3657,1.7039,2.4700,1.5897,-0.8188,2.4660,-4.3657,0.5309,-4.3657
5.4348,-1.9225,10.4100,-4.3657,0.0320,0.4454,-3.6536,-7.5178,11.2025,-3.1856,3.1889,-4.3657
5.0111,-0.3807,19.6127,-3.8650,-2.7899,-1.7280,-12.5480,-11.9782,10.7643,1.4068,-0.3317,-4.3657
1.1229,0.2083,14.8464,-1.2039,-4.0410,-3.6199,-12.0285,-11.7723,10.9415,3.5910,-3.4458,-2.4784
0.2083,-0.2753,13.4913,0.1458,-1.7948,-3.4983,-8.3222,-11.2958,10.6997,3.6242,0.8950,-1.9632
0.1556,-0.5195,11.6478,1.9733,0.8587,-3.9456,-10.7236,-11.5257,3.5506,3.8115,4.3656,-0.6881
-2.1931,-0.0192,8.2839,2.7591,0.4562,-3.8737,-9.5217,-8.8155,0.7805,3.8942,2.0105,1.8058
-2.7653,1.6759,8.0062,2.8434,-0.2144,-2.7884,-8.2193,-5.8658,-0.8835,3.2451,1.2119,2.1361
-3.4117,3.2010,5.7317,2.9573,0.8013,-2.2723,-9.3637,-3.8882,-1.7980,2.0811,2.5503,2.6486
-5.3750,5.0374,5.9831,2.6185,0.9092,-0.8031,-9.1171,-1.6568,-3.2777,0.8851,0.4066,3.2767
-5.3271,5.5162,4.2306,2.4044,1.6318,0.6588,-9.4691,-0.2993,-3.3830,-0.4547,0.3930,2.9484
-5.8299,6.1579,1.5227,1.3206,2.3886,2.2701,-5.5426,2.8299,-4.1061,-2.2391,-0.1876,2.9845
-3.4477,4.9249,0.0503,-0.7113,2.9342,3.5841,-5.2601,2.4157,-3.8451,-4.3657,0.5120,1.9430
-1.2594,3.0143,1.7238,-2.7358,2.6827,3.3867,-0.7805,2.3152,-0.1987,-4.3657,-0.3443,0.4084
4.5226,-0.0527,3.4381,-4.3657,0.1228,2.5333,2.4062,-0.2921,6.3901,-4.3657,-1.8106,-2.6079
5.0781,-0.5842,9.8785,-4.3657,-1.6826,0.7934,-0.7733,-4.4125,9.9551,-2.2728,-0.4551,-4.3657
4.4748,1.4174,13.8265,-3.9227,-2.1597,-0.9733,-8.2049,-9.2320,11.4682,-0.0961,-0.2509,-4.3657
4.7309,1.6592,15.0571,-1.8309,-2.8085,-1.7289,-12.7946,-11.2216,11.4108,1.4184,-1.1198,-3.6396
0.4501,1.1253,13.9510,-0.0675,-1.4105,-2.2152,-11.0085,-11.2144,11.0636,2.4760,0.0878,-1.5852
0.7757,0.7470,11.3461,1.8337,0.6496,-2.5001,-10.9463,-9.9599,5.5785,2.5263,2.9453,0.4481
-1.5107,1.3264,9.4020,2.7394,0.5836,-2.1727,-10.0604,-8.2265,1.8364,2.6716,1.8378,2.2544
-2.9951,2.7916,8.2217,3.1284,0.3231,-1.4841,-7.9224,-5.0853,0.2586,2.3834,0.8107,3.3528
-3.5291,4.5490,6.1459,3.4663,1.0028,-0.4956,-10.1514,-3.5338,-0.9337,1.3211,1.3133,3.7234
-4.3551,5.4085,4.2904,3.1424,1.7730,0.7570,-7.8817,-0.4046,-2.2936,0.1792,0.5658,4.0009
-3.8427,5.9017,1.6448,2.3084,2.4712,1.9287,-5.6599,2.2960,-2.7653,-1.3322,0.6133,3.6981
-3.1556,5.8897,-0.3663,0.6969,3.2686,2.7660,-4.1635,3.7661,-2.7845,-3.2245,0.9954,2.8384
-2.7892,5.3463,0.2801,-1.5287,3.8229,3.0719,-3.7589,3.7062,-2.4804,-4.3657,1.2889,1.4524
-1.8938,3.7350,1.6616,-3.6134,2.8659,3.0942,-2.6624,2.0925,-1.6424,-4.3657,0.1739,-0.3103
0.6249,1.2570,3.4165,-4.3657,1.1295,2.7600,0.6536,-0.2658,2.6240,-4.3657,-1.3995,-2.4790
4.4819,-1.0870,7.6519,-4.3657,-1.3483,1.6268,-0.6129,-4.9201,9.2416,-4.0389,-1.8463,-4.3657
6.2369,-0.5195,15.3636,-4.3657,-1.7185,-0.2477,-5.5857,-10.0844,14.4562,-1.4056,-0.2785,-4.3657
3.8020,1.0439,19.6127,-1.3018,-2.1761,-1.8488,-15.0140,-15.1601,16.6277,2.0063,0.7318,-4.3657
4.2497,-0.1030,13.6302,1.5232,-1.9821,-3.1272,-13.8122,-13.6350,12.3517,4.2930,-0.3072,-0.4389
-0.5674,-0.1652,9.1866,2.5940,-0.2884,-4.1768,-6.9168,-9.2799,3.9145,4.3656,2.3740,1.4734
-2.6911,1.6376,9.5241,3.1497,-0.3784,-3.3962,-8.5258,-7.3263,0.6249,3.8680,3.3927,1.4293
-4.0797,3.6631,7.5537,3.6497,-0.6290,-2.4275,-9.8043,-4.6926,-1.4006,3.7534,0.6448,2.9900
-4.6519,5.0566,4.3359,3.6107,0.3071,-1.0670,-9.4954,-2.3463,-2.4349,2.3297,0.4623,3.3278
-4.5346,5.8466,2.2098,2.8284,1.6924,0.3822,-6.1962,1.3862,-3.8331,0.3695,1.2204,3.5314
-4.6543,6.3183,0.4262,1.6543,2.9088,1.7429,-5.7916,3.2250,-3.7038,-1.8251,1.2267,2.9978
-3.8834,6.2560,-0.4310,-0.3210,3.8834,2.8245,-5.0661,3.9959,-3.7086,-4.1536,1.6856,2.1288
-3.0742,5.2984,-0.2969,-2.5337,4.3656,3.2944,-4.1683,2.9042,-2.8108,-4.3657,1.3065,0.8102
-0.3352,1.4988,1.8818,-4.3657,3.2680,2.9250,-0.9026,0.6871,0.5962,-4.3657,0.4191,-0.8792
3.4093,-1.8435,6.7876,-4.3657,-0.0827,1.7273,2.7126,-2.7845,8.6598,-4.3657,-0.9417,-4.2301
6.5146,-1.4150,14.2072,-4.3657,-2.4356,-0.3195,-2.9161,-8.0134,14.2383,-1.1123,-0.6828,-4.3657
3.9935,0.5746,17.5471,-2.7611,-3.6808,-2.8202,-11.1761,-12.1602,13.5440,2.3261,-0.1671,-4.3657
4.0318,0.7039,15.3061,-0.8513,-4.0616,-3.6306,-12.8736,-12.5863,12.6558,3.9287,-1.8065,-3.1415
1.5371,0.3304,12.6342,0.9519,-1.2722,-4.1542,-8.9471,-11.4275,10.1059,4.0544,1.8173,-1.7083
0.1700,0.7087,9.3063,2.2756,0.2257,-4.2032,-9.2225,-9.5433,4.1539,4.0120,4.0120,-0.0629
-2.2075,1.6712,8.3677,2.5226,-0.2002,-3.5935,-8.4994,-7.0198,0.2825,3.9099,2.0207,1.2486
-3.9121,4.0318,8.2528,3.0265,0.1953,-2.3611,-10.0245,-5.3343,0.1796,2.9636,2.0299,1.9370
-3.9624,4.5705,5.3319,3.5334,1.4883,-1.1584,-10.2927,-3.5674,-2.6671,1.7443,2.2194,2.9583
-5.3295,5.8586,4.1108,2.9992,1.8576,0.2733,-8.1810,-0.4693,-3.7924,0.2325,0.9479,3.4869
-3.7182,5.9017,2.8180,2.3058,2.5098,1.5996,-7.8817,0.7566,-2.4852,-1.2368,1.1323,3.3184
-2.7533,6.1723,0.6057,1.0583,3.1862,2.0304,-5.7772,2.7509,-1.7765,-2.5409,0.9358,2.9700
-2.4756,6.5505,1.4653,-0.5983,3.1692,2.1470,-5.7604,3.2968,-0.4214,-3.4916,1.3359,1.8659
-1.1851,6.1076,2.7509,-1.6643,2.3689,2.0728,-4.8985,3.4357,-0.2849,-3.9971,0.4794,0.9332
-0.0072,5.1763,2.9209,-2.9036,1.2127,1.8020,-3.5434,2.3128,2.0830,-3.9111,-1.1642,-0.2790
1.3623,2.9281,3.5889,-4.0817,0.1848,1.3711,-0.5650,1.1612,3.1723,-3.7715,-1.2664,-2.0543
4.3886,1.0247,6.7924,-4.3657,-1.2083,0.1296,-0.8068,-3.4884,10.0868,-2.8665,-1.1603,-4.3657
5.4372,0.1556,13.2806,-4.0376,-1.1306,-1.5820,-5.5545,-7.7979,14.0228,-0.1344,1.0112,-4.3657
3.4453,0.5243,14.1833,-2.0865,-2.3653,-3.4250,-9.2632,-9.5026,9.2560,2.2671,1.2805,-4.3657
1.8627,0.5219,14.1785,-0.9878,-3.1411,-3.6689,-9.7492,-11.2863,11.2791,3.5210,-1.4434,-3.7278
2.2649,-0.0838,12.8329,0.6528,-1.3436,-4.3637,-10.3190,-12.1602,10.3358,4.0859,2.7115,-2.6049
-1.0918,1.3048,11.3461,2.3390,-0.1839,-4.3657,-11.7986,-10.8002,4.7285,4.3656,3.5723,-0.2382
-2.8635,2.4565,9.4523,3.1605,-0.2409,-3.5739,-10.3453,-7.9942,1.5897,4.3331,1.8459,1.7780
-3.9983,3.6895,6.7373,3.8099,0.4704,-2.4573,-8.9016,-4.7740,-1.5227,3.5438,2.2022,2.6354
-4.6256,4.8626,3.9097,3.7261,1.5342,-1.0878,-8.4851,-1.8818,-3.5171,1.9385,2.2331,2.7747
-4.8961,5.4851,2.0997,2.9371,2.1126,0.3319,-7.0916,0.6440,-4.4245,0.3351,1.6535,2.7716
-4.3862,6.2489,0.9864,1.5881,2.4900,1.2259,-6.9097,2.0734,-3.7661,-1.3109,1.3793,2.6817
-4.2521,6.6846,0.9385,0.2240,2.7045,1.7870,-6.7229,2.7940,-2.6217,-2.7054,1.0269,2.4268
3.0957,-0.5219,4.5059,-4.3657,-0.1931,2.1461,1.7597,-3.0382,6.2800,-4.3657,-2.6845,-3.1845
6.2537,-1.8028,11.1091,-4.3657,-2.1902,0.2266,-1.2713,-7.5010,14.3149,-2.4108,-1.4318,-4.3657
7.3358,-0.6177,15.3061,-4.0400,-2.6721,-2.1893,-6.3542,-9.7109,13.0508,0.5756,0.3937,-4.3657
3.4477,0.7470,14.6860,-1.9287,-3.5389,-3.2353,-9.6295,-11.5736,12.3828,2.2828,-1.4237,-4.3657
4.2617,0.0431,14.9949,-0.6323,-2.0616,-3.3229,-10.5441,-13.3812,14.9638,2.9168,0.9256,-2.8176
2.9784,-0.2993,11.3581,1.9957,0.6167,-4.2240,-9.7109,-11.5688,8.6550,4.0155,4.0570,-0.2076
-1.5467,0.3256,9.8737,3.0489,0.4984,-4.1183,-7.9392,-9.4930,3.1699,4.3656,2.9605,1.5573
-2.6935,2.2003,9.9934,3.6449,-0.4293,-2.7564,-10.2185,-7.5130,0.0215,4.2386,2.1834,2.5996
-3.3567,3.8235,5.8921,4.3656,0.7392,-1.5451,-8.1187,-3.0430,-3.5841,2.9399,0.9479,3.2416
-4.2713,5.1212,1.6759,3.5694,1.3698,0.2613,-6.7540,-0.2897,-3.6536,0.8527,0.9062,3.4719
-3.9672,5.7940,0.9409,2.0811,2.3634,1.7031,-6.1723,1.9632,-5.0374,-1.5144,1.1113,2.9657
-3.1029,6.1651,-0.8691,0.2559,3.5713,2.7157,-5.0230,2.2960,-2.6600,-3.7534,0.7834,2.8039
-3.0526,5.0973,0.9050,-1.8369,4.1014,3.3561,-4.0941,1.9992,-2.2170,-4.3657,1.2516,1.6808
-1.6113,3.2441,2.8563,-3.6552,3.6336,3.4415,-3.3686,0.0383,-0.1844,-4.3657,0.4846,0.2437
1.6568,0.0838,5.0254,-4.3657,1.6439,2.8462,0.0982,-2.2266,4.2641,-4.3657,-1.1930,-1.6037
6.6631,-1.6400,10.1155,-4.3657,-1.2871,0.9622,1.2282,-5.4468,14.0659,-3.5449,-1.8822,-4.3456
6.8690,-0.6800,16.0459,-3.9382,-2.1902,-0.9826,-5.9999,-9.9814,15.3971,0.1496,0.6035,-4.3657
5.1763,0.6393,15.4091,-1.5453,-2.9222,-2.7154,-11.3174,-11.0253,11.2120,2.3792,-0.0771,-4.0219
3.1723,0.3352,12.9478,-0.3989,-2.3886,-3.0935,-9.6678,-11.2240,12.3780,2.9544,-1.3014,-2.1270
2.7797,0.3831,12.0333,1.2792,-0.2401,-3.5401,-8.5425,-9.9335,8.4300,3.5894,3.1718,-0.5955
-1.5203,1.9417,10.3022,2.7552,0.4465,-3.3456,-11.6310,-8.8897,3.0646,3.6054,2.8312,1.1419
-4.0725,3.9217,8.8633,3.5082,-0.0470,-1.9315,-12.9766,-7.2927,-0.9385,3.1593,1.5553,3.4707
-3.5362,4.7118,6.2106,3.8773,0.9707,-0.4435,-8.2744,-2.9760,-1.9896,1.6955,0.0252,4.3656
-4.3742,4.9081,4.1420,3.9130,2.8220,0.7192,-7.6686,-1.1564,-2.2984,0.3345,1.8217,4.1458
-3.9792,5.3726,1.1516,2.6473,3.3793,2.2210,-4.5442,2.3391,-3.9648,-1.7832,1.3439,4.0942
-2.7749,5.5306,-1.0750,0.6358,3.6954,2.9096,-3.3327,3.2992,-2.3966,-3.5571,0.8037,3.0594
-1.8579,4.8530,0.9912,-1.8233,4.0270,3.0530,-2.0494,3.8403,-1.9201,-4.3657,1.8210,1.2129
0.1748,3.1436,2.6959,-3.9490,2.3800,2.7094,-0.9074,1.4629,1.3743,-4.3657,-0.2249,-1.0653
3.5602,0.2035,4.8195,-4.3657,-0.0461,1.8754,0.6632,-1.9848,6.2848,-4.3657,-1.6153,-3.3360
5.4540,-0.6919,9.1339,-4.3657,-1.8187,0.3447,-1.0750,-5.2098,10.2711,-2.7066,-1.3674,-4.3657
4.1204,0.4525,19.0626,-1.4986,-2.2515,-2.5988,-13.5440,-14.0085,15.1002,2.0286,1.0360,-4.3657
2.7390,-0.0120,14.0037,1.3475,-1.1971,-3.3688,-13.0005,-13.2280,11.0325,4.1620,0.8993,-0.1171
-0.3136,0.4884,10.7955,2.8574,0.0410,-3.8804,-9.0644,-10.0341,5.1020,4.2413,2.8377,1.1034
-2.4660,2.1332,9.1889,3.6941,0.2409,-3.0182,-8.8992,-7.3837,0.8308,4.1151,3.1273,2.5712
-3.0191,3.5386,6.5793,4.0961,0.2790,-1.8995,-9.7157,-4.4891,-1.5754,3.2191,1.1139,2.9375
-4.1324,4.9225,3.7876,3.9904,1.2172,-0.6872,-7.7261,-1.2258,-3.0957,1.8413,1.5383,3.3842
-4.0199,6.0980,1.8986,3.1917,2.5215,0.5438,-7.3837,0.5650,-2.6528,-0.0528,1.6124,3.8321
-4.1779,6.5505,1.2115,2.0126,3.3067,1.5973,-6.9647,2.1739,-4.1132,-1.9781,1.7469,4.1344
-3.2489,6.6463,-0.0742,0.4241,3.5761,2.3281,-4.5610,3.9528,-1.4700,-3.4848,1.0143,3.1070
-2.2601,6.7900,0.3998,-1.2099,3.8909,2.3483,-4.7477,4.0079,0.6440,-4.3657,1.9546,2.3796
-1.6065,6.0214,3.0957,-2.1975,4.1051,2.2263,-4.7621,3.2226,2.5139,-4.3657,2.2003,0.7354
-0.8978,5.1930,5.4636,-2.7559,3.4059,1.7622,-6.1339,1.6999,3.2417,-4.3436,2.1614,-0.4513
0.5842,4.1468,7.9823,-3.1200,1.6848,1.0444,-4.2449,0.8978,4.9704,-2.9460,0.4623,-2.0306
3.1412,2.3128,8.5162,-3.1256,-1.5529,-0.1504,-2.5115,-0.8859,8.1618,-0.6182,-1.4025,-3.8894
3.8523,2.1620,9.6678,-3.0363,-3.7229,-1.9673,-3.3591,-3.7996,11.0205,1.7253,-2.3256,-4.3657
3.9073,1.3192,11.3150,-2.1360,-4.3551,-3.7323,-5.5474,-7.4651,12.9694,3.4259,-0.7991,-4.3657
1.2354,2.2290,12.1769,-1.6080,-3.7084,-4.3657,-9.3877,-10.2496,8.0397,4.3656,0.4363,-4.3657
-0.4693,2.2673,13.5823,-0.0734,-2.8809,-4.3657,-11.6957,-11.1450,7.6614,4.3656,1.6306,-4.0815
-2.0782,3.3375,11.2216,1.5176,-1.8672,-3.8884,-16.5990,-12.4690,4.4221,4.2269,2.0911,-1.0356
-3.1627,3.2226,9.9982,2.9155,-0.0417,-3.0742,-13.9726,-9.5361,0.8954,3.5598,2.5143,2.7115
-5.3415,4.9392,6.0573,3.8425,0.7681,-1.7825,-8.5688,-3.5817,-3.9121,2.5891,1.1293,3.9766
-5.2146,5.6790,1.9537,3.1080,1.5023,0.3147,-8.7843,-1.1971,-5.5115,0.0596,1.1856,4.3656
-4.6783,5.6886,0.1173,1.7319,3.1930,1.7197,-4.1492,2.6217,-3.6919,-2.3593,0.3681,4.2017
-3.3854,6.0262,-0.4046,-0.6159,4.3656,2.4130,-4.3311,3.4069,-1.6089,-4.1619,2.4219,2.7531
-2.6935,4.9895,2.1308,-2.4180,4.2458,2.6041,-3.3255,3.5386,-1.7238,-4.3657,2.4168,0.9410
-0.6129,2.7725,3.6416,-4.1355,2.2306,2.3867,-1.1301,1.5490,1.5945,-4.3657,-0.3427,-1.2299
2.6959,0.6416,5.0111,-4.3657,-0.2651,1.8518,0.4381,-1.1157,4.8459,-4.1791,-1.3303,-3.4992
5.0973,-0.2322,8.5281,-4.3657,-2.1317,0.2879,-0.9218,-4.6998,9.3398,-2.4822,-1.3623,-4.3657
4.9081,-0.2945,18.7227,-2.7386,-3.0691,-3.0393,-9.6845,-14.2599,16.5439,2.0456,0.5019,-4.3657
3.8211,-0.8954,17.4681,0.3151,-1.8090,-4.2306,-14.5448,-16.6828,14.6262,4.3074,1.9305,-3.2695
3.1436,-1.3479,11.7029,2.2280,-0.4121,-4.3657,-9.3661,-13.4506,8.7604,4.3656,2.7921,0.6880
-1.5060,-0.2658,10.5273,3.6591,0.3920,-4.3657,-7.0437,-10.3549,2.6217,4.3656,3.9928,1.4442
-3.2250,1.7741,8.5305,4.3656,0.4390,-3.6107,-9.1746,-7.4723,-0.3328,4.3656,2.7819,2.0123
-3.9816,3.7565,4.6208,4.3656,0.8031,-2.3735,-9.2177,-4.2042,-3.5650,3.7362,2.1414,3.4207
-5.3678,5.3678,2.4038,4.0991,1.4609,-0.8374,-6.8546,-0.4142,-4.9344,1.8568,1.1960,4.3656
-4.5298,5.8562,0.1341,3.0803,2.3487,0.8454,-7.4675,1.7047,-4.6543,-0.4550,1.3438,4.3569
-4.7238,6.8738,-0.7709,1.2638,3.3751,1.6537,-2.9592,5.3486,-3.4788,-2.3742,1.1025,3.7198
-3.3423,6.8642,-0.5124,-0.6356,3.4093,2.4467,-3.3543,5.5905,-2.4588,-3.8140,1.4548,1.9914
-1.6783,5.8275,0.4166,-2.5731,2.6465,2.7247,-2.7964,4.4436,-0.7829,-4.3657,0.6356,0.2154
0.4908,4.0821,1.8938,-4.1921,1.7244,2.4825,-0.9002,2.6743,2.0279,-4.3657,-0.3770,-1.5925
3.7996,1.5347,4.2329,-4.3657,0.2038,1.6414,1.0415,-0.4118,6.2560,-4.3657,-0.8414,-3.5911
8.5449,-0.2203,9.6798,-4.3657,-1.9440,-0.4963,1.0870,-4.7645,14.3963,-2.1512,-0.8840,-4.3657
8.4300,0.1437,15.4953,-3.9077,-3.9306,-3.3751,-6.3829,-9.5313,17.4202,1.4005,0.0168,-4.3657
3.3447,2.1093,17.6261,-1.7212,-3.7457,-4.1592,-9.4810,-11.4539,13.4817,3.5609,-0.9038,-4.3657
3.8451,1.1827,13.9223,0.5067,-2.0207,-4.3657,-14.1904,-14.4634,14.0947,4.3656,1.8972,-3.3466
-0.5770,1.1875,9.6702,2.3796,0.0087,-4.3657,-10.9894,-10.7859,4.1611,4.3656,3.4275,0.2734
-4.3407,2.6528,9.2823,3.0493,0.5596,-3.4081,-9.5888,-6.9911,-0.7350,3.8624,2.5512,1.4252
-5.2289,4.4221,6.7947,3.7972,1.2363,-1.6162,-10.8194,-4.9560,-1.7526,2.6120,2.0761,2.9651
-5.3630,5.4827,3.1196,3.8055,2.5478,0.2198,-10.8338,-3.2992,-4.0199,0.7015,1.8724,4.3656
-5.9424,5.9807,2.3487,2.8627,3.8552,1.9597,-6.6942,0.0335,-3.5051,-1.6470,1.6507,4.3656
-4.0701,5.4971,0.8380,1.6892,4.3656,3.2578,-4.9991,2.0590,-2.3415,-3.5288,2.3136,4.3656
-3.6272,6.0908,0.4405,-0.3301,4.3656,3.1817,-3.7469,3.9409,-0.5219,-4.3657,2.9545,3.3180
-2.6360,6.0406,1.7933,-1.9602,4.3656,3.1012,-3.6847,4.5633,-0.8571,-4.3657,2.2043,1.7303
-0.7973,5.0637,2.2170,-3.5422,2.5848,2.6529,-2.1069,3.7828,0.0862,-4.3657,-0.1228,-0.0380
1.9417,2.9018,2.8371,-4.3657,-0.0396,2.0623,1.1779,1.6544,3.2777,-4.3657,-2.1869,-2.4245
5.3008,1.1540,3.9935,-4.3657,-2.1806,1.0547,1.8914,-1.6568,8.0804,-3.8004,-2.6450,-4.3251
7.2808,0.5722,9.1530,-4.3657,-2.6462,-0.6166,0.3472,-5.2768,12.5049,-2.1080,-1.0780,-4.3657
6.4548,1.6759,14.2694,-4.3657,-2.7987,-2.4287,-7.7572,-10.9607,14.8584,-0.0699,0.7654,-4.3657
4.9297,1.4222,19.6127,-1.7597,-2.5295,-3.6517,-18.2989,-15.2774,15.3708,2.3892,1.7796,-3.8868
1.5538,0.4214,16.2040,1.3977,-0.8907,-4.2066,-11.0828,-11.7196,11.7460,4.3656,-0.0388,-0.1148
-1.1612,0.8452,10.7859,3.2041,0.3679,-4.3657,-10.0796,-10.1299,5.0111,4.3656,3.5900,1.1430
-3.9289,2.0973,8.7484,4.2344,0.6230,-3.5008,-9.3877,-6.5697,-1.4341,4.3656,3.0120,1.8826
-6.0406,4.4077,5.2864,4.3656,0.5053,-1.7717,-10.6159,-4.3574,-4.4388,3.4387,0.7821,3.7617
-5.3702,5.4492,2.5259,4.0903,1.8540,0.0946,-6.6966,-0.3065,-5.1284,1.2740,0.5049,4.3656
-5.4540,6.2010,-0.7159,2.8047,3.9742,1.8551,-7.0820,1.7382,-4.5226,-1.6611,1.9810,4.3656
-4.1180,5.9927,-0.6033,0.3535,4.3656,3.1449,-3.0263,4.4293,-2.8228,-3.8337,1.6060,3.7217
-2.6193,5.7389,-0.3639,-1.7818,4.3656,3.0371,-2.7222,4.8554,-1.2402,-4.3657,2.0383,1.9821
-1.8794,4.2306,1.2234,-3.9723,3.3434,2.4826,-2.0087,3.6105,0.3184,-4.3657,0.9430,-0.1053
0.9984,1.2378,3.8355,-4.3657,0.8673,2.1549,2.4995,1.3264,4.9823,-4.3657,-0.5696,-3.1786
7.7692,-1.0702,8.5281,-4.3657,-2.8005,0.3448,0.9912,-3.4069,10.5776,-2.2240,-1.4721,-4.3657
7.5609,-0.2777,12.8210,-4.3657,-3.7590,-2.0275,-1.2163,-7.1658,12.9287,0.2108,-1.9580,-4.3657
7.1395,0.2849,15.2104,-3.7934,-4.1657,-4.0847,-8.7724,-13.4075,17.7219,2.3510,0.1007,-4.3657
3.6990,0.8930,19.6127,-1.1107,-2.9453,-4.3657,-17.4681,-17.3292,16.1585,4.1611,2.2473,-4.1476
1.8603,0.6512,14.6262,2.6464,0.0456,-4.3657,-12.9359,-13.3908,8.7436,4.3656,1.8520,0.6731
-3.1627,1.1779,8.0278,4.0650,1.4083,-3.7048,-8.6024,-8.9854,0.1508,4.3656,2.8586,2.1773
-4.0534,3.1340,6.7445,4.2314,1.9305,-1.7280,-10.2448,-6.1579,-2.8108,2.4718,4.0787,4.0045
-4.5777,4.3335,5.0111,4.3656,3.0302,0.1415,-9.4092,-2.9521,-3.9792,0.7461,1.5087,4.3656
-6.4643,5.4133,1.1636,3.2664,3.6880,1.8623,-5.7676,1.0965,-5.4755,-1.7666,1.3339,4.3656
-4.2880,5.2481,-1.0008,1.2701,4.3429,3.0671,-3.7373,3.2825,-2.2122,-3.8272,1.3318,4.3656
-2.8036,5.7628,0.0599,-0.6692,4.3656,3.0190,-2.6911,4.9416,0.7398,-4.3657,2.6524,2.5686
-1.3982,5.6695,2.2242,-2.0948,4.0951,2.6089,-2.9904,5.1547,0.7302,-4.3657,2.5790,0.5605
0.9337,4.5849,3.0598,-3.5810,1.5960,2.0584,-0.7135,4.2713,2.5570,-3.7660,-0.4473,-1.5509
3.5650,2.4828,4.1875,-4.3657,-0.6422,1.0328,1.4676,1.7358,3.6368,-2.9156,-1.5131,-4.2266
5.4348,1.0918,4.7166,-4.3657,-2.8428,-0.4362,0.6512,-2.3296,7.6662,-1.8608,-1.9905,-4.3657
5.3463,0.4142,9.2033,-4.3657,-3.9424,-1.7579,-1.5443,-6.2082,10.4507,-0.6530,-2.1365,-4.3657
6.0741,0.8547,14.1689,-4.3657,-3.3301,-2.7173,-7.0030,-11.5688,13.4698,0.2514,0.1211,-4.3657
3.7302,0.3376,19.6127,-1.7353,-1.5990,-3.6110,-16.2399,-17.8727,17.6524,2.1563,2.9561,-4.3657
3.9983,-1.7526,14.5232,1.9012,0.1387,-4.3657,-12.3637,-15.1864,12.3325,4.3656,2.3533,1.0108
-0.8428,-1.8866,10.4579,3.3602,0.6093,-4.3657,-3.5267,-10.9750,4.0175,4.3656,2.4424,1.3141
-2.9209,0.8452,10.0437,4.3399,0.2453,-4.1136,-7.9009,-7.7979,-0.6440,4.3656,4.3656,0.6999
-3.8259,3.1292,5.3439,4.3656,0.1394,-3.3384,-10.2903,-5.3917,-2.7940,4.3656,1.5525,2.7736
-5.9759,5.5186,2.9066,4.3656,0.7252,-1.5230,-8.7652,-1.7549,-4.2497,3.0431,0.7509,4.3028
-5.7652,6.0573,0.2394,3.4984,2.2997,0.4199,-7.1180,2.1332,-7.1180,0.2594,2.0339,3.7831
-5.1619,6.8067,-2.0183,1.4276,3.7912,1.9341,-5.4468,4.1875,-5.6383,-2.7344,1.4150,3.8561
-4.4867,6.4979,-1.2522,-0.7292,4.0987,2.7474,-4.3383,4.6831,-3.4764,-4.3657,1.4713,2.5913
-2.7725,5.7293,0.0838,-2.8450,3.7591,2.9417,-2.7007,4.3455,-0.6752,-4.3657,1.3019,0.9617
-1.1349,3.4572,0.9768,-4.3657,2.6733,2.9148,-0.3735,2.8730,0.0455,-4.3657,0.2280,-1.1338
3.8403,-0.3017,4.0654,-4.3657,0.3255,2.2990,3.3686,-0.9313,2.2673,-4.3657,-1.5414,-3.8141
6.4428,-3.3088,5.9161,-4.3657,-2.0067,0.6416,4.8914,-6.5003,9.2273,-4.3657,-2.6394,-4.3657
9.7420,-3.7565,12.3900,-4.3657,-3.4360,-1.4162,0.8978,-12.2894,15.0356,-2.1745,-0.8828,-4.3657
6.1866,-2.2362,19.6127,-4.2306,-3.0351,-3.6888,-11.8154,-19.6133,18.6221,1.0095,3.5345,-4.3657
5.4229,-1.8627,19.6127,0.7913,-1.4564,-4.2005,-19.6133,-19.6133,17.8536,4.1436,1.7974,-2.0214
3.9289,-2.3296,11.3557,3.2676,0.3176,-4.3657,-6.1770,-13.3333,8.8992,4.3656,0.9045,2.2958
-2.4181,-0.9457,9.4116,4.3656,1.7511,-4.3657,-3.8451,-9.0261,2.6217,4.3656,4.3656,1.8270
-2.4828,1.0582,8.0014,4.3656,1.2187,-3.5429,-10.0006,-8.5138,-1.3001,4.3656,4.3656,3.0700
-6.2441,3.6751,2.9305,4.3656,1.0713,-2.0971,-6.9504,-2.5498,-8.6191,3.9298,0.2898,4.2382
-7.1012,5.3917,-0.3256,3.7711,1.5707,0.5367,-7.3119,0.5483,-8.4276,0.3132,0.8232,4.3656
-5.3103,5.8849,-2.7342,1.7116,4.3656,2.5051,-5.0015,3.2106,-4.9368,-3.2279,1.7692,4.3656
-5.4827,6.3877,-0.5722,-0.6745,4.3656,3.2333,-5.2505,3.5291,-2.5642,-4.3657,3.7466,3.6280
-4.2760,4.8554,0.7949,-2.6797,4.3656,3.6537,-3.9863,3.2872,-1.8124,-4.3657,3.0633,2.1559
-1.3240,2.5091,2.6097,-4.3657,3.4192,3.4049,-0.7709,1.9561,0.4214,-4.3657,0.0745,0.1727
4.1252,-0.3184,5.3271,-4.3657,0.1324,2.1906,3.3758,-0.6632,8.3151,-4.3657,-1.2649,-3.1628
6.9552,-0.9960,11.1282,-4.3657,-2.3429,0.1528,1.1181,-5.1260,11.8010,-2.3653,-0.8013,-4.3657
7.5202,-0.7326,13.4482,-4.3427,-3.7283,-2.2880,-2.9257,-9.2249,13.8074,0.6266,-0.6877,-4.3657
3.9744,0.4645,15.8329,-3.3004,-4.3657,-3.5489,-9.4810,-13.8720,14.8273,2.5053,-1.3094,-4.3657
4.9057,0.1772,18.1169,-0.8724,-2.7122,-4.2109,-15.0930,-15.8664,15.3851,3.6643,1.9524,-3.4805
1.9345,0.2107,13.6972,2.2394,0.1116,-4.3657,-12.3565,-13.2232,9.0501,4.3656,2.7194,-0.1677
-5.3175,4.9344,2.1069,4.3656,2.1293,-0.1875,-4.2042,-0.8260,-4.9967,1.3607,-0.7356,4.3656
-3.4931,4.6328,0.4166,2.8047,3.7719,1.9489,-4.5538,0.7518,-2.3056,-1.2508,1.6746,4.3656
-4.6567,5.2744,0.8452,1.1655,4.3656,2.6548,-3.3136,3.8882,-1.9178,-3.4094,4.3656,3.9150
-4.6112,5.8682,0.8667,-0.7522,4.3656,3.1616,-4.4412,4.4676,-1.8316,-4.3657,3.5558,2.4060
-3.7445,5.2026,0.8978,-2.5057,4.3656,3.2596,-4.9249,3.8379,-1.5921,-4.3657,2.3136,1.1141
-1.9776,3.8451,2.7845,-4.1627,3.5691,2.9287,-2.7126,2.9281,-0.5914,-4.3657,1.0890,-0.3443
1.1995,1.3815,4.3072,-4.3657,0.9955,2.1578,0.4190,0.3974,3.5961,-4.3657,-0.4275,-2.7567
4.4796,-0.0958,7.6040,-4.3657,-2.1988,0.6704,0.5842,-3.3136,8.7293,-2.9623,-2.2111,-4.3657
6.6032,-0.7087,11.8872,-4.3657,-3.4543,-1.3540,-2.2865,-8.7508,13.1585,-0.6951,-1.2963,-4.3657
5.3798,-0.1077,16.5751,-3.7744,-3.3540,-2.8076,-8.9064,-13.4171,14.2192,1.4874,0.1627,-4.3657
4.0558,-0.2011,19.5223,-0.9014,-2.4173,-3.7659,-14.8488,-16.3045,15.7012,3.1999,1.3367,-4.2348
3.5075,-1.3479,13.1466,2.0082,-0.5468,-4.3657,-11.7890,-14.1449,10.8625,4.3656,2.0475,0.2586
-1.4030,-1.0894,10.3573,3.2692,0.3758,-4.3657,-5.9544,-10.3956,3.7828,4.3656,2.9689,1.3115
-3.0957,1.1851,9.6438,4.0641,-0.0129,-3.8324,-9.3613,-7.8195,-0.4405,4.3656,3.2925,1.3107
-3.4333,3.1651,6.6655,4.3656,0.1913,-2.7034,-8.7795,-4.7477,-0.9529,4.3656,1.0424,2.6606
-4.8435,4.8914,3.8810,4.3656,0.8840,-1.6200,-9.0094,-2.2410,-2.7845,2.9969,1.4898,4.1355
-4.8985,5.9161,0.4238,3.9908,2.1378,-0.0743,-6.2369,1.7190,-4.4939,1.2784,1.1115,3.5313
-5.6168,6.9504,-2.5355,2.0368,3.0526,1.4995,-4.7046,4.7908,-6.3087,-1.5424,1.5535,3.7783
-5.3103,6.7229,-1.7933,-0.8154,4.3656,2.6581,-5.1547,4.8937,-5.2505,-4.3657,2.1246,2.4764
-3.9097,5.4300,-0.5171,-2.7909,4.3656,3.0466,-3.9648,3.9600,-2.8252,-4.3657,2.2500,1.1563
-1.9824,3.4620,1.2330,-4.3657,3.4840,2.7880,-1.9944,2.1261,-0.4214,-4.3657,0.6695,-0.6547
2.8515,0.1772,3.7876,-4.3657,0.7604,2.0320,0.3017,-1.4988,6.4260,-4.3657,-0.2554,-3.1796
5.4923,-0.8428,12.2224,-4.3657,-1.3099,-0.2863,-1.1588,-5.5043,13.7068,-2.4168,0.0665,-4.3657
5.0350,1.0989,19.1632,-3.3317,-2.6510,-3.0979,-8.5545,-12.0811,18.0690,1.5158,1.4999,-4.3657
2.8371,1.2905,19.6127,0.7501,-3.3939,-3.9146,-17.4489,-16.5655,13.6350,4.3656,1.1583,-4.2402
2.5331,-0.3903,11.1330,2.7006,-2.9014,-4.3657,-13.8457,-13.1490,7.0030,4.3656,0.3459,0.5235
-3.2753,-0.0479,9.2943,3.3019,-1.0167,-4.3657,-5.8227,-8.0732,2.8659,4.3656,1.4496,1.5320
-3.5985,1.4796,7.1539,3.4729,-1.5452,-4.3657,-5.4540,-3.8547,-1.4629,4.3656,2.0171,0.0163
-3.8331,2.8706,4.2066,2.7002,-2.2752,-3.5635,-6.4452,-1.8651,-1.7119,4.3656,-0.2213,-0.4700
-4.4556,4.5514,4.3694,2.0286,-1.9925,-3.0513,-8.8609,-1.4868,-0.5435,4.1454,0.3082,-0.9919
-5.9161,6.3805,4.2617,1.7620,-1.2745,-2.1554,-12.4379,-1.1588,-2.5474,2.8293,0.7322,-0.0560
-6.1052,7.9535,1.7669,1.2830,0.0573,-0.1067,-12.1841,0.5722,-5.3846,0.5367,-0.1784,1.6643
-6.9121,8.0732,-0.2538,0.3356,2.5971,1.9005,-10.1801,1.8244,-4.9153,-2.8196,0.6619,2.9921
-6.5338,6.3542,0.6584,-1.2252,4.3656,3.5975,-8.3653,0.9744,-3.1675,-4.3657,2.7368,3.5265
-4.6926,3.9744,3.2705,-2.7788,4.3656,4.3492,-6.8163,-0.3831,-1.1779,-4.3657,3.2680,2.8955
-3.0406,2.2098,4.2353,-4.2458,4.3656,4.1394,-4.4125,-0.9194,1.9656,-4.3657,1.6944,1.5548
1.6999,-1.1157,7.7572,-4.3657,2.3978,2.9615,1.7190,-1.2809,6.7469,-4.3657,0.1632,-1.2938
7.8290,-2.3104,11.7867,-4.3657,-2.0868,0.5200,0.8499,-4.9440,14.3844,-2.1586,-0.8667,-4.3657
8.2983,-1.6113,16.9079,-3.4087,-4.0313,-2.7274,-3.9768,-9.6869,18.3132,2.2785,-0.7540,-4.3657
3.9265,-0.7949,16.8384,-0.9288,-4.0384,-4.3657,-9.8090,-13.8792,13.9366,4.3656,0.8548,-4.3657
1.7286,-1.1779,16.5200,0.3035,-4.2706,-4.3657,-11.4491,-15.9765,12.8186,4.3656,0.6127,-4.3657
-0.6512,-1.6113,12.1003,2.4034,-1.7556,-4.3657,-10.5872,-14.2647,4.7357,4.3656,3.5662,-2.2168
-5.5091,0.7638,8.1618,3.6736,-0.3355,-4.3657,-10.1011,-9.5457,-2.0542,4.3656,3.3441,-0.5860
-6.9911,3.7062,5.8466,3.4370,-0.8207,-3.9218,-11.2958,-5.8993,-4.5107,4.3656,1.9097,1.1904
-6.9312,5.3702,2.9042,3.3541,0.7236,-1.4703,-10.9200,-2.3104,-7.6303,2.1430,1.2363,2.1773
-7.5561,6.5649,1.2091,2.1497,2.5333,1.0245,-10.7859,-0.7733,-6.9480,-1.2810,1.4476,3.7735
-7.0126,6.2058,0.8188,0.5950,4.3656,2.9941,-8.1092,0.2562,-4.7716,-4.2469,1.4333,4.0674
-5.3534,4.7094,2.0662,-0.9140,4.3656,4.2177,-6.6056,0.2514,-2.1476,-4.3657,2.2042,3.5878
-3.4740,3.4500,2.6600,-2.5054,4.3656,4.3341,-4.7094,0.1413,-0.2945,-4.3657,1.9305,2.6125
-1.5371,2.1213,4.8507,-4.1130,4.3656,3.7607,-2.8922,-0.3208,2.3822,-4.3657,1.1603,0.7040
3.5075,-0.5004,7.7285,-4.3657,0.9533,2.6029,0.5578,-1.6712,8.1020,-4.3657,-0.4834,-1.9552
5.0853,-0.0670,12.2894,-4.3657,-2.6051,0.4319,-2.5187,-5.3391,13.3596,-1.4803,-2.3084,-4.3657
8.8490,0.6009,16.6373,-2.7807,-3.5121,-2.5735,-7.1012,-9.5744,18.8735,2.1461,-0.6130,-4.3657
2.7366,3.2058,17.7027,0.5756,-3.1564,-3.6669,-12.6462,-11.8298,14.6190,4.3656,0.1066,-4.0874
4.0390,1.7238,12.2224,2.5046,-1.8684,-4.3266,-14.3006,-11.1857,9.1267,4.3656,1.1431,-0.3492
-3.0023,1.9680,6.0358,3.8216,0.3016,-4.3657,-6.7229,-5.3343,0.9505,4.3656,2.0042,1.3646
-4.4269,3.5003,4.4197,2.7206,-0.1474,-2.7931,-7.3047,-3.1771,-1.9944,3.5603,2.3178,1.3997
-4.6998,4.8004,4.5681,2.3674,0.3014,-1.5465,-8.5688,-0.7781,-4.2904,2.1622,1.5328,1.3270
-6.5864,6.7971,1.1803,1.9366,1.2287,-0.2633,-9.8210,0.6680,-4.8770,0.3303,0.8222,2.2761
-8.0038,7.6016,0.9912,0.5824,2.2669,1.5569,-10.3501,1.5419,-7.2784,-2.1538,1.0268,3.1884
-7.3430,5.8993,0.4788,-0.7538,4.1146,3.4287,-7.7644,1.3048,-6.1483,-4.3657,0.7477,2.9059
-6.0430,4.6304,2.0853,-2.6008,4.3656,4.3656,-6.3973,-0.1891,-5.4253,-4.3657,1.2049,2.4804
-3.2178,0.5004,1.8507,-4.3657,3.2564,4.3656,-1.8747,-2.9784,-1.5778,-4.3657,-0.9819,1.4771
6.4236,-4.0989,4.2234,-4.3657,0.5323,3.9366,7.6136,-3.4884,11.0516,-4.3657,-3.5005,-1.0808
8.0278,-3.0670,14.9877,-4.3657,-0.8210,0.6743,1.7358,-8.2361,19.3212,-2.9296,1.1580,-4.3657
8.0302,-0.1197,19.6127,-2.5258,-1.3488,-2.8802,-11.4586,-13.0580,15.1912,1.9019,4.3656,-4.3657
0.6033,1.0534,16.2662,0.6793,-4.0466,-4.3657,-16.6708,-13.5368,11.5951,4.3656,-2.6060,-2.9340
2.2075,0.3687,12.1673,1.3364,-3.4852,-4.3657,-8.5377,-10.6853,9.7803,4.3656,-2.3677,-1.1648
-2.8036,0.9457,8.7891,2.9170,-0.1592,-4.3657,-8.8705,-8.5497,2.5833,4.3656,4.3656,-1.3599
-5.6838,4.5777,7.9966,3.2652,-0.2758,-3.3761,-14.0133,-7.0820,-2.5690,4.3656,2.2439,1.4432
-6.2082,5.6958,5.7700,3.8248,0.0274,-1.5926,-12.5720,-3.8379,-4.5945,3.1732,0.0325,3.6794
-7.0294,6.1818,2.2960,3.8704,2.3689,0.3724,-7.5657,0.4118,-6.0478,0.6359,1.2734,3.7918
-6.2632,5.8658,-1.3838,2.0696,3.9606,2.4977,-7.1515,1.4772,-7.2927,-2.5827,1.9351,4.3136
-5.0877,4.6926,-1.3551,-0.7053,4.3656,3.5567,-3.4572,2.7294,-4.4819,-4.3657,1.0449,3.3292
-4.1731,3.3184,0.9218,-3.2114,4.3656,3.7830,-3.0550,1.5490,-2.6312,-4.3657,2.0005,1.5038
-2.5283,1.5969,2.1787,-4.3657,3.4086,3.6018,-0.4405,-0.0886,-1.2258,-4.3657,-0.2274,-1.1285
1.1253,-1.7190,4.2713,-4.3657,0.7797,3.4386,1.5012,-4.4532,5.0302,-4.3657,-1.7869,-3.5094
6.0047,-2.8754,12.2176,-4.3657,-1.0136,2.4665,-2.9401,-9.1554,11.2863,-4.3657,-0.6632,-4.3657
6.7588,-1.3096,17.1808,-4.3657,-1.1481,-0.4193,-8.1618,-12.8186,15.2008,-1.4149,0.3383,-4.3657
5.4253,-2.2984,19.6127,-1.0536,-1.8606,-2.3621,-13.2782,-17.2885,19.6127,2.2882,0.1564,-3.3132
3.9672,-3.5458,16.4530,2.4598,-1.4957,-4.3657,-10.2520,-16.2925,11.9255,4.3656,2.6712,0.6434
-1.5921,-2.8395,10.6015,4.3380,-0.7196,-4.3657,-5.0518,-11.1019,1.6879,4.3656,2.0201,0.9241
-4.0965,0.1939,7.8290,4.2136,-1.3941,-4.3657,-9.0142,-8.9567,-0.8859,4.3656,2.9147,1.4839
-6.0765,3.7350,5.5617,4.3656,-0.9065,-2.9836,-12.1410,-5.0973,-5.9783,4.3656,1.2096,2.8715
-7.9655,6.3183,2.1189,4.0497,0.7494,-1.0044,-7.1730,0.5219,-6.9671,2.0078,-0.3381,4.3656
-5.8538,6.0047,-2.0877,2.6625,2.8098,1.4574,-6.5697,2.3846,-5.4492,-1.1498,1.5456,4.3656
-5.0039,6.2034,-1.1109,0.0520,4.3656,2.4233,-2.8994,5.2313,-4.0869,-3.7024,2.2723,3.1279
-4.0677,5.6455,0.0910,-1.9372,4.3115,2.9716,-2.2577,5.2146,-3.8810,-4.3657,2.1833,1.4739
-1.5060,3.4955,1.1157,-4.1038,2.4328,3.1698,-0.2274,2.9473,-1.0367,-4.3657,-0.5553,-1.1983
4.6280,-1.1396,3.0071,-4.3657,-0.3063,2.3474,4.5490,-1.3886,6.7900,-4.3657,-2.0595,-3.8300
7.7428,-2.4900,8.3917,-4.3657,-2.6649,0.2984,2.0518,-7.5561,12.9981,-2.5570,-1.3659,-4.3657
8.6910,-1.6664,18.8807,-4.3657,-1.1074,-2.2878,-5.9424,-12.8449,15.8185,-0.2077,3.4216,-4.3657
2.8467,-0.6033,19.6127,-1.1525,-2.5891,-4.3657,-14.2216,-16.6660,14.2790,3.4442,1.9064,-4.3657
3.5003,-1.0726,16.0651,0.6883,-2.7026,-4.3657,-14.0731,-16.3883,13.7595,4.3656,-0.9077,-1.3945
0.5938,-1.1325,11.5592,2.9399,0.0998,-4.3657,-8.2384,-12.3661,5.5426,4.3656,4.1172,0.8895
-4.3096,1.3240,9.7947,4.2952,1.0520,-4.0909,-9.8354,-9.0525,-0.6464,4.3656,3.9731,1.9718
-4.0869,3.0263,6.2656,4.3656,0.6065,-2.1983,-9.6007,-5.6455,-3.5362,3.6357,1.7591,3.3917
-5.3846,4.4269,1.6448,4.1669,1.8819,-0.5566,-6.2130,-0.5818,-6.2824,1.4158,1.2312,4.3656
-4.2665,6.2201,-1.3647,-0.0550,3.2664,2.2212,-3.9385,4.4388,-4.2617,-3.4843,1.3523,2.5211
-3.3160,5.2194,-0.2083,-2.6285,3.4439,2.7892,-3.0047,3.6703,-3.1819,-4.3657,1.1174,0.7913
0.1676,2.1835,0.9625,-4.3657,1.9476,3.0706,0.0551,1.1085,0.5555,-4.3657,-0.6961,-1.0523
4.6902,-2.5139,5.5474,-4.3657,0.1632,2.1296,3.6464,-3.3423,10.1969,-4.3657,-1.3602,-3.9450
7.8745,-3.1723,15.6150,-4.3657,-1.5792,-0.8491,-1.5012,-9.2895,15.6174,-1.2822,1.7026,-4.3657
4.4436,-0.3591,18.2941,-2.3900,-3.3205,-3.7289,-10.3669,-13.4722,12.3708,2.6129,1.0448,-4.3657
5.2433,-0.6560,16.6301,-0.7682,-4.2823,-3.9014,-12.3493,-14.5903,16.9629,4.3656,-2.9134,-3.0080
4.1611,-1.9992,12.0859,1.2950,-0.8207,-4.3657,-7.5537,-13.1346,10.9607,4.3656,3.4783,-1.6938
-1.6448,-1.1684,10.7931,3.1436,1.2108,-4.3657,-7.7093,-10.9750,2.7940,4.3656,4.3656,-0.3628
-4.0797,1.9034,9.9096,3.6282,-0.6809,-4.2445,-12.6486,-10.1059,0.4429,4.3656,2.1364,2.2076
-4.4197,3.8092,7.2329,4.3656,0.0075,-2.4820,-10.3789,-5.4277,-3.1580,4.1287,0.7725,3.5050
-5.4731,5.2696,2.0399,4.3656,2.1835,-0.5596,-10.4291,-2.7174,-4.5155,1.5187,2.5907,4.3656
-5.4468,5.6527,0.4046,2.9655,3.3901,1.7945,-3.0598,3.4524,-6.2560,-1.3209,0.7264,4.3656
-3.9744,5.7293,-1.9561,0.8656,4.3656,3.1315,-3.2106,4.5514,-4.7070,-3.9329,2.2896,3.1239
-3.3208,5.1020,-1.2043,-2.0562,4.3656,3.4387,-2.7940,4.1084,-3.7158,-4.3657,2.8713,1.1698
-2.1668,3.4022,0.9529,-4.3657,4.3059,3.2598,-2.4852,1.6257,-2.3224,-4.3657,1.0252,-0.5320
1.5371,-0.3496,3.3136,-4.3657,1.9548,2.8889,0.9720,-2.1883,2.8635,-4.3657,-0.8783,-2.6113
5.9568,-2.8443,8.9878,-4.3657,-1.1006,1.4787,1.3072,-6.6319,11.7627,-4.3657,-1.5695,-4.3657
7.2592,-2.6528,15.1194,-4.3657,-3.0382,-1.0539,-3.9169,-10.9367,15.1194,-0.4763,-0.5359,-4.3657
5.9855,-0.5914,18.6987,-2.7945,-3.9912,-2.8589,-11.1067,-13.8816,14.5544,2.1707,-0.7079,-4.3657
4.6735,-0.7757,17.2359,-0.3244,-2.8362,-3.5707,-13.4410,-15.6222,17.1952,3.7774,-0.6650,-2.6325
3.2729,-1.4246,12.9957,2.1867,-0.2117,-4.3657,-9.9216,-13.7523,9.1985,4.3656,3.4522,0.2826
-2.4588,0.5028,10.5608,3.8810,1.0128,-4.0657,-10.2185,-11.2384,1.2617,4.3656,3.9448,2.3618
-3.2777,2.9904,9.3374,4.3656,0.7998,-2.1630,-9.8976,-7.0940,-1.3982,3.6471,1.5228,4.3596
-4.3838,4.1587,3.5171,4.3656,2.4253,-0.7362,-8.6119,-3.6440,-5.2577,1.6678,1.6739,4.3656
-5.5881,5.3223,1.0127,4.2309,3.6725,1.4707,-4.5538,1.3384,-4.4436,-0.7250,1.2176,4.3656
-3.6464,5.5617,-1.6328,2.0110,4.3656,3.0431,-2.2960,4.1444,-3.6224,-3.4901,1.9201,4.3656
-2.2577,5.6024,-1.3001,-0.8423,4.3656,3.3533,-1.3599,5.2912,-0.8978,-4.3657,2.2028,2.7207
-0.9050,4.2377,1.4940,-3.3649,4.0706,2.9668,-0.8547,4.1899,-0.9960,-4.3657,2.3313,0.1049
3.7757,1.0894,4.2904,-4.3657,1.1191,1.9337,1.8962,0.7111,5.7365,-4.3657,-0.1764,-2.8641
5.7413,-0.2969,7.9033,-4.3657,-2.1112,0.3758,0.6943,-3.8331,9.6367,-2.7260,-1.3713,-4.3657
7.3670,-0.1580,13.9055,-4.3657,-3.8200,-1.2805,-2.1811,-7.4484,13.4913,-0.0911,-1.5796,-4.3657
5.6096,2.0351,14.4753,-3.1805,-3.7796,-2.7779,-8.4898,-10.8146,13.8816,1.7501,-1.0503,-4.3657
4.5418,2.1548,17.1209,-1.2947,-2.7300,-3.0113,-14.0276,-13.7954,15.8041,2.7515,-0.1442,-4.3657
2.8204,1.6233,13.6134,1.3382,-0.5959,-3.8866,-15.9861,-13.9606,12.3206,4.1126,3.0565,-0.4535
-2.1093,2.0111,11.7723,3.3013,0.9304,-3.6172,-9.8402,-9.7731,2.0183,4.1817,2.9449,2.2561
-3.7110,3.5721,8.8370,4.3656,1.1080,-2.2372,-9.7420,-7.2664,-1.0032,3.3560,2.5520,4.3656
-5.2218,4.3455,5.8419,4.3656,2.0384,-0.0902,-9.4355,-3.5578,-4.5490,1.8680,1.0176,4.3656
-4.4317,4.7669,0.4669,4.3656,3.1392,1.2566,-6.8809,-0.8332,-3.8116,-0.4358,1.6366,4.3656
-3.8786,6.0861,-0.9002,2.5586,4.3656,2.0251,-2.3008,3.7781,-2.9329,-2.1254,1.1535,4.3656
-4.1348,6.5601,-1.0415,0.4206,4.3656,2.7837,-2.3248,5.9065,-2.7916,-3.9446,2.7771,3.1023
-1.8148,5.8562,-0.0431,-1.8959,4.2534,2.9088,-2.1428,5.8778,-1.1085,-4.3657,1.8430,1.2685
-0.2682,4.5633,1.4317,-3.6697,3.0132,2.3165,-1.3910,3.8188,0.6177,-4.3657,0.9074,-0.7035
3.8451,2.1380,4.2665,-4.3657,0.4505,1.5294,0.8140,0.7111,7.2856,-4.3657,-0.7951,-3.2390
6.3805,0.1173,9.8474,-4.3657,-0.9851,-0.2168,1.0726,-3.7469,11.9064,-2.1913,-0.3693,-4.3657
6.5625,0.9122,15.5527,-4.3657,-2.6494,-1.9400,-5.8251,-9.1051,13.5919,0.7011,0.9173,-4.3657
5.1739,1.8771,15.1337,-2.4798,-3.7514,-3.3979,-10.9726,-11.8585,14.3939,3.2338,-0.8637,-4.3657
2.3152,1.2402,14.8417,-0.2308,-2.9904,-3.9796,-11.2647,-12.1602,11.4060,4.2240,0.5848,-3.7064
0.3807,1.2043,12.7324,1.6048,-1.6733,-4.3581,-10.9032,-11.8321,7.4627,4.3656,2.8086,-1.8302
-2.1931,2.5402,12.1649,3.5125,-0.2354,-3.9234,-16.3668,-13.2088,5.2625,4.3656,4.2256,1.6903
-3.9911,4.3479,7.9176,4.3656,0.2817,-3.0958,-11.0253,-11.0349,-0.3160,4.3656,2.0082,4.3656
-5.6503,4.5777,3.0478,4.3656,1.6366,-1.2085,-2.2075,-0.7925,-7.6543,3.2742,-0.7104,4.3656
-4.9704,5.2912,-2.5714,4.3656,2.7819,0.8567,-1.1396,5.1212,-7.2616,0.2797,2.2569,4.3656
-3.8140,7.3095,-5.1619,1.1398,4.3653,1.9289,-1.9201,8.3175,-6.1986,-2.9215,3.2632,2.7496
-3.2178,6.8833,-2.3320,-1.9560,4.3656,2.2823,-1.0511,8.0828,-5.7054,-4.3657,2.2673,0.3170
-0.8667,4.7788,0.6752,-4.2955,3.3068,2.1256,-0.2514,4.0223,-1.3982,-4.3657,1.3219,-2.3193
3.5650,1.2115,1.1995,-4.3657,0.7056,1.2979,1.5826,-0.6201,5.3678,-4.3657,-1.4228,-4.3559
5.6455,-0.7207,8.4898,-4.3657,-1.4753,-0.2655,0.9385,-5.3319,12.3182,-2.7704,-0.8118,-4.3657
6.2441,-0.5507,17.7410,-4.3657,-2.3044,-2.7853,-6.1866,-11.4658,14.9638,0.6630,2.7227,-4.3657
2.4517,1.4054,19.6127,-1.9934,-3.7446,-4.2382,-14.8177,-15.9214,14.4514,4.3656,-0.0707,-4.3657
3.5267,0.4405,14.8895,0.9923,-3.4716,-4.3657,-15.3037,-15.0954,12.4379,4.3656,0.3741,-2.1464
0.4166,0.6871,10.6279,2.3780,-1.3093,-4.3657,-8.8609,-11.0421,6.5410,4.3656,2.8350,0.7727
-3.7685,2.8108,8.6311,3.7439,-0.0211,-4.3657,-10.3573,-8.6790,1.1540,4.3656,4.3656,1.5192
-4.9129,4.6639,7.0820,4.1884,0.1833,-3.0690,-8.8322,-4.7309,-3.4141,4.3036,2.0001,3.7223
-5.3319,5.2050,2.7007,4.3656,1.6206,-1.5206,-10.4363,-2.5426,-6.0501,2.3505,2.0869,4.3656
-6.0813,6.8091,-0.9673,3.5545,2.5551,0.2180,-6.2872,1.3791,-8.3366,-0.9094,1.1612,4.3656
-6.3853,6.8331,-2.2458,1.6165,3.4258,1.9718,0.1820,7.1970,-4.0175,-2.6966,-1.1772,4.1631
-3.8235,6.6583,-3.4668,-0.7983,4.1158,2.6931,-3.7230,6.0047,-2.7031,-4.2785,3.4427,2.8112
-3.2729,5.7820,-0.0766,-2.8266,4.3656,2.5667,-2.2266,6.1387,-1.7957,-4.3657,3.3578,0.4126
-1.6592,4.5945,1.6281,-4.3657,3.3025,2.4861,-2.4828,3.6727,0.2179,-4.3657,1.3462,-1.1509
2.8706,1.5538,4.2449,-4.3657,0.7985,2.1753,0.9960,0.7087,4.8914,-4.3657,-0.4201,-3.6881
7.7668,-0.7254,8.6622,-4.3657,-1.1329,0.7501,0.9457,-4.5753,10.7548,-3.2131,-0.4230,-4.3657
7.7021,-1.3862,16.3716,-4.3657,-3.0068,-1.8070,-3.5793,-9.5170,15.0667,1.1405,0.6793,-4.3657
5.2840,0.0048,14.1641,-3.5566,-4.3657,-3.7335,-9.1746,-12.4259,11.2312,3.0879,-0.9717,-4.3657
4.4628,0.1700,17.0587,-1.6966,-3.8682,-3.8962,-11.4682,-13.1849,13.3884,3.5429,-1.3106,-4.3657
1.8723,0.0718,12.6318,0.8648,-1.1830,-4.3657,-12.2775,-13.2543,11.0995,4.1490,2.4946,-2.1691
-0.0120,0.8715,10.9750,2.1424,0.3373,-4.2396,-10.3477,-10.7548,4.8123,4.2438,3.6850,0.3766
-3.1484,2.7485,10.2041,3.6206,0.4170,-3.2041,-11.3892,-8.7508,0.5339,3.9371,3.1082,2.6506
-2.6791,4.0247,7.3981,4.3656,1.0981,-1.7997,-11.5640,-5.8562,-1.4892,2.5009,1.8202,4.1840
-4.8195,5.7628,4.0366,4.3656,2.3345,-0.4487,-6.6176,-2.0494,-2.6408,1.2850,1.2017,4.3656
-4.3335,5.7724,0.3448,4.1904,3.4915,1.7178,-4.8818,2.1931,-5.2313,-0.6520,1.3113,4.3656
-3.3112,6.3255,-2.5738,2.0699,4.3656,2.8747,-1.6975,5.6527,-4.3790,-3.5296,2.5106,4.2505
-2.8323,6.3255,-2.9568,-0.9446,4.3656,2.9379,-2.5043,5.6934,-3.0789,-4.3657,3.0582,2.4629
-2.8635,4.8171,-0.2107,-3.6409,4.3656,3.0895,-2.0566,4.0965,-2.5642,-4.3657,2.2327,0.2342
0.5483,1.3719,2.3152,-4.3657,2.7204,2.8503,0.2274,0.2729,1.9201,-4.3657,-0.1130,-2.2324
3.1316,-1.1827,6.4021,-4.3657,0.4780,1.8842,-0.0359,-4.2449,6.1699,-4.3657,-0.4632,-4.3657
7.7117,-3.0646,12.5313,-4.3657,-1.8576,-0.0222,-0.3089,-7.2880,10.7595,-2.9584,-0.4117,-4.3657
6.4715,-1.2258,16.2566,-4.3657,-4.0865,-1.5676,-5.6168,-13.2016,16.4960,0.3384,-2.5055,-4.3657
7.5034,-1.1253,19.6127,-2.2266,-4.0500,-2.8493,-13.0460,-16.8528,19.4936,2.9026,-0.1923,-4.3657
4.2521,-1.7502,14.0875,1.0505,-1.6619,-4.3657,-13.9989,-16.1130,13.5153,4.3656,1.7146,-0.9657
2.2769,-1.8651,11.5448,2.1302,-0.4832,-4.3657,-7.0868,-11.6262,6.2106,4.3656,1.9906,0.6827
-0.9768,0.6177,10.4244,3.2141,-0.3068,-4.3657,-7.0629,-8.3629,2.6097,4.3656,3.2339,1.4341
-1.4341,3.1843,8.8729,4.3656,-0.0969,-3.1749,-12.5217,-7.9296,1.7023,4.3656,1.9974,2.9880
-4.1899,4.6735,5.0542,4.3656,1.1979,-1.9284,-9.0118,-3.8738,-3.1795,3.4176,1.0921,4.3656
-4.8602,5.9951,1.6185,4.3656,2.7504,0.1996,-5.4947,0.3232,-6.1938,0.9096,1.4789,4.3656
-4.4101,5.7724,-2.6600,3.2552,4.3656,2.6000,-2.2601,4.1324,-4.5921,-2.6141,1.7970,4.3656
-2.8850,6.0980,-3.4333,0.1108,4.3656,2.9247,-2.3703,5.2648,-1.5945,-4.3657,4.3022,3.8668
-4.4149,5.8203,0.3711,-2.3744,4.3656,2.8673,-2.7725,5.7293,-2.2817,-4.3657,4.3656,1.4979
-2.8323,4.4652,2.2194,-4.1556,4.3656,2.6741,-3.9433,3.1627,-1.2546,-4.3657,2.2557,-0.6335
-0.2251,2.6791,3.7350,-4.3657,2.4557,2.3298,-1.0894,1.5395,1.0127,-4.3657,-0.0119,-2.6031
1.9465,0.8715,5.6096,-4.3657,-0.1977,1.3422,-0.0766,-2.2817,6.1459,-4.2224,-1.1443,-4.3657
6.1866,-0.3926,10.6183,-4.3657,-2.0817,0.4105,-0.9194,-6.7540,12.2128,-1.6256,-1.4220,-4.3657
7.6782,-1.6568,14.4801,-4.3657,-3.2138,-1.5600,-4.6543,-10.7284,13.8122,0.2673,-0.4570,-4.3657
4.3670,-1.2641,19.6127,-2.8118,-3.4727,-2.8426,-10.5034,-15.3827,15.4354,3.1884,-0.7361,-4.3657
5.3678,-1.5850,16.4984,0.3985,-3.0327,-4.3657,-13.9702,-16.4099,14.5184,4.3656,2.3602,-2.9768
2.5187,-1.2426,12.5145,1.9913,-1.9561,-4.3657,-10.5345,-13.5201,7.5393,4.3656,1.9115,0.8456
0.1389,0.3496,10.7428,3.2225,-1.6164,-4.3657,-8.2456,-9.2991,1.9273,4.3656,1.7505,2.9311
-2.5666,3.4046,8.5114,4.3071,-1.1046,-3.6015,-8.1930,-4.8722,0.8380,4.3656,0.4371,3.2402
-3.4213,4.9967,4.4819,4.3656,0.1847,-1.7112,-9.2919,-2.7222,-2.2673,3.1734,0.8732,4.0549
-3.0454,5.8131,0.3376,4.1691,2.0683,0.1620,-6.1459,0.8356,-4.1899,0.3647,0.9565,4.3656
-3.4884,6.3997,-1.5155,2.0893,4.1069,2.0127,-3.4189,3.7900,-3.1532,-2.6121,1.1283,4.3493
-1.7454,6.2345,-1.0678,-0.2264,4.3656,2.8826,-2.1668,4.5514,0.3567,-4.3657,3.8231,3.3433
-0.4764,5.1260,2.4804,-2.2989,4.3656,2.4580,-2.5833,4.0175,1.8268,-4.3657,3.7954,1.0321
0.8954,4.0318,5.1499,-3.5118,3.1597,1.7585,-2.4852,2.3152,5.2505,-4.3657,1.6995,-1.2957
4.5801,1.4557,7.6375,-4.3657,0.5183,1.0489,1.1013,0.5052,7.5705,-2.2696,-0.2607,-4.1018
7.5034,-0.8236,8.6191,-4.3657,-2.4797,-0.9367,1.1732,-5.1882,11.0061,-0.1976,-0.9715,-4.3657
5.5976,0.1844,15.9861,-4.1899,-2.7715,-2.7210,-7.5992,-10.1227,13.5775,1.7056,0.6623,-4.3657
4.3144,0.9912,15.7084,-1.8289,-3.3248,-4.3657,-12.7802,-13.4722,13.0292,4.2462,0.7013,-4.3657
1.6592,1.3336,15.2702,0.1142,-3.3155,-4.3657,-14.4059,-13.3501,10.7667,4.3656,0.4747,-1.9606
1.6185,1.2546,10.7739,2.3121,-1.2486,-4.3657,-11.1761,-10.6422,6.3805,4.3656,2.7455,1.2075
-2.4588,2.9568,8.8442,3.7013,-0.4124,-4.0797,-11.2192,-7.7692,0.8978,4.3083,2.4816,2.9440
-3.1484,4.4388,6.3183,4.3656,0.0670,-2.5868,-10.3741,-4.9512,-1.6616,3.4603,1.1362,4.3656
-3.8762,5.2936,3.6152,4.3656,1.4236,-1.1342,-3.8092,1.1947,-3.1915,1.8508,-0.0200,4.3075
-3.4189,7.1419,-0.2777,3.6226,2.7256,0.6668,-10.0293,0.3065,-2.8108,-0.4178,3.0611,4.3656
-3.8020,7.5633,-0.6369,2.2238,4.3656,1.9027,-1.0247,5.7700,-3.1244,-2.9187,0.9685,4.3656
-2.2290,7.2401,-1.8890,0.3082,4.3656,2.7452,-0.7614,7.0725,0.5076,-3.7708,1.9442,3.1040
4.2042,0.1030,4.5250,-4.3657,0.2923,1.2802,2.6336,-1.2234,5.8203,-4.0770,-0.8769,-4.3657
8.2983,-0.6871,9.7109,-4.3657,-1.7034,-0.1175,-0.8188,-7.2257,12.2846,-2.8384,-0.6386,-4.3657
8.2073,-0.8236,16.2973,-4.3657,-0.9156,-3.0169,-6.3446,-11.3270,17.1233,0.5492,2.2471,-4.3657
4.0558,0.9792,17.7410,-1.6495,-3.0181,-4.3657,-12.7348,-12.9191,13.2567,4.2759,1.9376,-4.3657
1.8435,1.0606,15.4833,0.3785,-3.7219,-4.3657,-12.1410,-11.7819,9.9886,4.3656,-1.3821,-2.6303
1.6688,0.4022,10.7404,2.0346,-1.3426,-4.3657,-8.2193,-9.4332,8.2696,4.3656,2.3635,-0.9134
-1.5179,1.4676,8.0972,2.9319,-0.6620,-4.3657,-8.5904,-8.2408,3.2034,4.3656,3.8209,0.3123
-3.7685,2.8706,8.3055,3.2802,-1.1956,-4.1367,-10.6901,-6.6655,-0.7135,4.3656,1.8433,1.7147
-4.2066,4.1659,7.0916,3.9623,-0.7815,-3.1728,-9.9000,-3.4860,-2.9736,4.3656,0.8623,2.3764
-6.3255,6.5697,3.2777,4.3656,0.2118,-1.4389,-9.4571,-0.9098,-3.8906,2.8911,0.4325,4.0461
-5.5641,6.6439,-1.1779,3.4434,1.5108,0.7254,-6.3470,2.5833,-6.7062,0.2406,-0.0899,4.3656
-3.8930,7.2401,-3.5434,1.4386,3.9891,2.2632,-3.9217,5.0470,-3.7014,-3.0971,1.3288,4.3656
-3.1053,6.9528,-1.0367,-1.0413,4.3656,2.8713,-2.3703,6.0693,-0.6704,-4.3657,4.3656,2.6156
-2.0039,5.4588,1.8076,-3.1690,4.3656,2.9425,-1.9585,4.8459,1.0439,-4.3657,4.1883,0.0433
0.5674,3.2082,4.3455,-4.3657,3.1785,2.6955,1.6520,3.1220,6.5386,-4.3657,-0.0801,-2.1345
6.4691,1.2546,9.3398,-4.3657,0.7281,2.0460,-0.8882,-2.9305,8.5401,-3.2338,0.1777,-4.3657
9.7947,1.0750,13.2687,-4.3417,-0.6612,-0.8715,-7.1658,-7.2018,14.9398,-0.5189,2.2505,-4.3657
3.9768,1.1277,14.1210,-2.2696,-3.3003,-3.7920,-10.7931,-7.2544,10.2975,3.2502,-1.1942,-3.5934
1.7119,2.4038,13.4243,-1.8257,-4.3657,-4.1524,-6.3829,-7.5154,11.9135,4.3549,-3.8765,-3.9281
0.0311,2.6671,13.1035,0.3548,-2.4704,-4.3657,-14.5687,-10.6638,8.0206,4.0902,3.7154,-3.3370
-3.1675,3.3974,10.1969,1.9758,-1.0194,-3.7684,-14.5256,-8.7245,1.7909,4.0950,1.6080,0.3067
-3.6727,4.3862,7.5513,2.5650,-0.5923,-2.3297,-11.8417,-5.9400,0.0000,2.8695,0.4630,2.5157
-3.6057,5.4564,6.6918,3.2602,1.1843,-0.8446,-10.4076,-3.3279,0.6464,1.5950,2.2930,3.5686
-2.6193,5.7892,5.6048,3.5845,1.7452,0.1038,-10.9032,-2.4325,0.8308,0.6376,1.5697,4.3656
-2.5283,6.4643,4.0725,3.9273,2.8342,0.7085,-5.9855,0.7781,-0.2634,-0.0498,0.7405,4.3656
-2.6624,7.2329,-0.0766,3.7177,4.1211,1.3992,-3.5338,4.3144,-1.4533,-1.1518,2.1673,4.3656
-2.9329,7.8745,-3.0382,1.6892,4.3316,2.2511,-0.1413,8.4707,-2.3224,-2.4416,2.1853,3.7628
-1.5083,8.4420,-3.0358,-0.6179,3.9249,2.6598,-1.3024,9.4906,-4.6902,-4.1025,2.1697,2.0881
0.6009,6.9695,-2.4636,-2.8499,2.8618,2.5138,0.3496,7.2927,1.7406,-4.3657,0.4149,-0.0646
1.9704,5.2146,0.4788,-4.3657,2.2067,2.0566,0.9529,5.0087,2.6193,-4.3657,0.6751,-2.4433
3.8092,4.0582,4.1468,-4.3657,1.2688,0.5758,1.2617,1.4844,9.3326,-3.5894,0.9649,-4.3657
6.6128,2.7797,7.8817,-4.3657,-0.5464,-0.5323,-4.6088,-2.8323,7.5082,-1.8106,1.4903,-4.3657
3.8954,2.2266,12.3493,-4.3657,-3.8748,-2.4335,-6.7564,-4.8147,10.5129,0.9635,-2.2184,-4.3657
1.5395,4.6064,13.8241,-3.1862,-4.1438,-2.6833,-12.9431,-9.3326,12.1314,1.8814,-2.5446,-4.3657
3.4477,3.4860,15.5695,-0.1769,-2.0538,-3.2527,-17.5256,-10.8098,13.0580,2.9970,2.4495,-2.3033
-0.5171,3.9744,10.9128,1.5872,-0.9994,-3.6523,-14.2742,-7.9416,5.5522,3.8959,0.2832,1.9734
-1.6568,4.0414,9.6893,2.9477,0.2797,-2.6854,-11.7148,-5.4085,2.8970,3.1596,1.7968,2.4721
-3.0382,4.2042,6.7181,3.8476,0.6266,-2.4958,-5.9711,-0.8787,-0.3448,3.2454,1.4032,3.1722
-4.9321,5.2864,2.1380,3.5797,-0.6988,-1.1371,-9.4499,-0.6776,-2.4349,2.8878,-0.2806,2.9575
-4.6256,7.0653,2.5522,2.3385,-0.2137,0.4386,-5.6168,3.9193,-4.9632,0.7396,-1.3225,4.1122
-4.9464,7.7764,0.2370,2.2525,2.9990,1.7528,-4.6112,5.7389,-2.9066,-1.5910,0.7250,3.3163
-4.1875,7.5657,-3.3447,0.0585,4.3656,2.9949,-4.4460,5.3726,-3.0694,-4.3068,3.3441,3.5718
-2.4588,5.5186,1.0894,-2.3458,4.3656,3.6720,-1.8531,5.3199,-0.0287,-4.3657,3.3625,1.7837
-0.7542,3.5434,1.6975,-4.1440,4.3656,2.8809,1.2737,4.3359,1.8148,-4.3657,2.9128,-1.1498
5.5881,-0.1460,5.1619,-4.3657,0.6812,2.1304,2.3774,-0.3232,5.3008,-4.3657,0.2553,-4.2437
5.4348,-0.7733,10.6566,-4.3657,-2.0303,-0.1176,-0.1484,-6.6750,12.8233,-1.7055,-1.7148,-4.3657
7.1371,1.1971,15.9621,-4.1659,-2.2605,-2.2079,-11.1905,-11.5760,16.4841,0.5344,1.6880,-4.3657
2.0925,1.8747,17.7362,-1.1969,-2.3947,-3.6091,-15.4665,-12.3182,12.0476,3.1832,1.0094,-4.1111
1.8172,1.8699,14.0468,0.6392,-2.6700,-3.4323,-15.4091,-11.5089,9.5864,4.1803,-1.2565,-0.8278
-0.0215,1.5969,10.0054,2.1930,0.2828,-3.6816,-10.8194,-8.7221,5.5833,3.8225,2.8854,0.9803
-2.8850,3.0119,8.8585,3.3386,1.2658,-2.8610,-10.9894,-6.2417,1.0487,3.2070,3.3961,3.0566
-3.6129,3.9624,7.4196,3.7319,0.8681,-1.4536,-9.7420,-3.2058,-0.8882,2.3755,0.6382,3.5386
-3.6129,4.9608,4.5059,3.9279,2.0680,-0.7080,-10.8793,-2.0925,-1.4533,1.2296,1.9798,4.3656
-3.7421,5.7030,2.4373,3.3049,2.8841,0.2855,-2.7318,3.9552,-3.7182,-0.1427,0.9970,4.2898
-4.1731,6.6631,-0.7063,1.7934,2.8132,1.4354,-5.8203,4.4149,-3.1077,-1.6990,1.8231,3.0951
-3.5267,7.1323,-0.4932,-0.3212,2.7975,2.0331,-3.1843,6.5697,-1.3360,-2.7551,1.1856,1.9748
-2.6169,6.8091,0.6177,-1.7737,2.3863,2.1317,-3.7589,6.1699,-2.7533,-3.7253,1.2239,0.2986
-0.7302,5.3798,1.6735,-3.2599,1.6110,2.0769,-1.6185,4.4628,0.0407,-4.3657,-0.0986,-1.2501
3.4093,2.9377,2.0686,-4.3657,-0.0580,1.4729,1.2139,1.4365,6.7588,-4.1214,-1.4581,-3.4684
5.8107,1.5538,8.6886,-4.3657,-1.4228,-0.2938,-0.0120,-2.9736,12.1386,-1.9075,0.1557,-4.3657
4.7764,1.7023,14.1138,-3.6637,-2.2123,-2.3106,-7.7117,-7.6950,11.6550,0.8015,1.8806,-4.3657
3.3208,3.0550,15.3756,-2.0772,-2.8857,-3.1121,-13.5225,-10.7524,13.1897,3.0674,-0.5468,-4.3657
1.6400,2.1261,14.9757,0.4371,-2.6307,-4.3657,-13.2495,-10.5297,10.4339,4.3656,0.6575,-2.4316
-1.1085,1.6735,10.0676,1.9726,-1.2197,-4.3248,-9.7755,-8.5401,5.5641,4.3656,1.6882,-0.4078
-2.1452,2.0183,8.9783,2.8092,-0.7853,-3.9722,-11.3342,-8.0828,1.9297,4.3656,2.8309,0.8705
-4.7094,3.8379,7.9152,3.4788,-0.4487,-3.1586,-9.7181,-4.4843,-1.8148,4.1693,0.8875,2.6291
-4.8363,5.3032,4.1252,3.6174,0.2811,-1.6435,-11.8106,-3.0430,-3.6607,2.6478,1.0729,3.9746
-6.1244,6.4907,2.4445,3.0393,1.5737,-0.0593,-6.7780,2.0710,-5.7581,0.3933,0.3988,4.2541
-5.9304,6.8953,-0.6919,1.8542,2.9244,1.7455,-6.1100,4.1683,-4.6926,-1.8839,1.0174,3.4523
-4.3048,6.5697,-1.4916,-0.1927,4.0556,2.7426,-4.2593,5.0781,-3.0646,-3.8580,1.9713,2.8253
-2.9209,5.9831,0.4310,-2.0419,4.2835,3.1119,-3.1867,5.0973,-1.6472,-4.3657,2.0440,0.9701
-0.8906,4.6352,1.4796,-3.6862,3.0411,3.0209,-1.6999,3.4069,1.2594,-4.3657,0.7492,-0.6302
5.0374,1.6735,3.8164,-4.3657,0.5674,2.2031,2.0303,0.7877,7.8697,-4.3657,-0.9232,-3.2243
9.3709,0.2538,10.8314,-4.3657,-1.7952,-0.5997,0.9026,-3.7685,15.3708,-1.6689,-0.4478,-4.3657
5.3199,2.2960,16.5583,-2.6119,-2.6640,-3.1730,-8.4946,-8.7747,14.5017,1.8507,1.0283,-4.3657
2.2338,3.0598,14.9733,-0.9565,-3.8339,-4.0250,-15.1481,-11.4179,12.7012,4.0762,-0.8909,-3.9948
0.9122,2.3535,13.0101,0.9298,-2.1954,-4.1359,-13.9127,-10.6326,9.8234,4.3656,1.0660,-0.7739
-1.5730,2.5570,10.4986,2.7346,0.1812,-4.0529,-9.7875,-6.9001,2.8084,4.3656,2.8086,0.9916
-3.5458,3.2202,7.8937,3.5466,0.3289,-2.9802,-10.9583,-5.4803,-0.4334,3.6632,2.1482,1.9406
-4.8028,4.6663,5.6264,3.7367,0.4367,-1.6333,-9.5217,-2.8659,-2.7869,2.8535,0.7120,3.9802
-5.2146,5.8730,3.3471,3.7024,1.5832,0.4514,-6.9552,1.6305,-3.6559,0.7545,0.4141,3.8076
-4.3048,6.7205,-0.9768,2.6408,2.5253,1.8603,-5.6958,3.8235,-3.6727,-1.1000,1.1313,3.1225
-3.2705,7.2137,-2.2553,0.4405,3.6086,2.5142,-5.0949,4.9464,-2.9377,-3.2900,1.4162,2.7344
-2.7581,6.6487,-1.1827,-1.5954,4.3656,3.0315,-3.1603,5.2768,-2.1021,-4.3657,2.2156,1.8037
-0.3663,4.8052,2.2721,-3.7714,4.0161,2.7727,-1.8100,3.6536,0.5124,-4.3657,1.7888,-0.1021
4.0414,2.0949,4.6711,-4.3657,0.6684,1.7445,1.2905,1.3599,5.7796,-4.3657,-0.6634,-2.5286
6.3805,2.4229,11.4802,-4.3657,-2.8224,-1.0003,-5.6024,-6.1675,13.2447,-0.8055,-0.4170,-4.3657
3.6775,3.3088,13.5105,-3.1311,-2.1289,-1.8752,-10.4172,-8.7580,11.1474,0.8869,0.4847,-4.3657
-1.9130,2.5905,9.2177,3.2917,1.3548,-1.4830,-10.9056,-6.9192,1.9417,2.3029,2.1646,3.0888
-4.0797,4.3574,7.9990,3.8665,1.9782,-0.3512,-10.3166,-3.9002,0.3903,1.3268,1.6959,4.2058
-3.6871,5.2672,4.8961,4.2253,2.7348,0.7149,-8.0278,-1.1253,-0.7207,0.8769,0.8921,4.3656
-3.6655,5.9903,0.6249,3.8351,3.5779,1.4574,-4.1851,2.5402,-2.2505,-0.6327,1.5200,4.3656
-2.1907,6.4260,-2.0423,1.9396,4.3656,1.9181,-0.6823,5.9616,-1.1732,-1.9478,1.6743,4.3656
-3.0574,7.2784,-1.5275,-0.0893,4.3656,1.9392,-1.9561,7.6662,-2.5331,-3.2836,3.9209,2.7797
-1.5945,6.4979,-0.0048,-2.6775,3.1248,1.8945,-0.8595,7.1156,-1.5586,-4.3296,1.1666,0.5139
2.3966,3.7302,3.3375,-4.3657,-0.3175,1.4368,1.5395,4.2952,4.3239,-3.6970,-0.8376,-2.1326
4.1827,2.7916,5.2601,-4.3657,-3.2270,-0.1763,3.4046,1.3671,8.2744,-1.7083,-2.9612,-4.3657
4.6208,3.5698,11.2001,-4.3657,-3.8032,-1.9760,-2.6360,-4.9728,12.6150,-0.1251,-1.4402,-4.3657
1.6544,4.8794,12.6821,-2.5466,-3.2181,-3.0799,-12.3206,-9.6319,12.5121,2.1607,1.1313,-4.3657
0.2849,4.6352,15.8448,-0.2212,-2.8535,-3.0854,-17.8847,-11.1378,10.0149,3.4763,0.4013,-4.1456
-1.7214,3.5889,10.2903,1.7770,-1.2335,-3.0298,-14.3245,-9.0501,5.2553,4.0398,0.7510,0.3384
-3.4357,3.8858,8.1738,2.5484,-0.0333,-2.4892,-10.6326,-6.1292,1.3096,3.2675,2.0795,2.1309
-4.5370,5.0135,7.3071,3.2078,0.7404,-1.4320,-11.5281,-3.7637,-1.0654,2.2848,1.7529,2.8882
-4.7262,5.7030,3.1603,3.2329,1.4044,-0.1811,-9.1746,-0.6321,-3.9337,0.9911,0.7312,3.9143
-5.4995,6.5745,0.9936,2.1629,2.4467,1.0269,-7.2903,2.4325,-4.7788,-0.9369,0.9041,3.6693
-5.8514,7.0629,-0.0551,0.5981,3.1481,2.2845,-6.0142,4.2784,-3.7876,-2.8950,1.1646,3.4495
-3.2657,6.4476,-0.6129,-1.2708,3.2703,3.0116,-3.9696,4.6088,-2.6264,-4.3657,0.5438,2.5019
-2.0063,5.5545,1.0151,-2.8968,3.0454,2.9792,-2.1165,4.0869,0.3352,-4.3657,0.7554,0.5610
0.4501,3.1795,2.6360,-4.3657,1.3061,2.6943,1.5490,2.8706,2.3248,-4.3657,-0.5100,-1.9768
7.0677,0.4908,4.8818,-4.3657,-1.6178,1.2883,1.6281,-1.7334,10.4220,-3.7202,-1.9473,-4.3657
5.7581,0.8715,12.4666,-4.3657,-1.8567,-1.0449,-3.6607,-6.2153,12.8569,-1.1113,0.2914,-4.3657
6.3135,1.7406,15.9382,-3.2512,-2.5311,-2.7740,-9.6319,-10.4387,14.7387,1.4649,1.0130,-4.3657
1.8411,2.0135,18.2630,-0.4527,-2.6982,-3.8431,-16.6972,-13.9486,14.5759,3.7756,0.3054,-3.6127
2.0135,1.5969,13.8217,2.0539,-1.0167,-4.3308,-13.0149,-11.4156,9.3374,4.3656,1.4865,0.4373
-2.6600,2.2051,8.6359,3.7317,0.3564,-3.8368,-10.8266,-8.6263,2.8683,4.3656,2.9180,2.1180
-3.4524,3.1292,6.2872,3.9478,0.7085,-2.6364,-8.7676,-4.5897,-1.6328,3.7992,2.3098,3.0084
-3.5602,4.6687,2.7102,3.8091,1.1963,-1.8275,-6.3351,-0.9697,-3.2705,2.7434,1.2740,4.3656
-5.0111,5.9352,0.5100,2.4425,2.0920,-0.0584,-7.8386,2.0686,-5.2194,-0.1697,1.7599,3.2875
-5.9280,7.0820,0.9697,0.7995,2.8557,1.0960,-5.0901,5.0398,-3.8475,-2.0415,1.9285,3.1705
-4.9704,6.8259,-0.1556,-0.4347,3.1355,2.2873,-5.6671,5.1571,-4.2282,-3.3858,1.0790,2.0018
-3.7062,5.8059,-0.1437,-2.1733,3.2688,2.7011,-3.6009,4.4676,-2.2338,-4.3657,1.0204,1.0737
-2.2098,4.2856,1.9417,-3.9406,2.8898,2.9048,-2.0518,2.6217,0.3232,-4.3657,1.0532,-0.9218
1.6520,1.9010,4.5514,-4.3657,1.1245,2.4373,0.4860,-0.0311,3.5721,-4.3657,-0.3035,-3.2947
5.5665,-0.6728,6.9168,-4.3657,-1.0965,1.0392,0.2729,-4.8626,9.6127,-3.8137,-1.0369,-4.3657
5.9640,-0.1987,19.6127,-2.3021,-3.9222,-3.2010,-14.0013,-15.6174,17.7291,2.4175,0.5207,-4.3657
4.4772,-1.0247,15.7419,0.7171,-1.7989,-4.3657,-12.5241,-14.5927,14.9326,4.3656,0.7802,-1.7215
0.8571,-1.5443,12.1338,2.7929,0.1166,-4.3657,-6.6990,-12.0548,7.6088,4.3656,3.3041,0.2130
-2.9951,0.0934,9.7109,3.9518,0.1115,-4.3657,-8.5401,-9.7516,0.6632,4.3656,4.2362,1.0332
-3.7924,2.5379,7.3622,4.3656,-0.3408,-3.4739,-11.4658,-7.1682,-1.4605,4.3656,1.7062,2.8051
-4.4604,4.3670,3.6464,4.3656,0.5742,-1.9313,-8.8514,-2.9736,-3.2274,3.7176,0.7969,4.2244
-4.9632,5.9280,0.6488,3.9917,2.0618,-0.4306,-5.9017,1.6089,-4.8602,1.4962,1.4409,4.0534
-5.6503,6.9719,-1.3264,2.4026,3.6856,1.1487,-6.5577,3.9433,-6.1986,-1.3042,2.7340,4.0023
-6.1292,6.9647,-1.9680,-0.0083,4.2815,2.6368,-4.0247,5.5952,-5.0470,-3.8147,1.5392,3.6110
-2.8084,5.9496,-0.6608,-2.0423,3.9979,3.0258,-1.8723,5.6120,-1.6951,-4.3657,1.7023,1.9818
-1.4605,4.8195,0.9002,-3.6300,3.5829,2.5448,-0.7470,4.7573,-0.3926,-4.3657,1.7816,-0.3966
3.4860,2.0949,1.8483,-4.3657,0.7726,1.7416,4.2306,2.6815,8.3414,-4.3657,-0.6368,-3.4075
4.5777,1.8699,11.5424,-4.3052,-3.7040,-2.3165,-7.5800,-6.5410,10.3884,0.5175,-0.7925,-4.3657
3.5769,2.3846,16.1704,-3.2090,-4.0490,-2.1441,-13.1178,-9.2464,13.0652,1.4370,-1.8370,-3.3955
1.9010,1.7861,14.5879,-0.0209,-1.1632,-2.9138,-13.0269,-9.3853,11.1546,2.4088,0.6769,-1.8325
-0.0479,1.1995,12.1266,1.5120,0.7512,-2.8013,-10.1514,-7.7692,6.5505,3.1954,1.6261,0.3785
-1.0654,1.4078,9.2608,2.6112,0.7280,-2.3325,-10.2807,-5.8323,2.6336,3.0080,2.6217,1.5439
-2.8802,3.0454,8.4180,3.2289,0.5482,-1.8914,-11.4012,-4.1875,2.4086,2.6598,1.2762,2.6338
-3.1987,4.0247,5.9017,3.6388,1.0553,-1.2320,-8.7652,-1.5850,-0.5962,2.3991,1.0525,2.8507
-3.1053,5.0422,4.3431,3.1308,1.4759,-0.4871,-7.3454,0.2083,-0.5100,1.6419,1.3889,3.6373
-2.8515,5.7796,4.0007,2.8667,1.6177,0.1458,-7.0198,2.4253,-1.6448,0.5501,1.0212,3.0819
-3.5051,7.0868,1.5778,2.0382,1.2838,0.9081,-4.1013,5.2170,-2.2625,-0.3508,-0.2165,3.2731
-4.0749,7.9224,-0.1077,0.7123,1.2646,2.0515,-4.6208,6.4548,-3.6727,-1.9633,-0.6544,1.8437
-2.5259,6.6870,-2.1332,-1.2553,2.3144,2.9557,-2.5642,5.9640,-2.1955,-4.1498,0.0810,1.1278
0.8212,4.2018,-1.0654,-4.2062,2.6722,2.7370,1.2091,4.1061,1.0511,-4.3657,0.6967,-1.3608
4.0055,1.4293,4.1827,-4.3657,1.5076,2.0206,0.5794,-0.7470,5.3965,-4.3657,1.9177,-4.3657
4.6280,1.3479,10.7236,-4.3657,-1.1189,0.0207,-4.1611,-4.5729,12.6127,-2.5407,1.0432,-4.3657
3.2250,3.0191,16.3500,-3.9238,-2.8378,-0.9478,-9.9455,-9.1075,11.7316,0.5140,-1.5056,-4.3657
2.0135,3.1460,17.4609,-0.2250,-2.2264,-1.7773,-16.7881,-12.0955,12.5408,2.1465,1.1263,-4.3657
1.5275,1.9178,9.9814,1.5828,-1.1275,-2.7831,-18.2271,-12.2703,9.2919,3.5134,1.2610,1.6995
-2.5331,3.0981,11.3294,2.7832,-0.2992,-2.8881,-9.8497,-8.0134,2.0853,3.6416,0.4659,4.3656
-3.0047,4.1587,8.3222,3.8985,0.3154,-1.6625,-8.7771,-3.3136,-1.1851,2.6457,0.8414,3.8717
-4.2617,5.0446,4.7573,4.0273,1.4661,-0.4008,-7.3287,-0.5578,-1.6855,1.5739,0.7214,4.3656
-4.2042,5.9424,1.4317,3.3337,2.4978,0.8920,-5.8251,2.4565,-2.6791,0.1712,0.6187,4.1935
-4.0677,6.3566,-0.5746,1.5723,2.8742,2.0229,-3.9002,5.0518,-3.8235,-1.8367,1.1727,3.4014
-3.3208,6.8618,-0.4405,-0.2659,3.9007,2.4736,-4.1659,5.7341,-3.8307,-3.5903,1.9883,2.2857
-2.2553,6.1866,0.6656,-2.0278,3.3762,2.6882,-4.0965,4.3287,-1.5131,-4.3657,0.8460,1.3375
-0.2658,4.6448,0.7183,-3.6841,1.9937,2.3365,1.0223,4.1108,3.5554,-4.3657,-0.8625,-0.4282
2.6217,1.8579,1.6759,-4.3657,-0.0314,1.9185,1.9968,0.8452,4.0390,-4.3657,-0.5376,-3.3625
4.6376,0.3783,7.9296,-4.3657,-0.9593,0.1359,0.7326,-3.8211,9.6917,-3.2495,0.4735,-4.3657
6.6415,0.5124,14.2024,-4.3657,-2.3024,-1.7584,-5.3199,-9.3374,13.9295,-0.4463,1.1768,-4.3657
2.4972,1.6281,19.0674,-1.9937,-3.5120,-2.8741,-13.9797,-13.7667,14.9326,2.6181,-0.0021,-4.3657
4.4724,0.9673,14.0611,0.4489,-2.3361,-3.5489,-16.2375,-13.8696,13.5727,4.0153,0.6889,-1.6046
0.7733,0.4214,10.9607,1.9454,-0.0314,-4.2737,-8.9160,-10.2400,6.5577,4.3656,2.4745,1.1069
-2.5474,1.8364,9.6055,3.1152,0.6853,-3.5198,-10.2352,-8.4204,1.7142,3.9816,3.6930,2.5567
-3.8906,3.1268,8.7005,3.7321,0.8009,-2.0676,-10.2592,-4.9752,-1.8387,3.0060,1.2758,3.3713
-4.5131,4.0845,5.0350,4.1105,1.9184,-0.8616,-7.7476,-1.7549,-3.2777,1.8726,1.0070,4.3134
-4.7453,5.0446,2.2290,3.2782,2.4237,0.2590,-8.3893,-0.0958,-3.4955,-0.2378,1.4698,4.3656
-5.1930,5.9568,1.2617,2.0741,3.2586,1.2365,-3.9624,3.8092,-3.2178,-1.4883,0.7032,4.3656
-5.0015,6.1818,-0.0287,0.5173,3.1244,2.3022,-3.7613,5.4061,-2.6025,-2.6769,0.9710,2.6436
-3.3902,5.9520,0.3256,-1.3837,3.0505,2.7816,-2.8491,5.5665,-2.4421,-4.1516,1.5527,1.1679
-0.1915,4.6855,0.5602,-3.1447,1.8263,2.5800,-1.4892,3.8762,0.5076,-4.3657,-0.1148,-0.4699
3.7014,2.7198,3.2322,-4.3657,-0.6372,1.6723,2.9832,2.0590,6.9145,-4.2176,-1.7289,-2.6783
7.9248,1.6831,9.0190,-4.3657,-1.8953,-0.0152,2.2458,-3.0430,12.5336,-2.7765,-0.8220,-4.3657
6.6008,2.1045,12.7443,-3.5834,-2.6754,-1.8496,-5.3870,-7.7285,15.6509,0.3319,0.8187,-4.3657
4.9273,2.4014,13.4171,-2.7054,-3.2275,-2.7784,-9.3158,-8.9423,12.2104,1.9897,-0.1652,-4.3657
2.9784,1.9585,14.9135,-0.7226,-2.1309,-3.6459,-10.0006,-10.4818,13.5560,3.1673,0.6311,-4.1641
2.0063,1.2091,11.9590,1.2850,0.0244,-4.1335,-12.2942,-11.2432,9.7396,3.8995,3.9987,-1.4918
-0.5171,1.0199,10.1778,2.5876,0.3255,-4.3657,-9.6678,-9.4092,4.2473,4.3656,3.5349,1.3054
-3.3615,2.4804,9.2799,3.5809,-0.0405,-3.4597,-11.9519,-8.3462,1.5969,4.3593,2.2952,3.2800
-4.9871,4.8698,3.7469,4.1724,1.3274,-1.1922,-8.6981,-1.4629,-4.7645,1.4987,0.8631,4.3656
-5.6838,5.4492,0.9792,3.1439,1.7515,0.5419,-2.0327,4.8195,-3.2825,0.1315,-1.2637,3.9341
-3.4213,6.8043,-2.1548,1.0547,2.4447,1.6559,-2.9521,6.2130,-2.2051,-1.3423,1.6868,2.4307
-3.2082,6.8929,-0.0742,-1.0575,3.3257,1.9815,-2.3008,7.1060,-2.9832,-3.2337,2.6049,0.8167
-0.7374,5.7389,-0.6584,-2.9621,1.9001,2.0880,-1.2378,5.3151,-0.3663,-4.2551,0.2754,-0.6655
1.6041,3.6392,2.7366,-4.3657,0.0659,1.9505,0.6225,2.4636,3.2753,-4.1244,-0.8264,-3.0663
5.4779,1.8411,5.8347,-4.3657,-1.0678,0.8543,-0.3783,-1.7454,7.1491,-3.5150,-0.1144,-4.3657
5.1858,1.6352,9.1770,-4.3657,-2.5395,-0.7289,-2.2673,-5.1356,11.5951,-1.7123,-1.3451,-4.3657
5.0302,2.2841,16.2830,-3.7072,-2.7258,-1.7231,-8.9639,-10.1442,14.6429,0.4029,0.2802,-4.3657
3.7230,2.4421,16.2135,-0.5700,-1.9854,-2.7214,-15.2630,-12.2152,14.1042,2.2729,1.3201,-3.9956
3.3686,1.1253,11.4874,1.2140,-0.4442,-3.3023,-12.2870,-10.9343,11.4539,3.7358,1.1838,0.0033
-0.5148,1.2498,11.2863,2.5413,0.7794,-3.8067,-7.7165,-8.3941,4.9321,4.2519,3.4460,1.3235
-1.7214,2.5283,9.3398,3.7786,0.7973,-3.0373,-11.9040,-7.4053,1.9178,3.6840,2.8994,2.6216
-3.7589,3.9959,6.7612,4.3656,1.1788,-2.0443,-7.8769,-3.3998,-1.8004,3.6298,0.8017,4.3656
-5.0877,4.9680,2.3008,4.3656,1.6525,-0.5766,-5.6719,1.1516,-5.0781,2.0873,0.8264,3.6363
-5.6551,6.7469,-0.4501,2.9336,2.3731,1.1293,-5.4899,3.8954,-4.6878,-0.0734,1.2958,3.5815
-4.6471,6.9959,-0.9242,1.5428,3.3330,2.4483,-5.1236,5.5282,-5.2170,-2.2695,1.3872,2.7780
-2.7557,6.9695,-3.2537,-0.6432,3.8987,2.9781,-3.5506,5.4109,-1.9920,-4.1937,1.4236,2.1410
-1.1636,6.0071,0.1604,-2.3824,4.1318,2.6854,-2.8515,4.8961,0.5315,-4.3657,1.8899,0.5640
-0.8356,5.2553,3.5195,-3.5459,3.9439,2.1325,-4.4532,2.3703,1.2306,-4.3657,2.1995,-1.1862
1.9680,3.2034,4.9273,-4.3657,1.2712,1.5087,-3.3208,0.2705,4.4987,-4.3657,-0.2066,-2.1865
4.9847,1.2258,7.2616,-4.3657,-2.5540,0.0667,0.7757,-1.2617,9.7875,-2.2035,-2.7568,-3.7638
4.3766,1.0942,11.4610,-4.3657,-3.5903,-1.2862,-2.0949,-5.2553,10.2855,-0.5351,-1.7435,-4.3657
3.7373,2.5067,14.2551,-3.5710,-2.8646,-2.3991,-9.7229,-10.1490,12.9454,1.2032,0.0994,-4.3657
2.0542,2.8012,16.5775,-0.7492,-2.5993,-2.9620,-18.1217,-12.8353,10.5536,2.4417,1.3736,-3.1798
0.4453,2.3679,12.5121,1.2336,-1.0206,-3.0443,-12.6174,-9.9934,9.7229,3.4752,-0.6896,0.7879
-1.2234,2.4780,10.5896,2.8052,0.7935,-2.7908,-10.2615,-8.0038,4.2593,3.3798,2.7260,2.4196
-2.3822,2.7605,7.8362,3.7086,1.0990,-1.8935,-10.4866,-5.1068,-0.6081,2.5134,2.3426,3.1381
-4.5322,4.9009,5.5737,3.6595,1.2235,-0.8272,-9.4379,-2.1739,-2.4014,1.6048,0.3203,4.2818
-5.6431,6.0813,2.8132,3.4627,2.2238,0.5689,-6.0813,1.2306,-3.2417,-0.0159,0.5263,4.3656
-4.9273,6.0094,-0.1652,2.2262,3.2700,2.2516,-5.0661,3.4548,-3.3399,-1.8054,0.5969,4.1845
-4.1899,6.4212,-0.8332,-0.1474,4.1933,3.4896,-3.5123,4.9967,-2.7964,-3.8546,1.9396,3.2289
-0.5291,5.2385,-0.0144,-2.2139,3.4909,3.3017,-1.7262,4.8147,-0.4262,-4.3657,0.9046,1.4783
0.4334,3.8571,1.1540,-3.9881,2.3755,2.3611,-0.0215,2.7797,2.9856,-4.3657,0.2542,-0.4282
4.0151,1.5395,5.4564,-4.3657,0.0545,1.6310,1.8387,-0.0479,8.4994,-4.2495,0.0450,-3.6387
5.4444,2.3248,12.3924,-4.3657,-1.7536,-0.0203,-3.9456,-4.7764,13.3668,-1.7944,0.3572,-4.3657
5.7964,3.0885,13.7331,-2.6496,-2.6342,-2.0560,-8.3965,-7.3526,14.0683,1.1474,-0.4826,-4.3657
1.5538,3.6536,15.3301,-0.7115,-2.8658,-2.6771,-13.1705,-9.2320,11.4156,2.8942,-0.1246,-3.6739
2.3942,2.5307,12.5313,1.1782,-1.7658,-3.3684,-18.5120,-11.2911,9.9814,3.4933,1.3471,0.1073
-2.1620,2.4852,10.6686,2.8404,-0.4301,-3.8184,-14.2934,-8.7364,3.0694,3.6705,0.9689,3.5650
-4.6256,3.7182,8.7604,3.6896,-0.0289,-2.7649,-7.1299,-2.7749,1.6520,3.3406,-0.2089,3.9414
-4.9225,4.6974,5.2984,4.2575,0.8880,-1.2263,-8.3366,-0.9936,-0.4429,3.2924,0.4401,3.5214
-4.1204,5.5282,1.2426,3.6565,2.7404,0.3111,-7.3454,2.1931,-3.9289,1.3081,1.7521,3.3930
-4.9321,6.6128,-1.2953,1.6674,3.5994,1.2939,-3.7924,5.5545,-3.8547,-1.1604,1.7437,3.3914
-4.0151,6.9767,-0.9649,-0.5435,3.5148,2.2266,-3.2178,6.5290,-2.7007,-3.0447,1.9085,2.0971
-3.3160,6.6463,0.2203,-2.2409,3.4801,2.6091,-3.2010,6.0908,-2.3272,-4.3657,2.1613,0.3730
-1.2330,5.2194,1.2354,-4.0364,1.6201,2.5775,-1.1253,3.9863,0.6895,-4.3657,-0.0036,-1.4196
2.8323,2.7988,2.2625,-4.3657,-0.5549,2.2880,1.3982,1.1229,3.2298,-4.3657,-1.7576,-3.5718
4.5107,1.5203,5.0542,-4.3657,-1.4703,0.9864,0.4956,-3.1364,9.2105,-4.3657,-1.2232,-4.3657
6.2872,0.8452,11.8489,-4.3657,-1.9311,-0.6734,-3.9217,-7.9727,14.8225,-1.9172,0.7919,-4.3657
5.2816,0.7805,19.6127,-3.2350,-1.9345,-2.4567,-11.2097,-13.2735,16.5320,1.1834,2.1101,-4.3657
4.5945,-0.0718,17.2359,0.7517,-1.6016,-4.1616,-17.1377,-15.0523,14.0803,4.0565,1.9268,-1.9797
0.2801,-0.1963,12.0093,2.4986,-0.9499,-4.3657,-9.2560,-11.1953,6.7469,4.3656,0.5882,0.9136
-1.6017,0.9625,10.9487,3.5790,-0.4971,-4.3199,-11.2384,-8.8059,0.6440,4.3656,3.2904,1.1167
-4.9560,3.3686,8.1092,4.3656,-0.0103,-3.6272,-10.6279,-4.8842,-1.9513,4.3656,0.8908,4.3656
-5.2936,4.5729,3.6248,4.3656,0.6193,-1.0007,-12.9311,-3.6536,-2.7509,2.5510,-0.8544,4.3656
-4.2114,5.1475,0.3950,3.9298,2.6111,0.2679,-1.5467,2.7150,-1.3240,1.2855,0.6781,4.3656
-3.6320,6.3255,-1.8411,2.2404,4.2169,1.1343,-2.7892,5.2313,-2.9688,-0.7985,2.9569,3.3785
-3.1364,6.9528,-0.8475,-0.3159,3.6146,1.8395,-2.0973,6.9599,-2.5019,-2.5195,2.3792,1.8948
-1.5897,6.5410,0.5004,-1.9690,2.1521,1.8723,-2.6336,6.3542,-0.9457,-3.2560,0.9818,0.1224
-0.5291,5.4277,1.6137,-3.6352,0.2302,1.7191,-0.5363,4.5226,1.1947,-3.7108,-0.6078,-1.8469
6.2369,3.1795,2.6456,-4.3657,-2.2407,0.7422,2.5163,1.7286,7.3526,-3.0166,-2.2969,-3.9887
4.5418,2.6719,6.0047,-4.3657,-2.2483,-0.5875,0.0144,-2.6767,7.8338,-2.0582,-0.1749,-4.3657
5.9807,1.6783,9.3589,-4.3657,-3.0513,-1.8598,-3.2705,-6.8618,10.9247,-1.1028,0.2713,-4.3657
5.9640,1.2139,14.9542,-4.2216,-2.7223,-2.2873,-8.3989,-11.0588,14.1306,0.4608,-0.2185,-4.3657
6.0908,0.1556,17.2766,-1.5024,-1.4915,-3.7497,-12.9622,-14.0228,16.7953,2.2300,2.3778,-3.9853
3.2178,-0.8068,14.7626,1.2593,-0.4354,-4.3657,-11.0780,-13.0556,11.2982,4.3656,2.3285,-0.8025
0.0048,-0.7207,11.4634,2.7787,-0.4863,-4.3657,-7.2520,-9.9383,4.1707,4.3656,2.0339,0.3964
-2.0638,1.7406,9.2177,3.6832,-0.2602,-4.1584,-9.7731,-7.3957,1.5874,4.3656,2.4692,1.0828
-4.0606,3.6464,6.7804,4.1877,0.2073,-2.6474,-11.7914,-5.4875,-1.0918,4.1619,1.3327,2.4098
-4.4029,5.5186,4.0199,4.3539,1.1531,-1.1273,-10.2520,-2.7892,-2.9042,2.4940,1.0624,4.3656
-4.5825,5.9735,1.6400,3.7337,2.6039,1.0056,-6.6583,1.5203,-2.6336,0.3399,0.0726,4.2004
-3.5985,6.6870,-0.6991,1.9247,4.1779,2.1999,-4.0031,3.6224,-2.0542,-1.9001,2.4275,4.3656
-2.7964,6.8187,0.0838,0.3307,4.3656,3.0621,-2.9521,5.2481,-0.7518,-3.5733,2.3634,3.3731
-0.8715,6.2872,0.7087,-1.4393,3.9458,3.2078,-1.2809,5.6623,-0.2370,-4.3657,1.4899,1.7193
1.4126,5.1356,0.6560,-3.2431,2.3605,2.7287,-0.1197,4.2186,2.2889,-4.3657,0.2879,0.0374
4.6735,2.3583,1.9249,-4.3657,0.7189,1.6811,3.6775,1.6161,7.0868,-4.3657,-0.6320,-2.4610
8.3749,0.6967,7.1228,-4.3657,-0.4994,-0.4918,2.2673,-2.8132,10.8433,-3.2812,0.7846,-4.3657
5.1356,1.3575,14.7626,-4.3657,-1.6992,-2.5382,-4.1061,-7.7740,13.4722,-0.3096,2.3009,-4.3657
3.5314,3.2729,16.8097,-2.4255,-3.3474,-2.9743,-13.2519,-11.3030,13.3357,2.5626,-0.3116,-4.3657
1.0056,2.8730,12.8664,-0.0405,-2.8112,-2.9202,-14.7722,-11.3772,11.1809,3.3890,-0.2846,-2.4420
1.1684,2.0470,11.8513,1.2516,-0.4046,-3.0834,-10.7643,-9.2105,7.0868,3.7357,1.9209,0.6753
-1.6903,2.4205,11.1163,3.1987,0.9896,-2.5267,-11.9064,-7.8721,2.8467,3.4001,2.9235,2.2636
-2.4373,3.9241,8.2384,3.8244,0.5400,-1.3406,-10.6374,-4.4915,-0.0287,2.5271,0.7705,3.5527
-3.0957,5.1882,5.5067,4.3252,1.9076,-0.1522,-9.5816,-2.1021,1.3240,1.8298,0.9566,4.0425
-3.9792,6.0717,0.8164,4.1860,3.0675,0.7833,-5.7772,1.9656,-3.6488,0.5383,2.0427,4.3656
-3.5338,7.0126,-1.7837,1.9091,3.5297,2.2148,-2.1859,5.4995,-4.3072,-1.9059,0.7578,4.1684
-2.2745,7.0485,-1.6807,-0.3340,4.1343,3.0016,-2.9521,6.0118,-2.2266,-4.0305,2.1366,2.8634
-0.8811,5.9496,-0.4142,-2.4874,3.6096,2.8048,-1.1157,5.1715,-0.2849,-4.3657,0.9521,1.2869
0.3208,4.0701,1.0678,-4.3599,2.0709,2.2763,0.0599,2.9113,1.6185,-4.3657,0.2248,-0.9998
3.3303,2.1213,2.7031,-4.3657,0.2462,1.2965,0.2514,-0.7350,6.3111,-4.3657,-0.3234,-3.4849
5.7054,0.5650,9.3925,-4.3657,-0.4437,0.1735,-2.3272,-4.7621,10.9942,-3.3785,0.7604,-4.3657
4.1228,1.2546,15.1697,-4.1069,-2.1152,-1.9890,-7.5226,-8.5784,13.6541,-0.3564,1.1309,-4.3657
2.7102,2.5474,19.6127,-1.6479,-3.3325,-2.4149,-15.3373,-11.9351,14.0133,2.4090,-1.0328,-4.3657
3.1388,1.3551,14.3987,1.1374,-2.1935,-3.0343,-15.6485,-12.1386,12.7826,3.9278,-0.0552,-0.8086
-0.9194,1.5371,10.2711,2.5945,-0.0974,-3.4014,-11.3605,-9.0716,4.8028,4.1783,1.8985,1.7428
-3.4500,3.3543,8.7963,3.3674,0.4720,-2.2172,-8.8250,-4.6280,-0.2466,3.3481,1.6144,2.2398
-3.8235,4.7884,6.1268,3.8085,1.3432,-0.7609,-10.9128,-3.6152,-0.0503,2.0252,1.1634,3.5205
-4.2713,5.5737,3.1436,3.7331,3.2053,0.4060,-8.4372,-1.0870,0.3112,0.8338,1.3006,4.3656
-3.0933,5.7796,2.3008,2.7729,3.9941,1.5989,-6.1890,1.6281,-1.0008,-0.7173,2.6917,4.3656
-3.5314,6.3231,1.8004,1.5960,4.3656,2.0829,-2.9161,5.1164,-1.9800,-2.0423,2.8619,3.9026
-2.3942,7.1898,0.6752,0.2850,4.1063,2.3272,-3.9720,6.0286,-1.0487,-3.0002,2.3609,2.4596
-1.2139,6.7684,0.7111,-1.4008,1.9930,2.1699,-2.1141,6.5338,-0.6704,-3.4406,0.0290,0.9212
0.6464,5.6503,1.2043,-2.9728,0.2947,1.5366,-0.5363,4.9488,1.3791,-3.6003,-1.3366,-0.8941
2.6408,4.2808,1.9273,-4.0702,-1.0207,0.6174,1.0965,2.6001,5.9161,-3.1773,-1.5689,-3.2446
4.4149,2.7629,6.2920,-4.3657,-1.8796,-1.0788,0.0383,-1.8340,12.4091,-1.8580,-0.6222,-4.3657
6.2680,2.2218,15.6006,-3.6675,-2.6861,-3.0915,-7.5130,-6.9073,15.4211,1.4754,1.6410,-4.3657
0.7015,4.0965,14.8536,-1.1363,-3.2446,-4.2924,-13.6206,-8.4779,9.8043,3.6219,-0.0097,-4.3657
-0.6177,3.9289,14.0875,0.5614,-2.8940,-3.6428,-15.2080,-8.9495,9.4092,4.1143,-0.6045,-2.1987
-2.2841,3.2298,8.6646,2.0635,-0.8259,-3.5401,-12.2631,-6.9145,4.1563,3.9556,1.6665,0.0610
-4.0797,4.0654,7.9942,2.5169,0.6149,-2.4203,-11.6430,-4.5298,0.6608,2.9945,2.0980,1.5400
-5.0206,5.2265,6.3063,3.1389,1.1862,-1.2213,-12.1434,-2.9137,-0.1125,2.2090,1.6627,3.1203
-5.1691,5.4085,3.5698,3.2494,2.1306,0.0707,-7.8362,0.6752,-2.3248,1.1672,0.9702,3.2522
-4.6208,6.1507,1.7909,2.1284,2.8974,0.9485,-6.7852,2.8443,-3.3136,-0.3359,2.1910,3.3809
-4.7046,6.6080,0.1604,0.9927,3.0339,1.4152,-7.1754,3.6368,-2.9233,-1.9792,1.8592,3.4198
-4.7764,6.8474,0.7350,-0.5505,3.1307,1.9617,-4.9249,5.1475,-1.4006,-3.1183,0.9310,2.8429
-3.8523,6.7421,1.1636,-1.5561,3.1501,2.1957,-4.3072,5.4420,-1.0989,-3.8148,2.2034,1.3423
-2.1811,6.0094,2.2577,-2.8514,2.3613,2.1830,-4.4580,4.3742,-0.9433,-4.3651,0.9792,0.0414
-0.5794,4.5969,3.1029,-3.7168,0.8552,2.1482,-1.0127,3.1532,2.0518,-4.3657,-0.7897,-1.7921
4.8339,2.5426,3.9768,-4.3657,-1.0245,1.3146,-0.2682,-0.4597,8.1355,-3.7916,-1.5836,-3.6677
7.6279,1.3599,11.4299,-4.3657,-2.2276,-1.0243,-0.8547,-4.2042,13.7810,-1.3475,-0.0326,-4.3657
4.5993,2.6001,13.3477,-2.6855,-2.9677,-2.6216,-7.5058,-7.6591,14.1833,1.2288,0.0667,-4.3657
4.2210,2.2697,13.7523,-1.4613,-3.3425,-3.5506,-11.0085,-9.1530,12.3254,2.8988,-0.3857,-4.3044
1.9537,1.8531,13.0005,0.1132,-2.2412,-4.2875,-10.5105,-9.3158,11.8130,3.8728,0.5664,-2.5082
0.5435,1.1492,11.6789,1.7561,-0.4553,-4.3556,-11.0014,-9.3158,6.8905,4.3656,2.9725,-1.3125
-3.2729,1.6520,9.9144,2.9307,-0.3108,-4.2634,-10.0940,-7.1706,1.8579,4.3656,2.3294,0.8643
-4.3335,3.5745,7.6638,3.4059,-0.8475,-3.0347,-11.3844,-5.0494,-0.0359,4.3112,0.3705,2.0805
-4.4843,4.5729,5.9855,3.7439,0.5367,-1.8866,-10.0580,-2.2745,-1.3120,3.2480,0.8631,2.6646
-5.0422,5.4899,2.8826,3.6595,1.2768,-0.4386,-7.8482,0.7590,-2.4828,2.0131,0.8240,3.3236
-3.8810,6.1459,0.2131,2.3503,1.4587,0.6944,-6.1531,3.1484,-3.7589,0.1899,0.4120,3.6071
-4.5801,6.8522,0.1077,0.7218,2.3966,1.5882,-4.4269,5.3606,-2.7964,-1.7892,0.9273,2.5038
-3.3734,6.9935,-0.8452,-1.0152,2.6526,2.3221,-3.3495,6.1196,-2.4972,-3.3958,1.1719,1.4024
-1.6712,6.1172,-0.5698,-2.9184,2.2624,2.7158,-2.5235,4.7262,-1.0199,-4.3657,0.5177,0.3004
0.4573,3.3016,0.8954,-4.3657,2.0047,2.6426,0.2370,1.8747,2.4684,-4.3657,0.1929,-1.4544
4.1084,0.3711,6.4045,-4.3657,1.0544,1.6417,1.9058,-2.1165,7.4771,-4.3657,0.5155,-4.1382
7.7381,-0.1006,13.1154,-4.3657,-2.2870,-0.6610,-2.2434,-7.2544,16.0172,-1.5831,0.4358,-4.3657
5.6192,1.3192,16.7139,-3.2614,-3.3397,-2.8353,-9.3518,-11.2312,15.3540,1.7154,-0.7737,-4.3657
3.3662,1.0654,17.4082,-0.3082,-2.7996,-3.8329,-12.7467,-12.1171,13.2351,3.3829,0.6580,-4.1803
1.9704,0.2418,11.2312,1.0051,-2.1296,-4.1114,-9.7372,-10.5512,9.7516,4.3656,0.1937,-1.6342
-0.2442,0.4070,9.3853,1.8326,-0.3612,-4.3657,-6.9216,-7.7117,4.5969,4.2354,2.5912,-1.0126
-2.1428,2.2003,8.9615,2.5107,-0.1901,-3.6536,-10.2999,-7.2616,2.5977,3.8243,3.3314,0.2029
-4.8698,6.4093,3.0670,2.8609,2.0904,0.5331,-10.0221,-1.0151,-2.5618,0.1025,1.2652,4.3656
-4.2832,5.8395,1.3455,2.0844,2.6925,2.0979,-3.5889,3.1771,-2.9880,-1.5873,-0.5845,4.3656
-2.6049,6.1746,-0.4956,0.0710,3.6003,2.6835,-3.8642,3.6416,-0.7350,-3.3906,1.8115,3.9185
-2.1979,5.5402,1.6041,-1.5118,4.3028,2.8938,-2.0686,4.3167,0.4214,-4.3657,2.9447,2.5041
-0.8404,4.6711,2.2434,-3.0908,2.6779,2.8681,-2.4493,2.9521,1.6951,-4.3657,0.9799,0.5921
2.5139,2.5690,3.7852,-4.3657,0.5830,2.5153,0.6345,1.6688,4.5633,-4.3657,-0.6239,-1.1878
4.6376,1.7597,6.0597,-4.3657,-0.4549,1.2734,0.2466,-1.6352,8.6239,-3.8576,-0.4832,-3.8200
6.2776,0.5363,12.3756,-4.3657,-0.7418,-0.2411,-4.0510,-6.2489,12.5528,-2.2087,1.3562,-4.3657
4.3574,1.1516,16.1513,-2.7587,-2.0769,-2.3346,-11.2695,-9.9766,14.5424,0.9838,0.9344,-4.3657
2.6576,1.6831,16.0005,-0.1130,-2.6582,-2.7631,-13.8265,-9.7564,10.6015,3.0988,-1.4296,-2.3086
1.4988,0.5435,9.6606,1.0307,-1.2609,-3.0001,-8.2552,-7.5753,8.0421,3.4069,-0.5644,-0.9583
-1.1109,1.2546,10.1897,1.5684,0.4894,-2.8003,-8.9423,-6.6942,4.2114,3.0422,3.0085,-0.4535
-2.1093,2.7366,9.9695,2.5299,0.4461,-1.9368,-11.9686,-5.9664,1.9249,2.9469,2.0127,0.9200
-3.4668,4.1515,7.2760,3.1297,0.5917,-0.9453,-10.8098,-3.7230,1.3886,2.3846,0.0789,2.1302
-3.6200,5.0637,5.3486,3.3919,2.0199,0.0380,-10.0221,-2.3224,-0.1532,1.3919,2.0416,3.9038
-4.3694,6.1890,3.6751,3.3031,2.8128,1.0597,-10.2185,-0.8571,-1.4772,-0.1796,1.6695,4.3656
-4.5155,6.2153,2.6671,2.5111,3.7692,2.2464,-4.2904,3.3543,-1.9082,-1.3709,0.8276,4.3656
-2.5187,6.3805,-0.2346,0.8711,4.1937,2.8919,-3.0694,5.1068,-0.9194,-3.1325,2.2609,3.2534
-0.4788,6.1028,0.1628,-1.1049,3.6868,2.7531,-1.3096,6.1627,0.6297,-4.0139,1.6334,1.7778
1.6783,5.1595,1.3264,-3.2063,1.6082,1.9276,0.5483,5.8538,1.6592,-4.1039,0.3604,-0.4343
3.7062,2.9377,2.9353,-4.3657,-0.3078,0.8813,2.5355,2.9161,5.7174,-3.5522,-0.8059,-3.6006
4.2545,2.5019,7.8099,-4.3657,-2.6235,-0.8203,-0.1987,-1.9273,10.2615,-1.4361,-0.7466,-4.3657
4.4029,3.5123,10.9750,-3.8822,-3.3761,-2.2336,-7.1730,-6.2968,11.4443,0.5241,-0.6683,-4.3657
1.1109,3.5482,15.5408,-2.2095,-2.8970,-2.7936,-12.4211,-9.6486,11.0301,1.9983,0.0312,-4.3657
0.3232,2.7366,14.1928,0.0925,-2.0620,-3.0209,-17.8488,-12.1266,10.9128,2.9978,0.9505,-2.4356
-1.1109,2.6408,11.1091,1.8989,-0.0866,-3.0409,-10.5632,-7.9152,5.3343,3.4883,1.3287,0.5903
-2.2936,3.4285,9.0668,2.9148,0.4529,-2.4589,-11.6669,-6.2225,3.3878,3.1964,2.6115,1.9117
-3.7685,4.2473,6.7636,3.4805,0.6039,-1.7816,-8.0254,-2.6695,-0.9505,3.0811,1.0416,2.6600
-4.4436,5.6072,4.6184,3.5615,1.1002,-0.5117,-9.8090,-1.2905,-2.0375,1.9024,1.4135,3.3223
-5.3295,6.6032,1.3575,3.0286,2.1721,0.6736,-9.8976,0.3974,-4.0989,-0.0037,1.2454,4.3656
-5.2457,6.7852,0.3328,1.6280,3.1517,2.1841,-6.6559,3.0670,-4.7573,-2.3643,0.5284,4.3656
-4.1252,6.5864,-0.8140,-0.2349,4.2066,3.0888,-2.8970,4.7980,-1.4844,-4.3657,1.1311,3.7724
-4.5203,6.4787,-0.9625,-2.0839,4.3656,3.4655,-1.9680,5.4875,-1.3024,-4.3657,3.0012,1.8830
-3.2394,3.0406,1.3001,-4.3657,4.3656,4.0300,-3.6536,1.4030,-5.0470,-4.3657,2.8621,-0.1151
3.8355,-0.3974,4.3407,-4.3657,1.9077,3.0601,1.2163,-2.2003,9.5960,-4.3657,-0.7193,-2.6915
7.7931,-1.5945,14.2814,-4.3657,0.1119,0.6827,-1.8052,-6.2632,13.6877,-3.1981,1.4878,-4.3657
6.9576,-0.7901,18.7825,-3.0866,-2.5742,-3.0153,-5.7892,-9.8019,17.1592,1.4998,1.0364,-4.3657
4.0558,0.1532,15.0212,-1.1491,-4.3208,-4.3657,-9.5122,-11.4850,14.1473,4.3656,-2.2687,-4.3657
1.3264,0.1939,12.0261,-0.1524,-3.9125,-4.3657,-7.7716,-11.1905,9.3661,4.3656,0.7360,-4.3657
-0.1652,0.3519,12.0883,0.9860,-1.7268,-4.3657,-11.3246,-11.8992,6.7038,4.3656,3.2788,-2.9760
-3.5482,1.7909,10.8481,2.3935,-0.9543,-4.3657,-15.0883,-11.0947,2.4636,4.3656,2.7924,-0.0484
-5.4372,3.3519,8.9352,3.2377,-0.6305,-3.9113,-10.0940,-6.8570,-0.7470,4.3656,1.0421,3.6344
-4.7238,4.1922,5.6072,3.7433,0.3998,-2.0039,-8.9567,-3.1460,-2.6049,3.1528,0.1803,3.2953
-4.4772,5.1308,3.9863,3.4997,1.6486,-0.6079,-9.4954,-1.3647,-2.2410,1.5423,2.2343,4.2378
-5.5905,5.9999,2.1907,2.9451,2.4252,1.0206,-6.0142,2.8587,-4.5945,-0.2543,0.8950,3.8533
-1.5802,4.3742,2.8778,-3.1785,4.3656,2.8032,-2.6049,3.3591,-0.3663,-4.3657,3.7247,-0.1803
1.2881,2.4110,4.3335,-4.3657,1.1147,2.2222,-0.3328,1.2474,3.2896,-4.3657,-1.2804,-2.4028
5.6671,0.4717,5.6407,-4.3657,-1.8487,0.8847,1.6281,-1.6185,8.0804,-3.4290,-2.5059,-4.1487
6.0573,0.1173,9.0908,-4.3657,-3.2406,-1.0874,0.2131,-5.1475,12.0357,-1.4779,-1.3909,-4.3657
6.1962,0.7494,14.3700,-4.2065,-2.9074,-2.8757,-5.3582,-10.2615,15.1840,0.5577,0.4875,-4.3657
2.9209,1.1516,19.4074,-1.5560,-2.5939,-3.7026,-15.2487,-15.3061,14.8081,2.9138,2.0717,-4.3657
3.3495,0.3807,14.8656,0.9791,-1.3171,-4.2396,-15.7874,-13.9414,12.8497,4.3656,1.0658,-0.4498
0.0982,0.0215,10.2113,2.9179,0.5383,-4.3657,-7.5537,-9.4619,5.0135,4.3656,2.0940,0.9670
-3.1723,1.6999,9.5409,3.5426,0.6492,-3.5336,-9.0716,-7.1491,0.4597,4.3656,3.8079,1.5479
-4.2808,3.3662,6.8235,4.2774,0.6500,-2.4196,-11.2120,-4.6687,-2.1596,3.7409,1.4599,2.8457
-5.9616,5.4085,2.7916,3.9053,1.1281,-0.3800,-7.4603,0.3065,-4.6017,1.8394,0.2164,3.7551
-4.6280,6.1483,0.1413,2.8598,2.5435,1.1879,-6.2153,2.4924,-3.8283,-0.2326,1.5464,3.5357
-4.3359,6.5721,-0.7638,1.1744,3.5918,2.1206,-6.2130,3.5482,-4.0558,-2.5957,1.8551,3.5298
-3.5506,6.3542,0.4310,-0.9450,3.8496,2.9122,-3.8738,4.4652,-1.6089,-4.2598,1.3863,2.4268
-1.6664,5.3103,0.9720,-2.4516,3.2790,3.0149,-2.8778,3.6296,-0.4238,-4.3657,1.1708,1.0668
0.8236,2.9544,2.7461,-4.2686,2.0101,2.6425,-0.2370,1.6759,2.4972,-4.3657,-0.2130,-0.7891
4.5538,0.5267,5.4851,-4.3657,-0.3687,1.4526,2.7222,-0.6704,8.7652,-4.1009,-1.2596,-3.5246
6.4500,0.7039,11.5927,-4.3657,-2.1504,-0.3575,-1.8890,-5.4660,12.6198,-1.7520,-0.3790,-4.3657
6.8594,1.5395,13.6685,-3.1618,-3.0998,-2.4164,-7.6040,-8.8178,14.2096,1.1878,-0.5445,-4.3657
3.0071,2.3367,15.4929,-1.4898,-3.5000,-3.2540,-11.4850,-10.8314,13.0867,2.5543,-0.8755,-4.3657
1.9800,2.0518,14.4897,0.9122,-1.2548,-3.2727,-14.9422,-11.9255,11.7962,3.3733,1.6641,-1.7140
-0.3352,2.0351,10.4890,2.6594,0.7408,-3.4575,-12.3349,-9.6007,5.2433,3.6680,2.7251,1.7496
-3.0813,2.6552,9.2368,3.5301,1.0464,-2.3999,-9.4403,-6.3494,1.4676,3.2815,2.0596,2.9737
-3.7445,3.8571,6.9623,4.0914,1.4272,-1.1080,-8.6263,-3.3974,-0.6632,2.6237,1.8034,3.6310
-3.3662,4.8411,3.7541,4.1168,1.7930,-0.1396,-9.4284,-2.0063,-1.5754,1.4253,1.3511,4.3656
-4.7908,6.0094,2.3918,3.5117,2.5542,0.8187,-6.5481,1.5323,-2.7031,0.2766,0.6130,4.3656
-4.1875,6.9025,-0.1772,2.4240,3.5280,1.7006,-2.4277,4.8578,-1.8914,-1.3608,1.4885,4.3656
-3.7541,7.1539,-2.4804,0.8312,4.3656,2.4432,-2.5786,6.5434,-1.6568,-2.7279,2.2864,3.4045
-3.0406,6.9935,-1.1468,-1.4771,4.3656,2.6374,-1.9201,7.4651,-2.4900,-4.3657,3.1197,1.8879
-1.5658,5.6790,0.1796,-3.2640,3.6002,2.4701,-2.3559,5.3008,-0.6416,-4.3657,2.2849,-0.0352
1.3001,4.0055,2.8922,-4.3657,1.2690,2.0017,0.2682,3.3447,3.5099,-4.3657,-0.2826,-2.2078
3.1891,2.3152,4.4987,-4.3657,-0.5431,0.9538,0.9864,0.1844,6.1148,-3.7880,-0.5247,-4.3657
3.9217,2.0111,9.2608,-4.3657,-1.7968,-0.2743,-3.4812,-4.4843,7.6998,-2.4493,-0.1864,-4.3657
4.6471,1.8962,12.0692,-4.3657,-2.7416,-1.6643,-6.7062,-8.1427,13.2974,-0.6471,-1.1632,-4.3657
2.5474,1.8794,17.9326,-2.3367,-2.7111,-2.3956,-12.1362,-11.6789,13.2399,1.6866,0.4358,-4.3657
1.8938,1.7693,14.3987,0.2138,-2.1072,-3.3428,-15.5192,-12.2032,11.5951,3.1885,0.7705,-2.1184
1.2546,1.0056,12.2727,1.7914,-0.4410,-3.5234,-8.9974,-9.0190,8.0948,4.1484,0.8238,-0.0425
-2.4565,2.1045,9.0908,3.1044,0.1025,-3.7379,-9.0094,-7.0246,3.0430,4.3656,3.5030,1.2987
-2.9281,3.2322,8.1499,3.5858,-0.3713,-2.9627,-11.2551,-5.2792,0.8571,4.2466,1.3295,1.4753
-4.8219,4.8578,5.6910,4.1519,-0.2064,-2.3535,-9.8904,-3.8954,-1.4509,4.0851,0.9277,4.3656
-4.6615,5.4779,4.2904,4.1708,0.7982,-1.0301,-7.5226,0.5363,-3.9361,2.4401,-0.0871,3.3662
-5.4085,6.4931,-0.1460,3.1649,1.7042,0.8447,-8.0230,2.0375,-3.6105,0.4125,1.1960,4.3656
-3.9672,6.8953,-2.5115,1.1980,3.2143,1.8894,-3.3639,5.5426,-3.5291,-2.1581,0.5462,4.3656
-3.5075,6.8163,-0.9625,-1.1379,4.3656,2.4468,-3.3040,6.0645,-1.3767,-4.1986,3.1339,2.7274
-2.9736,6.0214,1.4581,-3.0310,4.3656,2.5381,-3.2417,5.3439,-1.3001,-4.3657,4.1211,0.6133
-1.2857,4.3814,2.7270,-4.3657,2.4929,2.3971,-2.2625,3.1508,-0.0431,-4.3657,0.6029,-1.1806
1.7047,2.2266,3.8978,-4.3657,0.0863,2.0011,0.6321,0.3041,4.0677,-4.3657,-1.5936,-3.4490
4.8770,1.0487,8.1834,-4.3657,-1.1441,0.8937,-0.6608,-4.0654,10.1107,-3.6194,-0.9542,-4.3657
5.7437,1.0319,12.2966,-4.3657,-1.4430,-0.9855,-5.3846,-8.0541,12.6701,-1.2914,1.2990,-4.3657
4.6878,1.1612,15.7802,-3.1421,-2.5828,-2.5138,-10.0772,-10.7117,14.7842,1.2817,-0.5697,-4.3657
0.2059,0.1891,13.2088,1.0696,-1.7584,-4.3154,-9.6726,-10.6039,8.7724,4.3656,0.9441,-1.9784
0.1221,-0.2059,10.0916,2.0944,-0.9996,-4.3657,-8.0349,-8.7963,5.3965,4.3656,2.2944,-0.9181
-2.6360,1.1995,8.5234,2.4736,-1.0399,-4.2562,-7.5202,-6.6056,2.0638,4.3656,1.9320,-0.3138
-2.6169,2.8132,7.5896,2.5522,-0.8354,-3.3220,-8.2983,-4.5514,0.5171,4.1671,1.4268,0.1789
-3.2082,4.3598,6.7421,2.8434,-0.2150,-2.5490,-10.2903,-3.7541,1.5514,3.3219,1.4522,0.9096
-2.6600,5.6288,6.1555,3.1071,0.0917,-1.3618,-12.9646,-3.3974,0.9313,2.6690,1.4961,2.1091
-3.2825,6.6248,4.2018,3.3782,0.6623,-0.9927,-9.7444,-0.9313,-0.6895,1.7962,0.6384,4.3585
-4.4676,7.0054,1.9537,3.2968,1.9748,0.4994,-7.0222,2.6169,-1.6137,0.5315,0.4182,3.8316
-3.5530,7.8602,-2.5019,1.6315,3.4006,1.5912,-5.4875,4.3479,-2.1787,-1.8355,2.0546,4.3656
-4.0773,7.4460,-1.1612,0.0481,4.3656,2.3001,-4.1539,5.6096,-1.2498,-3.8269,2.8885,4.0770
-3.8355,6.9049,0.4310,-1.6513,4.3656,2.6903,-4.0606,5.4516,-1.1468,-4.3657,4.3653,3.3823
-2.8036,6.3015,1.2139,-2.6753,4.3656,2.6336,-3.1436,5.3846,0.7015,-4.3657,2.6530,1.5821
-1.2809,5.1188,2.2051,-3.7169,2.8328,2.4090,-2.1691,4.6783,1.4605,-4.3657,1.1631,0.0340
1.2091,3.6416,3.3734,-4.3657,1.2057,1.7056,0.4166,3.3902,3.4405,-4.3657,0.4592,-2.5042
3.8307,2.3511,4.8076,-4.3657,-0.3014,0.4987,-0.7374,-0.4980,7.3789,-3.5807,0.1507,-4.3472
5.6958,0.0910,9.2919,-4.3657,-1.6533,-1.5140,0.0479,-4.1611,10.2089,-1.3827,0.2673,-4.3657
5.2984,-1.2522,13.4243,-4.3657,-3.0744,-3.1593,-3.5937,-9.0932,9.0453,0.5037,0.4138,-4.3657
1.7526,-0.0383,16.7857,-3.3902,-4.0644,-4.0025,-10.1730,-14.0683,14.3365,2.6681,-0.9514,-4.3657
4.6663,-0.9361,17.7985,-0.3645,-2.6778,-4.3179,-16.4960,-16.8791,13.0915,3.8800,1.6834,-4.2805
0.1796,-1.4820,12.8832,1.9281,-0.5534,-4.3657,-8.8178,-11.9447,7.6327,4.3656,1.0307,-0.3291
-0.8739,-0.6752,9.8545,3.0106,0.0394,-4.0048,-9.3278,-10.2855,2.9736,4.3656,2.9034,0.0039
-1.8507,1.2258,9.7612,3.5757,0.2558,-3.5304,-8.6119,-6.5649,2.4157,4.3656,2.2655,1.6880
-2.4804,3.2585,7.0988,4.3656,0.0348,-2.7744,-9.4691,-4.3287,0.6704,4.3226,0.9763,2.5382
-2.9305,4.3215,4.9584,4.2177,0.2284,-1.7388,-6.4284,-0.8404,-0.2131,3.6637,0.5762,3.1654
-3.2944,5.4348,2.7342,4.2218,1.2962,-0.8673,-9.0621,-0.0287,-1.3791,2.5127,1.8087,3.0722
-4.1372,7.2329,1.5826,3.3945,2.1406,0.5625,-7.8554,2.9497,-3.6296,0.7035,1.2410,3.7417
-5.5761,8.1427,-2.3104,2.2479,2.8870,1.6988,-6.0861,5.0326,-4.6687,-1.4579,1.0464,4.0476
-4.4317,7.5561,-3.6105,0.1603,4.2987,2.8659,-3.2872,6.1651,-2.4086,-3.8901,1.4540,4.1977
-3.0718,6.8498,-1.9034,-2.0524,4.3656,3.0194,-1.9848,6.5410,-0.7614,-4.3657,3.3552,3.0033
-3.0885,5.5330,-0.2729,-3.8898,4.3656,3.0643,-3.6895,4.6208,-2.5498,-4.3657,3.9803,1.2708
-0.8547,2.7366,1.5730,-4.3657,2.9673,2.8842,0.3065,2.0255,0.6057,-4.3657,0.6666,-0.8219
1.8459,0.3376,4.0749,-4.3657,1.1523,2.2780,0.8212,-1.7358,3.6105,-4.3657,-0.2010,-3.0966
4.9033,-1.0319,7.5681,-4.3657,-0.0157,1.0096,-1.2929,-6.2130,8.1642,-4.3657,1.4815,-4.3657
4.8076,-1.7621,14.6860,-4.3657,-0.6245,-0.5111,-6.0190,-9.8713,10.9487,-2.9649,1.9949,-4.3657
3.3160,-0.5962,17.1161,-3.7976,-2.5217,-1.8664,-10.3765,-12.4259,12.5001,0.2180,-0.4976,-4.3657
3.2657,-0.5100,16.8480,-1.3314,-3.1782,-2.1106,-13.8241,-13.6924,11.9255,1.9473,-1.2169,-3.6250
