-1.4078,-2.3080,11.6215,4.3453,0.1386,0.3996,-6.9145,-7.9679,5.0039,3.0323,0.1447,3.5025
-0.8882,-1.0894,10.4100,4.3656,-0.7317,0.2517,-9.0046,-8.1906,6.3470,3.5306,-1.0737,3.8652
0.0192,-0.6464,13.1250,4.3656,0.4315,0.2120,-6.1746,-7.8841,8.5856,4.3656,-0.9935,3.9436
-0.6608,0.4669,6.6152,4.3656,-0.2453,-0.4606,-4.4891,-1.8172,-1.3743,4.3656,1.1061,3.5444
-1.2761,4.1132,1.1468,4.3656,-2.7919,-0.1683,-2.8060,3.4500,-1.0151,4.2045,-3.7558,2.8004
0.8595,6.0693,-0.8667,2.4289,-3.1395,-0.9856,0.8068,5.8610,2.9257,3.2333,-3.4893,1.0996
0.0359,6.6367,1.1612,0.9366,-2.1305,-1.4514,0.3352,6.7540,0.7326,2.2925,-0.0802,-1.4657
0.2682,6.7469,1.0846,-0.2698,-2.0800,-1.5841,-2.0279,5.5617,2.8754,1.6629,-0.3126,-2.5766
-0.6393,6.2800,2.8539,-1.2193,-2.6849,-1.8375,-2.4565,4.4748,1.9249,1.3203,-1.6741,-3.9611
-0.5914,5.8131,1.0798,-2.5063,-3.4087,-1.8876,-2.6983,3.6320,0.2825,0.4427,-2.1198,-4.3657
-0.6823,4.3239,1.7597,-4.0145,-3.4202,-1.5898,-1.8579,1.5802,-0.2442,-1.1779,-2.9449,-4.3657
-1.6664,3.0957,2.6528,-4.3657,-2.7422,-1.0279,-4.0103,-2.0734,-1.2115,-2.8562,-1.8183,-4.3657
-1.3934,1.1396,4.6783,-4.3657,-2.8278,0.2090,-4.4077,-5.8299,0.6321,-4.0753,-2.6312,-4.3657
-1.5562,-0.4142,8.3629,-4.3657,-2.6943,1.4484,-8.9184,-10.1921,3.7278,-4.3657,-3.0013,-3.3035
-2.4636,-1.7166,13.2639,-4.3163,-0.8501,2.6875,-11.5544,-13.5703,8.3606,-4.3657,-1.5098,-1.0277
-0.9290,-3.1747,14.3437,-1.1483,0.5957,3.6195,-10.6111,-13.2328,9.4691,-3.5928,-1.1718,1.6635
-1.2737,-4.4676,10.3430,0.0285,2.1972,3.6219,-6.3542,-11.5424,5.2241,-2.7857,-0.5678,3.6788
-0.9720,-5.1811,11.0540,0.5184,2.7741,3.6623,-6.8546,-12.2368,6.6295,-2.6630,0.7787,4.2373
0.2705,-4.8004,12.5025,1.3039,2.8795,3.3236,-6.4452,-11.0349,7.7572,-1.6300,0.7436,4.3656
-0.1676,-3.3806,12.1482,2.2808,2.7336,2.2575,-4.8626,-8.8705,6.5577,-0.4431,0.9336,4.3656
-1.0870,-2.0303,11.3988,3.0751,2.1234,1.8233,-6.7516,-7.9104,7.2664,0.7032,1.2084,3.9909
-0.6728,-0.7063,10.6255,3.8728,1.2825,1.3319,-8.8322,-6.9863,6.2417,1.7813,0.9309,4.1615
-1.1013,0.4142,9.8809,4.3656,0.5415,0.8925,-4.8746,-4.1539,4.6232,2.5751,-0.6676,4.1676
-0.6009,1.5467,7.2951,4.3656,0.3826,0.6011,-4.9680,-2.4756,4.4101,3.4268,-0.1700,3.5778
-1.7669,3.2250,5.9352,4.1374,-0.4479,0.4735,-4.7645,0.8164,2.0782,3.0100,-0.3765,2.1984
-0.2203,5.0733,4.4532,3.0754,-0.8076,0.5744,-6.0813,1.7406,3.7445,2.6009,-1.0756,1.9558
0.4549,5.7557,4.6687,2.5250,-0.8936,-0.1396,-4.2186,3.2298,3.7158,2.4333,-0.4843,1.5142
0.7542,6.2632,5.5545,1.7501,-1.6800,-0.5107,-3.2106,4.5442,3.9768,2.3122,-1.2866,-0.1700
0.3041,5.5833,6.2584,1.5515,-2.9323,-1.4995,-2.8467,3.6081,7.2856,3.3252,-2.0415,-1.8694
0.8332,5.9544,3.9289,0.9868,-4.3657,-2.5811,-6.1148,2.8156,4.9129,4.2439,-2.1402,-2.5542
-1.6975,6.2201,3.4117,0.3244,-4.3657,-2.8300,-3.7709,4.2856,1.0127,4.0790,-3.4648,-3.4876
-2.3367,6.4236,0.3831,-1.0459,-4.3657,-2.8521,-1.9441,4.6950,-1.0175,2.1847,-4.0810,-4.3657
-2.0997,5.9496,-1.0822,-2.9411,-3.3719,-2.4171,-4.1946,1.9944,-0.6081,0.0180,-1.7082,-4.3657
-3.6344,4.6208,3.4596,-4.3657,-1.9156,-0.8428,-8.1858,-2.0159,-1.2186,-2.3032,-1.1266,-4.3657
-4.1228,3.3495,6.4811,-4.3657,-1.8744,0.6726,-9.9096,-4.9512,0.8260,-3.3373,-2.7868,-3.1797
-3.7852,1.7717,7.1275,-4.2062,-1.0345,2.2163,-10.1682,-7.1060,1.7502,-4.0533,-2.3779,-1.3279
-3.4069,-0.1628,8.1068,-3.9267,-0.5019,3.4326,-8.5114,-8.4515,2.2314,-4.3657,-2.5782,0.1551
-3.3232,-1.6137,9.4284,-3.2190,0.4627,4.3656,-8.6215,-10.4315,3.3662,-4.3657,-1.9440,1.4635
-2.7222,-3.6272,9.2943,-2.3838,1.1275,4.3656,-6.8259,-11.1546,3.3088,-4.3657,-2.0234,2.7594
-1.6424,-5.2529,9.0932,-2.1770,1.2380,4.3656,-4.0486,-11.2575,4.5083,-4.3657,-1.9871,3.0927
-0.6847,-5.5761,10.6039,-1.2931,1.6341,4.3656,-4.9536,-11.1881,5.8323,-4.3657,-0.5045,2.7526
-0.1532,-5.0422,11.8298,-0.2430,1.8122,3.5344,-8.1235,-11.9255,9.6103,-2.9555,-0.1200,3.2989
-0.2370,-4.4652,12.7850,1.3217,1.8097,2.1386,-5.2768,-9.9671,8.0182,-0.9265,-0.0953,3.6820
-0.4094,-3.5578,12.5815,2.7520,1.4606,1.0712,-8.2432,-10.1107,9.1171,0.9705,1.4178,3.5491
-1.3048,-2.3607,12.4570,4.0967,0.7096,0.3104,-7.7189,-8.9543,6.8690,2.6430,0.5369,3.6226
0.2466,-1.5083,11.3102,4.3656,-0.1899,-0.1215,-8.0517,-7.8051,6.4500,4.0029,-0.1788,4.0140
-0.2011,-0.6536,10.4794,4.3656,-1.2153,-0.9121,-3.3471,-4.3287,4.7405,4.3656,-1.2043,2.9759
0.9768,0.4836,10.2544,4.3656,-2.8586,-1.4742,-2.4253,-2.7940,7.1060,4.3656,-2.0290,0.6763
-1.1181,1.8723,8.5545,4.3656,-4.3657,-1.7854,-6.1172,-0.9050,3.3184,4.3656,-3.7008,-1.7456
-0.0527,3.8834,1.3479,3.9009,-4.3657,-2.2540,-4.3646,2.1237,2.7629,4.3656,-4.3657,-2.0315
0.5507,5.6767,-1.7669,1.7789,-4.3657,-3.0898,-0.3065,4.3718,1.8220,4.3656,-2.8846,-3.3877
-1.0295,6.1387,-1.4605,-0.6101,-3.0136,-3.2158,-0.9002,4.9153,-1.2163,2.4070,-0.1632,-4.3657
-1.9345,6.4428,-0.4238,-2.4692,-1.3563,-2.4453,-5.1739,2.8252,-2.6959,-0.3441,-0.1210,-4.3657
-1.8723,4.9967,0.3352,-4.1868,-0.8771,-1.5555,-6.2034,0.3903,-0.7685,-2.1089,-0.2398,-4.0562
-2.7270,2.7964,2.9760,-4.3657,-0.4979,-0.6495,-5.2601,-2.2170,-1.9249,-3.7683,-1.4141,-3.5675
-4.0773,1.3575,6.9863,-4.3657,-0.4732,0.4850,-8.0637,-6.3183,-0.8571,-4.3657,-1.0829,-3.4224
-2.6791,-0.4812,7.8530,-4.3657,-1.2833,1.8110,-8.7077,-9.0716,2.0877,-4.3657,-3.0410,-1.9753
-4.3407,-1.3431,11.3102,-4.3657,-0.6431,2.8072,-9.5170,-11.6837,4.7166,-4.3657,-2.8186,-0.5708
-3.8762,-2.6456,12.0524,-3.0311,0.8063,3.7257,-10.4698,-13.0245,6.2584,-4.3657,-1.2557,1.2088
-3.4596,-4.3670,10.7883,-1.6741,1.8564,4.2798,-8.3629,-12.3014,4.4460,-4.3112,-1.1283,2.7995
-3.4716,-5.1739,9.2584,-1.1409,2.2579,4.2246,-5.7102,-11.2719,2.7845,-4.0897,-0.6679,3.2150
-2.9640,-5.7940,10.0868,-0.9703,2.3673,3.9578,-6.6319,-11.8513,5.2146,-3.6828,0.2398,2.9765
-2.3080,-4.8770,13.0843,0.3363,1.9923,2.9709,-8.9974,-11.7029,7.3502,-1.7985,0.9710,3.5683
-2.3990,-3.6248,11.9399,2.1801,1.4083,1.8894,-6.7229,-9.6822,6.1411,0.0562,-0.0177,3.7739
-2.7246,-3.3112,11.1761,3.4771,0.6435,1.3094,-6.9384,-8.5258,4.6424,1.9834,0.1561,3.3251
-2.0806,-1.4916,10.1299,4.3656,-0.1788,0.5268,-9.0237,-8.3414,4.9464,3.1167,0.2967,3.9915
-1.9154,-1.2306,9.0812,4.3656,-0.5083,0.4962,-5.5881,-5.4971,2.0135,3.6254,-1.2947,4.1094
-0.3519,0.3448,8.0373,4.3656,-0.7296,-0.0745,-5.4109,-4.6663,6.3422,4.2274,-0.7798,3.1814
-0.4860,2.0399,8.0062,4.3656,-1.6314,-0.5953,-4.4388,-0.6871,2.8012,4.3656,-0.3356,2.4070
0.7853,3.2848,4.4963,3.6419,-2.9155,-1.0812,-1.5395,1.6448,4.4388,4.3656,-3.5863,0.6530
1.7741,3.7757,7.2233,2.9314,-4.1704,-2.4339,-3.8930,0.9864,7.8314,4.3656,-1.4775,-1.1159
-0.0599,5.2385,4.1468,2.7342,-4.3560,-3.1275,-3.2561,2.9616,3.8930,4.3656,-2.7186,-2.2797
-1.9010,6.0501,0.8930,1.7223,-4.1748,-3.3063,-4.1779,4.1324,-0.2753,4.3656,-2.0061,-3.5194
-5.1236,4.2234,3.6416,-4.3657,-1.4184,-0.7290,-9.6965,-2.7557,-1.2354,-2.5899,-1.2706,-4.3356
-4.9919,2.5881,5.5545,-4.3657,-1.1898,0.7613,-9.6343,-4.5825,-0.7997,-3.4150,-2.1056,-2.7324
-5.0733,1.1420,7.3765,-4.3657,-0.8961,1.8426,-8.2576,-6.8402,1.1851,-4.3336,-2.9136,-1.6196
-4.5298,-0.5171,8.7340,-4.1183,0.0044,3.0430,-9.7420,-9.2823,1.4700,-4.3657,-1.8596,-0.4634
-4.9560,-2.1907,8.4611,-3.4018,0.7983,4.0895,-8.9950,-10.5800,1.0511,-4.3657,-2.3049,1.1390
-3.6224,-4.8171,8.1307,-3.5253,1.0219,4.3656,-4.8483,-11.3102,1.0654,-4.3657,-2.5429,1.7965
-3.0382,-5.8706,9.5409,-3.0475,1.0968,4.3656,-4.6280,-12.0668,3.4979,-4.3657,-1.2375,1.5689
-3.3447,-5.9161,10.0868,-2.3462,0.5379,4.0273,-5.8586,-11.9854,3.4955,-4.2978,-1.8892,1.6411
-1.8028,-5.8993,10.0628,-1.5043,0.3120,3.3727,-5.2122,-11.2623,5.1499,-3.1165,-1.9855,1.7420
-1.9010,-5.3295,11.2192,-0.2952,0.2317,2.3555,-6.3686,-11.2312,6.5841,-1.6662,-0.6558,1.5656
-1.6783,-4.1827,11.8800,1.0036,0.1440,1.6502,-8.4851,-10.9487,6.4189,0.2073,-0.5853,3.0788
-2.1668,-3.1005,10.7667,2.5447,0.1835,1.0798,-7.2880,-9.0453,5.6096,1.0198,-0.5981,2.5985
-2.2362,-1.9058,9.9934,3.2840,0.2253,0.9826,-7.8171,-8.2576,3.8020,2.2339,0.3645,3.6665
-1.6951,-0.6081,9.1985,3.9234,-0.0268,0.8246,-7.4172,-6.4787,3.8786,2.2070,-0.6544,3.8185
-0.4741,-0.1772,8.3558,4.3239,0.0797,0.6897,-5.7652,-5.1547,5.5976,2.8972,-0.3095,3.8292
-0.9074,1.6448,7.7381,4.1801,-0.1300,0.0722,-5.9616,-2.7007,3.8092,3.1213,0.2266,3.3851
-0.3065,2.7892,7.6734,3.8597,-0.8463,-0.2274,-4.2617,-0.6321,4.9656,3.6724,-1.0714,2.5539
-0.8787,3.9289,5.4755,3.6547,-1.6794,-0.7214,-3.2633,1.7406,3.8642,3.8148,-1.4963,1.2211
0.1724,4.4748,4.7262,2.6585,-2.5094,-0.9280,-5.0518,2.5857,2.5762,3.9876,-1.1016,-0.1819
-0.4956,4.8028,4.4436,2.1662,-3.5093,-1.9889,-4.0055,3.3399,3.6416,4.0987,-2.3679,-1.3307
-1.8220,6.1052,3.3639,1.3304,-3.5908,-2.4984,-5.6623,3.4117,2.1572,3.8108,-2.3142,-2.5177
-1.2019,6.2201,3.3734,0.4049,-4.3657,-2.6416,-4.6352,3.5913,2.9353,3.8665,-2.0717,-2.8240
-2.2075,6.4428,2.1261,-0.3043,-4.3657,-2.3762,-3.5698,4.8028,-1.2067,2.6510,-3.8018,-4.1010
-2.5738,6.5266,0.6297,-2.1039,-3.3641,-2.0975,-4.8195,3.0047,-1.3001,0.4972,-2.2284,-4.3657
-3.2346,5.7652,2.0901,-3.4472,-2.5808,-1.3859,-6.9695,1.0151,-1.7526,-0.9810,-1.0096,-4.3657
-3.1651,4.5011,3.2657,-4.3657,-2.7523,0.0939,-6.5290,-1.9225,-0.6943,-2.7719,-3.9146,-4.3657
-3.0622,3.2178,6.7253,-4.3657,-2.0759,1.2476,-9.5098,-6.0310,3.1220,-3.9103,-2.9055,-2.9328
-3.5027,1.8962,10.0820,-3.7898,-0.7562,2.8384,-11.6167,-8.9088,3.7757,-4.3657,-2.1759,-0.4588
-3.3208,-0.3208,9.0333,-2.7885,0.2670,4.2904,-9.1842,-9.9096,3.2681,-4.3657,-3.1570,2.0055
-2.4325,-2.7078,8.0349,-2.2973,1.4190,4.3656,-5.6240,-10.5249,3.1556,-4.3657,-1.9096,3.1662
-1.9010,-4.9201,8.4036,-2.3621,1.9019,4.3656,-3.5338,-11.1163,3.2465,-4.3657,-1.4819,3.2262
-1.2306,-5.8754,9.3781,-2.1943,1.7166,4.3656,-3.7613,-11.6861,4.3431,-4.3657,-1.3592,3.0093
-0.7494,-6.2872,10.5848,-1.6254,1.6367,4.3656,-4.9752,-12.0428,6.0861,-4.3657,-0.9702,2.8398
-0.9577,-5.7557,12.0333,-0.6576,1.5617,3.6299,-7.7285,-12.8880,10.2783,-3.0185,-0.3599,3.5611
-0.3543,-4.9392,14.1378,1.3516,1.6397,2.4167,-6.2920,-10.4100,8.6048,-0.5533,0.3431,3.3227
-0.8547,-3.7397,11.4299,2.8222,1.0228,1.0945,-5.3678,-8.6215,5.2241,1.3161,0.2709,3.4236
-1.3168,-2.5402,10.5991,3.5928,0.1773,0.5957,-9.7109,-8.2791,5.0518,2.2896,0.4281,3.0305
1.1468,3.3327,6.2153,3.1084,-2.2669,-1.5515,-4.6448,0.2514,5.1188,4.3656,-1.0199,0.3596
0.4190,4.6424,6.8115,2.9585,-3.7425,-2.8546,-4.4508,2.0111,4.3359,4.3656,-2.2928,-0.9643
-1.0511,5.4708,3.2394,2.5991,-3.7908,-2.9870,-4.9991,3.2010,2.0016,4.3656,-2.6946,-2.2828
-0.3831,5.8251,0.3831,0.8272,-3.8845,-2.4295,-3.8738,4.4412,1.3001,3.6587,-1.9035,-2.5155
-1.0750,6.7349,0.0862,-1.2617,-3.8103,-1.2125,-2.8156,5.8347,-1.5945,2.1833,-1.7455,-3.0529
0.0694,6.1100,0.6393,-2.7459,-2.8501,-1.7704,-1.6161,4.7788,-1.9010,-0.1511,-1.7383,-4.3657
-1.5083,5.5522,2.2817,-3.8578,-2.2842,-2.1481,-4.9201,1.4988,0.5602,-1.0441,-1.6113,-4.3657
-2.2075,4.8985,5.6336,-3.9776,-1.4025,-1.2236,-7.5681,-1.3551,2.0327,-1.9152,-0.7517,-4.3657
-1.9920,3.5674,5.8059,-4.1928,-2.1093,0.0257,-8.2791,-2.8299,2.2314,-2.3988,-2.3351,-3.5026
-0.9912,2.2913,7.8673,-4.0674,-1.3378,0.9999,-7.6423,-5.0685,4.7309,-3.1586,-2.4464,-2.5417
-0.9194,0.9266,8.2552,-3.3169,-0.1779,1.6306,-7.8793,-6.0501,4.1515,-3.2103,-0.9663,-1.3707
-0.9792,-0.4214,7.5657,-3.0996,0.0931,2.3966,-7.0557,-6.9049,2.8036,-3.8797,-1.6489,-0.4221
-1.2163,-2.0207,8.0876,-2.8694,0.6991,3.0058,-7.0509,-8.8633,2.9281,-4.3657,-1.3618,0.8218
-1.7502,-3.5817,8.4707,-2.5480,1.0832,3.5342,-4.9321,-9.8138,3.3734,-4.3657,-1.3523,1.4132
-1.7549,-5.1643,8.8346,-2.1795,1.2866,3.8255,-6.0765,-11.0636,4.1731,-4.3288,-0.7087,2.0099
-1.2067,-5.8131,9.1506,-1.7754,1.1864,3.7903,-4.6208,-10.8960,3.6320,-4.0366,-0.8925,2.1702
-0.6560,-6.2800,10.2568,-1.1271,1.2817,3.2073,-4.3311,-10.9918,5.1547,-3.3382,-0.6444,1.9867
-0.5866,-6.4643,10.6159,-0.2162,0.9024,2.4269,-5.2265,-11.0205,6.0693,-2.0807,-0.3012,1.6823
-0.4286,-5.4923,9.4930,0.6342,0.3485,1.8692,-6.2752,-10.3597,5.6982,-0.7564,-0.5490,2.0833
-0.7183,-4.5011,10.7236,1.4127,0.2625,1.1363,-6.7181,-9.7947,6.1890,0.3315,-0.1615,2.4412
-1.8292,-3.6392,10.4267,2.5920,0.6831,0.7927,-7.0749,-8.8969,4.9225,1.1254,0.4864,2.4869
-2.2960,-2.6336,9.1554,3.1090,0.6888,0.8768,-8.3534,-8.5880,4.2593,1.7472,0.5099,3.5815
-2.4900,-2.5115,9.1746,3.6568,0.4823,1.4252,-5.7581,-7.1826,3.1388,2.4493,0.1434,3.4298
0.7542,-1.5395,9.1746,4.1756,0.3503,0.6648,-5.0254,-5.4612,3.8834,3.0523,0.8568,3.2090
0.3591,-0.6656,8.1738,4.2152,0.1238,-0.6712,-6.2225,-4.0199,4.8650,3.1018,0.8843,2.3714
-0.5770,1.5993,9.7372,3.5329,-1.9211,-1.0869,-6.0932,-1.6688,4.9297,3.7305,-1.2197,1.4176
-0.3543,3.5027,7.3694,3.5062,-2.8603,-1.2332,-7.1036,-0.3232,5.0925,4.3656,-2.1965,1.2264
0.2442,4.2521,5.5952,3.0631,-2.7014,-1.7736,-5.3486,1.5754,3.8499,4.2950,-1.9704,0.3447
-0.8954,5.3726,5.0733,2.5154,-2.6706,-1.9915,-6.2058,2.6552,2.9209,3.9619,-1.1127,-0.0871
-0.7566,6.5098,4.8435,1.9946,-2.3218,-1.8182,-6.9767,3.3040,3.1580,3.4174,-1.3246,-0.3773
-0.7877,6.1148,3.6871,1.5216,-2.2020,-1.7060,-4.3527,4.4197,2.0016,3.0204,-1.1475,-0.9673
-0.1460,6.2273,2.6384,0.2623,-2.3791,-1.8291,-4.3072,5.0422,1.2163,2.1290,-1.4129,-1.8449
-1.0367,6.5098,2.5450,-0.5188,-2.3723,-2.1137,-6.1220,4.0821,1.7142,1.6717,-1.1482,-2.3264
-2.0135,6.5242,2.1500,-1.5075,-1.9087,-1.4556,-3.7589,4.7142,-0.7230,0.5264,-1.6846,-2.7444
-1.0295,5.0015,2.6528,-2.6454,-1.9457,-1.2660,-3.2968,2.9592,-1.5754,-0.8390,-1.6098,-4.1925
-2.3152,4.5777,3.4596,-3.7695,-1.8783,-0.9682,-6.4811,-0.6153,0.0551,-2.1545,-1.8647,-4.3657
-3.4572,3.9552,6.2441,-4.0598,-1.7701,0.1142,-9.1866,-3.2561,1.1540,-2.8428,-2.1881,-3.3517
-3.9097,2.9281,6.7780,-3.7425,-1.4345,1.8902,-10.1370,-5.5569,2.4253,-3.7411,-3.0383,-1.5179
-2.1165,0.9984,7.9966,-3.1564,-0.3188,3.1240,-8.3031,-7.0198,4.1468,-4.2160,-2.3290,0.2507
-2.2913,-0.6273,7.8219,-2.6065,0.6734,4.0012,-7.5513,-8.0732,3.0646,-4.3657,-1.5306,1.4751
-1.3503,-3.0622,7.9990,-2.6384,1.0441,4.3656,-4.2952,-9.0022,3.3279,-4.3657,-1.8886,2.0638
-0.3831,-4.7238,8.7125,-2.4555,1.2201,4.3656,-3.0742,-9.8114,4.4867,-4.3657,-1.3271,2.0099
-0.7757,-5.9256,9.0644,-2.2898,1.0766,4.3656,-3.5434,-10.7548,4.3790,-4.3657,-1.5872,1.9143
-2.3487,-5.8466,9.2488,-1.7821,0.7258,4.3656,-5.2960,-10.8050,1.5251,-4.2999,-1.4765,1.9239
-1.0056,-6.1818,8.0493,-1.8915,0.2726,4.1528,-4.5705,-11.5041,5.0254,-4.1791,-2.6553,2.0892
-0.8619,-5.7533,13.2639,-0.5039,1.1337,3.1461,-8.5353,-13.0364,10.2735,-2.3000,0.3246,2.6203
-1.3791,-4.8530,12.5911,1.5669,1.0774,2.1999,-8.3438,-11.3126,6.5864,-0.6293,0.4521,3.6332
-1.4892,-3.9337,11.5233,2.7808,0.9250,1.7536,-6.6008,-10.0963,6.0741,1.0203,-0.7360,4.3656
-1.5060,-3.1220,10.8266,3.9692,0.4298,1.2665,-6.3494,-7.6447,3.3734,2.0980,0.5101,3.9313
-0.0551,-2.0423,8.0206,4.0217,-0.3361,0.7123,-6.5577,-6.9216,5.6168,2.3158,-0.8448,4.1512
0.1437,-0.9050,9.8019,4.0284,-0.4186,0.0119,-5.5402,-5.2768,6.7516,2.9784,-0.7913,3.1692
1.6975,-0.7159,11.0445,4.0961,-1.6032,-0.9072,-4.0079,-3.9983,7.6207,4.3656,-0.4289,1.7512
0.1820,0.6680,9.2057,4.3656,-3.2815,-2.0235,-5.1308,-2.0279,4.1468,4.3656,-2.2910,0.8043
-0.3926,2.4373,4.9608,4.3092,-4.3657,-2.5450,-4.5969,-0.1125,4.7477,4.3656,-3.8772,-0.6843
-0.5507,3.7517,4.5346,3.0216,-4.3457,-3.3201,-4.1468,1.4796,3.2082,4.3656,-2.1145,-1.5489
-2.0159,5.7772,3.0191,2.4311,-3.8268,-3.3875,-4.5921,3.5889,0.7949,4.3656,-2.1413,-2.5017
-1.7382,6.5529,0.9553,0.5556,-3.2147,-2.6043,-2.8156,5.1068,0.1844,3.3985,-2.3309,-3.1515
-1.8435,6.2800,0.0479,-1.0046,-3.0702,-2.1795,-2.2673,5.1643,-2.5570,1.7393,-1.3828,-4.3657
-2.4110,5.9376,-0.1293,-3.0762,-2.5636,-1.3326,-3.4716,2.5498,-0.5986,-0.2823,-1.9578,-4.3657
-1.2833,5.3391,3.2465,-4.3505,-1.7825,-0.7486,-7.8243,-0.2227,-1.2689,-1.8624,-0.4803,-4.3657
-2.7653,4.4388,5.2265,-4.3657,-1.6602,-0.3380,-9.2320,-2.8132,0.0934,-2.7174,-2.3220,-3.7203
-4.0151,3.4309,6.7971,-4.3657,-1.4406,1.1699,-10.4698,-5.5138,1.9106,-3.6613,-3.1925,-1.7906
-2.6480,0.9888,7.4867,-3.6989,-0.2415,3.0786,-9.5648,-7.1946,2.5570,-4.3657,-1.8233,0.2943
-2.1308,-1.0223,8.9136,-3.2027,0.4686,3.7699,-7.1682,-8.4372,3.3064,-4.3657,-2.0907,1.5765
-2.5522,-2.6336,9.4547,-2.5106,0.9828,4.3094,-5.6719,-9.4403,3.4764,-4.3657,-1.6265,1.9781
-1.6448,-4.9512,9.2296,-1.9045,1.3308,4.3656,-5.0805,-10.6303,3.8403,-4.3657,-1.5512,2.0741
-0.6033,-5.7724,9.6702,-1.6545,1.3249,4.3629,-4.8387,-11.1474,5.3750,-4.3657,-1.6601,2.1553
-0.0096,-5.6886,10.8146,-0.9126,1.4236,3.4298,-5.4253,-11.2049,6.8307,-3.3533,-0.6013,2.0619
-0.5626,-4.9704,11.9327,0.0923,1.3163,2.6437,-7.2856,-11.2767,9.4427,-1.7559,-0.1619,2.4192
0.2274,-4.2713,12.3924,1.5487,0.9798,1.6208,-6.0525,-10.1490,8.0182,0.2970,0.4812,3.1724
0.1676,-3.3734,11.8250,2.8029,0.4922,0.7729,-6.3183,-8.8609,7.2137,1.7240,0.2575,2.9801
0.2418,-0.7590,9.4763,4.0229,-0.4991,0.0304,-6.4739,-5.6982,6.4524,3.1245,-0.2377,2.4881
0.3256,0.3448,7.9392,4.2483,-0.2882,-0.4719,-5.6000,-4.3527,5.6216,3.5538,0.3080,2.3936
0.8499,1.4772,7.5346,3.8758,-0.4245,-0.8484,-5.5809,-3.1196,5.4779,3.8344,0.6510,2.5752
0.4525,1.7669,9.1004,4.0472,-0.8142,-1.5809,-3.6583,-1.6640,6.4955,4.2762,-0.2257,0.8588
0.2777,2.4277,7.3646,4.3656,-1.6673,-2.4365,-5.8203,-0.6369,3.4477,4.3656,0.3609,0.1380
-1.7071,3.5219,5.8466,3.3969,-4.0352,-2.9998,-4.8722,1.4461,2.0470,4.3656,-2.7402,-1.0437
-3.3974,5.4324,2.9880,2.7010,-4.3657,-2.9099,-5.8179,2.5953,1.7597,4.3656,-3.9482,-2.2640
-1.0127,6.3303,0.9218,0.8676,-4.0481,-2.6526,-6.4691,2.9999,1.7861,3.6760,-1.8042,-2.2456
-2.8874,7.0102,2.2745,0.3706,-2.2275,-2.6287,-6.7421,3.6966,0.4693,2.6012,-0.1316,-1.9252
-2.8012,7.4579,3.0430,-0.2686,-1.5636,-1.6896,-7.0581,3.5841,1.2498,1.4221,-0.6743,-1.7897
-1.0271,6.2920,3.7110,-1.0072,-1.8331,-1.1406,-3.6583,3.8116,2.4804,0.8697,-0.8895,-2.3238
-0.5411,5.9903,3.6966,-1.5801,-1.7732,-1.2464,-4.7788,2.7940,2.2601,0.2770,-1.1453,-3.4450
-0.6656,5.7820,5.1619,-1.9778,-1.7507,-1.4254,-5.9975,1.1875,3.1268,-0.0358,-0.8074,-3.8191
-1.8531,5.8323,4.6017,-2.6000,-2.1722,-0.9422,-4.4436,0.1676,4.9297,-0.2952,-2.3357,-3.6256
-0.8212,4.9057,5.5067,-2.7555,-1.6228,0.1549,-8.9256,-1.8579,1.2761,-1.2911,-0.7374,-3.9634
-1.0415,3.8164,5.1451,-3.0618,-0.5424,0.3822,-8.9759,-2.6767,2.7533,-1.7075,-0.7292,-2.3346
-1.2833,2.6217,6.7157,-3.6124,-1.0898,1.0897,-7.0054,-3.5817,0.5076,-2.8007,-3.0507,-1.2891
-1.7071,1.4078,6.2058,-3.7225,-0.3708,2.3834,-6.9312,-6.0166,2.5067,-4.1144,-2.3691,-0.5489
-1.1732,-0.6369,8.1092,-3.7453,0.5809,3.1777,-6.8115,-8.2337,2.7821,-4.3657,-1.9311,0.5809
-2.6624,-1.9800,9.3589,-3.2976,0.8701,3.8545,-7.2999,-10.5249,3.5123,-4.3657,-2.0944,1.6834
-1.6137,-3.6224,9.6127,-2.6541,1.2488,4.3656,-5.9161,-11.5616,4.3431,-4.3657,-2.0447,2.7604
-1.3216,-5.2577,9.8545,-1.9417,1.7188,4.3656,-4.2138,-11.7460,5.9975,-4.3657,-1.3265,2.9604
-0.4453,-5.8179,10.7811,-1.2653,1.6276,3.9624,-4.3527,-11.2527,7.0533,-3.8548,-0.4381,2.6955
0.0239,-5.3726,11.3844,-0.2494,1.4088,2.7683,-6.6319,-11.3820,8.4587,-2.2223,0.0068,3.3392
-0.1844,-5.2098,13.3166,1.1077,1.0219,1.8207,-4.2282,-10.0580,8.0876,-0.5492,-0.4722,2.6354
0.6752,-4.1731,11.9423,2.6092,0.4987,0.7266,-8.0014,-10.2376,8.3414,1.5380,0.7913,2.7615
-1.4629,-2.7126,11.3294,3.7181,0.0718,0.0665,-6.9983,-8.3031,4.8961,2.7252,0.1190,3.0515
-1.7047,-1.2929,9.8713,4.2670,-0.4281,0.2008,-6.8618,-6.6774,3.5482,3.3293,-0.6237,3.2405
-0.5578,0.0455,8.8298,4.3656,-0.2320,0.2474,-4.2713,-4.9081,7.2305,3.2580,-0.9779,2.4283
1.9728,0.2179,7.8338,4.3656,0.6379,0.0217,-6.1938,-4.4724,5.3750,4.2980,2.4829,1.9737
0.9337,1.2546,7.7883,4.2184,-0.3132,-1.4603,-2.1356,-1.7214,5.3582,4.3656,1.3720,1.7956
1.7980,3.0837,8.5353,3.5843,-3.0197,-2.1146,-5.0015,-0.4357,4.8722,4.3656,-1.1955,0.4526
-1.0343,4.1420,5.9640,3.3769,-4.1294,-2.8051,-5.6383,0.8715,3.4022,4.3656,-2.4024,-0.8443
-1.1396,4.4412,3.5961,2.5158,-4.3657,-3.3232,-4.9297,2.4972,0.6536,4.3656,-2.5567,-1.9220
-3.9289,6.2704,-0.8595,0.9430,-3.7578,-2.9326,-3.5410,4.5155,-2.2865,3.7267,-2.4964,-2.8486
-3.2944,6.4572,-0.5818,-1.1342,-2.5694,-2.0155,-5.0661,4.0845,-3.5506,1.0048,-1.1731,-3.7794
-3.6344,6.1387,1.5490,-2.4447,-1.4902,-1.1694,-7.4340,1.5419,-1.7502,-0.8659,-0.8302,-3.7822
-4.4125,5.6479,4.0941,-2.7671,-1.2889,-0.3443,-9.1195,-0.5650,-1.3336,-1.9636,-1.8243,-2.9032
-2.7629,4.5011,4.2497,-3.4210,-1.2391,0.9148,-9.0716,-2.4157,0.7757,-3.3402,-3.2405,-1.4021
-3.7733,3.5626,6.3973,-3.3196,-0.3808,1.7452,-8.8897,-4.1994,1.9249,-4.0063,-2.2684,0.0853
-3.6392,2.1308,6.8833,-3.2988,-0.0652,2.7123,-6.7876,-5.3774,3.0478,-4.3657,-2.4940,0.7063
-2.8156,0.7398,7.4843,-3.3452,-0.0132,3.6011,-7.2616,-6.9767,3.3830,-4.3657,-2.4220,1.0520
-2.4086,-0.3687,8.8633,-2.8088,0.8334,4.1075,-7.4196,-8.4467,5.0422,-4.3657,-1.6710,1.8139
-1.9130,-2.0423,9.0692,-2.3359,1.0608,4.3656,-5.9975,-8.9998,4.5753,-4.3657,-1.9528,2.6275
-1.4030,-3.3375,8.7436,-2.1747,1.0110,4.3656,-4.3766,-9.2799,4.8770,-4.3278,-1.5825,2.6197
-0.7853,-4.0630,9.5912,-1.9249,1.1870,4.0108,-4.1372,-9.3087,5.7796,-3.8032,-0.8068,2.3052
-0.9697,-4.2186,10.5082,-1.3376,0.9113,3.3550,-6.1387,-10.0700,6.6056,-2.9832,-0.5104,1.9654
-0.6847,-3.6081,11.3605,-0.3913,0.6514,2.7637,-7.7883,-9.9216,7.4196,-1.8261,-0.5275,2.5109
-1.4676,-1.5490,10.7715,3.6262,1.0705,1.2068,-7.7668,-7.9990,6.6726,1.9733,0.3644,3.8076
0.9002,1.0080,8.6670,3.9762,0.3155,0.1676,-2.1811,-2.5139,5.1571,3.3829,0.3384,2.8537
1.7430,2.6719,8.0661,3.4542,-1.0283,-0.6075,-6.1531,-0.8332,5.4899,3.5486,0.5605,1.5127
-0.1508,3.6990,10.2304,3.0800,-3.2728,-1.6876,-6.0525,0.1700,6.4260,4.3427,-2.5988,0.4371
-0.4238,5.0063,6.5577,3.8832,-4.2340,-2.1118,-6.9599,1.3216,4.8794,4.3656,-3.5154,0.2705
-2.1979,5.0015,4.7645,3.5390,-3.9611,-2.4164,-4.1994,3.2274,2.0710,4.3656,-3.2835,-0.9357
-2.6911,5.7293,3.2920,2.8707,-4.3657,-2.2837,-4.5681,4.3120,2.2649,4.3656,-3.1125,-1.9404
-1.1301,6.7924,-0.9218,1.5523,-4.3657,-1.7612,-4.7214,4.3335,3.1915,3.3157,-4.3657,-2.0586
-0.5100,6.9264,2.5331,0.5251,-1.8571,-1.9061,-3.7373,4.3191,2.8491,2.4814,-0.1312,-2.2799
-1.6903,7.4484,2.2673,0.1092,-1.2562,-1.8675,-5.0709,4.9392,0.0120,1.7794,1.4233,-2.4325
-1.4269,6.9599,0.9218,-1.1922,-2.1296,-0.9862,-4.1276,4.8435,-1.0175,0.0989,-2.8611,-3.5811
-0.7302,6.2848,0.2658,-2.7145,-1.8799,-0.7416,-3.9480,3.1939,0.9409,-1.2622,-1.4590,-3.7199
-1.7142,5.7557,3.2034,-3.6066,-1.2781,-0.4700,-5.0973,1.2617,1.3527,-2.1141,-0.4971,-3.9475
-1.4748,5.3678,3.9097,-4.2038,-1.8582,0.2393,-6.7205,-0.8571,2.9904,-2.6525,-2.3911,-3.7074
-1.1564,4.2976,6.7205,-4.0393,-1.0965,0.8611,-8.4036,-3.0382,3.5051,-3.1981,-1.7042,-2.4243
-0.7183,2.7677,6.5745,-3.7922,-0.4984,1.6012,-7.6974,-4.6807,4.1132,-3.7138,-1.8810,-1.2450
-1.9034,1.3096,8.5617,-3.4386,0.0384,2.2748,-7.7141,-6.4811,3.9049,-4.0834,-1.7483,-0.0766
-2.7773,-0.0168,8.6215,-2.7725,0.8206,3.1164,-7.8123,-8.3725,3.3184,-4.3657,-1.4500,0.9530
-2.2194,-2.4014,8.4851,-2.5311,1.2227,3.9018,-8.7029,-10.6159,5.3510,-4.3657,-1.3423,2.4563
-1.8627,-3.4213,10.6686,-2.1518,1.5500,4.0177,-4.4843,-9.9814,4.9919,-4.2976,-1.1746,2.7400
-1.7071,-3.4285,10.6997,-1.0159,1.8972,3.8864,-6.2177,-9.7875,5.5378,-3.6837,-0.0577,2.4896
-1.5945,-3.3974,9.8450,-0.4762,1.8547,3.6457,-6.6391,-9.5289,5.9592,-2.8486,-0.5088,3.1690
-0.9433,-3.0478,10.2208,0.0357,1.9237,3.1708,-6.8714,-9.1506,6.8402,-2.0436,0.1697,3.4988
0.4142,-1.4557,10.5776,1.9678,0.6704,1.0965,-7.9679,-7.4555,7.3430,0.8585,0.8683,3.2839
-0.8499,-0.5818,11.2049,2.5989,0.1962,0.5288,-5.1092,-5.4109,6.0861,1.5771,-0.4815,2.5443
-0.5004,0.5938,9.3182,3.0950,-0.1428,0.1962,-5.9927,-3.9480,5.3151,2.5218,-0.1100,2.3782
0.2083,1.3479,7.8003,2.8450,-0.7019,-0.1462,-5.1547,-2.1931,5.1571,2.2445,-0.6167,1.2188
-0.4549,2.6935,7.6950,2.6938,-0.5788,-0.8496,-5.8897,-1.2809,5.0494,2.8527,0.0248,1.0658
-0.9792,3.2226,6.9983,2.5250,-1.0489,-0.9525,-6.1316,-0.3543,4.0294,2.7159,-0.4876,0.4069
-0.9290,2.7078,5.7844,2.1075,-1.4019,-1.2816,-4.5322,-0.1173,4.2138,2.6629,-0.9494,-0.3625
-0.1867,3.0287,7.9823,1.6471,-2.0223,-2.2627,-5.7700,-1.4844,7.5800,3.6641,-0.3974,-1.1150
-0.9912,3.5434,10.5896,2.3698,-3.8468,-2.7713,-8.0110,-1.7669,7.3981,4.3656,-1.4791,-1.9332
-1.5131,4.8339,5.8490,2.6979,-4.0862,-2.7868,-8.7436,-0.0982,3.1843,4.3656,-2.8044,-1.4261
0.1413,4.5370,5.1715,2.1033,-3.4724,-3.2428,-5.1811,0.7039,5.4923,4.3656,-1.4927,-1.7235
-3.2250,6.4045,2.8276,1.8973,-3.0482,-2.9948,-5.8490,3.1556,0.5028,3.9939,-1.1839,-1.9502
-1.8148,6.5888,2.3080,0.6568,-2.0456,-2.2164,-6.3351,3.1220,1.5802,2.6542,-0.5913,-2.2459
-1.4413,6.6391,2.6959,-0.1371,-1.5434,-1.9909,-6.0142,3.4477,1.2115,1.6730,-0.1725,-1.9894
-2.0135,6.6295,3.9241,-0.6117,-1.3659,-1.7195,-5.7988,3.0263,1.6664,1.0164,-0.5036,-2.4746
-1.7837,6.2441,4.1875,-1.1406,-1.4743,-1.3342,-6.5003,1.9345,3.0119,0.2439,-0.7155,-2.8894
-2.0877,5.9879,4.8842,-1.4418,-1.1559,-0.9882,-8.1547,0.9840,2.6911,-0.0009,-0.3192,-2.5923
-2.1620,5.8035,5.1667,-1.5816,-1.2402,-0.5175,-9.3733,-0.0383,3.0047,-0.2354,-0.6639,-1.8239
-3.3519,5.6096,6.1435,-1.5511,-0.8274,-0.0917,-8.2432,-0.0742,1.6089,-0.7309,-1.0280,-1.4297
-2.4708,4.7501,5.0757,-1.8004,-0.3861,0.7817,-7.4029,-0.8547,2.2362,-1.7151,-1.0008,-0.9808
-2.2218,4.2425,5.5569,-2.1420,0.2477,1.4037,-7.8889,-1.7047,2.0351,-2.5037,-0.5617,-0.9671
-3.5338,3.9289,5.4803,-2.3934,0.5512,2.1298,-8.8226,-2.7318,0.2251,-3.2702,-0.7454,-0.2012
-2.9185,2.3870,4.7046,-3.3255,0.5548,3.0518,-6.4955,-3.5075,-0.2945,-4.3657,-2.1793,0.3139
-2.4062,0.6105,5.9113,-3.8874,0.8897,3.8004,-5.7700,-5.6886,0.1341,-4.3657,-1.5248,0.5409
-2.5067,-1.2115,7.3071,-3.9727,0.6424,4.0765,-5.6120,-8.5186,2.7821,-4.3657,-2.6450,0.6009
-2.0111,-3.1460,9.2680,-3.8257,0.3990,4.3656,-5.2481,-10.8266,5.5306,-4.3657,-2.5735,1.2093
0.0072,-4.7477,10.8362,-2.6450,0.7778,4.1847,-5.2816,-11.6430,6.9935,-4.3657,-1.5199,1.5993
-0.3112,-5.7844,11.3246,-1.6419,1.1275,3.3759,-4.5155,-11.7819,6.5194,-3.4707,-1.1767,1.7236
-0.4070,-5.4899,11.6382,-0.6952,0.9694,2.5361,-5.6240,-11.6717,7.1730,-2.4235,-0.5132,1.6657
-0.4669,-5.5115,13.0245,0.4509,0.7681,1.9831,-7.6207,-12.5145,9.4260,-0.6175,-0.2233,2.8807
0.5459,-4.2018,14.0348,1.9666,0.4165,0.9904,-6.0142,-11.0660,8.7245,1.2624,-0.3171,3.3638
-0.3352,-2.6504,11.9830,3.5357,0.5131,0.3071,-6.1627,-8.3390,5.6336,2.2511,0.6089,2.7791
-0.7254,-1.2258,9.4451,3.9458,0.1282,0.2863,-7.2137,-6.9528,5.7437,2.7520,0.1495,2.9872
0.2945,0.4573,9.1363,4.1647,-0.3608,-0.2963,-6.3566,-5.1404,6.0071,3.3416,-0.2471,3.3993
0.0120,1.6257,7.8793,4.3656,-0.1965,-0.6071,-4.0007,-2.3391,4.9297,3.7081,0.0608,2.6059
1.0630,2.3918,5.8490,3.8443,-1.3495,-0.7766,-4.1994,-1.1636,4.6400,4.2086,-0.1104,1.8527
0.6464,3.1915,7.0174,3.4086,-1.9995,-1.8539,-3.9696,0.3974,5.5162,4.3656,-1.0128,0.5409
-0.0024,4.2976,5.0901,3.1325,-2.3914,-2.2431,-4.8818,1.3623,3.1915,4.3656,-0.8653,-0.3211
0.3711,4.3024,4.2760,1.9725,-2.8974,-2.7988,-4.0199,2.1141,3.7996,4.3656,-1.2732,-1.3624
-1.6568,5.2529,3.8164,1.4372,-3.1332,-3.3501,-5.1691,3.0358,0.4549,4.0348,-1.1125,-2.5767
-3.2753,6.3039,0.2442,0.3685,-2.5644,-2.8424,-4.7836,3.9385,-1.3001,2.7542,-1.3620,-3.2007
-4.2138,6.2417,1.4964,-1.1811,-1.6126,-1.9404,-6.5817,3.0909,-2.6193,0.9358,0.2649,-3.5531
-4.2066,5.6647,1.6783,-2.1641,-1.8319,-1.3972,-6.8929,2.2242,-3.1915,-0.2550,-1.0924,-3.7546
-4.9201,5.0949,3.1915,-3.1281,-1.9847,-0.3493,-9.3996,-0.5818,-0.8284,-1.5340,-1.9454,-3.0935
-4.0630,4.3167,5.3271,-3.3432,-1.7112,0.6631,-8.4372,-1.6041,-0.6967,-2.3128,-2.1173,-2.3810
-3.9385,3.1149,5.6623,-3.2648,-1.0207,1.7670,-8.8011,-3.6727,0.5076,-3.2210,-2.4765,-1.6268
-3.0670,1.2163,6.6272,-3.4729,-0.6363,2.7699,-7.4316,-5.6072,1.7502,-4.0460,-2.5346,-0.7588
-2.8419,-0.2586,8.2839,-3.3346,-0.3010,3.2319,-7.2568,-7.4244,2.3559,-4.3232,-2.5098,-0.0942
-2.5307,-1.2282,8.7771,-2.7665,-0.0117,3.7887,-6.9312,-8.7173,3.5291,-4.3657,-2.5531,0.5196
-2.2194,-2.5139,8.5353,-2.4377,0.4771,4.1604,-6.8953,-10.0748,3.3160,-4.3657,-2.2484,1.6212
-1.9465,-4.0606,8.9184,-2.2199,0.8504,4.3656,-5.9831,-10.9822,2.8778,-4.3657,-2.0590,2.4439
-1.6017,-4.6471,10.0652,-1.8441,1.3936,4.3030,-4.7501,-11.5185,5.3678,-4.3657,-1.6824,2.7186
-1.9154,-4.8291,11.3413,-0.9818,1.5211,3.8657,-7.0390,-11.8896,7.4460,-3.3810,-0.4534,2.7677
-0.6416,-4.5226,11.4251,0.0913,1.4306,3.4330,-9.5864,-12.1266,8.6981,-2.0792,-0.0719,4.1835
-0.9146,-3.6176,12.4618,1.3291,1.5908,2.4335,-4.8794,-9.0309,6.6056,-0.6294,-0.1163,4.3344
-0.7901,-2.7270,11.6789,2.3705,0.9593,1.6369,-6.8354,-7.8290,6.4476,0.6611,0.7135,3.5940
-0.4884,-1.2977,10.4627,2.9777,0.1560,0.9554,-8.1642,-6.4380,4.8746,1.4382,-0.0211,3.7060
0.5267,-0.5100,9.8234,3.2887,-0.7073,0.1119,-3.4237,-4.0438,6.6511,2.4824,-1.9349,3.0900
0.1556,0.3591,8.7149,3.6591,-0.9010,-0.5411,-5.3870,-3.6057,6.7205,3.5226,-0.3477,1.4560
0.9553,1.4605,9.3470,3.5364,-1.4157,-1.1774,-7.0629,-3.0335,6.2034,4.3656,0.3164,1.6694
-0.1437,2.6815,7.6184,3.6154,-2.6227,-1.6816,-6.1292,-1.5179,6.0837,4.3656,-2.6561,1.2417
-0.0287,3.2441,6.8259,3.3974,-2.7572,-2.0458,-3.5530,0.1604,5.6144,4.3656,-2.4974,0.0710
0.5171,3.8882,5.3343,2.6516,-3.0225,-2.3956,-4.5873,2.1428,1.7549,4.3656,-0.9457,-0.8916
-0.3663,5.3391,3.8475,2.1402,-2.4684,-3.1291,-4.0055,3.4740,3.5889,3.8509,-2.4816,-1.9661
-0.3352,5.9065,4.0773,1.2410,-2.5674,-2.8189,-4.2569,3.5338,3.6440,3.5719,-0.8352,-2.6044
-0.4932,5.9520,2.3248,0.4045,-2.9645,-2.7013,-4.0917,4.3455,0.5698,2.9031,-1.7063,-3.2399
-1.4796,5.6096,3.5147,-0.9463,-2.3363,-2.4872,-2.3942,3.3423,0.3472,1.3270,-1.8508,-4.3657
-2.2027,5.5689,2.6456,-1.9690,-2.7989,-2.1502,-7.5130,0.4334,1.8627,0.4193,-0.2938,-4.3657
-2.0327,5.3319,5.2241,-2.9910,-2.5607,-1.6674,-8.3677,-0.3855,2.1955,0.1159,-2.0522,-4.1082
-2.6384,4.7262,6.7181,-2.5995,-2.0227,-1.1397,-7.1060,-1.4724,2.0016,-0.7067,-2.1935,-3.9221
-1.9680,3.5482,6.1986,-2.8943,-1.7321,-0.4013,-6.6750,-2.9377,3.2537,-1.3530,-1.5564,-3.7826
-1.1995,2.8826,6.7684,-2.9818,-1.5032,0.3074,-10.2831,-5.1811,5.1380,-1.6920,-1.3555,-2.4309
-1.9465,2.3750,8.3103,-2.4984,-0.9272,1.0583,-8.7029,-5.2050,2.5594,-2.1918,-2.2484,-0.5504
-1.7885,1.3886,5.7293,-2.4612,0.1845,2.2740,-6.3015,-5.4109,0.0527,-3.4884,-2.2224,0.5929
-2.1428,-0.3783,5.7269,-3.1664,1.2011,3.5297,-6.0669,-7.9033,1.4126,-4.3657,-1.5359,1.2055
-2.9760,-2.2098,8.8155,-3.3549,1.9554,4.3641,-6.3422,-10.4627,3.5003,-4.3657,-1.3071,1.9522
-2.9233,-4.2138,10.2615,-2.6866,2.2783,4.3656,-6.8570,-12.0883,4.9488,-4.3657,-1.0163,2.6107
-1.6424,-5.1212,10.6518,-2.1280,2.0791,4.3656,-6.0717,-11.9399,5.2505,-4.3657,-0.8470,3.1000
-1.6664,-5.0589,11.3916,-1.0729,2.0619,3.7453,-5.9041,-11.1067,7.2999,-3.5208,-0.0727,2.9769
-1.7909,-4.3790,11.0660,0.0562,1.3518,2.5704,-6.2082,-9.4906,5.9328,-1.7168,0.1168,2.9908
-1.4988,-3.8930,10.2113,0.8648,0.5852,1.7910,-6.9216,-9.6367,6.6918,-0.3441,-0.2190,3.0188
-1.5012,-3.0263,12.0716,2.4732,0.4104,0.8801,-8.1547,-9.1961,6.4859,1.7015,0.6340,3.1982
-2.7701,-1.9656,9.5361,3.4889,-0.0743,0.3122,-9.7588,-8.1666,3.5554,2.2348,0.5829,3.4436
-2.8946,-0.8284,9.7659,3.9660,-0.3978,0.5393,-9.5840,-6.7900,2.8419,2.5059,-0.8017,4.0125
-0.1748,1.1444,8.5305,4.3656,0.0473,0.3651,-5.6168,-3.8140,6.2991,3.5294,-0.1717,4.2582
0.2897,3.1939,8.4372,3.9061,-1.9420,-0.9013,-4.6687,1.4844,3.3160,4.1022,-1.5219,1.9741
-0.5459,3.9816,4.5203,3.8347,-3.8140,-1.5587,-2.8874,3.3375,3.2370,4.3656,-4.1350,0.6266
-0.6656,4.9488,4.3191,2.9829,-4.3657,-2.1635,-2.8252,4.9895,1.6233,4.3656,-4.3472,-1.3002
-1.7454,5.5162,-0.5171,1.8317,-4.3657,-2.3060,-1.3982,5.7413,2.0327,4.2173,-3.8281,-2.6906
-0.8930,7.2089,0.7542,-0.5961,-4.3657,-2.5026,-5.8371,5.0015,0.6416,3.0315,-2.4745,-3.2855
-3.1987,7.4029,3.3615,-0.8857,-2.2483,-2.0210,-4.7884,6.1292,-2.4876,1.3707,-1.4270,-3.5328
-2.9066,6.4141,1.8052,-1.8630,-1.3759,-1.2770,-3.6847,4.2234,-2.5881,-0.5011,-1.5620,-4.3657
-1.8627,5.7844,2.4684,-3.3341,-2.1891,-0.7133,-4.2186,1.2354,-0.5052,-2.0079,-2.2801,-4.3657
-2.3296,5.1643,4.5753,-4.0300,-1.2967,0.2525,-7.4603,-2.2266,2.1548,-3.1115,-2.0470,-4.3657
-2.0925,3.9672,5.8802,-4.1905,-1.4894,1.2005,-9.6917,-4.3287,3.4812,-3.6086,-2.2744,-3.0461
-3.2034,3.2370,7.7405,-3.8798,-0.9967,2.2054,-10.5441,-6.2465,3.9097,-3.9687,-3.2017,-0.9794
-2.3870,1.5443,8.9256,-2.7660,0.3722,3.5521,-10.0341,-7.7452,4.7908,-4.3657,-1.9373,1.1995
-1.9058,-0.4262,8.9208,-2.2803,1.3971,4.0564,-7.5369,-8.3749,4.0055,-4.3657,-1.6978,2.7102
-1.4748,-2.3774,9.0285,-1.8864,1.4811,4.2008,-8.2863,-10.0700,5.6168,-4.3657,-1.1916,3.5077
-1.3312,-3.4907,8.4851,-1.8650,1.1000,4.1564,-4.6112,-9.6199,3.2513,-4.3657,-1.7870,4.3656
-2.5666,-3.5506,11.7507,-1.3508,1.4901,3.9390,-5.5378,-10.4794,8.2097,-3.9767,-0.6185,3.6864
-0.4262,-3.6799,13.4291,0.3548,2.0260,3.9568,-9.1554,-10.4124,10.1347,-2.3591,1.0303,4.0059
1.9848,-2.6169,11.6550,1.5664,1.8357,2.4055,-8.8969,-9.2847,9.1746,-0.9409,0.7390,4.3656
-0.9984,-1.5131,12.8233,2.7167,1.6018,1.3905,-2.5690,-5.5210,7.2784,0.7580,-0.6971,3.9066
0.6129,-0.6153,10.8793,3.6684,0.8555,1.0496,-9.0716,-6.5697,9.2440,2.3979,1.3448,3.9444
-0.1963,0.4812,10.3549,4.3260,0.0858,0.1124,-4.4628,-3.5219,5.8299,3.7606,-0.8994,3.6022
-0.4788,1.9249,8.2744,4.3656,-0.4710,0.0738,-8.3270,-2.9688,5.3702,4.3656,-1.0888,2.7684
0.9505,3.2106,8.2696,4.3656,-1.8822,-0.1144,-6.8402,0.8308,1.7980,4.3656,-0.6646,2.5967
0.1101,4.0677,5.5833,4.2669,-3.1256,-0.6410,-2.6935,3.9840,2.1356,4.2774,-4.2120,1.5853
0.6632,5.3247,3.9863,2.9306,-3.6720,-1.3668,-0.9505,5.1787,3.1220,4.2481,-3.1532,0.4410
1.1803,5.4420,2.2625,1.8219,-3.6070,-1.8604,-0.7230,6.4596,2.1739,3.0824,-3.3873,-2.1445
-0.6009,6.4667,0.7949,0.6013,-3.8008,-2.3667,-1.8364,6.3279,1.3527,2.7181,-3.1617,-3.1666
-1.5395,6.6224,1.5634,-2.0374,-2.5126,-2.3065,-1.7526,4.4580,-0.5914,0.1230,-1.7856,-4.3657
-2.6384,6.3087,1.0415,-3.1974,-2.8947,-1.6963,-4.7190,1.5227,0.7877,-1.0488,-1.8475,-4.3657
-2.8060,5.5210,3.8618,-4.3377,-2.1670,-0.7055,-7.3382,-1.0798,0.8930,-2.4143,-2.3931,-4.3657
-2.5474,4.8267,7.2856,-4.1488,-1.4181,0.3497,-9.5241,-3.4979,1.8244,-3.2960,-1.3763,-4.3657
-3.5267,3.6081,6.7732,-3.9907,-1.5259,1.3658,-11.2408,-5.7892,2.9018,-3.7716,-2.7050,-2.5696
-3.2202,2.0446,8.6191,-3.5336,-0.4511,2.7230,-10.2759,-7.6830,3.6200,-4.3657,-3.2442,0.3548
-2.5283,0.0766,9.6223,-2.6116,0.7185,3.8217,-7.6351,-9.1028,4.7477,-4.3657,-2.2243,1.7205
-1.2210,-1.9609,9.6295,-2.1893,1.1863,4.3656,-5.0422,-9.6223,5.1475,-4.3657,-2.1216,2.5732
0.2490,-3.3375,9.4403,-1.6922,1.3725,4.0250,-2.8563,-9.3182,5.8538,-4.1832,-1.7676,2.5770
-0.8045,-2.9904,9.6223,-1.4229,1.0102,3.5220,-4.0055,-9.1267,5.3127,-3.5101,-1.5234,2.2697
-1.5778,-2.7725,8.9711,-0.9575,1.0015,3.6048,-5.4684,-9.2320,5.3726,-3.0735,-1.4630,2.3505
0.6297,-3.2346,9.4116,-0.7881,1.0672,3.3124,-5.0087,-9.6726,8.6024,-2.2902,-0.6859,2.7114
0.9194,-2.5139,12.9095,0.4050,1.2846,2.2849,-7.1898,-10.0604,9.6271,-0.3749,0.6554,4.0572
0.3496,-2.1428,11.1570,1.8543,1.1692,1.6547,-6.8331,-8.8633,6.7636,0.1398,0.3511,4.2542
1.1325,-1.8435,11.3294,2.4040,0.8823,0.9777,-4.4412,-8.1523,8.5808,1.1518,-0.3091,4.3656
0.9816,-1.1516,11.3677,3.5963,0.4057,0.1696,-8.6910,-8.0445,8.0661,2.6053,1.3919,4.3656
1.3288,-0.1604,9.9120,3.9063,-0.3953,-0.7755,-4.1108,-5.1954,4.3527,3.2105,-1.0436,4.3656
-0.3543,0.6943,8.0349,4.3429,-0.7649,-1.3560,3.6296,-0.3065,7.1826,4.2252,-3.5301,1.7096
2.3894,2.6360,6.3734,3.4127,-1.6137,-1.6053,-4.5562,-0.3184,4.9632,4.3656,-0.2172,0.3633
0.6440,3.5482,6.2920,3.2267,-1.4894,-1.9195,-3.6655,2.1500,4.3646,3.9037,-1.2496,-0.8436
0.4549,4.4652,4.6831,2.5118,-1.8539,-2.2904,-4.5538,0.9146,7.8721,4.3656,-1.9048,-1.2159
0.3735,4.5921,6.6152,2.1321,-2.3822,-2.6777,-4.2713,2.8036,2.9281,4.3656,-0.3769,-2.2469
-1.3695,5.1547,4.7238,1.8651,-2.7660,-3.1451,-5.0446,3.2561,3.0718,4.0240,-2.1855,-3.0301
-1.4246,6.1627,3.1196,1.2269,-3.3049,-2.8017,-7.5872,2.2936,4.2904,3.8360,-2.0452,-3.1926
-2.5115,5.9759,2.9377,0.0682,-1.9708,-2.1623,-5.3822,3.5027,-0.0072,2.1352,-1.2572,-3.2345
-3.4740,5.7317,4.3862,-0.8645,-1.5628,-1.6445,-7.9320,2.6671,-0.7590,0.5782,-1.1652,-2.3307
-3.5674,5.1954,3.5506,-1.7263,-1.2714,-0.6191,-3.7206,3.2034,-2.2505,-0.6222,-1.8345,-2.6288
-2.7821,4.8602,3.4285,-2.7857,-1.4845,-0.0480,-6.6918,0.3376,-0.3352,-2.1230,-1.6747,-3.8654
-4.6376,5.0494,5.4708,-3.2670,-0.5486,0.7612,-9.7947,-2.2170,0.1221,-3.0589,-1.1295,-3.2664
-4.5203,4.3551,5.4899,-3.4458,-0.1581,2.0744,-10.7667,-3.9648,0.4645,-4.3657,-2.0118,-2.0955
-3.9887,2.0638,6.4308,-3.8423,0.4137,3.1436,-9.8090,-6.5122,2.6001,-4.3657,-2.5242,-0.1611
-3.4764,0.3831,8.2672,-3.7903,0.7502,3.9763,-7.7381,-7.9200,1.6185,-4.3657,-2.4156,1.4007
-2.1380,-1.7478,8.3199,-3.4908,1.1528,4.3587,-6.4715,-9.7133,5.4731,-4.3657,-2.3138,2.0442
-2.2865,-3.1149,10.1897,-2.9798,1.0219,4.3656,-5.5258,-10.0892,4.7022,-4.3657,-1.6161,2.5226
-1.7334,-3.5913,10.4220,-2.2274,1.0740,4.0561,-5.1978,-10.0126,5.9568,-4.2445,-1.6169,2.4339
-1.6017,-3.9624,10.2232,-1.3889,1.0168,3.5109,-6.6511,-10.2448,6.3542,-3.2872,-0.9846,2.7781
-1.3168,-3.7350,10.9870,-0.5862,0.8367,3.0146,-9.0573,-10.9247,8.1810,-1.9712,-0.3285,3.9329
-1.3096,-3.4884,11.4395,0.5866,1.0186,2.3419,-5.0350,-8.4779,6.2177,-0.9308,-0.7774,3.4109
-1.1947,-2.6456,11.4108,1.5036,0.9920,1.8965,-9.6654,-8.7317,6.9240,0.0401,1.1702,3.3989
-0.8380,-2.2266,11.2336,2.3048,0.4640,1.5539,-9.9072,-7.8123,4.2569,0.4534,0.4375,3.9980
-0.4238,-1.0654,13.1753,3.1960,-0.0344,0.9497,-5.2960,-7.4986,10.1897,1.2854,-2.4673,4.3656
2.5977,-2.2051,13.1083,4.3656,-0.2602,0.2053,-3.1771,-6.5960,9.8617,4.3656,-1.3410,2.4359
2.0087,-0.5195,8.6838,4.3656,-2.0665,-1.2388,-4.9608,-2.8036,3.0263,4.3656,-0.6320,2.0869
0.4477,2.0063,6.5386,3.8124,-3.4527,-1.5460,-2.1332,0.4094,6.0669,4.1532,-4.3657,0.4868
1.3192,3.8618,5.5952,3.2239,-3.2879,-1.8580,-3.3184,0.2059,7.2137,4.3656,-2.8936,-0.5452
0.2298,4.8243,4.8770,3.2374,-1.9694,-2.5658,-4.4149,2.6073,2.4565,4.3656,0.5341,-0.8843
-1.7262,5.9807,2.1572,2.4917,-1.9510,-2.2123,-3.4357,3.5578,4.3072,3.9162,-2.2592,-1.4597
0.2322,6.1675,2.6839,1.3835,-1.7050,-2.2661,-3.0239,4.1444,2.8802,3.6280,-0.6503,-1.8944
-1.3144,6.4069,2.1141,0.7703,-1.3083,-2.3677,-3.2034,5.8849,-0.9290,2.8181,0.7087,-2.8272
-1.9920,6.5841,0.4860,-0.8740,-2.1488,-1.8207,-4.1635,5.6934,-2.3391,1.3310,-1.6831,-3.5284
-1.5682,5.8921,1.6065,-2.6095,-2.4032,-1.4842,-1.7454,4.4365,-1.9992,-0.6627,-2.5245,-4.3657
-2.8946,5.5067,2.8299,-3.3188,-1.4783,-1.2396,-5.6240,0.3615,0.3280,-2.0339,-0.8930,-4.3657
-3.5482,5.0206,4.2258,-3.9623,-1.3202,-0.3829,-9.8450,-1.6664,0.5028,-2.5339,-0.4895,-4.2761
-3.3255,3.7469,5.6647,-4.3006,-1.7573,0.3584,-11.0085,-3.2561,-0.9864,-3.5417,-3.5503,-1.9922
-4.6471,3.1484,8.2432,-3.6408,-0.6033,1.6036,-8.6622,-5.3702,5.5402,-4.3110,-3.1317,-0.5757
-3.1196,1.6041,7.5202,-3.0706,-0.0526,2.7131,-8.7077,-5.5162,3.4357,-4.0783,-1.3872,0.5729
-2.5881,0.0886,7.3215,-2.9873,0.4298,3.2283,-6.6870,-6.0789,1.5514,-4.3657,-2.2644,0.8216
-2.0183,-1.3791,5.9256,-3.3644,0.4226,3.6202,-6.4236,-8.1307,1.7861,-4.3657,-2.2636,1.8638
-3.0622,-3.4716,7.9080,-3.8650,0.4584,4.0398,-4.9584,-10.3022,2.8012,-4.3657,-1.8698,2.2854
-2.8012,-5.3965,10.4914,-3.2839,0.6334,4.3656,-7.1180,-12.7611,5.7700,-4.3657,-1.2837,2.1469
-1.6879,-6.3758,12.3996,-1.9444,1.1375,4.2533,-9.6103,-13.6661,10.2352,-3.8311,-0.4688,3.1614
-0.7422,-5.7676,13.0963,-0.1840,1.4595,3.1862,-6.6200,-11.3246,9.3302,-1.6028,0.1597,3.5096
-2.4325,-1.7095,9.5624,3.4595,0.2050,0.9505,-8.3989,-6.3494,3.0358,2.1623,-0.4626,2.9543
-2.2673,-0.4477,7.7812,3.4787,-0.1857,1.0575,-7.7835,-5.3870,3.4429,2.2298,-1.0115,3.7294
-0.7350,-0.0383,7.9296,3.4877,0.1007,0.9710,-4.9871,-3.3232,4.7262,2.1293,-0.7633,3.1240
-0.1389,1.3934,7.5465,3.3704,0.1909,0.2057,-7.1060,-3.7565,7.3454,3.0001,0.7417,3.3502
0.0527,2.8467,9.1267,3.6357,-0.4046,-0.4269,-3.6272,-1.2665,4.9057,3.9863,0.0137,3.5682
0.6393,2.6719,7.2999,4.1657,-1.4474,-0.7445,-5.6216,0.6440,3.4692,4.0264,-1.9589,1.6647
1.0606,3.0263,8.3917,3.3341,-1.8163,-1.9454,-3.7972,1.7286,5.7221,4.3632,-1.1570,0.2986
-0.3687,4.4915,6.0669,2.9123,-4.3657,-2.3234,-2.9113,4.0151,3.4333,4.3656,-3.7413,-1.4446
-0.6273,4.8842,4.3383,2.2838,-4.2137,-2.9070,-4.0414,3.7517,3.3902,4.2554,-4.3657,-3.0950
-2.4900,5.8155,1.9680,1.2700,-3.6284,-3.2904,-5.7317,3.8235,1.7358,3.8369,-1.6647,-3.3478
-1.7765,5.6695,2.3439,-0.3357,-3.9666,-2.6987,-2.4110,4.7692,-0.1484,2.7507,-3.2774,-4.3657
-2.4732,6.1507,2.8228,-1.1826,-3.1781,-2.5198,-5.0925,2.6432,1.0846,1.2708,-2.2477,-4.3657
-3.2370,5.6767,3.0454,-2.1959,-2.6762,-2.0630,-6.7876,1.5347,0.1197,0.3115,-1.0567,-4.3657
-3.9409,5.5593,3.9456,-2.9853,-2.5786,-1.2267,-6.5170,0.0838,-0.3184,-1.2159,-3.1549,-4.3657
-3.2681,4.9895,5.0613,-3.4384,-1.9480,-0.0421,-9.0668,-2.6647,1.8364,-2.6116,-2.0347,-3.9612
-3.5554,3.9840,5.8155,-3.5438,-0.9579,1.0962,-11.1306,-4.3024,2.5714,-3.1605,-1.3074,-1.6904
-4.7262,2.6240,7.8721,-3.2945,-0.1266,2.3425,-9.9742,-5.9233,1.3096,-4.1252,-2.5772,0.0683
-3.8307,0.7757,7.9392,-2.8867,0.8446,3.8472,-9.1267,-8.0062,2.8443,-4.3657,-1.9915,1.4682
-2.8922,-1.2426,8.2265,-2.7398,1.6445,4.3656,-7.9895,-9.4188,3.5889,-4.3657,-1.4482,2.8202
-2.5570,-2.8371,9.1770,-2.4816,1.8087,4.3656,-4.5131,-9.5792,5.0398,-4.3657,-1.6304,3.2507
-2.4373,-3.9935,9.4044,-2.1333,1.6153,4.3656,-4.1396,-9.4930,5.6623,-4.3657,-1.1876,2.9040
1.6831,-4.3766,9.8521,-1.7497,1.0460,3.6926,-6.0669,-9.8713,8.6407,-3.4550,-0.6448,2.7181
-1.0439,-3.3495,12.3277,-0.2073,1.5940,2.3654,-7.0150,-9.5241,8.9256,-1.7637,0.6584,2.8537
-0.2179,-2.7461,11.3988,1.0082,1.0532,1.4890,-8.1786,-8.8729,8.1068,-0.2899,0.5728,3.4315
-1.1588,-2.0734,10.9487,2.1120,1.3972,0.7354,-7.5920,-8.3869,7.4292,0.6999,0.6460,3.7514
-0.2322,-1.7669,11.4994,3.0287,1.2229,0.3868,-5.5857,-6.4859,6.1339,1.9024,1.0531,3.6520
-0.0862,0.8308,9.6965,3.7405,0.2513,-0.3543,-7.5657,-4.1180,6.1938,3.2981,0.1528,2.7864
-0.4310,2.6145,7.3574,4.0434,-0.8552,-1.2239,-6.0190,0.2586,4.1611,3.9043,-0.8402,0.6921
-2.4804,4.4652,5.1978,3.3204,-2.0462,-1.4402,-4.7812,1.8842,3.5769,4.2682,-1.8107,0.4116
-1.7645,5.3343,3.8044,2.9242,-1.5521,-1.4128,-6.3925,2.9042,1.8100,3.5529,-1.3686,-0.2473
-2.5187,5.4755,3.8475,2.2339,-0.9742,-1.6563,-4.4843,4.1252,1.3192,2.9933,-0.0738,-1.0162
-3.1220,6.2513,2.6719,1.4633,-1.6431,-1.6289,-6.3782,3.8307,2.0183,2.6265,-0.8186,-1.3570
-2.2242,6.1579,3.8523,0.7156,-1.6923,-1.4771,-7.2185,3.4620,1.7478,2.1625,-0.7622,-1.1475
-2.9113,6.2201,5.0685,0.9358,-2.0683,-1.6177,-7.5513,3.4836,1.8866,2.3687,-0.8179,-1.3017
-2.8683,6.7900,3.6943,0.6458,-2.5294,-1.4866,-6.9791,3.6176,3.4309,2.1404,-2.5748,-0.9289
-2.2027,6.8402,3.6200,0.5709,-1.3414,-1.1399,-6.4356,4.0055,2.1356,1.6493,-0.7901,-0.9141
-3.3974,6.1028,5.3295,-0.3945,-0.5999,-0.7185,-7.8961,2.8108,1.9704,0.4365,-0.3246,-1.2216
-3.9121,4.7860,2.3391,-3.2700,0.9879,2.5031,-6.3686,-0.7470,-0.8404,-4.3657,-0.6690,-1.4633
-3.2944,1.6568,3.8523,-4.3657,1.1531,3.2692,-6.9216,-4.3431,0.8619,-4.3657,-0.6863,-0.6941
-0.3376,-1.0726,6.0597,-4.3657,-0.1070,3.7317,-4.2186,-6.7660,3.0670,-4.3657,-3.0960,-0.4290
-0.1245,-1.9968,11.6885,-4.3657,-0.2525,3.5236,-6.5027,-9.9958,8.7771,-4.3657,-1.6859,-0.4634
-0.7015,-2.1715,14.7243,-2.9328,0.2590,2.8621,-9.0980,-10.7691,10.5656,-4.3231,-1.1301,0.4776
-0.7973,-2.2218,12.6342,-0.8740,0.3277,2.4343,-8.3438,-9.6438,9.2799,-2.4521,-2.2132,1.6387
-0.6201,-2.2601,9.7420,0.1207,0.7838,2.2459,-7.0820,-8.4180,7.0294,-1.3895,-0.6297,2.3728
-1.4078,-2.0207,9.4882,0.4631,1.2834,1.9104,-8.1427,-8.3965,5.8251,-0.8052,0.6368,3.5527
-2.0351,-1.9106,11.4467,1.1461,1.4522,1.8127,-7.8985,-7.8937,7.4148,-0.4018,0.3484,3.2632
-1.2426,-0.9553,11.2671,2.1416,1.2893,1.3896,-8.2049,-7.0581,7.7812,0.9176,1.1107,3.4969
-1.0391,-0.0287,10.5153,3.3490,0.7442,1.0881,-6.8881,-5.6790,6.8570,2.2860,0.4991,3.4403
1.6472,-0.0359,8.7628,3.7491,-0.1732,0.5293,-3.0502,-4.0127,7.5800,3.0170,-0.9013,3.4783
1.9561,0.4166,8.8849,3.7426,-0.5036,-0.9190,-3.7589,-2.7438,6.6846,4.0827,0.1352,1.6270
0.1604,1.6089,7.7045,3.6616,-1.7944,-1.9127,-2.8706,0.1006,3.3184,4.3656,-0.5005,0.2766
0.7111,2.5283,7.0749,2.7839,-3.3793,-2.6449,-2.7892,1.0104,4.9057,4.3656,-2.7940,-1.2192
-1.4198,3.5650,4.4101,2.5739,-4.0757,-2.9957,-3.8499,1.9345,1.9034,4.3656,-2.7247,-2.9316
-1.1468,4.6400,4.0462,0.8985,-4.1540,-3.1324,-5.7988,1.6544,3.2154,3.7806,-2.3423,-3.7298
-3.2777,5.5282,3.5171,0.2880,-3.7920,-3.0339,-7.0222,2.1332,0.9218,2.7362,-2.2616,-3.7337
-1.5419,5.4827,3.3208,-1.1840,-2.8809,-1.9776,-5.8227,1.7909,1.6352,1.0572,-2.1498,-3.6696
-3.0789,5.4205,5.2313,-1.2216,-1.7756,-1.5276,-7.5441,0.5124,1.0989,0.2434,-0.3688,-3.5894
-3.3662,5.1882,4.8171,-1.8628,-1.6561,-0.4996,-8.0421,-0.4693,1.1779,-0.9513,-1.8910,-3.1580
-2.1931,4.7812,6.0549,-2.3543,-1.2145,0.5279,-8.4036,-1.8196,2.6983,-2.1172,-2.0658,-2.2960
-2.5139,4.1827,6.4883,-2.3096,-0.2667,1.4444,-9.1506,-3.3232,2.3391,-3.0417,-1.0408,-1.2496
-3.0718,3.6224,5.6599,-2.5225,0.0642,2.7841,-9.5984,-4.7022,2.0231,-4.1013,-2.2380,0.0449
-2.8108,1.9178,6.6511,-2.8145,1.0335,3.9893,-7.9368,-6.5697,2.7318,-4.3657,-2.3784,1.9977
-1.9704,-0.5100,7.7883,-2.8781,1.6230,4.3656,-5.8897,-8.7077,5.4181,-4.3657,-1.6483,2.9348
0.0120,-2.6624,9.9790,-2.5756,1.4293,4.3656,-3.9504,-9.3398,7.3526,-4.3657,-1.6578,3.2173
2.0734,-3.6200,10.7907,-1.9512,1.2173,3.6850,-1.2617,-8.9495,9.9862,-3.6852,-1.2560,2.5967
3.3327,-3.6033,12.6581,-0.7954,0.6508,1.9203,-1.0319,-8.2313,12.3589,-1.4003,-0.0312,1.1640
4.0845,-3.1173,12.5672,0.6127,-0.1275,0.4113,-5.1380,-8.9591,13.5847,1.0567,0.5812,0.7128
2.5977,-2.2817,11.8034,1.9597,-0.4410,-1.3428,-3.2106,-7.3646,8.5066,2.9740,0.6119,0.6687
3.2489,-2.2984,11.9926,2.5369,-1.3478,-2.4508,-3.1627,-8.0709,10.9894,4.1006,0.0754,-0.2181
1.5275,-1.0918,10.8697,3.7617,-1.6722,-3.1524,-5.5569,-7.8506,8.4898,4.3656,0.9141,-0.2410
0.5626,0.0527,8.7628,4.1739,-1.8121,-3.3717,-6.3734,-6.4883,6.1603,4.3656,0.4557,0.0072
1.5395,1.1947,5.8131,3.8737,-1.8852,-3.2875,-5.1475,-4.1084,5.6767,4.3656,0.2982,0.3343
0.5866,2.7605,5.9209,2.8914,-1.8469,-3.3965,-1.8244,-0.6057,2.3200,4.3656,-0.1176,-0.6791
0.1556,2.9856,6.2345,2.8134,-1.5516,-4.0661,-5.0518,-0.6321,5.0542,4.3656,1.5921,-1.9975
-4.1252,4.2306,4.6017,3.1986,-2.8974,-4.2382,-5.9352,1.2426,-2.1955,4.3656,-0.1772,-2.4536
-4.6136,5.9927,0.4429,1.0312,-4.0336,-3.2245,-5.6288,4.3311,-5.1595,4.2361,-3.4931,-2.6802
-4.5538,7.6279,-0.9026,-1.2781,-3.5465,-1.5765,-4.2880,5.3343,-7.5609,0.1499,-3.0000,-4.3160
-5.2026,8.0110,0.0934,-3.0856,-1.4101,0.3553,-7.9751,1.0175,-4.5921,-3.3436,-1.7633,-4.3325
-3.9624,6.0932,2.3487,-4.2041,-0.4519,2.5019,-12.0357,-3.9073,-0.8260,-4.3657,-2.0464,-1.9494
-3.6919,3.1077,7.7524,-4.0165,0.5369,4.3656,-8.7891,-9.3613,5.2912,-4.3657,-4.2017,0.0783
-2.8252,0.9361,9.6750,-3.1477,1.0824,4.3656,-7.7716,-10.6374,7.1156,-4.3657,-2.9043,2.8222
-1.0487,-1.0894,9.7707,-2.2046,1.3683,4.3656,-4.6519,-10.5536,5.4181,-4.3657,-3.7025,3.9864
-0.7326,-3.4261,7.9080,-1.7789,2.1599,4.3656,-2.4349,-10.9080,4.7549,-4.3657,-2.8514,4.3656
0.4597,-5.1930,9.0333,-2.2075,2.4748,4.3656,-3.9744,-12.7874,8.2001,-4.3657,-1.2879,4.3656
0.2658,-5.3870,13.2591,-1.1538,2.7496,4.3656,-3.1747,-12.6055,10.0724,-3.9498,-0.3465,4.3656
1.4293,-5.6503,13.1681,0.3417,2.6267,4.2098,-5.2960,-11.7364,10.6518,-2.6657,0.7178,4.3656
2.5379,-4.6591,12.9000,1.4817,2.3756,2.3342,-2.4588,-9.1411,8.7077,-0.4687,0.9402,4.3656
1.0870,-2.9090,12.7204,2.5772,1.4825,1.0403,-9.2967,-10.3214,10.2903,1.1620,2.0474,4.3656
0.8499,-1.9178,13.4650,3.7463,-0.3766,0.0358,-3.5769,-6.4596,7.3478,3.2774,-0.9284,4.3656
0.7781,-0.6153,10.0509,4.3656,-1.0035,-0.4995,-4.7285,-4.5873,5.8562,4.3656,-2.9054,2.5301
2.5019,2.2625,6.2968,4.2253,-2.0126,-1.6629,-3.1843,0.1652,3.0454,4.3656,-0.9916,1.0387
3.3639,1.9106,7.0366,2.8998,-2.1037,-2.9597,-1.0750,0.4286,7.7021,4.3656,-1.8951,-1.1552
-0.1221,4.0606,5.3798,3.2267,-3.6397,-4.3657,-5.1954,2.2338,1.1756,4.3656,-0.3732,-2.4102
-1.9297,4.7549,3.5410,1.9442,-4.3657,-3.8829,-4.7238,3.8355,0.6440,4.3656,-4.3657,-3.0275
-2.9473,5.9448,2.5977,0.9493,-4.2419,-3.5249,-3.6129,4.8267,-0.5315,3.7851,-2.9280,-3.9387
-2.6863,6.4691,-0.7709,-0.8454,-3.7255,-2.1619,-1.8818,5.2098,-3.9145,1.7082,-2.4524,-4.3657
-2.5833,5.8586,-0.2059,-2.8791,-2.6670,-1.7411,-4.7357,0.9218,-1.1803,-1.6385,-2.8958,-4.3657
-3.7254,4.8985,3.1532,-4.3657,-1.4813,-0.8471,-7.2951,-2.1380,-0.7685,-3.1032,-0.6011,-4.3657
-4.5849,3.9624,5.3008,-4.3657,-1.6205,0.5171,-10.7595,-5.2505,1.1995,-3.6519,-2.2286,-3.4562
-3.4836,2.5642,7.7859,-4.3239,-1.1640,2.1144,-10.3621,-7.2449,3.1843,-4.3657,-3.7786,-1.1246
-2.8515,0.2993,8.5521,-3.4459,0.0557,3.2973,-8.4491,-8.6790,3.6775,-4.3657,-2.2314,0.7075
-2.8994,-1.2426,9.3829,-2.9659,0.7954,3.9492,-7.5537,-10.1490,5.1523,-4.3657,-2.0911,1.7293
-1.2378,-4.6040,8.4276,-1.8920,1.1991,4.3656,-4.2042,-10.3214,3.8379,-4.3593,-1.9260,2.7240
-1.0726,-5.0805,9.3709,-2.0867,0.9379,4.2289,-3.3351,-10.3813,4.4341,-3.9698,-1.5059,2.5165
-1.5179,-5.2433,10.1945,-1.2986,0.6519,3.9663,-6.0501,-10.8194,5.2265,-3.1391,-0.7505,2.2417
-0.7709,-4.9368,9.4499,-0.7172,0.4341,3.3097,-5.5138,-10.0916,5.2696,-2.1269,-1.5260,2.9457
-0.0862,-4.5897,10.9247,-0.0726,0.5359,2.8101,-4.7238,-9.7899,6.3470,-1.3049,-0.6664,3.1776
0.1484,-4.4293,10.6518,0.8648,0.8212,2.1663,-6.3183,-9.7612,6.8881,-0.7683,0.3824,2.9820
0.4501,-3.4429,11.4946,1.7804,1.2504,1.3564,-6.3446,-8.9064,7.7357,0.5761,0.6503,3.7174
-0.8595,-2.3511,10.1466,2.5540,0.7412,0.8572,-6.9959,-6.9432,4.6735,1.2406,0.5121,3.1622
-1.0487,-1.2713,10.4100,2.8093,0.3844,0.6841,-7.2257,-6.2106,6.1794,1.7107,0.0561,3.0206
-0.3424,-1.1947,9.9790,3.5750,0.3409,0.1947,-6.1292,-5.3774,5.6886,2.8157,0.1198,2.8372
1.0175,-0.6967,9.5481,3.5262,-0.5179,-0.5063,-4.6184,-4.1635,6.5457,3.6396,-0.4431,2.4733
1.0630,0.0455,9.7420,3.7317,-1.3375,-1.5208,-5.3917,-4.0486,8.1499,4.3656,-0.5069,1.8890
0.5459,1.3072,10.6350,3.9718,-2.7444,-2.7451,-7.3406,-3.2154,7.4891,4.3656,-1.8194,0.5588
0.0886,2.2577,7.6447,4.1909,-3.3480,-2.9636,-5.1834,1.2378,0.6871,4.3656,-2.7611,-0.2697
-0.4022,2.6121,4.6783,3.3452,-3.4875,-3.6188,-3.2370,2.0087,2.8946,4.3656,-3.2439,-1.8362
-2.0806,3.8235,4.5107,2.3315,-4.1720,-4.0360,-5.0805,2.3679,2.0925,4.3656,-2.3220,-3.0297
-3.9337,5.0494,1.8364,1.3502,-3.6030,-3.6481,-4.7740,4.0869,-1.9082,3.9026,-2.7438,-4.1631
-4.3838,5.0111,-0.5028,-0.5115,-3.4879,-2.8321,-0.7685,4.7166,-6.3686,1.8081,-2.3718,-4.3657
-4.7884,5.1523,-0.8595,-3.0843,-3.2714,-2.5158,-5.2768,0.3615,-3.8355,-0.9899,-2.2380,-4.3657
-6.2034,4.8602,3.9600,-4.3657,-2.5915,-1.0520,-10.8960,-3.7469,-2.2386,-2.3569,-1.8575,-4.3657
-6.9480,4.4508,7.0270,-3.9253,-1.8866,0.9434,-14.6238,-6.8809,1.6735,-3.3894,-2.9912,-2.9708
-5.2026,2.5714,8.3653,-3.1982,-0.9016,2.9449,-11.1402,-7.3287,1.9273,-3.9006,-3.5619,0.3234
-3.7517,0.8667,8.6072,-2.3771,0.1852,4.0216,-9.0214,-8.3127,3.6536,-4.2774,-2.5710,1.8706
-3.6009,-0.4118,8.6622,-1.8151,0.8456,4.3656,-7.2113,-8.5018,3.0598,-4.3657,-2.2877,2.8679
-3.2848,-2.0614,7.9057,-1.6196,1.2548,4.3656,-6.4332,-9.0836,2.9018,-4.3657,-2.4176,3.7422
-1.0870,-3.6871,7.0605,-2.0860,1.0772,4.3656,-4.0917,-9.3446,3.0622,-4.3657,-2.3209,4.3656
-1.4557,-4.0917,9.5481,-1.8634,1.3058,4.3656,-3.0789,-9.3302,4.9297,-4.3657,-1.6216,3.5749
-1.2210,-4.1611,11.1905,-1.0431,1.1485,4.3440,-8.0373,-10.6518,8.4108,-3.2859,-0.2270,3.8159
0.7254,-3.6416,11.5377,0.1038,1.1415,3.4621,-4.5155,-8.7676,7.8793,-1.7797,-0.9085,4.1612
1.0487,-3.2034,10.9583,1.2376,1.1526,2.1570,-4.5346,-8.0493,8.1977,-0.3765,0.2161,3.5334
0.6249,-2.2721,12.0979,1.9978,0.6047,1.4618,-6.9623,-7.0390,7.7812,0.7528,1.0500,2.8277
0.2274,-1.3719,10.7045,2.8253,-0.4347,0.8287,-7.3119,-5.8442,6.3111,1.7321,-0.7929,2.8452
0.6752,0.2538,9.2560,3.0899,-0.7095,0.5111,-6.7086,-4.7549,7.1706,2.2683,-1.7750,3.4872
0.7757,1.1708,9.7444,3.4151,-0.2657,0.3689,-5.2170,-3.2226,7.0797,2.8952,-0.4722,3.2389
2.9784,2.1452,8.7125,3.5918,-0.4354,-0.2266,-5.4947,-1.3719,6.9073,3.0698,-0.0313,2.9639
2.6360,2.5307,7.4675,3.1920,-0.4210,-1.0463,-1.4509,1.3479,5.3678,2.8549,-1.1981,1.5170
2.2673,3.0478,8.8538,2.3975,-2.3614,-1.9778,-3.9121,0.1556,9.7971,4.3050,-0.9678,-0.3507
2.6959,3.3878,8.9615,2.1974,-4.3657,-3.0506,-4.0797,2.2410,4.8004,4.3656,-2.8121,-1.3575
-1.8914,6.2944,1.4892,0.0096,-4.0179,-3.6575,-5.1547,3.3782,2.6384,3.2744,-2.3818,-4.3657
-2.6456,5.7628,2.7174,-2.1173,-1.8165,-1.7933,-5.8778,2.3248,-1.2402,-0.2850,-0.4501,-4.3657
-1.6233,4.6878,4.1252,-3.1277,-1.7694,-0.8476,-5.6671,-0.1413,-0.3089,-2.3495,-2.5269,-4.2453
-2.4421,3.9552,6.1052,-3.2630,-1.5511,-0.2358,-5.4300,-3.1699,3.1005,-3.3951,-2.5674,-4.3657
-3.0837,3.9073,6.3805,-3.3292,-1.4417,0.7420,-11.3677,-5.5905,5.5929,-3.2856,-1.1138,-2.7236
-3.3184,3.1915,7.5657,-2.7320,-0.1447,1.9103,-10.8553,-5.8754,3.4596,-3.4254,-1.9807,-0.2551
-3.7757,2.0758,7.3885,-2.4367,0.8701,3.2217,-9.0549,-6.8283,2.8898,-4.1843,-1.8350,1.4505
-3.3016,0.2083,7.9799,-2.3762,1.6293,4.2895,-7.4316,-7.7883,3.0263,-4.3657,-1.2586,2.6709
-1.8579,-1.9824,7.6854,-2.4207,1.5936,4.3656,-5.6216,-8.9830,3.2753,-4.3657,-1.8852,3.4415
-1.4724,-3.3351,8.6143,-2.4377,1.6056,4.3656,-3.8882,-9.4523,4.7788,-4.3657,-1.5865,3.6179
-0.8667,-4.0103,10.3597,-2.0824,1.4797,4.3656,-3.8523,-9.4116,7.1204,-4.0173,-0.9180,3.0555
0.1748,-4.2713,10.6231,-1.3195,0.9463,3.6399,-5.5833,-9.3972,8.2672,-2.6041,-0.3908,2.7772
0.6153,-3.6919,10.5536,-0.2562,0.7304,2.0522,-6.2153,-9.1147,8.7484,-1.1614,0.0440,2.6935
-1.1325,-3.0119,12.0404,1.1802,0.7044,1.1923,-5.6240,-8.1427,6.3255,0.7553,0.4549,2.8232
0.3615,-2.8754,11.0014,2.3661,0.5280,0.3954,-6.6008,-7.5992,6.2489,1.6330,0.6852,2.1063
-0.3543,-1.8004,10.5560,3.2399,0.1977,-0.5299,-6.2273,-6.8115,5.8107,2.6765,0.0228,2.6164
0.8164,-0.3615,9.5241,3.4833,-0.4383,-0.3693,-5.5785,-4.8578,5.9448,2.9308,-0.9357,2.3406
1.2330,0.7877,10.0078,3.4748,-0.3220,-0.5816,-5.0446,-3.8499,7.8266,2.9764,-0.7306,1.6486
1.1995,1.9010,8.3294,3.7165,0.2054,-0.7346,-4.3024,-2.4397,6.8331,3.6055,0.5100,1.6272
1.1851,3.1651,6.6080,2.3209,-2.6581,-1.6641,-4.2832,0.5411,6.0693,4.3656,-0.8807,-0.6241
-0.2203,4.5993,5.5689,2.1181,-3.7391,-2.4598,-3.9409,1.8531,3.6344,4.3656,-2.1388,-2.1854
0.2298,5.0637,5.6312,1.3518,-3.4668,-3.4085,-5.7150,2.2146,3.3567,4.3656,-1.6142,-2.3595
-2.3272,5.8538,4.1515,1.5447,-3.2193,-3.5486,-6.1818,2.2721,3.5554,4.3455,-1.8179,-3.0363
-2.6217,6.3111,2.4636,0.3768,-2.3445,-2.5570,-5.5162,3.8547,-0.4932,2.7348,-1.1299,-2.8336
-1.2019,5.9352,3.4165,-0.7087,-2.0352,-2.2906,-4.8722,3.3950,0.3759,1.4957,-0.4631,-3.7176
-2.9832,4.9344,4.4197,-3.0319,-1.4761,-0.6199,-8.6024,-1.9225,0.8978,-2.0684,-1.4131,-4.1655
-4.4939,4.4460,6.1363,-3.1445,-1.1505,0.6977,-10.4028,-3.8355,0.6728,-2.5483,-2.1013,-2.5622
-2.9544,2.9209,6.3734,-3.2399,-0.7758,1.8401,-8.3342,-5.1020,1.3575,-3.5735,-3.0522,-1.1306
-3.1795,1.7238,7.3382,-3.0106,-0.0442,2.6240,-6.9288,-6.6535,3.0933,-4.2152,-2.3465,-0.2958
-2.6049,0.3855,7.5010,-3.0306,-0.0472,3.3036,-7.6088,-7.9751,4.2521,-3.9443,-2.5916,1.0608
-1.9369,-0.6560,8.7915,-2.5715,0.3071,3.9087,-6.1675,-8.7604,4.0175,-4.0224,-2.8582,2.1252
-2.3008,-1.7693,8.6311,-2.0941,0.7683,4.3656,-6.0813,-9.4763,3.9648,-4.0921,-2.1285,2.7859
-1.1636,-3.3423,8.6646,-1.7313,1.1707,4.3656,-5.3893,-9.9431,5.2265,-4.1069,-1.8405,3.3056
-0.5435,-4.1396,10.1562,-1.3883,1.4358,4.1094,-6.9504,-11.6933,7.7285,-3.3815,-0.5582,4.3656
-1.6185,-4.2306,11.8369,-0.3210,1.6449,3.4801,-5.8203,-11.0205,6.2632,-2.6382,-0.0999,4.3656
-1.6281,-4.0917,12.0261,0.7236,2.0279,3.3397,-5.8371,-9.9240,6.9767,-1.6357,-0.0580,4.3656
-0.4980,-3.0813,11.6478,1.7970,1.8310,2.8826,-7.8745,-8.5593,6.2560,-0.5961,1.1024,4.0468
0.4597,-2.1332,12.9383,2.7900,1.3725,2.1847,-10.6805,-9.9383,7.9703,0.0260,0.6336,4.3656
0.0120,-2.3391,12.4020,4.3656,1.4894,1.2978,-1.7645,-6.4524,9.2440,2.4131,-1.5659,4.2518
1.3479,-0.8499,8.9543,4.3656,0.3600,0.2385,-5.0422,-5.4300,6.8977,4.1985,0.9791,3.5329
-0.6273,1.2258,8.5856,4.3656,-0.6221,-0.7135,-3.7110,-1.0942,2.2146,4.3656,0.4815,1.8504
0.1413,3.0526,7.9847,3.2800,-2.9032,-1.1127,-5.5043,0.6847,3.2370,4.3656,-2.6077,1.0792
0.0790,3.9097,7.2927,3.3814,-4.3657,-1.9125,-3.6081,1.6281,6.6631,4.3656,-4.3657,-0.5789
-0.2059,4.9560,4.0510,3.2158,-4.1615,-2.3549,-4.8315,2.5211,3.7086,4.3656,-3.5033,-0.8637
-0.9649,5.0613,1.5778,2.4189,-3.5526,-2.4997,-3.4524,4.2856,0.6608,4.3656,-1.7156,-1.8194
-2.0925,5.7892,1.6951,0.6567,-4.0668,-2.3702,-1.9561,5.4899,1.0630,3.5924,-2.9302,-3.1742
-1.8316,6.6894,0.1987,-0.7398,-3.8409,-2.4862,-2.9257,5.8586,-2.6839,2.1934,-2.8218,-4.2669
-1.5012,6.2153,1.8794,-2.2627,-2.5401,-2.5844,-3.7852,4.0414,-1.3958,-0.1753,-1.7846,-4.3657
-3.6799,5.0566,4.0582,-3.9666,-2.2473,-0.2967,-8.9256,-2.5091,1.4030,-3.0470,-2.5142,-4.3657
-3.6727,3.9073,6.6583,-4.1106,-1.4482,1.1231,-8.4060,-4.8171,1.6520,-4.2519,-2.7993,-3.2925
-3.2202,2.0375,7.5657,-3.5987,-0.5865,2.3407,-11.0732,-7.9655,5.4492,-4.3657,-1.8471,-1.3065
-2.3032,0.4621,9.2536,-3.0734,-0.1061,3.0700,-8.2265,-8.5377,5.6862,-4.2848,-2.8044,1.0383
-2.6600,-1.0415,9.4571,-2.1915,0.7204,3.6308,-5.6407,-8.7364,4.5442,-4.0755,-2.0471,1.5372
-2.7605,-2.7509,8.4755,-1.9533,0.9862,4.0833,-6.0190,-9.3805,2.3679,-4.0167,-1.6097,2.0178
-1.2785,-3.7397,7.6614,-2.1348,0.5853,4.1604,-4.5370,-9.4834,2.2793,-3.8810,-2.2455,2.4910
-2.0973,-4.0654,8.7700,-1.9337,0.6964,4.2197,-5.7868,-10.1730,3.4860,-3.7138,-1.6184,2.9728
-1.4222,-4.5610,9.6750,-1.6752,0.3704,4.0123,-3.6751,-10.0509,5.1499,-3.4408,-2.2524,2.8495
0.8715,-4.5681,11.2575,-0.9196,0.2967,3.5450,-5.5809,-11.2120,10.2831,-1.9378,-0.9439,2.9652
1.9249,-3.8307,12.3756,0.9502,0.9891,2.3603,-9.0621,-11.6143,11.7651,-0.3034,1.0019,3.7402
0.8140,-2.8563,13.0652,2.2763,0.9800,1.2237,-4.4365,-9.5146,7.4220,1.5839,0.0662,4.3656
1.1085,-2.5259,11.1211,3.4516,0.4572,0.9462,-5.3846,-7.6926,7.6734,2.1863,-0.0882,3.4508
2.1141,-1.4006,9.6343,3.8504,0.0667,0.2072,-3.2657,-5.1571,6.1148,3.2464,0.2344,2.9232
3.3447,-0.0958,8.7771,3.7924,0.0184,-0.6003,-4.7453,-4.5514,8.0685,3.7493,0.0187,2.8417
1.7214,1.1325,9.1866,3.7399,-0.2065,-1.4986,-3.0406,-2.4397,7.8769,4.0995,0.3297,1.6145
1.4078,2.2314,8.0613,3.4865,-1.6204,-1.9205,-4.6328,-0.0790,3.7541,4.3656,-0.2887,0.6073
1.1803,2.6169,6.8785,3.0327,-2.4273,-2.6726,-5.2720,0.1652,5.0087,4.3656,-1.9075,0.1436
-0.5986,3.3136,7.4579,2.8999,-3.1987,-3.4835,-4.6591,1.3695,3.5291,4.3656,-2.1719,-0.4231
-1.9776,3.7589,4.4388,2.3342,-3.3370,-3.2315,-3.2537,3.6105,0.8787,4.3656,-3.2408,-2.4329
1.1349,3.2872,4.8722,0.7003,-3.8550,-3.6913,-3.1867,3.1987,2.8084,3.8508,-2.3751,-3.3032
-1.5419,4.8746,4.2641,-0.0450,-4.3657,-3.8484,-4.7573,3.4381,1.8411,3.0994,-3.3825,-3.8312
-2.5307,5.8826,3.2465,-0.4716,-3.6191,-3.0097,-3.5602,3.6152,0.3759,1.7285,-3.4876,-4.3657
-3.1843,5.2672,2.7007,-1.8859,-2.1055,-2.1377,-5.1068,1.7717,-0.0359,0.0818,-0.8175,-4.3657
-3.4165,4.6256,4.6807,-2.9399,-2.0131,-1.2642,-5.5857,0.0000,-1.4006,-1.5733,-1.2561,-4.3657
-3.4117,4.3886,5.6527,-3.3685,-1.5159,-0.0616,-8.3701,-3.2394,0.4046,-3.0511,-2.7888,-4.3657
-2.8371,3.0358,5.7389,-3.5130,-0.9442,1.1834,-9.7947,-6.1723,4.1492,-3.9945,-1.6573,-2.9905
-3.3208,1.8411,8.0709,-3.2848,-0.4493,2.3078,-8.7963,-7.5537,2.2601,-4.3657,-2.2378,-1.2223
-3.2681,0.7614,9.4763,-2.4594,0.5417,3.4415,-9.5768,-9.7803,5.7748,-4.3657,-2.3879,0.3034
-2.4541,-1.2067,8.3342,-1.9837,1.1483,4.2364,-7.1730,-9.6295,3.8595,-4.1617,-1.8691,2.4993
-1.5874,-2.8563,8.4084,-1.8720,1.5402,4.3656,-4.6855,-9.8904,5.0039,-4.1132,-1.9273,3.2373
-0.7757,-4.0247,9.7731,-1.6442,1.3099,4.3373,-4.0965,-10.3573,5.6383,-3.3581,-1.2023,3.8858
-0.1149,-4.3766,10.6422,-0.8243,1.1983,3.9250,-5.4875,-10.7045,8.0613,-2.6405,-0.8239,3.7699
1.2665,-3.1220,12.4044,0.1555,1.1199,2.8302,-4.2904,-8.7652,8.4372,-1.2305,-0.3757,3.6058
-0.2634,-1.6041,11.9064,1.4777,1.2180,1.8643,-8.2169,-9.3877,9.9838,0.3491,1.0088,4.2722
0.6823,-1.3144,11.7244,2.7155,1.1594,1.3198,-6.1603,-7.2113,7.2042,1.4153,0.1996,4.3034
0.3903,-0.6560,10.7811,3.5870,1.0557,0.5156,-6.6248,-6.2010,6.7325,2.4421,0.4758,3.9023
-0.0862,0.4310,9.0477,4.1254,0.7004,0.0270,-7.9871,-6.0645,7.7883,3.1176,1.1946,4.3656
-0.9098,1.7095,8.5234,4.1195,0.5092,0.0723,-3.7062,-2.0877,3.5961,3.6585,-0.3099,3.8806
0.2921,3.4453,8.8346,4.0462,0.3055,0.0012,-6.4572,-0.6345,5.0949,3.4550,0.5353,3.2414
2.1069,3.4860,7.9727,4.3656,0.1636,-0.5276,-4.7884,1.6855,3.9480,3.5438,0.2757,2.5735
-0.8260,4.9536,4.9847,3.4615,-2.0022,-1.2425,-0.8332,5.2984,2.4062,3.6035,-2.7827,0.9434
-0.0575,5.6838,3.3399,2.0765,-2.8855,-1.2922,-5.0757,4.6376,3.3303,2.8189,-2.3900,-0.7248
-0.4836,6.0908,4.9081,1.5310,-2.3068,-1.5906,-4.7956,4.8961,2.7940,2.9440,-1.4008,-1.2305
-1.8699,6.5888,4.9967,1.5400,-2.5555,-2.0282,-6.5027,4.7142,2.9329,2.9525,-1.5636,-1.5428
-2.4517,6.6966,2.4756,0.9355,-3.3316,-1.8892,-6.4596,5.1811,1.3240,2.2772,-3.1657,-1.4414
-0.3304,5.5402,5.6910,0.0052,-3.2658,-1.9468,-4.0701,4.0725,5.2146,2.4439,-2.2398,-2.0793
-2.0806,6.5793,5.9352,0.8168,-3.3448,-2.5523,-6.3039,4.7357,2.7102,2.9737,-1.4741,-2.6973
-2.4397,7.0629,2.2003,0.2049,-3.5889,-2.0540,-6.2537,5.4803,0.6991,2.1877,-3.4631,-2.2092
-1.5251,6.8043,2.8802,-0.5470,-2.9260,-2.0677,-2.8156,5.8419,0.8116,1.2513,-2.6233,-3.1597
-2.5379,6.9791,2.7653,-1.0384,-2.1401,-1.6241,-6.8761,3.4572,2.1572,0.1172,-0.9346,-4.2614
-2.1644,6.0142,5.3271,-1.1926,-0.5598,-0.0131,-6.5457,2.8563,0.9553,-0.8033,-0.0256,-1.6820
-2.7821,4.2042,5.1787,-2.4305,0.1775,2.1092,-7.6806,-1.9273,1.1827,-3.8120,-0.8380,-2.0491
-2.6600,1.2689,6.8474,-3.5475,-0.2870,4.0965,-7.2592,-7.0366,3.3567,-4.3657,-3.2528,0.3248
-1.6376,-0.1389,9.0357,-3.1448,-0.0221,4.3656,-6.4811,-8.5712,5.0494,-4.3657,-3.0255,1.5934
-1.3862,-0.8092,9.6774,-2.3810,0.2542,4.3656,-6.5649,-9.7276,6.1866,-4.3657,-3.1249,2.4247
-0.5914,-2.2841,9.3948,-1.5671,1.0329,4.3656,-4.9153,-9.8354,5.7844,-4.3327,-2.2272,3.3365
0.0383,-3.6679,8.4851,-1.2812,1.6018,4.3656,-3.8379,-9.8067,6.7924,-3.9760,-1.4730,3.5635
-0.4741,-3.9049,10.1634,-1.1345,1.5740,4.3624,-5.4372,-10.5512,7.9703,-3.2349,-0.3980,3.9386
-0.6584,-3.8379,12.9407,-0.1026,1.9352,3.9121,-5.8251,-9.7707,7.2832,-2.4126,0.0333,3.7182
0.2849,-3.4357,11.0756,0.9534,1.8162,3.1055,-8.2169,-10.1299,8.7460,-1.2335,0.6980,4.3656
0.2801,-1.9178,12.6917,1.7533,1.3809,1.7688,-5.2984,-7.7141,7.3454,0.3496,0.3264,4.3656
0.2370,-1.1253,12.7132,3.1821,0.8777,0.9092,-7.3478,-7.1946,8.8657,1.7347,0.6420,4.3260
0.5794,-0.0144,11.0875,4.2265,0.2288,0.1833,-14.3317,-9.6055,11.0061,3.1538,1.2502,4.3656
0.3448,1.1516,11.4515,4.3656,-0.3389,-0.8899,1.1085,-2.8611,4.2689,4.3656,-2.4475,4.3656
4.3167,0.7877,7.6255,4.3656,-1.2494,-1.5394,-3.6033,-1.0391,3.7421,4.3656,-1.0194,2.2812
-0.4741,2.3056,8.5497,4.3656,-3.1090,-2.4800,-4.5370,3.3854,-0.4717,4.3656,-2.6051,0.7997
-1.3767,4.0582,2.1859,4.1653,-4.3657,-2.2901,-1.5395,5.1260,1.6568,4.3656,-4.3657,-0.6355
-1.5514,5.3965,-0.0934,2.9938,-4.1809,-2.5572,-1.2522,7.0701,-1.8220,4.1454,-3.5657,-3.0014
-1.9609,6.4715,-1.4772,0.7420,-2.8807,-2.7588,-0.2514,7.5824,-1.9704,2.5158,-2.0985,-4.0879
-2.2075,5.6886,0.3879,-2.8975,-2.8983,-1.9028,-3.1364,2.1739,0.5243,-1.1163,-2.7640,-4.3657
-2.5786,5.0087,2.1356,-4.0690,-2.5371,-1.5633,-5.4277,-0.2442,1.0008,-2.1695,-1.8747,-4.3657
-3.3088,4.0845,5.0542,-4.3657,-2.4351,-0.8908,-8.8346,-2.9568,1.5275,-2.8464,-1.3947,-4.3657
-3.5985,3.0837,7.8075,-4.3657,-2.5471,0.0867,-10.0054,-4.9344,2.5762,-3.2297,-3.1537,-2.7948
-3.7350,2.1045,9.4499,-3.8888,-1.9803,1.6248,-10.1203,-7.2018,4.9105,-3.7728,-3.1561,-1.1517
-3.3782,0.8667,11.0684,-2.4551,-0.2044,2.5864,-10.7763,-8.6718,6.8331,-3.6279,-1.3311,0.3453
-3.6033,-0.3639,9.9766,-1.3943,0.7015,3.5931,-10.3765,-8.5808,4.4436,-3.2985,-1.1121,1.9895
-2.4014,-1.8962,8.0445,-1.1916,1.2315,4.3203,-6.7109,-7.9703,2.6767,-3.7020,-1.5059,3.0257
-1.6855,-2.9425,7.9751,-1.5547,1.4782,4.3656,-4.4365,-8.2576,3.7134,-4.0945,-0.9341,2.9668
-1.0032,-3.1484,10.0700,-1.2493,1.5283,4.3032,-5.9855,-8.8131,6.7564,-3.7808,-0.4723,2.6117
-0.4860,-3.1101,10.3070,-0.4526,1.5867,3.7483,-5.8107,-8.2624,6.8522,-2.6060,-0.3860,3.0198
0.3615,-2.5522,10.1299,0.1038,1.3503,2.9924,-6.2584,-8.1331,7.2281,-1.5751,0.0314,3.5365
0.0503,-1.7861,11.3796,1.1907,1.2983,2.2564,-6.9025,-7.3071,8.1570,-0.4695,0.4231,3.5034
-0.7661,-1.3096,9.6917,1.8872,1.1668,1.4071,-6.9408,-5.6862,5.4540,0.4226,0.7317,3.2301
-0.9457,-0.1460,9.5409,2.1381,-0.1601,0.9916,-10.1370,-6.2608,5.5474,1.0813,0.6150,3.8554
4.2952,1.6688,9.6007,3.6423,-0.9808,-0.1246,-3.2489,-0.5746,6.8570,2.9023,-0.6703,3.1164
2.8467,3.3184,9.2703,3.8101,-1.0781,-1.2253,-2.6863,0.5483,9.9814,3.7415,-1.8639,1.2925
2.8970,3.7373,9.4068,3.7245,-2.9389,-2.2673,-4.6136,1.7741,7.2233,4.3656,-2.1409,-0.4399
0.4764,4.6280,6.0023,3.4956,-4.0445,-2.9266,-3.4979,4.2066,3.7637,4.3656,-4.3657,-1.4497
-1.8866,6.3039,2.5091,2.8165,-3.8629,-2.8742,-3.2130,5.4492,2.6025,4.2357,-4.0432,-2.3740
-0.6943,7.0533,0.9912,1.3506,-3.1889,-2.2074,-5.7772,4.6017,2.8946,3.4615,-1.4364,-2.0756
-0.2083,6.7277,1.0798,0.6311,-2.2560,-2.0709,-3.0119,5.9065,1.6257,2.4537,-1.6068,-2.1265
-0.6177,6.4236,3.0837,-0.4333,-1.7940,-2.1930,-3.1699,5.0494,2.1668,1.5367,-0.6496,-3.2191
-1.2378,6.4428,2.7150,-0.9222,-2.2699,-2.3735,-3.8882,4.6855,1.0918,1.3678,-0.8270,-3.7613
-1.0965,5.9065,3.1149,-1.9502,-2.1903,-1.9100,-3.2106,3.1795,3.3327,0.3399,-2.6247,-4.2158
-2.1596,5.5498,4.3144,-2.2713,-1.6425,-1.8924,-5.7054,1.7310,0.4357,-0.2679,-0.1320,-4.3657
-3.2489,4.6208,3.4285,-3.0145,-1.7154,-1.0576,-5.7868,-0.5483,-0.9433,-1.9493,-2.0467,-4.3657
-3.8283,4.0821,4.6567,-3.8357,-1.4701,-0.3780,-9.0980,-4.2952,2.3463,-3.2880,-1.7468,-4.3657
-4.7381,3.2058,7.4388,-3.9195,-0.8868,0.6596,-11.5879,-5.8419,1.5060,-3.3328,-0.6753,-2.5710
-4.4269,2.1859,8.2480,-3.2231,-0.5606,2.0455,-10.8960,-7.4412,3.0047,-3.9175,-3.1527,-0.8031
-4.2018,0.5507,7.7548,-2.7888,0.3127,3.1772,-8.3318,-8.2935,2.5953,-4.2348,-2.1138,0.8188
-1.9632,-1.8842,8.1642,-2.5719,1.0015,4.0628,-6.2513,-9.0142,3.9361,-4.3657,-1.6438,1.4753
-0.8068,-3.0406,9.7444,-2.4197,0.7304,3.6952,-3.4620,-8.9304,5.3391,-3.8416,-1.9155,1.6851
-1.2450,-2.3391,9.9503,-1.6940,0.3792,3.4847,-5.6336,-9.0309,4.8411,-3.3442,-1.6006,1.3456
-1.4940,-2.5283,8.8633,-1.4132,0.7352,3.4780,-6.3063,-9.3158,5.1188,-3.0116,-1.6537,2.1438
-0.5028,-3.0430,9.1291,-1.3270,0.7053,3.3021,-5.3726,-9.0357,5.7676,-2.6057,-1.0716,2.7407
-0.5052,-3.0789,10.2041,-0.8676,0.8753,2.9664,-4.3024,-8.5569,5.7197,-2.1249,-0.8458,2.7775
0.0455,-2.9233,11.3246,0.0065,0.8811,2.4231,-7.3119,-9.5600,8.0206,-1.3952,0.1455,3.0363
0.0192,-2.7031,11.7316,0.8916,0.7949,1.9617,-6.2991,-8.5569,7.6375,-0.3698,-0.1326,3.1977
0.2753,-2.0016,11.1953,1.7722,0.4389,1.2951,-7.1658,-7.7093,7.1706,0.5965,-0.0406,3.1886
0.1077,-0.9026,11.5089,2.5145,0.1071,0.6995,-6.4308,-6.4165,6.4572,1.7329,-0.0301,3.5052
0.8978,-0.1077,9.9335,3.2099,-0.0666,0.3600,-7.2927,-6.7014,9.6295,2.4244,-0.5055,3.6489
2.2553,0.0742,10.6303,3.6407,-0.0774,-0.2092,-4.5993,-4.0941,7.0413,3.4627,-0.1676,2.8585
0.5291,1.2019,9.1650,4.0093,-0.3111,-0.8447,-3.7972,-1.9585,6.5769,4.0689,0.4251,1.9454
0.9242,2.6145,6.7157,3.8096,-1.3167,-1.2600,-3.5745,0.3926,4.0677,4.3656,-0.8697,0.8737
-1.2258,4.8794,2.9760,1.5739,-2.3538,-2.8357,-3.6631,4.3838,0.8475,3.5020,-1.4610,-2.1945
-2.6576,5.0709,1.7717,0.6532,-3.3382,-3.0962,-2.4804,5.1308,-1.9369,3.2523,-2.0110,-3.8180
-3.9887,5.1092,1.3001,-1.0351,-3.4989,-2.9970,-2.9904,3.9433,-3.8547,1.5102,-3.4677,-4.3657
-4.4532,4.7477,1.7526,-2.4625,-3.2293,-2.5626,-4.0965,0.3759,-1.7310,-0.5105,-2.4275,-4.3657
-5.1164,4.2808,3.5291,-4.1940,-3.3959,-1.2321,-10.8026,-3.7948,1.0439,-1.7585,-1.8702,-4.3657
-5.5522,3.5530,7.9942,-3.8752,-2.7487,0.5111,-11.5281,-5.7221,0.1053,-2.8781,-3.9107,-2.5243
-4.0390,1.7909,8.2600,-3.1738,-1.6984,2.7933,-11.0061,-8.7532,4.4005,-3.9833,-3.4756,-0.2810
-3.1244,0.2873,10.6877,-2.0360,0.2863,3.9760,-10.6303,-10.1059,6.4308,-4.1156,-1.8311,1.7888
-2.6911,-1.8100,9.0237,-1.3158,1.4586,4.3656,-6.5673,-9.2368,3.8618,-3.9891,-1.7463,3.3739
-1.0894,-3.5219,8.0828,-1.5355,1.6020,4.3656,-4.0199,-9.2871,4.4891,-4.2265,-1.3041,3.6179
-1.1037,-4.0247,10.1634,-1.3663,1.9355,4.3656,-5.1523,-9.9048,6.2034,-3.9963,-0.4607,3.4700
-0.2610,-3.6320,11.1522,-0.6170,1.8499,4.0755,-5.8873,-9.3565,7.5657,-2.9042,-0.2888,3.6743
-0.9218,-2.8563,10.6829,0.2232,1.6244,3.3424,-5.8754,-8.2959,7.1443,-1.8598,-0.1937,3.5690
0.0766,-2.2505,10.3741,1.0091,1.7337,2.7099,-4.6495,-6.7349,6.7445,-0.7414,0.6225,3.1888
0.0718,-0.8954,11.4156,1.4826,0.8747,2.2632,-7.0533,-6.9456,7.9607,-0.1091,0.5625,3.0558
1.8316,-0.7614,13.4339,2.7615,0.9725,1.9798,-7.7285,-7.7021,11.8657,1.3427,0.2305,3.7104
3.9600,-0.8212,10.9439,3.7858,0.3484,0.4659,-1.8651,-4.7573,8.0325,3.1762,0.0466,3.8672
2.9712,0.7446,9.4332,3.1950,-1.2648,-1.1450,-1.2641,-1.8459,8.4276,3.5184,-0.7330,0.9894
1.4246,2.2362,8.3965,3.2341,-2.0102,-2.3318,-6.3590,-1.8699,7.0533,4.3656,0.2230,-0.1725
-0.3208,3.0167,7.8913,2.9595,-2.7875,-3.0619,-7.5369,-0.7949,4.9560,4.3656,-1.2488,-0.5576
-2.0016,3.9576,6.5122,3.0104,-2.9647,-3.3529,-7.6255,0.3591,2.6624,4.3656,-1.6854,-0.7510
-1.2522,3.8164,5.7461,2.4752,-3.5110,-3.3632,-5.7317,1.6233,2.8515,4.3656,-1.6312,-1.4862
-3.2274,4.5921,5.0661,2.2519,-3.4671,-3.6878,-5.5402,2.7270,1.5395,4.3656,-2.2691,-2.5294
-3.6057,4.3862,2.5714,-0.0320,-3.6723,-3.4510,-1.1013,4.1180,-2.1620,2.7118,-2.4420,-4.3657
-3.7302,4.9943,0.1580,-2.0919,-3.8816,-2.8305,-6.2968,0.6297,-2.5690,0.5353,-2.3180,-4.3657
-4.8554,4.3144,2.3224,-3.6475,-3.0807,-1.8952,-6.8115,-2.3870,-0.6464,-1.5571,-2.5991,-4.3657
-5.6790,4.2234,6.5338,-4.1523,-2.2347,-0.0965,-11.5281,-5.7317,0.5698,-2.8097,-1.8722,-4.3657
-4.5849,2.6624,7.0413,-3.6708,-1.6209,1.4659,-11.5736,-7.1371,1.5586,-3.4175,-2.7248,-1.5779
-3.7421,1.0463,7.4316,-3.2530,-0.8280,2.9299,-8.4108,-7.9009,1.5730,-4.2094,-3.9358,0.4142
-3.9409,-0.5722,8.8945,-2.7432,0.1940,4.1844,-7.1946,-9.5002,2.7294,-4.3657,-2.2473,1.7213
-2.0973,-2.4852,7.7428,-2.4686,0.5902,4.3656,-5.9975,-10.4483,3.2968,-4.3657,-3.0181,2.7498
-1.2115,-4.1587,8.2169,-2.3309,0.9693,4.3656,-3.4596,-10.7619,3.4644,-4.3657,-2.6755,3.4033
1.2163,-6.1986,10.7524,-1.1608,1.0002,3.9411,-4.4077,-11.4922,7.9607,-2.8641,-0.4950,3.0061
0.8954,-4.4987,11.9686,1.5785,1.3005,1.7961,-6.4332,-10.6326,8.8442,0.1116,0.5243,3.1717
0.0287,-4.1372,11.6358,2.5842,0.5854,1.0150,-4.1084,-8.5473,4.9895,1.4901,0.1204,2.9668
1.5323,-2.7390,11.0636,3.0454,-0.0731,0.6315,-6.9983,-8.6455,7.2544,2.1394,-0.3226,3.3048
0.8906,-1.5969,11.0660,3.6364,-0.0148,0.1414,-3.2992,-5.8251,6.9312,2.7014,-1.1135,2.4127
2.9425,-0.7350,9.5026,3.5032,-0.0730,-0.2983,-4.1611,-5.8059,11.1881,3.0330,0.2137,1.6959
3.0670,0.4836,11.6765,3.8367,-0.5371,-1.6958,-5.0374,-4.8746,9.5816,4.3656,1.3119,0.9721
0.9505,1.8818,8.8777,4.3471,-1.1383,-2.2110,-6.2560,-3.3662,6.9097,4.3656,-0.1740,1.1922
2.4636,1.4174,7.1970,4.3539,-1.5933,-2.8149,-5.6575,-2.9377,6.2153,4.3656,-0.1551,1.4742
-1.7573,0.6153,6.4093,4.3656,-2.4225,-4.0580,-3.1915,-2.0590,6.2201,4.3656,-0.8557,0.0694
-0.7015,1.3886,8.6574,3.3891,-3.8445,-4.3657,-5.6312,-0.9457,0.9481,4.3656,-1.1394,-2.4841
-5.0973,2.3128,4.3383,3.6833,-4.3657,-4.3657,-6.7588,0.5962,-1.2977,4.3656,-2.3948,-3.2023
-7.6543,4.0606,0.7230,1.9490,-4.3657,-4.3657,-7.2760,2.5331,-4.7022,4.3656,-4.3657,-3.9267
-6.4308,4.8722,-1.4054,-0.3608,-4.3657,-3.4291,-3.9002,4.5442,-7.3239,2.5743,-3.1641,-4.3657
-7.6519,5.4109,0.3735,-2.4102,-2.8388,-1.6361,-5.2960,1.4269,-7.2018,-1.1559,-2.4441,-4.3657
-7.4771,4.5705,2.6288,-3.5260,-1.2708,0.2220,-10.8840,-3.9648,-3.0119,-3.5547,-0.8941,-4.3657
-5.4420,2.3128,4.3263,-4.3657,-1.5124,1.9881,-11.1450,-6.9935,-0.2466,-4.3657,-3.3524,-2.4965
-5.7293,1.2857,9.3087,-3.9167,-0.6984,3.5928,-10.3956,-9.4834,2.6336,-4.3657,-3.6551,-0.7714
-0.2753,-3.2034,10.1227,-2.0272,0.4736,4.3656,-1.2019,-9.3230,5.8993,-4.1406,-2.8220,2.5051
-0.0838,-3.3136,7.0509,-1.8000,0.8915,4.3656,-3.0718,-9.2344,3.7852,-3.9492,-2.5993,3.6497
-0.6393,-3.9409,8.7125,-1.8057,1.1521,4.3656,-2.7940,-9.2823,4.4269,-3.9872,-0.9810,3.1836
-0.5962,-4.4796,9.4403,-1.5875,1.0003,4.3656,-6.2584,-11.1666,7.3741,-3.5541,-1.1145,3.4908
1.9225,-4.8626,11.8369,-0.8845,1.0492,3.5963,-4.1827,-10.5991,9.0956,-2.3787,-0.7032,4.1037
1.3312,-4.2377,13.5416,0.6606,1.3201,2.0483,-3.7804,-9.8258,10.2639,-0.6131,0.4911,3.1873
2.3367,-3.9145,13.7116,2.5981,0.9205,0.8111,-6.0071,-9.6798,11.0229,1.7225,1.1802,2.5535
4.9512,-4.2282,13.8600,3.7638,-0.9570,-0.7727,-4.7333,-9.4260,10.5536,4.0505,-0.7436,2.6195
2.5163,-3.0885,12.7515,4.3656,-1.7297,-2.5425,-3.6440,-8.0517,9.2105,4.3656,-1.3522,1.3229
0.4836,-0.4238,10.5632,4.3656,-3.1816,-2.9298,-8.1570,-6.0071,5.4923,4.3656,-0.8664,0.7608
0.1030,1.7549,7.6351,4.3656,-3.1922,-3.0100,-7.0342,-3.3734,4.9991,4.3656,-2.7491,1.4117
-1.0942,3.2681,5.5713,4.3656,-1.7307,-2.7815,-4.1635,0.0766,3.5721,4.3656,-1.9784,0.2723
-1.5969,5.4037,1.1444,3.9339,-0.6650,-2.4465,-5.3822,2.8371,0.2011,4.3656,1.5449,0.6326
-0.8715,6.5003,1.1468,2.3457,-0.1174,-1.9378,-4.4460,5.1763,-0.2993,3.1253,0.5705,0.4707
-2.4349,7.1180,1.1492,1.5872,0.2364,-1.8139,-3.1651,6.3422,-0.7135,2.4982,0.7875,-0.0742
-2.2793,7.4101,1.2498,0.5002,-0.3254,-1.4472,-5.0805,6.3949,-1.1013,1.8079,0.8106,-1.0087
-2.6480,7.1443,2.4134,0.0636,-0.6718,-1.5623,-6.0190,5.8275,-0.5195,1.4969,0.0533,-1.0645
-3.8068,6.3686,2.4876,-0.2703,-1.2693,-1.5382,-4.8315,5.6958,-1.5299,1.0872,-0.9557,-1.9077
-3.5817,5.7868,2.7174,-1.8389,-2.2635,-0.9649,-0.7087,6.2800,-6.4524,-0.2687,-2.4403,-4.3657
-2.9999,4.7645,1.8220,-2.9954,-2.5158,-1.0950,-4.4724,0.1748,-0.6823,-1.9724,-2.9905,-4.3657
-5.1308,5.1834,4.4556,-3.7956,-2.4837,-0.0545,-8.2480,-3.1125,0.6823,-2.7212,-2.3908,-4.3657
-3.8930,4.2234,5.1427,-3.8081,-2.2613,1.0912,-9.7636,-4.8195,1.4676,-3.2845,-3.0774,-4.1915
-3.0742,2.9209,6.4835,-4.1022,-2.0382,1.7921,-9.3494,-6.5457,4.1132,-3.5190,-4.0859,-1.5936
-2.5115,2.1715,9.6486,-3.1018,-1.1505,2.8570,-7.2281,-7.8075,5.5234,-4.0373,-3.4861,-0.6586
-1.4365,0.5650,7.7835,-2.2808,0.1164,3.4430,-7.0653,-7.9057,5.6599,-3.6649,-2.1645,0.7682
-0.7518,-0.8212,8.2073,-2.2140,0.4563,3.7226,-4.4819,-7.7740,3.6679,-3.6716,-2.2543,1.6818
-0.5315,-1.6855,7.9033,-2.1268,0.4243,3.9619,-4.1468,-8.7029,4.5179,-3.6937,-2.4602,2.1152
-0.1820,-2.7222,8.8585,-1.8640,0.7302,3.9624,-5.4396,-9.8713,7.2401,-3.3345,-1.5176,2.6881
-0.3472,-3.1244,10.6087,-1.1984,0.9454,3.4979,-8.9854,-12.0117,9.7468,-2.4233,-0.3333,4.3656
-0.1652,-3.0550,13.4913,0.4800,1.4839,3.2015,-7.9942,-11.8250,9.5768,-1.1887,-0.1873,4.3656
1.8196,-2.5905,12.5528,2.1293,1.9685,2.2098,-4.5825,-9.0836,7.3765,0.4699,0.7036,4.3656
-0.5411,-1.7334,12.1123,3.1425,2.1421,1.3831,-5.1332,-7.2281,6.8283,1.2554,1.8671,4.3656
0.5650,-1.3791,10.9463,3.7546,1.0842,1.0190,-4.8626,-4.6471,5.8921,2.3751,0.8545,4.2960
1.3312,0.2825,9.8378,4.0677,0.5662,0.3011,-6.6487,-4.2904,7.7285,3.0899,-0.8442,3.7353
1.8364,1.5371,9.8665,4.3656,0.1214,-0.5857,-4.5873,-2.0231,6.1363,4.1224,0.2495,3.6755
0.1844,2.9616,7.8602,4.3656,-1.2784,-0.9024,-5.2816,0.6704,4.1204,4.3656,-1.5469,1.8488
1.5610,4.0390,6.1746,4.0485,-1.5852,-1.2530,-4.5514,2.7605,3.1963,4.1795,-2.0214,1.5492
0.7638,4.7142,4.1372,3.2774,-2.3016,-1.9201,-0.8571,5.2337,2.6264,3.9578,-2.1791,0.0826
-0.0168,4.9225,3.3543,2.1990,-3.1034,-2.5095,0.0910,6.1411,2.2051,3.8962,-2.8743,-2.6273
-1.7238,5.9903,0.3328,0.7818,-4.1657,-2.5049,-3.1987,5.9975,-0.5363,3.2257,-2.9970,-3.8534
-1.5586,6.3255,0.7542,-1.0174,-4.1515,-2.2695,-1.0056,5.9352,-1.5371,1.5428,-3.9161,-4.3657
-1.1923,5.5043,1.9585,-2.3180,-3.2363,-2.6349,-1.2737,2.5426,0.9529,-0.4618,-3.0350,-4.3657
-3.5243,5.7102,2.3750,-3.1105,-2.3926,-1.8470,-5.1404,-0.4860,0.9912,-1.3848,-0.9844,-4.3657
-3.1005,4.7692,4.8914,-3.8912,-1.8895,-0.6395,-7.1180,-3.2322,0.2562,-2.9805,-1.7110,-4.3657
-2.9066,2.9449,5.3247,-4.3657,-1.8106,0.3824,-9.9216,-5.4181,1.4246,-3.1686,-2.2331,-3.8713
-2.7174,1.6544,7.8650,-4.3657,-1.8884,1.2044,-8.1092,-7.4939,3.5338,-3.6724,-3.8062,-1.4754
-2.7892,0.1676,9.4020,-3.4805,-0.8683,2.3852,-7.7548,-9.3087,4.8698,-3.8019,-2.8565,-0.1216
-2.7294,-1.3767,9.4810,-2.5491,0.1653,3.3051,-7.8075,-10.0173,4.1084,-3.7193,-1.9769,1.1706
-2.4134,-2.8539,8.9830,-2.1043,0.6159,4.0749,-6.2273,-10.5177,3.3974,-3.8598,-2.2166,2.3092
-1.5012,-4.0630,9.1961,-1.7996,1.1493,4.2854,-5.3008,-10.9128,5.5234,-3.7684,-1.4202,3.0712
-1.4676,-4.3766,10.7907,-1.0716,1.3876,3.9640,-8.1187,-12.4738,7.6950,-3.0137,-0.2607,4.2718
-1.1516,-4.5418,11.9710,-0.1280,1.4645,3.7317,-6.4069,-11.1330,6.5098,-2.2695,-0.5780,4.3656
-0.2035,-3.0646,12.4594,2.7142,1.6613,2.4373,-7.5058,-9.4068,7.0366,0.3864,1.2039,4.3656
-1.1181,-1.7454,14.0995,4.0753,1.1042,1.8798,-7.3526,-8.7197,8.8945,1.9289,-0.1162,4.3656
1.8124,-1.5490,10.9535,4.3656,0.4879,1.4453,-7.6088,-7.5250,6.7947,3.5861,-0.2085,4.3656
0.2370,0.7398,8.2145,4.3656,-0.1368,0.3878,-2.5905,-2.8635,4.7884,4.3656,-1.5613,4.3656
4.3287,2.3679,6.5960,4.3656,-1.9613,-0.4243,-1.8387,1.5419,3.4357,4.1945,-1.4875,2.7957
1.2761,4.2617,5.9903,3.6773,-2.7490,-1.2897,-1.4700,3.7086,4.0677,4.1211,-2.8513,1.1326
1.9489,4.5705,4.0031,3.0359,-3.1721,-1.8449,-1.6759,4.2377,5.1212,4.1312,-2.9812,-0.5685
-0.4956,5.9975,2.3583,-1.8315,-3.9817,-1.9307,-1.5107,5.1499,-0.7973,0.6093,-3.2175,-4.3657
-2.3248,4.9344,5.4564,-3.8900,-2.2972,-0.8719,-7.6926,-2.2529,1.3791,-2.1898,-1.0752,-4.3657
-3.9504,3.9576,7.3789,-3.6984,-1.6571,0.4249,-10.4196,-5.4971,3.4500,-3.0297,-2.5985,-4.1061
-2.8874,2.3224,7.6854,-3.2450,-1.1910,2.0689,-10.7955,-7.2137,3.9289,-3.6625,-2.4212,-1.6065
-1.9752,0.1580,8.6072,-2.7999,-0.5348,3.2265,-7.2760,-8.3246,2.4038,-4.0717,-2.6493,0.2056
-1.6161,-1.2330,9.5912,-2.0987,0.1867,4.0833,-6.3207,-10.3214,5.3056,-4.2337,-2.5355,1.5583
-2.3056,-1.9776,9.2177,-1.4694,0.4800,4.3656,-5.8754,-10.6350,4.6208,-3.7906,-2.3040,2.4353
0.6129,-3.4955,8.9974,-1.2959,0.7085,4.3656,-4.2880,-10.5991,6.6870,-3.6909,-2.5329,3.4464
0.6416,-3.5458,10.5943,-0.4112,1.2618,4.3132,-5.0566,-10.9583,8.7987,-2.6537,-0.7000,4.3656
0.1532,-3.2992,11.5472,0.5965,1.5505,4.0646,-3.7254,-10.2472,8.5952,-1.6088,-1.0714,4.3656
2.4445,-3.2609,11.9973,1.6044,1.8584,3.5066,-3.8499,-9.0142,7.9440,-0.6603,-0.3138,4.3656
1.3024,-1.0918,10.2735,2.6498,1.5480,1.9356,-10.7571,-8.6407,9.1411,0.3985,2.1893,4.3656
0.9625,0.3926,10.0987,3.0149,0.7542,1.1616,-2.4684,-6.7062,7.1539,1.8826,-1.3595,4.3656
1.2091,0.1101,11.0349,3.9392,0.5116,1.1225,-1.4461,-1.3168,4.3886,2.1623,-0.5649,3.5677
3.7469,1.1971,7.6255,3.5697,0.4250,0.3917,-4.5203,-1.4030,7.1467,2.6951,1.3398,3.0682
1.9656,2.5594,10.2304,3.0661,-1.0802,-0.4803,-3.8738,1.4269,6.1459,2.9322,-2.0404,1.5448
1.6137,3.5171,7.3143,3.2424,-1.9470,-1.0096,-2.1261,3.1005,5.0015,3.3867,-2.5109,-0.1214
0.1125,4.8530,4.2569,2.6935,-2.0330,-1.4352,-5.8634,3.3255,3.8523,3.2294,-1.6090,-1.0998
-0.6967,5.5641,3.5410,1.7638,-2.0287,-1.6002,-5.3103,3.8116,4.0223,2.8354,-1.4569,-0.7767
-1.3623,6.4093,4.4053,1.3534,-1.5564,-1.7443,-4.4005,4.7669,2.5522,2.8663,-1.1731,-1.4986
-1.2522,6.6535,3.8978,0.8863,-1.7908,-1.6819,-5.2457,5.2696,1.2641,2.4153,-0.5087,-1.8902
-1.2665,6.4356,1.6305,0.0671,-2.2476,-1.5845,-4.0175,5.4444,1.7334,1.6289,-2.3502,-2.2051
-0.7470,6.6272,3.0813,-0.8760,-1.9248,-1.6650,-4.3838,4.9273,1.1947,0.9895,-0.9992,-3.2728
-0.5794,5.7437,4.5562,-1.5326,-2.3630,-2.2290,-1.3216,4.6448,1.3695,0.7155,-1.1335,-4.3657
-0.8452,5.5067,3.1364,-2.7222,-3.2451,-2.0749,-5.6551,1.1660,2.5163,-0.2866,-3.1545,-4.3657
-2.7653,5.7054,4.9392,-2.8110,-2.6733,-0.6025,-9.6007,-1.5874,4.7645,-0.1945,-1.2105,-4.3657
0.5291,4.1827,7.2880,-2.9092,-3.1492,-0.9034,-7.0270,-1.1588,4.3838,-0.2104,-3.0455,-3.5162
-0.3424,3.4716,7.6447,-2.5502,-2.5660,-1.0107,-5.0111,-2.4253,3.2585,-0.5454,-2.7671,-4.3657
0.1269,3.0526,8.1355,-2.2150,-1.7439,-1.2846,-8.2672,-5.0901,7.5537,-0.9574,-0.4892,-4.1549
-1.6520,2.7964,8.3342,-1.8099,-1.5330,-0.7518,-8.2384,-4.7070,1.2953,-1.1501,-1.6846,-2.5512
-2.5762,2.7533,6.6391,-1.7837,-0.7966,0.5012,-8.5832,-6.1627,2.7485,-2.4501,-2.5431,-1.3596
-2.8204,2.0494,6.6511,-1.8447,-0.1214,2.2575,-8.4467,-7.0701,3.2202,-3.0549,-1.5445,0.7782
-1.7789,0.5267,8.2337,-1.7880,0.6277,3.7315,-6.5936,-8.2863,3.9241,-3.6553,-2.6955,2.4103
-1.1372,-0.8499,8.7867,-1.3217,1.2425,4.3656,-5.0613,-9.0022,5.2194,-3.8115,-1.9273,3.4546
-0.5507,-2.2218,8.7604,-1.2335,1.5114,4.3656,-4.6735,-9.7492,5.7940,-3.6230,-1.8555,4.3656
0.5746,-3.8714,9.3925,-0.8636,1.7701,4.3656,-4.7501,-11.0684,7.9679,-3.4977,-1.3983,4.3656
1.4461,-3.8930,11.3198,-0.3214,2.0619,4.1985,-2.1907,-9.9671,7.7859,-2.6081,-0.5332,4.3656
0.9194,-3.8044,12.8281,0.7701,2.3759,3.2872,-3.4069,-9.5122,9.3948,-1.3364,1.0499,4.3656
1.9944,-3.4046,11.8728,1.9263,2.1108,2.1625,-5.1834,-8.5186,8.8202,-0.0414,1.7168,3.7219
-2.0135,1.2426,6.9384,3.6231,-0.2621,0.7525,-7.7907,-2.4397,1.5251,2.3257,-0.3388,2.6742
-0.5578,2.3894,4.4029,2.4439,0.0959,1.0977,-5.2098,-1.0415,3.6296,1.1251,-0.6892,2.9544
2.2098,3.2250,7.2472,1.9276,1.3035,0.6765,-4.4604,-0.8284,7.9368,0.8485,0.5500,2.7851
1.2857,3.4309,9.3302,2.0243,1.7646,0.2072,-4.6615,0.2035,6.7756,1.2574,2.5772,1.9192
1.0367,3.5410,8.7149,2.3218,0.2450,-0.5526,-7.0844,-0.3065,7.9607,2.0335,0.6491,1.2482
-0.3783,4.3407,8.3797,2.7836,-0.6704,-1.2113,-6.5170,1.1827,4.6328,3.1149,-0.7666,0.8268
-0.3184,4.0103,6.6487,2.6686,-2.1663,-1.5693,-4.4772,1.5299,5.9400,3.8429,-1.3943,-0.3139
-0.7183,3.9121,5.5617,2.4813,-3.4560,-2.4151,-6.5481,1.9178,2.2266,4.3656,-1.9422,-1.1411
-2.9161,5.2218,3.4955,1.6378,-4.3657,-3.5082,-5.9256,2.9233,1.9106,4.3656,-3.2860,-2.9147
-3.7709,6.2632,1.9130,0.7665,-3.9346,-3.5361,-7.6399,3.2801,0.7638,3.9298,-2.6133,-2.7572
-4.3551,6.5841,2.1907,0.0212,-2.5123,-2.6378,-6.8235,4.5442,-1.8627,2.4221,-1.1623,-2.5520
-5.0015,6.2082,1.2043,-1.1399,-1.7404,-1.5403,-2.9497,5.4109,-4.3383,0.4768,-1.6150,-3.5785
-2.6815,5.1116,1.8555,-2.6474,-1.7632,-1.0420,-4.2784,1.9728,-1.6520,-0.9574,-1.4954,-4.3657
-4.0294,4.9464,3.3423,-3.7093,-1.6559,-0.4916,-5.8754,-0.8571,-1.3001,-2.6192,-1.6306,-4.3657
-3.6751,4.1731,5.0733,-4.2189,-1.6309,0.5624,-9.7971,-4.0486,1.0726,-3.4218,-2.1496,-4.3657
-3.1005,3.1412,7.1060,-4.2154,-1.7869,1.2456,-10.1849,-5.9280,4.2258,-3.6156,-3.2814,-2.7017
-2.0231,1.7238,8.8873,-3.5317,-1.1503,2.0932,-7.3717,-6.4332,4.5322,-3.6667,-3.1732,-0.9261
-1.0032,-0.2131,8.4563,-2.9528,-0.5232,2.4952,-6.1004,-7.5274,5.5091,-3.5217,-2.4384,0.0057
-1.2977,-1.0175,9.4667,-2.3501,-0.2782,2.7736,-5.6647,-8.4013,4.9680,-3.1934,-2.2314,0.5789
-1.1540,-1.7861,8.8633,-1.7588,0.0719,3.2382,-6.1938,-9.1650,3.9911,-3.2542,-2.3208,1.4669
-0.8763,-3.2561,8.4156,-1.5342,0.7534,3.6765,-5.0805,-9.6965,4.3120,-3.3394,-1.7024,2.3471
-0.9601,-4.0749,9.4810,-1.5035,0.8331,3.6449,-4.4915,-10.1418,5.0039,-3.1417,-1.3189,2.7588
-0.5028,-4.4843,10.3166,-1.0210,0.8084,3.4464,-4.3742,-10.3813,6.5984,-2.6933,-0.9627,2.5419
-0.0766,-4.3000,11.5520,-0.2342,0.9266,3.0245,-4.2545,-9.7995,7.9368,-1.5414,-0.3341,2.3338
1.0032,-4.0199,10.9583,0.6206,0.6360,2.2180,-5.4851,-9.5193,7.4555,-0.3948,0.3705,2.4736
1.0151,-3.2537,11.4970,1.4779,0.2038,1.3923,-5.7964,-8.7915,7.5729,0.6258,-0.1643,2.6815
1.2306,-2.0159,11.4802,2.4817,-0.0707,0.5861,-8.5329,-9.1578,9.3206,1.5761,0.1474,3.1610
0.1772,-0.5698,11.0325,3.5891,-0.0325,0.0785,-5.4899,-6.8546,5.6048,2.9892,-0.0866,4.1899
0.1987,0.5938,9.4116,4.1769,-0.2320,0.3345,-7.0437,-4.9632,5.1595,2.7713,-0.4579,3.9402
0.3089,1.3862,7.1395,4.1264,0.4507,0.2888,-4.3191,-2.8946,5.3223,2.3934,-0.5473,4.1098
1.2402,2.5570,6.9863,3.6829,1.2416,0.1557,-2.8874,-1.3264,6.4428,2.7423,1.0327,3.3895
3.4309,2.9449,8.8370,3.0879,0.6390,-0.4319,-3.2226,-0.0503,7.3646,2.8598,1.6126,2.4131
1.9130,3.1603,9.3470,3.5743,-1.3460,-1.5641,-4.9009,0.7661,6.8594,4.1007,-0.1344,1.6479
2.2027,3.5482,4.2689,2.4696,-3.8844,-2.3851,-2.9568,2.4876,5.9137,4.3499,-4.3657,0.4739
0.8475,4.4796,4.8698,2.1224,-3.7602,-3.2239,-0.8691,3.8235,2.4852,4.3656,-2.5402,-1.0248
-1.0630,4.8626,2.5857,1.2693,-3.4499,-3.3689,-0.5674,6.6272,-2.5355,4.0405,-2.3505,-3.2286
-2.9497,5.9855,-0.8978,-0.6932,-3.5455,-3.1404,-2.7725,5.8658,-3.2872,2.2292,-3.1128,-4.3657
-4.2282,5.5522,0.9290,-2.5302,-2.6646,-2.0688,-1.0032,4.4843,-4.4891,-0.6635,-3.0583,-4.3657
-4.2114,5.1547,2.7342,-3.6170,-0.9198,-1.1454,-5.6216,-0.5602,-2.9113,-2.4932,-0.6582,-4.3657
-5.8778,3.8427,4.2832,-4.3657,-0.8300,0.1354,-10.9152,-4.8267,-0.9744,-3.6884,0.2030,-4.3657
-6.0454,1.7190,6.2728,-4.3657,-1.0997,1.5839,-10.2927,-6.5649,0.8045,-4.0013,-3.5506,-3.3971
-2.6528,-0.4286,6.4883,-4.3657,-1.6335,2.5976,-7.5130,-7.9871,3.3830,-4.3657,-3.7261,-1.3823
-1.9632,-1.7693,10.6303,-4.2076,-1.0740,3.1376,-7.7237,-9.6558,4.0151,-4.3657,-2.7006,-0.4839
-2.7629,-2.3703,11.4443,-2.4854,0.0569,3.6098,-9.3805,-11.5041,6.2608,-4.1632,-2.4348,1.1150
-2.7581,-3.6129,10.4411,-1.5168,0.6223,4.2595,-7.2832,-11.0014,4.3934,-3.9061,-2.3442,2.6364
-1.6807,-4.2545,9.1171,-0.9442,1.4242,4.3186,-6.9599,-10.9822,4.7046,-3.7493,-1.1262,3.4983
-1.8364,-4.3838,9.5098,-0.6955,1.5118,3.9722,-6.5697,-10.7524,4.7046,-3.3252,-0.9054,4.3656
-1.3216,-3.7613,11.3509,0.0809,1.3226,3.5738,-6.7971,-10.8625,7.7835,-2.1854,-0.5363,4.3656
-0.2203,-3.3495,12.1194,1.5067,1.2469,2.9719,-5.3486,-9.3111,9.6750,-0.6001,-0.0797,4.3656
0.5818,-2.4541,12.1602,2.8865,0.6752,1.7836,-5.2457,-7.7021,7.6662,1.7781,0.3938,4.3656
2.0686,-1.7071,11.0612,3.9603,-0.2475,0.6804,-9.3398,-7.5824,8.7939,2.5429,-0.1462,4.3211
0.4501,-0.3711,9.7971,4.3264,-0.7027,-0.3272,-2.4780,-3.4261,5.4684,3.8646,-1.9008,3.5290
2.0590,0.9457,8.5808,4.2715,-1.2446,-0.6005,-6.0501,-2.3296,5.6360,4.1318,-0.7328,2.5964
1.1420,2.0494,8.2887,4.1388,-1.6776,-1.3993,-3.2346,0.7278,5.0111,4.2177,-1.5106,1.7140
1.6041,3.3686,6.3470,3.3978,-2.4886,-1.8044,-3.4309,1.7693,5.6982,4.3656,-2.8591,0.4124
1.4198,4.3455,4.2665,2.9865,-2.6321,-2.2441,-2.8467,4.8076,1.5179,3.9786,-1.6963,-0.9197
2.0542,3.8882,2.7629,1.1879,-3.3300,-3.2031,-0.2251,4.9608,3.2992,3.1560,-2.8842,-2.4004
-1.6592,4.9249,1.9513,0.2154,-4.1744,-3.8769,-0.7709,4.9584,1.3527,2.9897,-2.9471,-4.3657
-2.4493,4.6711,2.9257,-2.5543,-3.0844,-2.8901,-4.1970,-0.2011,2.1548,-0.2895,-1.7776,-4.3657
-3.7733,5.1236,4.8507,-3.3971,-2.7019,-1.8170,-8.5856,-2.2577,2.4708,-1.2821,-0.5169,-4.3657
-2.5091,3.4812,6.1555,-3.6556,-2.2632,-0.5450,-6.6774,-3.2202,2.6911,-1.9946,-2.8581,-4.3657
-1.5299,2.3727,8.4611,-3.4291,-1.4377,0.1463,-9.6606,-6.2537,5.9999,-2.6445,-1.2661,-3.4374
-1.6759,1.0175,8.4731,-2.7450,-0.9276,0.6808,-8.3749,-6.5242,2.5067,-2.6209,-1.2706,-1.6125
-2.8012,-0.3256,7.6112,-2.6737,-0.4918,1.6535,-8.6383,-8.4372,1.6281,-3.4162,-2.9557,0.0230
-2.4876,-1.6879,7.5561,-2.6017,0.0859,2.8282,-6.3422,-9.0309,2.9353,-4.0683,-2.0779,1.3705
-3.0957,-2.9688,8.8107,-2.6093,0.4227,3.7394,-5.9711,-10.2376,2.4421,-4.3517,-1.8916,1.9764
-2.3391,-4.7477,8.9543,-2.2596,0.7826,4.2381,-6.2896,-11.7938,4.0007,-4.2566,-1.6145,2.8213
-1.6352,-5.8586,10.8266,-1.6950,0.9846,4.3656,-5.8634,-12.6031,5.8203,-3.8240,-1.4043,3.2632
-0.2969,-6.2153,10.3693,-0.6243,1.2300,4.2482,-6.1627,-12.5600,7.9392,-2.5523,-0.4317,4.1416
0.5890,-5.3917,11.6238,0.4714,1.7300,3.3376,-4.1755,-10.8266,7.8290,-1.3127,0.1299,4.3365
1.0582,-5.0254,12.4522,1.8599,1.5106,2.5415,-4.4221,-10.0149,8.1427,0.1292,0.8564,3.8475
2.9592,-3.9720,12.1410,3.2270,0.7990,1.2040,-5.5210,-9.6486,9.8426,2.0575,0.5568,3.9518
2.6863,-2.5786,12.4834,4.3656,-0.0236,-0.1978,-3.5362,-7.7788,8.0924,4.0139,-0.8013,3.5050
0.9074,-1.2809,9.6774,4.3656,-0.3760,-0.9090,-3.8140,-6.8211,8.6095,4.3656,-0.4879,3.2255
2.6671,0.3208,8.5425,4.3656,-1.1358,-1.0657,-5.9735,-4.5107,5.1691,4.3656,-0.0885,3.0377
1.3048,0.9409,8.1307,4.3656,-1.2256,-2.2315,-4.5394,-1.4557,3.0885,4.3656,-0.6977,2.3690
-0.4836,2.6217,4.9536,4.2388,-2.2615,-2.0695,-2.4253,2.6624,1.5538,4.3656,-2.5235,0.8857
0.1077,2.7988,5.8155,3.3803,-3.5365,-3.1379,-2.4565,3.4189,1.7621,4.3656,-2.2194,-1.0050
-2.2745,4.9943,1.9992,2.3638,-3.8319,-3.3348,-2.4900,5.1404,0.8021,4.1235,-4.3657,-2.9111
-3.1220,4.2569,3.1771,-4.3657,-1.9577,-0.4712,-3.8714,-1.1444,-2.9090,-3.8151,-2.3675,-4.3657
-3.2250,2.0279,7.1946,-4.3657,-2.1089,1.6411,-10.4818,-7.2592,4.3766,-4.3657,-2.7769,-1.6561
-1.5443,0.2705,11.1139,-4.2260,-1.3129,2.8807,-9.8952,-9.3853,6.9983,-4.3657,-2.7187,0.4100
-1.9776,-1.1133,12.3708,-2.4283,0.1228,3.4884,-9.3398,-10.8218,9.0908,-4.2992,-2.2380,2.1334
-1.0439,-3.0095,10.3597,-1.2124,0.8363,4.0938,-5.3175,-9.8833,6.5362,-3.4901,-1.5362,3.3027
-0.0838,-4.1994,9.5888,-0.7961,1.2569,4.3132,-4.6735,-10.1873,8.2408,-3.0858,-0.9200,3.2210
-0.6895,-4.3072,12.2703,-0.0554,1.7832,4.3656,-8.0685,-11.6598,9.4739,-1.9043,1.0403,4.3190
-0.9026,-3.8906,13.7355,1.5196,2.1059,4.3656,-6.5027,-10.3525,8.7293,-1.0303,0.0882,4.3656
1.7573,-3.6464,10.7045,2.6445,2.9569,3.6014,-6.1148,-9.5577,8.5808,0.0088,1.0585,4.3656
0.0718,-2.2577,11.7747,3.0438,3.0146,2.7139,-5.2241,-7.5058,7.9918,0.4042,2.7379,4.3656
1.7478,-0.9170,11.7340,3.6255,1.5881,1.9799,-5.1715,-5.7676,7.8817,1.5063,1.4056,4.3656
1.5514,0.3711,9.7468,3.9295,0.3539,0.6936,-3.3878,-2.8754,7.0916,2.6344,-0.9954,3.6958
1.1349,2.4972,8.9088,3.7068,-1.0623,-0.0930,-4.9416,-0.6393,5.7317,3.4928,-0.3400,2.6123
1.7645,3.2920,8.8083,3.7790,-2.2286,-1.0148,-4.0606,0.6991,6.7301,4.0837,-2.5552,1.9819
2.0039,3.0095,6.4117,3.8804,-2.6838,-1.9784,-1.7885,2.7653,4.5538,4.3656,-2.7855,0.2719
-0.1125,3.1747,3.2872,3.0583,-3.9129,-3.1953,0.3591,4.8123,3.2585,4.3656,-3.3438,-1.8871
-2.7581,5.7293,1.3743,1.6088,-4.0195,-3.2214,-1.6783,4.5729,3.1412,3.8039,-3.4927,-3.9949
-3.1723,6.6463,1.4269,0.6127,-3.5474,-3.2492,-5.7676,4.0821,0.9313,3.7249,-1.0407,-4.2770
-3.4716,6.9647,1.7549,-0.9777,-3.3346,-2.1755,-5.1523,5.2050,-3.4740,1.3354,-2.9917,-4.3603
-3.5769,6.4643,1.3647,-2.3088,-2.9280,-1.1010,-4.7621,2.5738,0.2203,-0.6888,-3.1606,-4.3657
-3.3543,6.2513,3.6631,-3.1211,-1.3956,-0.2783,-10.2568,0.1101,2.5618,-1.7909,-0.2389,-3.2676
-2.7629,4.8243,4.4341,-3.2333,-1.1847,0.8191,-6.8642,0.1006,0.3759,-2.7230,-1.4823,-2.7491
-2.5067,3.6368,5.8012,-3.7393,-1.0072,1.3857,-7.2089,-2.5809,2.4636,-3.6972,-2.6865,-2.2280
-2.1524,2.0183,6.9959,-3.4863,-0.3932,2.0366,-7.9176,-4.8147,4.0103,-3.8825,-1.1692,-1.3292
-2.2314,0.7063,7.7117,-3.6689,-0.7149,2.7853,-8.2911,-6.5074,3.6823,-4.1891,-2.7765,-0.0385
-2.0973,-0.3496,9.3374,-3.0222,-0.1009,3.4884,-7.6399,-8.0756,4.6136,-4.3657,-2.2756,1.1744
-2.2266,-1.8842,9.5960,-2.1004,0.5052,4.1136,-7.4460,-9.1411,4.7836,-4.2248,-1.7996,2.1473
-2.2075,-3.6152,9.0932,-1.6553,0.6591,4.3656,-5.2625,-9.4882,4.2473,-4.0221,-2.2623,2.8699
-1.1444,-4.3934,9.1626,-1.2665,0.6516,4.3004,-4.4748,-10.0820,5.4396,-3.6452,-1.5290,2.7984
-0.4429,-4.3455,10.7045,-0.5554,0.8471,4.0095,-6.6152,-10.6518,8.0134,-2.7511,-0.7845,3.1090
-0.4118,-3.4117,11.3772,0.6864,1.2509,2.9703,-5.6527,-9.6486,7.1443,-1.4877,-0.3817,3.8748
0.2586,-3.0382,11.1139,1.7447,1.3358,2.7042,-7.1419,-9.4978,8.8777,-0.6222,0.2414,4.1327
0.8811,-1.9369,12.2009,2.5905,1.2542,2.0659,-5.7820,-8.5281,9.1602,0.4932,0.2450,4.3656
2.8491,-1.0223,11.9950,3.8411,0.7119,1.2947,-9.6558,-8.9687,8.9519,1.6458,0.6638,4.3656
0.8954,-0.4046,12.3038,4.3656,0.3920,0.4816,1.2785,-4.9081,11.0564,3.1714,-2.4960,4.3596
0.3639,4.0151,3.0239,4.3656,-3.9039,-1.6005,-2.3870,3.0933,2.8850,4.3656,-4.3657,0.6018
1.1516,6.2608,2.9209,2.5534,-3.2664,-2.0552,-1.8172,5.7269,2.0638,4.1156,-1.3879,-1.7749
0.8332,6.8714,-0.4764,1.4193,-3.1096,-2.3771,-0.6632,6.6774,2.0351,3.2888,-1.6347,-2.6526
-0.6297,7.0797,1.0558,-0.5565,-2.8946,-2.5234,-1.3862,6.4117,1.1540,2.0504,-1.8987,-3.7694
-0.3304,7.2544,0.9792,-1.7862,-2.8646,-2.3337,-0.2514,6.1746,-0.2801,0.9858,-1.4003,-4.3657
-1.9345,5.5330,2.0016,-4.0601,-2.4808,-1.3636,-6.1986,0.0383,0.8835,-1.9792,-2.0093,-4.3657
-2.7294,4.5083,4.7525,-4.3657,-1.4513,-0.5229,-6.9001,-2.0614,1.2378,-3.0166,-1.1394,-4.3657
-2.7318,3.0191,5.8371,-4.3657,-1.3390,0.6202,-8.5186,-4.6400,1.3767,-3.8445,-2.0728,-3.6043
-3.0526,1.8004,7.3382,-4.3657,-0.6816,1.6470,-9.5672,-7.1419,4.0917,-4.3657,-2.3908,-2.1100
-3.3806,0.4214,8.9304,-3.7964,0.2164,2.6540,-9.8545,-8.6359,4.7285,-4.3657,-1.4454,0.0384
-3.5123,-1.2115,10.0389,-2.7518,0.8331,3.4661,-8.7388,-9.5672,4.0654,-4.3657,-1.7802,1.5220
-3.1891,-2.8515,9.1291,-2.0608,1.5031,4.1363,-6.6343,-9.8809,3.7900,-4.2934,-1.4540,2.5018
-2.2314,-3.9193,9.8330,-1.6498,1.5572,4.1960,-5.7748,-9.9958,4.1348,-4.1248,-0.9663,2.7456
-2.8611,-3.6033,10.0078,-0.9727,1.4707,3.9158,-7.9487,-10.6638,5.7796,-3.4383,-0.6535,3.0622
-2.3487,-3.4261,10.9343,-0.3828,1.6304,3.7609,-8.5593,-10.9774,6.7181,-2.7206,-0.2966,4.1832
-1.0247,-3.3615,13.0388,0.9908,2.0370,3.1738,-7.2880,-10.9774,9.2392,-1.6489,0.6079,4.3656
-0.2394,-3.1675,13.9462,2.3397,1.4786,2.5548,-5.6886,-9.3781,8.7939,0.0650,0.2292,4.2498
2.1763,-2.6193,12.2248,3.4242,0.6074,1.5704,-5.7221,-8.6670,9.8809,1.5882,-0.1615,4.3071
2.8180,-1.0295,12.7994,3.9993,-0.1616,0.5602,-4.5083,-6.8857,9.1722,3.0366,-0.3018,3.9419
2.5211,0.7733,11.5113,4.3656,-1.3627,-0.2775,-5.0374,-4.5538,9.1482,4.2619,-1.2076,3.4587
2.6169,1.5155,9.7971,4.3656,-2.3057,-1.1944,-2.8491,-1.8004,6.7181,4.3656,-2.5762,2.0254
3.2872,1.5036,5.9065,4.3656,-3.3514,-1.9845,-1.6855,0.3974,6.2560,4.3656,-2.4894,0.5365
0.3735,2.2003,6.3039,3.9022,-4.1388,-3.7313,-1.6257,0.4956,6.9887,4.3656,-2.5445,-1.6218
-1.6520,4.7022,2.2960,3.3773,-4.3657,-4.0444,-5.2170,3.1125,-0.3950,4.3656,-3.6496,-2.4826
-3.2130,6.0501,0.5195,2.0368,-4.3657,-3.8229,-3.8068,5.0135,-0.4669,4.3656,-4.3657,-3.2431
-3.4117,7.2472,-1.5323,0.6490,-3.7105,-2.9989,-3.4069,6.3063,-2.9137,3.0383,-1.6916,-3.9863
-3.4860,7.4244,-1.1061,-1.8486,-2.2283,-1.8025,-4.0175,5.8754,-3.5458,-0.0357,-1.4821,-4.3162
-2.2338,6.4236,1.0343,-3.0730,-1.6366,-1.1214,-4.7573,2.9999,-0.8164,-1.7237,-1.0387,-4.3657
-2.9975,5.4731,3.0861,-4.0476,-1.2853,-0.5124,-4.2856,0.9577,-0.6440,-3.0266,-1.4754,-4.3260
-2.5881,4.2449,4.2449,-4.3657,-1.2462,0.4012,-6.8043,-2.3966,1.8172,-3.8637,-1.7682,-4.1510
-1.9992,2.3296,6.3949,-4.3657,-1.3494,1.3014,-8.0278,-5.2864,3.2872,-4.3657,-2.1994,-2.9444
-2.2769,1.0343,8.8011,-4.3657,-0.9547,2.1629,-8.6311,-7.2856,4.0701,-4.3657,-2.5555,-1.4113
-2.3080,-0.2203,8.4994,-3.6423,-0.2507,2.8970,-8.3941,-8.7293,5.1475,-4.3657,-2.2763,0.2124
-1.5083,-2.1093,10.4124,-3.0243,0.5108,3.5591,-6.7373,-9.8976,6.3638,-4.3044,-1.5905,1.4878
-1.1588,-2.9544,11.3629,-1.7551,0.8300,3.7255,-7.1012,-10.4315,6.7253,-3.6310,-1.2136,2.1542
-0.5363,-3.7206,9.4379,-0.9804,1.1648,3.7666,-5.6072,-9.6319,6.5050,-2.9030,-0.9642,2.7625
-0.0383,-3.8786,10.2999,-0.6544,1.0830,3.2115,-6.7301,-10.2089,7.4101,-2.2854,0.0160,3.2807
-0.3232,-3.1699,13.4195,0.7378,1.4861,2.5768,-7.0270,-10.0509,8.7939,-1.2462,0.3432,3.6886
-0.6369,-2.6959,12.7659,2.2398,1.5940,2.0872,-8.5090,-9.9503,9.5385,0.1641,0.6740,4.1311
-0.6033,-1.5251,12.4259,3.3294,1.4056,1.5479,-6.2704,-7.8985,5.8610,1.7341,0.5415,4.3656
-0.5291,-0.3639,10.8170,4.1916,0.9899,1.3717,-7.8123,-6.1818,7.0868,2.0631,0.1833,4.3656
0.9361,1.2641,8.5976,4.3656,0.3918,0.7754,-4.4772,-3.9289,7.3358,3.0477,-0.7522,4.3656
1.5083,2.2817,7.9871,4.3656,0.3024,0.1733,-1.9082,-0.3591,5.0135,3.5530,-0.4811,3.3654
0.4381,4.1252,5.6982,4.3024,-0.8893,-0.2827,-3.9313,1.6113,4.8171,3.9362,-0.4766,2.1741
0.5219,6.0980,3.3734,3.4403,-1.3081,-0.6443,-4.8411,3.9002,2.0231,3.1285,-1.5641,1.4799
-0.9864,5.9137,3.6009,2.8533,-1.3162,-1.2056,-2.8299,5.7796,1.8459,3.2568,-0.3792,-0.3774
-0.2131,6.5098,0.8045,-1.4631,-2.3499,-1.7251,-3.0981,5.2289,1.7406,0.9884,-0.6893,-3.6074
-2.4588,6.0693,3.0909,-2.7727,-2.4605,-1.5569,-5.0398,3.5195,-0.0599,-0.5758,-2.0644,-4.3449
0.0431,4.3359,4.4508,-3.8440,-2.8972,-1.0617,-3.2872,0.9649,2.2625,-1.7054,-2.5467,-4.3657
-2.7940,4.5705,7.6399,-3.4831,-2.1895,-1.2605,-8.7460,-2.7988,6.0262,-1.2648,-0.8847,-4.3657
-2.4277,3.8762,8.3079,-2.9757,-2.9509,-0.3206,-8.8155,-3.2346,4.3838,-1.2291,-2.7913,-3.8429
-1.6688,2.5953,8.3510,-2.3764,-1.5540,0.4029,-8.6167,-4.5179,5.1308,-1.8477,-2.6937,-2.6752
-2.3727,1.4868,7.5202,-2.1802,-0.7917,1.1201,-8.5425,-5.3199,3.9385,-2.1469,-0.6744,-1.3213
-2.4517,0.6632,7.3143,-2.2633,-0.7011,2.2019,-7.2951,-5.7557,2.2194,-2.9196,-2.7178,-0.4656
-2.8706,-0.4860,7.9727,-2.2873,0.5581,3.3329,-8.4156,-8.0709,3.2106,-3.9370,-1.5492,0.8930
-2.7773,-2.0087,8.0493,-2.1727,1.0764,4.2317,-6.9408,-8.9854,2.8611,-4.3657,-1.5327,2.3265
-2.2242,-3.6559,7.9368,-2.4075,1.2891,4.3656,-4.5825,-9.6893,2.5905,-4.3657,-2.1713,2.8861
-2.4948,-4.7597,9.1578,-2.2541,1.5379,4.3656,-4.8052,-10.8793,3.4285,-4.3657,-0.9551,2.8033
-0.6967,-5.8347,8.6383,-1.8822,1.4036,4.3656,-4.6304,-11.2144,5.1188,-4.3657,-1.5964,3.1229
-0.9984,-5.4133,10.8074,-1.3063,1.3864,3.7567,-4.0223,-11.0181,7.4508,-3.5417,-0.8438,2.9099
-1.7502,-4.4269,12.3134,0.1852,1.5376,3.1171,-6.6008,-10.5249,7.4795,-1.9358,0.4622,2.8877
-0.3065,-4.3311,11.4251,1.2690,1.6752,2.5322,-6.2177,-9.9048,8.3941,-0.8379,0.0498,3.0649
-0.0048,-3.7014,11.8274,2.3543,0.9344,0.9510,-6.4428,-9.2416,7.1036,1.0837,1.0285,3.3422
-1.1660,-2.5307,11.4515,2.9672,-0.0552,0.5300,-6.4428,-7.5920,5.6288,1.8612,-0.0280,2.7909
-1.2665,-1.0654,11.0923,3.5104,-1.0457,-0.0238,-10.7811,-8.5186,6.9839,3.2283,0.0309,3.9137
-1.6352,0.0455,11.3725,4.3656,-1.4566,-0.3581,-6.5290,-4.4484,2.8443,3.5952,-2.0017,3.5731
-1.7717,1.5586,7.6662,4.3656,-0.9787,-0.4910,-6.9695,-3.1388,3.6512,4.2320,-1.4248,3.7679
-1.2067,2.6719,6.9815,4.2662,-1.5098,-0.1911,-5.2625,-0.1221,3.8714,3.6215,-1.2610,2.7891
-0.6297,4.1396,5.9328,4.2490,-1.2012,-0.3376,-5.2481,1.3431,4.1875,3.9058,-1.6008,2.2688
0.4453,4.9368,4.9368,3.9933,-0.8764,-0.6948,-4.5466,3.1627,3.3136,3.5220,-0.7104,1.7212
0.3017,5.7820,2.7964,3.2945,-1.6048,-0.9029,-1.6783,5.7892,1.1660,3.4156,-1.6447,0.8966
2.1644,5.6383,0.7039,1.8542,-2.6870,-1.4753,1.4054,6.5314,3.3064,3.3107,-2.6985,-1.2726
0.3998,5.7293,1.8531,0.8170,-3.1785,-2.7248,0.5100,6.9145,0.8260,3.1653,-1.3201,-3.2682
-1.3934,6.7564,0.4932,-0.4327,-4.0959,-2.9143,-1.9992,5.9951,-0.8284,2.3481,-3.1072,-4.3657
-1.7334,6.4979,0.7326,-1.5608,-4.0838,-2.7010,-2.1476,3.8140,3.4596,1.7624,-3.5862,-4.3657
-2.0542,6.8594,0.9577,-2.2816,-3.1969,-2.3117,-6.7445,2.5235,1.7023,0.6734,-1.3075,-4.3657
-2.5522,5.6838,4.5274,-2.4536,-1.6429,-0.5080,-5.8610,1.6640,0.1700,-0.9522,-2.1550,-3.2377
-1.0870,2.5067,4.4532,-4.2789,-1.2375,0.4481,-5.0613,-2.6647,1.2091,-3.3751,-1.6110,-3.9246
-2.1213,1.0870,6.7900,-4.3657,-0.9887,1.0412,-5.0446,-5.7030,1.6759,-4.2578,-2.8047,-3.7485
-2.4277,-0.7733,7.4651,-4.3657,-0.8306,1.8591,-7.6447,-8.9854,3.3710,-4.3657,-2.5907,-2.3590
-2.9257,-2.4852,9.1650,-4.3657,-0.5300,2.8482,-8.4994,-11.3820,3.6320,-4.3657,-2.8035,-0.4181
-1.9058,-3.9528,10.4291,-3.7215,0.2621,3.3798,-8.2504,-12.7611,4.3551,-4.3657,-2.4841,1.5010
-2.8395,-4.9488,11.3030,-2.3253,1.0585,3.6283,-5.1930,-12.8186,5.5665,-4.3657,-1.7981,2.5431
-2.2793,-5.8754,10.5872,-1.3703,1.2304,3.6800,-4.6112,-11.9590,5.2098,-3.6564,-1.3280,2.5626
-4.0725,-6.6319,11.0899,-0.5311,1.5914,4.3656,-4.7214,-11.8992,6.4356,-2.6445,-0.5101,2.5788
-0.2682,-5.5569,10.6494,0.4133,0.7739,3.2243,-6.7086,-11.1953,6.0047,-0.9581,0.1541,3.0022
-0.5794,-4.5298,10.8793,1.7240,0.7605,2.0956,-7.3574,-11.4706,7.5705,0.1332,-0.1374,3.8781
-0.2658,-3.9863,12.3349,3.0513,0.5301,1.3330,-7.0102,-10.3214,7.5585,1.5104,0.6137,4.1536
-0.6895,-2.9353,10.7739,4.0148,-0.0648,0.5789,-5.1499,-8.2145,4.8818,2.5889,0.0176,4.2166
-0.0192,-1.6759,10.4028,4.3656,-0.4112,0.5300,-7.4819,-7.7716,7.4508,3.2034,-0.4636,4.0242
0.0599,-0.2753,9.3613,4.3656,-0.4326,-0.0115,-4.1875,-4.6759,4.4412,4.0783,-0.3724,3.9676
0.2873,1.2881,8.3366,4.3656,-0.6360,-0.1817,-7.3454,-4.2737,6.8857,4.3625,-0.1038,3.7197
0.5722,2.3559,7.8386,4.3656,-1.6939,-0.5429,-5.2984,-1.8124,4.6591,4.3656,-1.0902,3.9780
0.3112,3.8547,6.1220,4.3656,-1.8626,-0.7493,-1.3192,2.6695,1.1133,4.3656,-2.8847,2.1125
1.0582,4.8363,3.4979,4.2148,-3.1070,-1.6285,-1.0199,5.0087,2.1380,4.3656,-1.6850,0.5572
-1.3384,6.0885,0.6895,3.1180,-4.3657,-2.3017,-0.9960,6.8163,-0.0120,4.3656,-4.3657,-2.0896
-2.1500,7.3191,0.5770,1.3249,-4.3657,-2.2584,-4.6160,6.6319,-0.4788,3.7062,-3.9257,-2.8727
-1.6807,7.2401,-0.0215,-2.9187,-3.0843,-1.7300,-3.6368,3.9504,-0.5459,-0.5345,-1.7517,-4.3657
-2.2266,5.6527,0.4741,-4.3657,-2.8818,-1.1273,-5.5833,1.4222,-0.4334,-2.1670,-3.0732,-4.3657
-2.2075,3.9672,3.4333,-4.3657,-2.5756,0.0473,-5.2481,-1.5730,-0.2777,-3.6274,-3.0755,-4.3657
-1.8364,3.1412,6.7924,-4.3657,-2.4585,1.1923,-7.8650,-5.3486,1.7214,-4.3657,-2.9573,-4.0281
-2.0255,1.6664,8.3510,-4.3657,-2.1421,2.5591,-11.1498,-9.1530,4.9656,-4.3657,-4.0201,-1.2184
-1.2498,-0.0335,12.8952,-3.8401,-0.9868,3.8213,-9.0237,-11.1833,8.2791,-4.3657,-3.4286,1.6133
-1.5658,-1.5921,13.1514,-1.3639,0.7249,4.3656,-7.2712,-11.3509,9.6486,-4.2242,-1.8915,2.7952
0.1508,-3.5482,9.6295,-0.1212,1.3466,4.3656,-5.1284,-10.1323,6.4428,-3.4113,-1.8004,4.0715
0.1269,-3.8786,8.8107,-0.1059,1.6643,4.3656,-4.6495,-10.0533,6.8115,-3.3060,-1.3387,4.3656
-0.4908,-3.2992,11.6526,0.5327,2.6562,4.3656,-6.0334,-10.5752,9.1051,-2.6650,0.4505,4.3656
-0.5890,-3.3040,12.4786,2.0037,3.4282,4.3656,-7.0749,-10.0868,8.0086,-1.7227,1.7608,4.3656
-1.4341,-2.2913,11.2647,3.1481,3.5746,3.9943,-8.2720,-10.7476,8.4467,-0.9451,1.8906,4.3656
-0.8930,-2.6049,11.5927,4.2325,4.1070,3.9865,-4.0821,-8.1594,7.6160,-0.2794,1.4646,4.3656
2.1069,-1.3096,9.8689,4.3656,4.3656,2.6147,-4.4700,-6.9935,9.8713,0.8852,4.1314,4.3656
-0.3184,1.5012,11.0947,3.9976,2.0675,1.4120,-2.6240,-1.9321,5.1140,2.0665,3.0649,4.3203
-0.4262,3.9025,10.9511,3.5699,-2.6396,0.3866,-7.8003,0.3926,3.2992,3.3774,-2.6697,2.9034
-0.8691,4.9177,6.7014,4.1565,-4.3657,-0.7746,-2.9592,4.0773,2.6743,4.3656,-4.3657,1.4169
-0.1748,5.3127,2.1835,3.5843,-4.3657,-1.2176,-2.2745,4.7764,4.5729,4.3656,-4.0654,-0.4718
1.4365,5.7126,4.3479,2.2752,-4.3657,-2.6414,-2.0925,4.9632,5.0949,4.3656,-2.9615,-1.9702
-3.1771,7.4388,0.5267,2.4817,-4.3657,-2.6312,-4.8195,6.2632,0.1867,4.3656,-4.3657,-3.0876
-2.2075,7.4053,-1.6688,-0.1010,-4.3657,-2.2761,-1.9345,8.0182,-5.0829,3.8550,-4.3657,-4.1852
-2.4588,7.0509,-2.4541,-2.0214,-3.9956,-2.3425,-1.6376,5.9065,-3.6129,0.1011,-3.1332,-4.3657
-3.3926,5.8466,-0.8691,-4.2220,-2.8101,-1.9373,-5.5641,1.1396,-1.4557,-2.0037,-1.9544,-4.3657
-6.2560,5.6862,3.0358,-4.3657,-1.4129,-0.6482,-8.6766,-2.3535,-0.8595,-3.5290,-1.8153,-4.3657
-4.2186,4.6184,5.7197,-4.3657,-0.8640,1.4915,-11.6909,-4.6711,0.5674,-4.3657,-1.9003,-3.1068
-4.8459,3.1891,6.7660,-4.3657,-0.5251,2.5269,-10.8290,-6.2944,3.0311,-4.3657,-3.2267,-0.5842
-3.7326,1.6113,8.4013,-3.8191,0.1612,3.6862,-7.3502,-6.5338,3.2585,-4.3657,-2.6217,0.8426
-2.4205,0.2586,7.8362,-3.3000,0.4670,4.3616,-7.2520,-7.3598,4.1731,-4.3657,-2.2266,1.4253
-0.8811,-1.1253,8.4491,-3.1043,0.8757,4.3656,-5.3247,-8.1163,5.6599,-4.3657,-2.1988,2.1537
-1.2043,-2.7246,9.4954,-2.5700,1.1341,4.3656,-3.8618,-8.6000,5.5282,-4.3657,-1.4725,1.9492
-1.2546,-2.0135,9.7564,-1.9147,1.5648,4.3656,-6.9504,-9.0477,6.6224,-4.3657,-0.5462,2.0422
-0.2035,-3.1268,10.6470,-1.3412,2.4340,4.3507,-6.8738,-9.8043,8.4755,-3.8413,-0.3384,3.1645
1.1229,-3.5338,11.9662,-0.5399,2.8180,2.9083,-6.5027,-10.2089,9.6319,-2.3285,1.3387,4.0127
-0.4645,-2.7414,13.2998,1.0693,2.2483,1.6126,-6.7947,-9.1099,8.5497,-0.9249,1.8345,3.3485
-0.3903,-2.2505,11.9878,2.1533,1.1171,0.7951,-6.5936,-7.7405,7.1443,0.8227,0.6747,2.9651
-1.5299,-1.4461,10.8697,3.0393,0.1629,-0.1005,-7.6255,-6.9312,5.2481,2.3808,0.3778,3.0251
-2.6887,-0.3950,9.9192,3.5389,-0.4884,-0.2318,-9.4954,-6.2608,4.6759,2.8550,-0.1555,3.0902
-2.4708,1.0247,10.0437,4.0075,-0.6769,0.0377,-9.9910,-5.0637,4.3167,3.1762,-0.3710,3.5875
-1.4868,1.8531,9.0597,4.3656,-0.7630,-0.2341,-6.9384,-2.9951,4.2090,3.6595,-1.2197,3.8488
-1.3791,2.6217,7.3478,4.3656,-0.9096,-0.1631,-10.5177,-3.1220,6.3734,3.9322,-0.8966,4.1406
2.0925,2.6240,6.8187,4.3656,-1.8768,-0.4579,2.2458,0.9673,3.1963,4.3656,-2.2038,4.3528
0.8308,3.1125,5.4540,4.3656,-2.0727,-1.7403,-0.5986,4.0821,1.3120,4.3656,-0.9254,0.1396
-3.5745,5.1380,2.7054,3.6443,-4.0268,-2.6947,-4.5849,6.0047,-1.9489,4.3656,-1.8615,-0.9495
-3.5937,7.5944,-1.4533,-0.9261,-2.2335,-2.0366,-0.9960,7.5465,-3.5243,1.0210,-0.8669,-4.2547
-3.4357,5.8012,1.2139,-3.8081,-1.9191,-1.1470,-4.1563,1.5490,-1.9800,-2.1794,-1.8024,-4.3657
-3.3734,4.1539,1.7621,-4.3657,-1.6890,-0.1515,-6.3303,-1.9441,-1.3767,-3.4030,-1.6181,-4.3657
-3.1556,2.4181,4.9488,-4.3657,-1.8118,0.5540,-6.7588,-5.3798,1.1253,-4.2858,-3.5677,-4.3657
-2.5019,0.7494,8.2313,-4.3657,-2.1998,1.6308,-5.1595,-7.0126,0.3256,-4.3657,-4.3657,-3.3183
-2.6695,-0.3328,8.8921,-4.3657,-1.8024,2.5702,-8.0613,-10.7859,5.8395,-4.3657,-3.8163,-2.4917
-1.4293,-1.1468,10.1538,-4.0055,-1.5388,3.3253,-10.1754,-12.5241,7.5920,-4.1777,-3.0910,0.3058
-0.2418,-2.3990,11.9064,-2.0582,0.0565,3.4639,-6.7373,-11.6526,8.1499,-3.5210,-3.1376,2.2003
-0.5459,-3.4668,10.5584,-0.6779,1.2596,3.4270,-6.0525,-10.9678,8.8035,-2.4676,-0.2583,2.9106
-0.2394,-3.8116,10.2951,-0.0561,1.4747,3.1598,-6.0047,-10.5225,6.7612,-1.9269,0.2184,3.7246
-0.7278,-3.4740,12.8736,1.1555,2.1204,2.9220,-10.7452,-12.6007,9.9647,-1.2998,0.8491,4.3656
-0.6967,-3.0143,13.2639,2.5291,2.2988,2.4324,-4.7812,-10.4339,4.9512,0.2854,0.6051,4.3656
-0.6943,-2.2290,12.2056,3.8741,1.9216,2.3526,-6.9432,-9.2799,6.5218,0.9737,0.6606,4.3656
-0.8188,-1.6281,10.7404,4.3656,1.5412,2.4268,-5.5091,-6.6272,6.2177,1.7688,0.4234,4.3656
0.0239,0.4573,8.2121,4.3656,0.6566,1.8838,-6.5290,-4.1994,3.8690,2.4180,0.3103,4.3656
-0.8619,2.4157,9.0046,4.3656,-0.6234,1.5048,-3.5578,-0.0886,3.0358,2.6994,-1.6090,4.3656
0.6393,4.1899,5.7485,4.3397,-1.8714,1.4446,-4.8842,2.3296,2.5929,2.5346,-2.6160,3.7197
4.2856,5.1954,4.5657,3.1152,-2.7805,0.4010,-1.2234,4.1013,5.2122,1.9831,-4.0903,3.0800
3.4309,6.2465,4.3527,2.8072,-2.1959,-0.7838,2.0518,5.4755,7.8458,2.5691,-3.3277,1.3351
3.4213,5.9831,2.6097,2.2720,-2.4304,-1.5865,2.5307,6.7516,5.3079,3.4475,-1.2797,-1.5960
2.3774,6.2824,2.2098,1.1143,-3.4070,-2.8353,-1.3168,4.9919,6.4452,4.3600,-1.7577,-3.4936
0.0862,7.7069,0.6895,0.1755,-3.5979,-3.4852,-2.1141,7.0677,-0.8021,3.8888,-2.9561,-4.2020
-2.7797,8.2217,0.2059,-0.6187,-2.4862,-3.0964,2.4756,8.4587,-4.3574,2.4636,-2.8790,-4.3657
-2.7581,8.3151,-2.4229,-2.0638,-1.9553,-2.4229,-6.0238,3.5291,-0.5698,-0.5164,-0.7196,-4.3657
-5.2840,7.1563,1.3934,-3.6567,-0.7285,-1.3835,-4.9368,2.2625,-4.4197,-2.5246,-0.4009,-4.3657
