0.8859,-2.2194,7.9895,-4.3657,2.4697,0.5510,-2.1691,-6.4715,5.7509,-4.3657,1.7563,-4.2506
0.1030,-2.6384,14.5998,-4.3657,0.2002,-0.4592,-7.8314,-10.0197,10.0197,-2.4624,1.0637,-4.3657
1.3575,-2.7964,13.2519,-2.9631,-2.1866,-1.9686,-7.9080,-9.3901,6.4500,0.7049,-0.3587,-3.9038
0.6416,-3.7326,13.0652,-2.3673,-3.9063,-3.3911,-5.1547,-11.2408,9.8785,2.6321,-2.6969,-4.3657
0.5076,-3.9456,15.3947,-0.4992,-2.6600,-4.3657,-8.5904,-14.5520,9.2512,4.3656,1.8563,-4.3657
-0.7901,-3.5793,12.5696,1.7523,-2.3846,-4.3657,-9.4810,-13.5775,4.1492,4.3656,1.7115,-2.4753
-2.2218,-2.9928,9.6031,1.8987,-2.7179,-4.3657,-7.4268,-11.4970,2.5618,4.3656,-0.3224,-1.0115
-2.0734,-1.5562,9.7707,2.1309,-1.4959,-4.1482,-7.5537,-10.3334,2.0638,4.3656,1.8965,-0.7338
-2.1668,-0.0862,9.7181,2.9274,-0.0021,-3.3193,-10.3741,-9.8138,2.3056,4.0779,2.7318,0.7250
-4.1563,1.0032,8.2791,3.8272,0.4738,-2.5972,-8.7197,-8.1594,1.2186,3.6531,1.4645,1.7090
-3.8906,1.7382,9.3948,4.1459,1.9674,-0.6037,-11.4491,-7.5441,-1.8148,2.4917,2.9140,3.4669
-4.5586,2.6001,4.1922,4.3656,2.7552,0.5610,-5.8778,-1.9513,-5.1595,0.6534,1.4438,4.3656
-3.7613,3.7445,0.2490,2.5270,3.2186,2.1301,-6.9073,-0.5507,-3.8642,-1.9498,0.8980,4.3656
-3.9241,4.9775,0.9697,0.4297,4.3656,2.2884,-4.8459,1.7382,-1.2378,-3.9502,3.3981,3.8127
-4.3191,4.9488,2.8491,-1.2152,4.3656,2.6123,-5.8993,2.2098,-2.1907,-4.3657,2.6927,2.7079
-3.5458,4.1156,2.5666,-2.7412,3.0788,2.7448,-4.5705,2.0782,-2.6408,-4.3657,0.9006,1.4843
-0.5171,1.5754,2.3224,-4.3657,1.7024,2.1506,-1.7957,-0.4573,1.8866,-4.3657,-0.5325,0.2806
0.8523,0.5866,7.1347,-4.3657,0.3104,1.1526,-1.5897,-2.3727,8.1044,-4.3657,-0.2699,-2.3200
1.0151,-0.3879,11.8776,-4.3657,0.6177,0.1318,-4.3958,-4.9392,5.8897,-2.8013,2.0632,-4.3657
0.7805,0.2945,12.2703,-3.1809,-0.8644,-0.8805,-8.5736,-8.6215,8.8178,-0.5227,0.1503,-4.3657
1.2186,0.2155,13.5632,-1.8562,-1.7124,-1.4520,-11.5257,-9.9623,8.4420,1.2806,-0.3784,-4.2497
0.6297,-0.7230,11.7172,-0.5089,-1.9352,-2.5740,-9.7252,-9.0573,6.3758,2.4553,0.3134,-2.2942
0.6560,-1.5371,10.6350,-0.0995,-2.6055,-3.2810,-5.3247,-7.8171,6.1555,3.3986,-1.0702,-2.2139
-0.4238,-1.2977,11.2384,0.4305,-2.6413,-3.8630,-6.4859,-8.9830,6.6798,3.9378,0.5828,-3.1090
-0.0311,-0.5962,10.4986,1.0327,-1.8878,-3.9953,-9.1578,-9.9024,5.4133,4.3656,1.2810,-2.3790
-2.1979,0.2705,10.7667,1.7636,-1.5251,-4.1783,-9.9575,-9.3829,3.4309,4.3656,1.3639,-0.9209
-4.3479,1.3072,10.1778,2.7121,-0.4884,-3.0133,-10.4938,-8.8585,2.0901,4.1893,1.7491,-0.5602
-3.7254,1.8268,8.7029,3.4442,0.5987,-1.7729,-12.2439,-7.8027,-0.7207,3.4318,2.7831,1.4273
-4.7070,2.6312,5.7868,3.8239,0.9615,-0.7770,-9.5840,-4.7764,-3.0239,2.1514,1.0898,3.0691
-5.3678,4.2569,4.9009,3.0180,2.1326,1.1399,-10.0796,-3.3615,-2.9688,0.1027,2.1328,4.3656
-3.7661,4.3670,3.5075,2.5331,2.9696,2.3863,-7.4939,-0.7901,-3.5051,-1.6788,0.9142,4.3656
-3.9121,4.8937,1.5155,1.1956,3.2566,3.1121,-4.3766,1.3144,-2.9018,-3.4552,0.4538,4.3656
-1.9585,4.3096,0.1437,-0.6367,4.3656,3.2636,-2.7964,2.2051,-0.0120,-4.3657,1.4770,3.2634
-2.1308,3.9576,1.3048,-2.6855,4.3656,2.6742,-1.8076,2.7773,0.5602,-4.3657,2.3370,1.2941
-0.7997,2.4421,4.0917,-4.2829,3.7461,2.2247,-2.2242,1.0918,0.4764,-4.3657,1.9921,-1.0613
1.4485,0.3424,5.9496,-4.3657,1.4325,1.3535,0.0431,-2.2841,5.0733,-4.3657,-0.3631,-3.6427
3.1125,-0.8308,8.8609,-4.3657,-0.1600,0.2040,-2.8850,-6.6008,7.8243,-3.4446,-0.0757,-4.3657
3.8020,-1.7621,11.8154,-4.3657,-1.1946,-1.3865,-6.0669,-9.6438,8.8178,-1.7144,0.7763,-4.3657
1.9585,-1.6089,16.1010,-3.4167,-3.1778,-2.0863,-7.1898,-11.2073,10.6063,0.8487,-1.9817,-4.3657
2.3894,-2.3631,15.6150,-1.7159,-2.4208,-3.0181,-9.6965,-13.4865,10.2137,2.2110,0.4318,-4.3471
0.6177,-2.7605,13.9390,0.4167,-2.2757,-3.7313,-9.2799,-13.4626,8.7652,3.7294,0.6496,-2.5818
0.5650,-3.4046,13.1418,1.3851,-1.8057,-3.8576,-7.2137,-12.6605,6.6726,4.3656,0.7294,-1.4217
-0.2538,-3.0526,10.2544,2.2392,-1.3599,-3.8101,-7.4124,-11.2982,2.2577,4.2758,2.0508,-0.5140
-1.8507,-1.0726,11.3964,2.4737,-1.0297,-3.3091,-10.1466,-11.4108,4.5993,4.0893,1.4073,0.9381
-2.2960,0.5411,9.7420,3.7327,0.2533,-2.4841,-10.8625,-9.0022,1.3479,3.6352,2.1677,2.4617
-3.8451,2.2482,6.8833,3.9584,1.1375,-1.2473,-8.1068,-4.8961,-1.1468,2.6805,1.1568,3.4833
-3.8235,4.1563,4.7501,3.5914,1.6192,0.1853,-8.5856,-2.0758,-2.6264,1.0801,1.4260,3.9458
-4.1827,5.0757,2.4900,3.0824,2.8213,1.5503,-8.4922,-0.4070,-2.7605,-0.9409,1.1695,4.3656
-3.4117,5.3343,0.1939,1.6810,3.9903,2.5067,-3.4453,2.5618,-1.9656,-2.6481,0.9423,4.3625
-2.7653,5.4827,0.7661,-0.3432,4.3656,3.0740,-5.4253,2.2362,-2.1907,-4.3657,2.4882,3.7760
-1.7310,3.9959,1.5538,-2.0700,3.9329,3.3048,-1.7023,2.6240,0.7374,-4.3657,0.8556,2.4407
0.0718,2.5115,2.2649,-4.0264,3.0742,2.5796,-0.6201,1.6161,2.5929,-4.3657,1.0846,0.0256
2.0686,0.8715,4.8985,-4.3657,1.9965,1.5008,-7.7812,-4.0677,3.9121,-4.3657,2.7111,-1.6189
1.3791,0.3160,9.9288,-4.3657,1.2084,0.2526,-7.0246,-4.8315,6.7181,-4.3657,1.6571,-0.8660
3.6440,-1.3312,15.2487,-3.9067,-1.1583,-0.3561,-4.8076,-6.6798,12.3852,-2.0077,-0.3123,-2.4894
4.6424,-1.9704,17.7913,-1.3989,-2.2704,-2.1795,-8.7819,-10.2017,13.8050,2.3339,0.1374,-3.9349
2.2194,-1.0558,13.0340,0.7914,-2.2739,-3.7199,-10.7308,-9.0860,7.0868,4.3138,-0.4325,-2.9054
-0.0144,-1.5419,9.9886,0.7123,-2.8921,-3.9984,-6.9360,-7.7261,5.4875,4.3656,-1.7415,-2.5005
-0.4357,-1.6735,9.9910,0.8060,-2.0427,-4.3657,-5.7221,-7.2927,4.7621,4.3656,0.9048,-3.5440
-1.7980,-0.3472,8.4132,0.8945,-1.4702,-4.0261,-7.0150,-7.5681,3.0143,4.3656,0.9367,-4.0314
-2.0279,0.2729,9.4715,0.8138,-1.4222,-3.8577,-13.9343,-9.8737,2.5833,3.9408,2.1444,-2.4096
-5.0542,2.0710,10.6470,1.9646,-0.5045,-3.1259,-13.6326,-7.1826,0.2203,3.6845,0.9665,0.0508
-4.5753,3.0598,7.8937,2.5882,-0.1418,-1.4865,-11.8968,-5.3199,0.0646,2.7348,0.5051,1.7673
-3.6392,3.2753,6.0789,2.8486,1.0686,-0.2082,-10.4531,-4.0127,-0.9936,1.5551,1.2327,3.6198
-5.0182,4.6711,5.7174,2.8266,2.3671,1.0364,-7.8650,-0.7542,-1.4676,-0.1503,0.7526,3.9347
-5.1834,4.8267,3.1891,2.3987,4.0558,2.9050,-7.6088,0.0479,-2.1620,-1.9520,1.9083,4.3656
-2.3056,3.7493,1.9752,0.5578,4.3656,3.9446,-4.2976,1.7693,-0.3496,-3.5727,2.7078,3.7812
-2.5139,4.0127,2.6743,-1.2622,4.3656,3.4616,-5.0182,2.2721,-1.6903,-4.3657,4.2954,2.8445
-1.8340,2.5474,3.7182,-3.2834,4.3656,2.9240,-4.4580,0.7757,-0.1628,-4.3657,3.3649,1.2000
0.7661,1.3767,5.8826,-4.3420,2.0763,1.7718,-3.1627,-0.5459,3.1316,-4.3657,0.5395,-0.3884
1.5467,-0.0766,7.4891,-4.3657,0.7298,0.4149,0.2203,-1.9369,6.7109,-4.0270,-0.5145,-3.2915
3.3974,-1.9106,9.5170,-4.3657,-1.5406,-1.2401,-0.1173,-5.8203,7.8697,-1.5913,0.3714,-4.3657
3.2968,-2.7174,12.4211,-4.3657,-3.2999,-2.8851,-3.6966,-11.0995,9.3996,0.4218,-0.8278,-4.3657
1.8675,-2.1596,15.0069,-2.7785,-3.6087,-4.0438,-8.0972,-14.0540,11.9279,2.6390,-0.3977,-4.3657
-0.3136,-2.4852,16.5511,-0.8740,-3.4111,-4.1499,-11.8226,-15.1912,7.0725,3.9562,0.3922,-4.3657
1.5275,-3.1795,12.3684,0.4860,-2.9155,-4.3657,-8.8585,-14.3437,9.4116,4.3656,-0.3912,-2.7266
1.1277,-2.6432,13.5033,1.9131,-1.4310,-4.3657,-8.9783,-14.0061,7.7668,4.3656,2.0948,-1.5135
-1.1732,-0.9457,9.3134,3.3847,-0.3044,-3.9539,-9.5936,-10.6686,1.9680,4.3656,2.6341,1.0441
-2.6911,1.1732,9.2105,3.2054,-0.0051,-2.6573,-8.7197,-7.4364,1.1229,3.8526,1.1802,2.0599
-2.6576,2.3846,7.0126,3.8785,0.9952,-1.5805,-9.0501,-5.4779,0.1820,2.6986,2.3489,3.1123
-3.3758,3.7014,6.5745,3.6747,1.9754,-0.2774,-8.7340,-3.5698,0.1437,1.6840,1.4653,4.0664
-3.5626,4.6471,4.3814,3.9177,2.6922,1.0110,-8.0038,-1.1492,-2.0566,0.3087,1.9335,4.3656
-4.0534,6.0932,1.4509,2.8555,3.7096,2.2958,-5.3582,1.5036,-2.4157,-1.7519,1.0978,4.3656
-3.7182,5.3941,1.6472,1.7260,4.3656,3.5186,-6.0693,1.7334,-2.2338,-4.0853,3.0235,4.2034
-0.6081,4.9368,-0.2610,-0.7268,4.3656,3.4568,-3.2801,2.2577,1.6520,-4.3657,1.6964,3.7904
-0.8475,3.7900,2.6863,-3.0719,4.3656,2.4721,-0.2227,3.2681,2.8563,-4.3657,2.6223,1.6205
1.4006,2.0231,4.7549,-4.3657,2.4581,1.3992,0.6009,1.5012,3.4477,-4.3657,1.4966,-1.6499
3.0454,0.4717,5.9544,-4.3657,0.3539,-0.1092,0.4717,-2.5738,6.8809,-3.5819,-0.3519,-4.3657
3.5075,-1.5012,8.4491,-4.3657,-0.4470,-1.7612,-4.1300,-7.0653,5.6288,-2.2697,1.9307,-4.3657
3.0502,-3.0885,12.3613,-4.3657,-3.0615,-3.3981,-5.5522,-9.4595,7.8937,-0.4856,0.3667,-4.3657
0.4956,-2.1021,16.6780,-3.3313,-4.3657,-3.5896,-6.2153,-11.9303,11.1211,2.0885,-3.0494,-4.3657
2.6911,-1.9632,17.0108,-0.8712,-2.5815,-3.6230,-13.3477,-15.8592,11.7244,3.2869,1.5647,-4.3657
0.7159,-2.3918,13.3932,1.7996,-0.9645,-4.0661,-12.9095,-14.7267,8.3127,4.3656,1.5819,-1.0468
-0.9529,-2.0231,11.2432,2.7684,-0.6972,-3.8343,-8.7771,-11.3796,2.9018,4.3656,0.7923,0.6488
-1.6496,0.2203,10.3046,3.6063,0.6350,-2.7093,-9.3134,-8.3246,2.3966,4.0602,2.3373,1.8628
-2.8898,1.7334,7.6375,4.3656,1.4631,-1.8827,-10.1682,-6.3758,0.2203,3.4764,1.8483,3.2873
-4.4867,3.5769,5.9592,4.1832,1.4524,-0.4922,-7.6567,-2.7509,-1.2498,2.4281,1.0726,3.6292
-4.9057,4.3167,3.1939,3.8754,2.5755,0.8731,-5.5617,0.4932,-1.3719,1.2041,1.8500,3.3690
-3.5913,5.5091,-0.0670,2.2228,2.7884,2.1508,-6.7469,2.2386,-5.8227,-1.0656,1.8481,3.8661
-4.3934,5.5138,1.4796,0.3908,4.0977,2.9168,-6.4500,2.3631,-4.0654,-3.6533,1.8374,3.0136
-2.8252,4.5346,1.2378,-1.2586,4.3656,3.1686,-5.4324,1.8459,-2.7509,-4.3657,1.9505,2.7649
-1.3408,3.2801,2.7318,-3.2410,3.5238,3.0136,-2.6983,0.9625,-0.3160,-4.3657,0.4402,1.5250
0.8092,0.9074,2.8994,-4.3657,1.7825,2.3258,2.1021,-0.1173,3.1532,-4.3657,-0.4543,-0.8276
3.7781,-1.5802,4.9680,-4.3657,0.3008,1.5994,3.2489,-4.1731,6.2465,-4.3657,-0.8408,-4.1765
5.1906,-2.9425,10.6805,-4.3657,0.8292,-0.1908,-1.9465,-10.0628,10.5991,-3.9082,2.0991,-4.3657
4.3167,-3.8547,15.4115,-4.3657,-0.5899,-2.3976,-7.6327,-13.1490,11.0085,-0.2053,3.6663,-4.3657
0.1149,-2.5426,17.6979,-2.3586,-3.0295,-3.6333,-10.6805,-14.6477,9.8641,2.9046,-1.3542,-4.3657
0.9577,-3.8068,16.8121,0.6323,-2.2916,-3.6571,-10.3573,-15.4043,9.1722,4.1998,0.3367,-3.2571
0.7638,-4.7764,11.4946,2.1141,-1.5585,-4.3657,-6.6391,-13.9031,6.9863,4.3656,1.7588,-1.3642
-2.1715,-2.3679,10.9439,2.4841,-2.0642,-4.3056,-8.0014,-11.8345,1.4988,4.3656,1.4899,-0.6478
-1.6376,-0.0790,10.7260,2.8174,-1.3871,-3.3485,-12.4187,-11.1690,3.6823,4.3656,1.5565,1.1543
-3.0646,2.0710,8.9064,4.0149,0.5173,-2.1961,-12.5384,-8.2145,0.5219,3.5968,1.8961,3.3286
-4.2832,3.5817,6.9743,4.0801,1.3964,-0.5832,-7.6998,-3.5817,-2.0279,2.1329,0.9900,4.3656
-3.4285,3.9217,4.7190,4.0513,2.2366,1.0605,-8.6239,-2.2673,-1.8364,0.5011,1.4553,4.3656
-2.7773,4.8291,1.4006,2.9920,3.4747,1.9753,-3.9959,1.4700,-2.7078,-1.5740,1.0902,4.3656
-3.1603,5.4300,-0.2155,1.2313,4.3656,2.8145,-1.1779,3.4357,0.3160,-3.5377,1.6677,4.3656
-1.0295,4.0414,0.2418,-1.0980,4.2923,3.2382,-1.9896,3.8020,-0.4501,-4.1911,2.7845,2.4857
-0.1844,3.1364,1.2067,-3.2103,4.3656,2.3154,-0.9242,3.2825,-0.1772,-4.3657,2.4973,0.2585
1.0846,0.6009,1.6185,-4.3657,3.2299,1.3011,1.7023,0.9337,0.3041,-4.3657,2.0987,-2.2565
1.4605,-2.7701,5.0494,-4.3657,0.7065,0.1479,3.1723,-4.3120,3.8930,-4.3657,0.8426,-4.3657
3.0430,-3.9792,11.4730,-4.3657,-0.6787,-0.7959,-3.3351,-11.7292,5.9113,-3.1674,1.4128,-4.3657
4.7836,-4.1324,18.0930,-4.3657,-2.2429,-2.4048,-9.9814,-15.8568,12.9383,0.0089,1.1445,-4.3657
1.3503,-4.1420,19.6127,-1.2276,-4.0929,-3.6222,-12.2990,-16.4434,12.5265,3.5463,-1.9813,-4.3657
3.0382,-4.8914,13.3237,0.4704,-3.3522,-4.3657,-7.9464,-15.3732,11.8776,4.3656,-1.6666,-2.7099
1.9058,-5.1834,12.2200,1.6004,-0.9999,-4.3657,-4.7501,-14.0923,6.4907,4.3656,3.3484,-1.9815
-0.0431,-4.2066,11.5209,2.6284,-0.6354,-4.3657,-7.8171,-12.8976,3.8666,4.3656,3.3867,-0.8132
-2.7557,-1.2330,10.8673,3.0816,-1.0019,-4.3657,-10.2663,-11.5137,2.7246,4.3656,1.6971,0.6568
-2.9880,1.1061,9.1842,4.1665,0.1178,-3.1035,-9.5122,-7.9320,-0.8164,4.3656,2.1897,2.7948
-4.1515,3.0909,6.1627,4.3656,1.4456,-1.2866,-9.9623,-5.1212,-1.5538,2.6112,1.6025,3.8287
-4.1300,3.9313,3.1963,4.3656,2.9509,0.8668,-7.6830,-2.4014,-3.4357,0.5036,1.8614,4.3656
-3.5458,4.8363,1.0678,3.0738,4.3656,2.2677,-5.0613,1.0271,-5.5474,-2.3489,1.9516,4.3656
-3.5578,4.4772,-0.1389,0.3375,4.3656,3.3469,-1.7406,2.2290,-2.4229,-4.3657,1.8630,4.3656
-1.7214,3.5027,0.8906,-2.0856,4.3656,3.4478,-2.6600,1.1947,1.7406,-4.3657,2.7669,2.9242
-0.9242,2.6049,3.3160,-3.6144,4.3656,2.7250,-1.1660,1.3551,2.9568,-4.3657,2.5098,0.6783
1.0534,0.7518,4.8554,-4.3657,2.6284,1.9023,0.0838,-0.4310,3.7709,-4.3657,1.0184,-1.6415
3.0933,-1.2713,7.4340,-4.3657,0.4507,0.8315,0.7326,-4.2066,6.9528,-4.1961,0.3432,-4.3657
5.6599,-3.7230,11.8728,-4.3657,-0.8635,-0.7905,0.5243,-9.0980,10.4028,-2.2910,0.2830,-4.3657
5.5569,-3.5817,16.6182,-4.2530,-3.9418,-3.0109,-4.7429,-13.9534,14.2383,1.1924,-0.0851,-4.3657
1.5562,-2.1620,17.9182,-2.0570,-3.8083,-4.1656,-10.9774,-16.9222,11.7675,3.4118,-0.2398,-4.3657
2.3367,-3.2322,15.5647,0.7994,-2.4051,-4.3657,-12.9574,-17.0132,11.7053,4.3656,1.6932,-2.5968
0.1149,-3.7373,11.7890,2.3956,-1.5363,-4.3657,-5.9759,-13.3692,4.9177,4.3656,1.7990,0.1992
-1.4006,-1.5706,10.5848,2.8521,-1.3867,-4.2942,-5.5881,-9.7324,1.7861,4.3656,2.1626,0.1833
-2.3870,0.9912,9.6175,3.3530,-0.3492,-3.1207,-11.5257,-9.2608,2.4900,4.2662,2.2727,1.5167
-2.8850,2.9784,8.1139,4.0982,0.9944,-1.8018,-9.1985,-5.7006,-0.5315,3.0197,1.4404,3.4292
-3.8858,4.4891,6.9288,4.3656,2.5174,0.3856,-9.9120,-4.9201,0.6249,1.5837,1.7216,4.3656
-1.6735,4.7716,2.3224,4.3656,3.8321,2.0178,-7.2544,-1.0008,-4.0294,-0.4890,1.7022,4.3656
-0.7207,4.5729,-2.3918,1.9970,4.2041,2.9262,0.9792,3.0454,0.0503,-3.2644,-0.6606,4.3656
-0.3160,5.3941,1.0750,-0.7562,4.3656,1.9697,0.1844,4.6304,3.6536,-3.7463,4.3656,3.8368
-3.1149,5.4899,3.8978,-2.0311,4.3656,1.5788,0.7901,6.7157,-1.5060,-4.3657,4.3656,0.3387
-0.7470,4.0654,2.2553,-3.7672,1.8024,1.3078,-2.4684,3.0742,-1.2282,-4.0906,-0.4375,-2.3505
0.6512,1.8076,2.3870,-4.3657,-0.6522,0.8194,0.0168,-0.1197,1.1684,-4.3022,-2.5355,-3.6140
2.3487,-0.0263,3.2872,-4.3657,-1.0559,0.2313,-1.3647,-4.5945,3.2465,-4.3657,-0.2162,-4.3657
2.2960,-2.0470,8.8442,-4.3657,-0.4197,-0.3417,-1.5467,-8.1211,6.6798,-4.0767,0.8354,-4.3657
3.8211,-3.2513,13.3046,-4.3657,-0.7073,-1.1760,-5.7126,-12.4570,10.4962,-2.1570,1.6310,-4.3657
3.1292,-3.6248,18.9405,-3.5378,-2.0123,-2.7075,-10.3094,-16.0842,13.3118,1.0327,0.9792,-4.3657
2.5139,-4.1635,18.1121,0.5325,-1.8975,-3.5741,-11.6502,-16.6708,12.9215,4.1264,0.9926,-3.1634
2.1356,-4.4891,11.7867,2.1794,-1.9434,-4.3657,-5.8419,-13.4602,6.7684,4.3656,0.8631,-0.8871
-0.9361,-3.0502,10.2232,2.6853,-1.7311,-4.3657,-5.8873,-11.3820,2.2817,4.3656,1.9107,-0.8970
-1.5778,-0.7590,10.9319,3.0955,-0.8034,-3.6361,-9.4092,-10.3190,3.5123,4.3656,2.0334,-0.0105
-2.7366,1.4916,7.7117,4.1223,0.1551,-2.6613,-10.5369,-8.0972,0.2897,4.2340,1.8441,2.7783
-3.3184,3.1053,6.4236,3.8973,0.9273,-0.9731,-9.6917,-5.2146,-1.7119,2.5017,1.3243,4.0834
-3.6536,3.9217,4.7764,3.6902,2.4171,0.6418,-9.1051,-2.7701,-2.2841,0.3423,1.6074,4.3656
-3.5865,4.5514,2.0590,2.5682,4.1227,2.1687,-5.7940,-0.1484,-3.1771,-2.2511,1.5300,4.3656
-3.6775,4.6471,0.9864,0.5629,4.3656,3.0327,-3.8499,1.0056,-0.2610,-4.3657,2.4156,4.3656
-3.5219,3.6895,1.9537,-1.1884,4.3656,3.4167,-2.8323,2.1189,0.1604,-4.3657,3.2712,3.4302
-1.4581,2.5091,3.5793,-3.0907,4.3656,3.1765,-1.3862,1.7142,0.0838,-4.3657,2.5744,1.3600
1.9417,1.0750,5.0422,-4.2755,2.8388,2.1137,-0.6273,-1.1061,8.1618,-4.3657,0.6855,-1.4677
2.2529,0.1891,8.9399,-4.3657,2.6967,0.5861,-3.2202,-3.5841,5.5761,-3.9802,3.0810,-3.5714
2.3104,-1.2474,11.8321,-4.3657,0.7572,-1.0834,-4.8890,-7.4436,8.8011,-1.9109,2.5425,-4.3657
2.9018,-2.1955,16.1633,-3.3945,-3.0334,-2.7889,-5.6048,-10.0628,10.6805,1.8073,-0.9061,-4.3657
1.3575,-1.3743,14.0300,-1.5366,-4.3657,-4.1126,-7.2425,-11.7436,8.9112,3.6403,-1.8563,-4.3657
-0.3615,-1.9130,14.1856,-0.2405,-3.7254,-4.3657,-10.6111,-14.0564,9.1674,4.3656,0.3265,-4.3657
-0.1891,-2.3439,12.7180,1.0277,-2.9338,-4.3657,-9.6223,-13.9343,8.2049,4.3656,0.9796,-2.6926
-1.8435,-2.4517,11.7795,2.1726,-2.0945,-4.3657,-8.4946,-12.4283,3.2417,4.3656,1.9666,-1.4129
-2.7988,-0.9074,9.9264,2.6793,-1.5475,-4.1356,-8.5138,-9.9048,1.2570,4.3656,1.9518,-0.5590
-2.8635,1.1085,8.4108,2.7981,-1.1834,-2.8538,-10.0413,-7.7692,0.0718,4.1944,1.1950,1.3299
-2.8228,2.3798,6.5697,2.8198,-0.4819,-1.5988,-10.5632,-5.8538,-0.7829,2.7075,0.6358,2.6569
-3.4429,3.9552,7.5346,2.6608,1.0443,-0.2801,-11.9088,-5.1164,0.6009,1.0729,1.1868,4.3656
-3.0478,4.6088,6.0310,3.1909,2.3256,1.0431,-9.6079,-2.3559,-1.5036,-0.2025,1.3691,4.3656
-3.7493,5.0422,2.3272,2.3942,3.2836,2.2842,-3.7517,1.2258,-1.0726,-2.3426,0.2021,4.3656
-2.2338,4.8626,0.6009,0.7881,4.3656,3.2494,-2.3343,2.2793,1.1947,-3.7345,1.9593,4.3656
-1.5897,3.8834,0.8236,-1.2958,4.3656,3.4863,-3.1244,2.6169,-0.4860,-4.3657,3.9698,3.5753
-1.8675,2.3463,1.5658,-3.5117,4.3656,3.0034,-0.5626,2.4636,0.4741,-4.3657,3.4302,1.2187
-0.0718,-0.7254,3.7781,-4.3657,4.0693,1.9358,1.9249,-0.3783,1.2378,-4.3657,3.1909,-2.1516
1.4174,-3.1771,7.5226,-4.3657,1.4897,0.6664,0.1125,-5.8059,3.4309,-4.3657,2.2689,-4.3657
4.1587,-4.6519,11.4850,-4.3657,-1.3239,-0.7993,-4.7142,-11.3533,7.2137,-2.9439,1.0647,-4.3657
4.8243,-4.9297,16.1776,-4.3657,-4.3657,-2.9148,-4.2641,-13.1059,12.9885,0.9811,-2.5121,-4.3657
2.3511,-3.7445,18.0140,-1.9724,-4.3657,-3.8205,-9.1051,-15.9813,11.5496,3.0029,-1.3961,-4.3657
3.6009,-3.7493,13.0652,0.2281,-3.0390,-4.0496,-11.6813,-16.7355,12.7204,4.0897,0.4964,-3.7406
3.1699,-4.6926,11.7675,1.5712,-0.7181,-4.3657,-4.9057,-13.8983,8.5832,4.3656,2.1726,-0.9080
0.9266,-3.4309,10.5417,2.8092,-0.0686,-4.3657,-4.7621,-10.9774,3.4285,4.3656,3.2470,-0.3088
0.8715,-1.8028,10.6087,2.8316,-0.3491,-4.2966,-8.8657,-11.0516,5.0661,4.3656,2.5927,0.3773
-1.0295,0.0670,9.2464,3.8288,0.1339,-3.6050,-11.0564,-9.2799,0.1652,4.3656,2.1607,3.2339
-3.7709,2.2817,8.4060,4.2947,0.8903,-2.0909,-7.0126,-4.7573,-0.3496,3.7166,0.1720,3.6162
-4.4987,3.5482,3.1699,4.3656,2.4761,-0.1070,-8.8011,-1.7023,-5.1547,1.4794,2.1473,4.0057
-4.2186,4.4197,2.5642,2.2324,4.3656,1.9931,-5.7293,0.1389,-2.3846,-1.7432,1.9645,4.3656
-2.2913,4.1515,3.0239,1.0199,4.3656,2.7347,-5.8634,0.6249,0.0024,-3.4164,3.1880,4.3656
-4.5011,4.3598,1.7526,-0.3905,4.3656,3.0146,-5.1284,2.0375,-1.5802,-4.3657,2.8057,3.8541
-3.5410,3.3184,0.9481,-2.4050,4.3656,3.1151,-3.6775,2.0638,0.4046,-4.3657,3.5093,3.0210
-2.5642,1.3886,3.0837,-4.2494,4.3656,2.4280,-1.7597,1.4676,1.7190,-4.3657,4.1705,0.5726
-1.7478,-0.2777,6.2393,-4.3657,3.8164,1.4935,-2.2146,-0.5818,1.6879,-4.3657,3.4058,-2.2937
1.7717,-2.9784,13.7284,-4.3657,-3.0890,-1.5059,-2.3343,-7.1850,6.1723,-0.8055,-1.7227,-4.3657
2.3176,-2.6647,13.0915,-3.8219,-4.3425,-2.0162,-6.3446,-11.7962,7.2856,0.4138,-3.4471,-4.3657
1.9968,-3.6919,14.5041,-2.7374,-3.6596,-3.1200,-9.6965,-14.4801,11.2887,1.6595,-0.0009,-4.3657
1.6233,-4.4317,15.1577,-0.0312,-2.4620,-3.7483,-10.8314,-15.4282,10.2424,3.7331,-0.2220,-3.9969
1.3982,-4.7094,11.7124,1.4814,-1.1943,-4.3657,-7.2137,-13.3884,7.0078,4.3656,1.1727,-1.1223
-0.2610,-3.9025,10.0963,2.3190,-0.7612,-4.3657,-6.0238,-11.0109,2.8826,4.3656,2.3764,-1.1832
-1.4676,-2.1691,9.1818,2.4404,-0.9403,-3.8101,-8.1475,-9.7803,1.7789,4.3656,1.4384,-0.3675
-1.8914,-0.7446,10.3094,2.9188,-0.1050,-3.3684,-10.4507,-9.9719,3.6176,4.3656,2.0126,0.7802
-3.1627,1.3695,8.5736,4.1712,0.7694,-2.3037,-9.8162,-6.7684,-1.4078,3.8014,2.1305,3.0806
-5.0518,3.2753,5.6360,4.0101,1.0231,-0.5577,-8.8178,-3.5099,-2.4804,2.0776,0.3315,4.0101
-4.3934,4.2737,3.3064,3.5590,2.9865,1.4815,-9.0621,-1.8723,-2.9185,-0.1791,1.7022,4.3656
-3.0694,3.9097,1.6448,1.8429,4.3656,2.6929,-4.0965,0.8116,-2.0542,-2.9250,2.0490,4.3656
-3.4285,4.0845,2.0327,-0.1639,4.3656,3.1281,-5.0278,0.9146,0.1987,-4.3657,3.3430,4.3656
-3.2322,3.2513,3.4548,-1.8904,4.3656,3.3297,-4.8435,1.2785,-0.2897,-4.3657,3.7002,3.3446
-2.3703,2.0039,3.2753,-3.4219,4.0570,2.9254,-0.8978,2.0877,0.6919,-4.3657,1.5771,1.3127
0.3950,-0.5626,4.7333,-4.3657,2.1771,2.0516,1.1899,-0.4334,2.9209,-4.3657,1.1747,-2.1158
1.7310,-2.5809,7.2927,-4.3657,1.0684,0.5866,-0.5818,-5.2529,3.0215,-4.2413,1.7251,-4.3657
3.0311,-4.1946,9.8904,-4.3657,-1.1077,-1.0028,-2.4565,-10.3549,6.3997,-2.6713,0.9001,-4.3657
2.6815,-4.1156,14.1234,-4.3657,-3.5491,-2.2533,-8.8250,-13.6422,10.1538,0.0914,-0.4562,-4.3657
3.7086,-5.0398,18.6006,-3.1157,-3.6227,-3.0346,-7.6184,-14.3101,10.1347,1.8979,-1.1892,-4.3657
2.7725,-5.6072,16.1345,0.1363,-3.1597,-4.3508,-10.5656,-17.5351,14.1066,4.3656,-0.2655,-4.3657
1.2857,-5.4636,12.9311,1.8090,-1.7571,-4.3657,-9.0309,-15.9167,7.6351,4.3656,1.9418,-1.8832
-0.5339,-4.2497,10.8002,2.8170,-0.9804,-4.3657,-7.0725,-13.2711,3.3088,4.3656,2.0348,-0.3906
-1.8962,-1.6831,10.5896,3.5124,-0.1580,-4.2261,-9.2225,-10.9870,2.2458,4.3656,2.6308,0.8825
-3.6057,0.9098,8.2241,4.3656,0.6704,-2.8694,-12.4211,-8.9591,-1.0942,4.3596,2.5430,3.2025
-4.4484,2.4086,6.4069,4.3656,1.6814,-0.8965,-8.3749,-4.5322,-3.4357,2.5568,0.9261,4.3656
-3.5267,3.3615,4.4005,3.8590,2.5802,0.8034,-8.0086,-2.5402,-3.1436,0.1362,1.6509,4.3656
-3.7541,3.8140,3.5075,2.7679,3.7696,2.2196,-4.2521,0.4764,-1.0463,-1.6236,0.7737,4.3656
-2.8323,3.9552,0.9697,1.1794,4.3656,2.9767,-3.2441,2.2075,-0.3256,-3.2444,2.7752,4.1243
-2.8204,4.0414,1.3862,-1.1287,4.3656,2.9319,-3.0143,3.4141,-1.5227,-4.3657,3.4640,2.7255
-2.2529,2.5714,2.1979,-3.1761,4.3656,2.6243,-1.7837,2.7533,-2.3774,-4.3657,2.6508,0.6081
-0.2035,0.1604,2.9185,-4.3657,2.1102,1.7419,1.2881,-0.3759,1.7669,-4.3657,0.4662,-2.2359
1.7190,-2.7318,4.6232,-4.3657,0.2217,0.7473,1.8268,-5.0302,2.0303,-4.3657,0.2970,-4.3657
5.0661,-5.2218,8.0373,-4.3657,-1.7638,-0.5272,1.0989,-10.4028,6.6990,-3.8909,0.1474,-4.3657
4.7836,-4.9105,14.3389,-4.3657,-3.7125,-1.8045,-5.5138,-15.9334,11.0301,-1.4224,0.0277,-4.3657
3.9433,-4.9775,19.6127,-3.2370,-3.3032,-2.3454,-16.1489,-19.6133,15.0452,1.4051,0.5007,-4.3657
4.8914,-5.6192,14.3580,1.4552,-0.8507,-3.6773,-11.4539,-17.5088,14.0300,4.1927,-0.0217,-0.9466
2.5379,-6.1723,10.0796,2.3735,-0.2875,-4.3657,-3.0047,-12.9838,5.1212,4.3656,1.3920,0.0432
-0.2586,-4.7692,10.6973,2.3703,-0.1158,-4.3313,-5.4372,-11.9662,2.7222,4.3656,3.9626,-0.4856
-0.4334,-3.0981,10.7428,3.3713,0.3865,-3.9775,-10.6925,-11.6430,2.6552,4.3656,2.4517,1.1932
-3.5314,-0.6776,9.5648,4.0652,0.4190,-3.1882,-10.1179,-9.0668,0.2514,4.2934,1.0729,2.5231
-3.6464,0.7374,8.7747,4.3656,1.6746,-1.5383,-11.4874,-7.5010,0.1508,3.5614,2.3046,3.4724
-4.5298,2.3200,4.6807,4.3656,2.5786,-0.5209,-7.7524,-2.8132,-5.3175,2.0630,1.6796,4.3656
-5.5282,3.4836,1.1229,3.1824,2.8707,1.7754,-5.4013,0.9242,-5.5330,-0.6239,0.4606,4.3656
-3.3471,4.2880,-0.9098,0.7047,3.8514,2.5518,-5.0326,1.6951,-2.4253,-3.2278,2.1847,4.2340
-4.2880,4.1324,2.3343,-1.4063,4.3656,2.5295,-3.8116,2.8587,-1.4413,-4.3657,3.0164,3.1365
-2.5857,2.8563,3.1460,-2.9080,3.3697,2.5776,-5.2218,1.0942,-2.7509,-4.3657,1.9557,2.0113
0.2083,0.9313,5.4827,-4.3657,1.6582,1.9341,-1.6328,-1.1516,6.7038,-4.3657,-0.8450,0.2549
2.5809,-0.3687,8.3534,-4.3657,-0.6937,0.8905,1.0750,-2.4062,7.0773,-3.3401,0.1541,-3.1600
4.3191,-0.9242,9.3901,-4.3657,-1.1363,-0.5634,-1.6783,-6.0908,8.0828,-2.1184,0.1752,-4.3657
3.2034,-1.7693,10.9942,-4.1797,-2.2713,-2.1009,-3.8283,-10.0820,9.6774,-0.0284,0.8669,-4.3657
3.2920,-1.9704,13.7595,-3.1072,-3.1550,-2.7817,-7.5346,-12.1985,9.2296,1.5271,0.3726,-4.3657
1.3958,-2.1691,15.4929,-0.9982,-2.4696,-3.6341,-11.3485,-13.6398,8.7771,2.8635,1.0152,-4.3657
0.6536,-2.3511,13.0819,0.7068,-2.1028,-3.7128,-10.3262,-13.0987,8.5784,4.0076,-0.0135,-2.5129
0.3543,-2.5379,10.5225,1.6838,-1.0970,-3.7033,-6.9504,-10.9942,4.8985,4.2938,1.4839,-0.9749
0.0910,-1.7693,10.3717,2.2651,-0.7157,-3.5382,-11.0253,-11.3006,3.7350,3.9623,2.3238,1.0259
-2.4804,0.1006,9.8497,2.9633,-0.4632,-2.9731,-8.8298,-7.7740,2.6217,4.1973,-0.1781,1.9281
-2.5187,1.7549,7.5872,3.2185,0.6516,-1.4288,-8.4396,-5.0661,0.0862,3.0846,1.1171,2.3487
-2.7078,2.9185,5.9975,3.2370,1.9485,-0.0095,-8.5880,-2.9975,-0.5363,1.2772,1.7525,3.2819
-2.9473,3.8714,4.6974,2.7735,2.8298,1.2516,-8.6191,-2.0255,-0.7207,-0.1827,1.4591,4.3656
-3.5003,3.8403,3.5865,1.8680,3.3330,2.2340,-4.8722,0.4238,-1.6017,-2.1071,1.1550,4.3656
-2.3391,3.7421,1.6999,0.1644,3.9039,2.8051,-4.7621,0.5531,0.6823,-3.4821,1.7748,4.0839
-2.6839,3.5937,3.1819,-1.3820,4.2962,2.7384,-2.8204,1.8435,1.6879,-4.3657,2.5686,3.2277
-1.5227,2.8659,4.1611,-2.2916,3.7214,2.4776,-4.2521,0.9433,2.4014,-4.3657,2.6378,2.0575
-1.3096,1.9561,5.5067,-3.2373,3.1538,1.8194,-3.3303,0.6871,2.4062,-4.3657,1.9945,0.1355
-0.4429,0.8811,6.4428,-4.0577,1.8278,1.0938,-1.9776,-0.6464,3.0981,-4.1190,1.7215,-1.9702
1.1923,-0.8882,7.4508,-4.3657,-0.1495,0.5678,-2.1931,-4.1994,4.8866,-2.9890,0.5407,-4.3657
2.3846,-1.7214,11.0277,-4.3657,-1.4032,-0.8731,-6.1268,-7.2137,6.7852,-1.7497,0.6360,-4.3499
0.5962,-1.8244,11.9806,-3.3382,-2.2286,-1.5339,-4.6615,-8.7149,7.9009,0.0989,-1.4141,-4.3657
1.9297,-2.8970,14.5831,-2.2906,-2.5315,-1.8614,-8.9423,-12.8281,8.8083,1.5821,0.5131,-4.3657
1.5299,-3.6009,14.2335,0.0494,-1.9698,-3.4199,-10.8242,-13.8624,9.7252,3.5345,1.0067,-3.6318
0.6608,-4.7022,12.1913,1.4638,-1.6101,-4.2349,-6.3327,-12.4594,6.5098,4.3656,0.4386,-1.8855
-0.4334,-4.1276,11.3413,2.1003,-2.1218,-4.3657,-6.2010,-12.2320,5.0973,4.3656,1.6654,-1.1704
-0.8763,-2.1979,10.2256,2.6668,-1.8190,-4.2032,-10.9343,-11.7938,2.9353,4.3656,1.2465,-0.2013
-1.5610,0.0790,10.3837,3.1316,-0.9641,-3.3093,-11.1905,-9.7683,3.1077,4.3656,1.0785,1.8379
-2.1021,1.3216,7.8147,4.0273,0.3865,-2.2555,-9.7085,-5.7700,-1.0127,3.6717,1.1834,2.7214
-3.9193,3.1627,5.6790,3.6529,1.9557,-0.4073,-8.1235,-2.7964,-0.7973,1.6603,1.3414,3.6444
-3.7613,3.6320,4.6040,3.3085,3.2803,1.1926,-8.8514,-1.8196,-1.4772,-0.3011,2.2882,4.3656
-2.9784,4.2832,1.7406,2.1402,4.3656,2.2160,-6.3063,-0.1197,-2.2817,-2.4706,2.1753,4.3656
-3.6105,4.3742,1.4389,0.3247,4.3656,2.9612,-3.9696,1.9106,-0.0335,-4.3657,2.7307,4.3641
-2.4134,3.9768,1.7214,-1.7858,4.3656,2.7857,-2.9975,2.1691,0.7494,-4.3657,4.1669,3.6957
-1.6520,2.5786,3.5530,-3.3974,3.8666,2.3699,-0.0215,2.6959,2.3248,-4.3657,2.4500,1.0589
0.5986,0.4429,4.6232,-4.3657,1.2867,1.3824,0.9912,0.0527,3.4764,-4.3657,0.8222,-2.2929
3.0622,-0.9601,8.1379,-4.3657,-0.4603,-0.1204,-3.8595,-4.2808,6.0908,-3.7169,1.3395,-3.1461
1.9441,-2.4804,10.6279,-4.3657,-2.1849,-1.2127,-0.5938,-6.3015,5.5713,-1.6058,-0.2070,-4.3657
3.2920,-3.4692,11.0708,-4.3657,-4.2229,-1.8702,-4.1755,-11.7340,8.9208,-0.3050,-1.7243,-4.3657
2.8252,-3.5243,17.2622,-3.6824,-2.6983,-2.9409,-9.6127,-15.9813,11.3820,1.5005,0.7413,-4.3657
2.3008,-3.3854,17.8416,0.3433,-1.9341,-3.8087,-17.2359,-17.4011,12.3158,3.8581,2.3978,-3.6349
0.8236,-3.8618,11.5712,2.0483,-1.4168,-4.0233,-8.2049,-12.8090,5.8706,4.3656,-1.2442,-0.6588
-0.5148,-3.1963,9.7396,2.5755,-0.5027,-3.8646,-5.7293,-10.2208,2.4708,4.3656,2.2961,-0.7615
0.1580,-1.1205,10.2639,2.6821,-0.1259,-3.1516,-9.3422,-9.1219,4.1228,3.9153,2.6425,0.8159
-1.8507,0.1341,9.2536,3.6681,0.0420,-2.7103,-8.7747,-7.2329,2.2003,4.1053,0.4038,2.2869
-3.1196,1.7621,7.1922,3.6976,0.4033,-1.4498,-7.3813,-4.4604,-0.2298,3.4354,0.7232,2.8156
-1.8842,2.7461,6.1866,3.4629,1.1482,-0.2041,-7.9224,-2.8802,0.3065,1.8029,1.1138,3.1678
-2.0446,3.5003,5.5210,3.2627,1.2524,0.7894,-8.7317,-1.7526,0.1724,0.9990,0.4159,3.7379
-1.9561,4.9775,2.9401,2.6337,1.9450,1.3547,-6.1555,1.0008,-1.9513,-0.6149,0.4935,4.3656
-2.9544,5.7030,0.0766,1.3864,3.1285,2.5499,-4.9799,2.1548,-0.3831,-2.6334,0.5446,4.3656
-1.7765,4.5753,-0.2682,-0.8609,4.3656,3.1105,-1.2905,2.6480,1.9680,-4.3657,2.5290,4.0537
-1.9848,3.6320,1.8986,-2.7279,4.3656,2.7315,-1.1756,3.2346,3.1340,-4.3657,4.3656,2.2854
-1.6903,1.5083,5.2505,-4.3657,4.3656,1.8592,-2.0973,1.5323,-1.2210,-4.3657,4.3656,-1.0463
0.8571,-1.2857,8.5234,-4.3657,1.5232,0.6444,-5.4109,-4.4245,3.0119,-4.3657,2.0292,-3.5448
1.8316,-2.0303,11.9423,-4.3657,-2.1380,-0.8507,-2.5450,-6.3590,7.2377,-2.4469,-2.0347,-4.3657
1.0630,-1.7526,13.4219,-3.9450,-2.8270,-1.6417,-6.5912,-9.6750,9.4858,-0.2152,-1.5575,-4.3657
1.7765,-1.8938,11.5808,-2.3333,-2.8272,-2.5591,-8.9040,-10.4890,7.4340,1.2978,-0.1077,-4.3657
1.8962,-2.9281,11.4634,-2.1325,-3.3265,-3.0261,-6.7445,-11.0397,7.8650,1.8403,-1.8271,-4.1276
2.6456,-3.5745,15.4689,-0.8516,-2.3014,-3.7313,-7.3047,-13.0963,11.4179,2.9961,0.7469,-4.3435
1.3024,-3.5793,12.5289,1.5047,-0.8980,-4.1223,-10.5728,-13.5057,7.7213,4.3656,2.5949,-2.3875
0.6536,-2.8204,10.3860,1.9240,-1.3202,-4.3657,-5.7796,-10.1203,4.2760,4.3656,0.7178,-0.6091
-1.4389,-1.0511,10.3621,2.6646,-0.6788,-3.7920,-7.7213,-9.1530,3.6416,4.3656,1.9063,-0.4952
-1.5921,0.6847,9.0980,3.4336,0.3272,-2.6761,-11.3940,-8.3725,1.4246,3.9574,2.4437,1.1674
-3.1196,2.2673,7.0892,3.9399,1.2513,-1.5424,-9.3039,-5.5522,0.1101,2.9373,1.2839,2.8803
-3.7757,3.1556,5.2601,3.8369,2.1526,0.0857,-9.9695,-4.5011,-2.1428,1.4757,2.2424,4.3656
-3.9648,3.8906,3.6943,2.9701,3.0021,1.6204,-6.1339,-0.4381,-4.0606,-1.0529,0.7645,4.3656
-3.7182,4.5203,0.9026,1.2041,4.3280,2.8454,-4.0414,0.4405,1.2689,-3.0891,1.7126,4.3656
-2.8276,3.9935,2.4181,-0.7144,4.3656,3.4459,-4.1970,1.8148,-0.4764,-4.1773,3.8039,4.3062
-1.8938,3.2010,3.9121,-2.1823,4.3656,3.1063,-3.7996,1.9537,-0.5650,-4.3657,3.4999,2.2072
-1.2210,2.0662,4.6639,-3.5489,3.6774,2.4809,-4.4388,-0.0646,0.9074,-4.3657,2.1067,0.4612
0.6704,0.3567,6.6272,-4.3657,1.7166,1.4132,-2.8683,-1.8459,3.9145,-4.3657,0.9082,-1.0834
0.3304,-0.8452,8.2791,-4.3657,0.2771,0.2566,-1.1612,-3.3902,5.6599,-3.5607,0.1751,-3.3545
1.7454,-1.7741,9.5984,-4.3657,-1.2422,-0.5573,-3.0454,-6.8378,5.3391,-2.4265,0.1504,-4.3657
1.6568,-2.6743,12.1314,-4.2669,-1.9207,-1.4779,-6.5003,-10.7093,7.7668,-0.8387,-0.0873,-4.3657
2.9544,-3.9696,13.3118,-2.9672,-2.2688,-2.6843,-6.9743,-12.7036,10.5105,1.2694,-0.2096,-4.3657
1.5443,-4.1396,15.9095,-0.9645,-2.6247,-3.7257,-9.1842,-15.1290,10.2615,3.4619,0.9666,-4.3657
0.8236,-4.1492,14.5328,1.1634,-1.9263,-4.1268,-11.1091,-14.6669,7.0892,4.3656,1.1214,-2.5524
0.8140,-3.7373,10.0868,2.2533,-1.5282,-4.3657,-5.7030,-11.3820,4.6807,4.3656,0.5750,-0.8792
-1.5036,-2.4038,9.6486,2.4091,-0.9625,-3.8825,-7.5824,-10.9607,3.3567,4.3656,2.3533,-0.5822
-1.3886,-0.3759,10.3262,2.9351,-0.0616,-2.8971,-11.1953,-9.5984,2.4804,4.0021,2.2600,0.9606
-2.2218,0.9266,8.4851,3.9363,0.5546,-2.1803,-9.3230,-6.9815,1.2546,3.7561,1.3733,2.7392
-2.9592,2.5474,6.2010,3.8712,0.7903,-1.0456,-6.5912,-3.6679,-0.4310,2.8960,0.9381,3.4548
-2.5331,3.7182,4.2090,3.5112,1.6200,0.0648,-6.8019,-1.3048,-1.3743,1.2925,1.4867,3.8473
-2.7007,4.4772,2.6935,2.5119,2.6501,1.1914,-5.9640,0.5459,-1.8603,-0.6387,1.2574,4.1907
-2.0183,4.9033,2.2338,0.9795,3.6609,1.9509,-5.0398,1.6041,-1.0343,-2.4585,1.8680,4.1839
-2.8874,5.0709,2.6001,-0.3540,3.8794,2.3650,-6.0094,1.6568,-0.9433,-3.9727,2.3898,3.7222
-2.4948,4.2282,2.1691,-1.8048,3.4283,2.6408,-4.2186,1.4629,0.6895,-4.3657,1.1871,3.3506
-2.3703,2.9209,3.3040,-3.1183,3.6127,2.5061,-2.8347,1.4820,1.9034,-4.3657,2.0195,1.8752
-1.0127,1.0199,4.7501,-4.3657,2.6392,2.0303,-2.0830,-0.1796,1.5203,-4.3657,2.7628,-0.5012
0.8380,-0.8092,7.4005,-4.3657,1.1950,0.9745,-3.3351,-3.1867,4.7142,-4.3657,1.2666,-2.1025
2.4900,-1.8316,11.9686,-4.3657,-0.6332,-0.1892,-2.9712,-6.0047,8.2361,-2.6922,0.0636,-4.3657
2.1093,-2.2817,12.4714,-3.4504,-2.1653,-1.3604,-5.6623,-8.7747,6.7995,-0.8096,-0.5012,-4.3657
2.4469,-2.8419,11.8609,-2.7607,-3.2203,-2.2331,-6.7516,-11.8274,11.2240,0.7699,-1.8587,-4.3657
2.3056,-3.4979,15.2535,-1.2546,-1.8754,-3.2358,-8.8083,-13.7738,11.7148,2.8201,1.5383,-4.3657
2.1500,-3.7876,13.4578,1.2444,-1.0015,-4.2250,-10.9894,-13.9295,8.2624,4.3656,2.9240,-3.1392
-0.5818,-3.8116,10.8242,1.8482,-1.8298,-4.3657,-5.7006,-11.2025,4.0055,4.3656,0.3082,-1.6756
-1.1372,-2.7366,9.8378,2.1485,-1.6923,-4.3657,-5.5234,-9.8162,2.9377,4.3656,1.7196,-2.4729
-1.7406,-0.9170,9.0237,2.3020,-1.2219,-4.0958,-7.8051,-9.6941,3.7350,4.3656,2.1962,-1.9850
-1.4772,0.8811,9.0573,2.7470,-0.7557,-3.1962,-12.7515,-8.7029,0.9002,4.3656,2.2088,0.2879
-3.1867,2.1859,7.7572,3.4891,0.2952,-1.9577,-10.1849,-5.6838,-0.4645,3.2687,0.9124,2.7105
-3.6272,3.2178,5.8299,3.3640,1.0694,-0.2868,-11.1354,-4.5131,-1.3886,1.4480,0.9445,3.6700
-3.9648,4.5849,4.3311,3.1336,3.0032,1.1125,-8.5234,-2.6839,-2.6193,-0.7105,1.5324,4.3656
-4.9368,4.6232,2.1739,2.3132,4.3656,2.7776,-6.2848,-0.8332,-2.2841,-3.1753,1.3987,4.3656
-4.0534,3.6320,2.0279,-0.3925,4.3656,3.8047,-1.7454,0.7781,1.8435,-4.3657,3.0822,4.3656
-3.0861,2.8443,4.8004,-1.7904,4.3656,3.6798,-3.3615,1.8076,1.2761,-4.3657,4.3656,3.4204
-1.6376,2.3703,4.2090,-3.3577,4.3656,3.0433,-2.6887,1.7071,-0.0359,-4.3657,2.1197,0.8620
1.0032,-0.0934,3.9073,-4.3657,1.7709,2.0173,2.1644,-0.4693,0.9936,-4.3657,-0.2174,-1.4929
2.9233,-2.4972,6.2106,-4.3657,-0.6691,0.6166,1.6185,-5.8706,6.0430,-4.3657,-0.0470,-4.3657
4.2904,-3.5434,10.3669,-4.3657,-1.3588,-0.7175,-2.2075,-10.7907,9.0094,-3.3518,1.1971,-4.3657
3.2585,-3.6416,14.7603,-4.3657,-2.0238,-1.8696,-7.1539,-13.7786,10.2424,-0.6181,0.9757,-4.3657
0.7973,-3.4165,18.5479,-2.3149,-2.4397,-2.5067,-12.4091,-16.2854,9.9551,1.4249,0.1244,-4.3657
3.5314,-4.6088,14.3413,0.6065,-1.7913,-2.9862,-10.8050,-15.3564,12.0261,3.4195,0.0922,-1.8342
2.1332,-5.1595,11.3054,1.9831,-0.8601,-4.2833,-2.5738,-11.7124,6.1651,4.3656,1.3879,-0.9990
-0.1197,-3.9648,9.9288,2.2858,-1.1337,-4.3657,-3.4453,-10.4291,3.5602,4.3656,2.3775,-2.0482
-1.0223,-1.9537,8.2911,2.2611,-1.3686,-4.0971,-7.1419,-9.5577,1.4916,4.3656,1.6635,-1.4773
-1.7837,0.0742,9.8713,2.3735,-0.5464,-3.5611,-10.1634,-9.8737,4.7908,4.1366,1.9919,-0.0677
-2.7198,1.1995,9.0621,3.8550,0.3972,-2.6597,-8.9735,-7.1132,0.0168,3.9715,2.3038,2.0379
-2.9449,2.3152,6.9121,3.6556,0.6631,-1.2878,-9.9455,-5.7916,0.2945,2.6584,0.9264,3.0718
-2.3798,3.3471,5.6407,3.6493,1.5777,-0.1370,-9.3685,-4.5394,-0.5914,1.4236,1.7223,4.3656
-3.7134,4.7932,5.2098,3.2070,2.7011,1.0204,-6.8833,-1.0223,-2.1045,-0.1400,0.8227,4.3656
-3.6823,4.9392,1.4509,2.2668,3.1853,2.6617,-5.8514,0.5219,-1.6568,-2.1685,1.0754,4.3656
-2.5498,4.6926,0.4453,0.2936,4.3656,3.3012,-2.3008,2.3176,0.7997,-3.9410,1.3062,4.3656
-1.3695,4.0654,1.2378,-1.6904,4.3656,3.0201,-1.6855,3.2633,0.4022,-4.3657,3.8668,2.9656
-1.0439,2.8491,2.1787,-3.7387,4.3656,2.2632,-1.2809,2.3822,0.1556,-4.3657,3.3620,0.7604
0.7685,0.4980,4.0941,-4.3657,2.1393,1.4146,1.5778,0.0120,4.4939,-4.3657,0.9618,-1.9079
1.9489,-1.5586,6.9192,-4.3657,0.4311,0.2898,-0.3591,-4.5729,4.8985,-4.0028,1.0561,-4.3657
2.9568,-2.3511,13.3549,-4.3657,-0.7473,-1.3348,-6.2704,-10.1897,9.2632,-1.8914,2.2894,-4.3657
2.0446,-1.6640,15.8185,-3.0405,-2.5289,-2.3944,-10.5896,-12.2416,9.7013,1.1351,-0.4439,-4.3657
1.8579,-3.3351,16.1345,-0.9245,-3.4400,-3.3338,-10.9630,-13.5488,10.7787,2.9479,-1.0237,-3.8002
0.8571,-3.7900,13.7164,0.6655,-2.9445,-4.3122,-7.2999,-12.7515,9.1602,4.3656,-0.4779,-2.8065
0.9553,-3.2058,11.6430,1.6355,-1.9981,-4.2722,-8.0996,-11.8489,4.9344,4.3656,1.1329,-2.1224
-0.1724,-2.1907,10.4100,2.1794,-1.4663,-4.2054,-7.3981,-10.4411,4.4532,4.3656,1.1335,-1.3384
-2.0949,0.7805,12.0380,2.9335,-0.6490,-3.4641,-16.6469,-12.4331,5.7461,4.3371,2.4301,1.2123
-3.0622,1.1157,10.9319,4.3656,1.2105,-2.2661,-10.8098,-8.1499,1.3551,4.3656,1.6068,3.3366
-4.2473,2.6145,3.3423,4.3656,1.4530,-0.7679,-6.2752,-2.9592,-4.9871,3.0225,0.9277,4.3656
-4.1013,4.3359,0.7973,3.6511,2.2043,1.2191,-5.6503,0.5387,-4.8794,0.0326,0.5428,4.3656
-3.4644,4.9752,-0.9313,1.2658,4.3656,2.3575,-3.2609,2.3703,-2.6935,-3.2566,1.9776,4.3656
-3.2944,4.1228,2.6240,-1.4320,4.3656,2.8429,-5.7892,1.1085,0.8212,-4.3657,4.1029,3.7213
-2.9185,3.8906,4.6711,-2.3021,4.3656,2.7558,-4.4460,1.2115,3.2848,-4.3657,3.2222,2.2435
-1.5802,3.2753,5.4923,-2.6498,3.9915,2.5365,-4.9225,0.9720,3.4572,-4.3657,2.0126,1.0768
-0.5171,2.1548,5.2696,-3.5803,2.9900,1.6557,-1.4222,1.8986,0.5028,-4.3657,1.9648,-0.7286
1.2570,-0.4932,5.0206,-4.3657,0.1315,0.5072,1.7813,-1.9321,3.1651,-4.2310,-0.2867,-4.3377
2.2769,-1.9561,8.6766,-4.3657,-1.3835,-0.5530,-2.0446,-8.2025,6.9576,-2.8979,-0.1604,-4.3657
1.2737,-2.3774,14.6334,-4.3657,-0.5590,-1.9211,-8.9735,-12.4187,7.7405,-1.1699,2.3808,-4.3657
0.3543,-2.3391,16.2782,-2.1547,-2.3008,-2.7844,-10.1754,-13.7523,9.2823,1.4365,-0.5292,-4.3657
1.0846,-3.2753,17.1784,0.1952,-3.5638,-3.0931,-9.7276,-14.9518,12.7132,3.7920,-1.7708,-3.5663
1.7310,-4.5346,13.3022,2.4060,-2.1983,-4.3657,-7.6854,-14.0564,8.2265,4.3656,1.4909,-2.0536
-1.6616,-2.8108,10.3358,3.3244,-2.2035,-4.3657,-5.8203,-11.2719,4.1922,4.3656,0.7314,-1.5998
-0.7757,-1.0008,9.7276,3.0563,-2.5093,-4.3657,-8.3629,-10.9319,5.3630,4.3656,1.3849,-0.7881
-2.0494,1.4246,8.1379,3.7900,-0.9630,-3.8605,-9.4763,-8.0158,1.4916,4.3656,2.3174,0.9288
-4.3503,3.6583,6.7157,3.9372,0.4138,-2.2092,-11.6047,-5.7820,-0.0862,3.9371,1.8626,2.4484
-4.2760,4.2569,2.8683,3.7855,1.5771,-0.4438,-8.7915,-2.2673,-3.6464,2.0227,1.7960,4.0047
-5.0230,5.4731,0.9266,2.3334,3.5873,1.3498,-5.3008,1.2689,-3.2441,-0.8855,1.2989,4.3656
-4.3263,5.7221,0.4046,0.7358,4.3656,2.5166,-6.4093,1.8842,-3.5650,-3.2952,4.2042,4.3656
-3.6248,4.1970,1.4006,-1.2027,4.3656,2.7853,-4.7573,1.5227,-0.4980,-4.3657,3.9452,3.8922
-3.1460,3.7445,2.6695,-2.9912,4.3656,1.9188,-2.8060,1.8387,0.7661,-4.3657,3.4859,2.1408
-2.6887,2.0279,4.0366,-4.3657,3.1568,1.9227,-3.1196,0.3974,-0.1006,-4.3657,2.6893,-0.5714
0.2873,-0.0048,6.5457,-4.3657,0.1696,1.0281,-0.8930,-2.1907,4.8937,-4.3657,-0.7513,-3.0346
0.8332,-0.7015,9.4547,-4.3657,-0.8134,0.1863,-3.2992,-5.5641,4.5298,-3.2257,-0.0402,-4.3657
2.0590,-1.7693,8.9088,-4.3657,-2.4403,-0.8364,-3.4357,-7.9799,5.2146,-1.9640,-0.3183,-4.3657
3.0622,-3.0311,9.9695,-4.3657,-4.0272,-1.3635,-3.8379,-11.2623,8.8585,-1.0656,-2.6610,-4.3657
3.4548,-4.2210,18.2390,-3.7902,-2.2120,-2.5183,-8.3366,-16.5775,15.1218,0.7775,1.4947,-4.3657
1.9201,-4.7980,18.2366,1.1985,-0.5084,-3.8492,-15.1673,-17.8775,9.4858,4.1018,4.1250,-2.6744
-0.3065,-4.3862,11.6813,2.5588,-1.3711,-4.2801,-7.8195,-13.5272,4.9464,4.3656,-1.1634,0.6727
-1.6376,-3.3950,10.5321,3.0120,-1.0856,-3.5858,-4.6040,-10.8194,1.9776,4.3656,0.9788,-0.5115
0.1724,-1.6927,10.4411,3.2983,0.4243,-3.0567,-11.4108,-11.3413,4.2904,4.2037,4.2188,1.3619
-2.7629,-0.2993,9.4858,4.3656,0.8611,-2.8373,-9.4332,-8.6574,1.7190,4.3656,1.4617,3.1636
-3.2226,1.6831,6.6870,4.3299,0.4499,-1.4472,-7.6231,-4.4484,-2.0446,3.5538,0.5244,3.2071
-3.8642,3.0167,3.9935,4.1494,1.3342,-0.2381,-7.8123,-2.2984,-2.4397,2.1071,1.7461,3.8225
-4.3598,4.6591,1.2881,2.9846,2.6191,1.2690,-7.7500,0.1963,-4.3981,-0.5548,0.8673,4.3656
-3.8355,5.4133,0.2227,0.8119,3.7621,2.3898,-6.9432,1.2617,-3.2106,-3.1299,1.7044,4.3656
-4.2952,4.5945,1.9201,-0.9554,4.3656,3.0249,-3.8858,2.0470,-1.6089,-4.3657,2.1631,4.1271
-2.4014,3.4620,1.7502,-2.7829,4.3656,2.9367,-1.4198,1.9489,1.3336,-4.3657,1.9055,2.5173
-0.7374,1.2665,2.6504,-4.3657,2.7929,2.2949,0.6608,0.8236,2.0901,-4.3657,1.7221,-0.2615
1.4605,-0.9481,5.4300,-4.3657,1.1505,1.3217,0.8404,-2.6360,4.4388,-4.3657,1.1894,-3.5673
5.5689,-3.6488,9.8019,-4.3657,-0.7862,-0.4735,-0.4094,-8.1618,8.6862,-3.2369,1.6345,-4.3657
3.6416,-3.9409,16.6900,-4.3657,-3.1584,-3.0510,-10.1203,-13.1849,12.9646,0.7186,2.0101,-4.3657
2.6288,-3.6512,18.6867,-1.6535,-4.3262,-3.8248,-9.0261,-13.8768,9.7947,3.5519,-2.6862,-4.3657
3.8595,-4.0103,16.6948,0.3443,-3.7369,-4.3657,-11.5401,-16.6062,15.0069,4.3656,-1.2701,-4.3657
1.2857,-3.4165,13.0532,2.4973,-1.3083,-4.3657,-8.6598,-13.9366,8.8705,4.3656,2.2468,-2.2018
-1.8627,-1.5706,10.5752,3.7188,-0.4266,-4.3657,-11.0516,-12.1841,3.0718,4.3656,2.5643,-0.5868
-3.7781,1.2689,8.5880,4.0438,-0.0258,-3.4971,-12.1602,-8.8394,0.1341,4.3656,2.2904,2.0294
-4.6400,2.9329,5.7581,4.3656,1.4388,-1.4385,-8.3917,-2.8898,-4.5945,3.3953,1.3555,2.9417
-5.1882,4.6017,2.6576,3.6886,2.6934,0.4710,-11.0085,-2.6432,-2.6719,0.8439,2.4328,4.3656
-4.8674,4.6160,2.5905,2.5474,4.0373,2.0699,-6.4141,1.3384,-6.2106,-1.9125,1.7547,4.3656
-4.3000,4.6687,-0.6847,0.6269,4.3656,2.9966,-5.2313,1.2857,-3.2729,-4.3657,1.8514,4.3656
-3.4117,4.2258,1.2330,-1.7996,4.3656,3.2444,-2.2697,2.0255,0.8212,-4.3657,1.9232,4.1789
0.0790,0.7757,3.1867,-4.3657,1.8214,2.1979,0.6321,0.0646,1.7669,-4.3657,0.6475,-1.2028
3.5386,-3.3926,9.0812,-4.3657,-0.5493,-0.1917,-3.1795,-9.2608,6.9145,-3.8036,1.7364,-4.3657
3.1843,-4.1324,12.9574,-4.3657,-2.2589,-1.5824,-5.3439,-11.2863,7.9368,-1.5347,1.1326,-4.3657
0.2969,-3.6416,19.3523,-3.3927,-2.6453,-2.2080,-9.4643,-15.8305,11.2456,0.8006,-1.4313,-4.3657
1.4269,-4.3718,17.5854,0.6584,-1.5007,-2.6064,-14.8512,-18.2773,12.9670,3.4825,1.5885,-4.1123
2.9257,-4.7836,11.2623,2.3954,-1.6020,-3.6275,-9.6079,-14.7866,5.9185,4.3656,0.5729,0.4214
-0.5746,-3.1580,12.2679,2.8306,-1.2776,-3.5934,-4.5610,-10.7069,4.0294,4.3656,-0.1399,0.2081
1.6520,-1.0104,10.2017,3.7102,-0.1302,-2.9464,-8.9974,-10.1394,6.5769,4.3656,2.9507,0.8992
-0.8787,0.9122,8.8178,4.3656,0.3649,-2.9806,-10.0078,-8.7245,3.8858,4.3656,1.9324,3.2416
-2.3176,2.1069,8.5449,4.3656,1.6156,-1.8698,-8.2289,-6.1196,1.8052,4.3656,1.7673,4.3656
-3.2896,2.4780,2.9521,4.3656,2.2383,-0.5139,-4.8530,-0.8643,-3.7589,3.0970,2.1234,4.3656
-1.6999,4.6543,-0.6991,3.5787,2.2419,0.2902,-2.6576,3.7804,-6.7684,0.4944,0.6305,4.3656
-3.7326,5.2146,3.1675,-2.5864,3.7844,1.0313,-3.6176,4.1037,-0.2179,-4.1332,3.2714,1.1238
-0.7829,2.0255,5.6192,-4.3657,0.4249,1.2015,0.0431,0.1556,1.6712,-4.3657,0.2261,-3.1036
1.9968,0.7063,6.2896,-4.3657,-1.3246,0.6690,-4.2880,-5.2481,7.5609,-3.9170,-0.2871,-4.3657
2.7461,-0.3831,11.3342,-4.3657,-1.1895,-0.4542,-4.2856,-6.8378,9.7540,-2.3206,1.0401,-4.3657
1.7741,0.5148,14.2934,-2.9132,-1.8700,-1.2135,-7.1970,-9.0214,9.9120,0.0312,0.4668,-4.3657
1.3168,-0.4166,15.6940,-1.0135,-1.7389,-2.3986,-11.2144,-10.5177,9.7803,1.4534,0.2754,-4.2401
1.6759,-1.4988,11.3916,0.5380,-2.6644,-2.8917,-7.9511,-9.8067,8.4970,3.0477,-1.1463,-2.5583
0.6369,-1.9609,12.6174,0.8808,-2.5299,-3.7992,-5.2313,-10.4770,9.0549,4.0621,0.2245,-2.8047
-0.5243,-1.2402,11.6909,2.2303,-1.3539,-3.7990,-8.5281,-10.6255,4.7549,4.3656,2.5199,-2.6216
-0.9984,-0.0742,9.4499,2.3385,-1.4333,-3.4392,-10.3238,-9.5529,4.3000,4.3083,0.9741,-0.5371
-2.0973,1.6640,9.0285,2.9102,-0.2775,-2.6348,-9.6151,-7.4220,3.3591,4.1027,1.4658,0.9852
-2.7461,3.3447,6.5481,3.2186,1.0416,-1.6637,-10.6949,-4.8219,0.8475,2.8308,2.3447,2.5063
-4.1970,4.3072,4.3790,3.0482,2.0275,-0.3592,-8.7963,-2.3679,-1.0463,1.5436,1.3034,4.0147
-4.5370,4.7573,2.3008,2.4076,3.1267,0.9036,-6.6990,0.7063,-3.5554,-0.3984,1.6260,4.0847
-4.1492,5.2098,0.7207,0.4724,3.9351,2.1168,-6.0789,1.6281,-2.0087,-2.5758,1.9077,3.8613
-3.6751,4.9632,3.8666,-1.2574,3.0722,3.0607,-4.4604,2.2865,2.1141,-3.3763,1.3323,3.4090
0.4741,4.4939,3.7014,-1.5884,1.9790,3.0053,-3.7206,2.2027,3.8451,-3.3450,0.2322,2.3633
0.7614,4.3527,5.1499,-2.1819,3.2927,1.6317,-4.1587,1.5395,4.1755,-3.4673,2.1581,1.0048
-1.5419,3.9528,6.9743,-2.6149,2.2936,1.0837,-8.5952,0.1197,2.7677,-3.2931,3.7449,0.3115
-1.5443,3.8355,6.5649,-2.4622,0.0967,0.7971,-7.2832,0.3256,1.3743,-3.5016,-1.0132,0.9907
-2.5331,2.9449,5.5809,-2.5560,-0.2064,0.9582,-2.6911,0.8404,3.5817,-3.1721,-1.9774,-0.3036
-0.6919,1.4006,5.0206,-3.4491,-0.1314,1.0913,-1.9752,-0.7518,2.3391,-3.2618,0.8867,-2.5081
0.1341,0.0144,6.8809,-4.1327,0.3576,0.4880,-3.5338,-4.0893,4.4843,-2.9980,0.9918,-4.3657
1.6472,-1.6496,9.6630,-4.0846,-0.5532,-0.2073,-7.4843,-8.4946,8.4132,-1.6208,1.6625,-4.3657
2.7222,-2.7246,14.3365,-3.2480,-1.6334,-1.4396,-8.1307,-10.0485,9.7827,0.7224,0.8627,-4.2109
2.4325,-3.4644,16.8288,-0.5825,-2.0488,-3.1133,-6.2968,-11.6167,10.3956,3.3112,-0.1311,-4.3657
0.1556,-2.7725,13.4099,1.4878,-2.6712,-3.8521,-11.5472,-13.4410,8.0206,4.3656,0.4852,-3.9309
1.5586,-2.7222,10.4579,1.9870,-2.2246,-4.3657,-7.0437,-10.8194,6.2034,4.3656,0.1167,-1.3650
-2.1021,-1.0965,10.3070,2.7692,-1.2909,-4.2381,-7.1994,-9.2919,2.8371,4.3656,1.6760,-1.7800
-1.9585,1.3288,7.8937,2.8445,-0.4433,-3.1745,-12.6629,-8.4851,2.1859,4.0672,2.7511,0.4491
-2.8443,1.9968,7.4747,3.1653,0.2434,-2.0596,-7.8410,-5.1954,-0.1724,3.3260,0.7265,2.0948
-3.1963,3.2441,6.2010,3.0169,1.1530,-1.0252,-7.6878,-3.7038,1.3144,2.2222,1.7662,2.8631
-3.1484,4.1922,4.9225,2.7748,2.0835,0.1703,-7.5465,-1.4605,-1.2378,0.9551,1.9668,3.6828
-2.8395,4.2952,4.2066,1.9401,2.8269,1.1517,-9.0884,-0.9026,-0.3591,-0.9185,1.6350,3.6010
-2.0925,4.8004,3.5817,0.8641,2.9982,1.6461,-5.0542,1.9130,-1.0343,-2.0218,1.5358,3.6868
-3.0430,5.3175,2.3942,-0.4906,3.0442,1.8959,-6.6607,1.6903,-0.1604,-3.3709,1.5376,3.4388
-2.7414,4.4317,2.2194,-1.8526,3.2790,2.3735,-3.7134,2.7629,-0.9792,-4.3521,1.5720,2.4612
-2.0183,3.4955,3.3136,-3.3041,3.4423,2.1464,-5.8179,0.4860,1.5490,-4.3657,2.5844,1.5597
-2.4852,2.0399,5.2601,-4.0250,3.0213,1.6733,-4.2377,0.4262,0.3136,-4.3657,2.6418,0.4778
-2.0375,0.3400,6.4212,-4.3657,1.3094,1.4354,-1.3408,-0.9457,2.2649,-4.3657,0.7362,-2.2832
0.2945,-1.3551,7.5298,-4.3657,-0.3766,0.8171,-2.0830,-4.8698,4.4987,-3.7153,-0.1580,-4.3657
3.3160,-3.2489,10.6207,-4.3657,-1.8386,-0.4992,-0.5578,-8.8729,10.0006,-1.5709,-0.3461,-4.3657
3.4955,-3.7373,13.1418,-4.1382,-3.2057,-2.4172,-7.2018,-13.9654,8.6718,0.9261,0.5015,-4.3657
1.9585,-3.7565,18.2318,-1.8149,-2.9388,-3.2787,-13.4075,-15.7969,11.1642,2.7019,0.4898,-4.3657
0.9361,-4.3646,14.5783,1.0285,-2.3378,-4.3000,-12.0261,-16.1441,11.3557,4.3656,-0.3754,-2.2916
0.3280,-4.0270,11.4443,2.1711,-1.1615,-4.2357,-5.5258,-12.3661,4.4269,4.3656,0.9970,-1.0046
-0.1963,-2.9521,9.9048,2.7042,-0.2498,-4.2272,-7.3574,-10.3334,2.1117,4.3656,3.0955,-0.8327
-2.1763,-0.2322,9.4451,3.0586,-0.0041,-3.2390,-11.8441,-9.0309,2.3463,4.1780,1.9995,0.7549
-3.0646,1.2282,8.4013,3.5555,0.4337,-2.2555,-9.3518,-6.0597,-0.1915,3.6299,1.4244,2.4051
-3.8954,2.5355,5.3439,3.7282,1.4168,-0.7833,-8.7747,-3.5195,-1.4892,1.9626,1.4671,2.5483
-3.5051,3.5003,4.2210,3.0254,2.3758,0.5348,-8.9256,-2.2146,-1.2234,0.3228,1.9068,3.8897
-2.9928,4.2306,2.6576,2.0127,2.8990,1.6180,-7.1467,-0.1652,-3.2848,-1.5054,1.1410,4.3656
-3.3662,4.4556,2.3367,0.3551,3.7895,2.2873,-4.7788,0.6991,-3.0622,-4.1110,1.5628,4.3656
-2.8395,3.5889,2.2218,-1.4635,3.8549,2.7039,-3.4309,0.7901,2.0973,-4.3657,1.6553,3.3318
-2.3822,3.0071,2.8946,-3.0128,2.9528,2.4012,-2.5450,1.6616,0.5722,-4.3657,2.1294,1.8554
-1.5275,1.4653,4.1946,-4.1565,2.0803,2.1085,-2.8299,-0.0790,0.9074,-4.3657,1.5014,-0.1879
0.0934,-0.3639,5.2577,-4.3657,0.5809,1.5789,-0.0144,-1.8268,3.6703,-4.3657,0.2426,-2.6986
2.1715,-2.3559,9.0908,-4.3657,-0.5141,0.6684,-2.5714,-6.9695,5.4468,-3.8439,0.7945,-4.3657
4.0031,-3.1891,13.9582,-4.3657,-2.0021,-0.8155,-7.9487,-10.8649,10.2639,-1.6433,1.0419,-4.3657
0.9673,-2.0518,17.1090,-2.2266,-2.7062,-2.0170,-10.9894,-12.1649,11.0205,1.3447,-1.7600,-4.3657
2.2098,-2.8228,14.9781,0.4361,-1.6575,-2.5819,-10.3214,-13.0628,11.1354,2.9974,-0.2277,-3.6251
1.7885,-3.6512,11.5640,1.7227,-1.2047,-3.3541,-7.3933,-12.1985,7.9871,4.3656,1.0212,-2.1069
0.3184,-2.7653,10.1514,2.0979,-1.5660,-3.5719,-6.4476,-9.7851,2.8970,4.3656,1.0155,-1.5449
-0.0814,-0.8667,9.3781,2.1091,-1.1695,-3.4267,-7.4101,-8.7580,5.1475,4.3303,0.8929,-0.9751
-0.6847,0.2514,9.1698,2.6140,-0.3981,-3.0899,-8.7652,-7.6878,3.0502,4.2971,2.0062,0.1772
-2.5953,2.0853,8.3414,3.0714,0.1014,-2.3529,-10.2663,-6.1866,1.8052,3.5220,1.3155,2.1486
-3.4860,2.6169,6.6894,3.3670,0.7008,-0.9305,-9.6055,-3.8523,-1.2091,2.4512,1.0459,2.8980
-4.1875,3.4453,4.7166,2.8980,1.7245,0.3793,-7.0246,-1.4078,-1.6448,1.0384,0.9112,3.3879
-2.9042,4.2138,2.4972,2.1913,3.4386,1.4031,-9.0190,-1.0918,-1.4964,-1.0844,2.5891,4.1103
-4.2497,4.3981,3.2537,0.7449,4.0348,2.1190,-6.8666,0.6057,-1.9034,-2.9096,2.3329,3.9644
-3.0311,4.6639,3.4860,-0.3128,4.0797,2.4632,-4.7740,1.6161,0.5339,-3.9841,1.9764,3.8974
-3.7852,4.7166,3.1532,-1.1783,4.3568,2.6191,-4.9943,2.3583,-1.2641,-4.3657,2.4790,2.5231
-3.9217,3.9073,2.5211,-2.5282,3.5591,3.0838,-4.7333,1.7119,-1.3767,-4.3657,1.1443,1.4497
-1.2857,1.1157,1.4581,-4.3657,2.9014,2.6095,-0.1628,0.2993,-0.1796,-4.3657,0.4932,-0.0557
1.0534,-1.0534,6.6319,-4.3657,1.2081,1.1431,-2.3104,-4.6974,7.3670,-4.3657,1.7048,-3.3787
0.5746,-1.3551,12.5432,-4.3657,1.0321,-0.3303,-5.6982,-6.6487,5.9161,-3.0386,3.0029,-4.3657
0.0431,-1.1564,12.0261,-3.3336,-1.9934,-1.4978,-7.6543,-8.8777,7.4316,-0.3360,-0.5309,-4.3657
1.2929,-2.1668,13.3884,-2.4184,-3.3454,-2.0908,-7.9320,-10.7739,9.2344,1.3779,-1.7950,-4.3657
2.0853,-3.1675,13.4410,-0.8316,-2.4548,-3.5380,-8.5712,-12.2727,8.8298,2.8450,0.9852,-3.7686
-0.8595,-3.6296,13.6972,0.6459,-2.3582,-4.1796,-7.9703,-12.6055,6.7924,4.2593,0.2522,-3.1544
0.0048,-3.4022,11.9040,1.4224,-2.3840,-4.3657,-6.7062,-12.5289,6.8019,4.3656,0.8066,-2.8470
-1.5706,-2.3200,10.1562,2.1254,-1.5896,-4.1118,-9.0381,-11.2360,1.9345,4.3656,2.0067,-1.7753
-1.4676,-0.8787,9.3374,2.1733,-1.0706,-3.4631,-11.9327,-10.4315,2.1691,4.0986,1.4962,-0.0500
-3.7134,1.0534,10.2041,2.7254,-0.1527,-2.5804,-8.1355,-7.5609,3.1436,3.9543,0.8739,2.0086
-2.4181,1.8244,7.9104,3.4736,1.0480,-1.1560,-10.2185,-5.9137,0.5315,2.7631,2.0218,2.6505
-3.5051,2.6863,6.7038,3.4659,2.1404,0.1659,-8.8466,-3.3830,-1.4581,1.3467,1.6451,3.5076
-2.9281,3.7709,4.1587,3.2688,2.7398,1.2825,-8.3103,-1.8579,-1.4964,-0.2610,1.4230,4.3656
-3.1340,4.3335,2.2098,2.0512,3.7425,2.2074,-4.0606,0.5650,0.2969,-1.6181,1.0405,4.3656
-2.0470,5.0853,2.0351,0.6143,4.3655,2.5271,-4.9321,2.2577,-0.2203,-2.8690,3.1722,3.8678
-2.8276,4.7022,2.1189,-0.8909,4.3656,2.5680,-4.4843,3.0095,-1.0870,-4.2919,2.7400,3.0542
-1.9441,4.0055,2.1931,-2.5591,3.6836,2.2218,-2.3176,3.0239,0.4429,-4.3657,1.6558,1.5863
-0.7230,2.2410,3.2322,-4.2689,2.2777,1.4513,-0.0958,2.0997,1.1588,-4.3657,1.6246,-0.9032
0.9673,-0.2322,3.7661,-4.3657,0.3379,0.5257,2.1907,-1.0223,1.9752,-4.3657,0.3098,-3.9907
2.6815,-2.7629,6.1555,-4.3657,-1.3047,-0.7789,-0.4070,-7.1467,4.7238,-3.8168,0.3761,-4.3657
2.3559,-3.8164,12.4642,-4.3657,-1.7564,-1.8263,-8.2648,-12.7300,8.6694,-2.3085,1.7480,-4.3657
-0.7829,-2.3080,19.6127,-3.8383,-1.7047,-2.5939,-14.5879,-14.6549,9.0740,0.7446,1.4726,-4.3657
0.6704,-3.1196,16.7020,0.7839,-1.9123,-2.3386,-16.4314,-14.8584,9.0501,2.7917,-1.1146,-1.3258
0.4334,-4.9943,10.4004,1.5240,-1.0809,-3.2822,-4.4293,-11.1402,7.1443,4.0541,-1.6541,-0.5686
-0.0359,-4.6663,10.6949,1.9957,-0.5772,-3.6359,-4.6902,-10.2137,3.0119,4.3656,3.2086,-1.5370
-2.3487,-2.3104,9.6438,2.3831,-1.1183,-3.6256,-9.0070,-10.0748,4.1899,4.3656,1.3359,-0.8785
-2.2266,-1.7549,8.6862,2.6069,-1.3788,-3.4180,-8.7364,-9.6319,3.5698,4.3656,-0.1374,0.6492
-3.3351,-0.3017,9.6486,3.2630,-0.7176,-2.9872,-9.5074,-7.1108,-2.0638,4.3656,1.8137,0.7048
-3.8140,1.5155,7.7093,3.8132,-0.0265,-1.6894,-10.9271,-4.9488,-1.7645,3.4959,0.6594,1.8413
-2.6624,2.5642,6.5481,3.3260,0.2741,-0.2894,-9.9407,-3.4596,-1.3599,1.9484,0.0264,3.5386
-2.2122,3.5291,5.0589,3.0459,1.0379,0.7048,-7.6112,-1.0008,-0.5507,0.2649,0.1178,4.0378
-2.4732,5.0805,4.2665,2.2011,2.2122,1.6367,-7.0797,0.4166,-0.8021,-1.5687,0.6209,4.3656
-2.8922,5.2816,1.9249,1.2869,3.3793,2.7644,-3.5985,2.2386,0.8835,-3.1782,0.9427,3.6801
-1.1684,4.6064,-0.0766,-0.8573,4.1896,3.2289,-2.0758,2.9497,0.5459,-4.3657,1.7079,2.8110
-0.0168,2.8252,2.3056,-3.1496,4.3656,2.6556,-0.4669,2.2817,1.4581,-4.3657,3.1473,1.0044
1.6281,-0.1101,4.3000,-4.3657,2.4740,1.3141,2.2984,-0.3974,2.9951,-4.3657,2.1048,-2.4120
5.9280,-3.4453,8.6407,-4.3657,-1.2906,-0.5372,3.3974,-6.5457,9.9335,-3.6234,-0.6627,-4.3657
6.4308,-3.7541,15.1002,-4.3657,-3.9955,-3.0425,-10.1634,-13.4817,13.8409,0.5292,1.2137,-4.3657
2.1237,-2.2386,18.1385,-2.1926,-4.3657,-4.3657,-9.7875,-10.8529,9.8186,3.5280,-1.8764,-4.3657
0.7398,-1.2785,15.2152,0.5337,-3.1140,-4.0302,-10.7188,-12.7204,12.8257,3.8697,-2.5462,-4.3657
2.0183,-1.4557,10.1754,1.7768,-1.0845,-3.6403,-11.4036,-11.8609,7.0916,4.3656,2.1951,-1.8515
-1.2570,0.1149,8.8562,2.3571,0.6102,-2.9483,-8.9471,-6.9408,0.9768,3.4404,1.6819,-0.1263
-1.4892,1.9178,8.9423,2.2897,1.1764,-1.4032,-7.9751,-4.8411,2.7797,2.3190,1.6505,0.7586
-1.1732,2.5211,7.5992,2.4187,1.7660,-0.2573,-10.8625,-4.8698,2.4852,1.3823,2.1853,2.3439
-1.6257,3.1220,7.6136,2.6794,2.4412,0.3885,-8.9950,-3.2848,2.0973,0.4814,1.5460,3.6163
-2.0183,3.4524,5.9161,2.4754,2.9615,1.2822,-6.9863,-1.5754,1.4078,-0.3824,1.7852,3.9358
-1.9441,4.0055,3.9217,1.9104,3.1549,1.7718,-8.0589,-0.7661,0.4717,-1.4659,2.0279,4.2851
-2.7677,4.2856,3.2370,0.7302,3.9370,2.0223,-4.0438,1.5275,-0.3735,-2.8305,1.5921,3.8277
-3.9241,3.9337,2.5546,-0.6883,4.3656,2.3457,-5.8107,1.3168,-0.1197,-4.0354,3.2066,2.7174
-3.6009,2.6145,3.6320,-2.2572,4.1997,2.5129,-4.7285,0.7230,0.9170,-4.3657,2.6192,1.4437
-2.4086,2.3391,5.9759,-2.5782,3.6363,2.0319,-5.3726,0.1293,2.5786,-3.9069,2.4419,-0.1424
-1.7837,2.2553,7.5202,-2.6133,2.2154,1.1866,-5.0015,0.0120,1.7813,-2.9966,2.0893,-1.5986
-0.3400,0.9337,6.0669,-3.3388,-0.9350,0.0520,-2.1213,-0.9744,1.9776,-1.9115,-1.5231,-3.0715
0.9146,-0.8691,5.4875,-4.3657,-3.4085,-0.7305,-0.0503,-4.2808,3.4860,-1.6282,-3.0904,-4.3657
2.6743,-2.4684,9.4332,-4.3657,-4.0781,-1.6771,-1.9824,-9.2344,7.8578,-1.2243,-1.7761,-4.3657
2.3391,-2.7533,15.4809,-4.3657,-2.7579,-2.8866,-6.9623,-14.6286,11.6861,0.7344,0.3890,-4.3657
1.0582,-2.6815,19.0147,-0.6959,-2.3152,-3.5225,-15.8209,-16.8672,11.0445,2.9481,2.3382,-4.3657
1.1851,-2.9042,12.5839,1.1772,-2.3962,-3.6473,-9.6319,-13.4530,8.9711,4.3656,-1.6335,-0.6807
0.7350,-3.5698,10.7763,2.0107,-0.8122,-3.7096,-5.8155,-11.8848,5.2241,4.3656,1.5024,-0.8326
-0.8619,-1.8076,10.9056,2.8109,-0.1636,-3.5773,-7.9272,-10.0604,3.4453,4.3656,3.7621,0.2934
-1.1947,0.0239,9.6582,3.3217,-0.2189,-2.8674,-11.1474,-9.2033,3.2944,4.2679,0.6415,2.0748
-3.6081,1.5419,7.1611,4.1527,0.5612,-1.9433,-7.0773,-4.8171,-1.4222,3.6357,1.3436,3.1872
-3.2801,3.1053,5.0182,3.6136,1.4417,-0.2242,-7.2880,-2.3774,-1.1564,1.8142,1.3387,3.3073
-2.7126,3.6990,3.2154,3.0450,2.7061,0.9145,-7.4244,-0.7518,-1.9441,0.0360,1.8225,4.2635
-3.1580,4.4724,1.9154,1.4306,3.3914,1.7921,-3.7254,2.2458,-3.2753,-2.1974,1.1227,3.6785
-3.0095,4.4412,0.8188,-0.4952,4.1487,2.4124,-4.2042,2.0183,-0.7590,-4.2690,2.1717,2.4308
-3.6751,3.7781,0.1197,-2.2280,4.3656,2.3100,-4.3096,1.5874,0.1245,-4.3657,3.1117,1.2993
-4.2617,2.3607,3.6224,-3.9772,4.3656,2.1293,-5.0613,-0.0407,-1.0343,-4.3657,4.3656,-0.3453
-2.4732,0.4908,7.9009,-4.3657,3.8405,1.5906,-5.6000,-2.8108,2.2817,-4.3657,3.2506,-2.4076
-0.9577,-1.1133,9.9910,-4.3657,-0.0072,0.4683,-5.3223,-5.6647,3.7493,-2.9880,-0.6516,-3.5906
2.2003,-2.2673,12.8257,-4.3657,-3.2900,-0.7261,-3.9528,-8.0709,8.9184,-0.8442,-2.6644,-4.3657
1.3527,-2.2170,13.5536,-2.8228,-3.8279,-2.1169,-5.2960,-10.3070,9.8497,1.3049,-1.7393,-4.3657
1.2330,-1.8124,14.2311,-1.3219,-3.9170,-3.0262,-8.6383,-12.2823,9.3757,3.1589,-0.9974,-4.3657
0.7853,-1.7454,12.9167,-0.0310,-3.1447,-3.5665,-10.0126,-12.8473,8.5186,3.6092,-0.3395,-3.2102
0.3017,-1.6999,12.1290,1.4878,-1.5094,-3.4965,-9.8258,-12.0787,6.9145,3.9398,1.1005,-1.3126
-0.8499,-1.5850,10.8386,2.2440,-0.6282,-3.6242,-8.3103,-10.4794,4.7429,4.1957,1.9072,-0.0578
-1.6113,-0.0048,9.4571,2.7022,-0.6006,-2.7839,-10.3549,-9.6175,2.5953,3.9791,1.8635,1.8906
-1.0151,0.3950,9.7348,2.8719,-0.2317,-2.1790,-6.3853,-5.9879,2.2841,3.5523,0.2435,1.7408
-3.0933,2.2338,7.4579,3.6372,0.3793,-1.7792,-9.0214,-5.6240,2.7318,3.4395,1.8085,2.2759
-3.1316,3.3399,6.2752,3.7237,1.3102,-0.6166,-9.3374,-3.1460,-1.3575,2.3759,1.8473,3.3396
-4.4125,4.1252,2.9353,3.5372,1.9436,0.5490,-7.4891,-0.4884,-3.0765,0.6722,0.9148,3.7623
-3.5051,4.8602,-0.1700,1.8764,3.8598,1.6418,-6.8402,1.1971,-4.1946,-1.8319,2.2950,4.3656
-4.4987,4.8985,1.4461,-0.2530,4.3656,2.0724,-5.2505,2.0614,-3.3232,-4.3479,3.3227,3.8365
-4.3383,4.1444,1.8818,-1.9372,4.3656,2.5905,-4.2617,2.1332,-1.2019,-4.3657,2.1765,2.7248
-2.2482,2.7749,2.5139,-3.5940,3.4956,2.3213,-2.0853,1.6568,0.9266,-4.3657,1.4606,0.7663
-0.6393,1.0774,4.8483,-4.3657,2.2378,1.5200,-0.6728,0.3687,1.7526,-4.3657,1.8237,-1.5330
1.7382,-1.0654,6.0358,-4.3657,-0.2970,0.6073,0.7566,-3.4716,4.3024,-4.2667,-0.0404,-4.3657
2.7557,-2.3128,9.5792,-4.3657,-2.1330,-0.6659,-2.1572,-8.0685,6.8522,-2.6580,-0.6412,-4.3657
3.4644,-2.5977,12.7252,-4.3657,-2.7908,-1.8034,-5.7772,-11.2695,9.5193,-0.8895,-0.2823,-4.3657
2.0542,-2.5833,17.0587,-2.8762,-3.0000,-2.7649,-10.7476,-14.2527,11.4060,1.4538,-0.3355,-4.3657
1.0487,-2.9473,16.5990,0.1120,-2.2727,-3.1838,-12.8114,-15.6557,11.9854,3.3867,0.0446,-3.1276
2.3176,-4.0510,11.7316,1.9738,-0.5765,-3.6044,-6.9216,-12.9263,6.2776,4.3656,1.4466,-0.7657
-2.2936,-2.7342,11.5113,2.8477,-0.1856,-3.4174,-7.8626,-12.7515,4.9201,4.3656,2.7836,-0.5432
-1.8268,-1.3575,12.1003,3.8188,0.2513,-2.3186,-12.8832,-12.0524,1.8747,4.3656,2.8946,2.3982
-3.0191,-0.0503,9.5600,4.3656,0.5864,-1.6398,-9.4954,-8.2696,-0.8523,3.7180,0.6001,3.6461
-2.0638,0.9720,6.8714,4.3656,1.2865,-0.2617,-8.0230,-5.8610,0.4860,2.9373,1.2255,4.3656
-3.0263,2.7845,2.1691,4.3656,2.5337,0.2479,-4.7692,-0.3112,-4.0462,1.3526,1.8474,4.3656
-3.5961,4.8363,-0.0551,2.1146,2.4351,1.3422,-4.6471,2.5881,-3.7924,-0.9806,0.9946,4.2253
-3.1819,5.9113,-0.3376,-0.1017,3.5357,1.9088,-3.9911,3.8666,-2.3224,-3.2334,1.7814,3.4059
-2.6911,5.0135,0.8930,-1.7020,4.3656,2.1898,-3.4069,3.5650,-1.3862,-4.3657,2.7330,2.3511
-2.5714,3.2513,1.6951,-3.5038,4.0698,1.8602,-2.5115,2.1811,0.4717,-4.3657,2.2852,0.5161
-2.2098,0.7853,3.1747,-4.3657,3.3469,1.3087,-1.0582,0.1030,-1.2234,-4.3657,2.6588,-1.6657
-0.7829,-1.5897,5.3678,-4.3657,0.9525,0.6643,-0.8499,-3.8403,0.8380,-4.3657,1.3546,-4.3100
1.7502,-3.3902,8.1355,-4.3657,-1.7817,-0.0024,-2.5570,-8.7867,4.0342,-3.8725,-0.5201,-4.3657
1.2594,-3.0837,13.5392,-4.3657,-3.2470,-0.8009,-6.5673,-12.7372,9.0094,-2.1639,-1.5699,-4.3657
3.0215,-3.8499,19.6127,-2.7238,-2.3904,-1.4521,-12.6701,-15.7347,13.2208,0.3259,0.2738,-4.3657
2.5977,-3.9049,14.5352,0.6610,-1.8678,-3.2774,-11.4682,-15.3109,14.0540,3.4884,-0.4409,-2.0733
2.1189,-4.1731,12.2368,2.0221,-0.8924,-4.2713,-5.8754,-12.5001,7.1826,4.3656,1.5453,-0.7334
-0.6512,-3.6440,10.1969,2.8342,-0.4836,-4.3657,-5.7772,-11.1977,3.6990,4.3656,2.9596,-0.5187
-1.5658,-2.3774,10.0102,2.8084,-0.9278,-4.2137,-9.0740,-10.8984,2.3272,4.3656,1.7662,0.1091
-3.1891,0.0383,9.8713,3.5444,0.2192,-3.3779,-11.1522,-8.7221,1.0558,4.3656,2.1293,1.6906
-4.6304,1.6735,7.2544,4.1292,0.7813,-1.9249,-9.9216,-5.4061,-2.3870,3.3831,1.2702,2.4741
-4.4580,2.4995,5.1715,3.5381,1.7988,-0.4002,-10.5345,-3.8547,-3.1316,1.5440,1.5517,3.7722
-4.8746,3.9385,2.4301,3.0910,3.2892,0.9133,-6.5218,-0.6656,-2.6743,-0.5765,1.1107,4.3656
-5.5306,4.2138,1.0678,1.3785,4.3656,2.1048,-6.1723,1.1229,-3.6775,-2.4078,2.6817,3.9722
-4.6304,3.9049,1.0558,-0.6396,4.3656,2.6791,-5.0206,1.7502,-1.3001,-4.2855,2.8377,3.1211
-4.0797,3.5386,2.8802,-1.9514,4.3656,2.6012,-4.7285,2.2362,-1.0223,-4.3657,3.1140,1.9827
-2.0566,2.8012,4.3742,-3.3167,3.1870,1.9108,-3.6943,1.6975,0.2442,-4.3657,1.9792,0.0398
-0.5387,1.1420,5.1739,-4.3367,0.7253,0.8256,-0.2993,0.2083,1.7047,-4.0815,-0.4166,-2.1449
0.8978,-0.0646,6.3494,-4.3657,-1.6697,-0.0087,-0.2059,-3.1029,4.1899,-3.1219,-1.4365,-4.3657
1.2905,-1.6975,7.8075,-4.3657,-2.4075,-1.0657,-2.4517,-7.6662,4.8004,-2.1444,-0.7246,-4.3657
1.5586,-2.2601,11.0540,-4.3657,-2.9103,-2.1166,-6.0597,-12.2200,7.3933,-1.0412,-0.4174,-4.3657
-0.7135,-3.7038,19.6127,-2.5824,-2.4383,-2.4094,-15.0739,-17.1688,11.1067,0.9723,1.3515,-4.3657
1.2833,-4.5610,15.0811,1.2132,-1.3163,-3.3759,-12.9502,-16.3021,11.3509,3.9242,0.0821,-1.1779
-0.7111,-4.7525,11.9638,2.8284,-0.7249,-4.2845,-6.1316,-13.1442,5.2026,4.3656,1.8273,0.2570
-1.7693,-3.3375,10.5225,3.2949,-0.9054,-4.0481,-6.1387,-10.8601,1.3384,4.3656,2.3303,0.1456
-2.1931,-1.6448,9.9623,4.0910,-0.4486,-3.5289,-10.7093,-10.5441,1.9896,4.3656,1.7224,1.5591
-4.2186,1.0822,7.3430,4.3656,-0.2558,-2.2512,-9.4763,-6.6128,-2.1835,4.3299,0.6742,2.6123
-4.4101,2.4349,6.1268,4.2376,1.1366,-0.7220,-9.6319,-4.2258,-1.5395,2.7258,1.0710,3.2580
-3.8068,3.3830,2.2865,3.7391,2.7968,0.4823,-6.5242,-0.4429,-4.5083,0.5577,1.5732,3.9514
-4.4772,5.3175,-0.0886,1.4328,3.5842,1.5565,-6.5050,1.7861,-4.4197,-1.9670,1.7897,3.6150
-5.4803,4.9297,0.8787,-0.6083,3.8577,2.5463,-5.9280,2.1045,-4.0342,-4.2364,1.9272,3.1341
-3.0335,3.6536,1.3623,-2.3574,3.6234,2.9110,-3.7852,1.5155,-1.1301,-4.3657,0.9182,2.5502
-1.8196,2.0973,2.0494,-4.0600,2.9367,2.4363,-1.5802,0.9146,0.1317,-4.3657,1.0497,0.9346
-0.0742,-0.4717,3.7278,-4.3657,1.4015,1.8215,1.7071,-1.3767,2.3631,-4.3657,0.7529,-1.6800
1.1588,-2.4517,6.9743,-4.3657,0.0297,0.8753,-1.1660,-6.1507,4.5873,-4.3657,0.6495,-4.3657
3.3303,-3.8810,12.5265,-4.3657,-1.1667,-0.3128,-7.5465,-11.5640,9.8593,-2.8637,1.9113,-4.3657
0.4764,-2.8323,18.5144,-3.2616,-2.0480,-1.8931,-11.1833,-12.5767,10.0868,0.6714,-0.3044,-4.3657
2.3104,-4.2593,16.7020,0.1290,-2.3581,-2.5153,-10.6398,-14.0683,10.9918,2.8574,-1.3034,-3.6440
0.5195,-4.7118,12.8736,1.6635,-1.9738,-4.1516,-7.9176,-13.6230,8.8274,4.3656,0.6793,-1.8750
-0.2610,-3.7996,11.5281,2.5792,-1.9079,-4.2627,-7.7644,-11.5975,2.7294,4.3656,1.3033,-1.4826
-1.1420,-2.2482,11.0349,2.9016,-1.5693,-4.0548,-9.7588,-11.5592,6.0956,4.3656,0.8591,-0.4902
-2.3966,-0.3831,9.4810,3.9650,-0.5890,-3.6901,-10.7404,-9.4427,1.6975,4.3656,2.2647,1.1820
-4.7118,2.1835,7.5753,4.0678,0.0783,-2.3180,-8.9160,-5.0206,-2.4852,4.2574,0.9818,2.5235
-4.3622,3.4046,5.1715,3.8774,1.0833,-0.5650,-9.5457,-3.0885,-2.5929,2.4341,0.8703,3.7632
-4.4101,4.1132,1.3455,3.0868,2.8160,0.8544,-4.4915,1.7693,-6.2728,-0.0706,1.1307,3.5270
-3.0789,4.2569,-0.4238,0.4118,3.4853,1.9684,-5.0542,2.5211,-5.2194,-3.2540,1.8831,2.9271
-3.7757,3.9624,0.0527,-2.0768,4.3656,2.2564,-4.3383,1.3575,-2.2817,-4.3657,2.1518,2.1289
-3.7302,2.7677,3.5386,-3.6306,3.8566,2.5484,-4.4293,-0.6273,2.0255,-4.3657,1.8277,0.6230
-2.0638,1.4174,5.8347,-4.2613,2.8286,2.5022,-5.6647,-2.2960,3.3375,-4.3657,1.5128,-0.2221
-1.0702,0.9242,8.5808,-4.0060,1.7351,1.9077,-6.1699,-3.2154,4.8626,-4.3188,1.0477,-1.1739
-0.4405,0.7661,9.8928,-3.3318,0.5712,1.2020,-7.0198,-4.0941,4.5155,-2.8739,0.2214,-1.6602
1.2953,-0.5411,8.8202,-2.9147,-0.4407,0.1545,-4.3981,-4.8698,5.7174,-1.8086,-0.5031,-2.3859
0.4956,-1.9537,10.2280,-2.9781,-1.1888,-0.8988,-4.2689,-7.3694,7.0533,-0.6508,-0.0757,-3.8541
1.2522,-3.4979,13.8002,-1.9368,-1.8674,-2.2970,-7.1539,-10.9750,7.8219,1.4553,0.8912,-4.3657
-1.0319,-2.9281,13.7882,-0.1789,-2.8049,-3.2796,-9.3087,-12.3996,6.8211,3.2097,-0.3710,-3.9574
-0.4405,-3.3854,12.1075,0.9811,-2.2378,-3.5364,-9.6367,-13.3094,6.7732,4.1416,0.5598,-2.5732
-1.4916,-3.5482,11.1570,1.9123,-1.3334,-4.0272,-8.9280,-12.6055,3.7350,4.3656,2.0178,-0.8942
-2.4708,-2.1189,10.7524,2.5876,-1.1723,-3.6420,-8.1882,-10.5369,1.8962,4.3656,1.2656,0.2615
-3.0742,-0.3065,8.8011,3.1405,-0.3954,-2.6352,-9.1459,-8.3677,0.0168,3.8969,1.3083,1.0079
-3.4429,1.3120,7.8434,3.4948,0.8298,-1.6511,-11.8178,-7.4364,1.1325,3.0113,2.2004,2.5087
-4.4891,2.9209,6.2225,3.6766,1.1807,-0.5577,-10.5129,-4.9392,-2.7988,1.9123,1.2624,4.3656
-4.3311,3.3806,5.1930,3.3172,2.1721,0.9671,-5.9496,-1.2665,-2.3918,0.2915,-0.1681,4.3215
-3.6655,4.2713,2.0973,2.6001,3.0638,1.9265,-7.1275,-0.1700,-2.5450,-1.2402,1.9684,4.3656
-3.0191,4.6998,0.9577,0.7306,3.2215,2.5500,-4.0534,1.5826,-1.3336,-3.1024,0.4273,4.3656
-3.3854,4.6424,0.7853,-0.7100,4.0332,2.7721,-2.7438,2.7964,0.4812,-3.9865,1.6778,3.1541
-2.1763,3.6416,1.3934,-2.6424,3.9738,2.7190,-2.9305,2.7533,-0.5602,-4.3657,2.8666,1.7696
-1.6041,1.9225,3.3375,-4.3192,3.3730,2.0054,-2.9090,1.0199,-0.1006,-4.3657,2.1230,-0.1931
-0.6369,-0.0718,5.1332,-4.3657,1.3632,1.1513,-0.0934,-1.2258,2.9521,-4.3657,1.0993,-2.7879
1.1923,-2.0830,8.3390,-4.3657,-0.5201,0.3540,-1.7717,-5.8395,3.7900,-3.9702,0.4942,-4.3657
1.9034,-3.2609,12.4068,-4.3657,-2.0105,-0.9320,-5.3079,-10.4914,8.3007,-2.0701,-0.1446,-4.3657
2.0111,-3.2082,15.2989,-3.7738,-2.5008,-2.1432,-8.7269,-13.2806,9.6750,0.3773,-0.2746,-4.3657
0.4429,-3.5698,16.7307,-0.7099,-2.7330,-2.9399,-11.5448,-15.2918,10.2185,2.7370,-0.1390,-4.3657
1.7238,-4.3646,12.5815,1.1947,-1.7564,-3.5851,-10.0580,-14.6262,8.3438,4.1119,0.5077,-1.6918
-0.6249,-4.1635,11.7938,2.2187,-0.8675,-4.0469,-6.0430,-12.1554,4.1372,4.3656,1.8634,-0.9066
-0.1293,-2.7940,10.1275,2.6993,-0.9918,-3.6857,-7.4124,-11.0349,3.7350,4.3656,1.7416,-0.2077
-1.3455,-1.1372,10.8218,3.4583,-0.5384,-3.2897,-11.2934,-10.7955,3.4357,4.3656,1.9939,1.3482
-1.9680,0.4693,10.0173,4.3593,-0.2048,-2.6901,-6.3351,-6.5242,3.0718,4.3656,0.3966,2.5507
-1.6305,1.8842,5.1236,4.3656,-0.0648,-2.1221,-7.7141,-4.5514,0.7254,4.3631,1.6122,2.8749
-2.5929,3.5123,3.3806,3.7680,0.6821,-1.0036,-4.6974,-0.4238,-1.9656,3.0108,0.4647,2.7855
-2.9999,5.1691,2.0470,2.7459,2.0868,-0.0873,-7.0820,0.9553,-2.7366,0.8915,2.0031,2.7808
-3.9552,5.6024,1.0534,0.9998,3.1661,1.0553,-8.6910,1.5586,-3.2920,-1.7922,2.1934,3.0790
-4.5753,5.4827,1.5969,-0.8048,4.0825,1.8201,-7.3191,1.7406,-1.3671,-3.8103,2.1671,3.2849
-4.9057,4.2665,1.8052,-1.9914,4.3656,2.2669,-4.9823,2.4445,-1.0750,-4.3657,3.6259,2.4774
-4.5969,3.1340,2.5139,-3.5220,4.3656,2.2128,-4.5897,2.1045,-1.0726,-4.3657,3.8173,0.7238
-3.1819,1.6664,3.7828,-4.3657,3.8071,1.7464,-2.8970,1.1492,-1.4222,-4.3657,2.8549,-1.1620
0.3448,-1.6855,5.4157,-4.3657,0.4554,0.6784,0.4597,-2.9425,2.3655,-4.3657,0.2302,-4.1836
1.1540,-3.3543,10.8386,-4.3657,-1.9562,-0.6249,-1.4868,-8.3318,5.9687,-2.7139,-0.5283,-4.3657
2.9999,-3.1747,12.7324,-4.3657,-3.4432,-1.7564,-6.2537,-12.2751,7.5250,-0.6995,-0.9342,-4.3657
-1.1779,-3.0598,14.8680,-3.1885,-3.6609,-2.3959,-10.7117,-13.4602,5.4755,0.9136,-1.4707,-4.3657
0.4980,-3.3734,13.0149,-1.4917,-3.6703,-2.5370,-8.6407,-14.0971,10.0724,1.5318,-2.4602,-3.8153
2.4493,-4.6519,14.6741,0.3479,-1.7543,-2.7488,-8.6886,-15.4594,12.4259,3.3770,0.5582,-2.5528
1.9154,-4.7070,11.1306,2.4433,-0.3869,-3.9009,-7.0773,-13.5943,5.3439,4.3656,2.8153,-0.3219
0.5507,-2.8347,10.6734,2.5103,-0.9946,-3.2532,-5.6264,-10.6853,3.1292,4.3656,0.7005,0.4382
0.6919,-1.6999,10.3262,3.2282,0.0089,-2.7310,-8.4228,-10.2496,5.5617,4.0945,2.2942,0.8990
-0.8260,-0.4166,9.7492,4.1271,0.9862,-2.5931,-7.7644,-8.4324,3.6272,4.3656,2.2431,2.2195
-2.6959,1.6975,7.6375,4.3656,0.7081,-1.6090,-10.9032,-6.9001,0.7638,3.6360,1.7626,3.1961
-3.5099,3.0167,6.2704,4.3656,1.4298,-0.3922,-7.8673,-3.1460,-3.2010,2.7238,1.2757,4.3656
-4.1300,4.5322,1.5538,3.9109,2.0474,1.2269,-7.2640,0.0072,-5.7078,-0.1707,0.4628,4.3656
-3.3950,4.9129,0.1149,1.5504,3.1974,2.3429,-2.6217,2.1141,-0.8715,-2.4896,0.2233,4.3656
-2.0686,5.1427,0.7781,-0.1506,4.0664,2.6385,-3.5865,2.9425,0.0646,-3.6260,2.3298,3.0910
-1.9417,4.6591,1.0726,-1.9750,3.9615,2.6169,-2.6288,3.1843,0.2514,-4.3657,1.8137,1.7806
-0.7015,3.0239,1.2522,-4.0959,3.0391,2.1711,-1.2306,2.1021,0.2370,-4.3657,1.5023,0.1849
0.1389,0.0982,2.3320,-4.3657,1.7547,1.6378,1.5969,-0.5962,0.1532,-4.3657,0.9695,-2.2669
1.2115,-2.6743,4.8770,-4.3657,0.4283,0.9606,-0.2203,-6.3255,1.1851,-4.3657,0.9980,-4.3657
1.6568,-4.1156,11.0971,-4.3657,-0.6259,0.1231,-5.1260,-11.3174,6.4189,-4.3657,0.9129,-4.3657
1.3743,-3.9600,17.0276,-4.3657,-1.1670,-0.6089,-9.8689,-14.2886,8.2839,-2.1354,0.4190,-4.3657
0.3256,-3.9049,17.6189,-1.5801,-2.1250,-1.0789,-13.1992,-16.4434,11.4515,0.3760,-1.0552,-3.4927
3.6392,-6.0094,13.0269,0.8656,-0.8367,-1.5331,-8.6790,-15.1960,10.3549,2.6938,-0.3772,-0.5456
0.8045,-5.9448,11.2623,2.2925,0.0053,-3.1192,-4.5155,-12.0572,3.6033,3.6751,2.1841,0.1864
-0.1628,-4.0773,10.2400,2.3649,-0.7059,-2.8329,-6.4763,-10.8290,2.9568,3.6655,0.9297,0.1295
-0.0359,-2.3703,10.2639,2.9539,-0.4020,-3.1179,-8.0230,-9.6726,4.2473,4.1127,1.2498,0.8362
-1.3264,-0.4142,9.3541,3.8251,-0.3873,-3.1109,-10.7571,-8.8921,2.5762,4.1396,1.2576,3.8926
-5.0015,1.3695,8.9711,4.3656,-0.1455,-1.9589,-8.7819,-6.1052,1.7047,4.2457,-1.1314,4.0083
-2.3918,2.1045,4.5801,4.3656,1.1146,-0.1466,-9.5098,-5.0135,-0.4070,3.5562,0.8655,4.3656
-3.2585,3.7613,0.9290,4.3027,2.9188,0.9074,-2.5570,2.0949,-5.5354,1.2197,0.8819,4.3656
-2.7509,4.5777,-1.7693,1.3246,3.8526,2.0025,-1.0056,4.7740,-4.1875,-2.1638,1.6593,3.3509
-1.4389,4.0199,0.2370,-2.5676,4.0354,1.9079,0.4932,4.5729,0.1030,-4.3020,3.0984,1.5580
-0.9792,1.9082,3.3662,-4.3657,3.1339,1.2160,-1.6640,1.6879,-0.3783,-4.3657,4.0091,-1.1283
0.2083,-1.2282,4.9991,-4.3657,0.3568,0.5203,1.8459,-1.9992,1.0415,-4.3657,0.6530,-4.3176
3.2872,-3.2848,8.4300,-4.3657,-2.5338,-0.3805,-0.0455,-8.9040,6.6439,-3.6214,-0.8282,-4.3657
3.8164,-4.2377,13.9414,-4.3657,-2.5900,-1.3935,-6.6128,-14.1689,9.6917,-1.2814,0.3829,-4.3657
1.1181,-4.1755,19.0004,-2.5900,-2.4769,-3.1368,-12.4020,-16.8169,9.9527,1.5956,1.1425,-4.3657
0.1867,-3.5338,16.7067,0.4151,-2.5490,-2.9573,-14.1258,-17.4106,11.6885,3.5964,-1.3186,-3.5338
2.7653,-4.4197,12.0764,2.4717,-0.8771,-3.6319,-7.9655,-14.2048,8.7388,4.3656,1.2816,-0.2892
-1.5179,-2.9975,10.5058,3.8241,0.1172,-3.9531,-6.3638,-11.1809,2.2266,4.3656,3.0555,0.4225
-2.0877,-0.0120,9.5577,4.0426,-0.2344,-2.8154,-9.9264,-9.2799,2.0710,4.3656,1.6341,1.7653
-2.2673,1.5395,7.3478,4.3656,0.3002,-1.9013,-7.8051,-7.1228,2.6767,4.3656,1.1506,3.8822
-2.4660,3.3375,4.6376,4.3656,1.2618,-0.6371,-6.3494,-2.4014,-2.7869,2.9681,1.1317,3.7802
-3.0933,4.4963,4.0989,3.7563,2.4425,0.5856,-7.5058,-1.5275,0.5650,1.6768,2.2164,4.3656
-2.7581,4.8459,1.3743,3.0290,3.4331,1.7640,-4.5993,2.0542,-3.8403,-0.7353,1.9674,4.3656
-1.9465,4.9967,-0.2490,0.7213,4.0903,2.6252,-4.2042,2.8491,-1.9896,-3.1373,1.7285,3.9503
-1.4700,4.3910,0.5507,-1.6888,4.3656,2.4936,-4.4891,2.3128,-2.3080,-4.3657,3.6764,3.2826
-1.9728,3.1508,2.9497,-3.5726,4.3656,1.8077,-1.8962,1.3647,0.8260,-4.3657,2.8009,1.4282
-1.3934,0.8667,4.0486,-4.3657,2.2208,1.3735,-0.2514,-0.0551,1.5131,-4.3657,1.4686,-1.2083
2.7078,-2.8539,6.6032,-4.3657,-0.7504,0.7600,1.1277,-5.7940,5.2529,-4.3657,-0.2721,-4.3657
4.0941,-4.1515,13.4003,-4.3657,-0.9162,-0.8098,-3.0191,-11.1235,10.7452,-2.7274,0.7793,-4.3657
2.5570,-3.3519,15.3420,-3.2869,-1.8651,-2.4886,-7.9895,-13.9343,10.0293,0.5152,2.0395,-4.3657
1.7406,-3.8690,17.7913,-1.6519,-3.1600,-3.0301,-12.3158,-16.2375,11.3772,2.9945,-1.5143,-4.3657
-0.1963,-3.9049,14.2575,1.2816,-2.2323,-4.2037,-10.6997,-15.2199,8.5521,4.3656,1.1326,-2.8865
0.1532,-3.0502,10.4555,2.2619,-1.5497,-3.7986,-9.2632,-12.2823,3.8259,4.3656,1.3423,-0.7300
-1.1947,-1.6424,10.7739,2.7442,-1.2601,-3.7944,-8.9663,-11.0780,4.6088,4.3656,1.5127,0.5593
-1.8268,0.2658,10.8050,3.9786,-0.1687,-2.8727,-13.3620,-11.4323,3.7469,4.3656,2.2220,3.4980
-3.2729,1.8914,8.0613,4.3656,0.3722,-1.7328,-8.4659,-6.0310,-2.2913,4.0478,0.3030,4.3656
-3.1771,2.8228,5.2720,4.3656,0.8573,0.2779,-7.0366,-2.5211,-1.1756,2.3172,-0.1577,4.3656
-1.8603,4.0893,1.4365,3.5671,2.2536,1.1755,-5.1308,0.5650,-2.0135,0.2602,1.4276,4.3656
-2.4110,5.1834,0.2083,1.6659,3.8424,1.8752,-1.0223,3.9840,-1.3982,-1.8314,1.8441,4.2931
-2.0446,4.7262,1.3144,-0.4952,4.3656,2.4520,-2.9928,3.7757,-1.0678,-3.7297,3.6172,2.6752
-1.8507,4.1635,2.4229,-2.4340,4.3656,2.3241,-4.1707,2.6743,-0.6464,-4.3657,3.6400,1.2193
-1.6520,2.1620,3.4093,-3.9791,2.9976,2.2441,-2.4205,1.1037,-0.2921,-4.3657,1.6258,-0.3869
0.8595,-0.3567,3.4764,-4.3657,1.1103,1.7080,1.5299,-1.2186,1.7741,-4.3657,-0.0711,-2.9447
2.3104,-2.5402,5.6647,-4.3657,0.1929,0.7492,0.0239,-6.1004,2.6528,-4.3657,0.9382,-4.3657
3.3998,-4.4843,9.6941,-4.3657,-1.0716,-0.3500,-2.7031,-10.6326,4.9608,-3.9273,1.2613,-4.3657
3.1915,-4.5681,14.4394,-4.3657,-2.4934,-1.1883,-5.2050,-14.4011,10.6183,-1.8278,-0.9631,-4.3657
2.9305,-5.5665,19.6127,-2.6949,-2.2583,-1.6815,-11.8345,-19.6133,14.9326,1.4172,1.1250,-4.3657
4.4412,-5.7964,15.6629,0.9786,-0.7008,-3.3341,-13.3573,-17.8895,11.6646,4.0456,2.3623,-1.2923
1.2689,-6.5553,11.1378,3.0790,-0.5748,-4.3657,-3.7924,-13.5320,3.9265,4.3656,0.5606,0.4640
-0.5794,-4.7094,10.4962,3.0609,-0.7767,-4.0730,-5.3079,-12.2583,3.5434,4.3656,2.7029,-0.0033
-0.0694,-1.9968,10.0126,4.0846,-0.0902,-3.6804,-10.5824,-10.7117,3.1699,4.3656,2.8057,1.3275
-1.8124,0.3424,8.4108,4.3656,0.0498,-3.1521,-8.7269,-7.7428,1.0008,4.3656,1.0275,2.9776
-3.0861,2.0566,6.0669,4.3656,0.5223,-1.7467,-5.9328,-3.3734,-1.5083,3.8582,1.2576,3.0322
-3.0215,3.4884,3.6176,4.3656,1.7408,-0.6813,-8.9543,-1.9417,-2.4277,2.0916,2.0590,3.6128
-1.6735,4.7692,-1.7717,3.4234,2.6456,-0.2361,-7.5489,0.4453,-4.4173,-0.2328,1.3664,4.3656
-6.9025,4.8746,0.5866,-0.3580,4.2305,1.2967,-1.7861,4.2329,-3.0742,-3.3715,0.7418,3.7896
-4.2760,4.2353,1.9058,-2.3132,4.3656,2.3471,-4.1324,3.0335,-2.9377,-4.3657,4.3656,2.1270
-3.1173,2.6384,3.0071,-3.9957,3.7555,2.9432,-6.5577,-0.0862,-0.6895,-4.3657,2.5887,1.3486
-1.1349,0.5986,5.1356,-4.3657,2.3787,2.6151,-2.7964,-1.1827,1.9130,-4.3657,0.4796,0.2177
3.5243,-4.0606,8.1523,-4.3657,-0.6214,1.3815,-1.5299,-7.6638,4.7166,-4.3657,0.8211,-4.3657
6.2489,-5.5162,12.8928,-4.3657,-2.4023,-0.5887,-2.2889,-12.4068,12.8664,-2.1302,-0.2429,-4.3657
1.5538,-4.5633,18.5263,-2.8971,-1.7962,-2.3358,-12.0237,-15.9957,9.5529,1.4188,2.2820,-4.3657
2.4780,-5.2170,16.2518,0.4207,-2.4123,-3.0098,-12.8904,-16.1561,10.9630,3.6580,-1.5299,-3.4434
1.4940,-5.6264,11.7603,2.0182,-1.3699,-4.2344,-7.4364,-14.9733,8.1427,4.3656,0.6847,-1.2464
1.0774,-4.6280,11.0205,2.9099,0.0446,-4.3657,-6.0956,-11.7364,2.9521,4.3656,3.5963,-0.7159
-1.9321,-2.1093,9.5912,3.3141,-0.2763,-4.3131,-7.8051,-9.4523,1.5874,4.3656,1.6074,-0.0045
-3.0885,-0.3591,8.4539,3.4731,0.1033,-3.1528,-8.9591,-7.6447,0.1748,4.3656,1.9626,0.9272
-3.9911,1.0247,7.2951,3.6774,0.8282,-2.3425,-9.4882,-6.1483,-0.2897,3.6961,2.0928,2.1485
-4.3838,2.1332,6.4955,3.7991,1.1066,-1.1751,-8.9016,-3.7206,-2.2098,2.5993,1.4305,2.5039
-4.6735,3.7086,4.4580,3.1888,1.8114,0.2487,-9.7061,-1.8914,-3.5410,0.9208,1.3592,3.5314
-5.1619,5.2912,2.0997,2.5800,2.8579,1.3997,-6.8378,1.0080,-4.8435,-1.1968,0.7634,4.3656
-4.9943,5.0709,-0.4741,0.7334,3.7545,2.8414,-4.5969,2.5331,-3.5267,-3.6636,0.7919,3.9359
-4.2545,3.7086,0.0551,-1.9760,4.3656,3.7299,-4.1515,1.7693,-3.2441,-4.3657,2.7688,3.2358
-2.8252,1.5993,0.8859,-4.3657,4.3656,3.2940,-1.1923,0.8236,-1.1468,-4.3657,2.2593,1.3026
-0.1867,-2.3224,2.9209,-4.3657,2.7548,2.5405,2.5594,-2.1739,0.9649,-4.3657,1.4925,-1.7110
5.8754,-5.6288,8.6766,-4.3657,-0.9161,0.7921,2.9808,-8.1499,6.8259,-4.3657,0.2105,-4.3657
3.6512,-4.7333,15.7012,-4.3657,-3.2295,-1.0500,-3.4836,-13.7212,11.5257,-2.1485,-0.2193,-4.3657
3.9911,-3.3806,18.3156,-3.4159,-2.5543,-1.6694,-11.0923,-16.3763,11.3126,0.5281,-0.5415,-4.3657
3.3974,-4.1970,14.0085,-0.6526,-2.6564,-3.0196,-11.1259,-15.4737,11.8896,2.4437,-0.7554,-2.9083
1.0654,-4.4077,13.5201,0.8224,-1.0974,-3.5105,-6.2417,-13.5775,8.8801,3.7573,0.9443,-1.5423
1.1803,-4.3000,10.9511,2.1414,0.2298,-3.9137,-5.9041,-12.2248,5.0350,4.3656,3.3425,-0.9325
-0.6752,-3.2010,10.4172,2.6295,-0.1262,-3.8062,-7.4388,-11.3485,3.5099,4.3656,2.3236,-0.2072
-2.0518,-1.4030,10.6303,3.2450,-0.1673,-3.6773,-8.9974,-9.8713,2.1931,4.3656,2.1913,1.0107
-3.7757,0.9697,8.7484,4.0731,0.4146,-2.7057,-10.1107,-7.6902,0.6393,4.1464,1.7217,1.8231
-3.6919,2.0063,6.0454,4.3003,0.8384,-1.4502,-8.5880,-5.0278,-1.7717,3.3169,1.6407,3.3763
-4.4365,3.8044,4.5538,3.6862,1.5876,0.0646,-6.7229,-1.3408,-3.4261,1.4210,0.7388,3.5269
-3.9193,4.4915,0.9649,2.6056,2.7534,1.5968,-8.4515,-0.0527,-4.7405,-1.0559,1.7770,3.6896
-4.6064,4.9967,0.2227,0.1603,3.9508,2.5927,-4.6974,1.4964,-2.9042,-3.8668,0.8579,4.2482
-4.5322,3.8571,1.5706,-1.6979,4.3656,3.2600,-5.2074,1.1516,-1.7837,-4.3657,2.7961,3.1052
-3.8834,2.6504,2.0901,-3.5681,4.3656,3.1664,-3.9504,0.4190,-1.5514,-4.3657,2.4571,1.6521
-1.0391,-1.2115,4.0294,-4.3657,2.8449,2.6203,-0.2825,-1.9632,0.2586,-4.3657,0.8976,-0.5377
2.4062,-3.8571,7.3239,-4.3657,-0.5307,1.0589,2.2290,-5.4444,6.7229,-4.3657,-0.5454,-4.2611
3.9911,-3.9935,12.2248,-4.3657,-2.0709,-0.7429,-2.3224,-10.3214,8.3151,-2.4110,-0.0847,-4.3657
3.5027,-3.7996,14.0827,-4.3500,-2.4319,-2.1859,-7.0892,-13.8265,9.6319,-0.2790,0.2657,-4.3657
1.2833,-4.0989,17.3316,-2.1875,-2.8114,-2.7641,-11.0971,-15.8161,10.3214,1.6034,-0.5303,-4.3657
1.7190,-4.7333,15.3277,0.0925,-1.9648,-3.2506,-11.1259,-16.1321,10.4866,3.3020,0.3235,-2.7327
1.3958,-5.1978,12.0811,1.8405,-0.3457,-3.7527,-6.6319,-13.4051,5.3941,4.2394,1.8490,-0.6535
-0.9744,-4.4460,10.9918,2.5716,-0.2583,-4.1176,-7.2760,-12.6581,3.8642,4.3656,2.4686,-0.1657
-0.2107,-2.5953,12.2248,3.4282,-0.5289,-3.8488,-9.9695,-12.5049,5.4684,4.3656,1.8666,1.5728
-1.8268,-0.6177,10.0844,4.3656,0.0272,-3.5078,-9.3254,-9.3254,2.5714,4.3656,1.4406,2.3137
-3.1939,1.0008,7.2401,4.3656,1.0180,-2.4401,-7.7141,-6.5003,-0.0742,4.3656,1.8358,3.0710
-3.9768,2.8467,2.7150,4.3656,1.4738,-1.0095,-7.8482,-2.9137,-3.8738,3.3016,1.8045,3.9462
-3.8834,3.9887,1.1396,3.2803,2.5217,0.4730,-5.3295,1.5754,-6.0286,0.4093,1.2020,3.9166
-3.8475,5.2816,-0.3591,1.0845,3.4287,1.4029,-4.3958,2.9090,-2.6504,-2.0135,1.8154,3.2652
-4.5322,5.4133,1.3815,-0.7686,3.7800,2.1641,-6.4907,2.2242,-1.9010,-3.7570,2.5445,2.9800
-2.6767,4.2138,2.5115,-2.0647,3.5282,2.5707,-4.6543,1.7119,0.9601,-4.3657,1.4416,2.4547
-2.5259,3.6368,4.1755,-2.9294,3.3466,2.3690,-4.0821,1.6688,1.3384,-4.3657,1.9620,1.0834
-0.6416,2.3990,4.4987,-4.0454,2.0230,1.9865,-2.8347,0.7398,1.1540,-4.3657,1.3662,-0.3628
1.8411,-0.2442,6.0645,-4.3657,0.0265,1.2067,0.5243,-2.4828,5.5881,-4.3657,-0.7413,-3.2619
5.0853,-1.5131,11.2791,-4.3657,-1.4137,-0.3107,-2.2841,-7.2257,10.5991,-2.5375,0.2915,-4.3657
4.6400,-1.2474,15.5216,-3.5649,-2.4893,-2.2256,-9.3326,-10.7548,13.3166,0.3521,1.0424,-4.3657
3.2298,-0.8499,15.9334,-1.3546,-3.0710,-3.7020,-9.2320,-10.6111,12.0883,3.1256,-1.8183,-3.8496
0.4381,-1.5538,14.8632,0.9210,-2.6970,-4.3657,-7.6088,-10.9391,9.8713,4.3656,-0.0814,-4.3500
0.1030,-1.3982,9.8952,1.6153,-2.2062,-4.3657,-8.5832,-10.7811,5.8131,4.3656,0.8148,-3.4623
-0.1293,-0.7925,9.0597,1.5223,-1.7978,-4.2142,-7.1970,-8.6431,3.1388,4.3656,1.0353,-2.3711
-1.7765,0.9673,8.6048,1.6050,-0.9788,-3.6852,-10.1706,-8.1379,3.2082,3.8060,1.8991,-1.2067
-2.7007,1.9680,9.5050,1.8413,0.0051,-2.4227,-10.8146,-7.0773,2.2075,3.1680,1.9192,0.8191
-2.9568,2.8467,9.1578,2.5960,0.8948,-1.4520,-11.3461,-5.6503,2.2338,2.3470,1.8355,1.8490
-3.6775,3.3806,6.7229,3.2487,1.7930,-0.2541,-9.7851,-3.7757,-0.0311,1.6730,1.7046,3.4152
-3.2633,4.1707,4.7118,2.8446,2.0181,0.6358,-7.1922,-1.1708,-0.9146,0.4834,1.1330,4.3656
-4.0031,5.3223,2.6624,2.2925,2.6914,1.6312,-6.0023,1.6376,-1.6328,-0.8318,1.1730,4.3111
-4.8100,5.6623,-0.9146,0.7059,4.3656,2.7672,-6.7947,2.0973,-2.5570,-3.3474,2.5812,4.2629
-3.3016,4.5825,3.6033,-1.8418,4.3656,3.4374,-4.4748,2.3248,0.7566,-4.3657,4.1997,3.8059
-2.2242,3.8020,6.1579,-2.1694,4.3656,2.9906,-3.1556,3.0861,1.2737,-4.3657,3.6896,1.3739
-0.5363,3.0550,4.6112,-3.0763,2.5508,2.2339,-4.7166,1.3024,2.0782,-4.3657,0.8596,-0.1939
0.6416,2.0375,5.7245,-3.8083,0.7068,0.8948,-1.8244,0.6297,2.6624,-3.9456,-0.1704,-1.9883
0.0551,0.9146,5.0973,-4.3657,-0.6718,0.1073,-1.5874,-1.9154,2.3224,-3.3257,-0.7999,-4.1254
1.1109,-0.5818,6.8809,-4.3657,-1.5616,-0.3625,-2.5235,-5.9999,4.6615,-3.1397,-0.7937,-4.3657
1.0343,-1.6305,11.3365,-4.3657,-1.2879,-1.0417,-6.7469,-9.7731,7.3502,-1.9393,0.3637,-4.3657
0.9337,-1.5131,14.8488,-3.4695,-1.3634,-1.8618,-9.6151,-13.0364,9.5577,-0.3293,0.6907,-4.3657
0.6177,-3.6416,19.0938,-0.0646,-1.4317,-2.1466,-12.7659,-16.5080,15.3899,2.9150,0.2526,-3.5417
2.3966,-3.8690,12.3277,2.5049,-1.7055,-3.7387,-8.0206,-14.1880,6.4165,4.3656,1.3828,-0.6219
-1.0080,-2.6863,11.8992,3.1151,-1.6070,-3.9498,-6.9671,-10.9918,3.2178,4.3656,1.1329,-0.2647
-1.9609,-0.8116,9.7683,3.5962,-1.2359,-3.7694,-9.2320,-10.1083,4.3718,4.3656,1.7047,0.8948
-3.1939,2.1548,8.0445,3.9325,-0.0745,-2.5012,-9.8976,-6.7014,1.3024,4.3656,1.9068,1.7126
-3.8092,3.5626,6.1986,4.3416,0.9325,-0.9820,-11.4251,-5.0853,-0.7518,3.2353,2.5410,3.1393
-4.8842,4.1803,3.0837,4.0557,1.9899,0.0055,-6.3470,-1.1684,-3.1101,1.7926,1.1048,4.3656
-3.4429,4.7860,1.3743,2.4415,2.6609,1.2169,-7.0773,0.9098,-3.7661,-0.3716,2.0115,3.9178
-3.5171,5.5258,1.6472,0.6265,3.3909,1.4989,-5.6000,2.8060,-3.0765,-2.5407,2.3599,3.4960
-3.7086,5.4827,3.2298,-0.3705,3.5424,1.4970,-6.8043,2.1141,-1.1301,-3.6048,1.9344,2.5997
-3.5554,5.1092,2.5115,-1.4103,2.8092,1.8033,-5.0877,2.7725,-0.7925,-4.1392,1.0305,1.9216
-3.3423,4.3670,2.2075,-2.9756,2.0951,2.2905,-3.9073,2.3607,-0.4597,-4.3657,0.2747,0.6258
0.3807,1.9872,2.7174,-4.3657,0.7967,1.9673,1.0056,1.4509,1.4293,-4.3657,-0.4691,-1.1691
2.1356,0.3280,4.8818,-4.3657,-0.1152,0.8772,0.1700,-3.1364,6.7062,-4.3657,-0.6708,-4.1863
1.9225,-0.2993,9.6917,-4.3657,1.0946,-0.3038,-4.5011,-6.6966,6.8666,-3.3091,3.0597,-4.3657
0.9912,-0.5411,13.9965,-3.9193,-0.4159,-1.5090,-9.2775,-9.6367,8.5210,-0.9411,2.3491,-4.3657
0.9792,-0.6967,14.7243,-2.2849,-2.3601,-2.3205,-10.2113,-11.1977,10.0820,1.6510,-1.9001,-4.1883
0.2993,-1.8196,15.3181,0.2630,-2.1809,-2.9862,-10.3310,-11.9207,8.9280,3.1380,0.5333,-3.1509
-1.2163,-2.4062,11.5329,1.6706,-1.7529,-3.4637,-8.6766,-11.4898,5.2744,4.3629,0.6407,-1.7496
-1.4964,-2.1787,10.5896,1.8145,-1.8614,-3.0538,-8.1259,-10.6997,3.3519,3.9875,0.5941,-0.9888
-0.9625,-0.7997,11.0756,2.4854,-1.0688,-3.0326,-9.7612,-9.7013,4.5490,4.0823,1.5268,0.1656
-2.5450,1.4629,8.4252,3.3171,-0.5505,-2.2659,-10.1466,-6.9695,1.1468,3.4729,0.7438,1.6186
-2.0638,2.2218,7.5992,3.2460,-0.1643,-1.5291,-8.4060,-5.0015,2.5690,3.0094,0.6596,2.4312
-2.8276,3.5745,5.7724,3.5751,0.5395,-0.7229,-10.6590,-4.1300,0.8595,2.1974,1.3198,3.2925
-3.4620,4.4604,4.5442,3.0220,1.3407,0.3467,-4.5011,0.2418,-1.2450,1.1907,0.1174,4.1871
-2.6959,5.4899,1.5083,1.9894,2.1358,1.2474,-4.4149,2.3056,-1.1827,-0.7069,0.8375,3.3009
-2.5905,5.4851,1.5467,0.1617,3.7511,1.8488,-8.2001,1.1301,-0.2131,-2.9010,3.0012,2.9180
-3.3303,5.0613,3.3591,-0.9274,4.3656,1.9117,-4.4628,2.5355,2.0518,-3.5976,2.2661,2.6561
-2.6624,4.7788,3.8140,-2.0554,4.0017,1.8840,-4.7022,2.7533,0.5938,-4.0417,2.7372,1.1231
-1.9465,4.4149,5.3343,-2.6561,3.2888,1.5495,-7.0773,1.3647,1.7430,-4.0831,2.6462,-0.1262
-1.9273,4.0941,5.8754,-3.0208,1.4626,1.0237,-5.4588,1.3719,0.9098,-3.4472,0.0276,-0.7342
-0.4669,2.7414,4.9799,-3.7501,-0.6340,0.7147,-1.8483,0.3831,2.2553,-3.2822,-1.5063,-2.4580
0.9577,1.1372,4.9129,-4.3657,-1.5946,0.2863,-1.8459,-2.8419,4.3120,-3.0619,-1.4533,-4.0983
1.8244,-0.2562,8.7508,-4.3657,-1.5643,-0.2896,-4.1779,-6.2537,6.8187,-2.5678,-0.1624,-4.3657
1.9704,-1.3575,13.2160,-4.2864,-1.4834,-1.4055,-6.7157,-10.7571,10.2208,-0.6865,0.4703,-4.3657
1.3767,-1.4700,17.8416,-0.9717,-1.6642,-2.0957,-15.3013,-14.2144,11.4874,1.7525,1.5914,-3.3626
0.4214,-2.6336,12.9359,1.4417,-1.6401,-3.1376,-8.3773,-11.5999,7.9416,4.0649,-1.0389,-0.4842
0.0766,-2.7414,11.2743,2.1593,-1.2692,-3.2948,-5.5785,-9.6774,4.4173,4.2205,1.0896,-0.8930
-1.7214,-1.3767,10.2951,2.5389,-1.1980,-3.1415,-10.1227,-10.7356,4.7022,4.3656,1.8290,0.0801
-1.7095,0.5171,9.7229,3.0042,-0.6151,-2.5004,-10.7380,-8.1355,1.6735,4.1051,0.9966,1.7638
-2.9113,1.7597,7.8817,3.4648,0.2828,-1.8455,-8.0206,-4.7908,0.6871,3.5005,0.9594,2.3382
-3.5027,3.1268,5.5689,3.2804,0.6712,-0.8665,-9.2727,-3.0646,-0.5722,2.3597,1.4658,2.7989
-4.6184,4.2641,4.8219,3.0226,1.4599,0.2477,-8.1403,-0.4669,-2.9018,1.2279,1.0670,3.4684
-4.5514,5.0566,0.9553,2.2431,2.3330,1.4533,-6.4117,2.1620,-4.0223,-1.0218,0.7192,3.7553
-4.3311,5.3989,-0.8188,0.1785,3.8093,2.3242,-3.8331,3.7828,-3.2274,-3.1507,1.5925,2.8790
-3.3327,4.7716,0.6560,-2.0868,4.3656,2.5189,-4.1444,3.4500,-1.6328,-4.3657,3.0493,1.6193
-0.7973,1.1037,3.5386,-4.3657,1.7022,2.0147,0.2298,-0.1149,-0.0527,-4.3657,-0.6678,-2.1421
1.2330,-1.5347,5.1332,-4.3657,0.0815,1.3006,-0.0886,-5.4755,2.6791,-4.3657,-0.2992,-4.3657
2.9425,-3.5841,10.2472,-4.3657,-1.3502,0.3581,-6.1411,-10.9439,10.5465,-3.9063,0.0823,-4.3657
2.7892,-3.7014,16.8336,-4.3657,-1.5428,-1.3094,-6.7708,-11.3342,9.9814,-0.8741,0.0337,-4.3657
0.6823,-3.2322,16.4338,-1.1552,-2.5663,-2.7701,-8.7771,-14.4658,12.7707,2.1384,-0.7369,-4.3657
2.4038,-4.4484,14.0611,0.7799,-1.9987,-3.2023,-9.9503,-15.1649,9.5864,4.0203,1.0453,-2.9729
-0.3519,-4.1635,11.2144,2.1935,-1.4641,-4.0814,-5.4827,-11.5736,3.0119,4.3656,1.2462,-1.2637
-0.7733,-2.0830,10.0030,1.8568,-1.7765,-3.5891,-5.9065,-9.5816,2.9449,4.1352,0.7169,-1.5007
-1.1181,-0.2801,8.7053,2.1122,-0.6739,-2.8386,-9.7731,-9.7037,3.5793,3.5011,2.1264,-0.3099
-1.9058,1.3360,9.5768,2.5802,0.4750,-2.1473,-9.1985,-7.6638,2.4181,2.9196,1.7477,1.7108
-2.5331,2.0949,8.1618,3.2145,1.0445,-0.9082,-10.0652,-6.0478,0.2322,1.9349,1.5924,2.3918
-2.4780,2.8898,5.9065,2.9880,1.6002,0.1482,-11.0684,-6.3446,-0.4286,0.4469,1.0649,4.3656
-2.9784,3.0335,5.0613,2.6392,2.4845,1.1632,-2.3200,-0.8284,0.0407,-0.4062,-0.6880,4.3656
-2.1859,3.6224,2.0758,1.2029,2.7346,2.0487,-4.3862,0.5938,-0.7087,-1.7730,2.0552,3.4971
-3.6607,3.7086,1.8962,-0.5461,3.8826,2.2516,-5.0135,1.5203,-2.3152,-3.5429,2.1149,2.4745
-4.4269,3.2920,1.3695,-2.3371,3.8609,2.6717,-4.6232,1.1899,-3.2322,-4.3657,1.6709,1.3856
-2.4301,1.3886,2.8515,-4.2903,3.0478,2.8622,-3.0071,-0.2729,-1.7885,-4.3657,1.3616,0.0762
-0.4094,-1.0822,3.3255,-4.3657,1.5463,2.3506,-0.0048,-2.9497,1.7717,-4.3657,0.1476,-2.2060
1.7645,-3.6512,8.2504,-4.3657,-0.0516,1.5326,-0.8068,-7.1275,5.9233,-4.3657,0.1243,-4.2575
3.9433,-4.4125,13.4075,-4.3657,-1.0524,-0.1134,-4.2689,-11.3749,9.5026,-2.4107,0.7376,-4.3657
2.1093,-4.3311,17.2574,-2.7651,-2.6171,-1.6950,-9.3087,-15.1529,11.8920,0.6522,-0.8356,-4.3657
4.7022,-6.2680,14.6884,-0.4986,-2.3940,-3.2419,-6.7373,-15.4211,12.6390,3.3334,-0.4149,-2.8452
1.4054,-6.1316,12.7635,1.2424,-1.6822,-4.3611,-4.3862,-14.4322,6.0262,4.3656,1.6465,-2.4914
1.6472,-5.6886,11.1450,1.4593,-1.8379,-4.2721,-4.7238,-13.4506,5.0781,4.3656,1.1186,-2.0839
1.4222,-5.0853,10.7452,1.9288,-1.2121,-4.3657,-4.6448,-12.9861,5.9448,4.3656,2.0825,-1.8087
0.4669,-2.9832,10.1538,2.5365,-0.8728,-4.3657,-7.0868,-11.5616,3.8906,4.3656,2.6520,-0.6362
-0.4094,-1.1803,8.7245,3.1227,-0.5756,-4.3657,-7.9320,-8.8585,1.9872,4.3656,2.1703,0.4177
-2.8683,0.4693,7.3574,3.4936,0.2357,-3.9630,-8.4467,-6.8881,0.2274,4.1645,2.1782,1.5993
-4.4269,2.7821,5.2625,3.3041,0.6821,-1.8166,-9.5768,-4.5633,-1.3336,2.5367,1.7277,1.8654
-3.0670,3.6607,4.9895,2.9171,1.4135,-0.3651,-10.4555,-3.6559,-1.1827,1.2524,1.6072,3.7899
-3.4860,4.4245,4.4005,2.5526,2.5620,0.7025,-6.7086,-1.0343,-1.1109,-0.6386,0.5875,4.3656
-3.2657,4.6926,4.0223,1.7034,4.1403,1.8991,-7.3095,-0.6153,0.2562,-1.8878,2.2667,4.2702
-3.7182,4.9297,1.5826,0.4493,4.3656,2.8174,-5.1978,1.5251,-1.4772,-3.7740,2.2203,4.0991
-4.0199,4.0175,1.3647,-1.8659,4.3656,3.6388,-3.7230,2.0159,-1.3360,-4.3657,1.7368,3.0016
-1.1923,2.4205,2.2577,-3.6672,4.1111,3.1762,-1.7190,1.7430,-0.4597,-4.3657,2.1505,1.1514
-0.9481,-0.0599,3.0430,-4.3657,2.8586,2.0474,0.6991,-0.5315,-0.5459,-4.3657,1.3546,-1.4433
1.9872,-3.4524,5.7293,-4.3657,0.2021,0.8612,-0.9194,-6.7995,3.8714,-4.3657,0.4844,-4.3657
2.1883,-4.7262,13.5991,-4.3657,-1.1984,-0.8139,-4.5370,-10.6207,8.2815,-3.4372,0.9154,-4.3657
1.2785,-3.0382,18.7538,-3.6283,-2.3569,-1.5552,-8.5976,-14.4083,10.9319,-0.0159,-0.4058,-4.3657
2.9042,-3.8906,18.6029,-0.4664,-2.8747,-1.9545,-14.4873,-17.5064,14.2072,2.5738,-1.1162,-4.3657
3.4500,-5.2218,12.1841,1.9946,-1.3038,-3.9566,-7.1467,-14.3556,9.8378,4.3656,0.9699,-0.6045
0.1556,-3.8786,10.8936,2.6369,-1.3316,-4.2935,-2.5905,-9.8210,2.5211,4.3656,1.0393,-1.3936
1.9249,-3.1149,7.8650,2.0374,-2.0988,-4.3397,-3.3160,-9.1363,4.5059,4.3656,1.0633,-1.7904
-0.6632,-0.8212,9.5265,2.0029,-1.3125,-4.2663,-10.2663,-10.4507,4.2353,4.3656,2.2637,-1.1325
-2.1021,0.8787,9.8162,2.8885,-0.7863,-3.5885,-9.2273,-7.5537,2.1117,4.3656,1.1197,1.2391
-2.8347,2.2625,7.5800,3.3474,-0.3367,-2.4696,-9.8569,-5.9831,1.8675,3.6409,0.5136,1.6927
-2.6815,3.2106,6.3901,3.4669,1.1734,-1.1143,-9.3254,-4.8507,0.7661,2.6372,1.6642,3.3364
-2.6935,4.0079,4.7908,3.4414,2.6024,0.0781,-7.2736,-1.9848,-1.3264,0.9866,1.2248,4.2687
-3.3734,5.0135,2.8706,2.3305,3.4122,1.2629,-7.5729,-0.3184,-1.2330,-1.0909,1.6690,4.2535
-4.1252,5.0422,1.9704,0.7659,4.3656,2.3523,-6.2920,0.5243,-0.2227,-3.2610,2.4814,4.3656
-4.2162,4.9392,2.5283,-0.8757,4.3656,3.0715,-4.3503,1.8268,1.1779,-4.3528,2.8064,3.6387
-3.2968,4.0510,2.6312,-2.2573,4.3656,3.3955,-3.8642,2.7869,-1.1492,-4.3657,2.8925,2.5191
-3.7637,2.9712,1.4222,-4.0085,4.3432,3.4143,-3.0526,1.6544,-1.3216,-4.3657,2.0406,0.7802
-0.3089,-0.2658,4.2760,-4.3657,2.8558,2.2551,-1.1875,-1.4700,2.6935,-4.3657,2.0015,-1.6958
0.8835,-1.5036,8.8633,-4.3657,1.4362,1.0218,-2.6671,-5.3415,4.7692,-4.3657,1.8437,-4.3657
2.0063,-2.4924,12.7707,-4.3657,-1.0411,-0.4655,-5.9664,-9.4212,6.2417,-2.2749,0.7677,-4.3657
0.7925,-2.0566,13.1561,-3.4921,-3.0670,-1.8383,-7.8075,-11.1833,8.9926,0.2673,-2.3730,-4.3657
1.8292,-2.5546,14.1761,-1.9871,-2.5852,-2.6965,-8.3965,-12.5145,9.5074,1.5291,-0.1612,-4.3657
0.7638,-3.3112,15.0954,0.0294,-2.0428,-3.6868,-10.3190,-14.1713,10.4914,3.4519,0.8584,-2.8733
0.5938,-3.3279,12.4283,1.7973,-1.6065,-4.0990,-6.9983,-11.8992,5.7964,4.3656,0.8015,-1.5263
0.8499,-3.4860,8.6957,1.9954,-1.5966,-4.2205,-5.0733,-10.5680,3.6703,4.3656,1.4372,-1.2017
-0.9361,-2.3822,11.0133,2.1178,-1.0949,-4.3657,-5.8012,-10.1442,4.6591,4.3656,2.2339,-1.5585
-2.3966,-0.1939,9.5553,3.1024,-0.6971,-3.9466,-11.2958,-9.6127,1.1396,4.3656,2.3836,-0.1367
-4.1372,1.8962,7.4436,3.2439,-0.6751,-2.6482,-10.4483,-6.6439,-0.7566,3.7482,0.5189,1.8439
-4.2713,3.7924,6.5242,3.4578,0.8729,-1.0555,-11.7723,-4.9464,-1.2019,2.0005,1.3781,3.4376
-4.9057,4.2713,3.1101,3.3846,3.0046,0.8263,-9.0956,-2.7557,-2.9042,-0.1408,1.1393,4.3656
-5.3630,4.9656,1.2737,1.5884,4.3656,2.3787,-6.2465,-0.0407,-4.6855,-3.0823,2.0691,4.3656
-3.4884,3.5243,0.2442,-0.4731,4.3656,3.2370,-3.7278,0.0599,-0.0599,-4.3657,2.5782,4.3656
-3.9696,2.1620,2.4828,-3.1173,4.3656,2.8121,-2.7653,0.8619,1.6113,-4.3657,4.1783,3.1476
-3.5865,0.9601,5.4612,-4.3657,4.3656,2.4431,-3.0813,0.4142,0.0455,-4.3657,4.3656,0.0951
0.1030,-1.1277,6.8642,-4.3657,0.8743,1.4205,-0.9601,-2.2003,4.1061,-4.3657,0.1615,-2.5774
0.5028,-1.1516,9.8354,-4.3657,-1.6305,0.2357,-3.6248,-5.6264,6.8402,-2.2804,-1.1646,-4.3657
2.1165,-1.6999,12.2775,-3.7796,-1.9962,-0.6475,-6.3351,-7.6782,5.7485,-0.6829,0.3449,-4.3657
-0.4597,-1.4006,11.1043,-2.6200,-2.7057,-1.9757,-7.5776,-9.6845,6.2249,0.7492,-1.4027,-4.3657
1.7382,-2.3128,13.9079,-1.6669,-3.1782,-2.2776,-8.4084,-11.8681,9.8210,1.8639,-0.8274,-4.3657
0.5698,-2.9449,13.1944,0.4369,-2.5139,-3.4001,-8.4515,-12.4068,8.5473,3.9158,0.4747,-3.1487
0.3687,-2.7940,10.6518,1.0996,-1.9344,-3.6168,-7.3071,-11.0732,4.3574,3.9682,0.2714,-2.1079
-0.1006,-2.4852,10.4986,1.2023,-1.4987,-3.5749,-6.9887,-10.5105,4.5849,3.7970,1.3125,-1.6005
-1.7358,-1.1157,10.6518,1.8322,-0.7381,-3.1574,-9.0094,-9.7516,2.8204,3.5050,1.5443,-0.7534
-1.6975,0.0120,9.3158,2.2632,-0.1423,-2.4347,-9.5457,-8.3845,2.7174,3.1674,1.3671,0.7368
-2.4588,1.3048,8.4755,2.7322,0.3910,-1.6610,-8.9304,-6.5625,1.1684,2.5820,1.2842,2.0178
-3.0598,2.7533,7.7381,2.9752,1.3347,-0.4968,-10.4914,-5.5976,2.0111,1.6994,1.4766,2.8877
-2.3750,3.1987,6.4859,2.9600,2.1405,0.3537,-7.9799,-3.2968,-0.0192,0.6832,1.4619,3.8229
-2.9473,3.8044,4.9847,2.4649,2.8778,1.3404,-5.1475,-0.8021,1.2761,-0.2437,1.0563,3.4875
-2.6073,4.3766,4.0797,1.6551,3.0684,1.9809,-8.4036,-0.6416,-0.5339,-1.1732,2.6582,3.4613
-2.9880,4.5466,2.8323,0.5177,3.2528,2.3902,-5.2505,1.5203,-1.5036,-2.6484,0.7542,3.1018
-2.5355,4.1635,0.8667,-0.5401,3.9795,2.4115,-4.0869,2.1045,-0.8212,-3.8345,1.6638,2.3401
-2.7078,3.4381,1.4916,-2.5527,4.3656,1.9752,-3.5362,2.1404,-1.5131,-4.3657,2.7306,0.9598
-3.6536,2.5019,3.9433,-4.1828,3.5834,1.5660,-4.4628,0.0958,-1.4485,-4.3657,2.1543,-1.0806
-1.8364,0.2801,4.5203,-4.3657,1.5667,1.2261,-3.0358,-1.9297,-0.3759,-4.3657,0.2369,-2.4547
0.9888,-1.4150,5.8059,-4.3657,-1.2528,0.2518,-1.2163,-5.7796,4.4891,-4.3407,-1.2847,-4.3657
1.0127,-3.0239,12.2559,-4.3657,-1.7032,-0.4522,-5.3008,-9.9814,9.3685,-2.4902,-0.3204,-4.3657
3.3088,-4.0223,15.6964,-3.7333,-1.9145,-2.3378,-7.1778,-12.7443,10.4842,0.5484,0.6995,-4.3657
0.4525,-3.8188,17.9469,-0.7298,-3.3409,-3.8917,-10.9750,-15.7802,11.5401,3.5038,-0.6314,-4.3657
0.2298,-4.1659,12.7683,1.3454,-2.4488,-3.8746,-8.8466,-14.3892,6.5697,4.3656,0.1202,-2.3357
-0.0072,-4.2545,9.9288,1.7720,-1.2373,-4.2745,-5.7724,-11.8657,3.2178,4.3656,1.6126,-1.4682
-1.6185,-3.2489,10.7141,1.9333,-0.8436,-4.0826,-6.5242,-10.8290,2.4612,4.0324,1.8836,-1.2335
-1.5993,-1.5443,10.0245,2.3819,-0.5494,-3.6613,-11.2144,-11.3054,3.0502,3.8056,1.9043,0.4944
-2.1883,-0.1652,9.9431,3.1311,0.3136,-2.8938,-10.5776,-9.3111,2.4493,3.4466,1.7920,2.3133
-3.4500,1.0104,7.9535,3.7550,0.9747,-1.9448,-7.6495,-5.8442,0.0838,3.0425,1.2490,3.1716
-3.7948,2.5618,6.0382,3.5547,1.3715,-0.5083,-8.5138,-3.7948,-0.6847,1.8223,1.2063,3.4480
-3.5626,3.6129,4.3000,3.3241,2.5054,0.4482,-6.5936,-0.9409,-2.1548,0.5466,1.2315,4.0370
-4.0151,4.6112,1.4437,2.0739,2.8290,1.8122,-6.0765,1.0319,-2.3152,-1.2440,0.7224,3.3854
-3.5985,4.8147,1.2043,-0.0498,2.9043,2.8000,-5.0278,1.9201,-1.9704,-3.0401,0.8705,3.1661
-2.3415,4.4341,1.9369,-1.0869,3.4813,3.0971,-4.8914,1.1037,1.4102,-4.2352,0.8126,2.8562
-1.7142,3.5602,3.0311,-2.2260,4.2206,2.5774,-3.9025,0.7805,3.5291,-4.3657,2.3343,1.6463
-1.2234,3.1388,5.7988,-2.8991,3.9278,1.9664,-4.5538,0.5243,3.1388,-4.2762,3.1774,0.2150
-2.0830,2.3942,4.1132,-3.4915,2.7993,1.3169,-4.9297,0.0072,-0.3735,-4.1163,1.4552,-0.9177
-1.2210,-0.1245,5.0925,-4.3657,1.3510,0.5556,-2.7725,-2.4038,1.4700,-4.3255,1.2205,-2.2688
-1.0726,-1.8483,9.0094,-4.3657,-0.2234,-0.2864,-3.4548,-5.5833,3.2106,-3.0189,0.6976,-4.3657
-0.1101,-2.7342,11.8178,-4.3657,-1.6951,-1.1743,-6.3590,-9.3302,5.9735,-1.4324,-0.2041,-4.3657
0.9050,-3.1675,14.8919,-3.2451,-2.8362,-2.5712,-8.1211,-12.4882,10.0509,1.1222,-0.5899,-4.3657
-1.2091,-3.1987,16.8432,-0.1352,-3.0073,-3.6011,-11.1282,-14.4682,9.1387,3.7784,0.3240,-4.3381
-1.9130,-2.7940,11.8848,1.7387,-2.4496,-3.7734,-11.0349,-13.4698,4.9656,4.3656,0.1985,-2.2433
-0.7901,-3.2441,9.0429,1.8943,-1.5383,-3.8588,-5.1930,-10.4291,2.7007,4.3656,0.9349,-0.7093
-2.0518,-1.9225,9.5912,2.1440,-1.0349,-3.3465,-6.7229,-9.5122,1.6137,3.7883,1.8094,-1.1461
-2.0423,-0.6393,9.5864,2.2616,-0.3487,-2.6360,-10.8673,-9.9527,2.7773,3.3676,1.8483,0.0959
-2.5379,0.6847,9.5313,3.0068,0.1466,-2.1365,-8.8921,-7.6112,1.0271,3.2095,1.2781,2.1502
-3.4189,2.1620,7.2760,3.3859,0.7886,-0.9866,-8.1403,-4.9680,0.5794,2.2388,1.0412,2.4087
-2.6217,3.5051,5.6264,3.2770,1.6554,0.2482,-9.4068,-3.8978,0.8428,1.3069,1.4953,3.4299
-3.6871,4.3766,3.8618,3.0738,2.6088,0.9943,-5.2026,-0.0455,-1.1372,0.1553,1.2792,3.2774
-2.5857,4.8315,3.0454,-0.4523,3.9315,2.0053,-7.9248,0.1700,-0.3400,-3.3754,2.7895,2.6417
-3.2920,4.3910,4.1851,-1.2877,4.0867,1.9696,-7.6399,-0.0096,-0.2729,-4.3172,2.0162,2.7691
-3.2585,3.7158,4.1492,-2.1134,3.2770,1.6859,-6.0885,0.2897,0.7159,-4.3657,1.1699,1.8699
-3.7326,3.0765,4.8411,-3.0045,2.4618,1.3534,-4.9823,1.0151,-1.3312,-4.3657,1.6613,0.7260
-2.7940,1.6137,3.7326,-4.0108,0.3830,1.0040,-2.2697,0.1245,-0.7997,-4.3188,-0.7973,-1.0512
-1.5155,0.0982,4.4915,-4.3657,-0.9706,0.7354,-1.6281,-2.7414,3.2585,-3.7966,-1.8099,-3.7358
0.1053,-1.5610,7.9607,-4.3657,-0.2463,0.0261,-3.8140,-6.0023,2.6169,-3.1475,1.4942,-4.3657
1.0175,-3.0789,9.8067,-4.3657,-1.8572,-1.0541,-5.9065,-9.8378,6.1818,-1.8098,-0.1147,-4.3657
0.3112,-3.6033,15.1122,-3.8099,-2.1634,-1.8914,-8.6359,-13.2351,9.0525,0.1859,-0.5020,-4.3657
0.1221,-3.6536,17.1808,-0.4455,-1.9111,-2.9190,-11.9878,-15.6605,9.8737,2.7376,1.3863,-3.9667
0.2849,-4.0031,12.5360,1.4697,-1.7327,-2.8595,-9.7851,-13.4602,5.0326,4.0366,-0.4130,-0.8600
-0.5315,-4.1420,10.1131,2.1161,-1.0059,-3.3472,-4.7046,-11.1282,4.1683,4.0089,0.9727,-0.6923
-1.6376,-3.0742,10.4004,2.3994,-0.3994,-3.2991,-7.7835,-11.8633,5.6743,4.3656,2.7819,-0.0829
-1.8196,-1.4030,10.0868,3.0505,-0.8026,-2.9043,-9.0860,-9.2775,-0.4070,4.3656,1.5740,1.2642
-2.5426,-0.2370,8.8346,3.4551,-0.4401,-2.4874,-9.1195,-7.7237,0.8404,4.0036,0.2545,1.4330
-3.3447,1.3120,6.4404,3.4832,0.2510,-1.5160,-7.2616,-4.3407,-1.3647,2.8480,1.1989,2.1059
-3.3734,2.9425,5.4755,2.8052,0.5997,-0.1283,-9.4284,-3.5554,-0.5004,1.6591,0.7883,2.4420
-3.1627,3.5889,4.5897,2.5095,1.6900,0.9382,-8.2720,-2.0087,-1.1660,0.0609,0.9851,3.4246
-3.0718,3.9409,2.5546,1.5380,3.0724,1.8443,-5.9975,-0.0192,-2.9521,-2.0499,1.1163,3.5226
-3.4716,4.0821,1.6903,-0.0580,4.2607,2.4340,-5.7844,-0.0455,-0.5962,-4.1194,1.9212,2.7903
-3.1747,3.3615,3.4596,-1.5990,4.3656,2.5903,-4.9584,0.0072,1.8699,-4.3657,2.7554,2.2139
-1.9249,2.2960,5.4444,-2.8007,3.6196,1.9798,-3.8930,-0.0694,1.6472,-4.3657,2.2280,0.5343
0.1987,0.5746,7.6471,-3.8409,0.9677,1.0451,-2.1907,-1.0223,2.5690,-3.6002,-0.1585,-1.5945
1.4078,-0.8475,6.3470,-4.3657,-1.6971,-0.3303,-0.0192,-3.3351,4.2282,-2.6048,-1.9664,-3.7521
3.7445,-2.3415,8.0325,-4.3657,-3.4880,-1.3466,-0.4405,-7.9392,7.9942,-1.6583,-1.9637,-4.3657
1.7023,-2.4804,13.5344,-3.8781,-2.5719,-2.7653,-6.5314,-12.7324,11.0756,0.4964,0.8045,-4.3657
0.0455,-2.6815,17.8440,-1.2558,-1.6875,-3.4715,-13.1466,-15.8783,9.4068,2.5940,2.1961,-4.3657
0.6249,-3.3184,14.6429,1.2629,-2.3772,-3.9660,-11.6981,-15.4618,9.8067,4.3656,-0.2102,-1.6734
0.5124,-3.2992,10.8697,2.5129,-1.4305,-4.2190,-5.9352,-12.2703,4.9823,4.3656,1.2039,-0.4612
-1.1803,-2.3559,9.2033,2.8116,-0.6612,-3.8408,-5.7197,-9.8713,1.7406,4.3656,2.8642,-0.2710
-1.5706,-0.2993,9.1363,2.6722,-0.4132,-3.1670,-8.9543,-8.5114,1.3072,3.9238,1.7038,0.7689
-3.3830,1.5083,8.2791,3.3148,0.7974,-2.1714,-9.8785,-6.8929,0.7901,3.1464,1.9209,1.8752
-4.4891,2.5211,6.8283,3.5485,1.5278,-0.9474,-7.3478,-3.9552,-1.3288,2.2709,1.8082,2.8747
-3.8930,3.1220,4.4125,3.2947,1.9882,0.3898,-8.4180,-2.6791,-2.8228,0.7875,1.6411,3.5601
-4.1180,4.3886,3.3950,2.4235,2.9869,1.5612,-8.6383,-1.4317,-2.9592,-1.0914,1.5765,4.3656
-3.7254,4.2353,1.6616,1.3436,3.7275,2.5848,-5.8778,0.5698,-3.5314,-3.2704,0.9022,4.2513
-3.2106,4.6663,1.4293,-0.8817,4.3656,2.7921,-4.9584,0.6967,0.2562,-4.3657,1.7491,3.7042
-3.0622,3.7182,4.7333,-1.8377,3.9374,2.7185,-6.2273,0.4166,0.4573,-4.3657,2.7951,2.4656
-2.5139,3.7781,4.5322,-2.6291,2.0615,2.3852,-4.6519,1.0367,1.3096,-4.3657,-0.2605,1.4754
-1.2163,2.3846,4.0103,-3.3773,0.7769,2.1791,-2.6815,0.4334,0.7614,-4.3657,-0.9747,0.1242
1.4126,0.3304,3.8044,-4.3657,-0.4120,1.3243,1.2929,-1.7382,6.0214,-4.3657,-1.2925,-2.2669
3.5386,-2.1237,8.6215,-4.3657,-0.0441,0.0601,-0.7877,-6.3015,7.3813,-3.3259,1.4188,-4.3657
3.2968,-3.1460,12.5432,-4.3657,-1.3861,-1.6867,-3.9337,-10.1682,8.0732,-1.0391,2.1638,-4.3657
2.7198,-2.7629,14.8919,-3.7105,-3.0164,-2.5743,-9.9407,-13.6924,10.3573,0.9362,-0.9418,-4.3657
1.9489,-3.2801,16.7474,-1.3194,-2.6886,-3.0863,-11.1330,-13.9726,10.3238,2.6281,0.2030,-3.5557
0.8212,-3.5937,13.3261,1.0102,-1.4877,-3.5262,-9.9359,-13.2615,7.6734,3.8504,0.4049,-2.1121
-0.2514,-3.6033,10.4459,1.7965,-0.6179,-3.4475,-6.8450,-11.0157,3.5267,4.2005,1.2809,-1.0100
-0.5291,-2.6911,9.8306,1.9879,-0.5000,-3.1392,-6.4308,-9.3039,2.6504,3.6523,1.3427,-0.6078
-1.4892,-0.9409,10.1370,2.4956,-0.3882,-2.5576,-10.0054,-9.4164,3.4884,3.5871,1.2496,0.1763
-2.0758,0.8116,9.6654,3.1197,-0.0264,-1.7596,-10.6757,-7.4412,2.3176,3.1153,0.8752,1.7649
-2.2075,1.8627,8.3725,3.6825,0.5091,-0.7637,-9.6510,-5.6695,1.9704,2.6973,0.6869,2.5740
-2.1811,2.7845,6.2968,4.0850,1.4625,0.0265,-8.2145,-3.7086,1.3048,2.0562,1.2297,3.6312
-2.4852,3.5745,4.0725,3.7791,2.2103,0.8535,-6.0789,-0.9481,-1.7358,1.0219,1.0984,4.0929
-2.5067,4.9464,1.0056,2.5069,2.7314,1.9005,-5.5067,0.9409,-1.4940,-1.0207,1.1121,4.3031
-3.2010,5.4731,0.7997,0.9486,4.2595,2.6685,-3.7948,2.7892,-2.4972,-3.1319,1.9183,3.7447
-1.5371,4.5179,-0.6225,-1.2512,4.3656,3.1040,-2.9137,2.5043,0.2442,-4.3657,2.6958,2.8409
-1.8148,2.9329,2.5163,-3.5284,4.3656,2.3944,-1.7478,2.1500,-0.6321,-4.3657,3.5886,0.8254
0.2274,-0.6895,3.8211,-4.3657,3.3489,1.2973,2.0207,-0.6393,1.4365,-4.3657,1.7304,-2.0423
3.6895,-4.6926,7.4962,-4.3657,-0.8745,-0.4896,4.9297,-6.2513,5.6958,-4.3657,-0.8424,-4.3657
3.7469,-4.3934,10.9176,-4.3657,-3.3009,-2.1810,-2.0207,-12.3493,8.4036,-2.0941,-0.4900,-4.3657
2.8204,-3.5027,19.1752,-4.3657,-2.9938,-3.5298,-11.8537,-17.3580,13.2256,0.5929,1.0072,-4.3657
-1.7095,-3.5578,19.6127,-0.1184,-2.3045,-3.7613,-16.4889,-18.5886,11.5616,3.4869,0.2803,-3.7930
2.0542,-4.2760,11.6478,2.2854,-1.3225,-3.6364,-8.0254,-13.9678,7.6255,4.3656,-0.1851,-0.4538
-0.7087,-3.7709,8.6311,2.7921,-0.5626,-3.6060,-4.7573,-11.0325,1.6233,4.3656,2.4977,-0.2217
-0.0718,-2.3343,9.7157,2.3565,-0.2579,-3.0999,-5.0877,-8.8657,2.4086,3.8352,2.1201,-0.0577
-0.3807,-0.3543,9.7013,3.1136,0.0938,-2.9632,-8.1882,-8.5353,5.3439,4.0617,1.8431,0.6919
-2.3296,1.5443,8.8657,3.8011,0.3376,-2.4064,-9.1004,-6.6750,1.5993,4.0089,2.2140,1.7884
-3.6895,2.9808,6.7924,4.2197,0.8529,-1.3375,-9.6486,-4.2760,-1.0032,3.0619,1.8373,2.4483
-4.4676,4.6950,4.9704,4.2582,1.3191,0.1933,-10.3525,-2.8299,-3.9624,1.7353,1.4742,3.4220
-4.5203,4.3646,2.0423,3.7706,3.6337,1.6571,-7.4268,-0.2155,-4.9799,-1.3705,1.6711,4.3656
-3.2681,5.5354,-3.5075,1.0579,4.3656,2.4520,-3.4477,2.0470,-3.0670,-4.1748,1.9469,4.3656
-5.7557,5.1212,0.8523,-2.2469,4.3656,3.0243,-5.2888,1.6783,-2.0614,-4.3657,4.1428,2.9661
-1.9130,2.6217,3.5674,-4.1338,4.3656,2.6123,-3.9648,0.3112,0.8404,-4.3657,2.1529,1.1054
0.3472,0.1460,5.0853,-4.3657,1.2444,1.2877,0.4717,-1.0247,3.8379,-4.3657,-0.8685,-0.6651
0.8404,-0.9409,7.8219,-4.3657,-0.7729,0.0919,0.5124,-3.5937,4.9153,-3.6880,-0.2510,-4.1832
2.9616,-1.7549,9.2775,-4.3657,-2.5017,-0.8018,-2.9784,-7.8243,6.5984,-2.2192,-0.4327,-4.3657
3.0526,-2.6408,11.7723,-4.3657,-3.2181,-2.2589,-6.2345,-11.9064,10.7356,-0.4377,-1.3420,-4.3657
2.0087,-3.0526,18.6724,-1.9906,-2.4177,-3.2856,-12.4139,-15.1840,12.0021,2.1567,1.8131,-4.3657
0.3424,-2.8419,14.2623,1.0415,-1.7869,-3.6095,-11.6310,-14.0468,8.3534,4.0293,-0.1018,-1.7299
0.7949,-3.2992,10.8816,1.8029,-1.0643,-3.7964,-6.0501,-11.1977,5.4995,4.3656,0.5331,-0.7921
-0.9146,-1.8459,9.8545,2.3708,-0.1665,-3.5261,-7.0605,-9.2608,2.4708,4.0373,2.9904,-0.5990
-0.9098,0.4118,9.4906,2.6985,-0.0438,-2.5566,-10.7404,-8.8849,4.5825,3.9011,1.7052,0.7846
-2.1045,0.7470,8.2911,3.4471,0.4647,-2.1746,-7.4747,-5.9831,0.5100,3.8172,1.7656,1.9742
-3.3232,2.3535,6.0406,3.4343,1.1646,-1.2160,-8.0349,-3.6105,-1.3599,2.3194,1.5958,1.9977
-3.9049,3.3543,5.4947,2.9328,1.6671,-0.0925,-8.2576,-2.2577,-1.3791,1.0733,1.3985,2.4802
-4.0558,4.2904,3.5650,2.3904,2.4023,1.0176,-9.2536,-1.2498,-3.1268,-0.4831,1.3578,3.4492
-4.8195,4.5155,2.6336,1.1138,3.2652,1.9019,-7.7069,0.2777,-3.9576,-2.6152,1.2081,3.4777
-4.3646,4.5681,1.7190,-0.5963,4.0032,2.6079,-6.8929,0.5363,-2.6552,-4.2694,1.2180,3.2526
-3.6464,2.2984,2.7150,-3.5086,3.2861,2.7101,-3.6655,-0.0096,-0.4764,-4.3657,0.7706,1.2717
0.0790,-1.6975,7.2425,-4.3657,0.0771,1.4165,-1.5562,-5.2960,5.4253,-4.3657,-0.2819,-3.3031
2.0255,-2.7533,12.1865,-4.3657,-0.8824,0.2350,-4.6735,-9.0094,8.4156,-2.8062,0.4422,-4.3657
3.5171,-3.2441,13.4841,-3.4046,-2.4224,-1.2105,-7.0581,-11.4036,9.7085,-0.2622,-0.8611,-4.3657
2.2482,-3.1819,14.6573,-1.9782,-2.9806,-2.4693,-6.8498,-12.2583,10.7859,1.5720,-0.8459,-4.3657
1.0558,-3.0765,14.8369,-0.0346,-1.6895,-2.8753,-9.1794,-13.3381,9.4523,3.0077,1.0146,-3.7583
0.4334,-3.1843,11.0325,1.5789,-0.8688,-3.5233,-9.1818,-12.2128,5.6743,4.1732,1.8405,-1.4304
-0.6680,-2.5953,9.4715,1.9528,-0.9086,-3.5713,-5.6096,-9.0908,1.8220,4.1563,1.2942,-0.7007
-1.2522,-1.8938,8.4132,1.9120,-0.8272,-3.1614,-5.1475,-8.3366,2.5019,3.8012,1.5668,-1.3003
-0.9912,-1.0199,9.6031,2.2031,-0.7576,-3.1558,-8.1283,-8.7843,3.6536,3.9223,1.9801,-0.6375
-2.7174,0.5698,9.3494,3.0327,-0.8023,-2.9497,-9.3182,-7.3215,1.5251,4.1853,1.1270,0.3351
-3.8618,1.8507,7.8123,3.4146,-0.8956,-2.0009,-10.3430,-6.2106,-0.2514,3.8850,0.5895,1.5709
-3.7014,3.4213,5.4253,3.4452,-0.2439,-0.8096,-9.5289,-3.7637,-3.2274,2.3113,0.1916,3.1986
-5.0685,4.7094,3.9121,2.8874,0.9860,1.2356,-8.4156,-1.3336,-4.1084,-0.0165,-0.4290,3.7483
-3.4836,4.7860,0.5195,1.3171,2.2394,3.1349,-8.1044,-2.1189,-3.4117,-3.1832,-0.1340,4.3656
-3.4213,3.3447,1.0726,-0.6808,4.3656,4.0369,-2.7964,-1.5467,1.1779,-4.3657,0.3429,4.3656
-3.7661,2.0231,3.6775,-2.3445,4.3656,4.2066,-4.7166,-2.1380,2.6528,-4.3657,4.3656,3.7028
-2.6360,0.6416,6.6870,-3.2746,4.3656,3.7362,-7.8769,-4.2306,5.2529,-4.3657,4.3656,2.4996
-2.8108,0.3136,10.9654,-2.8328,4.3656,2.8767,-7.5824,-3.9313,6.8905,-4.3657,3.7249,1.6289
-0.3519,0.8547,12.6917,-1.8041,2.4800,1.5019,-7.3861,-2.8874,5.2840,-2.4122,2.3182,0.1577
-0.5578,1.8771,9.3015,-0.5989,-3.4363,-0.8315,-6.1411,-2.3200,5.0302,1.3169,-3.2042,-2.2100
-0.9433,1.8292,6.9480,-1.1604,-3.7433,-1.4372,-3.9169,-1.8675,2.9544,1.2332,-2.9904,-3.5578
1.1085,0.7661,5.7102,-2.6496,-3.9877,-1.9404,-2.0207,-4.4915,5.5258,0.4676,-2.3558,-4.3657
1.2210,-0.3496,9.5002,-3.4354,-3.1253,-2.1374,-6.0525,-8.7364,8.1475,0.4942,-0.7064,-4.3657
2.1500,-0.5387,13.6661,-2.3575,-2.0300,-3.2752,-9.9431,-11.6023,9.8904,1.6284,1.4052,-4.3657
-0.6033,0.0599,16.4194,0.3170,-1.7810,-2.9579,-14.6501,-12.3086,7.6567,2.9937,0.6855,-2.2095
0.0503,-0.1484,11.4491,1.8750,-1.5491,-2.4127,-9.2153,-9.3254,6.0214,3.4657,-1.1810,-0.0850
0.1341,0.1867,8.7484,2.3553,-0.3818,-1.8618,-7.0988,-7.0964,2.9281,2.9996,1.0007,0.8661
1.0678,0.2418,8.0804,2.0917,0.0522,-1.3338,-5.2577,-5.4372,4.2234,2.1598,0.9899,0.9932
2.8826,-0.0407,11.8369,2.1358,-1.3005,-1.9197,-4.2521,-6.0454,9.6199,3.5112,-0.1532,0.5456
2.0806,0.9122,10.2352,3.5461,-2.7717,-2.7689,-6.4356,-5.2409,6.9240,4.3656,-0.5438,-0.3529
-0.4788,3.2585,4.2904,3.4211,-3.6723,-2.5387,-5.4037,-1.4676,1.0104,4.3656,-2.4571,-0.1553
-0.3998,5.3965,1.1779,1.7954,-2.3622,-1.3263,-5.7892,0.6560,0.5387,2.5087,-1.4173,-0.0041
0.2969,6.6894,1.5083,0.3756,0.6186,-0.4594,-5.3774,1.5251,3.0574,0.0985,0.8124,0.5404
0.5650,6.1507,4.6160,-0.1793,2.4527,0.4851,-7.2880,0.1125,3.9289,-1.3338,2.4937,1.1727
1.3719,5.6838,7.8027,-0.3044,2.4411,0.8344,-7.6806,-1.0127,7.2425,-1.7568,2.0618,1.8461
0.8739,5.8634,8.7245,0.4012,2.2453,1.1345,-7.4939,-0.7111,5.9975,-1.2301,1.3145,1.8935
-0.3998,6.0932,4.8483,0.8088,2.6027,1.9177,-8.0493,-0.0958,4.0103,-1.9203,0.8697,3.0096
-1.5299,5.7940,2.2434,0.1240,4.3656,2.2886,-6.0621,0.9816,1.7645,-3.4464,2.0416,3.4356
-0.9984,4.4556,4.1468,-1.6442,4.3656,2.2884,-4.4293,1.2330,2.7102,-4.3657,4.0196,2.6204
-3.1149,3.9983,5.8682,-2.4114,4.3656,2.2232,-6.6080,0.5195,-0.0742,-4.3657,3.9081,1.7051
0.7661,-1.0942,9.3685,-4.3657,3.1600,1.0228,-4.2425,-4.8411,5.4348,-4.3384,3.9895,-2.5868
1.9106,-2.6600,12.2296,-4.1472,1.3949,-0.6892,-5.4564,-7.6710,6.8857,-2.1460,2.8369,-4.0386
