-5.2289,4.7429,2.4325,2.7985,2.9989,1.4041,-7.0246,-0.8475,-2.6887,-1.8465,0.2735,4.3656
-5.9017,4.5107,0.9936,1.2867,3.3746,2.3594,-1.4605,3.9217,-1.4341,-2.5699,-0.1552,4.3202
-5.0613,4.3766,-0.7925,-0.8857,3.6295,2.9512,-4.7214,3.9241,-3.9337,-4.3210,1.9971,2.0735
-4.6208,3.4500,0.2322,-3.1216,4.1748,2.9407,-3.0837,3.7828,-3.2274,-4.3657,1.5162,0.6310
-3.5195,1.4365,1.2761,-4.3657,3.1199,2.6139,-2.6624,1.2186,-1.8004,-4.3657,1.1676,-1.6735
-1.2402,-0.7230,3.4285,-4.3657,1.0710,1.9977,-3.6559,-2.8898,-1.0247,-4.3657,0.9431,-3.7129
1.4940,-2.3128,9.4571,-4.3657,-1.3959,0.6452,-2.5857,-5.8754,6.1052,-4.3353,-0.7465,-4.3593
2.5019,-2.1356,14.7459,-4.3657,-3.3704,-0.5576,-4.5274,-9.1961,10.5345,-1.4146,-1.3298,-4.3657
2.0518,-1.5897,16.8672,-3.1934,-3.4176,-2.0624,-9.7516,-12.8928,10.4148,1.3247,-0.1363,-4.3657
0.7470,-1.3527,14.7172,-0.8819,-3.2993,-2.9616,-14.4179,-14.6262,8.5497,2.8881,0.0060,-3.7144
-0.4860,-2.0877,14.0420,0.3698,-2.0390,-3.2580,-10.1347,-12.7156,7.9009,3.5782,-0.2433,-1.2870
0.7973,-2.1189,11.1402,1.7712,-0.1188,-3.2616,-6.6535,-10.3741,5.6407,3.8726,2.3359,-0.7425
-0.0862,-1.0822,9.5313,2.3253,0.2386,-3.6060,-7.2568,-8.9376,2.9233,3.8530,2.6326,-0.1679
-2.3511,0.2490,9.4643,2.9232,0.4246,-3.2888,-9.5313,-8.8657,2.1859,3.8124,2.2564,0.7965
-3.5314,1.8507,8.5569,3.4836,1.0493,-2.5606,-9.0046,-6.9839,0.5363,3.2800,2.1749,2.5719
-4.2186,3.0095,7.3622,3.9531,1.9100,-1.3246,-9.9048,-5.6743,-0.9266,2.2567,2.3112,3.3670
-4.7429,3.9504,4.6064,3.9302,3.0180,-0.0221,-9.4834,-3.3782,-2.4588,0.9595,2.2364,4.2224
-5.5138,4.9057,3.3854,3.3602,4.1212,1.0968,-7.0102,-0.0766,-4.2210,-0.6971,2.1486,4.3656
-5.9783,4.9895,-0.2586,2.1494,4.3656,1.9173,-5.8083,2.1452,-4.6878,-2.5568,1.6591,4.3656
-4.7884,4.2138,-0.6728,-0.0962,4.0147,2.4472,-2.6312,4.6088,-2.1739,-3.6576,0.8765,3.0214
-5.0159,4.6136,-0.4525,-2.1794,3.7519,2.2949,-5.5929,4.2880,-3.5386,-4.3657,2.4612,1.6070
-5.4133,3.9002,1.1133,-3.6822,3.0627,2.0913,-4.7860,3.2441,-2.3822,-4.3657,0.8162,0.0051
-3.4716,2.4876,3.5147,-4.3657,2.1591,1.5370,-3.7421,1.9680,-0.4142,-4.3657,1.0660,-1.6983
-1.9010,1.1971,4.2665,-4.3657,0.1318,0.8900,-3.9241,-1.1875,0.0742,-4.1935,0.1057,-3.9548
-2.5379,0.3256,6.9025,-4.3657,-1.5110,0.3625,-6.1986,-4.6471,5.0422,-3.0239,-0.3818,-3.8902
-2.5019,1.3072,16.2854,-3.9820,-0.9896,0.6863,-8.4922,-7.5729,8.3917,-0.5324,0.9002,-4.3657
0.3855,1.0678,13.5344,-1.0483,-2.0943,-0.9453,-14.3245,-10.6662,4.7549,1.6754,1.2171,-4.2621
-0.1053,-0.2586,10.2831,-0.3564,-2.7607,-2.7723,-8.6886,-7.4436,5.7676,3.2536,-2.2512,-1.2395
-0.7590,-0.4884,9.4834,0.3371,-2.5676,-3.7113,-4.5083,-5.9616,4.5993,3.5011,0.0689,-2.3862
-1.5490,-0.2418,9.7300,0.3560,-2.2521,-4.0695,-8.0685,-8.8681,5.2385,3.9374,1.5054,-2.8124
-1.9848,-0.2945,10.2711,1.1598,-1.4225,-4.2868,-9.5553,-9.6391,3.2729,4.2290,1.7436,-1.8612
-3.5482,0.1724,9.3398,1.5704,-1.2135,-4.1804,-9.7564,-9.2656,1.7454,4.1779,1.9746,-0.5205
-4.3407,1.4246,9.6199,2.1694,-0.5039,-3.6011,-11.9973,-9.6367,1.6879,3.7418,2.3870,0.8231
-4.8866,2.3320,8.4803,3.0017,0.6502,-2.6569,-10.0054,-6.7181,-1.4246,3.2680,2.0647,2.1332
-4.9177,3.2537,6.1531,3.1585,1.2429,-1.6457,-9.8138,-4.9799,-1.7071,2.1390,1.8483,3.4700
-4.8770,3.7948,5.7126,3.1740,2.2343,-0.5668,-9.2895,-3.1819,-2.1045,1.0194,1.9356,4.0083
-5.5378,4.6280,4.3120,2.8017,2.6163,0.3595,-7.1060,0.0192,-3.5889,-0.0385,1.4041,3.9580
-6.4021,4.8961,1.1684,1.3089,2.8951,1.9685,-8.3510,1.3384,-4.6256,-2.0375,1.2991,3.5289
-4.6352,4.5681,1.2354,-0.4145,3.2879,2.5129,-5.2313,3.4165,-2.4205,-3.3737,0.9044,2.8337
-4.4388,4.4412,1.1971,-1.9244,3.2499,2.5070,-4.2425,4.4676,-3.1340,-4.3657,1.4759,1.2235
-3.9792,3.4285,1.9968,-3.5360,2.7993,2.5735,-5.4875,2.3774,0.3543,-4.3657,1.5503,-0.1696
-1.2809,2.8611,6.3853,-4.1291,1.4170,1.9017,-7.6950,0.4429,1.9992,-4.0408,1.9951,-0.9490
-1.4102,2.9233,8.0469,-3.4977,-0.3401,0.3455,-4.6974,1.3312,0.8021,-2.3780,-0.5601,-1.9680
0.0862,2.1931,7.2903,-3.2526,-1.8606,-0.2661,-3.6009,-1.4246,3.9504,-1.5374,-2.2511,-4.3657
1.1803,0.9625,10.0197,-3.1179,-2.5414,-1.3703,-9.9335,-6.4883,8.6981,0.0183,0.1215,-4.3657
0.1173,0.4717,12.1027,-2.0151,-2.5446,-2.5150,-7.5226,-4.9704,6.4572,1.8754,-0.9385,-3.2864
0.1030,0.3639,10.4890,-1.2597,-3.1925,-3.1285,-5.8012,-6.3446,7.1347,2.8779,-1.9148,-4.3657
0.1796,-0.0263,10.4531,-0.7911,-2.3707,-3.6660,-8.3222,-9.1578,6.7229,3.0848,1.2059,-4.3657
-2.9209,0.5483,8.9232,2.4917,-0.0212,-3.3089,-10.1634,-8.4755,1.0104,3.8605,2.5313,0.4866
-4.9488,3.6129,6.1507,3.5097,2.0900,-0.7482,-9.8593,-4.1132,-2.4038,1.6816,2.1073,3.9318
-4.6400,4.0031,4.6136,3.0747,2.6512,0.3671,-7.3382,-1.4126,-2.4325,0.3246,1.4324,4.3656
-4.4628,4.1875,3.7397,2.6133,3.0409,1.3171,-6.8450,0.6823,-2.5690,-0.7500,1.6220,3.7325
-5.3127,4.9728,1.5490,1.6020,3.2915,1.8482,-6.5721,2.6025,-2.6169,-1.9885,1.6405,3.2952
-5.1763,5.3941,1.5012,0.0618,3.4621,2.4601,-5.9161,4.1396,-4.2760,-3.1889,1.4209,2.3305
-4.7740,4.8243,0.8332,-1.5687,3.0226,2.6365,-4.8554,4.7621,-4.4460,-4.3657,0.6845,0.9866
-3.4405,4.0558,0.0263,-3.2916,2.4007,2.3526,-3.3016,3.6272,-2.0423,-4.3657,-0.0240,-0.4635
-2.1691,2.0016,1.2833,-4.3657,1.6092,1.8806,-1.7406,1.6185,-1.4605,-4.3657,0.1364,-2.6895
-1.2498,0.5938,3.4165,-4.3657,-0.0153,0.9453,-2.9161,-2.4157,1.3120,-4.3657,-0.2381,-4.1407
-1.1756,-0.1484,10.4076,-4.3657,-0.7512,0.7666,-4.9321,-6.1411,2.7845,-3.6639,-0.1887,-4.3657
2.1404,-1.1444,10.8050,-4.3657,-3.0798,-0.0496,-8.2217,-10.2999,9.6319,-1.6943,-1.4186,-4.3657
2.0446,-1.6568,15.8352,-3.7571,-3.4703,-1.5284,-8.7771,-12.5289,12.9407,1.0204,-1.0909,-4.3657
2.0470,-1.4269,18.2079,-0.1828,-1.2553,-2.6390,-12.5480,-14.5544,10.1418,2.9355,2.3418,-3.3690
0.5555,-1.6089,11.0540,1.2793,-1.1427,-3.2086,-11.3437,-12.5289,6.5003,3.7796,0.6518,0.0117
-0.9601,-1.0319,10.0509,2.0278,-0.1903,-3.3882,-6.6846,-8.4874,2.0925,3.9354,1.8227,0.6153
-3.8882,0.5219,9.1147,2.8485,0.7889,-3.0426,-9.1818,-7.9416,0.7207,3.2559,2.9338,0.6269
-4.7860,2.0877,9.8857,3.4427,1.0929,-1.6806,-13.5560,-9.0644,-0.1604,2.8300,2.4681,2.0940
-6.2106,3.2202,8.4827,4.3656,1.8147,-0.4030,-11.0277,-6.4308,-3.2872,1.7742,1.3985,4.3656
-4.2306,3.1484,3.1939,4.3656,1.9993,1.3679,-7.6830,-3.3543,-1.7238,0.6543,-0.0605,4.3656
-3.5482,3.5626,0.9673,3.3751,3.1236,1.8528,-0.9888,3.0023,-3.7781,-0.6241,1.0816,4.3656
-3.3615,4.7405,-1.0822,1.4610,3.5649,2.0021,-4.7669,4.0151,-3.9073,-2.5191,2.2523,2.9465
-5.2170,5.3870,-0.0694,-1.1321,2.9982,2.0066,-4.7118,4.8507,-4.6112,-3.8368,0.6699,1.8141
-4.0869,4.6591,0.6991,-2.7967,2.1585,2.0587,-3.7158,3.8858,-2.6049,-4.3657,-0.1298,0.0589
-2.9305,3.1316,1.2953,-4.2950,1.5621,1.7110,-1.6807,2.4852,-1.6640,-4.3657,-0.3285,-2.1535
-1.1947,1.0511,2.4588,-4.3657,0.3621,1.2544,-2.1261,-1.8387,0.3136,-4.3657,-0.7216,-4.1619
0.0144,-0.3663,5.9472,-4.3657,-0.7077,0.5915,-4.9991,-6.1220,4.3072,-4.3644,-0.3118,-4.3657
0.8715,-1.5179,13.0867,-4.3657,-0.6610,-0.2161,-7.0773,-8.4779,6.7445,-2.7223,0.5084,-4.3657
1.1420,-1.8028,17.8703,-1.5183,-3.3148,-2.6413,-11.6933,-14.5687,11.5712,2.4937,0.2280,-3.9342
0.6823,-2.2218,13.9510,1.3408,-1.0479,-3.4867,-12.2224,-14.3341,8.6143,3.9471,1.5066,-0.9685
-0.2514,-2.3176,11.2144,2.3799,-0.5560,-4.0825,-6.6008,-10.4818,4.6519,4.3656,1.6089,0.4955
-3.2058,-0.4908,9.3805,3.3341,0.1675,-3.7575,-8.1882,-8.9376,0.8140,4.3656,2.9842,0.7273
-4.1827,1.4868,8.6119,3.6672,0.1986,-2.6921,-11.5760,-8.2169,-0.5674,4.0670,1.9197,2.2207
-5.2074,2.9018,6.6822,4.0570,0.9443,-1.3396,-9.8737,-5.0087,-2.8778,2.8149,1.5108,3.5561
-4.6759,4.0414,5.4300,3.7852,1.9768,0.1175,-9.0046,-2.8467,-2.4349,1.1808,1.3864,4.3279
-4.5011,4.3646,4.5370,3.3801,2.8292,1.2802,-7.4388,-0.6704,-1.9393,-0.2389,1.5212,4.3656
-3.6512,4.5203,2.9760,2.4074,2.5863,2.3313,-5.7700,1.9393,-2.1284,-1.2959,0.6364,3.6357
-3.1580,6.6631,1.5874,-0.9870,2.9006,1.9632,-6.6272,4.3598,-0.2227,-3.4146,1.6858,1.6867
-3.0550,6.2776,1.6376,-2.0768,3.2245,1.9316,-5.1763,4.7238,0.2921,-4.1495,1.4306,0.8288
-2.6791,5.6743,1.8531,-2.9527,3.0955,1.5733,-6.0956,3.8355,0.6728,-4.3164,2.2100,0.5049
-2.4325,4.1156,3.6009,-3.9837,2.8901,1.0722,-2.9018,4.0797,-0.4645,-4.3657,1.5647,-1.4193
0.3974,1.6568,6.5338,-4.3657,0.3373,0.3575,-0.9912,0.5555,1.5921,-3.3951,0.1510,-4.3657
2.6767,0.4286,5.8514,-4.3657,-3.0082,-1.1343,-1.9369,-3.9025,6.1196,-1.6666,-2.0042,-4.3657
2.4038,-0.6297,8.5712,-4.3657,-3.8906,-1.9943,-6.9743,-8.1594,7.3239,-0.4478,-1.0372,-4.3657
0.4621,-1.0271,13.8217,-4.0466,-2.9511,-3.2303,-5.8658,-8.8657,6.9767,0.5344,-0.4839,-4.3657
-2.0303,-1.1277,17.0036,-1.8014,-2.3606,-2.8571,-14.6860,-16.7498,11.2695,2.4012,1.3615,-4.3657
0.5076,-2.1308,15.4354,0.0345,-1.1951,-3.1359,-14.0348,-14.7650,7.9368,3.3096,1.8510,-0.5708
-0.5267,-2.6360,11.0923,2.4203,1.1551,-3.3366,-7.6351,-10.4651,2.7749,4.0205,1.0870,0.2791
-1.4030,-1.7142,7.9631,2.3723,0.4374,-3.1761,-7.2568,-8.3558,1.9968,3.8526,3.1103,1.1175
-3.1891,0.0455,9.8689,2.9375,0.6650,-2.7586,-9.5241,-7.3502,0.3472,3.6870,1.7744,1.9125
-4.1922,2.0183,8.2791,3.7337,0.9693,-1.8463,-11.9830,-6.2201,-0.0527,2.9996,1.6417,2.8378
-4.2186,3.1292,6.4404,3.7242,1.4568,-0.5628,-7.6399,-1.7933,-2.1141,2.0323,1.0693,2.8658
-4.2808,3.9744,4.0414,3.2679,2.1081,0.5327,-7.2089,0.3017,-2.4205,0.7458,1.3145,3.2217
-2.6911,4.7645,3.1220,2.2527,2.2343,1.1074,-8.1714,0.5746,-0.2682,-0.6193,1.3801,3.6633
-3.0502,5.6096,3.9983,1.8579,2.3697,1.2051,-7.3694,1.9920,1.2306,-0.9276,1.0265,2.9885
-3.1891,6.1603,3.4596,1.1189,1.8343,1.3732,-4.9512,4.1851,0.8380,-1.0537,0.3744,2.4343
-1.8555,6.5386,1.7717,0.4457,1.8664,1.3483,-7.7357,3.5338,0.8595,-1.6613,1.2040,2.1053
-3.4046,6.7445,1.7262,-0.3413,2.7119,1.0308,-5.4205,5.2936,0.1580,-2.1476,1.3199,1.4802
-3.9720,6.6080,0.9864,-1.4541,2.8233,1.0757,-6.5290,5.0518,-2.0949,-2.9922,2.0867,0.7029
-2.9521,5.4468,3.0095,-2.4564,2.0677,0.8013,-5.4181,4.1659,0.1413,-3.2374,1.3845,-0.5620
-2.7701,5.1164,3.2609,-2.8518,0.6788,0.2368,-6.7995,2.8419,0.7877,-2.8523,0.4712,-0.7088
-2.8659,4.1803,4.7645,-3.2576,-0.2822,0.0390,-4.4101,2.6121,1.6735,-2.2545,-0.4243,-2.2080
-0.9409,3.2034,5.4277,-3.4729,-1.3431,-0.5557,-6.2249,0.4166,1.8483,-1.7836,0.1567,-2.5241
0.3711,1.3264,6.9719,-3.8055,-2.6510,-1.1867,-1.1396,-0.2394,3.3830,-1.0579,-2.1938,-4.3657
0.9792,0.1796,7.0030,-3.9273,-3.5980,-2.1386,-1.8148,-4.4388,5.7102,-0.4588,-1.6297,-4.3657
1.8771,-0.7566,9.1435,-4.2114,-3.6984,-3.0162,-7.6830,-8.7628,7.6998,0.3472,0.1958,-4.3657
-0.3615,-1.1492,16.0076,-2.7614,-2.2302,-3.3104,-12.7970,-12.4020,7.3095,1.1334,0.8805,-4.3657
-1.5299,-1.5036,16.3021,-0.3007,-1.0445,-2.7812,-15.9550,-13.7882,8.4803,2.1312,0.6792,-1.8919
0.0742,-2.1835,11.1426,1.3023,0.4337,-2.4413,-9.0692,-9.9910,5.4085,2.8794,0.6418,0.0224
-0.7422,-2.2242,8.4994,1.7697,1.1908,-2.4409,-5.6958,-6.9623,1.8316,2.9287,2.3768,0.3407
-1.8794,-1.3072,8.0972,1.9993,0.7072,-2.2048,-8.1618,-6.9049,1.1947,2.7275,1.6509,0.3576
-2.5402,-1.0439,9.3709,2.1063,0.4827,-1.6998,-10.0556,-6.1387,1.1612,2.5893,1.0509,1.3149
-3.6224,1.0654,9.6031,2.9278,1.4360,-0.8492,-10.6255,-6.0382,2.0638,2.2780,1.0706,2.3196
-3.5195,1.8172,6.5290,3.3069,1.6248,-0.2053,-8.1283,-2.7845,-1.1588,1.8892,0.9796,2.9316
-3.8882,2.9880,4.6663,2.7162,1.4394,0.5289,-6.8498,-0.3376,-1.0056,0.9044,0.4782,3.0094
-3.1077,3.9193,3.5291,2.0306,1.4112,0.9280,-7.7668,0.6584,-1.0343,0.0963,0.7265,2.8857
-4.3407,4.9704,3.0263,1.1205,1.7016,1.2184,-6.6463,2.4157,-0.5578,-0.9369,0.4438,2.9373
-4.3311,5.4157,2.4038,0.0614,1.8478,1.6533,-6.2680,3.2394,-0.6632,-1.9778,0.4962,2.5824
-3.9911,5.0661,2.6504,-1.0476,2.2600,2.0813,-5.5498,3.7326,-0.4357,-2.9363,1.0271,1.6269
-2.9497,4.2042,2.7581,-2.1598,2.1020,2.1785,-4.3311,3.5314,-0.2993,-3.7514,1.0204,0.4519
-1.4581,2.5714,3.5338,-3.3520,1.0457,1.8592,-2.0614,2.6671,0.4477,-3.8748,0.3601,-1.4727
0.4262,1.1660,5.1308,-4.3656,-0.5211,1.1080,-2.2386,-0.4501,2.1284,-3.5342,-0.1326,-3.6825
1.4892,0.2873,7.2209,-4.3657,-2.0832,0.0211,-5.2170,-4.4508,5.7461,-2.5022,-0.8857,-4.3657
0.7973,0.4597,12.7802,-3.9355,-2.5506,-0.7811,-12.3445,-8.6239,5.3271,-1.4482,-0.2390,-3.9013
-2.4110,1.2282,17.9948,-1.4485,-2.2140,-1.1767,-16.3572,-11.1570,11.0085,-0.0669,-0.9180,-2.0480
-1.4916,0.4381,18.1026,1.6094,-0.0937,-0.5486,-19.6133,-14.6932,13.7451,2.3169,0.2773,1.1965
-3.6583,2.7078,3.0167,4.3656,1.7007,0.1248,-5.3319,0.7494,-2.9497,2.0360,0.6018,3.8753
-4.1803,5.6910,-0.3184,-0.5281,1.6782,1.2855,-4.5179,6.3111,-2.6983,-1.8063,0.9385,1.0579
-4.0965,5.3175,0.7997,-2.0256,1.5472,1.2335,-4.0366,5.8586,-2.5019,-2.8681,1.0571,-0.2439
-3.4500,4.0797,1.3096,-3.3294,0.6896,1.0036,-2.7294,4.6878,-1.4748,-3.3907,0.4081,-1.7327
-2.7054,2.5139,2.4972,-4.3657,-0.3926,0.8889,-2.1955,1.7765,-1.5467,-3.5823,0.0077,-4.0043
-0.8930,0.9601,4.6160,-4.3657,-1.5064,0.5800,-4.9225,-2.6504,0.5171,-3.5850,-0.1703,-4.3657
0.2298,-0.4597,7.5441,-4.3657,-2.5594,-0.1404,-3.9528,-5.0278,3.5051,-2.9032,-1.6794,-4.3657
0.8212,-1.1372,12.4882,-4.3657,-3.3833,-0.7500,-6.1483,-8.5066,6.0501,-1.6642,-1.1646,-4.3657
2.2960,-2.3511,14.3173,-3.2261,-3.9502,-1.5302,-9.1578,-12.7180,11.8489,0.1256,-1.5749,-4.3657
2.3583,-3.2298,15.9286,-1.0865,-2.3006,-2.7757,-11.6933,-15.4426,12.5193,2.4448,0.9366,-3.6628
0.3472,-3.3878,13.9366,1.4377,-0.1549,-3.6637,-11.2049,-13.9271,7.1587,4.1625,2.1551,-1.1580
-0.8068,-2.5139,9.8497,2.4965,-0.0534,-3.4955,-7.6495,-10.5824,3.5721,4.3656,1.1185,0.0710
-0.9098,-0.8763,9.2775,2.9617,0.4908,-3.0078,-8.1475,-9.1147,2.9999,4.1829,2.7653,0.8611
-2.0399,1.1157,9.0644,3.6535,0.9292,-2.2788,-9.3111,-7.4292,0.6943,3.6356,1.8894,2.1541
-1.9752,2.9066,7.7572,4.1030,1.2011,-1.3410,-8.5641,-4.4341,1.4437,3.1377,1.5204,3.4492
-2.3990,3.7350,4.7453,4.2618,2.0614,-0.7850,-7.3071,-1.7047,-0.0120,2.2048,1.7565,3.8538
-3.5362,4.5490,4.4867,3.4679,2.4042,0.4286,-5.9161,1.0558,-1.0439,1.1495,1.4057,3.3345
-3.9744,5.3415,1.5179,2.5258,2.8967,1.0505,-6.2920,2.5450,-1.6568,-0.4632,1.6418,3.0270
-3.6966,5.8538,0.2466,0.6979,3.2154,1.7475,-5.4085,4.1803,-2.7078,-2.0767,1.4206,2.7127
-3.3591,5.6431,1.5419,-0.9042,3.3689,2.0118,-6.8642,3.4955,-1.5706,-3.5388,1.9356,2.0912
-4.2258,5.6360,2.5762,-2.0439,2.9961,2.0328,-7.1898,3.2226,-1.9417,-4.2491,1.0853,1.1481
-3.9385,4.9967,2.1356,-3.0939,2.5487,2.1065,-6.1124,2.4517,-0.8308,-4.3657,0.6627,0.7135
-3.5698,3.2681,2.7318,-4.2607,2.5274,2.0354,-4.7285,1.6113,-0.4262,-4.3657,1.0140,-0.4363
-2.5977,1.5802,4.2593,-4.3657,1.6046,1.7019,-4.2856,-0.1963,-1.7837,-4.3657,0.9310,-2.2240
-1.3575,-0.5076,5.3343,-4.3657,-0.5127,1.4047,-2.0399,-2.8659,0.3855,-4.3657,-0.9582,-3.6724
1.3455,-2.0638,6.0717,-4.3657,-2.6887,0.8431,-4.8100,-6.3805,4.5179,-4.2030,-1.6836,-4.3657
2.3918,-2.7270,12.1051,-4.3657,-2.9483,-0.6118,-4.9273,-8.2337,6.0190,-2.7856,-0.6723,-4.3657
-0.4812,-3.1196,18.8112,-2.9896,-2.0590,-1.6284,-10.1466,-13.5177,9.2512,-0.8716,-0.1943,-4.3657
2.0877,-3.9002,15.0260,-0.7377,-2.3110,-2.5519,-13.6877,-16.7762,14.9638,2.1093,-0.5333,-3.1733
2.2817,-4.7166,13.2232,1.2291,-0.2501,-3.7305,-7.1826,-13.5847,8.5305,4.0890,2.0300,-1.0740
1.3240,-4.0941,9.1435,2.5297,0.7410,-4.3464,-4.3455,-10.8960,5.0877,4.3656,2.9656,-1.0220
0.0575,-3.1747,9.2392,2.5732,0.2125,-4.3657,-6.0908,-10.4842,2.7366,4.3656,3.6479,-0.7354
-3.6679,-0.9697,9.7324,3.4895,1.0063,-4.3657,-9.5624,-9.6893,0.5483,4.3656,3.4003,0.1939
-3.8978,0.5890,7.6375,3.7070,0.6672,-3.7199,-9.6941,-7.6351,-0.7135,4.3656,2.0547,1.9773
-4.9440,2.3750,6.1124,4.0536,0.8090,-2.5814,-9.3565,-4.6926,-2.4110,3.8773,2.1019,2.4789
-4.5155,3.6703,4.4819,3.7074,1.7415,-1.2778,-8.3342,-2.0973,-2.5714,2.7580,1.5796,2.9364
-5.1188,4.6495,3.9768,3.2039,2.1366,-0.3283,-7.1347,0.4405,-3.1125,1.4157,1.5761,3.1451
-5.7245,5.4444,2.0351,2.2892,1.9259,0.8519,-7.9176,1.9417,-3.1340,0.0278,0.5027,2.8514
-4.6926,5.4899,0.4022,0.6852,1.7661,1.8490,-4.4412,4.3455,-3.0311,-1.5024,-0.1628,2.3716
-3.3662,5.2098,-0.9744,-1.3780,2.6133,2.2567,-5.3127,4.1396,-2.2841,-3.6092,1.1277,1.5820
-3.7924,4.1108,1.5395,-3.1345,3.4977,2.2186,-4.0677,3.5650,-2.8467,-4.3657,1.9235,0.4132
-2.8922,2.4852,3.2106,-4.3657,2.2563,2.0230,-5.3271,0.5315,-1.1181,-4.3657,0.7466,-1.0757
-1.2761,1.1779,5.4540,-4.3657,0.2430,1.6679,-7.8697,-2.8180,0.0694,-4.3657,0.0478,-0.9006
0.4884,-0.2921,8.4563,-4.3657,-1.5881,0.7513,-1.0918,-2.3870,5.8203,-4.3657,-2.0733,-2.2495
2.5235,-1.5419,10.5249,-4.3657,-3.1164,-0.3064,-1.1612,-6.0813,9.5146,-2.1881,-1.1788,-4.3657
3.0598,-2.0399,14.2383,-3.4605,-2.9699,-1.9181,-7.3957,-11.1426,11.2647,0.4656,0.9569,-4.3657
2.2218,-2.6671,15.2559,-1.0962,-1.8608,-3.4390,-10.9415,-13.9558,9.8737,2.7138,0.8535,-4.3657
1.1013,-3.2370,13.0580,0.5832,-1.5584,-3.9436,-9.7444,-13.9989,8.4827,4.1340,1.1077,-2.8950
0.0335,-2.6480,10.9271,1.6771,0.0629,-4.2390,-7.1563,-11.2599,4.6400,4.3656,2.8606,-1.4444
-2.0207,-1.0654,9.6151,2.5683,0.9417,-3.8922,-8.7149,-9.7923,1.6616,4.2426,3.1921,-0.5681
-4.3934,1.0534,9.1028,3.1816,0.7021,-2.8297,-10.2424,-8.2744,0.0790,3.8339,2.5441,1.3182
-4.5849,2.5259,7.6519,3.5834,1.2914,-1.3985,-8.8801,-5.1044,-1.3623,2.8559,1.4374,2.4299
-3.1891,3.1963,5.4324,3.4507,2.1012,-0.2675,-9.8402,-4.1659,-0.8643,1.3371,2.3028,3.6639
-3.8618,4.0007,5.7389,3.2091,2.5802,0.5108,-7.3358,-1.3599,-0.5387,0.6162,1.3895,4.0453
-1.8172,4.5322,3.4764,2.7852,2.2492,0.5137,-7.9990,-1.3431,2.3056,-0.0300,1.5745,4.3656
-4.6112,5.0087,3.2729,1.7822,3.2275,1.1036,-2.5522,3.5554,-1.8555,-0.3403,0.8167,3.9784
-3.7828,5.7557,1.1349,0.6695,3.7904,1.4739,-6.1124,4.1468,-2.9233,-2.3451,3.3677,2.6255
-4.9943,5.4564,0.4597,-1.0433,3.1570,1.9015,-5.3678,4.7597,-3.0742,-3.5337,1.1519,1.5392
-3.0718,4.6567,1.8052,-2.6750,2.2055,1.8242,-4.1683,4.4077,-1.9824,-4.3657,0.4337,0.6468
-2.9425,3.6464,2.3487,-3.8664,1.2669,1.3097,-1.6831,3.7038,-0.2658,-4.3351,0.2153,-1.4305
-0.4190,1.5131,3.2226,-4.3657,-0.8986,1.0202,-0.9529,0.3639,1.5754,-3.9555,-0.9072,-4.1144
1.4150,-0.6201,10.9942,-4.3657,-2.5402,-0.9701,-5.1260,-7.0581,6.9767,-1.3546,-0.7470,-4.3657
1.3575,-1.8076,11.9016,1.5636,0.5147,-2.9961,-8.3821,-11.0133,7.9823,3.3438,2.4235,0.2170
-0.8284,-1.5395,10.2448,2.9635,1.1329,-3.5244,-7.1347,-9.0261,3.2178,4.1069,2.7568,0.7681
-3.1819,0.3807,8.6383,3.6006,0.5345,-2.9322,-10.3884,-8.0637,0.2897,4.0933,2.2090,1.9032
-4.9368,2.3535,7.3239,3.8320,0.7256,-1.8131,-9.7971,-5.1978,-1.4269,3.2075,1.2083,3.0546
-5.2816,3.9217,5.2960,3.8320,1.9376,-0.6109,-8.7867,-2.3320,-2.5163,2.0013,1.3901,3.7140
-5.6743,4.7405,2.2913,3.0687,2.9020,0.9474,-7.5872,0.3041,-3.4572,-0.0460,1.6088,4.1553
-5.1188,4.8267,1.4724,1.5184,3.7469,2.2755,-5.3415,2.7509,-3.9959,-2.0456,1.4534,3.7257
-4.2497,4.3455,0.2227,-0.4612,3.6599,2.5616,-3.4429,3.9624,-1.8531,-3.6841,1.1411,2.6818
-3.6296,4.0175,1.3431,-2.3938,2.7302,2.4853,-4.2928,3.5626,-2.3152,-4.3657,1.1639,1.0809
-3.2058,3.2394,2.2529,-3.7068,1.5585,2.1510,-3.2010,2.5522,-0.9026,-4.3657,-0.0445,-0.9086
-0.5291,1.6448,3.1867,-4.3657,0.0625,1.7465,-1.6209,0.4334,1.4844,-4.3657,-0.8942,-2.8601
0.8595,0.7063,6.1196,-4.3657,-0.8619,0.8150,-4.0127,-3.4979,4.2665,-3.9378,-0.0509,-4.2357
1.4006,-0.3017,9.7875,-4.3657,-1.8542,0.0749,-5.5138,-6.6343,7.0342,-2.5402,-0.9613,-4.3657
0.9864,-1.0295,14.2048,-4.1391,-2.1886,-0.8817,-8.0397,-9.7971,8.0996,-0.7803,-0.1923,-4.3657
0.6871,-1.0439,15.4737,-1.8922,-2.5554,-1.7292,-11.6622,-12.0141,8.7556,0.9617,-0.3136,-3.6890
0.4334,-1.9441,13.4075,-0.3026,-1.9320,-2.2063,-10.3094,-12.1793,9.1626,2.2344,-0.5261,-1.6583
0.2466,-2.2984,12.0787,1.2404,-0.0879,-2.6129,-8.2049,-10.4746,5.7437,2.9732,1.9393,-0.6394
-0.8068,-1.7023,9.5337,2.0611,0.1801,-2.7712,-8.1523,-9.2153,3.2465,3.2772,1.7408,0.3159
-2.1931,-0.5459,9.2967,2.4427,0.0851,-2.4798,-8.4252,-7.9320,1.6113,3.0373,1.5511,1.1053
-2.7821,0.7350,9.4882,2.9780,0.8290,-2.0475,-9.2273,-6.9695,2.0351,2.9629,1.5368,1.8139
-4.2760,2.4780,7.7524,3.6020,1.2564,-1.2498,-9.7516,-4.9728,-0.0096,2.5087,1.2193,3.0854
-4.5250,3.8475,5.4468,3.4937,1.6146,-0.0584,-8.9759,-2.2529,-1.7119,1.3744,0.9951,3.5364
-5.2960,4.8243,3.3303,2.9156,2.6662,1.2047,-7.9057,0.0192,-2.4588,-0.1107,1.1255,3.7748
-4.2425,4.7142,1.0151,-0.1601,3.3777,2.7756,-3.8259,3.2681,-1.0415,-3.4611,0.8064,3.0764
-2.8276,3.1149,2.6408,-3.5228,2.6981,2.5253,-4.1156,2.0303,-0.6440,-4.3657,0.6050,0.1148
-0.9744,1.5419,3.5123,-4.3657,1.0175,1.6919,-1.2210,0.9601,1.1468,-4.3657,-0.3148,-1.8317
1.5107,-0.1748,5.1116,-4.3657,-1.4313,0.8949,-0.5387,-2.3894,4.0534,-3.9463,-1.0535,-4.1817
2.0183,-0.6560,11.7412,-4.3657,-2.2279,-0.3809,-4.8626,-6.6391,8.5856,-2.1180,-0.2282,-4.3657
0.5842,-0.1006,15.6341,-3.6140,-1.9486,-1.6884,-10.4339,-11.3030,9.3278,0.3393,0.4022,-4.3657
-0.4549,0.1413,16.0388,-0.9950,-2.8581,-1.9792,-12.8617,-12.1266,7.8865,1.8626,-0.6795,-3.4963
0.4764,-0.7302,12.5672,0.3802,-2.0344,-2.1138,-9.9910,-11.9279,10.2328,2.8297,-0.4955,-1.8957
1.6616,-1.6424,11.3940,1.7416,0.4319,-3.0998,-8.3246,-10.6063,6.4572,3.6395,3.5677,-0.4439
-1.9130,-0.6776,9.2440,2.6299,0.3056,-3.6258,-8.0661,-8.4539,1.8723,3.9611,2.2773,0.5347
-3.6416,1.0942,8.3941,2.7602,-0.2639,-2.8790,-10.0987,-7.4771,0.4717,3.4920,1.7906,1.1411
-4.5921,2.6647,7.6878,3.2030,1.2020,-1.9422,-11.5377,-5.8538,-1.4006,2.4888,2.1158,2.7263
-5.9209,3.5291,5.2409,3.1365,1.6986,-0.6363,-8.6526,-2.7054,-2.1739,1.2796,0.8978,3.4592
-4.7262,4.0223,4.1108,2.2783,2.4245,0.4014,-6.5146,-0.2227,-2.0303,0.0342,1.5516,3.5338
-4.7716,4.5226,3.8355,1.4899,2.9862,1.1381,-6.9959,0.9457,-2.3559,-1.2426,1.5946,3.0403
-5.1906,4.5514,0.9816,0.1311,2.2973,1.6497,-7.4986,1.7238,-2.8635,-2.2645,0.4258,2.6081
-3.9552,3.9361,2.0853,-1.5226,2.0590,2.0179,-5.1260,2.8706,-1.5802,-3.3177,0.2220,1.8391
-3.3040,3.5171,3.0646,-2.4477,1.9985,1.6679,-3.6751,3.0335,-0.3926,-3.7545,0.9174,0.1620
-2.8539,2.8874,3.0789,-3.4559,0.8172,1.3274,-3.7158,1.6688,0.5243,-3.6460,0.0188,-1.6787
-1.4772,1.8076,6.2991,-4.1687,0.3010,0.9629,-4.3838,-0.9912,1.8507,-3.2802,0.2008,-3.4323
-0.1149,1.1301,7.9104,-3.9097,-0.7867,0.0192,-6.9504,-4.0965,4.0438,-2.1393,0.0918,-4.1206
1.1971,-0.3136,8.9687,-3.6569,-2.4993,-1.0331,-4.9440,-5.0230,5.8562,-0.8010,-2.0800,-3.8421
3.1220,-1.4365,13.6374,-2.8790,-3.3885,-2.6273,-4.2186,-8.2839,10.7021,0.9936,-1.1652,-4.3657
1.4700,-1.8124,12.9766,-1.1874,-3.0975,-4.2453,-8.6598,-11.8106,10.2089,2.7307,0.0906,-4.3657
0.5770,-2.9209,14.7483,-0.1676,-1.8001,-4.3657,-8.4515,-14.1880,10.9654,3.6968,1.3667,-3.3402
-0.7685,-2.7126,13.2782,2.0500,0.6189,-4.3657,-10.6757,-14.3125,6.0454,4.3656,4.1771,-1.4891
-2.6504,-1.8220,8.7245,3.1185,0.5506,-4.3204,-7.8721,-10.3214,0.4381,4.3656,2.3939,0.5856
-5.2218,0.2466,7.7955,3.3460,0.4539,-3.0321,-8.3103,-7.7596,-1.0104,4.1268,2.6822,0.8271
-5.1691,2.0375,6.9863,3.4311,1.4931,-1.5827,-11.6622,-6.6415,-2.1572,2.7932,2.6967,2.4488
-4.4101,2.6480,6.2345,3.1970,1.7600,-0.5622,-7.4771,-3.3806,-0.7805,1.6017,1.2076,3.4312
-4.1061,3.6847,4.8483,3.0451,2.2068,0.4070,-8.1163,-1.9106,-0.5746,0.7617,2.0578,3.8223
-5.1930,5.2648,3.2777,2.6253,2.7739,1.1325,-7.5968,0.6273,-1.6161,-0.3949,1.1648,4.2555
-5.1691,5.3463,1.1301,1.5151,3.7550,2.1969,-6.5314,3.0909,-4.6088,-2.1962,1.8756,3.6936
-4.8985,5.2792,-0.1173,-0.6824,3.9619,2.8621,-5.2840,4.0773,-2.7102,-4.2346,1.5100,3.0068
-3.6966,4.4293,0.2969,-2.4912,3.4916,2.7110,-4.2904,3.8906,-1.6688,-4.3657,1.3987,2.1490
-3.8618,3.5721,2.2960,-3.9430,2.8992,2.1986,-2.4780,3.4524,0.2251,-4.3657,1.1963,0.0397
-2.3942,2.3607,5.0829,-4.3657,2.0638,1.8818,-3.5434,1.3096,0.5171,-4.3657,1.5001,-2.2969
-0.3639,1.4126,5.7748,-4.3657,-0.2633,0.8777,-3.6105,-1.8914,1.7597,-3.8431,-0.5081,-4.1912
0.9218,0.2634,9.8497,-4.3657,-2.6728,-0.1240,-4.4197,-6.2560,9.1842,-2.0211,-1.9616,-4.3657
3.5147,-0.8212,13.7882,-3.5228,-2.2067,-1.6578,-7.9895,-9.5074,10.1849,0.1142,0.4684,-4.3657
2.2889,-1.5467,13.1346,-1.8822,-3.1175,-3.4828,-6.7708,-9.3470,9.1913,2.1504,-1.1338,-4.2185
0.0622,-1.4365,13.8481,-0.8380,-3.1868,-4.2080,-8.1810,-12.4115,10.7739,3.3027,0.5201,-4.3657
-0.3807,-1.4341,14.3963,1.0977,-0.8195,-4.3657,-11.4060,-13.7044,7.6112,4.2482,3.1536,-2.6404
-1.8842,-1.4437,10.4603,2.4606,-0.0358,-4.3657,-8.8969,-10.8098,3.2777,4.3656,2.0524,-0.5223
-3.4931,-0.7446,8.9519,2.8984,-0.0177,-3.9650,-6.1794,-7.9511,0.8619,4.3656,2.7063,-0.2000
-5.3726,1.2929,8.5090,3.6071,0.4879,-2.9320,-9.5457,-7.6423,-0.1867,4.2705,2.6500,-0.0100
-5.1092,2.9353,5.6264,3.5376,0.1935,-1.5379,-11.2527,-6.0023,-2.9808,3.3552,1.5668,1.6967
-5.0470,4.3096,4.9488,3.0967,1.1558,-0.3147,-10.3884,-3.6847,-2.4708,1.5804,1.3660,3.3525
-4.7645,5.0589,3.5386,2.7266,2.4668,0.7735,-8.8155,-1.7885,-1.9489,-0.2004,1.4208,4.3656
-3.9049,4.8818,3.7493,1.7219,2.7969,1.6610,-5.2218,0.8906,-0.3017,-1.2497,0.7376,4.2831
-3.7828,5.4300,2.5115,1.0760,2.7248,2.0360,-7.0677,1.8914,-1.8794,-2.3229,1.4715,3.6367
-4.5298,6.0047,-0.0239,-0.4009,2.9997,2.3806,-5.3008,3.5123,-1.3384,-3.6480,0.2757,3.2586
-4.0510,5.1547,0.6680,-2.2388,3.6825,2.7867,-5.5162,3.3686,-0.8763,-4.3657,1.7036,2.4124
-3.7781,3.6775,1.9872,-3.6270,3.9463,2.2912,-3.3543,3.2010,-0.0239,-4.3657,2.1961,0.4864
-2.8156,2.0686,4.2042,-4.3657,2.6413,1.8000,-2.9137,1.5754,-0.3160,-4.3657,1.2152,-1.8498
-0.9337,0.9242,6.2537,-4.3657,0.2461,0.9285,-1.8196,-1.3072,3.5291,-4.1266,-0.0256,-4.1420
1.0151,-0.3065,8.4156,-4.3657,-1.9874,0.1844,-2.2625,-5.4660,5.6072,-2.1979,-1.3292,-4.3657
3.5434,-0.8116,13.1154,-4.3657,-4.0874,-1.2805,-7.2736,-10.1706,10.9343,-0.0053,-1.5051,-4.3657
1.7789,-0.7470,16.3835,-2.4614,-3.0161,-3.2154,-11.1833,-12.9909,10.3310,1.9360,-0.1567,-4.3657
-0.1676,-1.0822,16.7283,0.2866,-2.1013,-3.8200,-10.8840,-13.6733,11.3461,3.5133,0.2990,-2.9075
-0.1556,-1.0989,12.9047,1.7528,-1.5886,-3.8187,-10.0054,-12.7180,8.3055,4.3656,1.4501,-1.1099
-1.1492,-0.9888,9.6079,2.8549,0.2130,-3.7847,-7.6902,-9.2153,2.5211,4.3210,2.8292,0.0605
-2.9281,0.6608,7.5633,3.0084,0.3091,-3.2097,-7.9799,-6.9025,0.6177,3.8171,2.2324,0.8549
-4.8794,2.9353,8.2480,3.0760,0.4395,-1.9786,-12.8952,-7.0485,0.4238,2.9753,2.5538,2.3830
-5.6216,4.1539,6.5481,3.7695,1.7765,-0.9150,-10.0892,-3.8906,-2.6240,1.6911,1.3765,3.8459
-6.5817,4.7357,5.5186,3.6982,3.4146,1.3042,-8.1690,-2.1261,-0.2682,0.6083,1.6044,4.2161
-3.4453,3.6919,0.7302,3.2241,4.3262,2.2155,-5.9855,1.0439,-4.3646,-1.3347,3.1436,4.3656
-3.6105,4.5059,1.4246,-3.0261,2.3286,2.1453,-3.9768,3.6799,-2.7821,-4.3657,0.2188,-0.1010
-3.3878,3.1508,1.6328,-4.3657,1.4258,1.7704,-2.6791,1.8268,-0.8715,-4.3657,-0.4635,-1.9662
-1.8794,1.6400,3.9983,-4.3657,0.8364,1.4833,-2.6384,-1.6424,0.1101,-4.3657,-0.2739,-4.1522
0.4166,0.7661,7.9464,-4.3657,-0.8103,1.0164,-5.9041,-6.1746,5.6743,-3.9638,-0.5802,-4.3657
2.1141,0.3831,14.6477,-4.3657,-2.0693,0.3655,-7.9320,-9.0956,12.1027,-1.5444,-1.1018,-4.3657
3.7350,-0.1269,16.7546,-2.1910,-2.6183,-2.1598,-9.3853,-10.5225,12.4738,1.5913,0.0714,-3.8064
0.2873,-0.0263,15.0116,0.1969,-3.1420,-3.5821,-9.6558,-11.5041,11.4323,3.8999,-0.8010,-2.9087
0.7709,-0.8571,12.6390,1.7669,-1.3153,-4.3268,-9.5553,-11.5448,8.3701,4.3656,2.7038,-1.4232
-1.9704,-0.6680,9.7683,2.9507,-0.3672,-4.3657,-6.8043,-9.1099,2.9377,4.3656,2.9599,-0.3696
-4.7022,1.1708,7.0773,2.9981,-0.8896,-4.1823,-8.5042,-7.3358,-1.1564,4.3656,2.4921,0.1572
-6.5362,3.9624,6.6104,3.0213,0.1428,-2.5460,-14.0228,-7.1204,-2.5546,3.0142,2.5912,1.8271
-6.9647,5.1882,5.6814,3.1945,1.6483,-0.7958,-10.8242,-3.6152,-4.3239,1.5383,1.5847,3.8810
-6.7038,5.2672,2.8635,2.6890,2.4313,0.7608,-7.4220,-0.0622,-3.4979,-0.2685,0.9049,3.7703
-5.3630,4.9895,2.0925,1.6862,3.4696,1.9919,-8.3199,0.5100,-3.2274,-1.9172,2.1390,3.6024
-5.2433,5.1595,1.7190,0.4732,3.6349,2.4573,-6.7876,1.9106,-3.9720,-3.3365,0.9824,3.8268
-4.4269,4.8674,1.4222,-0.9631,3.0908,2.7408,-7.5130,1.1492,-1.3838,-4.3657,0.5905,3.2731
-3.9696,4.8985,3.2825,-1.9267,3.3215,2.6096,-6.8905,1.7957,0.1796,-4.3657,1.1774,2.6566
-4.1372,4.9368,3.6895,-2.5266,3.0096,2.1382,-5.6168,2.7892,0.8404,-4.3657,1.0296,1.4673
-3.0670,3.9145,4.1276,-3.1353,1.8783,1.9843,-4.7333,2.6288,0.5602,-4.2457,0.5562,-0.2702
-1.1061,2.3727,3.5674,-4.0008,0.4219,1.1283,-2.4301,1.8172,1.0487,-3.7958,-0.1524,-1.5755
2.2458,0.3711,4.7549,-4.3657,-1.9508,0.1239,1.3264,-0.2083,5.9664,-2.6775,-1.6205,-4.3102
2.4684,-0.7470,9.9551,-4.3657,-3.0814,-1.6140,-1.2043,-5.9640,9.0860,-0.7269,-0.1167,-4.3657
1.6496,-0.2442,14.9183,-3.6976,-2.7231,-3.3180,-9.7300,-11.7388,10.2615,1.7095,1.3074,-4.3657
-0.2298,-0.1484,16.3787,-0.8067,-3.8035,-3.6234,-14.9135,-13.5368,8.7077,3.3866,-1.0909,-3.9734
0.2705,-1.1540,12.2583,0.2982,-2.2338,-3.6870,-8.7580,-11.1522,9.1123,3.9307,-0.5901,-2.1181
-0.2251,-1.0199,10.3908,1.4706,0.7885,-3.8828,-7.4627,-9.3781,4.3934,3.5940,3.8415,-1.5680
-1.6161,-0.6871,8.5210,1.8373,0.5504,-3.7387,-7.7428,-7.8721,2.3176,3.6018,2.5880,-0.5208
-3.2322,0.7829,8.7652,2.1718,-0.0121,-3.2596,-9.5864,-7.8027,1.5730,3.7277,2.2383,0.4441
-4.1084,2.3343,8.0493,2.7995,0.8336,-2.2776,-10.9511,-6.1124,-0.3567,2.8226,2.2074,1.2741
-4.9440,3.4572,6.5769,2.9563,1.5126,-1.2245,-11.4323,-4.8195,-1.3982,1.9552,1.9903,2.9830
-5.3726,4.2114,5.2864,2.7612,2.1434,0.0638,-9.2967,-2.0039,-3.1340,0.5196,1.4093,3.5448
-5.4253,4.4748,4.4125,2.2359,2.8925,1.3119,-7.6782,-0.1556,-2.1476,-0.7536,1.2669,3.8056
-4.1611,4.6424,3.5147,1.5252,2.8666,1.8980,-6.9240,1.3312,-1.3144,-1.6864,1.2701,3.4572
-3.2920,4.8387,3.1580,0.3300,2.1481,2.1376,-5.8610,2.7629,-1.5131,-2.3269,0.3236,2.2699
-1.9058,5.0829,3.5291,-0.5875,1.2990,1.8179,-7.2449,2.1955,-0.6728,-2.8984,0.1756,2.0161
-3.1053,6.0813,2.9975,-1.2067,0.3564,1.2967,-4.7118,3.2585,2.1548,-2.8140,-1.6154,0.9846
-3.0622,5.5737,2.6600,-1.8266,0.3028,1.6806,-5.9137,2.4828,1.7502,-2.8559,-0.3956,-0.0212
-1.0822,4.6017,3.4548,-2.6372,1.1534,1.4789,-5.6551,1.5730,3.1987,-3.4139,0.3621,-0.5649
-0.1532,3.3040,5.4971,-3.2174,1.3598,0.8687,-3.5434,1.1732,3.5434,-3.0110,1.0016,-1.8694
0.6512,1.8076,5.9568,-3.7971,-0.6314,-0.0108,-2.7653,-0.6704,4.0630,-2.0550,0.0326,-3.6126
4.2018,-0.2346,8.4084,-4.3384,-2.8158,-1.3367,-2.5857,-3.6296,7.9703,-0.6215,-0.7402,-4.3657
2.3870,-0.8404,10.7452,-3.7505,-2.8284,-3.4772,-2.5809,-7.1754,8.7005,1.1346,0.1200,-4.3657
-0.0359,-0.4238,16.2758,-2.3182,-3.1141,-3.8237,-10.9942,-13.5177,8.6526,2.3070,1.2199,-4.3657
-0.0263,-1.0080,16.3955,-0.1362,-2.0055,-3.5289,-16.6828,-16.5966,10.5776,3.4270,1.1824,-2.9809
0.1365,-1.0319,12.0764,1.8687,0.8136,-3.7603,-10.2448,-12.0764,6.2608,4.0211,2.5393,0.4942
-1.6281,-0.4812,9.1506,2.7999,1.5600,-3.6243,-6.8091,-8.1235,2.1883,3.9178,3.2536,1.5902
-3.8020,0.7350,8.8585,3.4294,1.4456,-2.9302,-7.2784,-6.3734,0.3567,3.8886,2.8093,1.1049
-3.8403,2.4373,7.0150,3.8185,1.3434,-1.9829,-9.7276,-4.7836,-2.2529,3.1792,2.2617,2.6962
-5.4612,3.9935,4.5442,3.6676,1.3887,-1.0509,-8.9423,-2.2051,-2.9137,2.0591,1.0166,3.3819
-5.5665,4.6471,3.1987,2.9036,2.2896,0.4603,-7.5106,0.3184,-3.7876,0.4875,1.4481,3.2273
-5.7820,5.0350,2.8563,2.0011,3.0946,1.5323,-7.6902,1.4293,-4.2162,-1.2794,1.5952,3.3200
-4.1707,4.8937,1.9680,0.7505,2.3514,2.3174,-6.6295,2.3439,-3.1029,-2.5459,-0.0222,3.0563
-3.1843,4.8770,0.3184,-2.3710,2.2545,2.5297,-3.7182,3.2944,-0.4286,-4.3657,-0.2096,2.3206
-2.5355,3.6392,2.7078,-3.6389,2.3025,2.1833,-2.2098,2.9329,1.7119,-4.3657,1.3062,0.4602
-1.9944,2.4062,3.9002,-4.3657,1.7349,1.1171,-2.4660,1.6305,2.4517,-4.3657,1.3981,-1.6689
-0.3639,0.8930,6.7660,-4.3657,0.0857,0.8359,-2.5857,-1.0367,2.1644,-3.6349,0.8146,-4.0553
2.8395,-0.8882,7.8673,-4.3657,-3.2952,0.0786,-1.8435,-4.1755,5.5689,-2.1889,-1.3988,-4.3657
1.5203,-1.5514,11.4275,-4.3657,-4.2090,-1.2388,-3.0574,-8.7532,8.2552,-0.5207,-1.7854,-4.3657
1.6879,-0.9433,17.6333,-2.8200,-3.5561,-2.2625,-13.0676,-15.6581,10.7500,1.0741,0.7564,-4.3657
1.9968,-1.9154,15.2678,-0.3663,-1.4524,-2.6485,-15.3971,-16.1824,10.4220,2.1853,0.4255,-2.2541
0.7638,-2.0973,12.0787,1.4767,0.4213,-2.7823,-8.0373,-11.5544,7.1658,3.0152,1.4614,0.1577
-0.3783,-1.9609,10.4962,2.4985,0.9429,-3.0130,-7.1156,-9.8186,3.8666,3.4983,3.0864,0.7072
-0.9026,-0.8092,9.0237,3.3159,0.6274,-3.0286,-9.5002,-8.8753,0.9433,3.8388,1.9356,1.6627
-3.4357,1.3886,8.1906,3.5892,0.8200,-2.8609,-7.8769,-6.0142,-0.4693,3.3322,1.0744,3.3490
-4.2234,3.6081,6.8043,4.1058,1.2241,-1.4833,-10.1011,-3.8714,-1.3862,2.3049,1.0805,3.0377
-5.4684,5.0709,4.6280,3.6948,2.5039,0.0839,-10.6183,-3.0861,-2.9018,0.3359,0.9270,4.3656
-5.6455,5.6623,1.4892,2.9479,3.7684,1.4833,-6.6319,-0.4046,-0.5555,-1.2545,0.2184,4.3656
-4.3287,4.5801,1.1827,1.4079,4.3656,2.4785,-3.5817,2.1979,-0.9098,-2.6300,1.9793,4.3656
-3.7996,4.0318,0.4980,-0.6602,4.3656,2.4048,-1.2019,5.1978,0.4980,-3.7555,2.9721,3.1083
-4.9297,5.0901,2.2122,-2.7386,3.9895,2.4468,-3.1388,5.5306,-0.2418,-4.2778,2.9492,1.3261
-2.8060,4.1946,2.6791,-3.4147,1.6189,1.9280,-3.5386,4.1228,-0.4501,-4.1872,0.8031,-0.7743
-2.4660,3.3064,3.0861,-4.3657,-0.0622,1.9728,-0.6967,2.9257,0.5962,-3.7369,-0.5632,-3.2632
1.2737,1.5203,3.5338,-4.3657,-2.0275,1.7008,-2.0470,-1.3743,1.3216,-3.4940,-0.3720,-4.3657
2.3918,0.1437,6.1028,-4.3657,-3.2290,0.3797,-1.9561,-4.8674,4.0606,-2.9512,-1.9688,-4.3657
2.2721,-0.5004,10.8338,-4.3657,-3.4583,-0.7221,-3.7757,-8.4228,7.9080,-1.6854,-1.2167,-4.3657
3.9409,-1.1564,16.4984,-4.0763,-3.8325,-1.8682,-10.4507,-13.6350,12.1099,0.1831,0.0654,-4.3657
2.6121,-2.4205,17.9469,-1.1694,-1.7944,-3.1147,-13.1322,-16.6565,14.1545,2.5856,0.5636,-3.5129
3.2753,-3.1268,13.5129,1.6030,-0.1911,-4.0723,-9.2225,-14.1689,9.2871,4.3656,2.4088,-0.8174
-0.0862,-1.9848,10.7595,2.9255,0.1496,-4.3657,-5.8658,-10.5776,3.2896,4.3656,2.7399,-0.4205
-1.9201,0.5411,8.5425,3.5577,-0.0008,-3.7864,-9.6414,-9.0381,0.4022,4.3656,2.6504,0.6903
-2.9928,2.7007,6.5984,3.7164,0.5125,-2.5544,-9.7372,-6.7397,0.2131,3.5166,1.4274,2.4692
-2.1500,3.6607,6.2034,3.6344,1.8266,-1.1290,-9.0956,-4.4460,-1.2881,2.0492,2.2223,3.6351
-4.8578,4.7788,4.8602,3.6108,3.0343,0.3880,-7.5681,-1.5682,-2.5067,0.2029,1.3780,3.9692
-5.3295,5.5019,4.1396,2.7989,3.8044,2.0030,-8.6000,-0.8787,-3.6248,-1.8486,1.2661,4.3656
-2.7892,4.7166,0.0263,-0.4254,4.3656,3.1336,-3.0526,2.3367,1.6089,-4.3657,1.4889,3.8293
-4.1611,4.7357,2.0183,-2.3775,4.3656,2.8841,-5.6767,2.3703,0.0934,-4.3657,4.1780,2.2744
-3.4884,3.8499,3.4046,-3.7048,4.3656,2.4253,-4.8435,2.1284,0.5171,-4.3657,2.2881,0.4956
-1.7669,2.4972,4.6639,-4.3657,1.6407,1.6457,-2.7007,1.6903,0.9481,-4.3657,0.4145,-1.3728
-0.0359,0.9194,4.4125,-4.3657,-0.3976,0.7502,-0.8930,-1.1516,2.2745,-3.8569,-0.4568,-4.1077
1.1301,-0.2897,8.3677,-4.3657,-2.1093,-0.2689,-3.1747,-6.0358,7.1419,-2.3562,-0.5409,-4.3657
1.6951,-0.7973,13.1154,-4.3657,-2.7039,-1.4533,-7.2856,-9.7013,8.3629,-0.3612,-0.0747,-4.3657
1.7454,-2.5379,17.7123,-0.6612,-3.0980,-3.2877,-11.3557,-15.5839,11.3677,3.1104,0.0930,-3.1682
2.3343,-2.6408,15.0571,1.8473,-1.1791,-4.2014,-10.1107,-15.2415,11.1354,4.3656,1.7220,-0.9487
0.1772,-1.9872,11.2887,3.7137,0.4050,-4.3657,-7.3071,-11.9183,5.0853,4.3656,3.3282,0.7083
-2.3631,-0.1652,7.8290,4.2673,0.1864,-4.3657,-7.1419,-8.4779,0.3974,4.3656,2.7604,1.5648
-5.0829,1.9992,6.3135,4.3656,0.3015,-3.3959,-8.9304,-6.0885,-1.9896,4.3656,2.4801,1.9644
-5.7030,4.0390,4.3048,4.1745,0.9602,-2.1333,-8.9160,-3.1699,-3.7110,3.3177,1.5483,3.2871
-6.2153,5.2816,2.1739,3.6186,1.9183,-0.4433,-8.6024,-0.3974,-4.9249,1.3694,1.4930,3.5638
-5.9352,5.5569,0.7805,2.2180,2.7399,1.1060,-7.5561,1.7621,-4.8387,-0.7310,1.1084,3.6814
-5.2361,6.2800,-0.2514,0.5295,3.0249,1.9588,-5.9520,3.2346,-2.8084,-2.4796,0.8663,3.2760
-4.5370,5.9496,0.3400,-0.8378,3.4093,2.3487,-7.0437,3.0311,-1.8723,-3.7943,1.6453,2.6985
-4.1827,5.5569,1.1061,-2.1489,3.4905,2.2729,-4.8171,3.8810,-1.4581,-4.3657,1.0673,2.3794
-3.6464,4.3958,1.6927,-3.6034,2.7789,2.1633,-3.2154,3.5793,-0.3687,-4.3657,0.9798,0.2840
-2.3391,2.6384,2.8706,-4.3657,1.9300,1.7391,-0.7207,2.2098,-0.5363,-4.3657,0.9250,-2.0514
-1.1995,1.3120,4.6424,-4.3657,0.4178,1.0507,-2.3535,-2.0973,1.9992,-4.3657,0.2579,-4.3657
-0.7326,0.1867,8.0709,-4.3657,-0.8869,0.4346,-5.9017,-6.1244,2.6360,-3.3095,0.0370,-4.3657
0.9337,-0.2921,9.9024,-4.3657,-2.5985,-0.3677,-6.3303,-8.4372,6.9384,-2.0061,-1.9496,-4.3657
5.1643,-2.6935,13.5272,-4.3643,-3.3216,-1.3053,-5.5354,-11.5640,13.0676,-0.3708,-1.1278,-4.3657
3.1556,-3.4477,17.7722,-1.7958,-2.3960,-3.7295,-8.2408,-15.4641,13.1346,2.5347,1.8595,-4.3657
1.7645,-2.5857,16.8624,1.1900,-1.2866,-3.8928,-11.7029,-16.7211,10.3310,4.0693,1.5936,-2.4040
2.5426,-2.5426,11.1785,2.8711,-0.0272,-4.3657,-6.7732,-12.6534,6.6822,4.3656,2.4796,0.3738
-0.6464,-1.0678,9.1291,3.7722,1.3295,-4.3657,-8.1139,-10.8050,2.9808,4.3656,3.9702,1.8523
-3.4788,0.9266,7.9104,4.3656,1.1122,-3.8315,-7.3717,-7.7955,1.2594,4.3656,2.4475,2.6432
-4.7190,1.7430,5.7628,4.2954,1.2442,-3.1044,-6.6822,-4.7453,-1.9201,4.3656,2.1595,2.8687
-6.4093,3.2250,4.4556,4.3656,2.0209,-1.6000,-8.0086,-2.4828,-3.1196,3.1868,2.5878,2.7912
-6.0549,4.1875,2.6935,3.9107,2.6629,-0.2425,-7.4124,0.1437,-5.3941,1.6755,2.2531,3.6531
-6.3614,4.6280,-0.3232,2.6185,2.6131,1.2465,-6.0765,3.2609,-6.3782,-0.2863,1.1740,3.2155
-5.1404,5.7054,-2.4828,0.2851,3.0910,1.6006,-4.8722,5.1332,-5.3223,-2.4468,1.8086,2.0302
-5.7772,6.4284,-2.1069,-1.6662,3.2614,1.5048,-6.2800,4.5873,-3.9576,-3.7318,1.6530,1.1683
-5.4205,5.1020,0.7781,-3.3918,2.6915,1.6371,-5.4324,3.6344,-3.6320,-4.3657,1.4135,-0.1749
-4.5657,4.0318,2.1189,-4.3657,1.9292,1.5720,-4.0965,2.0949,-1.9513,-4.3657,0.2245,-1.6284
-2.5067,2.0877,3.9265,-4.3657,0.5335,1.5014,-2.3750,-0.7781,-0.1987,-4.3657,-0.7100,-3.7333
0.0144,-0.0455,7.2281,-4.3657,-1.4595,0.9124,-0.3160,-4.7046,4.1013,-3.6910,-2.2495,-4.3657
4.0175,-2.0039,10.8338,-4.3657,-4.0596,-0.2366,-2.3631,-9.5696,12.2176,-1.2485,-3.1297,-4.3657
4.7453,-1.1157,14.0947,-4.3333,-4.3657,-2.4417,-6.0238,-13.1537,11.2120,0.9042,-1.4177,-4.3657
2.6576,-1.5850,18.2223,-1.8883,-2.9897,-2.9998,-10.3860,-15.9765,12.7946,1.7826,0.4619,-4.3657
2.7988,-2.0662,14.6645,0.7324,-1.0280,-3.4836,-9.2368,-14.9231,11.9902,3.0030,1.7857,-1.9652
1.4653,-1.7645,10.5919,1.8823,0.2870,-4.0437,-3.7278,-9.9335,5.6695,3.9482,3.1355,-0.2559
-1.3743,-0.9170,9.5098,2.8172,0.2915,-4.3004,-5.4300,-9.4260,3.5650,4.3232,3.8289,-0.5167
-3.9121,1.5754,9.0836,3.2287,-0.2698,-3.6551,-10.0628,-9.2680,0.1844,4.2124,3.0363,1.0292
-5.0996,3.6775,7.4268,3.8725,0.0191,-1.9173,-11.2408,-6.7995,-2.2673,3.2238,1.3757,3.1633
-5.2792,4.7118,4.0773,3.7702,1.2500,-0.2025,-8.2720,-2.7701,-2.8994,1.4701,1.0842,3.5373
-3.9528,5.6503,2.2218,2.9143,2.8936,0.9826,-8.6790,-1.8268,-2.0806,-0.5345,1.9279,4.3656
-4.0342,5.6719,1.7214,1.9087,3.9787,1.8734,-6.3662,0.4836,-2.1668,-2.1601,1.5320,4.3656
-4.5035,5.5737,0.9529,0.3504,4.3323,2.4830,-5.9783,1.6113,-2.6624,-4.1082,1.7563,4.3319
-4.4388,5.2002,0.7518,-1.4446,4.3656,2.7576,-4.0390,2.5379,-0.7446,-4.3657,1.2061,3.4232
-3.2034,3.8786,2.1069,-3.0843,4.0874,2.6287,-3.1077,2.6049,0.3543,-4.3657,1.7932,1.5420
-2.7725,2.5666,3.8666,-4.3297,3.0771,2.0435,-3.6703,0.9529,0.8547,-4.3657,1.6677,-1.3558
-1.0918,0.9050,6.7660,-4.3657,1.3352,1.2513,-2.1883,-1.2785,2.3583,-4.2434,0.3531,-3.6930
1.2594,-0.0551,9.0094,-4.3657,-1.8402,-0.0064,-3.4189,-5.4396,6.1603,-2.2996,-1.1894,-4.3657
0.5746,0.6033,12.1769,-3.8335,-3.1853,-0.9635,-8.2600,-9.1578,9.3039,-0.1647,-1.4601,-4.3657
2.0039,-0.0694,14.3077,-2.4864,-2.3659,-1.8438,-10.7978,-11.4060,8.6359,1.1092,0.2931,-4.2450
-0.0790,-0.7518,15.2726,-0.1014,-2.7338,-3.1448,-9.6079,-11.7124,9.7779,3.4010,-0.5004,-2.7472
0.4764,-0.3280,12.6725,1.3083,-2.4496,-3.3344,-9.0621,-11.1163,7.5202,4.1387,0.8483,-1.8382
-0.0431,-0.3448,9.9671,2.1842,-1.3583,-3.5978,-6.8402,-8.8131,4.4197,4.3656,1.4617,-0.7321
-1.1157,0.7709,8.0804,2.3740,-1.3246,-3.3189,-7.5824,-7.3933,3.1747,4.0949,1.5805,-0.3487
-2.1189,2.5139,8.2265,2.4565,-0.8175,-2.9938,-9.0142,-6.1794,2.2122,3.8056,1.7495,0.4242
-3.8427,4.8483,7.6447,3.0626,-0.0168,-2.0697,-13.2615,-5.9400,0.0311,2.8084,1.8131,1.8375
-4.0270,6.2369,6.1052,3.3553,0.9481,-0.5051,-10.7548,-3.3950,-0.8930,1.5262,0.4632,4.3656
-4.1037,5.9999,2.7150,3.3016,2.5349,1.0317,-6.7852,-0.4764,-0.8835,-0.1025,0.6412,4.3656
-2.6097,5.3726,0.2969,1.8393,4.0105,1.8443,-5.0518,1.0367,-1.0630,-2.1565,1.9682,4.3656
-4.4412,5.3678,1.3072,0.1436,4.3656,2.1032,-3.3495,3.3255,-0.2035,-3.5867,2.5732,3.8836
-4.1348,5.4660,1.9034,-1.2396,4.3656,2.3510,-6.4835,2.6336,-0.3711,-4.3657,3.1544,2.8940
-3.9193,5.1356,3.3232,-2.2817,3.9388,2.3590,-4.7094,3.7541,-0.1030,-4.3657,1.6978,1.5497
-2.8515,4.5442,3.7182,-3.1644,2.4248,1.9990,-5.1643,2.6097,0.9146,-4.3657,1.1991,-0.2554
-1.0846,3.5123,4.4796,-3.9209,1.0688,1.3668,-3.4836,1.8100,1.6688,-3.8672,0.3174,-1.6351
-0.2610,2.1835,4.8339,-4.3657,-0.4700,0.6817,-1.1444,0.0215,1.8938,-3.4135,-0.8680,-3.6841
0.7015,1.4772,8.2887,-4.3657,-1.2445,0.0324,-4.1300,-5.3199,7.2496,-2.2604,-0.4662,-4.3657
2.6719,0.0048,11.8681,-3.8447,-1.5515,-1.2891,-8.2049,-8.7412,8.8274,-0.4620,0.8904,-4.3657
-0.7111,0.8978,14.9326,-2.3574,-2.4936,-2.5660,-10.3741,-11.2168,9.7755,1.8331,-0.4970,-4.3657
0.7733,-0.1341,15.8736,0.1203,-2.0006,-2.7420,-13.0101,-12.8210,8.6048,3.0449,1.2676,-2.8627
-0.9505,-0.3687,11.8010,1.7000,-1.1879,-3.4605,-9.3374,-10.5536,6.1603,4.0236,0.9447,-0.4570
-1.7142,0.2442,9.8857,2.4192,-0.7613,-3.3970,-8.3151,-8.8083,3.1173,4.1067,2.0121,0.3280
-2.4181,1.7957,8.8035,2.8396,-0.6087,-2.9326,-10.7619,-7.9248,1.7430,3.6933,1.6437,1.9414
-3.9433,3.0311,7.3741,3.3163,0.1804,-2.0424,-7.8482,-4.3838,-0.1987,3.2739,0.7841,2.8073
-4.7405,4.3551,5.2433,3.3189,1.0365,-1.1409,-9.8521,-3.4022,-0.1963,2.0945,1.5699,2.8931
-4.5633,4.9919,3.8642,2.9447,2.2304,0.1683,-9.6223,-1.2402,-2.9616,0.7955,1.5015,3.8882
-5.4061,5.4540,1.2929,1.8810,2.6773,1.2103,-6.7253,1.7071,-3.8092,-1.1834,0.6845,4.3155
-4.4317,5.5833,1.9225,0.2369,3.6135,1.9637,-4.3215,3.7206,-0.9433,-2.6925,1.3492,3.3803
-4.5298,5.7221,1.8268,-0.6130,4.0545,2.1015,-7.0294,3.1532,-1.1540,-3.8568,2.9155,2.6741
-4.5897,5.1404,1.1851,-1.9878,3.5349,2.0805,-5.3654,3.7373,-0.7063,-4.3657,1.1394,2.1382
-4.1539,4.4125,2.4373,-3.1649,3.1193,1.7437,-4.9799,3.6368,-0.0646,-4.3657,2.1794,0.5211
-3.2609,3.1460,3.7158,-4.1031,1.9239,1.3027,-3.6296,3.0646,-1.0798,-4.3657,1.6470,-0.8070
-1.1995,1.3527,5.4684,-4.3657,-0.6563,0.8039,0.2610,1.1013,2.0351,-3.5940,-1.0198,-3.9861
0.8380,1.0726,9.0501,-4.3657,-2.1666,-0.4489,-4.4269,-5.5737,7.9057,-1.5571,-0.4806,-4.3657
2.6312,0.4788,12.5289,-3.1535,-2.0328,-2.2068,-13.2735,-9.9192,8.7436,0.5152,1.9891,-4.3657
-1.9872,0.4525,16.8265,-1.2321,-2.9527,-3.3116,-9.7324,-9.8497,10.4387,3.3973,-2.0925,-4.2807
0.4429,-0.3615,12.9981,1.0758,-1.9581,-3.6036,-10.8769,-11.0612,7.0030,4.1899,1.9288,-3.4006
-0.3208,-0.4932,8.1810,1.5744,-1.1477,-4.1661,-8.0086,-8.3031,3.7565,4.3656,1.0076,-1.6056
-2.7318,-0.0886,8.5832,1.4670,-0.9354,-4.0809,-6.6367,-7.1563,2.1835,4.0749,1.9396,-1.7700
-3.4596,0.4956,8.6095,1.7296,-0.4021,-3.7449,-9.7659,-7.8314,0.7805,3.7207,2.7817,-1.0894
-5.0135,1.7502,9.1363,2.2631,-0.3889,-2.9926,-12.9838,-8.2504,-0.5148,3.3652,1.6060,0.5117
-4.4053,2.5139,8.6933,2.7888,-0.0545,-1.9806,-12.2009,-6.6080,-0.2035,2.7641,1.0016,2.7279
-3.9768,3.4572,5.3750,3.0237,0.3712,-1.4079,-8.7652,-3.3543,-0.1700,2.1803,0.4094,3.0995
-3.4069,4.3527,5.8778,2.7099,0.8873,-0.4543,-7.9440,-1.1995,0.5698,1.6210,1.2670,3.1541
-3.6368,4.8267,4.8123,2.7984,1.4693,-0.1354,-6.8594,0.6081,0.3855,1.2248,0.9745,2.9247
-2.8635,5.2912,3.2298,2.1539,1.3821,0.1705,-7.9990,1.4605,-1.4174,0.4678,0.9290,3.1364
-4.6424,6.4117,2.9904,1.3737,1.5536,0.3693,-6.7229,3.3854,-0.2322,-0.4187,0.2036,2.7980
-5.2840,6.8642,1.9417,0.7854,2.1092,1.1303,-9.1530,3.0718,-1.9513,-1.6603,1.2404,2.8602
-4.8339,6.2872,1.5155,-0.1522,2.8288,1.6422,-5.8059,4.5346,0.2921,-2.2743,0.8960,2.3426
-4.3239,5.9831,0.8739,-0.9928,3.0224,1.6280,-4.6735,5.7150,-0.9337,-2.8333,1.9305,1.3845
-4.1851,5.7245,0.8452,-2.3523,2.7924,1.5234,-6.0406,4.7309,-0.5914,-3.5029,2.1513,0.4245
-4.2617,4.9919,3.2561,-3.1970,2.4163,1.3536,-5.1763,4.2210,-0.7997,-3.6099,2.0225,-0.8220
-2.5235,3.7709,4.3742,-3.8221,0.9533,1.0489,-2.7964,3.2585,-0.1700,-3.2566,0.7281,-2.5696
0.9050,1.6712,5.1547,-4.3657,-1.5576,0.2487,-4.0318,-1.1301,2.2242,-2.5903,-0.6606,-4.1560
4.1827,-0.1389,9.9240,-4.3657,-4.0001,-1.6322,-0.4932,-3.7182,10.4722,-0.7518,-2.4461,-4.3657
2.0111,0.2155,12.6390,-3.2269,-4.3657,-3.2257,-3.9361,-8.3390,10.6303,1.7912,-1.4803,-4.3657
0.4166,0.0790,12.8784,-1.3327,-2.5752,-4.3084,-12.3684,-12.2966,8.0661,2.8184,1.2176,-4.3657
-3.4357,0.7757,15.8688,0.2650,-0.3308,-3.6581,-14.5448,-13.3549,8.2935,3.2899,1.9859,-2.3317
-1.5347,0.3448,11.6167,2.4658,1.1387,-3.0526,-12.1889,-10.6614,3.3375,3.7711,3.0806,0.8038
-3.5051,0.5986,7.6447,3.2333,1.0512,-2.2858,-8.2432,-6.7014,-1.1588,3.2683,1.5981,2.1393
-4.4460,2.1213,7.0294,3.1437,0.8588,-1.3384,-7.8482,-4.2186,-0.6943,2.5983,1.3799,2.8436
-4.0438,3.0119,4.8770,3.0473,0.8695,-0.3381,-8.0804,-1.9824,-1.8292,1.8177,0.8693,2.5046
-3.5243,3.8978,4.8028,2.3201,1.2568,-0.0746,-6.8354,-0.4070,-0.0120,1.1097,0.8282,2.7659
-4.4628,5.1523,5.7102,2.0001,1.8948,0.4325,-8.4396,-0.3280,1.6065,0.3928,1.5791,2.4161
-3.5195,5.7269,5.2337,2.1142,1.9568,0.6659,-9.0453,0.6153,-0.4166,0.0253,1.1890,3.0712
-4.3574,6.3925,1.8028,1.6610,1.8772,1.3620,-7.7093,2.8970,-2.8802,-1.0449,0.0774,3.0329
-5.1667,6.6295,0.1389,0.1655,2.4852,2.2375,-5.6671,4.4149,-2.7294,-2.7496,0.4044,2.8547
-3.9792,5.8179,-0.8643,-1.6647,3.2555,2.8839,-4.3981,4.5825,-2.5642,-4.3657,1.1546,2.2792
-3.1843,4.3718,0.6488,-3.4605,3.2478,2.7390,-2.3535,4.0845,-0.7254,-4.3657,1.1954,0.4651
-1.6137,2.2362,2.5211,-4.3657,2.2704,2.2553,-0.6752,2.2386,-0.1317,-4.3657,1.2513,-2.1861
3.5267,-0.0934,4.5729,-4.3657,-0.7389,1.1696,0.9912,-1.0702,4.7956,-4.3657,-0.5409,-4.3107
3.0550,-0.5435,8.7388,-4.3657,-3.1440,-0.1929,0.0766,-4.9009,7.1395,-2.2966,-1.3808,-4.3657
3.3232,0.1867,13.0867,-4.3657,-4.0045,-1.0786,-8.6383,-11.9159,10.8146,-0.9370,-1.2088,-4.3657
4.3981,-0.6369,18.1241,-2.7620,-2.6513,-2.0656,-14.1665,-14.1114,12.3038,0.6849,0.6027,-4.3657
0.9290,-1.1109,15.2415,-0.1935,-1.2412,-2.9322,-11.5424,-13.1154,12.1769,2.8004,-0.4919,-1.4737
1.6735,-1.3264,11.7986,1.4954,0.6279,-3.4688,-8.5186,-10.8314,7.7812,3.7940,3.2574,0.1989
-1.1492,-1.3527,8.8418,2.4710,1.0708,-3.6088,-7.2520,-7.7788,0.4190,4.0386,2.5562,0.5161
-3.6607,0.2945,8.4851,2.5844,0.3673,-2.8197,-8.8059,-6.7900,0.2107,3.5613,1.7932,0.9321
-3.4931,2.0614,8.7484,3.0274,0.7348,-1.5922,-10.5465,-5.3223,-0.5411,2.7063,1.6089,1.7932
-4.9799,4.3239,4.9680,3.1012,2.3074,0.4435,-9.7612,-1.8196,-1.9704,0.5059,1.6446,3.2153
-5.0709,4.7860,3.8259,2.6159,2.9475,1.6466,-8.3462,0.2203,-2.9329,-0.8684,1.2738,3.8099
-4.7022,4.9895,1.0774,1.4342,3.3660,2.4473,-6.1699,1.9010,-4.0510,-2.7251,0.9078,4.0273
-3.5674,4.7501,1.5036,-0.3661,3.4889,2.7504,-5.7509,2.1476,-1.6424,-4.1063,0.8099,3.2787
-4.2545,5.0111,0.7326,-1.6645,3.3329,2.6674,-3.7613,3.9025,-1.2570,-4.3657,0.7730,1.8914
-2.9616,4.0055,1.1133,-3.5811,2.7815,2.6400,-3.1149,2.9544,-0.6345,-4.3657,0.8014,0.1258
-0.8092,1.7621,3.5745,-4.3657,2.0462,2.0171,-1.4772,0.6919,1.0391,-4.3657,0.8572,-2.1566
2.7438,-0.0527,5.8945,-4.3657,-0.8188,0.8132,-1.1396,-2.9736,6.1770,-4.0935,-0.9606,-4.3404
3.4572,-1.1420,11.7962,-4.3657,-2.6137,-0.8567,-3.6200,-6.3590,9.3326,-1.6979,-0.4181,-4.3657
1.7957,-0.5363,14.7722,-3.7217,-2.9973,-2.8153,-7.3837,-10.3741,10.2879,0.8941,-0.6612,-4.3657
-0.4405,-0.3089,17.6381,-1.3466,-3.1985,-3.2363,-13.8888,-14.5472,10.7021,2.7010,0.3620,-4.3657
0.1101,-0.9625,14.4394,0.8344,-1.8358,-3.4969,-13.8289,-14.2958,9.6079,3.7574,0.8673,-1.3210
-0.4980,-1.3431,10.7284,2.4096,0.3309,-3.8181,-7.4651,-10.4459,4.6400,4.3656,2.3944,0.1832
-2.7940,-0.0120,9.4547,2.9802,0.5950,-3.4407,-8.2935,-7.9033,0.4142,4.0656,3.1820,1.1411
-4.4269,2.0016,7.7692,3.5641,0.3781,-2.5051,-11.0492,-6.3279,-0.5698,3.5550,1.4051,2.5079
-5.2864,3.6799,5.8179,3.5593,0.6281,-1.2961,-9.4116,-3.2777,-2.0303,2.4684,0.5505,3.1441
-5.4300,4.7501,4.9392,3.1677,1.9023,0.0773,-10.9176,-2.4780,-1.4581,0.9382,1.4629,4.0453
-6.4955,4.8866,4.1492,2.9627,3.6377,1.6017,-7.7524,0.2059,-3.5721,-0.8055,1.5559,4.1811
-4.2425,3.9169,0.6704,1.3679,4.1795,2.7014,-4.8483,1.6688,-1.9704,-2.8357,1.4368,4.3656
-4.7238,4.4125,1.1923,-0.6984,4.3656,2.6236,-3.7924,3.5003,-0.7254,-3.9740,2.2568,3.1416
-4.3311,4.4843,2.5019,-1.9600,4.0416,2.5061,-5.9185,3.3974,-1.4676,-4.3657,2.6513,1.8017
-3.5841,4.0366,2.7964,-2.9286,2.5500,2.0256,-4.1204,3.5027,-0.5866,-4.3657,0.8399,0.0020
-2.6240,3.3902,3.4165,-3.8957,0.9348,1.5144,-3.3686,2.2577,0.3926,-4.0985,0.1096,-1.8768
-1.1588,2.1572,4.7022,-4.3657,-0.2481,1.0006,-3.2513,-0.2777,1.1205,-3.6904,-0.3710,-3.7923
-0.9697,1.9680,6.9216,-4.3657,-1.1040,0.2927,-6.4620,-3.7804,4.2090,-2.7350,-0.6009,-4.3657
-0.6105,1.3695,9.5624,-3.9426,-1.6374,-0.4772,-8.8226,-5.8251,5.4971,-1.6867,-0.6302,-3.9647
0.8045,0.1820,11.2240,-3.2508,-2.5029,-1.0902,-6.2465,-6.7253,8.0086,-0.0705,-1.5323,-3.8621
1.9537,-1.0630,12.5217,-2.1798,-2.8105,-2.2685,-6.8474,-8.9088,8.9328,1.4083,0.1592,-4.1573
1.6137,-1.3264,13.6446,-0.7504,-2.3092,-3.2921,-8.6431,-10.6183,8.8035,2.6173,0.3476,-3.3867
2.3343,-2.0279,11.7555,0.4620,-1.9869,-4.0969,-7.2736,-11.2408,10.3813,3.7991,0.9686,-2.5167
0.2682,-2.7078,10.8266,2.2547,0.1116,-4.3657,-5.5976,-11.0421,5.3127,4.3656,3.9989,-1.6796
-2.9999,-0.8260,9.7300,3.0318,-0.2699,-4.3657,-9.4691,-11.1330,2.1548,4.3656,3.4747,-0.3989
-6.6750,1.2067,8.3414,3.6597,0.2602,-4.2928,-10.2855,-8.2193,-3.0454,4.3656,2.7472,1.0890
-6.5410,2.8491,5.6910,3.7058,1.4480,-2.1799,-10.8553,-5.5617,-4.9225,3.0485,2.4575,2.3936
-7.5369,4.2162,2.0590,2.2264,3.6627,1.8494,-9.5241,-1.2833,-6.8977,-1.8458,1.5829,4.3656
-7.6638,4.2353,0.2322,0.4042,3.9751,3.4692,-5.5689,1.3647,-5.2313,-4.2866,0.4281,4.1637
-6.0956,3.4357,-0.0527,-1.9049,4.3656,4.0747,-6.7516,0.7757,-2.7988,-4.3657,1.6633,3.5122
-5.2265,3.2896,2.8108,-3.2591,4.3656,3.8657,-5.1715,1.4341,-1.7095,-4.3657,1.8731,1.9071
-3.7900,2.8395,3.1340,-4.2960,2.7134,3.6844,-4.4269,0.9840,0.1030,-4.3657,0.0654,0.1348
-0.4118,1.4413,4.8076,-4.3657,1.0844,3.2170,-1.5993,0.2442,1.2498,-4.3657,-0.7827,-1.5521
2.3679,0.0622,5.5617,-4.3657,-0.4415,2.0835,0.0575,-2.5857,4.5346,-4.3657,-1.4778,-3.8737
4.6328,-0.9840,9.6007,-4.3657,-2.3723,0.6955,-2.2098,-6.9839,9.2009,-3.3925,-1.5881,-4.3657
5.7245,-1.7430,13.5679,-4.3657,-3.0330,-1.1984,-5.1715,-11.1354,14.2694,-1.1037,-0.9253,-4.3657
4.4077,-2.0279,18.5000,-2.3942,-2.1049,-2.6205,-9.8162,-14.3508,13.1418,1.1527,1.0479,-4.3657
1.9417,-2.1189,15.1649,0.2429,-1.1463,-3.4107,-10.6279,-13.8050,10.4315,2.8922,0.7935,-1.9902
1.0008,-2.2434,10.1945,1.1914,-0.1426,-3.6379,-5.9999,-10.1945,6.2968,3.5186,1.5940,-0.7296
-0.3831,-1.9513,8.4851,1.6133,0.7314,-3.7322,-4.1994,-7.6710,2.3703,3.3755,3.1363,-0.7574
-2.2075,-0.8763,7.4268,1.6713,0.3914,-3.3124,-5.7389,-6.9815,0.7111,3.0815,2.0643,-0.9184
-2.2889,-0.1484,8.1738,1.3911,-0.1705,-2.5073,-7.3263,-6.9121,1.2282,2.6517,1.6551,-0.7629
-2.5283,0.6728,7.8051,1.4887,0.4904,-2.1843,-7.6112,-6.2393,1.2977,2.2444,1.8787,-0.1764
-3.4429,1.6568,8.0756,1.5440,0.5586,-1.3993,-9.5217,-6.2632,0.6823,1.7072,1.5965,0.4169
-3.4237,2.1763,7.4292,1.6160,0.5429,-0.5576,-9.3326,-5.2936,0.0718,1.0591,0.8797,1.3963
-0.9385,1.9489,7.9847,1.3861,0.7092,-0.1230,-6.8738,-4.4005,3.4979,0.7811,0.4704,1.6469
-1.1803,2.3727,8.4276,1.7882,0.8144,-0.2016,-7.4340,-3.9504,3.3854,1.0365,1.4053,1.7724
-1.2091,3.1220,7.5896,2.0027,0.3328,-0.2697,-8.5401,-3.4333,3.2801,1.3003,0.5605,1.7676
-1.4150,3.5219,7.8051,2.1841,0.2205,-0.5319,-7.2951,-2.3248,3.8451,1.7938,0.5829,1.8166
-1.4341,4.5155,6.9001,2.5916,-0.0159,-0.5485,-9.0237,-1.8196,2.8898,2.1626,0.7635,1.6864
-2.1763,5.3199,5.4612,2.6785,-0.1699,-0.5629,-7.9655,0.1173,1.4198,2.1663,0.2423,1.9528
-2.7318,6.0430,3.1029,2.3740,-0.2018,-0.3918,-6.7732,2.3918,-0.1604,1.7217,-0.0942,1.4749
-3.2034,7.1443,1.1325,1.4096,0.0241,0.0490,-6.7732,4.0151,-1.4485,0.6923,0.0087,1.2530
-5.6575,8.7580,-0.0814,0.2093,0.9621,0.9622,-8.4108,4.9560,-6.7947,-1.2021,0.3305,0.8392
-6.8091,6.6128,-3.1101,-1.8915,1.7877,2.8627,-7.2065,2.7126,-7.2808,-4.3657,-1.1782,1.2865
-3.1316,3.2489,-1.0511,-4.2411,2.9007,3.9318,-3.9840,-0.0934,0.1796,-4.3657,-0.8182,1.1876
-2.5307,1.1588,4.8650,-4.3657,4.3656,3.5312,-5.2313,-2.9688,2.7653,-4.3657,2.8480,-0.1384
-1.3575,-0.2586,11.9686,-4.3657,3.3842,2.5079,-7.9392,-6.4667,5.7126,-4.3657,2.0499,-1.7736
-0.6249,0.2538,14.4346,-3.5911,0.1551,1.7539,-9.6319,-7.6950,6.8714,-3.0796,-0.9970,-2.2162
0.8499,0.4741,12.5265,-1.8935,-1.1197,0.5143,-9.5984,-7.6351,8.4348,-0.9084,-1.3551,-1.0709
-0.3759,0.5842,12.4618,-0.2465,-0.6711,-0.6811,-9.5984,-7.4531,7.0366,0.6868,0.1689,-1.0583
-0.8236,0.6967,11.2312,0.6835,-1.3193,-1.3446,-9.6606,-7.1850,6.2153,2.1422,-0.3151,-0.4161
0.5698,0.2945,11.3988,1.8539,-1.5348,-2.5338,-8.3199,-7.0437,7.8458,3.7585,0.4012,-0.1037
-0.8859,1.1157,10.5752,3.1275,-1.8739,-3.8020,-11.1761,-7.8506,6.7253,4.3656,1.0529,0.3512
-4.9321,3.4764,9.4667,4.1254,-1.6033,-3.5475,-11.8226,-6.4883,1.7980,4.3656,0.4359,1.2620
-6.0956,5.0111,5.2792,4.3656,-0.0108,-2.2174,-11.6957,-3.0358,-4.2617,4.3656,1.2220,2.6484
-7.1419,6.2441,-0.3543,4.0669,1.4240,-0.3640,-8.1283,1.2378,-5.9568,1.9688,0.4048,4.3656
-5.6407,6.7516,-1.4940,1.9882,2.9789,1.5238,-5.0470,4.8339,-6.5098,-1.3375,0.8961,4.2863
-5.7341,6.1627,-2.6863,-0.1426,4.0141,2.6530,-3.2896,6.0956,-4.3814,-3.7614,1.9361,2.7310
-3.7469,5.0111,-1.3886,-2.5635,3.5591,3.0922,-3.3303,5.0949,-3.3782,-4.3657,1.1305,1.3198
-2.1668,3.7254,0.1365,-4.3657,2.9581,2.6885,-1.9441,3.4884,-0.8978,-4.3657,0.6659,-0.4173
-0.0838,1.1468,2.8419,-4.3657,1.5012,2.1035,-0.2538,0.0742,0.9601,-4.3657,0.2020,-2.9978
3.3088,-1.0151,6.7397,-4.3657,-0.7489,0.8067,-0.6680,-4.7597,7.1371,-4.3657,-0.3269,-4.3657
2.5379,0.0144,15.6222,-4.3657,-1.4229,-0.6955,-10.1011,-10.9080,12.5600,-2.1677,1.5144,-4.3657
1.5083,0.7230,19.5391,-2.1701,-1.8979,-2.0792,-12.3684,-11.6215,11.5424,1.3885,-0.2042,-3.9118
1.5897,-0.3663,16.1345,0.5669,-2.6080,-2.9783,-11.7699,-11.9447,12.2870,3.7555,-0.8669,-2.4848
-0.1149,-1.1588,12.1817,2.1890,-0.9237,-4.2654,-8.7676,-10.2424,7.2808,4.3656,2.1441,-0.5548
-2.8874,0.0096,10.1299,3.4400,-0.8095,-4.3657,-9.8881,-9.0668,3.1029,4.3656,1.8182,0.0586
-4.7597,2.6049,8.6263,4.0061,-1.0094,-3.6796,-11.4132,-7.1563,0.4357,4.3656,1.6034,1.4218
-6.2584,4.3527,6.0885,4.3656,0.2952,-2.1641,-11.8393,-4.4173,-3.0430,4.0886,1.3030,2.8493
-6.3566,5.4612,3.1244,3.9535,1.6242,-0.2431,-8.2001,-0.2155,-4.8554,1.8683,0.8918,4.0913
-5.6767,5.4899,0.2107,2.9667,2.7853,1.4059,-6.0573,2.4780,-5.0326,-0.3620,1.2359,3.9230
-4.7429,5.2768,-2.1045,0.5650,3.7720,2.4572,-6.1387,3.2417,-5.0350,-3.3680,1.6883,3.8836
-4.5873,5.0853,-0.6009,-1.7573,4.1719,2.7159,-2.8347,4.7046,-1.0415,-4.3657,1.3059,2.8001
-4.0677,4.4436,1.6616,-3.3755,4.1259,2.6935,-4.4125,3.6392,-2.1452,-4.3657,2.8771,0.9954
-3.0646,2.8467,3.1220,-4.3657,3.2013,2.3712,-4.0654,1.5921,-0.4238,-4.3657,1.2445,-0.8168
0.0144,0.1867,5.2098,-4.3657,1.2445,1.6088,0.1652,-0.3950,1.1995,-4.3657,0.0298,-3.2622
4.5011,-2.0949,8.1547,-4.3657,-2.0799,-0.0065,0.9960,-5.6575,7.7237,-3.8415,-1.1377,-4.3657
4.2617,-2.1787,14.9135,-4.3657,-3.3819,-2.0975,-3.7421,-11.1594,14.7818,-0.4598,-0.5009,-4.3657
2.5666,-1.4772,19.6127,-2.0780,-2.4745,-4.2770,-12.5217,-17.4753,14.4466,3.0028,2.2687,-4.3657
-0.8068,-1.4341,18.0643,1.3524,-2.1826,-4.3657,-16.6373,-17.9972,9.8138,4.3656,1.4080,-2.6187
-0.9074,-1.5610,11.7771,2.7803,-1.2741,-4.3657,-8.7125,-12.1578,5.3774,4.3656,0.6767,0.3276
-2.7797,-0.3783,7.4101,3.5141,0.5766,-4.2910,-6.6559,-8.1858,0.8092,4.3656,3.6126,0.6833
-4.5011,1.7597,6.3159,3.2250,0.5864,-2.9391,-8.7628,-5.8275,-1.7980,3.8792,2.5702,1.2470
-4.8554,3.6655,6.1579,2.8859,0.7071,-1.3924,-10.2328,-3.8020,-1.8986,2.3760,1.5704,2.1998
-5.7126,4.5418,6.0478,2.9352,1.9632,-0.1336,-9.3015,-2.0734,-1.2953,0.9699,1.5737,2.6171
-4.6831,4.8722,5.0925,2.8919,2.7075,1.1441,-8.9950,-0.5962,-2.7078,-0.0274,1.7704,3.2883
-4.6543,5.1619,0.1915,1.8301,2.4601,1.8130,-6.1794,1.9201,-2.3846,-1.6032,0.2463,3.3799
-3.9002,5.2696,0.3831,-0.1376,2.8593,2.1874,-4.3455,3.7230,-2.1045,-2.7969,0.9341,2.1911
-3.2106,5.0542,1.0750,-1.7079,3.1622,2.1245,-5.1571,3.4213,-1.6137,-4.0313,1.5236,0.9599
-2.4924,4.2713,2.1284,-3.0602,2.2801,1.7829,-4.3646,2.6504,-0.6776,-4.3124,0.2811,-0.2782
-0.8547,2.6887,3.5674,-4.3218,0.8981,1.2458,-2.0758,1.2785,0.2011,-4.3046,-0.3219,-1.8635
1.5131,0.8404,4.6855,-4.3657,-1.1684,0.3379,-0.6057,-2.4732,4.5993,-3.7646,-1.6172,-3.8014
0.1867,-1.0223,17.8320,0.4411,-1.7661,-4.3657,-12.0404,-14.5400,12.2631,4.0009,1.1570,-3.3977
-2.9233,-1.1492,9.2632,3.4514,-0.3234,-4.3657,-8.2480,-10.0533,1.4222,4.3656,3.0599,0.0755
-5.4540,1.5874,7.6255,3.6933,-0.1621,-3.6849,-9.4882,-7.3574,-1.9273,4.3656,2.2858,1.0320
-5.6144,3.7158,6.2728,3.6921,0.2092,-1.8920,-13.9965,-6.3207,-3.7445,2.9964,1.9187,3.0024
-7.0270,4.8459,4.2329,3.6290,1.6169,-0.5149,-6.9408,-1.1875,-2.7031,1.6098,-0.1936,4.3656
-5.9209,5.0159,1.8699,2.8589,2.1547,1.3243,-7.0198,0.8475,-3.7733,0.0189,1.2728,3.7643
-4.1946,5.2122,0.0934,1.3001,2.8378,2.2724,-5.8251,2.7964,-4.2042,-2.1878,0.9269,3.8534
-4.0127,5.4372,-0.5267,-0.4033,3.0858,2.5871,-3.3255,4.2928,-2.3631,-3.5709,0.3548,2.5258
-2.2194,4.8387,0.2346,-2.4552,2.2816,2.6813,-3.0239,3.6009,-0.7829,-4.3657,0.6864,1.2213
-1.5107,3.8068,1.9082,-3.7855,2.0900,2.3114,-2.3008,2.1572,1.8579,-4.3657,0.2658,-0.5223
-0.4812,2.5977,3.8451,-4.3657,1.6042,1.9530,-2.8108,-0.3304,2.0351,-4.3657,0.6829,-2.4031
1.5754,0.4166,7.7261,-4.3657,0.7639,1.3666,-3.3734,-4.2114,5.1523,-4.3657,0.3132,-3.8806
5.9975,-1.5203,12.4211,-4.3657,-1.6189,-0.4120,-3.8307,-7.7165,13.3261,-1.9814,-0.4835,-4.3657
2.9281,-1.1396,16.3524,-2.8709,-2.6502,-2.8188,-6.2465,-10.2615,11.9399,1.2939,0.2871,-4.3657
1.2210,-1.2354,14.7076,-0.6707,-2.5891,-3.9758,-9.3494,-13.7140,11.4586,3.6729,0.8410,-4.3657
0.2658,-1.8627,13.1011,0.5149,-2.0432,-4.3657,-11.7699,-14.5567,7.4484,4.3238,2.3563,-2.5727
-1.9058,-1.4988,10.9367,2.0378,0.1035,-4.3657,-10.6829,-12.5145,3.6296,4.3656,3.3975,-0.2125
-3.2633,-0.0383,10.1394,3.0639,0.6957,-4.2072,-14.0444,-11.9590,-0.0886,3.9266,3.2616,2.9399
-6.1842,1.7861,9.8426,3.9799,0.7453,-2.8622,-10.8050,-7.1347,-2.9185,3.3520,0.6977,4.3656
-7.3382,2.9951,6.2513,4.3656,1.5769,-1.2220,-5.9759,-2.4014,-1.9225,2.6105,-0.0906,4.3656
-5.9256,3.4668,1.9225,3.6168,2.0840,1.1459,-7.3239,0.2993,-6.0597,0.6663,1.3887,3.8351
-5.3463,3.8523,-0.2107,1.6181,2.9107,2.3650,-3.4213,3.5961,-5.0015,-1.7212,0.3671,3.2511
-4.4604,4.0055,-1.5371,-0.9324,3.5192,2.8897,-3.4165,4.0677,-3.3854,-3.9943,1.4224,1.9776
-3.6966,3.1077,0.1772,-3.4723,3.4580,2.9119,-3.2034,2.9329,-3.4046,-4.3657,1.8883,0.1159
-3.1939,0.9864,1.7238,-4.3657,2.2264,2.8222,-2.2170,0.1796,-1.7741,-4.3657,0.2025,-1.8020
1.5897,-2.5379,5.8299,-4.3657,-0.1383,2.5564,-0.7374,-4.6831,2.9377,-4.3657,-0.6171,-3.6856
6.1387,-3.4572,12.0931,-4.3657,-2.4221,0.4594,-1.5036,-8.4898,11.7316,-3.4435,-1.1004,-4.3657
4.3311,-2.2003,18.1337,-3.9659,-3.0168,-1.8473,-7.3239,-12.6821,13.3333,-0.2002,-0.1407,-4.3657
1.9632,-1.9225,18.6317,-1.1401,-2.9869,-3.1389,-13.5799,-16.1273,13.6589,2.4400,-0.3074,-4.3657
1.2210,-2.3679,13.8193,1.0080,-1.1068,-3.5329,-10.8888,-14.2886,10.3286,3.7908,0.8308,-1.3133
-0.0311,-2.1141,10.0772,2.2433,1.0260,-3.6413,-6.2369,-10.2496,4.1659,3.9206,3.0335,-0.2246
-2.0087,-1.3623,8.8825,2.6096,1.4623,-3.1586,-8.0182,-9.0405,1.6879,3.4362,3.3909,0.3082
-3.7637,0.3424,9.9575,3.3100,1.1275,-2.6773,-12.2463,-9.3637,0.3591,3.3697,2.8922,2.4764
-5.4779,2.0063,7.6926,4.1358,1.2534,-1.8298,-11.1977,-6.5888,-1.8842,2.9716,0.8394,4.3656
-6.5457,2.9018,5.2768,3.9865,1.3515,-0.2471,-6.1986,-1.6041,-3.3016,2.1980,-0.1078,4.2761
-6.2537,3.4548,2.3056,3.3095,2.0965,1.0906,-6.5242,0.4932,-4.6232,0.4142,1.2697,3.5364
-5.7509,4.0677,-0.1413,1.4121,3.1100,2.4253,-6.2345,1.7430,-3.9816,-1.9654,0.7578,3.6968
-5.7604,3.9337,0.1269,-0.7782,4.0116,3.1704,-4.7645,3.0382,-3.3184,-4.1933,1.8623,2.9134
-5.0781,3.2968,1.1851,-2.8380,4.2282,3.4767,-5.0230,2.4445,-2.6145,-4.3657,1.9879,1.5993
-0.3663,-0.2418,5.0733,-4.3657,1.0407,2.6612,-1.1492,-1.0558,1.8364,-4.3657,-0.2523,-2.3186
4.5466,-2.0973,10.2400,-4.3657,-2.1250,0.8769,-0.7230,-5.6479,8.4827,-3.4776,-1.2979,-4.3657
5.3965,-1.5634,12.4762,-4.3657,-3.6976,-1.6643,-3.5338,-9.3613,12.4762,-0.5441,-1.6714,-4.3657
2.3367,-1.0367,16.1920,-2.6934,-3.5062,-2.7717,-9.7229,-12.7539,9.7516,1.4286,-0.3360,-4.3657
-0.1173,-1.2929,14.8800,-0.8575,-2.5679,-3.1612,-12.6198,-14.4490,10.2759,2.2773,-0.1935,-3.5867
1.1133,-1.8531,12.9359,0.8384,-0.1467,-3.0836,-10.1706,-12.9670,9.0597,2.9998,1.8735,-0.9222
-0.8212,-1.9058,11.2097,2.4532,1.5096,-3.2606,-8.2983,-10.7667,4.3670,3.6319,3.4613,0.6948
-2.5618,-1.0894,9.7205,3.2768,0.5630,-3.0920,-8.8681,-9.1004,1.3623,4.2045,2.2732,1.2359
-4.3958,0.8499,7.9392,3.8665,0.4221,-2.5484,-9.2895,-6.6798,-1.6975,3.8660,1.7493,2.2599
-6.2824,2.8228,6.0645,3.8617,0.8900,-0.8163,-10.3813,-4.4484,-3.7589,2.5683,1.0043,2.8986
-6.7038,4.0270,4.4005,3.2342,1.8283,0.9427,-8.9807,-1.7310,-4.8914,0.4451,0.7113,3.9542
-5.7868,4.3263,1.4892,2.1520,2.9588,2.6886,-7.5657,-0.0407,-4.6759,-2.0840,0.4017,4.3656
-4.6304,3.8451,-0.5100,-0.0777,3.9695,3.7890,-2.9377,2.2218,-2.7629,-4.3481,0.3080,3.8833
-3.2250,2.5762,0.4022,-2.7923,4.3656,4.0216,-3.7134,1.6065,-2.2003,-4.3657,2.0479,2.2611
-1.3072,0.6129,3.6966,-4.3657,3.2544,3.3276,-1.5395,0.0599,0.4334,-4.3657,0.7306,0.0199
3.3255,-1.4988,8.0182,-4.3657,-0.0377,1.9245,1.6759,-2.9185,6.6272,-4.3657,-0.9594,-2.9997
4.9847,-1.7430,10.3956,-4.3657,-3.1276,-0.1122,-1.2067,-6.6439,9.7851,-2.2094,-1.6549,-4.3657
5.7126,-1.4605,12.2583,-4.2146,-3.9122,-1.9961,-3.2848,-9.2680,10.3358,-0.3267,-1.7746,-4.3657
1.8220,-1.9944,16.7546,-2.7147,-3.1255,-3.1636,-8.6311,-14.3365,12.5025,1.1984,-0.0133,-4.3657
1.3192,-2.0207,15.9550,-0.2855,-1.6876,-3.4784,-13.8768,-17.0683,12.1194,2.8813,1.6006,-3.4711
1.3527,-2.1907,12.5696,1.4769,0.2209,-3.6592,-9.6007,-13.3046,8.1187,3.9357,2.0214,-0.0200
-0.9984,-1.4389,10.3956,2.9764,1.0824,-3.7194,-6.9025,-9.9479,2.9592,4.2118,3.3922,0.8840
-2.0159,-0.6273,8.7724,3.4162,0.5710,-2.9408,-8.4252,-8.0302,0.7973,4.0336,2.1625,1.6542
-3.0765,1.4676,7.7165,3.5698,0.9898,-2.1121,-9.1411,-5.7940,0.4429,3.3437,1.9768,2.6249
-3.6607,3.1891,6.5027,3.7948,1.7297,-1.0929,-8.3199,-3.2082,-1.0271,2.4333,1.7552,3.1160
-4.0869,4.4460,4.7669,3.2712,1.9392,0.2302,-7.2113,-0.3591,-1.7909,1.2494,1.1555,3.2991
-4.4772,5.2768,2.4110,2.5335,2.4593,1.3516,-7.5729,1.2498,-3.3639,-0.5175,1.1315,3.1232
-4.0558,5.2433,1.0942,0.9014,2.7161,2.3915,-5.1643,2.8515,-2.4301,-2.4143,0.2149,3.2081
-3.6152,5.1188,0.5459,-0.7136,3.0952,2.7892,-4.7669,3.0694,-1.3001,-3.8288,1.0644,2.0851
-3.0191,4.1922,0.3903,-2.5127,3.2600,2.6420,-3.4548,2.7461,-1.8124,-4.3657,0.8005,1.0762
5.0877,-2.6863,13.1944,-4.3657,-1.7676,-0.1059,-3.0263,-9.8713,13.2399,-3.2039,-0.3367,-4.3657
4.7501,-1.6592,19.6127,-3.2884,-2.9962,-2.7050,-9.7803,-13.9750,15.7347,1.0513,0.2149,-4.3657
1.4820,-1.1995,17.8200,0.1608,-2.4481,-3.9678,-12.3158,-14.7219,12.5217,3.4182,0.5676,-3.0104
1.2402,-1.7238,12.0237,1.7044,-0.9204,-4.3657,-7.9559,-12.0740,9.5816,4.3656,1.4556,-0.9004
-0.3591,-0.9625,9.1195,2.6903,0.4150,-4.3657,-6.0501,-9.0429,4.1420,4.3656,3.8087,-0.4471
-2.7845,1.1612,8.7293,2.9958,0.7429,-4.0673,-9.3613,-8.1858,1.8316,4.3656,3.3652,0.7348
-4.5562,2.6312,8.4803,3.6219,0.6719,-2.9896,-11.7771,-6.9719,0.0287,4.0946,2.5542,2.2601
-5.6743,4.0869,6.4141,4.0457,1.0722,-1.6717,-9.9000,-3.9504,-1.3144,3.4476,1.6117,3.6952
-5.6743,5.0206,4.5418,4.0000,1.9497,-0.0414,-7.7955,-0.5866,-3.1244,2.1093,1.4902,4.0729
-4.5274,4.6160,0.9194,3.3922,2.6040,0.9982,-5.7293,2.0494,-3.8954,0.3976,1.3340,3.7419
-4.0079,5.0853,-0.4238,1.5276,3.0714,1.5420,-4.5226,3.7828,-3.6033,-1.4637,1.6258,3.2980
-1.9656,4.4508,2.3296,-3.2555,1.3444,1.0870,-2.7054,3.4716,0.6776,-3.8431,0.1651,-1.1387
-0.5866,3.3447,3.4500,-4.1547,0.1605,0.6194,-1.2402,1.5706,2.7174,-3.5571,-0.5276,-3.3564
0.8380,2.0638,5.7652,-4.3657,-0.6935,-0.3060,-3.8188,-2.6288,4.2808,-2.7893,0.1783,-4.3657
1.5658,1.0127,10.2855,-4.3657,-2.3338,-1.5775,-6.3686,-6.2321,8.0780,-1.0015,-0.4334,-4.3657
1.4581,0.1556,12.3541,-3.2779,-3.4699,-2.6019,-5.3079,-7.3167,8.4851,0.5472,-1.8130,-4.3657
1.5706,-0.2921,13.8888,-2.1252,-3.3165,-3.2683,-7.6207,-11.3365,10.8481,1.7866,0.0220,-4.3657
0.5698,-0.4453,15.1481,-0.2964,-1.9510,-3.9170,-11.5041,-13.5440,10.8721,3.1296,1.6323,-3.7525
-0.6728,-0.1053,12.5025,1.5977,-0.2487,-3.8293,-10.1538,-11.6646,7.3358,3.9315,2.2390,-1.5868
-1.9776,0.3112,9.4284,2.5486,0.5556,-3.5859,-9.2464,-9.6391,3.7038,3.9808,3.3837,-0.1684
-3.6966,1.4102,9.0022,3.0824,0.8451,-2.9549,-10.6350,-8.5401,0.9505,3.7591,3.1372,1.3980
-4.7022,2.4756,7.3287,3.6353,1.1028,-1.6078,-9.7659,-6.1339,-1.7286,2.9567,1.8912,3.1737
-5.7964,3.3208,4.7285,3.4656,1.6674,-0.2034,-7.8506,-2.9329,-3.2322,1.4954,1.4530,3.3578
-5.6767,4.5753,4.2114,2.5583,2.7118,1.3740,-10.0221,-2.0542,-3.7757,-0.5087,1.6718,4.3656
-5.0542,4.3359,1.2522,1.5675,3.2686,2.4164,-6.3422,0.7853,-4.3167,-2.5175,0.3714,4.3656
-5.1906,4.8698,0.6225,-0.3989,3.4701,2.9196,-5.0973,2.2266,-3.7733,-4.3052,0.3996,4.0927
-4.2258,4.4867,1.1181,-2.0193,3.6853,3.0948,-4.5849,2.0327,-2.7461,-4.3657,0.2330,3.5228
-2.9377,2.8180,0.9290,-3.7903,1.9974,2.8110,-0.3711,2.2553,1.9968,-4.3657,-1.0377,1.5248
-0.6967,1.4533,4.6328,-4.3657,1.2177,2.1607,-0.4190,0.2394,3.7852,-4.3657,0.9156,-1.6230
0.5938,1.1109,9.1818,-4.3657,0.6154,1.0154,-4.1563,-3.7134,6.2321,-3.9362,1.1358,-4.2254
1.7166,0.6776,11.5568,-3.9443,-1.9116,-0.2579,-6.9288,-6.8474,9.9072,-1.5986,-0.3625,-4.3657
3.6775,0.3089,12.6462,-2.8304,-3.6071,-1.7259,-5.0206,-7.5753,11.4227,0.6519,-1.8182,-4.3657
2.0901,0.2490,13.5081,-1.2999,-2.3840,-3.0676,-7.2185,-9.9695,11.6526,1.8004,0.6832,-4.3657
0.6009,0.3400,14.8512,0.4230,-1.1927,-3.4823,-11.0947,-12.0955,10.5704,3.2607,2.2375,-3.6657
-0.5459,0.2203,10.9702,1.8979,-0.4506,-3.6515,-10.2161,-10.3022,5.7796,4.1065,2.3411,-0.9850
-2.5522,0.3448,8.2935,2.5285,0.2535,-3.4326,-7.5753,-7.5298,1.9345,3.9666,2.7204,-0.0049
-4.7908,2.0303,8.5952,2.8807,0.4182,-2.5234,-10.8122,-6.9360,-0.0503,3.3593,2.5675,1.0575
-5.4540,3.2729,7.1658,3.3951,0.6668,-1.3516,-11.3581,-5.3223,-1.1492,2.5981,1.2710,2.5378
-5.3127,4.0606,5.3103,3.2570,1.3792,-0.1689,-9.3302,-3.0406,-1.4605,1.6824,1.0018,3.8161
-5.2313,4.7309,3.5362,2.7820,2.2056,1.0411,-7.3909,-0.3041,-1.5251,0.1054,1.1499,3.6176
-4.4628,5.2529,2.6815,1.9468,2.9763,1.9029,-8.3342,0.6201,-2.4229,-1.1478,1.6551,4.1069
-4.8387,5.4875,1.4868,0.6371,3.1766,2.3032,-6.1507,1.9728,-2.8539,-3.0068,0.5212,4.3656
-4.4221,5.2385,0.8021,-0.8343,3.2251,2.8078,-3.5219,3.9911,-0.7063,-3.8436,0.4293,2.7436
-2.4588,4.5418,0.5986,-2.5602,2.6701,2.4750,-2.0016,4.5107,-0.6943,-4.3657,0.9164,0.9297
-1.5323,3.4046,2.1093,-4.2076,1.6226,1.9144,-1.5083,2.5929,0.3041,-4.3657,-0.1103,-1.1322
-0.3543,1.9848,3.6679,-4.3657,0.2529,1.2999,-1.8842,-0.7518,2.2458,-4.3657,-0.1315,-3.3369
1.5012,0.2801,6.2560,-4.3657,-1.0031,0.4884,-2.3224,-4.0103,4.5179,-3.9772,-0.5423,-4.3657
2.7078,-0.7278,10.7164,-4.3657,-2.9664,-0.7013,-3.5913,-7.5824,9.8689,-2.2981,-1.0721,-4.3657
1.8100,-0.2466,16.2016,-4.0714,-2.7259,-1.8615,-8.5497,-11.6717,10.6542,-0.1621,0.2229,-4.3657
-0.1867,-0.1867,17.5280,-1.0275,-1.9756,-2.2705,-14.6812,-14.9255,10.7380,1.6497,0.9541,-3.8377
-0.3735,-0.6536,14.1090,1.0985,-0.6761,-2.2376,-11.5688,-12.6845,8.5497,2.8948,0.4130,-0.1259
-0.9409,-0.5626,9.9024,2.6011,1.1969,-2.2600,-8.1020,-9.6199,4.8052,3.0263,2.8228,1.3094
-2.2505,0.4621,9.4667,3.1255,1.3428,-1.9641,-7.7788,-7.2808,1.9513,3.1979,2.6091,1.8490
-3.3639,1.6233,8.1187,3.7611,0.9654,-1.5589,-9.2320,-5.8514,0.2346,3.0631,1.8639,2.9752
-2.9904,2.4684,6.6918,3.7302,0.5345,-0.8575,-7.2592,-3.2226,0.5339,2.6825,0.4828,2.5952
-3.3375,3.5578,6.9599,3.9802,0.6315,-0.7601,-8.9040,-3.1125,1.9656,2.6823,1.1425,3.1505
-3.6129,4.7525,5.4229,4.1175,0.8909,0.0080,-8.9016,-1.3312,-1.3240,2.4750,0.3668,3.7988
-4.7597,5.4396,1.0271,3.4912,0.9914,0.7999,-6.1723,2.4397,-4.5394,0.9050,0.0093,3.9310
-4.0247,5.8131,-1.8100,1.4735,1.3538,1.7271,-3.9480,4.9704,-3.3495,-1.1334,-0.7917,3.0646
-3.5291,6.5194,-1.9920,-0.7214,2.5959,1.9606,-4.8914,5.1092,-3.1029,-3.5093,1.0978,2.5707
-3.8427,6.0861,-0.0144,-2.4656,3.6004,1.9673,-4.0725,4.1061,1.6544,-4.3657,1.4193,1.5585
-3.8211,5.3032,2.8754,-3.5112,3.6688,2.0960,-6.0286,2.6791,0.4190,-4.3657,2.5118,0.1214
-1.9585,3.4884,4.6112,-4.3657,3.0192,1.8079,-3.9768,1.7047,0.5698,-4.3657,1.2804,-1.3709
1.0415,1.5730,5.5881,-4.3657,0.0602,0.6678,-2.2051,-1.4461,6.9240,-4.0289,-0.2284,-3.2015
2.3822,0.9601,10.4914,-4.3657,-1.7182,-0.5678,-3.4309,-3.9337,8.3199,-1.8583,0.0019,-4.3657
1.5658,1.2139,12.5576,-3.1546,-2.2880,-2.3788,-6.4069,-7.1323,10.2496,0.5536,0.3003,-4.3657
0.1796,1.3934,13.2543,-1.8095,-3.1969,-3.1772,-9.2727,-9.8881,9.9120,2.4828,-0.2490,-4.3657
-0.7159,0.9601,14.0947,-0.1994,-2.4175,-3.7331,-12.0189,-11.2168,8.0134,3.3701,1.5348,-3.8059
-2.0806,0.9553,12.3301,1.2720,-1.4033,-3.7437,-11.2815,-10.5010,6.3207,3.9691,1.0043,-1.7295
-2.2003,0.7829,10.2639,2.2533,-0.6471,-3.5822,-9.5720,-8.9926,4.2952,4.2126,2.4047,-0.3857
-2.7078,1.8076,8.7436,2.9343,-0.2843,-3.1252,-9.7133,-6.9432,1.1923,4.0517,1.7820,1.1911
-4.3191,3.4117,7.2329,3.1335,-0.1873,-2.1510,-9.1842,-4.3670,0.7733,3.3953,0.9369,1.8831
-4.1037,4.1084,5.5881,3.0200,0.6555,-1.3763,-8.6646,-2.4157,-0.4238,2.4269,1.5332,2.3138
-4.8746,4.9608,4.5562,2.8005,1.3219,-0.3608,-9.0142,-0.8643,-1.7382,1.4755,1.0884,2.8582
-5.3367,5.7006,2.1380,2.1575,1.5087,0.7017,-9.1794,0.6153,-2.7845,-0.0823,0.7461,3.0358
-5.4588,6.0645,1.5036,0.9451,2.5614,1.7519,-6.5314,2.8252,-2.5474,-1.8159,0.6466,3.1297
-4.1396,5.8275,1.6783,-1.4979,3.6884,2.5700,-6.6463,2.6935,-0.6512,-4.3657,1.3354,2.6229
-2.3774,3.8930,3.6344,-3.6608,2.9400,2.0339,-4.0414,2.2505,2.1715,-4.3657,1.4677,0.1029
-0.4334,2.7246,6.5577,-4.1108,1.6022,1.0830,-6.0478,-0.2059,3.1340,-4.3657,1.5588,-0.8272
1.6712,1.6041,10.3406,-3.7631,-1.1971,-0.4076,-1.8340,-0.8691,8.3246,-2.2114,-1.3186,-2.4233
2.7749,1.1109,8.9064,-2.7729,-4.1351,-2.0911,-2.2482,-4.3886,11.1522,0.5077,-1.9501,-4.3657
3.3591,0.1676,12.7180,-2.6530,-4.0526,-3.3700,-5.7461,-8.2408,11.2264,2.4175,-0.2020,-4.3657
0.1700,0.2969,12.3325,-1.0080,-2.4581,-4.3657,-8.0780,-9.9551,7.8027,3.6520,1.5875,-4.3657
-1.6041,0.8308,11.9064,-0.2188,-2.5169,-4.3657,-11.0061,-11.1306,6.4643,3.8872,0.7155,-4.3657
-1.3503,0.5794,11.9806,0.6932,-0.9172,-4.2521,-11.4275,-11.0301,6.6559,3.9467,2.3282,-2.4630
-3.2034,0.8045,10.0485,2.3325,0.7665,-3.7819,-10.3070,-9.0740,1.8459,3.9101,3.3660,-0.5397
-4.1061,1.4437,8.9639,2.7058,0.2665,-2.9352,-10.6255,-7.4101,0.6919,3.6884,1.9453,1.4675
-5.0135,2.4014,7.4124,3.3237,0.4151,-2.1096,-10.4004,-5.3103,-1.3455,3.2363,1.3888,2.7259
-5.9855,3.9504,5.7940,3.1825,0.8243,-0.7202,-8.1762,-1.7286,-2.5139,2.2122,0.4277,3.1672
-5.3606,4.7980,2.8491,2.8240,1.5354,0.5304,-8.9902,-0.1915,-3.3040,0.4840,0.9008,3.1167
-4.8363,5.6886,2.3463,1.6382,2.3093,1.4562,-8.6646,0.9984,-1.7334,-1.0491,0.5801,3.6329
-4.8100,5.8826,1.5155,0.5891,2.9675,2.1565,-6.2273,2.7150,-1.9920,-2.5836,0.9070,3.6740
-4.5418,5.3678,0.8954,-0.9433,3.3624,2.8461,-4.8770,3.4189,-1.3264,-4.0296,1.1095,2.8280
-3.5243,4.5801,1.4868,-2.4858,3.5361,2.9238,-3.8690,3.4069,-0.6823,-4.3657,1.6289,1.6236
-2.4780,3.1220,2.6217,-4.0219,2.7251,2.6133,-3.6320,1.7741,-0.1772,-4.3657,1.0532,-0.0766
-0.4381,1.2402,4.5107,-4.3657,0.8759,1.8546,-0.6321,-0.1030,3.9528,-4.3657,0.0901,-2.3001
5.8131,-1.5155,10.1394,-4.3657,-1.6233,-0.0646,0.8643,-4.8937,12.7228,-2.7632,-0.2725,-4.3657
5.2720,-1.0127,17.0228,-3.1197,-3.8749,-2.9198,-5.0829,-10.7021,16.2494,2.0163,0.5411,-4.3657
1.2163,1.0702,17.9900,-0.4775,-4.1745,-4.3657,-12.1147,-14.1402,11.6047,4.3656,-0.2593,-4.3657
1.0846,0.6608,14.1186,1.0741,-2.7115,-4.2883,-13.8457,-14.0181,9.6271,4.3656,1.0444,-3.2263
-0.8930,0.6656,8.8681,2.5041,-0.0091,-4.3657,-9.6630,-9.7755,5.3271,4.3656,2.8793,-0.2370
-4.8578,1.6807,8.2289,2.9103,0.6992,-3.8502,-9.4212,-7.5609,-0.1101,4.2080,3.4875,1.0074
-5.3367,2.8515,7.3119,3.3874,0.5524,-2.4728,-8.8538,-4.1348,-2.2410,3.6773,1.7929,1.6721
-6.7014,4.0199,3.8188,3.2650,0.8767,-0.9613,-9.8282,-3.0765,-2.7126,2.5706,1.8365,1.9205
-5.7150,5.0781,3.8547,2.3634,1.2947,0.4241,-9.9311,-0.9433,-4.3024,0.8982,1.4819,2.3764
-5.8012,5.6383,2.0039,1.7575,2.3606,1.3781,-7.8027,1.0415,-4.0390,-0.9590,0.6191,3.0036
-5.1787,5.4731,1.6185,-1.1644,4.3656,2.9018,-7.5489,1.3886,-3.4237,-4.3657,1.6558,2.9358
-4.9680,4.6208,2.2146,-2.5134,4.1378,3.1487,-6.5218,0.9242,-1.7142,-4.3657,0.8929,2.3824
-3.3327,3.5195,2.9736,-3.8219,2.8336,2.9565,-3.9049,1.1516,0.3184,-4.3657,0.1363,1.0962
-1.4150,2.1787,4.1492,-4.3657,1.5246,2.3639,-1.6975,0.5243,1.5730,-4.3657,-0.1745,-0.9252
1.7933,0.3424,5.8514,-4.3657,-1.0112,1.5034,-0.3065,-2.3128,6.2584,-4.3657,-1.4450,-3.3524
4.3144,0.3400,11.9686,-4.3657,-2.9320,-0.2946,-3.9097,-6.7205,14.7746,-1.6335,-0.9994,-4.3657
4.6902,0.8739,16.9366,-2.4541,-2.6589,-2.2386,-7.3598,-9.8713,14.3197,1.6818,0.1468,-4.3657
2.3343,0.8404,15.9454,0.0445,-2.5367,-3.0892,-12.4091,-12.7348,11.6741,3.4482,0.5100,-4.3657
1.4102,0.3017,11.8298,1.2825,-1.4590,-3.8361,-10.4459,-10.6470,8.6694,4.2809,1.2640,-1.0076
-1.5586,0.6464,9.6534,2.5595,0.3202,-4.1111,-7.6710,-7.8338,3.5291,4.3656,2.8759,-0.2525
-4.2306,2.0470,9.1889,3.1558,0.4214,-3.3093,-10.4483,-7.0198,1.0127,4.0837,2.8730,0.4955
-5.5665,3.8618,7.4915,3.9479,0.5845,-2.2841,-12.8760,-6.0765,-0.7183,3.5575,2.0603,2.2599
-6.4165,4.3407,5.0973,4.3636,1.2372,-1.0363,-9.9958,-2.9951,-3.6320,2.7845,1.4169,3.3293
-6.1675,4.6855,1.1301,3.5960,2.0035,0.4928,-6.8666,0.4980,-5.5833,0.8981,1.0686,3.9804
-5.1499,5.2170,-0.9218,1.7591,2.4666,1.5517,-5.6814,2.8180,-6.1196,-1.4915,0.7622,3.9837
-5.4731,5.5354,-0.1317,-0.3503,2.9969,2.1661,-4.7094,3.7493,-3.8235,-3.5161,0.6316,2.6084
-4.3646,5.5330,0.1556,-2.0311,3.0475,2.4988,-5.2625,3.1987,-1.9345,-4.3657,0.6643,1.6525
-3.9289,4.8076,1.6400,-3.3638,2.8074,2.5078,-4.9584,2.2051,-0.8571,-4.3657,0.2290,0.3765
-1.7334,3.3854,3.6775,-4.3657,2.0408,2.1882,-2.9856,1.0008,1.5419,-4.3657,0.1140,-1.1495
0.0670,2.4612,5.0996,-4.3657,0.1270,1.4698,-3.1675,-1.8747,6.5793,-4.3657,-0.5766,-3.0201
1.2737,2.2841,10.6063,-4.3657,-0.4453,0.6993,-6.2968,-4.8746,8.4132,-2.7653,0.3504,-4.1637
2.6169,2.1691,13.1609,-2.5634,-1.6978,-0.8318,-9.1650,-7.5417,11.5568,-0.0438,-0.1563,-3.8788
1.0822,1.5754,14.6405,-0.9101,-2.1934,-2.0578,-9.3637,-8.7843,10.6255,2.1140,0.0596,-3.1634
-0.3855,1.3862,13.2351,1.1090,-2.0777,-2.8935,-10.3214,-9.4930,8.5425,3.6667,0.9241,-2.3060
-1.2282,1.5012,10.9487,2.2115,-1.7233,-3.4198,-9.7755,-8.5234,5.5258,4.3656,1.2820,-0.8336
-2.9999,2.3487,9.0525,3.0936,-1.2373,-3.5133,-10.4076,-7.3287,2.9975,4.3656,1.8652,0.3917
-4.7046,3.5219,7.5441,3.6004,-1.1205,-2.8617,-10.1251,-5.3151,-0.0072,4.3656,1.3776,1.3584
-5.9209,4.6232,4.7046,3.8329,-0.4732,-1.8732,-8.7077,-2.4325,-3.0382,3.7647,0.8715,2.3752
-5.9041,5.7557,2.0973,3.1147,0.3613,-0.3612,-8.9807,-0.3304,-4.6040,1.8191,0.7366,2.8336
-5.8849,6.6798,0.3160,1.8326,1.4490,1.1662,-9.6534,1.1827,-5.7964,-0.8639,0.6520,3.6559
-6.0094,6.4715,-0.6416,0.2458,3.3746,2.4435,-6.0885,2.8659,-4.5753,-3.4660,0.1976,3.6774
-4.6855,5.9280,0.3017,-1.8767,4.3656,3.1898,-7.6519,1.5275,-2.5762,-4.3657,2.5159,3.0285
-4.5993,4.5059,2.6815,-3.2330,4.3656,3.3296,-5.3798,0.8428,-0.5698,-4.3657,1.5568,2.2106
-1.5826,2.7246,3.8116,-4.3588,2.8001,3.0478,-3.0909,0.1772,3.5602,-4.3657,0.0506,0.6773
1.3144,1.5562,6.4739,-4.3657,1.0424,1.9589,-0.7374,-0.4094,7.2832,-4.3657,0.1723,-1.7725
2.0231,1.8579,10.2879,-4.3404,0.4868,0.4910,-4.8028,-3.6847,9.4954,-2.7711,0.9112,-3.9042
2.1739,2.1404,13.4770,-2.8774,-0.4231,-1.2125,-8.2217,-6.1938,9.9742,-0.2894,1.4905,-4.3657
1.4940,1.8100,13.9630,-1.0235,-2.5738,-2.3626,-10.5584,-8.2552,10.7859,2.4308,-0.5514,-3.8534
-0.1245,1.1899,12.8210,0.5215,-2.8976,-3.6143,-8.9280,-8.1163,8.2025,4.2439,0.1607,-2.9804
-1.7047,1.5012,10.3956,1.4480,-2.8667,-4.0139,-8.6933,-7.7907,5.3917,4.3656,0.3126,-2.6662
-2.5091,1.9728,8.5784,1.7333,-2.1984,-3.8020,-9.3853,-7.2736,2.7270,4.3656,1.1054,-2.1272
-3.8810,3.4692,7.3981,1.9705,-1.0996,-3.0934,-11.0612,-6.0789,0.5650,3.6675,1.5504,-1.0325
-4.8219,4.8602,6.7205,1.9931,-0.3115,-1.8720,-13.0053,-5.3391,-0.3855,2.3900,1.2384,1.2209
-4.9608,5.3127,5.9280,2.1707,0.8855,-0.4426,-10.2783,-2.8539,-1.3001,1.1002,0.8038,2.6420
-5.4109,6.0454,4.1372,2.0195,1.7810,0.9058,-10.7931,-1.5610,-1.5897,-0.4209,1.1218,3.3846
-6.3949,5.9304,2.9090,1.2866,3.2743,2.4208,-7.8458,0.7542,-3.6990,-2.3299,0.7274,4.1208
-3.7421,5.0781,0.3304,-0.1543,4.1184,3.5842,-6.6679,0.4932,-2.7102,-4.3657,1.0932,3.9591
-3.4381,4.0366,1.8196,-2.1470,4.3656,3.2147,-4.4436,1.4485,-0.0910,-4.3657,1.8823,2.6970
-2.9305,3.2585,3.5362,-3.4302,4.3260,2.4357,-4.0893,1.0032,0.4597,-4.3657,1.9754,0.9162
-1.5514,1.7214,5.7652,-4.3657,2.4688,1.6097,-3.3208,-0.3089,2.8970,-4.3657,0.7542,-1.0668
0.2203,0.9002,8.2121,-4.3657,-0.2205,0.3710,-3.1891,-2.5522,6.3422,-3.1597,-0.1689,-3.3372
0.7614,1.0582,11.9806,-3.5932,-1.7264,-0.8904,-7.2616,-6.2201,8.9352,-0.7184,-0.2810,-4.3657
2.9185,0.0862,13.4099,-2.0847,-2.4857,-2.6390,-8.2648,-9.0453,11.6478,1.6759,0.0525,-4.2280
-0.3711,-0.1963,15.4354,0.1495,-2.4849,-3.9908,-9.9766,-11.0540,9.5050,4.1438,0.8829,-3.7153
-1.1540,-0.2801,12.1099,1.6282,-2.4142,-4.3657,-9.9527,-10.9846,6.1196,4.3656,1.0966,-2.3256
-1.2043,-0.2131,9.4930,2.2488,-1.5453,-4.3657,-7.9224,-9.1746,3.9648,4.3656,1.8429,-1.2391
-4.5226,1.0606,8.3246,2.8193,-0.7906,-4.1828,-8.8370,-7.8075,0.1820,4.3656,2.4128,-0.8035
-5.5234,2.7964,6.7828,2.8517,-0.3611,-2.7844,-11.9926,-6.6511,-2.2386,3.6896,1.8795,0.5361
-6.3087,4.0270,5.5617,2.7835,0.5081,-1.4346,-10.5345,-4.0486,-3.1771,2.2384,1.2594,2.1039
-6.3638,5.0063,4.1659,2.4788,1.4434,0.1737,-10.4555,-2.4110,-3.7302,0.5373,1.2537,2.7753
-5.6479,5.3750,3.4213,1.8114,2.4268,1.4188,-8.7484,-0.8212,-2.7533,-1.0647,0.9646,3.5761
-4.6783,5.3223,2.7390,0.9918,3.0531,2.1480,-8.0541,0.2274,-1.9776,-2.3427,1.0086,3.7418
-4.1827,5.3103,2.2649,-0.1312,3.1381,2.4420,-6.4260,1.6257,-1.3886,-3.3727,0.7875,3.2193
-3.3016,5.1475,2.3296,-1.2738,2.7956,2.4980,-4.9847,2.5786,-0.7733,-3.9807,0.3379,2.2600
-2.5307,4.8626,2.8180,-2.2672,2.1244,2.1045,-4.8698,2.2865,0.3831,-4.2177,0.0228,1.2200
-1.3862,3.8403,3.5075,-3.3540,1.2604,1.6776,-3.9528,1.2546,1.9249,-4.2364,-0.5817,-0.0945
-0.1460,2.1644,4.9129,-4.2503,-0.2364,0.9840,-0.8356,0.2801,3.1723,-3.7587,-0.7931,-2.1972
1.6328,0.7829,7.0533,-4.3657,-1.8235,-0.0867,-1.5251,-3.2010,6.4763,-2.6316,-0.9260,-4.3657
1.9441,0.3400,9.3350,-4.1459,-2.6473,-1.2377,-4.5753,-6.7397,8.0349,-1.1030,-0.7477,-4.3657
1.7334,0.1724,13.7068,-3.3326,-2.9958,-2.2448,-8.7700,-10.7069,9.4619,0.4908,-0.0518,-4.3657
1.6783,-0.2586,15.3899,-1.3965,-2.4728,-2.2715,-11.7651,-13.0652,10.1682,1.5599,0.2783,-3.9269
2.3224,-0.8021,14.0611,0.5191,-0.8071,-2.6029,-10.6949,-12.8329,11.1785,2.5932,0.9734,-1.3823
1.7669,-1.1037,11.4036,1.9752,0.5950,-3.1109,-6.2656,-9.7923,7.1419,3.5813,2.6794,-0.0730
-0.5578,-0.5746,9.1530,2.7853,0.5285,-3.2736,-5.9400,-8.2313,3.7757,3.9791,2.8440,0.0288
-2.7821,1.9896,8.4084,3.3594,0.1560,-2.7888,-8.1977,-6.6367,1.4437,4.1039,2.3303,0.6428
-3.4261,2.8228,6.4667,3.4240,0.1458,-1.8556,-9.0980,-4.7214,-0.7973,3.2361,1.5071,1.4954
-4.2928,5.1571,4.4676,2.6085,1.9869,0.1695,-9.5098,-2.1548,-1.1492,0.5305,1.6206,3.1251
-4.6855,5.2864,3.9145,2.1837,2.7864,1.1718,-8.7388,-0.5818,-2.1117,-0.7222,1.3784,3.6276
-4.8650,5.8466,2.7246,1.3931,3.2315,2.0430,-7.4986,0.9792,-1.6688,-1.9347,1.2304,3.3414
-4.4939,5.9233,1.7166,0.3894,3.5409,2.4241,-6.3063,2.3870,-2.5714,-3.1091,1.1612,2.9002
-3.6871,5.7437,0.9242,-0.9439,3.1277,2.6538,-6.0621,2.9161,-2.6863,-4.2033,0.0380,2.2441
-2.3535,4.9823,0.9936,-2.5975,2.5791,2.4660,-3.5554,2.5714,-0.3424,-4.3657,-0.6177,1.4173
-1.4509,3.4979,2.5187,-4.0877,1.6751,1.8658,-1.7286,1.5754,0.9864,-4.3657,-0.3616,-0.5509
1.4868,1.0750,8.4324,-4.3657,-1.2999,0.4898,-4.6017,-4.7764,6.5841,-3.2937,-0.2655,-4.3356
2.1548,0.8811,12.0644,-4.3475,-1.7989,-0.7099,-6.7947,-8.0206,9.6151,-1.5976,-0.2694,-4.3657
1.4748,1.0606,16.7187,-2.6309,-2.6688,-1.1503,-11.3725,-11.5712,12.4738,0.4903,-0.1885,-4.2282
2.4780,0.4238,15.1744,0.0117,-1.2957,-1.8193,-11.5041,-11.9471,11.2264,2.1149,0.8823,-1.8313
-1.8411,1.3455,8.7293,3.0250,0.3921,-2.9914,-7.9655,-6.5553,2.0231,3.7263,2.5403,0.9537
-4.7238,3.5338,6.0166,3.4167,0.1892,-1.9422,-8.5760,-3.5027,-1.5371,3.0220,1.4021,1.7516
-5.4348,4.3551,4.4341,3.1467,1.0272,-0.9737,-8.6072,-1.7621,-2.8683,1.9096,1.2688,2.0803
-5.9113,5.4085,2.2577,2.3615,1.4501,0.3114,-8.7652,-0.4573,-4.3072,0.3008,0.7719,2.5206
-5.9711,5.6479,1.9776,1.2159,2.2661,1.4778,-9.2775,0.0120,-3.9217,-1.5863,0.8098,2.9627
-5.8610,5.6168,1.7142,0.2269,3.0291,2.1233,-7.4484,1.2258,-2.6097,-2.9032,0.3094,2.7400
-4.8076,5.5737,1.7765,-1.0648,3.1200,2.4144,-7.3861,1.5802,-1.5921,-3.7419,0.9029,2.0925
-4.2210,5.5162,2.9353,-1.8159,2.4379,2.2982,-6.6942,1.6640,-0.5363,-4.2922,0.1861,1.7676
-3.3902,5.3008,2.9856,-2.4090,1.7965,2.3225,-5.7940,1.6400,1.2785,-4.0878,-0.5332,0.7129
-1.6137,4.0175,3.5650,-3.2194,1.3698,1.9335,-4.1061,1.3575,1.5730,-3.9961,-0.0911,-0.3945
0.5555,2.7150,2.5355,-4.3657,-0.3248,1.1740,-0.4741,1.3958,1.7286,-3.5286,-1.2247,-2.4132
1.5012,1.2905,5.8969,-4.3657,-1.8377,0.4171,-2.0303,-2.8036,6.1244,-3.0590,-0.9405,-4.3657
1.8244,0.9026,11.8657,-4.3657,-2.0131,-0.8648,-6.3183,-8.2911,9.7947,-1.2641,0.4519,-4.3657
0.2897,1.5586,19.5247,-2.2036,-2.4773,-1.3510,-16.2997,-13.4387,11.1163,1.0110,0.7871,-4.3300
2.1883,0.6057,14.4059,0.5792,-1.6842,-1.9842,-13.4434,-11.7316,10.2328,2.5928,-0.7560,-0.5704
0.7230,0.1676,10.3980,1.9513,0.1332,-2.7813,-6.8522,-7.9823,6.7397,3.4637,1.8190,0.6050
-1.7406,1.0439,9.1889,2.5556,0.1314,-3.0880,-7.4699,-6.5050,2.4205,3.6805,2.8730,0.4469
-3.3112,2.6384,8.4156,3.0958,-0.2730,-2.7101,-9.9982,-5.6192,0.9601,3.7607,1.1988,1.2757
-4.6495,4.1492,6.1866,3.4073,0.1529,-1.8069,-9.5433,-3.2202,-1.4916,2.9755,1.1461,2.1436
-5.1547,4.9057,3.9504,3.1304,1.0706,-0.6105,-8.5928,-0.9912,-2.8587,1.7437,1.0147,2.3198
-4.9344,5.4085,2.5211,2.3374,1.8587,0.4049,-8.7053,0.1724,-3.5530,0.1816,1.1634,2.2468
-5.2577,5.5617,3.0933,1.3197,2.1284,1.1584,-7.8314,1.1420,-2.8276,-0.8724,0.6383,2.1040
-4.1731,5.6024,1.8555,0.3592,1.6566,1.6686,-7.3143,1.6927,-2.7653,-1.9497,-0.0085,1.8904
-4.0342,5.6862,1.3072,-0.9374,1.7341,1.8678,-6.1268,2.5498,-2.4972,-2.9334,-0.2611,1.3388
-3.8188,5.3941,1.2163,-2.2831,1.8229,2.0360,-5.5162,2.1715,-2.0614,-4.0223,-0.2725,0.3804
-1.7765,3.6583,1.0175,-3.8945,1.3611,2.1933,-3.2848,0.8068,0.2107,-4.3657,-0.6700,-0.8877
1.1612,2.3200,3.8547,-4.3657,0.1611,1.8017,-2.9736,-1.3767,5.1715,-4.3657,-0.2894,-2.5429
0.5578,1.4653,10.1107,-4.3657,0.2292,0.9104,-5.5450,-4.9728,7.3837,-3.3365,0.9268,-4.0665
1.3599,1.1013,16.0675,-3.0614,-1.5555,-0.4409,-11.0061,-9.1482,9.9048,-0.5568,0.1230,-4.1516
1.9273,0.3591,15.0476,-0.8997,-2.4271,-1.8923,-11.5017,-10.7595,12.0764,2.0661,-0.8390,-2.4164
0.9936,-0.3639,13.0197,1.3833,-1.0516,-3.5176,-8.3749,-9.8378,8.3462,3.9207,1.8788,-1.3233
-0.6560,-0.3232,9.4308,2.0947,-1.4602,-4.1312,-6.5362,-7.9248,3.5123,4.3656,1.5424,-0.9606
-2.3008,1.1756,7.7405,2.1178,-1.5019,-4.1504,-7.8937,-7.1275,1.5897,4.3656,1.9584,-0.8977
-4.2832,3.1077,7.9320,2.3466,-0.7071,-3.4773,-12.1865,-7.3550,-0.2705,3.7026,2.0799,0.3075
-5.4516,4.3790,7.2113,2.7320,0.0252,-2.1813,-10.9176,-5.0733,-1.7023,2.8919,1.1594,1.8101
-5.6910,4.9297,5.2960,2.8286,1.0251,-0.9130,-10.2520,-2.9832,-3.5099,1.5171,1.3951,2.3926
-5.8538,5.6862,4.0390,2.4584,1.8550,0.3616,-9.7157,-1.6712,-3.1867,-0.0135,0.5766,3.6665
-5.5665,5.5617,2.8730,1.8179,2.3609,1.7018,-6.8977,1.2043,-3.5003,-1.1330,0.1741,2.7564
-3.1675,5.7102,0.1844,0.2749,2.3867,2.1907,-7.0677,1.8411,-2.0135,-2.7323,0.5906,2.8360
-4.6711,6.0406,1.7597,-0.9991,3.2029,2.2366,-5.9999,3.0167,-2.7773,-3.6110,0.8179,2.0596
-3.9935,5.3582,1.6017,-2.2135,2.1408,2.4189,-5.2265,2.4708,-1.8411,-4.3657,-0.2310,1.0119
-0.3831,3.4261,1.4581,-3.7686,1.0770,2.2210,-2.2458,2.1284,1.2689,-4.3657,-1.3058,-0.2256
1.4437,1.2929,3.7182,-4.3657,-0.1853,1.2843,1.3743,0.4118,5.4827,-3.9480,-0.6909,-2.9167
4.2401,-0.9026,9.7899,-4.3657,-1.7031,-0.2486,-1.3479,-5.3630,11.2312,-1.9265,0.1375,-4.3657
3.6176,-0.4262,17.0419,-3.6607,-2.2954,-2.3886,-7.8386,-11.4778,12.8138,1.1846,1.1229,-4.3657
0.2682,0.5363,19.6127,-0.3183,-2.4553,-3.2211,-14.8871,-16.4601,12.1865,3.8177,1.1450,-4.3657
0.3615,-0.0311,11.6191,1.7156,-1.2215,-3.2487,-13.9055,-13.6422,6.1172,4.3656,2.3553,0.1256
-3.1987,0.6728,8.7867,2.7099,0.3262,-3.0585,-7.6255,-8.7604,-0.7302,4.3155,2.2934,1.6819
-4.7285,2.4014,8.8322,3.0772,-0.0520,-1.7611,-10.4770,-6.8833,-2.7390,2.8555,2.4684,1.5828
-3.8930,3.5530,8.3486,3.6405,0.7096,-0.7240,-11.2767,-5.4755,-2.1811,1.8454,1.0381,3.1096
-4.2784,4.7716,6.6942,4.2561,1.3542,0.0670,-9.1339,-2.9592,-1.9130,0.8231,0.4851,4.3656
-3.5985,5.1691,4.1228,4.3503,2.0743,1.0932,-8.2839,-0.9218,-0.5435,-0.0071,0.5456,4.3656
-3.1627,6.1459,0.5674,3.6888,2.6560,1.8217,-5.6623,2.0925,-1.9656,-0.8599,0.6976,4.2372
-2.3535,7.0030,-1.5371,2.2119,2.9110,2.2878,-4.5370,4.7764,-1.6376,-1.9028,0.7810,3.6239
-1.6233,7.4939,-2.7581,0.5020,3.1649,1.8779,-3.0023,6.5098,-1.7454,-3.0507,0.7735,2.7198
-2.0901,7.5010,-2.1332,-1.7291,3.4955,1.5312,-3.0430,6.7325,-2.5379,-4.2106,1.2212,0.9371
-1.6616,5.9999,-1.1349,-3.5845,2.6132,1.1947,-3.0335,4.9033,-1.8794,-4.3657,0.3744,-0.7369
-1.1947,2.8515,-1.1420,-4.3657,1.2304,0.6022,2.4086,2.0806,-3.3255,-4.3657,-1.1746,-2.9509
1.0032,-1.4892,2.8084,-4.3657,-1.5414,0.7214,2.1428,-6.4141,6.5721,-4.3657,-1.7837,-4.3657
4.5466,-2.3727,15.3851,-4.3657,-1.4882,-0.4270,-5.9903,-13.2184,14.2168,-2.7049,2.0855,-4.3657
3.6248,-0.1053,19.6127,-3.1564,-1.9684,-1.9689,-13.7140,-14.7938,10.8386,1.2016,1.2450,-4.3657
1.3551,0.9218,17.4346,-0.1210,-3.5765,-2.4733,-12.8880,-14.2670,13.2950,3.2450,-2.7045,-2.2182
1.7454,0.5986,12.7826,2.0350,-0.8677,-2.9052,-10.4435,-11.3437,7.6830,3.7495,2.4074,-0.1124
-2.8994,1.8890,9.6367,3.8311,0.6879,-3.0473,-15.0547,-10.0868,0.2801,3.3141,3.1756,2.3935
-5.3223,4.2473,8.1882,3.8812,-0.4568,-1.3841,-11.2432,-6.4476,-3.2106,2.5487,-1.0768,4.3656
-4.9153,4.4293,5.5043,4.3480,0.0326,0.4125,-5.0566,-0.9266,0.2705,1.8429,-2.6530,4.3656
-1.9656,5.4181,1.6568,3.7764,1.5896,1.2259,-7.5226,-0.5459,0.0503,1.0040,1.4667,4.3656
-2.9018,6.7062,1.1803,2.9114,2.7324,1.7213,-2.3918,3.6464,-0.7973,-0.5934,0.3496,4.3656
-3.2537,7.0054,0.5890,1.8334,2.7777,2.7527,-5.2744,3.7397,-1.6448,-1.8255,0.7954,3.4058
-1.3168,6.5697,-0.6321,0.3980,3.0453,3.3444,-2.0997,5.1164,0.5794,-3.1372,0.6647,2.7038
0.8452,5.9424,-1.3240,-1.1788,3.5486,2.7398,-0.8667,5.2816,2.3774,-4.0438,1.0873,1.4033
0.6560,4.7405,1.1851,-3.2956,3.4331,1.9343,-1.1301,3.9121,1.6520,-4.3657,2.3202,-0.6484
1.0702,3.8882,5.0853,-4.1613,2.6961,0.7886,-3.5051,0.2155,6.6487,-3.9764,1.7877,-2.3061
1.4748,2.3511,7.8434,-4.0914,1.4154,0.1075,-3.8762,-1.7957,4.9536,-2.9533,1.5160,-3.5798
3.9433,0.5842,9.6486,-4.3657,-0.6202,-1.2518,-2.7366,-5.6264,9.4571,-1.2355,0.2224,-4.3657
4.0007,-0.5363,13.3836,-3.5687,-1.7167,-2.6855,-6.6798,-9.2488,11.3102,0.7560,1.1455,-4.3657
2.4181,0.1245,13.7858,-2.2505,-2.6895,-3.7077,-4.7621,-9.6750,11.6693,3.3831,0.3825,-4.3657
1.2426,0.6345,15.0930,-1.0054,-3.8179,-3.9443,-10.7069,-13.0436,6.1651,4.3656,1.3728,-4.3657
-0.5411,0.9697,13.9893,0.8198,-2.5603,-3.9607,-15.0739,-13.0269,5.8754,4.3656,0.9373,-1.7849
-1.1468,1.4150,11.3437,2.2382,-2.0819,-2.9620,-10.4196,-9.2201,2.9640,4.2132,-0.5476,0.5039
-1.7933,2.1620,9.1889,2.6059,-1.1279,-1.9649,-9.0118,-6.8378,1.4198,3.0679,0.8539,1.6618
-2.5187,3.3639,7.9990,3.2743,0.3464,-0.5987,-11.2025,-5.9951,1.2594,1.8267,0.8399,2.4845
-1.9225,4.1635,5.2553,3.1995,1.2825,0.5986,-9.0597,-4.4269,0.3376,0.6106,0.7131,4.3656
-2.6959,4.8363,4.9081,2.9262,2.4922,1.7185,-8.7915,-2.6073,-1.8818,-1.1511,0.9085,4.3656
-2.0830,4.7812,2.2386,1.8864,3.3286,3.0042,-5.7988,-1.4054,-0.5148,-3.5164,0.0334,4.3656
-2.2625,4.7860,3.0287,0.5305,4.3656,3.1969,-6.9240,-1.8890,1.8459,-4.3657,1.5501,4.3656
-1.5706,4.3239,2.0853,-0.3636,4.3416,3.3525,2.3607,3.7445,3.2681,-4.3657,0.8832,4.3656
0.9242,3.2394,0.1796,-2.5250,3.3398,2.7077,1.1372,4.2306,2.3511,-4.3657,1.1538,1.9857
-0.6800,-1.5275,9.4284,-4.3657,2.1057,0.4060,-5.1930,-6.0741,9.0812,-4.3657,4.3552,-1.7765
1.2450,-1.2282,13.8050,-4.3657,1.6840,0.4177,-7.8793,-6.6415,8.9376,-1.6270,2.9332,-2.8750
1.8842,-1.2833,14.8871,-3.1504,0.9844,-0.0077,-8.4611,-6.4835,1.6017,-1.1102,1.9770,-3.9062
3.0191,-2.0327,10.8505,-2.9318,-0.8576,-1.1209,-5.8395,-7.9176,8.0397,-0.0699,-0.2334,-4.1508
3.6919,-2.4732,12.4259,-2.8938,-1.5684,-2.1276,-2.7557,-8.8753,9.2177,1.6618,-0.4116,-4.3657
2.9904,-2.7892,14.2144,-1.6434,-2.5965,-3.3592,-6.9312,-12.0117,6.9145,3.0050,1.1615,-4.3657
1.0343,-1.8459,13.4099,-0.2054,-3.7840,-3.7827,-16.1537,-15.7922,8.8657,4.1689,-0.3604,-2.9877
-2.1356,-1.9273,14.7387,1.8744,-2.6011,-3.4418,-11.6957,-12.5624,3.6224,4.3656,-0.9297,-0.1420
-1.5682,-1.3838,10.6925,3.5687,-1.3340,-2.5053,-10.6422,-10.4483,2.0949,4.3656,0.3583,0.7630
-0.8523,0.8547,8.2265,3.9337,-0.8006,-1.3676,-10.8457,-8.2911,1.1708,3.3517,-0.0081,3.2374
-1.0271,1.5682,7.5729,4.3485,0.2160,-0.5192,-6.0358,-4.8076,1.7549,2.6013,-0.7143,3.9671
-0.7997,3.5051,5.2601,4.3656,1.3386,0.8238,-8.9830,-5.3726,3.2944,2.0374,0.8471,4.3656
-3.1556,4.0582,5.6623,4.3656,3.0700,2.2211,-6.8115,-1.9130,-5.0973,0.0333,1.6743,4.3656
-1.2043,3.8978,-1.0343,3.3092,3.4015,4.1655,-1.3958,0.5507,-0.5411,-2.7669,-1.0992,4.3656
0.0215,3.9097,-1.4533,0.4202,4.3656,4.0481,0.8595,2.6576,0.8763,-4.3657,1.2600,4.3656
1.3144,2.5905,0.5770,-2.5287,4.3656,2.8956,3.8188,3.8738,2.7725,-4.3657,4.3656,1.9064
2.7246,0.1796,5.6216,-4.3657,4.1581,1.6499,-2.0231,-2.6336,5.7652,-4.3657,4.3656,-1.2717
4.5514,-0.4070,14.1449,-4.1631,0.1406,0.9447,-6.0334,-5.8658,11.9806,-2.4656,0.2848,-2.1125
5.4516,0.6273,10.8338,-2.0162,-1.9492,-0.5117,-2.0470,-3.3710,6.6894,-0.2987,-2.8729,-2.8100
5.7389,0.3472,8.6024,-2.7527,-2.9607,-1.2245,-1.3743,-6.4931,13.4722,0.1651,-2.5131,-4.3657
6.2991,-1.3360,9.8641,-2.2965,-1.4937,-2.6023,-2.8922,-7.9679,11.6837,1.4909,1.5809,-4.3657
3.7469,-1.4102,10.2041,-2.3204,-0.4277,-4.2498,-2.7892,-8.7077,7.7309,2.1043,2.1541,-4.3657
0.9553,0.0263,12.5456,-1.8215,-0.5180,-3.9464,-6.4332,-11.6622,8.3222,3.0517,3.1115,-4.3657
-0.4980,0.3160,15.5192,0.0095,-0.9621,-3.2161,-14.5663,-13.4841,3.4237,2.9182,3.5126,-3.6215
0.5267,-0.0527,15.4115,1.9341,-0.9746,-2.6223,-13.8816,-13.3860,7.8817,3.8721,-0.1805,-0.0935
-0.1508,-0.2873,11.7914,4.0333,-0.7374,-2.5495,-10.4459,-10.5345,2.9712,3.9921,1.7284,2.4420
-2.2482,1.0630,7.6806,4.1689,-0.8068,-1.8683,-6.0813,-5.8849,1.6712,3.5891,-0.2705,3.3963
-2.0925,2.8012,4.2090,3.8724,0.2930,-1.0223,-8.5665,-3.7230,-1.8938,2.2262,1.2009,3.6743
-3.0478,5.5330,-0.2610,0.2250,4.3656,2.5154,-4.0869,1.5610,-0.1604,-4.0865,2.0169,4.3656
-2.7845,4.2282,1.4437,-1.3173,4.3656,2.8448,-1.8507,2.6959,1.0104,-4.3657,2.6000,3.3761
-0.7901,2.8084,2.8730,-2.8250,4.3656,2.7680,-3.0670,1.4868,1.2186,-4.3657,3.3741,1.0861
2.4062,0.8715,4.7166,-4.3415,3.1742,1.6594,-0.8116,-0.3089,6.1555,-4.3657,1.8572,-0.4116
3.4261,-1.0151,8.9807,-4.3657,1.6999,0.0837,0.7446,-3.1268,8.7508,-3.2189,1.8021,-3.6347
6.3039,-3.2346,12.0644,-4.3657,0.2240,-1.4558,-0.1484,-9.4595,12.2918,-0.7570,2.3979,-4.3657
4.2210,-3.1412,15.8329,-2.8936,0.1462,-3.8793,-4.2114,-14.7435,13.9654,2.7610,3.8077,-4.3657
-0.1173,-1.6089,19.6127,0.2589,-2.0336,-4.3657,-11.9806,-16.6469,3.3495,4.3656,4.3656,-4.3657
-3.0526,-1.8148,15.1601,1.9283,-4.3657,-4.3657,-15.2104,-16.0100,3.6559,4.3656,-1.2457,-2.3722
-2.2218,-2.0877,9.7707,2.8252,-3.4855,-4.1824,-6.0573,-11.5161,4.0223,4.3656,-1.0557,-0.4259
-1.8148,-0.5243,8.8801,2.4377,-2.5057,-3.6435,-7.5968,-10.0987,2.1404,4.3656,2.8597,-0.7469
-1.5826,0.9146,9.3158,2.5027,-1.7858,-3.1608,-8.9184,-8.7532,2.2505,4.2437,0.7027,0.7615
-1.5945,2.0566,7.7596,2.6422,-0.7953,-2.5708,-9.2727,-7.0342,1.2522,3.2377,1.5219,1.8650
-1.6017,3.2322,7.0054,2.5454,-0.1078,-2.0117,-7.3981,-3.7254,0.9984,2.3890,0.9041,2.2707
-2.7318,4.4436,4.9919,2.4424,-0.0091,-1.2724,-9.0573,-2.5618,0.4094,1.8662,0.5389,2.3681
-3.3279,5.6671,2.9066,1.9185,0.6170,-0.0556,-6.3710,1.1277,-2.8204,0.4030,0.2734,2.4992
-2.4253,6.2369,0.4477,0.6492,1.8390,1.0964,-7.6758,1.5323,-2.9329,-1.9147,0.5788,2.6564
-1.9489,5.5330,-0.4501,-1.3211,3.1070,1.8668,-4.2665,1.9992,-2.0063,-4.3657,0.6599,3.2074
-1.4557,2.2314,0.8882,-3.8014,4.3656,2.1076,-0.6536,0.4597,-1.6065,-4.3657,1.1530,1.8628
0.6129,-3.0981,1.6137,-4.3657,3.8072,1.4028,3.0215,-4.2090,1.8938,-4.3657,2.1538,0.1841
0.8140,-6.9456,6.2010,-4.3657,2.6745,0.1600,1.6257,-9.1722,6.6176,-4.3657,2.6869,-4.3657
2.4588,-8.8298,17.8631,-4.3657,2.8326,-1.0436,-4.3120,-15.9885,8.1642,-3.0920,4.3656,-4.3657
1.9034,-7.1730,19.6127,-2.0037,-1.4841,-2.8209,-12.2727,-19.6133,11.6717,3.2819,3.6255,-4.3657
2.6336,-6.0741,18.1768,1.0115,-4.3657,-3.8485,-12.1027,-18.4761,7.2688,4.3656,-3.7966,-3.2527
1.1564,-5.6862,10.7643,2.9204,-2.7097,-4.3657,-4.0270,-13.7643,5.4229,4.3656,0.3894,-1.3619
-0.1221,-4.2928,8.0589,2.8109,-1.2012,-4.3657,-5.4923,-12.3732,3.5578,4.3656,3.3397,-0.8926
-2.6552,-1.6855,7.7333,2.8927,-0.9666,-3.9353,-7.5513,-10.2951,-0.3735,4.3656,2.1025,1.0365
-2.7054,-0.4932,9.1435,2.8134,-0.0849,-2.6016,-7.2688,-8.5234,-0.1484,3.4480,1.1802,2.1464
-3.1340,0.4094,7.4196,3.2310,1.2227,-1.2764,-8.4420,-6.5912,-1.1684,1.8560,1.9893,2.3098
-3.6272,2.1524,5.9161,2.7889,1.9521,-0.0746,-8.4587,-4.7214,-1.3551,0.4583,1.1383,3.7001
-3.5458,3.2250,4.9871,2.3422,2.6080,1.1290,-9.1028,-3.2777,-1.4198,-1.0174,1.3488,4.1156
-3.8810,3.6081,3.7781,1.3111,3.2917,1.9143,-5.2098,-0.7877,-0.4214,-2.2130,0.9743,4.2005
-3.6847,3.6248,2.7557,0.3186,3.9698,2.6582,-5.5641,-0.0455,-1.2857,-3.5928,2.0426,3.6808
-2.3320,2.6695,2.6767,-1.4142,3.9841,2.7943,-4.4029,0.3615,-0.1796,-4.3657,1.6864,2.7347
-1.8196,1.7047,3.2537,-2.8214,3.6184,2.2504,-4.2521,-0.6105,1.4222,-4.3657,1.8686,1.3114
0.0479,-0.0670,6.6487,-3.6889,2.7558,1.3057,-2.7485,-2.2960,6.5960,-4.2224,1.9308,-0.8182
3.5434,-1.9752,10.7356,-3.6063,1.2877,-0.0043,-2.4062,-5.3056,11.0612,-1.6567,2.2976,-3.2955
3.7397,-3.2202,16.9366,-2.4260,-1.7143,-2.3691,-2.8443,-8.3031,10.2831,2.7099,1.6050,-4.3657
1.9896,-1.9010,15.8712,-0.8013,-4.3657,-4.3657,-7.3646,-12.9478,9.6726,4.3656,-1.6791,-4.3657
-0.4214,-1.0678,15.5001,0.3336,-4.3657,-4.3657,-12.4020,-15.6700,8.7652,4.3656,-0.8164,-4.3657
-3.6847,-0.7183,13.8529,1.8095,-3.3185,-4.3657,-15.3636,-15.6413,3.8427,4.3656,1.2268,-2.6340
-3.3734,-0.2610,8.7101,2.7709,-1.8965,-3.3863,-10.4722,-10.1514,-1.0487,4.3656,0.3195,0.3115
-3.9480,0.9984,6.5194,1.7356,-0.4630,-1.7704,-8.4396,-7.2544,-0.9744,2.0785,0.8314,1.2329
-3.3758,1.6400,7.8602,1.5809,1.5476,-0.7962,-9.9120,-6.9647,1.0008,0.4273,2.0163,2.7320
-3.7230,1.6903,8.2815,1.8870,2.1385,0.0687,-8.4300,-5.2577,0.5195,0.2510,1.4173,2.7447
-4.7094,2.2817,6.1411,1.8616,1.9048,0.6360,-7.1826,-2.9113,-2.2290,-0.3631,1.2375,3.1372
-5.5498,3.2010,4.3024,1.4432,2.3383,1.5880,-9.6271,-2.3272,-3.9840,-1.5511,0.9561,3.2161
-5.7916,3.3160,1.7765,0.4792,2.7877,2.5658,-6.4236,-0.3352,-5.2026,-3.4736,-0.3385,3.7700
-2.6576,1.2067,0.2538,-1.6924,2.7688,2.9740,-1.5251,0.6704,-1.6855,-4.3657,0.0373,2.5019
-4.0701,0.3184,2.4756,-3.4556,2.6341,2.1180,-1.2139,0.0120,-1.7741,-4.3657,2.1036,-0.6686
-1.0894,0.0982,5.6790,-4.1637,0.8687,1.9706,-3.2729,-2.8635,1.7166,-4.0849,0.3420,-2.4241
2.0279,-0.1317,8.2097,-3.6770,-0.6274,1.7245,-4.3239,-5.4851,7.4172,-2.7607,-1.1847,-3.3444
4.5969,0.1413,11.8250,-3.0637,-0.7795,0.4796,-6.7181,-7.0916,10.1059,-1.4012,0.1633,-2.9497
4.0725,0.5148,14.2144,-2.0053,-1.2371,-0.5526,-9.0549,-8.2720,10.1394,-0.0312,-0.7084,-2.2131
1.4198,0.4788,12.9454,-0.9601,-1.4514,-1.0404,-7.7309,-8.7724,9.3039,0.8871,-0.7997,-1.8957
0.0455,-0.4860,13.0723,-0.3212,-0.4894,-0.7899,-10.4028,-10.4866,6.4069,1.6394,1.6301,-2.1296
-1.2402,-0.6201,12.7659,0.7558,-0.3224,-1.2935,-12.2607,-10.3717,3.9600,1.7794,1.5612,0.3055
-2.3727,-0.4764,10.8912,1.4109,-0.4662,-0.9779,-11.0085,-9.0836,2.0830,1.9438,-0.5387,1.3500
-3.2226,0.2658,10.1706,2.2392,-0.4513,-0.8415,-11.3102,-7.8673,0.0814,2.0211,0.9902,2.6951
-3.8355,1.0032,8.4898,2.8402,0.3471,-0.4952,-10.3717,-5.8323,-2.5163,1.1960,-0.0369,3.6367
-4.7333,1.9321,6.0669,2.6203,0.8236,-0.0397,-8.6503,-3.1436,-3.6512,-0.1768,-0.7821,4.0601
-5.8347,3.1005,3.5530,1.9120,1.6029,1.0572,-8.1020,-1.9034,-2.0997,-1.5499,-0.0887,4.0497
-5.6551,3.1915,2.7892,0.7008,2.7254,2.2379,-5.2146,0.5148,-1.7933,-2.5756,0.5648,3.5392
-4.4197,2.7605,2.0351,-0.5104,3.1753,2.8016,-6.3853,0.8571,-3.0143,-3.7632,1.6834,2.9031
-2.9090,2.1332,2.2601,-1.9340,3.0538,2.5069,-2.0973,2.0782,-0.2203,-4.3657,0.7354,1.8231
0.6297,0.2442,2.8252,-3.8263,1.3684,1.6932,3.1627,2.0614,4.7477,-3.8487,0.4606,-1.1111
4.5801,-1.6137,4.9632,-4.3657,-2.1394,0.2779,6.2010,-1.8962,5.4779,-1.4550,-0.5121,-4.3657
6.6295,-2.2075,7.1635,-4.3657,-3.2900,-1.6650,-0.1987,-9.9120,10.7835,-0.2825,-1.4166,-4.3657
3.4764,-1.1756,14.8369,-4.3657,-1.9197,-3.0294,-10.4076,-12.7994,9.3518,1.3467,2.9018,-4.3657
-1.3168,-0.8906,17.2813,-1.4305,-2.6328,-2.8441,-16.0052,-14.0947,6.8498,2.7346,-0.2699,-3.6613
0.0862,-2.9113,12.7276,0.7470,-1.4429,-1.9640,-10.3932,-12.4642,5.3175,3.0840,-1.5112,-0.6223
-1.6807,-3.0550,11.6119,1.5078,-0.0970,-1.7734,-8.1116,-10.0748,1.6281,2.2732,2.0924,0.0177
-0.8643,-2.8706,10.9032,1.5408,-0.7105,-1.3647,-8.5449,-10.2185,5.1739,2.0471,0.0107,0.4712
-1.5419,-1.9513,10.1825,2.1154,-0.6199,-1.4035,-8.6479,-8.7700,1.7933,2.4007,0.1787,1.1618
-2.0949,-0.9194,8.5114,2.3379,0.0109,-0.8458,-7.6638,-7.3717,1.4916,1.9269,0.8114,1.8868
-1.2689,0.0215,8.2193,2.5159,0.4024,-0.4366,-8.6431,-6.2848,2.1620,1.4353,0.6388,2.8324
-1.8387,1.1277,7.1299,2.6809,0.8985,-0.0524,-7.1467,-3.6655,-0.1867,0.8513,0.4952,3.0565
-2.1835,2.7007,4.7501,2.1061,1.2364,0.4866,-8.7005,-2.5283,-1.9537,-0.5219,0.6564,3.9161
-3.1819,3.0885,4.5777,1.1796,1.7164,1.2063,-4.1276,0.1101,-0.9912,-2.1033,-0.5710,3.4262
-2.2697,2.9137,2.5259,-0.2482,1.7908,1.9376,-3.0023,1.2929,-0.2466,-2.8357,0.1224,2.2889
-1.7334,2.4948,1.8459,-1.7789,2.0384,2.0951,-2.6983,1.1229,0.3472,-3.7363,0.7526,0.9463
-0.1365,1.0942,2.6073,-3.3700,2.2152,1.7027,-1.4700,-0.0431,-0.1269,-4.3657,1.3187,-0.4851
2.3918,-1.2067,4.1276,-4.3657,0.1348,1.1167,1.5227,-2.8252,6.0549,-4.0713,0.0541,-2.8626
4.3574,-2.7509,9.7276,-4.3657,-0.4860,0.2847,-1.4844,-7.4005,9.8162,-2.2062,0.8575,-4.3657
5.0973,-2.9209,15.4282,-3.0912,-1.1598,-1.4373,-9.4379,-11.8465,10.4818,0.2455,2.6338,-4.3657
2.4612,-2.6695,14.9781,-1.0836,-1.7600,-2.3367,-9.3565,-12.4786,11.0014,2.8956,-1.1779,-3.3406
2.2314,-3.9504,12.9263,0.6608,-1.7989,-2.9520,-7.9679,-11.9112,5.9376,3.7951,0.4018,-2.4044
-0.4980,-3.4022,11.2312,1.0712,-1.0285,-2.9944,-11.1211,-12.2104,4.5370,3.1249,1.6138,-0.6418
-1.3192,-2.5115,11.4682,1.7221,-0.4417,-2.1988,-9.7755,-10.1179,2.1332,2.7344,0.3264,0.6021
-1.4629,-1.8866,10.2951,2.5241,0.5472,-1.6858,-9.5744,-9.1842,2.9544,2.4245,1.5171,1.9576
-1.9776,-0.6201,8.8753,3.0192,0.9298,-1.0722,-9.8114,-7.1778,0.4741,1.8283,1.1843,2.7511
-3.1939,0.7207,6.7636,3.0734,1.2954,-0.3365,-7.0078,-4.0390,-1.4102,0.8422,0.3836,3.0369
-4.1899,1.8675,4.4173,2.8733,2.3350,0.7268,-8.4084,-2.8467,-1.9393,-0.2137,1.4494,3.5026
-4.4149,2.7438,1.7430,1.8632,2.8162,1.8520,-4.4245,0.3304,-3.6536,-1.7813,0.7520,3.8038
-3.1125,2.2960,0.5650,-0.1087,3.4306,2.5947,-3.0430,1.3671,-2.0351,-3.3789,1.1667,2.6334
-0.9720,1.4988,2.7246,-2.3571,3.1327,1.8899,-0.7685,1.8866,-1.0223,-4.2986,2.1457,0.6580
0.6153,-0.4477,3.7158,-4.1238,0.9028,0.9253,0.3998,-0.6823,2.4756,-4.2332,0.4266,-1.1538
5.6695,-4.2952,8.2720,-4.3657,-3.2795,-0.0494,10.9367,-5.3941,14.3006,-1.6116,-4.3657,-4.3657
12.5863,-4.7285,13.2591,-4.3657,-4.3657,-1.8664,-4.1635,-16.7762,19.3188,0.2454,-0.7757,-4.3657
8.3342,-3.9576,19.6127,-1.5517,-0.8228,-4.3657,-12.1602,-15.5719,15.7634,4.1531,4.3656,-4.2583
2.2625,-4.0845,14.7148,2.1537,-0.7997,-4.3657,-9.9144,-13.1011,7.8434,4.3656,-0.6524,-2.4264
-0.6512,-4.1180,7.6495,1.7645,-1.5771,-4.3657,-4.4819,-10.2951,1.8316,4.3656,0.2503,-1.7825
0.0096,-3.2322,8.1307,1.0444,-0.4467,-3.9298,-6.3159,-8.8585,1.3240,3.3164,2.9356,-1.7489
-2.4852,-1.5395,8.6526,1.1843,0.2936,-2.8132,-10.3286,-8.9711,1.4246,2.2520,1.8206,-0.5990
-2.9329,-0.5100,9.7061,1.5102,0.8721,-1.5777,-9.4930,-7.5872,1.0175,1.5178,1.5211,0.8966
-2.9592,0.4166,8.0493,2.1546,1.9645,-0.4850,-10.5872,-6.7564,0.1245,0.6442,2.0081,2.3590
-5.3726,1.6688,6.8139,2.4457,3.2107,0.8917,-9.8857,-4.8866,-2.9880,-0.8404,2.0777,3.7759
-5.2002,1.6424,4.1180,1.7881,3.5297,2.5759,-6.1794,-2.5762,-3.5171,-2.5968,1.0194,4.3336
-4.7453,1.5323,1.0247,0.0973,4.0468,3.5607,-4.9608,-1.1684,-3.6943,-4.2437,1.2576,3.7876
-5.1978,0.7709,0.3687,-2.1806,4.3656,4.1446,-3.7302,-1.1133,-5.9999,-4.3657,2.4588,3.3305
-0.1269,-3.7110,4.3048,-4.3657,3.7378,3.7535,-0.1341,-5.2194,-0.5195,-4.3657,1.1526,1.0957
1.3240,-4.3000,10.1131,-4.3657,1.0978,2.1813,-3.2010,-9.1291,10.0317,-4.3657,0.4050,-2.3173
2.0518,-3.5841,15.0116,-3.8271,1.0581,0.8339,-10.0173,-10.4746,9.6103,-2.9553,2.3651,-2.2849
0.5124,-2.4708,15.3061,-1.3062,-0.4138,-0.5120,-12.5049,-9.8809,6.5960,-0.2550,0.4068,-1.1803
-0.2418,-3.1316,13.1849,0.3130,-2.0458,-1.3310,-10.2807,-8.4611,5.1308,1.6803,-2.7057,-0.0181
-1.3862,-2.2338,10.7643,0.8851,-2.1907,-2.1637,-8.5305,-7.1275,5.2529,2.4034,-1.8278,-0.1055
-1.3647,-1.6448,11.8321,0.9338,-2.0713,-2.4323,-8.9639,-6.5745,4.3287,2.8078,-0.9065,-1.2750
-1.1372,-1.7813,11.6837,1.6546,-2.4062,-2.4982,-10.9032,-7.6112,5.3798,3.2857,-1.3956,-1.1776
-1.1396,-1.2498,11.0109,2.2615,-1.9280,-2.5808,-9.8306,-7.0509,5.5258,3.9193,-1.2319,-0.5903
-1.3958,-0.5650,9.8450,2.9068,-1.5763,-2.4301,-9.3709,-6.6343,4.8339,4.3656,-0.2866,-0.1760
-0.8667,0.3519,8.8585,3.1776,-1.5078,-2.0199,-9.3781,-4.9297,2.0039,4.1908,-0.7273,0.3199
-2.2075,1.7837,6.6942,3.4107,-0.5974,-1.3454,-6.7804,-2.9401,2.2649,3.5900,-0.9601,0.6350
-1.8435,3.0191,5.1020,3.3314,0.8404,-0.4415,-9.2703,-2.0590,1.1708,2.7063,1.1382,1.4849
-2.3463,4.3551,2.5666,2.6404,2.1811,0.1759,-6.3063,1.6209,-4.3622,0.4318,1.4068,2.6694
-3.6871,4.9632,1.1708,0.6146,3.3368,1.4037,-5.5761,1.7693,0.6249,-1.9020,0.8744,2.6557
-2.7892,4.9488,2.7821,-0.9277,3.7036,1.7355,-5.5162,2.5833,0.2658,-2.8056,3.1248,2.4838
-2.9760,4.1970,4.0390,-1.9179,3.0478,1.7341,-7.0437,1.2665,0.1030,-3.9659,2.0716,1.9157
-2.2769,1.8483,3.0813,-3.8312,1.9145,0.8990,-4.0055,0.4405,0.1293,-4.3657,0.8771,0.5263
0.6177,-0.6752,5.6575,-4.3657,-0.6185,1.0034,3.4213,-0.1963,2.7988,-4.3657,-1.2989,-2.1193
4.2090,-2.5618,6.8378,-4.3657,-1.4225,0.1732,-0.7494,-8.0014,12.0237,-3.6575,0.4467,-4.3657
4.6017,-4.1468,15.6964,-4.3657,1.1983,-2.2122,-6.7277,-10.2639,10.8386,-0.5722,4.3656,-4.3657
-1.0702,-4.6232,17.2933,-0.7518,-0.5137,-4.2689,-12.2463,-13.0771,6.2225,3.3490,2.5460,-4.3657
-2.4541,-4.6543,14.0755,0.6548,-4.0911,-4.0401,-10.8194,-12.8736,5.2098,4.3656,-3.5487,-3.9651
-1.3647,-4.5226,11.6238,1.4293,-3.0649,-4.0645,-9.9886,-12.9335,3.3686,4.3656,-0.2715,-3.6282
-3.2346,-3.6679,11.4922,2.3768,-1.2466,-3.6280,-11.8920,-11.6143,1.3120,4.3656,1.5192,-1.5148
-3.3375,-2.4469,10.3334,2.9988,-1.2293,-2.6069,-10.2041,-9.6822,1.1349,4.2821,-0.5111,0.0540
-2.7461,-0.5722,8.0182,3.4352,-0.3729,-1.4144,-9.8450,-8.0732,1.4150,3.6255,0.3187,1.2104
-2.7007,0.5483,7.0868,3.6633,1.4057,-0.6562,-8.9136,-5.9448,0.7135,2.4320,1.4985,2.6144
-2.2913,1.5419,6.7756,3.8328,2.0988,0.2333,-9.4858,-5.0709,0.9577,1.5088,1.9108,4.0866
-2.8491,2.7892,5.3127,3.6128,1.8871,0.8499,-7.2808,-1.9130,-1.6017,0.6896,0.5588,4.3656
-4.0773,4.2090,2.8706,3.0497,2.4489,1.8642,-4.7788,1.0750,-2.3607,-0.9429,0.3521,4.2477
-3.8571,5.0254,-1.5945,1.1875,3.3264,2.9878,-3.2322,2.6911,-0.5219,-2.6140,0.7825,3.8716
