-5.4636,2.4852,5.3271,2.5094,3.0418,-0.2124,-7.9057,-2.0183,-3.5243,0.0141,2.1501,4.0818
-6.3590,3.0550,4.3239,1.6359,2.9524,0.5721,-7.5034,0.2682,-5.0470,-1.2518,1.4722,3.5385
-6.9456,3.5458,2.9042,0.4225,2.6404,1.3967,-6.8785,1.7885,-4.6280,-2.4449,0.6448,2.5556
-6.7612,3.3782,2.5211,-0.6775,2.7463,1.6635,-6.8378,1.8100,-3.9073,-3.8344,0.8644,2.0948
-6.4548,2.5067,2.3942,-1.5519,2.6394,1.8242,-5.5450,2.1165,-3.1771,-3.9747,0.4298,0.7508
-5.1356,1.8387,2.3487,-2.9592,1.0628,1.8993,-4.7333,1.7526,-2.4972,-3.9638,0.1527,-1.1050
-4.0677,1.4988,3.4644,-3.8506,0.0726,1.8481,-7.8937,-1.4317,-1.1396,-4.3476,0.5164,-0.7370
-2.1668,0.9313,4.3838,-3.9626,-1.0477,1.7299,-3.1532,-0.4166,1.6376,-3.5774,-1.3940,-1.5493
-0.2490,-0.1341,5.4181,-4.3624,-1.9529,1.3654,-0.8260,-2.3415,3.4764,-2.9024,-1.3320,-4.0103
1.4748,-0.9266,9.2823,-4.3657,-1.4109,0.7608,-3.4022,-6.1339,5.6383,-1.8584,0.5937,-4.3657
3.6559,-1.2905,9.9431,-3.3817,-1.9184,-0.6731,-6.3303,-9.4164,7.8745,-0.2062,0.4299,-4.3657
2.6624,-2.2601,13.7451,-2.4766,-2.9456,-2.0948,-6.9959,-11.8130,9.2081,1.9424,-0.4078,-4.3657
1.8531,-2.4517,15.4187,-0.5844,-2.4690,-3.1608,-10.3932,-13.9654,8.6383,3.3168,1.0865,-3.9370
0.2658,-3.0909,12.1889,1.3094,-1.0591,-3.8532,-9.9766,-13.9845,6.1124,4.2601,1.4997,-1.6886
-1.9872,-2.5115,10.8577,1.9898,-0.6331,-3.9647,-8.0613,-11.9830,1.6783,4.3656,2.0117,-0.1420
-3.3830,-1.2881,10.2975,2.4760,-0.0558,-3.1565,-9.7109,-11.2815,0.5962,3.5944,2.2580,1.2586
-3.2872,-0.0910,9.9311,2.9440,0.9070,-2.1827,-10.9128,-9.6127,0.1006,2.9059,2.0211,2.6881
-4.0701,0.9625,7.3215,3.1760,1.7019,-1.4713,-9.2967,-6.9935,-1.7885,1.9943,1.7527,4.0133
-4.6615,1.8555,7.0629,2.7825,2.5047,-0.5909,-8.6359,-4.8459,-2.3367,0.6444,1.7196,4.3656
-5.5474,2.6600,5.6790,2.6173,3.0670,0.3924,-6.9288,-1.6041,-2.2122,-0.4450,1.5126,4.2451
-6.1363,3.0215,4.2018,1.3853,3.0382,1.3215,-7.0892,0.1963,-2.7581,-1.4742,1.3093,3.3530
-6.1124,3.3136,4.3742,0.3304,3.1497,1.8527,-8.0110,0.7302,-3.2681,-2.5074,1.8004,2.7660
-5.2984,3.1220,3.3088,-0.5391,2.6664,2.1649,-7.3287,1.1875,-1.7909,-3.1385,0.7693,2.2832
-6.4236,3.6512,3.8810,-1.2414,2.3794,2.2701,-6.9983,2.1668,-3.7062,-3.3113,0.9631,1.1671
-5.2194,3.1987,3.5458,-2.0969,1.5352,2.7022,-9.2177,0.1365,-3.4955,-4.3657,0.5149,1.3837
-2.7629,2.1859,2.8132,-2.6753,0.6209,2.6418,-3.6488,1.7885,0.3256,-4.3657,-1.5653,0.7942
-2.6288,1.5012,3.4955,-3.5654,0.7557,1.8622,-1.2641,1.8747,1.7909,-3.8902,-0.0366,-1.2329
-0.0359,0.2490,5.6623,-4.2573,0.5513,1.1672,-2.2601,-1.2139,1.6233,-3.7140,1.5729,-4.1038
-0.4549,-0.2035,7.7428,-4.2495,-0.6948,0.0378,-6.3853,-5.2936,4.6878,-2.1308,0.6031,-4.3657
0.4046,-0.6991,8.8657,-3.7758,-1.7929,-0.8050,-5.8012,-6.6224,4.5107,-0.5966,-0.3411,-4.3657
0.8787,-1.8316,11.1618,-3.0545,-2.6193,-1.2781,-6.7205,-8.6933,6.6583,0.5189,-0.4764,-4.3657
1.1995,-2.2529,13.2136,-1.9488,-1.8259,-2.3787,-7.9464,-11.2575,7.2018,1.9141,0.9711,-4.3657
-0.5698,-2.6600,14.1761,0.0416,-1.7960,-3.2294,-10.1706,-13.0843,6.1818,3.4391,1.4099,-3.4236
-1.6616,-2.6049,12.1554,1.1202,-2.2122,-3.3103,-10.2831,-13.2136,4.0055,4.2653,0.3567,-1.5420
-2.0159,-2.5211,10.9846,2.2019,-0.4049,-3.4243,-8.4013,-11.1570,1.8699,3.8612,1.9220,0.1984
-4.0797,-0.7949,9.5672,2.6954,0.2264,-2.6392,-9.2201,-9.5074,0.1772,3.2523,1.7452,1.0901
-3.4261,0.4501,8.0493,2.7997,0.7713,-1.5759,-10.6662,-8.1044,-0.4788,2.3136,1.9260,2.3883
-5.3032,1.6975,7.3310,2.8424,1.8274,-0.8250,-9.8833,-6.3542,-0.2921,1.6081,1.7898,3.6822
-5.5474,2.7605,6.4308,2.6806,2.4465,0.0931,-11.0373,-4.5035,-3.2513,0.2557,2.1857,4.3656
-6.2321,3.1388,5.4181,1.9626,2.9998,1.1830,-7.4388,-1.1779,-3.4309,-0.9774,0.9345,4.3656
-4.3718,2.7509,3.3662,0.8820,3.4462,1.5411,-5.8035,0.8954,-2.9473,-2.3367,1.5739,3.4776
-5.3774,3.1484,4.8004,-0.3002,3.1533,1.4344,-6.8977,0.9792,-1.9656,-3.0499,2.2440,2.5980
-6.0837,3.2920,3.5003,-0.6972,2.0210,1.5664,-7.1922,1.4844,-2.0207,-2.7701,0.3336,1.6309
-4.9728,3.0167,2.1715,-1.5906,1.0584,2.0250,-5.4516,2.5067,-2.7725,-3.1897,-0.4509,0.6925
-4.6256,2.6839,2.4110,-2.5345,1.3670,1.8969,-6.1531,1.4820,-1.6017,-3.5253,1.0893,-0.1356
-3.3902,2.1811,3.7206,-3.2834,0.8330,1.7588,-8.2073,-0.5602,-0.9074,-4.0570,1.4513,0.3409
-3.3040,1.9201,7.1874,-3.0654,-0.0196,1.5704,-8.0230,-0.9625,1.3838,-3.4620,0.0242,-0.0422
-0.3280,0.8212,5.9280,-2.6317,-0.8343,1.2758,-5.8586,-0.6895,2.8683,-2.5759,-0.6559,-0.8124
-0.9481,0.1676,7.3717,-2.7608,-1.2163,0.1331,-2.3750,0.0838,3.4189,-1.2117,-0.8224,-2.5675
0.0000,-0.3759,7.1467,-2.8348,-1.0770,-0.8547,-2.5857,-2.2936,3.3782,-0.3416,0.3685,-4.3657
-0.7470,-1.2426,8.1355,-3.1991,-1.5804,-1.5615,-6.3686,-6.9360,2.4157,0.3961,0.6355,-4.3657
0.6033,-2.2027,9.7827,-3.0586,-1.7499,-2.4641,-7.8051,-9.5457,4.4580,0.7453,0.2773,-4.3657
-1.5131,-2.7797,14.0396,-1.8437,-1.7864,-3.0879,-11.5233,-13.3070,5.8969,2.2251,1.1337,-4.3657
-1.8962,-3.3447,14.1593,0.1015,-1.4317,-3.3255,-14.5017,-14.7004,5.2577,3.2861,1.3885,-2.1087
-1.8100,-3.8906,11.5089,1.7269,-0.2727,-3.5430,-9.1482,-12.5193,3.2154,4.3501,0.9274,0.1677
-3.1699,-3.5386,9.5960,2.4752,0.6234,-3.4715,-7.2616,-10.8409,0.2346,4.2112,2.5840,0.3829
-3.5458,-2.5067,9.1674,2.8085,0.9033,-2.7641,-8.6431,-9.6965,-1.3001,3.6627,2.5043,0.9146
-3.8068,-0.9170,7.7357,2.9956,1.1790,-2.0314,-9.1219,-7.7764,-1.8435,2.8020,1.7973,2.0463
-4.0534,0.7254,6.9145,2.7924,1.4823,-1.1651,-10.3334,-6.2920,-0.9553,1.8379,1.6575,2.9232
-5.2385,1.7885,7.1658,2.6203,2.9448,-0.4525,-10.2711,-5.2984,-1.1636,0.6336,2.3258,4.2923
-5.2553,1.6712,6.1579,2.6696,3.8949,0.3753,-6.4332,-1.0678,-4.4987,-0.3082,2.1005,3.7746
-6.3518,2.0806,3.0813,1.3323,2.9023,1.0003,-6.7540,-0.0622,-4.6998,-1.7491,1.4361,3.7799
-6.2920,2.2146,3.1987,0.1724,2.5004,1.5384,-5.2936,1.8531,-2.9137,-2.3026,0.4875,2.1557
-5.4708,2.4756,3.1627,-0.8430,2.1313,1.6173,-6.8211,1.6209,-3.5267,-2.8846,1.2812,1.2337
-6.1411,2.4397,2.3966,-1.5553,1.5115,1.5643,-6.6846,1.4126,-3.6559,-3.0209,0.3913,0.3796
-5.2337,1.8292,2.5402,-2.7708,0.5509,1.6685,-4.9512,1.5658,-3.5937,-3.5190,-0.5878,-0.4640
-4.5657,1.5993,2.4493,-3.5642,0.0699,1.4975,-6.6750,-0.5938,-2.0638,-3.8573,0.1705,-1.0011
-3.6751,0.0239,4.1156,-4.2817,-0.1915,1.5894,-3.4692,-1.0846,-1.0846,-4.2691,-0.5337,-2.1266
-1.1995,-1.5012,6.6942,-4.3657,-0.5237,1.0347,-5.3510,-4.5945,3.0789,-3.4246,0.4117,-3.6893
-0.6177,-2.1213,9.4164,-3.9358,-0.7280,-0.3636,-5.3558,-6.1459,4.1372,-1.5463,0.7735,-4.3657
0.0575,-2.5522,11.1474,-2.8414,-1.7717,-1.3466,-7.6974,-9.2751,5.2265,0.2265,-0.2810,-4.3657
0.9481,-3.5985,12.8976,-1.7231,-2.6883,-2.6628,-9.6869,-12.2703,8.4659,2.2024,0.1935,-3.9594
-0.3783,-4.2138,14.7124,0.3647,-1.6337,-3.8961,-10.1107,-13.4602,6.5601,4.0231,1.2802,-2.6899
-1.5347,-4.0342,11.7938,2.2358,-1.1110,-4.3657,-10.9798,-14.0085,4.4053,4.3656,1.5723,-1.2784
-3.6751,-3.6679,10.8793,2.9585,-1.0079,-4.2872,-10.3022,-12.9861,0.9266,4.3656,1.7459,0.5275
-5.1092,-2.6767,9.9742,3.7988,0.2454,-3.5417,-8.9854,-10.4962,-1.2258,4.3656,1.8413,1.4831
-5.1164,-0.7590,7.7788,3.7958,0.7200,-2.3918,-10.5417,-8.3725,-2.3942,3.9923,1.8906,2.2969
-6.5457,1.4772,7.1323,3.3549,1.2048,-0.8984,-10.2975,-5.7006,-3.3519,2.5393,1.4194,3.5902
-5.8012,2.3152,5.8442,3.2788,2.3121,0.8611,-8.1044,-2.6504,-3.3639,0.7719,1.0388,4.2859
-4.5562,2.7102,2.9185,2.4172,3.2250,1.5364,-6.7660,-0.6584,-2.3942,-0.7794,1.4258,4.3656
-5.7868,3.0478,2.0063,0.7092,4.0877,2.1814,-5.1763,2.3703,-5.0159,-2.6878,2.3794,3.3560
-5.5378,2.9209,1.4054,-1.2640,3.5943,2.6345,-5.8969,2.3008,-4.5059,-4.3657,2.0635,2.1095
-4.6424,2.1141,2.5426,-2.7442,3.0355,2.4281,-5.0973,1.7238,-3.9121,-4.3657,1.2640,0.6935
-3.7661,1.0008,2.1500,-3.9750,2.0376,1.7197,-2.2865,1.3838,-0.7901,-4.3657,0.4647,-1.0818
-1.7765,-0.8691,3.3088,-4.3657,0.2080,1.0102,-0.2274,-0.4166,-0.7733,-4.3657,0.0935,-3.6941
-0.7709,-1.9010,6.5027,-4.3657,-1.1804,0.0322,-2.6863,-5.4492,2.2266,-3.2651,-0.1721,-4.3657
0.5986,-2.4157,9.8857,-4.3657,-1.6665,-1.0476,-6.7780,-9.0764,4.1156,-1.7221,0.5662,-4.3657
1.7861,-2.9353,12.5528,-3.2961,-3.8574,-2.6616,-5.8706,-10.5848,9.1075,0.7831,-1.9784,-4.3657
0.9218,-3.2106,15.6222,-1.4216,-4.1869,-3.6828,-11.4275,-14.7962,11.8728,3.2186,-0.1931,-4.1936
-2.2649,-4.4412,13.4889,2.9373,-0.5116,-4.3657,-11.1570,-14.7603,3.2058,4.3656,1.8500,-0.1096
-4.2880,-2.5857,10.6422,3.8698,-0.6081,-3.9250,-12.0165,-12.5720,0.0144,4.3656,1.5560,1.5705
-4.5059,-0.4166,8.9759,4.0899,0.4529,-2.4527,-10.4267,-8.4755,-2.2075,4.3656,0.6671,3.2257
-5.1020,1.3072,7.0581,3.8153,2.0125,-0.8232,-9.1075,-4.6878,-2.6264,2.4062,1.4314,3.8908
-4.5011,2.2458,5.1356,2.8302,3.0249,0.7079,-8.1882,-1.7358,-3.1747,0.0849,2.2775,4.1073
-6.4141,2.0877,3.7637,-2.0262,3.6391,2.9862,-7.1802,0.5555,-4.0558,-4.3657,2.3293,1.7405
-5.3534,1.0630,3.6679,-2.8458,3.6294,3.2907,-6.8402,-0.7183,-1.9704,-4.3657,1.7056,0.8190
-3.6775,0.2131,3.1053,-3.8634,2.5960,2.8551,-4.8746,-0.5411,-1.6328,-4.3657,1.1406,-0.3491
-1.9034,-1.3408,4.2808,-4.3657,1.3105,1.9159,-2.0734,-1.3719,-0.5626,-4.3657,0.7108,-1.7419
0.4764,-3.2154,5.6360,-4.3657,-1.0701,0.6510,0.7781,-3.7804,1.4892,-3.8676,-0.7671,-4.3657
1.5945,-3.7350,9.6989,-4.3657,-3.1940,-0.6911,-2.8802,-9.6151,6.6463,-2.1611,-0.9558,-4.3657
1.9609,-3.4860,14.1593,-3.5466,-2.4641,-1.9709,-11.0828,-14.5208,10.1083,0.5224,0.8944,-4.3657
-0.5291,-3.6966,15.9310,-0.6656,-1.9921,-3.2401,-12.7467,-14.2407,6.5003,2.8515,1.1656,-3.3867
-2.2505,-3.7230,13.2399,1.2653,-2.7141,-3.5132,-12.0117,-13.9007,6.2441,4.3656,-1.3125,-0.9919
-1.7909,-3.8211,12.1817,2.5680,-0.7196,-3.4777,-9.4260,-12.5935,3.8499,4.3656,1.3532,0.0715
-3.1173,-2.8922,10.3118,3.7001,0.6752,-3.2897,-11.3054,-11.8034,0.3711,4.3656,2.7111,1.7236
-5.9017,-0.7590,10.1586,3.8549,0.5256,-1.8752,-10.8960,-8.7460,-2.2721,3.7659,0.6207,3.1638
-4.6950,0.9170,8.2169,4.0500,1.4791,-0.5569,-15.4306,-8.2313,-3.5506,1.7091,1.7024,4.3656
-7.5537,1.6807,4.5873,3.6046,2.7897,0.7946,-2.1117,0.7997,-3.9121,1.0095,-1.1305,4.3656
-4.9895,2.5881,1.6376,1.5211,2.6911,2.0984,-6.2656,1.2857,-3.6631,-1.3454,1.8615,3.1848
-4.5155,2.7533,1.8747,-0.3372,3.6340,2.3256,-5.7557,2.2386,-3.8211,-3.3131,2.8237,2.6184
-5.6144,2.5857,3.0646,-1.7143,3.3309,2.2870,-6.2465,1.6017,-2.5019,-4.3657,1.0464,1.6547
-4.3574,1.6927,3.2346,-2.8526,1.9553,2.3627,-4.4652,1.1205,-0.3998,-4.3279,1.0969,0.0957
-2.4588,0.5770,3.6919,-3.7281,0.9810,1.8138,-3.6607,0.5243,-0.8332,-4.1829,0.6336,-1.0525
-1.7095,-0.6105,4.1180,-4.3657,-0.1940,1.0476,-1.7549,-1.0223,-0.2897,-3.7967,-0.1274,-3.1776
0.0431,-1.3623,5.8035,-4.3657,-1.7685,0.5657,-6.2225,-5.6910,1.8531,-3.7425,-0.2801,-3.3930
1.0199,-2.5905,10.5656,-4.3657,-1.7832,-0.1075,-3.9217,-7.0557,7.0413,-2.2000,-0.6943,-4.3657
0.9481,-3.0861,10.9798,-3.2468,-1.6831,-1.1497,-5.7509,-9.5122,7.3741,-0.1103,0.3773,-4.3657
-0.2059,-3.6176,14.1138,-1.8441,-1.3659,-2.0371,-10.4938,-13.2902,6.5793,1.5787,1.5920,-4.3657
-0.8045,-4.5538,14.2383,0.6899,-0.5522,-2.8805,-13.9845,-14.7267,5.2912,3.1764,2.0428,-2.3622
-2.0231,-4.9177,10.8242,1.8443,-1.0131,-3.6680,-7.9248,-11.9782,3.3160,4.3656,-0.0624,-0.1380
-2.7653,-4.1228,10.5082,2.2580,-0.8659,-3.3352,-8.6886,-11.2384,0.4788,4.0536,1.6701,0.3324
-4.1276,-2.5211,11.0061,3.0188,0.5445,-2.9660,-12.1554,-11.8776,2.0973,3.9471,2.0524,1.4647
-4.5418,-0.7207,9.7372,3.8344,1.5087,-2.0066,-10.3908,-9.0716,-0.7039,3.4006,1.3788,3.6343
-5.3127,0.2873,7.3023,4.0072,2.3806,-0.4475,-9.5217,-5.9903,-2.7102,2.1681,1.7447,4.0253
-5.8442,1.0774,3.5386,3.1914,3.3758,0.5971,-6.4093,-1.5850,-5.3606,0.3397,2.0803,4.2645
-5.0637,1.9082,2.1141,1.3384,2.9905,1.4298,-5.9472,-0.0431,-2.9473,-1.4562,1.3923,3.9943
-5.1212,2.1763,2.5522,-0.1443,2.9107,1.9047,-4.1779,2.2027,-3.1508,-2.3513,1.4621,2.2512
-4.7190,2.1165,2.6719,-1.4890,2.5081,2.0074,-4.9728,2.2027,-4.0366,-3.4391,1.7745,0.9402
-4.1420,1.3575,2.6264,-2.6052,1.4805,1.8257,-4.0438,1.6113,-3.6176,-3.9873,0.0653,-0.3628
-2.4948,-0.0790,2.1356,-3.8328,0.1629,1.3367,-0.7015,0.5770,-2.0614,-4.1466,-0.8937,-2.4889
-0.0790,-2.2673,2.5402,-4.3657,-1.4962,0.5128,-0.1053,-3.4644,0.2179,-4.0309,-0.7741,-4.3657
-0.1413,-3.4812,8.7460,-4.3657,-1.7581,-0.5037,-4.6543,-8.9878,5.6527,-2.8634,0.4664,-4.3657
0.8691,-3.6847,14.2479,-3.9824,-0.9266,-1.7209,-9.5026,-12.1338,6.1148,-0.6695,2.2712,-4.3657
-1.0104,-4.3407,13.8792,-1.2071,-2.3018,-2.8750,-11.5712,-14.1402,7.1180,2.0712,-0.6863,-3.3357
-0.2801,-5.3798,14.5256,0.8178,-1.6657,-3.0870,-11.2480,-15.7634,7.8219,3.7470,0.6840,-1.1119
-0.4046,-6.5434,12.0572,2.9765,0.8391,-4.1855,-10.1083,-15.3516,4.1204,4.3656,3.1504,1.3646
-4.4843,-5.1188,10.2304,3.8219,0.6454,-4.1019,-8.5593,-12.8928,-0.8164,4.3656,1.3912,3.1383
-5.4085,-2.8730,10.8721,4.1406,0.4084,-2.3390,-10.4698,-10.4962,-2.3463,4.3656,0.7855,2.9860
-5.4995,-1.3360,7.4579,4.3656,2.3597,-1.4554,-8.0254,-5.1068,-5.1140,3.2359,1.6991,3.8006
-7.1204,0.7446,4.4365,3.6292,2.3904,0.1531,-9.9982,-2.9616,-5.2864,0.8264,1.1591,3.7892
-6.2680,1.7286,3.0598,2.2649,2.5684,1.4777,-8.1499,-0.5435,-4.4293,-0.9575,0.8922,4.1316
-6.3949,2.3008,1.3886,0.8068,3.4809,2.0628,-2.7964,2.8778,-2.2529,-2.3379,0.9495,3.1137
-5.1763,2.1811,0.9553,-1.0131,2.9547,2.4925,-5.3774,2.4828,-3.5793,-3.2186,2.2889,1.8215
-4.4293,1.7310,1.2402,-2.4300,2.6975,2.1961,-4.6783,2.4397,-2.8395,-3.9123,1.8141,0.7918
-4.0486,0.6105,3.3088,-3.4783,1.8646,1.4955,-3.4644,1.6999,-2.2146,-3.9395,1.4424,-0.8772
-2.7438,-0.1532,4.3670,-4.0975,0.1480,0.9128,-1.6305,0.3903,-1.7813,-3.4027,0.4143,-3.3149
-0.8356,-1.3312,4.7022,-4.3657,-1.8101,0.0124,-2.1213,-3.7517,1.1468,-2.6494,-1.1006,-4.3657
0.1676,-2.4397,7.5130,-4.3657,-3.3781,-0.8651,-4.6280,-7.7548,4.2186,-1.6812,-1.1125,-4.3657
-0.0455,-2.6193,12.0668,-4.1006,-2.8550,-1.4626,-7.7476,-10.7571,6.0262,-0.3263,-0.6522,-4.3657
0.4214,-3.1915,14.3939,-1.7425,-2.1481,-2.2234,-11.6430,-13.2711,7.2329,1.0503,0.7365,-4.1640
0.3496,-4.1659,12.3517,-0.2316,-2.2143,-2.8727,-9.5337,-13.0556,8.3175,2.7300,-0.9820,-1.7944
-0.2610,-4.8435,12.5887,0.9968,-0.7596,-3.3983,-7.8195,-12.9287,6.0573,3.6762,1.5808,-1.2672
-1.3001,-4.3263,11.8561,2.6865,0.5488,-3.5332,-9.9455,-12.8952,2.8587,4.2394,2.6458,0.2751
-3.1771,-2.8467,10.0916,3.3040,0.3858,-3.0402,-10.5058,-11.4132,0.9290,4.3162,1.4156,1.9580
-4.1659,-1.1779,8.9926,3.5502,1.0938,-2.1890,-11.1378,-9.4954,-0.8452,3.4005,2.0322,3.5268
-4.9344,0.2155,8.2145,3.7124,2.2667,-0.7803,-7.7859,-4.8794,-2.6336,2.4313,1.1824,3.8718
-5.5019,1.0774,5.1954,3.4172,2.6692,0.1968,-8.2456,-2.8874,-3.8666,0.8639,1.8210,4.0334
-6.0597,1.8004,3.3471,1.8775,2.8316,1.3187,-7.8051,-0.7159,-5.6360,-1.0612,1.2300,4.1300
-7.3215,1.8651,2.9066,0.6392,2.9537,2.0964,-4.5825,1.5538,-4.7525,-3.0418,0.7273,3.4671
-4.8554,0.8571,4.3335,-3.2580,1.8883,2.0688,-6.4907,0.3950,-1.5083,-3.9675,1.8638,-0.2045
-0.3160,-1.9225,5.8347,-4.3657,-1.1098,0.8627,-1.6879,-2.0877,2.0877,-3.1913,-0.4983,-3.7246
0.5483,-2.5235,9.3015,-4.2622,-1.3603,-0.2794,-3.8547,-5.9520,4.1061,-1.7778,0.4407,-4.3657
1.5371,-3.5219,9.5170,-3.3441,-2.0226,-1.9597,-6.4141,-9.2392,5.1356,-0.0305,0.2932,-4.3657
-0.3256,-3.9744,12.7707,-2.5238,-3.0799,-2.9652,-8.0493,-11.6813,6.3518,1.7317,-0.7903,-4.3657
-1.5323,-4.0797,15.1314,-0.5716,-2.4772,-3.3281,-12.6079,-14.4466,6.5505,2.9227,0.6103,-3.7856
-1.9752,-4.3000,12.7467,1.5579,-0.7849,-3.3429,-13.2136,-14.6262,5.1140,3.9394,0.6941,-1.1358
-3.9456,-3.8164,11.0421,2.6397,0.2751,-3.0964,-10.8553,-12.9718,1.9920,4.1204,1.4923,0.7280
-3.7876,-2.5163,9.6271,3.2772,0.9526,-1.9381,-12.2463,-11.3461,-1.5562,3.3749,1.7792,3.3175
-5.8730,-1.1325,8.8777,3.5011,2.1033,-0.7747,-8.1834,-6.4428,-3.5889,1.9734,0.8116,4.0546
-6.0238,0.0551,5.7317,3.0230,2.8112,0.5528,-9.7420,-4.8530,-2.7701,0.5617,1.9448,4.3433
-6.3422,0.6776,5.5976,2.0179,2.9653,1.6661,-6.8426,-1.2139,-4.4245,-0.7356,1.0918,3.9390
-5.7413,1.0822,3.6871,1.1383,2.7268,2.2483,-5.7676,0.5076,-3.0718,-1.7768,0.8825,2.7620
-4.9488,1.2163,2.5379,-0.1399,2.0110,2.3354,-5.5617,1.1157,-2.9042,-2.4295,0.7610,1.8009
-4.8578,1.3216,3.2489,-1.3115,1.6277,1.9530,-5.8083,0.9098,-2.9018,-2.8976,0.7501,0.8019
-4.4245,1.1564,3.4429,-2.0514,0.5520,1.7888,-5.4444,0.5315,-1.7526,-2.9548,-0.3208,-0.0897
-3.0047,0.5698,3.1580,-2.8453,-0.2830,1.4694,-3.4860,0.2394,-1.5107,-3.1287,-0.7193,-1.3010
-1.6927,-0.3519,3.4716,-3.6429,-1.0003,1.0996,-3.0885,-1.9297,0.6009,-3.2254,-0.8883,-2.7518
-0.2945,-1.2402,5.9807,-4.3657,-1.3217,0.6586,-4.2329,-4.8028,2.3463,-2.8931,-0.4655,-3.8339
0.6105,-2.4852,8.4108,-4.0461,-1.0516,-0.1648,-6.6750,-7.6184,5.2074,-2.1517,0.3710,-3.9262
0.6273,-3.3016,11.2887,-3.3286,-1.0063,-1.1952,-7.7764,-9.8186,6.6702,-0.6214,0.5561,-3.5086
0.0575,-3.7972,15.7179,-1.2489,-1.5183,-1.9569,-10.3238,-12.0309,7.2018,1.6723,0.8883,-3.0742
-0.7159,-4.5274,13.1753,0.8458,-1.8417,-2.6838,-10.8457,-12.9646,5.8035,3.5904,-0.1142,-1.7882
-1.4892,-4.6328,11.6789,1.7607,-1.4173,-3.2739,-9.2273,-11.9135,3.0526,4.3656,0.4361,-0.6985
-3.3854,-4.0103,10.3908,2.4161,-0.3551,-3.2294,-9.0190,-10.3741,0.6177,4.1466,1.3919,-0.3930
-4.6448,-2.1668,9.9623,2.6489,-0.0865,-2.3887,-10.8888,-9.6558,0.2538,3.6172,1.1325,0.9194
-3.7014,-0.9601,9.2656,3.0963,0.9146,-1.5362,-11.7076,-8.5473,0.3807,2.6744,1.5128,2.3819
-4.8147,0.0814,8.0613,3.2590,1.7433,-0.9379,-9.1411,-6.3422,0.1173,2.1468,1.2253,3.5678
-3.8044,0.5052,8.5976,3.5306,2.5386,0.1352,-8.4276,-4.1156,-1.1708,1.5370,1.9249,3.2675
-5.1858,1.0511,5.3319,3.5482,2.6285,0.4338,-8.0780,-2.1141,-3.5243,0.5224,1.5705,4.1015
-5.2194,2.5498,2.2793,1.9970,1.6595,0.8907,-6.2848,0.8045,-3.8571,-0.4426,-0.4847,3.3878
-6.1004,2.9975,1.7214,0.4369,1.3796,1.6599,-5.1667,2.4948,-3.4381,-1.7697,0.2943,2.2957
-4.8554,3.1939,0.6512,-1.0609,1.9418,2.0727,-5.5426,2.4469,-2.2051,-3.0010,0.7895,1.6190
-4.8746,2.3750,1.9680,-2.4808,2.3125,2.0440,-4.4867,2.3176,-2.2458,-3.9535,1.4679,0.2229
-3.0071,1.1277,3.2777,-3.8176,1.8258,1.7481,-5.2265,0.6201,-2.4110,-4.3657,1.5399,-0.8480
-1.5682,-0.7087,3.3758,-4.3657,0.2168,0.9201,-0.0503,-0.1149,-0.3256,-4.3235,-0.4365,-2.8204
1.4341,-2.7294,5.3343,-4.3657,-2.2011,0.0718,-0.0048,-4.9608,3.2513,-3.6866,-0.8868,-4.3657
1.4605,-3.4668,12.0285,-4.3657,-2.3351,-0.9149,-4.9392,-10.3956,7.1228,-1.8786,0.6844,-4.3657
1.6951,-3.5745,15.4594,-3.4508,-1.4514,-2.1917,-13.1849,-15.2152,9.2943,0.6069,1.7800,-4.3657
-0.2849,-4.1180,16.7498,-0.4758,-2.4397,-3.3901,-11.7412,-14.3485,7.6662,2.9471,-0.4149,-2.8064
-1.7478,-4.7238,12.8233,1.4481,-1.9143,-3.4584,-11.0852,-14.7674,7.3813,4.3656,-0.3449,-1.2024
-1.1516,-4.5586,11.3389,2.7478,0.3655,-3.7963,-7.9559,-12.3637,3.2322,4.3656,2.8090,0.2204
-3.6009,-3.2250,8.9184,3.4486,0.7143,-3.3658,-8.6838,-10.4675,-0.4645,4.3656,1.9797,1.0035
-3.7278,-1.4629,8.0254,3.1383,0.5688,-2.2787,-9.7971,-8.8921,-0.1484,3.5065,1.7809,1.9481
-3.6583,-0.1508,8.5569,3.3085,1.7548,-1.5260,-9.2656,-6.7397,-0.6297,2.6541,2.0574,3.2472
-5.3510,0.9194,7.0557,3.4294,2.3767,-0.5332,-8.6359,-4.4508,-1.3336,1.5303,1.6217,3.7666
-5.7604,1.8962,4.9608,2.8230,2.7204,0.5490,-10.2472,-2.7916,-3.9002,0.1396,1.9885,3.8513
-6.1914,2.1835,3.3615,1.6995,2.8189,1.6686,-5.3726,0.7111,-4.1156,-1.6145,0.5272,3.7651
-4.0989,2.0135,2.5474,0.2081,2.8024,2.2030,-3.9552,1.5060,0.2514,-2.3275,0.9413,2.2536
-3.7852,2.3918,3.4500,-1.1611,2.8936,1.5691,-5.3702,1.9249,-1.3001,-2.6714,2.6464,0.8585
-4.5035,2.4636,4.1731,-1.8547,2.0821,1.2510,-7.3191,0.8763,-2.5331,-2.9633,1.4181,-0.0601
-4.3910,1.9154,4.7860,-2.4897,0.4233,1.2546,-5.9424,0.8691,-2.9760,-3.0546,-0.5369,-0.5032
-2.5115,0.4070,2.6025,-3.4812,-0.9260,0.7971,0.2011,1.3503,-0.5866,-3.1409,-1.9794,-2.6989
0.3879,-1.3144,2.3727,-4.3657,-2.3285,0.2060,0.4549,-2.6935,1.1253,-3.2584,-1.4665,-4.3657
1.1923,-3.1723,7.1658,-4.3657,-2.3164,-0.6416,-2.9185,-8.8250,5.0589,-2.6762,0.2627,-4.3657
1.5802,-4.0677,13.4195,-4.3657,-1.0236,-1.8439,-7.8889,-13.5272,7.1467,-1.1117,2.0101,-4.3657
-0.8045,-4.9464,19.2015,-1.2337,-1.9051,-2.8991,-14.9901,-17.8344,9.0692,2.3137,1.1922,-3.7755
-1.0175,-5.6336,14.4466,1.6714,-1.7496,-3.6777,-10.4172,-15.6988,6.8666,4.3656,-0.5437,-0.7646
-0.8475,-5.1643,10.6326,2.9346,-0.1343,-3.9732,-6.6104,-12.6629,3.4046,4.3656,1.8457,0.1264
-2.9497,-3.7541,9.1626,3.3104,0.4151,-3.9468,-6.8929,-10.9056,0.4525,4.3656,3.1998,0.4477
-4.7118,-1.3958,9.3925,3.6172,0.4898,-3.0461,-11.3150,-10.4698,-0.2251,4.3656,2.2743,1.5266
-4.6807,0.6584,8.0876,4.0668,1.3556,-1.7062,-9.4379,-6.8163,-2.1189,3.4049,1.6691,3.8087
-4.8123,1.6448,6.0645,3.8997,1.9680,-0.6406,-8.2839,-4.2186,-2.4708,2.0896,1.2490,4.3656
-5.0637,2.4780,4.6759,3.1846,2.6273,0.5229,-6.1220,-0.2322,-4.3598,0.4992,1.4730,3.8492
-5.6455,3.6152,2.4684,1.9574,2.4730,1.5595,-7.9775,0.4214,-4.1779,-1.5008,1.0066,3.5974
-5.0853,3.3112,0.8691,0.1154,2.4549,2.3590,-6.4189,1.2474,-3.1268,-3.1108,0.0994,3.4158
-5.2912,3.2082,2.6480,-1.3575,3.1688,2.6580,-4.4676,1.9680,-0.2346,-4.0514,1.2237,2.1998
-3.7302,2.2553,2.9688,-2.5401,3.3079,2.5074,-4.7357,1.5395,0.4812,-4.3657,2.0432,0.9834
-2.3703,1.4772,4.4508,-3.3000,2.1305,1.8956,-4.6831,0.8068,0.6345,-4.1379,1.3270,-0.3786
-1.3838,0.8715,5.6407,-3.6487,0.7064,0.9333,-4.2306,-0.2897,1.6400,-3.3476,0.7991,-1.6831
-0.7446,-0.3687,6.4787,-4.0358,-0.8745,-0.0671,-2.5833,-1.7789,2.2505,-2.3806,-0.2230,-3.5770
0.4046,-1.2186,7.9871,-4.2722,-2.2753,-0.9741,-3.4309,-5.0446,4.7381,-1.2097,-0.4415,-4.3657
1.6831,-2.3224,10.5345,-3.6223,-2.8769,-2.2452,-7.1802,-9.1219,7.8003,0.1631,0.0344,-4.3657
-1.0678,-2.4493,16.7283,-1.8720,-2.7283,-3.1359,-10.0556,-12.4259,7.5489,2.4938,0.3287,-4.3657
-1.1684,-3.0095,14.2599,0.6434,-2.2062,-3.6544,-13.2950,-14.3532,6.8714,3.8966,0.5273,-3.4390
-1.4868,-3.3471,11.2504,1.5986,-1.3985,-3.6880,-9.7492,-12.1769,3.5865,4.3653,0.6087,-0.4919
-3.8379,-2.6336,10.4100,2.3024,0.0148,-3.2290,-8.8753,-10.4387,1.2163,3.7690,1.9714,-0.0971
-4.2784,-0.4357,10.8936,2.7371,0.6736,-2.0667,-13.4961,-10.3238,1.3288,3.0641,2.2693,1.6646
-5.0853,0.9098,10.3956,3.8510,1.7910,-0.7085,-9.5337,-6.7564,-0.5363,2.4649,1.2235,3.5869
-4.6112,1.8962,5.3463,4.0293,2.8891,0.0228,-11.4994,-6.6918,-0.5052,1.3268,2.3453,4.3656
-5.6551,2.1548,5.4253,3.3715,3.7631,1.2351,-6.7373,-1.7741,-5.2098,-0.2590,1.7589,4.3656
-6.4476,2.6839,2.0686,1.8988,3.5340,2.3806,-6.2991,0.5100,-4.8123,-2.4964,1.1257,4.3656
-5.6551,2.5881,0.5555,-0.3790,3.4935,2.9096,-3.3471,2.8228,-2.0135,-3.7102,0.9759,3.1680
-4.6591,2.6552,2.3008,-2.1257,3.4344,2.5443,-4.4269,3.2154,-2.5618,-4.3513,2.5194,1.3348
-4.2138,2.1141,2.3607,-3.2327,1.9626,1.9946,-4.2401,2.5809,-3.1532,-4.3657,0.9886,-0.7617
-1.9106,0.8547,2.8443,-4.3657,-0.3837,1.3419,-0.1030,1.5897,-0.5818,-4.1876,-1.4889,-2.5103
0.4477,-0.4597,3.1364,-4.3657,-1.9432,0.4154,-0.0910,-2.4469,2.3343,-3.6368,-1.1940,-4.3657
1.7142,-1.7142,8.3270,-4.3657,-1.7916,-0.6111,-4.1875,-7.4340,5.4995,-2.5147,0.5224,-4.3657
1.3767,-1.9465,13.5225,-3.8387,-2.2158,-2.3282,-8.7484,-11.8561,9.9335,-0.3287,0.8764,-4.3657
-0.9409,-1.7693,18.5455,-1.4184,-2.5495,-2.6930,-13.0771,-14.0157,10.0341,2.6617,-0.1887,-3.9606
-0.9385,-2.9544,12.6605,1.4755,-1.7628,-3.2439,-12.2775,-13.4698,5.9664,4.0855,0.3604,-1.1426
-1.5969,-3.1627,10.7332,2.1478,-0.8787,-3.3220,-8.1690,-10.7452,2.5714,4.2950,0.6083,0.0169
-4.1539,-1.7382,9.9671,2.6268,-0.1355,-2.8438,-10.3022,-9.9766,1.6281,3.8356,1.9484,0.6458
-4.6687,0.3950,9.6822,2.8061,0.4474,-1.4686,-12.1578,-8.5305,-0.2801,2.8563,1.2930,2.3919
-4.7788,1.3479,9.0022,3.3949,1.9919,-0.3889,-10.3142,-6.0908,0.3472,1.6739,1.5168,3.0084
-4.7956,2.0470,7.4220,3.4724,3.3705,0.7572,-9.2416,-4.3479,-0.8667,0.8467,2.1473,4.2920
-5.9185,2.7318,4.5945,3.1479,3.7723,1.5399,-8.5449,-1.3240,-5.5258,-0.9036,2.1286,4.3656
-5.9089,2.8060,0.3136,0.9590,3.1822,2.8679,-5.0733,1.4054,-3.9337,-2.9865,-0.0628,4.1569
-4.5370,2.6791,1.5323,-1.1594,3.7094,2.9351,-3.3567,2.6935,-0.8595,-4.1172,1.7794,2.0708
-3.9959,2.8156,3.6105,-2.3879,3.4439,2.3954,-6.1172,1.6712,-1.9225,-4.3657,2.7114,0.6290
-4.2521,2.3679,3.9145,-3.0306,1.6996,1.9060,-6.7229,0.5698,-1.6161,-4.0506,0.0699,-0.0410
-2.4732,1.5514,3.3495,-3.7842,-0.1835,1.1710,-2.2817,1.4868,-1.4293,-3.7585,-1.2425,-1.1270
-0.5986,-0.1245,2.8323,-4.3657,-1.7356,0.4009,1.1396,-0.7733,2.0159,-3.5320,-1.9410,-3.8412
0.8475,-1.1851,7.4962,-4.3657,-1.8115,-0.4931,-6.5050,-7.3358,5.5952,-2.4575,0.6891,-4.3657
0.5028,-1.7334,11.8609,-3.9884,-0.8600,-2.5390,-11.5664,-9.1866,6.0597,-0.9625,2.5760,-2.8241
-2.7677,-1.4533,15.8807,-1.6830,-2.4742,-2.6480,-8.8992,-8.7293,7.3406,1.8395,-2.4032,-2.7010
0.7829,-2.9521,13.0939,0.2967,-2.9840,-2.9733,-9.4810,-10.5369,7.4244,3.3910,-0.3750,-3.2834
-0.7374,-3.4692,10.9487,1.2143,-2.0550,-4.0962,-9.0118,-10.6566,5.3606,4.3656,0.3584,-2.4738
-2.5019,-2.6240,11.8513,1.9706,-1.6334,-3.7647,-10.3525,-10.6063,2.8036,4.3656,0.5401,-1.5291
-3.8547,-1.0630,10.1418,2.5921,-0.8879,-3.0589,-12.0165,-9.6750,1.3479,4.1528,0.9367,-0.2686
-4.8890,0.7614,9.3470,2.8274,0.6972,-1.7315,-12.8210,-8.5497,1.0750,2.9621,1.1847,1.6140
-4.2018,1.5275,9.0166,3.2135,2.3678,-0.1612,-9.8354,-5.7844,-0.0311,1.7034,1.8374,3.1884
-3.5027,2.0375,6.7876,3.2434,3.3605,0.6075,-7.2999,-2.9449,-0.8571,0.4084,1.9674,4.0851
-3.9169,2.6145,5.0805,2.4161,3.2091,1.4591,-7.2520,-1.1660,-1.1349,-0.6327,1.4677,3.7832
-4.6136,3.3854,2.8299,1.0790,3.0786,1.8154,-5.1547,1.1995,-1.3336,-1.8379,1.0059,3.7101
-3.4668,3.3662,3.2992,-0.1340,3.2181,2.1237,-4.4317,2.1572,0.3735,-2.6903,1.6329,2.3867
-2.1476,3.1843,3.6895,-0.9675,2.7644,1.4316,-5.8969,2.0638,-0.1030,-2.7776,1.9799,1.4929
-3.6105,3.4285,3.9624,-1.4214,2.0182,0.6406,-6.0334,1.7717,-0.2562,-2.7791,1.0635,0.7233
-4.5131,3.3088,3.4093,-1.9879,0.9305,0.6301,-5.2146,1.3360,0.7302,-2.5073,0.4349,-0.7630
-2.3703,2.1835,4.9153,-2.6093,0.2188,-0.0476,-3.6655,0.6871,1.2905,-1.9454,0.1895,-2.3812
-0.7685,0.7183,5.0973,-3.3450,-0.9390,-0.5895,-2.2913,-1.1109,0.9697,-1.7091,0.0236,-4.3657
-0.4549,-0.2921,8.6000,-4.2013,-2.7656,-1.4044,-6.7229,-8.0182,7.9104,-0.5450,-0.1372,-4.3657
2.1141,-0.7254,13.5536,-1.8997,-2.4436,-2.5393,-12.9814,-10.9870,7.0102,1.4414,1.4361,-3.6016
-2.6719,-0.9242,14.0875,-0.1406,-2.1743,-3.4484,-9.8641,-10.2232,5.8490,3.0533,-1.0784,-2.8225
-2.1045,-1.0798,12.7156,1.1671,-1.7529,-3.3630,-12.7515,-11.9926,6.2800,3.7675,1.3729,-1.5793
-3.4381,-1.2091,10.0102,2.4678,0.2761,-3.3514,-10.4698,-9.8665,1.6400,3.9817,1.7249,0.4567
-5.0829,-0.3783,8.4108,2.8274,0.8330,-2.6721,-10.1275,-7.9655,-1.4317,3.4695,1.9712,1.7954
-6.0813,0.3304,6.7588,2.7616,1.3516,-1.5032,-9.7731,-5.5761,-3.1268,2.0618,1.7404,2.0556
-5.9664,1.0654,5.6024,2.2759,2.1822,-0.5670,-9.9407,-4.1683,-2.9305,0.9559,1.7272,2.6172
-7.1323,1.7478,5.9927,1.5392,2.3663,0.2061,-7.4843,-1.5802,-2.6001,0.0195,1.3223,2.8727
-5.7078,2.0063,5.1044,1.2621,2.0747,0.7596,-9.8378,-1.6712,-1.7621,-0.4652,1.5536,2.1228
-5.7533,2.7821,4.6950,1.1863,2.1308,0.5898,-7.9631,-0.1748,-1.8627,-0.5872,1.0231,2.7673
-6.2752,3.2202,3.9385,1.1162,1.6863,0.7322,-8.9423,0.3831,-3.0119,-0.6831,0.5995,2.4107
-6.1675,3.4237,3.2106,0.6299,0.8676,1.2001,-6.2920,2.3391,-2.1045,-0.8709,-0.4579,1.5894
-4.9728,3.5386,1.3240,0.1585,0.8304,1.0022,-6.3111,2.7533,-2.5905,-1.2774,0.0213,1.3095
-5.3534,3.4931,1.5395,-0.8736,0.6426,0.9369,-4.3766,3.8211,-2.9090,-1.7878,-0.2871,0.0544
-4.3694,3.1436,1.5969,-2.0855,-0.1937,1.1868,-4.3144,3.0789,-2.2410,-2.2084,-0.3174,-1.6064
-2.0231,2.1069,1.3192,-3.4082,-1.2209,0.4720,-0.3591,2.3296,-0.8284,-2.3014,-1.3374,-3.8252
2.4660,0.2203,4.4676,-4.3657,-3.1990,-0.3721,-2.3727,-4.4269,5.5115,-2.4329,-1.3392,-4.3657
1.4868,0.5195,12.4163,-4.3657,-3.7247,-1.2592,-8.5521,-9.3158,12.8449,-0.1544,-0.0838,-4.3657
2.6001,0.8499,17.0491,-0.9924,-1.4757,-2.8806,-12.7204,-10.5967,10.7164,2.4232,1.3114,-3.2099
-2.7174,0.0814,13.9271,1.2457,-0.9454,-3.7013,-11.3653,-9.5122,4.5538,3.8637,0.3668,-1.5656
-4.3934,-0.2155,9.7636,1.7589,-1.1748,-2.8645,-11.7699,-8.8609,1.3910,3.6373,1.0709,-0.6113
-4.3766,0.4334,9.6654,1.7468,-0.2693,-2.1893,-10.8864,-7.0174,-0.1772,2.7041,0.9577,0.0653
-5.4564,1.3791,8.6670,2.1350,1.0220,-1.4197,-11.5688,-6.1339,0.1844,2.0603,1.3442,1.5112
-5.8826,1.8196,7.3550,2.3164,1.5825,-0.8206,-11.0253,-4.6950,-1.6640,1.3824,1.3187,3.0804
-6.7995,2.4876,5.8107,2.5498,1.9416,0.0681,-11.0229,-2.9161,-3.3806,0.6043,1.0604,2.7731
-7.1228,3.0550,4.5633,1.7944,1.9480,0.9795,-9.6845,-1.4102,-3.1723,-0.6825,-0.1047,4.3656
-6.1220,3.0358,3.2681,1.4846,2.1450,1.4951,-3.6368,2.1213,-0.0239,-0.8302,-0.5518,3.9358
-5.4708,2.9521,1.7837,0.3837,2.1770,1.5933,-5.2720,2.9401,-2.0638,-1.1706,1.2363,1.5889
-5.6336,2.9066,0.9122,-1.3940,2.5683,1.6491,-4.9488,3.7038,-2.9137,-2.5361,1.7281,0.6423
-3.6703,2.0997,1.9010,-2.8204,1.6233,1.3511,-4.2329,3.2944,-3.0119,-3.1148,1.4353,-0.9121
-2.1093,1.1947,2.9856,-3.9880,0.2761,0.2366,-2.1261,2.3535,-1.6592,-3.0062,0.8597,-2.5486
-0.5507,-0.3256,3.2681,-4.3657,-1.7922,-0.9244,0.2059,-0.9864,-0.1556,-2.7887,-0.5357,-4.3657
-1.5036,-1.4964,6.9623,-4.3657,-3.2646,-0.9422,-2.6887,-6.9145,4.9823,-1.7673,-1.0144,-4.3657
0.8164,-1.6688,13.3405,-4.3657,-1.9854,-1.4835,-10.1227,-12.5097,6.6702,-0.6937,1.9189,-4.3657
-2.7485,-1.1947,18.2917,-1.8891,-2.1863,-1.9145,-14.4083,-14.6262,5.9568,1.7757,0.1218,-4.3657
-1.6328,-2.4349,13.9175,0.9137,-2.8414,-2.0105,-13.2639,-13.6206,6.1555,3.4111,-1.5207,-1.2115
-1.6376,-3.1101,11.0397,1.6831,-1.3448,-2.1498,-7.7261,-10.6662,2.9449,3.5436,0.3226,-0.2630
-2.6839,-2.0662,9.6630,2.0123,-1.0106,-2.1408,-9.6343,-9.7420,0.8212,3.1004,1.5282,0.3793
-4.1252,-0.5866,8.7604,2.0454,-0.5529,-1.5070,-10.8577,-8.8131,0.0910,2.4215,0.2763,1.1114
-4.6902,0.6009,8.7173,2.1565,1.1005,-0.6542,-11.1618,-7.5824,-0.5914,1.1742,1.7572,2.7880
-5.8155,1.2426,7.6710,2.2387,2.1910,0.2213,-9.0644,-5.1044,-1.8268,0.0191,0.8521,3.6825
-6.4955,1.4413,6.8235,1.8646,2.8468,1.5930,-10.6566,-4.8363,-2.4397,-1.3788,1.3550,4.3656
-5.4205,1.5347,6.4763,1.5898,3.3652,2.5211,-8.0110,-2.4900,-2.8443,-2.5315,1.1258,4.3656
-4.7860,1.7310,2.8228,0.9090,3.0339,2.9264,-5.6312,-0.5722,-1.0104,-2.7622,0.4441,3.3396
-5.0111,1.9225,3.3639,-0.4286,3.1340,2.6111,-6.4596,0.2203,-1.7885,-3.1722,1.5787,2.9412
-4.5203,2.1308,4.0127,-0.8304,2.3146,2.3996,-3.7900,2.6001,-2.4062,-3.1934,0.3853,1.3290
-1.8220,1.9968,1.4317,-2.2315,-0.1380,1.7868,-2.9592,2.4612,-0.6009,-2.8449,-1.1518,-0.7456
-1.5850,1.5874,3.0813,-3.4829,-0.5167,0.8152,-0.8978,1.9130,-0.3184,-2.8222,-0.3421,-2.9271
2.3200,-0.9816,10.8002,-3.5960,-2.0961,-1.2564,-9.4164,-10.4866,7.6351,-0.3758,0.6809,-4.3657
-1.1157,-1.3934,16.8743,-1.9693,-2.0146,-2.1011,-11.2863,-13.0029,8.7652,1.6610,-0.0518,-3.9879
-0.2370,-2.4517,14.4179,1.0291,-1.9276,-2.5867,-13.1944,-14.1402,6.6607,3.3834,0.5718,-1.7388
-1.5538,-3.2729,11.5808,1.8583,-1.3308,-2.9022,-8.2265,-11.4323,2.9329,4.0000,0.2876,0.2886
-2.9209,-2.1811,9.4715,2.4826,-0.7221,-2.7620,-10.5225,-10.7212,0.8021,3.4768,1.7706,0.8753
-5.0709,-0.0192,9.1028,2.3851,-0.2121,-1.6602,-9.9383,-7.9224,-1.1636,2.6847,0.1993,2.1237
-5.0350,1.2282,7.4268,2.5345,1.4065,-0.4743,-10.2280,-6.0334,-1.8675,1.1806,1.3618,2.6806
-5.7078,2.1045,5.8203,2.0079,2.4006,0.9463,-13.2016,-5.9496,-3.2106,-0.8162,1.8547,4.1128
-5.8586,2.2482,6.5817,1.3075,2.9319,2.1153,-5.5378,-2.0231,-2.3774,-2.1846,-0.0149,4.3656
-5.3056,2.1237,4.0462,0.9441,3.4929,2.6975,-6.6702,-0.9649,-1.2282,-3.1505,1.1695,4.2088
-4.5849,2.1644,3.9816,-0.4622,3.3366,3.0409,-4.7429,0.9457,0.5842,-3.5467,1.0628,3.2318
-2.7821,2.0806,3.5626,-1.3022,2.9274,2.7236,-4.8722,1.5395,0.3448,-3.9146,1.3865,2.3658
-3.2801,2.0734,3.7517,-2.1198,1.8848,1.8576,-2.2410,3.1987,0.4621,-3.1893,0.5808,0.1689
-1.0247,1.1851,3.4692,-3.1303,0.4590,1.1890,-1.2570,2.4708,-0.5267,-3.0996,0.4425,-2.1849
0.1796,0.1006,3.4429,-4.1605,-1.3210,0.0502,-0.0838,-0.6201,1.7382,-2.5539,-0.6575,-4.3657
0.8667,-1.0199,7.3502,-4.3657,-2.6541,-0.8416,-3.1963,-6.3159,5.8826,-1.6221,-0.6827,-4.3657
2.4493,-2.4828,12.3493,-3.9099,-1.9805,-1.9384,-6.9599,-10.6111,9.2799,-0.0917,1.1786,-4.3657
-0.0910,-2.3631,15.2678,-1.9506,-1.9815,-3.6078,-9.6103,-13.0939,7.3909,2.4563,0.9709,-4.3657
-2.1069,-2.3415,15.7993,0.6827,-2.0627,-3.4090,-14.6381,-15.6461,6.6655,3.8281,0.8228,-2.9162
-0.3783,-3.7637,10.1945,2.0452,-0.7000,-3.8336,-8.0038,-11.9040,4.3790,4.3656,1.0820,0.1422
-3.6033,-2.9592,10.4627,2.6132,0.3361,-3.8522,-10.6805,-12.6007,1.5706,4.3395,3.2658,0.7713
-5.1619,-1.0678,10.5872,3.3822,0.5376,-2.6640,-9.1004,-9.2440,-1.3743,4.0252,1.5327,2.5211
-5.2313,0.4597,7.7835,3.5507,1.2307,-1.2696,-12.0333,-7.9033,-1.7861,2.4680,1.1695,3.4367
-4.9680,1.3551,6.1579,3.1427,2.4626,-0.0241,-6.4572,-3.0263,-2.5331,1.1445,1.4981,3.9723
-5.5234,2.5235,4.0175,2.3701,3.2167,1.0519,-9.8497,-2.3559,-3.3806,-0.7650,2.2908,3.7487
-5.6671,2.6073,3.3519,1.1598,3.6636,2.0804,-6.1052,0.5339,-3.8307,-2.3268,1.4035,3.7334
-4.4341,2.5618,1.9896,-0.3124,3.1958,2.5227,-5.5952,1.3862,-2.1931,-3.4556,1.0678,2.7536
-3.3591,2.2218,3.2753,-1.6923,2.3987,2.0681,-4.1444,2.3918,-2.1668,-3.9406,0.7043,1.5010
-3.1484,1.6328,2.4301,-2.9188,0.9278,1.1614,-3.0287,1.5634,-0.1269,-3.6403,-0.4461,-0.5768
-1.1923,0.0766,3.3710,-4.1769,-1.0421,0.5649,-0.2394,0.1365,0.1269,-3.4448,-0.8192,-2.9623
1.4533,-3.2082,13.6565,-3.8171,-2.5318,-2.3252,-8.6790,-12.8425,9.0644,0.2870,0.3829,-4.3657
1.2234,-3.5123,16.6134,-1.2308,-2.1430,-3.3275,-11.5496,-15.0476,10.1203,2.3702,1.2151,-4.0057
-0.9649,-3.4357,14.9063,1.3347,-0.9714,-3.6766,-12.3254,-14.9901,7.7859,4.1532,1.2734,-1.5331
-0.1844,-3.8283,10.3884,2.5746,-0.0175,-4.0605,-6.7564,-11.6071,4.3335,4.3656,1.8042,0.3307
-3.3615,-2.4876,9.1267,3.0243,0.7898,-3.6056,-8.3414,-10.3214,-0.0862,4.3656,3.0566,0.6245
-4.3670,-0.7877,8.9352,3.2904,1.1890,-2.3178,-10.8984,-8.9328,-1.3647,3.3863,2.2785,1.9544
-4.6543,0.0311,8.1570,3.5196,1.7770,-1.1816,-8.5162,-6.2537,-1.4988,2.5287,1.5199,2.9071
-6.2944,1.1756,6.1890,3.3608,2.4614,-0.1911,-9.7564,-5.1787,-1.3072,1.3476,2.2223,3.3284
-5.7365,2.3296,6.2106,3.0009,3.0756,1.1307,-8.5569,-2.8156,-2.9329,0.2197,1.7789,4.1813
-5.9304,2.6025,3.3447,2.3208,3.2574,2.2807,-6.5936,-0.1963,-3.7134,-1.1171,1.1037,4.1689
-4.6017,2.6719,0.6919,0.6299,3.3943,2.5620,-4.3000,2.1428,-3.9049,-2.6373,1.1628,3.0128
-3.7421,3.1292,1.2929,-1.3368,3.1179,2.3860,-5.4324,2.4181,-2.9209,-3.9664,1.4365,2.1222
-3.5650,2.8611,2.4086,-2.6827,2.0133,1.6321,-2.7007,3.0502,-1.4317,-4.2667,0.1111,0.3746
-2.2936,1.7645,2.8060,-3.9193,0.0785,1.1483,-1.3048,2.0494,-0.0862,-3.9181,-0.7679,-1.9450
-0.0024,0.2346,3.4213,-4.3657,-1.3444,0.2667,-0.1580,-0.9242,1.2857,-3.5220,-0.9298,-4.3114
1.5969,-1.9704,5.9544,-4.3657,-2.5241,-0.9402,-1.1013,-6.0597,4.8076,-2.7272,-0.7618,-4.3657
0.7973,-2.9449,18.0906,-2.6915,-2.4666,-3.3867,-12.7156,-15.7371,10.8074,1.9292,1.2669,-4.3657
-0.9984,-3.1053,16.7115,0.8432,-2.2427,-3.5332,-14.4059,-16.5583,8.7005,4.0360,0.1603,-2.2335
-0.7542,-3.9480,12.8904,2.3505,-1.3166,-3.7860,-9.6582,-13.8959,5.5234,4.3656,0.6927,0.3993
-2.8970,-2.7078,11.8154,3.5643,0.6347,-3.5910,-9.1794,-11.6789,2.1883,4.3656,2.7669,0.9221
-3.8475,-0.5531,9.1866,4.1720,0.9622,-2.5378,-12.4906,-9.7755,-0.1772,4.1535,2.1182,2.8346
-5.7772,1.4269,6.7732,3.9944,1.5765,-1.0841,-7.2161,-4.4317,-3.2441,2.7479,0.6258,4.1077
-6.5745,2.5522,4.9799,3.5009,3.0900,0.6360,-10.6781,-3.6296,-4.0725,0.5570,2.2831,4.3656
-7.4124,3.2082,2.9137,2.1354,4.1801,2.2310,-7.3502,0.1365,-6.5625,-2.0468,1.4049,4.3656
-6.0861,2.2458,0.6273,-0.1748,4.0199,3.5623,-4.3335,1.2522,-2.3272,-4.3657,0.8228,3.9691
-3.4405,2.3822,2.8659,-2.1897,4.2208,3.1477,-4.6232,1.8579,1.1109,-4.3657,3.0182,2.4476
-3.4309,2.7988,4.6160,-2.8013,3.3280,2.2703,-4.1372,2.6145,-0.2658,-4.3657,2.0705,0.5360
-1.9489,1.7789,4.1108,-3.8292,0.7024,1.5993,-2.8036,1.6328,0.0838,-4.1078,-0.4022,-1.2569
0.0335,0.2610,4.2497,-4.3657,-1.0321,0.6909,-0.1413,-0.4094,2.3583,-3.6629,-1.0132,-3.6118
0.8930,-0.7638,6.6535,-4.3657,-1.8887,-0.2461,-2.3128,-4.8483,4.5179,-2.7967,-0.4463,-4.3657
0.4142,-1.0965,11.1426,-4.3657,-1.5888,-0.9842,-8.4132,-9.6654,7.9918,-1.4937,1.4040,-4.3657
0.7973,-1.0965,14.3915,-2.6564,-2.1063,-2.1426,-11.8369,-11.0492,8.4611,1.0885,-0.2026,-3.8722
-1.1827,-2.3631,14.5639,-0.2234,-2.3305,-3.0742,-9.8833,-10.9966,6.9073,2.8694,-0.3265,-2.9231
-1.4629,-3.2753,11.9423,1.0922,-1.6868,-3.5156,-9.8258,-11.6765,5.7844,3.9803,0.4451,-2.1013
-2.6695,-3.2585,10.6542,2.2230,-0.6467,-3.7097,-10.2568,-11.3892,1.9513,4.3656,1.9355,-1.0544
-4.5155,-1.6041,9.6103,2.4897,-0.6676,-3.0915,-9.9072,-9.3206,-0.0287,3.9379,0.6851,-0.1067
-5.4229,0.4094,9.9311,3.0190,0.5737,-1.7126,-14.4251,-9.9168,0.8667,3.0294,2.2362,1.9875
-5.7940,1.5634,8.2097,3.5670,1.9244,-0.3079,-13.0029,-7.2209,-1.5155,1.8442,1.5124,4.3656
-5.8155,2.2314,6.7540,3.4499,2.8762,0.8692,-6.2848,-2.4804,-2.9880,0.8150,0.8651,4.3656
-6.2608,2.4373,3.8092,2.9168,3.2803,2.1125,-7.3526,0.1484,-6.3111,-1.3979,1.9316,4.3656
-5.1834,3.3615,-1.5778,0.7282,2.6959,2.8230,-5.9113,0.9625,-3.2992,-3.5197,-0.0474,4.3656
-5.4803,2.8108,1.1636,-1.7529,3.4652,3.0990,-2.8443,3.3112,-0.9984,-4.3657,0.8993,2.6777
-4.0199,1.9585,2.4301,-3.3566,3.6451,2.7022,-3.1388,2.6145,-1.2881,-4.3657,3.2728,0.1571
-2.6121,0.6369,2.9880,-4.3657,2.3545,1.8640,-1.9704,1.1396,-2.3679,-4.3657,1.0397,-2.1625
-0.3950,-1.4676,4.0773,-4.3657,-0.5628,1.0175,-0.0455,-2.5666,0.9553,-4.3657,-1.1382,-4.3657
1.2378,-3.1843,5.8849,-4.3657,-2.6195,0.0725,-1.1205,-6.7732,3.2417,-3.5022,-0.9040,-4.3657
1.6496,-3.8116,10.2352,-4.3657,-2.9495,-1.2748,-5.8514,-10.9726,6.6415,-2.1145,-0.1236,-4.3657
-1.7837,-2.9616,16.1082,-3.4889,-2.3960,-1.5839,-9.8833,-13.8193,7.5178,0.2028,-0.2920,-4.3657
-1.7765,-3.1939,9.8282,3.4568,0.2689,-3.3231,-7.4771,-10.6063,2.5618,4.3656,2.3405,0.5351
-3.3854,-1.5419,9.7013,3.7635,0.3388,-2.7566,-10.0628,-9.8617,0.9313,4.3656,2.1240,1.4432
-4.8961,1.5562,8.4491,4.1224,0.9141,-1.9492,-10.9391,-7.0054,-0.5483,3.6540,1.2277,3.7589
-6.1675,2.5977,7.0677,4.2408,1.9477,-0.2948,-8.4563,-3.8595,-1.0319,2.4612,1.0447,3.9991
-5.6790,3.7781,5.5234,3.9716,3.4114,1.4092,-8.2337,-1.4317,-3.0789,0.6532,2.3908,4.3656
-4.3718,3.4596,-1.7502,-0.2605,4.0959,2.4483,-2.9161,3.5793,-1.5299,-3.7169,0.8885,3.3203
-3.2705,2.9544,2.6504,-2.5780,3.9778,1.6774,-3.4955,3.8259,-0.9912,-4.1727,3.5176,0.9190
-3.9025,2.8467,3.6895,-3.0477,2.8304,0.5542,-5.2146,2.0614,-1.4461,-3.8424,2.4936,-1.2885
-3.7469,1.8100,3.9911,-3.9726,-0.1713,0.2269,-3.6775,0.8691,-2.1763,-3.0214,-1.1566,-2.6424
-0.5124,-0.6057,3.5267,-4.3657,-1.8775,-0.2269,-0.9816,-2.5690,1.1947,-3.1978,-1.6144,-4.2671
1.3527,-2.2146,6.9695,-4.3657,-2.2749,-1.2191,-2.2913,-7.6088,5.8131,-2.5699,-0.0537,-4.3657
-0.3879,-3.0478,13.9414,-4.1759,-0.8030,-2.3976,-9.5720,-12.4642,8.8418,-0.5480,2.6664,-4.3657
-3.0981,-3.0742,16.8360,-0.9916,-1.0934,-3.5885,-13.2998,-13.6158,4.5179,2.3022,1.9396,-3.4916
-5.3223,-3.1771,14.8177,1.1607,-2.2621,-3.4887,-14.2527,-14.6046,5.7365,4.1971,-0.9719,-1.1547
-2.5091,-4.0079,10.4507,2.8104,-0.4399,-3.5865,-9.1913,-12.1075,2.6456,4.3656,1.5929,0.2225
-5.0757,-3.5195,8.7700,3.6487,0.8094,-3.6307,-8.7293,-10.5129,-0.9888,4.3656,3.0645,0.9032
-6.9767,-1.2043,7.7644,3.4502,0.0216,-2.6545,-11.7460,-8.7819,-3.6344,3.8738,1.4537,2.0009
-7.2592,0.1796,8.2768,3.5174,0.7602,-1.3780,-9.9240,-6.1220,-4.0941,2.8646,0.8575,2.8324
-8.2265,1.3647,6.2968,3.6079,1.6157,0.0570,-12.7180,-4.8626,-6.5218,1.0369,1.2883,3.4789
-6.4260,1.9920,2.6336,2.4932,1.2875,1.7086,-6.6200,-0.9553,-3.4788,-0.4827,-1.0969,4.1352
-4.5155,2.5714,1.0295,0.6979,2.4136,2.1289,-4.4412,1.5490,-2.0279,-1.7197,0.6710,2.7639
-4.6543,2.8946,2.1811,-0.7234,2.8541,2.0049,-4.7118,2.5618,-2.8204,-2.8657,2.1915,1.5052
0.4094,-1.6376,3.2441,-4.3657,-0.1569,0.8492,0.3017,-2.8611,2.1931,-4.3657,-0.1011,-3.5068
1.0175,-3.9552,16.2542,-4.3657,-1.4453,-2.5169,-8.4779,-13.7116,10.0748,-0.2435,2.2351,-4.3657
-0.5291,-3.7757,18.3348,-0.4851,-1.9438,-3.5021,-15.5863,-16.6565,7.8338,2.9870,1.1277,-3.8991
-1.7573,-4.4245,13.4985,1.5599,-2.5162,-3.9427,-11.2839,-14.6358,6.6607,4.3656,-1.3881,-0.9936
-1.4676,-4.0989,10.8290,2.7220,0.0657,-4.0845,-7.6591,-12.2128,3.7086,4.3656,2.2768,-0.0398
-4.3215,-2.8491,9.2368,3.8395,1.5332,-3.8894,-8.7843,-11.4108,0.3591,4.3656,4.3656,0.7141
-5.9687,-1.0247,8.7508,4.0729,1.0019,-2.8032,-12.3589,-10.5680,-2.4469,4.3656,2.0841,3.1776
-6.6774,0.3974,7.2856,4.3656,1.5795,-1.4236,-8.4994,-5.6120,-5.2433,3.4286,1.3239,3.8896
-7.4124,1.7334,4.7022,4.1079,2.3411,0.1124,-9.7109,-3.5243,-4.9967,1.6234,1.6489,4.1359
-7.7141,2.7270,3.5195,3.0788,3.1471,1.7387,-7.9679,-0.0862,-7.7452,-0.6808,1.3550,4.3656
-6.3279,2.6815,0.3376,1.2967,2.7586,3.1758,-4.2808,2.0039,-4.9344,-3.0551,-0.4265,4.1482
-4.5849,2.9233,-0.5339,-1.0244,2.8745,3.3478,-3.5219,2.9425,-2.7270,-4.2369,0.7425,2.5357
-3.6009,2.5307,0.6464,-2.8795,3.1865,2.7015,-2.5379,2.4804,-1.7526,-4.3657,1.6160,0.4281
-1.7813,0.6225,1.8531,-4.3657,1.3027,1.7039,-1.6712,0.5914,-0.2610,-4.3657,0.3543,-1.4797
-0.2490,-1.4078,5.0494,-4.3657,-0.4723,0.7735,0.5291,-2.4660,1.5131,-4.3657,-0.0418,-4.0759
1.3599,-2.3727,8.9974,-4.3657,-1.9261,-0.3718,-3.1580,-8.4276,6.5314,-3.1772,0.0368,-4.3657
2.0542,-2.5067,14.4131,-4.1063,-2.0911,-1.8055,-8.7843,-11.8848,9.3972,-0.2951,0.6771,-4.3657
-0.4525,-2.3774,16.0028,-1.5307,-2.7343,-3.2602,-13.2615,-13.7044,7.5705,1.9879,0.3476,-4.2100
-1.5227,-2.7007,15.2582,0.7497,-2.7420,-3.6885,-14.6334,-14.6741,8.8202,3.6856,-0.5060,-0.8364
-2.3966,-3.6224,13.0819,2.8537,-0.3254,-3.7045,-9.0812,-12.0620,4.5969,4.3656,1.2549,0.2455
-4.2401,-2.1859,9.5146,3.6098,0.1883,-3.3931,-12.2439,-10.4363,-1.7980,4.3345,2.3106,1.3382
-6.2273,0.3615,9.5050,3.9815,0.3645,-2.1910,-12.0237,-7.6495,-1.3695,3.2851,0.0667,3.9233
-6.8091,1.5036,6.0118,4.1957,0.8314,-0.2959,-8.3294,-3.7661,-2.4349,2.7931,-0.8769,3.6274
-5.0159,3.0718,3.4261,2.9701,2.2929,0.7874,-8.1283,-2.1476,-1.9848,0.7202,1.4934,4.3656
-5.1164,3.2681,4.1300,2.0519,4.1853,1.8407,-5.5426,0.8428,-2.9856,-1.0676,1.8867,4.0257
-4.9656,3.2394,2.2003,0.2986,4.0148,2.5279,-5.3151,1.8411,-1.9561,-2.9865,1.8996,2.9535
-3.2346,3.0909,2.8443,-1.4907,2.8882,2.5551,-4.6759,2.0710,0.5986,-3.5595,1.4047,1.9295
-3.2298,3.1963,4.5370,-2.2102,2.2280,1.8830,-5.3965,1.9465,0.8284,-3.4347,1.4033,0.5124
-2.4565,2.7390,5.5569,-2.2199,-0.0264,0.9266,-5.2122,1.0846,1.6376,-2.2207,-0.4867,-0.8953
-2.2194,2.0782,4.4388,-2.6714,-0.7031,0.4438,-4.2665,0.4932,0.9242,-1.8082,-0.3981,-2.3283
-1.5036,0.9720,4.8123,-3.4908,-1.4529,-0.1166,-2.9353,-0.6201,0.4764,-1.7372,-0.6109,-3.6989
0.7422,-1.0630,5.9592,-4.3565,-2.9918,-0.9469,-1.3623,-3.9217,3.1412,-1.3363,-1.4811,-4.3657
0.1077,-2.0566,8.1954,-4.3657,-3.8877,-1.9316,-3.8642,-8.5856,4.5562,-0.5115,-1.0231,-4.3657
-1.6161,-1.6927,15.9861,-3.5843,-3.4821,-1.9899,-13.2735,-14.6812,5.9831,0.1007,0.2465,-4.3657
-1.6520,-1.8914,17.9661,-0.3167,-1.6321,-1.5319,-19.5223,-16.9438,9.4355,1.4532,0.1034,-1.8555
-0.2682,-2.2817,12.0740,2.0901,0.2860,-1.6381,-9.6845,-11.8393,6.5984,3.1011,-0.5339,1.7428
-1.4533,-1.4772,9.9359,2.7382,1.2329,-1.6122,-6.2584,-8.5042,2.3918,2.7912,2.3736,1.9177
-0.6560,-0.2729,10.9678,3.2739,1.7276,-1.1183,-9.7420,-8.4013,2.9975,2.7447,1.8702,2.7151
-2.1189,0.8428,7.8075,3.8955,1.4208,-0.9076,-7.8003,-4.8578,0.4453,2.7306,0.6749,3.0927
-4.1515,2.2841,5.5282,3.2460,1.2882,-0.2578,-6.7564,-1.8771,-1.5036,1.9292,0.7951,2.8112
-4.3527,3.1651,4.5825,2.4329,1.4869,0.6103,-7.7644,-0.7494,-2.5522,0.5692,0.7462,2.9664
-4.0965,3.6583,2.1835,1.3153,1.9287,1.4398,-5.9424,1.0798,-1.7071,-1.0271,0.2333,2.5131
-2.7390,3.8259,1.9369,-0.4330,2.1229,1.6530,-5.7772,1.0367,0.0694,-2.2587,0.9367,2.1542
-3.1029,3.4955,4.9464,-1.2610,2.5603,1.6210,-6.8594,0.4525,1.0008,-2.9383,1.7567,1.5334
-3.0478,3.1460,6.2704,-1.5222,1.6350,1.4939,-6.9647,-0.0072,2.0806,-2.7109,0.6777,0.8479
-2.4900,2.8754,6.5769,-1.5206,0.6524,1.1872,-6.8331,-0.2634,2.9353,-1.8973,-0.0075,-0.0280
-1.9106,2.5211,6.9192,-1.3864,0.2932,0.6269,-7.4244,-0.7230,2.5091,-1.4024,0.1745,-0.5954
-2.0207,2.3846,7.3119,-1.2993,-0.5216,0.0171,-7.4962,-1.0822,2.5211,-0.8111,-0.4006,-0.9755
-2.5786,2.4421,7.2975,-1.2966,-1.2816,-0.5593,-7.6567,-2.0183,4.6160,-0.1066,-0.7853,-1.7545
-3.6751,2.3990,9.6438,0.3814,-1.2244,-1.4565,-10.5776,-3.8930,3.1580,1.7353,-0.7340,-0.5494
-3.2729,2.1644,8.1690,0.8785,-0.6239,-1.1870,-10.0533,-3.2226,1.9034,1.6986,0.1053,-0.2527
-3.7613,2.0470,7.4101,0.8571,-0.0690,-1.0929,-9.2632,-2.6791,0.9840,1.4252,0.4375,-0.0337
-4.3718,2.4397,7.3191,0.8423,-0.0385,-0.7687,-10.1849,-2.6169,0.3759,1.1321,0.3523,0.2890
-4.0055,2.7198,7.0629,0.8691,0.1487,-0.4413,-9.7372,-2.0303,0.9050,0.7899,0.1677,0.6415
-4.0582,2.9161,6.3327,0.8260,0.5296,-0.1049,-9.2727,-1.3647,0.4357,0.4695,0.4310,0.8430
-3.9121,2.8898,6.1028,0.6062,0.5343,0.0843,-8.3582,-0.6871,0.1748,0.2086,0.2856,0.7930
-4.0965,3.1220,5.6862,0.2978,0.3818,0.2538,-8.0206,-0.1556,0.0239,-0.1037,0.0965,0.6755
-3.9456,3.2657,5.4636,-0.0641,0.3315,0.4255,-8.3725,-0.2801,0.5794,-0.5184,0.0449,0.6644
-3.1987,3.2394,5.9927,-0.2386,0.3865,0.4838,-7.3933,0.2131,1.6209,-0.6340,-0.0818,0.3122
-2.2889,3.2753,5.7724,-0.4678,0.0686,0.2707,-8.1977,-0.2298,2.0207,-0.6245,0.1581,-0.0119
-3.0335,3.3998,6.8738,-0.5344,-0.1675,0.0654,-8.3629,-0.3424,1.9944,-0.4892,-0.2160,-0.1884
-2.3727,2.8826,6.7924,-0.6339,-0.5335,-0.0454,-7.7285,-0.7326,3.6200,-0.1757,-0.3833,-0.5184
-1.4030,2.4541,7.4555,-0.9305,-0.7718,-0.4698,-5.7557,-0.2777,3.5985,0.2393,-0.0677,-1.2436
-1.3048,1.4676,6.7852,-1.2745,-1.2915,-0.9935,-4.4532,-1.2450,2.4708,0.5129,-0.4814,-2.9315
-0.9625,0.7278,7.3598,-2.0378,-2.0479,-1.1588,-5.9400,-3.9480,2.2793,0.4478,-0.5817,-4.0568
-1.2905,0.7877,9.9934,-1.9966,-1.7637,-1.3054,-9.7109,-6.7804,3.9002,0.2789,0.1370,-3.8506
-2.0901,0.9026,11.6717,-0.8396,-1.0391,-1.1547,-12.4091,-8.8921,6.0573,0.6919,0.1447,-2.2932
-1.0654,1.1995,11.9375,0.7873,0.1130,-0.9413,-15.1768,-10.0197,7.0222,1.3003,1.3789,0.4437
-1.7262,1.1157,10.1203,2.1024,1.1616,-1.4330,-10.3406,-7.0461,4.6280,2.2226,1.1842,3.0780
-2.9257,1.9872,8.2959,2.8802,1.3130,-1.3813,-14.5041,-8.2600,4.0103,2.2805,2.1946,4.3656
-5.0063,3.0406,8.6790,3.5519,1.7878,-1.0890,-4.5993,-2.0638,-2.3080,2.8587,-0.0814,4.3656
-5.8873,3.6440,5.3415,3.9892,2.1595,0.0794,-8.1451,0.7518,-4.1252,1.5367,0.5673,4.0336
-5.8203,4.0127,1.6544,2.7586,2.4240,1.2656,-5.3008,4.7573,-6.9599,-0.3620,1.4049,3.5049
-5.5162,4.9680,-0.5866,0.4667,2.4556,2.2360,-4.8985,4.9033,-4.9991,-3.3813,-0.3464,3.1954
-4.1300,4.5921,0.6512,-1.7203,2.2719,2.4247,-2.0758,4.9991,1.3958,-4.3657,0.4116,1.6398
-2.6552,3.7804,2.2482,-3.0008,2.0282,2.0399,-2.7869,4.2880,0.7470,-4.0878,2.2300,-0.2129
-1.2282,2.5450,3.2202,-4.0408,0.9988,1.2797,-1.6712,2.5762,1.0271,-4.2346,0.9804,-2.7861
-0.5938,1.1636,4.3862,-4.3657,-0.5997,0.2938,-1.8675,-0.9361,2.6528,-3.4099,0.2839,-4.3657
0.1125,-0.0814,6.9743,-4.3657,-1.8012,-0.3997,-3.7685,-4.6448,3.8906,-2.4898,0.8204,-4.3657
0.8835,-1.3719,9.6750,-4.3657,-1.9914,-1.1333,-6.6463,-8.5736,5.5641,-1.4197,0.7877,-4.3657
0.2155,-2.6049,14.1114,-3.2333,-1.8449,-1.7449,-9.9910,-11.6550,6.5457,0.2125,1.0816,-4.3657
-0.3328,-3.4931,14.1641,-0.9819,-2.2302,-2.8035,-10.4722,-12.9598,8.0756,2.2235,0.0815,-3.4111
-0.3639,-4.3527,12.3541,0.6940,-1.7014,-3.2527,-8.5090,-13.2208,6.2560,3.7736,0.6359,-2.3145
-0.3807,-3.6871,11.3509,1.7933,-0.4906,-3.8961,-8.1594,-11.9135,4.2904,4.3656,2.4160,-1.3905
-3.3279,-1.8124,10.3908,2.8638,-0.0553,-4.0125,-10.6446,-11.3461,2.1380,4.3656,2.3442,-0.2463
-3.9169,-0.1077,9.0980,3.5994,0.0145,-2.9965,-11.7364,-9.6606,-0.0599,4.3656,2.0203,1.6117
-5.5210,2.0375,7.5705,4.0312,0.9317,-2.0146,-11.8010,-7.6686,-1.6233,3.6000,1.7217,4.3075
-5.2960,2.3942,5.5881,3.8974,1.8010,-0.3174,-7.4651,-2.9975,-5.1882,1.8343,0.5899,4.3656
-4.2856,3.6392,3.3686,2.6608,2.4788,1.4653,-10.9367,-2.7725,-4.4317,-1.0445,1.6667,4.3656
-4.6495,3.4860,3.2226,1.2796,3.4010,2.2224,-4.9584,0.4621,-3.2513,-3.4809,0.2533,4.3656
-4.5681,2.9951,1.7837,-0.7197,3.2671,2.9251,-2.6504,1.4150,2.2984,-4.3657,0.2181,3.6804
-2.3487,2.2482,3.8738,-2.6309,3.1064,3.1012,-2.7916,2.3966,1.2043,-4.3657,2.5111,1.6900
-1.8028,1.2809,4.5250,-3.7254,2.7206,2.5371,-4.5250,0.7183,0.5578,-4.3657,2.4768,-0.4525
-0.5674,0.1173,5.5162,-4.3657,0.6010,1.6413,-2.0087,-0.5842,1.6448,-4.3657,0.6235,-2.4385
0.7230,-1.2210,6.2560,-4.3657,-1.2147,0.8568,-1.7430,-3.3615,3.9600,-3.4837,0.1340,-3.9474
2.5833,-2.8443,9.6271,-4.3657,-2.5195,0.1248,-3.2322,-7.4460,4.2090,-2.4095,-0.6592,-4.3657
2.4229,-3.2920,13.5248,-4.3657,-2.0937,-1.4314,-6.8666,-11.8202,8.7676,-0.8383,0.1302,-4.3657
0.0239,-3.1388,15.9238,-1.4829,-1.5643,-2.4606,-14.3054,-15.6653,9.0333,1.6138,1.8025,-4.3657
-1.7238,-3.5482,11.3725,3.4619,1.2060,-3.0515,-7.9918,-11.4036,2.5929,4.3656,2.8938,2.1482
-3.8283,-0.2059,6.9528,4.2237,-0.1194,-2.3174,-7.0294,-5.2098,-0.2562,4.3656,0.4189,2.2953
-4.2186,1.5107,4.5370,3.7967,0.1444,-1.4329,-5.9400,-1.7430,-3.1412,3.6392,0.6743,1.5595
-4.2258,3.0622,2.8994,2.2355,0.1783,-0.5331,-7.6255,-0.2945,-3.8451,1.6042,0.7190,1.3276
-5.8155,4.5969,4.2186,0.9041,0.9269,0.7286,-9.7659,-0.2993,-2.5809,-0.5129,0.4714,2.1286
-4.9416,4.7070,5.3654,0.4517,2.4893,1.9328,-10.8745,-0.8619,-2.3224,-2.4139,1.1407,2.7695
-5.3343,3.9816,3.5458,-0.3965,3.2778,2.8617,-6.8235,0.4022,-2.0183,-4.1146,0.2931,2.9487
-4.3359,3.0215,3.1460,-1.9596,3.2238,3.6150,-6.9911,-0.4262,-0.9625,-4.3657,1.0524,3.0371
-3.3232,1.9321,3.8116,-3.1413,3.4011,3.7157,-4.1635,-0.1413,0.9481,-4.3657,1.1334,1.8626
-1.2378,0.2969,4.9033,-4.3194,2.5945,3.4315,-2.4062,-0.4645,1.4605,-4.3657,0.9265,-0.1379
1.6735,-1.6759,4.7860,-4.3657,0.6863,2.3547,0.3998,-2.1548,2.8467,-4.3657,0.1653,-2.9092
2.4445,-3.2010,7.3095,-4.3657,-0.8555,0.9962,-0.5052,-5.6695,4.1132,-4.2258,-0.0755,-4.3657
2.2817,-3.6919,9.7540,-4.3657,-2.1345,-0.5164,-3.6440,-9.9168,5.8778,-2.8190,-0.1719,-4.3657
0.4166,-2.9928,16.6158,-3.9251,-2.4844,-1.0812,-10.6997,-14.0276,7.7285,-0.4646,-0.2542,-4.3657
0.2562,-3.2825,13.9797,-0.7769,-1.9075,-1.8856,-12.9071,-14.3748,8.6981,1.4153,-0.2854,-2.8051
0.3687,-4.1922,11.3078,0.4819,-1.3961,-2.2777,-6.9121,-11.5448,6.1938,2.8364,-0.9763,-0.8891
-0.1389,-4.4077,9.8354,1.3520,-0.0565,-2.6789,-5.6838,-10.5656,3.4596,2.9011,2.1521,-0.8503
-0.5339,-3.0981,10.2855,1.7516,-0.2348,-2.5563,-7.4412,-10.1107,2.9928,3.1313,1.0103,-0.3267
-1.7909,-1.8340,9.7396,2.2064,0.0505,-2.2383,-8.7939,-9.6893,3.2034,3.0176,1.4132,0.5481
-1.7382,-0.5435,9.1099,2.6600,0.7641,-1.5243,-7.8697,-7.5657,2.2194,2.6486,1.3001,1.2999
-2.0279,0.6201,7.4531,2.6061,1.1402,-1.0493,-7.2808,-5.6790,1.3575,2.0963,1.4922,1.7079
-1.9417,1.5562,7.7285,2.4100,1.5679,-0.3126,-8.0685,-5.0805,1.8028,1.4146,1.7821,2.4726
-1.4892,1.8627,6.8546,2.3918,1.7805,0.0436,-8.6910,-3.9265,1.2617,0.7444,1.6157,2.7282
-2.8635,2.4948,6.7325,2.0094,1.6974,0.2370,-5.5474,-1.6209,1.5203,0.7210,0.8382,3.0177
-2.7725,2.9137,5.4995,1.9388,1.8831,0.3672,-8.8921,-1.9489,0.9098,0.2723,1.8920,2.8065
-4.1013,3.4644,4.6448,1.4290,1.9821,0.5546,-7.4029,0.2203,-1.7669,-0.3860,1.0427,2.5634
-4.6184,4.1108,3.8618,0.5409,1.7824,1.0178,-9.9335,-0.2442,-1.8747,-1.4702,0.9587,3.2083
-5.4133,3.9241,3.9816,-0.1268,2.2605,1.4675,-5.5450,2.2865,-1.6759,-2.5905,0.4012,2.7724
-4.7142,3.4907,2.5283,-1.3656,2.2934,1.7608,-5.9664,2.3296,-0.6967,-3.1407,1.1417,1.4440
-3.7924,2.9305,3.8283,-2.5506,1.6894,1.6486,-4.6064,2.7509,-1.3719,-3.7471,1.2887,-0.0127
-2.3870,1.4485,3.4596,-3.7679,0.7998,1.2011,-2.1500,1.9944,-1.4269,-3.9074,-0.0702,-1.8343
-0.3089,-0.9768,3.4692,-4.3657,-1.2854,0.3989,0.7398,-1.5562,1.0463,-3.8107,-0.9084,-4.3657
1.6544,-2.8012,6.3159,-4.3657,-2.4754,-0.5437,-1.6568,-7.6543,3.7158,-3.1159,-0.0827,-4.3657
1.0726,-3.5913,13.1849,-4.3657,-2.1430,-1.7166,-7.1706,-13.1370,8.0038,-1.3993,0.7107,-4.3657
-0.3472,-3.6129,18.9094,-1.7559,-1.5525,-2.8441,-14.5352,-17.4609,9.1004,1.4370,2.0415,-4.3657
-0.9936,-4.5873,15.3444,1.2192,-2.0135,-3.1212,-14.0947,-16.9988,9.4523,4.2285,-0.7598,-1.3507
0.0934,-4.9967,10.4363,2.7480,-0.0015,-4.2376,-5.9017,-12.7946,4.8985,4.3656,1.8295,0.2097
-2.5786,-3.6176,9.8521,3.5104,0.5957,-4.1572,-7.1084,-11.2958,0.6464,4.3656,3.7394,0.4017
-3.3495,-1.6017,8.5425,3.8517,-0.2615,-3.4793,-9.2775,-9.7659,0.6776,4.3656,1.4462,1.0925
-3.9313,0.6464,7.0653,4.0786,0.5562,-2.5039,-9.8067,-6.9192,-1.7909,4.0285,1.9785,2.3633
-4.8626,2.3559,6.1842,3.5044,1.2825,-1.1891,-8.7317,-4.0318,-1.4581,2.4616,1.4111,3.3995
-4.9680,3.3830,4.9153,2.9505,1.9208,0.1765,-7.9464,-1.3288,-2.8754,0.8946,1.3210,3.0806
-4.5131,3.8451,3.6440,1.9994,2.6036,1.3531,-9.8258,-1.0080,-2.5570,-0.8926,1.6461,3.7358
-4.6615,3.8834,2.4205,0.7862,2.9675,1.9795,-4.5897,2.1883,-3.1364,-2.3635,0.3264,3.3561
-4.2665,3.5961,1.9106,-0.9250,2.6480,2.5111,-5.3630,1.8555,-1.3001,-3.8894,0.8907,2.1321
-2.5570,2.8156,2.3200,-2.3670,2.4770,2.2441,-2.5235,2.5331,0.3903,-4.0241,0.6444,0.5211
-1.6807,1.3240,2.7629,-3.9710,1.5773,1.7812,-1.9297,1.2067,-1.6999,-4.3657,0.3657,-1.7030
1.2737,-1.1133,2.1955,-4.3657,-0.3920,0.6556,0.7733,-1.9393,1.3767,-4.3657,-0.4859,-3.8784
2.4852,-4.1396,6.9504,-4.3657,-2.2632,-0.4772,0.2107,-7.5633,3.9528,-3.8251,-0.1135,-4.3657
2.1141,-4.8650,14.0803,-4.3657,-2.0681,-1.8137,-4.4101,-13.5416,8.5784,-1.7912,0.8238,-4.3657
1.0343,-4.5083,19.3978,-2.4375,-2.1773,-3.1626,-14.3341,-18.4952,10.4435,1.2229,2.2272,-4.3657
-0.8571,-5.0613,15.4618,0.4549,-1.8748,-3.7686,-12.6725,-17.2023,10.0149,4.0221,-0.6277,-1.7275
0.3998,-5.2218,11.3844,2.3458,0.4217,-4.3657,-5.1404,-13.6422,6.0597,4.3656,2.3367,-0.5053
-1.9632,-3.9313,10.1778,3.6084,1.4164,-4.3657,-6.9863,-12.3565,1.5874,4.3656,4.3656,0.0125
-3.7972,-1.3838,8.7460,4.1967,0.5512,-3.4852,-11.1713,-11.4970,-0.6991,4.3656,2.2039,2.1350
-5.1044,1.4150,7.7572,4.3203,1.1414,-2.0031,-8.7245,-6.9384,-2.4541,3.5442,1.2955,3.8725
-5.2457,2.5115,6.1723,4.2026,2.4423,-0.0598,-9.0285,-4.6376,-2.6001,1.7495,2.0178,4.3656
-5.7150,3.1843,4.3287,3.4518,3.4370,1.6721,-6.2656,-0.6297,-4.9153,-0.5100,1.2689,4.3656
-4.5442,2.8706,0.9457,1.4781,3.2412,2.9857,-4.9536,0.7398,-3.3567,-2.9584,0.4931,4.3656
-2.7054,2.8060,-0.0910,-0.9342,3.7254,2.9603,-2.4421,1.8723,-0.5387,-4.3657,1.1040,3.3501
-2.9042,2.0901,2.9473,-2.9252,3.7783,2.5575,-2.7653,2.0327,-0.1987,-4.3657,2.2191,1.2132
-2.0710,0.8691,4.3407,-4.3657,2.2230,1.8359,-2.7940,0.4764,-0.3711,-4.3657,1.3546,-1.2061
0.7781,-1.1827,4.4532,-4.3657,-0.0661,0.7786,0.1006,-1.7693,1.6376,-4.3657,-0.4590,-3.5440
2.0327,-3.9313,6.0813,-4.3657,-2.4099,-0.4217,1.2234,-5.8754,3.8307,-3.2851,-0.7348,-4.3657
3.5913,-5.2074,10.2424,-4.3657,-3.5896,-2.0335,-1.3336,-11.2432,5.7174,-1.7786,-0.1657,-4.3657
-0.0622,-5.2672,18.7658,-4.3657,-3.1846,-3.1513,-10.7452,-18.5215,9.5529,0.4033,0.9715,-4.3657
-0.3352,-5.2840,19.3308,-0.1739,-1.6919,-3.3879,-17.3580,-19.6133,11.1713,2.8743,1.4635,-3.4230
-0.7590,-5.3079,11.8417,2.4048,-0.0713,-3.8389,-9.6367,-15.9765,6.2201,4.3656,0.5391,0.3172
-1.8483,-4.5993,10.5536,3.1323,0.9663,-3.6885,-5.6407,-12.1410,1.0367,4.3656,3.2118,0.7826
-3.1651,-2.4732,9.8904,3.7525,1.4262,-2.9735,-8.9016,-10.6853,0.5986,4.1359,3.4514,1.5308
-4.4772,-0.1269,8.1714,4.1733,1.1535,-2.0304,-10.8912,-8.4515,-1.1037,3.5976,1.7172,3.0189
-6.3805,1.8076,6.7612,3.9241,1.7624,-0.8604,-7.9416,-4.7549,-2.7438,2.5468,1.4129,4.2441
-5.8826,2.8156,6.0549,3.7843,2.6209,0.9569,-9.2057,-3.1771,-3.2513,0.7537,1.5540,4.3656
-5.7940,3.0622,2.5977,3.0049,3.6343,2.3911,-6.3638,-0.3735,-4.9871,-1.3619,1.1596,4.3656
-5.0566,2.6169,0.0120,0.7674,3.8597,3.4700,-2.5881,2.4253,-4.4436,-3.7346,0.4020,3.9564
-2.8850,2.2434,-0.4022,-1.9626,3.7609,3.4916,-3.2130,1.7334,-0.7566,-4.3657,1.7820,2.3062
-1.7573,-0.2753,5.4372,-4.3657,1.4874,1.7155,-3.0406,-1.3360,0.5291,-4.3657,0.8222,-1.8794
0.2035,-1.5323,6.2608,-4.3657,-0.6699,0.5736,-1.4772,-3.7517,2.7294,-3.8152,-0.6603,-4.0445
0.9026,-2.6025,8.2600,-4.3657,-2.4050,-0.6827,-3.1699,-7.0773,3.4668,-2.3341,-0.8023,-4.3657
0.8763,-3.5243,9.8521,-4.3657,-3.2349,-1.7626,-4.5107,-10.2161,5.7557,-1.1682,-1.2730,-4.3657
0.1149,-4.0558,15.7802,-3.3602,-2.7420,-2.2965,-9.8186,-15.0859,8.3438,0.4040,0.4850,-4.3657
-0.6608,-4.5250,16.5056,-0.1816,-1.5917,-2.9291,-14.5328,-17.2478,9.8090,2.5903,1.1728,-2.5532
-1.0846,-4.8052,13.1035,2.0697,-0.4138,-3.0310,-9.8857,-14.2814,4.7812,4.1412,0.5549,0.1348
-1.9225,-4.0749,10.6398,2.9220,0.2493,-3.2058,-7.9416,-12.1961,2.4397,4.2340,2.2476,0.7630
-3.2896,-2.2290,11.4730,3.7875,0.9326,-2.6380,-9.6989,-11.0804,1.2402,4.3291,2.1124,1.9561
-4.1683,-0.3926,8.1139,4.3656,1.1995,-1.7884,-10.5297,-8.8681,-1.0989,3.6615,1.5841,3.7602
-5.6671,1.7693,6.3997,4.3120,1.7986,-0.0450,-10.6494,-5.3463,-3.6871,2.2315,1.1680,4.3656
-6.5098,2.6815,4.4077,3.7750,2.5953,1.4309,-6.0861,-1.0367,-5.4947,0.1545,0.4405,4.3656
-5.4923,3.0526,0.2753,2.0055,3.2522,2.9244,-4.4412,1.7813,-4.5011,-2.1953,0.5733,4.1262
-4.7453,2.8730,-0.5698,-1.2389,3.5236,3.4772,-3.4069,2.5426,-3.0095,-4.3657,1.2637,2.9629
-3.2346,2.0039,1.0511,-3.2562,3.6276,3.2199,-2.2505,2.2218,-1.7214,-4.3657,1.6149,1.1616
-1.5921,0.2107,3.1891,-4.3657,1.9529,2.6444,-1.8268,-0.0024,-1.1061,-4.3657,0.6598,-0.8865
0.8715,-2.0231,4.0821,-4.3657,0.1693,1.5066,0.8667,-2.5450,2.2984,-4.3657,-0.4106,-3.1367
2.0159,-3.6368,7.1180,-4.3657,-1.6020,0.3112,-0.4046,-7.2544,4.7884,-4.3657,0.0101,-4.3657
2.6959,-4.4436,12.7491,-4.3657,-1.9702,-1.0528,-5.2936,-11.7388,7.2520,-2.1513,0.8893,-4.3657
1.2905,-4.2832,15.8975,-3.2916,-2.1362,-2.8069,-9.9527,-14.3604,7.9823,0.4289,0.8304,-4.3657
-1.1756,-4.9368,15.7754,-0.5307,-2.6321,-3.3382,-11.9231,-15.9717,9.1243,2.8547,-0.6447,-3.2869
-0.1173,-5.5545,13.0867,1.3186,-1.1422,-3.8004,-9.4763,-15.4330,7.7261,4.3656,1.3464,-1.3611
-0.8715,-5.0350,11.2456,2.8154,0.5929,-4.3126,-7.3789,-13.2495,2.9137,4.3656,2.9062,-0.1709
-3.3615,-2.9305,10.1323,3.5475,0.5585,-3.4728,-9.8402,-11.8082,0.5626,4.3656,2.2131,0.9655
-4.3886,-0.5602,9.5265,3.9535,0.6336,-2.1969,-10.1658,-9.3781,-0.9625,3.9911,1.7404,2.3351
-4.4269,1.2091,6.5601,4.1593,1.9441,-0.7625,-7.9296,-4.9823,-2.4972,2.5237,1.4831,3.4446
-5.1092,2.4517,5.2720,3.1778,2.5895,0.5512,-7.0413,-2.5809,-2.3774,0.8503,1.4951,3.8412
-4.7405,2.8778,4.5418,2.3475,3.1067,1.7026,-7.5968,-1.0965,-3.0742,-1.0027,1.7505,3.7150
-4.5705,3.0263,1.9225,0.7300,3.0519,2.4625,-6.5769,-0.2059,-2.7414,-2.9600,0.4198,4.1783
-4.0558,2.5546,2.3942,-1.0391,3.0114,2.7066,-2.9832,1.5778,0.1389,-3.8339,0.4489,2.6489
-2.4948,2.0662,2.6504,-2.5125,3.1317,2.4364,-3.3351,1.5706,-0.4549,-4.3657,2.0179,0.8645
-1.6352,0.5411,3.9863,-4.0973,2.1304,1.6473,-2.7078,0.3089,-0.5100,-4.3657,0.9000,-1.0074
-0.0599,-1.5012,4.2306,-4.3657,0.2990,0.5798,0.1317,-1.7023,0.7183,-4.2401,0.1559,-3.2835
1.0008,-3.4453,5.6958,-4.3657,-1.8532,-0.5949,-0.4956,-5.9807,2.4157,-3.2205,-0.3158,-4.3657
1.8387,-5.0206,8.8250,-4.3657,-3.0501,-1.9149,-2.4612,-10.0485,4.1084,-1.9466,-0.2256,-4.3657
-0.1987,-5.8227,16.5798,-4.3657,-2.8144,-2.8879,-8.7484,-16.0819,7.4603,-0.0795,0.7292,-4.3657
-1.4198,-5.9161,10.6326,3.3404,1.0567,-4.1855,-5.2577,-13.2711,1.4054,4.3656,3.0058,0.6945
-1.5299,-4.4580,8.9998,3.9237,1.2061,-4.0648,-8.0900,-12.0309,0.4812,4.3656,3.7479,1.9694
-3.8188,-2.5714,8.4611,4.2943,0.6756,-3.3081,-5.7916,-8.5521,-0.8188,4.3656,0.6622,2.5748
-4.9081,-0.3472,7.8937,4.3068,0.4771,-2.2375,-9.9335,-6.9983,-2.1907,4.1961,1.6538,3.0533
-4.8961,1.1779,5.7988,4.2358,1.1564,-0.8187,-9.4116,-4.0630,-3.6727,2.7735,0.4057,3.5268
-6.2489,2.6145,3.2010,3.4319,2.2832,0.6043,-5.6982,-0.4597,-2.3559,1.0387,0.2240,3.8789
-4.5873,3.5003,1.2833,1.7721,3.1063,1.9569,-7.0797,0.7781,-4.3407,-1.2037,2.0428,3.9029
-4.8195,3.3567,1.5251,-0.3147,3.9194,2.6681,-4.6304,2.3727,-1.9848,-3.4821,1.6819,2.8618
-4.2258,2.6504,2.4660,-2.0443,3.4328,3.0008,-3.8618,2.1859,-0.6464,-4.3657,1.7240,1.6391
-2.0973,1.6089,3.1220,-3.4411,2.8775,2.5330,-3.5171,1.1971,0.8787,-4.3657,1.8267,-0.0125
-1.6041,0.2011,5.0829,-4.3657,2.4443,1.6117,-2.8419,-0.1987,-0.1389,-4.3657,1.7529,-1.8858
-0.3400,-1.9369,5.5522,-4.3657,-0.1761,0.4402,-1.1851,-2.8826,-0.3184,-4.1208,0.0957,-3.9700
1.6759,-3.3974,7.7835,-4.3657,-3.1183,-0.5937,-1.1540,-7.4029,3.3710,-3.0932,-1.6162,-4.3657
0.7183,-3.9983,12.1051,-4.3657,-3.9587,-1.8642,-5.2840,-13.0101,8.9663,-1.3771,-1.1419,-4.3657
0.7278,-4.2952,19.6127,-1.8940,-1.4974,-2.6903,-15.2391,-18.7490,11.7124,1.2101,2.5354,-4.3657
-0.0622,-5.0374,14.3748,1.8976,-0.7268,-3.4739,-14.4251,-17.4011,9.1842,4.0613,0.9262,-0.5696
0.0455,-5.1236,11.4323,2.8629,-0.3481,-3.9210,-4.3215,-12.2104,4.6376,4.3656,0.0378,0.6089
-3.3854,-3.1436,9.9335,4.2188,0.6592,-3.8810,-9.1459,-10.1131,0.6847,4.3656,2.3013,1.6634
-7.8841,1.0606,8.1618,4.3656,0.8532,-2.1508,-11.3078,-8.1762,-2.3104,4.3656,1.3474,2.8759
-5.9352,2.1668,4.2617,4.3656,2.4954,0.0845,-9.3613,-3.9145,-5.9975,2.3940,2.1092,3.9506
-6.5529,3.3160,-0.2227,3.3235,3.8905,1.4336,-5.5043,0.4741,-6.0166,-0.4618,1.5394,4.3656
-4.3742,3.7733,-0.1437,0.2878,4.3656,2.5369,-4.0414,2.5642,-3.4309,-3.2963,2.3585,3.9459
-4.4005,3.7733,1.8818,-1.5001,4.3407,2.4317,-4.3742,3.0718,-1.7310,-4.3657,2.4996,2.1911
-3.7014,3.3950,3.2489,-2.8799,2.6857,2.1396,-4.7836,2.2960,-1.3072,-4.3657,0.9285,0.5728
-2.3248,2.5115,3.5769,-3.9219,0.7934,1.5395,-3.3208,1.5610,-0.2921,-4.3015,-0.5922,-0.9910
-0.3926,0.7302,3.7924,-4.3657,-0.9499,0.8484,-0.4429,-0.1030,0.4741,-4.0955,-1.4133,-3.0112
1.3336,-1.1396,4.3814,-4.3657,-2.8270,0.0409,-0.0910,-3.8762,2.6695,-3.7263,-1.9661,-4.3657
2.8922,-2.8754,7.5585,-4.3657,-3.7156,-0.9673,-1.3312,-8.1116,5.9640,-3.0804,-1.5334,-4.3657
1.2402,-3.2681,14.5089,-4.3657,-2.5948,-1.9157,-6.5218,-13.1825,8.4276,-1.7154,0.5913,-4.3657
0.0551,-3.6679,19.1967,-1.7361,-1.3201,-2.6085,-15.2774,-18.0714,12.0740,0.8516,2.1933,-4.3657
0.2705,-4.4987,14.1306,1.1979,-0.8406,-3.0573,-12.8186,-16.1585,9.2129,3.7562,-0.1548,-0.4751
-0.2442,-4.6256,11.3557,2.5720,0.5498,-3.7470,-5.7078,-11.7938,3.9073,4.3656,2.0720,0.3507
-2.6647,-2.7557,10.3238,3.4664,1.1778,-3.8016,-9.7061,-11.0923,1.5107,4.3656,3.8277,1.1547
-4.9608,-0.8308,9.3541,4.0594,0.2791,-2.6930,-10.6350,-9.5529,-0.0168,4.3656,0.6227,1.8327
-6.7493,1.3408,8.1547,4.3020,0.8929,-1.4544,-10.6566,-7.2209,-0.7326,3.7345,1.2381,2.8563
-4.5514,1.8914,4.7477,4.2285,2.6056,0.2364,-9.0644,-4.3646,-3.8451,2.0089,1.9176,4.2032
-5.8658,2.9784,2.6624,2.7644,3.6496,1.5752,-4.4867,0.3424,-3.7661,-0.3660,1.4250,4.1939
-5.0422,3.3902,1.7502,1.0476,4.0312,2.6163,-7.1922,1.0008,-4.9368,-2.6319,2.7739,3.2243
-6.0430,2.8970,0.4046,-1.3075,3.9844,2.7636,-4.9392,1.3623,-2.3511,-4.3657,0.9108,2.9071
-4.3622,1.9776,2.5881,-3.0597,3.4984,2.8057,-3.7948,1.5945,-1.5682,-4.3657,1.6639,1.3920
-3.3543,1.3001,3.2394,-4.2437,2.7499,1.9913,-4.3072,0.6081,-1.5682,-4.3657,1.7938,-0.6384
-1.5874,-0.2035,4.4197,-4.3657,0.5692,1.2369,-1.4581,-0.6512,-0.5746,-4.3657,-0.4904,-2.4433
0.5339,-2.2266,5.2768,-4.3657,-2.4273,0.2719,0.2203,-4.3311,1.9824,-3.8789,-1.8090,-4.3657
1.8627,-3.6440,8.4300,-4.3657,-3.7692,-0.7342,-2.7605,-9.3565,5.5689,-2.7731,-1.4218,-4.3657
0.1772,-3.8307,15.5671,-4.3657,-2.5951,-1.7856,-8.4348,-14.1018,7.9918,-0.9738,0.3062,-4.3657
-0.2610,-3.7948,17.6692,-1.1446,-1.7910,-2.5338,-15.6509,-17.2311,10.5584,1.4578,1.2395,-3.6567
0.0838,-4.7477,12.8712,1.4189,-1.2753,-2.8586,-10.2208,-14.6166,7.5705,3.8537,-0.8042,-0.2952
-1.1085,-4.9321,11.1618,2.5759,0.1302,-3.3774,-5.9711,-11.7675,2.5786,4.3604,2.1653,-0.1243
-2.9353,-2.7246,10.8266,3.1662,0.4454,-3.1339,-9.8976,-11.1594,2.6073,4.1715,2.4594,0.6520
-3.3208,-1.0750,9.5361,4.1508,0.4290,-2.5592,-9.7731,-8.9591,0.4094,4.3388,1.2601,2.1717
-5.6312,0.8356,7.0461,4.1781,0.9850,-1.6052,-8.8969,-5.7126,-1.1540,3.6196,1.1419,2.6918
-5.4396,2.1428,5.8921,3.9988,1.6435,-0.3183,-8.8322,-3.7062,-2.4229,2.4143,1.5180,3.2953
-5.7652,2.9018,3.9744,3.2546,2.1818,0.8471,-8.1044,-1.3503,-5.2337,0.6859,0.9610,3.8341
-6.5529,3.4189,1.0391,1.5957,2.5920,2.3240,-7.0198,0.4788,-5.9520,-1.9351,0.3441,3.9467
-5.1020,2.8826,-0.1413,-0.9972,3.1293,3.1925,-5.3558,0.5986,-2.4445,-4.3657,0.5331,3.0911
-4.6735,2.1548,3.2130,-2.8662,4.3152,3.2258,-5.2577,0.1149,-0.4980,-4.3657,2.3894,2.2387
-3.9193,0.8116,4.2569,-4.2134,3.5000,3.0228,-4.8746,-0.5387,0.6249,-4.3657,1.6811,0.3780
-1.0247,-0.8835,4.8363,-4.3657,1.9725,2.1525,-1.5179,-0.7446,-0.0838,-4.3657,0.9285,-1.3211
0.0910,-2.8515,4.9201,-4.3657,-0.0580,0.7733,-0.1604,-3.8642,1.4868,-4.3657,0.0738,-3.9133
0.5387,-3.5674,9.4739,-4.3657,-2.0327,-0.3704,-4.5514,-9.2727,5.6838,-3.3055,0.1439,-4.3657
1.2450,-3.6847,15.4258,-4.3657,-1.6225,-1.7150,-10.2232,-12.9790,8.7556,-0.4958,1.1663,-4.3657
-0.0239,-4.5514,15.8089,-0.6916,-2.1166,-3.2290,-10.5082,-13.0460,7.1898,2.4175,-0.1364,-3.4095
-2.3152,-5.0566,12.9431,0.7321,-2.8979,-3.9322,-9.4068,-13.4865,7.0629,4.2232,-0.7580,-2.4072
-2.0470,-5.0206,11.7483,2.1762,-0.8680,-4.3090,-8.5449,-13.6757,4.6974,4.3656,2.3557,-1.7650
-3.4141,-3.9768,9.8737,3.1335,-0.1258,-4.3657,-9.2320,-12.0692,-0.4214,4.3656,2.1879,-0.3050
-5.5258,-1.3479,9.2416,3.3735,-0.2590,-3.2246,-11.5496,-10.3669,-0.7207,4.2831,1.5925,0.8204
-5.0805,0.5411,8.7700,3.7010,1.0551,-1.6840,-11.2504,-7.8290,-1.0798,3.2596,1.6774,2.5491
-5.8059,1.8531,6.3470,3.7774,2.1362,-0.4357,-9.3254,-4.9201,-2.2936,1.8842,1.4300,3.6187
-5.8203,2.8467,5.3008,3.2186,2.9627,1.1675,-9.7636,-3.5314,-2.7605,0.2048,1.7796,4.2846
-5.0589,2.5331,4.4939,2.5017,3.7398,2.1891,-7.3837,-1.3934,-3.8140,-1.6105,1.3844,4.3656
-3.9696,3.0981,1.3288,0.7694,3.2748,2.6131,-4.3551,0.1987,-0.6201,-2.9922,0.1935,4.3656
-3.8068,3.1723,2.5283,-0.8339,3.3846,2.6905,-3.3782,1.9632,0.6393,-3.7852,1.5419,3.2538
-2.7174,2.9113,3.2370,-1.9200,3.2367,2.2575,-3.1603,2.6647,0.6752,-3.9867,1.9581,1.3618
-1.9201,2.2482,3.3854,-3.1284,1.8702,1.5652,-3.2872,2.1644,0.2705,-3.6990,1.0465,-0.6298
-0.6057,0.8691,4.2952,-4.1789,0.4931,0.4846,-0.8595,0.9697,0.6512,-3.4901,0.3721,-2.7752
0.5674,-0.7254,4.3814,-4.3657,-1.5693,-0.6777,-1.0750,-3.0598,2.6743,-2.7587,-0.3721,-4.3657
0.5986,-2.1021,8.6957,-4.3657,-2.6979,-1.6601,-4.2090,-7.2951,4.7046,-1.7313,0.0946,-4.3657
0.0359,-2.8491,13.0316,-4.2838,-2.1298,-2.5740,-7.8745,-11.3796,6.5912,-0.2931,0.6006,-4.3657
-1.4317,-3.4453,16.8480,-1.5878,-1.7988,-3.3469,-12.4331,-14.8417,8.3486,1.8878,1.2706,-4.3657
-2.0063,-4.1515,13.8576,0.9687,-1.6158,-3.8105,-12.7755,-15.3827,7.3239,4.0232,0.5954,-1.6100
-1.6113,-4.7980,12.2966,2.5347,-0.0677,-4.0457,-8.4898,-13.9343,4.3862,4.3656,2.0656,-0.3804
-2.9808,-4.1683,10.5824,3.7391,0.7709,-4.1236,-8.8083,-12.7060,1.1923,4.3656,3.1026,0.8402
-5.0111,-2.0494,9.9527,4.3656,0.6213,-3.0767,-10.1682,-10.3837,-1.3838,4.3656,1.9501,2.1001
-6.1148,0.5100,7.8578,4.3656,1.2328,-1.7289,-9.5074,-6.5457,-2.8659,3.9101,1.4813,3.1676
-5.9879,1.9249,4.7214,4.3656,2.0110,-0.3220,-9.6055,-3.9528,-4.1875,2.2501,1.2875,3.9627
-5.2481,2.9784,1.6209,3.1056,2.2837,0.8985,-5.4037,0.7853,-4.8842,0.5408,0.6059,3.6861
-5.3103,3.8259,0.5938,1.0206,2.2463,1.7497,-5.5402,2.2984,-5.0470,-1.6479,0.9322,3.0788
-4.8842,3.6152,1.0295,-1.0848,2.6974,2.3884,-4.7357,2.6336,-3.5362,-3.7036,0.6627,1.8819
-3.4836,3.1244,1.1827,-2.9167,1.9426,2.2904,-4.2569,1.4629,-0.2346,-4.3657,0.2769,0.6861
-2.0734,1.5778,3.0095,-4.2988,1.3158,1.9606,-2.6049,0.8499,-0.8068,-4.3657,0.3742,-0.7253
-0.7063,-0.5195,3.3208,-4.3657,-0.0723,1.2978,-0.3926,-1.6831,0.7542,-4.3657,-0.5438,-2.9098
0.9218,-2.2170,5.9783,-4.3657,-1.5771,0.6879,-1.5562,-5.6168,2.6049,-4.3657,-0.2659,-4.3657
2.1644,-3.9576,9.7324,-4.3657,-1.8346,-0.4459,-4.5921,-10.1945,6.4500,-3.3476,-0.0124,-4.3657
1.6616,-4.3718,17.4250,-3.8556,-1.6787,-1.8479,-9.3637,-14.2431,9.4355,-0.8252,1.3824,-4.3657
-0.5387,-4.9608,17.4298,-0.4177,-1.8698,-2.7795,-13.9989,-17.0922,10.9798,2.3409,0.1608,-2.8190
1.0750,-5.5929,13.1059,1.8042,-0.6684,-3.6022,-9.8210,-15.3636,7.8123,4.3656,0.9212,-0.3940
-1.6664,-5.1523,11.6478,3.3942,0.9447,-4.2746,-7.9368,-13.4578,3.2537,4.3656,3.2472,0.5991
-4.2521,-3.0981,9.9455,4.2381,0.7100,-3.7433,-10.1586,-11.6957,-0.5483,4.3656,2.1990,1.7817
-6.0717,-0.0742,8.7508,4.3656,0.5850,-2.0310,-10.6183,-8.9447,-1.8938,4.3656,0.8937,2.9820
-5.1380,1.4700,5.5593,4.3656,1.9724,-0.5849,-7.8099,-4.3096,-3.1005,2.9517,1.0762,4.0028
-4.4101,2.5402,4.5633,3.5594,2.9228,0.9691,-6.4643,-1.4317,-2.5666,0.9045,1.6686,4.0641
-3.9959,3.4668,2.7773,2.4448,3.0358,1.8851,-6.2776,0.8212,-3.8666,-0.9491,1.5676,4.0278
-4.0318,3.6224,-0.1772,0.2451,2.6902,2.2795,-3.7350,2.7318,-2.3104,-2.7692,0.0733,2.8177
-2.6767,2.1859,2.5522,-3.5617,2.4082,1.9243,-3.9863,1.1492,-0.6895,-4.3657,1.3815,-0.5429
-1.6113,0.3208,3.9289,-4.3657,0.8440,1.2773,-1.8507,-0.4046,-0.5531,-4.3657,0.2891,-2.3144
-0.2729,-1.7286,4.4460,-4.3657,-0.9369,0.3766,-1.1732,-3.8906,0.9960,-4.3136,-0.3537,-4.3274
1.2665,-3.4788,8.0469,-4.3657,-2.5897,-0.4914,-4.5729,-9.1123,4.1946,-3.6777,-0.4346,-4.3657
-0.6105,-3.7733,17.1233,-4.3657,-1.8948,-1.3017,-9.5648,-13.3525,8.3725,-1.3500,0.5646,-4.3657
-1.1301,-3.8044,16.7666,-0.5642,-1.1850,-2.1009,-14.6789,-16.1034,10.1347,1.4691,0.9459,-3.4459
-0.0048,-4.7573,12.9814,1.5044,-0.9338,-2.7560,-10.8074,-14.4107,7.0246,3.8424,-0.0525,-0.0159
-1.5754,-5.1284,11.7124,3.1964,0.5600,-3.6723,-8.4994,-13.1490,3.0287,4.3656,2.7785,0.9034
-4.3000,-4.1492,11.1546,4.2324,0.4366,-3.2830,-8.9567,-11.9327,0.3855,4.3656,1.5163,1.5571
-4.8052,-2.3200,8.5545,4.3656,0.0747,-2.6923,-10.0509,-9.1554,-2.9975,4.3656,1.1936,2.4708
-8.4420,1.5203,5.6958,4.3656,0.8863,-1.0180,-11.4108,-5.4492,-5.6383,3.4067,0.3761,3.4570
-7.2305,3.1580,3.7086,3.6323,1.6779,1.2738,-9.2296,-1.8268,-6.5218,0.7592,0.1580,4.3656
-5.9735,3.6823,0.8308,2.1413,2.9826,3.0249,-6.0789,0.6536,-4.3287,-1.9843,0.2797,4.3656
-3.0789,3.4381,-0.4022,-0.4207,4.1351,3.6612,-2.4062,2.2745,-0.6656,-4.1981,1.2079,3.8196
-2.6767,2.4780,2.4684,-2.7111,4.0568,3.2584,-2.6121,2.1021,-0.0958,-4.3657,2.3473,1.8235
-1.7669,1.4198,3.5602,-4.2130,2.4617,2.4985,-3.1580,0.5674,0.5938,-4.3657,1.1433,-0.2550
-0.3112,-0.2346,4.3574,-4.3657,0.5661,1.6479,-0.3735,-0.4956,0.6895,-4.3657,-0.1988,-2.0588
1.7334,-2.3822,5.5162,-4.3657,-1.8514,0.5327,0.8739,-4.3503,2.3511,-4.2779,-1.1362,-4.3657
2.8802,-3.9504,6.9360,-4.3657,-3.2775,-0.6170,-1.5467,-9.0956,4.2353,-3.5094,-0.7754,-4.3657
1.8962,-4.4652,14.3317,-4.3657,-2.8535,-1.2958,-6.4524,-13.9558,7.9176,-2.1815,-0.0678,-4.3657
0.3184,-4.8746,19.2781,-1.8927,-1.4277,-2.0194,-15.3253,-19.0411,11.2408,0.4497,2.0803,-4.3657
1.1636,-5.6838,14.2934,1.3885,-0.6398,-2.7256,-12.0740,-16.8288,9.6007,3.6864,-0.5372,0.1648
0.2682,-5.6216,12.1554,3.1609,0.6659,-3.6752,-4.7669,-12.9239,5.1499,4.3656,1.9453,0.8815
-1.5706,-3.5147,10.5584,4.1623,1.0034,-3.6576,-8.2001,-11.2073,0.8595,4.3656,3.5703,0.9715
-3.1125,-1.9465,8.8466,4.3656,0.3992,-3.1893,-10.2113,-10.2065,0.5842,4.3656,1.1405,1.8393
-5.9687,0.5626,7.7381,4.3656,0.6728,-2.3216,-9.1842,-6.8115,-2.7533,4.3656,1.2359,2.9111
-7.6519,1.7980,5.7054,4.3656,1.4107,-0.2178,-10.0724,-4.0318,-7.3526,2.7568,1.1159,3.3620
-6.6224,1.9848,2.3607,3.5619,2.0835,1.8802,-6.4308,-1.5921,-4.0462,0.2342,-0.3345,3.9167
-3.2226,2.4995,-0.5986,1.3193,3.8809,2.9489,-4.8650,0.5842,-4.2210,-2.6528,1.6939,3.6836
-5.3774,2.5905,1.2953,-1.5930,4.3656,2.9487,-4.8339,0.7207,-2.1141,-4.3657,2.6175,2.2803
-3.6081,1.7909,3.3519,-3.4584,3.3449,3.0004,-4.9368,-0.1317,-1.7621,-4.3657,1.3616,1.2738
-2.1261,0.7877,4.4029,-4.3657,2.0564,2.6444,-4.1276,-1.3072,0.1149,-4.3657,-0.1170,0.0975
0.0455,-0.6512,6.0645,-4.3657,0.7655,1.7054,-1.1253,-2.7174,3.7637,-4.3657,-0.1270,-1.8355
1.5083,-1.7621,9.2225,-4.3657,-0.5790,0.5482,-3.5291,-5.8993,6.4979,-3.4410,0.0211,-3.7539
2.6288,-2.5498,11.5353,-4.2817,-1.6983,-1.0697,-4.3144,-7.8266,6.4859,-1.5207,-0.1005,-4.3657
0.5531,-2.8036,11.6646,-3.1553,-2.9051,-2.2355,-6.1531,-10.4291,8.0948,0.1134,-1.3018,-4.3657
1.2115,-3.0239,15.2295,-1.8536,-2.5827,-2.6958,-10.4459,-13.3860,9.4116,1.6374,0.7849,-3.9867
-0.3376,-3.6943,15.6940,0.8721,-1.2387,-3.7614,-12.0787,-14.4203,8.6311,3.4875,1.0936,-1.5777
-0.3448,-3.9002,12.5384,2.5888,-0.7721,-3.9750,-7.5824,-12.2416,6.4093,4.3656,0.3837,-0.3431
-2.3846,-3.0335,10.2352,3.3437,0.1470,-3.9426,-8.7628,-12.0309,3.6248,4.3656,2.7824,0.0441
-3.6464,-1.4341,9.9790,4.0910,0.8840,-3.1256,-9.8641,-9.8952,-0.3879,4.3656,2.2240,1.3025
-4.8507,1.0415,7.4316,4.2946,1.0315,-1.8855,-9.7133,-6.7157,-2.0255,3.6766,1.3109,2.8477
-5.6431,2.3583,4.6471,3.6825,2.1409,-0.2719,-7.4268,-3.1484,-3.2753,1.8291,1.3748,3.5455
-4.6160,3.1484,3.2705,2.5025,3.0498,1.0852,-7.7788,-1.1971,-3.0526,-0.3060,1.8598,3.3396
-4.7477,3.5267,2.5426,1.0216,3.2163,1.9240,-5.1882,1.0367,-2.4277,-1.9604,1.0208,3.3929
-5.1571,3.6464,1.5610,-0.6018,3.1970,2.3481,-5.7581,1.0774,-1.3910,-3.2511,1.3059,2.7456
-3.7637,3.3160,3.0071,-1.8824,3.2219,2.6349,-6.6343,0.9026,-1.5179,-4.2594,1.7497,1.8929
-4.0677,3.0718,3.3495,-2.5516,3.0859,2.1117,-5.8538,0.4166,0.0742,-4.3657,1.1684,1.1430
-2.9137,1.7166,4.2473,-3.5693,2.3357,1.6878,-6.0908,-0.7015,-0.5459,-4.3657,1.3979,-0.0027
-1.5610,0.8212,6.0980,-3.9880,0.5412,0.6655,-4.7477,-2.1476,5.0422,-4.1379,-0.0015,-0.9454
-1.1325,0.5842,11.0660,-3.3602,0.3718,0.2513,-6.1603,-3.3375,5.1260,-2.3152,1.1979,-2.3851
-0.3472,-0.0215,10.2065,-2.1546,-0.8684,-0.8949,-7.2425,-4.8985,5.2864,-0.4898,0.4120,-3.2520
-0.3208,-0.8332,10.3382,-1.7632,-2.7512,-2.0415,-7.1443,-7.2161,7.7189,1.0620,-1.3816,-3.4901
-0.0479,-1.0822,14.1042,-0.4142,-1.8538,-3.1632,-10.9750,-10.1586,8.5425,3.0706,1.5926,-2.8889
-3.0789,-1.3360,11.9973,1.8431,-1.2921,-3.8982,-11.0468,-9.2751,3.1196,4.3656,0.5127,-1.9508
-3.8810,-1.3240,10.0772,2.0255,-2.0843,-3.7346,-10.4028,-9.0237,2.5786,4.3656,-0.0372,-1.1497
-4.3814,-0.6560,9.6798,2.6341,-0.5521,-3.4270,-11.7124,-8.9759,1.8004,4.2713,1.5908,-0.1352
-5.1595,0.4741,10.3501,3.3237,0.3092,-2.5919,-12.7898,-8.4563,0.4070,4.1723,1.3639,1.4472
-6.1220,1.2689,8.5497,4.0721,0.6207,-1.4446,-10.5417,-5.3798,-1.6376,3.6188,0.5380,2.3802
-5.2385,2.2936,4.3096,3.8681,1.4109,-0.5890,-9.2344,-2.7031,-3.4477,2.4722,0.7995,2.9350
-6.3494,3.2322,3.0837,2.7701,1.8315,0.3485,-6.4069,1.0199,-4.9919,0.6660,0.5071,2.6722
-5.7293,3.9456,0.8835,1.3007,2.5555,1.6065,-7.1730,1.3886,-2.6121,-1.5595,0.8464,2.8019
-4.5586,4.3120,-1.2665,-0.4884,3.7951,1.6054,-6.2991,2.0063,-1.6807,-3.0758,2.3072,2.2555
-5.1523,3.5865,1.5658,-2.2214,3.7822,1.3266,-5.0494,2.7605,-3.0143,-3.9860,2.1316,1.4280
-4.4963,2.6743,3.0119,-3.6246,2.4513,1.2644,-4.8076,1.9321,-1.4269,-4.3657,1.4170,-0.1587
-2.9425,1.1325,3.5913,-4.3657,0.3258,0.9340,-1.7406,0.6416,0.1580,-4.2967,-0.0683,-1.9409
0.1101,-0.5866,4.5418,-4.3657,-1.7581,0.1923,-0.3903,-2.8252,2.9736,-3.5735,-0.9958,-4.3411
0.5626,-1.8004,7.8937,-4.3657,-1.9096,-0.6528,-3.4117,-6.9983,4.0510,-2.6922,0.5188,-4.3657
1.1396,-2.4469,9.7659,-4.3657,-1.8315,-1.8319,-8.3677,-10.5297,5.0206,-1.4328,1.5140,-4.3657
-1.7142,-3.2513,15.1433,-3.4426,-2.4601,-2.4866,-11.0708,-12.8617,6.6655,0.3477,-0.0517,-4.3657
-1.6305,-4.1108,17.5375,-0.2878,-1.3712,-2.8133,-13.6805,-15.0883,8.2121,2.4417,1.3238,-2.6011
-1.8292,-4.6495,12.9287,2.0240,-0.4183,-3.5811,-9.2895,-12.9095,4.8937,4.2687,0.7021,-0.4317
-2.7964,-4.1779,10.4244,2.8599,-0.1525,-3.5939,-8.5353,-11.8968,1.4413,4.3656,1.9849,-0.1226
-3.8523,-3.1603,9.8210,3.2114,0.2887,-3.2686,-9.4284,-11.0445,-0.0120,4.3656,1.8174,1.2657
-5.3247,-1.2833,10.2663,4.0882,0.9543,-2.3585,-10.4603,-9.2680,-0.8619,4.2018,1.4963,2.6052
-6.5960,0.3974,6.7780,4.3656,1.4144,-0.9455,-10.2137,-5.8897,-4.7262,2.9122,1.1073,2.9838
-6.9839,1.8411,4.9752,3.6556,1.9179,1.0599,-8.0709,-2.8491,-4.3144,1.2550,0.1724,3.8886
-5.3678,2.9137,1.0894,2.5118,2.6067,2.3739,-6.5553,-0.2155,-4.7573,-1.0058,0.4602,4.3343
-3.3878,2.5043,1.5371,-2.0909,3.7771,2.7544,-4.4939,1.1732,-0.7781,-4.3657,2.0114,2.8525
-3.3016,1.9513,3.3926,-3.3011,3.1565,2.1063,-3.6440,1.1229,1.4150,-4.3657,1.5423,1.0492
-2.6887,1.2115,5.9903,-3.9017,2.0752,1.4389,-4.4484,0.2753,0.7638,-4.2723,1.8183,-1.0460
-1.7142,0.4166,5.8419,-4.0634,0.2288,0.4147,-4.0510,-1.4174,1.8938,-3.1203,0.1889,-2.8511
-0.3232,-0.7973,7.2449,-4.2256,-1.5002,-0.6235,-4.0582,-4.0701,3.4596,-2.0626,-0.2088,-4.1518
-1.1325,-1.5299,9.7899,-3.9122,-2.1382,-1.7019,-7.6255,-7.5848,4.6136,-0.6380,0.2709,-4.3657
-0.5866,-2.3415,12.5217,-2.8563,-2.0242,-2.6754,-8.2025,-9.8234,7.7740,0.9523,0.2386,-4.1963
-2.2194,-2.4397,15.2152,-0.7572,-2.0462,-3.2074,-13.3357,-13.1753,6.1483,2.9801,1.3339,-3.4884
-3.1388,-2.5355,14.2216,1.4068,-1.7718,-3.2622,-14.8177,-13.2280,4.1348,4.0019,0.1346,-0.6847
-4.0893,-2.3918,11.1953,2.9499,-0.1263,-2.8031,-10.8362,-10.4220,1.1468,4.2458,0.3964,0.7910
-5.3486,-1.3192,8.6167,3.3466,0.9016,-2.0134,-11.3389,-8.4587,-1.9728,3.2306,1.9815,1.7435
-6.9623,0.1676,7.5729,3.2367,1.3122,-0.6206,-11.1043,-6.1028,-4.0055,2.0459,0.7198,3.2170
-7.4148,1.2474,6.5864,3.0515,1.9080,1.0328,-10.3669,-3.5889,-4.9153,0.4731,0.6291,3.2106
-5.6168,1.6520,2.7701,2.0458,2.0791,2.0796,-7.0629,-1.5993,-2.6121,-1.1167,-0.1713,3.8459
-5.6623,2.2290,3.2729,0.7240,2.5594,2.6672,-6.7660,-0.0287,-3.5027,-2.4549,0.7277,3.2470
-4.7621,2.2170,2.3080,-0.5048,2.5874,2.9495,-5.1475,0.7638,-1.2450,-3.3294,0.3144,2.5516
-3.7134,1.9872,2.0614,-1.8751,2.1492,2.7339,-3.6057,1.6975,-2.1069,-4.0774,0.2840,1.2794
-1.9513,0.9744,2.9281,-3.3870,1.8135,1.9954,-2.8180,0.5866,0.0958,-4.3555,0.7505,-0.5344
-0.8691,-0.5171,4.9704,-4.3657,-0.2609,0.6131,-1.1684,-1.3455,2.1811,-3.5558,-0.2202,-3.1408
0.8691,-1.5850,7.0461,-4.3657,-1.9506,-0.4727,-2.9616,-5.4229,3.3064,-2.6759,-0.0973,-4.3657
-0.3663,-2.2769,10.6183,-4.3657,-2.3586,-1.4586,-7.2544,-9.3829,5.7197,-1.2514,-0.0762,-4.3657
-1.5993,-2.1572,15.1649,-2.7186,-1.7497,-2.0105,-12.1027,-12.3373,5.7628,0.2691,0.7337,-4.3657
-3.2106,-2.3727,15.5025,0.0019,-1.6186,-2.0304,-16.2207,-14.5472,7.5633,2.0535,-0.0234,-1.5740
-0.7254,-3.4069,12.4738,1.9560,-0.4988,-2.1725,-8.6814,-10.9295,4.9129,3.4155,-0.2270,0.1603
-3.1867,-2.9808,9.6223,2.9336,0.4213,-2.3990,-9.1650,-9.8593,1.1803,3.6687,2.1256,0.5343
-3.8211,-1.5299,9.6295,3.1196,-0.0333,-1.8679,-10.1873,-8.9160,0.7494,3.6262,0.7398,1.5188
-4.9201,0.1221,8.5976,3.6782,0.3118,-1.4374,-10.6350,-7.2544,-0.6488,3.2253,0.7189,2.9929
-5.4971,1.5323,7.2065,3.8447,1.4128,-0.2634,-10.0245,-4.8219,-1.4605,2.4818,0.8163,3.0152
-6.5170,2.4708,4.6017,3.6090,2.0051,1.0140,-8.3606,-2.2889,-4.0630,0.8404,0.6482,4.1863
-5.6551,2.9856,1.0942,2.0812,2.8809,2.1658,-5.5617,0.8715,-4.5490,-1.1924,0.3757,4.0514
-5.5617,2.9808,0.5722,-0.3600,3.8780,2.7981,-4.4293,2.2577,-3.9049,-3.7517,1.8851,3.1746
-4.4125,2.2721,1.0582,-2.4046,3.8022,2.7047,-4.4604,1.9369,-1.8986,-4.3657,1.8675,1.8594
-4.0845,1.3408,2.8467,-4.0185,2.8629,1.9315,-4.0007,1.1085,-1.6951,-4.3657,1.7930,0.0304
-2.5642,-0.0551,4.5490,-4.3657,1.0579,1.2477,-1.9920,-0.0862,0.1149,-4.3657,0.4938,-1.9209
-0.3879,-1.7478,6.1603,-4.3657,-1.1175,0.1306,-2.2458,-3.6631,2.3846,-3.4162,-0.2777,-4.1275
0.3065,-2.3822,9.1530,-4.3657,-2.5848,-1.0806,-3.8188,-6.8833,4.8291,-1.6862,-0.4090,-4.3657
0.2658,-2.9664,11.5760,-3.8750,-2.9228,-2.3282,-8.7867,-10.9152,6.2944,-0.0811,-0.2234,-4.3657
-2.4708,-3.1292,15.9933,-1.8683,-2.4465,-3.0315,-10.9798,-12.7779,6.5649,1.6836,0.1624,-4.3657
-2.3511,-3.2370,15.2798,0.9427,-1.8234,-2.8326,-15.0188,-15.4091,7.9248,3.3686,0.0898,-2.2387
-1.5131,-3.3447,11.3198,2.5945,-0.2005,-3.0257,-9.6151,-12.0357,3.5219,4.2084,1.3386,0.1460
-3.0789,-2.3296,10.2496,3.2759,0.6732,-2.9067,-10.2113,-10.7452,1.9944,4.0665,1.9706,1.4262
-3.9624,-1.2163,9.6223,3.8726,0.7682,-2.3299,-8.4611,-8.1714,0.5004,4.1474,1.6746,1.7019
-4.2090,0.1197,7.5058,4.0052,1.0280,-1.8714,-8.6143,-6.0885,-0.5674,3.7319,1.4413,2.6417
-4.7501,1.1325,6.6487,3.8881,1.1940,-1.0984,-8.5641,-4.2234,-1.2139,3.0226,1.2545,2.5572
-5.5785,2.3607,4.7501,3.4783,1.4867,-0.4045,-8.3294,-2.2266,-2.0710,2.1075,1.2009,2.8913
-5.6479,3.5003,3.4500,2.6724,1.8684,0.5469,-8.1403,-0.0455,-3.9792,0.6743,1.0347,3.0434
-6.1579,3.7350,1.2186,1.4526,2.2687,1.3134,-6.7133,1.8483,-4.9584,-0.9479,0.8056,2.7530
-5.9161,3.9528,0.2945,-0.4463,2.2675,1.9285,-6.8307,1.9632,-3.6799,-2.9132,0.7353,2.6540
-5.0374,3.5147,1.7286,-1.7275,2.7256,2.1502,-6.2273,1.6783,-1.3048,-4.0929,1.1997,2.0547
-4.8315,3.1795,3.6727,-2.7516,2.9842,1.9738,-5.6407,1.6305,1.0343,-4.1027,1.8234,0.6791
-3.3662,2.8419,5.0182,-3.0623,2.2350,1.5601,-8.7484,0.0239,-0.3160,-3.9744,2.1626,-0.0305
-2.4181,2.3511,5.4181,-3.1734,0.6706,0.6797,-5.4588,0.5674,1.4246,-3.6282,0.2096,0.2221
-2.1165,1.4054,6.1603,-3.3462,-1.0916,-0.0159,-3.1077,0.2274,3.6536,-2.4268,-0.9554,-1.7143
-0.2562,0.0120,7.5968,-3.5318,-1.9748,-0.8436,-2.9784,-2.5235,4.5921,-1.0905,-0.1528,-4.3657
0.6249,-1.0247,9.5481,-3.2732,-1.8127,-2.1939,-5.1787,-6.1723,5.5162,0.1171,0.6459,-4.3657
0.0646,-2.1189,10.9415,-2.4625,-2.6181,-3.3369,-7.2161,-9.1435,6.1435,1.5917,-0.0135,-4.3657
-1.1612,-2.7270,13.2615,-1.5351,-2.8790,-3.8713,-8.7101,-11.7555,6.2465,2.8306,0.3689,-4.3657
-2.5211,-2.8204,13.4410,0.2757,-1.8101,-4.1252,-12.8784,-13.8409,5.7772,3.7471,1.4216,-3.7473
-2.7725,-2.9664,11.8321,1.6611,-0.4946,-3.8233,-11.8226,-13.0891,3.7110,4.2206,1.3330,-1.1718
-3.4477,-2.6288,9.4930,2.4107,0.5124,-3.5595,-9.7540,-10.7021,0.2370,3.9805,2.4064,0.5419
-3.7733,-1.8028,9.7205,2.7752,0.6615,-2.8714,-10.7428,-9.5361,-0.4190,3.4992,1.9157,1.6776
-5.2313,-0.3687,7.9009,3.3203,0.7366,-1.9596,-8.0086,-6.2321,-0.4764,3.2590,0.6688,1.8239
-4.0893,0.8188,6.6319,2.8480,0.8992,-0.9835,-8.6191,-4.7381,-0.7350,2.2605,1.1763,2.3108
-4.3886,1.6664,6.8690,2.8078,2.0290,-0.1112,-9.3182,-3.6895,-0.7709,1.5771,1.5656,2.6116
-5.8347,2.5474,6.1411,2.7965,2.1324,0.7376,-9.1411,-1.9417,-2.9592,0.5360,0.9463,2.8441
-6.1699,2.8826,4.0366,2.1278,2.1448,2.5042,-7.8554,-0.2705,-3.1412,-0.9906,0.2650,3.1256
-3.2801,3.4141,-0.2370,0.3645,3.0237,2.5105,-5.8371,0.9673,-1.2115,-2.6930,1.0039,3.0250
-4.3886,3.6679,1.9800,-1.5162,3.4735,2.1465,-5.1308,2.3200,-1.7286,-3.7385,1.8325,2.1313
-3.6224,2.7964,2.7342,-2.9074,2.4128,1.9292,-4.0869,1.9321,-0.7422,-4.3657,1.0619,0.5561
-1.0319,-0.4501,4.4197,-4.3657,-0.6883,0.7504,-0.2945,-1.2594,0.6608,-4.0755,-0.5915,-3.5873
0.5722,-2.5809,13.0771,-4.3657,-2.0510,-1.3268,-10.8745,-11.4706,5.2625,-1.9566,0.5764,-4.3657
-2.3487,-2.1955,16.6996,-2.0740,-2.0163,-1.8911,-12.7419,-12.9191,8.2624,-0.1208,-0.6198,-3.2480
-2.5043,-2.7390,15.8831,0.3878,-1.2117,-1.3694,-15.3013,-15.0045,10.4411,2.1436,-0.6169,-1.4226
0.4693,-3.0239,12.5648,2.6755,0.9033,-1.9229,-11.1498,-12.0979,4.7285,3.5302,2.1202,1.4739
-2.2697,-1.8483,10.0652,3.6874,1.3414,-2.3402,-9.1722,-9.5529,2.1021,3.8900,1.4055,2.4804
-3.3375,-0.9002,9.4499,4.0955,0.6383,-1.6090,-8.5329,-7.2760,0.2705,3.8816,1.1065,2.4056
-3.9528,0.1604,7.8243,4.3656,1.2308,-1.2478,-8.8226,-4.8052,-1.1181,3.5975,0.9914,2.9052
-5.2553,1.7837,5.6671,4.3042,0.7826,-0.5205,-7.1036,-2.2625,-0.5507,3.0590,-0.3120,3.0451
-4.4388,2.9784,4.1252,3.7029,1.0432,0.1921,-7.3215,0.2969,-3.2896,1.7479,1.0184,3.0509
-5.7437,3.8259,1.5850,2.6955,1.4023,0.9521,-6.0501,2.5522,-4.3096,0.2293,-0.5167,2.2507
-5.1451,4.5801,-0.6991,0.6183,1.1948,1.4268,-6.0765,2.9640,-3.5099,-1.5785,-0.0117,1.9228
-4.5897,4.1013,-0.7614,-1.5743,1.6170,1.6693,-4.0941,3.3255,-1.7813,-3.1467,0.0719,0.9835
-3.8499,3.2705,2.0279,-3.3982,1.7507,1.7203,-4.5083,2.2984,-1.7621,-4.0943,1.2359,-0.3325
-1.9585,1.7071,2.1572,-4.3657,0.9034,1.1694,-2.7892,0.6297,-0.1748,-4.3657,0.5231,-1.6506
-0.6871,-0.3998,3.8618,-4.3657,-0.8308,0.6115,-1.2905,-2.1380,1.2306,-4.3250,-0.3908,-3.3841
0.7278,-2.5235,7.3334,-4.3657,-1.6150,-0.0766,-2.7366,-6.5649,3.3519,-3.7976,0.6263,-4.3657
1.6975,-2.8371,12.6222,-4.3657,-1.9195,-1.1924,-7.0270,-11.2240,8.3677,-1.9889,0.7802,-4.3657
-0.7494,-2.8994,18.6101,-2.7153,-1.7587,-1.8297,-12.9431,-14.5927,9.6606,0.5604,1.4950,-4.3657
-0.1796,-3.5506,16.1561,0.5348,-1.7058,-2.4548,-15.7969,-16.6325,9.9814,3.4067,0.4028,-1.4953
0.1293,-4.2617,13.7116,2.5019,-0.5048,-3.4749,-9.3661,-13.1178,5.7317,4.3656,0.6654,0.6308
-2.6911,-3.5841,10.2831,4.0225,0.5938,-3.9580,-7.4412,-10.3860,1.0511,4.3656,2.1690,1.0036
-4.3981,-1.4868,8.0134,4.0000,-0.1977,-3.2647,-9.1554,-8.9328,-0.6776,4.3656,0.9590,1.6128
-5.4013,0.7614,7.6112,3.8726,0.2265,-1.9442,-9.7923,-5.7772,-2.5115,3.7964,0.8597,1.9954
-6.1244,2.7366,6.2201,3.6924,1.6690,-0.4282,-9.2656,-3.1460,-2.2218,2.2889,0.9927,2.8278
-5.5426,3.5267,3.9385,3.0130,2.3379,1.2532,-9.6247,-1.7813,-3.7900,0.2218,1.3928,3.2436
-5.1236,3.6823,2.2529,1.5451,3.1857,2.2651,-7.6351,-0.0311,-3.4285,-1.7271,1.0481,3.5092
-4.8435,3.6655,1.8220,-0.1728,3.4753,2.6173,-6.3087,0.8787,-3.4596,-3.6291,1.0231,3.7461
-4.9081,2.8036,1.6975,-2.0003,3.5174,2.9467,-4.3981,1.4557,-1.7957,-4.3657,0.9487,2.4492
-4.2066,1.9585,2.3032,-3.5567,2.7574,2.7871,-3.4931,1.2019,-1.6400,-4.3657,1.0300,0.5277
-2.4349,0.3136,1.8004,-4.3657,1.7792,2.4868,-2.0423,-0.2514,-2.1476,-4.3657,0.2374,-0.8521
-0.2059,-2.8802,2.9856,-4.3657,0.0707,1.6085,0.9816,-3.1867,0.1317,-4.3657,-0.4069,-3.1391
0.6488,-4.2138,7.9487,-4.3657,-1.7481,0.4447,-2.9928,-9.3661,4.9177,-4.3657,0.6983,-4.3657
0.8619,-4.0031,16.1704,-4.3657,-1.3740,-0.3974,-10.1682,-12.8832,6.2369,-2.4540,1.5728,-4.3657
-1.4078,-3.3495,16.4482,-1.9545,-2.1206,-1.4386,-13.0388,-14.1833,7.5968,0.3178,-0.9486,-3.9873
-1.1061,-3.7900,14.1258,0.2337,-2.1352,-1.6662,-13.1202,-14.8632,9.5864,2.5431,-0.8459,-1.5488
0.7135,-4.0773,12.6174,2.1719,0.1316,-2.5460,-7.6303,-11.4682,5.1499,3.6589,1.8343,0.0581
-1.8842,-3.1292,10.6326,3.1155,0.6849,-2.9334,-8.3606,-10.4794,2.6169,4.2073,1.9064,0.3300
-2.2410,-2.3798,9.7061,3.4506,-0.2474,-3.1273,-8.3438,-10.0892,3.2058,4.3656,1.5176,1.4077
-3.8930,-0.7518,10.2568,4.1791,0.2762,-2.6961,-9.7157,-8.6526,0.2370,4.3656,1.4533,1.9008
-5.8682,0.9553,7.5226,4.3656,0.9101,-1.8510,-10.3022,-6.5434,-1.5850,3.9871,1.4067,2.7691
-5.2768,1.7621,6.1316,4.3656,1.2482,-0.2185,-8.7436,-3.9313,-2.1859,2.8097,0.8555,2.9624
-4.8530,3.4093,2.8323,3.8008,2.2691,0.4630,-9.1459,-1.5419,-4.0366,1.2728,1.7656,3.4979
-4.9775,3.7972,1.2474,2.0727,2.3522,1.1735,-5.0733,1.9489,-4.3670,-0.7738,0.3616,3.5814
-4.9608,4.4915,1.0080,0.1079,2.4248,1.6818,-6.7325,1.7573,-1.7214,-2.3525,1.0792,2.9635
-4.9105,4.3958,2.1835,-1.1194,2.9318,1.9141,-5.4205,2.9544,-2.9113,-3.4399,1.2558,2.1174
-4.3096,3.7254,1.8268,-2.3502,2.1621,1.9412,-4.6280,2.3607,-0.5195,-4.1502,0.3058,0.8841
-2.7605,2.4229,2.6193,-3.6339,1.6891,1.6467,-3.2609,2.0518,-1.5419,-4.3657,0.7633,-0.5081
-1.1684,0.5626,2.7869,-4.3657,0.2025,0.8464,-0.3903,0.2634,0.3615,-4.3657,-0.4042,-2.8180
0.2394,-1.2881,4.1875,-4.3657,-1.5731,-0.0582,-1.7382,-4.2760,2.7390,-3.9475,-0.1793,-4.3657
-0.1628,-2.0494,9.3518,-4.3657,-1.6268,-0.9407,-5.6383,-8.5617,4.3694,-2.9785,0.9935,-4.3657
-1.9417,-2.2960,14.8464,-4.2633,-0.8394,-1.5294,-10.6973,-12.1769,6.0693,-1.1303,1.0351,-4.3657
-0.8092,-2.9664,15.0452,-1.2224,-1.9087,-2.0230,-13.7044,-14.3030,8.2361,1.1154,0.3324,-3.0124
-1.1732,-4.1875,14.9614,1.0060,-1.0407,-2.5783,-10.3860,-13.8217,7.9559,3.5404,0.4205,-0.7015
-0.3879,-4.6855,12.2128,3.0526,0.3535,-3.5016,-6.7804,-11.9255,4.6711,4.3656,2.6237,-0.1949
-2.7533,-3.3758,9.0740,3.5309,-0.1768,-3.8648,-8.0828,-10.6087,0.5650,4.3656,1.9492,0.2141
-4.5298,-1.5443,8.9878,3.7453,-0.2952,-3.4534,-9.4595,-9.2416,-0.0910,4.3656,1.7423,0.9482
-6.2560,1.0511,7.7117,4.1062,0.6825,-2.2904,-11.8441,-7.3526,-2.9808,3.9794,1.7004,2.3683
-7.1970,2.1931,4.9297,3.8147,1.3920,-0.5769,-10.0245,-4.0294,-5.0709,2.1988,1.0672,3.1393
-6.2968,2.9233,3.4524,2.6378,2.2123,1.1627,-7.5250,-1.1756,-4.6112,-0.0328,0.6775,3.9778
-4.3718,3.3064,0.8978,1.1702,2.7110,1.9566,-5.4971,0.6081,-3.2106,-2.2063,0.5385,3.9001
-4.1611,3.5698,2.3655,-0.8696,3.1428,2.0955,-5.8323,0.7709,-0.1891,-3.5314,1.3893,2.8043
-4.3359,3.2058,4.4628,-1.6262,3.2182,2.1606,-5.8586,0.9026,0.4764,-3.8449,1.7658,1.5012
-3.3255,2.5019,4.5274,-2.2820,1.7965,1.7766,-5.5809,0.4501,2.2266,-3.3763,0.2958,0.5347
-2.7533,2.1811,4.4939,-2.6444,1.5597,1.3102,-4.6543,1.0343,-0.7278,-3.2551,1.0074,-0.6394
-1.4557,0.5818,3.2657,-3.7523,0.2057,0.4551,-2.0686,0.0910,0.4190,-3.0699,-0.2750,-2.2838
0.0694,-1.2330,4.8890,-4.3657,-1.9574,-0.6075,-0.9122,-2.8587,1.9944,-2.5730,-0.5196,-4.3126
0.3256,-2.6863,8.0421,-4.3657,-2.6247,-1.5038,-3.6081,-7.6160,3.6081,-1.8880,0.0845,-4.3657
-0.0766,-3.6105,15.2582,-4.3323,-2.6448,-2.4602,-8.3893,-13.0125,7.0533,-0.2340,0.5516,-4.3657
-0.7470,-3.9025,16.9940,-1.1395,-2.0804,-3.2666,-15.1026,-16.9940,10.2807,2.0460,1.1049,-4.0971
-0.7350,-4.6855,13.7236,1.5340,-0.5682,-3.5791,-9.9048,-14.3939,6.8785,4.1963,0.6825,-0.8219
-1.9992,-4.6591,10.6829,2.7696,0.4643,-3.8213,-6.4356,-12.7922,4.6519,4.3656,2.6991,-0.3227
-2.2793,-3.0311,9.1315,3.5032,0.7258,-3.8152,-9.3158,-12.2511,0.1652,4.3656,3.7222,0.7879
-4.0199,-2.3990,9.8976,3.9394,0.9562,-2.8754,-8.9064,-9.5481,-0.7087,4.3656,1.5461,2.2371
-5.1954,0.1676,7.3837,4.3656,1.8055,-1.5771,-8.6072,-6.6176,-3.2082,3.3989,2.2824,2.8332
-5.9711,1.9944,6.5314,4.2774,2.2632,0.1539,-11.3940,-5.7221,-2.9975,1.6912,1.7006,4.1871
-5.6336,2.6983,3.8475,3.7350,2.9504,1.2702,-6.3925,-1.0822,-3.9983,0.4214,0.8940,4.3656
-4.1851,3.1196,0.7685,2.1766,2.6420,2.1797,-5.4157,1.2522,-2.9999,-1.1779,0.7313,3.7771
-3.9025,4.3527,1.0965,0.5004,3.3785,2.0475,-4.8554,2.4038,-1.0104,-2.4894,1.8089,3.1533
-5.4875,4.5753,1.2713,-0.8095,3.2672,1.8956,-6.3446,2.7150,-1.9776,-2.9540,1.5969,1.6505
-4.4843,4.1084,2.1668,-2.1021,2.1257,1.8366,-5.5857,2.7725,-2.5091,-3.5914,0.9149,0.6412
-3.2633,3.5482,2.4157,-2.9834,1.2917,1.3498,-6.6056,1.3719,-2.0087,-3.8327,0.1236,-0.1256
-2.2290,2.6600,3.0550,-3.8697,-0.0779,0.6712,-3.9935,0.9744,-0.4525,-4.0590,-0.8712,-0.7241
-2.0806,1.1732,3.7709,-4.3657,-1.5564,0.1424,0.0886,-0.1101,3.1651,-3.3298,-1.8183,-3.2366
-0.3280,-0.4094,6.9168,-4.3657,-1.9073,-0.1915,-3.6224,-4.8770,2.9544,-2.7635,0.2009,-4.3657
0.6488,-2.2170,8.0996,-4.3657,-1.8377,-1.2560,-5.5474,-8.6000,3.7709,-1.9060,0.1183,-4.3657
-0.2059,-3.6871,12.9622,-4.3657,-2.8214,-1.9321,-7.1994,-11.8130,5.6455,-0.7025,-0.8440,-4.3657
-0.6321,-4.4987,16.8432,-1.9581,-2.7390,-2.1433,-11.7268,-15.6174,8.0445,0.9358,0.4135,-4.2538
-0.4310,-4.6256,15.5360,0.6883,-1.2116,-2.6869,-13.1490,-17.0228,10.5273,3.0658,0.0826,-1.7328
0.7614,-4.2976,12.5097,2.6585,-0.0365,-3.2199,-7.6016,-12.9024,5.6024,4.3211,1.7026,0.4029
-0.8643,-3.1675,9.7348,3.4390,0.3997,-3.4755,-6.1220,-9.6462,2.7797,4.3656,2.2805,0.4509
-3.8140,-0.6895,9.0812,3.8280,0.3239,-3.2744,-8.2241,-9.8354,1.7980,4.3656,2.0103,0.6991
-4.0151,0.8882,7.8985,4.1869,0.4189,-2.4810,-10.2663,-7.1419,-1.0870,4.1661,1.6441,2.3358
-5.7245,2.6504,6.4404,4.0775,1.0134,-0.8861,-8.7197,-4.2042,-2.1907,3.0164,0.6214,2.9661
-4.6663,3.8547,4.8267,3.3077,2.7054,0.9216,-11.7388,-4.4436,-1.3455,0.5552,2.4103,4.1737
-5.7724,4.2784,3.7781,2.9315,4.3656,2.3353,-6.1890,0.0503,-3.4117,-1.4067,1.6726,4.3656
-4.1515,3.4884,-0.1053,0.7685,4.3656,3.1515,-3.7134,1.9106,-2.7940,-3.3718,1.7191,4.3656
-3.9576,3.3064,0.4645,-1.6446,4.3656,2.8681,-3.8283,2.6504,-1.1085,-4.3657,2.6092,2.6378
-3.9241,3.8427,2.1500,-2.9824,4.3154,2.1500,-6.6942,1.5897,-0.3232,-4.3657,2.9712,1.6967
-6.4284,3.4907,3.3088,-3.6254,3.1313,2.2402,-6.7708,1.4269,-2.2458,-4.3657,1.2798,0.3705
-4.5107,2.3942,4.6328,-4.3657,3.2371,2.0884,-6.8259,0.0455,-1.1468,-4.3657,1.9899,-0.4238
-2.7198,0.3041,4.8171,-4.3657,1.1331,1.2422,-2.5762,-0.0048,-1.2426,-4.3657,0.0015,-2.2047
-0.1580,-1.4844,4.7692,-4.3657,-2.2552,0.1018,0.7997,-2.6145,3.0765,-3.3726,-2.3394,-4.3657
0.5962,-2.8347,7.3861,-4.3657,-3.5944,-1.2566,-1.9297,-6.8426,3.1364,-2.2146,-1.0666,-4.3657
1.2091,-3.9887,10.0509,-4.3657,-3.6164,-2.5538,-3.7326,-10.8218,5.2218,-1.3320,-0.8056,-4.3657
-1.0223,-4.4460,19.1512,-3.7192,-3.2463,-3.2297,-11.0516,-18.2151,10.8074,0.5481,0.6896,-4.3657
0.5507,-5.3654,18.5958,0.7346,-1.3721,-3.7994,-17.7817,-19.6133,13.6422,4.0071,2.1474,-2.3124
0.4214,-5.8466,12.6773,3.2478,0.2321,-4.3657,-6.6391,-15.4258,6.6176,4.3656,1.2881,0.7626
-2.7940,-4.7645,10.7691,4.2895,0.2963,-4.3657,-5.4013,-13.3716,0.9481,4.3656,3.8596,0.1527
-4.5226,-3.7613,9.6223,4.3656,-0.1426,-4.2185,-9.5529,-12.2894,-2.2697,4.3656,2.5498,0.9156
-6.7540,0.9290,7.1180,4.3656,0.1896,-2.5119,-10.8409,-7.6591,-4.4436,4.3656,0.6262,2.9163
-6.7373,3.8954,4.1372,4.3656,1.5641,-0.1615,-9.7492,-3.3710,-4.5514,1.9889,1.0130,4.1507
-5.6958,4.8985,3.5793,3.5854,4.1724,2.0857,-9.2009,-1.6879,-4.5538,-0.6911,2.4132,4.3656
-5.6240,4.2904,-0.0670,1.9079,4.3656,3.5234,-5.9448,0.1796,-3.4093,-3.5358,1.0355,4.3656
-4.5059,3.6966,-0.1867,-0.7208,4.3656,4.0434,-5.3008,0.5674,-0.4357,-4.3657,1.9433,4.3656
-4.4245,3.1149,1.2665,-2.6117,4.3656,3.5289,-2.3343,3.0861,0.7733,-4.3657,3.1381,3.0333
-3.5745,2.5881,2.7797,-3.9951,4.3656,2.7816,-3.9193,2.3176,-0.0359,-4.3657,3.2956,0.8879
-1.2857,1.2809,5.6024,-4.3657,2.7637,1.7461,-3.3016,0.6871,1.5347,-4.3657,1.4950,-1.0067
1.4844,0.2753,6.4356,-4.3657,-0.0746,0.1045,-0.1867,-0.5507,5.1595,-3.6488,-0.1769,-3.1660
1.2761,-0.9936,8.9016,-4.3657,-2.8333,-1.6687,-1.4868,-4.7453,6.8163,-0.9935,-1.0724,-4.3657
2.5833,-2.8419,12.8186,-4.3138,-4.0588,-3.6186,-4.6471,-10.6805,8.6814,0.7626,-0.4161,-4.3657
-0.9098,-1.8675,16.3045,-2.6857,-3.9011,-4.2282,-10.5225,-14.7052,8.4874,2.6506,-0.2838,-4.3657
-1.6927,-2.0135,17.1473,0.0545,-3.0435,-4.2565,-14.7626,-16.0005,9.6486,3.7033,0.7789,-3.8367
-1.1133,-2.0446,11.1235,1.9382,-0.8402,-4.0883,-9.8928,-12.4427,5.8706,4.3656,0.9880,-0.7124
-2.1572,-1.8340,9.7300,2.3950,0.5320,-3.8264,-7.0701,-9.5936,2.0016,4.2282,3.1160,0.2293
-3.8690,-0.6728,9.4116,2.7803,0.7878,-3.1445,-8.8298,-7.9296,-0.1820,3.6884,2.4876,0.9133
-5.5785,1.0295,8.8825,3.1385,0.6736,-2.0506,-12.2535,-7.5417,-0.5578,2.9876,1.6999,1.8451
-6.5314,2.5905,6.6391,3.4673,1.7720,-0.8954,-11.5065,-5.5545,-1.4078,1.9578,1.5324,3.0048
-6.1938,3.6488,6.0190,3.3758,2.9964,0.7428,-8.3510,-2.3008,-3.1316,0.7887,1.3616,4.3656
-6.1411,3.7278,3.5841,2.7150,3.3802,2.4993,-7.3454,-0.1221,-3.6799,-1.2497,1.4089,3.9230
-4.0103,4.0941,0.1269,1.0936,3.6850,2.9455,-5.9687,1.3048,-2.4229,-2.8444,1.0297,3.5948
-4.7980,4.3838,0.6823,-0.6784,3.6365,2.9328,-4.6831,2.2410,-0.4166,-3.9249,0.9899,3.2251
-3.3543,3.9097,1.3168,-2.0636,4.0628,2.7287,-4.3886,2.7964,-0.1317,-4.3657,2.1316,1.7531
-2.0806,3.0311,3.2465,-3.3751,3.6921,1.8755,-3.1915,2.4684,1.2641,-4.3657,1.8342,0.0512
-0.4788,1.9058,4.6878,-4.1705,1.0408,0.5983,-1.7406,1.1779,1.8100,-3.6657,0.3513,-2.3315
1.7885,0.1245,4.9033,-4.3657,-1.6150,-0.7414,-0.8547,-1.8794,3.5075,-2.6736,-1.0447,-4.2510
1.7334,-2.0710,8.3821,-4.3657,-2.7476,-2.1730,-0.5698,-6.3518,6.1172,-1.6142,-0.5365,-4.3657
0.7015,-2.5211,13.3644,-4.3657,-2.8280,-3.3490,-6.4117,-12.2439,9.4068,0.1232,0.5101,-4.3657
-1.4653,-2.2098,18.8328,-1.7189,-2.0332,-3.7884,-14.6094,-16.1585,7.4436,2.2187,2.2163,-4.3657
-1.8579,-2.3463,14.2766,1.0673,-2.2727,-3.9466,-13.6757,-15.1026,8.4515,4.0201,-0.4891,-1.4493
-1.3240,-3.0382,11.3461,2.2633,-0.2743,-4.0481,-7.2472,-11.8968,5.2194,4.3656,1.7946,-0.3655
-2.9784,-2.7438,9.7636,3.3921,0.7516,-4.0141,-7.7069,-9.7899,0.5986,4.3656,3.8152,0.2920
-3.9720,-0.9960,9.0237,3.4148,0.0180,-3.4979,-8.6526,-8.6503,1.0295,4.3656,1.5124,1.0244
-4.8267,0.7949,8.6311,4.0245,0.3227,-2.7134,-11.0397,-7.6830,-0.2993,4.2755,2.3140,1.5438
-6.3566,2.2553,6.2728,4.3532,1.1230,-1.7642,-9.5457,-4.7908,-2.2601,3.5658,1.2965,2.3523
-6.3135,3.5386,3.8331,3.6774,1.4971,-0.1239,-9.1363,-2.1045,-4.5657,1.9902,1.5302,2.9974
-6.4476,4.5729,3.3495,2.6878,2.4581,1.0764,-8.9064,0.0982,-6.0310,-0.2651,1.2237,3.6164
-5.6671,4.3838,-0.0335,1.0615,2.3982,2.2328,-6.3327,1.8890,-4.2329,-2.2411,-0.1395,3.0932
-4.5633,4.4436,-0.8571,-1.3682,3.1229,2.2593,-4.9871,2.3296,-1.3072,-3.9077,1.2175,2.3904
-4.3910,3.9337,2.0375,-2.6632,3.4787,2.1535,-5.2194,1.9034,-1.0439,-4.3657,1.6711,1.0451
-3.5674,3.1268,3.4716,-3.7281,2.5459,2.0436,-5.8035,0.6512,0.0694,-4.3657,1.1199,0.2230
-1.7334,1.8435,4.3910,-4.3657,1.4769,1.3231,-3.4596,0.2274,1.2115,-4.3657,0.2586,-0.9577
-1.0846,0.4621,5.2912,-4.3657,-0.1234,0.6063,-1.3791,-1.2737,2.4277,-3.9708,-0.3244,-2.9219
0.3567,-1.1588,7.6447,-4.3657,-1.4140,-0.2032,-2.9592,-5.3510,2.7054,-3.0842,-0.0382,-4.3657
0.3208,-1.6520,9.0285,-4.3657,-2.3677,-1.3471,-6.3015,-9.5146,6.8498,-1.8572,-0.5985,-4.3657
-0.9290,-1.9585,16.9270,-3.2643,-1.5685,-1.7059,-11.3078,-13.1250,8.5114,0.0698,0.8540,-4.3657
-0.6895,-2.6456,16.5487,0.4046,-1.2107,-2.4124,-13.6206,-14.2216,8.8442,2.4191,1.0123,-2.0829
0.0694,-3.1675,11.6478,1.9901,-1.2797,-3.0505,-7.3909,-11.3389,6.6846,4.2145,-0.5412,-0.1927
-0.7566,-3.0119,10.1394,2.7340,-0.5521,-3.7587,-5.6312,-9.4763,3.5147,4.3656,2.3317,-0.3584
-2.7126,-1.3408,9.2727,3.1333,-0.6967,-3.6780,-8.7053,-8.8705,1.9249,4.3656,1.4422,-0.1911
-4.5059,0.5555,9.3757,3.5113,-0.6266,-3.1022,-11.8968,-8.8921,1.4102,4.3656,1.5327,1.1796
-5.9209,1.9225,6.9671,4.0039,0.2032,-2.2127,-9.0142,-5.1834,-1.9273,4.1796,0.8450,1.5816
-6.8738,3.1723,4.5849,3.6635,0.6474,-0.4430,-10.3621,-3.3686,-4.2784,2.5472,1.0547,2.3856
-6.0023,4.1324,3.2034,2.4882,1.3105,1.3480,-8.0589,-0.5842,-4.5753,0.0713,-0.1711,3.0742
-4.9464,4.1444,1.3455,0.9563,2.5500,2.4473,-6.9959,-0.2251,-3.0550,-2.5475,0.5276,3.5923
-4.0965,3.5003,1.7933,-1.1876,3.8437,3.1104,-5.9616,-0.4022,0.0479,-4.3657,1.1493,2.8497
-3.3088,2.5881,4.0127,-2.8341,4.3656,2.9689,-5.2840,-0.4956,0.9122,-4.3657,2.1891,1.9263
-2.7007,1.6831,5.3606,-3.7389,3.3678,2.5181,-5.0901,-1.0391,2.0279,-4.3657,1.2578,0.5664
-1.3671,0.6895,6.0047,-4.3657,2.0327,1.7676,-3.5602,-1.2354,1.3072,-4.3657,0.9495,-0.8512
-0.8643,-0.6201,5.9855,-4.3657,0.1200,0.6580,-2.3894,-3.0478,2.4277,-3.9017,-0.3235,-3.0254
0.4597,-2.0806,8.2720,-4.3657,-1.9291,-0.2058,-3.1867,-6.3662,4.0055,-2.6552,-0.7405,-4.3657
0.8356,-2.6504,10.5560,-4.3657,-2.6605,-1.3356,-6.0478,-9.9168,6.9384,-1.2243,-0.8223,-4.3657
-0.2682,-2.4756,17.1928,-2.5131,-1.9957,-2.1654,-11.7603,-13.5153,8.0972,0.6761,0.9812,-4.3657
-2.4756,-2.4181,14.8393,0.8319,-2.2166,-2.3234,-14.2383,-14.3173,8.2313,3.0696,-0.8371,-1.7288
0.1508,-2.7174,11.5137,2.1132,-1.1379,-2.8436,-8.2528,-11.3940,6.7540,4.1335,0.1709,0.2734
-1.7478,-2.2362,10.7500,3.2923,0.5963,-3.2803,-7.0988,-9.6199,2.9521,4.3656,2.5736,0.6442
-3.9816,-0.1939,9.8521,4.0069,0.1266,-2.6541,-10.7045,-9.2608,1.9249,4.3656,1.5210,1.5367
-3.8810,1.2402,8.0924,4.3656,0.1272,-1.7439,-8.7340,-5.8778,-0.6704,4.1061,0.7937,2.8242
-5.2170,2.5714,4.6687,4.3046,0.9948,-0.5161,-9.1842,-3.6536,-3.5793,2.6434,0.8711,3.1593
-6.1411,4.4939,4.7884,3.1628,2.2825,1.1211,-9.4691,-2.1261,-3.0287,0.4165,1.1119,4.1127
-5.4971,4.0366,2.1021,2.4279,3.6525,2.7520,-7.9440,-0.7183,-2.9904,-1.9394,1.1552,4.3656
-3.9217,3.7828,0.1676,0.1114,4.3656,3.2925,-2.9736,1.9249,-0.3591,-3.9358,1.0111,4.2136
-3.2848,3.7613,2.3846,-1.7985,4.3656,2.8417,-4.5131,2.2913,0.5076,-4.3657,3.5169,2.6474
-2.6121,3.3351,3.7350,-2.7602,3.8389,2.1678,-4.2449,2.1739,0.9481,-4.3657,2.1430,0.9244
-1.9561,3.1316,5.5713,-3.3550,1.6180,1.4453,-5.1308,1.0965,1.6903,-3.8240,0.6522,-0.4948
-0.7925,2.3750,5.3319,-3.5417,0.0008,0.6855,-2.6336,0.9290,1.5227,-2.9873,-0.4105,-2.1286
-0.1724,0.9218,4.4819,-4.3657,-1.9149,-0.0755,-1.2953,-1.2474,1.7549,-2.5987,-1.8640,-3.8449
0.8140,0.0024,5.1691,-4.3657,-2.9372,-0.5654,-3.0047,-5.3056,4.0893,-2.5964,-1.4161,-4.3657
-0.2969,-0.4812,10.7595,-4.3657,-1.5519,-1.1058,-8.8155,-9.0549,6.6367,-1.8631,0.8206,-4.3657
-2.9832,-0.1867,14.8776,-2.7503,-0.2858,-1.5219,-13.4195,-10.9535,5.2720,-0.4644,1.6743,-3.7271
-3.8403,-0.6105,14.6693,-0.5267,-1.0204,-0.9831,-14.8010,-11.8154,5.6336,1.0658,-0.6969,-1.7279
-2.1380,-1.5443,10.6877,0.8076,-0.2733,-1.1267,-9.5864,-8.8442,3.1077,1.7301,0.1232,0.1391
-1.2115,-2.4253,8.4970,1.0074,0.0111,-1.4951,-5.2720,-6.6032,2.2051,1.7407,0.6996,-0.2320
-1.2019,-2.0399,9.6965,0.9822,-0.7438,-2.3617,-5.8442,-7.1299,4.5083,2.4730,0.8933,-1.0548
-2.1859,-1.2282,9.6462,1.6052,-1.1564,-2.8448,-8.1116,-7.8123,2.8252,3.4270,0.7426,-0.9018
-2.6432,-0.6177,8.3989,1.8500,-1.3066,-2.8809,-8.3438,-7.5202,2.0997,3.5747,0.5261,-0.5003
-3.8068,0.7374,8.2887,2.2407,-0.6169,-2.2176,-8.6598,-6.1675,0.0431,3.1937,0.7566,0.0135
-4.3670,2.3248,6.8331,2.1309,-0.1903,-1.0195,-9.9431,-5.3367,-0.3304,2.1001,0.4319,0.6367
-3.6607,2.9281,6.1100,1.6430,0.8330,0.1988,-9.5960,-4.2832,0.3017,0.6710,0.6496,1.6675
-3.3040,3.0789,6.6319,1.1654,2.0227,1.0441,-8.1594,-3.3088,0.5171,-0.6273,1.0627,2.4385
-3.6559,3.3255,7.2042,0.9639,2.7518,1.8063,-10.0054,-3.6679,1.4916,-1.5274,1.5234,2.7603
-3.6416,3.5554,6.5457,1.0333,2.6297,2.1209,-9.1818,-3.0215,2.1691,-1.9874,0.7469,3.3914
-3.4453,3.7350,5.5857,0.6900,3.2182,2.0225,-8.3390,-1.7837,1.7526,-2.0920,1.3936,3.8932
-4.6615,3.8810,5.4636,0.6375,3.3576,1.9637,-8.4467,-0.8068,0.8212,-2.4050,1.7476,3.2411
-5.2984,4.2138,6.0406,0.2888,2.5991,2.0217,-7.8434,0.1030,0.3639,-2.2865,0.8275,3.1826
-4.4293,4.2282,4.9752,0.4385,1.6691,1.9377,-8.0325,0.4932,1.8435,-1.4983,0.3339,2.1222
-4.6543,4.5993,5.3367,0.2745,1.0074,1.5382,-8.6670,1.0008,0.0622,-1.4095,0.1827,2.6409
-4.1324,4.9560,4.8052,0.3044,0.4337,1.5014,-5.5641,3.2298,1.0295,-0.9587,-1.1415,1.1927
-1.3144,5.1308,2.9377,-0.5155,-0.2108,1.0416,-3.7086,4.2856,1.9393,-1.0285,-0.6476,-0.2140
-0.0838,4.7142,2.5235,-1.7243,-0.3087,0.0357,-2.3391,3.8882,2.4828,-1.2235,-0.4526,-1.8049
1.2139,3.0718,3.1819,-3.1688,-1.2548,-0.9773,-1.4892,0.9361,4.8052,-1.3576,-0.5195,-3.7199
1.8244,1.6712,6.2225,-4.0225,-1.3897,-2.3226,-3.7757,-3.1388,6.8929,-0.5778,0.8207,-4.3657
-0.6943,1.0822,10.4986,-3.2987,-0.6396,-3.1979,-5.8658,-6.0525,4.3598,0.3802,2.2031,-4.3657
-3.6152,1.2761,12.6055,-2.0442,-1.8425,-3.1149,-12.3900,-9.5553,4.3263,1.6610,0.9645,-4.3657
-3.4812,1.1612,12.6055,-0.4313,-2.2643,-2.3297,-13.4339,-9.5553,3.8140,2.3272,-0.8651,-2.1801
-3.1963,0.5698,9.8761,0.8499,-0.8861,-1.9935,-10.5225,-7.7572,3.4237,2.2801,0.2086,-0.7867
-3.7613,1.0319,8.7053,0.7771,-0.2180,-1.6670,-8.9567,-5.9352,0.0646,1.5539,0.8274,-0.6672
-3.4500,0.1125,8.1020,0.2060,-0.1605,-1.0090,-8.6981,-6.6295,1.6400,0.9130,0.5389,-0.2631
-4.5849,-0.1293,8.6790,0.6638,0.7818,-0.8555,-8.6886,-6.1172,-0.1269,0.7109,1.2441,0.0199
-4.0462,0.5674,7.0030,0.7380,-0.1849,-0.3023,-8.6095,-5.1811,-0.0383,0.7404,-0.1100,0.5088
-2.9473,0.8021,5.7461,0.5712,-0.2749,-0.1142,-7.0940,-4.2114,0.3304,0.4270,-0.2785,0.3587
-2.4852,1.2522,6.5697,0.2277,0.1941,0.0374,-6.7229,-3.6392,1.2282,0.0245,0.1978,0.2301
-2.2122,1.5203,6.7852,0.1057,0.1958,0.1200,-7.1228,-3.5985,1.9752,-0.1025,0.1312,0.1871
-2.2122,1.7885,7.0820,-0.1447,0.1541,-0.0474,-6.6487,-2.9640,1.8483,-0.0777,0.1435,0.0388
-2.6145,1.7933,7.7596,-0.5092,-0.1455,-0.2004,-8.2073,-4.5274,3.2250,-0.1507,0.0440,-0.1986
-2.1859,1.2402,8.9184,-0.1655,0.1268,-0.2485,-8.7939,-5.2720,3.1364,0.0019,0.3956,-0.1327
-2.9018,1.3001,8.8705,0.3279,0.2214,-0.2537,-8.6526,-4.9201,2.2338,0.4021,0.2366,0.3455
-1.9872,0.9912,8.0637,0.4198,-0.3918,-0.1392,-7.6950,-4.8483,3.1173,0.5391,-0.3179,0.2421
-0.3998,0.5914,10.4627,0.7366,-0.6222,-0.9422,-8.1307,-5.7245,5.7078,1.3217,0.2781,0.3856
-2.2889,1.5155,9.6151,1.7413,-1.3386,-1.3257,-9.0094,-5.2289,4.0797,2.5285,-0.5726,0.2954
-2.5953,2.2242,7.7165,1.9473,-1.3178,-1.1914,-8.3222,-3.6631,2.1644,2.5667,-0.5836,0.5040
-2.9497,2.9736,5.9783,1.9232,-0.1741,-0.8284,-9.2320,-3.6895,2.6911,1.7906,0.3487,0.9046
-2.7701,3.7804,6.8235,1.8572,1.2212,-0.2876,-9.7157,-3.0981,2.4612,1.1042,1.4218,1.4244
-4.2952,4.4341,5.3223,1.7792,2.3279,0.0353,-8.0685,-1.2929,0.4693,0.2240,1.4272,3.2215
