1.6376,2.3774,8.5186,0.2553,-1.2397,-0.4129,-4.9847,-1.8938,7.4699,0.6889,-1.1201,-0.4138
2.6671,2.7629,7.1443,0.3752,-0.6550,-0.4606,-3.7206,-0.9553,6.6559,0.7478,-0.8115,-0.4938
3.1987,2.5881,7.2975,-0.0667,-0.6460,-0.6165,-4.2952,-1.4772,7.5322,0.4902,-0.3697,-0.4940
2.3798,2.7270,7.8027,0.0458,-0.7926,-0.4786,-4.9512,-1.2474,6.2776,0.5734,-0.2455,-0.4572
2.6240,2.4780,8.0469,-0.1952,-1.2588,-0.6055,-3.2154,-0.9768,7.1060,0.6149,-1.2887,-0.8664
1.7957,2.4612,5.8419,-0.2597,-1.7804,-0.6021,-1.7789,-0.6632,7.3741,0.8873,-1.6192,-1.5255
1.4485,2.3320,7.2760,-1.0437,-1.6806,-0.1989,-7.3191,-3.2513,7.6638,1.1799,-0.7610,-2.4231
4.4125,1.9441,10.9894,-1.1847,-2.4337,-0.3055,-5.7916,-2.4062,7.9631,1.0291,-1.1139,-0.8067
5.9137,1.2115,9.7468,0.1915,-1.9249,-0.7352,-5.4324,-3.6679,10.8290,1.0624,-3.0902,-0.5745
4.3981,1.3934,8.9567,1.1856,-1.6286,-1.2649,-4.3431,-2.8419,9.7444,1.7745,-0.5594,0.2505
3.9840,1.0439,6.4212,1.5909,-1.6752,-1.0178,-0.4118,-1.2641,7.8075,2.2451,-1.5733,-0.3764
5.1691,0.8643,5.0661,1.3358,-1.9011,-1.3448,-0.1532,-1.1540,7.4795,2.7499,-0.7378,-0.8025
5.9687,0.9936,4.9201,1.0204,-2.2815,-1.8566,0.0694,-0.3448,6.3542,2.8417,-1.1390,-1.2573
4.8315,1.6664,1.6712,0.9623,-2.3752,-2.6349,3.0071,1.0127,5.2289,2.8633,-1.7836,-2.3602
4.2353,2.3080,3.8858,-0.3215,-2.6786,-2.7620,0.2610,0.8787,5.5115,2.5722,-1.0447,-3.1496
3.9073,2.9090,1.5874,-0.7153,-2.5311,-2.2390,1.3647,2.3870,3.0813,1.9598,-1.8145,-3.4781
4.5370,3.6033,2.3152,-1.8466,-2.4555,-2.0218,2.0566,3.0454,1.8555,0.9951,-1.5015,-4.3657
3.9049,4.0055,-1.0511,-2.4299,-2.1976,-2.3983,1.3360,2.3703,1.6735,-0.2868,-1.5451,-4.3657
1.9106,3.3375,0.1125,-3.8244,-1.1703,-1.8554,0.0622,1.1013,3.0239,-1.5938,-1.5756,-4.3657
1.8052,3.4836,2.0686,-4.3657,-0.1516,-1.0940,0.0192,-0.2514,1.7214,-2.3579,0.1865,-4.3657
1.2689,2.7677,2.8802,-4.3657,0.8451,-0.0851,-5.1164,-3.0694,1.3192,-4.3657,0.1812,-3.9939
-0.3567,2.1428,5.2720,-4.3657,2.9114,1.2863,-9.3757,-5.6695,3.9816,-4.3657,0.6030,-1.4076
1.1923,-0.1173,8.5641,-4.0136,3.6737,1.8911,-9.2680,-7.6471,7.4172,-4.3657,1.9490,0.8841
-0.0431,-0.4621,11.0277,-2.9601,3.4712,1.9209,-5.6575,-7.7309,8.8202,-4.3657,0.3075,2.3323
0.8475,-0.7326,11.3725,-1.5143,3.9213,2.1093,-5.4468,-7.7907,10.9008,-4.1136,1.6240,2.4303
2.0327,-0.7949,12.8569,-0.4604,3.6961,1.7489,-7.0988,-7.9104,12.5791,-2.3650,3.3317,2.9268
1.7693,-0.5842,12.6366,1.1686,3.1515,1.0597,-7.0294,-6.4524,10.3094,-0.8395,2.7900,3.2077
1.4868,0.5171,11.9662,1.9087,1.5284,0.5836,-6.6798,-5.8035,9.6199,0.6567,1.1203,3.5205
0.6536,0.7111,11.6191,2.9533,0.4537,0.2286,-5.6838,-3.8547,7.2472,1.9831,0.4620,2.5450
0.6800,1.6855,8.5281,3.2286,-0.8138,0.2016,-5.3534,-2.1500,6.0094,2.7178,-0.7168,2.0039
0.8188,2.7701,7.0318,2.7338,-1.3315,-0.0632,-5.2481,-0.5531,5.2289,2.5470,-1.2327,1.4570
0.8356,3.9433,5.6743,2.1555,-1.4757,-0.3822,-3.8595,2.0542,3.3926,2.2363,-0.8908,0.7021
1.5323,4.7190,3.6440,1.3339,-1.7110,-0.6350,-2.0207,2.4948,5.9807,1.7372,-1.9677,0.0168
2.1308,5.2625,4.0247,0.5273,-0.8763,-0.8801,-3.7469,2.5977,4.6855,1.2648,-0.1893,-0.8155
0.1820,5.9233,6.4165,0.0341,0.0526,-0.8925,-7.0366,2.1404,5.1404,0.7245,1.4446,-0.2399
1.0942,5.4803,6.4284,0.0313,0.0052,-0.6868,-6.1866,1.9752,6.3303,0.3972,-0.1082,-0.1202
1.1109,5.5186,7.1826,-0.3043,0.1720,-0.9285,-4.9177,2.2936,7.1036,0.3961,0.2759,-0.6905
0.9768,6.0861,7.3622,-0.3816,0.0306,-1.1092,-8.4228,1.4892,6.7445,0.9014,1.7968,0.3411
1.5467,5.8059,10.3358,-0.0165,0.0021,-1.0171,-10.7931,-0.4645,10.2831,0.6544,0.3673,1.1651
0.1221,5.1547,14.8464,1.5236,-0.3263,-1.1556,-9.0261,1.0534,5.7700,1.6806,1.0387,1.0541
2.7605,3.1244,10.3214,2.4826,-4.1943,-1.6081,-5.9544,1.0702,7.6734,2.6629,-4.1164,1.3731
2.0566,3.2825,4.8291,2.4552,-4.3657,-2.1516,1.6975,1.6376,9.4906,4.2408,-4.3657,-1.8162
3.1484,4.2689,2.4995,-1.1102,-3.9435,-3.3681,1.7957,4.1324,1.8435,2.2877,-2.8273,-4.3657
2.7773,4.9440,0.3448,-2.0256,-4.1264,-3.4162,4.2665,2.9305,2.1979,0.8671,-4.2190,-4.3657
1.2019,4.4843,-1.7645,-4.0697,-3.4591,-2.8523,-1.1157,0.1221,0.3089,-1.1543,-2.0615,-4.3657
-0.0886,3.1508,0.5507,-4.3657,-1.3913,-1.6677,-3.9337,-1.5658,-0.6512,-3.1974,-0.3922,-4.3657
-1.7645,2.1596,3.3208,-4.3657,0.0113,-0.3272,-6.4596,-4.6998,-0.5507,-4.3657,-0.8104,-4.3657
-3.1125,0.2562,7.5417,-4.3657,1.1064,2.0956,-9.3661,-8.8705,0.6321,-4.3657,-0.2966,-2.1553
-4.2521,-1.9393,8.8490,-4.3657,2.2986,3.6913,-9.9695,-12.7874,3.4668,-4.3657,-0.5336,0.1228
-3.9480,-4.7621,11.4706,-4.0241,4.2048,4.3656,-11.6789,-15.6533,7.9200,-4.3657,0.7032,2.8436
-2.9113,-6.2944,13.2878,-2.4637,4.3656,4.3656,-10.4172,-15.5886,8.4348,-4.3657,2.5215,4.3656
-2.7533,-5.7557,14.4658,-0.8392,4.3656,3.8156,-8.0182,-13.4794,9.6869,-4.3187,2.1317,4.3656
0.3926,-2.4876,9.5193,3.9766,-1.3394,1.7233,-4.2569,-5.4827,4.8147,2.2861,-3.1833,3.0263
0.2705,0.9218,6.9408,3.6459,-2.0392,0.1431,-3.0119,-1.4820,4.4029,3.3814,-2.0677,1.7062
-0.8428,2.6719,4.0630,3.0974,-1.6293,0.2872,-4.5562,0.6177,1.5634,2.8114,-1.4502,0.8167
-0.3543,4.4843,1.8771,1.9873,-0.7304,0.3396,-5.0374,1.8124,2.4588,1.5761,-0.7734,1.4742
-0.8092,5.1451,3.1029,1.0293,0.9202,0.5817,-4.9847,2.6719,1.2737,0.0957,0.7746,1.4758
-0.9816,4.6352,4.7980,-0.2157,1.5693,0.5485,-4.9225,2.2769,3.6655,-0.9936,1.6042,0.4722
-2.9784,4.4604,9.8617,-0.7683,0.7124,-0.0831,-11.4132,-0.6656,5.3558,-0.4522,2.5303,0.2990
-4.5298,3.9025,9.3230,-0.1235,-1.1077,0.2413,-10.1418,0.4693,0.7302,-0.2550,-1.8595,-0.0683
-3.7254,3.0909,6.8546,-0.8202,-0.6647,0.1391,-8.0637,-0.2993,3.0047,-0.9737,-2.3872,-0.0468
-2.8371,3.0813,8.1283,-1.3315,0.2118,-0.0065,-12.9909,-2.8084,5.9520,-1.2834,1.7156,0.3804
-3.1340,3.3686,12.8808,-0.3820,0.8559,0.3611,-8.9663,-0.9768,4.8818,-1.0836,0.9000,0.6927
0.7087,1.8124,7.9607,0.7088,-1.3215,0.1191,-6.5218,-1.2737,9.2871,0.7569,-1.8386,0.3547
1.1732,2.6193,9.1291,0.0981,-3.5502,-1.3047,-2.3774,1.0870,6.1818,2.4672,-3.1192,-2.0041
2.7845,2.9353,3.4740,-0.8958,-4.3657,-2.6071,-3.8618,-0.3184,6.8761,2.9806,-4.3657,-3.9728
-4.7884,-1.0223,2.6217,-4.3657,3.0758,0.5335,-8.5377,-6.9408,-3.9289,-4.3657,3.1353,-3.4010
-5.7293,-4.4341,6.6511,-4.3657,4.0272,1.4930,-9.2799,-11.6430,-1.1971,-4.3657,2.2756,-2.1774
-6.1124,-5.9951,9.8234,-4.3657,3.2672,2.1162,-11.2719,-14.1665,2.7294,-4.3657,1.2177,-0.3349
-5.4947,-6.8833,11.4156,-3.5494,3.5738,2.0340,-9.7037,-13.5608,3.1029,-4.3657,1.7228,0.9298
-6.4284,-5.7820,14.1138,-0.0593,-0.0654,1.3809,-10.6231,-11.9590,1.4676,-0.5244,0.0898,2.2472
-5.6767,-5.3079,10.4531,1.7686,-1.2181,1.8182,-13.0316,-11.3916,1.3623,0.1541,-2.8986,3.1204
-4.1683,-3.5937,9.0429,2.3286,-1.7424,1.9191,-6.4308,-7.4220,-0.1413,0.8092,-3.2640,4.0341
-3.5291,-2.2936,6.1627,2.7772,-0.9892,2.3738,-7.9966,-6.8043,1.5706,0.4704,-1.9756,3.6581
-2.5498,-1.5874,8.6718,2.0661,0.9237,2.5700,-7.0485,-5.6647,3.6943,-0.1314,-0.0280,3.8265
-1.3982,-0.7518,9.7037,2.5410,0.8267,1.9048,-6.5338,-4.0247,4.4460,0.4855,0.7104,3.4242
-1.4246,0.6847,7.8889,2.5101,-0.5115,1.7603,-6.0023,-1.8986,3.1699,0.8500,-2.3437,2.7025
-1.3934,1.7645,7.3646,2.5507,-0.6452,1.1611,-6.8115,-1.3934,4.9895,1.2694,-0.7861,2.1297
-1.5921,3.0574,7.0844,2.3413,-1.3472,0.7300,-6.7133,0.2921,3.3782,1.7176,-1.2788,2.1453
-1.4724,3.5554,6.9240,2.4331,-1.4497,0.3653,-6.0908,0.9553,4.2928,1.6907,-2.4419,1.3368
-1.3599,4.2737,4.4125,2.3911,-1.1922,0.1888,-6.7732,1.8435,3.1532,1.8766,-0.9931,1.3499
-1.9297,4.6902,6.0190,1.7652,-1.1934,-0.1875,-4.6711,3.3878,2.3224,1.6084,-1.1462,0.6418
-1.7166,5.4684,2.6145,1.2529,-1.5942,-0.2153,-4.2569,3.9385,2.3511,1.2597,-2.1992,0.1331
-0.9529,5.6790,2.4565,0.1648,-0.6407,-0.2579,-4.0821,4.0294,2.3128,0.3520,-0.6788,-0.4799
-1.3934,5.1858,2.6073,-0.7370,0.8176,-0.2228,-4.4700,2.9880,3.7757,-0.4473,1.1311,-1.0064
-2.5139,4.7525,2.7964,-1.7455,1.7415,-0.0833,-5.6360,2.4636,1.1349,-1.0515,2.3293,-1.5170
-2.3942,4.2832,2.9449,-2.3017,2.7094,0.1294,-9.4595,1.1085,0.2849,-1.8643,3.1958,-0.8969
-3.6105,2.7270,7.2832,-2.6578,3.7859,-0.0963,-8.0637,0.1006,0.9194,-2.8603,3.8245,-1.0024
-4.7309,2.7342,7.8027,-2.4435,2.4098,-0.3168,-11.5353,-1.3623,1.1372,-2.0091,3.2694,-0.5340
-4.8842,2.7222,9.1147,-1.5348,1.2962,-0.0652,-11.6238,-1.7071,2.0351,-1.6742,0.3651,-0.1620
-5.7461,2.4205,6.8642,-0.9555,0.7408,-0.1490,-8.5641,-0.2682,0.6512,-1.0449,0.4723,-0.1955
-4.9632,2.0087,4.6017,-1.2200,0.0967,-0.0396,-7.6686,-0.0311,0.3615,-0.8852,-0.0406,-1.0758
-4.3120,1.5826,4.8315,-1.8258,0.6515,-0.5585,-7.3694,-0.8475,1.5443,-1.1826,0.5367,-1.0257
-3.9169,1.2737,6.6176,-1.7152,1.0400,-0.8164,-8.0062,-1.2546,1.1301,-0.8909,1.8866,-1.3129
-4.0821,0.7302,6.5673,-1.9249,0.1058,-0.9571,-7.7381,-1.4246,0.0335,-1.0565,0.6215,-1.9093
-4.6208,0.3424,8.1570,-2.1827,-1.0341,-1.3748,-9.7396,-3.4046,1.7190,-0.1593,-0.1927,-2.3876
-4.5035,-0.7733,12.9742,-1.5777,-1.7154,-1.3276,-12.5696,-6.4045,5.5378,0.2425,-0.1026,-2.3686
-4.0270,-1.4293,13.7427,0.5084,-3.6553,-1.5889,-14.4011,-7.1754,6.0549,2.4463,-2.7431,-1.2702
-3.1029,-1.3838,13.7714,1.9504,-4.3657,-1.8916,-11.1235,-6.8354,6.9552,3.8790,-4.3657,-0.6618
-0.0766,-1.1205,11.5903,2.9150,-4.3657,-2.3331,-5.3630,-5.1427,9.5289,4.3656,-4.3657,-1.5195
1.5179,-0.1652,8.9304,2.6021,-4.3657,-2.5345,-6.5194,-4.0941,7.2353,4.3656,-4.3657,-2.3145
3.3447,-0.1221,8.0804,1.6268,-4.3657,-3.5236,-3.3878,-2.9066,6.8953,4.3656,-2.6361,-3.3136
0.8380,1.6281,4.9344,1.4822,-3.5184,-3.7190,-1.6807,-0.2801,2.3320,3.9578,-2.3810,-4.1242
0.0359,2.6312,1.1540,-0.3575,-2.5732,-2.7615,-3.6536,0.0048,0.7087,1.4422,-1.4765,-4.2120
-0.9960,2.6576,1.6041,-2.0584,-1.3153,-1.5930,-4.4628,-0.8332,-0.3304,-0.5008,0.1717,-3.8035
-0.6752,1.7885,3.8140,-3.3216,-0.8525,-0.0746,-5.2002,-2.6001,-0.4956,-2.2585,-0.9527,-3.2495
-2.0901,0.6033,4.6591,-3.7243,0.0136,1.2790,-6.6798,-5.5665,-0.0024,-3.9666,-1.3543,-1.7766
-1.4222,-1.7071,6.1842,-3.9432,1.2001,3.0515,-7.2760,-9.4547,2.1189,-4.3657,-1.1057,0.1482
-1.1229,-4.4245,8.3941,-3.3622,2.5134,4.0233,-6.3183,-12.2894,4.0318,-4.3657,-0.1537,2.0272
-1.6472,-5.6527,10.8529,-2.6400,3.2586,4.3656,-6.2968,-14.0276,6.4069,-4.3657,0.1518,2.9850
-2.1907,-6.9025,12.6821,-1.1265,3.8108,4.3210,-8.6622,-15.2846,8.4060,-4.3657,1.6974,4.3656
0.3065,-6.7014,14.1449,0.1921,3.1531,3.7522,-5.0996,-13.3405,8.7077,-3.2151,0.2617,4.3656
-1.8364,-5.5091,13.9797,2.3855,2.4038,2.6990,-6.5912,-12.2320,7.9703,-0.4230,1.0184,4.3656
-1.0965,-4.9416,12.4235,3.5418,1.2933,2.8033,-8.8801,-11.7076,7.0533,0.9643,0.8820,4.3656
-0.6488,-3.4069,12.3541,4.2288,-0.1159,1.6702,-6.2704,-9.7013,4.0869,2.6917,-1.2259,4.3656
-1.7717,-2.1141,10.8266,4.3656,-0.9325,1.4633,-6.8642,-7.5202,4.8530,3.0331,-2.1553,4.3656
-0.5459,-0.0766,8.8514,4.3656,-1.7841,1.2351,-5.6719,-3.8762,3.9840,3.4579,-1.7055,3.9969
2.1213,0.7015,6.7157,4.2368,-2.2131,0.1953,-0.2945,-1.3048,6.5194,3.7963,-3.6075,2.8437
2.5331,2.0590,5.7341,3.4583,-1.9497,-0.9222,0.8021,1.9824,3.6655,4.3656,-1.3562,0.2244
1.4054,3.4189,2.5857,2.5433,-3.6131,-1.9141,-0.6009,3.5889,2.1691,4.3656,-1.3699,-1.9897
0.7901,4.3694,0.4836,0.7488,-4.1853,-2.6149,-2.6025,3.3878,2.0159,3.4947,-3.9030,-3.6832
-1.4030,5.0613,2.7869,-0.4538,-3.7667,-2.8341,-4.3527,2.6480,0.7733,3.2905,-1.6184,-4.3657
-0.9720,5.3726,4.1396,-1.4605,-2.5315,-2.4432,-4.6783,2.5043,-0.1652,1.8353,-1.4718,-4.3657
-0.5411,4.2138,2.9042,-2.5630,-2.7399,-1.8488,-3.2872,0.8882,0.6776,-0.0962,-2.9451,-4.3657
-0.3711,2.9856,5.3893,-3.6908,-2.5099,-1.4861,-5.0853,-2.7366,4.5729,-1.4437,-2.1998,-4.3657
-1.7621,2.4373,7.6112,-3.4094,-2.0399,-1.2810,-7.8362,-4.6615,5.3965,-1.2008,-1.7684,-4.3657
-0.3831,1.3168,6.9384,-3.5968,-2.2564,0.1448,-7.1347,-4.8147,3.6631,-1.6013,-3.1997,-2.4852
-2.4565,0.6728,6.4596,-3.2779,-0.1232,1.2263,-7.3406,-5.9616,0.5363,-3.3652,-1.4947,-1.0387
-4.2401,-1.7717,5.3893,-3.8730,1.2349,2.8216,-6.6487,-8.6024,-1.2977,-4.3657,-1.6469,0.5143
-4.1084,-5.3247,6.9695,-4.3657,2.4114,4.2745,-5.3534,-13.0005,0.6991,-4.3657,-1.7118,1.7024
-4.2808,-7.7213,10.6925,-4.2715,3.9197,4.3656,-8.2456,-16.7043,3.8427,-4.3657,0.9747,2.5563
-4.1779,-8.1163,13.5225,-3.1822,3.4580,4.3656,-8.7891,-17.2023,7.9775,-4.3657,0.6327,3.8399
-3.2010,-6.5793,14.6836,-0.3822,2.1733,3.5529,-8.8490,-15.2989,8.9591,-3.0210,0.3738,4.3656
-2.4110,-3.8762,9.3063,3.8355,-1.1526,2.0626,-8.1163,-8.7245,2.6384,1.7449,-2.1020,4.3656
-2.2146,-1.7406,9.1818,3.8068,-1.2316,1.7684,-6.0573,-6.2560,4.1180,2.1749,-2.5728,4.3072
-1.3455,-0.0622,8.1307,3.8742,-0.9454,1.7095,-5.6719,-3.5554,4.3742,2.1825,-1.0206,3.6876
0.7973,1.2378,6.9959,3.2891,-0.9503,1.2418,-0.7422,-0.8068,5.0470,2.4280,-1.8710,3.2202
3.3567,1.1468,9.8857,2.7546,-1.8086,0.4950,-3.0358,-0.9577,9.1602,2.9930,-0.8009,1.2137
4.7477,2.5690,6.2345,2.3256,-4.3657,-1.3792,-1.5227,1.0056,7.5968,4.3107,-4.3657,-0.4073
5.2074,2.5211,4.5203,0.9686,-3.1196,-2.5249,2.2984,2.3583,5.3223,3.7655,-2.8557,-2.9751
1.9609,2.6600,4.2353,0.4089,-2.8805,-3.8441,-1.7885,0.9050,4.8291,3.9379,0.6117,-4.3657
-1.0942,4.1635,2.1787,-1.0440,-3.3858,-4.2473,-5.4229,1.4341,0.9146,3.0571,-2.5399,-4.3657
-2.7342,4.0127,4.1061,-2.1113,-2.4902,-3.3847,-3.4213,1.7573,-2.3679,0.8459,-2.2223,-4.3657
-3.6703,3.4836,1.8914,-3.5445,-1.8878,-2.1843,-4.4365,-0.8978,-1.4772,-1.1330,-1.4997,-4.3657
-3.8164,2.3750,4.6064,-4.3657,-1.0375,-0.8206,-9.0477,-4.8315,-0.3567,-3.0519,-1.0195,-4.3657
-6.1148,1.0127,6.1363,-4.3657,-0.4570,1.2207,-9.8761,-7.0461,-1.0487,-4.3657,-2.2090,-2.6209
-6.7516,-1.9609,6.9528,-4.3657,0.8122,3.4684,-8.7508,-10.2759,-2.2913,-4.3657,-2.6159,-0.7759
-5.3870,-6.1627,5.7820,-4.3657,1.7360,4.3656,-6.9216,-13.9175,-0.6297,-4.3657,-2.4088,1.2012
-4.4077,-7.9966,9.0477,-4.3657,2.1184,4.3656,-6.0166,-16.5008,2.6552,-4.3657,-2.0899,2.4680
-3.8499,-8.2672,13.8672,-2.6835,2.9693,4.3656,-8.1618,-17.4777,8.0732,-4.3657,0.6411,3.1273
-2.6959,-7.7596,13.6230,-0.4714,1.6796,3.8586,-9.2081,-16.9102,9.7659,-3.0105,-0.3008,4.3656
-2.1380,-6.5338,14.1737,2.0042,0.4619,2.8169,-6.4404,-13.9055,6.8307,-0.2789,-1.2003,4.3656
-2.7845,-5.3870,13.8002,4.0340,-0.8885,2.2376,-6.7349,-11.7316,4.7309,2.4652,-0.7596,4.3656
-1.6640,-3.9863,10.7548,4.3656,-2.1798,2.0422,-8.7963,-10.1897,4.0079,3.2139,-2.8425,4.3656
-0.7973,-1.8818,8.1403,4.3656,-2.1216,1.2998,-4.5873,-7.1491,3.3974,3.3717,-4.0350,4.3656
-0.5794,-0.4525,9.7779,4.3656,-1.6375,1.1050,-3.1699,-3.7421,4.8219,3.7413,-1.8186,3.8253
1.3408,0.7973,6.2225,4.3656,-3.0916,1.1731,-0.1269,-0.2442,6.2584,4.3656,-3.0342,2.7090
5.8754,1.3958,6.3470,2.9772,-2.9148,-1.1056,1.3408,1.2665,5.7245,4.3656,-2.7620,-1.0640
2.6097,2.7438,6.3590,2.8967,-4.3657,-2.5197,-0.4884,3.1460,5.2337,4.3656,-1.2688,-3.6047
2.2314,4.3551,-0.1700,0.7747,-4.3657,-3.7755,0.4190,4.4532,2.0901,4.3656,-4.3657,-4.3657
-0.6991,5.3917,0.2322,-1.4204,-3.6896,-4.0786,-2.5019,2.9568,0.2059,1.9093,-1.7905,-4.3657
-2.7533,6.4955,0.7326,-2.9433,-2.2303,-3.0839,-6.5912,1.1540,0.0407,-0.1339,0.4812,-4.3657
-4.5777,5.8634,4.7740,-3.7407,-0.6017,-1.6346,-11.5041,-1.6041,-0.4118,-1.8430,-0.5656,-4.3657
-3.9097,3.9935,5.0757,-4.2008,-0.7338,-0.1283,-9.8952,-2.9760,0.1724,-2.7668,-1.6201,-2.5539
-4.1707,1.7166,6.4165,-4.2791,0.0632,1.4682,-8.0278,-5.4348,0.7661,-4.2010,-2.0229,-1.0002
-4.2234,-0.4214,7.6255,-4.0406,0.8920,2.7228,-7.7285,-7.7764,1.5706,-4.3657,-1.4105,-0.0576
-3.8906,-2.5115,8.2313,-3.7866,1.0921,3.6515,-7.2281,-9.7157,1.9130,-4.3657,-1.6779,0.9224
-4.2545,-4.1851,9.6845,-3.3091,1.9100,4.0508,-7.8171,-12.1386,3.9433,-4.3657,-0.9609,1.8495
-3.9744,-4.4652,12.8233,-2.0063,2.5719,4.1555,-11.7340,-14.0995,8.6048,-4.3657,0.6888,3.5922
-4.2593,-4.1755,13.1442,-0.2145,2.2200,4.1452,-12.6222,-13.5823,7.3765,-3.4554,0.5168,4.3656
-3.2609,-3.2872,13.0221,1.1704,2.0448,3.8794,-8.0086,-11.7675,4.6759,-2.0102,-0.2292,4.3656
-2.6647,-2.3631,13.3046,3.0867,1.0323,3.6107,-6.5817,-8.8921,7.1036,-0.3048,0.1883,4.3656
-1.4940,-1.7861,11.8154,4.3656,0.1354,3.3474,-7.7620,-7.3622,6.5529,1.5388,-0.8968,4.3656
1.4174,-0.5363,8.4132,4.3656,-1.5575,2.3979,-5.9137,-4.2258,3.1987,2.2258,-2.4331,4.3656
0.0120,1.8244,10.7787,4.1719,-2.5075,1.2630,-3.7373,-0.6033,5.3798,2.3855,-4.2306,3.7710
2.3343,2.7126,5.4803,4.3656,-3.4701,0.6143,-0.3903,2.1452,6.9623,3.7239,-3.9494,2.6267
4.3934,3.9073,6.9719,3.1000,-4.0911,-1.3119,2.5594,4.8291,6.9719,4.3656,-4.3020,-1.0071
1.7238,5.6431,2.2242,2.5767,-4.3657,-2.6630,0.7374,6.4979,4.6064,4.3656,-3.9269,-3.9674
0.4070,6.6104,-0.7446,0.0957,-4.3657,-3.0029,0.4046,7.6878,-1.0319,3.4460,-4.3657,-4.3657
-0.6728,7.0605,-1.6448,-1.9412,-3.4795,-3.2266,-0.3974,5.5665,-0.4142,0.7983,-2.5431,-4.3657
-2.6073,6.8498,0.1604,-3.5503,-1.9646,-2.5175,-5.1571,1.8196,-1.3647,-1.3467,-0.3640,-4.3657
-3.7373,5.8610,3.8595,-4.2483,-0.4898,-1.5511,-10.1754,-1.7813,-1.5203,-2.5342,1.4417,-4.3657
-4.4173,3.4572,4.2018,-4.3657,-2.0375,-0.0361,-10.2137,-4.0893,-0.3519,-3.3969,-3.9285,-4.3657
-4.9321,1.3479,6.3566,-4.3657,-0.8503,1.5192,-7.5848,-6.9025,0.2586,-4.3657,-3.5475,-1.8644
-3.5243,-1.4198,8.6287,-4.3657,0.6233,3.2707,-8.5617,-10.7715,2.7126,-4.3657,-1.6723,-0.4922
-3.6536,-4.0270,9.2512,-4.2741,1.0046,4.2557,-7.8386,-13.2280,2.2793,-4.3657,-2.8890,1.6132
-4.1276,-5.1212,11.6143,-3.2784,2.1338,4.3656,-5.8897,-14.3125,5.3295,-4.3657,-1.9737,2.7514
-2.9257,-6.8785,12.4977,-1.9378,2.4584,4.3656,-6.2465,-14.6980,7.1467,-4.3657,-0.3770,3.2929
0.6823,-6.2944,13.7307,-0.1829,1.9532,3.9402,-6.9911,-14.6190,10.7284,-2.5885,-0.1252,4.3568
-0.8212,-4.1803,14.2934,2.0963,0.9297,2.8905,-7.2137,-12.9790,8.5856,0.0594,-0.5409,4.3656
-0.4453,-3.3136,12.1625,3.6945,0.4202,2.6029,-6.8977,-11.4371,8.1307,1.3807,-0.9466,4.3656
0.3352,-2.6671,11.1618,4.3656,0.2538,1.9665,-1.6496,-7.2042,5.5258,2.8795,-0.9194,4.3656
0.0024,-0.5387,8.2935,4.3656,0.0625,0.9321,-5.1691,-6.6559,6.3231,3.9045,0.3972,4.3656
0.2442,0.5171,7.9679,4.3656,-0.6574,0.7202,-5.5426,-3.3710,3.5698,4.1420,-0.6889,4.3656
1.0415,1.7430,6.2489,4.2739,-1.4707,-0.0433,0.8954,0.8643,3.1149,3.8572,-3.0526,3.3803
4.5035,3.1963,5.1547,2.5896,-3.9638,-1.9894,0.0479,4.0606,4.6184,4.3656,-2.7828,-1.0195
-3.7014,5.8897,-2.3942,-0.4623,-4.3657,-1.8928,-0.5698,6.2824,-1.5634,2.7693,-4.3657,-4.3657
-1.1516,6.1818,1.4006,-2.3891,-4.3657,-2.2609,-1.4006,3.3854,-0.5674,-0.0281,-3.9367,-4.3657
-3.5410,6.0549,1.2115,-3.1497,-1.4865,-1.3199,-5.7940,0.1101,-0.4166,-1.9544,0.2276,-4.3657
-1.9537,4.0893,2.4636,-4.3657,-2.2254,0.2822,-7.4508,-2.4660,0.8930,-3.1657,-1.8674,-4.3657
-2.3535,2.8060,7.2042,-4.3657,-1.3740,1.4226,-9.5241,-6.0071,2.3822,-4.0626,-3.6864,-2.7907
-3.2848,1.0367,6.8378,-4.3657,-0.2008,2.7679,-8.1786,-7.8123,2.4134,-4.3657,-2.5070,-0.7617
-2.4565,-2.6839,7.3574,-4.3657,0.8436,4.3639,-5.8969,-10.6734,1.9249,-4.3657,-2.8894,1.0668
-3.7350,-4.7501,11.4371,-3.9427,2.3169,4.3656,-6.8450,-14.4777,4.1228,-4.3657,-1.0453,1.9016
-3.9887,-6.5170,13.1011,-2.7183,2.8715,4.3656,-10.7380,-17.4226,8.4707,-4.3657,-0.6953,3.8424
-0.9026,-6.7588,14.7052,-1.2249,3.1043,4.3656,-7.1132,-15.9813,10.5321,-4.3657,-0.7406,4.3656
-0.8188,-5.0206,16.3141,1.5799,2.9780,3.1836,-4.7812,-13.3908,10.5129,-1.3979,0.7189,4.3656
-0.8428,-4.2593,14.8010,3.9518,1.8606,2.8627,-12.1602,-14.3580,10.4267,0.9577,2.2563,4.3656
-0.7757,-3.1843,14.3101,4.3656,1.0682,1.9830,-4.6208,-10.6973,6.8594,3.3215,-1.2766,4.3656
-0.5435,-2.0638,6.8929,4.3656,-0.7107,1.2035,-0.2011,-3.4931,-0.5555,4.3656,-2.7780,4.3656
-0.4070,1.7095,6.0430,4.3656,-2.1679,0.6420,-3.5721,1.1803,0.8859,3.8396,-1.1099,2.8936
0.3304,3.3806,6.5721,3.1714,-2.7719,-0.7159,-2.5618,3.1484,3.9840,3.3807,-2.5201,1.6497
0.3448,4.2377,4.0965,2.3421,-3.5178,-1.0873,-2.0303,3.4165,5.3965,3.6255,-4.1813,-0.5397
-0.5267,5.1356,2.6743,-1.2593,-4.3657,-2.6390,-0.2945,4.3144,1.5323,1.8646,-4.3657,-4.3657
-0.5219,5.3654,1.4269,-2.0956,-3.8898,-2.7435,-2.0830,1.8579,2.3056,0.5999,-2.5115,-4.3657
-2.1979,4.7429,2.1021,-3.5201,-2.0029,-1.7281,-6.6224,-0.4357,0.7661,-1.2263,-0.7516,-4.3657
-3.1867,3.5793,4.4460,-4.2336,-1.4332,-0.4469,-8.5425,-2.5379,-0.3352,-2.5263,-0.7898,-4.3148
-4.5969,1.6688,4.2329,-4.3657,-0.8440,0.9944,-8.5736,-4.9177,-1.9585,-4.1649,-2.5858,-2.5471
-3.7230,-1.5658,6.2345,-4.3657,0.5168,2.9128,-7.3526,-8.9543,1.0056,-4.3657,-1.9636,-0.9641
-3.8547,-4.1635,8.4036,-4.3657,1.3889,3.8617,-7.2856,-11.5496,1.8938,-4.3657,-0.8804,0.3020
-4.4819,-5.7245,9.7731,-4.3123,2.0699,4.3656,-6.8785,-13.4530,3.2441,-4.3657,-1.3889,1.2369
-2.9784,-7.0892,11.3365,-2.9375,2.6425,4.3336,-8.6191,-14.7914,7.0485,-4.3657,0.1656,2.4241
-2.1787,-6.1890,13.6134,-1.3829,2.4020,3.4540,-8.8490,-14.6381,8.5090,-3.7671,0.5364,4.3032
-2.6169,-5.6407,14.3508,1.3408,2.1767,3.0238,-9.1506,-14.3915,9.8138,-1.2664,0.6189,4.3656
-1.4940,-4.4460,13.3549,2.9460,1.0866,2.1152,-6.1627,-10.7643,4.4317,0.6508,0.3084,4.3656
-1.2785,-2.6073,11.6430,4.0473,0.1675,1.7620,-10.3645,-10.7500,7.6064,1.8425,-0.2306,4.3656
-2.1979,-1.2737,12.3493,4.3656,-0.3721,1.1453,-7.0437,-6.7038,4.2737,2.5559,-2.2545,4.3656
-1.7909,0.4453,10.1466,4.3656,-0.2414,1.3684,-9.4379,-6.3255,5.8347,3.7362,-0.2485,4.3656
-0.3184,1.3384,6.3853,4.3656,-1.7124,0.8415,-2.5259,-1.0534,1.4892,3.7890,-2.4231,4.3656
0.0646,1.7621,7.8434,4.3416,-1.9444,0.1382,-2.1835,2.6193,2.2865,3.7267,-2.4790,2.2725
0.7709,3.2417,4.3072,3.7974,-2.9266,-1.1686,0.6177,5.3151,3.8978,4.0152,-2.5622,0.7180
0.4836,4.8267,2.1644,2.6089,-3.3073,-1.9009,0.5794,6.1387,2.3104,3.9611,-4.1231,-1.7361
-1.0965,5.0829,1.7047,1.4953,-3.4900,-2.5992,-0.4860,6.5769,0.1915,3.4355,-2.6240,-3.9752
-1.9369,5.8562,2.5857,-0.3738,-3.4017,-2.5892,-0.2945,6.4596,-1.3623,1.6923,-3.8908,-4.3657
-0.8308,5.0996,1.3288,-2.3291,-4.3657,-2.3040,-1.4748,2.2266,1.4581,0.2487,-3.9495,-4.3657
-1.4748,4.4221,2.3511,-3.9073,-4.2621,-2.0038,-4.4748,-0.9218,3.6296,-1.1283,-3.7040,-4.3657
-3.4644,4.3239,4.6926,-4.1813,-2.2896,-1.1405,-9.1075,-3.4309,2.6193,-2.0248,-1.1604,-4.3657
-2.9377,-0.9625,8.0709,-4.2489,0.7798,3.1324,-9.2344,-9.6391,4.0510,-4.3657,-1.0328,-0.2631
-0.2011,-2.9137,14.0109,1.9300,1.5352,2.6925,-4.8554,-11.8178,9.9096,-0.2005,-1.6482,4.3656
0.8188,-1.7214,12.4235,3.8034,0.6101,2.1366,-6.5697,-9.2943,8.9088,2.0079,-0.0482,4.3656
1.5921,-0.8260,10.7978,4.3656,-0.5614,1.5705,-6.4332,-8.4755,6.8115,2.9838,-0.0817,4.3656
0.2035,-0.6177,10.0317,4.3656,-0.7658,1.2347,-6.1459,-5.2265,3.8283,3.6680,-2.2665,4.3656
2.0279,1.6688,5.7509,4.3656,-2.3799,0.6610,-3.8666,-1.6496,2.9161,3.3400,-2.9611,4.3656
3.0742,2.7246,7.3215,4.1220,-2.2649,-0.1370,4.0893,3.4740,6.0334,3.5037,-4.0302,2.7058
3.5841,4.4963,2.5594,3.2596,-1.5933,-1.1126,0.7278,4.4963,6.8163,4.3656,-0.5995,0.7586
3.4477,5.6767,6.5697,1.8250,-1.9351,-2.6758,1.8435,7.7524,2.4972,4.0294,-0.7546,-1.7698
-0.4310,6.5577,2.2841,1.0633,-2.5005,-2.8863,-1.9968,7.2113,1.5251,2.3842,-3.7587,-4.0909
-0.9553,5.9783,1.5251,-1.3042,-3.5695,-2.1999,1.3934,7.1970,-3.5458,0.7246,-3.8046,-4.3657
-1.1109,5.2984,1.5538,-3.1004,-2.9776,-2.1887,-0.5938,1.0822,1.0822,-1.4553,-3.2512,-4.3657
-1.7885,5.0853,3.0358,-4.2555,-2.3309,-1.5340,-5.7916,-2.7725,2.6288,-2.8570,-1.0184,-4.3657
-2.4445,3.5099,4.8291,-4.3657,-1.5946,-0.5460,-10.3262,-4.8387,3.3064,-3.3422,-0.2116,-4.3657
-2.7940,2.3176,7.6782,-4.3657,-1.6866,0.6106,-10.0054,-6.1842,2.6121,-3.6439,-3.2103,-3.0970
-3.8547,1.1947,8.8825,-3.8925,-0.1835,1.7804,-9.0405,-8.2097,4.7501,-4.3657,-2.3887,-0.5698
-3.3495,-0.7925,9.7540,-3.0225,0.8651,3.1038,-7.8650,-9.0932,5.1739,-4.3657,-1.0495,1.0154
-2.3535,-2.0877,9.9240,-2.2215,1.5158,3.7273,-7.0701,-9.8402,5.5569,-4.3657,-1.2412,2.1258
-1.9130,-2.3176,11.5879,-1.4023,2.1982,3.7912,-12.8473,-12.6294,10.1251,-3.6316,0.7450,4.2802
-0.6321,-2.2817,14.2479,0.2297,2.2840,3.5061,-7.2784,-10.9343,9.0261,-2.2505,-0.2758,4.3656
0.8954,-1.3144,13.4865,2.1161,1.7383,2.8353,-7.7141,-10.8338,11.6119,-0.1355,-0.1069,4.3656
1.6807,-1.4581,13.8050,3.8276,0.5562,2.0864,-5.3702,-8.1594,8.0661,1.9103,0.1259,4.3656
3.4237,-0.1844,10.1514,4.3656,-0.5901,0.7951,-2.5546,-4.7357,6.6798,2.9945,-1.8872,4.3656
1.4054,1.2713,9.8162,4.3656,-1.4244,-0.5145,-5.4468,-3.0718,5.6886,4.2825,-1.5661,4.3656
0.7494,2.6863,6.9049,4.3656,-2.3714,-1.0937,0.3831,4.0007,1.7047,3.9995,-3.9682,3.1632
1.1157,4.1899,3.8858,3.8604,-2.0462,-1.6767,3.3423,5.1380,6.6774,4.1087,-3.7301,0.5211
1.5371,5.3702,1.7286,2.3999,-2.1305,-2.0476,5.1212,8.1379,2.0183,4.1913,-2.2235,-2.6224
-0.0910,5.9759,0.6871,0.9120,-1.9212,-2.4594,0.0479,7.6184,-0.9625,2.9064,-2.0841,-4.3657
-1.1971,6.1531,0.7326,-1.0285,-2.6953,-2.1578,1.1779,5.7700,-1.4413,0.9426,-3.5108,-4.3657
-1.9609,6.0047,0.7877,-2.6867,-2.0964,-1.9200,-3.2130,1.6328,2.7414,-0.5661,-2.2143,-4.3657
-1.1899,5.2720,4.2186,-3.7506,-1.2329,-1.3484,-5.4372,-0.0168,1.2689,-2.2584,0.3019,-4.3657
-2.6719,4.0893,5.9017,-4.1829,-1.3359,-0.6279,-7.4244,-2.8850,1.9369,-3.2191,-1.4951,-4.3657
-2.1093,2.9473,7.5274,-4.3657,-1.5382,0.4357,-10.1203,-5.6000,3.6512,-3.5722,-2.4353,-4.2980
-2.5881,1.7597,7.7740,-3.8528,-0.9687,1.0704,-10.1035,-7.2616,4.1324,-3.9718,-1.9229,-2.4050
-3.0670,-0.0455,9.0980,-3.8073,-0.1444,2.1803,-8.2720,-8.5066,4.2186,-4.3042,-2.5210,0.1700
-3.0263,-1.0870,10.6734,-2.8766,0.5845,2.9067,-6.8307,-9.5193,5.1092,-4.3657,-2.0095,0.9940
-2.6647,-2.5355,9.9335,-2.2487,1.3207,3.5627,-8.5377,-11.1163,7.3981,-4.1600,-1.0416,2.2400
-1.2067,-2.8491,11.9806,-1.3026,1.7150,3.7955,-10.6326,-12.0500,9.0070,-3.3874,0.1612,4.2597
-0.1604,-2.6384,12.2128,0.0797,1.9893,3.2875,-9.4810,-12.3996,9.7133,-2.1583,0.0823,4.3656
-0.0120,-1.7933,14.1330,1.5852,1.7119,2.7375,-5.7437,-10.3262,8.4851,-0.6335,-0.4526,4.3656
1.3719,-1.9225,13.2256,3.6529,0.8703,2.4480,-7.6064,-7.1443,6.1028,0.7754,0.2324,4.3656
3.5314,-0.6560,10.1370,4.3656,-0.1155,1.2843,-2.5594,-7.0126,5.0566,0.2747,-1.2570,4.3656
1.6257,-0.3591,7.1994,4.3656,-0.9627,-0.0426,2.0853,-0.8882,9.5936,2.6196,-4.3657,2.7338
1.9513,2.2601,5.6144,3.7174,-2.5205,-0.9058,-1.4557,0.3256,7.5489,4.3656,-1.7800,1.8895
1.4485,3.9385,5.6982,3.4579,-1.2774,-1.3993,-3.4764,2.7677,3.8355,4.3656,-0.6897,1.0896
1.1229,4.2353,4.1970,3.0000,-2.0992,-1.8061,-2.1261,4.0414,3.6583,4.3656,-3.1219,-0.8031
-0.2825,4.6232,4.8985,1.9295,-2.2970,-2.1508,-0.0144,6.9240,-0.1628,3.6565,-2.4726,-2.8948
-1.3144,5.4803,2.6169,0.9054,-2.5891,-2.6201,-2.2242,5.6910,2.4181,2.8096,-2.6865,-4.2462
-1.4653,5.9711,3.6512,-0.6740,-3.0474,-1.9509,-2.6193,5.4947,-0.3974,1.2047,-3.4548,-4.3657
-1.7334,5.6503,2.2003,-1.5340,-1.3015,-1.8590,-4.3622,2.5331,0.8045,-0.3453,-1.5428,-4.3657
-3.2441,5.4851,2.8491,-2.7660,-1.1912,-0.8179,-6.0956,0.9194,-1.2091,-1.9556,0.3300,-4.3657
-3.9504,4.4700,3.6919,-3.7262,-0.6515,0.4557,-6.0334,-2.4828,-1.8507,-4.2166,-2.5165,-4.3657
-2.8228,2.4900,5.1188,-4.0144,0.8523,1.6166,-9.6678,-7.2736,4.5059,-4.3657,-0.6600,-4.1340
-3.8403,0.6153,7.9464,-4.3657,0.6916,2.7444,-13.0125,-9.6007,1.9632,-4.3657,-0.2530,-0.5092
-4.4221,-1.3001,8.2744,-4.2169,1.2167,3.5903,-8.2672,-10.2376,2.3487,-4.3657,-3.6985,1.6827
-4.3215,-2.6384,11.6717,-3.6303,1.9345,4.3515,-7.6662,-12.0189,5.2553,-4.3657,-0.9726,2.5239
-2.8132,-3.6392,12.1602,-1.8969,2.2607,4.3656,-15.3349,-15.2175,9.8904,-4.3657,0.5208,4.3656
1.8938,-2.9305,11.9734,-0.4333,1.8924,3.7271,-8.5928,-13.3237,10.9463,-2.9078,-1.7095,4.3656
-0.3950,-1.8507,15.6724,1.7660,1.9377,2.0299,-0.1987,-7.7285,8.9854,0.0530,-0.6418,4.3656
0.2873,-2.0614,11.9878,3.9277,0.6674,1.6389,-6.3686,-5.8131,7.8099,2.5855,2.3142,4.3656
4.1300,-0.6967,8.7867,3.8729,-1.5595,-0.7344,-4.3407,-2.2745,5.1643,3.2390,-2.6653,4.0981
0.2538,0.4908,8.5234,4.1234,-1.9554,-1.1600,-3.7613,-0.0910,3.4692,4.0914,-2.7919,2.4856
-0.7877,1.8340,5.3654,3.6920,-3.2343,-2.2323,-3.1077,1.9154,4.2808,4.3656,-2.5850,0.2707
-0.4669,3.4860,7.4627,2.6083,-2.6681,-2.5029,-1.2163,4.8387,2.5522,4.1094,-3.9462,-0.9076
-2.3176,4.2377,3.1125,2.4459,-2.4130,-2.7419,-1.6903,4.6974,2.4756,3.8688,-2.6712,-3.0114
-1.5490,4.5131,3.8020,0.5033,-2.5358,-2.1831,-0.1460,6.2608,-2.7821,2.1951,-3.4985,-4.3657
-3.0670,4.7046,1.5323,-0.7590,-2.0169,-1.8507,-2.5043,2.0758,0.0383,-0.0454,-2.8915,-4.3657
-3.5554,5.0398,2.9832,-2.2720,-1.9039,-1.0256,-6.4236,-1.1277,1.6113,-1.8956,-0.9647,-4.3657
-3.6943,4.4125,4.1827,-2.9417,-1.2057,0.0193,-9.7492,-2.9497,2.5091,-2.4610,-0.0520,-4.3657
-3.3136,3.2010,5.5426,-3.5798,-1.0840,0.9182,-9.0812,-4.3934,1.6735,-3.3730,-2.6930,-2.8669
-2.8323,1.6544,7.1563,-3.5737,-0.4133,2.3214,-8.7963,-6.6726,2.3679,-4.2754,-2.5750,-1.1985
-1.8986,-0.2490,7.1802,-3.6031,0.3728,3.0319,-7.8721,-8.3653,3.5267,-4.3657,-1.9878,0.4570
-2.6504,-1.8172,9.2225,-3.6128,0.8941,3.7910,-5.8466,-10.3453,4.1156,-4.3657,-2.4236,1.4821
-1.5155,-3.6919,10.5177,-3.3433,1.4290,4.2033,-5.3558,-11.7771,6.7062,-4.3657,-1.3616,2.1625
-0.4549,-4.6831,13.0484,-2.1685,1.8527,3.8766,-5.8035,-12.5289,10.2711,-4.1196,-0.5124,2.4215
0.1030,-4.5346,14.7674,-0.2517,1.9670,3.1620,-11.2480,-14.0827,12.9622,-1.6896,0.9790,4.3656
1.5490,-3.2130,15.7203,2.2087,1.4158,1.8594,-10.8960,-13.8265,10.2137,0.6174,0.9112,4.3656
0.4788,-2.3487,12.6270,4.0456,0.1661,0.6769,-6.9240,-11.5520,3.9121,1.8594,-1.6156,4.3656
1.5850,-2.0853,10.0126,4.3656,-1.1992,-0.6245,3.5817,-2.8156,3.5386,3.5194,-3.6026,4.3656
0.2873,-0.6297,6.6128,4.3656,-1.6036,-1.9369,-0.5387,-1.4988,6.9288,4.3656,-2.2910,2.0928
-0.0311,1.3264,5.4372,4.1904,-1.5982,-2.2671,-3.5291,0.2322,2.5546,4.3656,-1.3202,0.1407
0.5914,2.5953,5.9256,3.2472,-2.8168,-2.4726,-1.0582,2.3798,4.4436,4.3656,-3.0224,-2.1995
-1.8196,3.5985,2.5522,2.1418,-3.1285,-2.9964,-1.3647,4.1061,-0.5291,4.3656,-3.6588,-4.3657
-2.0638,4.4652,1.9824,0.1735,-2.5834,-2.5429,-2.0039,5.1116,-5.4540,2.2868,-2.1901,-4.3657
-2.4852,4.5250,1.0151,-1.7480,-2.5663,-1.8728,-2.2984,0.8332,-0.8404,-0.7073,-2.8240,-4.3657
-2.3439,4.4580,3.3519,-3.4083,-1.9208,-1.0684,-9.1722,-3.6081,3.8116,-2.5181,-0.9643,-4.3657
-2.9377,3.7661,7.0749,-3.5463,-1.5374,-0.0993,-9.3541,-4.1084,1.7933,-3.1468,-0.7041,-4.3657
-2.2482,2.1141,6.4117,-3.5911,-1.4686,1.1024,-10.5967,-6.2896,3.3303,-3.3285,-3.3239,-1.1923
-0.4477,0.0335,8.9926,-3.3995,-1.0846,1.5881,-1.4796,-6.3039,4.4843,-4.3657,-4.0080,-0.7939
-0.5339,-0.6776,8.5976,-3.0164,-0.7480,1.8743,-5.2433,-8.7915,7.1587,-3.7672,-1.6152,-0.4778
-1.0678,-1.0295,9.2967,-2.4765,-0.4651,2.6502,-7.0892,-9.7109,5.9927,-3.4993,-2.2168,0.7685
-0.9242,-2.4205,8.6718,-2.0745,0.6664,3.3983,-5.3989,-10.2999,5.9687,-3.4849,-2.1346,2.6032
-0.2490,-3.7158,10.0820,-1.4506,1.7367,3.7203,-5.4612,-11.0085,7.7548,-3.4184,0.0183,3.3502
0.4932,-4.8674,11.7986,-0.5981,2.1783,3.6878,-7.4699,-12.7156,9.4571,-2.1972,0.2817,4.3656
2.1763,-4.4484,11.8872,0.5705,2.2428,2.2398,-4.5035,-11.7627,11.3653,-0.9658,0.2501,4.3656
0.2634,-4.0318,12.7491,1.9882,2.4436,1.3331,-3.3974,-8.9519,7.1730,1.2373,2.0567,4.3656
0.2993,-3.1077,11.7412,3.2283,1.2520,0.7473,-7.9392,-8.3773,5.5545,2.5735,2.5515,4.3656
0.9074,-2.1404,9.8114,3.8239,0.2112,-0.2777,-5.1763,-5.3822,3.7996,3.1125,-1.5885,4.3656
0.2610,-0.8475,9.8713,4.0087,-0.3239,-0.8696,-4.1037,-3.6655,5.5091,4.0396,-1.5390,3.7878
0.5842,0.0742,7.3861,4.0380,-1.0676,-1.4870,-2.6384,-0.0168,3.1053,4.3656,-0.5921,1.6363
-0.3926,1.5682,6.9647,3.1765,-1.5589,-2.0336,-3.3734,1.8052,3.3974,4.3609,-2.1254,0.0012
-1.1349,2.7461,7.2425,2.8337,-1.8879,-2.3441,-3.9792,2.7150,3.3926,4.3027,-2.2755,-1.0237
-1.5514,3.1460,4.1755,2.1493,-2.0366,-2.2924,-4.2521,3.5506,1.3910,3.6817,-2.6011,-2.2541
-1.8914,3.9983,3.5985,0.9225,-1.9957,-2.4500,-3.1651,4.1444,1.2258,2.6071,-1.8542,-3.3213
-2.4397,4.1994,5.0087,-0.0469,-1.8695,-2.2080,-2.3894,3.4237,1.3982,1.7288,-2.1649,-4.3657
-2.3343,4.7333,4.1061,-0.7024,-1.9482,-1.8659,-7.6088,1.5706,2.1284,0.7209,-1.1823,-4.3657
-1.5443,4.3263,4.2282,-1.5503,-1.8193,-1.1347,-6.2968,1.2594,0.5626,-0.3629,-1.2923,-4.3140
-1.7047,3.8618,5.5617,-1.9873,-1.7004,-0.8452,-5.4229,-0.5674,2.8683,-1.3985,-1.8453,-4.3657
-1.3551,3.4836,4.7214,-2.8105,-1.8788,-0.1042,-6.1555,-2.3822,3.2561,-2.0560,-1.5707,-3.7263
-2.3846,2.6959,5.7796,-3.3794,-1.4850,0.7722,-6.8977,-4.0701,2.0901,-3.2025,-2.3198,-3.1487
-2.1308,1.4365,6.9887,-3.5372,-0.1916,1.7832,-8.4755,-6.8690,2.9377,-4.3657,-1.3499,-1.7154
-3.0263,-0.6608,8.3007,-3.4800,0.8226,2.7259,-8.7532,-9.7348,4.0318,-4.3657,-1.0332,-0.3166
-3.4046,-2.9353,9.9790,-3.0525,1.7341,3.3660,-7.3861,-11.9950,3.8259,-4.3657,-1.3383,1.4544
-3.7900,-5.2960,12.4810,-2.3233,2.3705,4.0943,-14.0109,-16.9869,9.5936,-4.3657,0.0500,3.6316
-1.7957,-5.2625,15.4522,-0.5211,2.5859,4.1422,-7.7117,-14.9638,9.8737,-2.9552,-0.2879,4.3656
0.4405,-4.2425,13.7284,1.9083,2.4232,2.8058,-4.8123,-11.3222,10.3358,-0.4018,-0.1691,4.3656
1.4844,-2.8156,11.8034,3.3155,1.2185,1.2954,-5.4348,-9.5600,8.3797,2.2845,1.9653,4.3656
1.0175,-1.5754,10.8338,4.3656,-0.7639,-0.1577,-3.9768,-5.5498,3.7206,3.8734,-1.1038,4.3656
0.4094,-0.5243,7.6662,4.3656,-1.7363,-1.2736,-2.4732,-1.8196,3.0215,4.3656,-3.4262,3.3350
0.1317,0.8116,4.3359,4.3656,-3.0650,-2.0013,-1.1636,1.0104,2.7749,4.3656,-2.6462,0.7705
-0.0982,2.1668,4.2665,3.3112,-3.3301,-2.8507,-2.6935,2.5833,0.9385,4.3656,-2.6807,-1.1485
-1.8340,4.3048,4.7405,2.4916,-3.0243,-3.0598,-0.4860,6.4212,-0.2466,4.1399,-3.3562,-3.0577
-2.2625,5.2816,1.5251,0.9498,-3.3079,-2.6248,-2.7916,5.7533,-0.6895,2.5779,-3.7975,-4.1881
-2.8467,5.5881,0.8643,-0.8819,-2.4319,-1.9211,-1.4246,4.7142,-2.1859,0.0124,-3.5012,-4.3657
-2.6384,5.3750,1.8938,-2.7141,-1.9979,-0.8372,-4.6304,0.6488,-0.5435,-2.2711,-1.1130,-4.3657
-2.6576,4.4819,3.3543,-4.1315,-1.9370,-0.0041,-8.3677,-2.7366,1.9178,-3.2979,-0.6293,-4.3657
-3.0550,3.3327,7.2664,-4.3657,-1.5451,1.3089,-10.6446,-6.0358,3.3926,-4.3657,-3.2851,-3.1549
-2.8587,1.4653,9.0597,-3.8135,-0.2506,2.6067,-10.5393,-8.6718,6.2896,-4.3657,-2.1931,-0.1925
-2.0686,-0.6943,10.6877,-2.9046,1.0210,3.4244,-8.3294,-9.8282,6.9001,-4.3657,-1.2542,1.7686
-0.9122,-2.4541,12.6246,-1.8880,2.1906,3.3813,-6.2944,-10.6614,9.3111,-4.2336,-0.4982,2.4834
-0.4860,-2.5067,14.4107,0.0318,2.5955,3.1095,-12.6797,-13.2806,15.1122,-1.7662,1.7609,4.3656
0.5387,-1.4748,15.3013,2.1913,2.7606,2.4088,-6.5769,-10.5345,9.5553,0.5777,0.8704,4.3656
0.9361,-1.4509,12.4139,3.5835,1.7814,1.5290,-3.1053,-6.7804,6.8331,1.8425,0.1763,4.3656
1.1420,0.0120,8.7795,3.9422,0.3925,0.8416,-5.9472,-4.9823,6.0142,2.9408,0.6968,4.3656
1.0295,2.0614,8.9016,4.0224,0.2069,-0.2453,-5.4348,-3.1508,5.5665,3.0803,-0.5885,4.3656
-1.1516,4.0701,2.9425,2.7066,-1.2428,-2.1091,1.3288,6.3231,0.1580,4.3656,-1.1712,-0.4509
-1.7621,5.4492,1.0463,0.8162,-1.9660,-2.4906,-2.9257,6.3422,-2.2913,2.5415,-2.2347,-4.3657
-4.0079,5.1763,0.5004,-0.9626,-2.3165,-2.0290,-0.6464,6.0741,-4.6017,0.5420,-3.5062,-4.3657
-3.2250,4.8171,1.0654,-2.8374,-2.3915,-1.6975,-2.7198,0.9457,-1.2617,-1.7567,-2.6273,-4.3657
-3.2346,4.1994,3.5386,-3.9855,-1.9229,-0.9663,-7.5441,-2.5738,0.7159,-2.9713,-0.2172,-4.3657
-3.8331,3.0406,5.2098,-4.3657,-2.5752,-0.2174,-9.6007,-5.0111,0.9170,-3.4242,-2.9709,-4.3657
-5.2768,2.7485,11.0564,-3.9392,-1.4534,1.4079,-11.5760,-9.0764,6.4524,-4.3130,-4.2518,-2.6135
-4.3383,1.1277,10.9846,-2.0772,0.4076,2.3333,-12.9287,-9.7300,9.1674,-3.2799,-0.5213,-0.0454
-2.4301,-0.4046,8.7484,-1.6627,1.1437,2.8344,-8.5018,-8.2672,4.2258,-3.1415,-1.5849,2.4889
-2.3128,-0.6393,9.7396,-1.3038,1.8831,3.0703,-10.2041,-9.2751,8.1068,-3.0770,-0.1506,3.9054
-2.3990,0.1508,12.2248,-0.4509,1.8052,3.1914,-14.3915,-11.9207,11.3054,-2.1085,1.5343,4.3656
-1.2761,0.3711,12.5959,1.1707,2.1943,2.9941,-4.0247,-8.1738,8.6718,-1.2557,-1.2448,4.3656
-0.4597,0.1772,11.9997,2.2970,1.8500,2.6601,-7.3765,-7.0150,10.4938,0.4098,1.5447,4.3656
2.1189,1.0750,12.0021,3.2924,1.4839,1.4289,-3.8044,-4.0917,8.3486,1.8727,1.7189,4.3656
0.3974,1.4772,9.7348,4.3656,0.6727,0.2497,-3.0191,-0.0910,4.7860,3.1276,-1.3659,4.2727
-0.3615,2.8012,6.0310,3.7413,-1.3666,-0.6265,-2.0590,3.8690,1.1564,3.3334,-2.4700,2.3611
-1.2617,4.0414,4.3862,3.1521,-1.7741,-1.1711,-0.7829,5.4827,3.7565,3.1427,-2.5247,1.1739
-1.6544,5.2505,3.3136,1.8888,-1.6574,-1.4594,-3.1651,5.4636,4.0630,2.7527,-1.8896,-0.4546
-1.9561,5.6767,3.3471,1.2317,-1.4959,-1.3326,0.5124,7.3789,1.5275,2.7892,-0.7801,-2.1224
-1.0080,4.8914,0.2849,-0.3921,-1.8655,-1.8715,-0.9002,6.8881,-2.9712,1.9682,-1.7174,-4.3296
-1.9992,4.9009,3.8547,-1.5844,-2.4305,-2.1881,-1.3671,3.6943,-1.2330,0.2575,-2.9320,-4.3657
-1.5012,4.3287,3.2130,-2.5893,-3.6483,-1.9055,-2.9353,-0.1891,3.7541,-0.7293,-4.3657,-4.3657
-2.4493,4.5825,5.2720,-3.0661,-2.9476,-1.9744,-7.1515,-2.6887,4.8243,-1.4043,-2.5367,-4.3657
-4.1396,4.3431,6.8235,-2.8181,-2.2026,-1.2183,-12.7779,-3.5889,3.7589,-1.2476,0.6989,-4.3657
-5.1547,3.6919,7.4101,-2.8579,-2.3120,0.0257,-11.2144,-4.1372,2.5450,-2.0638,-4.1319,-2.9964
-3.9744,2.5331,8.1427,-2.3430,-0.1789,1.3548,-11.4275,-5.9975,4.4221,-3.1614,-1.5649,-0.6873
-4.2545,1.0415,8.0397,-2.3621,0.8637,2.4192,-10.8673,-7.4388,3.5410,-3.9436,-0.0417,1.7139
-4.2689,-0.0982,10.6757,-1.9486,2.0812,3.4885,-9.1818,-8.9878,5.9927,-4.3657,-1.3030,2.9513
-3.5530,-0.8499,12.2200,-0.9152,2.7125,4.0302,-13.6062,-11.1067,9.7229,-3.5444,1.6677,4.3656
-1.5371,-0.8978,11.9686,0.3299,2.8710,4.1286,-9.9144,-10.5393,10.3262,-2.8489,0.4447,4.3656
-0.8954,-0.1030,13.9414,1.6994,2.7889,3.4003,-6.6415,-8.1642,9.7037,-1.2886,0.6494,4.3656
0.4836,-0.1484,10.9678,3.1120,2.0965,2.6953,-4.2880,-6.1411,8.7867,0.5100,1.6494,4.3656
0.9457,0.7877,9.6055,3.4687,1.0998,1.5504,-2.3870,-1.4700,6.4500,1.7837,-0.4624,4.3656
-0.2873,2.8012,8.1355,3.5527,-0.7983,0.3780,-4.3383,1.7095,4.0869,2.7375,-1.1723,3.0259
-0.9290,3.9169,5.8945,3.7229,-0.9878,-0.3222,-4.1037,3.1173,3.4979,3.2265,-1.6874,2.9672
1.6544,3.5482,2.8443,2.8542,-1.8540,-0.9531,0.2969,5.5043,3.2226,3.0250,-2.6221,0.5665
-1.1923,4.8100,3.8499,2.2878,-1.2153,-2.6105,3.1268,5.5952,6.4715,3.8355,-1.0674,-1.6205
-2.5666,6.0406,0.6249,1.1744,-1.0237,-2.7057,-4.9033,5.2768,-0.3711,4.2927,0.6503,-2.9140
-2.5498,6.0597,3.1556,0.1303,-1.6726,-2.4781,-4.1324,6.9336,-4.0462,2.8202,-1.8089,-4.3657
-5.8778,5.5522,3.9480,-0.6074,-2.1401,-2.3872,-4.0893,5.7293,-5.0111,1.4779,-2.4886,-4.3657
-5.9687,4.6831,0.7638,-2.1204,-3.4295,-1.4292,-4.3670,1.7502,-2.8587,-0.7842,-4.3657,-4.3657
-4.7836,3.7350,2.4205,-3.9097,-2.8802,-0.4282,-7.3334,-2.3272,-0.9194,-3.2229,-3.2650,-4.3657
-6.7397,2.9951,4.8435,-4.2847,-1.7778,0.2459,-11.0397,-5.4731,0.3807,-3.9123,-0.8941,-4.3657
-5.3750,1.6233,8.0349,-4.3255,-1.5572,1.9686,-14.2287,-8.0661,2.8587,-4.3657,-3.5029,-1.2474
-4.6663,0.2753,9.3494,-3.3065,-0.2809,2.8633,-10.2424,-8.6335,4.8004,-4.3657,-2.9772,1.4256
-4.3958,-0.8475,10.7117,-2.4896,0.9550,3.3878,-7.8314,-8.5976,6.1890,-4.3657,-1.1706,2.1755
-3.3399,-1.7478,10.4267,-1.5635,1.4698,3.8852,-10.9104,-9.5241,8.2289,-3.7763,-0.3412,2.9158
-1.5826,-1.2737,12.9191,-0.5319,1.8975,3.4979,-12.5600,-10.5082,9.9647,-2.6477,0.4814,4.3656
-2.0758,-0.6105,12.6294,1.2021,2.1201,2.9659,-6.6152,-8.6694,8.3821,-1.0156,-0.2117,4.3656
-1.6855,-0.5219,11.6765,2.4055,1.8764,2.9008,-5.6288,-5.2816,6.7253,0.1242,0.4060,4.3656
0.5100,0.2227,7.9751,2.7123,0.9899,2.0973,-7.7213,-4.3574,6.3231,0.6795,0.6269,4.3656
-0.6656,2.1907,9.3996,2.7772,0.4986,1.0511,-0.2418,0.3615,5.6192,1.5917,-1.7607,4.3439
0.0575,2.9880,6.8785,2.9014,-0.3520,0.5496,-3.4668,1.6688,4.8818,2.4694,-0.4287,2.3058
-0.0455,3.7541,5.0015,2.3951,-0.8561,-0.3063,-3.1843,3.5195,3.6152,2.4104,-0.7626,2.0190
-0.0622,4.1659,5.4348,1.8149,-1.0964,-1.3270,0.8475,4.5777,6.9240,2.4106,-2.4379,0.1804
-2.2266,4.2976,3.6320,1.0364,-1.9638,-0.9013,0.2969,4.0390,3.8092,4.2009,-0.8344,-3.4715
3.2394,3.4500,4.8076,-0.5917,-3.1710,-2.2848,-2.7581,3.4357,3.0430,3.1312,-1.7778,-4.3657
-1.0199,4.0773,6.5362,-0.3272,-2.9170,-4.0967,-7.1778,2.1380,0.2298,3.2748,-1.9428,-4.3657
-4.7309,4.4317,5.8035,-0.5620,-3.2366,-3.8465,-5.7269,1.8483,-0.4741,1.8977,-4.0881,-4.3657
-5.7341,3.5698,2.7270,-1.9193,-2.8362,-2.6108,-7.3741,-0.4429,-1.3671,-0.2842,-3.1962,-4.3657
-5.5282,2.9640,4.6017,-2.8160,-1.3451,-1.2375,-8.1714,-2.4876,-2.1332,-2.3706,-0.4106,-4.3657
-6.0286,1.4413,4.8004,-3.5846,-1.3194,0.3148,-10.2376,-5.9831,-2.0111,-4.2294,-1.7670,-4.1978
-6.3566,-0.8332,5.4588,-4.3657,-1.3262,2.0661,-10.6303,-9.9192,0.8787,-4.3657,-4.3211,-0.8733
-6.2201,-2.5738,10.5345,-4.3243,-0.3407,3.7920,-9.7252,-12.7731,3.8451,-4.3657,-3.0331,1.4385
-5.5138,-3.6990,13.0771,-2.7909,1.2367,4.3656,-10.2161,-14.3389,9.4212,-4.3657,-1.3550,2.7773
-2.0925,-4.1683,12.6534,-0.8907,2.4869,4.3656,-10.9247,-13.2136,10.8625,-3.2799,0.4501,4.3656
-0.9505,-3.3543,12.9502,0.4848,2.7296,3.8872,-9.3925,-12.4594,11.7795,-1.5287,1.2457,4.3656
0.5028,-1.6759,13.7810,2.2328,2.1943,2.5170,-4.8411,-10.1658,8.0565,0.4494,0.9383,4.3656
-0.5794,-1.5155,12.8257,4.0044,1.5148,1.8481,-3.3950,-6.2848,7.0749,2.0892,0.2356,4.3656
1.7430,-0.6704,8.3390,4.3656,0.0922,0.7966,-5.4492,-4.3766,5.9951,3.2456,-0.0786,4.3656
1.0894,1.1947,10.9319,4.3656,-1.3130,-0.7099,-2.4756,-0.8691,4.4460,4.2786,-1.8242,4.0217
0.5555,1.1875,7.4029,4.3656,-3.1982,-1.6080,-3.3710,1.9106,2.6863,4.3656,-4.0286,1.3380
-1.1037,2.6839,4.4748,4.2583,-4.2775,-2.3756,-4.2353,3.6129,0.9960,4.3656,-4.3657,-0.5774
-3.1364,3.9121,2.9951,3.3119,-4.3086,-2.9106,-0.0742,5.8993,2.1979,4.3656,-4.3657,-1.7293
-3.0598,4.6783,2.6671,1.8269,-3.9037,-2.9902,-1.6257,5.8682,0.6033,3.7565,-3.4723,-3.8006
-4.6543,5.8562,1.1181,0.1941,-3.0730,-2.3200,-1.3288,7.4986,-4.5203,1.7549,-3.4833,-4.3657
-3.9433,5.4588,0.0239,-1.9701,-2.3722,-1.0568,-0.8739,3.6990,-4.1372,-1.4542,-4.3657,-4.3657
-3.1005,4.8770,1.1277,-4.0962,-1.6594,-0.2647,-5.4109,-1.2809,-1.1349,-4.0512,-1.2356,-4.3657
-4.3814,3.5817,4.8100,-4.3657,-1.0207,1.0219,-6.9456,-5.5833,-1.9728,-4.3657,-1.2802,-4.3657
-4.7692,1.3743,5.9161,-4.3657,-1.0905,2.8806,-12.5839,-10.9607,5.5450,-4.3657,-3.4663,-3.2814
-3.5410,-1.2617,9.2057,-4.3657,-0.4908,3.9587,-11.4515,-13.5895,6.5481,-4.3657,-3.1717,1.1227
-2.2577,-3.2944,14.4203,-3.3237,1.8894,4.3656,-8.3582,-14.6860,10.6015,-4.3657,-1.6466,3.2051
-1.9872,-4.3886,12.9574,-1.1794,2.8627,4.1148,-9.7013,-13.5632,12.0285,-3.4580,0.9120,4.3656
0.1006,-3.3998,13.9295,0.0230,2.5114,3.3325,-6.7325,-12.7611,11.0205,-1.2626,0.6366,4.3656
0.8499,-2.3367,13.9773,1.9861,2.1565,2.0250,-4.6352,-9.5768,8.7340,0.3956,0.7765,4.3656
-0.0718,-1.5443,13.0532,3.4952,0.9527,1.4165,-10.9942,-8.3989,6.3135,1.7010,1.9484,4.3656
0.1317,0.5794,9.8210,4.0645,-0.0057,0.1788,-2.2817,-5.4061,6.1459,1.5833,-2.3407,4.3656
0.7015,0.3184,6.9743,4.3656,-0.8921,0.7020,-1.2067,-0.6847,4.1563,4.1111,-4.3657,2.4665
0.1293,1.7142,4.5586,3.9085,-0.4517,-1.3724,0.9792,1.7526,5.5522,4.3656,-0.0870,0.2717
1.1301,3.0119,6.5386,2.7740,-1.1839,-2.1666,-0.4046,3.2633,3.4189,4.3656,0.2603,-1.6038
-1.6376,3.6703,3.9217,1.9308,-3.9500,-2.9439,-4.1755,4.2090,-0.5028,4.3656,-3.9355,-3.5497
-2.3367,4.4604,3.2992,0.6149,-3.5076,-2.9737,-4.2018,4.3551,-0.1963,2.9760,-3.4304,-4.3657
-3.3399,4.6735,2.2529,-0.7727,-3.2893,-2.4629,-1.8196,4.1444,-1.5371,1.1085,-3.3004,-4.3657
-4.0223,4.5921,2.8778,-1.9658,-2.4148,-1.6121,-5.0518,0.9577,-1.3240,-0.8644,-2.4007,-4.3657
-3.7781,3.7014,3.4429,-2.9513,-2.4449,-0.4875,-5.3343,-1.4461,-1.0965,-2.8043,-1.6407,-4.3657
-3.5578,2.8754,2.3439,-4.3657,-2.5554,0.7514,-8.2361,-6.3758,3.2082,-4.3657,-4.1977,-4.3657
-3.0047,1.0295,9.8474,-4.3657,-0.8724,2.3866,-11.0732,-9.5577,5.7892,-4.3657,-1.5819,-1.6461
-2.4445,-0.8571,9.7755,-3.3389,-0.1915,3.1644,-10.4315,-10.9583,5.1547,-4.3657,-2.4696,1.5966
-2.2410,-2.0207,12.1985,-2.2769,0.9057,3.8790,-5.1523,-11.0540,8.5114,-4.3111,-3.0691,2.9063
-0.8140,-2.9066,11.1474,-1.0003,2.1265,3.9309,-8.4683,-11.3868,11.2839,-3.2540,0.8302,3.6250
0.6033,-2.4660,11.7076,-0.1565,2.4413,3.1007,-9.9000,-12.4642,10.6614,-2.0661,1.2935,4.3656
-1.1085,-1.9704,13.6039,1.3419,2.8011,2.6189,-4.9392,-10.2592,8.7077,-0.6229,-0.1258,4.3656
-0.6057,-1.5107,12.3062,2.5891,2.3812,2.2930,-3.1244,-6.6248,6.6607,0.8977,1.7002,4.3656
1.4222,-0.5698,9.7564,3.3954,1.2324,1.4887,-8.5641,-6.1555,7.2472,1.6810,1.6149,4.3656
-0.1006,1.0630,9.2536,3.7638,0.5921,0.1697,-0.9816,-0.9433,4.9416,2.4288,-2.0616,4.3656
0.5507,1.9872,8.4922,4.3379,-0.6079,-0.2637,-6.1675,-1.8771,8.7724,3.9534,-1.1133,3.1624
1.2450,2.8563,5.3510,4.3656,-0.3368,-1.6451,-4.3096,-0.6512,3.5554,4.3656,-0.1683,4.3030
-1.2785,3.2034,6.9815,4.3656,-0.6646,-1.9468,0.1484,6.2297,-2.0806,4.3656,-1.5976,0.5645
-3.7924,4.7357,2.5666,3.3071,-2.1106,-1.9762,2.4014,7.9368,0.7829,4.2261,-3.3227,-1.9291
-2.3128,5.3032,1.0918,1.0894,-4.1268,-1.9625,-1.7214,6.5386,-0.3519,2.6147,-3.9110,-4.3657
-3.9672,5.7126,1.4174,-1.1491,-3.6332,-1.7741,-1.2258,5.6072,-3.4620,0.7289,-4.1406,-4.3657
-3.0502,5.2936,2.3080,-2.4782,-2.1663,-1.3058,-4.5274,0.6153,-1.0463,-1.7023,-2.8887,-4.3657
-3.0047,3.6990,1.9321,-4.2177,-3.1678,-0.6430,-5.5737,-2.2721,1.4150,-2.8727,-2.1236,-4.3657
-3.4620,2.5283,5.1092,-4.3657,-2.9825,0.1306,-4.3215,-4.4891,-1.7262,-4.3657,-3.9827,-4.3657
-3.8164,1.6712,7.0390,-4.3657,-2.1477,1.2107,-8.7101,-9.8593,4.8961,-4.3657,-3.7295,-4.3657
-4.0989,0.2729,10.6614,-4.3657,-1.9332,2.7358,-13.3118,-12.6677,10.1203,-4.3657,-3.2515,-0.5886
-2.2458,-0.9505,14.7291,-2.1102,0.9679,3.6022,-12.1602,-13.1921,12.4403,-3.5345,-1.7360,3.1477
-1.7119,-1.4006,12.1194,0.1021,3.5850,3.4995,-10.3693,-11.6023,10.3334,-2.2792,1.3820,4.3656
-0.8691,-1.9417,10.6997,0.3175,3.0826,3.6078,-7.7189,-10.7188,8.5736,-1.8233,1.4048,4.3656
-0.9936,-0.9912,12.4762,1.3531,3.3983,2.9356,-4.0989,-8.7029,8.8442,-0.8300,1.5187,4.3656
-0.2945,-0.9170,11.8106,2.7438,2.8510,2.2144,-5.8323,-7.4508,8.5449,0.7538,2.8055,4.3656
0.9481,-0.1796,9.2871,3.2983,1.3245,1.2594,-4.1515,-4.6280,6.3135,1.6975,0.6356,4.3656
-0.9984,1.6807,10.2592,3.7479,0.4290,0.2971,-2.0638,-0.9146,6.1746,3.3043,-1.3035,4.3656
-1.7334,2.3918,7.1251,4.1184,-1.1378,0.1460,-2.1572,0.9792,4.6040,4.3656,-1.3709,1.8556
0.6393,3.1364,6.6152,3.5069,-2.4473,-0.9189,-5.5833,3.6129,-0.9816,4.3656,-1.7894,0.7079
-1.7047,3.8188,4.2569,3.5330,-2.5439,-2.3013,-2.7749,5.1547,1.1205,4.3656,-3.7010,-0.6936
-2.0494,4.8076,3.0167,2.0759,-3.4101,-1.8779,-2.2649,5.8562,1.2258,3.2265,-3.5479,-2.3457
-2.1428,5.3032,1.3072,0.8895,-3.3873,-2.2661,-3.3303,5.4779,0.6800,2.6698,-3.3799,-3.7623
-3.3591,6.0741,3.2322,-0.3160,-2.4340,-2.0655,-3.3686,5.1164,-2.0494,0.7889,-3.0983,-4.3657
-3.2825,6.2513,0.5148,-1.3983,-2.5063,-1.6506,-5.1930,2.7749,0.1532,-0.4545,-2.9111,-4.3657
-3.9720,5.3415,2.0470,-2.9997,-1.4818,-0.8531,-4.2617,0.9864,-2.0638,-2.8489,-2.0221,-4.3657
-3.0550,3.8930,2.9880,-4.1081,-0.5873,-0.1623,-8.9854,-3.2585,1.8723,-4.0097,0.3813,-4.3657
-4.1156,2.0255,6.7445,-4.3657,-1.1290,0.9623,-10.6279,-6.1651,2.0590,-4.2799,-1.9965,-2.7109
-4.1827,0.9218,9.2009,-4.3392,-0.7811,1.8414,-9.0285,-8.2983,4.1970,-4.3657,-3.6042,-0.5056
-4.5011,-0.4405,12.0357,-3.3252,0.7971,3.1083,-10.7571,-10.9583,7.6974,-4.3657,-1.0260,0.8711
-3.6488,-1.3336,13.0221,-1.3907,2.5145,3.4944,-13.6206,-11.9135,10.3669,-3.4323,1.0636,3.6523
-2.1045,-1.5012,12.5121,0.0436,2.6469,3.2179,-10.3741,-11.2791,8.4300,-2.1794,0.3076,4.3656
-1.6999,-1.0295,11.7962,1.1203,2.6348,2.7177,-6.5697,-8.8585,8.3270,-1.1305,0.5672,4.3656
-1.1875,-0.4310,12.5241,2.2024,1.8022,2.2962,-4.9608,-6.0382,7.1730,0.2565,1.5238,4.3656
1.7454,0.7135,10.0940,3.0806,0.4171,1.1065,-8.1882,-5.6096,8.4491,1.3937,0.4383,4.3656
-0.3639,2.2577,10.5153,3.8946,-0.0401,-0.1660,-2.0063,-1.3455,4.7262,2.6875,-2.0803,4.3656
-0.5291,2.7581,7.7069,4.3656,-0.6523,-0.5031,-4.8674,-0.9433,8.2001,3.8565,-1.1211,4.0690
-1.4485,2.7533,5.6240,4.3656,-0.8250,-1.5648,1.6448,4.5107,1.1061,4.3656,-1.7030,1.6026
-0.8332,3.4357,0.9529,3.1781,-1.5418,-1.7337,-0.7039,5.5091,-1.0104,4.3656,-2.1365,-1.6459
-3.0095,4.3072,3.0718,1.2649,-2.6520,-2.1242,-1.9489,6.4308,-3.6703,3.2636,-2.3093,-4.3657
-5.2218,5.5234,0.8882,-0.2573,-3.2147,-2.3112,-4.0007,5.2098,-3.1220,1.7814,-3.8395,-4.3657
-4.3287,5.1523,0.6800,-1.4314,-3.1090,-1.6377,-4.9081,2.0782,-2.0853,-0.4562,-3.9893,-4.3657
-3.1939,4.0797,1.7597,-3.1817,-2.3545,-0.5608,-6.9863,-0.5052,-0.5962,-2.3164,-1.2537,-4.3657
-4.5586,3.1891,3.2178,-3.8698,-2.6349,-0.4875,-7.9559,-2.5235,-0.0527,-2.7326,-2.2517,-4.3657
-3.3279,2.3750,5.7269,-4.3657,-2.9136,0.8520,-8.6287,-4.6064,1.2306,-3.5453,-4.3657,-3.2113
-3.3830,1.4509,7.3837,-4.3657,-2.4649,1.8481,-9.4379,-7.3646,4.5801,-4.3657,-3.4892,-1.5615
-3.6320,0.5578,12.8305,-3.1892,-0.2713,3.1560,-12.2990,-10.4148,7.6543,-4.3657,-1.5484,0.8752
-3.2130,-1.0798,11.6526,-1.1620,1.7203,3.8387,-10.2903,-10.7931,9.0549,-3.8672,-1.0094,3.1264
-2.1261,-2.3008,10.0963,-0.5124,2.6265,4.0998,-8.7317,-10.5201,8.5856,-2.9950,0.1243,4.3656
-1.0391,-2.0925,12.3661,0.2298,3.1794,3.8544,-8.7771,-10.4244,9.0477,-2.3421,2.0941,4.3656
-1.4030,-1.4988,12.4139,1.4937,3.2851,3.0967,-6.1244,-8.3222,8.3893,-1.4410,1.6462,4.3656
0.0144,-1.1349,12.0333,2.6834,2.5439,2.3992,-7.1994,-6.6056,9.4475,0.2497,1.8568,4.3656
1.0175,-0.1413,9.2249,3.2735,1.2460,0.9421,-5.4205,-4.8530,7.0509,1.8604,0.6035,4.3656
1.0008,0.8092,12.2248,3.7303,-0.6580,-0.5121,-3.7182,-1.0678,4.8626,3.2647,-0.9060,3.9043
-2.4876,1.9321,6.1148,4.3656,-3.0730,-1.3584,-5.9400,1.4461,1.8196,4.3656,-3.3517,2.7339
-1.1061,3.5889,3.6009,2.5398,-3.2327,-1.7008,0.5363,5.0063,2.9664,3.8810,-4.3657,1.1828
-0.2921,3.9696,6.2273,1.7102,-2.3679,-2.2781,-1.2522,5.8754,1.5993,3.6833,-0.8443,-1.5485
-3.0909,4.1013,3.7733,1.4874,-2.0691,-2.6628,-5.4588,4.5705,1.9632,3.1866,-3.0112,-3.4286
-3.1436,4.5705,5.3893,0.3928,-3.6120,-2.7070,-4.6998,5.3175,-0.3472,2.5921,-3.1014,-4.1692
-2.7414,3.9504,5.1284,-0.3159,-2.9676,-2.2874,-2.1308,3.5482,0.5818,1.3134,-4.2400,-4.3657
-3.6057,3.8140,2.9712,-1.5046,-3.3024,-2.0785,-5.1739,0.2466,1.1851,0.0757,-3.7662,-4.3657
-3.8930,3.9265,3.9456,-2.7752,-3.0858,-1.4043,-7.7476,-1.4868,1.7933,-1.4562,-2.4594,-4.3657
-5.7557,4.5921,7.7141,-2.8017,-1.5868,0.2084,-11.5496,-3.8307,2.5953,-2.7503,-1.4031,-4.1094
-4.8435,3.0023,5.6838,-2.5462,-0.1561,1.4583,-12.6031,-5.5857,4.0247,-3.5549,-0.9891,-1.6641
-4.1635,1.2641,7.8769,-2.6518,1.1724,2.7743,-10.9271,-6.8019,3.7757,-4.3456,-0.8315,0.8088
-3.7206,-0.2634,9.3733,-2.2248,2.3060,3.5388,-9.1650,-8.1211,4.8147,-4.3657,0.0321,2.4460
-2.3583,-1.4700,10.4962,-1.7761,2.8670,3.8728,-10.2663,-9.7923,8.6981,-4.3657,0.4193,3.9514
-1.1013,-0.9816,13.1849,-0.7735,2.8312,3.3624,-8.3749,-9.3446,10.8601,-2.9804,0.6752,4.3656
-1.1229,-0.6345,12.5887,0.8759,2.7535,2.6061,-6.1723,-7.2832,9.8785,-1.1149,1.0728,4.3656
0.8906,-0.1628,11.8561,1.9143,1.5860,1.5989,-5.8945,-5.6383,9.4882,0.6788,1.5075,4.3656
1.1779,0.6752,10.4890,2.9707,-0.1676,0.0913,-6.3782,-3.4788,7.4172,2.5041,-0.1637,3.8933
-1.1732,1.9369,7.7093,3.2927,-1.1923,-0.9575,-5.7006,-0.2945,2.3846,3.2579,-1.5841,3.9109
-2.0877,3.0670,8.2121,3.1313,-2.2756,-1.6698,-3.7972,2.1955,5.3247,3.3306,-2.6746,1.7047
-1.0223,3.6751,5.5857,2.7448,-2.5786,-1.9349,-4.5394,2.0375,5.2625,4.3656,-2.2641,0.5408
-1.8340,3.7685,7.0198,2.8313,-1.6996,-2.5936,-4.2689,4.1061,1.6185,4.3656,-0.9785,-0.6463
-3.0071,4.3862,3.7302,2.1424,-2.4110,-2.0725,-1.9465,5.8155,0.1341,3.5962,-3.5803,-2.6188
-2.5498,5.2050,1.9800,0.7344,-2.2266,-1.9477,-1.6592,5.6910,0.1652,2.1929,-2.0159,-3.5935
-2.9018,5.5330,2.0399,-0.4277,-1.3885,-1.5475,-3.5626,4.3191,-2.7988,0.0529,-2.5814,-4.3657
-4.3239,5.2984,1.4796,-1.7515,-0.9238,-0.7600,-4.0701,1.1995,-1.8962,-1.9099,-0.9967,-4.3657
-3.0933,4.3431,0.3232,-3.5561,-1.3101,-0.0213,-9.1028,-1.6185,1.9010,-3.3814,-0.5950,-4.3657
-4.0797,3.6488,6.0837,-4.3592,-0.9096,0.8376,-8.9423,-3.6559,0.5291,-4.0598,-2.3558,-2.8374
-3.6559,2.1620,7.7764,-3.8845,-0.1647,1.9221,-10.1131,-7.3310,4.2641,-4.3657,-1.8902,-1.3595
-2.8132,-0.1556,8.8945,-3.8428,-0.0265,2.6978,-8.4898,-8.8538,5.9831,-4.3657,-2.0149,0.9098
-3.2154,-0.2131,13.1777,-2.6533,1.0830,3.0851,-8.5497,-10.0389,8.7508,-4.2061,-1.2926,1.5259
-2.7078,-0.6081,11.9159,-0.9414,2.1434,3.1925,-12.3086,-10.3980,10.9583,-2.9295,0.6547,3.2095
-1.3527,-0.3208,12.2344,0.0582,2.5880,2.8549,-9.8114,-9.8019,9.9551,-1.4077,0.6832,4.3656
-1.3264,0.5171,12.3158,1.7022,2.5683,1.9577,-4.8291,-6.6822,8.2432,0.1523,0.5741,4.3656
-0.9002,1.0056,9.5912,2.7448,1.8922,1.3274,-6.4165,-5.8012,7.8410,1.6000,1.5896,4.3656
-0.1628,1.4581,8.8107,3.5069,1.1848,0.5772,-3.8595,-1.0846,3.2346,2.2873,0.8569,4.3656
-0.9146,1.9417,6.3566,3.3725,-0.2521,-0.4896,-2.2098,1.4365,3.7804,2.9647,-1.2345,3.3374
-1.6065,3.6775,5.0925,2.7857,-1.4903,-1.1106,-3.9409,3.0358,3.8834,3.6420,-1.1540,1.2961
0.3735,3.6224,3.8666,1.9358,-2.5798,-1.5202,-0.3041,5.3870,1.3575,3.8439,-1.9400,-0.0384
-1.6616,3.9576,3.6536,1.4012,-1.9207,-2.6514,-2.2553,5.8083,-1.6424,3.5773,-1.5692,-3.0144
-4.8483,4.9057,2.8323,0.3675,-2.2524,-2.4648,-6.2177,4.9368,-0.4190,2.2116,-1.7229,-3.3624
-4.7597,4.7285,3.2226,-0.9094,-2.9921,-1.8924,-3.5195,4.9057,-1.6209,0.6610,-3.7952,-4.2972
-3.6655,4.1061,3.4524,-1.6605,-1.8503,-1.3408,-6.1746,1.1803,-1.3934,-1.3678,-2.2183,-4.3657
-4.6687,3.6176,4.3551,-2.6225,-1.7618,-0.8789,-8.0876,-1.4676,0.4214,-2.1777,-0.6779,-4.3657
-5.5282,3.1915,6.3566,-3.3165,-2.1452,0.4058,-10.3310,-4.2904,2.1644,-3.3596,-2.7244,-4.3657
-5.0925,1.9321,7.7476,-2.9080,-0.8767,1.4190,-10.2400,-6.2010,3.0622,-3.8183,-1.8110,-3.1401
-5.2960,0.6919,8.4922,-3.0370,-0.2866,2.6942,-11.4706,-8.7388,5.2792,-4.1143,-1.3253,-0.8267
-2.9616,-0.5100,10.6159,-2.1013,1.1155,3.4035,-9.7779,-9.3853,6.5864,-3.7918,-1.2690,1.2851
-2.5043,-1.1588,10.8481,-1.4019,1.8860,3.3480,-9.0237,-9.2608,7.6686,-3.2143,-0.2229,3.0758
-1.9010,-0.7829,12.3589,-0.4758,2.0618,2.9671,-10.6303,-9.6247,8.4635,-2.2370,0.6522,4.3656
-1.0630,-0.0335,11.9375,0.7574,1.9265,2.6113,-8.3103,-8.6119,9.1028,-0.9033,-0.3408,4.3656
0.8021,0.4621,11.5137,1.8626,1.3804,1.6312,-6.2393,-6.0621,8.7005,0.4351,-0.0782,4.3656
0.3591,0.9984,9.6031,2.7207,0.7990,0.0979,-5.6264,-4.4915,7.6734,1.9830,0.8306,4.3656
-1.7621,1.6999,9.2847,3.4327,0.1631,-0.4747,-1.7502,0.5770,3.6440,3.0887,-0.8960,4.0336
-0.4381,2.3703,7.0988,3.5839,-0.6375,-0.8302,-5.8059,1.2689,3.5219,3.6973,-0.6350,2.9115
-2.0782,3.5865,6.3207,3.5182,-0.7931,-1.3472,-1.9609,4.8746,1.8603,3.9285,-1.7549,1.5238
-2.2027,3.6057,2.6360,2.4555,-1.8270,-1.3137,-0.1532,5.8203,0.9361,3.9916,-2.8753,-1.8233
-1.1684,3.9097,5.0015,1.2528,-2.2387,-2.1662,-5.1140,4.8626,0.1460,2.9059,-1.1121,-3.6954
-4.1659,4.5681,3.6990,0.7076,-2.6079,-2.4600,-2.6647,5.0494,-1.9800,2.2432,-4.3657,-4.3657
-3.9600,4.8914,2.6240,-0.5621,-2.7101,-1.9481,-2.3679,2.2075,-0.3089,0.1356,-3.9742,-4.3657
-4.1803,4.6567,1.6927,-1.8293,-2.0275,-1.5465,-8.6119,-0.8547,0.6464,-1.4674,-0.0414,-4.3657
-5.9424,3.8283,3.0502,-3.2468,-2.2748,-0.3878,-8.1259,-2.3296,-1.5778,-2.3494,-1.3406,-4.3657
-6.2872,3.5865,6.9863,-3.7138,-1.6006,1.7184,-12.3948,-7.2664,3.2106,-4.0645,-3.5405,-4.0726
-2.7940,1.8268,6.9887,-3.3136,-0.4744,2.4404,-12.2224,-8.1762,4.7692,-3.8892,-0.8653,-0.0917
-3.4884,0.1963,8.6814,-3.0864,0.4065,2.9206,-7.0988,-7.9200,3.6895,-4.1379,-3.1620,1.8443
-3.3040,-0.9409,10.2400,-2.5462,0.8716,3.5602,-5.5617,-8.6550,6.2513,-4.0155,-1.9261,2.2739
-2.2960,-1.4389,10.7643,-1.6349,1.5387,3.6521,-9.6941,-10.2041,9.7707,-3.4194,0.0733,3.1636
-0.8859,-1.0463,11.8968,-0.4607,1.9762,3.3753,-11.0325,-10.6805,9.5529,-2.1710,0.1065,4.3656
-0.9050,-0.3591,12.5360,0.8544,1.9001,2.7067,-6.9216,-8.8897,8.9232,-1.0496,-0.2661,4.3656
-0.7254,0.0144,11.7053,2.4103,1.5331,2.1429,-7.0820,-7.4124,8.2097,0.6929,1.2227,4.3656
0.5339,0.3065,9.5026,3.3041,0.7570,1.4237,-4.0821,-3.8523,6.7756,1.4522,-0.3505,4.3656
0.1053,1.3934,9.0932,3.9067,0.5558,0.1839,-0.7087,0.2682,4.5274,3.2608,-0.8723,3.9672
0.8212,1.7119,6.3279,3.6172,-0.8699,-0.7500,-3.2058,1.2785,4.9009,3.8464,-0.4595,2.2218
0.8906,2.2553,8.4635,3.3745,-2.2387,-1.9997,-0.7302,3.2585,5.5186,4.3656,-2.8523,-0.2523
-0.7997,2.9616,5.8778,3.2309,-3.9384,-3.0571,-3.6512,4.2593,1.6831,4.3656,-3.9145,-2.6409
-2.9736,3.9576,5.8275,2.4393,-4.3063,-3.5252,-4.9225,3.7493,3.1101,4.3656,-4.3657,-3.5479
-5.8251,4.8890,3.1556,2.1225,-4.0108,-3.1909,-3.7517,5.3678,-0.5363,3.9532,-4.3657,-4.3657
-5.0805,5.9161,-0.7422,0.2470,-2.6316,-1.7024,-2.0830,5.9855,-4.0079,1.1458,-4.0941,-4.3657
-3.8379,6.2872,0.1269,-1.8707,-1.6842,-1.0932,-6.1603,2.6264,-0.6823,-1.4426,0.0990,-4.3657
-4.0797,5.0159,2.1476,-3.4463,-1.2469,-0.0364,-8.0996,-0.3639,-1.9944,-3.5793,-0.7705,-4.3657
-4.9608,3.5219,4.0270,-4.3657,-1.2189,1.0479,-7.5082,-3.8283,-0.3950,-4.3657,-3.4392,-3.8360
-5.0302,1.9273,6.2201,-4.3657,-0.7654,2.6712,-11.8705,-8.7795,3.7900,-4.3657,-1.9959,-1.5127
-3.9409,-0.8116,10.2113,-4.3657,-0.0882,4.3304,-9.3494,-11.2982,4.3383,-4.3657,-3.4376,1.6681
-3.3639,-2.5762,12.1673,-3.3000,1.7449,4.3656,-8.7460,-13.2280,9.9958,-4.3657,-1.9212,3.5144
-1.4174,-3.5985,13.1250,-1.8983,2.8543,4.3656,-9.5912,-12.8114,11.3892,-4.3657,0.8174,4.3656
0.4381,-2.7246,14.5089,-0.2010,3.1503,3.8231,-8.9376,-12.9239,12.2272,-2.5568,1.0894,4.3656
0.1676,-2.0614,13.6182,2.0370,2.5157,2.4417,-4.0558,-8.5521,8.7173,-0.2455,-0.2121,4.3656
-0.9313,-1.1396,12.4115,3.3735,1.2304,1.6386,-7.8697,-6.3710,7.1802,1.4473,1.5364,4.3656
-0.5626,0.1508,8.7676,4.2968,-0.1947,0.7815,1.1684,-1.8411,6.3686,3.9972,-2.8133,4.3656
1.8196,1.2282,8.3749,4.3656,-1.5725,-0.5172,-2.4325,-0.3136,4.7908,4.3656,-2.4487,2.8173
1.4605,1.4030,5.6096,4.1953,-2.2984,-1.4879,-2.1644,3.0837,0.5986,4.3656,-1.2296,0.1447
1.0702,1.2019,7.0150,3.1237,-4.0565,-3.8495,-0.9625,4.0031,3.4764,4.3656,-4.3657,-2.2287
-3.6943,3.0670,4.4532,2.2431,-4.3657,-4.1896,-3.2896,3.7350,2.3224,4.3656,-4.3657,-4.3657
-4.0223,4.5825,3.7110,0.6961,-4.0730,-3.3589,-3.6105,4.8650,-0.5435,2.7034,-4.0911,-4.3657
-3.7613,4.7716,3.0143,-0.0364,-2.9804,-3.0190,-4.9081,2.6791,0.5650,1.3654,-3.3826,-4.3657
-4.6495,5.2026,2.4565,-1.6415,-2.9882,-1.8822,-6.1938,1.0463,-0.1484,-0.6355,-1.6220,-4.3657
-4.5969,4.6376,3.0167,-2.9551,-2.4340,-0.6324,-9.8354,-1.7789,1.3575,-2.5106,-1.9442,-4.3657
-3.6655,-0.1891,9.7899,-3.4943,0.5642,3.8491,-8.6335,-9.2105,5.6024,-4.3657,-2.0243,2.1635
-2.7677,-1.8076,9.9575,-2.6197,1.7032,4.2518,-6.9887,-10.2879,8.1858,-4.3657,-1.0364,3.1565
-2.5474,-3.1244,12.6055,-1.6272,2.8485,4.3656,-8.8466,-11.1163,11.2647,-3.9161,0.9161,4.3656
1.2617,-2.6791,12.8257,-0.5128,2.9176,3.8247,-6.1770,-9.6486,10.9271,-2.2152,1.0200,4.3656
0.5100,-1.7406,12.9885,1.3018,3.0210,2.1630,-3.3830,-7.6758,8.9495,-0.0252,1.4599,4.3656
-0.3400,-1.2139,12.1194,2.7162,1.8275,1.5785,-7.8841,-6.7277,9.2009,1.3158,2.3635,4.2927
0.2203,-0.5363,10.5584,3.7367,0.6182,0.8104,-4.5897,-4.8363,7.4747,3.3312,-0.5127,4.3325
-2.0279,0.7278,9.6869,4.3656,0.6977,-0.0401,-5.6910,-1.9010,3.5362,3.9631,-0.2044,2.5989
-0.2179,1.9920,6.9528,4.2437,-0.3710,-0.3349,-5.9951,0.1460,3.0191,4.3333,0.6278,2.5640
-0.5339,3.0215,7.3334,3.6333,-1.7196,-1.1391,-2.8108,3.4548,1.6161,4.1138,-2.7949,1.4119
-1.9704,4.1611,3.1651,3.1556,-2.6189,-1.5456,-2.8252,5.9951,-0.7638,3.5337,-2.9965,-0.3376
0.3759,4.1851,3.6248,1.6288,-3.6596,-1.9239,-2.6384,6.0861,0.8140,2.8237,-2.6052,-1.8530
-2.5905,4.6878,1.1923,0.1596,-4.3657,-3.2884,-0.6297,6.2345,0.3855,2.3293,-4.3657,-3.8473
-2.4636,5.2433,3.0813,-1.3487,-3.8313,-2.4080,-0.4669,3.9217,1.1372,0.1943,-4.0997,-4.3657
-3.0406,4.9033,2.7940,-2.3931,-2.3634,-2.0591,-5.3798,1.1564,0.5938,-0.9521,-0.6563,-4.3657
-3.9696,3.6536,3.1101,-3.7285,-2.9187,-1.2057,-5.4300,-1.6376,1.1468,-2.5544,-2.9234,-4.3657
-4.3024,2.7701,7.1611,-4.3657,-2.2208,0.4145,-10.0700,-5.4995,3.5602,-3.7922,-2.4985,-4.1073
-4.3838,1.7382,8.7293,-3.5349,-1.0778,1.5735,-12.4666,-7.5657,4.7477,-3.8252,-0.6127,-1.7736
-4.5107,0.0886,8.8729,-3.1084,-0.1619,2.9146,-11.5496,-9.0860,4.9680,-4.3657,-2.5743,1.0371
-2.6695,-1.5538,10.5584,-2.0264,1.6297,3.6621,-7.2018,-9.0573,7.4268,-4.2332,-0.4967,2.4159
-2.2841,-2.0494,11.5233,-1.3825,2.4111,3.9030,-9.6774,-10.1849,10.3094,-3.5674,0.9566,3.6527
-0.7446,-1.7214,13.8816,0.5231,3.3664,3.6084,-11.9782,-11.0349,11.9327,-2.0496,2.1839,4.3656
-0.6321,-0.8404,12.1003,1.8107,3.1056,2.7162,-4.1204,-7.3622,9.6678,-0.8763,0.2041,4.3656
-0.8188,0.1508,12.0452,3.0474,3.1347,2.4485,-6.0454,-5.4899,7.9679,1.0822,2.1202,4.3656
-0.1508,0.8212,10.0245,4.2907,1.5958,2.0142,-7.7093,-4.8818,6.9959,2.2525,2.2776,4.3656
-0.3136,1.5514,7.9607,4.3656,0.6419,1.1409,-1.2378,-0.0048,1.8507,3.1031,-2.5850,4.3656
-0.2658,2.5379,5.0374,4.3532,-1.2658,0.5008,-3.5123,1.0654,4.6855,4.0040,-1.5108,3.4805
-0.2083,3.9480,4.8746,2.9898,-2.0916,-0.6362,-2.1763,5.5234,0.4381,3.1584,-1.4771,1.4416
-1.5586,5.3343,5.2170,2.4792,-2.3816,-1.2277,-4.1539,5.0230,3.0861,3.4712,-2.1245,-0.7257
-1.9082,6.0693,3.9337,2.2515,-2.9897,-1.5315,-3.0670,6.3805,1.5993,3.4180,-3.0242,-2.1726
-1.5945,5.3774,0.9912,1.3616,-3.7870,-1.9961,-2.0566,6.6918,0.0694,3.0341,-3.9317,-3.5681
-0.4549,5.5330,0.4070,-1.0504,-4.3657,-2.1719,0.8571,6.2249,-1.5203,0.8671,-4.3657,-4.3657
-3.5267,5.9041,1.4700,-2.4212,-2.8649,-2.1543,-4.6136,1.3192,0.0599,-1.1530,-1.8469,-4.3657
-3.7804,4.8674,2.7461,-3.6588,-2.2056,-0.8829,-9.5193,-1.7909,0.8906,-2.6493,-0.5889,-4.3657
-4.4772,3.6320,5.5162,-4.3657,-1.5414,0.3331,-9.8952,-4.2090,2.0351,-3.7180,-2.9294,-3.6639
-5.0877,1.9728,8.0182,-4.1669,0.0241,1.8058,-10.9798,-6.8307,2.9688,-4.3657,-1.2149,-1.3788
-4.4987,0.2705,9.9551,-3.9197,0.0632,2.9579,-10.1586,-8.9902,4.6687,-4.3657,-2.1378,0.6095
-3.2226,-0.7518,12.5265,-2.4889,0.9541,3.7033,-9.9024,-10.7308,9.4308,-4.3657,-1.5781,2.0283
-1.3982,-0.2227,13.1801,-0.5379,2.0839,3.3676,-12.0716,-10.8912,12.9766,-2.5939,0.7437,4.0903
-0.9050,0.6871,13.5392,1.3326,2.0849,2.9545,-10.4291,-9.8569,11.0852,-0.7113,0.7601,4.3656
-0.4573,0.5411,11.8082,2.7423,1.5243,2.5572,-5.4516,-7.4747,7.9799,0.6535,-0.3412,4.3656
0.5962,1.4174,10.1155,3.4495,1.3434,2.0793,-2.3104,-4.0007,7.8195,1.4739,-0.4558,4.3656
-0.1652,2.5067,8.9807,4.0354,1.2297,0.9260,-2.5546,-1.4605,7.5346,2.9519,0.9979,4.3656
0.5483,3.3184,5.7844,4.3649,0.4417,0.4551,-5.6120,1.1875,3.9385,3.3185,0.3862,3.5290
-0.6776,4.9201,4.4412,3.2354,-0.5768,-0.1470,0.1915,5.6000,1.1803,3.0078,-1.9410,2.3707
0.8428,5.8921,3.6966,2.5391,-1.7812,-0.5526,-1.5347,6.4596,2.5355,2.7271,-1.4356,0.4100
1.1803,5.9616,3.0047,1.8146,-2.7611,-1.3599,-0.2514,6.6511,4.3622,2.8658,-2.6480,-1.3210
-1.2115,6.5912,1.1588,0.8764,-2.8670,-2.2737,-2.3224,7.1371,0.7398,2.6438,-2.4467,-2.8444
-2.4780,7.1874,2.2434,-0.2032,-3.2838,-2.2479,-3.6536,7.4244,-2.3367,1.7532,-1.7736,-3.9242
-2.6576,6.5074,0.3735,-1.4113,-3.3778,-1.6626,-2.4612,5.9424,-1.7023,-0.2838,-4.1569,-4.3657
-3.8451,6.1866,0.9553,-3.0465,-2.5462,-1.2149,-3.7900,2.9784,0.2346,-2.3527,-2.8851,-4.3657
-4.2234,5.7293,3.7828,-3.6989,-0.6646,-0.1340,-8.5976,-0.4070,1.2785,-3.5574,0.7979,-4.2750
-4.3527,4.2425,5.5067,-4.1415,-0.6245,0.8378,-9.8354,-2.5235,-0.1628,-4.3657,-0.9330,-3.2039
-3.1699,1.8364,5.7964,-4.3657,-0.8564,2.0236,-7.4651,-5.2553,4.5370,-4.3657,-3.8249,-1.0321
-2.4445,0.2729,8.7101,-4.3657,-0.4085,2.8433,-8.3414,-7.4268,5.6024,-4.3657,-0.7950,0.2741
-3.6081,-0.5459,12.3637,-3.5642,0.4738,3.5773,-9.6438,-9.4451,7.7357,-4.3657,-1.2518,1.2757
-2.0662,-1.3168,12.4690,-1.7876,1.4883,4.0061,-12.3756,-11.0157,12.6869,-3.6388,-0.4775,3.2959
-0.0479,-1.5754,12.3445,-0.2651,2.2751,3.5603,-10.5776,-9.9958,11.1450,-2.2599,1.3271,4.3656
-0.2466,-1.2546,12.5528,0.8597,2.3902,2.8028,-3.1532,-6.5050,8.1068,-1.2641,0.2333,4.3656
0.0215,-0.5818,12.8210,2.2748,1.8318,2.0975,-6.3135,-6.6655,9.8569,1.0661,1.5347,4.3656
1.2210,0.0431,10.5728,3.5857,1.2284,1.2676,-7.6782,-4.8626,7.4771,2.0258,0.8816,4.3656
-0.8140,1.9513,10.5776,4.3656,0.8788,0.4289,-6.8139,-2.5570,5.5474,2.6525,-0.6666,4.3656
0.2418,1.2306,6.4931,4.3656,-0.3345,0.2390,0.9505,1.2091,4.2018,4.0225,-2.3322,3.2723
2.0590,2.1668,5.4540,4.3456,-1.0657,-1.2850,-0.5148,2.3774,5.1188,4.3656,-2.0659,0.3643
-2.1428,4.1061,2.1261,3.9799,-1.0633,-2.5784,-4.0534,4.8794,-0.5243,4.3656,0.3575,-1.0600
-2.5283,5.1930,3.3255,1.6968,-3.8868,-2.1941,-3.7565,5.7964,-0.0192,3.6841,-3.9704,-2.6099
-4.5059,6.0837,2.3750,1.0311,-3.1165,-2.4018,-4.9847,5.9089,-0.8954,2.7370,-3.0290,-3.5513
-3.9456,5.9065,1.3815,-0.6584,-2.8657,-1.6434,-2.9233,6.2441,-3.1340,0.7745,-2.4477,-4.2369
-2.5283,5.1332,1.8004,-2.3323,-2.7440,-1.1992,-1.9201,2.7581,-1.1516,-1.6116,-3.2887,-4.3657
-2.6983,4.5131,2.1117,-3.6279,-2.1091,-0.8965,-5.1595,-0.8978,1.3623,-3.1281,-1.8337,-4.3657
-3.1867,3.6248,4.0534,-4.3657,-1.9946,0.1099,-9.8186,-3.7972,3.2537,-3.9219,-1.1199,-4.3657
-3.4189,2.7174,8.1834,-4.3657,-1.8738,1.3610,-11.2623,-5.8538,3.2681,-4.2910,-3.0525,-1.4328
-3.3303,1.3934,10.0628,-3.9367,-0.9831,2.4806,-10.2041,-7.9823,5.7581,-4.3657,-3.2796,0.8351
-4.0031,-0.3711,11.3389,-2.5158,1.0492,3.3938,-8.7556,-9.4068,8.8705,-4.3657,-1.2389,2.1642
-2.4181,-1.5993,10.6710,-1.6705,1.9470,3.8200,-9.3039,-10.0772,10.3956,-3.6341,0.1083,3.2640
-1.5323,-1.7765,12.8425,-0.5000,2.8396,3.8172,-10.1897,-10.1586,10.3621,-2.4058,1.5958,4.3656
-1.8387,-1.5036,13.5919,0.9186,3.2571,3.4989,-8.0709,-9.3182,10.1490,-1.3885,1.7309,4.3656
0.7542,0.7566,9.5577,4.3656,0.5272,0.6269,-1.9992,-2.5905,6.8618,3.9594,-1.4410,4.3656
0.8523,1.3024,8.5162,4.3656,-0.8913,-0.6342,-1.7502,0.6847,3.0239,4.3656,-0.6214,2.5937
-0.0072,1.5083,7.4364,4.3656,-3.0983,-2.3021,-2.3128,4.0270,0.3304,4.3656,-2.5650,0.0837
-2.4038,3.0861,1.7190,2.9505,-4.3657,-2.8959,-1.5251,5.6575,-0.0527,4.3656,-4.3657,-2.9930
-3.1891,4.2689,3.9648,1.5507,-4.3146,-3.6994,-3.2106,4.4963,1.6328,3.6669,-2.5563,-4.3657
-4.8674,5.4277,1.4940,-0.1062,-4.3300,-2.7025,-1.6688,5.5474,-2.5762,1.8730,-4.3657,-4.3657
-3.9169,5.2098,0.0694,-2.4778,-2.9833,-1.7555,-4.0510,2.3248,-3.4477,-1.5906,-3.7804,-4.3657
-4.2353,4.0270,1.1420,-4.0802,-1.5753,-0.8338,-7.0557,-2.1476,-0.1891,-4.0077,0.1769,-4.3657
-5.1044,2.4373,5.6168,-4.3657,-2.0627,0.8002,-8.8777,-5.8849,-2.6193,-4.3657,-3.7942,-3.8240
-3.8930,0.6752,7.3071,-4.3657,-1.7084,2.2816,-11.0157,-10.8553,6.0861,-4.3657,-4.3657,-1.2925
-3.9241,-1.5490,12.0069,-3.9971,-0.8804,3.6576,-8.0158,-12.6462,7.3550,-4.3657,-2.7871,2.1124
-4.4053,-3.2178,12.4834,-2.3385,0.7666,4.2954,-6.7181,-13.0053,10.9822,-4.3099,-2.4068,2.7232
-1.1013,-4.5825,12.1242,-0.9761,1.9308,4.3656,-8.5018,-12.8186,11.7436,-2.6813,0.4463,4.2928
0.4453,-4.5011,12.0740,0.1100,2.8691,3.4483,-8.4132,-12.9670,11.7507,-0.9594,1.9553,4.3656
-0.5986,-2.9449,14.1162,1.7405,2.4168,2.4332,-4.5274,-10.6207,9.5744,0.8019,1.5695,4.3656
0.0144,-1.6400,12.6893,3.3749,1.5184,2.0909,-7.0940,-7.5848,6.1794,2.1095,1.3185,4.3656
1.7071,-0.8092,10.0892,4.2514,0.8668,0.8917,-4.4125,-5.5881,5.8730,2.7739,0.0831,4.3656
0.9601,0.4190,9.5433,4.3656,0.5156,0.1200,-4.8291,-3.0789,5.8131,3.6274,-1.0681,4.3656
0.7470,2.3918,7.4699,4.3656,-0.9401,-1.0046,-2.7485,-0.3041,3.4860,4.3656,-0.7562,4.3656
-0.0814,1.6903,5.1619,4.3656,-2.2596,-1.6820,1.4653,5.1643,-0.2322,4.3656,-3.9586,1.1263
-1.7430,3.3662,3.9289,3.4676,-3.2583,-2.5610,0.9242,6.6295,0.7853,4.3656,-3.5029,-1.9793
-3.5219,4.4173,1.5395,1.9149,-3.6766,-2.8417,1.2905,7.0413,0.7494,3.8264,-4.3657,-4.3657
-4.0510,5.5785,1.7047,-0.1755,-3.5354,-2.5944,-2.5163,6.7397,-2.8778,1.4481,-3.3165,-4.3657
-4.0821,4.9488,-0.1556,-2.0102,-2.8994,-1.9412,-1.6137,4.0486,-2.6552,-0.9916,-4.2671,-4.3657
-2.3846,4.3000,2.7581,-3.9935,-2.8164,-1.4701,-1.4198,-0.0766,-1.1037,-3.3727,-3.2550,-4.3657
-2.8826,3.4524,5.4085,-4.3657,-1.4707,-0.3521,-7.0509,-5.9735,3.8068,-4.3657,-0.7589,-4.3657
-3.2489,1.1779,7.5010,-4.3657,-2.0071,0.3673,-13.1681,-8.4515,5.1188,-4.3657,-0.8648,-3.2495
-3.7230,0.4477,11.0660,-4.3657,-1.9878,1.8696,-10.7164,-9.7252,5.7293,-4.3657,-4.3657,-0.1957
-4.6519,-1.0080,11.7220,-2.7548,0.7762,3.0535,-8.9232,-10.6183,7.9511,-4.3657,-1.5792,1.2673
-3.5745,-2.5642,9.5265,-1.9978,1.8425,3.9519,-9.4786,-10.7619,6.9959,-4.2883,0.5686,2.6558
-1.8747,-3.2250,10.6805,-1.3845,2.4721,3.9640,-12.1410,-11.6238,10.3358,-3.3629,0.7819,4.3656
-2.3846,-2.0973,13.0939,0.0923,2.8661,3.3995,-5.6000,-9.7492,8.5904,-1.6530,1.0199,4.3656
-1.4030,-1.4198,12.5241,1.7084,2.7685,3.0218,-6.0621,-7.8554,9.5792,-0.0665,1.3463,4.3656
0.4764,-1.0223,12.1218,3.4371,2.0041,1.9867,-5.9568,-6.4691,7.8841,2.0583,1.9476,4.3656
0.5842,-0.3567,9.3757,4.3656,0.7935,0.6671,-3.2465,-3.9840,4.1180,3.6637,-0.7318,4.3656
-0.9385,0.8523,8.0445,4.3656,-0.5854,-0.0270,-3.2465,0.1317,1.2665,4.2229,-2.0960,3.3827
1.1732,0.7518,2.9473,4.2184,-2.0780,-0.6936,-3.6105,1.9178,1.7478,3.7634,-1.8465,2.7382
-0.3065,1.0965,8.8585,3.0410,-1.9858,-3.4046,2.5235,4.0534,4.6615,4.1631,-2.9687,-0.6979
-6.2249,3.6727,4.3694,3.0445,-2.6660,-3.5064,-4.1970,4.5322,0.5507,4.3656,-1.3703,-3.8946
-5.8466,5.3343,4.9847,1.8453,-4.3657,-3.2214,-6.6200,5.1547,0.1245,4.0300,-4.3657,-4.1298
-4.9584,5.5593,1.6759,0.2531,-4.3657,-2.0201,-2.8132,6.3039,-3.7637,1.4799,-4.3657,-4.3657
-5.7269,5.4324,0.3136,-1.5106,-2.3686,-1.2570,-4.0606,2.4086,-2.1021,-1.4854,-2.0947,-4.3657
-4.2521,4.3479,0.6656,-3.4033,-1.6806,-0.2667,-7.8243,-0.7470,-0.7949,-3.0856,0.1081,-4.3657
-4.4029,3.3710,4.3790,-4.3657,-1.9159,0.9066,-7.3239,-3.6966,-1.0343,-4.3657,-3.6436,-4.0304
-4.3694,1.8675,5.7652,-4.3657,-0.8383,2.1170,-11.5760,-7.5561,4.8985,-4.3657,-2.4668,-1.4270
-3.3327,-0.0958,9.5912,-4.3657,-0.6472,3.3084,-8.5976,-8.6886,5.2385,-4.3657,-2.0002,1.0870
-3.0454,-1.5419,11.5999,-3.3080,0.2854,3.8954,-7.8338,-10.1945,8.4420,-4.3657,-2.3045,1.9490
-1.3958,-2.5642,12.1865,-1.8443,1.4941,4.0950,-11.7627,-11.8561,13.9606,-3.6436,0.4756,3.7930
0.4190,-2.3367,14.8943,0.1215,2.4568,3.1476,-9.0453,-11.7699,12.1937,-1.4350,1.1574,4.3656
-1.1827,-2.2529,14.1210,2.1975,3.0962,2.4171,-6.8833,-9.6055,9.3446,0.2467,1.0973,4.3656
-0.8212,-0.7159,13.3381,3.8825,2.1767,1.9644,-9.1818,-7.9847,7.7405,2.2363,2.6268,4.3656
-1.2977,-0.4812,8.8849,4.3656,1.0291,1.6513,-5.2601,-4.7381,2.8371,2.9874,-1.2997,4.3656
0.0215,1.1277,7.6207,4.3656,0.0286,1.2072,-2.6600,-0.4357,1.9513,3.2668,-2.3104,4.3656
2.3870,1.6017,4.7166,4.3656,-1.4131,-0.1803,0.2179,3.0957,3.3686,3.2955,-2.0348,3.1180
1.8172,3.0119,8.0565,2.8150,-2.2256,-1.9569,2.0901,5.1858,5.5522,4.2010,-2.6819,-0.9398
-3.8020,4.3527,5.3391,3.0551,-3.8701,-3.0170,-1.3982,5.9400,2.7031,4.3656,-2.9465,-4.2278
-3.3016,6.1483,2.7342,1.0664,-4.3657,-3.1000,-4.2760,6.4715,1.0534,3.6311,-4.3657,-3.9816
-5.9256,6.2153,1.7406,0.3332,-3.8886,-2.8281,-1.2929,7.6806,-3.9313,1.6113,-4.0368,-4.3657
-4.8243,6.0286,-1.5634,-2.2200,-3.3228,-1.5408,-2.6264,4.3598,-3.5721,-1.3775,-4.3262,-4.3657
-4.4676,5.2122,1.2833,-3.8933,-1.8703,-0.5676,-6.3446,-0.4405,-0.6273,-3.9002,-1.4145,-4.3657
-5.4324,3.9576,4.1563,-4.3657,-1.1630,0.7181,-8.9998,-3.5362,-1.1492,-4.3657,-0.3653,-4.3657
-5.1212,2.0087,6.2632,-4.3657,-1.5455,2.4757,-13.0723,-8.0900,2.8491,-4.3657,-3.0836,-1.8430
-4.7285,-0.1365,10.0509,-4.3657,-1.0681,4.1900,-9.1722,-9.8402,2.5953,-4.3657,-3.9847,1.1688
-3.4189,-1.9848,10.4363,-3.5052,0.2395,4.3656,-7.6638,-11.9638,7.7237,-4.3657,-2.3609,2.2656
-1.6496,-4.0270,11.0660,-2.6440,0.4810,4.3656,-6.0358,-12.2799,9.4906,-4.3657,-2.1861,3.1071
0.5435,-4.2018,14.7674,-1.0174,1.6229,4.3656,-9.0932,-12.9119,15.0404,-2.9621,-0.0679,3.8684
0.7685,-3.0718,13.8193,1.3193,2.1629,3.3397,-9.0477,-12.4044,13.1298,-0.3893,1.3354,4.3656
0.7374,-2.4469,13.5368,3.1207,1.5717,2.5089,-5.1619,-10.1897,9.1459,1.5513,-0.0572,4.3656
0.3519,-1.8794,12.3900,4.3656,0.8327,1.7874,-3.1220,-7.3598,7.4196,3.4921,-0.2988,4.3656
2.7102,-0.4190,10.0604,4.3656,0.0095,1.5636,-2.8084,-4.8339,6.4715,4.3656,-1.1058,4.3656
2.2769,-0.2227,10.4411,4.3656,-0.7280,0.6199,1.4964,-2.7605,7.4939,4.3656,-1.8554,2.1783
5.2864,1.7023,8.1116,4.3656,-2.6145,-0.3596,-4.3359,-0.2203,6.4404,4.3656,-0.9970,1.2696
1.5897,3.3136,5.4684,4.3656,-3.2067,-2.5712,-1.3288,5.0446,1.0822,4.3656,-3.3745,-0.3095
-0.6129,5.5809,-0.3136,3.1229,-4.3657,-3.2722,-0.0287,7.1922,0.5722,4.3656,-4.3657,-2.6317
-3.0813,6.6535,-0.5100,1.3350,-3.5975,-3.0124,-3.1651,7.3047,-2.4541,3.6699,-1.3215,-3.9884
-3.6703,7.3502,-2.5474,-1.1287,-3.3173,-2.1593,-2.7797,8.0517,-5.1140,0.8503,-2.3546,-4.2611
-4.1659,6.1794,-2.2266,-3.2908,-3.0446,-1.5138,-4.0294,4.5083,-4.5825,-1.6754,-3.5449,-4.3657
-5.8802,5.1044,-0.4908,-4.3657,-1.4528,-0.1644,-5.6599,0.9888,-3.7685,-4.0180,-1.1934,-4.3219
-6.2632,3.8116,3.0765,-4.3657,-1.3952,2.0699,-7.0964,-2.9951,-3.1436,-4.3657,-1.2155,-4.3657
-3.0335,2.5211,6.3207,-4.3657,-1.3460,2.7832,-13.4985,-7.9607,2.3966,-4.3657,-3.1491,-1.9871
-5.1140,1.1085,10.7811,-4.3657,-0.2875,3.5515,-11.4347,-9.7157,4.0151,-4.3657,-3.0663,1.3735
-4.4412,-1.2019,10.3573,-3.4625,0.2048,4.3656,-8.1810,-10.7763,6.8881,-4.3657,-2.9596,2.9066
-2.1045,-3.5051,11.7986,-1.9406,1.7591,4.3656,-6.3183,-10.3166,8.0230,-4.3657,-0.7206,3.4458
-0.7949,-3.6057,10.4579,-0.8416,2.1702,4.3656,-7.6471,-10.2424,9.1195,-3.8239,0.0766,4.3002
-0.0718,-2.5402,14.1761,0.3766,2.5991,3.9535,-8.2456,-10.2448,10.9774,-2.0891,0.5448,4.3656
0.1987,-2.0351,13.4243,2.2930,2.5274,2.9997,-7.3789,-8.9663,10.4028,-0.7004,1.2410,4.3656
1.3096,-1.9106,12.6342,3.5177,1.5251,2.1241,-5.5067,-7.8195,9.2488,1.3716,0.2284,4.3656
1.4748,-0.4764,12.1817,4.3656,0.7181,1.1297,-7.0797,-7.1563,8.9974,2.7684,-0.0433,4.3656
1.3072,-0.1628,10.5752,4.3656,-0.9309,0.1912,-2.6408,-2.5546,5.4755,4.3047,-1.7163,3.8428
2.1093,1.2043,9.6893,4.3656,-2.6067,-0.7025,-4.2329,0.3232,4.7549,4.3656,-2.8361,2.1060
2.4157,1.3719,10.8218,4.3656,-4.3657,-2.9392,-0.8954,1.8986,8.6167,4.3656,-4.3657,-0.2581
-0.9553,3.6176,5.5450,4.0091,-4.3657,-3.5843,-2.9808,3.3399,3.8834,4.3656,-4.3657,-2.6854
-3.0167,5.3822,2.5762,2.9621,-4.3657,-2.8939,-0.9074,5.7461,2.8108,4.3656,-4.3657,-4.2992
-0.6321,6.8905,0.0263,0.1066,-4.3657,-2.7017,-0.1700,9.2656,-4.6495,3.3758,-4.3657,-4.3657
-1.4485,6.4452,-3.7086,-2.2235,-4.2030,-2.5864,1.6855,6.4979,-2.3750,-0.3785,-4.3657,-4.3657
-3.0263,6.4787,-0.8595,-4.3657,-2.3959,-1.3660,-2.4732,2.5379,-2.6145,-3.0421,-0.9955,-4.3657
-3.9744,5.7365,3.2705,-4.3657,-1.4926,0.4568,-9.1937,-2.4469,0.3903,-4.3657,-0.5919,-4.3657
-3.0119,3.4596,6.5960,-4.3657,-0.9018,2.5608,-10.3693,-4.9488,0.0982,-4.3657,-3.5510,-1.9606
-3.1149,1.1516,7.2975,-4.3657,-0.1017,3.8648,-9.3853,-9.1028,5.0877,-4.3657,-3.0879,0.2209
-3.1747,-1.2594,10.4675,-4.2210,0.5339,4.3656,-7.8793,-11.3725,4.7453,-4.3657,-2.3237,2.6309
-2.8563,-3.9911,10.5129,-3.0117,1.4258,4.3656,-6.9983,-13.8912,8.3558,-4.3657,-2.4685,4.0273
-0.3280,-6.4524,10.8122,-2.0067,2.4555,4.3656,-5.5306,-14.5232,10.5584,-4.3657,-0.8547,4.3656
3.3495,-6.1627,15.5025,-0.7320,3.4291,4.3656,-5.4013,-14.0204,17.1449,-3.6800,1.3935,4.3656
2.0255,-3.8642,16.0603,2.2123,2.9171,2.7431,-4.3120,-11.0971,13.7164,0.1716,1.8266,4.3656
1.6065,-2.0997,14.7028,4.3636,1.7812,1.8702,-6.9504,-10.1730,10.9535,2.5463,1.0099,4.3656
0.9194,-1.5299,12.1554,4.3656,1.0548,1.3006,-5.4636,-7.3885,6.4955,4.3656,0.0827,4.3656
0.3400,-0.6153,7.5824,4.3656,0.3391,1.6563,-3.6847,-3.7421,3.6200,4.3537,-1.2099,4.3656
2.8635,2.2601,5.1044,4.3656,0.0687,0.4780,0.5483,-0.6440,4.8411,4.3656,-0.9046,3.6104
3.5769,3.6033,0.3783,4.3656,-1.8403,-1.0244,2.1524,5.9161,0.1676,4.3656,-2.0924,1.7327
1.0989,5.4181,7.5489,1.6590,-2.2950,-1.8528,-0.7614,6.5122,1.6113,3.1525,-0.0556,-2.0362
-1.3431,5.3103,4.7549,2.1454,-4.3657,-3.0041,-3.9672,4.9009,5.1236,4.3656,-3.9596,-3.8734
-3.0358,6.2513,2.5786,-0.2358,-4.3657,-2.9928,-3.2034,5.6767,0.6560,3.4183,-4.3657,-4.3657
-1.8747,6.3303,1.3503,-1.1507,-4.3657,-3.2325,-1.2522,4.3551,1.4868,1.3656,-3.2395,-4.3657
-2.5235,5.9520,0.8882,-3.5967,-4.3657,-2.4670,-5.0494,1.6951,1.5299,-0.9506,-2.5395,-4.3657
-4.1084,5.7700,4.1420,-4.1523,-2.0034,-1.3835,-6.9025,-0.3855,1.6328,-2.5223,-2.1368,-4.3657
-3.6536,4.5921,4.6663,-4.3657,-1.4476,0.2385,-9.5433,-2.9736,2.5402,-3.7823,-0.7578,-3.4479
-3.9337,2.6911,6.5170,-4.3657,-0.3933,2.0195,-10.5465,-5.2505,2.0446,-4.3657,-2.1386,-1.2979
-3.7038,0.5674,7.7764,-4.3657,0.9978,3.1774,-9.4619,-7.3502,3.5362,-4.3657,-1.1343,0.6135
-2.8874,-2.0566,8.5377,-4.1763,1.5292,4.0203,-6.9671,-8.9519,4.2952,-4.3657,-0.8076,1.8317
-1.9201,-3.6966,11.1570,-3.4162,2.3494,4.2017,-6.2656,-10.2975,6.7109,-4.3657,-0.1006,2.1140
-2.0542,-3.6512,13.6278,-1.8944,2.6280,3.8841,-10.2232,-11.8537,10.8146,-4.1884,1.1983,3.0212
-1.0798,-2.8778,15.0500,0.3961,2.2977,2.9475,-7.4172,-10.5225,12.1673,-1.6673,0.4330,3.9387
-0.7302,-1.8004,15.9238,3.3216,1.7957,2.4810,-13.2256,-12.6007,12.5863,1.4502,1.9709,4.3656
1.4030,-1.4581,12.6342,4.3656,0.2236,1.0276,-4.8363,-10.7643,5.7652,4.3648,-0.9774,4.3656
2.2458,-1.3671,9.4978,4.3656,-0.9254,0.6374,-1.7837,-8.8777,9.0214,4.3656,-3.9762,4.3656
1.9728,0.9697,8.0110,4.3656,-2.7506,-0.0513,-0.8787,1.1301,-4.6926,4.3656,-1.2931,3.6282
2.0207,3.3208,0.7087,4.3656,-3.6930,-1.3336,1.9225,6.1986,1.8268,4.3656,-4.3657,1.0872
0.6967,5.9903,2.0470,2.4138,-4.3657,-1.9825,2.1691,9.3087,-1.1420,3.8770,-3.5642,-2.6677
-1.3408,7.0797,-1.2234,0.8231,-3.8712,-2.8999,-3.1675,7.3574,1.3360,2.9204,-3.4412,-3.2508
-1.1013,7.1443,1.7885,-0.8719,-3.3572,-2.3836,0.1269,7.8985,-2.8826,0.5404,-3.7570,-4.3657
-2.9497,6.2177,-0.4645,-2.6950,-2.9756,-2.0011,-1.7813,4.3120,-1.1301,-1.4236,-2.6204,-4.3657
-1.8890,5.2696,1.8842,-4.3657,-2.2124,-1.3049,-3.0718,0.6584,-0.6584,-3.6413,-1.6783,-4.3657
-3.2801,4.2976,3.0622,-4.3657,-1.5728,-0.0886,-7.6279,-3.7757,1.5826,-4.3657,-1.5358,-4.3657
-3.4644,3.2370,8.0948,-4.3657,-1.2488,1.7404,-12.3277,-8.5712,4.3144,-4.3657,-1.8034,-3.4621
-3.4309,1.0630,9.7851,-4.3657,-0.6823,2.8414,-11.3270,-10.0437,6.4380,-4.3657,-3.4244,0.8207
-3.0095,-0.7350,11.5831,-3.1785,0.6749,3.8959,-6.3925,-10.0341,7.9440,-4.3657,-2.8156,2.3423
-1.7262,-2.1021,10.6039,-2.0515,1.8727,4.2585,-6.1172,-9.5026,7.8338,-4.1872,-0.2160,3.0515
-0.2586,-2.5450,11.0780,-1.4414,2.0976,4.3404,-6.2130,-9.2799,7.7476,-3.4659,-0.2943,4.0806
0.8859,-2.1763,10.7069,-0.4159,1.7773,3.6804,-8.2073,-10.0197,10.2687,-2.5739,0.1124,4.3656
0.8428,-1.0870,13.9989,0.9597,1.6968,2.7390,-4.5394,-8.3438,10.1682,-0.7370,-0.1376,4.3656
1.7358,-0.8667,12.9814,2.8915,1.0896,1.9990,-6.3327,-8.1594,12.0117,1.4341,0.3777,4.3656
3.9433,0.1245,10.8769,3.9306,0.3805,0.6543,-2.6456,-6.3351,10.3262,3.3945,-0.8743,4.3656
2.7701,0.4166,10.1562,4.3656,-0.2606,-0.7623,1.1660,-1.9297,4.6639,4.3656,-1.2890,4.1704
1.0534,1.5060,7.8051,4.3656,-1.3099,-1.3813,-2.9449,1.0702,3.9169,4.3656,-1.0756,1.2676
0.0359,3.0957,7.3646,4.2737,-2.2517,-1.9301,-4.0270,3.0981,3.1436,4.3656,-2.2338,0.4181
-0.2083,4.2593,6.5912,4.2358,-3.3469,-1.7622,-3.4860,5.0589,3.1196,3.9243,-4.1789,-0.9922
1.7071,4.7525,4.1492,2.8926,-3.0983,-2.3575,0.2346,4.0223,7.0581,3.9648,-2.7725,-3.8273
-1.3216,5.8682,3.4596,1.8999,-4.3657,-3.6464,-5.4708,4.2641,2.2960,4.3656,-2.6291,-4.3657
-2.5402,6.5481,1.3838,0.2080,-4.3657,-2.9159,-2.9760,5.8610,-1.9704,1.7642,-4.3657,-4.3657
-4.6352,5.9544,-1.9800,-2.1754,-3.6188,-2.1232,-1.8866,3.4572,-0.9074,-1.0147,-3.5254,-4.3657
-3.0909,4.9536,1.5467,-4.3657,-2.5462,-0.6704,-3.6081,-0.4764,-2.1500,-3.4679,-1.3483,-4.3657
-4.7525,4.4963,4.8339,-4.3657,-1.3101,0.6731,-9.9288,-6.7277,2.6408,-4.3657,-1.4442,-4.3657
-3.9193,2.6336,6.1651,-4.3657,-1.3672,2.4380,-14.1234,-8.4683,5.1188,-4.3657,-3.1223,-0.6347
-2.1213,0.7446,9.6055,-4.3563,-0.6107,3.4552,-7.0030,-8.8897,6.0980,-4.3657,-4.3657,2.4392
-2.7102,-0.4477,10.9942,-2.8667,1.0324,4.1604,-5.3391,-9.3853,7.9152,-4.3657,-1.5051,2.8858
-1.4988,-2.0518,9.7827,-1.9664,1.2925,4.3656,-6.0813,-9.4523,7.6064,-4.0664,-1.1161,3.6043
0.4693,-2.9185,8.4803,-1.5649,1.8911,4.3656,-5.1092,-9.7013,8.1834,-3.6573,-1.0287,4.3656
-0.1341,-2.6576,11.7220,-1.0846,2.6728,4.3580,-5.0733,-9.8282,9.7683,-2.9719,0.9874,4.3656
0.7997,-2.1308,13.8074,0.7576,2.6215,3.5950,-5.1140,-9.4044,10.2951,-1.2458,1.2332,4.3656
1.9082,-1.8268,11.6119,2.5247,2.1188,2.7772,-5.3965,-8.2193,9.8282,0.2037,0.4746,4.3656
1.1157,-0.9936,10.6111,3.5116,1.5743,1.7485,-4.9009,-6.3805,8.7556,1.7900,0.7175,4.3656
2.1715,-0.0335,9.0046,4.1396,0.7369,0.2431,-3.0382,-4.4005,4.6687,3.2235,0.1462,4.3656
0.4022,1.3288,8.0804,4.3656,-0.0578,-0.3135,-2.3248,-1.6807,4.7094,3.7217,-1.2974,3.9760
0.5602,1.8340,5.8802,4.3656,-1.3213,-1.5118,0.8332,0.7973,6.0382,4.3656,-2.0451,1.7688
1.1636,3.5123,8.2145,3.9791,-2.8714,-1.8054,-2.9233,3.4285,2.1644,4.3656,-2.2324,-0.8504
-1.2570,4.6232,5.1978,3.9668,-4.3657,-2.7484,-1.0008,5.1068,5.4851,4.3656,-4.3657,-2.9996
-1.9345,5.6360,1.9704,2.1052,-4.3657,-2.2275,-5.3534,4.6878,1.8172,4.3656,-4.3657,-3.6837
-2.3822,5.9448,1.5514,0.5903,-4.3657,-2.4128,-1.0942,7.0102,-2.3176,2.4348,-3.1597,-4.3657
-2.4708,6.1723,0.4717,-2.3654,-3.8107,-1.6967,-3.2513,3.7781,-0.6201,-1.2291,-4.3657,-4.3657
-4.2808,5.8083,2.6983,-4.0045,-2.2475,-0.1603,-6.7229,-0.1891,0.0599,-3.6118,-1.5299,-4.3657
-3.6081,4.3048,5.4324,-4.3657,-1.3483,1.5262,-9.6534,-4.0941,2.5211,-4.3657,-1.1181,-3.2560
-2.7725,1.7813,6.6439,-4.3657,-1.0600,3.1367,-11.1833,-7.3741,4.7621,-4.3657,-2.8801,-0.3280
-1.8411,-0.7709,10.3837,-4.3657,-0.1713,4.3656,-8.2361,-9.8282,6.3351,-4.3657,-2.1677,2.0491
-0.9290,-2.6193,10.4220,-3.2532,1.2264,4.3656,-5.9328,-11.3964,8.9639,-4.3657,-0.8438,3.0507
-0.2658,-3.9983,11.7460,-2.3594,2.2869,4.3656,-6.3590,-10.9870,9.4427,-4.3657,0.1953,3.4711
0.3831,-4.0342,13.3740,-1.3350,2.9687,4.3656,-6.7397,-11.1713,11.8321,-3.9330,0.8553,4.2514
2.0423,-3.2226,14.1641,0.3488,3.3024,3.5322,-7.7476,-10.5297,13.2256,-2.0756,1.6804,4.3656
2.2697,-1.7023,14.1809,2.2227,2.8549,2.1749,-5.3008,-8.4348,11.1163,0.1214,1.4953,4.3656
1.3862,-0.9553,12.2846,3.9975,1.8868,1.4212,-8.5593,-9.4308,10.5129,2.2599,1.3531,4.3656
0.9433,-1.0151,11.1546,4.3656,0.6102,0.9463,-3.6464,-5.4923,5.4516,3.4378,-0.8736,4.3656
1.0678,0.3663,8.8609,4.3656,-1.1426,0.0678,-0.2298,-1.4629,1.8100,4.3656,-2.0335,4.3656
-0.5746,1.4006,6.7756,4.3656,-2.1360,-0.0434,-3.6655,1.6257,1.4102,4.2489,-3.0158,1.9811
0.7518,2.8012,4.7860,4.3079,-2.9503,-0.8596,0.9122,4.4125,3.7206,4.1779,-3.8552,0.5105
-0.7135,5.5809,4.0270,1.9220,-4.3657,-1.9317,0.3903,5.4205,6.2584,3.5028,-3.6300,-3.3919
-0.2011,5.9568,1.1875,0.6258,-4.3657,-3.0846,-1.7980,4.8171,4.6878,3.3863,-4.3535,-4.3657
-0.0838,6.0047,3.0095,-1.5238,-4.3657,-3.0690,-1.0463,5.5737,-1.3120,1.3086,-3.9928,-4.3657
-1.3264,5.4468,2.4325,-2.9397,-3.9215,-2.7764,0.1556,2.8299,-1.0367,-0.8315,-3.1116,-4.3657
-1.6017,4.5873,1.0606,-4.3657,-3.8231,-1.6321,-1.2881,-2.3798,1.4940,-3.7138,-3.6804,-4.3657
-2.4205,4.0151,4.7597,-4.3657,-2.6540,0.1363,-9.3039,-6.4739,4.4891,-4.3657,-1.5872,-4.3657
-3.0167,2.9832,9.4332,-4.3657,-0.6876,1.5343,-11.6167,-8.0038,5.2672,-4.3657,-0.0530,-2.9275
-2.7102,0.6105,8.2744,-4.1887,0.0167,3.3047,-11.7292,-9.6869,6.0406,-4.3657,-2.9664,0.7132
-0.9242,-2.0183,10.1011,-3.0886,1.6721,4.2148,-6.0310,-10.2400,6.3829,-4.3657,-0.8488,2.8253
-1.4222,-3.8188,10.5680,-2.2724,2.6967,4.3656,-5.5976,-10.6326,5.8059,-4.3657,0.1400,3.2303
-1.6472,-4.5274,10.3789,-1.7337,2.2961,4.3656,-6.9695,-11.1977,6.6846,-4.3585,-0.2318,4.0691
-0.9649,-3.9097,12.5672,-0.6391,2.6132,4.3656,-8.3342,-11.9806,10.4196,-3.2153,0.4302,4.3656
1.1253,-3.1747,14.6262,1.6129,3.0665,3.5316,-6.8642,-11.2887,11.5281,-1.0766,1.4035,4.3656
0.6369,-2.5738,14.2120,3.6083,2.1312,2.5928,-4.2665,-8.9112,9.8114,1.4993,0.4009,4.3656
4.1396,-1.8914,9.8593,4.3656,0.4659,1.1342,-5.5689,-7.8123,8.7939,2.8345,-0.6169,4.3656
2.1907,0.0335,10.8026,4.3656,-0.4610,-0.5273,-1.0846,-3.8738,6.3614,4.3656,-1.4238,4.2360
1.1875,0.6464,8.0852,4.3656,-2.2433,-1.0572,-2.2649,-0.8021,3.9002,4.3656,-2.7295,1.9372
1.5275,1.6185,9.0836,4.3656,-2.1285,-1.6240,-2.7653,-1.1444,8.2408,4.3656,-2.8802,-0.2549
0.5195,2.1452,7.0701,4.3656,-3.3012,-3.4090,-3.5745,1.0487,3.0263,4.3656,-1.3897,-1.0136
-5.0685,4.0630,3.4046,4.1075,-4.3657,-3.6668,-4.3383,3.9720,-1.0056,4.3656,-4.3657,-3.4035
-5.4444,5.7868,-1.2761,1.8245,-4.3657,-2.8174,-5.6407,5.6240,-3.1867,4.3656,-4.3657,-4.3341
-3.9169,5.9999,-0.1173,-0.8659,-4.3657,-2.1528,-1.6376,6.4955,-5.2529,1.0098,-3.6696,-4.3657
-4.6807,5.8945,-1.9321,-3.3109,-3.0599,-1.4360,-3.3232,2.6767,-2.6408,-2.3810,-3.3738,-4.3657
-5.2672,5.2840,3.0909,-4.3657,-1.0581,-0.1151,-6.6248,-2.0255,-3.3112,-4.3657,-1.0431,-4.3657
-5.8826,4.0438,2.9904,-4.3657,-0.3031,1.1576,-12.1961,-6.6176,2.3846,-4.3657,-1.1499,-3.4723
-5.9472,2.2673,8.7508,-4.3657,-0.1628,3.5400,-13.1561,-9.4810,4.7716,-4.3657,-3.5996,-0.0068
-3.1532,-0.4836,10.2951,-3.7521,1.9638,4.3289,-9.5648,-9.9503,7.5226,-4.3657,-0.8603,2.5763
-2.2841,-2.4756,9.6223,-3.3428,1.8742,4.2786,-4.1348,-9.2033,5.9256,-4.3657,-1.5483,3.2933
-1.3743,-2.7749,11.2049,-2.7045,1.9448,4.1218,-4.2713,-9.1219,8.3629,-4.3657,-0.4210,2.6518
0.1820,-2.2122,12.2320,-1.3308,1.8258,3.0499,-9.3374,-9.9671,11.8705,-2.5634,1.4817,2.9793
-0.4836,-0.9553,13.2854,0.3369,1.0044,1.8071,-12.3206,-11.4179,12.3732,-0.5534,0.8136,4.3656
-3.0287,-0.2346,17.3843,2.7547,1.3712,1.6964,-5.4564,-8.5401,9.6798,1.7232,-0.8619,4.3656
0.5195,-0.9912,11.6167,4.3656,0.5192,1.5736,-11.4132,-9.6438,8.9711,3.7353,1.7433,4.3656
0.1915,0.0838,9.6510,4.3656,-0.1510,0.5969,-1.6544,-5.7820,2.7653,4.3656,-1.8481,4.3656
2.1069,0.8499,7.1635,4.3656,-1.3107,-0.0915,-1.6257,0.0838,1.6927,4.3656,-2.3992,3.6731
-0.0934,2.9688,5.6910,4.3656,-3.4877,-0.7706,0.5794,4.9680,2.2338,4.3656,-3.3091,1.1046
-0.0790,4.6088,1.5275,3.0221,-3.3183,-1.8125,0.8068,5.5115,5.7054,3.9426,-4.2894,-1.1816
-0.8547,5.9568,5.2361,1.9879,-4.3657,-2.6596,-3.1747,5.6982,2.7270,4.1919,-1.8093,-3.0855
-1.3384,7.0509,1.7693,0.8675,-4.3657,-2.8982,-2.1739,6.2225,3.2034,3.4263,-4.3657,-3.8141
-1.9848,6.7612,1.4605,-0.5149,-4.1933,-2.9110,-1.2378,6.7229,-0.9457,1.9104,-3.2917,-4.3657
-2.4157,6.4452,-0.1006,-2.4653,-3.9564,-2.0191,-1.9465,4.8411,-2.2242,-0.6019,-3.3593,-4.3657
-3.7900,5.7365,0.6488,-3.6208,-2.3365,-1.4474,-5.3965,0.5315,-0.1508,-2.9240,-2.4906,-4.3657
-5.2241,4.8195,3.4429,-4.3657,-1.7714,0.4132,-9.4475,-3.4357,0.9242,-4.3657,-0.8424,-4.2626
-5.7628,3.9241,8.4515,-4.3657,-0.6408,2.3912,-14.3724,-6.8235,3.3279,-4.3657,-1.3105,-1.6812
-5.0757,1.4533,8.3677,-3.8526,0.2630,4.1085,-12.3397,-9.0621,4.4915,-4.3657,-2.9031,1.9841
-4.3407,-1.0630,10.2639,-3.0323,1.4340,4.3656,-8.4060,-10.3046,5.6743,-4.3657,-1.6931,3.8093
-2.5762,-3.2298,9.6295,-2.4761,2.5903,4.3656,-6.1746,-10.5225,6.1052,-4.3657,-0.5019,4.3656
-1.0151,-4.7262,10.4339,-2.2112,2.5031,4.3656,-5.2146,-11.1163,8.3941,-4.3657,-0.6583,4.3656
0.3112,-3.7733,13.1106,-1.1903,2.5933,4.3656,-7.3047,-11.0061,12.2463,-3.9924,0.7456,4.3656
0.7853,-2.3798,14.4011,0.7505,2.6208,3.5689,-5.8059,-9.3039,12.6079,-1.6006,0.8595,4.3656
0.7135,-1.4126,14.8680,3.0144,2.2088,2.4670,-10.3022,-10.6087,13.0556,1.1973,1.4538,4.3656
0.5578,-0.5507,13.4937,4.3656,1.5122,1.3666,-4.2521,-7.9272,6.0047,3.7239,0.2766,4.3656
0.7566,-0.9697,9.8067,4.3656,0.2220,0.9209,-2.2817,-4.7118,5.9137,4.3656,-2.3903,4.3656
2.2314,0.7757,6.9552,4.3656,-1.3202,-0.2364,-0.3041,0.9290,1.4772,4.3656,-1.7656,2.8823
0.1915,3.4093,6.6152,4.3656,-3.6615,-1.3825,-1.6831,4.5849,1.4724,4.3656,-2.9116,0.7249
-2.1093,5.1571,1.8435,3.6240,-4.3657,-1.9085,0.9146,6.8642,2.5450,4.3656,-4.3657,-1.6666
-0.9098,5.8538,0.7254,1.9965,-4.3657,-2.3826,-2.7438,6.0956,1.5251,3.9604,-3.5136,-3.8287
-3.5793,7.3454,-0.5866,0.0633,-3.7237,-2.2692,-2.0111,8.3701,-4.1994,2.3650,-1.9714,-4.0943
-2.8156,6.3614,-0.9242,-2.1783,-4.0939,-1.2694,0.8164,5.5809,-3.7948,-1.0617,-4.3657,-4.3657
-2.4972,5.7006,-0.9385,-4.3657,-3.2153,-1.2518,-3.5338,0.2777,2.1021,-3.2691,-3.3259,-4.3657
-2.4445,4.9321,4.2784,-4.3657,-1.5467,-0.0437,-6.2537,-2.2529,1.6951,-4.3075,0.3018,-4.3657
-2.1763,3.2489,5.4612,-4.3657,-2.5347,0.8291,-9.6223,-5.1571,3.0335,-4.3657,-2.6953,-3.7939
-2.7677,1.9944,9.0022,-4.3657,-2.4869,2.3790,-8.0732,-7.9847,3.9456,-4.3657,-4.3657,-1.2323
-3.1388,0.0144,10.0533,-3.8917,-0.7037,3.7409,-8.9687,-10.7691,6.1699,-4.3657,-2.6316,1.0143
-1.4317,-2.4325,9.8761,-2.7244,0.3781,4.3656,-6.3183,-12.0955,6.6846,-4.3657,-2.8000,2.2727
-0.9720,-4.5059,9.3158,-2.2380,1.1150,4.3656,-2.8395,-12.2631,6.8953,-4.3657,-2.5095,3.6063
0.2083,-5.4995,12.4163,-1.2812,1.7215,4.3656,-6.5721,-14.1090,12.0093,-3.7799,-0.2052,4.1629
1.1109,-4.6208,14.4490,0.7529,2.5959,4.3656,-8.2169,-14.8297,13.5033,-1.3363,0.7937,4.3656
1.4557,-4.0462,13.7595,2.6966,2.6385,3.4462,-2.8778,-12.1123,8.9591,0.3687,0.0045,4.3656
0.9649,-3.2178,12.8114,4.3557,2.3838,2.5114,-3.1939,-9.8138,8.7604,2.2697,1.5508,4.3656
2.0997,-2.4684,10.1682,4.3656,1.1217,1.6619,-4.7429,-8.4084,8.2097,3.5517,0.8653,4.3656
2.2194,-0.7302,11.1139,4.3656,0.2417,0.4317,-2.1261,-4.3886,5.0637,4.3656,-0.6828,4.3656
0.7422,0.3711,9.2823,4.3656,-2.2848,-0.4954,0.4812,-2.0279,8.3103,4.3656,-3.2114,2.5909
4.7070,1.6807,6.4979,4.3656,-3.7585,-2.3474,-0.3376,2.2936,0.2155,4.3656,-2.8591,-1.6367
-2.7102,4.0845,0.6991,4.3656,-4.3657,-3.6864,-2.5690,6.2249,-2.5714,4.3656,-3.5437,-3.6020
-2.7605,6.2872,-0.0982,0.9030,-4.3657,-2.6737,-5.7030,5.8802,-0.5842,4.3656,-4.3657,-4.3657
-2.3343,6.5817,0.0168,-0.7926,-4.3657,-2.6385,-0.9673,6.9552,-4.0582,1.8790,-4.3657,-4.3657
-2.3846,6.0286,-2.9257,-3.7431,-4.0378,-1.9694,0.0599,3.3974,-2.0830,-2.5177,-4.2509,-4.3657
-3.6440,5.0637,0.4764,-4.3657,-2.6043,0.1272,-5.3486,-2.1428,0.4908,-4.3657,-2.1258,-4.3657
-3.1005,3.5027,7.1850,-4.3657,-0.6483,1.9738,-10.5680,-6.3494,1.4198,-4.3657,-1.0015,-2.6765
-2.8060,-0.1293,7.1251,-4.3657,-1.2412,3.6794,-9.5026,-10.1107,3.4261,-4.3657,-4.3657,0.4806
-2.5618,-2.9832,10.8074,-4.3657,-0.4072,4.3656,-4.4101,-12.4906,6.6990,-4.3657,-3.9327,2.4103
-0.5698,-5.5426,11.5401,-3.2639,1.2096,4.3656,-5.6431,-13.9821,8.6479,-4.3657,-0.8873,3.1970
0.9385,-7.0270,10.8505,-2.1273,1.5380,4.3656,-2.3056,-13.0292,8.0302,-4.3657,-1.8026,3.8497
0.5962,-6.5769,11.5664,-0.9478,2.0753,4.3656,-2.1069,-12.5408,10.7308,-3.4613,-0.5782,3.4034
1.1013,-5.7748,14.7148,0.8604,2.2098,4.1739,-8.0924,-13.2926,13.4865,-1.1153,1.3452,3.9883
1.3503,-4.3551,14.5567,3.4585,2.9278,2.4221,-5.5210,-12.9335,11.5951,1.2717,1.3947,4.3656
0.3711,-3.4979,14.0827,4.3656,2.7295,2.1777,-5.8059,-12.5767,8.6646,3.9273,2.3842,4.3656
3.6631,-2.7485,9.6750,4.3656,0.9824,1.1969,-0.2658,-7.9966,5.0206,4.3656,0.0173,4.3656
3.0358,-1.5538,10.8409,4.3656,-0.0679,-0.1765,0.5674,-3.7781,6.2106,4.3656,-0.7249,3.8561
0.6153,-0.1867,7.3885,4.3656,-3.8329,-1.3888,-0.7446,1.7095,0.0503,4.3656,-1.5737,0.9320
0.8499,0.8739,5.0613,3.7294,-4.3657,-2.7003,-0.0599,3.6344,3.1484,4.3656,-4.3657,-1.7316
-2.8276,2.8539,1.4006,1.8359,-4.3657,-4.3657,-1.0894,3.1340,2.6432,4.3656,-4.3657,-4.3657
-2.3296,4.5849,2.7318,-0.7041,-4.3657,-4.3260,-1.3910,3.9097,-0.6919,2.9840,-3.1940,-4.3657
-3.3208,4.8698,-0.4286,-2.7145,-4.3657,-3.3293,-2.6887,2.3391,-1.5706,0.0313,-3.4439,-4.3657
-5.5138,5.2696,2.9473,-4.2669,-2.2619,-1.5645,-8.3989,-1.9130,-0.6847,-2.8142,-1.6775,-4.3657
-3.5219,3.5195,5.7317,-4.3657,-0.7995,0.5153,-10.9607,-4.5753,1.8244,-4.1504,0.6085,-3.4094
-3.7062,1.2019,7.0437,-4.3657,-1.0596,2.0531,-10.1203,-6.8307,3.2920,-4.3657,-3.5246,-0.8122
-2.4229,-0.5339,10.1514,-4.0436,0.0975,3.6092,-8.7628,-8.9687,5.6216,-4.3657,-1.7416,1.1255
-1.9920,-2.2075,10.7045,-2.8420,1.0280,4.3656,-7.3406,-9.8186,6.7062,-4.3657,-0.8440,2.5679
-0.8643,-3.4931,9.6103,-1.9601,1.5286,4.3656,-5.7461,-9.9216,6.9384,-4.3657,-1.4621,3.1427
-0.2873,-3.6392,10.1418,-1.3616,2.1861,4.3036,-6.1818,-9.7995,8.9807,-3.9952,0.4405,3.7711
1.0750,-2.9568,12.8233,-0.1368,2.5936,3.4953,-7.9296,-10.3406,11.8609,-2.2304,1.6184,4.3656
-0.5435,-2.1691,15.0404,2.1281,2.4440,2.5656,-4.6519,-8.3917,10.9511,0.0079,0.4501,4.3656
3.5841,-2.8994,12.5169,4.3451,1.6359,1.6413,-6.2537,-9.1315,11.1737,2.5109,1.5011,4.3656
3.4500,-2.2051,10.8769,4.3656,-0.0049,-0.6323,-2.6647,-7.0198,8.5234,4.3656,-0.5489,4.3656
1.4198,-0.3208,9.4212,4.3656,-1.3652,-1.4702,-4.0127,-4.7453,6.2896,4.3656,-1.8366,3.3466
2.0758,0.3735,10.2208,4.3656,-3.4771,-2.5047,-3.4022,-1.0534,4.9057,4.3656,-2.5779,0.4768
-0.4860,2.2386,3.9792,4.3656,-3.7675,-3.7407,-2.0734,1.3384,4.1492,4.3656,-4.3657,-1.6470
-3.1580,4.9488,4.4604,3.8708,-3.4663,-3.8788,-5.8323,4.0606,-0.5794,4.3656,-1.5468,-2.6662
-4.8794,5.6934,-2.2027,2.5696,-3.7932,-3.3079,-4.2377,6.2704,-1.7023,4.3656,-3.4580,-3.3031
-4.6711,6.1746,-1.4485,-0.6784,-3.4729,-1.8477,-1.9968,8.1977,-7.6375,1.2662,-3.4148,-3.8345
-2.2601,4.5873,-1.4198,-3.9065,-3.4115,-0.8961,-1.0319,3.7469,-2.9592,-2.3983,-2.7599,-4.3657
-2.1452,3.2848,1.8723,-4.3657,-3.0947,-0.1865,-3.9600,-1.4748,-0.6680,-4.3657,-3.3921,-4.3657
-3.2968,2.6312,6.4859,-4.3657,-2.3903,1.3596,-8.9687,-5.6575,2.3583,-4.3657,-2.6883,-3.4952
-1.0175,0.7973,8.2361,-4.3657,-1.6363,2.4698,-9.9192,-7.9799,5.5522,-4.3657,-1.9356,-0.7850
-0.7590,-1.5371,9.4978,-4.3657,-1.6575,3.2059,-5.7988,-8.9256,6.9767,-4.3657,-3.8983,1.0637
-2.1500,-2.5498,14.5280,-2.8461,0.0177,3.6539,-6.1052,-11.2647,10.5896,-4.3657,-1.0243,1.1804
-0.0383,-3.5793,11.9495,-0.1833,1.3844,4.1335,-10.0772,-11.5831,11.7627,-2.8982,0.5017,2.8172
-0.7183,-2.9951,12.1051,0.6479,2.3305,3.6116,-7.7405,-10.5512,9.5481,-1.5351,-0.4768,4.3656
-0.7470,-2.6600,13.9893,2.5755,3.3298,3.7410,-7.5489,-10.3334,9.6127,-0.1683,2.1562,4.3656
-1.8794,-2.9425,13.4410,4.1745,3.1753,3.9784,-6.8594,-9.4475,8.5952,0.7032,1.5982,4.3656
4.2545,-2.1620,10.1514,4.3656,1.9028,2.9619,-1.5107,-8.0086,9.8833,2.3085,-1.3046,4.3656
5.8897,-0.3639,10.2448,4.3656,1.0051,1.1234,0.7566,-4.6759,8.8011,4.0172,-0.0257,4.3656
6.4787,1.2115,11.4251,4.3656,-2.2591,-0.5931,1.0918,0.9792,7.3143,4.3656,-0.8803,1.4494
1.3384,2.4636,7.0461,4.3052,-4.3657,-2.5844,-0.4860,2.8898,6.4811,4.3656,-4.3657,-0.9912
1.5443,4.0582,6.1339,3.2255,-4.3657,-3.3500,-1.2282,2.5115,7.1251,4.3656,-4.3657,-3.7663
-2.4253,4.4293,4.6088,3.0605,-4.3657,-4.2992,-3.8810,3.0335,4.4772,4.3656,-3.3882,-4.2911
-4.6855,5.9520,0.9673,1.5823,-4.3657,-3.6276,-6.0071,5.5378,-3.3471,4.3656,-4.1038,-4.3657
-4.2545,6.1220,-1.8483,-3.0746,-2.9711,-1.5443,-3.3591,3.9313,-4.5657,-2.0225,-2.9501,-4.3657
-4.6639,4.8794,0.2274,-4.3657,-1.4861,0.4747,-7.5992,-0.6057,-2.2817,-4.3657,-1.0956,-3.5952
-3.4141,2.8706,5.1930,-4.3657,-1.2538,2.3720,-10.4196,-5.3534,-0.3591,-4.3657,-2.0153,-1.4261
-2.5953,0.6776,7.6399,-4.3657,-0.9911,3.5854,-8.6694,-9.4188,5.3151,-4.3657,-4.1920,1.1915
-0.1772,-0.9625,12.4475,-4.3657,-0.3996,4.3656,-6.3542,-11.1139,10.6374,-4.3657,-2.2203,2.7860
-0.5100,-2.2769,12.8593,-2.3178,0.7107,4.3656,-5.5522,-10.6662,11.8920,-4.3657,-0.9543,3.2325
0.2179,-2.7007,11.2934,-0.9555,1.3346,4.3656,-5.4588,-9.2536,9.8737,-3.4053,-0.9118,3.6516
1.8124,-2.9592,10.5872,-0.0528,2.0792,4.3656,-4.3934,-8.3294,10.2161,-2.5121,0.2717,4.3656
0.6632,-1.3096,14.7866,2.6899,2.6989,3.1634,-5.9951,-8.5521,10.8721,0.4207,1.1042,4.3656
3.1388,-1.4102,12.5001,4.3656,1.9882,2.7231,-7.2161,-9.3182,11.6334,1.9901,0.8327,4.3656
3.7948,-1.1013,11.2192,4.3656,1.5182,1.5489,-1.1947,-6.4524,7.9440,3.6234,-0.5873,4.3656
0.4693,1.3001,10.0652,4.3656,-0.6744,0.7533,-3.2034,-1.6448,4.1707,4.0954,-0.8994,4.1510
2.4421,3.2394,8.9208,4.3656,-2.8609,0.2449,-16.4817,-4.1803,-0.4405,2.7482,-1.1503,4.3656
-0.1700,3.4333,4.2353,4.3656,-3.3448,-0.5921,11.9327,8.3653,1.6065,1.7507,-4.3657,2.5002
1.1349,4.7836,-0.5387,3.6584,-4.3657,-0.9258,8.9591,6.9336,7.0868,3.8303,-4.3657,-1.4353
2.3798,6.9360,-2.7414,1.3042,-3.2422,-1.9550,4.0893,6.9719,3.9720,3.1613,-1.2416,-4.1947
2.2505,8.0780,-0.0048,-0.4863,-1.6438,-2.1929,-0.6943,5.1954,4.5562,1.9838,-0.0929,-4.3657
-3.4285,5.0446,3.1460,-4.3353,-0.8210,-0.7309,-8.2432,-0.8021,0.7518,-3.4021,-1.0717,-4.3657
-5.0230,1.6089,5.4372,-4.3657,0.1034,1.8173,-10.8505,-5.7389,-0.8380,-4.3657,-2.2308,-1.7092
-6.1316,-1.0463,6.0023,-4.3657,1.0345,3.5314,-9.5768,-8.7221,-2.5091,-4.3657,-1.5571,0.5625
-5.3893,-4.3359,5.6120,-4.3657,1.4867,4.3656,-7.3981,-12.8449,0.1844,-4.3657,-1.3206,1.7328
-4.9943,-7.0294,9.5050,-4.3657,1.0108,4.3656,-6.4045,-14.8153,3.5482,-4.3657,-1.9877,2.2160
-2.9640,-7.1706,14.7219,-3.8399,1.0817,4.3656,-8.3797,-14.9542,9.6845,-4.3657,-0.7226,2.0396
-0.0766,-6.3255,13.5320,-1.1223,0.9602,4.0580,-8.6072,-12.9670,10.7141,-3.1361,-0.7488,3.1059
1.0151,-4.8387,13.5368,0.7473,0.0246,2.4312,-6.2177,-11.3581,9.7947,-0.2625,-1.3235,4.2170
0.3687,-3.5889,13.5344,2.7953,-0.9501,1.6774,-6.1818,-8.8131,6.8307,1.5268,-1.4421,3.3526
0.1317,-2.4852,11.0612,3.9524,-1.4393,1.2935,-5.5761,-6.3638,5.6048,2.4323,-2.5754,3.4063
0.2634,-0.7901,8.5665,4.2070,-1.2231,0.9102,-6.7421,-5.5713,6.6822,2.6285,-2.2163,3.5180
-0.0646,0.4357,10.0317,4.3656,-1.1351,0.6123,-4.7525,-3.4524,6.6846,3.2758,-1.5523,2.9528
-0.2825,2.2817,8.0637,4.3656,-1.5066,0.1088,-4.7812,-2.0375,6.9863,3.9738,-2.6830,2.7360
1.7765,2.6360,4.8674,4.3656,-1.4429,-0.1324,-4.2856,-0.0910,4.6663,4.2876,-2.1004,2.3539
-0.0599,4.5466,2.9018,3.5444,-0.7144,-0.7669,0.4262,3.5195,4.0893,3.6477,-1.8568,1.7068
-0.2298,5.7700,1.6376,2.5640,0.2948,-0.9232,-0.1437,6.2872,1.8555,2.7082,0.8871,0.1803
-1.2905,6.6774,0.9481,0.8323,-0.0987,-1.2789,-3.6919,4.9368,4.1324,2.0623,1.2668,-0.7274
-2.6360,4.8052,1.4509,-2.3499,-0.0284,-1.0291,-5.7581,3.2202,-1.1325,-1.0616,0.9249,-2.8182
-5.5115,2.3176,2.4086,-4.3423,2.4311,-0.5580,-7.4268,0.6488,-5.1332,-3.5134,3.2932,-3.3709
-7.1084,0.3184,4.7573,-4.3657,3.2627,-0.3143,-8.3031,-3.4955,-2.7749,-4.3657,2.9032,-3.9674
-6.7157,-0.5315,6.8019,-4.3657,3.7890,-0.3499,-13.3716,-7.0629,1.0008,-4.3657,3.5416,-2.7105
-7.4508,-1.0319,10.9319,-3.8385,3.1888,-0.2903,-11.6765,-7.0773,0.9792,-3.7521,3.7233,-2.1878
-7.0006,-0.5986,9.2225,-2.0255,0.5435,-0.2538,-13.2064,-6.8307,1.6089,-1.8492,-0.1641,-1.4216
-8.9950,-0.4788,9.5840,-1.2592,0.0373,0.5874,-10.0724,-5.7245,1.0343,-1.1142,-1.2197,-0.3468
-6.9264,-0.3280,14.5184,0.7610,-2.6524,1.2144,-17.1233,-9.3446,2.0830,0.9377,-2.0639,3.0044
-6.4763,-0.3328,11.5879,3.3201,-4.3657,0.7180,-11.1139,-5.6383,0.5770,2.4351,-4.3657,3.7301
-4.1300,0.5626,9.6031,3.6280,-4.3657,-0.0245,-9.8857,-4.0606,3.1292,2.7992,-4.3657,3.1048
-1.1444,1.2306,10.2137,4.2904,-4.3657,-0.9270,-4.7716,-1.4964,5.5641,3.8933,-4.3657,2.6597
-1.4509,1.9824,5.0925,4.3656,-4.3657,-0.8613,-0.0646,0.7207,8.0110,4.3656,-4.3657,0.3549
2.6528,3.0981,2.7031,3.0346,-3.8399,-1.8390,0.8092,3.1843,3.5626,4.3656,-2.6803,-1.4854
0.0622,5.0661,1.5562,1.6085,-1.7809,-2.4336,0.7015,4.6160,3.4117,3.1183,-0.4788,-3.2277
-0.2227,5.5306,2.5211,0.2902,-1.9686,-2.3670,-1.4509,4.1779,0.8092,2.2376,-0.6336,-4.3657
-0.3184,5.6264,2.1572,-1.1654,-2.2071,-1.8700,0.1365,4.0965,0.2442,0.3080,-1.8904,-4.3657
-1.2402,5.9041,1.1253,-2.0895,-1.1775,-1.5291,-6.9623,0.4405,1.2234,-1.4982,0.2148,-4.3657
-1.6041,4.7764,1.7262,-3.7354,-1.5270,-0.5427,-5.6096,-0.0431,-0.3232,-2.6099,-0.7111,-4.3657
-2.9353,3.2872,3.3615,-4.3657,-0.8363,0.8323,-6.2393,-3.4740,-0.2298,-4.3657,-2.9628,-3.2973
-3.8403,-1.4293,7.5968,-4.3657,0.4940,3.5695,-6.0813,-10.0006,3.5721,-4.3657,-2.5929,0.5015
-2.5139,-3.6919,9.9240,-4.3657,1.3326,4.2439,-6.2656,-12.1482,4.8195,-4.3657,-1.6501,1.4032
-3.0191,-4.8363,11.2144,-2.9685,2.3181,4.3656,-8.0302,-13.2328,6.7828,-4.3657,-0.1180,2.1777
-2.0949,-5.2098,12.2416,-1.4416,2.8472,3.9762,-7.9918,-12.7443,7.6447,-3.8986,0.0640,4.2134
-0.8763,-4.4819,12.5073,0.1144,2.1926,3.4584,-10.4172,-13.9462,10.4363,-2.4733,0.4939,4.3656
-0.8859,-3.8954,13.8888,1.8008,2.1036,2.6941,-9.6295,-14.0947,9.5672,-0.6217,0.6704,4.3656
-0.1915,-3.5841,15.2175,3.5001,1.5151,2.2203,-5.6527,-10.1897,5.9089,0.6538,0.2946,4.3656
1.5347,-1.9225,12.4451,4.3656,0.3283,1.3186,-3.5913,-7.2999,7.7788,2.6878,-1.1295,4.3656
2.2051,-0.2634,10.0700,4.3656,-1.0644,0.4855,-2.8108,-2.8204,5.1739,3.8184,-2.2957,4.3656
1.6927,0.4812,9.4834,4.3656,-2.5413,-0.2261,-1.9776,0.5004,4.7022,4.2653,-2.9966,2.4722
3.9816,1.0008,6.9168,4.2240,-3.9515,-1.8827,-0.7494,2.2075,5.6886,4.3656,-3.7619,-1.5272
-2.1811,3.2322,4.9464,3.0547,-4.3657,-3.3613,-1.9154,2.9018,4.5418,4.3656,-4.3657,-3.8071
-2.6025,4.2976,3.0598,1.4586,-4.3657,-3.3946,-6.3327,2.6552,2.3080,4.3656,-4.3657,-3.9719
-0.9002,4.3215,5.7150,0.3737,-3.8022,-2.8976,-2.2194,4.5514,-1.0008,2.5668,-3.6154,-4.3657
-3.7086,4.5849,0.4190,-0.3776,-3.5109,-2.2753,-1.4892,2.9425,0.0670,1.2818,-4.3657,-4.3657
-1.6927,4.6448,1.2091,-3.3239,-3.0747,-0.8803,-5.3079,0.1676,0.8045,-1.8866,-2.1938,-4.3657
-2.0399,3.5338,2.2410,-3.8912,-1.7709,-0.2140,-6.7133,-1.7789,0.8452,-2.8134,-0.5072,-4.3657
-2.9736,2.0590,4.8339,-4.3657,-2.1392,1.2136,-5.7221,-3.5027,0.4381,-3.9103,-4.1323,-3.0158
-2.1739,0.2753,5.4827,-4.3657,-1.4064,2.7375,-7.6064,-6.8690,2.5163,-4.3657,-2.8545,-1.0359
-1.8387,-1.9058,6.6583,-4.3657,-0.5416,3.9399,-5.8826,-9.2081,3.2753,-4.3657,-2.8076,0.9332
-1.1971,-4.4053,9.3518,-3.8661,0.6759,4.3656,-4.6064,-11.5592,5.6264,-4.3657,-2.2083,2.0576
0.3879,-6.5218,10.5536,-2.8045,1.8960,4.3656,-6.8498,-14.2407,11.2527,-4.3657,-0.0730,3.3171
2.4349,-7.7596,15.1026,-0.9535,2.2352,3.9759,-4.5179,-14.7459,12.6079,-3.4535,0.2659,4.3656
3.1651,-6.9528,15.8736,1.5351,1.6763,2.8238,-5.0422,-13.7643,12.1793,-0.5295,0.3287,4.3656
2.4828,-5.4971,15.6533,3.4591,0.8448,1.7585,-5.8538,-11.9159,9.4284,1.3752,0.3636,4.3656
1.4820,-4.0366,13.5416,4.3656,-0.2220,1.2376,-8.1020,-11.0325,9.3446,2.9984,-0.4740,4.3656
-0.2203,-1.7909,9.9719,4.3656,-0.3667,1.5010,-6.6104,-8.4946,6.1483,3.8175,-2.0138,4.3656
5.7796,-1.1301,9.4068,4.3656,-1.1092,1.2843,1.7669,-3.0143,5.9352,3.4649,-2.2767,4.3656
4.9273,1.7861,7.7620,4.3656,-1.1357,-0.3487,1.1253,-0.5866,8.7197,4.3656,-1.7040,2.6774
3.0095,3.4596,2.0686,4.3656,-1.7076,-1.0700,2.6145,3.0550,6.6463,4.3656,-2.2801,0.4884
4.4365,5.4396,4.3000,2.0021,-1.3390,-1.9962,2.1021,5.3415,4.3024,3.5550,-0.8872,-1.3683
1.9058,6.4931,2.8228,1.5024,-1.4577,-2.2332,1.2737,5.4636,4.6064,3.2538,-0.0699,-2.8894
0.6321,5.8179,1.5467,-0.5769,-2.0567,-2.2022,-1.0798,4.8363,2.3032,2.6412,-1.1958,-4.3657
-1.1420,6.3039,4.0797,-1.2148,-2.8178,-2.7727,0.8356,4.8770,1.2354,1.8458,-1.3422,-4.3657
-1.1396,4.9297,2.5115,-2.3370,-3.8085,-2.2675,-3.1436,1.1205,0.5674,-0.4786,-4.1152,-4.3657
-1.5131,3.9744,2.2075,-3.9206,-3.2985,-1.0091,-4.4365,-1.9680,1.7861,-2.1296,-3.0397,-4.3657
-1.5467,3.0478,4.4580,-4.2120,-0.8240,-0.5738,-6.5673,-3.8235,2.2146,-2.8665,0.6691,-4.3657
-1.9752,1.3527,4.1324,-4.3657,-1.3125,0.5312,-7.6950,-5.4947,1.2594,-3.7843,-2.6173,-3.5830
-2.4828,-0.4621,6.1651,-4.3657,-0.4143,1.8321,-5.0087,-7.5729,1.3001,-4.3657,-3.2532,-1.7557
-1.8483,-2.6647,6.9935,-4.3657,0.9090,2.7829,-6.4380,-9.9623,2.5977,-4.3657,-0.9525,-0.4672
-1.8842,-4.7309,9.3254,-4.3657,0.7841,3.5009,-5.5234,-12.6270,4.1228,-4.3657,-2.4018,1.1467
-0.5938,-6.3303,12.3852,-3.3273,1.3434,3.6286,-3.8642,-13.8696,8.0110,-4.3657,-1.4516,2.0065
-0.6680,-5.6024,12.9239,-0.8492,1.6507,3.0169,-7.1922,-13.8816,9.6007,-2.6369,0.2738,3.0188
-0.7135,-5.6096,12.4163,0.6367,1.8179,3.1934,-7.8075,-13.6661,8.5114,-1.6074,-0.4584,4.2918
1.4222,-5.4420,13.8481,1.9745,1.6168,2.4155,-5.8395,-13.5799,8.8849,0.2196,0.6305,4.3656
-0.5674,-4.5059,13.4865,3.5875,0.5997,1.6766,-5.9687,-11.3701,6.6295,1.6795,0.2230,4.3656
0.6656,-3.4093,10.6686,4.0721,-0.6363,1.3186,-6.7421,-9.6271,5.7365,2.4913,-1.4791,4.3656
0.6249,-1.6592,12.4211,4.3656,-1.0046,0.8351,-3.5674,-6.7971,5.9065,3.3887,-2.1905,4.3656
2.0830,-0.8859,10.7260,4.3656,-1.8494,-0.2546,1.0965,-3.6943,9.4260,4.3656,-3.0049,2.6799
2.9975,0.5698,7.2425,4.3656,-2.5921,-1.3692,-1.2570,-0.4262,5.5593,4.3656,-1.7464,0.0266
1.2546,2.8730,2.4086,3.6543,-2.3511,-2.5293,-1.2067,2.2601,4.1468,4.3656,-2.0885,-0.8597
1.3479,4.5777,3.8427,2.4118,-1.7244,-2.6235,-1.8818,4.2976,0.6536,3.9412,-0.9449,-2.2523
-0.8882,5.0111,2.0710,1.2359,-2.3190,-2.7820,-3.9911,4.6519,-0.8404,3.1431,-1.0408,-3.7266
-2.5809,5.3367,0.5435,-0.6339,-2.4720,-1.5792,-3.6655,4.1899,-1.7813,0.7144,-2.5940,-4.2505
-1.0678,4.6591,1.2953,-2.3723,-2.4112,-1.1246,-2.5762,1.9273,-1.2929,-0.9743,-2.1634,-4.3657
-0.9529,3.6823,2.5546,-3.7334,-1.7734,-0.7314,-6.3111,-1.4198,0.5986,-2.4866,-1.2069,-4.3657
-2.2769,2.4014,3.8044,-4.3657,-1.4997,0.2614,-6.0741,-3.5003,1.3024,-3.2471,-2.6398,-4.1823
-1.4988,1.0151,5.7748,-4.3657,-0.6001,1.3241,-6.9145,-5.9592,2.7677,-4.1653,-2.2483,-2.5183
-2.9353,-0.5411,6.8857,-4.3592,0.9775,2.1138,-6.6870,-7.6016,2.2601,-4.3657,-0.9657,-0.9757
-2.4612,-3.0957,6.9145,-4.3657,1.3370,3.0084,-5.2553,-9.6726,2.7390,-4.3657,-1.8001,0.3395
-1.2115,-5.2792,9.8450,-4.1160,1.9823,3.3584,-4.2306,-11.7603,4.8171,-4.3657,-0.7918,1.0219
-0.6225,-5.8203,11.2743,-2.9323,1.8459,2.8401,-4.4532,-12.3254,6.9743,-4.3657,-0.2397,1.3819
-1.5850,-5.2337,11.3581,-1.2221,1.3121,2.4303,-5.2720,-11.7555,5.7461,-2.8537,-0.9113,2.1747
-2.2673,-5.0398,10.3310,-0.4294,1.6950,2.6281,-7.7716,-12.7012,6.0956,-2.3935,0.1587,3.2676
0.3759,-5.2433,13.5081,0.4858,0.9875,2.4107,-7.8003,-14.7746,10.3094,-0.7687,0.6452,4.3656
-2.0782,-4.6328,15.0859,2.9006,0.4627,1.6361,-6.6152,-11.1450,5.3079,1.0946,-0.3175,4.3656
-0.5770,-3.4812,10.7188,3.3196,-0.9218,1.5228,-8.6455,-11.3557,5.0589,1.5843,-1.1034,4.3656
1.4246,-2.6959,14.0061,3.6580,-1.5465,0.7698,-5.9017,-8.6143,6.7564,2.1865,-2.9202,4.3656
-0.3831,-1.1732,10.9056,4.3656,-1.9915,0.0000,-5.2577,-5.7054,5.1380,3.4560,-2.6602,4.3656
0.9649,-0.1341,8.5521,4.3656,-2.1898,-0.4646,-4.0582,-2.6600,6.4356,3.6869,-3.5765,3.2971
2.3487,1.1277,7.3622,3.9265,-1.4669,-1.2289,1.0391,0.7997,5.5258,4.3403,-1.8948,0.9298
1.4078,2.4612,4.4125,3.3340,-2.3323,-1.9024,1.6975,3.0071,5.5115,4.3656,-2.4966,-1.1114
0.9984,3.9744,1.7310,2.1893,-2.4732,-2.0166,-1.9992,4.3455,0.6225,3.7267,-2.1189,-2.6886
0.0431,4.8291,2.0758,0.7368,-1.9247,-2.3116,1.1205,4.7597,2.6815,2.8778,-1.8002,-3.7053
-0.7901,5.4851,1.5850,-0.6359,-1.9943,-2.0141,-0.4477,4.8459,-3.2465,0.6506,-2.3625,-4.3657
-0.9361,4.6519,0.6369,-2.3915,-2.0432,-1.7409,-2.2051,0.5650,0.7973,-1.7193,-1.4248,-4.3657
-1.8124,3.3662,0.7111,-4.2625,-2.4560,-0.5534,-5.3391,-2.4828,1.7262,-2.9671,-2.0660,-4.3657
-2.2649,1.9656,4.4843,-4.3657,-0.8924,0.4426,-4.9967,-5.3798,1.0654,-4.3657,-2.1077,-4.3657
-3.2154,0.0527,4.3311,-4.3657,-0.1432,1.6819,-8.8346,-8.8705,2.2434,-4.3657,-1.1864,-3.0038
-3.3232,-2.5187,7.5034,-4.3657,1.0516,2.9917,-7.0294,-10.9128,2.8850,-4.3657,-2.0230,-0.3912
-2.3415,-4.5969,8.4611,-4.3657,2.3009,3.4471,-4.2258,-11.7483,3.3519,-4.3657,-1.3463,0.9966
-2.0973,-6.7325,8.8418,-4.2721,2.7548,3.6802,-1.9537,-12.2224,3.6919,-4.3657,-0.4810,1.1073
-1.2234,-7.3167,12.0380,-3.3762,2.3594,3.0278,-3.8188,-13.3142,5.6814,-4.3657,-0.0605,0.8482
-0.2418,-6.4189,12.7611,-1.7716,1.0220,2.2637,-6.9264,-14.4322,8.4060,-2.5945,-0.3679,2.3815
0.4525,-6.5864,13.3237,0.1218,1.6181,1.8548,-5.7700,-14.2910,7.9511,-1.2176,0.1070,4.1595
-1.3024,-6.1076,14.1593,1.6625,1.1217,1.0949,-8.7939,-15.2870,9.5026,0.3957,1.3238,4.3656
-1.8459,-5.2385,13.7499,2.9708,0.1069,0.7352,-6.9264,-12.4786,4.6495,1.6435,-0.4321,4.3656
-2.5211,-3.9241,10.8912,4.3656,0.0605,0.3198,-6.7660,-9.6989,3.3615,3.1856,-1.2144,4.3656
-3.1460,-2.6719,8.1259,4.3656,-0.3533,0.5983,-8.4611,-7.4843,2.5235,2.9973,-0.3996,4.3656
-3.8762,-1.2258,8.2217,4.3656,-0.0261,0.4218,-8.0230,-4.5442,1.7549,2.9254,-0.6796,4.3656
