-4.9464,-1.4533,6.1339,-4.2717,1.5286,0.5938,-10.3094,-5.2074,3.7541,-3.9106,2.2100,1.2568
-5.5378,-2.3176,8.4108,-4.2113,1.8488,0.7971,-8.2456,-5.2984,4.4005,-4.0637,2.4164,0.2529
-6.9049,-2.2721,10.6518,-3.4220,1.9183,0.7398,-12.2751,-7.1347,5.0087,-2.9517,4.1007,0.2124
-6.0645,-2.6935,10.4076,-2.1225,1.4305,0.9117,-12.2823,-7.0820,4.2329,-1.5957,1.3115,2.5487
-7.2329,-2.2769,10.2280,-0.6627,1.9756,1.0856,-10.5441,-5.8849,2.9784,-0.6510,0.1456,2.4712
-7.8769,-1.3384,9.1459,0.3632,1.4545,1.0076,-14.8824,-5.7341,3.2825,0.2557,2.0777,3.3532
-7.9990,-1.3288,7.8314,1.0777,1.0834,1.6410,-8.9160,-3.4979,0.6632,0.8123,-1.5244,4.3656
-5.9999,-2.1237,6.3782,1.1475,0.2128,3.6483,-10.0389,-2.0734,0.0575,0.2883,-1.7469,3.7514
-7.6303,0.5076,7.1347,1.9882,-0.0204,2.3443,-9.7300,-0.0551,0.6464,1.4657,-0.5448,3.1701
-6.7157,0.8068,6.6631,3.0141,-0.3190,2.4916,-10.5393,1.1468,-0.4118,1.3547,-2.4175,3.0345
-8.1355,1.4030,4.5897,2.8805,-1.7762,2.4489,-4.9799,2.8491,2.0423,1.1844,-4.3657,2.8610
-0.9313,2.7581,3.4548,2.4287,-2.5133,4.1621,-4.9392,3.9073,2.6073,1.9311,-4.0965,2.4596
-3.6176,4.7381,5.7628,2.2222,-1.6670,2.2735,-5.8323,5.0159,2.6408,1.4985,-1.0804,1.9373
-3.2010,5.3750,5.4061,2.8565,-2.2210,1.4870,-5.4827,5.8658,2.6983,1.2919,-3.5598,1.2450
-1.9417,5.9233,5.1882,2.3930,-2.4567,0.7417,-1.0319,7.0701,3.9935,0.7124,-4.3657,0.4363
-1.4365,6.3686,6.8642,2.9100,-2.2512,-1.0668,-4.3191,6.6319,4.4796,1.5334,-1.7122,-0.6835
-3.4429,6.2441,3.7134,2.3827,-2.7510,-0.9691,-2.8587,6.5721,4.9871,0.9559,-4.0368,-1.4257
-3.8523,6.7564,2.6791,1.8788,-3.7610,-0.3215,2.5115,7.1491,5.9328,1.8602,-4.3657,-1.6433
-0.2322,6.9911,1.9489,1.1712,-4.3657,-0.9513,3.5338,8.3342,1.8579,2.2660,-4.3657,-4.3657
-1.6688,7.1347,0.7374,-0.0853,-4.3657,-3.0613,-5.6096,3.9959,5.2170,-0.9181,-3.2311,-4.3657
-2.8467,7.5896,1.4126,-0.9477,-4.0184,-1.3849,1.5538,4.4101,5.1906,0.0044,-3.9145,-4.3657
-0.9912,7.9057,0.9984,-1.1943,-2.0248,-0.7494,0.3639,5.0374,2.0063,-0.0773,1.2438,-4.3657
-1.7478,6.5122,2.5857,-2.2820,-1.1719,-1.6734,-8.0876,2.9568,-1.5131,-2.1394,2.7118,-4.3657
-3.3112,6.0549,2.5331,-2.8866,-1.1446,-0.7406,-5.1451,0.0503,0.9242,-3.1495,-2.6301,-3.8112
-1.4700,5.1619,4.6184,-2.8984,0.5588,-0.4579,-4.8363,-3.0382,5.2672,-4.3657,0.6371,-4.3657
-6.0956,4.1922,3.8188,-3.1765,1.8277,-0.1290,-12.4331,-5.1547,1.6233,-3.9327,4.3656,-3.5346
-3.6368,1.8076,4.1611,-4.3657,0.7558,1.4246,-8.3438,-4.9225,-0.6129,-4.3657,-2.4082,-1.1948
-4.7453,0.1053,6.1986,-4.3657,1.8134,2.1665,-6.0908,-7.8554,2.5546,-4.3657,-1.3476,0.1312
-5.1451,-0.8739,7.9583,-4.3657,3.1195,2.3723,-8.7388,-9.2057,2.2362,-4.3657,1.2804,-0.2948
-5.1858,-2.3224,8.7628,-4.3657,3.0169,2.4070,-8.4276,-10.0533,1.7526,-4.3657,-0.5942,1.5764
-5.0159,-2.8419,10.0221,-3.5157,2.7643,2.0264,-11.9471,-11.9830,4.1204,-4.3657,0.6995,3.6423
-5.1523,-2.8060,10.9104,-2.1302,2.6112,1.7872,-7.0725,-9.4715,3.8211,-3.1696,-0.8059,4.3656
-4.2617,-2.3104,9.2320,-0.4247,1.5493,1.5190,-12.7635,-8.7197,4.8171,-1.4743,1.1736,4.3656
-5.6527,-1.0511,9.5265,0.6488,1.3159,0.8564,-7.7644,-5.0278,0.6991,0.0362,-0.2567,4.3656
-7.4196,0.2203,7.7907,1.5280,0.4455,0.7578,-11.7053,-4.7501,-0.6177,0.4923,-1.8382,4.3656
-4.3335,0.2035,7.4939,1.6878,0.1359,0.8022,-1.7573,0.6440,2.0662,-0.0003,-4.3657,2.7066
-9.5289,1.6879,6.6080,2.4958,2.1642,1.3544,-9.6079,-0.4118,2.2266,1.5689,2.0901,4.3656
-5.0470,1.2617,5.5019,2.3759,1.9101,1.2373,-11.0732,-0.0910,2.7964,0.3837,-1.2532,3.9860
-5.8634,2.2745,6.4236,2.8913,2.5582,0.9467,-10.7763,1.2737,2.8611,1.2405,0.1051,3.1191
-6.3925,3.2058,5.2648,2.8802,3.0120,1.4028,-4.4987,5.3941,2.1548,1.9664,0.8873,2.7619
-7.1946,5.1451,5.5043,2.5381,2.0935,0.9491,-4.4508,7.8530,-0.7230,1.7532,0.1238,1.9264
-7.8027,4.5250,9.7612,3.2887,-1.6421,1.3304,-1.7119,8.1834,0.0622,2.5075,-3.0338,-1.4826
-7.9487,3.5554,1.5419,4.3656,-4.3657,0.9599,-1.1779,9.9120,-1.0343,3.6247,-4.3657,-2.5860
-3.2010,3.9935,0.6393,3.0386,-4.3657,-0.6297,-1.7957,5.9448,2.4445,1.9674,-4.3657,-4.3657
-10.5728,4.9991,-1.0798,2.8893,-4.3657,-1.5302,-0.5483,5.1619,3.2801,2.7813,-4.3657,-3.4945
-6.4308,5.2385,-1.1779,2.4343,-3.5607,-1.8768,3.0167,7.4101,-1.1205,1.0505,-3.8561,-4.3657
-4.2593,5.9113,-2.8012,-0.2727,-4.3657,-1.9485,-5.8251,0.8332,3.2944,-2.1757,-1.7103,-4.3657
-7.2616,5.7796,0.8092,-2.0724,-3.9907,-1.2231,-8.5186,-0.7015,5.0661,-1.8890,-1.1539,-4.3372
-6.5386,5.7150,2.4684,-1.9160,-1.5701,0.2727,-8.2408,-1.4772,5.1451,-2.2362,-1.1195,-3.5923
-3.6105,3.8786,1.0774,-3.7631,-2.8244,1.2914,-5.5976,-1.8076,2.8683,-3.1475,-1.5847,-1.7079
-3.8116,2.8683,4.8866,-4.3657,-1.3475,2.8465,-7.0916,-4.8507,4.6064,-4.2415,-0.9638,-1.3965
-3.3232,0.5794,4.5131,-4.3657,0.1568,4.1274,-6.5912,-5.1787,1.3910,-4.3657,-0.2966,0.1408
-0.4453,-1.6400,5.0374,-4.3657,-0.6899,4.0028,-5.5426,-7.5920,2.1117,-4.3657,-1.7604,0.4884
-4.0414,-3.2992,9.0836,-4.3657,0.8851,4.3292,-2.8730,-11.0085,2.2913,-4.3657,-1.6208,0.8013
-1.6424,-5.2768,8.9926,-4.3657,1.2465,4.3656,-7.6207,-13.4410,5.4971,-4.3657,-0.2690,2.1031
-2.0279,-6.5362,11.4084,-3.6357,2.2994,4.3656,-7.9464,-14.6765,5.7509,-4.3657,-0.1743,4.1943
-1.1301,-6.6607,11.8130,-2.0596,2.6428,3.5655,-4.6280,-12.7731,4.9129,-3.7311,-0.8911,4.3656
-2.7150,-5.7676,11.8872,-0.6351,2.2660,2.2942,-5.1332,-10.6949,5.7317,-1.9279,0.2174,4.2176
-3.1173,-3.8475,11.5879,1.2300,2.2351,1.0817,-11.2743,-10.4148,6.3877,0.0129,1.9116,4.3656
-4.4436,-3.0191,10.2424,2.6441,1.9732,1.0784,-4.0007,-5.6671,-2.6145,1.2582,-1.2610,4.3656
-5.2936,-1.5969,7.2760,3.2295,1.3303,1.2180,-15.8161,-8.8609,5.4348,1.4683,-0.3898,4.3656
-4.5155,-1.4557,8.1666,3.4716,1.8759,1.1462,-4.0821,-4.3359,3.1603,2.2331,-3.0246,4.3656
-6.5697,0.2969,8.1403,4.3078,3.1517,0.8443,-5.6814,-0.9409,-0.5722,3.4953,0.5121,3.8794
-3.7828,0.6057,3.9983,3.8648,1.0344,1.7138,-8.5042,1.0870,0.5578,2.2507,0.1771,2.5810
-4.9584,2.0877,7.9344,3.7874,-0.3159,0.8472,-4.3215,1.5060,1.8627,2.8100,-3.3221,2.4693
-4.3646,2.3727,4.7621,4.3656,-0.0430,0.6845,-4.9009,3.2465,1.7262,3.5703,-1.9568,0.0253
-7.0198,4.3527,2.7414,4.3305,-1.2797,0.6195,-8.4994,5.1739,-0.8739,3.2947,-1.4669,0.7584
-5.4636,5.0542,3.0837,3.6766,-2.0704,0.1835,-5.8299,5.1475,1.5395,2.7122,-4.3657,1.2472
-6.2273,5.5522,4.0606,3.9103,-1.9272,0.2781,-3.3830,6.5338,1.5634,3.0840,-3.4363,0.1917
-5.9280,5.5186,2.5163,4.0954,-3.0489,-0.0614,-10.3453,4.9967,4.4388,2.9713,-2.4118,-1.1115
-7.2089,5.8945,2.9257,4.3238,-4.3657,-0.0750,-4.9177,7.9272,-0.6536,3.5928,-4.3657,0.1516
-7.3454,6.1244,-0.4741,3.8388,-4.3657,-0.4719,-2.1979,9.5289,0.1939,2.3262,-4.3657,-1.6198
-6.2560,6.7014,-1.0822,2.8338,-4.3657,-0.6797,-6.3853,6.8594,3.8499,1.7473,-4.3657,-1.8803
-4.8818,7.3933,-0.6345,2.0194,-4.0803,-0.5267,0.1221,9.9048,-1.0654,0.7015,-4.3657,-2.0741
-5.1092,7.3574,-1.6257,0.4776,-4.3657,-0.2538,2.8922,9.5170,-2.0566,-1.2027,-3.9989,-4.3657
-5.8395,6.9240,-4.7142,-2.2387,-4.3657,0.8387,-0.9864,4.1420,2.6983,-2.9625,-4.3657,-4.0985
0.1580,7.3167,-0.6129,-3.9189,-4.3657,1.8426,-1.4700,3.8978,3.5243,-2.8506,-4.0723,-1.6126
-1.6400,6.2752,0.5243,-3.9599,-3.0987,0.3047,0.3807,1.7286,1.4222,-4.3657,-2.4576,-2.2700
-2.8994,5.8083,4.6902,-4.3657,-2.7268,1.4627,-3.4716,-2.9568,7.4962,-4.3657,-1.5262,-2.2788
0.0646,4.5322,7.1443,-3.7625,-1.7455,3.1826,-9.0309,-4.4796,10.8242,-4.3657,0.7774,-0.9036
0.0718,3.2753,7.4316,-3.1957,-0.3905,3.1698,-4.8171,-4.3742,8.6000,-4.0349,-2.4602,2.7198
1.2019,1.6688,7.8195,-2.7049,0.5267,3.8100,-1.3144,-4.6663,8.3821,-3.7591,-1.2670,2.8854
0.7207,0.1221,8.0397,-2.5584,1.7084,4.2715,-6.4117,-6.3398,8.2672,-3.3148,2.2254,3.1383
1.3216,-1.5562,8.0206,-2.2588,2.0302,4.2384,-4.4508,-6.9121,6.5864,-3.5849,0.2952,4.3656
1.9920,-2.3966,9.9024,-1.9949,2.0243,4.3656,-2.8012,-7.8626,8.5784,-3.8934,0.9030,2.9537
1.1085,-3.4740,9.0142,-1.5167,2.4268,3.4839,-2.4828,-7.5657,7.4723,-2.6706,1.8803,3.1794
0.2418,-3.2202,11.1977,-1.0697,2.7540,2.5826,-4.6064,-8.1379,7.2712,-2.0355,1.2648,3.0707
-0.5722,-3.2154,9.1626,-0.4507,2.3026,2.9132,-5.0757,-6.8977,5.7533,-1.3807,1.3217,2.4273
-1.0439,-2.6264,9.9120,-0.3435,1.9261,2.1320,-7.8243,-7.9344,8.1163,-0.8933,1.6519,2.8940
-0.9577,-1.7095,11.7316,1.0387,2.6196,1.2863,-5.8514,-6.7397,6.5529,0.5200,1.3845,3.7553
-1.8555,-0.9601,9.7133,1.6959,2.6758,0.9449,-10.6805,-7.3502,8.3462,0.7453,2.3397,3.4668
-4.4580,-0.6560,9.4355,2.6180,2.6228,1.0560,-9.5696,-6.5266,6.4811,1.7766,1.3795,4.3656
-0.7278,-0.1006,8.2169,2.4942,0.9976,2.8940,-0.0599,0.4764,1.4293,1.8115,-1.2148,2.2378
-4.2473,2.1859,7.4603,2.3988,1.6142,0.8271,-7.9535,0.4334,0.9792,2.0386,2.7388,3.5444
-7.6255,2.5019,7.2880,2.4986,1.2726,0.5848,-7.1156,0.1628,3.4453,1.4635,-1.6347,4.3656
-4.2808,2.5187,9.8497,3.2518,0.1235,0.7878,-6.5050,1.9273,3.5817,2.4209,-2.4552,1.2516
-1.1157,3.2298,8.9423,4.1905,-1.2938,0.3215,-11.5879,2.0135,2.2362,3.0537,-0.1099,2.9656
-8.6503,2.9999,5.7509,4.3656,-1.7260,1.0485,-5.4971,5.1260,-0.0958,2.8049,-4.3657,2.1972
-2.5331,5.3870,1.5850,3.1412,-4.3657,2.1196,-2.6193,6.6176,0.9146,2.1937,-4.3657,1.3740
-2.7988,6.9432,3.7661,2.9292,-3.2748,0.6249,-4.5873,6.5936,3.6057,2.1472,-3.1756,0.3448
-6.4500,6.8307,3.5410,2.7444,-3.0329,1.2760,-0.1006,7.6136,4.4197,2.4024,-3.0736,-0.6839
1.4676,7.5250,1.5658,1.0946,-4.3657,0.5000,-2.7557,8.3151,2.7054,1.6390,-4.3657,-1.1387
0.2586,7.9679,2.9137,0.7302,-4.0618,-0.5031,-1.1013,8.1882,2.1117,1.0676,-3.3445,-2.1897
-2.4636,7.4579,2.8467,0.2285,-4.3657,-0.7739,3.4477,8.3079,3.8259,1.7372,-4.3657,-3.7450
0.8092,8.1068,-0.6464,-0.8318,-4.3657,-1.1125,-5.0422,6.4955,4.0199,0.1210,-4.3657,-4.3657
-0.5052,8.4515,1.6448,-2.1258,-3.8776,-1.0693,7.0820,8.8370,0.7518,0.0015,-3.4631,-3.8636
-0.8811,8.5736,-0.3448,-3.2415,-3.1966,-0.7116,-0.8930,4.0103,2.8515,-2.0651,-2.0498,-4.3657
-0.5028,8.4084,1.8004,-2.5311,-0.6050,0.1347,-6.6559,1.8244,4.3503,-1.4662,0.9447,-4.3657
0.5315,7.4939,3.7469,-2.0256,0.6723,0.2723,-8.0828,3.4596,-0.5794,-2.1911,3.8970,-3.6115
0.8356,6.1699,2.5474,-3.0639,0.0911,-0.2013,-5.1404,0.6369,1.1372,-4.3657,-3.1299,-4.3657
-0.8643,6.2824,5.9879,-2.8773,0.1166,0.8362,-9.6319,-3.0933,8.4539,-3.6223,-0.1074,-2.1110
-0.8092,5.0973,5.8706,-1.8403,1.8748,1.7279,-3.5027,-0.9720,2.0159,-4.2114,-0.1645,-1.0007
-0.3089,3.6607,5.0230,-2.6704,1.9525,2.8550,-10.3310,-4.8530,4.0294,-4.3657,0.9104,-1.1102
-0.6033,2.1117,7.0605,-2.5919,3.0996,3.0690,-5.6024,-6.4093,4.5586,-4.3657,-0.1006,-0.6303
-2.3415,1.4485,7.9248,-2.3361,3.8598,3.0891,-6.6607,-7.6950,3.9145,-4.3657,1.5934,-1.4723
-3.1316,-0.4645,6.9695,-2.6766,3.8680,3.6837,-7.2137,-8.8394,1.6975,-4.3657,1.1548,-0.7492
-2.7677,-1.1540,10.9846,-2.4976,4.3425,3.2624,-7.1563,-10.7787,3.0071,-4.3657,-0.7634,1.4658
-3.7110,-0.8571,10.1873,-1.6561,3.4676,2.5499,-8.1882,-11.1833,3.3255,-4.3657,-0.6845,3.0168
-2.8850,-2.0758,10.6303,-1.2832,2.8340,2.5887,-5.3510,-9.1387,3.5219,-3.3632,-0.9563,2.5437
-4.0725,-0.1317,10.8553,-0.2645,2.1300,1.4081,-13.6110,-11.3940,2.8084,-2.6818,1.9979,4.0544
-7.0533,-0.4693,10.2208,0.7185,1.9200,0.5456,-14.5759,-11.2240,0.3950,-2.1875,-0.4892,4.3656
-3.1580,-0.3735,9.2416,-0.0421,-0.0316,0.2217,-1.5131,-2.9353,2.4828,-0.6406,-4.3657,4.3656
-4.4915,1.4868,11.0421,1.2397,0.3102,-0.0790,-13.2543,-5.1451,4.3048,0.9246,2.7935,4.3656
-4.1276,0.3926,9.0285,1.9574,-0.1396,-0.6789,-1.8794,3.2106,-1.6281,1.3940,-0.8027,1.6228
-2.2098,1.6400,8.5856,1.3359,-1.1627,-1.3002,-8.6862,0.3903,3.5889,1.1142,-3.1429,2.0007
-3.5793,1.6137,9.4284,2.5287,-1.6265,-1.5247,-6.6798,0.7470,6.2034,2.3763,-2.7043,0.7750
-2.8371,1.9680,9.8857,2.9599,-1.9581,-1.4938,-7.6950,1.8052,3.4596,3.1485,-2.6947,-0.4533
-3.2250,3.1484,6.2968,3.2273,-3.0057,-1.2363,-8.2768,2.6480,3.0215,3.4881,-4.1885,0.1540
-4.3239,3.5362,6.2728,2.9981,-2.0555,-1.5677,-5.5713,3.0167,5.1068,3.3815,-4.2906,-0.8972
-1.9465,3.9911,5.8299,2.7328,-2.2284,-1.3346,-5.1212,2.8946,6.5266,3.7852,-1.5673,-2.2712
-1.8651,5.1499,6.3542,1.9351,-2.3513,-1.6703,-7.5633,4.8507,0.5004,3.1263,-1.8048,-1.5938
-1.8747,5.3223,5.7221,2.0327,-2.0013,-2.4421,-1.8124,5.9664,2.7198,2.8873,-4.0542,-2.6728
-3.6727,5.7341,3.6464,1.3251,-1.8126,-2.6476,-5.2648,4.2880,1.7980,2.2296,-2.1198,-3.6079
-3.7972,5.5929,2.8611,1.1747,-0.6719,-1.5027,-4.4245,4.1563,1.5802,1.2620,0.1580,-3.9794
-2.8156,5.8993,3.4955,0.0735,-1.2363,-0.3645,-4.4915,2.8563,0.2346,-0.6662,-0.6674,-4.3657
-4.3072,6.3063,3.0765,-0.3489,-0.1640,-0.2759,-9.0764,-0.5650,5.3582,-1.6843,1.3391,-4.3657
-3.0382,5.3463,3.7206,-0.7194,0.7266,0.3220,-6.8067,-0.1293,2.3056,-1.4839,2.1783,-3.2800
-2.2913,5.4061,3.7134,-1.2914,0.4274,0.4211,-7.9080,-2.4445,3.0765,-2.7334,1.0972,-4.3657
-3.7709,5.0230,4.2832,-1.6002,1.2279,0.7453,-12.2056,-4.3646,0.8667,-2.8474,2.6075,-1.7280
-5.0518,4.8483,3.6727,-1.9053,2.6011,0.8300,-8.7005,-3.2130,0.0503,-3.3338,-1.3988,0.2248
-3.9265,4.0773,3.6895,-2.6092,2.7563,1.1525,-6.2728,-3.1771,-0.3112,-4.3657,0.0393,0.1310
-7.2568,2.8683,0.6632,-3.9466,4.3656,0.8896,-7.1802,-4.4580,-2.8994,-4.3657,0.4036,-0.1612
-9.3446,0.9002,4.0606,-4.3657,4.3656,0.9206,-8.3653,-7.7428,-4.1731,-4.3657,1.0988,-1.0248
-10.2113,-1.3144,7.9631,-4.3657,4.3656,1.6146,-10.3142,-11.3461,0.2705,-4.3657,0.8743,-0.7453
-7.1994,-0.9984,14.5304,-3.6163,2.7787,1.4178,-15.2846,-13.3237,4.8147,-4.3657,1.2299,1.8071
-7.0820,0.6393,12.2248,-0.6664,0.4309,1.3146,-19.6133,-16.4170,2.5139,-2.0234,1.2159,4.3656
-4.7333,1.0008,8.6455,1.2228,-2.0773,0.5115,-0.6369,-2.5043,-2.6983,1.7729,-4.3657,4.3656
-5.0709,2.0949,6.3087,1.8500,-1.7056,0.1467,-6.9935,-1.7621,-0.3136,2.1797,-0.8380,4.3656
-7.3023,2.4205,4.5873,2.1799,-1.0864,-0.3511,-5.4564,1.7765,-2.3008,1.4157,0.0389,3.5777
-4.8961,2.7749,1.9992,1.0074,-1.5030,1.9105,-8.1786,2.5379,0.0455,0.1510,-3.6187,2.5017
-5.3223,3.4405,5.5067,0.7957,-0.8006,0.6654,-6.7516,2.6480,1.7502,0.4273,-0.6872,2.4368
-4.5729,3.7230,7.5681,2.2653,-2.6184,-1.4955,-11.6238,1.9106,5.2744,1.7456,-2.2968,0.5304
-6.5793,3.6679,6.0023,3.1309,-2.8687,-0.0846,-3.8978,4.8267,4.1875,3.4215,-4.3657,-0.7798
-3.5530,5.3510,3.1747,2.2784,-3.4749,-0.4394,-6.1316,5.8514,0.0503,3.4811,-4.3617,-2.1393
-3.6344,5.8347,2.6791,1.6667,-1.5387,-1.3450,-1.2330,4.7381,4.5897,2.4642,-2.5884,-3.6440
-5.7413,6.6367,2.6959,0.6607,-0.2793,-0.7702,-8.7819,5.1380,-2.1237,1.7409,1.6808,-3.0975
-3.5051,6.0501,3.5171,-0.2262,-0.2386,-0.2819,-5.2146,4.7692,-3.5985,0.0590,-0.8172,-4.3657
-3.7445,6.0573,2.7366,-0.6961,0.0109,-0.3957,-9.5481,0.5004,6.0621,-1.2741,1.5312,-3.9113
-4.1108,5.6072,4.0438,-0.8235,0.7317,-0.3301,-7.1491,0.9673,-0.0838,-1.5080,1.3658,-3.7001
-4.7166,5.4229,2.8635,-1.3711,1.1598,-0.2880,-8.7436,-0.7398,-2.1859,-2.4048,1.7672,-4.1355
-4.9775,4.6184,1.0894,-2.1494,1.7160,0.0537,-12.5025,-3.7086,0.4453,-3.4432,3.4955,-4.3657
-5.7245,3.7996,3.3950,-2.6926,2.5726,0.5045,-10.0676,-3.9073,-1.8555,-3.8159,1.7203,-1.9001
-6.0861,3.2394,5.4013,-3.2924,2.2986,0.3485,-9.4978,-5.6431,-1.0032,-3.8265,-0.2509,-0.6872
-7.6567,2.8228,5.8012,-2.6213,2.3088,0.5540,-10.4196,-6.6295,-0.6105,-3.6343,1.2622,-0.6215
-6.1052,1.9920,5.4037,-2.5190,1.8381,0.9306,-13.3884,-7.6567,-1.5874,-3.3973,0.1668,2.7035
-6.7397,2.0901,7.4340,-1.8111,1.7433,0.5958,-12.0572,-6.7421,-1.4293,-2.6736,-1.1273,4.0007
-6.0765,1.6520,7.0270,-1.3486,0.6921,0.5454,-6.6200,-3.3830,-0.4597,-1.8531,-1.4157,4.3656
-6.2680,2.0542,8.0756,-0.4227,0.1577,-0.0240,-10.2304,-3.6224,0.3376,-1.1531,-1.3101,4.3656
-6.6056,1.8747,5.9400,0.2785,-0.0497,-0.2495,-6.8594,0.3831,1.3719,-0.3921,-2.3182,4.3656
-6.5170,1.9752,6.9791,0.5155,-0.9393,-0.0915,-8.8035,1.7837,-0.5004,0.3404,-1.8465,3.2246
-6.4404,1.7214,7.9535,1.2468,-1.0415,-0.5400,-3.1532,3.3519,5.2218,1.4689,-2.7037,1.1559
-5.7892,1.9848,8.2672,1.8194,-2.3647,-0.7189,-9.2057,1.7286,1.6352,3.7766,-2.4485,-1.5262
-5.3199,2.4828,4.6112,2.1794,-2.8635,-1.2444,-8.1834,2.8132,-0.1245,3.2743,-3.3020,-2.5478
-5.4899,3.5267,2.7150,1.4329,-2.0921,-1.5469,-8.1283,2.5714,-0.3735,2.1137,-2.7033,-3.7679
-6.0047,3.9959,2.9975,0.7322,-1.2103,-1.1349,-8.7077,1.5610,0.6823,1.6714,0.9382,-3.8806
-6.1531,4.0151,4.4508,0.2630,-0.0806,-0.4763,-7.2688,1.8723,-1.2833,0.4968,1.2161,-3.0774
-4.5394,3.4716,3.6440,-0.2509,0.1523,-0.3601,-10.8673,-1.5682,0.3543,-1.3242,1.1159,-4.3099
-5.6479,3.2250,5.0278,-0.7068,0.8320,-0.0971,-7.7548,-1.7478,-1.7454,-1.9652,3.3232,-4.3516
-5.6383,2.7916,4.8363,-0.9940,1.1906,0.3264,-9.7205,-4.0965,-1.7454,-2.2379,1.7011,-4.3348
-6.4811,2.6169,5.2265,-1.1473,0.7863,0.4924,-12.8617,-6.8546,-1.4605,-1.7690,0.7542,-1.4957
-6.2752,2.3607,5.9496,-1.0491,1.1850,0.4299,-8.0661,-5.0661,-0.8428,-1.4265,-1.9060,0.2631
-6.4859,2.5115,5.8155,-0.7882,0.9289,0.3655,-16.5679,-8.7628,-2.0590,-1.6150,1.0548,1.6763
-5.9304,2.1380,5.6144,-0.7173,0.9647,0.4954,-11.1115,-4.9512,-1.0894,-1.7048,-2.0150,4.3656
-6.2848,2.1955,5.3558,-0.8055,0.4447,0.6606,-8.0780,-2.3008,-0.1532,-1.6586,-2.8703,4.3656
-5.9855,2.4277,7.1611,-0.7444,0.5389,0.5644,-8.0828,-1.8411,3.7350,-0.7993,-0.9252,4.3656
-4.9967,2.3679,9.8258,0.4541,-0.1709,-0.0442,-7.8243,-0.5794,4.2904,0.4338,-1.1495,4.3656
-5.6407,3.3232,5.4612,1.2586,-1.2592,-0.7933,-7.8578,3.6488,0.8332,2.5885,0.0324,-1.1201
-5.3989,3.3184,3.4069,1.0427,-1.2283,-0.1454,-7.9248,2.6504,3.5698,2.0875,-1.4490,-2.2405
-5.0374,3.3615,5.2050,0.5456,-0.3938,-0.2212,-0.9553,3.6512,3.7421,1.2460,-1.0730,-3.4689
-5.6958,3.8858,5.8131,0.0181,-0.3488,0.2074,-9.5529,2.0614,-6.0023,1.7351,2.3184,-4.3657
-5.6647,3.5195,3.4524,-0.2166,0.2598,0.0124,-10.3262,-0.1197,0.2705,-0.4676,2.2007,-4.0529
-4.7309,3.5913,5.5043,-0.4271,0.6504,-0.3174,-10.3046,-1.2067,-3.6440,-1.6158,-0.4315,-4.3657
-6.1723,2.9904,4.9201,-0.3918,0.7314,-0.2821,-10.1083,-3.4237,-0.6536,-1.6411,3.2976,-4.1636
-6.2082,2.9042,5.0996,-0.5312,0.6915,-0.0644,-10.8505,-4.9728,-0.7398,-1.4103,0.7689,-3.6214
-6.2968,2.9951,4.7525,-0.6328,0.3208,0.1077,-10.5369,-5.5258,-2.4445,-1.3254,-0.4129,-1.3903
-6.3207,2.7605,4.0294,-1.0096,0.7565,0.2651,-10.6159,-5.2457,-0.3041,-1.5088,-0.6928,0.1929
-6.9360,2.6336,4.8315,-1.0353,1.3607,0.4377,-8.4228,-4.7142,-1.4509,-1.9919,-0.1916,0.1223
-6.8163,2.8659,4.4819,-1.3760,1.1138,0.8082,-12.2296,-5.5929,-1.6424,-2.3435,-0.3020,2.6213
-5.7269,2.0375,4.3455,-1.6907,1.9361,0.6507,-12.5791,-5.8538,-0.7111,-2.8870,-1.0705,4.3656
-7.2185,2.5905,5.5737,-1.4296,1.3283,0.5809,-11.9758,-4.7190,1.2186,-2.9084,0.3942,4.3656
-4.6567,1.5179,9.2823,-1.1840,0.6663,0.8183,-6.8067,-2.5235,3.3471,-1.4345,-1.4028,4.3656
-5.8514,1.5179,8.5856,1.0399,-0.6343,-0.0793,-5.4779,1.0678,0.0790,0.6534,-2.2255,2.7627
-6.5362,2.5091,5.0877,1.2418,-1.4971,-0.4342,-7.5944,2.3942,1.2641,1.4357,-2.3615,2.9894
-5.9041,2.1261,6.2034,1.7407,-1.5180,-0.7280,-6.9576,2.9904,1.9609,2.6325,-2.4712,0.4132
-5.4971,2.7725,4.1611,1.5499,-2.1881,-0.8046,-10.4052,2.0231,0.0838,3.0988,-1.7833,-1.2544
-5.6790,2.8683,3.5338,1.5134,-1.0925,-0.6626,-6.5098,2.6576,1.5012,3.1203,-2.0316,-1.1018
-4.8578,3.2489,4.0462,0.8244,-0.9785,-0.5921,-7.6710,3.3926,-4.2138,2.9268,-0.1396,-3.5882
-4.9201,3.6583,3.8475,0.1355,-0.7360,-0.7497,-10.1011,0.9194,0.5818,0.0317,-1.7808,-3.3851
-5.3343,3.4740,4.2521,-0.0612,-0.1885,-0.6800,-7.2377,0.3136,-0.9146,-0.8603,0.8475,-4.3657
-6.1842,3.4405,3.2585,-0.4807,0.1616,-0.4521,-12.4738,-2.5331,0.3926,-1.8730,3.8817,-4.3657
-4.9033,2.4517,4.4101,-0.9626,0.1723,0.0506,-11.3988,-4.3431,-0.9792,-2.0351,1.9570,-4.3485
-6.5386,2.5139,5.6240,-1.0272,0.6563,0.0930,-12.6941,-6.0741,-2.2098,-1.9289,1.8055,-2.5425
-6.8881,2.0566,5.6671,-1.0368,0.3661,0.4493,-6.8618,-4.5131,-2.8802,-1.4679,-1.0503,-1.4012
-6.6343,2.0111,4.5107,-1.2091,1.1922,0.4517,-10.0149,-6.3638,-1.8028,-1.9203,0.1286,-0.8284
-7.4723,1.9656,4.6280,-1.4069,1.3932,0.6660,-15.2152,-8.7484,-2.0806,-2.6093,1.0509,1.0380
-6.7373,1.4269,4.5131,-1.8631,1.7200,1.0748,-10.3142,-6.2872,-0.4860,-3.1705,-2.8268,4.3656
-6.5841,1.2306,7.5369,-1.6509,1.2809,0.8083,-8.2193,-5.1068,1.9441,-2.5732,-1.8107,4.3656
-5.1116,1.3431,7.6926,-0.6484,-0.2008,0.6700,-9.7133,-3.1005,2.2003,-1.4478,-0.8082,4.3656
-5.8347,1.5514,7.1802,0.2018,-0.3704,0.0221,-6.9863,0.5650,0.2753,-0.5574,-3.5441,4.3656
-6.4069,1.9082,6.1196,0.8612,-1.0225,-0.1250,-3.0335,3.6057,1.6568,0.6027,-2.8061,3.2955
-6.2201,1.7549,5.2864,0.9547,-0.7433,-0.0175,-1.3336,3.5913,5.2601,1.8070,-2.2407,0.0249
-5.4684,2.5139,4.1372,0.7915,-0.8479,-0.2518,-6.0334,3.1675,3.8068,2.0391,-0.0378,-1.9969
-5.3917,3.0239,5.4348,0.5493,-0.5308,-0.3280,-6.5098,3.9528,-1.0558,2.1220,0.1128,-2.1803
-4.5538,2.3272,5.3893,0.3568,-0.5736,-0.5343,-6.4955,2.0446,-0.5555,1.5284,-1.1150,-4.3657
-5.7006,2.9161,5.7748,0.3384,-0.4636,-0.3629,-11.0373,0.7542,0.4046,1.0934,1.3775,-3.3413
-6.4165,2.4924,5.0470,0.4229,0.1422,-0.2975,-7.7357,0.4836,-1.1372,0.3381,-0.7970,-3.2692
-7.4220,2.6647,5.3439,0.0815,0.3541,-0.0746,-7.9559,-1.1684,-1.1492,-0.6462,0.7318,-4.2189
-6.1363,2.4110,4.2832,-0.4096,0.4847,0.0063,-9.0621,-3.3471,-0.4525,-1.6852,2.6204,-4.3657
-6.9839,2.4852,4.3503,-0.5379,1.0980,0.0722,-11.1259,-5.0039,-1.2953,-1.9842,2.5948,-4.3657
-6.3734,2.1979,4.8626,-0.7326,0.4241,0.1680,-12.2583,-6.1627,-2.3511,-1.5358,1.1607,-2.6161
-7.2425,2.1404,4.8435,-0.5818,0.4477,0.1986,-9.0980,-5.3989,-2.4732,-0.8756,-1.3813,0.2890
-7.1754,2.0734,4.3072,-0.5784,0.1407,0.3613,-12.3684,-7.0126,-1.3934,-0.8883,-0.2547,1.1778
-6.6966,2.3463,4.8937,-0.4038,0.5690,0.3423,-15.0356,-7.4915,-4.0486,-1.4718,-0.0241,4.3656
-6.7062,2.0566,5.9831,-0.4533,-0.2293,0.4976,-11.9159,-2.7390,0.0527,-1.7452,-2.7622,4.3656
-5.3798,1.6975,7.3239,-0.0092,-0.3575,0.2654,1.8411,3.8523,0.5148,-0.6586,-2.6116,4.3656
-6.5769,2.5738,5.7796,0.5145,-0.3640,0.0238,-6.5625,2.7605,3.4429,0.5914,-1.0475,3.9073
-6.9097,2.1883,4.8387,0.8880,-0.4502,-0.0244,-2.0901,4.3120,6.4572,1.1004,-1.8886,-0.1151
-4.7836,2.8659,5.5162,0.6642,-0.8681,-0.2875,-6.5434,4.4724,0.4788,2.7342,0.3403,-2.1926
-5.8179,3.1220,5.3079,0.6769,-0.7713,-0.4421,-8.6239,3.6296,2.9329,1.4903,-0.2821,-1.6866
-6.1028,3.0358,5.3702,0.7865,-1.0332,-0.4222,-4.2329,4.3742,-0.6153,1.1655,-2.5796,-4.2431
-5.4755,3.3543,2.6456,0.3770,-0.8163,-0.5860,-12.7731,0.0335,6.4500,0.7556,1.7018,-3.8451
-5.2433,2.8563,5.6623,0.2493,-0.2415,-0.3637,-5.8849,3.2441,-1.9537,0.8130,1.6856,-4.0017
-6.6559,3.1364,5.8179,0.1648,0.1524,-0.3917,-6.1387,2.0638,-2.3320,0.6081,0.8629,-3.5761
-5.9879,2.9090,4.6424,-0.1108,-0.4226,-0.2004,-9.3948,-1.2354,-3.0143,-0.5474,0.6194,-4.3657
-6.2273,2.6001,4.8291,-0.3571,0.2900,-0.1889,-7.9248,-2.2841,-0.9792,-1.0100,1.3306,-3.9988
-7.1180,2.4948,4.5801,-0.4024,0.5610,-0.0217,-12.2846,-5.4013,-1.4413,-1.0243,1.1270,-3.0407
-6.0190,2.2098,4.7070,-0.4568,0.2288,0.1753,-9.3972,-5.7269,-2.0997,-1.1378,-0.5955,-2.6754
-6.6008,2.4014,4.1156,-0.7846,0.7877,0.2497,-11.6215,-6.7277,-1.9465,-1.4266,0.3742,-0.9847
-7.0605,2.2266,4.5849,-0.9320,0.9201,0.4149,-7.2018,-5.0326,-0.6129,-1.0568,-0.8775,-0.6456
-6.1699,2.3176,5.3965,-1.0403,0.6424,0.4750,-10.0940,-6.1531,-0.3639,-1.3588,0.4090,0.4834
-6.4787,2.4181,5.8299,-0.5894,0.7414,0.4134,-12.4451,-6.8761,-1.2139,-1.2797,-0.1204,1.9925
-5.5474,2.1979,4.5250,-0.5391,0.1376,0.5115,-19.6133,-10.6518,-2.9688,-1.9187,0.1715,4.3656
-6.1986,2.6983,6.3949,-0.5037,0.7440,0.3718,-6.8761,-8.9926,0.5435,-2.9956,-4.1589,4.3656
-5.5282,1.6927,7.1754,0.2825,-0.5189,0.1812,5.2864,4.9153,-4.0558,0.4338,-4.3657,4.3656
-4.6759,2.5474,6.3207,0.4430,-1.1329,0.0422,-8.0661,1.3527,4.9656,0.3024,2.6056,2.7073
-6.2489,2.4804,5.8849,0.9639,0.0077,-0.3575,-0.6943,6.6798,1.8172,0.9795,0.3916,0.4086
-5.4684,2.7892,4.3742,0.4855,-1.3861,-0.3349,-7.7381,2.5211,4.1180,1.8686,-3.1629,-1.9024
-4.9991,2.9066,4.2018,0.6748,-1.1804,-0.3543,-14.3269,0.0718,0.9697,2.4400,1.4089,-2.2929
-5.0661,3.2130,5.3295,-0.1467,-0.7190,-0.4060,-10.2328,1.8890,-0.6800,0.6083,0.3822,-2.6103
-5.4827,2.9209,5.3247,0.0562,0.7005,-0.2145,-11.4491,-0.1700,-2.6480,0.0334,1.4556,-3.1792
-7.1108,2.7246,4.7214,-0.0690,0.0843,-0.0059,-9.4475,-3.3255,0.6416,-0.7035,0.2273,-3.5306
-6.6535,2.4038,4.2904,-0.4034,0.7558,0.1637,-6.2489,-3.4333,0.2705,-1.8398,0.8327,-4.3657
-6.8115,2.4948,4.3766,-0.8532,0.3039,0.0799,-14.3939,-6.8761,-0.5219,-1.4189,2.9988,-2.8721
-6.6080,2.3008,4.6735,-0.4712,0.7426,0.1103,-12.4259,-7.0126,-3.3998,-1.0655,-0.8470,-0.6155
-7.4316,2.1261,4.4652,-0.7079,0.4265,0.1703,-7.2089,-4.7046,-1.7597,-1.1123,-1.6924,-0.2097
-7.3861,2.1955,4.0582,-0.8905,0.3930,0.3609,-17.7339,-8.7867,-1.1085,-1.7825,2.0971,2.2039
-6.7516,2.5666,5.5498,-0.0284,-0.5844,0.4533,-10.2759,-2.5594,5.0685,-0.6117,0.0608,4.3656
-5.1858,2.7605,6.1459,0.5606,0.3371,-0.1138,-6.3518,0.0670,1.9034,0.1316,0.9253,4.3656
-5.8442,2.9185,5.1020,0.9919,-0.7666,-0.4116,-10.4507,2.3463,2.1356,-0.7198,-2.1729,1.7852
-5.4061,2.7366,4.8315,0.8155,-0.9272,-0.2529,-3.4979,5.3558,1.4317,0.5967,-1.4903,0.6261
-6.0023,2.8850,4.7645,0.5097,-0.3080,-0.5391,-4.8195,3.3686,4.6639,2.0488,0.2128,-1.3781
-6.9360,3.0287,5.4205,0.6297,-0.4663,-0.5303,-9.6367,2.8587,0.2011,1.9641,0.5264,-1.3427
-6.0693,2.7150,5.0039,0.7536,-0.3096,-0.7176,-9.1315,2.2529,0.1053,2.1221,-1.4077,-2.2074
-5.5593,2.9161,4.6855,0.4537,-0.8327,-0.6183,-7.5992,2.7174,-0.2825,1.2785,0.0237,-2.6652
-5.8083,2.9473,5.5091,0.4197,-0.7048,-0.5915,-11.9519,0.4788,0.5315,1.5296,0.3395,-2.5543
-6.6272,3.0861,4.3934,0.5830,-0.1619,-0.4547,-13.6254,0.9290,-1.9417,1.0174,0.5722,-0.7966
-5.7988,2.8683,4.7357,0.3123,-0.4378,-0.3565,-5.4109,2.4157,0.0575,0.5986,-1.8074,-0.9397
-6.5003,3.3136,3.4477,0.1111,-0.3540,-0.4610,-12.8760,-0.4621,2.6001,0.6965,0.7441,-0.0556
-6.2058,2.9592,4.4436,0.0309,0.2710,-0.2081,-9.0285,1.7980,-2.0949,-0.2224,-0.1863,0.2952
-6.6750,2.4134,4.4245,-0.4234,-0.2324,-0.1529,-3.5219,2.0518,1.7430,-0.3889,-1.6290,-0.6799
-6.0334,2.6360,5.0542,-0.4727,-0.0709,-0.1104,-7.6830,0.5770,-0.6201,-0.4462,1.0624,-2.2112
-6.0382,2.6719,5.7748,-0.4313,0.0997,-0.1556,-7.4986,0.3112,-2.4086,-0.1200,0.3689,-1.8698
-6.5266,2.5019,4.8985,-0.3175,-0.1851,-0.1844,-6.8163,-1.6544,0.1101,-0.9363,-1.8303,-3.2436
-6.1196,2.5570,4.9177,-0.5445,-0.0725,0.0558,-8.4060,-3.3375,0.2634,-1.1163,1.4557,-3.9754
-6.8905,2.4181,4.2521,-0.5482,0.3167,-0.0242,-11.6837,-4.8602,0.7135,-1.2533,1.8891,-3.8437
-6.3638,2.2218,4.5705,-0.7762,0.3082,0.1091,-8.3869,-4.1994,-1.3072,-1.4087,-0.3900,-2.6336
-7.0270,2.0111,3.4069,-1.3610,0.2561,0.2938,-10.1706,-5.6838,-2.4038,-1.7788,0.4654,-1.5424
-7.4579,1.6783,3.3184,-1.7844,1.1088,0.3918,-11.1330,-6.4260,-2.5929,-2.4379,0.4117,-1.1466
-7.7428,1.1085,5.5282,-1.9708,1.1103,0.8250,-17.4633,-10.5991,-1.9130,-2.9074,1.0207,3.0210
-7.5729,0.4884,7.3957,-1.6518,0.5457,1.0661,-7.2281,-8.7317,-3.0047,-2.4159,-2.9023,4.3656
-6.0430,0.8236,8.4180,-0.4251,-0.8801,0.8492,-8.7077,-6.3494,1.3408,-1.5797,-1.2973,4.3656
-5.9256,0.9433,7.1754,0.7293,-0.9948,0.6600,-6.3494,-0.6009,-1.5969,-0.5533,-0.9811,4.2646
-6.1244,1.9776,5.1356,0.8226,-0.2533,0.2637,-10.3501,0.0862,0.4693,-0.9783,-1.3503,3.5438
-5.1164,2.3607,8.2097,0.9300,-0.6119,0.2086,-5.7293,1.9178,4.8937,0.8052,-3.1565,4.3656
-4.7836,2.8252,7.6064,1.5122,-0.4367,-0.0886,-5.1739,3.9049,2.8635,1.9156,-3.3688,2.1238
-4.5610,3.1149,6.0047,1.3488,-1.2570,-0.3433,-6.9623,3.6775,2.4110,2.1380,-1.5263,-0.8330
-4.6591,3.7230,6.2225,1.3279,-1.0591,-0.1283,-5.5498,4.3479,5.1092,1.7856,-1.7573,0.1752
-5.0039,3.8547,5.4157,1.3468,-0.7072,-0.6462,-4.0630,5.4109,-0.3831,2.4822,-2.6324,-1.7721
-4.3455,3.7445,5.1667,1.0585,-1.0240,-0.9501,-6.6272,3.9241,0.9385,1.8411,0.2747,-3.9742
-4.9584,4.0606,3.6009,0.4980,-1.4408,-1.0395,-8.6335,2.9640,2.1213,1.5094,-0.8795,-2.8583
-4.3455,3.9433,4.0773,0.1849,-0.6336,-0.8291,-5.6383,3.8714,-2.8683,1.2065,-1.2485,-3.4280
-4.8698,3.5602,4.6040,-0.3607,-0.2009,-0.8600,-4.4987,1.2330,-0.7470,-0.7123,0.4449,-4.3657
-6.3973,3.3327,4.5657,-0.7173,0.2138,-0.6456,-11.2336,-3.7086,2.1811,-1.3350,1.6523,-4.3657
-6.3375,2.9544,5.4588,-0.8091,0.9367,-0.4203,-8.7077,-3.5769,-3.2130,-1.5010,2.4247,-4.3657
-5.9616,2.5163,3.1101,-1.2013,0.2670,-0.0625,-15.2104,-7.8602,-0.8356,-1.5998,3.6183,-4.3657
-7.2065,1.9848,3.8571,-1.6250,1.2786,0.7016,-9.3446,-5.8969,-4.2545,-1.9758,0.8358,-2.4748
-7.4915,1.5012,4.1587,-2.0165,1.4496,0.8098,-8.4946,-6.4763,-3.3184,-2.3842,-0.8007,-1.4396
-7.4651,1.2977,5.5378,-1.9929,1.5068,0.7398,-6.8642,-6.8187,-2.9928,-2.7135,0.3850,-0.6379
-7.4268,1.1708,5.1332,-1.7219,1.0505,0.9054,-11.7316,-8.8562,-3.1460,-2.4381,-0.4758,0.6328
-7.3047,0.9457,5.4109,-1.7170,0.9609,0.8347,-8.3390,-7.1395,-1.9824,-2.1432,-1.4633,2.5492
-7.4627,1.4796,6.2991,-1.2434,0.1787,0.8392,-15.1409,-10.1825,-2.9999,-2.3818,0.4113,4.3656
-6.6511,1.3958,7.1299,-0.8211,-0.5008,0.4048,-9.0477,-6.0573,-1.7549,-1.5980,-4.0249,4.3656
-6.0358,1.5060,8.2384,0.0024,-0.5990,0.2906,-5.0015,-1.4772,0.5770,-0.8732,-3.8207,4.3656
-3.6488,1.3886,8.2624,0.7782,-0.5401,-0.2016,-4.7238,0.7949,1.3479,-0.0031,-1.9482,4.3656
-5.0566,2.1524,7.4244,1.3198,-0.3409,-0.7023,-11.2408,-0.0646,2.1620,0.1567,-0.7504,3.8924
-5.8682,1.9321,6.1339,1.8473,0.2927,-0.7570,-6.4380,2.3846,2.9042,0.1994,-2.7532,0.9655
-3.5123,2.3032,7.7596,1.5140,-0.2826,-0.2329,-6.4308,3.0287,2.2505,0.6916,-0.7147,0.4517
-5.4612,2.5067,6.2872,1.8508,-0.2888,-0.2012,-7.8410,2.0518,4.8052,1.2798,-0.4274,0.7268
-3.3519,2.6911,4.0701,2.4596,-0.2673,-0.5805,-6.5242,2.7797,3.5554,1.6494,-2.1102,-0.7842
-5.2002,3.3495,5.8730,1.7664,-1.1708,-0.3151,-6.0908,3.5745,2.0686,2.0323,-0.9727,-1.7766
-5.1667,3.1819,4.4628,1.2375,-1.7012,0.1392,-9.6486,1.7454,3.4357,1.9021,-0.9651,-1.7726
-3.6224,4.0199,4.5131,0.6772,-1.7217,0.7188,-7.5178,2.6528,2.2960,2.1867,-0.7075,-1.7559
-6.8450,4.1994,2.6743,0.3573,-0.9735,1.1671,-6.5242,3.2441,1.1660,1.5936,-0.1587,-2.3153
-4.4125,4.9273,4.4077,-0.7083,-1.0111,0.7432,-7.7548,3.1771,-1.1779,0.8996,1.0706,-2.4689
-4.6759,3.5123,2.6408,-1.0632,-0.1992,1.5938,-9.9407,1.4006,-0.9385,-0.3499,1.3390,-1.8249
-5.4875,4.1013,4.2569,-1.9933,-0.0669,2.6802,-6.5003,2.0662,-3.1244,-1.4340,0.4506,-2.9095
-6.0980,3.2537,4.6615,-1.9422,1.3582,1.8911,-7.6160,-0.9266,-1.0223,-1.9760,1.3431,-3.4198
-4.2617,3.4500,6.7684,-1.8334,1.9248,2.1513,-9.4739,-3.2441,-2.7007,-2.4916,2.2270,-3.7188
-5.3726,3.5506,8.2839,-1.1750,1.8675,1.1884,-11.8321,-6.2321,-0.9002,-2.4789,2.2448,-3.5137
-5.6958,4.2282,9.2009,0.1078,1.3034,0.0929,-16.2782,-9.2177,-1.0726,-1.4939,1.0224,-2.0981
-3.4189,2.7461,8.4300,1.2504,1.0267,-1.3780,-15.6174,-9.4332,-0.9242,-0.7000,-1.2514,3.7138
-4.8890,2.8012,10.1945,2.2264,1.1167,-1.4614,-17.2981,-10.0772,-1.4796,-0.7915,-0.9521,4.3656
-4.2760,2.9616,6.1148,1.9409,-0.5642,-2.1546,0.6177,-0.7590,8.2456,0.8380,-4.3657,4.3656
-0.9242,3.7350,5.7676,2.9712,-1.3029,-2.3317,-5.5569,4.1013,2.0782,1.6169,-0.7396,2.4455
-5.9927,3.9576,5.1236,2.3325,-0.7338,-2.4293,-0.6273,6.4859,3.0598,1.0657,-2.9679,-0.4503
-5.4372,4.3981,3.1795,1.7778,-2.2275,-1.3074,-4.1300,5.0996,3.7134,1.8554,-2.2864,-1.4534
-6.9480,4.5873,2.5714,1.0269,-1.1502,-1.3201,-5.4540,5.4708,1.7047,1.0182,-1.3789,-2.3597
-6.1555,5.1739,3.3447,0.9069,-0.3726,-1.5619,-6.3805,4.9632,1.7478,0.9397,-0.4313,-2.2720
-5.3774,4.2665,2.7533,0.1941,-0.4722,-0.8956,-4.4508,3.8164,3.5386,0.4996,-0.7843,-3.1736
-5.0542,3.9480,4.1013,-0.4830,-1.0376,-0.3405,-3.5243,3.6512,0.4477,0.3059,1.0279,-3.6111
-5.4564,4.0701,4.1492,-0.5554,-0.9044,-0.2813,-7.2616,-0.1460,1.7262,-0.6404,-0.2995,-4.3657
-4.7860,3.6751,3.4141,-0.7414,-0.4519,-0.1573,-5.0039,-1.1684,-0.6632,-0.9038,1.1676,-4.3657
-7.5393,3.5291,2.1404,-2.0668,-1.0256,1.7829,-13.0269,-4.2210,3.2848,-1.6960,2.7410,-4.3657
-5.9496,3.2825,6.8450,-2.1978,-0.5377,1.8175,-12.0333,-4.7262,-0.7853,-1.4697,0.1294,-2.5539
-9.4786,2.8563,3.2346,-1.8287,0.5199,2.9144,-9.6822,-4.5801,0.3328,-1.5086,0.0072,-1.4525
-3.6727,3.2034,6.4189,-2.4060,-0.6829,2.4388,-11.4802,-5.4947,-0.3759,-1.9870,0.7317,-0.5217
-6.7373,2.8826,5.2529,-1.6804,1.8237,2.2372,-10.4914,-5.2433,-1.3671,-2.3370,-0.3837,1.4950
-7.0150,2.5402,4.5801,-2.2384,1.7217,2.6139,-10.7955,-5.4109,-1.0846,-2.9942,-0.0879,2.9873
-5.0518,2.7078,8.2911,-1.9722,1.7888,2.5365,-14.8010,-7.1299,-1.1779,-3.6764,1.0849,4.3656
-6.8738,2.7916,10.1035,-0.6771,2.1938,2.6424,-8.4060,-3.6009,-1.0798,-3.2523,-2.9275,4.3656
-2.7869,2.7366,8.5736,-0.2386,1.1393,1.9943,-9.2799,-6.2537,6.5888,-2.2844,-1.8667,4.3656
-3.6392,2.0686,8.6239,1.3888,0.5316,1.2588,-5.4564,1.7765,3.6105,0.2862,-2.2366,4.0053
-2.9592,3.5554,9.9671,1.8106,-0.9018,1.0056,-7.1850,3.4548,2.8299,1.4799,1.3895,3.0133
-4.5825,5.3343,2.4349,1.7332,-1.0579,-1.1265,-4.7094,6.6918,0.3304,2.0526,-1.0734,0.3215
-2.0782,5.0302,3.5506,1.1369,-0.6387,-0.5081,-4.7716,6.0549,1.4293,1.8475,-0.3653,-1.1759
-3.3327,4.8794,4.9392,0.8583,-0.7071,-0.7410,-3.2106,5.9472,2.0111,1.5787,-1.0609,-1.9629
-2.5857,5.5809,4.5705,0.6518,-1.2263,-1.6327,-4.8243,6.0837,-1.2234,1.6050,-1.2990,-3.3079
-3.1723,4.8626,2.8539,0.4467,-1.3001,-1.9882,-1.9609,5.4516,-2.3894,1.0552,-2.1725,-4.3657
-2.4253,4.1156,2.4445,-0.5780,-1.4873,-2.9000,-4.4532,2.1572,1.9848,0.3860,-1.2987,-4.3657
-6.9288,5.4492,4.8387,-0.6896,-0.8531,-1.9577,-8.8035,0.5650,-4.3622,-0.1713,2.1631,-4.3657
-6.7588,4.7429,2.8563,-1.2241,-0.8462,-0.8054,-11.9255,-2.7916,0.6105,-1.3343,0.0286,-4.3657
-6.2034,3.7445,4.9153,-1.6808,-0.1430,0.5420,-12.0787,-3.8523,-1.1325,-2.0077,1.4184,-3.6151
-7.5681,3.8044,4.2641,-1.8079,1.1298,0.7970,-8.4827,-4.7956,-2.0159,-2.8474,1.1684,-3.7759
-6.2920,3.0382,6.3973,-2.0079,1.5438,1.0830,-12.0524,-7.2544,-1.8842,-3.0676,1.1317,-2.0630
-6.0094,2.5283,6.0430,-1.5737,2.3105,0.8527,-8.4060,-6.2058,-1.7909,-3.1164,0.2984,-1.6551
-7.1180,2.5283,5.7820,-1.5813,1.9496,1.3070,-10.0197,-7.2903,-2.4972,-3.0619,0.5404,-1.2472
-6.2153,2.5211,6.9504,-1.2923,1.4202,1.2875,-18.5646,-11.4826,-2.7916,-3.0551,0.7794,3.0204
-5.7437,2.4852,6.7588,-0.5305,1.2982,1.0059,-10.7619,-8.4827,-1.6616,-2.4777,-3.9099,4.3656
-5.4660,2.2386,6.8043,-0.3058,0.4159,1.0821,-3.3040,-2.0446,0.9433,-0.7921,-4.3657,4.3656
-4.7477,2.6001,7.3550,0.2110,-0.4363,0.5764,-6.1052,0.3615,0.6464,0.0560,-0.7477,4.3656
-4.2569,3.1819,5.8227,0.7937,-0.1199,-0.4534,-11.1450,0.2897,2.9401,0.0357,0.3056,3.0963
-5.2074,3.1149,6.7852,1.1076,-0.6310,-0.7485,-9.3158,2.1524,1.9369,0.7627,-1.3123,2.5253
-5.5809,3.7972,8.4898,1.4737,-1.3296,-0.5577,-6.7732,4.3167,-0.6177,1.7112,-2.1418,2.3755
-4.7046,3.5578,5.0805,1.7649,-1.6313,-0.8615,-7.6710,4.4149,1.5969,1.1744,-2.9840,1.2397
-6.1866,4.1396,4.7309,1.5643,-1.0361,-0.7125,-4.3215,5.6910,1.4748,1.4810,-2.0548,0.2285
-6.6391,4.9368,3.5410,0.9455,-0.9982,-0.3437,-6.8115,5.4684,1.5012,1.7668,-1.2758,1.4330
-5.2218,3.9097,5.7054,0.8027,-0.2689,-0.5216,-2.1787,5.1475,5.4636,1.0565,-1.6844,-1.7239
-4.7716,4.8435,6.2034,0.6121,-0.5865,-0.7004,-7.5274,5.7533,-0.5076,1.7584,0.6684,-0.6650
-4.9512,4.6328,4.3311,0.6731,-0.5388,-0.5348,-5.5330,6.2441,-0.4118,0.7962,-2.4405,-1.0252
-4.5274,4.5155,4.0725,0.3984,-1.0026,-0.7159,-1.8771,5.9855,-3.5769,0.2666,-2.2167,-3.8512
-5.1643,4.7956,2.3583,-0.2766,-0.5720,-0.7201,-6.0166,2.6432,0.9146,-1.1471,-0.6642,-4.3657
-6.0861,4.3215,3.0382,-0.9014,-0.1478,-0.5878,-4.0797,1.4006,-1.6735,-2.1318,-0.2876,-4.3657
-7.1658,4.2353,2.3870,-1.5767,1.1203,-0.2150,-15.1529,-1.9130,-0.3232,-1.5584,4.2257,-4.3657
-6.1052,3.2896,3.5650,-2.0568,1.0657,0.2229,-12.0572,-2.1500,-1.0247,-2.3639,1.1768,-2.6778
-6.6894,2.7749,5.5474,-2.1925,1.1732,0.5706,-8.2145,-2.9497,-0.1221,-2.5528,-0.9128,-1.7749
-6.6607,2.4756,5.1834,-1.9545,1.9325,0.8045,-9.2129,-4.6040,-0.5195,-3.1102,3.3449,-3.3282
-6.4021,2.0303,6.8738,-1.8923,1.5211,0.6679,-10.5225,-6.8067,-0.0383,-2.8911,3.7995,-4.3657
-6.4021,2.0016,8.0804,-0.9513,1.0780,0.4687,-11.6598,-8.7460,-0.8164,-1.6639,1.5092,-2.5029
-6.5817,2.4421,7.2401,0.0368,0.1978,0.3948,-14.6860,-10.3597,-1.8866,-0.6917,-0.0552,2.8691
-7.0222,2.4660,6.2034,0.6111,0.4506,0.2950,-13.2160,-8.8514,-1.7597,-0.4269,-1.3258,4.3656
-7.6614,3.3591,5.1427,0.8540,0.0839,0.4389,-15.4211,-8.4013,-2.2003,-1.3335,-0.0549,4.3656
-6.9408,2.9784,6.4165,0.9026,0.0366,0.8736,3.9600,2.6983,-6.6343,-0.0572,-4.3657,4.3656
-5.7676,3.4141,3.3854,1.0118,0.1158,0.4278,-8.1020,0.8092,5.2218,-0.5509,-1.7384,4.3656
-6.2704,3.9576,4.0390,0.9174,0.6350,0.4526,-9.5936,3.3950,-1.3647,0.0528,2.1651,3.2074
-6.0071,4.1372,3.5674,0.5875,0.2755,0.4859,-7.5202,4.7501,-1.3815,-0.2490,-2.1957,3.1880
-5.0781,4.0893,4.2976,0.4530,0.0538,0.2507,-6.8498,5.3319,-0.4094,-0.1600,-1.8223,1.9662
-5.3391,4.5394,3.6176,0.3628,0.0336,0.1559,-5.4540,5.8897,1.1253,0.2185,0.4594,1.2321
-4.5681,4.4388,3.8858,0.1394,-0.5041,0.0572,-4.6088,6.1459,1.1061,0.0440,-0.9826,-0.4362
-5.2218,4.8411,3.6105,0.2618,-0.6037,-0.4064,-5.7820,6.1411,-0.5938,0.5059,-0.5281,-0.7406
-5.0254,4.4245,3.2010,-0.0013,-0.8279,-0.3938,-4.4867,5.9951,0.2969,0.4878,-1.2468,-1.7822
-5.9256,4.7046,3.4524,-0.1446,-0.4626,-0.7264,-5.2744,4.9871,-0.7230,0.3331,0.5235,-4.0183
-6.4021,4.9321,3.7278,-0.2304,-0.2470,-0.5760,-6.2560,3.0287,-1.7238,-0.0073,1.5864,-4.3657
-6.5984,4.0534,3.8858,-0.4094,0.1887,-0.1908,-5.1308,1.4629,-3.9121,-1.3359,-0.0646,-4.3657
-7.2137,3.9409,2.6887,-0.8741,0.8452,-0.2697,-10.8026,-5.1858,2.4421,-0.7715,3.1549,-4.3657
-6.3686,4.0366,4.7908,-1.0689,0.2958,0.0064,-13.2495,-6.6104,-2.8276,-1.4017,4.3656,-4.3657
-6.4212,3.4309,4.9608,-0.6336,0.3047,-0.0167,-89.6772,-48.4969,-20.3028,0.0977,-0.1299,-3.8043
-6.2321,3.4620,5.9735,-0.3762,-0.1608,-0.1958,-10.3334,-7.0366,-2.4660,-0.1500,1.3615,-1.9644
-5.7269,3.2729,5.2529,-0.0109,-0.5529,-0.3011,-10.7524,-7.7931,-2.4804,0.5091,0.3391,-0.4323
-6.4476,3.4716,6.7205,0.3064,-0.6612,-0.1270,-10.7955,-8.2480,-1.7669,0.7221,-0.4772,2.5752
-6.0741,3.4309,5.6862,0.7577,-0.9561,-0.1553,-7.3526,-5.4420,-0.5866,1.2558,-0.3375,2.6537
-5.0829,3.6296,6.9599,0.7557,-1.1840,-0.3028,-10.9822,-6.4308,-1.4844,1.1680,0.1339,3.0270
-6.1148,4.0558,7.0485,1.5426,-1.0985,-0.6263,-8.1642,-3.6224,-1.6735,1.6871,-1.3292,4.3656
-5.8921,4.1803,4.5179,1.7183,-1.2833,-0.5594,-9.8234,-2.1404,-2.0566,2.1761,-2.6421,4.3656
-5.7317,4.8626,3.2058,1.3306,-0.4273,-0.4971,-13.7212,-1.7621,-2.8802,0.9166,0.6125,4.3656
-6.7469,5.4396,3.0789,0.7103,0.0870,0.0032,-5.5905,2.4301,-6.1052,-0.1176,-3.1208,4.3656
-5.9927,4.8650,1.5395,-0.0129,0.3162,0.0084,-9.2129,3.1388,1.6903,-1.2915,-3.1830,4.3380
-6.0549,4.7692,3.7781,-0.4251,0.8067,0.0966,-4.6448,5.5354,-0.8045,-0.6808,1.5897,2.7063
-5.5330,4.4700,3.9409,-0.5220,0.8138,0.2713,-5.5162,5.6144,0.0287,-0.7895,0.7653,2.0179
-6.1316,4.6328,3.5362,-0.4283,0.6765,0.1478,-6.3949,5.3606,0.9194,-0.6917,-0.6011,1.0158
-5.6838,4.3287,3.6296,-0.6261,0.5427,0.2551,-5.7844,6.0214,-0.2634,-0.5891,1.0523,0.1043
-5.8179,4.2641,3.8930,-0.6921,0.2326,0.1383,-6.9839,5.4253,0.2346,-0.6038,0.5488,-0.5092
-6.3135,4.3431,4.0941,-0.6182,0.1082,0.2000,-6.9719,5.1068,0.4956,-0.4826,0.1494,-0.5852
-5.0781,3.9504,3.4907,-0.4756,-0.0974,0.2294,-9.1889,4.4748,-0.3687,-0.5403,0.5797,-0.4238
-5.4779,3.9624,3.1340,-0.6776,0.0582,0.2575,-4.8794,5.2409,0.9409,-0.9150,-0.1990,-0.6853
-5.9400,4.0342,2.8874,-0.9662,0.2573,0.0981,-4.8626,4.7884,0.5914,-0.4189,0.7421,-1.6984
-4.1300,3.6272,4.6352,-0.9300,-0.0557,0.0987,-5.6192,3.3064,-1.4198,-0.3218,1.4036,-4.3657
-5.4420,3.9169,5.6503,-0.8511,-0.1780,-0.1648,-8.4874,0.6081,-1.3360,-0.9160,1.7712,-4.3657
-5.6216,3.8164,4.9297,-0.6847,-0.8868,-0.2527,-11.2192,-3.3040,3.5147,-0.7902,-0.0601,-4.3657
-5.9376,3.6679,7.0366,-0.4541,-0.0810,-0.1669,-5.7892,-2.3870,0.9673,-0.5911,2.1365,-4.3657
-5.6575,3.5147,4.8459,-0.5525,-0.5890,0.0173,-13.4003,-7.5968,1.0846,-0.3412,4.3656,-4.3657
-4.3981,3.3303,8.1930,-0.3187,-0.7845,0.0008,-10.9008,-7.3023,-0.4621,0.4202,-0.1568,-1.8467
-4.9488,3.1675,8.4755,0.5013,-0.6871,-0.6375,-7.3909,-6.8714,0.1963,1.1903,-0.3889,-0.9976
-5.4971,3.2465,7.6926,0.9503,-1.2634,-0.7765,-9.4284,-7.9559,-0.0982,1.4115,1.2192,0.0254
-4.7597,2.8611,8.0613,1.3259,-1.1671,-0.7689,-9.1123,-7.8075,0.9577,1.9654,0.0472,1.6478
-5.0781,3.1675,8.5258,1.8734,-1.5751,-0.9070,-9.0261,-7.5202,-0.0575,2.6846,1.5655,2.0867
-4.9129,3.8283,5.0805,2.0547,-1.7297,-0.9421,-10.8338,-6.7205,-2.6288,2.6578,0.9758,3.1244
-5.0039,4.2689,4.3048,1.5591,-0.5055,-0.8288,-10.2208,-4.1659,-2.3774,1.7752,-0.7815,4.3656
-6.1579,4.9608,3.1053,0.9721,-0.0943,-0.9298,-11.0540,-2.5570,-4.8530,1.4221,-1.0114,4.3656
-6.4308,4.8243,2.4397,0.2201,0.2944,-0.1374,-9.3206,-0.0455,-4.1659,-0.0167,-3.1343,4.3656
-6.1986,4.3215,2.9904,-0.3852,1.0092,0.3857,-4.1348,3.2250,-1.9249,-0.7520,-2.4926,4.3656
-5.6192,4.3167,3.8331,-0.8327,1.1787,0.4699,-10.3525,3.0837,-2.9042,-1.9048,2.2765,3.7281
-5.9999,4.0558,5.0446,-0.8637,1.2001,0.5404,-3.9816,4.9823,-0.9553,-3.2999,0.7056,2.4243
-5.4731,4.0414,3.5865,-1.0144,0.0512,0.6157,-3.1005,4.6591,3.9935,-1.8606,-2.5123,0.9313
-5.2505,4.1803,4.4604,-1.1259,0.9056,0.6410,-5.0182,5.0111,0.7853,-1.2320,1.4990,-0.3806
-5.1332,4.1204,3.8523,-1.3908,0.7793,0.5368,-6.0166,4.6471,0.6225,-1.6142,1.6289,-1.0736
-5.4181,3.8714,5.1834,-1.6014,0.3609,0.6109,-5.9185,3.5506,1.6999,-1.8663,-0.6907,-1.9878
-4.8985,3.1340,5.7581,-1.4826,0.0500,0.9213,-3.7350,2.4708,2.1883,-1.4854,0.5728,-4.0089
-4.5969,2.9808,5.4899,-1.8768,-0.5327,0.5653,-6.5745,-0.7039,2.6384,-1.6265,1.8834,-4.3657
-5.0685,3.4692,5.6886,-1.3468,-0.3351,-0.1939,-10.7428,-4.2210,4.5753,-1.0123,2.2366,-4.3657
-3.4213,3.1005,7.8434,-0.8007,0.0195,0.0151,-8.3869,-4.5490,1.0989,-0.2751,1.4919,-4.3657
-3.6655,3.0311,8.5688,-0.0400,-0.1359,-0.2598,-8.7987,-5.8323,2.7916,0.0445,2.8770,-4.3657
-3.7709,2.8252,7.9679,0.3441,-0.7362,-0.6997,-12.3517,-8.0900,2.2577,0.9189,2.1041,-2.3409
-4.8100,3.0167,7.9655,0.9634,-0.7907,-0.9012,-11.2863,-7.9655,0.4238,1.6080,0.2613,0.1094
-5.0925,3.1627,6.9695,1.1381,-0.7067,-0.6225,-10.7907,-7.7620,0.4908,1.4805,0.8837,1.0249
-4.9680,3.2848,7.0701,1.3992,-0.3335,-0.6901,-10.6901,-7.2401,0.3280,1.3733,0.9120,2.8587
-5.1787,3.5171,6.3255,1.3127,-0.4243,-0.5854,-7.4340,-4.1013,-0.1580,1.4655,-0.4888,2.4340
-4.7262,3.9672,5.8706,1.1073,-0.1371,-0.9403,-6.6248,-2.3942,3.4237,1.0513,0.5292,2.7524
-5.1834,4.0007,5.4157,1.0820,0.7380,-0.7089,-8.2839,-2.2625,-3.4979,0.8038,1.2457,2.2721
-5.7078,4.1420,5.1116,0.8985,0.0725,-0.2697,-12.4044,-2.7198,-2.6504,0.6312,0.4198,2.9862
-5.3343,3.9720,3.7541,0.6310,-0.0778,-0.1916,-9.5313,-0.4429,-3.1077,0.5978,-2.3382,3.9161
-5.9664,4.4652,3.0382,0.2334,0.3938,0.0526,-8.8178,0.3950,-3.2370,-0.1356,-0.8051,3.8076
-5.3391,4.3167,3.0143,-0.3000,0.2096,0.2745,-9.8186,1.8316,-4.7645,-1.5855,-0.0568,3.2049
-5.4420,4.2689,3.9840,-0.6755,0.8505,0.1254,-6.7900,2.3894,-3.9337,-3.6604,-1.4661,3.4442
-6.4308,4.0510,3.4213,-0.9782,0.4884,0.4912,-3.2633,3.6057,6.5434,-2.1655,-1.8000,2.0215
-4.3503,3.8930,4.3862,-1.2521,0.2831,0.6388,-5.5569,4.0749,1.0056,-1.6441,0.7621,0.8223
-5.1523,4.0869,4.9368,-1.1410,0.8555,0.3844,-7.3119,3.5362,1.2210,-1.7291,1.1808,-0.0632
-4.7549,3.3662,5.4420,-1.4623,-0.3423,0.6708,-3.8595,4.1013,2.5163,-1.1350,-1.2638,-0.5510
-4.8147,3.4477,5.1140,-1.3155,0.0473,0.4507,-0.9457,3.8403,2.0710,-0.1765,-1.1964,-3.1810
-4.3958,3.4716,5.4157,-1.4722,0.0161,0.1026,-5.3295,-0.9697,0.8308,-0.6089,2.4908,-4.3657
-3.9624,3.0694,5.8299,-1.6098,0.0532,-0.2076,-5.7557,-3.5698,3.7421,-1.8331,0.5554,-4.3657
-5.1595,3.0813,6.7109,-1.3961,-0.0670,0.1567,-13.7020,-6.6367,4.1084,-1.5860,2.8878,-4.3657
-4.9153,2.6384,9.3326,-0.8247,-0.8178,-0.0470,-9.4188,-6.5912,0.0407,-0.2040,0.6372,-4.3657
-4.8794,2.1763,8.4084,0.1492,-0.3477,-0.6089,-11.0373,-8.6766,2.4493,0.4903,1.7447,-3.1143
-4.0606,1.7573,8.2552,0.6571,-0.7787,-0.7560,-9.4691,-8.5569,1.1181,0.8677,1.8075,-2.2520
-4.9847,2.0686,8.1906,0.9166,-0.7564,-0.7248,-8.9783,-8.6910,2.1093,1.3247,0.4843,0.5573
-4.5250,2.3272,7.6710,1.2212,-0.4104,-0.6542,-8.2265,-8.1858,0.5866,1.1439,1.1494,-0.2314
-4.2641,2.5570,7.4915,1.4103,-0.3853,-0.5392,-10.0868,-8.6024,0.0910,1.1398,1.3147,2.0555
-4.9464,3.2154,6.2513,1.9721,0.0517,-0.5661,-9.8210,-7.9990,0.2251,1.4985,0.6219,4.0468
-4.2234,3.2322,6.0334,2.0219,0.1120,-0.4279,-7.4771,-4.5226,-1.1205,1.6105,0.7544,3.7116
-5.3822,4.4029,4.3574,1.8639,0.0133,-0.1348,-11.3437,-4.7333,-1.5490,1.4345,0.8520,4.3656
-4.9392,4.4724,2.3798,1.3355,0.5598,-0.4371,-10.7667,-1.8220,-4.1204,0.3276,-0.6359,4.3656
-5.9903,4.8578,1.7669,0.0334,0.0597,-0.3547,-9.2967,-0.1413,-3.5985,-0.8386,-2.4341,4.3656
-6.5649,4.4748,2.8491,-0.4370,1.3482,-0.0661,-5.9711,2.2242,-3.0119,-1.8755,-1.4454,4.3656
-5.9711,3.7757,2.6887,-1.0059,2.0566,0.2566,-2.8898,4.6424,1.0582,-2.3771,0.4068,3.2590
-6.4739,3.6057,4.2569,-1.6587,1.2469,0.3974,-4.1683,5.7365,-1.1971,-1.4344,2.0671,2.8803
-6.8115,3.5291,4.0031,-1.4330,1.3026,0.5148,-6.9719,4.7669,-0.0814,-1.5617,0.5816,1.7760
-6.9192,3.0646,2.2649,-1.8346,-0.2277,0.9362,-5.4995,4.9943,0.0072,-1.2572,0.2072,-0.7103
-5.4971,3.1149,5.6671,-1.9923,-0.5666,0.2189,-3.0742,0.6895,-2.4301,-1.5599,0.1411,-4.3657
-5.0949,2.6887,6.9097,-0.7361,-0.6342,-0.3533,-14.3915,-5.6168,2.8946,-0.1518,2.9020,-4.3657
-5.2553,2.5402,8.0613,0.1235,-0.6376,-0.4153,-11.2527,-4.8363,3.2106,0.7504,-0.6592,-2.4180
-4.8602,2.7102,6.9743,0.6738,-0.9698,-0.5973,-11.6909,-5.5402,2.8778,1.2774,-0.2168,-1.0396
-4.8602,3.0335,6.7780,1.2482,-0.4221,-0.6474,-11.9279,-5.2744,2.5211,1.2131,1.1130,-1.1207
-4.4053,3.1987,6.1004,1.6285,-0.0815,-0.7088,-12.1314,-5.2648,2.6480,1.7580,1.0352,1.4693
-6.7469,3.7254,5.8849,1.9148,0.6534,-0.5525,-16.4841,-7.1682,1.9752,1.3720,2.1717,2.5379
-8.1882,3.8092,4.5753,1.9799,1.7722,-0.0161,-18.3563,-8.4970,-3.5985,0.1299,2.8061,4.3656
-8.2768,3.7589,4.2473,0.9160,2.3956,0.1334,-2.8659,0.9936,-3.0239,-1.2296,-4.3657,4.3656
-10.8721,4.2497,3.7038,-0.0602,1.8146,1.3339,-7.0437,3.4524,-1.8244,-0.1212,-0.8751,4.3656
-3.3615,3.5889,5.9927,-0.5742,1.6442,0.7060,-3.3615,7.1874,-0.1915,-0.7902,3.3040,2.9251
-8.5928,4.5681,5.1116,-0.3920,1.1390,-0.1332,-8.6550,6.9097,-2.3990,-0.3172,1.3298,0.5275
-8.2672,4.5562,4.1156,-0.3846,-0.5698,0.3552,-7.9942,5.4899,1.3001,-0.7462,-1.2478,1.5576
-6.1316,3.7685,2.2936,0.0652,0.3754,0.4708,-3.2729,6.7253,0.1939,-0.2345,-1.2813,0.6011
-8.3151,4.0630,-0.5962,-0.6742,1.5243,-0.0063,-5.0757,7.1299,-2.4684,-0.1178,2.3772,-0.6785
-6.7900,3.3184,0.7757,-1.8485,0.9033,0.5177,-3.9361,7.0437,-5.0446,-1.3666,1.9825,-1.6180
-5.9448,2.4038,3.0598,-2.0634,0.3605,0.2553,-0.8811,4.1707,-4.9560,-1.7856,0.2198,-4.3657
-4.3598,2.0997,2.9951,-1.9847,-0.7845,-0.0177,-1.5299,-1.3791,-2.2075,-2.4395,-0.4968,-4.3657
-3.3495,1.6616,2.0542,-2.6341,-1.8944,-0.7003,-6.1746,-5.4157,5.1164,-1.9622,1.9994,-4.3657
-2.1117,2.0901,6.3542,-2.2639,-2.1067,-1.1603,-9.1842,-6.5266,3.7924,-0.2277,2.9308,-4.3657
-6.0525,2.8874,8.3486,-0.7953,-1.7249,-1.6442,-12.3062,-10.2879,3.5841,1.0698,2.2737,-4.3657
-5.5474,2.5857,7.8243,0.8171,-1.7087,-1.0191,-11.0038,-9.4595,1.2019,2.0630,0.5112,-2.5235
-4.6184,1.7310,6.3159,1.0734,-1.1457,-0.6476,-7.3406,-7.4699,-0.3663,1.8407,0.4908,-1.9380
-5.8035,2.0087,7.8745,0.8162,-0.8276,-0.5718,-9.4068,-9.0932,-0.7183,1.0011,1.9043,-0.4116
-5.9520,2.3080,7.5800,0.9378,-0.4281,-0.3244,-15.0093,-12.4642,-0.2155,0.5836,0.3371,4.1416
-6.1555,2.1548,8.1235,1.3640,0.7719,-0.2554,-6.7947,-8.3606,3.1436,1.3723,-0.7214,4.3656
-5.6216,2.5379,7.6710,1.8259,0.3148,-0.4851,-12.5576,-7.8075,1.2043,1.3659,1.4903,4.3656
-6.4045,3.3351,7.3382,2.2372,1.0123,-0.3451,-7.4220,-3.0742,-2.5402,2.2220,-2.9752,4.3656
-6.4141,3.2561,3.7278,2.0292,0.7420,-0.5057,-5.6120,1.9010,-3.3639,1.9117,-2.2039,4.3656
-7.2305,4.1061,1.5155,0.7739,0.1291,-0.2967,-7.8841,3.7828,-4.0821,0.6383,1.0287,2.7937
-6.5242,3.7852,1.5634,-0.1911,1.0908,-0.0366,-7.3813,4.0510,-2.3272,-1.1329,-0.0594,2.5507
-8.1666,3.4620,2.1021,-0.8324,1.4473,0.1167,-4.6064,5.3822,-2.5618,-1.4145,0.0510,1.5170
-7.4460,3.3854,1.3455,-1.4236,1.1521,0.3516,-9.8761,3.8762,-1.7741,-1.7269,1.9995,1.1779
-7.3622,2.5235,2.3679,-1.6750,1.3460,0.4229,-5.8802,4.2665,-0.8452,-2.0042,0.1680,0.8560
-6.9743,2.4445,3.3878,-1.8485,0.9237,0.5195,-6.6008,4.2832,-3.3854,-1.7926,1.6057,0.0276
-6.0813,2.0303,3.7302,-1.9113,-0.0653,0.5029,-4.1539,3.0885,0.5028,-2.1480,-0.5861,-1.6133
-5.1284,1.9920,5.6407,-1.3630,-0.5045,0.2001,0.2203,1.1995,-0.5794,-2.4914,-1.3635,-4.3657
-5.6599,2.3798,5.3606,-0.8945,-0.6308,-0.1070,-8.6287,-3.8618,6.8211,-0.9411,2.6193,-4.3657
-5.0996,2.6552,6.7086,-0.2954,-1.3038,-0.4092,-12.4475,-5.1954,3.0813,0.2513,4.3656,-4.3657
-5.5952,3.0071,6.0382,0.2871,-1.7111,-0.6719,-11.9423,-5.6886,0.2993,1.5424,-0.0698,-4.3657
-6.1962,3.1771,6.0908,0.6953,-0.9583,-0.5886,-9.3087,-5.8610,0.3807,1.1931,0.8851,-3.1948
-6.2177,3.0718,5.5162,0.7782,-0.5442,-0.3327,-12.0620,-7.0701,-1.3503,0.5415,2.7125,-1.1854
-6.5505,3.0263,5.6910,0.8055,0.2260,-0.2354,-14.9111,-10.0317,-1.0439,0.3039,0.2860,3.6934
-7.3837,2.9568,6.0741,1.2661,0.5829,-0.4351,-12.0021,-7.4627,0.0000,0.1712,-0.2300,4.3656
-6.4835,2.8635,5.5282,1.0000,0.0616,-0.0188,-7.5920,-2.8156,-2.4325,0.9097,-0.8847,4.3656
-6.6679,3.5458,4.0247,0.7818,-0.2218,-0.0589,-13.8552,-3.0287,-2.2122,0.0312,-0.4542,4.3656
-7.0629,3.4117,4.7740,0.6995,0.4860,-0.1599,-5.6383,2.7605,-3.3950,-0.3107,-3.3454,4.1191
-6.0597,2.9425,3.5267,0.3144,0.2711,0.1212,-3.6033,3.7445,0.7542,0.1596,-1.2416,2.0880
-7.1084,3.2872,3.2633,0.0208,0.5421,-0.0200,-10.3070,3.1388,-1.5443,0.2634,2.2148,1.3158
-7.0916,3.0454,2.9640,-0.1575,0.7358,0.1318,-7.8219,4.6831,-4.8339,-0.4940,-0.6987,2.0675
-6.6750,2.7653,2.4924,-0.8513,0.0254,0.2471,-5.0637,4.7501,-1.6137,-1.3135,-1.5908,1.1692
-6.5601,2.6935,2.4253,-1.1393,-0.1668,0.3110,-6.3111,3.7948,0.3735,-1.4663,0.2244,-0.1560
-6.1531,2.5139,3.1580,-1.3407,0.1623,0.4956,-4.0773,4.7238,-2.1428,-1.2089,0.2793,-1.0309
-5.1954,2.4565,5.4348,-1.4386,-0.6648,0.6360,-0.9625,2.7461,1.3408,-0.9951,-1.0599,-4.0817
-4.3646,2.7821,4.9656,-1.1792,-1.9141,0.0870,-5.9209,-1.6185,0.0239,-0.8960,0.5677,-4.3657
-3.8762,3.0694,5.9903,-0.9086,-1.8957,-0.3243,-3.8355,-5.4277,6.2537,-1.6053,-0.3894,-4.3657
-4.8554,3.1053,7.8578,-0.5013,-0.7272,-0.6732,-16.4577,-10.0604,4.8698,-0.6054,4.3656,-4.3657
-4.7692,2.6647,8.1139,0.5585,-0.4716,-0.7638,-11.8465,-8.2959,-0.5483,1.0292,2.2925,-3.4616
-5.6982,2.4014,7.3550,0.6368,-1.1147,-0.7329,-10.8122,-8.5281,-0.1891,1.6489,-1.3110,-0.6821
-4.6328,2.2122,8.3558,0.8543,-0.4894,-0.8127,-13.6350,-10.7141,1.5299,0.7883,2.4968,1.2724
-5.9089,2.3511,8.4396,1.6101,0.0172,-0.7878,-11.6119,-9.0908,2.0399,1.2706,-0.2758,4.3656
-5.2672,2.1021,6.9097,1.6741,-0.1669,-0.4279,-8.0852,-6.6319,-0.7997,2.4376,-0.2058,4.3656
-5.9568,2.7150,6.3997,2.0887,0.9847,-0.8074,-11.3461,-4.3191,-2.9856,1.7926,2.5796,4.2210
-7.3095,3.4884,3.9816,1.7665,1.0821,-0.4092,-12.6653,-3.6368,-1.9130,1.3342,-0.3973,4.3656
-5.5019,3.6655,3.1891,1.0894,0.5185,-0.2573,-9.8737,0.2658,-6.3590,-0.2518,-2.4666,4.3656
-7.7740,3.6679,2.0016,0.3214,0.8131,0.0766,-2.0758,5.2170,-5.5929,-1.7725,-1.0741,4.3656
-7.1515,3.5937,0.5722,-1.0152,0.3264,0.7741,-1.6879,5.5282,-0.1221,-2.3521,-0.5157,2.2974
-6.8474,3.4285,0.9050,-1.6948,1.3231,0.8306,-5.6192,5.2792,-1.1995,-1.8795,1.0944,1.3178
-5.9161,3.0694,2.4732,-2.3097,0.9894,0.9567,-5.8299,4.6926,0.2586,-2.4597,1.9517,0.1970
-6.2106,2.9999,2.6863,-2.5435,0.5872,0.9467,-4.0007,5.2170,-2.5570,-2.7851,0.3473,-0.9553
-6.2273,2.4157,3.5362,-3.0764,0.7115,0.9233,-0.6345,3.4022,1.7741,-3.1391,0.4746,-2.5305
-4.8842,1.9872,7.0485,-2.8136,-0.2463,0.7217,-4.4700,-1.7238,0.9912,-2.0867,1.3756,-4.3657
-4.9009,2.2146,7.4531,-1.6654,-0.7418,0.1593,-9.0836,-5.2146,4.4053,-0.6475,2.1953,-4.3657
-4.2545,2.1404,7.9128,-0.5553,-0.8627,-0.4723,-14.0372,-7.3502,6.8115,-0.1593,2.4483,-4.3657
-4.8937,2.0662,9.4116,0.4421,-1.1119,-0.8459,-11.3102,-7.5130,2.7581,1.0806,2.0908,-4.3565
-4.6831,1.8986,8.4803,1.3626,-1.1967,-1.0595,-10.4986,-7.9966,1.4222,1.9863,1.1365,-2.4531
-5.6695,2.0470,7.7309,1.6353,-1.1579,-1.0167,-8.0062,-7.1706,2.3463,2.2467,1.0631,-1.0781
-5.3079,2.4517,7.3765,1.8732,-1.0166,-1.1370,-13.2543,-9.8402,1.3575,2.1424,2.4329,1.6152
-6.2489,2.6264,6.7493,2.3275,-0.6225,-0.9252,-6.9671,-6.7756,-0.2203,2.5504,-0.4648,2.4511
-6.4691,3.0454,4.2329,2.1943,-0.2044,-0.6833,-11.6478,-7.2209,-0.5267,1.5569,2.4492,3.3361
-6.2824,3.7302,2.8826,1.3960,0.4313,-0.2573,-13.0173,-3.7900,-3.5291,0.6342,0.5161,4.3656
-6.0885,3.8618,3.3232,0.0605,0.6929,0.2501,-6.5817,-0.9960,-3.8978,-0.0525,-3.7810,4.3656
-5.9209,3.4189,3.5219,-0.6419,0.1668,0.6308,-4.0821,2.7198,-2.8084,-1.2213,-4.2152,4.3656
-6.1651,3.8355,4.6543,-0.9707,1.4168,0.5292,-8.0756,3.0143,-1.9201,-1.2706,1.8230,3.8669
-6.0861,3.4979,3.6344,-1.2324,1.4575,0.3487,-8.9136,3.4165,-2.5450,-2.9528,2.1184,3.0353
-5.7604,2.7892,4.5586,-1.6722,0.1320,0.4042,-4.0007,3.8547,1.7310,-3.0972,-2.3447,1.5568
-5.6288,2.8419,4.6711,-1.5418,0.1683,0.5252,-7.1395,3.2058,2.3008,-2.1990,1.0553,0.7063
-5.5761,2.5618,3.5554,-1.8482,0.6875,0.7136,-5.0733,3.5362,1.9872,-2.2898,0.8952,-0.2815
-4.9512,2.0925,6.3351,-1.9891,0.3922,0.8607,-3.5578,2.4157,3.3471,-2.0627,0.6402,-2.6753
-4.0270,1.9585,7.2329,-1.5138,-0.3337,0.5622,-5.3247,-0.4477,4.2593,-1.1898,1.4955,-4.3657
-3.9265,2.0327,7.7357,-0.7546,-0.2401,0.0661,-7.0773,-3.9337,4.3862,0.0941,1.7433,-4.3657
-4.5250,2.3128,8.2361,-0.0016,-0.3684,-0.3092,-11.7412,-5.6958,3.8451,-0.1386,4.0978,-4.3657
-5.6072,2.3918,7.5633,0.6047,-0.7722,-0.3978,-12.6342,-6.6176,1.3072,0.9378,1.4265,-3.7510
-4.5681,2.0997,7.3167,1.0724,-0.7025,-0.5825,-9.7971,-6.7660,2.0973,1.4333,-0.1179,-2.3701
-5.5019,2.1500,8.1954,1.6470,-0.9232,-0.7374,-9.9335,-7.6686,1.2594,1.7805,2.6605,-2.4138
-6.0406,2.3750,6.7732,1.9441,-0.9646,-0.8972,-15.2559,-9.9072,0.4717,2.1281,2.2727,1.2809
-6.8977,2.6264,6.5314,2.1354,-0.3042,-0.4604,-7.1874,-6.5050,-1.3336,2.2503,-1.1880,3.5241
-5.1571,3.2178,4.4628,1.8053,-0.8190,-0.2630,-9.1004,-5.0949,-1.4605,1.6141,0.7578,3.0854
-6.3470,4.2665,3.7158,1.3674,0.6161,-0.1819,-13.3644,-5.5976,-1.1133,0.2018,1.3576,4.3656
-4.8937,4.2473,3.1867,0.6135,1.0563,0.0959,-4.8914,-0.1676,-3.9624,0.2149,-3.2029,4.3656
-6.1411,4.1252,2.6288,-0.0974,0.5816,0.2735,-5.8514,2.6432,-3.9169,-1.2377,-2.1885,4.3656
-5.8969,4.2497,2.6576,-1.0280,0.8529,0.3331,-5.9256,3.5338,-1.8028,-2.5261,0.5931,3.8836
-5.8682,3.5075,2.7749,-1.6072,0.9308,0.4282,-2.5762,5.2625,1.0942,-2.6051,-0.1748,1.6990
-6.2393,3.2633,3.3375,-2.1009,0.3327,0.7176,-7.1730,3.7685,0.1221,-2.3767,1.0256,0.8561
-5.5833,3.1220,2.9329,-2.3279,-0.0516,0.6847,-7.4771,3.0358,0.7183,-2.7945,0.5304,0.5971
-5.3702,2.4349,5.3343,-2.5834,0.5530,1.0228,-3.4572,3.4381,2.6097,-2.9088,0.0452,-0.8990
-4.9728,2.2290,8.7005,-1.9101,0.3505,1.0067,-1.1516,1.3503,3.9720,-1.4697,0.7125,-3.4324
-2.6360,2.1859,8.0876,-0.9172,-0.5914,1.0098,-5.4300,-3.8834,3.4812,-0.7911,-0.3223,-4.3657
-3.8451,2.5331,8.9208,-0.3637,0.0757,-0.5379,-10.4746,-5.6982,10.5680,0.5913,2.9068,-4.3657
-4.2737,2.6025,9.9144,0.7853,-0.2054,-0.8202,-11.6837,-5.0709,1.9680,0.7538,1.8632,-4.3657
-4.8435,2.1452,7.7668,1.1615,-1.2857,-1.1675,-10.0820,-5.5498,3.2465,1.9629,0.4867,-3.8184
-5.7054,2.5642,7.2927,1.4436,-1.5535,-1.2843,-11.0923,-6.9288,2.5379,2.1925,1.6494,-2.3299
-5.5330,2.6983,6.9025,1.7684,-0.6973,-1.1600,-9.8689,-7.2592,-0.2849,1.7520,2.4729,-2.4754
-5.9496,2.9185,5.7724,1.8738,-0.5898,-0.9745,-13.9319,-8.5808,-0.9218,1.1491,3.1974,-0.2146
-6.3542,3.3830,5.1595,1.5071,-0.0694,-0.6107,-10.7571,-7.1898,-2.6456,0.8370,-0.3421,4.3656
-6.6463,3.7038,4.7262,1.2957,0.3036,-0.3716,-9.3111,-4.9249,0.6776,0.5116,-1.8306,4.3656
-5.9113,3.7326,3.6990,0.8136,0.6851,-0.2344,-4.6663,-0.4046,-1.7071,0.7212,-1.6898,4.3656
-5.7916,4.1779,4.1803,0.4674,1.0088,0.0687,-5.9783,2.6911,-3.6775,-0.2441,-0.4866,4.3656
-4.9177,3.7421,2.4995,-0.3994,0.6422,0.2388,-5.4420,4.5514,-1.5155,-1.3474,-0.5208,3.0383
-6.7756,3.9983,2.0063,-1.3787,0.7906,0.5287,-7.9655,4.1851,-2.7749,-2.3369,0.2443,2.9950
-6.6822,3.5099,1.9082,-2.1262,0.2872,0.6528,-2.9760,5.2481,-1.6305,-3.2142,-0.6915,1.6515
-7.2592,3.1029,3.7613,-2.4764,0.7357,1.7192,-8.3007,2.3607,1.7334,-3.7782,0.8103,1.1670
-4.9464,2.4134,5.1667,-2.4814,0.2722,1.5990,-5.2218,2.3894,4.0989,-2.5002,1.5288,-0.3368
-2.7677,2.6264,7.7357,-1.8868,-0.5203,0.9970,-1.3264,2.9066,2.5762,-1.7653,-1.4811,-2.1641
-3.7373,2.7342,7.5393,-1.3893,-0.3072,0.0622,-1.0415,-0.8140,7.6375,-1.0423,-1.7124,-4.3657
-4.0175,2.4277,8.5042,-0.6812,-0.0229,-0.1728,-8.2049,-4.3646,7.0270,-0.2499,3.2412,-4.3657
-4.0438,2.1021,8.3941,-0.0328,-0.1227,-0.5706,-9.5744,-5.7150,4.2521,0.9100,3.7137,-4.3657
-4.3096,2.2338,9.2344,0.6955,-0.9427,-1.0232,-14.4442,-7.2664,1.7214,0.9834,3.1725,-4.3657
-5.3103,2.4086,7.4029,1.1167,-0.9498,-0.9795,-12.1817,-7.2018,0.8164,1.6678,0.8294,-1.9602
-5.0494,2.7414,6.8594,1.2685,-0.6214,-0.9587,-12.5672,-7.4747,2.0662,1.6888,1.1939,0.2611
-5.4636,3.1747,6.3015,1.5984,-0.2178,-0.8155,-15.8257,-8.1690,0.6871,1.6221,1.7503,2.9272
-5.0254,3.1795,5.6910,1.3166,-0.1005,-0.4097,-15.8496,-7.5992,-1.4461,1.0796,-0.0886,4.3656
-5.4444,3.8499,5.7700,0.9951,-0.0309,-0.3848,-9.4116,-6.5194,-5.5809,-0.1480,-3.1852,4.3656
-5.4660,3.2681,5.3534,1.0790,0.3543,-0.1880,3.6871,4.1396,-1.4964,-1.8167,-4.3657,4.3656
-5.9975,3.6105,2.4373,0.0622,0.6480,-0.0228,-5.5258,2.6600,5.2505,0.1961,1.9617,3.3164
-5.8682,3.6727,4.0654,-0.3457,1.0937,0.3369,-4.8698,5.5258,-0.2849,-0.5264,3.3004,1.1672
-5.4803,3.4907,3.9744,-0.9244,0.7167,0.5188,-6.5721,4.8028,-0.6919,-1.2720,-1.0247,0.7683
-6.2273,3.6871,3.0957,-1.1082,0.8340,0.7139,-6.7756,4.4508,0.6297,-1.1771,1.2343,0.9158
-5.9664,2.9090,2.7318,-2.1829,1.6258,1.1158,-4.5777,4.9440,-0.5866,-2.1269,1.0870,0.9142
-6.3207,2.2146,6.5553,-2.2921,1.6910,0.9318,-6.5386,3.2082,1.6783,-2.0141,2.6632,-0.4273
-5.5186,1.9728,5.6312,-1.7889,0.1019,0.7747,-5.3391,2.9281,1.1923,-1.6034,-0.1486,-1.9701
-5.8634,2.0877,6.7612,-1.3817,0.3910,0.3495,-4.1899,0.7877,3.4069,-0.9619,-0.9719,-3.7315
-4.7429,2.5307,7.4723,-0.8323,0.0003,-0.0108,-9.2703,-1.6903,4.3598,-0.4233,2.3493,-4.3657
-4.1420,2.2146,7.1228,-0.0621,-0.3706,-0.2570,-12.8808,-3.9720,4.8028,0.1300,1.5673,-4.3657
-5.8993,2.5618,8.1570,0.7719,-0.1336,-0.4854,-7.6567,-3.1388,1.6807,0.3055,0.8468,-4.3657
-5.6982,2.5738,5.0254,0.6328,-0.4375,-0.6077,-9.9503,-6.1699,1.3336,0.0332,3.5881,-4.3657
-6.1770,2.6863,6.9599,0.9401,0.0272,-0.5816,-12.7491,-7.7285,-0.6201,0.2265,4.3656,-3.9247
-6.5457,2.6049,6.5074,1.2820,-0.3007,-0.6543,-14.1809,-8.4467,-1.5299,1.4366,0.2149,-0.1186
-6.1938,2.5881,5.4492,1.5174,-0.5990,-0.6535,-14.9374,-9.5912,-0.1748,1.4826,0.3547,4.3656
-6.9791,3.0454,5.8251,1.9212,-0.0520,-0.7340,-10.7332,-7.4340,1.0822,2.1317,-1.9658,4.3656
-6.2513,2.7605,5.6743,1.8924,-0.5309,-0.5762,-3.1412,-1.3767,-3.1723,3.2078,-3.8105,4.3656
-6.8354,3.6081,3.8906,1.9205,-0.2963,-0.6787,-9.5624,0.5914,-2.9401,2.0284,0.8387,3.4883
-7.6758,3.5889,2.5642,0.9627,-0.0152,-0.2876,-5.2625,3.8523,-3.0095,0.5419,-1.0399,2.0340
-7.7357,3.8331,1.4461,-0.2218,-0.0849,0.0569,-6.1220,4.3431,-3.4453,-0.2609,-1.1505,0.5489
-8.0637,3.9600,0.3184,-1.2044,0.4073,0.3645,-12.3158,3.0191,-6.8115,-1.6189,1.5527,2.3224
-6.5505,3.2226,0.8404,-2.2415,0.7858,1.0497,-5.5833,3.3040,-3.1508,-3.7614,-2.0921,2.4620
-6.1244,1.6664,0.7661,-3.7391,1.4135,1.4240,-4.4772,2.5905,1.3527,-4.3657,-0.0133,0.9224
-5.8035,0.9744,7.9895,-3.5376,1.3419,1.1688,-4.3622,1.3408,2.2769,-3.4760,4.3656,-1.7031
-5.3295,1.1061,8.0709,-2.0705,0.0843,0.6301,-4.6424,-1.2617,4.1707,-2.2355,-0.4995,-4.3657
-4.9560,1.7166,7.2760,-0.9992,-0.6406,0.0180,-9.2177,-4.0582,6.0980,-0.9390,1.1270,-4.3657
-5.6288,1.9178,6.8474,-0.1917,-0.4329,-0.1872,-9.0142,-4.8818,0.7685,-0.0850,4.3656,-4.3657
-4.8578,1.8723,6.3638,0.1573,-0.7838,-0.3908,-8.0278,-6.3063,2.8443,0.5688,1.0528,-4.3657
-4.7046,1.9273,7.8793,0.4538,-1.0064,-0.5548,-10.6686,-8.6311,0.9266,1.0841,2.4491,-3.1483
-5.5282,1.9369,7.5106,1.1627,-1.4254,-0.9150,-9.5816,-8.3486,1.3096,2.0832,1.3399,-2.4315
-5.9616,2.3703,7.5369,1.7256,-1.1498,-1.0263,-9.7157,-7.9272,0.1652,2.1642,1.2136,-0.1909
-5.1068,2.3631,5.9161,1.6999,-1.3097,-1.1583,-15.3732,-9.9000,0.2777,2.0010,1.6001,3.6647
-6.4332,2.7845,6.3327,1.8726,-0.6768,-1.0832,-10.6279,-8.6742,-0.3400,2.2821,-1.4971,4.3656
-6.7229,3.3423,4.0654,1.7781,-0.4559,-0.1106,-10.5393,-5.5282,-0.4142,2.2094,-2.2146,4.3656
-5.6168,3.5769,4.1515,1.3127,0.0080,-0.0225,-8.7317,-0.3424,-4.7884,0.9002,-0.4294,4.3656
-5.4660,3.5721,5.0039,0.7851,1.1371,-0.0586,-2.8970,3.2274,-3.8211,0.2699,-0.5352,4.3656
-5.6072,3.4333,3.7876,0.2429,0.8827,-0.3916,-9.6941,3.0933,0.1413,-1.2417,-0.2738,3.6529
-7.2449,3.3758,3.4979,-0.0616,1.3181,0.0129,-3.6152,5.4468,0.6680,-1.0619,0.7116,1.8723
-6.3566,3.1388,1.9776,-1.1517,0.9695,0.5200,-6.2824,5.2002,-0.1556,-1.4967,0.8942,0.6364
-7.1682,3.0885,2.6001,-1.7060,1.1295,0.6011,-9.4355,4.5394,-0.9649,-1.7509,2.0535,0.5927
-6.5146,2.5786,2.7414,-2.0689,1.5291,0.8118,-4.6040,5.4013,-0.6608,-2.2724,1.2820,-0.0103
-6.8546,2.4134,3.5219,-2.4519,1.5178,0.9962,-5.1284,4.5801,0.2825,-1.8161,2.4417,-1.1790
-5.7676,1.8411,2.2362,-2.5615,1.0540,1.1874,-4.5777,2.6001,-2.4229,-1.7060,2.4945,-4.3657
-4.1204,1.9321,6.0813,-2.7892,1.5023,0.8132,-6.2465,-0.8332,-2.5211,-2.3164,3.9684,-4.3657
-5.3750,2.0518,9.3422,-1.2347,1.2347,-0.0288,-10.0772,-6.2800,2.8826,-1.9910,4.3453,-4.3657
-6.4021,2.1452,7.1922,-0.1135,-0.8286,-0.1976,-15.8017,-8.5090,0.0024,0.2344,2.8008,-4.3657
-6.5386,2.1500,6.7612,0.6991,-0.2364,-0.4747,-8.8346,-5.8634,-1.0056,1.1796,-0.3111,-2.2664
-7.1491,2.0518,6.5793,1.1522,-0.6030,-0.6726,-8.5521,-6.8546,-0.5962,1.4092,1.6060,-2.1577
-7.4172,1.9944,7.3694,1.9729,-1.1038,-0.6871,-12.9119,-10.4172,-1.0606,2.0535,2.3094,0.4780
-7.3909,2.4612,6.9240,3.0996,-1.6806,-0.9078,-13.3788,-10.4315,-1.8986,3.4360,-0.0037,4.0986
-7.3287,3.2322,4.1659,3.8415,-1.2117,-0.7793,-15.9574,-10.0892,-4.3479,2.8309,0.8849,4.3656
-7.3813,3.6488,1.7621,3.4498,-0.6154,-0.6185,-7.1515,-5.7413,-7.3119,2.2296,-4.3657,4.3656
-7.8338,3.3519,6.3446,3.8336,-0.9486,-0.5942,-1.8914,4.4029,-7.6016,2.5295,-4.3657,4.3656
-9.6510,3.9600,-1.7095,2.6859,-2.5555,-0.2240,-1.1205,8.1666,-2.7414,1.3891,-3.5766,2.4794
-7.0342,4.3886,-5.3391,-0.2260,0.8394,0.5036,-6.4308,6.5290,-1.0606,-0.6742,-0.8680,1.1973
-9.2033,3.3854,-1.0965,-2.3956,3.6824,0.3380,-6.9456,6.8881,-4.0558,-1.7176,4.3656,1.9561
-11.6765,2.4684,-0.3711,-4.0486,3.8479,0.3447,-8.0278,6.0573,-5.0039,-3.2913,4.3656,0.6981
-6.4859,0.3112,3.3471,-4.3657,2.6713,1.2598,-7.6399,3.8834,-3.5314,-4.3332,3.7894,1.3073
-8.2001,0.8164,7.5058,-3.3474,1.4317,0.7937,0.2083,4.1683,-0.5650,-2.0193,1.8724,-2.5146
-4.8435,2.1811,7.4053,-1.2866,-1.2498,0.2310,-6.9528,-1.0630,-3.4165,-0.2838,-0.2623,-4.3657
-3.2681,2.1548,3.9983,-0.6687,-2.6891,-0.2150,-4.4460,-3.8379,4.9249,-0.6789,-2.3048,-4.3657
-4.6352,3.2441,4.7190,-0.7055,-2.7546,-0.6935,-11.6813,-6.5098,5.7150,0.6316,1.9822,-4.3657
-3.7014,2.9473,6.6032,-0.1030,-2.6913,-0.3004,-9.6558,-5.3199,3.0095,1.5088,1.1946,-4.3657
-4.8890,3.8666,7.5010,0.2626,-2.6913,-0.8478,-9.0644,-6.4236,4.3455,2.6509,-1.5577,-2.7803
-3.0670,3.5793,9.6774,1.1814,-2.6293,-1.0826,-8.5377,-7.7213,4.6783,2.9411,0.3536,-2.1761
-5.1619,3.8283,8.4108,1.9480,-2.0559,-1.0224,-9.8354,-8.5066,2.9209,2.7303,1.4787,-1.5212
-5.2840,3.7158,8.0325,1.7293,-1.3058,-0.8216,-9.8569,-8.6981,3.0071,2.0772,1.0479,-0.2140
-5.8299,4.2808,9.3518,2.1834,-0.5664,-0.9983,-13.6637,-10.6494,3.7709,1.6711,2.8474,3.1900
-6.3590,4.5849,5.0206,2.5722,-0.5628,-0.7953,-16.1633,-8.6790,3.1125,1.9348,0.7977,4.3656
-3.4620,5.3008,5.6455,2.0284,-0.0778,-0.5600,-2.8395,-0.7207,-6.8881,4.0890,-4.3657,4.3656
-6.6439,5.6671,0.3376,2.1801,1.3960,-0.3299,-13.1298,0.4956,-0.3304,2.0109,0.7322,4.3656
-4.9057,5.0518,-0.6033,-0.1913,2.5846,0.0278,-7.1228,5.6168,-7.0653,-1.7134,2.9002,4.3058
-8.0972,4.9009,0.2993,-1.8639,3.4105,0.0241,-5.7126,5.6838,-5.5761,-4.1302,2.2628,4.0416
-8.1235,3.0311,0.8092,-3.0678,2.5871,0.7564,-1.7621,5.1619,1.5538,-4.2923,1.6982,2.2220
-5.7581,2.5402,4.2377,-3.4053,1.3314,0.4064,-6.6942,4.1539,-0.3352,-3.1736,2.9791,0.3557
-6.8211,2.6025,2.6671,-3.0799,0.7338,0.5208,-2.2553,4.1132,-1.3838,-3.2774,1.1418,-1.6729
-5.7676,1.4724,5.0302,-3.3582,0.5650,0.5076,2.7031,0.7566,5.2577,-3.1709,-1.5800,-4.3657
-5.0805,2.5786,9.2823,-1.9000,0.7336,-0.1647,-9.5912,-4.1899,5.3774,-0.7425,4.3656,-4.3657
-5.5761,2.6695,7.3861,-0.6320,-1.0371,-0.3030,-14.3963,-5.4348,-0.3831,0.3056,4.2060,-4.3657
-5.0135,2.3104,7.3382,0.1800,-0.8855,-0.2631,-8.9399,-3.7182,1.6065,1.0861,-2.1145,-4.0064
-5.0805,2.3679,6.9815,0.5939,-1.2355,-0.6663,-9.0094,-6.0430,1.8794,0.9333,2.7583,-4.3657
-5.2696,2.6815,8.0302,1.1539,-1.0571,-0.6470,-8.5593,-6.6990,0.6440,1.4036,2.8040,-3.8327
-5.8035,3.0861,6.6870,1.5791,-1.0920,-0.7476,-12.1554,-7.9487,0.8021,1.9113,1.1127,-1.0796
-5.4731,3.0358,7.2185,1.9148,-1.7336,-0.7612,-12.9909,-9.6678,0.1915,2.4958,1.2321,1.0357
-6.9121,3.6751,5.1882,2.1907,-0.8183,-0.7835,-11.9519,-7.0964,0.2801,2.1626,-0.0750,4.3656
-6.0430,3.7709,5.2912,2.1424,-0.5273,-0.7240,-10.6997,-5.6168,-0.6704,2.9160,-1.4931,4.3656
-6.1890,4.2018,3.3567,1.7841,-0.7156,-0.7057,-8.3486,-1.0463,-2.7653,2.6858,-3.9166,4.3656
-6.1268,4.3527,4.1108,0.8757,-0.2118,-0.3901,-3.8714,2.6600,-2.1859,2.0214,-3.6673,4.3656
-7.3382,4.4125,3.4189,0.3898,0.3612,-0.0921,-8.7221,3.3112,-1.7909,1.0808,1.3420,2.4756
-5.9376,4.3191,3.0550,-0.4568,0.2241,0.0901,-10.2999,4.0175,-3.9744,-0.6446,0.6803,2.3826
-6.1603,3.8379,2.7031,-0.9365,0.6426,0.3552,-6.8714,3.5817,-3.5602,-3.1999,-1.5986,3.1673
-6.4931,3.6751,3.6296,-1.5255,0.8635,0.5498,-4.7716,3.1508,1.3958,-4.0719,0.0823,1.8397
-6.6295,3.1077,3.7397,-1.9167,0.8833,0.7064,-3.6583,3.6775,4.0630,-2.2431,1.3964,0.8621
-3.9504,2.8730,4.3263,-1.9999,0.0775,0.8303,-4.0031,3.0909,1.3408,-2.4817,0.8038,-0.7112
-4.0845,2.8754,5.8203,-1.7941,0.1976,0.6460,-3.4069,0.9697,6.6224,-2.9537,-0.3913,-4.0365
-5.3510,2.9904,6.8666,-1.5701,0.0891,0.4964,-5.1116,-0.7470,6.1076,-1.2484,2.1158,-4.3657
-3.7924,2.7725,6.9743,-0.9598,0.1438,0.0229,-6.4069,-3.5506,5.6000,-0.1861,2.7259,-4.3657
-3.6464,3.1005,7.4148,-0.2799,0.1042,-0.2261,-12.9814,-6.6367,0.7781,-0.7757,4.3656,-4.3657
-4.4221,3.0119,7.2664,-0.1300,-0.8360,-0.5462,-12.0333,-6.1651,3.6799,0.4425,3.5234,-3.5585
-5.4300,3.1388,7.6902,0.6034,-0.2531,-0.6531,-9.1387,-5.9137,1.8507,1.2685,-0.7461,-1.4541
-6.2273,3.1963,6.2728,0.9022,0.0959,-0.6113,-8.4060,-6.2848,-1.3001,0.3100,2.9838,-2.3760
-6.5290,2.8706,5.9400,0.6823,-0.5734,-0.4243,-9.3015,-7.2281,-0.9433,0.9386,1.0741,-0.6403
-5.6168,2.9401,5.8634,0.7204,-0.6210,-0.4062,-9.5553,-7.8314,-0.2777,1.1756,0.3162,1.0766
-5.5761,2.7509,6.4883,1.0079,-0.5301,-0.2285,-10.5369,-8.4204,0.4214,1.4546,1.1694,1.9160
-5.3247,3.2920,6.0932,1.0625,-1.0004,-0.3821,-11.2599,-6.7516,-1.6951,1.6104,0.1226,3.1870
-4.5514,3.5913,5.0326,0.6703,-0.9033,-0.4142,-10.9702,-5.2888,-0.9673,1.2367,-1.3275,4.3656
-5.6647,3.7781,5.6838,0.7127,0.0141,-0.3604,-2.6264,0.5914,-3.9361,1.2862,-4.1452,4.3656
-5.6671,3.8858,4.1683,0.5977,0.2790,-0.0546,-10.0149,-0.8954,0.5531,0.6923,0.8248,3.5699
-5.6910,3.8451,3.5602,0.2226,1.0647,-0.1605,-13.2495,-0.2059,-2.3607,-1.0269,2.0302,4.0474
-6.0932,3.5578,5.7221,-0.3673,0.0694,-0.0650,-8.2576,1.9824,-4.7190,-2.1621,-2.8979,4.3656
-5.9448,3.5841,4.8100,-0.4277,-0.3689,0.2992,-3.1867,3.0694,1.5969,-2.9328,-3.5811,3.9869
-6.4883,3.2633,3.4333,-0.5464,0.5336,0.4557,-2.4014,4.1204,4.4365,-1.2060,-0.9534,1.9610
-6.1148,3.5362,3.0167,-1.2244,0.6065,0.4455,-7.0940,4.2425,0.5243,-1.5633,2.2573,0.4946
-5.8562,3.1603,2.9999,-1.7885,0.8543,1.0423,-5.9328,4.0797,0.7254,-2.7647,0.3007,0.2471
-3.9313,2.6240,4.7094,-2.3637,0.9156,1.0745,-3.0550,3.1843,2.9281,-2.3173,1.1598,-0.8984
-4.7956,2.4038,6.1675,-2.1770,0.3716,0.8200,-2.7007,2.3056,0.4310,-2.0496,2.0928,-4.3657
-4.7142,2.2745,4.4652,-2.6328,-0.3685,0.8743,-6.6750,-2.4157,3.4548,-2.2844,0.5574,-4.3657
-2.7461,1.9393,9.8474,-1.1013,1.2333,0.0675,-8.6311,-6.3470,6.7756,-2.1675,4.3656,-4.3657
-4.4843,1.8507,8.3629,-0.1816,-0.7450,-0.3011,-10.9295,-7.3358,0.2825,0.1468,4.3656,-4.3657
-4.1108,1.6544,9.0980,0.4487,-1.4401,-0.8752,-11.4491,-9.5984,2.9904,1.8259,-0.2205,-2.4156
-5.4947,2.0399,9.0357,1.6827,-1.0672,-1.1246,-8.1331,-8.4994,1.8483,2.2631,0.5966,-2.0211
-5.5929,1.9345,7.6734,1.9288,-1.3352,-0.8334,-9.2656,-9.0716,0.1221,1.9176,2.5287,-1.3740
-5.5737,2.5474,7.4220,2.0600,-0.3937,-0.8066,-7.5346,-7.8147,-0.5770,1.8532,0.8396,-0.1543
-5.8059,2.9616,7.4723,2.3140,-0.1021,-0.8580,-9.2033,-8.1977,-0.7757,1.4100,1.0324,2.0173
-6.6846,2.9736,5.3486,2.4200,0.1087,-0.6845,-7.1251,-6.2417,2.1500,1.5374,0.2817,4.3656
-4.9871,3.3088,5.1188,2.5540,-0.1035,-0.9391,-11.8633,-6.3710,-0.2562,1.3905,1.5735,4.3656
-6.9791,3.9456,2.7102,1.9809,0.1276,-0.7185,-10.1993,-4.6878,-3.2705,1.3268,-1.5168,4.3656
-6.8283,4.3694,1.8100,0.7771,-0.0392,-0.0250,-5.9328,-0.1125,-3.0933,0.9435,-4.3657,4.3656
-5.8227,4.3886,2.7485,-0.1519,0.1175,0.1483,-5.8921,2.6671,-0.9433,-0.7488,-1.7352,4.3656
-6.7109,4.2713,2.1763,-0.6843,1.0986,0.2431,-5.1212,4.1228,0.7015,-1.6301,1.7074,2.6534
-6.3351,3.8954,2.0327,-1.4775,1.2835,0.4640,-5.4564,4.4388,0.7757,-1.9498,0.6627,1.9466
-4.8387,3.4955,4.4891,-1.7431,1.3063,0.4053,-7.9990,3.3208,2.2146,-2.1244,1.8702,0.8226
-7.0892,3.7182,6.1962,-1.3291,1.3821,0.9738,-7.5824,3.8355,0.2682,-1.9573,1.4370,0.3766
-6.8809,3.3830,0.5171,-1.4549,0.7949,1.2108,-7.8099,2.3655,3.3208,-2.1803,0.4555,0.2563
-4.6519,3.3303,4.6376,-1.9112,0.2394,1.8402,-5.4684,2.8132,4.0390,-1.4048,0.4371,-0.6141
-4.5705,3.4117,5.3079,-2.1388,0.3015,1.4076,-6.3135,2.9640,1.6807,-1.3808,1.4842,-1.2308
-5.0230,3.7685,7.4292,-2.0504,0.2112,0.6101,-8.7771,2.0542,2.7797,-1.6261,0.4830,-0.6027
-5.0302,2.7246,6.3782,-1.5585,-0.3435,0.8159,-3.5530,1.9752,3.4381,-1.2677,-0.4986,-2.9475
-2.7174,3.5698,6.9695,-1.7408,-1.5941,1.4654,-13.1274,-2.1141,6.9959,-0.1160,2.8092,-3.5798
-2.8228,3.1627,8.3246,-0.6931,-1.0433,-0.0657,-11.0468,-1.0487,2.6504,0.5421,0.5372,-1.4605
-4.2114,2.6528,6.7062,-0.0985,-0.7751,-0.7763,-7.9823,-0.2562,2.3535,1.1403,-1.8756,-0.6682
-3.6152,2.4756,6.8402,-0.4614,-2.1277,-0.3796,-8.1163,-0.5339,2.7533,1.2776,0.1899,-1.4416
-2.3224,2.8994,7.8362,-0.2699,-1.9136,-1.6842,-9.2177,-1.4365,3.2729,1.5270,-1.0732,-1.5938
-4.6232,3.5698,8.6790,0.3159,-0.9759,-1.7589,-9.7037,-2.7222,2.5283,1.3194,-0.0055,-3.2672
-4.4005,3.2082,5.0542,0.6233,-0.2233,-1.9386,-11.7053,-3.6033,3.1388,0.3435,1.4946,-4.0017
-4.7429,2.8778,6.2345,0.7762,1.3291,-1.9568,-14.3221,-5.3223,0.4764,-0.3312,3.2523,-0.2024
-5.1260,2.0853,8.6598,1.0688,1.4771,-1.4330,-9.3230,-3.7421,3.3950,-0.1780,-0.0783,-0.1887
-5.0159,1.8220,8.9136,1.3590,1.1521,-1.1269,-9.9575,-4.0917,2.4804,0.6977,1.2894,0.6936
-4.5155,1.7071,8.9639,2.5142,-0.2026,-1.1997,-8.9615,-3.3998,2.5618,2.3967,0.7298,1.3892
-5.8395,1.7573,7.3023,3.5595,-0.6917,-0.9775,-9.6127,-3.2825,4.3742,3.9783,-1.0706,3.0824
-6.4260,2.7701,6.1746,3.9452,-0.6115,-0.9545,-10.0987,0.2849,-4.4508,3.4123,-1.1433,4.0248
-7.8817,3.5985,2.7270,3.2535,-0.7274,0.2314,-9.1243,3.2609,-5.7748,2.1060,-4.3657,4.3656
-7.6519,5.5593,-3.5913,0.7891,-0.5813,-0.0168,-8.8705,2.6288,0.9720,-0.4022,-4.3657,4.3656
-6.7038,5.1619,-0.1987,-0.0005,2.6969,-0.2326,-6.4404,3.9241,0.2753,-2.4201,0.9553,3.6804
-6.8259,3.5698,2.3607,-1.6272,3.3694,0.0318,-0.2083,4.8339,0.2370,-2.9116,2.2572,1.3707
-6.3327,3.2872,2.9161,-2.4118,1.2525,1.2662,-2.7438,3.1244,5.7964,-2.1975,1.4120,-0.6780
-4.6591,3.9409,3.6272,-2.3778,1.3824,0.5586,-3.4548,2.3870,3.3303,-2.0280,2.8241,-2.7797
-6.1052,3.6751,6.0047,-1.5836,1.3813,0.2274,-4.2641,-0.5004,0.7135,-2.6271,1.6950,-4.3657
-4.8435,4.1755,5.3893,-1.5937,-0.5271,0.2122,-11.4730,-3.3710,9.1435,-2.0455,2.2318,-4.3657
-5.5905,4.3383,5.9831,-0.4199,-0.2136,0.0790,-4.8028,-3.2058,3.8978,-1.0218,1.1747,-4.3657
-5.2433,4.4724,5.3606,-0.1260,-0.5897,-0.3112,-9.0621,-6.0118,3.9911,-0.4385,4.3112,-4.3657
-5.9999,4.0941,5.8849,0.2667,-0.6109,-0.2384,-10.5560,-7.2257,1.8028,0.2040,4.3656,-4.3657
-5.9472,3.9935,6.1220,0.5713,-0.7256,-0.5389,-11.9662,-8.4467,0.6416,1.4630,0.3203,-0.6143
-6.2465,3.9648,5.5545,1.1092,-1.0203,-0.5486,-10.0317,-8.6239,2.2075,1.6566,1.6581,1.4254
-7.6567,4.2569,6.4596,1.7858,-0.7067,-0.6127,-6.0071,-6.9216,2.2865,2.2838,1.3690,3.5753
-4.3622,4.1635,4.3862,2.0708,-1.3615,-0.8100,-8.9567,-4.5777,-0.8763,2.5035,0.2794,3.7927
-6.8977,4.9057,2.5714,1.4236,-0.6777,-1.6026,-10.8457,-3.7182,-1.9800,2.1645,-0.4666,4.3656
-6.3566,4.6591,1.8986,0.4656,-0.3343,-1.0357,-7.5154,-1.7358,-0.3639,2.1883,-4.3657,4.3656
-7.4484,4.5777,3.5410,0.0741,-0.4971,-0.6119,-10.3597,-0.2993,1.1109,0.7642,-3.2647,4.3656
-6.8283,4.4125,2.9042,-0.0855,0.7357,-0.1729,-12.8928,1.4988,-0.4501,-0.2208,2.5494,3.9579
-6.8666,4.1084,3.1196,-0.7655,0.3652,0.0989,-6.8761,3.9600,-5.5952,-2.1541,-0.6559,4.3656
-6.6367,3.9528,3.5578,-1.0848,0.6242,0.0548,-3.4884,3.4764,-0.1820,-3.6383,-1.6715,3.5402
-7.2520,3.5961,3.4405,-1.0794,0.5509,0.4045,-2.1380,3.7637,7.6423,-1.9280,0.4193,1.1179
-6.6894,3.9816,3.2896,-1.5134,0.1789,0.6939,-5.7988,4.7884,-0.2322,-1.7924,1.2067,-0.3679
-6.5649,3.2585,3.3064,-1.9762,0.7123,1.0245,-1.9537,3.9911,2.6145,-2.3658,0.0004,-2.3208
-4.6878,3.1484,4.4197,-2.2218,0.1224,0.7799,0.4142,0.8547,4.3742,-1.9460,-0.0107,-4.3657
-4.9704,3.2609,6.0885,-1.8403,1.1206,0.3740,-10.4052,-5.2648,5.7581,-1.9792,4.3656,-4.3657
-5.0470,3.2681,7.8123,-0.6378,0.3275,0.0390,-12.7539,-6.6535,1.4796,-0.4405,4.3656,-4.3657
-5.6431,3.3639,7.1515,0.1919,-1.1656,-0.1320,-9.6438,-5.4061,3.2034,1.5657,-0.8763,-4.1326
-4.9704,3.6152,7.4723,0.8423,-0.9559,-0.4827,-8.9902,-7.0940,2.0111,1.0721,1.9641,-3.7475
-5.6671,3.7565,4.8770,1.3478,-0.7063,-0.6303,-11.0397,-7.6662,0.4645,1.1674,2.4464,-1.3185
-5.5976,3.8786,4.7884,1.1286,-0.6692,-0.5407,-13.6158,-9.0022,0.4788,1.2622,0.4475,1.6956
-5.2050,3.9433,5.6934,1.2565,-0.4358,-0.8174,-10.9415,-7.8506,0.0718,1.4987,2.0681,3.2191
-6.2800,3.7828,5.1834,1.6643,0.3289,-0.7818,-8.0828,-6.5074,-0.4190,2.0586,0.8130,4.3656
-6.5553,3.8140,4.3598,1.9205,-0.2622,-0.9995,-12.2392,-4.4365,-1.7478,1.9418,-0.5893,4.3656
-7.1874,4.0031,2.4373,1.2717,-0.1319,-0.6526,-7.0892,-0.8523,-2.0255,1.1497,-2.2933,4.3656
-7.3957,3.8882,2.1308,0.4638,0.2362,-0.2569,-6.9815,1.3312,-3.4979,0.8332,-3.8748,4.3656
-8.2289,3.6488,3.9121,-0.0953,0.7659,-0.0048,-5.4205,4.0175,-3.5817,-0.6102,-0.6243,3.5545
-8.0445,3.4979,1.7621,-0.5942,0.0747,0.2840,-9.4547,3.4477,-1.2402,-1.9993,0.1592,2.5882
-6.8522,3.1053,1.7166,-1.8231,-0.4843,0.7478,-5.8897,3.5602,0.3615,-2.8145,-1.9585,2.6191
-6.6535,3.0167,3.2585,-2.0671,1.2357,0.6611,-3.9121,4.0390,1.4413,-2.8294,0.9958,1.1620
-5.8347,2.8898,4.3838,-2.3109,0.8447,0.8188,-5.3199,3.4309,3.0598,-2.3815,2.6317,-0.1693
-5.5569,2.8060,4.6998,-2.2084,0.2407,0.8029,-5.9137,2.0782,3.7158,-2.3094,0.3098,-2.0272
-6.1938,3.1508,5.7413,-1.8246,0.7665,0.7328,-4.3862,1.4102,2.2601,-2.1501,1.7019,-4.3657
-4.8219,2.8874,5.6144,-1.6625,0.2546,0.5187,2.7007,-0.0599,1.2977,-3.0434,1.5219,-4.3657
-4.7118,3.2585,5.9376,-1.9028,-0.3736,0.4041,-14.1761,-10.3621,2.2170,-2.3509,4.3656,-4.3657
-5.0685,2.8491,7.8003,-0.8364,-0.6816,-0.1183,-12.3517,-8.3007,2.6719,-0.6123,3.7052,-4.3657
-4.3622,2.7940,8.5545,0.2411,-0.8344,-0.3628,-10.4028,-9.3613,3.5578,1.6004,-1.9862,-2.9391
-4.9273,2.4732,8.2648,1.2858,-1.0938,-0.7246,-7.6064,-8.3989,1.8459,1.3422,2.7442,-1.4639
-5.3917,2.6384,6.8546,1.5873,-1.4502,-1.0762,-8.7700,-9.5960,1.7717,2.4064,0.6744,0.9025
-5.3941,2.6097,7.9631,2.1625,-1.2444,-1.0143,-6.4045,-8.4420,2.3655,2.7386,1.7524,0.7870
-5.5282,2.8180,5.9616,2.5422,-1.4524,-1.3074,-10.5201,-10.4722,2.2051,2.8687,2.6352,2.5838
-5.6575,3.2322,5.6120,2.6509,-1.3764,-1.3740,-10.7308,-8.4539,-0.3831,3.2635,0.2886,4.3656
-6.6966,3.9217,3.5458,2.1867,-0.9278,-1.0175,-9.7827,-5.9759,-3.7876,2.7699,-1.3825,4.3656
-6.4835,4.1204,2.5762,1.2385,-0.9418,-0.6835,-7.7740,-0.2705,-5.3367,1.4727,-4.3657,4.3656
-6.6104,4.1635,3.3998,-0.0504,0.1243,-0.1352,-5.8371,1.5706,-1.4269,-0.3801,-2.2652,4.3656
-7.4795,3.7733,3.2848,-0.6518,1.6406,-0.0139,-3.9863,2.6217,2.4756,-0.5974,0.0317,4.3656
-7.8362,3.4261,2.8611,-1.6310,1.4691,0.4313,-10.2783,2.5043,0.6656,-1.6527,1.6280,3.6063
-6.5936,2.7821,4.4843,-2.0225,1.8134,0.6781,-6.1411,3.8762,0.8571,-2.6597,1.3460,3.3088
-7.4795,2.3320,4.2258,-2.2087,2.0665,0.8408,-6.0478,4.2593,0.5962,-2.3337,1.4404,2.3341
-5.0566,1.8220,3.7757,-2.4447,1.0680,1.0844,-4.6304,3.8954,2.4852,-2.2390,1.6554,0.5271
-6.3901,1.8579,4.9512,-2.4782,1.6832,0.7729,-3.6081,3.7302,-0.0168,-2.2192,2.1390,-2.2707
-5.6431,1.9201,5.0637,-2.2218,0.8468,0.7907,-3.9648,-0.2035,3.9361,-2.2211,2.1334,-4.3657
-5.1044,2.3200,7.5058,-1.6403,0.5076,0.6227,-7.1611,-2.8443,1.6041,-1.8024,3.9542,-4.3657
-5.3989,2.5594,7.1874,-0.5830,-0.0986,0.1692,-10.1706,-5.9041,2.3248,-0.7871,3.6246,-4.3657
-5.1715,2.8922,7.1395,0.2090,-0.8986,0.0282,-12.0692,-7.5082,1.6233,0.8234,2.1466,-4.3657
-4.9057,2.9018,6.6224,1.1020,-0.9687,-0.4439,-9.7779,-8.2265,2.5019,1.7589,0.9401,-3.3248
-5.6551,2.9784,7.9895,1.7221,-1.3623,-0.7252,-9.6582,-8.1834,0.8643,2.2744,2.2064,-2.7775
-5.6527,3.1603,6.1675,1.9986,-1.4729,-0.8123,-12.4882,-9.9216,-0.8045,2.3333,1.4502,0.6639
-6.4332,3.2226,6.4212,2.2644,-1.1189,-1.0568,-12.0213,-9.9383,1.2905,2.4905,0.1795,4.3656
-6.5841,3.4285,5.0494,2.5131,-0.8663,-0.8839,-13.5392,-8.8609,0.5962,1.8202,0.7718,4.3656
-7.8817,3.3639,3.6081,2.3305,-0.4915,-0.1124,-8.2720,-6.6870,-1.8579,2.1465,-2.5822,4.3656
-6.0454,3.9121,3.2106,1.5186,-0.5501,-0.4057,-7.2137,0.1077,-4.7621,1.1688,-4.3657,4.3656
-7.5441,3.9385,2.1332,0.6135,0.7091,-0.1399,-3.1843,3.7469,-1.2953,0.4101,-1.3438,4.3656
-7.2305,4.0223,0.7590,-0.5504,0.9236,0.2254,-8.3510,4.1851,-2.5426,-1.3201,1.5980,3.3668
-7.0270,3.2777,0.9936,-1.7248,1.3975,0.4760,-3.2274,5.5067,-0.9050,-2.3028,-0.1945,2.1417
-6.3901,2.9975,1.6089,-2.7173,1.6804,0.6984,-3.8954,5.1763,-1.7597,-2.8420,1.9036,0.0445
-5.7724,2.9042,3.6033,-3.2002,1.3610,0.6386,-5.1404,3.6464,0.8332,-2.9629,2.6875,-1.0776
-6.0956,2.4828,5.5665,-2.9737,1.2500,0.5580,-4.7453,1.7909,0.7207,-2.7199,0.7994,-2.5429
-5.4372,2.7198,6.4141,-2.2565,0.4157,0.4807,-7.7117,-1.4940,6.2776,-2.6219,1.5984,-4.3657
-5.0877,2.6121,8.2959,-1.3879,0.0469,0.4940,-10.5321,-2.6935,4.3167,-1.1293,2.0636,-3.4952
-4.3335,2.5857,9.7516,0.0791,-1.2677,-0.2238,-8.9471,-3.4117,5.8921,0.5244,-0.2910,-4.2036
-5.5641,2.8036,6.4739,1.0488,-2.1657,-0.4912,-11.5975,-4.6040,4.9991,1.8828,0.2434,-3.3505
-5.3798,2.8299,6.5098,1.3695,-0.6676,-0.6785,-4.4460,-2.9568,3.5674,1.9273,1.0818,-4.2168
-5.6695,3.0646,7.3047,1.4289,-1.3352,-0.7525,-8.2313,-5.3463,1.8579,1.6972,4.0113,-4.3657
-6.3398,3.5530,5.2840,1.4257,-1.2332,-0.6351,-11.3964,-7.1635,-0.0431,1.5829,2.6388,-2.2088
-5.1739,3.3591,5.7078,1.2481,-0.2666,-0.7866,-8.6981,-6.3829,-0.2011,1.5179,0.3324,-0.2685
-6.2297,3.5554,5.8419,1.2573,-0.6359,-0.5891,-10.0916,-7.4412,-0.3208,1.1860,2.5069,-0.5136
-6.7038,3.6559,4.2377,1.1802,-0.1763,-0.3885,-12.2152,-8.0589,-1.0630,0.7332,1.1818,2.8890
-6.7588,3.7158,4.2473,0.7502,0.6488,-0.2506,-12.9024,-5.9711,-4.5418,0.0064,-0.9522,4.3656
-5.9496,3.9385,2.8084,0.0069,0.2204,0.0352,-13.2423,-6.2106,-3.5889,-1.0445,-3.7012,4.3656
-6.7900,3.8355,3.9816,-0.6042,0.4363,-0.0051,-3.7900,0.8643,-2.9425,-2.9223,-4.3657,4.3656
-6.5864,2.8994,2.8252,-1.0612,0.7269,0.2411,0.7063,4.0749,3.9073,-1.6164,-0.9587,3.5815
-5.8371,3.0813,4.3551,-1.6880,1.1245,0.5890,-4.5610,4.5322,0.8428,-0.9915,4.3656,1.0942
-5.4636,3.0071,4.9201,-1.5335,0.5609,0.4519,-5.9496,4.1180,0.6369,-1.8563,-0.0667,-0.2916
-5.7509,2.9832,4.5633,-1.6172,-0.0719,0.4491,-3.0957,3.7804,0.5890,-2.2437,-1.3214,-1.4711
-5.7102,2.6408,3.7134,-2.1075,0.5428,0.5265,-4.7142,1.0511,4.6495,-2.4680,1.1908,-3.4908
-5.9304,2.4924,7.1012,-2.0917,0.7139,0.6924,-8.9232,-0.5555,1.1947,-1.7560,3.6325,-3.6982
-4.8961,2.4325,7.9775,-1.3799,0.1111,0.6711,-5.4588,-2.3870,6.1579,-1.3809,0.4461,-4.3657
-3.9504,2.5139,7.2353,-0.3292,-0.5913,0.1332,-9.4451,-6.4093,6.9216,-0.5367,3.2329,-4.3657
-4.9297,2.7198,8.1283,0.3841,-0.4118,-0.2667,-10.2352,-7.4220,2.2529,0.2858,4.3656,-4.3657
-4.7621,2.5067,7.4843,0.9830,-0.5798,-0.4684,-10.0365,-8.1690,-0.2179,1.3263,2.3932,-4.3512
-5.9472,2.7174,7.3957,1.3595,-1.4787,-0.7079,-9.6462,-8.7005,0.6081,2.0071,0.9734,-1.3776
-4.7525,2.7318,6.9097,1.5936,-0.8086,-0.8091,-10.0293,-8.9328,1.1013,1.8181,1.2686,1.2148
-5.6623,2.7940,7.0222,2.2152,-0.6891,-1.0144,-10.2639,-8.8921,1.0199,2.2018,1.3125,2.9724
-6.3303,3.1795,5.0422,2.0877,-0.5915,-0.8347,-12.6031,-8.6766,0.0694,1.7006,0.9972,4.3656
-6.1723,3.6200,4.9225,1.7607,0.1805,-0.7909,-8.9376,-5.2122,-1.1396,2.1412,-1.8073,4.3656
-7.3526,4.1731,3.0478,1.3592,0.0989,-0.6331,-6.7540,-1.0606,-2.7916,1.8576,-3.9490,4.3656
-6.1435,4.1396,1.8411,0.5159,0.0636,-0.0518,-6.8761,2.6959,-4.0175,0.0218,-1.8285,4.1383
-6.4356,3.7062,1.8818,-0.7212,1.2157,0.1328,-8.0661,3.4117,-4.9823,-1.9396,1.1827,3.8463
-7.9368,3.3399,1.8364,-1.6940,1.5966,0.4303,-5.3079,3.7541,0.1963,-3.2043,-0.0991,2.6870
-6.7684,2.4756,2.6384,-2.4035,1.1843,0.8681,-3.9002,4.3120,-1.1468,-3.0657,0.5237,0.7739
-6.5146,2.5881,4.3000,-2.4634,1.4425,0.6540,-7.6088,2.4493,3.1077,-2.2767,2.6272,-0.0349
-6.4045,2.4086,4.3694,-1.9590,1.0838,0.8030,-5.7628,2.5307,1.4509,-2.9615,0.7025,-1.4524
-6.5553,2.3631,4.8267,-2.0167,0.6305,0.5741,-4.9129,1.6041,1.2881,-2.8009,0.2341,-2.9687
-5.6743,2.4493,4.9991,-1.6906,-0.2002,0.5554,-7.4172,-2.6336,6.4045,-2.4136,1.7866,-4.3657
-4.5394,2.6552,8.4156,-1.0043,-0.1346,0.4639,-7.8889,-4.0893,4.9105,-1.1815,2.6004,-4.3657
-5.2337,2.7821,6.7588,0.0141,-0.5244,-0.2068,-10.5632,-6.2752,4.5298,0.1675,3.5262,-4.3657
-5.2792,2.7988,7.0150,0.4950,-0.9342,-0.4355,-10.1730,-7.4962,2.0518,0.7810,2.8789,-4.0977
-5.8873,2.6959,7.1994,1.0960,-0.5036,-0.5220,-10.8936,-7.1371,2.6145,1.1732,1.1783,0.1539
-6.5362,2.5786,7.2137,1.5809,-0.7825,-0.7108,-6.6080,-5.9137,4.0749,1.9380,1.5528,1.4790
-5.8059,2.9784,6.2177,1.8195,-0.8737,-0.9185,-11.3246,-5.9496,1.5993,1.9393,2.3180,4.3656
-7.2281,3.3567,5.2218,2.0047,-0.3404,-0.9101,-10.7404,-4.9799,-5.5713,3.2463,-2.2106,4.3656
-6.6272,3.5075,2.6600,1.2456,-0.9429,-0.4907,-12.7922,-2.7174,-2.7342,1.9638,-1.3789,3.9383
-6.8259,3.6679,2.7150,0.5189,0.1443,-0.2217,-9.4403,0.0910,-5.5354,0.6210,-1.3402,4.2346
-7.0629,3.2848,2.5402,-0.3128,0.6391,0.0787,-10.8816,0.1365,-5.1739,-1.7020,-1.3231,4.3656
-7.7285,3.2417,2.6312,-1.2925,0.9454,0.3186,-3.3710,2.2745,-1.7861,-3.7872,-2.0231,4.3656
-7.7309,2.4517,3.0765,-1.8735,1.3644,0.4776,-3.5530,2.7270,4.8890,-2.5379,-0.0691,2.8635
-6.5074,2.2242,5.9735,-1.9574,1.1016,0.7486,-4.8123,4.0989,-0.0359,-1.7178,3.4424,0.7394
-6.3925,2.1739,3.7326,-1.6995,0.3034,0.7542,-6.1938,3.4979,-0.3089,-2.1582,-0.6177,-0.3984
-6.1770,2.2434,5.3175,-1.7964,0.1816,0.6644,-2.3798,2.1117,4.0486,-2.3401,-0.7152,-2.9322
-5.4205,2.4134,6.0023,-1.3913,0.1931,0.5225,-2.8539,-0.0838,2.0087,-2.1170,1.8532,-4.3657
-5.5378,2.5163,7.0868,-1.2128,-0.2491,0.2926,-9.9599,-3.6488,3.7996,-0.9955,2.4404,-4.3657
-5.2050,2.5690,6.3159,-0.1234,-0.7028,0.0454,-11.0516,-5.8347,4.9991,-0.1801,2.9752,-4.3657
-5.3630,2.7342,6.9192,0.2566,-0.6166,-0.1663,-7.8003,-5.9304,2.6767,0.7352,2.8073,-4.3657
-4.8291,2.7438,7.2832,0.7963,-0.8318,-0.4505,-10.8721,-8.3773,0.5459,0.8476,3.8124,-4.3657
-5.6096,2.6049,7.2233,1.1155,-1.1491,-0.6342,-6.6990,-7.1539,1.3144,1.8130,0.6646,-2.6398
-5.6024,2.7821,7.6830,1.6180,-1.0300,-1.1131,-12.8449,-11.8513,0.1820,1.6097,3.1164,-0.2377
-5.6934,2.6911,7.1682,2.3810,-1.2421,-1.2490,-8.9663,-9.5026,0.5626,2.3972,0.7161,3.0626
-6.7493,3.0406,4.8052,2.4523,-0.8527,-1.0399,-12.2392,-9.0597,-2.4995,1.9937,1.7814,4.3656
-5.9017,3.4860,2.5043,1.5609,-0.8499,-0.6889,-8.4874,-5.4899,-6.0837,2.1710,-3.4360,4.3656
-7.1658,3.9911,3.2417,0.3964,-0.3894,-0.3062,-10.1370,-2.6001,-7.1850,0.1751,-4.3657,4.3656
-6.5721,3.5482,2.8299,-0.2329,0.9437,0.0448,-2.2146,1.5251,-1.7047,-1.9946,-3.0142,4.3656
-6.7876,3.0813,3.2729,-1.0291,1.3166,0.2926,-3.4907,3.2729,3.0454,-1.3512,0.1354,3.9590
-6.8091,3.0143,4.0007,-1.5455,1.1427,0.6006,-5.4947,4.0869,0.8619,-1.8374,2.1907,2.3249
-6.4548,2.4828,3.7757,-1.8939,0.8821,0.7573,-5.9879,3.8666,1.1372,-2.2627,0.0273,0.6046
-6.7445,2.1596,3.5458,-1.8975,0.8075,0.7614,-5.0733,3.7565,0.4908,-1.8928,1.2265,-0.2979
-6.0047,1.9680,2.6408,-2.8541,1.1253,0.9369,-0.7422,3.1651,-4.1013,-2.9644,0.5640,-3.6551
-5.8634,1.4437,4.1707,-3.7074,0.1275,1.0996,-7.0006,-3.7373,2.6456,-4.3657,2.3309,-4.3657
-3.9145,0.8499,8.9423,-3.1558,-0.3796,0.8568,-10.7045,-7.8530,7.3382,-3.3957,4.3656,-4.3657
-3.1220,1.4174,11.3006,-0.7797,-0.4237,0.0538,-9.6798,-9.3781,7.7165,-0.7690,3.7010,-4.3657
-3.6344,1.5419,10.0916,0.3780,-1.0925,-0.4972,-8.7508,-8.9687,4.7788,1.2364,2.6164,-4.3657
-4.7788,1.9800,7.1611,1.1177,-0.8668,-0.8144,-9.4715,-9.7540,1.2019,1.5290,2.0021,-3.3043
-5.0206,1.4509,7.7764,1.1088,-0.4699,-0.8859,-4.5633,-8.4827,1.7645,1.4765,1.6162,-3.1183
-4.1420,1.1229,10.5584,1.8644,-1.1195,-1.4226,-9.4332,-12.0955,2.5977,1.7485,3.5990,-0.2442
-4.4317,0.8906,9.3853,3.0469,-1.9299,-1.8534,-7.0437,-10.5632,1.9201,3.8782,0.9531,3.3165
-6.5912,1.5610,5.0757,3.5092,-1.4466,-1.9945,-13.6158,-12.6534,-0.7302,3.3137,3.5401,4.3656
-7.0701,2.8204,3.5602,2.6601,-1.1626,-1.5005,-8.7245,-8.5210,-4.8650,3.1965,-1.6894,4.3656
-6.9240,3.6009,0.9625,1.0608,-0.3933,-0.5149,-7.8482,-4.1228,-7.0030,1.6854,-4.3657,4.3656
-7.0366,3.1077,2.3727,-0.1996,1.3331,0.0987,-9.1985,-0.3998,-2.4684,-1.2163,-1.0324,4.3656
-6.6008,2.4541,3.5003,-1.2686,1.9100,0.5894,-3.4069,2.9808,-0.2610,-2.7169,2.9388,4.3656
-7.1371,2.2146,4.7980,-1.7429,1.4839,0.9674,-5.0901,3.1101,0.9194,-2.4292,0.4998,3.6283
-5.9520,2.1165,3.7900,-1.8602,1.2982,0.8621,-3.1556,3.3998,3.7350,-2.5331,0.1580,1.5760
-6.4883,2.1644,3.7445,-2.6501,1.4133,1.2645,-5.8299,3.9887,-1.8818,-2.7083,2.1891,0.3684
-2.8371,0.6440,5.8227,-3.2500,0.8022,1.8265,-3.6416,2.7845,0.2897,-2.7153,1.2859,-0.3647
-5.0973,1.3599,8.8777,-2.2178,0.4146,0.6195,-2.5666,0.0096,1.8004,-2.5695,-0.3557,-3.7762
-4.4676,1.5179,7.6136,-1.3101,0.1781,0.2575,-7.2113,-3.2322,7.1994,-1.7263,1.1643,-4.3657
-4.8507,1.7597,7.5034,-0.7662,-0.2778,0.1609,-10.8888,-4.3120,5.1404,-0.5297,3.1417,-4.3657
-4.5131,1.4581,7.3933,-0.2415,-0.5061,-0.2397,-8.7412,-5.5234,3.4716,0.1191,1.8680,-4.3657
-5.1451,1.4174,8.7077,0.3868,-0.7429,-0.5315,-7.4244,-7.7764,4.8722,0.8932,2.8480,-4.3657
-4.8147,1.4365,8.2432,1.1676,-0.8166,-0.8885,-10.6015,-10.1849,1.2498,1.3516,4.3656,-4.3657
-5.3486,1.3048,8.8035,1.6721,-0.9892,-1.0656,-8.1810,-9.2225,2.1572,2.3843,0.6430,-1.0729
-5.3367,1.3384,7.7788,2.3185,-1.3003,-1.2456,-10.2496,-10.7284,2.3990,2.6512,2.3160,0.8236
-5.9664,2.1476,7.1012,2.5318,-0.8892,-1.2489,-8.5497,-9.1051,-0.9912,2.5708,1.6594,2.9118
-5.5929,2.2434,5.5306,2.5283,-0.3070,-1.0884,-8.2241,-7.1012,-0.7183,2.4484,0.8078,3.1335
-6.2560,3.1029,4.3048,1.8583,-0.2555,-0.6615,-11.0516,-6.5170,-1.2426,1.7583,0.1921,4.3656
-6.7732,3.6033,2.3990,1.1891,0.2751,-0.0250,-9.6223,-2.7988,-6.8857,1.1379,-4.3657,4.3656
-5.7150,3.9959,2.3679,-0.5356,-0.0067,-0.0428,-7.9033,-0.1772,-2.9951,-1.7660,-4.3657,4.3656
-7.6207,3.3878,2.8467,-0.9995,1.4369,0.3152,-1.3910,2.3176,2.6791,-1.9458,-0.2575,4.3656
-6.6918,2.2242,2.6360,-1.9063,1.6004,0.9334,-2.4469,4.3958,2.4397,-1.8321,2.8510,2.3854
-5.7796,2.2218,5.9233,-2.1798,1.4891,0.9587,-7.0413,4.5203,0.6249,-2.0471,3.3302,1.1267
-6.3327,2.1165,4.7669,-1.8453,0.9487,0.9342,-5.7604,4.0007,1.6999,-1.9749,0.1823,0.4060
-6.1603,1.8507,3.0885,-2.3995,1.1449,0.8624,-4.3335,4.1611,-1.1684,-2.2667,1.4031,-0.9998
-5.1978,1.3743,6.0980,-2.3178,1.0698,0.8190,-2.2601,1.4533,1.3360,-2.7829,2.3502,-4.2368
-4.8171,1.6496,8.4156,-1.8018,-0.4688,0.4654,-8.1211,-2.6983,4.9177,-2.0213,1.0501,-4.3657
-4.8746,1.7047,7.6351,-0.4935,-0.8603,0.1041,-7.9775,-3.9385,5.8586,-1.3672,0.7033,-4.3657
-4.1084,1.4964,6.5457,-0.4118,-2.0442,-0.0837,-8.8011,-5.5019,5.0182,-0.0273,0.5862,-4.3657
-3.7996,2.0566,7.2712,0.0000,-2.3314,-0.2856,-9.6367,-7.0270,5.0901,0.7669,0.6622,-4.3657
-4.5418,2.2194,8.3629,0.4879,-0.6483,-0.5898,-5.9568,-7.6567,5.1619,1.0993,1.5164,-4.3657
-4.1156,1.9609,8.0517,0.8840,-0.0822,-0.5776,-8.1618,-8.6550,2.3320,0.6735,4.3656,-3.9740
-4.1084,1.7645,8.1044,1.0813,-1.0026,-0.8677,-8.9376,-9.2105,2.5426,1.3951,1.5447,-1.3749
-4.4317,2.3798,8.4276,1.3007,-0.6083,-0.9478,-9.6462,-10.4172,3.9193,1.3430,0.8222,2.2471
-4.3838,2.2290,7.1491,1.5736,0.0428,-0.9222,-8.9783,-9.2536,2.2218,1.4817,2.6240,3.2852
-4.6711,2.4445,7.0246,1.7904,-0.0815,-0.8548,-9.1435,-7.5226,-1.7717,2.6365,1.1795,4.3656
-5.4253,2.6983,4.8961,1.7641,-0.4295,-0.7361,-7.6638,-4.5179,-2.5187,2.9874,-3.9295,4.3656
-6.2465,3.0239,3.7781,1.0624,0.0759,-0.4086,-7.2520,-0.4812,-3.9121,1.1383,-4.1047,4.3656
-6.4763,3.3016,2.6193,0.1435,1.3054,0.0386,-11.1953,-0.3136,-1.7358,-0.8756,0.8813,4.3656
-7.0820,2.4014,3.9935,-1.9155,1.3284,0.8757,-2.8539,2.9616,3.7038,-2.6099,-0.2675,3.1492
-5.1068,2.0806,6.0071,-1.9618,1.4945,0.9972,-5.9017,2.9257,3.4213,-1.8117,3.3139,1.5094
-5.4540,2.0016,6.8833,-1.4755,0.9447,0.7598,-5.3439,3.4381,-0.1772,-1.4396,0.9379,0.3119
-6.3375,2.2003,4.6136,-1.3772,0.4457,0.6193,-2.1787,3.2896,1.0870,-2.0211,-1.4498,-2.0198
-5.3822,1.8172,4.9847,-1.8599,0.8728,0.5809,-2.3032,0.5890,2.7222,-1.4520,1.2712,-4.3657
-4.4388,1.7095,7.2449,-1.7381,-0.0488,0.3283,-9.1243,-4.6711,4.1084,-2.2909,3.7349,-4.3657
-4.7980,1.8771,9.1291,-0.6223,-0.7891,-0.0898,-10.0892,-6.7828,2.6863,-0.3435,2.9769,-4.3657
-4.6926,1.8675,7.5465,0.3837,-0.7829,-0.4596,-9.4882,-7.8841,3.1987,0.7048,2.0042,-4.3657
-5.2864,1.9537,7.0581,0.6671,-0.7084,-0.5239,-9.3877,-8.6886,1.3336,0.7016,3.6708,-4.3329
-4.3239,1.9513,7.2401,0.8182,-1.0096,-0.6117,-9.1411,-9.2225,1.1827,1.2472,1.1406,-1.9720
-4.2138,1.7693,8.3845,1.2039,-0.9190,-0.9150,-9.1866,-10.1059,2.4181,1.6465,1.0222,0.3710
-5.2026,1.9704,7.8817,2.0836,-0.8631,-1.1517,-9.1746,-10.5800,2.2266,2.1833,2.2091,1.9023
-5.3103,2.2889,5.8945,2.1750,-0.7260,-1.0312,-10.0987,-8.9591,0.9146,2.1987,1.2588,4.3656
-6.4979,2.9664,5.2433,1.8273,0.0560,-0.8864,-7.0174,-6.9432,-0.1867,2.8250,-1.3455,4.3656
-6.3015,3.0765,4.1324,1.4853,0.3103,-0.4449,-6.4476,-1.6376,-2.8587,2.1923,-3.7211,4.3656
-6.7564,3.1340,2.4014,0.4298,0.8593,-0.0822,-8.1858,0.0982,-2.2051,0.9771,-0.6508,4.3656
-6.1076,3.2944,2.7725,-0.5780,1.5047,0.1017,-10.6494,1.4964,-5.1643,-0.9689,1.2363,4.3656
-7.4029,2.8683,3.8379,-1.2000,1.3094,0.3022,-7.6950,2.3152,-4.0582,-3.5799,-0.2213,4.3656
-7.3646,2.2242,3.9217,-1.6393,0.8515,0.6324,-2.2266,3.3615,2.3655,-3.4805,-1.1089,3.2828
-6.5601,2.0806,4.1013,-1.5070,0.8609,0.8515,-5.3774,3.7350,1.8747,-1.8309,1.9481,0.7621
-5.8682,2.3176,4.6878,-1.4570,0.1180,0.7484,-5.5952,3.6033,2.8850,-2.2986,0.7269,-0.7177
-6.0214,2.5738,4.6208,-1.5857,-0.3162,0.9538,-4.0725,3.0598,1.8387,-2.3089,-0.9511,-2.1626
-4.9488,2.3080,4.6926,-1.7833,-0.0556,1.0352,-3.3040,0.2274,3.4381,-2.2355,0.5589,-4.3569
-4.5107,2.4181,7.4124,-1.7543,-0.2126,0.4101,-10.3190,-3.0167,7.0102,-1.5894,2.4990,-4.3657
-3.9049,2.2865,8.6503,-0.6458,-0.4419,0.1989,-6.0023,-2.5594,4.6615,-0.9742,-0.0357,-4.3657
-4.5011,2.0710,7.3765,-0.1049,-0.8772,-0.2838,-4.9584,-4.6040,5.7461,-0.3580,-0.1070,-4.3657
-4.3263,2.5163,7.8243,0.2770,-0.6243,-0.6448,-12.2296,-8.3342,5.4324,0.1568,4.3656,-4.3657
-5.1380,2.0159,7.6638,1.0120,-0.3015,-0.6630,-5.9568,-6.9145,2.3822,0.9758,3.5490,-4.3657
-5.2816,1.9297,7.7668,1.1072,-1.0429,-0.8759,-9.2632,-8.9495,1.3479,1.5559,1.7996,-2.4066
-5.0470,2.2817,6.8881,1.5050,-1.0932,-0.9522,-11.6669,-10.2951,1.1851,1.6681,1.7509,1.0329
-5.3822,2.5091,6.5529,1.7511,-0.3780,-0.7294,-9.7324,-8.6694,1.0439,1.8346,0.8375,3.4091
-5.1164,2.8611,5.0446,1.6405,-0.3082,-0.6129,-12.1554,-8.3821,0.3496,1.4206,1.1211,4.3656
-5.9424,3.1987,5.0661,1.0214,0.3043,-0.4233,-7.4508,-4.8578,-3.0574,1.6586,-4.1105,4.3656
-6.5457,3.1603,4.3383,0.6374,0.4960,-0.0885,-6.8139,-1.1875,0.4549,0.6143,-3.5120,4.3656
-6.1938,3.3615,4.8985,0.1997,1.2971,0.0841,-6.4117,0.3639,0.4142,0.2478,1.5635,4.3656
-6.6487,3.3615,3.7062,0.1703,1.5560,0.2639,-8.6742,2.6193,-1.4222,-0.3187,-0.1572,3.8926
-5.8466,3.2753,4.0893,-0.3143,0.7593,0.1705,-7.5202,3.1627,0.7973,-1.6327,0.7638,3.1035
-6.6152,3.4046,4.3742,-0.3966,0.5513,0.4065,-5.1906,4.6926,-0.8619,-1.5912,-0.3852,2.5354
-6.0717,2.9904,2.3511,-0.7304,0.2260,0.6434,-2.4900,5.0063,1.3671,-1.7626,-1.0044,0.6852
-6.5697,3.1795,2.4972,-1.6923,0.6769,0.6364,-4.9656,4.6950,0.5052,-2.2094,0.5962,-0.4235
-7.4196,2.6073,3.3998,-2.0987,1.1407,0.8689,-4.9344,3.7397,-0.9697,-2.3144,1.7219,-1.5460
-4.4269,2.1931,5.6814,-2.4126,-0.5506,1.0301,-2.4876,1.8699,1.9273,-3.1788,-1.0712,-3.5795
-4.8315,2.4110,6.3973,-1.7075,-0.5521,0.4138,-7.5896,-1.7047,6.7014,-2.3776,-0.6566,-4.3657
-4.6735,2.5977,7.3861,-0.7186,-0.6675,0.1021,-6.8354,-2.7461,6.9480,-1.1666,1.6690,-4.3657
-4.1515,2.7198,6.8785,-0.4390,-1.2982,-0.0911,-11.6646,-4.6495,6.3734,-0.1403,1.2220,-4.3657
-4.4843,2.9473,7.8195,0.0975,-0.3756,-0.4522,-5.1811,-4.2353,5.5067,0.6510,1.1447,-4.3657
-3.9313,2.7629,8.1403,0.5027,-0.4760,-0.5091,-6.0573,-7.0461,3.5075,0.3301,4.3656,-4.3657
-4.7764,2.6288,8.1738,0.8949,-0.8228,-1.0054,-7.1587,-7.7596,3.5745,1.1361,4.3484,-3.9245
-5.2409,2.9137,7.6207,1.1086,-0.4846,-1.0728,-10.2711,-9.5864,1.4653,1.5597,1.2099,-1.1245
-6.1986,2.6049,7.0629,1.3114,-0.2903,-0.7693,-5.4181,-8.0014,-0.2658,1.2011,1.7672,-0.7361
-5.7461,2.6217,5.7126,1.0525,-0.1992,-0.6257,-11.0588,-10.0437,0.1197,0.7045,2.1474,1.1090
-6.1986,2.8683,5.6958,1.0364,0.2124,-0.4373,-12.9143,-10.3573,-0.3567,0.3631,1.0985,4.3656
-6.1627,2.9832,5.1978,0.9750,0.8436,-0.1997,-6.0382,-5.9448,-1.9369,1.0633,-1.8834,4.3656
-5.4660,3.1556,4.0965,0.6177,0.4474,-0.0833,-7.4148,-2.8683,-0.2969,1.0244,-1.3820,4.3656
-5.9328,3.3543,4.6400,0.3376,0.5702,0.1856,-4.6280,-0.0024,-2.1476,1.0645,-1.5817,3.7822
-3.4596,3.3471,4.4365,0.2682,0.3706,-0.2201,-6.7109,-0.0503,2.4948,0.9454,-0.9112,2.8507
-6.5003,3.8475,4.7309,0.4213,0.5540,-0.4712,-12.0404,0.0431,1.7214,0.5201,1.3721,2.4553
-6.4979,3.8954,3.5147,0.1496,-0.1958,0.1392,-9.6391,1.8507,-1.5586,-0.0345,-1.2365,2.9002
-4.7070,3.8523,4.3981,-0.1138,-0.1561,0.0454,-8.3366,2.6671,-2.9640,-0.7801,-1.4734,3.1569
-6.5888,4.0151,3.1125,-0.2554,0.5395,0.0322,-8.3031,3.0023,-1.9225,-2.5359,0.1212,3.0082
-6.7924,3.6799,3.4907,-1.0337,-0.2685,0.4794,-3.4453,3.6176,1.8962,-3.0661,-1.8315,2.2178
-5.3247,3.0358,3.8307,-1.4241,-0.3950,0.6706,-1.9369,3.6583,1.4748,-2.4532,-1.2032,-0.5211
-5.3774,3.3016,5.2457,-1.5131,0.4399,0.6651,-4.5250,2.1668,4.8507,-1.8449,1.5231,-1.9608
-5.3846,3.0646,5.5186,-1.4485,-0.1354,0.5213,1.1205,0.6847,5.0350,-2.5390,-0.9090,-4.3657
-3.8882,3.4237,7.0605,-1.4274,0.5263,0.1875,-6.5170,-4.3551,6.3135,-1.7785,3.2102,-4.3657
-3.5650,3.2226,7.2137,-0.5962,0.1240,-0.0843,-12.4283,-8.2289,3.7373,-1.2139,4.3656,-4.3657
-4.2473,2.9951,7.9966,0.0092,-0.5344,-0.4291,-13.5320,-8.6024,1.7310,0.2535,2.3816,-4.3657
-4.5969,2.6863,8.5784,0.6238,-0.3447,-0.8120,-8.7340,-8.2169,3.4548,1.0055,0.7677,-2.2748
-5.5210,2.6456,7.6950,1.3471,-0.7326,-1.0260,-8.8514,-8.3199,3.1819,1.3154,2.7612,-0.0682
-5.2936,2.8299,5.6551,1.6036,-0.4201,-1.0159,-9.7396,-8.4539,-0.4573,1.6190,1.4674,0.1471
-5.9472,2.8898,5.9352,1.6118,-0.3387,-0.8836,-8.1786,-7.3358,-1.9273,1.4445,1.8390,1.1479
-5.3917,2.9113,4.4484,1.4579,-0.1290,-0.5629,-6.9049,-5.8395,-1.6065,1.0585,0.7831,1.0758
-6.5410,3.2657,3.3303,0.8427,0.4755,-0.5825,-9.4260,-5.9400,-2.5067,0.3020,1.5236,1.2116
-6.9384,3.3710,3.0837,0.1739,0.4784,-0.1608,-9.0333,-5.2194,-2.6767,-0.2221,-0.0767,3.0503
-6.5098,3.1077,3.3160,-0.1861,0.9160,0.1003,-10.5393,-4.5466,-2.0710,-0.4361,-0.5333,4.3656
-6.6750,3.2729,3.5937,-0.5657,0.7305,0.2057,-11.5017,-3.9456,-4.5657,-0.8835,-1.4994,4.3656
-6.6104,3.0861,3.5434,-0.9779,-0.1540,0.2619,-8.2504,-1.0654,-3.6105,-1.5271,-4.2197,4.3656
-6.6343,3.1388,3.6871,-0.9471,0.2558,0.4044,-7.0916,0.3376,0.5602,-2.6782,-2.1967,4.3656
-6.8163,2.9688,4.3120,-1.1786,0.3733,0.5648,-3.8714,2.7773,1.0295,-2.1442,-0.6841,3.7455
-6.2058,2.9568,4.7142,-1.2590,-0.0757,0.6090,-4.4221,3.1556,2.4253,-2.5835,-0.9899,1.7411
-5.7700,3.0718,4.0007,-1.4544,-0.3044,0.5601,-4.9225,3.0837,1.8723,-2.3238,-1.0668,-0.3427
-5.7317,2.9042,4.4029,-1.6535,0.0843,0.9714,0.0527,3.3734,-1.2546,-2.8288,-0.6111,-2.5345
-4.8770,2.4301,3.1556,-2.4870,0.2305,0.7552,-6.1890,-2.1691,4.8100,-2.9696,0.5694,-4.3657
-4.2162,2.0446,9.2105,-2.2040,0.0031,0.6247,-9.8881,-4.4293,7.7979,-1.8726,3.8264,-4.3657
-4.1539,1.7382,10.1275,-0.6960,-0.2799,0.1168,-10.9223,-6.2345,7.0174,-0.4378,1.9556,-4.3657
-4.1827,1.5179,10.0437,0.3813,-0.8222,-0.4651,-3.5889,-6.2249,6.6439,1.5640,1.5878,-4.3657
-4.3215,1.6712,8.8226,1.5190,-1.0432,-1.0331,-8.4851,-9.4188,2.0470,1.7364,4.3656,-4.3657
-4.9584,1.9920,6.4715,1.7642,-1.0545,-1.1886,-9.7899,-9.3829,-0.4118,1.9734,3.7259,-3.1910
-4.4077,2.1165,6.7253,1.5080,-0.8226,-1.5973,-6.2991,-7.4268,-1.6305,2.3887,-1.6202,-0.8013
-6.4045,2.4181,5.6168,1.3600,-0.4369,-1.5286,-9.7420,-8.8250,0.0910,1.4991,1.8674,-0.0261
-7.0342,2.6791,4.2665,1.1654,-0.6683,-0.9289,-12.9119,-9.8282,-0.3735,0.5375,4.3656,1.6414
-4.9728,2.6264,4.3862,0.5584,-0.2426,-0.6708,-9.1578,-7.8721,-2.3320,1.0024,-1.2526,4.3656
-7.4388,2.4804,4.2737,0.2786,0.2835,-0.5352,-9.3996,-7.1682,-1.3934,0.4213,-0.7713,4.3656
-6.7133,2.1548,4.9799,-0.1268,0.6712,-0.1174,-4.8507,-2.1093,-2.2146,0.2025,-1.5074,4.3656
-5.4229,2.2649,5.2744,-0.2521,0.7330,0.2030,-11.7148,-3.6464,-3.0143,-0.5115,0.3111,4.3656
-5.9951,2.3846,5.7676,-0.2490,0.5858,0.1414,-5.2840,0.9840,-4.7908,-2.8489,-3.3722,4.3656
-6.9168,2.0949,3.7493,-0.7340,0.2671,0.5388,-1.3671,2.9449,2.8659,-2.2421,-2.8935,2.9405
-6.1555,2.3128,2.8036,-1.1928,0.4503,0.8215,-8.9783,1.9992,2.4924,-1.7848,1.9914,1.5352
-5.8610,2.1045,4.3862,-1.7019,0.9134,0.8793,-6.0118,3.1819,1.0175,-2.3847,1.0885,0.3429
-5.9687,1.9632,5.8227,-1.9107,0.3613,1.0034,-10.3597,1.5706,2.2290,-2.5908,0.8561,1.0604
-5.2984,1.8100,6.5170,-1.5330,-0.2964,1.0228,-5.2146,2.6767,2.0758,-2.3705,-0.8755,1.5657
-5.1643,1.9273,5.4564,-1.4273,-0.0069,0.7051,-5.4923,2.1356,4.6136,-2.2571,-1.0103,0.8212
-4.4436,1.7645,5.9137,-1.3951,-0.0834,0.5701,-5.6958,1.8627,5.1571,-1.7225,0.4269,-0.4347
-4.1827,1.4605,7.5298,-1.0130,-0.4195,0.2623,-6.0645,0.3065,7.0342,-1.1445,0.4875,-3.0073
-4.3024,1.3862,7.9751,-0.5943,-0.7625,-0.0350,-7.4675,-1.2402,6.6367,-0.5128,1.0877,-4.0730
-4.4125,1.4341,8.5449,0.0496,-0.3155,-0.2942,-4.5035,-1.2115,4.2784,-0.4254,-0.0809,-4.3657
-4.5562,1.4748,7.3215,0.1837,-0.3948,-0.4205,-7.8314,-3.9744,5.6599,0.1740,1.1638,-4.3657
-5.1188,1.3096,7.5513,0.3790,-0.1985,-0.4918,-5.3965,-5.1715,4.2689,0.6851,3.8662,-4.3657
-4.2306,1.1708,8.1930,0.7989,-0.1410,-0.6603,-11.2815,-8.2791,2.7366,0.7093,4.3656,-4.3657
-4.3503,1.2857,7.5369,1.4031,-0.8043,-0.8571,-11.9782,-9.0022,0.6536,1.8718,2.2869,-1.6391
-4.8507,1.6113,7.2616,1.5981,-0.4872,-1.0312,-5.7533,-6.4069,0.9242,2.3471,1.0886,0.4558
-4.5298,1.7095,6.0789,1.8221,-0.1628,-0.8672,-8.0804,-7.9296,1.1133,2.5146,3.4087,0.4912
-5.4300,2.1165,6.3470,1.9544,0.1466,-0.8248,-11.7938,-6.7684,-0.6536,2.5133,1.2658,4.3656
-6.0286,2.6767,4.3910,1.5981,-0.0312,-0.6562,-10.3980,-3.7469,-2.3439,2.7980,-4.3657,4.3656
-6.2848,3.4812,1.8986,0.6993,0.0314,-0.2056,-10.2041,-1.4509,-1.3360,1.4659,-1.9734,4.3656
-6.0980,3.0478,2.2362,-0.6734,1.6526,0.2037,-13.6493,-0.4142,-4.5753,-1.2706,1.3488,4.3656
-7.2257,2.6049,4.9297,-1.3022,0.9807,0.3655,-7.0461,0.7063,-4.6543,-4.3657,0.3773,4.3656
-6.8283,1.5514,4.7860,-1.8142,0.4804,0.7152,3.1412,2.6288,8.4635,-4.0965,-3.1272,3.2317
-6.1651,1.5778,5.7485,-1.7064,0.8885,0.7791,-4.6855,3.5650,1.7980,-1.2333,2.2866,0.6748
-5.9113,1.6400,5.7317,-1.3678,0.3015,0.4916,-7.3550,2.8299,1.4940,-1.6606,1.9621,-1.1679
-5.1571,1.4796,5.8826,-1.2041,-0.7384,0.4819,-1.7813,1.8771,3.2561,-2.3732,-3.3211,-3.7575
-4.6902,1.8914,7.3358,-0.9926,0.1459,0.3250,-5.3486,-1.3408,5.6192,-1.1081,2.0185,-4.3657
-4.8985,1.9728,7.2832,-0.4181,-0.1171,0.1088,-11.2360,-3.8451,4.1132,-0.7068,3.9351,-4.3657
-5.0733,1.6496,5.8921,-0.1893,-0.6070,-0.1061,-8.4659,-4.6998,5.2457,-0.1860,-0.1725,-4.3657
-4.9249,1.8818,7.3406,-0.1010,-0.4626,-0.2054,-9.9814,-6.4236,4.2784,-0.1756,2.8793,-4.3477
-4.8123,1.6807,7.4651,0.4451,-0.2229,-0.2751,-6.1435,-6.2584,2.9353,0.5203,2.3322,-3.6789
-4.5322,1.3838,8.8083,1.0247,-0.5554,-0.7666,-10.4148,-9.2871,2.1787,1.1134,2.6720,-3.4408
-5.7437,1.4413,6.3255,1.6725,-0.9971,-0.9258,-8.6574,-8.7987,3.6129,2.0189,2.3257,-0.5076
-6.1746,2.2314,6.6487,1.5821,-0.2210,-0.9781,-5.9687,-5.5091,5.0613,1.5791,1.0240,3.6830
-6.2872,2.4038,6.0669,1.4314,0.1545,-0.8402,-11.1282,-7.1802,-1.4126,1.7436,0.7922,4.3656
-5.4372,2.6264,5.1523,1.0561,-0.2601,-0.4844,-10.0437,-4.9440,-2.7773,2.3850,-3.1011,4.3656
-5.9975,2.7007,4.0486,0.6246,0.2930,-0.1895,-6.1268,-0.8021,-0.0263,1.3089,-4.1236,4.3656
-6.4260,2.7222,4.6639,0.0075,1.0068,-0.0095,-9.2129,-0.4405,-0.4645,0.6511,1.1273,4.3656
-5.7700,2.7509,4.5370,-0.3761,0.7678,0.1743,-10.7476,1.5658,-4.4604,-1.3579,1.0352,4.3656
-6.6295,2.4876,4.0630,-0.7706,0.2453,0.2619,-7.0725,1.6161,-0.8930,-3.4735,-2.3194,4.3656
-7.0102,1.9896,3.8499,-1.0700,0.4433,0.3798,-1.1588,2.9664,5.0182,-2.5466,-1.6457,2.0932
-5.5689,1.9058,4.5514,-1.5402,0.4854,0.5981,-3.5147,3.8954,-0.5267,-1.9504,2.4211,-0.4907
-5.6886,1.8411,4.3144,-1.8081,0.4314,0.7458,-3.2968,2.1955,2.6624,-3.2656,0.2180,-3.0637
-5.1140,1.7071,6.6487,-2.0364,-0.4141,0.6499,-4.6232,-0.7638,6.1052,-2.2856,-0.3528,-4.1162
-4.8243,1.6616,8.4635,-1.0024,-0.1041,0.3989,-4.6376,-3.7254,8.0732,-0.6883,2.3883,-4.3657
-3.8690,1.9154,8.6431,-0.0047,0.2427,-0.2021,-9.8258,-6.6176,3.5937,-0.3202,4.3656,-4.3657
-4.9416,1.7430,7.4077,0.5442,-1.0119,-0.4550,-11.8178,-7.4986,1.7406,0.8183,3.6668,-4.3657
-5.2864,1.9824,6.5841,0.6323,-0.9954,-0.5383,-10.9535,-8.4683,1.8124,1.2256,0.2471,-2.3501
-5.3367,2.0877,6.8738,0.7147,-0.4736,-0.6372,-8.9615,-8.2720,1.5083,0.8804,1.5018,0.1476
-5.5952,1.8699,7.0916,0.9835,-0.1931,-0.6410,-11.0780,-8.9208,1.5514,0.8856,1.4321,1.9805
-5.3893,1.8818,6.5170,1.2336,-0.3281,-0.5710,-11.1642,-8.1139,0.8021,1.3528,1.1322,3.4939
-5.2074,2.1644,5.8442,1.2544,-0.0489,-0.5159,-9.5457,-5.7604,-1.4485,2.1136,-0.1965,4.3656
-5.9113,2.5091,5.1092,0.9605,0.2357,-0.2228,-6.5888,-1.7119,-3.0406,2.2765,-3.6066,4.3656
-6.3662,2.6935,2.8874,0.3297,0.6745,-0.1847,-11.9327,-1.1516,0.4956,0.3256,-0.1415,3.7389
-6.2991,2.6336,4.3958,-0.1090,1.0668,0.1037,-10.2161,1.5610,-5.1188,-0.7961,1.0166,4.0602
-6.4069,2.3607,4.0749,-0.8334,0.7959,0.2859,-6.5338,1.9010,-1.7142,-3.0391,-1.8614,4.3656
-6.4763,1.9513,3.9433,-1.0673,0.0373,0.4883,-1.9369,3.0526,4.5825,-2.6484,-2.2964,2.0869
-6.1986,2.1955,4.3239,-1.3571,0.1351,0.6335,-6.8714,3.2346,1.2546,-1.8103,1.6016,0.2093
-5.3798,2.0183,4.6448,-1.4891,-0.1495,0.5572,-4.0055,3.1316,2.0758,-2.6817,-0.2515,-1.9995
-4.9752,2.0997,5.8634,-1.6181,-0.4482,0.6320,-6.2800,1.1133,3.9169,-1.7027,-0.5216,-1.9025
-4.6831,1.9968,7.1611,-1.1938,-0.2196,0.2713,-5.6360,-0.8547,6.9552,-1.2283,0.9070,-4.0819
-4.3431,1.9154,7.9871,-0.5149,-0.2983,0.0308,-6.1579,-2.3727,7.0773,-0.3833,1.8147,-4.3657
-5.2720,1.7789,7.7883,-0.0402,-0.4086,-0.1516,-7.8171,-4.4628,5.7533,0.7823,2.3285,-4.3657
-4.9392,1.7142,7.7285,0.3003,-0.2236,-0.3317,-9.1722,-5.5785,1.4605,0.5351,3.5714,-4.3657
-4.9919,1.5443,6.9552,0.4671,-0.3920,-0.4345,-8.3055,-6.9145,0.5531,0.8326,2.3720,-4.1565
-5.0805,1.6113,7.9799,0.8716,-0.4299,-0.5419,-8.8226,-7.3789,2.7653,1.0968,1.5912,-0.9867
-5.3032,1.7238,7.2137,1.2317,-0.3371,-0.6591,-7.7979,-6.1986,2.5307,1.5184,0.8384,1.0309
-5.5186,2.0949,6.4931,1.2717,-0.3724,-0.6516,-10.2424,-6.6104,-0.4597,1.5491,1.3863,2.5110
-4.9392,2.5762,5.8562,1.1297,-0.0546,-0.5877,-12.4187,-5.9592,-0.7685,1.7642,-0.8290,4.3656
-5.4420,2.4948,4.2617,1.1044,0.0843,-0.7233,-8.6167,-3.3615,0.0215,1.9621,-3.1944,4.3656
-6.4859,2.7653,4.3407,0.3022,0.0930,-0.2373,-8.1906,-0.2945,-1.0558,0.6306,-3.3692,4.3656
-5.9089,2.6911,4.9536,-0.1720,0.3624,-0.1609,-10.4435,1.1229,-2.5139,-0.3733,1.3514,4.3098
-6.3183,2.2936,4.9344,-0.4065,0.6199,0.0713,-7.7381,1.8962,-4.5490,-2.6910,-0.0649,4.1041
-6.4524,1.8196,4.8123,-0.7722,0.1523,0.3355,-0.2658,2.6600,6.5242,-3.2073,-2.9916,1.6972
-6.3997,1.9393,4.7070,-1.1483,-0.1215,0.6018,-7.3191,2.6097,2.7270,-1.4437,1.2578,0.6306
-6.4500,2.0016,4.6735,-1.1088,0.6590,0.6042,-6.7876,3.0742,1.9776,-1.8318,1.6478,-0.4281
-5.6934,1.6592,4.9584,-1.6370,0.1709,0.9723,-5.3247,2.1668,2.0399,-2.5646,-0.8859,-1.7253
-5.2696,1.5945,6.4045,-1.6489,-0.1191,0.8969,-4.4604,0.6680,3.3902,-2.3229,0.6287,-2.7406
-4.6855,1.8076,6.9695,-1.2640,0.0858,0.8224,-8.3031,-1.7238,4.6471,-0.7729,0.9803,-2.8657
-3.4405,1.5012,6.3734,-0.6199,0.2585,0.4550,-6.3039,-2.9090,5.5569,-0.9422,1.0648,-4.3657
-3.8762,1.7119,8.1020,-0.3914,-0.3475,0.0369,-8.8849,-4.8602,3.8523,-0.3148,3.5881,-4.3657
-4.5394,1.7909,7.1132,0.0205,-0.4915,-0.1660,-7.1347,-6.4404,1.5299,0.1203,2.4092,-4.3657
-5.0015,1.6879,6.8091,0.3139,-0.0517,-0.3419,-10.6638,-8.0780,1.8962,-0.0196,3.9502,-3.7006
-4.2928,1.5012,7.9990,0.5389,-0.4237,-0.4513,-11.9135,-9.9168,1.6855,0.7514,1.6389,-0.4572
-4.3407,1.4772,8.6143,1.3973,-0.7987,-0.7105,-8.5665,-8.8274,3.6559,1.9891,0.6285,2.4561
-5.3917,1.8148,7.7907,1.9526,-0.4898,-0.9579,-10.8649,-7.9464,3.3375,2.3920,1.0216,4.3656
-4.9584,2.4038,7.1347,2.1414,-0.1729,-0.9077,-7.2951,-6.3494,-2.4804,4.0175,-3.1804,4.3656
-6.4021,2.7725,3.7421,2.2318,0.1058,-0.7592,-9.4786,-1.7909,-0.5674,2.5191,-4.1208,4.3656
-6.8690,2.9592,2.5714,1.1295,0.8829,-0.1540,-6.2656,1.4605,-2.5857,1.8365,0.9757,4.1164
-5.4779,3.0215,2.9736,-0.2995,0.6074,0.0759,-10.2280,2.4612,-4.1492,-0.8455,0.9013,3.8312
-6.5673,3.0095,4.0701,-0.9778,0.6380,0.1939,-9.1746,1.8555,-3.8571,-3.5817,-0.7738,3.8028
-6.2704,2.1428,3.1412,-1.3221,0.6383,0.4074,0.6201,2.7174,6.7947,-4.1006,-1.5174,1.3823
-5.8107,2.2673,4.9584,-1.8728,-0.0095,0.6552,-6.1411,2.4636,2.6959,-1.9989,1.9490,-0.3038
-5.3870,2.0614,5.2026,-1.6767,0.4335,0.6146,-6.2273,2.0973,2.8228,-1.8095,1.6610,-0.9757
-5.1787,1.9082,6.5936,-1.5307,-0.1175,0.4558,-2.1883,1.2115,3.0837,-2.4853,-1.6086,-3.8119
-4.8411,1.9561,7.1778,-1.2335,-0.2883,0.2523,-7.2760,-2.0087,4.8435,-1.3071,1.6519,-4.3657
-4.4341,1.9034,7.5561,-0.6590,-0.4604,0.0474,-10.3597,-4.4724,6.0166,-0.2984,2.5768,-4.3657
-4.5657,1.8818,7.3813,0.0743,-0.5417,-0.0613,-9.1506,-5.5234,4.9488,0.4225,1.9188,-4.3657
-5.0278,1.7502,7.2329,0.2487,-0.1187,-0.1500,-7.2185,-5.0446,3.7541,0.5454,2.4424,-3.2162
-5.0494,1.8411,7.9775,0.4996,-0.1288,-0.4104,-10.5728,-7.2305,1.9345,0.5592,3.0559,-2.4024
-5.0422,1.8220,7.5729,0.9495,-0.4775,-0.5546,-8.2241,-6.8235,3.4596,1.4906,1.0034,-0.2581
-4.9512,2.0542,7.4819,1.3105,-0.3922,-0.8215,-10.3956,-7.9487,1.7430,1.6529,2.0524,0.8021
-5.7174,2.2817,6.4763,1.6021,-0.1761,-0.7731,-9.6965,-5.2074,1.3360,1.9923,1.2512,3.2130
-5.3295,2.8180,5.0542,1.2421,-0.0422,-0.8974,-11.2623,-5.2960,-1.4174,2.5167,-0.7626,4.3656
-6.0789,2.9113,4.4796,0.9032,0.3070,-0.6592,-8.0110,-2.2553,-2.6911,1.3558,-2.4729,4.3656
-5.1284,2.5019,4.3814,0.2825,0.6102,-0.3202,-12.6462,-2.6456,0.5339,0.1443,1.0621,4.0833
-6.9384,2.5714,5.0829,0.1029,0.6376,-0.2202,-9.3015,0.4788,-5.3654,-1.6814,0.5588,4.3656
-6.8522,2.4229,4.5705,-0.2844,0.1889,0.0929,-2.6288,2.7150,-3.6057,-3.2627,-3.2455,4.3656
-5.8155,1.7238,3.4788,-0.7673,0.0769,0.3443,-0.9146,3.0909,7.0006,-1.9200,-2.5114,1.6719
-6.4117,2.2051,5.5785,-1.0509,0.6471,0.4618,-8.7508,3.2489,-0.9601,-0.7715,3.3109,1.0954
-6.4955,2.1404,5.3822,-0.9391,0.3273,0.5413,-8.7197,2.7222,2.2098,-1.3467,0.0730,0.0558
-5.4516,1.7310,5.5426,-0.7690,-0.3417,0.6290,-5.2577,2.4517,3.9025,-1.7513,-2.5663,-0.7409
-5.7557,2.3104,6.2704,-0.5661,0.3882,0.5710,-7.8602,1.8555,3.2585,-0.1502,1.2043,-0.5870
-4.4149,2.4588,5.7820,-0.2916,0.0212,0.4112,-7.3191,2.4181,1.5467,-0.6387,-0.2309,-0.9156
-5.6024,2.5618,5.3463,-0.3499,-0.3299,0.2838,-5.3223,1.9776,2.0901,-0.7454,-1.7459,-1.7709
-5.3534,2.5498,5.3822,-0.6082,-0.2515,0.2385,-2.7940,0.4645,4.0103,-1.0245,-0.3796,-4.1188
-5.1044,2.9257,6.4979,-0.4242,-0.2228,-0.1065,-10.9846,-3.1244,4.1803,-0.4125,2.5814,-4.3657
-5.2553,2.5115,6.3231,0.0586,-0.2996,-0.2314,-6.3111,-4.0773,6.4189,-0.5873,1.3883,-4.3657
-4.5969,2.4349,6.6128,-0.0390,-0.7909,-0.3051,-10.7691,-6.6535,4.4484,-0.2321,3.6271,-4.3657
-5.3032,2.4014,7.6854,0.1785,-0.1636,-0.4788,-10.1778,-7.6303,3.5482,0.3163,2.7527,-2.9599
-5.7461,2.2960,7.7476,0.6010,0.0474,-0.4515,-11.3772,-8.0780,3.3998,0.7206,1.5944,-0.9010
-5.6479,2.2745,7.5441,0.8811,0.0901,-0.4301,-14.0588,-10.0748,2.7174,0.6955,2.7468,2.2000
-5.0566,2.3631,6.7493,1.2068,0.2465,-0.4691,-9.5217,-6.5122,1.1372,1.4766,0.0127,4.3656
-6.8426,2.8443,5.1212,1.0399,0.4596,-0.2314,-9.2799,-5.1715,0.4094,1.7401,-1.0432,4.3656
-6.2082,2.7581,4.3479,0.7983,0.7185,-0.0923,-7.9440,-0.5076,-3.8235,0.4574,-1.0643,3.9881
-6.4811,2.8970,3.8690,0.1537,0.9565,-0.0345,-10.0533,0.6369,-5.8754,-1.4603,0.2457,4.3656
-7.2185,2.5115,2.9329,-0.4419,0.6875,0.2210,-2.9066,2.8802,4.3263,-1.9521,-2.9950,3.4617
-6.8474,2.5474,3.5937,-1.1134,0.1597,0.5228,-4.8123,3.1364,0.8212,-1.3323,-0.9675,2.9953
-6.8738,2.5043,3.7182,-1.0965,0.8593,0.5025,-6.2225,3.4548,1.1109,-1.3851,1.4309,1.3304
-6.3542,2.3415,2.5833,-1.4128,0.1891,0.5324,-8.0254,2.8587,1.6616,-1.9613,-0.1005,0.3664
-5.5905,2.1476,4.1970,-1.6188,0.0608,0.6739,-5.1188,3.0789,0.2849,-2.2905,0.2666,-0.8396
-4.6711,2.2146,4.9871,-1.6069,0.0426,0.5057,-3.1747,1.4700,3.8020,-2.0376,0.2101,-2.9030
-4.5705,2.3966,6.8833,-1.2473,-0.2116,0.1659,-6.7445,-1.1229,4.0558,-1.4350,1.2883,-4.3657
-4.5729,2.4253,7.8865,-0.5096,-0.3906,-0.0450,-7.0677,-2.3391,5.5402,-0.6963,0.3128,-4.3657
-4.7788,2.2266,6.2058,0.0546,-0.8567,-0.3372,-7.7692,-4.8866,5.8921,-0.3762,1.1600,-4.3657
-5.1092,2.5283,7.1108,0.0887,-0.9466,-0.4395,-12.3014,-7.3358,4.4748,0.3468,4.3656,-4.3657
-5.6934,2.1811,7.1395,0.6723,0.0075,-0.3816,-8.4994,-6.6607,2.0183,0.9856,2.2893,-3.9816
-6.2321,2.0303,6.3829,0.6038,-0.0405,-0.3856,-6.6990,-6.3207,0.4717,0.7376,1.5696,-2.6115
-5.6336,2.1811,6.0765,0.5473,-0.3062,-0.4351,-9.7157,-8.1427,0.1724,0.4013,3.0605,-1.6326
-5.8562,2.3296,6.5769,0.7276,0.1845,-0.4702,-9.5337,-8.0637,1.2546,0.6592,1.2239,1.7533
-6.1818,2.1691,6.1172,0.9653,0.3800,-0.5083,-10.8457,-8.3917,-0.1221,0.8343,2.0137,3.4155
-6.2680,2.2266,5.6312,0.9629,0.0774,-0.4834,-9.9455,-6.6295,-1.6472,1.1338,-0.2916,4.3656
-6.8929,2.3559,4.4245,0.7135,-0.1025,-0.3324,-9.4858,-3.9456,-3.6559,1.2486,-3.1981,4.3656
-6.6966,2.3583,3.7302,0.3128,-0.0941,-0.1478,-9.4906,-1.6496,-2.7821,-0.4295,-1.5700,4.3656
-6.9240,2.3152,4.7381,-0.1226,0.5057,0.0249,-7.9464,0.4477,-3.4812,-1.8548,-1.2115,4.3656
-7.1874,1.9824,4.2329,-0.3340,0.5574,0.2285,-4.2306,2.4493,2.7677,-1.1409,-2.0972,3.4248
-6.2513,2.2146,4.7525,-0.6029,0.0482,0.3549,-6.3398,2.7653,0.6416,-1.4308,-0.9675,2.0555
-6.4236,2.2984,2.8132,-0.8084,0.2558,0.4726,-6.0789,3.4572,0.2538,-1.2260,-0.6804,0.8949
-5.8969,2.1500,3.6224,-1.3592,0.4044,0.6027,-6.3925,2.6049,1.6903,-2.0825,0.2013,-0.5071
-5.9520,1.9273,4.6615,-1.5576,0.2862,0.4663,-6.0765,1.7669,3.1196,-2.1109,0.5141,-1.3820
-5.9400,1.8938,5.2888,-1.2391,0.1539,0.4525,-5.5929,1.0415,1.4389,-1.5302,0.3220,-2.2222
-4.8961,1.9585,4.5969,-1.1543,-0.2759,0.1283,-12.1578,-1.9968,4.8554,-1.4121,1.3388,-3.4290
-5.2002,1.9034,6.3734,-0.8636,-0.4779,0.1709,-5.9687,-1.6927,5.5162,-0.8579,0.6494,-3.6900
-4.5825,2.1859,8.1834,-0.2196,-0.2863,-0.0405,-6.9192,-3.1699,6.0956,-0.3696,0.4535,-3.8356
-4.8411,2.1213,7.4172,0.3349,-0.4454,-0.3921,-8.8873,-4.6328,5.4061,0.4475,2.4853,-4.3423
-5.7197,2.0470,7.4843,0.7781,-0.6821,-0.5868,-6.8714,-5.2361,3.9552,1.2853,2.3657,-4.2667
-6.1866,2.0135,6.6080,1.1985,-0.3082,-0.6614,-5.7820,-5.1739,2.9712,1.4973,2.2483,-4.2570
-6.3063,2.2482,5.6575,1.0348,-0.5441,-0.5991,-11.4132,-8.3486,-1.1037,0.7506,3.8077,-2.4248
-6.5434,2.3104,5.5282,0.8327,-0.3114,-0.4491,-11.1881,-8.4060,-0.3256,0.9537,0.3421,0.5738
-6.6224,2.4086,5.4636,0.7867,0.0496,-0.2730,-9.3254,-7.1491,1.9393,0.6226,1.0084,2.5435
-5.7413,2.2697,5.1882,0.7995,0.2497,-0.1018,-12.2631,-6.7588,-0.2658,0.3607,2.5678,3.0365
-5.0302,2.6791,5.7293,0.6034,0.0252,-0.2982,-8.1882,-4.4963,-1.7286,1.7913,-1.6764,4.3656
-5.2648,2.9592,5.1475,0.7677,-0.2805,-0.3226,-8.2480,-2.1979,-1.7262,2.1386,-3.6455,4.0945
-5.8730,2.6983,4.1324,0.6270,0.0877,-0.1183,-9.9359,-1.1708,-0.4597,1.1439,0.4546,2.2384
-6.0478,2.8299,3.0885,-0.1717,0.4233,-0.1696,-12.4211,-0.5531,-1.4964,-0.3529,0.9298,2.6100
-7.0892,2.7078,4.8602,-0.4915,0.0153,0.1436,-8.6622,0.4501,-4.4508,-2.0996,-1.8024,3.8902
-6.9001,2.1859,3.8307,-0.8031,0.3607,0.3541,-3.1939,1.2210,2.9904,-3.2826,-2.4941,2.5069
-6.5745,2.0638,3.8188,-1.3242,0.3712,0.4908,-5.3032,1.2426,4.6878,-2.0058,0.3777,0.0217
-6.3949,2.3320,4.9823,-1.4667,0.4920,0.7353,-8.8969,0.7973,2.7054,-2.1466,2.2322,-0.5760
-5.9065,1.9513,4.4029,-1.6365,0.3948,0.6915,-8.9232,0.0215,4.6615,-2.2825,-1.2096,-0.5189
-5.3151,1.8148,6.4260,-1.4619,-0.0076,0.5135,-6.0262,-0.5411,4.5466,-1.9793,0.9737,-2.2772
-4.9488,1.9441,7.0749,-0.9177,-0.3854,0.2729,-5.4971,-1.6975,5.3175,-1.1313,0.4806,-3.6459
-4.8387,2.0830,7.0844,-0.3347,-0.5123,-0.1709,-8.4491,-3.7038,5.8347,-0.2441,1.1527,-4.3657
-5.5402,2.1237,7.3861,0.2181,-0.2719,-0.2419,-6.1603,-4.6543,6.1794,0.8384,2.1822,-4.3657
-4.7046,2.1668,6.9121,0.6407,-0.1659,-0.4229,-9.3063,-6.8354,1.8411,0.7915,4.3483,-4.3657
-5.4396,2.2290,6.5721,0.8283,-0.2836,-0.4411,-10.2831,-7.5896,-1.2330,0.8006,3.7182,-3.3696
-5.1188,2.1572,5.9424,0.5713,-0.5391,-0.3420,-10.1442,-8.2217,-0.3807,0.9362,1.6296,-0.4062
-5.8059,2.3032,6.9049,0.8426,0.2955,-0.5259,-9.3470,-7.4986,-0.2490,1.0878,1.8018,2.3204
-6.5745,2.2122,5.7628,0.8956,0.3067,-0.4758,-10.0796,-6.1579,-2.6552,1.5002,0.1391,3.4322
-5.8538,2.3032,5.5282,0.8070,-0.3928,-0.3147,-10.4387,-4.9560,-1.6712,1.4687,-0.8511,3.4633
-6.3255,2.3846,4.8818,0.7673,0.0823,-0.2409,-9.6558,-3.5458,-0.3089,0.9188,-0.7045,3.4811
-6.8019,2.4229,3.7086,0.3521,0.1623,-0.0717,-11.0277,-2.9784,-0.7398,0.3969,-0.3067,3.9214
-6.4189,2.4565,4.4748,-0.0481,0.2827,0.0225,-10.5824,-1.0726,-4.6064,-0.5954,-1.0673,4.3656
-6.5864,2.4325,4.7692,-0.2454,0.1079,0.0677,-6.1411,0.7829,-4.0845,-2.1613,-2.7614,4.3656
-6.6655,2.0734,3.8379,-0.5127,-0.1458,0.2453,-3.3734,1.8435,5.6360,-1.9610,-2.3133,2.5599
-6.4476,2.3966,4.7836,-0.7250,-0.0113,0.3675,-4.7573,2.8994,0.3400,-1.0864,0.4383,0.8336
-6.2560,2.4229,3.7038,-0.7513,0.3155,0.3493,-6.6607,1.9513,2.3679,-1.2430,0.3914,-1.0280
-5.7964,2.5498,3.7565,-1.1800,-0.1796,0.5241,-5.4516,1.8555,2.8659,-2.2234,-0.8499,-1.9978
-6.2728,2.0949,4.5155,-1.7652,0.2856,0.6631,-5.6120,0.5195,2.2290,-2.0383,0.4656,-2.4605
-5.7485,1.9752,6.1028,-1.4089,0.1081,0.7857,-10.6901,-3.0694,5.3175,-2.2259,2.3411,-4.0293
-4.1899,1.7071,7.0725,-0.8296,-0.4371,0.6845,-5.7245,-2.4134,4.0917,-1.5656,-0.2070,-4.3497
-5.2194,2.0111,6.9121,-0.5922,-0.4032,0.2302,-10.5010,-5.3870,5.3056,-0.7265,1.1032,-3.2997
-4.6687,2.1883,7.9104,-0.2486,-0.3102,0.0212,-6.7086,-5.4851,5.1212,0.0597,1.5300,-3.9335
-4.3072,2.3128,8.0038,0.2326,-0.0438,-0.2489,-8.0325,-6.6391,2.9975,0.1808,3.6048,-4.3657
-4.7381,2.0327,7.6806,0.4979,-0.1916,-0.4286,-8.1786,-7.7213,1.8148,0.3505,3.2141,-3.5549
-4.6376,2.0351,8.4060,0.8018,-0.5530,-0.6884,-8.8825,-9.3206,2.0614,1.1542,1.5190,-2.1622
-4.6831,2.0782,7.1323,1.2834,-0.5652,-0.9168,-7.1539,-8.2025,1.6305,1.3909,1.7364,-0.1756
-6.0645,2.1979,6.1603,1.2673,-0.2615,-0.9653,-9.5792,-9.2751,0.4956,1.1996,2.4750,1.8975
-6.0262,2.0997,5.8730,1.4073,-0.0589,-0.7770,-9.2536,-8.1690,0.2801,1.5148,1.0076,4.3656
-6.4117,2.3296,5.0182,1.1223,0.2848,-0.6127,-8.0517,-6.2369,-2.1404,1.7629,-1.0686,4.3656
-6.6391,2.4900,3.9217,0.6451,0.2162,-0.3054,-10.3166,-4.3981,-2.1213,0.9702,-1.0665,4.3656
-6.4691,2.4541,4.0199,0.0719,0.4287,-0.0658,-10.3789,-3.1795,-3.1699,-0.4159,-0.6969,4.3656
-6.3829,2.3367,4.9153,-0.0847,0.5554,0.0398,-5.6168,0.2011,-3.7685,-1.5020,-2.1433,4.3656
-6.4404,2.3463,5.0589,-0.6266,0.1211,0.3106,-6.3255,0.2514,0.5674,-2.2612,-2.1837,4.2778
-6.3662,2.1715,4.6424,-0.5978,0.0141,0.3917,-3.8403,2.0207,3.5410,-1.3015,-1.5797,1.6410
-6.2273,2.3128,4.3407,-0.7366,-0.0065,0.4908,-6.4572,1.6568,2.2769,-1.5290,0.1641,-0.2583
-6.5745,2.5881,3.5793,-1.0118,0.2729,0.5047,-7.9057,1.3551,3.0813,-1.8273,-0.1761,-0.7388
-5.7652,2.2817,4.4484,-1.4051,0.2321,0.6675,-3.5578,1.7071,0.0766,-2.2095,-0.3263,-2.1833
-5.6575,2.0638,5.3870,-1.5835,0.0759,0.6376,-9.4475,-1.5562,3.9504,-2.3739,1.4360,-3.4518
-4.8219,2.2505,7.2832,-1.2208,-0.4967,0.7582,-8.1594,-1.9178,4.8914,-1.5320,0.0906,-1.2995
-4.6591,2.1404,6.9863,-0.6436,-0.1351,0.5536,-6.1411,-2.6264,4.5394,-1.0501,-0.5450,-3.0955
-3.9385,2.1213,6.2824,-0.4365,-0.6035,0.0318,-8.0230,-5.2098,6.6702,-0.6030,3.1088,-4.3657
-4.0175,2.2960,9.2464,0.0256,-0.4643,-0.3112,-7.6854,-6.3255,5.2529,0.4557,3.2355,-4.3657
-4.8578,1.8914,7.7931,0.9394,-0.0378,-0.5549,-3.6966,-5.5522,2.2553,1.2798,1.9632,-4.3657
-5.3151,1.9920,7.1347,0.8122,-0.8306,-0.7510,-10.7978,-9.5624,0.3472,0.7639,3.9532,-2.9888
-5.3726,2.1404,6.3518,1.0568,-0.2282,-0.7747,-12.0285,-9.9000,2.0638,1.0917,1.0401,0.7778
-5.5354,2.1380,6.5027,1.0086,0.0878,-0.7077,-9.6822,-8.5258,2.8539,1.1261,1.7237,3.4472
-5.7940,2.4062,6.4141,0.9314,0.3207,-0.6423,-10.5943,-7.4651,-1.9944,1.3674,0.8801,4.3656
-5.6862,2.4157,5.2960,0.8724,0.3096,-0.4587,-6.8570,-3.7948,-2.4804,1.6963,-2.6815,4.3656
-5.9256,2.5738,5.0015,0.5740,0.2725,-0.1708,-7.9823,-2.3391,0.0263,0.9832,-1.0159,3.7437
-6.7277,2.6049,4.3263,0.2952,0.8331,-0.0290,-11.1642,-1.6137,-1.3862,-0.0212,1.1505,3.1253
-5.9735,2.5211,4.0773,-0.0113,0.3924,0.1206,-8.8346,0.4142,-3.7206,-0.9153,-1.5090,4.3656
-6.4500,2.6456,3.7110,-0.4265,0.0807,0.2109,-8.7149,0.4908,-2.5857,-2.6465,-2.7195,4.3656
-6.2106,2.1907,3.6847,-0.6338,0.0823,0.2856,-1.2354,3.0454,3.3255,-2.1520,-2.2920,2.7366
-5.6743,2.4086,4.1563,-1.0359,-0.0091,0.5035,-5.2601,2.8706,2.2146,-1.5200,0.7469,0.9200
-6.2010,2.5450,4.9440,-1.1526,0.1208,0.5031,-7.3550,2.7653,0.6560,-1.5974,0.3377,-0.0871
-6.2273,2.3008,4.5107,-1.2919,0.0975,0.6400,-5.5426,2.1787,2.4325,-1.7551,-0.6396,-0.8436
-5.4636,2.1644,4.4317,-1.5568,0.2581,0.7565,-5.9065,0.6440,5.7628,-2.4022,0.3268,-2.3407
-5.0589,2.2170,7.0581,-1.5707,0.2946,0.5476,-6.7876,-0.6871,4.6376,-1.7642,1.8257,-3.4732
-5.1858,2.0686,7.7859,-0.9554,0.0290,0.3832,-9.0668,-2.7964,4.8602,-1.2017,1.5897,-4.0338
-4.1492,2.1404,6.9216,-0.3239,-0.5630,0.1463,-8.9950,-4.1994,6.8331,-0.4403,1.1964,-4.3657
-4.5298,2.4636,7.6710,0.1296,-0.3998,-0.2906,-6.2441,-4.0701,4.0606,0.2902,2.5835,-4.3657
-4.6495,2.2122,7.3981,0.4683,-0.2092,-0.5429,-8.3342,-5.7485,2.5450,0.6270,3.0313,-3.9655
-5.0877,1.8411,7.5944,0.6285,-0.5554,-0.7209,-7.7285,-6.8139,1.9513,0.9162,1.9256,-3.2515
-5.2960,1.6520,7.6375,0.9344,-0.4887,-0.8021,-9.1913,-8.8657,1.9201,1.2816,2.1196,-2.0222
-5.9855,1.6496,7.2999,1.2861,-0.0894,-0.8370,-11.4467,-9.5026,3.0335,1.2227,2.3601,0.9798
-6.3494,2.0183,6.5936,1.4394,0.0453,-0.8033,-19.3356,-12.4953,3.1580,1.0190,2.7727,4.3656
-5.6479,1.8172,6.1651,1.2550,0.0067,-0.6367,-2.2482,-4.6304,-6.3973,3.8211,-4.3657,4.3656
-6.4620,2.3798,4.3024,1.0465,-0.3756,-0.5105,-9.8617,-2.3918,2.8826,1.2492,-2.3104,4.1612
-7.0773,2.4565,4.0486,0.2834,0.6651,0.0775,-8.9328,0.5171,-2.7031,0.3238,2.2846,3.1287
-6.1339,2.5043,3.7014,-0.3800,0.8504,0.2442,-10.1682,1.4174,-5.0661,-1.3989,-0.3706,3.0577
-6.7062,2.4134,3.9552,-0.7711,0.6502,0.2866,-6.2872,1.5586,-1.1875,-3.1929,-1.4425,2.3287
-6.9073,2.2793,2.6528,-1.1095,0.2947,0.5741,-3.7900,2.2027,5.2744,-2.2224,-1.1555,0.3227
-6.2800,2.4277,4.5921,-1.5268,0.8520,0.7456,-5.5833,2.5666,-2.1404,-2.4344,1.9939,-0.9200
-5.9927,2.0016,3.9600,-1.7060,0.5219,0.7127,-9.5600,0.3974,2.9185,-1.9072,0.4313,-0.9928
-5.7269,1.8531,5.7581,-1.5330,-0.3721,0.6047,-8.1618,-0.3974,3.6871,-1.7203,-0.5002,-0.4542
-4.9919,1.8292,6.4332,-1.1826,-0.5549,0.4126,-5.0470,-0.2538,3.9097,-1.1279,-0.9134,-1.6410
-3.5530,1.8100,6.5362,-0.9966,-1.2502,-0.1527,-5.7964,-1.9249,5.9161,-0.6320,-0.5219,-2.8150
-4.7525,2.0806,7.9440,-0.2614,-0.3359,-0.2887,-8.4946,-4.1372,6.4260,-0.2086,1.4453,-4.3657
-4.5777,1.8531,7.0437,0.1724,-0.2582,-0.3878,-7.9416,-5.5833,4.7549,0.3540,3.1129,-4.3657
-4.8985,1.6448,7.3909,0.4253,-0.3495,-0.4644,-7.8051,-5.9831,3.6488,0.4960,3.3005,-4.3657
-5.0230,1.7095,8.1259,0.6475,-0.2030,-0.5646,-8.5832,-7.1730,2.1572,0.7738,2.1972,-2.7394
-5.4923,1.4820,7.4077,1.0241,0.0589,-0.6622,-8.5138,-7.1108,1.3144,0.9864,2.2327,-1.2281
-5.6336,1.6807,6.7612,0.9120,-0.4289,-0.5840,-9.9695,-8.0852,-0.4310,1.0439,2.0937,0.4211
-5.5593,1.7861,6.4500,0.9950,-0.2169,-0.6829,-9.0621,-6.9552,0.6584,1.4011,0.1984,2.3014
-6.2608,1.8292,6.0980,0.9361,-0.0517,-0.6508,-6.7181,-6.4093,0.0622,1.7910,-0.5971,2.6372
-6.1028,1.9704,6.1196,0.9966,0.0284,-0.5950,-11.1594,-6.2800,0.1173,1.2545,1.4389,2.3702
-5.9735,2.4421,4.8195,0.8446,0.0017,-0.5598,-13.2591,-6.1866,-0.9816,1.0249,-0.6187,4.3656
-6.1124,2.7318,4.6208,0.6692,0.2056,-0.1923,-8.6646,-1.9824,-4.5514,0.1362,-3.0303,4.3656
-6.4045,2.4301,3.1843,-0.0729,0.6266,-0.0357,-7.0844,-0.0910,-1.4293,-1.6081,-1.8604,4.3656
-6.4691,2.1237,4.5083,-0.5817,0.7834,0.2122,-3.8547,1.8890,1.6233,-2.0399,0.3372,3.6541
-5.9735,2.0183,4.6974,-0.7661,0.3281,0.3126,-7.0150,1.8531,3.3016,-1.3154,0.3368,2.3013
-5.9137,2.1883,5.8969,-0.5167,0.2990,0.2727,-5.3965,3.3447,0.8643,-0.7061,-0.1256,1.1349
-5.9927,2.2051,4.8315,-0.4499,0.0360,0.2992,-7.0485,2.9305,1.2809,-0.8240,-0.5581,0.2515
-6.5529,2.2769,4.0342,-0.7508,0.2249,0.3849,-7.5202,3.0478,0.4693,-1.4206,-0.3632,-0.1172
-6.6391,2.0446,4.4843,-1.0936,0.3605,0.6487,-5.6814,2.7222,1.0774,-1.4041,-0.4895,-0.4044
-5.6503,2.0016,4.5586,-1.3808,0.4305,0.6326,-3.5147,1.1444,1.5921,-2.0324,-0.3223,-3.3278
-4.8363,1.7765,5.7533,-1.4190,0.2222,0.5588,-10.3238,-2.7054,5.6814,-2.5993,2.0033,-4.3657
-5.5091,1.6975,6.5745,-1.1057,-0.2233,0.2946,-9.1219,-3.1364,4.5849,-1.5777,1.1930,-3.9321
-4.6711,1.8052,6.9336,-0.5600,-0.5124,0.1351,-8.2265,-4.7764,3.2250,-0.9994,0.3404,-4.3657
-4.7860,1.9417,6.6631,-0.2562,-0.6928,-0.1266,-10.2687,-6.4763,4.0654,-0.5192,4.1331,-4.3657
-5.1332,2.0016,7.6064,0.2145,-0.3603,-0.3152,-10.8050,-7.5274,3.3806,0.3928,1.9167,-2.9014
-4.9177,1.5802,8.1977,0.5897,-0.1019,-0.5007,-3.0670,-6.4141,3.7110,1.2542,-0.1997,-2.7091
-5.1212,1.6017,8.3462,1.2682,-0.5260,-0.7553,-8.8298,-8.5281,2.9544,0.7623,4.3656,-4.1042
-5.0206,1.8340,7.3550,1.5271,-0.6640,-0.9193,-10.0317,-9.4116,0.9074,1.3500,2.7459,-1.6357
-6.0861,2.0327,6.4739,1.7361,-0.1881,-0.9747,-8.2384,-8.0254,2.2793,1.6645,0.9257,1.6401
-6.8953,2.3918,5.5378,1.6775,0.0093,-0.7236,-7.7979,-7.1371,1.2570,1.5755,1.2137,4.3656
-7.0413,2.6504,3.0885,1.2724,0.8655,-0.6339,-15.9334,-8.9950,-0.6009,1.1074,0.2549,4.3656
-7.3741,2.6576,3.9744,0.8192,1.3241,-0.2048,-3.9217,-3.7948,-6.1363,1.0834,-3.6579,4.3656
-6.8618,2.2697,3.4644,-0.0192,0.7553,-0.1844,-8.5760,-1.9130,-1.9130,-0.5709,-2.9563,4.3656
-7.8338,2.0494,3.8978,-0.3577,0.8917,0.0979,-2.5809,1.8723,0.5052,-1.6373,0.1463,3.0606
-7.4292,2.1237,3.9456,-0.9201,0.3978,0.4964,-5.3510,2.3703,-0.0431,-1.3050,-0.0430,2.0895
-7.1778,2.1500,4.0127,-1.0686,0.8219,0.4738,-7.0964,2.0877,2.1859,-1.3712,-0.2509,1.1254
-7.0006,2.2242,3.5338,-1.2402,0.5176,0.6059,-9.0333,1.7262,1.5060,-1.5383,0.5560,0.3629
-6.2776,2.0231,4.2114,-1.5545,0.3032,0.7473,-7.0413,2.1524,-0.0192,-1.8883,-0.1474,0.3347
-6.1651,1.9417,4.9153,-1.5266,0.4170,0.6892,-4.7070,1.9321,1.0511,-2.1618,0.0228,-1.6722
-5.4468,2.0207,4.6495,-1.4989,-0.4112,0.5500,-6.0406,-0.4046,2.7845,-2.6779,0.5361,-3.9558
-5.2577,2.0710,5.7389,-1.6750,-0.9085,0.2110,-6.4021,-2.2936,4.1683,-2.0552,0.2174,-4.3657
-5.6790,2.3008,7.3287,-1.1485,-0.9266,-0.0878,-6.2752,-4.5490,5.0518,-1.1194,1.2610,-4.3657
-5.6431,2.0016,7.7476,-0.3401,-0.3756,0.0234,-8.5976,-7.2496,4.2114,-0.3192,3.4879,-4.3657
-4.9297,1.8627,8.0996,0.2593,-0.1875,-0.2846,-8.9567,-8.2432,2.4900,0.1029,3.5140,-4.3657
-5.9113,1.6017,8.2528,0.9483,-0.3124,-0.6059,-5.1739,-7.0318,3.6631,1.2235,1.0300,-2.6697
-5.4300,1.8842,7.3813,1.3526,-1.0432,-0.8029,-9.3350,-10.2879,0.7063,1.3923,3.0172,-2.1893
-5.7126,2.0901,6.8354,1.6373,-0.6182,-0.9792,-6.4955,-9.0740,-0.8332,1.8506,1.7700,-0.9553
-6.3997,1.9489,5.5713,1.5472,-0.5801,-1.0629,-9.4020,-9.1195,0.2370,1.4198,1.9835,1.7784
-7.2353,2.0614,3.2250,0.8424,0.0477,-0.7394,-9.4236,-8.7628,-2.1883,0.9261,0.4189,3.8566
-7.6064,2.0518,4.4125,0.3757,0.4221,-0.3937,-8.8346,-7.9871,-0.2921,0.5019,-0.2422,4.3656
-6.3494,1.8794,6.2201,0.3756,0.6740,-0.2401,-7.5034,-5.5522,-1.0127,0.8512,-0.9595,4.3656
-6.8307,1.9609,4.6711,0.5997,0.2840,-0.1282,-11.4084,-5.3175,-1.2139,0.4608,0.1609,4.3656
-6.2728,1.9632,3.6464,0.3035,-0.0238,-0.0336,-9.3158,-1.4724,-2.5570,-0.1892,-2.7077,4.2360
-6.6750,2.2290,4.7860,0.0071,0.1771,0.1462,-6.1459,0.3998,-2.1117,-0.6639,-0.7089,3.4701
-5.5833,2.4014,3.5745,-0.3940,0.0510,0.2928,-9.6127,0.0479,-0.2897,-1.5036,-0.1637,2.9881
-6.4643,2.2218,4.3383,-0.5181,0.3910,0.2152,-9.8043,0.8332,0.5674,-1.9642,-0.5886,2.9080
-6.8402,2.1093,3.3136,-1.0996,0.0181,0.4393,-8.7963,1.5778,3.3423,-2.4068,-0.1073,1.7977
-6.7660,2.0183,4.0582,-1.5865,0.2197,0.7762,-2.8084,4.7405,1.3288,-1.2534,0.0931,1.0770
-6.2106,2.0542,3.7158,-1.6902,0.7790,0.4762,-7.4867,3.1460,-1.0678,-1.9933,1.4230,-0.9353
-6.5745,1.6879,4.8674,-1.6671,-0.0592,0.6400,-6.5122,2.6217,1.0822,-2.0865,0.3194,-1.0204
-6.5793,1.4509,4.7573,-1.8053,0.0770,0.7622,-3.5075,2.1835,0.6057,-1.7019,-0.8118,-2.6365
-4.8339,1.4844,6.8402,-1.7620,-0.1576,0.5689,-5.5522,-1.3719,3.6416,-1.5643,0.3988,-4.3657
-4.7118,1.5514,7.6806,-0.9983,-0.6579,0.1502,-9.2177,-4.8937,4.1324,-0.9439,0.9497,-4.3657
-4.8842,1.5778,7.9990,-0.2241,-0.8059,-0.1047,-7.1682,-6.0837,6.3518,-0.2113,0.2398,-4.3657
-4.6184,1.4988,7.8434,0.1038,-0.7234,-0.1593,-8.8298,-8.2480,4.3263,0.2854,3.1877,-4.3657
-4.4125,1.3886,8.6742,0.5868,-0.4073,-0.4338,-9.9072,-9.1291,4.0366,0.7167,3.1565,-3.7895
-4.6663,1.1708,8.7795,1.2638,0.0185,-0.7268,-6.1675,-7.7788,1.9465,1.4316,1.7555,-2.3473
-5.0973,1.3743,7.4077,1.4166,-0.7410,-0.9598,-12.7419,-12.1793,1.3791,1.3600,3.5980,-0.3284
-5.5737,1.6616,7.0485,1.7480,-0.3667,-1.0220,-8.7388,-9.3206,2.0039,1.9590,1.2105,3.3536
-5.6024,1.8603,5.7078,1.9345,0.2002,-1.0950,-7.7524,-7.0006,1.4916,2.3138,0.8368,4.3656
-7.1228,2.1644,4.6184,1.3721,0.1227,-0.7107,-5.2816,-3.0861,-3.8523,2.4874,-1.0291,4.0346
-6.3231,2.5977,2.8228,0.5181,-0.0743,-0.3997,-11.8369,-3.5961,-1.8555,0.9773,-0.0274,4.0460
-7.2305,2.2314,4.2617,-0.1516,1.2276,-0.2415,-10.4124,-1.4078,-5.1236,-1.2818,-0.5381,4.3656
-5.5881,1.5419,5.3750,-0.2217,0.5678,-0.0313,-5.8347,1.1612,-0.6632,-2.1458,-2.0123,3.2523
-7.5322,1.4102,3.9959,-0.1958,1.0146,-0.2498,-9.6438,-0.4717,1.8794,-1.8349,0.2218,4.0032
-7.7692,1.3982,4.9273,-0.3818,0.7553,0.4049,-7.6806,1.5012,2.0255,-1.2869,-0.9272,3.3334
-6.7780,1.4796,4.4341,-0.3750,-0.0127,0.5213,-5.3032,3.3351,0.6105,-0.8254,-1.3312,1.3964
-6.6870,1.5467,3.1053,-0.7366,0.5500,0.6101,-6.7229,2.9616,1.5802,-1.3284,0.6656,0.1248
-7.0150,1.7573,3.1699,-1.4312,0.1540,1.0317,-7.3119,2.7988,1.8483,-1.6032,0.6230,-0.2134
-7.1898,1.6568,2.4134,-1.5934,0.6512,1.4290,-8.1523,2.7677,-2.2075,-1.7123,1.5091,-0.0678
-6.5242,1.6688,4.5083,-2.0332,0.9276,0.9232,-7.5106,1.5634,1.5107,-2.4349,0.3619,-0.4277
-7.1970,1.4198,2.4421,-2.3852,-0.1053,2.3926,-5.9544,0.9481,3.0933,-2.7629,-0.9449,-0.6343
-3.7924,2.3846,9.2440,-2.3836,-0.2317,1.4873,-8.7029,-0.8356,6.2082,-1.9797,1.9712,-1.5266
-4.7908,2.1117,7.3191,-0.9525,-0.0354,0.5864,-10.0102,-1.0702,5.2457,-0.1747,0.9184,-1.1145
-5.6814,1.8938,6.1699,-0.8056,-1.0188,1.0635,-7.0581,-0.5195,3.8882,-0.2975,-1.1068,-2.0105
-5.5617,1.9920,5.1356,-1.1824,-1.0556,1.0347,-7.6782,-1.2019,3.7972,0.0835,1.8099,-3.3140
-3.0646,1.7933,7.5058,-1.3049,-1.0040,0.4966,-8.0373,-2.1763,0.7422,0.0041,1.8764,-3.5866
-2.5762,1.1253,8.2791,-0.8727,-1.8146,0.1527,-6.4572,-3.9935,2.3583,0.3937,0.2926,-4.3657
-2.9832,0.5866,10.6518,0.3548,-1.9642,-1.6270,-8.7388,-7.6231,6.1866,1.5468,1.0299,-4.3657
-3.5961,0.7781,8.8059,1.0749,-2.1409,-1.6790,-11.8369,-9.2943,4.7190,3.0362,1.6008,-2.0821
-4.4388,1.1133,8.8418,1.5447,-2.1276,-1.3487,-7.8362,-6.9719,1.7957,3.4478,-0.1017,-0.5913
-4.6663,1.1444,7.4292,1.5561,-1.7315,-1.2077,-7.2712,-6.2560,2.5402,3.1869,0.8035,-0.3736
-3.8547,2.6384,7.9895,1.2193,-1.6948,-0.9334,-10.6470,-6.9671,0.8021,2.6918,1.4059,1.4274
-3.7781,2.9688,7.3095,1.6252,-0.1124,-1.0921,-9.2871,-4.7238,0.1628,2.0388,0.3292,3.3271
-4.2689,2.6767,7.5753,2.2824,1.2017,-1.7475,-7.5034,-2.8012,-0.3304,1.3480,0.8489,2.0519
-4.4005,3.1747,6.3925,2.7206,2.4472,-3.8757,-12.3134,-3.0789,-0.0096,0.5752,1.6458,2.4353
-7.9775,2.3798,4.6232,2.5814,3.9859,-4.0009,-7.5633,-0.8284,0.3711,0.4978,-1.3655,2.9412
-6.6702,2.7414,3.4620,1.2522,2.9176,-1.1077,-7.8458,0.5650,-1.0534,0.2357,0.5943,2.8298
-6.3446,3.0406,0.6009,0.2864,1.0770,0.2057,-11.5688,-0.1269,-1.0415,-0.7717,1.0047,3.9751
-7.1323,3.4620,4.0534,-0.3829,1.3883,0.5079,-8.2887,1.9872,-2.4804,-1.9088,-2.4083,4.3656
-9.0477,2.5642,2.2458,-0.6316,2.1827,1.0535,-1.8723,3.7469,2.2817,-2.0475,-1.5906,2.4673
-7.0797,3.4907,2.0901,-1.5362,1.7019,2.3125,-4.9057,3.1771,2.3918,-2.4075,2.0133,0.8620
-5.4444,3.8068,-5.8083,-2.7078,0.5309,1.6622,-8.3821,1.9513,3.7278,-2.1810,1.3082,0.2527
-10.1778,1.5155,3.3902,-4.3531,0.2164,3.4696,-4.1372,2.6815,2.2266,-1.7838,0.8496,-0.2144
-1.8962,1.7645,7.6926,-4.3657,-1.0523,4.2601,-7.0246,2.2170,3.8571,-1.4574,2.2831,-1.6497
-2.1715,2.4756,6.8929,-3.4593,-0.6352,3.1546,-8.2025,0.9888,1.3072,-1.2586,2.3555,-1.9690
-2.8108,3.1939,7.1443,-2.1701,-0.6197,2.2461,-9.9168,0.4860,0.7709,-1.3294,0.2202,-1.7273
-1.9082,3.0742,7.8027,-2.9652,-2.0392,1.2601,-4.5322,0.5148,2.1811,-1.6557,-1.9795,-1.8090
-1.3599,2.6767,10.6111,-1.3399,-0.4971,0.3712,-7.7405,-2.4756,6.3494,-0.9654,0.8664,-3.2640
-2.0973,2.7078,9.0932,-0.2830,-0.9638,-0.4493,-11.1642,-3.8499,3.9193,0.0853,1.3711,-2.2174
-2.6240,2.3607,9.7731,0.1142,-0.8553,-0.8487,-9.1028,-3.5769,5.3127,1.3804,-1.6541,-1.6952
-2.3104,1.9537,9.8497,0.6570,-1.5560,-1.4621,-7.8123,-3.9552,5.3486,1.4394,0.2486,-2.8051
-0.6105,2.0542,9.6606,1.1632,-1.3908,-3.5122,-10.0772,-6.0023,4.6088,2.3848,0.8764,-2.8186
-4.4556,2.0183,8.1163,2.5021,0.4302,-4.3657,-11.9255,-6.4141,3.5362,2.6737,1.9521,-1.4452
-7.8530,3.0670,6.8043,2.4076,-0.2189,-1.7761,-7.8003,-4.6232,4.4819,3.3008,0.3412,0.8781
-4.2928,3.7086,5.6838,1.6621,-0.8476,-1.1290,-15.2295,-5.7772,2.0423,2.6464,2.6311,3.4061
-6.9216,4.5801,4.7860,1.4899,0.9241,0.0203,-9.0573,-1.9561,-4.3598,2.5411,-0.5148,4.3656
-4.6376,4.4580,4.9273,0.2458,0.5431,0.6170,-5.2864,2.1931,-3.7086,0.2896,-2.2789,4.3656
-5.3056,4.8147,4.0079,-0.1304,1.7848,-0.2064,-8.7676,1.8699,-0.0670,-0.4908,2.1172,3.5919
-7.3095,3.8259,3.2513,-0.2840,2.5121,1.3503,-6.2513,3.4740,-1.0032,-1.2871,1.7075,3.0481
-4.4796,3.9409,5.6862,-0.9201,1.2505,1.0541,-7.7668,3.9887,-0.4070,-1.5882,0.7795,1.3195
-5.2241,4.1228,4.4125,-0.6730,1.0018,0.8111,-7.4196,3.9504,-1.5850,-1.7292,1.3700,1.2724
-6.2201,4.2377,2.5642,-1.0264,1.3347,1.0448,-6.6415,4.3455,-1.6975,-2.1695,-0.3600,0.7096
-4.5849,1.9680,5.6743,-1.0625,0.8921,0.9497,-3.5171,2.0207,-1.1995,-1.2682,0.4395,-3.8942
-0.2586,3.1723,5.7245,-1.6806,-0.7485,2.0009,-8.8370,-0.9529,2.6576,-1.8330,1.7605,-4.3657
-3.7828,3.1723,6.1938,-1.6967,-1.5187,1.8672,-10.4866,-1.5371,3.5434,-0.8142,-0.4422,-3.9798
-1.5227,3.8355,7.6447,-1.6643,-2.0001,0.7401,-8.9735,-2.1117,3.5482,-0.0075,-0.6126,-3.5065
-1.5419,2.6528,8.2480,-0.7573,-1.7139,0.1174,-3.5865,-3.7517,2.7916,0.1426,0.2137,-4.3657
0.3807,2.6360,9.8545,-0.1250,-1.9983,-2.1813,-9.9335,-7.7788,6.8546,0.4515,4.3656,-4.3657
-3.8810,2.9473,9.5193,0.9028,-1.5292,-3.8133,-12.2032,-9.6127,3.7086,2.2272,1.3671,-2.9966
-3.3208,2.7916,7.9080,0.9224,-2.0570,-1.3279,-8.6550,-8.1139,3.3686,2.8567,-0.6791,-0.4040
-2.8108,3.2346,8.3917,1.3013,-1.7192,-1.8377,-9.2680,-8.1020,1.4246,2.4052,2.4877,-0.0024
-3.6105,3.3208,8.3294,1.1894,-1.8676,-1.0528,-9.5074,-7.8290,2.0231,2.8430,0.1841,1.4297
-2.4948,4.0558,7.3215,1.2349,-1.8698,-1.3436,-10.7859,-6.9552,2.0279,2.6822,0.9032,3.7092
-2.5450,4.2952,6.5864,1.4742,-0.4807,-1.5178,-9.6606,-4.8746,-0.3615,2.3515,-0.4630,4.2297
-7.2401,4.3646,5.9855,1.4277,0.4069,-0.9582,-11.9997,-4.3072,-0.6512,1.6555,0.5873,4.3656
-5.2026,6.2728,5.7221,0.9390,0.2345,0.5336,-12.8521,-2.5331,-1.9273,-0.2162,-0.9899,4.3656
0.3352,3.3926,0.4788,1.3768,1.2565,1.5775,-2.0949,3.1196,-2.3535,-0.9437,-3.9579,4.3656
-7.0366,4.3527,2.2266,-0.0570,4.3656,-0.1771,-5.2720,3.5913,-1.4293,-1.8738,4.3656,1.9328
-6.5218,5.2337,4.5729,-1.3888,4.1412,1.1618,-10.5010,3.2010,-3.0646,-2.8638,4.3656,1.7483
-3.2992,2.8515,4.0366,-2.0240,2.1434,1.2470,-6.5936,2.2577,0.7494,-3.4355,-1.9612,1.6044
-4.0965,3.8068,6.1770,-1.3594,1.9666,0.8520,-6.1363,2.8108,0.0670,-2.3503,0.5328,0.2132
-5.8873,3.8475,5.1882,-1.2782,1.1894,1.0824,-3.7661,2.3415,0.8906,-2.3920,2.3061,-3.0988
-3.0335,4.2521,6.6176,-1.3667,0.2946,0.8616,-4.5993,0.2945,-0.0144,-2.2116,-0.0099,-4.3657
-3.0047,4.4891,5.3510,-1.0669,-0.4044,0.1653,-8.5114,-4.0342,5.5952,-1.4774,1.3728,-4.3657
-3.2274,4.3144,6.7373,-0.9586,-0.9236,-0.1038,-11.1905,-5.9999,3.1651,-0.4980,4.0144,-4.3657
-3.3375,4.1180,7.7812,-0.6468,-1.4338,-0.1108,-10.3382,-6.9911,2.7007,1.0569,0.9851,-3.7791
-1.5371,3.3734,10.2376,-0.1066,-2.0776,-1.0233,-8.5760,-7.3717,2.8395,2.1645,0.0802,-2.9560
-3.5171,3.9073,7.8051,0.8756,-2.2684,-1.7513,-7.3143,-7.7333,2.3152,2.6059,1.8141,-2.7262
-3.3064,3.9600,7.4124,0.9539,-2.1490,-2.1349,-9.5074,-8.6431,0.1556,2.3335,1.8698,-1.4619
-4.7070,4.4077,6.6032,1.1227,-1.0319,-2.2255,-10.4818,-9.0501,0.3974,1.8181,2.2162,0.8096
-5.1451,4.3072,5.7221,1.1143,-0.8555,-1.6458,-13.4530,-9.7468,1.3024,1.2600,2.5738,4.3656
-5.3175,5.1140,5.4229,0.9514,-0.5510,-0.6371,-8.3821,-8.1738,-0.8523,2.7174,-3.3985,4.3656
-3.9744,4.2306,5.9592,0.8904,-0.4682,0.0885,-4.9057,-0.6153,-4.6280,1.7407,-4.3657,4.3656
-4.9752,4.9488,3.9624,0.3976,0.8332,0.0525,-9.4523,-0.2155,-0.2538,0.5128,3.0948,3.3758
-4.7884,4.6328,5.0087,-0.1334,1.1555,0.1727,-9.9910,1.0295,-3.8451,-0.9350,1.2157,3.3392
-4.7621,4.2808,4.9919,-0.4557,1.1991,0.4668,-11.7316,0.8715,-4.2928,-2.5366,-1.2777,3.7911
-5.3199,3.9983,5.0494,-0.8540,1.1968,0.5489,-4.7788,2.1500,0.3376,-3.8549,-0.1851,3.0128
-5.6096,3.7757,5.0757,-1.2024,0.9798,0.8848,-3.5434,3.2322,3.2441,-1.9047,-0.6099,1.2622
-3.9792,3.7685,5.0494,-1.1734,1.1890,0.9403,-7.6638,2.7725,0.3448,-2.0579,1.8872,0.2783
-4.0845,3.6296,4.9632,-1.4281,0.8889,0.5710,-4.8985,2.5187,2.1811,-2.5670,-0.3672,-2.0515
-3.9792,3.3327,6.3949,-1.6717,0.6238,0.6975,-2.8611,1.5107,0.0934,-2.4100,0.3357,-4.2944
-3.4979,3.5386,6.8354,-1.6517,0.5056,0.4242,-8.5114,-3.2298,5.8730,-1.9197,2.1125,-4.3657
-2.3750,3.2489,9.2273,-0.8700,-0.3633,0.1475,-10.3406,-5.2601,6.3231,-0.5172,2.6256,-4.3657
-1.9273,3.1987,8.6622,-0.1487,-1.0776,-0.1200,-8.6335,-5.5569,7.2568,0.8424,1.7734,-4.3657
-1.9441,2.8730,9.5337,0.6295,-1.3957,-1.0026,-9.8761,-7.7476,4.3287,1.6506,3.2889,-4.2654
-3.0646,3.2753,8.3342,1.1980,-1.6956,-1.6481,-11.6741,-9.2919,1.0391,2.3886,2.9047,-0.9157
-4.1779,3.5099,7.0868,1.3303,-1.0259,-2.0139,-8.5305,-6.7397,-0.1532,2.5054,1.2056,2.1113
-5.3726,4.0582,5.9233,1.2934,-0.6363,-1.3331,-10.4579,-5.9089,-2.4253,2.2054,0.7476,3.6232
-4.9297,4.4341,4.2665,0.7242,-0.5307,-0.7943,-15.6868,-6.1579,-1.5467,1.2132,-0.1675,4.3656
-5.2098,4.2521,5.5282,0.4170,0.7627,-0.4286,-5.1739,-1.0199,-3.3447,0.5416,-2.4640,4.3656
-5.7054,3.8618,5.1739,0.1295,1.3751,-0.0677,-10.8362,-1.6161,-1.5467,-0.1163,1.1485,4.0648
-5.2936,3.6536,5.7030,-0.2238,1.0028,0.6245,-11.2958,-0.7183,-4.4484,-1.8503,1.2790,4.3656
-5.4923,3.6129,5.8323,-0.3010,1.0328,0.5375,-5.3486,1.6137,-3.9073,-3.0752,-2.6233,4.3656
-5.3870,3.2250,4.6280,-0.5437,0.2988,0.8216,-2.4756,2.7773,5.7365,-2.1234,-2.1543,2.1190
-5.4779,3.5219,4.2713,-0.5814,0.3838,0.7421,-6.2776,3.3495,0.3376,-0.9134,1.7320,0.8950
-4.8985,3.9624,4.0270,-0.7889,0.8003,0.6939,-7.0509,3.4884,-0.4549,-1.4959,0.1729,-0.3396
-4.5514,3.4884,3.8427,-1.3223,0.8158,0.8973,-1.2330,3.6176,1.4629,-2.7078,-0.2785,-2.7154
-4.2713,3.2801,6.6487,-1.6630,0.7131,0.7827,-4.2234,0.6321,2.3511,-1.5224,1.1588,-4.2208
-2.7438,2.6719,6.7109,-1.3054,0.1452,0.6584,-8.9711,-3.0311,4.1803,-1.5295,2.1859,-4.3657
-2.8323,3.0311,8.1738,-0.9242,-0.7001,0.1049,-4.6878,-3.5003,4.0965,-0.4455,-0.1055,-4.3657
-3.6320,3.3926,7.2209,-0.5757,-0.8571,-0.2880,-9.8976,-6.9312,3.3639,-0.2306,3.0549,-4.3657
-3.4117,3.2585,8.5281,0.1306,-0.5023,-0.5328,-12.4546,-8.8466,1.4868,0.1840,3.8249,-4.3657
-3.3615,2.5618,9.1554,0.7381,-0.6071,-0.7962,-9.7444,-8.8442,0.9290,1.6538,0.6892,-1.4460
-4.1539,2.8323,8.3079,1.0912,-1.5966,-1.1859,-11.2192,-10.0389,1.2378,2.3406,1.1866,1.2488
-4.2425,3.0670,7.1539,1.5040,-1.4237,-1.2837,-9.7683,-8.1451,1.0487,2.5980,0.2691,2.8117
-4.4843,3.5961,7.0749,1.4793,-0.8721,-1.1117,-8.4180,-6.5864,-0.8188,2.5061,0.4455,4.0115
-4.8243,4.0654,5.6192,1.4687,-0.7894,-0.8705,-7.8362,-3.7565,-1.4772,2.0089,-0.4009,2.3990
-4.9871,4.6639,5.0542,1.0850,0.1386,-0.6813,-11.5975,-4.1851,-1.0798,1.0770,0.9076,3.6295
-5.1020,4.5705,3.9768,0.8219,0.9330,-0.3451,-9.5457,-2.6001,-3.0023,0.1495,-0.1027,4.3656
-5.4803,4.1875,4.4819,0.0875,1.1712,0.1448,-5.2146,1.1732,-2.6312,-0.9116,-1.2867,3.7986
-4.7692,4.1539,4.7477,-0.7498,0.6980,0.4274,-7.7620,1.4557,-3.2872,-1.9032,0.2666,2.6560
-5.1739,4.0725,4.1037,-0.9181,0.8307,0.3200,-7.9751,1.1995,-0.3160,-2.7511,-0.4962,2.1112
-5.1260,3.6368,4.7142,-1.2369,0.7522,0.4830,-5.2984,2.1045,1.7813,-2.1970,-1.6903,1.9540
-4.6328,3.5410,4.2186,-1.4826,0.6005,0.7340,-6.3590,2.0638,1.9632,-2.2300,0.1140,0.6251
-4.4508,3.3040,6.2393,-1.6431,0.6351,0.7865,-5.5569,2.0614,-0.1125,-1.7100,0.5345,-0.6496
-3.8188,3.0215,6.9552,-1.2870,0.3994,0.6087,-4.5514,0.6991,3.2346,-1.3426,0.0015,-3.7197
-3.6847,2.7869,7.5226,-1.0397,-0.2846,0.4006,-2.8802,-1.6352,3.9552,-1.1543,0.5015,-4.3657
-3.2920,3.3208,7.8650,-0.7799,-0.5409,-0.0177,-10.6638,-6.3375,2.6719,-0.4726,3.1384,-4.3657
-3.7134,3.3088,7.2209,-0.0790,-0.4413,-0.3575,-10.0245,-6.8235,2.7294,0.2285,2.3574,-4.3657
-3.0646,3.1795,7.5154,0.0745,-0.5233,-0.4082,-11.0828,-9.0166,-0.1221,0.4291,1.8085,-4.3657
-4.0558,3.1556,7.6255,0.3627,-0.5171,-0.4776,-11.2551,-9.0788,0.5650,0.5011,1.8462,-0.8881
-4.0869,3.1220,8.0924,0.8382,-0.4935,-0.5441,-12.7012,-10.5249,1.8675,0.9702,0.4915,4.2821
-4.0917,3.1603,7.6399,1.2251,-0.5284,-0.7460,-10.6374,-8.5617,-0.1245,1.4530,-0.3151,4.3656
-4.5274,3.6775,6.0717,1.3444,-0.6348,-0.5990,-7.0773,-4.4197,-2.8443,1.7920,-2.7428,4.3656
-4.8195,4.2162,5.5905,1.2340,-0.0272,-0.5961,-9.7061,-2.2146,-0.6105,0.6181,-2.6380,4.3656
-5.4779,3.9025,4.5633,1.1674,0.9062,-0.0734,-3.3878,3.0598,-0.0215,0.1811,-0.1947,2.6987
-6.1459,4.4388,3.3303,0.1869,1.3150,0.3136,-10.8577,1.5203,-0.8906,-0.2871,2.2371,3.1733
-5.4731,4.0630,3.5674,-0.1144,1.4233,0.7052,-8.3486,2.8228,-1.5658,-1.5172,0.3295,1.7916
-6.3734,3.6416,3.1220,-0.9907,1.7256,0.7821,-6.3997,3.8355,-1.6616,-1.8453,0.8352,1.0010
-7.0150,3.5051,4.4293,-1.3703,1.7051,0.9874,-11.2144,2.1284,-1.2234,-2.1763,2.8994,1.0548
-5.2625,3.0071,4.4939,-1.2289,0.8639,1.1812,-6.0861,3.4836,-1.0487,-2.6721,-0.5247,1.2943
-6.2513,3.1101,3.9696,-1.3283,0.5828,0.8944,-5.2194,4.2760,-3.3758,-2.1501,-1.1052,0.4763
-4.6400,3.0670,4.1324,-1.5946,0.0152,0.6891,-7.3382,1.7023,2.8539,-2.5448,0.7867,-1.8343
-3.6009,3.3399,6.4667,-1.1072,-0.6249,0.4495,-2.5355,1.9632,2.9688,-1.4637,-0.3664,-4.3657
-2.2075,3.1292,5.7748,-0.7253,-1.1317,0.2649,-2.3463,-0.5962,6.7660,-0.7456,-1.0648,-4.3657
-3.0742,3.8882,6.2297,-0.6781,-1.2534,-0.3120,-8.5258,-4.8818,5.2840,-0.2879,3.6500,-4.3657
-1.8028,3.8714,6.8211,-0.3135,-1.0064,-0.1982,-9.6079,-6.1172,2.7102,0.4779,1.9048,-4.3517
-2.7342,4.0438,7.0390,0.0658,-0.4037,-0.2794,-9.3661,-6.0310,2.8084,0.6849,0.2344,-3.0217
-1.8771,3.3662,6.6248,0.2153,-0.3396,0.0485,-11.3222,-7.1874,3.5889,0.1136,1.7976,-0.7369
-2.6528,3.1532,8.5066,0.4018,-0.0079,-0.3353,-7.9176,-6.1316,3.4069,0.6679,0.3873,1.7918
-3.3591,3.4644,9.0716,1.0075,-0.5889,-0.2437,-11.9183,-7.8051,2.6169,1.0581,1.0323,2.9116
-3.6105,4.5155,6.5936,1.5680,-0.5317,-0.3218,-13.5272,-5.8275,1.3096,1.2203,0.5249,4.3656
-5.4971,4.8890,7.1539,1.0372,0.5015,-0.5685,-6.9408,-0.4621,-1.6999,1.3086,-2.5975,4.3656
-5.7509,4.7932,6.6487,0.7059,0.0850,-0.3405,-11.6741,-0.9146,2.1428,0.8086,-0.5417,3.3041
-7.0940,4.6663,8.6119,0.8803,1.1766,-0.1287,-6.9264,2.0446,-2.0016,1.0790,0.5918,3.4812
-8.1547,5.1188,6.8522,1.4302,0.7229,0.0833,-13.8457,0.5650,0.0096,0.3196,-0.3142,1.3725
-1.8076,3.5769,4.0821,1.1604,-0.4382,1.0168,-4.3096,4.2401,0.8739,0.5399,-1.8704,2.1905
-7.9511,5.4516,2.3415,1.2099,0.9558,-0.4679,-7.7907,4.6950,-2.2338,1.0846,-0.0364,0.6909
-7.3933,5.2888,0.4094,0.0348,0.1231,0.1127,-9.8928,4.6687,-4.1132,-0.4522,1.8102,0.3644
-6.7708,4.0725,1.5490,-0.8296,0.2938,0.6679,-8.8346,2.9784,-1.5131,-1.5046,-1.2737,1.1844
-6.0214,4.4149,3.2226,-0.6903,1.0015,0.3914,-7.1371,3.7900,-2.1165,-1.0376,0.9787,0.7141
-4.4604,4.0749,2.7964,-1.2542,0.0149,0.8130,-6.6750,3.1963,0.3496,-2.1574,0.3548,-0.2846
-1.1875,3.2226,4.1276,-1.7548,-0.2842,0.7881,0.6249,2.5666,-0.5578,-2.7508,-1.7608,-3.9273
-1.9632,3.7541,4.9321,-1.1218,0.5700,0.2879,0.2825,-2.2649,9.2344,-2.6782,1.0355,-4.3657
-1.2641,3.8164,7.3861,-0.9418,-0.3497,-0.0441,-9.7037,-7.5154,3.3950,-1.0897,4.3656,-4.3657
-3.2346,4.8315,7.0964,-0.1796,-0.5117,-0.6899,-14.5639,-8.9663,-1.1492,2.2402,25.1849,-34.8725
-4.0175,4.8147,6.5625,-0.3276,-1.2145,-0.4386,-11.3246,-7.2329,0.1915,1.3592,-2.1224,-0.2999
-4.7597,4.9536,7.7883,-0.0040,-0.3944,-0.2522,-10.4794,-7.4101,0.9744,0.2786,0.9462,1.2444
-4.5801,5.0589,7.5753,0.4295,-0.4282,-0.1731,-10.5393,-6.3398,0.7901,0.7416,0.3821,2.4371
-5.0135,5.5115,7.5274,0.4816,-0.5498,-0.3328,-12.8162,-6.4859,0.4693,0.6571,-0.0137,4.0857
-5.2792,5.4995,6.3446,0.5103,-0.5260,-0.1103,-13.4985,-4.4508,0.2729,0.3543,-1.1715,4.3656
-5.9640,5.2720,5.7916,0.0671,0.0292,0.1199,-7.2089,-0.9122,-1.5778,0.7290,-4.3657,4.3656
-6.1459,4.6998,6.4955,0.1973,0.7549,-0.1775,-8.6455,2.0159,0.4022,-0.6652,-1.8085,2.5273
-7.4843,4.7549,5.4157,-0.4511,0.9912,0.1514,-8.1163,3.0550,-0.1796,-0.4089,2.9086,2.7296
-6.8307,4.0654,4.7740,-0.6082,1.2187,0.3604,-8.0014,3.1795,0.8356,-1.1318,-1.1934,1.3249
-5.7892,4.0151,6.7684,-0.5633,1.1831,0.2058,-9.4858,2.3487,1.4533,-0.5777,1.2035,0.6888
-4.9704,4.0558,4.5586,-0.3136,0.5656,0.5027,-8.5808,2.9808,0.3663,-0.6647,0.7767,0.8006
-3.7565,4.0965,4.3574,-0.2959,0.6269,0.5409,-6.1794,3.2202,1.6592,-0.8376,-0.9749,0.5891
-3.9863,4.3287,3.1819,-0.3917,0.5369,0.5574,-5.9065,3.5721,0.0886,-0.6606,0.9926,0.4894
-1.8483,3.6607,3.6248,-0.8466,0.4282,0.5157,-3.6081,3.1149,1.5754,-1.2381,-0.1013,-0.6402
-2.2362,3.7086,4.7764,-0.4615,0.3962,0.2108,-2.1237,2.3679,1.6448,-1.2684,1.4903,-4.3657
-1.5634,3.3734,3.7493,-0.3980,-0.3212,-0.0544,-3.8978,0.3974,3.9337,0.0232,1.1471,-4.3657
-3.3495,4.7692,5.6767,0.1764,0.2002,-0.1366,-6.4165,-1.7980,3.3112,0.0982,2.0316,-4.3657
-4.1707,4.8914,3.5267,-0.1059,-0.4413,-0.3852,-14.1761,-5.3750,-2.0016,-0.2779,4.0866,-4.3657
-6.0190,4.9344,5.9209,-0.5785,-0.3280,-0.1118,-11.7723,-4.6519,-2.0423,0.3095,-1.3065,-1.9324
-7.2018,4.6017,6.5314,-0.6045,-0.6081,0.2709,-10.1323,-5.7892,0.2322,-0.2034,-0.8867,-0.0496
-6.5841,4.5729,7.3885,0.0253,0.1589,0.2200,-11.9255,-6.5912,0.0766,-0.1785,0.6218,0.7059
-6.4117,4.5538,7.2089,0.4146,-0.2262,0.2598,-10.4339,-5.0111,0.0718,0.4423,-0.6263,1.4882
-5.7078,4.9560,5.8466,0.7242,-0.4215,0.4445,-18.2797,-7.1036,-0.5794,-0.2085,1.2676,4.3656
-5.6072,5.3798,5.9113,0.7342,0.2192,0.4086,-10.4938,-3.5626,-2.1787,0.1047,-3.1264,4.3656
-5.1906,5.2074,5.4636,0.1775,-0.3140,0.8115,-3.1316,2.4756,-1.5658,-0.4434,-4.3657,4.3656
-5.0973,5.3271,5.0613,-0.0821,0.4622,0.8500,-6.8354,2.4972,4.9632,-0.7253,-0.8701,3.2109
-3.5745,5.4755,6.0406,-0.1937,0.8527,0.5493,-5.8538,4.9704,2.3559,-0.7925,2.2703,2.0803
-4.5969,5.9161,2.2146,-0.7733,0.7777,0.7490,-4.9033,5.9376,0.6081,-1.1202,-1.7112,1.3430
-4.7788,5.6575,3.6607,-1.2832,1.3775,0.4826,-5.1691,4.6304,4.1683,-1.1477,1.4220,-0.3228
-1.7454,4.2737,0.7757,-2.7463,1.9468,0.8946,0.3519,6.4189,0.1987,-2.9359,2.1221,-1.3875
-0.9074,2.8108,9.8665,-3.6845,3.0406,-0.4245,1.3551,-0.9577,-2.4110,-3.6563,4.3656,-4.3657
-5.2122,4.1372,9.9024,-2.3225,0.4266,-0.7348,-15.7227,-9.8689,3.7373,-2.6642,4.3656,-4.3657
-4.8435,3.5721,7.4651,-0.6800,-0.7348,-0.6406,-16.4553,-7.9104,1.0606,0.8969,-0.7802,-4.3657
-4.6376,3.0478,7.0222,0.5833,-0.6257,-0.9110,-2.1069,-3.3639,0.0862,2.1121,-1.4173,-3.8456
-4.8219,3.1675,6.6918,0.9478,-1.9394,-1.4189,-10.6422,-7.4771,0.9505,1.8467,4.3656,-4.3657
-5.8945,3.1101,4.6017,1.4770,-2.4373,-1.4941,-10.2592,-7.6423,-3.5338,3.4997,-0.1354,-1.3959
-6.4356,3.3662,5.0302,1.3512,-1.6497,-1.2197,-11.3389,-8.1786,-3.1125,2.3295,1.7696,1.3387
-7.0342,3.6152,3.9792,1.3607,-1.2898,-0.7406,-17.0539,-10.6566,-3.3184,1.6625,0.9947,4.3656
-5.7341,3.6512,4.7070,0.8082,-0.8543,-0.2918,-10.3645,-6.5386,-4.8243,1.5274,-3.9167,4.3656
-5.5593,3.6105,5.7844,0.6572,-0.3131,-0.1809,-6.0885,-1.5203,-2.1213,0.7496,-3.4745,4.3656
-5.4827,4.0342,5.9256,0.3833,-0.3512,0.0372,-6.6583,1.2857,-2.0590,-0.1198,-1.0565,4.3656
-5.3822,3.8666,4.7812,0.0211,0.3493,0.0097,-6.7756,1.9537,-0.4597,-0.7647,-1.4276,4.3656
-5.7197,3.2010,4.3407,-0.1705,0.5344,0.3547,-4.2186,3.5003,-0.3950,-1.8277,-1.3993,1.8381
-6.6319,3.8092,1.7406,-1.0773,0.8815,0.7016,-5.9065,3.3208,-0.0742,-2.2027,0.1958,-0.0949
-6.4548,1.6065,-1.3910,-2.9420,3.1271,1.7488,-4.2138,2.2194,-3.5578,-4.3657,2.2676,-1.5392
-6.2177,-0.0431,7.9703,-4.1240,4.1865,1.6028,-4.2760,-2.4852,-0.1939,-4.3657,4.3656,-4.3657
-4.6400,0.4764,10.7548,-2.7879,1.4060,1.0214,-12.8545,-7.8195,4.1420,-3.1391,4.3656,-4.3657
-4.0007,1.2833,9.4427,-1.0604,-0.0837,0.5324,-8.3270,-7.2592,5.8299,0.0398,-0.0873,-4.3657
-3.2226,2.0231,8.1666,-0.2698,-1.0579,-0.0710,-9.1698,-7.9128,2.2673,0.5986,3.4119,-4.3657
-3.6105,1.9537,9.0118,0.6788,-1.3359,-0.9745,-9.2225,-8.6886,1.1229,1.5378,2.9452,-3.7028
-4.8315,2.0710,8.2624,1.3126,-2.2868,-1.3287,-6.7947,-7.7859,1.6161,3.0149,-0.1641,-1.4629
-4.7477,2.3798,7.2233,1.7112,-2.2639,-1.4686,-10.6350,-10.0509,-0.0886,2.6702,2.1926,0.5520
-5.4324,2.8970,5.8969,1.9590,-1.4830,-1.5271,-11.0468,-9.5984,-1.0104,2.6109,1.1919,4.0167
-6.2441,3.3495,4.6256,1.6331,-1.0240,-1.0408,-11.8250,-7.8626,-2.8036,1.7573,-0.4806,4.3656
-5.9137,3.5147,5.3463,0.9141,-0.6165,-0.1692,-7.3598,-4.1084,-3.5482,1.8696,-4.0782,4.3656
-5.7628,3.8307,5.4971,0.8871,0.0758,0.2562,-7.4101,-1.6257,-2.9305,1.1353,-2.8960,4.3656
-5.6407,3.9193,4.2234,0.5529,0.8278,0.3111,-8.8633,1.1540,-2.6887,-0.6807,0.0830,4.3656
-4.5897,3.6009,3.1747,-0.3913,0.3024,0.3289,-4.7022,3.1340,1.0343,-1.8888,-1.5062,3.5334
-6.5098,3.9911,5.1212,-0.7589,1.5543,0.8050,-5.4779,3.5650,0.0000,-1.9295,-0.3183,2.7153
-5.1260,2.7150,3.6703,-1.4887,1.9207,0.8879,-3.2154,4.2808,-1.6352,-2.1333,1.8694,0.4082
-5.4971,2.7222,4.5729,-2.1802,1.4473,0.9543,-8.5042,1.5778,2.3918,-3.5170,2.2735,-1.6756
-4.4221,1.8651,5.9879,-2.4051,1.1886,0.9447,-2.6839,1.4126,1.5993,-2.3910,0.5364,-2.8433
-3.3184,1.9752,8.6239,-1.1706,0.7164,0.5931,-5.9568,-4.1994,1.7071,-2.4748,3.2067,-4.3657
-3.9983,2.3320,7.8913,-1.1643,-0.2392,0.0751,-12.3445,-7.5465,4.4819,-1.1293,4.3656,-4.3657
-3.4117,2.3894,8.6622,-0.0705,-0.8134,-0.0907,-10.4411,-7.5824,2.2936,0.6884,0.1661,-4.3657
-3.3016,2.0446,9.1171,0.3772,-1.2111,-0.6001,-8.8322,-7.8841,2.5690,1.2698,1.4937,-3.3779
-4.5562,2.3918,7.8673,1.0292,-1.6938,-0.9493,-6.8498,-8.2911,0.7877,2.0177,1.6876,-3.2103
-4.6567,2.7198,7.0102,1.0810,-1.0998,-0.9060,-8.2145,-8.9471,-0.5555,1.7229,1.5324,-1.2109
-4.6567,2.5666,7.9248,1.4269,-1.1169,-1.0082,-8.0062,-9.4092,0.2753,1.9757,1.5851,-0.3914
-4.4053,2.9904,7.0629,1.7617,-1.3753,-1.1133,-8.7077,-8.8346,1.2594,2.1601,1.1536,2.3189
-4.5753,3.7637,5.9209,1.9666,-0.9903,-1.1337,-10.9559,-8.1618,0.2729,1.9937,1.0492,4.3656
-5.1523,4.2617,4.2593,1.6972,-0.6468,-0.8330,-9.5026,-6.3949,-1.9896,2.3860,-1.3680,4.3656
-4.7118,4.2952,4.0869,1.1489,-0.7913,-0.4210,-8.5162,-2.8012,-3.4524,1.9356,-3.4163,4.3656
-5.1451,4.2569,4.2090,0.5091,0.3551,-0.1423,-9.3254,-1.2953,-0.9601,-0.0368,-1.4718,4.3656
-4.8770,3.9385,5.3343,0.0188,1.2530,0.0889,-5.5091,1.1947,-1.1085,-0.5428,0.2068,4.1055
-5.4588,3.8834,5.2505,-0.3248,1.1754,0.4810,-10.5536,0.6919,1.2929,-1.2529,0.8138,3.1872
-5.5091,4.1779,6.3015,-0.4652,0.9938,0.4616,-6.7636,2.7869,0.8906,-1.5032,-0.2693,2.2299
-2.7150,3.7397,5.4372,-0.3603,0.4651,0.3309,-6.2704,2.6839,1.5395,-1.3257,-0.6007,1.3739
-5.2026,4.4365,4.8411,-0.3648,1.2962,0.2459,-7.4579,3.1699,1.2378,-1.4671,0.2622,1.7243
-4.4436,3.7804,3.0574,-1.1311,1.4197,0.7536,-4.2042,3.9361,1.8292,-2.0544,-0.2485,0.3675
-4.6304,3.4309,5.4516,-1.7168,1.1840,0.5792,-5.9256,2.4565,2.1069,-2.2503,2.2012,-1.4622
-4.6280,3.7373,7.0725,-1.2417,0.8565,0.4084,-6.2034,0.9601,2.7940,-2.2195,1.1291,-3.3185
-4.0845,3.7182,6.5122,-1.1792,0.4501,0.3100,-1.6544,1.5107,0.9481,-1.3439,-0.5077,-4.3657
-3.9169,3.7326,5.0973,-1.1483,0.0737,-0.0172,-11.9950,-3.7302,3.3471,-1.2287,3.1596,-4.3657
-4.4101,3.4165,6.4643,-0.8972,-0.1633,-0.0865,-8.8992,-4.8004,3.3208,-1.0100,3.2642,-4.3657
-4.3167,3.4644,8.0086,-0.4281,-0.0320,-0.3722,-7.1299,-6.3063,1.9920,-0.0276,1.7473,-4.3657
-3.6272,2.8874,5.7700,-0.0962,-0.8767,-0.2522,-9.8713,-8.6790,0.1293,-0.0209,3.9895,-4.3657
-4.0797,3.2777,7.4891,-0.0610,-0.6684,-0.5393,-11.5137,-10.4339,-0.4477,0.1636,2.1083,-1.8526
-4.4819,2.8802,8.8777,0.6538,-0.4919,-0.6001,-7.3406,-8.6886,0.8882,1.4478,-0.0655,-0.1537
-5.0829,3.1891,8.4587,1.1704,-1.7750,-0.3230,-9.2440,-9.6941,1.2474,1.8009,1.7752,1.5412
-4.0821,3.6847,5.6144,1.5832,-1.8804,-0.4592,-12.7802,-11.0468,-0.7087,1.8173,0.7826,4.3656
-3.9169,2.9042,6.2944,1.6938,-1.3851,-0.9602,-5.2840,-5.6814,-1.9561,2.9055,-2.4440,4.3656
-5.9041,3.9456,5.1092,1.5430,-1.4538,-1.1839,-10.2879,-4.5729,-1.5730,2.6256,-1.9320,4.3656
-4.5993,4.2425,4.9823,1.3307,-0.6572,-0.6711,-8.6263,-1.6376,-0.4166,1.8664,-1.9414,4.3656
-5.2720,4.2569,4.1803,0.8427,0.0542,-0.3046,-8.2408,1.2234,-2.0399,0.5813,-1.2424,3.4107
-5.6000,4.4867,4.4843,-0.1828,0.4249,-0.0489,-8.8490,2.2553,-3.8978,-1.1329,0.0400,3.3099
-5.9975,4.1252,3.4213,-0.7755,0.8922,0.2650,-5.9855,2.7964,-0.1125,-2.5731,-1.7112,2.6376
-6.1220,3.4477,2.1284,-1.6312,1.5284,0.8840,-4.4772,3.3064,1.7382,-2.5746,-0.1829,1.4432
-5.4420,2.8443,3.5482,-2.4344,2.1377,0.8462,-5.6647,2.6264,-0.4573,-3.4300,3.3867,-1.2666
-6.1435,2.2577,5.5306,-2.6851,2.4002,1.1502,-4.0390,1.2594,-1.0798,-2.7576,2.4094,-2.6656
-3.5913,1.9178,6.5936,-2.3349,1.9851,1.0549,-6.5314,-2.1284,3.9313,-3.1713,2.5828,-4.3657
-3.2537,2.1141,9.5289,-1.6694,1.4181,0.4736,-8.5904,-6.4189,4.2473,-2.5411,4.3656,-4.3657
-3.3375,2.5714,9.5553,-0.4125,-0.7228,-0.0663,-9.8976,-8.3438,2.4924,0.0943,2.6225,-4.3657
-3.1029,2.4780,10.2759,0.9774,-1.2890,-0.5969,-9.9216,-8.9735,2.9784,2.2669,-0.5954,-3.0214
-4.8076,3.4620,3.6248,1.3667,-1.7725,-0.6009,-8.7029,-6.2800,-1.6424,1.7156,1.4626,-1.3382
-4.3359,3.3495,6.1196,0.7677,-0.2848,-0.5129,-8.3007,-7.4053,0.0479,0.9951,1.1330,0.1552
-4.1300,2.4301,9.7612,1.5310,-1.3811,-0.9001,-6.1316,-8.4970,3.6272,2.4509,1.3054,0.7481
-5.0398,2.8635,8.2528,2.4680,-2.4540,-1.1285,-9.6558,-9.1554,1.0151,3.2444,1.2505,3.1160
-5.3606,3.6320,4.3766,2.7355,-2.2573,-1.1904,-11.2575,-7.5800,-1.4676,3.6781,0.0994,4.3656
-5.8754,4.7932,1.7023,1.9429,-1.6943,-0.8643,-11.7867,-5.2122,-1.8699,2.8649,-1.9588,4.3656
-5.5737,5.1164,2.0590,0.6388,0.0151,-0.2827,-7.4460,0.5842,-5.1260,0.9810,-4.3657,4.3656
-5.2840,4.4341,4.4412,-0.4238,1.0729,0.1276,-8.6311,1.3862,-2.2218,-1.0792,0.3841,4.3656
-5.6934,4.0486,5.2529,-0.9938,1.6714,0.3195,-8.9352,2.1787,-2.6360,-2.4936,1.6093,4.0135
-6.1531,3.3950,5.0805,-1.4001,1.2774,0.5943,-4.9943,2.8706,3.0167,-2.4582,-1.3362,1.9192
-5.2648,3.5051,4.8123,-1.5394,1.5539,0.8430,-5.8826,3.0430,1.4820,-2.2752,2.4726,-0.6002
-5.4324,3.6823,5.3702,-1.5998,1.4905,0.6889,-6.3853,1.3288,2.0494,-2.4977,3.5518,-3.6829
-3.8116,3.3950,7.1036,-1.4859,1.0237,0.5646,-3.8499,0.0982,2.2122,-1.5005,1.6594,-4.3657
-4.1468,3.6057,6.9168,-0.6483,-0.0024,0.1295,-12.1290,-5.3822,2.6983,-1.1720,4.3656,-4.3657
-3.7757,3.7445,6.1986,-0.2639,-0.4902,0.1239,-11.0468,-5.1332,1.0295,-0.1633,1.6934,-4.3657
-3.6943,3.8858,6.3925,-0.0472,-0.2313,-0.1390,-9.2943,-6.0310,0.4453,0.4976,0.5368,-2.7499
-3.1795,3.8379,7.1706,0.0378,-0.6863,-0.3223,-9.1506,-6.6870,-0.5531,0.4338,2.0568,-1.6160
-4.4125,3.8906,8.5401,0.4382,-0.7449,-0.4919,-8.4563,-7.7117,1.1444,1.3010,0.4143,-0.9437
-5.0853,3.6224,9.1506,1.1926,-1.0533,-0.8247,-7.8793,-9.3925,1.2881,1.9225,2.4289,-0.3706
-4.6687,3.9049,8.3079,1.8779,-1.5527,-1.0344,-10.6901,-8.8705,-0.4525,2.5870,2.0857,1.3017
-4.6807,3.7158,5.5043,1.8823,-2.0973,-0.8617,-9.2584,-7.2927,-2.2170,3.7168,-0.1653,4.1994
-5.0542,4.1563,5.1236,1.8778,-1.4987,-1.3805,-10.0365,-6.3590,-1.6352,3.3941,-0.7228,4.3656
-5.3439,4.6711,2.6432,1.5719,-1.5720,-1.1321,-13.0388,-4.1731,-3.3232,2.7005,-3.1424,4.3656
-5.6048,4.7357,2.2793,0.5549,-0.7573,-0.4021,-7.4939,-0.0263,-5.6623,0.9503,-4.2145,4.3656
-5.3941,4.3120,2.6001,-0.3659,0.3636,-0.0729,-6.1196,1.6305,-2.7916,-1.0236,-2.1953,4.1499
-5.4875,4.1492,3.6799,-1.1261,1.4655,0.3649,-7.3334,1.6065,-1.5203,-2.7524,1.6602,3.3834
-5.7652,3.5482,5.0111,-1.5689,1.4747,0.6458,-6.1100,1.6568,4.0773,-2.6887,0.0947,2.2880
-4.3072,3.1125,6.1052,-1.4526,1.0489,0.7697,-5.7269,2.3272,1.3791,-1.9429,0.2300,0.9481
-4.5418,3.5195,4.9273,-1.1338,1.0690,0.7589,-6.6870,2.2146,0.8284,-2.5118,1.3458,-1.4448
-3.7637,3.1149,5.3822,-1.6679,0.5279,0.9566,-3.8235,1.4293,1.3551,-2.5548,-0.0698,-2.4948
-4.1970,3.2777,7.3765,-1.1774,0.9249,0.6686,0.6177,-0.6057,8.1547,-1.7472,-0.0506,-4.3657
-2.5857,3.3423,7.6806,-0.9609,-0.3585,0.5961,-7.0390,-6.1699,4.0199,-0.9641,4.3656,-4.3657
-3.4117,3.8235,8.1954,-0.3691,-0.6803,0.0187,-11.5736,-9.7181,2.2553,-0.3027,4.3656,-4.3657
-3.3974,4.0821,7.4939,0.2477,-0.6075,-0.2707,-11.8106,-9.1866,0.9098,0.8072,0.6718,-3.6577
-3.2441,3.8906,7.2712,0.3319,-0.5517,-0.2618,-9.3087,-8.9112,0.5219,0.7679,0.5656,-3.5281
-4.5610,3.8666,7.2018,0.4241,-0.1871,-0.3685,-6.9671,-8.4443,1.2953,0.7394,-0.2475,-0.3817
-4.5538,3.7445,7.4986,0.6161,-0.3981,-0.3014,-8.9304,-9.5553,1.4054,0.3311,2.1951,1.2373
-4.4508,3.3064,6.6224,0.8649,-0.0846,-0.6101,-9.5744,-9.0908,-0.5962,0.3600,1.5564,3.1824
-5.4109,3.6559,5.8634,0.5852,-0.2093,-0.2910,-10.9128,-8.7867,-2.6049,0.1312,-0.0653,4.3656
-5.2696,3.6272,4.3790,0.0536,0.3036,-0.0413,-5.8610,-4.0893,-0.3687,-0.3151,-1.8486,4.3656
-5.1954,3.2465,4.0342,-0.6014,1.0761,0.2398,-7.5106,-3.3543,-2.2410,-1.0172,-1.6012,4.3656
-5.3367,2.7773,5.9161,-1.0616,1.4683,0.6360,-5.9951,-1.8196,-1.6927,-1.7237,-0.6863,3.3509
-4.9823,2.5857,6.2560,-1.0765,1.2937,0.7625,-9.0980,-2.0686,1.1013,-1.8572,0.4391,2.5656
-5.2218,3.1891,7.1323,-0.7526,0.7365,0.6017,-11.1235,-1.7047,1.3384,-1.2287,0.2205,2.4878
-4.3096,3.5314,6.2489,-0.5369,0.1876,0.6836,-7.1730,0.7566,0.5171,-0.9534,-2.3329,2.2978
-4.8794,4.0318,5.6958,-0.4607,0.7209,0.5922,-5.6551,1.6113,3.3543,-0.7604,-1.3364,1.0645
-4.1276,4.5322,5.3726,-0.4631,0.3628,0.5401,-8.2432,1.5897,1.2091,-0.6989,1.4707,-0.3319
-3.4716,4.4628,5.5115,-0.4738,0.3476,0.4918,-3.8786,2.3320,-1.3934,-1.2220,-0.1984,-3.3329
-4.3958,4.3239,4.2952,-0.5201,0.4478,0.3688,-5.8323,0.0192,2.7126,-1.5449,0.8124,-4.3657
-4.5849,3.9504,4.9249,-0.8651,0.5589,0.1729,-8.1666,-2.5881,1.5347,-1.4345,2.7423,-4.3657
-4.8866,3.5314,5.2696,-0.7659,0.3479,0.1351,-8.0086,-5.1595,-0.4238,-0.8724,1.3647,-4.3363
-4.5657,3.1699,5.7389,-0.6462,-0.0794,0.0790,-9.9407,-7.4005,0.7661,-0.2854,0.8752,-4.2951
-3.9433,3.3088,7.1275,-0.3293,-0.1696,-0.1372,-8.4803,-7.0006,0.8212,-0.4034,1.3210,-2.3004
-5.0254,3.9648,7.0174,0.1779,-0.3020,-0.5686,-10.7883,-8.9304,1.0774,0.3814,0.3132,-0.5909
-3.7182,3.8595,8.3869,0.7899,-0.9049,-0.5381,-9.7133,-9.2440,1.4054,1.1097,1.4345,-0.5413
-4.5107,3.9385,7.7883,1.6618,-1.1534,-0.9433,-10.2041,-8.8226,1.4772,1.6827,1.2891,2.7491
-3.9097,3.9935,5.2601,1.7720,-1.3364,-1.0019,-8.8011,-6.1770,-1.0391,2.0240,0.4630,3.3510
-5.7748,4.4317,4.0318,1.4281,-0.7773,-1.0277,-7.5633,-3.1125,-0.5555,1.4849,-0.0441,4.3656
-5.6767,4.7597,2.9712,0.4454,-0.6880,-0.3764,-8.6790,-2.9544,-3.1675,1.5260,-2.6564,4.3656
-5.9807,4.3407,3.5386,-0.1114,0.0889,-0.0557,-6.0741,0.4980,-4.2593,0.9802,-3.8119,4.3656
-6.8857,3.8427,3.5793,-0.7913,0.4469,0.1484,-9.8306,0.3304,-2.4995,-1.0988,-1.1411,3.5924
-6.4356,3.1867,5.2553,-1.3737,0.7376,0.4620,-7.0366,0.9792,-0.2562,-2.5318,-1.0501,3.5541
-5.6264,2.5019,5.8131,-1.2079,1.2516,0.5697,-7.5776,1.1325,1.6879,-2.2503,-0.5774,2.4355
-5.5378,2.2218,6.2513,-1.2660,0.7129,0.4089,-5.3079,1.9561,2.5163,-1.7144,0.6077,0.5798
-5.1475,2.5642,5.8514,-0.9181,0.3940,0.5156,-6.9121,1.9848,0.0646,-1.8546,0.1663,-1.7762
-4.2976,2.6169,4.6160,-1.3912,0.4644,0.7043,-5.6096,1.4964,2.2051,-1.9366,-0.0634,-1.9123
-5.0111,2.5546,6.2225,-1.2525,0.8278,0.4186,-3.1867,-0.2131,1.8196,-1.9239,2.0073,-4.3657
-4.1228,2.3679,6.8163,-1.2149,-0.1737,0.3202,-7.8961,-5.4037,6.3446,-1.4100,2.7879,-4.3657
-3.9409,2.8563,8.3725,-0.4343,-0.3463,0.0706,-8.6479,-8.2265,2.5211,-0.5049,4.3656,-4.3657
-4.1276,2.5355,7.5010,0.1571,-0.6881,-0.2388,-97.2620,-76.0590,-4.1372,0.7682,2.3839,-4.3657
-4.4173,2.6049,7.5154,0.4130,-0.9433,-0.5636,-9.4355,-9.7300,0.6081,1.2381,0.4398,-1.2257
-4.0606,2.3990,8.1594,1.0142,-0.9934,-0.5909,-8.1786,-9.5505,1.4844,1.1766,0.8134,1.6006
-4.7980,2.8299,7.3717,1.5849,-0.7225,-0.7746,-8.1235,-8.2121,1.2761,1.5587,1.5657,3.4191
-5.0182,3.2250,6.5888,1.6607,-0.6981,-0.8264,-9.3111,-7.0797,0.0263,1.7313,0.7320,4.3656
-5.1715,3.8547,5.5641,1.3556,-0.6999,-0.7643,-10.1610,-5.7245,-1.5060,1.7856,-0.5877,4.3656
-5.2984,3.8547,4.8674,1.1417,-0.0953,-0.5055,-6.1794,-2.4852,-0.5650,2.1938,-3.1997,4.3656
-5.6886,3.7421,3.9241,0.7429,0.2786,-0.4351,-10.0868,-1.2977,-1.7190,0.9469,-1.0014,3.6552
-5.0254,3.4548,3.9863,0.0103,0.4791,-0.0473,-8.1235,1.0151,-3.8403,-0.0659,-0.1198,3.6877
-6.1004,3.4069,3.7637,-0.5392,0.5953,0.1887,-9.4499,0.6871,-1.5275,-1.6318,-1.5913,3.5847
-6.3375,3.2777,4.9847,-0.7409,0.7647,0.3559,-5.2098,2.4924,-0.2514,-1.4414,-1.3153,3.2298
-5.9520,3.1747,4.3527,-0.8860,0.8384,0.4818,-5.6671,2.9281,2.5618,-1.0122,0.3677,1.3295
-5.1715,3.4333,5.0996,-1.0317,0.3770,0.4628,-8.0613,3.0981,-0.0431,-1.2913,0.5544,0.7646
-5.7054,3.6224,3.9121,-0.9518,0.5057,0.7163,-5.7988,3.4836,0.3280,-1.3225,-0.6229,-0.2329
-5.3893,3.2250,3.8379,-1.4899,0.7677,0.7184,-6.6655,1.8771,0.8045,-3.0964,1.4669,-3.1501
-4.0606,2.7533,4.3479,-1.8466,0.4121,0.7484,-0.9385,1.3671,0.0814,-2.7833,0.7316,-4.3657
-3.5051,2.4804,7.5010,-1.7162,1.0934,0.5016,-7.0605,-4.7070,6.4979,-2.0823,2.0821,-4.3657
-4.1037,2.2505,8.8609,-0.6311,0.5220,-0.2673,-9.4786,-8.5952,5.6192,-0.9974,4.3656,-4.3657
-4.2473,2.4804,8.9423,0.2072,-1.1824,-0.5914,-13.9845,-10.3501,-0.5578,0.7823,2.7879,-4.3657
-4.9967,2.8539,7.6543,1.0276,-1.1191,-0.7276,-9.5409,-8.4443,0.3208,2.2460,-0.5573,-2.1361
-5.1763,2.9688,7.0006,1.1670,-0.9698,-0.7444,-8.1259,-7.9559,0.2155,1.0215,1.9264,-0.2430
-5.5258,3.1029,6.1100,1.1631,-0.4640,-0.6945,-10.3932,-9.5744,-0.1317,1.0032,0.8374,1.5938
-5.0398,3.0598,7.2209,1.2165,-0.3103,-0.6043,-6.4021,-6.5936,-0.3208,0.9709,0.7926,2.3952
-5.7533,3.2681,6.3327,1.4631,-0.1042,-0.6953,-9.8785,-6.3087,1.6999,1.1355,1.7385,3.0698
-5.3367,3.5267,5.2409,1.3985,-0.2097,-0.7218,-7.4172,-3.3710,0.2705,1.3310,0.2931,4.3656
-5.0685,3.9911,4.8578,1.0062,-0.0043,-0.6825,-8.9902,-3.3974,-3.4740,2.0151,-1.4974,4.3656
-5.9664,3.8403,3.6152,0.8688,-0.2423,-0.6676,-10.3789,-1.6424,-1.8986,1.8028,-2.4661,4.0039
-5.9640,3.7517,3.5961,0.2777,-0.0156,-0.4129,-8.5473,0.5698,-3.1819,0.8693,-1.4923,3.4671
-6.1627,3.6057,3.4500,-0.0501,0.2503,-0.3190,-10.8505,0.6752,-2.5546,-0.2749,-0.2078,2.5382
-5.8107,3.3423,3.7948,-0.3728,0.2040,-0.0121,-7.9344,1.9154,-3.0718,-1.7268,-1.0110,3.3117
-5.8897,3.1675,3.6871,-0.7923,0.3150,0.0710,-4.2856,2.7988,1.0104,-1.9103,-2.1296,2.2938
-5.7054,3.1005,4.2138,-0.9765,0.1362,0.2248,-4.0917,3.1699,1.6017,-1.8703,0.1801,-0.0951
-5.0230,3.3806,5.6120,-1.0804,-0.0842,0.3099,-5.5545,3.0263,0.0479,-1.1878,1.1129,-1.9320
-4.7884,3.4189,4.8914,-0.8793,0.0212,0.2614,-5.5617,1.0032,4.6639,-2.0936,0.1407,-4.3657
-4.8961,3.4285,6.5984,-0.9659,-0.0039,0.2390,-2.8347,-0.2227,2.1500,-1.2093,0.7909,-4.3657
-4.4269,3.2058,7.0150,-0.6054,-0.1569,0.1498,-9.2153,-7.6926,2.8228,-1.0528,4.3656,-4.3657
-4.5203,2.5857,7.6495,-0.1633,-0.5793,0.6301,-12.6270,-9.3470,1.4246,-0.9261,4.3656,-4.3657
-3.6871,3.2777,8.1834,0.2094,-1.0120,0.0999,-7.7883,-6.5888,1.3001,1.7138,-1.8249,-1.7924
-3.2178,2.9521,9.1602,0.9854,-0.7389,-0.9594,-8.6550,-9.0381,2.8539,0.8731,2.6672,0.1535
-4.3311,3.2465,7.3406,1.4437,-1.0673,-1.1707,-10.8745,-8.0397,-0.3663,1.4713,2.3918,2.6907
-4.7285,3.4285,6.0358,1.3151,-0.6536,-1.1724,-7.8626,-5.6000,-1.6735,2.1036,-0.1078,4.3656
-5.2289,3.9648,4.5442,0.9337,-0.8066,-1.0152,-10.7141,-5.8179,-2.9640,1.7696,0.1876,4.3656
-5.5976,4.2114,4.5346,0.4876,-0.4327,0.0938,-10.1754,-3.3399,-2.4636,1.3011,-2.9062,4.3656
-5.1164,3.8882,3.5243,0.0969,0.1363,0.1388,-9.7468,-1.1325,-1.6999,0.1868,-3.1630,4.3656
-5.5881,3.4764,4.5179,-0.7381,1.0525,0.0301,-7.6303,0.9864,-4.7429,-0.8332,0.0506,4.3656
-7.1204,2.8132,4.5250,-1.0810,1.4438,0.1207,-6.7852,1.3719,0.3639,-2.8911,-0.8761,2.7536
-6.3638,2.5809,4.8722,-1.5040,1.1253,0.4746,-6.5912,1.9848,3.1819,-1.8588,0.6150,1.4442
-5.3941,2.4588,6.0142,-1.4975,1.2229,0.7883,-8.5042,2.1308,0.9337,-1.6266,2.0126,0.4271
-4.9440,2.5714,6.8235,-1.0087,0.6660,0.6492,-8.2217,2.1739,0.6536,-1.1378,0.5441,0.1648
-3.9552,3.1819,5.1619,-0.5664,-0.4576,0.4530,-5.8873,1.4389,2.6264,-1.3993,-0.9258,-2.7352
-3.9385,3.3686,4.8243,-0.5891,-0.2022,0.2777,-4.5274,1.7526,-1.0056,-1.1409,0.3151,-4.3657
-3.7206,2.7509,4.4724,-0.9735,-0.1680,0.1326,1.2594,-2.0087,3.5362,-1.5247,-0.9498,-4.3657
-4.5969,2.8012,6.3255,-1.2196,-0.3056,-0.2566,-13.3956,-10.5824,5.4516,-1.7018,4.3656,-4.3657
-3.5793,2.0710,8.1499,-0.5985,-0.9034,-0.3685,-11.1594,-7.9966,0.3065,0.3150,2.2933,-3.6051
-3.1675,1.7238,9.2464,-0.0181,-2.0366,-0.7871,-2.3631,-7.3430,4.9057,2.4832,-3.0441,-3.1244
-3.8666,2.3343,9.0908,0.8891,-1.6142,-1.3370,-9.0980,-11.8920,1.5155,0.9848,4.3656,-2.8666
-4.1851,2.1356,8.5138,1.4686,-0.9443,-1.3560,-7.3023,-10.6542,1.1756,1.8816,1.6742,-2.0610
-4.9488,2.3798,7.3119,1.4766,-0.9366,-1.2089,-6.7756,-9.7803,0.9266,0.9919,2.4447,1.1006
-4.5945,2.6791,7.5322,1.4659,-0.3533,-0.9106,-8.4563,-10.1658,-0.5243,0.5777,2.3663,2.8420
-4.4365,2.8683,6.5697,1.4364,-0.0357,-0.9522,-7.3119,-7.7405,-1.7526,1.2257,0.5204,4.3656
-5.7557,3.0550,5.1811,1.3382,0.2442,-0.5999,-12.3613,-8.3606,-1.6759,0.6364,1.0273,4.3656
-4.5921,3.3567,5.1308,0.5119,-0.2549,-0.2631,-5.5569,-3.0502,-4.8674,1.6655,-4.3657,4.3656
-4.9632,3.4093,4.7309,-0.0012,0.1572,0.0137,-6.9959,-1.0702,-0.2993,-0.0445,-2.9688,4.3656
-5.2409,3.2322,4.5945,-0.3597,0.8375,0.3259,-9.5050,0.2035,-1.8268,-1.2914,1.9345,3.8088
-5.2385,2.7821,4.9608,-0.9537,1.1274,0.6686,-5.6312,1.5323,-1.7909,-2.8889,-1.2031,4.3656
-5.5019,2.5043,5.3008,-1.3546,0.8934,0.8046,-5.2170,1.6783,1.5969,-3.0225,-2.0524,2.2260
-4.8100,2.5163,6.4356,-1.3419,1.0292,1.0761,-4.5729,1.8268,4.0869,-3.0461,1.1406,1.2945
-4.6591,2.6647,4.8770,-1.3993,1.0629,1.0954,-6.7564,1.5682,3.2489,-3.2005,0.2060,-1.6521
-4.7740,2.4852,5.3702,-2.0486,1.0817,1.0846,-3.6392,1.6807,3.5841,-2.3166,1.5529,-2.4706
-4.0199,2.3822,8.6335,-1.6414,0.8767,0.7100,-4.3000,-0.5267,5.1811,-1.7889,2.6413,-4.3657
-2.8635,2.6432,9.6055,-0.7221,-0.2555,0.2493,-7.9440,-3.8571,4.5633,-0.4266,2.4625,-4.3657
-3.3615,2.5498,8.4372,0.1636,-0.8976,-0.3471,-8.2768,-4.6567,3.0239,0.7901,2.4722,-4.3657
-3.6512,2.8036,7.2784,0.6828,-1.2530,-0.7881,-9.8521,-7.9775,2.3990,1.5745,2.0166,-4.3657
-3.5243,2.6552,7.6088,0.8540,-1.3868,-1.1727,-7.8913,-7.6806,2.3128,1.8122,1.5712,-3.5665
-4.7645,2.8467,6.8043,1.0849,-1.1270,-1.0375,-7.4891,-9.3541,0.8691,1.9029,1.3939,-2.2146
-4.3239,2.7605,6.6511,1.0936,-0.8459,-1.0408,-9.8043,-8.8777,0.5195,1.0284,1.5797,0.4747
-5.5952,2.8515,6.3518,1.0124,-0.5712,-0.7719,-10.6734,-10.1370,-0.8835,0.8973,1.4877,1.5076
-5.3822,2.6001,5.3989,0.9328,-0.2270,-0.3661,-9.5744,-8.8849,-0.7278,0.3388,1.2279,3.9953
-5.0709,2.6336,6.5553,0.9117,0.3810,-0.3220,-7.7524,-6.0071,-1.1349,0.5037,-0.4307,4.3656
-5.4827,3.0047,5.5737,0.6536,0.4230,0.1363,-7.0437,-3.5003,-3.8475,1.5340,-1.7589,4.3656
-5.0446,3.3567,5.5043,0.3408,-0.0377,0.2707,-8.9256,-0.7901,-2.5259,0.5966,-3.9363,4.3656
-4.8052,4.0151,4.6304,0.0774,0.5652,0.2248,-11.4467,0.1508,-1.1516,-0.7641,-0.0982,4.2794
-4.9608,4.0031,5.1667,-0.1436,0.7536,0.4029,-6.3518,2.7270,-1.3096,-2.5634,-0.3797,3.4852
-5.7509,3.9816,3.7493,-0.8475,0.3018,0.7148,-3.9863,3.2537,4.0318,-2.6200,-2.3295,2.5290
-5.0470,3.7206,4.2784,-1.3275,0.6787,0.8352,-4.8435,3.4548,3.3303,-1.5723,0.3392,1.0858
-4.7764,3.2561,4.6400,-1.6814,1.4340,0.9513,-6.6966,3.6583,-0.1700,-1.5832,2.5838,0.7115
-4.9081,2.6624,5.0278,-2.0451,0.6482,0.8619,-7.5154,1.9585,1.2139,-3.0523,-0.0149,-0.9124
-4.8459,2.3942,6.0358,-1.9971,0.5784,0.9959,-4.3000,1.4246,3.0526,-2.5659,0.4486,-2.6509
-3.6440,1.7693,7.6327,-1.8767,0.4591,0.7065,-4.0893,-0.9888,4.4772,-2.0327,2.3831,-4.3657
-3.4381,1.9441,9.1243,-1.0265,-0.1132,0.3456,-8.4803,-6.0573,4.4700,-0.6238,3.4095,-4.3657
-3.1723,2.0877,8.5760,-0.0665,-0.7473,0.0853,-10.7955,-8.2791,2.7605,0.2062,3.6070,-4.3657
-3.2202,2.4517,8.0852,0.5047,-0.7910,-0.3997,-10.6662,-8.3462,2.4301,1.1314,0.9256,-3.7032
-3.2681,2.3104,8.3941,0.7400,-0.8138,-0.6560,-8.6263,-7.9200,2.1165,1.2661,0.7975,-1.8554
-4.3934,2.5786,8.7963,1.1223,-0.8042,-0.8639,-6.8857,-7.5250,3.8427,1.4711,1.2307,-0.4692
-2.9592,2.7198,8.4491,1.4915,-1.0199,-1.1402,-8.6814,-8.3055,2.6576,1.7344,1.9345,0.6632
-3.8762,2.9521,7.0533,1.7112,-1.0960,-1.2576,-10.6303,-7.2664,1.2594,2.1248,1.7106,3.2109
-4.3120,2.8683,7.7189,1.8751,-1.2796,-1.3351,-12.1003,-8.4731,-0.4190,2.3858,0.6987,4.3656
-4.2018,2.7222,5.3989,1.8835,-1.6084,-1.3438,-7.0102,-4.2066,-3.3016,3.5252,-4.3545,4.3656
-6.5457,3.6727,3.4812,1.3103,-0.5921,-0.7989,-11.0038,-2.1572,-2.6193,1.6747,-2.0038,4.3656
-6.1052,3.9744,3.5530,0.1108,0.2631,0.0922,-5.8442,2.4876,-5.7940,-0.4798,-1.2466,4.3656
-5.9352,3.8211,2.9090,-0.8440,1.0395,0.5813,-7.7835,1.7837,0.8428,-1.9492,-1.6398,3.0325
-5.0254,3.6248,4.6591,-1.2630,1.2846,0.9296,-5.9376,2.4708,1.7190,-2.2701,1.2693,2.0755
-4.9728,3.6344,4.6663,-1.5106,1.4001,1.1369,-6.7612,2.5498,2.4277,-2.1081,0.7854,0.9177
-3.9744,3.1580,5.4492,-1.7889,1.2878,1.2473,-5.2170,3.0598,-2.2841,-2.5607,0.8194,0.3432
-4.3479,3.1220,5.9640,-1.9232,1.2756,1.0289,-5.5138,0.9433,3.0885,-2.5079,0.6356,-1.9169
-2.9042,2.7509,7.2161,-1.6626,0.6439,0.8641,-7.2401,-1.1995,6.2848,-2.1933,1.6557,-3.6199
-3.4548,2.6288,8.5138,-1.1571,0.4648,0.4831,-4.5418,-1.9944,4.2545,-1.5374,1.0512,-4.3657
-3.3232,2.6408,9.1387,-0.5657,0.0123,0.0695,-9.3565,-5.9256,4.6471,-0.4157,4.3656,-4.3657
-3.4453,2.6887,8.1523,0.2661,-0.5994,-0.2840,-8.5305,-6.0358,2.4900,0.4257,2.1525,-4.3657
-3.7110,2.6624,8.3941,0.7152,-0.7572,-0.4904,-4.8052,-6.8785,2.2314,1.6081,0.7093,-3.6849
-3.7876,3.0095,7.7644,1.0588,-0.8692,-0.8037,-10.0676,-9.7707,1.2689,0.8378,3.0923,-1.3707
-3.8666,3.2154,6.8115,1.1680,-0.7842,-0.8236,-9.1435,-8.4108,1.2186,1.5015,0.5890,0.5897
-3.8283,3.3136,6.9911,1.0448,-0.7151,-0.7348,-5.4779,-4.5442,2.4995,1.0964,1.0647,2.5703
-4.5274,3.8714,6.2345,0.9445,-0.4229,-0.7525,-12.7395,-7.7548,-1.0989,0.6003,1.5812,4.3656
-4.5945,3.8283,5.7676,0.7132,-0.2422,-0.5108,-9.0429,-4.8626,-1.6783,1.4855,-2.8268,4.3656
-4.4652,3.7350,5.1475,0.4326,0.0883,-0.2843,-8.8849,-2.3846,-0.8116,1.1106,-2.9567,4.3656
-5.1739,3.8188,5.4803,-0.0516,0.4572,-0.1082,-9.1722,-1.4820,-0.2801,-0.0149,-0.3134,4.3656
-5.7269,3.7062,5.6838,-0.0250,1.0281,0.1188,-11.1474,-0.5507,-1.6400,-1.2335,-0.0261,4.3352
-5.0206,3.1699,5.2050,-0.4378,1.0644,0.4096,-5.0877,2.2170,-0.5219,-2.1296,-1.4136,3.1890
-5.9304,3.2441,4.8052,-0.9463,0.9462,0.6145,-6.2393,2.1835,2.3343,-1.9620,0.0592,2.0571
-4.7573,2.9113,5.0206,-1.0564,0.9878,0.9040,-5.0542,2.8802,0.2849,-1.7159,0.8451,0.4081
-4.7477,3.0263,5.0159,-1.0549,1.0692,0.7822,-5.0901,2.0901,-0.4836,-1.8831,1.1285,-2.5273
-2.9257,2.8970,4.8052,-1.1686,0.2723,0.6520,-4.4532,0.2897,4.6448,-0.8267,0.8064,-4.3657
-3.2801,3.3686,6.9384,-0.6761,0.2819,0.1569,-8.1451,-3.0502,4.3981,-0.7412,3.2764,-4.3657
-3.6200,3.4764,7.3957,-0.2357,-0.4706,-0.2832,-8.3007,-4.5657,2.4636,0.1499,3.1424,-4.3657
-3.2322,3.5434,6.6535,0.1512,-1.0636,-0.4770,-10.7619,-7.1970,1.1444,0.9481,1.6040,-4.3657
-4.1707,3.3160,7.1922,0.3643,-0.9390,-0.6382,-7.3694,-6.9216,0.7374,0.6897,2.1048,-4.3657
-5.5450,3.5865,5.8012,0.4707,-1.0479,-0.7240,-9.2320,-9.0070,-1.0343,0.7870,1.1297,-2.7107
-5.1284,3.1699,6.6463,0.1809,-0.5419,-0.3909,-8.5449,-9.5672,-1.1612,0.3611,1.2108,-1.3460
-4.2018,2.8012,9.6486,0.6985,-0.4441,-0.5171,-6.8738,-9.1291,2.0566,0.5548,1.5873,0.9633
-4.0797,3.0622,7.6902,1.3976,-1.2477,-0.7533,-8.3869,-8.5066,0.6776,1.6036,1.3280,4.3239
-4.6064,3.5745,6.7636,1.6150,-0.9646,-0.9034,-8.1954,-7.7740,-1.4437,2.0614,-0.2830,4.3656
-4.9249,4.0630,4.0893,1.1615,-1.0605,-0.6480,-8.1451,-4.8339,-3.2226,2.5716,-3.6064,4.3656
-3.8499,4.0414,4.1827,0.4255,-0.6773,-0.3866,-4.6328,0.1293,-2.4780,1.5701,-4.3657,4.3656
-4.2641,4.0247,3.8618,-0.2545,0.0783,-0.1828,-10.0652,-0.6823,-0.3232,-0.4888,0.8836,2.1440
-5.2936,3.7278,4.6184,-1.1387,0.5793,0.3677,-10.6757,-0.0431,-4.8267,-2.0801,0.4486,3.6786
-5.1619,2.8946,4.3144,-1.6093,1.1445,0.7457,-7.6040,-0.5531,0.0838,-4.0601,-2.8849,3.5321
-5.3917,2.2290,5.7102,-1.9842,1.1910,1.0371,-3.6583,0.5531,4.9752,-3.5495,0.1943,1.8402
-3.8211,1.8364,7.2209,-1.9211,0.5658,1.1354,-6.0358,0.3711,1.4892,-2.7633,1.9700,-1.4178
-3.4740,2.1213,7.5681,-1.3887,0.2242,0.7785,-7.0916,-1.0846,5.8682,-2.2533,0.1749,-2.6056
-2.8826,2.2769,9.1602,-0.9722,-0.3199,0.4247,-4.3886,-1.5706,5.3774,-0.9860,-0.1573,-4.3657
-2.4397,2.1093,8.3677,-0.1965,-0.7734,-0.0381,-5.7652,-5.3630,6.4021,0.7529,2.2132,-4.3657
-1.7095,2.6504,10.7117,0.7441,-0.9329,-0.7557,-12.5887,-8.4994,5.4684,1.1145,4.3656,-4.3657
-2.6767,2.9281,7.6064,1.7051,-1.2560,-1.1205,-10.3406,-6.8402,2.5881,2.4545,0.4984,-2.6410
-3.5123,3.2513,6.8809,1.3045,-1.4385,-1.0035,-5.1978,-4.5993,1.2522,2.3176,0.2960,-2.6012
-4.0390,3.5913,6.5745,1.1787,-0.5433,-0.8210,-7.5058,-5.2457,4.6926,0.7717,3.0812,-1.0820
-4.2928,3.8092,7.1706,0.9021,-0.0237,-0.6408,-8.1690,-5.9209,3.4237,0.5252,1.1686,2.2234
-4.5849,3.7828,6.7660,0.8659,0.3596,-0.5533,-10.5489,-6.5960,-0.7350,0.4403,1.2355,4.3656
-4.7285,3.7541,4.8339,0.3976,0.2229,-0.2226,-10.9559,-5.5210,-2.4110,0.7272,-1.5773,4.3656
-4.6232,3.5865,5.2625,-0.0393,0.6394,0.1945,-5.8131,-1.0822,-1.5730,-0.0312,-4.0489,4.1039
-5.9017,3.8954,4.6376,-0.6847,1.2993,0.6743,-7.3717,0.0407,-2.4924,-1.1395,1.2409,2.9723
-5.3008,3.3208,3.9073,-1.6373,1.8783,0.8911,-8.8514,0.5866,-2.8395,-2.9635,0.4608,2.1081
-6.0908,2.9185,3.8403,-2.3675,2.1184,1.2329,-6.7540,-0.0024,0.2203,-4.1951,-0.1025,1.8000
-6.0765,1.7957,4.3646,-3.1550,2.6578,1.7361,-7.7261,-0.0168,-0.8667,-4.3588,1.1890,1.2361
-5.4540,-0.2610,4.5250,-4.0057,3.6284,2.2922,-9.0070,-2.1261,-0.0982,-4.3657,3.4324,-0.0216
-5.7054,-0.3591,11.0780,-3.5453,2.8061,1.5501,-13.0628,-4.8028,4.7357,-4.3375,4.2270,-0.1287
-5.0302,0.6776,10.9128,-1.3133,0.3332,0.8378,-12.0093,-3.6464,3.8666,-1.1702,-0.2288,0.3794
-3.8690,1.2977,8.3127,-0.2754,-0.7698,0.0997,-8.0469,-1.1923,1.9201,-0.1955,-2.2314,0.4269
-5.7604,2.3415,5.8035,0.1391,-0.4407,0.0140,-8.9854,-0.0790,0.0311,0.1443,-0.6722,1.4300
-6.2872,1.9273,2.3439,-0.8915,0.4539,0.7148,-8.6024,0.8045,-1.7813,-1.2877,-0.8800,1.1309
-6.9408,1.2546,6.7971,-1.2259,1.1615,0.7641,-9.2967,-0.6225,1.6520,-1.4971,2.1847,-0.0694
-7.3406,1.5467,3.9073,-0.9860,0.7623,0.9705,-11.4251,0.2825,-4.0510,-1.5473,0.4592,0.7801
-6.5841,0.8356,5.5617,-1.2656,1.1560,0.9324,-8.5042,0.2586,0.7087,-1.7336,-0.2514,0.6166
-7.0366,1.5897,3.7517,-1.2312,0.1828,1.0311,-9.6989,0.4693,-1.0247,-1.6558,0.7846,-0.5596
-6.8905,1.2833,5.1930,-1.5964,1.0802,1.0456,-5.4540,1.2953,-4.9823,-2.3050,-0.0345,-1.4164
-6.1986,1.1875,5.4995,-1.3259,0.7346,0.6967,-1.2115,-1.1061,1.4198,-3.1348,0.2133,-4.3657
-5.8754,1.1588,5.0685,-1.7790,-0.0624,0.6699,-12.4546,-7.1874,0.0311,-2.0583,4.3656,-4.3657
-6.3518,1.3695,7.3502,-0.9037,0.4165,0.4602,-9.9024,-6.9935,-1.6735,-1.0363,2.4893,-3.6740
-5.9855,1.0965,6.5529,-0.3790,-0.2875,0.1255,-7.1060,-5.7628,0.4118,0.3826,-1.3933,-3.3610
-5.9711,1.6712,5.6312,-0.1476,-0.5624,-0.0349,-8.7412,-7.6112,-1.8148,-0.1367,2.3542,-2.7594
-5.2601,1.7645,5.9831,-0.0617,-0.0797,-0.1359,-8.8777,-7.6878,-0.3208,-0.0887,0.6316,-0.2892
-4.9919,1.5203,8.3534,0.6408,-0.3910,-0.6282,-7.9895,-9.5672,1.6089,1.0914,1.9898,1.0529
-5.0757,1.9130,7.5729,1.9213,-1.4530,-1.4121,-11.3222,-9.5936,-0.9026,2.2271,2.2583,2.5924
-7.3071,2.3367,2.8132,1.7880,-0.9689,-1.3756,-7.0054,-5.2122,-3.8331,2.6554,-2.0262,4.3656
-7.4939,1.6065,3.9049,1.2121,-0.4405,-0.8922,-6.2728,-4.1827,-4.6974,1.9780,-0.4128,3.0609
-9.0142,1.6855,2.8635,0.4860,-0.4481,-0.6752,-12.1745,-5.2433,-6.6631,1.0023,0.5808,3.0038
-9.3254,1.1109,3.3184,-0.2862,0.9166,0.2256,-8.5210,-3.5745,-7.1539,-0.4494,-2.7516,4.3656
-8.3055,0.2466,5.0494,-0.6235,0.9483,0.3488,-9.7803,-2.8778,-2.6576,-1.3330,-0.3647,2.7163
-7.9320,0.6033,5.8490,-0.5578,0.3561,0.5865,-8.8753,-1.1971,-5.6407,-1.3917,0.6889,3.5731
-8.2337,1.3048,3.9840,-0.3693,0.4902,0.6534,-8.5880,0.1365,-4.0917,-1.7403,-3.1889,3.4007
-7.5034,1.5419,2.8539,-0.6698,0.5837,0.7778,-5.9855,1.8890,-0.9912,-1.8961,-1.1286,1.9677
-6.3614,1.1420,2.4397,-1.6796,1.1291,1.2183,-6.3829,2.1787,-3.0095,-2.7223,1.0608,1.0253
-6.6415,0.9002,5.7796,-1.5592,0.8444,0.8299,-6.8211,0.9768,-0.8667,-1.9665,0.9745,-1.1596
-6.2632,1.4198,4.4628,-1.0612,0.0143,0.6250,-8.2049,0.2251,1.2306,-1.2359,0.0645,-2.4814
-5.9687,1.3240,5.5091,-1.0437,0.4199,0.5049,-4.7118,0.1173,-0.0048,-1.5206,1.1988,-4.3657
-5.5378,1.3479,5.8921,-0.7390,-0.3295,0.1957,-8.8681,-4.2784,2.5091,-0.6332,2.7298,-4.3657
-5.3247,1.8603,8.1355,0.0979,-0.4998,-0.3585,-9.3685,-6.0932,1.1253,0.4816,2.6261,-4.3657
-5.9328,2.2434,4.3934,0.7673,-1.1045,-0.4888,-6.3255,-4.4125,-0.4381,1.3380,0.0682,-4.3657
-6.0525,2.2865,5.0254,0.2122,-0.2607,-0.6696,-9.5960,-8.3725,-2.7390,0.0390,3.4360,-3.1924
-6.2249,1.5730,7.2065,0.5516,-0.2693,-0.7522,-8.6646,-9.6726,-1.5083,0.7044,1.3167,-0.9610
-6.6990,1.0319,7.2161,1.2397,-0.8368,-0.9403,-6.8163,-9.0740,-0.6009,1.8381,0.7304,0.9093
-6.6583,0.8260,6.8331,1.6261,-0.9743,-1.1934,-7.8530,-9.9479,-0.3663,1.7098,2.4355,2.1233
-7.7955,1.1875,5.5689,1.8715,-0.8106,-1.0015,-7.3981,-7.7788,-4.5586,1.7219,0.8891,4.1523
-7.1036,1.7286,2.6576,0.9366,0.0754,-0.4616,-8.6766,-5.9975,-7.2353,1.1973,-0.0771,4.3656
-7.9128,1.5203,3.8523,0.3178,0.6290,-0.3143,-8.5593,-5.5474,-4.9225,0.7206,-0.6074,4.3656
-7.6040,1.3408,4.2401,0.2209,0.0305,0.0032,-10.2328,-4.1851,-4.9752,0.3289,-1.8524,4.3656
-7.5417,1.2474,3.8930,-0.1835,0.3689,0.1250,-9.0836,-1.9585,-5.6743,-0.8099,-2.1417,3.5236
-7.2927,1.4126,3.7924,-0.4481,0.4744,0.3377,-8.4348,-1.0223,-4.0103,-1.6445,-0.5975,3.5240
-7.4675,1.2522,3.4405,-0.7642,0.4768,0.5760,-7.7476,0.0120,-1.3671,-1.8908,-1.6642,3.2019
-7.4101,1.2594,4.2162,-0.8863,0.5860,0.5753,-7.2161,0.9266,0.0742,-1.5240,-0.4776,1.8630
-6.4787,1.4078,4.0462,-1.0289,0.3587,0.7388,-7.0820,1.7119,-0.7398,-1.3013,0.6010,0.4475
-6.4165,1.5730,4.4293,-0.9617,0.2983,0.6480,-6.9695,1.5754,-2.5642,-1.3198,0.2511,-1.0549
-6.1220,1.9800,4.0510,-0.9407,-0.1081,0.4616,-5.5976,0.4381,0.6009,-1.6850,0.0187,-3.4324
-5.4133,1.7142,4.7142,-1.1903,0.0574,0.3587,-2.2697,-0.6800,2.8515,-1.7324,0.7023,-4.3657
-4.5777,1.5155,6.6032,-0.8379,-0.1204,0.0645,-9.2464,-6.8043,0.8811,-1.1099,4.3656,-4.3657
-5.5857,1.5371,7.5346,-0.1796,-0.8569,-0.2658,-10.6518,-8.1930,-0.8499,0.1046,3.5188,-4.3657
-5.2912,1.4964,8.0541,0.6077,-1.2256,-0.6977,-10.0030,-9.2560,0.1604,2.0538,-0.8251,-3.0176
-6.0118,1.9609,5.4947,1.0039,-1.0240,-0.8187,-8.1954,-8.4443,-1.8268,1.2869,1.6545,-1.3764
-6.5242,1.9417,6.0669,0.6690,-0.2641,-0.6925,-7.0461,-7.6998,-1.6688,0.6783,0.9966,-0.2060
-6.1459,1.5299,6.9504,0.8366,-0.5160,-0.5832,-11.0923,-11.7076,-2.5379,0.6189,2.1019,0.7626
-6.5481,1.3671,7.0533,1.2681,-0.2794,-0.6348,-11.4994,-9.9192,-2.2170,1.1864,0.9577,4.3656
-7.3741,0.9361,4.9967,1.3630,-0.2690,-0.6944,-12.2631,-11.1690,-3.4309,0.8982,-0.3734,4.3656
-6.9599,0.9146,5.5258,1.0834,-0.8462,-0.5039,-2.2386,-1.0534,-4.8746,2.3298,-4.3657,4.3656
-6.8187,1.8747,4.6567,0.8776,-0.6346,-0.3425,-9.3565,-1.5969,-1.8914,1.5008,-1.4743,3.1624
-7.1419,2.2984,5.3319,0.8889,0.1791,-0.1180,-10.7260,-0.4693,-2.4134,1.1964,1.9766,2.9460
-6.0310,2.1691,3.6033,0.7268,-0.0765,0.0545,-11.2120,1.0008,-6.8881,-0.6352,-2.3362,4.0905
-7.1467,2.4469,2.3487,-0.1360,0.0213,0.4343,-5.6024,2.2841,-3.4477,-2.9488,-2.8890,3.1351
-8.6048,1.9944,-0.8523,-1.5372,1.4438,0.9694,-1.3575,3.0023,3.4836,-2.8950,-0.4616,1.2726
-6.3351,1.2498,4.8578,-2.7234,2.7442,1.1651,-4.4029,3.2944,-4.9273,-2.9122,4.3656,-1.3684
-4.9464,0.5004,6.6008,-2.3974,1.2725,0.7906,-7.5872,-0.7135,2.8946,-2.2015,2.7915,-3.7557
-5.0111,1.2881,9.3422,-0.7614,-0.0707,0.2136,-6.2776,-4.4053,7.1826,-1.0431,0.6215,-4.3657
-4.2210,1.8076,8.6359,0.4125,-0.7393,-0.4193,-9.9910,-7.1611,2.3200,0.6191,4.3656,-4.3657
-5.5378,2.1261,7.3598,1.3612,-1.1170,-1.0200,-11.6646,-7.9559,0.2059,1.6804,4.3656,-4.3657
-5.9041,2.4541,6.3422,1.5399,-1.5687,-0.9948,-11.0181,-8.9711,-1.5969,2.9006,-0.0406,-2.7712
-5.5378,2.0782,5.5402,1.5431,-1.0998,-0.9117,-6.6607,-7.0892,-0.8835,1.8883,1.8227,-0.9236
-6.6248,2.1308,6.2369,1.5485,-0.8493,-1.0978,-9.6079,-9.2536,-1.6544,1.5673,2.1059,0.3545
-6.1387,1.9249,5.6288,1.4512,-1.1150,-0.8086,-8.3294,-8.5305,-0.7925,1.8481,0.8653,1.6254
-7.0246,2.5019,5.4660,1.5573,-0.1120,-0.8905,-9.5744,-8.0732,-1.8818,1.0864,1.8851,4.3656
-7.8314,2.7916,5.0901,1.3091,-0.1533,-0.7084,-11.9255,-7.3670,-4.1587,1.3708,-0.2483,4.3656
-6.2273,2.6432,4.6926,0.7474,-0.7256,-0.6435,-5.1212,-2.4181,-5.6312,1.8678,-4.3657,4.3656
-7.5393,2.9904,3.9169,0.6476,0.0234,-0.6190,-7.5824,-1.0511,-2.4684,0.8729,-3.3998,4.3656
-8.1810,2.9425,3.3303,0.2466,0.6993,-0.0787,-8.4491,0.9553,-1.6927,-0.2486,0.7157,3.6587
-6.7062,2.5666,2.8802,-0.4791,0.6146,0.0833,-7.2520,2.9951,-3.5195,-1.0553,-0.3316,2.2248
-7.3119,2.4900,2.9042,-1.0241,0.8238,0.1756,-7.6016,2.3128,0.1580,-1.7846,-0.1547,1.0417
-5.7317,1.8699,2.1548,-1.4901,0.9485,0.5689,-6.6391,2.6097,-0.9864,-1.8650,1.1361,0.3479
-5.9951,1.3838,3.0335,-1.8770,1.5271,0.4911,-6.0190,2.4181,-3.8547,-2.6308,2.3032,-2.0901
-6.3590,0.9577,5.2218,-2.2011,0.4722,0.3246,-4.1468,-1.3001,1.6424,-3.4953,2.2865,-4.3657
-4.7716,0.8954,7.4268,-1.6602,-0.4576,0.2581,-3.9002,-5.0733,3.1388,-1.0239,1.4053,-4.3657
-5.1978,1.5107,7.6830,-0.2142,-0.3284,-0.4755,-12.0428,-10.3837,1.5682,-0.2799,4.3656,-4.3657
-4.5657,1.8148,6.8235,0.3365,-1.4133,-0.4462,-9.4475,-8.7005,-1.7166,1.3450,0.7125,-4.3657
-5.2385,2.0279,5.6407,0.6672,-1.0191,-0.5673,-6.9456,-7.9128,-1.2809,1.8182,-0.4906,-2.2413
-6.0166,2.0159,5.0422,0.6267,-0.5566,-0.5915,-6.9456,-8.4827,-0.9290,0.6223,2.5487,-2.4337
-5.7940,2.0063,8.2983,0.7101,-0.9341,-0.8527,-8.0182,-10.2927,-0.7326,1.1738,0.7557,0.2419
-5.7724,1.8148,7.5226,1.3315,-0.7743,-0.9133,-9.7205,-11.3653,-1.3001,1.4866,1.8872,1.5735
-6.2417,1.7645,6.1555,1.5808,-0.7416,-0.8787,-8.8969,-10.7164,-1.5107,1.5220,2.2190,4.3656
-6.8570,2.1763,5.6288,1.3896,-0.7580,-0.9727,-9.4906,-9.0118,-3.9169,1.7296,-0.7039,4.3656
-7.5681,2.5714,4.6711,1.0593,-0.1139,-0.5950,-6.0573,-5.4731,-2.6791,1.9734,-3.8179,4.3656
-6.9049,2.0830,4.1061,0.5462,0.3953,-0.2473,-8.6383,-2.2936,-3.7469,0.5825,-2.4126,4.1304
-7.5250,2.0806,3.8068,-0.1107,0.8420,0.0092,-10.4962,-1.2043,-4.6112,-0.2966,1.6029,4.1154
-6.8738,1.8866,4.1539,-0.4666,0.7096,0.2900,-7.9320,0.2274,-4.1420,-1.8142,-1.4565,4.1207
-7.1826,1.7071,4.4053,-0.7248,0.6105,0.4611,-4.9057,1.8411,-1.8459,-1.8262,-1.9335,2.7615
-6.5290,1.7933,3.7685,-0.7601,0.5187,0.3945,-5.8299,2.1428,1.5945,-0.9719,1.0106,0.9553
-5.6599,1.6448,3.2944,-1.0152,0.3657,0.5448,-6.0813,2.6576,-0.9601,-1.2247,0.3299,-0.2856
-5.2457,1.6664,4.6543,-0.9935,0.3383,0.5300,-2.8730,1.9082,-1.8771,-1.5076,0.8608,-4.3657
-3.9337,1.7142,5.3199,-1.2668,-0.4583,0.1849,-2.2194,-1.2833,0.2514,-2.0207,1.4922,-4.3657
-4.8722,1.9225,6.4428,-0.9623,-0.5987,-0.1864,-9.4427,-9.1722,4.3335,-1.1022,4.3656,-4.3657
-5.7461,1.7262,7.2856,-0.3118,-0.7492,-0.3524,-9.3541,-9.7109,-1.2354,0.0534,3.1617,-4.3657
-4.8818,1.1660,7.5034,0.0632,-1.0666,-0.3092,-10.6183,-11.0540,0.0575,1.3283,0.0705,-4.2322
-5.3343,1.5036,8.1092,0.3752,-1.0128,-0.4687,-7.7716,-10.4627,-0.6584,0.9924,0.5698,-1.2656
-5.5498,1.5706,9.2584,0.7340,-0.7148,-0.6287,-4.4891,-8.3701,2.6360,1.1270,0.6636,0.1765
-4.9368,1.8866,9.6702,1.4150,-0.9367,-0.7898,-9.4188,-11.7340,0.6943,1.0187,2.9424,1.1317
-5.2050,1.8316,6.9647,1.8871,-0.9483,-0.8218,-10.5991,-10.3908,-1.5874,1.6920,1.6719,4.2567
-5.9664,2.4205,6.1531,1.7221,-0.5411,-1.0653,-8.5353,-8.9376,-2.4900,2.0596,0.0493,4.3656
-5.4779,2.7485,5.1523,1.6249,-0.5858,-0.8958,-5.1715,-4.3958,-2.4588,2.8110,-2.2749,4.3656
-6.2297,2.9688,4.0941,1.0276,-0.3293,-0.6419,-10.3549,-3.7709,-3.4022,1.9549,-2.1418,4.3656
-6.0214,2.7102,3.4141,0.4491,0.2212,-0.2505,-9.5912,-1.2617,-3.6105,0.1448,-0.9810,3.6537
-6.1603,2.6288,3.8666,-0.2487,0.4125,0.0533,-9.1291,-0.1245,-4.6208,-1.3300,-0.4537,4.2822
-6.6032,2.3176,3.2992,-0.8563,1.2343,0.4076,-5.2816,1.3431,-1.1971,-2.8126,-1.7261,3.5689
-6.6056,1.8100,2.9233,-1.5864,1.5821,0.7757,-4.1922,2.1189,2.0853,-2.0504,0.3457,1.7427
-5.9831,1.5802,4.5442,-1.9706,1.5888,0.9562,-6.9671,1.8196,-1.8435,-2.2536,3.1944,0.4314
-5.7557,1.2833,6.0166,-1.8648,0.9549,0.8501,-5.4109,1.1851,-2.5546,-2.9628,0.2538,-2.5880
-4.8554,1.1995,6.8139,-1.7179,-0.0001,0.5982,0.7278,0.2083,5.0374,-1.6433,-1.4198,-4.3657
-4.1228,1.3264,7.3694,-1.1611,-0.4157,-0.0069,-8.4491,-6.8761,4.4317,-1.3827,3.7259,-4.3657
-5.5138,1.6448,8.3677,-0.2321,-0.7284,-0.3184,-10.9391,-11.5520,0.5411,-0.2734,4.3656,-4.3657
-4.7381,1.4533,7.8697,0.2721,-0.9970,-0.4591,-14.9614,-11.8250,-1.5874,0.7901,0.6867,-3.6735
-5.6096,1.5874,8.0685,0.7461,-0.5897,-0.5732,-6.9647,-8.4108,-0.1604,1.6094,-0.9053,-1.3042
-5.7892,1.6089,7.1539,0.8804,-0.5564,-0.4968,-8.3366,-9.6127,-0.8811,0.5431,1.5964,0.6891
-5.5306,1.8076,8.1092,1.1245,-0.2342,-0.6319,-9.2488,-9.9790,0.7853,0.9812,1.3257,2.5006
-5.1978,2.0446,6.7612,1.5685,-0.6075,-0.7909,-11.0157,-9.7300,-0.5794,1.5262,1.4318,4.3656
-5.6910,2.4086,5.4133,1.4611,-0.2968,-0.7300,-7.3837,-6.6080,0.4956,1.9362,-0.9603,4.3656
-6.8594,3.0263,4.8339,1.2894,-0.1600,-0.5997,-12.6749,-5.6431,-4.0917,1.8570,-2.7550,4.3656
-6.8091,3.1101,2.2745,0.6872,0.2010,-0.1104,-5.7006,1.6664,-9.6989,0.1837,-4.3657,4.3656
-7.0868,2.6145,1.6520,-0.7609,1.4594,0.1896,-6.2130,1.1109,-2.1165,-2.5643,-0.2053,4.3656
-7.2137,1.7310,3.5314,-1.5227,1.4562,0.5240,-1.2522,3.4620,3.0071,-2.0920,1.8074,2.2733
-5.9855,1.3982,4.5370,-1.6653,1.0846,0.7707,-7.8889,3.1843,-1.8914,-1.8121,2.2115,0.1944
-5.8993,1.0511,4.9273,-1.5191,0.8563,0.7521,-6.5457,2.8970,-1.8531,-1.9358,0.8368,-0.7217
-5.3295,1.1325,5.0111,-1.4510,0.3567,0.6976,-3.1316,1.8962,-1.3240,-2.6012,0.9410,-3.7599
-5.0398,1.2881,6.1316,-1.4502,-0.3760,0.4273,-5.2553,-1.3455,2.7845,-1.2048,0.8188,-4.3657
-4.7262,1.4940,8.2265,-0.6576,-0.5734,-0.0923,-10.0461,-6.7804,4.1228,-0.1199,3.9875,-4.3657
-5.1499,1.5993,8.9232,0.2754,-1.0124,-0.4358,-8.1642,-5.5426,-0.9146,1.1851,2.0933,-4.3657
-5.0973,1.6448,6.7660,0.5901,-1.2676,-0.7293,-8.9998,-9.8593,2.4660,1.9845,1.2578,-4.3657
-5.5210,2.1476,8.0469,0.7398,-1.1383,-0.8375,-6.7445,-8.4228,2.0566,0.9314,2.3351,-3.7219
-5.5210,2.2146,7.0677,0.8837,-0.9878,-0.5617,-10.0772,-12.0333,-2.8371,1.2561,1.7613,-2.3186
-5.2170,1.9154,6.2369,0.8019,-0.6779,-0.4390,-6.7852,-9.8952,-1.9082,0.7951,0.8255,-0.0925
-5.6431,1.7310,7.2425,0.5765,-0.1419,-0.6085,-5.0733,-8.9447,-0.9409,0.5630,0.5785,0.5576
-5.4396,1.6544,8.0062,0.8704,-0.1992,-0.5698,-8.0349,-10.8601,-0.1508,0.3800,1.2048,2.0117
-5.3510,1.8723,7.4819,1.4182,-0.0905,-0.5287,-6.1148,-9.3948,0.6201,0.9248,0.7549,3.5570
-4.7645,1.9393,6.1866,1.5841,-0.0155,-0.6691,-7.1012,-8.0637,-1.1708,0.7506,1.2686,4.3656
-5.8682,2.7414,5.2170,1.4729,0.0184,-0.4812,-11.0708,-7.5058,-2.1715,0.7119,0.3142,4.3656
-6.3590,3.0646,4.2713,1.1281,0.2481,-0.0843,-4.5538,-2.9760,-2.9928,1.4595,-3.5422,4.3656
-6.4883,3.2106,2.9353,0.6884,0.5129,0.1331,-6.5410,-0.2801,-3.9480,0.6346,-2.8397,4.3656
-5.8562,3.2441,2.3559,-0.2825,0.2397,0.1845,-8.1882,1.2186,-4.0438,-0.8504,0.5641,3.3417
-6.5912,3.0023,2.6360,-0.8997,0.5834,0.3796,-5.4181,2.2721,-1.4988,-1.8013,-1.8507,2.6273
-5.7437,2.7725,4.0486,-1.2646,0.9084,0.7663,-5.8466,2.4995,-0.2969,-1.6541,0.0065,1.0007
-5.4253,2.5211,3.8451,-1.4603,0.4612,0.6058,-7.5848,2.1189,-0.5028,-1.9770,1.3346,0.1085
-6.2130,2.6145,4.4460,-1.7363,0.5862,0.7076,-8.7747,1.2641,-0.2825,-2.0011,-0.5260,0.1343
-4.6495,2.4852,6.2465,-1.5813,0.0813,0.6619,-4.9368,1.5993,2.7701,-2.1160,-0.4859,0.0938
-4.9871,1.7382,7.7907,-1.0877,-0.5083,0.9386,2.5402,0.9146,-0.6297,-1.3491,-3.1844,-3.7089
-1.7478,2.2913,7.1778,-1.3308,-0.7763,0.0794,-7.2568,-4.9177,6.6152,-1.5599,1.3167,-4.3657
-4.1875,2.3128,8.0206,-0.5395,-0.9669,-0.4571,-16.2471,-8.4491,7.5417,-0.1869,4.3656,-4.3657
-4.4652,2.4157,9.6606,0.2474,-1.1715,-0.5645,-7.8243,-6.7900,3.3782,1.3507,-0.3609,-4.3657
-3.5099,2.0542,7.6423,0.7613,-0.6944,-0.7569,-5.7964,-7.8554,1.9992,0.4882,2.7733,-4.3657
-5.4085,2.3439,7.6734,0.7556,-0.7981,-0.8629,-11.2982,-10.1059,-0.9816,-0.1031,4.3656,-3.5571
-4.6759,2.1548,7.4005,0.8152,-0.7276,-0.7637,-8.1834,-9.4260,-0.7973,1.7989,-0.8853,-0.6516
-4.8076,2.1452,6.9599,0.7866,-0.3846,-0.7618,-5.0877,-7.9631,-0.3472,0.7037,1.6509,0.0747
-5.1308,2.2553,6.9815,0.7606,-0.2368,-0.6014,-8.4779,-10.0676,-1.1013,0.4948,1.1487,1.5669
-5.6383,2.1069,6.9121,0.8924,0.2102,-0.4728,-8.2624,-9.5768,-0.1077,0.2545,0.8611,3.5791
-5.1092,2.2673,6.2560,0.9445,0.4615,-0.2006,-8.4156,-7.6040,-2.0710,-0.0777,1.0019,4.3656
-5.3893,2.6600,5.3654,0.4106,0.3262,-0.0616,-8.6622,-6.7493,-2.1955,0.1375,-1.7483,4.3656
-5.8562,2.6863,5.7317,0.3072,0.5829,0.2618,-6.9001,-3.0287,-3.0191,0.0994,-3.3289,4.3656
-4.5418,2.4852,5.1092,0.0177,0.3555,0.3268,-8.3103,-1.4964,-1.7693,-0.7496,-1.2255,4.0634
-6.5960,2.9521,3.6320,-0.2753,1.2281,0.3584,-7.9368,0.0192,-2.1668,-1.6546,-0.6887,3.6552
-5.9256,2.9712,3.5937,-0.9994,0.9140,0.7973,-7.4627,1.0319,-0.7590,-2.2143,-1.5160,3.1431
-5.9783,2.7438,3.4740,-1.4869,0.6042,1.0384,-5.6599,2.0087,0.9720,-2.2589,-0.6828,1.8855
-5.2146,2.5307,4.9249,-1.8286,1.0996,1.0122,-4.1683,2.1835,0.5890,-2.6662,0.5549,-0.4387
-5.6264,2.8084,6.2249,-1.4488,0.9638,0.9320,0.8092,1.8818,2.8371,-1.2203,0.3784,-3.3212
-2.8635,2.9856,6.5912,-1.3843,-0.0831,0.8426,-6.1842,-2.2673,5.0159,-1.6479,1.3816,-4.3657
-3.2872,3.0885,7.5154,-0.9563,-0.4537,0.1162,-9.8258,-5.9256,2.0351,-0.8246,3.2464,-4.3657
-3.4285,2.6336,7.5944,-0.3547,-0.8647,-0.2754,-8.5688,-8.0254,2.5283,0.0637,2.9467,-4.3657
-3.9552,2.3942,8.5186,0.1439,-0.6055,-0.5749,-7.9655,-8.5449,2.0039,0.4650,2.6136,-4.3657
-4.4293,2.1979,8.4060,0.6025,-0.9310,-0.7851,-9.2464,-10.9056,1.0175,1.1979,1.6565,-2.6275
-5.4229,2.1404,8.2337,1.1339,-1.0224,-1.0509,-6.5649,-9.6965,0.8284,1.9490,0.2915,-0.3918
-5.7365,2.5115,6.7708,1.1828,-0.7461,-0.9493,-7.5346,-9.9766,0.0000,1.1892,2.3712,0.9775
-5.2912,2.4062,6.2201,1.2231,-0.3858,-1.0400,-9.3733,-9.5864,-1.1875,0.9767,1.5003,3.6048
-6.0789,2.7270,5.1619,0.8399,-0.3950,-0.6278,-15.2008,-11.7268,-1.5945,-0.1667,0.0437,4.3656
-5.4181,2.6552,4.9081,0.2505,-0.0843,-0.3505,-6.3135,-5.4708,-6.6631,0.7192,-4.3657,4.3656
-4.9033,2.7270,5.1834,0.1720,0.3004,-0.2281,-4.3407,-0.9337,-0.5722,-0.7689,-4.3657,4.3656
-6.1507,2.5809,5.0326,-0.0967,0.9170,0.1234,-2.9688,1.6257,2.4349,-0.4834,1.6899,2.3319
-5.5809,2.6025,4.9512,-0.4759,0.9758,0.3273,-8.7221,1.6017,-0.9290,-0.5355,2.2823,0.8039
-5.2672,2.2458,4.5250,-0.5261,0.6586,0.1055,-8.2768,1.6975,-0.1532,-1.2296,-0.8039,0.8541
-5.4923,2.6719,4.2569,-0.9317,0.4714,0.3985,-7.5896,1.9178,-0.0168,-1.4392,-0.1924,0.5469
-5.0446,2.3367,4.8291,-1.0910,0.7369,0.5738,-7.3167,1.6352,0.4381,-1.9642,1.2199,-0.6892
-4.0151,1.9968,6.4189,-1.0850,-0.1166,0.5560,-4.9680,0.8667,-0.7087,-2.1857,0.3828,-3.0056
-4.8985,2.2482,6.5912,-0.7618,-0.3996,0.4787,-6.3255,-1.2234,3.7493,-1.9501,0.3012,-4.3657
-4.8890,1.8124,5.0877,-1.3358,-0.7999,0.7248,-7.8458,-3.6607,3.1364,-0.7374,0.9196,-4.3018
-4.0606,2.0686,8.1930,-1.0587,-0.8485,-0.0468,-6.7924,-5.7652,3.9720,-0.4070,1.1115,-4.3657
-3.2777,1.9728,8.6167,-0.3496,-0.6151,-0.3888,-8.5856,-7.7261,2.7390,0.1266,2.9838,-4.3657
-4.2282,1.7406,9.5409,0.2677,-0.7236,-0.7425,-8.4084,-9.2440,1.6137,0.6121,2.2039,-3.7398
-4.0725,1.6759,8.3821,0.8135,-1.0288,-0.9574,-7.6207,-9.4547,2.0039,1.7364,0.6117,-3.1407
-3.9504,1.6927,7.9200,1.1086,-0.9403,-1.0729,-8.4659,-9.9335,-0.1604,1.2505,2.1117,-0.9577
-5.0566,1.9848,7.3287,1.2156,-0.5105,-0.9447,-6.9767,-9.2320,0.5363,1.2192,0.6953,1.8923
-5.1164,2.0901,6.2225,1.1600,-0.0702,-0.6825,-8.5688,-8.5258,0.3831,0.6324,1.2075,3.7876
-5.0805,2.4828,6.4380,0.8395,0.5131,-0.3356,-10.2496,-8.2576,-1.5610,-0.0324,1.4149,4.3656
-5.3079,2.3559,5.5713,0.6169,0.7709,-0.0449,-8.3989,-5.7676,-1.9489,0.3712,-1.4001,4.3656
-5.7150,2.6480,6.1603,0.3663,0.8021,0.0229,-5.0182,-2.1165,-1.9728,0.6430,-3.0121,4.3656
-5.9376,3.0215,5.1763,0.4154,0.6949,0.2607,-9.6798,-1.7502,0.1891,0.0179,-0.7413,4.3656
-4.8554,2.6552,4.8028,0.1771,0.5041,0.4934,-5.6910,1.0822,-0.1125,-0.6290,-0.9904,3.4206
-5.3295,2.7294,3.8738,-0.2286,0.6123,0.4024,-6.2632,2.2242,-1.1875,-0.9747,-0.8182,2.3968
-5.7868,3.1891,4.1587,-0.7065,0.2435,0.4976,-6.8091,2.3080,1.7813,-1.0740,0.2617,1.1218
-4.6783,3.0454,3.6200,-0.8094,0.3669,0.6230,-5.9903,2.8180,0.7302,-1.1852,-0.0966,0.7282
-5.1044,2.7078,4.4556,-1.0154,0.6278,0.5243,-0.8811,2.7461,1.5754,-1.5627,-0.0145,-2.7274
-3.4309,2.6695,5.3079,-1.4420,-0.2310,0.4121,-5.7030,-0.0263,2.1332,-1.6084,2.3852,-4.3657
-3.1101,2.5570,6.8905,-1.2728,-0.4668,0.0584,-7.3119,-3.3686,1.2330,-1.0825,1.8511,-4.3657
-3.8427,2.1715,7.5178,-0.9407,-0.9371,-0.5043,-9.5816,-8.0565,4.5921,-0.4337,2.6911,-4.3657
-4.0103,1.7310,9.0908,-0.3661,-0.9090,-0.5144,-12.3637,-10.4387,2.0399,0.1711,2.8983,-4.3657
-4.1563,1.4126,9.3254,0.4766,-0.4128,-0.8003,-7.4939,-9.4882,1.6855,1.2520,0.2931,-2.9952
-4.8698,1.5586,9.1075,0.8584,-0.8596,-0.6984,-7.3909,-9.8186,1.2186,1.2620,1.8251,-1.9893
-4.6040,2.2458,8.0397,0.9136,-0.8673,-0.7969,-11.0660,-11.9566,-0.2442,1.0673,1.8371,0.1905
-4.7022,2.4349,7.3598,1.3868,-0.0566,-0.6368,-8.5329,-8.8969,0.1604,1.1318,0.9773,2.9969
-4.7501,2.7533,5.8323,1.1879,-0.1396,-0.5184,-10.2999,-8.0972,-0.4741,0.7261,1.1378,4.3656
-5.3319,3.3016,4.7525,0.8880,0.3094,-0.3391,-7.7572,-6.2058,-1.3719,0.8685,-2.5109,4.3656
-5.4588,3.0454,4.6687,0.4377,0.3725,0.0815,-4.7190,-1.4844,-3.9696,0.8697,-4.3657,4.3656
-5.6934,3.0478,3.7134,-0.0942,0.9815,0.2449,-10.3238,-0.8045,-1.7526,-0.7710,1.1298,4.3656
-5.8251,2.8347,4.3191,-0.5051,1.1141,0.7063,-7.1419,1.3791,-3.4285,-2.5774,0.0761,4.0462
-5.8131,2.2697,3.5578,-1.1517,0.8323,0.9105,-3.1723,2.0470,3.0789,-2.2862,-2.2284,1.9794
-4.2138,2.0925,5.0757,-1.3861,0.8704,0.8816,-4.8530,1.9920,0.6464,-1.7604,1.9492,-0.0422
-5.1834,2.1165,4.8961,-1.3757,0.7176,0.8320,-3.3088,0.5004,2.6384,-2.5802,1.2700,-4.3657
-3.7373,1.8316,6.7469,-1.7440,-0.0228,0.6214,-2.5163,-1.3527,3.1747,-1.5224,0.4134,-4.3657
-3.5674,1.9656,7.7357,-1.2865,0.1107,0.1727,-10.8529,-6.8905,3.4141,-1.2974,3.2931,-4.3657
-4.6711,1.8890,8.5186,-0.3091,-0.4010,0.1640,-11.9638,-7.8338,1.7406,-0.2793,2.6773,-4.1864
-5.1164,2.0039,6.9025,-0.1271,-0.8235,0.3904,-9.4499,-7.1108,-0.0144,0.5079,-1.6358,-1.7233
-4.7166,1.9345,6.5194,-0.2495,0.3006,0.5335,-8.4707,-7.6686,0.1700,-0.6993,0.4435,-1.1604
-5.2098,2.0614,7.2305,-0.1761,0.4357,0.8468,-6.8259,-7.0653,-0.1053,-1.0872,1.0956,-1.5536
-4.3479,1.6328,6.6679,-0.2447,0.4076,0.9144,-8.3893,-7.3215,0.1532,-0.8083,-0.6793,0.3206
-4.6424,1.7885,7.5465,0.0217,0.3663,0.9142,-7.7237,-7.8626,0.3017,-0.5613,0.0847,1.0186
-4.6639,2.8706,6.4643,0.3833,0.0187,0.8876,-10.5824,-6.6870,0.8092,-0.4415,-0.0823,3.7787
-5.0039,3.8523,5.9017,0.3722,0.4840,0.9325,-8.8322,-4.7740,-0.3759,-0.0644,-1.4225,4.3656
-4.4604,4.0893,5.5138,0.2390,0.2125,0.8438,-8.0230,-2.3894,0.5052,0.0321,-2.5570,4.3656
-5.1284,4.1252,6.6822,0.1962,0.3684,0.7458,-9.4092,-1.7142,0.9266,-0.1737,-1.2893,4.0240
-5.4971,4.1683,5.6240,0.4209,0.7133,0.8064,-8.5305,0.1820,0.5866,-0.2647,-0.5336,2.9007
-5.2122,4.1994,6.1196,0.1090,0.6201,0.7424,-9.0214,0.6201,0.8547,-0.5356,-0.3671,2.1108
-5.4348,4.2928,6.7445,0.3042,0.3832,0.8715,-8.4156,0.7733,0.3352,-0.4655,-0.1050,1.3343
-4.6663,3.9504,4.7788,0.5203,0.1073,0.7691,-8.9328,0.5195,3.5291,-0.3667,-0.8106,0.6670
-4.4915,4.3431,5.3678,0.5935,0.1231,0.5401,-7.5202,1.3743,2.2673,0.0935,0.1118,0.2141
-4.6040,4.7309,3.6416,0.4778,0.1346,0.3850,-8.0900,2.0877,1.4533,0.2647,-0.1398,0.5512
-4.9392,5.2672,4.6567,0.2421,0.3805,0.3256,-8.6215,2.0327,1.4653,-0.0294,0.3453,0.5217
-5.1427,5.4755,4.5466,0.1777,0.3609,0.3214,-9.1219,2.1284,1.1013,0.0129,0.0654,1.2953
-4.9967,5.2744,4.5705,0.0862,0.4646,0.3375,-9.5385,2.4325,1.2929,-0.0773,0.0268,1.3067
-5.1834,5.3774,4.2641,0.0393,0.1641,0.2880,-8.5521,2.9425,1.8938,-0.2157,-0.1893,0.8387
-4.4796,5.7030,3.8379,-0.0462,0.0484,0.2975,-7.9918,3.7709,1.2019,-0.0396,-0.3096,1.4755
-4.3359,5.7868,4.1515,0.0143,0.0787,0.0887,-6.8354,4.3670,0.3759,-0.0337,-0.4513,0.9210
-5.2505,5.8466,4.4412,-0.0087,-0.1724,0.0418,-2.6791,5.3367,2.6887,-0.1330,-0.9348,-0.6840
-4.8698,6.6631,4.2282,-0.2422,0.0144,-0.2220,-8.9663,4.6783,1.1061,-0.0284,0.9595,-1.0776
-4.8914,6.2153,4.2377,-0.1608,-0.3584,0.0446,-7.2903,3.0526,3.4716,-0.5532,0.1140,-3.1457
-3.9145,5.5330,4.9752,-0.0514,0.0953,-0.1324,-7.9320,1.4437,0.6201,-0.0899,1.5203,-4.1306
-4.2545,5.5833,3.7565,0.0950,0.0450,-0.2185,-8.0756,0.1844,-0.1006,-0.5525,3.0108,-4.3657
-4.6208,5.3439,4.8100,-0.2574,-0.2842,-0.2535,-12.7228,-3.3375,0.0934,-0.5053,1.6136,-3.7507
-5.4971,5.3319,5.6743,-0.0438,-0.1260,-0.1628,-10.4531,-2.9377,1.6161,0.0778,-0.1525,-1.8036
-4.6064,5.0087,5.1858,0.0117,-0.1134,-0.1494,-9.3111,-2.8994,1.1468,0.0767,0.7029,-0.9381
-4.4460,4.9967,5.5761,0.1996,-0.0266,-0.2381,-9.6103,-3.2441,0.7159,0.1186,0.7655,-0.8143
-4.8770,5.3415,5.0566,0.3796,-0.1563,-0.2288,-11.5257,-4.2401,0.1963,0.4846,0.8635,0.1290
-4.7190,5.1954,5.2744,0.5053,-0.2058,-0.4053,-9.6271,-2.1787,1.0511,0.9743,0.4871,2.1253
-4.9344,5.4420,4.2186,0.5785,-0.4911,-0.5521,-11.7340,-2.7940,-1.0247,1.1835,-0.6499,4.3656
-4.8028,5.2361,3.8068,0.3866,-0.7318,-0.4399,-10.3860,-0.8475,-1.8531,1.2433,-3.6002,4.3656
-5.4851,5.2026,4.4101,0.3475,-0.5091,-0.3455,-9.5672,1.1564,-1.8387,0.2946,-2.6597,4.3656
-6.7349,5.5545,3.3447,0.2517,-0.1867,-0.0452,-6.4117,3.5386,-1.1899,-0.1494,-1.6293,3.4997
-5.0182,5.3870,2.7916,-0.2675,0.2515,0.2153,-4.2497,4.8100,1.8651,-0.7040,-1.2838,1.2942
-5.0111,5.5378,3.3615,-0.3852,0.2109,0.2931,-2.3200,5.3079,0.2586,-0.2627,0.9300,-1.6181
-3.8930,5.9855,3.1149,-0.6402,-0.2962,0.0406,-9.3015,2.5402,1.1564,-0.4535,1.6900,-3.7835
-3.9816,6.0956,4.7262,-0.4795,-0.2329,-0.0945,-5.5976,1.5107,1.2306,-0.8847,0.5801,-4.3657
-3.8116,5.8586,4.9177,-0.4676,-0.1744,-0.2797,-11.5065,-3.5817,4.7357,-1.0140,3.7740,-4.3657
-4.5155,5.2960,5.6743,-0.2907,-0.1533,-0.2859,-11.3653,-4.6160,0.5938,-0.5113,3.1159,-4.0991
-4.8602,4.7669,5.8251,-0.2574,-0.4822,-0.1808,-11.1737,-5.8538,0.1389,0.5388,-0.9747,-2.0536
-4.6998,4.7094,5.6647,-0.0121,-0.1780,-0.1771,-11.5592,-6.7660,1.1325,0.0348,0.9955,-0.3529
-4.3527,5.0805,5.9209,0.1500,0.0240,-0.1190,-12.7108,-6.1124,0.7829,-0.0803,0.5211,2.1168
-3.9049,4.9943,5.1092,0.2284,-0.0652,-0.0314,-7.5010,-2.9209,-0.2107,0.2205,-0.7037,3.8949
-4.8746,5.3510,5.1858,0.2141,0.0177,-0.2090,-10.2687,-2.4828,0.6536,0.4562,-0.6387,3.2795
-5.0446,5.5809,4.4245,0.2503,-0.1282,-0.1940,-7.8051,-0.1748,-0.9577,0.4129,-0.7035,2.5961
-4.0941,5.3558,3.5721,0.1735,-0.1135,-0.1414,-8.8083,0.5243,-0.0646,0.0929,-0.8942,1.3570
-4.8147,5.4660,4.3407,-0.0813,-0.1563,-0.0886,-7.7835,1.2210,-0.2753,0.1656,0.1864,1.0220
-5.1882,5.6958,4.1611,-0.2025,-0.1856,-0.1615,-9.3541,1.1301,0.8452,0.2066,-0.6536,1.1658
-4.5753,5.5498,4.0366,-0.1589,-0.1803,-0.3151,-8.8322,1.5586,0.8906,0.1227,-0.6763,0.4891
-4.1731,5.8059,4.1061,-0.2511,-0.4118,-0.2384,-8.3582,2.2529,0.6081,-0.0362,-0.2248,0.0406
-3.2274,6.0406,4.0510,-0.0874,-0.3692,-0.3667,-9.4619,2.0159,2.3631,-0.0697,-0.1895,0.3936
-3.1292,5.4277,4.4197,-0.0304,-0.2413,-0.8442,-7.1347,1.7957,3.2585,0.4279,-0.4838,0.0425
-3.4022,5.0877,6.7780,0.1760,-0.9781,-1.0055,-7.8243,0.8212,3.7757,1.0135,-0.1272,-1.0163
-4.6878,4.8842,5.7413,0.6724,-0.9286,-1.1688,-10.0485,0.0072,2.2769,1.5043,-0.3190,-0.7152
-5.3247,4.8315,4.5442,0.2126,-0.2778,-0.8691,-9.2560,0.3639,0.8236,0.6396,0.0538,-0.5653
-5.1954,3.6679,5.7820,-0.2565,0.0156,-0.6299,-9.0644,-0.4884,0.2418,0.2563,0.8095,-0.6527
-5.5162,3.3232,6.2273,-0.0986,-0.3124,-0.4009,-10.7045,-1.3599,0.5411,0.2478,0.0621,-0.4930
-5.6216,3.4764,5.6934,0.0758,-0.3071,-0.2851,-9.4260,-0.7733,0.5028,0.3154,-0.3026,-0.2118
-5.6024,3.6224,5.4157,-0.0254,-0.0473,-0.1877,-9.3111,-0.4884,0.0575,0.1467,0.1500,-0.2150
-5.6934,3.7996,5.2098,-0.2617,0.0855,-0.0265,-9.6798,-0.4860,0.6991,-0.1697,-0.0268,-0.1148
-4.3479,3.8092,5.5234,-0.3423,-0.0653,0.1363,-9.4044,-0.5459,1.6113,-0.3898,0.0362,-0.1312
-4.7956,3.8858,6.3566,-0.1687,0.0833,0.0809,-9.4260,-0.4501,1.2546,-0.2894,0.1981,-0.1142
-4.7453,4.1252,6.1555,-0.1062,-0.1549,0.1035,-9.3302,-0.2418,1.5012,-0.0493,-0.2916,0.0308
-4.9201,4.4796,5.3510,-0.0496,-0.0261,-0.0087,-9.0716,0.1077,1.9345,0.0432,-0.1587,-0.0031
-4.3958,4.4628,5.0159,-0.1218,-0.0746,0.0159,-8.8897,0.2993,1.7358,-0.1039,-0.0814,-0.1162
-4.4843,4.5490,5.5569,-0.1046,-0.0533,0.0723,-9.2488,0.2897,1.3910,-0.1224,0.1210,-0.1128
